Extensions: writing cache failed ([Errno 30] Read-only file system: '/home/agent/.config/blender').
16:08:35 | INFO: Data are loaded, start creating Blender stuff
16:08:35 | INFO: Blender create Mesh node body-shell-editable-mesh
16:08:35 | INFO: Blender create Mesh node glass-right-rear-editable-mesh
16:08:35 | INFO: Blender create Mesh node wheel-front-right-editable-mesh
16:08:35 | INFO: Blender create Mesh node wheel-rear-right-editable-mesh
16:08:35 | INFO: Blender create Mesh node wheel-front-left-editable-mesh
16:08:35 | INFO: Blender create Mesh node wheel-rear-left-editable-mesh
16:08:35 | INFO: Blender create Mesh node door-handle-right-0.65-editable-mesh
16:08:35 | INFO: glTF import finished in 0.01s
Blender 4.3.2
Fra:1 Mem:13.39M (Peak 13.40M) | Time:00:00.00 | Mem:0.00M, Peak:0.00M | Scene, ViewLayer | Synchronizing object | body-shell
Fra:1 Mem:15.40M (Peak 15.40M) | Time:00:00.00 | Mem:0.00M, Peak:0.00M | Scene, ViewLayer | Synchronizing object | QA-ruler-tick.010
Fra:1 Mem:15.40M (Peak 15.40M) | Time:00:00.00 | Mem:0.00M, Peak:0.00M | Scene, ViewLayer | Synchronizing object | QA-ruler-tick.009
Fra:1 Mem:15.41M (Peak 15.41M) | Time:00:00.00 | Mem:0.00M, Peak:0.00M | Scene, ViewLayer | Synchronizing object | QA-ruler-tick.008
Fra:1 Mem:15.41M (Peak 15.41M) | Time:00:00.00 | Mem:0.00M, Peak:0.00M | Scene, ViewLayer | Synchronizing object | QA-ruler-tick.007
Fra:1 Mem:15.41M (Peak 15.41M) | Time:00:00.00 | Mem:0.00M, Peak:0.00M | Scene, ViewLayer | Synchronizing object | QA-ruler-tick.006
Fra:1 Mem:15.41M (Peak 15.41M) | Time:00:00.00 | Mem:0.00M, Peak:0.00M | Scene, ViewLayer | Synchronizing object | QA-ruler-tick.005
Fra:1 Mem:15.41M (Peak 15.41M) | Time:00:00.00 | Mem:0.00M, Peak:0.00M | Scene, ViewLayer | Synchronizing object | QA-ruler-tick.004
Fra:1 Mem:15.41M (Peak 15.41M) | Time:00:00.00 | Mem:0.00M, Peak:0.00M | Scene, ViewLayer | Synchronizing object | QA-ruler-tick.003
Fra:1 Mem:15.41M (Peak 15.41M) | Time:00:00.00 | Mem:0.00M, Peak:0.00M | Scene, ViewLayer | Synchronizing object | QA-ruler-tick.002
Fra:1 Mem:15.41M (Peak 15.41M) | Time:00:00.00 | Mem:0.00M, Peak:0.00M | Scene, ViewLayer | Synchronizing object | QA-ruler-tick.001
Fra:1 Mem:15.41M (Peak 15.41M) | Time:00:00.00 | Mem:0.00M, Peak:0.00M | Scene, ViewLayer | Synchronizing object | QA-ruler-tick
Fra:1 Mem:15.42M (Peak 15.42M) | Time:00:00.00 | Mem:0.00M, Peak:0.00M | Scene, ViewLayer | Synchronizing object | QA-one-metre-ruler
Fra:1 Mem:15.42M (Peak 15.42M) | Time:00:00.00 | Mem:0.00M, Peak:0.00M | Scene, ViewLayer | Synchronizing object | QA-human-head.001
Fra:1 Mem:15.43M (Peak 15.43M) | Time:00:00.00 | Mem:0.00M, Peak:0.00M | Scene, ViewLayer | Synchronizing object | QA-human-arm.003
Fra:1 Mem:15.43M (Peak 15.43M) | Time:00:00.00 | Mem:0.00M, Peak:0.00M | Scene, ViewLayer | Synchronizing object | QA-human-arm.002
Fra:1 Mem:15.43M (Peak 15.43M) | Time:00:00.00 | Mem:0.00M, Peak:0.00M | Scene, ViewLayer | Synchronizing object | QA-human-torso.001
Fra:1 Mem:15.43M (Peak 15.43M) | Time:00:00.00 | Mem:0.00M, Peak:0.00M | Scene, ViewLayer | Synchronizing object | QA-human-leg.003
Fra:1 Mem:15.43M (Peak 15.43M) | Time:00:00.00 | Mem:0.00M, Peak:0.00M | Scene, ViewLayer | Synchronizing object | QA-human-leg.002
Fra:1 Mem:15.43M (Peak 15.43M) | Time:00:00.00 | Mem:0.00M, Peak:0.00M | Scene, ViewLayer | Synchronizing object | QA-human-head
Fra:1 Mem:15.44M (Peak 15.44M) | Time:00:00.00 | Mem:0.00M, Peak:0.00M | Scene, ViewLayer | Synchronizing object | QA-human-arm.001
Fra:1 Mem:15.44M (Peak 15.44M) | Time:00:00.00 | Mem:0.00M, Peak:0.00M | Scene, ViewLayer | Synchronizing object | QA-human-arm
Fra:1 Mem:15.44M (Peak 15.44M) | Time:00:00.00 | Mem:0.00M, Peak:0.00M | Scene, ViewLayer | Synchronizing object | QA-human-torso
Fra:1 Mem:15.44M (Peak 15.44M) | Time:00:00.00 | Mem:0.00M, Peak:0.00M | Scene, ViewLayer | Synchronizing object | QA-human-leg.001
Fra:1 Mem:15.44M (Peak 15.44M) | Time:00:00.00 | Mem:0.00M, Peak:0.00M | Scene, ViewLayer | Synchronizing object | QA-human-leg
Fra:1 Mem:15.45M (Peak 15.45M) | Time:00:00.00 | Mem:0.00M, Peak:0.00M | Scene, ViewLayer | Synchronizing object | QA-ground
Fra:1 Mem:15.45M (Peak 15.45M) | Time:00:00.00 | Mem:0.00M, Peak:0.00M | Scene, ViewLayer | Synchronizing object | trim
Fra:1 Mem:15.69M (Peak 15.69M) | Time:00:00.00 | Mem:0.00M, Peak:0.00M | Scene, ViewLayer | Synchronizing object | wheel-rear-left
Fra:1 Mem:15.55M (Peak 15.69M) | Time:00:00.00 | Mem:0.00M, Peak:0.00M | Scene, ViewLayer | Synchronizing object | wheel-front-left
Fra:1 Mem:15.72M (Peak 15.72M) | Time:00:00.00 | Mem:0.00M, Peak:0.00M | Scene, ViewLayer | Synchronizing object | wheel-rear-right
Fra:1 Mem:15.66M (Peak 15.72M) | Time:00:00.00 | Mem:0.00M, Peak:0.00M | Scene, ViewLayer | Synchronizing object | wheel-front-right
Fra:1 Mem:15.69M (Peak 15.72M) | Time:00:00.00 | Mem:0.00M, Peak:0.00M | Scene, ViewLayer | Synchronizing object | glass
Fra:1 Mem:15.67M (Peak 15.72M) | Time:00:00.00 | Mem:0.00M, Peak:0.00M | Scene, ViewLayer | Initializing
Fra:1 Mem:14.21M (Peak 15.72M) | Time:00:00.00 | Mem:0.00M, Peak:0.00M | Scene, ViewLayer | Waiting for render to start
Fra:1 Mem:14.22M (Peak 15.72M) | Time:00:00.00 | Mem:0.00M, Peak:0.00M | Scene, ViewLayer | Loading render kernels (may take a few minutes the first time)
Fra:1 Mem:14.22M (Peak 15.72M) | Time:00:00.00 | Mem:0.00M, Peak:0.00M | Scene, ViewLayer | Updating Scene
Fra:1 Mem:14.22M (Peak 15.72M) | Time:00:00.00 | Mem:0.00M, Peak:0.00M | Scene, ViewLayer | Updating Shaders
Fra:1 Mem:14.30M (Peak 15.72M) | Time:00:00.00 | Mem:0.01M, Peak:0.01M | Scene, ViewLayer | Updating Procedurals
Fra:1 Mem:14.30M (Peak 15.72M) | Time:00:00.00 | Mem:0.01M, Peak:0.01M | Scene, ViewLayer | Updating Background
Fra:1 Mem:14.30M (Peak 15.72M) | Time:00:00.00 | Mem:0.01M, Peak:0.01M | Scene, ViewLayer | Updating Camera
Fra:1 Mem:14.30M (Peak 15.72M) | Time:00:00.00 | Mem:0.01M, Peak:0.01M | Scene, ViewLayer | Updating Meshes Flags
Fra:1 Mem:14.30M (Peak 15.72M) | Time:00:00.00 | Mem:0.01M, Peak:0.01M | Scene, ViewLayer | Updating Objects
Fra:1 Mem:14.30M (Peak 15.72M) | Time:00:00.00 | Mem:0.01M, Peak:0.01M | Scene, ViewLayer | Updating Objects | Copying Transformations to device
Fra:1 Mem:14.31M (Peak 15.72M) | Time:00:00.00 | Mem:0.01M, Peak:0.01M | Scene, ViewLayer | Updating Objects | Applying Static Transformations
Fra:1 Mem:14.31M (Peak 15.72M) | Time:00:00.00 | Mem:0.01M, Peak:0.01M | Scene, ViewLayer | Updating Particle Systems
Fra:1 Mem:14.31M (Peak 15.72M) | Time:00:00.00 | Mem:0.01M, Peak:0.01M | Scene, ViewLayer | Updating Particle Systems | Copying Particles to device
Fra:1 Mem:14.31M (Peak 15.72M) | Time:00:00.00 | Mem:0.01M, Peak:0.01M | Scene, ViewLayer | Updating Meshes
Fra:1 Mem:14.34M (Peak 15.72M) | Time:00:00.00 | Mem:0.01M, Peak:0.01M | Scene, ViewLayer | Updating Mesh | Computing attributes
Fra:1 Mem:14.39M (Peak 15.72M) | Time:00:00.00 | Mem:0.02M, Peak:0.02M | Scene, ViewLayer | Updating Mesh | Copying Attributes to device
Fra:1 Mem:14.39M (Peak 15.72M) | Time:00:00.00 | Mem:0.06M, Peak:0.06M | Scene, ViewLayer | Updating Scene BVH | Building
Fra:1 Mem:14.39M (Peak 15.72M) | Time:00:00.00 | Mem:0.06M, Peak:0.06M | Scene, ViewLayer | Updating Scene BVH | Building BVH
Fra:1 Mem:14.39M (Peak 15.72M) | Time:00:00.00 | Mem:0.12M, Peak:0.12M | Scene, ViewLayer | Updating Scene BVH | Building BVH 0%
Fra:1 Mem:14.39M (Peak 15.72M) | Time:00:00.00 | Mem:0.19M, Peak:0.24M | Scene, ViewLayer | Updating Scene BVH | Copying BVH to device
Fra:1 Mem:14.39M (Peak 15.72M) | Time:00:00.00 | Mem:0.19M, Peak:0.24M | Scene, ViewLayer | Updating Mesh | Computing normals
Fra:1 Mem:14.54M (Peak 15.72M) | Time:00:00.00 | Mem:0.19M, Peak:0.24M | Scene, ViewLayer | Updating Mesh | Copying Mesh to device
Fra:1 Mem:14.54M (Peak 15.72M) | Time:00:00.00 | Mem:0.34M, Peak:0.34M | Scene, ViewLayer | Updating Objects Flags
Fra:1 Mem:14.54M (Peak 15.72M) | Time:00:00.00 | Mem:0.34M, Peak:0.34M | Scene, ViewLayer | Updating Primitive Offsets
Fra:1 Mem:14.54M (Peak 15.72M) | Time:00:00.00 | Mem:0.34M, Peak:0.34M | Scene, ViewLayer | Updating Images
Fra:1 Mem:14.54M (Peak 15.72M) | Time:00:00.00 | Mem:0.34M, Peak:0.34M | Scene, ViewLayer | Updating Camera Volume
Fra:1 Mem:14.54M (Peak 15.72M) | Time:00:00.00 | Mem:0.34M, Peak:0.34M | Scene, ViewLayer | Updating Lookup Tables
Fra:1 Mem:14.54M (Peak 15.72M) | Time:00:00.00 | Mem:0.42M, Peak:0.42M | Scene, ViewLayer | Updating Lights
Fra:1 Mem:14.55M (Peak 15.72M) | Time:00:00.00 | Mem:0.42M, Peak:0.42M | Scene, ViewLayer | Updating Lights | Computing tree
Fra:1 Mem:14.55M (Peak 15.72M) | Time:00:00.00 | Mem:0.43M, Peak:0.43M | Scene, ViewLayer | Updating Integrator
Fra:1 Mem:14.55M (Peak 15.72M) | Time:00:00.00 | Mem:0.43M, Peak:0.43M | Scene, ViewLayer | Updating Film
Fra:1 Mem:14.55M (Peak 15.72M) | Time:00:00.00 | Mem:0.34M, Peak:0.43M | Scene, ViewLayer | Updating Lookup Tables
Fra:1 Mem:14.55M (Peak 15.72M) | Time:00:00.00 | Mem:0.43M, Peak:0.43M | Scene, ViewLayer | Updating Baking
Fra:1 Mem:14.55M (Peak 15.72M) | Time:00:00.00 | Mem:0.43M, Peak:0.43M | Scene, ViewLayer | Updating Device | Writing constant memory
Fra:1 Mem:14.55M (Peak 15.72M) | Time:00:00.00 | Mem:0.43M, Peak:0.43M | Scene, ViewLayer | Sample 0/24
Fra:1 Mem:23.79M (Peak 23.79M) | Time:00:00.24 | Remaining:00:05.44 | Mem:9.66M, Peak:9.66M | Scene, ViewLayer | Sample 1/24
Fra:1 Mem:27.89M (Peak 36.09M) | Time:00:04.89 | Mem:9.66M, Peak:9.66M | Scene, ViewLayer | Sample 24/24
Fra:1 Mem:27.89M (Peak 36.09M) | Time:00:04.89 | Mem:9.66M, Peak:9.66M | Scene, ViewLayer | Finished
Saved: '/workspace/scratch/7c20b5ba4165/atlas-backlog-oct3/tools/assets/traffic-car-templates/qa/previews/traffic-sedan-front.png'
Time: 00:05.04 (Saving: 00:00.14)

Extensions: writing cache failed ([Errno 30] Read-only file system: '/home/agent/.config/blender').
16:08:40 | INFO: Data are loaded, start creating Blender stuff
16:08:40 | INFO: Blender create Mesh node body-shell-editable-mesh
16:08:40 | INFO: Blender create Mesh node glass-right-rear-editable-mesh
16:08:40 | INFO: Blender create Mesh node wheel-front-right-editable-mesh
16:08:40 | INFO: Blender create Mesh node wheel-rear-right-editable-mesh
16:08:40 | INFO: Blender create Mesh node wheel-front-left-editable-mesh
16:08:40 | INFO: Blender create Mesh node wheel-rear-left-editable-mesh
16:08:40 | INFO: Blender create Mesh node door-handle-right-0.65-editable-mesh
16:08:40 | INFO: glTF import finished in 0.01s
Fra:1 Mem:15.39M (Peak 15.39M) | Time:00:00.00 | Mem:0.00M, Peak:0.00M | Scene, ViewLayer | Synchronizing object | body-shell
Fra:1 Mem:15.67M (Peak 15.67M) | Time:00:00.00 | Mem:0.00M, Peak:0.00M | Scene, ViewLayer | Synchronizing object | QA-ruler-tick.010
Fra:1 Mem:15.48M (Peak 15.67M) | Time:00:00.00 | Mem:0.00M, Peak:0.00M | Scene, ViewLayer | Synchronizing object | QA-ruler-tick.009
Fra:1 Mem:15.50M (Peak 15.67M) | Time:00:00.00 | Mem:0.00M, Peak:0.00M | Scene, ViewLayer | Synchronizing object | QA-ruler-tick.008
Fra:1 Mem:15.51M (Peak 15.67M) | Time:00:00.00 | Mem:0.00M, Peak:0.00M | Scene, ViewLayer | Synchronizing object | QA-ruler-tick.007
Fra:1 Mem:15.51M (Peak 15.67M) | Time:00:00.00 | Mem:0.00M, Peak:0.00M | Scene, ViewLayer | Synchronizing object | QA-ruler-tick.006
Fra:1 Mem:15.52M (Peak 15.67M) | Time:00:00.00 | Mem:0.00M, Peak:0.00M | Scene, ViewLayer | Synchronizing object | QA-ruler-tick.005
Fra:1 Mem:15.52M (Peak 15.67M) | Time:00:00.00 | Mem:0.00M, Peak:0.00M | Scene, ViewLayer | Synchronizing object | QA-ruler-tick.004
Fra:1 Mem:15.53M (Peak 15.67M) | Time:00:00.00 | Mem:0.00M, Peak:0.00M | Scene, ViewLayer | Synchronizing object | QA-ruler-tick.003
Fra:1 Mem:15.53M (Peak 15.67M) | Time:00:00.00 | Mem:0.00M, Peak:0.00M | Scene, ViewLayer | Synchronizing object | QA-ruler-tick.002
Fra:1 Mem:15.53M (Peak 15.67M) | Time:00:00.00 | Mem:0.00M, Peak:0.00M | Scene, ViewLayer | Synchronizing object | QA-ruler-tick.001
Fra:1 Mem:15.54M (Peak 15.67M) | Time:00:00.00 | Mem:0.00M, Peak:0.00M | Scene, ViewLayer | Synchronizing object | QA-ruler-tick
Fra:1 Mem:15.54M (Peak 15.67M) | Time:00:00.00 | Mem:0.00M, Peak:0.00M | Scene, ViewLayer | Synchronizing object | QA-one-metre-ruler
Fra:1 Mem:15.62M (Peak 15.67M) | Time:00:00.00 | Mem:0.00M, Peak:0.00M | Scene, ViewLayer | Synchronizing object | QA-human-head.001
Fra:1 Mem:15.63M (Peak 15.67M) | Time:00:00.00 | Mem:0.00M, Peak:0.00M | Scene, ViewLayer | Synchronizing object | QA-human-arm.003
Fra:1 Mem:15.63M (Peak 15.67M) | Time:00:00.00 | Mem:0.00M, Peak:0.00M | Scene, ViewLayer | Synchronizing object | QA-human-arm.002
Fra:1 Mem:15.63M (Peak 15.67M) | Time:00:00.00 | Mem:0.00M, Peak:0.00M | Scene, ViewLayer | Synchronizing object | QA-human-torso.001
Fra:1 Mem:15.63M (Peak 15.67M) | Time:00:00.00 | Mem:0.00M, Peak:0.00M | Scene, ViewLayer | Synchronizing object | QA-human-leg.003
Fra:1 Mem:15.63M (Peak 15.67M) | Time:00:00.00 | Mem:0.00M, Peak:0.00M | Scene, ViewLayer | Synchronizing object | QA-human-leg.002
Fra:1 Mem:15.64M (Peak 15.67M) | Time:00:00.00 | Mem:0.00M, Peak:0.00M | Scene, ViewLayer | Synchronizing object | QA-human-head
Fra:1 Mem:15.61M (Peak 15.67M) | Time:00:00.00 | Mem:0.00M, Peak:0.00M | Scene, ViewLayer | Synchronizing object | QA-human-arm.001
Fra:1 Mem:15.64M (Peak 15.67M) | Time:00:00.00 | Mem:0.00M, Peak:0.00M | Scene, ViewLayer | Synchronizing object | QA-human-arm
Fra:1 Mem:15.64M (Peak 15.67M) | Time:00:00.00 | Mem:0.00M, Peak:0.00M | Scene, ViewLayer | Synchronizing object | QA-human-torso
Fra:1 Mem:15.53M (Peak 15.67M) | Time:00:00.00 | Mem:0.00M, Peak:0.00M | Scene, ViewLayer | Synchronizing object | QA-human-leg.001
Fra:1 Mem:15.56M (Peak 15.67M) | Time:00:00.00 | Mem:0.00M, Peak:0.00M | Scene, ViewLayer | Synchronizing object | QA-human-leg
Fra:1 Mem:15.53M (Peak 15.67M) | Time:00:00.00 | Mem:0.00M, Peak:0.00M | Scene, ViewLayer | Synchronizing object | QA-ground
Fra:1 Mem:15.56M (Peak 15.67M) | Time:00:00.00 | Mem:0.00M, Peak:0.00M | Scene, ViewLayer | Synchronizing object | trim
Fra:1 Mem:15.54M (Peak 15.67M) | Time:00:00.00 | Mem:0.00M, Peak:0.00M | Scene, ViewLayer | Synchronizing object | glass
Fra:1 Mem:15.56M (Peak 15.67M) | Time:00:00.00 | Mem:0.00M, Peak:0.00M | Scene, ViewLayer | Synchronizing object | wheel-front-right
Fra:1 Mem:15.61M (Peak 15.67M) | Time:00:00.00 | Mem:0.00M, Peak:0.00M | Scene, ViewLayer | Synchronizing object | wheel-rear-left
Fra:1 Mem:15.65M (Peak 15.67M) | Time:00:00.00 | Mem:0.00M, Peak:0.00M | Scene, ViewLayer | Synchronizing object | wheel-rear-right
Fra:1 Mem:15.68M (Peak 15.68M) | Time:00:00.00 | Mem:0.00M, Peak:0.00M | Scene, ViewLayer | Synchronizing object | wheel-front-left
Fra:1 Mem:15.67M (Peak 15.68M) | Time:00:00.00 | Mem:0.00M, Peak:0.00M | Scene, ViewLayer | Initializing
Fra:1 Mem:14.21M (Peak 15.68M) | Time:00:00.00 | Mem:0.00M, Peak:0.00M | Scene, ViewLayer | Waiting for render to start
Fra:1 Mem:14.22M (Peak 15.68M) | Time:00:00.00 | Mem:0.00M, Peak:0.00M | Scene, ViewLayer | Loading render kernels (may take a few minutes the first time)
Fra:1 Mem:14.22M (Peak 15.68M) | Time:00:00.00 | Mem:0.00M, Peak:0.00M | Scene, ViewLayer | Updating Scene
Fra:1 Mem:14.22M (Peak 15.68M) | Time:00:00.00 | Mem:0.00M, Peak:0.00M | Scene, ViewLayer | Updating Shaders
Fra:1 Mem:14.30M (Peak 15.68M) | Time:00:00.00 | Mem:0.01M, Peak:0.01M | Scene, ViewLayer | Updating Procedurals
Fra:1 Mem:14.30M (Peak 15.68M) | Time:00:00.00 | Mem:0.01M, Peak:0.01M | Scene, ViewLayer | Updating Background
Fra:1 Mem:14.30M (Peak 15.68M) | Time:00:00.00 | Mem:0.01M, Peak:0.01M | Scene, ViewLayer | Updating Camera
Fra:1 Mem:14.30M (Peak 15.68M) | Time:00:00.00 | Mem:0.01M, Peak:0.01M | Scene, ViewLayer | Updating Meshes Flags
Fra:1 Mem:14.30M (Peak 15.68M) | Time:00:00.00 | Mem:0.01M, Peak:0.01M | Scene, ViewLayer | Updating Objects
Fra:1 Mem:14.30M (Peak 15.68M) | Time:00:00.00 | Mem:0.01M, Peak:0.01M | Scene, ViewLayer | Updating Objects | Copying Transformations to device
Fra:1 Mem:14.31M (Peak 15.68M) | Time:00:00.00 | Mem:0.01M, Peak:0.01M | Scene, ViewLayer | Updating Objects | Applying Static Transformations
Fra:1 Mem:14.31M (Peak 15.68M) | Time:00:00.00 | Mem:0.01M, Peak:0.01M | Scene, ViewLayer | Updating Particle Systems
Fra:1 Mem:14.31M (Peak 15.68M) | Time:00:00.00 | Mem:0.01M, Peak:0.01M | Scene, ViewLayer | Updating Particle Systems | Copying Particles to device
Fra:1 Mem:14.31M (Peak 15.68M) | Time:00:00.00 | Mem:0.01M, Peak:0.01M | Scene, ViewLayer | Updating Meshes
Fra:1 Mem:14.34M (Peak 15.68M) | Time:00:00.00 | Mem:0.01M, Peak:0.01M | Scene, ViewLayer | Updating Mesh | Computing attributes
Fra:1 Mem:14.39M (Peak 15.68M) | Time:00:00.00 | Mem:0.02M, Peak:0.02M | Scene, ViewLayer | Updating Mesh | Copying Attributes to device
Fra:1 Mem:14.39M (Peak 15.68M) | Time:00:00.00 | Mem:0.06M, Peak:0.06M | Scene, ViewLayer | Updating Scene BVH | Building
Fra:1 Mem:14.39M (Peak 15.68M) | Time:00:00.00 | Mem:0.06M, Peak:0.06M | Scene, ViewLayer | Updating Scene BVH | Building BVH
Fra:1 Mem:14.39M (Peak 15.68M) | Time:00:00.00 | Mem:0.12M, Peak:0.12M | Scene, ViewLayer | Updating Scene BVH | Building BVH 0%
Fra:1 Mem:14.39M (Peak 15.68M) | Time:00:00.00 | Mem:0.19M, Peak:0.24M | Scene, ViewLayer | Updating Scene BVH | Copying BVH to device
Fra:1 Mem:14.39M (Peak 15.68M) | Time:00:00.00 | Mem:0.19M, Peak:0.24M | Scene, ViewLayer | Updating Mesh | Computing normals
Fra:1 Mem:14.54M (Peak 15.68M) | Time:00:00.00 | Mem:0.19M, Peak:0.24M | Scene, ViewLayer | Updating Mesh | Copying Mesh to device
Fra:1 Mem:14.54M (Peak 15.68M) | Time:00:00.00 | Mem:0.34M, Peak:0.34M | Scene, ViewLayer | Updating Objects Flags
Fra:1 Mem:14.54M (Peak 15.68M) | Time:00:00.00 | Mem:0.34M, Peak:0.34M | Scene, ViewLayer | Updating Primitive Offsets
Fra:1 Mem:14.55M (Peak 15.68M) | Time:00:00.00 | Mem:0.34M, Peak:0.34M | Scene, ViewLayer | Updating Images
Fra:1 Mem:14.55M (Peak 15.68M) | Time:00:00.00 | Mem:0.34M, Peak:0.34M | Scene, ViewLayer | Updating Camera Volume
Fra:1 Mem:14.55M (Peak 15.68M) | Time:00:00.00 | Mem:0.34M, Peak:0.34M | Scene, ViewLayer | Updating Lookup Tables
Fra:1 Mem:14.55M (Peak 15.68M) | Time:00:00.00 | Mem:0.42M, Peak:0.42M | Scene, ViewLayer | Updating Lights
Fra:1 Mem:14.55M (Peak 15.68M) | Time:00:00.00 | Mem:0.42M, Peak:0.42M | Scene, ViewLayer | Updating Lights | Computing tree
Fra:1 Mem:14.55M (Peak 15.68M) | Time:00:00.00 | Mem:0.43M, Peak:0.43M | Scene, ViewLayer | Updating Integrator
Fra:1 Mem:14.55M (Peak 15.68M) | Time:00:00.00 | Mem:0.43M, Peak:0.43M | Scene, ViewLayer | Updating Film
Fra:1 Mem:14.55M (Peak 15.68M) | Time:00:00.00 | Mem:0.34M, Peak:0.43M | Scene, ViewLayer | Updating Lookup Tables
Fra:1 Mem:14.55M (Peak 15.68M) | Time:00:00.00 | Mem:0.43M, Peak:0.43M | Scene, ViewLayer | Updating Baking
Fra:1 Mem:14.55M (Peak 15.68M) | Time:00:00.00 | Mem:0.43M, Peak:0.43M | Scene, ViewLayer | Updating Device | Writing constant memory
Fra:1 Mem:14.55M (Peak 15.68M) | Time:00:00.00 | Mem:0.43M, Peak:0.43M | Scene, ViewLayer | Sample 0/24
Fra:1 Mem:23.79M (Peak 23.79M) | Time:00:00.22 | Remaining:00:05.16 | Mem:9.66M, Peak:9.66M | Scene, ViewLayer | Sample 1/24
Fra:1 Mem:27.89M (Peak 36.09M) | Time:00:05.01 | Mem:9.66M, Peak:9.66M | Scene, ViewLayer | Sample 24/24
Fra:1 Mem:27.89M (Peak 36.09M) | Time:00:05.01 | Mem:9.66M, Peak:9.66M | Scene, ViewLayer | Finished
Saved: '/workspace/scratch/7c20b5ba4165/atlas-backlog-oct3/tools/assets/traffic-car-templates/qa/previews/traffic-sedan-side.png'
Time: 00:05.04 (Saving: 00:00.03)

Extensions: writing cache failed ([Errno 30] Read-only file system: '/home/agent/.config/blender').
16:08:45 | INFO: Data are loaded, start creating Blender stuff
16:08:45 | INFO: Blender create Mesh node body-shell-editable-mesh
16:08:45 | INFO: Blender create Mesh node glass-right-rear-editable-mesh
16:08:45 | INFO: Blender create Mesh node wheel-front-right-editable-mesh
16:08:45 | INFO: Blender create Mesh node wheel-rear-right-editable-mesh
16:08:45 | INFO: Blender create Mesh node wheel-front-left-editable-mesh
16:08:45 | INFO: Blender create Mesh node wheel-rear-left-editable-mesh
16:08:45 | INFO: Blender create Mesh node door-handle-right-0.65-editable-mesh
16:08:45 | INFO: glTF import finished in 0.01s
Fra:1 Mem:15.39M (Peak 15.39M) | Time:00:00.00 | Mem:0.00M, Peak:0.00M | Scene, ViewLayer | Synchronizing object | body-shell
Fra:1 Mem:15.68M (Peak 15.68M) | Time:00:00.00 | Mem:0.00M, Peak:0.00M | Scene, ViewLayer | Synchronizing object | QA-ruler-tick.010
Fra:1 Mem:15.70M (Peak 15.70M) | Time:00:00.00 | Mem:0.00M, Peak:0.00M | Scene, ViewLayer | Synchronizing object | QA-ruler-tick.009
Fra:1 Mem:15.47M (Peak 15.70M) | Time:00:00.00 | Mem:0.00M, Peak:0.00M | Scene, ViewLayer | Synchronizing object | QA-ruler-tick.008
Fra:1 Mem:15.50M (Peak 15.70M) | Time:00:00.00 | Mem:0.00M, Peak:0.00M | Scene, ViewLayer | Synchronizing object | QA-ruler-tick.007
Fra:1 Mem:15.51M (Peak 15.70M) | Time:00:00.00 | Mem:0.00M, Peak:0.00M | Scene, ViewLayer | Synchronizing object | QA-ruler-tick.006
Fra:1 Mem:15.51M (Peak 15.70M) | Time:00:00.00 | Mem:0.00M, Peak:0.00M | Scene, ViewLayer | Synchronizing object | QA-ruler-tick.005
Fra:1 Mem:15.52M (Peak 15.70M) | Time:00:00.00 | Mem:0.00M, Peak:0.00M | Scene, ViewLayer | Synchronizing object | QA-ruler-tick.004
Fra:1 Mem:15.53M (Peak 15.70M) | Time:00:00.00 | Mem:0.00M, Peak:0.00M | Scene, ViewLayer | Synchronizing object | QA-ruler-tick.003
Fra:1 Mem:15.53M (Peak 15.70M) | Time:00:00.00 | Mem:0.00M, Peak:0.00M | Scene, ViewLayer | Synchronizing object | QA-ruler-tick.002
Fra:1 Mem:15.53M (Peak 15.70M) | Time:00:00.00 | Mem:0.00M, Peak:0.00M | Scene, ViewLayer | Synchronizing object | QA-ruler-tick.001
Fra:1 Mem:15.53M (Peak 15.70M) | Time:00:00.00 | Mem:0.00M, Peak:0.00M | Scene, ViewLayer | Synchronizing object | QA-ruler-tick
Fra:1 Mem:15.54M (Peak 15.70M) | Time:00:00.00 | Mem:0.00M, Peak:0.00M | Scene, ViewLayer | Synchronizing object | QA-one-metre-ruler
Fra:1 Mem:15.55M (Peak 15.70M) | Time:00:00.00 | Mem:0.00M, Peak:0.00M | Scene, ViewLayer | Synchronizing object | QA-human-head.001
Fra:1 Mem:15.63M (Peak 15.70M) | Time:00:00.00 | Mem:0.00M, Peak:0.00M | Scene, ViewLayer | Synchronizing object | QA-human-arm.003
Fra:1 Mem:15.63M (Peak 15.70M) | Time:00:00.00 | Mem:0.00M, Peak:0.00M | Scene, ViewLayer | Synchronizing object | QA-human-arm.002
Fra:1 Mem:15.63M (Peak 15.70M) | Time:00:00.00 | Mem:0.00M, Peak:0.00M | Scene, ViewLayer | Synchronizing object | QA-human-torso.001
Fra:1 Mem:15.63M (Peak 15.70M) | Time:00:00.00 | Mem:0.00M, Peak:0.00M | Scene, ViewLayer | Synchronizing object | QA-human-leg.003
Fra:1 Mem:15.63M (Peak 15.70M) | Time:00:00.00 | Mem:0.00M, Peak:0.00M | Scene, ViewLayer | Synchronizing object | QA-human-leg.002
Fra:1 Mem:15.58M (Peak 15.70M) | Time:00:00.00 | Mem:0.00M, Peak:0.00M | Scene, ViewLayer | Synchronizing object | QA-human-head
Fra:1 Mem:15.61M (Peak 15.70M) | Time:00:00.00 | Mem:0.00M, Peak:0.00M | Scene, ViewLayer | Synchronizing object | QA-human-arm.001
Fra:1 Mem:15.64M (Peak 15.70M) | Time:00:00.00 | Mem:0.00M, Peak:0.00M | Scene, ViewLayer | Synchronizing object | QA-human-arm
Fra:1 Mem:15.64M (Peak 15.70M) | Time:00:00.00 | Mem:0.00M, Peak:0.00M | Scene, ViewLayer | Synchronizing object | QA-human-torso
Fra:1 Mem:15.64M (Peak 15.70M) | Time:00:00.00 | Mem:0.00M, Peak:0.00M | Scene, ViewLayer | Synchronizing object | QA-human-leg.001
Fra:1 Mem:15.53M (Peak 15.70M) | Time:00:00.00 | Mem:0.00M, Peak:0.00M | Scene, ViewLayer | Synchronizing object | QA-human-leg
Fra:1 Mem:15.53M (Peak 15.70M) | Time:00:00.00 | Mem:0.00M, Peak:0.00M | Scene, ViewLayer | Synchronizing object | QA-ground
Fra:1 Mem:15.53M (Peak 15.70M) | Time:00:00.00 | Mem:0.00M, Peak:0.00M | Scene, ViewLayer | Synchronizing object | trim
Fra:1 Mem:15.54M (Peak 15.70M) | Time:00:00.00 | Mem:0.00M, Peak:0.00M | Scene, ViewLayer | Synchronizing object | glass
Fra:1 Mem:15.56M (Peak 15.70M) | Time:00:00.00 | Mem:0.00M, Peak:0.00M | Scene, ViewLayer | Synchronizing object | wheel-front-right
Fra:1 Mem:15.56M (Peak 15.70M) | Time:00:00.00 | Mem:0.00M, Peak:0.00M | Scene, ViewLayer | Synchronizing object | wheel-rear-left
Fra:1 Mem:15.65M (Peak 15.70M) | Time:00:00.00 | Mem:0.00M, Peak:0.00M | Scene, ViewLayer | Synchronizing object | wheel-rear-right
Fra:1 Mem:15.67M (Peak 15.70M) | Time:00:00.00 | Mem:0.00M, Peak:0.00M | Scene, ViewLayer | Synchronizing object | wheel-front-left
Fra:1 Mem:15.67M (Peak 15.70M) | Time:00:00.00 | Mem:0.00M, Peak:0.00M | Scene, ViewLayer | Initializing
Fra:1 Mem:14.21M (Peak 15.70M) | Time:00:00.00 | Mem:0.00M, Peak:0.00M | Scene, ViewLayer | Waiting for render to start
Fra:1 Mem:14.22M (Peak 15.70M) | Time:00:00.00 | Mem:0.00M, Peak:0.00M | Scene, ViewLayer | Loading render kernels (may take a few minutes the first time)
Fra:1 Mem:14.22M (Peak 15.70M) | Time:00:00.00 | Mem:0.00M, Peak:0.00M | Scene, ViewLayer | Updating Scene
Fra:1 Mem:14.22M (Peak 15.70M) | Time:00:00.00 | Mem:0.00M, Peak:0.00M | Scene, ViewLayer | Updating Shaders
Fra:1 Mem:14.30M (Peak 15.70M) | Time:00:00.00 | Mem:0.01M, Peak:0.01M | Scene, ViewLayer | Updating Procedurals
Fra:1 Mem:14.30M (Peak 15.70M) | Time:00:00.00 | Mem:0.01M, Peak:0.01M | Scene, ViewLayer | Updating Background
Fra:1 Mem:14.30M (Peak 15.70M) | Time:00:00.00 | Mem:0.01M, Peak:0.01M | Scene, ViewLayer | Updating Camera
Fra:1 Mem:14.30M (Peak 15.70M) | Time:00:00.00 | Mem:0.01M, Peak:0.01M | Scene, ViewLayer | Updating Meshes Flags
Fra:1 Mem:14.30M (Peak 15.70M) | Time:00:00.00 | Mem:0.01M, Peak:0.01M | Scene, ViewLayer | Updating Objects
Fra:1 Mem:14.30M (Peak 15.70M) | Time:00:00.00 | Mem:0.01M, Peak:0.01M | Scene, ViewLayer | Updating Objects | Copying Transformations to device
Fra:1 Mem:14.31M (Peak 15.70M) | Time:00:00.00 | Mem:0.01M, Peak:0.01M | Scene, ViewLayer | Updating Objects | Applying Static Transformations
Fra:1 Mem:14.31M (Peak 15.70M) | Time:00:00.00 | Mem:0.01M, Peak:0.01M | Scene, ViewLayer | Updating Particle Systems
Fra:1 Mem:14.31M (Peak 15.70M) | Time:00:00.00 | Mem:0.01M, Peak:0.01M | Scene, ViewLayer | Updating Particle Systems | Copying Particles to device
Fra:1 Mem:14.31M (Peak 15.70M) | Time:00:00.00 | Mem:0.01M, Peak:0.01M | Scene, ViewLayer | Updating Meshes
Fra:1 Mem:14.34M (Peak 15.70M) | Time:00:00.00 | Mem:0.01M, Peak:0.01M | Scene, ViewLayer | Updating Mesh | Computing attributes
Fra:1 Mem:14.39M (Peak 15.70M) | Time:00:00.00 | Mem:0.02M, Peak:0.02M | Scene, ViewLayer | Updating Mesh | Copying Attributes to device
Fra:1 Mem:14.39M (Peak 15.70M) | Time:00:00.00 | Mem:0.06M, Peak:0.06M | Scene, ViewLayer | Updating Scene BVH | Building
Fra:1 Mem:14.39M (Peak 15.70M) | Time:00:00.00 | Mem:0.06M, Peak:0.06M | Scene, ViewLayer | Updating Scene BVH | Building BVH
Fra:1 Mem:14.39M (Peak 15.70M) | Time:00:00.00 | Mem:0.12M, Peak:0.12M | Scene, ViewLayer | Updating Scene BVH | Building BVH 0%
Fra:1 Mem:14.39M (Peak 15.70M) | Time:00:00.00 | Mem:0.19M, Peak:0.24M | Scene, ViewLayer | Updating Scene BVH | Copying BVH to device
Fra:1 Mem:14.39M (Peak 15.70M) | Time:00:00.00 | Mem:0.19M, Peak:0.24M | Scene, ViewLayer | Updating Mesh | Computing normals
Fra:1 Mem:14.54M (Peak 15.70M) | Time:00:00.00 | Mem:0.19M, Peak:0.24M | Scene, ViewLayer | Updating Mesh | Copying Mesh to device
Fra:1 Mem:14.54M (Peak 15.70M) | Time:00:00.00 | Mem:0.34M, Peak:0.34M | Scene, ViewLayer | Updating Objects Flags
Fra:1 Mem:14.54M (Peak 15.70M) | Time:00:00.00 | Mem:0.34M, Peak:0.34M | Scene, ViewLayer | Updating Primitive Offsets
Fra:1 Mem:14.55M (Peak 15.70M) | Time:00:00.00 | Mem:0.34M, Peak:0.34M | Scene, ViewLayer | Updating Images
Fra:1 Mem:14.55M (Peak 15.70M) | Time:00:00.00 | Mem:0.34M, Peak:0.34M | Scene, ViewLayer | Updating Camera Volume
Fra:1 Mem:14.55M (Peak 15.70M) | Time:00:00.00 | Mem:0.34M, Peak:0.34M | Scene, ViewLayer | Updating Lookup Tables
Fra:1 Mem:14.55M (Peak 15.70M) | Time:00:00.00 | Mem:0.42M, Peak:0.42M | Scene, ViewLayer | Updating Lights
Fra:1 Mem:14.55M (Peak 15.70M) | Time:00:00.00 | Mem:0.42M, Peak:0.42M | Scene, ViewLayer | Updating Lights | Computing tree
Fra:1 Mem:14.55M (Peak 15.70M) | Time:00:00.00 | Mem:0.43M, Peak:0.43M | Scene, ViewLayer | Updating Integrator
Fra:1 Mem:14.55M (Peak 15.70M) | Time:00:00.00 | Mem:0.43M, Peak:0.43M | Scene, ViewLayer | Updating Film
Fra:1 Mem:14.55M (Peak 15.70M) | Time:00:00.00 | Mem:0.34M, Peak:0.43M | Scene, ViewLayer | Updating Lookup Tables
Fra:1 Mem:14.55M (Peak 15.70M) | Time:00:00.00 | Mem:0.43M, Peak:0.43M | Scene, ViewLayer | Updating Baking
Fra:1 Mem:14.55M (Peak 15.70M) | Time:00:00.00 | Mem:0.43M, Peak:0.43M | Scene, ViewLayer | Updating Device | Writing constant memory
Fra:1 Mem:14.55M (Peak 15.70M) | Time:00:00.00 | Mem:0.43M, Peak:0.43M | Scene, ViewLayer | Sample 0/24
Fra:1 Mem:23.79M (Peak 23.79M) | Time:00:00.21 | Remaining:00:04.77 | Mem:9.66M, Peak:9.66M | Scene, ViewLayer | Sample 1/24
Fra:1 Mem:27.89M (Peak 36.09M) | Time:00:04.68 | Mem:9.66M, Peak:9.66M | Scene, ViewLayer | Sample 24/24
Fra:1 Mem:27.89M (Peak 36.09M) | Time:00:04.68 | Mem:9.66M, Peak:9.66M | Scene, ViewLayer | Finished
Saved: '/workspace/scratch/7c20b5ba4165/atlas-backlog-oct3/tools/assets/traffic-car-templates/qa/previews/traffic-sedan-rear.png'
Time: 00:04.74 (Saving: 00:00.05)

Extensions: writing cache failed ([Errno 30] Read-only file system: '/home/agent/.config/blender').
16:08:50 | INFO: Data are loaded, start creating Blender stuff
16:08:50 | INFO: Blender create Mesh node body-shell-editable-mesh
16:08:50 | INFO: Blender create Mesh node glass-right-rear-editable-mesh
16:08:50 | INFO: Blender create Mesh node wheel-front-right-editable-mesh
16:08:50 | INFO: Blender create Mesh node wheel-rear-right-editable-mesh
16:08:50 | INFO: Blender create Mesh node wheel-front-left-editable-mesh
16:08:50 | INFO: Blender create Mesh node wheel-rear-left-editable-mesh
16:08:50 | INFO: Blender create Mesh node door-handle-right-0.65-editable-mesh
16:08:50 | INFO: glTF import finished in 0.01s
Fra:1 Mem:15.39M (Peak 15.39M) | Time:00:00.00 | Mem:0.00M, Peak:0.00M | Scene, ViewLayer | Synchronizing object | body-shell
Fra:1 Mem:15.64M (Peak 15.64M) | Time:00:00.00 | Mem:0.00M, Peak:0.00M | Scene, ViewLayer | Synchronizing object | QA-ruler-tick.010
Fra:1 Mem:15.68M (Peak 15.68M) | Time:00:00.00 | Mem:0.00M, Peak:0.00M | Scene, ViewLayer | Synchronizing object | QA-ruler-tick.009
Fra:1 Mem:15.68M (Peak 15.68M) | Time:00:00.00 | Mem:0.00M, Peak:0.00M | Scene, ViewLayer | Synchronizing object | QA-ruler-tick.008
Fra:1 Mem:15.69M (Peak 15.69M) | Time:00:00.00 | Mem:0.00M, Peak:0.00M | Scene, ViewLayer | Synchronizing object | QA-ruler-tick.007
Fra:1 Mem:15.68M (Peak 15.69M) | Time:00:00.00 | Mem:0.00M, Peak:0.00M | Scene, ViewLayer | Synchronizing object | QA-ruler-tick.006
Fra:1 Mem:15.70M (Peak 15.70M) | Time:00:00.00 | Mem:0.00M, Peak:0.00M | Scene, ViewLayer | Synchronizing object | QA-ruler-tick.005
Fra:1 Mem:15.47M (Peak 15.70M) | Time:00:00.00 | Mem:0.00M, Peak:0.00M | Scene, ViewLayer | Synchronizing object | QA-ruler-tick.004
Fra:1 Mem:15.50M (Peak 15.70M) | Time:00:00.00 | Mem:0.00M, Peak:0.00M | Scene, ViewLayer | Synchronizing object | QA-ruler-tick.003
Fra:1 Mem:15.51M (Peak 15.70M) | Time:00:00.00 | Mem:0.00M, Peak:0.00M | Scene, ViewLayer | Synchronizing object | QA-ruler-tick.002
Fra:1 Mem:15.52M (Peak 15.70M) | Time:00:00.00 | Mem:0.00M, Peak:0.00M | Scene, ViewLayer | Synchronizing object | QA-ruler-tick.001
Fra:1 Mem:15.53M (Peak 15.70M) | Time:00:00.00 | Mem:0.00M, Peak:0.00M | Scene, ViewLayer | Synchronizing object | QA-ruler-tick
Fra:1 Mem:15.53M (Peak 15.70M) | Time:00:00.00 | Mem:0.00M, Peak:0.00M | Scene, ViewLayer | Synchronizing object | QA-one-metre-ruler
Fra:1 Mem:15.53M (Peak 15.70M) | Time:00:00.00 | Mem:0.00M, Peak:0.00M | Scene, ViewLayer | Synchronizing object | QA-human-head.001
Fra:1 Mem:15.55M (Peak 15.70M) | Time:00:00.00 | Mem:0.00M, Peak:0.00M | Scene, ViewLayer | Synchronizing object | QA-human-arm.003
Fra:1 Mem:15.63M (Peak 15.70M) | Time:00:00.00 | Mem:0.00M, Peak:0.00M | Scene, ViewLayer | Synchronizing object | QA-human-arm.002
Fra:1 Mem:15.63M (Peak 15.70M) | Time:00:00.00 | Mem:0.00M, Peak:0.00M | Scene, ViewLayer | Synchronizing object | QA-human-torso.001
Fra:1 Mem:15.63M (Peak 15.70M) | Time:00:00.00 | Mem:0.00M, Peak:0.00M | Scene, ViewLayer | Synchronizing object | QA-human-leg.003
Fra:1 Mem:15.64M (Peak 15.70M) | Time:00:00.00 | Mem:0.00M, Peak:0.00M | Scene, ViewLayer | Synchronizing object | QA-human-leg.002
Fra:1 Mem:15.64M (Peak 15.70M) | Time:00:00.00 | Mem:0.00M, Peak:0.00M | Scene, ViewLayer | Synchronizing object | QA-human-head
Fra:1 Mem:15.65M (Peak 15.70M) | Time:00:00.00 | Mem:0.00M, Peak:0.00M | Scene, ViewLayer | Synchronizing object | QA-human-arm.001
Fra:1 Mem:15.65M (Peak 15.70M) | Time:00:00.00 | Mem:0.00M, Peak:0.00M | Scene, ViewLayer | Synchronizing object | QA-human-arm
Fra:1 Mem:15.61M (Peak 15.70M) | Time:00:00.00 | Mem:0.00M, Peak:0.00M | Scene, ViewLayer | Synchronizing object | QA-human-torso
Fra:1 Mem:15.64M (Peak 15.70M) | Time:00:00.00 | Mem:0.00M, Peak:0.00M | Scene, ViewLayer | Synchronizing object | QA-human-leg.001
Fra:1 Mem:15.64M (Peak 15.70M) | Time:00:00.00 | Mem:0.00M, Peak:0.00M | Scene, ViewLayer | Synchronizing object | QA-human-leg
Fra:1 Mem:15.64M (Peak 15.70M) | Time:00:00.00 | Mem:0.00M, Peak:0.00M | Scene, ViewLayer | Synchronizing object | QA-ground
Fra:1 Mem:15.56M (Peak 15.70M) | Time:00:00.00 | Mem:0.00M, Peak:0.00M | Scene, ViewLayer | Synchronizing object | trim
Fra:1 Mem:15.54M (Peak 15.70M) | Time:00:00.00 | Mem:0.00M, Peak:0.00M | Scene, ViewLayer | Synchronizing object | glass
Fra:1 Mem:15.56M (Peak 15.70M) | Time:00:00.00 | Mem:0.00M, Peak:0.00M | Scene, ViewLayer | Synchronizing object | wheel-front-right
Fra:1 Mem:15.56M (Peak 15.70M) | Time:00:00.00 | Mem:0.00M, Peak:0.00M | Scene, ViewLayer | Synchronizing object | wheel-rear-left
Fra:1 Mem:15.65M (Peak 15.70M) | Time:00:00.00 | Mem:0.00M, Peak:0.00M | Scene, ViewLayer | Synchronizing object | wheel-rear-right
Fra:1 Mem:15.67M (Peak 15.70M) | Time:00:00.00 | Mem:0.00M, Peak:0.00M | Scene, ViewLayer | Synchronizing object | wheel-front-left
Fra:1 Mem:15.67M (Peak 15.70M) | Time:00:00.00 | Mem:0.00M, Peak:0.00M | Scene, ViewLayer | Initializing
Fra:1 Mem:14.21M (Peak 15.70M) | Time:00:00.00 | Mem:0.00M, Peak:0.00M | Scene, ViewLayer | Waiting for render to start
Fra:1 Mem:14.22M (Peak 15.70M) | Time:00:00.00 | Mem:0.00M, Peak:0.00M | Scene, ViewLayer | Loading render kernels (may take a few minutes the first time)
Fra:1 Mem:14.22M (Peak 15.70M) | Time:00:00.00 | Mem:0.00M, Peak:0.00M | Scene, ViewLayer | Updating Scene
Fra:1 Mem:14.22M (Peak 15.70M) | Time:00:00.00 | Mem:0.00M, Peak:0.00M | Scene, ViewLayer | Updating Shaders
Fra:1 Mem:14.30M (Peak 15.70M) | Time:00:00.00 | Mem:0.01M, Peak:0.01M | Scene, ViewLayer | Updating Procedurals
Fra:1 Mem:14.30M (Peak 15.70M) | Time:00:00.00 | Mem:0.01M, Peak:0.01M | Scene, ViewLayer | Updating Background
Fra:1 Mem:14.30M (Peak 15.70M) | Time:00:00.00 | Mem:0.01M, Peak:0.01M | Scene, ViewLayer | Updating Camera
Fra:1 Mem:14.30M (Peak 15.70M) | Time:00:00.00 | Mem:0.01M, Peak:0.01M | Scene, ViewLayer | Updating Meshes Flags
Fra:1 Mem:14.30M (Peak 15.70M) | Time:00:00.00 | Mem:0.01M, Peak:0.01M | Scene, ViewLayer | Updating Objects
Fra:1 Mem:14.30M (Peak 15.70M) | Time:00:00.00 | Mem:0.01M, Peak:0.01M | Scene, ViewLayer | Updating Objects | Copying Transformations to device
Fra:1 Mem:14.31M (Peak 15.70M) | Time:00:00.00 | Mem:0.01M, Peak:0.01M | Scene, ViewLayer | Updating Objects | Applying Static Transformations
Fra:1 Mem:14.31M (Peak 15.70M) | Time:00:00.00 | Mem:0.01M, Peak:0.01M | Scene, ViewLayer | Updating Particle Systems
Fra:1 Mem:14.31M (Peak 15.70M) | Time:00:00.00 | Mem:0.01M, Peak:0.01M | Scene, ViewLayer | Updating Particle Systems | Copying Particles to device
Fra:1 Mem:14.31M (Peak 15.70M) | Time:00:00.00 | Mem:0.01M, Peak:0.01M | Scene, ViewLayer | Updating Meshes
Fra:1 Mem:14.34M (Peak 15.70M) | Time:00:00.00 | Mem:0.01M, Peak:0.01M | Scene, ViewLayer | Updating Mesh | Computing attributes
Fra:1 Mem:14.39M (Peak 15.70M) | Time:00:00.00 | Mem:0.02M, Peak:0.02M | Scene, ViewLayer | Updating Mesh | Copying Attributes to device
Fra:1 Mem:14.39M (Peak 15.70M) | Time:00:00.00 | Mem:0.06M, Peak:0.06M | Scene, ViewLayer | Updating Scene BVH | Building
Fra:1 Mem:14.39M (Peak 15.70M) | Time:00:00.00 | Mem:0.06M, Peak:0.06M | Scene, ViewLayer | Updating Scene BVH | Building BVH
Fra:1 Mem:14.39M (Peak 15.70M) | Time:00:00.00 | Mem:0.12M, Peak:0.12M | Scene, ViewLayer | Updating Scene BVH | Building BVH 0%
Fra:1 Mem:14.39M (Peak 15.70M) | Time:00:00.00 | Mem:0.19M, Peak:0.24M | Scene, ViewLayer | Updating Scene BVH | Copying BVH to device
Fra:1 Mem:14.39M (Peak 15.70M) | Time:00:00.00 | Mem:0.19M, Peak:0.24M | Scene, ViewLayer | Updating Mesh | Computing normals
Fra:1 Mem:14.55M (Peak 15.70M) | Time:00:00.00 | Mem:0.19M, Peak:0.24M | Scene, ViewLayer | Updating Mesh | Copying Mesh to device
Fra:1 Mem:14.55M (Peak 15.70M) | Time:00:00.00 | Mem:0.34M, Peak:0.34M | Scene, ViewLayer | Updating Objects Flags
Fra:1 Mem:14.55M (Peak 15.70M) | Time:00:00.00 | Mem:0.34M, Peak:0.34M | Scene, ViewLayer | Updating Primitive Offsets
Fra:1 Mem:14.55M (Peak 15.70M) | Time:00:00.00 | Mem:0.34M, Peak:0.34M | Scene, ViewLayer | Updating Images
Fra:1 Mem:14.55M (Peak 15.70M) | Time:00:00.00 | Mem:0.34M, Peak:0.34M | Scene, ViewLayer | Updating Camera Volume
Fra:1 Mem:14.55M (Peak 15.70M) | Time:00:00.00 | Mem:0.34M, Peak:0.34M | Scene, ViewLayer | Updating Lookup Tables
Fra:1 Mem:14.55M (Peak 15.70M) | Time:00:00.00 | Mem:0.42M, Peak:0.42M | Scene, ViewLayer | Updating Lights
Fra:1 Mem:14.55M (Peak 15.70M) | Time:00:00.00 | Mem:0.42M, Peak:0.42M | Scene, ViewLayer | Updating Lights | Computing tree
Fra:1 Mem:14.55M (Peak 15.70M) | Time:00:00.00 | Mem:0.43M, Peak:0.43M | Scene, ViewLayer | Updating Integrator
Fra:1 Mem:14.55M (Peak 15.70M) | Time:00:00.00 | Mem:0.43M, Peak:0.43M | Scene, ViewLayer | Updating Film
Fra:1 Mem:14.55M (Peak 15.70M) | Time:00:00.00 | Mem:0.34M, Peak:0.43M | Scene, ViewLayer | Updating Lookup Tables
Fra:1 Mem:14.55M (Peak 15.70M) | Time:00:00.00 | Mem:0.43M, Peak:0.43M | Scene, ViewLayer | Updating Baking
Fra:1 Mem:14.55M (Peak 15.70M) | Time:00:00.00 | Mem:0.43M, Peak:0.43M | Scene, ViewLayer | Updating Device | Writing constant memory
Fra:1 Mem:14.55M (Peak 15.70M) | Time:00:00.00 | Mem:0.43M, Peak:0.43M | Scene, ViewLayer | Sample 0/24
Fra:1 Mem:23.79M (Peak 23.79M) | Time:00:00.23 | Remaining:00:05.27 | Mem:9.66M, Peak:9.66M | Scene, ViewLayer | Sample 1/24
Fra:1 Mem:27.89M (Peak 36.09M) | Time:00:05.18 | Mem:9.66M, Peak:9.66M | Scene, ViewLayer | Sample 24/24
Fra:1 Mem:27.89M (Peak 36.09M) | Time:00:05.18 | Mem:9.66M, Peak:9.66M | Scene, ViewLayer | Finished
Saved: '/workspace/scratch/7c20b5ba4165/atlas-backlog-oct3/tools/assets/traffic-car-templates/qa/previews/traffic-sedan-top.png'
Time: 00:05.22 (Saving: 00:00.03)

Extensions: writing cache failed ([Errno 30] Read-only file system: '/home/agent/.config/blender').
16:08:55 | INFO: Data are loaded, start creating Blender stuff
16:08:55 | INFO: Blender create Mesh node body-shell-editable-mesh
16:08:55 | INFO: Blender create Mesh node glass-right-rear-editable-mesh
16:08:55 | INFO: Blender create Mesh node wheel-front-right-editable-mesh
16:08:55 | INFO: Blender create Mesh node wheel-rear-right-editable-mesh
16:08:55 | INFO: Blender create Mesh node wheel-front-left-editable-mesh
16:08:55 | INFO: Blender create Mesh node wheel-rear-left-editable-mesh
16:08:55 | INFO: Blender create Mesh node door-handle-right-0.65-editable-mesh
16:08:55 | INFO: glTF import finished in 0.01s
16:08:55 | INFO: Data are loaded, start creating Blender stuff
16:08:55 | INFO: Blender create Mesh node body-shell-editable-mesh
16:08:55 | INFO: Blender create Mesh node glass-right-rear-editable-mesh
16:08:55 | INFO: Blender create Mesh node wheel-front-right-editable-mesh
16:08:55 | INFO: Blender create Mesh node wheel-rear-right-editable-mesh
16:08:55 | INFO: Blender create Mesh node wheel-front-left-editable-mesh
16:08:55 | INFO: Blender create Mesh node wheel-rear-left-editable-mesh
16:08:55 | INFO: Blender create Mesh node front-grille-editable-mesh
16:08:55 | INFO: glTF import finished in 0.01s
Fra:1 Mem:16.35M (Peak 16.35M) | Time:00:00.00 | Mem:0.00M, Peak:0.00M | Scene, ViewLayer | Synchronizing object | body-shell
Fra:1 Mem:16.45M (Peak 16.45M) | Time:00:00.00 | Mem:0.00M, Peak:0.00M | Scene, ViewLayer | Synchronizing object | QA-ruler-tick.010
Fra:1 Mem:16.48M (Peak 16.48M) | Time:00:00.00 | Mem:0.00M, Peak:0.00M | Scene, ViewLayer | Synchronizing object | QA-ruler-tick.009
Fra:1 Mem:16.49M (Peak 16.49M) | Time:00:00.00 | Mem:0.00M, Peak:0.00M | Scene, ViewLayer | Synchronizing object | QA-ruler-tick.008
Fra:1 Mem:16.49M (Peak 16.49M) | Time:00:00.00 | Mem:0.00M, Peak:0.00M | Scene, ViewLayer | Synchronizing object | QA-ruler-tick.007
Fra:1 Mem:16.50M (Peak 16.50M) | Time:00:00.00 | Mem:0.00M, Peak:0.00M | Scene, ViewLayer | Synchronizing object | QA-ruler-tick.006
Fra:1 Mem:16.51M (Peak 16.51M) | Time:00:00.00 | Mem:0.00M, Peak:0.00M | Scene, ViewLayer | Synchronizing object | QA-ruler-tick.005
Fra:1 Mem:16.58M (Peak 16.58M) | Time:00:00.00 | Mem:0.00M, Peak:0.00M | Scene, ViewLayer | Synchronizing object | QA-ruler-tick.004
Fra:1 Mem:16.58M (Peak 16.58M) | Time:00:00.00 | Mem:0.00M, Peak:0.00M | Scene, ViewLayer | Synchronizing object | QA-ruler-tick.003
Fra:1 Mem:16.58M (Peak 16.58M) | Time:00:00.00 | Mem:0.00M, Peak:0.00M | Scene, ViewLayer | Synchronizing object | QA-ruler-tick.002
Fra:1 Mem:16.58M (Peak 16.58M) | Time:00:00.00 | Mem:0.00M, Peak:0.00M | Scene, ViewLayer | Synchronizing object | QA-ruler-tick.001
Fra:1 Mem:16.58M (Peak 16.58M) | Time:00:00.00 | Mem:0.00M, Peak:0.00M | Scene, ViewLayer | Synchronizing object | QA-ruler-tick
Fra:1 Mem:16.59M (Peak 16.59M) | Time:00:00.00 | Mem:0.00M, Peak:0.00M | Scene, ViewLayer | Synchronizing object | QA-one-metre-ruler
Fra:1 Mem:16.59M (Peak 16.59M) | Time:00:00.00 | Mem:0.00M, Peak:0.00M | Scene, ViewLayer | Synchronizing object | QA-human-head.001
Fra:1 Mem:16.56M (Peak 16.59M) | Time:00:00.00 | Mem:0.00M, Peak:0.00M | Scene, ViewLayer | Synchronizing object | QA-human-arm.003
Fra:1 Mem:16.56M (Peak 16.59M) | Time:00:00.00 | Mem:0.00M, Peak:0.00M | Scene, ViewLayer | Synchronizing object | QA-human-arm.002
Fra:1 Mem:16.59M (Peak 16.59M) | Time:00:00.00 | Mem:0.00M, Peak:0.00M | Scene, ViewLayer | Synchronizing object | QA-human-torso.001
Fra:1 Mem:16.59M (Peak 16.59M) | Time:00:00.00 | Mem:0.00M, Peak:0.00M | Scene, ViewLayer | Synchronizing object | QA-human-leg.003
Fra:1 Mem:16.51M (Peak 16.59M) | Time:00:00.00 | Mem:0.00M, Peak:0.00M | Scene, ViewLayer | Synchronizing object | QA-human-leg.002
Fra:1 Mem:16.51M (Peak 16.59M) | Time:00:00.00 | Mem:0.00M, Peak:0.00M | Scene, ViewLayer | Synchronizing object | QA-human-head
Fra:1 Mem:16.49M (Peak 16.59M) | Time:00:00.00 | Mem:0.00M, Peak:0.00M | Scene, ViewLayer | Synchronizing object | glass
Fra:1 Mem:16.50M (Peak 16.59M) | Time:00:00.00 | Mem:0.00M, Peak:0.00M | Scene, ViewLayer | Synchronizing object | QA-human-arm.001
Fra:1 Mem:16.51M (Peak 16.59M) | Time:00:00.00 | Mem:0.00M, Peak:0.00M | Scene, ViewLayer | Synchronizing object | QA-human-arm
Fra:1 Mem:16.50M (Peak 16.59M) | Time:00:00.00 | Mem:0.00M, Peak:0.00M | Scene, ViewLayer | Synchronizing object | QA-human-torso
Fra:1 Mem:16.51M (Peak 16.59M) | Time:00:00.00 | Mem:0.00M, Peak:0.00M | Scene, ViewLayer | Synchronizing object | QA-human-leg.001
Fra:1 Mem:16.50M (Peak 16.59M) | Time:00:00.00 | Mem:0.00M, Peak:0.00M | Scene, ViewLayer | Synchronizing object | QA-human-leg
Fra:1 Mem:16.50M (Peak 16.59M) | Time:00:00.00 | Mem:0.00M, Peak:0.00M | Scene, ViewLayer | Synchronizing object | wheel-front-right
Fra:1 Mem:16.51M (Peak 16.59M) | Time:00:00.00 | Mem:0.00M, Peak:0.00M | Scene, ViewLayer | Synchronizing object | QA-ground
Fra:1 Mem:16.51M (Peak 16.59M) | Time:00:00.00 | Mem:0.00M, Peak:0.00M | Scene, ViewLayer | Synchronizing object | trim.001
Fra:1 Mem:16.59M (Peak 16.59M) | Time:00:00.00 | Mem:0.00M, Peak:0.00M | Scene, ViewLayer | Synchronizing object | wheel-rear-left.001
Fra:1 Mem:16.58M (Peak 16.59M) | Time:00:00.00 | Mem:0.00M, Peak:0.00M | Scene, ViewLayer | Synchronizing object | wheel-front-left.001
Fra:1 Mem:16.56M (Peak 16.59M) | Time:00:00.00 | Mem:0.00M, Peak:0.00M | Scene, ViewLayer | Synchronizing object | wheel-rear-right
Fra:1 Mem:16.56M (Peak 16.59M) | Time:00:00.00 | Mem:0.00M, Peak:0.00M | Scene, ViewLayer | Synchronizing object | wheel-rear-right.001
Fra:1 Mem:16.60M (Peak 16.60M) | Time:00:00.00 | Mem:0.00M, Peak:0.00M | Scene, ViewLayer | Synchronizing object | wheel-front-right.001
Fra:1 Mem:16.60M (Peak 16.60M) | Time:00:00.00 | Mem:0.00M, Peak:0.00M | Scene, ViewLayer | Synchronizing object | glass.001
Fra:1 Mem:16.60M (Peak 16.60M) | Time:00:00.00 | Mem:0.00M, Peak:0.00M | Scene, ViewLayer | Synchronizing object | wheel-front-left
Fra:1 Mem:16.67M (Peak 16.67M) | Time:00:00.00 | Mem:0.00M, Peak:0.00M | Scene, ViewLayer | Synchronizing object | body-shell.001
Fra:1 Mem:16.82M (Peak 16.82M) | Time:00:00.00 | Mem:0.00M, Peak:0.00M | Scene, ViewLayer | Synchronizing object | wheel-rear-left
Fra:1 Mem:16.81M (Peak 16.82M) | Time:00:00.00 | Mem:0.00M, Peak:0.00M | Scene, ViewLayer | Synchronizing object | trim
Fra:1 Mem:16.73M (Peak 16.82M) | Time:00:00.00 | Mem:0.00M, Peak:0.00M | Scene, ViewLayer | Initializing
Fra:1 Mem:14.93M (Peak 16.82M) | Time:00:00.00 | Mem:0.00M, Peak:0.00M | Scene, ViewLayer | Waiting for render to start
Fra:1 Mem:14.94M (Peak 16.82M) | Time:00:00.00 | Mem:0.00M, Peak:0.00M | Scene, ViewLayer | Loading render kernels (may take a few minutes the first time)
Fra:1 Mem:14.94M (Peak 16.82M) | Time:00:00.00 | Mem:0.00M, Peak:0.00M | Scene, ViewLayer | Updating Scene
Fra:1 Mem:14.94M (Peak 16.82M) | Time:00:00.00 | Mem:0.00M, Peak:0.00M | Scene, ViewLayer | Updating Shaders
Fra:1 Mem:15.03M (Peak 16.82M) | Time:00:00.00 | Mem:0.01M, Peak:0.01M | Scene, ViewLayer | Updating Procedurals
Fra:1 Mem:15.03M (Peak 16.82M) | Time:00:00.00 | Mem:0.01M, Peak:0.01M | Scene, ViewLayer | Updating Background
Fra:1 Mem:15.03M (Peak 16.82M) | Time:00:00.00 | Mem:0.01M, Peak:0.01M | Scene, ViewLayer | Updating Camera
Fra:1 Mem:15.03M (Peak 16.82M) | Time:00:00.00 | Mem:0.01M, Peak:0.01M | Scene, ViewLayer | Updating Meshes Flags
Fra:1 Mem:15.03M (Peak 16.82M) | Time:00:00.00 | Mem:0.01M, Peak:0.01M | Scene, ViewLayer | Updating Objects
Fra:1 Mem:15.03M (Peak 16.82M) | Time:00:00.00 | Mem:0.01M, Peak:0.01M | Scene, ViewLayer | Updating Objects | Copying Transformations to device
Fra:1 Mem:15.03M (Peak 16.82M) | Time:00:00.00 | Mem:0.02M, Peak:0.02M | Scene, ViewLayer | Updating Objects | Applying Static Transformations
Fra:1 Mem:15.03M (Peak 16.82M) | Time:00:00.00 | Mem:0.02M, Peak:0.02M | Scene, ViewLayer | Updating Particle Systems
Fra:1 Mem:15.03M (Peak 16.82M) | Time:00:00.00 | Mem:0.02M, Peak:0.02M | Scene, ViewLayer | Updating Particle Systems | Copying Particles to device
Fra:1 Mem:15.03M (Peak 16.82M) | Time:00:00.00 | Mem:0.02M, Peak:0.02M | Scene, ViewLayer | Updating Meshes
Fra:1 Mem:15.07M (Peak 16.82M) | Time:00:00.00 | Mem:0.02M, Peak:0.02M | Scene, ViewLayer | Updating Mesh | Computing attributes
Fra:1 Mem:15.14M (Peak 16.82M) | Time:00:00.00 | Mem:0.02M, Peak:0.02M | Scene, ViewLayer | Updating Mesh | Copying Attributes to device
Fra:1 Mem:15.14M (Peak 16.82M) | Time:00:00.00 | Mem:0.09M, Peak:0.09M | Scene, ViewLayer | Updating Scene BVH | Building
Fra:1 Mem:15.14M (Peak 16.82M) | Time:00:00.00 | Mem:0.09M, Peak:0.09M | Scene, ViewLayer | Updating Scene BVH | Building BVH
Fra:1 Mem:15.14M (Peak 16.82M) | Time:00:00.00 | Mem:0.16M, Peak:0.16M | Scene, ViewLayer | Updating Scene BVH | Building BVH 0%
Fra:1 Mem:15.14M (Peak 16.82M) | Time:00:00.00 | Mem:0.25M, Peak:0.32M | Scene, ViewLayer | Updating Scene BVH | Copying BVH to device
Fra:1 Mem:15.14M (Peak 16.82M) | Time:00:00.00 | Mem:0.25M, Peak:0.32M | Scene, ViewLayer | Updating Mesh | Computing normals
Fra:1 Mem:15.36M (Peak 16.82M) | Time:00:00.00 | Mem:0.25M, Peak:0.32M | Scene, ViewLayer | Updating Mesh | Copying Mesh to device
Fra:1 Mem:15.36M (Peak 16.82M) | Time:00:00.00 | Mem:0.47M, Peak:0.47M | Scene, ViewLayer | Updating Objects Flags
Fra:1 Mem:15.36M (Peak 16.82M) | Time:00:00.00 | Mem:0.47M, Peak:0.47M | Scene, ViewLayer | Updating Primitive Offsets
Fra:1 Mem:15.36M (Peak 16.82M) | Time:00:00.00 | Mem:0.47M, Peak:0.47M | Scene, ViewLayer | Updating Images
Fra:1 Mem:15.36M (Peak 16.82M) | Time:00:00.00 | Mem:0.47M, Peak:0.47M | Scene, ViewLayer | Updating Camera Volume
Fra:1 Mem:15.36M (Peak 16.82M) | Time:00:00.00 | Mem:0.47M, Peak:0.47M | Scene, ViewLayer | Updating Lookup Tables
Fra:1 Mem:15.36M (Peak 16.82M) | Time:00:00.00 | Mem:0.55M, Peak:0.55M | Scene, ViewLayer | Updating Lights
Fra:1 Mem:15.36M (Peak 16.82M) | Time:00:00.00 | Mem:0.55M, Peak:0.55M | Scene, ViewLayer | Updating Lights | Computing tree
Fra:1 Mem:15.36M (Peak 16.82M) | Time:00:00.00 | Mem:0.55M, Peak:0.55M | Scene, ViewLayer | Updating Integrator
Fra:1 Mem:15.36M (Peak 16.82M) | Time:00:00.00 | Mem:0.55M, Peak:0.55M | Scene, ViewLayer | Updating Film
Fra:1 Mem:15.36M (Peak 16.82M) | Time:00:00.00 | Mem:0.47M, Peak:0.55M | Scene, ViewLayer | Updating Lookup Tables
Fra:1 Mem:15.36M (Peak 16.82M) | Time:00:00.00 | Mem:0.56M, Peak:0.56M | Scene, ViewLayer | Updating Baking
Fra:1 Mem:15.36M (Peak 16.82M) | Time:00:00.00 | Mem:0.56M, Peak:0.56M | Scene, ViewLayer | Updating Device | Writing constant memory
Fra:1 Mem:15.37M (Peak 16.82M) | Time:00:00.00 | Mem:0.56M, Peak:0.56M | Scene, ViewLayer | Sample 0/24
Fra:1 Mem:24.60M (Peak 24.60M) | Time:00:00.23 | Remaining:00:05.33 | Mem:9.79M, Peak:9.79M | Scene, ViewLayer | Sample 1/24
Fra:1 Mem:28.70M (Peak 36.91M) | Time:00:05.12 | Mem:9.79M, Peak:9.79M | Scene, ViewLayer | Sample 24/24
Fra:1 Mem:28.70M (Peak 36.91M) | Time:00:05.12 | Mem:9.79M, Peak:9.79M | Scene, ViewLayer | Finished
Saved: '/workspace/scratch/7c20b5ba4165/atlas-backlog-oct3/tools/assets/traffic-car-templates/qa/previews/traffic-sedan-lod0-lod1.png'
Time: 00:05.16 (Saving: 00:00.03)

Extensions: writing cache failed ([Errno 30] Read-only file system: '/home/agent/.config/blender').
16:09:01 | INFO: Data are loaded, start creating Blender stuff
16:09:01 | INFO: Blender create Mesh node body-shell-editable-mesh
16:09:01 | INFO: Blender create Mesh node glass-right-rear-editable-mesh
16:09:01 | INFO: Blender create Mesh node wheel-front-right-editable-mesh
16:09:01 | INFO: Blender create Mesh node wheel-rear-right-editable-mesh
16:09:01 | INFO: Blender create Mesh node wheel-front-left-editable-mesh
16:09:01 | INFO: Blender create Mesh node wheel-rear-left-editable-mesh
16:09:01 | INFO: Blender create Mesh node front-grille-editable-mesh
16:09:01 | INFO: glTF import finished in 0.01s
16:09:01 | INFO: Data are loaded, start creating Blender stuff
16:09:01 | INFO: Blender create Mesh node body-shell-editable-mesh
16:09:01 | INFO: Blender create Mesh node cabin-silhouette-editable-mesh
16:09:01 | INFO: Blender create Mesh node wheel-front-right-editable-mesh
16:09:01 | INFO: glTF import finished in 0.00s
Fra:1 Mem:15.99M (Peak 15.99M) | Time:00:00.00 | Mem:0.00M, Peak:0.00M | Scene, ViewLayer | Synchronizing object | body-shell
Fra:1 Mem:16.19M (Peak 16.19M) | Time:00:00.00 | Mem:0.00M, Peak:0.00M | Scene, ViewLayer | Synchronizing object | QA-ruler-tick.010
Fra:1 Mem:16.09M (Peak 16.19M) | Time:00:00.00 | Mem:0.00M, Peak:0.00M | Scene, ViewLayer | Synchronizing object | QA-ruler-tick.009
Fra:1 Mem:16.09M (Peak 16.19M) | Time:00:00.00 | Mem:0.00M, Peak:0.00M | Scene, ViewLayer | Synchronizing object | QA-ruler-tick.008
Fra:1 Mem:16.09M (Peak 16.19M) | Time:00:00.00 | Mem:0.00M, Peak:0.00M | Scene, ViewLayer | Synchronizing object | QA-ruler-tick.007
Fra:1 Mem:16.10M (Peak 16.19M) | Time:00:00.00 | Mem:0.00M, Peak:0.00M | Scene, ViewLayer | Synchronizing object | QA-ruler-tick.006
Fra:1 Mem:16.15M (Peak 16.19M) | Time:00:00.00 | Mem:0.00M, Peak:0.00M | Scene, ViewLayer | Synchronizing object | QA-ruler-tick.005
Fra:1 Mem:16.16M (Peak 16.19M) | Time:00:00.00 | Mem:0.00M, Peak:0.00M | Scene, ViewLayer | Synchronizing object | QA-ruler-tick.004
Fra:1 Mem:16.16M (Peak 16.19M) | Time:00:00.00 | Mem:0.00M, Peak:0.00M | Scene, ViewLayer | Synchronizing object | QA-ruler-tick.003
Fra:1 Mem:16.16M (Peak 16.19M) | Time:00:00.00 | Mem:0.00M, Peak:0.00M | Scene, ViewLayer | Synchronizing object | QA-ruler-tick.002
Fra:1 Mem:16.16M (Peak 16.19M) | Time:00:00.00 | Mem:0.00M, Peak:0.00M | Scene, ViewLayer | Synchronizing object | QA-ruler-tick.001
Fra:1 Mem:16.16M (Peak 16.19M) | Time:00:00.00 | Mem:0.00M, Peak:0.00M | Scene, ViewLayer | Synchronizing object | QA-ruler-tick
Fra:1 Mem:16.12M (Peak 16.19M) | Time:00:00.00 | Mem:0.00M, Peak:0.00M | Scene, ViewLayer | Synchronizing object | QA-one-metre-ruler
Fra:1 Mem:16.14M (Peak 16.19M) | Time:00:00.00 | Mem:0.00M, Peak:0.00M | Scene, ViewLayer | Synchronizing object | QA-human-head.001
Fra:1 Mem:16.16M (Peak 16.19M) | Time:00:00.00 | Mem:0.00M, Peak:0.00M | Scene, ViewLayer | Synchronizing object | QA-human-arm.003
Fra:1 Mem:16.10M (Peak 16.19M) | Time:00:00.00 | Mem:0.00M, Peak:0.00M | Scene, ViewLayer | Synchronizing object | QA-human-arm.002
Fra:1 Mem:16.09M (Peak 16.19M) | Time:00:00.00 | Mem:0.00M, Peak:0.00M | Scene, ViewLayer | Synchronizing object | glass
Fra:1 Mem:16.10M (Peak 16.19M) | Time:00:00.00 | Mem:0.00M, Peak:0.00M | Scene, ViewLayer | Synchronizing object | QA-human-torso.001
Fra:1 Mem:16.10M (Peak 16.19M) | Time:00:00.00 | Mem:0.00M, Peak:0.00M | Scene, ViewLayer | Synchronizing object | QA-human-leg.003
Fra:1 Mem:16.10M (Peak 16.19M) | Time:00:00.00 | Mem:0.00M, Peak:0.00M | Scene, ViewLayer | Synchronizing object | QA-human-leg.002
Fra:1 Mem:16.10M (Peak 16.19M) | Time:00:00.00 | Mem:0.00M, Peak:0.00M | Scene, ViewLayer | Synchronizing object | QA-human-head
Fra:1 Mem:16.10M (Peak 16.19M) | Time:00:00.00 | Mem:0.00M, Peak:0.00M | Scene, ViewLayer | Synchronizing object | wheel-front-right
Fra:1 Mem:16.12M (Peak 16.19M) | Time:00:00.00 | Mem:0.00M, Peak:0.00M | Scene, ViewLayer | Synchronizing object | QA-human-arm.001
Fra:1 Mem:16.13M (Peak 16.19M) | Time:00:00.00 | Mem:0.00M, Peak:0.00M | Scene, ViewLayer | Synchronizing object | QA-human-arm
Fra:1 Mem:16.12M (Peak 16.19M) | Time:00:00.00 | Mem:0.00M, Peak:0.00M | Scene, ViewLayer | Synchronizing object | QA-human-torso
Fra:1 Mem:16.13M (Peak 16.19M) | Time:00:00.00 | Mem:0.00M, Peak:0.00M | Scene, ViewLayer | Synchronizing object | QA-human-leg.001
Fra:1 Mem:16.13M (Peak 16.19M) | Time:00:00.00 | Mem:0.00M, Peak:0.00M | Scene, ViewLayer | Synchronizing object | QA-human-leg
Fra:1 Mem:16.12M (Peak 16.19M) | Time:00:00.00 | Mem:0.00M, Peak:0.00M | Scene, ViewLayer | Synchronizing object | wheel-rear-right
Fra:1 Mem:16.12M (Peak 16.19M) | Time:00:00.00 | Mem:0.00M, Peak:0.00M | Scene, ViewLayer | Synchronizing object | QA-ground
Fra:1 Mem:16.14M (Peak 16.19M) | Time:00:00.00 | Mem:0.00M, Peak:0.00M | Scene, ViewLayer | Synchronizing object | trim.001
Fra:1 Mem:16.15M (Peak 16.19M) | Time:00:00.00 | Mem:0.00M, Peak:0.00M | Scene, ViewLayer | Synchronizing object | glass.001
Fra:1 Mem:16.15M (Peak 16.19M) | Time:00:00.00 | Mem:0.00M, Peak:0.00M | Scene, ViewLayer | Synchronizing object | wheel-front-left
Fra:1 Mem:16.15M (Peak 16.19M) | Time:00:00.00 | Mem:0.00M, Peak:0.00M | Scene, ViewLayer | Synchronizing object | body-shell.001
Fra:1 Mem:16.16M (Peak 16.19M) | Time:00:00.00 | Mem:0.00M, Peak:0.00M | Scene, ViewLayer | Synchronizing object | trim
Fra:1 Mem:16.16M (Peak 16.19M) | Time:00:00.00 | Mem:0.00M, Peak:0.00M | Scene, ViewLayer | Synchronizing object | wheel-rear-left
Fra:1 Mem:16.17M (Peak 16.19M) | Time:00:00.00 | Mem:0.00M, Peak:0.00M | Scene, ViewLayer | Initializing
Fra:1 Mem:14.44M (Peak 16.19M) | Time:00:00.00 | Mem:0.00M, Peak:0.00M | Scene, ViewLayer | Waiting for render to start
Fra:1 Mem:14.45M (Peak 16.19M) | Time:00:00.00 | Mem:0.00M, Peak:0.00M | Scene, ViewLayer | Loading render kernels (may take a few minutes the first time)
Fra:1 Mem:14.45M (Peak 16.19M) | Time:00:00.00 | Mem:0.00M, Peak:0.00M | Scene, ViewLayer | Updating Scene
Fra:1 Mem:14.45M (Peak 16.19M) | Time:00:00.00 | Mem:0.00M, Peak:0.00M | Scene, ViewLayer | Updating Shaders
Fra:1 Mem:14.54M (Peak 16.19M) | Time:00:00.00 | Mem:0.01M, Peak:0.01M | Scene, ViewLayer | Updating Procedurals
Fra:1 Mem:14.54M (Peak 16.19M) | Time:00:00.00 | Mem:0.01M, Peak:0.01M | Scene, ViewLayer | Updating Background
Fra:1 Mem:14.54M (Peak 16.19M) | Time:00:00.00 | Mem:0.01M, Peak:0.01M | Scene, ViewLayer | Updating Camera
Fra:1 Mem:14.54M (Peak 16.19M) | Time:00:00.00 | Mem:0.01M, Peak:0.01M | Scene, ViewLayer | Updating Meshes Flags
Fra:1 Mem:14.54M (Peak 16.19M) | Time:00:00.00 | Mem:0.01M, Peak:0.01M | Scene, ViewLayer | Updating Objects
Fra:1 Mem:14.54M (Peak 16.19M) | Time:00:00.00 | Mem:0.01M, Peak:0.01M | Scene, ViewLayer | Updating Objects | Copying Transformations to device
Fra:1 Mem:14.54M (Peak 16.19M) | Time:00:00.00 | Mem:0.02M, Peak:0.02M | Scene, ViewLayer | Updating Objects | Applying Static Transformations
Fra:1 Mem:14.54M (Peak 16.19M) | Time:00:00.00 | Mem:0.02M, Peak:0.02M | Scene, ViewLayer | Updating Particle Systems
Fra:1 Mem:14.54M (Peak 16.19M) | Time:00:00.00 | Mem:0.02M, Peak:0.02M | Scene, ViewLayer | Updating Particle Systems | Copying Particles to device
Fra:1 Mem:14.54M (Peak 16.19M) | Time:00:00.00 | Mem:0.02M, Peak:0.02M | Scene, ViewLayer | Updating Meshes
Fra:1 Mem:14.56M (Peak 16.19M) | Time:00:00.00 | Mem:0.02M, Peak:0.02M | Scene, ViewLayer | Updating Mesh | Computing attributes
Fra:1 Mem:14.60M (Peak 16.19M) | Time:00:00.00 | Mem:0.02M, Peak:0.02M | Scene, ViewLayer | Updating Mesh | Copying Attributes to device
Fra:1 Mem:14.59M (Peak 16.19M) | Time:00:00.00 | Mem:0.05M, Peak:0.05M | Scene, ViewLayer | Updating Scene BVH | Building
Fra:1 Mem:14.59M (Peak 16.19M) | Time:00:00.00 | Mem:0.05M, Peak:0.05M | Scene, ViewLayer | Updating Scene BVH | Building BVH
Fra:1 Mem:14.59M (Peak 16.19M) | Time:00:00.00 | Mem:0.08M, Peak:0.08M | Scene, ViewLayer | Updating Scene BVH | Building BVH 0%
Fra:1 Mem:14.59M (Peak 16.19M) | Time:00:00.00 | Mem:0.13M, Peak:0.16M | Scene, ViewLayer | Updating Scene BVH | Copying BVH to device
Fra:1 Mem:14.59M (Peak 16.19M) | Time:00:00.00 | Mem:0.13M, Peak:0.16M | Scene, ViewLayer | Updating Mesh | Computing normals
Fra:1 Mem:14.69M (Peak 16.19M) | Time:00:00.00 | Mem:0.13M, Peak:0.16M | Scene, ViewLayer | Updating Mesh | Copying Mesh to device
Fra:1 Mem:14.69M (Peak 16.19M) | Time:00:00.00 | Mem:0.22M, Peak:0.22M | Scene, ViewLayer | Updating Objects Flags
Fra:1 Mem:14.69M (Peak 16.19M) | Time:00:00.00 | Mem:0.22M, Peak:0.22M | Scene, ViewLayer | Updating Primitive Offsets
Fra:1 Mem:14.69M (Peak 16.19M) | Time:00:00.00 | Mem:0.22M, Peak:0.22M | Scene, ViewLayer | Updating Images
Fra:1 Mem:14.69M (Peak 16.19M) | Time:00:00.00 | Mem:0.22M, Peak:0.22M | Scene, ViewLayer | Updating Camera Volume
Fra:1 Mem:14.69M (Peak 16.19M) | Time:00:00.00 | Mem:0.22M, Peak:0.22M | Scene, ViewLayer | Updating Lookup Tables
Fra:1 Mem:14.69M (Peak 16.19M) | Time:00:00.00 | Mem:0.30M, Peak:0.30M | Scene, ViewLayer | Updating Lights
Fra:1 Mem:14.69M (Peak 16.19M) | Time:00:00.00 | Mem:0.30M, Peak:0.30M | Scene, ViewLayer | Updating Lights | Computing tree
Fra:1 Mem:14.69M (Peak 16.19M) | Time:00:00.00 | Mem:0.30M, Peak:0.30M | Scene, ViewLayer | Updating Integrator
Fra:1 Mem:14.69M (Peak 16.19M) | Time:00:00.00 | Mem:0.30M, Peak:0.30M | Scene, ViewLayer | Updating Film
Fra:1 Mem:14.69M (Peak 16.19M) | Time:00:00.00 | Mem:0.22M, Peak:0.30M | Scene, ViewLayer | Updating Lookup Tables
Fra:1 Mem:14.69M (Peak 16.19M) | Time:00:00.00 | Mem:0.31M, Peak:0.31M | Scene, ViewLayer | Updating Baking
Fra:1 Mem:14.69M (Peak 16.19M) | Time:00:00.00 | Mem:0.31M, Peak:0.31M | Scene, ViewLayer | Updating Device | Writing constant memory
Fra:1 Mem:14.69M (Peak 16.19M) | Time:00:00.00 | Mem:0.31M, Peak:0.31M | Scene, ViewLayer | Sample 0/24
Fra:1 Mem:23.93M (Peak 23.93M) | Time:00:00.23 | Remaining:00:05.28 | Mem:9.54M, Peak:9.54M | Scene, ViewLayer | Sample 1/24
Fra:1 Mem:28.03M (Peak 36.23M) | Time:00:05.44 | Mem:9.54M, Peak:9.54M | Scene, ViewLayer | Sample 24/24
Fra:1 Mem:28.03M (Peak 36.23M) | Time:00:05.44 | Mem:9.54M, Peak:9.54M | Scene, ViewLayer | Finished
Saved: '/workspace/scratch/7c20b5ba4165/atlas-backlog-oct3/tools/assets/traffic-car-templates/qa/previews/traffic-sedan-lod1-lod2.png'
Time: 00:05.48 (Saving: 00:00.03)

Extensions: writing cache failed ([Errno 30] Read-only file system: '/home/agent/.config/blender').
16:09:06 | INFO: Data are loaded, start creating Blender stuff
16:09:06 | INFO: Blender create Mesh node body-shell-editable-mesh
16:09:06 | INFO: Blender create Mesh node glass-right-rear-editable-mesh
16:09:06 | INFO: Blender create Mesh node wheel-front-right-editable-mesh
16:09:06 | INFO: Blender create Mesh node wheel-rear-right-editable-mesh
16:09:06 | INFO: Blender create Mesh node wheel-front-left-editable-mesh
16:09:06 | INFO: Blender create Mesh node wheel-rear-left-editable-mesh
16:09:06 | INFO: Blender create Mesh node door-handle-right-0.65-editable-mesh
16:09:06 | INFO: glTF import finished in 0.01s
Fra:1 Mem:15.39M (Peak 15.39M) | Time:00:00.00 | Mem:0.00M, Peak:0.00M | Scene, ViewLayer | Synchronizing object | body-shell
Fra:1 Mem:15.68M (Peak 15.68M) | Time:00:00.00 | Mem:0.00M, Peak:0.00M | Scene, ViewLayer | Synchronizing object | QA-ruler-tick.010
Fra:1 Mem:15.53M (Peak 15.68M) | Time:00:00.00 | Mem:0.00M, Peak:0.00M | Scene, ViewLayer | Synchronizing object | QA-ruler-tick.009
Fra:1 Mem:15.61M (Peak 15.68M) | Time:00:00.00 | Mem:0.00M, Peak:0.00M | Scene, ViewLayer | Synchronizing object | QA-ruler-tick.008
Fra:1 Mem:15.61M (Peak 15.68M) | Time:00:00.00 | Mem:0.00M, Peak:0.00M | Scene, ViewLayer | Synchronizing object | QA-ruler-tick.007
Fra:1 Mem:15.61M (Peak 15.68M) | Time:00:00.00 | Mem:0.00M, Peak:0.00M | Scene, ViewLayer | Synchronizing object | QA-ruler-tick.006
Fra:1 Mem:15.61M (Peak 15.68M) | Time:00:00.00 | Mem:0.00M, Peak:0.00M | Scene, ViewLayer | Synchronizing object | QA-ruler-tick.005
Fra:1 Mem:15.62M (Peak 15.68M) | Time:00:00.00 | Mem:0.00M, Peak:0.00M | Scene, ViewLayer | Synchronizing object | QA-ruler-tick.004
Fra:1 Mem:15.62M (Peak 15.68M) | Time:00:00.00 | Mem:0.00M, Peak:0.00M | Scene, ViewLayer | Synchronizing object | QA-ruler-tick.003
Fra:1 Mem:15.62M (Peak 15.68M) | Time:00:00.00 | Mem:0.00M, Peak:0.00M | Scene, ViewLayer | Synchronizing object | QA-ruler-tick.002
Fra:1 Mem:15.62M (Peak 15.68M) | Time:00:00.00 | Mem:0.00M, Peak:0.00M | Scene, ViewLayer | Synchronizing object | QA-ruler-tick.001
Fra:1 Mem:15.62M (Peak 15.68M) | Time:00:00.00 | Mem:0.00M, Peak:0.00M | Scene, ViewLayer | Synchronizing object | QA-ruler-tick
Fra:1 Mem:15.56M (Peak 15.68M) | Time:00:00.00 | Mem:0.00M, Peak:0.00M | Scene, ViewLayer | Synchronizing object | QA-one-metre-ruler
Fra:1 Mem:15.59M (Peak 15.68M) | Time:00:00.00 | Mem:0.00M, Peak:0.00M | Scene, ViewLayer | Synchronizing object | QA-human-head.001
Fra:1 Mem:15.52M (Peak 15.68M) | Time:00:00.00 | Mem:0.00M, Peak:0.00M | Scene, ViewLayer | Synchronizing object | QA-human-arm.003
Fra:1 Mem:15.54M (Peak 15.68M) | Time:00:00.00 | Mem:0.00M, Peak:0.00M | Scene, ViewLayer | Synchronizing object | QA-human-arm.002
Fra:1 Mem:15.54M (Peak 15.68M) | Time:00:00.00 | Mem:0.00M, Peak:0.00M | Scene, ViewLayer | Synchronizing object | QA-human-torso.001
Fra:1 Mem:15.52M (Peak 15.68M) | Time:00:00.00 | Mem:0.00M, Peak:0.00M | Scene, ViewLayer | Synchronizing object | glass
Fra:1 Mem:15.52M (Peak 15.68M) | Time:00:00.00 | Mem:0.00M, Peak:0.00M | Scene, ViewLayer | Synchronizing object | QA-human-leg.003
Fra:1 Mem:15.52M (Peak 15.68M) | Time:00:00.00 | Mem:0.00M, Peak:0.00M | Scene, ViewLayer | Synchronizing object | QA-human-leg.002
Fra:1 Mem:15.53M (Peak 15.68M) | Time:00:00.00 | Mem:0.00M, Peak:0.00M | Scene, ViewLayer | Synchronizing object | QA-human-head
Fra:1 Mem:15.54M (Peak 15.68M) | Time:00:00.00 | Mem:0.00M, Peak:0.00M | Scene, ViewLayer | Synchronizing object | QA-human-arm.001
Fra:1 Mem:15.54M (Peak 15.68M) | Time:00:00.00 | Mem:0.00M, Peak:0.00M | Scene, ViewLayer | Synchronizing object | QA-human-arm
Fra:1 Mem:15.53M (Peak 15.68M) | Time:00:00.00 | Mem:0.00M, Peak:0.00M | Scene, ViewLayer | Synchronizing object | wheel-front-right
Fra:1 Mem:15.54M (Peak 15.68M) | Time:00:00.00 | Mem:0.00M, Peak:0.00M | Scene, ViewLayer | Synchronizing object | QA-human-torso
Fra:1 Mem:15.55M (Peak 15.68M) | Time:00:00.00 | Mem:0.00M, Peak:0.00M | Scene, ViewLayer | Synchronizing object | QA-human-leg.001
Fra:1 Mem:15.60M (Peak 15.68M) | Time:00:00.00 | Mem:0.00M, Peak:0.00M | Scene, ViewLayer | Synchronizing object | QA-human-leg
Fra:1 Mem:15.60M (Peak 15.68M) | Time:00:00.00 | Mem:0.00M, Peak:0.00M | Scene, ViewLayer | Synchronizing object | QA-ground
Fra:1 Mem:15.62M (Peak 15.68M) | Time:00:00.00 | Mem:0.00M, Peak:0.00M | Scene, ViewLayer | Synchronizing object | trim
Fra:1 Mem:15.58M (Peak 15.68M) | Time:00:00.00 | Mem:0.00M, Peak:0.00M | Scene, ViewLayer | Synchronizing object | wheel-rear-left
Fra:1 Mem:15.58M (Peak 15.68M) | Time:00:00.00 | Mem:0.00M, Peak:0.00M | Scene, ViewLayer | Synchronizing object | wheel-rear-right
Fra:1 Mem:15.68M (Peak 15.68M) | Time:00:00.00 | Mem:0.00M, Peak:0.00M | Scene, ViewLayer | Synchronizing object | wheel-front-left
Fra:1 Mem:15.67M (Peak 15.68M) | Time:00:00.00 | Mem:0.00M, Peak:0.00M | Scene, ViewLayer | Initializing
Fra:1 Mem:14.22M (Peak 15.68M) | Time:00:00.00 | Mem:0.00M, Peak:0.00M | Scene, ViewLayer | Waiting for render to start
Fra:1 Mem:14.22M (Peak 15.68M) | Time:00:00.00 | Mem:0.00M, Peak:0.00M | Scene, ViewLayer | Loading render kernels (may take a few minutes the first time)
Fra:1 Mem:14.22M (Peak 15.68M) | Time:00:00.00 | Mem:0.00M, Peak:0.00M | Scene, ViewLayer | Updating Scene
Fra:1 Mem:14.22M (Peak 15.68M) | Time:00:00.00 | Mem:0.00M, Peak:0.00M | Scene, ViewLayer | Updating Shaders
Fra:1 Mem:14.30M (Peak 15.68M) | Time:00:00.00 | Mem:0.01M, Peak:0.01M | Scene, ViewLayer | Updating Procedurals
Fra:1 Mem:14.30M (Peak 15.68M) | Time:00:00.00 | Mem:0.01M, Peak:0.01M | Scene, ViewLayer | Updating Background
Fra:1 Mem:14.30M (Peak 15.68M) | Time:00:00.00 | Mem:0.01M, Peak:0.01M | Scene, ViewLayer | Updating Camera
Fra:1 Mem:14.30M (Peak 15.68M) | Time:00:00.00 | Mem:0.01M, Peak:0.01M | Scene, ViewLayer | Updating Meshes Flags
Fra:1 Mem:14.30M (Peak 15.68M) | Time:00:00.00 | Mem:0.01M, Peak:0.01M | Scene, ViewLayer | Updating Objects
Fra:1 Mem:14.30M (Peak 15.68M) | Time:00:00.00 | Mem:0.01M, Peak:0.01M | Scene, ViewLayer | Updating Objects | Copying Transformations to device
Fra:1 Mem:14.31M (Peak 15.68M) | Time:00:00.00 | Mem:0.01M, Peak:0.01M | Scene, ViewLayer | Updating Objects | Applying Static Transformations
Fra:1 Mem:14.31M (Peak 15.68M) | Time:00:00.00 | Mem:0.01M, Peak:0.01M | Scene, ViewLayer | Updating Particle Systems
Fra:1 Mem:14.31M (Peak 15.68M) | Time:00:00.00 | Mem:0.01M, Peak:0.01M | Scene, ViewLayer | Updating Particle Systems | Copying Particles to device
Fra:1 Mem:14.31M (Peak 15.68M) | Time:00:00.00 | Mem:0.01M, Peak:0.01M | Scene, ViewLayer | Updating Meshes
Fra:1 Mem:14.34M (Peak 15.68M) | Time:00:00.00 | Mem:0.01M, Peak:0.01M | Scene, ViewLayer | Updating Mesh | Computing attributes
Fra:1 Mem:14.39M (Peak 15.68M) | Time:00:00.00 | Mem:0.02M, Peak:0.02M | Scene, ViewLayer | Updating Mesh | Copying Attributes to device
Fra:1 Mem:14.39M (Peak 15.68M) | Time:00:00.00 | Mem:0.06M, Peak:0.06M | Scene, ViewLayer | Updating Scene BVH | Building
Fra:1 Mem:14.39M (Peak 15.68M) | Time:00:00.00 | Mem:0.06M, Peak:0.06M | Scene, ViewLayer | Updating Scene BVH | Building BVH
Fra:1 Mem:14.39M (Peak 15.68M) | Time:00:00.00 | Mem:0.12M, Peak:0.12M | Scene, ViewLayer | Updating Scene BVH | Building BVH 0%
Fra:1 Mem:14.39M (Peak 15.68M) | Time:00:00.00 | Mem:0.19M, Peak:0.24M | Scene, ViewLayer | Updating Scene BVH | Copying BVH to device
Fra:1 Mem:14.39M (Peak 15.68M) | Time:00:00.00 | Mem:0.19M, Peak:0.24M | Scene, ViewLayer | Updating Mesh | Computing normals
Fra:1 Mem:14.55M (Peak 15.68M) | Time:00:00.00 | Mem:0.19M, Peak:0.24M | Scene, ViewLayer | Updating Mesh | Copying Mesh to device
Fra:1 Mem:14.55M (Peak 15.68M) | Time:00:00.00 | Mem:0.34M, Peak:0.34M | Scene, ViewLayer | Updating Objects Flags
Fra:1 Mem:14.55M (Peak 15.68M) | Time:00:00.00 | Mem:0.34M, Peak:0.34M | Scene, ViewLayer | Updating Primitive Offsets
Fra:1 Mem:14.55M (Peak 15.68M) | Time:00:00.00 | Mem:0.34M, Peak:0.34M | Scene, ViewLayer | Updating Images
Fra:1 Mem:14.55M (Peak 15.68M) | Time:00:00.00 | Mem:0.34M, Peak:0.34M | Scene, ViewLayer | Updating Camera Volume
Fra:1 Mem:14.55M (Peak 15.68M) | Time:00:00.00 | Mem:0.34M, Peak:0.34M | Scene, ViewLayer | Updating Lookup Tables
Fra:1 Mem:14.55M (Peak 15.68M) | Time:00:00.00 | Mem:0.42M, Peak:0.42M | Scene, ViewLayer | Updating Lights
Fra:1 Mem:14.55M (Peak 15.68M) | Time:00:00.00 | Mem:0.42M, Peak:0.42M | Scene, ViewLayer | Updating Lights | Computing tree
Fra:1 Mem:14.55M (Peak 15.68M) | Time:00:00.00 | Mem:0.43M, Peak:0.43M | Scene, ViewLayer | Updating Integrator
Fra:1 Mem:14.55M (Peak 15.68M) | Time:00:00.00 | Mem:0.43M, Peak:0.43M | Scene, ViewLayer | Updating Film
Fra:1 Mem:14.55M (Peak 15.68M) | Time:00:00.00 | Mem:0.34M, Peak:0.43M | Scene, ViewLayer | Updating Lookup Tables
Fra:1 Mem:14.55M (Peak 15.68M) | Time:00:00.00 | Mem:0.43M, Peak:0.43M | Scene, ViewLayer | Updating Baking
Fra:1 Mem:14.55M (Peak 15.68M) | Time:00:00.00 | Mem:0.43M, Peak:0.43M | Scene, ViewLayer | Updating Device | Writing constant memory
Fra:1 Mem:14.55M (Peak 15.68M) | Time:00:00.00 | Mem:0.43M, Peak:0.43M | Scene, ViewLayer | Sample 0/24
Fra:1 Mem:23.79M (Peak 23.79M) | Time:00:00.23 | Remaining:00:05.27 | Mem:9.66M, Peak:9.66M | Scene, ViewLayer | Sample 1/24
Fra:1 Mem:27.89M (Peak 36.09M) | Time:00:05.54 | Mem:9.66M, Peak:9.66M | Scene, ViewLayer | Sample 24/24
Fra:1 Mem:27.89M (Peak 36.09M) | Time:00:05.54 | Mem:9.66M, Peak:9.66M | Scene, ViewLayer | Finished
Saved: '/workspace/scratch/7c20b5ba4165/atlas-backlog-oct3/tools/assets/traffic-car-templates/qa/previews/traffic-sedan-sunny.png'
Time: 00:05.59 (Saving: 00:00.04)

Extensions: writing cache failed ([Errno 30] Read-only file system: '/home/agent/.config/blender').
16:09:12 | INFO: Data are loaded, start creating Blender stuff
16:09:12 | INFO: Blender create Mesh node body-shell-editable-mesh
16:09:12 | INFO: Blender create Mesh node glass-right-rear-editable-mesh
16:09:12 | INFO: Blender create Mesh node wheel-front-right-editable-mesh
16:09:12 | INFO: Blender create Mesh node wheel-rear-right-editable-mesh
16:09:12 | INFO: Blender create Mesh node wheel-front-left-editable-mesh
16:09:12 | INFO: Blender create Mesh node wheel-rear-left-editable-mesh
16:09:12 | INFO: Blender create Mesh node door-handle-right-0.65-editable-mesh
16:09:12 | INFO: glTF import finished in 0.01s
Fra:1 Mem:15.39M (Peak 15.39M) | Time:00:00.00 | Mem:0.00M, Peak:0.00M | Scene, ViewLayer | Synchronizing object | body-shell
Fra:1 Mem:15.51M (Peak 15.51M) | Time:00:00.00 | Mem:0.00M, Peak:0.00M | Scene, ViewLayer | Synchronizing object | QA-ruler-tick.010
Fra:1 Mem:15.53M (Peak 15.53M) | Time:00:00.00 | Mem:0.00M, Peak:0.00M | Scene, ViewLayer | Synchronizing object | QA-ruler-tick.009
Fra:1 Mem:15.61M (Peak 15.61M) | Time:00:00.00 | Mem:0.00M, Peak:0.00M | Scene, ViewLayer | Synchronizing object | QA-ruler-tick.008
Fra:1 Mem:15.61M (Peak 15.61M) | Time:00:00.00 | Mem:0.00M, Peak:0.00M | Scene, ViewLayer | Synchronizing object | QA-ruler-tick.007
Fra:1 Mem:15.61M (Peak 15.61M) | Time:00:00.00 | Mem:0.00M, Peak:0.00M | Scene, ViewLayer | Synchronizing object | QA-ruler-tick.006
Fra:1 Mem:15.61M (Peak 15.61M) | Time:00:00.00 | Mem:0.00M, Peak:0.00M | Scene, ViewLayer | Synchronizing object | QA-ruler-tick.005
Fra:1 Mem:15.62M (Peak 15.62M) | Time:00:00.00 | Mem:0.00M, Peak:0.00M | Scene, ViewLayer | Synchronizing object | QA-ruler-tick.004
Fra:1 Mem:15.56M (Peak 15.62M) | Time:00:00.00 | Mem:0.00M, Peak:0.00M | Scene, ViewLayer | Synchronizing object | QA-ruler-tick.003
Fra:1 Mem:15.61M (Peak 15.62M) | Time:00:00.00 | Mem:0.00M, Peak:0.00M | Scene, ViewLayer | Synchronizing object | QA-ruler-tick.002
Fra:1 Mem:15.61M (Peak 15.62M) | Time:00:00.00 | Mem:0.00M, Peak:0.00M | Scene, ViewLayer | Synchronizing object | QA-ruler-tick.001
Fra:1 Mem:15.50M (Peak 15.62M) | Time:00:00.00 | Mem:0.00M, Peak:0.00M | Scene, ViewLayer | Synchronizing object | QA-ruler-tick
Fra:1 Mem:15.50M (Peak 15.62M) | Time:00:00.00 | Mem:0.00M, Peak:0.00M | Scene, ViewLayer | Synchronizing object | glass
Fra:1 Mem:15.51M (Peak 15.62M) | Time:00:00.00 | Mem:0.00M, Peak:0.00M | Scene, ViewLayer | Synchronizing object | QA-one-metre-ruler
Fra:1 Mem:15.52M (Peak 15.62M) | Time:00:00.00 | Mem:0.00M, Peak:0.00M | Scene, ViewLayer | Synchronizing object | QA-human-head.001
Fra:1 Mem:15.52M (Peak 15.62M) | Time:00:00.00 | Mem:0.00M, Peak:0.00M | Scene, ViewLayer | Synchronizing object | wheel-front-right
Fra:1 Mem:15.52M (Peak 15.62M) | Time:00:00.00 | Mem:0.00M, Peak:0.00M | Scene, ViewLayer | Synchronizing object | QA-human-arm.003
Fra:1 Mem:15.58M (Peak 15.62M) | Time:00:00.00 | Mem:0.00M, Peak:0.00M | Scene, ViewLayer | Synchronizing object | QA-human-arm.002
Fra:1 Mem:15.60M (Peak 15.62M) | Time:00:00.00 | Mem:0.00M, Peak:0.00M | Scene, ViewLayer | Synchronizing object | QA-human-torso.001
Fra:1 Mem:15.60M (Peak 15.62M) | Time:00:00.00 | Mem:0.00M, Peak:0.00M | Scene, ViewLayer | Synchronizing object | QA-human-leg.003
Fra:1 Mem:15.56M (Peak 15.62M) | Time:00:00.00 | Mem:0.00M, Peak:0.00M | Scene, ViewLayer | Synchronizing object | QA-human-leg.002
Fra:1 Mem:15.59M (Peak 15.62M) | Time:00:00.00 | Mem:0.00M, Peak:0.00M | Scene, ViewLayer | Synchronizing object | QA-human-head
Fra:1 Mem:15.59M (Peak 15.62M) | Time:00:00.00 | Mem:0.00M, Peak:0.00M | Scene, ViewLayer | Synchronizing object | QA-human-arm.001
Fra:1 Mem:15.56M (Peak 15.62M) | Time:00:00.00 | Mem:0.00M, Peak:0.00M | Scene, ViewLayer | Synchronizing object | QA-human-arm
Fra:1 Mem:15.56M (Peak 15.62M) | Time:00:00.00 | Mem:0.00M, Peak:0.00M | Scene, ViewLayer | Synchronizing object | wheel-rear-right
Fra:1 Mem:15.57M (Peak 15.62M) | Time:00:00.00 | Mem:0.00M, Peak:0.00M | Scene, ViewLayer | Synchronizing object | QA-human-torso
Fra:1 Mem:15.63M (Peak 15.63M) | Time:00:00.00 | Mem:0.00M, Peak:0.00M | Scene, ViewLayer | Synchronizing object | QA-human-leg.001
Fra:1 Mem:15.64M (Peak 15.64M) | Time:00:00.00 | Mem:0.00M, Peak:0.00M | Scene, ViewLayer | Synchronizing object | QA-human-leg
Fra:1 Mem:15.64M (Peak 15.64M) | Time:00:00.00 | Mem:0.00M, Peak:0.00M | Scene, ViewLayer | Synchronizing object | QA-ground
Fra:1 Mem:15.60M (Peak 15.64M) | Time:00:00.00 | Mem:0.00M, Peak:0.00M | Scene, ViewLayer | Synchronizing object | trim
Fra:1 Mem:15.65M (Peak 15.65M) | Time:00:00.00 | Mem:0.00M, Peak:0.00M | Scene, ViewLayer | Synchronizing object | wheel-rear-left
Fra:1 Mem:15.67M (Peak 15.67M) | Time:00:00.00 | Mem:0.00M, Peak:0.00M | Scene, ViewLayer | Synchronizing object | wheel-front-left
Fra:1 Mem:15.67M (Peak 15.67M) | Time:00:00.00 | Mem:0.00M, Peak:0.00M | Scene, ViewLayer | Initializing
Fra:1 Mem:14.22M (Peak 15.67M) | Time:00:00.00 | Mem:0.00M, Peak:0.00M | Scene, ViewLayer | Waiting for render to start
Fra:1 Mem:14.22M (Peak 15.67M) | Time:00:00.00 | Mem:0.00M, Peak:0.00M | Scene, ViewLayer | Loading render kernels (may take a few minutes the first time)
Fra:1 Mem:14.22M (Peak 15.67M) | Time:00:00.00 | Mem:0.00M, Peak:0.00M | Scene, ViewLayer | Updating Scene
Fra:1 Mem:14.22M (Peak 15.67M) | Time:00:00.00 | Mem:0.00M, Peak:0.00M | Scene, ViewLayer | Updating Shaders
Fra:1 Mem:14.30M (Peak 15.67M) | Time:00:00.00 | Mem:0.01M, Peak:0.01M | Scene, ViewLayer | Updating Procedurals
Fra:1 Mem:14.30M (Peak 15.67M) | Time:00:00.00 | Mem:0.01M, Peak:0.01M | Scene, ViewLayer | Updating Background
Fra:1 Mem:14.30M (Peak 15.67M) | Time:00:00.00 | Mem:0.01M, Peak:0.01M | Scene, ViewLayer | Updating Camera
Fra:1 Mem:14.30M (Peak 15.67M) | Time:00:00.00 | Mem:0.01M, Peak:0.01M | Scene, ViewLayer | Updating Meshes Flags
Fra:1 Mem:14.30M (Peak 15.67M) | Time:00:00.00 | Mem:0.01M, Peak:0.01M | Scene, ViewLayer | Updating Objects
Fra:1 Mem:14.30M (Peak 15.67M) | Time:00:00.00 | Mem:0.01M, Peak:0.01M | Scene, ViewLayer | Updating Objects | Copying Transformations to device
Fra:1 Mem:14.31M (Peak 15.67M) | Time:00:00.00 | Mem:0.01M, Peak:0.01M | Scene, ViewLayer | Updating Objects | Applying Static Transformations
Fra:1 Mem:14.31M (Peak 15.67M) | Time:00:00.00 | Mem:0.01M, Peak:0.01M | Scene, ViewLayer | Updating Particle Systems
Fra:1 Mem:14.31M (Peak 15.67M) | Time:00:00.00 | Mem:0.01M, Peak:0.01M | Scene, ViewLayer | Updating Particle Systems | Copying Particles to device
Fra:1 Mem:14.31M (Peak 15.67M) | Time:00:00.00 | Mem:0.01M, Peak:0.01M | Scene, ViewLayer | Updating Meshes
Fra:1 Mem:14.34M (Peak 15.67M) | Time:00:00.00 | Mem:0.01M, Peak:0.01M | Scene, ViewLayer | Updating Mesh | Computing attributes
Fra:1 Mem:14.39M (Peak 15.67M) | Time:00:00.00 | Mem:0.02M, Peak:0.02M | Scene, ViewLayer | Updating Mesh | Copying Attributes to device
Fra:1 Mem:14.39M (Peak 15.67M) | Time:00:00.00 | Mem:0.06M, Peak:0.06M | Scene, ViewLayer | Updating Scene BVH | Building
Fra:1 Mem:14.39M (Peak 15.67M) | Time:00:00.00 | Mem:0.06M, Peak:0.06M | Scene, ViewLayer | Updating Scene BVH | Building BVH
Fra:1 Mem:14.39M (Peak 15.67M) | Time:00:00.00 | Mem:0.12M, Peak:0.12M | Scene, ViewLayer | Updating Scene BVH | Building BVH 0%
Fra:1 Mem:14.39M (Peak 15.67M) | Time:00:00.00 | Mem:0.19M, Peak:0.24M | Scene, ViewLayer | Updating Scene BVH | Copying BVH to device
Fra:1 Mem:14.39M (Peak 15.67M) | Time:00:00.00 | Mem:0.19M, Peak:0.24M | Scene, ViewLayer | Updating Mesh | Computing normals
Fra:1 Mem:14.55M (Peak 15.67M) | Time:00:00.00 | Mem:0.19M, Peak:0.24M | Scene, ViewLayer | Updating Mesh | Copying Mesh to device
Fra:1 Mem:14.55M (Peak 15.67M) | Time:00:00.00 | Mem:0.34M, Peak:0.34M | Scene, ViewLayer | Updating Objects Flags
Fra:1 Mem:14.55M (Peak 15.67M) | Time:00:00.00 | Mem:0.34M, Peak:0.34M | Scene, ViewLayer | Updating Primitive Offsets
Fra:1 Mem:14.55M (Peak 15.67M) | Time:00:00.00 | Mem:0.34M, Peak:0.34M | Scene, ViewLayer | Updating Images
Fra:1 Mem:14.55M (Peak 15.67M) | Time:00:00.00 | Mem:0.34M, Peak:0.34M | Scene, ViewLayer | Updating Camera Volume
Fra:1 Mem:14.55M (Peak 15.67M) | Time:00:00.00 | Mem:0.34M, Peak:0.34M | Scene, ViewLayer | Updating Lookup Tables
Fra:1 Mem:14.55M (Peak 15.67M) | Time:00:00.00 | Mem:0.42M, Peak:0.42M | Scene, ViewLayer | Updating Lights
Fra:1 Mem:14.55M (Peak 15.67M) | Time:00:00.00 | Mem:0.42M, Peak:0.42M | Scene, ViewLayer | Updating Lights | Computing tree
Fra:1 Mem:14.55M (Peak 15.67M) | Time:00:00.00 | Mem:0.43M, Peak:0.43M | Scene, ViewLayer | Updating Integrator
Fra:1 Mem:14.55M (Peak 15.67M) | Time:00:00.00 | Mem:0.43M, Peak:0.43M | Scene, ViewLayer | Updating Film
Fra:1 Mem:14.55M (Peak 15.67M) | Time:00:00.00 | Mem:0.34M, Peak:0.43M | Scene, ViewLayer | Updating Lookup Tables
Fra:1 Mem:14.55M (Peak 15.67M) | Time:00:00.00 | Mem:0.43M, Peak:0.43M | Scene, ViewLayer | Updating Baking
Fra:1 Mem:14.55M (Peak 15.67M) | Time:00:00.00 | Mem:0.43M, Peak:0.43M | Scene, ViewLayer | Updating Device | Writing constant memory
Fra:1 Mem:14.55M (Peak 15.67M) | Time:00:00.00 | Mem:0.43M, Peak:0.43M | Scene, ViewLayer | Sample 0/24
Fra:1 Mem:23.79M (Peak 23.79M) | Time:00:00.23 | Remaining:00:05.27 | Mem:9.66M, Peak:9.66M | Scene, ViewLayer | Sample 1/24
Fra:1 Mem:27.89M (Peak 36.09M) | Time:00:05.33 | Mem:9.66M, Peak:9.66M | Scene, ViewLayer | Sample 24/24
Fra:1 Mem:27.89M (Peak 36.09M) | Time:00:05.33 | Mem:9.66M, Peak:9.66M | Scene, ViewLayer | Finished
Saved: '/workspace/scratch/7c20b5ba4165/atlas-backlog-oct3/tools/assets/traffic-car-templates/qa/previews/traffic-sedan-overcast.png'
Time: 00:05.37 (Saving: 00:00.03)

Extensions: writing cache failed ([Errno 30] Read-only file system: '/home/agent/.config/blender').
16:09:17 | INFO: Data are loaded, start creating Blender stuff
16:09:17 | INFO: Blender create Mesh node body-shell-editable-mesh
16:09:17 | INFO: Blender create Mesh node glass-right-rear-editable-mesh
16:09:17 | INFO: Blender create Mesh node wheel-front-right-editable-mesh
16:09:17 | INFO: Blender create Mesh node wheel-rear-right-editable-mesh
16:09:17 | INFO: Blender create Mesh node wheel-front-left-editable-mesh
16:09:17 | INFO: Blender create Mesh node wheel-rear-left-editable-mesh
16:09:17 | INFO: Blender create Mesh node door-handle-right-0.65-editable-mesh
16:09:17 | INFO: glTF import finished in 0.01s
Fra:1 Mem:15.39M (Peak 15.39M) | Time:00:00.00 | Mem:0.00M, Peak:0.00M | Scene, ViewLayer | Synchronizing object | body-shell
Fra:1 Mem:15.68M (Peak 15.68M) | Time:00:00.00 | Mem:0.00M, Peak:0.00M | Scene, ViewLayer | Synchronizing object | QA-ruler-tick.010
Fra:1 Mem:15.50M (Peak 15.68M) | Time:00:00.00 | Mem:0.00M, Peak:0.00M | Scene, ViewLayer | Synchronizing object | QA-ruler-tick.009
Fra:1 Mem:15.51M (Peak 15.68M) | Time:00:00.00 | Mem:0.00M, Peak:0.00M | Scene, ViewLayer | Synchronizing object | QA-ruler-tick.008
Fra:1 Mem:15.52M (Peak 15.68M) | Time:00:00.00 | Mem:0.00M, Peak:0.00M | Scene, ViewLayer | Synchronizing object | QA-ruler-tick.007
Fra:1 Mem:15.52M (Peak 15.68M) | Time:00:00.00 | Mem:0.00M, Peak:0.00M | Scene, ViewLayer | Synchronizing object | QA-ruler-tick.006
Fra:1 Mem:15.52M (Peak 15.68M) | Time:00:00.00 | Mem:0.00M, Peak:0.00M | Scene, ViewLayer | Synchronizing object | QA-ruler-tick.005
Fra:1 Mem:15.52M (Peak 15.68M) | Time:00:00.00 | Mem:0.00M, Peak:0.00M | Scene, ViewLayer | Synchronizing object | QA-ruler-tick.004
Fra:1 Mem:15.55M (Peak 15.68M) | Time:00:00.00 | Mem:0.00M, Peak:0.00M | Scene, ViewLayer | Synchronizing object | QA-ruler-tick.003
Fra:1 Mem:15.62M (Peak 15.68M) | Time:00:00.00 | Mem:0.00M, Peak:0.00M | Scene, ViewLayer | Synchronizing object | QA-ruler-tick.002
Fra:1 Mem:15.62M (Peak 15.68M) | Time:00:00.00 | Mem:0.00M, Peak:0.00M | Scene, ViewLayer | Synchronizing object | QA-ruler-tick.001
Fra:1 Mem:15.62M (Peak 15.68M) | Time:00:00.00 | Mem:0.00M, Peak:0.00M | Scene, ViewLayer | Synchronizing object | QA-ruler-tick
Fra:1 Mem:15.62M (Peak 15.68M) | Time:00:00.00 | Mem:0.00M, Peak:0.00M | Scene, ViewLayer | Synchronizing object | QA-one-metre-ruler
Fra:1 Mem:15.62M (Peak 15.68M) | Time:00:00.00 | Mem:0.00M, Peak:0.00M | Scene, ViewLayer | Synchronizing object | QA-human-head.001
Fra:1 Mem:15.63M (Peak 15.68M) | Time:00:00.00 | Mem:0.00M, Peak:0.00M | Scene, ViewLayer | Synchronizing object | QA-human-arm.003
Fra:1 Mem:15.63M (Peak 15.68M) | Time:00:00.00 | Mem:0.00M, Peak:0.00M | Scene, ViewLayer | Synchronizing object | QA-human-arm.002
Fra:1 Mem:15.57M (Peak 15.68M) | Time:00:00.00 | Mem:0.00M, Peak:0.00M | Scene, ViewLayer | Synchronizing object | QA-human-torso.001
Fra:1 Mem:15.60M (Peak 15.68M) | Time:00:00.00 | Mem:0.00M, Peak:0.00M | Scene, ViewLayer | Synchronizing object | QA-human-leg.003
Fra:1 Mem:15.62M (Peak 15.68M) | Time:00:00.00 | Mem:0.00M, Peak:0.00M | Scene, ViewLayer | Synchronizing object | QA-human-leg.002
Fra:1 Mem:15.63M (Peak 15.68M) | Time:00:00.00 | Mem:0.00M, Peak:0.00M | Scene, ViewLayer | Synchronizing object | QA-human-head
Fra:1 Mem:15.55M (Peak 15.68M) | Time:00:00.00 | Mem:0.00M, Peak:0.00M | Scene, ViewLayer | Synchronizing object | QA-human-arm.001
Fra:1 Mem:15.55M (Peak 15.68M) | Time:00:00.00 | Mem:0.00M, Peak:0.00M | Scene, ViewLayer | Synchronizing object | QA-human-arm
Fra:1 Mem:15.53M (Peak 15.68M) | Time:00:00.00 | Mem:0.00M, Peak:0.00M | Scene, ViewLayer | Synchronizing object | glass
Fra:1 Mem:15.54M (Peak 15.68M) | Time:00:00.00 | Mem:0.00M, Peak:0.00M | Scene, ViewLayer | Synchronizing object | QA-human-torso
Fra:1 Mem:15.54M (Peak 15.68M) | Time:00:00.00 | Mem:0.00M, Peak:0.00M | Scene, ViewLayer | Synchronizing object | QA-human-leg.001
Fra:1 Mem:15.55M (Peak 15.68M) | Time:00:00.00 | Mem:0.00M, Peak:0.00M | Scene, ViewLayer | Synchronizing object | QA-human-leg
Fra:1 Mem:15.55M (Peak 15.68M) | Time:00:00.00 | Mem:0.00M, Peak:0.00M | Scene, ViewLayer | Synchronizing object | QA-ground
Fra:1 Mem:15.54M (Peak 15.68M) | Time:00:00.00 | Mem:0.00M, Peak:0.00M | Scene, ViewLayer | Synchronizing object | trim
Fra:1 Mem:15.54M (Peak 15.68M) | Time:00:00.00 | Mem:0.00M, Peak:0.00M | Scene, ViewLayer | Synchronizing object | wheel-front-right
Fra:1 Mem:15.62M (Peak 15.68M) | Time:00:00.00 | Mem:0.00M, Peak:0.00M | Scene, ViewLayer | Synchronizing object | wheel-rear-left
Fra:1 Mem:15.62M (Peak 15.68M) | Time:00:00.00 | Mem:0.00M, Peak:0.00M | Scene, ViewLayer | Synchronizing object | wheel-rear-right
Fra:1 Mem:15.63M (Peak 15.68M) | Time:00:00.00 | Mem:0.00M, Peak:0.00M | Scene, ViewLayer | Synchronizing object | wheel-front-left
Fra:1 Mem:15.67M (Peak 15.68M) | Time:00:00.00 | Mem:0.00M, Peak:0.00M | Scene, ViewLayer | Initializing
Fra:1 Mem:14.22M (Peak 15.68M) | Time:00:00.00 | Mem:0.00M, Peak:0.00M | Scene, ViewLayer | Waiting for render to start
Fra:1 Mem:14.22M (Peak 15.68M) | Time:00:00.00 | Mem:0.00M, Peak:0.00M | Scene, ViewLayer | Loading render kernels (may take a few minutes the first time)
Fra:1 Mem:14.22M (Peak 15.68M) | Time:00:00.00 | Mem:0.00M, Peak:0.00M | Scene, ViewLayer | Updating Scene
Fra:1 Mem:14.22M (Peak 15.68M) | Time:00:00.00 | Mem:0.00M, Peak:0.00M | Scene, ViewLayer | Updating Shaders
Fra:1 Mem:14.30M (Peak 15.68M) | Time:00:00.00 | Mem:0.01M, Peak:0.01M | Scene, ViewLayer | Updating Procedurals
Fra:1 Mem:14.30M (Peak 15.68M) | Time:00:00.00 | Mem:0.01M, Peak:0.01M | Scene, ViewLayer | Updating Background
Fra:1 Mem:14.30M (Peak 15.68M) | Time:00:00.00 | Mem:0.01M, Peak:0.01M | Scene, ViewLayer | Updating Camera
Fra:1 Mem:14.30M (Peak 15.68M) | Time:00:00.00 | Mem:0.01M, Peak:0.01M | Scene, ViewLayer | Updating Meshes Flags
Fra:1 Mem:14.30M (Peak 15.68M) | Time:00:00.00 | Mem:0.01M, Peak:0.01M | Scene, ViewLayer | Updating Objects
Fra:1 Mem:14.30M (Peak 15.68M) | Time:00:00.00 | Mem:0.01M, Peak:0.01M | Scene, ViewLayer | Updating Objects | Copying Transformations to device
Fra:1 Mem:14.31M (Peak 15.68M) | Time:00:00.00 | Mem:0.01M, Peak:0.01M | Scene, ViewLayer | Updating Objects | Applying Static Transformations
Fra:1 Mem:14.31M (Peak 15.68M) | Time:00:00.00 | Mem:0.01M, Peak:0.01M | Scene, ViewLayer | Updating Particle Systems
Fra:1 Mem:14.31M (Peak 15.68M) | Time:00:00.00 | Mem:0.01M, Peak:0.01M | Scene, ViewLayer | Updating Particle Systems | Copying Particles to device
Fra:1 Mem:14.31M (Peak 15.68M) | Time:00:00.00 | Mem:0.01M, Peak:0.01M | Scene, ViewLayer | Updating Meshes
Fra:1 Mem:14.34M (Peak 15.68M) | Time:00:00.00 | Mem:0.01M, Peak:0.01M | Scene, ViewLayer | Updating Mesh | Computing attributes
Fra:1 Mem:14.39M (Peak 15.68M) | Time:00:00.00 | Mem:0.02M, Peak:0.02M | Scene, ViewLayer | Updating Mesh | Copying Attributes to device
Fra:1 Mem:14.39M (Peak 15.68M) | Time:00:00.00 | Mem:0.06M, Peak:0.06M | Scene, ViewLayer | Updating Scene BVH | Building
Fra:1 Mem:14.39M (Peak 15.68M) | Time:00:00.00 | Mem:0.06M, Peak:0.06M | Scene, ViewLayer | Updating Scene BVH | Building BVH
Fra:1 Mem:14.39M (Peak 15.68M) | Time:00:00.00 | Mem:0.12M, Peak:0.12M | Scene, ViewLayer | Updating Scene BVH | Building BVH 0%
Fra:1 Mem:14.39M (Peak 15.68M) | Time:00:00.00 | Mem:0.19M, Peak:0.24M | Scene, ViewLayer | Updating Scene BVH | Copying BVH to device
Fra:1 Mem:14.39M (Peak 15.68M) | Time:00:00.00 | Mem:0.19M, Peak:0.24M | Scene, ViewLayer | Updating Mesh | Computing normals
Fra:1 Mem:14.55M (Peak 15.68M) | Time:00:00.00 | Mem:0.19M, Peak:0.24M | Scene, ViewLayer | Updating Mesh | Copying Mesh to device
Fra:1 Mem:14.55M (Peak 15.68M) | Time:00:00.00 | Mem:0.34M, Peak:0.34M | Scene, ViewLayer | Updating Objects Flags
Fra:1 Mem:14.55M (Peak 15.68M) | Time:00:00.00 | Mem:0.34M, Peak:0.34M | Scene, ViewLayer | Updating Primitive Offsets
Fra:1 Mem:14.55M (Peak 15.68M) | Time:00:00.00 | Mem:0.34M, Peak:0.34M | Scene, ViewLayer | Updating Images
Fra:1 Mem:14.55M (Peak 15.68M) | Time:00:00.00 | Mem:0.34M, Peak:0.34M | Scene, ViewLayer | Updating Camera Volume
Fra:1 Mem:14.55M (Peak 15.68M) | Time:00:00.00 | Mem:0.34M, Peak:0.34M | Scene, ViewLayer | Updating Lookup Tables
Fra:1 Mem:14.55M (Peak 15.68M) | Time:00:00.00 | Mem:0.42M, Peak:0.42M | Scene, ViewLayer | Updating Lights
Fra:1 Mem:14.55M (Peak 15.68M) | Time:00:00.00 | Mem:0.42M, Peak:0.42M | Scene, ViewLayer | Updating Lights | Computing tree
Fra:1 Mem:14.55M (Peak 15.68M) | Time:00:00.00 | Mem:0.43M, Peak:0.43M | Scene, ViewLayer | Updating Integrator
Fra:1 Mem:14.55M (Peak 15.68M) | Time:00:00.00 | Mem:0.43M, Peak:0.43M | Scene, ViewLayer | Updating Film
Fra:1 Mem:14.55M (Peak 15.68M) | Time:00:00.00 | Mem:0.34M, Peak:0.43M | Scene, ViewLayer | Updating Lookup Tables
Fra:1 Mem:14.55M (Peak 15.68M) | Time:00:00.00 | Mem:0.43M, Peak:0.43M | Scene, ViewLayer | Updating Baking
Fra:1 Mem:14.55M (Peak 15.68M) | Time:00:00.00 | Mem:0.43M, Peak:0.43M | Scene, ViewLayer | Updating Device | Writing constant memory
Fra:1 Mem:14.55M (Peak 15.68M) | Time:00:00.00 | Mem:0.43M, Peak:0.43M | Scene, ViewLayer | Sample 0/24
Fra:1 Mem:23.79M (Peak 23.79M) | Time:00:00.23 | Remaining:00:05.35 | Mem:9.66M, Peak:9.66M | Scene, ViewLayer | Sample 1/24
Fra:1 Mem:27.89M (Peak 36.09M) | Time:00:05.15 | Mem:9.66M, Peak:9.66M | Scene, ViewLayer | Sample 24/24
Fra:1 Mem:27.89M (Peak 36.09M) | Time:00:05.15 | Mem:9.66M, Peak:9.66M | Scene, ViewLayer | Finished
Saved: '/workspace/scratch/7c20b5ba4165/atlas-backlog-oct3/tools/assets/traffic-car-templates/qa/previews/traffic-sedan-dusk.png'
Time: 00:05.20 (Saving: 00:00.04)

Extensions: writing cache failed ([Errno 30] Read-only file system: '/home/agent/.config/blender').
16:09:23 | INFO: Data are loaded, start creating Blender stuff
16:09:23 | INFO: Blender create Mesh node body-shell-editable-mesh
16:09:23 | INFO: Blender create Mesh node glass-right-rear-editable-mesh
16:09:23 | INFO: Blender create Mesh node wheel-front-right-editable-mesh
16:09:23 | INFO: Blender create Mesh node wheel-rear-right-editable-mesh
16:09:23 | INFO: Blender create Mesh node wheel-front-left-editable-mesh
16:09:23 | INFO: Blender create Mesh node wheel-rear-left-editable-mesh
16:09:23 | INFO: Blender create Mesh node door-handle-right-0.65-editable-mesh
16:09:23 | INFO: glTF import finished in 0.01s
Fra:1 Mem:15.39M (Peak 15.39M) | Time:00:00.00 | Mem:0.00M, Peak:0.00M | Scene, ViewLayer | Synchronizing object | body-shell
Fra:1 Mem:15.68M (Peak 15.68M) | Time:00:00.00 | Mem:0.00M, Peak:0.00M | Scene, ViewLayer | Synchronizing object | QA-ruler-tick.010
Fra:1 Mem:15.49M (Peak 15.68M) | Time:00:00.00 | Mem:0.00M, Peak:0.00M | Scene, ViewLayer | Synchronizing object | QA-ruler-tick.009
Fra:1 Mem:15.51M (Peak 15.68M) | Time:00:00.00 | Mem:0.00M, Peak:0.00M | Scene, ViewLayer | Synchronizing object | QA-ruler-tick.008
Fra:1 Mem:15.51M (Peak 15.68M) | Time:00:00.00 | Mem:0.00M, Peak:0.00M | Scene, ViewLayer | Synchronizing object | QA-ruler-tick.007
Fra:1 Mem:15.52M (Peak 15.68M) | Time:00:00.00 | Mem:0.00M, Peak:0.00M | Scene, ViewLayer | Synchronizing object | QA-ruler-tick.006
Fra:1 Mem:15.52M (Peak 15.68M) | Time:00:00.00 | Mem:0.00M, Peak:0.00M | Scene, ViewLayer | Synchronizing object | QA-ruler-tick.005
Fra:1 Mem:15.53M (Peak 15.68M) | Time:00:00.00 | Mem:0.00M, Peak:0.00M | Scene, ViewLayer | Synchronizing object | QA-ruler-tick.004
Fra:1 Mem:15.53M (Peak 15.68M) | Time:00:00.00 | Mem:0.00M, Peak:0.00M | Scene, ViewLayer | Synchronizing object | QA-ruler-tick.003
Fra:1 Mem:15.54M (Peak 15.68M) | Time:00:00.00 | Mem:0.00M, Peak:0.00M | Scene, ViewLayer | Synchronizing object | QA-ruler-tick.002
Fra:1 Mem:15.54M (Peak 15.68M) | Time:00:00.00 | Mem:0.00M, Peak:0.00M | Scene, ViewLayer | Synchronizing object | QA-ruler-tick.001
Fra:1 Mem:15.62M (Peak 15.68M) | Time:00:00.00 | Mem:0.00M, Peak:0.00M | Scene, ViewLayer | Synchronizing object | QA-ruler-tick
Fra:1 Mem:15.62M (Peak 15.68M) | Time:00:00.00 | Mem:0.00M, Peak:0.00M | Scene, ViewLayer | Synchronizing object | QA-one-metre-ruler
Fra:1 Mem:15.62M (Peak 15.68M) | Time:00:00.00 | Mem:0.00M, Peak:0.00M | Scene, ViewLayer | Synchronizing object | QA-human-head.001
Fra:1 Mem:15.63M (Peak 15.68M) | Time:00:00.00 | Mem:0.00M, Peak:0.00M | Scene, ViewLayer | Synchronizing object | QA-human-arm.003
Fra:1 Mem:15.63M (Peak 15.68M) | Time:00:00.00 | Mem:0.00M, Peak:0.00M | Scene, ViewLayer | Synchronizing object | QA-human-arm.002
Fra:1 Mem:15.63M (Peak 15.68M) | Time:00:00.00 | Mem:0.00M, Peak:0.00M | Scene, ViewLayer | Synchronizing object | QA-human-torso.001
Fra:1 Mem:15.63M (Peak 15.68M) | Time:00:00.00 | Mem:0.00M, Peak:0.00M | Scene, ViewLayer | Synchronizing object | QA-human-leg.003
Fra:1 Mem:15.64M (Peak 15.68M) | Time:00:00.00 | Mem:0.00M, Peak:0.00M | Scene, ViewLayer | Synchronizing object | QA-human-leg.002
Fra:1 Mem:15.58M (Peak 15.68M) | Time:00:00.00 | Mem:0.00M, Peak:0.00M | Scene, ViewLayer | Synchronizing object | QA-human-head
Fra:1 Mem:15.63M (Peak 15.68M) | Time:00:00.00 | Mem:0.00M, Peak:0.00M | Scene, ViewLayer | Synchronizing object | QA-human-arm.001
Fra:1 Mem:15.64M (Peak 15.68M) | Time:00:00.00 | Mem:0.00M, Peak:0.00M | Scene, ViewLayer | Synchronizing object | QA-human-arm
Fra:1 Mem:15.53M (Peak 15.68M) | Time:00:00.00 | Mem:0.00M, Peak:0.00M | Scene, ViewLayer | Synchronizing object | QA-human-torso
Fra:1 Mem:15.56M (Peak 15.68M) | Time:00:00.00 | Mem:0.00M, Peak:0.00M | Scene, ViewLayer | Synchronizing object | QA-human-leg.001
Fra:1 Mem:15.53M (Peak 15.68M) | Time:00:00.00 | Mem:0.00M, Peak:0.00M | Scene, ViewLayer | Synchronizing object | QA-human-leg
Fra:1 Mem:15.53M (Peak 15.68M) | Time:00:00.00 | Mem:0.00M, Peak:0.00M | Scene, ViewLayer | Synchronizing object | glass
Fra:1 Mem:15.54M (Peak 15.68M) | Time:00:00.00 | Mem:0.00M, Peak:0.00M | Scene, ViewLayer | Synchronizing object | QA-ground
Fra:1 Mem:15.55M (Peak 15.68M) | Time:00:00.00 | Mem:0.00M, Peak:0.00M | Scene, ViewLayer | Synchronizing object | trim
Fra:1 Mem:15.57M (Peak 15.68M) | Time:00:00.00 | Mem:0.00M, Peak:0.00M | Scene, ViewLayer | Synchronizing object | wheel-front-right
Fra:1 Mem:15.62M (Peak 15.68M) | Time:00:00.00 | Mem:0.00M, Peak:0.00M | Scene, ViewLayer | Synchronizing object | wheel-rear-left
Fra:1 Mem:15.62M (Peak 15.68M) | Time:00:00.00 | Mem:0.00M, Peak:0.00M | Scene, ViewLayer | Synchronizing object | wheel-rear-right
Fra:1 Mem:15.69M (Peak 15.69M) | Time:00:00.00 | Mem:0.00M, Peak:0.00M | Scene, ViewLayer | Synchronizing object | wheel-front-left
Fra:1 Mem:15.67M (Peak 15.69M) | Time:00:00.00 | Mem:0.00M, Peak:0.00M | Scene, ViewLayer | Initializing
Fra:1 Mem:14.22M (Peak 15.69M) | Time:00:00.00 | Mem:0.00M, Peak:0.00M | Scene, ViewLayer | Waiting for render to start
Fra:1 Mem:14.22M (Peak 15.69M) | Time:00:00.00 | Mem:0.00M, Peak:0.00M | Scene, ViewLayer | Loading render kernels (may take a few minutes the first time)
Fra:1 Mem:14.22M (Peak 15.69M) | Time:00:00.00 | Mem:0.00M, Peak:0.00M | Scene, ViewLayer | Updating Scene
Fra:1 Mem:14.22M (Peak 15.69M) | Time:00:00.00 | Mem:0.00M, Peak:0.00M | Scene, ViewLayer | Updating Shaders
Fra:1 Mem:14.30M (Peak 15.69M) | Time:00:00.00 | Mem:0.01M, Peak:0.01M | Scene, ViewLayer | Updating Procedurals
Fra:1 Mem:14.30M (Peak 15.69M) | Time:00:00.00 | Mem:0.01M, Peak:0.01M | Scene, ViewLayer | Updating Background
Fra:1 Mem:14.30M (Peak 15.69M) | Time:00:00.00 | Mem:0.01M, Peak:0.01M | Scene, ViewLayer | Updating Camera
Fra:1 Mem:14.30M (Peak 15.69M) | Time:00:00.00 | Mem:0.01M, Peak:0.01M | Scene, ViewLayer | Updating Meshes Flags
Fra:1 Mem:14.30M (Peak 15.69M) | Time:00:00.00 | Mem:0.01M, Peak:0.01M | Scene, ViewLayer | Updating Objects
Fra:1 Mem:14.30M (Peak 15.69M) | Time:00:00.00 | Mem:0.01M, Peak:0.01M | Scene, ViewLayer | Updating Objects | Copying Transformations to device
Fra:1 Mem:14.31M (Peak 15.69M) | Time:00:00.00 | Mem:0.01M, Peak:0.01M | Scene, ViewLayer | Updating Objects | Applying Static Transformations
Fra:1 Mem:14.31M (Peak 15.69M) | Time:00:00.00 | Mem:0.01M, Peak:0.01M | Scene, ViewLayer | Updating Particle Systems
Fra:1 Mem:14.31M (Peak 15.69M) | Time:00:00.00 | Mem:0.01M, Peak:0.01M | Scene, ViewLayer | Updating Particle Systems | Copying Particles to device
Fra:1 Mem:14.31M (Peak 15.69M) | Time:00:00.00 | Mem:0.01M, Peak:0.01M | Scene, ViewLayer | Updating Meshes
Fra:1 Mem:14.34M (Peak 15.69M) | Time:00:00.00 | Mem:0.01M, Peak:0.01M | Scene, ViewLayer | Updating Mesh | Computing attributes
Fra:1 Mem:14.39M (Peak 15.69M) | Time:00:00.00 | Mem:0.02M, Peak:0.02M | Scene, ViewLayer | Updating Mesh | Copying Attributes to device
Fra:1 Mem:14.39M (Peak 15.69M) | Time:00:00.00 | Mem:0.06M, Peak:0.06M | Scene, ViewLayer | Updating Scene BVH | Building
Fra:1 Mem:14.39M (Peak 15.69M) | Time:00:00.00 | Mem:0.06M, Peak:0.06M | Scene, ViewLayer | Updating Scene BVH | Building BVH
Fra:1 Mem:14.39M (Peak 15.69M) | Time:00:00.00 | Mem:0.12M, Peak:0.12M | Scene, ViewLayer | Updating Scene BVH | Building BVH 0%
Fra:1 Mem:14.39M (Peak 15.69M) | Time:00:00.00 | Mem:0.19M, Peak:0.24M | Scene, ViewLayer | Updating Scene BVH | Copying BVH to device
Fra:1 Mem:14.39M (Peak 15.69M) | Time:00:00.00 | Mem:0.19M, Peak:0.24M | Scene, ViewLayer | Updating Mesh | Computing normals
Fra:1 Mem:14.55M (Peak 15.69M) | Time:00:00.00 | Mem:0.19M, Peak:0.24M | Scene, ViewLayer | Updating Mesh | Copying Mesh to device
Fra:1 Mem:14.55M (Peak 15.69M) | Time:00:00.00 | Mem:0.34M, Peak:0.34M | Scene, ViewLayer | Updating Objects Flags
Fra:1 Mem:14.55M (Peak 15.69M) | Time:00:00.00 | Mem:0.34M, Peak:0.34M | Scene, ViewLayer | Updating Primitive Offsets
Fra:1 Mem:14.55M (Peak 15.69M) | Time:00:00.00 | Mem:0.34M, Peak:0.34M | Scene, ViewLayer | Updating Images
Fra:1 Mem:14.55M (Peak 15.69M) | Time:00:00.00 | Mem:0.34M, Peak:0.34M | Scene, ViewLayer | Updating Camera Volume
Fra:1 Mem:14.55M (Peak 15.69M) | Time:00:00.00 | Mem:0.34M, Peak:0.34M | Scene, ViewLayer | Updating Lookup Tables
Fra:1 Mem:14.55M (Peak 15.69M) | Time:00:00.00 | Mem:0.42M, Peak:0.42M | Scene, ViewLayer | Updating Lights
Fra:1 Mem:14.55M (Peak 15.69M) | Time:00:00.00 | Mem:0.42M, Peak:0.42M | Scene, ViewLayer | Updating Lights | Computing tree
Fra:1 Mem:14.55M (Peak 15.69M) | Time:00:00.00 | Mem:0.43M, Peak:0.43M | Scene, ViewLayer | Updating Integrator
Fra:1 Mem:14.55M (Peak 15.69M) | Time:00:00.00 | Mem:0.43M, Peak:0.43M | Scene, ViewLayer | Updating Film
Fra:1 Mem:14.55M (Peak 15.69M) | Time:00:00.00 | Mem:0.34M, Peak:0.43M | Scene, ViewLayer | Updating Lookup Tables
Fra:1 Mem:14.55M (Peak 15.69M) | Time:00:00.00 | Mem:0.43M, Peak:0.43M | Scene, ViewLayer | Updating Baking
Fra:1 Mem:14.55M (Peak 15.69M) | Time:00:00.00 | Mem:0.43M, Peak:0.43M | Scene, ViewLayer | Updating Device | Writing constant memory
Fra:1 Mem:14.55M (Peak 15.69M) | Time:00:00.00 | Mem:0.43M, Peak:0.43M | Scene, ViewLayer | Sample 0/24
Fra:1 Mem:23.79M (Peak 23.79M) | Time:00:00.24 | Remaining:00:05.48 | Mem:9.66M, Peak:9.66M | Scene, ViewLayer | Sample 1/24
Fra:1 Mem:27.89M (Peak 36.09M) | Time:00:05.18 | Mem:9.66M, Peak:9.66M | Scene, ViewLayer | Sample 24/24
Fra:1 Mem:27.89M (Peak 36.09M) | Time:00:05.18 | Mem:9.66M, Peak:9.66M | Scene, ViewLayer | Finished
Saved: '/workspace/scratch/7c20b5ba4165/atlas-backlog-oct3/tools/assets/traffic-car-templates/qa/previews/traffic-sedan-night.png'
Time: 00:05.22 (Saving: 00:00.03)

Extensions: writing cache failed ([Errno 30] Read-only file system: '/home/agent/.config/blender').
16:09:28 | INFO: Data are loaded, start creating Blender stuff
16:09:28 | INFO: Blender create Mesh node body-shell-editable-mesh
16:09:28 | INFO: Blender create Mesh node glass-right-rear-editable-mesh
16:09:28 | INFO: Blender create Mesh node wheel-front-right-editable-mesh
16:09:28 | INFO: Blender create Mesh node wheel-rear-right-editable-mesh
16:09:28 | INFO: Blender create Mesh node wheel-front-left-editable-mesh
16:09:28 | INFO: Blender create Mesh node wheel-rear-left-editable-mesh
16:09:28 | INFO: Blender create Mesh node door-handle-right-0.65-editable-mesh
16:09:28 | INFO: glTF import finished in 0.01s
Fra:1 Mem:15.39M (Peak 15.39M) | Time:00:00.00 | Mem:0.00M, Peak:0.00M | Scene, ViewLayer | Synchronizing object | body-shell
Fra:1 Mem:15.68M (Peak 15.68M) | Time:00:00.00 | Mem:0.00M, Peak:0.00M | Scene, ViewLayer | Synchronizing object | QA-ruler-tick.010
Fra:1 Mem:15.50M (Peak 15.68M) | Time:00:00.00 | Mem:0.00M, Peak:0.00M | Scene, ViewLayer | Synchronizing object | QA-ruler-tick.009
Fra:1 Mem:15.52M (Peak 15.68M) | Time:00:00.00 | Mem:0.00M, Peak:0.00M | Scene, ViewLayer | Synchronizing object | QA-ruler-tick.008
Fra:1 Mem:15.52M (Peak 15.68M) | Time:00:00.00 | Mem:0.00M, Peak:0.00M | Scene, ViewLayer | Synchronizing object | QA-ruler-tick.007
Fra:1 Mem:15.52M (Peak 15.68M) | Time:00:00.00 | Mem:0.00M, Peak:0.00M | Scene, ViewLayer | Synchronizing object | QA-ruler-tick.006
Fra:1 Mem:15.54M (Peak 15.68M) | Time:00:00.00 | Mem:0.00M, Peak:0.00M | Scene, ViewLayer | Synchronizing object | QA-ruler-tick.005
Fra:1 Mem:15.62M (Peak 15.68M) | Time:00:00.00 | Mem:0.00M, Peak:0.00M | Scene, ViewLayer | Synchronizing object | QA-ruler-tick.004
Fra:1 Mem:15.62M (Peak 15.68M) | Time:00:00.00 | Mem:0.00M, Peak:0.00M | Scene, ViewLayer | Synchronizing object | QA-ruler-tick.003
Fra:1 Mem:15.50M (Peak 15.68M) | Time:00:00.00 | Mem:0.00M, Peak:0.00M | Scene, ViewLayer | Synchronizing object | glass
Fra:1 Mem:15.51M (Peak 15.68M) | Time:00:00.00 | Mem:0.00M, Peak:0.00M | Scene, ViewLayer | Synchronizing object | QA-ruler-tick.002
Fra:1 Mem:15.51M (Peak 15.68M) | Time:00:00.00 | Mem:0.00M, Peak:0.00M | Scene, ViewLayer | Synchronizing object | wheel-front-right
Fra:1 Mem:15.52M (Peak 15.68M) | Time:00:00.00 | Mem:0.00M, Peak:0.00M | Scene, ViewLayer | Synchronizing object | QA-ruler-tick.001
Fra:1 Mem:15.57M (Peak 15.68M) | Time:00:00.00 | Mem:0.00M, Peak:0.00M | Scene, ViewLayer | Synchronizing object | QA-ruler-tick
Fra:1 Mem:15.58M (Peak 15.68M) | Time:00:00.00 | Mem:0.00M, Peak:0.00M | Scene, ViewLayer | Synchronizing object | QA-one-metre-ruler
Fra:1 Mem:15.58M (Peak 15.68M) | Time:00:00.00 | Mem:0.00M, Peak:0.00M | Scene, ViewLayer | Synchronizing object | QA-human-head.001
Fra:1 Mem:15.59M (Peak 15.68M) | Time:00:00.00 | Mem:0.00M, Peak:0.00M | Scene, ViewLayer | Synchronizing object | QA-human-arm.003
Fra:1 Mem:15.58M (Peak 15.68M) | Time:00:00.00 | Mem:0.00M, Peak:0.00M | Scene, ViewLayer | Synchronizing object | QA-human-arm.002
Fra:1 Mem:15.56M (Peak 15.68M) | Time:00:00.00 | Mem:0.00M, Peak:0.00M | Scene, ViewLayer | Synchronizing object | QA-human-torso.001
Fra:1 Mem:15.55M (Peak 15.68M) | Time:00:00.00 | Mem:0.00M, Peak:0.00M | Scene, ViewLayer | Synchronizing object | wheel-rear-right
Fra:1 Mem:15.55M (Peak 15.68M) | Time:00:00.00 | Mem:0.00M, Peak:0.00M | Scene, ViewLayer | Synchronizing object | QA-human-leg.003
Fra:1 Mem:15.63M (Peak 15.68M) | Time:00:00.00 | Mem:0.00M, Peak:0.00M | Scene, ViewLayer | Synchronizing object | QA-human-leg.002
Fra:1 Mem:15.64M (Peak 15.68M) | Time:00:00.00 | Mem:0.00M, Peak:0.00M | Scene, ViewLayer | Synchronizing object | QA-human-head
Fra:1 Mem:15.60M (Peak 15.68M) | Time:00:00.00 | Mem:0.00M, Peak:0.00M | Scene, ViewLayer | Synchronizing object | QA-human-arm.001
Fra:1 Mem:15.63M (Peak 15.68M) | Time:00:00.00 | Mem:0.00M, Peak:0.00M | Scene, ViewLayer | Synchronizing object | QA-human-arm
Fra:1 Mem:15.63M (Peak 15.68M) | Time:00:00.00 | Mem:0.00M, Peak:0.00M | Scene, ViewLayer | Synchronizing object | QA-human-torso
Fra:1 Mem:15.59M (Peak 15.68M) | Time:00:00.00 | Mem:0.00M, Peak:0.00M | Scene, ViewLayer | Synchronizing object | wheel-front-left
Fra:1 Mem:15.59M (Peak 15.68M) | Time:00:00.00 | Mem:0.00M, Peak:0.00M | Scene, ViewLayer | Synchronizing object | QA-human-leg.001
Fra:1 Mem:15.60M (Peak 15.68M) | Time:00:00.00 | Mem:0.00M, Peak:0.00M | Scene, ViewLayer | Synchronizing object | QA-human-leg
Fra:1 Mem:15.66M (Peak 15.68M) | Time:00:00.00 | Mem:0.00M, Peak:0.00M | Scene, ViewLayer | Synchronizing object | QA-ground
Fra:1 Mem:15.67M (Peak 15.68M) | Time:00:00.00 | Mem:0.00M, Peak:0.00M | Scene, ViewLayer | Synchronizing object | trim
Fra:1 Mem:15.65M (Peak 15.68M) | Time:00:00.00 | Mem:0.00M, Peak:0.00M | Scene, ViewLayer | Synchronizing object | wheel-rear-left
Fra:1 Mem:15.67M (Peak 15.68M) | Time:00:00.00 | Mem:0.00M, Peak:0.00M | Scene, ViewLayer | Initializing
Fra:1 Mem:14.21M (Peak 15.68M) | Time:00:00.00 | Mem:0.00M, Peak:0.00M | Scene, ViewLayer | Waiting for render to start
Fra:1 Mem:14.22M (Peak 15.68M) | Time:00:00.00 | Mem:0.00M, Peak:0.00M | Scene, ViewLayer | Loading render kernels (may take a few minutes the first time)
Fra:1 Mem:14.22M (Peak 15.68M) | Time:00:00.00 | Mem:0.00M, Peak:0.00M | Scene, ViewLayer | Updating Scene
Fra:1 Mem:14.22M (Peak 15.68M) | Time:00:00.00 | Mem:0.00M, Peak:0.00M | Scene, ViewLayer | Updating Shaders
Fra:1 Mem:14.30M (Peak 15.68M) | Time:00:00.00 | Mem:0.01M, Peak:0.01M | Scene, ViewLayer | Updating Procedurals
Fra:1 Mem:14.30M (Peak 15.68M) | Time:00:00.00 | Mem:0.01M, Peak:0.01M | Scene, ViewLayer | Updating Background
Fra:1 Mem:14.30M (Peak 15.68M) | Time:00:00.00 | Mem:0.01M, Peak:0.01M | Scene, ViewLayer | Updating Camera
Fra:1 Mem:14.30M (Peak 15.68M) | Time:00:00.00 | Mem:0.01M, Peak:0.01M | Scene, ViewLayer | Updating Meshes Flags
Fra:1 Mem:14.30M (Peak 15.68M) | Time:00:00.00 | Mem:0.01M, Peak:0.01M | Scene, ViewLayer | Updating Objects
Fra:1 Mem:14.30M (Peak 15.68M) | Time:00:00.00 | Mem:0.01M, Peak:0.01M | Scene, ViewLayer | Updating Objects | Copying Transformations to device
Fra:1 Mem:14.31M (Peak 15.68M) | Time:00:00.00 | Mem:0.01M, Peak:0.01M | Scene, ViewLayer | Updating Objects | Applying Static Transformations
Fra:1 Mem:14.31M (Peak 15.68M) | Time:00:00.00 | Mem:0.01M, Peak:0.01M | Scene, ViewLayer | Updating Particle Systems
Fra:1 Mem:14.31M (Peak 15.68M) | Time:00:00.00 | Mem:0.01M, Peak:0.01M | Scene, ViewLayer | Updating Particle Systems | Copying Particles to device
Fra:1 Mem:14.31M (Peak 15.68M) | Time:00:00.00 | Mem:0.01M, Peak:0.01M | Scene, ViewLayer | Updating Meshes
Fra:1 Mem:14.34M (Peak 15.68M) | Time:00:00.00 | Mem:0.01M, Peak:0.01M | Scene, ViewLayer | Updating Mesh | Computing attributes
Fra:1 Mem:14.39M (Peak 15.68M) | Time:00:00.00 | Mem:0.02M, Peak:0.02M | Scene, ViewLayer | Updating Mesh | Copying Attributes to device
Fra:1 Mem:14.39M (Peak 15.68M) | Time:00:00.00 | Mem:0.06M, Peak:0.06M | Scene, ViewLayer | Updating Scene BVH | Building
Fra:1 Mem:14.39M (Peak 15.68M) | Time:00:00.00 | Mem:0.06M, Peak:0.06M | Scene, ViewLayer | Updating Scene BVH | Building BVH
Fra:1 Mem:14.39M (Peak 15.68M) | Time:00:00.00 | Mem:0.12M, Peak:0.12M | Scene, ViewLayer | Updating Scene BVH | Building BVH 0%
Fra:1 Mem:14.39M (Peak 15.68M) | Time:00:00.00 | Mem:0.19M, Peak:0.24M | Scene, ViewLayer | Updating Scene BVH | Copying BVH to device
Fra:1 Mem:14.39M (Peak 15.68M) | Time:00:00.00 | Mem:0.19M, Peak:0.24M | Scene, ViewLayer | Updating Mesh | Computing normals
Fra:1 Mem:14.54M (Peak 15.68M) | Time:00:00.00 | Mem:0.19M, Peak:0.24M | Scene, ViewLayer | Updating Mesh | Copying Mesh to device
Fra:1 Mem:14.54M (Peak 15.68M) | Time:00:00.00 | Mem:0.34M, Peak:0.34M | Scene, ViewLayer | Updating Objects Flags
Fra:1 Mem:14.54M (Peak 15.68M) | Time:00:00.00 | Mem:0.34M, Peak:0.34M | Scene, ViewLayer | Updating Primitive Offsets
Fra:1 Mem:14.54M (Peak 15.68M) | Time:00:00.00 | Mem:0.34M, Peak:0.34M | Scene, ViewLayer | Updating Images
Fra:1 Mem:14.54M (Peak 15.68M) | Time:00:00.00 | Mem:0.34M, Peak:0.34M | Scene, ViewLayer | Updating Camera Volume
Fra:1 Mem:14.54M (Peak 15.68M) | Time:00:00.00 | Mem:0.34M, Peak:0.34M | Scene, ViewLayer | Updating Lookup Tables
Fra:1 Mem:14.54M (Peak 15.68M) | Time:00:00.00 | Mem:0.42M, Peak:0.42M | Scene, ViewLayer | Updating Lights
Fra:1 Mem:14.54M (Peak 15.68M) | Time:00:00.00 | Mem:0.42M, Peak:0.42M | Scene, ViewLayer | Updating Lights | Computing tree
Fra:1 Mem:14.54M (Peak 15.68M) | Time:00:00.00 | Mem:0.42M, Peak:0.42M | Scene, ViewLayer | Updating Integrator
Fra:1 Mem:14.54M (Peak 15.68M) | Time:00:00.00 | Mem:0.42M, Peak:0.42M | Scene, ViewLayer | Updating Film
Fra:1 Mem:14.55M (Peak 15.68M) | Time:00:00.00 | Mem:0.34M, Peak:0.42M | Scene, ViewLayer | Updating Lookup Tables
Fra:1 Mem:14.55M (Peak 15.68M) | Time:00:00.00 | Mem:0.43M, Peak:0.43M | Scene, ViewLayer | Updating Baking
Fra:1 Mem:14.55M (Peak 15.68M) | Time:00:00.00 | Mem:0.43M, Peak:0.43M | Scene, ViewLayer | Updating Device | Writing constant memory
Fra:1 Mem:14.55M (Peak 15.68M) | Time:00:00.00 | Mem:0.43M, Peak:0.43M | Scene, ViewLayer | Sample 0/24
Fra:1 Mem:23.79M (Peak 23.79M) | Time:00:00.22 | Remaining:00:04.98 | Mem:9.66M, Peak:9.66M | Scene, ViewLayer | Sample 1/24
Fra:1 Mem:27.89M (Peak 36.09M) | Time:00:04.97 | Mem:9.66M, Peak:9.66M | Scene, ViewLayer | Sample 24/24
Fra:1 Mem:27.89M (Peak 36.09M) | Time:00:04.97 | Mem:9.66M, Peak:9.66M | Scene, ViewLayer | Finished
Saved: '/workspace/scratch/7c20b5ba4165/atlas-backlog-oct3/tools/assets/traffic-car-templates/qa/previews/traffic-suv-front.png'
Time: 00:05.01 (Saving: 00:00.04)

Extensions: writing cache failed ([Errno 30] Read-only file system: '/home/agent/.config/blender').
16:09:33 | INFO: Data are loaded, start creating Blender stuff
16:09:33 | INFO: Blender create Mesh node body-shell-editable-mesh
16:09:33 | INFO: Blender create Mesh node glass-right-rear-editable-mesh
16:09:33 | INFO: Blender create Mesh node wheel-front-right-editable-mesh
16:09:33 | INFO: Blender create Mesh node wheel-rear-right-editable-mesh
16:09:33 | INFO: Blender create Mesh node wheel-front-left-editable-mesh
16:09:33 | INFO: Blender create Mesh node wheel-rear-left-editable-mesh
16:09:33 | INFO: Blender create Mesh node door-handle-right-0.65-editable-mesh
16:09:33 | INFO: glTF import finished in 0.01s
Fra:1 Mem:15.39M (Peak 15.39M) | Time:00:00.00 | Mem:0.00M, Peak:0.00M | Scene, ViewLayer | Synchronizing object | body-shell
Fra:1 Mem:15.69M (Peak 15.69M) | Time:00:00.00 | Mem:0.00M, Peak:0.00M | Scene, ViewLayer | Synchronizing object | QA-ruler-tick.010
Fra:1 Mem:15.71M (Peak 15.71M) | Time:00:00.00 | Mem:0.00M, Peak:0.00M | Scene, ViewLayer | Synchronizing object | QA-ruler-tick.009
Fra:1 Mem:15.47M (Peak 15.71M) | Time:00:00.00 | Mem:0.00M, Peak:0.00M | Scene, ViewLayer | Synchronizing object | QA-ruler-tick.008
Fra:1 Mem:15.51M (Peak 15.71M) | Time:00:00.00 | Mem:0.00M, Peak:0.00M | Scene, ViewLayer | Synchronizing object | QA-ruler-tick.007
Fra:1 Mem:15.51M (Peak 15.71M) | Time:00:00.00 | Mem:0.00M, Peak:0.00M | Scene, ViewLayer | Synchronizing object | QA-ruler-tick.006
Fra:1 Mem:15.52M (Peak 15.71M) | Time:00:00.00 | Mem:0.00M, Peak:0.00M | Scene, ViewLayer | Synchronizing object | QA-ruler-tick.005
Fra:1 Mem:15.53M (Peak 15.71M) | Time:00:00.00 | Mem:0.00M, Peak:0.00M | Scene, ViewLayer | Synchronizing object | QA-ruler-tick.004
Fra:1 Mem:15.53M (Peak 15.71M) | Time:00:00.00 | Mem:0.00M, Peak:0.00M | Scene, ViewLayer | Synchronizing object | QA-ruler-tick.003
Fra:1 Mem:15.53M (Peak 15.71M) | Time:00:00.00 | Mem:0.00M, Peak:0.00M | Scene, ViewLayer | Synchronizing object | QA-ruler-tick.002
Fra:1 Mem:15.54M (Peak 15.71M) | Time:00:00.00 | Mem:0.00M, Peak:0.00M | Scene, ViewLayer | Synchronizing object | QA-ruler-tick.001
Fra:1 Mem:15.55M (Peak 15.71M) | Time:00:00.00 | Mem:0.00M, Peak:0.00M | Scene, ViewLayer | Synchronizing object | QA-ruler-tick
Fra:1 Mem:15.62M (Peak 15.71M) | Time:00:00.00 | Mem:0.00M, Peak:0.00M | Scene, ViewLayer | Synchronizing object | QA-one-metre-ruler
Fra:1 Mem:15.62M (Peak 15.71M) | Time:00:00.00 | Mem:0.00M, Peak:0.00M | Scene, ViewLayer | Synchronizing object | QA-human-head.001
Fra:1 Mem:15.63M (Peak 15.71M) | Time:00:00.00 | Mem:0.00M, Peak:0.00M | Scene, ViewLayer | Synchronizing object | QA-human-arm.003
Fra:1 Mem:15.63M (Peak 15.71M) | Time:00:00.00 | Mem:0.00M, Peak:0.00M | Scene, ViewLayer | Synchronizing object | QA-human-arm.002
Fra:1 Mem:15.63M (Peak 15.71M) | Time:00:00.00 | Mem:0.00M, Peak:0.00M | Scene, ViewLayer | Synchronizing object | QA-human-torso.001
Fra:1 Mem:15.63M (Peak 15.71M) | Time:00:00.00 | Mem:0.00M, Peak:0.00M | Scene, ViewLayer | Synchronizing object | QA-human-leg.003
Fra:1 Mem:15.64M (Peak 15.71M) | Time:00:00.00 | Mem:0.00M, Peak:0.00M | Scene, ViewLayer | Synchronizing object | QA-human-leg.002
Fra:1 Mem:15.60M (Peak 15.71M) | Time:00:00.00 | Mem:0.00M, Peak:0.00M | Scene, ViewLayer | Synchronizing object | QA-human-head
Fra:1 Mem:15.63M (Peak 15.71M) | Time:00:00.00 | Mem:0.00M, Peak:0.00M | Scene, ViewLayer | Synchronizing object | QA-human-arm.001
Fra:1 Mem:15.64M (Peak 15.71M) | Time:00:00.00 | Mem:0.00M, Peak:0.00M | Scene, ViewLayer | Synchronizing object | QA-human-arm
Fra:1 Mem:15.56M (Peak 15.71M) | Time:00:00.00 | Mem:0.00M, Peak:0.00M | Scene, ViewLayer | Synchronizing object | QA-human-torso
Fra:1 Mem:15.56M (Peak 15.71M) | Time:00:00.00 | Mem:0.00M, Peak:0.00M | Scene, ViewLayer | Synchronizing object | QA-human-leg.001
Fra:1 Mem:15.56M (Peak 15.71M) | Time:00:00.00 | Mem:0.00M, Peak:0.00M | Scene, ViewLayer | Synchronizing object | QA-human-leg
Fra:1 Mem:15.53M (Peak 15.71M) | Time:00:00.00 | Mem:0.00M, Peak:0.00M | Scene, ViewLayer | Synchronizing object | glass
Fra:1 Mem:15.54M (Peak 15.71M) | Time:00:00.00 | Mem:0.00M, Peak:0.00M | Scene, ViewLayer | Synchronizing object | QA-ground
Fra:1 Mem:15.55M (Peak 15.71M) | Time:00:00.00 | Mem:0.00M, Peak:0.00M | Scene, ViewLayer | Synchronizing object | trim
Fra:1 Mem:15.56M (Peak 15.71M) | Time:00:00.00 | Mem:0.00M, Peak:0.00M | Scene, ViewLayer | Synchronizing object | wheel-front-right
Fra:1 Mem:15.61M (Peak 15.71M) | Time:00:00.00 | Mem:0.00M, Peak:0.00M | Scene, ViewLayer | Synchronizing object | wheel-rear-left
Fra:1 Mem:15.65M (Peak 15.71M) | Time:00:00.00 | Mem:0.00M, Peak:0.00M | Scene, ViewLayer | Synchronizing object | wheel-rear-right
Fra:1 Mem:15.62M (Peak 15.71M) | Time:00:00.00 | Mem:0.00M, Peak:0.00M | Scene, ViewLayer | Synchronizing object | wheel-front-left
Fra:1 Mem:15.67M (Peak 15.71M) | Time:00:00.00 | Mem:0.00M, Peak:0.00M | Scene, ViewLayer | Initializing
Fra:1 Mem:14.21M (Peak 15.71M) | Time:00:00.00 | Mem:0.00M, Peak:0.00M | Scene, ViewLayer | Waiting for render to start
Fra:1 Mem:14.22M (Peak 15.71M) | Time:00:00.00 | Mem:0.00M, Peak:0.00M | Scene, ViewLayer | Loading render kernels (may take a few minutes the first time)
Fra:1 Mem:14.22M (Peak 15.71M) | Time:00:00.00 | Mem:0.00M, Peak:0.00M | Scene, ViewLayer | Updating Scene
Fra:1 Mem:14.22M (Peak 15.71M) | Time:00:00.00 | Mem:0.00M, Peak:0.00M | Scene, ViewLayer | Updating Shaders
Fra:1 Mem:14.30M (Peak 15.71M) | Time:00:00.00 | Mem:0.01M, Peak:0.01M | Scene, ViewLayer | Updating Procedurals
Fra:1 Mem:14.30M (Peak 15.71M) | Time:00:00.00 | Mem:0.01M, Peak:0.01M | Scene, ViewLayer | Updating Background
Fra:1 Mem:14.30M (Peak 15.71M) | Time:00:00.00 | Mem:0.01M, Peak:0.01M | Scene, ViewLayer | Updating Camera
Fra:1 Mem:14.30M (Peak 15.71M) | Time:00:00.00 | Mem:0.01M, Peak:0.01M | Scene, ViewLayer | Updating Meshes Flags
Fra:1 Mem:14.30M (Peak 15.71M) | Time:00:00.00 | Mem:0.01M, Peak:0.01M | Scene, ViewLayer | Updating Objects
Fra:1 Mem:14.30M (Peak 15.71M) | Time:00:00.00 | Mem:0.01M, Peak:0.01M | Scene, ViewLayer | Updating Objects | Copying Transformations to device
Fra:1 Mem:14.31M (Peak 15.71M) | Time:00:00.00 | Mem:0.01M, Peak:0.01M | Scene, ViewLayer | Updating Objects | Applying Static Transformations
Fra:1 Mem:14.31M (Peak 15.71M) | Time:00:00.00 | Mem:0.01M, Peak:0.01M | Scene, ViewLayer | Updating Particle Systems
Fra:1 Mem:14.31M (Peak 15.71M) | Time:00:00.00 | Mem:0.01M, Peak:0.01M | Scene, ViewLayer | Updating Particle Systems | Copying Particles to device
Fra:1 Mem:14.31M (Peak 15.71M) | Time:00:00.00 | Mem:0.01M, Peak:0.01M | Scene, ViewLayer | Updating Meshes
Fra:1 Mem:14.34M (Peak 15.71M) | Time:00:00.00 | Mem:0.01M, Peak:0.01M | Scene, ViewLayer | Updating Mesh | Computing attributes
Fra:1 Mem:14.39M (Peak 15.71M) | Time:00:00.00 | Mem:0.02M, Peak:0.02M | Scene, ViewLayer | Updating Mesh | Copying Attributes to device
Fra:1 Mem:14.39M (Peak 15.71M) | Time:00:00.00 | Mem:0.06M, Peak:0.06M | Scene, ViewLayer | Updating Scene BVH | Building
Fra:1 Mem:14.39M (Peak 15.71M) | Time:00:00.00 | Mem:0.06M, Peak:0.06M | Scene, ViewLayer | Updating Scene BVH | Building BVH
Fra:1 Mem:14.39M (Peak 15.71M) | Time:00:00.00 | Mem:0.12M, Peak:0.12M | Scene, ViewLayer | Updating Scene BVH | Building BVH 0%
Fra:1 Mem:14.39M (Peak 15.71M) | Time:00:00.00 | Mem:0.19M, Peak:0.24M | Scene, ViewLayer | Updating Scene BVH | Copying BVH to device
Fra:1 Mem:14.39M (Peak 15.71M) | Time:00:00.00 | Mem:0.19M, Peak:0.24M | Scene, ViewLayer | Updating Mesh | Computing normals
Fra:1 Mem:14.54M (Peak 15.71M) | Time:00:00.00 | Mem:0.19M, Peak:0.24M | Scene, ViewLayer | Updating Mesh | Copying Mesh to device
Fra:1 Mem:14.54M (Peak 15.71M) | Time:00:00.00 | Mem:0.34M, Peak:0.34M | Scene, ViewLayer | Updating Objects Flags
Fra:1 Mem:14.54M (Peak 15.71M) | Time:00:00.00 | Mem:0.34M, Peak:0.34M | Scene, ViewLayer | Updating Primitive Offsets
Fra:1 Mem:14.54M (Peak 15.71M) | Time:00:00.00 | Mem:0.34M, Peak:0.34M | Scene, ViewLayer | Updating Images
Fra:1 Mem:14.54M (Peak 15.71M) | Time:00:00.00 | Mem:0.34M, Peak:0.34M | Scene, ViewLayer | Updating Camera Volume
Fra:1 Mem:14.54M (Peak 15.71M) | Time:00:00.00 | Mem:0.34M, Peak:0.34M | Scene, ViewLayer | Updating Lookup Tables
Fra:1 Mem:14.54M (Peak 15.71M) | Time:00:00.00 | Mem:0.42M, Peak:0.42M | Scene, ViewLayer | Updating Lights
Fra:1 Mem:14.54M (Peak 15.71M) | Time:00:00.00 | Mem:0.42M, Peak:0.42M | Scene, ViewLayer | Updating Lights | Computing tree
Fra:1 Mem:14.54M (Peak 15.71M) | Time:00:00.00 | Mem:0.42M, Peak:0.42M | Scene, ViewLayer | Updating Integrator
Fra:1 Mem:14.54M (Peak 15.71M) | Time:00:00.00 | Mem:0.42M, Peak:0.42M | Scene, ViewLayer | Updating Film
Fra:1 Mem:14.55M (Peak 15.71M) | Time:00:00.00 | Mem:0.34M, Peak:0.42M | Scene, ViewLayer | Updating Lookup Tables
Fra:1 Mem:14.55M (Peak 15.71M) | Time:00:00.00 | Mem:0.43M, Peak:0.43M | Scene, ViewLayer | Updating Baking
Fra:1 Mem:14.55M (Peak 15.71M) | Time:00:00.00 | Mem:0.43M, Peak:0.43M | Scene, ViewLayer | Updating Device | Writing constant memory
Fra:1 Mem:14.55M (Peak 15.71M) | Time:00:00.00 | Mem:0.43M, Peak:0.43M | Scene, ViewLayer | Sample 0/24
Fra:1 Mem:23.79M (Peak 23.79M) | Time:00:00.25 | Remaining:00:05.69 | Mem:9.66M, Peak:9.66M | Scene, ViewLayer | Sample 1/24
Fra:1 Mem:27.89M (Peak 36.09M) | Time:00:05.28 | Mem:9.66M, Peak:9.66M | Scene, ViewLayer | Sample 24/24
Fra:1 Mem:27.89M (Peak 36.09M) | Time:00:05.28 | Mem:9.66M, Peak:9.66M | Scene, ViewLayer | Finished
Saved: '/workspace/scratch/7c20b5ba4165/atlas-backlog-oct3/tools/assets/traffic-car-templates/qa/previews/traffic-suv-side.png'
Time: 00:05.32 (Saving: 00:00.03)

Extensions: writing cache failed ([Errno 30] Read-only file system: '/home/agent/.config/blender').
16:09:38 | INFO: Data are loaded, start creating Blender stuff
16:09:38 | INFO: Blender create Mesh node body-shell-editable-mesh
16:09:38 | INFO: Blender create Mesh node glass-right-rear-editable-mesh
16:09:38 | INFO: Blender create Mesh node wheel-front-right-editable-mesh
16:09:38 | INFO: Blender create Mesh node wheel-rear-right-editable-mesh
16:09:38 | INFO: Blender create Mesh node wheel-front-left-editable-mesh
16:09:38 | INFO: Blender create Mesh node wheel-rear-left-editable-mesh
16:09:38 | INFO: Blender create Mesh node door-handle-right-0.65-editable-mesh
16:09:38 | INFO: glTF import finished in 0.01s
Fra:1 Mem:15.39M (Peak 15.39M) | Time:00:00.00 | Mem:0.00M, Peak:0.00M | Scene, ViewLayer | Synchronizing object | body-shell
Fra:1 Mem:15.68M (Peak 15.68M) | Time:00:00.00 | Mem:0.00M, Peak:0.00M | Scene, ViewLayer | Synchronizing object | QA-ruler-tick.010
Fra:1 Mem:15.50M (Peak 15.68M) | Time:00:00.00 | Mem:0.00M, Peak:0.00M | Scene, ViewLayer | Synchronizing object | QA-ruler-tick.009
Fra:1 Mem:15.51M (Peak 15.68M) | Time:00:00.00 | Mem:0.00M, Peak:0.00M | Scene, ViewLayer | Synchronizing object | QA-ruler-tick.008
Fra:1 Mem:15.52M (Peak 15.68M) | Time:00:00.00 | Mem:0.00M, Peak:0.00M | Scene, ViewLayer | Synchronizing object | QA-ruler-tick.007
Fra:1 Mem:15.52M (Peak 15.68M) | Time:00:00.00 | Mem:0.00M, Peak:0.00M | Scene, ViewLayer | Synchronizing object | QA-ruler-tick.006
Fra:1 Mem:15.52M (Peak 15.68M) | Time:00:00.00 | Mem:0.00M, Peak:0.00M | Scene, ViewLayer | Synchronizing object | QA-ruler-tick.005
Fra:1 Mem:15.53M (Peak 15.68M) | Time:00:00.00 | Mem:0.00M, Peak:0.00M | Scene, ViewLayer | Synchronizing object | QA-ruler-tick.004
Fra:1 Mem:15.54M (Peak 15.68M) | Time:00:00.00 | Mem:0.00M, Peak:0.00M | Scene, ViewLayer | Synchronizing object | QA-ruler-tick.003
Fra:1 Mem:15.54M (Peak 15.68M) | Time:00:00.00 | Mem:0.00M, Peak:0.00M | Scene, ViewLayer | Synchronizing object | QA-ruler-tick.002
Fra:1 Mem:15.62M (Peak 15.68M) | Time:00:00.00 | Mem:0.00M, Peak:0.00M | Scene, ViewLayer | Synchronizing object | QA-ruler-tick.001
Fra:1 Mem:15.62M (Peak 15.68M) | Time:00:00.00 | Mem:0.00M, Peak:0.00M | Scene, ViewLayer | Synchronizing object | QA-ruler-tick
Fra:1 Mem:15.62M (Peak 15.68M) | Time:00:00.00 | Mem:0.00M, Peak:0.00M | Scene, ViewLayer | Synchronizing object | QA-one-metre-ruler
Fra:1 Mem:15.62M (Peak 15.68M) | Time:00:00.00 | Mem:0.00M, Peak:0.00M | Scene, ViewLayer | Synchronizing object | QA-human-head.001
Fra:1 Mem:15.63M (Peak 15.68M) | Time:00:00.00 | Mem:0.00M, Peak:0.00M | Scene, ViewLayer | Synchronizing object | QA-human-arm.003
Fra:1 Mem:15.63M (Peak 15.68M) | Time:00:00.00 | Mem:0.00M, Peak:0.00M | Scene, ViewLayer | Synchronizing object | QA-human-arm.002
Fra:1 Mem:15.63M (Peak 15.68M) | Time:00:00.00 | Mem:0.00M, Peak:0.00M | Scene, ViewLayer | Synchronizing object | QA-human-torso.001
Fra:1 Mem:15.63M (Peak 15.68M) | Time:00:00.00 | Mem:0.00M, Peak:0.00M | Scene, ViewLayer | Synchronizing object | QA-human-leg.003
Fra:1 Mem:15.58M (Peak 15.68M) | Time:00:00.00 | Mem:0.00M, Peak:0.00M | Scene, ViewLayer | Synchronizing object | QA-human-leg.002
Fra:1 Mem:15.60M (Peak 15.68M) | Time:00:00.00 | Mem:0.00M, Peak:0.00M | Scene, ViewLayer | Synchronizing object | QA-human-head
Fra:1 Mem:15.64M (Peak 15.68M) | Time:00:00.00 | Mem:0.00M, Peak:0.00M | Scene, ViewLayer | Synchronizing object | QA-human-arm.001
Fra:1 Mem:15.55M (Peak 15.68M) | Time:00:00.00 | Mem:0.00M, Peak:0.00M | Scene, ViewLayer | Synchronizing object | QA-human-arm
Fra:1 Mem:15.56M (Peak 15.68M) | Time:00:00.00 | Mem:0.00M, Peak:0.00M | Scene, ViewLayer | Synchronizing object | QA-human-torso
Fra:1 Mem:15.53M (Peak 15.68M) | Time:00:00.00 | Mem:0.00M, Peak:0.00M | Scene, ViewLayer | Synchronizing object | glass
Fra:1 Mem:15.54M (Peak 15.68M) | Time:00:00.00 | Mem:0.00M, Peak:0.00M | Scene, ViewLayer | Synchronizing object | QA-human-leg.001
Fra:1 Mem:15.55M (Peak 15.68M) | Time:00:00.00 | Mem:0.00M, Peak:0.00M | Scene, ViewLayer | Synchronizing object | QA-human-leg
Fra:1 Mem:15.55M (Peak 15.68M) | Time:00:00.00 | Mem:0.00M, Peak:0.00M | Scene, ViewLayer | Synchronizing object | QA-ground
Fra:1 Mem:15.55M (Peak 15.68M) | Time:00:00.00 | Mem:0.00M, Peak:0.00M | Scene, ViewLayer | Synchronizing object | trim
Fra:1 Mem:15.55M (Peak 15.68M) | Time:00:00.00 | Mem:0.00M, Peak:0.00M | Scene, ViewLayer | Synchronizing object | wheel-front-right
Fra:1 Mem:15.63M (Peak 15.68M) | Time:00:00.00 | Mem:0.00M, Peak:0.00M | Scene, ViewLayer | Synchronizing object | wheel-rear-left
Fra:1 Mem:15.65M (Peak 15.68M) | Time:00:00.00 | Mem:0.00M, Peak:0.00M | Scene, ViewLayer | Synchronizing object | wheel-rear-right
Fra:1 Mem:15.68M (Peak 15.68M) | Time:00:00.00 | Mem:0.00M, Peak:0.00M | Scene, ViewLayer | Synchronizing object | wheel-front-left
Fra:1 Mem:15.67M (Peak 15.68M) | Time:00:00.00 | Mem:0.00M, Peak:0.00M | Scene, ViewLayer | Initializing
Fra:1 Mem:14.21M (Peak 15.68M) | Time:00:00.00 | Mem:0.00M, Peak:0.00M | Scene, ViewLayer | Waiting for render to start
Fra:1 Mem:14.22M (Peak 15.68M) | Time:00:00.00 | Mem:0.00M, Peak:0.00M | Scene, ViewLayer | Loading render kernels (may take a few minutes the first time)
Fra:1 Mem:14.22M (Peak 15.68M) | Time:00:00.00 | Mem:0.00M, Peak:0.00M | Scene, ViewLayer | Updating Scene
Fra:1 Mem:14.22M (Peak 15.68M) | Time:00:00.00 | Mem:0.00M, Peak:0.00M | Scene, ViewLayer | Updating Shaders
Fra:1 Mem:14.30M (Peak 15.68M) | Time:00:00.00 | Mem:0.01M, Peak:0.01M | Scene, ViewLayer | Updating Procedurals
Fra:1 Mem:14.30M (Peak 15.68M) | Time:00:00.00 | Mem:0.01M, Peak:0.01M | Scene, ViewLayer | Updating Background
Fra:1 Mem:14.30M (Peak 15.68M) | Time:00:00.00 | Mem:0.01M, Peak:0.01M | Scene, ViewLayer | Updating Camera
Fra:1 Mem:14.30M (Peak 15.68M) | Time:00:00.00 | Mem:0.01M, Peak:0.01M | Scene, ViewLayer | Updating Meshes Flags
Fra:1 Mem:14.30M (Peak 15.68M) | Time:00:00.00 | Mem:0.01M, Peak:0.01M | Scene, ViewLayer | Updating Objects
Fra:1 Mem:14.30M (Peak 15.68M) | Time:00:00.00 | Mem:0.01M, Peak:0.01M | Scene, ViewLayer | Updating Objects | Copying Transformations to device
Fra:1 Mem:14.31M (Peak 15.68M) | Time:00:00.00 | Mem:0.01M, Peak:0.01M | Scene, ViewLayer | Updating Objects | Applying Static Transformations
Fra:1 Mem:14.31M (Peak 15.68M) | Time:00:00.00 | Mem:0.01M, Peak:0.01M | Scene, ViewLayer | Updating Particle Systems
Fra:1 Mem:14.31M (Peak 15.68M) | Time:00:00.00 | Mem:0.01M, Peak:0.01M | Scene, ViewLayer | Updating Particle Systems | Copying Particles to device
Fra:1 Mem:14.31M (Peak 15.68M) | Time:00:00.00 | Mem:0.01M, Peak:0.01M | Scene, ViewLayer | Updating Meshes
Fra:1 Mem:14.34M (Peak 15.68M) | Time:00:00.00 | Mem:0.01M, Peak:0.01M | Scene, ViewLayer | Updating Mesh | Computing attributes
Fra:1 Mem:14.39M (Peak 15.68M) | Time:00:00.00 | Mem:0.02M, Peak:0.02M | Scene, ViewLayer | Updating Mesh | Copying Attributes to device
Fra:1 Mem:14.39M (Peak 15.68M) | Time:00:00.00 | Mem:0.06M, Peak:0.06M | Scene, ViewLayer | Updating Scene BVH | Building
Fra:1 Mem:14.39M (Peak 15.68M) | Time:00:00.00 | Mem:0.06M, Peak:0.06M | Scene, ViewLayer | Updating Scene BVH | Building BVH
Fra:1 Mem:14.39M (Peak 15.68M) | Time:00:00.00 | Mem:0.12M, Peak:0.12M | Scene, ViewLayer | Updating Scene BVH | Building BVH 0%
Fra:1 Mem:14.39M (Peak 15.68M) | Time:00:00.00 | Mem:0.19M, Peak:0.24M | Scene, ViewLayer | Updating Scene BVH | Copying BVH to device
Fra:1 Mem:14.39M (Peak 15.68M) | Time:00:00.00 | Mem:0.19M, Peak:0.24M | Scene, ViewLayer | Updating Mesh | Computing normals
Fra:1 Mem:14.54M (Peak 15.68M) | Time:00:00.00 | Mem:0.19M, Peak:0.24M | Scene, ViewLayer | Updating Mesh | Copying Mesh to device
Fra:1 Mem:14.54M (Peak 15.68M) | Time:00:00.00 | Mem:0.34M, Peak:0.34M | Scene, ViewLayer | Updating Objects Flags
Fra:1 Mem:14.54M (Peak 15.68M) | Time:00:00.00 | Mem:0.34M, Peak:0.34M | Scene, ViewLayer | Updating Primitive Offsets
Fra:1 Mem:14.54M (Peak 15.68M) | Time:00:00.00 | Mem:0.34M, Peak:0.34M | Scene, ViewLayer | Updating Images
Fra:1 Mem:14.54M (Peak 15.68M) | Time:00:00.00 | Mem:0.34M, Peak:0.34M | Scene, ViewLayer | Updating Camera Volume
Fra:1 Mem:14.54M (Peak 15.68M) | Time:00:00.00 | Mem:0.34M, Peak:0.34M | Scene, ViewLayer | Updating Lookup Tables
Fra:1 Mem:14.54M (Peak 15.68M) | Time:00:00.00 | Mem:0.42M, Peak:0.42M | Scene, ViewLayer | Updating Lights
Fra:1 Mem:14.54M (Peak 15.68M) | Time:00:00.00 | Mem:0.42M, Peak:0.42M | Scene, ViewLayer | Updating Lights | Computing tree
Fra:1 Mem:14.54M (Peak 15.68M) | Time:00:00.00 | Mem:0.42M, Peak:0.42M | Scene, ViewLayer | Updating Integrator
Fra:1 Mem:14.54M (Peak 15.68M) | Time:00:00.00 | Mem:0.42M, Peak:0.42M | Scene, ViewLayer | Updating Film
Fra:1 Mem:14.55M (Peak 15.68M) | Time:00:00.00 | Mem:0.34M, Peak:0.42M | Scene, ViewLayer | Updating Lookup Tables
Fra:1 Mem:14.55M (Peak 15.68M) | Time:00:00.00 | Mem:0.43M, Peak:0.43M | Scene, ViewLayer | Updating Baking
Fra:1 Mem:14.55M (Peak 15.68M) | Time:00:00.00 | Mem:0.43M, Peak:0.43M | Scene, ViewLayer | Updating Device | Writing constant memory
Fra:1 Mem:14.55M (Peak 15.68M) | Time:00:00.00 | Mem:0.43M, Peak:0.43M | Scene, ViewLayer | Sample 0/24
Fra:1 Mem:23.79M (Peak 23.79M) | Time:00:00.25 | Remaining:00:05.71 | Mem:9.66M, Peak:9.66M | Scene, ViewLayer | Sample 1/24
Fra:1 Mem:27.89M (Peak 36.09M) | Time:00:04.87 | Mem:9.66M, Peak:9.66M | Scene, ViewLayer | Sample 24/24
Fra:1 Mem:27.89M (Peak 36.09M) | Time:00:04.87 | Mem:9.66M, Peak:9.66M | Scene, ViewLayer | Finished
Saved: '/workspace/scratch/7c20b5ba4165/atlas-backlog-oct3/tools/assets/traffic-car-templates/qa/previews/traffic-suv-rear.png'
Time: 00:04.91 (Saving: 00:00.03)

Extensions: writing cache failed ([Errno 30] Read-only file system: '/home/agent/.config/blender').
16:09:43 | INFO: Data are loaded, start creating Blender stuff
16:09:43 | INFO: Blender create Mesh node body-shell-editable-mesh
16:09:43 | INFO: Blender create Mesh node glass-right-rear-editable-mesh
16:09:43 | INFO: Blender create Mesh node wheel-front-right-editable-mesh
16:09:43 | INFO: Blender create Mesh node wheel-rear-right-editable-mesh
16:09:43 | INFO: Blender create Mesh node wheel-front-left-editable-mesh
16:09:43 | INFO: Blender create Mesh node wheel-rear-left-editable-mesh
16:09:43 | INFO: Blender create Mesh node door-handle-right-0.65-editable-mesh
16:09:43 | INFO: glTF import finished in 0.01s
Fra:1 Mem:15.39M (Peak 15.39M) | Time:00:00.00 | Mem:0.00M, Peak:0.00M | Scene, ViewLayer | Synchronizing object | body-shell
Fra:1 Mem:15.68M (Peak 15.68M) | Time:00:00.00 | Mem:0.00M, Peak:0.00M | Scene, ViewLayer | Synchronizing object | QA-ruler-tick.010
Fra:1 Mem:15.47M (Peak 15.68M) | Time:00:00.00 | Mem:0.00M, Peak:0.00M | Scene, ViewLayer | Synchronizing object | QA-ruler-tick.009
Fra:1 Mem:15.49M (Peak 15.68M) | Time:00:00.00 | Mem:0.00M, Peak:0.00M | Scene, ViewLayer | Synchronizing object | QA-ruler-tick.008
Fra:1 Mem:15.51M (Peak 15.68M) | Time:00:00.00 | Mem:0.00M, Peak:0.00M | Scene, ViewLayer | Synchronizing object | QA-ruler-tick.007
Fra:1 Mem:15.51M (Peak 15.68M) | Time:00:00.00 | Mem:0.00M, Peak:0.00M | Scene, ViewLayer | Synchronizing object | QA-ruler-tick.006
Fra:1 Mem:15.52M (Peak 15.68M) | Time:00:00.00 | Mem:0.00M, Peak:0.00M | Scene, ViewLayer | Synchronizing object | QA-ruler-tick.005
Fra:1 Mem:15.53M (Peak 15.68M) | Time:00:00.00 | Mem:0.00M, Peak:0.00M | Scene, ViewLayer | Synchronizing object | QA-ruler-tick.004
Fra:1 Mem:15.53M (Peak 15.68M) | Time:00:00.00 | Mem:0.00M, Peak:0.00M | Scene, ViewLayer | Synchronizing object | QA-ruler-tick.003
Fra:1 Mem:15.53M (Peak 15.68M) | Time:00:00.00 | Mem:0.00M, Peak:0.00M | Scene, ViewLayer | Synchronizing object | QA-ruler-tick.002
Fra:1 Mem:15.54M (Peak 15.68M) | Time:00:00.00 | Mem:0.00M, Peak:0.00M | Scene, ViewLayer | Synchronizing object | QA-ruler-tick.001
Fra:1 Mem:15.55M (Peak 15.68M) | Time:00:00.00 | Mem:0.00M, Peak:0.00M | Scene, ViewLayer | Synchronizing object | QA-ruler-tick
Fra:1 Mem:15.62M (Peak 15.68M) | Time:00:00.00 | Mem:0.00M, Peak:0.00M | Scene, ViewLayer | Synchronizing object | QA-one-metre-ruler
Fra:1 Mem:15.62M (Peak 15.68M) | Time:00:00.00 | Mem:0.00M, Peak:0.00M | Scene, ViewLayer | Synchronizing object | QA-human-head.001
Fra:1 Mem:15.63M (Peak 15.68M) | Time:00:00.00 | Mem:0.00M, Peak:0.00M | Scene, ViewLayer | Synchronizing object | QA-human-arm.003
Fra:1 Mem:15.63M (Peak 15.68M) | Time:00:00.00 | Mem:0.00M, Peak:0.00M | Scene, ViewLayer | Synchronizing object | QA-human-arm.002
Fra:1 Mem:15.63M (Peak 15.68M) | Time:00:00.00 | Mem:0.00M, Peak:0.00M | Scene, ViewLayer | Synchronizing object | QA-human-torso.001
Fra:1 Mem:15.63M (Peak 15.68M) | Time:00:00.00 | Mem:0.00M, Peak:0.00M | Scene, ViewLayer | Synchronizing object | QA-human-leg.003
Fra:1 Mem:15.64M (Peak 15.68M) | Time:00:00.00 | Mem:0.00M, Peak:0.00M | Scene, ViewLayer | Synchronizing object | QA-human-leg.002
Fra:1 Mem:15.64M (Peak 15.68M) | Time:00:00.00 | Mem:0.00M, Peak:0.00M | Scene, ViewLayer | Synchronizing object | QA-human-head
Fra:1 Mem:15.65M (Peak 15.68M) | Time:00:00.00 | Mem:0.00M, Peak:0.00M | Scene, ViewLayer | Synchronizing object | QA-human-arm.001
Fra:1 Mem:15.65M (Peak 15.68M) | Time:00:00.00 | Mem:0.00M, Peak:0.00M | Scene, ViewLayer | Synchronizing object | QA-human-arm
Fra:1 Mem:15.65M (Peak 15.68M) | Time:00:00.00 | Mem:0.00M, Peak:0.00M | Scene, ViewLayer | Synchronizing object | QA-human-torso
Fra:1 Mem:15.65M (Peak 15.68M) | Time:00:00.00 | Mem:0.00M, Peak:0.00M | Scene, ViewLayer | Synchronizing object | QA-human-leg.001
Fra:1 Mem:15.65M (Peak 15.68M) | Time:00:00.00 | Mem:0.00M, Peak:0.00M | Scene, ViewLayer | Synchronizing object | QA-human-leg
Fra:1 Mem:15.65M (Peak 15.68M) | Time:00:00.00 | Mem:0.00M, Peak:0.00M | Scene, ViewLayer | Synchronizing object | QA-ground
Fra:1 Mem:15.65M (Peak 15.68M) | Time:00:00.00 | Mem:0.00M, Peak:0.00M | Scene, ViewLayer | Synchronizing object | trim
Fra:1 Mem:15.66M (Peak 15.68M) | Time:00:00.00 | Mem:0.00M, Peak:0.00M | Scene, ViewLayer | Synchronizing object | wheel-rear-left
Fra:1 Mem:15.58M (Peak 15.68M) | Time:00:00.00 | Mem:0.00M, Peak:0.00M | Scene, ViewLayer | Synchronizing object | wheel-front-left
Fra:1 Mem:15.58M (Peak 15.68M) | Time:00:00.00 | Mem:0.00M, Peak:0.00M | Scene, ViewLayer | Synchronizing object | glass
Fra:1 Mem:15.62M (Peak 15.68M) | Time:00:00.00 | Mem:0.00M, Peak:0.00M | Scene, ViewLayer | Synchronizing object | wheel-front-right
Fra:1 Mem:15.68M (Peak 15.68M) | Time:00:00.00 | Mem:0.00M, Peak:0.00M | Scene, ViewLayer | Synchronizing object | wheel-rear-right
Fra:1 Mem:15.67M (Peak 15.68M) | Time:00:00.00 | Mem:0.00M, Peak:0.00M | Scene, ViewLayer | Initializing
Fra:1 Mem:14.21M (Peak 15.68M) | Time:00:00.00 | Mem:0.00M, Peak:0.00M | Scene, ViewLayer | Waiting for render to start
Fra:1 Mem:14.22M (Peak 15.68M) | Time:00:00.00 | Mem:0.00M, Peak:0.00M | Scene, ViewLayer | Loading render kernels (may take a few minutes the first time)
Fra:1 Mem:14.22M (Peak 15.68M) | Time:00:00.00 | Mem:0.00M, Peak:0.00M | Scene, ViewLayer | Updating Scene
Fra:1 Mem:14.22M (Peak 15.68M) | Time:00:00.00 | Mem:0.00M, Peak:0.00M | Scene, ViewLayer | Updating Shaders
Fra:1 Mem:14.30M (Peak 15.68M) | Time:00:00.00 | Mem:0.01M, Peak:0.01M | Scene, ViewLayer | Updating Procedurals
Fra:1 Mem:14.30M (Peak 15.68M) | Time:00:00.00 | Mem:0.01M, Peak:0.01M | Scene, ViewLayer | Updating Background
Fra:1 Mem:14.30M (Peak 15.68M) | Time:00:00.00 | Mem:0.01M, Peak:0.01M | Scene, ViewLayer | Updating Camera
Fra:1 Mem:14.30M (Peak 15.68M) | Time:00:00.00 | Mem:0.01M, Peak:0.01M | Scene, ViewLayer | Updating Meshes Flags
Fra:1 Mem:14.30M (Peak 15.68M) | Time:00:00.00 | Mem:0.01M, Peak:0.01M | Scene, ViewLayer | Updating Objects
Fra:1 Mem:14.30M (Peak 15.68M) | Time:00:00.00 | Mem:0.01M, Peak:0.01M | Scene, ViewLayer | Updating Objects | Copying Transformations to device
Fra:1 Mem:14.31M (Peak 15.68M) | Time:00:00.00 | Mem:0.01M, Peak:0.01M | Scene, ViewLayer | Updating Objects | Applying Static Transformations
Fra:1 Mem:14.31M (Peak 15.68M) | Time:00:00.00 | Mem:0.01M, Peak:0.01M | Scene, ViewLayer | Updating Particle Systems
Fra:1 Mem:14.31M (Peak 15.68M) | Time:00:00.00 | Mem:0.01M, Peak:0.01M | Scene, ViewLayer | Updating Particle Systems | Copying Particles to device
Fra:1 Mem:14.31M (Peak 15.68M) | Time:00:00.00 | Mem:0.01M, Peak:0.01M | Scene, ViewLayer | Updating Meshes
Fra:1 Mem:14.34M (Peak 15.68M) | Time:00:00.00 | Mem:0.01M, Peak:0.01M | Scene, ViewLayer | Updating Mesh | Computing attributes
Fra:1 Mem:14.39M (Peak 15.68M) | Time:00:00.00 | Mem:0.02M, Peak:0.02M | Scene, ViewLayer | Updating Mesh | Copying Attributes to device
Fra:1 Mem:14.39M (Peak 15.68M) | Time:00:00.00 | Mem:0.06M, Peak:0.06M | Scene, ViewLayer | Updating Scene BVH | Building
Fra:1 Mem:14.39M (Peak 15.68M) | Time:00:00.00 | Mem:0.06M, Peak:0.06M | Scene, ViewLayer | Updating Scene BVH | Building BVH
Fra:1 Mem:14.39M (Peak 15.68M) | Time:00:00.00 | Mem:0.12M, Peak:0.12M | Scene, ViewLayer | Updating Scene BVH | Building BVH 0%
Fra:1 Mem:14.39M (Peak 15.68M) | Time:00:00.00 | Mem:0.19M, Peak:0.24M | Scene, ViewLayer | Updating Scene BVH | Copying BVH to device
Fra:1 Mem:14.39M (Peak 15.68M) | Time:00:00.00 | Mem:0.19M, Peak:0.24M | Scene, ViewLayer | Updating Mesh | Computing normals
Fra:1 Mem:14.54M (Peak 15.68M) | Time:00:00.00 | Mem:0.19M, Peak:0.24M | Scene, ViewLayer | Updating Mesh | Copying Mesh to device
Fra:1 Mem:14.54M (Peak 15.68M) | Time:00:00.00 | Mem:0.34M, Peak:0.34M | Scene, ViewLayer | Updating Objects Flags
Fra:1 Mem:14.54M (Peak 15.68M) | Time:00:00.00 | Mem:0.34M, Peak:0.34M | Scene, ViewLayer | Updating Primitive Offsets
Fra:1 Mem:14.54M (Peak 15.68M) | Time:00:00.00 | Mem:0.34M, Peak:0.34M | Scene, ViewLayer | Updating Images
Fra:1 Mem:14.54M (Peak 15.68M) | Time:00:00.00 | Mem:0.34M, Peak:0.34M | Scene, ViewLayer | Updating Camera Volume
Fra:1 Mem:14.54M (Peak 15.68M) | Time:00:00.00 | Mem:0.34M, Peak:0.34M | Scene, ViewLayer | Updating Lookup Tables
Fra:1 Mem:14.54M (Peak 15.68M) | Time:00:00.00 | Mem:0.42M, Peak:0.42M | Scene, ViewLayer | Updating Lights
Fra:1 Mem:14.54M (Peak 15.68M) | Time:00:00.00 | Mem:0.42M, Peak:0.42M | Scene, ViewLayer | Updating Lights | Computing tree
Fra:1 Mem:14.54M (Peak 15.68M) | Time:00:00.00 | Mem:0.42M, Peak:0.42M | Scene, ViewLayer | Updating Integrator
Fra:1 Mem:14.54M (Peak 15.68M) | Time:00:00.00 | Mem:0.42M, Peak:0.42M | Scene, ViewLayer | Updating Film
Fra:1 Mem:14.55M (Peak 15.68M) | Time:00:00.00 | Mem:0.34M, Peak:0.42M | Scene, ViewLayer | Updating Lookup Tables
Fra:1 Mem:14.55M (Peak 15.68M) | Time:00:00.00 | Mem:0.43M, Peak:0.43M | Scene, ViewLayer | Updating Baking
Fra:1 Mem:14.55M (Peak 15.68M) | Time:00:00.00 | Mem:0.43M, Peak:0.43M | Scene, ViewLayer | Updating Device | Writing constant memory
Fra:1 Mem:14.55M (Peak 15.68M) | Time:00:00.00 | Mem:0.43M, Peak:0.43M | Scene, ViewLayer | Sample 0/24
Fra:1 Mem:23.79M (Peak 23.79M) | Time:00:00.24 | Remaining:00:05.55 | Mem:9.66M, Peak:9.66M | Scene, ViewLayer | Sample 1/24
Fra:1 Mem:27.89M (Peak 36.09M) | Time:00:05.56 | Mem:9.66M, Peak:9.66M | Scene, ViewLayer | Sample 24/24
Fra:1 Mem:27.89M (Peak 36.09M) | Time:00:05.56 | Mem:9.66M, Peak:9.66M | Scene, ViewLayer | Finished
Saved: '/workspace/scratch/7c20b5ba4165/atlas-backlog-oct3/tools/assets/traffic-car-templates/qa/previews/traffic-suv-top.png'
Time: 00:05.59 (Saving: 00:00.03)

Extensions: writing cache failed ([Errno 30] Read-only file system: '/home/agent/.config/blender').
16:09:49 | INFO: Data are loaded, start creating Blender stuff
16:09:49 | INFO: Blender create Mesh node body-shell-editable-mesh
16:09:49 | INFO: Blender create Mesh node glass-right-rear-editable-mesh
16:09:49 | INFO: Blender create Mesh node wheel-front-right-editable-mesh
16:09:49 | INFO: Blender create Mesh node wheel-rear-right-editable-mesh
16:09:49 | INFO: Blender create Mesh node wheel-front-left-editable-mesh
16:09:49 | INFO: Blender create Mesh node wheel-rear-left-editable-mesh
16:09:49 | INFO: Blender create Mesh node door-handle-right-0.65-editable-mesh
16:09:49 | INFO: glTF import finished in 0.01s
16:09:49 | INFO: Data are loaded, start creating Blender stuff
16:09:49 | INFO: Blender create Mesh node body-shell-editable-mesh
16:09:49 | INFO: Blender create Mesh node glass-right-rear-editable-mesh
16:09:49 | INFO: Blender create Mesh node wheel-front-right-editable-mesh
16:09:49 | INFO: Blender create Mesh node wheel-rear-right-editable-mesh
16:09:49 | INFO: Blender create Mesh node wheel-front-left-editable-mesh
16:09:49 | INFO: Blender create Mesh node wheel-rear-left-editable-mesh
16:09:49 | INFO: Blender create Mesh node front-grille-editable-mesh
16:09:49 | INFO: glTF import finished in 0.01s
Fra:1 Mem:16.36M (Peak 16.36M) | Time:00:00.00 | Mem:0.00M, Peak:0.00M | Scene, ViewLayer | Synchronizing object | body-shell
Fra:1 Mem:16.43M (Peak 16.43M) | Time:00:00.00 | Mem:0.00M, Peak:0.00M | Scene, ViewLayer | Synchronizing object | QA-ruler-tick.010
Fra:1 Mem:16.49M (Peak 16.49M) | Time:00:00.00 | Mem:0.00M, Peak:0.00M | Scene, ViewLayer | Synchronizing object | QA-ruler-tick.009
Fra:1 Mem:16.49M (Peak 16.49M) | Time:00:00.00 | Mem:0.00M, Peak:0.00M | Scene, ViewLayer | Synchronizing object | QA-ruler-tick.008
Fra:1 Mem:16.50M (Peak 16.50M) | Time:00:00.00 | Mem:0.00M, Peak:0.00M | Scene, ViewLayer | Synchronizing object | QA-ruler-tick.007
Fra:1 Mem:16.58M (Peak 16.58M) | Time:00:00.00 | Mem:0.00M, Peak:0.00M | Scene, ViewLayer | Synchronizing object | QA-ruler-tick.006
Fra:1 Mem:16.49M (Peak 16.58M) | Time:00:00.00 | Mem:0.00M, Peak:0.00M | Scene, ViewLayer | Synchronizing object | QA-ruler-tick.005
Fra:1 Mem:16.46M (Peak 16.58M) | Time:00:00.00 | Mem:0.00M, Peak:0.00M | Scene, ViewLayer | Synchronizing object | glass
Fra:1 Mem:16.47M (Peak 16.58M) | Time:00:00.00 | Mem:0.00M, Peak:0.00M | Scene, ViewLayer | Synchronizing object | QA-ruler-tick.004
Fra:1 Mem:16.48M (Peak 16.58M) | Time:00:00.00 | Mem:0.00M, Peak:0.00M | Scene, ViewLayer | Synchronizing object | QA-ruler-tick.003
Fra:1 Mem:16.48M (Peak 16.58M) | Time:00:00.00 | Mem:0.00M, Peak:0.00M | Scene, ViewLayer | Synchronizing object | QA-ruler-tick.002
Fra:1 Mem:16.48M (Peak 16.58M) | Time:00:00.00 | Mem:0.00M, Peak:0.00M | Scene, ViewLayer | Synchronizing object | QA-ruler-tick.001
Fra:1 Mem:16.48M (Peak 16.58M) | Time:00:00.00 | Mem:0.00M, Peak:0.00M | Scene, ViewLayer | Synchronizing object | QA-ruler-tick
Fra:1 Mem:16.47M (Peak 16.58M) | Time:00:00.00 | Mem:0.00M, Peak:0.00M | Scene, ViewLayer | Synchronizing object | QA-one-metre-ruler
Fra:1 Mem:16.47M (Peak 16.58M) | Time:00:00.00 | Mem:0.00M, Peak:0.00M | Scene, ViewLayer | Synchronizing object | wheel-front-right
Fra:1 Mem:16.48M (Peak 16.58M) | Time:00:00.00 | Mem:0.00M, Peak:0.00M | Scene, ViewLayer | Synchronizing object | QA-human-head.001
Fra:1 Mem:16.54M (Peak 16.58M) | Time:00:00.00 | Mem:0.00M, Peak:0.00M | Scene, ViewLayer | Synchronizing object | QA-human-arm.003
Fra:1 Mem:16.55M (Peak 16.58M) | Time:00:00.00 | Mem:0.00M, Peak:0.00M | Scene, ViewLayer | Synchronizing object | QA-human-arm.002
Fra:1 Mem:16.56M (Peak 16.58M) | Time:00:00.00 | Mem:0.00M, Peak:0.00M | Scene, ViewLayer | Synchronizing object | QA-human-torso.001
Fra:1 Mem:16.56M (Peak 16.58M) | Time:00:00.00 | Mem:0.00M, Peak:0.00M | Scene, ViewLayer | Synchronizing object | QA-human-leg.003
Fra:1 Mem:16.56M (Peak 16.58M) | Time:00:00.00 | Mem:0.00M, Peak:0.00M | Scene, ViewLayer | Synchronizing object | QA-human-leg.002
Fra:1 Mem:16.53M (Peak 16.58M) | Time:00:00.00 | Mem:0.00M, Peak:0.00M | Scene, ViewLayer | Synchronizing object | QA-human-head
Fra:1 Mem:16.54M (Peak 16.58M) | Time:00:00.00 | Mem:0.00M, Peak:0.00M | Scene, ViewLayer | Synchronizing object | QA-human-arm.001
Fra:1 Mem:16.57M (Peak 16.58M) | Time:00:00.00 | Mem:0.00M, Peak:0.00M | Scene, ViewLayer | Synchronizing object | QA-human-arm
Fra:1 Mem:16.57M (Peak 16.58M) | Time:00:00.00 | Mem:0.00M, Peak:0.00M | Scene, ViewLayer | Synchronizing object | QA-human-torso
Fra:1 Mem:16.55M (Peak 16.58M) | Time:00:00.00 | Mem:0.00M, Peak:0.00M | Scene, ViewLayer | Synchronizing object | QA-human-leg.001
Fra:1 Mem:16.57M (Peak 16.58M) | Time:00:00.00 | Mem:0.00M, Peak:0.00M | Scene, ViewLayer | Synchronizing object | QA-human-leg
Fra:1 Mem:16.53M (Peak 16.58M) | Time:00:00.00 | Mem:0.00M, Peak:0.00M | Scene, ViewLayer | Synchronizing object | wheel-rear-right
Fra:1 Mem:16.53M (Peak 16.58M) | Time:00:00.00 | Mem:0.00M, Peak:0.00M | Scene, ViewLayer | Synchronizing object | QA-ground
Fra:1 Mem:16.54M (Peak 16.58M) | Time:00:00.00 | Mem:0.00M, Peak:0.00M | Scene, ViewLayer | Synchronizing object | trim.001
Fra:1 Mem:16.57M (Peak 16.58M) | Time:00:00.00 | Mem:0.00M, Peak:0.00M | Scene, ViewLayer | Synchronizing object | wheel-rear-left.001
Fra:1 Mem:16.58M (Peak 16.58M) | Time:00:00.00 | Mem:0.00M, Peak:0.00M | Scene, ViewLayer | Synchronizing object | wheel-front-left.001
Fra:1 Mem:16.58M (Peak 16.58M) | Time:00:00.00 | Mem:0.00M, Peak:0.00M | Scene, ViewLayer | Synchronizing object | wheel-front-left
Fra:1 Mem:16.66M (Peak 16.66M) | Time:00:00.00 | Mem:0.00M, Peak:0.00M | Scene, ViewLayer | Synchronizing object | wheel-rear-right.001
Fra:1 Mem:16.66M (Peak 16.66M) | Time:00:00.00 | Mem:0.00M, Peak:0.00M | Scene, ViewLayer | Synchronizing object | wheel-front-right.001
Fra:1 Mem:16.64M (Peak 16.66M) | Time:00:00.00 | Mem:0.00M, Peak:0.00M | Scene, ViewLayer | Synchronizing object | wheel-rear-left
Fra:1 Mem:16.69M (Peak 16.69M) | Time:00:00.00 | Mem:0.00M, Peak:0.00M | Scene, ViewLayer | Synchronizing object | glass.001
Fra:1 Mem:16.69M (Peak 16.69M) | Time:00:00.00 | Mem:0.00M, Peak:0.00M | Scene, ViewLayer | Synchronizing object | body-shell.001
Fra:1 Mem:16.67M (Peak 16.69M) | Time:00:00.00 | Mem:0.00M, Peak:0.00M | Scene, ViewLayer | Synchronizing object | trim
Fra:1 Mem:16.73M (Peak 16.73M) | Time:00:00.00 | Mem:0.00M, Peak:0.00M | Scene, ViewLayer | Initializing
Fra:1 Mem:14.94M (Peak 16.73M) | Time:00:00.00 | Mem:0.00M, Peak:0.00M | Scene, ViewLayer | Waiting for render to start
Fra:1 Mem:14.94M (Peak 16.73M) | Time:00:00.00 | Mem:0.00M, Peak:0.00M | Scene, ViewLayer | Loading render kernels (may take a few minutes the first time)
Fra:1 Mem:14.94M (Peak 16.73M) | Time:00:00.00 | Mem:0.00M, Peak:0.00M | Scene, ViewLayer | Updating Scene
Fra:1 Mem:14.94M (Peak 16.73M) | Time:00:00.00 | Mem:0.00M, Peak:0.00M | Scene, ViewLayer | Updating Shaders
Fra:1 Mem:15.03M (Peak 16.73M) | Time:00:00.00 | Mem:0.01M, Peak:0.01M | Scene, ViewLayer | Updating Procedurals
Fra:1 Mem:15.03M (Peak 16.73M) | Time:00:00.00 | Mem:0.01M, Peak:0.01M | Scene, ViewLayer | Updating Background
Fra:1 Mem:15.03M (Peak 16.73M) | Time:00:00.00 | Mem:0.01M, Peak:0.01M | Scene, ViewLayer | Updating Camera
Fra:1 Mem:15.03M (Peak 16.73M) | Time:00:00.00 | Mem:0.01M, Peak:0.01M | Scene, ViewLayer | Updating Meshes Flags
Fra:1 Mem:15.03M (Peak 16.73M) | Time:00:00.00 | Mem:0.01M, Peak:0.01M | Scene, ViewLayer | Updating Objects
Fra:1 Mem:15.03M (Peak 16.73M) | Time:00:00.00 | Mem:0.01M, Peak:0.01M | Scene, ViewLayer | Updating Objects | Copying Transformations to device
Fra:1 Mem:15.04M (Peak 16.73M) | Time:00:00.00 | Mem:0.02M, Peak:0.02M | Scene, ViewLayer | Updating Objects | Applying Static Transformations
Fra:1 Mem:15.04M (Peak 16.73M) | Time:00:00.00 | Mem:0.02M, Peak:0.02M | Scene, ViewLayer | Updating Particle Systems
Fra:1 Mem:15.04M (Peak 16.73M) | Time:00:00.00 | Mem:0.02M, Peak:0.02M | Scene, ViewLayer | Updating Particle Systems | Copying Particles to device
Fra:1 Mem:15.04M (Peak 16.73M) | Time:00:00.00 | Mem:0.02M, Peak:0.02M | Scene, ViewLayer | Updating Meshes
Fra:1 Mem:15.07M (Peak 16.73M) | Time:00:00.00 | Mem:0.02M, Peak:0.02M | Scene, ViewLayer | Updating Mesh | Computing attributes
Fra:1 Mem:15.15M (Peak 16.73M) | Time:00:00.00 | Mem:0.02M, Peak:0.02M | Scene, ViewLayer | Updating Mesh | Copying Attributes to device
Fra:1 Mem:15.14M (Peak 16.73M) | Time:00:00.00 | Mem:0.09M, Peak:0.09M | Scene, ViewLayer | Updating Scene BVH | Building
Fra:1 Mem:15.14M (Peak 16.73M) | Time:00:00.00 | Mem:0.09M, Peak:0.09M | Scene, ViewLayer | Updating Scene BVH | Building BVH
Fra:1 Mem:15.14M (Peak 16.73M) | Time:00:00.00 | Mem:0.16M, Peak:0.16M | Scene, ViewLayer | Updating Scene BVH | Building BVH 0%
Fra:1 Mem:15.14M (Peak 16.73M) | Time:00:00.00 | Mem:0.24M, Peak:0.32M | Scene, ViewLayer | Updating Scene BVH | Copying BVH to device
Fra:1 Mem:15.14M (Peak 16.73M) | Time:00:00.00 | Mem:0.24M, Peak:0.32M | Scene, ViewLayer | Updating Mesh | Computing normals
Fra:1 Mem:15.36M (Peak 16.73M) | Time:00:00.00 | Mem:0.24M, Peak:0.32M | Scene, ViewLayer | Updating Mesh | Copying Mesh to device
Fra:1 Mem:15.36M (Peak 16.73M) | Time:00:00.00 | Mem:0.46M, Peak:0.46M | Scene, ViewLayer | Updating Objects Flags
Fra:1 Mem:15.36M (Peak 16.73M) | Time:00:00.00 | Mem:0.46M, Peak:0.46M | Scene, ViewLayer | Updating Primitive Offsets
Fra:1 Mem:15.36M (Peak 16.73M) | Time:00:00.00 | Mem:0.46M, Peak:0.46M | Scene, ViewLayer | Updating Images
Fra:1 Mem:15.36M (Peak 16.73M) | Time:00:00.00 | Mem:0.46M, Peak:0.46M | Scene, ViewLayer | Updating Camera Volume
Fra:1 Mem:15.36M (Peak 16.73M) | Time:00:00.00 | Mem:0.46M, Peak:0.46M | Scene, ViewLayer | Updating Lookup Tables
Fra:1 Mem:15.36M (Peak 16.73M) | Time:00:00.00 | Mem:0.55M, Peak:0.55M | Scene, ViewLayer | Updating Lights
Fra:1 Mem:15.36M (Peak 16.73M) | Time:00:00.00 | Mem:0.55M, Peak:0.55M | Scene, ViewLayer | Updating Lights | Computing tree
Fra:1 Mem:15.36M (Peak 16.73M) | Time:00:00.00 | Mem:0.55M, Peak:0.55M | Scene, ViewLayer | Updating Integrator
Fra:1 Mem:15.36M (Peak 16.73M) | Time:00:00.00 | Mem:0.55M, Peak:0.55M | Scene, ViewLayer | Updating Film
Fra:1 Mem:15.36M (Peak 16.73M) | Time:00:00.00 | Mem:0.47M, Peak:0.55M | Scene, ViewLayer | Updating Lookup Tables
Fra:1 Mem:15.36M (Peak 16.73M) | Time:00:00.00 | Mem:0.55M, Peak:0.55M | Scene, ViewLayer | Updating Baking
Fra:1 Mem:15.36M (Peak 16.73M) | Time:00:00.00 | Mem:0.55M, Peak:0.55M | Scene, ViewLayer | Updating Device | Writing constant memory
Fra:1 Mem:15.37M (Peak 16.73M) | Time:00:00.00 | Mem:0.55M, Peak:0.55M | Scene, ViewLayer | Sample 0/24
Fra:1 Mem:24.60M (Peak 24.60M) | Time:00:00.27 | Remaining:00:06.26 | Mem:9.78M, Peak:9.78M | Scene, ViewLayer | Sample 1/24
Fra:1 Mem:28.70M (Peak 36.91M) | Time:00:05.59 | Mem:9.78M, Peak:9.78M | Scene, ViewLayer | Sample 24/24
Fra:1 Mem:28.70M (Peak 36.91M) | Time:00:05.59 | Mem:9.78M, Peak:9.78M | Scene, ViewLayer | Finished
Saved: '/workspace/scratch/7c20b5ba4165/atlas-backlog-oct3/tools/assets/traffic-car-templates/qa/previews/traffic-suv-lod0-lod1.png'
Time: 00:05.63 (Saving: 00:00.03)

Extensions: writing cache failed ([Errno 30] Read-only file system: '/home/agent/.config/blender').
16:09:55 | INFO: Data are loaded, start creating Blender stuff
16:09:55 | INFO: Blender create Mesh node body-shell-editable-mesh
16:09:55 | INFO: Blender create Mesh node glass-right-rear-editable-mesh
16:09:55 | INFO: Blender create Mesh node wheel-front-right-editable-mesh
16:09:55 | INFO: Blender create Mesh node wheel-rear-right-editable-mesh
16:09:55 | INFO: Blender create Mesh node wheel-front-left-editable-mesh
16:09:55 | INFO: Blender create Mesh node wheel-rear-left-editable-mesh
16:09:55 | INFO: Blender create Mesh node front-grille-editable-mesh
16:09:55 | INFO: glTF import finished in 0.01s
16:09:55 | INFO: Data are loaded, start creating Blender stuff
16:09:55 | INFO: Blender create Mesh node body-shell-editable-mesh
16:09:55 | INFO: Blender create Mesh node cabin-silhouette-editable-mesh
16:09:55 | INFO: Blender create Mesh node wheel-front-right-editable-mesh
16:09:55 | INFO: glTF import finished in 0.00s
Fra:1 Mem:15.99M (Peak 15.99M) | Time:00:00.00 | Mem:0.00M, Peak:0.00M | Scene, ViewLayer | Synchronizing object | body-shell
Fra:1 Mem:16.05M (Peak 16.05M) | Time:00:00.00 | Mem:0.00M, Peak:0.00M | Scene, ViewLayer | Synchronizing object | QA-ruler-tick.010
Fra:1 Mem:16.09M (Peak 16.09M) | Time:00:00.00 | Mem:0.00M, Peak:0.00M | Scene, ViewLayer | Synchronizing object | QA-ruler-tick.009
Fra:1 Mem:16.10M (Peak 16.10M) | Time:00:00.00 | Mem:0.00M, Peak:0.00M | Scene, ViewLayer | Synchronizing object | QA-ruler-tick.008
Fra:1 Mem:16.15M (Peak 16.15M) | Time:00:00.00 | Mem:0.00M, Peak:0.00M | Scene, ViewLayer | Synchronizing object | QA-ruler-tick.007
Fra:1 Mem:16.15M (Peak 16.15M) | Time:00:00.00 | Mem:0.00M, Peak:0.00M | Scene, ViewLayer | Synchronizing object | QA-ruler-tick.006
Fra:1 Mem:16.16M (Peak 16.16M) | Time:00:00.00 | Mem:0.00M, Peak:0.00M | Scene, ViewLayer | Synchronizing object | QA-ruler-tick.005
Fra:1 Mem:16.16M (Peak 16.16M) | Time:00:00.00 | Mem:0.00M, Peak:0.00M | Scene, ViewLayer | Synchronizing object | QA-ruler-tick.004
Fra:1 Mem:16.16M (Peak 16.16M) | Time:00:00.00 | Mem:0.00M, Peak:0.00M | Scene, ViewLayer | Synchronizing object | QA-ruler-tick.003
Fra:1 Mem:16.16M (Peak 16.16M) | Time:00:00.00 | Mem:0.00M, Peak:0.00M | Scene, ViewLayer | Synchronizing object | QA-ruler-tick.002
Fra:1 Mem:16.09M (Peak 16.16M) | Time:00:00.00 | Mem:0.00M, Peak:0.00M | Scene, ViewLayer | Synchronizing object | QA-ruler-tick.001
Fra:1 Mem:16.13M (Peak 16.16M) | Time:00:00.00 | Mem:0.00M, Peak:0.00M | Scene, ViewLayer | Synchronizing object | QA-ruler-tick
Fra:1 Mem:16.15M (Peak 16.16M) | Time:00:00.00 | Mem:0.00M, Peak:0.00M | Scene, ViewLayer | Synchronizing object | QA-one-metre-ruler
Fra:1 Mem:16.15M (Peak 16.16M) | Time:00:00.00 | Mem:0.00M, Peak:0.00M | Scene, ViewLayer | Synchronizing object | QA-human-head.001
Fra:1 Mem:16.10M (Peak 16.16M) | Time:00:00.00 | Mem:0.00M, Peak:0.00M | Scene, ViewLayer | Synchronizing object | QA-human-arm.003
Fra:1 Mem:16.09M (Peak 16.16M) | Time:00:00.00 | Mem:0.00M, Peak:0.00M | Scene, ViewLayer | Synchronizing object | glass
Fra:1 Mem:16.10M (Peak 16.16M) | Time:00:00.00 | Mem:0.00M, Peak:0.00M | Scene, ViewLayer | Synchronizing object | QA-human-arm.002
Fra:1 Mem:16.10M (Peak 16.16M) | Time:00:00.00 | Mem:0.00M, Peak:0.00M | Scene, ViewLayer | Synchronizing object | QA-human-torso.001
Fra:1 Mem:16.10M (Peak 16.16M) | Time:00:00.00 | Mem:0.00M, Peak:0.00M | Scene, ViewLayer | Synchronizing object | QA-human-leg.003
Fra:1 Mem:16.10M (Peak 16.16M) | Time:00:00.00 | Mem:0.00M, Peak:0.00M | Scene, ViewLayer | Synchronizing object | QA-human-leg.002
Fra:1 Mem:16.10M (Peak 16.16M) | Time:00:00.00 | Mem:0.00M, Peak:0.00M | Scene, ViewLayer | Synchronizing object | wheel-front-right
Fra:1 Mem:16.10M (Peak 16.16M) | Time:00:00.00 | Mem:0.00M, Peak:0.00M | Scene, ViewLayer | Synchronizing object | QA-human-head
Fra:1 Mem:16.13M (Peak 16.16M) | Time:00:00.00 | Mem:0.00M, Peak:0.00M | Scene, ViewLayer | Synchronizing object | QA-human-arm.001
Fra:1 Mem:16.12M (Peak 16.16M) | Time:00:00.00 | Mem:0.00M, Peak:0.00M | Scene, ViewLayer | Synchronizing object | QA-human-arm
Fra:1 Mem:16.12M (Peak 16.16M) | Time:00:00.00 | Mem:0.00M, Peak:0.00M | Scene, ViewLayer | Synchronizing object | QA-human-torso
Fra:1 Mem:16.13M (Peak 16.16M) | Time:00:00.00 | Mem:0.00M, Peak:0.00M | Scene, ViewLayer | Synchronizing object | QA-human-leg.001
Fra:1 Mem:16.12M (Peak 16.16M) | Time:00:00.00 | Mem:0.00M, Peak:0.00M | Scene, ViewLayer | Synchronizing object | QA-human-leg
Fra:1 Mem:16.12M (Peak 16.16M) | Time:00:00.00 | Mem:0.00M, Peak:0.00M | Scene, ViewLayer | Synchronizing object | QA-ground
Fra:1 Mem:16.14M (Peak 16.16M) | Time:00:00.00 | Mem:0.00M, Peak:0.00M | Scene, ViewLayer | Synchronizing object | trim.001
Fra:1 Mem:16.17M (Peak 16.17M) | Time:00:00.00 | Mem:0.00M, Peak:0.00M | Scene, ViewLayer | Synchronizing object | wheel-front-left
Fra:1 Mem:16.17M (Peak 16.17M) | Time:00:00.00 | Mem:0.00M, Peak:0.00M | Scene, ViewLayer | Synchronizing object | wheel-rear-left
Fra:1 Mem:16.15M (Peak 16.17M) | Time:00:00.00 | Mem:0.00M, Peak:0.00M | Scene, ViewLayer | Synchronizing object | glass.001
Fra:1 Mem:16.17M (Peak 16.17M) | Time:00:00.00 | Mem:0.00M, Peak:0.00M | Scene, ViewLayer | Synchronizing object | trim
Fra:1 Mem:16.17M (Peak 16.17M) | Time:00:00.00 | Mem:0.00M, Peak:0.00M | Scene, ViewLayer | Synchronizing object | body-shell.001
Fra:1 Mem:16.17M (Peak 16.17M) | Time:00:00.00 | Mem:0.00M, Peak:0.00M | Scene, ViewLayer | Initializing
Fra:1 Mem:14.45M (Peak 16.17M) | Time:00:00.00 | Mem:0.00M, Peak:0.00M | Scene, ViewLayer | Waiting for render to start
Fra:1 Mem:14.45M (Peak 16.17M) | Time:00:00.00 | Mem:0.00M, Peak:0.00M | Scene, ViewLayer | Loading render kernels (may take a few minutes the first time)
Fra:1 Mem:14.45M (Peak 16.17M) | Time:00:00.00 | Mem:0.00M, Peak:0.00M | Scene, ViewLayer | Updating Scene
Fra:1 Mem:14.45M (Peak 16.17M) | Time:00:00.00 | Mem:0.00M, Peak:0.00M | Scene, ViewLayer | Updating Shaders
Fra:1 Mem:14.54M (Peak 16.17M) | Time:00:00.00 | Mem:0.01M, Peak:0.01M | Scene, ViewLayer | Updating Procedurals
Fra:1 Mem:14.54M (Peak 16.17M) | Time:00:00.00 | Mem:0.01M, Peak:0.01M | Scene, ViewLayer | Updating Background
Fra:1 Mem:14.54M (Peak 16.17M) | Time:00:00.00 | Mem:0.01M, Peak:0.01M | Scene, ViewLayer | Updating Camera
Fra:1 Mem:14.54M (Peak 16.17M) | Time:00:00.00 | Mem:0.01M, Peak:0.01M | Scene, ViewLayer | Updating Meshes Flags
Fra:1 Mem:14.54M (Peak 16.17M) | Time:00:00.00 | Mem:0.01M, Peak:0.01M | Scene, ViewLayer | Updating Objects
Fra:1 Mem:14.54M (Peak 16.17M) | Time:00:00.00 | Mem:0.01M, Peak:0.01M | Scene, ViewLayer | Updating Objects | Copying Transformations to device
Fra:1 Mem:14.55M (Peak 16.17M) | Time:00:00.00 | Mem:0.02M, Peak:0.02M | Scene, ViewLayer | Updating Objects | Applying Static Transformations
Fra:1 Mem:14.55M (Peak 16.17M) | Time:00:00.00 | Mem:0.02M, Peak:0.02M | Scene, ViewLayer | Updating Particle Systems
Fra:1 Mem:14.55M (Peak 16.17M) | Time:00:00.00 | Mem:0.02M, Peak:0.02M | Scene, ViewLayer | Updating Particle Systems | Copying Particles to device
Fra:1 Mem:14.55M (Peak 16.17M) | Time:00:00.00 | Mem:0.02M, Peak:0.02M | Scene, ViewLayer | Updating Meshes
Fra:1 Mem:14.56M (Peak 16.17M) | Time:00:00.00 | Mem:0.02M, Peak:0.02M | Scene, ViewLayer | Updating Mesh | Computing attributes
Fra:1 Mem:14.60M (Peak 16.17M) | Time:00:00.00 | Mem:0.02M, Peak:0.02M | Scene, ViewLayer | Updating Mesh | Copying Attributes to device
Fra:1 Mem:14.59M (Peak 16.17M) | Time:00:00.00 | Mem:0.05M, Peak:0.05M | Scene, ViewLayer | Updating Scene BVH | Building
Fra:1 Mem:14.59M (Peak 16.17M) | Time:00:00.00 | Mem:0.05M, Peak:0.05M | Scene, ViewLayer | Updating Scene BVH | Building BVH
Fra:1 Mem:14.59M (Peak 16.17M) | Time:00:00.00 | Mem:0.08M, Peak:0.08M | Scene, ViewLayer | Updating Scene BVH | Building BVH 0%
Fra:1 Mem:14.59M (Peak 16.17M) | Time:00:00.00 | Mem:0.13M, Peak:0.17M | Scene, ViewLayer | Updating Scene BVH | Copying BVH to device
Fra:1 Mem:14.59M (Peak 16.17M) | Time:00:00.00 | Mem:0.13M, Peak:0.17M | Scene, ViewLayer | Updating Mesh | Computing normals
Fra:1 Mem:14.69M (Peak 16.17M) | Time:00:00.00 | Mem:0.13M, Peak:0.17M | Scene, ViewLayer | Updating Mesh | Copying Mesh to device
Fra:1 Mem:14.69M (Peak 16.17M) | Time:00:00.00 | Mem:0.22M, Peak:0.22M | Scene, ViewLayer | Updating Objects Flags
Fra:1 Mem:14.69M (Peak 16.17M) | Time:00:00.00 | Mem:0.22M, Peak:0.22M | Scene, ViewLayer | Updating Primitive Offsets
Fra:1 Mem:14.69M (Peak 16.17M) | Time:00:00.00 | Mem:0.23M, Peak:0.23M | Scene, ViewLayer | Updating Images
Fra:1 Mem:14.69M (Peak 16.17M) | Time:00:00.00 | Mem:0.23M, Peak:0.23M | Scene, ViewLayer | Updating Camera Volume
Fra:1 Mem:14.69M (Peak 16.17M) | Time:00:00.00 | Mem:0.23M, Peak:0.23M | Scene, ViewLayer | Updating Lookup Tables
Fra:1 Mem:14.69M (Peak 16.17M) | Time:00:00.00 | Mem:0.31M, Peak:0.31M | Scene, ViewLayer | Updating Lights
Fra:1 Mem:14.69M (Peak 16.17M) | Time:00:00.00 | Mem:0.31M, Peak:0.31M | Scene, ViewLayer | Updating Lights | Computing tree
Fra:1 Mem:14.69M (Peak 16.17M) | Time:00:00.00 | Mem:0.31M, Peak:0.31M | Scene, ViewLayer | Updating Integrator
Fra:1 Mem:14.69M (Peak 16.17M) | Time:00:00.00 | Mem:0.31M, Peak:0.31M | Scene, ViewLayer | Updating Film
Fra:1 Mem:14.69M (Peak 16.17M) | Time:00:00.00 | Mem:0.23M, Peak:0.31M | Scene, ViewLayer | Updating Lookup Tables
Fra:1 Mem:14.69M (Peak 16.17M) | Time:00:00.00 | Mem:0.31M, Peak:0.31M | Scene, ViewLayer | Updating Baking
Fra:1 Mem:14.69M (Peak 16.17M) | Time:00:00.00 | Mem:0.31M, Peak:0.31M | Scene, ViewLayer | Updating Device | Writing constant memory
Fra:1 Mem:14.69M (Peak 16.17M) | Time:00:00.00 | Mem:0.31M, Peak:0.31M | Scene, ViewLayer | Sample 0/24
Fra:1 Mem:23.93M (Peak 23.93M) | Time:00:00.24 | Remaining:00:05.43 | Mem:9.54M, Peak:9.54M | Scene, ViewLayer | Sample 1/24
Fra:1 Mem:28.03M (Peak 36.24M) | Time:00:05.20 | Mem:9.54M, Peak:9.54M | Scene, ViewLayer | Sample 24/24
Fra:1 Mem:28.03M (Peak 36.24M) | Time:00:05.20 | Mem:9.54M, Peak:9.54M | Scene, ViewLayer | Finished
Saved: '/workspace/scratch/7c20b5ba4165/atlas-backlog-oct3/tools/assets/traffic-car-templates/qa/previews/traffic-suv-lod1-lod2.png'
Time: 00:05.24 (Saving: 00:00.03)

Extensions: writing cache failed ([Errno 30] Read-only file system: '/home/agent/.config/blender').
16:10:00 | INFO: Data are loaded, start creating Blender stuff
16:10:00 | INFO: Blender create Mesh node body-shell-editable-mesh
16:10:00 | INFO: Blender create Mesh node glass-right-rear-editable-mesh
16:10:00 | INFO: Blender create Mesh node wheel-front-right-editable-mesh
16:10:00 | INFO: Blender create Mesh node wheel-rear-right-editable-mesh
16:10:00 | INFO: Blender create Mesh node wheel-front-left-editable-mesh
16:10:00 | INFO: Blender create Mesh node wheel-rear-left-editable-mesh
16:10:00 | INFO: Blender create Mesh node door-handle-right-0.65-editable-mesh
16:10:00 | INFO: glTF import finished in 0.01s
Fra:1 Mem:15.39M (Peak 15.39M) | Time:00:00.00 | Mem:0.00M, Peak:0.00M | Scene, ViewLayer | Synchronizing object | body-shell
Fra:1 Mem:15.69M (Peak 15.69M) | Time:00:00.00 | Mem:0.00M, Peak:0.00M | Scene, ViewLayer | Synchronizing object | QA-ruler-tick.010
Fra:1 Mem:15.71M (Peak 15.71M) | Time:00:00.00 | Mem:0.00M, Peak:0.00M | Scene, ViewLayer | Synchronizing object | QA-ruler-tick.009
Fra:1 Mem:15.47M (Peak 15.71M) | Time:00:00.00 | Mem:0.00M, Peak:0.00M | Scene, ViewLayer | Synchronizing object | QA-ruler-tick.008
Fra:1 Mem:15.49M (Peak 15.71M) | Time:00:00.00 | Mem:0.00M, Peak:0.00M | Scene, ViewLayer | Synchronizing object | QA-ruler-tick.007
Fra:1 Mem:15.51M (Peak 15.71M) | Time:00:00.00 | Mem:0.00M, Peak:0.00M | Scene, ViewLayer | Synchronizing object | QA-ruler-tick.006
Fra:1 Mem:15.51M (Peak 15.71M) | Time:00:00.00 | Mem:0.00M, Peak:0.00M | Scene, ViewLayer | Synchronizing object | QA-ruler-tick.005
Fra:1 Mem:15.53M (Peak 15.71M) | Time:00:00.00 | Mem:0.00M, Peak:0.00M | Scene, ViewLayer | Synchronizing object | QA-ruler-tick.004
Fra:1 Mem:15.53M (Peak 15.71M) | Time:00:00.00 | Mem:0.00M, Peak:0.00M | Scene, ViewLayer | Synchronizing object | QA-ruler-tick.003
Fra:1 Mem:15.53M (Peak 15.71M) | Time:00:00.00 | Mem:0.00M, Peak:0.00M | Scene, ViewLayer | Synchronizing object | QA-ruler-tick.002
Fra:1 Mem:15.53M (Peak 15.71M) | Time:00:00.00 | Mem:0.00M, Peak:0.00M | Scene, ViewLayer | Synchronizing object | QA-ruler-tick.001
Fra:1 Mem:15.54M (Peak 15.71M) | Time:00:00.00 | Mem:0.00M, Peak:0.00M | Scene, ViewLayer | Synchronizing object | QA-ruler-tick
Fra:1 Mem:15.55M (Peak 15.71M) | Time:00:00.00 | Mem:0.00M, Peak:0.00M | Scene, ViewLayer | Synchronizing object | QA-one-metre-ruler
Fra:1 Mem:15.62M (Peak 15.71M) | Time:00:00.00 | Mem:0.00M, Peak:0.00M | Scene, ViewLayer | Synchronizing object | QA-human-head.001
Fra:1 Mem:15.63M (Peak 15.71M) | Time:00:00.00 | Mem:0.00M, Peak:0.00M | Scene, ViewLayer | Synchronizing object | QA-human-arm.003
Fra:1 Mem:15.63M (Peak 15.71M) | Time:00:00.00 | Mem:0.00M, Peak:0.00M | Scene, ViewLayer | Synchronizing object | QA-human-arm.002
Fra:1 Mem:15.63M (Peak 15.71M) | Time:00:00.00 | Mem:0.00M, Peak:0.00M | Scene, ViewLayer | Synchronizing object | QA-human-torso.001
Fra:1 Mem:15.64M (Peak 15.71M) | Time:00:00.00 | Mem:0.00M, Peak:0.00M | Scene, ViewLayer | Synchronizing object | QA-human-leg.003
Fra:1 Mem:15.64M (Peak 15.71M) | Time:00:00.00 | Mem:0.00M, Peak:0.00M | Scene, ViewLayer | Synchronizing object | QA-human-leg.002
Fra:1 Mem:15.64M (Peak 15.71M) | Time:00:00.00 | Mem:0.00M, Peak:0.00M | Scene, ViewLayer | Synchronizing object | QA-human-head
Fra:1 Mem:15.61M (Peak 15.71M) | Time:00:00.00 | Mem:0.00M, Peak:0.00M | Scene, ViewLayer | Synchronizing object | QA-human-arm.001
Fra:1 Mem:15.64M (Peak 15.71M) | Time:00:00.00 | Mem:0.00M, Peak:0.00M | Scene, ViewLayer | Synchronizing object | QA-human-arm
Fra:1 Mem:15.64M (Peak 15.71M) | Time:00:00.00 | Mem:0.00M, Peak:0.00M | Scene, ViewLayer | Synchronizing object | QA-human-torso
Fra:1 Mem:15.56M (Peak 15.71M) | Time:00:00.00 | Mem:0.00M, Peak:0.00M | Scene, ViewLayer | Synchronizing object | QA-human-leg.001
Fra:1 Mem:15.53M (Peak 15.71M) | Time:00:00.00 | Mem:0.00M, Peak:0.00M | Scene, ViewLayer | Synchronizing object | QA-human-leg
Fra:1 Mem:15.53M (Peak 15.71M) | Time:00:00.00 | Mem:0.00M, Peak:0.00M | Scene, ViewLayer | Synchronizing object | glass
Fra:1 Mem:15.54M (Peak 15.71M) | Time:00:00.00 | Mem:0.00M, Peak:0.00M | Scene, ViewLayer | Synchronizing object | QA-ground
Fra:1 Mem:15.54M (Peak 15.71M) | Time:00:00.00 | Mem:0.00M, Peak:0.00M | Scene, ViewLayer | Synchronizing object | trim
Fra:1 Mem:15.56M (Peak 15.71M) | Time:00:00.00 | Mem:0.00M, Peak:0.00M | Scene, ViewLayer | Synchronizing object | wheel-front-right
Fra:1 Mem:15.61M (Peak 15.71M) | Time:00:00.00 | Mem:0.00M, Peak:0.00M | Scene, ViewLayer | Synchronizing object | wheel-rear-left
Fra:1 Mem:15.61M (Peak 15.71M) | Time:00:00.00 | Mem:0.00M, Peak:0.00M | Scene, ViewLayer | Synchronizing object | wheel-rear-right
Fra:1 Mem:15.61M (Peak 15.71M) | Time:00:00.00 | Mem:0.00M, Peak:0.00M | Scene, ViewLayer | Synchronizing object | wheel-front-left
Fra:1 Mem:15.67M (Peak 15.71M) | Time:00:00.00 | Mem:0.00M, Peak:0.00M | Scene, ViewLayer | Initializing
Fra:1 Mem:14.22M (Peak 15.71M) | Time:00:00.00 | Mem:0.00M, Peak:0.00M | Scene, ViewLayer | Waiting for render to start
Fra:1 Mem:14.22M (Peak 15.71M) | Time:00:00.00 | Mem:0.00M, Peak:0.00M | Scene, ViewLayer | Loading render kernels (may take a few minutes the first time)
Fra:1 Mem:14.22M (Peak 15.71M) | Time:00:00.00 | Mem:0.00M, Peak:0.00M | Scene, ViewLayer | Updating Scene
Fra:1 Mem:14.22M (Peak 15.71M) | Time:00:00.00 | Mem:0.00M, Peak:0.00M | Scene, ViewLayer | Updating Shaders
Fra:1 Mem:14.30M (Peak 15.71M) | Time:00:00.00 | Mem:0.01M, Peak:0.01M | Scene, ViewLayer | Updating Procedurals
Fra:1 Mem:14.30M (Peak 15.71M) | Time:00:00.00 | Mem:0.01M, Peak:0.01M | Scene, ViewLayer | Updating Background
Fra:1 Mem:14.30M (Peak 15.71M) | Time:00:00.00 | Mem:0.01M, Peak:0.01M | Scene, ViewLayer | Updating Camera
Fra:1 Mem:14.30M (Peak 15.71M) | Time:00:00.00 | Mem:0.01M, Peak:0.01M | Scene, ViewLayer | Updating Meshes Flags
Fra:1 Mem:14.30M (Peak 15.71M) | Time:00:00.00 | Mem:0.01M, Peak:0.01M | Scene, ViewLayer | Updating Objects
Fra:1 Mem:14.30M (Peak 15.71M) | Time:00:00.00 | Mem:0.01M, Peak:0.01M | Scene, ViewLayer | Updating Objects | Copying Transformations to device
Fra:1 Mem:14.31M (Peak 15.71M) | Time:00:00.00 | Mem:0.01M, Peak:0.01M | Scene, ViewLayer | Updating Objects | Applying Static Transformations
Fra:1 Mem:14.31M (Peak 15.71M) | Time:00:00.00 | Mem:0.01M, Peak:0.01M | Scene, ViewLayer | Updating Particle Systems
Fra:1 Mem:14.31M (Peak 15.71M) | Time:00:00.00 | Mem:0.01M, Peak:0.01M | Scene, ViewLayer | Updating Particle Systems | Copying Particles to device
Fra:1 Mem:14.31M (Peak 15.71M) | Time:00:00.00 | Mem:0.01M, Peak:0.01M | Scene, ViewLayer | Updating Meshes
Fra:1 Mem:14.34M (Peak 15.71M) | Time:00:00.00 | Mem:0.01M, Peak:0.01M | Scene, ViewLayer | Updating Mesh | Computing attributes
Fra:1 Mem:14.39M (Peak 15.71M) | Time:00:00.00 | Mem:0.02M, Peak:0.02M | Scene, ViewLayer | Updating Mesh | Copying Attributes to device
Fra:1 Mem:14.39M (Peak 15.71M) | Time:00:00.00 | Mem:0.06M, Peak:0.06M | Scene, ViewLayer | Updating Scene BVH | Building
Fra:1 Mem:14.39M (Peak 15.71M) | Time:00:00.00 | Mem:0.06M, Peak:0.06M | Scene, ViewLayer | Updating Scene BVH | Building BVH
Fra:1 Mem:14.39M (Peak 15.71M) | Time:00:00.00 | Mem:0.12M, Peak:0.12M | Scene, ViewLayer | Updating Scene BVH | Building BVH 0%
Fra:1 Mem:14.39M (Peak 15.71M) | Time:00:00.00 | Mem:0.19M, Peak:0.24M | Scene, ViewLayer | Updating Scene BVH | Copying BVH to device
Fra:1 Mem:14.39M (Peak 15.71M) | Time:00:00.00 | Mem:0.19M, Peak:0.24M | Scene, ViewLayer | Updating Mesh | Computing normals
Fra:1 Mem:14.54M (Peak 15.71M) | Time:00:00.00 | Mem:0.19M, Peak:0.24M | Scene, ViewLayer | Updating Mesh | Copying Mesh to device
Fra:1 Mem:14.54M (Peak 15.71M) | Time:00:00.00 | Mem:0.34M, Peak:0.34M | Scene, ViewLayer | Updating Objects Flags
Fra:1 Mem:14.54M (Peak 15.71M) | Time:00:00.00 | Mem:0.34M, Peak:0.34M | Scene, ViewLayer | Updating Primitive Offsets
Fra:1 Mem:14.54M (Peak 15.71M) | Time:00:00.00 | Mem:0.34M, Peak:0.34M | Scene, ViewLayer | Updating Images
Fra:1 Mem:14.54M (Peak 15.71M) | Time:00:00.00 | Mem:0.34M, Peak:0.34M | Scene, ViewLayer | Updating Camera Volume
Fra:1 Mem:14.54M (Peak 15.71M) | Time:00:00.00 | Mem:0.34M, Peak:0.34M | Scene, ViewLayer | Updating Lookup Tables
Fra:1 Mem:14.54M (Peak 15.71M) | Time:00:00.00 | Mem:0.42M, Peak:0.42M | Scene, ViewLayer | Updating Lights
Fra:1 Mem:14.54M (Peak 15.71M) | Time:00:00.00 | Mem:0.42M, Peak:0.42M | Scene, ViewLayer | Updating Lights | Computing tree
Fra:1 Mem:14.55M (Peak 15.71M) | Time:00:00.00 | Mem:0.42M, Peak:0.42M | Scene, ViewLayer | Updating Integrator
Fra:1 Mem:14.55M (Peak 15.71M) | Time:00:00.00 | Mem:0.42M, Peak:0.42M | Scene, ViewLayer | Updating Film
Fra:1 Mem:14.55M (Peak 15.71M) | Time:00:00.00 | Mem:0.34M, Peak:0.42M | Scene, ViewLayer | Updating Lookup Tables
Fra:1 Mem:14.55M (Peak 15.71M) | Time:00:00.00 | Mem:0.43M, Peak:0.43M | Scene, ViewLayer | Updating Baking
Fra:1 Mem:14.55M (Peak 15.71M) | Time:00:00.00 | Mem:0.43M, Peak:0.43M | Scene, ViewLayer | Updating Device | Writing constant memory
Fra:1 Mem:14.55M (Peak 15.71M) | Time:00:00.00 | Mem:0.43M, Peak:0.43M | Scene, ViewLayer | Sample 0/24
Fra:1 Mem:23.79M (Peak 23.79M) | Time:00:00.26 | Remaining:00:06.02 | Mem:9.66M, Peak:9.66M | Scene, ViewLayer | Sample 1/24
Fra:1 Mem:27.89M (Peak 36.09M) | Time:00:05.17 | Mem:9.66M, Peak:9.66M | Scene, ViewLayer | Sample 24/24
Fra:1 Mem:27.89M (Peak 36.09M) | Time:00:05.17 | Mem:9.66M, Peak:9.66M | Scene, ViewLayer | Finished
Saved: '/workspace/scratch/7c20b5ba4165/atlas-backlog-oct3/tools/assets/traffic-car-templates/qa/previews/traffic-suv-sunny.png'
Time: 00:05.21 (Saving: 00:00.03)

Extensions: writing cache failed ([Errno 30] Read-only file system: '/home/agent/.config/blender').
16:10:06 | INFO: Data are loaded, start creating Blender stuff
16:10:06 | INFO: Blender create Mesh node body-shell-editable-mesh
16:10:06 | INFO: Blender create Mesh node glass-right-rear-editable-mesh
16:10:06 | INFO: Blender create Mesh node wheel-front-right-editable-mesh
16:10:06 | INFO: Blender create Mesh node wheel-rear-right-editable-mesh
16:10:06 | INFO: Blender create Mesh node wheel-front-left-editable-mesh
16:10:06 | INFO: Blender create Mesh node wheel-rear-left-editable-mesh
16:10:06 | INFO: Blender create Mesh node door-handle-right-0.65-editable-mesh
16:10:06 | INFO: glTF import finished in 0.01s
Fra:1 Mem:15.39M (Peak 15.39M) | Time:00:00.00 | Mem:0.00M, Peak:0.00M | Scene, ViewLayer | Synchronizing object | body-shell
Fra:1 Mem:15.68M (Peak 15.68M) | Time:00:00.00 | Mem:0.00M, Peak:0.00M | Scene, ViewLayer | Synchronizing object | QA-ruler-tick.010
Fra:1 Mem:15.52M (Peak 15.68M) | Time:00:00.00 | Mem:0.00M, Peak:0.00M | Scene, ViewLayer | Synchronizing object | QA-ruler-tick.009
Fra:1 Mem:15.52M (Peak 15.68M) | Time:00:00.00 | Mem:0.00M, Peak:0.00M | Scene, ViewLayer | Synchronizing object | QA-ruler-tick.008
Fra:1 Mem:15.52M (Peak 15.68M) | Time:00:00.00 | Mem:0.00M, Peak:0.00M | Scene, ViewLayer | Synchronizing object | QA-ruler-tick.007
Fra:1 Mem:15.54M (Peak 15.68M) | Time:00:00.00 | Mem:0.00M, Peak:0.00M | Scene, ViewLayer | Synchronizing object | QA-ruler-tick.006
Fra:1 Mem:15.62M (Peak 15.68M) | Time:00:00.00 | Mem:0.00M, Peak:0.00M | Scene, ViewLayer | Synchronizing object | QA-ruler-tick.005
Fra:1 Mem:15.62M (Peak 15.68M) | Time:00:00.00 | Mem:0.00M, Peak:0.00M | Scene, ViewLayer | Synchronizing object | QA-ruler-tick.004
Fra:1 Mem:15.62M (Peak 15.68M) | Time:00:00.00 | Mem:0.00M, Peak:0.00M | Scene, ViewLayer | Synchronizing object | QA-ruler-tick.003
Fra:1 Mem:15.62M (Peak 15.68M) | Time:00:00.00 | Mem:0.00M, Peak:0.00M | Scene, ViewLayer | Synchronizing object | QA-ruler-tick.002
Fra:1 Mem:15.62M (Peak 15.68M) | Time:00:00.00 | Mem:0.00M, Peak:0.00M | Scene, ViewLayer | Synchronizing object | QA-ruler-tick.001
Fra:1 Mem:15.62M (Peak 15.68M) | Time:00:00.00 | Mem:0.00M, Peak:0.00M | Scene, ViewLayer | Synchronizing object | QA-ruler-tick
Fra:1 Mem:15.62M (Peak 15.68M) | Time:00:00.00 | Mem:0.00M, Peak:0.00M | Scene, ViewLayer | Synchronizing object | QA-one-metre-ruler
Fra:1 Mem:15.62M (Peak 15.68M) | Time:00:00.00 | Mem:0.00M, Peak:0.00M | Scene, ViewLayer | Synchronizing object | QA-human-head.001
Fra:1 Mem:15.60M (Peak 15.68M) | Time:00:00.00 | Mem:0.00M, Peak:0.00M | Scene, ViewLayer | Synchronizing object | QA-human-arm.003
Fra:1 Mem:15.62M (Peak 15.68M) | Time:00:00.00 | Mem:0.00M, Peak:0.00M | Scene, ViewLayer | Synchronizing object | QA-human-arm.002
Fra:1 Mem:15.62M (Peak 15.68M) | Time:00:00.00 | Mem:0.00M, Peak:0.00M | Scene, ViewLayer | Synchronizing object | QA-human-torso.001
Fra:1 Mem:15.58M (Peak 15.68M) | Time:00:00.00 | Mem:0.00M, Peak:0.00M | Scene, ViewLayer | Synchronizing object | QA-human-leg.003
Fra:1 Mem:15.54M (Peak 15.68M) | Time:00:00.00 | Mem:0.00M, Peak:0.00M | Scene, ViewLayer | Synchronizing object | QA-human-leg.002
Fra:1 Mem:15.54M (Peak 15.68M) | Time:00:00.00 | Mem:0.00M, Peak:0.00M | Scene, ViewLayer | Synchronizing object | QA-human-head
Fra:1 Mem:15.53M (Peak 15.68M) | Time:00:00.00 | Mem:0.00M, Peak:0.00M | Scene, ViewLayer | Synchronizing object | glass
Fra:1 Mem:15.53M (Peak 15.68M) | Time:00:00.00 | Mem:0.00M, Peak:0.00M | Scene, ViewLayer | Synchronizing object | QA-human-arm.001
Fra:1 Mem:15.54M (Peak 15.68M) | Time:00:00.00 | Mem:0.00M, Peak:0.00M | Scene, ViewLayer | Synchronizing object | QA-human-arm
Fra:1 Mem:15.55M (Peak 15.68M) | Time:00:00.00 | Mem:0.00M, Peak:0.00M | Scene, ViewLayer | Synchronizing object | QA-human-torso
Fra:1 Mem:15.55M (Peak 15.68M) | Time:00:00.00 | Mem:0.00M, Peak:0.00M | Scene, ViewLayer | Synchronizing object | QA-human-leg.001
Fra:1 Mem:15.55M (Peak 15.68M) | Time:00:00.00 | Mem:0.00M, Peak:0.00M | Scene, ViewLayer | Synchronizing object | QA-human-leg
Fra:1 Mem:15.54M (Peak 15.68M) | Time:00:00.00 | Mem:0.00M, Peak:0.00M | Scene, ViewLayer | Synchronizing object | QA-ground
Fra:1 Mem:15.54M (Peak 15.68M) | Time:00:00.00 | Mem:0.00M, Peak:0.00M | Scene, ViewLayer | Synchronizing object | wheel-front-right
Fra:1 Mem:15.54M (Peak 15.68M) | Time:00:00.00 | Mem:0.00M, Peak:0.00M | Scene, ViewLayer | Synchronizing object | trim
Fra:1 Mem:15.62M (Peak 15.68M) | Time:00:00.00 | Mem:0.00M, Peak:0.00M | Scene, ViewLayer | Synchronizing object | wheel-rear-left
Fra:1 Mem:15.65M (Peak 15.68M) | Time:00:00.00 | Mem:0.00M, Peak:0.00M | Scene, ViewLayer | Synchronizing object | wheel-rear-right
Fra:1 Mem:15.68M (Peak 15.68M) | Time:00:00.00 | Mem:0.00M, Peak:0.00M | Scene, ViewLayer | Synchronizing object | wheel-front-left
Fra:1 Mem:15.67M (Peak 15.68M) | Time:00:00.00 | Mem:0.00M, Peak:0.00M | Scene, ViewLayer | Initializing
Fra:1 Mem:14.22M (Peak 15.68M) | Time:00:00.00 | Mem:0.00M, Peak:0.00M | Scene, ViewLayer | Waiting for render to start
Fra:1 Mem:14.22M (Peak 15.68M) | Time:00:00.00 | Mem:0.00M, Peak:0.00M | Scene, ViewLayer | Loading render kernels (may take a few minutes the first time)
Fra:1 Mem:14.22M (Peak 15.68M) | Time:00:00.00 | Mem:0.00M, Peak:0.00M | Scene, ViewLayer | Updating Scene
Fra:1 Mem:14.22M (Peak 15.68M) | Time:00:00.00 | Mem:0.00M, Peak:0.00M | Scene, ViewLayer | Updating Shaders
Fra:1 Mem:14.30M (Peak 15.68M) | Time:00:00.00 | Mem:0.01M, Peak:0.01M | Scene, ViewLayer | Updating Procedurals
Fra:1 Mem:14.30M (Peak 15.68M) | Time:00:00.00 | Mem:0.01M, Peak:0.01M | Scene, ViewLayer | Updating Background
Fra:1 Mem:14.30M (Peak 15.68M) | Time:00:00.00 | Mem:0.01M, Peak:0.01M | Scene, ViewLayer | Updating Camera
Fra:1 Mem:14.30M (Peak 15.68M) | Time:00:00.00 | Mem:0.01M, Peak:0.01M | Scene, ViewLayer | Updating Meshes Flags
Fra:1 Mem:14.30M (Peak 15.68M) | Time:00:00.00 | Mem:0.01M, Peak:0.01M | Scene, ViewLayer | Updating Objects
Fra:1 Mem:14.30M (Peak 15.68M) | Time:00:00.00 | Mem:0.01M, Peak:0.01M | Scene, ViewLayer | Updating Objects | Copying Transformations to device
Fra:1 Mem:14.31M (Peak 15.68M) | Time:00:00.00 | Mem:0.01M, Peak:0.01M | Scene, ViewLayer | Updating Objects | Applying Static Transformations
Fra:1 Mem:14.31M (Peak 15.68M) | Time:00:00.00 | Mem:0.01M, Peak:0.01M | Scene, ViewLayer | Updating Particle Systems
Fra:1 Mem:14.31M (Peak 15.68M) | Time:00:00.00 | Mem:0.01M, Peak:0.01M | Scene, ViewLayer | Updating Particle Systems | Copying Particles to device
Fra:1 Mem:14.31M (Peak 15.68M) | Time:00:00.00 | Mem:0.01M, Peak:0.01M | Scene, ViewLayer | Updating Meshes
Fra:1 Mem:14.34M (Peak 15.68M) | Time:00:00.00 | Mem:0.01M, Peak:0.01M | Scene, ViewLayer | Updating Mesh | Computing attributes
Fra:1 Mem:14.39M (Peak 15.68M) | Time:00:00.00 | Mem:0.02M, Peak:0.02M | Scene, ViewLayer | Updating Mesh | Copying Attributes to device
Fra:1 Mem:14.39M (Peak 15.68M) | Time:00:00.00 | Mem:0.06M, Peak:0.06M | Scene, ViewLayer | Updating Scene BVH | Building
Fra:1 Mem:14.39M (Peak 15.68M) | Time:00:00.00 | Mem:0.06M, Peak:0.06M | Scene, ViewLayer | Updating Scene BVH | Building BVH
Fra:1 Mem:14.39M (Peak 15.68M) | Time:00:00.00 | Mem:0.12M, Peak:0.12M | Scene, ViewLayer | Updating Scene BVH | Building BVH 0%
Fra:1 Mem:14.39M (Peak 15.68M) | Time:00:00.00 | Mem:0.19M, Peak:0.24M | Scene, ViewLayer | Updating Scene BVH | Copying BVH to device
Fra:1 Mem:14.39M (Peak 15.68M) | Time:00:00.00 | Mem:0.19M, Peak:0.24M | Scene, ViewLayer | Updating Mesh | Computing normals
Fra:1 Mem:14.54M (Peak 15.68M) | Time:00:00.00 | Mem:0.19M, Peak:0.24M | Scene, ViewLayer | Updating Mesh | Copying Mesh to device
Fra:1 Mem:14.54M (Peak 15.68M) | Time:00:00.00 | Mem:0.34M, Peak:0.34M | Scene, ViewLayer | Updating Objects Flags
Fra:1 Mem:14.54M (Peak 15.68M) | Time:00:00.00 | Mem:0.34M, Peak:0.34M | Scene, ViewLayer | Updating Primitive Offsets
Fra:1 Mem:14.54M (Peak 15.68M) | Time:00:00.00 | Mem:0.34M, Peak:0.34M | Scene, ViewLayer | Updating Images
Fra:1 Mem:14.54M (Peak 15.68M) | Time:00:00.00 | Mem:0.34M, Peak:0.34M | Scene, ViewLayer | Updating Camera Volume
Fra:1 Mem:14.54M (Peak 15.68M) | Time:00:00.00 | Mem:0.34M, Peak:0.34M | Scene, ViewLayer | Updating Lookup Tables
Fra:1 Mem:14.54M (Peak 15.68M) | Time:00:00.00 | Mem:0.42M, Peak:0.42M | Scene, ViewLayer | Updating Lights
Fra:1 Mem:14.54M (Peak 15.68M) | Time:00:00.00 | Mem:0.42M, Peak:0.42M | Scene, ViewLayer | Updating Lights | Computing tree
Fra:1 Mem:14.55M (Peak 15.68M) | Time:00:00.00 | Mem:0.42M, Peak:0.42M | Scene, ViewLayer | Updating Integrator
Fra:1 Mem:14.55M (Peak 15.68M) | Time:00:00.00 | Mem:0.42M, Peak:0.42M | Scene, ViewLayer | Updating Film
Fra:1 Mem:14.55M (Peak 15.68M) | Time:00:00.00 | Mem:0.34M, Peak:0.42M | Scene, ViewLayer | Updating Lookup Tables
Fra:1 Mem:14.55M (Peak 15.68M) | Time:00:00.00 | Mem:0.43M, Peak:0.43M | Scene, ViewLayer | Updating Baking
Fra:1 Mem:14.55M (Peak 15.68M) | Time:00:00.00 | Mem:0.43M, Peak:0.43M | Scene, ViewLayer | Updating Device | Writing constant memory
Fra:1 Mem:14.55M (Peak 15.68M) | Time:00:00.00 | Mem:0.43M, Peak:0.43M | Scene, ViewLayer | Sample 0/24
Fra:1 Mem:23.79M (Peak 23.79M) | Time:00:00.23 | Remaining:00:05.26 | Mem:9.66M, Peak:9.66M | Scene, ViewLayer | Sample 1/24
Fra:1 Mem:27.89M (Peak 36.09M) | Time:00:05.22 | Mem:9.66M, Peak:9.66M | Scene, ViewLayer | Sample 24/24
Fra:1 Mem:27.89M (Peak 36.09M) | Time:00:05.22 | Mem:9.66M, Peak:9.66M | Scene, ViewLayer | Finished
Saved: '/workspace/scratch/7c20b5ba4165/atlas-backlog-oct3/tools/assets/traffic-car-templates/qa/previews/traffic-suv-overcast.png'
Time: 00:05.26 (Saving: 00:00.03)

Extensions: writing cache failed ([Errno 30] Read-only file system: '/home/agent/.config/blender').
16:10:11 | INFO: Data are loaded, start creating Blender stuff
16:10:11 | INFO: Blender create Mesh node body-shell-editable-mesh
16:10:11 | INFO: Blender create Mesh node glass-right-rear-editable-mesh
16:10:11 | INFO: Blender create Mesh node wheel-front-right-editable-mesh
16:10:11 | INFO: Blender create Mesh node wheel-rear-right-editable-mesh
16:10:11 | INFO: Blender create Mesh node wheel-front-left-editable-mesh
16:10:11 | INFO: Blender create Mesh node wheel-rear-left-editable-mesh
16:10:11 | INFO: Blender create Mesh node door-handle-right-0.65-editable-mesh
16:10:11 | INFO: glTF import finished in 0.01s
Fra:1 Mem:15.39M (Peak 15.39M) | Time:00:00.00 | Mem:0.00M, Peak:0.00M | Scene, ViewLayer | Synchronizing object | body-shell
Fra:1 Mem:15.69M (Peak 15.69M) | Time:00:00.00 | Mem:0.00M, Peak:0.00M | Scene, ViewLayer | Synchronizing object | QA-ruler-tick.010
Fra:1 Mem:15.48M (Peak 15.69M) | Time:00:00.00 | Mem:0.00M, Peak:0.00M | Scene, ViewLayer | Synchronizing object | QA-ruler-tick.009
Fra:1 Mem:15.47M (Peak 15.69M) | Time:00:00.00 | Mem:0.00M, Peak:0.00M | Scene, ViewLayer | Synchronizing object | QA-ruler-tick.008
Fra:1 Mem:15.49M (Peak 15.69M) | Time:00:00.00 | Mem:0.00M, Peak:0.00M | Scene, ViewLayer | Synchronizing object | QA-ruler-tick.007
Fra:1 Mem:15.51M (Peak 15.69M) | Time:00:00.00 | Mem:0.00M, Peak:0.00M | Scene, ViewLayer | Synchronizing object | QA-ruler-tick.006
Fra:1 Mem:15.52M (Peak 15.69M) | Time:00:00.00 | Mem:0.00M, Peak:0.00M | Scene, ViewLayer | Synchronizing object | QA-ruler-tick.005
Fra:1 Mem:15.53M (Peak 15.69M) | Time:00:00.00 | Mem:0.00M, Peak:0.00M | Scene, ViewLayer | Synchronizing object | QA-ruler-tick.004
Fra:1 Mem:15.53M (Peak 15.69M) | Time:00:00.00 | Mem:0.00M, Peak:0.00M | Scene, ViewLayer | Synchronizing object | QA-ruler-tick.003
Fra:1 Mem:15.53M (Peak 15.69M) | Time:00:00.00 | Mem:0.00M, Peak:0.00M | Scene, ViewLayer | Synchronizing object | QA-ruler-tick.002
Fra:1 Mem:15.53M (Peak 15.69M) | Time:00:00.00 | Mem:0.00M, Peak:0.00M | Scene, ViewLayer | Synchronizing object | QA-ruler-tick.001
Fra:1 Mem:15.54M (Peak 15.69M) | Time:00:00.00 | Mem:0.00M, Peak:0.00M | Scene, ViewLayer | Synchronizing object | QA-ruler-tick
Fra:1 Mem:15.55M (Peak 15.69M) | Time:00:00.00 | Mem:0.00M, Peak:0.00M | Scene, ViewLayer | Synchronizing object | QA-one-metre-ruler
Fra:1 Mem:15.62M (Peak 15.69M) | Time:00:00.00 | Mem:0.00M, Peak:0.00M | Scene, ViewLayer | Synchronizing object | QA-human-head.001
Fra:1 Mem:15.63M (Peak 15.69M) | Time:00:00.00 | Mem:0.00M, Peak:0.00M | Scene, ViewLayer | Synchronizing object | QA-human-arm.003
Fra:1 Mem:15.63M (Peak 15.69M) | Time:00:00.00 | Mem:0.00M, Peak:0.00M | Scene, ViewLayer | Synchronizing object | QA-human-arm.002
Fra:1 Mem:15.63M (Peak 15.69M) | Time:00:00.00 | Mem:0.00M, Peak:0.00M | Scene, ViewLayer | Synchronizing object | QA-human-torso.001
Fra:1 Mem:15.64M (Peak 15.69M) | Time:00:00.00 | Mem:0.00M, Peak:0.00M | Scene, ViewLayer | Synchronizing object | QA-human-leg.003
Fra:1 Mem:15.64M (Peak 15.69M) | Time:00:00.00 | Mem:0.00M, Peak:0.00M | Scene, ViewLayer | Synchronizing object | QA-human-leg.002
Fra:1 Mem:15.64M (Peak 15.69M) | Time:00:00.00 | Mem:0.00M, Peak:0.00M | Scene, ViewLayer | Synchronizing object | QA-human-head
Fra:1 Mem:15.61M (Peak 15.69M) | Time:00:00.00 | Mem:0.00M, Peak:0.00M | Scene, ViewLayer | Synchronizing object | QA-human-arm.001
Fra:1 Mem:15.64M (Peak 15.69M) | Time:00:00.00 | Mem:0.00M, Peak:0.00M | Scene, ViewLayer | Synchronizing object | QA-human-arm
Fra:1 Mem:15.64M (Peak 15.69M) | Time:00:00.00 | Mem:0.00M, Peak:0.00M | Scene, ViewLayer | Synchronizing object | QA-human-torso
Fra:1 Mem:15.60M (Peak 15.69M) | Time:00:00.00 | Mem:0.00M, Peak:0.00M | Scene, ViewLayer | Synchronizing object | QA-human-leg.001
Fra:1 Mem:15.56M (Peak 15.69M) | Time:00:00.00 | Mem:0.00M, Peak:0.00M | Scene, ViewLayer | Synchronizing object | QA-human-leg
Fra:1 Mem:15.54M (Peak 15.69M) | Time:00:00.00 | Mem:0.00M, Peak:0.00M | Scene, ViewLayer | Synchronizing object | QA-ground
Fra:1 Mem:15.54M (Peak 15.69M) | Time:00:00.00 | Mem:0.00M, Peak:0.00M | Scene, ViewLayer | Synchronizing object | glass
Fra:1 Mem:15.54M (Peak 15.69M) | Time:00:00.00 | Mem:0.00M, Peak:0.00M | Scene, ViewLayer | Synchronizing object | trim
Fra:1 Mem:15.57M (Peak 15.69M) | Time:00:00.00 | Mem:0.00M, Peak:0.00M | Scene, ViewLayer | Synchronizing object | wheel-front-right
Fra:1 Mem:15.63M (Peak 15.69M) | Time:00:00.00 | Mem:0.00M, Peak:0.00M | Scene, ViewLayer | Synchronizing object | wheel-rear-left
Fra:1 Mem:15.62M (Peak 15.69M) | Time:00:00.00 | Mem:0.00M, Peak:0.00M | Scene, ViewLayer | Synchronizing object | wheel-rear-right
Fra:1 Mem:15.65M (Peak 15.69M) | Time:00:00.00 | Mem:0.00M, Peak:0.00M | Scene, ViewLayer | Synchronizing object | wheel-front-left
Fra:1 Mem:15.67M (Peak 15.69M) | Time:00:00.00 | Mem:0.00M, Peak:0.00M | Scene, ViewLayer | Initializing
Fra:1 Mem:14.22M (Peak 15.69M) | Time:00:00.00 | Mem:0.00M, Peak:0.00M | Scene, ViewLayer | Waiting for render to start
Fra:1 Mem:14.22M (Peak 15.69M) | Time:00:00.00 | Mem:0.00M, Peak:0.00M | Scene, ViewLayer | Loading render kernels (may take a few minutes the first time)
Fra:1 Mem:14.22M (Peak 15.69M) | Time:00:00.00 | Mem:0.00M, Peak:0.00M | Scene, ViewLayer | Updating Scene
Fra:1 Mem:14.22M (Peak 15.69M) | Time:00:00.00 | Mem:0.00M, Peak:0.00M | Scene, ViewLayer | Updating Shaders
Fra:1 Mem:14.30M (Peak 15.69M) | Time:00:00.00 | Mem:0.01M, Peak:0.01M | Scene, ViewLayer | Updating Procedurals
Fra:1 Mem:14.30M (Peak 15.69M) | Time:00:00.00 | Mem:0.01M, Peak:0.01M | Scene, ViewLayer | Updating Background
Fra:1 Mem:14.30M (Peak 15.69M) | Time:00:00.00 | Mem:0.01M, Peak:0.01M | Scene, ViewLayer | Updating Camera
Fra:1 Mem:14.30M (Peak 15.69M) | Time:00:00.00 | Mem:0.01M, Peak:0.01M | Scene, ViewLayer | Updating Meshes Flags
Fra:1 Mem:14.30M (Peak 15.69M) | Time:00:00.00 | Mem:0.01M, Peak:0.01M | Scene, ViewLayer | Updating Objects
Fra:1 Mem:14.30M (Peak 15.69M) | Time:00:00.00 | Mem:0.01M, Peak:0.01M | Scene, ViewLayer | Updating Objects | Copying Transformations to device
Fra:1 Mem:14.31M (Peak 15.69M) | Time:00:00.00 | Mem:0.01M, Peak:0.01M | Scene, ViewLayer | Updating Objects | Applying Static Transformations
Fra:1 Mem:14.31M (Peak 15.69M) | Time:00:00.00 | Mem:0.01M, Peak:0.01M | Scene, ViewLayer | Updating Particle Systems
Fra:1 Mem:14.31M (Peak 15.69M) | Time:00:00.00 | Mem:0.01M, Peak:0.01M | Scene, ViewLayer | Updating Particle Systems | Copying Particles to device
Fra:1 Mem:14.31M (Peak 15.69M) | Time:00:00.00 | Mem:0.01M, Peak:0.01M | Scene, ViewLayer | Updating Meshes
Fra:1 Mem:14.34M (Peak 15.69M) | Time:00:00.00 | Mem:0.01M, Peak:0.01M | Scene, ViewLayer | Updating Mesh | Computing attributes
Fra:1 Mem:14.39M (Peak 15.69M) | Time:00:00.00 | Mem:0.02M, Peak:0.02M | Scene, ViewLayer | Updating Mesh | Copying Attributes to device
Fra:1 Mem:14.39M (Peak 15.69M) | Time:00:00.00 | Mem:0.06M, Peak:0.06M | Scene, ViewLayer | Updating Scene BVH | Building
Fra:1 Mem:14.39M (Peak 15.69M) | Time:00:00.00 | Mem:0.06M, Peak:0.06M | Scene, ViewLayer | Updating Scene BVH | Building BVH
Fra:1 Mem:14.39M (Peak 15.69M) | Time:00:00.00 | Mem:0.12M, Peak:0.12M | Scene, ViewLayer | Updating Scene BVH | Building BVH 0%
Fra:1 Mem:14.39M (Peak 15.69M) | Time:00:00.00 | Mem:0.19M, Peak:0.24M | Scene, ViewLayer | Updating Scene BVH | Copying BVH to device
Fra:1 Mem:14.39M (Peak 15.69M) | Time:00:00.00 | Mem:0.19M, Peak:0.24M | Scene, ViewLayer | Updating Mesh | Computing normals
Fra:1 Mem:14.54M (Peak 15.69M) | Time:00:00.00 | Mem:0.19M, Peak:0.24M | Scene, ViewLayer | Updating Mesh | Copying Mesh to device
Fra:1 Mem:14.54M (Peak 15.69M) | Time:00:00.00 | Mem:0.34M, Peak:0.34M | Scene, ViewLayer | Updating Objects Flags
Fra:1 Mem:14.54M (Peak 15.69M) | Time:00:00.00 | Mem:0.34M, Peak:0.34M | Scene, ViewLayer | Updating Primitive Offsets
Fra:1 Mem:14.54M (Peak 15.69M) | Time:00:00.00 | Mem:0.34M, Peak:0.34M | Scene, ViewLayer | Updating Images
Fra:1 Mem:14.54M (Peak 15.69M) | Time:00:00.00 | Mem:0.34M, Peak:0.34M | Scene, ViewLayer | Updating Camera Volume
Fra:1 Mem:14.54M (Peak 15.69M) | Time:00:00.00 | Mem:0.34M, Peak:0.34M | Scene, ViewLayer | Updating Lookup Tables
Fra:1 Mem:14.54M (Peak 15.69M) | Time:00:00.00 | Mem:0.42M, Peak:0.42M | Scene, ViewLayer | Updating Lights
Fra:1 Mem:14.54M (Peak 15.69M) | Time:00:00.00 | Mem:0.42M, Peak:0.42M | Scene, ViewLayer | Updating Lights | Computing tree
Fra:1 Mem:14.55M (Peak 15.69M) | Time:00:00.00 | Mem:0.42M, Peak:0.42M | Scene, ViewLayer | Updating Integrator
Fra:1 Mem:14.55M (Peak 15.69M) | Time:00:00.00 | Mem:0.42M, Peak:0.42M | Scene, ViewLayer | Updating Film
Fra:1 Mem:14.55M (Peak 15.69M) | Time:00:00.00 | Mem:0.34M, Peak:0.42M | Scene, ViewLayer | Updating Lookup Tables
Fra:1 Mem:14.55M (Peak 15.69M) | Time:00:00.00 | Mem:0.43M, Peak:0.43M | Scene, ViewLayer | Updating Baking
Fra:1 Mem:14.55M (Peak 15.69M) | Time:00:00.00 | Mem:0.43M, Peak:0.43M | Scene, ViewLayer | Updating Device | Writing constant memory
Fra:1 Mem:14.55M (Peak 15.69M) | Time:00:00.00 | Mem:0.43M, Peak:0.43M | Scene, ViewLayer | Sample 0/24
Fra:1 Mem:23.79M (Peak 23.79M) | Time:00:00.25 | Remaining:00:05.63 | Mem:9.66M, Peak:9.66M | Scene, ViewLayer | Sample 1/24
Fra:1 Mem:27.89M (Peak 36.09M) | Time:00:05.27 | Mem:9.66M, Peak:9.66M | Scene, ViewLayer | Sample 24/24
Fra:1 Mem:27.89M (Peak 36.09M) | Time:00:05.27 | Mem:9.66M, Peak:9.66M | Scene, ViewLayer | Finished
Saved: '/workspace/scratch/7c20b5ba4165/atlas-backlog-oct3/tools/assets/traffic-car-templates/qa/previews/traffic-suv-dusk.png'
Time: 00:05.31 (Saving: 00:00.04)

Extensions: writing cache failed ([Errno 30] Read-only file system: '/home/agent/.config/blender').
16:10:16 | INFO: Data are loaded, start creating Blender stuff
16:10:16 | INFO: Blender create Mesh node body-shell-editable-mesh
16:10:16 | INFO: Blender create Mesh node glass-right-rear-editable-mesh
16:10:16 | INFO: Blender create Mesh node wheel-front-right-editable-mesh
16:10:16 | INFO: Blender create Mesh node wheel-rear-right-editable-mesh
16:10:16 | INFO: Blender create Mesh node wheel-front-left-editable-mesh
16:10:16 | INFO: Blender create Mesh node wheel-rear-left-editable-mesh
16:10:16 | INFO: Blender create Mesh node door-handle-right-0.65-editable-mesh
16:10:16 | INFO: glTF import finished in 0.01s
Fra:1 Mem:15.39M (Peak 15.39M) | Time:00:00.00 | Mem:0.00M, Peak:0.00M | Scene, ViewLayer | Synchronizing object | body-shell
Fra:1 Mem:15.68M (Peak 15.68M) | Time:00:00.00 | Mem:0.00M, Peak:0.00M | Scene, ViewLayer | Synchronizing object | QA-ruler-tick.010
Fra:1 Mem:15.47M (Peak 15.68M) | Time:00:00.00 | Mem:0.00M, Peak:0.00M | Scene, ViewLayer | Synchronizing object | QA-ruler-tick.009
Fra:1 Mem:15.50M (Peak 15.68M) | Time:00:00.00 | Mem:0.00M, Peak:0.00M | Scene, ViewLayer | Synchronizing object | QA-ruler-tick.008
Fra:1 Mem:15.52M (Peak 15.68M) | Time:00:00.00 | Mem:0.00M, Peak:0.00M | Scene, ViewLayer | Synchronizing object | QA-ruler-tick.007
Fra:1 Mem:15.52M (Peak 15.68M) | Time:00:00.00 | Mem:0.00M, Peak:0.00M | Scene, ViewLayer | Synchronizing object | QA-ruler-tick.006
Fra:1 Mem:15.52M (Peak 15.68M) | Time:00:00.00 | Mem:0.00M, Peak:0.00M | Scene, ViewLayer | Synchronizing object | QA-ruler-tick.005
Fra:1 Mem:15.53M (Peak 15.68M) | Time:00:00.00 | Mem:0.00M, Peak:0.00M | Scene, ViewLayer | Synchronizing object | QA-ruler-tick.004
Fra:1 Mem:15.54M (Peak 15.68M) | Time:00:00.00 | Mem:0.00M, Peak:0.00M | Scene, ViewLayer | Synchronizing object | QA-ruler-tick.003
Fra:1 Mem:15.55M (Peak 15.68M) | Time:00:00.00 | Mem:0.00M, Peak:0.00M | Scene, ViewLayer | Synchronizing object | QA-ruler-tick.002
Fra:1 Mem:15.62M (Peak 15.68M) | Time:00:00.00 | Mem:0.00M, Peak:0.00M | Scene, ViewLayer | Synchronizing object | QA-ruler-tick.001
Fra:1 Mem:15.62M (Peak 15.68M) | Time:00:00.00 | Mem:0.00M, Peak:0.00M | Scene, ViewLayer | Synchronizing object | QA-ruler-tick
Fra:1 Mem:15.62M (Peak 15.68M) | Time:00:00.00 | Mem:0.00M, Peak:0.00M | Scene, ViewLayer | Synchronizing object | QA-one-metre-ruler
Fra:1 Mem:15.62M (Peak 15.68M) | Time:00:00.00 | Mem:0.00M, Peak:0.00M | Scene, ViewLayer | Synchronizing object | QA-human-head.001
Fra:1 Mem:15.63M (Peak 15.68M) | Time:00:00.00 | Mem:0.00M, Peak:0.00M | Scene, ViewLayer | Synchronizing object | QA-human-arm.003
Fra:1 Mem:15.63M (Peak 15.68M) | Time:00:00.00 | Mem:0.00M, Peak:0.00M | Scene, ViewLayer | Synchronizing object | QA-human-arm.002
Fra:1 Mem:15.63M (Peak 15.68M) | Time:00:00.00 | Mem:0.00M, Peak:0.00M | Scene, ViewLayer | Synchronizing object | QA-human-torso.001
Fra:1 Mem:15.58M (Peak 15.68M) | Time:00:00.00 | Mem:0.00M, Peak:0.00M | Scene, ViewLayer | Synchronizing object | QA-human-leg.003
Fra:1 Mem:15.58M (Peak 15.68M) | Time:00:00.00 | Mem:0.00M, Peak:0.00M | Scene, ViewLayer | Synchronizing object | QA-human-leg.002
Fra:1 Mem:15.63M (Peak 15.68M) | Time:00:00.00 | Mem:0.00M, Peak:0.00M | Scene, ViewLayer | Synchronizing object | QA-human-head
Fra:1 Mem:15.64M (Peak 15.68M) | Time:00:00.00 | Mem:0.00M, Peak:0.00M | Scene, ViewLayer | Synchronizing object | QA-human-arm.001
Fra:1 Mem:15.53M (Peak 15.68M) | Time:00:00.00 | Mem:0.00M, Peak:0.00M | Scene, ViewLayer | Synchronizing object | QA-human-arm
Fra:1 Mem:15.53M (Peak 15.68M) | Time:00:00.00 | Mem:0.00M, Peak:0.00M | Scene, ViewLayer | Synchronizing object | glass
Fra:1 Mem:15.53M (Peak 15.68M) | Time:00:00.00 | Mem:0.00M, Peak:0.00M | Scene, ViewLayer | Synchronizing object | QA-human-torso
Fra:1 Mem:15.54M (Peak 15.68M) | Time:00:00.00 | Mem:0.00M, Peak:0.00M | Scene, ViewLayer | Synchronizing object | QA-human-leg.001
Fra:1 Mem:15.55M (Peak 15.68M) | Time:00:00.00 | Mem:0.00M, Peak:0.00M | Scene, ViewLayer | Synchronizing object | QA-human-leg
Fra:1 Mem:15.54M (Peak 15.68M) | Time:00:00.00 | Mem:0.00M, Peak:0.00M | Scene, ViewLayer | Synchronizing object | QA-ground
Fra:1 Mem:15.55M (Peak 15.68M) | Time:00:00.00 | Mem:0.00M, Peak:0.00M | Scene, ViewLayer | Synchronizing object | trim
Fra:1 Mem:15.54M (Peak 15.68M) | Time:00:00.00 | Mem:0.00M, Peak:0.00M | Scene, ViewLayer | Synchronizing object | wheel-front-right
Fra:1 Mem:15.59M (Peak 15.68M) | Time:00:00.00 | Mem:0.00M, Peak:0.00M | Scene, ViewLayer | Synchronizing object | wheel-rear-left
Fra:1 Mem:15.65M (Peak 15.68M) | Time:00:00.00 | Mem:0.00M, Peak:0.00M | Scene, ViewLayer | Synchronizing object | wheel-rear-right
Fra:1 Mem:15.68M (Peak 15.68M) | Time:00:00.00 | Mem:0.00M, Peak:0.00M | Scene, ViewLayer | Synchronizing object | wheel-front-left
Fra:1 Mem:15.67M (Peak 15.68M) | Time:00:00.00 | Mem:0.00M, Peak:0.00M | Scene, ViewLayer | Initializing
Fra:1 Mem:14.22M (Peak 15.68M) | Time:00:00.00 | Mem:0.00M, Peak:0.00M | Scene, ViewLayer | Waiting for render to start
Fra:1 Mem:14.22M (Peak 15.68M) | Time:00:00.00 | Mem:0.00M, Peak:0.00M | Scene, ViewLayer | Loading render kernels (may take a few minutes the first time)
Fra:1 Mem:14.22M (Peak 15.68M) | Time:00:00.00 | Mem:0.00M, Peak:0.00M | Scene, ViewLayer | Updating Scene
Fra:1 Mem:14.22M (Peak 15.68M) | Time:00:00.00 | Mem:0.00M, Peak:0.00M | Scene, ViewLayer | Updating Shaders
Fra:1 Mem:14.30M (Peak 15.68M) | Time:00:00.00 | Mem:0.01M, Peak:0.01M | Scene, ViewLayer | Updating Procedurals
Fra:1 Mem:14.30M (Peak 15.68M) | Time:00:00.00 | Mem:0.01M, Peak:0.01M | Scene, ViewLayer | Updating Background
Fra:1 Mem:14.30M (Peak 15.68M) | Time:00:00.00 | Mem:0.01M, Peak:0.01M | Scene, ViewLayer | Updating Camera
Fra:1 Mem:14.30M (Peak 15.68M) | Time:00:00.00 | Mem:0.01M, Peak:0.01M | Scene, ViewLayer | Updating Meshes Flags
Fra:1 Mem:14.30M (Peak 15.68M) | Time:00:00.00 | Mem:0.01M, Peak:0.01M | Scene, ViewLayer | Updating Objects
Fra:1 Mem:14.30M (Peak 15.68M) | Time:00:00.00 | Mem:0.01M, Peak:0.01M | Scene, ViewLayer | Updating Objects | Copying Transformations to device
Fra:1 Mem:14.31M (Peak 15.68M) | Time:00:00.00 | Mem:0.01M, Peak:0.01M | Scene, ViewLayer | Updating Objects | Applying Static Transformations
Fra:1 Mem:14.31M (Peak 15.68M) | Time:00:00.00 | Mem:0.01M, Peak:0.01M | Scene, ViewLayer | Updating Particle Systems
Fra:1 Mem:14.31M (Peak 15.68M) | Time:00:00.00 | Mem:0.01M, Peak:0.01M | Scene, ViewLayer | Updating Particle Systems | Copying Particles to device
Fra:1 Mem:14.31M (Peak 15.68M) | Time:00:00.00 | Mem:0.01M, Peak:0.01M | Scene, ViewLayer | Updating Meshes
Fra:1 Mem:14.34M (Peak 15.68M) | Time:00:00.00 | Mem:0.01M, Peak:0.01M | Scene, ViewLayer | Updating Mesh | Computing attributes
Fra:1 Mem:14.39M (Peak 15.68M) | Time:00:00.00 | Mem:0.02M, Peak:0.02M | Scene, ViewLayer | Updating Mesh | Copying Attributes to device
Fra:1 Mem:14.39M (Peak 15.68M) | Time:00:00.00 | Mem:0.06M, Peak:0.06M | Scene, ViewLayer | Updating Scene BVH | Building
Fra:1 Mem:14.39M (Peak 15.68M) | Time:00:00.00 | Mem:0.06M, Peak:0.06M | Scene, ViewLayer | Updating Scene BVH | Building BVH
Fra:1 Mem:14.39M (Peak 15.68M) | Time:00:00.00 | Mem:0.12M, Peak:0.12M | Scene, ViewLayer | Updating Scene BVH | Building BVH 0%
Fra:1 Mem:14.39M (Peak 15.68M) | Time:00:00.00 | Mem:0.19M, Peak:0.24M | Scene, ViewLayer | Updating Scene BVH | Copying BVH to device
Fra:1 Mem:14.39M (Peak 15.68M) | Time:00:00.00 | Mem:0.19M, Peak:0.24M | Scene, ViewLayer | Updating Mesh | Computing normals
Fra:1 Mem:14.54M (Peak 15.68M) | Time:00:00.00 | Mem:0.19M, Peak:0.24M | Scene, ViewLayer | Updating Mesh | Copying Mesh to device
Fra:1 Mem:14.54M (Peak 15.68M) | Time:00:00.00 | Mem:0.34M, Peak:0.34M | Scene, ViewLayer | Updating Objects Flags
Fra:1 Mem:14.54M (Peak 15.68M) | Time:00:00.00 | Mem:0.34M, Peak:0.34M | Scene, ViewLayer | Updating Primitive Offsets
Fra:1 Mem:14.54M (Peak 15.68M) | Time:00:00.00 | Mem:0.34M, Peak:0.34M | Scene, ViewLayer | Updating Images
Fra:1 Mem:14.54M (Peak 15.68M) | Time:00:00.00 | Mem:0.34M, Peak:0.34M | Scene, ViewLayer | Updating Camera Volume
Fra:1 Mem:14.54M (Peak 15.68M) | Time:00:00.00 | Mem:0.34M, Peak:0.34M | Scene, ViewLayer | Updating Lookup Tables
Fra:1 Mem:14.54M (Peak 15.68M) | Time:00:00.00 | Mem:0.42M, Peak:0.42M | Scene, ViewLayer | Updating Lights
Fra:1 Mem:14.54M (Peak 15.68M) | Time:00:00.00 | Mem:0.42M, Peak:0.42M | Scene, ViewLayer | Updating Lights | Computing tree
Fra:1 Mem:14.55M (Peak 15.68M) | Time:00:00.00 | Mem:0.42M, Peak:0.42M | Scene, ViewLayer | Updating Integrator
Fra:1 Mem:14.55M (Peak 15.68M) | Time:00:00.00 | Mem:0.42M, Peak:0.42M | Scene, ViewLayer | Updating Film
Fra:1 Mem:14.55M (Peak 15.68M) | Time:00:00.00 | Mem:0.34M, Peak:0.42M | Scene, ViewLayer | Updating Lookup Tables
Fra:1 Mem:14.55M (Peak 15.68M) | Time:00:00.00 | Mem:0.43M, Peak:0.43M | Scene, ViewLayer | Updating Baking
Fra:1 Mem:14.55M (Peak 15.68M) | Time:00:00.00 | Mem:0.43M, Peak:0.43M | Scene, ViewLayer | Updating Device | Writing constant memory
Fra:1 Mem:14.55M (Peak 15.68M) | Time:00:00.00 | Mem:0.43M, Peak:0.43M | Scene, ViewLayer | Sample 0/24
Fra:1 Mem:23.79M (Peak 23.79M) | Time:00:00.24 | Remaining:00:05.56 | Mem:9.66M, Peak:9.66M | Scene, ViewLayer | Sample 1/24
Fra:1 Mem:27.89M (Peak 36.09M) | Time:00:05.37 | Mem:9.66M, Peak:9.66M | Scene, ViewLayer | Sample 24/24
Fra:1 Mem:27.89M (Peak 36.09M) | Time:00:05.37 | Mem:9.66M, Peak:9.66M | Scene, ViewLayer | Finished
Saved: '/workspace/scratch/7c20b5ba4165/atlas-backlog-oct3/tools/assets/traffic-car-templates/qa/previews/traffic-suv-night.png'
Time: 00:05.41 (Saving: 00:00.03)

CAR_PREVIEWS_RENDERED

Blender quit
