Extensions: writing cache failed ([Errno 30] Read-only file system: '/home/agent/.config/blender').
16:27:18 | INFO: Data are loaded, start creating Blender stuff
16:27:18 | INFO: Blender create Mesh node curb-body-editable.001
16:27:18 | INFO: glTF import finished in 0.00s
Extensions: writing cache failed ([Errno 30] Read-only file system: '/home/agent/.config/blender').
16:27:18 | INFO: Data are loaded, start creating Blender stuff
16:27:18 | INFO: Blender create Mesh node curb-body-editable.001
16:27:18 | INFO: glTF import finished in 0.01s
Extensions: writing cache failed ([Errno 30] Read-only file system: '/home/agent/.config/blender').
16:27:18 | INFO: Data are loaded, start creating Blender stuff
16:27:18 | INFO: Blender create Mesh node curb-body-editable
16:27:18 | INFO: glTF import finished in 0.00s
Extensions: writing cache failed ([Errno 30] Read-only file system: '/home/agent/.config/blender').
16:27:18 | INFO: Data are loaded, start creating Blender stuff
16:27:18 | INFO: Blender create Mesh node curb-body-editable
16:27:18 | INFO: glTF import finished in 0.00s
Extensions: writing cache failed ([Errno 30] Read-only file system: '/home/agent/.config/blender').
16:27:18 | INFO: Data are loaded, start creating Blender stuff
16:27:18 | INFO: Blender create Mesh node perennial-rosette-leaves-editable
16:27:18 | INFO: glTF import finished in 0.00s
Extensions: writing cache failed ([Errno 30] Read-only file system: '/home/agent/.config/blender').
16:27:18 | INFO: Data are loaded, start creating Blender stuff
16:27:18 | INFO: Blender create Mesh node perennial-rosette-leaves-editable
16:27:18 | INFO: glTF import finished in 0.00s
Extensions: writing cache failed ([Errno 30] Read-only file system: '/home/agent/.config/blender').
16:27:18 | INFO: Data are loaded, start creating Blender stuff
16:27:18 | INFO: Blender create Mesh node perennial-rosette-leaves-editable
16:27:18 | INFO: glTF import finished in 0.00s
Extensions: writing cache failed ([Errno 30] Read-only file system: '/home/agent/.config/blender').
16:27:18 | INFO: Data are loaded, start creating Blender stuff
16:27:18 | INFO: Blender create Mesh node perennial-rosette-leaves-editable
16:27:18 | INFO: glTF import finished in 0.00s
Extensions: writing cache failed ([Errno 30] Read-only file system: '/home/agent/.config/blender').
16:27:18 | INFO: Data are loaded, start creating Blender stuff
16:27:18 | INFO: Blender create Mesh node perennial-tuft-leaves-editable
16:27:18 | INFO: glTF import finished in 0.00s
Extensions: writing cache failed ([Errno 30] Read-only file system: '/home/agent/.config/blender').
16:27:18 | INFO: Data are loaded, start creating Blender stuff
16:27:18 | INFO: Blender create Mesh node perennial-tuft-leaves-editable
16:27:18 | INFO: glTF import finished in 0.00s
Extensions: writing cache failed ([Errno 30] Read-only file system: '/home/agent/.config/blender').
16:27:18 | INFO: Data are loaded, start creating Blender stuff
16:27:18 | INFO: Blender create Mesh node perennial-tuft-leaves-editable
16:27:18 | INFO: glTF import finished in 0.00s
Extensions: writing cache failed ([Errno 30] Read-only file system: '/home/agent/.config/blender').
16:27:18 | INFO: Data are loaded, start creating Blender stuff
16:27:18 | INFO: Blender create Mesh node perennial-tuft-leaves-editable
16:27:18 | INFO: glTF import finished in 0.00s
Extensions: writing cache failed ([Errno 30] Read-only file system: '/home/agent/.config/blender').
16:27:18 | INFO: Data are loaded, start creating Blender stuff
16:27:18 | INFO: Blender create Mesh node planter-round-hollow-shell-editable.001
16:27:18 | INFO: glTF import finished in 0.00s
Extensions: writing cache failed ([Errno 30] Read-only file system: '/home/agent/.config/blender').
16:27:19 | INFO: Data are loaded, start creating Blender stuff
16:27:19 | INFO: Blender create Mesh node planter-round-hollow-shell-editable.001
16:27:19 | INFO: glTF import finished in 0.00s
Extensions: writing cache failed ([Errno 30] Read-only file system: '/home/agent/.config/blender').
16:27:19 | INFO: Data are loaded, start creating Blender stuff
16:27:19 | INFO: Blender create Mesh node planter-round-hollow-shell-editable.001
16:27:19 | INFO: glTF import finished in 0.00s
Extensions: writing cache failed ([Errno 30] Read-only file system: '/home/agent/.config/blender').
16:27:19 | INFO: Data are loaded, start creating Blender stuff
16:27:19 | INFO: Blender create Mesh node planter-round-hollow-shell-editable.001
16:27:19 | INFO: glTF import finished in 0.00s
Extensions: writing cache failed ([Errno 30] Read-only file system: '/home/agent/.config/blender').
16:27:19 | INFO: Data are loaded, start creating Blender stuff
16:27:19 | INFO: Blender create Mesh node planter-trough-hollow-shell-editable
16:27:19 | INFO: glTF import finished in 0.00s
Extensions: writing cache failed ([Errno 30] Read-only file system: '/home/agent/.config/blender').
16:27:19 | INFO: Data are loaded, start creating Blender stuff
16:27:19 | INFO: Blender create Mesh node planter-trough-hollow-shell-editable
16:27:19 | INFO: glTF import finished in 0.00s
Extensions: writing cache failed ([Errno 30] Read-only file system: '/home/agent/.config/blender').
16:27:19 | INFO: Data are loaded, start creating Blender stuff
16:27:19 | INFO: Blender create Mesh node planter-trough-hollow-shell-editable
16:27:19 | INFO: glTF import finished in 0.00s
Extensions: writing cache failed ([Errno 30] Read-only file system: '/home/agent/.config/blender').
16:27:19 | INFO: Data are loaded, start creating Blender stuff
16:27:19 | INFO: Blender create Mesh node planter-trough-hollow-shell-editable
16:27:19 | INFO: glTF import finished in 0.00s
Extensions: writing cache failed ([Errno 30] Read-only file system: '/home/agent/.config/blender').
16:27:19 | INFO: Data are loaded, start creating Blender stuff
16:27:19 | INFO: Blender create Mesh node soil-grass-edge-surface-editable
16:27:19 | INFO: glTF import finished in 0.00s
Extensions: writing cache failed ([Errno 30] Read-only file system: '/home/agent/.config/blender').
16:27:19 | INFO: Data are loaded, start creating Blender stuff
16:27:19 | INFO: Blender create Mesh node soil-grass-edge-surface-editable
16:27:19 | INFO: glTF import finished in 0.00s
Extensions: writing cache failed ([Errno 30] Read-only file system: '/home/agent/.config/blender').
16:27:19 | INFO: Data are loaded, start creating Blender stuff
16:27:19 | INFO: Blender create Mesh node soil-grass-edge-surface-editable
16:27:19 | INFO: glTF import finished in 0.00s
Extensions: writing cache failed ([Errno 30] Read-only file system: '/home/agent/.config/blender').
16:27:19 | INFO: Data are loaded, start creating Blender stuff
16:27:19 | INFO: Blender create Mesh node soil-grass-edge-surface-editable
16:27:19 | INFO: glTF import finished in 0.00s
Extensions: writing cache failed ([Errno 30] Read-only file system: '/home/agent/.config/blender').
16:27:19 | INFO: Data are loaded, start creating Blender stuff
16:27:19 | INFO: Blender create Mesh node asphalt-study-10m-editable
16:27:19 | INFO: glTF import finished in 0.00s
Extensions: writing cache failed ([Errno 30] Read-only file system: '/home/agent/.config/blender').
16:27:19 | INFO: Data are loaded, start creating Blender stuff
16:27:19 | INFO: Blender create Mesh node asphalt-study-2m-editable
16:27:19 | INFO: glTF import finished in 0.00s
Extensions: writing cache failed ([Errno 30] Read-only file system: '/home/agent/.config/blender').
16:27:19 | INFO: Data are loaded, start creating Blender stuff
16:27:19 | INFO: Blender create Mesh node concrete-study-10m-editable
16:27:19 | INFO: glTF import finished in 0.00s
Extensions: writing cache failed ([Errno 30] Read-only file system: '/home/agent/.config/blender').
16:27:19 | INFO: Data are loaded, start creating Blender stuff
16:27:19 | INFO: Blender create Mesh node concrete-study-2m-editable
16:27:19 | INFO: glTF import finished in 0.00s
Extensions: writing cache failed ([Errno 30] Read-only file system: '/home/agent/.config/blender').
16:27:19 | INFO: Data are loaded, start creating Blender stuff
16:27:19 | INFO: Blender create Mesh node grass-study-10m-editable
16:27:19 | INFO: glTF import finished in 0.00s
Extensions: writing cache failed ([Errno 30] Read-only file system: '/home/agent/.config/blender').
16:27:19 | INFO: Data are loaded, start creating Blender stuff
16:27:19 | INFO: Blender create Mesh node grass-study-2m-editable
16:27:19 | INFO: glTF import finished in 0.00s
Extensions: writing cache failed ([Errno 30] Read-only file system: '/home/agent/.config/blender').
16:27:19 | INFO: Data are loaded, start creating Blender stuff
16:27:19 | INFO: Blender create Mesh node sand-study-10m-editable
16:27:19 | INFO: glTF import finished in 0.00s
Extensions: writing cache failed ([Errno 30] Read-only file system: '/home/agent/.config/blender').
16:27:19 | INFO: Data are loaded, start creating Blender stuff
16:27:19 | INFO: Blender create Mesh node sand-study-2m-editable
16:27:19 | INFO: glTF import finished in 0.00s
Extensions: writing cache failed ([Errno 30] Read-only file system: '/home/agent/.config/blender').
16:27:19 | INFO: Data are loaded, start creating Blender stuff
16:27:19 | INFO: Blender create Mesh node soil-study-10m-editable
16:27:19 | INFO: glTF import finished in 0.00s
Extensions: writing cache failed ([Errno 30] Read-only file system: '/home/agent/.config/blender').
16:27:19 | INFO: Data are loaded, start creating Blender stuff
16:27:19 | INFO: Blender create Mesh node soil-study-2m-editable
16:27:19 | INFO: glTF import finished in 0.00s
Extensions: writing cache failed ([Errno 30] Read-only file system: '/home/agent/.config/blender').
16:27:19 | INFO: Data are loaded, start creating Blender stuff
16:27:19 | INFO: Blender create Mesh node street-brick-study-10m-editable
16:27:19 | INFO: glTF import finished in 0.00s
Extensions: writing cache failed ([Errno 30] Read-only file system: '/home/agent/.config/blender').
16:27:19 | INFO: Data are loaded, start creating Blender stuff
16:27:19 | INFO: Blender create Mesh node street-brick-study-2m-editable
16:27:19 | INFO: glTF import finished in 0.00s
Extensions: writing cache failed ([Errno 30] Read-only file system: '/home/agent/.config/blender').
16:27:19 | INFO: Data are loaded, start creating Blender stuff
16:27:19 | INFO: Blender create Mesh node soil-study-2m-editable
16:27:19 | INFO: glTF import finished in 0.00s
16:27:19 | INFO: Data are loaded, start creating Blender stuff
16:27:19 | INFO: Blender create Mesh node grass-study-2m-editable
16:27:19 | INFO: glTF import finished in 0.00s
16:27:19 | INFO: Data are loaded, start creating Blender stuff
16:27:19 | INFO: Blender create Mesh node sand-study-2m-editable
16:27:19 | INFO: glTF import finished in 0.00s
16:27:19 | INFO: Data are loaded, start creating Blender stuff
16:27:19 | INFO: Blender create Mesh node concrete-study-2m-editable
16:27:19 | INFO: glTF import finished in 0.00s
16:27:19 | INFO: Data are loaded, start creating Blender stuff
16:27:19 | INFO: Blender create Mesh node asphalt-study-2m-editable
16:27:19 | INFO: glTF import finished in 0.00s
16:27:19 | INFO: Data are loaded, start creating Blender stuff
16:27:19 | INFO: Blender create Mesh node street-brick-study-2m-editable
16:27:19 | INFO: glTF import finished in 0.00s
Blender 4.3.2
Fra:1 Mem:18.28M (Peak 18.28M) | Time:00:00.00 | Mem:0.00M, Peak:0.00M | Scene, ViewLayer | Synchronizing object | soil-study-2m
Fra:1 Mem:18.28M (Peak 18.28M) | Time:00:00.00 | Mem:0.00M, Peak:0.00M | Scene, ViewLayer | Synchronizing object | QA-label
Fra:1 Mem:20.34M (Peak 20.34M) | Time:00:00.00 | Mem:0.00M, Peak:0.00M | Scene, ViewLayer | Synchronizing object | QA-label.001
Fra:1 Mem:20.45M (Peak 20.45M) | Time:00:00.00 | Mem:0.00M, Peak:0.00M | Scene, ViewLayer | Synchronizing object | QA-label.002
Fra:1 Mem:20.53M (Peak 20.53M) | Time:00:00.00 | Mem:0.00M, Peak:0.00M | Scene, ViewLayer | Synchronizing object | QA-label.003
Fra:1 Mem:20.63M (Peak 20.63M) | Time:00:00.00 | Mem:0.00M, Peak:0.00M | Scene, ViewLayer | Synchronizing object | QA-label.004
Fra:1 Mem:20.73M (Peak 20.73M) | Time:00:00.00 | Mem:0.00M, Peak:0.00M | Scene, ViewLayer | Synchronizing object | QA-label.005
Fra:1 Mem:20.85M (Peak 20.85M) | Time:00:00.00 | Mem:0.00M, Peak:0.00M | Scene, ViewLayer | Synchronizing object | QA-label.006
Fra:1 Mem:20.87M (Peak 20.87M) | Time:00:00.00 | Mem:0.00M, Peak:0.00M | Scene, ViewLayer | Synchronizing object | grass-study-2m
Fra:1 Mem:20.88M (Peak 20.88M) | Time:00:00.00 | Mem:0.00M, Peak:0.00M | Scene, ViewLayer | Synchronizing object | QA-label.007
Fra:1 Mem:20.89M (Peak 20.89M) | Time:00:00.00 | Mem:0.00M, Peak:0.00M | Scene, ViewLayer | Synchronizing object | sand-study-2m
Fra:1 Mem:20.91M (Peak 20.91M) | Time:00:00.00 | Mem:0.00M, Peak:0.00M | Scene, ViewLayer | Synchronizing object | concrete-study-2m
Fra:1 Mem:20.91M (Peak 20.91M) | Time:00:00.00 | Mem:0.00M, Peak:0.00M | Scene, ViewLayer | Synchronizing object | asphalt-study-2m
Fra:1 Mem:20.92M (Peak 20.92M) | Time:00:00.00 | Mem:0.00M, Peak:0.00M | Scene, ViewLayer | Synchronizing object | street-brick-study-2m
Fra:1 Mem:20.92M (Peak 20.92M) | Time:00:00.00 | Mem:0.00M, Peak:0.00M | Scene, ViewLayer | Synchronizing object | QA-label.008
Fra:1 Mem:20.92M (Peak 20.92M) | Time:00:00.00 | Mem:0.00M, Peak:0.00M | Scene, ViewLayer | Synchronizing object | QA-human-legs
Fra:1 Mem:20.93M (Peak 20.93M) | Time:00:00.00 | Mem:0.00M, Peak:0.00M | Scene, ViewLayer | Synchronizing object | QA-human-torso
Fra:1 Mem:20.93M (Peak 20.93M) | Time:00:00.00 | Mem:0.00M, Peak:0.00M | Scene, ViewLayer | Synchronizing object | QA-human-head
Fra:1 Mem:20.94M (Peak 20.94M) | Time:00:00.00 | Mem:0.00M, Peak:0.00M | Scene, ViewLayer | Synchronizing object | QA-ground
Fra:1 Mem:20.94M (Peak 20.94M) | Time:00:00.00 | Mem:0.00M, Peak:0.00M | Scene, ViewLayer | Synchronizing object | QA-human-legs.001
Fra:1 Mem:20.94M (Peak 20.94M) | Time:00:00.00 | Mem:0.00M, Peak:0.00M | Scene, ViewLayer | Synchronizing object | QA-ruler.009
Fra:1 Mem:20.95M (Peak 20.95M) | Time:00:00.00 | Mem:0.00M, Peak:0.00M | Scene, ViewLayer | Synchronizing object | QA-human-torso.001
Fra:1 Mem:20.95M (Peak 20.95M) | Time:00:00.00 | Mem:0.00M, Peak:0.00M | Scene, ViewLayer | Synchronizing object | QA-ruler.008
Fra:1 Mem:20.95M (Peak 20.95M) | Time:00:00.00 | Mem:0.00M, Peak:0.00M | Scene, ViewLayer | Synchronizing object | QA-human-head.001
Fra:1 Mem:20.95M (Peak 20.95M) | Time:00:00.00 | Mem:0.00M, Peak:0.00M | Scene, ViewLayer | Synchronizing object | QA-ruler.007
Fra:1 Mem:20.96M (Peak 20.96M) | Time:00:00.00 | Mem:0.00M, Peak:0.00M | Scene, ViewLayer | Synchronizing object | QA-ruler.006
Fra:1 Mem:20.96M (Peak 20.96M) | Time:00:00.00 | Mem:0.00M, Peak:0.00M | Scene, ViewLayer | Synchronizing object | QA-ruler
Fra:1 Mem:20.96M (Peak 20.96M) | Time:00:00.00 | Mem:0.00M, Peak:0.00M | Scene, ViewLayer | Synchronizing object | QA-ruler.005
Fra:1 Mem:20.96M (Peak 20.96M) | Time:00:00.00 | Mem:0.00M, Peak:0.00M | Scene, ViewLayer | Synchronizing object | QA-ruler.001
Fra:1 Mem:20.96M (Peak 20.96M) | Time:00:00.00 | Mem:0.00M, Peak:0.00M | Scene, ViewLayer | Synchronizing object | QA-ruler.004
Fra:1 Mem:20.96M (Peak 20.96M) | Time:00:00.00 | Mem:0.00M, Peak:0.00M | Scene, ViewLayer | Synchronizing object | QA-ruler.002
Fra:1 Mem:20.96M (Peak 20.96M) | Time:00:00.00 | Mem:0.00M, Peak:0.00M | Scene, ViewLayer | Synchronizing object | QA-ruler.003
Fra:1 Mem:20.97M (Peak 20.97M) | Time:00:00.00 | Mem:0.00M, Peak:0.00M | Scene, ViewLayer | Initializing
Fra:1 Mem:19.40M (Peak 20.97M) | Time:00:00.00 | Mem:0.00M, Peak:0.00M | Scene, ViewLayer | Updating Images | Loading street-brick-normal
Fra:1 Mem:19.40M (Peak 20.97M) | Time:00:00.00 | Mem:0.00M, Peak:0.00M | Scene, ViewLayer | Updating Images | Loading soil_basecolor
Fra:1 Mem:20.64M (Peak 20.97M) | Time:00:00.00 | Mem:0.22M, Peak:0.22M | Scene, ViewLayer | Updating Images | Loading street-brick-orm
Fra:1 Mem:20.86M (Peak 20.97M) | Time:00:00.00 | Mem:0.44M, Peak:0.44M | Scene, ViewLayer | Updating Images | Loading street-brick-color
Fra:1 Mem:21.08M (Peak 21.08M) | Time:00:00.01 | Mem:0.66M, Peak:0.66M | Scene, ViewLayer | Updating Images | Loading asphalt-normal
Fra:1 Mem:21.30M (Peak 21.30M) | Time:00:00.01 | Mem:0.88M, Peak:0.88M | Scene, ViewLayer | Updating Images | Loading asphalt-orm
Fra:1 Mem:23.53M (Peak 23.53M) | Time:00:00.01 | Mem:1.10M, Peak:1.10M | Scene, ViewLayer | Updating Images | Loading asphalt-color
Fra:1 Mem:21.74M (Peak 23.53M) | Time:00:00.01 | Mem:2.10M, Peak:2.10M | Scene, ViewLayer | Updating Images | Loading soil_orm
Fra:1 Mem:22.74M (Peak 23.53M) | Time:00:00.01 | Mem:2.32M, Peak:2.32M | Scene, ViewLayer | Updating Images | Loading concrete-normal
Fra:1 Mem:22.96M (Peak 23.53M) | Time:00:00.01 | Mem:2.54M, Peak:2.54M | Scene, ViewLayer | Updating Images | Loading concrete-orm
Fra:1 Mem:23.18M (Peak 23.53M) | Time:00:00.01 | Mem:2.76M, Peak:2.76M | Scene, ViewLayer | Updating Images | Loading concrete-color
Fra:1 Mem:23.40M (Peak 24.41M) | Time:00:00.01 | Mem:3.76M, Peak:3.76M | Scene, ViewLayer | Updating Images | Loading soil_normal
Fra:1 Mem:24.40M (Peak 24.41M) | Time:00:00.01 | Mem:3.98M, Peak:3.98M | Scene, ViewLayer | Updating Images | Loading sand-normal
Fra:1 Mem:25.40M (Peak 26.41M) | Time:00:00.01 | Mem:4.98M, Peak:4.98M | Scene, ViewLayer | Updating Images | Loading sand-orm
Fra:1 Mem:26.40M (Peak 27.41M) | Time:00:00.01 | Mem:5.98M, Peak:5.98M | Scene, ViewLayer | Updating Images | Loading sand-color
Fra:1 Mem:27.40M (Peak 28.41M) | Time:00:00.02 | Mem:6.98M, Peak:6.98M | Scene, ViewLayer | Updating Images | Loading grass_basecolor
Fra:1 Mem:28.40M (Peak 29.41M) | Time:00:00.02 | Mem:7.98M, Peak:7.98M | Scene, ViewLayer | Updating Images | Loading grass_normal
Fra:1 Mem:29.40M (Peak 30.41M) | Time:00:00.02 | Mem:8.98M, Peak:8.98M | Scene, ViewLayer | Updating Images | Loading grass_orm
Fra:1 Mem:28.85M (Peak 31.41M) | Time:00:00.02 | Mem:10.98M, Peak:10.98M | Scene, ViewLayer | Waiting for render to start
Fra:1 Mem:28.85M (Peak 31.41M) | Time:00:00.02 | Mem:10.98M, Peak:10.98M | Scene, ViewLayer | Loading render kernels (may take a few minutes the first time)
Fra:1 Mem:28.85M (Peak 31.41M) | Time:00:00.02 | Mem:10.98M, Peak:10.98M | Scene, ViewLayer | Updating Scene
Fra:1 Mem:28.85M (Peak 31.41M) | Time:00:00.02 | Mem:10.98M, Peak:10.98M | Scene, ViewLayer | Updating Shaders
Fra:1 Mem:28.94M (Peak 31.41M) | Time:00:00.02 | Mem:10.99M, Peak:10.99M | Scene, ViewLayer | Updating Procedurals
Fra:1 Mem:28.94M (Peak 31.41M) | Time:00:00.02 | Mem:10.99M, Peak:10.99M | Scene, ViewLayer | Updating Background
Fra:1 Mem:28.94M (Peak 31.41M) | Time:00:00.02 | Mem:10.99M, Peak:10.99M | Scene, ViewLayer | Updating Camera
Fra:1 Mem:28.94M (Peak 31.41M) | Time:00:00.02 | Mem:10.99M, Peak:10.99M | Scene, ViewLayer | Updating Meshes Flags
Fra:1 Mem:28.94M (Peak 31.41M) | Time:00:00.02 | Mem:10.99M, Peak:10.99M | Scene, ViewLayer | Updating Objects
Fra:1 Mem:28.94M (Peak 31.41M) | Time:00:00.02 | Mem:10.99M, Peak:10.99M | Scene, ViewLayer | Updating Objects | Copying Transformations to device
Fra:1 Mem:28.95M (Peak 31.41M) | Time:00:00.02 | Mem:10.99M, Peak:10.99M | Scene, ViewLayer | Updating Objects | Applying Static Transformations
Fra:1 Mem:28.95M (Peak 31.41M) | Time:00:00.02 | Mem:10.99M, Peak:10.99M | Scene, ViewLayer | Updating Particle Systems
Fra:1 Mem:28.95M (Peak 31.41M) | Time:00:00.02 | Mem:10.99M, Peak:10.99M | Scene, ViewLayer | Updating Particle Systems | Copying Particles to device
Fra:1 Mem:28.95M (Peak 31.41M) | Time:00:00.02 | Mem:10.99M, Peak:10.99M | Scene, ViewLayer | Updating Meshes
Fra:1 Mem:29.04M (Peak 31.41M) | Time:00:00.02 | Mem:10.99M, Peak:10.99M | Scene, ViewLayer | Updating Mesh | Computing attributes
Fra:1 Mem:29.12M (Peak 31.41M) | Time:00:00.02 | Mem:11.00M, Peak:11.00M | Scene, ViewLayer | Updating Mesh | Copying Attributes to device
Fra:1 Mem:29.11M (Peak 31.41M) | Time:00:00.02 | Mem:11.06M, Peak:11.06M | Scene, ViewLayer | Updating Scene BVH | Building
Fra:1 Mem:29.11M (Peak 31.41M) | Time:00:00.02 | Mem:11.06M, Peak:11.06M | Scene, ViewLayer | Updating Scene BVH | Building BVH
Fra:1 Mem:29.11M (Peak 31.41M) | Time:00:00.02 | Mem:11.24M, Peak:11.24M | Scene, ViewLayer | Updating Scene BVH | Building BVH 0%
Fra:1 Mem:29.11M (Peak 31.41M) | Time:00:00.03 | Mem:11.48M, Peak:11.66M | Scene, ViewLayer | Updating Scene BVH | Copying BVH to device
Fra:1 Mem:29.11M (Peak 31.41M) | Time:00:00.03 | Mem:11.48M, Peak:11.66M | Scene, ViewLayer | Updating Mesh | Computing normals
Fra:1 Mem:29.40M (Peak 31.41M) | Time:00:00.03 | Mem:11.48M, Peak:11.66M | Scene, ViewLayer | Updating Mesh | Copying Mesh to device
Fra:1 Mem:29.40M (Peak 31.41M) | Time:00:00.03 | Mem:11.77M, Peak:11.77M | Scene, ViewLayer | Updating Objects Flags
Fra:1 Mem:29.40M (Peak 31.41M) | Time:00:00.03 | Mem:11.77M, Peak:11.77M | Scene, ViewLayer | Updating Primitive Offsets
Fra:1 Mem:29.40M (Peak 31.41M) | Time:00:00.03 | Mem:11.77M, Peak:11.77M | Scene, ViewLayer | Updating Images
Fra:1 Mem:29.40M (Peak 31.41M) | Time:00:00.03 | Mem:11.77M, Peak:11.77M | Scene, ViewLayer | Updating Camera Volume
Fra:1 Mem:29.40M (Peak 31.41M) | Time:00:00.03 | Mem:11.77M, Peak:11.77M | Scene, ViewLayer | Updating Lookup Tables
Fra:1 Mem:29.40M (Peak 31.41M) | Time:00:00.03 | Mem:11.85M, Peak:11.85M | Scene, ViewLayer | Updating Lights
Fra:1 Mem:29.40M (Peak 31.41M) | Time:00:00.03 | Mem:11.85M, Peak:11.85M | Scene, ViewLayer | Updating Lights | Computing tree
Fra:1 Mem:29.40M (Peak 31.41M) | Time:00:00.03 | Mem:11.85M, Peak:11.85M | Scene, ViewLayer | Updating Integrator
Fra:1 Mem:29.40M (Peak 31.41M) | Time:00:00.03 | Mem:11.85M, Peak:11.85M | Scene, ViewLayer | Updating Film
Fra:1 Mem:29.41M (Peak 31.41M) | Time:00:00.03 | Mem:11.77M, Peak:11.85M | Scene, ViewLayer | Updating Lookup Tables
Fra:1 Mem:29.41M (Peak 31.41M) | Time:00:00.03 | Mem:11.86M, Peak:11.86M | Scene, ViewLayer | Updating Baking
Fra:1 Mem:29.41M (Peak 31.41M) | Time:00:00.03 | Mem:11.86M, Peak:11.86M | Scene, ViewLayer | Updating Device | Writing constant memory
Fra:1 Mem:29.41M (Peak 31.41M) | Time:00:00.03 | Mem:11.86M, Peak:11.86M | Scene, ViewLayer | Sample 0/16
Fra:1 Mem:41.28M (Peak 41.28M) | Time:00:00.22 | Remaining:00:02.92 | Mem:23.73M, Peak:23.73M | Scene, ViewLayer | Sample 1/16
Fra:1 Mem:46.55M (Peak 57.10M) | Time:00:02.77 | Mem:23.73M, Peak:23.73M | Scene, ViewLayer | Sample 16/16
Fra:1 Mem:46.55M (Peak 57.10M) | Time:00:02.77 | Mem:23.73M, Peak:23.73M | Scene, ViewLayer | Finished
Saved: '/workspace/scratch/7c20b5ba4165/atlas-backlog-oct3/tools/assets/ground-planting-details/qa/previews/surface-2-oblique-clear.png'
Time: 00:02.98 (Saving: 00:00.20)

Fra:1 Mem:20.30M (Peak 20.30M) | Time:00:00.00 | Mem:0.00M, Peak:0.00M | Scene, ViewLayer | Synchronizing object | soil-study-2m
Fra:1 Mem:20.31M (Peak 20.31M) | Time:00:00.00 | Mem:0.00M, Peak:0.00M | Scene, ViewLayer | Synchronizing object | QA-label
Fra:1 Mem:20.36M (Peak 20.36M) | Time:00:00.00 | Mem:0.00M, Peak:0.00M | Scene, ViewLayer | Synchronizing object | grass-study-2m
Fra:1 Mem:20.36M (Peak 20.36M) | Time:00:00.00 | Mem:0.00M, Peak:0.00M | Scene, ViewLayer | Synchronizing object | QA-label.001
Fra:1 Mem:20.47M (Peak 20.47M) | Time:00:00.00 | Mem:0.00M, Peak:0.00M | Scene, ViewLayer | Synchronizing object | sand-study-2m
Fra:1 Mem:20.47M (Peak 20.47M) | Time:00:00.00 | Mem:0.00M, Peak:0.00M | Scene, ViewLayer | Synchronizing object | QA-label.002
Fra:1 Mem:20.54M (Peak 20.54M) | Time:00:00.00 | Mem:0.00M, Peak:0.00M | Scene, ViewLayer | Synchronizing object | concrete-study-2m
Fra:1 Mem:20.55M (Peak 20.55M) | Time:00:00.00 | Mem:0.00M, Peak:0.00M | Scene, ViewLayer | Synchronizing object | QA-label.003
Fra:1 Mem:20.64M (Peak 20.64M) | Time:00:00.00 | Mem:0.00M, Peak:0.00M | Scene, ViewLayer | Synchronizing object | asphalt-study-2m
Fra:1 Mem:20.64M (Peak 20.64M) | Time:00:00.00 | Mem:0.00M, Peak:0.00M | Scene, ViewLayer | Synchronizing object | QA-label.004
Fra:1 Mem:20.74M (Peak 20.74M) | Time:00:00.00 | Mem:0.00M, Peak:0.00M | Scene, ViewLayer | Synchronizing object | street-brick-study-2m
Fra:1 Mem:20.74M (Peak 20.74M) | Time:00:00.00 | Mem:0.00M, Peak:0.00M | Scene, ViewLayer | Synchronizing object | QA-label.005
Fra:1 Mem:20.86M (Peak 20.86M) | Time:00:00.00 | Mem:0.00M, Peak:0.00M | Scene, ViewLayer | Synchronizing object | QA-human-legs
Fra:1 Mem:20.86M (Peak 20.86M) | Time:00:00.00 | Mem:0.00M, Peak:0.00M | Scene, ViewLayer | Synchronizing object | QA-label.006
Fra:1 Mem:20.87M (Peak 20.87M) | Time:00:00.00 | Mem:0.00M, Peak:0.00M | Scene, ViewLayer | Synchronizing object | QA-human-torso
Fra:1 Mem:20.89M (Peak 20.89M) | Time:00:00.00 | Mem:0.00M, Peak:0.00M | Scene, ViewLayer | Synchronizing object | QA-human-head
Fra:1 Mem:20.90M (Peak 20.90M) | Time:00:00.00 | Mem:0.00M, Peak:0.00M | Scene, ViewLayer | Synchronizing object | QA-human-legs.001
Fra:1 Mem:20.90M (Peak 20.90M) | Time:00:00.00 | Mem:0.00M, Peak:0.00M | Scene, ViewLayer | Synchronizing object | QA-human-torso.001
Fra:1 Mem:20.90M (Peak 20.90M) | Time:00:00.00 | Mem:0.00M, Peak:0.00M | Scene, ViewLayer | Synchronizing object | QA-label.007
Fra:1 Mem:20.90M (Peak 20.90M) | Time:00:00.00 | Mem:0.00M, Peak:0.00M | Scene, ViewLayer | Synchronizing object | QA-human-head.001
Fra:1 Mem:20.94M (Peak 20.94M) | Time:00:00.00 | Mem:0.00M, Peak:0.00M | Scene, ViewLayer | Synchronizing object | QA-ruler
Fra:1 Mem:20.95M (Peak 20.95M) | Time:00:00.00 | Mem:0.00M, Peak:0.00M | Scene, ViewLayer | Synchronizing object | QA-ruler.001
Fra:1 Mem:20.95M (Peak 20.95M) | Time:00:00.00 | Mem:0.00M, Peak:0.00M | Scene, ViewLayer | Synchronizing object | QA-ruler.002
Fra:1 Mem:20.95M (Peak 20.95M) | Time:00:00.00 | Mem:0.00M, Peak:0.00M | Scene, ViewLayer | Synchronizing object | QA-ruler.003
Fra:1 Mem:20.95M (Peak 20.95M) | Time:00:00.00 | Mem:0.00M, Peak:0.00M | Scene, ViewLayer | Synchronizing object | QA-ruler.004
Fra:1 Mem:20.95M (Peak 20.95M) | Time:00:00.00 | Mem:0.00M, Peak:0.00M | Scene, ViewLayer | Synchronizing object | QA-label.008
Fra:1 Mem:20.95M (Peak 20.95M) | Time:00:00.00 | Mem:0.00M, Peak:0.00M | Scene, ViewLayer | Synchronizing object | QA-ruler.005
Fra:1 Mem:20.96M (Peak 20.96M) | Time:00:00.00 | Mem:0.00M, Peak:0.00M | Scene, ViewLayer | Synchronizing object | QA-ruler.006
Fra:1 Mem:20.96M (Peak 20.96M) | Time:00:00.00 | Mem:0.00M, Peak:0.00M | Scene, ViewLayer | Synchronizing object | QA-ruler.007
Fra:1 Mem:20.96M (Peak 20.96M) | Time:00:00.00 | Mem:0.00M, Peak:0.00M | Scene, ViewLayer | Synchronizing object | QA-ruler.008
Fra:1 Mem:20.96M (Peak 20.96M) | Time:00:00.00 | Mem:0.00M, Peak:0.00M | Scene, ViewLayer | Synchronizing object | QA-ground
Fra:1 Mem:20.96M (Peak 20.96M) | Time:00:00.00 | Mem:0.00M, Peak:0.00M | Scene, ViewLayer | Synchronizing object | QA-ruler.009
Fra:1 Mem:20.97M (Peak 20.97M) | Time:00:00.00 | Mem:0.00M, Peak:0.00M | Scene, ViewLayer | Initializing
Fra:1 Mem:19.40M (Peak 20.97M) | Time:00:00.00 | Mem:0.00M, Peak:0.00M | Scene, ViewLayer | Updating Images | Loading soil_basecolor
Fra:1 Mem:19.40M (Peak 20.97M) | Time:00:00.00 | Mem:0.00M, Peak:0.00M | Scene, ViewLayer | Updating Images | Loading street-brick-normal
Fra:1 Mem:20.64M (Peak 20.97M) | Time:00:00.00 | Mem:0.22M, Peak:0.22M | Scene, ViewLayer | Updating Images | Loading street-brick-orm
Fra:1 Mem:20.86M (Peak 20.97M) | Time:00:00.00 | Mem:0.44M, Peak:0.44M | Scene, ViewLayer | Updating Images | Loading street-brick-color
Fra:1 Mem:21.08M (Peak 21.08M) | Time:00:00.00 | Mem:0.66M, Peak:0.66M | Scene, ViewLayer | Updating Images | Loading asphalt-normal
Fra:1 Mem:21.30M (Peak 21.30M) | Time:00:00.00 | Mem:0.88M, Peak:0.88M | Scene, ViewLayer | Updating Images | Loading asphalt-orm
Fra:1 Mem:21.52M (Peak 22.53M) | Time:00:00.00 | Mem:1.88M, Peak:1.88M | Scene, ViewLayer | Updating Images | Loading soil_orm
Fra:1 Mem:22.52M (Peak 22.53M) | Time:00:00.00 | Mem:2.10M, Peak:2.10M | Scene, ViewLayer | Updating Images | Loading asphalt-color
Fra:1 Mem:22.74M (Peak 22.74M) | Time:00:00.01 | Mem:2.32M, Peak:2.32M | Scene, ViewLayer | Updating Images | Loading concrete-normal
Fra:1 Mem:22.96M (Peak 22.96M) | Time:00:00.01 | Mem:2.54M, Peak:2.54M | Scene, ViewLayer | Updating Images | Loading concrete-orm
Fra:1 Mem:23.18M (Peak 23.18M) | Time:00:00.01 | Mem:2.76M, Peak:2.76M | Scene, ViewLayer | Updating Images | Loading concrete-color
Fra:1 Mem:23.40M (Peak 24.41M) | Time:00:00.01 | Mem:3.76M, Peak:3.76M | Scene, ViewLayer | Updating Images | Loading soil_normal
Fra:1 Mem:24.40M (Peak 24.41M) | Time:00:00.01 | Mem:3.98M, Peak:3.98M | Scene, ViewLayer | Updating Images | Loading sand-normal
Fra:1 Mem:25.40M (Peak 26.41M) | Time:00:00.01 | Mem:4.98M, Peak:4.98M | Scene, ViewLayer | Updating Images | Loading sand-orm
Fra:1 Mem:26.40M (Peak 27.41M) | Time:00:00.01 | Mem:5.98M, Peak:5.98M | Scene, ViewLayer | Updating Images | Loading sand-color
Fra:1 Mem:27.40M (Peak 28.41M) | Time:00:00.01 | Mem:6.98M, Peak:6.98M | Scene, ViewLayer | Updating Images | Loading grass_basecolor
Fra:1 Mem:28.40M (Peak 29.41M) | Time:00:00.01 | Mem:7.98M, Peak:7.98M | Scene, ViewLayer | Updating Images | Loading grass_normal
Fra:1 Mem:29.40M (Peak 30.41M) | Time:00:00.02 | Mem:8.98M, Peak:8.98M | Scene, ViewLayer | Updating Images | Loading grass_orm
Fra:1 Mem:28.85M (Peak 31.41M) | Time:00:00.02 | Mem:10.98M, Peak:10.98M | Scene, ViewLayer | Waiting for render to start
Fra:1 Mem:28.85M (Peak 31.41M) | Time:00:00.02 | Mem:10.98M, Peak:10.98M | Scene, ViewLayer | Loading render kernels (may take a few minutes the first time)
Fra:1 Mem:28.85M (Peak 31.41M) | Time:00:00.02 | Mem:10.98M, Peak:10.98M | Scene, ViewLayer | Updating Scene
Fra:1 Mem:28.85M (Peak 31.41M) | Time:00:00.02 | Mem:10.98M, Peak:10.98M | Scene, ViewLayer | Updating Shaders
Fra:1 Mem:28.94M (Peak 31.41M) | Time:00:00.02 | Mem:10.99M, Peak:10.99M | Scene, ViewLayer | Updating Procedurals
Fra:1 Mem:28.94M (Peak 31.41M) | Time:00:00.02 | Mem:10.99M, Peak:10.99M | Scene, ViewLayer | Updating Background
Fra:1 Mem:28.94M (Peak 31.41M) | Time:00:00.02 | Mem:10.99M, Peak:10.99M | Scene, ViewLayer | Updating Camera
Fra:1 Mem:28.94M (Peak 31.41M) | Time:00:00.02 | Mem:10.99M, Peak:10.99M | Scene, ViewLayer | Updating Meshes Flags
Fra:1 Mem:28.94M (Peak 31.41M) | Time:00:00.02 | Mem:10.99M, Peak:10.99M | Scene, ViewLayer | Updating Objects
Fra:1 Mem:28.94M (Peak 31.41M) | Time:00:00.02 | Mem:10.99M, Peak:10.99M | Scene, ViewLayer | Updating Objects | Copying Transformations to device
Fra:1 Mem:28.95M (Peak 31.41M) | Time:00:00.02 | Mem:10.99M, Peak:10.99M | Scene, ViewLayer | Updating Objects | Applying Static Transformations
Fra:1 Mem:28.95M (Peak 31.41M) | Time:00:00.02 | Mem:10.99M, Peak:10.99M | Scene, ViewLayer | Updating Particle Systems
Fra:1 Mem:28.95M (Peak 31.41M) | Time:00:00.02 | Mem:10.99M, Peak:10.99M | Scene, ViewLayer | Updating Particle Systems | Copying Particles to device
Fra:1 Mem:28.95M (Peak 31.41M) | Time:00:00.02 | Mem:10.99M, Peak:10.99M | Scene, ViewLayer | Updating Meshes
Fra:1 Mem:29.04M (Peak 31.41M) | Time:00:00.02 | Mem:10.99M, Peak:10.99M | Scene, ViewLayer | Updating Mesh | Computing attributes
Fra:1 Mem:29.12M (Peak 31.41M) | Time:00:00.02 | Mem:11.00M, Peak:11.00M | Scene, ViewLayer | Updating Mesh | Copying Attributes to device
Fra:1 Mem:29.11M (Peak 31.41M) | Time:00:00.02 | Mem:11.06M, Peak:11.06M | Scene, ViewLayer | Updating Scene BVH | Building
Fra:1 Mem:29.11M (Peak 31.41M) | Time:00:00.02 | Mem:11.06M, Peak:11.06M | Scene, ViewLayer | Updating Scene BVH | Building BVH
Fra:1 Mem:29.11M (Peak 31.41M) | Time:00:00.02 | Mem:11.24M, Peak:11.24M | Scene, ViewLayer | Updating Scene BVH | Building BVH 0%
Fra:1 Mem:29.11M (Peak 31.41M) | Time:00:00.02 | Mem:11.48M, Peak:11.66M | Scene, ViewLayer | Updating Scene BVH | Copying BVH to device
Fra:1 Mem:29.11M (Peak 31.41M) | Time:00:00.02 | Mem:11.48M, Peak:11.66M | Scene, ViewLayer | Updating Mesh | Computing normals
Fra:1 Mem:29.40M (Peak 31.41M) | Time:00:00.02 | Mem:11.48M, Peak:11.66M | Scene, ViewLayer | Updating Mesh | Copying Mesh to device
Fra:1 Mem:29.40M (Peak 31.41M) | Time:00:00.02 | Mem:11.77M, Peak:11.77M | Scene, ViewLayer | Updating Objects Flags
Fra:1 Mem:29.40M (Peak 31.41M) | Time:00:00.02 | Mem:11.77M, Peak:11.77M | Scene, ViewLayer | Updating Primitive Offsets
Fra:1 Mem:29.40M (Peak 31.41M) | Time:00:00.02 | Mem:11.77M, Peak:11.77M | Scene, ViewLayer | Updating Images
Fra:1 Mem:29.40M (Peak 31.41M) | Time:00:00.02 | Mem:11.77M, Peak:11.77M | Scene, ViewLayer | Updating Camera Volume
Fra:1 Mem:29.40M (Peak 31.41M) | Time:00:00.02 | Mem:11.77M, Peak:11.77M | Scene, ViewLayer | Updating Lookup Tables
Fra:1 Mem:29.40M (Peak 31.41M) | Time:00:00.02 | Mem:11.85M, Peak:11.85M | Scene, ViewLayer | Updating Lights
Fra:1 Mem:29.40M (Peak 31.41M) | Time:00:00.02 | Mem:11.85M, Peak:11.85M | Scene, ViewLayer | Updating Lights | Computing tree
Fra:1 Mem:29.40M (Peak 31.41M) | Time:00:00.02 | Mem:11.85M, Peak:11.85M | Scene, ViewLayer | Updating Integrator
Fra:1 Mem:29.40M (Peak 31.41M) | Time:00:00.02 | Mem:11.85M, Peak:11.85M | Scene, ViewLayer | Updating Film
Fra:1 Mem:29.41M (Peak 31.41M) | Time:00:00.02 | Mem:11.77M, Peak:11.85M | Scene, ViewLayer | Updating Lookup Tables
Fra:1 Mem:29.41M (Peak 31.41M) | Time:00:00.02 | Mem:11.86M, Peak:11.86M | Scene, ViewLayer | Updating Baking
Fra:1 Mem:29.41M (Peak 31.41M) | Time:00:00.02 | Mem:11.86M, Peak:11.86M | Scene, ViewLayer | Updating Device | Writing constant memory
Fra:1 Mem:29.41M (Peak 31.41M) | Time:00:00.02 | Mem:11.86M, Peak:11.86M | Scene, ViewLayer | Sample 0/16
Fra:1 Mem:41.28M (Peak 41.28M) | Time:00:00.21 | Remaining:00:02.85 | Mem:23.73M, Peak:23.73M | Scene, ViewLayer | Sample 1/16
Fra:1 Mem:46.55M (Peak 57.10M) | Time:00:02.80 | Mem:23.73M, Peak:23.73M | Scene, ViewLayer | Sample 16/16
Fra:1 Mem:46.55M (Peak 57.10M) | Time:00:02.80 | Mem:23.73M, Peak:23.73M | Scene, ViewLayer | Finished
Saved: '/workspace/scratch/7c20b5ba4165/atlas-backlog-oct3/tools/assets/ground-planting-details/qa/previews/surface-2-oblique-overcast.png'
Time: 00:02.86 (Saving: 00:00.05)

Fra:1 Mem:20.30M (Peak 20.30M) | Time:00:00.00 | Mem:0.00M, Peak:0.00M | Scene, ViewLayer | Synchronizing object | soil-study-2m
Fra:1 Mem:20.31M (Peak 20.31M) | Time:00:00.00 | Mem:0.00M, Peak:0.00M | Scene, ViewLayer | Synchronizing object | QA-label
Fra:1 Mem:20.36M (Peak 20.36M) | Time:00:00.00 | Mem:0.00M, Peak:0.00M | Scene, ViewLayer | Synchronizing object | grass-study-2m
Fra:1 Mem:20.36M (Peak 20.36M) | Time:00:00.00 | Mem:0.00M, Peak:0.00M | Scene, ViewLayer | Synchronizing object | QA-label.001
Fra:1 Mem:20.47M (Peak 20.47M) | Time:00:00.00 | Mem:0.00M, Peak:0.00M | Scene, ViewLayer | Synchronizing object | sand-study-2m
Fra:1 Mem:20.47M (Peak 20.47M) | Time:00:00.00 | Mem:0.00M, Peak:0.00M | Scene, ViewLayer | Synchronizing object | QA-label.002
Fra:1 Mem:20.54M (Peak 20.54M) | Time:00:00.00 | Mem:0.00M, Peak:0.00M | Scene, ViewLayer | Synchronizing object | QA-label.003
Fra:1 Mem:20.58M (Peak 20.58M) | Time:00:00.00 | Mem:0.00M, Peak:0.00M | Scene, ViewLayer | Synchronizing object | concrete-study-2m
Fra:1 Mem:20.64M (Peak 20.64M) | Time:00:00.00 | Mem:0.00M, Peak:0.00M | Scene, ViewLayer | Synchronizing object | asphalt-study-2m
Fra:1 Mem:20.65M (Peak 20.65M) | Time:00:00.00 | Mem:0.00M, Peak:0.00M | Scene, ViewLayer | Synchronizing object | QA-label.004
Fra:1 Mem:20.74M (Peak 20.74M) | Time:00:00.00 | Mem:0.00M, Peak:0.00M | Scene, ViewLayer | Synchronizing object | street-brick-study-2m
Fra:1 Mem:20.75M (Peak 20.75M) | Time:00:00.00 | Mem:0.00M, Peak:0.00M | Scene, ViewLayer | Synchronizing object | QA-label.005
Fra:1 Mem:20.86M (Peak 20.86M) | Time:00:00.00 | Mem:0.00M, Peak:0.00M | Scene, ViewLayer | Synchronizing object | QA-human-legs
Fra:1 Mem:20.86M (Peak 20.86M) | Time:00:00.00 | Mem:0.00M, Peak:0.00M | Scene, ViewLayer | Synchronizing object | QA-human-torso
Fra:1 Mem:20.86M (Peak 20.86M) | Time:00:00.00 | Mem:0.00M, Peak:0.00M | Scene, ViewLayer | Synchronizing object | QA-label.006
Fra:1 Mem:20.86M (Peak 20.86M) | Time:00:00.00 | Mem:0.00M, Peak:0.00M | Scene, ViewLayer | Synchronizing object | QA-human-head
Fra:1 Mem:20.90M (Peak 20.90M) | Time:00:00.00 | Mem:0.00M, Peak:0.00M | Scene, ViewLayer | Synchronizing object | QA-human-legs.001
Fra:1 Mem:20.90M (Peak 20.90M) | Time:00:00.00 | Mem:0.00M, Peak:0.00M | Scene, ViewLayer | Synchronizing object | QA-human-torso.001
Fra:1 Mem:20.90M (Peak 20.90M) | Time:00:00.00 | Mem:0.00M, Peak:0.00M | Scene, ViewLayer | Synchronizing object | QA-label.007
Fra:1 Mem:20.91M (Peak 20.91M) | Time:00:00.00 | Mem:0.00M, Peak:0.00M | Scene, ViewLayer | Synchronizing object | QA-human-head.001
Fra:1 Mem:20.94M (Peak 20.94M) | Time:00:00.00 | Mem:0.00M, Peak:0.00M | Scene, ViewLayer | Synchronizing object | QA-ruler
Fra:1 Mem:20.95M (Peak 20.95M) | Time:00:00.00 | Mem:0.00M, Peak:0.00M | Scene, ViewLayer | Synchronizing object | QA-ruler.001
Fra:1 Mem:20.95M (Peak 20.95M) | Time:00:00.00 | Mem:0.00M, Peak:0.00M | Scene, ViewLayer | Synchronizing object | QA-ruler.002
Fra:1 Mem:20.95M (Peak 20.95M) | Time:00:00.00 | Mem:0.00M, Peak:0.00M | Scene, ViewLayer | Synchronizing object | QA-ruler.003
Fra:1 Mem:20.95M (Peak 20.95M) | Time:00:00.00 | Mem:0.00M, Peak:0.00M | Scene, ViewLayer | Synchronizing object | QA-ruler.004
Fra:1 Mem:20.95M (Peak 20.95M) | Time:00:00.00 | Mem:0.00M, Peak:0.00M | Scene, ViewLayer | Synchronizing object | QA-ruler.005
Fra:1 Mem:20.95M (Peak 20.95M) | Time:00:00.00 | Mem:0.00M, Peak:0.00M | Scene, ViewLayer | Synchronizing object | QA-label.008
Fra:1 Mem:20.95M (Peak 20.95M) | Time:00:00.00 | Mem:0.00M, Peak:0.00M | Scene, ViewLayer | Synchronizing object | QA-ruler.007
Fra:1 Mem:20.95M (Peak 20.95M) | Time:00:00.00 | Mem:0.00M, Peak:0.00M | Scene, ViewLayer | Synchronizing object | QA-ruler.008
Fra:1 Mem:20.95M (Peak 20.95M) | Time:00:00.00 | Mem:0.00M, Peak:0.00M | Scene, ViewLayer | Synchronizing object | QA-ruler.009
Fra:1 Mem:20.97M (Peak 20.97M) | Time:00:00.00 | Mem:0.00M, Peak:0.00M | Scene, ViewLayer | Synchronizing object | QA-ground
Fra:1 Mem:20.97M (Peak 20.97M) | Time:00:00.00 | Mem:0.00M, Peak:0.00M | Scene, ViewLayer | Initializing
Fra:1 Mem:19.41M (Peak 20.97M) | Time:00:00.00 | Mem:0.00M, Peak:0.00M | Scene, ViewLayer | Updating Images | Loading soil_basecolor
Fra:1 Mem:20.64M (Peak 20.97M) | Time:00:00.00 | Mem:0.22M, Peak:0.22M | Scene, ViewLayer | Updating Images | Loading street-brick-orm
Fra:1 Mem:20.86M (Peak 20.97M) | Time:00:00.00 | Mem:0.44M, Peak:0.44M | Scene, ViewLayer | Updating Images | Loading street-brick-color
Fra:1 Mem:21.08M (Peak 21.08M) | Time:00:00.00 | Mem:0.66M, Peak:0.66M | Scene, ViewLayer | Updating Images | Loading asphalt-normal
Fra:1 Mem:21.30M (Peak 21.30M) | Time:00:00.00 | Mem:0.88M, Peak:0.88M | Scene, ViewLayer | Updating Images | Loading asphalt-orm
Fra:1 Mem:21.52M (Peak 21.52M) | Time:00:00.00 | Mem:1.10M, Peak:1.10M | Scene, ViewLayer | Updating Images | Loading asphalt-color
Fra:1 Mem:21.74M (Peak 22.75M) | Time:00:00.00 | Mem:2.10M, Peak:2.10M | Scene, ViewLayer | Updating Images | Loading soil_orm
Fra:1 Mem:22.74M (Peak 22.75M) | Time:00:00.00 | Mem:2.32M, Peak:2.32M | Scene, ViewLayer | Updating Images | Loading concrete-normal
Fra:1 Mem:22.96M (Peak 22.96M) | Time:00:00.01 | Mem:2.54M, Peak:2.54M | Scene, ViewLayer | Updating Images | Loading concrete-orm
Fra:1 Mem:23.18M (Peak 23.18M) | Time:00:00.01 | Mem:2.76M, Peak:2.76M | Scene, ViewLayer | Updating Images | Loading concrete-color
Fra:1 Mem:23.40M (Peak 24.41M) | Time:00:00.01 | Mem:3.76M, Peak:3.76M | Scene, ViewLayer | Updating Images | Loading soil_normal
Fra:1 Mem:24.40M (Peak 24.41M) | Time:00:00.01 | Mem:3.98M, Peak:3.98M | Scene, ViewLayer | Updating Images | Loading sand-normal
Fra:1 Mem:25.40M (Peak 26.41M) | Time:00:00.01 | Mem:4.98M, Peak:4.98M | Scene, ViewLayer | Updating Images | Loading sand-orm
Fra:1 Mem:26.40M (Peak 27.41M) | Time:00:00.01 | Mem:5.98M, Peak:5.98M | Scene, ViewLayer | Updating Images | Loading grass_basecolor
Fra:1 Mem:27.40M (Peak 28.41M) | Time:00:00.01 | Mem:6.98M, Peak:6.98M | Scene, ViewLayer | Updating Images | Loading sand-color
Fra:1 Mem:30.41M (Peak 31.42M) | Time:00:00.02 | Mem:7.98M, Peak:7.98M | Scene, ViewLayer | Updating Images | Loading grass_normal
Fra:1 Mem:28.40M (Peak 31.42M) | Time:00:00.02 | Mem:8.98M, Peak:8.98M | Scene, ViewLayer | Updating Images | Loading grass_orm
Fra:1 Mem:28.85M (Peak 31.42M) | Time:00:00.02 | Mem:10.98M, Peak:10.98M | Scene, ViewLayer | Waiting for render to start
Fra:1 Mem:28.86M (Peak 31.42M) | Time:00:00.02 | Mem:10.98M, Peak:10.98M | Scene, ViewLayer | Loading render kernels (may take a few minutes the first time)
Fra:1 Mem:28.86M (Peak 31.42M) | Time:00:00.02 | Mem:10.98M, Peak:10.98M | Scene, ViewLayer | Updating Scene
Fra:1 Mem:28.86M (Peak 31.42M) | Time:00:00.02 | Mem:10.98M, Peak:10.98M | Scene, ViewLayer | Updating Shaders
Fra:1 Mem:28.94M (Peak 31.42M) | Time:00:00.02 | Mem:10.99M, Peak:10.99M | Scene, ViewLayer | Updating Procedurals
Fra:1 Mem:28.94M (Peak 31.42M) | Time:00:00.02 | Mem:10.99M, Peak:10.99M | Scene, ViewLayer | Updating Background
Fra:1 Mem:28.94M (Peak 31.42M) | Time:00:00.02 | Mem:10.99M, Peak:10.99M | Scene, ViewLayer | Updating Camera
Fra:1 Mem:28.94M (Peak 31.42M) | Time:00:00.02 | Mem:10.99M, Peak:10.99M | Scene, ViewLayer | Updating Meshes Flags
Fra:1 Mem:28.94M (Peak 31.42M) | Time:00:00.02 | Mem:10.99M, Peak:10.99M | Scene, ViewLayer | Updating Objects
Fra:1 Mem:28.94M (Peak 31.42M) | Time:00:00.02 | Mem:10.99M, Peak:10.99M | Scene, ViewLayer | Updating Objects | Copying Transformations to device
Fra:1 Mem:28.95M (Peak 31.42M) | Time:00:00.02 | Mem:10.99M, Peak:10.99M | Scene, ViewLayer | Updating Objects | Applying Static Transformations
Fra:1 Mem:28.95M (Peak 31.42M) | Time:00:00.02 | Mem:10.99M, Peak:10.99M | Scene, ViewLayer | Updating Particle Systems
Fra:1 Mem:28.95M (Peak 31.42M) | Time:00:00.02 | Mem:10.99M, Peak:10.99M | Scene, ViewLayer | Updating Particle Systems | Copying Particles to device
Fra:1 Mem:28.95M (Peak 31.42M) | Time:00:00.02 | Mem:10.99M, Peak:10.99M | Scene, ViewLayer | Updating Meshes
Fra:1 Mem:29.04M (Peak 31.42M) | Time:00:00.02 | Mem:10.99M, Peak:10.99M | Scene, ViewLayer | Updating Mesh | Computing attributes
Fra:1 Mem:29.12M (Peak 31.42M) | Time:00:00.02 | Mem:11.00M, Peak:11.00M | Scene, ViewLayer | Updating Mesh | Copying Attributes to device
Fra:1 Mem:29.11M (Peak 31.42M) | Time:00:00.02 | Mem:11.06M, Peak:11.06M | Scene, ViewLayer | Updating Scene BVH | Building
Fra:1 Mem:29.11M (Peak 31.42M) | Time:00:00.02 | Mem:11.06M, Peak:11.06M | Scene, ViewLayer | Updating Scene BVH | Building BVH
Fra:1 Mem:29.11M (Peak 31.42M) | Time:00:00.02 | Mem:11.24M, Peak:11.24M | Scene, ViewLayer | Updating Scene BVH | Building BVH 0%
Fra:1 Mem:29.11M (Peak 31.42M) | Time:00:00.02 | Mem:11.48M, Peak:11.66M | Scene, ViewLayer | Updating Scene BVH | Copying BVH to device
Fra:1 Mem:29.11M (Peak 31.42M) | Time:00:00.02 | Mem:11.48M, Peak:11.66M | Scene, ViewLayer | Updating Mesh | Computing normals
Fra:1 Mem:29.40M (Peak 31.42M) | Time:00:00.02 | Mem:11.48M, Peak:11.66M | Scene, ViewLayer | Updating Mesh | Copying Mesh to device
Fra:1 Mem:29.40M (Peak 31.42M) | Time:00:00.02 | Mem:11.77M, Peak:11.77M | Scene, ViewLayer | Updating Objects Flags
Fra:1 Mem:29.40M (Peak 31.42M) | Time:00:00.02 | Mem:11.77M, Peak:11.77M | Scene, ViewLayer | Updating Primitive Offsets
Fra:1 Mem:29.40M (Peak 31.42M) | Time:00:00.02 | Mem:11.77M, Peak:11.77M | Scene, ViewLayer | Updating Images
Fra:1 Mem:29.40M (Peak 31.42M) | Time:00:00.02 | Mem:11.77M, Peak:11.77M | Scene, ViewLayer | Updating Camera Volume
Fra:1 Mem:29.40M (Peak 31.42M) | Time:00:00.02 | Mem:11.77M, Peak:11.77M | Scene, ViewLayer | Updating Lookup Tables
Fra:1 Mem:29.40M (Peak 31.42M) | Time:00:00.02 | Mem:11.85M, Peak:11.85M | Scene, ViewLayer | Updating Lights
Fra:1 Mem:29.40M (Peak 31.42M) | Time:00:00.02 | Mem:11.85M, Peak:11.85M | Scene, ViewLayer | Updating Lights | Computing tree
Fra:1 Mem:29.40M (Peak 31.42M) | Time:00:00.02 | Mem:11.85M, Peak:11.85M | Scene, ViewLayer | Updating Integrator
Fra:1 Mem:29.40M (Peak 31.42M) | Time:00:00.02 | Mem:11.85M, Peak:11.85M | Scene, ViewLayer | Updating Film
Fra:1 Mem:29.41M (Peak 31.42M) | Time:00:00.03 | Mem:11.77M, Peak:11.85M | Scene, ViewLayer | Updating Lookup Tables
Fra:1 Mem:29.41M (Peak 31.42M) | Time:00:00.03 | Mem:11.86M, Peak:11.86M | Scene, ViewLayer | Updating Baking
Fra:1 Mem:29.41M (Peak 31.42M) | Time:00:00.03 | Mem:11.86M, Peak:11.86M | Scene, ViewLayer | Updating Device | Writing constant memory
Fra:1 Mem:29.41M (Peak 31.42M) | Time:00:00.03 | Mem:11.86M, Peak:11.86M | Scene, ViewLayer | Sample 0/16
Fra:1 Mem:41.28M (Peak 41.28M) | Time:00:00.22 | Remaining:00:02.91 | Mem:23.73M, Peak:23.73M | Scene, ViewLayer | Sample 1/16
Fra:1 Mem:46.56M (Peak 57.10M) | Time:00:02.74 | Mem:23.73M, Peak:23.73M | Scene, ViewLayer | Sample 16/16
Fra:1 Mem:46.56M (Peak 57.10M) | Time:00:02.74 | Mem:23.73M, Peak:23.73M | Scene, ViewLayer | Finished
Saved: '/workspace/scratch/7c20b5ba4165/atlas-backlog-oct3/tools/assets/ground-planting-details/qa/previews/surface-2-oblique-dusk.png'
Time: 00:02.80 (Saving: 00:00.05)

Fra:1 Mem:20.30M (Peak 20.30M) | Time:00:00.00 | Mem:0.00M, Peak:0.00M | Scene, ViewLayer | Synchronizing object | soil-study-2m
Fra:1 Mem:20.31M (Peak 20.31M) | Time:00:00.00 | Mem:0.00M, Peak:0.00M | Scene, ViewLayer | Synchronizing object | QA-label
Fra:1 Mem:20.36M (Peak 20.36M) | Time:00:00.00 | Mem:0.00M, Peak:0.00M | Scene, ViewLayer | Synchronizing object | grass-study-2m
Fra:1 Mem:20.36M (Peak 20.36M) | Time:00:00.00 | Mem:0.00M, Peak:0.00M | Scene, ViewLayer | Synchronizing object | QA-label.001
Fra:1 Mem:20.47M (Peak 20.47M) | Time:00:00.00 | Mem:0.00M, Peak:0.00M | Scene, ViewLayer | Synchronizing object | sand-study-2m
Fra:1 Mem:20.47M (Peak 20.47M) | Time:00:00.00 | Mem:0.00M, Peak:0.00M | Scene, ViewLayer | Synchronizing object | QA-label.002
Fra:1 Mem:20.54M (Peak 20.54M) | Time:00:00.00 | Mem:0.00M, Peak:0.00M | Scene, ViewLayer | Synchronizing object | concrete-study-2m
Fra:1 Mem:20.55M (Peak 20.55M) | Time:00:00.00 | Mem:0.00M, Peak:0.00M | Scene, ViewLayer | Synchronizing object | QA-label.003
Fra:1 Mem:20.64M (Peak 20.64M) | Time:00:00.00 | Mem:0.00M, Peak:0.00M | Scene, ViewLayer | Synchronizing object | asphalt-study-2m
Fra:1 Mem:20.65M (Peak 20.65M) | Time:00:00.00 | Mem:0.00M, Peak:0.00M | Scene, ViewLayer | Synchronizing object | QA-label.004
Fra:1 Mem:20.74M (Peak 20.74M) | Time:00:00.00 | Mem:0.00M, Peak:0.00M | Scene, ViewLayer | Synchronizing object | street-brick-study-2m
Fra:1 Mem:20.75M (Peak 20.75M) | Time:00:00.00 | Mem:0.00M, Peak:0.00M | Scene, ViewLayer | Synchronizing object | QA-label.005
Fra:1 Mem:20.86M (Peak 20.86M) | Time:00:00.00 | Mem:0.00M, Peak:0.00M | Scene, ViewLayer | Synchronizing object | QA-human-legs
Fra:1 Mem:20.86M (Peak 20.86M) | Time:00:00.00 | Mem:0.00M, Peak:0.00M | Scene, ViewLayer | Synchronizing object | QA-human-torso
Fra:1 Mem:20.86M (Peak 20.86M) | Time:00:00.00 | Mem:0.00M, Peak:0.00M | Scene, ViewLayer | Synchronizing object | QA-human-head
Fra:1 Mem:20.87M (Peak 20.87M) | Time:00:00.00 | Mem:0.00M, Peak:0.00M | Scene, ViewLayer | Synchronizing object | QA-label.006
Fra:1 Mem:20.90M (Peak 20.90M) | Time:00:00.00 | Mem:0.00M, Peak:0.00M | Scene, ViewLayer | Synchronizing object | QA-human-legs.001
Fra:1 Mem:20.90M (Peak 20.90M) | Time:00:00.00 | Mem:0.00M, Peak:0.00M | Scene, ViewLayer | Synchronizing object | QA-human-torso.001
Fra:1 Mem:20.90M (Peak 20.90M) | Time:00:00.00 | Mem:0.00M, Peak:0.00M | Scene, ViewLayer | Synchronizing object | QA-human-head.001
Fra:1 Mem:20.90M (Peak 20.90M) | Time:00:00.00 | Mem:0.00M, Peak:0.00M | Scene, ViewLayer | Synchronizing object | QA-label.007
Fra:1 Mem:20.94M (Peak 20.94M) | Time:00:00.00 | Mem:0.00M, Peak:0.00M | Scene, ViewLayer | Synchronizing object | QA-ruler
Fra:1 Mem:20.95M (Peak 20.95M) | Time:00:00.00 | Mem:0.00M, Peak:0.00M | Scene, ViewLayer | Synchronizing object | QA-ruler.001
Fra:1 Mem:20.95M (Peak 20.95M) | Time:00:00.00 | Mem:0.00M, Peak:0.00M | Scene, ViewLayer | Synchronizing object | QA-ruler.002
Fra:1 Mem:20.95M (Peak 20.95M) | Time:00:00.00 | Mem:0.00M, Peak:0.00M | Scene, ViewLayer | Synchronizing object | QA-ruler.003
Fra:1 Mem:20.95M (Peak 20.95M) | Time:00:00.00 | Mem:0.00M, Peak:0.00M | Scene, ViewLayer | Synchronizing object | QA-ruler.004
Fra:1 Mem:20.95M (Peak 20.95M) | Time:00:00.00 | Mem:0.00M, Peak:0.00M | Scene, ViewLayer | Synchronizing object | QA-ruler.005
Fra:1 Mem:20.95M (Peak 20.95M) | Time:00:00.00 | Mem:0.00M, Peak:0.00M | Scene, ViewLayer | Synchronizing object | QA-ruler.006
Fra:1 Mem:20.95M (Peak 20.95M) | Time:00:00.00 | Mem:0.00M, Peak:0.00M | Scene, ViewLayer | Synchronizing object | QA-ruler.007
Fra:1 Mem:20.95M (Peak 20.95M) | Time:00:00.00 | Mem:0.00M, Peak:0.00M | Scene, ViewLayer | Synchronizing object | QA-label.008
Fra:1 Mem:20.96M (Peak 20.96M) | Time:00:00.00 | Mem:0.00M, Peak:0.00M | Scene, ViewLayer | Synchronizing object | QA-ruler.008
Fra:1 Mem:20.97M (Peak 20.97M) | Time:00:00.00 | Mem:0.00M, Peak:0.00M | Scene, ViewLayer | Synchronizing object | QA-ruler.009
Fra:1 Mem:20.97M (Peak 20.97M) | Time:00:00.00 | Mem:0.00M, Peak:0.00M | Scene, ViewLayer | Synchronizing object | QA-ground
Fra:1 Mem:20.97M (Peak 20.97M) | Time:00:00.00 | Mem:0.00M, Peak:0.00M | Scene, ViewLayer | Initializing
Fra:1 Mem:19.41M (Peak 20.97M) | Time:00:00.00 | Mem:0.00M, Peak:0.00M | Scene, ViewLayer | Updating Images | Loading soil_basecolor
Fra:1 Mem:19.41M (Peak 20.97M) | Time:00:00.00 | Mem:0.00M, Peak:0.00M | Scene, ViewLayer | Updating Images | Loading street-brick-normal
Fra:1 Mem:20.64M (Peak 20.97M) | Time:00:00.00 | Mem:0.22M, Peak:0.22M | Scene, ViewLayer | Updating Images | Loading street-brick-orm
Fra:1 Mem:20.86M (Peak 20.97M) | Time:00:00.00 | Mem:0.44M, Peak:0.44M | Scene, ViewLayer | Updating Images | Loading street-brick-color
Fra:1 Mem:21.08M (Peak 21.08M) | Time:00:00.00 | Mem:0.66M, Peak:0.66M | Scene, ViewLayer | Updating Images | Loading asphalt-normal
Fra:1 Mem:21.30M (Peak 21.30M) | Time:00:00.00 | Mem:0.88M, Peak:0.88M | Scene, ViewLayer | Updating Images | Loading asphalt-orm
Fra:1 Mem:21.52M (Peak 22.53M) | Time:00:00.00 | Mem:1.88M, Peak:1.88M | Scene, ViewLayer | Updating Images | Loading soil_orm
Fra:1 Mem:22.52M (Peak 22.53M) | Time:00:00.00 | Mem:2.10M, Peak:2.10M | Scene, ViewLayer | Updating Images | Loading asphalt-color
Fra:1 Mem:22.74M (Peak 22.74M) | Time:00:00.01 | Mem:2.32M, Peak:2.32M | Scene, ViewLayer | Updating Images | Loading concrete-normal
Fra:1 Mem:22.96M (Peak 22.96M) | Time:00:00.01 | Mem:2.54M, Peak:2.54M | Scene, ViewLayer | Updating Images | Loading concrete-orm
Fra:1 Mem:23.18M (Peak 23.18M) | Time:00:00.01 | Mem:2.76M, Peak:2.76M | Scene, ViewLayer | Updating Images | Loading concrete-color
Fra:1 Mem:23.40M (Peak 24.41M) | Time:00:00.01 | Mem:3.76M, Peak:3.76M | Scene, ViewLayer | Updating Images | Loading soil_normal
Fra:1 Mem:24.40M (Peak 24.41M) | Time:00:00.01 | Mem:3.98M, Peak:3.98M | Scene, ViewLayer | Updating Images | Loading sand-normal
Fra:1 Mem:25.40M (Peak 26.41M) | Time:00:00.01 | Mem:4.98M, Peak:4.98M | Scene, ViewLayer | Updating Images | Loading sand-orm
Fra:1 Mem:26.40M (Peak 27.41M) | Time:00:00.01 | Mem:5.98M, Peak:5.98M | Scene, ViewLayer | Updating Images | Loading sand-color
Fra:1 Mem:27.40M (Peak 28.41M) | Time:00:00.01 | Mem:6.98M, Peak:6.98M | Scene, ViewLayer | Updating Images | Loading grass_basecolor
Fra:1 Mem:28.40M (Peak 29.41M) | Time:00:00.01 | Mem:7.98M, Peak:7.98M | Scene, ViewLayer | Updating Images | Loading grass_normal
Fra:1 Mem:29.40M (Peak 30.41M) | Time:00:00.02 | Mem:8.98M, Peak:8.98M | Scene, ViewLayer | Updating Images | Loading grass_orm
Fra:1 Mem:28.85M (Peak 31.41M) | Time:00:00.02 | Mem:10.98M, Peak:10.98M | Scene, ViewLayer | Waiting for render to start
Fra:1 Mem:28.86M (Peak 31.41M) | Time:00:00.02 | Mem:10.98M, Peak:10.98M | Scene, ViewLayer | Loading render kernels (may take a few minutes the first time)
Fra:1 Mem:28.86M (Peak 31.41M) | Time:00:00.02 | Mem:10.98M, Peak:10.98M | Scene, ViewLayer | Updating Scene
Fra:1 Mem:28.86M (Peak 31.41M) | Time:00:00.02 | Mem:10.98M, Peak:10.98M | Scene, ViewLayer | Updating Shaders
Fra:1 Mem:28.94M (Peak 31.41M) | Time:00:00.02 | Mem:10.99M, Peak:10.99M | Scene, ViewLayer | Updating Procedurals
Fra:1 Mem:28.94M (Peak 31.41M) | Time:00:00.02 | Mem:10.99M, Peak:10.99M | Scene, ViewLayer | Updating Background
Fra:1 Mem:28.94M (Peak 31.41M) | Time:00:00.02 | Mem:10.99M, Peak:10.99M | Scene, ViewLayer | Updating Camera
Fra:1 Mem:28.94M (Peak 31.41M) | Time:00:00.02 | Mem:10.99M, Peak:10.99M | Scene, ViewLayer | Updating Meshes Flags
Fra:1 Mem:28.94M (Peak 31.41M) | Time:00:00.02 | Mem:10.99M, Peak:10.99M | Scene, ViewLayer | Updating Objects
Fra:1 Mem:28.94M (Peak 31.41M) | Time:00:00.02 | Mem:10.99M, Peak:10.99M | Scene, ViewLayer | Updating Objects | Copying Transformations to device
Fra:1 Mem:28.95M (Peak 31.41M) | Time:00:00.02 | Mem:10.99M, Peak:10.99M | Scene, ViewLayer | Updating Objects | Applying Static Transformations
Fra:1 Mem:28.95M (Peak 31.41M) | Time:00:00.02 | Mem:10.99M, Peak:10.99M | Scene, ViewLayer | Updating Particle Systems
Fra:1 Mem:28.95M (Peak 31.41M) | Time:00:00.02 | Mem:10.99M, Peak:10.99M | Scene, ViewLayer | Updating Particle Systems | Copying Particles to device
Fra:1 Mem:28.95M (Peak 31.41M) | Time:00:00.02 | Mem:10.99M, Peak:10.99M | Scene, ViewLayer | Updating Meshes
Fra:1 Mem:29.04M (Peak 31.41M) | Time:00:00.02 | Mem:10.99M, Peak:10.99M | Scene, ViewLayer | Updating Mesh | Computing attributes
Fra:1 Mem:29.12M (Peak 31.41M) | Time:00:00.02 | Mem:11.00M, Peak:11.00M | Scene, ViewLayer | Updating Mesh | Copying Attributes to device
Fra:1 Mem:29.11M (Peak 31.41M) | Time:00:00.02 | Mem:11.06M, Peak:11.06M | Scene, ViewLayer | Updating Scene BVH | Building
Fra:1 Mem:29.11M (Peak 31.41M) | Time:00:00.02 | Mem:11.06M, Peak:11.06M | Scene, ViewLayer | Updating Scene BVH | Building BVH
Fra:1 Mem:29.11M (Peak 31.41M) | Time:00:00.02 | Mem:11.24M, Peak:11.24M | Scene, ViewLayer | Updating Scene BVH | Building BVH 0%
Fra:1 Mem:29.11M (Peak 31.41M) | Time:00:00.02 | Mem:11.48M, Peak:11.66M | Scene, ViewLayer | Updating Scene BVH | Copying BVH to device
Fra:1 Mem:29.11M (Peak 31.41M) | Time:00:00.02 | Mem:11.48M, Peak:11.66M | Scene, ViewLayer | Updating Mesh | Computing normals
Fra:1 Mem:29.40M (Peak 31.41M) | Time:00:00.02 | Mem:11.48M, Peak:11.66M | Scene, ViewLayer | Updating Mesh | Copying Mesh to device
Fra:1 Mem:29.40M (Peak 31.41M) | Time:00:00.02 | Mem:11.77M, Peak:11.77M | Scene, ViewLayer | Updating Objects Flags
Fra:1 Mem:29.40M (Peak 31.41M) | Time:00:00.02 | Mem:11.77M, Peak:11.77M | Scene, ViewLayer | Updating Primitive Offsets
Fra:1 Mem:29.40M (Peak 31.41M) | Time:00:00.02 | Mem:11.77M, Peak:11.77M | Scene, ViewLayer | Updating Images
Fra:1 Mem:29.40M (Peak 31.41M) | Time:00:00.02 | Mem:11.77M, Peak:11.77M | Scene, ViewLayer | Updating Camera Volume
Fra:1 Mem:29.40M (Peak 31.41M) | Time:00:00.02 | Mem:11.77M, Peak:11.77M | Scene, ViewLayer | Updating Lookup Tables
Fra:1 Mem:29.40M (Peak 31.41M) | Time:00:00.02 | Mem:11.85M, Peak:11.85M | Scene, ViewLayer | Updating Lights
Fra:1 Mem:29.40M (Peak 31.41M) | Time:00:00.02 | Mem:11.85M, Peak:11.85M | Scene, ViewLayer | Updating Lights | Computing tree
Fra:1 Mem:29.40M (Peak 31.41M) | Time:00:00.02 | Mem:11.85M, Peak:11.85M | Scene, ViewLayer | Updating Integrator
Fra:1 Mem:29.40M (Peak 31.41M) | Time:00:00.02 | Mem:11.85M, Peak:11.85M | Scene, ViewLayer | Updating Film
Fra:1 Mem:29.41M (Peak 31.41M) | Time:00:00.02 | Mem:11.77M, Peak:11.85M | Scene, ViewLayer | Updating Lookup Tables
Fra:1 Mem:29.41M (Peak 31.41M) | Time:00:00.02 | Mem:11.86M, Peak:11.86M | Scene, ViewLayer | Updating Baking
Fra:1 Mem:29.41M (Peak 31.41M) | Time:00:00.02 | Mem:11.86M, Peak:11.86M | Scene, ViewLayer | Updating Device | Writing constant memory
Fra:1 Mem:29.41M (Peak 31.41M) | Time:00:00.02 | Mem:11.86M, Peak:11.86M | Scene, ViewLayer | Sample 0/16
Fra:1 Mem:41.28M (Peak 41.28M) | Time:00:00.22 | Remaining:00:02.88 | Mem:23.73M, Peak:23.73M | Scene, ViewLayer | Sample 1/16
Fra:1 Mem:46.56M (Peak 57.10M) | Time:00:02.77 | Mem:23.73M, Peak:23.73M | Scene, ViewLayer | Sample 16/16
Fra:1 Mem:46.56M (Peak 57.10M) | Time:00:02.77 | Mem:23.73M, Peak:23.73M | Scene, ViewLayer | Finished
Saved: '/workspace/scratch/7c20b5ba4165/atlas-backlog-oct3/tools/assets/ground-planting-details/qa/previews/surface-2-oblique-night.png'
Time: 00:02.84 (Saving: 00:00.06)

Fra:1 Mem:20.30M (Peak 20.30M) | Time:00:00.00 | Mem:0.00M, Peak:0.00M | Scene, ViewLayer | Synchronizing object | QA-label
Fra:1 Mem:20.36M (Peak 20.36M) | Time:00:00.00 | Mem:0.00M, Peak:0.00M | Scene, ViewLayer | Synchronizing object | QA-label.001
Fra:1 Mem:20.47M (Peak 20.47M) | Time:00:00.00 | Mem:0.00M, Peak:0.00M | Scene, ViewLayer | Synchronizing object | QA-label.002
Fra:1 Mem:20.52M (Peak 20.52M) | Time:00:00.00 | Mem:0.00M, Peak:0.00M | Scene, ViewLayer | Synchronizing object | soil-study-2m
Fra:1 Mem:20.55M (Peak 20.55M) | Time:00:00.00 | Mem:0.00M, Peak:0.00M | Scene, ViewLayer | Synchronizing object | QA-label.003
Fra:1 Mem:20.64M (Peak 20.64M) | Time:00:00.00 | Mem:0.00M, Peak:0.00M | Scene, ViewLayer | Synchronizing object | grass-study-2m
Fra:1 Mem:20.64M (Peak 20.64M) | Time:00:00.00 | Mem:0.00M, Peak:0.00M | Scene, ViewLayer | Synchronizing object | QA-label.004
Fra:1 Mem:20.72M (Peak 20.72M) | Time:00:00.00 | Mem:0.00M, Peak:0.00M | Scene, ViewLayer | Synchronizing object | sand-study-2m
Fra:1 Mem:20.73M (Peak 20.73M) | Time:00:00.00 | Mem:0.00M, Peak:0.00M | Scene, ViewLayer | Synchronizing object | concrete-study-2m
Fra:1 Mem:20.75M (Peak 20.75M) | Time:00:00.00 | Mem:0.00M, Peak:0.00M | Scene, ViewLayer | Synchronizing object | asphalt-study-2m
Fra:1 Mem:20.75M (Peak 20.75M) | Time:00:00.00 | Mem:0.00M, Peak:0.00M | Scene, ViewLayer | Synchronizing object | QA-label.005
Fra:1 Mem:20.84M (Peak 20.84M) | Time:00:00.00 | Mem:0.00M, Peak:0.00M | Scene, ViewLayer | Synchronizing object | street-brick-study-2m
Fra:1 Mem:20.86M (Peak 20.86M) | Time:00:00.00 | Mem:0.00M, Peak:0.00M | Scene, ViewLayer | Synchronizing object | QA-human-legs
Fra:1 Mem:20.86M (Peak 20.86M) | Time:00:00.00 | Mem:0.00M, Peak:0.00M | Scene, ViewLayer | Synchronizing object | QA-label.006
Fra:1 Mem:20.88M (Peak 20.88M) | Time:00:00.00 | Mem:0.00M, Peak:0.00M | Scene, ViewLayer | Synchronizing object | QA-human-torso
Fra:1 Mem:20.89M (Peak 20.89M) | Time:00:00.00 | Mem:0.00M, Peak:0.00M | Scene, ViewLayer | Synchronizing object | QA-human-head
Fra:1 Mem:20.90M (Peak 20.90M) | Time:00:00.00 | Mem:0.00M, Peak:0.00M | Scene, ViewLayer | Synchronizing object | QA-human-legs.001
Fra:1 Mem:20.90M (Peak 20.90M) | Time:00:00.00 | Mem:0.00M, Peak:0.00M | Scene, ViewLayer | Synchronizing object | QA-human-torso.001
Fra:1 Mem:20.90M (Peak 20.90M) | Time:00:00.00 | Mem:0.00M, Peak:0.00M | Scene, ViewLayer | Synchronizing object | QA-label.007
Fra:1 Mem:20.90M (Peak 20.90M) | Time:00:00.00 | Mem:0.00M, Peak:0.00M | Scene, ViewLayer | Synchronizing object | QA-human-head.001
Fra:1 Mem:20.95M (Peak 20.95M) | Time:00:00.00 | Mem:0.00M, Peak:0.00M | Scene, ViewLayer | Synchronizing object | QA-ruler
Fra:1 Mem:20.95M (Peak 20.95M) | Time:00:00.00 | Mem:0.00M, Peak:0.00M | Scene, ViewLayer | Synchronizing object | QA-ruler.001
Fra:1 Mem:20.95M (Peak 20.95M) | Time:00:00.00 | Mem:0.00M, Peak:0.00M | Scene, ViewLayer | Synchronizing object | QA-ruler.002
Fra:1 Mem:20.95M (Peak 20.95M) | Time:00:00.00 | Mem:0.00M, Peak:0.00M | Scene, ViewLayer | Synchronizing object | QA-label.008
Fra:1 Mem:20.95M (Peak 20.95M) | Time:00:00.00 | Mem:0.00M, Peak:0.00M | Scene, ViewLayer | Synchronizing object | QA-ruler.003
Fra:1 Mem:20.96M (Peak 20.96M) | Time:00:00.00 | Mem:0.00M, Peak:0.00M | Scene, ViewLayer | Synchronizing object | QA-ruler.004
Fra:1 Mem:20.96M (Peak 20.96M) | Time:00:00.00 | Mem:0.00M, Peak:0.00M | Scene, ViewLayer | Synchronizing object | QA-ruler.005
Fra:1 Mem:20.96M (Peak 20.96M) | Time:00:00.00 | Mem:0.00M, Peak:0.00M | Scene, ViewLayer | Synchronizing object | QA-ruler.006
Fra:1 Mem:20.96M (Peak 20.96M) | Time:00:00.00 | Mem:0.00M, Peak:0.00M | Scene, ViewLayer | Synchronizing object | QA-ground
Fra:1 Mem:20.97M (Peak 20.97M) | Time:00:00.00 | Mem:0.00M, Peak:0.00M | Scene, ViewLayer | Synchronizing object | QA-ruler.007
Fra:1 Mem:20.97M (Peak 20.97M) | Time:00:00.00 | Mem:0.00M, Peak:0.00M | Scene, ViewLayer | Synchronizing object | QA-ruler.009
Fra:1 Mem:20.97M (Peak 20.97M) | Time:00:00.00 | Mem:0.00M, Peak:0.00M | Scene, ViewLayer | Synchronizing object | QA-ruler.008
Fra:1 Mem:20.97M (Peak 20.97M) | Time:00:00.00 | Mem:0.00M, Peak:0.00M | Scene, ViewLayer | Initializing
Fra:1 Mem:19.41M (Peak 20.97M) | Time:00:00.00 | Mem:0.00M, Peak:0.00M | Scene, ViewLayer | Updating Images | Loading soil_basecolor
Fra:1 Mem:19.41M (Peak 20.97M) | Time:00:00.00 | Mem:0.00M, Peak:0.00M | Scene, ViewLayer | Updating Images | Loading street-brick-normal
Fra:1 Mem:20.64M (Peak 20.97M) | Time:00:00.00 | Mem:0.22M, Peak:0.22M | Scene, ViewLayer | Updating Images | Loading street-brick-orm
Fra:1 Mem:20.86M (Peak 20.97M) | Time:00:00.00 | Mem:0.44M, Peak:0.44M | Scene, ViewLayer | Updating Images | Loading street-brick-color
Fra:1 Mem:21.08M (Peak 21.08M) | Time:00:00.00 | Mem:0.66M, Peak:0.66M | Scene, ViewLayer | Updating Images | Loading asphalt-normal
Fra:1 Mem:21.30M (Peak 21.30M) | Time:00:00.01 | Mem:0.88M, Peak:0.88M | Scene, ViewLayer | Updating Images | Loading asphalt-orm
Fra:1 Mem:21.52M (Peak 21.52M) | Time:00:00.01 | Mem:1.10M, Peak:1.10M | Scene, ViewLayer | Updating Images | Loading asphalt-color
Fra:1 Mem:21.74M (Peak 21.74M) | Time:00:00.01 | Mem:1.32M, Peak:1.32M | Scene, ViewLayer | Updating Images | Loading concrete-normal
Fra:1 Mem:21.96M (Peak 21.96M) | Time:00:00.01 | Mem:1.54M, Peak:1.54M | Scene, ViewLayer | Updating Images | Loading concrete-orm
Fra:1 Mem:22.18M (Peak 22.18M) | Time:00:00.01 | Mem:1.76M, Peak:1.76M | Scene, ViewLayer | Updating Images | Loading concrete-color
Fra:1 Mem:24.41M (Peak 24.41M) | Time:00:00.01 | Mem:1.98M, Peak:1.98M | Scene, ViewLayer | Updating Images | Loading sand-normal
Fra:1 Mem:23.40M (Peak 25.41M) | Time:00:00.01 | Mem:2.98M, Peak:2.98M | Scene, ViewLayer | Updating Images | Loading soil_orm
Fra:1 Mem:26.41M (Peak 27.42M) | Time:00:00.01 | Mem:3.98M, Peak:3.98M | Scene, ViewLayer | Updating Images | Loading soil_normal
Fra:1 Mem:25.40M (Peak 27.42M) | Time:00:00.01 | Mem:4.98M, Peak:4.98M | Scene, ViewLayer | Updating Images | Loading sand-orm
Fra:1 Mem:26.40M (Peak 27.42M) | Time:00:00.02 | Mem:5.98M, Peak:5.98M | Scene, ViewLayer | Updating Images | Loading sand-color
Fra:1 Mem:29.41M (Peak 30.42M) | Time:00:00.02 | Mem:6.98M, Peak:6.98M | Scene, ViewLayer | Updating Images | Loading grass_basecolor
Fra:1 Mem:28.40M (Peak 30.42M) | Time:00:00.02 | Mem:7.98M, Peak:7.98M | Scene, ViewLayer | Updating Images | Loading grass_normal
Fra:1 Mem:30.41M (Peak 30.42M) | Time:00:00.03 | Mem:8.98M, Peak:8.98M | Scene, ViewLayer | Updating Images | Loading grass_orm
Fra:1 Mem:28.85M (Peak 31.41M) | Time:00:00.03 | Mem:10.98M, Peak:10.98M | Scene, ViewLayer | Waiting for render to start
Fra:1 Mem:28.86M (Peak 31.41M) | Time:00:00.03 | Mem:10.98M, Peak:10.98M | Scene, ViewLayer | Loading render kernels (may take a few minutes the first time)
Fra:1 Mem:28.86M (Peak 31.41M) | Time:00:00.03 | Mem:10.98M, Peak:10.98M | Scene, ViewLayer | Updating Scene
Fra:1 Mem:28.86M (Peak 31.41M) | Time:00:00.03 | Mem:10.98M, Peak:10.98M | Scene, ViewLayer | Updating Shaders
Fra:1 Mem:28.94M (Peak 31.41M) | Time:00:00.03 | Mem:10.99M, Peak:10.99M | Scene, ViewLayer | Updating Procedurals
Fra:1 Mem:28.94M (Peak 31.41M) | Time:00:00.03 | Mem:10.99M, Peak:10.99M | Scene, ViewLayer | Updating Background
Fra:1 Mem:28.94M (Peak 31.41M) | Time:00:00.03 | Mem:10.99M, Peak:10.99M | Scene, ViewLayer | Updating Camera
Fra:1 Mem:28.94M (Peak 31.41M) | Time:00:00.03 | Mem:10.99M, Peak:10.99M | Scene, ViewLayer | Updating Meshes Flags
Fra:1 Mem:28.94M (Peak 31.41M) | Time:00:00.03 | Mem:10.99M, Peak:10.99M | Scene, ViewLayer | Updating Objects
Fra:1 Mem:28.94M (Peak 31.41M) | Time:00:00.03 | Mem:10.99M, Peak:10.99M | Scene, ViewLayer | Updating Objects | Copying Transformations to device
Fra:1 Mem:28.95M (Peak 31.41M) | Time:00:00.03 | Mem:10.99M, Peak:10.99M | Scene, ViewLayer | Updating Objects | Applying Static Transformations
Fra:1 Mem:28.95M (Peak 31.41M) | Time:00:00.03 | Mem:10.99M, Peak:10.99M | Scene, ViewLayer | Updating Particle Systems
Fra:1 Mem:28.95M (Peak 31.41M) | Time:00:00.03 | Mem:10.99M, Peak:10.99M | Scene, ViewLayer | Updating Particle Systems | Copying Particles to device
Fra:1 Mem:28.95M (Peak 31.41M) | Time:00:00.03 | Mem:10.99M, Peak:10.99M | Scene, ViewLayer | Updating Meshes
Fra:1 Mem:29.04M (Peak 31.41M) | Time:00:00.03 | Mem:10.99M, Peak:10.99M | Scene, ViewLayer | Updating Mesh | Computing attributes
Fra:1 Mem:29.12M (Peak 31.41M) | Time:00:00.03 | Mem:11.00M, Peak:11.00M | Scene, ViewLayer | Updating Mesh | Copying Attributes to device
Fra:1 Mem:29.11M (Peak 31.41M) | Time:00:00.03 | Mem:11.06M, Peak:11.06M | Scene, ViewLayer | Updating Scene BVH | Building
Fra:1 Mem:29.11M (Peak 31.41M) | Time:00:00.03 | Mem:11.06M, Peak:11.06M | Scene, ViewLayer | Updating Scene BVH | Building BVH
Fra:1 Mem:29.11M (Peak 31.41M) | Time:00:00.03 | Mem:11.24M, Peak:11.24M | Scene, ViewLayer | Updating Scene BVH | Building BVH 0%
Fra:1 Mem:29.11M (Peak 31.41M) | Time:00:00.03 | Mem:11.48M, Peak:11.66M | Scene, ViewLayer | Updating Scene BVH | Copying BVH to device
Fra:1 Mem:29.11M (Peak 31.41M) | Time:00:00.03 | Mem:11.48M, Peak:11.66M | Scene, ViewLayer | Updating Mesh | Computing normals
Fra:1 Mem:29.40M (Peak 31.41M) | Time:00:00.03 | Mem:11.48M, Peak:11.66M | Scene, ViewLayer | Updating Mesh | Copying Mesh to device
Fra:1 Mem:29.40M (Peak 31.41M) | Time:00:00.03 | Mem:11.77M, Peak:11.77M | Scene, ViewLayer | Updating Objects Flags
Fra:1 Mem:29.40M (Peak 31.41M) | Time:00:00.03 | Mem:11.77M, Peak:11.77M | Scene, ViewLayer | Updating Primitive Offsets
Fra:1 Mem:29.40M (Peak 31.41M) | Time:00:00.03 | Mem:11.77M, Peak:11.77M | Scene, ViewLayer | Updating Images
Fra:1 Mem:29.40M (Peak 31.41M) | Time:00:00.03 | Mem:11.77M, Peak:11.77M | Scene, ViewLayer | Updating Camera Volume
Fra:1 Mem:29.40M (Peak 31.41M) | Time:00:00.03 | Mem:11.77M, Peak:11.77M | Scene, ViewLayer | Updating Lookup Tables
Fra:1 Mem:29.40M (Peak 31.41M) | Time:00:00.03 | Mem:11.85M, Peak:11.85M | Scene, ViewLayer | Updating Lights
Fra:1 Mem:29.40M (Peak 31.41M) | Time:00:00.03 | Mem:11.85M, Peak:11.85M | Scene, ViewLayer | Updating Lights | Computing tree
Fra:1 Mem:29.40M (Peak 31.41M) | Time:00:00.03 | Mem:11.85M, Peak:11.85M | Scene, ViewLayer | Updating Integrator
Fra:1 Mem:29.40M (Peak 31.41M) | Time:00:00.03 | Mem:11.85M, Peak:11.85M | Scene, ViewLayer | Updating Film
Fra:1 Mem:29.41M (Peak 31.41M) | Time:00:00.03 | Mem:11.77M, Peak:11.85M | Scene, ViewLayer | Updating Lookup Tables
Fra:1 Mem:29.41M (Peak 31.41M) | Time:00:00.03 | Mem:11.86M, Peak:11.86M | Scene, ViewLayer | Updating Baking
Fra:1 Mem:29.41M (Peak 31.41M) | Time:00:00.03 | Mem:11.86M, Peak:11.86M | Scene, ViewLayer | Updating Device | Writing constant memory
Fra:1 Mem:29.41M (Peak 31.41M) | Time:00:00.03 | Mem:11.86M, Peak:11.86M | Scene, ViewLayer | Sample 0/16
Fra:1 Mem:41.28M (Peak 41.28M) | Time:00:00.16 | Remaining:00:01.98 | Mem:23.73M, Peak:23.73M | Scene, ViewLayer | Sample 1/16
Fra:1 Mem:46.56M (Peak 57.10M) | Time:00:01.46 | Mem:23.73M, Peak:23.73M | Scene, ViewLayer | Sample 16/16
Fra:1 Mem:46.56M (Peak 57.10M) | Time:00:01.46 | Mem:23.73M, Peak:23.73M | Scene, ViewLayer | Finished
Saved: '/workspace/scratch/7c20b5ba4165/atlas-backlog-oct3/tools/assets/ground-planting-details/qa/previews/surface-2-grazing-clear.png'
Time: 00:01.53 (Saving: 00:00.06)

Fra:1 Mem:20.30M (Peak 20.30M) | Time:00:00.00 | Mem:0.00M, Peak:0.00M | Scene, ViewLayer | Synchronizing object | soil-study-2m
Fra:1 Mem:20.31M (Peak 20.31M) | Time:00:00.00 | Mem:0.00M, Peak:0.00M | Scene, ViewLayer | Synchronizing object | QA-label
Fra:1 Mem:20.36M (Peak 20.36M) | Time:00:00.00 | Mem:0.00M, Peak:0.00M | Scene, ViewLayer | Synchronizing object | grass-study-2m
Fra:1 Mem:20.36M (Peak 20.36M) | Time:00:00.00 | Mem:0.00M, Peak:0.00M | Scene, ViewLayer | Synchronizing object | QA-label.001
Fra:1 Mem:20.47M (Peak 20.47M) | Time:00:00.00 | Mem:0.00M, Peak:0.00M | Scene, ViewLayer | Synchronizing object | sand-study-2m
Fra:1 Mem:20.47M (Peak 20.47M) | Time:00:00.00 | Mem:0.00M, Peak:0.00M | Scene, ViewLayer | Synchronizing object | QA-label.002
Fra:1 Mem:20.54M (Peak 20.54M) | Time:00:00.00 | Mem:0.00M, Peak:0.00M | Scene, ViewLayer | Synchronizing object | concrete-study-2m
Fra:1 Mem:20.55M (Peak 20.55M) | Time:00:00.00 | Mem:0.00M, Peak:0.00M | Scene, ViewLayer | Synchronizing object | QA-label.003
Fra:1 Mem:20.64M (Peak 20.64M) | Time:00:00.00 | Mem:0.00M, Peak:0.00M | Scene, ViewLayer | Synchronizing object | asphalt-study-2m
Fra:1 Mem:20.64M (Peak 20.64M) | Time:00:00.00 | Mem:0.00M, Peak:0.00M | Scene, ViewLayer | Synchronizing object | QA-label.004
Fra:1 Mem:20.75M (Peak 20.75M) | Time:00:00.00 | Mem:0.00M, Peak:0.00M | Scene, ViewLayer | Synchronizing object | street-brick-study-2m
Fra:1 Mem:20.75M (Peak 20.75M) | Time:00:00.00 | Mem:0.00M, Peak:0.00M | Scene, ViewLayer | Synchronizing object | QA-label.005
Fra:1 Mem:20.86M (Peak 20.86M) | Time:00:00.00 | Mem:0.00M, Peak:0.00M | Scene, ViewLayer | Synchronizing object | QA-human-legs
Fra:1 Mem:20.86M (Peak 20.86M) | Time:00:00.00 | Mem:0.00M, Peak:0.00M | Scene, ViewLayer | Synchronizing object | QA-human-torso
Fra:1 Mem:20.87M (Peak 20.87M) | Time:00:00.00 | Mem:0.00M, Peak:0.00M | Scene, ViewLayer | Synchronizing object | QA-human-head
Fra:1 Mem:20.90M (Peak 20.90M) | Time:00:00.00 | Mem:0.00M, Peak:0.00M | Scene, ViewLayer | Synchronizing object | QA-human-legs.001
Fra:1 Mem:20.90M (Peak 20.90M) | Time:00:00.00 | Mem:0.00M, Peak:0.00M | Scene, ViewLayer | Synchronizing object | QA-label.007
Fra:1 Mem:20.93M (Peak 20.93M) | Time:00:00.00 | Mem:0.00M, Peak:0.00M | Scene, ViewLayer | Synchronizing object | QA-human-torso.001
Fra:1 Mem:20.93M (Peak 20.93M) | Time:00:00.00 | Mem:0.00M, Peak:0.00M | Scene, ViewLayer | Synchronizing object | QA-human-head.001
Fra:1 Mem:20.95M (Peak 20.95M) | Time:00:00.00 | Mem:0.00M, Peak:0.00M | Scene, ViewLayer | Synchronizing object | QA-ruler
Fra:1 Mem:20.95M (Peak 20.95M) | Time:00:00.00 | Mem:0.00M, Peak:0.00M | Scene, ViewLayer | Synchronizing object | QA-ruler.001
Fra:1 Mem:20.95M (Peak 20.95M) | Time:00:00.00 | Mem:0.00M, Peak:0.00M | Scene, ViewLayer | Synchronizing object | QA-ruler.002
Fra:1 Mem:20.95M (Peak 20.95M) | Time:00:00.00 | Mem:0.00M, Peak:0.00M | Scene, ViewLayer | Synchronizing object | QA-ruler.003
Fra:1 Mem:20.95M (Peak 20.95M) | Time:00:00.00 | Mem:0.00M, Peak:0.00M | Scene, ViewLayer | Synchronizing object | QA-ruler.004
Fra:1 Mem:20.95M (Peak 20.95M) | Time:00:00.00 | Mem:0.00M, Peak:0.00M | Scene, ViewLayer | Synchronizing object | QA-ruler.005
Fra:1 Mem:20.95M (Peak 20.95M) | Time:00:00.00 | Mem:0.00M, Peak:0.00M | Scene, ViewLayer | Synchronizing object | QA-ruler.006
Fra:1 Mem:20.95M (Peak 20.95M) | Time:00:00.00 | Mem:0.00M, Peak:0.00M | Scene, ViewLayer | Synchronizing object | QA-ruler.007
Fra:1 Mem:20.95M (Peak 20.95M) | Time:00:00.00 | Mem:0.00M, Peak:0.00M | Scene, ViewLayer | Synchronizing object | QA-ruler.008
Fra:1 Mem:20.95M (Peak 20.95M) | Time:00:00.00 | Mem:0.00M, Peak:0.00M | Scene, ViewLayer | Synchronizing object | QA-ruler.009
Fra:1 Mem:20.97M (Peak 20.97M) | Time:00:00.00 | Mem:0.00M, Peak:0.00M | Scene, ViewLayer | Synchronizing object | QA-ground
Fra:1 Mem:20.97M (Peak 20.97M) | Time:00:00.00 | Mem:0.00M, Peak:0.00M | Scene, ViewLayer | Initializing
Fra:1 Mem:19.41M (Peak 20.97M) | Time:00:00.00 | Mem:0.00M, Peak:0.00M | Scene, ViewLayer | Updating Images | Loading soil_basecolor
Fra:1 Mem:20.41M (Peak 20.97M) | Time:00:00.00 | Mem:0.00M, Peak:0.00M | Scene, ViewLayer | Updating Images | Loading street-brick-normal
Fra:1 Mem:20.64M (Peak 20.97M) | Time:00:00.00 | Mem:0.22M, Peak:0.22M | Scene, ViewLayer | Updating Images | Loading street-brick-orm
Fra:1 Mem:20.86M (Peak 20.97M) | Time:00:00.00 | Mem:0.44M, Peak:0.44M | Scene, ViewLayer | Updating Images | Loading street-brick-color
Fra:1 Mem:21.08M (Peak 21.08M) | Time:00:00.01 | Mem:0.66M, Peak:0.66M | Scene, ViewLayer | Updating Images | Loading asphalt-normal
Fra:1 Mem:21.30M (Peak 21.30M) | Time:00:00.01 | Mem:0.88M, Peak:0.88M | Scene, ViewLayer | Updating Images | Loading asphalt-orm
Fra:1 Mem:21.52M (Peak 21.52M) | Time:00:00.01 | Mem:1.10M, Peak:1.10M | Scene, ViewLayer | Updating Images | Loading asphalt-color
Fra:1 Mem:21.74M (Peak 22.75M) | Time:00:00.01 | Mem:2.10M, Peak:2.10M | Scene, ViewLayer | Updating Images | Loading soil_orm
Fra:1 Mem:22.74M (Peak 22.75M) | Time:00:00.01 | Mem:2.32M, Peak:2.32M | Scene, ViewLayer | Updating Images | Loading concrete-normal
Fra:1 Mem:22.96M (Peak 22.96M) | Time:00:00.01 | Mem:2.54M, Peak:2.54M | Scene, ViewLayer | Updating Images | Loading concrete-orm
Fra:1 Mem:23.18M (Peak 23.18M) | Time:00:00.01 | Mem:2.76M, Peak:2.76M | Scene, ViewLayer | Updating Images | Loading concrete-color
Fra:1 Mem:23.40M (Peak 24.41M) | Time:00:00.01 | Mem:3.76M, Peak:3.76M | Scene, ViewLayer | Updating Images | Loading soil_normal
Fra:1 Mem:24.40M (Peak 24.41M) | Time:00:00.01 | Mem:3.98M, Peak:3.98M | Scene, ViewLayer | Updating Images | Loading sand-normal
Fra:1 Mem:25.40M (Peak 26.41M) | Time:00:00.01 | Mem:4.98M, Peak:4.98M | Scene, ViewLayer | Updating Images | Loading sand-orm
Fra:1 Mem:26.40M (Peak 27.41M) | Time:00:00.01 | Mem:5.98M, Peak:5.98M | Scene, ViewLayer | Updating Images | Loading grass_basecolor
Fra:1 Mem:27.40M (Peak 28.41M) | Time:00:00.02 | Mem:6.98M, Peak:6.98M | Scene, ViewLayer | Updating Images | Loading sand-color
Fra:1 Mem:28.40M (Peak 29.41M) | Time:00:00.02 | Mem:7.98M, Peak:7.98M | Scene, ViewLayer | Updating Images | Loading grass_orm
Fra:1 Mem:31.41M (Peak 32.42M) | Time:00:00.02 | Mem:8.98M, Peak:8.98M | Scene, ViewLayer | Updating Images | Loading grass_normal
Fra:1 Mem:28.86M (Peak 32.42M) | Time:00:00.03 | Mem:10.98M, Peak:10.98M | Scene, ViewLayer | Waiting for render to start
Fra:1 Mem:28.86M (Peak 32.42M) | Time:00:00.03 | Mem:10.98M, Peak:10.98M | Scene, ViewLayer | Loading render kernels (may take a few minutes the first time)
Fra:1 Mem:28.86M (Peak 32.42M) | Time:00:00.03 | Mem:10.98M, Peak:10.98M | Scene, ViewLayer | Updating Scene
Fra:1 Mem:28.86M (Peak 32.42M) | Time:00:00.03 | Mem:10.98M, Peak:10.98M | Scene, ViewLayer | Updating Shaders
Fra:1 Mem:28.95M (Peak 32.42M) | Time:00:00.03 | Mem:10.99M, Peak:10.99M | Scene, ViewLayer | Updating Procedurals
Fra:1 Mem:28.95M (Peak 32.42M) | Time:00:00.03 | Mem:10.99M, Peak:10.99M | Scene, ViewLayer | Updating Background
Fra:1 Mem:28.95M (Peak 32.42M) | Time:00:00.03 | Mem:10.99M, Peak:10.99M | Scene, ViewLayer | Updating Camera
Fra:1 Mem:28.95M (Peak 32.42M) | Time:00:00.03 | Mem:10.99M, Peak:10.99M | Scene, ViewLayer | Updating Meshes Flags
Fra:1 Mem:28.95M (Peak 32.42M) | Time:00:00.03 | Mem:10.99M, Peak:10.99M | Scene, ViewLayer | Updating Objects
Fra:1 Mem:28.95M (Peak 32.42M) | Time:00:00.03 | Mem:10.99M, Peak:10.99M | Scene, ViewLayer | Updating Objects | Copying Transformations to device
Fra:1 Mem:28.95M (Peak 32.42M) | Time:00:00.03 | Mem:10.99M, Peak:10.99M | Scene, ViewLayer | Updating Objects | Applying Static Transformations
Fra:1 Mem:28.95M (Peak 32.42M) | Time:00:00.03 | Mem:10.99M, Peak:10.99M | Scene, ViewLayer | Updating Particle Systems
Fra:1 Mem:28.95M (Peak 32.42M) | Time:00:00.03 | Mem:10.99M, Peak:10.99M | Scene, ViewLayer | Updating Particle Systems | Copying Particles to device
Fra:1 Mem:28.95M (Peak 32.42M) | Time:00:00.03 | Mem:10.99M, Peak:10.99M | Scene, ViewLayer | Updating Meshes
Fra:1 Mem:29.04M (Peak 32.42M) | Time:00:00.03 | Mem:10.99M, Peak:10.99M | Scene, ViewLayer | Updating Mesh | Computing attributes
Fra:1 Mem:29.12M (Peak 32.42M) | Time:00:00.03 | Mem:11.00M, Peak:11.00M | Scene, ViewLayer | Updating Mesh | Copying Attributes to device
Fra:1 Mem:29.11M (Peak 32.42M) | Time:00:00.03 | Mem:11.06M, Peak:11.06M | Scene, ViewLayer | Updating Scene BVH | Building
Fra:1 Mem:29.11M (Peak 32.42M) | Time:00:00.03 | Mem:11.06M, Peak:11.06M | Scene, ViewLayer | Updating Scene BVH | Building BVH
Fra:1 Mem:29.11M (Peak 32.42M) | Time:00:00.03 | Mem:11.24M, Peak:11.24M | Scene, ViewLayer | Updating Scene BVH | Building BVH 0%
Fra:1 Mem:29.11M (Peak 32.42M) | Time:00:00.03 | Mem:11.48M, Peak:11.66M | Scene, ViewLayer | Updating Scene BVH | Copying BVH to device
Fra:1 Mem:29.11M (Peak 32.42M) | Time:00:00.03 | Mem:11.48M, Peak:11.66M | Scene, ViewLayer | Updating Mesh | Computing normals
Fra:1 Mem:29.40M (Peak 32.42M) | Time:00:00.03 | Mem:11.48M, Peak:11.66M | Scene, ViewLayer | Updating Mesh | Copying Mesh to device
Fra:1 Mem:29.40M (Peak 32.42M) | Time:00:00.03 | Mem:11.77M, Peak:11.77M | Scene, ViewLayer | Updating Objects Flags
Fra:1 Mem:29.40M (Peak 32.42M) | Time:00:00.03 | Mem:11.77M, Peak:11.77M | Scene, ViewLayer | Updating Primitive Offsets
Fra:1 Mem:29.40M (Peak 32.42M) | Time:00:00.03 | Mem:11.77M, Peak:11.77M | Scene, ViewLayer | Updating Images
Fra:1 Mem:29.40M (Peak 32.42M) | Time:00:00.03 | Mem:11.77M, Peak:11.77M | Scene, ViewLayer | Updating Camera Volume
Fra:1 Mem:29.40M (Peak 32.42M) | Time:00:00.03 | Mem:11.77M, Peak:11.77M | Scene, ViewLayer | Updating Lookup Tables
Fra:1 Mem:29.40M (Peak 32.42M) | Time:00:00.03 | Mem:11.85M, Peak:11.85M | Scene, ViewLayer | Updating Lights
Fra:1 Mem:29.40M (Peak 32.42M) | Time:00:00.03 | Mem:11.85M, Peak:11.85M | Scene, ViewLayer | Updating Lights | Computing tree
Fra:1 Mem:29.40M (Peak 32.42M) | Time:00:00.03 | Mem:11.85M, Peak:11.85M | Scene, ViewLayer | Updating Integrator
Fra:1 Mem:29.40M (Peak 32.42M) | Time:00:00.03 | Mem:11.85M, Peak:11.85M | Scene, ViewLayer | Updating Film
Fra:1 Mem:29.41M (Peak 32.42M) | Time:00:00.03 | Mem:11.77M, Peak:11.85M | Scene, ViewLayer | Updating Lookup Tables
Fra:1 Mem:29.41M (Peak 32.42M) | Time:00:00.03 | Mem:11.86M, Peak:11.86M | Scene, ViewLayer | Updating Baking
Fra:1 Mem:29.41M (Peak 32.42M) | Time:00:00.03 | Mem:11.86M, Peak:11.86M | Scene, ViewLayer | Updating Device | Writing constant memory
Fra:1 Mem:29.41M (Peak 32.42M) | Time:00:00.03 | Mem:11.86M, Peak:11.86M | Scene, ViewLayer | Sample 0/16
Fra:1 Mem:41.28M (Peak 41.28M) | Time:00:00.15 | Remaining:00:01.83 | Mem:23.73M, Peak:23.73M | Scene, ViewLayer | Sample 1/16
Fra:1 Mem:46.56M (Peak 57.10M) | Time:00:01.42 | Mem:23.73M, Peak:23.73M | Scene, ViewLayer | Sample 16/16
Fra:1 Mem:46.56M (Peak 57.10M) | Time:00:01.42 | Mem:23.73M, Peak:23.73M | Scene, ViewLayer | Finished
Saved: '/workspace/scratch/7c20b5ba4165/atlas-backlog-oct3/tools/assets/ground-planting-details/qa/previews/surface-2-grazing-overcast.png'
Time: 00:01.47 (Saving: 00:00.05)

Fra:1 Mem:20.30M (Peak 20.30M) | Time:00:00.00 | Mem:0.00M, Peak:0.00M | Scene, ViewLayer | Synchronizing object | soil-study-2m
Fra:1 Mem:20.31M (Peak 20.31M) | Time:00:00.00 | Mem:0.00M, Peak:0.00M | Scene, ViewLayer | Synchronizing object | QA-label
Fra:1 Mem:20.36M (Peak 20.36M) | Time:00:00.00 | Mem:0.00M, Peak:0.00M | Scene, ViewLayer | Synchronizing object | grass-study-2m
Fra:1 Mem:20.36M (Peak 20.36M) | Time:00:00.00 | Mem:0.00M, Peak:0.00M | Scene, ViewLayer | Synchronizing object | QA-label.001
Fra:1 Mem:20.47M (Peak 20.47M) | Time:00:00.00 | Mem:0.00M, Peak:0.00M | Scene, ViewLayer | Synchronizing object | sand-study-2m
Fra:1 Mem:20.47M (Peak 20.47M) | Time:00:00.00 | Mem:0.00M, Peak:0.00M | Scene, ViewLayer | Synchronizing object | QA-label.002
Fra:1 Mem:20.55M (Peak 20.55M) | Time:00:00.00 | Mem:0.00M, Peak:0.00M | Scene, ViewLayer | Synchronizing object | concrete-study-2m
Fra:1 Mem:20.55M (Peak 20.55M) | Time:00:00.00 | Mem:0.00M, Peak:0.00M | Scene, ViewLayer | Synchronizing object | QA-label.003
Fra:1 Mem:20.64M (Peak 20.64M) | Time:00:00.00 | Mem:0.00M, Peak:0.00M | Scene, ViewLayer | Synchronizing object | asphalt-study-2m
Fra:1 Mem:20.65M (Peak 20.65M) | Time:00:00.00 | Mem:0.00M, Peak:0.00M | Scene, ViewLayer | Synchronizing object | QA-label.004
Fra:1 Mem:20.75M (Peak 20.75M) | Time:00:00.00 | Mem:0.00M, Peak:0.00M | Scene, ViewLayer | Synchronizing object | street-brick-study-2m
Fra:1 Mem:20.75M (Peak 20.75M) | Time:00:00.00 | Mem:0.00M, Peak:0.00M | Scene, ViewLayer | Synchronizing object | QA-label.005
Fra:1 Mem:20.86M (Peak 20.86M) | Time:00:00.00 | Mem:0.00M, Peak:0.00M | Scene, ViewLayer | Synchronizing object | QA-human-legs
Fra:1 Mem:20.87M (Peak 20.87M) | Time:00:00.00 | Mem:0.00M, Peak:0.00M | Scene, ViewLayer | Synchronizing object | QA-human-torso
Fra:1 Mem:20.87M (Peak 20.87M) | Time:00:00.00 | Mem:0.00M, Peak:0.00M | Scene, ViewLayer | Synchronizing object | QA-label.006
Fra:1 Mem:20.87M (Peak 20.87M) | Time:00:00.00 | Mem:0.00M, Peak:0.00M | Scene, ViewLayer | Synchronizing object | QA-human-head
Fra:1 Mem:20.90M (Peak 20.90M) | Time:00:00.00 | Mem:0.00M, Peak:0.00M | Scene, ViewLayer | Synchronizing object | QA-human-legs.001
Fra:1 Mem:20.90M (Peak 20.90M) | Time:00:00.00 | Mem:0.00M, Peak:0.00M | Scene, ViewLayer | Synchronizing object | QA-human-torso.001
Fra:1 Mem:20.90M (Peak 20.90M) | Time:00:00.00 | Mem:0.00M, Peak:0.00M | Scene, ViewLayer | Synchronizing object | QA-label.007
Fra:1 Mem:20.90M (Peak 20.90M) | Time:00:00.00 | Mem:0.00M, Peak:0.00M | Scene, ViewLayer | Synchronizing object | QA-human-head.001
Fra:1 Mem:20.95M (Peak 20.95M) | Time:00:00.00 | Mem:0.00M, Peak:0.00M | Scene, ViewLayer | Synchronizing object | QA-ruler
Fra:1 Mem:20.95M (Peak 20.95M) | Time:00:00.00 | Mem:0.00M, Peak:0.00M | Scene, ViewLayer | Synchronizing object | QA-ruler.001
Fra:1 Mem:20.95M (Peak 20.95M) | Time:00:00.00 | Mem:0.00M, Peak:0.00M | Scene, ViewLayer | Synchronizing object | QA-ruler.002
Fra:1 Mem:20.95M (Peak 20.95M) | Time:00:00.00 | Mem:0.00M, Peak:0.00M | Scene, ViewLayer | Synchronizing object | QA-ruler.003
Fra:1 Mem:20.95M (Peak 20.95M) | Time:00:00.00 | Mem:0.00M, Peak:0.00M | Scene, ViewLayer | Synchronizing object | QA-ruler.004
Fra:1 Mem:20.95M (Peak 20.95M) | Time:00:00.00 | Mem:0.00M, Peak:0.00M | Scene, ViewLayer | Synchronizing object | QA-label.008
Fra:1 Mem:20.95M (Peak 20.95M) | Time:00:00.00 | Mem:0.00M, Peak:0.00M | Scene, ViewLayer | Synchronizing object | QA-ruler.005
Fra:1 Mem:20.96M (Peak 20.96M) | Time:00:00.00 | Mem:0.00M, Peak:0.00M | Scene, ViewLayer | Synchronizing object | QA-ruler.006
Fra:1 Mem:20.97M (Peak 20.97M) | Time:00:00.00 | Mem:0.00M, Peak:0.00M | Scene, ViewLayer | Synchronizing object | QA-ruler.007
Fra:1 Mem:20.97M (Peak 20.97M) | Time:00:00.00 | Mem:0.00M, Peak:0.00M | Scene, ViewLayer | Synchronizing object | QA-ruler.008
Fra:1 Mem:20.97M (Peak 20.97M) | Time:00:00.00 | Mem:0.00M, Peak:0.00M | Scene, ViewLayer | Synchronizing object | QA-ground
Fra:1 Mem:20.97M (Peak 20.97M) | Time:00:00.00 | Mem:0.00M, Peak:0.00M | Scene, ViewLayer | Synchronizing object | QA-ruler.009
Fra:1 Mem:20.97M (Peak 20.97M) | Time:00:00.00 | Mem:0.00M, Peak:0.00M | Scene, ViewLayer | Initializing
Fra:1 Mem:19.41M (Peak 20.97M) | Time:00:00.00 | Mem:0.00M, Peak:0.00M | Scene, ViewLayer | Updating Images | Loading soil_basecolor
Fra:1 Mem:19.41M (Peak 20.97M) | Time:00:00.00 | Mem:0.00M, Peak:0.00M | Scene, ViewLayer | Updating Images | Loading street-brick-normal
Fra:1 Mem:20.64M (Peak 20.97M) | Time:00:00.00 | Mem:0.22M, Peak:0.22M | Scene, ViewLayer | Updating Images | Loading street-brick-orm
Fra:1 Mem:20.86M (Peak 20.97M) | Time:00:00.00 | Mem:0.44M, Peak:0.44M | Scene, ViewLayer | Updating Images | Loading street-brick-color
Fra:1 Mem:21.08M (Peak 21.08M) | Time:00:00.00 | Mem:0.66M, Peak:0.66M | Scene, ViewLayer | Updating Images | Loading asphalt-normal
Fra:1 Mem:21.30M (Peak 21.30M) | Time:00:00.00 | Mem:0.88M, Peak:0.88M | Scene, ViewLayer | Updating Images | Loading asphalt-orm
Fra:1 Mem:23.53M (Peak 23.53M) | Time:00:00.00 | Mem:1.10M, Peak:1.10M | Scene, ViewLayer | Updating Images | Loading asphalt-color
Fra:1 Mem:21.74M (Peak 23.53M) | Time:00:00.00 | Mem:2.10M, Peak:2.10M | Scene, ViewLayer | Updating Images | Loading soil_orm
Fra:1 Mem:22.74M (Peak 23.53M) | Time:00:00.01 | Mem:2.32M, Peak:2.32M | Scene, ViewLayer | Updating Images | Loading concrete-normal
Fra:1 Mem:22.96M (Peak 23.53M) | Time:00:00.01 | Mem:2.54M, Peak:2.54M | Scene, ViewLayer | Updating Images | Loading concrete-orm
Fra:1 Mem:23.18M (Peak 23.53M) | Time:00:00.01 | Mem:2.76M, Peak:2.76M | Scene, ViewLayer | Updating Images | Loading concrete-color
Fra:1 Mem:25.41M (Peak 25.41M) | Time:00:00.01 | Mem:2.98M, Peak:2.98M | Scene, ViewLayer | Updating Images | Loading sand-normal
Fra:1 Mem:24.40M (Peak 26.41M) | Time:00:00.01 | Mem:3.98M, Peak:3.98M | Scene, ViewLayer | Updating Images | Loading soil_normal
Fra:1 Mem:25.40M (Peak 26.41M) | Time:00:00.01 | Mem:4.98M, Peak:4.98M | Scene, ViewLayer | Updating Images | Loading sand-orm
Fra:1 Mem:26.40M (Peak 27.41M) | Time:00:00.01 | Mem:5.98M, Peak:5.98M | Scene, ViewLayer | Updating Images | Loading sand-color
Fra:1 Mem:27.40M (Peak 28.41M) | Time:00:00.01 | Mem:6.98M, Peak:6.98M | Scene, ViewLayer | Updating Images | Loading grass_basecolor
Fra:1 Mem:28.40M (Peak 29.41M) | Time:00:00.02 | Mem:7.98M, Peak:7.98M | Scene, ViewLayer | Updating Images | Loading grass_normal
Fra:1 Mem:29.40M (Peak 30.41M) | Time:00:00.02 | Mem:8.98M, Peak:8.98M | Scene, ViewLayer | Updating Images | Loading grass_orm
Fra:1 Mem:28.86M (Peak 33.42M) | Time:00:00.02 | Mem:10.98M, Peak:10.98M | Scene, ViewLayer | Waiting for render to start
Fra:1 Mem:28.86M (Peak 33.42M) | Time:00:00.02 | Mem:10.98M, Peak:10.98M | Scene, ViewLayer | Loading render kernels (may take a few minutes the first time)
Fra:1 Mem:28.86M (Peak 33.42M) | Time:00:00.02 | Mem:10.98M, Peak:10.98M | Scene, ViewLayer | Updating Scene
Fra:1 Mem:28.86M (Peak 33.42M) | Time:00:00.02 | Mem:10.98M, Peak:10.98M | Scene, ViewLayer | Updating Shaders
Fra:1 Mem:28.95M (Peak 33.42M) | Time:00:00.02 | Mem:10.99M, Peak:10.99M | Scene, ViewLayer | Updating Procedurals
Fra:1 Mem:28.95M (Peak 33.42M) | Time:00:00.02 | Mem:10.99M, Peak:10.99M | Scene, ViewLayer | Updating Background
Fra:1 Mem:28.95M (Peak 33.42M) | Time:00:00.02 | Mem:10.99M, Peak:10.99M | Scene, ViewLayer | Updating Camera
Fra:1 Mem:28.95M (Peak 33.42M) | Time:00:00.02 | Mem:10.99M, Peak:10.99M | Scene, ViewLayer | Updating Meshes Flags
Fra:1 Mem:28.95M (Peak 33.42M) | Time:00:00.02 | Mem:10.99M, Peak:10.99M | Scene, ViewLayer | Updating Objects
Fra:1 Mem:28.95M (Peak 33.42M) | Time:00:00.02 | Mem:10.99M, Peak:10.99M | Scene, ViewLayer | Updating Objects | Copying Transformations to device
Fra:1 Mem:28.95M (Peak 33.42M) | Time:00:00.02 | Mem:10.99M, Peak:10.99M | Scene, ViewLayer | Updating Objects | Applying Static Transformations
Fra:1 Mem:28.95M (Peak 33.42M) | Time:00:00.02 | Mem:10.99M, Peak:10.99M | Scene, ViewLayer | Updating Particle Systems
Fra:1 Mem:28.95M (Peak 33.42M) | Time:00:00.02 | Mem:10.99M, Peak:10.99M | Scene, ViewLayer | Updating Particle Systems | Copying Particles to device
Fra:1 Mem:28.95M (Peak 33.42M) | Time:00:00.02 | Mem:10.99M, Peak:10.99M | Scene, ViewLayer | Updating Meshes
Fra:1 Mem:29.04M (Peak 33.42M) | Time:00:00.02 | Mem:10.99M, Peak:10.99M | Scene, ViewLayer | Updating Mesh | Computing attributes
Fra:1 Mem:29.12M (Peak 33.42M) | Time:00:00.02 | Mem:11.00M, Peak:11.00M | Scene, ViewLayer | Updating Mesh | Copying Attributes to device
Fra:1 Mem:29.11M (Peak 33.42M) | Time:00:00.02 | Mem:11.06M, Peak:11.06M | Scene, ViewLayer | Updating Scene BVH | Building
Fra:1 Mem:29.11M (Peak 33.42M) | Time:00:00.02 | Mem:11.06M, Peak:11.06M | Scene, ViewLayer | Updating Scene BVH | Building BVH
Fra:1 Mem:29.11M (Peak 33.42M) | Time:00:00.02 | Mem:11.24M, Peak:11.24M | Scene, ViewLayer | Updating Scene BVH | Building BVH 0%
Fra:1 Mem:29.11M (Peak 33.42M) | Time:00:00.02 | Mem:11.48M, Peak:11.66M | Scene, ViewLayer | Updating Scene BVH | Copying BVH to device
Fra:1 Mem:29.11M (Peak 33.42M) | Time:00:00.02 | Mem:11.48M, Peak:11.66M | Scene, ViewLayer | Updating Mesh | Computing normals
Fra:1 Mem:29.40M (Peak 33.42M) | Time:00:00.02 | Mem:11.48M, Peak:11.66M | Scene, ViewLayer | Updating Mesh | Copying Mesh to device
Fra:1 Mem:29.40M (Peak 33.42M) | Time:00:00.02 | Mem:11.77M, Peak:11.77M | Scene, ViewLayer | Updating Objects Flags
Fra:1 Mem:29.40M (Peak 33.42M) | Time:00:00.02 | Mem:11.77M, Peak:11.77M | Scene, ViewLayer | Updating Primitive Offsets
Fra:1 Mem:29.40M (Peak 33.42M) | Time:00:00.02 | Mem:11.77M, Peak:11.77M | Scene, ViewLayer | Updating Images
Fra:1 Mem:29.40M (Peak 33.42M) | Time:00:00.02 | Mem:11.77M, Peak:11.77M | Scene, ViewLayer | Updating Camera Volume
Fra:1 Mem:29.40M (Peak 33.42M) | Time:00:00.02 | Mem:11.77M, Peak:11.77M | Scene, ViewLayer | Updating Lookup Tables
Fra:1 Mem:29.40M (Peak 33.42M) | Time:00:00.02 | Mem:11.85M, Peak:11.85M | Scene, ViewLayer | Updating Lights
Fra:1 Mem:29.40M (Peak 33.42M) | Time:00:00.02 | Mem:11.85M, Peak:11.85M | Scene, ViewLayer | Updating Lights | Computing tree
Fra:1 Mem:29.40M (Peak 33.42M) | Time:00:00.02 | Mem:11.85M, Peak:11.85M | Scene, ViewLayer | Updating Integrator
Fra:1 Mem:29.40M (Peak 33.42M) | Time:00:00.02 | Mem:11.85M, Peak:11.85M | Scene, ViewLayer | Updating Film
Fra:1 Mem:29.41M (Peak 33.42M) | Time:00:00.02 | Mem:11.77M, Peak:11.85M | Scene, ViewLayer | Updating Lookup Tables
Fra:1 Mem:29.41M (Peak 33.42M) | Time:00:00.02 | Mem:11.86M, Peak:11.86M | Scene, ViewLayer | Updating Baking
Fra:1 Mem:29.41M (Peak 33.42M) | Time:00:00.02 | Mem:11.86M, Peak:11.86M | Scene, ViewLayer | Updating Device | Writing constant memory
Fra:1 Mem:29.41M (Peak 33.42M) | Time:00:00.02 | Mem:11.86M, Peak:11.86M | Scene, ViewLayer | Sample 0/16
Fra:1 Mem:41.28M (Peak 41.28M) | Time:00:00.13 | Remaining:00:01.60 | Mem:23.73M, Peak:23.73M | Scene, ViewLayer | Sample 1/16
Fra:1 Mem:46.56M (Peak 57.10M) | Time:00:01.41 | Mem:23.73M, Peak:23.73M | Scene, ViewLayer | Sample 16/16
Fra:1 Mem:46.56M (Peak 57.10M) | Time:00:01.41 | Mem:23.73M, Peak:23.73M | Scene, ViewLayer | Finished
Saved: '/workspace/scratch/7c20b5ba4165/atlas-backlog-oct3/tools/assets/ground-planting-details/qa/previews/surface-2-grazing-dusk.png'
Time: 00:01.47 (Saving: 00:00.05)

Fra:1 Mem:20.30M (Peak 20.30M) | Time:00:00.00 | Mem:0.00M, Peak:0.00M | Scene, ViewLayer | Synchronizing object | soil-study-2m
Fra:1 Mem:20.31M (Peak 20.31M) | Time:00:00.00 | Mem:0.00M, Peak:0.00M | Scene, ViewLayer | Synchronizing object | QA-label
Fra:1 Mem:20.36M (Peak 20.36M) | Time:00:00.00 | Mem:0.00M, Peak:0.00M | Scene, ViewLayer | Synchronizing object | grass-study-2m
Fra:1 Mem:20.36M (Peak 20.36M) | Time:00:00.00 | Mem:0.00M, Peak:0.00M | Scene, ViewLayer | Synchronizing object | QA-label.001
Fra:1 Mem:20.47M (Peak 20.47M) | Time:00:00.00 | Mem:0.00M, Peak:0.00M | Scene, ViewLayer | Synchronizing object | sand-study-2m
Fra:1 Mem:20.47M (Peak 20.47M) | Time:00:00.00 | Mem:0.00M, Peak:0.00M | Scene, ViewLayer | Synchronizing object | QA-label.002
Fra:1 Mem:20.55M (Peak 20.55M) | Time:00:00.00 | Mem:0.00M, Peak:0.00M | Scene, ViewLayer | Synchronizing object | concrete-study-2m
Fra:1 Mem:20.55M (Peak 20.55M) | Time:00:00.00 | Mem:0.00M, Peak:0.00M | Scene, ViewLayer | Synchronizing object | QA-label.003
Fra:1 Mem:20.65M (Peak 20.65M) | Time:00:00.00 | Mem:0.00M, Peak:0.00M | Scene, ViewLayer | Synchronizing object | asphalt-study-2m
Fra:1 Mem:20.65M (Peak 20.65M) | Time:00:00.00 | Mem:0.00M, Peak:0.00M | Scene, ViewLayer | Synchronizing object | QA-label.004
Fra:1 Mem:20.75M (Peak 20.75M) | Time:00:00.00 | Mem:0.00M, Peak:0.00M | Scene, ViewLayer | Synchronizing object | street-brick-study-2m
Fra:1 Mem:20.75M (Peak 20.75M) | Time:00:00.00 | Mem:0.00M, Peak:0.00M | Scene, ViewLayer | Synchronizing object | QA-label.005
Fra:1 Mem:20.86M (Peak 20.86M) | Time:00:00.00 | Mem:0.00M, Peak:0.00M | Scene, ViewLayer | Synchronizing object | QA-human-legs
Fra:1 Mem:20.87M (Peak 20.87M) | Time:00:00.00 | Mem:0.00M, Peak:0.00M | Scene, ViewLayer | Synchronizing object | QA-human-torso
Fra:1 Mem:20.87M (Peak 20.87M) | Time:00:00.00 | Mem:0.00M, Peak:0.00M | Scene, ViewLayer | Synchronizing object | QA-label.006
Fra:1 Mem:20.88M (Peak 20.88M) | Time:00:00.00 | Mem:0.00M, Peak:0.00M | Scene, ViewLayer | Synchronizing object | QA-human-head
Fra:1 Mem:20.90M (Peak 20.90M) | Time:00:00.00 | Mem:0.00M, Peak:0.00M | Scene, ViewLayer | Synchronizing object | QA-human-legs.001
Fra:1 Mem:20.90M (Peak 20.90M) | Time:00:00.00 | Mem:0.00M, Peak:0.00M | Scene, ViewLayer | Synchronizing object | QA-human-torso.001
Fra:1 Mem:20.90M (Peak 20.90M) | Time:00:00.00 | Mem:0.00M, Peak:0.00M | Scene, ViewLayer | Synchronizing object | QA-label.007
Fra:1 Mem:20.90M (Peak 20.90M) | Time:00:00.00 | Mem:0.00M, Peak:0.00M | Scene, ViewLayer | Synchronizing object | QA-human-head.001
Fra:1 Mem:20.95M (Peak 20.95M) | Time:00:00.00 | Mem:0.00M, Peak:0.00M | Scene, ViewLayer | Synchronizing object | QA-ruler
Fra:1 Mem:20.95M (Peak 20.95M) | Time:00:00.00 | Mem:0.00M, Peak:0.00M | Scene, ViewLayer | Synchronizing object | QA-ruler.001
Fra:1 Mem:20.95M (Peak 20.95M) | Time:00:00.00 | Mem:0.00M, Peak:0.00M | Scene, ViewLayer | Synchronizing object | QA-ruler.002
Fra:1 Mem:20.95M (Peak 20.95M) | Time:00:00.00 | Mem:0.00M, Peak:0.00M | Scene, ViewLayer | Synchronizing object | QA-ruler.003
Fra:1 Mem:20.95M (Peak 20.95M) | Time:00:00.00 | Mem:0.00M, Peak:0.00M | Scene, ViewLayer | Synchronizing object | QA-ruler.004
Fra:1 Mem:20.95M (Peak 20.95M) | Time:00:00.00 | Mem:0.00M, Peak:0.00M | Scene, ViewLayer | Synchronizing object | QA-ruler.005
Fra:1 Mem:20.95M (Peak 20.95M) | Time:00:00.00 | Mem:0.00M, Peak:0.00M | Scene, ViewLayer | Synchronizing object | QA-label.008
Fra:1 Mem:20.96M (Peak 20.96M) | Time:00:00.00 | Mem:0.00M, Peak:0.00M | Scene, ViewLayer | Synchronizing object | QA-ruler.006
Fra:1 Mem:20.97M (Peak 20.97M) | Time:00:00.00 | Mem:0.00M, Peak:0.00M | Scene, ViewLayer | Synchronizing object | QA-ruler.007
Fra:1 Mem:20.97M (Peak 20.97M) | Time:00:00.00 | Mem:0.00M, Peak:0.00M | Scene, ViewLayer | Synchronizing object | QA-ruler.008
Fra:1 Mem:20.97M (Peak 20.97M) | Time:00:00.00 | Mem:0.00M, Peak:0.00M | Scene, ViewLayer | Synchronizing object | QA-ground
Fra:1 Mem:20.97M (Peak 20.97M) | Time:00:00.00 | Mem:0.00M, Peak:0.00M | Scene, ViewLayer | Synchronizing object | QA-ruler.009
Fra:1 Mem:20.97M (Peak 20.97M) | Time:00:00.00 | Mem:0.00M, Peak:0.00M | Scene, ViewLayer | Initializing
Fra:1 Mem:19.41M (Peak 20.97M) | Time:00:00.00 | Mem:0.00M, Peak:0.00M | Scene, ViewLayer | Updating Images | Loading soil_basecolor
Fra:1 Mem:19.41M (Peak 20.97M) | Time:00:00.00 | Mem:0.00M, Peak:0.00M | Scene, ViewLayer | Updating Images | Loading street-brick-normal
Fra:1 Mem:20.64M (Peak 20.97M) | Time:00:00.00 | Mem:0.22M, Peak:0.22M | Scene, ViewLayer | Updating Images | Loading street-brick-orm
Fra:1 Mem:20.86M (Peak 20.97M) | Time:00:00.00 | Mem:0.44M, Peak:0.44M | Scene, ViewLayer | Updating Images | Loading street-brick-color
Fra:1 Mem:21.08M (Peak 21.08M) | Time:00:00.00 | Mem:0.66M, Peak:0.66M | Scene, ViewLayer | Updating Images | Loading asphalt-normal
Fra:1 Mem:21.30M (Peak 21.30M) | Time:00:00.00 | Mem:0.88M, Peak:0.88M | Scene, ViewLayer | Updating Images | Loading asphalt-orm
Fra:1 Mem:21.52M (Peak 21.52M) | Time:00:00.00 | Mem:1.10M, Peak:1.10M | Scene, ViewLayer | Updating Images | Loading asphalt-color
Fra:1 Mem:21.74M (Peak 22.75M) | Time:00:00.00 | Mem:2.10M, Peak:2.10M | Scene, ViewLayer | Updating Images | Loading soil_orm
Fra:1 Mem:22.74M (Peak 22.75M) | Time:00:00.00 | Mem:2.32M, Peak:2.32M | Scene, ViewLayer | Updating Images | Loading concrete-normal
Fra:1 Mem:22.96M (Peak 22.96M) | Time:00:00.01 | Mem:2.54M, Peak:2.54M | Scene, ViewLayer | Updating Images | Loading concrete-orm
Fra:1 Mem:23.18M (Peak 23.18M) | Time:00:00.01 | Mem:2.76M, Peak:2.76M | Scene, ViewLayer | Updating Images | Loading concrete-color
Fra:1 Mem:23.40M (Peak 24.41M) | Time:00:00.01 | Mem:3.76M, Peak:3.76M | Scene, ViewLayer | Updating Images | Loading soil_normal
Fra:1 Mem:24.40M (Peak 24.41M) | Time:00:00.01 | Mem:3.98M, Peak:3.98M | Scene, ViewLayer | Updating Images | Loading sand-normal
Fra:1 Mem:25.40M (Peak 26.41M) | Time:00:00.01 | Mem:4.98M, Peak:4.98M | Scene, ViewLayer | Updating Images | Loading sand-orm
Fra:1 Mem:26.40M (Peak 27.41M) | Time:00:00.01 | Mem:5.98M, Peak:5.98M | Scene, ViewLayer | Updating Images | Loading grass_basecolor
Fra:1 Mem:27.40M (Peak 28.41M) | Time:00:00.01 | Mem:6.98M, Peak:6.98M | Scene, ViewLayer | Updating Images | Loading sand-color
Fra:1 Mem:28.40M (Peak 29.41M) | Time:00:00.02 | Mem:7.98M, Peak:7.98M | Scene, ViewLayer | Updating Images | Loading grass_orm
Fra:1 Mem:31.41M (Peak 32.42M) | Time:00:00.02 | Mem:8.98M, Peak:8.98M | Scene, ViewLayer | Updating Images | Loading grass_normal
Fra:1 Mem:28.86M (Peak 32.42M) | Time:00:00.02 | Mem:10.98M, Peak:10.98M | Scene, ViewLayer | Waiting for render to start
Fra:1 Mem:28.86M (Peak 32.42M) | Time:00:00.02 | Mem:10.98M, Peak:10.98M | Scene, ViewLayer | Loading render kernels (may take a few minutes the first time)
Fra:1 Mem:28.86M (Peak 32.42M) | Time:00:00.02 | Mem:10.98M, Peak:10.98M | Scene, ViewLayer | Updating Scene
Fra:1 Mem:28.86M (Peak 32.42M) | Time:00:00.02 | Mem:10.98M, Peak:10.98M | Scene, ViewLayer | Updating Shaders
Fra:1 Mem:28.95M (Peak 32.42M) | Time:00:00.02 | Mem:10.99M, Peak:10.99M | Scene, ViewLayer | Updating Procedurals
Fra:1 Mem:28.95M (Peak 32.42M) | Time:00:00.02 | Mem:10.99M, Peak:10.99M | Scene, ViewLayer | Updating Background
Fra:1 Mem:28.95M (Peak 32.42M) | Time:00:00.02 | Mem:10.99M, Peak:10.99M | Scene, ViewLayer | Updating Camera
Fra:1 Mem:28.95M (Peak 32.42M) | Time:00:00.02 | Mem:10.99M, Peak:10.99M | Scene, ViewLayer | Updating Meshes Flags
Fra:1 Mem:28.95M (Peak 32.42M) | Time:00:00.02 | Mem:10.99M, Peak:10.99M | Scene, ViewLayer | Updating Objects
Fra:1 Mem:28.95M (Peak 32.42M) | Time:00:00.02 | Mem:10.99M, Peak:10.99M | Scene, ViewLayer | Updating Objects | Copying Transformations to device
Fra:1 Mem:28.95M (Peak 32.42M) | Time:00:00.02 | Mem:10.99M, Peak:10.99M | Scene, ViewLayer | Updating Objects | Applying Static Transformations
Fra:1 Mem:28.95M (Peak 32.42M) | Time:00:00.02 | Mem:10.99M, Peak:10.99M | Scene, ViewLayer | Updating Particle Systems
Fra:1 Mem:28.95M (Peak 32.42M) | Time:00:00.02 | Mem:10.99M, Peak:10.99M | Scene, ViewLayer | Updating Particle Systems | Copying Particles to device
Fra:1 Mem:28.95M (Peak 32.42M) | Time:00:00.02 | Mem:10.99M, Peak:10.99M | Scene, ViewLayer | Updating Meshes
Fra:1 Mem:29.04M (Peak 32.42M) | Time:00:00.02 | Mem:10.99M, Peak:10.99M | Scene, ViewLayer | Updating Mesh | Computing attributes
Fra:1 Mem:29.12M (Peak 32.42M) | Time:00:00.02 | Mem:11.00M, Peak:11.00M | Scene, ViewLayer | Updating Mesh | Copying Attributes to device
Fra:1 Mem:29.11M (Peak 32.42M) | Time:00:00.02 | Mem:11.06M, Peak:11.06M | Scene, ViewLayer | Updating Scene BVH | Building
Fra:1 Mem:29.11M (Peak 32.42M) | Time:00:00.02 | Mem:11.06M, Peak:11.06M | Scene, ViewLayer | Updating Scene BVH | Building BVH
Fra:1 Mem:29.11M (Peak 32.42M) | Time:00:00.02 | Mem:11.24M, Peak:11.24M | Scene, ViewLayer | Updating Scene BVH | Building BVH 0%
Fra:1 Mem:29.11M (Peak 32.42M) | Time:00:00.03 | Mem:11.48M, Peak:11.66M | Scene, ViewLayer | Updating Scene BVH | Copying BVH to device
Fra:1 Mem:29.11M (Peak 32.42M) | Time:00:00.03 | Mem:11.48M, Peak:11.66M | Scene, ViewLayer | Updating Mesh | Computing normals
Fra:1 Mem:29.40M (Peak 32.42M) | Time:00:00.03 | Mem:11.48M, Peak:11.66M | Scene, ViewLayer | Updating Mesh | Copying Mesh to device
Fra:1 Mem:29.40M (Peak 32.42M) | Time:00:00.03 | Mem:11.77M, Peak:11.77M | Scene, ViewLayer | Updating Objects Flags
Fra:1 Mem:29.40M (Peak 32.42M) | Time:00:00.03 | Mem:11.77M, Peak:11.77M | Scene, ViewLayer | Updating Primitive Offsets
Fra:1 Mem:29.40M (Peak 32.42M) | Time:00:00.03 | Mem:11.77M, Peak:11.77M | Scene, ViewLayer | Updating Images
Fra:1 Mem:29.40M (Peak 32.42M) | Time:00:00.03 | Mem:11.77M, Peak:11.77M | Scene, ViewLayer | Updating Camera Volume
Fra:1 Mem:29.40M (Peak 32.42M) | Time:00:00.03 | Mem:11.77M, Peak:11.77M | Scene, ViewLayer | Updating Lookup Tables
Fra:1 Mem:29.40M (Peak 32.42M) | Time:00:00.03 | Mem:11.85M, Peak:11.85M | Scene, ViewLayer | Updating Lights
Fra:1 Mem:29.40M (Peak 32.42M) | Time:00:00.03 | Mem:11.85M, Peak:11.85M | Scene, ViewLayer | Updating Lights | Computing tree
Fra:1 Mem:29.40M (Peak 32.42M) | Time:00:00.03 | Mem:11.85M, Peak:11.85M | Scene, ViewLayer | Updating Integrator
Fra:1 Mem:29.40M (Peak 32.42M) | Time:00:00.03 | Mem:11.85M, Peak:11.85M | Scene, ViewLayer | Updating Film
Fra:1 Mem:29.41M (Peak 32.42M) | Time:00:00.03 | Mem:11.77M, Peak:11.85M | Scene, ViewLayer | Updating Lookup Tables
Fra:1 Mem:29.41M (Peak 32.42M) | Time:00:00.03 | Mem:11.86M, Peak:11.86M | Scene, ViewLayer | Updating Baking
Fra:1 Mem:29.41M (Peak 32.42M) | Time:00:00.03 | Mem:11.86M, Peak:11.86M | Scene, ViewLayer | Updating Device | Writing constant memory
Fra:1 Mem:29.41M (Peak 32.42M) | Time:00:00.03 | Mem:11.86M, Peak:11.86M | Scene, ViewLayer | Sample 0/16
Fra:1 Mem:41.28M (Peak 41.28M) | Time:00:00.14 | Remaining:00:01.64 | Mem:23.73M, Peak:23.73M | Scene, ViewLayer | Sample 1/16
Fra:1 Mem:46.56M (Peak 57.10M) | Time:00:01.43 | Mem:23.73M, Peak:23.73M | Scene, ViewLayer | Sample 16/16
Fra:1 Mem:46.56M (Peak 57.10M) | Time:00:01.43 | Mem:23.73M, Peak:23.73M | Scene, ViewLayer | Finished
Saved: '/workspace/scratch/7c20b5ba4165/atlas-backlog-oct3/tools/assets/ground-planting-details/qa/previews/surface-2-grazing-night.png'
Time: 00:01.49 (Saving: 00:00.05)

Extensions: writing cache failed ([Errno 30] Read-only file system: '/home/agent/.config/blender').
16:27:37 | INFO: Data are loaded, start creating Blender stuff
16:27:37 | INFO: Blender create Mesh node soil-study-10m-editable
16:27:37 | INFO: glTF import finished in 0.00s
16:27:37 | INFO: Data are loaded, start creating Blender stuff
16:27:37 | INFO: Blender create Mesh node grass-study-10m-editable
16:27:37 | INFO: glTF import finished in 0.00s
16:27:37 | INFO: Data are loaded, start creating Blender stuff
16:27:37 | INFO: Blender create Mesh node sand-study-10m-editable
16:27:37 | INFO: glTF import finished in 0.00s
16:27:37 | INFO: Data are loaded, start creating Blender stuff
16:27:37 | INFO: Blender create Mesh node concrete-study-10m-editable
16:27:37 | INFO: glTF import finished in 0.00s
16:27:37 | INFO: Data are loaded, start creating Blender stuff
16:27:37 | INFO: Blender create Mesh node asphalt-study-10m-editable
16:27:37 | INFO: glTF import finished in 0.00s
16:27:37 | INFO: Data are loaded, start creating Blender stuff
16:27:37 | INFO: Blender create Mesh node street-brick-study-10m-editable
16:27:37 | INFO: glTF import finished in 0.00s
Fra:1 Mem:20.32M (Peak 20.32M) | Time:00:00.00 | Mem:0.00M, Peak:0.00M | Scene, ViewLayer | Synchronizing object | soil-study-10m
Fra:1 Mem:20.33M (Peak 20.33M) | Time:00:00.00 | Mem:0.00M, Peak:0.00M | Scene, ViewLayer | Synchronizing object | QA-label
Fra:1 Mem:20.38M (Peak 20.38M) | Time:00:00.00 | Mem:0.00M, Peak:0.00M | Scene, ViewLayer | Synchronizing object | grass-study-10m
Fra:1 Mem:20.38M (Peak 20.38M) | Time:00:00.00 | Mem:0.00M, Peak:0.00M | Scene, ViewLayer | Synchronizing object | QA-label.001
Fra:1 Mem:20.49M (Peak 20.49M) | Time:00:00.00 | Mem:0.00M, Peak:0.00M | Scene, ViewLayer | Synchronizing object | sand-study-10m
Fra:1 Mem:20.49M (Peak 20.49M) | Time:00:00.00 | Mem:0.00M, Peak:0.00M | Scene, ViewLayer | Synchronizing object | QA-label.002
Fra:1 Mem:20.57M (Peak 20.57M) | Time:00:00.00 | Mem:0.00M, Peak:0.00M | Scene, ViewLayer | Synchronizing object | concrete-study-10m
Fra:1 Mem:20.57M (Peak 20.57M) | Time:00:00.00 | Mem:0.00M, Peak:0.00M | Scene, ViewLayer | Synchronizing object | QA-label.003
Fra:1 Mem:20.67M (Peak 20.67M) | Time:00:00.00 | Mem:0.00M, Peak:0.00M | Scene, ViewLayer | Synchronizing object | asphalt-study-10m
Fra:1 Mem:20.67M (Peak 20.67M) | Time:00:00.00 | Mem:0.00M, Peak:0.00M | Scene, ViewLayer | Synchronizing object | QA-label.004
Fra:1 Mem:20.77M (Peak 20.77M) | Time:00:00.00 | Mem:0.00M, Peak:0.00M | Scene, ViewLayer | Synchronizing object | street-brick-study-10m
Fra:1 Mem:20.77M (Peak 20.77M) | Time:00:00.00 | Mem:0.00M, Peak:0.00M | Scene, ViewLayer | Synchronizing object | QA-label.005
Fra:1 Mem:20.89M (Peak 20.89M) | Time:00:00.00 | Mem:0.00M, Peak:0.00M | Scene, ViewLayer | Synchronizing object | QA-human-legs
Fra:1 Mem:20.89M (Peak 20.89M) | Time:00:00.00 | Mem:0.00M, Peak:0.00M | Scene, ViewLayer | Synchronizing object | QA-label.006
Fra:1 Mem:20.91M (Peak 20.91M) | Time:00:00.00 | Mem:0.00M, Peak:0.00M | Scene, ViewLayer | Synchronizing object | QA-human-torso
Fra:1 Mem:20.91M (Peak 20.91M) | Time:00:00.00 | Mem:0.00M, Peak:0.00M | Scene, ViewLayer | Synchronizing object | QA-human-head
Fra:1 Mem:20.93M (Peak 20.93M) | Time:00:00.00 | Mem:0.00M, Peak:0.00M | Scene, ViewLayer | Synchronizing object | QA-human-legs.001
Fra:1 Mem:20.93M (Peak 20.93M) | Time:00:00.00 | Mem:0.00M, Peak:0.00M | Scene, ViewLayer | Synchronizing object | QA-label.007
Fra:1 Mem:20.95M (Peak 20.95M) | Time:00:00.00 | Mem:0.00M, Peak:0.00M | Scene, ViewLayer | Synchronizing object | QA-human-torso.001
Fra:1 Mem:20.96M (Peak 20.96M) | Time:00:00.00 | Mem:0.00M, Peak:0.00M | Scene, ViewLayer | Synchronizing object | QA-human-head.001
Fra:1 Mem:20.98M (Peak 20.98M) | Time:00:00.00 | Mem:0.00M, Peak:0.00M | Scene, ViewLayer | Synchronizing object | QA-ruler
Fra:1 Mem:20.98M (Peak 20.98M) | Time:00:00.00 | Mem:0.00M, Peak:0.00M | Scene, ViewLayer | Synchronizing object | QA-ruler.001
Fra:1 Mem:20.99M (Peak 20.99M) | Time:00:00.00 | Mem:0.00M, Peak:0.00M | Scene, ViewLayer | Synchronizing object | QA-ruler.002
Fra:1 Mem:20.99M (Peak 20.99M) | Time:00:00.00 | Mem:0.00M, Peak:0.00M | Scene, ViewLayer | Synchronizing object | QA-ruler.003
Fra:1 Mem:20.99M (Peak 20.99M) | Time:00:00.00 | Mem:0.00M, Peak:0.00M | Scene, ViewLayer | Synchronizing object | QA-ruler.004
Fra:1 Mem:20.99M (Peak 20.99M) | Time:00:00.00 | Mem:0.00M, Peak:0.00M | Scene, ViewLayer | Synchronizing object | QA-label.008
Fra:1 Mem:21.00M (Peak 21.00M) | Time:00:00.00 | Mem:0.00M, Peak:0.00M | Scene, ViewLayer | Synchronizing object | QA-ruler.005
Fra:1 Mem:21.00M (Peak 21.00M) | Time:00:00.00 | Mem:0.00M, Peak:0.00M | Scene, ViewLayer | Synchronizing object | QA-ruler.006
Fra:1 Mem:21.00M (Peak 21.00M) | Time:00:00.00 | Mem:0.00M, Peak:0.00M | Scene, ViewLayer | Synchronizing object | QA-ruler.007
Fra:1 Mem:21.01M (Peak 21.01M) | Time:00:00.00 | Mem:0.00M, Peak:0.00M | Scene, ViewLayer | Synchronizing object | QA-ground
Fra:1 Mem:21.01M (Peak 21.01M) | Time:00:00.00 | Mem:0.00M, Peak:0.00M | Scene, ViewLayer | Synchronizing object | QA-ruler.008
Fra:1 Mem:21.01M (Peak 21.01M) | Time:00:00.00 | Mem:0.00M, Peak:0.00M | Scene, ViewLayer | Synchronizing object | QA-ruler.009
Fra:1 Mem:21.01M (Peak 21.01M) | Time:00:00.00 | Mem:0.00M, Peak:0.00M | Scene, ViewLayer | Initializing
Fra:1 Mem:19.43M (Peak 21.01M) | Time:00:00.00 | Mem:0.00M, Peak:0.00M | Scene, ViewLayer | Updating Images | Loading soil_basecolor
Fra:1 Mem:19.43M (Peak 21.01M) | Time:00:00.00 | Mem:0.00M, Peak:0.00M | Scene, ViewLayer | Updating Images | Loading street-brick-normal
Fra:1 Mem:20.66M (Peak 21.01M) | Time:00:00.00 | Mem:0.22M, Peak:0.22M | Scene, ViewLayer | Updating Images | Loading street-brick-orm
Fra:1 Mem:20.88M (Peak 21.01M) | Time:00:00.00 | Mem:0.44M, Peak:0.44M | Scene, ViewLayer | Updating Images | Loading street-brick-color
Fra:1 Mem:21.10M (Peak 21.10M) | Time:00:00.00 | Mem:0.66M, Peak:0.66M | Scene, ViewLayer | Updating Images | Loading asphalt-normal
Fra:1 Mem:21.32M (Peak 21.32M) | Time:00:00.00 | Mem:0.88M, Peak:0.88M | Scene, ViewLayer | Updating Images | Loading asphalt-orm
Fra:1 Mem:21.54M (Peak 21.54M) | Time:00:00.00 | Mem:1.10M, Peak:1.10M | Scene, ViewLayer | Updating Images | Loading asphalt-color
Fra:1 Mem:21.76M (Peak 22.77M) | Time:00:00.00 | Mem:2.10M, Peak:2.10M | Scene, ViewLayer | Updating Images | Loading soil_orm
Fra:1 Mem:22.76M (Peak 22.77M) | Time:00:00.01 | Mem:2.32M, Peak:2.32M | Scene, ViewLayer | Updating Images | Loading concrete-normal
Fra:1 Mem:22.98M (Peak 22.98M) | Time:00:00.01 | Mem:2.54M, Peak:2.54M | Scene, ViewLayer | Updating Images | Loading concrete-orm
Fra:1 Mem:23.20M (Peak 23.20M) | Time:00:00.01 | Mem:2.76M, Peak:2.76M | Scene, ViewLayer | Updating Images | Loading concrete-color
Fra:1 Mem:25.43M (Peak 25.43M) | Time:00:00.01 | Mem:2.98M, Peak:2.98M | Scene, ViewLayer | Updating Images | Loading sand-normal
Fra:1 Mem:24.42M (Peak 26.43M) | Time:00:00.01 | Mem:3.98M, Peak:3.98M | Scene, ViewLayer | Updating Images | Loading soil_normal
Fra:1 Mem:25.42M (Peak 26.43M) | Time:00:00.01 | Mem:4.98M, Peak:4.98M | Scene, ViewLayer | Updating Images | Loading sand-orm
Fra:1 Mem:26.42M (Peak 27.43M) | Time:00:00.01 | Mem:5.98M, Peak:5.98M | Scene, ViewLayer | Updating Images | Loading sand-color
Fra:1 Mem:29.43M (Peak 31.44M) | Time:00:00.02 | Mem:6.98M, Peak:6.98M | Scene, ViewLayer | Updating Images | Loading grass_normal
Fra:1 Mem:28.42M (Peak 31.44M) | Time:00:00.02 | Mem:7.98M, Peak:7.98M | Scene, ViewLayer | Updating Images | Loading grass_basecolor
Fra:1 Mem:29.42M (Peak 31.44M) | Time:00:00.02 | Mem:8.98M, Peak:8.98M | Scene, ViewLayer | Updating Images | Loading grass_orm
Fra:1 Mem:28.88M (Peak 31.44M) | Time:00:00.02 | Mem:10.98M, Peak:10.98M | Scene, ViewLayer | Waiting for render to start
Fra:1 Mem:28.88M (Peak 31.44M) | Time:00:00.02 | Mem:10.98M, Peak:10.98M | Scene, ViewLayer | Loading render kernels (may take a few minutes the first time)
Fra:1 Mem:28.88M (Peak 31.44M) | Time:00:00.02 | Mem:10.98M, Peak:10.98M | Scene, ViewLayer | Updating Scene
Fra:1 Mem:28.88M (Peak 31.44M) | Time:00:00.02 | Mem:10.98M, Peak:10.98M | Scene, ViewLayer | Updating Shaders
Fra:1 Mem:28.97M (Peak 31.44M) | Time:00:00.03 | Mem:10.99M, Peak:10.99M | Scene, ViewLayer | Updating Procedurals
Fra:1 Mem:28.97M (Peak 31.44M) | Time:00:00.03 | Mem:10.99M, Peak:10.99M | Scene, ViewLayer | Updating Background
Fra:1 Mem:28.97M (Peak 31.44M) | Time:00:00.03 | Mem:10.99M, Peak:10.99M | Scene, ViewLayer | Updating Camera
Fra:1 Mem:28.97M (Peak 31.44M) | Time:00:00.03 | Mem:10.99M, Peak:10.99M | Scene, ViewLayer | Updating Meshes Flags
Fra:1 Mem:28.97M (Peak 31.44M) | Time:00:00.03 | Mem:10.99M, Peak:10.99M | Scene, ViewLayer | Updating Objects
Fra:1 Mem:28.97M (Peak 31.44M) | Time:00:00.03 | Mem:10.99M, Peak:10.99M | Scene, ViewLayer | Updating Objects | Copying Transformations to device
Fra:1 Mem:28.97M (Peak 31.44M) | Time:00:00.03 | Mem:10.99M, Peak:10.99M | Scene, ViewLayer | Updating Objects | Applying Static Transformations
Fra:1 Mem:28.97M (Peak 31.44M) | Time:00:00.03 | Mem:10.99M, Peak:10.99M | Scene, ViewLayer | Updating Particle Systems
Fra:1 Mem:28.97M (Peak 31.44M) | Time:00:00.03 | Mem:10.99M, Peak:10.99M | Scene, ViewLayer | Updating Particle Systems | Copying Particles to device
Fra:1 Mem:28.97M (Peak 31.44M) | Time:00:00.03 | Mem:10.99M, Peak:10.99M | Scene, ViewLayer | Updating Meshes
Fra:1 Mem:29.07M (Peak 31.44M) | Time:00:00.03 | Mem:10.99M, Peak:10.99M | Scene, ViewLayer | Updating Mesh | Computing attributes
Fra:1 Mem:29.14M (Peak 31.44M) | Time:00:00.03 | Mem:11.00M, Peak:11.00M | Scene, ViewLayer | Updating Mesh | Copying Attributes to device
Fra:1 Mem:29.14M (Peak 31.44M) | Time:00:00.03 | Mem:11.06M, Peak:11.06M | Scene, ViewLayer | Updating Scene BVH | Building
Fra:1 Mem:29.14M (Peak 31.44M) | Time:00:00.03 | Mem:11.06M, Peak:11.06M | Scene, ViewLayer | Updating Scene BVH | Building BVH
Fra:1 Mem:29.14M (Peak 31.44M) | Time:00:00.03 | Mem:11.24M, Peak:11.24M | Scene, ViewLayer | Updating Scene BVH | Building BVH 0%
Fra:1 Mem:29.14M (Peak 31.44M) | Time:00:00.03 | Mem:11.48M, Peak:11.66M | Scene, ViewLayer | Updating Scene BVH | Copying BVH to device
Fra:1 Mem:29.14M (Peak 31.44M) | Time:00:00.03 | Mem:11.48M, Peak:11.66M | Scene, ViewLayer | Updating Mesh | Computing normals
Fra:1 Mem:29.43M (Peak 31.44M) | Time:00:00.03 | Mem:11.48M, Peak:11.66M | Scene, ViewLayer | Updating Mesh | Copying Mesh to device
Fra:1 Mem:29.43M (Peak 31.44M) | Time:00:00.03 | Mem:11.78M, Peak:11.78M | Scene, ViewLayer | Updating Objects Flags
Fra:1 Mem:29.43M (Peak 31.44M) | Time:00:00.03 | Mem:11.78M, Peak:11.78M | Scene, ViewLayer | Updating Primitive Offsets
Fra:1 Mem:29.43M (Peak 31.44M) | Time:00:00.03 | Mem:11.78M, Peak:11.78M | Scene, ViewLayer | Updating Images
Fra:1 Mem:29.43M (Peak 31.44M) | Time:00:00.03 | Mem:11.78M, Peak:11.78M | Scene, ViewLayer | Updating Camera Volume
Fra:1 Mem:29.43M (Peak 31.44M) | Time:00:00.03 | Mem:11.78M, Peak:11.78M | Scene, ViewLayer | Updating Lookup Tables
Fra:1 Mem:29.43M (Peak 31.44M) | Time:00:00.03 | Mem:11.86M, Peak:11.86M | Scene, ViewLayer | Updating Lights
Fra:1 Mem:29.43M (Peak 31.44M) | Time:00:00.03 | Mem:11.86M, Peak:11.86M | Scene, ViewLayer | Updating Lights | Computing tree
Fra:1 Mem:29.43M (Peak 31.44M) | Time:00:00.03 | Mem:11.86M, Peak:11.86M | Scene, ViewLayer | Updating Integrator
Fra:1 Mem:29.43M (Peak 31.44M) | Time:00:00.03 | Mem:11.86M, Peak:11.86M | Scene, ViewLayer | Updating Film
Fra:1 Mem:29.43M (Peak 31.44M) | Time:00:00.03 | Mem:11.78M, Peak:11.86M | Scene, ViewLayer | Updating Lookup Tables
Fra:1 Mem:29.43M (Peak 31.44M) | Time:00:00.03 | Mem:11.86M, Peak:11.86M | Scene, ViewLayer | Updating Baking
Fra:1 Mem:29.43M (Peak 31.44M) | Time:00:00.03 | Mem:11.86M, Peak:11.86M | Scene, ViewLayer | Updating Device | Writing constant memory
Fra:1 Mem:29.44M (Peak 31.44M) | Time:00:00.03 | Mem:11.86M, Peak:11.86M | Scene, ViewLayer | Sample 0/16
Fra:1 Mem:41.31M (Peak 41.31M) | Time:00:00.23 | Remaining:00:02.96 | Mem:23.74M, Peak:23.74M | Scene, ViewLayer | Sample 1/16
Fra:1 Mem:46.58M (Peak 57.13M) | Time:00:02.85 | Mem:23.74M, Peak:23.74M | Scene, ViewLayer | Sample 16/16
Fra:1 Mem:46.58M (Peak 57.13M) | Time:00:02.85 | Mem:23.74M, Peak:23.74M | Scene, ViewLayer | Finished
Saved: '/workspace/scratch/7c20b5ba4165/atlas-backlog-oct3/tools/assets/ground-planting-details/qa/previews/surface-10-oblique-clear.png'
Time: 00:02.92 (Saving: 00:00.06)

Fra:1 Mem:20.34M (Peak 20.34M) | Time:00:00.00 | Mem:0.00M, Peak:0.00M | Scene, ViewLayer | Synchronizing object | soil-study-10m
Fra:1 Mem:20.34M (Peak 20.34M) | Time:00:00.00 | Mem:0.00M, Peak:0.00M | Scene, ViewLayer | Synchronizing object | QA-label
Fra:1 Mem:20.40M (Peak 20.40M) | Time:00:00.00 | Mem:0.00M, Peak:0.00M | Scene, ViewLayer | Synchronizing object | grass-study-10m
Fra:1 Mem:20.40M (Peak 20.40M) | Time:00:00.00 | Mem:0.00M, Peak:0.00M | Scene, ViewLayer | Synchronizing object | QA-label.001
Fra:1 Mem:20.51M (Peak 20.51M) | Time:00:00.00 | Mem:0.00M, Peak:0.00M | Scene, ViewLayer | Synchronizing object | sand-study-10m
Fra:1 Mem:20.51M (Peak 20.51M) | Time:00:00.00 | Mem:0.00M, Peak:0.00M | Scene, ViewLayer | Synchronizing object | QA-label.002
Fra:1 Mem:20.58M (Peak 20.58M) | Time:00:00.00 | Mem:0.00M, Peak:0.00M | Scene, ViewLayer | Synchronizing object | concrete-study-10m
Fra:1 Mem:20.59M (Peak 20.59M) | Time:00:00.00 | Mem:0.00M, Peak:0.00M | Scene, ViewLayer | Synchronizing object | QA-label.003
Fra:1 Mem:20.68M (Peak 20.68M) | Time:00:00.00 | Mem:0.00M, Peak:0.00M | Scene, ViewLayer | Synchronizing object | asphalt-study-10m
Fra:1 Mem:20.69M (Peak 20.69M) | Time:00:00.00 | Mem:0.00M, Peak:0.00M | Scene, ViewLayer | Synchronizing object | QA-label.004
Fra:1 Mem:20.79M (Peak 20.79M) | Time:00:00.00 | Mem:0.00M, Peak:0.00M | Scene, ViewLayer | Synchronizing object | street-brick-study-10m
Fra:1 Mem:20.79M (Peak 20.79M) | Time:00:00.00 | Mem:0.00M, Peak:0.00M | Scene, ViewLayer | Synchronizing object | QA-label.005
Fra:1 Mem:20.91M (Peak 20.91M) | Time:00:00.00 | Mem:0.00M, Peak:0.00M | Scene, ViewLayer | Synchronizing object | QA-human-legs
Fra:1 Mem:20.91M (Peak 20.91M) | Time:00:00.00 | Mem:0.00M, Peak:0.00M | Scene, ViewLayer | Synchronizing object | QA-human-torso
Fra:1 Mem:20.91M (Peak 20.91M) | Time:00:00.00 | Mem:0.00M, Peak:0.00M | Scene, ViewLayer | Synchronizing object | QA-label.006
Fra:1 Mem:20.92M (Peak 20.92M) | Time:00:00.00 | Mem:0.00M, Peak:0.00M | Scene, ViewLayer | Synchronizing object | QA-human-head
Fra:1 Mem:20.94M (Peak 20.94M) | Time:00:00.00 | Mem:0.00M, Peak:0.00M | Scene, ViewLayer | Synchronizing object | QA-human-legs.001
Fra:1 Mem:20.94M (Peak 20.94M) | Time:00:00.00 | Mem:0.00M, Peak:0.00M | Scene, ViewLayer | Synchronizing object | QA-human-torso.001
Fra:1 Mem:20.94M (Peak 20.94M) | Time:00:00.00 | Mem:0.00M, Peak:0.00M | Scene, ViewLayer | Synchronizing object | QA-human-head.001
Fra:1 Mem:20.95M (Peak 20.95M) | Time:00:00.00 | Mem:0.00M, Peak:0.00M | Scene, ViewLayer | Synchronizing object | QA-label.007
Fra:1 Mem:20.99M (Peak 20.99M) | Time:00:00.00 | Mem:0.00M, Peak:0.00M | Scene, ViewLayer | Synchronizing object | QA-ruler
Fra:1 Mem:20.99M (Peak 20.99M) | Time:00:00.00 | Mem:0.00M, Peak:0.00M | Scene, ViewLayer | Synchronizing object | QA-ruler.001
Fra:1 Mem:20.99M (Peak 20.99M) | Time:00:00.00 | Mem:0.00M, Peak:0.00M | Scene, ViewLayer | Synchronizing object | QA-ruler.002
Fra:1 Mem:20.99M (Peak 20.99M) | Time:00:00.00 | Mem:0.00M, Peak:0.00M | Scene, ViewLayer | Synchronizing object | QA-ruler.003
Fra:1 Mem:20.99M (Peak 20.99M) | Time:00:00.00 | Mem:0.00M, Peak:0.00M | Scene, ViewLayer | Synchronizing object | QA-ruler.004
Fra:1 Mem:20.99M (Peak 20.99M) | Time:00:00.00 | Mem:0.00M, Peak:0.00M | Scene, ViewLayer | Synchronizing object | QA-ruler.005
Fra:1 Mem:20.99M (Peak 20.99M) | Time:00:00.00 | Mem:0.00M, Peak:0.00M | Scene, ViewLayer | Synchronizing object | QA-ruler.006
Fra:1 Mem:20.99M (Peak 20.99M) | Time:00:00.00 | Mem:0.00M, Peak:0.00M | Scene, ViewLayer | Synchronizing object | QA-ruler.007
Fra:1 Mem:21.00M (Peak 21.00M) | Time:00:00.00 | Mem:0.00M, Peak:0.00M | Scene, ViewLayer | Synchronizing object | QA-label.008
Fra:1 Mem:21.00M (Peak 21.00M) | Time:00:00.00 | Mem:0.00M, Peak:0.00M | Scene, ViewLayer | Synchronizing object | QA-ruler.008
Fra:1 Mem:21.00M (Peak 21.00M) | Time:00:00.00 | Mem:0.00M, Peak:0.00M | Scene, ViewLayer | Synchronizing object | QA-ruler.009
Fra:1 Mem:21.01M (Peak 21.01M) | Time:00:00.00 | Mem:0.00M, Peak:0.00M | Scene, ViewLayer | Synchronizing object | QA-ground
Fra:1 Mem:21.01M (Peak 21.01M) | Time:00:00.00 | Mem:0.00M, Peak:0.00M | Scene, ViewLayer | Initializing
Fra:1 Mem:19.43M (Peak 21.01M) | Time:00:00.00 | Mem:0.00M, Peak:0.00M | Scene, ViewLayer | Updating Images | Loading soil_basecolor
Fra:1 Mem:19.43M (Peak 21.01M) | Time:00:00.00 | Mem:0.00M, Peak:0.00M | Scene, ViewLayer | Updating Images | Loading street-brick-normal
Fra:1 Mem:20.66M (Peak 21.01M) | Time:00:00.01 | Mem:0.22M, Peak:0.22M | Scene, ViewLayer | Updating Images | Loading street-brick-orm
Fra:1 Mem:20.88M (Peak 21.01M) | Time:00:00.01 | Mem:0.44M, Peak:0.44M | Scene, ViewLayer | Updating Images | Loading street-brick-color
Fra:1 Mem:21.10M (Peak 21.10M) | Time:00:00.01 | Mem:0.66M, Peak:0.66M | Scene, ViewLayer | Updating Images | Loading asphalt-normal
Fra:1 Mem:21.32M (Peak 21.32M) | Time:00:00.01 | Mem:0.88M, Peak:0.88M | Scene, ViewLayer | Updating Images | Loading asphalt-orm
Fra:1 Mem:21.77M (Peak 22.55M) | Time:00:00.01 | Mem:1.88M, Peak:1.88M | Scene, ViewLayer | Updating Images | Loading soil_orm
Fra:1 Mem:22.54M (Peak 22.99M) | Time:00:00.01 | Mem:2.10M, Peak:2.10M | Scene, ViewLayer | Updating Images | Loading asphalt-color
Fra:1 Mem:22.76M (Peak 22.99M) | Time:00:00.01 | Mem:2.32M, Peak:2.32M | Scene, ViewLayer | Updating Images | Loading concrete-normal
Fra:1 Mem:22.98M (Peak 22.99M) | Time:00:00.01 | Mem:2.54M, Peak:2.54M | Scene, ViewLayer | Updating Images | Loading concrete-orm
Fra:1 Mem:23.20M (Peak 23.99M) | Time:00:00.01 | Mem:3.54M, Peak:3.54M | Scene, ViewLayer | Updating Images | Loading soil_normal
Fra:1 Mem:24.20M (Peak 24.20M) | Time:00:00.01 | Mem:3.76M, Peak:3.76M | Scene, ViewLayer | Updating Images | Loading concrete-color
Fra:1 Mem:24.42M (Peak 24.42M) | Time:00:00.01 | Mem:3.98M, Peak:3.98M | Scene, ViewLayer | Updating Images | Loading sand-normal
Fra:1 Mem:25.42M (Peak 26.43M) | Time:00:00.02 | Mem:4.98M, Peak:4.98M | Scene, ViewLayer | Updating Images | Loading sand-orm
Fra:1 Mem:26.42M (Peak 27.43M) | Time:00:00.02 | Mem:5.98M, Peak:5.98M | Scene, ViewLayer | Updating Images | Loading grass_basecolor
Fra:1 Mem:27.42M (Peak 28.43M) | Time:00:00.02 | Mem:6.98M, Peak:6.98M | Scene, ViewLayer | Updating Images | Loading sand-color
Fra:1 Mem:30.43M (Peak 31.44M) | Time:00:00.02 | Mem:7.98M, Peak:7.98M | Scene, ViewLayer | Updating Images | Loading grass_normal
Fra:1 Mem:29.42M (Peak 31.44M) | Time:00:00.02 | Mem:8.98M, Peak:8.98M | Scene, ViewLayer | Updating Images | Loading grass_orm
Fra:1 Mem:28.88M (Peak 31.44M) | Time:00:00.03 | Mem:10.98M, Peak:10.98M | Scene, ViewLayer | Waiting for render to start
Fra:1 Mem:28.88M (Peak 31.44M) | Time:00:00.03 | Mem:10.98M, Peak:10.98M | Scene, ViewLayer | Loading render kernels (may take a few minutes the first time)
Fra:1 Mem:28.88M (Peak 31.44M) | Time:00:00.03 | Mem:10.98M, Peak:10.98M | Scene, ViewLayer | Updating Scene
Fra:1 Mem:28.88M (Peak 31.44M) | Time:00:00.03 | Mem:10.98M, Peak:10.98M | Scene, ViewLayer | Updating Shaders
Fra:1 Mem:28.97M (Peak 31.44M) | Time:00:00.03 | Mem:10.99M, Peak:10.99M | Scene, ViewLayer | Updating Procedurals
Fra:1 Mem:28.97M (Peak 31.44M) | Time:00:00.03 | Mem:10.99M, Peak:10.99M | Scene, ViewLayer | Updating Background
Fra:1 Mem:28.97M (Peak 31.44M) | Time:00:00.03 | Mem:10.99M, Peak:10.99M | Scene, ViewLayer | Updating Camera
Fra:1 Mem:28.97M (Peak 31.44M) | Time:00:00.03 | Mem:10.99M, Peak:10.99M | Scene, ViewLayer | Updating Meshes Flags
Fra:1 Mem:28.97M (Peak 31.44M) | Time:00:00.03 | Mem:10.99M, Peak:10.99M | Scene, ViewLayer | Updating Objects
Fra:1 Mem:28.97M (Peak 31.44M) | Time:00:00.03 | Mem:10.99M, Peak:10.99M | Scene, ViewLayer | Updating Objects | Copying Transformations to device
Fra:1 Mem:28.98M (Peak 31.44M) | Time:00:00.03 | Mem:10.99M, Peak:10.99M | Scene, ViewLayer | Updating Objects | Applying Static Transformations
Fra:1 Mem:28.98M (Peak 31.44M) | Time:00:00.03 | Mem:10.99M, Peak:10.99M | Scene, ViewLayer | Updating Particle Systems
Fra:1 Mem:28.98M (Peak 31.44M) | Time:00:00.03 | Mem:10.99M, Peak:10.99M | Scene, ViewLayer | Updating Particle Systems | Copying Particles to device
Fra:1 Mem:28.98M (Peak 31.44M) | Time:00:00.03 | Mem:10.99M, Peak:10.99M | Scene, ViewLayer | Updating Meshes
Fra:1 Mem:29.07M (Peak 31.44M) | Time:00:00.03 | Mem:10.99M, Peak:10.99M | Scene, ViewLayer | Updating Mesh | Computing attributes
Fra:1 Mem:29.14M (Peak 31.44M) | Time:00:00.03 | Mem:11.00M, Peak:11.00M | Scene, ViewLayer | Updating Mesh | Copying Attributes to device
Fra:1 Mem:29.14M (Peak 31.44M) | Time:00:00.03 | Mem:11.06M, Peak:11.06M | Scene, ViewLayer | Updating Scene BVH | Building
Fra:1 Mem:29.14M (Peak 31.44M) | Time:00:00.03 | Mem:11.06M, Peak:11.06M | Scene, ViewLayer | Updating Scene BVH | Building BVH
Fra:1 Mem:29.14M (Peak 31.44M) | Time:00:00.03 | Mem:11.24M, Peak:11.24M | Scene, ViewLayer | Updating Scene BVH | Building BVH 0%
Fra:1 Mem:29.14M (Peak 31.44M) | Time:00:00.03 | Mem:11.48M, Peak:11.66M | Scene, ViewLayer | Updating Scene BVH | Copying BVH to device
Fra:1 Mem:29.14M (Peak 31.44M) | Time:00:00.03 | Mem:11.48M, Peak:11.66M | Scene, ViewLayer | Updating Mesh | Computing normals
Fra:1 Mem:29.43M (Peak 31.44M) | Time:00:00.03 | Mem:11.48M, Peak:11.66M | Scene, ViewLayer | Updating Mesh | Copying Mesh to device
Fra:1 Mem:29.43M (Peak 31.44M) | Time:00:00.03 | Mem:11.78M, Peak:11.78M | Scene, ViewLayer | Updating Objects Flags
Fra:1 Mem:29.43M (Peak 31.44M) | Time:00:00.03 | Mem:11.78M, Peak:11.78M | Scene, ViewLayer | Updating Primitive Offsets
Fra:1 Mem:29.43M (Peak 31.44M) | Time:00:00.03 | Mem:11.78M, Peak:11.78M | Scene, ViewLayer | Updating Images
Fra:1 Mem:29.43M (Peak 31.44M) | Time:00:00.03 | Mem:11.78M, Peak:11.78M | Scene, ViewLayer | Updating Camera Volume
Fra:1 Mem:29.43M (Peak 31.44M) | Time:00:00.03 | Mem:11.78M, Peak:11.78M | Scene, ViewLayer | Updating Lookup Tables
Fra:1 Mem:29.43M (Peak 31.44M) | Time:00:00.03 | Mem:11.86M, Peak:11.86M | Scene, ViewLayer | Updating Lights
Fra:1 Mem:29.43M (Peak 31.44M) | Time:00:00.03 | Mem:11.86M, Peak:11.86M | Scene, ViewLayer | Updating Lights | Computing tree
Fra:1 Mem:29.43M (Peak 31.44M) | Time:00:00.03 | Mem:11.86M, Peak:11.86M | Scene, ViewLayer | Updating Integrator
Fra:1 Mem:29.43M (Peak 31.44M) | Time:00:00.03 | Mem:11.86M, Peak:11.86M | Scene, ViewLayer | Updating Film
Fra:1 Mem:29.44M (Peak 31.44M) | Time:00:00.03 | Mem:11.78M, Peak:11.86M | Scene, ViewLayer | Updating Lookup Tables
Fra:1 Mem:29.44M (Peak 31.44M) | Time:00:00.03 | Mem:11.86M, Peak:11.86M | Scene, ViewLayer | Updating Baking
Fra:1 Mem:29.44M (Peak 31.44M) | Time:00:00.03 | Mem:11.86M, Peak:11.86M | Scene, ViewLayer | Updating Device | Writing constant memory
Fra:1 Mem:29.44M (Peak 31.44M) | Time:00:00.03 | Mem:11.86M, Peak:11.86M | Scene, ViewLayer | Sample 0/16
Fra:1 Mem:41.31M (Peak 41.31M) | Time:00:00.25 | Remaining:00:03.16 | Mem:23.74M, Peak:23.74M | Scene, ViewLayer | Sample 1/16
Fra:1 Mem:46.58M (Peak 57.13M) | Time:00:02.83 | Mem:23.74M, Peak:23.74M | Scene, ViewLayer | Sample 16/16
Fra:1 Mem:46.58M (Peak 57.13M) | Time:00:02.83 | Mem:23.74M, Peak:23.74M | Scene, ViewLayer | Finished
Saved: '/workspace/scratch/7c20b5ba4165/atlas-backlog-oct3/tools/assets/ground-planting-details/qa/previews/surface-10-oblique-overcast.png'
Time: 00:02.89 (Saving: 00:00.05)

Fra:1 Mem:20.34M (Peak 20.34M) | Time:00:00.00 | Mem:0.00M, Peak:0.00M | Scene, ViewLayer | Synchronizing object | soil-study-10m
Fra:1 Mem:20.34M (Peak 20.34M) | Time:00:00.00 | Mem:0.00M, Peak:0.00M | Scene, ViewLayer | Synchronizing object | QA-label
Fra:1 Mem:20.40M (Peak 20.40M) | Time:00:00.00 | Mem:0.00M, Peak:0.00M | Scene, ViewLayer | Synchronizing object | grass-study-10m
Fra:1 Mem:20.40M (Peak 20.40M) | Time:00:00.00 | Mem:0.00M, Peak:0.00M | Scene, ViewLayer | Synchronizing object | QA-label.001
Fra:1 Mem:20.51M (Peak 20.51M) | Time:00:00.00 | Mem:0.00M, Peak:0.00M | Scene, ViewLayer | Synchronizing object | sand-study-10m
Fra:1 Mem:20.51M (Peak 20.51M) | Time:00:00.00 | Mem:0.00M, Peak:0.00M | Scene, ViewLayer | Synchronizing object | QA-label.002
Fra:1 Mem:20.58M (Peak 20.58M) | Time:00:00.00 | Mem:0.00M, Peak:0.00M | Scene, ViewLayer | Synchronizing object | concrete-study-10m
Fra:1 Mem:20.59M (Peak 20.59M) | Time:00:00.00 | Mem:0.00M, Peak:0.00M | Scene, ViewLayer | Synchronizing object | QA-label.003
Fra:1 Mem:20.68M (Peak 20.68M) | Time:00:00.00 | Mem:0.00M, Peak:0.00M | Scene, ViewLayer | Synchronizing object | asphalt-study-10m
Fra:1 Mem:20.69M (Peak 20.69M) | Time:00:00.00 | Mem:0.00M, Peak:0.00M | Scene, ViewLayer | Synchronizing object | QA-label.004
Fra:1 Mem:20.79M (Peak 20.79M) | Time:00:00.00 | Mem:0.00M, Peak:0.00M | Scene, ViewLayer | Synchronizing object | street-brick-study-10m
Fra:1 Mem:20.79M (Peak 20.79M) | Time:00:00.00 | Mem:0.00M, Peak:0.00M | Scene, ViewLayer | Synchronizing object | QA-label.005
Fra:1 Mem:20.91M (Peak 20.91M) | Time:00:00.00 | Mem:0.00M, Peak:0.00M | Scene, ViewLayer | Synchronizing object | QA-human-legs
Fra:1 Mem:20.91M (Peak 20.91M) | Time:00:00.00 | Mem:0.00M, Peak:0.00M | Scene, ViewLayer | Synchronizing object | QA-human-torso
Fra:1 Mem:20.91M (Peak 20.91M) | Time:00:00.00 | Mem:0.00M, Peak:0.00M | Scene, ViewLayer | Synchronizing object | QA-label.006
Fra:1 Mem:20.91M (Peak 20.91M) | Time:00:00.00 | Mem:0.00M, Peak:0.00M | Scene, ViewLayer | Synchronizing object | QA-human-head
Fra:1 Mem:20.94M (Peak 20.94M) | Time:00:00.00 | Mem:0.00M, Peak:0.00M | Scene, ViewLayer | Synchronizing object | QA-human-legs.001
Fra:1 Mem:20.94M (Peak 20.94M) | Time:00:00.00 | Mem:0.00M, Peak:0.00M | Scene, ViewLayer | Synchronizing object | QA-human-torso.001
Fra:1 Mem:20.94M (Peak 20.94M) | Time:00:00.00 | Mem:0.00M, Peak:0.00M | Scene, ViewLayer | Synchronizing object | QA-label.007
Fra:1 Mem:20.97M (Peak 20.97M) | Time:00:00.00 | Mem:0.00M, Peak:0.00M | Scene, ViewLayer | Synchronizing object | QA-human-head.001
Fra:1 Mem:20.99M (Peak 20.99M) | Time:00:00.00 | Mem:0.00M, Peak:0.00M | Scene, ViewLayer | Synchronizing object | QA-ruler
Fra:1 Mem:20.99M (Peak 20.99M) | Time:00:00.00 | Mem:0.00M, Peak:0.00M | Scene, ViewLayer | Synchronizing object | QA-ruler.001
Fra:1 Mem:20.99M (Peak 20.99M) | Time:00:00.00 | Mem:0.00M, Peak:0.00M | Scene, ViewLayer | Synchronizing object | QA-ruler.002
Fra:1 Mem:20.99M (Peak 20.99M) | Time:00:00.00 | Mem:0.00M, Peak:0.00M | Scene, ViewLayer | Synchronizing object | QA-ruler.003
Fra:1 Mem:20.99M (Peak 20.99M) | Time:00:00.00 | Mem:0.00M, Peak:0.00M | Scene, ViewLayer | Synchronizing object | QA-ruler.004
Fra:1 Mem:20.99M (Peak 20.99M) | Time:00:00.00 | Mem:0.00M, Peak:0.00M | Scene, ViewLayer | Synchronizing object | QA-ruler.005
Fra:1 Mem:20.99M (Peak 20.99M) | Time:00:00.00 | Mem:0.00M, Peak:0.00M | Scene, ViewLayer | Synchronizing object | QA-ruler.006
Fra:1 Mem:21.00M (Peak 21.00M) | Time:00:00.00 | Mem:0.00M, Peak:0.00M | Scene, ViewLayer | Synchronizing object | QA-ruler.007
Fra:1 Mem:21.00M (Peak 21.00M) | Time:00:00.00 | Mem:0.00M, Peak:0.00M | Scene, ViewLayer | Synchronizing object | QA-label.008
Fra:1 Mem:21.00M (Peak 21.00M) | Time:00:00.00 | Mem:0.00M, Peak:0.00M | Scene, ViewLayer | Synchronizing object | QA-ruler.008
Fra:1 Mem:21.01M (Peak 21.01M) | Time:00:00.00 | Mem:0.00M, Peak:0.00M | Scene, ViewLayer | Synchronizing object | QA-ruler.009
Fra:1 Mem:21.01M (Peak 21.01M) | Time:00:00.00 | Mem:0.00M, Peak:0.00M | Scene, ViewLayer | Synchronizing object | QA-ground
Fra:1 Mem:21.01M (Peak 21.01M) | Time:00:00.00 | Mem:0.00M, Peak:0.00M | Scene, ViewLayer | Initializing
Fra:1 Mem:19.43M (Peak 21.01M) | Time:00:00.00 | Mem:0.00M, Peak:0.00M | Scene, ViewLayer | Updating Images | Loading soil_basecolor
Fra:1 Mem:19.43M (Peak 21.01M) | Time:00:00.00 | Mem:0.00M, Peak:0.00M | Scene, ViewLayer | Updating Images | Loading street-brick-normal
Fra:1 Mem:20.66M (Peak 21.01M) | Time:00:00.00 | Mem:0.22M, Peak:0.22M | Scene, ViewLayer | Updating Images | Loading street-brick-orm
Fra:1 Mem:20.88M (Peak 21.01M) | Time:00:00.00 | Mem:0.44M, Peak:0.44M | Scene, ViewLayer | Updating Images | Loading street-brick-color
Fra:1 Mem:21.10M (Peak 21.10M) | Time:00:00.00 | Mem:0.66M, Peak:0.66M | Scene, ViewLayer | Updating Images | Loading asphalt-normal
Fra:1 Mem:21.32M (Peak 21.32M) | Time:00:00.00 | Mem:0.88M, Peak:0.88M | Scene, ViewLayer | Updating Images | Loading asphalt-orm
Fra:1 Mem:21.54M (Peak 21.54M) | Time:00:00.00 | Mem:1.10M, Peak:1.10M | Scene, ViewLayer | Updating Images | Loading asphalt-color
Fra:1 Mem:21.76M (Peak 22.77M) | Time:00:00.00 | Mem:2.10M, Peak:2.10M | Scene, ViewLayer | Updating Images | Loading soil_orm
Fra:1 Mem:22.76M (Peak 22.77M) | Time:00:00.00 | Mem:2.32M, Peak:2.32M | Scene, ViewLayer | Updating Images | Loading concrete-normal
Fra:1 Mem:22.98M (Peak 22.98M) | Time:00:00.01 | Mem:2.54M, Peak:2.54M | Scene, ViewLayer | Updating Images | Loading concrete-orm
Fra:1 Mem:23.20M (Peak 23.20M) | Time:00:00.01 | Mem:2.76M, Peak:2.76M | Scene, ViewLayer | Updating Images | Loading concrete-color
Fra:1 Mem:23.42M (Peak 23.42M) | Time:00:00.01 | Mem:2.98M, Peak:2.98M | Scene, ViewLayer | Updating Images | Loading sand-normal
Fra:1 Mem:24.42M (Peak 25.43M) | Time:00:00.01 | Mem:3.98M, Peak:3.98M | Scene, ViewLayer | Updating Images | Loading soil_normal
Fra:1 Mem:25.42M (Peak 26.43M) | Time:00:00.01 | Mem:4.98M, Peak:4.98M | Scene, ViewLayer | Updating Images | Loading sand-orm
Fra:1 Mem:28.43M (Peak 30.44M) | Time:00:00.01 | Mem:5.98M, Peak:5.98M | Scene, ViewLayer | Updating Images | Loading grass_basecolor
Fra:1 Mem:27.42M (Peak 30.44M) | Time:00:00.01 | Mem:6.98M, Peak:6.98M | Scene, ViewLayer | Updating Images | Loading sand-color
Fra:1 Mem:28.42M (Peak 30.44M) | Time:00:00.02 | Mem:7.98M, Peak:7.98M | Scene, ViewLayer | Updating Images | Loading grass_normal
Fra:1 Mem:29.42M (Peak 30.44M) | Time:00:00.02 | Mem:8.98M, Peak:8.98M | Scene, ViewLayer | Updating Images | Loading grass_orm
Fra:1 Mem:28.88M (Peak 31.43M) | Time:00:00.02 | Mem:10.98M, Peak:10.98M | Scene, ViewLayer | Waiting for render to start
Fra:1 Mem:28.88M (Peak 31.43M) | Time:00:00.02 | Mem:10.98M, Peak:10.98M | Scene, ViewLayer | Loading render kernels (may take a few minutes the first time)
Fra:1 Mem:28.88M (Peak 31.43M) | Time:00:00.02 | Mem:10.98M, Peak:10.98M | Scene, ViewLayer | Updating Scene
Fra:1 Mem:28.88M (Peak 31.43M) | Time:00:00.02 | Mem:10.98M, Peak:10.98M | Scene, ViewLayer | Updating Shaders
Fra:1 Mem:28.97M (Peak 31.43M) | Time:00:00.02 | Mem:10.99M, Peak:10.99M | Scene, ViewLayer | Updating Procedurals
Fra:1 Mem:28.97M (Peak 31.43M) | Time:00:00.02 | Mem:10.99M, Peak:10.99M | Scene, ViewLayer | Updating Background
Fra:1 Mem:28.97M (Peak 31.43M) | Time:00:00.02 | Mem:10.99M, Peak:10.99M | Scene, ViewLayer | Updating Camera
Fra:1 Mem:28.97M (Peak 31.43M) | Time:00:00.02 | Mem:10.99M, Peak:10.99M | Scene, ViewLayer | Updating Meshes Flags
Fra:1 Mem:28.97M (Peak 31.43M) | Time:00:00.02 | Mem:10.99M, Peak:10.99M | Scene, ViewLayer | Updating Objects
Fra:1 Mem:28.97M (Peak 31.43M) | Time:00:00.02 | Mem:10.99M, Peak:10.99M | Scene, ViewLayer | Updating Objects | Copying Transformations to device
Fra:1 Mem:28.98M (Peak 31.43M) | Time:00:00.02 | Mem:10.99M, Peak:10.99M | Scene, ViewLayer | Updating Objects | Applying Static Transformations
Fra:1 Mem:28.98M (Peak 31.43M) | Time:00:00.02 | Mem:10.99M, Peak:10.99M | Scene, ViewLayer | Updating Particle Systems
Fra:1 Mem:28.98M (Peak 31.43M) | Time:00:00.02 | Mem:10.99M, Peak:10.99M | Scene, ViewLayer | Updating Particle Systems | Copying Particles to device
Fra:1 Mem:28.98M (Peak 31.43M) | Time:00:00.02 | Mem:10.99M, Peak:10.99M | Scene, ViewLayer | Updating Meshes
Fra:1 Mem:29.07M (Peak 31.43M) | Time:00:00.02 | Mem:10.99M, Peak:10.99M | Scene, ViewLayer | Updating Mesh | Computing attributes
Fra:1 Mem:29.14M (Peak 31.43M) | Time:00:00.02 | Mem:11.00M, Peak:11.00M | Scene, ViewLayer | Updating Mesh | Copying Attributes to device
Fra:1 Mem:29.14M (Peak 31.43M) | Time:00:00.02 | Mem:11.06M, Peak:11.06M | Scene, ViewLayer | Updating Scene BVH | Building
Fra:1 Mem:29.14M (Peak 31.43M) | Time:00:00.02 | Mem:11.06M, Peak:11.06M | Scene, ViewLayer | Updating Scene BVH | Building BVH
Fra:1 Mem:29.14M (Peak 31.43M) | Time:00:00.02 | Mem:11.24M, Peak:11.24M | Scene, ViewLayer | Updating Scene BVH | Building BVH 0%
Fra:1 Mem:29.14M (Peak 31.43M) | Time:00:00.02 | Mem:11.48M, Peak:11.66M | Scene, ViewLayer | Updating Scene BVH | Copying BVH to device
Fra:1 Mem:29.14M (Peak 31.43M) | Time:00:00.02 | Mem:11.48M, Peak:11.66M | Scene, ViewLayer | Updating Mesh | Computing normals
Fra:1 Mem:29.43M (Peak 31.43M) | Time:00:00.02 | Mem:11.48M, Peak:11.66M | Scene, ViewLayer | Updating Mesh | Copying Mesh to device
Fra:1 Mem:29.43M (Peak 31.43M) | Time:00:00.02 | Mem:11.78M, Peak:11.78M | Scene, ViewLayer | Updating Objects Flags
Fra:1 Mem:29.43M (Peak 31.43M) | Time:00:00.02 | Mem:11.78M, Peak:11.78M | Scene, ViewLayer | Updating Primitive Offsets
Fra:1 Mem:29.43M (Peak 31.43M) | Time:00:00.02 | Mem:11.78M, Peak:11.78M | Scene, ViewLayer | Updating Images
Fra:1 Mem:29.43M (Peak 31.43M) | Time:00:00.02 | Mem:11.78M, Peak:11.78M | Scene, ViewLayer | Updating Camera Volume
Fra:1 Mem:29.43M (Peak 31.43M) | Time:00:00.02 | Mem:11.78M, Peak:11.78M | Scene, ViewLayer | Updating Lookup Tables
Fra:1 Mem:29.43M (Peak 31.43M) | Time:00:00.02 | Mem:11.86M, Peak:11.86M | Scene, ViewLayer | Updating Lights
Fra:1 Mem:29.43M (Peak 31.43M) | Time:00:00.02 | Mem:11.86M, Peak:11.86M | Scene, ViewLayer | Updating Lights | Computing tree
Fra:1 Mem:29.43M (Peak 31.43M) | Time:00:00.02 | Mem:11.86M, Peak:11.86M | Scene, ViewLayer | Updating Integrator
Fra:1 Mem:29.43M (Peak 31.43M) | Time:00:00.02 | Mem:11.86M, Peak:11.86M | Scene, ViewLayer | Updating Film
Fra:1 Mem:29.44M (Peak 31.43M) | Time:00:00.02 | Mem:11.78M, Peak:11.86M | Scene, ViewLayer | Updating Lookup Tables
Fra:1 Mem:29.44M (Peak 31.43M) | Time:00:00.02 | Mem:11.86M, Peak:11.86M | Scene, ViewLayer | Updating Baking
Fra:1 Mem:29.44M (Peak 31.43M) | Time:00:00.02 | Mem:11.86M, Peak:11.86M | Scene, ViewLayer | Updating Device | Writing constant memory
Fra:1 Mem:29.44M (Peak 31.43M) | Time:00:00.02 | Mem:11.86M, Peak:11.86M | Scene, ViewLayer | Sample 0/16
Fra:1 Mem:41.31M (Peak 41.31M) | Time:00:00.22 | Remaining:00:02.92 | Mem:23.74M, Peak:23.74M | Scene, ViewLayer | Sample 1/16
Fra:1 Mem:46.58M (Peak 57.13M) | Time:00:02.76 | Mem:23.74M, Peak:23.74M | Scene, ViewLayer | Sample 16/16
Fra:1 Mem:46.58M (Peak 57.13M) | Time:00:02.76 | Mem:23.74M, Peak:23.74M | Scene, ViewLayer | Finished
Saved: '/workspace/scratch/7c20b5ba4165/atlas-backlog-oct3/tools/assets/ground-planting-details/qa/previews/surface-10-oblique-dusk.png'
Time: 00:02.85 (Saving: 00:00.08)

Fra:1 Mem:20.34M (Peak 20.34M) | Time:00:00.00 | Mem:0.00M, Peak:0.00M | Scene, ViewLayer | Synchronizing object | soil-study-10m
Fra:1 Mem:20.34M (Peak 20.34M) | Time:00:00.00 | Mem:0.00M, Peak:0.00M | Scene, ViewLayer | Synchronizing object | QA-label
Fra:1 Mem:20.40M (Peak 20.40M) | Time:00:00.00 | Mem:0.00M, Peak:0.00M | Scene, ViewLayer | Synchronizing object | grass-study-10m
Fra:1 Mem:20.40M (Peak 20.40M) | Time:00:00.00 | Mem:0.00M, Peak:0.00M | Scene, ViewLayer | Synchronizing object | QA-label.001
Fra:1 Mem:20.51M (Peak 20.51M) | Time:00:00.00 | Mem:0.00M, Peak:0.00M | Scene, ViewLayer | Synchronizing object | sand-study-10m
Fra:1 Mem:20.51M (Peak 20.51M) | Time:00:00.00 | Mem:0.00M, Peak:0.00M | Scene, ViewLayer | Synchronizing object | QA-label.002
Fra:1 Mem:20.58M (Peak 20.58M) | Time:00:00.00 | Mem:0.00M, Peak:0.00M | Scene, ViewLayer | Synchronizing object | concrete-study-10m
Fra:1 Mem:20.59M (Peak 20.59M) | Time:00:00.00 | Mem:0.00M, Peak:0.00M | Scene, ViewLayer | Synchronizing object | QA-label.003
Fra:1 Mem:20.68M (Peak 20.68M) | Time:00:00.00 | Mem:0.00M, Peak:0.00M | Scene, ViewLayer | Synchronizing object | asphalt-study-10m
Fra:1 Mem:20.69M (Peak 20.69M) | Time:00:00.00 | Mem:0.00M, Peak:0.00M | Scene, ViewLayer | Synchronizing object | QA-label.004
Fra:1 Mem:20.79M (Peak 20.79M) | Time:00:00.00 | Mem:0.00M, Peak:0.00M | Scene, ViewLayer | Synchronizing object | street-brick-study-10m
Fra:1 Mem:20.79M (Peak 20.79M) | Time:00:00.00 | Mem:0.00M, Peak:0.00M | Scene, ViewLayer | Synchronizing object | QA-label.005
Fra:1 Mem:20.91M (Peak 20.91M) | Time:00:00.00 | Mem:0.00M, Peak:0.00M | Scene, ViewLayer | Synchronizing object | QA-human-legs
Fra:1 Mem:20.91M (Peak 20.91M) | Time:00:00.00 | Mem:0.00M, Peak:0.00M | Scene, ViewLayer | Synchronizing object | QA-human-torso
Fra:1 Mem:20.91M (Peak 20.91M) | Time:00:00.00 | Mem:0.00M, Peak:0.00M | Scene, ViewLayer | Synchronizing object | QA-label.006
Fra:1 Mem:20.91M (Peak 20.91M) | Time:00:00.00 | Mem:0.00M, Peak:0.00M | Scene, ViewLayer | Synchronizing object | QA-human-head
Fra:1 Mem:20.94M (Peak 20.94M) | Time:00:00.00 | Mem:0.00M, Peak:0.00M | Scene, ViewLayer | Synchronizing object | QA-human-legs.001
Fra:1 Mem:20.94M (Peak 20.94M) | Time:00:00.00 | Mem:0.00M, Peak:0.00M | Scene, ViewLayer | Synchronizing object | QA-human-torso.001
Fra:1 Mem:20.94M (Peak 20.94M) | Time:00:00.00 | Mem:0.00M, Peak:0.00M | Scene, ViewLayer | Synchronizing object | QA-human-head.001
Fra:1 Mem:20.94M (Peak 20.94M) | Time:00:00.00 | Mem:0.00M, Peak:0.00M | Scene, ViewLayer | Synchronizing object | QA-label.007
Fra:1 Mem:20.99M (Peak 20.99M) | Time:00:00.00 | Mem:0.00M, Peak:0.00M | Scene, ViewLayer | Synchronizing object | QA-ruler
Fra:1 Mem:20.99M (Peak 20.99M) | Time:00:00.00 | Mem:0.00M, Peak:0.00M | Scene, ViewLayer | Synchronizing object | QA-ruler.001
Fra:1 Mem:20.99M (Peak 20.99M) | Time:00:00.00 | Mem:0.00M, Peak:0.00M | Scene, ViewLayer | Synchronizing object | QA-ruler.002
Fra:1 Mem:20.99M (Peak 20.99M) | Time:00:00.00 | Mem:0.00M, Peak:0.00M | Scene, ViewLayer | Synchronizing object | QA-ruler.003
Fra:1 Mem:20.99M (Peak 20.99M) | Time:00:00.00 | Mem:0.00M, Peak:0.00M | Scene, ViewLayer | Synchronizing object | QA-ruler.004
Fra:1 Mem:20.99M (Peak 20.99M) | Time:00:00.00 | Mem:0.00M, Peak:0.00M | Scene, ViewLayer | Synchronizing object | QA-ruler.005
Fra:1 Mem:20.99M (Peak 20.99M) | Time:00:00.00 | Mem:0.00M, Peak:0.00M | Scene, ViewLayer | Synchronizing object | QA-ruler.006
Fra:1 Mem:20.99M (Peak 20.99M) | Time:00:00.00 | Mem:0.00M, Peak:0.00M | Scene, ViewLayer | Synchronizing object | QA-ruler.007
Fra:1 Mem:21.00M (Peak 21.00M) | Time:00:00.00 | Mem:0.00M, Peak:0.00M | Scene, ViewLayer | Synchronizing object | QA-ruler.008
Fra:1 Mem:21.00M (Peak 21.00M) | Time:00:00.00 | Mem:0.00M, Peak:0.00M | Scene, ViewLayer | Synchronizing object | QA-label.008
Fra:1 Mem:21.01M (Peak 21.01M) | Time:00:00.00 | Mem:0.00M, Peak:0.00M | Scene, ViewLayer | Synchronizing object | QA-ruler.009
Fra:1 Mem:21.01M (Peak 21.01M) | Time:00:00.00 | Mem:0.00M, Peak:0.00M | Scene, ViewLayer | Synchronizing object | QA-ground
Fra:1 Mem:21.01M (Peak 21.01M) | Time:00:00.00 | Mem:0.00M, Peak:0.00M | Scene, ViewLayer | Initializing
Fra:1 Mem:19.43M (Peak 21.01M) | Time:00:00.00 | Mem:0.00M, Peak:0.00M | Scene, ViewLayer | Updating Images | Loading soil_basecolor
Fra:1 Mem:19.43M (Peak 21.01M) | Time:00:00.00 | Mem:0.00M, Peak:0.00M | Scene, ViewLayer | Updating Images | Loading street-brick-normal
Fra:1 Mem:20.66M (Peak 21.01M) | Time:00:00.00 | Mem:0.22M, Peak:0.22M | Scene, ViewLayer | Updating Images | Loading street-brick-orm
Fra:1 Mem:20.88M (Peak 21.01M) | Time:00:00.01 | Mem:0.44M, Peak:0.44M | Scene, ViewLayer | Updating Images | Loading street-brick-color
Fra:1 Mem:21.10M (Peak 21.10M) | Time:00:00.01 | Mem:0.66M, Peak:0.66M | Scene, ViewLayer | Updating Images | Loading asphalt-normal
Fra:1 Mem:21.32M (Peak 22.33M) | Time:00:00.01 | Mem:1.66M, Peak:1.66M | Scene, ViewLayer | Updating Images | Loading soil_orm
Fra:1 Mem:22.32M (Peak 22.33M) | Time:00:00.01 | Mem:1.88M, Peak:1.88M | Scene, ViewLayer | Updating Images | Loading asphalt-orm
Fra:1 Mem:22.54M (Peak 22.54M) | Time:00:00.01 | Mem:2.10M, Peak:2.10M | Scene, ViewLayer | Updating Images | Loading asphalt-color
Fra:1 Mem:22.76M (Peak 22.76M) | Time:00:00.01 | Mem:2.32M, Peak:2.32M | Scene, ViewLayer | Updating Images | Loading concrete-normal
Fra:1 Mem:22.98M (Peak 23.99M) | Time:00:00.01 | Mem:3.32M, Peak:3.32M | Scene, ViewLayer | Updating Images | Loading soil_normal
Fra:1 Mem:23.98M (Peak 23.99M) | Time:00:00.01 | Mem:3.54M, Peak:3.54M | Scene, ViewLayer | Updating Images | Loading concrete-orm
Fra:1 Mem:24.20M (Peak 24.20M) | Time:00:00.01 | Mem:3.76M, Peak:3.76M | Scene, ViewLayer | Updating Images | Loading concrete-color
Fra:1 Mem:24.42M (Peak 24.42M) | Time:00:00.01 | Mem:3.98M, Peak:3.98M | Scene, ViewLayer | Updating Images | Loading sand-normal
Fra:1 Mem:27.43M (Peak 28.44M) | Time:00:00.02 | Mem:4.98M, Peak:4.98M | Scene, ViewLayer | Updating Images | Loading grass_basecolor
Fra:1 Mem:26.42M (Peak 28.44M) | Time:00:00.02 | Mem:5.98M, Peak:5.98M | Scene, ViewLayer | Updating Images | Loading sand-orm
Fra:1 Mem:29.43M (Peak 30.44M) | Time:00:00.02 | Mem:6.98M, Peak:6.98M | Scene, ViewLayer | Updating Images | Loading sand-color
Fra:1 Mem:28.42M (Peak 30.44M) | Time:00:00.02 | Mem:7.98M, Peak:7.98M | Scene, ViewLayer | Updating Images | Loading grass_orm
Fra:1 Mem:29.42M (Peak 30.44M) | Time:00:00.02 | Mem:8.98M, Peak:8.98M | Scene, ViewLayer | Updating Images | Loading grass_normal
Fra:1 Mem:28.88M (Peak 31.43M) | Time:00:00.03 | Mem:10.98M, Peak:10.98M | Scene, ViewLayer | Waiting for render to start
Fra:1 Mem:28.88M (Peak 31.43M) | Time:00:00.03 | Mem:10.98M, Peak:10.98M | Scene, ViewLayer | Loading render kernels (may take a few minutes the first time)
Fra:1 Mem:28.88M (Peak 31.43M) | Time:00:00.03 | Mem:10.98M, Peak:10.98M | Scene, ViewLayer | Updating Scene
Fra:1 Mem:28.88M (Peak 31.43M) | Time:00:00.03 | Mem:10.98M, Peak:10.98M | Scene, ViewLayer | Updating Shaders
Fra:1 Mem:28.97M (Peak 31.43M) | Time:00:00.03 | Mem:10.99M, Peak:10.99M | Scene, ViewLayer | Updating Procedurals
Fra:1 Mem:28.97M (Peak 31.43M) | Time:00:00.03 | Mem:10.99M, Peak:10.99M | Scene, ViewLayer | Updating Background
Fra:1 Mem:28.97M (Peak 31.43M) | Time:00:00.03 | Mem:10.99M, Peak:10.99M | Scene, ViewLayer | Updating Camera
Fra:1 Mem:28.97M (Peak 31.43M) | Time:00:00.03 | Mem:10.99M, Peak:10.99M | Scene, ViewLayer | Updating Meshes Flags
Fra:1 Mem:28.97M (Peak 31.43M) | Time:00:00.03 | Mem:10.99M, Peak:10.99M | Scene, ViewLayer | Updating Objects
Fra:1 Mem:28.97M (Peak 31.43M) | Time:00:00.03 | Mem:10.99M, Peak:10.99M | Scene, ViewLayer | Updating Objects | Copying Transformations to device
Fra:1 Mem:28.98M (Peak 31.43M) | Time:00:00.03 | Mem:10.99M, Peak:10.99M | Scene, ViewLayer | Updating Objects | Applying Static Transformations
Fra:1 Mem:28.98M (Peak 31.43M) | Time:00:00.03 | Mem:10.99M, Peak:10.99M | Scene, ViewLayer | Updating Particle Systems
Fra:1 Mem:28.98M (Peak 31.43M) | Time:00:00.03 | Mem:10.99M, Peak:10.99M | Scene, ViewLayer | Updating Particle Systems | Copying Particles to device
Fra:1 Mem:28.98M (Peak 31.43M) | Time:00:00.03 | Mem:10.99M, Peak:10.99M | Scene, ViewLayer | Updating Meshes
Fra:1 Mem:29.07M (Peak 31.43M) | Time:00:00.03 | Mem:10.99M, Peak:10.99M | Scene, ViewLayer | Updating Mesh | Computing attributes
Fra:1 Mem:29.14M (Peak 31.43M) | Time:00:00.03 | Mem:11.00M, Peak:11.00M | Scene, ViewLayer | Updating Mesh | Copying Attributes to device
Fra:1 Mem:29.14M (Peak 31.43M) | Time:00:00.03 | Mem:11.06M, Peak:11.06M | Scene, ViewLayer | Updating Scene BVH | Building
Fra:1 Mem:29.14M (Peak 31.43M) | Time:00:00.03 | Mem:11.06M, Peak:11.06M | Scene, ViewLayer | Updating Scene BVH | Building BVH
Fra:1 Mem:29.14M (Peak 31.43M) | Time:00:00.03 | Mem:11.24M, Peak:11.24M | Scene, ViewLayer | Updating Scene BVH | Building BVH 0%
Fra:1 Mem:29.14M (Peak 31.43M) | Time:00:00.03 | Mem:11.48M, Peak:11.66M | Scene, ViewLayer | Updating Scene BVH | Copying BVH to device
Fra:1 Mem:29.14M (Peak 31.43M) | Time:00:00.03 | Mem:11.48M, Peak:11.66M | Scene, ViewLayer | Updating Mesh | Computing normals
Fra:1 Mem:29.43M (Peak 31.43M) | Time:00:00.03 | Mem:11.48M, Peak:11.66M | Scene, ViewLayer | Updating Mesh | Copying Mesh to device
Fra:1 Mem:29.43M (Peak 31.43M) | Time:00:00.03 | Mem:11.78M, Peak:11.78M | Scene, ViewLayer | Updating Objects Flags
Fra:1 Mem:29.43M (Peak 31.43M) | Time:00:00.03 | Mem:11.78M, Peak:11.78M | Scene, ViewLayer | Updating Primitive Offsets
Fra:1 Mem:29.43M (Peak 31.43M) | Time:00:00.03 | Mem:11.78M, Peak:11.78M | Scene, ViewLayer | Updating Images
Fra:1 Mem:29.43M (Peak 31.43M) | Time:00:00.03 | Mem:11.78M, Peak:11.78M | Scene, ViewLayer | Updating Camera Volume
Fra:1 Mem:29.43M (Peak 31.43M) | Time:00:00.03 | Mem:11.78M, Peak:11.78M | Scene, ViewLayer | Updating Lookup Tables
Fra:1 Mem:29.43M (Peak 31.43M) | Time:00:00.03 | Mem:11.86M, Peak:11.86M | Scene, ViewLayer | Updating Lights
Fra:1 Mem:29.43M (Peak 31.43M) | Time:00:00.03 | Mem:11.86M, Peak:11.86M | Scene, ViewLayer | Updating Lights | Computing tree
Fra:1 Mem:29.43M (Peak 31.43M) | Time:00:00.03 | Mem:11.86M, Peak:11.86M | Scene, ViewLayer | Updating Integrator
Fra:1 Mem:29.43M (Peak 31.43M) | Time:00:00.03 | Mem:11.86M, Peak:11.86M | Scene, ViewLayer | Updating Film
Fra:1 Mem:29.44M (Peak 31.43M) | Time:00:00.03 | Mem:11.78M, Peak:11.86M | Scene, ViewLayer | Updating Lookup Tables
Fra:1 Mem:29.44M (Peak 31.43M) | Time:00:00.03 | Mem:11.86M, Peak:11.86M | Scene, ViewLayer | Updating Baking
Fra:1 Mem:29.44M (Peak 31.43M) | Time:00:00.03 | Mem:11.86M, Peak:11.86M | Scene, ViewLayer | Updating Device | Writing constant memory
Fra:1 Mem:29.44M (Peak 31.43M) | Time:00:00.03 | Mem:11.86M, Peak:11.86M | Scene, ViewLayer | Sample 0/16
Fra:1 Mem:41.31M (Peak 41.31M) | Time:00:00.23 | Remaining:00:02.93 | Mem:23.74M, Peak:23.74M | Scene, ViewLayer | Sample 1/16
Fra:1 Mem:46.58M (Peak 57.13M) | Time:00:02.80 | Mem:23.74M, Peak:23.74M | Scene, ViewLayer | Sample 16/16
Fra:1 Mem:46.58M (Peak 57.13M) | Time:00:02.80 | Mem:23.74M, Peak:23.74M | Scene, ViewLayer | Finished
Saved: '/workspace/scratch/7c20b5ba4165/atlas-backlog-oct3/tools/assets/ground-planting-details/qa/previews/surface-10-oblique-night.png'
Time: 00:02.86 (Saving: 00:00.05)

Fra:1 Mem:20.34M (Peak 20.34M) | Time:00:00.00 | Mem:0.00M, Peak:0.00M | Scene, ViewLayer | Synchronizing object | soil-study-10m
Fra:1 Mem:20.34M (Peak 20.34M) | Time:00:00.00 | Mem:0.00M, Peak:0.00M | Scene, ViewLayer | Synchronizing object | QA-label
Fra:1 Mem:20.40M (Peak 20.40M) | Time:00:00.00 | Mem:0.00M, Peak:0.00M | Scene, ViewLayer | Synchronizing object | grass-study-10m
Fra:1 Mem:20.40M (Peak 20.40M) | Time:00:00.00 | Mem:0.00M, Peak:0.00M | Scene, ViewLayer | Synchronizing object | QA-label.001
Fra:1 Mem:20.51M (Peak 20.51M) | Time:00:00.00 | Mem:0.00M, Peak:0.00M | Scene, ViewLayer | Synchronizing object | sand-study-10m
Fra:1 Mem:20.51M (Peak 20.51M) | Time:00:00.00 | Mem:0.00M, Peak:0.00M | Scene, ViewLayer | Synchronizing object | QA-label.002
Fra:1 Mem:20.58M (Peak 20.58M) | Time:00:00.00 | Mem:0.00M, Peak:0.00M | Scene, ViewLayer | Synchronizing object | concrete-study-10m
Fra:1 Mem:20.59M (Peak 20.59M) | Time:00:00.00 | Mem:0.00M, Peak:0.00M | Scene, ViewLayer | Synchronizing object | QA-label.003
Fra:1 Mem:20.69M (Peak 20.69M) | Time:00:00.00 | Mem:0.00M, Peak:0.00M | Scene, ViewLayer | Synchronizing object | asphalt-study-10m
Fra:1 Mem:20.69M (Peak 20.69M) | Time:00:00.00 | Mem:0.00M, Peak:0.00M | Scene, ViewLayer | Synchronizing object | QA-label.004
Fra:1 Mem:20.79M (Peak 20.79M) | Time:00:00.00 | Mem:0.00M, Peak:0.00M | Scene, ViewLayer | Synchronizing object | street-brick-study-10m
Fra:1 Mem:20.79M (Peak 20.79M) | Time:00:00.00 | Mem:0.00M, Peak:0.00M | Scene, ViewLayer | Synchronizing object | QA-label.005
Fra:1 Mem:20.91M (Peak 20.91M) | Time:00:00.00 | Mem:0.00M, Peak:0.00M | Scene, ViewLayer | Synchronizing object | QA-human-legs
Fra:1 Mem:20.91M (Peak 20.91M) | Time:00:00.00 | Mem:0.00M, Peak:0.00M | Scene, ViewLayer | Synchronizing object | QA-label.006
Fra:1 Mem:20.91M (Peak 20.91M) | Time:00:00.00 | Mem:0.00M, Peak:0.00M | Scene, ViewLayer | Synchronizing object | QA-human-head
Fra:1 Mem:20.94M (Peak 20.94M) | Time:00:00.00 | Mem:0.00M, Peak:0.00M | Scene, ViewLayer | Synchronizing object | QA-human-legs.001
Fra:1 Mem:20.94M (Peak 20.94M) | Time:00:00.00 | Mem:0.00M, Peak:0.00M | Scene, ViewLayer | Synchronizing object | QA-human-torso.001
Fra:1 Mem:20.94M (Peak 20.94M) | Time:00:00.00 | Mem:0.00M, Peak:0.00M | Scene, ViewLayer | Synchronizing object | QA-label.007
Fra:1 Mem:20.95M (Peak 20.95M) | Time:00:00.00 | Mem:0.00M, Peak:0.00M | Scene, ViewLayer | Synchronizing object | QA-human-head.001
Fra:1 Mem:20.99M (Peak 20.99M) | Time:00:00.00 | Mem:0.00M, Peak:0.00M | Scene, ViewLayer | Synchronizing object | QA-ruler
Fra:1 Mem:20.99M (Peak 20.99M) | Time:00:00.00 | Mem:0.00M, Peak:0.00M | Scene, ViewLayer | Synchronizing object | QA-ruler.001
Fra:1 Mem:20.99M (Peak 20.99M) | Time:00:00.00 | Mem:0.00M, Peak:0.00M | Scene, ViewLayer | Synchronizing object | QA-ruler.002
Fra:1 Mem:20.99M (Peak 20.99M) | Time:00:00.00 | Mem:0.00M, Peak:0.00M | Scene, ViewLayer | Synchronizing object | QA-ruler.003
Fra:1 Mem:20.99M (Peak 20.99M) | Time:00:00.00 | Mem:0.00M, Peak:0.00M | Scene, ViewLayer | Synchronizing object | QA-ruler.004
Fra:1 Mem:20.99M (Peak 20.99M) | Time:00:00.00 | Mem:0.00M, Peak:0.00M | Scene, ViewLayer | Synchronizing object | QA-label.008
Fra:1 Mem:21.00M (Peak 21.00M) | Time:00:00.00 | Mem:0.00M, Peak:0.00M | Scene, ViewLayer | Synchronizing object | QA-ruler.005
Fra:1 Mem:21.01M (Peak 21.01M) | Time:00:00.00 | Mem:0.00M, Peak:0.00M | Scene, ViewLayer | Synchronizing object | QA-ruler.006
Fra:1 Mem:21.01M (Peak 21.01M) | Time:00:00.00 | Mem:0.00M, Peak:0.00M | Scene, ViewLayer | Synchronizing object | QA-ruler.007
Fra:1 Mem:21.01M (Peak 21.01M) | Time:00:00.00 | Mem:0.00M, Peak:0.00M | Scene, ViewLayer | Synchronizing object | QA-ruler.008
Fra:1 Mem:21.01M (Peak 21.01M) | Time:00:00.00 | Mem:0.00M, Peak:0.00M | Scene, ViewLayer | Synchronizing object | QA-ground
Fra:1 Mem:21.01M (Peak 21.01M) | Time:00:00.00 | Mem:0.00M, Peak:0.00M | Scene, ViewLayer | Synchronizing object | QA-ruler.009
Fra:1 Mem:21.01M (Peak 21.01M) | Time:00:00.00 | Mem:0.00M, Peak:0.00M | Scene, ViewLayer | Initializing
Fra:1 Mem:19.43M (Peak 21.01M) | Time:00:00.00 | Mem:0.00M, Peak:0.00M | Scene, ViewLayer | Updating Images | Loading soil_basecolor
Fra:1 Mem:19.43M (Peak 21.01M) | Time:00:00.00 | Mem:0.00M, Peak:0.00M | Scene, ViewLayer | Updating Images | Loading street-brick-normal
Fra:1 Mem:20.66M (Peak 21.01M) | Time:00:00.00 | Mem:0.22M, Peak:0.22M | Scene, ViewLayer | Updating Images | Loading street-brick-orm
Fra:1 Mem:20.88M (Peak 21.01M) | Time:00:00.00 | Mem:0.44M, Peak:0.44M | Scene, ViewLayer | Updating Images | Loading street-brick-color
Fra:1 Mem:21.10M (Peak 21.10M) | Time:00:00.00 | Mem:0.66M, Peak:0.66M | Scene, ViewLayer | Updating Images | Loading asphalt-normal
Fra:1 Mem:21.32M (Peak 21.32M) | Time:00:00.00 | Mem:0.88M, Peak:0.88M | Scene, ViewLayer | Updating Images | Loading asphalt-orm
Fra:1 Mem:21.54M (Peak 22.55M) | Time:00:00.00 | Mem:1.88M, Peak:1.88M | Scene, ViewLayer | Updating Images | Loading soil_orm
Fra:1 Mem:22.54M (Peak 22.55M) | Time:00:00.01 | Mem:2.10M, Peak:2.10M | Scene, ViewLayer | Updating Images | Loading asphalt-color
Fra:1 Mem:23.77M (Peak 23.77M) | Time:00:00.01 | Mem:2.32M, Peak:2.32M | Scene, ViewLayer | Updating Images | Loading concrete-normal
Fra:1 Mem:22.98M (Peak 23.77M) | Time:00:00.01 | Mem:3.32M, Peak:3.32M | Scene, ViewLayer | Updating Images | Loading soil_normal
Fra:1 Mem:23.98M (Peak 23.98M) | Time:00:00.01 | Mem:3.54M, Peak:3.54M | Scene, ViewLayer | Updating Images | Loading concrete-orm
Fra:1 Mem:24.20M (Peak 24.20M) | Time:00:00.01 | Mem:3.76M, Peak:3.76M | Scene, ViewLayer | Updating Images | Loading concrete-color
Fra:1 Mem:24.42M (Peak 24.42M) | Time:00:00.01 | Mem:3.98M, Peak:3.98M | Scene, ViewLayer | Updating Images | Loading sand-normal
Fra:1 Mem:27.43M (Peak 28.44M) | Time:00:00.01 | Mem:4.98M, Peak:4.98M | Scene, ViewLayer | Updating Images | Loading grass_basecolor
Fra:1 Mem:26.42M (Peak 28.44M) | Time:00:00.01 | Mem:5.98M, Peak:5.98M | Scene, ViewLayer | Updating Images | Loading sand-orm
Fra:1 Mem:29.43M (Peak 31.44M) | Time:00:00.02 | Mem:6.98M, Peak:6.98M | Scene, ViewLayer | Updating Images | Loading sand-color
Fra:1 Mem:28.42M (Peak 31.44M) | Time:00:00.02 | Mem:7.98M, Peak:7.98M | Scene, ViewLayer | Updating Images | Loading grass_orm
Fra:1 Mem:29.42M (Peak 31.44M) | Time:00:00.02 | Mem:8.98M, Peak:8.98M | Scene, ViewLayer | Updating Images | Loading grass_normal
Fra:1 Mem:28.88M (Peak 31.44M) | Time:00:00.03 | Mem:10.98M, Peak:10.98M | Scene, ViewLayer | Waiting for render to start
Fra:1 Mem:28.88M (Peak 31.44M) | Time:00:00.03 | Mem:10.98M, Peak:10.98M | Scene, ViewLayer | Loading render kernels (may take a few minutes the first time)
Fra:1 Mem:28.88M (Peak 31.44M) | Time:00:00.03 | Mem:10.98M, Peak:10.98M | Scene, ViewLayer | Updating Scene
Fra:1 Mem:28.88M (Peak 31.44M) | Time:00:00.03 | Mem:10.98M, Peak:10.98M | Scene, ViewLayer | Updating Shaders
Fra:1 Mem:28.97M (Peak 31.44M) | Time:00:00.03 | Mem:10.99M, Peak:10.99M | Scene, ViewLayer | Updating Procedurals
Fra:1 Mem:28.97M (Peak 31.44M) | Time:00:00.03 | Mem:10.99M, Peak:10.99M | Scene, ViewLayer | Updating Background
Fra:1 Mem:28.97M (Peak 31.44M) | Time:00:00.03 | Mem:10.99M, Peak:10.99M | Scene, ViewLayer | Updating Camera
Fra:1 Mem:28.97M (Peak 31.44M) | Time:00:00.03 | Mem:10.99M, Peak:10.99M | Scene, ViewLayer | Updating Meshes Flags
Fra:1 Mem:28.97M (Peak 31.44M) | Time:00:00.03 | Mem:10.99M, Peak:10.99M | Scene, ViewLayer | Updating Objects
Fra:1 Mem:28.97M (Peak 31.44M) | Time:00:00.03 | Mem:10.99M, Peak:10.99M | Scene, ViewLayer | Updating Objects | Copying Transformations to device
Fra:1 Mem:28.98M (Peak 31.44M) | Time:00:00.03 | Mem:10.99M, Peak:10.99M | Scene, ViewLayer | Updating Objects | Applying Static Transformations
Fra:1 Mem:28.98M (Peak 31.44M) | Time:00:00.03 | Mem:10.99M, Peak:10.99M | Scene, ViewLayer | Updating Particle Systems
Fra:1 Mem:28.98M (Peak 31.44M) | Time:00:00.03 | Mem:10.99M, Peak:10.99M | Scene, ViewLayer | Updating Particle Systems | Copying Particles to device
Fra:1 Mem:28.98M (Peak 31.44M) | Time:00:00.03 | Mem:10.99M, Peak:10.99M | Scene, ViewLayer | Updating Meshes
Fra:1 Mem:29.07M (Peak 31.44M) | Time:00:00.03 | Mem:10.99M, Peak:10.99M | Scene, ViewLayer | Updating Mesh | Computing attributes
Fra:1 Mem:29.14M (Peak 31.44M) | Time:00:00.03 | Mem:11.00M, Peak:11.00M | Scene, ViewLayer | Updating Mesh | Copying Attributes to device
Fra:1 Mem:29.14M (Peak 31.44M) | Time:00:00.03 | Mem:11.06M, Peak:11.06M | Scene, ViewLayer | Updating Scene BVH | Building
Fra:1 Mem:29.14M (Peak 31.44M) | Time:00:00.03 | Mem:11.06M, Peak:11.06M | Scene, ViewLayer | Updating Scene BVH | Building BVH
Fra:1 Mem:29.14M (Peak 31.44M) | Time:00:00.03 | Mem:11.24M, Peak:11.24M | Scene, ViewLayer | Updating Scene BVH | Building BVH 0%
Fra:1 Mem:29.14M (Peak 31.44M) | Time:00:00.03 | Mem:11.48M, Peak:11.66M | Scene, ViewLayer | Updating Scene BVH | Copying BVH to device
Fra:1 Mem:29.14M (Peak 31.44M) | Time:00:00.03 | Mem:11.48M, Peak:11.66M | Scene, ViewLayer | Updating Mesh | Computing normals
Fra:1 Mem:29.43M (Peak 31.44M) | Time:00:00.03 | Mem:11.48M, Peak:11.66M | Scene, ViewLayer | Updating Mesh | Copying Mesh to device
Fra:1 Mem:29.43M (Peak 31.44M) | Time:00:00.03 | Mem:11.78M, Peak:11.78M | Scene, ViewLayer | Updating Objects Flags
Fra:1 Mem:29.43M (Peak 31.44M) | Time:00:00.03 | Mem:11.78M, Peak:11.78M | Scene, ViewLayer | Updating Primitive Offsets
Fra:1 Mem:29.43M (Peak 31.44M) | Time:00:00.03 | Mem:11.78M, Peak:11.78M | Scene, ViewLayer | Updating Images
Fra:1 Mem:29.43M (Peak 31.44M) | Time:00:00.03 | Mem:11.78M, Peak:11.78M | Scene, ViewLayer | Updating Camera Volume
Fra:1 Mem:29.43M (Peak 31.44M) | Time:00:00.03 | Mem:11.78M, Peak:11.78M | Scene, ViewLayer | Updating Lookup Tables
Fra:1 Mem:29.43M (Peak 31.44M) | Time:00:00.03 | Mem:11.86M, Peak:11.86M | Scene, ViewLayer | Updating Lights
Fra:1 Mem:29.43M (Peak 31.44M) | Time:00:00.03 | Mem:11.86M, Peak:11.86M | Scene, ViewLayer | Updating Lights | Computing tree
Fra:1 Mem:29.43M (Peak 31.44M) | Time:00:00.03 | Mem:11.86M, Peak:11.86M | Scene, ViewLayer | Updating Integrator
Fra:1 Mem:29.43M (Peak 31.44M) | Time:00:00.03 | Mem:11.86M, Peak:11.86M | Scene, ViewLayer | Updating Film
Fra:1 Mem:29.44M (Peak 31.44M) | Time:00:00.03 | Mem:11.78M, Peak:11.86M | Scene, ViewLayer | Updating Lookup Tables
Fra:1 Mem:29.44M (Peak 31.44M) | Time:00:00.03 | Mem:11.86M, Peak:11.86M | Scene, ViewLayer | Updating Baking
Fra:1 Mem:29.44M (Peak 31.44M) | Time:00:00.03 | Mem:11.86M, Peak:11.86M | Scene, ViewLayer | Updating Device | Writing constant memory
Fra:1 Mem:29.44M (Peak 31.44M) | Time:00:00.03 | Mem:11.86M, Peak:11.86M | Scene, ViewLayer | Sample 0/16
Fra:1 Mem:41.31M (Peak 41.31M) | Time:00:00.15 | Remaining:00:01.80 | Mem:23.74M, Peak:23.74M | Scene, ViewLayer | Sample 1/16
Fra:1 Mem:46.59M (Peak 57.13M) | Time:00:01.49 | Mem:23.74M, Peak:23.74M | Scene, ViewLayer | Sample 16/16
Fra:1 Mem:46.59M (Peak 57.13M) | Time:00:01.49 | Mem:23.74M, Peak:23.74M | Scene, ViewLayer | Finished
Saved: '/workspace/scratch/7c20b5ba4165/atlas-backlog-oct3/tools/assets/ground-planting-details/qa/previews/surface-10-grazing-clear.png'
Time: 00:01.55 (Saving: 00:00.05)

Fra:1 Mem:20.34M (Peak 20.34M) | Time:00:00.00 | Mem:0.00M, Peak:0.00M | Scene, ViewLayer | Synchronizing object | soil-study-10m
Fra:1 Mem:20.34M (Peak 20.34M) | Time:00:00.00 | Mem:0.00M, Peak:0.00M | Scene, ViewLayer | Synchronizing object | QA-label
Fra:1 Mem:20.40M (Peak 20.40M) | Time:00:00.00 | Mem:0.00M, Peak:0.00M | Scene, ViewLayer | Synchronizing object | grass-study-10m
Fra:1 Mem:20.40M (Peak 20.40M) | Time:00:00.00 | Mem:0.00M, Peak:0.00M | Scene, ViewLayer | Synchronizing object | QA-label.001
Fra:1 Mem:20.51M (Peak 20.51M) | Time:00:00.00 | Mem:0.00M, Peak:0.00M | Scene, ViewLayer | Synchronizing object | sand-study-10m
Fra:1 Mem:20.51M (Peak 20.51M) | Time:00:00.00 | Mem:0.00M, Peak:0.00M | Scene, ViewLayer | Synchronizing object | QA-label.002
Fra:1 Mem:20.59M (Peak 20.59M) | Time:00:00.00 | Mem:0.00M, Peak:0.00M | Scene, ViewLayer | Synchronizing object | QA-label.003
Fra:1 Mem:20.67M (Peak 20.67M) | Time:00:00.00 | Mem:0.00M, Peak:0.00M | Scene, ViewLayer | Synchronizing object | concrete-study-10m
Fra:1 Mem:20.69M (Peak 20.69M) | Time:00:00.00 | Mem:0.00M, Peak:0.00M | Scene, ViewLayer | Synchronizing object | QA-label.004
Fra:1 Mem:20.70M (Peak 20.70M) | Time:00:00.00 | Mem:0.00M, Peak:0.00M | Scene, ViewLayer | Synchronizing object | asphalt-study-10m
Fra:1 Mem:20.79M (Peak 20.79M) | Time:00:00.00 | Mem:0.00M, Peak:0.00M | Scene, ViewLayer | Synchronizing object | street-brick-study-10m
Fra:1 Mem:20.79M (Peak 20.79M) | Time:00:00.00 | Mem:0.00M, Peak:0.00M | Scene, ViewLayer | Synchronizing object | QA-label.005
Fra:1 Mem:20.91M (Peak 20.91M) | Time:00:00.00 | Mem:0.00M, Peak:0.00M | Scene, ViewLayer | Synchronizing object | QA-human-legs
Fra:1 Mem:20.91M (Peak 20.91M) | Time:00:00.00 | Mem:0.00M, Peak:0.00M | Scene, ViewLayer | Synchronizing object | QA-human-torso
Fra:1 Mem:20.91M (Peak 20.91M) | Time:00:00.00 | Mem:0.00M, Peak:0.00M | Scene, ViewLayer | Synchronizing object | QA-label.006
Fra:1 Mem:20.93M (Peak 20.93M) | Time:00:00.00 | Mem:0.00M, Peak:0.00M | Scene, ViewLayer | Synchronizing object | QA-human-head
Fra:1 Mem:20.94M (Peak 20.94M) | Time:00:00.00 | Mem:0.00M, Peak:0.00M | Scene, ViewLayer | Synchronizing object | QA-human-legs.001
Fra:1 Mem:20.94M (Peak 20.94M) | Time:00:00.00 | Mem:0.00M, Peak:0.00M | Scene, ViewLayer | Synchronizing object | QA-human-torso.001
Fra:1 Mem:20.94M (Peak 20.94M) | Time:00:00.00 | Mem:0.00M, Peak:0.00M | Scene, ViewLayer | Synchronizing object | QA-label.007
Fra:1 Mem:20.95M (Peak 20.95M) | Time:00:00.00 | Mem:0.00M, Peak:0.00M | Scene, ViewLayer | Synchronizing object | QA-human-head.001
Fra:1 Mem:20.99M (Peak 20.99M) | Time:00:00.00 | Mem:0.00M, Peak:0.00M | Scene, ViewLayer | Synchronizing object | QA-ruler
Fra:1 Mem:20.99M (Peak 20.99M) | Time:00:00.00 | Mem:0.00M, Peak:0.00M | Scene, ViewLayer | Synchronizing object | QA-ruler.001
Fra:1 Mem:20.99M (Peak 20.99M) | Time:00:00.00 | Mem:0.00M, Peak:0.00M | Scene, ViewLayer | Synchronizing object | QA-ruler.002
Fra:1 Mem:20.99M (Peak 20.99M) | Time:00:00.00 | Mem:0.00M, Peak:0.00M | Scene, ViewLayer | Synchronizing object | QA-ruler.003
Fra:1 Mem:20.99M (Peak 20.99M) | Time:00:00.00 | Mem:0.00M, Peak:0.00M | Scene, ViewLayer | Synchronizing object | QA-ruler.004
Fra:1 Mem:21.00M (Peak 21.00M) | Time:00:00.00 | Mem:0.00M, Peak:0.00M | Scene, ViewLayer | Synchronizing object | QA-ruler.005
Fra:1 Mem:21.00M (Peak 21.00M) | Time:00:00.00 | Mem:0.00M, Peak:0.00M | Scene, ViewLayer | Synchronizing object | QA-label.008
Fra:1 Mem:21.00M (Peak 21.00M) | Time:00:00.00 | Mem:0.00M, Peak:0.00M | Scene, ViewLayer | Synchronizing object | QA-ruler.006
Fra:1 Mem:21.01M (Peak 21.01M) | Time:00:00.00 | Mem:0.00M, Peak:0.00M | Scene, ViewLayer | Synchronizing object | QA-ruler.007
Fra:1 Mem:21.01M (Peak 21.01M) | Time:00:00.00 | Mem:0.00M, Peak:0.00M | Scene, ViewLayer | Synchronizing object | QA-ruler.008
Fra:1 Mem:21.01M (Peak 21.01M) | Time:00:00.00 | Mem:0.00M, Peak:0.00M | Scene, ViewLayer | Synchronizing object | QA-ruler.009
Fra:1 Mem:21.01M (Peak 21.01M) | Time:00:00.00 | Mem:0.00M, Peak:0.00M | Scene, ViewLayer | Synchronizing object | QA-ground
Fra:1 Mem:21.01M (Peak 21.01M) | Time:00:00.00 | Mem:0.00M, Peak:0.00M | Scene, ViewLayer | Initializing
Fra:1 Mem:19.43M (Peak 21.01M) | Time:00:00.00 | Mem:0.00M, Peak:0.00M | Scene, ViewLayer | Updating Images | Loading soil_basecolor
Fra:1 Mem:19.43M (Peak 21.01M) | Time:00:00.00 | Mem:0.00M, Peak:0.00M | Scene, ViewLayer | Updating Images | Loading street-brick-normal
Fra:1 Mem:20.66M (Peak 21.01M) | Time:00:00.00 | Mem:0.22M, Peak:0.22M | Scene, ViewLayer | Updating Images | Loading street-brick-orm
Fra:1 Mem:20.88M (Peak 21.01M) | Time:00:00.00 | Mem:0.44M, Peak:0.44M | Scene, ViewLayer | Updating Images | Loading street-brick-color
Fra:1 Mem:21.10M (Peak 21.10M) | Time:00:00.00 | Mem:0.66M, Peak:0.66M | Scene, ViewLayer | Updating Images | Loading asphalt-normal
Fra:1 Mem:21.32M (Peak 21.32M) | Time:00:00.01 | Mem:0.88M, Peak:0.88M | Scene, ViewLayer | Updating Images | Loading asphalt-orm
Fra:1 Mem:21.54M (Peak 21.54M) | Time:00:00.01 | Mem:1.10M, Peak:1.10M | Scene, ViewLayer | Updating Images | Loading asphalt-color
Fra:1 Mem:21.76M (Peak 22.77M) | Time:00:00.01 | Mem:2.10M, Peak:2.10M | Scene, ViewLayer | Updating Images | Loading soil_orm
Fra:1 Mem:22.76M (Peak 23.21M) | Time:00:00.01 | Mem:2.32M, Peak:2.32M | Scene, ViewLayer | Updating Images | Loading concrete-normal
Fra:1 Mem:22.98M (Peak 23.21M) | Time:00:00.01 | Mem:2.54M, Peak:2.54M | Scene, ViewLayer | Updating Images | Loading concrete-orm
Fra:1 Mem:23.20M (Peak 23.21M) | Time:00:00.01 | Mem:2.76M, Peak:2.76M | Scene, ViewLayer | Updating Images | Loading concrete-color
Fra:1 Mem:23.42M (Peak 24.43M) | Time:00:00.01 | Mem:3.76M, Peak:3.76M | Scene, ViewLayer | Updating Images | Loading soil_normal
Fra:1 Mem:24.42M (Peak 24.43M) | Time:00:00.01 | Mem:3.98M, Peak:3.98M | Scene, ViewLayer | Updating Images | Loading sand-normal
Fra:1 Mem:25.42M (Peak 26.43M) | Time:00:00.01 | Mem:4.98M, Peak:4.98M | Scene, ViewLayer | Updating Images | Loading sand-orm
Fra:1 Mem:28.43M (Peak 30.44M) | Time:00:00.01 | Mem:5.98M, Peak:5.98M | Scene, ViewLayer | Updating Images | Loading grass_basecolor
Fra:1 Mem:27.42M (Peak 30.44M) | Time:00:00.02 | Mem:6.98M, Peak:6.98M | Scene, ViewLayer | Updating Images | Loading sand-color
Fra:1 Mem:30.43M (Peak 32.44M) | Time:00:00.02 | Mem:7.98M, Peak:7.98M | Scene, ViewLayer | Updating Images | Loading grass_orm
Fra:1 Mem:29.42M (Peak 32.44M) | Time:00:00.02 | Mem:8.98M, Peak:8.98M | Scene, ViewLayer | Updating Images | Loading grass_normal
Fra:1 Mem:28.88M (Peak 32.44M) | Time:00:00.03 | Mem:10.98M, Peak:10.98M | Scene, ViewLayer | Waiting for render to start
Fra:1 Mem:28.88M (Peak 32.44M) | Time:00:00.03 | Mem:10.98M, Peak:10.98M | Scene, ViewLayer | Loading render kernels (may take a few minutes the first time)
Fra:1 Mem:28.88M (Peak 32.44M) | Time:00:00.03 | Mem:10.98M, Peak:10.98M | Scene, ViewLayer | Updating Scene
Fra:1 Mem:28.88M (Peak 32.44M) | Time:00:00.03 | Mem:10.98M, Peak:10.98M | Scene, ViewLayer | Updating Shaders
Fra:1 Mem:28.97M (Peak 32.44M) | Time:00:00.03 | Mem:10.99M, Peak:10.99M | Scene, ViewLayer | Updating Procedurals
Fra:1 Mem:28.97M (Peak 32.44M) | Time:00:00.03 | Mem:10.99M, Peak:10.99M | Scene, ViewLayer | Updating Background
Fra:1 Mem:28.97M (Peak 32.44M) | Time:00:00.03 | Mem:10.99M, Peak:10.99M | Scene, ViewLayer | Updating Camera
Fra:1 Mem:28.97M (Peak 32.44M) | Time:00:00.03 | Mem:10.99M, Peak:10.99M | Scene, ViewLayer | Updating Meshes Flags
Fra:1 Mem:28.97M (Peak 32.44M) | Time:00:00.03 | Mem:10.99M, Peak:10.99M | Scene, ViewLayer | Updating Objects
Fra:1 Mem:28.97M (Peak 32.44M) | Time:00:00.03 | Mem:10.99M, Peak:10.99M | Scene, ViewLayer | Updating Objects | Copying Transformations to device
Fra:1 Mem:28.98M (Peak 32.44M) | Time:00:00.03 | Mem:10.99M, Peak:10.99M | Scene, ViewLayer | Updating Objects | Applying Static Transformations
Fra:1 Mem:28.98M (Peak 32.44M) | Time:00:00.03 | Mem:10.99M, Peak:10.99M | Scene, ViewLayer | Updating Particle Systems
Fra:1 Mem:28.98M (Peak 32.44M) | Time:00:00.03 | Mem:10.99M, Peak:10.99M | Scene, ViewLayer | Updating Particle Systems | Copying Particles to device
Fra:1 Mem:28.98M (Peak 32.44M) | Time:00:00.03 | Mem:10.99M, Peak:10.99M | Scene, ViewLayer | Updating Meshes
Fra:1 Mem:29.07M (Peak 32.44M) | Time:00:00.03 | Mem:10.99M, Peak:10.99M | Scene, ViewLayer | Updating Mesh | Computing attributes
Fra:1 Mem:29.14M (Peak 32.44M) | Time:00:00.03 | Mem:11.00M, Peak:11.00M | Scene, ViewLayer | Updating Mesh | Copying Attributes to device
Fra:1 Mem:29.14M (Peak 32.44M) | Time:00:00.03 | Mem:11.06M, Peak:11.06M | Scene, ViewLayer | Updating Scene BVH | Building
Fra:1 Mem:29.14M (Peak 32.44M) | Time:00:00.03 | Mem:11.06M, Peak:11.06M | Scene, ViewLayer | Updating Scene BVH | Building BVH
Fra:1 Mem:29.14M (Peak 32.44M) | Time:00:00.03 | Mem:11.24M, Peak:11.24M | Scene, ViewLayer | Updating Scene BVH | Building BVH 0%
Fra:1 Mem:29.14M (Peak 32.44M) | Time:00:00.03 | Mem:11.48M, Peak:11.66M | Scene, ViewLayer | Updating Scene BVH | Copying BVH to device
Fra:1 Mem:29.14M (Peak 32.44M) | Time:00:00.03 | Mem:11.48M, Peak:11.66M | Scene, ViewLayer | Updating Mesh | Computing normals
Fra:1 Mem:29.43M (Peak 32.44M) | Time:00:00.03 | Mem:11.48M, Peak:11.66M | Scene, ViewLayer | Updating Mesh | Copying Mesh to device
Fra:1 Mem:29.43M (Peak 32.44M) | Time:00:00.03 | Mem:11.78M, Peak:11.78M | Scene, ViewLayer | Updating Objects Flags
Fra:1 Mem:29.43M (Peak 32.44M) | Time:00:00.03 | Mem:11.78M, Peak:11.78M | Scene, ViewLayer | Updating Primitive Offsets
Fra:1 Mem:29.43M (Peak 32.44M) | Time:00:00.03 | Mem:11.78M, Peak:11.78M | Scene, ViewLayer | Updating Images
Fra:1 Mem:29.43M (Peak 32.44M) | Time:00:00.03 | Mem:11.78M, Peak:11.78M | Scene, ViewLayer | Updating Camera Volume
Fra:1 Mem:29.43M (Peak 32.44M) | Time:00:00.03 | Mem:11.78M, Peak:11.78M | Scene, ViewLayer | Updating Lookup Tables
Fra:1 Mem:29.43M (Peak 32.44M) | Time:00:00.03 | Mem:11.86M, Peak:11.86M | Scene, ViewLayer | Updating Lights
Fra:1 Mem:29.43M (Peak 32.44M) | Time:00:00.03 | Mem:11.86M, Peak:11.86M | Scene, ViewLayer | Updating Lights | Computing tree
Fra:1 Mem:29.43M (Peak 32.44M) | Time:00:00.03 | Mem:11.86M, Peak:11.86M | Scene, ViewLayer | Updating Integrator
Fra:1 Mem:29.43M (Peak 32.44M) | Time:00:00.03 | Mem:11.86M, Peak:11.86M | Scene, ViewLayer | Updating Film
Fra:1 Mem:29.44M (Peak 32.44M) | Time:00:00.03 | Mem:11.78M, Peak:11.86M | Scene, ViewLayer | Updating Lookup Tables
Fra:1 Mem:29.44M (Peak 32.44M) | Time:00:00.03 | Mem:11.86M, Peak:11.86M | Scene, ViewLayer | Updating Baking
Fra:1 Mem:29.44M (Peak 32.44M) | Time:00:00.03 | Mem:11.86M, Peak:11.86M | Scene, ViewLayer | Updating Device | Writing constant memory
Fra:1 Mem:29.44M (Peak 32.44M) | Time:00:00.03 | Mem:11.86M, Peak:11.86M | Scene, ViewLayer | Sample 0/16
Fra:1 Mem:41.31M (Peak 41.31M) | Time:00:00.19 | Remaining:00:02.32 | Mem:23.74M, Peak:23.74M | Scene, ViewLayer | Sample 1/16
Fra:1 Mem:46.59M (Peak 57.13M) | Time:00:01.55 | Mem:23.74M, Peak:23.74M | Scene, ViewLayer | Sample 16/16
Fra:1 Mem:46.59M (Peak 57.13M) | Time:00:01.55 | Mem:23.74M, Peak:23.74M | Scene, ViewLayer | Finished
Saved: '/workspace/scratch/7c20b5ba4165/atlas-backlog-oct3/tools/assets/ground-planting-details/qa/previews/surface-10-grazing-overcast.png'
Time: 00:01.62 (Saving: 00:00.07)

Fra:1 Mem:20.34M (Peak 20.34M) | Time:00:00.00 | Mem:0.00M, Peak:0.00M | Scene, ViewLayer | Synchronizing object | soil-study-10m
Fra:1 Mem:20.34M (Peak 20.34M) | Time:00:00.00 | Mem:0.00M, Peak:0.00M | Scene, ViewLayer | Synchronizing object | QA-label
Fra:1 Mem:20.40M (Peak 20.40M) | Time:00:00.00 | Mem:0.00M, Peak:0.00M | Scene, ViewLayer | Synchronizing object | grass-study-10m
Fra:1 Mem:20.40M (Peak 20.40M) | Time:00:00.00 | Mem:0.00M, Peak:0.00M | Scene, ViewLayer | Synchronizing object | QA-label.001
Fra:1 Mem:20.51M (Peak 20.51M) | Time:00:00.00 | Mem:0.00M, Peak:0.00M | Scene, ViewLayer | Synchronizing object | sand-study-10m
Fra:1 Mem:20.51M (Peak 20.51M) | Time:00:00.00 | Mem:0.00M, Peak:0.00M | Scene, ViewLayer | Synchronizing object | QA-label.002
Fra:1 Mem:20.59M (Peak 20.59M) | Time:00:00.00 | Mem:0.00M, Peak:0.00M | Scene, ViewLayer | Synchronizing object | concrete-study-10m
Fra:1 Mem:20.59M (Peak 20.59M) | Time:00:00.00 | Mem:0.00M, Peak:0.00M | Scene, ViewLayer | Synchronizing object | QA-label.003
Fra:1 Mem:20.69M (Peak 20.69M) | Time:00:00.00 | Mem:0.00M, Peak:0.00M | Scene, ViewLayer | Synchronizing object | asphalt-study-10m
Fra:1 Mem:20.69M (Peak 20.69M) | Time:00:00.00 | Mem:0.00M, Peak:0.00M | Scene, ViewLayer | Synchronizing object | QA-label.004
Fra:1 Mem:20.79M (Peak 20.79M) | Time:00:00.00 | Mem:0.00M, Peak:0.00M | Scene, ViewLayer | Synchronizing object | street-brick-study-10m
Fra:1 Mem:20.79M (Peak 20.79M) | Time:00:00.00 | Mem:0.00M, Peak:0.00M | Scene, ViewLayer | Synchronizing object | QA-label.005
Fra:1 Mem:20.91M (Peak 20.91M) | Time:00:00.00 | Mem:0.00M, Peak:0.00M | Scene, ViewLayer | Synchronizing object | QA-human-legs
Fra:1 Mem:20.91M (Peak 20.91M) | Time:00:00.00 | Mem:0.00M, Peak:0.00M | Scene, ViewLayer | Synchronizing object | QA-human-torso
Fra:1 Mem:20.91M (Peak 20.91M) | Time:00:00.00 | Mem:0.00M, Peak:0.00M | Scene, ViewLayer | Synchronizing object | QA-label.006
Fra:1 Mem:20.91M (Peak 20.91M) | Time:00:00.00 | Mem:0.00M, Peak:0.00M | Scene, ViewLayer | Synchronizing object | QA-human-head
Fra:1 Mem:20.94M (Peak 20.94M) | Time:00:00.00 | Mem:0.00M, Peak:0.00M | Scene, ViewLayer | Synchronizing object | QA-human-legs.001
Fra:1 Mem:20.94M (Peak 20.94M) | Time:00:00.00 | Mem:0.00M, Peak:0.00M | Scene, ViewLayer | Synchronizing object | QA-human-torso.001
Fra:1 Mem:20.94M (Peak 20.94M) | Time:00:00.00 | Mem:0.00M, Peak:0.00M | Scene, ViewLayer | Synchronizing object | QA-human-head.001
Fra:1 Mem:20.95M (Peak 20.95M) | Time:00:00.00 | Mem:0.00M, Peak:0.00M | Scene, ViewLayer | Synchronizing object | QA-label.007
Fra:1 Mem:20.99M (Peak 20.99M) | Time:00:00.00 | Mem:0.00M, Peak:0.00M | Scene, ViewLayer | Synchronizing object | QA-ruler
Fra:1 Mem:20.99M (Peak 20.99M) | Time:00:00.00 | Mem:0.00M, Peak:0.00M | Scene, ViewLayer | Synchronizing object | QA-ruler.001
Fra:1 Mem:20.99M (Peak 20.99M) | Time:00:00.00 | Mem:0.00M, Peak:0.00M | Scene, ViewLayer | Synchronizing object | QA-ruler.002
Fra:1 Mem:20.99M (Peak 20.99M) | Time:00:00.00 | Mem:0.00M, Peak:0.00M | Scene, ViewLayer | Synchronizing object | QA-ruler.003
Fra:1 Mem:20.99M (Peak 20.99M) | Time:00:00.00 | Mem:0.00M, Peak:0.00M | Scene, ViewLayer | Synchronizing object | QA-ruler.004
Fra:1 Mem:20.99M (Peak 20.99M) | Time:00:00.00 | Mem:0.00M, Peak:0.00M | Scene, ViewLayer | Synchronizing object | QA-ruler.005
Fra:1 Mem:21.00M (Peak 21.00M) | Time:00:00.00 | Mem:0.00M, Peak:0.00M | Scene, ViewLayer | Synchronizing object | QA-ruler.006
Fra:1 Mem:21.00M (Peak 21.00M) | Time:00:00.00 | Mem:0.00M, Peak:0.00M | Scene, ViewLayer | Synchronizing object | QA-ruler.007
Fra:1 Mem:21.00M (Peak 21.00M) | Time:00:00.00 | Mem:0.00M, Peak:0.00M | Scene, ViewLayer | Synchronizing object | QA-label.008
Fra:1 Mem:21.00M (Peak 21.00M) | Time:00:00.00 | Mem:0.00M, Peak:0.00M | Scene, ViewLayer | Synchronizing object | QA-ruler.008
Fra:1 Mem:21.01M (Peak 21.01M) | Time:00:00.00 | Mem:0.00M, Peak:0.00M | Scene, ViewLayer | Synchronizing object | QA-ruler.009
Fra:1 Mem:21.01M (Peak 21.01M) | Time:00:00.00 | Mem:0.00M, Peak:0.00M | Scene, ViewLayer | Synchronizing object | QA-ground
Fra:1 Mem:21.01M (Peak 21.01M) | Time:00:00.00 | Mem:0.00M, Peak:0.00M | Scene, ViewLayer | Initializing
Fra:1 Mem:19.43M (Peak 21.01M) | Time:00:00.00 | Mem:0.00M, Peak:0.00M | Scene, ViewLayer | Updating Images | Loading soil_basecolor
Fra:1 Mem:19.43M (Peak 21.01M) | Time:00:00.00 | Mem:0.00M, Peak:0.00M | Scene, ViewLayer | Updating Images | Loading street-brick-normal
Fra:1 Mem:20.67M (Peak 21.01M) | Time:00:00.00 | Mem:0.22M, Peak:0.22M | Scene, ViewLayer | Updating Images | Loading street-brick-orm
Fra:1 Mem:20.88M (Peak 21.01M) | Time:00:00.00 | Mem:0.44M, Peak:0.44M | Scene, ViewLayer | Updating Images | Loading street-brick-color
Fra:1 Mem:21.10M (Peak 21.10M) | Time:00:00.00 | Mem:0.66M, Peak:0.66M | Scene, ViewLayer | Updating Images | Loading asphalt-normal
Fra:1 Mem:21.32M (Peak 21.32M) | Time:00:00.00 | Mem:0.88M, Peak:0.88M | Scene, ViewLayer | Updating Images | Loading asphalt-orm
Fra:1 Mem:21.54M (Peak 21.54M) | Time:00:00.00 | Mem:1.10M, Peak:1.10M | Scene, ViewLayer | Updating Images | Loading asphalt-color
Fra:1 Mem:21.76M (Peak 22.77M) | Time:00:00.00 | Mem:2.10M, Peak:2.10M | Scene, ViewLayer | Updating Images | Loading soil_orm
Fra:1 Mem:22.76M (Peak 22.77M) | Time:00:00.00 | Mem:2.32M, Peak:2.32M | Scene, ViewLayer | Updating Images | Loading concrete-normal
Fra:1 Mem:22.98M (Peak 22.98M) | Time:00:00.00 | Mem:2.54M, Peak:2.54M | Scene, ViewLayer | Updating Images | Loading concrete-orm
Fra:1 Mem:23.20M (Peak 23.20M) | Time:00:00.01 | Mem:2.76M, Peak:2.76M | Scene, ViewLayer | Updating Images | Loading concrete-color
Fra:1 Mem:23.42M (Peak 23.42M) | Time:00:00.01 | Mem:2.98M, Peak:2.98M | Scene, ViewLayer | Updating Images | Loading sand-normal
Fra:1 Mem:24.42M (Peak 25.43M) | Time:00:00.01 | Mem:3.98M, Peak:3.98M | Scene, ViewLayer | Updating Images | Loading soil_normal
Fra:1 Mem:25.42M (Peak 26.43M) | Time:00:00.01 | Mem:4.98M, Peak:4.98M | Scene, ViewLayer | Updating Images | Loading sand-orm
Fra:1 Mem:26.42M (Peak 27.43M) | Time:00:00.01 | Mem:5.98M, Peak:5.98M | Scene, ViewLayer | Updating Images | Loading sand-color
Fra:1 Mem:27.42M (Peak 28.43M) | Time:00:00.01 | Mem:6.98M, Peak:6.98M | Scene, ViewLayer | Updating Images | Loading grass_basecolor
Fra:1 Mem:28.42M (Peak 29.43M) | Time:00:00.01 | Mem:7.98M, Peak:7.98M | Scene, ViewLayer | Updating Images | Loading grass_normal
Fra:1 Mem:29.42M (Peak 30.43M) | Time:00:00.02 | Mem:8.98M, Peak:8.98M | Scene, ViewLayer | Updating Images | Loading grass_orm
Fra:1 Mem:28.88M (Peak 31.43M) | Time:00:00.02 | Mem:10.98M, Peak:10.98M | Scene, ViewLayer | Waiting for render to start
Fra:1 Mem:28.88M (Peak 31.43M) | Time:00:00.02 | Mem:10.98M, Peak:10.98M | Scene, ViewLayer | Loading render kernels (may take a few minutes the first time)
Fra:1 Mem:28.88M (Peak 31.43M) | Time:00:00.02 | Mem:10.98M, Peak:10.98M | Scene, ViewLayer | Updating Scene
Fra:1 Mem:28.88M (Peak 31.43M) | Time:00:00.02 | Mem:10.98M, Peak:10.98M | Scene, ViewLayer | Updating Shaders
Fra:1 Mem:28.97M (Peak 31.43M) | Time:00:00.02 | Mem:10.99M, Peak:10.99M | Scene, ViewLayer | Updating Procedurals
Fra:1 Mem:28.97M (Peak 31.43M) | Time:00:00.02 | Mem:10.99M, Peak:10.99M | Scene, ViewLayer | Updating Background
Fra:1 Mem:28.97M (Peak 31.43M) | Time:00:00.02 | Mem:10.99M, Peak:10.99M | Scene, ViewLayer | Updating Camera
Fra:1 Mem:28.97M (Peak 31.43M) | Time:00:00.02 | Mem:10.99M, Peak:10.99M | Scene, ViewLayer | Updating Meshes Flags
Fra:1 Mem:28.97M (Peak 31.43M) | Time:00:00.02 | Mem:10.99M, Peak:10.99M | Scene, ViewLayer | Updating Objects
Fra:1 Mem:28.97M (Peak 31.43M) | Time:00:00.02 | Mem:10.99M, Peak:10.99M | Scene, ViewLayer | Updating Objects | Copying Transformations to device
Fra:1 Mem:28.98M (Peak 31.43M) | Time:00:00.02 | Mem:10.99M, Peak:10.99M | Scene, ViewLayer | Updating Objects | Applying Static Transformations
Fra:1 Mem:28.98M (Peak 31.43M) | Time:00:00.02 | Mem:10.99M, Peak:10.99M | Scene, ViewLayer | Updating Particle Systems
Fra:1 Mem:28.98M (Peak 31.43M) | Time:00:00.02 | Mem:10.99M, Peak:10.99M | Scene, ViewLayer | Updating Particle Systems | Copying Particles to device
Fra:1 Mem:28.98M (Peak 31.43M) | Time:00:00.02 | Mem:10.99M, Peak:10.99M | Scene, ViewLayer | Updating Meshes
Fra:1 Mem:29.07M (Peak 31.43M) | Time:00:00.02 | Mem:10.99M, Peak:10.99M | Scene, ViewLayer | Updating Mesh | Computing attributes
Fra:1 Mem:29.14M (Peak 31.43M) | Time:00:00.02 | Mem:11.00M, Peak:11.00M | Scene, ViewLayer | Updating Mesh | Copying Attributes to device
Fra:1 Mem:29.14M (Peak 31.43M) | Time:00:00.02 | Mem:11.06M, Peak:11.06M | Scene, ViewLayer | Updating Scene BVH | Building
Fra:1 Mem:29.14M (Peak 31.43M) | Time:00:00.02 | Mem:11.06M, Peak:11.06M | Scene, ViewLayer | Updating Scene BVH | Building BVH
Fra:1 Mem:29.14M (Peak 31.43M) | Time:00:00.02 | Mem:11.24M, Peak:11.24M | Scene, ViewLayer | Updating Scene BVH | Building BVH 0%
Fra:1 Mem:29.14M (Peak 31.43M) | Time:00:00.02 | Mem:11.48M, Peak:11.66M | Scene, ViewLayer | Updating Scene BVH | Copying BVH to device
Fra:1 Mem:29.14M (Peak 31.43M) | Time:00:00.02 | Mem:11.48M, Peak:11.66M | Scene, ViewLayer | Updating Mesh | Computing normals
Fra:1 Mem:29.43M (Peak 31.43M) | Time:00:00.02 | Mem:11.48M, Peak:11.66M | Scene, ViewLayer | Updating Mesh | Copying Mesh to device
Fra:1 Mem:29.43M (Peak 31.43M) | Time:00:00.02 | Mem:11.78M, Peak:11.78M | Scene, ViewLayer | Updating Objects Flags
Fra:1 Mem:29.43M (Peak 31.43M) | Time:00:00.02 | Mem:11.78M, Peak:11.78M | Scene, ViewLayer | Updating Primitive Offsets
Fra:1 Mem:29.43M (Peak 31.43M) | Time:00:00.02 | Mem:11.78M, Peak:11.78M | Scene, ViewLayer | Updating Images
Fra:1 Mem:29.43M (Peak 31.43M) | Time:00:00.02 | Mem:11.78M, Peak:11.78M | Scene, ViewLayer | Updating Camera Volume
Fra:1 Mem:29.43M (Peak 31.43M) | Time:00:00.02 | Mem:11.78M, Peak:11.78M | Scene, ViewLayer | Updating Lookup Tables
Fra:1 Mem:29.43M (Peak 31.43M) | Time:00:00.02 | Mem:11.86M, Peak:11.86M | Scene, ViewLayer | Updating Lights
Fra:1 Mem:29.43M (Peak 31.43M) | Time:00:00.02 | Mem:11.86M, Peak:11.86M | Scene, ViewLayer | Updating Lights | Computing tree
Fra:1 Mem:29.43M (Peak 31.43M) | Time:00:00.02 | Mem:11.86M, Peak:11.86M | Scene, ViewLayer | Updating Integrator
Fra:1 Mem:29.43M (Peak 31.43M) | Time:00:00.02 | Mem:11.86M, Peak:11.86M | Scene, ViewLayer | Updating Film
Fra:1 Mem:29.44M (Peak 31.43M) | Time:00:00.02 | Mem:11.78M, Peak:11.86M | Scene, ViewLayer | Updating Lookup Tables
Fra:1 Mem:29.44M (Peak 31.43M) | Time:00:00.02 | Mem:11.86M, Peak:11.86M | Scene, ViewLayer | Updating Baking
Fra:1 Mem:29.44M (Peak 31.43M) | Time:00:00.02 | Mem:11.86M, Peak:11.86M | Scene, ViewLayer | Updating Device | Writing constant memory
Fra:1 Mem:29.44M (Peak 31.43M) | Time:00:00.02 | Mem:11.86M, Peak:11.86M | Scene, ViewLayer | Sample 0/16
Fra:1 Mem:41.31M (Peak 41.31M) | Time:00:00.14 | Remaining:00:01.69 | Mem:23.74M, Peak:23.74M | Scene, ViewLayer | Sample 1/16
Fra:1 Mem:46.59M (Peak 57.13M) | Time:00:01.49 | Mem:23.74M, Peak:23.74M | Scene, ViewLayer | Sample 16/16
Fra:1 Mem:46.59M (Peak 57.13M) | Time:00:01.49 | Mem:23.74M, Peak:23.74M | Scene, ViewLayer | Finished
Saved: '/workspace/scratch/7c20b5ba4165/atlas-backlog-oct3/tools/assets/ground-planting-details/qa/previews/surface-10-grazing-dusk.png'
Time: 00:01.55 (Saving: 00:00.05)

Fra:1 Mem:20.34M (Peak 20.34M) | Time:00:00.00 | Mem:0.00M, Peak:0.00M | Scene, ViewLayer | Synchronizing object | soil-study-10m
Fra:1 Mem:20.34M (Peak 20.34M) | Time:00:00.00 | Mem:0.00M, Peak:0.00M | Scene, ViewLayer | Synchronizing object | QA-label
Fra:1 Mem:20.40M (Peak 20.40M) | Time:00:00.00 | Mem:0.00M, Peak:0.00M | Scene, ViewLayer | Synchronizing object | grass-study-10m
Fra:1 Mem:20.40M (Peak 20.40M) | Time:00:00.00 | Mem:0.00M, Peak:0.00M | Scene, ViewLayer | Synchronizing object | QA-label.001
Fra:1 Mem:20.51M (Peak 20.51M) | Time:00:00.00 | Mem:0.00M, Peak:0.00M | Scene, ViewLayer | Synchronizing object | QA-label.002
Fra:1 Mem:20.59M (Peak 20.59M) | Time:00:00.00 | Mem:0.00M, Peak:0.00M | Scene, ViewLayer | Synchronizing object | sand-study-10m
Fra:1 Mem:20.59M (Peak 20.59M) | Time:00:00.00 | Mem:0.00M, Peak:0.00M | Scene, ViewLayer | Synchronizing object | QA-label.003
Fra:1 Mem:20.66M (Peak 20.66M) | Time:00:00.00 | Mem:0.00M, Peak:0.00M | Scene, ViewLayer | Synchronizing object | concrete-study-10m
Fra:1 Mem:20.69M (Peak 20.69M) | Time:00:00.00 | Mem:0.00M, Peak:0.00M | Scene, ViewLayer | Synchronizing object | asphalt-study-10m
Fra:1 Mem:20.69M (Peak 20.69M) | Time:00:00.00 | Mem:0.00M, Peak:0.00M | Scene, ViewLayer | Synchronizing object | QA-label.004
Fra:1 Mem:20.79M (Peak 20.79M) | Time:00:00.00 | Mem:0.00M, Peak:0.00M | Scene, ViewLayer | Synchronizing object | street-brick-study-10m
Fra:1 Mem:20.79M (Peak 20.79M) | Time:00:00.00 | Mem:0.00M, Peak:0.00M | Scene, ViewLayer | Synchronizing object | QA-label.005
Fra:1 Mem:20.91M (Peak 20.91M) | Time:00:00.00 | Mem:0.00M, Peak:0.00M | Scene, ViewLayer | Synchronizing object | QA-human-legs
Fra:1 Mem:20.91M (Peak 20.91M) | Time:00:00.00 | Mem:0.00M, Peak:0.00M | Scene, ViewLayer | Synchronizing object | QA-label.006
Fra:1 Mem:20.92M (Peak 20.92M) | Time:00:00.00 | Mem:0.00M, Peak:0.00M | Scene, ViewLayer | Synchronizing object | QA-human-torso
Fra:1 Mem:20.93M (Peak 20.93M) | Time:00:00.00 | Mem:0.00M, Peak:0.00M | Scene, ViewLayer | Synchronizing object | QA-human-head
Fra:1 Mem:20.94M (Peak 20.94M) | Time:00:00.00 | Mem:0.00M, Peak:0.00M | Scene, ViewLayer | Synchronizing object | QA-human-legs.001
Fra:1 Mem:20.94M (Peak 20.94M) | Time:00:00.00 | Mem:0.00M, Peak:0.00M | Scene, ViewLayer | Synchronizing object | QA-human-torso.001
Fra:1 Mem:20.94M (Peak 20.94M) | Time:00:00.00 | Mem:0.00M, Peak:0.00M | Scene, ViewLayer | Synchronizing object | QA-label.007
Fra:1 Mem:20.95M (Peak 20.95M) | Time:00:00.00 | Mem:0.00M, Peak:0.00M | Scene, ViewLayer | Synchronizing object | QA-human-head.001
Fra:1 Mem:20.99M (Peak 20.99M) | Time:00:00.00 | Mem:0.00M, Peak:0.00M | Scene, ViewLayer | Synchronizing object | QA-ruler
Fra:1 Mem:20.99M (Peak 20.99M) | Time:00:00.00 | Mem:0.00M, Peak:0.00M | Scene, ViewLayer | Synchronizing object | QA-ruler.001
Fra:1 Mem:20.99M (Peak 20.99M) | Time:00:00.00 | Mem:0.00M, Peak:0.00M | Scene, ViewLayer | Synchronizing object | QA-ruler.002
Fra:1 Mem:20.99M (Peak 20.99M) | Time:00:00.00 | Mem:0.00M, Peak:0.00M | Scene, ViewLayer | Synchronizing object | QA-ruler.003
Fra:1 Mem:20.99M (Peak 20.99M) | Time:00:00.00 | Mem:0.00M, Peak:0.00M | Scene, ViewLayer | Synchronizing object | QA-ruler.004
Fra:1 Mem:21.00M (Peak 21.00M) | Time:00:00.00 | Mem:0.00M, Peak:0.00M | Scene, ViewLayer | Synchronizing object | QA-ruler.005
Fra:1 Mem:21.00M (Peak 21.00M) | Time:00:00.00 | Mem:0.00M, Peak:0.00M | Scene, ViewLayer | Synchronizing object | QA-label.008
Fra:1 Mem:21.00M (Peak 21.00M) | Time:00:00.00 | Mem:0.00M, Peak:0.00M | Scene, ViewLayer | Synchronizing object | QA-ruler.006
Fra:1 Mem:21.01M (Peak 21.01M) | Time:00:00.00 | Mem:0.00M, Peak:0.00M | Scene, ViewLayer | Synchronizing object | QA-ruler.007
Fra:1 Mem:21.01M (Peak 21.01M) | Time:00:00.00 | Mem:0.00M, Peak:0.00M | Scene, ViewLayer | Synchronizing object | QA-ruler.008
Fra:1 Mem:21.01M (Peak 21.01M) | Time:00:00.00 | Mem:0.00M, Peak:0.00M | Scene, ViewLayer | Synchronizing object | QA-ruler.009
Fra:1 Mem:21.01M (Peak 21.01M) | Time:00:00.00 | Mem:0.00M, Peak:0.00M | Scene, ViewLayer | Synchronizing object | QA-ground
Fra:1 Mem:21.01M (Peak 21.01M) | Time:00:00.00 | Mem:0.00M, Peak:0.00M | Scene, ViewLayer | Initializing
Fra:1 Mem:19.43M (Peak 21.01M) | Time:00:00.00 | Mem:0.00M, Peak:0.00M | Scene, ViewLayer | Updating Images | Loading soil_basecolor
Fra:1 Mem:19.43M (Peak 21.01M) | Time:00:00.00 | Mem:0.00M, Peak:0.00M | Scene, ViewLayer | Updating Images | Loading street-brick-normal
Fra:1 Mem:20.67M (Peak 21.01M) | Time:00:00.00 | Mem:0.22M, Peak:0.22M | Scene, ViewLayer | Updating Images | Loading street-brick-orm
Fra:1 Mem:20.89M (Peak 21.01M) | Time:00:00.00 | Mem:0.44M, Peak:0.44M | Scene, ViewLayer | Updating Images | Loading street-brick-color
Fra:1 Mem:21.11M (Peak 21.11M) | Time:00:00.00 | Mem:0.66M, Peak:0.66M | Scene, ViewLayer | Updating Images | Loading asphalt-normal
Fra:1 Mem:21.32M (Peak 21.32M) | Time:00:00.00 | Mem:0.88M, Peak:0.88M | Scene, ViewLayer | Updating Images | Loading asphalt-orm
Fra:1 Mem:21.54M (Peak 21.54M) | Time:00:00.00 | Mem:1.10M, Peak:1.10M | Scene, ViewLayer | Updating Images | Loading asphalt-color
Fra:1 Mem:21.76M (Peak 22.77M) | Time:00:00.01 | Mem:2.10M, Peak:2.10M | Scene, ViewLayer | Updating Images | Loading soil_orm
Fra:1 Mem:22.76M (Peak 22.77M) | Time:00:00.01 | Mem:2.32M, Peak:2.32M | Scene, ViewLayer | Updating Images | Loading concrete-normal
Fra:1 Mem:22.98M (Peak 22.98M) | Time:00:00.01 | Mem:2.54M, Peak:2.54M | Scene, ViewLayer | Updating Images | Loading concrete-orm
Fra:1 Mem:23.20M (Peak 23.20M) | Time:00:00.01 | Mem:2.76M, Peak:2.76M | Scene, ViewLayer | Updating Images | Loading concrete-color
Fra:1 Mem:23.42M (Peak 23.42M) | Time:00:00.01 | Mem:2.98M, Peak:2.98M | Scene, ViewLayer | Updating Images | Loading sand-normal
Fra:1 Mem:24.42M (Peak 25.43M) | Time:00:00.01 | Mem:3.98M, Peak:3.98M | Scene, ViewLayer | Updating Images | Loading soil_normal
Fra:1 Mem:25.42M (Peak 26.43M) | Time:00:00.01 | Mem:4.98M, Peak:4.98M | Scene, ViewLayer | Updating Images | Loading sand-orm
Fra:1 Mem:26.42M (Peak 27.43M) | Time:00:00.01 | Mem:5.98M, Peak:5.98M | Scene, ViewLayer | Updating Images | Loading sand-color
Fra:1 Mem:29.43M (Peak 31.44M) | Time:00:00.01 | Mem:6.98M, Peak:6.98M | Scene, ViewLayer | Updating Images | Loading grass_normal
Fra:1 Mem:28.42M (Peak 31.44M) | Time:00:00.01 | Mem:7.98M, Peak:7.98M | Scene, ViewLayer | Updating Images | Loading grass_basecolor
Fra:1 Mem:31.43M (Peak 31.44M) | Time:00:00.02 | Mem:8.98M, Peak:8.98M | Scene, ViewLayer | Updating Images | Loading grass_orm
Fra:1 Mem:28.88M (Peak 32.43M) | Time:00:00.03 | Mem:10.98M, Peak:10.98M | Scene, ViewLayer | Waiting for render to start
Fra:1 Mem:28.88M (Peak 32.43M) | Time:00:00.03 | Mem:10.98M, Peak:10.98M | Scene, ViewLayer | Loading render kernels (may take a few minutes the first time)
Fra:1 Mem:28.88M (Peak 32.43M) | Time:00:00.03 | Mem:10.98M, Peak:10.98M | Scene, ViewLayer | Updating Scene
Fra:1 Mem:28.88M (Peak 32.43M) | Time:00:00.03 | Mem:10.98M, Peak:10.98M | Scene, ViewLayer | Updating Shaders
Fra:1 Mem:28.97M (Peak 32.43M) | Time:00:00.03 | Mem:10.99M, Peak:10.99M | Scene, ViewLayer | Updating Procedurals
Fra:1 Mem:28.97M (Peak 32.43M) | Time:00:00.03 | Mem:10.99M, Peak:10.99M | Scene, ViewLayer | Updating Background
Fra:1 Mem:28.97M (Peak 32.43M) | Time:00:00.03 | Mem:10.99M, Peak:10.99M | Scene, ViewLayer | Updating Camera
Fra:1 Mem:28.97M (Peak 32.43M) | Time:00:00.03 | Mem:10.99M, Peak:10.99M | Scene, ViewLayer | Updating Meshes Flags
Fra:1 Mem:28.97M (Peak 32.43M) | Time:00:00.03 | Mem:10.99M, Peak:10.99M | Scene, ViewLayer | Updating Objects
Fra:1 Mem:28.97M (Peak 32.43M) | Time:00:00.03 | Mem:10.99M, Peak:10.99M | Scene, ViewLayer | Updating Objects | Copying Transformations to device
Fra:1 Mem:28.98M (Peak 32.43M) | Time:00:00.03 | Mem:10.99M, Peak:10.99M | Scene, ViewLayer | Updating Objects | Applying Static Transformations
Fra:1 Mem:28.98M (Peak 32.43M) | Time:00:00.03 | Mem:10.99M, Peak:10.99M | Scene, ViewLayer | Updating Particle Systems
Fra:1 Mem:28.98M (Peak 32.43M) | Time:00:00.03 | Mem:10.99M, Peak:10.99M | Scene, ViewLayer | Updating Particle Systems | Copying Particles to device
Fra:1 Mem:28.98M (Peak 32.43M) | Time:00:00.03 | Mem:10.99M, Peak:10.99M | Scene, ViewLayer | Updating Meshes
Fra:1 Mem:29.07M (Peak 32.43M) | Time:00:00.03 | Mem:10.99M, Peak:10.99M | Scene, ViewLayer | Updating Mesh | Computing attributes
Fra:1 Mem:29.15M (Peak 32.43M) | Time:00:00.03 | Mem:11.00M, Peak:11.00M | Scene, ViewLayer | Updating Mesh | Copying Attributes to device
Fra:1 Mem:29.14M (Peak 32.43M) | Time:00:00.03 | Mem:11.06M, Peak:11.06M | Scene, ViewLayer | Updating Scene BVH | Building
Fra:1 Mem:29.14M (Peak 32.43M) | Time:00:00.03 | Mem:11.06M, Peak:11.06M | Scene, ViewLayer | Updating Scene BVH | Building BVH
Fra:1 Mem:29.14M (Peak 32.43M) | Time:00:00.03 | Mem:11.24M, Peak:11.24M | Scene, ViewLayer | Updating Scene BVH | Building BVH 0%
Fra:1 Mem:29.14M (Peak 32.43M) | Time:00:00.03 | Mem:11.48M, Peak:11.66M | Scene, ViewLayer | Updating Scene BVH | Copying BVH to device
Fra:1 Mem:29.14M (Peak 32.43M) | Time:00:00.03 | Mem:11.48M, Peak:11.66M | Scene, ViewLayer | Updating Mesh | Computing normals
Fra:1 Mem:29.43M (Peak 32.43M) | Time:00:00.03 | Mem:11.48M, Peak:11.66M | Scene, ViewLayer | Updating Mesh | Copying Mesh to device
Fra:1 Mem:29.43M (Peak 32.43M) | Time:00:00.03 | Mem:11.78M, Peak:11.78M | Scene, ViewLayer | Updating Objects Flags
Fra:1 Mem:29.43M (Peak 32.43M) | Time:00:00.03 | Mem:11.78M, Peak:11.78M | Scene, ViewLayer | Updating Primitive Offsets
Fra:1 Mem:29.43M (Peak 32.43M) | Time:00:00.03 | Mem:11.78M, Peak:11.78M | Scene, ViewLayer | Updating Images
Fra:1 Mem:29.43M (Peak 32.43M) | Time:00:00.03 | Mem:11.78M, Peak:11.78M | Scene, ViewLayer | Updating Camera Volume
Fra:1 Mem:29.43M (Peak 32.43M) | Time:00:00.03 | Mem:11.78M, Peak:11.78M | Scene, ViewLayer | Updating Lookup Tables
Fra:1 Mem:29.43M (Peak 32.43M) | Time:00:00.03 | Mem:11.86M, Peak:11.86M | Scene, ViewLayer | Updating Lights
Fra:1 Mem:29.43M (Peak 32.43M) | Time:00:00.03 | Mem:11.86M, Peak:11.86M | Scene, ViewLayer | Updating Lights | Computing tree
Fra:1 Mem:29.43M (Peak 32.43M) | Time:00:00.03 | Mem:11.86M, Peak:11.86M | Scene, ViewLayer | Updating Integrator
Fra:1 Mem:29.43M (Peak 32.43M) | Time:00:00.03 | Mem:11.86M, Peak:11.86M | Scene, ViewLayer | Updating Film
Fra:1 Mem:29.44M (Peak 32.43M) | Time:00:00.03 | Mem:11.78M, Peak:11.86M | Scene, ViewLayer | Updating Lookup Tables
Fra:1 Mem:29.44M (Peak 32.43M) | Time:00:00.03 | Mem:11.86M, Peak:11.86M | Scene, ViewLayer | Updating Baking
Fra:1 Mem:29.44M (Peak 32.43M) | Time:00:00.03 | Mem:11.86M, Peak:11.86M | Scene, ViewLayer | Updating Device | Writing constant memory
Fra:1 Mem:29.44M (Peak 32.43M) | Time:00:00.03 | Mem:11.86M, Peak:11.86M | Scene, ViewLayer | Sample 0/16
Fra:1 Mem:41.31M (Peak 41.31M) | Time:00:00.14 | Remaining:00:01.65 | Mem:23.74M, Peak:23.74M | Scene, ViewLayer | Sample 1/16
Fra:1 Mem:46.59M (Peak 57.13M) | Time:00:01.51 | Mem:23.74M, Peak:23.74M | Scene, ViewLayer | Sample 16/16
Fra:1 Mem:46.59M (Peak 57.13M) | Time:00:01.51 | Mem:23.74M, Peak:23.74M | Scene, ViewLayer | Finished
Saved: '/workspace/scratch/7c20b5ba4165/atlas-backlog-oct3/tools/assets/ground-planting-details/qa/previews/surface-10-grazing-night.png'
Time: 00:01.57 (Saving: 00:00.05)

Extensions: writing cache failed ([Errno 30] Read-only file system: '/home/agent/.config/blender').
16:27:55 | INFO: Data are loaded, start creating Blender stuff
16:27:55 | INFO: Blender create Mesh node curb-body-editable.001
16:27:55 | INFO: glTF import finished in 0.00s
16:27:55 | INFO: Data are loaded, start creating Blender stuff
16:27:55 | INFO: Blender create Mesh node soil-grass-edge-surface-editable
16:27:55 | INFO: glTF import finished in 0.00s
16:27:55 | INFO: Data are loaded, start creating Blender stuff
16:27:55 | INFO: Blender create Mesh node planter-trough-hollow-shell-editable
16:27:55 | INFO: glTF import finished in 0.00s
16:27:55 | INFO: Data are loaded, start creating Blender stuff
16:27:55 | INFO: Blender create Mesh node planter-round-hollow-shell-editable.001
16:27:55 | INFO: glTF import finished in 0.01s
16:27:55 | INFO: Data are loaded, start creating Blender stuff
16:27:55 | INFO: Blender create Mesh node perennial-rosette-leaves-editable
16:27:55 | INFO: glTF import finished in 0.00s
16:27:55 | INFO: Data are loaded, start creating Blender stuff
16:27:55 | INFO: Blender create Mesh node perennial-tuft-leaves-editable
16:27:55 | INFO: glTF import finished in 0.00s
Fra:1 Mem:21.07M (Peak 21.07M) | Time:00:00.00 | Mem:0.00M, Peak:0.00M | Scene, ViewLayer | Synchronizing object | curb-body
Fra:1 Mem:21.08M (Peak 21.08M) | Time:00:00.00 | Mem:0.00M, Peak:0.00M | Scene, ViewLayer | Synchronizing object | QA-label
Fra:1 Mem:21.21M (Peak 21.21M) | Time:00:00.00 | Mem:0.00M, Peak:0.00M | Scene, ViewLayer | Synchronizing object | soil-grass-edge-surface
Fra:1 Mem:21.21M (Peak 21.21M) | Time:00:00.00 | Mem:0.00M, Peak:0.00M | Scene, ViewLayer | Synchronizing object | QA-label.001
Fra:1 Mem:21.43M (Peak 21.43M) | Time:00:00.00 | Mem:0.00M, Peak:0.00M | Scene, ViewLayer | Synchronizing object | planter-trough-shell-and-soil
Fra:1 Mem:21.43M (Peak 21.43M) | Time:00:00.00 | Mem:0.00M, Peak:0.00M | Scene, ViewLayer | Synchronizing object | QA-label.002
Fra:1 Mem:21.56M (Peak 21.56M) | Time:00:00.00 | Mem:0.00M, Peak:0.00M | Scene, ViewLayer | Synchronizing object | planter-round-shell-and-soil
Fra:1 Mem:21.57M (Peak 21.57M) | Time:00:00.00 | Mem:0.00M, Peak:0.00M | Scene, ViewLayer | Synchronizing object | QA-label.003
Fra:1 Mem:21.78M (Peak 21.78M) | Time:00:00.00 | Mem:0.00M, Peak:0.00M | Scene, ViewLayer | Synchronizing object | QA-label.004
Fra:1 Mem:21.78M (Peak 21.78M) | Time:00:00.00 | Mem:0.00M, Peak:0.00M | Scene, ViewLayer | Synchronizing object | perennial-rosette-leaves
Fra:1 Mem:21.88M (Peak 21.88M) | Time:00:00.00 | Mem:0.00M, Peak:0.00M | Scene, ViewLayer | Synchronizing object | perennial-tuft-leaves
Fra:1 Mem:21.89M (Peak 21.89M) | Time:00:00.00 | Mem:0.00M, Peak:0.00M | Scene, ViewLayer | Synchronizing object | QA-label.005
Fra:1 Mem:21.99M (Peak 21.99M) | Time:00:00.00 | Mem:0.00M, Peak:0.00M | Scene, ViewLayer | Synchronizing object | QA-human-legs
Fra:1 Mem:21.99M (Peak 21.99M) | Time:00:00.00 | Mem:0.00M, Peak:0.00M | Scene, ViewLayer | Synchronizing object | QA-human-torso
Fra:1 Mem:22.00M (Peak 22.00M) | Time:00:00.00 | Mem:0.00M, Peak:0.00M | Scene, ViewLayer | Synchronizing object | QA-label.006
Fra:1 Mem:22.01M (Peak 22.01M) | Time:00:00.00 | Mem:0.00M, Peak:0.00M | Scene, ViewLayer | Synchronizing object | QA-human-head
Fra:1 Mem:22.03M (Peak 22.03M) | Time:00:00.00 | Mem:0.00M, Peak:0.00M | Scene, ViewLayer | Synchronizing object | QA-human-legs.001
Fra:1 Mem:22.03M (Peak 22.03M) | Time:00:00.00 | Mem:0.00M, Peak:0.00M | Scene, ViewLayer | Synchronizing object | QA-human-torso.001
Fra:1 Mem:22.03M (Peak 22.03M) | Time:00:00.00 | Mem:0.00M, Peak:0.00M | Scene, ViewLayer | Synchronizing object | QA-label.007
Fra:1 Mem:22.04M (Peak 22.04M) | Time:00:00.00 | Mem:0.00M, Peak:0.00M | Scene, ViewLayer | Synchronizing object | QA-human-head.001
Fra:1 Mem:22.09M (Peak 22.09M) | Time:00:00.00 | Mem:0.00M, Peak:0.00M | Scene, ViewLayer | Synchronizing object | QA-ruler
Fra:1 Mem:22.09M (Peak 22.09M) | Time:00:00.00 | Mem:0.00M, Peak:0.00M | Scene, ViewLayer | Synchronizing object | QA-ruler.001
Fra:1 Mem:22.09M (Peak 22.09M) | Time:00:00.00 | Mem:0.00M, Peak:0.00M | Scene, ViewLayer | Synchronizing object | QA-ruler.002
Fra:1 Mem:22.09M (Peak 22.09M) | Time:00:00.00 | Mem:0.00M, Peak:0.00M | Scene, ViewLayer | Synchronizing object | QA-ruler.003
Fra:1 Mem:22.09M (Peak 22.09M) | Time:00:00.00 | Mem:0.00M, Peak:0.00M | Scene, ViewLayer | Synchronizing object | QA-ruler.004
Fra:1 Mem:22.09M (Peak 22.09M) | Time:00:00.00 | Mem:0.00M, Peak:0.00M | Scene, ViewLayer | Synchronizing object | QA-label.008
Fra:1 Mem:22.09M (Peak 22.09M) | Time:00:00.00 | Mem:0.00M, Peak:0.00M | Scene, ViewLayer | Synchronizing object | QA-ruler.005
Fra:1 Mem:22.11M (Peak 22.11M) | Time:00:00.00 | Mem:0.00M, Peak:0.00M | Scene, ViewLayer | Synchronizing object | QA-ruler.006
Fra:1 Mem:22.11M (Peak 22.11M) | Time:00:00.00 | Mem:0.00M, Peak:0.00M | Scene, ViewLayer | Synchronizing object | QA-ruler.007
Fra:1 Mem:22.11M (Peak 22.11M) | Time:00:00.00 | Mem:0.00M, Peak:0.00M | Scene, ViewLayer | Synchronizing object | QA-ruler.008
Fra:1 Mem:22.11M (Peak 22.11M) | Time:00:00.00 | Mem:0.00M, Peak:0.00M | Scene, ViewLayer | Synchronizing object | QA-ruler.009
Fra:1 Mem:22.11M (Peak 22.11M) | Time:00:00.00 | Mem:0.00M, Peak:0.00M | Scene, ViewLayer | Initializing
Fra:1 Mem:20.01M (Peak 22.11M) | Time:00:00.00 | Mem:0.00M, Peak:0.00M | Scene, ViewLayer | Updating Images | Loading soil_normal
Fra:1 Mem:21.25M (Peak 22.11M) | Time:00:00.00 | Mem:0.22M, Peak:0.22M | Scene, ViewLayer | Updating Images | Loading concrete-orm
Fra:1 Mem:21.47M (Peak 22.11M) | Time:00:00.00 | Mem:0.44M, Peak:0.44M | Scene, ViewLayer | Updating Images | Loading concrete-normal
Fra:1 Mem:21.69M (Peak 22.11M) | Time:00:00.00 | Mem:0.66M, Peak:0.66M | Scene, ViewLayer | Updating Images | Loading soil_grass_edge_basecolor
Fra:1 Mem:24.69M (Peak 25.70M) | Time:00:00.01 | Mem:1.66M, Peak:1.66M | Scene, ViewLayer | Updating Images | Loading soil_grass_edge_orm
Fra:1 Mem:26.69M (Peak 27.69M) | Time:00:00.01 | Mem:3.66M, Peak:3.66M | Scene, ViewLayer | Updating Images | Loading soil_grass_edge_normal
Fra:1 Mem:25.69M (Peak 27.69M) | Time:00:00.01 | Mem:4.66M, Peak:4.66M | Scene, ViewLayer | Updating Images | Loading soil_basecolor
Fra:1 Mem:25.03M (Peak 27.70M) | Time:00:00.02 | Mem:6.66M, Peak:6.66M | Scene, ViewLayer | Waiting for render to start
Fra:1 Mem:25.03M (Peak 27.70M) | Time:00:00.02 | Mem:6.66M, Peak:6.66M | Scene, ViewLayer | Loading render kernels (may take a few minutes the first time)
Fra:1 Mem:25.03M (Peak 27.70M) | Time:00:00.02 | Mem:6.66M, Peak:6.66M | Scene, ViewLayer | Updating Scene
Fra:1 Mem:25.03M (Peak 27.70M) | Time:00:00.02 | Mem:6.66M, Peak:6.66M | Scene, ViewLayer | Updating Shaders
Fra:1 Mem:25.13M (Peak 27.70M) | Time:00:00.02 | Mem:6.67M, Peak:6.67M | Scene, ViewLayer | Updating Procedurals
Fra:1 Mem:25.13M (Peak 27.70M) | Time:00:00.02 | Mem:6.67M, Peak:6.67M | Scene, ViewLayer | Updating Background
Fra:1 Mem:25.13M (Peak 27.70M) | Time:00:00.02 | Mem:6.67M, Peak:6.67M | Scene, ViewLayer | Updating Camera
Fra:1 Mem:25.13M (Peak 27.70M) | Time:00:00.02 | Mem:6.67M, Peak:6.67M | Scene, ViewLayer | Updating Meshes Flags
Fra:1 Mem:25.13M (Peak 27.70M) | Time:00:00.02 | Mem:6.67M, Peak:6.67M | Scene, ViewLayer | Updating Objects
Fra:1 Mem:25.13M (Peak 27.70M) | Time:00:00.02 | Mem:6.67M, Peak:6.67M | Scene, ViewLayer | Updating Objects | Copying Transformations to device
Fra:1 Mem:25.13M (Peak 27.70M) | Time:00:00.02 | Mem:6.68M, Peak:6.68M | Scene, ViewLayer | Updating Objects | Applying Static Transformations
Fra:1 Mem:25.13M (Peak 27.70M) | Time:00:00.02 | Mem:6.68M, Peak:6.68M | Scene, ViewLayer | Updating Particle Systems
Fra:1 Mem:25.13M (Peak 27.70M) | Time:00:00.02 | Mem:6.68M, Peak:6.68M | Scene, ViewLayer | Updating Particle Systems | Copying Particles to device
Fra:1 Mem:25.13M (Peak 27.70M) | Time:00:00.02 | Mem:6.68M, Peak:6.68M | Scene, ViewLayer | Updating Meshes
Fra:1 Mem:25.26M (Peak 27.70M) | Time:00:00.02 | Mem:6.68M, Peak:6.68M | Scene, ViewLayer | Updating Mesh | Computing attributes
Fra:1 Mem:25.41M (Peak 27.70M) | Time:00:00.02 | Mem:6.68M, Peak:6.68M | Scene, ViewLayer | Updating Mesh | Copying Attributes to device
Fra:1 Mem:25.40M (Peak 27.70M) | Time:00:00.02 | Mem:6.82M, Peak:6.82M | Scene, ViewLayer | Updating Scene BVH | Building
Fra:1 Mem:25.40M (Peak 27.70M) | Time:00:00.02 | Mem:6.82M, Peak:6.82M | Scene, ViewLayer | Updating Scene BVH | Building BVH
Fra:1 Mem:25.40M (Peak 27.70M) | Time:00:00.02 | Mem:7.07M, Peak:7.07M | Scene, ViewLayer | Updating Scene BVH | Building BVH 0%
Fra:1 Mem:25.40M (Peak 27.70M) | Time:00:00.02 | Mem:7.41M, Peak:7.67M | Scene, ViewLayer | Updating Scene BVH | Copying BVH to device
Fra:1 Mem:25.40M (Peak 27.70M) | Time:00:00.02 | Mem:7.41M, Peak:7.67M | Scene, ViewLayer | Updating Mesh | Computing normals
Fra:1 Mem:25.85M (Peak 27.70M) | Time:00:00.02 | Mem:7.41M, Peak:7.67M | Scene, ViewLayer | Updating Mesh | Copying Mesh to device
Fra:1 Mem:25.85M (Peak 27.70M) | Time:00:00.02 | Mem:7.86M, Peak:7.86M | Scene, ViewLayer | Updating Objects Flags
Fra:1 Mem:25.85M (Peak 27.70M) | Time:00:00.02 | Mem:7.86M, Peak:7.86M | Scene, ViewLayer | Updating Primitive Offsets
Fra:1 Mem:25.85M (Peak 27.70M) | Time:00:00.02 | Mem:7.86M, Peak:7.86M | Scene, ViewLayer | Updating Images
Fra:1 Mem:25.85M (Peak 27.70M) | Time:00:00.02 | Mem:7.86M, Peak:7.86M | Scene, ViewLayer | Updating Camera Volume
Fra:1 Mem:25.85M (Peak 27.70M) | Time:00:00.02 | Mem:7.86M, Peak:7.86M | Scene, ViewLayer | Updating Lookup Tables
Fra:1 Mem:25.85M (Peak 27.70M) | Time:00:00.02 | Mem:7.94M, Peak:7.94M | Scene, ViewLayer | Updating Lights
Fra:1 Mem:25.85M (Peak 27.70M) | Time:00:00.02 | Mem:7.94M, Peak:7.94M | Scene, ViewLayer | Updating Lights | Computing tree
Fra:1 Mem:25.85M (Peak 27.70M) | Time:00:00.02 | Mem:7.94M, Peak:7.94M | Scene, ViewLayer | Updating Integrator
Fra:1 Mem:25.85M (Peak 27.70M) | Time:00:00.02 | Mem:7.94M, Peak:7.94M | Scene, ViewLayer | Updating Film
Fra:1 Mem:25.85M (Peak 27.70M) | Time:00:00.02 | Mem:7.86M, Peak:7.94M | Scene, ViewLayer | Updating Lookup Tables
Fra:1 Mem:25.85M (Peak 27.70M) | Time:00:00.02 | Mem:7.94M, Peak:7.94M | Scene, ViewLayer | Updating Baking
Fra:1 Mem:25.85M (Peak 27.70M) | Time:00:00.02 | Mem:7.94M, Peak:7.94M | Scene, ViewLayer | Updating Device | Writing constant memory
Fra:1 Mem:25.85M (Peak 27.70M) | Time:00:00.02 | Mem:7.94M, Peak:7.94M | Scene, ViewLayer | Sample 0/16
Fra:1 Mem:37.73M (Peak 37.73M) | Time:00:00.19 | Remaining:00:02.47 | Mem:19.82M, Peak:19.82M | Scene, ViewLayer | Sample 1/16
Fra:1 Mem:43.00M (Peak 53.55M) | Time:00:02.36 | Mem:19.82M, Peak:19.82M | Scene, ViewLayer | Sample 16/16
Fra:1 Mem:43.00M (Peak 53.55M) | Time:00:02.36 | Mem:19.82M, Peak:19.82M | Scene, ViewLayer | Finished
Saved: '/workspace/scratch/7c20b5ba4165/atlas-backlog-oct3/tools/assets/ground-planting-details/qa/previews/props-0-oblique-clear.png'
Time: 00:02.43 (Saving: 00:00.05)

Fra:1 Mem:21.10M (Peak 21.10M) | Time:00:00.00 | Mem:0.00M, Peak:0.00M | Scene, ViewLayer | Synchronizing object | curb-body
Fra:1 Mem:21.11M (Peak 21.11M) | Time:00:00.00 | Mem:0.00M, Peak:0.00M | Scene, ViewLayer | Synchronizing object | QA-label
Fra:1 Mem:21.24M (Peak 21.24M) | Time:00:00.00 | Mem:0.00M, Peak:0.00M | Scene, ViewLayer | Synchronizing object | soil-grass-edge-surface
Fra:1 Mem:21.25M (Peak 21.25M) | Time:00:00.00 | Mem:0.00M, Peak:0.00M | Scene, ViewLayer | Synchronizing object | QA-label.001
Fra:1 Mem:21.45M (Peak 21.45M) | Time:00:00.00 | Mem:0.00M, Peak:0.00M | Scene, ViewLayer | Synchronizing object | planter-trough-shell-and-soil
Fra:1 Mem:21.45M (Peak 21.45M) | Time:00:00.00 | Mem:0.00M, Peak:0.00M | Scene, ViewLayer | Synchronizing object | QA-label.002
Fra:1 Mem:21.59M (Peak 21.59M) | Time:00:00.00 | Mem:0.00M, Peak:0.00M | Scene, ViewLayer | Synchronizing object | planter-round-shell-and-soil
Fra:1 Mem:21.59M (Peak 21.59M) | Time:00:00.00 | Mem:0.00M, Peak:0.00M | Scene, ViewLayer | Synchronizing object | QA-label.003
Fra:1 Mem:21.75M (Peak 21.75M) | Time:00:00.00 | Mem:0.00M, Peak:0.00M | Scene, ViewLayer | Synchronizing object | perennial-rosette-leaves
Fra:1 Mem:21.75M (Peak 21.75M) | Time:00:00.00 | Mem:0.00M, Peak:0.00M | Scene, ViewLayer | Synchronizing object | QA-label.004
Fra:1 Mem:21.90M (Peak 21.90M) | Time:00:00.00 | Mem:0.00M, Peak:0.00M | Scene, ViewLayer | Synchronizing object | perennial-tuft-leaves
Fra:1 Mem:21.90M (Peak 21.90M) | Time:00:00.00 | Mem:0.00M, Peak:0.00M | Scene, ViewLayer | Synchronizing object | QA-label.005
Fra:1 Mem:22.01M (Peak 22.01M) | Time:00:00.00 | Mem:0.00M, Peak:0.00M | Scene, ViewLayer | Synchronizing object | QA-human-legs
Fra:1 Mem:22.01M (Peak 22.01M) | Time:00:00.00 | Mem:0.00M, Peak:0.00M | Scene, ViewLayer | Synchronizing object | QA-human-torso
Fra:1 Mem:22.01M (Peak 22.01M) | Time:00:00.00 | Mem:0.00M, Peak:0.00M | Scene, ViewLayer | Synchronizing object | QA-label.006
Fra:1 Mem:22.01M (Peak 22.01M) | Time:00:00.00 | Mem:0.00M, Peak:0.00M | Scene, ViewLayer | Synchronizing object | QA-human-head
Fra:1 Mem:22.04M (Peak 22.04M) | Time:00:00.00 | Mem:0.00M, Peak:0.00M | Scene, ViewLayer | Synchronizing object | QA-human-legs.001
Fra:1 Mem:22.04M (Peak 22.04M) | Time:00:00.00 | Mem:0.00M, Peak:0.00M | Scene, ViewLayer | Synchronizing object | QA-human-torso.001
Fra:1 Mem:22.05M (Peak 22.05M) | Time:00:00.00 | Mem:0.00M, Peak:0.00M | Scene, ViewLayer | Synchronizing object | QA-label.007
Fra:1 Mem:22.05M (Peak 22.05M) | Time:00:00.00 | Mem:0.00M, Peak:0.00M | Scene, ViewLayer | Synchronizing object | QA-human-head.001
Fra:1 Mem:22.09M (Peak 22.09M) | Time:00:00.00 | Mem:0.00M, Peak:0.00M | Scene, ViewLayer | Synchronizing object | QA-ruler
Fra:1 Mem:22.09M (Peak 22.09M) | Time:00:00.00 | Mem:0.00M, Peak:0.00M | Scene, ViewLayer | Synchronizing object | QA-ruler.001
Fra:1 Mem:22.09M (Peak 22.09M) | Time:00:00.00 | Mem:0.00M, Peak:0.00M | Scene, ViewLayer | Synchronizing object | QA-ruler.002
Fra:1 Mem:22.09M (Peak 22.09M) | Time:00:00.00 | Mem:0.00M, Peak:0.00M | Scene, ViewLayer | Synchronizing object | QA-ruler.003
Fra:1 Mem:22.10M (Peak 22.10M) | Time:00:00.00 | Mem:0.00M, Peak:0.00M | Scene, ViewLayer | Synchronizing object | QA-ruler.004
Fra:1 Mem:22.10M (Peak 22.10M) | Time:00:00.00 | Mem:0.00M, Peak:0.00M | Scene, ViewLayer | Synchronizing object | QA-ruler.005
Fra:1 Mem:22.10M (Peak 22.10M) | Time:00:00.00 | Mem:0.00M, Peak:0.00M | Scene, ViewLayer | Synchronizing object | QA-label.008
Fra:1 Mem:22.11M (Peak 22.11M) | Time:00:00.00 | Mem:0.00M, Peak:0.00M | Scene, ViewLayer | Synchronizing object | QA-ruler.006
Fra:1 Mem:22.11M (Peak 22.11M) | Time:00:00.00 | Mem:0.00M, Peak:0.00M | Scene, ViewLayer | Synchronizing object | QA-ruler.007
Fra:1 Mem:22.11M (Peak 22.11M) | Time:00:00.00 | Mem:0.00M, Peak:0.00M | Scene, ViewLayer | Synchronizing object | QA-ruler.008
Fra:1 Mem:22.11M (Peak 22.11M) | Time:00:00.00 | Mem:0.00M, Peak:0.00M | Scene, ViewLayer | Synchronizing object | QA-ground
Fra:1 Mem:22.11M (Peak 22.11M) | Time:00:00.00 | Mem:0.00M, Peak:0.00M | Scene, ViewLayer | Synchronizing object | QA-ruler.009
Fra:1 Mem:22.11M (Peak 22.11M) | Time:00:00.00 | Mem:0.00M, Peak:0.00M | Scene, ViewLayer | Initializing
Fra:1 Mem:20.01M (Peak 22.11M) | Time:00:00.00 | Mem:0.00M, Peak:0.00M | Scene, ViewLayer | Updating Images | Loading concrete-color
Fra:1 Mem:20.01M (Peak 22.11M) | Time:00:00.00 | Mem:0.00M, Peak:0.00M | Scene, ViewLayer | Updating Images | Loading soil_normal
Fra:1 Mem:21.25M (Peak 22.11M) | Time:00:00.00 | Mem:0.22M, Peak:0.22M | Scene, ViewLayer | Updating Images | Loading concrete-orm
Fra:1 Mem:21.47M (Peak 22.11M) | Time:00:00.00 | Mem:0.44M, Peak:0.44M | Scene, ViewLayer | Updating Images | Loading concrete-normal
Fra:1 Mem:21.69M (Peak 22.11M) | Time:00:00.01 | Mem:0.66M, Peak:0.66M | Scene, ViewLayer | Updating Images | Loading soil_grass_edge_basecolor
Fra:1 Mem:22.69M (Peak 23.70M) | Time:00:00.01 | Mem:1.66M, Peak:1.66M | Scene, ViewLayer | Updating Images | Loading soil_grass_edge_orm
Fra:1 Mem:26.69M (Peak 27.69M) | Time:00:00.01 | Mem:3.66M, Peak:3.66M | Scene, ViewLayer | Updating Images | Loading soil_grass_edge_normal
Fra:1 Mem:25.69M (Peak 27.69M) | Time:00:00.01 | Mem:4.66M, Peak:4.66M | Scene, ViewLayer | Updating Images | Loading soil_basecolor
Fra:1 Mem:25.03M (Peak 27.70M) | Time:00:00.02 | Mem:6.66M, Peak:6.66M | Scene, ViewLayer | Waiting for render to start
Fra:1 Mem:25.04M (Peak 27.70M) | Time:00:00.02 | Mem:6.66M, Peak:6.66M | Scene, ViewLayer | Loading render kernels (may take a few minutes the first time)
Fra:1 Mem:25.04M (Peak 27.70M) | Time:00:00.02 | Mem:6.66M, Peak:6.66M | Scene, ViewLayer | Updating Scene
Fra:1 Mem:25.04M (Peak 27.70M) | Time:00:00.02 | Mem:6.66M, Peak:6.66M | Scene, ViewLayer | Updating Shaders
Fra:1 Mem:25.13M (Peak 27.70M) | Time:00:00.02 | Mem:6.67M, Peak:6.67M | Scene, ViewLayer | Updating Procedurals
Fra:1 Mem:25.13M (Peak 27.70M) | Time:00:00.02 | Mem:6.67M, Peak:6.67M | Scene, ViewLayer | Updating Background
Fra:1 Mem:25.13M (Peak 27.70M) | Time:00:00.02 | Mem:6.67M, Peak:6.67M | Scene, ViewLayer | Updating Camera
Fra:1 Mem:25.13M (Peak 27.70M) | Time:00:00.02 | Mem:6.67M, Peak:6.67M | Scene, ViewLayer | Updating Meshes Flags
Fra:1 Mem:25.13M (Peak 27.70M) | Time:00:00.02 | Mem:6.67M, Peak:6.67M | Scene, ViewLayer | Updating Objects
Fra:1 Mem:25.13M (Peak 27.70M) | Time:00:00.02 | Mem:6.67M, Peak:6.67M | Scene, ViewLayer | Updating Objects | Copying Transformations to device
Fra:1 Mem:25.13M (Peak 27.70M) | Time:00:00.02 | Mem:6.68M, Peak:6.68M | Scene, ViewLayer | Updating Objects | Applying Static Transformations
Fra:1 Mem:25.13M (Peak 27.70M) | Time:00:00.02 | Mem:6.68M, Peak:6.68M | Scene, ViewLayer | Updating Particle Systems
Fra:1 Mem:25.13M (Peak 27.70M) | Time:00:00.02 | Mem:6.68M, Peak:6.68M | Scene, ViewLayer | Updating Particle Systems | Copying Particles to device
Fra:1 Mem:25.13M (Peak 27.70M) | Time:00:00.02 | Mem:6.68M, Peak:6.68M | Scene, ViewLayer | Updating Meshes
Fra:1 Mem:25.26M (Peak 27.70M) | Time:00:00.02 | Mem:6.68M, Peak:6.68M | Scene, ViewLayer | Updating Mesh | Computing attributes
Fra:1 Mem:25.41M (Peak 27.70M) | Time:00:00.02 | Mem:6.68M, Peak:6.68M | Scene, ViewLayer | Updating Mesh | Copying Attributes to device
Fra:1 Mem:25.40M (Peak 27.70M) | Time:00:00.02 | Mem:6.82M, Peak:6.82M | Scene, ViewLayer | Updating Scene BVH | Building
Fra:1 Mem:25.40M (Peak 27.70M) | Time:00:00.02 | Mem:6.82M, Peak:6.82M | Scene, ViewLayer | Updating Scene BVH | Building BVH
Fra:1 Mem:25.40M (Peak 27.70M) | Time:00:00.02 | Mem:7.07M, Peak:7.07M | Scene, ViewLayer | Updating Scene BVH | Building BVH 0%
Fra:1 Mem:25.40M (Peak 27.70M) | Time:00:00.02 | Mem:7.41M, Peak:7.67M | Scene, ViewLayer | Updating Scene BVH | Copying BVH to device
Fra:1 Mem:25.40M (Peak 27.70M) | Time:00:00.02 | Mem:7.41M, Peak:7.67M | Scene, ViewLayer | Updating Mesh | Computing normals
Fra:1 Mem:25.85M (Peak 27.70M) | Time:00:00.02 | Mem:7.41M, Peak:7.67M | Scene, ViewLayer | Updating Mesh | Copying Mesh to device
Fra:1 Mem:25.85M (Peak 27.70M) | Time:00:00.02 | Mem:7.86M, Peak:7.86M | Scene, ViewLayer | Updating Objects Flags
Fra:1 Mem:25.85M (Peak 27.70M) | Time:00:00.02 | Mem:7.86M, Peak:7.86M | Scene, ViewLayer | Updating Primitive Offsets
Fra:1 Mem:25.85M (Peak 27.70M) | Time:00:00.02 | Mem:7.86M, Peak:7.86M | Scene, ViewLayer | Updating Images
Fra:1 Mem:25.85M (Peak 27.70M) | Time:00:00.02 | Mem:7.86M, Peak:7.86M | Scene, ViewLayer | Updating Camera Volume
Fra:1 Mem:25.85M (Peak 27.70M) | Time:00:00.02 | Mem:7.86M, Peak:7.86M | Scene, ViewLayer | Updating Lookup Tables
Fra:1 Mem:25.85M (Peak 27.70M) | Time:00:00.02 | Mem:7.94M, Peak:7.94M | Scene, ViewLayer | Updating Lights
Fra:1 Mem:25.85M (Peak 27.70M) | Time:00:00.02 | Mem:7.94M, Peak:7.94M | Scene, ViewLayer | Updating Lights | Computing tree
Fra:1 Mem:25.85M (Peak 27.70M) | Time:00:00.02 | Mem:7.94M, Peak:7.94M | Scene, ViewLayer | Updating Integrator
Fra:1 Mem:25.85M (Peak 27.70M) | Time:00:00.02 | Mem:7.94M, Peak:7.94M | Scene, ViewLayer | Updating Film
Fra:1 Mem:25.85M (Peak 27.70M) | Time:00:00.02 | Mem:7.86M, Peak:7.94M | Scene, ViewLayer | Updating Lookup Tables
Fra:1 Mem:25.85M (Peak 27.70M) | Time:00:00.02 | Mem:7.94M, Peak:7.94M | Scene, ViewLayer | Updating Baking
Fra:1 Mem:25.85M (Peak 27.70M) | Time:00:00.02 | Mem:7.94M, Peak:7.94M | Scene, ViewLayer | Updating Device | Writing constant memory
Fra:1 Mem:25.85M (Peak 27.70M) | Time:00:00.02 | Mem:7.94M, Peak:7.94M | Scene, ViewLayer | Sample 0/16
Fra:1 Mem:37.73M (Peak 37.73M) | Time:00:00.19 | Remaining:00:02.55 | Mem:19.82M, Peak:19.82M | Scene, ViewLayer | Sample 1/16
Fra:1 Mem:43.00M (Peak 53.55M) | Time:00:02.45 | Mem:19.82M, Peak:19.82M | Scene, ViewLayer | Sample 16/16
Fra:1 Mem:43.00M (Peak 53.55M) | Time:00:02.45 | Mem:19.82M, Peak:19.82M | Scene, ViewLayer | Finished
Saved: '/workspace/scratch/7c20b5ba4165/atlas-backlog-oct3/tools/assets/ground-planting-details/qa/previews/props-0-oblique-overcast.png'
Time: 00:02.52 (Saving: 00:00.06)

Fra:1 Mem:21.10M (Peak 21.10M) | Time:00:00.00 | Mem:0.00M, Peak:0.00M | Scene, ViewLayer | Synchronizing object | curb-body
Fra:1 Mem:21.11M (Peak 21.11M) | Time:00:00.00 | Mem:0.00M, Peak:0.00M | Scene, ViewLayer | Synchronizing object | QA-label
Fra:1 Mem:21.25M (Peak 21.25M) | Time:00:00.00 | Mem:0.00M, Peak:0.00M | Scene, ViewLayer | Synchronizing object | QA-label.001
Fra:1 Mem:21.35M (Peak 21.35M) | Time:00:00.00 | Mem:0.00M, Peak:0.00M | Scene, ViewLayer | Synchronizing object | soil-grass-edge-surface
Fra:1 Mem:21.45M (Peak 21.45M) | Time:00:00.00 | Mem:0.00M, Peak:0.00M | Scene, ViewLayer | Synchronizing object | planter-trough-shell-and-soil
Fra:1 Mem:21.46M (Peak 21.46M) | Time:00:00.00 | Mem:0.00M, Peak:0.00M | Scene, ViewLayer | Synchronizing object | QA-label.002
Fra:1 Mem:21.59M (Peak 21.59M) | Time:00:00.00 | Mem:0.00M, Peak:0.00M | Scene, ViewLayer | Synchronizing object | planter-round-shell-and-soil
Fra:1 Mem:21.59M (Peak 21.59M) | Time:00:00.00 | Mem:0.00M, Peak:0.00M | Scene, ViewLayer | Synchronizing object | QA-label.003
Fra:1 Mem:21.79M (Peak 21.79M) | Time:00:00.00 | Mem:0.00M, Peak:0.00M | Scene, ViewLayer | Synchronizing object | QA-label.004
Fra:1 Mem:21.89M (Peak 21.89M) | Time:00:00.00 | Mem:0.00M, Peak:0.00M | Scene, ViewLayer | Synchronizing object | perennial-rosette-leaves
Fra:1 Mem:21.91M (Peak 21.91M) | Time:00:00.00 | Mem:0.00M, Peak:0.00M | Scene, ViewLayer | Synchronizing object | QA-label.005
Fra:1 Mem:21.94M (Peak 21.94M) | Time:00:00.00 | Mem:0.00M, Peak:0.00M | Scene, ViewLayer | Synchronizing object | perennial-tuft-leaves
Fra:1 Mem:22.01M (Peak 22.01M) | Time:00:00.00 | Mem:0.00M, Peak:0.00M | Scene, ViewLayer | Synchronizing object | QA-human-legs
Fra:1 Mem:22.01M (Peak 22.01M) | Time:00:00.00 | Mem:0.00M, Peak:0.00M | Scene, ViewLayer | Synchronizing object | QA-human-torso
Fra:1 Mem:22.01M (Peak 22.01M) | Time:00:00.00 | Mem:0.00M, Peak:0.00M | Scene, ViewLayer | Synchronizing object | QA-label.006
Fra:1 Mem:22.01M (Peak 22.01M) | Time:00:00.00 | Mem:0.00M, Peak:0.00M | Scene, ViewLayer | Synchronizing object | QA-human-head
Fra:1 Mem:22.04M (Peak 22.04M) | Time:00:00.00 | Mem:0.00M, Peak:0.00M | Scene, ViewLayer | Synchronizing object | QA-human-legs.001
Fra:1 Mem:22.04M (Peak 22.04M) | Time:00:00.00 | Mem:0.00M, Peak:0.00M | Scene, ViewLayer | Synchronizing object | QA-human-torso.001
Fra:1 Mem:22.05M (Peak 22.05M) | Time:00:00.00 | Mem:0.00M, Peak:0.00M | Scene, ViewLayer | Synchronizing object | QA-label.007
Fra:1 Mem:22.05M (Peak 22.05M) | Time:00:00.00 | Mem:0.00M, Peak:0.00M | Scene, ViewLayer | Synchronizing object | QA-human-head.001
Fra:1 Mem:22.09M (Peak 22.09M) | Time:00:00.00 | Mem:0.00M, Peak:0.00M | Scene, ViewLayer | Synchronizing object | QA-ruler
Fra:1 Mem:22.09M (Peak 22.09M) | Time:00:00.00 | Mem:0.00M, Peak:0.00M | Scene, ViewLayer | Synchronizing object | QA-ruler.001
Fra:1 Mem:22.10M (Peak 22.10M) | Time:00:00.00 | Mem:0.00M, Peak:0.00M | Scene, ViewLayer | Synchronizing object | QA-label.008
Fra:1 Mem:22.11M (Peak 22.11M) | Time:00:00.00 | Mem:0.00M, Peak:0.00M | Scene, ViewLayer | Synchronizing object | QA-ruler.002
Fra:1 Mem:22.11M (Peak 22.11M) | Time:00:00.00 | Mem:0.00M, Peak:0.00M | Scene, ViewLayer | Synchronizing object | QA-ruler.003
Fra:1 Mem:22.11M (Peak 22.11M) | Time:00:00.00 | Mem:0.00M, Peak:0.00M | Scene, ViewLayer | Synchronizing object | QA-ruler.004
Fra:1 Mem:22.11M (Peak 22.11M) | Time:00:00.00 | Mem:0.00M, Peak:0.00M | Scene, ViewLayer | Synchronizing object | QA-ground
Fra:1 Mem:22.11M (Peak 22.11M) | Time:00:00.00 | Mem:0.00M, Peak:0.00M | Scene, ViewLayer | Synchronizing object | QA-ruler.005
Fra:1 Mem:22.11M (Peak 22.11M) | Time:00:00.00 | Mem:0.00M, Peak:0.00M | Scene, ViewLayer | Synchronizing object | QA-ruler.009
Fra:1 Mem:22.11M (Peak 22.11M) | Time:00:00.00 | Mem:0.00M, Peak:0.00M | Scene, ViewLayer | Synchronizing object | QA-ruler.006
Fra:1 Mem:22.11M (Peak 22.11M) | Time:00:00.00 | Mem:0.00M, Peak:0.00M | Scene, ViewLayer | Synchronizing object | QA-ruler.008
Fra:1 Mem:22.11M (Peak 22.11M) | Time:00:00.00 | Mem:0.00M, Peak:0.00M | Scene, ViewLayer | Synchronizing object | QA-ruler.007
Fra:1 Mem:22.11M (Peak 22.11M) | Time:00:00.00 | Mem:0.00M, Peak:0.00M | Scene, ViewLayer | Initializing
Fra:1 Mem:20.01M (Peak 22.11M) | Time:00:00.00 | Mem:0.00M, Peak:0.00M | Scene, ViewLayer | Updating Images | Loading soil_normal
Fra:1 Mem:21.02M (Peak 22.11M) | Time:00:00.00 | Mem:0.00M, Peak:0.00M | Scene, ViewLayer | Updating Images | Loading concrete-color
Fra:1 Mem:21.25M (Peak 22.11M) | Time:00:00.01 | Mem:0.22M, Peak:0.22M | Scene, ViewLayer | Updating Images | Loading concrete-orm
Fra:1 Mem:21.47M (Peak 22.11M) | Time:00:00.01 | Mem:0.44M, Peak:0.44M | Scene, ViewLayer | Updating Images | Loading concrete-normal
Fra:1 Mem:21.69M (Peak 22.11M) | Time:00:00.01 | Mem:0.66M, Peak:0.66M | Scene, ViewLayer | Updating Images | Loading soil_grass_edge_basecolor
Fra:1 Mem:22.69M (Peak 23.70M) | Time:00:00.01 | Mem:1.66M, Peak:1.66M | Scene, ViewLayer | Updating Images | Loading soil_grass_edge_orm
Fra:1 Mem:26.69M (Peak 27.70M) | Time:00:00.01 | Mem:3.66M, Peak:3.66M | Scene, ViewLayer | Updating Images | Loading soil_grass_edge_normal
Fra:1 Mem:25.69M (Peak 27.70M) | Time:00:00.01 | Mem:4.66M, Peak:4.66M | Scene, ViewLayer | Updating Images | Loading soil_basecolor
Fra:1 Mem:25.03M (Peak 30.71M) | Time:00:00.02 | Mem:6.66M, Peak:6.66M | Scene, ViewLayer | Waiting for render to start
Fra:1 Mem:25.04M (Peak 30.71M) | Time:00:00.02 | Mem:6.66M, Peak:6.66M | Scene, ViewLayer | Loading render kernels (may take a few minutes the first time)
Fra:1 Mem:25.04M (Peak 30.71M) | Time:00:00.02 | Mem:6.66M, Peak:6.66M | Scene, ViewLayer | Updating Scene
Fra:1 Mem:25.04M (Peak 30.71M) | Time:00:00.02 | Mem:6.66M, Peak:6.66M | Scene, ViewLayer | Updating Shaders
Fra:1 Mem:25.13M (Peak 30.71M) | Time:00:00.02 | Mem:6.67M, Peak:6.67M | Scene, ViewLayer | Updating Procedurals
Fra:1 Mem:25.13M (Peak 30.71M) | Time:00:00.02 | Mem:6.67M, Peak:6.67M | Scene, ViewLayer | Updating Background
Fra:1 Mem:25.13M (Peak 30.71M) | Time:00:00.02 | Mem:6.67M, Peak:6.67M | Scene, ViewLayer | Updating Camera
Fra:1 Mem:25.13M (Peak 30.71M) | Time:00:00.02 | Mem:6.67M, Peak:6.67M | Scene, ViewLayer | Updating Meshes Flags
Fra:1 Mem:25.13M (Peak 30.71M) | Time:00:00.02 | Mem:6.67M, Peak:6.67M | Scene, ViewLayer | Updating Objects
Fra:1 Mem:25.13M (Peak 30.71M) | Time:00:00.02 | Mem:6.67M, Peak:6.67M | Scene, ViewLayer | Updating Objects | Copying Transformations to device
Fra:1 Mem:25.13M (Peak 30.71M) | Time:00:00.02 | Mem:6.68M, Peak:6.68M | Scene, ViewLayer | Updating Objects | Applying Static Transformations
Fra:1 Mem:25.13M (Peak 30.71M) | Time:00:00.02 | Mem:6.68M, Peak:6.68M | Scene, ViewLayer | Updating Particle Systems
Fra:1 Mem:25.13M (Peak 30.71M) | Time:00:00.02 | Mem:6.68M, Peak:6.68M | Scene, ViewLayer | Updating Particle Systems | Copying Particles to device
Fra:1 Mem:25.13M (Peak 30.71M) | Time:00:00.02 | Mem:6.68M, Peak:6.68M | Scene, ViewLayer | Updating Meshes
Fra:1 Mem:25.26M (Peak 30.71M) | Time:00:00.02 | Mem:6.68M, Peak:6.68M | Scene, ViewLayer | Updating Mesh | Computing attributes
Fra:1 Mem:25.41M (Peak 30.71M) | Time:00:00.02 | Mem:6.68M, Peak:6.68M | Scene, ViewLayer | Updating Mesh | Copying Attributes to device
Fra:1 Mem:25.40M (Peak 30.71M) | Time:00:00.02 | Mem:6.82M, Peak:6.82M | Scene, ViewLayer | Updating Scene BVH | Building
Fra:1 Mem:25.40M (Peak 30.71M) | Time:00:00.02 | Mem:6.82M, Peak:6.82M | Scene, ViewLayer | Updating Scene BVH | Building BVH
Fra:1 Mem:25.40M (Peak 30.71M) | Time:00:00.02 | Mem:7.07M, Peak:7.07M | Scene, ViewLayer | Updating Scene BVH | Building BVH 0%
Fra:1 Mem:25.40M (Peak 30.71M) | Time:00:00.02 | Mem:7.41M, Peak:7.67M | Scene, ViewLayer | Updating Scene BVH | Copying BVH to device
Fra:1 Mem:25.40M (Peak 30.71M) | Time:00:00.02 | Mem:7.41M, Peak:7.67M | Scene, ViewLayer | Updating Mesh | Computing normals
Fra:1 Mem:25.85M (Peak 30.71M) | Time:00:00.02 | Mem:7.41M, Peak:7.67M | Scene, ViewLayer | Updating Mesh | Copying Mesh to device
Fra:1 Mem:25.85M (Peak 30.71M) | Time:00:00.02 | Mem:7.86M, Peak:7.86M | Scene, ViewLayer | Updating Objects Flags
Fra:1 Mem:25.85M (Peak 30.71M) | Time:00:00.02 | Mem:7.86M, Peak:7.86M | Scene, ViewLayer | Updating Primitive Offsets
Fra:1 Mem:25.85M (Peak 30.71M) | Time:00:00.02 | Mem:7.86M, Peak:7.86M | Scene, ViewLayer | Updating Images
Fra:1 Mem:25.85M (Peak 30.71M) | Time:00:00.02 | Mem:7.86M, Peak:7.86M | Scene, ViewLayer | Updating Camera Volume
Fra:1 Mem:25.85M (Peak 30.71M) | Time:00:00.02 | Mem:7.86M, Peak:7.86M | Scene, ViewLayer | Updating Lookup Tables
Fra:1 Mem:25.85M (Peak 30.71M) | Time:00:00.02 | Mem:7.94M, Peak:7.94M | Scene, ViewLayer | Updating Lights
Fra:1 Mem:25.85M (Peak 30.71M) | Time:00:00.02 | Mem:7.94M, Peak:7.94M | Scene, ViewLayer | Updating Lights | Computing tree
Fra:1 Mem:25.85M (Peak 30.71M) | Time:00:00.02 | Mem:7.94M, Peak:7.94M | Scene, ViewLayer | Updating Integrator
Fra:1 Mem:25.85M (Peak 30.71M) | Time:00:00.02 | Mem:7.94M, Peak:7.94M | Scene, ViewLayer | Updating Film
Fra:1 Mem:25.85M (Peak 30.71M) | Time:00:00.02 | Mem:7.86M, Peak:7.94M | Scene, ViewLayer | Updating Lookup Tables
Fra:1 Mem:25.85M (Peak 30.71M) | Time:00:00.02 | Mem:7.94M, Peak:7.94M | Scene, ViewLayer | Updating Baking
Fra:1 Mem:25.85M (Peak 30.71M) | Time:00:00.02 | Mem:7.94M, Peak:7.94M | Scene, ViewLayer | Updating Device | Writing constant memory
Fra:1 Mem:25.85M (Peak 30.71M) | Time:00:00.02 | Mem:7.94M, Peak:7.94M | Scene, ViewLayer | Sample 0/16
Fra:1 Mem:37.73M (Peak 37.73M) | Time:00:00.22 | Remaining:00:02.97 | Mem:19.82M, Peak:19.82M | Scene, ViewLayer | Sample 1/16
Fra:1 Mem:43.00M (Peak 53.55M) | Time:00:02.50 | Mem:19.82M, Peak:19.82M | Scene, ViewLayer | Sample 16/16
Fra:1 Mem:43.00M (Peak 53.55M) | Time:00:02.50 | Mem:19.82M, Peak:19.82M | Scene, ViewLayer | Finished
Saved: '/workspace/scratch/7c20b5ba4165/atlas-backlog-oct3/tools/assets/ground-planting-details/qa/previews/props-0-oblique-dusk.png'
Time: 00:02.56 (Saving: 00:00.06)

Fra:1 Mem:21.10M (Peak 21.10M) | Time:00:00.00 | Mem:0.00M, Peak:0.00M | Scene, ViewLayer | Synchronizing object | curb-body
Fra:1 Mem:21.11M (Peak 21.11M) | Time:00:00.00 | Mem:0.00M, Peak:0.00M | Scene, ViewLayer | Synchronizing object | QA-label
Fra:1 Mem:21.24M (Peak 21.24M) | Time:00:00.00 | Mem:0.00M, Peak:0.00M | Scene, ViewLayer | Synchronizing object | soil-grass-edge-surface
Fra:1 Mem:21.24M (Peak 21.24M) | Time:00:00.00 | Mem:0.00M, Peak:0.00M | Scene, ViewLayer | Synchronizing object | QA-label.001
Fra:1 Mem:21.45M (Peak 21.45M) | Time:00:00.00 | Mem:0.00M, Peak:0.00M | Scene, ViewLayer | Synchronizing object | planter-trough-shell-and-soil
Fra:1 Mem:21.45M (Peak 21.45M) | Time:00:00.00 | Mem:0.00M, Peak:0.00M | Scene, ViewLayer | Synchronizing object | QA-label.002
Fra:1 Mem:21.59M (Peak 21.59M) | Time:00:00.00 | Mem:0.00M, Peak:0.00M | Scene, ViewLayer | Synchronizing object | planter-round-shell-and-soil
Fra:1 Mem:21.59M (Peak 21.59M) | Time:00:00.00 | Mem:0.00M, Peak:0.00M | Scene, ViewLayer | Synchronizing object | QA-label.003
Fra:1 Mem:21.79M (Peak 21.79M) | Time:00:00.00 | Mem:0.00M, Peak:0.00M | Scene, ViewLayer | Synchronizing object | QA-label.004
Fra:1 Mem:21.90M (Peak 21.90M) | Time:00:00.00 | Mem:0.00M, Peak:0.00M | Scene, ViewLayer | Synchronizing object | QA-label.005
Fra:1 Mem:21.91M (Peak 21.91M) | Time:00:00.00 | Mem:0.00M, Peak:0.00M | Scene, ViewLayer | Synchronizing object | perennial-rosette-leaves
Fra:1 Mem:21.99M (Peak 21.99M) | Time:00:00.00 | Mem:0.00M, Peak:0.00M | Scene, ViewLayer | Synchronizing object | perennial-tuft-leaves
Fra:1 Mem:22.01M (Peak 22.01M) | Time:00:00.00 | Mem:0.00M, Peak:0.00M | Scene, ViewLayer | Synchronizing object | QA-human-legs
Fra:1 Mem:22.01M (Peak 22.01M) | Time:00:00.00 | Mem:0.00M, Peak:0.00M | Scene, ViewLayer | Synchronizing object | QA-label.006
Fra:1 Mem:22.03M (Peak 22.03M) | Time:00:00.00 | Mem:0.00M, Peak:0.00M | Scene, ViewLayer | Synchronizing object | QA-human-torso
Fra:1 Mem:22.03M (Peak 22.03M) | Time:00:00.00 | Mem:0.00M, Peak:0.00M | Scene, ViewLayer | Synchronizing object | QA-human-head
Fra:1 Mem:22.04M (Peak 22.04M) | Time:00:00.00 | Mem:0.00M, Peak:0.00M | Scene, ViewLayer | Synchronizing object | QA-human-legs.001
Fra:1 Mem:22.04M (Peak 22.04M) | Time:00:00.00 | Mem:0.00M, Peak:0.00M | Scene, ViewLayer | Synchronizing object | QA-human-torso.001
Fra:1 Mem:22.05M (Peak 22.05M) | Time:00:00.00 | Mem:0.00M, Peak:0.00M | Scene, ViewLayer | Synchronizing object | QA-human-head.001
Fra:1 Mem:22.05M (Peak 22.05M) | Time:00:00.00 | Mem:0.00M, Peak:0.00M | Scene, ViewLayer | Synchronizing object | QA-label.007
Fra:1 Mem:22.09M (Peak 22.09M) | Time:00:00.00 | Mem:0.00M, Peak:0.00M | Scene, ViewLayer | Synchronizing object | QA-ruler
Fra:1 Mem:22.09M (Peak 22.09M) | Time:00:00.00 | Mem:0.00M, Peak:0.00M | Scene, ViewLayer | Synchronizing object | QA-ruler.001
Fra:1 Mem:22.09M (Peak 22.09M) | Time:00:00.00 | Mem:0.00M, Peak:0.00M | Scene, ViewLayer | Synchronizing object | QA-ruler.002
Fra:1 Mem:22.09M (Peak 22.09M) | Time:00:00.00 | Mem:0.00M, Peak:0.00M | Scene, ViewLayer | Synchronizing object | QA-ruler.003
Fra:1 Mem:22.10M (Peak 22.10M) | Time:00:00.00 | Mem:0.00M, Peak:0.00M | Scene, ViewLayer | Synchronizing object | QA-ruler.004
Fra:1 Mem:22.10M (Peak 22.10M) | Time:00:00.00 | Mem:0.00M, Peak:0.00M | Scene, ViewLayer | Synchronizing object | QA-ruler.005
Fra:1 Mem:22.10M (Peak 22.10M) | Time:00:00.00 | Mem:0.00M, Peak:0.00M | Scene, ViewLayer | Synchronizing object | QA-ruler.006
Fra:1 Mem:22.10M (Peak 22.10M) | Time:00:00.00 | Mem:0.00M, Peak:0.00M | Scene, ViewLayer | Synchronizing object | QA-ruler.007
Fra:1 Mem:22.10M (Peak 22.10M) | Time:00:00.00 | Mem:0.00M, Peak:0.00M | Scene, ViewLayer | Synchronizing object | QA-label.008
Fra:1 Mem:22.11M (Peak 22.11M) | Time:00:00.00 | Mem:0.00M, Peak:0.00M | Scene, ViewLayer | Synchronizing object | QA-ground
Fra:1 Mem:22.11M (Peak 22.11M) | Time:00:00.00 | Mem:0.00M, Peak:0.00M | Scene, ViewLayer | Synchronizing object | QA-ruler.009
Fra:1 Mem:22.11M (Peak 22.11M) | Time:00:00.00 | Mem:0.00M, Peak:0.00M | Scene, ViewLayer | Initializing
Fra:1 Mem:20.01M (Peak 22.11M) | Time:00:00.00 | Mem:0.00M, Peak:0.00M | Scene, ViewLayer | Updating Images | Loading soil_normal
Fra:1 Mem:21.25M (Peak 22.11M) | Time:00:00.00 | Mem:0.22M, Peak:0.22M | Scene, ViewLayer | Updating Images | Loading concrete-orm
Fra:1 Mem:21.47M (Peak 22.11M) | Time:00:00.00 | Mem:0.44M, Peak:0.44M | Scene, ViewLayer | Updating Images | Loading concrete-normal
Fra:1 Mem:21.69M (Peak 22.11M) | Time:00:00.00 | Mem:0.66M, Peak:0.66M | Scene, ViewLayer | Updating Images | Loading soil_grass_edge_basecolor
Fra:1 Mem:24.70M (Peak 25.71M) | Time:00:00.01 | Mem:1.66M, Peak:1.66M | Scene, ViewLayer | Updating Images | Loading soil_grass_edge_orm
Fra:1 Mem:26.69M (Peak 27.70M) | Time:00:00.01 | Mem:3.66M, Peak:3.66M | Scene, ViewLayer | Updating Images | Loading soil_grass_edge_normal
Fra:1 Mem:25.69M (Peak 27.70M) | Time:00:00.01 | Mem:4.66M, Peak:4.66M | Scene, ViewLayer | Updating Images | Loading soil_basecolor
Fra:1 Mem:25.03M (Peak 27.70M) | Time:00:00.02 | Mem:6.66M, Peak:6.66M | Scene, ViewLayer | Waiting for render to start
Fra:1 Mem:25.04M (Peak 27.70M) | Time:00:00.02 | Mem:6.66M, Peak:6.66M | Scene, ViewLayer | Loading render kernels (may take a few minutes the first time)
Fra:1 Mem:25.04M (Peak 27.70M) | Time:00:00.02 | Mem:6.66M, Peak:6.66M | Scene, ViewLayer | Updating Scene
Fra:1 Mem:25.04M (Peak 27.70M) | Time:00:00.02 | Mem:6.66M, Peak:6.66M | Scene, ViewLayer | Updating Shaders
Fra:1 Mem:25.13M (Peak 27.70M) | Time:00:00.02 | Mem:6.67M, Peak:6.67M | Scene, ViewLayer | Updating Procedurals
Fra:1 Mem:25.13M (Peak 27.70M) | Time:00:00.02 | Mem:6.67M, Peak:6.67M | Scene, ViewLayer | Updating Background
Fra:1 Mem:25.13M (Peak 27.70M) | Time:00:00.02 | Mem:6.67M, Peak:6.67M | Scene, ViewLayer | Updating Camera
Fra:1 Mem:25.13M (Peak 27.70M) | Time:00:00.02 | Mem:6.67M, Peak:6.67M | Scene, ViewLayer | Updating Meshes Flags
Fra:1 Mem:25.13M (Peak 27.70M) | Time:00:00.02 | Mem:6.67M, Peak:6.67M | Scene, ViewLayer | Updating Objects
Fra:1 Mem:25.13M (Peak 27.70M) | Time:00:00.02 | Mem:6.67M, Peak:6.67M | Scene, ViewLayer | Updating Objects | Copying Transformations to device
Fra:1 Mem:25.13M (Peak 27.70M) | Time:00:00.02 | Mem:6.68M, Peak:6.68M | Scene, ViewLayer | Updating Objects | Applying Static Transformations
Fra:1 Mem:25.13M (Peak 27.70M) | Time:00:00.02 | Mem:6.68M, Peak:6.68M | Scene, ViewLayer | Updating Particle Systems
Fra:1 Mem:25.13M (Peak 27.70M) | Time:00:00.02 | Mem:6.68M, Peak:6.68M | Scene, ViewLayer | Updating Particle Systems | Copying Particles to device
Fra:1 Mem:25.13M (Peak 27.70M) | Time:00:00.02 | Mem:6.68M, Peak:6.68M | Scene, ViewLayer | Updating Meshes
Fra:1 Mem:25.26M (Peak 27.70M) | Time:00:00.02 | Mem:6.68M, Peak:6.68M | Scene, ViewLayer | Updating Mesh | Computing attributes
Fra:1 Mem:25.41M (Peak 27.70M) | Time:00:00.02 | Mem:6.68M, Peak:6.68M | Scene, ViewLayer | Updating Mesh | Copying Attributes to device
Fra:1 Mem:25.40M (Peak 27.70M) | Time:00:00.02 | Mem:6.82M, Peak:6.82M | Scene, ViewLayer | Updating Scene BVH | Building
Fra:1 Mem:25.40M (Peak 27.70M) | Time:00:00.02 | Mem:6.82M, Peak:6.82M | Scene, ViewLayer | Updating Scene BVH | Building BVH
Fra:1 Mem:25.40M (Peak 27.70M) | Time:00:00.02 | Mem:7.07M, Peak:7.07M | Scene, ViewLayer | Updating Scene BVH | Building BVH 0%
Fra:1 Mem:25.40M (Peak 27.70M) | Time:00:00.02 | Mem:7.41M, Peak:7.67M | Scene, ViewLayer | Updating Scene BVH | Copying BVH to device
Fra:1 Mem:25.40M (Peak 27.70M) | Time:00:00.02 | Mem:7.41M, Peak:7.67M | Scene, ViewLayer | Updating Mesh | Computing normals
Fra:1 Mem:25.85M (Peak 27.70M) | Time:00:00.02 | Mem:7.41M, Peak:7.67M | Scene, ViewLayer | Updating Mesh | Copying Mesh to device
Fra:1 Mem:25.85M (Peak 27.70M) | Time:00:00.02 | Mem:7.86M, Peak:7.86M | Scene, ViewLayer | Updating Objects Flags
Fra:1 Mem:25.85M (Peak 27.70M) | Time:00:00.02 | Mem:7.86M, Peak:7.86M | Scene, ViewLayer | Updating Primitive Offsets
Fra:1 Mem:25.85M (Peak 27.70M) | Time:00:00.02 | Mem:7.86M, Peak:7.86M | Scene, ViewLayer | Updating Images
Fra:1 Mem:25.85M (Peak 27.70M) | Time:00:00.02 | Mem:7.86M, Peak:7.86M | Scene, ViewLayer | Updating Camera Volume
Fra:1 Mem:25.85M (Peak 27.70M) | Time:00:00.02 | Mem:7.86M, Peak:7.86M | Scene, ViewLayer | Updating Lookup Tables
Fra:1 Mem:25.85M (Peak 27.70M) | Time:00:00.02 | Mem:7.94M, Peak:7.94M | Scene, ViewLayer | Updating Lights
Fra:1 Mem:25.85M (Peak 27.70M) | Time:00:00.02 | Mem:7.94M, Peak:7.94M | Scene, ViewLayer | Updating Lights | Computing tree
Fra:1 Mem:25.85M (Peak 27.70M) | Time:00:00.02 | Mem:7.94M, Peak:7.94M | Scene, ViewLayer | Updating Integrator
Fra:1 Mem:25.85M (Peak 27.70M) | Time:00:00.02 | Mem:7.94M, Peak:7.94M | Scene, ViewLayer | Updating Film
Fra:1 Mem:25.85M (Peak 27.70M) | Time:00:00.02 | Mem:7.86M, Peak:7.94M | Scene, ViewLayer | Updating Lookup Tables
Fra:1 Mem:25.85M (Peak 27.70M) | Time:00:00.02 | Mem:7.94M, Peak:7.94M | Scene, ViewLayer | Updating Baking
Fra:1 Mem:25.85M (Peak 27.70M) | Time:00:00.02 | Mem:7.94M, Peak:7.94M | Scene, ViewLayer | Updating Device | Writing constant memory
Fra:1 Mem:25.85M (Peak 27.70M) | Time:00:00.02 | Mem:7.94M, Peak:7.94M | Scene, ViewLayer | Sample 0/16
Fra:1 Mem:37.73M (Peak 37.73M) | Time:00:00.19 | Remaining:00:02.48 | Mem:19.82M, Peak:19.82M | Scene, ViewLayer | Sample 1/16
Fra:1 Mem:43.00M (Peak 53.55M) | Time:00:02.37 | Mem:19.82M, Peak:19.82M | Scene, ViewLayer | Sample 16/16
Fra:1 Mem:43.00M (Peak 53.55M) | Time:00:02.37 | Mem:19.82M, Peak:19.82M | Scene, ViewLayer | Finished
Saved: '/workspace/scratch/7c20b5ba4165/atlas-backlog-oct3/tools/assets/ground-planting-details/qa/previews/props-0-oblique-night.png'
Time: 00:02.44 (Saving: 00:00.06)

Fra:1 Mem:21.10M (Peak 21.10M) | Time:00:00.00 | Mem:0.00M, Peak:0.00M | Scene, ViewLayer | Synchronizing object | curb-body
Fra:1 Mem:21.11M (Peak 21.11M) | Time:00:00.00 | Mem:0.00M, Peak:0.00M | Scene, ViewLayer | Synchronizing object | QA-label
Fra:1 Mem:21.24M (Peak 21.24M) | Time:00:00.00 | Mem:0.00M, Peak:0.00M | Scene, ViewLayer | Synchronizing object | soil-grass-edge-surface
Fra:1 Mem:21.24M (Peak 21.24M) | Time:00:00.00 | Mem:0.00M, Peak:0.00M | Scene, ViewLayer | Synchronizing object | QA-label.001
Fra:1 Mem:21.45M (Peak 21.45M) | Time:00:00.00 | Mem:0.00M, Peak:0.00M | Scene, ViewLayer | Synchronizing object | planter-trough-shell-and-soil
Fra:1 Mem:21.46M (Peak 21.46M) | Time:00:00.00 | Mem:0.00M, Peak:0.00M | Scene, ViewLayer | Synchronizing object | QA-label.002
Fra:1 Mem:21.59M (Peak 21.59M) | Time:00:00.00 | Mem:0.00M, Peak:0.00M | Scene, ViewLayer | Synchronizing object | planter-round-shell-and-soil
Fra:1 Mem:21.59M (Peak 21.59M) | Time:00:00.00 | Mem:0.00M, Peak:0.00M | Scene, ViewLayer | Synchronizing object | QA-label.003
Fra:1 Mem:21.79M (Peak 21.79M) | Time:00:00.00 | Mem:0.00M, Peak:0.00M | Scene, ViewLayer | Synchronizing object | QA-label.004
Fra:1 Mem:21.89M (Peak 21.89M) | Time:00:00.00 | Mem:0.00M, Peak:0.00M | Scene, ViewLayer | Synchronizing object | perennial-rosette-leaves
Fra:1 Mem:21.91M (Peak 21.91M) | Time:00:00.00 | Mem:0.00M, Peak:0.00M | Scene, ViewLayer | Synchronizing object | QA-label.005
Fra:1 Mem:21.97M (Peak 21.97M) | Time:00:00.00 | Mem:0.00M, Peak:0.00M | Scene, ViewLayer | Synchronizing object | perennial-tuft-leaves
Fra:1 Mem:22.01M (Peak 22.01M) | Time:00:00.00 | Mem:0.00M, Peak:0.00M | Scene, ViewLayer | Synchronizing object | QA-human-legs
Fra:1 Mem:22.01M (Peak 22.01M) | Time:00:00.00 | Mem:0.00M, Peak:0.00M | Scene, ViewLayer | Synchronizing object | QA-human-torso
Fra:1 Mem:22.01M (Peak 22.01M) | Time:00:00.00 | Mem:0.00M, Peak:0.00M | Scene, ViewLayer | Synchronizing object | QA-human-head
Fra:1 Mem:22.02M (Peak 22.02M) | Time:00:00.00 | Mem:0.00M, Peak:0.00M | Scene, ViewLayer | Synchronizing object | QA-label.006
Fra:1 Mem:22.04M (Peak 22.04M) | Time:00:00.00 | Mem:0.00M, Peak:0.00M | Scene, ViewLayer | Synchronizing object | QA-human-legs.001
Fra:1 Mem:22.05M (Peak 22.05M) | Time:00:00.00 | Mem:0.00M, Peak:0.00M | Scene, ViewLayer | Synchronizing object | QA-human-torso.001
Fra:1 Mem:22.05M (Peak 22.05M) | Time:00:00.00 | Mem:0.00M, Peak:0.00M | Scene, ViewLayer | Synchronizing object | QA-human-head.001
Fra:1 Mem:22.05M (Peak 22.05M) | Time:00:00.00 | Mem:0.00M, Peak:0.00M | Scene, ViewLayer | Synchronizing object | QA-label.007
Fra:1 Mem:22.09M (Peak 22.09M) | Time:00:00.00 | Mem:0.00M, Peak:0.00M | Scene, ViewLayer | Synchronizing object | QA-ruler
Fra:1 Mem:22.09M (Peak 22.09M) | Time:00:00.00 | Mem:0.00M, Peak:0.00M | Scene, ViewLayer | Synchronizing object | QA-ruler.001
Fra:1 Mem:22.09M (Peak 22.09M) | Time:00:00.00 | Mem:0.00M, Peak:0.00M | Scene, ViewLayer | Synchronizing object | QA-ruler.002
Fra:1 Mem:22.09M (Peak 22.09M) | Time:00:00.00 | Mem:0.00M, Peak:0.00M | Scene, ViewLayer | Synchronizing object | QA-ruler.003
Fra:1 Mem:22.10M (Peak 22.10M) | Time:00:00.00 | Mem:0.00M, Peak:0.00M | Scene, ViewLayer | Synchronizing object | QA-ruler.004
Fra:1 Mem:22.10M (Peak 22.10M) | Time:00:00.00 | Mem:0.00M, Peak:0.00M | Scene, ViewLayer | Synchronizing object | QA-ruler.005
Fra:1 Mem:22.10M (Peak 22.10M) | Time:00:00.00 | Mem:0.00M, Peak:0.00M | Scene, ViewLayer | Synchronizing object | QA-ruler.006
Fra:1 Mem:22.10M (Peak 22.10M) | Time:00:00.00 | Mem:0.00M, Peak:0.00M | Scene, ViewLayer | Synchronizing object | QA-ruler.007
Fra:1 Mem:22.10M (Peak 22.10M) | Time:00:00.00 | Mem:0.00M, Peak:0.00M | Scene, ViewLayer | Synchronizing object | QA-label.008
Fra:1 Mem:22.10M (Peak 22.10M) | Time:00:00.00 | Mem:0.00M, Peak:0.00M | Scene, ViewLayer | Synchronizing object | QA-ruler.008
Fra:1 Mem:22.11M (Peak 22.11M) | Time:00:00.00 | Mem:0.00M, Peak:0.00M | Scene, ViewLayer | Synchronizing object | QA-ruler.009
Fra:1 Mem:22.11M (Peak 22.11M) | Time:00:00.00 | Mem:0.00M, Peak:0.00M | Scene, ViewLayer | Synchronizing object | QA-ground
Fra:1 Mem:22.11M (Peak 22.11M) | Time:00:00.00 | Mem:0.00M, Peak:0.00M | Scene, ViewLayer | Initializing
Fra:1 Mem:20.01M (Peak 22.11M) | Time:00:00.00 | Mem:0.00M, Peak:0.00M | Scene, ViewLayer | Updating Images | Loading concrete-color
Fra:1 Mem:21.25M (Peak 22.11M) | Time:00:00.00 | Mem:0.22M, Peak:0.22M | Scene, ViewLayer | Updating Images | Loading concrete-orm
Fra:1 Mem:21.47M (Peak 22.11M) | Time:00:00.00 | Mem:0.44M, Peak:0.44M | Scene, ViewLayer | Updating Images | Loading concrete-normal
Fra:1 Mem:21.69M (Peak 22.11M) | Time:00:00.00 | Mem:0.66M, Peak:0.66M | Scene, ViewLayer | Updating Images | Loading soil_grass_edge_basecolor
Fra:1 Mem:22.69M (Peak 23.70M) | Time:00:00.01 | Mem:1.66M, Peak:1.66M | Scene, ViewLayer | Updating Images | Loading soil_grass_edge_orm
Fra:1 Mem:26.69M (Peak 27.70M) | Time:00:00.01 | Mem:3.66M, Peak:3.66M | Scene, ViewLayer | Updating Images | Loading soil_grass_edge_normal
Fra:1 Mem:25.69M (Peak 27.70M) | Time:00:00.01 | Mem:4.66M, Peak:4.66M | Scene, ViewLayer | Updating Images | Loading soil_basecolor
Fra:1 Mem:25.03M (Peak 27.70M) | Time:00:00.02 | Mem:6.66M, Peak:6.66M | Scene, ViewLayer | Waiting for render to start
Fra:1 Mem:25.04M (Peak 27.70M) | Time:00:00.02 | Mem:6.66M, Peak:6.66M | Scene, ViewLayer | Loading render kernels (may take a few minutes the first time)
Fra:1 Mem:25.04M (Peak 27.70M) | Time:00:00.02 | Mem:6.66M, Peak:6.66M | Scene, ViewLayer | Updating Scene
Fra:1 Mem:25.04M (Peak 27.70M) | Time:00:00.02 | Mem:6.66M, Peak:6.66M | Scene, ViewLayer | Updating Shaders
Fra:1 Mem:25.13M (Peak 27.70M) | Time:00:00.02 | Mem:6.67M, Peak:6.67M | Scene, ViewLayer | Updating Procedurals
Fra:1 Mem:25.13M (Peak 27.70M) | Time:00:00.02 | Mem:6.67M, Peak:6.67M | Scene, ViewLayer | Updating Background
Fra:1 Mem:25.13M (Peak 27.70M) | Time:00:00.02 | Mem:6.67M, Peak:6.67M | Scene, ViewLayer | Updating Camera
Fra:1 Mem:25.13M (Peak 27.70M) | Time:00:00.02 | Mem:6.67M, Peak:6.67M | Scene, ViewLayer | Updating Meshes Flags
Fra:1 Mem:25.13M (Peak 27.70M) | Time:00:00.02 | Mem:6.67M, Peak:6.67M | Scene, ViewLayer | Updating Objects
Fra:1 Mem:25.13M (Peak 27.70M) | Time:00:00.02 | Mem:6.67M, Peak:6.67M | Scene, ViewLayer | Updating Objects | Copying Transformations to device
Fra:1 Mem:25.13M (Peak 27.70M) | Time:00:00.02 | Mem:6.68M, Peak:6.68M | Scene, ViewLayer | Updating Objects | Applying Static Transformations
Fra:1 Mem:25.13M (Peak 27.70M) | Time:00:00.02 | Mem:6.68M, Peak:6.68M | Scene, ViewLayer | Updating Particle Systems
Fra:1 Mem:25.13M (Peak 27.70M) | Time:00:00.02 | Mem:6.68M, Peak:6.68M | Scene, ViewLayer | Updating Particle Systems | Copying Particles to device
Fra:1 Mem:25.13M (Peak 27.70M) | Time:00:00.02 | Mem:6.68M, Peak:6.68M | Scene, ViewLayer | Updating Meshes
Fra:1 Mem:25.26M (Peak 27.70M) | Time:00:00.02 | Mem:6.68M, Peak:6.68M | Scene, ViewLayer | Updating Mesh | Computing attributes
Fra:1 Mem:25.41M (Peak 27.70M) | Time:00:00.02 | Mem:6.68M, Peak:6.68M | Scene, ViewLayer | Updating Mesh | Copying Attributes to device
Fra:1 Mem:25.40M (Peak 27.70M) | Time:00:00.02 | Mem:6.82M, Peak:6.82M | Scene, ViewLayer | Updating Scene BVH | Building
Fra:1 Mem:25.40M (Peak 27.70M) | Time:00:00.02 | Mem:6.82M, Peak:6.82M | Scene, ViewLayer | Updating Scene BVH | Building BVH
Fra:1 Mem:25.40M (Peak 27.70M) | Time:00:00.02 | Mem:7.07M, Peak:7.07M | Scene, ViewLayer | Updating Scene BVH | Building BVH 0%
Fra:1 Mem:25.40M (Peak 27.70M) | Time:00:00.02 | Mem:7.41M, Peak:7.67M | Scene, ViewLayer | Updating Scene BVH | Copying BVH to device
Fra:1 Mem:25.40M (Peak 27.70M) | Time:00:00.02 | Mem:7.41M, Peak:7.67M | Scene, ViewLayer | Updating Mesh | Computing normals
Fra:1 Mem:25.85M (Peak 27.70M) | Time:00:00.02 | Mem:7.41M, Peak:7.67M | Scene, ViewLayer | Updating Mesh | Copying Mesh to device
Fra:1 Mem:25.85M (Peak 27.70M) | Time:00:00.02 | Mem:7.86M, Peak:7.86M | Scene, ViewLayer | Updating Objects Flags
Fra:1 Mem:25.85M (Peak 27.70M) | Time:00:00.02 | Mem:7.86M, Peak:7.86M | Scene, ViewLayer | Updating Primitive Offsets
Fra:1 Mem:25.85M (Peak 27.70M) | Time:00:00.02 | Mem:7.86M, Peak:7.86M | Scene, ViewLayer | Updating Images
Fra:1 Mem:25.85M (Peak 27.70M) | Time:00:00.02 | Mem:7.86M, Peak:7.86M | Scene, ViewLayer | Updating Camera Volume
Fra:1 Mem:25.85M (Peak 27.70M) | Time:00:00.02 | Mem:7.86M, Peak:7.86M | Scene, ViewLayer | Updating Lookup Tables
Fra:1 Mem:25.85M (Peak 27.70M) | Time:00:00.02 | Mem:7.94M, Peak:7.94M | Scene, ViewLayer | Updating Lights
Fra:1 Mem:25.85M (Peak 27.70M) | Time:00:00.02 | Mem:7.94M, Peak:7.94M | Scene, ViewLayer | Updating Lights | Computing tree
Fra:1 Mem:25.85M (Peak 27.70M) | Time:00:00.02 | Mem:7.94M, Peak:7.94M | Scene, ViewLayer | Updating Integrator
Fra:1 Mem:25.85M (Peak 27.70M) | Time:00:00.02 | Mem:7.94M, Peak:7.94M | Scene, ViewLayer | Updating Film
Fra:1 Mem:25.85M (Peak 27.70M) | Time:00:00.02 | Mem:7.86M, Peak:7.94M | Scene, ViewLayer | Updating Lookup Tables
Fra:1 Mem:25.85M (Peak 27.70M) | Time:00:00.02 | Mem:7.94M, Peak:7.94M | Scene, ViewLayer | Updating Baking
Fra:1 Mem:25.85M (Peak 27.70M) | Time:00:00.02 | Mem:7.94M, Peak:7.94M | Scene, ViewLayer | Updating Device | Writing constant memory
Fra:1 Mem:25.85M (Peak 27.70M) | Time:00:00.02 | Mem:7.94M, Peak:7.94M | Scene, ViewLayer | Sample 0/16
Fra:1 Mem:37.73M (Peak 37.73M) | Time:00:00.11 | Remaining:00:01.35 | Mem:19.82M, Peak:19.82M | Scene, ViewLayer | Sample 1/16
Fra:1 Mem:43.00M (Peak 53.55M) | Time:00:01.17 | Mem:19.82M, Peak:19.82M | Scene, ViewLayer | Sample 16/16
Fra:1 Mem:43.00M (Peak 53.55M) | Time:00:01.17 | Mem:19.82M, Peak:19.82M | Scene, ViewLayer | Finished
Saved: '/workspace/scratch/7c20b5ba4165/atlas-backlog-oct3/tools/assets/ground-planting-details/qa/previews/props-0-grazing-clear.png'
Time: 00:01.22 (Saving: 00:00.05)

Fra:1 Mem:21.10M (Peak 21.10M) | Time:00:00.00 | Mem:0.00M, Peak:0.00M | Scene, ViewLayer | Synchronizing object | curb-body
Fra:1 Mem:21.11M (Peak 21.11M) | Time:00:00.00 | Mem:0.00M, Peak:0.00M | Scene, ViewLayer | Synchronizing object | QA-label
Fra:1 Mem:21.24M (Peak 21.24M) | Time:00:00.00 | Mem:0.00M, Peak:0.00M | Scene, ViewLayer | Synchronizing object | soil-grass-edge-surface
Fra:1 Mem:21.24M (Peak 21.24M) | Time:00:00.00 | Mem:0.00M, Peak:0.00M | Scene, ViewLayer | Synchronizing object | QA-label.001
Fra:1 Mem:21.45M (Peak 21.45M) | Time:00:00.00 | Mem:0.00M, Peak:0.00M | Scene, ViewLayer | Synchronizing object | planter-trough-shell-and-soil
Fra:1 Mem:21.46M (Peak 21.46M) | Time:00:00.00 | Mem:0.00M, Peak:0.00M | Scene, ViewLayer | Synchronizing object | QA-label.002
Fra:1 Mem:21.59M (Peak 21.59M) | Time:00:00.00 | Mem:0.00M, Peak:0.00M | Scene, ViewLayer | Synchronizing object | planter-round-shell-and-soil
Fra:1 Mem:21.59M (Peak 21.59M) | Time:00:00.00 | Mem:0.00M, Peak:0.00M | Scene, ViewLayer | Synchronizing object | QA-label.003
Fra:1 Mem:21.79M (Peak 21.79M) | Time:00:00.00 | Mem:0.00M, Peak:0.00M | Scene, ViewLayer | Synchronizing object | QA-label.004
Fra:1 Mem:21.91M (Peak 21.91M) | Time:00:00.00 | Mem:0.00M, Peak:0.00M | Scene, ViewLayer | Synchronizing object | perennial-rosette-leaves
Fra:1 Mem:21.92M (Peak 21.92M) | Time:00:00.00 | Mem:0.00M, Peak:0.00M | Scene, ViewLayer | Synchronizing object | QA-label.005
Fra:1 Mem:21.98M (Peak 21.98M) | Time:00:00.00 | Mem:0.00M, Peak:0.00M | Scene, ViewLayer | Synchronizing object | perennial-tuft-leaves
Fra:1 Mem:22.01M (Peak 22.01M) | Time:00:00.00 | Mem:0.00M, Peak:0.00M | Scene, ViewLayer | Synchronizing object | QA-human-legs
Fra:1 Mem:22.01M (Peak 22.01M) | Time:00:00.00 | Mem:0.00M, Peak:0.00M | Scene, ViewLayer | Synchronizing object | QA-human-torso
Fra:1 Mem:22.01M (Peak 22.01M) | Time:00:00.00 | Mem:0.00M, Peak:0.00M | Scene, ViewLayer | Synchronizing object | QA-human-head
Fra:1 Mem:22.02M (Peak 22.02M) | Time:00:00.00 | Mem:0.00M, Peak:0.00M | Scene, ViewLayer | Synchronizing object | QA-label.006
Fra:1 Mem:22.04M (Peak 22.04M) | Time:00:00.00 | Mem:0.00M, Peak:0.00M | Scene, ViewLayer | Synchronizing object | QA-human-legs.001
Fra:1 Mem:22.05M (Peak 22.05M) | Time:00:00.00 | Mem:0.00M, Peak:0.00M | Scene, ViewLayer | Synchronizing object | QA-human-torso.001
Fra:1 Mem:22.05M (Peak 22.05M) | Time:00:00.00 | Mem:0.00M, Peak:0.00M | Scene, ViewLayer | Synchronizing object | QA-label.007
Fra:1 Mem:22.07M (Peak 22.07M) | Time:00:00.00 | Mem:0.00M, Peak:0.00M | Scene, ViewLayer | Synchronizing object | QA-human-head.001
Fra:1 Mem:22.09M (Peak 22.09M) | Time:00:00.00 | Mem:0.00M, Peak:0.00M | Scene, ViewLayer | Synchronizing object | QA-ruler
Fra:1 Mem:22.09M (Peak 22.09M) | Time:00:00.00 | Mem:0.00M, Peak:0.00M | Scene, ViewLayer | Synchronizing object | QA-ruler.001
Fra:1 Mem:22.09M (Peak 22.09M) | Time:00:00.00 | Mem:0.00M, Peak:0.00M | Scene, ViewLayer | Synchronizing object | QA-ruler.002
Fra:1 Mem:22.09M (Peak 22.09M) | Time:00:00.00 | Mem:0.00M, Peak:0.00M | Scene, ViewLayer | Synchronizing object | QA-ruler.003
Fra:1 Mem:22.10M (Peak 22.10M) | Time:00:00.00 | Mem:0.00M, Peak:0.00M | Scene, ViewLayer | Synchronizing object | QA-ruler.004
Fra:1 Mem:22.10M (Peak 22.10M) | Time:00:00.00 | Mem:0.00M, Peak:0.00M | Scene, ViewLayer | Synchronizing object | QA-ruler.005
Fra:1 Mem:22.10M (Peak 22.10M) | Time:00:00.00 | Mem:0.00M, Peak:0.00M | Scene, ViewLayer | Synchronizing object | QA-ruler.006
Fra:1 Mem:22.10M (Peak 22.10M) | Time:00:00.00 | Mem:0.00M, Peak:0.00M | Scene, ViewLayer | Synchronizing object | QA-ruler.007
Fra:1 Mem:22.10M (Peak 22.10M) | Time:00:00.00 | Mem:0.00M, Peak:0.00M | Scene, ViewLayer | Synchronizing object | QA-label.008
Fra:1 Mem:22.10M (Peak 22.10M) | Time:00:00.00 | Mem:0.00M, Peak:0.00M | Scene, ViewLayer | Synchronizing object | QA-ruler.008
Fra:1 Mem:22.11M (Peak 22.11M) | Time:00:00.00 | Mem:0.00M, Peak:0.00M | Scene, ViewLayer | Synchronizing object | QA-ruler.009
Fra:1 Mem:22.11M (Peak 22.11M) | Time:00:00.00 | Mem:0.00M, Peak:0.00M | Scene, ViewLayer | Synchronizing object | QA-ground
Fra:1 Mem:22.11M (Peak 22.11M) | Time:00:00.00 | Mem:0.00M, Peak:0.00M | Scene, ViewLayer | Initializing
Fra:1 Mem:20.01M (Peak 22.11M) | Time:00:00.00 | Mem:0.00M, Peak:0.00M | Scene, ViewLayer | Updating Images | Loading concrete-color
Fra:1 Mem:20.01M (Peak 22.11M) | Time:00:00.00 | Mem:0.00M, Peak:0.00M | Scene, ViewLayer | Updating Images | Loading soil_normal
Fra:1 Mem:21.25M (Peak 22.11M) | Time:00:00.00 | Mem:0.22M, Peak:0.22M | Scene, ViewLayer | Updating Images | Loading concrete-orm
Fra:1 Mem:21.47M (Peak 22.11M) | Time:00:00.00 | Mem:0.44M, Peak:0.44M | Scene, ViewLayer | Updating Images | Loading concrete-normal
Fra:1 Mem:21.69M (Peak 22.11M) | Time:00:00.00 | Mem:0.66M, Peak:0.66M | Scene, ViewLayer | Updating Images | Loading soil_grass_edge_basecolor
Fra:1 Mem:22.69M (Peak 23.70M) | Time:00:00.01 | Mem:1.66M, Peak:1.66M | Scene, ViewLayer | Updating Images | Loading soil_grass_edge_orm
Fra:1 Mem:25.69M (Peak 27.70M) | Time:00:00.01 | Mem:3.66M, Peak:3.66M | Scene, ViewLayer | Updating Images | Loading soil_grass_edge_normal
Fra:1 Mem:25.69M (Peak 27.70M) | Time:00:00.01 | Mem:4.66M, Peak:4.66M | Scene, ViewLayer | Updating Images | Loading soil_basecolor
Fra:1 Mem:25.03M (Peak 27.70M) | Time:00:00.02 | Mem:6.66M, Peak:6.66M | Scene, ViewLayer | Waiting for render to start
Fra:1 Mem:25.04M (Peak 27.70M) | Time:00:00.02 | Mem:6.66M, Peak:6.66M | Scene, ViewLayer | Loading render kernels (may take a few minutes the first time)
Fra:1 Mem:25.04M (Peak 27.70M) | Time:00:00.02 | Mem:6.66M, Peak:6.66M | Scene, ViewLayer | Updating Scene
Fra:1 Mem:25.04M (Peak 27.70M) | Time:00:00.02 | Mem:6.66M, Peak:6.66M | Scene, ViewLayer | Updating Shaders
Fra:1 Mem:25.13M (Peak 27.70M) | Time:00:00.02 | Mem:6.67M, Peak:6.67M | Scene, ViewLayer | Updating Procedurals
Fra:1 Mem:25.13M (Peak 27.70M) | Time:00:00.02 | Mem:6.67M, Peak:6.67M | Scene, ViewLayer | Updating Background
Fra:1 Mem:25.13M (Peak 27.70M) | Time:00:00.02 | Mem:6.67M, Peak:6.67M | Scene, ViewLayer | Updating Camera
Fra:1 Mem:25.13M (Peak 27.70M) | Time:00:00.02 | Mem:6.67M, Peak:6.67M | Scene, ViewLayer | Updating Meshes Flags
Fra:1 Mem:25.13M (Peak 27.70M) | Time:00:00.02 | Mem:6.67M, Peak:6.67M | Scene, ViewLayer | Updating Objects
Fra:1 Mem:25.13M (Peak 27.70M) | Time:00:00.02 | Mem:6.67M, Peak:6.67M | Scene, ViewLayer | Updating Objects | Copying Transformations to device
Fra:1 Mem:25.13M (Peak 27.70M) | Time:00:00.02 | Mem:6.68M, Peak:6.68M | Scene, ViewLayer | Updating Objects | Applying Static Transformations
Fra:1 Mem:25.13M (Peak 27.70M) | Time:00:00.02 | Mem:6.68M, Peak:6.68M | Scene, ViewLayer | Updating Particle Systems
Fra:1 Mem:25.13M (Peak 27.70M) | Time:00:00.02 | Mem:6.68M, Peak:6.68M | Scene, ViewLayer | Updating Particle Systems | Copying Particles to device
Fra:1 Mem:25.13M (Peak 27.70M) | Time:00:00.02 | Mem:6.68M, Peak:6.68M | Scene, ViewLayer | Updating Meshes
Fra:1 Mem:25.26M (Peak 27.70M) | Time:00:00.02 | Mem:6.68M, Peak:6.68M | Scene, ViewLayer | Updating Mesh | Computing attributes
Fra:1 Mem:25.41M (Peak 27.70M) | Time:00:00.02 | Mem:6.68M, Peak:6.68M | Scene, ViewLayer | Updating Mesh | Copying Attributes to device
Fra:1 Mem:25.40M (Peak 27.70M) | Time:00:00.02 | Mem:6.82M, Peak:6.82M | Scene, ViewLayer | Updating Scene BVH | Building
Fra:1 Mem:25.40M (Peak 27.70M) | Time:00:00.02 | Mem:6.82M, Peak:6.82M | Scene, ViewLayer | Updating Scene BVH | Building BVH
Fra:1 Mem:25.40M (Peak 27.70M) | Time:00:00.02 | Mem:7.07M, Peak:7.07M | Scene, ViewLayer | Updating Scene BVH | Building BVH 0%
Fra:1 Mem:25.40M (Peak 27.70M) | Time:00:00.02 | Mem:7.41M, Peak:7.67M | Scene, ViewLayer | Updating Scene BVH | Copying BVH to device
Fra:1 Mem:25.40M (Peak 27.70M) | Time:00:00.02 | Mem:7.41M, Peak:7.67M | Scene, ViewLayer | Updating Mesh | Computing normals
Fra:1 Mem:25.85M (Peak 27.70M) | Time:00:00.02 | Mem:7.41M, Peak:7.67M | Scene, ViewLayer | Updating Mesh | Copying Mesh to device
Fra:1 Mem:25.85M (Peak 27.70M) | Time:00:00.02 | Mem:7.86M, Peak:7.86M | Scene, ViewLayer | Updating Objects Flags
Fra:1 Mem:25.85M (Peak 27.70M) | Time:00:00.02 | Mem:7.86M, Peak:7.86M | Scene, ViewLayer | Updating Primitive Offsets
Fra:1 Mem:25.85M (Peak 27.70M) | Time:00:00.02 | Mem:7.86M, Peak:7.86M | Scene, ViewLayer | Updating Images
Fra:1 Mem:25.85M (Peak 27.70M) | Time:00:00.02 | Mem:7.86M, Peak:7.86M | Scene, ViewLayer | Updating Camera Volume
Fra:1 Mem:25.85M (Peak 27.70M) | Time:00:00.02 | Mem:7.86M, Peak:7.86M | Scene, ViewLayer | Updating Lookup Tables
Fra:1 Mem:25.85M (Peak 27.70M) | Time:00:00.02 | Mem:7.94M, Peak:7.94M | Scene, ViewLayer | Updating Lights
Fra:1 Mem:25.85M (Peak 27.70M) | Time:00:00.02 | Mem:7.94M, Peak:7.94M | Scene, ViewLayer | Updating Lights | Computing tree
Fra:1 Mem:25.85M (Peak 27.70M) | Time:00:00.02 | Mem:7.94M, Peak:7.94M | Scene, ViewLayer | Updating Integrator
Fra:1 Mem:25.85M (Peak 27.70M) | Time:00:00.02 | Mem:7.94M, Peak:7.94M | Scene, ViewLayer | Updating Film
Fra:1 Mem:25.85M (Peak 27.70M) | Time:00:00.02 | Mem:7.86M, Peak:7.94M | Scene, ViewLayer | Updating Lookup Tables
Fra:1 Mem:25.85M (Peak 27.70M) | Time:00:00.02 | Mem:7.94M, Peak:7.94M | Scene, ViewLayer | Updating Baking
Fra:1 Mem:25.85M (Peak 27.70M) | Time:00:00.02 | Mem:7.94M, Peak:7.94M | Scene, ViewLayer | Updating Device | Writing constant memory
Fra:1 Mem:25.85M (Peak 27.70M) | Time:00:00.02 | Mem:7.94M, Peak:7.94M | Scene, ViewLayer | Sample 0/16
Fra:1 Mem:37.73M (Peak 37.73M) | Time:00:00.11 | Remaining:00:01.33 | Mem:19.82M, Peak:19.82M | Scene, ViewLayer | Sample 1/16
Fra:1 Mem:43.00M (Peak 53.55M) | Time:00:01.16 | Mem:19.82M, Peak:19.82M | Scene, ViewLayer | Sample 16/16
Fra:1 Mem:43.00M (Peak 53.55M) | Time:00:01.16 | Mem:19.82M, Peak:19.82M | Scene, ViewLayer | Finished
Saved: '/workspace/scratch/7c20b5ba4165/atlas-backlog-oct3/tools/assets/ground-planting-details/qa/previews/props-0-grazing-overcast.png'
Time: 00:01.22 (Saving: 00:00.05)

Fra:1 Mem:21.10M (Peak 21.10M) | Time:00:00.00 | Mem:0.00M, Peak:0.00M | Scene, ViewLayer | Synchronizing object | curb-body
Fra:1 Mem:21.11M (Peak 21.11M) | Time:00:00.00 | Mem:0.00M, Peak:0.00M | Scene, ViewLayer | Synchronizing object | QA-label
Fra:1 Mem:21.24M (Peak 21.24M) | Time:00:00.00 | Mem:0.00M, Peak:0.00M | Scene, ViewLayer | Synchronizing object | QA-label.001
Fra:1 Mem:21.39M (Peak 21.39M) | Time:00:00.00 | Mem:0.00M, Peak:0.00M | Scene, ViewLayer | Synchronizing object | soil-grass-edge-surface
Fra:1 Mem:21.45M (Peak 21.45M) | Time:00:00.00 | Mem:0.00M, Peak:0.00M | Scene, ViewLayer | Synchronizing object | QA-label.002
Fra:1 Mem:21.56M (Peak 21.56M) | Time:00:00.00 | Mem:0.00M, Peak:0.00M | Scene, ViewLayer | Synchronizing object | planter-trough-shell-and-soil
Fra:1 Mem:21.59M (Peak 21.59M) | Time:00:00.00 | Mem:0.00M, Peak:0.00M | Scene, ViewLayer | Synchronizing object | planter-round-shell-and-soil
Fra:1 Mem:21.59M (Peak 21.59M) | Time:00:00.00 | Mem:0.00M, Peak:0.00M | Scene, ViewLayer | Synchronizing object | QA-label.003
Fra:1 Mem:21.80M (Peak 21.80M) | Time:00:00.00 | Mem:0.00M, Peak:0.00M | Scene, ViewLayer | Synchronizing object | QA-label.004
Fra:1 Mem:21.84M (Peak 21.84M) | Time:00:00.00 | Mem:0.00M, Peak:0.00M | Scene, ViewLayer | Synchronizing object | perennial-rosette-leaves
Fra:1 Mem:21.90M (Peak 21.90M) | Time:00:00.00 | Mem:0.00M, Peak:0.00M | Scene, ViewLayer | Synchronizing object | perennial-tuft-leaves
Fra:1 Mem:21.91M (Peak 21.91M) | Time:00:00.00 | Mem:0.00M, Peak:0.00M | Scene, ViewLayer | Synchronizing object | QA-label.005
Fra:1 Mem:22.01M (Peak 22.01M) | Time:00:00.00 | Mem:0.00M, Peak:0.00M | Scene, ViewLayer | Synchronizing object | QA-human-legs
Fra:1 Mem:22.01M (Peak 22.01M) | Time:00:00.00 | Mem:0.00M, Peak:0.00M | Scene, ViewLayer | Synchronizing object | QA-human-torso
Fra:1 Mem:22.01M (Peak 22.01M) | Time:00:00.00 | Mem:0.00M, Peak:0.00M | Scene, ViewLayer | Synchronizing object | QA-label.006
Fra:1 Mem:22.01M (Peak 22.01M) | Time:00:00.00 | Mem:0.00M, Peak:0.00M | Scene, ViewLayer | Synchronizing object | QA-human-head
Fra:1 Mem:22.04M (Peak 22.04M) | Time:00:00.00 | Mem:0.00M, Peak:0.00M | Scene, ViewLayer | Synchronizing object | QA-human-legs.001
Fra:1 Mem:22.05M (Peak 22.05M) | Time:00:00.00 | Mem:0.00M, Peak:0.00M | Scene, ViewLayer | Synchronizing object | QA-human-torso.001
Fra:1 Mem:22.05M (Peak 22.05M) | Time:00:00.00 | Mem:0.00M, Peak:0.00M | Scene, ViewLayer | Synchronizing object | QA-label.007
Fra:1 Mem:22.08M (Peak 22.08M) | Time:00:00.00 | Mem:0.00M, Peak:0.00M | Scene, ViewLayer | Synchronizing object | QA-human-head.001
Fra:1 Mem:22.09M (Peak 22.09M) | Time:00:00.00 | Mem:0.00M, Peak:0.00M | Scene, ViewLayer | Synchronizing object | QA-ruler
Fra:1 Mem:22.10M (Peak 22.10M) | Time:00:00.00 | Mem:0.00M, Peak:0.00M | Scene, ViewLayer | Synchronizing object | QA-label.008
Fra:1 Mem:22.10M (Peak 22.10M) | Time:00:00.00 | Mem:0.00M, Peak:0.00M | Scene, ViewLayer | Synchronizing object | QA-ruler.001
Fra:1 Mem:22.11M (Peak 22.11M) | Time:00:00.00 | Mem:0.00M, Peak:0.00M | Scene, ViewLayer | Synchronizing object | QA-ruler.002
Fra:1 Mem:22.11M (Peak 22.11M) | Time:00:00.00 | Mem:0.00M, Peak:0.00M | Scene, ViewLayer | Synchronizing object | QA-ground
Fra:1 Mem:22.11M (Peak 22.11M) | Time:00:00.00 | Mem:0.00M, Peak:0.00M | Scene, ViewLayer | Synchronizing object | QA-ruler.009
Fra:1 Mem:22.11M (Peak 22.11M) | Time:00:00.00 | Mem:0.00M, Peak:0.00M | Scene, ViewLayer | Synchronizing object | QA-ruler.008
Fra:1 Mem:22.11M (Peak 22.11M) | Time:00:00.00 | Mem:0.00M, Peak:0.00M | Scene, ViewLayer | Synchronizing object | QA-ruler.007
Fra:1 Mem:22.11M (Peak 22.11M) | Time:00:00.00 | Mem:0.00M, Peak:0.00M | Scene, ViewLayer | Synchronizing object | QA-ruler.006
Fra:1 Mem:22.11M (Peak 22.11M) | Time:00:00.00 | Mem:0.00M, Peak:0.00M | Scene, ViewLayer | Synchronizing object | QA-ruler.004
Fra:1 Mem:22.11M (Peak 22.11M) | Time:00:00.00 | Mem:0.00M, Peak:0.00M | Scene, ViewLayer | Synchronizing object | QA-ruler.005
Fra:1 Mem:22.11M (Peak 22.11M) | Time:00:00.00 | Mem:0.00M, Peak:0.00M | Scene, ViewLayer | Initializing
Fra:1 Mem:20.01M (Peak 22.11M) | Time:00:00.00 | Mem:0.00M, Peak:0.00M | Scene, ViewLayer | Updating Images | Loading soil_normal
Fra:1 Mem:20.01M (Peak 22.11M) | Time:00:00.00 | Mem:0.00M, Peak:0.00M | Scene, ViewLayer | Updating Images | Loading concrete-color
Fra:1 Mem:21.25M (Peak 22.11M) | Time:00:00.00 | Mem:0.22M, Peak:0.22M | Scene, ViewLayer | Updating Images | Loading concrete-orm
Fra:1 Mem:21.47M (Peak 22.11M) | Time:00:00.00 | Mem:0.44M, Peak:0.44M | Scene, ViewLayer | Updating Images | Loading concrete-normal
Fra:1 Mem:21.69M (Peak 22.11M) | Time:00:00.00 | Mem:0.66M, Peak:0.66M | Scene, ViewLayer | Updating Images | Loading soil_grass_edge_basecolor
Fra:1 Mem:22.69M (Peak 23.70M) | Time:00:00.01 | Mem:1.66M, Peak:1.66M | Scene, ViewLayer | Updating Images | Loading soil_grass_edge_orm
Fra:1 Mem:26.69M (Peak 27.70M) | Time:00:00.01 | Mem:3.66M, Peak:3.66M | Scene, ViewLayer | Updating Images | Loading soil_grass_edge_normal
Fra:1 Mem:25.69M (Peak 27.70M) | Time:00:00.01 | Mem:4.66M, Peak:4.66M | Scene, ViewLayer | Updating Images | Loading soil_basecolor
Fra:1 Mem:25.03M (Peak 27.70M) | Time:00:00.02 | Mem:6.66M, Peak:6.66M | Scene, ViewLayer | Waiting for render to start
Fra:1 Mem:25.04M (Peak 27.70M) | Time:00:00.02 | Mem:6.66M, Peak:6.66M | Scene, ViewLayer | Loading render kernels (may take a few minutes the first time)
Fra:1 Mem:25.04M (Peak 27.70M) | Time:00:00.02 | Mem:6.66M, Peak:6.66M | Scene, ViewLayer | Updating Scene
Fra:1 Mem:25.04M (Peak 27.70M) | Time:00:00.02 | Mem:6.66M, Peak:6.66M | Scene, ViewLayer | Updating Shaders
Fra:1 Mem:25.13M (Peak 27.70M) | Time:00:00.02 | Mem:6.67M, Peak:6.67M | Scene, ViewLayer | Updating Procedurals
Fra:1 Mem:25.13M (Peak 27.70M) | Time:00:00.02 | Mem:6.67M, Peak:6.67M | Scene, ViewLayer | Updating Background
Fra:1 Mem:25.13M (Peak 27.70M) | Time:00:00.02 | Mem:6.67M, Peak:6.67M | Scene, ViewLayer | Updating Camera
Fra:1 Mem:25.13M (Peak 27.70M) | Time:00:00.02 | Mem:6.67M, Peak:6.67M | Scene, ViewLayer | Updating Meshes Flags
Fra:1 Mem:25.13M (Peak 27.70M) | Time:00:00.02 | Mem:6.67M, Peak:6.67M | Scene, ViewLayer | Updating Objects
Fra:1 Mem:25.13M (Peak 27.70M) | Time:00:00.02 | Mem:6.67M, Peak:6.67M | Scene, ViewLayer | Updating Objects | Copying Transformations to device
Fra:1 Mem:25.13M (Peak 27.70M) | Time:00:00.02 | Mem:6.68M, Peak:6.68M | Scene, ViewLayer | Updating Objects | Applying Static Transformations
Fra:1 Mem:25.13M (Peak 27.70M) | Time:00:00.02 | Mem:6.68M, Peak:6.68M | Scene, ViewLayer | Updating Particle Systems
Fra:1 Mem:25.13M (Peak 27.70M) | Time:00:00.02 | Mem:6.68M, Peak:6.68M | Scene, ViewLayer | Updating Particle Systems | Copying Particles to device
Fra:1 Mem:25.13M (Peak 27.70M) | Time:00:00.02 | Mem:6.68M, Peak:6.68M | Scene, ViewLayer | Updating Meshes
Fra:1 Mem:25.26M (Peak 27.70M) | Time:00:00.02 | Mem:6.68M, Peak:6.68M | Scene, ViewLayer | Updating Mesh | Computing attributes
Fra:1 Mem:25.41M (Peak 27.70M) | Time:00:00.02 | Mem:6.68M, Peak:6.68M | Scene, ViewLayer | Updating Mesh | Copying Attributes to device
Fra:1 Mem:25.40M (Peak 27.70M) | Time:00:00.02 | Mem:6.82M, Peak:6.82M | Scene, ViewLayer | Updating Scene BVH | Building
Fra:1 Mem:25.40M (Peak 27.70M) | Time:00:00.02 | Mem:6.82M, Peak:6.82M | Scene, ViewLayer | Updating Scene BVH | Building BVH
Fra:1 Mem:25.40M (Peak 27.70M) | Time:00:00.02 | Mem:7.07M, Peak:7.07M | Scene, ViewLayer | Updating Scene BVH | Building BVH 0%
Fra:1 Mem:25.40M (Peak 27.70M) | Time:00:00.02 | Mem:7.41M, Peak:7.67M | Scene, ViewLayer | Updating Scene BVH | Copying BVH to device
Fra:1 Mem:25.40M (Peak 27.70M) | Time:00:00.02 | Mem:7.41M, Peak:7.67M | Scene, ViewLayer | Updating Mesh | Computing normals
Fra:1 Mem:25.85M (Peak 27.70M) | Time:00:00.02 | Mem:7.41M, Peak:7.67M | Scene, ViewLayer | Updating Mesh | Copying Mesh to device
Fra:1 Mem:25.85M (Peak 27.70M) | Time:00:00.02 | Mem:7.86M, Peak:7.86M | Scene, ViewLayer | Updating Objects Flags
Fra:1 Mem:25.85M (Peak 27.70M) | Time:00:00.02 | Mem:7.86M, Peak:7.86M | Scene, ViewLayer | Updating Primitive Offsets
Fra:1 Mem:25.85M (Peak 27.70M) | Time:00:00.02 | Mem:7.86M, Peak:7.86M | Scene, ViewLayer | Updating Images
Fra:1 Mem:25.85M (Peak 27.70M) | Time:00:00.02 | Mem:7.86M, Peak:7.86M | Scene, ViewLayer | Updating Camera Volume
Fra:1 Mem:25.85M (Peak 27.70M) | Time:00:00.02 | Mem:7.86M, Peak:7.86M | Scene, ViewLayer | Updating Lookup Tables
Fra:1 Mem:25.85M (Peak 27.70M) | Time:00:00.02 | Mem:7.94M, Peak:7.94M | Scene, ViewLayer | Updating Lights
Fra:1 Mem:25.85M (Peak 27.70M) | Time:00:00.02 | Mem:7.94M, Peak:7.94M | Scene, ViewLayer | Updating Lights | Computing tree
Fra:1 Mem:25.85M (Peak 27.70M) | Time:00:00.02 | Mem:7.94M, Peak:7.94M | Scene, ViewLayer | Updating Integrator
Fra:1 Mem:25.85M (Peak 27.70M) | Time:00:00.02 | Mem:7.94M, Peak:7.94M | Scene, ViewLayer | Updating Film
Fra:1 Mem:25.85M (Peak 27.70M) | Time:00:00.02 | Mem:7.86M, Peak:7.94M | Scene, ViewLayer | Updating Lookup Tables
Fra:1 Mem:25.85M (Peak 27.70M) | Time:00:00.02 | Mem:7.94M, Peak:7.94M | Scene, ViewLayer | Updating Baking
Fra:1 Mem:25.85M (Peak 27.70M) | Time:00:00.02 | Mem:7.94M, Peak:7.94M | Scene, ViewLayer | Updating Device | Writing constant memory
Fra:1 Mem:25.85M (Peak 27.70M) | Time:00:00.02 | Mem:7.94M, Peak:7.94M | Scene, ViewLayer | Sample 0/16
Fra:1 Mem:37.73M (Peak 37.73M) | Time:00:00.11 | Remaining:00:01.35 | Mem:19.82M, Peak:19.82M | Scene, ViewLayer | Sample 1/16
Fra:1 Mem:43.00M (Peak 53.55M) | Time:00:01.14 | Mem:19.82M, Peak:19.82M | Scene, ViewLayer | Sample 16/16
Fra:1 Mem:43.00M (Peak 53.55M) | Time:00:01.14 | Mem:19.82M, Peak:19.82M | Scene, ViewLayer | Finished
Saved: '/workspace/scratch/7c20b5ba4165/atlas-backlog-oct3/tools/assets/ground-planting-details/qa/previews/props-0-grazing-dusk.png'
Time: 00:01.20 (Saving: 00:00.05)

Fra:1 Mem:21.10M (Peak 21.10M) | Time:00:00.00 | Mem:0.00M, Peak:0.00M | Scene, ViewLayer | Synchronizing object | curb-body
Fra:1 Mem:21.11M (Peak 21.11M) | Time:00:00.00 | Mem:0.00M, Peak:0.00M | Scene, ViewLayer | Synchronizing object | QA-label
Fra:1 Mem:21.24M (Peak 21.24M) | Time:00:00.00 | Mem:0.00M, Peak:0.00M | Scene, ViewLayer | Synchronizing object | soil-grass-edge-surface
Fra:1 Mem:21.25M (Peak 21.25M) | Time:00:00.00 | Mem:0.00M, Peak:0.00M | Scene, ViewLayer | Synchronizing object | QA-label.001
Fra:1 Mem:21.45M (Peak 21.45M) | Time:00:00.00 | Mem:0.00M, Peak:0.00M | Scene, ViewLayer | Synchronizing object | planter-trough-shell-and-soil
Fra:1 Mem:21.46M (Peak 21.46M) | Time:00:00.00 | Mem:0.00M, Peak:0.00M | Scene, ViewLayer | Synchronizing object | QA-label.002
Fra:1 Mem:21.59M (Peak 21.59M) | Time:00:00.00 | Mem:0.00M, Peak:0.00M | Scene, ViewLayer | Synchronizing object | planter-round-shell-and-soil
Fra:1 Mem:21.59M (Peak 21.59M) | Time:00:00.00 | Mem:0.00M, Peak:0.00M | Scene, ViewLayer | Synchronizing object | QA-label.003
Fra:1 Mem:21.79M (Peak 21.79M) | Time:00:00.00 | Mem:0.00M, Peak:0.00M | Scene, ViewLayer | Synchronizing object | QA-label.004
Fra:1 Mem:21.90M (Peak 21.90M) | Time:00:00.00 | Mem:0.00M, Peak:0.00M | Scene, ViewLayer | Synchronizing object | perennial-rosette-leaves
Fra:1 Mem:21.92M (Peak 21.92M) | Time:00:00.00 | Mem:0.00M, Peak:0.00M | Scene, ViewLayer | Synchronizing object | QA-label.005
Fra:1 Mem:21.98M (Peak 21.98M) | Time:00:00.00 | Mem:0.00M, Peak:0.00M | Scene, ViewLayer | Synchronizing object | perennial-tuft-leaves
Fra:1 Mem:22.01M (Peak 22.01M) | Time:00:00.00 | Mem:0.00M, Peak:0.00M | Scene, ViewLayer | Synchronizing object | QA-human-legs
Fra:1 Mem:22.01M (Peak 22.01M) | Time:00:00.00 | Mem:0.00M, Peak:0.00M | Scene, ViewLayer | Synchronizing object | QA-human-torso
Fra:1 Mem:22.01M (Peak 22.01M) | Time:00:00.00 | Mem:0.00M, Peak:0.00M | Scene, ViewLayer | Synchronizing object | QA-label.006
Fra:1 Mem:22.01M (Peak 22.01M) | Time:00:00.00 | Mem:0.00M, Peak:0.00M | Scene, ViewLayer | Synchronizing object | QA-human-head
Fra:1 Mem:22.04M (Peak 22.04M) | Time:00:00.00 | Mem:0.00M, Peak:0.00M | Scene, ViewLayer | Synchronizing object | QA-human-legs.001
Fra:1 Mem:22.05M (Peak 22.05M) | Time:00:00.00 | Mem:0.00M, Peak:0.00M | Scene, ViewLayer | Synchronizing object | QA-human-torso.001
Fra:1 Mem:22.05M (Peak 22.05M) | Time:00:00.00 | Mem:0.00M, Peak:0.00M | Scene, ViewLayer | Synchronizing object | QA-human-head.001
Fra:1 Mem:22.05M (Peak 22.05M) | Time:00:00.00 | Mem:0.00M, Peak:0.00M | Scene, ViewLayer | Synchronizing object | QA-label.007
Fra:1 Mem:22.09M (Peak 22.09M) | Time:00:00.00 | Mem:0.00M, Peak:0.00M | Scene, ViewLayer | Synchronizing object | QA-ruler
Fra:1 Mem:22.09M (Peak 22.09M) | Time:00:00.00 | Mem:0.00M, Peak:0.00M | Scene, ViewLayer | Synchronizing object | QA-ruler.001
Fra:1 Mem:22.09M (Peak 22.09M) | Time:00:00.00 | Mem:0.00M, Peak:0.00M | Scene, ViewLayer | Synchronizing object | QA-ruler.002
Fra:1 Mem:22.10M (Peak 22.10M) | Time:00:00.00 | Mem:0.00M, Peak:0.00M | Scene, ViewLayer | Synchronizing object | QA-ruler.003
Fra:1 Mem:22.10M (Peak 22.10M) | Time:00:00.00 | Mem:0.00M, Peak:0.00M | Scene, ViewLayer | Synchronizing object | QA-ruler.004
Fra:1 Mem:22.10M (Peak 22.10M) | Time:00:00.00 | Mem:0.00M, Peak:0.00M | Scene, ViewLayer | Synchronizing object | QA-ruler.005
Fra:1 Mem:22.10M (Peak 22.10M) | Time:00:00.00 | Mem:0.00M, Peak:0.00M | Scene, ViewLayer | Synchronizing object | QA-ruler.006
Fra:1 Mem:22.10M (Peak 22.10M) | Time:00:00.00 | Mem:0.00M, Peak:0.00M | Scene, ViewLayer | Synchronizing object | QA-ruler.007
Fra:1 Mem:22.10M (Peak 22.10M) | Time:00:00.00 | Mem:0.00M, Peak:0.00M | Scene, ViewLayer | Synchronizing object | QA-label.008
Fra:1 Mem:22.11M (Peak 22.11M) | Time:00:00.00 | Mem:0.00M, Peak:0.00M | Scene, ViewLayer | Synchronizing object | QA-ruler.008
Fra:1 Mem:22.11M (Peak 22.11M) | Time:00:00.00 | Mem:0.00M, Peak:0.00M | Scene, ViewLayer | Synchronizing object | QA-ruler.009
Fra:1 Mem:22.11M (Peak 22.11M) | Time:00:00.00 | Mem:0.00M, Peak:0.00M | Scene, ViewLayer | Synchronizing object | QA-ground
Fra:1 Mem:22.11M (Peak 22.11M) | Time:00:00.00 | Mem:0.00M, Peak:0.00M | Scene, ViewLayer | Initializing
Fra:1 Mem:20.01M (Peak 22.11M) | Time:00:00.00 | Mem:0.00M, Peak:0.00M | Scene, ViewLayer | Updating Images | Loading concrete-color
Fra:1 Mem:20.01M (Peak 22.11M) | Time:00:00.00 | Mem:0.00M, Peak:0.00M | Scene, ViewLayer | Updating Images | Loading soil_normal
Fra:1 Mem:21.25M (Peak 22.11M) | Time:00:00.00 | Mem:0.22M, Peak:0.22M | Scene, ViewLayer | Updating Images | Loading concrete-orm
Fra:1 Mem:21.47M (Peak 22.11M) | Time:00:00.00 | Mem:0.44M, Peak:0.44M | Scene, ViewLayer | Updating Images | Loading concrete-normal
Fra:1 Mem:21.69M (Peak 22.11M) | Time:00:00.00 | Mem:0.66M, Peak:0.66M | Scene, ViewLayer | Updating Images | Loading soil_grass_edge_basecolor
Fra:1 Mem:22.69M (Peak 23.70M) | Time:00:00.01 | Mem:1.66M, Peak:1.66M | Scene, ViewLayer | Updating Images | Loading soil_grass_edge_orm
Fra:1 Mem:26.69M (Peak 27.70M) | Time:00:00.01 | Mem:3.66M, Peak:3.66M | Scene, ViewLayer | Updating Images | Loading soil_grass_edge_normal
Fra:1 Mem:25.69M (Peak 27.70M) | Time:00:00.01 | Mem:4.66M, Peak:4.66M | Scene, ViewLayer | Updating Images | Loading soil_basecolor
Fra:1 Mem:25.04M (Peak 29.71M) | Time:00:00.02 | Mem:6.66M, Peak:6.66M | Scene, ViewLayer | Waiting for render to start
Fra:1 Mem:25.04M (Peak 29.71M) | Time:00:00.02 | Mem:6.66M, Peak:6.66M | Scene, ViewLayer | Loading render kernels (may take a few minutes the first time)
Fra:1 Mem:25.04M (Peak 29.71M) | Time:00:00.02 | Mem:6.66M, Peak:6.66M | Scene, ViewLayer | Updating Scene
Fra:1 Mem:25.04M (Peak 29.71M) | Time:00:00.02 | Mem:6.66M, Peak:6.66M | Scene, ViewLayer | Updating Shaders
Fra:1 Mem:25.13M (Peak 29.71M) | Time:00:00.02 | Mem:6.67M, Peak:6.67M | Scene, ViewLayer | Updating Procedurals
Fra:1 Mem:25.13M (Peak 29.71M) | Time:00:00.02 | Mem:6.67M, Peak:6.67M | Scene, ViewLayer | Updating Background
Fra:1 Mem:25.13M (Peak 29.71M) | Time:00:00.02 | Mem:6.67M, Peak:6.67M | Scene, ViewLayer | Updating Camera
Fra:1 Mem:25.13M (Peak 29.71M) | Time:00:00.02 | Mem:6.67M, Peak:6.67M | Scene, ViewLayer | Updating Meshes Flags
Fra:1 Mem:25.13M (Peak 29.71M) | Time:00:00.02 | Mem:6.67M, Peak:6.67M | Scene, ViewLayer | Updating Objects
Fra:1 Mem:25.13M (Peak 29.71M) | Time:00:00.02 | Mem:6.67M, Peak:6.67M | Scene, ViewLayer | Updating Objects | Copying Transformations to device
Fra:1 Mem:25.13M (Peak 29.71M) | Time:00:00.02 | Mem:6.68M, Peak:6.68M | Scene, ViewLayer | Updating Objects | Applying Static Transformations
Fra:1 Mem:25.13M (Peak 29.71M) | Time:00:00.02 | Mem:6.68M, Peak:6.68M | Scene, ViewLayer | Updating Particle Systems
Fra:1 Mem:25.13M (Peak 29.71M) | Time:00:00.02 | Mem:6.68M, Peak:6.68M | Scene, ViewLayer | Updating Particle Systems | Copying Particles to device
Fra:1 Mem:25.13M (Peak 29.71M) | Time:00:00.02 | Mem:6.68M, Peak:6.68M | Scene, ViewLayer | Updating Meshes
Fra:1 Mem:25.26M (Peak 29.71M) | Time:00:00.02 | Mem:6.68M, Peak:6.68M | Scene, ViewLayer | Updating Mesh | Computing attributes
Fra:1 Mem:25.41M (Peak 29.71M) | Time:00:00.02 | Mem:6.68M, Peak:6.68M | Scene, ViewLayer | Updating Mesh | Copying Attributes to device
Fra:1 Mem:25.40M (Peak 29.71M) | Time:00:00.02 | Mem:6.82M, Peak:6.82M | Scene, ViewLayer | Updating Scene BVH | Building
Fra:1 Mem:25.40M (Peak 29.71M) | Time:00:00.02 | Mem:6.82M, Peak:6.82M | Scene, ViewLayer | Updating Scene BVH | Building BVH
Fra:1 Mem:25.40M (Peak 29.71M) | Time:00:00.02 | Mem:7.07M, Peak:7.07M | Scene, ViewLayer | Updating Scene BVH | Building BVH 0%
Fra:1 Mem:25.40M (Peak 29.71M) | Time:00:00.02 | Mem:7.41M, Peak:7.67M | Scene, ViewLayer | Updating Scene BVH | Copying BVH to device
Fra:1 Mem:25.40M (Peak 29.71M) | Time:00:00.02 | Mem:7.41M, Peak:7.67M | Scene, ViewLayer | Updating Mesh | Computing normals
Fra:1 Mem:25.85M (Peak 29.71M) | Time:00:00.02 | Mem:7.41M, Peak:7.67M | Scene, ViewLayer | Updating Mesh | Copying Mesh to device
Fra:1 Mem:25.85M (Peak 29.71M) | Time:00:00.02 | Mem:7.86M, Peak:7.86M | Scene, ViewLayer | Updating Objects Flags
Fra:1 Mem:25.85M (Peak 29.71M) | Time:00:00.02 | Mem:7.86M, Peak:7.86M | Scene, ViewLayer | Updating Primitive Offsets
Fra:1 Mem:25.85M (Peak 29.71M) | Time:00:00.02 | Mem:7.86M, Peak:7.86M | Scene, ViewLayer | Updating Images
Fra:1 Mem:25.85M (Peak 29.71M) | Time:00:00.02 | Mem:7.86M, Peak:7.86M | Scene, ViewLayer | Updating Camera Volume
Fra:1 Mem:25.85M (Peak 29.71M) | Time:00:00.02 | Mem:7.86M, Peak:7.86M | Scene, ViewLayer | Updating Lookup Tables
Fra:1 Mem:25.85M (Peak 29.71M) | Time:00:00.02 | Mem:7.94M, Peak:7.94M | Scene, ViewLayer | Updating Lights
Fra:1 Mem:25.85M (Peak 29.71M) | Time:00:00.02 | Mem:7.94M, Peak:7.94M | Scene, ViewLayer | Updating Lights | Computing tree
Fra:1 Mem:25.85M (Peak 29.71M) | Time:00:00.02 | Mem:7.94M, Peak:7.94M | Scene, ViewLayer | Updating Integrator
Fra:1 Mem:25.85M (Peak 29.71M) | Time:00:00.02 | Mem:7.94M, Peak:7.94M | Scene, ViewLayer | Updating Film
Fra:1 Mem:25.85M (Peak 29.71M) | Time:00:00.02 | Mem:7.86M, Peak:7.94M | Scene, ViewLayer | Updating Lookup Tables
Fra:1 Mem:25.85M (Peak 29.71M) | Time:00:00.02 | Mem:7.94M, Peak:7.94M | Scene, ViewLayer | Updating Baking
Fra:1 Mem:25.85M (Peak 29.71M) | Time:00:00.02 | Mem:7.94M, Peak:7.94M | Scene, ViewLayer | Updating Device | Writing constant memory
Fra:1 Mem:25.85M (Peak 29.71M) | Time:00:00.02 | Mem:7.94M, Peak:7.94M | Scene, ViewLayer | Sample 0/16
Fra:1 Mem:37.73M (Peak 37.73M) | Time:00:00.11 | Remaining:00:01.34 | Mem:19.82M, Peak:19.82M | Scene, ViewLayer | Sample 1/16
Fra:1 Mem:43.00M (Peak 53.55M) | Time:00:01.18 | Mem:19.82M, Peak:19.82M | Scene, ViewLayer | Sample 16/16
Fra:1 Mem:43.00M (Peak 53.55M) | Time:00:01.18 | Mem:19.82M, Peak:19.82M | Scene, ViewLayer | Finished
Saved: '/workspace/scratch/7c20b5ba4165/atlas-backlog-oct3/tools/assets/ground-planting-details/qa/previews/props-0-grazing-night.png'
Time: 00:01.23 (Saving: 00:00.05)

Extensions: writing cache failed ([Errno 30] Read-only file system: '/home/agent/.config/blender').
16:28:10 | INFO: Data are loaded, start creating Blender stuff
16:28:10 | INFO: Blender create Mesh node curb-body-editable
16:28:10 | INFO: glTF import finished in 0.00s
16:28:10 | INFO: Data are loaded, start creating Blender stuff
16:28:10 | INFO: Blender create Mesh node soil-grass-edge-surface-editable
16:28:10 | INFO: glTF import finished in 0.00s
16:28:10 | INFO: Data are loaded, start creating Blender stuff
16:28:10 | INFO: Blender create Mesh node planter-trough-hollow-shell-editable
16:28:10 | INFO: glTF import finished in 0.00s
16:28:10 | INFO: Data are loaded, start creating Blender stuff
16:28:10 | INFO: Blender create Mesh node planter-round-hollow-shell-editable.001
16:28:10 | INFO: glTF import finished in 0.00s
16:28:10 | INFO: Data are loaded, start creating Blender stuff
16:28:10 | INFO: Blender create Mesh node perennial-rosette-leaves-editable
16:28:10 | INFO: glTF import finished in 0.00s
16:28:10 | INFO: Data are loaded, start creating Blender stuff
16:28:10 | INFO: Blender create Mesh node perennial-tuft-leaves-editable
16:28:10 | INFO: glTF import finished in 0.00s
Fra:1 Mem:21.03M (Peak 21.03M) | Time:00:00.00 | Mem:0.00M, Peak:0.00M | Scene, ViewLayer | Synchronizing object | curb-body
Fra:1 Mem:21.03M (Peak 21.03M) | Time:00:00.00 | Mem:0.00M, Peak:0.00M | Scene, ViewLayer | Synchronizing object | QA-label
Fra:1 Mem:21.16M (Peak 21.16M) | Time:00:00.00 | Mem:0.00M, Peak:0.00M | Scene, ViewLayer | Synchronizing object | soil-grass-edge-surface
Fra:1 Mem:21.17M (Peak 21.17M) | Time:00:00.00 | Mem:0.00M, Peak:0.00M | Scene, ViewLayer | Synchronizing object | QA-label.001
Fra:1 Mem:21.35M (Peak 21.35M) | Time:00:00.00 | Mem:0.00M, Peak:0.00M | Scene, ViewLayer | Synchronizing object | planter-trough-shell-and-soil
Fra:1 Mem:21.35M (Peak 21.35M) | Time:00:00.00 | Mem:0.00M, Peak:0.00M | Scene, ViewLayer | Synchronizing object | QA-label.002
Fra:1 Mem:21.48M (Peak 21.48M) | Time:00:00.00 | Mem:0.00M, Peak:0.00M | Scene, ViewLayer | Synchronizing object | planter-round-shell-and-soil
Fra:1 Mem:21.49M (Peak 21.49M) | Time:00:00.00 | Mem:0.00M, Peak:0.00M | Scene, ViewLayer | Synchronizing object | QA-label.003
Fra:1 Mem:21.61M (Peak 21.61M) | Time:00:00.00 | Mem:0.00M, Peak:0.00M | Scene, ViewLayer | Synchronizing object | perennial-rosette-leaves
Fra:1 Mem:21.61M (Peak 21.61M) | Time:00:00.00 | Mem:0.00M, Peak:0.00M | Scene, ViewLayer | Synchronizing object | QA-label.004
Fra:1 Mem:21.76M (Peak 21.76M) | Time:00:00.00 | Mem:0.00M, Peak:0.00M | Scene, ViewLayer | Synchronizing object | perennial-tuft-leaves
Fra:1 Mem:21.76M (Peak 21.76M) | Time:00:00.00 | Mem:0.00M, Peak:0.00M | Scene, ViewLayer | Synchronizing object | QA-label.005
Fra:1 Mem:21.87M (Peak 21.87M) | Time:00:00.00 | Mem:0.00M, Peak:0.00M | Scene, ViewLayer | Synchronizing object | QA-human-legs
Fra:1 Mem:21.87M (Peak 21.87M) | Time:00:00.00 | Mem:0.00M, Peak:0.00M | Scene, ViewLayer | Synchronizing object | QA-label.006
Fra:1 Mem:21.87M (Peak 21.87M) | Time:00:00.00 | Mem:0.00M, Peak:0.00M | Scene, ViewLayer | Synchronizing object | QA-human-torso
Fra:1 Mem:21.89M (Peak 21.89M) | Time:00:00.00 | Mem:0.00M, Peak:0.00M | Scene, ViewLayer | Synchronizing object | QA-human-head
Fra:1 Mem:21.91M (Peak 21.91M) | Time:00:00.00 | Mem:0.00M, Peak:0.00M | Scene, ViewLayer | Synchronizing object | QA-human-legs.001
Fra:1 Mem:21.91M (Peak 21.91M) | Time:00:00.00 | Mem:0.00M, Peak:0.00M | Scene, ViewLayer | Synchronizing object | QA-human-torso.001
Fra:1 Mem:21.91M (Peak 21.91M) | Time:00:00.00 | Mem:0.00M, Peak:0.00M | Scene, ViewLayer | Synchronizing object | QA-label.007
Fra:1 Mem:21.93M (Peak 21.93M) | Time:00:00.00 | Mem:0.00M, Peak:0.00M | Scene, ViewLayer | Synchronizing object | QA-human-head.001
Fra:1 Mem:21.96M (Peak 21.96M) | Time:00:00.00 | Mem:0.00M, Peak:0.00M | Scene, ViewLayer | Synchronizing object | QA-ruler
Fra:1 Mem:21.96M (Peak 21.96M) | Time:00:00.00 | Mem:0.00M, Peak:0.00M | Scene, ViewLayer | Synchronizing object | QA-ruler.001
Fra:1 Mem:21.96M (Peak 21.96M) | Time:00:00.00 | Mem:0.00M, Peak:0.00M | Scene, ViewLayer | Synchronizing object | QA-ruler.002
Fra:1 Mem:21.96M (Peak 21.96M) | Time:00:00.00 | Mem:0.00M, Peak:0.00M | Scene, ViewLayer | Synchronizing object | QA-ruler.003
Fra:1 Mem:21.97M (Peak 21.97M) | Time:00:00.00 | Mem:0.00M, Peak:0.00M | Scene, ViewLayer | Synchronizing object | QA-ruler.004
Fra:1 Mem:21.97M (Peak 21.97M) | Time:00:00.00 | Mem:0.00M, Peak:0.00M | Scene, ViewLayer | Synchronizing object | QA-ruler.005
Fra:1 Mem:21.97M (Peak 21.97M) | Time:00:00.00 | Mem:0.00M, Peak:0.00M | Scene, ViewLayer | Synchronizing object | QA-ruler.006
Fra:1 Mem:21.97M (Peak 21.97M) | Time:00:00.00 | Mem:0.00M, Peak:0.00M | Scene, ViewLayer | Synchronizing object | QA-label.008
Fra:1 Mem:21.97M (Peak 21.97M) | Time:00:00.00 | Mem:0.00M, Peak:0.00M | Scene, ViewLayer | Synchronizing object | QA-ruler.007
Fra:1 Mem:21.98M (Peak 21.98M) | Time:00:00.00 | Mem:0.00M, Peak:0.00M | Scene, ViewLayer | Synchronizing object | QA-ruler.008
Fra:1 Mem:21.98M (Peak 21.98M) | Time:00:00.00 | Mem:0.00M, Peak:0.00M | Scene, ViewLayer | Synchronizing object | QA-ruler.009
Fra:1 Mem:21.99M (Peak 21.99M) | Time:00:00.00 | Mem:0.00M, Peak:0.00M | Scene, ViewLayer | Synchronizing object | QA-ground
Fra:1 Mem:21.99M (Peak 21.99M) | Time:00:00.00 | Mem:0.00M, Peak:0.00M | Scene, ViewLayer | Initializing
Fra:1 Mem:19.89M (Peak 21.99M) | Time:00:00.00 | Mem:0.00M, Peak:0.00M | Scene, ViewLayer | Updating Images | Loading concrete-color
Fra:1 Mem:19.89M (Peak 21.99M) | Time:00:00.00 | Mem:0.00M, Peak:0.00M | Scene, ViewLayer | Updating Images | Loading soil_normal
Fra:1 Mem:21.12M (Peak 21.99M) | Time:00:00.00 | Mem:0.22M, Peak:0.22M | Scene, ViewLayer | Updating Images | Loading concrete-orm
Fra:1 Mem:21.34M (Peak 21.99M) | Time:00:00.00 | Mem:0.44M, Peak:0.44M | Scene, ViewLayer | Updating Images | Loading concrete-normal
Fra:1 Mem:21.56M (Peak 21.99M) | Time:00:00.00 | Mem:0.66M, Peak:0.66M | Scene, ViewLayer | Updating Images | Loading soil_grass_edge_basecolor
Fra:1 Mem:22.56M (Peak 23.57M) | Time:00:00.01 | Mem:1.66M, Peak:1.66M | Scene, ViewLayer | Updating Images | Loading soil_grass_edge_orm
Fra:1 Mem:25.56M (Peak 27.57M) | Time:00:00.01 | Mem:3.66M, Peak:3.66M | Scene, ViewLayer | Updating Images | Loading soil_grass_edge_normal
Fra:1 Mem:24.56M (Peak 27.57M) | Time:00:00.01 | Mem:4.66M, Peak:4.66M | Scene, ViewLayer | Updating Images | Loading soil_basecolor
Fra:1 Mem:24.91M (Peak 27.57M) | Time:00:00.02 | Mem:6.66M, Peak:6.66M | Scene, ViewLayer | Waiting for render to start
Fra:1 Mem:24.91M (Peak 27.57M) | Time:00:00.02 | Mem:6.66M, Peak:6.66M | Scene, ViewLayer | Loading render kernels (may take a few minutes the first time)
Fra:1 Mem:24.91M (Peak 27.57M) | Time:00:00.02 | Mem:6.66M, Peak:6.66M | Scene, ViewLayer | Updating Scene
Fra:1 Mem:24.91M (Peak 27.57M) | Time:00:00.02 | Mem:6.66M, Peak:6.66M | Scene, ViewLayer | Updating Shaders
Fra:1 Mem:25.00M (Peak 27.57M) | Time:00:00.02 | Mem:6.67M, Peak:6.67M | Scene, ViewLayer | Updating Procedurals
Fra:1 Mem:25.00M (Peak 27.57M) | Time:00:00.02 | Mem:6.67M, Peak:6.67M | Scene, ViewLayer | Updating Background
Fra:1 Mem:25.00M (Peak 27.57M) | Time:00:00.02 | Mem:6.67M, Peak:6.67M | Scene, ViewLayer | Updating Camera
Fra:1 Mem:25.00M (Peak 27.57M) | Time:00:00.02 | Mem:6.67M, Peak:6.67M | Scene, ViewLayer | Updating Meshes Flags
Fra:1 Mem:25.00M (Peak 27.57M) | Time:00:00.02 | Mem:6.67M, Peak:6.67M | Scene, ViewLayer | Updating Objects
Fra:1 Mem:25.00M (Peak 27.57M) | Time:00:00.02 | Mem:6.67M, Peak:6.67M | Scene, ViewLayer | Updating Objects | Copying Transformations to device
Fra:1 Mem:25.01M (Peak 27.57M) | Time:00:00.02 | Mem:6.68M, Peak:6.68M | Scene, ViewLayer | Updating Objects | Applying Static Transformations
Fra:1 Mem:25.01M (Peak 27.57M) | Time:00:00.02 | Mem:6.68M, Peak:6.68M | Scene, ViewLayer | Updating Particle Systems
Fra:1 Mem:25.01M (Peak 27.57M) | Time:00:00.02 | Mem:6.68M, Peak:6.68M | Scene, ViewLayer | Updating Particle Systems | Copying Particles to device
Fra:1 Mem:25.01M (Peak 27.57M) | Time:00:00.02 | Mem:6.68M, Peak:6.68M | Scene, ViewLayer | Updating Meshes
Fra:1 Mem:25.13M (Peak 27.57M) | Time:00:00.02 | Mem:6.68M, Peak:6.68M | Scene, ViewLayer | Updating Mesh | Computing attributes
Fra:1 Mem:25.24M (Peak 27.57M) | Time:00:00.02 | Mem:6.68M, Peak:6.68M | Scene, ViewLayer | Updating Mesh | Copying Attributes to device
Fra:1 Mem:25.24M (Peak 27.57M) | Time:00:00.02 | Mem:6.78M, Peak:6.78M | Scene, ViewLayer | Updating Scene BVH | Building
Fra:1 Mem:25.24M (Peak 27.57M) | Time:00:00.02 | Mem:6.78M, Peak:6.78M | Scene, ViewLayer | Updating Scene BVH | Building BVH
Fra:1 Mem:25.24M (Peak 27.57M) | Time:00:00.02 | Mem:7.03M, Peak:7.03M | Scene, ViewLayer | Updating Scene BVH | Building BVH 0%
Fra:1 Mem:25.24M (Peak 27.57M) | Time:00:00.02 | Mem:7.36M, Peak:7.60M | Scene, ViewLayer | Updating Scene BVH | Copying BVH to device
Fra:1 Mem:25.24M (Peak 27.57M) | Time:00:00.02 | Mem:7.36M, Peak:7.60M | Scene, ViewLayer | Updating Mesh | Computing normals
Fra:1 Mem:25.65M (Peak 27.57M) | Time:00:00.02 | Mem:7.36M, Peak:7.60M | Scene, ViewLayer | Updating Mesh | Copying Mesh to device
Fra:1 Mem:25.65M (Peak 27.57M) | Time:00:00.02 | Mem:7.77M, Peak:7.77M | Scene, ViewLayer | Updating Objects Flags
Fra:1 Mem:25.65M (Peak 27.57M) | Time:00:00.02 | Mem:7.77M, Peak:7.77M | Scene, ViewLayer | Updating Primitive Offsets
Fra:1 Mem:25.65M (Peak 27.57M) | Time:00:00.02 | Mem:7.77M, Peak:7.77M | Scene, ViewLayer | Updating Images
Fra:1 Mem:25.65M (Peak 27.57M) | Time:00:00.02 | Mem:7.77M, Peak:7.77M | Scene, ViewLayer | Updating Camera Volume
Fra:1 Mem:25.65M (Peak 27.57M) | Time:00:00.02 | Mem:7.77M, Peak:7.77M | Scene, ViewLayer | Updating Lookup Tables
Fra:1 Mem:25.65M (Peak 27.57M) | Time:00:00.02 | Mem:7.85M, Peak:7.85M | Scene, ViewLayer | Updating Lights
Fra:1 Mem:25.65M (Peak 27.57M) | Time:00:00.02 | Mem:7.85M, Peak:7.85M | Scene, ViewLayer | Updating Lights | Computing tree
Fra:1 Mem:25.65M (Peak 27.57M) | Time:00:00.02 | Mem:7.85M, Peak:7.85M | Scene, ViewLayer | Updating Integrator
Fra:1 Mem:25.65M (Peak 27.57M) | Time:00:00.02 | Mem:7.85M, Peak:7.85M | Scene, ViewLayer | Updating Film
Fra:1 Mem:25.65M (Peak 27.57M) | Time:00:00.02 | Mem:7.77M, Peak:7.85M | Scene, ViewLayer | Updating Lookup Tables
Fra:1 Mem:25.65M (Peak 27.57M) | Time:00:00.02 | Mem:7.85M, Peak:7.85M | Scene, ViewLayer | Updating Baking
Fra:1 Mem:25.65M (Peak 27.57M) | Time:00:00.02 | Mem:7.85M, Peak:7.85M | Scene, ViewLayer | Updating Device | Writing constant memory
Fra:1 Mem:25.66M (Peak 27.57M) | Time:00:00.02 | Mem:7.85M, Peak:7.85M | Scene, ViewLayer | Sample 0/16
Fra:1 Mem:37.53M (Peak 37.53M) | Time:00:00.19 | Remaining:00:02.61 | Mem:19.73M, Peak:19.73M | Scene, ViewLayer | Sample 1/16
Fra:1 Mem:42.80M (Peak 53.35M) | Time:00:02.36 | Mem:19.73M, Peak:19.73M | Scene, ViewLayer | Sample 16/16
Fra:1 Mem:42.80M (Peak 53.35M) | Time:00:02.36 | Mem:19.73M, Peak:19.73M | Scene, ViewLayer | Finished
Saved: '/workspace/scratch/7c20b5ba4165/atlas-backlog-oct3/tools/assets/ground-planting-details/qa/previews/props-1-oblique-clear.png'
Time: 00:02.42 (Saving: 00:00.05)

Fra:1 Mem:21.05M (Peak 21.05M) | Time:00:00.00 | Mem:0.00M, Peak:0.00M | Scene, ViewLayer | Synchronizing object | curb-body
Fra:1 Mem:21.05M (Peak 21.05M) | Time:00:00.00 | Mem:0.00M, Peak:0.00M | Scene, ViewLayer | Synchronizing object | QA-label
Fra:1 Mem:21.19M (Peak 21.19M) | Time:00:00.00 | Mem:0.00M, Peak:0.00M | Scene, ViewLayer | Synchronizing object | soil-grass-edge-surface
Fra:1 Mem:21.19M (Peak 21.19M) | Time:00:00.00 | Mem:0.00M, Peak:0.00M | Scene, ViewLayer | Synchronizing object | QA-label.001
Fra:1 Mem:21.37M (Peak 21.37M) | Time:00:00.00 | Mem:0.00M, Peak:0.00M | Scene, ViewLayer | Synchronizing object | planter-trough-shell-and-soil
Fra:1 Mem:21.37M (Peak 21.37M) | Time:00:00.00 | Mem:0.00M, Peak:0.00M | Scene, ViewLayer | Synchronizing object | QA-label.002
Fra:1 Mem:21.50M (Peak 21.50M) | Time:00:00.00 | Mem:0.00M, Peak:0.00M | Scene, ViewLayer | Synchronizing object | planter-round-shell-and-soil
Fra:1 Mem:21.51M (Peak 21.51M) | Time:00:00.00 | Mem:0.00M, Peak:0.00M | Scene, ViewLayer | Synchronizing object | QA-label.003
Fra:1 Mem:21.63M (Peak 21.63M) | Time:00:00.00 | Mem:0.00M, Peak:0.00M | Scene, ViewLayer | Synchronizing object | perennial-rosette-leaves
Fra:1 Mem:21.63M (Peak 21.63M) | Time:00:00.00 | Mem:0.00M, Peak:0.00M | Scene, ViewLayer | Synchronizing object | QA-label.004
Fra:1 Mem:21.78M (Peak 21.78M) | Time:00:00.00 | Mem:0.00M, Peak:0.00M | Scene, ViewLayer | Synchronizing object | perennial-tuft-leaves
Fra:1 Mem:21.78M (Peak 21.78M) | Time:00:00.00 | Mem:0.00M, Peak:0.00M | Scene, ViewLayer | Synchronizing object | QA-label.005
Fra:1 Mem:21.88M (Peak 21.88M) | Time:00:00.00 | Mem:0.00M, Peak:0.00M | Scene, ViewLayer | Synchronizing object | QA-human-legs
Fra:1 Mem:21.88M (Peak 21.88M) | Time:00:00.00 | Mem:0.00M, Peak:0.00M | Scene, ViewLayer | Synchronizing object | QA-label.006
Fra:1 Mem:21.89M (Peak 21.89M) | Time:00:00.00 | Mem:0.00M, Peak:0.00M | Scene, ViewLayer | Synchronizing object | QA-human-head
Fra:1 Mem:21.92M (Peak 21.92M) | Time:00:00.00 | Mem:0.00M, Peak:0.00M | Scene, ViewLayer | Synchronizing object | QA-human-legs.001
Fra:1 Mem:21.92M (Peak 21.92M) | Time:00:00.00 | Mem:0.00M, Peak:0.00M | Scene, ViewLayer | Synchronizing object | QA-human-torso.001
Fra:1 Mem:21.92M (Peak 21.92M) | Time:00:00.00 | Mem:0.00M, Peak:0.00M | Scene, ViewLayer | Synchronizing object | QA-label.007
Fra:1 Mem:21.92M (Peak 21.92M) | Time:00:00.00 | Mem:0.00M, Peak:0.00M | Scene, ViewLayer | Synchronizing object | QA-human-head.001
Fra:1 Mem:21.97M (Peak 21.97M) | Time:00:00.00 | Mem:0.00M, Peak:0.00M | Scene, ViewLayer | Synchronizing object | QA-ruler
Fra:1 Mem:21.97M (Peak 21.97M) | Time:00:00.00 | Mem:0.00M, Peak:0.00M | Scene, ViewLayer | Synchronizing object | QA-ruler.001
Fra:1 Mem:21.97M (Peak 21.97M) | Time:00:00.00 | Mem:0.00M, Peak:0.00M | Scene, ViewLayer | Synchronizing object | QA-ruler.002
Fra:1 Mem:21.97M (Peak 21.97M) | Time:00:00.00 | Mem:0.00M, Peak:0.00M | Scene, ViewLayer | Synchronizing object | QA-ruler.003
Fra:1 Mem:21.97M (Peak 21.97M) | Time:00:00.00 | Mem:0.00M, Peak:0.00M | Scene, ViewLayer | Synchronizing object | QA-ruler.004
Fra:1 Mem:21.97M (Peak 21.97M) | Time:00:00.00 | Mem:0.00M, Peak:0.00M | Scene, ViewLayer | Synchronizing object | QA-ruler.005
Fra:1 Mem:21.97M (Peak 21.97M) | Time:00:00.00 | Mem:0.00M, Peak:0.00M | Scene, ViewLayer | Synchronizing object | QA-label.008
Fra:1 Mem:21.98M (Peak 21.98M) | Time:00:00.00 | Mem:0.00M, Peak:0.00M | Scene, ViewLayer | Synchronizing object | QA-ruler.006
Fra:1 Mem:21.98M (Peak 21.98M) | Time:00:00.00 | Mem:0.00M, Peak:0.00M | Scene, ViewLayer | Synchronizing object | QA-ruler.007
Fra:1 Mem:21.98M (Peak 21.98M) | Time:00:00.00 | Mem:0.00M, Peak:0.00M | Scene, ViewLayer | Synchronizing object | QA-ruler.008
Fra:1 Mem:21.99M (Peak 21.99M) | Time:00:00.00 | Mem:0.00M, Peak:0.00M | Scene, ViewLayer | Synchronizing object | QA-ruler.009
Fra:1 Mem:21.99M (Peak 21.99M) | Time:00:00.00 | Mem:0.00M, Peak:0.00M | Scene, ViewLayer | Synchronizing object | QA-ground
Fra:1 Mem:21.99M (Peak 21.99M) | Time:00:00.00 | Mem:0.00M, Peak:0.00M | Scene, ViewLayer | Initializing
Fra:1 Mem:19.89M (Peak 21.99M) | Time:00:00.00 | Mem:0.00M, Peak:0.00M | Scene, ViewLayer | Updating Images | Loading concrete-color
Fra:1 Mem:19.89M (Peak 21.99M) | Time:00:00.00 | Mem:0.00M, Peak:0.00M | Scene, ViewLayer | Updating Images | Loading soil_normal
Fra:1 Mem:21.12M (Peak 21.99M) | Time:00:00.00 | Mem:0.22M, Peak:0.22M | Scene, ViewLayer | Updating Images | Loading concrete-orm
Fra:1 Mem:21.34M (Peak 21.99M) | Time:00:00.00 | Mem:0.44M, Peak:0.44M | Scene, ViewLayer | Updating Images | Loading concrete-normal
Fra:1 Mem:21.56M (Peak 21.99M) | Time:00:00.00 | Mem:0.66M, Peak:0.66M | Scene, ViewLayer | Updating Images | Loading soil_grass_edge_basecolor
Fra:1 Mem:22.56M (Peak 23.57M) | Time:00:00.01 | Mem:1.66M, Peak:1.66M | Scene, ViewLayer | Updating Images | Loading soil_grass_edge_orm
Fra:1 Mem:26.56M (Peak 27.57M) | Time:00:00.01 | Mem:3.66M, Peak:3.66M | Scene, ViewLayer | Updating Images | Loading soil_basecolor
Fra:1 Mem:25.56M (Peak 27.57M) | Time:00:00.01 | Mem:4.66M, Peak:4.66M | Scene, ViewLayer | Updating Images | Loading soil_grass_edge_normal
Fra:1 Mem:24.91M (Peak 27.57M) | Time:00:00.02 | Mem:6.66M, Peak:6.66M | Scene, ViewLayer | Waiting for render to start
Fra:1 Mem:24.91M (Peak 27.57M) | Time:00:00.02 | Mem:6.66M, Peak:6.66M | Scene, ViewLayer | Loading render kernels (may take a few minutes the first time)
Fra:1 Mem:24.91M (Peak 27.57M) | Time:00:00.02 | Mem:6.66M, Peak:6.66M | Scene, ViewLayer | Updating Scene
Fra:1 Mem:24.91M (Peak 27.57M) | Time:00:00.02 | Mem:6.66M, Peak:6.66M | Scene, ViewLayer | Updating Shaders
Fra:1 Mem:25.00M (Peak 27.57M) | Time:00:00.02 | Mem:6.67M, Peak:6.67M | Scene, ViewLayer | Updating Procedurals
Fra:1 Mem:25.00M (Peak 27.57M) | Time:00:00.02 | Mem:6.67M, Peak:6.67M | Scene, ViewLayer | Updating Background
Fra:1 Mem:25.00M (Peak 27.57M) | Time:00:00.02 | Mem:6.67M, Peak:6.67M | Scene, ViewLayer | Updating Camera
Fra:1 Mem:25.00M (Peak 27.57M) | Time:00:00.02 | Mem:6.67M, Peak:6.67M | Scene, ViewLayer | Updating Meshes Flags
Fra:1 Mem:25.00M (Peak 27.57M) | Time:00:00.02 | Mem:6.67M, Peak:6.67M | Scene, ViewLayer | Updating Objects
Fra:1 Mem:25.00M (Peak 27.57M) | Time:00:00.02 | Mem:6.67M, Peak:6.67M | Scene, ViewLayer | Updating Objects | Copying Transformations to device
Fra:1 Mem:25.01M (Peak 27.57M) | Time:00:00.02 | Mem:6.68M, Peak:6.68M | Scene, ViewLayer | Updating Objects | Applying Static Transformations
Fra:1 Mem:25.01M (Peak 27.57M) | Time:00:00.02 | Mem:6.68M, Peak:6.68M | Scene, ViewLayer | Updating Particle Systems
Fra:1 Mem:25.01M (Peak 27.57M) | Time:00:00.02 | Mem:6.68M, Peak:6.68M | Scene, ViewLayer | Updating Particle Systems | Copying Particles to device
Fra:1 Mem:25.01M (Peak 27.57M) | Time:00:00.02 | Mem:6.68M, Peak:6.68M | Scene, ViewLayer | Updating Meshes
Fra:1 Mem:25.13M (Peak 27.57M) | Time:00:00.02 | Mem:6.68M, Peak:6.68M | Scene, ViewLayer | Updating Mesh | Computing attributes
Fra:1 Mem:25.24M (Peak 27.57M) | Time:00:00.02 | Mem:6.68M, Peak:6.68M | Scene, ViewLayer | Updating Mesh | Copying Attributes to device
Fra:1 Mem:25.24M (Peak 27.57M) | Time:00:00.02 | Mem:6.78M, Peak:6.78M | Scene, ViewLayer | Updating Scene BVH | Building
Fra:1 Mem:25.24M (Peak 27.57M) | Time:00:00.02 | Mem:6.78M, Peak:6.78M | Scene, ViewLayer | Updating Scene BVH | Building BVH
Fra:1 Mem:25.24M (Peak 27.57M) | Time:00:00.02 | Mem:7.03M, Peak:7.03M | Scene, ViewLayer | Updating Scene BVH | Building BVH 0%
Fra:1 Mem:25.24M (Peak 27.57M) | Time:00:00.02 | Mem:7.36M, Peak:7.60M | Scene, ViewLayer | Updating Scene BVH | Copying BVH to device
Fra:1 Mem:25.24M (Peak 27.57M) | Time:00:00.02 | Mem:7.36M, Peak:7.60M | Scene, ViewLayer | Updating Mesh | Computing normals
Fra:1 Mem:25.65M (Peak 27.57M) | Time:00:00.02 | Mem:7.36M, Peak:7.60M | Scene, ViewLayer | Updating Mesh | Copying Mesh to device
Fra:1 Mem:25.65M (Peak 27.57M) | Time:00:00.02 | Mem:7.77M, Peak:7.77M | Scene, ViewLayer | Updating Objects Flags
Fra:1 Mem:25.65M (Peak 27.57M) | Time:00:00.02 | Mem:7.77M, Peak:7.77M | Scene, ViewLayer | Updating Primitive Offsets
Fra:1 Mem:25.65M (Peak 27.57M) | Time:00:00.02 | Mem:7.77M, Peak:7.77M | Scene, ViewLayer | Updating Images
Fra:1 Mem:25.65M (Peak 27.57M) | Time:00:00.02 | Mem:7.77M, Peak:7.77M | Scene, ViewLayer | Updating Camera Volume
Fra:1 Mem:25.65M (Peak 27.57M) | Time:00:00.02 | Mem:7.77M, Peak:7.77M | Scene, ViewLayer | Updating Lookup Tables
Fra:1 Mem:25.65M (Peak 27.57M) | Time:00:00.02 | Mem:7.85M, Peak:7.85M | Scene, ViewLayer | Updating Lights
Fra:1 Mem:25.65M (Peak 27.57M) | Time:00:00.02 | Mem:7.85M, Peak:7.85M | Scene, ViewLayer | Updating Lights | Computing tree
Fra:1 Mem:25.65M (Peak 27.57M) | Time:00:00.02 | Mem:7.85M, Peak:7.85M | Scene, ViewLayer | Updating Integrator
Fra:1 Mem:25.65M (Peak 27.57M) | Time:00:00.02 | Mem:7.85M, Peak:7.85M | Scene, ViewLayer | Updating Film
Fra:1 Mem:25.65M (Peak 27.57M) | Time:00:00.02 | Mem:7.77M, Peak:7.85M | Scene, ViewLayer | Updating Lookup Tables
Fra:1 Mem:25.65M (Peak 27.57M) | Time:00:00.02 | Mem:7.85M, Peak:7.85M | Scene, ViewLayer | Updating Baking
Fra:1 Mem:25.65M (Peak 27.57M) | Time:00:00.02 | Mem:7.85M, Peak:7.85M | Scene, ViewLayer | Updating Device | Writing constant memory
Fra:1 Mem:25.66M (Peak 27.57M) | Time:00:00.02 | Mem:7.85M, Peak:7.85M | Scene, ViewLayer | Sample 0/16
Fra:1 Mem:37.53M (Peak 37.53M) | Time:00:00.18 | Remaining:00:02.44 | Mem:19.73M, Peak:19.73M | Scene, ViewLayer | Sample 1/16
Fra:1 Mem:42.80M (Peak 53.35M) | Time:00:02.37 | Mem:19.73M, Peak:19.73M | Scene, ViewLayer | Sample 16/16
Fra:1 Mem:42.80M (Peak 53.35M) | Time:00:02.37 | Mem:19.73M, Peak:19.73M | Scene, ViewLayer | Finished
Saved: '/workspace/scratch/7c20b5ba4165/atlas-backlog-oct3/tools/assets/ground-planting-details/qa/previews/props-1-oblique-overcast.png'
Time: 00:02.43 (Saving: 00:00.05)

Fra:1 Mem:21.05M (Peak 21.05M) | Time:00:00.00 | Mem:0.00M, Peak:0.00M | Scene, ViewLayer | Synchronizing object | curb-body
Fra:1 Mem:21.05M (Peak 21.05M) | Time:00:00.00 | Mem:0.00M, Peak:0.00M | Scene, ViewLayer | Synchronizing object | QA-label
Fra:1 Mem:21.19M (Peak 21.19M) | Time:00:00.00 | Mem:0.00M, Peak:0.00M | Scene, ViewLayer | Synchronizing object | soil-grass-edge-surface
Fra:1 Mem:21.19M (Peak 21.19M) | Time:00:00.00 | Mem:0.00M, Peak:0.00M | Scene, ViewLayer | Synchronizing object | QA-label.001
Fra:1 Mem:21.37M (Peak 21.37M) | Time:00:00.00 | Mem:0.00M, Peak:0.00M | Scene, ViewLayer | Synchronizing object | planter-trough-shell-and-soil
Fra:1 Mem:21.37M (Peak 21.37M) | Time:00:00.00 | Mem:0.00M, Peak:0.00M | Scene, ViewLayer | Synchronizing object | QA-label.002
Fra:1 Mem:21.50M (Peak 21.50M) | Time:00:00.00 | Mem:0.00M, Peak:0.00M | Scene, ViewLayer | Synchronizing object | planter-round-shell-and-soil
Fra:1 Mem:21.51M (Peak 21.51M) | Time:00:00.00 | Mem:0.00M, Peak:0.00M | Scene, ViewLayer | Synchronizing object | QA-label.003
Fra:1 Mem:21.63M (Peak 21.63M) | Time:00:00.00 | Mem:0.00M, Peak:0.00M | Scene, ViewLayer | Synchronizing object | perennial-rosette-leaves
Fra:1 Mem:21.63M (Peak 21.63M) | Time:00:00.00 | Mem:0.00M, Peak:0.00M | Scene, ViewLayer | Synchronizing object | QA-label.004
Fra:1 Mem:21.78M (Peak 21.78M) | Time:00:00.00 | Mem:0.00M, Peak:0.00M | Scene, ViewLayer | Synchronizing object | perennial-tuft-leaves
Fra:1 Mem:21.78M (Peak 21.78M) | Time:00:00.00 | Mem:0.00M, Peak:0.00M | Scene, ViewLayer | Synchronizing object | QA-label.005
Fra:1 Mem:21.88M (Peak 21.88M) | Time:00:00.00 | Mem:0.00M, Peak:0.00M | Scene, ViewLayer | Synchronizing object | QA-human-legs
Fra:1 Mem:21.88M (Peak 21.88M) | Time:00:00.00 | Mem:0.00M, Peak:0.00M | Scene, ViewLayer | Synchronizing object | QA-human-torso
Fra:1 Mem:21.89M (Peak 21.89M) | Time:00:00.00 | Mem:0.00M, Peak:0.00M | Scene, ViewLayer | Synchronizing object | QA-label.006
Fra:1 Mem:21.89M (Peak 21.89M) | Time:00:00.00 | Mem:0.00M, Peak:0.00M | Scene, ViewLayer | Synchronizing object | QA-human-head
Fra:1 Mem:21.92M (Peak 21.92M) | Time:00:00.00 | Mem:0.00M, Peak:0.00M | Scene, ViewLayer | Synchronizing object | QA-human-legs.001
Fra:1 Mem:21.92M (Peak 21.92M) | Time:00:00.00 | Mem:0.00M, Peak:0.00M | Scene, ViewLayer | Synchronizing object | QA-human-torso.001
Fra:1 Mem:21.92M (Peak 21.92M) | Time:00:00.00 | Mem:0.00M, Peak:0.00M | Scene, ViewLayer | Synchronizing object | QA-label.007
Fra:1 Mem:21.93M (Peak 21.93M) | Time:00:00.00 | Mem:0.00M, Peak:0.00M | Scene, ViewLayer | Synchronizing object | QA-human-head.001
Fra:1 Mem:21.97M (Peak 21.97M) | Time:00:00.00 | Mem:0.00M, Peak:0.00M | Scene, ViewLayer | Synchronizing object | QA-ruler
Fra:1 Mem:21.97M (Peak 21.97M) | Time:00:00.00 | Mem:0.00M, Peak:0.00M | Scene, ViewLayer | Synchronizing object | QA-ruler.001
Fra:1 Mem:21.97M (Peak 21.97M) | Time:00:00.00 | Mem:0.00M, Peak:0.00M | Scene, ViewLayer | Synchronizing object | QA-ruler.002
Fra:1 Mem:21.97M (Peak 21.97M) | Time:00:00.00 | Mem:0.00M, Peak:0.00M | Scene, ViewLayer | Synchronizing object | QA-ruler.003
Fra:1 Mem:21.97M (Peak 21.97M) | Time:00:00.00 | Mem:0.00M, Peak:0.00M | Scene, ViewLayer | Synchronizing object | QA-ruler.004
Fra:1 Mem:21.97M (Peak 21.97M) | Time:00:00.00 | Mem:0.00M, Peak:0.00M | Scene, ViewLayer | Synchronizing object | QA-ruler.005
Fra:1 Mem:21.97M (Peak 21.97M) | Time:00:00.00 | Mem:0.00M, Peak:0.00M | Scene, ViewLayer | Synchronizing object | QA-ruler.006
Fra:1 Mem:21.97M (Peak 21.97M) | Time:00:00.00 | Mem:0.00M, Peak:0.00M | Scene, ViewLayer | Synchronizing object | QA-ruler.007
Fra:1 Mem:21.97M (Peak 21.97M) | Time:00:00.00 | Mem:0.00M, Peak:0.00M | Scene, ViewLayer | Synchronizing object | QA-label.008
Fra:1 Mem:21.98M (Peak 21.98M) | Time:00:00.00 | Mem:0.00M, Peak:0.00M | Scene, ViewLayer | Synchronizing object | QA-ruler.008
Fra:1 Mem:21.98M (Peak 21.98M) | Time:00:00.00 | Mem:0.00M, Peak:0.00M | Scene, ViewLayer | Synchronizing object | QA-ruler.009
Fra:1 Mem:21.99M (Peak 21.99M) | Time:00:00.00 | Mem:0.00M, Peak:0.00M | Scene, ViewLayer | Synchronizing object | QA-ground
Fra:1 Mem:21.99M (Peak 21.99M) | Time:00:00.00 | Mem:0.00M, Peak:0.00M | Scene, ViewLayer | Initializing
Fra:1 Mem:19.89M (Peak 21.99M) | Time:00:00.00 | Mem:0.00M, Peak:0.00M | Scene, ViewLayer | Updating Images | Loading concrete-color
Fra:1 Mem:21.12M (Peak 21.99M) | Time:00:00.00 | Mem:0.22M, Peak:0.22M | Scene, ViewLayer | Updating Images | Loading concrete-orm
Fra:1 Mem:21.34M (Peak 21.99M) | Time:00:00.00 | Mem:0.44M, Peak:0.44M | Scene, ViewLayer | Updating Images | Loading concrete-normal
Fra:1 Mem:21.56M (Peak 21.99M) | Time:00:00.00 | Mem:0.66M, Peak:0.66M | Scene, ViewLayer | Updating Images | Loading soil_grass_edge_basecolor
Fra:1 Mem:22.56M (Peak 23.57M) | Time:00:00.01 | Mem:1.66M, Peak:1.66M | Scene, ViewLayer | Updating Images | Loading soil_grass_edge_orm
Fra:1 Mem:26.56M (Peak 27.57M) | Time:00:00.01 | Mem:3.66M, Peak:3.66M | Scene, ViewLayer | Updating Images | Loading soil_grass_edge_normal
Fra:1 Mem:25.56M (Peak 27.57M) | Time:00:00.01 | Mem:4.66M, Peak:4.66M | Scene, ViewLayer | Updating Images | Loading soil_basecolor
Fra:1 Mem:24.91M (Peak 27.57M) | Time:00:00.02 | Mem:6.66M, Peak:6.66M | Scene, ViewLayer | Waiting for render to start
Fra:1 Mem:24.91M (Peak 27.57M) | Time:00:00.02 | Mem:6.66M, Peak:6.66M | Scene, ViewLayer | Loading render kernels (may take a few minutes the first time)
Fra:1 Mem:24.91M (Peak 27.57M) | Time:00:00.02 | Mem:6.66M, Peak:6.66M | Scene, ViewLayer | Updating Scene
Fra:1 Mem:24.91M (Peak 27.57M) | Time:00:00.02 | Mem:6.66M, Peak:6.66M | Scene, ViewLayer | Updating Shaders
Fra:1 Mem:25.00M (Peak 27.57M) | Time:00:00.02 | Mem:6.67M, Peak:6.67M | Scene, ViewLayer | Updating Procedurals
Fra:1 Mem:25.00M (Peak 27.57M) | Time:00:00.02 | Mem:6.67M, Peak:6.67M | Scene, ViewLayer | Updating Background
Fra:1 Mem:25.00M (Peak 27.57M) | Time:00:00.02 | Mem:6.67M, Peak:6.67M | Scene, ViewLayer | Updating Camera
Fra:1 Mem:25.00M (Peak 27.57M) | Time:00:00.02 | Mem:6.67M, Peak:6.67M | Scene, ViewLayer | Updating Meshes Flags
Fra:1 Mem:25.00M (Peak 27.57M) | Time:00:00.02 | Mem:6.67M, Peak:6.67M | Scene, ViewLayer | Updating Objects
Fra:1 Mem:25.00M (Peak 27.57M) | Time:00:00.02 | Mem:6.67M, Peak:6.67M | Scene, ViewLayer | Updating Objects | Copying Transformations to device
Fra:1 Mem:25.01M (Peak 27.57M) | Time:00:00.02 | Mem:6.68M, Peak:6.68M | Scene, ViewLayer | Updating Objects | Applying Static Transformations
Fra:1 Mem:25.01M (Peak 27.57M) | Time:00:00.02 | Mem:6.68M, Peak:6.68M | Scene, ViewLayer | Updating Particle Systems
Fra:1 Mem:25.01M (Peak 27.57M) | Time:00:00.02 | Mem:6.68M, Peak:6.68M | Scene, ViewLayer | Updating Particle Systems | Copying Particles to device
Fra:1 Mem:25.01M (Peak 27.57M) | Time:00:00.02 | Mem:6.68M, Peak:6.68M | Scene, ViewLayer | Updating Meshes
Fra:1 Mem:25.13M (Peak 27.57M) | Time:00:00.02 | Mem:6.68M, Peak:6.68M | Scene, ViewLayer | Updating Mesh | Computing attributes
Fra:1 Mem:25.24M (Peak 27.57M) | Time:00:00.02 | Mem:6.68M, Peak:6.68M | Scene, ViewLayer | Updating Mesh | Copying Attributes to device
Fra:1 Mem:25.24M (Peak 27.57M) | Time:00:00.02 | Mem:6.78M, Peak:6.78M | Scene, ViewLayer | Updating Scene BVH | Building
Fra:1 Mem:25.24M (Peak 27.57M) | Time:00:00.02 | Mem:6.78M, Peak:6.78M | Scene, ViewLayer | Updating Scene BVH | Building BVH
Fra:1 Mem:25.24M (Peak 27.57M) | Time:00:00.02 | Mem:7.03M, Peak:7.03M | Scene, ViewLayer | Updating Scene BVH | Building BVH 0%
Fra:1 Mem:25.24M (Peak 27.57M) | Time:00:00.02 | Mem:7.36M, Peak:7.60M | Scene, ViewLayer | Updating Scene BVH | Copying BVH to device
Fra:1 Mem:25.24M (Peak 27.57M) | Time:00:00.02 | Mem:7.36M, Peak:7.60M | Scene, ViewLayer | Updating Mesh | Computing normals
Fra:1 Mem:25.65M (Peak 27.57M) | Time:00:00.02 | Mem:7.36M, Peak:7.60M | Scene, ViewLayer | Updating Mesh | Copying Mesh to device
Fra:1 Mem:25.65M (Peak 27.57M) | Time:00:00.02 | Mem:7.77M, Peak:7.77M | Scene, ViewLayer | Updating Objects Flags
Fra:1 Mem:25.65M (Peak 27.57M) | Time:00:00.02 | Mem:7.77M, Peak:7.77M | Scene, ViewLayer | Updating Primitive Offsets
Fra:1 Mem:25.65M (Peak 27.57M) | Time:00:00.02 | Mem:7.77M, Peak:7.77M | Scene, ViewLayer | Updating Images
Fra:1 Mem:25.65M (Peak 27.57M) | Time:00:00.02 | Mem:7.77M, Peak:7.77M | Scene, ViewLayer | Updating Camera Volume
Fra:1 Mem:25.65M (Peak 27.57M) | Time:00:00.02 | Mem:7.77M, Peak:7.77M | Scene, ViewLayer | Updating Lookup Tables
Fra:1 Mem:25.65M (Peak 27.57M) | Time:00:00.02 | Mem:7.85M, Peak:7.85M | Scene, ViewLayer | Updating Lights
Fra:1 Mem:25.65M (Peak 27.57M) | Time:00:00.02 | Mem:7.85M, Peak:7.85M | Scene, ViewLayer | Updating Lights | Computing tree
Fra:1 Mem:25.65M (Peak 27.57M) | Time:00:00.02 | Mem:7.85M, Peak:7.85M | Scene, ViewLayer | Updating Integrator
Fra:1 Mem:25.65M (Peak 27.57M) | Time:00:00.02 | Mem:7.85M, Peak:7.85M | Scene, ViewLayer | Updating Film
Fra:1 Mem:25.66M (Peak 27.57M) | Time:00:00.02 | Mem:7.77M, Peak:7.85M | Scene, ViewLayer | Updating Lookup Tables
Fra:1 Mem:25.66M (Peak 27.57M) | Time:00:00.02 | Mem:7.85M, Peak:7.85M | Scene, ViewLayer | Updating Baking
Fra:1 Mem:25.66M (Peak 27.57M) | Time:00:00.02 | Mem:7.85M, Peak:7.85M | Scene, ViewLayer | Updating Device | Writing constant memory
Fra:1 Mem:25.66M (Peak 27.57M) | Time:00:00.02 | Mem:7.85M, Peak:7.85M | Scene, ViewLayer | Sample 0/16
Fra:1 Mem:37.53M (Peak 37.53M) | Time:00:00.19 | Remaining:00:02.52 | Mem:19.73M, Peak:19.73M | Scene, ViewLayer | Sample 1/16
Fra:1 Mem:42.80M (Peak 53.35M) | Time:00:02.42 | Mem:19.73M, Peak:19.73M | Scene, ViewLayer | Sample 16/16
Fra:1 Mem:42.80M (Peak 53.35M) | Time:00:02.42 | Mem:19.73M, Peak:19.73M | Scene, ViewLayer | Finished
Saved: '/workspace/scratch/7c20b5ba4165/atlas-backlog-oct3/tools/assets/ground-planting-details/qa/previews/props-1-oblique-dusk.png'
Time: 00:02.48 (Saving: 00:00.05)

Fra:1 Mem:21.05M (Peak 21.05M) | Time:00:00.00 | Mem:0.00M, Peak:0.00M | Scene, ViewLayer | Synchronizing object | curb-body
Fra:1 Mem:21.05M (Peak 21.05M) | Time:00:00.00 | Mem:0.00M, Peak:0.00M | Scene, ViewLayer | Synchronizing object | QA-label
Fra:1 Mem:21.19M (Peak 21.19M) | Time:00:00.00 | Mem:0.00M, Peak:0.00M | Scene, ViewLayer | Synchronizing object | soil-grass-edge-surface
Fra:1 Mem:21.19M (Peak 21.19M) | Time:00:00.00 | Mem:0.00M, Peak:0.00M | Scene, ViewLayer | Synchronizing object | QA-label.001
Fra:1 Mem:21.37M (Peak 21.37M) | Time:00:00.00 | Mem:0.00M, Peak:0.00M | Scene, ViewLayer | Synchronizing object | planter-trough-shell-and-soil
Fra:1 Mem:21.37M (Peak 21.37M) | Time:00:00.00 | Mem:0.00M, Peak:0.00M | Scene, ViewLayer | Synchronizing object | QA-label.002
Fra:1 Mem:21.50M (Peak 21.50M) | Time:00:00.00 | Mem:0.00M, Peak:0.00M | Scene, ViewLayer | Synchronizing object | planter-round-shell-and-soil
Fra:1 Mem:21.51M (Peak 21.51M) | Time:00:00.00 | Mem:0.00M, Peak:0.00M | Scene, ViewLayer | Synchronizing object | QA-label.003
Fra:1 Mem:21.63M (Peak 21.63M) | Time:00:00.00 | Mem:0.00M, Peak:0.00M | Scene, ViewLayer | Synchronizing object | QA-label.004
Fra:1 Mem:21.64M (Peak 21.64M) | Time:00:00.00 | Mem:0.00M, Peak:0.00M | Scene, ViewLayer | Synchronizing object | perennial-rosette-leaves
Fra:1 Mem:21.78M (Peak 21.78M) | Time:00:00.00 | Mem:0.00M, Peak:0.00M | Scene, ViewLayer | Synchronizing object | perennial-tuft-leaves
Fra:1 Mem:21.78M (Peak 21.78M) | Time:00:00.00 | Mem:0.00M, Peak:0.00M | Scene, ViewLayer | Synchronizing object | QA-label.005
Fra:1 Mem:21.88M (Peak 21.88M) | Time:00:00.00 | Mem:0.00M, Peak:0.00M | Scene, ViewLayer | Synchronizing object | QA-human-legs
Fra:1 Mem:21.88M (Peak 21.88M) | Time:00:00.00 | Mem:0.00M, Peak:0.00M | Scene, ViewLayer | Synchronizing object | QA-human-torso
Fra:1 Mem:21.89M (Peak 21.89M) | Time:00:00.00 | Mem:0.00M, Peak:0.00M | Scene, ViewLayer | Synchronizing object | QA-label.006
Fra:1 Mem:21.89M (Peak 21.89M) | Time:00:00.00 | Mem:0.00M, Peak:0.00M | Scene, ViewLayer | Synchronizing object | QA-human-head
Fra:1 Mem:21.92M (Peak 21.92M) | Time:00:00.00 | Mem:0.00M, Peak:0.00M | Scene, ViewLayer | Synchronizing object | QA-human-legs.001
Fra:1 Mem:21.92M (Peak 21.92M) | Time:00:00.00 | Mem:0.00M, Peak:0.00M | Scene, ViewLayer | Synchronizing object | QA-human-torso.001
Fra:1 Mem:21.92M (Peak 21.92M) | Time:00:00.00 | Mem:0.00M, Peak:0.00M | Scene, ViewLayer | Synchronizing object | QA-label.007
Fra:1 Mem:21.93M (Peak 21.93M) | Time:00:00.00 | Mem:0.00M, Peak:0.00M | Scene, ViewLayer | Synchronizing object | QA-human-head.001
Fra:1 Mem:21.97M (Peak 21.97M) | Time:00:00.00 | Mem:0.00M, Peak:0.00M | Scene, ViewLayer | Synchronizing object | QA-ruler
Fra:1 Mem:21.97M (Peak 21.97M) | Time:00:00.00 | Mem:0.00M, Peak:0.00M | Scene, ViewLayer | Synchronizing object | QA-ruler.001
Fra:1 Mem:21.97M (Peak 21.97M) | Time:00:00.00 | Mem:0.00M, Peak:0.00M | Scene, ViewLayer | Synchronizing object | QA-ruler.002
Fra:1 Mem:21.97M (Peak 21.97M) | Time:00:00.00 | Mem:0.00M, Peak:0.00M | Scene, ViewLayer | Synchronizing object | QA-ruler.003
Fra:1 Mem:21.97M (Peak 21.97M) | Time:00:00.00 | Mem:0.00M, Peak:0.00M | Scene, ViewLayer | Synchronizing object | QA-ruler.004
Fra:1 Mem:21.97M (Peak 21.97M) | Time:00:00.00 | Mem:0.00M, Peak:0.00M | Scene, ViewLayer | Synchronizing object | QA-ruler.005
Fra:1 Mem:21.97M (Peak 21.97M) | Time:00:00.00 | Mem:0.00M, Peak:0.00M | Scene, ViewLayer | Synchronizing object | QA-ruler.006
Fra:1 Mem:21.97M (Peak 21.97M) | Time:00:00.00 | Mem:0.00M, Peak:0.00M | Scene, ViewLayer | Synchronizing object | QA-label.008
Fra:1 Mem:21.98M (Peak 21.98M) | Time:00:00.00 | Mem:0.00M, Peak:0.00M | Scene, ViewLayer | Synchronizing object | QA-ruler.007
Fra:1 Mem:21.98M (Peak 21.98M) | Time:00:00.00 | Mem:0.00M, Peak:0.00M | Scene, ViewLayer | Synchronizing object | QA-ruler.008
Fra:1 Mem:21.99M (Peak 21.99M) | Time:00:00.00 | Mem:0.00M, Peak:0.00M | Scene, ViewLayer | Synchronizing object | QA-ruler.009
Fra:1 Mem:21.99M (Peak 21.99M) | Time:00:00.00 | Mem:0.00M, Peak:0.00M | Scene, ViewLayer | Synchronizing object | QA-ground
Fra:1 Mem:21.99M (Peak 21.99M) | Time:00:00.00 | Mem:0.00M, Peak:0.00M | Scene, ViewLayer | Initializing
Fra:1 Mem:19.89M (Peak 21.99M) | Time:00:00.00 | Mem:0.00M, Peak:0.00M | Scene, ViewLayer | Updating Images | Loading soil_normal
Fra:1 Mem:21.12M (Peak 21.99M) | Time:00:00.00 | Mem:0.22M, Peak:0.22M | Scene, ViewLayer | Updating Images | Loading concrete-orm
Fra:1 Mem:21.34M (Peak 21.99M) | Time:00:00.00 | Mem:0.44M, Peak:0.44M | Scene, ViewLayer | Updating Images | Loading concrete-normal
Fra:1 Mem:21.56M (Peak 21.99M) | Time:00:00.00 | Mem:0.66M, Peak:0.66M | Scene, ViewLayer | Updating Images | Loading soil_grass_edge_basecolor
Fra:1 Mem:22.56M (Peak 23.57M) | Time:00:00.01 | Mem:1.66M, Peak:1.66M | Scene, ViewLayer | Updating Images | Loading soil_grass_edge_orm
Fra:1 Mem:26.56M (Peak 27.57M) | Time:00:00.01 | Mem:3.66M, Peak:3.66M | Scene, ViewLayer | Updating Images | Loading soil_grass_edge_normal
Fra:1 Mem:25.56M (Peak 27.57M) | Time:00:00.01 | Mem:4.66M, Peak:4.66M | Scene, ViewLayer | Updating Images | Loading soil_basecolor
Fra:1 Mem:24.91M (Peak 27.57M) | Time:00:00.02 | Mem:6.66M, Peak:6.66M | Scene, ViewLayer | Waiting for render to start
Fra:1 Mem:24.91M (Peak 27.57M) | Time:00:00.02 | Mem:6.66M, Peak:6.66M | Scene, ViewLayer | Loading render kernels (may take a few minutes the first time)
Fra:1 Mem:24.91M (Peak 27.57M) | Time:00:00.02 | Mem:6.66M, Peak:6.66M | Scene, ViewLayer | Updating Scene
Fra:1 Mem:24.91M (Peak 27.57M) | Time:00:00.02 | Mem:6.66M, Peak:6.66M | Scene, ViewLayer | Updating Shaders
Fra:1 Mem:25.00M (Peak 27.57M) | Time:00:00.02 | Mem:6.67M, Peak:6.67M | Scene, ViewLayer | Updating Procedurals
Fra:1 Mem:25.00M (Peak 27.57M) | Time:00:00.02 | Mem:6.67M, Peak:6.67M | Scene, ViewLayer | Updating Background
Fra:1 Mem:25.00M (Peak 27.57M) | Time:00:00.02 | Mem:6.67M, Peak:6.67M | Scene, ViewLayer | Updating Camera
Fra:1 Mem:25.00M (Peak 27.57M) | Time:00:00.02 | Mem:6.67M, Peak:6.67M | Scene, ViewLayer | Updating Meshes Flags
Fra:1 Mem:25.00M (Peak 27.57M) | Time:00:00.02 | Mem:6.67M, Peak:6.67M | Scene, ViewLayer | Updating Objects
Fra:1 Mem:25.00M (Peak 27.57M) | Time:00:00.02 | Mem:6.67M, Peak:6.67M | Scene, ViewLayer | Updating Objects | Copying Transformations to device
Fra:1 Mem:25.01M (Peak 27.57M) | Time:00:00.02 | Mem:6.68M, Peak:6.68M | Scene, ViewLayer | Updating Objects | Applying Static Transformations
Fra:1 Mem:25.01M (Peak 27.57M) | Time:00:00.02 | Mem:6.68M, Peak:6.68M | Scene, ViewLayer | Updating Particle Systems
Fra:1 Mem:25.01M (Peak 27.57M) | Time:00:00.02 | Mem:6.68M, Peak:6.68M | Scene, ViewLayer | Updating Particle Systems | Copying Particles to device
Fra:1 Mem:25.01M (Peak 27.57M) | Time:00:00.02 | Mem:6.68M, Peak:6.68M | Scene, ViewLayer | Updating Meshes
Fra:1 Mem:25.13M (Peak 27.57M) | Time:00:00.02 | Mem:6.68M, Peak:6.68M | Scene, ViewLayer | Updating Mesh | Computing attributes
Fra:1 Mem:25.24M (Peak 27.57M) | Time:00:00.02 | Mem:6.68M, Peak:6.68M | Scene, ViewLayer | Updating Mesh | Copying Attributes to device
Fra:1 Mem:25.24M (Peak 27.57M) | Time:00:00.02 | Mem:6.78M, Peak:6.78M | Scene, ViewLayer | Updating Scene BVH | Building
Fra:1 Mem:25.24M (Peak 27.57M) | Time:00:00.02 | Mem:6.78M, Peak:6.78M | Scene, ViewLayer | Updating Scene BVH | Building BVH
Fra:1 Mem:25.24M (Peak 27.57M) | Time:00:00.02 | Mem:7.03M, Peak:7.03M | Scene, ViewLayer | Updating Scene BVH | Building BVH 0%
Fra:1 Mem:25.24M (Peak 27.57M) | Time:00:00.02 | Mem:7.36M, Peak:7.60M | Scene, ViewLayer | Updating Scene BVH | Copying BVH to device
Fra:1 Mem:25.24M (Peak 27.57M) | Time:00:00.02 | Mem:7.36M, Peak:7.60M | Scene, ViewLayer | Updating Mesh | Computing normals
Fra:1 Mem:25.65M (Peak 27.57M) | Time:00:00.02 | Mem:7.36M, Peak:7.60M | Scene, ViewLayer | Updating Mesh | Copying Mesh to device
Fra:1 Mem:25.65M (Peak 27.57M) | Time:00:00.02 | Mem:7.77M, Peak:7.77M | Scene, ViewLayer | Updating Objects Flags
Fra:1 Mem:25.65M (Peak 27.57M) | Time:00:00.02 | Mem:7.77M, Peak:7.77M | Scene, ViewLayer | Updating Primitive Offsets
Fra:1 Mem:25.65M (Peak 27.57M) | Time:00:00.02 | Mem:7.77M, Peak:7.77M | Scene, ViewLayer | Updating Images
Fra:1 Mem:25.65M (Peak 27.57M) | Time:00:00.02 | Mem:7.77M, Peak:7.77M | Scene, ViewLayer | Updating Camera Volume
Fra:1 Mem:25.65M (Peak 27.57M) | Time:00:00.02 | Mem:7.77M, Peak:7.77M | Scene, ViewLayer | Updating Lookup Tables
Fra:1 Mem:25.65M (Peak 27.57M) | Time:00:00.02 | Mem:7.85M, Peak:7.85M | Scene, ViewLayer | Updating Lights
Fra:1 Mem:25.65M (Peak 27.57M) | Time:00:00.02 | Mem:7.85M, Peak:7.85M | Scene, ViewLayer | Updating Lights | Computing tree
Fra:1 Mem:25.65M (Peak 27.57M) | Time:00:00.02 | Mem:7.85M, Peak:7.85M | Scene, ViewLayer | Updating Integrator
Fra:1 Mem:25.65M (Peak 27.57M) | Time:00:00.02 | Mem:7.85M, Peak:7.85M | Scene, ViewLayer | Updating Film
Fra:1 Mem:25.66M (Peak 27.57M) | Time:00:00.02 | Mem:7.77M, Peak:7.85M | Scene, ViewLayer | Updating Lookup Tables
Fra:1 Mem:25.66M (Peak 27.57M) | Time:00:00.02 | Mem:7.85M, Peak:7.85M | Scene, ViewLayer | Updating Baking
Fra:1 Mem:25.66M (Peak 27.57M) | Time:00:00.02 | Mem:7.85M, Peak:7.85M | Scene, ViewLayer | Updating Device | Writing constant memory
Fra:1 Mem:25.66M (Peak 27.57M) | Time:00:00.02 | Mem:7.85M, Peak:7.85M | Scene, ViewLayer | Sample 0/16
Fra:1 Mem:37.53M (Peak 37.53M) | Time:00:00.18 | Remaining:00:02.46 | Mem:19.73M, Peak:19.73M | Scene, ViewLayer | Sample 1/16
Fra:1 Mem:42.80M (Peak 53.35M) | Time:00:02.33 | Mem:19.73M, Peak:19.73M | Scene, ViewLayer | Sample 16/16
Fra:1 Mem:42.80M (Peak 53.35M) | Time:00:02.33 | Mem:19.73M, Peak:19.73M | Scene, ViewLayer | Finished
Saved: '/workspace/scratch/7c20b5ba4165/atlas-backlog-oct3/tools/assets/ground-planting-details/qa/previews/props-1-oblique-night.png'
Time: 00:02.39 (Saving: 00:00.05)

Fra:1 Mem:21.05M (Peak 21.05M) | Time:00:00.00 | Mem:0.00M, Peak:0.00M | Scene, ViewLayer | Synchronizing object | curb-body
Fra:1 Mem:21.05M (Peak 21.05M) | Time:00:00.00 | Mem:0.00M, Peak:0.00M | Scene, ViewLayer | Synchronizing object | QA-label
Fra:1 Mem:21.19M (Peak 21.19M) | Time:00:00.00 | Mem:0.00M, Peak:0.00M | Scene, ViewLayer | Synchronizing object | soil-grass-edge-surface
Fra:1 Mem:21.19M (Peak 21.19M) | Time:00:00.00 | Mem:0.00M, Peak:0.00M | Scene, ViewLayer | Synchronizing object | QA-label.001
Fra:1 Mem:21.37M (Peak 21.37M) | Time:00:00.00 | Mem:0.00M, Peak:0.00M | Scene, ViewLayer | Synchronizing object | planter-trough-shell-and-soil
Fra:1 Mem:21.37M (Peak 21.37M) | Time:00:00.00 | Mem:0.00M, Peak:0.00M | Scene, ViewLayer | Synchronizing object | QA-label.002
Fra:1 Mem:21.50M (Peak 21.50M) | Time:00:00.00 | Mem:0.00M, Peak:0.00M | Scene, ViewLayer | Synchronizing object | planter-round-shell-and-soil
Fra:1 Mem:21.50M (Peak 21.50M) | Time:00:00.00 | Mem:0.00M, Peak:0.00M | Scene, ViewLayer | Synchronizing object | QA-label.003
Fra:1 Mem:21.63M (Peak 21.63M) | Time:00:00.00 | Mem:0.00M, Peak:0.00M | Scene, ViewLayer | Synchronizing object | perennial-rosette-leaves
Fra:1 Mem:21.63M (Peak 21.63M) | Time:00:00.00 | Mem:0.00M, Peak:0.00M | Scene, ViewLayer | Synchronizing object | QA-label.004
Fra:1 Mem:21.78M (Peak 21.78M) | Time:00:00.00 | Mem:0.00M, Peak:0.00M | Scene, ViewLayer | Synchronizing object | perennial-tuft-leaves
Fra:1 Mem:21.78M (Peak 21.78M) | Time:00:00.00 | Mem:0.00M, Peak:0.00M | Scene, ViewLayer | Synchronizing object | QA-label.005
Fra:1 Mem:21.88M (Peak 21.88M) | Time:00:00.00 | Mem:0.00M, Peak:0.00M | Scene, ViewLayer | Synchronizing object | QA-human-legs
Fra:1 Mem:21.88M (Peak 21.88M) | Time:00:00.00 | Mem:0.00M, Peak:0.00M | Scene, ViewLayer | Synchronizing object | QA-human-torso
Fra:1 Mem:21.88M (Peak 21.88M) | Time:00:00.00 | Mem:0.00M, Peak:0.00M | Scene, ViewLayer | Synchronizing object | QA-label.006
Fra:1 Mem:21.90M (Peak 21.90M) | Time:00:00.00 | Mem:0.00M, Peak:0.00M | Scene, ViewLayer | Synchronizing object | QA-human-head
Fra:1 Mem:21.92M (Peak 21.92M) | Time:00:00.00 | Mem:0.00M, Peak:0.00M | Scene, ViewLayer | Synchronizing object | QA-human-legs.001
Fra:1 Mem:21.92M (Peak 21.92M) | Time:00:00.00 | Mem:0.00M, Peak:0.00M | Scene, ViewLayer | Synchronizing object | QA-human-torso.001
Fra:1 Mem:21.92M (Peak 21.92M) | Time:00:00.00 | Mem:0.00M, Peak:0.00M | Scene, ViewLayer | Synchronizing object | QA-human-head.001
Fra:1 Mem:21.92M (Peak 21.92M) | Time:00:00.00 | Mem:0.00M, Peak:0.00M | Scene, ViewLayer | Synchronizing object | QA-label.007
Fra:1 Mem:21.97M (Peak 21.97M) | Time:00:00.00 | Mem:0.00M, Peak:0.00M | Scene, ViewLayer | Synchronizing object | QA-ruler
Fra:1 Mem:21.97M (Peak 21.97M) | Time:00:00.00 | Mem:0.00M, Peak:0.00M | Scene, ViewLayer | Synchronizing object | QA-ruler.001
Fra:1 Mem:21.97M (Peak 21.97M) | Time:00:00.00 | Mem:0.00M, Peak:0.00M | Scene, ViewLayer | Synchronizing object | QA-ruler.002
Fra:1 Mem:21.97M (Peak 21.97M) | Time:00:00.00 | Mem:0.00M, Peak:0.00M | Scene, ViewLayer | Synchronizing object | QA-ruler.003
Fra:1 Mem:21.97M (Peak 21.97M) | Time:00:00.00 | Mem:0.00M, Peak:0.00M | Scene, ViewLayer | Synchronizing object | QA-ruler.004
Fra:1 Mem:21.97M (Peak 21.97M) | Time:00:00.00 | Mem:0.00M, Peak:0.00M | Scene, ViewLayer | Synchronizing object | QA-ruler.005
Fra:1 Mem:21.97M (Peak 21.97M) | Time:00:00.00 | Mem:0.00M, Peak:0.00M | Scene, ViewLayer | Synchronizing object | QA-label.008
Fra:1 Mem:21.97M (Peak 21.97M) | Time:00:00.00 | Mem:0.00M, Peak:0.00M | Scene, ViewLayer | Synchronizing object | QA-ruler.006
Fra:1 Mem:21.98M (Peak 21.98M) | Time:00:00.00 | Mem:0.00M, Peak:0.00M | Scene, ViewLayer | Synchronizing object | QA-ruler.007
Fra:1 Mem:21.99M (Peak 21.99M) | Time:00:00.00 | Mem:0.00M, Peak:0.00M | Scene, ViewLayer | Synchronizing object | QA-ruler.008
Fra:1 Mem:21.99M (Peak 21.99M) | Time:00:00.00 | Mem:0.00M, Peak:0.00M | Scene, ViewLayer | Synchronizing object | QA-ruler.009
Fra:1 Mem:21.99M (Peak 21.99M) | Time:00:00.00 | Mem:0.00M, Peak:0.00M | Scene, ViewLayer | Synchronizing object | QA-ground
Fra:1 Mem:21.99M (Peak 21.99M) | Time:00:00.00 | Mem:0.00M, Peak:0.00M | Scene, ViewLayer | Initializing
Fra:1 Mem:19.89M (Peak 21.99M) | Time:00:00.00 | Mem:0.00M, Peak:0.00M | Scene, ViewLayer | Updating Images | Loading soil_normal
Fra:1 Mem:21.12M (Peak 21.99M) | Time:00:00.00 | Mem:0.22M, Peak:0.22M | Scene, ViewLayer | Updating Images | Loading concrete-orm
Fra:1 Mem:21.34M (Peak 21.99M) | Time:00:00.00 | Mem:0.44M, Peak:0.44M | Scene, ViewLayer | Updating Images | Loading concrete-normal
Fra:1 Mem:21.56M (Peak 21.99M) | Time:00:00.00 | Mem:0.66M, Peak:0.66M | Scene, ViewLayer | Updating Images | Loading soil_grass_edge_basecolor
Fra:1 Mem:22.56M (Peak 23.57M) | Time:00:00.01 | Mem:1.66M, Peak:1.66M | Scene, ViewLayer | Updating Images | Loading soil_grass_edge_orm
Fra:1 Mem:25.56M (Peak 27.57M) | Time:00:00.01 | Mem:3.66M, Peak:3.66M | Scene, ViewLayer | Updating Images | Loading soil_basecolor
Fra:1 Mem:24.56M (Peak 27.57M) | Time:00:00.01 | Mem:4.66M, Peak:4.66M | Scene, ViewLayer | Updating Images | Loading soil_grass_edge_normal
Fra:1 Mem:24.91M (Peak 27.57M) | Time:00:00.02 | Mem:6.66M, Peak:6.66M | Scene, ViewLayer | Waiting for render to start
Fra:1 Mem:24.91M (Peak 27.57M) | Time:00:00.02 | Mem:6.66M, Peak:6.66M | Scene, ViewLayer | Loading render kernels (may take a few minutes the first time)
Fra:1 Mem:24.91M (Peak 27.57M) | Time:00:00.02 | Mem:6.66M, Peak:6.66M | Scene, ViewLayer | Updating Scene
Fra:1 Mem:24.91M (Peak 27.57M) | Time:00:00.02 | Mem:6.66M, Peak:6.66M | Scene, ViewLayer | Updating Shaders
Fra:1 Mem:25.00M (Peak 27.57M) | Time:00:00.02 | Mem:6.67M, Peak:6.67M | Scene, ViewLayer | Updating Procedurals
Fra:1 Mem:25.00M (Peak 27.57M) | Time:00:00.02 | Mem:6.67M, Peak:6.67M | Scene, ViewLayer | Updating Background
Fra:1 Mem:25.00M (Peak 27.57M) | Time:00:00.02 | Mem:6.67M, Peak:6.67M | Scene, ViewLayer | Updating Camera
Fra:1 Mem:25.00M (Peak 27.57M) | Time:00:00.02 | Mem:6.67M, Peak:6.67M | Scene, ViewLayer | Updating Meshes Flags
Fra:1 Mem:25.00M (Peak 27.57M) | Time:00:00.02 | Mem:6.67M, Peak:6.67M | Scene, ViewLayer | Updating Objects
Fra:1 Mem:25.00M (Peak 27.57M) | Time:00:00.02 | Mem:6.67M, Peak:6.67M | Scene, ViewLayer | Updating Objects | Copying Transformations to device
Fra:1 Mem:25.01M (Peak 27.57M) | Time:00:00.02 | Mem:6.68M, Peak:6.68M | Scene, ViewLayer | Updating Objects | Applying Static Transformations
Fra:1 Mem:25.01M (Peak 27.57M) | Time:00:00.02 | Mem:6.68M, Peak:6.68M | Scene, ViewLayer | Updating Particle Systems
Fra:1 Mem:25.01M (Peak 27.57M) | Time:00:00.02 | Mem:6.68M, Peak:6.68M | Scene, ViewLayer | Updating Particle Systems | Copying Particles to device
Fra:1 Mem:25.01M (Peak 27.57M) | Time:00:00.02 | Mem:6.68M, Peak:6.68M | Scene, ViewLayer | Updating Meshes
Fra:1 Mem:25.13M (Peak 27.57M) | Time:00:00.02 | Mem:6.68M, Peak:6.68M | Scene, ViewLayer | Updating Mesh | Computing attributes
Fra:1 Mem:25.25M (Peak 27.57M) | Time:00:00.02 | Mem:6.68M, Peak:6.68M | Scene, ViewLayer | Updating Mesh | Copying Attributes to device
Fra:1 Mem:25.24M (Peak 27.57M) | Time:00:00.02 | Mem:6.78M, Peak:6.78M | Scene, ViewLayer | Updating Scene BVH | Building
Fra:1 Mem:25.24M (Peak 27.57M) | Time:00:00.02 | Mem:6.78M, Peak:6.78M | Scene, ViewLayer | Updating Scene BVH | Building BVH
Fra:1 Mem:25.24M (Peak 27.57M) | Time:00:00.02 | Mem:7.03M, Peak:7.03M | Scene, ViewLayer | Updating Scene BVH | Building BVH 0%
Fra:1 Mem:25.24M (Peak 27.57M) | Time:00:00.02 | Mem:7.36M, Peak:7.60M | Scene, ViewLayer | Updating Scene BVH | Copying BVH to device
Fra:1 Mem:25.24M (Peak 27.57M) | Time:00:00.02 | Mem:7.36M, Peak:7.60M | Scene, ViewLayer | Updating Mesh | Computing normals
Fra:1 Mem:25.65M (Peak 27.57M) | Time:00:00.02 | Mem:7.36M, Peak:7.60M | Scene, ViewLayer | Updating Mesh | Copying Mesh to device
Fra:1 Mem:25.65M (Peak 27.57M) | Time:00:00.02 | Mem:7.77M, Peak:7.77M | Scene, ViewLayer | Updating Objects Flags
Fra:1 Mem:25.65M (Peak 27.57M) | Time:00:00.02 | Mem:7.77M, Peak:7.77M | Scene, ViewLayer | Updating Primitive Offsets
Fra:1 Mem:25.65M (Peak 27.57M) | Time:00:00.02 | Mem:7.77M, Peak:7.77M | Scene, ViewLayer | Updating Images
Fra:1 Mem:25.65M (Peak 27.57M) | Time:00:00.02 | Mem:7.77M, Peak:7.77M | Scene, ViewLayer | Updating Camera Volume
Fra:1 Mem:25.65M (Peak 27.57M) | Time:00:00.02 | Mem:7.77M, Peak:7.77M | Scene, ViewLayer | Updating Lookup Tables
Fra:1 Mem:25.65M (Peak 27.57M) | Time:00:00.02 | Mem:7.85M, Peak:7.85M | Scene, ViewLayer | Updating Lights
Fra:1 Mem:25.65M (Peak 27.57M) | Time:00:00.02 | Mem:7.85M, Peak:7.85M | Scene, ViewLayer | Updating Lights | Computing tree
Fra:1 Mem:25.65M (Peak 27.57M) | Time:00:00.02 | Mem:7.85M, Peak:7.85M | Scene, ViewLayer | Updating Integrator
Fra:1 Mem:25.65M (Peak 27.57M) | Time:00:00.02 | Mem:7.85M, Peak:7.85M | Scene, ViewLayer | Updating Film
Fra:1 Mem:25.66M (Peak 27.57M) | Time:00:00.02 | Mem:7.77M, Peak:7.85M | Scene, ViewLayer | Updating Lookup Tables
Fra:1 Mem:25.66M (Peak 27.57M) | Time:00:00.02 | Mem:7.85M, Peak:7.85M | Scene, ViewLayer | Updating Baking
Fra:1 Mem:25.66M (Peak 27.57M) | Time:00:00.02 | Mem:7.85M, Peak:7.85M | Scene, ViewLayer | Updating Device | Writing constant memory
Fra:1 Mem:25.66M (Peak 27.57M) | Time:00:00.02 | Mem:7.85M, Peak:7.85M | Scene, ViewLayer | Sample 0/16
Fra:1 Mem:37.53M (Peak 37.53M) | Time:00:00.11 | Remaining:00:01.33 | Mem:19.73M, Peak:19.73M | Scene, ViewLayer | Sample 1/16
Fra:1 Mem:42.80M (Peak 53.35M) | Time:00:01.16 | Mem:19.73M, Peak:19.73M | Scene, ViewLayer | Sample 16/16
Fra:1 Mem:42.80M (Peak 53.35M) | Time:00:01.16 | Mem:19.73M, Peak:19.73M | Scene, ViewLayer | Finished
Saved: '/workspace/scratch/7c20b5ba4165/atlas-backlog-oct3/tools/assets/ground-planting-details/qa/previews/props-1-grazing-clear.png'
Time: 00:01.21 (Saving: 00:00.05)

Fra:1 Mem:21.05M (Peak 21.05M) | Time:00:00.00 | Mem:0.00M, Peak:0.00M | Scene, ViewLayer | Synchronizing object | curb-body
Fra:1 Mem:21.05M (Peak 21.05M) | Time:00:00.00 | Mem:0.00M, Peak:0.00M | Scene, ViewLayer | Synchronizing object | QA-label
Fra:1 Mem:21.19M (Peak 21.19M) | Time:00:00.00 | Mem:0.00M, Peak:0.00M | Scene, ViewLayer | Synchronizing object | soil-grass-edge-surface
Fra:1 Mem:21.19M (Peak 21.19M) | Time:00:00.00 | Mem:0.00M, Peak:0.00M | Scene, ViewLayer | Synchronizing object | QA-label.001
Fra:1 Mem:21.37M (Peak 21.37M) | Time:00:00.00 | Mem:0.00M, Peak:0.00M | Scene, ViewLayer | Synchronizing object | planter-trough-shell-and-soil
Fra:1 Mem:21.37M (Peak 21.37M) | Time:00:00.00 | Mem:0.00M, Peak:0.00M | Scene, ViewLayer | Synchronizing object | QA-label.002
Fra:1 Mem:21.50M (Peak 21.50M) | Time:00:00.00 | Mem:0.00M, Peak:0.00M | Scene, ViewLayer | Synchronizing object | planter-round-shell-and-soil
Fra:1 Mem:21.51M (Peak 21.51M) | Time:00:00.00 | Mem:0.00M, Peak:0.00M | Scene, ViewLayer | Synchronizing object | QA-label.003
Fra:1 Mem:21.63M (Peak 21.63M) | Time:00:00.00 | Mem:0.00M, Peak:0.00M | Scene, ViewLayer | Synchronizing object | perennial-rosette-leaves
Fra:1 Mem:21.63M (Peak 21.63M) | Time:00:00.00 | Mem:0.00M, Peak:0.00M | Scene, ViewLayer | Synchronizing object | QA-label.004
Fra:1 Mem:21.78M (Peak 21.78M) | Time:00:00.00 | Mem:0.00M, Peak:0.00M | Scene, ViewLayer | Synchronizing object | perennial-tuft-leaves
Fra:1 Mem:21.78M (Peak 21.78M) | Time:00:00.00 | Mem:0.00M, Peak:0.00M | Scene, ViewLayer | Synchronizing object | QA-label.005
Fra:1 Mem:21.88M (Peak 21.88M) | Time:00:00.00 | Mem:0.00M, Peak:0.00M | Scene, ViewLayer | Synchronizing object | QA-human-legs
Fra:1 Mem:21.88M (Peak 21.88M) | Time:00:00.00 | Mem:0.00M, Peak:0.00M | Scene, ViewLayer | Synchronizing object | QA-human-torso
Fra:1 Mem:21.89M (Peak 21.89M) | Time:00:00.00 | Mem:0.00M, Peak:0.00M | Scene, ViewLayer | Synchronizing object | QA-label.006
Fra:1 Mem:21.89M (Peak 21.89M) | Time:00:00.00 | Mem:0.00M, Peak:0.00M | Scene, ViewLayer | Synchronizing object | QA-human-head
Fra:1 Mem:21.92M (Peak 21.92M) | Time:00:00.00 | Mem:0.00M, Peak:0.00M | Scene, ViewLayer | Synchronizing object | QA-human-legs.001
Fra:1 Mem:21.92M (Peak 21.92M) | Time:00:00.00 | Mem:0.00M, Peak:0.00M | Scene, ViewLayer | Synchronizing object | QA-human-torso.001
Fra:1 Mem:21.92M (Peak 21.92M) | Time:00:00.00 | Mem:0.00M, Peak:0.00M | Scene, ViewLayer | Synchronizing object | QA-label.007
Fra:1 Mem:21.94M (Peak 21.94M) | Time:00:00.00 | Mem:0.00M, Peak:0.00M | Scene, ViewLayer | Synchronizing object | QA-human-head.001
Fra:1 Mem:21.97M (Peak 21.97M) | Time:00:00.00 | Mem:0.00M, Peak:0.00M | Scene, ViewLayer | Synchronizing object | QA-ruler
Fra:1 Mem:21.97M (Peak 21.97M) | Time:00:00.00 | Mem:0.00M, Peak:0.00M | Scene, ViewLayer | Synchronizing object | QA-ruler.001
Fra:1 Mem:21.97M (Peak 21.97M) | Time:00:00.00 | Mem:0.00M, Peak:0.00M | Scene, ViewLayer | Synchronizing object | QA-ruler.002
Fra:1 Mem:21.97M (Peak 21.97M) | Time:00:00.00 | Mem:0.00M, Peak:0.00M | Scene, ViewLayer | Synchronizing object | QA-ruler.003
Fra:1 Mem:21.97M (Peak 21.97M) | Time:00:00.00 | Mem:0.00M, Peak:0.00M | Scene, ViewLayer | Synchronizing object | QA-ruler.004
Fra:1 Mem:21.97M (Peak 21.97M) | Time:00:00.00 | Mem:0.00M, Peak:0.00M | Scene, ViewLayer | Synchronizing object | QA-ruler.005
Fra:1 Mem:21.97M (Peak 21.97M) | Time:00:00.00 | Mem:0.00M, Peak:0.00M | Scene, ViewLayer | Synchronizing object | QA-ruler.006
Fra:1 Mem:21.97M (Peak 21.97M) | Time:00:00.00 | Mem:0.00M, Peak:0.00M | Scene, ViewLayer | Synchronizing object | QA-ruler.007
Fra:1 Mem:21.97M (Peak 21.97M) | Time:00:00.00 | Mem:0.00M, Peak:0.00M | Scene, ViewLayer | Synchronizing object | QA-ruler.008
Fra:1 Mem:21.97M (Peak 21.97M) | Time:00:00.00 | Mem:0.00M, Peak:0.00M | Scene, ViewLayer | Synchronizing object | QA-label.008
Fra:1 Mem:21.97M (Peak 21.97M) | Time:00:00.00 | Mem:0.00M, Peak:0.00M | Scene, ViewLayer | Synchronizing object | QA-ruler.009
Fra:1 Mem:21.99M (Peak 21.99M) | Time:00:00.00 | Mem:0.00M, Peak:0.00M | Scene, ViewLayer | Synchronizing object | QA-ground
Fra:1 Mem:21.99M (Peak 21.99M) | Time:00:00.00 | Mem:0.00M, Peak:0.00M | Scene, ViewLayer | Initializing
Fra:1 Mem:19.89M (Peak 21.99M) | Time:00:00.00 | Mem:0.00M, Peak:0.00M | Scene, ViewLayer | Updating Images | Loading concrete-color
Fra:1 Mem:19.89M (Peak 21.99M) | Time:00:00.00 | Mem:0.00M, Peak:0.00M | Scene, ViewLayer | Updating Images | Loading soil_normal
Fra:1 Mem:21.12M (Peak 21.99M) | Time:00:00.00 | Mem:0.22M, Peak:0.22M | Scene, ViewLayer | Updating Images | Loading concrete-orm
Fra:1 Mem:21.34M (Peak 21.99M) | Time:00:00.00 | Mem:0.44M, Peak:0.44M | Scene, ViewLayer | Updating Images | Loading concrete-normal
Fra:1 Mem:21.56M (Peak 21.99M) | Time:00:00.00 | Mem:0.66M, Peak:0.66M | Scene, ViewLayer | Updating Images | Loading soil_grass_edge_basecolor
Fra:1 Mem:24.57M (Peak 25.58M) | Time:00:00.01 | Mem:1.66M, Peak:1.66M | Scene, ViewLayer | Updating Images | Loading soil_grass_edge_orm
Fra:1 Mem:25.56M (Peak 27.57M) | Time:00:00.01 | Mem:3.66M, Peak:3.66M | Scene, ViewLayer | Updating Images | Loading soil_basecolor
Fra:1 Mem:25.56M (Peak 27.57M) | Time:00:00.01 | Mem:4.66M, Peak:4.66M | Scene, ViewLayer | Updating Images | Loading soil_grass_edge_normal
Fra:1 Mem:24.91M (Peak 27.57M) | Time:00:00.02 | Mem:6.66M, Peak:6.66M | Scene, ViewLayer | Waiting for render to start
Fra:1 Mem:24.91M (Peak 27.57M) | Time:00:00.02 | Mem:6.66M, Peak:6.66M | Scene, ViewLayer | Loading render kernels (may take a few minutes the first time)
Fra:1 Mem:24.91M (Peak 27.57M) | Time:00:00.02 | Mem:6.66M, Peak:6.66M | Scene, ViewLayer | Updating Scene
Fra:1 Mem:24.91M (Peak 27.57M) | Time:00:00.02 | Mem:6.66M, Peak:6.66M | Scene, ViewLayer | Updating Shaders
Fra:1 Mem:25.00M (Peak 27.57M) | Time:00:00.02 | Mem:6.67M, Peak:6.67M | Scene, ViewLayer | Updating Procedurals
Fra:1 Mem:25.00M (Peak 27.57M) | Time:00:00.02 | Mem:6.67M, Peak:6.67M | Scene, ViewLayer | Updating Background
Fra:1 Mem:25.00M (Peak 27.57M) | Time:00:00.02 | Mem:6.67M, Peak:6.67M | Scene, ViewLayer | Updating Camera
Fra:1 Mem:25.00M (Peak 27.57M) | Time:00:00.02 | Mem:6.67M, Peak:6.67M | Scene, ViewLayer | Updating Meshes Flags
Fra:1 Mem:25.00M (Peak 27.57M) | Time:00:00.02 | Mem:6.67M, Peak:6.67M | Scene, ViewLayer | Updating Objects
Fra:1 Mem:25.00M (Peak 27.57M) | Time:00:00.02 | Mem:6.67M, Peak:6.67M | Scene, ViewLayer | Updating Objects | Copying Transformations to device
Fra:1 Mem:25.01M (Peak 27.57M) | Time:00:00.02 | Mem:6.68M, Peak:6.68M | Scene, ViewLayer | Updating Objects | Applying Static Transformations
Fra:1 Mem:25.01M (Peak 27.57M) | Time:00:00.02 | Mem:6.68M, Peak:6.68M | Scene, ViewLayer | Updating Particle Systems
Fra:1 Mem:25.01M (Peak 27.57M) | Time:00:00.02 | Mem:6.68M, Peak:6.68M | Scene, ViewLayer | Updating Particle Systems | Copying Particles to device
Fra:1 Mem:25.01M (Peak 27.57M) | Time:00:00.02 | Mem:6.68M, Peak:6.68M | Scene, ViewLayer | Updating Meshes
Fra:1 Mem:25.13M (Peak 27.57M) | Time:00:00.02 | Mem:6.68M, Peak:6.68M | Scene, ViewLayer | Updating Mesh | Computing attributes
Fra:1 Mem:25.25M (Peak 27.57M) | Time:00:00.02 | Mem:6.68M, Peak:6.68M | Scene, ViewLayer | Updating Mesh | Copying Attributes to device
Fra:1 Mem:25.24M (Peak 27.57M) | Time:00:00.02 | Mem:6.78M, Peak:6.78M | Scene, ViewLayer | Updating Scene BVH | Building
Fra:1 Mem:25.24M (Peak 27.57M) | Time:00:00.02 | Mem:6.78M, Peak:6.78M | Scene, ViewLayer | Updating Scene BVH | Building BVH
Fra:1 Mem:25.24M (Peak 27.57M) | Time:00:00.02 | Mem:7.03M, Peak:7.03M | Scene, ViewLayer | Updating Scene BVH | Building BVH 0%
Fra:1 Mem:25.24M (Peak 27.57M) | Time:00:00.02 | Mem:7.36M, Peak:7.60M | Scene, ViewLayer | Updating Scene BVH | Copying BVH to device
Fra:1 Mem:25.24M (Peak 27.57M) | Time:00:00.02 | Mem:7.36M, Peak:7.60M | Scene, ViewLayer | Updating Mesh | Computing normals
Fra:1 Mem:25.65M (Peak 27.57M) | Time:00:00.02 | Mem:7.36M, Peak:7.60M | Scene, ViewLayer | Updating Mesh | Copying Mesh to device
Fra:1 Mem:25.65M (Peak 27.57M) | Time:00:00.02 | Mem:7.77M, Peak:7.77M | Scene, ViewLayer | Updating Objects Flags
Fra:1 Mem:25.65M (Peak 27.57M) | Time:00:00.02 | Mem:7.77M, Peak:7.77M | Scene, ViewLayer | Updating Primitive Offsets
Fra:1 Mem:25.65M (Peak 27.57M) | Time:00:00.02 | Mem:7.77M, Peak:7.77M | Scene, ViewLayer | Updating Images
Fra:1 Mem:25.65M (Peak 27.57M) | Time:00:00.02 | Mem:7.77M, Peak:7.77M | Scene, ViewLayer | Updating Camera Volume
Fra:1 Mem:25.65M (Peak 27.57M) | Time:00:00.02 | Mem:7.77M, Peak:7.77M | Scene, ViewLayer | Updating Lookup Tables
Fra:1 Mem:25.65M (Peak 27.57M) | Time:00:00.02 | Mem:7.85M, Peak:7.85M | Scene, ViewLayer | Updating Lights
Fra:1 Mem:25.65M (Peak 27.57M) | Time:00:00.02 | Mem:7.85M, Peak:7.85M | Scene, ViewLayer | Updating Lights | Computing tree
Fra:1 Mem:25.65M (Peak 27.57M) | Time:00:00.02 | Mem:7.85M, Peak:7.85M | Scene, ViewLayer | Updating Integrator
Fra:1 Mem:25.65M (Peak 27.57M) | Time:00:00.02 | Mem:7.85M, Peak:7.85M | Scene, ViewLayer | Updating Film
Fra:1 Mem:25.66M (Peak 27.57M) | Time:00:00.02 | Mem:7.77M, Peak:7.85M | Scene, ViewLayer | Updating Lookup Tables
Fra:1 Mem:25.66M (Peak 27.57M) | Time:00:00.02 | Mem:7.85M, Peak:7.85M | Scene, ViewLayer | Updating Baking
Fra:1 Mem:25.66M (Peak 27.57M) | Time:00:00.02 | Mem:7.85M, Peak:7.85M | Scene, ViewLayer | Updating Device | Writing constant memory
Fra:1 Mem:25.66M (Peak 27.57M) | Time:00:00.02 | Mem:7.85M, Peak:7.85M | Scene, ViewLayer | Sample 0/16
Fra:1 Mem:37.53M (Peak 37.53M) | Time:00:00.11 | Remaining:00:01.34 | Mem:19.73M, Peak:19.73M | Scene, ViewLayer | Sample 1/16
Fra:1 Mem:42.80M (Peak 53.35M) | Time:00:01.16 | Mem:19.73M, Peak:19.73M | Scene, ViewLayer | Sample 16/16
Fra:1 Mem:42.80M (Peak 53.35M) | Time:00:01.16 | Mem:19.73M, Peak:19.73M | Scene, ViewLayer | Finished
Saved: '/workspace/scratch/7c20b5ba4165/atlas-backlog-oct3/tools/assets/ground-planting-details/qa/previews/props-1-grazing-overcast.png'
Time: 00:01.21 (Saving: 00:00.05)

Fra:1 Mem:21.05M (Peak 21.05M) | Time:00:00.00 | Mem:0.00M, Peak:0.00M | Scene, ViewLayer | Synchronizing object | curb-body
Fra:1 Mem:21.05M (Peak 21.05M) | Time:00:00.00 | Mem:0.00M, Peak:0.00M | Scene, ViewLayer | Synchronizing object | QA-label
Fra:1 Mem:21.19M (Peak 21.19M) | Time:00:00.00 | Mem:0.00M, Peak:0.00M | Scene, ViewLayer | Synchronizing object | soil-grass-edge-surface
Fra:1 Mem:21.19M (Peak 21.19M) | Time:00:00.00 | Mem:0.00M, Peak:0.00M | Scene, ViewLayer | Synchronizing object | QA-label.001
Fra:1 Mem:21.37M (Peak 21.37M) | Time:00:00.00 | Mem:0.00M, Peak:0.00M | Scene, ViewLayer | Synchronizing object | planter-trough-shell-and-soil
Fra:1 Mem:21.38M (Peak 21.38M) | Time:00:00.00 | Mem:0.00M, Peak:0.00M | Scene, ViewLayer | Synchronizing object | QA-label.002
Fra:1 Mem:21.50M (Peak 21.50M) | Time:00:00.00 | Mem:0.00M, Peak:0.00M | Scene, ViewLayer | Synchronizing object | planter-round-shell-and-soil
Fra:1 Mem:21.51M (Peak 21.51M) | Time:00:00.00 | Mem:0.00M, Peak:0.00M | Scene, ViewLayer | Synchronizing object | QA-label.003
Fra:1 Mem:21.63M (Peak 21.63M) | Time:00:00.00 | Mem:0.00M, Peak:0.00M | Scene, ViewLayer | Synchronizing object | perennial-rosette-leaves
Fra:1 Mem:21.63M (Peak 21.63M) | Time:00:00.00 | Mem:0.00M, Peak:0.00M | Scene, ViewLayer | Synchronizing object | QA-label.004
Fra:1 Mem:21.78M (Peak 21.78M) | Time:00:00.00 | Mem:0.00M, Peak:0.00M | Scene, ViewLayer | Synchronizing object | perennial-tuft-leaves
Fra:1 Mem:21.78M (Peak 21.78M) | Time:00:00.00 | Mem:0.00M, Peak:0.00M | Scene, ViewLayer | Synchronizing object | QA-label.005
Fra:1 Mem:21.88M (Peak 21.88M) | Time:00:00.00 | Mem:0.00M, Peak:0.00M | Scene, ViewLayer | Synchronizing object | QA-human-legs
Fra:1 Mem:21.89M (Peak 21.89M) | Time:00:00.00 | Mem:0.00M, Peak:0.00M | Scene, ViewLayer | Synchronizing object | QA-human-torso
Fra:1 Mem:21.89M (Peak 21.89M) | Time:00:00.00 | Mem:0.00M, Peak:0.00M | Scene, ViewLayer | Synchronizing object | QA-label.006
Fra:1 Mem:21.89M (Peak 21.89M) | Time:00:00.00 | Mem:0.00M, Peak:0.00M | Scene, ViewLayer | Synchronizing object | QA-human-head
Fra:1 Mem:21.92M (Peak 21.92M) | Time:00:00.00 | Mem:0.00M, Peak:0.00M | Scene, ViewLayer | Synchronizing object | QA-human-legs.001
Fra:1 Mem:21.92M (Peak 21.92M) | Time:00:00.00 | Mem:0.00M, Peak:0.00M | Scene, ViewLayer | Synchronizing object | QA-human-torso.001
Fra:1 Mem:21.92M (Peak 21.92M) | Time:00:00.00 | Mem:0.00M, Peak:0.00M | Scene, ViewLayer | Synchronizing object | QA-label.007
Fra:1 Mem:21.92M (Peak 21.92M) | Time:00:00.00 | Mem:0.00M, Peak:0.00M | Scene, ViewLayer | Synchronizing object | QA-human-head.001
Fra:1 Mem:21.97M (Peak 21.97M) | Time:00:00.00 | Mem:0.00M, Peak:0.00M | Scene, ViewLayer | Synchronizing object | QA-ruler
Fra:1 Mem:21.97M (Peak 21.97M) | Time:00:00.00 | Mem:0.00M, Peak:0.00M | Scene, ViewLayer | Synchronizing object | QA-ruler.001
Fra:1 Mem:21.97M (Peak 21.97M) | Time:00:00.00 | Mem:0.00M, Peak:0.00M | Scene, ViewLayer | Synchronizing object | QA-ruler.002
Fra:1 Mem:21.97M (Peak 21.97M) | Time:00:00.00 | Mem:0.00M, Peak:0.00M | Scene, ViewLayer | Synchronizing object | QA-ruler.003
Fra:1 Mem:21.97M (Peak 21.97M) | Time:00:00.00 | Mem:0.00M, Peak:0.00M | Scene, ViewLayer | Synchronizing object | QA-ruler.004
Fra:1 Mem:21.97M (Peak 21.97M) | Time:00:00.00 | Mem:0.00M, Peak:0.00M | Scene, ViewLayer | Synchronizing object | QA-label.008
Fra:1 Mem:21.98M (Peak 21.98M) | Time:00:00.00 | Mem:0.00M, Peak:0.00M | Scene, ViewLayer | Synchronizing object | QA-ruler.005
Fra:1 Mem:21.98M (Peak 21.98M) | Time:00:00.00 | Mem:0.00M, Peak:0.00M | Scene, ViewLayer | Synchronizing object | QA-ruler.006
Fra:1 Mem:21.99M (Peak 21.99M) | Time:00:00.00 | Mem:0.00M, Peak:0.00M | Scene, ViewLayer | Synchronizing object | QA-ruler.007
Fra:1 Mem:21.99M (Peak 21.99M) | Time:00:00.00 | Mem:0.00M, Peak:0.00M | Scene, ViewLayer | Synchronizing object | QA-ruler.008
Fra:1 Mem:21.99M (Peak 21.99M) | Time:00:00.00 | Mem:0.00M, Peak:0.00M | Scene, ViewLayer | Synchronizing object | QA-ground
Fra:1 Mem:21.99M (Peak 21.99M) | Time:00:00.00 | Mem:0.00M, Peak:0.00M | Scene, ViewLayer | Synchronizing object | QA-ruler.009
Fra:1 Mem:21.99M (Peak 21.99M) | Time:00:00.00 | Mem:0.00M, Peak:0.00M | Scene, ViewLayer | Initializing
Fra:1 Mem:19.89M (Peak 21.99M) | Time:00:00.00 | Mem:0.00M, Peak:0.00M | Scene, ViewLayer | Updating Images | Loading concrete-color
Fra:1 Mem:19.89M (Peak 21.99M) | Time:00:00.00 | Mem:0.00M, Peak:0.00M | Scene, ViewLayer | Updating Images | Loading soil_normal
Fra:1 Mem:21.12M (Peak 21.99M) | Time:00:00.00 | Mem:0.22M, Peak:0.22M | Scene, ViewLayer | Updating Images | Loading concrete-orm
Fra:1 Mem:21.34M (Peak 21.99M) | Time:00:00.00 | Mem:0.44M, Peak:0.44M | Scene, ViewLayer | Updating Images | Loading concrete-normal
Fra:1 Mem:21.56M (Peak 21.99M) | Time:00:00.01 | Mem:0.66M, Peak:0.66M | Scene, ViewLayer | Updating Images | Loading soil_grass_edge_basecolor
Fra:1 Mem:22.56M (Peak 23.57M) | Time:00:00.01 | Mem:1.66M, Peak:1.66M | Scene, ViewLayer | Updating Images | Loading soil_grass_edge_orm
Fra:1 Mem:25.56M (Peak 27.57M) | Time:00:00.01 | Mem:3.66M, Peak:3.66M | Scene, ViewLayer | Updating Images | Loading soil_basecolor
Fra:1 Mem:24.56M (Peak 27.57M) | Time:00:00.01 | Mem:4.66M, Peak:4.66M | Scene, ViewLayer | Updating Images | Loading soil_grass_edge_normal
Fra:1 Mem:24.91M (Peak 27.57M) | Time:00:00.02 | Mem:6.66M, Peak:6.66M | Scene, ViewLayer | Waiting for render to start
Fra:1 Mem:24.91M (Peak 27.57M) | Time:00:00.02 | Mem:6.66M, Peak:6.66M | Scene, ViewLayer | Loading render kernels (may take a few minutes the first time)
Fra:1 Mem:24.91M (Peak 27.57M) | Time:00:00.02 | Mem:6.66M, Peak:6.66M | Scene, ViewLayer | Updating Scene
Fra:1 Mem:24.91M (Peak 27.57M) | Time:00:00.02 | Mem:6.66M, Peak:6.66M | Scene, ViewLayer | Updating Shaders
Fra:1 Mem:25.00M (Peak 27.57M) | Time:00:00.02 | Mem:6.67M, Peak:6.67M | Scene, ViewLayer | Updating Procedurals
Fra:1 Mem:25.00M (Peak 27.57M) | Time:00:00.02 | Mem:6.67M, Peak:6.67M | Scene, ViewLayer | Updating Background
Fra:1 Mem:25.00M (Peak 27.57M) | Time:00:00.02 | Mem:6.67M, Peak:6.67M | Scene, ViewLayer | Updating Camera
Fra:1 Mem:25.00M (Peak 27.57M) | Time:00:00.02 | Mem:6.67M, Peak:6.67M | Scene, ViewLayer | Updating Meshes Flags
Fra:1 Mem:25.00M (Peak 27.57M) | Time:00:00.02 | Mem:6.67M, Peak:6.67M | Scene, ViewLayer | Updating Objects
Fra:1 Mem:25.00M (Peak 27.57M) | Time:00:00.02 | Mem:6.67M, Peak:6.67M | Scene, ViewLayer | Updating Objects | Copying Transformations to device
Fra:1 Mem:25.01M (Peak 27.57M) | Time:00:00.02 | Mem:6.68M, Peak:6.68M | Scene, ViewLayer | Updating Objects | Applying Static Transformations
Fra:1 Mem:25.01M (Peak 27.57M) | Time:00:00.02 | Mem:6.68M, Peak:6.68M | Scene, ViewLayer | Updating Particle Systems
Fra:1 Mem:25.01M (Peak 27.57M) | Time:00:00.02 | Mem:6.68M, Peak:6.68M | Scene, ViewLayer | Updating Particle Systems | Copying Particles to device
Fra:1 Mem:25.01M (Peak 27.57M) | Time:00:00.02 | Mem:6.68M, Peak:6.68M | Scene, ViewLayer | Updating Meshes
Fra:1 Mem:25.13M (Peak 27.57M) | Time:00:00.02 | Mem:6.68M, Peak:6.68M | Scene, ViewLayer | Updating Mesh | Computing attributes
Fra:1 Mem:25.25M (Peak 27.57M) | Time:00:00.02 | Mem:6.68M, Peak:6.68M | Scene, ViewLayer | Updating Mesh | Copying Attributes to device
Fra:1 Mem:25.24M (Peak 27.57M) | Time:00:00.02 | Mem:6.78M, Peak:6.78M | Scene, ViewLayer | Updating Scene BVH | Building
Fra:1 Mem:25.24M (Peak 27.57M) | Time:00:00.02 | Mem:6.78M, Peak:6.78M | Scene, ViewLayer | Updating Scene BVH | Building BVH
Fra:1 Mem:25.24M (Peak 27.57M) | Time:00:00.02 | Mem:7.03M, Peak:7.03M | Scene, ViewLayer | Updating Scene BVH | Building BVH 0%
Fra:1 Mem:25.24M (Peak 27.57M) | Time:00:00.02 | Mem:7.36M, Peak:7.60M | Scene, ViewLayer | Updating Scene BVH | Copying BVH to device
Fra:1 Mem:25.24M (Peak 27.57M) | Time:00:00.02 | Mem:7.36M, Peak:7.60M | Scene, ViewLayer | Updating Mesh | Computing normals
Fra:1 Mem:25.65M (Peak 27.57M) | Time:00:00.02 | Mem:7.36M, Peak:7.60M | Scene, ViewLayer | Updating Mesh | Copying Mesh to device
Fra:1 Mem:25.65M (Peak 27.57M) | Time:00:00.02 | Mem:7.77M, Peak:7.77M | Scene, ViewLayer | Updating Objects Flags
Fra:1 Mem:25.65M (Peak 27.57M) | Time:00:00.02 | Mem:7.77M, Peak:7.77M | Scene, ViewLayer | Updating Primitive Offsets
Fra:1 Mem:25.65M (Peak 27.57M) | Time:00:00.02 | Mem:7.77M, Peak:7.77M | Scene, ViewLayer | Updating Images
Fra:1 Mem:25.65M (Peak 27.57M) | Time:00:00.02 | Mem:7.77M, Peak:7.77M | Scene, ViewLayer | Updating Camera Volume
Fra:1 Mem:25.65M (Peak 27.57M) | Time:00:00.02 | Mem:7.77M, Peak:7.77M | Scene, ViewLayer | Updating Lookup Tables
Fra:1 Mem:25.65M (Peak 27.57M) | Time:00:00.02 | Mem:7.85M, Peak:7.85M | Scene, ViewLayer | Updating Lights
Fra:1 Mem:25.65M (Peak 27.57M) | Time:00:00.02 | Mem:7.85M, Peak:7.85M | Scene, ViewLayer | Updating Lights | Computing tree
Fra:1 Mem:25.65M (Peak 27.57M) | Time:00:00.02 | Mem:7.85M, Peak:7.85M | Scene, ViewLayer | Updating Integrator
Fra:1 Mem:25.65M (Peak 27.57M) | Time:00:00.02 | Mem:7.85M, Peak:7.85M | Scene, ViewLayer | Updating Film
Fra:1 Mem:25.66M (Peak 27.57M) | Time:00:00.02 | Mem:7.77M, Peak:7.85M | Scene, ViewLayer | Updating Lookup Tables
Fra:1 Mem:25.66M (Peak 27.57M) | Time:00:00.02 | Mem:7.85M, Peak:7.85M | Scene, ViewLayer | Updating Baking
Fra:1 Mem:25.66M (Peak 27.57M) | Time:00:00.02 | Mem:7.85M, Peak:7.85M | Scene, ViewLayer | Updating Device | Writing constant memory
Fra:1 Mem:25.66M (Peak 27.57M) | Time:00:00.02 | Mem:7.85M, Peak:7.85M | Scene, ViewLayer | Sample 0/16
Fra:1 Mem:37.53M (Peak 37.53M) | Time:00:00.11 | Remaining:00:01.34 | Mem:19.73M, Peak:19.73M | Scene, ViewLayer | Sample 1/16
Fra:1 Mem:42.80M (Peak 53.35M) | Time:00:01.14 | Mem:19.73M, Peak:19.73M | Scene, ViewLayer | Sample 16/16
Fra:1 Mem:42.80M (Peak 53.35M) | Time:00:01.14 | Mem:19.73M, Peak:19.73M | Scene, ViewLayer | Finished
Saved: '/workspace/scratch/7c20b5ba4165/atlas-backlog-oct3/tools/assets/ground-planting-details/qa/previews/props-1-grazing-dusk.png'
Time: 00:01.20 (Saving: 00:00.05)

Fra:1 Mem:21.05M (Peak 21.05M) | Time:00:00.00 | Mem:0.00M, Peak:0.00M | Scene, ViewLayer | Synchronizing object | curb-body
Fra:1 Mem:21.06M (Peak 21.06M) | Time:00:00.00 | Mem:0.00M, Peak:0.00M | Scene, ViewLayer | Synchronizing object | QA-label
Fra:1 Mem:21.19M (Peak 21.19M) | Time:00:00.00 | Mem:0.00M, Peak:0.00M | Scene, ViewLayer | Synchronizing object | soil-grass-edge-surface
Fra:1 Mem:21.19M (Peak 21.19M) | Time:00:00.00 | Mem:0.00M, Peak:0.00M | Scene, ViewLayer | Synchronizing object | QA-label.001
Fra:1 Mem:21.37M (Peak 21.37M) | Time:00:00.00 | Mem:0.00M, Peak:0.00M | Scene, ViewLayer | Synchronizing object | planter-trough-shell-and-soil
Fra:1 Mem:21.37M (Peak 21.37M) | Time:00:00.00 | Mem:0.00M, Peak:0.00M | Scene, ViewLayer | Synchronizing object | QA-label.002
Fra:1 Mem:21.50M (Peak 21.50M) | Time:00:00.00 | Mem:0.00M, Peak:0.00M | Scene, ViewLayer | Synchronizing object | planter-round-shell-and-soil
Fra:1 Mem:21.51M (Peak 21.51M) | Time:00:00.00 | Mem:0.00M, Peak:0.00M | Scene, ViewLayer | Synchronizing object | QA-label.003
Fra:1 Mem:21.65M (Peak 21.65M) | Time:00:00.00 | Mem:0.00M, Peak:0.00M | Scene, ViewLayer | Synchronizing object | QA-label.004
Fra:1 Mem:21.74M (Peak 21.74M) | Time:00:00.00 | Mem:0.00M, Peak:0.00M | Scene, ViewLayer | Synchronizing object | perennial-rosette-leaves
Fra:1 Mem:21.78M (Peak 21.78M) | Time:00:00.00 | Mem:0.00M, Peak:0.00M | Scene, ViewLayer | Synchronizing object | perennial-tuft-leaves
Fra:1 Mem:21.78M (Peak 21.78M) | Time:00:00.00 | Mem:0.00M, Peak:0.00M | Scene, ViewLayer | Synchronizing object | QA-label.005
Fra:1 Mem:21.88M (Peak 21.88M) | Time:00:00.00 | Mem:0.00M, Peak:0.00M | Scene, ViewLayer | Synchronizing object | QA-human-legs
Fra:1 Mem:21.89M (Peak 21.89M) | Time:00:00.00 | Mem:0.00M, Peak:0.00M | Scene, ViewLayer | Synchronizing object | QA-label.006
Fra:1 Mem:21.90M (Peak 21.90M) | Time:00:00.00 | Mem:0.00M, Peak:0.00M | Scene, ViewLayer | Synchronizing object | QA-human-torso
Fra:1 Mem:21.91M (Peak 21.91M) | Time:00:00.00 | Mem:0.00M, Peak:0.00M | Scene, ViewLayer | Synchronizing object | QA-human-head
Fra:1 Mem:21.92M (Peak 21.92M) | Time:00:00.00 | Mem:0.00M, Peak:0.00M | Scene, ViewLayer | Synchronizing object | QA-human-legs.001
Fra:1 Mem:21.92M (Peak 21.92M) | Time:00:00.00 | Mem:0.00M, Peak:0.00M | Scene, ViewLayer | Synchronizing object | QA-human-torso.001
Fra:1 Mem:21.92M (Peak 21.92M) | Time:00:00.00 | Mem:0.00M, Peak:0.00M | Scene, ViewLayer | Synchronizing object | QA-label.007
Fra:1 Mem:21.92M (Peak 21.92M) | Time:00:00.00 | Mem:0.00M, Peak:0.00M | Scene, ViewLayer | Synchronizing object | QA-human-head.001
Fra:1 Mem:21.97M (Peak 21.97M) | Time:00:00.00 | Mem:0.00M, Peak:0.00M | Scene, ViewLayer | Synchronizing object | QA-ruler
Fra:1 Mem:21.97M (Peak 21.97M) | Time:00:00.00 | Mem:0.00M, Peak:0.00M | Scene, ViewLayer | Synchronizing object | QA-ruler.001
Fra:1 Mem:21.97M (Peak 21.97M) | Time:00:00.00 | Mem:0.00M, Peak:0.00M | Scene, ViewLayer | Synchronizing object | QA-ruler.002
Fra:1 Mem:21.97M (Peak 21.97M) | Time:00:00.00 | Mem:0.00M, Peak:0.00M | Scene, ViewLayer | Synchronizing object | QA-ruler.003
Fra:1 Mem:21.97M (Peak 21.97M) | Time:00:00.00 | Mem:0.00M, Peak:0.00M | Scene, ViewLayer | Synchronizing object | QA-ruler.004
Fra:1 Mem:21.97M (Peak 21.97M) | Time:00:00.00 | Mem:0.00M, Peak:0.00M | Scene, ViewLayer | Synchronizing object | QA-ruler.005
Fra:1 Mem:21.97M (Peak 21.97M) | Time:00:00.00 | Mem:0.00M, Peak:0.00M | Scene, ViewLayer | Synchronizing object | QA-label.008
Fra:1 Mem:21.98M (Peak 21.98M) | Time:00:00.00 | Mem:0.00M, Peak:0.00M | Scene, ViewLayer | Synchronizing object | QA-ruler.006
Fra:1 Mem:21.98M (Peak 21.98M) | Time:00:00.00 | Mem:0.00M, Peak:0.00M | Scene, ViewLayer | Synchronizing object | QA-ruler.007
Fra:1 Mem:21.99M (Peak 21.99M) | Time:00:00.00 | Mem:0.00M, Peak:0.00M | Scene, ViewLayer | Synchronizing object | QA-ruler.008
Fra:1 Mem:21.99M (Peak 21.99M) | Time:00:00.00 | Mem:0.00M, Peak:0.00M | Scene, ViewLayer | Synchronizing object | QA-ruler.009
Fra:1 Mem:21.99M (Peak 21.99M) | Time:00:00.00 | Mem:0.00M, Peak:0.00M | Scene, ViewLayer | Synchronizing object | QA-ground
Fra:1 Mem:21.99M (Peak 21.99M) | Time:00:00.00 | Mem:0.00M, Peak:0.00M | Scene, ViewLayer | Initializing
Fra:1 Mem:19.89M (Peak 21.99M) | Time:00:00.00 | Mem:0.00M, Peak:0.00M | Scene, ViewLayer | Updating Images | Loading soil_normal
Fra:1 Mem:19.89M (Peak 21.99M) | Time:00:00.00 | Mem:0.00M, Peak:0.00M | Scene, ViewLayer | Updating Images | Loading concrete-color
Fra:1 Mem:21.12M (Peak 21.99M) | Time:00:00.00 | Mem:0.22M, Peak:0.22M | Scene, ViewLayer | Updating Images | Loading concrete-orm
Fra:1 Mem:21.34M (Peak 21.99M) | Time:00:00.00 | Mem:0.44M, Peak:0.44M | Scene, ViewLayer | Updating Images | Loading concrete-normal
Fra:1 Mem:21.56M (Peak 21.99M) | Time:00:00.00 | Mem:0.66M, Peak:0.66M | Scene, ViewLayer | Updating Images | Loading soil_grass_edge_basecolor
Fra:1 Mem:22.56M (Peak 23.57M) | Time:00:00.01 | Mem:1.66M, Peak:1.66M | Scene, ViewLayer | Updating Images | Loading soil_grass_edge_orm
Fra:1 Mem:26.56M (Peak 27.57M) | Time:00:00.01 | Mem:3.66M, Peak:3.66M | Scene, ViewLayer | Updating Images | Loading soil_grass_edge_normal
Fra:1 Mem:25.56M (Peak 27.57M) | Time:00:00.01 | Mem:4.66M, Peak:4.66M | Scene, ViewLayer | Updating Images | Loading soil_basecolor
Fra:1 Mem:24.91M (Peak 27.57M) | Time:00:00.02 | Mem:6.66M, Peak:6.66M | Scene, ViewLayer | Waiting for render to start
Fra:1 Mem:24.91M (Peak 27.57M) | Time:00:00.02 | Mem:6.66M, Peak:6.66M | Scene, ViewLayer | Loading render kernels (may take a few minutes the first time)
Fra:1 Mem:24.91M (Peak 27.57M) | Time:00:00.02 | Mem:6.66M, Peak:6.66M | Scene, ViewLayer | Updating Scene
Fra:1 Mem:24.91M (Peak 27.57M) | Time:00:00.02 | Mem:6.66M, Peak:6.66M | Scene, ViewLayer | Updating Shaders
Fra:1 Mem:25.00M (Peak 27.57M) | Time:00:00.02 | Mem:6.67M, Peak:6.67M | Scene, ViewLayer | Updating Procedurals
Fra:1 Mem:25.00M (Peak 27.57M) | Time:00:00.02 | Mem:6.67M, Peak:6.67M | Scene, ViewLayer | Updating Background
Fra:1 Mem:25.00M (Peak 27.57M) | Time:00:00.02 | Mem:6.67M, Peak:6.67M | Scene, ViewLayer | Updating Camera
Fra:1 Mem:25.00M (Peak 27.57M) | Time:00:00.02 | Mem:6.67M, Peak:6.67M | Scene, ViewLayer | Updating Meshes Flags
Fra:1 Mem:25.00M (Peak 27.57M) | Time:00:00.02 | Mem:6.67M, Peak:6.67M | Scene, ViewLayer | Updating Objects
Fra:1 Mem:25.00M (Peak 27.57M) | Time:00:00.02 | Mem:6.67M, Peak:6.67M | Scene, ViewLayer | Updating Objects | Copying Transformations to device
Fra:1 Mem:25.01M (Peak 27.57M) | Time:00:00.02 | Mem:6.68M, Peak:6.68M | Scene, ViewLayer | Updating Objects | Applying Static Transformations
Fra:1 Mem:25.01M (Peak 27.57M) | Time:00:00.02 | Mem:6.68M, Peak:6.68M | Scene, ViewLayer | Updating Particle Systems
Fra:1 Mem:25.01M (Peak 27.57M) | Time:00:00.02 | Mem:6.68M, Peak:6.68M | Scene, ViewLayer | Updating Particle Systems | Copying Particles to device
Fra:1 Mem:25.01M (Peak 27.57M) | Time:00:00.02 | Mem:6.68M, Peak:6.68M | Scene, ViewLayer | Updating Meshes
Fra:1 Mem:25.13M (Peak 27.57M) | Time:00:00.02 | Mem:6.68M, Peak:6.68M | Scene, ViewLayer | Updating Mesh | Computing attributes
Fra:1 Mem:25.25M (Peak 27.57M) | Time:00:00.02 | Mem:6.68M, Peak:6.68M | Scene, ViewLayer | Updating Mesh | Copying Attributes to device
Fra:1 Mem:25.24M (Peak 27.57M) | Time:00:00.02 | Mem:6.78M, Peak:6.78M | Scene, ViewLayer | Updating Scene BVH | Building
Fra:1 Mem:25.24M (Peak 27.57M) | Time:00:00.02 | Mem:6.78M, Peak:6.78M | Scene, ViewLayer | Updating Scene BVH | Building BVH
Fra:1 Mem:25.24M (Peak 27.57M) | Time:00:00.02 | Mem:7.03M, Peak:7.03M | Scene, ViewLayer | Updating Scene BVH | Building BVH 0%
Fra:1 Mem:25.24M (Peak 27.57M) | Time:00:00.02 | Mem:7.36M, Peak:7.60M | Scene, ViewLayer | Updating Scene BVH | Copying BVH to device
Fra:1 Mem:25.24M (Peak 27.57M) | Time:00:00.02 | Mem:7.36M, Peak:7.60M | Scene, ViewLayer | Updating Mesh | Computing normals
Fra:1 Mem:25.65M (Peak 27.57M) | Time:00:00.02 | Mem:7.36M, Peak:7.60M | Scene, ViewLayer | Updating Mesh | Copying Mesh to device
Fra:1 Mem:25.65M (Peak 27.57M) | Time:00:00.02 | Mem:7.77M, Peak:7.77M | Scene, ViewLayer | Updating Objects Flags
Fra:1 Mem:25.65M (Peak 27.57M) | Time:00:00.02 | Mem:7.77M, Peak:7.77M | Scene, ViewLayer | Updating Primitive Offsets
Fra:1 Mem:25.65M (Peak 27.57M) | Time:00:00.02 | Mem:7.77M, Peak:7.77M | Scene, ViewLayer | Updating Images
Fra:1 Mem:25.65M (Peak 27.57M) | Time:00:00.02 | Mem:7.77M, Peak:7.77M | Scene, ViewLayer | Updating Camera Volume
Fra:1 Mem:25.65M (Peak 27.57M) | Time:00:00.02 | Mem:7.77M, Peak:7.77M | Scene, ViewLayer | Updating Lookup Tables
Fra:1 Mem:25.65M (Peak 27.57M) | Time:00:00.02 | Mem:7.85M, Peak:7.85M | Scene, ViewLayer | Updating Lights
Fra:1 Mem:25.65M (Peak 27.57M) | Time:00:00.02 | Mem:7.85M, Peak:7.85M | Scene, ViewLayer | Updating Lights | Computing tree
Fra:1 Mem:25.65M (Peak 27.57M) | Time:00:00.02 | Mem:7.85M, Peak:7.85M | Scene, ViewLayer | Updating Integrator
Fra:1 Mem:25.65M (Peak 27.57M) | Time:00:00.02 | Mem:7.85M, Peak:7.85M | Scene, ViewLayer | Updating Film
Fra:1 Mem:25.66M (Peak 27.57M) | Time:00:00.02 | Mem:7.77M, Peak:7.85M | Scene, ViewLayer | Updating Lookup Tables
Fra:1 Mem:25.66M (Peak 27.57M) | Time:00:00.02 | Mem:7.85M, Peak:7.85M | Scene, ViewLayer | Updating Baking
Fra:1 Mem:25.66M (Peak 27.57M) | Time:00:00.02 | Mem:7.85M, Peak:7.85M | Scene, ViewLayer | Updating Device | Writing constant memory
Fra:1 Mem:25.66M (Peak 27.57M) | Time:00:00.02 | Mem:7.85M, Peak:7.85M | Scene, ViewLayer | Sample 0/16
Fra:1 Mem:37.53M (Peak 37.53M) | Time:00:00.11 | Remaining:00:01.34 | Mem:19.73M, Peak:19.73M | Scene, ViewLayer | Sample 1/16
Fra:1 Mem:42.80M (Peak 53.35M) | Time:00:01.14 | Mem:19.73M, Peak:19.73M | Scene, ViewLayer | Sample 16/16
Fra:1 Mem:42.80M (Peak 53.35M) | Time:00:01.14 | Mem:19.73M, Peak:19.73M | Scene, ViewLayer | Finished
Saved: '/workspace/scratch/7c20b5ba4165/atlas-backlog-oct3/tools/assets/ground-planting-details/qa/previews/props-1-grazing-night.png'
Time: 00:01.20 (Saving: 00:00.05)


Blender quit
