{"type":"FeatureCollection","features":[{"type":"Feature","properties":{"id":"4855450","name":"Water","class":"water","water":"pond","source":"OpenStreetMap"},"geometry":{"type":"Polygon","coordinates":[[[-123.1444136,49.2779044],[-123.1443142,49.2778373],[-123.1442246,49.277779],[-123.144132,49.2776961],[-123.1440842,49.2776206],[-123.14403,49.2775768],[-123.143986,49.277534],[-123.1439775,49.2774989],[-123.1439905,49.2774742],[-123.1440684,49.277429],[-123.144226,49.2773875],[-123.1442942,49.2773741],[-123.1443596,49.2773746],[-123.1444634,49.2773797],[-123.1446665,49.2774197],[-123.1447367,49.2774569],[-123.1447626,49.2774858],[-123.1447691,49.27754],[-123.1447551,49.2775668],[-123.1446983,49.2776031],[-123.1446443,49.2776655],[-123.1446358,49.2777215],[-123.1446192,49.2777652],[-123.1445888,49.277879],[-123.144574,49.2778969],[-123.144549,49.2779094],[-123.1444961,49.2779205],[-123.1444542,49.2779143],[-123.1444136,49.2779044]]]}},{"type":"Feature","properties":{"id":"5405086","name":"Water","class":"water","water":null,"source":"OpenStreetMap"},"geometry":{"type":"Polygon","coordinates":[[[-123.1349836,49.294383],[-123.1350937,49.2943634],[-123.1353738,49.294246],[-123.1355039,49.2942851],[-123.1355389,49.2944091],[-123.1355135,49.2944663],[-123.1357513,49.294567],[-123.1358637,49.2946487],[-123.1357841,49.2947205],[-123.1358122,49.2947938],[-123.1357139,49.2948029],[-123.1356422,49.29482],[-123.1355992,49.2947739],[-123.1355359,49.2947388],[-123.135358,49.2947251],[-123.1353253,49.2947423],[-123.1352714,49.2947709],[-123.1352854,49.2948487],[-123.1352698,49.29492],[-123.1352677,49.2949297],[-123.1352348,49.2949811],[-123.1352039,49.2949875],[-123.1351778,49.2949805],[-123.1351409,49.2949141],[-123.1351309,49.2948961],[-123.1351941,49.2947907],[-123.135248,49.2947495],[-123.1352256,49.2947238],[-123.1352137,49.2947093],[-123.1349536,49.2945918],[-123.1348921,49.2945205],[-123.1349036,49.2944744],[-123.1349836,49.294383]]]}},{"type":"Feature","properties":{"id":"23604030","name":"Woodland","class":"wood","water":null,"source":"OpenStreetMap"},"geometry":{"type":"Polygon","coordinates":[[[-123.1292154,49.3144679],[-123.1303124,49.3149917],[-123.1303323,49.315],[-123.1286374,49.315],[-123.1292154,49.3144679]]]}},{"type":"Feature","properties":{"id":"24705947","name":"Beaver Lake","class":"water","water":"lake","source":"OpenStreetMap"},"geometry":{"type":"Polygon","coordinates":[[[-123.1406047,49.3035186],[-123.1402957,49.3036482],[-123.1402776,49.3038258],[-123.1402717,49.3038841],[-123.1404777,49.3039219],[-123.140593,49.3039954],[-123.1404106,49.3040723],[-123.1403221,49.3042087],[-123.1404711,49.3042645],[-123.1406574,49.3043924],[-123.1406206,49.3045126],[-123.1404216,49.3046361],[-123.140027,49.3047554],[-123.139542,49.3049615],[-123.1390407,49.3051241],[-123.1387605,49.3051853],[-123.138508,49.3051443],[-123.138279,49.3050451],[-123.1379897,49.3048617],[-123.1378974,49.3048032],[-123.1376869,49.3046266],[-123.1376104,49.3044247],[-123.1377016,49.3040155],[-123.1377338,49.3037636],[-123.137605,49.3034925],[-123.1376571,49.3031354],[-123.1379967,49.303021],[-123.1384652,49.3029723],[-123.1391917,49.3031494],[-123.1398351,49.303281],[-123.1403519,49.3033732],[-123.1406445,49.3034608],[-123.1406912,49.3035116],[-123.1406047,49.3035186]]]}},{"type":"Feature","properties":{"id":"40042465","name":"Water","class":"water","water":null,"source":"OpenStreetMap"},"geometry":{"type":"Polygon","coordinates":[[[-123.1450498,49.2770778],[-123.1449908,49.2770754],[-123.1449296,49.2770688],[-123.1448706,49.2770607],[-123.1448145,49.2770588],[-123.1447482,49.2770616],[-123.1447052,49.277065],[-123.1446541,49.2770498],[-123.1446286,49.2770193],[-123.1446082,49.276988],[-123.1446154,49.2769537],[-123.1446706,49.2769075],[-123.1447426,49.2768754],[-123.1448183,49.276841],[-123.1449011,49.2768041],[-123.1449803,49.2767861],[-123.1450775,49.2767736],[-123.1451375,49.2767707],[-123.1451867,49.2767863],[-123.1451838,49.2768297],[-123.1452204,49.276877],[-123.1452684,49.2769232],[-123.1453212,49.2769498],[-123.145332,49.2769921],[-123.145314,49.2770273],[-123.1452576,49.2770524],[-123.1452204,49.2770721],[-123.1451759,49.2770868],[-123.1451231,49.2770884],[-123.1450498,49.2770778]]]}},{"type":"Feature","properties":{"id":"49549366","name":"Water","class":"water","water":null,"source":"OpenStreetMap"},"geometry":{"type":"Polygon","coordinates":[[[-123.1377351,49.2974848],[-123.1378053,49.2974496],[-123.1379374,49.2973627],[-123.1380612,49.2973995],[-123.138016,49.297555],[-123.1377351,49.2974848]]]}},{"type":"Feature","properties":{"id":"86339711","name":"Kitsilano Beach","class":"beach","water":null,"source":"OpenStreetMap"},"geometry":{"type":"Polygon","coordinates":[[[-123.1517749,49.2776669],[-123.1517306,49.2776485],[-123.1516863,49.2776581],[-123.1516153,49.2776905],[-123.1514986,49.277729],[-123.1513645,49.2777981],[-123.1512894,49.2778095],[-123.1510668,49.2778033],[-123.1509662,49.2777911],[-123.1509514,49.2777683],[-123.1509984,49.27775],[-123.1511097,49.2777666],[-123.1511915,49.2777666],[-123.1513175,49.2777377],[-123.1514879,49.277673],[-123.1516563,49.2776129],[-123.1518038,49.2775532],[-123.1519505,49.277365],[-123.1520559,49.2772952],[-123.152149,49.2771498],[-123.1522302,49.2769994],[-123.1522124,49.2768925],[-123.1521513,49.2768186],[-123.1520919,49.2767136],[-123.1520853,49.2766513],[-123.1521007,49.2765951],[-123.1523931,49.2762844],[-123.1525347,49.2760878],[-123.1532683,49.2752478],[-123.1537183,49.2747797],[-123.1537987,49.2747119],[-123.1538402,49.2747099],[-123.1538844,49.2746994],[-123.1539233,49.2746697],[-123.1540468,49.2744752],[-123.1541211,49.274314],[-123.1541446,49.2742812],[-123.1543029,49.2741453],[-123.1547723,49.2738277],[-123.1550445,49.2737011],[-123.1552283,49.2736369],[-123.1553805,49.2736148],[-123.1554999,49.2735871],[-123.1556096,49.2735685],[-123.1557232,49.273558],[-123.1558247,49.2735547],[-123.1557459,49.2736175],[-123.1556761,49.2737234],[-123.1556171,49.2738459],[-123.1559524,49.2737094],[-123.1562227,49.2736713],[-123.1565215,49.2736958],[-123.1570005,49.2738009],[-123.1574101,49.2741067],[-123.1576269,49.2741382],[-123.1574556,49.2742359],[-123.1574264,49.2742728],[-123.1572526,49.2742688],[-123.1571012,49.2744147],[-123.1569707,49.2745285],[-123.1568806,49.2745702],[-123.1567709,49.2745965],[-123.1566845,49.274588],[-123.1566335,49.2745486],[-123.1566138,49.2744863],[-123.1565841,49.2744523],[-123.1565359,49.2744352],[-123.1564721,49.2744309],[-123.1563929,49.2744467],[-123.1563405,49.2745049],[-123.1559764,49.2748721],[-123.1556552,49.2750007],[-123.1553673,49.2751418],[-123.1551115,49.2753007],[-123.154953,49.2754841],[-123.1548382,49.2754415],[-123.1543213,49.2758221],[-123.1541373,49.2759195],[-123.1540737,49.2759338],[-123.1539306,49.2759465],[-123.1538691,49.2759838],[-123.1536286,49.2762579],[-123.1533055,49.2766845],[-123.1529297,49.2771383],[-123.1527659,49.2771279],[-123.1527069,49.2771235],[-123.1526063,49.2772497],[-123.1524845,49.2773811],[-123.1522965,49.2774866],[-123.1520846,49.277624],[-123.152023,49.2776756],[-123.1519546,49.2776765],[-123.1519599,49.277652],[-123.1519304,49.2776179],[-123.1518942,49.2776249],[-123.1518982,49.2776476],[-123.1518808,49.2776494],[-123.1518459,49.2776275],[-123.1518191,49.2776765],[-123.1517749,49.2776669]]]}},{"type":"Feature","properties":{"id":"86339833","name":"Hadden Beach","class":"beach","water":null,"source":"OpenStreetMap"},"geometry":{"type":"Polygon","coordinates":[[[-123.1482384,49.2788309],[-123.1482156,49.2787889],[-123.1482089,49.2787413],[-123.1482089,49.2786914],[-123.1481648,49.2786466],[-123.1482036,49.2785485],[-123.148236,49.2784666],[-123.1483161,49.2782181],[-123.1482947,49.2781279],[-123.1483859,49.2780912],[-123.1484007,49.2780558],[-123.1483497,49.27796],[-123.1483792,49.277911],[-123.1484382,49.2778935],[-123.1485589,49.2778435],[-123.1484508,49.277796],[-123.1485316,49.2777181],[-123.148612,49.2777097],[-123.1486265,49.2776686],[-123.1486533,49.2776594],[-123.1486805,49.2776501],[-123.1486876,49.2776065],[-123.1487604,49.2775702],[-123.148815,49.2775636],[-123.1489566,49.277595],[-123.1490446,49.2775917],[-123.149239,49.2776178],[-123.1494673,49.2776504],[-123.1498079,49.2777195],[-123.1500053,49.2777478],[-123.1501052,49.277767],[-123.1501796,49.2777819],[-123.1501991,49.2777876],[-123.1500891,49.2778086],[-123.149851,49.2777539],[-123.1498101,49.2777815],[-123.1498329,49.2778208],[-123.1499483,49.2778462],[-123.1499375,49.2778663],[-123.1498356,49.277862],[-123.1497552,49.2778663],[-123.149723,49.2778777],[-123.149519,49.2780186],[-123.1495128,49.2780555],[-123.1495147,49.2781523],[-123.1494732,49.2782296],[-123.1494356,49.2783129],[-123.1492433,49.2784066],[-123.149023,49.2785232],[-123.1488027,49.2786528],[-123.1486193,49.278785],[-123.1484659,49.2789215],[-123.148251,49.2790466],[-123.1482584,49.2789751],[-123.1482558,49.2789036],[-123.1482384,49.2788309]]]}},{"type":"Feature","properties":{"id":"86340253","name":"Third Beach","class":"beach","water":null,"source":"OpenStreetMap"},"geometry":{"type":"Polygon","coordinates":[[[-123.1571632,49.3023682],[-123.1572896,49.302457],[-123.1574714,49.3025342],[-123.1575177,49.3025687],[-123.1574073,49.3026874],[-123.1574626,49.3027531],[-123.1576389,49.3028237],[-123.157825,49.3028656],[-123.1577349,49.3027523],[-123.1577516,49.3024162],[-123.1576044,49.3022439],[-123.1576136,49.3021863],[-123.1579814,49.3019852],[-123.1579929,49.3019205],[-123.1581749,49.3017943],[-123.1586642,49.3016966],[-123.158633,49.3020524],[-123.1586387,49.3029882],[-123.1587991,49.303646],[-123.1580119,49.3037254],[-123.1573523,49.3038049],[-123.1572782,49.3039071],[-123.1573431,49.3039723],[-123.1571628,49.3040054],[-123.1572247,49.3040159],[-123.157184,49.3040393],[-123.1570784,49.3040449],[-123.1569763,49.3040503],[-123.1568499,49.3040503],[-123.1568005,49.3040535],[-123.1567878,49.3040617],[-123.156802,49.3040861],[-123.1568515,49.3041065],[-123.1569683,49.3041316],[-123.1570831,49.3041448],[-123.1571781,49.3041303],[-123.1572444,49.3041226],[-123.1574581,49.3041477],[-123.1577429,49.3040996],[-123.1574345,49.3047877],[-123.1571432,49.3055475],[-123.157075,49.3058583],[-123.1569074,49.3057974],[-123.1567407,49.3057637],[-123.1567423,49.3056499],[-123.1566893,49.3056218],[-123.1566548,49.3057756],[-123.1566078,49.305819],[-123.1565285,49.3058339],[-123.1564764,49.3058322],[-123.1564427,49.3058253],[-123.1564229,49.305829],[-123.1564121,49.3058148],[-123.1563947,49.3058042],[-123.1563739,49.3057976],[-123.1563723,49.3057417],[-123.1563015,49.3056298],[-123.1562375,49.3054948],[-123.1562173,49.3054262],[-123.1562101,49.3054],[-123.1562368,49.3049272],[-123.1562508,49.3047553],[-123.1562769,49.3045802],[-123.1562972,49.3045204],[-123.1563931,49.3044631],[-123.1564114,49.3044481],[-123.1564235,49.3044202],[-123.1564208,49.3043967],[-123.156482,49.3043787],[-123.1564186,49.3043148],[-123.1564029,49.3042854],[-123.1564018,49.3042563],[-123.1563946,49.3038023],[-123.1563941,49.3036208],[-123.1564026,49.3034576],[-123.1564131,49.3033458],[-123.1564341,49.303227],[-123.1564415,49.3032192],[-123.1564502,49.303217],[-123.1564879,49.3032217],[-123.1564962,49.3031481],[-123.1565039,49.3031457],[-123.1565116,49.3031413],[-123.156514,49.3031347],[-123.1565287,49.3030604],[-123.1565267,49.3030525],[-123.1565244,49.3030096],[-123.1564969,49.3029523],[-123.1565493,49.3027926],[-123.156615,49.3025873],[-123.1566565,49.3024632],[-123.1567227,49.3022969],[-123.1567578,49.3023017],[-123.1567841,49.3023055],[-123.1568478,49.3021802],[-123.1568493,49.3021708],[-123.1568469,49.3021615],[-123.1568409,49.3021529],[-123.1568317,49.3021457],[-123.1567995,49.3021356],[-123.1568603,49.3020407],[-123.1569334,49.3019786],[-123.1570454,49.3019073],[-123.1571237,49.3018721],[-123.1570831,49.3019542],[-123.1570805,49.3020618],[-123.1570925,49.3021267],[-123.1571632,49.3023682]]]}},{"type":"Feature","properties":{"id":"86340255","name":"Second Beach","class":"beach","water":null,"source":"OpenStreetMap"},"geometry":{"type":"Polygon","coordinates":[[[-123.1507824,49.2932542],[-123.1505147,49.2934541],[-123.150396,49.2935046],[-123.1503282,49.2935335],[-123.1501833,49.2935626],[-123.1500922,49.2935637],[-123.1500351,49.293573],[-123.1500219,49.2935804],[-123.1500162,49.2935917],[-123.1500188,49.2936053],[-123.1500229,49.2936162],[-123.1500427,49.2936266],[-123.1500751,49.2936342],[-123.1501028,49.2936289],[-123.1501236,49.2936148],[-123.1501484,49.2935986],[-123.150224,49.2935885],[-123.1504103,49.2935501],[-123.1505475,49.2935854],[-123.1508075,49.2936106],[-123.150981,49.2935611],[-123.1510187,49.293438],[-123.1515946,49.2933504],[-123.1517911,49.2940165],[-123.1519852,49.2943855],[-123.1522541,49.2946984],[-123.1524819,49.2948682],[-123.1524599,49.2950087],[-123.1524123,49.2951764],[-123.1522516,49.295119],[-123.152087,49.2950603],[-123.151919,49.2950193],[-123.1517795,49.2949834],[-123.1516418,49.2949623],[-123.1515131,49.2948212],[-123.1513291,49.2947262],[-123.1511223,49.2947467],[-123.1509197,49.2948397],[-123.1508228,49.2949234],[-123.1508457,49.2950007],[-123.1508093,49.2950226],[-123.1507256,49.295073],[-123.1506661,49.2950589],[-123.1505677,49.2950486],[-123.1505067,49.2950379],[-123.1504475,49.2950175],[-123.1502265,49.2948241],[-123.1500727,49.2946381],[-123.1499021,49.2942468],[-123.1498879,49.2941955],[-123.149861,49.2939241],[-123.1498704,49.2938607],[-123.1498587,49.293787],[-123.1498929,49.293577],[-123.1499321,49.2933888],[-123.1499624,49.2932368],[-123.1499832,49.2930673],[-123.1499881,49.2930029],[-123.1499826,49.2929356],[-123.1499712,49.2928846],[-123.1499606,49.2928466],[-123.1499996,49.2928655],[-123.1500328,49.2929833],[-123.1500878,49.2931314],[-123.1503206,49.2931509],[-123.1507824,49.2932542]]]}},{"type":"Feature","properties":{"id":"86340299","name":"English Bay Beach","class":"beach","water":null,"source":"OpenStreetMap"},"geometry":{"type":"Polygon","coordinates":[[[-123.1442464,49.2844679],[-123.1442778,49.2844435],[-123.1443132,49.284409],[-123.1443173,49.2843564],[-123.1443659,49.284412],[-123.1444346,49.2850481],[-123.1443723,49.285807],[-123.1443675,49.2863162],[-123.1444326,49.286644],[-123.1443582,49.2872099],[-123.1443557,49.2875555],[-123.1444623,49.2879708],[-123.1445219,49.2880356],[-123.1446149,49.2880832],[-123.1447183,49.2881228],[-123.14429,49.2883825],[-123.1440867,49.2884941],[-123.1439764,49.2884925],[-123.1439014,49.2884429],[-123.1438531,49.2882425],[-123.1437616,49.2881032],[-123.143671,49.288559],[-123.1435499,49.2884835],[-123.1434138,49.2884018],[-123.1433535,49.288337],[-123.1430746,49.2879101],[-123.142978,49.2876442],[-123.142978,49.2867134],[-123.1434179,49.284586],[-123.1436647,49.284509],[-123.1438329,49.2844995],[-123.1440854,49.2844852],[-123.1442007,49.2844788],[-123.1442464,49.2844679]]]}},{"type":"Feature","properties":{"id":"86340766","name":"Sunset Beach","class":"beach","water":null,"source":"OpenStreetMap"},"geometry":{"type":"Polygon","coordinates":[[[-123.1397062,49.2804192],[-123.1396309,49.2803297],[-123.1395179,49.2799069],[-123.1394506,49.2798472],[-123.1392247,49.2797314],[-123.1390042,49.2796016],[-123.1386895,49.2793419],[-123.1384474,49.2790892],[-123.1381685,49.2788194],[-123.137732,49.278433],[-123.1373432,49.2780328],[-123.1370904,49.2777223],[-123.1371278,49.2776847],[-123.1371287,49.2776708],[-123.1371249,49.277658],[-123.137112,49.277646],[-123.1370171,49.2776031],[-123.1369576,49.2775964],[-123.1368878,49.2775831],[-123.1368191,49.2775565],[-123.136733,49.2775318],[-123.1367369,49.2775028],[-123.1365794,49.2773722],[-123.1364732,49.2772849],[-123.1364435,49.2772735],[-123.1364037,49.2772692],[-123.1363738,49.2771639],[-123.1363589,49.2771364],[-123.1363903,49.2768895],[-123.1363819,49.2768119],[-123.1363618,49.276738],[-123.1362588,49.2765877],[-123.1360812,49.2763404],[-123.1360144,49.2762],[-123.1360165,49.2760141],[-123.1360393,49.2759517],[-123.1361684,49.2759231],[-123.1362837,49.2758815],[-123.1363454,49.2758767],[-123.1364337,49.2758836],[-123.1364485,49.275917],[-123.136447,49.2760599],[-123.1364321,49.2762073],[-123.1364495,49.2763671],[-123.136516,49.2764811],[-123.1366099,49.276566],[-123.1366613,49.2766408],[-123.136696,49.2767511],[-123.1367446,49.2768518],[-123.1368787,49.2769863],[-123.1369267,49.2770324],[-123.1370547,49.2771517],[-123.1372014,49.2772458],[-123.1373855,49.2773431],[-123.1375191,49.2773881],[-123.1376167,49.2774005],[-123.1376163,49.2774369],[-123.1376231,49.2774732],[-123.1376374,49.2775315],[-123.1377134,49.277577],[-123.1378365,49.2776626],[-123.1377854,49.2776999],[-123.1377605,49.2777685],[-123.1377941,49.2777831],[-123.1378908,49.2777532],[-123.1381264,49.2778208],[-123.1382003,49.2778735],[-123.1383372,49.2778997],[-123.1384214,49.2779219],[-123.1384698,49.2779346],[-123.1385019,49.277939],[-123.1385717,49.2779687],[-123.1386177,49.2779584],[-123.1386309,49.277997],[-123.1386186,49.2781493],[-123.1386469,49.2782756],[-123.1387221,49.2783158],[-123.1384878,49.2785667],[-123.1384813,49.278658],[-123.1385345,49.2787143],[-123.1386367,49.2787682],[-123.1386689,49.2787956],[-123.1386972,49.2788149],[-123.1386513,49.2788413],[-123.1386406,49.2788593],[-123.1386884,49.2788935],[-123.1387648,49.2788795],[-123.1387956,49.2788515],[-123.1388674,49.2788294],[-123.1391932,49.2788747],[-123.1393871,49.278902],[-123.1395029,49.2788931],[-123.1396177,49.2788786],[-123.1396837,49.2788787],[-123.1396781,49.2789047],[-123.1396943,49.2791014],[-123.1397736,49.2792832],[-123.1399636,49.2793929],[-123.1401284,49.2795297],[-123.1402427,49.2796503],[-123.1400804,49.2796135],[-123.1399356,49.2795925],[-123.1397768,49.2795769],[-123.1397404,49.2795132],[-123.1396985,49.2795018],[-123.1396556,49.2795099],[-123.1396055,49.2795825],[-123.1396162,49.2796204],[-123.1396706,49.2796509],[-123.1396499,49.2796931],[-123.1396459,49.2797413],[-123.139662,49.2797671],[-123.1397036,49.2797588],[-123.1397237,49.2797281],[-123.1397894,49.2796931],[-123.1398382,49.2796942],[-123.1399792,49.2797115],[-123.1401308,49.2797359],[-123.1402242,49.2797385],[-123.1402956,49.2797408],[-123.1403661,49.2797579],[-123.1404741,49.2797594],[-123.1405744,49.2797575],[-123.1406299,49.2802555],[-123.1407277,49.2804995],[-123.1409152,49.2806172],[-123.1411423,49.2806973],[-123.1411265,49.2807644],[-123.1410889,49.2807999],[-123.1410155,49.2808868],[-123.1410036,49.2809015],[-123.1408905,49.2809722],[-123.1407872,49.2809678],[-123.1407081,49.2809495],[-123.1406859,49.2806946],[-123.1405968,49.2806241],[-123.140464,49.2805866],[-123.140418,49.2806075],[-123.1403552,49.2806731],[-123.1403299,49.280754],[-123.1403464,49.2808559],[-123.1402443,49.2808454],[-123.1397062,49.2804192]]]}},{"type":"Feature","properties":{"id":"88279375","name":"Water","class":"water","water":"pond","source":"OpenStreetMap"},"geometry":{"type":"Polygon","coordinates":[[[-123.1304899,49.2997434],[-123.1304759,49.2997425],[-123.1304629,49.2997385],[-123.1304529,49.2997319],[-123.1304469,49.2997235],[-123.1304459,49.2997143],[-123.1304499,49.2997054],[-123.1304579,49.2996979],[-123.1304699,49.2996927],[-123.1304839,49.2996904],[-123.1304979,49.2996913],[-123.1305109,49.2996953],[-123.1305209,49.2997019],[-123.1305259,49.2997103],[-123.1305279,49.2997195],[-123.1305239,49.2997284],[-123.1305149,49.2997359],[-123.1305039,49.2997411],[-123.1304899,49.2997434]]]}},{"type":"Feature","properties":{"id":"89121115","name":"Sea Lion Pool","class":"water","water":null,"source":"OpenStreetMap"},"geometry":{"type":"Polygon","coordinates":[[[-123.1314754,49.3008662],[-123.1315228,49.3008746],[-123.1315734,49.3008686],[-123.1316096,49.3008522],[-123.1316632,49.3008242],[-123.1318187,49.3008488],[-123.1318013,49.3008662],[-123.1317588,49.3008647],[-123.1317419,49.3008796],[-123.1317785,49.3008923],[-123.131749,49.3009204],[-123.1317118,49.3009116],[-123.1316824,49.3009199],[-123.1316753,49.3009388],[-123.1317075,49.3009589],[-123.1317142,49.3009781],[-123.1317142,49.3010017],[-123.1316994,49.301021],[-123.1316578,49.3010332],[-123.1316136,49.3010183],[-123.1315856,49.3010003],[-123.1315262,49.3010147],[-123.131483,49.3010267],[-123.1315076,49.3010411],[-123.1315076,49.3010857],[-123.1314939,49.3011064],[-123.1314114,49.3011019],[-123.1313852,49.3010981],[-123.1313867,49.3010513],[-123.1314138,49.301035],[-123.1314058,49.300898],[-123.1314285,49.3008749],[-123.1314754,49.3008662]]]}},{"type":"Feature","properties":{"id":"89121127","name":"Seals","class":"water","water":null,"source":"OpenStreetMap"},"geometry":{"type":"Polygon","coordinates":[[[-123.131677,49.3005558],[-123.131685,49.300527],[-123.1316395,49.3005096],[-123.1316303,49.3004987],[-123.1316857,49.3004264],[-123.1317078,49.3003894],[-123.1317321,49.3003879],[-123.1317705,49.3003986],[-123.1318002,49.3004197],[-123.1318097,49.3004544],[-123.1318124,49.300478],[-123.131795,49.3004833],[-123.1317856,49.3005174],[-123.1317641,49.3005436],[-123.1317373,49.3005628],[-123.131677,49.3005558]]]}},{"type":"Feature","properties":{"id":"89121131","name":"Water","class":"water","water":"Dolphin","source":"OpenStreetMap"},"geometry":{"type":"Polygon","coordinates":[[[-123.1315731,49.3005823],[-123.1315447,49.3005941],[-123.1315265,49.3005956],[-123.1315068,49.3005934],[-123.1314856,49.3005822],[-123.131476,49.3005704],[-123.1314772,49.3005545],[-123.1314906,49.3005376],[-123.1315218,49.3005153],[-123.1315993,49.3005322],[-123.1316033,49.3005575],[-123.1315986,49.3005672],[-123.1315731,49.3005823]]]}},{"type":"Feature","properties":{"id":"92137597","name":"Sea Otter Pools","class":"water","water":null,"source":"OpenStreetMap"},"geometry":{"type":"Polygon","coordinates":[[[-123.1314904,49.3007177],[-123.1314846,49.3007126],[-123.1314529,49.300684],[-123.1314331,49.3006888],[-123.1313815,49.3007069],[-123.1313248,49.3007042],[-123.131315,49.3006903],[-123.1313222,49.3006344],[-123.1313645,49.3006356],[-123.1314109,49.3006707],[-123.1314586,49.3006447],[-123.1315113,49.3006456],[-123.1315211,49.3006565],[-123.1315343,49.300654],[-123.1315769,49.3006876],[-123.1315732,49.3006999],[-123.1315437,49.3007194],[-123.1314904,49.3007177]]]}},{"type":"Feature","properties":{"id":"100702641","name":"Water","class":"water","water":"river","source":"OpenStreetMap"},"geometry":{"type":"Polygon","coordinates":[[[-123.1106875,49.2717142],[-123.1106705,49.2716663],[-123.1106314,49.2716149],[-123.110631,49.2715846],[-123.1106226,49.27155],[-123.110622,49.27151],[-123.1106035,49.2714598],[-123.1106828,49.2714194],[-123.1107024,49.271462],[-123.1107244,49.2715158],[-123.110743,49.271556],[-123.1107516,49.2715826],[-123.1108028,49.2716862],[-123.1106875,49.2717142]]]}},{"type":"Feature","properties":{"id":"115937354","name":"Water","class":"water","water":"pond","source":"OpenStreetMap"},"geometry":{"type":"Polygon","coordinates":[[[-123.1229415,49.2676759],[-123.1229525,49.2676438],[-123.1230537,49.2676117],[-123.123159,49.2675965],[-123.1232083,49.2675653],[-123.1231877,49.2674974],[-123.1230701,49.267468],[-123.1228909,49.267468],[-123.122854,49.2674492],[-123.1228307,49.2674064],[-123.1228485,49.2673716],[-123.1229374,49.2673564],[-123.1231757,49.2674001],[-123.1232917,49.2674001],[-123.1233492,49.2673662],[-123.1233587,49.2673884],[-123.1233804,49.2674079],[-123.1234035,49.2674153],[-123.1234375,49.267417],[-123.1234612,49.2674242],[-123.1234659,49.2674477],[-123.1234819,49.2674671],[-123.1235598,49.2674706],[-123.1237117,49.2674206],[-123.1238526,49.2673269],[-123.1239031,49.2673436],[-123.1239418,49.2673584],[-123.1239521,49.2673876],[-123.123939,49.2674114],[-123.12393,49.2674339],[-123.1239182,49.2674493],[-123.1239053,49.2674837],[-123.1238906,49.2675144],[-123.1238725,49.2675433],[-123.1238868,49.2675644],[-123.1239131,49.2675828],[-123.1239404,49.2675927],[-123.1239819,49.2675993],[-123.123996,49.2676239],[-123.1239787,49.2676571],[-123.1239546,49.2676886],[-123.1239142,49.2677075],[-123.1238367,49.2677246],[-123.123739,49.2677206],[-123.1236444,49.2677545],[-123.1235256,49.2677884],[-123.1234633,49.267802],[-123.123393,49.2678064],[-123.1233048,49.2678065],[-123.1232264,49.2678038],[-123.1231831,49.2678037],[-123.1230044,49.2677759],[-123.122962,49.2677331],[-123.1229415,49.2676759]]]}},{"type":"Feature","properties":{"id":"125579377","name":"Woodland","class":"wood","water":null,"source":"OpenStreetMap"},"geometry":{"type":"Polygon","coordinates":[[[-123.115266,49.2870023],[-123.1152821,49.2869148],[-123.1153116,49.2868553],[-123.1155154,49.2867556],[-123.1155854,49.2867489],[-123.1156668,49.2867282],[-123.115695,49.2867211],[-123.1157552,49.2867661],[-123.1153309,49.2870542],[-123.115266,49.2870023]]]}},{"type":"Feature","properties":{"id":"126121451","name":"Water","class":"water","water":null,"source":"OpenStreetMap"},"geometry":{"type":"Polygon","coordinates":[[[-123.139311,49.270978],[-123.1393374,49.2709476],[-123.1392761,49.2709386],[-123.1392359,49.2709124],[-123.1392222,49.2708841],[-123.1391228,49.2708324],[-123.139107,49.2708],[-123.1391566,49.2707807],[-123.1391651,49.2707462],[-123.1391725,49.2706661],[-123.1392095,49.2706503],[-123.1392275,49.2705378],[-123.1392491,49.2705401],[-123.1392945,49.2706944],[-123.1394241,49.2707492],[-123.139565,49.2707433],[-123.1398832,49.2706172],[-123.1397931,49.2707096],[-123.1398297,49.270729],[-123.1397514,49.2707848],[-123.1397218,49.2708782],[-123.1397809,49.2709375],[-123.1393355,49.2710413],[-123.139347,49.2710263],[-123.139311,49.270978]]]}},{"type":"Feature","properties":{"id":"126121455","name":"Water","class":"water","water":null,"source":"OpenStreetMap"},"geometry":{"type":"Polygon","coordinates":[[[-123.1383045,49.2705813],[-123.1383404,49.2705502],[-123.138296,49.270424],[-123.1382854,49.2704019],[-123.1383045,49.270375],[-123.1382622,49.2702467],[-123.1382463,49.270148],[-123.1381744,49.2701211],[-123.1381575,49.2700777],[-123.1382474,49.270039],[-123.1382949,49.2700377],[-123.1385085,49.2700839],[-123.1385373,49.2701056],[-123.1386173,49.270369],[-123.1387809,49.2703738],[-123.1386386,49.2704944],[-123.1385931,49.2704978],[-123.1386216,49.270582],[-123.1385677,49.2706496],[-123.1385149,49.2706365],[-123.1384588,49.2706427],[-123.1384609,49.2706227],[-123.1383943,49.270582],[-123.1383584,49.2706116],[-123.1383045,49.2705813]]]}},{"type":"Feature","properties":{"id":"143524444","name":"Woodland","class":"wood","water":null,"source":"OpenStreetMap"},"geometry":{"type":"Polygon","coordinates":[[[-123.100926,49.2774699],[-123.1005554,49.277475],[-123.1001575,49.2774724],[-123.1001302,49.2774139],[-123.1002473,49.2773554],[-123.1004306,49.2773579],[-123.1006998,49.2773732],[-123.100887,49.277363],[-123.1010704,49.2773732],[-123.1011679,49.2773885],[-123.101242,49.2774343],[-123.1011406,49.2774597],[-123.100926,49.2774699]]]}},{"type":"Feature","properties":{"id":"143524446","name":"Woodland","class":"wood","water":null,"source":"OpenStreetMap"},"geometry":{"type":"Polygon","coordinates":[[[-123.1009806,49.2770652],[-123.1007427,49.2770652],[-123.100571,49.2770627],[-123.1003916,49.2770601],[-123.1002668,49.2770245],[-123.1001458,49.276966],[-123.1001848,49.2769176],[-123.1003565,49.2769227],[-123.1005476,49.2769685],[-123.1006608,49.2769787],[-123.1009065,49.2769456],[-123.1011289,49.276966],[-123.1012459,49.2769889],[-123.1012771,49.2770398],[-123.1012264,49.2770805],[-123.1009806,49.2770652]]]}},{"type":"Feature","properties":{"id":"143524450","name":"Woodland","class":"wood","water":null,"source":"OpenStreetMap"},"geometry":{"type":"Polygon","coordinates":[[[-123.0994436,49.2770423],[-123.0993227,49.277022],[-123.0990925,49.2770296],[-123.098878,49.2770067],[-123.0986088,49.2769711],[-123.0984528,49.2769685],[-123.0982382,49.2769354],[-123.0980588,49.2768693],[-123.0983279,49.2768464],[-123.0986088,49.2768667],[-123.0987922,49.2768973],[-123.0989911,49.2768642],[-123.0991784,49.2768845],[-123.0992759,49.2769125],[-123.0994436,49.2769329],[-123.0995685,49.2769736],[-123.099588,49.2770169],[-123.0995724,49.2770423],[-123.0994436,49.2770423]]]}},{"type":"Feature","properties":{"id":"143524532","name":"Woodland","class":"wood","water":null,"source":"OpenStreetMap"},"geometry":{"type":"Polygon","coordinates":[[[-123.0991411,49.2775001],[-123.0989989,49.2775081],[-123.098679,49.2773757],[-123.0984723,49.2773961],[-123.0980978,49.277251],[-123.0980861,49.2771849],[-123.0985113,49.2772688],[-123.098917,49.2773248],[-123.0994397,49.2773554],[-123.0994046,49.2774852],[-123.0991411,49.2775001]]]}},{"type":"Feature","properties":{"id":"183463869","name":"Beach","class":"beach","water":null,"source":"OpenStreetMap"},"geometry":{"type":"Polygon","coordinates":[[[-123.1458693,49.277859],[-123.1459775,49.2778318],[-123.1461875,49.2778194],[-123.1463471,49.2778704],[-123.1465005,49.2778683],[-123.1466427,49.27789],[-123.1467199,49.2779395],[-123.1466796,49.2779736],[-123.1465939,49.2780164],[-123.1465043,49.2780156],[-123.1464782,49.2780483],[-123.1464614,49.278075],[-123.146391,49.2780531],[-123.1462949,49.278101],[-123.1462836,49.2781253],[-123.1462814,49.2781503],[-123.1463044,49.2781757],[-123.1464011,49.2782206],[-123.146128,49.2782694],[-123.1458326,49.2782896],[-123.1458815,49.2782449],[-123.1459646,49.278173],[-123.1459554,49.2781621],[-123.1458773,49.2781395],[-123.1458053,49.278119],[-123.1457144,49.2781109],[-123.1456862,49.2780964],[-123.1456775,49.2780509],[-123.1457191,49.277946],[-123.1457534,49.2779175],[-123.1458693,49.277859]]]}},{"type":"Feature","properties":{"id":"195060104","name":"Beach","class":"beach","water":null,"source":"OpenStreetMap"},"geometry":{"type":"Polygon","coordinates":[[[-123.1031284,49.2856995],[-123.1031425,49.2856587],[-123.1031559,49.2856197],[-123.103141,49.2855642],[-123.1030177,49.2854653],[-123.1028768,49.2853945],[-123.1026037,49.2853252],[-123.1023646,49.2853286],[-123.1022237,49.2853962],[-123.1020641,49.2854601],[-123.1020029,49.2854935],[-123.1019475,49.2854957],[-123.1018469,49.2854356],[-123.1016953,49.2854102],[-123.1015442,49.2854487],[-123.1013908,49.2854645],[-123.1016286,49.2853549],[-123.1018116,49.2853014],[-123.1018257,49.2852676],[-123.1017583,49.2852813],[-123.1018053,49.2852536],[-123.1018844,49.2852738],[-123.1019307,49.2852716],[-123.1019783,49.2852672],[-123.1019904,49.2852615],[-123.1019763,49.2852558],[-123.1019481,49.285258],[-123.1018831,49.2852563],[-123.1018201,49.2852453],[-123.1018382,49.2852125],[-123.1019998,49.2851832],[-123.1022063,49.2851592],[-123.1024182,49.2851596],[-123.1025999,49.2851872],[-123.1028353,49.2852375],[-123.1029191,49.2852865],[-123.1029647,49.2853018],[-123.1029888,49.2853271],[-123.1029578,49.2853399],[-123.1028846,49.2853219],[-123.1028752,49.2853249],[-123.1028899,49.285344],[-123.1029251,49.2853521],[-123.103004,49.2853973],[-123.1030834,49.2854624],[-123.1031839,49.2855541],[-123.1032078,49.2856117],[-123.1031719,49.285716],[-123.1031451,49.2858543],[-123.1031284,49.2856995]]]}},{"type":"Feature","properties":{"id":"241887217","name":"Water","class":"water","water":null,"source":"OpenStreetMap"},"geometry":{"type":"Polygon","coordinates":[[[-123.1343651,49.3025344],[-123.1342857,49.3024621],[-123.1341492,49.3024545],[-123.1340745,49.3025214],[-123.1339998,49.3026313],[-123.1338525,49.3027046],[-123.1338304,49.302638],[-123.133687,49.3026109],[-123.1336992,49.3025169],[-123.1338326,49.3024275],[-123.1339773,49.302233],[-123.1340943,49.3021579],[-123.1340294,49.3020957],[-123.1340857,49.3020644],[-123.1341307,49.3020557],[-123.1341906,49.3019829],[-123.1343146,49.3019957],[-123.1344087,49.3020851],[-123.1344282,49.3021408],[-123.1343721,49.3024446],[-123.1343861,49.3024933],[-123.1343651,49.3025344]]]}},{"type":"Feature","properties":{"id":"297295129","name":"Water","class":"water","water":"pond","source":"OpenStreetMap"},"geometry":{"type":"Polygon","coordinates":[[[-123.1215744,49.2817765],[-123.1216846,49.2817052],[-123.121855,49.2818153],[-123.1217397,49.2818888],[-123.1215744,49.2817765]]]}},{"type":"Feature","properties":{"id":"297300289","name":"Woodland","class":"wood","water":null,"source":"OpenStreetMap"},"geometry":{"type":"Polygon","coordinates":[[[-123.1219658,49.2823033],[-123.1218556,49.282373],[-123.1218692,49.2824641],[-123.1218076,49.282506],[-123.12175,49.282513],[-123.1216991,49.2824973],[-123.1216114,49.2824427],[-123.1215487,49.282383],[-123.1215076,49.2823357],[-123.1215035,49.2822815],[-123.121529,49.2822247],[-123.1216053,49.2821731],[-123.1216182,49.2821396],[-123.1216826,49.2820832],[-123.121764,49.282071],[-123.1218335,49.2820777],[-123.1218285,49.2821086],[-123.1217967,49.2821475],[-123.1218467,49.2821797],[-123.1218446,49.2822035],[-123.1219062,49.2822282],[-123.1219205,49.2822469],[-123.1219482,49.2822451],[-123.1219705,49.2822594],[-123.1219658,49.2823033]]]}},{"type":"Feature","properties":{"id":"299603453","name":"Woodland","class":"wood","water":null,"source":"OpenStreetMap"},"geometry":{"type":"Polygon","coordinates":[[[-123.0958774,49.2778667],[-123.0957915,49.2778282],[-123.0957942,49.2777635],[-123.0958344,49.2777652],[-123.0958452,49.2777075],[-123.0959229,49.277683],[-123.0960571,49.2776847],[-123.096277,49.27769],[-123.0962958,49.2777302],[-123.0962502,49.27776],[-123.0961885,49.2777617],[-123.0962475,49.2778142],[-123.0962234,49.2778632],[-123.0963441,49.2779017],[-123.0964513,49.2779332],[-123.0964272,49.2780084],[-123.0965345,49.2781099],[-123.0965855,49.2781362],[-123.0966579,49.2781782],[-123.0967383,49.2781764],[-123.0967383,49.2782062],[-123.0966659,49.2782202],[-123.0967544,49.2783671],[-123.0968778,49.2783217],[-123.0968975,49.2783849],[-123.0969139,49.2784814],[-123.096961,49.278823],[-123.0970085,49.2791034],[-123.0970126,49.2793405],[-123.0969567,49.2793624],[-123.0966792,49.2793442],[-123.0963804,49.279342],[-123.0963467,49.2793453],[-123.0964138,49.2792945],[-123.0965801,49.2793015],[-123.0966981,49.2792596],[-123.0967625,49.2792736],[-123.0966981,49.2792351],[-123.0967115,49.2791826],[-123.0967813,49.2791791],[-123.0966901,49.2791668],[-123.0967245,49.2791148],[-123.0967437,49.2790671],[-123.096792,49.2790321],[-123.0967544,49.2789463],[-123.0966844,49.2789281],[-123.0966498,49.2789078],[-123.096682,49.2788518],[-123.0967678,49.2788396],[-123.0967549,49.2787613],[-123.096748,49.2785911],[-123.0965989,49.2785561],[-123.0965521,49.2785852],[-123.0964487,49.2785929],[-123.0963816,49.2785456],[-123.0964353,49.2784844],[-123.0965452,49.2784879],[-123.0964648,49.2783531],[-123.0965291,49.2782447],[-123.0964674,49.2781939],[-123.0963342,49.2782015],[-123.0962931,49.2781519],[-123.0962529,49.2781484],[-123.0962524,49.2780593],[-123.0961536,49.2780242],[-123.0960678,49.2779857],[-123.0960705,49.2779297],[-123.0960554,49.2779137],[-123.0959266,49.2779117],[-123.0958774,49.2778667]]]}},{"type":"Feature","properties":{"id":"299626544","name":"Woodland","class":"wood","water":null,"source":"OpenStreetMap"},"geometry":{"type":"Polygon","coordinates":[[[-123.0961893,49.2795632],[-123.0961343,49.2795054],[-123.0961866,49.2794869],[-123.0962754,49.2794981],[-123.0963797,49.2795033],[-123.0964739,49.279512],[-123.0965601,49.2794971],[-123.0966077,49.2794975],[-123.0967068,49.2795051],[-123.0968094,49.2795137],[-123.0969568,49.2795223],[-123.0970075,49.2795523],[-123.0970221,49.2795693],[-123.0970519,49.2796481],[-123.0970852,49.2797169],[-123.0971073,49.2797979],[-123.0971263,49.2798954],[-123.0970915,49.2799333],[-123.097061,49.2799219],[-123.0969926,49.2799052],[-123.0968169,49.2798991],[-123.0967887,49.279879],[-123.0968451,49.2798108],[-123.096955,49.2797941],[-123.0969242,49.2797434],[-123.0969255,49.2796384],[-123.0968665,49.2796034],[-123.0967338,49.2795693],[-123.0966372,49.2795194],[-123.0965742,49.2795168],[-123.096538,49.2795605],[-123.0964159,49.2795387],[-123.096251,49.2795754],[-123.0961893,49.2795632]]]}},{"type":"Feature","properties":{"id":"301854870","name":"Water","class":"water","water":null,"source":"OpenStreetMap"},"geometry":{"type":"Polygon","coordinates":[[[-123.1134201,49.2800387],[-123.113432,49.2800512],[-123.1134368,49.2800656],[-123.1134339,49.2800802],[-123.1134237,49.2800934],[-123.1134074,49.2801036],[-123.1133868,49.2801096],[-123.1133656,49.2801109],[-123.1133448,49.2801077],[-123.1133267,49.2801004],[-123.113313,49.2800897],[-123.1133052,49.2800768],[-123.113304,49.2800629],[-123.1133097,49.2800495],[-123.1133215,49.2800379],[-123.1133384,49.2800294],[-123.1133585,49.2800248],[-123.1133811,49.2800247],[-123.1134024,49.2800295],[-123.1134201,49.2800387]]]}},{"type":"Feature","properties":{"id":"363067881","name":"Woodland","class":"wood","water":null,"source":"OpenStreetMap"},"geometry":{"type":"Polygon","coordinates":[[[-123.1107853,49.2741413],[-123.1109263,49.274164],[-123.110932,49.274198],[-123.1108799,49.2742182],[-123.1107988,49.2742308],[-123.110654,49.2743001],[-123.1105207,49.2744135],[-123.1104647,49.2744941],[-123.1104358,49.2745571],[-123.1103913,49.274571],[-123.1103199,49.2745344],[-123.1103102,49.274455],[-123.1103971,49.2741678],[-123.1104802,49.2741338],[-123.1107853,49.2741413]]]}},{"type":"Feature","properties":{"id":"363067882","name":"Woodland","class":"wood","water":null,"source":"OpenStreetMap"},"geometry":{"type":"Polygon","coordinates":[[[-123.1087151,49.2753244],[-123.1086591,49.2752715],[-123.1086669,49.2751493],[-123.1087036,49.2750472],[-123.1087654,49.2749892],[-123.1089334,49.2749892],[-123.1090338,49.2750144],[-123.1090782,49.275051],[-123.1090531,49.2751278],[-123.1090048,49.2751757],[-123.1089334,49.275216],[-123.1088658,49.2752677],[-123.1088233,49.2753231],[-123.1087982,49.2753458],[-123.1087596,49.2753445],[-123.1087151,49.2753244]]]}},{"type":"Feature","properties":{"id":"363247980","name":"Woodland","class":"wood","water":null,"source":"OpenStreetMap"},"geometry":{"type":"Polygon","coordinates":[[[-123.1238511,49.2671079],[-123.1237934,49.2671784],[-123.1236467,49.2672295],[-123.1235238,49.2672812],[-123.1234133,49.2673235],[-123.1233027,49.2673784],[-123.1232017,49.2673832],[-123.1231605,49.2673098],[-123.1232442,49.267262],[-123.1231906,49.2672235],[-123.1231624,49.2672524],[-123.1231061,49.267262],[-123.1230752,49.2672979],[-123.122995,49.2673471],[-123.1228969,49.2673339],[-123.1228603,49.2672184],[-123.1227906,49.2671745],[-123.1227257,49.2671384],[-123.1227089,49.2671024],[-123.1227954,49.2670663],[-123.1228075,49.2670302],[-123.1228844,49.2670098],[-123.1229733,49.2670035],[-123.1229794,49.267],[-123.1238084,49.267],[-123.1238511,49.2671079]]]}},{"type":"Feature","properties":{"id":"363247983","name":"Woodland","class":"wood","water":null,"source":"OpenStreetMap"},"geometry":{"type":"Polygon","coordinates":[[[-123.1242691,49.2670161],[-123.1242258,49.2670914],[-123.1241272,49.267129],[-123.1240359,49.2671055],[-123.1239638,49.267038],[-123.1239694,49.267],[-123.1242605,49.267],[-123.1242691,49.2670161]]]}},{"type":"Feature","properties":{"id":"363247984","name":"Woodland","class":"wood","water":null,"source":"OpenStreetMap"},"geometry":{"type":"Polygon","coordinates":[[[-123.1255961,49.2675463],[-123.1254999,49.2675683],[-123.1252956,49.2675777],[-123.1253268,49.2675275],[-123.1253653,49.2672294],[-123.1254062,49.2671745],[-123.1254663,49.2671526],[-123.1255624,49.2671682],[-123.1256249,49.2671949],[-123.1256297,49.2672357],[-123.1255961,49.2672733],[-123.1255744,49.2673345],[-123.1256057,49.2673706],[-123.1256658,49.267402],[-123.1257187,49.2674365],[-123.1257211,49.2674741],[-123.1255961,49.2675463]]]}},{"type":"Feature","properties":{"id":"363247985","name":"Woodland","class":"wood","water":null,"source":"OpenStreetMap"},"geometry":{"type":"Polygon","coordinates":[[[-123.1226047,49.2681546],[-123.1225765,49.2681178],[-123.122553,49.2680981],[-123.1225467,49.2680854],[-123.1225351,49.2680631],[-123.1225226,49.2680365],[-123.122523,49.2679989],[-123.1225068,49.2679668],[-123.1224915,49.2679416],[-123.122494,49.2679163],[-123.1224991,49.2678896],[-123.1225567,49.267886],[-123.1226056,49.2678871],[-123.1226369,49.2678896],[-123.1226683,49.2678946],[-123.1227171,49.2679047],[-123.1227944,49.2679199],[-123.1228942,49.2679311],[-123.1229919,49.2679341],[-123.1230372,49.26793],[-123.1230696,49.2679182],[-123.1230829,49.2678813],[-123.1230417,49.267851],[-123.1230178,49.2678233],[-123.1230044,49.2677759],[-123.1231831,49.2678037],[-123.1232264,49.2678038],[-123.1233048,49.2678065],[-123.123393,49.2678064],[-123.1234633,49.267802],[-123.1235256,49.2677884],[-123.1236444,49.2677545],[-123.123739,49.2677206],[-123.1238367,49.2677246],[-123.1239142,49.2677075],[-123.123846,49.2677473],[-123.1238508,49.267791],[-123.1238769,49.2678379],[-123.1239241,49.2678201],[-123.1240009,49.2677829],[-123.1241159,49.26773],[-123.1239469,49.2679667],[-123.123882,49.2680357],[-123.1238508,49.2680922],[-123.1238436,49.2681926],[-123.1237642,49.2682381],[-123.123643,49.2681966],[-123.123532,49.2681687],[-123.1233569,49.2681484],[-123.1232173,49.268138],[-123.1230809,49.2681387],[-123.1230169,49.2681398],[-123.122938,49.2681472],[-123.1228757,49.2681612],[-123.1228009,49.2681799],[-123.1227719,49.2681931],[-123.12274,49.2682082],[-123.1226801,49.2682375],[-123.1225594,49.2683057],[-123.1224833,49.2683551],[-123.1224703,49.2683438],[-123.1224327,49.2683259],[-123.1225682,49.2681855],[-123.1226047,49.2681546]]]}},{"type":"Feature","properties":{"id":"363247986","name":"Woodland","class":"wood","water":null,"source":"OpenStreetMap"},"geometry":{"type":"Polygon","coordinates":[[[-123.1224258,49.2677577],[-123.1224076,49.2677498],[-123.1223791,49.2677375],[-123.1223539,49.2677286],[-123.12234,49.2676853],[-123.122338,49.2676528],[-123.1223535,49.2676431],[-123.1223743,49.2676359],[-123.1223843,49.2676206],[-123.122386,49.2675827],[-123.1223791,49.2675604],[-123.1223682,49.2675276],[-123.1223627,49.2674897],[-123.122362,49.2674564],[-123.1223652,49.2674284],[-123.122358,49.2673515],[-123.1223529,49.2672984],[-123.1223568,49.2672781],[-123.122366,49.267263],[-123.1223815,49.2672366],[-123.1224156,49.2672231],[-123.1224491,49.2672172],[-123.1224873,49.2672293],[-123.122519,49.2672366],[-123.122543,49.2672257],[-123.1225748,49.2672285],[-123.1225894,49.2672429],[-123.1225888,49.2672587],[-123.1225984,49.2672713],[-123.1226025,49.2672828],[-123.1225828,49.2673041],[-123.1225637,49.2673147],[-123.1225445,49.2673215],[-123.1225552,49.2673849],[-123.1225574,49.2674051],[-123.1225634,49.2674427],[-123.1225667,49.2674686],[-123.1225659,49.2674961],[-123.1225556,49.2675202],[-123.1225334,49.26754],[-123.1225383,49.2676194],[-123.1225386,49.2676838],[-123.1225127,49.2677461],[-123.1224909,49.2677546],[-123.1224598,49.2677587],[-123.1224258,49.2677577]]]}},{"type":"Feature","properties":{"id":"363248054","name":"Woodland","class":"wood","water":null,"source":"OpenStreetMap"},"geometry":{"type":"Polygon","coordinates":[[[-123.1152398,49.2676944],[-123.1153726,49.2675467],[-123.1156079,49.2673794],[-123.1158795,49.2672258],[-123.1163296,49.267],[-123.1168424,49.267],[-123.11613,49.2673557],[-123.1153122,49.2678007],[-123.1152428,49.2678047],[-123.1152398,49.2676944]]]}},{"type":"Feature","properties":{"id":"363513597","name":"Water","class":"water","water":"pond","source":"OpenStreetMap"},"geometry":{"type":"Polygon","coordinates":[[[-123.1088559,49.2706863],[-123.108835,49.2706549],[-123.1088257,49.2706405],[-123.1088257,49.2706261],[-123.1088611,49.2706257],[-123.1088727,49.2706462],[-123.1088774,49.2706628],[-123.1088722,49.2706837],[-123.1088617,49.2707049],[-123.1088559,49.2706863]]]}},{"type":"Feature","properties":{"id":"363516954","name":"Water","class":"water","water":"pond","source":"OpenStreetMap"},"geometry":{"type":"Polygon","coordinates":[[[-123.1083473,49.2712421],[-123.1088335,49.271254],[-123.1089597,49.2712568],[-123.1089597,49.2712718],[-123.1088331,49.2712688],[-123.1083463,49.2712574],[-123.1083473,49.2712421]]]}},{"type":"Feature","properties":{"id":"363516957","name":"Water","class":"water","water":"pond","source":"OpenStreetMap"},"geometry":{"type":"Polygon","coordinates":[[[-123.1087299,49.2719903],[-123.1086724,49.2718755],[-123.1086176,49.271766],[-123.1086057,49.2717071],[-123.1086976,49.2717082],[-123.1087044,49.2717504],[-123.1088218,49.2719914],[-123.1087299,49.2719903]]]}},{"type":"Feature","properties":{"id":"363516958","name":"Water","class":"water","water":"pond","source":"OpenStreetMap"},"geometry":{"type":"Polygon","coordinates":[[[-123.1086755,49.272108],[-123.1086312,49.2719892],[-123.1085716,49.2718726],[-123.1085907,49.2718731],[-123.1086724,49.2718755],[-123.1087299,49.2719903],[-123.1087691,49.2721103],[-123.1086755,49.272108]]]}},{"type":"Feature","properties":{"id":"363570454","name":"Water","class":"water","water":null,"source":"OpenStreetMap"},"geometry":{"type":"Polygon","coordinates":[[[-123.1336581,49.300858],[-123.1336484,49.3008778],[-123.1336001,49.3008673],[-123.1335545,49.300848],[-123.1335518,49.300813],[-123.1335545,49.3007868],[-123.1335813,49.3007833],[-123.1336334,49.3007866],[-123.1336886,49.3007763],[-123.1337369,49.3007641],[-123.1337932,49.3007781],[-123.1338143,49.3008183],[-123.1338011,49.3008486],[-123.1336581,49.300858]]]}},{"type":"Feature","properties":{"id":"363570455","name":"Water","class":"water","water":null,"source":"OpenStreetMap"},"geometry":{"type":"Polygon","coordinates":[[[-123.1336537,49.3015984],[-123.133651,49.301573],[-123.1336055,49.3015686],[-123.1336108,49.301538],[-123.1336524,49.3015354],[-123.1336806,49.3015231],[-123.1337074,49.3015258],[-123.1337489,49.3015162],[-123.1337798,49.30151],[-123.1337811,49.3015345],[-123.1337758,49.3015721],[-123.1337371,49.301598],[-123.1336537,49.3015984]]]}},{"type":"Feature","properties":{"id":"391516140","name":"Water","class":"water","water":"pond","source":"OpenStreetMap"},"geometry":{"type":"Polygon","coordinates":[[[-123.1173225,49.2690196],[-123.1172358,49.2690509],[-123.1171981,49.269063],[-123.1171568,49.269068],[-123.117115,49.2690656],[-123.1170864,49.2690593],[-123.1170603,49.2690494],[-123.1170376,49.2690365],[-123.1169901,49.2689972],[-123.1169398,49.2689417],[-123.1169183,49.2689108],[-123.1169075,49.2688831],[-123.1168995,49.2688454],[-123.1168974,49.268794],[-123.1167753,49.2686941],[-123.1167973,49.2686827],[-123.1167614,49.2686533],[-123.116753,49.2686465],[-123.1167447,49.2686397],[-123.1167363,49.2686328],[-123.1167279,49.268626],[-123.1167196,49.2686191],[-123.1167435,49.2686067],[-123.1167519,49.2686135],[-123.1167602,49.2686203],[-123.1167686,49.2686272],[-123.1167782,49.2686222],[-123.1167865,49.2686291],[-123.1167941,49.2686251],[-123.1168024,49.2686319],[-123.1168109,49.2686275],[-123.1169354,49.2687294],[-123.116934,49.2688354],[-123.1169417,49.2688798],[-123.1169551,49.2689126],[-123.1169832,49.2689489],[-123.1170345,49.2689997],[-123.1170787,49.2690332],[-123.1171042,49.2690334],[-123.1172449,49.2689584],[-123.1173225,49.2690196]]]}},{"type":"Feature","properties":{"id":"452727007","name":"Water","class":"water","water":"pond","source":"OpenStreetMap"},"geometry":{"type":"Polygon","coordinates":[[[-123.117595,49.2692489],[-123.1175848,49.2692543],[-123.1175927,49.2692606],[-123.1175872,49.2692635],[-123.1175966,49.2692758],[-123.1175945,49.2692886],[-123.1175824,49.2692988],[-123.1175648,49.2693033],[-123.1175461,49.2693013],[-123.1175312,49.2692933],[-123.117524,49.2692972],[-123.1175141,49.2692893],[-123.1175051,49.2692941],[-123.1174396,49.2692417],[-123.117448,49.2692372],[-123.1174418,49.2692322],[-123.1174511,49.2692273],[-123.117444,49.2692216],[-123.1175142,49.2691842],[-123.117595,49.2692489]]]}},{"type":"Feature","properties":{"id":"452727008","name":"Water","class":"water","water":"pond","source":"OpenStreetMap"},"geometry":{"type":"Polygon","coordinates":[[[-123.1176325,49.2692289],[-123.117622,49.2692345],[-123.1175411,49.2691699],[-123.1175717,49.2691513],[-123.1175935,49.2691276],[-123.1176047,49.2691012],[-123.1176046,49.2690739],[-123.1175934,49.2690475],[-123.1175718,49.2690241],[-123.1175424,49.2690058],[-123.1175068,49.268993],[-123.1174674,49.2689868],[-123.1174268,49.2689873],[-123.1173879,49.2689948],[-123.1173518,49.2690092],[-123.1172708,49.2689445],[-123.1174546,49.2688466],[-123.1178252,49.269143],[-123.117645,49.2692389],[-123.1176325,49.2692289]]]}},{"type":"Feature","properties":{"id":"452727009","name":"Water","class":"water","water":"pond","source":"OpenStreetMap"},"geometry":{"type":"Polygon","coordinates":[[[-123.1168354,49.2686148],[-123.1168426,49.2686111],[-123.1168343,49.2686042],[-123.1168417,49.2686004],[-123.1168333,49.2685935],[-123.1168446,49.2685876],[-123.1168363,49.2685808],[-123.1168279,49.2685739],[-123.1168196,49.2685671],[-123.1168378,49.2685576],[-123.1168462,49.2685644],[-123.1168545,49.2685713],[-123.1168629,49.2685781],[-123.1168713,49.268585],[-123.1168796,49.2685918],[-123.1169366,49.2686384],[-123.1169358,49.2686969],[-123.1168354,49.2686148]]]}},{"type":"Feature","properties":{"id":"468600215","name":"Water","class":"water","water":null,"source":"OpenStreetMap"},"geometry":{"type":"Polygon","coordinates":[[[-123.1019376,49.2697933],[-123.1019781,49.269793],[-123.1019766,49.2699129],[-123.1019766,49.2699324],[-123.1019745,49.2700158],[-123.1019323,49.2700147],[-123.1019376,49.2697933]]]}},{"type":"Feature","properties":{"id":"471683923","name":"Sugar Pool","class":"water","water":null,"source":"OpenStreetMap"},"geometry":{"type":"Polygon","coordinates":[[[-123.1318759,49.3006548],[-123.1317712,49.3006813],[-123.1316838,49.3006468],[-123.1316825,49.3006331],[-123.1317848,49.3005761],[-123.1318451,49.3006058],[-123.1319461,49.3006187],[-123.1319338,49.30065],[-123.1318759,49.3006548]]]}},{"type":"Feature","properties":{"id":"471683924","name":"Penguin Exhibit","class":"water","water":null,"source":"OpenStreetMap"},"geometry":{"type":"Polygon","coordinates":[[[-123.1317695,49.30078],[-123.131836,49.3007286],[-123.1318742,49.3007511],[-123.1318656,49.3007792],[-123.1318212,49.3007888],[-123.1317917,49.3007872],[-123.1317695,49.30078]]]}},{"type":"Feature","properties":{"id":"503109458","name":"Woodland","class":"wood","water":null,"source":"OpenStreetMap"},"geometry":{"type":"Polygon","coordinates":[[[-123.1468629,49.2935594],[-123.1468303,49.2935337],[-123.1468625,49.293503],[-123.1468592,49.2934678],[-123.1468844,49.2934299],[-123.1469254,49.2934111],[-123.1469561,49.2934044],[-123.1469624,49.2933685],[-123.1469003,49.2933251],[-123.1468952,49.2932658],[-123.146896,49.2932261],[-123.1469456,49.293201],[-123.147001,49.293216],[-123.1470239,49.2932708],[-123.1470588,49.2933215],[-123.1470749,49.2933602],[-123.1471083,49.2933086],[-123.1471417,49.2933034],[-123.1471779,49.2933251],[-123.1471873,49.2933976],[-123.1471991,49.2934882],[-123.1471676,49.2935637],[-123.1471124,49.2936119],[-123.1470373,49.2936171],[-123.1469693,49.2935899],[-123.1469363,49.2936154],[-123.1468891,49.2936184],[-123.1468648,49.2935984],[-123.1468609,49.2935851],[-123.1468629,49.2935594]]]}},{"type":"Feature","properties":{"id":"503109459","name":"Woodland","class":"wood","water":null,"source":"OpenStreetMap"},"geometry":{"type":"Polygon","coordinates":[[[-123.1451349,49.2932889],[-123.1450564,49.2932629],[-123.1450498,49.2932235],[-123.1450771,49.293198],[-123.1451329,49.2931885],[-123.1451151,49.2931501],[-123.1451155,49.2931116],[-123.1451343,49.2930792],[-123.1451919,49.2930381],[-123.1453649,49.2930302],[-123.1458088,49.2929886],[-123.1460242,49.292967],[-123.1462554,49.292963],[-123.1461903,49.2929972],[-123.1459806,49.2930012],[-123.1457674,49.2930301],[-123.1455889,49.2930363],[-123.1454468,49.2930801],[-123.145345,49.2931548],[-123.1453256,49.2932228],[-123.1452964,49.293256],[-123.1452505,49.2932902],[-123.1451349,49.2932889]]]}},{"type":"Feature","properties":{"id":"503109460","name":"Woodland","class":"wood","water":null,"source":"OpenStreetMap"},"geometry":{"type":"Polygon","coordinates":[[[-123.1458249,49.2928649],[-123.1456829,49.2928368],[-123.1454655,49.2927792],[-123.1453663,49.292732],[-123.1453261,49.2926707],[-123.1453904,49.2926323],[-123.1454897,49.292711],[-123.1456023,49.2927733],[-123.1456594,49.2927794],[-123.1458705,49.292704],[-123.1460342,49.292585],[-123.1462487,49.2924853],[-123.1462836,49.292627],[-123.1462192,49.2927547],[-123.1460958,49.2928369],[-123.1459269,49.2928562],[-123.1458249,49.2928649]]]}},{"type":"Feature","properties":{"id":"503109461","name":"Woodland","class":"wood","water":null,"source":"OpenStreetMap"},"geometry":{"type":"Polygon","coordinates":[[[-123.1333728,49.2995591],[-123.1333795,49.299664],[-123.1333232,49.2997261],[-123.1333513,49.2998145],[-123.133464,49.2998801],[-123.1335994,49.2998442],[-123.1336812,49.2998503],[-123.1337657,49.2999526],[-123.1338422,49.3000051],[-123.1339468,49.3000593],[-123.1340635,49.3001503],[-123.1341453,49.3002272],[-123.1342593,49.3003199],[-123.1343773,49.3004607],[-123.1344175,49.3005386],[-123.1343558,49.3005534],[-123.1343357,49.3005701],[-123.134333,49.3006129],[-123.1342646,49.3006636],[-123.1341587,49.3006479],[-123.1341238,49.3006173],[-123.1341614,49.3005788],[-123.1342405,49.3005508],[-123.134156,49.3004852],[-123.1341734,49.300438],[-123.134105,49.3003925],[-123.1340071,49.3003103],[-123.1339387,49.3003226],[-123.1338462,49.3002788],[-123.1337054,49.3003269],[-123.1335766,49.3004511],[-123.1334506,49.3004905],[-123.1333755,49.3005954],[-123.1334412,49.3006374],[-123.1335029,49.3006715],[-123.1335726,49.3007266],[-123.1336437,49.3006916],[-123.1337188,49.3006479],[-123.13381,49.3006654],[-123.1338797,49.3006977],[-123.1339334,49.300731],[-123.1339213,49.3008036],[-123.1340071,49.3008368],[-123.1340353,49.300821],[-123.1340903,49.3007992],[-123.1341211,49.3007563],[-123.1341989,49.3007257],[-123.1342794,49.3007248],[-123.1343598,49.3007266],[-123.1344685,49.3006864],[-123.134498,49.3007161],[-123.1344631,49.300766],[-123.134392,49.3007852],[-123.1343008,49.3008534],[-123.1340621,49.300933],[-123.1339428,49.3009164],[-123.1338221,49.3008691],[-123.1338395,49.3008158],[-123.1336719,49.300759],[-123.13346,49.3007939],[-123.1333044,49.3007572],[-123.1331274,49.3006453],[-123.132972,49.3005902],[-123.1326727,49.3003983],[-123.1324109,49.3003245],[-123.1322127,49.3002395],[-123.1321814,49.3001453],[-123.1322688,49.3000527],[-123.1322422,49.2999631],[-123.1323951,49.2999614],[-123.1325024,49.2998827],[-123.1326473,49.2997812],[-123.1328189,49.2997532],[-123.1330281,49.299657],[-123.1329638,49.2995574],[-123.1331756,49.2994769],[-123.1332963,49.2995014],[-123.1333728,49.2995591]]]}},{"type":"Feature","properties":{"id":"503109463","name":"Woodland","class":"wood","water":null,"source":"OpenStreetMap"},"geometry":{"type":"Polygon","coordinates":[[[-123.131105,49.3028403],[-123.1311113,49.3028949],[-123.1312096,49.302926],[-123.1311425,49.302995],[-123.1310688,49.3029758],[-123.1310272,49.3029146],[-123.1309695,49.3029076],[-123.1309092,49.3028779],[-123.1309293,49.3028298],[-123.1310139,49.3028284],[-123.131058,49.3028322],[-123.131105,49.3028403]]]}},{"type":"Feature","properties":{"id":"503109467","name":"Woodland","class":"wood","water":null,"source":"OpenStreetMap"},"geometry":{"type":"Polygon","coordinates":[[[-123.1314429,49.3013125],[-123.1313759,49.3012277],[-123.1313048,49.3012163],[-123.1312618,49.3011804],[-123.1313035,49.3011438],[-123.1313611,49.30114],[-123.1314094,49.3011315],[-123.1315073,49.3011446],[-123.1315703,49.3011184],[-123.1316414,49.3010843],[-123.1317648,49.3009828],[-123.1318026,49.300924],[-123.1319306,49.3009046],[-123.1319339,49.3009932],[-123.1314429,49.3013125]]]}},{"type":"Feature","properties":{"id":"503109469","name":"Woodland","class":"wood","water":null,"source":"OpenStreetMap"},"geometry":{"type":"Polygon","coordinates":[[[-123.1320759,49.2999972],[-123.1319163,49.3000322],[-123.1320317,49.3000908],[-123.1320907,49.3001756],[-123.1320759,49.300278],[-123.1319928,49.3004179],[-123.1320505,49.3005587],[-123.1320266,49.3007511],[-123.1319727,49.3007537],[-123.1319834,49.3005972],[-123.1319391,49.300591],[-123.1318775,49.3005281],[-123.1318936,49.3003514],[-123.131805,49.3001818],[-123.1316039,49.300187],[-123.1315719,49.300181],[-123.1314456,49.3001573],[-123.1314751,49.2999929],[-123.1316709,49.2997725],[-123.1315261,49.2996973],[-123.1315073,49.2995836],[-123.1314671,49.2994996],[-123.1313303,49.2993982],[-123.1312927,49.2993142],[-123.131392,49.2991393],[-123.1312123,49.2990536],[-123.1311238,49.2989259],[-123.1312847,49.2988665],[-123.1314644,49.29887],[-123.1316921,49.2988403],[-123.1317934,49.2988668],[-123.1319391,49.2989014],[-123.1320491,49.2988704],[-123.1320598,49.2987982],[-123.1321296,49.2987335],[-123.1323683,49.2986671],[-123.132497,49.2986531],[-123.1326848,49.2987143],[-123.1328565,49.2987055],[-123.1329906,49.2985866],[-123.1330536,49.2985061],[-123.1330831,49.2984327],[-123.1331475,49.2984362],[-123.1331341,49.2985709],[-123.1330777,49.2986461],[-123.1331072,49.298772],[-123.1331931,49.2988962],[-123.1333031,49.2990291],[-123.1333701,49.2991586],[-123.1332467,49.299218],[-123.133067,49.2993475],[-123.1328954,49.2995329],[-123.1327049,49.2995154],[-123.1325145,49.2994559],[-123.1324877,49.2995259],[-123.1325789,49.2996763],[-123.132485,49.2997707],[-123.1322892,49.2998897],[-123.1321953,49.2998669],[-123.1321564,49.2996317],[-123.1321484,49.2994454],[-123.1321189,49.299281],[-123.1321162,49.2991349],[-123.1320384,49.2990868],[-123.1320411,49.2993886],[-123.1320303,49.2994454],[-123.1320719,49.2996055],[-123.1320834,49.2997424],[-123.1320257,49.2997469],[-123.1319635,49.2997512],[-123.1319256,49.2997473],[-123.1319012,49.2997496],[-123.1318817,49.2997515],[-123.1318579,49.2997907],[-123.1318443,49.2998516],[-123.1318376,49.2998922],[-123.1318594,49.2999275],[-123.1319059,49.2999251],[-123.1319748,49.299894],[-123.1320112,49.2998327],[-123.1320378,49.2998186],[-123.1320894,49.299832],[-123.1320759,49.2999972]]]}},{"type":"Feature","properties":{"id":"503109470","name":"Woodland","class":"wood","water":null,"source":"OpenStreetMap"},"geometry":{"type":"Polygon","coordinates":[[[-123.1326687,49.2985114],[-123.1324836,49.2984327],[-123.132379,49.2985079],[-123.1319794,49.2986461],[-123.131864,49.2985796],[-123.1319794,49.2983855],[-123.1320652,49.2983015],[-123.1323495,49.2982298],[-123.1324675,49.2982473],[-123.1326285,49.2982893],[-123.1329691,49.2984799],[-123.1329772,49.2985429],[-123.1328591,49.2986233],[-123.1326741,49.2985953],[-123.1326687,49.2985114]]]}},{"type":"Feature","properties":{"id":"503109471","name":"Woodland","class":"wood","water":null,"source":"OpenStreetMap"},"geometry":{"type":"Polygon","coordinates":[[[-123.1372285,49.2981616],[-123.1371882,49.2982665],[-123.137038,49.2982875],[-123.1370461,49.2982105],[-123.136979,49.2981458],[-123.1367483,49.2982088],[-123.1365552,49.2981178],[-123.1363836,49.2981528],[-123.1366089,49.298263],[-123.136523,49.2983365],[-123.1366062,49.2984222],[-123.1366357,49.2984239],[-123.1367752,49.2983872],[-123.1368315,49.2984642],[-123.1367752,49.2985219],[-123.1366464,49.2985061],[-123.1363165,49.2984274],[-123.136338,49.2985971],[-123.1362495,49.2985744],[-123.1360483,49.2985114],[-123.135882,49.2983365],[-123.1358874,49.298249],[-123.1360215,49.2981248],[-123.1360027,49.2979569],[-123.1360215,49.2977785],[-123.1361341,49.2976963],[-123.1362763,49.2976683],[-123.1363702,49.297705],[-123.1363621,49.297747],[-123.1363004,49.297789],[-123.1363863,49.297859],[-123.136566,49.2979552],[-123.1367188,49.2979674],[-123.1368395,49.2979867],[-123.1370139,49.2980269],[-123.1371695,49.2979867],[-123.1373921,49.2979867],[-123.1376576,49.2980724],[-123.1377515,49.2981423],[-123.1377247,49.2981826],[-123.1375611,49.2981668],[-123.1373009,49.2981773],[-123.1372285,49.2981616]]]}},{"type":"Feature","properties":{"id":"503109472","name":"Woodland","class":"wood","water":null,"source":"OpenStreetMap"},"geometry":{"type":"Polygon","coordinates":[[[-123.1377434,49.3005631],[-123.1377193,49.3005106],[-123.1377381,49.3004371],[-123.1378051,49.3003987],[-123.1379205,49.3004214],[-123.1379017,49.3005316],[-123.1378239,49.3005771],[-123.1377434,49.3005631]]]}},{"type":"Feature","properties":{"id":"503109473","name":"Woodland","class":"wood","water":null,"source":"OpenStreetMap"},"geometry":{"type":"Polygon","coordinates":[[[-123.1335672,49.3013904],[-123.1335968,49.3013291],[-123.1336853,49.3013361],[-123.1338167,49.3013589],[-123.1338597,49.3013196],[-123.133889,49.3012558],[-123.1339385,49.301188],[-123.133924,49.3011577],[-123.1338918,49.3009601],[-123.1339857,49.3009513],[-123.1342137,49.3010633],[-123.1342512,49.3011193],[-123.1341681,49.3012697],[-123.1339615,49.3013991],[-123.133835,49.3014922],[-123.1337765,49.3014638],[-123.1335994,49.3014726],[-123.1335672,49.3013904]]]}},{"type":"Feature","properties":{"id":"503109475","name":"Woodland","class":"wood","water":null,"source":"OpenStreetMap"},"geometry":{"type":"Polygon","coordinates":[[[-123.1356272,49.3009059],[-123.1355655,49.3009933],[-123.1354644,49.3009832],[-123.135426,49.3009793],[-123.1352061,49.3008831],[-123.1351015,49.300766],[-123.1350854,49.3006855],[-123.1349325,49.3006733],[-123.1348279,49.3005771],[-123.1346207,49.3004206],[-123.1344819,49.3004189],[-123.1343571,49.3003252],[-123.1346001,49.300239],[-123.134419,49.30003],[-123.1341409,49.3001384],[-123.1341313,49.3000896],[-123.1339562,49.3000104],[-123.1339749,49.2999299],[-123.1341922,49.2998372],[-123.1342968,49.2997742],[-123.134329,49.2995993],[-123.1342593,49.2995014],[-123.1342271,49.299344],[-123.1343451,49.299246],[-123.1345865,49.2992163],[-123.1347528,49.29926],[-123.134962,49.2993387],[-123.1351015,49.2993527],[-123.1354207,49.2993982],[-123.1356701,49.2994104],[-123.1356969,49.2994612],[-123.1356272,49.3009059]]]}},{"type":"Feature","properties":{"id":"503109476","name":"Woodland","class":"wood","water":null,"source":"OpenStreetMap"},"geometry":{"type":"Polygon","coordinates":[[[-123.1347716,49.2985061],[-123.1349405,49.2985254],[-123.1349271,49.2986758],[-123.1348762,49.2987615],[-123.1348306,49.29873],[-123.1347984,49.2986373],[-123.1346938,49.2985569],[-123.1345516,49.2986898],[-123.1344685,49.2986373],[-123.1343022,49.2986023],[-123.1340876,49.2985621],[-123.1339937,49.2984729],[-123.133873,49.2984991],[-123.1337872,49.2986093],[-123.1336826,49.2986443],[-123.1336155,49.2985096],[-123.1337791,49.2984519],[-123.1338945,49.2984064],[-123.1340581,49.2984484],[-123.1342727,49.2984484],[-123.1343102,49.2984817],[-123.1344765,49.2984537],[-123.1345999,49.2982945],[-123.1347233,49.2983155],[-123.134726,49.2984292],[-123.1347716,49.2985061]]]}},{"type":"Feature","properties":{"id":"503109477","name":"Woodland","class":"wood","water":null,"source":"OpenStreetMap"},"geometry":{"type":"Polygon","coordinates":[[[-123.1338972,49.298821],[-123.1339884,49.2987458],[-123.1339884,49.2986408],[-123.134093,49.2986076],[-123.1344095,49.2986985],[-123.1345463,49.298737],[-123.1345168,49.2988525],[-123.134447,49.2989452],[-123.1343263,49.2990571],[-123.1341654,49.2991498],[-123.134034,49.2990956],[-123.1340742,49.2989994],[-123.1339186,49.2989522],[-123.1338972,49.298821]]]}},{"type":"Feature","properties":{"id":"503109478","name":"Woodland","class":"wood","water":null,"source":"OpenStreetMap"},"geometry":{"type":"Polygon","coordinates":[[[-123.1351793,49.2983207],[-123.1352061,49.2984834],[-123.1351444,49.2985464],[-123.1348252,49.29834],[-123.1347742,49.2982228],[-123.1345623,49.2980269],[-123.1345194,49.2979272],[-123.134726,49.297733],[-123.1348391,49.2977576],[-123.1349684,49.2979253],[-123.1350348,49.2978554],[-123.1351662,49.2978358],[-123.1353635,49.2977727],[-123.1356352,49.2978887],[-123.1357532,49.2981616],[-123.135595,49.2982333],[-123.1354502,49.298389],[-123.1352383,49.2982403],[-123.1351793,49.2983207]]]}},{"type":"Feature","properties":{"id":"503109479","name":"Woodland","class":"wood","water":null,"source":"OpenStreetMap"},"geometry":{"type":"Polygon","coordinates":[[[-123.1343075,49.2978642],[-123.1342244,49.2979779],[-123.1340152,49.2981441],[-123.133873,49.2981353],[-123.1338891,49.2980356],[-123.1336263,49.2980986],[-123.1333714,49.2982718],[-123.1330201,49.2981668],[-123.1329852,49.2980374],[-123.1327009,49.2979779],[-123.1327089,49.2979272],[-123.1328913,49.2978835],[-123.1333178,49.297887],[-123.1334895,49.2977855],[-123.1332132,49.2977733],[-123.1331327,49.2975091],[-123.1333017,49.2974479],[-123.1335217,49.2973307],[-123.1337201,49.2973167],[-123.1338623,49.2973447],[-123.1340769,49.2973657],[-123.1341064,49.2972223],[-123.134337,49.2971943],[-123.1345623,49.297224],[-123.1346084,49.2972505],[-123.1348527,49.2973269],[-123.1347957,49.2974444],[-123.1346375,49.2974042],[-123.1344229,49.2975669],[-123.1343639,49.2976473],[-123.1343075,49.2978642]]]}},{"type":"Feature","properties":{"id":"503109480","name":"Woodland","class":"wood","water":null,"source":"OpenStreetMap"},"geometry":{"type":"Polygon","coordinates":[[[-123.1350049,49.2977365],[-123.135013,49.2975634],[-123.1351068,49.2974916],[-123.1352329,49.2974549],[-123.1351927,49.29728],[-123.1352946,49.2971383],[-123.1353885,49.2970404],[-123.1354877,49.2970701],[-123.1356325,49.2972258],[-123.1356245,49.2974007],[-123.135772,49.2975039],[-123.1358042,49.2976596],[-123.135705,49.2977873],[-123.1355896,49.2977698],[-123.1355253,49.2975616],[-123.1353348,49.2974916],[-123.1354305,49.2977069],[-123.1351685,49.297726],[-123.1350049,49.2977365]]]}},{"type":"Feature","properties":{"id":"503109482","name":"Woodland","class":"wood","water":null,"source":"OpenStreetMap"},"geometry":{"type":"Polygon","coordinates":[[[-123.1251317,49.3006243],[-123.1252309,49.3006173],[-123.1252631,49.3005753],[-123.1251827,49.3004651],[-123.1253919,49.3004476],[-123.1253999,49.3005071],[-123.125534,49.3004774],[-123.1256145,49.3003549],[-123.1257406,49.300285],[-123.1258639,49.3002815],[-123.1259525,49.3002028],[-123.1261241,49.3001153],[-123.1261328,49.3001572],[-123.1258863,49.3004671],[-123.1255216,49.3008174],[-123.1254051,49.3009211],[-123.1253188,49.301075],[-123.1252551,49.3011315],[-123.1251371,49.3012242],[-123.1250893,49.3012756],[-123.1250254,49.3013443],[-123.1249949,49.3013781],[-123.1249586,49.30141],[-123.124783,49.3012767],[-123.1245548,49.3011629],[-123.1241266,49.3009225],[-123.1241988,49.3008734],[-123.1244182,49.300724],[-123.1247321,49.3007362],[-123.125011,49.3006173],[-123.1251317,49.3006243]]]}},{"type":"Feature","properties":{"id":"503109483","name":"Woodland","class":"wood","water":null,"source":"OpenStreetMap"},"geometry":{"type":"Polygon","coordinates":[[[-123.1291395,49.3015042],[-123.1289088,49.3016633],[-123.1287855,49.301812],[-123.1287437,49.3019456],[-123.1287412,49.3020675],[-123.1287733,49.3021886],[-123.12886,49.3022893],[-123.1290182,49.3023978],[-123.1290719,49.3024852],[-123.1290167,49.3025066],[-123.1287795,49.3024485],[-123.1286534,49.3024432],[-123.1284139,49.3024122],[-123.1280875,49.3023715],[-123.1278193,49.3023471],[-123.1275564,49.3023628],[-123.1273982,49.302382],[-123.1273231,49.3023453],[-123.1271139,49.302389],[-123.1268054,49.3024188],[-123.126556,49.3023785],[-123.1263092,49.3023016],[-123.1260141,49.3020497],[-123.1258747,49.3019168],[-123.1257567,49.3017839],[-123.1254509,49.3015792],[-123.125357,49.3014778],[-123.1253704,49.3013519],[-123.1254804,49.3012721],[-123.1256069,49.3010087],[-123.1260191,49.3006027],[-123.1263442,49.3002442],[-123.126522,49.300139],[-123.1267017,49.3001033],[-123.1270465,49.3001463],[-123.1274313,49.3002643],[-123.1280213,49.3006071],[-123.1282737,49.3007609],[-123.1285848,49.3008984],[-123.129012,49.3009697],[-123.1293914,49.3009731],[-123.12942,49.3009923],[-123.129533,49.301272],[-123.1295031,49.3013243],[-123.1294265,49.3013725],[-123.1291395,49.3015042]]]}},{"type":"Feature","properties":{"id":"503109484","name":"Woodland","class":"wood","water":null,"source":"OpenStreetMap"},"geometry":{"type":"Polygon","coordinates":[[[-123.1294133,49.3019454],[-123.1292979,49.3019498],[-123.1292176,49.3019295],[-123.1291519,49.3018989],[-123.1291492,49.3018491],[-123.1291062,49.3018055],[-123.1292002,49.3017048],[-123.1292699,49.3016803],[-123.1293168,49.3017162],[-123.1293748,49.3016848],[-123.129396,49.3016226],[-123.1295099,49.3015526],[-123.1296225,49.3015151],[-123.1296749,49.3014661],[-123.1296481,49.3014293],[-123.1297795,49.3013804],[-123.1298685,49.3014446],[-123.1300129,49.3014661],[-123.1301255,49.3014958],[-123.1301926,49.301529],[-123.1302194,49.3015727],[-123.130218,49.3016392],[-123.1301201,49.3016925],[-123.1300236,49.3017179],[-123.1300289,49.3017826],[-123.1299861,49.3018683],[-123.1299109,49.3019068],[-123.129809,49.3019173],[-123.1296615,49.301912],[-123.1294991,49.3019148],[-123.1294133,49.3019454]]]}},{"type":"Feature","properties":{"id":"503109485","name":"Woodland","class":"wood","water":null,"source":"OpenStreetMap"},"geometry":{"type":"Polygon","coordinates":[[[-123.1275752,49.2964439],[-123.1273928,49.2963862],[-123.1274464,49.2962917],[-123.127535,49.2962392],[-123.127712,49.296262],[-123.1278702,49.2962795],[-123.1279292,49.2963477],[-123.1278381,49.2964089],[-123.127653,49.2964509],[-123.1275752,49.2964439]]]}},{"type":"Feature","properties":{"id":"503109486","name":"Woodland","class":"wood","water":null,"source":"OpenStreetMap"},"geometry":{"type":"Polygon","coordinates":[[[-123.1287312,49.2964719],[-123.1286159,49.2964089],[-123.1283691,49.2963477],[-123.1281787,49.2962935],[-123.1279748,49.2962287],[-123.1276878,49.296171],[-123.1278112,49.2960801],[-123.1281465,49.2960766],[-123.128353,49.296136],[-123.1286776,49.2962602],[-123.1288519,49.2964142],[-123.1288627,49.2965121],[-123.1287312,49.2964719]]]}},{"type":"Feature","properties":{"id":"503109487","name":"Woodland","class":"wood","water":null,"source":"OpenStreetMap"},"geometry":{"type":"Polygon","coordinates":[[[-123.1274786,49.2966276],[-123.1273445,49.2967378],[-123.1271675,49.2969756],[-123.1269368,49.297217],[-123.1267518,49.2973832],[-123.1263977,49.2975756],[-123.1263414,49.2975739],[-123.1263414,49.2975336],[-123.1265908,49.2973675],[-123.1267947,49.2971908],[-123.1269556,49.2969879],[-123.1271568,49.2967395],[-123.1272641,49.2965751],[-123.1273982,49.2965051],[-123.1275189,49.2965611],[-123.1274786,49.2966276]]]}},{"type":"Feature","properties":{"id":"503109488","name":"Woodland","class":"wood","water":null,"source":"OpenStreetMap"},"geometry":{"type":"Polygon","coordinates":[[[-123.1223021,49.297922],[-123.1224119,49.297768],[-123.1225621,49.2977138],[-123.1229323,49.2976701],[-123.1231469,49.2977173],[-123.12312,49.2977925],[-123.1229242,49.2977768],[-123.1226372,49.2978082],[-123.1225165,49.2978782],[-123.1224549,49.2979587],[-123.122396,49.2979622],[-123.1223021,49.297922]]]}},{"type":"Feature","properties":{"id":"503109489","name":"Woodland","class":"wood","water":null,"source":"OpenStreetMap"},"geometry":{"type":"Polygon","coordinates":[[[-123.122656,49.2979919],[-123.1230879,49.2979219],[-123.1234285,49.2979184],[-123.1240454,49.2979971],[-123.1244209,49.2980636],[-123.1248876,49.2980741],[-123.1250781,49.2980881],[-123.1252685,49.2980356],[-123.1251129,49.2979534],[-123.1248742,49.2979814],[-123.1249413,49.2979114],[-123.12507,49.297866],[-123.1256467,49.297761],[-123.1258532,49.2977138],[-123.1261617,49.2976018],[-123.1262851,49.2976071],[-123.1261134,49.2976963],[-123.1257379,49.2978152],[-123.1255689,49.2978677],[-123.1257245,49.2979184],[-123.1260544,49.2978362],[-123.1263387,49.2977225],[-123.1266203,49.2975931],[-123.1269073,49.2974077],[-123.1270763,49.2972398],[-123.1274169,49.296806],[-123.127476,49.2967745],[-123.1278327,49.2970858],[-123.127948,49.297182],[-123.1280499,49.2973675],[-123.1283208,49.2974619],[-123.1285837,49.2975004],[-123.1288171,49.2975179],[-123.1286856,49.2974269],[-123.12864,49.2973027],[-123.1287741,49.2971226],[-123.1287876,49.2969197],[-123.1288439,49.296778],[-123.1289404,49.2968864],[-123.129088,49.2971208],[-123.1289673,49.2972887],[-123.1289485,49.2973919],[-123.1291201,49.2974007],[-123.1293454,49.2973444],[-123.1294878,49.2975287],[-123.1297156,49.297796],[-123.1300696,49.2979429],[-123.1302869,49.2979884],[-123.1305042,49.2979709],[-123.1306892,49.2980164],[-123.1307885,49.2980391],[-123.1307322,49.2981598],[-123.1307026,49.2982228],[-123.1308099,49.2983977],[-123.1306946,49.2985044],[-123.130987,49.2985009],[-123.1309993,49.2983342],[-123.1309859,49.2979363],[-123.1311763,49.2978461],[-123.1313276,49.2979919],[-123.1314188,49.2981336],[-123.131459,49.2982928],[-123.1313408,49.2983278],[-123.131294,49.2983621],[-123.1312389,49.2983736],[-123.1311527,49.2984055],[-123.1310882,49.2984414],[-123.1310727,49.2984936],[-123.1310872,49.2985437],[-123.1311277,49.2985647],[-123.1311641,49.2985708],[-123.1311766,49.2985857],[-123.1311994,49.2985891],[-123.1312226,49.2985746],[-123.1313137,49.2984617],[-123.131356,49.2984835],[-123.1313698,49.2984515],[-123.1314113,49.2984456],[-123.1315199,49.2984723],[-123.1315833,49.2985659],[-123.1314751,49.2986618],[-123.1314885,49.2987475],[-123.1313812,49.2988035],[-123.131113,49.298793],[-123.1309816,49.2987703],[-123.1308314,49.29873],[-123.1307751,49.2987947],[-123.1307346,49.2990177],[-123.1308746,49.299064],[-123.1309806,49.2991255],[-123.1309864,49.2992091],[-123.1310613,49.2992445],[-123.1310969,49.2993142],[-123.1309119,49.2993405],[-123.1307134,49.2992792],[-123.1306624,49.2990116],[-123.1305551,49.2989329],[-123.1303674,49.2989067],[-123.1302333,49.2990571],[-123.1301313,49.299337],[-123.1300133,49.2997183],[-123.1300911,49.3000016],[-123.130147,49.3001713],[-123.130088,49.3002517],[-123.129932,49.3002185],[-123.129734,49.3001328],[-123.12967,49.3003042],[-123.129731,49.3004546],[-123.12956,49.3005841],[-123.129466,49.3007537],[-123.1292408,49.3007607],[-123.128801,49.3007432],[-123.1285515,49.3006435],[-123.1281036,49.3003934],[-123.1276315,49.3001258],[-123.1273392,49.3000174],[-123.1269985,49.2999282],[-123.1267544,49.2999124],[-123.1266552,49.2997847],[-123.1265479,49.299699],[-123.1266016,49.2995923],[-123.1268778,49.2994646],[-123.1271085,49.2992058],[-123.1272533,49.2991516],[-123.127476,49.2990833],[-123.1276342,49.2988979],[-123.127602,49.2985674],[-123.127476,49.2983907],[-123.1272962,49.2981406],[-123.1271299,49.2980286],[-123.1270414,49.2979429],[-123.1265989,49.2980671],[-123.1260866,49.2983015],[-123.125754,49.2984921],[-123.1256199,49.2985674],[-123.1254107,49.2985674],[-123.125247,49.2986111],[-123.1251558,49.298723],[-123.1250217,49.2987493],[-123.1248327,49.298822],[-123.1246563,49.298963],[-123.12455,49.2987477],[-123.1245133,49.2986772],[-123.1245631,49.2984274],[-123.1245197,49.2982198],[-123.1242997,49.2981726],[-123.1240208,49.2981761],[-123.123686,49.2980916],[-123.1232812,49.2980843],[-123.1228518,49.2981283],[-123.1226024,49.2981108],[-123.1225461,49.2980899],[-123.122656,49.2979919]]]}},{"type":"Feature","properties":{"id":"503109490","name":"Woodland","class":"wood","water":null,"source":"OpenStreetMap"},"geometry":{"type":"Polygon","coordinates":[[[-123.1217006,49.2995015],[-123.1217282,49.2994183],[-123.1217113,49.2993398],[-123.1215858,49.2992775],[-123.1216717,49.299246],[-123.1215992,49.2992023],[-123.121508,49.2991656],[-123.1215188,49.2990186],[-123.1215751,49.2989487],[-123.1217414,49.298884],[-123.121836,49.2989274],[-123.1219728,49.2989055],[-123.122119,49.2988688],[-123.1220908,49.2989484],[-123.122068,49.2990175],[-123.1221679,49.299211],[-123.1220735,49.2992308],[-123.1219131,49.2994472],[-123.1218621,49.2996518],[-123.1217387,49.2997725],[-123.1217111,49.2997872],[-123.1213546,49.2996913],[-123.1212869,49.2996673],[-123.1213184,49.2996139],[-123.1215578,49.29961],[-123.1216637,49.2995658],[-123.1217006,49.2995015]]]}},{"type":"Feature","properties":{"id":"503109492","name":"Woodland","class":"wood","water":null,"source":"OpenStreetMap"},"geometry":{"type":"Polygon","coordinates":[[[-123.11725,49.2999675],[-123.1170435,49.2998713],[-123.1170489,49.2996544],[-123.1170715,49.299618],[-123.1170934,49.2995777],[-123.1171144,49.299549],[-123.1171309,49.2995047],[-123.1171682,49.2994643],[-123.1171925,49.2994291],[-123.1172048,49.2993395],[-123.1172095,49.299292],[-123.1171969,49.2992288],[-123.1172071,49.2990912],[-123.117235,49.2989372],[-123.1173209,49.2988042],[-123.1173734,49.2986924],[-123.1175236,49.2985245],[-123.1175368,49.2985001],[-123.1175566,49.2984847],[-123.1176143,49.2984557],[-123.117722,49.2983783],[-123.1178562,49.2983286],[-123.118052,49.2983653],[-123.1183068,49.2983164],[-123.1187279,49.2983688],[-123.1193395,49.2984738],[-123.1200315,49.2985245],[-123.1203775,49.2986225],[-123.1205518,49.2987606],[-123.1205523,49.2988677],[-123.1205579,49.2989037],[-123.1205229,49.2989087],[-123.1204994,49.2989248],[-123.1204936,49.2989488],[-123.1205053,49.2989663],[-123.1205344,49.2989796],[-123.1205681,49.2989801],[-123.1205975,49.2989682],[-123.1206331,49.2989939],[-123.1206626,49.2990271],[-123.1206532,49.2990612],[-123.1206451,49.2990918],[-123.1206591,49.2991297],[-123.1206886,49.2991857],[-123.1207154,49.2992819],[-123.1207524,49.2993594],[-123.120739,49.2993988],[-123.1207564,49.2994565],[-123.1206961,49.2995929],[-123.1206948,49.299613],[-123.1204632,49.299571],[-123.120063,49.2995161],[-123.1197031,49.2994557],[-123.1193037,49.2994438],[-123.1189246,49.2994697],[-123.118533,49.2995612],[-123.1182934,49.2996591],[-123.1180754,49.2998004],[-123.1179096,49.299929],[-123.1177992,49.3000227],[-123.1176738,49.3000252],[-123.11725,49.2999675]]]}},{"type":"Feature","properties":{"id":"503109493","name":"Woodland","class":"wood","water":null,"source":"OpenStreetMap"},"geometry":{"type":"Polygon","coordinates":[[[-123.1380821,49.2942919],[-123.1381713,49.2942718],[-123.1382772,49.294242],[-123.1383764,49.2942162],[-123.1384676,49.2941992],[-123.1385065,49.2942219],[-123.1384562,49.2942316],[-123.1383798,49.2942814],[-123.1380908,49.2943671],[-123.1380687,49.2943404],[-123.1380546,49.2943142],[-123.1380821,49.2942919]]]}},{"type":"Feature","properties":{"id":"503109494","name":"Woodland","class":"wood","water":null,"source":"OpenStreetMap"},"geometry":{"type":"Polygon","coordinates":[[[-123.1392435,49.2940684],[-123.1393025,49.2940037],[-123.1391617,49.2938594],[-123.1391161,49.2938681],[-123.1390611,49.2939136],[-123.1389484,49.2940317],[-123.1390396,49.2940597],[-123.1390758,49.2941454],[-123.1389779,49.2942049],[-123.1388532,49.2941909],[-123.1388103,49.2941541],[-123.1387419,49.2941148],[-123.138758,49.2940186],[-123.1386896,49.2940116],[-123.1386011,49.2941017],[-123.1384455,49.2940912],[-123.1383892,49.2940247],[-123.1384254,49.2939372],[-123.138479,49.293918],[-123.1385984,49.2939355],[-123.138699,49.2939049],[-123.1387473,49.2938349],[-123.1388438,49.2938122],[-123.1392032,49.2937982],[-123.1400481,49.2936477],[-123.1402359,49.293646],[-123.1402869,49.2937177],[-123.1400991,49.2937894],[-123.139914,49.2937684],[-123.1396699,49.2938489],[-123.1396109,49.2939923],[-123.1399864,49.2939224],[-123.1401957,49.2938769],[-123.14026,49.2939364],[-123.1400615,49.2939993],[-123.1396646,49.2941498],[-123.1394527,49.2941743],[-123.1392542,49.2941165],[-123.1392435,49.2940684]]]}},{"type":"Feature","properties":{"id":"503109495","name":"Woodland","class":"wood","water":null,"source":"OpenStreetMap"},"geometry":{"type":"Polygon","coordinates":[[[-123.1440178,49.2930477],[-123.1438649,49.293039],[-123.1438274,49.2930022],[-123.1438837,49.2928675],[-123.1440285,49.2927416],[-123.1439856,49.2926734],[-123.1437845,49.2926996],[-123.1436906,49.2927853],[-123.1436852,49.2928763],[-123.1436369,49.2930162],[-123.143417,49.293046],[-123.1432453,49.2930547],[-123.1431729,49.2929463],[-123.1437442,49.2925789],[-123.1438763,49.2924861],[-123.1440416,49.2925186],[-123.144285,49.29235],[-123.1443289,49.2923357],[-123.1444299,49.2923263],[-123.1445705,49.2924262],[-123.1445838,49.2925317],[-123.1445408,49.2925632],[-123.1444121,49.2925404],[-123.1442109,49.2925177],[-123.1441921,49.2926576],[-123.1442297,49.2925859],[-123.1443853,49.2925842],[-123.1445998,49.2926594],[-123.1448466,49.2925999],[-123.1449968,49.2927066],[-123.1450773,49.2926331],[-123.1451167,49.2926321],[-123.1451668,49.2926398],[-123.1452677,49.2926506],[-123.1452516,49.2927154],[-123.1448734,49.2928885],[-123.1445516,49.292969],[-123.1442082,49.2930005],[-123.1440178,49.2930477]]]}},{"type":"Feature","properties":{"id":"503109496","name":"Woodland","class":"wood","water":null,"source":"OpenStreetMap"},"geometry":{"type":"Polygon","coordinates":[[[-123.1456818,49.2921684],[-123.1455789,49.2920964],[-123.1454004,49.2919617],[-123.14515,49.2917906],[-123.1449996,49.2918853],[-123.1449244,49.2919212],[-123.1448386,49.2919868],[-123.1447272,49.2920287],[-123.1447272,49.2919185],[-123.1448024,49.2918258],[-123.1450062,49.2916894],[-123.1451886,49.2915966],[-123.1453361,49.2916019],[-123.1454085,49.2916141],[-123.1453951,49.2916544],[-123.14531,49.2917485],[-123.1454319,49.2918599],[-123.1455584,49.2919451],[-123.1456498,49.2920137],[-123.1458671,49.2921671],[-123.1460201,49.2922806],[-123.1459557,49.2923489],[-123.1457815,49.2922319],[-123.1456818,49.2921684]]]}},{"type":"Feature","properties":{"id":"503109497","name":"Woodland","class":"wood","water":null,"source":"OpenStreetMap"},"geometry":{"type":"Polygon","coordinates":[[[-123.1462668,49.2916929],[-123.1461971,49.291727],[-123.1460697,49.2916316],[-123.145941,49.2915498],[-123.1458605,49.2914672],[-123.1457854,49.2914576],[-123.1456104,49.2915705],[-123.1455272,49.2916063],[-123.1454675,49.2915765],[-123.1454032,49.2914943],[-123.1456499,49.2913605],[-123.1457975,49.2912931],[-123.1458712,49.2912284],[-123.1460442,49.2911331],[-123.1461461,49.2911576],[-123.1461515,49.2912065],[-123.1460684,49.2912914],[-123.145898,49.2913893],[-123.1459691,49.2913911],[-123.1460885,49.2914375],[-123.1461636,49.2914812],[-123.1462802,49.2915748],[-123.1463071,49.2916413],[-123.1462668,49.2916929]]]}},{"type":"Feature","properties":{"id":"503109498","name":"Woodland","class":"wood","water":null,"source":"OpenStreetMap"},"geometry":{"type":"Polygon","coordinates":[[[-123.1464224,49.2914033],[-123.1464546,49.2912896],[-123.1465178,49.2912514],[-123.1465019,49.2912108],[-123.1464385,49.2912022],[-123.1463849,49.2911094],[-123.1463232,49.2911567],[-123.1462105,49.2911392],[-123.1463419,49.2909782],[-123.1463822,49.2909887],[-123.1464305,49.2909118],[-123.1467121,49.2909048],[-123.1468301,49.2909188],[-123.146865,49.2910132],[-123.1466906,49.2911252],[-123.1466477,49.2911742],[-123.1466103,49.2912148],[-123.1466933,49.2913754],[-123.1466826,49.291545],[-123.1466397,49.2915783],[-123.1466236,49.291685],[-123.1466745,49.2917707],[-123.1466236,49.2919229],[-123.1466611,49.2920156],[-123.1466477,49.2920786],[-123.1466169,49.2920961],[-123.1465431,49.2920628],[-123.1464465,49.2920602],[-123.1464318,49.2921293],[-123.1463728,49.2921661],[-123.1463165,49.2921556],[-123.1462092,49.2921066],[-123.1462695,49.2920602],[-123.1464184,49.2920007],[-123.1464667,49.2919631],[-123.1464533,49.2919028],[-123.1463151,49.2918127],[-123.1463138,49.2917445],[-123.1463661,49.2917235],[-123.1464224,49.2914033]]]}},{"type":"Feature","properties":{"id":"503109499","name":"Woodland","class":"wood","water":null,"source":"OpenStreetMap"},"geometry":{"type":"Polygon","coordinates":[[[-123.1472807,49.2931588],[-123.1474014,49.2931868],[-123.1474738,49.2932428],[-123.1474913,49.2933267],[-123.1477233,49.2935655],[-123.1476415,49.2936285],[-123.147557,49.2936285],[-123.1474658,49.2935087],[-123.1471792,49.2932003],[-123.1472807,49.2931588]]]}},{"type":"Feature","properties":{"id":"503109500","name":"Woodland","class":"wood","water":null,"source":"OpenStreetMap"},"geometry":{"type":"Polygon","coordinates":[[[-123.1468422,49.2928518],[-123.1468824,49.2928159],[-123.1469682,49.2927906],[-123.1471077,49.2928308],[-123.1472928,49.2929052],[-123.1476214,49.2929673],[-123.1477032,49.2929279],[-123.1477903,49.2927906],[-123.147844,49.2927381],[-123.1478413,49.2926909],[-123.1478923,49.2926524],[-123.1479405,49.2926672],[-123.1479472,49.292725],[-123.1478721,49.2928002],[-123.1479633,49.2928579],[-123.1478963,49.2931536],[-123.1478963,49.2933127],[-123.1478748,49.2934212],[-123.1477836,49.2934212],[-123.1476442,49.293311],[-123.1476871,49.2931431],[-123.1474913,49.2930906],[-123.1471292,49.2929961],[-123.1468797,49.2929139],[-123.1468422,49.2928518]]]}},{"type":"Feature","properties":{"id":"503109501","name":"Woodland","class":"wood","water":null,"source":"OpenStreetMap"},"geometry":{"type":"Polygon","coordinates":[[[-123.1503213,49.2950305],[-123.1503978,49.2950213],[-123.1504849,49.2950546],[-123.1504742,49.2951001],[-123.1504166,49.2951001],[-123.1504233,49.2951333],[-123.1504809,49.2951482],[-123.1505212,49.2951919],[-123.1504367,49.2953826],[-123.1503079,49.2953764],[-123.1502476,49.295268],[-123.1502918,49.295212],[-123.1503978,49.295212],[-123.1503911,49.2951508],[-123.1502469,49.2950926],[-123.1502583,49.2950511],[-123.1503213,49.2950305]]]}},{"type":"Feature","properties":{"id":"503109502","name":"Woodland","class":"wood","water":null,"source":"OpenStreetMap"},"geometry":{"type":"Polygon","coordinates":[[[-123.1497372,49.293766],[-123.1497758,49.2935411],[-123.1498354,49.2932351],[-123.1498023,49.2928997],[-123.1496758,49.2927627],[-123.1493529,49.2924615],[-123.1492291,49.2923083],[-123.1489182,49.2920961],[-123.1487516,49.2920225],[-123.1484043,49.2917532],[-123.1483928,49.2917108],[-123.1482533,49.2916548],[-123.148193,49.291563],[-123.1480649,49.291476],[-123.1480388,49.2914143],[-123.147952,49.291388],[-123.1477773,49.2912475],[-123.1477437,49.2911527],[-123.1476405,49.2911248],[-123.1475155,49.2910495],[-123.1475117,49.2909621],[-123.1474353,49.2909227],[-123.1474514,49.2908055],[-123.1475345,49.2907906],[-123.1476416,49.2908843],[-123.1476843,49.290972],[-123.1477598,49.2910469],[-123.1478832,49.2911571],[-123.1479742,49.291228],[-123.1480777,49.2913067],[-123.1481259,49.2913321],[-123.1483083,49.2914554],[-123.1484344,49.2916006],[-123.1486154,49.2916915],[-123.1487268,49.291744],[-123.1486852,49.2917729],[-123.1487294,49.2918367],[-123.1490714,49.2920817],[-123.1491747,49.2921656],[-123.1492847,49.2922933],[-123.1493289,49.2923362],[-123.1494738,49.2924324],[-123.1495314,49.2924919],[-123.1496615,49.2926126],[-123.1497326,49.2926598],[-123.1498533,49.2928111],[-123.1498707,49.2929135],[-123.1498886,49.2929891],[-123.1498884,49.2930838],[-123.1498962,49.2932597],[-123.1498575,49.2934176],[-123.1498063,49.2937418],[-123.1497372,49.293766]]]}},{"type":"Feature","properties":{"id":"503109503","name":"Woodland","class":"wood","water":null,"source":"OpenStreetMap"},"geometry":{"type":"Polygon","coordinates":[[[-123.1513081,49.2956285],[-123.1512867,49.2956556],[-123.1512151,49.2956684],[-123.1511515,49.2956598],[-123.1510831,49.2955977],[-123.1510895,49.2955686],[-123.151057,49.2955501],[-123.1509943,49.2955681],[-123.1509367,49.2955467],[-123.1509373,49.2955117],[-123.1510158,49.2954767],[-123.1511005,49.295505],[-123.1511555,49.2955562],[-123.1512641,49.2955977],[-123.1513081,49.2956285]]]}},{"type":"Feature","properties":{"id":"503109504","name":"Woodland","class":"wood","water":null,"source":"OpenStreetMap"},"geometry":{"type":"Polygon","coordinates":[[[-123.1514277,49.2956764],[-123.1514438,49.2956222],[-123.1515243,49.2956274],[-123.1515632,49.2956756],[-123.151645,49.2956834],[-123.1516128,49.2956038],[-123.1517268,49.2955479],[-123.1519441,49.2955758],[-123.1520205,49.295596],[-123.1522083,49.2956825],[-123.1523088,49.2957376],[-123.1522378,49.2958225],[-123.1519816,49.2958251],[-123.1516343,49.2957726],[-123.1514438,49.2956974],[-123.1514277,49.2956764]]]}},{"type":"Feature","properties":{"id":"503109505","name":"Woodland","class":"wood","water":null,"source":"OpenStreetMap"},"geometry":{"type":"Polygon","coordinates":[[[-123.1522646,49.2966079],[-123.1521493,49.2965641],[-123.1520017,49.2965432],[-123.1517657,49.2964539],[-123.1514519,49.2962755],[-123.1512132,49.2962161],[-123.150784,49.2960726],[-123.1506231,49.2960184],[-123.1505963,49.2959642],[-123.1507438,49.2959607],[-123.1510335,49.2959309],[-123.1511434,49.2957997],[-123.1512775,49.2957718],[-123.1514626,49.2958067],[-123.1516691,49.2958785],[-123.1519454,49.2959292],[-123.1522244,49.2960411],[-123.1523719,49.2960971],[-123.1525918,49.2962301],[-123.1527152,49.2963665],[-123.1528198,49.2965292],[-123.1528761,49.2966394],[-123.1528466,49.2967006],[-123.1527608,49.296788],[-123.1524953,49.2967933],[-123.152278,49.2967041],[-123.1522646,49.2966079]]]}},{"type":"Feature","properties":{"id":"503109506","name":"Woodland","class":"wood","water":null,"source":"OpenStreetMap"},"geometry":{"type":"Polygon","coordinates":[[[-123.1429198,49.3129386],[-123.1429627,49.3128704],[-123.1430432,49.3128337],[-123.1433194,49.3128442],[-123.1434535,49.3128617],[-123.1434401,49.3129211],[-123.1432631,49.3130033],[-123.143019,49.3130278],[-123.1429198,49.3129386]]]}},{"type":"Feature","properties":{"id":"503109507","name":"Woodland","class":"wood","water":null,"source":"OpenStreetMap"},"geometry":{"type":"Polygon","coordinates":[[[-123.1532114,49.3068758],[-123.1530183,49.3067779],[-123.1530237,49.306631],[-123.1532543,49.3065278],[-123.1533509,49.3065401],[-123.1534099,49.3066083],[-123.1536151,49.3065768],[-123.1536821,49.3066406],[-123.1536929,49.3067036],[-123.1534917,49.3067744],[-123.1534112,49.3067569],[-123.1532946,49.3068933],[-123.1532114,49.3068758]]]}},{"type":"Feature","properties":{"id":"503109508","name":"Woodland","class":"wood","water":null,"source":"OpenStreetMap"},"geometry":{"type":"Polygon","coordinates":[[[-123.1532583,49.3030758],[-123.1533081,49.3036267],[-123.1534629,49.304621],[-123.1535676,49.3057613],[-123.1536486,49.3064631],[-123.153375,49.3064316],[-123.1532731,49.3064071],[-123.1531041,49.30622],[-123.1530263,49.3059857],[-123.1527796,49.3058283],[-123.1526481,49.305809],[-123.1524738,49.3059157],[-123.1523451,49.3062795],[-123.1522029,49.3064019],[-123.1522324,49.306624],[-123.1526307,49.306791],[-123.1527085,49.306847],[-123.1529378,49.3068286],[-123.1529486,49.3069161],[-123.1529432,49.3069414],[-123.1529714,49.3070638],[-123.1531993,49.3070385],[-123.1532516,49.3069746],[-123.1534461,49.3070131],[-123.1535158,49.3071242],[-123.1535065,49.3071976],[-123.1534153,49.3073672],[-123.1532329,49.3078219],[-123.1529512,49.3081997],[-123.1526401,49.3083868],[-123.1520259,49.3086701],[-123.1516048,49.3088747],[-123.1510925,49.3091318],[-123.1504595,49.3093381],[-123.1501242,49.3094728],[-123.1499445,49.3095987],[-123.1498131,49.3097438],[-123.1493893,49.3103314],[-123.1493329,49.3103559],[-123.1493034,49.3102807],[-123.1492632,49.3098522],[-123.1492873,49.3095969],[-123.1493008,49.3094518],[-123.1494697,49.3093224],[-123.1492578,49.3092804],[-123.1491935,49.309144],[-123.1490003,49.3089709],[-123.1487375,49.308824],[-123.148649,49.3087156],[-123.1487026,49.3085792],[-123.1487589,49.3083623],[-123.1488555,49.3082469],[-123.1486463,49.3081315],[-123.1484827,49.3081192],[-123.1483083,49.3080633],[-123.1477558,49.3080808],[-123.1471603,49.3081472],[-123.1468438,49.3080912],[-123.1465944,49.3082224],[-123.1468224,49.3083063],[-123.1469914,49.3082381],[-123.1474608,49.3081874],[-123.1479382,49.3081594],[-123.1484559,49.3081944],[-123.1486195,49.3082486],[-123.1485926,49.3083431],[-123.1485336,49.3085284],[-123.1484505,49.3087645],[-123.1484559,49.308852],[-123.1481715,49.3088922],[-123.1477558,49.3089569],[-123.1477424,49.3091807],[-123.1479892,49.3093486],[-123.1481259,49.3093538],[-123.1484478,49.3093469],[-123.1488904,49.3092926],[-123.1491345,49.3092891],[-123.1491505,49.3093923],[-123.1490862,49.3094273],[-123.1488582,49.3094798],[-123.1486141,49.3095025],[-123.1482064,49.3095584],[-123.1480106,49.3095462],[-123.1477907,49.3095882],[-123.1473374,49.3095742],[-123.1470826,49.3096931],[-123.1471094,49.3097945],[-123.1473052,49.310104],[-123.1474259,49.3102824],[-123.1477424,49.3103961],[-123.1477773,49.3105447],[-123.1477531,49.3107895],[-123.1478658,49.3108],[-123.1479677,49.3107651],[-123.1482453,49.3106846],[-123.1484196,49.3106628],[-123.1484706,49.3105954],[-123.1485792,49.3105806],[-123.1486074,49.3105185],[-123.1486758,49.3104914],[-123.1487053,49.3105465],[-123.1487509,49.3105832],[-123.1488153,49.3105911],[-123.1489145,49.3105858],[-123.1489735,49.3106496],[-123.1488273,49.3107108],[-123.1486905,49.3107642],[-123.1484518,49.3108499],[-123.1480495,49.3110107],[-123.1476525,49.3111681],[-123.1472314,49.3113395],[-123.1467513,49.3114951],[-123.1465341,49.3115423],[-123.1462846,49.3116403],[-123.1456838,49.3118239],[-123.1454209,49.3118973],[-123.1453067,49.3119549],[-123.1451286,49.3120459],[-123.144922,49.3121509],[-123.1446377,49.3123747],[-123.1444392,49.3124586],[-123.1439913,49.3124674],[-123.1435783,49.3123869],[-123.1433503,49.3123677],[-123.1433181,49.3123275],[-123.1431142,49.3123047],[-123.143015,49.3122296],[-123.1429533,49.3120862],[-123.1430472,49.3120197],[-123.1429341,49.3119416],[-123.1428923,49.31171],[-123.142898,49.3116329],[-123.1429345,49.3114986],[-123.1431035,49.3114234],[-123.1431062,49.3113622],[-123.142956,49.3113465],[-123.1428889,49.3113185],[-123.1427924,49.3111559],[-123.1427548,49.311044],[-123.1428755,49.3109128],[-123.1429855,49.3106628],[-123.1432618,49.3105194],[-123.1436614,49.3100595],[-123.1437928,49.3099143],[-123.1439752,49.3098776],[-123.144104,49.3098181],[-123.1440557,49.3097604],[-123.1439484,49.3096625],[-123.144045,49.3094894],[-123.1441952,49.3092306],[-123.1442998,49.3091519],[-123.1443615,49.3090487],[-123.1444688,49.3087916],[-123.144576,49.3084943],[-123.1446941,49.3082757],[-123.1448282,49.3079592],[-123.1448684,49.3078018],[-123.1449462,49.3076567],[-123.1450857,49.3072649],[-123.1452251,49.3068907],[-123.1453163,49.3065042],[-123.1453512,49.3063573],[-123.1454531,49.3062594],[-123.1453914,49.3061632],[-123.1454397,49.3057295],[-123.1454773,49.3054287],[-123.1454612,49.3051698],[-123.1455068,49.3049914],[-123.1455255,49.3047623],[-123.1454478,49.3044353],[-123.145429,49.3041502],[-123.1453083,49.3038494],[-123.1453619,49.3036658],[-123.1453083,49.3036553],[-123.1452546,49.3035381],[-123.1450481,49.3028455],[-123.144855,49.3024677],[-123.1441791,49.3015897],[-123.1437124,49.301079],[-123.1432457,49.3006767],[-123.142677,49.300201],[-123.1419405,49.2997425],[-123.1415784,49.2995186],[-123.1411814,49.2992912],[-123.140664,49.2990584],[-123.1403851,49.2989954],[-123.1402751,49.2989473],[-123.1400511,49.2987663],[-123.1397789,49.2986377],[-123.1395791,49.29858],[-123.1393269,49.2984864],[-123.1390246,49.2984335],[-123.1388852,49.2983857],[-123.1386698,49.2983185],[-123.1386416,49.2982433],[-123.1385665,49.2982241],[-123.1381454,49.298092],[-123.1380502,49.2980387],[-123.1376613,49.297855],[-123.1375392,49.297778],[-123.1373461,49.2976355],[-123.1370524,49.297388],[-123.1369545,49.2972839],[-123.1369626,49.2972542],[-123.1369934,49.2972507],[-123.137047,49.2972682],[-123.1371262,49.2973224],[-123.1372133,49.2974046],[-123.1373703,49.2975498],[-123.1374695,49.2976381],[-123.1376398,49.2977605],[-123.1378396,49.2977824],[-123.1379322,49.2978156],[-123.1380569,49.2978629],[-123.1381025,49.2977693],[-123.1378195,49.2977089],[-123.1377136,49.2976451],[-123.1377967,49.2975891],[-123.1379603,49.2976267],[-123.138246,49.2976775],[-123.1387033,49.2976399],[-123.1388817,49.2976145],[-123.1390171,49.297604],[-123.1394221,49.2974824],[-123.1395938,49.2974842],[-123.1396515,49.297381],[-123.1397909,49.2972594],[-123.1398513,49.2972078],[-123.140027,49.2971326],[-123.1400712,49.2970906],[-123.1402094,49.297067],[-123.1403046,49.2970845],[-123.1405017,49.2970976],[-123.1405889,49.2971256],[-123.1408102,49.2971807],[-123.1409617,49.2972096],[-123.1412192,49.2971623],[-123.1414418,49.2971317],[-123.1415974,49.29706],[-123.141875,49.2968973],[-123.1420507,49.2967871],[-123.1422143,49.2966664],[-123.1424758,49.2965685],[-123.1427534,49.2965291],[-123.1431303,49.29646],[-123.1432671,49.296481],[-123.1434347,49.2965204],[-123.1437794,49.296474],[-123.1438773,49.2965038],[-123.1439967,49.2965816],[-123.1441871,49.2965755],[-123.1443748,49.2965554],[-123.1445599,49.2965431],[-123.1446511,49.2965221],[-123.1447611,49.2964653],[-123.1449354,49.2963691],[-123.1450293,49.2962991],[-123.1451272,49.2962633],[-123.1453364,49.2962344],[-123.145488,49.2962274],[-123.1458071,49.2961933],[-123.1459386,49.2962772],[-123.1461196,49.2963708],[-123.1462014,49.2963874],[-123.1462497,49.2962598],[-123.1460257,49.2961977],[-123.1460096,49.2961347],[-123.1461183,49.2961224],[-123.145893,49.2960603],[-123.145905,49.2960175],[-123.1460311,49.2959222],[-123.1461371,49.2957971],[-123.1462685,49.2957411],[-123.1464978,49.2956983],[-123.1465689,49.2957088],[-123.1467473,49.2956965],[-123.146872,49.295707],[-123.1470182,49.2957009],[-123.1472032,49.2957061],[-123.1473548,49.2957018],[-123.1474299,49.2957262],[-123.1475989,49.2956318],[-123.1478094,49.295679],[-123.1479516,49.2956781],[-123.1481031,49.2956274],[-123.1482024,49.2956764],[-123.148315,49.2956309],[-123.1484344,49.2956362],[-123.1485041,49.2956825],[-123.1485631,49.2957105],[-123.1487281,49.2956965],[-123.1489507,49.2956965],[-123.1490794,49.2956965],[-123.1491946,49.2956655],[-123.1493347,49.2956585],[-123.1493557,49.2957123],[-123.1493061,49.2957682],[-123.1491371,49.2958443],[-123.1489574,49.2958881],[-123.1488984,49.2958671],[-123.1485598,49.2958745],[-123.1482225,49.2958448],[-123.1477799,49.2958465],[-123.1471925,49.2958658],[-123.146758,49.2958833],[-123.1465166,49.2959917],[-123.1466427,49.2960634],[-123.1469967,49.2960162],[-123.147155,49.2959865],[-123.1477934,49.295976],[-123.1483968,49.2959847],[-123.1491479,49.2959427],[-123.1493034,49.2958745],[-123.1495556,49.2958046],[-123.1496816,49.2958186],[-123.1498372,49.2958413],[-123.1499921,49.2959188],[-123.1502581,49.2960284],[-123.1505721,49.2961561],[-123.1507947,49.2962698],[-123.1510388,49.2963083],[-123.1513821,49.2964605],[-123.1517362,49.2966232],[-123.1520554,49.2967631],[-123.152514,49.297022],[-123.1528252,49.2971934],[-123.1529727,49.2972809],[-123.1531175,49.2972581],[-123.1530558,49.2971199],[-123.1531953,49.2971199],[-123.1531712,49.2972249],[-123.1532919,49.2972109],[-123.1534287,49.2973508],[-123.1533804,49.2975188],[-123.1535708,49.2976447],[-123.1538739,49.2977636],[-123.1540885,49.2978423],[-123.1544211,49.2979718],[-123.1546813,49.2979963],[-123.1549763,49.2979735],[-123.1553089,49.2979525],[-123.1554832,49.2979665],[-123.1557541,49.2978528],[-123.1561887,49.2977951],[-123.1565427,49.2977846],[-123.1566795,49.2978161],[-123.1569853,49.2978983],[-123.157165,49.2979875],[-123.1573501,49.2981554],[-123.1573849,49.2982656],[-123.1574386,49.2984003],[-123.1575378,49.2987344],[-123.1576585,49.2990457],[-123.1577336,49.2993483],[-123.157849,49.2998118],[-123.1578597,49.2999028],[-123.1577738,49.3001144],[-123.1576478,49.3002281],[-123.1574171,49.300431],[-123.1572776,49.3005097],[-123.1570899,49.3006514],[-123.1568646,49.3009522],[-123.1567358,49.3011516],[-123.1565508,49.3013003],[-123.1564643,49.3013581],[-123.1563419,49.3014066],[-123.156186,49.3014271],[-123.1560197,49.3014454],[-123.1555664,49.3014787],[-123.1552338,49.3015119],[-123.1548127,49.3015749],[-123.1544184,49.3016746],[-123.1540502,49.3018362],[-123.1537167,49.3020605],[-123.1534666,49.3023984],[-123.1532897,49.3028344],[-123.1532583,49.3030758]]]}},{"type":"Feature","properties":{"id":"503109509","name":"Woodland","class":"wood","water":null,"source":"OpenStreetMap"},"geometry":{"type":"Polygon","coordinates":[[[-123.1453512,49.2961163],[-123.1454088,49.2961023],[-123.1454571,49.2961058],[-123.1456757,49.2960525],[-123.1458353,49.2959257],[-123.1458581,49.2958181],[-123.14596,49.2957953],[-123.1459815,49.2957534],[-123.1460271,49.2957569],[-123.1460418,49.2957997],[-123.1459399,49.2958846],[-123.1458675,49.2959589],[-123.1457723,49.2960691],[-123.1457159,49.2961119],[-123.14561,49.2961504],[-123.1454558,49.2961618],[-123.1453525,49.2961601],[-123.1453512,49.2961163]]]}},{"type":"Feature","properties":{"id":"503109510","name":"Woodland","class":"wood","water":null,"source":"OpenStreetMap"},"geometry":{"type":"Polygon","coordinates":[[[-123.1465783,49.2956344],[-123.146365,49.2956764],[-123.1462537,49.2957079],[-123.1461827,49.2956502],[-123.1462173,49.2956073],[-123.1463577,49.2956029],[-123.1464398,49.2956082],[-123.1465244,49.2955583],[-123.1466768,49.2955636],[-123.1467893,49.295525],[-123.1470564,49.2954832],[-123.1472214,49.2954604],[-123.147214,49.295519],[-123.1471214,49.2955959],[-123.1469672,49.2956248],[-123.1467701,49.2956265],[-123.1465783,49.2956344]]]}},{"type":"Feature","properties":{"id":"503109514","name":"Woodland","class":"wood","water":null,"source":"OpenStreetMap"},"geometry":{"type":"Polygon","coordinates":[[[-123.1448778,49.2958531],[-123.1447785,49.2957061],[-123.1445613,49.2954927],[-123.1444808,49.2953843],[-123.1445344,49.2953878],[-123.1448724,49.2955889],[-123.1456449,49.2957534],[-123.1456476,49.2958426],[-123.1455456,49.2959808],[-123.1452747,49.295972],[-123.1450065,49.2959248],[-123.1448778,49.2958531]]]}},{"type":"Feature","properties":{"id":"503109515","name":"Woodland","class":"wood","water":null,"source":"OpenStreetMap"},"geometry":{"type":"Polygon","coordinates":[[[-123.1423685,49.2941554],[-123.1425751,49.2942114],[-123.1427803,49.2942761],[-123.1429358,49.2943129],[-123.1430243,49.2943452],[-123.1432979,49.2944388],[-123.1434186,49.2945088],[-123.1435353,49.2944685],[-123.1436265,49.2945149],[-123.1437526,49.2946925],[-123.1438236,49.2947992],[-123.1437418,49.2948219],[-123.143574,49.2947773],[-123.1435045,49.2947257],[-123.1433663,49.2946277],[-123.1431813,49.2944589],[-123.1429412,49.2943881],[-123.1426274,49.2943225],[-123.1424919,49.2942403],[-123.1421567,49.2941992],[-123.1421379,49.2941703],[-123.142209,49.2941126],[-123.1423685,49.2941554]]]}},{"type":"Feature","properties":{"id":"503109516","name":"Woodland","class":"wood","water":null,"source":"OpenStreetMap"},"geometry":{"type":"Polygon","coordinates":[[[-123.1447839,49.2935598],[-123.1449,49.2935636],[-123.1449672,49.2936071],[-123.145036,49.2935843],[-123.145122,49.293592],[-123.1451799,49.2936636],[-123.145267,49.2936294],[-123.1453798,49.2936409],[-123.1454455,49.2937481],[-123.1454946,49.2937917],[-123.1454114,49.2938383],[-123.145424,49.2938934],[-123.1454476,49.293922],[-123.1454385,49.2939482],[-123.1453732,49.2939358],[-123.1452613,49.2938397],[-123.1451004,49.2938309],[-123.1450038,49.2937662],[-123.1447972,49.2937339],[-123.1446307,49.2935769],[-123.1447839,49.2935598]]]}},{"type":"Feature","properties":{"id":"503109518","name":"Woodland","class":"wood","water":null,"source":"OpenStreetMap"},"geometry":{"type":"Polygon","coordinates":[[[-123.142394,49.2933481],[-123.1422063,49.2933971],[-123.1420748,49.2935126],[-123.1418951,49.2935143],[-123.1417718,49.2934828],[-123.141635,49.2933761],[-123.1416269,49.2934636],[-123.1414016,49.2935143],[-123.1410985,49.2936805],[-123.1407606,49.2936665],[-123.1407606,49.2936035],[-123.1406855,49.2934863],[-123.140495,49.2933376],[-123.1404923,49.2932467],[-123.1405573,49.293239],[-123.1407445,49.2932169],[-123.140782,49.2932624],[-123.1407847,49.2933674],[-123.1408839,49.2935091],[-123.1410985,49.2935423],[-123.1412112,49.2934636],[-123.1412246,49.2933446],[-123.14123,49.293154],[-123.1414177,49.2931295],[-123.1415143,49.2931575],[-123.1417503,49.2933411],[-123.1418415,49.2932257],[-123.1417101,49.2931837],[-123.1416725,49.2931295],[-123.1416859,49.2930787],[-123.1418764,49.2930577],[-123.1421929,49.2930455],[-123.1424638,49.293084],[-123.1426596,49.2931277],[-123.1427052,49.2931522],[-123.1426059,49.2932239],[-123.1424316,49.2932624],[-123.142394,49.2933481]]]}},{"type":"Feature","properties":{"id":"503109519","name":"Woodland","class":"wood","water":null,"source":"OpenStreetMap"},"geometry":{"type":"Polygon","coordinates":[[[-123.1423511,49.2928461],[-123.142504,49.2928303],[-123.1425737,49.2927831],[-123.1427159,49.2927411],[-123.1428741,49.2927639],[-123.1430324,49.2926607],[-123.1430351,49.2925347],[-123.1431504,49.2924367],[-123.1433033,49.2924262],[-123.1434052,49.2924962],[-123.1434535,49.2925784],[-123.1433757,49.2926449],[-123.1432175,49.2927779],[-123.1428661,49.2929388],[-123.1426167,49.2929528],[-123.1422009,49.2929161],[-123.1421124,49.2928776],[-123.1420936,49.2928356],[-123.1421392,49.2927796],[-123.1423994,49.2925854],[-123.1428661,49.2923143],[-123.1430109,49.2922915],[-123.1430699,49.2923405],[-123.1429895,49.2924595],[-123.1427508,49.2925469],[-123.1424423,49.2927639],[-123.1423431,49.2928216],[-123.1423511,49.2928461]]]}},{"type":"Feature","properties":{"id":"503109520","name":"Woodland","class":"wood","water":null,"source":"OpenStreetMap"},"geometry":{"type":"Polygon","coordinates":[[[-123.1449475,49.2916312],[-123.1446283,49.2918306],[-123.1444955,49.2917912],[-123.1444607,49.2917396],[-123.1443856,49.2917055],[-123.1441911,49.2918472],[-123.1440798,49.2918892],[-123.143943,49.2919137],[-123.1437767,49.2919224],[-123.1437378,49.2920519],[-123.1437029,49.2921192],[-123.1436238,49.2921962],[-123.1435273,49.2922985],[-123.1434843,49.2923029],[-123.1433556,49.2922662],[-123.1431048,49.2921516],[-123.1430941,49.2921184],[-123.1432,49.2920326],[-123.1433704,49.2919653],[-123.1438692,49.2916137],[-123.1444835,49.2912358],[-123.1447276,49.2911518],[-123.1448456,49.2912061],[-123.1452171,49.2913076],[-123.1453016,49.2912857],[-123.1453874,49.2913722],[-123.1449475,49.2916312]]]}},{"type":"Feature","properties":{"id":"526675638","name":"Water","class":"water","water":"pond","source":"OpenStreetMap"},"geometry":{"type":"Polygon","coordinates":[[[-123.1059405,49.279118],[-123.1059848,49.2791646],[-123.1057207,49.2792672],[-123.1056696,49.2792047],[-123.1056255,49.2791511],[-123.1056409,49.2790767],[-123.1057426,49.2790315],[-123.1058227,49.2789923],[-123.1059521,49.2789933],[-123.1060338,49.2790707],[-123.1059405,49.279118]]]}},{"type":"Feature","properties":{"id":"526675639","name":"Water","class":"water","water":"pond","source":"OpenStreetMap"},"geometry":{"type":"Polygon","coordinates":[[[-123.1055218,49.2787533],[-123.1055301,49.2787624],[-123.1055325,49.2787754],[-123.1055267,49.278785],[-123.1055206,49.2787957],[-123.1055206,49.2788081],[-123.1055385,49.2788261],[-123.1055239,49.2788396],[-123.1054743,49.2788356],[-123.1054327,49.2788506],[-123.1054038,49.2788552],[-123.1053789,49.2788525],[-123.1053473,49.2788344],[-123.1053395,49.2788139],[-123.1053556,49.2788103],[-123.1053569,49.2787891],[-123.1053721,49.2787788],[-123.1054215,49.2787712],[-123.105443,49.2787499],[-123.1054673,49.2787382],[-123.1055088,49.2787483],[-123.1055218,49.2787533]]]}},{"type":"Feature","properties":{"id":"543218787","name":"Water","class":"water","water":"pond","source":"OpenStreetMap"},"geometry":{"type":"Polygon","coordinates":[[[-123.1296366,49.2824143],[-123.129635,49.282401],[-123.1296334,49.2823884],[-123.1296355,49.2823741],[-123.1296407,49.2823652],[-123.1296548,49.2823557],[-123.1296679,49.2823546],[-123.1296815,49.2823577],[-123.1296919,49.2823642],[-123.1296904,49.282372],[-123.1296846,49.2823792],[-123.1296841,49.282385],[-123.129694,49.2823918],[-123.1297013,49.2823966],[-123.1296935,49.2824325],[-123.1296854,49.2824359],[-123.1296705,49.2824385],[-123.1296559,49.2824344],[-123.1296454,49.2824303],[-123.1296366,49.2824143]]]}},{"type":"Feature","properties":{"id":"604058389","name":"Beach","class":"beach","water":null,"source":"OpenStreetMap"},"geometry":{"type":"Polygon","coordinates":[[[-123.140418,49.2806075],[-123.140464,49.2805866],[-123.1405968,49.2806241],[-123.1406859,49.2806946],[-123.1407081,49.2809495],[-123.1407872,49.2809678],[-123.1408905,49.2809722],[-123.1410036,49.2809015],[-123.1410165,49.2809075],[-123.1410708,49.2808856],[-123.1410814,49.2808892],[-123.141093,49.2809084],[-123.1410997,49.2809792],[-123.141103,49.2809992],[-123.1410695,49.2810527],[-123.1409018,49.2811227],[-123.1407054,49.2811218],[-123.1406263,49.2811017],[-123.1402443,49.2808454],[-123.1403464,49.2808559],[-123.1403299,49.280754],[-123.1403552,49.2806731],[-123.140418,49.2806075]]]}},{"type":"Feature","properties":{"id":"604058393","name":"Beach","class":"beach","water":null,"source":"OpenStreetMap"},"geometry":{"type":"Polygon","coordinates":[[[-123.1406263,49.2811017],[-123.1407054,49.2811218],[-123.1409018,49.2811227],[-123.1410695,49.2810527],[-123.141103,49.2809992],[-123.1411117,49.2810658],[-123.1411117,49.2811612],[-123.1411032,49.2811718],[-123.1409723,49.2812028],[-123.1408133,49.2812233],[-123.1406263,49.2811017]]]}},{"type":"Feature","properties":{"id":"604313289","name":"Beach","class":"beach","water":null,"source":"OpenStreetMap"},"geometry":{"type":"Polygon","coordinates":[[[-123.1415952,49.2816782],[-123.1415818,49.2816371],[-123.1416188,49.2816333],[-123.1416395,49.2816078],[-123.1416903,49.2815951],[-123.1417213,49.2816743],[-123.1417796,49.281736],[-123.1417186,49.2818003],[-123.141682,49.2817524],[-123.1416549,49.2817382],[-123.141675,49.281802],[-123.141616,49.2817465],[-123.1415878,49.2817097],[-123.1415952,49.2816782]]]}},{"type":"Feature","properties":{"id":"604313292","name":"Beach","class":"beach","water":null,"source":"OpenStreetMap"},"geometry":{"type":"Polygon","coordinates":[[[-123.1435697,49.2840845],[-123.1434359,49.2840429],[-123.1433648,49.2840036],[-123.1432468,49.2839852],[-123.143232,49.2840088],[-123.1432072,49.2840005],[-123.1431757,49.2839773],[-123.1430671,49.2838522],[-123.1427586,49.2835198],[-123.1426406,49.2833527],[-123.1423925,49.2829669],[-123.1422973,49.2827972],[-123.1422114,49.2826764],[-123.1419231,49.2823265],[-123.1417353,49.2820789],[-123.1417541,49.2820588],[-123.1416522,49.2818628],[-123.1415959,49.2817552],[-123.1415778,49.281715],[-123.1415878,49.2817097],[-123.141616,49.2817465],[-123.141675,49.281802],[-123.1416549,49.2817382],[-123.141682,49.2817524],[-123.1417186,49.2818003],[-123.1417796,49.281736],[-123.1418145,49.281764],[-123.14184,49.2818593],[-123.1419687,49.2820649],[-123.142186,49.282309],[-123.1423174,49.2824761],[-123.1424461,49.282596],[-123.1426419,49.282868],[-123.1428605,49.2831226],[-123.1429598,49.2833229],[-123.1431086,49.2835312],[-123.1432199,49.2837035],[-123.1433728,49.2838277],[-123.1435083,49.2839371],[-123.1436826,49.2840385],[-123.143835,49.2841469],[-123.1435697,49.2840845]]]}},{"type":"Feature","properties":{"id":"604313299","name":"Beach","class":"beach","water":null,"source":"OpenStreetMap"},"geometry":{"type":"Polygon","coordinates":[[[-123.1410339,49.2813143],[-123.1410286,49.281292],[-123.1410588,49.2812828],[-123.1410869,49.2812618],[-123.1411392,49.2812154],[-123.141209,49.2811971],[-123.1412613,49.2811767],[-123.1412519,49.2812137],[-123.141274,49.2812872],[-123.1413203,49.2813484],[-123.141392,49.2814062],[-123.141443,49.2814237],[-123.1414336,49.2814487],[-123.1414074,49.2814595],[-123.1413458,49.2814691],[-123.1413431,49.281481],[-123.1410339,49.2813143]]]}},{"type":"Feature","properties":{"id":"648248362","name":"Secret Beach","class":"beach","water":null,"source":"OpenStreetMap"},"geometry":{"type":"Polygon","coordinates":[[[-123.1644651,49.273821],[-123.1646139,49.2736919],[-123.1646448,49.2736083],[-123.1646542,49.2735768],[-123.1646843,49.2735545],[-123.1647588,49.2735458],[-123.1648365,49.2734885],[-123.1649465,49.2733944],[-123.1649827,49.2733633],[-123.165,49.2733554],[-123.165,49.2735648],[-123.1649727,49.2735834],[-123.1647339,49.2737855],[-123.1646937,49.2737829],[-123.1646012,49.2738021],[-123.1644858,49.273908],[-123.164451,49.273915],[-123.16439,49.2738721],[-123.1644651,49.273821]]]}},{"type":"Feature","properties":{"id":"648248364","name":"Beach","class":"beach","water":null,"source":"OpenStreetMap"},"geometry":{"type":"Polygon","coordinates":[[[-123.1617178,49.2740708],[-123.1617989,49.2740861],[-123.1619451,49.2740878],[-123.1619626,49.2740996],[-123.1619243,49.2741285],[-123.1618238,49.2741609],[-123.1617406,49.2741801],[-123.1616025,49.2742208],[-123.1613778,49.2742878],[-123.1611887,49.2743145],[-123.1610902,49.2743324],[-123.1609943,49.2743193],[-123.161111,49.2743149],[-123.1612799,49.2742541],[-123.1614516,49.2741968],[-123.1616293,49.2741176],[-123.161634,49.2741062],[-123.1616957,49.2740716],[-123.1617178,49.2740708]]]}},{"type":"Feature","properties":{"id":"648248368","name":"Beach","class":"beach","water":null,"source":"OpenStreetMap"},"geometry":{"type":"Polygon","coordinates":[[[-123.1456903,49.2782172],[-123.145709,49.2781494],[-123.1457144,49.2781109],[-123.1458053,49.278119],[-123.1458773,49.2781395],[-123.1459554,49.2781621],[-123.1459646,49.278173],[-123.1458815,49.2782449],[-123.1458326,49.2782896],[-123.1457947,49.2783242],[-123.1455064,49.2786026],[-123.1454101,49.2787062],[-123.1452551,49.2788225],[-123.1450303,49.2788948],[-123.1446582,49.2789219],[-123.1449567,49.2788751],[-123.1450827,49.2788524],[-123.1452972,49.2787703],[-123.1454569,49.2785829],[-123.1456742,49.2783187],[-123.1456909,49.278264],[-123.1456903,49.2782172]]]}},{"type":"Feature","properties":{"id":"648248371","name":"Beach","class":"beach","water":null,"source":"OpenStreetMap"},"geometry":{"type":"Polygon","coordinates":[[[-123.1467531,49.2780619],[-123.1468523,49.2781376],[-123.1469482,49.2781957],[-123.1470763,49.2782281],[-123.1473579,49.2782937],[-123.1475792,49.2783405],[-123.1477522,49.2783869],[-123.1479024,49.2785081],[-123.1479306,49.2785702],[-123.1479192,49.2786415],[-123.1478863,49.2786866],[-123.1478924,49.2787959],[-123.1478857,49.2788357],[-123.1478716,49.2788821],[-123.1478649,49.2789092],[-123.1478883,49.2789175],[-123.1478991,49.2789259],[-123.1478615,49.2789692],[-123.147771,49.2790186],[-123.1477281,49.2790282],[-123.1476717,49.2790186],[-123.1476305,49.2790291],[-123.1476067,49.2790289],[-123.1475913,49.2790112],[-123.1476087,49.279002],[-123.1477194,49.2789438],[-123.1477844,49.2788686],[-123.1478032,49.2787421],[-123.1477938,49.2785741],[-123.1477657,49.2785238],[-123.1477339,49.2784892],[-123.1476275,49.2784573],[-123.1475051,49.2784378],[-123.1473478,49.2784071],[-123.1471868,49.2783848],[-123.1470226,49.2783739],[-123.1468157,49.2783388],[-123.1466731,49.2783147],[-123.1465451,49.2782785],[-123.1464011,49.2782206],[-123.1463044,49.2781757],[-123.1462814,49.2781503],[-123.1462836,49.2781253],[-123.1462949,49.278101],[-123.146391,49.2780531],[-123.1464614,49.278075],[-123.1464782,49.2780483],[-123.1465043,49.2780156],[-123.1465939,49.2780164],[-123.1466796,49.2779736],[-123.1467531,49.2780619]]]}},{"type":"Feature","properties":{"id":"648248372","name":"Beach","class":"beach","water":null,"source":"OpenStreetMap"},"geometry":{"type":"Polygon","coordinates":[[[-123.1527069,49.2771235],[-123.1527659,49.2771279],[-123.1529297,49.2771383],[-123.1530099,49.2771989],[-123.1530466,49.277296],[-123.1530376,49.2774821],[-123.1530149,49.2776327],[-123.1529834,49.2777109],[-123.1529245,49.2777636],[-123.1527819,49.2778488],[-123.1526239,49.2779336],[-123.1523593,49.2780433],[-123.1521375,49.2781026],[-123.1520525,49.2781061],[-123.1519599,49.2780812],[-123.1517547,49.2781442],[-123.1515659,49.2781838],[-123.1513278,49.2781931],[-123.1509197,49.2782164],[-123.150742,49.2782006],[-123.1505507,49.2782162],[-123.1502691,49.2782279],[-123.1500328,49.2782153],[-123.1498135,49.2782159],[-123.1494356,49.2783129],[-123.1494732,49.2782296],[-123.1495147,49.2781523],[-123.1495128,49.2780555],[-123.149519,49.2780186],[-123.149723,49.2778777],[-123.1497552,49.2778663],[-123.1498356,49.277862],[-123.1499375,49.2778663],[-123.1499483,49.2778462],[-123.1498329,49.2778208],[-123.1498101,49.2777815],[-123.149851,49.2777539],[-123.1499396,49.2777762],[-123.1500891,49.2778086],[-123.1501991,49.2777876],[-123.1504418,49.2778033],[-123.1505893,49.2777963],[-123.1507516,49.2777613],[-123.1509514,49.2777683],[-123.1509662,49.2777911],[-123.1510668,49.2778033],[-123.1512894,49.2778095],[-123.1513645,49.2777981],[-123.1514986,49.277729],[-123.1516153,49.2776905],[-123.1516863,49.2776581],[-123.1517306,49.2776485],[-123.1517749,49.2776669],[-123.1518191,49.2776765],[-123.1518459,49.2776275],[-123.1518808,49.2776494],[-123.1518982,49.2776476],[-123.1518942,49.2776249],[-123.1519304,49.2776179],[-123.1519599,49.277652],[-123.1519546,49.2776765],[-123.152023,49.2776756],[-123.1520846,49.277624],[-123.1522965,49.2774866],[-123.1524845,49.2773811],[-123.1526063,49.2772497],[-123.1527069,49.2771235]]]}},{"type":"Feature","properties":{"id":"648248373","name":"Beach","class":"beach","water":null,"source":"OpenStreetMap"},"geometry":{"type":"Polygon","coordinates":[[[-123.1569053,49.2737114],[-123.1570811,49.2737492],[-123.1573404,49.273793],[-123.1576264,49.273828],[-123.1578323,49.2738426],[-123.1580427,49.273846],[-123.15823,49.2738456],[-123.1584059,49.2738389],[-123.1585865,49.2738267],[-123.15881,49.273805],[-123.1593296,49.2737265],[-123.1593857,49.273724],[-123.1594863,49.273726],[-123.159485,49.2737485],[-123.1594755,49.2737687],[-123.1594727,49.273789],[-123.1594659,49.2737968],[-123.1595043,49.2738376],[-123.1596136,49.2738984],[-123.1598175,49.2740091],[-123.1598691,49.2740559],[-123.1598677,49.2740848],[-123.1598242,49.2741298],[-123.1598289,49.2741552],[-123.1598242,49.2741998],[-123.1598382,49.2742213],[-123.1594501,49.274112],[-123.1592664,49.2741057],[-123.1590907,49.2741073],[-123.1588844,49.2740614],[-123.1587176,49.274067],[-123.1584609,49.2740851],[-123.158299,49.2740633],[-123.1576269,49.2741382],[-123.1574101,49.2741067],[-123.1570005,49.2738009],[-123.1565215,49.2736958],[-123.1562227,49.2736713],[-123.1559524,49.2737094],[-123.1556171,49.2738459],[-123.1556761,49.2737234],[-123.1557459,49.2736175],[-123.1558247,49.2735547],[-123.155943,49.2735536],[-123.1560647,49.2735568],[-123.1562029,49.2735687],[-123.1563344,49.2735849],[-123.1566118,49.273642],[-123.1569053,49.2737114]]]}},{"type":"Feature","properties":{"id":"685714751","name":"Woodland","class":"wood","water":null,"source":"OpenStreetMap"},"geometry":{"type":"Polygon","coordinates":[[[-123.1509259,49.2954037],[-123.1508891,49.2954387],[-123.1508435,49.2954391],[-123.1507979,49.2954195],[-123.1507503,49.2953788],[-123.1507603,49.2953281],[-123.1507053,49.2952878],[-123.1506416,49.2952284],[-123.1506322,49.2951947],[-123.1506611,49.2951754],[-123.1507114,49.2951851],[-123.1507362,49.2952074],[-123.1507462,49.2952485],[-123.1507871,49.2952791],[-123.1508448,49.2952646],[-123.1509125,49.295297],[-123.1509454,49.2953617],[-123.1509259,49.2954037]]]}},{"type":"Feature","properties":{"id":"715188765","name":"Water","class":"water","water":null,"source":"OpenStreetMap"},"geometry":{"type":"Polygon","coordinates":[[[-123.121907,49.2817461],[-123.1220994,49.2816169],[-123.1221306,49.2816366],[-123.1220343,49.2817013],[-123.1222053,49.2818097],[-123.1221519,49.2818455],[-123.1221091,49.2818742],[-123.121907,49.2817461]]]}},{"type":"Feature","properties":{"id":"717381235","name":"Water","class":"water","water":null,"source":"OpenStreetMap"},"geometry":{"type":"Polygon","coordinates":[[[-123.1303157,49.2820497],[-123.1303006,49.282067],[-123.1302851,49.2820744],[-123.1302672,49.2820674],[-123.130253,49.2820618],[-123.1302934,49.2820322],[-123.130338,49.282013],[-123.130352,49.2820369],[-123.1303157,49.2820497]]]}},{"type":"Feature","properties":{"id":"754362529","name":"Woodland","class":"wood","water":null,"source":"OpenStreetMap"},"geometry":{"type":"Polygon","coordinates":[[[-123.1395909,49.2742519],[-123.1395677,49.2741174],[-123.1395568,49.2739824],[-123.1395847,49.2739504],[-123.1396363,49.2739106],[-123.1401447,49.2738834],[-123.1403795,49.2738651],[-123.1405297,49.2737216],[-123.141211,49.2735974],[-123.1413773,49.2735274],[-123.1418279,49.2730811],[-123.1420505,49.2726769],[-123.1420612,49.2723164],[-123.142013,49.2720854],[-123.1418118,49.2717161],[-123.1419762,49.271693],[-123.1423134,49.2722971],[-123.1422865,49.2727539],[-123.1420666,49.2732246],[-123.141793,49.2734556],[-123.141506,49.2736551],[-123.1409749,49.2738319],[-123.1406236,49.2739789],[-123.1400764,49.2741941],[-123.1397975,49.2742536],[-123.1395909,49.2742519]]]}},{"type":"Feature","properties":{"id":"755273130","name":"Woodland","class":"wood","water":null,"source":"OpenStreetMap"},"geometry":{"type":"Polygon","coordinates":[[[-123.1444297,49.2938376],[-123.1443332,49.2938359],[-123.1442286,49.2938009],[-123.1441374,49.2937362],[-123.1441857,49.293675],[-123.1442232,49.29364],[-123.1441937,49.293584],[-123.1441481,49.2935228],[-123.1442018,49.2934668],[-123.1442581,49.2934266],[-123.1443037,49.2933688],[-123.1443654,49.2932971],[-123.1444673,49.2932726],[-123.1445317,49.2932866],[-123.1445236,49.2933566],[-123.1444217,49.2934038],[-123.1443278,49.2934668],[-123.1443064,49.2935718],[-123.1443841,49.293654],[-123.1444968,49.2937309],[-123.1446175,49.2938219],[-123.1445156,49.2938604],[-123.1444297,49.2938376]]]}},{"type":"Feature","properties":{"id":"762985501","name":"Woodland","class":"wood","water":null,"source":"OpenStreetMap"},"geometry":{"type":"Polygon","coordinates":[[[-123.1433376,49.2752319],[-123.1428659,49.2754665],[-123.1424783,49.275583],[-123.1422765,49.2752883],[-123.1421077,49.2752704],[-123.1421308,49.2749789],[-123.1420769,49.2748422],[-123.1419722,49.2748231],[-123.1417811,49.2748352],[-123.141473,49.2748884],[-123.1410446,49.2742996],[-123.1417181,49.2741161],[-123.1434404,49.2740894],[-123.1435011,49.2742417],[-123.1432909,49.2742935],[-123.143828,49.2750339],[-123.1433376,49.2752319]]]}},{"type":"Feature","properties":{"id":"780348580","name":"Woodland","class":"wood","water":null,"source":"OpenStreetMap"},"geometry":{"type":"Polygon","coordinates":[[[-123.119778,49.2980985],[-123.1196868,49.2981649],[-123.1195714,49.2981894],[-123.1194588,49.2981667],[-123.1193622,49.2981107],[-123.1192707,49.2980627],[-123.1193738,49.2980568],[-123.1195437,49.2980222],[-123.1197295,49.2979968],[-123.1198431,49.2980069],[-123.119778,49.2980985]]]}},{"type":"Feature","properties":{"id":"796747515","name":"Water","class":"water","water":"pond","source":"OpenStreetMap"},"geometry":{"type":"Polygon","coordinates":[[[-123.1031813,49.2707085],[-123.1032131,49.2707146],[-123.1032106,49.2707202],[-123.1032324,49.2707245],[-123.1032352,49.2707175],[-123.1032513,49.2707205],[-123.1032483,49.2707272],[-123.1032581,49.2707292],[-123.1032537,49.2707394],[-123.1032965,49.2707473],[-123.1032944,49.270752],[-123.1033277,49.270758],[-123.1033252,49.2707639],[-123.1033523,49.270769],[-123.1033477,49.2707789],[-123.1034282,49.2707937],[-123.1032894,49.2708121],[-123.1032646,49.2708135],[-123.1032187,49.270808],[-123.1031921,49.2708139],[-123.103168,49.2708172],[-123.103138,49.2708172],[-123.1031813,49.2707085]]]}},{"type":"Feature","properties":{"id":"802327416","name":"Beach","class":"beach","water":null,"source":"OpenStreetMap"},"geometry":{"type":"Polygon","coordinates":[[[-123.1298129,49.3147264],[-123.1293879,49.3144929],[-123.12921,49.3144413],[-123.1289307,49.3142457],[-123.1288994,49.3140561],[-123.1288717,49.3138888],[-123.1295834,49.3142778],[-123.130949,49.315],[-123.1303936,49.315],[-123.1298129,49.3147264]]]}},{"type":"Feature","properties":{"id":"827789223","name":"Woodland","class":"wood","water":null,"source":"OpenStreetMap"},"geometry":{"type":"Polygon","coordinates":[[[-123.1256086,49.2679314],[-123.1255388,49.2678413],[-123.1255429,49.2678212],[-123.1255831,49.2678186],[-123.125807,49.2679384],[-123.125917,49.2679848],[-123.1259331,49.2680251],[-123.1260136,49.268019],[-123.1260096,49.2679988],[-123.1260364,49.2679962],[-123.1262241,49.2680443],[-123.1263059,49.2680697],[-123.1263247,49.2680977],[-123.126314,49.2681047],[-123.1261705,49.2681047],[-123.1260189,49.2681021],[-123.1258674,49.2680758],[-123.1258044,49.2680548],[-123.1257842,49.2680251],[-123.1256998,49.2679953],[-123.1256086,49.2679314]]]}},{"type":"Feature","properties":{"id":"920548714","name":"Water","class":"water","water":null,"source":"OpenStreetMap"},"geometry":{"type":"Polygon","coordinates":[[[-123.1093607,49.2798815],[-123.1093186,49.2799087],[-123.1090962,49.2799108],[-123.1090978,49.279884],[-123.1093607,49.2798815]]]}},{"type":"Feature","properties":{"id":"920548715","name":"Water","class":"water","water":null,"source":"OpenStreetMap"},"geometry":{"type":"Polygon","coordinates":[[[-123.1094002,49.2796725],[-123.1094897,49.2797396],[-123.1094881,49.2797793],[-123.1092232,49.2797826],[-123.1094002,49.2796725]]]}},{"type":"Feature","properties":{"id":"923181471","name":"Woodland","class":"wood","water":null,"source":"OpenStreetMap"},"geometry":{"type":"Polygon","coordinates":[[[-123.1416268,49.3139043],[-123.141393,49.3138288],[-123.1412758,49.3135717],[-123.1411145,49.3133424],[-123.1409561,49.3131545],[-123.1413293,49.3126978],[-123.1416487,49.3123306],[-123.1418999,49.3126311],[-123.1421266,49.3126946],[-123.1424119,49.3128775],[-123.1425875,49.3129045],[-123.1424631,49.3130189],[-123.1424753,49.3132367],[-123.1423729,49.3133845],[-123.1419486,49.3137263],[-123.1419023,49.3137963],[-123.1416268,49.3139043]]]}},{"type":"Feature","properties":{"id":"923181472","name":"Woodland","class":"wood","water":null,"source":"OpenStreetMap"},"geometry":{"type":"Polygon","coordinates":[[[-123.1419748,49.3124937],[-123.1419233,49.3122903],[-123.1421679,49.3119547],[-123.1423416,49.3116065],[-123.1425572,49.3114995],[-123.142599,49.3117386],[-123.1426312,49.3120553],[-123.142673,49.3123217],[-123.14248,49.3124329],[-123.1423062,49.3125755],[-123.1419748,49.3124937]]]}},{"type":"Feature","properties":{"id":"992264870","name":"Woodland","class":"wood","water":null,"source":"OpenStreetMap"},"geometry":{"type":"Polygon","coordinates":[[[-123.1031479,49.2744541],[-123.1031741,49.2744412],[-123.1031996,49.2744271],[-123.1032209,49.2744061],[-123.1032225,49.2743821],[-123.1032082,49.2743615],[-123.1031551,49.2743442],[-123.1030878,49.274328],[-123.1030967,49.2743054],[-123.1031471,49.2743119],[-123.1032152,49.274335],[-123.1032501,49.2743543],[-123.1032576,49.2743812],[-123.103241,49.2744341],[-123.1032088,49.2744547],[-123.1031568,49.2744712],[-123.1031138,49.2744685],[-123.1031479,49.2744541]]]}},{"type":"Feature","properties":{"id":"1006245164","name":"Water","class":"water","water":"pond","source":"OpenStreetMap"},"geometry":{"type":"Polygon","coordinates":[[[-123.1290345,49.3149695],[-123.1290291,49.3148838],[-123.1289835,49.3148576],[-123.1290372,49.3148157],[-123.1290881,49.3147894],[-123.1290989,49.3147422],[-123.1291713,49.31473],[-123.1291766,49.314688],[-123.1292743,49.3146763],[-123.1294056,49.3146361],[-123.1294824,49.3146373],[-123.129529,49.3146655],[-123.1296454,49.3147846],[-123.1298368,49.3148784],[-123.1299425,49.315],[-123.1289926,49.315],[-123.1290345,49.3149695]]]}},{"type":"Feature","properties":{"id":"1044083208","name":"Water","class":"water","water":null,"source":"OpenStreetMap"},"geometry":{"type":"Polygon","coordinates":[[[-123.1078814,49.269868],[-123.1078849,49.2699016],[-123.1078344,49.2699012],[-123.1078433,49.2698669],[-123.1078521,49.2698366],[-123.1078741,49.2698376],[-123.1078814,49.269868]]]}},{"type":"Feature","properties":{"id":"1070061174","name":"Beach","class":"beach","water":null,"source":"OpenStreetMap"},"geometry":{"type":"Polygon","coordinates":[[[-123.1473243,49.2899399],[-123.1473781,49.2900518],[-123.1473372,49.2901707],[-123.1472842,49.2902949],[-123.1472271,49.2902939],[-123.1471709,49.2902852],[-123.1471224,49.290236],[-123.1470323,49.2902107],[-123.1469961,49.2902068],[-123.1469462,49.2902358],[-123.1468944,49.2902189],[-123.1468122,49.2901544],[-123.1468365,49.2901119],[-123.1468854,49.2900922],[-123.1470054,49.2900208],[-123.1471406,49.2899455],[-123.1472849,49.2898252],[-123.1473243,49.2899399]]]}},{"type":"Feature","properties":{"id":"1070091596","name":"Water","class":"water","water":"reflecting_pool","source":"OpenStreetMap"},"geometry":{"type":"Polygon","coordinates":[[[-123.1175106,49.2893984],[-123.1175992,49.28926],[-123.1178123,49.289318],[-123.1177237,49.2894564],[-123.1175106,49.2893984]]]}},{"type":"Feature","properties":{"id":"1086847392","name":"Water","class":"water","water":null,"source":"OpenStreetMap"},"geometry":{"type":"Polygon","coordinates":[[[-123.1284914,49.2920276],[-123.1284939,49.2920128],[-123.1285016,49.2919985],[-123.1285152,49.2919887],[-123.1285042,49.2919815],[-123.1285149,49.2919755],[-123.1285315,49.291971],[-123.1285488,49.2919685],[-123.1285713,49.291969],[-123.1285891,49.2919722],[-123.1286046,49.2919785],[-123.1286191,49.2919871],[-123.1286298,49.2919958],[-123.1286346,49.292006],[-123.1286349,49.2920211],[-123.1286301,49.292036],[-123.1286148,49.2920517],[-123.1285997,49.2920598],[-123.1285834,49.2920641],[-123.1285625,49.2920665],[-123.1285621,49.2920591],[-123.1285532,49.2920531],[-123.1285311,49.2920505],[-123.1285113,49.2920371],[-123.1284914,49.2920276]]]}},{"type":"Feature","properties":{"id":"1086851941","name":"Water","class":"water","water":null,"source":"OpenStreetMap"},"geometry":{"type":"Polygon","coordinates":[[[-123.1321936,49.2927506],[-123.1322033,49.2928079],[-123.1322353,49.2928409],[-123.1323178,49.2928738],[-123.1320135,49.2932514],[-123.1319978,49.2932709],[-123.1319797,49.2932934],[-123.1320064,49.2933026],[-123.1320215,49.2932911],[-123.1320658,49.2933183],[-123.1319993,49.2933651],[-123.1320277,49.293386],[-123.1320144,49.2933917],[-123.1315397,49.2930816],[-123.1316,49.2930474],[-123.1317686,49.2931504],[-123.1318511,49.2930937],[-123.1318289,49.2930781],[-123.1318555,49.2930399],[-123.1319318,49.2931001],[-123.13197,49.2930845],[-123.1319072,49.2930405],[-123.1319296,49.2929673],[-123.1319833,49.293],[-123.1320223,49.2929826],[-123.1319386,49.292928],[-123.131962,49.2928559],[-123.1320348,49.2928941],[-123.1320694,49.2928802],[-123.1319815,49.29282],[-123.1320037,49.2927512],[-123.1320401,49.2927732],[-123.1321412,49.2927159],[-123.1321936,49.2927506]]]}},{"type":"Feature","properties":{"id":"1086851968","name":"Water","class":"water","water":null,"source":"OpenStreetMap"},"geometry":{"type":"Polygon","coordinates":[[[-123.1311895,49.2913538],[-123.131152,49.2913272],[-123.1311087,49.291355],[-123.1309728,49.2912669],[-123.1310103,49.2912453],[-123.1310414,49.2912567],[-123.131075,49.291234],[-123.1311048,49.2912517],[-123.1311352,49.2912365],[-123.1311876,49.291269],[-123.1311895,49.2913538]]]}},{"type":"Feature","properties":{"id":"1086851969","name":"Water","class":"water","water":null,"source":"OpenStreetMap"},"geometry":{"type":"Polygon","coordinates":[[[-123.1312426,49.2913854],[-123.1312406,49.2913014],[-123.1314107,49.2914124],[-123.1313635,49.2914128],[-123.1313253,49.2914364],[-123.1312426,49.2913854]]]}},{"type":"Feature","properties":{"id":"1086851977","name":"Water","class":"water","water":null,"source":"OpenStreetMap"},"geometry":{"type":"Polygon","coordinates":[[[-123.128529,49.291376],[-123.1282257,49.2911786],[-123.1283233,49.2911309],[-123.128322,49.2911575],[-123.1283518,49.2911832],[-123.1283913,49.2911908],[-123.1284094,49.2912157],[-123.1284766,49.2912216],[-123.1286176,49.2913169],[-123.128529,49.291376]]]}},{"type":"Feature","properties":{"id":"1086867503","name":"Water","class":"water","water":null,"source":"OpenStreetMap"},"geometry":{"type":"Polygon","coordinates":[[[-123.1335075,49.3013928],[-123.1334958,49.3014],[-123.1334616,49.3013945],[-123.1334454,49.3013793],[-123.1333891,49.3013755],[-123.1333814,49.3013287],[-123.1334473,49.3013295],[-123.1334506,49.301346],[-123.1334978,49.301354],[-123.1335217,49.3013704],[-123.1335515,49.3013654],[-123.1335489,49.3013898],[-123.1335075,49.3013928]]]}},{"type":"Feature","properties":{"id":"1086867504","name":"Water","class":"water","water":null,"source":"OpenStreetMap"},"geometry":{"type":"Polygon","coordinates":[[[-123.1319059,49.2999251],[-123.1318594,49.2999275],[-123.1318376,49.2998922],[-123.1318443,49.2998516],[-123.1318579,49.2997907],[-123.1318817,49.2997515],[-123.1319012,49.2997496],[-123.1319256,49.2997473],[-123.1319635,49.2997512],[-123.1320112,49.2998327],[-123.1319748,49.299894],[-123.1319059,49.2999251]]]}},{"type":"Feature","properties":{"id":"1088869438","name":"Beach","class":"beach","water":null,"source":"OpenStreetMap"},"geometry":{"type":"Polygon","coordinates":[[[-123.1307446,49.3035162],[-123.1308144,49.3035209],[-123.130891,49.303514],[-123.1309282,49.3035575],[-123.1309559,49.3035474],[-123.1310447,49.3036795],[-123.1311745,49.3038442],[-123.1312232,49.3039044],[-123.1313246,49.3040239],[-123.1314226,49.3041475],[-123.1312343,49.304093],[-123.1310989,49.3040999],[-123.130945,49.3039655],[-123.1307806,49.3038316],[-123.1305294,49.303623],[-123.1303436,49.3034826],[-123.1301414,49.3033552],[-123.1302763,49.3034078],[-123.1304136,49.303455],[-123.1305219,49.30348],[-123.1306326,49.3035018],[-123.1307446,49.3035162]]]}},{"type":"Feature","properties":{"id":"1097603328","name":"Water","class":"water","water":"pond","source":"OpenStreetMap"},"geometry":{"type":"Polygon","coordinates":[[[-123.1224925,49.2864522],[-123.1224692,49.286452],[-123.1224469,49.286438],[-123.1224085,49.2864373],[-123.1223907,49.2864443],[-123.1223115,49.2864441],[-123.1223024,49.2864405],[-123.1223005,49.2864222],[-123.1223682,49.2863762],[-123.1223821,49.286376],[-123.1223805,49.2863897],[-123.1224031,49.2863895],[-123.1224606,49.2863508],[-123.1224791,49.2863216],[-123.1224779,49.2862991],[-123.1225222,49.2862728],[-123.1225623,49.2862989],[-123.1225601,49.2863715],[-123.1225312,49.2863944],[-123.1225323,49.2864271],[-123.1224925,49.2864522]]]}},{"type":"Feature","properties":{"id":"1153333778","name":"Woodland","class":"wood","water":null,"source":"OpenStreetMap"},"geometry":{"type":"Polygon","coordinates":[[[-123.1309773,49.2685574],[-123.130967,49.2685178],[-123.1308901,49.2684704],[-123.1308559,49.2684905],[-123.1308141,49.2685101],[-123.1307749,49.2685101],[-123.1307385,49.2685004],[-123.1307168,49.268486],[-123.1307055,49.2684615],[-123.1307121,49.2684392],[-123.1307288,49.26842],[-123.1307618,49.2684098],[-123.1308316,49.2684111],[-123.1308952,49.2684202],[-123.1309763,49.2684415],[-123.1310821,49.2684804],[-123.131164,49.2685139],[-123.1312431,49.268547],[-123.131342,49.2686133],[-123.1314045,49.2686556],[-123.1314774,49.2686571],[-123.1315344,49.2686832],[-123.1315868,49.2687495],[-123.1315732,49.268793],[-123.1314925,49.2688171],[-123.1313703,49.2688487],[-123.1312847,49.26891],[-123.1312017,49.2689319],[-123.1310963,49.2689694],[-123.1310596,49.2690024],[-123.1310521,49.2690551],[-123.1310968,49.2690773],[-123.1311474,49.2690621],[-123.1311963,49.269086],[-123.1312373,49.2691141],[-123.1313043,49.2690996],[-123.1313735,49.2691197],[-123.1314624,49.2691277],[-123.1315475,49.2690912],[-123.1316002,49.269076],[-123.1316459,49.2691148],[-123.13168,49.2691423],[-123.1316997,49.2691187],[-123.1316518,49.2690603],[-123.1316326,49.2689902],[-123.1316246,49.2689322],[-123.1316199,49.26886],[-123.1316486,49.2688204],[-123.131688,49.2688069],[-123.1317225,49.2687854],[-123.13173,49.2687316],[-123.1317279,49.2686809],[-123.1317295,49.2686458],[-123.1317279,49.2686246],[-123.1317465,49.2685979],[-123.1317986,49.2685913],[-123.131887,49.2686014],[-123.1319396,49.2685958],[-123.1319992,49.2686073],[-123.1320359,49.2686597],[-123.1320125,49.2687489],[-123.1319694,49.2688614],[-123.1319295,49.2689583],[-123.1319231,49.2690145],[-123.131963,49.269051],[-123.1319838,49.269127],[-123.1319976,49.269195],[-123.1319822,49.2692353],[-123.1319444,49.2692478],[-123.1318731,49.2692325],[-123.1318385,49.2691905],[-123.1317986,49.2692051],[-123.1317529,49.2692048],[-123.1316709,49.2692103],[-123.1316204,49.2692214],[-123.131539,49.2692391],[-123.1314842,49.2692308],[-123.1313916,49.2692183],[-123.1312894,49.26921],[-123.1311793,49.2691867],[-123.1310814,49.2691565],[-123.1309117,49.2691575],[-123.1308154,49.2691492],[-123.1307867,49.2691225],[-123.1308308,49.2690426],[-123.1309223,49.2690079],[-123.1309218,49.2689659],[-123.1308915,49.2689107],[-123.1308755,49.2688604],[-123.13085,49.2688305],[-123.1308133,49.2687951],[-123.1308101,49.2687413],[-123.1308175,49.268668],[-123.1308484,49.2686333],[-123.1308755,49.2686288],[-123.1309234,49.2686462],[-123.1309601,49.2686826],[-123.1309718,49.2687413],[-123.1309968,49.2688034],[-123.1310032,49.2688558],[-123.1310266,49.2688729],[-123.1311665,49.2688159],[-123.131249,49.2687722],[-123.1312953,49.2687361],[-123.1312816,49.2687169],[-123.1309773,49.2685574]]]}},{"type":"Feature","properties":{"id":"1170395077","name":"Water","class":"water","water":"pond","source":"OpenStreetMap"},"geometry":{"type":"Polygon","coordinates":[[[-123.1312226,49.2985746],[-123.1311994,49.2985891],[-123.1311766,49.2985857],[-123.1311641,49.2985708],[-123.1311277,49.2985647],[-123.1310872,49.2985437],[-123.1310727,49.2984936],[-123.1310882,49.2984414],[-123.1311527,49.2984055],[-123.1312389,49.2983736],[-123.131294,49.2983621],[-123.1312794,49.2983872],[-123.1312805,49.2984183],[-123.131293,49.298438],[-123.1313137,49.2984617],[-123.1312226,49.2985746]]]}},{"type":"Feature","properties":{"id":"1171722580","name":"Water","class":"water","water":"wastewater","source":"OpenStreetMap"},"geometry":{"type":"Polygon","coordinates":[[[-123.1158324,49.3120412],[-123.1155905,49.3120465],[-123.1155244,49.3120304],[-123.1154782,49.311983],[-123.1155137,49.3113668],[-123.1155352,49.311334],[-123.1155798,49.3113205],[-123.1158753,49.311327],[-123.115929,49.3113705],[-123.1159405,49.3114491],[-123.115905,49.3120159],[-123.1158324,49.3120412]]]}},{"type":"Feature","properties":{"id":"1171722581","name":"Water","class":"water","water":"wastewater","source":"OpenStreetMap"},"geometry":{"type":"Polygon","coordinates":[[[-123.1159723,49.311193],[-123.1159541,49.311164],[-123.1159025,49.3111779],[-123.1157894,49.3111418],[-123.1157446,49.3110656],[-123.1160034,49.310996],[-123.1161064,49.3111572],[-123.1159723,49.311193]]]}},{"type":"Feature","properties":{"id":"1171722582","name":"Water","class":"water","water":"wastewater","source":"OpenStreetMap"},"geometry":{"type":"Polygon","coordinates":[[[-123.1157446,49.3110656],[-123.1157052,49.3109986],[-123.1158101,49.3108743],[-123.1159098,49.310848],[-123.1160034,49.310996],[-123.1157446,49.3110656]]]}},{"type":"Feature","properties":{"id":"1171722583","name":"Water","class":"water","water":"wastewater","source":"OpenStreetMap"},"geometry":{"type":"Polygon","coordinates":[[[-123.1163979,49.3118119],[-123.1163838,49.3120073],[-123.1163549,49.3120282],[-123.1163128,49.3120428],[-123.11608,49.3120395],[-123.1160173,49.3120261],[-123.1159942,49.3119981],[-123.1159942,49.3113905],[-123.1160239,49.3113442],[-123.1160743,49.3113205],[-123.1161395,49.3113157],[-123.1161832,49.3113313],[-123.116208,49.3113566],[-123.1163979,49.3118119]]]}},{"type":"Feature","properties":{"id":"1171722584","name":"Water","class":"water","water":"wastewater","source":"OpenStreetMap"},"geometry":{"type":"Polygon","coordinates":[[[-123.1156029,49.3126343],[-123.1155583,49.312596],[-123.1155616,49.3123323],[-123.1156161,49.3123054],[-123.115976,49.3123038],[-123.1160272,49.3123377],[-123.1160346,49.3125858],[-123.1159925,49.312623],[-123.1156029,49.3126343]]]}},{"type":"Feature","properties":{"id":"1172212068","name":"Water","class":"water","water":"wastewater","source":"OpenStreetMap"},"geometry":{"type":"Polygon","coordinates":[[[-123.1236368,49.3148467],[-123.1235356,49.314841],[-123.1230798,49.3146518],[-123.1230051,49.3145735],[-123.1229963,49.3145362],[-123.1230388,49.3144579],[-123.1231473,49.3143967],[-123.1232455,49.3143805],[-123.1233041,49.3143814],[-123.1233583,49.3144072],[-123.1237335,49.3146442],[-123.1237789,49.3147025],[-123.1237643,49.3147703],[-123.1237159,49.3148219],[-123.1236368,49.3148467]]]}},{"type":"Feature","properties":{"id":"1217213943","name":"Woodland","class":"wood","water":null,"source":"OpenStreetMap"},"geometry":{"type":"Polygon","coordinates":[[[-123.1444543,49.2949535],[-123.1442373,49.2947401],[-123.1428949,49.2941871],[-123.1430812,49.29395],[-123.1436394,49.294197],[-123.1443122,49.2946269],[-123.1447331,49.2948903],[-123.1451101,49.2951462],[-123.1455081,49.2954182],[-123.1455528,49.2955064],[-123.1454188,49.295519],[-123.1451542,49.2954354],[-123.1446823,49.2951722],[-123.1444543,49.2949535]]]}},{"type":"Feature","properties":{"id":"1217213944","name":"Woodland","class":"wood","water":null,"source":"OpenStreetMap"},"geometry":{"type":"Polygon","coordinates":[[[-123.1420648,49.2939476],[-123.1419658,49.2938006],[-123.1420116,49.2937464],[-123.1422153,49.2937138],[-123.1424036,49.2937051],[-123.1428318,49.2938479],[-123.1428348,49.2939371],[-123.1427328,49.2940753],[-123.1424618,49.2940665],[-123.1421938,49.2940193],[-123.1420648,49.2939476]]]}},{"type":"Feature","properties":{"id":"1220585435","name":"Water","class":"water","water":null,"source":"OpenStreetMap"},"geometry":{"type":"Polygon","coordinates":[[[-123.1260208,49.2808196],[-123.1260646,49.2807897],[-123.1261089,49.2808173],[-123.1260651,49.2808472],[-123.1260208,49.2808196]]]}},{"type":"Feature","properties":{"id":"1260765624","name":"Woodland","class":"wood","water":null,"source":"OpenStreetMap"},"geometry":{"type":"Polygon","coordinates":[[[-123.1464132,49.2954765],[-123.1462244,49.2955553],[-123.1461124,49.2955868],[-123.1460414,49.2955291],[-123.1461115,49.2955089],[-123.1462171,49.2954818],[-123.1462992,49.295487],[-123.1463838,49.2954371],[-123.1465227,49.295397],[-123.1466486,49.2954039],[-123.1468809,49.2953917],[-123.1471887,49.2953891],[-123.1470796,49.2954188],[-123.1467835,49.2954424],[-123.1466294,49.2954879],[-123.1464132,49.2954765]]]}},{"type":"Feature","properties":{"id":"1285207061","name":"Beach","class":"beach","water":null,"source":"OpenStreetMap"},"geometry":{"type":"Polygon","coordinates":[[[-123.1226125,49.2711488],[-123.122689,49.2711661],[-123.1227985,49.271226],[-123.1234692,49.2716663],[-123.1235288,49.2716931],[-123.1236045,49.2717041],[-123.1246295,49.2717151],[-123.1247189,49.2717104],[-123.1247889,49.2716736],[-123.1248292,49.2716742],[-123.1249999,49.2715686],[-123.1256636,49.2710557],[-123.1256796,49.2710323],[-123.1256787,49.271004],[-123.1254335,49.2708582],[-123.1254165,49.2708348],[-123.125409,49.270801],[-123.1254222,49.2707542],[-123.1254787,49.2706736],[-123.1256042,49.2705807],[-123.1256853,49.2705512],[-123.1258654,49.2705173],[-123.1261898,49.2705099],[-123.1267245,49.2705087],[-123.1268745,49.2704909],[-123.1269735,49.2704736],[-123.1272715,49.2705038],[-123.1275186,49.270585],[-123.1276657,49.2706988],[-123.1277251,49.2707395],[-123.1277638,49.2707438],[-123.1277968,49.270737],[-123.127827,49.2707228],[-123.1279071,49.270761],[-123.1280505,49.2708711],[-123.1281448,49.2710034],[-123.1282523,49.2711542],[-123.1291508,49.2717405],[-123.1291959,49.2717438],[-123.1296034,49.2714816],[-123.1296305,49.2714836],[-123.1296663,49.271494],[-123.1296829,49.2714901],[-123.1297101,49.2714678],[-123.1297927,49.2714375],[-123.1298399,49.2714292],[-123.1299154,49.2714261],[-123.1299751,49.2714343],[-123.1300464,49.2714611],[-123.1300928,49.2714884],[-123.1301303,49.2715246],[-123.1301565,49.271566],[-123.1301715,49.2716056],[-123.1301751,49.2716451],[-123.130129,49.2717244],[-123.1301081,49.2717509],[-123.1301133,49.2717654],[-123.1309638,49.2723115],[-123.1309751,49.2723303],[-123.1309747,49.272351],[-123.1309635,49.2723686],[-123.1307388,49.2725281],[-123.1308827,49.2726254],[-123.1309046,49.2726164],[-123.1309152,49.272695],[-123.1306139,49.2724986],[-123.1308731,49.2723264],[-123.1299909,49.2717606],[-123.130049,49.2717245],[-123.1300768,49.2716989],[-123.1300961,49.2716747],[-123.1301094,49.2716496],[-123.1301161,49.2716187],[-123.1301156,49.2715884],[-123.1301031,49.2715579],[-123.1300811,49.2715315],[-123.1300566,49.2715104],[-123.1300236,49.2714906],[-123.1299851,49.2714733],[-123.1299361,49.2714614],[-123.1298904,49.2714579],[-123.1298422,49.2714587],[-123.1297951,49.2714664],[-123.1297509,49.2714792],[-123.1297119,49.2715001],[-123.1296767,49.2715236],[-123.1292307,49.2718223],[-123.1292141,49.2718341],[-123.1277794,49.2709159],[-123.1277538,49.2709153],[-123.1276102,49.2709119],[-123.1273332,49.2707334],[-123.1272601,49.2706906],[-123.1271917,49.2706687],[-123.1271166,49.2706529],[-123.1270389,49.270649],[-123.126468,49.2706418],[-123.1263254,49.2706217],[-123.1260043,49.2706172],[-123.1258641,49.2706252],[-123.1257568,49.2706445],[-123.125709,49.2706761],[-123.1255174,49.2707978],[-123.1258654,49.2710257],[-123.1247538,49.2718786],[-123.1247063,49.2719257],[-123.1246891,49.2719367],[-123.1246645,49.2719416],[-123.1246416,49.2719411],[-123.1246188,49.2719346],[-123.124414,49.2718101],[-123.1237628,49.2718119],[-123.1236902,49.2718618],[-123.1236703,49.27187],[-123.1236497,49.2718745],[-123.1236302,49.2718758],[-123.1236095,49.2718737],[-123.1235864,49.271868],[-123.1235611,49.2718571],[-123.1226171,49.2712377],[-123.1226413,49.2712215],[-123.1225532,49.2711667],[-123.1226125,49.2711488]]]}},{"type":"Feature","properties":{"id":"1285207066","name":"Beach","class":"beach","water":null,"source":"OpenStreetMap"},"geometry":{"type":"Polygon","coordinates":[[[-123.1217148,49.2709811],[-123.1216936,49.2709944],[-123.1215775,49.2710308],[-123.1214372,49.2710851],[-123.1213643,49.2711115],[-123.1212901,49.2711048],[-123.1211581,49.2710438],[-123.1210997,49.2710268],[-123.1210206,49.2710039],[-123.1209908,49.2709831],[-123.1211677,49.2709456],[-123.1215012,49.2709424],[-123.1217541,49.2709577],[-123.1217148,49.2709811]]]}},{"type":"Feature","properties":{"id":"1285742293","name":"Beach","class":"beach","water":null,"source":"OpenStreetMap"},"geometry":{"type":"Polygon","coordinates":[[[-123.1078034,49.2756887],[-123.107763,49.2756868],[-123.1076869,49.2757079],[-123.1075953,49.2757523],[-123.1074619,49.2757954],[-123.1072091,49.2758231],[-123.1069785,49.2758059],[-123.1068051,49.2757558],[-123.106674,49.2756954],[-123.106557,49.2756529],[-123.1064079,49.2756294],[-123.1062506,49.2756259],[-123.1060763,49.2756312],[-123.1058886,49.2756444],[-123.1056995,49.2756438],[-123.1054209,49.2756418],[-123.1052727,49.2756287],[-123.1050999,49.2756073],[-123.1049731,49.2755958],[-123.1047907,49.2755909],[-123.1044656,49.2755997],[-123.1043014,49.2756093],[-123.1041036,49.2756074],[-123.1037878,49.2755946],[-123.103605,49.2755815],[-123.1035343,49.2755688],[-123.1034726,49.2755519],[-123.1034015,49.2755133],[-123.1033885,49.2755561],[-123.1033362,49.2754606],[-123.1033103,49.2753095],[-123.1032928,49.2751471],[-123.103294,49.2750327],[-123.1033875,49.2749773],[-123.1034379,49.2749762],[-123.1034934,49.2750393],[-123.1035315,49.2751981],[-123.103516,49.2752256],[-123.1034992,49.2752876],[-123.1034946,49.2753543],[-123.1035425,49.2754842],[-123.1035768,49.2755016],[-123.1036622,49.2755113],[-123.1038601,49.2755387],[-123.1041725,49.2755463],[-123.1045043,49.2755307],[-123.1048361,49.275526],[-123.105069,49.2755281],[-123.1052559,49.2755632],[-123.1055625,49.2755691],[-123.1057675,49.2755602],[-123.1060095,49.2755243],[-123.1062106,49.2755142],[-123.1063419,49.27554],[-123.106569,49.2755699],[-123.1066123,49.2755674],[-123.1066944,49.2755995],[-123.1067358,49.2756505],[-123.1068574,49.2756779],[-123.1070469,49.2757315],[-123.1072138,49.2757531],[-123.1073516,49.2757598],[-123.1075463,49.275721],[-123.1076692,49.2756712],[-123.1077571,49.275664],[-123.1078328,49.2756682],[-123.1078775,49.2756867],[-123.1079402,49.275725],[-123.1079776,49.2757006],[-123.1080368,49.2757053],[-123.1083699,49.2756994],[-123.1084525,49.2756463],[-123.1084608,49.2756673],[-123.1083818,49.275767],[-123.1083735,49.2757955],[-123.108388,49.2758217],[-123.1084226,49.2758376],[-123.1084527,49.2758342],[-123.1084926,49.2758246],[-123.1084786,49.2758565],[-123.1084382,49.2758826],[-123.1083856,49.2758903],[-123.1083094,49.2758828],[-123.1081791,49.2758813],[-123.1080366,49.2758806],[-123.1079278,49.2758741],[-123.1078466,49.2758583],[-123.1077925,49.2758298],[-123.1077376,49.2757643],[-123.1077968,49.2757277],[-123.1078186,49.2757056],[-123.1078034,49.2756887]]]}},{"type":"Feature","properties":{"id":"1286074620","name":"Beach","class":"beach","water":null,"source":"OpenStreetMap"},"geometry":{"type":"Polygon","coordinates":[[[-123.1357128,49.2954704],[-123.1356681,49.2954152],[-123.1355946,49.2953453],[-123.1355471,49.2953072],[-123.1354887,49.2952767],[-123.1354412,49.2952597],[-123.1353856,49.295252],[-123.1353491,49.295252],[-123.1352171,49.2952874],[-123.1351167,49.2953157],[-123.1350226,49.2953323],[-123.1349476,49.2953363],[-123.1348974,49.2953368],[-123.134751,49.2953726],[-123.1345695,49.2954018],[-123.1344973,49.2953901],[-123.1343983,49.2953596],[-123.134344,49.2953287],[-123.1343076,49.2953005],[-123.1341886,49.295244],[-123.1340456,49.2952036],[-123.1339521,49.2951785],[-123.1338586,49.2951364],[-123.1337864,49.2950799],[-123.1337294,49.2950207],[-123.1336634,49.2949471],[-123.1335933,49.2948682],[-123.1335472,49.2948014],[-123.13353,49.2947337],[-123.1335341,49.2946741],[-123.1335616,49.2946288],[-123.1336187,49.2945638],[-123.1336538,49.2945234],[-123.1336675,49.2944952],[-123.1336572,49.2944759],[-123.1336291,49.29445],[-123.1336753,49.2944691],[-123.133707,49.2945124],[-123.1337486,49.2945673],[-123.1336494,49.294667],[-123.1336394,49.2946785],[-123.1336359,49.2946925],[-123.1336344,49.2947131],[-123.1336371,49.2947321],[-123.1336475,49.2947614],[-123.133664,49.2947945],[-123.1336942,49.294834],[-123.1337534,49.2949195],[-123.1337957,49.29496],[-123.1338396,49.2949946],[-123.1338815,49.2950211],[-123.1339616,49.2950681],[-123.1340776,49.2951251],[-123.1341822,49.2951717],[-123.1343435,49.2952419],[-123.1344424,49.2952865],[-123.1344943,49.2953043],[-123.1345377,49.295313],[-123.1345712,49.2953165],[-123.1346007,49.2953173],[-123.1346381,49.2953155],[-123.1346755,49.2953117],[-123.1347115,49.2953059],[-123.1347455,49.2952987],[-123.1348058,49.2952805],[-123.1348525,49.2952643],[-123.1348997,49.2952424],[-123.1349527,49.2952125],[-123.135062,49.2951562],[-123.1351272,49.2951295],[-123.1351765,49.2951214],[-123.1352298,49.295118],[-123.1353697,49.2951257],[-123.1355566,49.2951769],[-123.135619,49.2952062],[-123.1356633,49.295242],[-123.135704,49.2952822],[-123.135726,49.295306],[-123.1357531,49.2953212],[-123.1358001,49.295333],[-123.1357702,49.2953956],[-123.1357372,49.2954771],[-123.1357115,49.2955584],[-123.1357128,49.2954704]]]}},{"type":"Feature","properties":{"id":"1286113432","name":"Beach","class":"beach","water":null,"source":"OpenStreetMap"},"geometry":{"type":"Polygon","coordinates":[[[-123.1310989,49.3040999],[-123.1312343,49.304093],[-123.1314226,49.3041475],[-123.1315028,49.304279],[-123.13154,49.3043356],[-123.1315113,49.3043583],[-123.1315311,49.3044136],[-123.1316387,49.3045042],[-123.1317105,49.3045263],[-123.1318076,49.3046425],[-123.1318943,49.3047711],[-123.1319382,49.3048559],[-123.1318664,49.3048793],[-123.131798,49.3049195],[-123.131752,49.3049758],[-123.1317307,49.3050431],[-123.1316701,49.3049217],[-123.1315984,49.3047601],[-123.131484,49.3046475],[-123.1313562,49.3044165],[-123.1312115,49.3042447],[-123.130945,49.3039655],[-123.1310989,49.3040999]]]}},{"type":"Feature","properties":{"id":"1286164557","name":"Beach","class":"beach","water":null,"source":"OpenStreetMap"},"geometry":{"type":"Polygon","coordinates":[[[-123.1318368,49.3052031],[-123.1319124,49.3052274],[-123.131966,49.3052305],[-123.1319847,49.3053367],[-123.1320853,49.3054458],[-123.132271,49.305555],[-123.1322485,49.3054528],[-123.1322996,49.3053569],[-123.1324152,49.3054864],[-123.1325556,49.3056703],[-123.1325898,49.3057038],[-123.1326465,49.3057514],[-123.1327261,49.3058063],[-123.1328119,49.3058584],[-123.1343975,49.3066127],[-123.1348588,49.306813],[-123.1349467,49.3068476],[-123.1350406,49.3068756],[-123.1351271,49.3068983],[-123.1354178,49.3069617],[-123.1354784,49.3069811],[-123.135513,49.3069982],[-123.1355341,49.3070141],[-123.1355408,49.3070161],[-123.135559,49.3070242],[-123.1355734,49.3070322],[-123.1355862,49.3070431],[-123.135597,49.3070557],[-123.1356001,49.3070682],[-123.1356022,49.3070874],[-123.1356037,49.3070928],[-123.1355886,49.3070962],[-123.1355781,49.3071032],[-123.1355677,49.30711],[-123.135563,49.3071299],[-123.1355654,49.3071956],[-123.1355611,49.307251],[-123.1355215,49.3073288],[-123.1355039,49.3073781],[-123.1354966,49.3074093],[-123.1350933,49.3074367],[-123.1349036,49.3075208],[-123.1349271,49.3075871],[-123.1348349,49.3076642],[-123.1347531,49.3077325],[-123.1346533,49.3077146],[-123.134581,49.3077121],[-123.1344402,49.307642],[-123.1344422,49.3075412],[-123.134538,49.3074443],[-123.1345186,49.3072782],[-123.1343894,49.3071218],[-123.1342486,49.3070415],[-123.1340987,49.3068616],[-123.1339595,49.3067667],[-123.1338057,49.3067186],[-123.133734,49.3066502],[-123.1336124,49.3065872],[-123.1335615,49.3065567],[-123.1334752,49.3064449],[-123.133391,49.3063297],[-123.1333121,49.3062802],[-123.1332279,49.3062606],[-123.1331468,49.3062606],[-123.1330253,49.3062789],[-123.1330097,49.3062789],[-123.1329982,49.3062694],[-123.1329733,49.3062341],[-123.1329047,49.3061874],[-123.1327676,49.306121],[-123.1326792,49.3060831],[-123.1326023,49.3060004],[-123.132461,49.3058737],[-123.132382,49.3057782],[-123.1323467,49.3057246],[-123.1322615,49.3056819],[-123.1321513,49.3056115],[-123.1319767,49.3054346],[-123.1318552,49.305289],[-123.1317756,49.3051588],[-123.1318368,49.3052031]]]}},{"type":"Feature","properties":{"id":"1286164558","name":"Beach","class":"beach","water":null,"source":"OpenStreetMap"},"geometry":{"type":"Polygon","coordinates":[[[-123.1320521,49.3052274],[-123.1321483,49.3052121],[-123.1322996,49.3053569],[-123.1322485,49.3054528],[-123.132271,49.305555],[-123.1320853,49.3054458],[-123.1319847,49.3053367],[-123.131966,49.3052305],[-123.1320521,49.3052274]]]}},{"type":"Feature","properties":{"id":"1286164559","name":"Woodland","class":"wood","water":null,"source":"OpenStreetMap"},"geometry":{"type":"Polygon","coordinates":[[[-123.1314974,49.3039367],[-123.1318609,49.3043931],[-123.1324425,49.3051059],[-123.1328944,49.3055586],[-123.1330996,49.3057584],[-123.1333548,49.3059201],[-123.1337625,49.3061404],[-123.1335458,49.3061116],[-123.1331353,49.3059164],[-123.1328131,49.3057454],[-123.1326748,49.3056431],[-123.1325223,49.3054433],[-123.1322059,49.3051227],[-123.1320662,49.3048773],[-123.1318851,49.3045994],[-123.1317212,49.3044061],[-123.1313587,49.3039301],[-123.1311554,49.303646],[-123.1311749,49.3036278],[-123.131433,49.3038211],[-123.1314974,49.3039367]]]}},{"type":"Feature","properties":{"id":"1299818257","name":"Woodland","class":"wood","water":null,"source":"OpenStreetMap"},"geometry":{"type":"Polygon","coordinates":[[[-123.1325825,49.3015632],[-123.1325671,49.3015941],[-123.1325204,49.3016035],[-123.1324064,49.301577],[-123.1323133,49.3015894],[-123.1322856,49.301596],[-123.1322539,49.3016261],[-123.1322301,49.3016313],[-123.1322121,49.3016404],[-123.1321538,49.3016969],[-123.1320997,49.3016831],[-123.1320582,49.3016915],[-123.1320054,49.3016819],[-123.1319921,49.3016625],[-123.1320005,49.3016405],[-123.1320002,49.3016225],[-123.1319785,49.3016109],[-123.1320075,49.3015802],[-123.1320156,49.3015624],[-123.1320378,49.3014141],[-123.1320411,49.3014042],[-123.1320462,49.3013963],[-123.1320565,49.3013925],[-123.1320845,49.3013885],[-123.1321888,49.3013517],[-123.1322929,49.3013041],[-123.13246,49.3013505],[-123.132516,49.3013811],[-123.1326002,49.3014719],[-123.1326048,49.3015105],[-123.1325825,49.3015632]]]}},{"type":"Feature","properties":{"id":"1299847001","name":"Woodland","class":"wood","water":null,"source":"OpenStreetMap"},"geometry":{"type":"Polygon","coordinates":[[[-123.1412585,49.3085599],[-123.1415643,49.3083151],[-123.1418432,49.3082871],[-123.142562,49.3086299],[-123.1427391,49.3087558],[-123.1429268,49.3090076],[-123.1429697,49.3093294],[-123.1427391,49.3097176],[-123.1425245,49.3098295],[-123.1423045,49.3100708],[-123.1422241,49.3103908],[-123.1422469,49.3106479],[-123.1423287,49.3108298],[-123.1422938,49.3108971],[-123.1423837,49.3110956],[-123.1422402,49.3112713],[-123.1414556,49.3119708],[-123.141343,49.3121928],[-123.1411311,49.3124289],[-123.1409111,49.3126282],[-123.1407556,49.3126055],[-123.1406215,49.3126964],[-123.1406349,49.3129342],[-123.1405008,49.3130986],[-123.1403506,49.3131266],[-123.1401628,49.3131144],[-123.1398061,49.312964],[-123.1396049,49.3128136],[-123.1394413,49.3125985],[-123.1393045,49.3123082],[-123.1390443,49.3119113],[-123.1387472,49.3116001],[-123.1384981,49.3113987],[-123.1382138,49.3111916],[-123.1380465,49.3110055],[-123.1384194,49.3109181],[-123.1383604,49.3108061],[-123.1381967,49.3108499],[-123.1380895,49.3108306],[-123.1380144,49.3107729],[-123.1381243,49.3106977],[-123.138304,49.310668],[-123.1381994,49.3105998],[-123.1380117,49.3105456],[-123.1380921,49.3103865],[-123.1384194,49.3104267],[-123.1386849,49.3105421],[-123.1390454,49.3108266],[-123.1394762,49.3114986],[-123.1395459,49.311677],[-123.1396827,49.3118518],[-123.1398731,49.3119515],[-123.1402674,49.3118239],[-123.1403827,49.3115546],[-123.1403962,49.31135],[-123.1409457,49.3091206],[-123.1412585,49.3085599]]]}},{"type":"Feature","properties":{"id":"1299847002","name":"Woodland","class":"wood","water":null,"source":"OpenStreetMap"},"geometry":{"type":"Polygon","coordinates":[[[-123.1436048,49.3091227],[-123.1436966,49.3093871],[-123.1436116,49.3095512],[-123.1433795,49.3099315],[-123.1430207,49.3104136],[-123.1428356,49.3105797],[-123.1426433,49.3108085],[-123.142525,49.3108111],[-123.1424344,49.3105786],[-123.142495,49.3102702],[-123.1426076,49.3100358],[-123.1427176,49.3099222],[-123.1429402,49.3098435],[-123.1430931,49.3095987],[-123.1431655,49.3095445],[-123.1431897,49.3094465],[-123.1432138,49.309193],[-123.1431037,49.3088415],[-123.1436088,49.309058],[-123.1436048,49.3091227]]]}},{"type":"Feature","properties":{"id":"1299914784","name":"Woodland","class":"wood","water":null,"source":"OpenStreetMap"},"geometry":{"type":"Polygon","coordinates":[[[-123.1565466,49.3019427],[-123.1569969,49.3017205],[-123.1572207,49.3016094],[-123.1572694,49.3016302],[-123.1573484,49.3016335],[-123.1574991,49.3015899],[-123.1576584,49.301515],[-123.1578193,49.3014451],[-123.1580607,49.3013716],[-123.1581763,49.3013416],[-123.1583236,49.3013226],[-123.158447,49.3013138],[-123.1585258,49.3012713],[-123.1585612,49.3011822],[-123.1585333,49.3011017],[-123.1584737,49.3010775],[-123.1584124,49.3010403],[-123.1583503,49.3009665],[-123.1583442,49.3009443],[-123.1584525,49.300903],[-123.1586497,49.3010348],[-123.1587008,49.3011189],[-123.158685,49.3012149],[-123.1586144,49.301303],[-123.1585097,49.3013578],[-123.1582274,49.3014205],[-123.1579949,49.3015213],[-123.1576164,49.3017062],[-123.157272,49.3017562],[-123.1570845,49.3017935],[-123.1567705,49.3020014],[-123.1566707,49.3020895],[-123.1560975,49.3023292],[-123.1560452,49.3023308],[-123.1565466,49.3019427]]]}},{"type":"Feature","properties":{"id":"1299914789","name":"Woodland","class":"wood","water":null,"source":"OpenStreetMap"},"geometry":{"type":"Polygon","coordinates":[[[-123.1536707,49.3024685],[-123.153973,49.3021009],[-123.1542227,49.3018961],[-123.1547958,49.301745],[-123.1553932,49.301651],[-123.1557954,49.3016275],[-123.1560385,49.3015311],[-123.1561753,49.3015504],[-123.1565856,49.3015819],[-123.1567761,49.3015959],[-123.1569129,49.3016728],[-123.156819,49.3017165],[-123.156591,49.3018022],[-123.1563201,49.3019929],[-123.1561323,49.3020558],[-123.1558748,49.3023322],[-123.1557729,49.3023847],[-123.1556603,49.3023759],[-123.1553599,49.3023252],[-123.1553518,49.302208],[-123.155215,49.302215],[-123.1550192,49.3023724],[-123.1548637,49.3025158],[-123.1546491,49.3026697],[-123.1545552,49.3028271],[-123.1546813,49.3029198],[-123.1548288,49.3029513],[-123.1550326,49.3030738],[-123.1551855,49.3031315],[-123.1553089,49.3032347],[-123.1554537,49.3032451],[-123.1555959,49.3032049],[-123.1556737,49.3032259],[-123.1557944,49.3033623],[-123.1557515,49.303434],[-123.1555664,49.3035215],[-123.1557997,49.3035827],[-123.1559151,49.3037226],[-123.1560492,49.3037733],[-123.1560546,49.3037261],[-123.1560841,49.3035512],[-123.1559526,49.3033588],[-123.1561189,49.3033956],[-123.1561377,49.3032626],[-123.156253,49.3031577],[-123.1562825,49.3032172],[-123.1562664,49.3033396],[-123.1562343,49.3035582],[-123.1562316,49.3038765],[-123.156194,49.3041931],[-123.1562283,49.3043137],[-123.1561749,49.3044954],[-123.156135,49.3048104],[-123.1561109,49.3052739],[-123.1560948,49.305489],[-123.1562101,49.3057373],[-123.156186,49.3058563],[-123.1560787,49.3060346],[-123.1559499,49.3064631],[-123.1558534,49.30693],[-123.155781,49.3072545],[-123.1557153,49.3074127],[-123.1556656,49.3074477],[-123.1556321,49.3075316],[-123.1557099,49.3075893],[-123.1557179,49.3076803],[-123.1557568,49.3078683],[-123.1558011,49.308037],[-123.1558628,49.3082119],[-123.1558574,49.3082897],[-123.1558199,49.3083623],[-123.15573,49.3085066],[-123.1555342,49.308448],[-123.1553438,49.3084305],[-123.1551587,49.3084148],[-123.154759,49.3085459],[-123.1545203,49.308761],[-123.1543969,49.3088659],[-123.1542441,49.3090723],[-123.154126,49.309123],[-123.1540027,49.3089307],[-123.1538122,49.3092349],[-123.1537425,49.3095147],[-123.1533402,49.3097176],[-123.1529754,49.30984],[-123.1526911,49.3099152],[-123.1525516,49.3100096],[-123.1523665,49.310132],[-123.1523048,49.3103524],[-123.1523102,49.3104888],[-123.1523585,49.3106864],[-123.1523531,49.3110483],[-123.1522592,49.3111865],[-123.1520366,49.3113526],[-123.1517147,49.3114365],[-123.1515431,49.3116044],[-123.1513929,49.3117006],[-123.151071,49.3117775],[-123.1509557,49.3119244],[-123.1505292,49.3121972],[-123.1502905,49.3123144],[-123.1500491,49.312456],[-123.1497031,49.3125732],[-123.1494724,49.3125819],[-123.1490889,49.3125732],[-123.1487107,49.3126781],[-123.1482171,49.3127323],[-123.1474554,49.3129334],[-123.147155,49.3130068],[-123.1465998,49.3130383],[-123.1458568,49.3130156],[-123.1454115,49.3133251],[-123.145138,49.3132446],[-123.1446471,49.3133286],[-123.1442448,49.313388],[-123.1438398,49.3134125],[-123.1435045,49.3135244],[-123.1433033,49.3135331],[-123.1430458,49.3135471],[-123.1428393,49.3136748],[-123.142437,49.313764],[-123.1424665,49.3136625],[-123.1427159,49.3135034],[-123.1430673,49.3132656],[-123.143416,49.3131292],[-123.1439712,49.3129596],[-123.1440946,49.3129386],[-123.1443548,49.3128267],[-123.1444969,49.3126221],[-123.1446659,49.3125452],[-123.1450521,49.3122602],[-123.1452667,49.3121727],[-123.1455725,49.3120731],[-123.1455564,49.3120223],[-123.1458085,49.3119472],[-123.1463691,49.3118038],[-123.1470718,49.3115694],[-123.1474259,49.311468],[-123.1478282,49.3112809],[-123.1483405,49.3110571],[-123.1489333,49.3108368],[-123.1491747,49.3107091],[-123.1494805,49.3105115],[-123.1496414,49.3103139],[-123.1498211,49.3100656],[-123.1499794,49.3098592],[-123.1502342,49.3096249],[-123.1504085,49.3095217],[-123.1506633,49.3094605],[-123.1509208,49.3094081],[-123.1512427,49.3092804],[-123.1515002,49.3091457],[-123.1520339,49.3088659],[-123.1524148,49.3086858],[-123.1529083,49.3084672],[-123.1531819,49.3083151],[-123.1533938,49.3080073],[-123.1534421,49.3078587],[-123.1535655,49.3076173],[-123.1537183,49.3073148],[-123.1537908,49.3071014],[-123.1538981,49.3068444],[-123.1538122,49.3065278],[-123.1538405,49.3062236],[-123.1537443,49.3055153],[-123.1536036,49.3042475],[-123.1534579,49.3031699],[-123.1534607,49.3028539],[-123.1536707,49.3024685]]]}},{"type":"Feature","properties":{"id":"1300122677","name":"Woodland","class":"wood","water":null,"source":"OpenStreetMap"},"geometry":{"type":"Polygon","coordinates":[[[-123.1179831,49.300061],[-123.1182984,49.2998261],[-123.1186221,49.2996745],[-123.1188874,49.2995912],[-123.119283,49.2995412],[-123.1195836,49.2995603],[-123.1199779,49.2996055],[-123.1204319,49.2996682],[-123.1204696,49.2997134],[-123.1196931,49.2996539],[-123.1193073,49.2996325],[-123.1189118,49.2996674],[-123.1185649,49.2998142],[-123.1183787,49.2999166],[-123.1181182,49.3001079],[-123.1179539,49.3003428],[-123.1178042,49.3003301],[-123.1179831,49.300061]]]}},{"type":"Feature","properties":{"id":"1301559156","name":"Beach","class":"beach","water":null,"source":"OpenStreetMap"},"geometry":{"type":"Polygon","coordinates":[[[-123.1198817,49.2715417],[-123.119948,49.2715862],[-123.119904,49.2715963],[-123.1198597,49.2716067],[-123.1198202,49.2716376],[-123.1198136,49.2716744],[-123.1198183,49.2716972],[-123.1198363,49.2717148],[-123.119758,49.271767],[-123.1197285,49.2717873],[-123.1197307,49.2726503],[-123.1197253,49.2726724],[-123.1197168,49.2726859],[-123.1197055,49.2726975],[-123.1196832,49.2727113],[-123.1196487,49.2727197],[-123.1195624,49.2727489],[-123.1194989,49.2727803],[-123.1194452,49.2728149],[-123.1194043,49.2728487],[-123.1193628,49.2729003],[-123.1193516,49.2729204],[-123.1193426,49.2729414],[-123.1193348,49.2729667],[-123.1193307,49.272992],[-123.1193289,49.2730171],[-123.1193301,49.2730423],[-123.1193276,49.2730547],[-123.1193228,49.2730657],[-123.1193133,49.2730794],[-123.1192998,49.2730902],[-123.119281,49.2730994],[-123.1191596,49.2731542],[-123.119046,49.2731939],[-123.1189382,49.2732298],[-123.1188249,49.2732637],[-123.1188209,49.2732556],[-123.1186427,49.2732885],[-123.118647,49.2732971],[-123.1185769,49.2733078],[-123.1184918,49.2733179],[-123.1183911,49.2733292],[-123.1183239,49.2733335],[-123.1182251,49.273338],[-123.1181073,49.2733394],[-123.1180227,49.2733379],[-123.1179507,49.2733369],[-123.1178869,49.2733329],[-123.1178897,49.2733239],[-123.1178463,49.2733082],[-123.1178018,49.2732965],[-123.1177611,49.2732895],[-123.117713,49.2732835],[-123.1176642,49.2732816],[-123.117602,49.2732838],[-123.1175955,49.2732953],[-123.1175046,49.2732768],[-123.1174352,49.2732605],[-123.1173429,49.2732379],[-123.1172393,49.2732051],[-123.1171492,49.2731735],[-123.1170677,49.2731433],[-123.1170416,49.2731328],[-123.1169643,49.2731004],[-123.1168277,49.2730378],[-123.1167518,49.2729974],[-123.1166895,49.2729613],[-123.1165883,49.2728974],[-123.116512,49.27284],[-123.1162648,49.2726432],[-123.1161365,49.2726197],[-123.1158888,49.2725961],[-123.1157547,49.2725989],[-123.1156168,49.2726157],[-123.1155327,49.2726096],[-123.1153366,49.2725802],[-123.1151166,49.2725957],[-123.1150187,49.2726176],[-123.1147636,49.2726263],[-123.1146666,49.2726377],[-123.114615,49.2726431],[-123.114573,49.2726573],[-123.1138273,49.2730094],[-123.1137783,49.2730075],[-123.1136958,49.2730083],[-123.1135939,49.273016],[-123.1134675,49.2730301],[-123.1133282,49.2730566],[-123.1131909,49.2730913],[-123.1130906,49.2731278],[-123.1129854,49.2731682],[-123.1129036,49.2732062],[-123.1120359,49.2736191],[-123.1115934,49.273828],[-123.1119001,49.2736521],[-123.1119827,49.2735712],[-123.1120959,49.273499],[-123.1123019,49.2733681],[-123.1125899,49.2732306],[-123.112909,49.273093],[-123.1131294,49.2730106],[-123.1133611,49.2729637],[-123.1135108,49.2729442],[-123.1137078,49.2729313],[-123.113806,49.2729188],[-123.1138761,49.2728969],[-123.1144587,49.2726039],[-123.1145731,49.2725465],[-123.1147534,49.2724937],[-123.1148534,49.2724828],[-123.1150396,49.2724808],[-123.1154198,49.2724879],[-123.1157605,49.2724867],[-123.1159761,49.2724851],[-123.1161114,49.2724925],[-123.1161683,49.2725043],[-123.116215,49.2725265],[-123.1162737,49.2725566],[-123.1164432,49.2726984],[-123.1166414,49.272861],[-123.1167935,49.2729598],[-123.117009,49.273063],[-123.1172336,49.2731473],[-123.1174677,49.2732145],[-123.1176474,49.273254],[-123.1178306,49.2732716],[-123.1179785,49.273286],[-123.1182635,49.273281],[-123.1184456,49.2732685],[-123.1186875,49.2732282],[-123.1188767,49.2731829],[-123.1191318,49.2730967],[-123.1192202,49.273053],[-123.119233,49.2730297],[-123.1192407,49.2729797],[-123.1192698,49.2729009],[-123.1192898,49.2728592],[-123.1193662,49.272786],[-123.1194945,49.2726952],[-123.1195666,49.2726659],[-123.1196085,49.2726573],[-123.119629,49.2726402],[-123.1196355,49.272616],[-123.1196431,49.2717489],[-123.1196604,49.2716384],[-123.119704,49.2715423],[-123.1197435,49.271511],[-123.1197968,49.271493],[-123.1198717,49.2714801],[-123.1199638,49.2714839],[-123.1198817,49.2715417]]]}},{"type":"Feature","properties":{"id":"1376896380","name":"Beach","class":"beach","water":null,"source":"OpenStreetMap"},"geometry":{"type":"Polygon","coordinates":[[[-123.1015969,49.2855094],[-123.1015934,49.285482],[-123.1015442,49.2854487],[-123.1016953,49.2854102],[-123.1018469,49.2854356],[-123.1019475,49.2854957],[-123.1015969,49.2855094]]]}},{"type":"Feature","properties":{"id":"1376896381","name":"Beach","class":"beach","water":null,"source":"OpenStreetMap"},"geometry":{"type":"Polygon","coordinates":[[[-123.1031102,49.2857808],[-123.1030015,49.2856798],[-123.1028394,49.2856011],[-123.1025822,49.285532],[-123.1024314,49.2855079],[-123.1023357,49.2854926],[-123.1020029,49.2854935],[-123.1020641,49.2854601],[-123.1022237,49.2853962],[-123.1023646,49.2853286],[-123.1026037,49.2853252],[-123.1028768,49.2853945],[-123.1030177,49.2854653],[-123.103141,49.2855642],[-123.1031559,49.2856197],[-123.1031425,49.2856587],[-123.1031284,49.2856995],[-123.1031451,49.2858543],[-123.1031102,49.2857808]]]}},{"type":"Feature","properties":{"id":"1393366260","name":"Beach","class":"beach","water":null,"source":"OpenStreetMap"},"geometry":{"type":"Polygon","coordinates":[[[-123.1383001,49.3114115],[-123.138049,49.3112724],[-123.1378038,49.3110443],[-123.1375493,49.3107766],[-123.1373748,49.3106219],[-123.1372664,49.3104235],[-123.1371345,49.3103683],[-123.1372222,49.3103355],[-123.137195,49.3103189],[-123.1371751,49.3103274],[-123.1370918,49.3102349],[-123.1371065,49.3102092],[-123.1371347,49.3102336],[-123.1372145,49.3103023],[-123.137303,49.3103932],[-123.1374177,49.3105252],[-123.1375451,49.3106721],[-123.1376886,49.3108116],[-123.1378414,49.3109523],[-123.1379977,49.311094],[-123.1382156,49.3112815],[-123.1384483,49.3114717],[-123.1383001,49.3114115]]]}},{"type":"Feature","properties":{"id":"1393366262","name":"Beach","class":"beach","water":null,"source":"OpenStreetMap"},"geometry":{"type":"Polygon","coordinates":[[[-123.1369671,49.310146],[-123.1369789,49.3101049],[-123.1370401,49.3101519],[-123.1371065,49.3102092],[-123.1370918,49.3102349],[-123.1369671,49.310146]]]}},{"type":"Feature","properties":{"id":"1393366263","name":"Beach","class":"beach","water":null,"source":"OpenStreetMap"},"geometry":{"type":"Polygon","coordinates":[[[-123.1368976,49.310084],[-123.1367403,49.3099678],[-123.1367541,49.3099323],[-123.136939,49.3100743],[-123.1368976,49.310084]]]}},{"type":"Feature","properties":{"id":"1393366264","name":"Beach","class":"beach","water":null,"source":"OpenStreetMap"},"geometry":{"type":"Polygon","coordinates":[[[-123.1366624,49.3098908],[-123.1366151,49.309854],[-123.1365758,49.3098158],[-123.136603,49.3097714],[-123.1366251,49.3098152],[-123.1366492,49.3098437],[-123.1366774,49.3098734],[-123.1367024,49.3098926],[-123.1366624,49.3098908]]]}},{"type":"Feature","properties":{"id":"1393366265","name":"Beach","class":"beach","water":null,"source":"OpenStreetMap"},"geometry":{"type":"Polygon","coordinates":[[[-123.1356099,49.307107],[-123.1356114,49.3071264],[-123.1356119,49.3071471],[-123.1356059,49.3071885],[-123.1355963,49.3072202],[-123.1355754,49.3072832],[-123.1355481,49.3073408],[-123.1355349,49.3073787],[-123.1355328,49.3074068],[-123.1355207,49.3074929],[-123.1355482,49.3076577],[-123.1355757,49.3078011],[-123.1356065,49.3079213],[-123.1356447,49.3080556],[-123.1356903,49.3081841],[-123.1357453,49.308317],[-123.1358057,49.308428],[-123.1359431,49.3086003],[-123.1360202,49.3086943],[-123.1361114,49.3088049],[-123.1362522,49.3089907],[-123.1361669,49.3089167],[-123.135907,49.308587],[-123.1358513,49.3085494],[-123.1358366,49.308497],[-123.13566,49.3081914],[-123.1355554,49.3079602],[-123.1355232,49.3077861],[-123.1354913,49.3075727],[-123.1354966,49.3074093],[-123.1355039,49.3073781],[-123.1355215,49.3073288],[-123.1355611,49.307251],[-123.1355654,49.3071956],[-123.135563,49.3071299],[-123.1355677,49.30711],[-123.1355781,49.3071032],[-123.1355886,49.3070962],[-123.1356037,49.3070928],[-123.1356099,49.307107]]]}},{"type":"Feature","properties":{"id":"1394547225","name":"Beach","class":"beach","water":null,"source":"OpenStreetMap"},"geometry":{"type":"Polygon","coordinates":[[[-123.1437616,49.2881032],[-123.1438531,49.2882425],[-123.1439014,49.2884429],[-123.1439764,49.2884925],[-123.1440867,49.2884941],[-123.14429,49.2883825],[-123.1444459,49.2884626],[-123.1445094,49.2885788],[-123.1447881,49.2886075],[-123.144942,49.2887842],[-123.1451273,49.2889332],[-123.1454837,49.2890622],[-123.1458432,49.2892353],[-123.1460457,49.2892552],[-123.1461415,49.2893418],[-123.1464343,49.2896126],[-123.1466204,49.2897099],[-123.1467978,49.2897027],[-123.1468606,49.2897539],[-123.1469273,49.2898108],[-123.1467711,49.2899449],[-123.146715,49.289978],[-123.1466597,49.2899876],[-123.1465448,49.2899528],[-123.1465809,49.2899194],[-123.1465325,49.289894],[-123.1464329,49.28988],[-123.1463833,49.2898425],[-123.1463888,49.2897611],[-123.1462514,49.2896751],[-123.1461927,49.289672],[-123.146132,49.2896967],[-123.1461602,49.2896588],[-123.1462673,49.289622],[-123.1462874,49.2895931],[-123.146286,49.289556],[-123.1462185,49.2895848],[-123.1462125,49.2895677],[-123.14617,49.2895774],[-123.1461603,49.2895773],[-123.1460774,49.2896025],[-123.1460128,49.28963],[-123.1459306,49.2896443],[-123.1457946,49.2896425],[-123.1456911,49.2896391],[-123.1453459,49.2894321],[-123.1453498,49.2894122],[-123.1452944,49.2893769],[-123.1452061,49.2893389],[-123.1448429,49.2892357],[-123.1447106,49.2892143],[-123.1444926,49.2891536],[-123.1444652,49.2891504],[-123.1443439,49.2890641],[-123.1442946,49.2890352],[-123.1442918,49.2890077],[-123.1440901,49.2888907],[-123.1439632,49.2888126],[-123.1438763,49.288683],[-123.143852,49.2886536],[-123.143671,49.288559],[-123.1437616,49.2881032]]]}},{"type":"Feature","properties":{"id":"1394547226","name":"Beach","class":"beach","water":null,"source":"OpenStreetMap"},"geometry":{"type":"Polygon","coordinates":[[[-123.1508457,49.2950007],[-123.1508228,49.2949234],[-123.1509197,49.2948397],[-123.1511223,49.2947467],[-123.1513291,49.2947262],[-123.1515131,49.2948212],[-123.1516418,49.2949623],[-123.1515092,49.2949526],[-123.1513765,49.2949578],[-123.1512663,49.2949736],[-123.1511598,49.2949986],[-123.1510535,49.2950311],[-123.1509249,49.2950871],[-123.1508093,49.2950226],[-123.1508457,49.2950007]]]}},{"type":"Feature","properties":{"id":"1394547229","name":"Beach","class":"beach","water":null,"source":"OpenStreetMap"},"geometry":{"type":"Polygon","coordinates":[[[-123.1445094,49.2885788],[-123.1444459,49.2884626],[-123.14429,49.2883825],[-123.1444586,49.2883308],[-123.1447172,49.2881798],[-123.1447304,49.2883829],[-123.1447881,49.2886075],[-123.1445094,49.2885788]]]}},{"type":"Feature","properties":{"id":"1394547230","name":"Beach","class":"beach","water":null,"source":"OpenStreetMap"},"geometry":{"type":"Polygon","coordinates":[[[-123.1451551,49.2894116],[-123.1450781,49.2894506],[-123.1450224,49.2894583],[-123.1449507,49.2894558],[-123.1449105,49.2894522],[-123.1448722,49.289452],[-123.1448165,49.2894153],[-123.1446771,49.2893195],[-123.1445724,49.2892415],[-123.1446214,49.2892378],[-123.1447272,49.2892659],[-123.144922,49.2892941],[-123.1450698,49.2893357],[-123.1450909,49.2893606],[-123.145144,49.289383],[-123.1451586,49.2894047],[-123.1451551,49.2894116]]]}},{"type":"Feature","properties":{"id":"1394547233","name":"Beach","class":"beach","water":null,"source":"OpenStreetMap"},"geometry":{"type":"Polygon","coordinates":[[[-123.1474875,49.2900844],[-123.1478673,49.2904096],[-123.1481177,49.2905916],[-123.148301,49.2907032],[-123.1486121,49.2909963],[-123.1488964,49.2912115],[-123.1490604,49.2913733],[-123.1491871,49.2914285],[-123.1491287,49.291486],[-123.1492099,49.2915537],[-123.1493255,49.2914943],[-123.1495047,49.2916459],[-123.1497726,49.2917327],[-123.1498427,49.2918636],[-123.1499226,49.291907],[-123.1499337,49.2919801],[-123.1501293,49.2920609],[-123.1505496,49.2922227],[-123.1506512,49.2923289],[-123.1505111,49.2924085],[-123.1502717,49.2924469],[-123.1500686,49.2924713],[-123.1500341,49.2925349],[-123.1499139,49.2925554],[-123.149744,49.2924968],[-123.1497808,49.2924507],[-123.1498485,49.2924244],[-123.1498613,49.292247],[-123.1499711,49.2921713],[-123.150054,49.2921104],[-123.1500394,49.2920886],[-123.1499851,49.2920723],[-123.1499226,49.2921084],[-123.1498158,49.2920833],[-123.1497551,49.2921149],[-123.1497201,49.2921043],[-123.1496921,49.2920738],[-123.1496098,49.2920666],[-123.1495788,49.2921526],[-123.1495438,49.2921587],[-123.1495128,49.2921374],[-123.1494714,49.2920357],[-123.1491965,49.2918911],[-123.1490172,49.2917841],[-123.1488672,49.2917395],[-123.1484903,49.2914049],[-123.1480137,49.2910518],[-123.1476883,49.2907271],[-123.1474743,49.2905807],[-123.1472713,49.2904694],[-123.147132,49.2903773],[-123.1471326,49.2903387],[-123.1470323,49.2902107],[-123.1471224,49.290236],[-123.1471709,49.2902852],[-123.1472271,49.2902939],[-123.1472842,49.2902949],[-123.1473372,49.2901707],[-123.1473781,49.2900518],[-123.1474875,49.2900844]]]}},{"type":"Feature","properties":{"id":"1394547234","name":"Beach","class":"beach","water":null,"source":"OpenStreetMap"},"geometry":{"type":"Polygon","coordinates":[[[-123.1474743,49.2905807],[-123.1476883,49.2907271],[-123.1480137,49.2910518],[-123.1484903,49.2914049],[-123.1488672,49.2917395],[-123.1490172,49.2917841],[-123.1491965,49.2918911],[-123.1492973,49.2921604],[-123.1491976,49.2920363],[-123.1491355,49.2919584],[-123.149098,49.2919745],[-123.1490468,49.2919295],[-123.1489013,49.2918094],[-123.1487414,49.291684],[-123.1485504,49.2915432],[-123.1484196,49.291454],[-123.1481611,49.2912776],[-123.148046,49.2911935],[-123.1479501,49.2911121],[-123.1478523,49.2909952],[-123.1477459,49.2908706],[-123.1476677,49.2907868],[-123.1475695,49.2906898],[-123.1474413,49.2905948],[-123.1472713,49.2904694],[-123.1474743,49.2905807]]]}},{"type":"Feature","properties":{"id":"1396070025","name":"Beach","class":"beach","water":null,"source":"OpenStreetMap"},"geometry":{"type":"Polygon","coordinates":[[[-123.1572782,49.3039071],[-123.1573523,49.3038049],[-123.1580119,49.3037254],[-123.1584344,49.3036702],[-123.1587991,49.303646],[-123.1590262,49.3036909],[-123.1591767,49.3037372],[-123.1592979,49.303756],[-123.1590957,49.303765],[-123.1586498,49.3038506],[-123.1580903,49.303874],[-123.1578682,49.3038964],[-123.1574468,49.3039532],[-123.1573431,49.3039723],[-123.1572782,49.3039071]]]}},{"type":"Feature","properties":{"id":"1396070026","name":"Beach","class":"beach","water":null,"source":"OpenStreetMap"},"geometry":{"type":"Polygon","coordinates":[[[-123.1576389,49.3028237],[-123.1574626,49.3027531],[-123.1574073,49.3026874],[-123.1575177,49.3025687],[-123.1574714,49.3025342],[-123.1572896,49.302457],[-123.1571632,49.3023682],[-123.1570925,49.3021267],[-123.1570805,49.3020618],[-123.1570831,49.3019542],[-123.1571237,49.3018721],[-123.1571981,49.3018316],[-123.1572908,49.3018001],[-123.1573646,49.3017867],[-123.1575155,49.3017757],[-123.157582,49.3017681],[-123.1576523,49.3017563],[-123.1577154,49.3017382],[-123.1577888,49.3017052],[-123.1582503,49.301488],[-123.1583259,49.3014574],[-123.1584061,49.3014354],[-123.1585706,49.3014037],[-123.1586312,49.3013909],[-123.1586813,49.3013722],[-123.1587399,49.3013872],[-123.1589759,49.3013752],[-123.159305,49.3013395],[-123.1592668,49.3013763],[-123.1590752,49.3014456],[-123.1589011,49.3015085],[-123.158803,49.3015682],[-123.158311,49.3016224],[-123.1578074,49.3017394],[-123.1577276,49.3017665],[-123.1577641,49.3018142],[-123.1578456,49.3018467],[-123.1581749,49.3017943],[-123.1579929,49.3019205],[-123.1579814,49.3019852],[-123.1576136,49.3021863],[-123.1576044,49.3022439],[-123.1577516,49.3024162],[-123.1577349,49.3027523],[-123.157825,49.3028656],[-123.1576389,49.3028237]]]}},{"type":"Feature","properties":{"id":"1396070027","name":"Beach","class":"beach","water":null,"source":"OpenStreetMap"},"geometry":{"type":"Polygon","coordinates":[[[-123.1540818,49.2975104],[-123.1539937,49.2974464],[-123.1539109,49.2973766],[-123.1538032,49.2972608],[-123.1536593,49.2970901],[-123.153518,49.2969014],[-123.1536085,49.2969504],[-123.1537046,49.2970413],[-123.1537625,49.2971261],[-123.1539154,49.2972361],[-123.1541497,49.2973778],[-123.1542298,49.2974819],[-123.1541511,49.2975174],[-123.1541432,49.2975482],[-123.1540818,49.2975104]]]}},{"type":"Feature","properties":{"id":"1396070028","name":"Beach","class":"beach","water":null,"source":"OpenStreetMap"},"geometry":{"type":"Polygon","coordinates":[[[-123.1584113,49.3004507],[-123.1584894,49.300567],[-123.1585714,49.3007284],[-123.1585943,49.3007973],[-123.1585822,49.3008333],[-123.1585556,49.3008518],[-123.1584978,49.3007788],[-123.1584536,49.3006993],[-123.1583865,49.3005785],[-123.1583627,49.3005152],[-123.1583077,49.3003392],[-123.1584113,49.3004507]]]}},{"type":"Feature","properties":{"id":"1396070030","name":"Woodland","class":"wood","water":null,"source":"OpenStreetMap"},"geometry":{"type":"Polygon","coordinates":[[[-123.1578497,49.2989962],[-123.1578471,49.29875],[-123.1578244,49.2985534],[-123.157711,49.2983271],[-123.1575562,49.2981035],[-123.1573147,49.2979304],[-123.1570478,49.2977781],[-123.156789,49.2977276],[-123.1566302,49.2977093],[-123.1566195,49.2975849],[-123.1568517,49.2975745],[-123.1572026,49.297665],[-123.1576216,49.2979808],[-123.1578577,49.2982027],[-123.1579218,49.2983297],[-123.1579672,49.2986517],[-123.1581019,49.2990598],[-123.1581846,49.2993364],[-123.1582127,49.2995888],[-123.158162,49.2997724],[-123.1581593,49.299842],[-123.158198,49.2999429],[-123.1582994,49.3000299],[-123.1582981,49.3000899],[-123.158218,49.3001752],[-123.158186,49.3003153],[-123.1582474,49.3004919],[-123.1583154,49.3006407],[-123.1582807,49.3009148],[-123.1582033,49.3009287],[-123.1581473,49.300726],[-123.1580993,49.3005981],[-123.1580606,49.3001004],[-123.1580405,49.2995862],[-123.1578938,49.2992094],[-123.1578497,49.2989962]]]}},{"type":"Feature","properties":{"id":"1396070032","name":"Beach","class":"beach","water":null,"source":"OpenStreetMap"},"geometry":{"type":"Polygon","coordinates":[[[-123.1525389,49.2948375],[-123.1526643,49.2948085],[-123.1528119,49.2948612],[-123.1528928,49.2949694],[-123.1529778,49.2950485],[-123.1530425,49.2950775],[-123.1531719,49.2951184],[-123.1532771,49.2952754],[-123.1534288,49.2953268],[-123.1537645,49.2953743],[-123.1543085,49.2954231],[-123.1548505,49.2954271],[-123.1550143,49.2954825],[-123.1553723,49.2956012],[-123.1555219,49.2957594],[-123.1554694,49.2958346],[-123.155348,49.2958966],[-123.1550871,49.2958953],[-123.1547676,49.2959217],[-123.154715,49.2959691],[-123.1547191,49.2961749],[-123.154804,49.2963279],[-123.1547865,49.2964888],[-123.1548147,49.2966208],[-123.1548235,49.2966449],[-123.1547601,49.2966621],[-123.1547584,49.2967023],[-123.1549221,49.2967035],[-123.1550841,49.2966989],[-123.1552144,49.2967207],[-123.1553799,49.2968826],[-123.1556651,49.2970158],[-123.1558711,49.2970686],[-123.1560682,49.2970422],[-123.156283,49.2970399],[-123.1565154,49.2970135],[-123.1567373,49.2970296],[-123.1569644,49.2970939],[-123.1572919,49.297242],[-123.1578095,49.2974613],[-123.1582408,49.2975887],[-123.1584961,49.2977747],[-123.1587514,49.298056],[-123.1589063,49.2982845],[-123.1589556,49.2985325],[-123.1591335,49.2987655],[-123.1593606,49.2989068],[-123.1595014,49.299064],[-123.1592637,49.2991559],[-123.1591035,49.2991708],[-123.1589292,49.2991593],[-123.1588553,49.2991811],[-123.1587655,49.2991857],[-123.1586229,49.2992236],[-123.1586264,49.2992707],[-123.1586915,49.2992983],[-123.1589503,49.2992856],[-123.1591792,49.2992282],[-123.1592972,49.2992202],[-123.1593183,49.2992477],[-123.1592901,49.2992822],[-123.1590859,49.2993465],[-123.1588782,49.2993867],[-123.1587866,49.2994314],[-123.1587091,49.2994647],[-123.158813,49.2994888],[-123.1589944,49.2994487],[-123.1591528,49.299428],[-123.1593412,49.2993729],[-123.1594732,49.2993338],[-123.1595366,49.2994303],[-123.1596898,49.2995026],[-123.1598306,49.2995417],[-123.1594926,49.2996014],[-123.159056,49.2997127],[-123.1587144,49.2997736],[-123.1586669,49.2998126],[-123.1583729,49.2998356],[-123.1584101,49.2998876],[-123.1584121,49.2999252],[-123.1583483,49.2999433],[-123.1582978,49.2998954],[-123.1582728,49.2998604],[-123.1582623,49.2998217],[-123.1582751,49.2997849],[-123.1583169,49.2996706],[-123.1583248,49.2995964],[-123.1583288,49.2995064],[-123.1583141,49.29939],[-123.1582886,49.2992733],[-123.1583271,49.2991682],[-123.1583423,49.2990205],[-123.1582887,49.2988925],[-123.1582442,49.2988088],[-123.1581035,49.2987525],[-123.1580579,49.2985627],[-123.1580459,49.2984359],[-123.1580418,49.2982916],[-123.1580231,49.2982374],[-123.1579855,49.2981805],[-123.1579238,49.2981123],[-123.157838,49.2980314],[-123.1576777,49.2978932],[-123.1575034,49.2977603],[-123.1573357,49.2976449],[-123.1571842,49.2975539],[-123.1571031,49.2975132],[-123.1570105,49.2974783],[-123.1569778,49.2974687],[-123.1569858,49.2974471],[-123.1569834,49.297425],[-123.1569708,49.2974044],[-123.1569493,49.2973872],[-123.1569208,49.2973751],[-123.1568877,49.2973692],[-123.1568533,49.2973701],[-123.1568211,49.2973778],[-123.156794,49.2973916],[-123.1567746,49.2974101],[-123.1567491,49.297418],[-123.156593,49.2974066],[-123.1564137,49.2974117],[-123.1561643,49.2974363],[-123.1559242,49.2974739],[-123.1556795,49.2975202],[-123.155314,49.2976357],[-123.1552027,49.2976606],[-123.1549553,49.2976912],[-123.1548346,49.2977048],[-123.1546991,49.2977113],[-123.1545858,49.2977087],[-123.1544745,49.2976947],[-123.1544041,49.2976798],[-123.1543531,49.2976606],[-123.1541432,49.2975482],[-123.1541511,49.2975174],[-123.1542298,49.2974819],[-123.1541497,49.2973778],[-123.1539154,49.2972361],[-123.1537625,49.2971261],[-123.1537046,49.2970413],[-123.1536085,49.2969504],[-123.153518,49.2969014],[-123.1534291,49.2967571],[-123.153341,49.2965927],[-123.1533085,49.2965362],[-123.1532729,49.2964902],[-123.1532073,49.2964208],[-123.1531239,49.2963338],[-123.1530995,49.2962278],[-123.1531057,49.2960711],[-123.1530456,49.2959432],[-123.1529896,49.2958287],[-123.1529809,49.2957482],[-123.1530023,49.2956551],[-123.1530303,49.2955756],[-123.1530845,49.295585],[-123.153289,49.2955962],[-123.1533849,49.295593],[-123.1533141,49.2955737],[-123.1532351,49.2955574],[-123.1530373,49.295531],[-123.1529564,49.2955112],[-123.1528848,49.2954904],[-123.1528675,49.2954577],[-123.1528209,49.2954063],[-123.1527596,49.2953518],[-123.1526592,49.2952887],[-123.1525243,49.2952239],[-123.1524123,49.2951764],[-123.1524599,49.2950087],[-123.1524819,49.2948682],[-123.1525389,49.2948375]]]}},{"type":"Feature","properties":{"id":"1396070033","name":"Beach","class":"beach","water":null,"source":"OpenStreetMap"},"geometry":{"type":"Polygon","coordinates":[[[-123.1582442,49.2988088],[-123.1582887,49.2988925],[-123.1583423,49.2990205],[-123.1583271,49.2991682],[-123.1582886,49.2992733],[-123.1582571,49.2991705],[-123.1582443,49.299131],[-123.1581035,49.2987525],[-123.1582442,49.2988088]]]}},{"type":"Feature","properties":{"id":"1396070037","name":"Beach","class":"beach","water":null,"source":"OpenStreetMap"},"geometry":{"type":"Polygon","coordinates":[[[-123.1587303,49.30003],[-123.1590238,49.2999804],[-123.159272,49.2999142],[-123.1593707,49.299896],[-123.1596373,49.2998841],[-123.1598345,49.2998281],[-123.1598962,49.299834],[-123.159968,49.2998083],[-123.1598927,49.299922],[-123.159891,49.3000207],[-123.1599385,49.3001206],[-123.1601005,49.3001114],[-123.1601956,49.3000402],[-123.1603927,49.3000896],[-123.1603787,49.3002756],[-123.1603417,49.300349],[-123.1602113,49.3004211],[-123.1601809,49.3003644],[-123.1600373,49.3003084],[-123.1598917,49.3002246],[-123.1596612,49.3002464],[-123.1593578,49.300288],[-123.1593386,49.3003717],[-123.159196,49.3004027],[-123.1591648,49.3004639],[-123.1589232,49.3005411],[-123.1587897,49.3005384],[-123.1586815,49.3006209],[-123.1587159,49.3006763],[-123.1587937,49.3006763],[-123.1588119,49.3006651],[-123.1588585,49.3006631],[-123.1588756,49.3006723],[-123.158997,49.3006519],[-123.1590213,49.30064],[-123.1591527,49.3006143],[-123.1593196,49.3005213],[-123.1593762,49.3004929],[-123.1595218,49.3005173],[-123.1595218,49.3005806],[-123.1594096,49.3006116],[-123.1593246,49.3006222],[-123.1593216,49.3006927],[-123.1592886,49.3007511],[-123.1591792,49.3008085],[-123.1591185,49.3007915],[-123.1589537,49.3008107],[-123.1587949,49.3008276],[-123.1587876,49.300892],[-123.1587069,49.3008959],[-123.158687,49.3009443],[-123.1586266,49.3009139],[-123.1585976,49.3008951],[-123.1585767,49.3008748],[-123.1585556,49.3008518],[-123.1585822,49.3008333],[-123.1585943,49.3007973],[-123.1585714,49.3007284],[-123.1584894,49.300567],[-123.1584113,49.3004507],[-123.1583077,49.3003392],[-123.1582894,49.3002992],[-123.1582874,49.3002664],[-123.1582921,49.3002414],[-123.1583061,49.3002152],[-123.1584322,49.300098],[-123.1584861,49.300097],[-123.1586249,49.3000291],[-123.1587303,49.30003]]]}},{"type":"Feature","properties":{"id":"1396070040","name":"Beach","class":"beach","water":null,"source":"OpenStreetMap"},"geometry":{"type":"Polygon","coordinates":[[[-123.1469984,49.2898356],[-123.1470974,49.2898463],[-123.1469569,49.2899474],[-123.1469068,49.2899919],[-123.1467742,49.2900468],[-123.1467695,49.2900743],[-123.1467786,49.2900957],[-123.1467369,49.2901024],[-123.1466867,49.2900729],[-123.146657,49.2900348],[-123.1465478,49.2899943],[-123.1463916,49.289967],[-123.1463405,49.2899143],[-123.1463097,49.2898954],[-123.1462679,49.2898977],[-123.1462586,49.2899197],[-123.1462911,49.28995],[-123.1462528,49.2899587],[-123.1461384,49.28992],[-123.1460855,49.2898727],[-123.1459868,49.2897916],[-123.1459357,49.2897356],[-123.1459282,49.2897105],[-123.1459482,49.2896915],[-123.1459911,49.2896772],[-123.1460352,49.2896601],[-123.1461105,49.2896234],[-123.1461568,49.2896111],[-123.1462185,49.2895848],[-123.146286,49.289556],[-123.1462874,49.2895931],[-123.1462673,49.289622],[-123.1461602,49.2896588],[-123.146132,49.2896967],[-123.1461927,49.289672],[-123.1462514,49.2896751],[-123.1463888,49.2897611],[-123.1463833,49.2898425],[-123.1464329,49.28988],[-123.1465325,49.289894],[-123.1465809,49.2899194],[-123.1465448,49.2899528],[-123.1466597,49.2899876],[-123.146715,49.289978],[-123.1467711,49.2899449],[-123.1469273,49.2898108],[-123.1469984,49.2898356]]]}},{"type":"Feature","properties":{"id":"1410217315","name":"Beach","class":"beach","water":null,"source":"OpenStreetMap"},"geometry":{"type":"Polygon","coordinates":[[[-123.1384689,49.2759025],[-123.1385917,49.2758311],[-123.1386482,49.2758205],[-123.1392668,49.2763753],[-123.139456,49.2764316],[-123.1395406,49.2764272],[-123.1397557,49.2763103],[-123.1398988,49.276211],[-123.1400692,49.2761398],[-123.140102,49.2761377],[-123.1401076,49.276193],[-123.1401555,49.2762072],[-123.1401268,49.2762631],[-123.1400908,49.2763156],[-123.139999,49.2763543],[-123.1399942,49.276433],[-123.1400656,49.276529],[-123.1401802,49.276594],[-123.1402637,49.276583],[-123.1403363,49.2765944],[-123.1404233,49.2766809],[-123.1399054,49.27689],[-123.1397223,49.2767545],[-123.1394738,49.276637],[-123.139304,49.2765466],[-123.1384432,49.2759368],[-123.1384689,49.2759025]]]}},{"type":"Feature","properties":{"id":"1410217317","name":"Beach","class":"beach","water":null,"source":"OpenStreetMap"},"geometry":{"type":"Polygon","coordinates":[[[-123.1406605,49.2770817],[-123.1406155,49.2770893],[-123.1404048,49.2770889],[-123.1402548,49.2771288],[-123.140061,49.2771668],[-123.1400357,49.2771136],[-123.1399817,49.2770274],[-123.1404583,49.2768501],[-123.1405363,49.2768336],[-123.1406245,49.2768712],[-123.1406623,49.2769456],[-123.1407343,49.2770693],[-123.1406605,49.2770817]]]}},{"type":"Feature","properties":{"id":"1410217318","name":"Beach","class":"beach","water":null,"source":"OpenStreetMap"},"geometry":{"type":"Polygon","coordinates":[[[-123.1402112,49.2773361],[-123.1402145,49.2773453],[-123.1402266,49.2773506],[-123.1402712,49.2773669],[-123.1403382,49.2774014],[-123.1403906,49.2774001],[-123.1404335,49.277387],[-123.1404787,49.2773616],[-123.1405202,49.2773505],[-123.1405648,49.2773415],[-123.1406049,49.2773324],[-123.1406372,49.2773294],[-123.1406752,49.2773265],[-123.140754,49.2773688],[-123.1409533,49.2775607],[-123.1415474,49.2778348],[-123.1417622,49.2779932],[-123.1418963,49.2781227],[-123.1420465,49.2782697],[-123.1421605,49.2783668],[-123.1422892,49.2784412],[-123.1425253,49.278533],[-123.1421665,49.2784167],[-123.1420198,49.2783151],[-123.1418722,49.2782601],[-123.1417422,49.2782053],[-123.141558,49.2780911],[-123.1414053,49.2779715],[-123.1412302,49.277894],[-123.141077,49.2778524],[-123.140904,49.2777449],[-123.1406088,49.2775745],[-123.1403683,49.277492],[-123.1402253,49.2774166],[-123.1401196,49.27733],[-123.1402172,49.2773226],[-123.1402112,49.2773361]]]}},{"type":"Feature","properties":{"id":"1410217319","name":"Beach","class":"beach","water":null,"source":"OpenStreetMap"},"geometry":{"type":"Polygon","coordinates":[[[-123.1398484,49.2795917],[-123.1397519,49.2796013],[-123.1396969,49.2796275],[-123.1396706,49.2796509],[-123.1396162,49.2796204],[-123.1396055,49.2795825],[-123.1396556,49.2795099],[-123.1396985,49.2795018],[-123.1397404,49.2795132],[-123.1397768,49.2795769],[-123.1399356,49.2795925],[-123.1398484,49.2795917]]]}},{"type":"Feature","properties":{"id":"1410217320","name":"Beach","class":"beach","water":null,"source":"OpenStreetMap"},"geometry":{"type":"Polygon","coordinates":[[[-123.1387903,49.2783759],[-123.1388329,49.2785468],[-123.1389074,49.2786446],[-123.1390305,49.2786888],[-123.1394447,49.2787937],[-123.1390319,49.2787491],[-123.1389024,49.2787493],[-123.1387492,49.2787672],[-123.1386972,49.2788149],[-123.1386689,49.2787956],[-123.1386367,49.2787682],[-123.1385345,49.2787143],[-123.1384813,49.278658],[-123.1384878,49.2785667],[-123.1387221,49.2783158],[-123.1387903,49.2783759]]]}},{"type":"Feature","properties":{"id":"1412350104","name":"Water","class":"water","water":null,"source":"OpenStreetMap"},"geometry":{"type":"Polygon","coordinates":[[[-123.1149515,49.278791],[-123.1152063,49.278951],[-123.1151849,49.2789711],[-123.1152144,49.2790158],[-123.1151952,49.2790291],[-123.1152774,49.2791102],[-123.1153096,49.2791085],[-123.1153627,49.2790726],[-123.115379,49.2790615],[-123.1153883,49.279068],[-123.1152811,49.2791388],[-123.115251,49.2791373],[-123.1149422,49.2787977],[-123.1149515,49.278791]]]}},{"type":"Feature","properties":{"id":"1420113901","name":"Woodland","class":"wood","water":null,"source":"OpenStreetMap"},"geometry":{"type":"Polygon","coordinates":[[[-123.1222028,49.2683877],[-123.1222361,49.2684193],[-123.1222456,49.2684362],[-123.122159,49.2684807],[-123.1221097,49.2684939],[-123.1220396,49.2685085],[-123.1219463,49.2685192],[-123.1218877,49.2685228],[-123.1218276,49.2685212],[-123.1217674,49.2685162],[-123.1217197,49.268508],[-123.1216577,49.2684987],[-123.1216069,49.2684825],[-123.1215751,49.2684655],[-123.1215296,49.2684408],[-123.1214804,49.2684115],[-123.121448,49.2683789],[-123.121418,49.2683363],[-123.1213924,49.2682904],[-123.1213518,49.2681515],[-123.12136,49.2681296],[-123.1213673,49.2681162],[-123.1213767,49.268105],[-123.1213912,49.2681022],[-123.1214049,49.2681039],[-123.121415,49.2681101],[-123.1214261,49.2681152],[-123.1214406,49.2681167],[-123.1214551,49.2681128],[-123.1214769,49.2680979],[-123.121497,49.2680859],[-123.1215769,49.2680962],[-123.121659,49.2681026],[-123.1217551,49.2681063],[-123.1218438,49.2681036],[-123.1218879,49.2680998],[-123.1219175,49.2680945],[-123.1219641,49.268078],[-123.122,49.2680758],[-123.1220205,49.2680784],[-123.1220388,49.2680863],[-123.1220505,49.2680993],[-123.1220618,49.2681145],[-123.1220635,49.2681272],[-123.1220592,49.2681405],[-123.1220595,49.2681605],[-123.1220707,49.2681929],[-123.1220786,49.2682254],[-123.122088,49.2682487],[-123.1221208,49.2682808],[-123.1221383,49.2682882],[-123.1221785,49.2682918],[-123.1221962,49.2682965],[-123.1222089,49.268307],[-123.1222124,49.2683098],[-123.1222246,49.2683257],[-123.1222306,49.2683476],[-123.1222236,49.2683678],[-123.1222058,49.2683764],[-123.1222028,49.2683877]]]}},{"type":"Feature","properties":{"id":"1420113905","name":"Woodland","class":"wood","water":null,"source":"OpenStreetMap"},"geometry":{"type":"Polygon","coordinates":[[[-123.123996,49.2676239],[-123.1239819,49.2675993],[-123.1239404,49.2675927],[-123.1239131,49.2675828],[-123.1238868,49.2675644],[-123.1238725,49.2675433],[-123.1238906,49.2675144],[-123.1239053,49.2674837],[-123.1239182,49.2674493],[-123.12393,49.2674339],[-123.123939,49.2674114],[-123.1239521,49.2673876],[-123.1239418,49.2673584],[-123.1239031,49.2673436],[-123.123922,49.2673409],[-123.1239583,49.2673486],[-123.1239955,49.2673387],[-123.124063,49.2673844],[-123.1240898,49.2674223],[-123.1240695,49.2675595],[-123.124052,49.2675926],[-123.1240292,49.2676092],[-123.1240195,49.2676396],[-123.1239787,49.2676571],[-123.123996,49.2676239]]]}},{"type":"Feature","properties":{"id":"1420633003","name":"Woodland","class":"wood","water":null,"source":"OpenStreetMap"},"geometry":{"type":"Polygon","coordinates":[[[-123.1274525,49.2678768],[-123.127436,49.2678994],[-123.1274005,49.2679242],[-123.1273789,49.267931],[-123.1273374,49.2679457],[-123.1272976,49.267953],[-123.1272612,49.2679575],[-123.1272171,49.2679564],[-123.1271695,49.26794],[-123.1271357,49.2679287],[-123.1271054,49.2679191],[-123.1270977,49.2679044],[-123.1271132,49.2678802],[-123.1271323,49.2678576],[-123.127153,49.2678451],[-123.1271894,49.2678248],[-123.1272205,49.2678271],[-123.1272629,49.2678293],[-123.1272846,49.2678192],[-123.1273114,49.2678062],[-123.1273599,49.2678062],[-123.1273936,49.2678118],[-123.1274282,49.2678209],[-123.1274438,49.2678299],[-123.1274568,49.2678474],[-123.1274525,49.2678768]]]}},{"type":"Feature","properties":{"id":"1445861053","name":"Big Leaf Pond","class":"water","water":"pond","source":"OpenStreetMap"},"geometry":{"type":"Polygon","coordinates":[[[-123.1180828,49.2748707],[-123.118069,49.2748631],[-123.1180543,49.274858],[-123.1180397,49.2748543],[-123.1180026,49.2748512],[-123.1180005,49.2748458],[-123.1180298,49.2748383],[-123.1179911,49.2747885],[-123.1179974,49.2747714],[-123.1180193,49.2747503],[-123.118082,49.2747251],[-123.1181478,49.274723],[-123.1182607,49.274721],[-123.1183673,49.2747299],[-123.1184241,49.2747391],[-123.1184822,49.2747551],[-123.118426,49.2747686],[-123.1183854,49.2747821],[-123.1183459,49.2747974],[-123.1182983,49.2748252],[-123.118094,49.2748785],[-123.1180828,49.2748707]]]}},{"type":"Feature","properties":{"id":"1438361","name":"Water","class":"water","water":"river","source":"OpenStreetMap"},"geometry":{"type":"Polygon","coordinates":[[[-123.1099136,49.2705342],[-123.1099324,49.270557],[-123.1099592,49.2705683],[-123.1099927,49.2705753],[-123.1100786,49.2705718],[-123.1101483,49.2705718],[-123.1102046,49.2705788],[-123.1102663,49.2705981],[-123.1102998,49.2706156],[-123.1103535,49.2706707],[-123.1103736,49.2706987],[-123.1103897,49.2707591],[-123.1103937,49.2707906],[-123.1103803,49.2708274],[-123.1103816,49.2708624],[-123.1104004,49.270886],[-123.1104259,49.2708939],[-123.1104836,49.2709061],[-123.1105426,49.2709157],[-123.110615,49.2710234],[-123.1107142,49.2711565],[-123.11069,49.2711835],[-123.1106715,49.271211],[-123.1106529,49.2712448],[-123.1106292,49.2713059],[-123.1106521,49.2713692],[-123.1106828,49.2714194],[-123.1106035,49.2714598],[-123.1105745,49.2713955],[-123.1105463,49.2713429],[-123.1105283,49.2712894],[-123.1104922,49.2712466],[-123.1104873,49.2712249],[-123.1105298,49.2711917],[-123.1105682,49.2711502],[-123.1105676,49.2711041],[-123.1105434,49.2710318],[-123.1105118,49.270979],[-123.110475,49.2709664],[-123.1104198,49.2709648],[-123.1103671,49.2709611],[-123.1103216,49.2709491],[-123.1102811,49.2709286],[-123.110252,49.2708912],[-123.1102451,49.2708426],[-123.1102715,49.2708055],[-123.1103079,49.2707468],[-123.11032,49.2707013],[-123.1102864,49.270648],[-123.1102408,49.2706156],[-123.1101604,49.2706042],[-123.1100812,49.270599],[-123.109986,49.2706033],[-123.1099404,49.2705911],[-123.1098841,49.2705675],[-123.1098318,49.2705815],[-123.1097956,49.2705797],[-123.1098023,49.270557],[-123.1098345,49.2705298],[-123.1098626,49.270508],[-123.1098792,49.270514],[-123.1099082,49.270515],[-123.1099136,49.2705342]],[[-123.1104145,49.2709105],[-123.1103884,49.2708947],[-123.1103542,49.2708755],[-123.1103521,49.2708418],[-123.1103542,49.2707994],[-123.1103548,49.2707665],[-123.110334,49.270756],[-123.1103193,49.2707587],[-123.1103059,49.2707792],[-123.1102958,49.2708059],[-123.1102871,49.2708295],[-123.1102844,49.2708619],[-123.1102884,49.2708834],[-123.1103112,49.2709004],[-123.1103401,49.2709153],[-123.1103609,49.2709271],[-123.1104044,49.2709293],[-123.1104333,49.2709254],[-123.1104299,49.2709153],[-123.1104145,49.2709105]]]}},{"type":"Feature","properties":{"id":"9378304","name":"Water","class":"water","water":"pond","source":"OpenStreetMap"},"geometry":{"type":"Polygon","coordinates":[[[-123.1038722,49.2794624],[-123.1039154,49.2794687],[-123.1039754,49.2795079],[-123.103973,49.2795721],[-123.1039274,49.2795909],[-123.1038609,49.2796492],[-123.103889,49.2796927],[-123.103808,49.2796928],[-123.1037764,49.2796943],[-123.1037503,49.2796988],[-123.1036714,49.279708],[-123.103598,49.2796769],[-123.1035216,49.2796892],[-123.1034828,49.2797246],[-123.10349,49.2797672],[-123.1033635,49.2797661],[-123.1032432,49.2797477],[-123.1032733,49.2797001],[-123.1031762,49.279645],[-123.103095,49.2796594],[-123.1030207,49.279687],[-123.1030159,49.2797033],[-123.1029969,49.2797157],[-123.1029598,49.2797204],[-123.1028919,49.2797178],[-123.1027811,49.2797072],[-123.1027791,49.2796601],[-123.1028092,49.279651],[-123.1028157,49.2796146],[-123.1028451,49.2796083],[-123.102884,49.2796583],[-123.1030158,49.279648],[-123.1030647,49.2796344],[-123.1030556,49.2795978],[-123.1030138,49.2795757],[-123.10312,49.2795321],[-123.1032407,49.279498],[-123.1033223,49.279511],[-123.1034003,49.2795112],[-123.1034687,49.279512],[-123.1035167,49.2795174],[-123.1035395,49.2795038],[-123.1035639,49.2794945],[-123.1036008,49.2794906],[-123.1036491,49.2794817],[-123.1036887,49.2794842],[-123.1038421,49.2794722],[-123.1038722,49.2794624]],[[-123.1037529,49.2796406],[-123.1037726,49.2796295],[-123.103817,49.279641],[-123.1038746,49.2795909],[-123.1038434,49.27954],[-123.1036928,49.2795283],[-123.1036042,49.2795654],[-123.1036197,49.2795847],[-123.103655,49.2795859],[-123.1036806,49.2796083],[-123.1036818,49.2796306],[-123.1037529,49.2796406]],[[-123.1033667,49.2796008],[-123.1033249,49.2795502],[-123.1032454,49.2795464],[-123.1032051,49.2795745],[-123.1032627,49.2796515],[-123.1033562,49.2796604],[-123.1033667,49.2796008]]]}},{"type":"Feature","properties":{"id":"10843751","name":"Dolphin","class":"water","water":null,"source":"OpenStreetMap"},"geometry":{"type":"Polygon","coordinates":[[[-123.1315744,49.3003819],[-123.1315463,49.3004256],[-123.1315342,49.3004238],[-123.1314859,49.3004964],[-123.1314764,49.3005142],[-123.131436,49.3005048],[-123.1314108,49.3004781],[-123.1314135,49.3004028],[-123.1314452,49.3003536],[-123.131439,49.3003486],[-123.1314738,49.3003171],[-123.1315422,49.3002944],[-123.1316294,49.300276],[-123.1317383,49.300252],[-123.1317681,49.3002596],[-123.131793,49.3002931],[-123.1317994,49.3003351],[-123.1317758,49.300363],[-123.1317052,49.3003683],[-123.1316361,49.3003705],[-123.1315744,49.3003819]]]}},{"type":"Feature","properties":{"id":"11670777","name":"Water","class":"water","water":null,"source":"OpenStreetMap"},"geometry":{"type":"Polygon","coordinates":[[[-123.1364963,49.270089],[-123.1364648,49.2700758],[-123.1363676,49.2700671],[-123.1362736,49.2700435],[-123.1361899,49.2700041],[-123.1361543,49.2699726],[-123.1361543,49.2699415],[-123.1361671,49.2699126],[-123.136157,49.269882],[-123.1360852,49.2698312],[-123.1360243,49.2698199],[-123.1359901,49.2698028],[-123.1358952,49.2697871],[-123.1358512,49.2697599],[-123.1358231,49.2697166],[-123.1358258,49.2696794],[-123.1358097,49.2696567],[-123.1358141,49.2696461],[-123.1357139,49.2695915],[-123.1356984,49.2695674],[-123.1357017,49.269539],[-123.1356662,49.2695105],[-123.1356749,49.2694834],[-123.1356655,49.2694659],[-123.1356394,49.2694471],[-123.1356219,49.2694178],[-123.1355663,49.2693696],[-123.135512,49.2693526],[-123.135465,49.2693587],[-123.1354181,49.2693985],[-123.1354114,49.2694248],[-123.1353879,49.2694554],[-123.1353564,49.2694747],[-123.1353289,49.2694768],[-123.1353128,49.2694742],[-123.1353043,49.2694703],[-123.1352957,49.2694656],[-123.1352681,49.2693964],[-123.1352873,49.2693591],[-123.1353155,49.2693381],[-123.1353702,49.2693199],[-123.1354764,49.2692983],[-123.1354999,49.269297],[-123.1355248,49.2693023],[-123.1355596,49.2693263],[-123.1355991,49.269343],[-123.1356353,49.2693696],[-123.1356803,49.2693898],[-123.1357419,49.2694418],[-123.1357705,49.269491],[-123.1360903,49.2696813],[-123.136265,49.2697949],[-123.1363709,49.2698215],[-123.1367049,49.2698671],[-123.1367351,49.2698857],[-123.1367475,49.2699252],[-123.1367542,49.2699432],[-123.1367172,49.2699899],[-123.1366436,49.2700293],[-123.1365861,49.2700564],[-123.1365386,49.2700872],[-123.1364963,49.270089]]]}},{"type":"Feature","properties":{"id":"16125173","name":"Woodland","class":"wood","water":null,"source":"OpenStreetMap"},"geometry":{"type":"Polygon","coordinates":[[[-123.1426264,49.3084462],[-123.1422852,49.3082641],[-123.1417708,49.3081332],[-123.1415261,49.3081697],[-123.1413148,49.3082521],[-123.1409742,49.3086229],[-123.140781,49.3089866],[-123.1407121,49.309154],[-123.1406642,49.3093343],[-123.1401789,49.311294],[-123.1401226,49.3115983],[-123.1400582,49.3117155],[-123.1398973,49.3117015],[-123.1397202,49.3115196],[-123.1394064,49.3110317],[-123.1393689,49.3109286],[-123.1390015,49.3105597],[-123.1387305,49.310383],[-123.1384194,49.3102623],[-123.1381431,49.3102483],[-123.1375208,49.3100804],[-123.1374269,49.3099843],[-123.1371319,49.3095191],[-123.1370434,49.3094422],[-123.1368422,49.3090959],[-123.1363943,49.3084996],[-123.1361288,49.3078753],[-123.1360966,49.3076882],[-123.1361636,49.3073734],[-123.1360429,49.3071006],[-123.1357103,49.3067875],[-123.1356862,49.3066861],[-123.1354904,49.3066756],[-123.1349405,49.3065339],[-123.134793,49.3064535],[-123.1342163,49.3062366],[-123.1340155,49.3061174],[-123.1339723,49.3060338],[-123.1339991,49.3057347],[-123.1338864,49.3057155],[-123.1336102,49.3058152],[-123.1334251,49.3058204],[-123.1329289,49.3053779],[-123.1320674,49.3044266],[-123.1318895,49.3041275],[-123.1318278,49.304103],[-123.1316991,49.30395],[-123.1316843,49.303831],[-123.1316038,49.3037051],[-123.1316146,49.3036133],[-123.1315449,49.3035136],[-123.1316401,49.3034681],[-123.131632,49.3033938],[-123.1315368,49.3034594],[-123.1314738,49.3034297],[-123.1313558,49.3032889],[-123.1312096,49.303232],[-123.131172,49.3031079],[-123.131282,49.3030659],[-123.1314108,49.3030694],[-123.1314751,49.302919],[-123.1315019,49.3027476],[-123.1313866,49.3026164],[-123.1314306,49.3025209],[-123.131451,49.3024765],[-123.1315905,49.3023628],[-123.1316361,49.3022211],[-123.1317138,49.3021319],[-123.1320518,49.3021144],[-123.1320813,49.3019255],[-123.1321591,49.3018871],[-123.1322771,49.3019203],[-123.1325158,49.3022036],[-123.1327331,49.3022579],[-123.1328133,49.3022559],[-123.1328814,49.3022338],[-123.13295,49.3021933],[-123.1330238,49.3021275],[-123.1330783,49.3021041],[-123.1332266,49.3019623],[-123.1335243,49.3018066],[-123.1339481,49.3017209],[-123.1341064,49.3016002],[-123.1343505,49.3014988],[-123.1344577,49.3013851],[-123.1345436,49.3014113],[-123.1345838,49.3014953],[-123.1345355,49.3015915],[-123.1345999,49.3016807],[-123.1347179,49.3017384],[-123.1347769,49.3017192],[-123.1348172,49.30163],[-123.1349195,49.301614],[-123.1351363,49.3016055],[-123.1354475,49.30156],[-123.1355467,49.3015862],[-123.1356165,49.3016859],[-123.135536,49.3023645],[-123.1355944,49.3031197],[-123.1357774,49.3034454],[-123.1359946,49.3041047],[-123.1367987,49.3061026],[-123.1367558,49.3061743],[-123.1367934,49.3062206],[-123.1368752,49.3062346],[-123.1369629,49.3064255],[-123.1370702,49.3068068],[-123.1374565,49.3087602],[-123.1375932,49.3087374],[-123.1376013,49.3085451],[-123.1373137,49.3070985],[-123.1372158,49.3066919],[-123.1370576,49.3062792],[-123.1370327,49.306095],[-123.1369543,49.30603],[-123.13692,49.3059533],[-123.1366217,49.3050646],[-123.1359115,49.303267],[-123.1357715,49.3026257],[-123.1357621,49.3018518],[-123.1358444,49.2998337],[-123.1359491,49.299727],[-123.1361609,49.2997725],[-123.1362065,49.2999089],[-123.1361985,49.3000139],[-123.1362414,49.3001328],[-123.1362709,49.3004406],[-123.1362918,49.3007176],[-123.1364514,49.3007561],[-123.1364474,49.301112],[-123.1365801,49.3013901],[-123.137008,49.3019205],[-123.1376402,49.3016176],[-123.1377067,49.3010849],[-123.1377751,49.301014],[-123.1380701,49.3009826],[-123.1381439,49.3009178],[-123.1381619,49.3006977],[-123.1382906,49.3006208],[-123.1383496,49.3004599],[-123.138296,49.3003689],[-123.1383598,49.2999331],[-123.1383383,49.2996104],[-123.1374706,49.2995597],[-123.1374317,49.2995046],[-123.1374867,49.2994556],[-123.1373473,49.2994058],[-123.1370595,49.299539],[-123.1366472,49.2995282],[-123.1365913,49.2994691],[-123.1368274,49.2991752],[-123.1369776,49.2984686],[-123.1372258,49.2985875],[-123.1376013,49.2986365],[-123.137612,49.2986942],[-123.1374511,49.2987589],[-123.1373679,49.2989198],[-123.1376576,49.2990143],[-123.1378695,49.2989355],[-123.1379655,49.2986545],[-123.1379065,49.2985916],[-123.1377456,49.2985688],[-123.1376308,49.2985088],[-123.1376362,49.2983723],[-123.1377348,49.2983065],[-123.1379387,49.298296],[-123.1380513,49.2982645],[-123.1381713,49.2982691],[-123.1398042,49.2988872],[-123.1405785,49.2992224],[-123.1415602,49.2997672],[-123.1431977,49.3009793],[-123.1435759,49.3013318],[-123.1440279,49.3018276],[-123.1447864,49.3031338],[-123.1449465,49.3034734],[-123.1449693,49.3035941],[-123.1449465,49.3036544],[-123.1448419,49.3037209],[-123.1449009,49.3038818],[-123.1450653,49.303941],[-123.1450994,49.3040628],[-123.1451745,49.3048218],[-123.1451745,49.3055458],[-123.1449687,49.3067007],[-123.144675,49.3076949],[-123.1443001,49.3084497],[-123.1439326,49.3090268],[-123.1438549,49.3090443],[-123.1436934,49.3090073],[-123.143018,49.3086963],[-123.1426264,49.3084462]],[[-123.1343721,49.3024446],[-123.1344282,49.3021408],[-123.1344087,49.3020851],[-123.1343146,49.3019957],[-123.1341906,49.3019829],[-123.1341307,49.3020557],[-123.1340857,49.3020644],[-123.1340294,49.3020957],[-123.1340943,49.3021579],[-123.1339773,49.302233],[-123.1338326,49.3024275],[-123.1336992,49.3025169],[-123.133687,49.3026109],[-123.1338304,49.302638],[-123.1338525,49.3027046],[-123.1339998,49.3026313],[-123.1340745,49.3025214],[-123.1341492,49.3024545],[-123.1342857,49.3024621],[-123.1343651,49.3025344],[-123.1343861,49.3024933],[-123.1343721,49.3024446]],[[-123.1339671,49.3034933],[-123.1343795,49.3034625],[-123.1345505,49.3034281],[-123.1345269,49.3032548],[-123.1342198,49.3031627],[-123.134011,49.3029476],[-123.1338039,49.3030179],[-123.1336117,49.3032536],[-123.1335477,49.3032748],[-123.1335854,49.3033572],[-123.133739,49.303352],[-123.1339671,49.3034739],[-123.1339671,49.3034933]],[[-123.1406912,49.3035116],[-123.1406445,49.3034608],[-123.1403519,49.3033732],[-123.1398351,49.303281],[-123.1391917,49.3031494],[-123.1384652,49.3029723],[-123.1379967,49.303021],[-123.1376571,49.3031354],[-123.137605,49.3034925],[-123.1377338,49.3037636],[-123.1377016,49.3040155],[-123.1376104,49.3044247],[-123.1376869,49.3046266],[-123.1378974,49.3048032],[-123.1379897,49.3048617],[-123.138279,49.3050451],[-123.138508,49.3051443],[-123.1387605,49.3051853],[-123.1390407,49.3051241],[-123.139542,49.3049615],[-123.140027,49.3047554],[-123.1404216,49.3046361],[-123.1406206,49.3045126],[-123.1406574,49.3043924],[-123.1404711,49.3042645],[-123.1403221,49.3042087],[-123.1404106,49.3040723],[-123.140593,49.3039954],[-123.1404777,49.3039219],[-123.1402717,49.3038841],[-123.1402776,49.3038258],[-123.1402957,49.3036482],[-123.1406047,49.3035186],[-123.1406912,49.3035116]]]}},{"type":"Feature","properties":{"id":"17060821","name":"Lost Lagoon","class":"water","water":"lagoon","source":"OpenStreetMap"},"geometry":{"type":"Polygon","coordinates":[[[-123.1382406,49.2972765],[-123.1380511,49.2972389],[-123.137519,49.2973449],[-123.1374661,49.2972961],[-123.1374903,49.2972628],[-123.1374465,49.2972333],[-123.1374224,49.2971931],[-123.1374051,49.2971535],[-123.137385,49.297133],[-123.1373608,49.2971207],[-123.1373347,49.2971168],[-123.1372984,49.2971215],[-123.1372919,49.2971126],[-123.1373072,49.2971002],[-123.1373155,49.2970813],[-123.1373063,49.2970571],[-123.1371478,49.2969373],[-123.1368956,49.296433],[-123.1367426,49.2959448],[-123.1370016,49.2954438],[-123.137106,49.2952722],[-123.1371653,49.2952061],[-123.1371781,49.2950646],[-123.1373358,49.2948422],[-123.1373989,49.2947678],[-123.1374387,49.2946784],[-123.1375154,49.29455],[-123.1376938,49.2944725],[-123.1380619,49.2943849],[-123.1381204,49.2943807],[-123.1382539,49.2943605],[-123.138365,49.2943273],[-123.1387843,49.2942599],[-123.1388961,49.2942504],[-123.1388976,49.294263],[-123.1390553,49.2942521],[-123.1390839,49.294251],[-123.1391318,49.2942511],[-123.1391784,49.2942522],[-123.139376,49.2942602],[-123.1395325,49.2942547],[-123.1396896,49.2942173],[-123.1402443,49.294012],[-123.1407982,49.2938928],[-123.1412841,49.2938469],[-123.1414962,49.2938608],[-123.1416998,49.2939176],[-123.1421815,49.2941645],[-123.1425903,49.2943334],[-123.1431559,49.2944834],[-123.1433124,49.294615],[-123.1434428,49.2946723],[-123.1435541,49.2947913],[-123.1437321,49.2948699],[-123.1438853,49.2949478],[-123.1439333,49.2950737],[-123.1441928,49.2952363],[-123.1444747,49.2955011],[-123.1446529,49.2956963],[-123.1446612,49.2957054],[-123.1449033,49.2959534],[-123.1455066,49.2960385],[-123.1455369,49.2960496],[-123.1455654,49.2960638],[-123.1455852,49.2960791],[-123.1452929,49.2961531],[-123.1450864,49.2961935],[-123.1450172,49.2961768],[-123.1449969,49.2962276],[-123.1446352,49.2964409],[-123.1445311,49.2964901],[-123.1440791,49.2965321],[-123.1439684,49.2965258],[-123.1437875,49.296469],[-123.1435536,49.2964738],[-123.1432285,49.2963999],[-123.1430826,49.2964044],[-123.1429726,49.2964195],[-123.1425236,49.2964889],[-123.142086,49.2966734],[-123.1418998,49.2968181],[-123.1416797,49.296945],[-123.1413558,49.2970724],[-123.1409563,49.2971374],[-123.1406217,49.29707],[-123.1404921,49.2970171],[-123.1401551,49.2970473],[-123.1398447,49.2971123],[-123.1392713,49.2970121],[-123.1391665,49.2970345],[-123.1390932,49.2970928],[-123.1390825,49.2971297],[-123.1389903,49.2971724],[-123.1385179,49.2972184],[-123.1382406,49.2972765]],[[-123.1419742,49.2941798],[-123.1419531,49.2941902],[-123.1419614,49.2942123],[-123.1419632,49.2942225],[-123.1420112,49.294246],[-123.1420428,49.2942565],[-123.1420593,49.2942523],[-123.1420771,49.2942442],[-123.1420931,49.2942329],[-123.1420936,49.2942168],[-123.1420789,49.2942049],[-123.1420538,49.2941986],[-123.1420282,49.2941929],[-123.1419742,49.2941798]],[[-123.1421922,49.296575],[-123.1422338,49.2965636],[-123.1422458,49.2965487],[-123.1422244,49.2965181],[-123.1421721,49.2965243],[-123.1421546,49.2965566],[-123.1421922,49.296575]],[[-123.1403549,49.2970062],[-123.1403777,49.297],[-123.1403965,49.2969878],[-123.1404353,49.2969607],[-123.1404058,49.2969423],[-123.1403562,49.2969528],[-123.1403227,49.2969738],[-123.1403549,49.2970062]],[[-123.1373886,49.2970571],[-123.1374165,49.297038],[-123.1374229,49.2970144],[-123.1374078,49.2970043],[-123.1373735,49.2969888],[-123.1373391,49.296987],[-123.1373274,49.2969919],[-123.1373213,49.2970029],[-123.1373182,49.2970187],[-123.1373309,49.2970389],[-123.1373693,49.2970607],[-123.1373748,49.2970607],[-123.1373886,49.2970571]]]}},{"type":"Feature","properties":{"id":"19135308","name":"Beach","class":"beach","water":null,"source":"OpenStreetMap"},"geometry":{"type":"Polygon","coordinates":[[[-123.1105132,49.2724806],[-123.109997,49.2724696],[-123.1097699,49.2724604],[-123.1097704,49.2724207],[-123.1098034,49.272384],[-123.1097976,49.2723611],[-123.1097601,49.2723449],[-123.1098991,49.2722495],[-123.1100823,49.272037],[-123.1101421,49.2719732],[-123.1101641,49.2719497],[-123.1103129,49.2719102],[-123.1104397,49.2718533],[-123.1106051,49.2717688],[-123.1106198,49.2717266],[-123.1106383,49.2717261],[-123.1106875,49.2717142],[-123.1108028,49.2716862],[-123.1108372,49.2716779],[-123.1108605,49.2717093],[-123.1109256,49.2717312],[-123.1109711,49.271779],[-123.1109762,49.2718087],[-123.1110092,49.2718561],[-123.1110396,49.2718578],[-123.111059,49.2718423],[-123.1110818,49.2718423],[-123.1110708,49.2718964],[-123.1110235,49.2719791],[-123.1109923,49.2719917],[-123.1110108,49.2720061],[-123.1110413,49.272],[-123.1110603,49.2719812],[-123.1111661,49.2718405],[-123.1112139,49.2718525],[-123.1112853,49.2718725],[-123.1113625,49.2718868],[-123.1113736,49.2719171],[-123.1113398,49.2719263],[-123.1113195,49.2719837],[-123.1113343,49.2720393],[-123.111371,49.2720687],[-123.1114509,49.272084],[-123.111578,49.2720798],[-123.1118665,49.2720186],[-123.1121185,49.27192],[-123.1122082,49.2719086],[-123.1122776,49.2719221],[-123.1123253,49.2719502],[-123.1123226,49.2719889],[-123.1122428,49.2720375],[-123.1118714,49.2721799],[-123.111566,49.2722589],[-123.1109923,49.2724174],[-123.1108201,49.2724502],[-123.1106937,49.27247],[-123.1105132,49.2724806]],[[-123.1111592,49.2723014],[-123.1112168,49.2722846],[-123.1112833,49.2722479],[-123.1113522,49.2722074],[-123.1113276,49.2721853],[-123.1112734,49.2721599],[-123.1111968,49.2721484],[-123.1110639,49.2721442],[-123.111019,49.2721265],[-123.1110064,49.2721018],[-123.1110311,49.2720696],[-123.1110111,49.2720441],[-123.1109779,49.2720284],[-123.1109381,49.2720191],[-123.1108669,49.272038],[-123.1107543,49.2720717],[-123.1106465,49.2721164],[-123.1105828,49.2721456],[-123.1105143,49.2721571],[-123.1104853,49.2721608],[-123.1104166,49.2721397],[-123.1103589,49.2721647],[-123.1102921,49.2722284],[-123.110199,49.272259],[-123.1101373,49.2723061],[-123.1101202,49.2723338],[-123.1101299,49.2723551],[-123.1101499,49.2723809],[-123.1101924,49.2723995],[-123.1105269,49.2724292],[-123.1106842,49.2724177],[-123.1108723,49.2723541],[-123.1111592,49.2723014]]]}},{"type":"Feature","properties":{"id":"20600105","name":"Water","class":"water","water":"pond","source":"OpenStreetMap"},"geometry":{"type":"Polygon","coordinates":[[[-123.1441206,49.2777734],[-123.1440656,49.2777209],[-123.1440428,49.2776754],[-123.1439905,49.2776238],[-123.1439315,49.2775871],[-123.1438604,49.2775792],[-123.1437813,49.2775915],[-123.1437142,49.2776081],[-123.1436056,49.2776186],[-123.1435372,49.2776107],[-123.1435197,49.2775941],[-123.1435291,49.2775713],[-123.1436056,49.2775416],[-123.1436619,49.2775075],[-123.1437169,49.2774698],[-123.1437611,49.277441],[-123.1438121,49.2774086],[-123.1438537,49.2773815],[-123.1439207,49.2773412],[-123.1440012,49.2773018],[-123.1440441,49.2772782],[-123.1440924,49.2772686],[-123.1441621,49.2772494],[-123.1442399,49.2772415],[-123.1443244,49.2772467],[-123.1445162,49.277287],[-123.1446369,49.2773158],[-123.1446865,49.2773307],[-123.1447147,49.2773491],[-123.1447522,49.2773666],[-123.1448099,49.2773911],[-123.1448689,49.2774191],[-123.1449105,49.2774768],[-123.1449252,49.2775145],[-123.1449118,49.277546],[-123.1448421,49.2775862],[-123.144771,49.2776317],[-123.14472,49.2776851],[-123.1446945,49.2777507],[-123.1446583,49.2778636],[-123.1446315,49.2779265],[-123.1446047,49.277972],[-123.1445564,49.2780027],[-123.1445041,49.2780105],[-123.1444773,49.2780044],[-123.1444317,49.2779799],[-123.144378,49.2779353],[-123.1443392,49.2779099],[-123.1442681,49.2778802],[-123.144201,49.2778364],[-123.1441514,49.2778067],[-123.1441206,49.2777734]],[[-123.144549,49.2779094],[-123.144574,49.2778969],[-123.1445888,49.277879],[-123.1446192,49.2777652],[-123.1446358,49.2777215],[-123.1446443,49.2776655],[-123.1446983,49.2776031],[-123.1447551,49.2775668],[-123.1447691,49.27754],[-123.1447626,49.2774858],[-123.1447367,49.2774569],[-123.1446665,49.2774197],[-123.1444634,49.2773797],[-123.1443596,49.2773746],[-123.1442942,49.2773741],[-123.144226,49.2773875],[-123.1440684,49.277429],[-123.1439905,49.2774742],[-123.1439775,49.2774989],[-123.143986,49.277534],[-123.14403,49.2775768],[-123.1440842,49.2776206],[-123.144132,49.2776961],[-123.1442246,49.277779],[-123.1443142,49.2778373],[-123.1444136,49.2779044],[-123.1444542,49.2779143],[-123.1444961,49.2779205],[-123.144549,49.2779094]]]}}]}