{"type":"FeatureCollection","bbox":[-123.165,49.267,-123.095,49.315],"features":[{"type":"Feature","properties":{"name":"Vancouver land mask","source":"City of Vancouver shoreline 2002","note":"Closed along study boundary"},"geometry":{"type":"Polygon","coordinates":[[[-123.165,49.2738248],[-123.1649492,49.2738262],[-123.1649362,49.2738317],[-123.1649221,49.2738284],[-123.1649155,49.27383],[-123.1649141,49.2738344],[-123.1649153,49.2738396],[-123.1649226,49.2738489],[-123.1649055,49.2738567],[-123.1648845,49.2738568],[-123.1648686,49.2738585],[-123.1648623,49.2738606],[-123.1648571,49.2738641],[-123.1648494,49.2738725],[-123.1648357,49.2738748],[-123.1648129,49.2738744],[-123.1647984,49.2738723],[-123.164791,49.2738727],[-123.1647772,49.2738757],[-123.1647708,49.2738786],[-123.1647663,49.2738826],[-123.1647513,49.2738998],[-123.1647502,49.2739089],[-123.1647514,49.2739137],[-123.1647498,49.2739184],[-123.1647454,49.2739221],[-123.1647164,49.2739356],[-123.1646949,49.2739401],[-123.1646765,49.2739492],[-123.1646548,49.2739626],[-123.1646473,49.2739639],[-123.1646256,49.273962],[-123.164619,49.2739641],[-123.1646171,49.2739687],[-123.1646239,49.2739767],[-123.1646421,49.2739841],[-123.1646462,49.2739881],[-123.1646469,49.2739915],[-123.1646452,49.2739959],[-123.1646379,49.2740042],[-123.1646295,49.2740183],[-123.1646254,49.2740277],[-123.1646234,49.2740379],[-123.1646129,49.2740462],[-123.1646065,49.2740487],[-123.164599,49.2740499],[-123.1645918,49.2740531],[-123.1645959,49.2740567],[-123.1646145,49.2740655],[-123.1646232,49.274073],[-123.1646462,49.2740866],[-123.1646479,49.2740911],[-123.1646344,49.2741021],[-123.16463,49.2741116],[-123.1646307,49.2741163],[-123.164636,49.2741272],[-123.1646349,49.274133],[-123.1646136,49.2741469],[-123.1646064,49.274149],[-123.1645979,49.2741473],[-123.1645896,49.2741441],[-123.1645839,49.274139],[-123.1645803,49.2741281],[-123.1645724,49.2741181],[-123.164568,49.2741088],[-123.1645679,49.2741035],[-123.1645696,49.2740918],[-123.1645651,49.274077],[-123.1645581,49.2740675],[-123.1645418,49.2740495],[-123.1645363,49.2740462],[-123.1645212,49.2740433],[-123.164499,49.2740421],[-123.1644572,49.2740447],[-123.164427,49.2740487],[-123.1643962,49.2740542],[-123.1643814,49.2740585],[-123.1643674,49.2740652],[-123.1643619,49.2740697],[-123.1643447,49.2740863],[-123.1643378,49.2740891],[-123.1643167,49.2740948],[-123.1643005,49.274097],[-123.1642889,49.274104],[-123.1642652,49.2741254],[-123.164258,49.274129],[-123.1642492,49.2741321],[-123.1642341,49.2741361],[-123.164221,49.2741418],[-123.164219,49.2741464],[-123.1642201,49.2741557],[-123.1642173,49.2741653],[-123.1642117,49.2741738],[-123.1642136,49.2741783],[-123.1642185,49.2741825],[-123.1642198,49.2741876],[-123.1642111,49.2741963],[-123.1642027,49.274209],[-123.1641938,49.2742187],[-123.1641873,49.2742224],[-123.1641592,49.2742335],[-123.1641516,49.2742422],[-123.1641511,49.2742471],[-123.1641546,49.2742687],[-123.164153,49.2742792],[-123.1641464,49.2743068],[-123.1641463,49.2743381],[-123.1641435,49.2743442],[-123.164139,49.2743479],[-123.1641316,49.2743499],[-123.1641237,49.2743501],[-123.1641124,49.274344],[-123.1641007,49.2743303],[-123.1640956,49.2743211],[-123.1640918,49.2743108],[-123.1640891,49.2742901],[-123.1640845,49.2742854],[-123.1640788,49.2742822],[-123.1640708,49.2742805],[-123.1640623,49.2742812],[-123.1640325,49.2742891],[-123.1640253,49.2742925],[-123.1640194,49.2742968],[-123.1640116,49.2743058],[-123.1640007,49.2743221],[-123.1639997,49.2743312],[-123.1640042,49.2743422],[-123.1640029,49.2743474],[-123.1639937,49.2743575],[-123.1639857,49.2743596],[-123.1639394,49.2743623],[-123.1639319,49.2743611],[-123.163916,49.2743562],[-123.163894,49.2743473],[-123.1638865,49.2743465],[-123.1638716,49.2743477],[-123.1638535,49.2743514],[-123.1638369,49.2743514],[-123.1638229,49.2743487],[-123.1637977,49.2743404],[-123.1637894,49.2743406],[-123.1637667,49.2743432],[-123.1637598,49.2743453],[-123.1637397,49.2743536],[-123.1637327,49.2743554],[-123.1636935,49.2743629],[-123.1636864,49.2743666],[-123.1636766,49.2743811],[-123.1636718,49.2743848],[-123.163665,49.2743868],[-123.1636496,49.2743865],[-123.1636179,49.2743806],[-123.1636104,49.2743806],[-123.163578,49.2743829],[-123.1635631,49.2743802],[-123.163556,49.2743776],[-123.1635338,49.2743675],[-123.1635172,49.274363],[-123.1635005,49.2743606],[-123.1634855,49.2743599],[-123.1634781,49.2743573],[-123.163461,49.2743447],[-123.1634415,49.2743345],[-123.1634343,49.2743337],[-123.1634278,49.274337],[-123.163395,49.2743586],[-123.1633885,49.2743608],[-123.1633579,49.2743676],[-123.163351,49.2743701],[-123.1633459,49.2743738],[-123.1633386,49.2743831],[-123.1633334,49.2743869],[-123.1633185,49.2743909],[-123.1633042,49.2743912],[-123.1632905,49.2743953],[-123.1632705,49.27441],[-123.163264,49.274412],[-123.1632552,49.2744122],[-123.1632476,49.2744091],[-123.1632386,49.2744014],[-123.1632327,49.2743914],[-123.1632257,49.2743871],[-123.1632122,49.274384],[-123.163194,49.2743832],[-123.1631862,49.2743807],[-123.1631718,49.2743719],[-123.163164,49.2743702],[-123.1631491,49.2743717],[-123.1631421,49.2743743],[-123.1631273,49.2743861],[-123.1631151,49.2743995],[-123.1631089,49.2744026],[-123.1631014,49.2744025],[-123.1630881,49.2743962],[-123.1630683,49.2743795],[-123.1630601,49.2743701],[-123.1630539,49.2743549],[-123.1630487,49.2743501],[-123.1630416,49.2743466],[-123.1630266,49.2743422],[-123.1630115,49.2743415],[-123.162993,49.2743436],[-123.1629729,49.2743436],[-123.1629574,49.2743409],[-123.162925,49.2743317],[-123.1629106,49.2743361],[-123.1629037,49.2743358],[-123.1628774,49.274328],[-123.1628498,49.2743179],[-123.1628429,49.2743169],[-123.1628352,49.2743185],[-123.162828,49.2743223],[-123.1628241,49.2743317],[-123.162832,49.2743539],[-123.1628361,49.274374],[-123.1628439,49.2743912],[-123.1628432,49.2744156],[-123.1628368,49.274421],[-123.1628313,49.2744182],[-123.1627958,49.2743854],[-123.1627803,49.274368],[-123.1627641,49.2743562],[-123.1627403,49.2743354],[-123.1627244,49.2743166],[-123.1627186,49.2743123],[-123.1626992,49.2743012],[-123.1626851,49.2742968],[-123.1626598,49.2742941],[-123.1626436,49.2742942],[-123.1626337,49.2742951],[-123.1626186,49.2742986],[-123.1625924,49.2743077],[-123.1625718,49.2743131],[-123.1625596,49.2743148],[-123.1624628,49.2743238],[-123.1624568,49.2743286],[-123.1624558,49.2743344],[-123.1624581,49.2743396],[-123.1624627,49.274343],[-123.1624697,49.2743457],[-123.1624874,49.2743481],[-123.1624976,49.2743477],[-123.1625284,49.2743438],[-123.1625383,49.2743448],[-123.162554,49.2743482],[-123.1625731,49.2743565],[-123.1625752,49.2743616],[-123.1625739,49.2743663],[-123.1625783,49.2743699],[-123.1625808,49.2743799],[-123.1625746,49.2743895],[-123.1625689,49.2743921],[-123.1625607,49.2743934],[-123.1625207,49.2743925],[-123.1625045,49.274391],[-123.1624682,49.2743828],[-123.1624602,49.274382],[-123.1624355,49.2743815],[-123.1624198,49.2743829],[-123.1624046,49.2743863],[-123.1623921,49.2743915],[-123.1623781,49.2743947],[-123.1623713,49.2743938],[-123.1623453,49.2743817],[-123.1623313,49.2743779],[-123.1623073,49.2743794],[-123.1622993,49.2743784],[-123.1622866,49.274373],[-123.1622598,49.2743547],[-123.1622524,49.2743517],[-123.1622443,49.2743503],[-123.1622281,49.2743494],[-123.1622007,49.2743506],[-123.1621614,49.2743572],[-123.162146,49.2743588],[-123.1621305,49.2743589],[-123.1621135,49.2743579],[-123.1620802,49.2743551],[-123.1620644,49.2743559],[-123.1620433,49.2743584],[-123.1620276,49.2743614],[-123.1620203,49.2743644],[-123.161992,49.2743815],[-123.1619721,49.2743873],[-123.1619639,49.2743886],[-123.1619496,49.2743896],[-123.1619443,49.2743866],[-123.1619422,49.2743822],[-123.1619361,49.2743793],[-123.1619223,49.274378],[-123.1618839,49.2743773],[-123.1618761,49.2743785],[-123.1618723,49.2743829],[-123.1618642,49.2743844],[-123.1618571,49.2743842],[-123.1618355,49.2743795],[-123.1618038,49.2743769],[-123.1617819,49.2743762],[-123.1617751,49.2743782],[-123.1617374,49.2743941],[-123.1617307,49.2743953],[-123.1617087,49.274394],[-123.1616956,49.2743971],[-123.1616876,49.2743968],[-123.161673,49.2743943],[-123.1616593,49.2743896],[-123.1616523,49.2743886],[-123.1616361,49.2743886],[-123.1616216,49.274386],[-123.1616095,49.2743808],[-123.1615941,49.2743777],[-123.1615607,49.2743649],[-123.1615451,49.2743632],[-123.1615295,49.2743664],[-123.1615171,49.2743734],[-123.1615101,49.2743753],[-123.1615026,49.2743745],[-123.1614818,49.2743673],[-123.1614743,49.2743659],[-123.1614674,49.2743662],[-123.161401,49.2743707],[-123.161367,49.2743775],[-123.1613598,49.2743767],[-123.1613479,49.2743709],[-123.1613271,49.2743645],[-123.1613126,49.2743623],[-123.1612894,49.2743618],[-123.1612677,49.2743589],[-123.1612601,49.2743598],[-123.1612165,49.2743703],[-123.1611983,49.2743775],[-123.161191,49.2743779],[-123.1611842,49.2743762],[-123.1611572,49.2743668],[-123.1611202,49.2743628],[-123.1611058,49.2743589],[-123.1610815,49.2743555],[-123.1610735,49.2743563],[-123.1610455,49.2743629],[-123.1610149,49.2743664],[-123.1609771,49.2743737],[-123.160955,49.2743766],[-123.1609479,49.2743762],[-123.1609334,49.274373],[-123.1609262,49.274373],[-123.1608902,49.2743776],[-123.1608538,49.2743866],[-123.1608325,49.2743895],[-123.1608266,49.2743928],[-123.1608188,49.2744068],[-123.1608222,49.2744161],[-123.1608204,49.2744211],[-123.1608158,49.2744251],[-123.1608091,49.2744266],[-123.160779,49.274423],[-123.1607151,49.2744079],[-123.1606642,49.2744009],[-123.1606353,49.2743949],[-123.1606128,49.2743957],[-123.1605917,49.2743998],[-123.1605701,49.2743958],[-123.1605618,49.2743964],[-123.1605418,49.2744104],[-123.1605337,49.2744185],[-123.1605229,49.2744316],[-123.1605166,49.2744345],[-123.1605015,49.2744358],[-123.160494,49.2744337],[-123.1604771,49.2744222],[-123.1604694,49.2744134],[-123.1604645,49.2744034],[-123.1604617,49.274393],[-123.1604602,49.2743717],[-123.1604562,49.2743621],[-123.1604466,49.2743493],[-123.1604367,49.2743421],[-123.1604083,49.2743262],[-123.1603932,49.274316],[-123.1603802,49.2743105],[-123.160339,49.2742973],[-123.1603319,49.274296],[-123.1603166,49.2742945],[-123.160302,49.2742916],[-123.1602876,49.2742878],[-123.1602606,49.2742783],[-123.1602479,49.2742722],[-123.1602242,49.2742587],[-123.1602051,49.2742508],[-123.1601498,49.2742316],[-123.1601089,49.2742188],[-123.1600756,49.2742068],[-123.1599881,49.2741693],[-123.1599584,49.2741588],[-123.1599397,49.2741506],[-123.1599248,49.2741461],[-123.1599169,49.2741453],[-123.1599026,49.2741559],[-123.1598905,49.2741694],[-123.1598812,49.274187],[-123.1598768,49.2741917],[-123.1598639,49.2741967],[-123.1598569,49.2741971],[-123.1598492,49.2741952],[-123.1598444,49.2741913],[-123.1598431,49.2741815],[-123.1598457,49.2741714],[-123.1598405,49.2741577],[-123.1598382,49.2741426],[-123.1598354,49.2741378],[-123.1598212,49.2741195],[-123.1598088,49.2741064],[-123.1597961,49.2740966],[-123.1597747,49.2740839],[-123.1597244,49.2740588],[-123.1596841,49.2740421],[-123.1596438,49.2740216],[-123.1596152,49.2740109],[-123.1596091,49.2740074],[-123.1595942,49.2739958],[-123.1595867,49.2739928],[-123.1595546,49.2739826],[-123.1595251,49.2739773],[-123.1595112,49.2739736],[-123.15947,49.2739582],[-123.1594234,49.2739305],[-123.1594014,49.2739199],[-123.1593942,49.2739176],[-123.159379,49.2739165],[-123.1593538,49.2739175],[-123.1593358,49.2739155],[-123.1592936,49.2739075],[-123.1592478,49.2738952],[-123.1592301,49.2738918],[-123.1592127,49.2738904],[-123.15917,49.2738894],[-123.1591558,49.2738866],[-123.1591157,49.2738731],[-123.1590792,49.2738564],[-123.1590548,49.2738428],[-123.1590411,49.2738377],[-123.1590106,49.2738294],[-123.1589951,49.2738264],[-123.1589722,49.2738245],[-123.158949,49.2738257],[-123.1589253,49.2738288],[-123.1589087,49.2738296],[-123.1588237,49.2738281],[-123.158715,49.2738342],[-123.1586349,49.273842],[-123.1585454,49.2738462],[-123.1585304,49.2738482],[-123.1585144,49.2738521],[-123.158484,49.273854],[-123.1584239,49.2738611],[-123.1583578,49.273874],[-123.1583344,49.2738764],[-123.1583109,49.2738775],[-123.1582626,49.2738778],[-123.158185,49.2738765],[-123.1581133,49.27387],[-123.1580753,49.273868],[-123.1580465,49.2738683],[-123.1579995,49.2738651],[-123.1579725,49.2738647],[-123.1579554,49.2738658],[-123.1579338,49.2738694],[-123.157886,49.2738826],[-123.1578778,49.2738834],[-123.1578197,49.273883],[-123.1577626,49.2738757],[-123.1577342,49.2738756],[-123.1577058,49.2738772],[-123.157657,49.2738811],[-123.1576097,49.2738792],[-123.1575873,49.2738813],[-123.1575009,49.2738834],[-123.1574722,49.2738855],[-123.1574367,49.2738892],[-123.1574051,49.2738934],[-123.1573564,49.2739037],[-123.1573217,49.2739083],[-123.1572633,49.2739123],[-123.1572463,49.2739125],[-123.1572217,49.2739102],[-123.1572032,49.2739068],[-123.1571791,49.2739001],[-123.1571321,49.2738846],[-123.157073,49.2738687],[-123.157057,49.2738655],[-123.1570361,49.273863],[-123.157002,49.2738616],[-123.1569669,49.2738621],[-123.1569589,49.2738607],[-123.1569396,49.2738524],[-123.1569166,49.2738395],[-123.1569086,49.2738372],[-123.1568819,49.2738323],[-123.1568586,49.2738253],[-123.1568389,49.2738173],[-123.1568054,49.2738021],[-123.1567912,49.273798],[-123.156776,49.2737956],[-123.1567434,49.273792],[-123.1567234,49.2737866],[-123.1566806,49.2737705],[-123.1566734,49.2737693],[-123.156666,49.2737692],[-123.1566175,49.2737729],[-123.1566007,49.2737754],[-123.1565857,49.2737792],[-123.156571,49.2737854],[-123.1565305,49.2738096],[-123.1565165,49.273813],[-123.1564955,49.2738126],[-123.1564718,49.273809],[-123.1564298,49.2737978],[-123.1563986,49.273791],[-123.1563781,49.273785],[-123.1563719,49.2737815],[-123.1563637,49.2737731],[-123.1563615,49.2737686],[-123.1563542,49.2737448],[-123.1563541,49.2737403],[-123.1563455,49.2737243],[-123.1563232,49.2736984],[-123.1563139,49.2736898],[-123.1563037,49.2736825],[-123.1562913,49.2736759],[-123.1562658,49.2736656],[-123.156243,49.2736579],[-123.1562115,49.2736506],[-123.1561966,49.2736484],[-123.1561737,49.2736464],[-123.156072,49.2736322],[-123.1560538,49.2736308],[-123.1560237,49.2736307],[-123.1560039,49.2736321],[-123.1559751,49.2736357],[-123.1559476,49.2736415],[-123.1559091,49.2736524],[-123.1558857,49.273655],[-123.1558701,49.2736547],[-123.1558082,49.2736509],[-123.1557913,49.2736482],[-123.155755,49.2736389],[-123.1557398,49.2736364],[-123.1557232,49.2736353],[-123.155709,49.2736358],[-123.1556946,49.2736374],[-123.15568,49.2736409],[-123.1556674,49.2736461],[-123.155656,49.2736527],[-123.1556405,49.2736642],[-123.1556005,49.273697],[-123.155599,49.2737017],[-123.1556041,49.273717],[-123.1556113,49.2737272],[-123.1556219,49.2737368],[-123.1556321,49.2737509],[-123.1556428,49.2737581],[-123.1556588,49.2737723],[-123.1556659,49.2737815],[-123.1556669,49.2737861],[-123.1556678,49.2738008],[-123.1556642,49.2738293],[-123.15566,49.2738445],[-123.1556511,49.27386],[-123.1556415,49.2738737],[-123.155619,49.2738987],[-123.1556055,49.2739168],[-123.1555892,49.2739354],[-123.1555675,49.2739568],[-123.1555555,49.273971],[-123.1555219,49.2740203],[-123.1555207,49.2740251],[-123.1555189,49.2740498],[-123.1555011,49.2740663],[-123.1554492,49.2741051],[-123.1554272,49.2741179],[-123.1553762,49.2741411],[-123.1553646,49.2741491],[-123.1553393,49.2741704],[-123.155326,49.2741834],[-123.1552774,49.274237],[-123.155252,49.2742624],[-123.1552099,49.2742957],[-123.1551969,49.2743043],[-123.1551867,49.2743143],[-123.1551808,49.2743254],[-123.1551692,49.2743398],[-123.1550996,49.2744204],[-123.1550777,49.2744504],[-123.1550526,49.2744797],[-123.1550378,49.2745009],[-123.1550252,49.2745265],[-123.1550139,49.2745408],[-123.1549971,49.2745589],[-123.1549471,49.2746027],[-123.1549256,49.2746174],[-123.1549055,49.2746347],[-123.154864,49.2746734],[-123.1548011,49.274727],[-123.154776,49.2747505],[-123.1547074,49.2747843],[-123.1546893,49.2747948],[-123.1546583,49.2748169],[-123.1546341,49.2748375],[-123.1545782,49.2748916],[-123.1545291,49.2749443],[-123.1544964,49.2749739],[-123.1544611,49.2750043],[-123.1544292,49.2750248],[-123.1544091,49.2750416],[-123.1543971,49.2750538],[-123.1543837,49.27507],[-123.1543437,49.2751248],[-123.1543131,49.2751725],[-123.1542923,49.2752085],[-123.1542822,49.2752224],[-123.1542694,49.2752339],[-123.1542458,49.2752475],[-123.1542211,49.2752643],[-123.1541976,49.2752842],[-123.1541456,49.2753246],[-123.154128,49.275341],[-123.1540981,49.2753718],[-123.1540899,49.2753825],[-123.1540714,49.2754147],[-123.1540384,49.2754572],[-123.1539626,49.2755312],[-123.1539383,49.2755607],[-123.153895,49.2756088],[-123.1538855,49.2756242],[-123.1538717,49.2756415],[-123.1538484,49.275667],[-123.15382,49.2756925],[-123.1537825,49.2757226],[-123.1537281,49.2757638],[-123.1537094,49.2757815],[-123.1536449,49.2758105],[-123.1536189,49.2758262],[-123.1535927,49.275844],[-123.1535767,49.2758564],[-123.1534656,49.2759654],[-123.153443,49.2759932],[-123.1534165,49.276019],[-123.1533993,49.2760445],[-123.1533854,49.2760694],[-123.1533461,49.2761532],[-123.1533275,49.2761825],[-123.1533081,49.2762099],[-123.1532847,49.2762391],[-123.1532517,49.2762756],[-123.1532159,49.2763256],[-123.1531937,49.2763512],[-123.1531578,49.2763872],[-123.1531012,49.2764488],[-123.1530578,49.2764756],[-123.1530327,49.2764939],[-123.1530169,49.2765071],[-123.1529809,49.276544],[-123.1529333,49.2766025],[-123.152876,49.2766854],[-123.1528592,49.2767133],[-123.1528551,49.2767226],[-123.1528421,49.2767598],[-123.1528357,49.2767692],[-123.1528143,49.2767974],[-123.1527957,49.2768159],[-123.1527808,49.2768282],[-123.1527443,49.2768551],[-123.1527291,49.2768683],[-123.1527067,49.2768847],[-123.1526892,49.276901],[-123.1526674,49.276927],[-123.1526454,49.2769581],[-123.1526222,49.2769947],[-123.1526049,49.2770272],[-123.1525913,49.2770609],[-123.152588,49.2770725],[-123.1525882,49.2770836],[-123.1525964,49.2771175],[-123.1526,49.2771224],[-123.1526156,49.2771342],[-123.1526277,49.277151],[-123.1526308,49.2771657],[-123.1526297,49.277186],[-123.1526315,49.2771911],[-123.1526463,49.2772024],[-123.1526489,49.2772068],[-123.1526488,49.2772212],[-123.1526435,49.2772461],[-123.1526311,49.2772908],[-123.152633,49.2773112],[-123.1526313,49.2773228],[-123.1526232,49.2773385],[-123.1526206,49.2773485],[-123.1526246,49.277359],[-123.1526351,49.277372],[-123.1526342,49.2773879],[-123.152636,49.2774081],[-123.1526334,49.2774222],[-123.1526291,49.2774317],[-123.1526185,49.2774448],[-123.152581,49.2774822],[-123.1525687,49.2775002],[-123.1525481,49.2775264],[-123.1525442,49.2775367],[-123.152545,49.2775528],[-123.1525412,49.2775682],[-123.152528,49.2775948],[-123.1525089,49.2776293],[-123.1525055,49.277639],[-123.1525023,49.2776586],[-123.1524948,49.2776684],[-123.152472,49.277688],[-123.1524338,49.2777181],[-123.1524167,49.2777285],[-123.1523604,49.2777571],[-123.1523149,49.2777775],[-123.1522839,49.2777884],[-123.1522621,49.2777981],[-123.1522459,49.277808],[-123.1522207,49.2778208],[-123.1521617,49.2778316],[-123.1521466,49.2778327],[-123.1521231,49.2778325],[-123.1521155,49.277834],[-123.1520994,49.2778393],[-123.1520807,49.2778477],[-123.1520643,49.2778563],[-123.1520589,49.2778604],[-123.1520439,49.2778764],[-123.1520379,49.2778851],[-123.1520259,49.2778969],[-123.152024,49.2779015],[-123.1520228,49.2779209],[-123.1520166,49.2779298],[-123.1520065,49.2779365],[-123.1519472,49.2779382],[-123.1519327,49.27794],[-123.1519166,49.2779559],[-123.1519101,49.2779576],[-123.1518908,49.2779511],[-123.1518769,49.2779496],[-123.1518709,49.2779518],[-123.1518344,49.277954],[-123.1518052,49.277952],[-123.1517936,49.2779462],[-123.1517861,49.2779438],[-123.1517771,49.2779575],[-123.1517751,49.2779673],[-123.1517693,49.2779697],[-123.1517541,49.2779802],[-123.151751,49.2779848],[-123.1517442,49.277986],[-123.1517374,49.277985],[-123.1517273,49.2779764],[-123.1517151,49.2779702],[-123.1517078,49.2779698],[-123.1517024,49.277973],[-123.1516976,49.2779783],[-123.1517,49.2780034],[-123.1516931,49.2780052],[-123.1516838,49.2780123],[-123.1516778,49.2780149],[-123.1516708,49.278016],[-123.1516615,49.2780089],[-123.1516546,49.2780094],[-123.1516399,49.2780131],[-123.1516343,49.2780161],[-123.1516268,49.2780242],[-123.1516202,49.2780268],[-123.1516121,49.278028],[-123.1515987,49.2780249],[-123.1515774,49.2780294],[-123.1515648,49.2780344],[-123.1515597,49.2780387],[-123.15156,49.2780435],[-123.1515662,49.2780534],[-123.1515595,49.2780559],[-123.1515374,49.278058],[-123.151523,49.2780576],[-123.1515163,49.2780596],[-123.1514994,49.278069],[-123.1514846,49.2780796],[-123.1514719,49.2780835],[-123.15145,49.2780842],[-123.1514135,49.2780765],[-123.1514064,49.2780773],[-123.1514007,49.2780803],[-123.151392,49.278088],[-123.1513852,49.2780905],[-123.151378,49.2780899],[-123.1513512,49.2780806],[-123.1513428,49.2780729],[-123.1513374,49.2780699],[-123.1513234,49.2780657],[-123.1513167,49.2780679],[-123.151308,49.2780761],[-123.1513067,49.278081],[-123.1513052,49.2780967],[-123.1512981,49.2780983],[-123.1512784,49.2780771],[-123.1512727,49.2780742],[-123.1512686,49.2780702],[-123.1512665,49.2780654],[-123.1512651,49.2780561],[-123.1512583,49.2780544],[-123.1512364,49.278055],[-123.1512296,49.2780534],[-123.1512087,49.2780457],[-123.1511831,49.2780273],[-123.1511767,49.2780248],[-123.1511689,49.2780245],[-123.1511618,49.2780258],[-123.151147,49.2780303],[-123.1511332,49.2780417],[-123.1511258,49.2780427],[-123.1510959,49.278043],[-123.1510825,49.2780477],[-123.1510686,49.2780496],[-123.1510615,49.2780487],[-123.1510403,49.2780447],[-123.1510173,49.2780421],[-123.1510106,49.2780401],[-123.1510038,49.2780366],[-123.1509949,49.2780292],[-123.1509888,49.2780265],[-123.1509809,49.278025],[-123.150961,49.2780299],[-123.1509571,49.2780338],[-123.1509505,49.2780534],[-123.1509502,49.2780588],[-123.1509473,49.278063],[-123.1509412,49.2780606],[-123.1509343,49.2780525],[-123.1509155,49.2780383],[-123.1509095,49.2780354],[-123.1509029,49.2780342],[-123.1508956,49.2780351],[-123.1508904,49.2780536],[-123.1508873,49.2780579],[-123.1508812,49.2780603],[-123.1508456,49.278053],[-123.1508305,49.278053],[-123.1508091,49.278056],[-123.150796,49.2780732],[-123.1507917,49.2780832],[-123.1507759,49.2780995],[-123.1507646,49.2781049],[-123.1507555,49.2781028],[-123.1507507,49.2780939],[-123.1507516,49.278089],[-123.1507406,49.2780628],[-123.1507395,49.2780532],[-123.1507417,49.2780413],[-123.1507375,49.2780366],[-123.1507222,49.2780359],[-123.1507156,49.2780374],[-123.1507011,49.2780434],[-123.1506716,49.2780508],[-123.1506666,49.2780552],[-123.1506706,49.2780709],[-123.1506653,49.2780743],[-123.1506431,49.2780753],[-123.1506147,49.2780799],[-123.1505985,49.2780836],[-123.1505776,49.2780925],[-123.1505699,49.2780925],[-123.1505476,49.2780896],[-123.1505334,49.2780903],[-123.1505109,49.278095],[-123.1504967,49.2780935],[-123.1504812,49.2780949],[-123.1504588,49.2780945],[-123.1504374,49.2780955],[-123.1504233,49.2780984],[-123.1504173,49.278101],[-123.1504029,49.2781025],[-123.1503966,49.2781045],[-123.1503854,49.278111],[-123.1503778,49.2781123],[-123.1503575,49.2781063],[-123.1503331,49.2780965],[-123.1503161,49.2780872],[-123.1503028,49.2780826],[-123.1502887,49.2780818],[-123.1502678,49.2780856],[-123.1502612,49.2780879],[-123.1502515,49.2780951],[-123.1502445,49.2780967],[-123.1502371,49.2780963],[-123.1502241,49.2780922],[-123.1502102,49.2780901],[-123.150178,49.2780887],[-123.1501627,49.2780858],[-123.1501497,49.2780816],[-123.1501356,49.2780798],[-123.1501171,49.2780707],[-123.1500948,49.2780558],[-123.1500875,49.2780535],[-123.1500588,49.2780469],[-123.1500526,49.2780439],[-123.150038,49.278033],[-123.1500319,49.2780303],[-123.149997,49.2780183],[-123.1499895,49.2780175],[-123.1499673,49.2780195],[-123.1499595,49.278019],[-123.1499532,49.278016],[-123.1499438,49.278009],[-123.1499213,49.2779875],[-123.1499108,49.2779804],[-123.149896,49.2779756],[-123.1498817,49.2779724],[-123.1498758,49.277969],[-123.1498474,49.2779467],[-123.1498352,49.2779419],[-123.149814,49.2779397],[-123.1498003,49.2779417],[-123.1497935,49.2779439],[-123.1497816,49.2779493],[-123.1497487,49.2779694],[-123.149736,49.2779741],[-123.1497131,49.2779768],[-123.1496863,49.2779842],[-123.1496713,49.277986],[-123.1496644,49.277988],[-123.1496591,49.2779915],[-123.1496556,49.2779959],[-123.1496504,49.2779991],[-123.1496379,49.2780037],[-123.1496244,49.278006],[-123.1496184,49.2780088],[-123.1495747,49.2780063],[-123.1495582,49.2780068],[-123.1495275,49.2780109],[-123.149507,49.2780065],[-123.1494422,49.2779989],[-123.149425,49.2779982],[-123.1493993,49.2780015],[-123.1493807,49.27801],[-123.1493756,49.2780137],[-123.1493663,49.2780237],[-123.1493662,49.2780283],[-123.1493618,49.2780319],[-123.1493484,49.2780343],[-123.1493346,49.2780325],[-123.149329,49.2780357],[-123.1493208,49.2780497],[-123.1493154,49.2780642],[-123.1493115,49.2780683],[-123.1493053,49.2780719],[-123.1492915,49.2780756],[-123.1492761,49.2780867],[-123.1492673,49.2780949],[-123.1492502,49.2781056],[-123.1492439,49.278108],[-123.1492287,49.2781112],[-123.1492051,49.2781136],[-123.1491807,49.2781145],[-123.1491645,49.2781164],[-123.1491574,49.2781185],[-123.1491187,49.2781325],[-123.1491077,49.2781405],[-123.1490655,49.2781838],[-123.1490596,49.2781926],[-123.1490561,49.2782022],[-123.1490499,49.2782104],[-123.1490405,49.2782185],[-123.1490293,49.2782251],[-123.1489689,49.2782569],[-123.148899,49.2782962],[-123.1488856,49.2783015],[-123.1488702,49.2783054],[-123.1488546,49.2783076],[-123.1488341,49.2783166],[-123.148813,49.2783278],[-123.1487841,49.2783447],[-123.1487739,49.278352],[-123.1487576,49.2783679],[-123.1487544,49.2783729],[-123.1487527,49.2783836],[-123.1487537,49.2783987],[-123.1487512,49.2784182],[-123.1487444,49.2784264],[-123.1487286,49.2784355],[-123.1486932,49.278453],[-123.1486556,49.2784697],[-123.1486313,49.2784829],[-123.1486184,49.2784921],[-123.1485953,49.2785133],[-123.1485768,49.2785345],[-123.148552,49.2785579],[-123.1485287,49.2785762],[-123.1484731,49.2786154],[-123.1484463,49.2786312],[-123.1484051,49.2786513],[-123.1483906,49.2786613],[-123.1483672,49.2786792],[-123.1483588,49.278687],[-123.1483449,49.2787035],[-123.148328,49.2787193],[-123.1483165,49.278747],[-123.1483043,49.2787638],[-123.1482995,49.2787675],[-123.1482855,49.2787682],[-123.1482714,49.2787655],[-123.148258,49.2787678],[-123.1482514,49.2787759],[-123.1482503,49.2787988],[-123.1482544,49.2788125],[-123.1482534,49.2788271],[-123.1482546,49.2788465],[-123.1482592,49.2788605],[-123.1482575,49.2788652],[-123.1482457,49.2788879],[-123.1482379,49.278911],[-123.1482357,49.2789255],[-123.1482254,49.278944],[-123.1482115,49.2789555],[-123.1482108,49.2789654],[-123.1482128,49.2789707],[-123.1482196,49.27898],[-123.1482185,49.2789846],[-123.1482148,49.278989],[-123.1481948,49.279003],[-123.1481862,49.2790117],[-123.1481844,49.279016],[-123.1481753,49.2790233],[-123.148167,49.2790416],[-123.1481585,49.2790496],[-123.1481605,49.279054],[-123.148157,49.2790635],[-123.1481513,49.2790666],[-123.1481391,49.2790607],[-123.1481323,49.2790618],[-123.1481266,49.279065],[-123.1481254,49.2790746],[-123.1481207,49.2790783],[-123.148113,49.2790921],[-123.14811,49.2791017],[-123.148093,49.2791169],[-123.148083,49.2791295],[-123.1480777,49.2791324],[-123.1480644,49.2791356],[-123.1480205,49.2791685],[-123.1479885,49.2791817],[-123.1479658,49.2791939],[-123.1479456,49.2792011],[-123.147916,49.2792036],[-123.1479089,49.2792052],[-123.147898,49.2792108],[-123.1478835,49.2792128],[-123.1478766,49.279215],[-123.1478691,49.2792158],[-123.1478574,49.2792109],[-123.1478436,49.2792137],[-123.1478214,49.2792142],[-123.1477972,49.2792257],[-123.1477841,49.2792295],[-123.1477794,49.2792334],[-123.1477732,49.2792425],[-123.1477674,49.279245],[-123.1477536,49.2792459],[-123.1477469,49.2792445],[-123.1477262,49.279238],[-123.1477194,49.2792372],[-123.1477043,49.2792369],[-123.1476891,49.2792403],[-123.1476672,49.2792408],[-123.1476518,49.2792428],[-123.1476304,49.2792432],[-123.1476151,49.2792424],[-123.1475644,49.2792341],[-123.1475499,49.2792346],[-123.1475169,49.2792496],[-123.1475078,49.2792568],[-123.1475007,49.2792584],[-123.1474967,49.2792545],[-123.1474961,49.2792494],[-123.1474993,49.2792397],[-123.147499,49.2792352],[-123.1474962,49.2792308],[-123.1474596,49.2792268],[-123.147439,49.2792225],[-123.1474242,49.2792211],[-123.1474169,49.2792215],[-123.147411,49.2792244],[-123.1474035,49.2792254],[-123.1473967,49.2792169],[-123.1473989,49.2792077],[-123.147396,49.2792034],[-123.147389,49.2792019],[-123.1473814,49.279202],[-123.1473666,49.2792045],[-123.1473562,49.2792118],[-123.1473352,49.2792076],[-123.1473285,49.2791994],[-123.1473221,49.2791972],[-123.147308,49.2792002],[-123.1473015,49.2791983],[-123.1472972,49.2791944],[-123.1472944,49.2791795],[-123.1472904,49.2791754],[-123.1472774,49.2791709],[-123.1472696,49.2791703],[-123.1472645,49.2791669],[-123.1472558,49.2791438],[-123.147254,49.2791326],[-123.1472539,49.2791227],[-123.1472555,49.2791078],[-123.1472619,49.279098],[-123.1472706,49.2790894],[-123.1472727,49.279085],[-123.1472757,49.2790706],[-123.1472789,49.2790662],[-123.1472965,49.2790572],[-123.1473099,49.279053],[-123.1473643,49.2790397],[-123.1474277,49.2790273],[-123.1474504,49.2790275],[-123.1474645,49.2790237],[-123.1474773,49.2790181],[-123.147485,49.279017],[-123.1475154,49.2790156],[-123.1475387,49.279012],[-123.1475517,49.2790087],[-123.1475811,49.2790044],[-123.1476063,49.2789934],[-123.1476406,49.2789821],[-123.147659,49.2789729],[-123.147715,49.2789398],[-123.1477325,49.2789278],[-123.1477575,49.2789071],[-123.1477691,49.2788937],[-123.1477769,49.2788791],[-123.1477787,49.278865],[-123.1477937,49.2788165],[-123.147793,49.2787916],[-123.1477956,49.2787666],[-123.1477938,49.2787456],[-123.1477963,49.2787133],[-123.1478011,49.2786992],[-123.1478013,49.2786893],[-123.1478003,49.278666],[-123.147812,49.2786121],[-123.1478119,49.2785975],[-123.1478058,49.2785783],[-123.1478015,49.2785692],[-123.1477596,49.2785085],[-123.1477197,49.2784741],[-123.1477098,49.2784673],[-123.1476829,49.2784516],[-123.147664,49.2784455],[-123.1476516,49.2784401],[-123.1476305,49.2784333],[-123.1475568,49.2784158],[-123.1475269,49.2784119],[-123.1475112,49.2784125],[-123.1474703,49.2784007],[-123.1474356,49.2783926],[-123.1474054,49.2783869],[-123.1473582,49.2783727],[-123.1473357,49.2783698],[-123.1473159,49.2783642],[-123.1473096,49.2783612],[-123.1472965,49.2783575],[-123.1472816,49.2783553],[-123.1472744,49.2783557],[-123.1472566,49.2783478],[-123.1472343,49.2783436],[-123.147214,49.278337],[-123.1471721,49.2783271],[-123.1471423,49.2783232],[-123.147129,49.2783195],[-123.1471162,49.278314],[-123.1471027,49.2783101],[-123.1470957,49.2783092],[-123.1470812,49.2783088],[-123.1470428,49.2783092],[-123.1469911,49.2783075],[-123.1469768,49.2783045],[-123.1469697,49.2783047],[-123.1469627,49.2783031],[-123.1469441,49.2782956],[-123.146915,49.2782875],[-123.1468795,49.2782806],[-123.1468576,49.2782751],[-123.1468309,49.2782663],[-123.1467991,49.2782541],[-123.1467923,49.2782535],[-123.1467852,49.2782546],[-123.1467779,49.2782538],[-123.1467577,49.2782473],[-123.1467358,49.2782447],[-123.1467145,49.2782401],[-123.146685,49.2782374],[-123.1466709,49.278234],[-123.1466668,49.2782304],[-123.1466552,49.2782127],[-123.1466508,49.2782092],[-123.1466353,49.2781992],[-123.146612,49.2781876],[-123.1465912,49.2781728],[-123.1465782,49.2781685],[-123.1465554,49.2781661],[-123.1465482,49.2781642],[-123.1465432,49.278161],[-123.1465349,49.2781431],[-123.1465208,49.2781257],[-123.1465091,49.2781138],[-123.1465035,49.2781101],[-123.1464864,49.2781015],[-123.1464733,49.2780976],[-123.1464656,49.2780968],[-123.1464434,49.2780958],[-123.1464274,49.2780862],[-123.1464147,49.2780816],[-123.1464007,49.2780792],[-123.1463942,49.2780769],[-123.1463782,49.2780675],[-123.1463659,49.2780626],[-123.146359,49.2780609],[-123.1463375,49.2780591],[-123.1463309,49.2780573],[-123.1463008,49.2780372],[-123.1462869,49.2780264],[-123.1462752,49.2780202],[-123.1462707,49.2780165],[-123.1462445,49.2780096],[-123.1462304,49.2780076],[-123.1462077,49.2780069],[-123.1461932,49.2780045],[-123.1461852,49.2780044],[-123.1461474,49.2780051],[-123.1461032,49.2780089],[-123.1460824,49.2780132],[-123.1460668,49.2780146],[-123.1460459,49.2780184],[-123.1460316,49.2780193],[-123.1459965,49.2780352],[-123.1459927,49.278039],[-123.1459994,49.2780524],[-123.1459951,49.2780562],[-123.1459767,49.2780634],[-123.1459559,49.2780686],[-123.1459484,49.2780692],[-123.1459281,49.2780737],[-123.1459081,49.2780807],[-123.1458741,49.2780884],[-123.145853,49.2780885],[-123.1458462,49.2780896],[-123.1458005,49.2781034],[-123.1457991,49.278108],[-123.1457952,49.2781118],[-123.1457969,49.2781256],[-123.1457939,49.2781296],[-123.1457728,49.2781306],[-123.1457607,49.2781357],[-123.1457388,49.2781476],[-123.1457251,49.2781582],[-123.1457172,49.2781767],[-123.145718,49.2781812],[-123.1457112,49.2781894],[-123.145708,49.2782129],[-123.145697,49.2782189],[-123.1456955,49.2782238],[-123.1456862,49.2782425],[-123.1456762,49.2782557],[-123.1456713,49.2782599],[-123.1456579,49.2782633],[-123.1456501,49.2782629],[-123.145646,49.2782668],[-123.1456415,49.278281],[-123.1456507,49.2782939],[-123.1456504,49.2782987],[-123.1456371,49.2783153],[-123.145626,49.2783218],[-123.1456074,49.2783296],[-123.1456029,49.278333],[-123.1455997,49.2783376],[-123.145599,49.2783424],[-123.1455992,49.2783567],[-123.1455877,49.2783688],[-123.1455671,49.2783829],[-123.1455611,49.2783856],[-123.1455482,49.2783898],[-123.1455444,49.2784083],[-123.1455518,49.2784166],[-123.1455541,49.2784211],[-123.1455535,49.2784259],[-123.1455448,49.2784394],[-123.1455224,49.278441],[-123.1455186,49.2784449],[-123.1455174,49.2784494],[-123.1455214,49.2784645],[-123.1455181,49.2784684],[-123.1455003,49.2784761],[-123.145494,49.27848],[-123.1454864,49.2784881],[-123.1454834,49.2784938],[-123.1454887,49.2785024],[-123.1454864,49.2785069],[-123.1454714,49.2785192],[-123.1454682,49.2785348],[-123.1454545,49.2785534],[-123.1454531,49.2785581],[-123.145451,49.2785716],[-123.145429,49.278584],[-123.1453989,49.278611],[-123.1453918,49.2786192],[-123.1453868,49.2786282],[-123.1453691,49.2786429],[-123.145366,49.2786471],[-123.1453611,49.2786616],[-123.1453564,49.2786653],[-123.1453236,49.2786859],[-123.1453195,49.2786898],[-123.1453184,49.2786944],[-123.1453221,49.2787139],[-123.1453207,49.2787186],[-123.1453096,49.2787322],[-123.1452932,49.278748],[-123.1452667,49.2787662],[-123.1452605,49.2787692],[-123.145228,49.2787827],[-123.1452134,49.2787866],[-123.1451881,49.2787961],[-123.14516,49.2788029],[-123.1451146,49.278818],[-123.1451097,49.2788218],[-123.1451101,49.2788265],[-123.1451008,49.2788396],[-123.1450961,49.2788431],[-123.1450749,49.2788453],[-123.1450487,49.278838],[-123.1450418,49.278837],[-123.1450203,49.2788363],[-123.145006,49.2788379],[-123.144969,49.2788548],[-123.1449554,49.2788587],[-123.1449481,49.2788584],[-123.1449301,49.2788665],[-123.144923,49.2788676],[-123.144916,49.2788672],[-123.1449038,49.2788622],[-123.1448973,49.2788608],[-123.1448832,49.2788625],[-123.1448766,49.2788647],[-123.1448628,49.2788668],[-123.1448403,49.2788673],[-123.1448263,49.2788696],[-123.1448192,49.2788726],[-123.1448028,49.278884],[-123.1447962,49.2788858],[-123.1447822,49.2788879],[-123.1447683,49.2788858],[-123.144756,49.2788813],[-123.1447491,49.2788808],[-123.1447339,49.2788832],[-123.1447139,49.2788885],[-123.1446929,49.2788962],[-123.1446855,49.2788977],[-123.1446633,49.2789012],[-123.1446408,49.2789031],[-123.1446124,49.2789095],[-123.1446065,49.2789121],[-123.144593,49.2789226],[-123.1445559,49.2789209],[-123.1445018,49.2789154],[-123.1443965,49.2789104],[-123.1443826,49.2789112],[-123.1443673,49.2789135],[-123.1443406,49.2789203],[-123.1443125,49.2789253],[-123.1442977,49.278925],[-123.1442588,49.278921],[-123.1441831,49.2789083],[-123.1441694,49.2789047],[-123.144134,49.278893],[-123.1441196,49.2788907],[-123.1441044,49.2788907],[-123.1440764,49.2788942],[-123.1440693,49.278893],[-123.1440496,49.2788871],[-123.1440287,49.2788829],[-123.1439926,49.2788791],[-123.1439712,49.2788738],[-123.1439576,49.278869],[-123.1439463,49.2788632],[-123.1439236,49.2788632],[-123.1438953,49.2788651],[-123.1438779,49.2788563],[-123.1438708,49.2788547],[-123.1438636,49.2788556],[-123.1438509,49.2788596],[-123.1438434,49.2788594],[-123.1438214,49.2788562],[-123.1437779,49.2788473],[-123.1437481,49.2788494],[-123.1437195,49.278847],[-123.1437128,49.2788451],[-123.1437013,49.2788398],[-123.1436715,49.2788232],[-123.1436575,49.2788201],[-123.1436379,49.2788137],[-123.1435883,49.2788031],[-123.1435664,49.2787997],[-123.1435362,49.2787994],[-123.1435292,49.2788005],[-123.1435073,49.2788004],[-123.1435023,49.2787966],[-123.1434996,49.2787875],[-123.1434947,49.2787843],[-123.1434638,49.2787724],[-123.1434418,49.278767],[-123.1434097,49.278754],[-123.1433954,49.2787508],[-123.1433238,49.2787408],[-123.1433022,49.278739],[-123.1432733,49.2787339],[-123.1432595,49.2787303],[-123.1432327,49.2787207],[-123.1432051,49.2787124],[-123.14319,49.2787117],[-123.1431376,49.2787017],[-123.1430842,49.2786852],[-123.1430598,49.2786761],[-123.1430487,49.2786699],[-123.1430158,49.2786594],[-123.1430025,49.2786564],[-123.1429807,49.278654],[-123.1429601,49.2786487],[-123.1429409,49.2786424],[-123.1429229,49.2786344],[-123.1429095,49.2786313],[-123.1429028,49.2786333],[-123.1428886,49.2786343],[-123.1428817,49.2786334],[-123.1428612,49.2786265],[-123.1428511,49.2786192],[-123.1428398,49.2786134],[-123.1427939,49.2786002],[-123.1427715,49.2785976],[-123.1427445,49.2785897],[-123.1427318,49.2785844],[-123.1427249,49.2785839],[-123.1427102,49.2785858],[-123.1427036,49.2785838],[-123.14267,49.2785582],[-123.1426642,49.2785555],[-123.1426499,49.2785522],[-123.1426153,49.2785469],[-123.1426008,49.2785472],[-123.1425695,49.2785431],[-123.1425389,49.2785355],[-123.1425157,49.2785267],[-123.1424887,49.2785136],[-123.1424558,49.2785005],[-123.1424116,49.2784799],[-123.1423749,49.2784603],[-123.1423543,49.2784524],[-123.1423229,49.2784448],[-123.1423038,49.278438],[-123.1422772,49.2784267],[-123.1422647,49.27842],[-123.1422091,49.2783881],[-123.142131,49.2783398],[-123.1421155,49.2783318],[-123.1420916,49.2783216],[-123.1420275,49.2782841],[-123.1420078,49.2782691],[-123.1419849,49.2782471],[-123.1419669,49.2782326],[-123.1419437,49.2782172],[-123.1418954,49.2781876],[-123.1418738,49.2781772],[-123.141836,49.2781637],[-123.1418151,49.278153],[-123.1417933,49.278139],[-123.1417829,49.2781302],[-123.1417698,49.278117],[-123.1417638,49.2781086],[-123.1417408,49.2780737],[-123.1417368,49.2780638],[-123.1417254,49.2780253],[-123.1417172,49.2780087],[-123.1416825,49.2779586],[-123.1416781,49.2779547],[-123.1416575,49.2779442],[-123.1416503,49.2779421],[-123.1416255,49.2779364],[-123.1416131,49.2779312],[-123.1416026,49.2779244],[-123.1415911,49.2779121],[-123.141582,49.277905],[-123.1415708,49.2778997],[-123.1415393,49.2778883],[-123.1415126,49.2778768],[-123.1414672,49.2778609],[-123.141453,49.2778569],[-123.1414354,49.277856],[-123.141414,49.277857],[-123.1413886,49.277859],[-123.1413672,49.2778629],[-123.1413596,49.2778632],[-123.141338,49.2778626],[-123.1413082,49.27786],[-123.1412414,49.2778453],[-123.1412232,49.2778392],[-123.1411354,49.2778001],[-123.1410689,49.2777667],[-123.1410444,49.2777517],[-123.1410191,49.2777346],[-123.1409915,49.2777117],[-123.1409623,49.2776856],[-123.1409354,49.2776683],[-123.1409084,49.2776597],[-123.1408878,49.2776506],[-123.1408763,49.2776432],[-123.1408509,49.277622],[-123.1408223,49.2776037],[-123.1407776,49.277579],[-123.1407738,49.2775752],[-123.1407672,49.2775654],[-123.1407638,49.2775552],[-123.1407569,49.2775457],[-123.1407307,49.2775261],[-123.140722,49.2775165],[-123.1407024,49.2774918],[-123.140697,49.2774876],[-123.1406802,49.2774775],[-123.140661,49.2774696],[-123.1406461,49.2774649],[-123.1406311,49.2774617],[-123.140615,49.2774597],[-123.1405851,49.2774583],[-123.1405695,49.2774491],[-123.1405632,49.2774472],[-123.1405489,49.2774443],[-123.1405347,49.277444],[-123.1405137,49.2774457],[-123.1405066,49.2774452],[-123.1404927,49.2774425],[-123.1404733,49.277436],[-123.1403742,49.2773964],[-123.1403372,49.2773795],[-123.1402952,49.2773718],[-123.140274,49.2773704],[-123.1402539,49.2773656],[-123.1402407,49.2773609],[-123.1402302,49.2773551],[-123.1402073,49.2773376],[-123.1402046,49.2773333],[-123.1402047,49.2773144],[-123.140209,49.2773107],[-123.1402367,49.277303],[-123.140255,49.2772957],[-123.1402601,49.2772924],[-123.1402624,49.277288],[-123.1402626,49.2772833],[-123.140253,49.2772764],[-123.1402276,49.2772476],[-123.1402226,49.2772389],[-123.1402173,49.277221],[-123.1402105,49.277212],[-123.1401875,49.2772116],[-123.1401728,49.2772126],[-123.1401569,49.2772031],[-123.1401434,49.2771995],[-123.1401403,49.2771953],[-123.1401384,49.2771856],[-123.1401351,49.2771566],[-123.1401321,49.2771131],[-123.1401387,49.2770798],[-123.1401378,49.2770698],[-123.1401224,49.277048],[-123.1401128,49.2770402],[-123.1400966,49.2770298],[-123.1400665,49.2770131],[-123.1400452,49.2769985],[-123.1400377,49.2769908],[-123.1400342,49.2769815],[-123.1400345,49.2769765],[-123.1400375,49.2769669],[-123.140041,49.2769623],[-123.1400528,49.2769501],[-123.1400718,49.276936],[-123.1400928,49.2769232],[-123.1400893,49.2769141],[-123.1400892,49.2769048],[-123.1400843,49.2768962],[-123.1400728,49.2768835],[-123.140015,49.2768294],[-123.1399835,49.2767954],[-123.1399663,49.2767735],[-123.1399583,49.2767657],[-123.1399302,49.2767433],[-123.1398741,49.2766819],[-123.1398503,49.2766592],[-123.1398261,49.2766387],[-123.1398212,49.2766301],[-123.1398168,49.2766264],[-123.1398009,49.2766157],[-123.1397706,49.2766014],[-123.1397382,49.2765898],[-123.1397314,49.2765886],[-123.1397173,49.2765872],[-123.1396318,49.2765873],[-123.1396169,49.276586],[-123.1395857,49.2765812],[-123.1395541,49.2765748],[-123.1395329,49.2765673],[-123.1395213,49.2765604],[-123.1395071,49.2765487],[-123.1394985,49.276539],[-123.1394926,49.276529],[-123.1394906,49.2765197],[-123.1394909,49.2765106],[-123.1394933,49.2765061],[-123.139501,49.2764982],[-123.1395113,49.2764904],[-123.1395561,49.2764604],[-123.1395732,49.276451],[-123.1396,49.2764394],[-123.1396247,49.2764269],[-123.1396376,49.2764233],[-123.1396538,49.2764222],[-123.139668,49.2764176],[-123.139679,49.2764109],[-123.1396929,49.2763999],[-123.1397166,49.2763884],[-123.1397597,49.2763635],[-123.1397808,49.2763501],[-123.1398122,49.2763275],[-123.1399321,49.2762424],[-123.1399657,49.2762237],[-123.1400018,49.2762062],[-123.1400146,49.2762017],[-123.1400356,49.276196],[-123.1400536,49.2761888],[-123.1400637,49.2761816],[-123.1400714,49.276174],[-123.140098,49.2761577],[-123.1401058,49.2761502],[-123.1401082,49.2761456],[-123.1401086,49.2761366],[-123.1401117,49.2761276],[-123.1401118,49.2761182],[-123.1401053,49.276098],[-123.1401003,49.2760885],[-123.1400733,49.276053],[-123.1400428,49.27602],[-123.1400056,49.2759693],[-123.139996,49.2759613],[-123.1399815,49.2759451],[-123.1399689,49.2759218],[-123.1399501,49.275895],[-123.139935,49.2758789],[-123.139905,49.2758513],[-123.1398904,49.2758398],[-123.1398671,49.2758149],[-123.1398527,49.2757926],[-123.139829,49.275744],[-123.1398075,49.275713],[-123.1397846,49.2756893],[-123.1397172,49.275597],[-123.1395831,49.2754155],[-123.1394878,49.2752903],[-123.1394038,49.2751889],[-123.1393814,49.2751601],[-123.1393747,49.2751515],[-123.1393098,49.2751726],[-123.1392196,49.2750597],[-123.1392689,49.2750425],[-123.1392663,49.2750423],[-123.1392625,49.2750419],[-123.1392224,49.2750377],[-123.1391829,49.2750372],[-123.1391709,49.2750379],[-123.1391415,49.2750365],[-123.1391363,49.2750331],[-123.1391117,49.2750125],[-123.1391052,49.2750107],[-123.1390898,49.2750117],[-123.1390749,49.2750148],[-123.1390446,49.2750232],[-123.1390296,49.2750245],[-123.1390156,49.2750239],[-123.1390081,49.2750228],[-123.1389908,49.2750189],[-123.1389837,49.2750161],[-123.1389645,49.2750061],[-123.13894,49.2749867],[-123.1389088,49.274955],[-123.1388681,49.2749112],[-123.1388477,49.2748859],[-123.1388064,49.2748326],[-123.1387784,49.2747884],[-123.1387618,49.2747674],[-123.1386875,49.2746855],[-123.1386613,49.2746456],[-123.1386061,49.274556],[-123.1385909,49.2745371],[-123.1385535,49.2744936],[-123.1385251,49.2744625],[-123.1384943,49.2744214],[-123.1384544,49.2743629],[-123.1384439,49.2743446],[-123.1384357,49.2743272],[-123.1384347,49.2743205],[-123.1384335,49.274296],[-123.1384362,49.274285],[-123.1384394,49.2742792],[-123.1384491,49.2742684],[-123.1384514,49.2742658],[-123.1384774,49.2742551],[-123.1385198,49.2742412],[-123.1385562,49.2742312],[-123.1385762,49.2742272],[-123.1386485,49.2742161],[-123.1386648,49.2742127],[-123.1387087,49.2742063],[-123.1387348,49.2742038],[-123.1387997,49.2741946],[-123.1388655,49.2741872],[-123.1389603,49.2741785],[-123.1390405,49.274169],[-123.1390769,49.2741633],[-123.1391431,49.2741513],[-123.1392141,49.2741406],[-123.1392378,49.2741353],[-123.1392593,49.2741297],[-123.1392848,49.2741195],[-123.1393048,49.2741074],[-123.1393159,49.2740976],[-123.1393242,49.2740878],[-123.1393269,49.2740823],[-123.1393324,49.2740657],[-123.1393336,49.2740544],[-123.1393352,49.2740287],[-123.1393383,49.2740137],[-123.1393459,49.273984],[-123.1393532,49.2739644],[-123.1393688,49.2739368],[-123.1393867,49.2739108],[-123.1394005,49.273893],[-123.1394125,49.2738813],[-123.1394606,49.2738376],[-123.1394829,49.273821],[-123.1395065,49.2738053],[-123.1395149,49.273801],[-123.1395586,49.2737818],[-123.1395949,49.2737639],[-123.1396078,49.2737547],[-123.1396203,49.2737421],[-123.1396226,49.2737375],[-123.1396239,49.2737268],[-123.1396355,49.2736778],[-123.1396372,49.2736625],[-123.1396391,49.2736267],[-123.1396458,49.2735982],[-123.1396535,49.2735777],[-123.1396773,49.273536],[-123.1396935,49.2734754],[-123.1397126,49.2734307],[-123.1397194,49.2734102],[-123.1397252,49.2733848],[-123.1397286,49.2733603],[-123.1397309,49.2733162],[-123.1397303,49.2732988],[-123.1397268,49.2732832],[-123.1397099,49.2732347],[-123.1397131,49.2732234],[-123.1397195,49.2732117],[-123.1397315,49.273197],[-123.1397564,49.2731724],[-123.1397688,49.2731549],[-123.1397711,49.2731442],[-123.1397705,49.2731347],[-123.1397814,49.2730708],[-123.1397848,49.2730377],[-123.1397832,49.2729754],[-123.1397807,49.2729659],[-123.1397735,49.2729516],[-123.1397685,49.2729204],[-123.1397673,49.2728929],[-123.1397694,49.272873],[-123.1397809,49.2728222],[-123.1397799,49.2727663],[-123.1397748,49.2726926],[-123.1397717,49.2726682],[-123.1397654,49.2726489],[-123.1397648,49.2726352],[-123.1397689,49.2726208],[-123.1397944,49.2725638],[-123.1397966,49.2725512],[-123.1397945,49.2725299],[-123.1397896,49.2725152],[-123.139782,49.2725018],[-123.1397768,49.272496],[-123.1397622,49.2724854],[-123.1397189,49.2724593],[-123.139709,49.2724511],[-123.1397066,49.2724459],[-123.139706,49.2724321],[-123.1397096,49.2724174],[-123.1397132,49.2724101],[-123.1397199,49.2723804],[-123.1397214,49.2723461],[-123.1397188,49.2723238],[-123.1397129,49.2722994],[-123.1396796,49.2722045],[-123.1396709,49.2721837],[-123.1396627,49.2721553],[-123.1396572,49.2721275],[-123.1396471,49.2720979],[-123.139631,49.2720415],[-123.1396193,49.271995],[-123.139615,49.271988],[-123.1396036,49.2719752],[-123.1395843,49.2719579],[-123.1395483,49.2719165],[-123.1395416,49.2719025],[-123.1395401,49.2718954],[-123.1395405,49.2718878],[-123.1395467,49.2718566],[-123.1395534,49.2718348],[-123.139568,49.2717975],[-123.1395724,49.2717797],[-123.1395746,49.2717647],[-123.1395731,49.2717589],[-123.1392055,49.2717739],[-123.1391604,49.271694],[-123.1394735,49.2716179],[-123.1394724,49.2716146],[-123.1394737,49.27161],[-123.1394703,49.2715956],[-123.1394551,49.2715682],[-123.1394447,49.2715597],[-123.1394263,49.2715497],[-123.139385,49.2715303],[-123.1393704,49.2715221],[-123.1393516,49.27151],[-123.1393464,49.2715054],[-123.1393284,49.2714866],[-123.1393203,49.2714716],[-123.1393102,49.2714432],[-123.139304,49.271432],[-123.1392964,49.2714222],[-123.139286,49.2714119],[-123.1392732,49.2714012],[-123.1392493,49.2713876],[-123.1391999,49.2713637],[-123.1391769,49.2713482],[-123.1391735,49.2713442],[-123.1391711,49.2713348],[-123.1391747,49.2713207],[-123.1391847,49.2712968],[-123.1391832,49.2712867],[-123.1391798,49.2712815],[-123.1391704,49.2712724],[-123.13916,49.2712651],[-123.1391469,49.2712572],[-123.1391116,49.27124],[-123.1390924,49.2712318],[-123.1390628,49.2712218],[-123.1390445,49.2712174],[-123.1390155,49.271212],[-123.1389612,49.2712049],[-123.1389289,49.2711962],[-123.1389073,49.2711865],[-123.1388687,49.2711665],[-123.1388504,49.2711584],[-123.1388406,49.271155],[-123.1388213,49.2711499],[-123.1388115,49.2711485],[-123.1387699,49.2711447],[-123.1387516,49.2711408],[-123.1387277,49.2711321],[-123.1387112,49.2711233],[-123.1386788,49.2711042],[-123.1386581,49.2710945],[-123.1386056,49.2710788],[-123.1385901,49.2710755],[-123.1385578,49.2710711],[-123.1385194,49.2710609],[-123.1384622,49.2710428],[-123.1384415,49.271035],[-123.1384213,49.2710256],[-123.1383917,49.2710102],[-123.1383362,49.2709774],[-123.1383018,49.2709546],[-123.1382768,49.2709324],[-123.1382603,49.27092],[-123.1382348,49.270895],[-123.1382277,49.2708862],[-123.1381873,49.2708262],[-123.1381812,49.2708222],[-123.1381676,49.2708159],[-123.1381498,49.2708105],[-123.1381306,49.2708078],[-123.13811,49.2708079],[-123.138074,49.2708096],[-123.1380493,49.2708094],[-123.1379992,49.2708057],[-123.1379871,49.2708039],[-123.137951,49.2707977],[-123.1379177,49.2707883],[-123.1378896,49.2707787],[-123.1378572,49.2707651],[-123.137813,49.2707451],[-123.1377717,49.2707251],[-123.1377157,49.2706957],[-123.1376636,49.2706706],[-123.1376387,49.2706564],[-123.1376147,49.2706409],[-123.1375741,49.2706105],[-123.1375524,49.2705904],[-123.1375089,49.2705466],[-123.1374924,49.2705281],[-123.13748,49.270511],[-123.1374643,49.2704839],[-123.1374557,49.2704656],[-123.1374513,49.270453],[-123.1374439,49.270421],[-123.1374417,49.2703831],[-123.1374418,49.2703091],[-123.1374387,49.2702828],[-123.1374347,49.2702663],[-123.137429,49.2702553],[-123.1374209,49.2702447],[-123.1374044,49.2702298],[-123.1373931,49.2702219],[-123.1373654,49.2702064],[-123.1373405,49.270194],[-123.1373212,49.2701865],[-123.1373015,49.2701798],[-123.1372696,49.2701708],[-123.137213,49.2701579],[-123.137176,49.2701511],[-123.1371493,49.2701472],[-123.1371264,49.2701452],[-123.1371101,49.2701492],[-123.1367718,49.2704061],[-123.1367325,49.2704445],[-123.1367166,49.2704663],[-123.1367163,49.2704794],[-123.1367361,49.2705421],[-123.13687,49.2708656],[-123.1368776,49.2708714],[-123.1368899,49.2708836],[-123.1369068,49.2708939],[-123.1369265,49.270903],[-123.1369491,49.2709115],[-123.1369786,49.2709202],[-123.1370222,49.2709313],[-123.1370358,49.2709364],[-123.1370419,49.2709404],[-123.1370523,49.2709495],[-123.1370608,49.2709611],[-123.1370718,49.2709833],[-123.1370772,49.2709989],[-123.1370806,49.2710194],[-123.1370844,49.2710606],[-123.1370802,49.2711028],[-123.1370717,49.2711386],[-123.1370709,49.2711484],[-123.1370724,49.2711579],[-123.1370758,49.2711674],[-123.1370815,49.271179],[-123.1370943,49.2711969],[-123.1371218,49.2712323],[-123.1371399,49.2712591],[-123.1371524,49.2712878],[-123.1371574,49.2713153],[-123.1371665,49.2713381],[-123.1371803,49.2713616],[-123.1372083,49.2714015],[-123.1372226,49.2714284],[-123.1372469,49.2714665],[-123.1372782,49.2715091],[-123.1372995,49.2715338],[-123.1373369,49.2715743],[-123.1373474,49.2715926],[-123.1373566,49.2716222],[-123.1373577,49.2716381],[-123.1373547,49.271661],[-123.1373494,49.2717311],[-123.1373429,49.2717748],[-123.137337,49.2718329],[-123.1373294,49.2718577],[-123.1373156,49.2718823],[-123.1373119,49.2718872],[-123.1373087,49.2718912],[-123.1372923,49.2719061],[-123.1372851,49.2719153],[-123.1372576,49.2719662],[-123.137261,49.2720014],[-123.1372642,49.2720044],[-123.1372644,49.2720276],[-123.1372608,49.2720417],[-123.1372436,49.2720876],[-123.1372294,49.2721137],[-123.1372019,49.272156],[-123.1371831,49.2721912],[-123.1371481,49.2722397],[-123.1371159,49.272279],[-123.1371148,49.2722921],[-123.1371884,49.2722987],[-123.1371314,49.2725206],[-123.1369146,49.2725075],[-123.136833,49.2727433],[-123.1368335,49.2727449],[-123.1368379,49.2727592],[-123.1369245,49.2728611],[-123.1364745,49.2730987],[-123.1363703,49.2730213],[-123.1360006,49.2730264],[-123.1360111,49.2731678],[-123.1353245,49.2731884],[-123.1353166,49.2731106],[-123.1353035,49.2731104],[-123.1352459,49.2731096],[-123.1351828,49.2731114],[-123.1351515,49.2731107],[-123.13513,49.2731089],[-123.135038,49.2731097],[-123.1350202,49.2731085],[-123.1349916,49.2731047],[-123.1349654,49.2730987],[-123.1349288,49.2730885],[-123.1348955,49.2730767],[-123.1348687,49.2730643],[-123.1348655,49.2730625],[-123.1348623,49.2730607],[-123.1348354,49.2730458],[-123.1348137,49.2730313],[-123.1347821,49.2730085],[-123.134726,49.272965],[-123.1346827,49.2729298],[-123.1346572,49.2729067],[-123.1345778,49.2729444],[-123.134421,49.2728153],[-123.1346396,49.2726863],[-123.134642,49.2726849],[-123.1346227,49.272671],[-123.1345366,49.2726022],[-123.1342969,49.2724069],[-123.1342874,49.2723991],[-123.1341847,49.2724452],[-123.1341144,49.2724512],[-123.1341094,49.2724517],[-123.1340928,49.2724534],[-123.1340774,49.272454],[-123.1339405,49.2723442],[-123.1338673,49.2723056],[-123.133835,49.2722885],[-123.1336005,49.2721319],[-123.1335589,49.2721007],[-123.1335379,49.2720781],[-123.1335385,49.2720625],[-123.1335482,49.2720469],[-123.1335404,49.2720157],[-123.1335301,49.2719854],[-123.133515,49.2719653],[-123.1335109,49.271962],[-123.1331992,49.2717131],[-123.1331359,49.2717489],[-123.1323522,49.271121],[-123.1324374,49.2710707],[-123.1324236,49.27106],[-123.1323538,49.271087],[-123.1323473,49.2710817],[-123.1321102,49.2708864],[-123.1320778,49.2708815],[-123.1320615,49.270873],[-123.1320473,49.270862],[-123.1319287,49.2709191],[-123.1318635,49.2708619],[-123.1318662,49.2708603],[-123.1318619,49.2708562],[-123.1318796,49.2708463],[-123.1317667,49.2707633],[-123.1317398,49.2707758],[-123.1316702,49.2707242],[-123.1316881,49.2706728],[-123.1316922,49.2706621],[-123.1316839,49.270654],[-123.1317704,49.2705965],[-123.1317586,49.2705847],[-123.1317566,49.2705827],[-123.1317664,49.2705747],[-123.1312085,49.2701346],[-123.1312007,49.2701285],[-123.1311975,49.27013],[-123.1311926,49.2701321],[-123.1311889,49.2701295],[-123.1309503,49.2699411],[-123.1309575,49.2699367],[-123.1309491,49.2699299],[-123.1309361,49.2699192],[-123.1305416,49.2696068],[-123.1305365,49.2696032],[-123.1305374,49.269563],[-123.1305486,49.2691939],[-123.130554,49.2691851],[-123.1307072,49.2690799],[-123.1307302,49.2690641],[-123.1307293,49.2690589],[-123.1307288,49.2690549],[-123.1307284,49.2690504],[-123.1307343,49.2688676],[-123.1307451,49.2685504],[-123.1307389,49.2685464],[-123.1306723,49.2685241],[-123.1306526,49.2685156],[-123.1306431,49.2685083],[-123.1306365,49.2684992],[-123.1306326,49.2684894],[-123.1306276,49.2684589],[-123.1306319,49.2684191],[-123.1306364,49.2684087],[-123.130641,49.2684038],[-123.1306545,49.2683942],[-123.1306675,49.2683875],[-123.1306889,49.2683806],[-123.1307239,49.2683734],[-123.1307547,49.2683702],[-123.1307925,49.2683697],[-123.1308855,49.268372],[-123.1309234,49.268374],[-123.1309505,49.2683769],[-123.1309782,49.268382],[-123.131017,49.2683913],[-123.1310555,49.2684021],[-123.1311141,49.2684211],[-123.1311854,49.2684464],[-123.1312102,49.2684534],[-123.131251,49.2684632],[-123.1312983,49.2684731],[-123.1313531,49.2684829],[-123.1313741,49.268485],[-123.1314214,49.2684869],[-123.1314877,49.2684872],[-123.1315195,49.2684858],[-123.1315924,49.2684861],[-123.1316447,49.2684852],[-123.1316564,49.2684861],[-123.1317101,49.2684861],[-123.1317265,49.2684876],[-123.1317555,49.2684874],[-123.131841,49.2684904],[-123.1319705,49.268498],[-123.1320323,49.2685038],[-123.1320655,49.2685058],[-123.1321145,49.2685065],[-123.1321463,49.2685082],[-123.1321824,49.2685126],[-123.1322179,49.2685192],[-123.1322676,49.2685305],[-123.1323229,49.2685407],[-123.1324048,49.2685522],[-123.1324281,49.2685539],[-123.1325764,49.2685633],[-123.1326437,49.268566],[-123.1326802,49.2685701],[-123.1327115,49.2685758],[-123.1327729,49.2685905],[-123.1327992,49.2685983],[-123.1328161,49.268605],[-123.1328438,49.268618],[-123.1329575,49.2686743],[-123.1329946,49.2686909],[-123.1330345,49.268707],[-123.1330735,49.268726],[-123.1331027,49.2687436],[-123.1331177,49.2687509],[-123.1331355,49.2687575],[-123.1331735,49.2687705],[-123.1332485,49.268794],[-123.1332917,49.2688054],[-123.1333132,49.2688126],[-123.1333344,49.2688214],[-123.1333983,49.2688578],[-123.1334246,49.2688711],[-123.133442,49.2688781],[-123.1334687,49.2688874],[-123.133479,49.2688898],[-123.1335329,49.268899],[-123.1335994,49.2689134],[-123.1336964,49.2689358],[-123.1337249,49.2689409],[-123.1337441,49.268943],[-123.1337647,49.2689435],[-123.1338175,49.2689423],[-123.1338352,49.2689392],[-123.1338431,49.2689364],[-123.1338552,49.2689277],[-123.133869,49.2689142],[-123.1338852,49.2688949],[-123.1339206,49.2688473],[-123.1339348,49.2688225],[-123.1339517,49.2687897],[-123.1339646,49.2687737],[-123.1339767,49.2687621],[-123.1340044,49.2687393],[-123.1340164,49.268727],[-123.1340261,49.2687138],[-123.134049,49.2686691],[-123.1340568,49.2686577],[-123.1340835,49.2686221],[-123.1340912,49.2685998],[-123.1340878,49.2685885],[-123.1340821,49.2685787],[-123.1340805,49.268565],[-123.1340816,49.2685335],[-123.13408,49.2685191],[-123.1340776,49.2685133],[-123.134071,49.2685036],[-123.1340629,49.2684953],[-123.1340474,49.2684823],[-123.1340243,49.2684674],[-123.1339951,49.268451],[-123.1339317,49.2684223],[-123.1338538,49.2683927],[-123.1338327,49.2683864],[-123.1338093,49.2683834],[-123.1337963,49.2683835],[-123.1337636,49.2683855],[-123.1337538,49.2683871],[-123.1337366,49.2683923],[-123.1337077,49.2684065],[-123.1336618,49.268434],[-123.133645,49.268442],[-123.1336106,49.2684556],[-123.1335915,49.2684615],[-123.1335706,49.2684662],[-123.1335346,49.2684716],[-123.1335113,49.2684741],[-123.1334805,49.2684749],[-123.1334622,49.2684728],[-123.1334435,49.2684668],[-123.1334102,49.2684544],[-123.1333857,49.2684442],[-123.1333674,49.2684348],[-123.133326,49.2684068],[-123.1333099,49.2683929],[-123.1332972,49.2683798],[-123.1332849,49.2683645],[-123.1332621,49.2683322],[-123.1332479,49.2683158],[-123.1332138,49.2682793],[-123.1331811,49.2682394],[-123.1331575,49.268215],[-123.1331366,49.2681901],[-123.1331025,49.2681419],[-123.133055,49.268073],[-123.1330327,49.2680447],[-123.1330019,49.2680073],[-123.132982,49.2679859],[-123.1329386,49.2679427],[-123.1329191,49.2679144],[-123.1329125,49.2679089],[-123.1325743,49.2678919],[-123.1325736,49.2679018],[-123.132571,49.2679319],[-123.1325216,49.267932],[-123.1323546,49.2679286],[-123.1322556,49.2678108],[-123.1322454,49.267798],[-123.1322936,49.2677714],[-123.1322909,49.2677658],[-123.1322895,49.2677612],[-123.1322828,49.2677521],[-123.1322261,49.2676979],[-123.1321955,49.2676727],[-123.1321531,49.2676454],[-123.1320901,49.2676072],[-123.1320652,49.2675948],[-123.1320435,49.2675808],[-123.1320176,49.2675604],[-123.1320096,49.267551],[-123.1319986,49.2675342],[-123.1319738,49.2674909],[-123.1319387,49.2674379],[-123.1319254,49.2674221],[-123.1318885,49.2673856],[-123.1318692,49.2673713],[-123.1318523,49.2673616],[-123.1318171,49.2673437],[-123.1317903,49.2673325],[-123.1317701,49.2673256],[-123.1317209,49.2673133],[-123.1317008,49.2673094],[-123.1316699,49.2673047],[-123.1315647,49.2672951],[-123.1315296,49.2672949],[-123.1314955,49.2672979],[-123.1314634,49.2673038],[-123.1314321,49.2673116],[-123.1313726,49.2673315],[-123.1313377,49.2673454],[-123.1312991,49.2673648],[-123.1312652,49.2673836],[-123.1312299,49.2674052],[-123.1311859,49.2674345],[-123.1311525,49.2674609],[-123.1311322,49.2674794],[-123.1311099,49.267496],[-123.1310566,49.267532],[-123.1309962,49.2675672],[-123.1308987,49.267622],[-123.1308755,49.2676374],[-123.1308612,49.2676494],[-123.1308432,49.2676676],[-123.1308238,49.2676927],[-123.130816,49.2677059],[-123.1308101,49.2677191],[-123.1308056,49.2677326],[-123.1307989,49.2677678],[-123.1307904,49.2678344],[-123.1307837,49.2678696],[-123.1307761,49.2678944],[-123.1307701,49.2679052],[-123.1307604,49.2679153],[-123.1307373,49.2679387],[-123.1307276,49.2679463],[-123.13071,49.267958],[-123.1306863,49.2679701],[-123.13067,49.2679766],[-123.1306327,49.2679884],[-123.1305955,49.2679983],[-123.1305684,49.2680027],[-123.1305404,49.2680041],[-123.1305054,49.2680076],[-123.130476,49.2680087],[-123.1304227,49.2680089],[-123.1304072,49.2680075],[-123.1303228,49.2680064],[-123.129993,49.2680036],[-123.129953,49.268005],[-123.1299115,49.2680105],[-123.1298826,49.2680205],[-123.1297687,49.2680891],[-123.1296508,49.2681689],[-123.1295993,49.2682021],[-123.1295502,49.268235],[-123.129488,49.26826],[-123.1294099,49.268265],[-123.1293347,49.2682657],[-123.129258,49.2682643],[-123.1291785,49.2682598],[-123.1291014,49.2682557],[-123.1290311,49.2682415],[-123.1289818,49.2682081],[-123.1289515,49.268189],[-123.1288804,49.2681784],[-123.1288037,49.2681789],[-123.1287289,49.2681768],[-123.1286536,49.2681763],[-123.1285779,49.2681761],[-123.1285058,49.2681759],[-123.1284291,49.2681733],[-123.1283492,49.2681728],[-123.1282698,49.2681726],[-123.1281921,49.268173],[-123.1281141,49.2681743],[-123.1280388,49.2681787],[-123.1279715,49.2681967],[-123.1279018,49.2682157],[-123.1278229,49.2682267],[-123.1277476,49.268228],[-123.1276681,49.2682272],[-123.1275947,49.2682273],[-123.1275241,49.2682262],[-123.1274469,49.2682263],[-123.1273703,49.2682243],[-123.1272922,49.2682244],[-123.1272127,49.2682242],[-123.1271333,49.2682222],[-123.1270505,49.2682217],[-123.1269729,49.2682203],[-123.1269004,49.2682179],[-123.1268214,49.268218],[-123.1267471,49.2682163],[-123.1266667,49.2682167],[-123.1265854,49.2682178],[-123.1265064,49.2682173],[-123.1264362,49.2682152],[-123.1263563,49.2682135],[-123.1262814,49.2682139],[-123.1262057,49.2682125],[-123.1261332,49.2682114],[-123.1260547,49.2682087],[-123.1259775,49.2682052],[-123.1259008,49.2681983],[-123.125826,49.2681926],[-123.1257493,49.2681851],[-123.1256795,49.2681664],[-123.1256111,49.2681424],[-123.1255464,49.268113],[-123.1254896,49.268079],[-123.1254361,49.2680441],[-123.1253807,49.2680093],[-123.1253346,49.2679695],[-123.1252917,49.267927],[-123.1252446,49.2678902],[-123.1251943,49.2678526],[-123.1251311,49.2678131],[-123.1250763,49.2677797],[-123.1250151,49.267753],[-123.1249469,49.2677297],[-123.124877,49.2677131],[-123.1248011,49.2677017],[-123.1247248,49.2676966],[-123.1246486,49.267694],[-123.1245696,49.2676987],[-123.1244941,49.2677098],[-123.124419,49.2677255],[-123.1243491,49.2677475],[-123.1242891,49.2677776],[-123.124232,49.2678144],[-123.1241866,49.2678551],[-123.1241444,49.2678967],[-123.1241074,49.2679429],[-123.1240703,49.2679884],[-123.1240384,49.2680336],[-123.1240112,49.2680824],[-123.1239928,49.2681308],[-123.1239754,49.2681805],[-123.1239612,49.2682304],[-123.1239591,49.268239],[-123.1239615,49.2682424],[-123.1239621,49.2682562],[-123.1239671,49.2682751],[-123.1239767,49.2682971],[-123.123993,49.2683269],[-123.124004,49.2683443],[-123.1240401,49.2683911],[-123.1240412,49.2684015],[-123.1240343,49.2684098],[-123.1240273,49.2684132],[-123.1240203,49.2684148],[-123.1240059,49.2684158],[-123.1239881,49.2684153],[-123.1239797,49.2684141],[-123.1239652,49.2684108],[-123.1239501,49.2684054],[-123.123929,49.2683948],[-123.1238754,49.2683731],[-123.1238124,49.2683368],[-123.1237737,49.2683209],[-123.1237133,49.2683003],[-123.1237037,49.268297],[-123.1236392,49.2682718],[-123.1235702,49.2682485],[-123.1235566,49.2682441],[-123.1234763,49.2682473],[-123.1233992,49.2682556],[-123.1233254,49.2682612],[-123.1232516,49.2682619],[-123.1231772,49.268263],[-123.1230974,49.2682677],[-123.1230245,49.2682769],[-123.122947,49.268285],[-123.1228691,49.2682952],[-123.1227927,49.268316],[-123.122729,49.2683443],[-123.1226671,49.2683763],[-123.1226058,49.268408],[-123.1225463,49.2684409],[-123.1224919,49.2684746],[-123.122438,49.2685093],[-123.1223808,49.2685425],[-123.1223218,49.2685757],[-123.122252,49.2686019],[-123.1221803,49.2686239],[-123.1221131,49.2686422],[-123.1220412,49.2686533],[-123.1219646,49.2686577],[-123.1218875,49.2686563],[-123.121808,49.2686528],[-123.1217317,49.2686478],[-123.1216591,49.2686409],[-123.1215813,49.2686289],[-123.1215105,49.2686141],[-123.1214492,49.2685856],[-123.1213917,49.2685546],[-123.1213423,49.2685126],[-123.1212981,49.2684752],[-123.1212645,49.268427],[-123.1212424,49.2683767],[-123.1212185,49.2683288],[-123.1211979,49.2682793],[-123.1211856,49.2682329],[-123.1211738,49.2681795],[-123.121161,49.2681309],[-123.1211413,49.268082],[-123.1211221,49.2680353],[-123.1211015,49.2679865],[-123.1210771,49.2679395],[-123.1210356,49.2678947],[-123.1209817,49.2678583],[-123.1209273,49.2678233],[-123.1208615,49.2677991],[-123.1207915,49.2677806],[-123.1207225,49.2677652],[-123.1206754,49.2677597],[-123.1205968,49.2677568],[-123.1205144,49.2677533],[-123.1204344,49.2677519],[-123.1203553,49.2677487],[-123.1202735,49.2677479],[-123.1201967,49.2677499],[-123.1201171,49.2677476],[-123.1200315,49.2677474],[-123.1199552,49.267746],[-123.1198724,49.267747],[-123.1197914,49.2677462],[-123.1197086,49.2677479],[-123.1196319,49.2677456],[-123.1195579,49.2677409],[-123.1194793,49.2677392],[-123.1194011,49.267739],[-123.1193248,49.2677388],[-123.1192494,49.2677411],[-123.1191712,49.2677525],[-123.1191018,49.2677727],[-123.1190407,49.2678015],[-123.1189893,49.2678343],[-123.1189468,49.2678747],[-123.11892,49.2679206],[-123.1189002,49.2679705],[-123.118893,49.2680201],[-123.1188895,49.2680691],[-123.1188851,49.2681182],[-123.1188825,49.2681653],[-123.1188813,49.2682141],[-123.1188806,49.2682631],[-123.1188804,49.2683112],[-123.1188778,49.2683608],[-123.1188766,49.2684114],[-123.1188745,49.2684595],[-123.1188724,49.2685088],[-123.1188689,49.2685566],[-123.1188654,49.2686044],[-123.1188623,49.2686519],[-123.1188584,49.2686981],[-123.1188563,49.2687444],[-123.1188528,49.268791],[-123.1188512,49.2688333],[-123.1188407,49.2688814],[-123.1188037,49.2689224],[-123.1187491,49.2689543],[-123.1186852,49.2689836],[-123.1186213,49.2690106],[-123.1185607,49.2690391],[-123.1184968,49.2690667],[-123.1184334,49.2690951],[-123.1183872,49.2691148],[-123.1183243,49.2691448],[-123.118258,49.2691745],[-123.1181946,49.269203],[-123.118134,49.2692315],[-123.1181046,49.2692518],[-123.1180961,49.2692695],[-123.1181154,49.2693152],[-123.1181515,49.2693585],[-123.1181681,49.2693847],[-123.1181647,49.269413],[-123.1181235,49.2694531],[-123.1181217,49.2694543],[-123.1180717,49.2694892],[-123.1180222,49.2695269],[-123.1179615,49.2695603],[-123.1178916,49.2695784],[-123.1178218,49.2695928],[-123.1177436,49.2696048],[-123.1177174,49.2696121],[-123.1177067,49.2696179],[-123.1176814,49.2696659],[-123.1176555,49.2697124],[-123.1176343,49.2697602],[-123.1176038,49.2698073],[-123.1175608,49.2698492],[-123.1175136,49.2698878],[-123.1174534,49.2699221],[-123.1173947,49.2699518],[-123.1173261,49.2699799],[-123.117259,49.2700072],[-123.1171895,49.2700305],[-123.1171224,49.2700535],[-123.1170543,49.2700795],[-123.1170072,49.2701144],[-123.1169591,49.2701518],[-123.1169422,49.2701609],[-123.1168779,49.2701893],[-123.1168154,49.2702136],[-123.1167529,49.2702433],[-123.1166978,49.2702827],[-123.1166399,49.270321],[-123.1165844,49.2703571],[-123.1165288,49.2703914],[-123.1164658,49.2704201],[-123.1164038,49.2704398],[-123.1163363,49.2704643],[-123.1162677,49.2704864],[-123.1162011,49.2705072],[-123.1161349,49.2705345],[-123.1160766,49.2705657],[-123.1160192,49.2705988],[-123.1159622,49.2706309],[-123.1159095,49.2706671],[-123.1158623,49.2707032],[-123.1158137,49.2707384],[-123.1157645,49.2707749],[-123.1157518,49.2707863],[-123.1157447,49.2707954],[-123.1157394,49.2707994],[-123.1157021,49.2708151],[-123.1156888,49.2708195],[-123.1156665,49.2708324],[-123.1156522,49.2708378],[-123.1156333,49.270847],[-123.1156261,49.2708486],[-123.1156106,49.2708481],[-123.1156037,49.2708501],[-123.1155972,49.2708534],[-123.1155882,49.2708609],[-123.1155812,49.2708642],[-123.1155743,49.2708656],[-123.1155674,49.2708651],[-123.1155604,49.2708659],[-123.1155533,49.2708684],[-123.1155387,49.2708708],[-123.1155236,49.2708694],[-123.1155162,49.2708698],[-123.1154789,49.270887],[-123.115472,49.2708891],[-123.1154464,49.2708905],[-123.1154388,49.2708923],[-123.1154249,49.2708977],[-123.1154197,49.2709011],[-123.1153977,49.270923],[-123.1153943,49.2709271],[-123.1153845,49.2709472],[-123.1153814,49.270963],[-123.115381,49.2709734],[-123.11538,49.270979],[-123.1153726,49.2710026],[-123.1153647,49.2710222],[-123.1153624,49.2710268],[-123.1153454,49.2710436],[-123.1153284,49.2710647],[-123.1153232,49.2710688],[-123.1153172,49.2710711],[-123.1152964,49.2710763],[-123.1152768,49.2710866],[-123.1152704,49.2710889],[-123.115262,49.27109],[-123.1152324,49.2710888],[-123.1152089,49.2710891],[-123.1151809,49.2710926],[-123.1151745,49.271095],[-123.1151671,49.2710955],[-123.1151599,49.2710945],[-123.1151444,49.2710906],[-123.1151219,49.2710862],[-123.1151068,49.2710872],[-123.1150741,49.2710861],[-123.1150578,49.2710842],[-123.1150408,49.2710837],[-123.1149973,49.2710861],[-123.1149808,49.2710863],[-123.1149657,49.2710854],[-123.1149275,49.2710854],[-123.1148899,49.2710861],[-123.1148736,49.2710867],[-123.1148579,49.2710883],[-123.114844,49.2710917],[-123.1148373,49.2710942],[-123.1148334,49.2710979],[-123.1148277,49.2711067],[-123.1148197,49.2711416],[-123.1148177,49.2711466],[-123.1148091,49.271161],[-123.114805,49.2711705],[-123.114797,49.2711841],[-123.1147898,49.2711932],[-123.1147766,49.2712049],[-123.114767,49.271218],[-123.114762,49.2712216],[-123.1147548,49.271225],[-123.1147378,49.2712358],[-123.1147282,49.2712442],[-123.1146989,49.2712598],[-123.1146879,49.2712676],[-123.1146687,49.2712839],[-123.1146675,49.2712884],[-123.1146576,49.2712998],[-123.1146521,49.271304],[-123.1146337,49.2713139],[-123.1146266,49.2713139],[-123.1146127,49.2713107],[-123.1146053,49.2713103],[-123.1145984,49.2713114],[-123.1145589,49.2713256],[-123.1145523,49.2713275],[-123.1145233,49.2713264],[-123.1145083,49.271325],[-123.11447,49.2713297],[-123.1144397,49.2713305],[-123.1144327,49.2713312],[-123.1144253,49.2713336],[-123.1144029,49.2713477],[-123.114396,49.2713497],[-123.1143654,49.2713553],[-123.114352,49.2713597],[-123.1143278,49.2713614],[-123.1143142,49.2713669],[-123.1143066,49.2713688],[-123.1142836,49.2713707],[-123.1142712,49.271376],[-123.1142569,49.2713794],[-123.1142499,49.2713805],[-123.114233,49.2713813],[-123.1141763,49.271388],[-123.1141221,49.2713916],[-123.1141144,49.2713919],[-123.114107,49.2713912],[-123.1140924,49.2713882],[-123.114085,49.2713877],[-123.1140595,49.2713898],[-123.1140437,49.2713894],[-123.1140279,49.2713879],[-123.1140136,49.271386],[-123.114,49.271383],[-123.113988,49.2713765],[-123.113983,49.2713729],[-123.1139753,49.2713622],[-123.1139679,49.2713539],[-123.1139574,49.2713396],[-123.1139509,49.2713225],[-123.1139421,49.2713086],[-123.1139318,49.271295],[-123.1139266,49.2712853],[-123.113918,49.2712765],[-123.1139108,49.2712719],[-123.113884,49.2712615],[-123.1138618,49.2712508],[-123.1138118,49.2712384],[-123.1138018,49.2712368],[-123.1137774,49.2712347],[-123.1137325,49.2712359],[-123.1137191,49.2712406],[-123.1137043,49.2712437],[-123.1136809,49.2712466],[-123.1136737,49.2712456],[-123.1136608,49.2712403],[-123.1136546,49.2712369],[-123.1136479,49.2712356],[-123.1136233,49.2712358],[-123.1136163,49.2712369],[-123.1136013,49.2712408],[-123.113596,49.2712439],[-123.1135958,49.2712484],[-123.113602,49.2712575],[-123.1136159,49.2712866],[-123.113619,49.2712955],[-123.113619,49.2713002],[-123.1135905,49.2713091],[-123.1135827,49.2713102],[-123.1135024,49.2713271],[-123.1134871,49.2713296],[-123.11343,49.2713413],[-123.113407,49.2713451],[-123.1133848,49.2713496],[-123.1133286,49.2713632],[-123.1132961,49.2713698],[-123.1132287,49.2713851],[-123.1131446,49.2714008],[-123.1130844,49.2714139],[-123.1129496,49.2714396],[-123.1129276,49.2714433],[-123.1128808,49.2714533],[-123.1128526,49.2714605],[-123.1128069,49.2714698],[-123.1127823,49.271474],[-123.1127441,49.2714837],[-123.1127149,49.2714899],[-123.1127015,49.2714937],[-123.1126471,49.2715043],[-123.11261,49.2715098],[-123.1125495,49.2715212],[-123.1125194,49.2715259],[-123.1124831,49.2715297],[-123.112437,49.2715352],[-123.1124057,49.2715397],[-123.112376,49.271546],[-123.1122382,49.2715699],[-123.1121538,49.2715857],[-123.1121093,49.2715923],[-123.1120618,49.2715999],[-123.1120353,49.2716051],[-123.1119946,49.2716117],[-123.1119547,49.2716196],[-123.1119029,49.2716311],[-123.1118603,49.2716458],[-123.1118429,49.2716512],[-123.1118247,49.2716553],[-123.1117901,49.2716617],[-123.1117487,49.2716672],[-123.111726,49.2716692],[-123.1116926,49.2716695],[-123.1116825,49.2716702],[-123.1116013,49.2716796],[-123.1116053,49.2716894],[-123.1116077,49.2716994],[-123.1116094,49.2717237],[-123.1116111,49.2717382],[-123.1116144,49.2717535],[-123.1116228,49.2717781],[-123.1116355,49.271802],[-123.1116438,49.2718215],[-123.1116534,49.2718516],[-123.1116555,49.2718617],[-123.1116551,49.2718664],[-123.1116331,49.271872],[-123.1116015,49.2718777],[-123.1115788,49.2718807],[-123.1115571,49.2718843],[-123.1115346,49.2718889],[-123.1115122,49.271893],[-123.1114966,49.2718947],[-123.1114242,49.2719068],[-123.1113735,49.2719162],[-123.1113664,49.2719171],[-123.111359,49.2719166],[-123.1113523,49.2719132],[-123.1113487,49.2719087],[-123.1113432,49.2718891],[-123.1113415,49.2718846],[-123.1113384,49.2718804],[-123.1113324,49.2718768],[-123.1113253,49.2718755],[-123.1113171,49.2718761],[-123.1113033,49.271879],[-123.1112971,49.2718811],[-123.1112732,49.2718836],[-123.1112509,49.2718844],[-123.111222,49.2718833],[-123.111206,49.2718847],[-123.1111807,49.2718913],[-123.1111668,49.271896],[-123.1111343,49.2719041],[-123.1111283,49.2719071],[-123.1111231,49.2719112],[-123.1111152,49.2719426],[-123.1111138,49.2719536],[-123.1111162,49.2719742],[-123.1111164,49.2719906],[-123.1111154,49.2720006],[-123.1111116,49.2720175],[-123.1111025,49.2720438],[-123.1111006,49.2720591],[-123.1110892,49.2720938],[-123.1110837,49.2721046],[-123.1110775,49.2721137],[-123.1110629,49.2721307],[-123.111038,49.2721501],[-123.1110287,49.2721584],[-123.1110182,49.272165],[-123.1110122,49.2721673],[-123.111007,49.2721705],[-123.1110039,49.2721753],[-123.1110003,49.2721795],[-123.1109938,49.2721825],[-123.1109867,49.2721847],[-123.1109795,49.2721856],[-123.1109644,49.2721855],[-123.1109585,49.2721881],[-123.1109539,49.2721977],[-123.1109532,49.2722028],[-123.1109508,49.2722075],[-123.1109456,49.272211],[-123.1108923,49.272223],[-123.1108786,49.2722266],[-123.1108502,49.2722358],[-123.1108423,49.2722372],[-123.1108194,49.2722385],[-123.1108055,49.2722363],[-123.1107983,49.272236],[-123.110783,49.2722382],[-123.110746,49.272249],[-123.1107106,49.2722584],[-123.1106659,49.2722691],[-123.1106428,49.2722734],[-123.1106212,49.2722762],[-123.1106232,49.2722962],[-123.1106225,49.2723182],[-123.1106208,49.2723209],[-123.1106146,49.2723244],[-123.110606,49.2723256],[-123.1105737,49.272327],[-123.1105319,49.2723309],[-123.1105161,49.2723331],[-123.1105003,49.2723347],[-123.110476,49.2723356],[-123.1104683,49.272335],[-123.110464,49.2723309],[-123.1104619,49.2723217],[-123.1104595,49.2723026],[-123.1104578,49.2722593],[-123.1104587,49.2722431],[-123.1104571,49.2722316],[-123.110452,49.2722218],[-123.1104375,49.2722188],[-123.1104236,49.2722138],[-123.1104014,49.2722099],[-123.1103947,49.272208],[-123.1103932,49.2722033],[-123.1103801,49.2721982],[-123.110377,49.272194],[-123.1103715,49.2721897],[-123.1103641,49.2721874],[-123.1103569,49.2721864],[-123.1103409,49.2721875],[-123.1103333,49.2721872],[-123.1103168,49.2721889],[-123.1103091,49.2721908],[-123.1102972,49.272198],[-123.1102737,49.272204],[-123.1102666,49.2722049],[-123.1102599,49.2722068],[-123.1102556,49.2722108],[-123.1102482,49.2722141],[-123.1102259,49.2722165],[-123.1102205,49.2722198],[-123.1102197,49.2722243],[-123.1102283,49.2722327],[-123.1102274,49.2722374],[-123.110224,49.2722415],[-123.1102126,49.272249],[-123.110208,49.2722535],[-123.1101925,49.2722628],[-123.1101868,49.2722671],[-123.1101793,49.2722757],[-123.1101774,49.2722801],[-123.1101727,49.2722842],[-123.1101311,49.2723039],[-123.1101167,49.2723092],[-123.110095,49.2723159],[-123.110051,49.272326],[-123.1100355,49.2723283],[-123.1099738,49.272333],[-123.1099657,49.2723327],[-123.1099365,49.2723383],[-123.1099298,49.2723414],[-123.1098933,49.2723522],[-123.1098785,49.2723554],[-123.109872,49.2723586],[-123.1098601,49.2723665],[-123.1098402,49.2723826],[-123.1098345,49.2723863],[-123.1098204,49.2723915],[-123.1098034,49.2723935],[-123.1097872,49.2723935],[-123.1097492,49.2723984],[-123.1097258,49.2724043],[-123.1097174,49.272406],[-123.1096928,49.2724081],[-123.1096705,49.2724123],[-123.1096168,49.2724159],[-123.1096079,49.272417],[-123.1095943,49.2724209],[-123.1095623,49.2724278],[-123.1095398,49.2724343],[-123.1095327,49.2724347],[-123.1095224,49.2724336],[-123.1095045,49.2724334],[-123.1094786,49.2724306],[-123.1094717,49.2724304],[-123.109455,49.2724282],[-123.1094471,49.2724284],[-123.1094397,49.2724192],[-123.1094337,49.2724106],[-123.1094265,49.2724084],[-123.1094203,49.2724043],[-123.1094131,49.2724012],[-123.1093986,49.2723995],[-123.1093818,49.2723985],[-123.1093677,49.2724003],[-123.1093618,49.2724029],[-123.1093544,49.2724037],[-123.1093398,49.2723989],[-123.1093276,49.2723921],[-123.1093211,49.2723895],[-123.109312,49.2723873],[-123.1092736,49.2723852],[-123.1092573,49.2723849],[-123.1092217,49.2723857],[-123.1092093,49.2723864],[-123.1091574,49.2723928],[-123.1091185,49.2723982],[-123.1091039,49.2724012],[-123.1090685,49.2724128],[-123.1090582,49.2724208],[-123.1090597,49.2724255],[-123.1090554,49.2724295],[-123.1090487,49.2724308],[-123.109041,49.2724295],[-123.1090296,49.2724239],[-123.1090121,49.2724225],[-123.1089679,49.2724173],[-123.1089402,49.2724123],[-123.1089074,49.2724103],[-123.1089,49.2724086],[-123.1088771,49.2724061],[-123.1088546,49.2724064],[-123.1088467,49.2724062],[-123.1088092,49.2724011],[-123.108781,49.2723983],[-123.1087659,49.2723953],[-123.1087198,49.2723923],[-123.1087033,49.2723918],[-123.1086627,49.2723934],[-123.108635,49.2723994],[-123.1086264,49.2723972],[-123.1086211,49.2723937],[-123.1086135,49.2723919],[-123.108596,49.2723914],[-123.1085733,49.27239],[-123.1085415,49.2723861],[-123.1084894,49.2723861],[-123.1084538,49.2723853],[-123.1084239,49.2723858],[-123.1083852,49.2723848],[-123.1083616,49.2723828],[-123.1083381,49.2723793],[-123.1083052,49.2723815],[-123.1082875,49.27238],[-123.108271,49.2723758],[-123.108265,49.2723734],[-123.1082578,49.2723718],[-123.1082277,49.2723722],[-123.1081704,49.2723765],[-123.1081305,49.2723773],[-123.1081101,49.2723784],[-123.1079746,49.272378],[-123.107945,49.2723823],[-123.1079225,49.2723851],[-123.1078856,49.2723847],[-123.1078785,49.2723831],[-123.1078189,49.272376],[-123.1077819,49.2723742],[-123.1077666,49.2723729],[-123.1077372,49.2723668],[-123.1077307,49.2723651],[-123.1077042,49.2723545],[-123.1076983,49.2723519],[-123.1076925,49.2723481],[-123.1076847,49.2723389],[-123.1076794,49.2723301],[-123.1076692,49.2723061],[-123.107666,49.2722798],[-123.1076607,49.2722764],[-123.1076521,49.2722757],[-123.1076311,49.2722757],[-123.1076244,49.2722744],[-123.107623,49.2722641],[-123.107624,49.2722541],[-123.1076271,49.2722399],[-123.1076275,49.2722206],[-123.1076287,49.2722108],[-123.107628,49.2721915],[-123.1076295,49.2721818],[-123.1076279,49.2721522],[-123.1076302,49.2721327],[-123.1076331,49.2721233],[-123.1076341,49.2721089],[-123.1076339,49.2720884],[-123.107636,49.2720302],[-123.1076383,49.2720063],[-123.1076362,49.2719917],[-123.1076352,49.2719321],[-123.1076375,49.2718916],[-123.1076409,49.2718725],[-123.1076422,49.2718385],[-123.1076467,49.2717922],[-123.1076476,49.2717533],[-123.1076332,49.2717501],[-123.1076196,49.2717446],[-123.1076072,49.2717383],[-123.1075924,49.271733],[-123.1075711,49.2717269],[-123.1075585,49.2717217],[-123.1075399,49.2717119],[-123.1075215,49.2717036],[-123.1075107,49.2716966],[-123.1074931,49.2716884],[-123.1074754,49.2716787],[-123.1074625,49.2716743],[-123.1074551,49.2716732],[-123.1074505,49.2716767],[-123.1074529,49.2716858],[-123.1074512,49.2717004],[-123.1074521,49.2717094],[-123.1074488,49.2717628],[-123.1074468,49.2717778],[-123.1074449,49.2717828],[-123.1074418,49.2717871],[-123.1074279,49.271788],[-123.1073966,49.2717881],[-123.1073668,49.2717881],[-123.1073612,49.2717899],[-123.1073614,49.2717954],[-123.1073602,49.2717999],[-123.1073606,49.2718146],[-123.1073672,49.2718384],[-123.1073698,49.271853],[-123.1073724,49.2719184],[-123.107373,49.2719589],[-123.107371,49.2719836],[-123.1073693,49.2719888],[-123.1073614,49.2719971],[-123.1073593,49.2720371],[-123.1073598,49.2720462],[-123.1073643,49.2720504],[-123.1073712,49.2720531],[-123.1073789,49.272055],[-123.1073894,49.2720613],[-123.1073917,49.272066],[-123.1073868,49.2721023],[-123.1073839,49.2721129],[-123.107382,49.2721165],[-123.1073784,49.272132],[-123.1073508,49.2721797],[-123.1073437,49.2721886],[-123.1073195,49.2722109],[-123.1072034,49.2722871],[-123.1071663,49.2723008],[-123.1071061,49.272319],[-123.1070807,49.272325],[-123.1070332,49.2723337],[-123.1070009,49.2723357],[-123.1069779,49.2723353],[-123.1068697,49.2723241],[-123.1068383,49.27232],[-123.1068098,49.2723141],[-123.1067728,49.2723044],[-123.1067443,49.2722997],[-123.1066426,49.2722879],[-123.1065101,49.2722662],[-123.1064512,49.2722531],[-123.1064025,49.2722461],[-123.1063776,49.2722439],[-123.1063158,49.2722424],[-123.1062909,49.2722432],[-123.1062768,49.272245],[-123.1062098,49.272245],[-123.1061245,49.2722422],[-123.1060391,49.2722419],[-123.1059805,49.2722426],[-123.1059482,49.2722409],[-123.1059144,49.2722365],[-123.1058723,49.2722289],[-123.1058583,49.2722283],[-123.105809,49.2722308],[-123.1057691,49.2722291],[-123.1056538,49.2722287],[-123.1056111,49.27223],[-123.1055759,49.2722326],[-123.105513,49.2722397],[-123.1054525,49.2722429],[-123.1053831,49.2722426],[-123.1053569,49.2722412],[-123.1053236,49.2722383],[-123.1052468,49.2722258],[-123.1052182,49.2722241],[-123.1051877,49.2722243],[-123.1050855,49.2722288],[-123.1050283,49.2722279],[-123.1049767,49.2722259],[-123.1048793,49.2722193],[-123.1048375,49.2722183],[-123.1047658,49.2722177],[-123.1047166,49.2722141],[-123.1046903,49.272214],[-123.1046692,49.2722148],[-123.1046434,49.2722187],[-123.1046199,49.2722241],[-123.1045931,49.2722335],[-123.1045724,49.2722432],[-123.1045484,49.2722527],[-123.1045258,49.2722599],[-123.1045084,49.2722638],[-123.1044812,49.2722668],[-123.1044465,49.2722673],[-123.104386,49.2722649],[-123.1043841,49.2722636],[-123.1043776,49.2722662],[-123.1043784,49.2722854],[-123.1043785,49.272287],[-123.104307,49.2722879],[-123.103964,49.2722886],[-123.1037227,49.2722885],[-123.1034667,49.272288],[-123.1034666,49.2723638],[-123.1033752,49.272363],[-123.1033765,49.2722883],[-123.1033434,49.2722889],[-123.1032281,49.2722879],[-123.1031408,49.2722925],[-123.1031076,49.2722974],[-123.1030749,49.2723059],[-123.1030413,49.2723182],[-123.1030039,49.2723391],[-123.1029687,49.2723645],[-123.1029431,49.272391],[-123.1029324,49.2724048],[-123.10292,49.2724307],[-123.1029152,49.2724448],[-123.1029171,49.2724996],[-123.1029165,49.2726893],[-123.1029176,49.2728799],[-123.1029176,49.2729616],[-123.102913,49.2730665],[-123.1033147,49.273068],[-123.1034172,49.2730676],[-123.1034573,49.2730437],[-123.1035051,49.2730202],[-123.1035846,49.2729865],[-123.1036385,49.2729678],[-123.1036968,49.2729551],[-123.1037488,49.2729458],[-123.1038161,49.2729368],[-123.1038866,49.2729337],[-123.1039698,49.2729369],[-123.1040444,49.2729457],[-123.1041043,49.2729598],[-123.1041714,49.2729791],[-123.1042217,49.2729958],[-123.1042721,49.2730158],[-123.1043173,49.2730403],[-123.1043616,49.273071],[-123.1044132,49.2731094],[-123.1043088,49.2731607],[-123.1043549,49.2732078],[-123.1043779,49.2732466],[-123.1043921,49.2732812],[-123.104399,49.2733103],[-123.1044048,49.2733407],[-123.1044057,49.2733659],[-123.1043946,49.2734123],[-123.1043805,49.2734458],[-123.1043638,49.2734736],[-123.1043435,49.2735057],[-123.1043198,49.2735298],[-123.1042913,49.2735543],[-123.1042576,49.2735807],[-123.1042307,49.2735985],[-123.1042001,49.2736137],[-123.1042773,49.2736837],[-123.1041841,49.2737211],[-123.1041384,49.2737334],[-123.1040926,49.2737451],[-123.1040434,49.2737532],[-123.103992,49.2737608],[-123.1039401,49.2737641],[-123.1038883,49.273767],[-123.1038418,49.2737643],[-123.1037924,49.2737609],[-123.103711,49.2737497],[-123.1036957,49.2737902],[-123.1036886,49.2738223],[-123.1036909,49.2739743],[-123.1036915,49.2741471],[-123.1036935,49.2742222],[-123.1036905,49.2743222],[-123.1036921,49.2743401],[-123.1036833,49.2743532],[-123.1036728,49.2743646],[-123.1036559,49.2743742],[-123.103638,49.2743787],[-123.1036219,49.2743814],[-123.1036253,49.2744442],[-123.1036245,49.2745592],[-123.1036287,49.2746848],[-123.1036275,49.2747486],[-123.1036286,49.2747769],[-123.1036267,49.2748199],[-123.1036251,49.2748745],[-123.1036774,49.2748765],[-123.1036778,49.2749148],[-123.1036341,49.2749169],[-123.103634,49.2749187],[-123.1036341,49.2749321],[-123.1036347,49.2749421],[-123.1036294,49.274979],[-123.103621,49.2750077],[-123.1036166,49.2750164],[-123.1036047,49.2750271],[-123.1035941,49.2750344],[-123.1035729,49.2750423],[-123.1034339,49.2750424],[-123.1034316,49.275061],[-123.1034407,49.2750849],[-123.10346,49.2751261],[-123.1034645,49.2751476],[-123.1034681,49.2751575],[-123.103473,49.2751836],[-123.1034746,49.275221],[-123.1034721,49.2752311],[-123.1034596,49.2752623],[-123.103453,49.2752734],[-123.1034491,49.2752844],[-123.1034521,49.275316],[-123.1034477,49.2753773],[-123.103455,49.2754044],[-123.1034701,49.275436],[-123.1034812,49.2754527],[-123.1034887,49.2754613],[-123.1035017,49.2754742],[-123.1035175,49.2754859],[-123.1035357,49.2754955],[-123.1035506,49.2755005],[-123.1035764,49.2755064],[-123.1036007,49.2755096],[-123.1036312,49.2755113],[-123.1036551,49.275511],[-123.1037296,49.2755172],[-123.1037942,49.2755328],[-123.1038101,49.2755341],[-123.10388,49.2755371],[-123.1039479,49.2755426],[-123.104022,49.2755448],[-123.1041373,49.2755434],[-123.1041983,49.2755455],[-123.1043465,49.275543],[-123.1043751,49.2755441],[-123.1043929,49.2755435],[-123.1044112,49.2755415],[-123.1044896,49.275531],[-123.1045079,49.2755302],[-123.1045398,49.2755297],[-123.1046228,49.2755322],[-123.1046472,49.2755317],[-123.1047002,49.2755279],[-123.1047373,49.2755278],[-123.1047959,49.2755308],[-123.1048451,49.2755307],[-123.1048864,49.2755265],[-123.1049389,49.2755249],[-123.1049605,49.2755262],[-123.105095,49.2755381],[-123.1051188,49.2755416],[-123.1051638,49.2755504],[-123.1052115,49.2755616],[-123.1052447,49.2755706],[-123.1052555,49.2755722],[-123.1052944,49.2755751],[-123.1053211,49.2755756],[-123.1053858,49.2755752],[-123.1054383,49.275581],[-123.1054584,49.2755813],[-123.1054795,49.2755805],[-123.1055241,49.2755767],[-123.1055725,49.2755741],[-123.1056264,49.2755747],[-123.1056925,49.2755734],[-123.1057305,49.2755708],[-123.1057554,49.2755675],[-123.1058216,49.2755583],[-123.1058793,49.2755551],[-123.1058972,49.2755509],[-123.1059372,49.2755367],[-123.105947,49.2755346],[-123.1059846,49.2755298],[-123.1060099,49.2755293],[-123.1061014,49.2755312],[-123.1061445,49.2755332],[-123.1062035,49.2755371],[-123.1062635,49.275538],[-123.1062861,49.2755393],[-123.1063132,49.2755443],[-123.1063609,49.275558],[-123.1063796,49.2755593],[-123.106419,49.2755583],[-123.1064537,49.2755609],[-123.1064738,49.2755643],[-123.1065305,49.2755759],[-123.1065965,49.2755869],[-123.1066115,49.2755907],[-123.1066362,49.2755997],[-123.1066549,49.2756077],[-123.1066768,49.2756192],[-123.1067355,49.2756636],[-123.106777,49.2756874],[-123.106805,49.2756991],[-123.106863,49.275719],[-123.1068929,49.2757277],[-123.106913,49.2757324],[-123.1069481,49.2757396],[-123.1070614,49.2757603],[-123.1071087,49.2757706],[-123.107127,49.2757729],[-123.1071546,49.2757751],[-123.1072465,49.2757755],[-123.1072859,49.2757744],[-123.1073206,49.2757721],[-123.1074493,49.2757585],[-123.1074737,49.2757543],[-123.1074958,49.275748],[-123.107525,49.2757368],[-123.1075395,49.275735],[-123.1075592,49.2757338],[-123.1075813,49.2757299],[-123.1075997,49.2757229],[-123.1076256,49.2757092],[-123.1076666,49.2756858],[-123.1076953,49.2756764],[-123.1077028,49.2756752],[-123.1077666,49.2756693],[-123.1077835,49.27567],[-123.1078032,49.2756738],[-123.1078223,49.2756803],[-123.1078363,49.2756883],[-123.107841,49.2756945],[-123.107845,49.2757101],[-123.1078539,49.2757184],[-123.1078856,49.2757358],[-123.1079001,49.2757386],[-123.1079085,49.2757386],[-123.1079156,49.2757371],[-123.1079217,49.2757338],[-123.1079269,49.2757286],[-123.1079345,49.2757243],[-123.1079491,49.2757198],[-123.1079749,49.2757165],[-123.1079927,49.2757166],[-123.1080269,49.2757195],[-123.1080625,49.2757245],[-123.1080906,49.2757302],[-123.1081173,49.2757336],[-123.1081444,49.2757356],[-123.1082218,49.2757338],[-123.1082546,49.2757345],[-123.108279,49.2757371],[-123.1082902,49.2757396],[-123.1083473,49.2757564],[-123.1083978,49.2757744],[-123.1084039,49.2757716],[-123.1084058,49.2757667],[-123.108406,49.2757471],[-123.1084087,49.2757149],[-123.108413,49.2757042],[-123.1084286,49.2756874],[-123.1084448,49.2756665],[-123.1084524,49.2756506],[-123.1084558,49.2756338],[-123.10845,49.2756058],[-123.1084436,49.2755862],[-123.1084415,49.2755699],[-123.108443,49.2755506],[-123.1084543,49.2755067],[-123.1084568,49.2754844],[-123.1084616,49.2754715],[-123.1084789,49.2754317],[-123.1084889,49.2754142],[-123.108498,49.2753919],[-123.1084982,49.2753772],[-123.1085059,49.2753533],[-123.1085106,49.2753267],[-123.1085124,49.2753128],[-123.1085122,49.2753036],[-123.1085182,49.2752793],[-123.1085202,49.2752605],[-123.1085176,49.275256],[-123.108513,49.2752521],[-123.1085119,49.2752475],[-123.1085084,49.2752407],[-123.1085157,49.2752067],[-123.1085213,49.2751795],[-123.1085258,49.2751595],[-123.1085455,49.2750783],[-123.108549,49.2750628],[-123.1085595,49.2750093],[-123.1085415,49.274991],[-123.108536,49.2749874],[-123.1085172,49.2749731],[-123.1085136,49.2749689],[-123.108505,49.2749613],[-123.1084618,49.2749279],[-123.108454,49.2749203],[-123.1084553,49.274915],[-123.1084623,49.2749116],[-123.1084862,49.2749001],[-123.1084889,49.2749033],[-123.1085062,49.2748965],[-123.1085314,49.2748842],[-123.1085529,49.2748708],[-123.1085642,49.2748647],[-123.1085879,49.274854],[-123.1086056,49.2748452],[-123.1086452,49.2748232],[-123.1086519,49.2748245],[-123.1086667,49.2748348],[-123.1086734,49.2748367],[-123.1086868,49.2748327],[-123.1086918,49.2748294],[-123.1086944,49.2748249],[-123.1086859,49.2748173],[-123.1086766,49.2748046],[-123.108657,49.2747671],[-123.1086473,49.2747478],[-123.1086372,49.2747222],[-123.1086368,49.2747019],[-123.1086351,49.2746871],[-123.1086354,49.2746816],[-123.1086437,49.2746428],[-123.1086473,49.2746292],[-123.1086541,49.2746104],[-123.1086618,49.2745973],[-123.1086678,49.2745884],[-123.1086877,49.2745679],[-123.1087012,49.2745554],[-123.1087105,49.2745478],[-123.1087369,49.2745296],[-123.1087664,49.2745114],[-123.1087731,49.2745079],[-123.1088186,49.274489],[-123.1088605,49.2744744],[-123.1088875,49.2744679],[-123.1088883,49.2744538],[-123.1088922,49.2744444],[-123.1088941,49.2744301],[-123.1088987,49.2744111],[-123.108907,49.2743864],[-123.1089145,49.2743572],[-123.108915,49.2743481],[-123.1089221,49.2743098],[-123.1089303,49.2742757],[-123.1089342,49.2742513],[-123.1089381,49.2742372],[-123.1089443,49.274235],[-123.1089597,49.2742353],[-123.109007,49.2742395],[-123.1090223,49.274242],[-123.1090983,49.2742506],[-123.1091516,49.2742555],[-123.1092183,49.2742598],[-123.1092329,49.2742619],[-123.1092339,49.2742478],[-123.1092371,49.2742339],[-123.1092417,49.2742253],[-123.1092462,49.2742217],[-123.1092961,49.2741999],[-123.109314,49.2741904],[-123.109325,49.2741835],[-123.109337,49.2741769],[-123.1093492,49.2741718],[-123.1093581,49.2741691],[-123.1093646,49.2741715],[-123.1093717,49.2741793],[-123.1093936,49.2741963],[-123.1094149,49.2742112],[-123.1094297,49.2742231],[-123.1094444,49.2742366],[-123.1094475,49.2742417],[-123.109449,49.2742464],[-123.1094465,49.2742511],[-123.1094443,49.2742654],[-123.1094405,49.274281],[-123.1094442,49.2742849],[-123.1094522,49.2742917],[-123.1094765,49.27431],[-123.1095134,49.2743403],[-123.1095625,49.2743867],[-123.1095675,49.2743909],[-123.1095831,49.2743907],[-123.1096058,49.2743928],[-123.1096283,49.2743969],[-123.1096517,49.2743998],[-123.1096675,49.2744032],[-123.1096823,49.2744051],[-123.1097289,49.2744082],[-123.109744,49.2744084],[-123.1097581,49.2744104],[-123.1097796,49.2744123],[-123.1098119,49.2744172],[-123.1098272,49.2744204],[-123.1098434,49.2744226],[-123.1098745,49.2744242],[-123.1098915,49.274426],[-123.1099082,49.2744263],[-123.1099467,49.2744293],[-123.1099615,49.2744315],[-123.1100486,49.2744392],[-123.1100636,49.2744412],[-123.1100873,49.2744421],[-123.1101036,49.2744433],[-123.1101277,49.2744467],[-123.1101593,49.2744498],[-123.1101884,49.274454],[-123.1102035,49.2744532],[-123.1102062,49.2744487],[-123.1102064,49.2744344],[-123.1102041,49.2744197],[-123.1102053,49.2744092],[-123.1102051,49.2743994],[-123.1102102,49.2743751],[-123.110211,49.2743697],[-123.1102096,49.2743587],[-123.1102096,49.2743537],[-123.1102135,49.2743431],[-123.1102186,49.2743222],[-123.1102227,49.2743121],[-123.1102294,49.2743033],[-123.1102424,49.2742705],[-123.1102453,49.2742605],[-123.1102449,49.2742558],[-123.1102466,49.2742409],[-123.1102502,49.2742311],[-123.1102518,49.2742051],[-123.1102549,49.2742002],[-123.1102631,49.2741818],[-123.1102665,49.2741708],[-123.110271,49.2741607],[-123.1102804,49.2741465],[-123.1102908,49.2741207],[-123.1102959,49.2741111],[-123.1103052,49.2740972],[-123.1103129,49.2740885],[-123.1103177,49.2740841],[-123.1103239,49.27408],[-123.1103364,49.2740741],[-123.1103505,49.2740696],[-123.1103903,49.2740628],[-123.1104517,49.2740611],[-123.1104905,49.2740631],[-123.1104976,49.2740631],[-123.1105373,49.2740597],[-123.1105773,49.2740609],[-123.1106308,49.2740747],[-123.1106741,49.2740824],[-123.1107037,49.2740856],[-123.1107329,49.2740904],[-123.1107482,49.2740891],[-123.1107563,49.2740901],[-123.1107781,49.2740959],[-123.1107927,49.274097],[-123.1108077,49.2741003],[-123.1108149,49.2741006],[-123.11083,49.2740971],[-123.1108371,49.2740968],[-123.1108522,49.2740979],[-123.1108756,49.274102],[-123.1108981,49.2741023],[-123.1109055,49.2741028],[-123.1109208,49.274106],[-123.1109734,49.2741123],[-123.1109892,49.2741139],[-123.1110129,49.2741132],[-123.1110286,49.2741144],[-123.1110442,49.2741127],[-123.111094,49.2740962],[-123.1111,49.2740939],[-123.1111247,49.2740812],[-123.1111448,49.2740694],[-123.1111692,49.274056],[-123.11122,49.2740335],[-123.1112272,49.2740313],[-123.1112425,49.2740289],[-123.1112701,49.2740212],[-123.111276,49.2740189],[-123.1113008,49.274],[-123.1113194,49.2739903],[-123.1113323,49.273985],[-123.1114043,49.2739486],[-123.1115106,49.2738896],[-123.1115288,49.2738783],[-123.1115448,49.2738666],[-123.1115577,49.2738594],[-123.1115711,49.2738579],[-123.1115914,49.2738605],[-123.1115974,49.2738566],[-123.1116117,49.2738447],[-123.1116378,49.2738277],[-123.1116562,49.2738178],[-123.1116683,49.2738123],[-123.1117025,49.2738025],[-123.1117085,49.2737998],[-123.1117188,49.2737934],[-123.1117606,49.2737711],[-123.1117723,49.2737659],[-123.1117866,49.2737615],[-123.1118141,49.2737504],[-123.1118366,49.2737357],[-123.1118485,49.2737285],[-123.1118605,49.273722],[-123.1118863,49.2737104],[-123.111903,49.2737004],[-123.1119305,49.2736808],[-123.111936,49.2736772],[-123.1119472,49.2736718],[-123.1119613,49.2736672],[-123.1119675,49.2736644],[-123.1119726,49.2736608],[-123.1119805,49.2736513],[-123.1119828,49.2736469],[-123.1119807,49.2736364],[-123.1119816,49.2736317],[-123.1119912,49.2736129],[-123.1119998,49.2735992],[-123.1120039,49.27359],[-123.1120096,49.27358],[-123.1120175,49.2735707],[-123.1120261,49.2735632],[-123.1120328,49.273561],[-123.1120407,49.2735596],[-123.1120564,49.2735587],[-123.112071,49.2735598],[-123.1120856,49.2735621],[-123.1120918,49.2735643],[-123.1120995,49.2735656],[-123.1121073,49.2735657],[-123.112114,49.2735645],[-123.11212,49.2735612],[-123.1121396,49.2735537],[-123.1121594,49.2735448],[-123.1121874,49.2735268],[-123.1121998,49.2735199],[-123.1122271,49.2735083],[-123.1122694,49.2734885],[-123.1122954,49.273478],[-123.1123071,49.2734722],[-123.1123241,49.273462],[-123.1123478,49.2734509],[-123.1123654,49.2734412],[-123.1124469,49.2734016],[-123.1124785,49.2733885],[-123.1124969,49.2733802],[-123.1125497,49.2733525],[-123.1126393,49.2733114],[-123.1127026,49.2732837],[-123.1127734,49.2732506],[-123.1128558,49.2732094],[-123.1129266,49.2731769],[-123.1129505,49.2731641],[-123.1130026,49.2731387],[-123.1130664,49.273112],[-123.1130802,49.2731064],[-123.1130967,49.2731009],[-123.1131139,49.2730968],[-123.1131414,49.2730882],[-123.1131557,49.2730851],[-123.113248,49.2730563],[-123.1132623,49.2730526],[-123.1132977,49.2730457],[-123.1133419,49.2730352],[-123.1133718,49.2730297],[-123.1133957,49.273026],[-123.113411,49.2730241],[-123.1134346,49.2730224],[-123.1134645,49.2730178],[-123.1135087,49.2730123],[-123.1135238,49.2730097],[-123.1135871,49.2730036],[-123.1136249,49.2730017],[-123.1136765,49.272997],[-123.1136999,49.2729983],[-123.1137159,49.2729984],[-123.1137394,49.2729975],[-123.1137625,49.2729945],[-123.1137688,49.272992],[-123.1137695,49.2729872],[-123.1137656,49.2729834],[-123.1137609,49.272974],[-123.1137613,49.2729693],[-123.1137642,49.2729643],[-123.1137723,49.2729565],[-123.1137814,49.2729381],[-123.1137859,49.2729341],[-123.1137988,49.2729279],[-123.1138529,49.272906],[-123.1138775,49.2728952],[-123.1138901,49.2728878],[-123.1139207,49.2728731],[-123.113932,49.272867],[-123.1139496,49.2728558],[-123.1139666,49.2728462],[-123.1139726,49.2728433],[-123.1139917,49.2728361],[-123.114007,49.2728292],[-123.114045,49.2728153],[-123.1140608,49.2728087],[-123.1140928,49.272794],[-123.1141294,49.2727763],[-123.1141673,49.2727596],[-123.114191,49.2727466],[-123.1142037,49.2727408],[-123.1142237,49.2727346],[-123.1142366,49.2727286],[-123.1142608,49.2727147],[-123.114266,49.2727106],[-123.1142787,49.2727055],[-123.1142854,49.2727036],[-123.1142995,49.2727022],[-123.1143117,49.2726977],[-123.114326,49.2726864],[-123.114337,49.2726792],[-123.1143683,49.2726653],[-123.1143745,49.2726628],[-123.1143879,49.2726593],[-123.1143944,49.272656],[-123.1144049,49.2726479],[-123.1144164,49.2726404],[-123.1144467,49.2726246],[-123.1144694,49.272611],[-123.1144799,49.2726032],[-123.114488,49.2725954],[-123.1144988,49.2725874],[-123.1145213,49.2725739],[-123.1145702,49.2725491],[-123.1146019,49.2725347],[-123.1146172,49.272531],[-123.1146387,49.272527],[-123.1146722,49.272522],[-123.1146952,49.2725195],[-123.1147191,49.2725189],[-123.1147449,49.2725177],[-123.1147607,49.2725162],[-123.1147937,49.2725141],[-123.1148258,49.2725138],[-123.1148406,49.2725129],[-123.1148636,49.2725123],[-123.11491,49.2725127],[-123.1149186,49.272512],[-123.1149655,49.2725121],[-123.1150147,49.2725112],[-123.1150401,49.2725091],[-123.1150473,49.2725094],[-123.1150774,49.2725079],[-123.1150986,49.2725079],[-123.1151106,49.2725079],[-123.1151295,49.2725096],[-123.1151682,49.2725105],[-123.1151993,49.272509],[-123.1152217,49.2725068],[-123.1152516,49.2725051],[-123.115302,49.2725062],[-123.1153776,49.2725049],[-123.1154096,49.2725033],[-123.1154562,49.2725022],[-123.1154906,49.2725],[-123.1155233,49.2725002],[-123.1155642,49.2724988],[-123.1155795,49.2724991],[-123.1155869,49.2725005],[-123.115601,49.2725007],[-123.1156407,49.2724963],[-123.1156651,49.2724947],[-123.1156878,49.2724952],[-123.115727,49.2724939],[-123.1157356,49.2724945],[-123.1157807,49.2724947],[-123.115803,49.2724952],[-123.1158106,49.2724961],[-123.1158321,49.272497],[-123.1158903,49.272495],[-123.1159657,49.2724928],[-123.1160392,49.2724941],[-123.1161104,49.2725001],[-123.1161777,49.2725206],[-123.116239,49.2725476],[-123.1162886,49.2725796],[-123.1163355,49.272616],[-123.1163739,49.2726553],[-123.1164151,49.2726953],[-123.1164605,49.2727332],[-123.116505,49.2727716],[-123.1165508,49.2728086],[-123.1165981,49.2728458],[-123.1166458,49.2728828],[-123.1166964,49.2729155],[-123.1167549,49.272946],[-123.1168133,49.2729784],[-123.1168672,49.2730084],[-123.1169242,49.2730374],[-123.1169851,49.2730665],[-123.1170491,49.2730922],[-123.1171142,49.2731155],[-123.1171806,49.2731397],[-123.1172475,49.2731606],[-123.1173162,49.2731808],[-123.1173869,49.2732005],[-123.1174556,49.2732189],[-123.1175249,49.2732358],[-123.1175993,49.2732505],[-123.1176732,49.2732601],[-123.1177467,49.2732707],[-123.1178234,49.2732797],[-123.117902,49.2732844],[-123.1179774,49.2732882],[-123.1180527,49.2732908],[-123.1181272,49.2732928],[-123.118203,49.2732927],[-123.1182817,49.2732913],[-123.1183594,49.2732857],[-123.1184358,49.2732786],[-123.1185121,49.2732684],[-123.1185862,49.2732567],[-123.1186612,49.2732425],[-123.1187283,49.2732275],[-123.1187986,49.273209],[-123.1188666,49.2731897],[-123.1189342,49.2731713],[-123.1190018,49.2731516],[-123.1190694,49.2731283],[-123.1191351,49.273105],[-123.1191957,49.2730796],[-123.1192587,49.2730563],[-123.1193102,49.2730523],[-123.1193144,49.2730375],[-123.1193133,49.2730155],[-123.1193144,49.2729926],[-123.1193178,49.2729646],[-123.119324,49.2729404],[-123.1193341,49.2729168],[-123.1193483,49.2728927],[-123.1193657,49.2728698],[-123.1193825,49.2728488],[-123.1194086,49.2728228],[-123.1194332,49.2728004],[-123.1194613,49.2727824],[-123.1194922,49.2727654],[-123.1195231,49.2727511],[-123.119576,49.2727294],[-123.1196104,49.2727156],[-123.1196414,49.2727055],[-123.1196702,49.272697],[-123.1196858,49.2726887],[-123.1196409,49.2726445],[-123.1196444,49.2725949],[-123.1196456,49.2725474],[-123.1196459,49.2724987],[-123.1196433,49.2724469],[-123.1196427,49.2723976],[-123.1196406,49.2723486],[-123.1196408,49.2723011],[-123.119642,49.2722524],[-123.1196437,49.2722022],[-123.1196407,49.2721495],[-123.1196391,49.2720995],[-123.1196393,49.272052],[-123.1196367,49.2720039],[-123.1196412,49.2719525],[-123.1196438,49.2719022],[-123.1196427,49.2718496],[-123.1196424,49.2717999],[-123.1196413,49.2717503],[-123.1196457,49.2717019],[-123.1196534,49.271652],[-123.1196639,49.2716027],[-123.1196874,49.2715571],[-123.1197263,49.2715136],[-123.1197813,49.2714833],[-123.119853,49.2714719],[-123.1199189,49.2714887],[-123.1199694,49.2714541],[-123.1199668,49.2714334],[-123.1199639,49.2714073],[-123.1199648,49.2713764],[-123.1199675,49.2713503],[-123.1199734,49.271323],[-123.1199843,49.2712946],[-123.1199965,49.2712693],[-123.1200107,49.2712464],[-123.120029,49.2712215],[-123.1200487,49.2711983],[-123.1200721,49.271177],[-123.1200958,49.2711549],[-123.1201227,49.2711347],[-123.1201667,49.2711076],[-123.120206,49.2710873],[-123.120253,49.2710674],[-123.120302,49.2710519],[-123.1203548,49.2710389],[-123.1204015,49.2710302],[-123.120457,49.2710229],[-123.1205099,49.2710205],[-123.1205656,49.2710195],[-123.1206209,49.2710211],[-123.1206767,49.2709864],[-123.1207378,49.2709442],[-123.1208013,49.2709866],[-123.1208556,49.2710189],[-123.1209038,49.2709886],[-123.120958,49.2709535],[-123.1209989,49.2709686],[-123.1210962,49.2710053],[-123.1211626,49.2710212],[-123.1212357,49.2710271],[-123.1213097,49.2710238],[-123.1213838,49.2710177],[-123.1214554,49.2710047],[-123.1215247,49.2709908],[-123.1215731,49.2709806],[-123.1216248,49.2709723],[-123.1216688,49.2709653],[-123.1217496,49.270953],[-123.1218164,49.2709959],[-123.1219164,49.2710606],[-123.1220003,49.2711139],[-123.122088,49.2711709],[-123.1221614,49.2712186],[-123.1222199,49.2711806],[-123.1222768,49.2711424],[-123.1223339,49.2711047],[-123.1223984,49.271062],[-123.1224654,49.2711051],[-123.1225332,49.2711496],[-123.1225873,49.2711853],[-123.1225984,49.2711921],[-123.1226493,49.2711841],[-123.122716,49.2712047],[-123.1227704,49.2712396],[-123.1228192,49.2712734],[-123.1228726,49.2713089],[-123.1229293,49.2713442],[-123.1229842,49.2713795],[-123.1230424,49.2714192],[-123.1231,49.2714539],[-123.1231576,49.2714867],[-123.1232171,49.2715237],[-123.123272,49.271559],[-123.1233236,49.2715964],[-123.1233747,49.2716317],[-123.1234314,49.2716657],[-123.1234914,49.2716988],[-123.123518,49.2717093],[-123.1235901,49.2717128],[-123.1236645,49.2717154],[-123.1237219,49.2717183],[-123.1237398,49.2717192],[-123.1238137,49.2717216],[-123.123889,49.2717211],[-123.1239648,49.271724],[-123.1240447,49.2717223],[-123.1241177,49.2717222],[-123.1241999,49.2717214],[-123.1242784,49.2717213],[-123.1243565,49.2717227],[-123.1244356,49.2717246],[-123.1245122,49.2717251],[-123.1245936,49.2717243],[-123.1246683,49.2717199],[-123.1247402,49.2717113],[-123.1248065,49.2716954],[-123.1248745,49.2716734],[-123.1249597,49.2716336],[-123.1250182,49.2716031],[-123.1250739,49.271569],[-123.1251253,49.2715364],[-123.125181,49.2715029],[-123.1252353,49.2714703],[-123.1252877,49.2714352],[-123.1253429,49.2713984],[-123.1253925,49.2713615],[-123.1254435,49.271328],[-123.1254964,49.2712951],[-123.1255506,49.2712552],[-123.1256012,49.2712207],[-123.1256573,49.2711851],[-123.1257088,49.27115],[-123.1257598,49.2711153],[-123.1257848,49.2710916],[-123.1257899,49.271073],[-123.12578,49.2710459],[-123.1257325,49.2710089],[-123.1256762,49.2709746],[-123.1256245,49.2709397],[-123.1255691,49.270906],[-123.1255174,49.270873],[-123.1254657,49.2708375],[-123.1254293,49.2707949],[-123.1254166,49.2707454],[-123.1254216,49.2706976],[-123.1254577,49.2706532],[-123.1255101,49.2706182],[-123.1255681,49.2705886],[-123.1256359,49.2705672],[-123.1257088,49.2705559],[-123.1257901,49.27055],[-123.1258686,49.2705447],[-123.1259467,49.2705403],[-123.1260257,49.2705378],[-123.126107,49.2705404],[-123.1261851,49.2705415],[-123.1262641,49.2705402],[-123.1263412,49.2705389],[-123.1264188,49.2705385],[-123.1264983,49.2705375],[-123.1265768,49.2705364],[-123.1266605,49.2705339],[-123.1267329,49.2705289],[-123.1268156,49.2705233],[-123.1268937,49.2705111],[-123.1269694,49.270504],[-123.1270479,49.2705048],[-123.1271214,49.2705169],[-123.127194,49.270535],[-123.1272656,49.2705635],[-123.1273312,49.2705917],[-123.1273969,49.2706266],[-123.1274574,49.2706563],[-123.1275165,49.2706869],[-123.1275742,49.2707221],[-123.1276282,49.2707561],[-123.1276785,49.2707913],[-123.1277344,49.2708241],[-123.127793,49.2708501],[-123.12782,49.2708446],[-123.127826,49.2708358],[-123.12781,49.2707878],[-123.1278132,49.2707686],[-123.1278294,49.2707537],[-123.1278611,49.2707567],[-123.1279104,49.2707968],[-123.1279519,49.2708365],[-123.1279925,49.27088],[-123.1280363,49.2709213],[-123.1280918,49.2709793],[-123.1281198,49.2710291],[-123.1281535,49.2710753],[-123.1281982,49.2711214],[-123.1282448,49.2711621],[-123.1283048,49.271194],[-123.1283445,49.2712374],[-123.1283971,49.2712735],[-123.1284539,49.2713069],[-123.1285079,49.2713384],[-123.128561,49.271373],[-123.1286169,49.2714088],[-123.1286737,49.2714434],[-123.1287268,49.2714792],[-123.1287804,49.2715159],[-123.128833,49.2715514],[-123.128887,49.2715842],[-123.128941,49.2716182],[-123.1289974,49.2716549],[-123.1290491,49.2716922],[-123.1290975,49.2717287],[-123.1291469,49.271762],[-123.1291912,49.2718012],[-123.1292085,49.2718117],[-123.1292518,49.2717835],[-123.1293052,49.2717497],[-123.1293616,49.2717129],[-123.1293612,49.271682],[-123.129408,49.2716814],[-123.1294817,49.2716337],[-123.1295435,49.2715924],[-123.1295937,49.2715585],[-123.1295928,49.2715209],[-123.1296494,49.2715212],[-123.1296635,49.2715124],[-123.1296924,49.2714935],[-123.1297203,49.2714787],[-123.1297483,49.2714669],[-123.129778,49.2714574],[-123.1298103,49.271452],[-123.1298444,49.2714482],[-123.1298758,49.2714471],[-123.1299131,49.2714505],[-123.1299448,49.2714551],[-123.1299759,49.2714642],[-123.130007,49.2714766],[-123.130031,49.2714893],[-123.1300558,49.2715063],[-123.1300762,49.2715273],[-123.130091,49.2715481],[-123.1301039,49.2715741],[-123.1301084,49.2716011],[-123.1301069,49.2716287],[-123.1300978,49.2716539],[-123.1300798,49.271681],[-123.1300627,49.2716998],[-123.1300339,49.2717222],[-123.1300249,49.2717326],[-123.1300703,49.2717582],[-123.1301723,49.2718216],[-123.1302271,49.2718539],[-123.1302833,49.2718908],[-123.1303357,49.271927],[-123.1303942,49.2719617],[-123.1304435,49.2719989],[-123.1304941,49.2720363],[-123.1305484,49.2720726],[-123.1306064,49.2721088],[-123.1306598,49.2721426],[-123.1307165,49.2721767],[-123.130768,49.2722111],[-123.1307888,49.2722602],[-123.1308082,49.2722741],[-123.1308764,49.2723193],[-123.1307822,49.2723818],[-123.1306961,49.2724386],[-123.1306182,49.2724916],[-123.1306415,49.2725065],[-123.1306968,49.2725391],[-123.1307511,49.2725753],[-123.1308026,49.2726097],[-123.1308569,49.2726423],[-123.1308907,49.2726254],[-123.1309554,49.2725965],[-123.1310249,49.2725773],[-123.1310954,49.2725612],[-123.1311753,49.2725535],[-123.1312515,49.2725513],[-123.1313259,49.2725534],[-123.1314009,49.2725667],[-123.1314722,49.2725856],[-123.131539,49.2726087],[-123.1316048,49.2726348],[-123.1316568,49.2726665],[-123.1316231,49.2726907],[-123.1316219,49.2727068],[-123.1316595,49.2727492],[-123.1317106,49.2727846],[-123.1317654,49.2728223],[-123.1318183,49.272857],[-123.131881,49.2728859],[-123.1319587,49.272907],[-123.1320448,49.272851],[-123.132071,49.2728676],[-123.132082,49.2728636],[-123.1320933,49.2728515],[-123.1320993,49.2728484],[-123.1321306,49.2728428],[-123.1321378,49.2728426],[-123.1321462,49.2728438],[-123.1321549,49.2728466],[-123.132166,49.2728525],[-123.1321721,49.2728574],[-123.1321759,49.2728678],[-123.1321725,49.2728774],[-123.1321726,49.2728823],[-123.1321802,49.2728918],[-123.1321919,49.2728987],[-123.1322178,49.2729096],[-123.1322311,49.2729131],[-123.1322484,49.2729151],[-123.132266,49.2729149],[-123.1322956,49.2729103],[-123.1323035,49.2729106],[-123.132316,49.2729156],[-123.13232,49.2729197],[-123.1323234,49.2729298],[-123.1323172,49.2729446],[-123.1323121,49.2729486],[-123.1322931,49.2729582],[-123.1322731,49.2729656],[-123.1322673,49.2729695],[-123.1322615,49.2729791],[-123.1322602,49.2729889],[-123.1323315,49.2730344],[-123.1324355,49.2731007],[-123.1325399,49.2731674],[-123.1326562,49.2732416],[-123.1327158,49.2732795],[-123.1325953,49.273358],[-123.1326275,49.2733782],[-123.1326771,49.2734126],[-123.1327305,49.2734494],[-123.1327816,49.2734854],[-123.1328313,49.2735216],[-123.1328897,49.2735509],[-123.1329335,49.2735561],[-123.1329913,49.27353],[-123.1330241,49.273553],[-123.1330668,49.2735902],[-123.1331035,49.2736326],[-123.1331361,49.273679],[-123.1331534,49.2737263],[-123.1331623,49.2737743],[-123.1331656,49.2738218],[-123.1331533,49.2738875],[-123.1331288,49.2739351],[-123.1330995,49.2739809],[-123.1330689,49.2740245],[-123.1330284,49.2740618],[-123.1330471,49.2740763],[-123.1330986,49.2741077],[-123.1331492,49.2741452],[-123.1332068,49.2741768],[-123.1332654,49.2742115],[-123.1333271,49.274171],[-123.1334099,49.2741157],[-123.1334914,49.2740622],[-123.1335706,49.2740106],[-123.1336596,49.273952],[-123.1337499,49.2740082],[-123.1338397,49.2740654],[-123.1339086,49.2741113],[-123.133978,49.2741559],[-123.134044,49.2741982],[-123.1341003,49.2742353],[-123.1341476,49.2742667],[-123.1342237,49.2742185],[-123.1342823,49.2741805],[-123.1343326,49.2741465],[-123.1343509,49.2741352],[-123.1343635,49.2741303],[-123.134377,49.2741283],[-123.1343917,49.2741297],[-123.1344014,49.2741334],[-123.1344102,49.2741397],[-123.1344156,49.2741491],[-123.1344155,49.2741577],[-123.1344127,49.2741663],[-123.1344016,49.2741749],[-123.1343711,49.2741961],[-123.1343197,49.27423],[-123.1342664,49.274266],[-123.1342196,49.2742971],[-123.1341776,49.2743253],[-123.1341292,49.2743572],[-123.1341397,49.2743676],[-123.1341592,49.2743857],[-123.1341736,49.2743985],[-123.1341823,49.2744083],[-123.1341962,49.2744236],[-123.134214,49.2744369],[-123.1342328,49.2744484],[-123.134251,49.2744562],[-123.1342751,49.2744411],[-123.1343035,49.2744275],[-123.1343391,49.2744161],[-123.1343804,49.2744081],[-123.1344264,49.274404],[-123.1344669,49.2744058],[-123.1345032,49.2744113],[-123.1345379,49.2744203],[-123.1345694,49.2744315],[-123.1345925,49.2744448],[-123.1346182,49.2744632],[-123.1346414,49.2744878],[-123.1346595,49.2745153],[-123.1346699,49.2745441],[-123.1346716,49.2745695],[-123.1346658,49.2745956],[-123.1346565,49.2746172],[-123.1346386,49.2746427],[-123.1346194,49.2746607],[-123.1345845,49.2746854],[-123.13454,49.2747156],[-123.1346139,49.2747689],[-123.1346852,49.2748209],[-123.1347566,49.2748729],[-123.1348165,49.2749201],[-123.1347612,49.2749568],[-123.1346948,49.2750004],[-123.1346261,49.2750448],[-123.1345578,49.2750896],[-123.1344847,49.2751382],[-123.134421,49.275182],[-123.1344832,49.2752238],[-123.1345403,49.27526],[-123.1346048,49.2753015],[-123.1346838,49.2753536],[-123.134763,49.2754046],[-123.1348492,49.2754602],[-123.1349174,49.275505],[-123.1349866,49.275551],[-123.1350529,49.2755931],[-123.1351606,49.2755583],[-123.135272,49.2755226],[-123.1353883,49.2754855],[-123.1354904,49.2754522],[-123.1356057,49.2754155],[-123.1356708,49.2754562],[-123.1357372,49.2754989],[-123.1358037,49.2755418],[-123.1358523,49.2755745],[-123.1358662,49.2755795],[-123.1358844,49.2755788],[-123.135921,49.275575],[-123.1359603,49.2755701],[-123.1359986,49.2755694],[-123.1360284,49.2755699],[-123.136058,49.275576],[-123.1360748,49.2755835],[-123.1360843,49.2755947],[-123.1361885,49.2755622],[-123.1362606,49.2756376],[-123.1363147,49.2757049],[-123.1363652,49.2758064],[-123.1363643,49.2758213],[-123.1363651,49.2758309],[-123.1363735,49.2758653],[-123.1363745,49.2758808],[-123.136373,49.27589],[-123.1363683,49.2759048],[-123.1363512,49.2759378],[-123.1363423,49.2759516],[-123.1363403,49.2759772],[-123.1363427,49.2760164],[-123.1363476,49.276045],[-123.1363483,49.2760661],[-123.1363462,49.2760846],[-123.1363368,49.2761238],[-123.1363305,49.2761406],[-123.1363277,49.2761567],[-123.13633,49.2761738],[-123.1363425,49.2762181],[-123.136346,49.2762393],[-123.1363472,49.276266],[-123.1363513,49.2762934],[-123.1363588,49.2763258],[-123.1363679,49.2763477],[-123.1363769,49.2763805],[-123.1364077,49.2764514],[-123.1364169,49.2764631],[-123.1364363,49.2764806],[-123.1364602,49.2765001],[-123.1364741,49.2765138],[-123.13649,49.2765334],[-123.1365003,49.2765517],[-123.13651,49.2765792],[-123.1365161,49.2765887],[-123.1365245,49.2765985],[-123.1365361,49.2766099],[-123.1365502,49.276627],[-123.1365764,49.2766649],[-123.1365832,49.2766781],[-123.1366041,49.2767258],[-123.1366373,49.2767951],[-123.1366499,49.2768143],[-123.1366659,49.2768321],[-123.1366973,49.2768614],[-123.1367093,49.2768757],[-123.1367615,49.27693],[-123.1367889,49.2769552],[-123.1368444,49.277001],[-123.1368821,49.2770289],[-123.1369395,49.2770676],[-123.1369647,49.2770822],[-123.1371344,49.2771752],[-123.137153,49.2771884],[-123.137173,49.2772038],[-123.1372302,49.2772533],[-123.1372796,49.2772908],[-123.1372922,49.2773023],[-123.1373073,49.2773194],[-123.1373261,49.277345],[-123.1373395,49.277359],[-123.137357,49.2773746],[-123.1373747,49.2773878],[-123.1373844,49.2773933],[-123.1374221,49.2774123],[-123.1374523,49.2774298],[-123.1375167,49.2774702],[-123.137525,49.2774741],[-123.1375585,49.2774849],[-123.1375827,49.2774839],[-123.1375982,49.2774769],[-123.1376052,49.2774715],[-123.1376119,49.2774621],[-123.1376145,49.277451],[-123.1376141,49.277441],[-123.1376107,49.2774199],[-123.1376144,49.2774039],[-123.1376207,49.2773947],[-123.1376378,49.2773772],[-123.1376452,49.2773733],[-123.1376529,49.2773711],[-123.1376686,49.2773699],[-123.1376855,49.2773722],[-123.1376943,49.2773752],[-123.137754,49.2774],[-123.1377912,49.2774186],[-123.1378201,49.2774346],[-123.1378521,49.2774552],[-123.1378891,49.2774853],[-123.1379585,49.277546],[-123.1379768,49.2775647],[-123.1379927,49.2775844],[-123.1380074,49.277607],[-123.1380289,49.2776442],[-123.1380408,49.2776507],[-123.1380656,49.2776572],[-123.1381055,49.2776706],[-123.1381492,49.2776931],[-123.1382637,49.2777581],[-123.1383308,49.2777939],[-123.1383782,49.2778177],[-123.1384261,49.2778407],[-123.1385056,49.2778743],[-123.1385382,49.2778903],[-123.1385794,49.2779066],[-123.1385981,49.2779185],[-123.1386026,49.277923],[-123.1386092,49.2779321],[-123.1386137,49.2779443],[-123.1386134,49.2779493],[-123.138608,49.2779591],[-123.1385879,49.2779874],[-123.1385797,49.2780061],[-123.1385697,49.2780378],[-123.1385658,49.2780563],[-123.1385608,49.2780921],[-123.1385622,49.2781789],[-123.1385591,49.2782393],[-123.1385611,49.278262],[-123.1385606,49.2782784],[-123.1385627,49.2783063],[-123.1385666,49.2783433],[-123.1385666,49.27836],[-123.1385639,49.2783975],[-123.1385517,49.2784669],[-123.1385506,49.278501],[-123.138554,49.278524],[-123.1385616,49.2785391],[-123.1385915,49.2785705],[-123.1386148,49.2786012],[-123.1386331,49.2786187],[-123.1386495,49.2786303],[-123.1386775,49.2786456],[-123.1387066,49.2786584],[-123.1387224,49.2786638],[-123.1387387,49.2786676],[-123.1387531,49.2786726],[-123.1388181,49.2786876],[-123.1388593,49.2786961],[-123.1389005,49.2787034],[-123.1389409,49.2787094],[-123.1389593,49.2787108],[-123.139001,49.2787112],[-123.1390416,49.2787135],[-123.139059,49.2787161],[-123.1390949,49.2787248],[-123.1391142,49.2787281],[-123.1392944,49.2787569],[-123.1393933,49.278774],[-123.1394201,49.2787774],[-123.139462,49.2787819],[-123.1394915,49.2787886],[-123.139533,49.2787999],[-123.1395719,49.2788074],[-123.1396414,49.2788172],[-123.139676,49.2788256],[-123.1397202,49.2788382],[-123.1397327,49.2788437],[-123.1397367,49.2788485],[-123.1397368,49.2788538],[-123.1397311,49.278862],[-123.1397262,49.2788656],[-123.1397194,49.2788685],[-123.1397122,49.2788699],[-123.1396523,49.2788972],[-123.1396482,49.2789265],[-123.1396472,49.2789497],[-123.13965,49.2789743],[-123.1396481,49.2790393],[-123.1396417,49.2790819],[-123.1396325,49.2791806],[-123.1396368,49.2792198],[-123.1396396,49.2792682],[-123.1396444,49.2792993],[-123.139645,49.2793139],[-123.1396437,49.2793588],[-123.1396458,49.2793796],[-123.1396497,49.2794005],[-123.1396551,49.2794223],[-123.1396623,49.2794442],[-123.1396685,49.279475],[-123.1396759,49.2794945],[-123.1396853,49.2795121],[-123.1396901,49.2795181],[-123.1397018,49.2795289],[-123.1397272,49.2795482],[-123.1397483,49.2795586],[-123.139766,49.279564],[-123.1397876,49.2795677],[-123.1398117,49.2795692],[-123.139937,49.2795728],[-123.1399816,49.2795727],[-123.1400254,49.2795766],[-123.1400475,49.2795799],[-123.1401314,49.2795942],[-123.1401534,49.2795994],[-123.1401883,49.2796099],[-123.1402634,49.2796372],[-123.1403449,49.2796691],[-123.140358,49.2796725],[-123.1404402,49.279692],[-123.1404593,49.2796977],[-123.1404969,49.2797108],[-123.1405156,49.2797156],[-123.1405451,49.2797216],[-123.1405889,49.2797327],[-123.1406032,49.2797402],[-123.1406062,49.2797449],[-123.1406017,49.2797494],[-123.1405954,49.279752],[-123.1405681,49.2797566],[-123.1405491,49.2797574],[-123.1405328,49.2797607],[-123.1405254,49.2797645],[-123.1405173,49.2797736],[-123.1405139,49.2798151],[-123.1405138,49.279833],[-123.1405169,49.2798598],[-123.1405148,49.2798873],[-123.14051,49.2799284],[-123.1405113,49.2799622],[-123.14051,49.2799923],[-123.1405028,49.2800246],[-123.1405004,49.2800487],[-123.1405016,49.2801166],[-123.1404993,49.2801718],[-123.1404955,49.2802033],[-123.140487,49.2802353],[-123.1404775,49.2802834],[-123.1404746,49.2803078],[-123.1404749,49.2803429],[-123.1404779,49.2803708],[-123.14048,49.2804227],[-123.1404831,49.2804357],[-123.1404965,49.2804724],[-123.1405019,49.2805019],[-123.1405067,49.2805486],[-123.140514,49.2805686],[-123.1405393,49.2806058],[-123.1405517,49.2806191],[-123.1405743,49.2806371],[-123.1406204,49.2806671],[-123.1406386,49.2806806],[-123.1406678,49.2807077],[-123.1406992,49.280728],[-123.1407176,49.2807378],[-123.1407481,49.280751],[-123.1407895,49.2807641],[-123.1408199,49.2807708],[-123.1408898,49.2807822],[-123.140918,49.2807854],[-123.1409332,49.2807858],[-123.1409503,49.2807844],[-123.1409671,49.2807814],[-123.140982,49.2807777],[-123.1410033,49.2807696],[-123.1410216,49.2807657],[-123.1410381,49.2807665],[-123.1410579,49.2807753],[-123.141066,49.2807758],[-123.1410876,49.2807705],[-123.1411036,49.2807638],[-123.1411118,49.2807618],[-123.1411261,49.280761],[-123.1411336,49.2807618],[-123.14115,49.280765],[-123.1411771,49.2807712],[-123.1411975,49.2807792],[-123.1412104,49.2807857],[-123.1412212,49.2807941],[-123.1412333,49.2808071],[-123.1412388,49.2808175],[-123.1412449,49.2808347],[-123.1412478,49.2808496],[-123.1412493,49.2808714],[-123.1412506,49.2809058],[-123.1412565,49.28095],[-123.141276,49.2809967],[-123.1412841,49.281012],[-123.1413113,49.2810564],[-123.1413352,49.2811082],[-123.1413489,49.2811244],[-123.1413598,49.2811327],[-123.1413785,49.281144],[-123.141418,49.2811661],[-123.1414443,49.2811848],[-123.1414551,49.281195],[-123.1414661,49.2812098],[-123.1414788,49.2812343],[-123.1415069,49.2812794],[-123.1415168,49.2812889],[-123.1415227,49.2812925],[-123.1415307,49.2812949],[-123.1415463,49.2812943],[-123.1415551,49.2812908],[-123.1415688,49.2812831],[-123.141576,49.2812811],[-123.1415841,49.281281],[-123.1415891,49.2812846],[-123.1415956,49.2812937],[-123.1416194,49.2813325],[-123.1416372,49.2813683],[-123.1416452,49.2813771],[-123.1416561,49.2813842],[-123.1416626,49.2813869],[-123.1416766,49.281391],[-123.1416825,49.2813939],[-123.1416938,49.2814038],[-123.1417093,49.2814219],[-123.1417187,49.2814305],[-123.1417375,49.2814424],[-123.1417449,49.2814451],[-123.1417604,49.2814464],[-123.1417735,49.2814499],[-123.141779,49.2814531],[-123.1417889,49.281462],[-123.1417919,49.2814668],[-123.1417956,49.2814771],[-123.1417957,49.2814991],[-123.1417999,49.2815085],[-123.1418052,49.2815136],[-123.1418265,49.2815306],[-123.1418542,49.2815586],[-123.1418749,49.2815842],[-123.1418971,49.2816173],[-123.1419063,49.2816392],[-123.1419103,49.2816583],[-123.1419106,49.2817023],[-123.1419131,49.2817144],[-123.1419217,49.2817385],[-123.1419305,49.281757],[-123.1419474,49.2817832],[-123.1419628,49.2818031],[-123.1419744,49.2818152],[-123.1420444,49.2818815],[-123.1420867,49.2819197],[-123.1421347,49.2819569],[-123.1422265,49.2820231],[-123.1422431,49.2820375],[-123.1422653,49.2820629],[-123.1422814,49.2820865],[-123.1423176,49.282147],[-123.1423282,49.2821603],[-123.1423416,49.2821742],[-123.1423704,49.2821992],[-123.1424077,49.2822249],[-123.1424498,49.2822585],[-123.1424751,49.2822803],[-123.1424987,49.2822964],[-123.1425353,49.2823196],[-123.1425657,49.2823418],[-123.1425935,49.2823673],[-123.1426024,49.2823781],[-123.1426321,49.2824042],[-123.1427215,49.2824933],[-123.1427657,49.282531],[-123.1427971,49.282561],[-123.1428175,49.2825844],[-123.1428399,49.2826061],[-123.1429137,49.2826957],[-123.1429657,49.2827544],[-123.1430026,49.2827941],[-123.1430612,49.2828529],[-123.1430749,49.2828703],[-123.1431036,49.2829119],[-123.143116,49.2829355],[-123.1431225,49.282953],[-123.1431289,49.2829647],[-123.1431445,49.2829892],[-123.1431859,49.2830346],[-123.1432044,49.2830587],[-123.1432182,49.2830813],[-123.1432261,49.2830992],[-123.1432324,49.2831211],[-123.1432461,49.283154],[-123.1432529,49.2831665],[-123.1432616,49.2831791],[-123.1432766,49.2831988],[-123.1432856,49.2832142],[-123.1433052,49.2832513],[-123.1433351,49.2832982],[-123.1433417,49.2833145],[-123.1433504,49.2833432],[-123.1433576,49.283358],[-123.1433802,49.283392],[-123.1434173,49.2834537],[-123.1434456,49.2834879],[-123.1434799,49.2835238],[-123.1435228,49.2835761],[-123.1435306,49.2835887],[-123.1435393,49.2836091],[-123.1435533,49.2836519],[-123.1435648,49.2836974],[-123.1435795,49.2837369],[-123.1435924,49.2837601],[-123.1436257,49.283805],[-123.1436564,49.2838538],[-123.1437066,49.283919],[-123.1437177,49.2839391],[-123.1437375,49.2839641],[-123.143762,49.2839911],[-123.1437665,49.2839955],[-123.1437808,49.2840095],[-123.1438003,49.2840246],[-123.1438522,49.2840594],[-123.1438692,49.2840694],[-123.1438894,49.2840793],[-123.143913,49.2840888],[-123.1440097,49.2841211],[-123.1440367,49.2841286],[-123.1440723,49.2841357],[-123.1441389,49.2841467],[-123.1441576,49.2841509],[-123.1441931,49.2841605],[-123.1442531,49.2841791],[-123.1442711,49.2841873],[-123.1442857,49.2841963],[-123.1443033,49.2842114],[-123.1443301,49.2842309],[-123.1443426,49.284243],[-123.1443566,49.2842626],[-123.1443626,49.2842739],[-123.1443637,49.2842876],[-123.1443619,49.2843018],[-123.1443552,49.2843261],[-123.1443526,49.2843462],[-123.1443541,49.2843763],[-123.1443523,49.2843828],[-123.1443491,49.2843889],[-123.1443408,49.2844005],[-123.1443173,49.284429],[-123.1443095,49.2844415],[-123.1443046,49.2844528],[-123.1443025,49.2844636],[-123.1442972,49.2845134],[-123.1442968,49.2845357],[-123.1442994,49.2845634],[-123.1442962,49.2846005],[-123.144292,49.2846246],[-123.1442835,49.2847263],[-123.1442732,49.2847821],[-123.1442723,49.2848096],[-123.1442751,49.2848494],[-123.144276,49.2849131],[-123.1442732,49.2849493],[-123.1442694,49.2849762],[-123.1442666,49.2850191],[-123.1442628,49.2850418],[-123.1442614,49.2850623],[-123.1442628,49.285092],[-123.1442623,49.2851333],[-123.1442647,49.2851637],[-123.1442632,49.2851872],[-123.1442571,49.2852274],[-123.1442567,49.2852638],[-123.1442585,49.2852938],[-123.1442571,49.2853076],[-123.1442534,49.2853247],[-123.1442266,49.2854353],[-123.1442177,49.2854858],[-123.1442107,49.2855407],[-123.1442116,49.2855535],[-123.1442065,49.2855765],[-123.1442046,49.2855949],[-123.1442046,49.2856304],[-123.1442022,49.2856638],[-123.1441933,49.2857076],[-123.1441839,49.2857394],[-123.1441755,49.2857854],[-123.1441689,49.285835],[-123.144168,49.2858601],[-123.1441684,49.285891],[-123.1441614,49.2859624],[-123.1441614,49.2859856],[-123.1441637,49.2860301],[-123.1441632,49.2860567],[-123.1441595,49.2861075],[-123.144151,49.286159],[-123.1441463,49.2861804],[-123.1441332,49.2862754],[-123.1441322,49.2863109],[-123.1441252,49.2863369],[-123.1441187,49.28637],[-123.1441121,49.2864392],[-123.1440999,49.2865225],[-123.1440942,49.2865482],[-123.1440806,49.2865926],[-123.1440731,49.2866282],[-123.1440516,49.2866839],[-123.1440446,49.2867173],[-123.1440324,49.2867528],[-123.1440268,49.2867791],[-123.1440286,49.2867883],[-123.1440291,49.2867942],[-123.1440239,49.2868294],[-123.1440136,49.2868643],[-123.1440052,49.2869053],[-123.1440042,49.2869255],[-123.1440042,49.2869972],[-123.1440023,49.2870082],[-123.1439901,49.2870536],[-123.1439859,49.2870845],[-123.143984,49.2871176],[-123.1439854,49.2871436],[-123.1439831,49.2871635],[-123.1439756,49.2872015],[-123.1439732,49.2872318],[-123.1439756,49.2872786],[-123.1439751,49.2873224],[-123.1439727,49.2873503],[-123.1439732,49.2873653],[-123.143976,49.2873947],[-123.1439821,49.2874324],[-123.1439905,49.2874679],[-123.1440026,49.2875059],[-123.144005,49.2875215],[-123.144004,49.2875479],[-123.1440073,49.2875763],[-123.1440148,49.2876106],[-123.1440208,49.2876299],[-123.1440236,49.2876502],[-123.1440227,49.287674],[-123.1440185,49.2876878],[-123.1440105,49.2877053],[-123.1439965,49.2877279],[-123.1439857,49.2877497],[-123.1439815,49.2877647],[-123.143981,49.2877723],[-123.1439824,49.2877965],[-123.1439889,49.2878229],[-123.1439964,49.2878425],[-123.1440039,49.2878572],[-123.1440254,49.2878921],[-123.1440371,49.2879059],[-123.1440591,49.2879276],[-123.1440722,49.2879436],[-123.1440858,49.2879635],[-123.1440923,49.28798],[-123.1440937,49.2879883],[-123.1440956,49.2880201],[-123.1441003,49.2880342],[-123.1441073,49.2880474],[-123.1441162,49.2880599],[-123.1441288,49.2880725],[-123.1441476,49.2880854],[-123.144178,49.2881034],[-123.1442028,49.2881117],[-123.144237,49.2881194],[-123.1442543,49.2881252],[-123.1442711,49.2881332],[-123.1442927,49.2881466],[-123.1443039,49.2881558],[-123.1443147,49.2881666],[-123.1443236,49.2881773],[-123.1443474,49.2882143],[-123.1443666,49.2882355],[-123.1443844,49.2882471],[-123.1444036,49.2882572],[-123.1444214,49.2882633],[-123.1444377,49.2882661],[-123.1444546,49.2882649],[-123.1444612,49.288263],[-123.1444911,49.2882477],[-123.1445436,49.2882245],[-123.1445656,49.2882125],[-123.1446321,49.288169],[-123.1446625,49.2881516],[-123.1447004,49.2881268],[-123.1447421,49.2880977],[-123.1447997,49.2880496],[-123.1448671,49.2880019],[-123.1448737,49.288],[-123.1448887,49.288],[-123.1448948,49.2880022],[-123.1448994,49.2880058],[-123.1449027,49.2880117],[-123.1449018,49.2880233],[-123.1448962,49.2880343],[-123.144883,49.2880503],[-123.1448592,49.2880861],[-123.1448521,49.2880937],[-123.1448442,49.2880996],[-123.1448231,49.2881121],[-123.1447987,49.2881237],[-123.1447444,49.288147],[-123.1447173,49.2881611],[-123.144684,49.288181],[-123.1446498,49.2882064],[-123.1446227,49.2882242],[-123.1446129,49.2882294],[-123.144574,49.2882487],[-123.1445496,49.2882646],[-123.1445052,49.2882961],[-123.1444742,49.2883157],[-123.1444536,49.2883255],[-123.1444251,49.2883368],[-123.1443773,49.2883534],[-123.1443291,49.2883684],[-123.1443211,49.2883724],[-123.1443085,49.28838],[-123.1442954,49.288391],[-123.1442888,49.2883996],[-123.1442874,49.2884048],[-123.1442893,49.2884128],[-123.1442996,49.2884232],[-123.1443141,49.2884302],[-123.1443459,49.2884431],[-123.1443586,49.2884544],[-123.1443623,49.288471],[-123.14436,49.2884823],[-123.1443604,49.2884887],[-123.1443628,49.2884958],[-123.1443698,49.2885047],[-123.1443894,49.2885237],[-123.1444063,49.2885433],[-123.1444199,49.2885613],[-123.144425,49.2885714],[-123.1444358,49.2886269],[-123.1444559,49.2886872],[-123.1444615,49.2887142],[-123.1444671,49.2887558],[-123.1444703,49.2887916],[-123.1444834,49.2888731],[-123.1444862,49.2888799],[-123.1444876,49.2888992],[-123.1444923,49.2889151],[-123.1445017,49.2889237],[-123.1445176,49.288931],[-123.1445663,49.2889463],[-123.1446215,49.2889623],[-123.144643,49.2889812],[-123.1446674,49.288996],[-123.1447226,49.2890235],[-123.1447395,49.2890309],[-123.1447638,49.2890388],[-123.1447722,49.2890401],[-123.1447905,49.2890404],[-123.1448003,49.2890389],[-123.1448223,49.2890379],[-123.1448453,49.2890401],[-123.1448677,49.289045],[-123.144952,49.2890701],[-123.1450025,49.2890799],[-123.1450784,49.2891008],[-123.1451463,49.2891213],[-123.145209,49.289136],[-123.1452441,49.289143],[-123.145289,49.2891504],[-123.1453171,49.2891541],[-123.1453359,49.2891553],[-123.1453551,49.2891544],[-123.1453902,49.2891492],[-123.1454052,49.2891437],[-123.1454211,49.2891443],[-123.1454445,49.2891541],[-123.145452,49.289159],[-123.1454566,49.2891645],[-123.1454604,49.2891743],[-123.1454604,49.2891792],[-123.145458,49.2892028],[-123.1454599,49.2892144],[-123.1454646,49.2892242],[-123.1454758,49.289234],[-123.1455128,49.2892552],[-123.1455184,49.2892601],[-123.1455423,49.2892879],[-123.1455643,49.289306],[-123.1455881,49.289321],[-123.1456359,49.2893437],[-123.1456631,49.2893535],[-123.1456822,49.2893587],[-123.145708,49.2893633],[-123.1457234,49.2893648],[-123.1457646,49.2893734],[-123.1458026,49.2893786],[-123.1458363,49.289386],[-123.1458784,49.2893995],[-123.1458948,49.2894059],[-123.1459229,49.2894188],[-123.1459425,49.2894298],[-123.145994,49.2894623],[-123.1460198,49.2894754],[-123.1460502,49.289488],[-123.146097,49.2895039],[-123.1461223,49.2895168],[-123.1461475,49.2895315],[-123.1461901,49.2895526],[-123.1462019,49.2895603],[-123.1462136,49.2895692],[-123.1462299,49.2895873],[-123.1462407,49.2895961],[-123.1462547,49.2896035],[-123.1462627,49.2896044],[-123.1462711,49.2895946],[-123.1462753,49.2895851],[-123.1462777,49.289575],[-123.1462828,49.2895716],[-123.1463067,49.2895726],[-123.1463133,49.2895756],[-123.1463325,49.2895943],[-123.1463451,49.2896026],[-123.1463896,49.2896237],[-123.1464139,49.2896378],[-123.1464415,49.2896516],[-123.1464579,49.289658],[-123.1464691,49.2896642],[-123.1464944,49.2896795],[-123.1465071,49.2896883],[-123.1465188,49.2896978],[-123.1465291,49.2897144],[-123.1465291,49.2897199],[-123.1465262,49.2897358],[-123.1465305,49.289741],[-123.1465492,49.2897527],[-123.1465754,49.2897649],[-123.1466091,49.2897766],[-123.1466372,49.2897845],[-123.146713,49.2898023],[-123.1467299,49.2898072],[-123.1467715,49.2898241],[-123.1468062,49.2898357],[-123.1468432,49.2898446],[-123.146868,49.2898486],[-123.1468928,49.2898544],[-123.1469476,49.2898712],[-123.1469686,49.2898807],[-123.1469775,49.2898823],[-123.147,49.2898804],[-123.1470145,49.2898758],[-123.1470866,49.2898434],[-123.1471119,49.2898287],[-123.147258,49.2897332],[-123.1473198,49.2896872],[-123.1473409,49.2896765],[-123.1473676,49.289667],[-123.1473769,49.2896652],[-123.1473938,49.2896633],[-123.1474032,49.289664],[-123.1474181,49.2896719],[-123.1474219,49.2896781],[-123.1474228,49.2896842],[-123.1474177,49.2896937],[-123.1474078,49.2897038],[-123.1473961,49.2897133],[-123.1473399,49.2897567],[-123.1472772,49.2898027],[-123.1472575,49.2898198],[-123.1472439,49.2898342],[-123.1472411,49.2898391],[-123.1472397,49.2898609],[-123.1472416,49.2898731],[-123.1472481,49.2898921],[-123.1472561,49.2899237],[-123.1472598,49.2899543],[-123.147264,49.2899693],[-123.1472743,49.2899944],[-123.1472912,49.2900232],[-123.1473052,49.2900575],[-123.1473122,49.290067],[-123.1473188,49.2900725],[-123.1473253,49.290075],[-123.1473417,49.2900753],[-123.1473511,49.290074],[-123.1473576,49.2900722],[-123.1474035,49.2900557],[-123.1474171,49.2900523],[-123.1474307,49.2900514],[-123.1474442,49.2900535],[-123.1474672,49.2900642],[-123.1475004,49.2900946],[-123.1475163,49.2901062],[-123.1476366,49.2901874],[-123.1476577,49.2902036],[-123.1476755,49.2902196],[-123.1477284,49.2902701],[-123.1477621,49.2902952],[-123.147807,49.2903209],[-123.1478234,49.2903317],[-123.1478529,49.2903559],[-123.147873,49.2903745],[-123.1478828,49.2903902],[-123.147888,49.2904058],[-123.14791,49.290433],[-123.1479179,49.2904407],[-123.1479352,49.2904526],[-123.1479446,49.2904575],[-123.1479849,49.2904765],[-123.1480036,49.2904876],[-123.148085,49.2905519],[-123.1481024,49.2905632],[-123.1481585,49.2905963],[-123.148188,49.2906156],[-123.1482377,49.290653],[-123.1482643,49.2906772],[-123.1482994,49.2907124],[-123.1483575,49.2907749],[-123.1483804,49.2908021],[-123.148415,49.2908377],[-123.148438,49.2908551],[-123.1484707,49.2908772],[-123.1485405,49.2909302],[-123.1485704,49.2909565],[-123.1485929,49.2909737],[-123.1486383,49.291004],[-123.1486556,49.2910178],[-123.1486795,49.2910395],[-123.1487039,49.2910591],[-123.1488204,49.2911501],[-123.1489037,49.2912187],[-123.1489468,49.2912604],[-123.1489861,49.2913045],[-123.14901,49.2913262],[-123.1490273,49.2913382],[-123.1490966,49.2913749],[-123.1491172,49.2913896],[-123.1491298,49.2914016],[-123.1491364,49.2914095],[-123.1491406,49.2914166],[-123.1491434,49.2914258],[-123.1491406,49.2914399],[-123.1491247,49.2914668],[-123.1491224,49.2914706],[-123.1491237,49.2914784],[-123.1491705,49.291517],[-123.149207,49.2915262],[-123.1492178,49.2915265],[-123.1492272,49.2915247],[-123.1492445,49.2915177],[-123.1492642,49.2915128],[-123.1492815,49.2915131],[-123.1492974,49.2915161],[-123.1493058,49.2915192],[-123.1493217,49.2915259],[-123.149347,49.2915382],[-123.1494116,49.2915756],[-123.1494655,49.2915998],[-123.1495188,49.2916212],[-123.1496106,49.2916604],[-123.149626,49.2916687],[-123.1496434,49.29168],[-123.1497239,49.2917413],[-123.1497431,49.2917593],[-123.1497655,49.2917979],[-123.1497749,49.2918096],[-123.1497983,49.2918328],[-123.1498114,49.2918427],[-123.1498484,49.2918681],[-123.1498732,49.2918953],[-123.1498821,49.2919085],[-123.1498942,49.2919312],[-123.1498994,49.2919364],[-123.1499177,49.2919489],[-123.1499448,49.2919643],[-123.1499879,49.2919845],[-123.1500398,49.292005],[-123.1500618,49.2920157],[-123.1500839,49.2920283],[-123.150096,49.2920375],[-123.1501368,49.2920702],[-123.1501601,49.2920843],[-123.1502219,49.2921137],[-123.1502519,49.2921248],[-123.1503179,49.2921422],[-123.1503343,49.292148],[-123.1503554,49.2921582],[-123.1503928,49.292179],[-123.1504275,49.2921943],[-123.1504663,49.292216],[-123.1504813,49.2922258],[-123.1504921,49.2922347],[-123.1504958,49.2922396],[-123.1504968,49.2922458],[-123.1504921,49.2922494],[-123.1504771,49.2922556],[-123.1504701,49.2922608],[-123.1504691,49.2922669],[-123.1504766,49.2922767],[-123.1504902,49.2922862],[-123.1505066,49.2922932],[-123.1505258,49.2922972],[-123.1505721,49.2923036],[-123.1506381,49.2923064],[-123.1506536,49.2923122],[-123.1506573,49.2923177],[-123.1506578,49.2923229],[-123.1506541,49.2923278],[-123.1506395,49.2923337],[-123.1506175,49.2923389],[-123.1505744,49.2923468],[-123.150559,49.292352],[-123.150551,49.2923566],[-123.1505393,49.2923661],[-123.1505201,49.2923756],[-123.1504902,49.2923866],[-123.1504794,49.2923918],[-123.15047,49.2923961],[-123.1504536,49.2924013],[-123.1504288,49.2924072],[-123.1503928,49.2924142],[-123.1503825,49.2924179],[-123.1503755,49.2924218],[-123.1503712,49.2924264],[-123.1503698,49.2924365],[-123.1503736,49.2924488],[-123.1503801,49.2924604],[-123.1504035,49.2924862],[-123.1504143,49.2925024],[-123.1504307,49.2925321],[-123.1504354,49.2925376],[-123.1504485,49.2925456],[-123.1504644,49.2925517],[-123.1504943,49.2925566],[-123.1505168,49.2925591],[-123.1505496,49.2925609],[-123.1506048,49.2925603],[-123.1506236,49.2925621],[-123.1506339,49.2925646],[-123.1506526,49.2925719],[-123.1506596,49.2925771],[-123.1506694,49.2925897],[-123.150676,49.2926032],[-123.1506844,49.2926332],[-123.1506924,49.2926433],[-123.1507027,49.2926525],[-123.1507177,49.2926556],[-123.1507486,49.292658],[-123.1508347,49.2926605],[-123.1508595,49.2926595],[-123.150882,49.2926565],[-123.1508918,49.2926537],[-123.1509092,49.2926467],[-123.150934,49.2926341],[-123.150949,49.2926286],[-123.1509658,49.2926243],[-123.1509855,49.2926219],[-123.1510168,49.2926216],[-123.1510426,49.2926237],[-123.1510796,49.2926326],[-123.1510946,49.2926375],[-123.1511077,49.2926436],[-123.1511259,49.2926538],[-123.1511386,49.292659],[-123.1511756,49.2926703],[-123.1511971,49.2926789],[-123.1512341,49.2926963],[-123.1512612,49.292711],[-123.1512734,49.2927202],[-123.1512832,49.2927297],[-123.1512912,49.2927398],[-123.1512982,49.2927554],[-123.1513057,49.2927806],[-123.1513104,49.2928087],[-123.1513169,49.2928271],[-123.151338,49.2928789],[-123.1513501,49.2929028],[-123.1513553,49.2929178],[-123.1513576,49.2929309],[-123.151353,49.2929524],[-123.1513529,49.2929634],[-123.1513567,49.292975],[-123.1513656,49.2929913],[-123.1513749,49.2930011],[-123.1513923,49.2930136],[-123.1514166,49.2930283],[-123.1514213,49.2930326],[-123.1514283,49.2930421],[-123.1514302,49.2930476],[-123.1514306,49.2930535],[-123.1514288,49.2930651],[-123.1514241,49.2930761],[-123.1514152,49.2930874],[-123.1514021,49.2930991],[-123.151367,49.2931239],[-123.1513524,49.2931371],[-123.1513482,49.2931429],[-123.1513459,49.2931493],[-123.1513459,49.2931554],[-123.1513492,49.2931655],[-123.1513641,49.2931968],[-123.1513623,49.2932066],[-123.1513562,49.2932216],[-123.1513524,49.2932265],[-123.1513473,49.2932311],[-123.1513342,49.2932366],[-123.1512906,49.2932497],[-123.1512794,49.2932565],[-123.1512709,49.2932663],[-123.1512635,49.2932828],[-123.1512555,49.2933156],[-123.1512485,49.2933239],[-123.1512236,49.2933419],[-123.1512049,49.2933517],[-123.1511904,49.2933569],[-123.1511366,49.2933707],[-123.1511192,49.2933765],[-123.1510944,49.2933915],[-123.151086,49.2933952],[-123.1510715,49.2933992],[-123.1510396,49.2934041],[-123.1510054,49.2934081],[-123.1509581,49.2934157],[-123.1509441,49.2934212],[-123.1509099,49.2934479],[-123.1508992,49.293458],[-123.1508729,49.2934714],[-123.1508514,49.2934782],[-123.150828,49.2934837],[-123.1508191,49.2934877],[-123.1508008,49.2934984],[-123.1507737,49.2935119],[-123.1507704,49.2935165],[-123.150769,49.2935223],[-123.1507704,49.2935373],[-123.1507755,49.2935535],[-123.1507863,49.2935728],[-123.1508111,49.2936129],[-123.1508172,49.2936292],[-123.1508209,49.2936445],[-123.1508247,49.2936886],[-123.1508345,49.2937293],[-123.1508607,49.2938089],[-123.1508691,49.2938451],[-123.1508958,49.2939262],[-123.1509075,49.2939541],[-123.1509159,49.2939707],[-123.1509393,49.2940129],[-123.1509561,49.2940564],[-123.1509711,49.2941005],[-123.1509781,49.2941247],[-123.1509833,49.2941556],[-123.1509838,49.2941713],[-123.1509875,49.2941958],[-123.1509931,49.2942141],[-123.1510142,49.2942561],[-123.1510277,49.2942944],[-123.1510357,49.2943284],[-123.1510385,49.2943559],[-123.151038,49.294382],[-123.1510338,49.2944037],[-123.1510221,49.29445],[-123.1510188,49.2944748],[-123.1510197,49.2944803],[-123.1510254,49.2944913],[-123.1510342,49.2945008],[-123.151046,49.2945072],[-123.1510619,49.2945121],[-123.1510769,49.2945146],[-123.1510946,49.2945152],[-123.1511035,49.2945143],[-123.1511223,49.2945106],[-123.1511405,49.2945048],[-123.1511682,49.2944922],[-123.1512178,49.2944628],[-123.1512342,49.2944576],[-123.1512431,49.2944561],[-123.1512604,49.2944552],[-123.1512702,49.2944579],[-123.1512932,49.2944613],[-123.1513091,49.2944619],[-123.1513391,49.2944613],[-123.151348,49.2944622],[-123.1513555,49.2944653],[-123.1513653,49.2944724],[-123.1513798,49.2944892],[-123.1513873,49.2945051],[-123.1513896,49.2945158],[-123.1513905,49.294533],[-123.1513943,49.2945526],[-123.1514051,49.2945952],[-123.1514051,49.2946123],[-123.1514008,49.2946267],[-123.1513858,49.2946414],[-123.1513329,49.294676],[-123.1513222,49.2946873],[-123.1513193,49.2946904],[-123.1513175,49.2947039],[-123.1513193,49.29471],[-123.1513287,49.2947192],[-123.1513526,49.2947293],[-123.1513751,49.2947354],[-123.1514083,49.2947419],[-123.1514612,49.2947495],[-123.1515357,49.2947621],[-123.1515689,49.294771],[-123.1515806,49.2947756],[-123.1516007,49.2947844],[-123.1516363,49.2948028],[-123.1517201,49.2948381],[-123.1517505,49.2948494],[-123.1517754,49.2948626],[-123.1517885,49.2948724],[-123.1518142,49.2948935],[-123.1518287,49.2949036],[-123.151847,49.2949125],[-123.1518793,49.2949238],[-123.1519261,49.2949373],[-123.1519556,49.2949486],[-123.1519711,49.2949569],[-123.152016,49.2949875],[-123.152023,49.2949909],[-123.1520507,49.295001],[-123.1520713,49.2950065],[-123.1521106,49.2950114],[-123.1521761,49.2950176],[-123.1522384,49.2950264],[-123.1522721,49.2950344],[-123.1522745,49.2950329],[-123.152281,49.2950348],[-123.1523588,49.29506],[-123.1523775,49.2950645],[-123.1524032,49.2950688],[-123.1524173,49.2950696],[-123.1524328,49.2950683],[-123.1524409,49.2950662],[-123.1524538,49.2950587],[-123.1524643,49.2950502],[-123.1524712,49.2950417],[-123.1524766,49.295031],[-123.1524804,49.2950148],[-123.1524876,49.2949583],[-123.1524874,49.2949294],[-123.1524837,49.2948919],[-123.1524853,49.2948861],[-123.1524921,49.2948775],[-123.1524969,49.2948739],[-123.1525026,49.2948709],[-123.1525111,49.2948692],[-123.152529,49.29487],[-123.1525443,49.2948754],[-123.1525587,49.2948832],[-123.1525647,49.2948879],[-123.1525757,49.2948985],[-123.1525924,49.2949205],[-123.1526059,49.2949434],[-123.1526586,49.2950086],[-123.1526676,49.2950247],[-123.1526736,49.295045],[-123.1526733,49.2950542],[-123.1526683,49.2950652],[-123.1526645,49.2950695],[-123.1526534,49.2950789],[-123.1526391,49.2950879],[-123.1526308,49.295098],[-123.1526311,49.2951032],[-123.1526338,49.2951075],[-123.1526493,49.2951268],[-123.1526727,49.2951476],[-123.1526854,49.2951613],[-123.1526941,49.2951728],[-123.1527107,49.2951985],[-123.1527303,49.295223],[-123.1527435,49.295237],[-123.1527513,49.2952435],[-123.1527762,49.2952622],[-123.1528029,49.2952804],[-123.1528282,49.2953],[-123.1528434,49.295314],[-123.1528853,49.2953606],[-123.1528996,49.2953709],[-123.1529079,49.2953754],[-123.1529256,49.2953823],[-123.1529499,49.2953875],[-123.1529663,49.2953886],[-123.1529833,49.2953864],[-123.1529909,49.2953834],[-123.1530057,49.2953747],[-123.1530115,49.2953698],[-123.1530188,49.295361],[-123.1530237,49.2953506],[-123.1530345,49.2953178],[-123.1530395,49.2953087],[-123.1530508,49.2952913],[-123.1530599,49.2952825],[-123.1530752,49.2952722],[-123.1530905,49.2952644],[-123.1531089,49.2952606],[-123.1531164,49.2952607],[-123.1531328,49.2952637],[-123.1531496,49.2952694],[-123.1531672,49.2952776],[-123.1531843,49.2952867],[-123.1532426,49.2953225],[-123.1532847,49.2953435],[-123.1533275,49.2953613],[-123.1534006,49.295387],[-123.1534374,49.2953976],[-123.1534911,49.2954096],[-123.1535209,49.2954192],[-123.1535399,49.2954277],[-123.1535561,49.2954374],[-123.1535777,49.2954546],[-123.1536299,49.295505],[-123.1536483,49.2955187],[-123.153672,49.2955316],[-123.153699,49.2955393],[-123.1537149,49.2955413],[-123.1537332,49.2955412],[-123.1537563,49.2955387],[-123.1537639,49.295537],[-123.1537852,49.2955308],[-123.1538434,49.2955176],[-123.1538632,49.2955142],[-123.1538924,49.2955133],[-123.1539074,49.2955147],[-123.1539228,49.295517],[-123.1539466,49.2955219],[-123.1539785,49.2955266],[-123.153994,49.2955271],[-123.154009,49.2955261],[-123.1540317,49.2955226],[-123.1540544,49.2955161],[-123.1540767,49.2955081],[-123.1541532,49.2954774],[-123.1541831,49.295467],[-123.1542049,49.2954617],[-123.1542275,49.2954583],[-123.1542567,49.2954568],[-123.1542778,49.2954573],[-123.154312,49.2954611],[-123.1544098,49.2954761],[-123.154436,49.2954832],[-123.1544546,49.2954901],[-123.1544782,49.2955012],[-123.1544888,49.2955078],[-123.1544971,49.295514],[-123.1545049,49.2955212],[-123.1545172,49.2955364],[-123.1545253,49.2955506],[-123.1545335,49.2955774],[-123.1545351,49.2956048],[-123.1545313,49.2956542],[-123.1545324,49.2956687],[-123.1545368,49.2956948],[-123.1545403,49.2957041],[-123.1545498,49.2957199],[-123.1545648,49.295737],[-123.1545758,49.2957457],[-123.1546035,49.2957651],[-123.1546136,49.295775],[-123.1546208,49.2957856],[-123.1546233,49.295796],[-123.1546217,49.2958055],[-123.1546224,49.2958117],[-123.1545777,49.2958502],[-123.1545638,49.2958583],[-123.1545448,49.2958667],[-123.1545225,49.2958723],[-123.1544999,49.2958751],[-123.1544773,49.2958761],[-123.1544412,49.2958753],[-123.1544256,49.2958785],[-123.1544189,49.2958815],[-123.1544012,49.2958927],[-123.1543943,49.2959043],[-123.1543872,49.2959257],[-123.1543817,49.2959351],[-123.1543749,49.2959431],[-123.1543658,49.2959513],[-123.1543585,49.2959613],[-123.1543564,49.2959674],[-123.154354,49.2959852],[-123.1543601,49.2960025],[-123.1543674,49.2960137],[-123.1543765,49.296023],[-123.1544077,49.296051],[-123.1544459,49.29608],[-123.1544819,49.2961044],[-123.1544971,49.2961135],[-123.1545638,49.2961499],[-123.1546347,49.2961855],[-123.1546802,49.2962063],[-123.154694,49.2962157],[-123.1547092,49.2962297],[-123.1547315,49.2962549],[-123.1547437,49.2962731],[-123.1547467,49.2962833],[-123.1547456,49.2962882],[-123.1547402,49.2962983],[-123.1547244,49.2963089],[-123.1547097,49.2963139],[-123.1546842,49.2963179],[-123.1546654,49.2963177],[-123.154634,49.2963133],[-123.1545981,49.2963058],[-123.1545733,49.2962997],[-123.1545519,49.2962927],[-123.1545426,49.2962883],[-123.1545287,49.2962801],[-123.1545127,49.2962673],[-123.154503,49.2962583],[-123.154486,49.2962474],[-123.154446,49.2962291],[-123.1543855,49.2961924],[-123.154373,49.2961864],[-123.1543497,49.2961788],[-123.1543249,49.2961726],[-123.1543015,49.2961687],[-123.1542603,49.2961663],[-123.1542424,49.2961673],[-123.154224,49.2961693],[-123.154215,49.2961713],[-123.1541989,49.296176],[-123.154178,49.296185],[-123.1541631,49.2961968],[-123.1541601,49.2962011],[-123.1541557,49.2962106],[-123.1541535,49.2962216],[-123.1541535,49.2962397],[-123.1541596,49.2962733],[-123.1541617,49.2962998],[-123.1541582,49.2963231],[-123.1541437,49.2963727],[-123.1541414,49.2963868],[-123.1541479,49.2964412],[-123.1541539,49.2964628],[-123.1541688,49.296503],[-123.1541921,49.2965601],[-123.1542024,49.2965783],[-123.1542156,49.2965942],[-123.1542257,49.2966029],[-123.1542424,49.2966135],[-123.1542587,49.2966183],[-123.1542859,49.2966186],[-123.1543152,49.2966147],[-123.1543416,49.2966101],[-123.154361,49.2966057],[-123.1543876,49.2965968],[-123.1544109,49.2965857],[-123.1544415,49.2965676],[-123.1544715,49.2965535],[-123.1544919,49.2965455],[-123.1545545,49.2965229],[-123.1545876,49.2965153],[-123.1546074,49.2965131],[-123.1546159,49.2965132],[-123.1546308,49.2965158],[-123.1546443,49.2965224],[-123.154653,49.2965314],[-123.1546606,49.2965447],[-123.1546645,49.2965561],[-123.1546647,49.2965675],[-123.1546609,49.2965837],[-123.1546519,49.2966052],[-123.1546345,49.2966378],[-123.1546342,49.2966507],[-123.1546372,49.2966627],[-123.154643,49.2966736],[-123.1546539,49.2966854],[-123.1546705,49.2966966],[-123.1546969,49.2967108],[-123.1547169,49.2967181],[-123.1547324,49.2967198],[-123.1547944,49.2967193],[-123.1548067,49.2967176],[-123.1548294,49.2967123],[-123.1548891,49.2966952],[-123.1549103,49.2966915],[-123.1549442,49.2966888],[-123.1549667,49.2966909],[-123.1549878,49.2966946],[-123.1550088,49.2967],[-123.1550274,49.296707],[-123.1550455,49.2967155],[-123.1550626,49.2967259],[-123.15511,49.2967618],[-123.1551622,49.2968134],[-123.1551716,49.2968298],[-123.1551895,49.2968444],[-123.1552118,49.2968551],[-123.1552258,49.2968584],[-123.1552431,49.2968601],[-123.1552685,49.2968604],[-123.1552853,49.2968625],[-123.1552951,49.2968647],[-123.1553222,49.296873],[-123.1553491,49.2968838],[-123.1554564,49.296929],[-123.1555583,49.2969662],[-123.1555899,49.2969807],[-123.1556218,49.2969986],[-123.1556449,49.2970142],[-123.1556712,49.2970333],[-123.1556837,49.2970405],[-123.1556925,49.297044],[-123.155713,49.2970504],[-123.1557368,49.2970559],[-123.1557593,49.2970592],[-123.1557874,49.2970608],[-123.1557973,49.29706],[-123.1558054,49.2970579],[-123.1558519,49.2970382],[-123.1558941,49.2970261],[-123.1559201,49.2970218],[-123.1559347,49.297021],[-123.1559525,49.2970212],[-123.1559816,49.2970234],[-123.1560294,49.2970283],[-123.156057,49.2970332],[-123.1560766,49.297039],[-123.1560979,49.2970472],[-123.1561169,49.2970582],[-123.1561335,49.2970701],[-123.1561464,49.2970807],[-123.1561551,49.2970897],[-123.1561719,49.2971092],[-123.1561843,49.2971183],[-123.1561922,49.2971212],[-123.1562073,49.2971201],[-123.156214,49.2971159],[-123.1562219,49.2971018],[-123.1562268,49.2970795],[-123.1562298,49.2970727],[-123.1562376,49.2970618],[-123.1562424,49.2970575],[-123.1562539,49.2970503],[-123.1562847,49.2970387],[-123.1563017,49.2970352],[-123.1563225,49.297033],[-123.1563465,49.2970317],[-123.1564273,49.2970308],[-123.1565288,49.2970326],[-123.1565781,49.2970354],[-123.1566039,49.2970354],[-123.1566307,49.2970342],[-123.1566515,49.2970319],[-123.1567029,49.2970243],[-123.1567368,49.297021],[-123.1567697,49.2970201],[-123.1567998,49.2970211],[-123.1568237,49.2970235],[-123.1568433,49.2970281],[-123.1568647,49.2970351],[-123.1568973,49.2970484],[-123.156932,49.2970651],[-123.1569589,49.2970789],[-123.1570114,49.297102],[-123.1570388,49.297113],[-123.1570649,49.2971226],[-123.1571268,49.2971433],[-123.1571919,49.297168],[-123.1572346,49.2971863],[-123.1573446,49.2972377],[-123.1574,49.2972559],[-123.157427,49.2972679],[-123.1574552,49.2972833],[-123.1574843,49.2973011],[-123.1575259,49.2973287],[-123.1575817,49.2973671],[-123.1575974,49.2973753],[-123.1576211,49.2973845],[-123.1576585,49.2973935],[-123.1577118,49.2974028],[-123.1577366,49.2974058],[-123.1577623,49.2974113],[-123.1577931,49.2974203],[-123.1578214,49.2974326],[-123.157877,49.2974609],[-123.1579165,49.2974789],[-123.1579337,49.2974856],[-123.1579765,49.2974996],[-123.158057,49.2975297],[-123.1581278,49.2975546],[-123.1581436,49.2975615],[-123.1581648,49.2975747],[-123.1581837,49.2975893],[-123.1582346,49.2976357],[-123.1582945,49.2976794],[-123.1583342,49.2977051],[-123.1583754,49.2977286],[-123.1584375,49.2977582],[-123.1584735,49.2977814],[-123.1584993,49.297802],[-123.1585497,49.2978481],[-123.1585776,49.2978757],[-123.1586204,49.297926],[-123.158649,49.2979629],[-123.1586779,49.2980075],[-123.1586872,49.2980276],[-123.1587101,49.2980838],[-123.158716,49.2980928],[-123.1587275,49.2981187],[-123.1587392,49.2981379],[-123.1587409,49.2981435],[-123.1587946,49.298208],[-123.158819,49.298227],[-123.1588479,49.2982535],[-123.1588629,49.2982712],[-123.1588732,49.2982888],[-123.1588907,49.298337],[-123.1589001,49.2983521],[-123.1589124,49.2983674],[-123.1589178,49.2983772],[-123.1589207,49.2983899],[-123.1589222,49.298424],[-123.1589305,49.2984622],[-123.1589319,49.2984782],[-123.158932,49.2984933],[-123.1589279,49.2985067],[-123.1589122,49.2985287],[-123.1589003,49.2985362],[-123.1588841,49.2985428],[-123.1588334,49.2985591],[-123.1588177,49.2985666],[-123.1588076,49.2985748],[-123.1588003,49.2985854],[-123.1587972,49.2985958],[-123.1588002,49.2986054],[-123.1588084,49.2986153],[-123.1588162,49.2986207],[-123.1588237,49.2986207],[-123.1588323,49.2986178],[-123.1588553,49.2986002],[-123.1588667,49.2985942],[-123.1588872,49.2985855],[-123.1589085,49.2985799],[-123.158925,49.2985774],[-123.158942,49.2985763],[-123.1589607,49.2985778],[-123.1589893,49.2985821],[-123.1590042,49.2985866],[-123.1590167,49.298592],[-123.1590357,49.2986036],[-123.1590733,49.2986185],[-123.1590844,49.298626],[-123.1590972,49.2986396],[-123.1591459,49.2986964],[-123.1591597,49.2987095],[-123.1591758,49.2987217],[-123.1591901,49.2987308],[-123.1592276,49.2987524],[-123.1592748,49.2987763],[-123.1592951,49.2987925],[-123.1593051,49.2988043],[-123.1593196,49.2988254],[-123.1593414,49.2988521],[-123.1593767,49.2988829],[-123.1593849,49.2988929],[-123.1593939,49.2989083],[-123.1594,49.298925],[-123.159405,49.2989478],[-123.1594098,49.2989617],[-123.1594157,49.29897],[-123.1594253,49.2989797],[-123.1594304,49.2989831],[-123.1594522,49.2989935],[-123.159466,49.2990054],[-123.1594745,49.2990193],[-123.1594793,49.2990344],[-123.1594856,49.2990449],[-123.1594952,49.2990546],[-123.1595132,49.2990661],[-123.1595178,49.2990705],[-123.1595213,49.2990797],[-123.1595231,49.2990985],[-123.1595267,49.2991029],[-123.1595553,49.2991222],[-123.1595645,49.2991316],[-123.159592,49.2991728],[-123.1595955,49.2991839],[-123.1595959,49.2992017],[-123.159591,49.2992121],[-123.1595866,49.2992166],[-123.1595752,49.2992227],[-123.1595457,49.2992352],[-123.1595328,49.299244],[-123.1595236,49.299254],[-123.1595176,49.2992638],[-123.1595073,49.299283],[-123.1595024,49.2992885],[-123.1594971,49.2992924],[-123.1594739,49.299301],[-123.1594383,49.2993114],[-123.1594236,49.2993177],[-123.159407,49.2993215],[-123.1593721,49.299326],[-123.1593499,49.2993303],[-123.1593333,49.2993372],[-123.159329,49.2993417],[-123.1593254,49.2993525],[-123.159329,49.2994081],[-123.1593358,49.299419],[-123.1593558,49.2994425],[-123.1593654,49.2994516],[-123.1593811,49.2994634],[-123.1593995,49.2994753],[-123.1594148,49.2994832],[-123.1594329,49.2994911],[-123.1594701,49.2995057],[-123.1594991,49.2995128],[-123.1595094,49.2995141],[-123.159539,49.299516],[-123.1595972,49.2995167],[-123.1596207,49.2995188],[-123.1596483,49.2995225],[-123.1596637,49.2995267],[-123.1596971,49.29954],[-123.1597144,49.2995442],[-123.1597482,49.2995446],[-123.1597869,49.2995389],[-123.1598152,49.2995374],[-123.1598311,49.2995382],[-123.1598447,49.2995417],[-123.1598525,49.2995452],[-123.1598725,49.299555],[-123.15992,49.2995865],[-123.1599275,49.2995897],[-123.1599461,49.2995942],[-123.159978,49.2995977],[-123.1600001,49.2995982],[-123.1600471,49.2995957],[-123.160075,49.2995915],[-123.1600849,49.2995913],[-123.1600947,49.2995923],[-123.1601012,49.2995948],[-123.1601053,49.2995989],[-123.1601112,49.2996091],[-123.1601134,49.2996319],[-123.1601206,49.2996418],[-123.1601307,49.2996511],[-123.1601301,49.2996557],[-123.1601105,49.2996675],[-123.1600887,49.2996746],[-123.1600769,49.2996772],[-123.1600646,49.2996789],[-123.1600415,49.2996808],[-123.1600195,49.2996796],[-123.1600011,49.2996803],[-123.1599859,49.2996857],[-123.1599802,49.2996905],[-123.1599742,49.2997021],[-123.1599863,49.2997084],[-123.1600035,49.2997132],[-123.1600367,49.2997188],[-123.1600399,49.2997235],[-123.1600293,49.2997313],[-123.1600103,49.2997416],[-123.1599965,49.2997466],[-123.1599776,49.2997513],[-123.1599308,49.2997591],[-123.1599223,49.2997627],[-123.1599193,49.2997681],[-123.1599258,49.2997701],[-123.1599492,49.2997734],[-123.1599646,49.2997776],[-123.1599725,49.2997811],[-123.1599738,49.2997863],[-123.1599533,49.2997968],[-123.1599196,49.2998096],[-123.159904,49.2998116],[-123.1598861,49.299812],[-123.1598768,49.2998113],[-123.159852,49.2998082],[-123.1598298,49.2998095],[-123.1598227,49.2998116],[-123.1597368,49.2998434],[-123.1596866,49.2998551],[-123.1596733,49.299863],[-123.159666,49.2998718],[-123.1596638,49.2998828],[-123.1596659,49.2998924],[-123.1596705,49.2998961],[-123.1596958,49.2998995],[-123.1597117,49.2999003],[-123.1597724,49.2999001],[-123.1597902,49.2999028],[-123.1597971,49.299905],[-123.1598003,49.299909],[-123.1598005,49.2999192],[-123.1597935,49.2999538],[-123.1597929,49.2999741],[-123.1598002,49.3000009],[-123.1598104,49.3000234],[-123.1598409,49.3000748],[-123.1598455,49.3000798],[-123.1598638,49.300096],[-123.1599044,49.3001247],[-123.1599154,49.3001341],[-123.159925,49.3001437],[-123.1599359,49.3001586],[-123.1599376,49.3001635],[-123.1599414,49.3001799],[-123.1599419,49.3001952],[-123.1599454,49.3002051],[-123.1599563,49.3002206],[-123.159965,49.3002284],[-123.1599761,49.3002353],[-123.1599952,49.3002426],[-123.1600241,49.3002509],[-123.1600771,49.3002555],[-123.1600925,49.3002591],[-123.1601269,49.3002705],[-123.1601586,49.3002795],[-123.1601717,49.3002846],[-123.1601842,49.3002906],[-123.1601962,49.3002987],[-123.1602049,49.3003083],[-123.1602069,49.3003185],[-123.1602058,49.3003246],[-123.1601984,49.3003365],[-123.1601931,49.3003417],[-123.1601807,49.3003508],[-123.1601668,49.3003589],[-123.1601502,49.3003664],[-123.1600363,49.3004062],[-123.1600044,49.3004203],[-123.1599777,49.3004347],[-123.1599265,49.300467],[-123.1598783,49.3004938],[-123.1598677,49.3005029],[-123.1598612,49.3005185],[-123.1598641,49.3005342],[-123.1598745,49.3005481],[-123.1598851,49.3005572],[-123.1599304,49.3005841],[-123.1599405,49.3005935],[-123.1599463,49.300603],[-123.1599475,49.3006132],[-123.1599509,49.3006231],[-123.1599503,49.3006277],[-123.1599542,49.3006422],[-123.1599498,49.3006655],[-123.1599421,49.3006884],[-123.1599428,49.3006989],[-123.159945,49.3007041],[-123.1599513,49.3007134],[-123.1599564,49.3007169],[-123.1599707,49.3007241],[-123.1599847,49.3007286],[-123.160009,49.3007338],[-123.1600413,49.3007394],[-123.1600492,49.3007422],[-123.1600524,49.3007469],[-123.1600502,49.3007579],[-123.1600432,49.3007732],[-123.1600247,49.3007945],[-123.1600134,49.3008137],[-123.1600049,49.3008324],[-123.1600255,49.3008538],[-123.1600282,49.3008588],[-123.1600294,49.300864],[-123.1600277,49.300876],[-123.1600217,49.3008876],[-123.1600032,49.3009119],[-123.1599945,49.300921],[-123.1599805,49.3009335],[-123.1599575,49.3009498],[-123.159927,49.3009666],[-123.1598925,49.300989],[-123.1598749,49.3009989],[-123.1598482,49.3010109],[-123.1597793,49.3010387],[-123.1597555,49.3010501],[-123.1597241,49.3010669],[-123.1597068,49.3010784],[-123.1596765,49.3011035],[-123.1596649,49.3011169],[-123.1596551,49.3011303],[-123.159642,49.3011446],[-123.1596314,49.3011543],[-123.1596214,49.3011612],[-123.1596047,49.3011712],[-123.1595923,49.3011772],[-123.159549,49.3011936],[-123.1595348,49.3012008],[-123.1595184,49.3012129],[-123.159505,49.301225],[-123.1595015,49.3012302],[-123.1594733,49.3012498],[-123.1594661,49.3012531],[-123.1594087,49.3012743],[-123.1593962,49.3012827],[-123.1593735,49.3013049],[-123.1593595,49.301321],[-123.159336,49.3013533],[-123.1592899,49.3013921],[-123.1592436,49.3014327],[-123.1592263,49.301446],[-123.1592173,49.3014518],[-123.1591753,49.3014753],[-123.1591341,49.3015024],[-123.1590964,49.3015213],[-123.1590845,49.3015295],[-123.1590738,49.3015417],[-123.1590558,49.3015657],[-123.1590444,49.301585],[-123.1590357,49.3015953],[-123.1590256,49.3016035],[-123.1590141,49.3016101],[-123.1589937,49.3016194],[-123.1589742,49.3016262],[-123.1589425,49.3016348],[-123.1589179,49.3016394],[-123.1588821,49.3016451],[-123.1588452,49.3016539],[-123.1587956,49.3016628],[-123.1587376,49.3016704],[-123.1586544,49.3016848],[-123.1586016,49.3016922],[-123.1585194,49.3017084],[-123.1584742,49.3017122],[-123.1584539,49.301716],[-123.1584444,49.3017189],[-123.1583869,49.3017407],[-123.158377,49.3017427],[-123.1583308,49.3017483],[-123.158308,49.3017548],[-123.1582582,49.3017729],[-123.1582279,49.3017806],[-123.158202,49.3017843],[-123.1581882,49.3017893],[-123.1581719,49.3018002],[-123.1581565,49.3018135],[-123.1581451,49.3018202],[-123.1581318,49.3018243],[-123.1580841,49.3018327],[-123.1580698,49.3018393],[-123.1580579,49.3018468],[-123.1580406,49.3018595],[-123.158019,49.3018768],[-123.1579968,49.3018986],[-123.157987,49.3019108],[-123.1579737,49.3019325],[-123.1579485,49.3019798],[-123.1579353,49.3019965],[-123.1579252,49.3020059],[-123.1579012,49.3020229],[-123.1578798,49.302034],[-123.1578565,49.3020445],[-123.1578399,49.3020495],[-123.1578002,49.3020589],[-123.1577864,49.3020645],[-123.1577797,49.3020688],[-123.1577696,49.3020777],[-123.1577562,49.3020841],[-123.1577477,49.3020871],[-123.1577316,49.30209],[-123.1576601,49.3020953],[-123.1576459,49.302097],[-123.1576265,49.3021014],[-123.1576104,49.3021079],[-123.1576003,49.3021136],[-123.1575917,49.3021203],[-123.1575772,49.3021349],[-123.1575684,49.3021483],[-123.1575624,49.3021611],[-123.1575532,49.3021868],[-123.1575513,49.3022056],[-123.1575546,49.3022578],[-123.1575612,49.3022911],[-123.1575734,49.3023244],[-123.1575979,49.3023724],[-123.1576244,49.3024172],[-123.157631,49.3024348],[-123.1576364,49.3024773],[-123.1576421,49.3024924],[-123.157667,49.3025299],[-123.1576736,49.3025444],[-123.1576778,49.3025647],[-123.1576805,49.302586],[-123.1576785,49.3026766],[-123.1576796,49.3027043],[-123.1576823,49.3027261],[-123.1576866,49.3027409],[-123.1576923,49.3027536],[-123.1577006,49.3027598],[-123.1577309,49.3027848],[-123.1577768,49.3028265],[-123.1577868,49.3028383],[-123.1577895,49.3028451],[-123.1577893,49.3028512],[-123.1577864,49.3028555],[-123.1577811,49.3028588],[-123.1577655,49.3028608],[-123.1577562,49.30286],[-123.1577356,49.3028537],[-123.1576757,49.3028299],[-123.1576514,49.3028222],[-123.1576196,49.3028194],[-123.1576069,49.3028177],[-123.1575845,49.3028119],[-123.1575665,49.3028016],[-123.1575495,49.3027882],[-123.1575296,49.3027747],[-123.1575139,49.3027659],[-123.157485,49.3027557],[-123.1574509,49.3027477],[-123.1574163,49.3027423],[-123.1573956,49.3027427],[-123.1573885,49.3027448],[-123.1573837,49.3027484],[-123.1573763,49.3027597],[-123.1573742,49.302767],[-123.1573736,49.3027747],[-123.157379,49.3028341],[-123.1573791,49.302863],[-123.1573743,49.3028872],[-123.1573599,49.3029294],[-123.1573541,49.3029536],[-123.1573522,49.3029705],[-123.157352,49.3030148],[-123.1573492,49.3030454],[-123.1573524,49.3031189],[-123.157346,49.3031803],[-123.1573451,49.303196],[-123.1573546,49.3032981],[-123.1573569,49.3033147],[-123.1573681,49.3033523],[-123.1573718,49.3033736],[-123.1573831,49.3034038],[-123.1574082,49.3034484],[-123.1574184,49.3034709],[-123.1574284,49.3035021],[-123.1574337,49.3035138],[-123.1574581,49.303551],[-123.1574697,49.3035739],[-123.1574863,49.303602],[-123.1574995,49.3036191],[-123.157521,49.3036387],[-123.1575681,49.30367],[-123.1575838,49.3036812],[-123.1576297,49.3037211],[-123.157643,49.3037314],[-123.1576749,49.303753],[-123.1576971,49.3037655],[-123.157705,49.303769],[-123.1577222,49.3037738],[-123.1577311,49.3037748],[-123.1577509,49.3037732],[-123.1577623,49.3037709],[-123.1578287,49.3037477],[-123.157851,49.3037409],[-123.1579143,49.3037294],[-123.1579492,49.3037218],[-123.1579705,49.303718],[-123.1580548,49.3037101],[-123.1580959,49.3037054],[-123.158187,49.3036896],[-123.1582073,49.3036852],[-123.1582509,49.3036728],[-123.1583054,49.3036635],[-123.1583187,49.3036615],[-123.1583517,49.3036588],[-123.1583818,49.3036573],[-123.1584406,49.3036558],[-123.158481,49.3036582],[-123.1585788,49.3036725],[-123.1586013,49.303674],[-123.15863,49.3036747],[-123.1586573,49.3036725],[-123.1587045,49.3036657],[-123.1587285,49.3036638],[-123.1587652,49.303663],[-123.158799,49.3036659],[-123.1588322,49.3036709],[-123.1589375,49.3036884],[-123.1589654,49.3036961],[-123.1589798,49.3037027],[-123.1589919,49.3037103],[-123.1590084,49.303724],[-123.1590125,49.3037293],[-123.1590142,49.3037348],[-123.159012,49.3037471],[-123.1590066,49.3037559],[-123.1590003,49.3037611],[-123.158987,49.3037689],[-123.1589727,49.3037749],[-123.1589561,49.3037799],[-123.1589377,49.3037843],[-123.1588827,49.3038015],[-123.1588623,49.3038065],[-123.1588142,49.3038145],[-123.1587552,49.3038209],[-123.1586587,49.3038443],[-123.1586272,49.3038467],[-123.1586008,49.303847],[-123.1585924,49.3038481],[-123.1585418,49.3038571],[-123.158514,49.3038607],[-123.1584758,49.3038637],[-123.158456,49.3038677],[-123.1584233,49.3038769],[-123.1583973,49.3038818],[-123.1583493,49.3038861],[-123.1583389,49.3038885],[-123.1583289,49.3038917],[-123.1583122,49.3038992],[-123.1582978,49.3039107],[-123.1582857,49.3039232],[-123.1582789,49.3039348],[-123.1582778,49.3039403],[-123.158279,49.3039468],[-123.1582848,49.3039576],[-123.1582935,49.3039678],[-123.1582993,49.3039787],[-123.1582987,49.3039839],[-123.1582881,49.3039917],[-123.1582748,49.3039971],[-123.1582672,49.3039989],[-123.1582366,49.3040031],[-123.1581923,49.3040063],[-123.1581743,49.3040104],[-123.158143,49.3040229],[-123.158134,49.3040249],[-123.1580844,49.3040339],[-123.1580436,49.3040469],[-123.1580091,49.3040536],[-123.1579813,49.3040566],[-123.1579121,49.3040592],[-123.1578509,49.3040646],[-123.1578099,49.3040694],[-123.157773,49.3040763],[-123.1577495,49.3040791],[-123.1577005,49.3040822],[-123.1576745,49.3040877],[-123.1576271,49.3041019],[-123.1576016,49.3041078],[-123.1575775,49.3041121],[-123.1575416,49.3041172],[-123.1574873,49.3041273],[-123.1574458,49.3041324],[-123.1574284,49.3041331],[-123.1573782,49.3041285],[-123.1573688,49.3041296],[-123.1573621,49.304132],[-123.1573558,49.3041415],[-123.1573541,49.304151],[-123.1573387,49.3041864],[-123.1573245,49.3042286],[-123.1573096,49.3042637],[-123.1573019,49.3042908],[-123.1572981,49.3043184],[-123.1572901,49.3043495],[-123.1572707,49.3043927],[-123.1572529,49.3044248],[-123.1572441,49.3044445],[-123.1572254,49.3044966],[-123.1572139,49.3045188],[-123.1571817,49.3045713],[-123.1571692,49.3045948],[-123.1571631,49.304609],[-123.1571546,49.3046229],[-123.1571449,49.3046457],[-123.1571221,49.3046975],[-123.1571135,49.3047246],[-123.1570959,49.3047653],[-123.1570769,49.3048195],[-123.1570516,49.3049004],[-123.157047,49.304921],[-123.1570431,49.3049474],[-123.1570381,49.3049677],[-123.1570316,49.3049871],[-123.157012,49.3050361],[-123.1570061,49.3050601],[-123.1569971,49.305105],[-123.1569861,49.3051438],[-123.1569821,49.3051702],[-123.1569742,49.3052037],[-123.1569759,49.305215],[-123.156974,49.3052282],[-123.1569566,49.3053075],[-123.1569413,49.3053611],[-123.156933,49.3053986],[-123.1569047,49.305536],[-123.1568905,49.3055806],[-123.1568684,49.3056425],[-123.1568481,49.3057152],[-123.15683,49.3057693],[-123.1568325,49.305792],[-123.1568375,49.3058024],[-123.1568478,49.3058173],[-123.1568629,49.305837],[-123.1568749,49.3058476],[-123.1568998,49.3058638],[-123.1569192,49.3058719],[-123.1569443,49.305878],[-123.1569885,49.3058836],[-123.1570663,49.3058964],[-123.1570988,49.3059036],[-123.157136,49.3059096],[-123.1571596,49.3059154],[-123.1571659,49.3059193],[-123.1571697,49.3059242],[-123.1571709,49.3059303],[-123.157166,49.3059411],[-123.1571605,49.3059455],[-123.1571526,49.3059471],[-123.1571352,49.305947],[-123.1571207,49.3059451],[-123.1569873,49.3059219],[-123.1569026,49.3059119],[-123.1568724,49.3059056],[-123.1568479,49.3059022],[-123.156839,49.305902],[-123.1568315,49.3059027],[-123.156825,49.3059046],[-123.1568218,49.3059086],[-123.1568266,49.3059285],[-123.1568249,49.3059491],[-123.1568203,49.3059666],[-123.1568154,49.3059762],[-123.1567978,49.3059994],[-123.1567649,49.3060292],[-123.1567485,49.3060472],[-123.1567319,49.3060704],[-123.1567189,49.3060918],[-123.1567114,49.3061081],[-123.1567044,49.3061398],[-123.1567024,49.3061692],[-123.1566995,49.3061818],[-123.1566845,49.3062145],[-123.1566631,49.3062684],[-123.1566518,49.3062999],[-123.1566473,49.3063217],[-123.1566441,49.306387],[-123.1566391,49.3064086],[-123.1566308,49.3064298],[-123.156621,49.3064477],[-123.1565745,49.3065087],[-123.1565679,49.306525],[-123.156563,49.3065496],[-123.1565621,49.3065809],[-123.1565583,49.306611],[-123.1565529,49.3066371],[-123.1565434,49.3066648],[-123.1565284,49.3066963],[-123.1565231,49.3067218],[-123.156523,49.3067375],[-123.1565268,49.3067531],[-123.1565308,49.3067634],[-123.1565535,49.3067987],[-123.156555,49.3068045],[-123.1565562,49.3068287],[-123.1565546,49.3068379],[-123.1565364,49.3068747],[-123.1565239,49.3068957],[-123.1564973,49.3069294],[-123.1564618,49.3069691],[-123.1564533,49.306983],[-123.1564516,49.3069885],[-123.1564319,49.3070201],[-123.1564187,49.3070491],[-123.1564089,49.3070844],[-123.1563947,49.3071597],[-123.1563888,49.3071819],[-123.1563793,49.3072102],[-123.1563727,49.3072247],[-123.1563512,49.3072888],[-123.1563483,49.3073044],[-123.1563464,49.3073345],[-123.1563432,49.3073542],[-123.1563363,49.3073739],[-123.1563152,49.3074207],[-123.1563105,49.3074364],[-123.1563095,49.3074508],[-123.1563104,49.3074833],[-123.1563075,49.3074941],[-123.156273,49.3075644],[-123.1562687,49.307578],[-123.1562669,49.3075973],[-123.1562689,49.3076178],[-123.1562748,49.3076444],[-123.1562852,49.3076774],[-123.1563069,49.3077645],[-123.1563083,49.3077943],[-123.1563073,49.30784],[-123.1563053,49.3078538],[-123.1562991,49.3078818],[-123.1562776,49.3079482],[-123.1562728,49.3079584],[-123.1562656,49.3079696],[-123.1562304,49.3080166],[-123.1562192,49.3080348],[-123.1562151,49.3080389],[-123.1562182,49.3080498],[-123.1562197,49.3080881],[-123.1562161,49.3081232],[-123.1562191,49.3081455],[-123.1562369,49.3081946],[-123.1562397,49.308209],[-123.1562387,49.3082234],[-123.1562323,49.3082434],[-123.1562163,49.3082737],[-123.1561682,49.3083463],[-123.1561662,49.3083565],[-123.1561665,49.3083681],[-123.1561802,49.3084357],[-123.1561811,49.3084495],[-123.1561798,49.3084848],[-123.1561754,49.3085115],[-123.1561665,49.3085438],[-123.1561621,49.3085531],[-123.1561505,49.3085728],[-123.1561324,49.3085964],[-123.1561174,49.308611],[-123.1560834,49.3086378],[-123.1560808,49.3086427],[-123.1560814,49.3086485],[-123.1560939,49.3086569],[-123.1561095,49.308662],[-123.1561214,49.3086683],[-123.1561287,49.3086777],[-123.1561237,49.3086992],[-123.1561333,49.3087227],[-123.1561527,49.3087451],[-123.1561563,49.3087552],[-123.156155,49.3087598],[-123.1561469,49.3087703],[-123.1561354,49.30878],[-123.1561221,49.3087884],[-123.1560985,49.3088001],[-123.1560831,49.3088036],[-123.1560509,49.308808],[-123.155992,49.3088124],[-123.1559377,49.308818],[-123.1559204,49.3088186],[-123.1558955,49.3088173],[-123.1558856,49.3088153],[-123.1558775,49.3088127],[-123.1558723,49.3088087],[-123.155866,49.3087867],[-123.1558583,49.3087782],[-123.1558191,49.3087717],[-123.1557965,49.3087665],[-123.1557761,49.3087597],[-123.1557691,49.3087588],[-123.1557531,49.308759],[-123.1557349,49.3087608],[-123.1557115,49.3087642],[-123.155656,49.3087731],[-123.1555831,49.3087826],[-123.1555331,49.3087879],[-123.1555101,49.3087884],[-123.1554475,49.3087785],[-123.1554315,49.3087781],[-123.1554133,49.3087799],[-123.1553834,49.3087845],[-123.1553648,49.308789],[-123.1553351,49.308798],[-123.1552612,49.3088225],[-123.1552339,49.3088342],[-123.1551692,49.3088663],[-123.1551363,49.3088793],[-123.1551191,49.3088847],[-123.1550846,49.3088937],[-123.1550398,49.3089017],[-123.1549876,49.3089127],[-123.1549512,49.3089181],[-123.1549274,49.3089205],[-123.154905,49.3089245],[-123.1548841,49.30893],[-123.1548423,49.3089464],[-123.1548266,49.308954],[-123.1547776,49.3089791],[-123.1547472,49.3089973],[-123.1547206,49.3090154],[-123.1547018,49.3090301],[-123.1546741,49.3090476],[-123.1546043,49.3090807],[-123.1545808,49.309096],[-123.1545322,49.3091334],[-123.154505,49.3091481],[-123.1544898,49.3091584],[-123.1544711,49.3091774],[-123.1544194,49.3092357],[-123.1543891,49.309275],[-123.1543571,49.3093192],[-123.1543258,49.3093543],[-123.1542971,49.3093831],[-123.1542843,49.3093943],[-123.1542618,49.3094115],[-123.1542103,49.3094471],[-123.1541696,49.3094798],[-123.1541479,49.3094945],[-123.1541096,49.3095155],[-123.1540356,49.3095495],[-123.1540028,49.3095668],[-123.1539191,49.3096212],[-123.1537614,49.3097302],[-123.1536992,49.3097687],[-123.1536788,49.3097775],[-123.1536553,49.3097898],[-123.1536355,49.3098026],[-123.1535879,49.3098274],[-123.1535232,49.3098583],[-123.1534496,49.3098908],[-123.1533896,49.3099234],[-123.1533596,49.3099431],[-123.1533404,49.3099587],[-123.1532773,49.3100128],[-123.1532668,49.3100237],[-123.1532573,49.3100357],[-123.1532493,49.3100493],[-123.1532431,49.3100635],[-123.1532407,49.310077],[-123.1532396,49.3101197],[-123.1532369,49.310139],[-123.1532303,49.310156],[-123.1532218,49.3101693],[-123.1532153,49.3101856],[-123.1532098,49.3102062],[-123.1532092,49.3102179],[-123.153211,49.3102335],[-123.1532171,49.31025],[-123.1532365,49.3102868],[-123.1532412,49.3103042],[-123.1532411,49.3103168],[-123.1532384,49.3103337],[-123.1532296,49.3103547],[-123.153226,49.3103765],[-123.1532282,49.3103875],[-123.1532363,49.310407],[-123.1532467,49.3104256],[-123.1532683,49.3104747],[-123.153274,49.3104933],[-123.1532779,49.3105144],[-123.1532775,49.3105353],[-123.1532794,49.3105521],[-123.1532826,49.3105631],[-123.153291,49.310578],[-123.1533213,49.3106224],[-123.1533432,49.3106463],[-123.1533545,49.3106667],[-123.1533582,49.3106793],[-123.153363,49.3107166],[-123.1533708,49.3107257],[-123.1533881,49.3107402],[-123.1534163,49.3107579],[-123.153424,49.3107658],[-123.1534441,49.3107935],[-123.1534613,49.3108074],[-123.1534886,49.3108245],[-123.1535347,49.3108625],[-123.1535529,49.3108746],[-123.1536015,49.3108997],[-123.1536314,49.3109132],[-123.1536643,49.3109339],[-123.153685,49.3109511],[-123.1536898,49.3109704],[-123.1536906,49.3109823],[-123.1536969,49.3110043],[-123.1537086,49.3110351],[-123.153713,49.3110565],[-123.1537143,49.3110725],[-123.1537106,49.3110875],[-123.1537039,49.3111014],[-123.1536706,49.3111478],[-123.1536599,49.311167],[-123.1536462,49.3111944],[-123.1536414,49.3112089],[-123.1536373,49.3112292],[-123.1536377,49.3112402],[-123.1536425,49.3112613],[-123.1536475,49.3112729],[-123.1536539,49.3112829],[-123.1536718,49.3113026],[-123.1536833,49.3113105],[-123.1536979,49.3113275],[-123.1537029,49.311339],[-123.1537032,49.3113495],[-123.1536994,49.3113808],[-123.1536932,49.3114063],[-123.1536905,49.3114112],[-123.1536828,49.3114221],[-123.1536719,49.3114333],[-123.15366,49.3114432],[-123.1536434,49.3114538],[-123.1536226,49.3114636],[-123.153605,49.31147],[-123.1535599,49.3114837],[-123.1535409,49.3114916],[-123.1535257,49.3115013],[-123.1535042,49.3115197],[-123.1534885,49.3115291],[-123.1534696,49.3115376],[-123.1534394,49.3115475],[-123.1534068,49.3115552],[-123.1533349,49.3115684],[-123.1533003,49.3115725],[-123.1532695,49.3115747],[-123.1532283,49.3115765],[-123.1532054,49.3115801],[-123.1531882,49.3115862],[-123.1531785,49.3115915],[-123.1531703,49.3115977],[-123.1531584,49.3116102],[-123.1531531,49.3116213],[-123.153148,49.3116391],[-123.1531399,49.3116496],[-123.1531279,49.3116584],[-123.1531122,49.3116665],[-123.1530947,49.3116747],[-123.1530098,49.311708],[-123.1529909,49.3117177],[-123.1529688,49.3117315],[-123.1529518,49.3117455],[-123.1529377,49.3117601],[-123.1529165,49.311787],[-123.1529057,49.3118043],[-123.1528897,49.3118352],[-123.1528765,49.3118485],[-123.1528559,49.3118644],[-123.1528422,49.3118775],[-123.1528327,49.311904],[-123.1528264,49.3119157],[-123.1528146,49.3119269],[-123.1527989,49.3119381],[-123.1527902,49.3119428],[-123.1527717,49.311951],[-123.1527438,49.3119612],[-123.1527243,49.311967],[-123.152688,49.3119766],[-123.1526535,49.3119838],[-123.1526292,49.3119872],[-123.1526013,49.3119936],[-123.1525355,49.3120046],[-123.1524631,49.3120144],[-123.1524458,49.3120192],[-123.1524377,49.3120238],[-123.1524364,49.3120337],[-123.1524386,49.3120447],[-123.1524467,49.3120649],[-123.1524581,49.3120847],[-123.1524626,49.3120959],[-123.1524618,49.3121009],[-123.1524508,49.3121096],[-123.1524439,49.3121124],[-123.1524364,49.3121125],[-123.1524212,49.3121072],[-123.1523983,49.3120934],[-123.152381,49.3120795],[-123.1523559,49.3120553],[-123.152344,49.3120484],[-123.152329,49.3120473],[-123.1523258,49.3120471],[-123.152322,49.312049],[-123.1523095,49.3120549],[-123.1522929,49.3120662],[-123.1522732,49.3120815],[-123.1522349,49.3121175],[-123.1522193,49.3121287],[-123.1522012,49.312136],[-123.1521723,49.3121443],[-123.1521563,49.3121553],[-123.1521499,49.3121627],[-123.1521401,49.3121794],[-123.1521371,49.3121889],[-123.1521301,49.3122218],[-123.1521215,49.3122339],[-123.1521151,49.3122389],[-123.1521063,49.3122436],[-123.1520873,49.3122497],[-123.1520765,49.3122513],[-123.1520657,49.3122518],[-123.1520428,49.3122511],[-123.1520179,49.3122524],[-123.1519932,49.3122573],[-123.1519737,49.3122636],[-123.1519621,49.312269],[-123.1519511,49.3122753],[-123.1519419,49.3122821],[-123.15192,49.3123014],[-123.1519095,49.3123135],[-123.1518874,49.3123429],[-123.1518787,49.3123507],[-123.1518524,49.3123648],[-123.1518283,49.3123737],[-123.1518208,49.312375],[-123.1518063,49.3123761],[-123.1517964,49.3123753],[-123.151779,49.3123722],[-123.1517616,49.3123715],[-123.1517429,49.3123735],[-123.1517229,49.312379],[-123.1516979,49.3123891],[-123.151678,49.3124001],[-123.1516412,49.3124245],[-123.1516311,49.31243],[-123.1515609,49.3124639],[-123.1515088,49.3124919],[-123.1514852,49.3125009],[-123.1514722,49.312504],[-123.1514453,49.3125085],[-123.1514318,49.3125095],[-123.1513941,49.31251],[-123.1513765,49.3125113],[-123.1513589,49.3125151],[-123.151345,49.3125207],[-123.1513372,49.3125253],[-123.1513169,49.3125412],[-123.1513055,49.3125532],[-123.1512831,49.3125828],[-123.1512694,49.3125969],[-123.1512505,49.3126095],[-123.1511872,49.3126388],[-123.1511693,49.3126501],[-123.1511292,49.3126799],[-123.1510978,49.3126965],[-123.1510831,49.3127027],[-123.1510534,49.3127126],[-123.1509974,49.3127291],[-123.1509789,49.3127365],[-123.1509623,49.3127451],[-123.1509388,49.312759],[-123.1509198,49.3127636],[-123.15091,49.312764],[-123.1508263,49.3127621],[-123.1507961,49.3127644],[-123.1507757,49.3127682],[-123.1507335,49.3127797],[-123.1507117,49.3127826],[-123.1506564,49.3127833],[-123.1506117,49.3127811],[-123.150594,49.3127819],[-123.1505736,49.3127838],[-123.1505569,49.3127876],[-123.1505421,49.3127931],[-123.1505158,49.3128046],[-123.1504806,49.3128176],[-123.1504718,49.3128197],[-123.1504449,49.312823],[-123.1504039,49.3128238],[-123.1503179,49.3128217],[-123.1502858,49.3128234],[-123.1502565,49.3128233],[-123.1502067,49.3128196],[-123.150096,49.3128179],[-123.1500885,49.3128192],[-123.1500811,49.3128223],[-123.1500756,49.3128272],[-123.1500752,49.3128318],[-123.1500776,49.3128369],[-123.150089,49.3128508],[-123.1500849,49.3128548],[-123.1500626,49.3128586],[-123.1499888,49.3128673],[-123.1499072,49.3128854],[-123.1498691,49.3128899],[-123.1498231,49.3128936],[-123.14978,49.3129009],[-123.1497531,49.3129035],[-123.1496912,49.3129023],[-123.1496633,49.3129037],[-123.1496233,49.312907],[-123.1495895,49.3129112],[-123.1495584,49.3129166],[-123.1495022,49.3129233],[-123.1493419,49.3129356],[-123.1493219,49.3129361],[-123.1492903,49.3129344],[-123.1492697,49.3129267],[-123.1492425,49.3129104],[-123.1492257,49.3129045],[-123.1492084,49.3129012],[-123.1492,49.3129013],[-123.1491726,49.3129054],[-123.1490888,49.3129263],[-123.1490493,49.3129342],[-123.1490076,49.3129442],[-123.1489914,49.3129501],[-123.1489776,49.3129568],[-123.1489527,49.3129716],[-123.1489222,49.3129864],[-123.1488529,49.313016],[-123.1488168,49.3130272],[-123.148795,49.3130313],[-123.1487653,49.3130357],[-123.1486636,49.3130483],[-123.1486483,49.3130493],[-123.1486199,49.3130492],[-123.1485929,49.3130451],[-123.1485677,49.3130398],[-123.1485421,49.3130372],[-123.1485165,49.3130383],[-123.1485054,49.3130402],[-123.1484878,49.313047],[-123.1484795,49.3130519],[-123.1484652,49.313062],[-123.1484602,49.3130672],[-123.148452,49.3130782],[-123.1484456,49.3130904],[-123.1484354,49.313123],[-123.14843,49.3131346],[-123.1484232,49.3131435],[-123.1484052,49.3131524],[-123.148388,49.3131559],[-123.1483671,49.3131581],[-123.1482937,49.3131635],[-123.1482705,49.3131667],[-123.148251,49.313171],[-123.1482228,49.31318],[-123.1481973,49.3131854],[-123.1481796,49.3131873],[-123.1481327,49.313191],[-123.1481132,49.3131941],[-123.1480979,49.3131982],[-123.1480554,49.3132155],[-123.1480396,49.3132162],[-123.1479837,49.3132105],[-123.1479684,49.3132103],[-123.1479586,49.3132112],[-123.1479219,49.3132173],[-123.1478984,49.3132268],[-123.147879,49.3132379],[-123.1478536,49.3132499],[-123.147843,49.3132533],[-123.1478105,49.3132615],[-123.1477595,49.3132697],[-123.1477009,49.3132749],[-123.1476466,49.3132762],[-123.1476089,49.3132792],[-123.1476001,49.3132808],[-123.1475783,49.3132861],[-123.1475723,49.3132888],[-123.1475668,49.3132925],[-123.1475617,49.3132971],[-123.1475549,49.3133072],[-123.1475486,49.3133212],[-123.1475451,49.3133383],[-123.1475352,49.3133608],[-123.1475261,49.3133706],[-123.1475137,49.3133789],[-123.1474726,49.3133989],[-123.1474545,49.3134061],[-123.1474402,49.3134107],[-123.1474179,49.3134157],[-123.1473701,49.313423],[-123.1473567,49.3134265],[-123.1473405,49.3134323],[-123.147322,49.3134428],[-123.1473165,49.3134483],[-123.1473093,49.3134599],[-123.1472967,49.313488],[-123.1472903,49.3134983],[-123.1472857,49.3135032],[-123.1472761,49.3135115],[-123.1472613,49.3135207],[-123.1472442,49.3135266],[-123.1472256,49.3135292],[-123.1472164,49.3135292],[-123.1471968,49.3135281],[-123.1471399,49.31352],[-123.1471097,49.3135181],[-123.1470562,49.3135169],[-123.1469618,49.3135178],[-123.146919,49.3135199],[-123.1468883,49.3135195],[-123.1468697,49.3135178],[-123.1468617,49.3135157],[-123.1468444,49.3135094],[-123.1468299,49.3135007],[-123.1468092,49.313485],[-123.1467905,49.3134772],[-123.1467648,49.3134716],[-123.1467089,49.3134635],[-123.1466785,49.3134573],[-123.1466603,49.3134516],[-123.1466383,49.3134436],[-123.1466102,49.3134298],[-123.1465892,49.3134217],[-123.1465705,49.3134169],[-123.1465491,49.3134128],[-123.1465267,49.3134099],[-123.1465039,49.3134085],[-123.1464634,49.3134073],[-123.1464267,49.3134078],[-123.146377,49.3134121],[-123.1463213,49.3134198],[-123.1462971,49.3134248],[-123.1462374,49.3134388],[-123.1461943,49.3134504],[-123.1461614,49.3134576],[-123.1461363,49.3134614],[-123.1460672,49.3134786],[-123.1460469,49.313486],[-123.1460002,49.3135085],[-123.1459734,49.3135178],[-123.1459183,49.3135336],[-123.1458947,49.3135438],[-123.145885,49.3135497],[-123.1458497,49.3135818],[-123.1458414,49.3135867],[-123.1458225,49.3135951],[-123.1458035,49.3136004],[-123.14571,49.3136055],[-123.1456765,49.3135978],[-123.1456476,49.313595],[-123.1456383,49.3135957],[-123.1456118,49.3135998],[-123.1455701,49.3136092],[-123.1455534,49.3136147],[-123.1455095,49.3136305],[-123.1454869,49.3136419],[-123.1454582,49.3136537],[-123.1454346,49.313662],[-123.1454119,49.313668],[-123.1453883,49.3136727],[-123.1453539,49.3136765],[-123.1453153,49.3136789],[-123.1452972,49.3136781],[-123.145189,49.3136606],[-123.1451358,49.3136506],[-123.145085,49.313639],[-123.1450649,49.3136358],[-123.1450337,49.3136339],[-123.1449965,49.3136354],[-123.1449729,49.3136389],[-123.1449488,49.3136445],[-123.1448587,49.3136572],[-123.1447993,49.3136619],[-123.1447045,49.3136673],[-123.1446896,49.3136693],[-123.1446669,49.3136734],[-123.1446112,49.3136847],[-123.1445853,49.3136909],[-123.1445288,49.3137077],[-123.144458,49.313731],[-123.144426,49.313743],[-123.1443955,49.3137529],[-123.1443396,49.3137767],[-123.1442984,49.3137888],[-123.144264,49.3137958],[-123.1442413,49.313798],[-123.1441335,49.3138042],[-123.1440591,49.3138047],[-123.1439926,49.3138097],[-123.1439234,49.3138171],[-123.1438779,49.3138192],[-123.143843,49.3138185],[-123.1438188,49.3138193],[-123.1438058,49.3138206],[-123.1437678,49.3138263],[-123.1437436,49.3138319],[-123.1437214,49.3138388],[-123.1436807,49.313853],[-123.1436492,49.3138605],[-123.1436162,49.3138659],[-123.1435796,49.3138701],[-123.1435465,49.3138706],[-123.1434898,49.3138667],[-123.1434646,49.3138675],[-123.1434447,49.3138691],[-123.1433992,49.3138749],[-123.1433811,49.3138784],[-123.1433431,49.3138877],[-123.143288,49.3139048],[-123.143256,49.3139132],[-123.1431832,49.3139304],[-123.1431133,49.3139494],[-123.1430748,49.3139585],[-123.1430284,49.3139661],[-123.1430029,49.313969],[-123.1429611,49.3139759],[-123.1428916,49.3139904],[-123.1428095,49.31401],[-123.1427905,49.3140129],[-123.142744,49.3140251],[-123.1427014,49.314034],[-123.1426575,49.3140412],[-123.1426012,49.3140471],[-123.1425568,49.3140525],[-123.1425151,49.3140523],[-123.1424812,49.3140473],[-123.1424473,49.3140359],[-123.1424194,49.3140316],[-123.1423993,49.3140388],[-123.1423785,49.3140496],[-123.1423426,49.3140588],[-123.1423094,49.314058],[-123.1422635,49.3140531],[-123.1422235,49.314052],[-123.1421852,49.3140582],[-123.1421486,49.3140619],[-123.1421113,49.3140651],[-123.1420905,49.3140741],[-123.1420752,49.3140738],[-123.142031,49.3140775],[-123.1419544,49.3140854],[-123.141935,49.314086],[-123.1419083,49.3140855],[-123.1418067,49.3140759],[-123.1417735,49.3140754],[-123.1417375,49.3140766],[-123.1417006,49.3140803],[-123.14166,49.3140858],[-123.1416029,49.3140913],[-123.1415466,49.3140931],[-123.1414871,49.3140989],[-123.141458,49.3140993],[-123.1414414,49.3140981],[-123.1413906,49.3140927],[-123.1413606,49.314087],[-123.1413403,49.3140816],[-123.1413103,49.3140693],[-123.1412812,49.3140558],[-123.1412183,49.3140233],[-123.1411805,49.3140022],[-123.141167,49.3139935],[-123.141155,49.3139838],[-123.1411439,49.3139724],[-123.1411152,49.3139374],[-123.1411018,49.3139178],[-123.1410953,49.3139057],[-123.1410809,49.3138729],[-123.1410716,49.3138367],[-123.1410543,49.3137791],[-123.1410501,49.3137691],[-123.1410334,49.3137342],[-123.1410028,49.3136829],[-123.1409764,49.3136465],[-123.1409538,49.313622],[-123.1409325,49.313601],[-123.1409121,49.3135847],[-123.1408867,49.3135675],[-123.1408465,49.313545],[-123.1407679,49.3134962],[-123.1407664,49.3134954],[-123.1407282,49.3134751],[-123.1407093,49.3134664],[-123.14067,49.3134504],[-123.1406187,49.3134327],[-123.1405739,49.3134198],[-123.1405222,49.313409],[-123.1404941,49.3134045],[-123.1404751,49.3134024],[-123.1403745,49.3133941],[-123.1403519,49.3133902],[-123.1402985,49.3133749],[-123.1402827,49.3133704],[-123.1402605,49.3133607],[-123.140212,49.3133424],[-123.1401695,49.3133286],[-123.1401492,49.3133238],[-123.1400652,49.313307],[-123.1400453,49.3133049],[-123.1400227,49.3133046],[-123.1399955,49.3133074],[-123.1399176,49.3133198],[-123.1399079,49.3133195],[-123.1398797,49.3133126],[-123.1398668,49.3133072],[-123.1398437,49.3132952],[-123.1398298,49.313291],[-123.139822,49.3132895],[-123.1397966,49.3132856],[-123.1397611,49.3132817],[-123.1397449,49.3132778],[-123.1397066,49.3132655],[-123.1396904,49.3132586],[-123.1396664,49.3132429],[-123.1396507,49.3132357],[-123.1395985,49.3132167],[-123.1395842,49.3132104],[-123.1395731,49.3132032],[-123.1395638,49.3131948],[-123.1395509,49.3131767],[-123.1395398,49.313167],[-123.1395079,49.3131463],[-123.1394949,49.3131348],[-123.1394917,49.3131297],[-123.1394884,49.3131203],[-123.1394893,49.3131065],[-123.1394921,49.3130962],[-123.1395063,49.3130669],[-123.1395085,49.3130545],[-123.1395039,49.3130431],[-123.1394914,49.3130331],[-123.1394604,49.3130142],[-123.1394498,49.3130048],[-123.1394419,49.3129937],[-123.1394354,49.312981],[-123.1394243,49.312972],[-123.1393943,49.3129536],[-123.1393712,49.3129374],[-123.1393531,49.3129172],[-123.1393416,49.3129066],[-123.1393305,49.3128994],[-123.1392787,49.3128747],[-123.1392533,49.3128612],[-123.1392464,49.3128555],[-123.1392385,49.3128455],[-123.1392339,49.3128365],[-123.1392329,49.312825],[-123.139237,49.3127963],[-123.1392356,49.3127822],[-123.1392309,49.3127707],[-123.1392156,49.3127469],[-123.1391846,49.3127044],[-123.1391572,49.3126558],[-123.139141,49.3126194],[-123.1391336,49.3126073],[-123.1391197,49.3125953],[-123.1391067,49.3125802],[-123.13909,49.3125549],[-123.1390803,49.3125274],[-123.1390729,49.3125124],[-123.1390566,49.3124867],[-123.1390321,49.3124587],[-123.1390058,49.3124379],[-123.138991,49.3124319],[-123.1389221,49.3123702],[-123.1388933,49.3123153],[-123.138884,49.3123062],[-123.1388734,49.3122987],[-123.1388517,49.3122882],[-123.1388287,49.3122948],[-123.1388217,49.3122921],[-123.1388171,49.3122885],[-123.1388028,49.3122744],[-123.1387824,49.312249],[-123.1387662,49.3122349],[-123.1387431,49.3122186],[-123.1387126,49.3122018],[-123.1386622,49.312178],[-123.1386558,49.3121738],[-123.1386086,49.3121412],[-123.138598,49.3121319],[-123.1385855,49.3121183],[-123.1385544,49.3120728],[-123.1385271,49.3120388],[-123.1385151,49.3120201],[-123.1384831,49.3119655],[-123.138459,49.3119372],[-123.1384488,49.3119282],[-123.1384156,49.3119035],[-123.1384026,49.3118884],[-123.1383743,49.3118459],[-123.1383586,49.3118272],[-123.1383364,49.3118067],[-123.1383244,49.3117989],[-123.1382782,49.3117742],[-123.1382588,49.311761],[-123.1382491,49.3117522],[-123.1382426,49.3117432],[-123.1382179,49.3116783],[-123.1382142,49.3116735],[-123.1382013,49.3116651],[-123.1381768,49.3116552],[-123.1381694,49.3116509],[-123.1381444,49.3116317],[-123.1381255,49.3116236],[-123.1381163,49.3116211],[-123.1380918,49.3116173],[-123.1380793,49.3116127],[-123.1380738,49.3116091],[-123.1380641,49.3116004],[-123.1380562,49.3115904],[-123.1380507,49.3115802],[-123.1380395,49.3115537],[-123.1380279,49.3115395],[-123.1380085,49.3115232],[-123.137996,49.3115157],[-123.1379831,49.3115109],[-123.1379693,49.3115079],[-123.1379333,49.3115037],[-123.1379245,49.311501],[-123.1379083,49.3114935],[-123.1378945,49.3114832],[-123.1378732,49.3114646],[-123.1378589,49.3114589],[-123.1378418,49.3114556],[-123.1378233,49.3114501],[-123.137815,49.3114459],[-123.1378011,49.3114345],[-123.1377826,49.311414],[-123.1377724,49.3114062],[-123.1377549,49.3113947],[-123.1377285,49.3113854],[-123.1377064,49.3113728],[-123.1376736,49.311364],[-123.1376219,49.3113526],[-123.1375956,49.3113439],[-123.1375683,49.3113274],[-123.1375567,49.3113174],[-123.1375429,49.3112999],[-123.1375401,49.3112939],[-123.1375349,49.3112767],[-123.1375271,49.3112674],[-123.1375206,49.3112638],[-123.1375128,49.3112611],[-123.1375035,49.3112593],[-123.1374777,49.3112575],[-123.1374606,49.3112542],[-123.1374431,49.3112482],[-123.1374315,49.31124],[-123.1373922,49.3112066],[-123.1373792,49.3111921],[-123.137364,49.3111695],[-123.1373551,49.3111523],[-123.1373463,49.3111273],[-123.1373384,49.3110938],[-123.1373226,49.3110583],[-123.1373248,49.3110326],[-123.1373229,49.3110218],[-123.1373146,49.3110121],[-123.1372827,49.3109865],[-123.1372582,49.3109627],[-123.1372526,49.3109531],[-123.1372466,49.3109371],[-123.1372419,49.3109093],[-123.1372437,49.3108924],[-123.1372404,49.3108825],[-123.1372312,49.3108692],[-123.1372251,49.310852],[-123.1372435,49.3108182],[-123.1372522,49.3108089],[-123.1372734,49.3107932],[-123.1372743,49.3107835],[-123.137271,49.310779],[-123.1372521,49.310769],[-123.137241,49.3107594],[-123.1372354,49.3107485],[-123.137235,49.310744],[-123.1372371,49.3106858],[-123.1372342,49.3106514],[-123.1372315,49.3106454],[-123.1372162,49.310621],[-123.1372078,49.3105992],[-123.1372009,49.3105887],[-123.1371736,49.3105613],[-123.1371352,49.3105399],[-123.1371121,49.3105254],[-123.1370802,49.3105186],[-123.137059,49.3105095],[-123.1370299,49.310499],[-123.1370156,49.3104963],[-123.1370008,49.3104963],[-123.1369607,49.3104997],[-123.1369482,49.3104952],[-123.1369408,49.3104861],[-123.1369418,49.3104813],[-123.1369459,49.3104768],[-123.1369473,49.3104722],[-123.1369426,49.3104626],[-123.1369204,49.3104415],[-123.1369144,49.3104292],[-123.1369083,49.3104053],[-123.1369009,49.3103957],[-123.1368843,49.31038],[-123.1368723,49.3103722],[-123.1368501,49.3103602],[-123.1368353,49.3103499],[-123.1368117,49.3103279],[-123.1367737,49.3102863],[-123.1367608,49.3102694],[-123.1367455,49.3102444],[-123.136727,49.3102233],[-123.1367136,49.3102158],[-123.1367011,49.3102113],[-123.1366826,49.3102017],[-123.1366729,49.3101941],[-123.1366632,49.3101812],[-123.1366618,49.3101748],[-123.1366604,49.310157],[-123.1366497,49.3101417],[-123.1366349,49.3101272],[-123.1365914,49.310088],[-123.1365785,49.310079],[-123.1365623,49.310063],[-123.1365461,49.3100501],[-123.1365318,49.3100359],[-123.1365012,49.310004],[-123.1364888,49.3099971],[-123.136467,49.3099871],[-123.1364555,49.3099796],[-123.1364393,49.3099666],[-123.136431,49.309957],[-123.1364217,49.3099431],[-123.1363944,49.3099121],[-123.1363833,49.3098934],[-123.1363759,49.3098777],[-123.1363689,49.3098569],[-123.1363601,49.3098397],[-123.1363554,49.3098247],[-123.1363559,49.3098195],[-123.1363595,49.3098081],[-123.1363637,49.3098017],[-123.136377,49.3097845],[-123.1363806,49.3097688],[-123.1363797,49.3097561],[-123.136375,49.3097423],[-123.1363671,49.3097287],[-123.1363505,49.3097142],[-123.1363417,49.3097037],[-123.1363385,49.3096974],[-123.136338,49.3096928],[-123.1363403,49.3096823],[-123.1363389,49.3096765],[-123.1363286,49.3096548],[-123.1363282,49.3096491],[-123.13633,49.3096437],[-123.1363383,49.309634],[-123.1363645,49.3096126],[-123.1363705,49.3096032],[-123.1363719,49.3095969],[-123.1363667,49.3095821],[-123.136351,49.3095562],[-123.1363454,49.3095429],[-123.1363435,49.3095308],[-123.1363434,49.3095037],[-123.1363322,49.309447],[-123.1363225,49.3094262],[-123.136316,49.3094165],[-123.1362998,49.3093988],[-123.1362841,49.3093777],[-123.1362743,49.3093695],[-123.1362494,49.3093557],[-123.1361921,49.3093328],[-123.1361875,49.3093292],[-123.1361565,49.3092837],[-123.1361551,49.3092743],[-123.1361578,49.3092647],[-123.1361633,49.309255],[-123.1361665,49.3092444],[-123.136166,49.3092387],[-123.1361596,49.3092285],[-123.136154,49.3092236],[-123.1361392,49.3092182],[-123.1361078,49.3092122],[-123.1361004,49.3092098],[-123.1360824,49.3092017],[-123.1360759,49.3091927],[-123.1360745,49.3091773],[-123.136069,49.3091676],[-123.1360518,49.3091529],[-123.1360394,49.3091454],[-123.1360232,49.3091439],[-123.1359882,49.3091463],[-123.1359789,49.3091451],[-123.1359702,49.3091424],[-123.1359559,49.3091361],[-123.1359369,49.3091231],[-123.1359281,49.3091144],[-123.1359244,49.3091078],[-123.1359239,49.3090984],[-123.1359267,49.3090942],[-123.1359368,49.3090845],[-123.1359359,49.3090797],[-123.1359169,49.3090613],[-123.1359048,49.3090414],[-123.135903,49.3090318],[-123.1358946,49.3090161],[-123.1358835,49.3090016],[-123.1358807,49.3089956],[-123.1358798,49.3089896],[-123.1358807,49.3089799],[-123.1358866,49.3089555],[-123.1358857,49.30895],[-123.1358768,49.3089238],[-123.1358731,49.308919],[-123.1358556,49.3089069],[-123.1358477,49.3089036],[-123.1358399,49.3089015],[-123.1358233,49.3089009],[-123.1358154,49.3089037],[-123.1357938,49.3089142],[-123.1357795,49.3089164],[-123.1357703,49.3089146],[-123.1357536,49.3089037],[-123.1357481,49.3088977],[-123.1357383,49.3088811],[-123.1357244,49.3088624],[-123.1357165,49.3088459],[-123.1357165,49.3088398],[-123.1357211,49.308835],[-123.1357363,49.3088268],[-123.1357386,49.3088223],[-123.1357381,49.3088111],[-123.135721,49.3087903],[-123.1357099,49.3087801],[-123.1357034,49.3087711],[-123.1356886,49.3087349],[-123.1356802,49.3087246],[-123.1356529,49.308696],[-123.1356427,49.3086707],[-123.1356358,49.3086595],[-123.1356297,49.3086544],[-123.1355969,49.30863],[-123.1355821,49.3086149],[-123.1355636,49.3086041],[-123.135517,49.3085857],[-123.1355008,49.3085782],[-123.1354851,49.3085698],[-123.1354611,49.3085475],[-123.135437,49.3085288],[-123.1353945,49.3084987],[-123.1353853,49.3084891],[-123.1353829,49.3084839],[-123.1353806,49.308468],[-123.1353833,49.3084601],[-123.1353888,49.3084511],[-123.1353893,49.3084453],[-123.1353879,49.3084299],[-123.1353846,49.3084121],[-123.1353804,49.3084004],[-123.1353767,49.3083962],[-123.1353698,49.3083928],[-123.1353532,49.3083905],[-123.1353287,49.3083902],[-123.1353149,49.3083884],[-123.1352918,49.308383],[-123.1352581,49.3083713],[-123.1352225,49.3083638],[-123.1352064,49.3083587],[-123.1351939,49.3083523],[-123.1351828,49.3083433],[-123.1351643,49.3083246],[-123.1351587,49.308315],[-123.1351578,49.3083083],[-123.1351596,49.3083029],[-123.1351638,49.308299],[-123.1351771,49.308292],[-123.1352002,49.3082835],[-123.1352061,49.3082778],[-123.1352089,49.3082724],[-123.1352093,49.3082558],[-123.1352111,49.3082503],[-123.1352194,49.3082353],[-123.1352244,49.3082181],[-123.1352248,49.3081966],[-123.1352303,49.3081749],[-123.13524,49.3081559],[-123.1352528,49.3081384],[-123.1352629,49.3081275],[-123.1352689,49.3081169],[-123.1352716,49.3081024],[-123.1352707,49.3080928],[-123.13526,49.3080617],[-123.1352613,49.3080379],[-123.135258,49.3080268],[-123.1352515,49.3080141],[-123.1352488,49.3080044],[-123.1352478,49.3079869],[-123.1352491,49.3079637],[-123.1352537,49.3079426],[-123.1352601,49.3079323],[-123.1352656,49.3079269],[-123.1352762,49.3079187],[-123.1353006,49.3079033],[-123.1353029,49.3078982],[-123.1352987,49.3078876],[-123.1352936,49.3078831],[-123.1352858,49.307881],[-123.1352696,49.3078819],[-123.1352466,49.307888],[-123.1352401,49.3078862],[-123.135235,49.3078823],[-123.1352332,49.3078726],[-123.1352341,49.3078624],[-123.1352377,49.3078406],[-123.13524,49.3078343],[-123.1352437,49.3078289],[-123.1352529,49.3078204],[-123.1352764,49.3078038],[-123.1353104,49.3077712],[-123.1353228,49.3077564],[-123.1353283,49.3077449],[-123.1353292,49.3077328],[-123.135326,49.3077271],[-123.1353172,49.3077178],[-123.1353001,49.3077066],[-123.1352913,49.3076985],[-123.135288,49.3076922],[-123.1352876,49.3076864],[-123.1352898,49.3076813],[-123.1352986,49.3076719],[-123.1353004,49.3076659],[-123.1352967,49.3076514],[-123.1352874,49.3076424],[-123.13525,49.3076186],[-123.1352449,49.3076129],[-123.1352361,49.3075914],[-123.1352315,49.307586],[-123.1352194,49.3075782],[-123.1351866,49.3075628],[-123.1351686,49.3075529],[-123.1351525,49.3075418],[-123.1351413,49.3075285],[-123.1351381,49.3075216],[-123.1351334,49.3075065],[-123.1351334,49.3074987],[-123.1351361,49.3074836],[-123.1351407,49.3074703],[-123.1351444,49.3074643],[-123.135166,49.3074356],[-123.1351922,49.3074051],[-123.135194,49.307399],[-123.1351903,49.3073888],[-123.1351857,49.307384],[-123.1351709,49.3073743],[-123.1351506,49.3073659],[-123.1351183,49.3073545],[-123.1351012,49.3073445],[-123.1350947,49.3073391],[-123.1350887,49.3073286],[-123.1350873,49.3073222],[-123.1350873,49.3073162],[-123.1350913,49.3072918],[-123.1350904,49.3072815],[-123.1350871,49.3072715],[-123.1350769,49.3072571],[-123.1350571,49.3072393],[-123.1350441,49.3072303],[-123.1350275,49.3072218],[-123.1350062,49.307214],[-123.1349624,49.3072035],[-123.1349444,49.3071978],[-123.1349301,49.3071909],[-123.1349245,49.3071867],[-123.1349204,49.3071821],[-123.1349143,49.3071734],[-123.134912,49.3071622],[-123.1349166,49.3071502],[-123.1349258,49.3071423],[-123.1349516,49.3071266],[-123.1349626,49.3071169],[-123.1349658,49.3071118],[-123.1349654,49.3071073],[-123.1349626,49.3071031],[-123.1349496,49.3070952],[-123.1348933,49.3070778],[-123.1348771,49.3070679],[-123.1348587,49.3070534],[-123.1348511,49.3070498],[-123.134834,49.3070399],[-123.1348021,49.3070197],[-123.1347901,49.3070107],[-123.1347808,49.3070017],[-123.1347734,49.3069914],[-123.1347498,49.3069483],[-123.1347331,49.306929],[-123.1347192,49.3069176],[-123.1346998,49.3069049],[-123.1346832,49.3068977],[-123.134662,49.3068911],[-123.1346384,49.3068854],[-123.1346251,49.3068833],[-123.1345987,49.3068812],[-123.1345217,49.306878],[-123.1345088,49.3068756],[-123.1344898,49.3068705],[-123.1344686,49.3068614],[-123.1344534,49.3068515],[-123.1344423,49.3068413],[-123.1344261,49.3068205],[-123.134414,49.306809],[-123.1343988,49.3067973],[-123.1343803,49.3067864],[-123.1343609,49.306778],[-123.1343401,49.3067723],[-123.134305,49.3067657],[-123.1342695,49.3067606],[-123.1342497,49.3067549],[-123.1342395,49.3067507],[-123.1342196,49.3067396],[-123.1341836,49.3067148],[-123.1341573,49.3066995],[-123.1341226,49.306683],[-123.1340852,49.3066682],[-123.1340603,49.3066598],[-123.1340446,49.3066556],[-123.1340298,49.3066526],[-123.1339731,49.3066475],[-123.133956,49.306643],[-123.133944,49.3066364],[-123.1339255,49.3066207],[-123.133912,49.3066036],[-123.1338982,49.3065915],[-123.1338783,49.3065816],[-123.1338561,49.3065725],[-123.1338501,49.3065686],[-123.1338409,49.3065608],[-123.1338335,49.3065518],[-123.1338279,49.3065415],[-123.1338205,49.306521],[-123.1338172,49.3065165],[-123.1338089,49.3065074],[-123.1337983,49.3064993],[-123.1337576,49.3064806],[-123.133747,49.3064725],[-123.1337382,49.3064626],[-123.1337248,49.30644],[-123.1337164,49.3064303],[-123.1337063,49.3064225],[-123.1336739,49.3064086],[-123.1336056,49.3063906],[-123.1335825,49.3063828],[-123.1335409,49.3063593],[-123.1334993,49.3063195],[-123.1334781,49.3063015],[-123.1334554,49.3062849],[-123.1334143,49.3062581],[-123.1333949,49.3062467],[-123.133351,49.3062229],[-123.133314,49.3062066],[-123.1332928,49.3061994],[-123.1332259,49.3061811],[-123.1332042,49.3061778],[-123.1331465,49.3061661],[-123.1331271,49.3061637],[-123.1330565,49.3061593],[-123.1330233,49.3061515],[-123.1330127,49.3061476],[-123.1329937,49.3061394],[-123.1329715,49.3061238],[-123.1329419,49.3060961],[-123.1329161,49.306078],[-123.1328939,49.3060677],[-123.1328703,49.306059],[-123.1328371,49.3060482],[-123.1328098,49.3060377],[-123.1327849,49.3060238],[-123.1327586,49.3060055],[-123.1327484,49.3059958],[-123.1327336,49.3059783],[-123.1326711,49.3058918],[-123.1326405,49.3058563],[-123.1326045,49.3058195],[-123.1325823,49.305799],[-123.1325531,49.3057752],[-123.1325087,49.3057409],[-123.1324561,49.3057059],[-123.1324177,49.3056761],[-123.1323904,49.3056535],[-123.1323678,49.3056327],[-123.1323562,49.3056252],[-123.1323326,49.305611],[-123.1322508,49.3055439],[-123.132144,49.305455],[-123.1321066,49.305421],[-123.1320456,49.3053746],[-123.1319906,49.3053369],[-123.1319679,49.3053185],[-123.1318879,49.3052495],[-123.1318454,49.305205],[-123.1318324,49.3051935],[-123.1317922,49.3051637],[-123.1317806,49.3051519],[-123.1317718,49.3051402],[-123.1317658,49.305123],[-123.1317663,49.3051179],[-123.131769,49.3051136],[-123.1317828,49.3051015],[-123.1317851,49.3050958],[-123.1317851,49.3050898],[-123.1317814,49.305085],[-123.1317615,49.3050654],[-123.1317573,49.305056],[-123.1317578,49.3050461],[-123.1317637,49.3050307],[-123.1317632,49.3050201],[-123.1317585,49.3049932],[-123.1317501,49.304984],[-123.1317328,49.3049708],[-123.1317253,49.3049598],[-123.1317211,49.3049484],[-123.1317196,49.304934],[-123.1317239,49.3049184],[-123.1317318,49.3049034],[-123.131744,49.304896],[-123.1317595,49.3048945],[-123.1318035,49.3048933],[-123.131818,49.3048881],[-123.1318194,49.3048835],[-123.1317885,49.3048614],[-123.1317688,49.3048498],[-123.1317314,49.3048204],[-123.1317243,49.3048115],[-123.1317276,49.3047934],[-123.1317351,49.3047738],[-123.1317384,49.3047594],[-123.1317379,49.3047499],[-123.1317248,49.3047278],[-123.1317136,49.3047168],[-123.1316957,49.3047064],[-123.1316747,49.3046975],[-123.1316555,49.3046862],[-123.1316512,49.3046822],[-123.1316494,49.3046724],[-123.1316555,49.3046549],[-123.1316569,49.3046454],[-123.1316512,49.3046295],[-123.1316442,49.3046194],[-123.131617,49.3045924],[-123.1315992,49.3045826],[-123.1315486,49.3045624],[-123.1315397,49.3045529],[-123.1315364,49.304536],[-123.1315364,49.3045238],[-123.1315397,49.3045057],[-123.1315397,49.3044953],[-123.131536,49.3044849],[-123.1315285,49.3044744],[-123.1315088,49.3044573],[-123.1314952,49.3044496],[-123.1314647,49.304437],[-123.1314455,49.3044276],[-123.1314352,49.3044184],[-123.1314315,49.3044128],[-123.1314188,49.304388],[-123.1314104,49.3043654],[-123.1314001,49.3043513],[-123.1313874,49.3043381],[-123.131341,49.3042979],[-123.1312759,49.3042351],[-123.1312094,49.3041775],[-123.1311817,49.3041558],[-123.1311527,49.3041343],[-123.1310894,49.3040838],[-123.1310613,49.3040598],[-123.1309999,49.304005],[-123.1309728,49.303986],[-123.1309592,49.3039734],[-123.1309367,49.3039489],[-123.1308561,49.3038778],[-123.130836,49.3038585],[-123.1307169,49.3037574],[-123.1306827,49.303724],[-123.1306556,49.3037001],[-123.1306279,49.3036777],[-123.130597,49.3036483],[-123.1305628,49.303621],[-123.1304368,49.3035251],[-123.1304129,49.3035083],[-123.1303876,49.3034917],[-123.1303337,49.3034577],[-123.1302981,49.3034307],[-123.1302826,49.3034206],[-123.1302451,49.303398],[-123.1302329,49.30339],[-123.1301785,49.3033708],[-123.1300909,49.3033315],[-123.1299984,49.3032974],[-123.1299613,49.3032869],[-123.129866,49.3032611],[-123.1298501,49.3032587],[-123.1298332,49.3032574],[-123.1298079,49.3032574],[-123.129799,49.3032583],[-123.1297667,49.3032629],[-123.1297479,49.3032629],[-123.1297292,49.3032605],[-123.1297128,49.3032571],[-123.1296781,49.3032467],[-123.1295947,49.3032154],[-123.1295713,49.3032087],[-123.1295254,49.303197],[-123.1294945,49.3031866],[-123.1294565,49.303171],[-123.1293905,49.3031382],[-123.129368,49.3031247],[-123.1292944,49.3030864],[-123.129255,49.3030686],[-123.1292049,49.3030499],[-123.1291759,49.3030407],[-123.1291426,49.3030318],[-123.1290587,49.3030107],[-123.1290311,49.3030006],[-123.1290255,49.3029975],[-123.1290044,49.3029837],[-123.1289852,49.3029681],[-123.1289613,49.3029451],[-123.1289088,49.3028869],[-123.1288877,49.3028694],[-123.1288652,49.3028565],[-123.1288488,49.3028495],[-123.1288057,49.3028341],[-123.1287692,49.302817],[-123.1287486,49.302809],[-123.1287148,49.3027986],[-123.1286773,49.3027912],[-123.1286328,49.3027848],[-123.1286061,49.3027839],[-123.1285701,49.3027872],[-123.1285171,49.3027943],[-123.1284721,49.3027943],[-123.1284492,49.3027933],[-123.1283794,49.3027863],[-123.1283039,49.3027749],[-123.1282632,49.3027667],[-123.1282238,49.3027568],[-123.1281343,49.3027277],[-123.1281015,49.3027185],[-123.1280495,49.3027066],[-123.1280233,49.3027023],[-123.1279324,49.3026833],[-123.1278691,49.302667],[-123.1278359,49.3026599],[-123.1278026,49.3026541],[-123.1277281,49.3026428],[-123.1276761,49.3026314],[-123.1276428,49.3026268],[-123.1276203,49.3026262],[-123.1276081,49.3026274],[-123.1275702,49.3026326],[-123.1275346,49.3026351],[-123.1275196,49.3026351],[-123.1274217,49.3026317],[-123.1273486,49.3026317],[-123.1272933,49.3026335],[-123.1272628,49.3026368],[-123.1272338,49.3026424],[-123.127215,49.3026479],[-123.1271743,49.3026635],[-123.1271546,49.3026727],[-123.1270581,49.3027235],[-123.1270215,49.3027388],[-123.1269091,49.3027799],[-123.1268182,49.3028154],[-123.1267924,49.3028285],[-123.1267544,49.3028497],[-123.1267371,49.3028573],[-123.1267188,49.3028638],[-123.1266987,49.3028696],[-123.1266734,49.3028751],[-123.1266481,49.3028781],[-123.1266228,49.3028794],[-123.1265736,49.302879],[-123.1265399,49.3028766],[-123.1265169,49.3028763],[-123.1265056,49.3028775],[-123.1264836,49.3028833],[-123.1264532,49.3028953],[-123.1264349,49.3029011],[-123.1264152,49.3029047],[-123.126404,49.3029054],[-123.1263805,49.3029054],[-123.1263566,49.3029026],[-123.1263253,49.3028949],[-123.1263028,49.3028876],[-123.1262822,49.302879],[-123.1262568,49.3028655],[-123.126232,49.3028474],[-123.1262133,49.3028309],[-123.1262025,49.3028171],[-123.126188,49.3027904],[-123.1261613,49.3027484],[-123.1261397,49.3027233],[-123.1261247,49.3027098],[-123.1261055,49.302696],[-123.1260976,49.3026921],[-123.126069,49.3026734],[-123.126046,49.302662],[-123.1260282,49.3026559],[-123.1260095,49.3026516],[-123.1259814,49.3026491],[-123.1259561,49.3026498],[-123.1259392,49.3026485],[-123.1259125,49.3026439],[-123.1259064,49.3026418],[-123.1259013,49.3026384],[-123.1258919,49.3026292],[-123.1258872,49.30262],[-123.1258877,49.3026044],[-123.1258914,49.3025934],[-123.1259059,49.3025728],[-123.125913,49.3025572],[-123.1259153,49.3025465],[-123.1259149,49.3025358],[-123.1259121,49.3025254],[-123.125905,49.3025159],[-123.1258956,49.3025067],[-123.1258657,49.3024815],[-123.1257673,49.3023841],[-123.1257429,49.3023651],[-123.1257162,49.3023488],[-123.12569,49.3023372],[-123.125673,49.3023328],[-123.1256239,49.3023069],[-123.1256094,49.3022974],[-123.12557,49.3022673],[-123.1255522,49.3022489],[-123.1255105,49.3022008],[-123.1254735,49.3021625],[-123.1254482,49.3021405],[-123.1253822,49.3020868],[-123.1253288,49.3020488],[-123.1251873,49.3019391],[-123.1251545,49.3019115],[-123.1250777,49.3018515],[-123.1250594,49.3018389],[-123.1249985,49.3018021],[-123.124968,49.3017822],[-123.1248743,49.3017258],[-123.1247956,49.3016817],[-123.1247572,49.3016566],[-123.1247076,49.3016222],[-123.1246907,49.3016087],[-123.1246673,49.3015855],[-123.1246495,49.301564],[-123.1245951,49.3014954],[-123.1245736,49.3014751],[-123.1245066,49.3014172],[-123.1244846,49.3013998],[-123.1244551,49.3013811],[-123.1244326,49.3013645],[-123.1243534,49.3013133],[-123.1243187,49.3012894],[-123.1242803,49.3012667],[-123.1242307,49.3012392],[-123.1241847,49.3012153],[-123.1241299,49.3011898],[-123.1240934,49.3011745],[-123.1240306,49.30115],[-123.1238891,49.3010905],[-123.1238427,49.3010687],[-123.1238114,49.3010562],[-123.1237369,49.3010301],[-123.1236328,49.300997],[-123.1233602,49.3009142],[-123.1232974,49.3008989],[-123.1232552,49.3008872],[-123.1232421,49.3008811],[-123.1232262,49.3008756],[-123.1232121,49.3008676],[-123.123185,49.3008474],[-123.1231522,49.3008272],[-123.1230913,49.300802],[-123.1230369,49.300775],[-123.1229629,49.3007425],[-123.1229432,49.3007321],[-123.1229282,49.3007223],[-123.1229161,49.3007119],[-123.1228992,49.3006935],[-123.1228898,49.30068],[-123.1228786,49.3006678],[-123.1228664,49.3006574],[-123.1228523,49.3006494],[-123.1228439,49.3006463],[-123.1228271,49.3006414],[-123.122798,49.3006371],[-123.1227558,49.3006328],[-123.122738,49.3006322],[-123.1227006,49.3006322],[-123.1226537,49.3006359],[-123.1226284,49.3006352],[-123.1226078,49.3006328],[-123.1225834,49.3006267],[-123.12253,49.3006089],[-123.1225131,49.3006052],[-123.1224878,49.3006009],[-123.1224091,49.3005825],[-123.1223763,49.3005721],[-123.122367,49.3005708],[-123.1223407,49.3005708],[-123.1223211,49.3005665],[-123.1222939,49.3005561],[-123.1222555,49.3005445],[-123.1222077,49.3005267],[-123.1221299,49.3004917],[-123.1221084,49.3004801],[-123.1220671,49.3004531],[-123.1220344,49.3004255],[-123.1220062,49.3004059],[-123.1219875,49.3003986],[-123.1219688,49.3003937],[-123.1219613,49.3003937],[-123.1219069,49.3003838],[-123.1218957,49.3003802],[-123.121876,49.3003722],[-123.1218339,49.3003434],[-123.1218104,49.3003293],[-123.1217833,49.3003189],[-123.1217523,49.3003097],[-123.1216905,49.3002949],[-123.1216399,49.3002802],[-123.1216155,49.3002753],[-123.1215837,49.3002741],[-123.1215396,49.3002673],[-123.1215162,49.3002618],[-123.1215012,49.3002569],[-123.121475,49.3002471],[-123.1214403,49.3002367],[-123.1214169,49.3002262],[-123.1213907,49.3002103],[-123.1213785,49.300195],[-123.1213719,49.3001772],[-123.1213626,49.3001686],[-123.1213494,49.3001601],[-123.1213232,49.3001502],[-123.1212792,49.3001398],[-123.1212501,49.3001306],[-123.1211611,49.3001006],[-123.1211011,49.3000834],[-123.1210665,49.3000693],[-123.1210468,49.3000638],[-123.1210084,49.300057],[-123.1209934,49.3000533],[-123.1209437,49.3000478],[-123.1209259,49.3000472],[-123.1209175,49.3000454],[-123.1208697,49.3000411],[-123.1208416,49.3000398],[-123.1208341,49.300041],[-123.12082,49.3000404],[-123.1208051,49.3000429],[-123.1207366,49.3000435],[-123.1207123,49.3000422],[-123.1206907,49.3000392],[-123.120657,49.3000367],[-123.1206298,49.3000385],[-123.1206036,49.3000385],[-123.120567,49.3000367],[-123.1205389,49.300033],[-123.1204902,49.3000305],[-123.1204555,49.3000311],[-123.1203825,49.3000275],[-123.1203468,49.3000238],[-123.1202972,49.3000219],[-123.1202756,49.3000225],[-123.1202278,49.3000158],[-123.1201594,49.2999992],[-123.1201379,49.2999925],[-123.1200732,49.2999759],[-123.1200348,49.2999679],[-123.1199814,49.2999587],[-123.1199664,49.299955],[-123.1199177,49.2999477],[-123.1198933,49.2999452],[-123.1198849,49.2999434],[-123.119868,49.2999421],[-123.1198362,49.2999372],[-123.119794,49.2999329],[-123.119764,49.299928],[-123.11972,49.2999237],[-123.1196928,49.2999231],[-123.1196656,49.2999237],[-123.1196076,49.2999261],[-123.1195701,49.2999261],[-123.1195401,49.2999249],[-123.1195148,49.2999218],[-123.1194595,49.2999102],[-123.1194211,49.2998997],[-123.1193864,49.299893],[-123.1193564,49.2998881],[-123.1192983,49.2998856],[-123.1192862,49.2998838],[-123.119258,49.2998752],[-123.1192075,49.2998543],[-123.1191719,49.2998372],[-123.1191569,49.2998323],[-123.1191306,49.2998286],[-123.1191128,49.299828],[-123.1190941,49.2998292],[-123.119065,49.2998335],[-123.1189929,49.29985],[-123.1189292,49.2998684],[-123.1188832,49.2998861],[-123.1188626,49.2998922],[-123.118812,49.2999033],[-123.1187764,49.2999094],[-123.1187296,49.2999216],[-123.1186893,49.2999332],[-123.1186302,49.2999547],[-123.1185815,49.2999755],[-123.1185131,49.3000092],[-123.1184981,49.3000153],[-123.1184522,49.3000416],[-123.1184231,49.3000606],[-123.1183734,49.3000955],[-123.1183631,49.3001047],[-123.1183528,49.3001114],[-123.1183331,49.3001292],[-123.1183097,49.3001556],[-123.1182881,49.3001843],[-123.118275,49.3002076],[-123.1182666,49.3002168],[-123.1182544,49.3002346],[-123.1182394,49.3002615],[-123.1182131,49.3003008],[-123.1181972,49.3003197],[-123.1181888,49.3003338],[-123.1181822,49.3003626],[-123.1181813,49.3003877],[-123.1181831,49.3003939],[-123.1181822,49.3004043],[-123.1181869,49.3004257],[-123.1181859,49.3004374],[-123.1181747,49.3004521],[-123.1181475,49.300476],[-123.1181259,49.3004925],[-123.1181166,49.3005023],[-123.1181044,49.3005115],[-123.1181007,49.3005164],[-123.1180622,49.3005513],[-123.1180444,49.3005728],[-123.1180294,49.3005875],[-123.1180088,49.3006058],[-123.1179891,49.3006211],[-123.1179507,49.3006634],[-123.1179244,49.300683],[-123.1178645,49.30071],[-123.1178157,49.3007271],[-123.1178101,49.3007308],[-123.1178026,49.3007332],[-123.1177848,49.3007424],[-123.1177567,49.300762],[-123.1177229,49.3007828],[-123.117678,49.3008024],[-123.1176555,49.3008098],[-123.117617,49.3008251],[-123.1176049,49.3008318],[-123.1175721,49.300852],[-123.1175468,49.3008698],[-123.1175261,49.3008784],[-123.1175083,49.3008839],[-123.1174371,49.3008936],[-123.1174137,49.3008955],[-123.1173687,49.3008955],[-123.1173312,49.3009004],[-123.117304,49.3009083],[-123.1172891,49.3009144],[-123.1172741,49.3009218],[-123.1172188,49.3009506],[-123.1171869,49.300964],[-123.117171,49.3009696],[-123.1171541,49.3009732],[-123.1171457,49.3009763],[-123.117111,49.3009842],[-123.1170763,49.3009897],[-123.1170426,49.3009922],[-123.1170023,49.3009891],[-123.1169732,49.3009848],[-123.1169367,49.3009781],[-123.1169292,49.3009781],[-123.1168992,49.3009732],[-123.1168749,49.3009658],[-123.1168646,49.3009615],[-123.1168243,49.3009388],[-123.116814,49.3009345],[-123.1167952,49.3009296],[-123.1167484,49.3009198],[-123.1167399,49.3009167],[-123.1167212,49.3009081],[-123.1166631,49.300875],[-123.1166388,49.3008591],[-123.1166266,49.300845],[-123.11662,49.3008346],[-123.1166135,49.3008193],[-123.1166079,49.3008107],[-123.1165685,49.300758],[-123.1165442,49.3007396],[-123.1165179,49.3007286],[-123.1164758,49.3007157],[-123.1164626,49.3007071],[-123.116457,49.3006961],[-123.1164542,49.300682],[-123.1164514,49.3006434],[-123.1164458,49.3006299],[-123.1164317,49.3006084],[-123.1164214,49.3005992],[-123.1164121,49.3005882],[-123.1164008,49.3005784],[-123.1163821,49.3005576],[-123.1163662,49.3005373],[-123.1163568,49.3005226],[-123.1163503,49.3005024],[-123.1163465,49.3004803],[-123.1163446,49.300462],[-123.1163456,49.3004491],[-123.1163428,49.3004166],[-123.11634,49.3004038],[-123.1163278,49.3003688],[-123.1163091,49.3003419],[-123.1162978,49.3003284],[-123.1162594,49.3002898],[-123.1162426,49.3002665],[-123.1162351,49.3002505],[-123.1162304,49.3002365],[-123.1162267,49.3002193],[-123.1162276,49.3002126],[-123.1162342,49.3001997],[-123.1162417,49.3001899],[-123.116251,49.3001813],[-123.1162679,49.3001617],[-123.1162867,49.3001335],[-123.1163288,49.3000753],[-123.1163335,49.3000637],[-123.1163373,49.3000588],[-123.1163382,49.3000533],[-123.1163457,49.3000373],[-123.1163495,49.3000177],[-123.1163523,49.2999938],[-123.1163598,49.2999644],[-123.1163682,49.299943],[-123.116386,49.2999228],[-123.1164114,49.2998768],[-123.1164203,49.2998572],[-123.1164296,49.29984],[-123.1164369,49.299824],[-123.1164609,49.299764],[-123.1164915,49.2996974],[-123.116515,49.2996306],[-123.1165176,49.2996194],[-123.1165237,49.2995881],[-123.1165291,49.2995476],[-123.1165356,49.2995196],[-123.116543,49.2994355],[-123.1165505,49.2993745],[-123.1165502,49.299362],[-123.1165511,49.2993515],[-123.1165568,49.2993075],[-123.1165598,49.299291],[-123.1165676,49.2992562],[-123.1165824,49.2991641],[-123.1165958,49.2990723],[-123.1165966,49.2990482],[-123.1165939,49.2989988],[-123.1165947,49.2989649],[-123.116596,49.2989521],[-123.1166036,49.2989067],[-123.116612,49.2988661],[-123.1166187,49.2988219],[-123.1166218,49.298808],[-123.1166304,49.2987795],[-123.1166366,49.2987514],[-123.1166458,49.298681],[-123.1166474,49.2986525],[-123.1166466,49.2986184],[-123.1166475,49.2986026],[-123.11665,49.2985852],[-123.1166546,49.2985686],[-123.1166689,49.2985338],[-123.1166858,49.2984965],[-123.1166946,49.2984799],[-123.1166998,49.2984674],[-123.1167044,49.298451],[-123.116712,49.2984318],[-123.1167158,49.2984187],[-123.1167195,49.2984014],[-123.1167235,49.2983908],[-123.116732,49.2983744],[-123.1167446,49.2983443],[-123.1167592,49.2983138],[-123.1167585,49.2982695],[-123.1167601,49.2982607],[-123.1167628,49.2982554],[-123.1167797,49.2982363],[-123.1168014,49.2982205],[-123.1168549,49.2981872],[-123.1169137,49.2981489],[-123.1169375,49.298132],[-123.1170331,49.2980657],[-123.117052,49.2980508],[-123.117108,49.298004],[-123.1171519,49.297964],[-123.1171918,49.2979255],[-123.1171977,49.2979212],[-123.117209,49.2979137],[-123.1172198,49.2979081],[-123.1172386,49.2979001],[-123.1172673,49.2978914],[-123.1172935,49.2978856],[-123.1173307,49.29788],[-123.1173449,49.2978791],[-123.1173721,49.2978795],[-123.1174344,49.2978836],[-123.1174527,49.2978834],[-123.1174773,49.2978815],[-123.1175441,49.2978745],[-123.1176022,49.2978693],[-123.1176745,49.2978645],[-123.1177207,49.2978621],[-123.1177693,49.2978603],[-123.117843,49.2978561],[-123.1179066,49.2978543],[-123.1179328,49.2978545],[-123.1179683,49.2978556],[-123.1179833,49.2978568],[-123.1180268,49.2978609],[-123.1180652,49.2978659],[-123.1180819,49.2978673],[-123.1181542,49.2978711],[-123.1181954,49.2978742],[-123.11821,49.2978745],[-123.1182597,49.2978741],[-123.1182674,49.2978735],[-123.1183223,49.2978757],[-123.1183964,49.297881],[-123.1184868,49.2978838],[-123.1185142,49.2978862],[-123.1185433,49.2978899],[-123.1185581,49.2978925],[-123.118605,49.2979013],[-123.1186447,49.2979096],[-123.1186952,49.2979215],[-123.1187289,49.2979277],[-123.1187609,49.2979295],[-123.1187888,49.2979298],[-123.1188055,49.2979294],[-123.1188714,49.2979264],[-123.1189179,49.2979263],[-123.1189424,49.2979275],[-123.118998,49.2979317],[-123.119033,49.2979325],[-123.1190699,49.2979322],[-123.1190846,49.2979313],[-123.1191041,49.2979287],[-123.1191777,49.297918],[-123.1192247,49.2979148],[-123.1192536,49.297915],[-123.1192847,49.2979174],[-123.1193007,49.2979174],[-123.1193158,49.2979159],[-123.1193333,49.297912],[-123.1193548,49.2979056],[-123.1193677,49.2979001],[-123.1193799,49.2978935],[-123.1194503,49.2978633],[-123.1194954,49.2978512],[-123.1195327,49.2978425],[-123.1195696,49.297835],[-123.119601,49.2978294],[-123.1196332,49.2978246],[-123.119669,49.2978204],[-123.1196936,49.2978186],[-123.1197294,49.2978174],[-123.1197763,49.297817],[-123.1198356,49.2978188],[-123.1198447,49.2978185],[-123.1198631,49.2978164],[-123.1198817,49.2978129],[-123.1199361,49.2978003],[-123.1199545,49.2977973],[-123.1199728,49.2977968],[-123.1199916,49.2977977],[-123.1200134,49.2978001],[-123.1200501,49.2978061],[-123.1200679,49.2978082],[-123.1200842,49.2978084],[-123.120102,49.2978075],[-123.120165,49.2978032],[-123.1202047,49.2978112],[-123.12022,49.2978153],[-123.1202614,49.2978276],[-123.1203015,49.2978417],[-123.1203316,49.2978534],[-123.1204273,49.2978937],[-123.1204528,49.2979056],[-123.120527,49.2979372],[-123.1205472,49.2979465],[-123.1205758,49.2979609],[-123.1205937,49.2979708],[-123.1206225,49.2979746],[-123.1206459,49.2979728],[-123.1206684,49.2979679],[-123.1206956,49.2979575],[-123.1207621,49.2979287],[-123.1208136,49.2979097],[-123.1208418,49.2979011],[-123.1209224,49.2978779],[-123.1209402,49.2978711],[-123.1209823,49.2978534],[-123.1209917,49.2978509],[-123.1210132,49.2978479],[-123.1210348,49.2978497],[-123.121047,49.2978565],[-123.1210451,49.2978626],[-123.1210292,49.2978779],[-123.1210254,49.297884],[-123.1210263,49.2978895],[-123.1210292,49.2978938],[-123.1210348,49.2978975],[-123.1210432,49.2978993],[-123.1210535,49.2979],[-123.1210732,49.2978994],[-123.1210873,49.2978975],[-123.121106,49.2978926],[-123.1211154,49.2978889],[-123.1211491,49.2978718],[-123.1212063,49.2978344],[-123.1212185,49.297824],[-123.1212334,49.2978142],[-123.1212541,49.2978044],[-123.1212765,49.2977983],[-123.1212869,49.2977977],[-123.1213122,49.2977995],[-123.1213346,49.2978044],[-123.1213449,49.2978051],[-123.1213552,49.2978045],[-123.1213656,49.2978026],[-123.1213852,49.2977934],[-123.1214227,49.2977689],[-123.1214424,49.2977585],[-123.1214611,49.2977536],[-123.1214752,49.2977518],[-123.1214921,49.2977506],[-123.1215136,49.2977512],[-123.1215324,49.2977549],[-123.1215445,49.2977555],[-123.121568,49.2977536],[-123.1215876,49.2977469],[-123.1216008,49.2977359],[-123.1216129,49.2977206],[-123.1216195,49.2977065],[-123.1216214,49.2976979],[-123.1216214,49.2976758],[-123.1216186,49.2976679],[-123.1216167,49.2976532],[-123.1216223,49.2976421],[-123.121627,49.2976379],[-123.1216448,49.2976311],[-123.1216561,49.2976299],[-123.1216654,49.2976275],[-123.1216851,49.2976195],[-123.1217039,49.2976072],[-123.1217076,49.2975974],[-123.1217067,49.2975919],[-123.1216945,49.2975668],[-123.121687,49.2975558],[-123.121673,49.2975404],[-123.1216598,49.2975221],[-123.1216533,49.2975055],[-123.1216514,49.2974945],[-123.1216523,49.2974828],[-123.1216538,49.2974733],[-123.121659,49.297462],[-123.121668,49.2974519],[-123.1216793,49.2974409],[-123.12171,49.2974173],[-123.1217227,49.2974054],[-123.1217331,49.2973937],[-123.1217398,49.2973821],[-123.1217436,49.2973717],[-123.1217513,49.2973373],[-123.1217579,49.2973275],[-123.1217692,49.2973189],[-123.121789,49.2973098],[-123.1218017,49.2973021],[-123.1218267,49.2972847],[-123.1218417,49.2972798],[-123.1218586,49.2972768],[-123.1218755,49.2972775],[-123.1219567,49.2972872],[-123.1220481,49.2973018],[-123.1220776,49.2973047],[-123.1221039,49.2973048],[-123.1221227,49.2973036],[-123.1221424,49.2973006],[-123.122164,49.2972963],[-123.1221866,49.2972939],[-123.1222223,49.2972916],[-123.1223049,49.2972819],[-123.1223364,49.2972805],[-123.122426,49.2972804],[-123.1224575,49.2972777],[-123.1224753,49.2972741],[-123.1224904,49.2972686],[-123.122504,49.2972597],[-123.1225158,49.297249],[-123.1225262,49.2972362],[-123.1225352,49.2972205],[-123.122541,49.2972034],[-123.1225429,49.2971874],[-123.1225416,49.297173],[-123.1225379,49.2971601],[-123.12253,49.2971487],[-123.1225193,49.2971404],[-123.1225066,49.2971339],[-123.1224888,49.2971296],[-123.1224696,49.2971268],[-123.1224485,49.2971252],[-123.1224025,49.2971244],[-123.1223838,49.2971195],[-123.1223763,49.2971158],[-123.1223543,49.2971025],[-123.122337,49.297096],[-123.1223065,49.2970871],[-123.1222953,49.297079],[-123.1222897,49.2970692],[-123.1222861,49.2970582],[-123.1222815,49.2970373],[-123.1222834,49.2970324],[-123.1222942,49.2970247],[-123.1223408,49.2970049],[-123.122361,49.2969985],[-123.1223709,49.296997],[-123.1224263,49.2969934],[-123.1225004,49.29699],[-123.1225164,49.2969875],[-123.1225287,49.2969827],[-123.12254,49.2969747],[-123.1225437,49.2969704],[-123.1225471,49.2969646],[-123.1225533,49.296949],[-123.1225566,49.2969364],[-123.1225586,49.2969229],[-123.1225583,49.2968943],[-123.1225612,49.2968753],[-123.1225636,49.2968707],[-123.122574,49.2968554],[-123.1225901,49.2968241],[-123.1225958,49.2968205],[-123.1226042,49.2968187],[-123.1226202,49.2968181],[-123.122639,49.2968206],[-123.1226882,49.2968321],[-123.1227079,49.2968346],[-123.1227261,49.2968349],[-123.122744,49.2968331],[-123.1227609,49.2968295],[-123.1227778,49.2968246],[-123.1228018,49.2968158],[-123.1228291,49.2968042],[-123.1228498,49.2967914],[-123.1228678,49.2967754],[-123.1228829,49.2967564],[-123.1228928,49.2967402],[-123.1229009,49.296719],[-123.1229063,49.2966948],[-123.1229068,49.2966847],[-123.122906,49.2966657],[-123.1229075,49.2966476],[-123.1229059,49.2965905],[-123.1229041,49.2965739],[-123.1228987,49.2965499],[-123.1228898,49.2965306],[-123.1228778,49.296514],[-123.1228642,49.2965014],[-123.1228516,49.296493],[-123.1228385,49.2964863],[-123.122823,49.2964828],[-123.1227986,49.2964797],[-123.1227391,49.2964682],[-123.1227049,49.2964629],[-123.1226317,49.2964554],[-123.1225211,49.2964397],[-123.1224836,49.2964323],[-123.1224081,49.2964127],[-123.1223749,49.2964025],[-123.1223323,49.2963874],[-123.1222967,49.2963732],[-123.1222826,49.296367],[-123.1221886,49.2963137],[-123.1221512,49.2962939],[-123.122118,49.2962708],[-123.1220876,49.2962527],[-123.1220287,49.2962144],[-123.1220072,49.2962046],[-123.1219814,49.2961956],[-123.121944,49.2961839],[-123.1219126,49.2961755],[-123.1218755,49.2961683],[-123.1218511,49.2961658],[-123.1217812,49.2961623],[-123.1217301,49.2961618],[-123.1216939,49.2961633],[-123.1215926,49.2961679],[-123.1214865,49.2961695],[-123.1213931,49.2961739],[-123.1213645,49.2961729],[-123.1213147,49.2961691],[-123.1212805,49.296165],[-123.1212388,49.296159],[-123.1212083,49.2961531],[-123.121146,49.2961392],[-123.1211263,49.2961336],[-123.121026,49.29611],[-123.1210049,49.2961041],[-123.1209553,49.2960874],[-123.1209174,49.2960735],[-123.1208921,49.2960624],[-123.1207905,49.2960158],[-123.1207713,49.2960044],[-123.1207485,49.2959869],[-123.1207387,49.2959767],[-123.120714,49.2959426],[-123.1206986,49.2959244],[-123.1206739,49.2958971],[-123.1206665,49.2958835],[-123.1206647,49.2958768],[-123.1206652,49.295863],[-123.1206757,49.2958311],[-123.1206838,49.2958154],[-123.1206975,49.2957961],[-123.1207088,49.2957833],[-123.1207258,49.2957692],[-123.1207833,49.2957245],[-123.1207994,49.2957141],[-123.1208196,49.2956973],[-123.1208291,49.2956857],[-123.1208324,49.2956792],[-123.1208377,49.2956667],[-123.1208382,49.2956541],[-123.1208368,49.2956483],[-123.120829,49.2956283],[-123.1208155,49.295604],[-123.1208137,49.295593],[-123.1208152,49.295581],[-123.1208294,49.2955497],[-123.1208357,49.295528],[-123.1208382,49.2954902],[-123.1208425,49.2954782],[-123.1208463,49.2954721],[-123.1208515,49.2954669],[-123.1208666,49.2954565],[-123.1208958,49.2954419],[-123.1209108,49.2954321],[-123.1209207,49.2954226],[-123.1209274,49.2954134],[-123.1209326,49.2954014],[-123.1209374,49.2953873],[-123.1209521,49.295357],[-123.1209627,49.2953196],[-123.1209721,49.295303],[-123.1209825,49.2952926],[-123.1209995,49.2952785],[-123.121017,49.2952593],[-123.1210265,49.2952433],[-123.1210507,49.2951977],[-123.1210583,49.2951762],[-123.1210708,49.2951333],[-123.121077,49.2951176],[-123.1210822,49.2950977],[-123.1210839,49.2950606],[-123.1210891,49.2950474],[-123.1211469,49.294953],[-123.1211569,49.29493],[-123.1211679,49.2948966],[-123.1211689,49.2948892],[-123.1211741,49.2948754],[-123.1211845,49.2948613],[-123.1211982,49.2948488],[-123.1212161,49.294839],[-123.1212556,49.2948219],[-123.1212716,49.2948121],[-123.121283,49.2948005],[-123.1212948,49.2947843],[-123.12131,49.2947591],[-123.1213166,49.2947432],[-123.1213205,49.2947291],[-123.121323,49.2946975],[-123.1213263,49.2946874],[-123.1213349,49.294672],[-123.1213429,49.2946613],[-123.1213868,49.2946132],[-123.1214681,49.2945287],[-123.1214893,49.2945095],[-123.1215553,49.2944525],[-123.1215643,49.2944474],[-123.1215831,49.2944394],[-123.1216094,49.2944315],[-123.121624,49.2944239],[-123.1216518,49.2944065],[-123.1216669,49.2943997],[-123.1216847,49.2943961],[-123.1217044,49.2943955],[-123.1217396,49.2943972],[-123.1217875,49.2943973],[-123.1218086,49.2943958],[-123.121825,49.2943925],[-123.1218396,49.2943854],[-123.1218514,49.2943778],[-123.1218679,49.2943646],[-123.1218773,49.2943549],[-123.1219,49.2943279],[-123.1219227,49.2943095],[-123.1219575,49.2942863],[-123.1219722,49.2942731],[-123.1219896,49.2942508],[-123.1220043,49.2942376],[-123.1220368,49.2942141],[-123.1220486,49.294204],[-123.1220595,49.2941927],[-123.1220812,49.2941657],[-123.1220935,49.2941528],[-123.1221123,49.2941351],[-123.1221444,49.2941063],[-123.1221826,49.2940791],[-123.1222146,49.2940595],[-123.1223332,49.2940058],[-123.1224344,49.2939561],[-123.1224791,49.2939307],[-123.1225356,49.2938952],[-123.1225592,49.2938781],[-123.1225926,49.2938601],[-123.1226082,49.29385],[-123.1226232,49.2938384],[-123.1226572,49.2938072],[-123.1226789,49.2937906],[-123.1226958,49.2937815],[-123.1227161,49.2937732],[-123.1227702,49.2937528],[-123.1228021,49.2937455],[-123.1228232,49.2937428],[-123.1228439,49.293741],[-123.1229162,49.2937314],[-123.1229491,49.2937253],[-123.1229689,49.293718],[-123.1230004,49.2937049],[-123.1230201,49.2936957],[-123.123078,49.2936661],[-123.1231035,49.2936496],[-123.1231765,49.2935961],[-123.1231958,49.2935799],[-123.123226,49.2935579],[-123.1232401,49.2935536],[-123.1232889,49.29355],[-123.1233208,49.2935507],[-123.123333,49.293552],[-123.1234067,49.2935537],[-123.1234306,49.293551],[-123.1234551,49.2935455],[-123.123487,49.2935364],[-123.1235698,49.2935102],[-123.1236088,49.2934953],[-123.1236248,49.2934929],[-123.1236436,49.2934935],[-123.1236637,49.2934976],[-123.1236853,49.2935044],[-123.1237419,49.2935257],[-123.1237611,49.293531],[-123.1238216,49.2935431],[-123.1238535,49.2935481],[-123.1238774,49.2935497],[-123.1239027,49.2935485],[-123.1239436,49.2935428],[-123.123999,49.2935325],[-123.124046,49.2935277],[-123.1240666,49.2935228],[-123.1241061,49.2935119],[-123.1241183,49.2935101],[-123.1241428,49.2935089],[-123.1241545,49.2935099],[-123.1241793,49.2935151],[-123.1241976,49.293521],[-123.1242182,49.2935303],[-123.124242,49.2935466],[-123.124264,49.2935648],[-123.1242901,49.2935882],[-123.1243079,49.2935974],[-123.1243313,49.2936048],[-123.1243711,49.2936138],[-123.1244086,49.2936194],[-123.124434,49.293622],[-123.1244884,49.2936246],[-123.1245583,49.2936299],[-123.1245878,49.2936309],[-123.1246136,49.293635],[-123.1246253,49.2936384],[-123.1246665,49.2936532],[-123.1246867,49.2936591],[-123.1247007,49.2936616],[-123.1247143,49.2936632],[-123.1247495,49.2936648],[-123.1247889,49.2936643],[-123.1248317,49.2936592],[-123.1248673,49.2936599],[-123.1248819,49.2936584],[-123.1248984,49.2936526],[-123.1249049,49.2936489],[-123.1249243,49.2936333],[-123.1249309,49.2936315],[-123.1249384,49.2936321],[-123.1249449,49.2936346],[-123.12495,49.2936386],[-123.1249617,49.2936543],[-123.1249635,49.2936598],[-123.1249648,49.2936761],[-123.1249628,49.2936976],[-123.1249556,49.2937402],[-123.1249512,49.2937565],[-123.1249384,49.2937844],[-123.1249176,49.2938119],[-123.1248949,49.2938469],[-123.1248783,49.2938674],[-123.1248486,49.2938977],[-123.124842,49.2939075],[-123.1248112,49.2939427],[-123.1247937,49.2939657],[-123.1247829,49.2939831],[-123.1247634,49.2940221],[-123.1247406,49.2940625],[-123.1247349,49.2940797],[-123.1247334,49.294088],[-123.1247314,49.2941095],[-123.1247331,49.294142],[-123.1247315,49.2941693],[-123.1247359,49.2942246],[-123.1247349,49.2942344],[-123.1247242,49.2942945],[-123.1247194,49.2943135],[-123.1247053,49.2944071],[-123.1246876,49.2944595],[-123.1246713,49.2945221],[-123.1246651,49.294531],[-123.1246528,49.2945549],[-123.1246349,49.294569],[-123.1246207,49.2945781],[-123.1245982,49.294591],[-123.1245821,49.294602],[-123.1245755,49.2946105],[-123.1245741,49.2946164],[-123.1245797,49.2946207],[-123.1245881,49.2946219],[-123.1246233,49.2946199],[-123.1246468,49.2946144],[-123.1246797,49.2946022],[-123.1246986,49.2945937],[-123.1247084,49.2945922],[-123.1247173,49.2945937],[-123.1247253,49.2945971],[-123.1247281,49.2946014],[-123.124729,49.2946069],[-123.1247261,49.2946266],[-123.124715,49.2946668],[-123.1247074,49.2946833],[-123.1247008,49.2946919],[-123.1246918,49.2947001],[-123.1246815,49.2947063],[-123.1246575,49.2947151],[-123.124618,49.294726],[-123.1245964,49.2947297],[-123.1245725,49.2947312],[-123.1245579,49.2947308],[-123.1245429,49.2947289],[-123.1245237,49.2947243],[-123.1245106,49.2947242],[-123.1245016,49.2947264],[-123.1244852,49.2947346],[-123.1244517,49.2947557],[-123.1244084,49.2947783],[-123.1243952,49.2947875],[-123.12439,49.2947927],[-123.1243843,49.2948025],[-123.1243848,49.2948077],[-123.1243918,49.2948105],[-123.1244082,49.2948127],[-123.124434,49.2948131],[-123.1244622,49.2948107],[-123.1245209,49.2948038],[-123.1245345,49.294801],[-123.1245801,49.2947886],[-123.124621,49.2947816],[-123.1246482,49.2947786],[-123.1246872,49.2947766],[-123.124705,49.2947784],[-123.1247275,49.2947822],[-123.124787,49.2947937],[-123.1248001,49.2947992],[-123.1248095,49.2948085],[-123.1248127,49.2948186],[-123.1248107,49.2948296],[-123.1248055,49.2948404],[-123.1247923,49.2948618],[-123.1247818,49.2948833],[-123.1247803,49.2948989],[-123.124782,49.2949266],[-123.1247894,49.2949407],[-123.1247988,49.2949536],[-123.1248193,49.2949678],[-123.1248356,49.2949865],[-123.1248528,49.2950139],[-123.1248589,49.2950277],[-123.1248588,49.2950388],[-123.124843,49.2950961],[-123.1248392,49.2951029],[-123.1248302,49.295116],[-123.1248188,49.2951271],[-123.1248047,49.2951375],[-123.1247896,49.2951466],[-123.1247435,49.2951723],[-123.1247378,49.2951772],[-123.1247232,49.2951922],[-123.124701,49.295217],[-123.124693,49.2952277],[-123.1246882,49.2952437],[-123.1246829,49.2952593],[-123.1246814,49.2952749],[-123.1246819,49.2953621],[-123.1246785,49.2953765],[-123.1246699,49.2953961],[-123.1246562,49.2954142],[-123.124634,49.2954372],[-123.1246066,49.2954703],[-123.1245943,49.295488],[-123.1245839,49.295507],[-123.1245786,49.295527],[-123.1245785,49.2955362],[-123.1245813,49.2955472],[-123.1245938,49.295574],[-123.1245965,49.2955869],[-123.1245955,49.295601],[-123.1245917,49.2956169],[-123.1245872,49.295662],[-123.1245838,49.2956734],[-123.1245762,49.2956881],[-123.1245724,49.2956924],[-123.1245541,49.2957104],[-123.1245441,49.295723],[-123.1245384,49.2957371],[-123.1245336,49.2957592],[-123.1245267,49.2958144],[-123.1245256,49.2958396],[-123.1245199,49.2958598],[-123.1245098,49.2958889],[-123.1245008,49.2959107],[-123.1244913,49.2959273],[-123.1244582,49.2959775],[-123.1244467,49.2960045],[-123.1244306,49.2960333],[-123.1244169,49.2960532],[-123.1243861,49.2961044],[-123.1243728,49.2961228],[-123.1243606,49.2961356],[-123.1243412,49.2961512],[-123.1243002,49.296179],[-123.1242927,49.2961864],[-123.1242827,49.2962008],[-123.1242766,49.2962146],[-123.1242642,49.2962489],[-123.1242533,49.2962664],[-123.1242443,49.2962759],[-123.124207,49.2963092],[-123.1241994,49.2963215],[-123.1241932,49.296339],[-123.1241913,49.29635],[-123.1241861,49.296362],[-123.1241742,49.2963801],[-123.1241686,49.2963856],[-123.1241563,49.2963954],[-123.1241417,49.2964042],[-123.1241182,49.2964171],[-123.124104,49.2964268],[-123.1240856,49.2964443],[-123.124071,49.296463],[-123.1240634,49.2964746],[-123.1240492,49.2965004],[-123.1240364,49.2965154],[-123.1240256,49.2965255],[-123.1240039,49.2965432],[-123.1239958,49.2965521],[-123.1239887,49.2965628],[-123.123982,49.29658],[-123.123981,49.2965923],[-123.1239824,49.2966055],[-123.123986,49.2966177],[-123.1239995,49.2966482],[-123.1240041,49.2966647],[-123.1240054,49.2966847],[-123.1240034,49.2966964],[-123.1239991,49.2967071],[-123.1239906,49.2967212],[-123.1239523,49.2967772],[-123.1239451,49.296791],[-123.1239408,49.2968055],[-123.1239394,49.2968199],[-123.123942,49.2968493],[-123.1239466,49.296869],[-123.1239553,49.2968939],[-123.1239668,49.296936],[-123.1239695,49.2969587],[-123.1239701,49.2970194],[-123.1239765,49.2970434],[-123.1239852,49.2970548],[-123.1239891,49.2970572],[-123.1240031,49.2970659],[-123.124019,49.2970733],[-123.1240355,49.2970773],[-123.1240514,49.2970786],[-123.1240688,49.2970771],[-123.1240923,49.297071],[-123.1241266,49.2970573],[-123.124143,49.2970539],[-123.1241698,49.29705],[-123.1241907,49.297049],[-123.1242106,49.2970523],[-123.12422,49.2970547],[-123.124228,49.2970581],[-123.1242443,49.2970708],[-123.1242564,49.2970861],[-123.1242666,49.2971046],[-123.1242708,49.2971153],[-123.1242735,49.2971307],[-123.1242721,49.2971426],[-123.1242635,49.2971531],[-123.1242508,49.2971601],[-123.1242393,49.2971626],[-123.1241964,49.2971538],[-123.1241613,49.2971436],[-123.1241439,49.2971402],[-123.1241252,49.2971389],[-123.1241092,49.2971395],[-123.1240923,49.2971419],[-123.1240787,49.2971465],[-123.1240608,49.297155],[-123.1240401,49.2971629],[-123.1239917,49.2971803],[-123.1239794,49.2971883],[-123.1239733,49.2971941],[-123.1239676,49.2972045],[-123.1239657,49.2972149],[-123.123966,49.2972257],[-123.1239774,49.2972954],[-123.1239866,49.2973273],[-123.1239897,49.297354],[-123.1239882,49.2973703],[-123.1239829,49.2973865],[-123.1239621,49.2974239],[-123.1239474,49.2974451],[-123.1239426,49.2974635],[-123.1239392,49.2974738],[-123.123938,49.2974837],[-123.1239382,49.2974995],[-123.1239418,49.2975109],[-123.1239487,49.2975233],[-123.1239595,49.297537],[-123.12397,49.2975464],[-123.1239817,49.297555],[-123.1239935,49.2975611],[-123.1240018,49.2975638],[-123.1240165,49.2975662],[-123.124032,49.2975664],[-123.1240404,49.2975649],[-123.1240472,49.2975618],[-123.1240517,49.2975576],[-123.1240541,49.2975472],[-123.1240577,49.2975424],[-123.1240637,49.2975397],[-123.1240848,49.2975344],[-123.1241007,49.2975313],[-123.1241364,49.2975262],[-123.1241791,49.2975206],[-123.1241959,49.2975171],[-123.1242129,49.2975113],[-123.1242349,49.297502],[-123.1242661,49.2974838],[-123.1243228,49.2974535],[-123.1243288,49.2974511],[-123.1243484,49.2974442],[-123.1243688,49.2974397],[-123.1243952,49.2974357],[-123.1244122,49.2974346],[-123.1244309,49.2974355],[-123.1245042,49.2974434],[-123.1245241,49.2974446],[-123.1245649,49.2974455],[-123.1246044,49.2974454],[-123.1246675,49.2974472],[-123.1247053,49.2974476],[-123.1247257,49.2974468],[-123.1247614,49.2974445],[-123.1247991,49.2974412],[-123.1248238,49.2974379],[-123.1248717,49.297433],[-123.1249312,49.2974249],[-123.1249511,49.297421],[-123.1249815,49.297414],[-123.1250319,49.2973999],[-123.12504,49.2973983],[-123.1250755,49.2973937],[-123.1252165,49.2973806],[-123.1252338,49.2973785],[-123.1252654,49.2973728],[-123.1253158,49.2973632],[-123.1253395,49.2973608],[-123.125356,49.2973607],[-123.12538,49.2973563],[-123.1254459,49.2973484],[-123.1254663,49.297347],[-123.1255008,49.2973458],[-123.1255437,49.297346],[-123.1255708,49.2973471],[-123.1255876,49.2973487],[-123.1255953,49.29735],[-123.1256104,49.2973536],[-123.1256235,49.2973578],[-123.1256367,49.2973636],[-123.1256575,49.2973745],[-123.1256721,49.2973806],[-123.1256791,49.2973823],[-123.125686,49.2973819],[-123.1256923,49.297379],[-123.1256959,49.2973745],[-123.1256978,49.2973701],[-123.1257,49.2973552],[-123.1256993,49.2973453],[-123.1257008,49.2973347],[-123.1257049,49.2973154],[-123.125707,49.2973109],[-123.1257106,49.2973066],[-123.1257262,49.2972959],[-123.1257392,49.2972908],[-123.1257603,49.2972849],[-123.1258298,49.2972677],[-123.1258581,49.2972599],[-123.1258936,49.2972487],[-123.1259541,49.2972287],[-123.1259982,49.2972134],[-123.1260478,49.2971976],[-123.1261277,49.2971705],[-123.1261452,49.2971632],[-123.1261702,49.2971516],[-123.1261867,49.2971433],[-123.1262594,49.2971047],[-123.1262813,49.2970917],[-123.1263077,49.2970738],[-123.1263269,49.2970594],[-123.1263574,49.2970345],[-123.1263763,49.2970181],[-123.126402,49.2969948],[-123.1264848,49.2969226],[-123.1265305,49.2968784],[-123.1265422,49.2968683],[-123.1265631,49.2968471],[-123.1265797,49.2968263],[-123.1265872,49.2968152],[-123.1266071,49.2967834],[-123.1266172,49.2967699],[-123.126634,49.2967499],[-123.1266693,49.2967121],[-123.1266864,49.2966907],[-123.1267128,49.2966543],[-123.1267224,49.2966399],[-123.1267414,49.2966069],[-123.1267525,49.296584],[-123.1267597,49.2965649],[-123.1267687,49.2965343],[-123.1267793,49.2965061],[-123.1267879,49.2964889],[-123.1268134,49.2964444],[-123.1268291,49.2964076],[-123.1268408,49.2963865],[-123.1268442,49.2963824],[-123.1268747,49.2963669],[-123.1268845,49.2963599],[-123.1268932,49.2963517],[-123.1269011,49.2963372],[-123.1269076,49.2963166],[-123.1269216,49.2962894],[-123.1269278,49.2962721],[-123.12693,49.2962626],[-123.1269319,49.2962469],[-123.1269327,49.2962251],[-123.1269352,49.2961997],[-123.1269422,49.2961491],[-123.126942,49.2961446],[-123.1269446,49.2961347],[-123.1269557,49.2961093],[-123.1269778,49.2960746],[-123.126985,49.2960658],[-123.1270025,49.2960531],[-123.1270272,49.2960389],[-123.1270457,49.296029],[-123.1270584,49.2960238],[-123.1270724,49.2960207],[-123.12711,49.2960168],[-123.1271181,49.2960153],[-123.1271328,49.2960139],[-123.1271543,49.2960089],[-123.1271692,49.2960043],[-123.1271901,49.295997],[-123.1272045,49.2959904],[-123.1272583,49.2959639],[-123.1272796,49.2959582],[-123.1273167,49.295954],[-123.127339,49.2959499],[-123.1273532,49.2959457],[-123.1273671,49.2959401],[-123.1273825,49.2959332],[-123.1273957,49.2959259],[-123.1274082,49.2959159],[-123.1274215,49.2958961],[-123.1274261,49.2958912],[-123.1274364,49.2958845],[-123.1274645,49.2958722],[-123.1275117,49.2958568],[-123.1275374,49.2958511],[-123.1275455,49.2958502],[-123.1275601,49.2958504],[-123.1275755,49.2958517],[-123.1276116,49.295856],[-123.1276183,49.2958547],[-123.1276207,49.2958504],[-123.1276235,49.2958302],[-123.1276413,49.2958183],[-123.1276542,49.2958136],[-123.1277281,49.2957969],[-123.1277448,49.2957941],[-123.127752,49.2957938],[-123.1277767,49.2957969],[-123.127792,49.2957975],[-123.127808,49.2957968],[-123.1278169,49.2957954],[-123.1278315,49.2957909],[-123.1278658,49.295777],[-123.1278742,49.2957744],[-123.1278826,49.2957724],[-123.127892,49.295771],[-123.1279277,49.2957672],[-123.1279499,49.2957664],[-123.1280002,49.2957663],[-123.1280256,49.2957654],[-123.1280347,49.2957645],[-123.1280529,49.295762],[-123.1280958,49.2957551],[-123.1281124,49.2957531],[-123.1281356,49.2957514],[-123.1281533,49.2957518],[-123.1281703,49.2957538],[-123.1281787,49.2957556],[-123.1281937,49.2957598],[-123.1282128,49.2957699],[-123.128231,49.2957819],[-123.1282567,49.2958013],[-123.1282944,49.2958262],[-123.1283149,49.2958384],[-123.1283395,49.2958546],[-123.1283636,49.2958686],[-123.128377,49.2958749],[-123.1283982,49.2958836],[-123.1284209,49.2958913],[-123.1284491,49.2958998],[-123.1284553,49.2959027],[-123.1285256,49.2959191],[-123.1285661,49.2959266],[-123.1285934,49.2959263],[-123.1286094,49.2959234],[-123.1286171,49.2959228],[-123.1286393,49.2959246],[-123.1286807,49.295932],[-123.1286905,49.2959325],[-123.1287042,49.2959349],[-123.1287207,49.2959398],[-123.1287336,49.2959445],[-123.1287842,49.2959647],[-123.1288215,49.2959811],[-123.1288499,49.2959973],[-123.1288701,49.2960107],[-123.1289255,49.2960487],[-123.1289498,49.2960638],[-123.1289928,49.2960883],[-123.1290054,49.2960948],[-123.1290334,49.2961066],[-123.1290465,49.2961146],[-123.1290739,49.2961333],[-123.1290908,49.2961473],[-123.129119,49.2961718],[-123.1291361,49.296184],[-123.1291721,49.2962081],[-123.12921,49.2962371],[-123.1292246,49.2962495],[-123.1292555,49.2962787],[-123.1292891,49.2963065],[-123.1293337,49.2963409],[-123.1293647,49.2963632],[-123.1294067,49.2963922],[-123.1295028,49.2964586],[-123.1295138,49.2964674],[-123.1295559,49.2965043],[-123.1295805,49.2965299],[-123.1296057,49.2965616],[-123.1296147,49.2965713],[-123.1296537,49.2966122],[-123.1296704,49.2966319],[-123.1296858,49.2966515],[-123.1297207,49.2967022],[-123.1297402,49.296732],[-123.1297941,49.29682],[-123.129818,49.2968562],[-123.1298306,49.2968774],[-123.1298777,49.296966],[-123.1298875,49.2969809],[-123.1299495,49.2970648],[-123.1299937,49.2971222],[-123.1300098,49.2971479],[-123.1300136,49.2971573],[-123.1300357,49.2971926],[-123.1300435,49.2972072],[-123.1300499,49.2972165],[-123.1300699,49.2972403],[-123.1301018,49.2972739],[-123.130123,49.2972935],[-123.1301416,49.2973089],[-123.1301535,49.2973174],[-123.1301814,49.2973345],[-123.130211,49.2973503],[-123.1302721,49.2973774],[-123.1302884,49.2973837],[-123.1303175,49.2973941],[-123.1303343,49.2973982],[-123.1303572,49.2974026],[-123.13039,49.2974072],[-123.1304034,49.2974101],[-123.1304223,49.2974153],[-123.1304383,49.2974211],[-123.1304529,49.2974282],[-123.1304588,49.2974321],[-123.1304703,49.2974416],[-123.1304736,49.2974456],[-123.1304907,49.2974689],[-123.1304995,49.2974766],[-123.1305148,49.2974866],[-123.130521,49.2974894],[-123.1305344,49.2974936],[-123.1305581,49.2974988],[-123.1305906,49.2975039],[-123.1306069,49.2975048],[-123.1306706,49.2975063],[-123.1306969,49.2975063],[-123.1307153,49.2975075],[-123.1307244,49.2975087],[-123.1307481,49.2975133],[-123.1307558,49.2975124],[-123.1307766,49.297507],[-123.1307992,49.2974995],[-123.1308052,49.2974969],[-123.1308383,49.297481],[-123.1308722,49.2974634],[-123.1308854,49.2974573],[-123.1308976,49.2974528],[-123.1309055,49.2974508],[-123.130929,49.2974464],[-123.130952,49.2974434],[-123.130976,49.2974422],[-123.1309908,49.29744],[-123.1310369,49.2974295],[-123.1310524,49.2974272],[-123.1310843,49.2974236],[-123.131091,49.2974218],[-123.1311074,49.2974099],[-123.1311156,49.2974021],[-123.1311438,49.2973704],[-123.1311573,49.2973579],[-123.1311685,49.2973496],[-123.131195,49.2973331],[-123.1312166,49.2973209],[-123.1312305,49.2973138],[-123.1312603,49.2972994],[-123.1313129,49.2972693],[-123.1313485,49.2972516],[-123.1313713,49.2972418],[-123.1313929,49.2972334],[-123.131418,49.2972257],[-123.1314351,49.2972222],[-123.1314513,49.297221],[-123.1314648,49.297216],[-123.1314821,49.2972029],[-123.131505,49.2971837],[-123.1315189,49.2971712],[-123.131536,49.2971548],[-123.1315452,49.2971451],[-123.131556,49.2971302],[-123.1315679,49.297111],[-123.1315862,49.2970904],[-123.1316071,49.2970687],[-123.1316163,49.2970603],[-123.1316269,49.297054],[-123.1316816,49.2970178],[-123.131692,49.2970098],[-123.1317057,49.2969976],[-123.1317143,49.2969883],[-123.1317216,49.296979],[-123.1317516,49.2969385],[-123.1317771,49.2969076],[-123.1317866,49.2968975],[-123.1317969,49.2968886],[-123.1318133,49.2968765],[-123.1318247,49.2968692],[-123.1318428,49.2968592],[-123.1318622,49.2968498],[-123.1319234,49.2968211],[-123.1319479,49.2968064],[-123.1319686,49.2967892],[-123.132045,49.2967311],[-123.1320582,49.2967226],[-123.1320846,49.2967079],[-123.1321123,49.2966941],[-123.1321274,49.2966881],[-123.1321617,49.2966774],[-123.132212,49.2966662],[-123.1322528,49.296661],[-123.1322622,49.2966611],[-123.1322946,49.2966621],[-123.1323152,49.2966646],[-123.1323757,49.2966755],[-123.1324155,49.2966851],[-123.1324549,49.2966925],[-123.1325472,49.2967139],[-123.1325993,49.2967236],[-123.1326382,49.2967332],[-123.1326818,49.2967422],[-123.1327258,49.2967491],[-123.1327713,49.2967538],[-123.1327934,49.2967547],[-123.1328445,49.2967552],[-123.132876,49.2967568],[-123.1329065,49.2967559],[-123.1329403,49.2967511],[-123.132983,49.2967417],[-123.1330563,49.296729],[-123.1331254,49.2967221],[-123.1331615,49.2967219],[-123.1331844,49.2967214],[-123.1332206,49.2967227],[-123.1333635,49.2967306],[-123.133422,49.2967362],[-123.1334466,49.2967377],[-123.1335038,49.2967404],[-123.1335583,49.2967421],[-123.1335836,49.2967439],[-123.1336227,49.2967486],[-123.1336613,49.2967542],[-123.1336921,49.2967578],[-123.1337113,49.2967582],[-123.1337354,49.2967555],[-123.1337863,49.2967463],[-123.1338223,49.2967379],[-123.1338543,49.2967291],[-123.1339205,49.296706],[-123.1339503,49.2966987],[-123.1339616,49.2966925],[-123.1339766,49.2966968],[-123.1340015,49.2966948],[-123.1340763,49.296692],[-123.134131,49.2966937],[-123.1341401,49.2966934],[-123.1341477,49.296694],[-123.1342163,49.2966927],[-123.1342264,49.2966917],[-123.1342422,49.2966895],[-123.1342527,49.2966888],[-123.13427,49.2966888],[-123.1342892,49.2966874],[-123.134315,49.2966848],[-123.1343649,49.2966815],[-123.1344047,49.2966797],[-123.134432,49.2966793],[-123.1344694,49.2966804],[-123.1344944,49.2966803],[-123.1345116,49.2966815],[-123.1345186,49.2966821],[-123.1345414,49.2966816],[-123.1345483,49.2966825],[-123.134602,49.2966842],[-123.134625,49.2966849],[-123.1346407,49.2966848],[-123.1346782,49.2966828],[-123.1347108,49.2966821],[-123.1347351,49.2966822],[-123.134737,49.2966823],[-123.1347744,49.2966837],[-123.1347902,49.296682],[-123.1348047,49.2966785],[-123.1348223,49.2966709],[-123.1348392,49.2966605],[-123.1348814,49.296635],[-123.1349182,49.2966124],[-123.1349505,49.2965922],[-123.1349712,49.2965787],[-123.1349987,49.2965598],[-123.1350353,49.2965334],[-123.1350715,49.2965089],[-123.1351145,49.2964736],[-123.1351389,49.296454],[-123.1351582,49.2964365],[-123.1351965,49.2964018],[-123.1352254,49.2963736],[-123.1352519,49.2963496],[-123.1352657,49.2963355],[-123.1353432,49.2962564],[-123.1353595,49.2962387],[-123.1353866,49.2962053],[-123.1354092,49.2961794],[-123.1354475,49.29613],[-123.1354722,49.2960934],[-123.1354834,49.2960753],[-123.1355072,49.2960419],[-123.1355206,49.2960185],[-123.1355412,49.29598],[-123.1355529,49.295952],[-123.1355717,49.2959175],[-123.1355831,49.2958989],[-123.1355878,49.2958887],[-123.1355971,49.2958589],[-123.1356144,49.2958167],[-123.1356237,49.2957878],[-123.1356319,49.2957688],[-123.1356366,49.295755],[-123.1356386,49.2957451],[-123.1356612,49.2956551],[-123.1356706,49.2956257],[-123.1356874,49.2955589],[-123.1356969,49.2955342],[-123.1357079,49.2954986],[-123.1357191,49.2954696],[-123.1357293,49.2954457],[-123.1357403,49.2954123],[-123.1357433,49.2954075],[-123.1357499,49.2953984],[-123.1357469,49.2953941],[-123.1357375,49.2953916],[-123.1357278,49.2953891],[-123.1357071,49.295382],[-123.1356668,49.2953659],[-123.135584,49.29532],[-123.1355456,49.295296],[-123.1355265,49.2952858],[-123.1354947,49.2952661],[-123.1354792,49.2952583],[-123.1354624,49.2952522],[-123.1354291,49.2952413],[-123.135401,49.2952358],[-123.1353531,49.2952301],[-123.1353348,49.2952298],[-123.1353067,49.2952321],[-123.1352733,49.2952373],[-123.13524,49.2952449],[-123.1351972,49.2952567],[-123.1351723,49.2952607],[-123.1351244,49.2952661],[-123.1350521,49.295277],[-123.1350192,49.2952849],[-123.1350065,49.2952894],[-123.1349806,49.2953007],[-123.1348631,49.2953281],[-123.1347409,49.2953664],[-123.1347043,49.2953756],[-123.1346859,49.2953789],[-123.134639,49.2953849],[-123.1346221,49.2953855],[-123.1345977,49.2953854],[-123.134547,49.2953822],[-123.1345278,49.29538],[-123.1345109,49.2953763],[-123.134488,49.2953686],[-123.1344247,49.2953442],[-123.1344074,49.2953359],[-123.1343256,49.2952912],[-123.1342947,49.2952733],[-123.1342816,49.2952671],[-123.1342619,49.2952591],[-123.134187,49.2952331],[-123.1341556,49.2952205],[-123.1341369,49.2952143],[-123.1340282,49.2951803],[-123.1340015,49.2951688],[-123.1339477,49.2951426],[-123.1339196,49.2951303],[-123.1338546,49.2950942],[-123.1337648,49.29504],[-123.1337391,49.2950218],[-123.1337218,49.295008],[-123.1336882,49.2949796],[-123.1336728,49.294964],[-123.1336579,49.2949467],[-123.1336364,49.2949203],[-123.1336267,49.294904],[-123.1336193,49.2948819],[-123.1336133,49.2948711],[-123.1336011,49.2948588],[-123.1335862,49.2948477],[-123.1335778,49.2948391],[-123.133568,49.2948247],[-123.1335564,49.2947967],[-123.1335505,49.2947743],[-123.1335432,49.294735],[-123.1335429,49.2946991],[-123.1335454,49.2946798],[-123.1335511,49.2946607],[-123.1335625,49.2946381],[-123.1335771,49.2946194],[-123.1335965,49.2945995],[-123.1336324,49.2945652],[-123.1336569,49.2945389],[-123.1336649,49.2945281],[-123.1336692,49.2945174],[-123.1336703,49.2944971],[-123.1336652,49.2944796],[-123.1336587,49.2944655],[-123.1336522,49.2944557],[-123.1336377,49.2944418],[-123.1336167,49.2944255],[-123.1335756,49.2944033],[-123.1335512,49.2943928],[-123.1334669,49.2943576],[-123.1334407,49.2943477],[-123.1333433,49.294307],[-123.1332432,49.2942601],[-123.1331739,49.2942262],[-123.1330565,49.2941734],[-123.1330438,49.2941663],[-123.1330335,49.2941589],[-123.1330242,49.2941497],[-123.1330191,49.2941383],[-123.1330032,49.2941272],[-123.1329911,49.2941217],[-123.1329241,49.294093],[-123.1328249,49.2940467],[-123.132766,49.294011],[-123.132751,49.2940005],[-123.1327127,49.2939715],[-123.1326833,49.2939435],[-123.1326245,49.2938912],[-123.1325703,49.2938383],[-123.1325349,49.2938008],[-123.1325069,49.2937731],[-123.1324696,49.2937288],[-123.1324519,49.2937128],[-123.1324392,49.2937045],[-123.1324205,49.2936934],[-123.1324051,49.2936857],[-123.13237,49.29367],[-123.1323087,49.2936437],[-123.1322712,49.2936234],[-123.1321838,49.2935651],[-123.13218,49.2935634],[-123.1321628,49.2935556],[-123.1321623,49.2935547],[-123.1321481,49.2935484],[-123.1321411,49.2935464],[-123.1321343,49.2935455],[-123.1321274,49.2935467],[-123.1321225,49.2935501],[-123.1320887,49.2935775],[-123.1320731,49.2935879],[-123.132061,49.2935934],[-123.1320538,49.2935952],[-123.1320467,49.2935953],[-123.1320355,49.2935897],[-123.1320046,49.2935695],[-123.131934,49.2935254],[-123.1318358,49.2934617],[-123.1318103,49.2934436],[-123.1317721,49.2934191],[-123.1317497,49.2934031],[-123.1317163,49.2933807],[-123.1316805,49.2933594],[-123.1315815,49.2932954],[-123.1315581,49.29328],[-123.1315092,49.2932453],[-123.1314611,49.2932129],[-123.1313985,49.2931767],[-123.1313836,49.2931873],[-123.1313144,49.2932326],[-123.1313084,49.2932355],[-123.131301,49.293236],[-123.1312901,49.2932308],[-123.1312849,49.2932312],[-123.1312375,49.293202],[-123.1312196,49.2931918],[-123.1311671,49.2931575],[-123.1311492,49.2931439],[-123.1310446,49.2930752],[-123.1309919,49.2930413],[-123.1309546,49.2930178],[-123.1309332,49.2930043],[-123.1308969,49.2929807],[-123.1308807,49.29297],[-123.1308077,49.2929257],[-123.130774,49.2929038],[-123.1307535,49.2928887],[-123.1307439,49.2928965],[-123.1307191,49.2929142],[-123.1307076,49.2929204],[-123.1307006,49.2929221],[-123.1306927,49.2929219],[-123.1306801,49.2929155],[-123.1306598,49.2929025],[-123.1306298,49.2928827],[-123.1306223,49.2928784],[-123.1306004,49.2928655],[-123.1305935,49.292866],[-123.1305879,49.2928692],[-123.1305781,49.2928775],[-123.1305682,49.2928845],[-123.1305447,49.2928982],[-123.1305173,49.2929157],[-123.1305009,49.2929276],[-123.1304716,49.2929466],[-123.1304394,49.2929707],[-123.1303844,49.2930039],[-123.1302837,49.2930702],[-123.1302433,49.2930961],[-123.130233,49.2931037],[-123.1301986,49.2931263],[-123.1301587,49.2931541],[-123.130146,49.2931627],[-123.1300967,49.2931925],[-123.1300638,49.2932139],[-123.1300123,49.2932513],[-123.1299664,49.2932833],[-123.1299328,49.2933045],[-123.1299236,49.2933117],[-123.1298967,49.2933298],[-123.1298732,49.2933438],[-123.1297958,49.2933947],[-123.1297756,49.2934103],[-123.1297179,49.2934518],[-123.1296895,49.2934737],[-123.1296672,49.2934885],[-123.1295905,49.2935317],[-123.1295677,49.2935459],[-123.1295377,49.2935675],[-123.1295141,49.2935863],[-123.129503,49.2935935],[-123.1294848,49.2936016],[-123.1294714,49.2936053],[-123.1294565,49.2936056],[-123.1294498,49.2936037],[-123.1294317,49.2935942],[-123.1294159,49.2935839],[-123.1293453,49.2935337],[-123.129315,49.2935139],[-123.1292511,49.2934734],[-123.1291831,49.2934348],[-123.1291535,49.293416],[-123.1291261,49.293397],[-123.1290863,49.293366],[-123.1290493,49.2933413],[-123.1290276,49.2933265],[-123.1290102,49.2933214],[-123.1289116,49.2932782],[-123.1288276,49.2932355],[-123.1287942,49.2932198],[-123.1287046,49.2931794],[-123.1286182,49.2931431],[-123.1285595,49.29312],[-123.1285267,49.2931083],[-123.1285022,49.2931009],[-123.1284356,49.2930762],[-123.1284107,49.2930667],[-123.12834,49.2930411],[-123.1282147,49.2930004],[-123.1281321,49.2929705],[-123.1280893,49.2929527],[-123.128064,49.2929432],[-123.1280317,49.2929295],[-123.1279775,49.2929082],[-123.1279577,49.2929002],[-123.127893,49.2928717],[-123.1278798,49.2928665],[-123.1278292,49.2928513],[-123.1277503,49.2928233],[-123.1277164,49.2928091],[-123.1276949,49.2927981],[-123.1276283,49.2927592],[-123.1276162,49.2927512],[-123.1276042,49.2927446],[-123.1275821,49.2927303],[-123.1275749,49.292729],[-123.1275607,49.2927332],[-123.127541,49.2927467],[-123.12751,49.2927737],[-123.127485,49.2927911],[-123.1274679,49.2928019],[-123.1274369,49.2928189],[-123.1274314,49.2928224],[-123.1274236,49.2928277],[-123.1274105,49.292832],[-123.1273884,49.2928304],[-123.1273668,49.2928255],[-123.127345,49.2928151],[-123.1273156,49.2927993],[-123.1272711,49.2927732],[-123.1272382,49.2927522],[-123.1272223,49.2927399],[-123.1272127,49.2927301],[-123.1272097,49.2927271],[-123.1271904,49.2927073],[-123.1271833,49.2926978],[-123.1271791,49.2926883],[-123.1271777,49.2926781],[-123.1271792,49.2926729],[-123.1271843,49.292664],[-123.127186,49.2926617],[-123.1272252,49.2926337],[-123.1272744,49.2926012],[-123.1272997,49.292586],[-123.1273515,49.2925505],[-123.1274004,49.2925193],[-123.1274282,49.2925019],[-123.1274546,49.2924844],[-123.1274735,49.2924718],[-123.1275779,49.2924022],[-123.1276122,49.2923787],[-123.1276773,49.2923351],[-123.1277333,49.2922974],[-123.1278257,49.2922381],[-123.1278298,49.2922355],[-123.1278895,49.2921936],[-123.1279311,49.2921649],[-123.1279741,49.292137],[-123.1280217,49.2921043],[-123.1280998,49.2920545],[-123.1281649,49.2920075],[-123.1282187,49.2919726],[-123.1282399,49.2919601],[-123.1282634,49.2919448],[-123.1282779,49.291933],[-123.128295,49.2919162],[-123.1283012,49.2919075],[-123.1283027,49.2918965],[-123.1283013,49.2918915],[-123.1282982,49.2918873],[-123.1282885,49.291879],[-123.1282632,49.2918642],[-123.1281248,49.2917743],[-123.1280948,49.2917573],[-123.1280523,49.2917315],[-123.1279848,49.2916879],[-123.1279388,49.2916598],[-123.1279309,49.2916505],[-123.1279142,49.291637],[-123.1278944,49.2916234],[-123.1278601,49.2916039],[-123.1278436,49.291594],[-123.1278047,49.291568],[-123.127778,49.2915514],[-123.1277186,49.2915122],[-123.1276185,49.2914415],[-123.127587,49.2914192],[-123.1275715,49.2914099],[-123.1275374,49.2913921],[-123.1274906,49.2913704],[-123.1274316,49.2913379],[-123.1274171,49.2913286],[-123.1273987,49.2913152],[-123.1273593,49.2912902],[-123.1273324,49.2912743],[-123.12732,49.2912681],[-123.1272949,49.2912581],[-123.1272693,49.2912454],[-123.1272264,49.2912202],[-123.1272161,49.2912122],[-123.1271997,49.2911951],[-123.1271855,49.2911782],[-123.1271764,49.2911687],[-123.1271524,49.2911478],[-123.1271345,49.2911339],[-123.1270381,49.2910647],[-123.1270274,49.2910573],[-123.1270052,49.2910437],[-123.1269594,49.2910204],[-123.1269096,49.2909884],[-123.126861,49.290959],[-123.1268414,49.2909465],[-123.1268084,49.2909232],[-123.1267081,49.2908581],[-123.1266805,49.2908407],[-123.1266511,49.2908232],[-123.126614,49.2908033],[-123.12658,49.2907873],[-123.1265596,49.2907793],[-123.1265402,49.2907706],[-123.1264782,49.2907375],[-123.126429,49.2907064],[-123.1264229,49.2907025],[-123.1264066,49.2906931],[-123.1263947,49.2906878],[-123.1263805,49.2906832],[-123.1263654,49.2906827],[-123.1263355,49.2906866],[-123.1263208,49.2906916],[-123.1262917,49.2906904],[-123.126266,49.2906891],[-123.1262405,49.2906881],[-123.1261827,49.2906824],[-123.1261478,49.2906791],[-123.1260825,49.2906697],[-123.1260448,49.2906616],[-123.1260169,49.2906558],[-123.1259489,49.2906379],[-123.1259121,49.2906256],[-123.1258793,49.2906147],[-123.1258113,49.2905886],[-123.125778,49.290574],[-123.1257655,49.2905678],[-123.1257541,49.2905609],[-123.125744,49.2905533],[-123.1257263,49.2905452],[-123.1257191,49.2905423],[-123.1257038,49.2905382],[-123.1256892,49.2905371],[-123.1256515,49.2905369],[-123.1255832,49.290532],[-123.1255406,49.2905304],[-123.125501,49.2905299],[-123.1254478,49.2905308],[-123.1254332,49.2905303],[-123.1253915,49.2905265],[-123.1253594,49.2905243],[-123.1253438,49.2905235],[-123.1253115,49.2905233],[-123.1252729,49.2905247],[-123.1252317,49.2905271],[-123.1250912,49.2905383],[-123.1250229,49.2905437],[-123.1249797,49.2905484],[-123.1249467,49.2905531],[-123.1248975,49.2905635],[-123.1248731,49.2905672],[-123.1248323,49.2905747],[-123.1248006,49.2905813],[-123.1246987,49.2906055],[-123.124657,49.290617],[-123.1246328,49.2906244],[-123.1245716,49.2906477],[-123.124541,49.2906583],[-123.1245035,49.2906696],[-123.1244726,49.29068],[-123.1244376,49.2906935],[-123.1244237,49.2906997],[-123.1243954,49.2907107],[-123.1243629,49.2907243],[-123.1243294,49.2907398],[-123.1242999,49.2907544],[-123.1242837,49.2907629],[-123.1242253,49.2908006],[-123.1241715,49.2908319],[-123.1241272,49.2908565],[-123.1241032,49.2908703],[-123.1240895,49.2908789],[-123.1240461,49.2909094],[-123.123975,49.2909563],[-123.1239234,49.2909925],[-123.123886,49.2910172],[-123.1238512,49.291039],[-123.1238097,49.2910629],[-123.123779,49.2910817],[-123.1237703,49.2910873],[-123.1237427,49.2911053],[-123.1237043,49.2911335],[-123.1236734,49.2911546],[-123.123606,49.2911952],[-123.123568,49.2912205],[-123.1235227,49.2912545],[-123.1234989,49.2912706],[-123.1234893,49.2912787],[-123.1234895,49.2912833],[-123.1235108,49.2913085],[-123.1235206,49.2913156],[-123.1235269,49.2913241],[-123.1235295,49.2913339],[-123.123526,49.2913681],[-123.1235229,49.2913824],[-123.1235212,49.2913869],[-123.1235145,49.2913966],[-123.1234833,49.2914307],[-123.1234537,49.2914462],[-123.1234415,49.2914511],[-123.1234264,49.2914553],[-123.123408,49.2914583],[-123.1233646,49.2914606],[-123.1233303,49.2914601],[-123.123319,49.2914583],[-123.1232946,49.2914514],[-123.1232649,49.2914417],[-123.1232407,49.2914324],[-123.123228,49.2914257],[-123.1231809,49.291396],[-123.1231481,49.2913745],[-123.1231033,49.2913448],[-123.1230607,49.2913158],[-123.1230386,49.2913007],[-123.1230224,49.2912898],[-123.1230059,49.2912787],[-123.122995,49.2912711],[-123.1229918,49.2912701],[-123.1229882,49.2912691],[-123.1229837,49.2912685],[-123.1229589,49.2912653],[-123.1229401,49.2912629],[-123.1229035,49.2912557],[-123.1228833,49.2912506],[-123.1228669,49.2912479],[-123.1228491,49.2912431],[-123.1228406,49.2912394],[-123.1228208,49.2912291],[-123.1228105,49.2912218],[-123.1228006,49.2912136],[-123.1227177,49.2911655],[-123.1226819,49.291143],[-123.1226353,49.2911166],[-123.1226132,49.291106],[-123.1225591,49.2910765],[-123.1224796,49.2910367],[-123.1224447,49.291016],[-123.1223939,49.2909887],[-123.1223746,49.2909762],[-123.1223505,49.290957],[-123.1223133,49.2909329],[-123.1222361,49.2908879],[-123.1221552,49.2908454],[-123.1221166,49.2908229],[-123.1220634,49.2907971],[-123.1220229,49.2907728],[-123.1219711,49.2907393],[-123.1219067,49.290708],[-123.1218832,49.2906989],[-123.1218216,49.2906719],[-123.1217967,49.2906601],[-123.1217656,49.2906474],[-123.1217098,49.2906295],[-123.1216797,49.290618],[-123.1216651,49.290611],[-123.1215992,49.2905794],[-123.1215602,49.2905622],[-123.1214854,49.2905236],[-123.1213327,49.2904651],[-123.121164,49.2903975],[-123.1210399,49.2903527],[-123.1209808,49.290334],[-123.1209211,49.29031],[-123.1209032,49.290304],[-123.1208765,49.2902971],[-123.1208384,49.2902853],[-123.1208196,49.2902786],[-123.1207576,49.2902544],[-123.1207135,49.2902405],[-123.1206764,49.2902311],[-123.1206421,49.2902199],[-123.1205534,49.2901949],[-123.1205322,49.2901873],[-123.120512,49.2901785],[-123.1204876,49.2901701],[-123.1204326,49.2901553],[-123.1203946,49.2901459],[-123.1203491,49.290136],[-123.1203172,49.2901319],[-123.1202581,49.290118],[-123.1202055,49.2901036],[-123.1201595,49.2900872],[-123.1201332,49.2900824],[-123.1200779,49.2900747],[-123.1199738,49.2900549],[-123.1198978,49.2900393],[-123.1198377,49.2900292],[-123.1198007,49.2900253],[-123.119721,49.2900134],[-123.1196553,49.2900014],[-123.1196225,49.2899979],[-123.1195531,49.2899878],[-123.1195128,49.2899843],[-123.1194009,49.2899808],[-123.1193029,49.2899723],[-123.1192771,49.2899684],[-123.1192452,49.2899655],[-123.119183,49.2899642],[-123.1191492,49.2899619],[-123.1191281,49.2899593],[-123.1190663,49.2899558],[-123.1190175,49.2899481],[-123.1189453,49.289941],[-123.1189153,49.2899399],[-123.1188526,49.2899396],[-123.1187865,49.2899371],[-123.1187397,49.2899385],[-123.1186845,49.2899375],[-123.118662,49.2899395],[-123.1185398,49.289944],[-123.1184504,49.2899447],[-123.1184134,49.2899476],[-123.1183624,49.2899536],[-123.1183039,49.2899584],[-123.1182759,49.2899629],[-123.1182024,49.2899708],[-123.1180728,49.2899815],[-123.1180124,49.2899845],[-123.1179895,49.2899843],[-123.117982,49.2899831],[-123.1179599,49.2899774],[-123.1179468,49.2899725],[-123.1179327,49.2899658],[-123.1178926,49.2899418],[-123.1178535,49.289911],[-123.1178327,49.2898927],[-123.1178053,49.2898628],[-123.1177939,49.2898445],[-123.1177857,49.2898197],[-123.117781,49.2898136],[-123.1177692,49.2898054],[-123.1177447,49.2897951],[-123.1177363,49.2897933],[-123.1177213,49.2897934],[-123.1176862,49.2897969],[-123.1176633,49.289801],[-123.1176273,49.28981],[-123.1175792,49.289824],[-123.1175666,49.2898262],[-123.1175292,49.2898306],[-123.1175171,49.2898337],[-123.1174783,49.2898465],[-123.1173446,49.2898758],[-123.1172703,49.2898942],[-123.1172343,49.2899014],[-123.117196,49.2899052],[-123.1171721,49.2899062],[-123.1171632,49.2899048],[-123.117128,49.289893],[-123.1171139,49.2898869],[-123.117104,49.2898799],[-123.1170917,49.2898671],[-123.1170584,49.2898115],[-123.1170119,49.2897437],[-123.1169859,49.289711],[-123.1169759,49.289696],[-123.1169455,49.2896472],[-123.1169255,49.2896111],[-123.1169112,49.2895824],[-123.1168945,49.2895546],[-123.1168846,49.2895414],[-123.1168756,49.2895326],[-123.1168685,49.2895292],[-123.1168386,49.2895269],[-123.1168208,49.2895276],[-123.1168044,49.2895298],[-123.1167824,49.2895351],[-123.1167665,49.2895364],[-123.1167375,49.2895372],[-123.1167131,49.2895354],[-123.1166982,49.2895361],[-123.1166444,49.2895421],[-123.1165971,49.289542],[-123.1165704,49.2895449],[-123.1165227,49.2895543],[-123.116462,49.2895686],[-123.1164035,49.2895802],[-123.1163835,49.2895861],[-123.1163601,49.2895942],[-123.116313,49.2896075],[-123.1162803,49.2896193],[-123.1162415,49.2896351],[-123.1162192,49.2896456],[-123.1162001,49.289657],[-123.1161768,49.2896675],[-123.116097,49.2896988],[-123.116069,49.2897124],[-123.1160392,49.2897297],[-123.1160191,49.2897393],[-123.1159893,49.2897498],[-123.1159668,49.2897517],[-123.1159518,49.28975],[-123.1159358,49.2897464],[-123.1159217,49.2897409],[-123.1158747,49.2897197],[-123.1158568,49.2897087],[-123.1158394,49.2896968],[-123.1158219,49.2896831],[-123.1158026,49.2896633],[-123.1157761,49.2896413],[-123.1157421,49.2896078],[-123.1157322,49.2896002],[-123.115719,49.2895929],[-123.1156593,49.2895628],[-123.1155868,49.289519],[-123.1155764,49.2895099],[-123.1155674,49.2895004],[-123.1155438,49.2894803],[-123.1155335,49.2894736],[-123.1155099,49.2894608],[-123.1154972,49.2894551],[-123.1154677,49.2894457],[-123.1154357,49.2894323],[-123.1153906,49.2894184],[-123.1153629,49.2894085],[-123.1153554,49.2894073],[-123.1153376,49.2894067],[-123.1152997,49.289409],[-123.1152759,49.2894149],[-123.1152464,49.2894172],[-123.1152216,49.289417],[-123.1152043,49.2894198],[-123.1151898,49.2894233],[-123.1151248,49.2894318],[-123.1150761,49.2894406],[-123.1150416,49.2894499],[-123.1150168,49.2894552],[-123.1149775,49.2894615],[-123.1149556,49.2894681],[-123.1149285,49.289478],[-123.1148893,49.2894934],[-123.1148725,49.2894984],[-123.1148262,49.28951],[-123.1147758,49.2895261],[-123.1147049,49.2895509],[-123.1146582,49.2895658],[-123.1145993,49.2895826],[-123.114511,49.2896022],[-123.1144782,49.2896079],[-123.1144376,49.289612],[-123.1143936,49.2896153],[-123.1143519,49.2896133],[-123.1143449,49.2896143],[-123.1143111,49.2896113],[-123.1142942,49.2896071],[-123.1142566,49.2895944],[-123.1142134,49.2895756],[-123.1141213,49.2895441],[-123.1140636,49.2895312],[-123.1140322,49.2895255],[-123.1140247,49.2895225],[-123.1140204,49.2895185],[-123.114019,49.2895133],[-123.1140198,49.2895005],[-123.1140261,49.289479],[-123.1140317,49.2894679],[-123.1140442,49.2894535],[-123.1140535,49.2894455],[-123.1140763,49.2894298],[-123.1140944,49.2894141],[-123.1141172,49.2893977],[-123.1141261,49.2893931],[-123.1141433,49.2893854],[-123.1141919,49.289368],[-123.1142572,49.2893383],[-123.1142889,49.2893272],[-123.114359,49.2893079],[-123.1143809,49.2893002],[-123.1143945,49.2892967],[-123.1144374,49.2892825],[-123.1144514,49.2892757],[-123.1144686,49.2892636],[-123.1144803,49.2892578],[-123.1145297,49.2892361],[-123.1145433,49.2892321],[-123.1145582,49.289229],[-123.1145741,49.2892301],[-123.1145981,49.289234],[-123.1146084,49.2892346],[-123.1146182,49.289233],[-123.1146406,49.2892262],[-123.1146616,49.2892172],[-123.1146788,49.289207],[-123.1147026,49.2891913],[-123.1147091,49.2891858],[-123.1147188,49.2891756],[-123.1147276,49.2891618],[-123.1147332,49.2891581],[-123.1147467,49.2891522],[-123.1147715,49.2891451],[-123.1147854,49.2891383],[-123.1148004,49.2891333],[-123.1148336,49.2891261],[-123.114842,49.289123],[-123.1148615,49.2891144],[-123.1148793,49.2891045],[-123.1148919,49.2890992],[-123.1149017,49.2890971],[-123.1149414,49.2890917],[-123.1149573,49.2890873],[-123.1149947,49.2890755],[-123.1150371,49.289061],[-123.1150899,49.2890463],[-123.1151319,49.289029],[-123.1151585,49.28902],[-123.1152089,49.2890002],[-123.1152379,49.2889909],[-123.1153448,49.2889613],[-123.1153887,49.2889446],[-123.1154032,49.2889375],[-123.1154512,49.2889119],[-123.1154745,49.2889026],[-123.115502,49.2888942],[-123.1155193,49.2888871],[-123.1155342,49.2888791],[-123.1155724,49.288852],[-123.1155934,49.2888424],[-123.1156162,49.2888346],[-123.1157078,49.2888097],[-123.115726,49.2888063],[-123.1157625,49.288797],[-123.1157919,49.2887867],[-123.115811,49.2887784],[-123.1158464,49.2887586],[-123.1158776,49.288738],[-123.1159018,49.2887207],[-123.1159372,49.2886985],[-123.1159512,49.2886911],[-123.1160113,49.2886666],[-123.116064,49.2886428],[-123.1161083,49.2886185],[-123.1161717,49.2885869],[-123.1161927,49.288581],[-123.1162325,49.2885751],[-123.1162488,49.288571],[-123.1162656,49.2885648],[-123.1162843,49.2885549],[-123.116295,49.2885472],[-123.116309,49.2885328],[-123.1163154,49.2885251],[-123.1163151,49.2885199],[-123.1163147,49.2885105],[-123.1163091,49.2885046],[-123.1163005,49.2884998],[-123.1162933,49.2884967],[-123.1162769,49.2884921],[-123.1162333,49.2884779],[-123.1162132,49.2884721],[-123.1161759,49.2884593],[-123.1161615,49.2884607],[-123.1161493,49.2884607],[-123.1161432,49.2884621],[-123.1161394,49.288471],[-123.116123,49.2884854],[-123.1160734,49.2884792],[-123.1160141,49.2884646],[-123.1159501,49.2884458],[-123.1158249,49.2884136],[-123.1156937,49.2883802],[-123.1156731,49.2883748],[-123.1156005,49.2883593],[-123.1154822,49.2883319],[-123.1154673,49.2883271],[-123.1154025,49.2883097],[-123.115269,49.2882678],[-123.1152343,49.2882583],[-123.1151732,49.2882445],[-123.1151202,49.2882316],[-123.115092,49.2882236],[-123.1150422,49.288208],[-123.1149079,49.2881701],[-123.1148431,49.2881519],[-123.1147117,49.2881171],[-123.1146837,49.2881096],[-123.1145953,49.2880826],[-123.1145678,49.288075],[-123.1145448,49.2880698],[-123.1145043,49.2880702],[-123.1144866,49.2880696],[-123.114415,49.2880806],[-123.1143831,49.2880872],[-123.1143655,49.288093],[-123.1143456,49.2880987],[-123.1142939,49.2881155],[-123.1142184,49.2881451],[-123.1141011,49.2881859],[-123.1139958,49.2882212],[-123.1139695,49.2882309],[-123.1138405,49.2882774],[-123.1137978,49.2882925],[-123.1137359,49.2883145],[-123.1136788,49.2883347],[-123.1136016,49.2883627],[-123.1135557,49.2883793],[-123.1134571,49.2884129],[-123.113431,49.2884226],[-123.1133871,49.2884379],[-123.113334,49.2884564],[-123.1132995,49.2884686],[-123.1132567,49.2884841],[-123.1131939,49.2885059],[-123.1131653,49.288516],[-123.1130535,49.2885574],[-123.1130008,49.2885762],[-123.112944,49.2885984],[-123.1129,49.288613],[-123.1128658,49.2886254],[-123.1128161,49.2886432],[-123.1127841,49.2886545],[-123.1127448,49.2886673],[-123.1126912,49.2886854],[-123.1126074,49.2887151],[-123.1125813,49.2887242],[-123.1124347,49.2887778],[-123.1123705,49.2888016],[-123.11222,49.2888546],[-123.1121621,49.2888769],[-123.1119524,49.2889497],[-123.1118615,49.2889808],[-123.1118317,49.2889917],[-123.1117968,49.2890055],[-123.1117702,49.2890138],[-123.1117014,49.2890393],[-123.1115824,49.2890817],[-123.1115448,49.2890945],[-123.1114327,49.2891324],[-123.111406,49.2891415],[-123.1113549,49.2891597],[-123.1112699,49.289188],[-123.1112413,49.2891971],[-123.1112046,49.2892103],[-123.1111763,49.2892195],[-123.1111594,49.2892253],[-123.1110894,49.28925],[-123.11107,49.2892561],[-123.1110464,49.2892641],[-123.1110244,49.2892725],[-123.1109807,49.2892885],[-123.1108346,49.2893408],[-123.1107347,49.2893766],[-123.1106235,49.2894143],[-123.1105695,49.2894339],[-123.110523,49.2894475],[-123.1105057,49.2894516],[-123.1104735,49.2894576],[-123.11041,49.2894654],[-123.1102851,49.28948],[-123.1102336,49.2894864],[-123.1100495,49.2895042],[-123.1099831,49.2895106],[-123.1099243,49.2895169],[-123.1098703,49.2895223],[-123.1098084,49.2895278],[-123.1097218,49.2895362],[-123.1096517,49.2895424],[-123.1095862,49.2895502],[-123.1095394,49.2895555],[-123.1094888,49.2895619],[-123.1094473,49.2895661],[-123.109408,49.289568],[-123.1093599,49.2895715],[-123.1093295,49.2895736],[-123.1093025,49.2895765],[-123.1092805,49.289579],[-123.1092591,49.2895823],[-123.1092055,49.2895856],[-123.1091222,49.2895935],[-123.1090146,49.2896019],[-123.1089396,49.2896104],[-123.1088823,49.2896154],[-123.1088416,49.2896203],[-123.1087034,49.2896341],[-123.1086571,49.2896378],[-123.1085865,49.2896452],[-123.1084478,49.2896608],[-123.1083082,49.2896716],[-123.1082357,49.2896791],[-123.1081713,49.2896869],[-123.1081354,49.2896898],[-123.1079978,49.2897011],[-123.1079498,49.2897069],[-123.1078904,49.289712],[-123.1077531,49.2897234],[-123.1077328,49.2897259],[-123.1076259,49.2897405],[-123.1075896,49.2897443],[-123.1075571,49.2897461],[-123.1075394,49.2897477],[-123.1075195,49.2897487],[-123.1074779,49.2897536],[-123.107429,49.2897588],[-123.1073938,49.2897622],[-123.1072899,49.2897711],[-123.1072365,49.2897759],[-123.1071997,49.2897787],[-123.1070625,49.2897908],[-123.1070211,49.2897946],[-123.1069751,49.2897979],[-123.1069319,49.2898029],[-123.1068546,49.289813],[-123.106816,49.2898168],[-123.1067755,49.2898207],[-123.1067576,49.2898227],[-123.1067442,49.289828],[-123.1067371,49.2898276],[-123.1067297,49.2898255],[-123.1067174,49.2898203],[-123.1067123,49.289817],[-123.1067061,49.2898115],[-123.1066965,49.289799],[-123.1066941,49.2897933],[-123.1066943,49.2897874],[-123.1066981,49.2897773],[-123.106704,49.2897701],[-123.1067147,49.2897614],[-123.1067285,49.289755],[-123.1067667,49.2897408],[-123.1068081,49.289728],[-123.1068482,49.2897135],[-123.1069066,49.2896898],[-123.1069434,49.2896788],[-123.1070028,49.2896582],[-123.1070952,49.2896217],[-123.1071704,49.289596],[-123.1072238,49.2895763],[-123.1072732,49.2895611],[-123.1073062,49.2895501],[-123.1073347,49.2895397],[-123.107367,49.2895268],[-123.1074227,49.2895071],[-123.107453,49.2894976],[-123.1074824,49.2894896],[-123.1075028,49.2894824],[-123.1075223,49.289474],[-123.1075642,49.2894577],[-123.1076012,49.2894447],[-123.1076565,49.2894274],[-123.1077147,49.2894063],[-123.107787,49.2893835],[-123.1078132,49.289374],[-123.1078473,49.2893602],[-123.1078936,49.2893398],[-123.1079851,49.2893051],[-123.1080016,49.2892996],[-123.108048,49.2892858],[-123.1080904,49.2892722],[-123.1081246,49.2892598],[-123.1082065,49.2892285],[-123.1083161,49.2891909],[-123.1084448,49.2891443],[-123.1084705,49.2891357],[-123.1085388,49.2891101],[-123.1086737,49.2890654],[-123.1087042,49.2890546],[-123.1087849,49.2890283],[-123.1088396,49.2890114],[-123.1088664,49.2890009],[-123.1089165,49.2889767],[-123.1089521,49.2889619],[-123.1089718,49.2889549],[-123.1090239,49.2889385],[-123.1090895,49.2889201],[-123.1091102,49.288913],[-123.1092012,49.2888787],[-123.1092322,49.2888678],[-123.109276,49.2888509],[-123.1093347,49.2888313],[-123.1093746,49.288817],[-123.109403,49.2888054],[-123.1094477,49.2887863],[-123.1094968,49.2887674],[-123.1095468,49.28875],[-123.1096028,49.2887328],[-123.1096588,49.2887169],[-123.1097003,49.2887032],[-123.1097214,49.2886953],[-123.1098423,49.2886515],[-123.1098886,49.2886335],[-123.1099397,49.2886129],[-123.1100589,49.2885677],[-123.1101009,49.288555],[-123.110126,49.2885499],[-123.1101386,49.2885442],[-123.1101624,49.2885296],[-123.1101885,49.2885159],[-123.1102036,49.2885104],[-123.1102372,49.288497],[-123.1103129,49.2884699],[-123.1103372,49.2884631],[-123.1103775,49.2884531],[-123.1104562,49.2884277],[-123.1105296,49.2883933],[-123.1105827,49.2883738],[-123.1106297,49.2883588],[-123.1106885,49.2883409],[-123.1107432,49.2883261],[-123.1108084,49.2883064],[-123.1108311,49.2882989],[-123.1109166,49.2882678],[-123.110956,49.2882518],[-123.1110254,49.2882266],[-123.1111183,49.2881884],[-123.1111625,49.2881709],[-123.1112153,49.2881525],[-123.1112718,49.288134],[-123.111294,49.2881286],[-123.1113362,49.2881107],[-123.1113795,49.2880951],[-123.1114145,49.2880804],[-123.1114585,49.2880598],[-123.1114821,49.2880502],[-123.1115057,49.2880417],[-123.111577,49.2880123],[-123.1116102,49.2880007],[-123.1116678,49.2879829],[-123.1117644,49.2879562],[-123.1118086,49.2879424],[-123.1118755,49.2879192],[-123.1119072,49.2879057],[-123.1119279,49.2878962],[-123.1119605,49.2878836],[-123.1119945,49.2878723],[-123.1121272,49.287831],[-123.1121923,49.287813],[-123.1122138,49.2878059],[-123.1122456,49.2877942],[-123.1123231,49.2877635],[-123.112356,49.2877526],[-123.1124199,49.2877299],[-123.1124306,49.2877253],[-123.1124954,49.2876969],[-123.1125114,49.287691],[-123.1125431,49.2876802],[-123.1125579,49.2876742],[-123.1125857,49.2876614],[-123.1126142,49.2876477],[-123.112652,49.2876278],[-123.1126684,49.2876171],[-123.1126876,49.2875997],[-123.1126946,49.2875915],[-123.1127043,49.2875785],[-123.1127307,49.2875388],[-123.1127463,49.2875135],[-123.1127483,49.2875085],[-123.1127486,49.2875038],[-123.1127458,49.287499],[-123.1127136,49.2874888],[-123.1126759,49.2874738],[-123.1126086,49.2874458],[-123.1125657,49.2874317],[-123.1125076,49.2874106],[-123.1123836,49.2873615],[-123.1123017,49.2873327],[-123.1122808,49.2873245],[-123.1122429,49.2873088],[-123.1121982,49.2872917],[-123.112141,49.2872664],[-123.1120836,49.2872439],[-123.1120714,49.2872377],[-123.112051,49.2872292],[-123.1119684,49.287197],[-123.1119489,49.2871885],[-123.111873,49.2871582],[-123.1118573,49.2871527],[-123.1118096,49.2871336],[-123.1117608,49.2871159],[-123.1117104,49.2870982],[-123.1115822,49.2870382],[-123.111597,49.2870247],[-123.1116377,49.2869953],[-123.1116021,49.2869692],[-123.1115317,49.2869408],[-123.1115257,49.2869406],[-123.1115074,49.28694],[-123.1114923,49.2869414],[-123.1114425,49.2869485],[-123.1114254,49.2869488],[-123.1114092,49.2869476],[-123.1113928,49.2869447],[-123.1113337,49.2869312],[-123.1113171,49.2869266],[-123.1113009,49.2869212],[-123.1112793,49.2869125],[-123.1112634,49.2869045],[-123.1112504,49.2868972],[-123.1112231,49.2868794],[-123.1112081,49.2868713],[-123.1111916,49.2868654],[-123.1111824,49.286863],[-123.1111682,49.2868601],[-123.1111504,49.2868572],[-123.1111312,49.2868547],[-123.1111115,49.286853],[-123.1110974,49.2868528],[-123.1110875,49.2868536],[-123.111078,49.286855],[-123.1110618,49.2868595],[-123.1110212,49.2868745],[-123.1110157,49.2868772],[-123.1109867,49.2868943],[-123.1109784,49.2868979],[-123.1109576,49.2869037],[-123.1108846,49.2869178],[-123.1108624,49.2869238],[-123.1108369,49.2869341],[-123.1107952,49.2869532],[-123.1107788,49.2869597],[-123.1107626,49.2869648],[-123.1107137,49.2869792],[-123.1106785,49.2869913],[-123.1105549,49.2870334],[-123.1104328,49.2870775],[-123.1104016,49.2870867],[-123.1103863,49.2870921],[-123.110374,49.2870986],[-123.1103691,49.2871027],[-123.1103666,49.2871074],[-123.110365,49.287117],[-123.1103694,49.2871268],[-123.1103779,49.2871397],[-123.1104029,49.2871712],[-123.1104332,49.2872065],[-123.110486,49.2872659],[-123.1104943,49.2872771],[-123.1105068,49.2872959],[-123.1105144,49.28731],[-123.1105188,49.2873198],[-123.1105202,49.287325],[-123.1105216,49.2873377],[-123.1105213,49.2873569],[-123.1105185,49.2873751],[-123.110515,49.2873855],[-123.1105095,49.2873949],[-123.1105055,49.2873993],[-123.1105,49.2874042],[-123.1104937,49.2874079],[-123.1104796,49.2874126],[-123.1104717,49.2874141],[-123.1104571,49.2874161],[-123.1104481,49.2874163],[-123.110425,49.2874132],[-123.1104169,49.287411],[-123.1104106,49.2874081],[-123.1103882,49.287394],[-123.1103565,49.2873717],[-123.1103421,49.2873593],[-123.1103134,49.2873317],[-123.1102942,49.287311],[-123.11022,49.2872305],[-123.110192,49.2872034],[-123.1101811,49.2871945],[-123.1101665,49.2871834],[-123.1101559,49.287174],[-123.1101455,49.2871599],[-123.1101399,49.2871502],[-123.1101355,49.287138],[-123.1100194,49.2871697],[-123.1099748,49.2871189],[-123.1099641,49.2871171],[-123.1098878,49.2870319],[-123.109651,49.2867555],[-123.1094988,49.2865718],[-123.1095109,49.2865652],[-123.1093807,49.2863993],[-123.1095051,49.2863553],[-123.109498,49.2863522],[-123.1094942,49.2863504],[-123.1094689,49.2863487],[-123.109455,49.2863444],[-123.1094485,49.2863426],[-123.1094132,49.2863341],[-123.1093478,49.2863234],[-123.1093306,49.2863182],[-123.1093158,49.2863121],[-123.1092843,49.2863017],[-123.109243,49.286291],[-123.1092286,49.2862883],[-123.1092203,49.2862877],[-123.1091218,49.2862827],[-123.1090935,49.2862823],[-123.1090657,49.2862841],[-123.1090229,49.2862901],[-123.1090007,49.286295],[-123.1089848,49.2862992],[-123.108924,49.286317],[-123.1088701,49.2863291],[-123.1088111,49.2863469],[-123.1087442,49.2863681],[-123.1086907,49.2863866],[-123.1086517,49.2864029],[-123.1086345,49.286408],[-123.1085644,49.2864228],[-123.1085202,49.286431],[-123.1084729,49.2864443],[-123.1084357,49.2864527],[-123.1084097,49.2864612],[-123.1083939,49.2864691],[-123.1083618,49.2864887],[-123.1083186,49.2865096],[-123.1082888,49.2865211],[-123.1082307,49.2865371],[-123.1082029,49.2865426],[-123.1081662,49.2865471],[-123.1081434,49.2865522],[-123.1081234,49.2865586],[-123.1081044,49.2865625],[-123.1080654,49.2865649],[-123.1079985,49.2865715],[-123.1079437,49.2865738],[-123.1079168,49.286578],[-123.1078415,49.2865967],[-123.1078039,49.2866037],[-123.1077798,49.2866115],[-123.1076971,49.2866321],[-123.1076547,49.2866554],[-123.1076171,49.2866842],[-123.1076054,49.2866899],[-123.1075845,49.2866981],[-123.107571,49.286702],[-123.1075418,49.286709],[-123.1075162,49.2867141],[-123.1075,49.2867156],[-123.107428,49.2867079],[-123.107371,49.2867003],[-123.1073417,49.2866945],[-123.1072652,49.2866777],[-123.1072155,49.28667],[-123.1071858,49.2866639],[-123.1071622,49.2866623],[-123.1071283,49.2866644],[-123.1070879,49.2866695],[-123.1070721,49.2866701],[-123.1070275,49.286667],[-123.1070113,49.2866673],[-123.1069709,49.2866718],[-123.106943,49.2866772],[-123.1069268,49.2866793],[-123.1068654,49.2866878],[-123.1068408,49.286688],[-123.1067657,49.2866812],[-123.106729,49.2866797],[-123.1066979,49.2866757],[-123.1066677,49.2866687],[-123.1065842,49.2866546],[-123.1065513,49.28665],[-123.106478,49.2866371],[-123.1064116,49.2866185],[-123.1063319,49.2865941],[-123.1062887,49.2865841],[-123.1062702,49.286578],[-123.1062414,49.286567],[-123.1062011,49.2865551],[-123.1061459,49.2865408],[-123.1061245,49.2865341],[-123.1060809,49.2865188],[-123.1060447,49.2865103],[-123.1060202,49.2865021],[-123.1059524,49.2864831],[-123.1059348,49.2864764],[-123.1059107,49.2864655],[-123.1058666,49.2864499],[-123.1058481,49.286445],[-123.1058249,49.2864408],[-123.1057395,49.2864212],[-123.1056917,49.2864081],[-123.1056393,49.2863913],[-123.1056157,49.2863868],[-123.1055581,49.2863861],[-123.1055029,49.2863905],[-123.1054871,49.2863899],[-123.1054769,49.2863881],[-123.1054565,49.286382],[-123.1054421,49.2863762],[-123.1053823,49.2863497],[-123.105353,49.2863482],[-123.1053414,49.2863448],[-123.1053076,49.2863329],[-123.105296,49.2863302],[-123.1052835,49.2863286],[-123.1052718,49.2863289],[-123.1052528,49.2863359],[-123.1052444,49.2863371],[-123.1052361,49.2863358],[-123.1052069,49.2863197],[-123.1051985,49.2863173],[-123.1051823,49.2863163],[-123.1051479,49.2863218],[-123.1051252,49.2863172],[-123.1050946,49.2863068],[-123.1050886,49.2863035],[-123.1050821,49.286298],[-123.1050779,49.2862922],[-123.1050733,49.2862807],[-123.1050654,49.2862719],[-123.1050603,49.2862685],[-123.1050455,49.2862636],[-123.1050195,49.2862587],[-123.1049889,49.2862508],[-123.1049787,49.2862502],[-123.1049546,49.2862502],[-123.1049378,49.2862514],[-123.1049142,49.286251],[-123.1048905,49.2862446],[-123.104878,49.2862388],[-123.1048627,49.2862349],[-123.104846,49.2862324],[-123.1048214,49.2862309],[-123.1048139,49.2862315],[-123.1047972,49.2862339],[-123.1047833,49.2862393],[-123.1047572,49.2862545],[-123.1047484,49.2862572],[-123.1047396,49.2862575],[-123.1047238,49.2862556],[-123.104715,49.2862523],[-123.1047099,49.2862483],[-123.1046881,49.2862261],[-123.1046705,49.286214],[-123.1046636,49.2862106],[-123.1046478,49.2862069],[-123.1046181,49.2862069],[-123.1045573,49.2862029],[-123.1045081,49.286204],[-123.1044496,49.2861973],[-123.1044259,49.2861975],[-123.1044176,49.2861987],[-123.1044097,49.2862009],[-123.1044022,49.2862039],[-123.1043869,49.2862145],[-123.1043795,49.2862181],[-123.1043511,49.2862281],[-123.1043265,49.2862332],[-123.1043195,49.2862323],[-123.1042996,49.2862211],[-123.1042922,49.2862192],[-123.1042453,49.2862243],[-123.1042365,49.286224],[-123.1042105,49.2862203],[-123.1041956,49.2862197],[-123.1041803,49.2862236],[-123.1041654,49.2862309],[-123.1041394,49.2862466],[-123.1041217,49.2862557],[-123.1041054,49.2862615],[-123.1040831,49.2862639],[-123.1040697,49.2862605],[-123.1040498,49.2862523],[-123.1040349,49.286248],[-123.1040191,49.286248],[-123.1040052,49.286251],[-123.1039806,49.2862604],[-123.1039717,49.2862619],[-123.1039615,49.2862613],[-123.1039541,49.2862594],[-123.1039235,49.286246],[-123.1039147,49.2862439],[-123.1039049,49.286243],[-123.1038975,49.2862436],[-123.1038803,49.2862469],[-123.103872,49.2862499],[-123.103851,49.2862611],[-123.1038357,49.2862736],[-123.1038212,49.2862884],[-123.1038012,49.2863057],[-123.1037812,49.2863187],[-123.1037445,49.2863402],[-123.1037226,49.2863508],[-123.1036608,49.2863735],[-123.1036358,49.2863808],[-123.1036111,49.2863853],[-123.1035893,49.2863868],[-123.1035285,49.2863888],[-123.1034918,49.2863885],[-123.1034556,49.286386],[-123.1034371,49.2863823],[-123.1033851,49.2863677],[-123.1033522,49.286357],[-123.1033234,49.286346],[-123.1033104,49.2863399],[-123.103259,49.286311],[-123.1032192,49.2862849],[-123.1032062,49.2862751],[-123.1031863,49.2862584],[-123.1031497,49.2862222],[-123.103134,49.2862016],[-123.1031183,49.2861754],[-123.1031132,49.2861636],[-123.1030888,49.2860983],[-123.1030856,49.2860798],[-123.1030872,49.2860169],[-123.10309,49.2860005],[-123.1030999,49.2859608],[-123.1031037,49.2859292],[-123.1031033,49.2859034],[-123.1030964,49.2858831],[-123.1030835,49.2858587],[-123.1030719,49.2858402],[-123.1030557,49.285818],[-123.1030493,49.2858047],[-123.1030438,49.2857858],[-123.1030378,49.2857752],[-123.102986,49.2857023],[-123.1029809,49.2856928],[-123.1029703,49.2856798],[-123.1029554,49.2856652],[-123.1029471,49.2856603],[-123.1028808,49.2856265],[-123.1028414,49.2856086],[-123.1027088,49.2855592],[-123.1025998,49.2855229],[-123.1025752,49.2855165],[-123.1025168,49.2855055],[-123.1024945,49.2854988],[-123.1024379,49.2854781],[-123.1024212,49.2854744],[-123.1023836,49.2854716],[-123.1023428,49.285471],[-123.1022978,49.2854718],[-123.1022221,49.2854744],[-123.1021859,49.2854738],[-123.1021585,49.2854722],[-123.1019663,49.2854756],[-123.1018938,49.2854822],[-123.1018697,49.2854834],[-123.1018028,49.2854839],[-123.1017546,49.2854869],[-123.1016937,49.2854931],[-123.1016612,49.2854943],[-123.1015939,49.2854951],[-123.1015131,49.2855023],[-123.1014565,49.2855101],[-123.1013784,49.2855234],[-123.1013431,49.2855264],[-123.1012443,49.2855314],[-123.1011375,49.2855398],[-123.1010794,49.2855418],[-123.1010386,49.2855448],[-123.1009996,49.2855496],[-123.1009698,49.285552],[-123.1009369,49.2855534],[-123.1009025,49.2855534],[-123.100845,49.2855521],[-123.1007182,49.2855541],[-123.1006365,49.2855576],[-123.1005636,49.285562],[-123.1005576,49.2855611],[-123.1005413,49.2855614],[-123.1004406,49.2855658],[-123.1003649,49.2855648],[-123.1002916,49.2855659],[-123.1001709,49.2855645],[-123.1001179,49.2855651],[-123.1000604,49.2855686],[-123.0999968,49.2855707],[-123.0999559,49.2855706],[-123.0999211,49.2855727],[-123.0998644,49.2855769],[-123.0998268,49.2855814],[-123.0998115,49.2855853],[-123.0997771,49.2855968],[-123.0997645,49.2856031],[-123.0997511,49.2856125],[-123.0997324,49.2856295],[-123.0997017,49.2856629],[-123.0996924,49.2856768],[-123.0996793,49.2857029],[-123.0996765,49.2857132],[-123.0996736,49.2857284],[-123.0996723,49.2857692],[-123.0996716,49.2857909],[-123.0996683,49.2858107],[-123.0996598,49.2858495],[-123.0996401,49.2859163],[-123.099635,49.2859281],[-123.0996261,49.285943],[-123.0996145,49.2859596],[-123.0995916,49.285986],[-123.099587,49.2859903],[-123.0995786,49.2860018],[-123.0995712,49.2860495],[-123.0995693,49.2860755],[-123.0995692,49.2860776],[-123.0995754,49.2860777],[-123.099745,49.2860815],[-123.0997126,49.2865468],[-123.0996474,49.2871965],[-123.0996262,49.2872042],[-123.0993039,49.2871967],[-123.0992996,49.2871809],[-123.0993098,49.2870561],[-123.099293,49.2870561],[-123.0992754,49.2870652],[-123.0992703,49.2870692],[-123.0992619,49.2870778],[-123.0992518,49.2870943],[-123.0992393,49.2871086],[-123.0992221,49.2871205],[-123.0992147,49.2871236],[-123.0992002,49.2871258],[-123.0991806,49.2871246],[-123.0991634,49.2871213],[-123.0991475,49.2871152],[-123.0991367,49.2871064],[-123.0991288,49.2870976],[-123.0991048,49.2870675],[-123.0990791,49.2870459],[-123.0990436,49.287035],[-123.0989829,49.2870071],[-123.0989539,49.2869975],[-123.0989119,49.2869848],[-123.0988358,49.2869639],[-123.0987723,49.2869428],[-123.0987331,49.2869264],[-123.0987097,49.2869136],[-123.0986887,49.2868988],[-123.0986713,49.2868845],[-123.0986526,49.2868662],[-123.0986399,49.2868507],[-123.0986244,49.2868285],[-123.098607,49.2867953],[-123.0985951,49.2867609],[-123.098587,49.2867229],[-123.0985799,49.2867073],[-123.0985729,49.2866973],[-123.0985321,49.2866544],[-123.0985049,49.2866228],[-123.0984837,49.2865957],[-123.0984607,49.2865638],[-123.0984367,49.286527],[-123.0984264,49.2865081],[-123.0984132,49.2864886],[-123.0984047,49.2864722],[-123.0983962,49.2864509],[-123.0983881,49.2864225],[-123.0983843,49.2863963],[-123.09838,49.2863845],[-123.0983645,49.2863562],[-123.0983498,49.2863163],[-123.0983422,49.2862877],[-123.0983364,49.2862548],[-123.0983307,49.2862377],[-123.0983151,49.2862057],[-123.0983048,49.2861893],[-123.0982935,49.2861747],[-123.0982879,49.2861692],[-123.0982706,49.2861562],[-123.0982668,49.2861513],[-123.0982612,49.2861403],[-123.0982522,49.2861199],[-123.0982526,49.2861105],[-123.0982586,49.2860998],[-123.0982772,49.2860876],[-123.0982804,49.2860781],[-123.0982799,49.2860723],[-123.0982718,49.286044],[-123.0982523,49.2859852],[-123.0982353,49.2859451],[-123.098231,49.2859253],[-123.0982295,49.2859042],[-123.0982278,49.285857],[-123.0982178,49.2858208],[-123.098207,49.2858022],[-123.0981995,49.2857937],[-123.0981794,49.2857757],[-123.0981625,49.2857581],[-123.0981414,49.2857292],[-123.0981211,49.2856948],[-123.0981131,49.2856842],[-123.0980907,49.2856641],[-123.0980715,49.2856492],[-123.0980205,49.2856113],[-123.0979989,49.285593],[-123.0979746,49.2855705],[-123.0979343,49.2855371],[-123.0979011,49.2855131],[-123.0978492,49.2854806],[-123.0977976,49.2854326],[-123.097783,49.285421],[-123.0977808,49.2854192],[-123.0977738,49.2854159],[-123.0977588,49.2854123],[-123.0977341,49.2854102],[-123.0976866,49.2854109],[-123.0976796,49.2854125],[-123.09767,49.285417],[-123.0976703,49.2854198],[-123.0977187,49.2857589],[-123.0977853,49.2862982],[-123.096719,49.2863732],[-123.0967196,49.2863976],[-123.0965858,49.2864029],[-123.0965719,49.2863929],[-123.0965602,49.2863877],[-123.0965467,49.2863844],[-123.0965397,49.2863841],[-123.0965178,49.2863839],[-123.0964689,49.2863886],[-123.0964598,49.2863904],[-123.0964438,49.2863935],[-123.0964377,49.2863957],[-123.0964312,49.2863993],[-123.0964257,49.2864085],[-123.0964285,49.2864188],[-123.0964318,49.286424],[-123.0964464,49.2864432],[-123.0964773,49.2864797],[-123.0964979,49.2864979],[-123.0965041,49.2865067],[-123.0965649,49.2865602],[-123.09663,49.2866103],[-123.0966782,49.2866434],[-123.0967208,49.2866747],[-123.0967535,49.2867009],[-123.0967947,49.2867312],[-123.0968687,49.2867914],[-123.0968902,49.286806],[-123.0969412,49.2868452],[-123.0970161,49.286895],[-123.0970395,49.2869132],[-123.097068,49.2869378],[-123.0970844,49.2869551],[-123.0970952,49.2869688],[-123.0971112,49.286984],[-123.0971392,49.2870035],[-123.097151,49.2870135],[-123.0971688,49.2870323],[-123.0971923,49.2870664],[-123.0971998,49.2870749],[-123.0972185,49.287092],[-123.0972344,49.2871041],[-123.0972517,49.2871141],[-123.0972751,49.2871232],[-123.0973161,49.2871347],[-123.097332,49.2871377],[-123.0973786,49.2871437],[-123.097395,49.2871476],[-123.097431,49.2871661],[-123.0974487,49.2871728],[-123.0974683,49.2871788],[-123.0974977,49.2871858],[-123.0975467,49.2871963],[-123.0976872,49.2872334],[-123.0977273,49.2872468],[-123.0977665,49.2872576],[-123.0978832,49.2872878],[-123.0979536,49.2873038],[-123.0980694,49.2873376],[-123.0981628,49.2873618],[-123.0982169,49.2873726],[-123.0982463,49.2873771],[-123.098264,49.287382],[-123.098299,49.2873932],[-123.0983536,49.2874134],[-123.0983891,49.2874274],[-123.0984171,49.2874358],[-123.0984372,49.2874434],[-123.0984886,49.2874591],[-123.0986566,49.2875032],[-123.0987434,49.287528],[-123.0987887,49.2875428],[-123.0988195,49.2875513],[-123.0988423,49.2875564],[-123.0989768,49.2875932],[-123.0990594,49.2876122],[-123.0990939,49.2876189],[-123.0991321,49.2876279],[-123.0991788,49.2876436],[-123.0992264,49.2876582],[-123.0992549,49.2876657],[-123.0993137,49.2876796],[-123.0993515,49.2876859],[-123.0994252,49.2877022],[-123.0995386,49.2877327],[-123.0996268,49.2877535],[-123.0996865,49.2877661],[-123.0997192,49.2877746],[-123.0997565,49.2877855],[-123.0997846,49.2877951],[-123.0998256,49.2878072],[-123.0998611,49.2878193],[-123.0998798,49.2878278],[-123.0999228,49.2878533],[-123.099935,49.2878588],[-123.1000125,49.2878921],[-123.1000326,49.2879027],[-123.1000574,49.2879194],[-123.1000902,49.2879468],[-123.1000996,49.2879571],[-123.1001188,49.287986],[-123.1001315,49.2879985],[-123.100169,49.2880307],[-123.1001826,49.288048],[-123.1002306,49.2881223],[-123.1002442,49.2881457],[-123.1002589,49.2881813],[-123.1002655,49.2882026],[-123.1002731,49.2882337],[-123.1002907,49.28829],[-123.1002931,49.2883068],[-123.100294,49.2883699],[-123.10029,49.2884007],[-123.1002906,49.2884369],[-123.1002885,49.2884702],[-123.10029,49.2884869],[-123.1002881,49.2884918],[-123.1002887,49.2885025],[-123.1002838,49.2885455],[-123.1002779,49.2885671],[-123.1002734,49.2885945],[-123.1002691,49.2886622],[-123.100256,49.2887235],[-123.1002514,49.2887381],[-123.1002442,49.2887784],[-123.1002345,49.2888037],[-123.1002309,49.2888244],[-123.1002292,49.2888549],[-123.1002318,49.2888906],[-123.1002256,49.2889479],[-123.1002219,49.2889662],[-123.1002176,49.2890204],[-123.1002153,49.2890262],[-123.1002075,49.2891207],[-123.1002011,49.2891451],[-123.100191,49.2891671],[-123.1001878,49.2891851],[-123.1001875,49.2892146],[-123.1001789,49.2892619],[-123.1001748,49.2892738],[-123.1001721,49.2892909],[-123.1001761,49.2893274],[-123.1001757,49.2893448],[-123.1001725,49.289364],[-123.1001653,49.2893945],[-123.1001627,49.2894353],[-123.1001581,49.2894482],[-123.100148,49.2894646],[-123.1001434,49.2894787],[-123.1001335,49.2895354],[-123.1001313,49.2895564],[-123.1001319,49.2895842],[-123.1001338,49.2895988],[-123.1001336,49.2896369],[-123.1001302,49.2896997],[-123.1001393,49.2898161],[-123.1001357,49.2898453],[-123.1001354,49.28987],[-123.1001327,49.2898859],[-123.1001244,49.2899072],[-123.1001184,49.2899173],[-123.1001023,49.2899414],[-123.1000917,49.2899612],[-123.1000908,49.2899661],[-123.1000932,49.2899756],[-123.1000936,49.2899771],[-123.1000974,49.2899813],[-123.1001105,49.289988],[-123.1001165,49.2899907],[-123.1001739,49.2900068],[-123.1001946,49.2900148],[-123.1001997,49.2900178],[-123.1001995,49.2900225],[-123.1001972,49.2900271],[-123.1001623,49.290089],[-123.1001322,49.290135],[-123.1001251,49.2901431],[-123.1001171,49.2901485],[-123.1001067,49.2901464],[-123.1000538,49.2901321],[-123.1000102,49.290121],[-123.0999728,49.2901105],[-123.0998612,49.29008],[-123.0998287,49.2900715],[-123.0997683,49.2900555],[-123.0996939,49.2900351],[-123.0996344,49.2900187],[-123.0995239,49.289988],[-123.0994875,49.2899773],[-123.0993549,49.2899432],[-123.0992785,49.2899222],[-123.0992493,49.2899128],[-123.0992028,49.2898999],[-123.0991696,49.2898917],[-123.099148,49.2898852],[-123.0990881,49.2898696],[-123.0990575,49.28986],[-123.0990273,49.2898521],[-123.0989913,49.2898412],[-123.0988957,49.2898138],[-123.0987585,49.2897782],[-123.0987281,49.2897721],[-123.0987035,49.2897658],[-123.0986689,49.2897557],[-123.0986464,49.2897477],[-123.0986104,49.2897377],[-123.0984832,49.2897034],[-123.0984391,49.2896899],[-123.0984091,49.2896819],[-123.0982766,49.2896445],[-123.0982287,49.2896289],[-123.0982062,49.2896224],[-123.0981541,49.2896094],[-123.0981109,49.289597],[-123.0979822,49.2895606],[-123.0979446,49.2895513],[-123.0978956,49.289538],[-123.0977773,49.2895045],[-123.0977166,49.2894885],[-123.0976695,49.2894749],[-123.0975876,49.2894523],[-123.0974752,49.2894215],[-123.0974499,49.2894151],[-123.0974197,49.289406],[-123.0973793,49.2893964],[-123.0973533,49.2893889],[-123.097293,49.289373],[-123.0971758,49.2893406],[-123.0971366,49.2893296],[-123.0970634,49.2893086],[-123.0970159,49.2892964],[-123.0969585,49.2892809],[-123.0969226,49.2892713],[-123.0968553,49.2892519],[-123.0968148,49.2892413],[-123.096778,49.2892317],[-123.096747,49.2892234],[-123.0967178,49.289215],[-123.0966783,49.2892037],[-123.0966308,49.2891899],[-123.0965866,49.2891787],[-123.0965558,49.2891713],[-123.096529,49.2891639],[-123.0964946,49.2891548],[-123.0964832,49.289152],[-123.0964654,49.2891469],[-123.0964214,49.2891351],[-123.0963968,49.289128],[-123.0963783,49.2891226],[-123.0962843,49.2890977],[-123.0961797,49.2890687],[-123.0961172,49.2890506],[-123.0960724,49.289037],[-123.0960528,49.2890316],[-123.0960241,49.2890239],[-123.0958941,49.28899],[-123.0958718,49.2889843],[-123.0958182,49.2889691],[-123.0957753,49.2889557],[-123.0957344,49.288944],[-123.0956701,49.288928],[-123.0956464,49.2889216],[-123.0955952,49.2889076],[-123.095549,49.288896],[-123.095476,49.2888759],[-123.0953878,49.2888511],[-123.0953061,49.2888295],[-123.0952295,49.2888075],[-123.0952093,49.288802],[-123.0951369,49.2887849],[-123.0950796,49.28877],[-123.095,49.2887468],[-123.095,49.267],[-123.165,49.267],[-123.165,49.2736624],[-123.1649962,49.2736633],[-123.1649731,49.2736755],[-123.1649696,49.2736796],[-123.1649688,49.2736847],[-123.164986,49.2736934],[-123.1649937,49.2736942],[-123.165,49.2736971],[-123.165,49.2737181],[-123.1649934,49.2737192],[-123.1649877,49.2737219],[-123.1649662,49.2737355],[-123.1649599,49.273737],[-123.1649295,49.2737634],[-123.1649249,49.2737661],[-123.1649295,49.2737701],[-123.1649358,49.2737728],[-123.1649435,49.2737732],[-123.1649492,49.273776],[-123.1649508,49.2737804],[-123.1649492,49.273785],[-123.1649442,49.2737886],[-123.1649428,49.2737931],[-123.164948,49.2737964],[-123.1649702,49.2737937],[-123.165,49.2737917],[-123.165,49.2738248]]]}}]}