{"type":"FeatureCollection","features":[{"type":"Feature","geometry":{"type":"LineString","coordinates":[[-123.1394842,49.2927626],[-123.1394721,49.2927812],[-123.1390065,49.2930787],[-123.1385911,49.29333],[-123.1385251,49.2933781],[-123.1384987,49.2934077]]},"properties":{"id":5405084,"name":"Park pathway","class":"footway","surface":"paving_stones","width":3,"bridge":false,"source":"OpenStreetMap"}},{"type":"Feature","geometry":{"type":"LineString","coordinates":[[-123.135902,49.2952068],[-123.135892,49.2951564],[-123.1358203,49.2950604],[-123.1357353,49.2949933],[-123.1356694,49.294958],[-123.1355448,49.2949146],[-123.135476,49.2948991],[-123.1353976,49.2948879],[-123.1353153,49.2948818]]},"properties":{"id":36982309,"name":"Seawall","class":"cycleway","surface":"asphalt","width":4,"bridge":false,"source":"OpenStreetMap"}},{"type":"Feature","geometry":{"type":"LineString","coordinates":[[-123.1364791,49.2950545],[-123.1363135,49.2951149],[-123.1361375,49.2951641],[-123.1359975,49.2951928],[-123.135902,49.2952068]]},"properties":{"id":37004623,"name":"Park pathway","class":"cycleway","surface":"asphalt","width":4,"bridge":false,"source":"OpenStreetMap"}},{"type":"Feature","geometry":{"type":"LineString","coordinates":[[-123.1465992,49.2960122],[-123.1465111,49.2959545],[-123.1463944,49.295886],[-123.1462175,49.2957386],[-123.1461801,49.2957022]]},"properties":{"id":40047135,"name":"Park pathway","class":"footway","surface":"asphalt","width":3,"bridge":false,"source":"OpenStreetMap"}},{"type":"Feature","geometry":{"type":"LineString","coordinates":[[-123.1468536,49.3081633],[-123.1471704,49.3081672],[-123.1475561,49.3081317],[-123.1476505,49.3081384],[-123.1478315,49.30812],[-123.1482126,49.3081343],[-123.1486189,49.308181],[-123.1487065,49.3082018],[-123.148763,49.3082547],[-123.148914,49.308359],[-123.1490182,49.3084251],[-123.1491224,49.308473],[-123.1492287,49.3085202],[-123.1493145,49.3085484],[-123.1496168,49.3086179],[-123.1497056,49.3086564],[-123.149804,49.3087176],[-123.1498979,49.3087931],[-123.1499755,49.308873],[-123.1503269,49.3090072],[-123.1505118,49.3090504],[-123.1506557,49.3090762],[-123.1507118,49.3090749],[-123.1507814,49.3090543],[-123.150976,49.3089202],[-123.1512123,49.3087878],[-123.1512853,49.3087402],[-123.1513397,49.3086964],[-123.1513708,49.3086289],[-123.1513427,49.3085306],[-123.1513549,49.3085068],[-123.1514146,49.3084599],[-123.151961,49.3082508],[-123.1523458,49.3081604],[-123.1524111,49.3081101],[-123.1524864,49.3079379],[-123.1526349,49.3076469],[-123.1527334,49.3074937],[-123.1529425,49.3073253],[-123.1530532,49.307075],[-123.1530853,49.3069537],[-123.1530782,49.3067022],[-123.1531484,49.3065628],[-123.153261,49.3064409],[-123.1533135,49.3062744],[-123.1533348,49.3058033],[-123.1533744,49.3056468],[-123.1532662,49.305199],[-123.1532453,49.3048376],[-123.153285,49.3046912],[-123.1532947,49.3044867],[-123.1532465,49.3042408],[-123.1530684,49.3034752]]},"properties":{"id":41998485,"name":"Rawlings Trail","class":"cycleway","surface":"gravel","width":4,"bridge":false,"source":"OpenStreetMap"}},{"type":"Feature","geometry":{"type":"LineString","coordinates":[[-123.1487458,49.3009516],[-123.1488744,49.3008737],[-123.1490311,49.3008104],[-123.1493472,49.3007232],[-123.1500874,49.3005462],[-123.1502992,49.3005204],[-123.1504508,49.3004932],[-123.150609,49.3004366],[-123.1507449,49.3003757],[-123.1512809,49.3001842],[-123.151537,49.3001142],[-123.1517678,49.3000871],[-123.1519184,49.3000865],[-123.152128,49.3000949],[-123.1523818,49.300091],[-123.1527865,49.3001652],[-123.153061,49.30023],[-123.1536421,49.300298],[-123.1539761,49.3003403],[-123.1543366,49.3004949],[-123.1545303,49.3005508],[-123.1551146,49.3005389],[-123.1555108,49.3005408],[-123.1558815,49.300489],[-123.155976,49.300484],[-123.1560729,49.3005018],[-123.1563692,49.3005666],[-123.1565369,49.3006164],[-123.1567188,49.3006834]]},"properties":{"id":41998486,"name":"Lovers Walk","class":"cycleway","surface":"gravel","width":4,"bridge":false,"source":"OpenStreetMap"}},{"type":"Feature","geometry":{"type":"LineString","coordinates":[[-123.1411467,49.3043216],[-123.1412329,49.3043038],[-123.1414527,49.3042014],[-123.1420063,49.3039348]]},"properties":{"id":41998487,"name":"Lake Trail","class":"cycleway","surface":"gravel","width":4,"bridge":false,"source":"OpenStreetMap"}},{"type":"Feature","geometry":{"type":"LineString","coordinates":[[-123.1412781,49.3040264],[-123.1412102,49.3041424],[-123.1411521,49.3042732],[-123.1411467,49.3043216]]},"properties":{"id":41998490,"name":"Beaver Lake Trail","class":"footway","surface":"gravel","width":3,"bridge":false,"source":"OpenStreetMap"}},{"type":"Feature","geometry":{"type":"LineString","coordinates":[[-123.1449533,49.303807],[-123.1450458,49.3038202]]},"properties":{"id":41998492,"name":"Lake Trail","class":"cycleway","surface":"asphalt","width":4,"bridge":false,"source":"OpenStreetMap"}},{"type":"Feature","geometry":{"type":"LineString","coordinates":[[-123.1456092,49.3037165],[-123.1457266,49.3036808],[-123.1458434,49.3036666],[-123.1459225,49.3036666],[-123.1460996,49.3037234],[-123.146421,49.3037533],[-123.1465445,49.3037502],[-123.1466531,49.3037218],[-123.1468704,49.3036276],[-123.1470569,49.3035394],[-123.1472011,49.3034799]]},"properties":{"id":41998493,"name":"Lake Trail","class":"cycleway","surface":"gravel","width":4,"bridge":false,"source":"OpenStreetMap"}},{"type":"Feature","geometry":{"type":"LineString","coordinates":[[-123.1474838,49.3078391],[-123.1475561,49.3081317]]},"properties":{"id":41999612,"name":"Park pathway","class":"footway","surface":"gravel","width":3,"bridge":false,"source":"OpenStreetMap"}},{"type":"Feature","geometry":{"type":"LineString","coordinates":[[-123.1455873,49.2956162],[-123.1454716,49.2956155],[-123.14541,49.29561],[-123.1453276,49.295591],[-123.1452477,49.295564],[-123.1449041,49.2953654],[-123.1446388,49.2951941],[-123.144306,49.2949115],[-123.1439306,49.2946871],[-123.1435571,49.2945027],[-123.1431388,49.2943604],[-123.1423505,49.2941421],[-123.1421717,49.2940964],[-123.1418648,49.2939434],[-123.1417436,49.2938871],[-123.1415912,49.2938339],[-123.1413129,49.2938029],[-123.1410006,49.2938248],[-123.1403038,49.2939584],[-123.1397972,49.2941311],[-123.1395586,49.294189],[-123.1392716,49.2942032],[-123.1388252,49.2941816],[-123.138646,49.2941634],[-123.1384528,49.2942568],[-123.1382637,49.2943346],[-123.1381624,49.2943589],[-123.1380629,49.2943714],[-123.1377002,49.2944588],[-123.1375033,49.2945333],[-123.1374387,49.294635],[-123.1373795,49.294764],[-123.137314,49.2948515],[-123.1371966,49.2949589]]},"properties":{"id":43042698,"name":"Park pathway","class":"footway","surface":"gravel","width":3,"bridge":false,"source":"OpenStreetMap"}},{"type":"Feature","geometry":{"type":"LineString","coordinates":[[-123.1405056,49.2937584],[-123.140476,49.2937187],[-123.1404287,49.293679],[-123.1403209,49.2936415],[-123.140262,49.2935941],[-123.1401766,49.2933713],[-123.1400867,49.2932877]]},"properties":{"id":43094622,"name":"Park pathway","class":"footway","surface":"asphalt","width":3,"bridge":false,"source":"OpenStreetMap"}},{"type":"Feature","geometry":{"type":"LineString","coordinates":[[-123.1412781,49.3040264],[-123.1414334,49.3039086]]},"properties":{"id":43181058,"name":"Beaver Lake Trail","class":"footway","surface":"wood","width":3,"bridge":true,"source":"OpenStreetMap"}},{"type":"Feature","geometry":{"type":"LineString","coordinates":[[-123.1419608,49.298463],[-123.14229,49.298433],[-123.1426398,49.2984137],[-123.1432604,49.2983943],[-123.143694,49.2984117],[-123.1442854,49.2984137],[-123.1447883,49.2984025],[-123.1451525,49.2984063],[-123.1454086,49.2984009],[-123.1457444,49.2983814],[-123.1460522,49.2983741],[-123.1464675,49.2983769],[-123.147149,49.2983438],[-123.1475859,49.2983601],[-123.1480951,49.2983385],[-123.1489967,49.2983287],[-123.1493411,49.2983577],[-123.1496457,49.2983691],[-123.150018,49.298341],[-123.1503656,49.2982816],[-123.1509723,49.2983038],[-123.1511844,49.2982985],[-123.151308,49.2982835],[-123.1514763,49.2982551],[-123.1516354,49.2982352],[-123.1517742,49.2982285],[-123.1523921,49.2983076],[-123.1528695,49.2983153],[-123.1537816,49.298314],[-123.1542247,49.2983241],[-123.1546929,49.298302],[-123.1550067,49.2983118],[-123.1553855,49.2983109],[-123.1557528,49.2982801],[-123.1561704,49.2983219],[-123.1564143,49.2983103],[-123.1571469,49.2982661]]},"properties":{"id":43184601,"name":"Lees Trail","class":"footway","surface":"gravel","width":3,"bridge":false,"source":"OpenStreetMap"}},{"type":"Feature","geometry":{"type":"LineString","coordinates":[[-123.148232,49.2983364],[-123.1483067,49.2981374],[-123.1484842,49.2979262],[-123.1486182,49.2977936],[-123.1487546,49.2976751],[-123.148862,49.2975356],[-123.148915,49.2974881],[-123.1489474,49.2974205]]},"properties":{"id":43184602,"name":"Lees Trail","class":"footway","surface":"gravel","width":3,"bridge":false,"source":"OpenStreetMap"}},{"type":"Feature","geometry":{"type":"LineString","coordinates":[[-123.1374466,49.2973783],[-123.1374785,49.2974311],[-123.137684,49.2976013],[-123.1381103,49.2977841]]},"properties":{"id":43184604,"name":"Park pathway","class":"footway","surface":"asphalt","width":3,"bridge":false,"source":"OpenStreetMap"}},{"type":"Feature","geometry":{"type":"LineString","coordinates":[[-123.1329876,49.2943001],[-123.1331819,49.2940887]]},"properties":{"id":43537856,"name":"Park pathway","class":"footway","surface":"metal","width":3,"bridge":false,"source":"OpenStreetMap"}},{"type":"Feature","geometry":{"type":"LineString","coordinates":[[-123.1369937,49.2947524],[-123.1366098,49.2949957]]},"properties":{"id":44032491,"name":"Park pathway","class":"cycleway","surface":"asphalt","width":4,"bridge":false,"source":"OpenStreetMap"}},{"type":"Feature","geometry":{"type":"LineString","coordinates":[[-123.1390664,49.3028632],[-123.1391201,49.3027824],[-123.1391759,49.3027372],[-123.139554,49.3025947],[-123.139811,49.302351],[-123.1399584,49.3022471],[-123.1402036,49.3021257],[-123.1402808,49.3020501],[-123.1403186,49.3019792],[-123.1403414,49.3018882],[-123.1403254,49.3017743],[-123.1400552,49.3015642],[-123.139942,49.301393],[-123.1396755,49.3010635],[-123.139672,49.300901],[-123.139692,49.300705],[-123.1397079,49.3006074],[-123.139918,49.3001302],[-123.1398945,49.2999532],[-123.139733,49.299671],[-123.139663,49.299579],[-123.139595,49.299539],[-123.139295,49.299431],[-123.139024,49.299298],[-123.138836,49.299255],[-123.1387732,49.2992464]]},"properties":{"id":45706520,"name":"South Creek Trail","class":"footway","surface":"gravel","width":3,"bridge":false,"source":"OpenStreetMap"}},{"type":"Feature","geometry":{"type":"LineString","coordinates":[[-123.1483856,49.2931729],[-123.1482721,49.2931408],[-123.1481993,49.2929817],[-123.1481343,49.2929539],[-123.1480705,49.2929457]]},"properties":{"id":49547894,"name":"Park pathway","class":"footway","surface":"asphalt","width":3,"bridge":false,"source":"OpenStreetMap"}},{"type":"Feature","geometry":{"type":"LineString","coordinates":[[-123.1357023,49.2985147],[-123.13564,49.2984938],[-123.1352608,49.2983306],[-123.1350761,49.2984569],[-123.1350125,49.2987809],[-123.1349331,49.2988873],[-123.1348259,49.2988474],[-123.134716,49.2987211],[-123.1346817,49.2986627],[-123.1345982,49.2985018],[-123.1346182,49.2984689],[-123.134538,49.2984216],[-123.1347638,49.2981288],[-123.1348315,49.2980097],[-123.1349381,49.2979424]]},"properties":{"id":49549355,"name":"Park pathway","class":"footway","surface":"asphalt","width":3,"bridge":false,"source":"OpenStreetMap"}},{"type":"Feature","geometry":{"type":"LineString","coordinates":[[-123.1349331,49.2988873],[-123.1348703,49.2989058],[-123.1345324,49.298973],[-123.1344311,49.2990752],[-123.1344107,49.299118]]},"properties":{"id":49549356,"name":"Park pathway","class":"footway","surface":"asphalt","width":3,"bridge":false,"source":"OpenStreetMap"}},{"type":"Feature","geometry":{"type":"LineString","coordinates":[[-123.135069,49.2937918],[-123.1349532,49.293708],[-123.1348065,49.2936078],[-123.1342468,49.2932381],[-123.133967,49.2930226],[-123.1339796,49.2929513]]},"properties":{"id":49549357,"name":"Park pathway","class":"footway","surface":"asphalt","width":3,"bridge":false,"source":"OpenStreetMap"}},{"type":"Feature","geometry":{"type":"LineString","coordinates":[[-123.1349704,49.297377],[-123.1348823,49.297503],[-123.134837,49.2975605],[-123.1349524,49.2975992]]},"properties":{"id":49549359,"name":"Park pathway","class":"footway","surface":"asphalt","width":3,"bridge":false,"source":"OpenStreetMap"}},{"type":"Feature","geometry":{"type":"LineString","coordinates":[[-123.1527541,49.2958356],[-123.1526962,49.2957912],[-123.1525763,49.2957365],[-123.152312,49.2956499],[-123.1521674,49.2956095],[-123.1520997,49.2956056],[-123.1520323,49.2956145],[-123.1519404,49.2956394],[-123.1517757,49.29566],[-123.1517152,49.2956635],[-123.1514644,49.2956372],[-123.1514134,49.2956419],[-123.1513484,49.2956684]]},"properties":{"id":49549360,"name":"Stanley Park Seawall Bike Path","class":"cycleway","surface":"asphalt","width":4,"bridge":false,"source":"OpenStreetMap"}},{"type":"Feature","geometry":{"type":"LineString","coordinates":[[-123.1352608,49.2983306],[-123.1350459,49.2981682],[-123.1350018,49.2981094],[-123.1349381,49.2979424]]},"properties":{"id":49549362,"name":"Park pathway","class":"footway","surface":"asphalt","width":3,"bridge":false,"source":"OpenStreetMap"}},{"type":"Feature","geometry":{"type":"LineString","coordinates":[[-123.1483856,49.2931729],[-123.1488276,49.2933098],[-123.1490659,49.2934436],[-123.1495008,49.2937034],[-123.1496873,49.2937672]]},"properties":{"id":49549363,"name":"Park pathway","class":"footway","surface":"gravel","width":3,"bridge":false,"source":"OpenStreetMap"}},{"type":"Feature","geometry":{"type":"LineString","coordinates":[[-123.13584,49.2950064],[-123.1359488,49.2949219],[-123.136268,49.2947045]]},"properties":{"id":49549365,"name":"Park pathway","class":"footway","surface":"concrete","width":3,"bridge":false,"source":"OpenStreetMap"}},{"type":"Feature","geometry":{"type":"LineString","coordinates":[[-123.1364241,49.298275],[-123.1361441,49.2981036],[-123.1359916,49.2980565],[-123.1359291,49.2980506]]},"properties":{"id":49549368,"name":"Park pathway","class":"footway","surface":"asphalt","width":3,"bridge":false,"source":"OpenStreetMap"}},{"type":"Feature","geometry":{"type":"LineString","coordinates":[[-123.1364644,49.2985321],[-123.1363941,49.2989378],[-123.1363145,49.2994542],[-123.1362871,49.2996757]]},"properties":{"id":49549369,"name":"Park pathway","class":"footway","surface":"asphalt","width":3,"bridge":false,"source":"OpenStreetMap"}},{"type":"Feature","geometry":{"type":"LineString","coordinates":[[-123.1356733,49.2993202],[-123.1357212,49.2985404],[-123.1357023,49.2985147]]},"properties":{"id":49549370,"name":"Park pathway","class":"footway","surface":"asphalt","width":3,"bridge":false,"source":"OpenStreetMap"}},{"type":"Feature","geometry":{"type":"LineString","coordinates":[[-123.1358592,49.2993269],[-123.1356733,49.2993202]]},"properties":{"id":49549372,"name":"Park pathway","class":"footway","surface":"asphalt","width":3,"bridge":false,"source":"OpenStreetMap"}},{"type":"Feature","geometry":{"type":"LineString","coordinates":[[-123.1364923,49.2977654],[-123.13662,49.297834],[-123.1367244,49.2978751],[-123.1368332,49.2979057],[-123.1369538,49.2979313],[-123.1370558,49.2979495],[-123.137098,49.2979533],[-123.1371425,49.2979523],[-123.1372756,49.2979289],[-123.1373299,49.2979253],[-123.137386,49.2979272],[-123.1375017,49.2979583]]},"properties":{"id":49549373,"name":"Park pathway","class":"cycleway","surface":"asphalt","width":4,"bridge":false,"source":"OpenStreetMap"}},{"type":"Feature","geometry":{"type":"LineString","coordinates":[[-123.1342468,49.2932381],[-123.1342494,49.2935877],[-123.1342122,49.2936703],[-123.1340089,49.2938457],[-123.1338891,49.2939649],[-123.1338098,49.2941585],[-123.1338442,49.2943701],[-123.1338134,49.2944163]]},"properties":{"id":49549374,"name":"Park pathway","class":"footway","surface":"asphalt","width":3,"bridge":false,"source":"OpenStreetMap"}},{"type":"Feature","geometry":{"type":"LineString","coordinates":[[-123.1338098,49.2941585],[-123.1335792,49.2942046],[-123.1335279,49.2942384]]},"properties":{"id":49549375,"name":"Park pathway","class":"footway","surface":"asphalt","width":3,"bridge":false,"source":"OpenStreetMap"}},{"type":"Feature","geometry":{"type":"LineString","coordinates":[[-123.1343782,49.2976761],[-123.1343991,49.2977653],[-123.1341361,49.2983355],[-123.1341495,49.2984836],[-123.1341844,49.2986931],[-123.1341189,49.2989398],[-123.1342644,49.2991804]]},"properties":{"id":49549377,"name":"Park pathway","class":"footway","surface":"asphalt","width":3,"bridge":false,"source":"OpenStreetMap"}},{"type":"Feature","geometry":{"type":"LineString","coordinates":[[-123.1345324,49.298973],[-123.1346412,49.2988614],[-123.134716,49.2987211]]},"properties":{"id":49549378,"name":"Park pathway","class":"footway","surface":"asphalt","width":3,"bridge":false,"source":"OpenStreetMap"}},{"type":"Feature","geometry":{"type":"LineString","coordinates":[[-123.1508794,49.295918],[-123.1508987,49.295925],[-123.150935,49.2959528],[-123.1509627,49.2959928]]},"properties":{"id":49551583,"name":"Bridle Path","class":"cycleway","surface":"asphalt","width":4,"bridge":false,"source":"OpenStreetMap"}},{"type":"Feature","geometry":{"type":"LineString","coordinates":[[-123.1403209,49.2936415],[-123.1402521,49.293703],[-123.1398213,49.2938695]]},"properties":{"id":49607816,"name":"Park pathway","class":"footway","surface":"asphalt","width":3,"bridge":false,"source":"OpenStreetMap"}},{"type":"Feature","geometry":{"type":"LineString","coordinates":[[-123.1429012,49.2931005],[-123.1425657,49.2933192],[-123.1424671,49.293377],[-123.142227,49.2934841],[-123.1421698,49.2935365]]},"properties":{"id":49607817,"name":"Park pathway","class":"footway","surface":"ground","width":3,"bridge":false,"source":"OpenStreetMap"}},{"type":"Feature","geometry":{"type":"LineString","coordinates":[[-123.1410006,49.2938248],[-123.1409575,49.2937276]]},"properties":{"id":49607818,"name":"Park pathway","class":"footway","surface":"ground","width":3,"bridge":false,"source":"OpenStreetMap"}},{"type":"Feature","geometry":{"type":"LineString","coordinates":[[-123.1309073,49.3027019],[-123.1310041,49.3026175],[-123.1312384,49.3023948],[-123.1316342,49.3019468],[-123.13194,49.3016252],[-123.1319734,49.301579],[-123.1319849,49.3015428],[-123.1320046,49.3013611],[-123.1320165,49.301305],[-123.1320163,49.3012686],[-123.1320472,49.3011296]]},"properties":{"id":49607819,"name":"Park pathway","class":"footway","surface":"asphalt","width":3,"bridge":false,"source":"OpenStreetMap"}},{"type":"Feature","geometry":{"type":"LineString","coordinates":[[-123.1499597,49.3059212],[-123.1499939,49.3057336],[-123.1500578,49.3054771],[-123.1501258,49.3054027],[-123.1502209,49.3053415],[-123.1503822,49.3052826],[-123.1505537,49.3052612],[-123.1507516,49.3053149],[-123.1509969,49.3054392],[-123.1511312,49.3054707],[-123.1512926,49.3054757],[-123.1514359,49.3054389],[-123.1515759,49.3053933],[-123.1517468,49.3053878],[-123.1519043,49.3054616],[-123.152232,49.3057583],[-123.1522517,49.3060054],[-123.1524168,49.3061909]]},"properties":{"id":49673489,"name":"Meadow Trail","class":"footway","surface":"woodchips","width":3,"bridge":false,"source":"OpenStreetMap"}},{"type":"Feature","geometry":{"type":"LineString","coordinates":[[-123.1461956,49.3049121],[-123.1463894,49.3049246],[-123.1464636,49.3049329],[-123.1465696,49.3049549],[-123.1467851,49.3050263],[-123.146995,49.305116],[-123.1473423,49.3052512],[-123.1476093,49.3054188],[-123.1477704,49.3056063],[-123.1479098,49.305681],[-123.1480976,49.3057301],[-123.1484458,49.3057792],[-123.1486235,49.3057996],[-123.1488219,49.3058165],[-123.1491112,49.3058075],[-123.1498117,49.3058926],[-123.1499597,49.3059212],[-123.1500645,49.3059843],[-123.1501526,49.3061002],[-123.150168,49.3061884],[-123.1501551,49.3063162],[-123.1500625,49.3066796],[-123.1499926,49.3068336],[-123.1498776,49.3069651],[-123.1497696,49.3070408],[-123.14949,49.3072042],[-123.1493578,49.3073157],[-123.1492593,49.3074531],[-123.1491052,49.3076844],[-123.148756,49.308126],[-123.1486516,49.3082938],[-123.148587,49.30868],[-123.148591,49.308759],[-123.148639,49.308828],[-123.148979,49.309025],[-123.149129,49.309173],[-123.149187,49.309273],[-123.149198,49.309333],[-123.149163,49.309466]]},"properties":{"id":49673490,"name":"Thompson Trail","class":"footway","surface":"gravel","width":3,"bridge":false,"source":"OpenStreetMap"}},{"type":"Feature","geometry":{"type":"LineString","coordinates":[[-123.1535636,49.2975328],[-123.1536056,49.2979634],[-123.1537816,49.298314]]},"properties":{"id":49673491,"name":"Park pathway","class":"footway","surface":"gravel","width":3,"bridge":false,"source":"OpenStreetMap"}},{"type":"Feature","geometry":{"type":"LineString","coordinates":[[-123.1472011,49.3034799],[-123.147491,49.303544],[-123.147631,49.303569],[-123.147847,49.303595],[-123.1484452,49.3036785],[-123.1486491,49.3037308],[-123.1490387,49.3038246],[-123.1494062,49.3038659],[-123.14975,49.3038259],[-123.1499228,49.3037998],[-123.1501009,49.3038104],[-123.1504219,49.303909],[-123.1505669,49.3039615],[-123.1507261,49.3039928],[-123.150989,49.3039916],[-123.151205,49.303979],[-123.151723,49.303894],[-123.152034,49.303873],[-123.1522639,49.3038759],[-123.1524758,49.3039149],[-123.1527155,49.3040272],[-123.1532465,49.3042408]]},"properties":{"id":49673492,"name":"Lake Trail","class":"footway","surface":"gravel","width":3,"bridge":false,"source":"OpenStreetMap"}},{"type":"Feature","geometry":{"type":"LineString","coordinates":[[-123.1481226,49.3026756],[-123.1482007,49.302805],[-123.1483301,49.3030986],[-123.1483739,49.3033393],[-123.1484452,49.3036785]]},"properties":{"id":49673493,"name":"Squirrel Trail","class":"footway","surface":"gravel","width":3,"bridge":false,"source":"OpenStreetMap"}},{"type":"Feature","geometry":{"type":"LineString","coordinates":[[-123.1403254,49.3017743],[-123.1405554,49.3019902],[-123.1406828,49.3021018],[-123.140844,49.302217],[-123.1409955,49.3022959],[-123.1411695,49.3023601],[-123.1416467,49.3024557],[-123.142168,49.302527],[-123.142732,49.302586],[-123.1433398,49.3026328],[-123.1436166,49.3026372],[-123.1438524,49.3026068],[-123.1444414,49.3024425]]},"properties":{"id":49673494,"name":"Wren Trail","class":"footway","surface":"gravel","width":3,"bridge":false,"source":"OpenStreetMap"}},{"type":"Feature","geometry":{"type":"LineString","coordinates":[[-123.1373494,49.3033961],[-123.1370754,49.3033738],[-123.1367684,49.3033803],[-123.1365415,49.3034261],[-123.1362481,49.3034543],[-123.135918,49.3034565],[-123.135831,49.3034754]]},"properties":{"id":49673495,"name":"Tisdall Walk","class":"footway","surface":"gravel","width":3,"bridge":false,"source":"OpenStreetMap"}},{"type":"Feature","geometry":{"type":"LineString","coordinates":[[-123.1499755,49.308873],[-123.1498787,49.3089362],[-123.1496732,49.3090127],[-123.1494211,49.3092896],[-123.149163,49.309466],[-123.148643,49.3095647],[-123.1479636,49.3096102],[-123.1475489,49.3096045],[-123.1474273,49.3096717],[-123.1472564,49.3096708],[-123.1470937,49.3096408],[-123.1468529,49.3095658],[-123.1465173,49.3094342],[-123.1463333,49.3094286]]},"properties":{"id":49673496,"name":"Raccoon Trail","class":"footway","surface":"gravel","width":3,"bridge":false,"source":"OpenStreetMap"}},{"type":"Feature","geometry":{"type":"LineString","coordinates":[[-123.1423164,49.3037961],[-123.1424282,49.3038041],[-123.1426011,49.3038578],[-123.1428611,49.3038688],[-123.1429745,49.3039022],[-123.143156,49.3040227],[-123.1431752,49.3040745],[-123.1431626,49.304158],[-123.1431862,49.3042114]]},"properties":{"id":49673596,"name":"North Creek Trail","class":"footway","surface":"gravel","width":3,"bridge":false,"source":"OpenStreetMap"}},{"type":"Feature","geometry":{"type":"LineString","coordinates":[[-123.1436492,49.3064255],[-123.1433429,49.3064175]]},"properties":{"id":49673597,"name":"Hanson Trail","class":"footway","surface":"gravel","width":3,"bridge":false,"source":"OpenStreetMap"}},{"type":"Feature","geometry":{"type":"LineString","coordinates":[[-123.1371438,49.3065311],[-123.1373273,49.3066358],[-123.1374457,49.3068597],[-123.137549,49.3072289],[-123.1375676,49.3073382],[-123.1375784,49.3074667],[-123.1375737,49.3077696],[-123.1376117,49.3079839],[-123.1376446,49.3080688],[-123.1376845,49.3081493],[-123.1377618,49.3083343],[-123.1378014,49.3084675],[-123.1378071,49.3085151],[-123.1378074,49.3086219],[-123.1378295,49.3087263],[-123.1379703,49.3089929],[-123.138067,49.3091473],[-123.1381088,49.3091976],[-123.138163,49.3092478],[-123.138235,49.3092981],[-123.1385194,49.3094768],[-123.1386282,49.3095575],[-123.1387056,49.3095972],[-123.1387913,49.3096231],[-123.1388762,49.3096302],[-123.1391028,49.3096203],[-123.1392037,49.309634],[-123.1392936,49.3096598],[-123.1395532,49.3097695]]},"properties":{"id":49673598,"name":"Eagle Trail","class":"footway","surface":"gravel","width":3,"bridge":false,"source":"OpenStreetMap"}},{"type":"Feature","geometry":{"type":"LineString","coordinates":[[-123.1397079,49.3006074],[-123.1393528,49.3007709],[-123.1391537,49.3009528],[-123.1388871,49.3010227],[-123.1382825,49.3009375],[-123.1377227,49.3009421],[-123.1375727,49.3009578]]},"properties":{"id":49673600,"name":"Park pathway","class":"footway","surface":"gravel","width":3,"bridge":false,"source":"OpenStreetMap"}},{"type":"Feature","geometry":{"type":"LineString","coordinates":[[-123.1424241,49.308195],[-123.1420496,49.3080905],[-123.1418252,49.3080644],[-123.1415999,49.3080743],[-123.1414226,49.3081238],[-123.1412022,49.3082346],[-123.1410845,49.3083288],[-123.1410477,49.3084226],[-123.1410028,49.308572],[-123.1409302,49.3086953],[-123.1408155,49.3088185],[-123.1405488,49.3090132],[-123.1402527,49.3092567],[-123.1397461,49.309651],[-123.1395532,49.3097695],[-123.139496,49.3098137],[-123.1393903,49.3098863],[-123.1391844,49.3100044],[-123.1390252,49.3100669],[-123.1388709,49.3101059],[-123.1386254,49.310157],[-123.1383165,49.3102081],[-123.1382009,49.3102161],[-123.1378369,49.310154],[-123.1378295,49.3101699]]},"properties":{"id":49673601,"name":"Chickadee Trail","class":"footway","surface":"gravel","width":3,"bridge":false,"source":"OpenStreetMap"}},{"type":"Feature","geometry":{"type":"LineString","coordinates":[[-123.1384024,49.2933983],[-123.1382207,49.2935218]]},"properties":{"id":50163490,"name":"Chilco Street","class":"cycleway","surface":"asphalt","width":4,"bridge":false,"source":"OpenStreetMap"}},{"type":"Feature","geometry":{"type":"LineString","coordinates":[[-123.131017,49.2988268],[-123.1312408,49.2989947],[-123.131306,49.2991176],[-123.1313177,49.2992047],[-123.131316,49.2992469],[-123.1313424,49.2993067],[-123.1313711,49.2993489],[-123.131411,49.2994205]]},"properties":{"id":58361907,"name":"Park pathway","class":"footway","surface":"asphalt","width":3,"bridge":false,"source":"OpenStreetMap"}},{"type":"Feature","geometry":{"type":"LineString","coordinates":[[-123.1309073,49.3027019],[-123.1308121,49.3028457],[-123.1308167,49.3029061],[-123.1307296,49.3030108],[-123.130594,49.3030841]]},"properties":{"id":58361913,"name":"Park pathway","class":"footway","surface":"asphalt","width":3,"bridge":false,"source":"OpenStreetMap"}},{"type":"Feature","geometry":{"type":"LineString","coordinates":[[-123.131411,49.2994205],[-123.1314823,49.2993843],[-123.1318859,49.2993459],[-123.1324179,49.2993294],[-123.132578,49.2993404],[-123.132709,49.2993832],[-123.1329079,49.299429],[-123.1330001,49.2994401],[-123.1331335,49.2993958],[-123.1332499,49.2992835],[-123.1333057,49.2992598],[-123.1334198,49.2992455],[-123.1335192,49.2992012],[-123.1335847,49.2991459],[-123.133626,49.29913],[-123.13374,49.2991538],[-123.133801,49.2991527],[-123.1339486,49.2991569],[-123.1341039,49.2991649],[-123.1342644,49.2991804]]},"properties":{"id":58361915,"name":"Park pathway","class":"footway","surface":"asphalt","width":3,"bridge":false,"source":"OpenStreetMap"}},{"type":"Feature","geometry":{"type":"LineString","coordinates":[[-123.1461801,49.2957022],[-123.1460105,49.2955638]]},"properties":{"id":59257211,"name":"Park pathway","class":"footway","surface":"asphalt","width":3,"bridge":true,"source":"OpenStreetMap"}},{"type":"Feature","geometry":{"type":"LineString","coordinates":[[-123.1415902,49.3119981],[-123.1415096,49.3121113],[-123.1388579,49.315]]},"properties":{"id":70954668,"name":"NB Lions Gate Bridge Bike Route","class":"cycleway","surface":"paved","width":4,"bridge":true,"source":"OpenStreetMap"}},{"type":"Feature","geometry":{"type":"LineString","coordinates":[[-123.1374073,49.2979069],[-123.1375017,49.2979583],[-123.1379379,49.2981624],[-123.1393338,49.2986834],[-123.1395411,49.2987717],[-123.1397658,49.298832],[-123.1402776,49.2990511],[-123.1407562,49.2992837],[-123.1416077,49.2997549],[-123.1420137,49.3000662],[-123.1421769,49.3001766],[-123.143244,49.3009843],[-123.1436671,49.3013871],[-123.1440539,49.3018161],[-123.1444414,49.3024425],[-123.1450073,49.3034892],[-123.145123,49.3039145],[-123.1451772,49.3042052],[-123.1452215,49.3048183],[-123.1451849,49.3049011],[-123.1451776,49.3050909],[-123.1452191,49.3051881],[-123.1452014,49.3056359],[-123.1451055,49.3062963],[-123.144956,49.306905],[-123.144726,49.3076242],[-123.1443197,49.3085433],[-123.1439323,49.3092015]]},"properties":{"id":70954671,"name":"NB Stanley Park Causeway Bike Route","class":"cycleway","surface":"paved","width":4,"bridge":false,"source":"OpenStreetMap"}},{"type":"Feature","geometry":{"type":"LineString","coordinates":[[-123.1390915,49.315],[-123.1417395,49.3121226],[-123.1418524,49.3120305]]},"properties":{"id":70954672,"name":"SB Lions Gate Bridge Bike Route","class":"cycleway","surface":"paved","width":4,"bridge":true,"source":"OpenStreetMap"}},{"type":"Feature","geometry":{"type":"LineString","coordinates":[[-123.1437637,49.3098498],[-123.1438964,49.3096502],[-123.1441304,49.3092597],[-123.1442509,49.3090901],[-123.1444608,49.3087047],[-123.1444932,49.3086058],[-123.144929,49.3076441],[-123.1451574,49.3069199],[-123.145236,49.3066076],[-123.1452985,49.3062953],[-123.1454135,49.3056429],[-123.1453992,49.3054933],[-123.1454319,49.304984],[-123.1454441,49.3048884],[-123.145406,49.3047324],[-123.1453548,49.3041797],[-123.1452935,49.3038321],[-123.1452641,49.3037216],[-123.1451502,49.3033304],[-123.1450457,49.3030344],[-123.1449188,49.3027549],[-123.144788,49.3025032],[-123.1442651,49.3017574],[-123.1434753,49.3009344],[-123.1425523,49.3002332],[-123.1420412,49.2998503],[-123.1415776,49.2995556],[-123.1411139,49.2993041],[-123.1398545,49.2986986],[-123.1387628,49.2983206],[-123.1381225,49.2981064],[-123.1380076,49.2980498]]},"properties":{"id":70954674,"name":"SB Stanley Park Causeway Bike Route","class":"cycleway","surface":"concrete","width":4,"bridge":false,"source":"OpenStreetMap"}},{"type":"Feature","geometry":{"type":"LineString","coordinates":[[-123.1364968,49.2971147],[-123.1365585,49.2971817],[-123.1366164,49.2972563],[-123.1366755,49.2973248],[-123.1367913,49.2974484]]},"properties":{"id":70954677,"name":"NB Stanley Park Causeway Bike Route","class":"cycleway","surface":"concrete","width":4,"bridge":true,"source":"OpenStreetMap"}},{"type":"Feature","geometry":{"type":"LineString","coordinates":[[-123.1420015,49.3119649],[-123.1419337,49.3120561],[-123.1419225,49.3120944],[-123.1418748,49.3121879],[-123.1418271,49.3123116],[-123.1419582,49.3123876],[-123.1420713,49.3125041],[-123.142143,49.3126359],[-123.1422452,49.3127909],[-123.1423791,49.3130498],[-123.1425483,49.3131708],[-123.1427047,49.3132136]]},"properties":{"id":70954679,"name":"Park pathway","class":"cycleway","surface":"paved","width":4,"bridge":false,"source":"OpenStreetMap"}},{"type":"Feature","geometry":{"type":"LineString","coordinates":[[-123.1485792,49.2944659],[-123.1491627,49.2942548],[-123.1492124,49.2942253],[-123.14925,49.2942003],[-123.1494026,49.2940748],[-123.1494967,49.2939856],[-123.1496002,49.2938768],[-123.1496873,49.2937672]]},"properties":{"id":74112853,"name":"Stanley Park Seawall Bike Path","class":"cycleway","surface":"asphalt","width":4,"bridge":false,"source":"OpenStreetMap"}},{"type":"Feature","geometry":{"type":"LineString","coordinates":[[-123.1483856,49.2931729],[-123.1483572,49.2933924],[-123.1483693,49.2935193],[-123.1483823,49.2935806],[-123.1483449,49.2936069],[-123.1482023,49.2935895],[-123.1481061,49.2935828],[-123.1480682,49.2935683],[-123.1480514,49.2935577]]},"properties":{"id":74112855,"name":"Park pathway","class":"footway","surface":"fine_gravel","width":3,"bridge":false,"source":"OpenStreetMap"}},{"type":"Feature","geometry":{"type":"LineString","coordinates":[[-123.1471764,49.2956726],[-123.1471929,49.2956207],[-123.1472751,49.2955071]]},"properties":{"id":74112856,"name":"Park pathway","class":"footway","surface":"fine_gravel","width":3,"bridge":false,"source":"OpenStreetMap"}},{"type":"Feature","geometry":{"type":"LineString","coordinates":[[-123.1472751,49.2955071],[-123.1473171,49.2953978]]},"properties":{"id":74112857,"name":"Park pathway","class":"footway","surface":"wood","width":3,"bridge":true,"source":"OpenStreetMap"}},{"type":"Feature","geometry":{"type":"LineString","coordinates":[[-123.1449878,49.2945101],[-123.144955,49.2945905],[-123.1449658,49.294658],[-123.1451319,49.2947484],[-123.1452345,49.29477],[-123.1452682,49.2947174]]},"properties":{"id":74112859,"name":"Park pathway","class":"footway","surface":"gravel","width":3,"bridge":false,"source":"OpenStreetMap"}},{"type":"Feature","geometry":{"type":"LineString","coordinates":[[-123.1496873,49.2937672],[-123.1496989,49.2937314],[-123.1497249,49.2934905],[-123.1497395,49.2932411],[-123.1497385,49.2931888],[-123.1497244,49.2931385],[-123.1496306,49.2929503],[-123.1495492,49.2928327],[-123.1494488,49.2927172],[-123.1491031,49.2924027],[-123.1487501,49.2920893],[-123.148374,49.2917806],[-123.1480806,49.2915348],[-123.1474046,49.2910019]]},"properties":{"id":74112862,"name":"Stanley Park Seawall Bike Path","class":"cycleway","surface":"asphalt","width":4,"bridge":false,"source":"OpenStreetMap"}},{"type":"Feature","geometry":{"type":"LineString","coordinates":[[-123.1459382,49.2954726],[-123.1459436,49.2955109]]},"properties":{"id":74112864,"name":"Park pathway","class":"footway","surface":"asphalt","width":3,"bridge":false,"source":"OpenStreetMap"}},{"type":"Feature","geometry":{"type":"LineString","coordinates":[[-123.1424671,49.293377],[-123.1424743,49.2934405],[-123.1424665,49.2934968],[-123.1424952,49.2935638],[-123.142577,49.2936687]]},"properties":{"id":74112865,"name":"Park pathway","class":"footway","surface":"asphalt","width":3,"bridge":false,"source":"OpenStreetMap"}},{"type":"Feature","geometry":{"type":"LineString","coordinates":[[-123.1419705,49.2935319],[-123.1417544,49.2936887],[-123.1415912,49.2938339]]},"properties":{"id":74112866,"name":"Park pathway","class":"footway","surface":"gravel","width":3,"bridge":false,"source":"OpenStreetMap"}},{"type":"Feature","geometry":{"type":"LineString","coordinates":[[-123.1439557,49.294235],[-123.1440466,49.294199],[-123.1441566,49.2941766],[-123.1442693,49.2941909],[-123.1443666,49.2942304],[-123.1444988,49.294249],[-123.1446419,49.2943165],[-123.1448794,49.2944541],[-123.1450495,49.2945419],[-123.1451251,49.2946364],[-123.1452682,49.2947174],[-123.145472,49.2948051],[-123.1456257,49.2949064]]},"properties":{"id":74112869,"name":"Park pathway","class":"footway","surface":"gravel","width":3,"bridge":false,"source":"OpenStreetMap"}},{"type":"Feature","geometry":{"type":"LineString","coordinates":[[-123.1446419,49.2943165],[-123.1445717,49.294361],[-123.1445744,49.2944096],[-123.1445892,49.2944838],[-123.1445622,49.294608],[-123.1445623,49.294637]]},"properties":{"id":74112870,"name":"Park pathway","class":"footway","surface":null,"width":3,"bridge":false,"source":"OpenStreetMap"}},{"type":"Feature","geometry":{"type":"LineString","coordinates":[[-123.1456257,49.2949064],[-123.1455544,49.2949631],[-123.1454811,49.2949843],[-123.1451984,49.2950298]]},"properties":{"id":74112874,"name":"Park pathway","class":"footway","surface":"asphalt","width":3,"bridge":false,"source":"OpenStreetMap"}},{"type":"Feature","geometry":{"type":"LineString","coordinates":[[-123.1416386,49.2931887],[-123.1414372,49.2933934],[-123.1410746,49.2936658]]},"properties":{"id":74112875,"name":"Park pathway","class":"footway","surface":"asphalt","width":3,"bridge":false,"source":"OpenStreetMap"}},{"type":"Feature","geometry":{"type":"LineString","coordinates":[[-123.1452345,49.29477],[-123.1452925,49.2948011],[-123.1453357,49.2948902],[-123.1454811,49.2949843]]},"properties":{"id":74112877,"name":"Park pathway","class":"footway","surface":"gravel","width":3,"bridge":false,"source":"OpenStreetMap"}},{"type":"Feature","geometry":{"type":"LineString","coordinates":[[-123.1426725,49.294232],[-123.142743,49.2941683],[-123.1428274,49.2940835],[-123.1429541,49.2939454],[-123.1430349,49.2938796],[-123.1431127,49.2938222]]},"properties":{"id":74112878,"name":"Park pathway","class":"footway","surface":"asphalt","width":3,"bridge":false,"source":"OpenStreetMap"}},{"type":"Feature","geometry":{"type":"LineString","coordinates":[[-123.1421698,49.2935365],[-123.1417306,49.2932443],[-123.1416386,49.2931887],[-123.1415577,49.2931237],[-123.141507,49.2930445]]},"properties":{"id":74112880,"name":"Park pathway","class":"footway","surface":"asphalt","width":3,"bridge":false,"source":"OpenStreetMap"}},{"type":"Feature","geometry":{"type":"LineString","coordinates":[[-123.1431127,49.2938222],[-123.1433662,49.2935324],[-123.1435795,49.293361],[-123.1440506,49.2931464],[-123.1440997,49.2931199]]},"properties":{"id":74267946,"name":"Park pathway","class":"footway","surface":"asphalt","width":3,"bridge":false,"source":"OpenStreetMap"}},{"type":"Feature","geometry":{"type":"LineString","coordinates":[[-123.1371802,49.2944945],[-123.137241,49.294502]]},"properties":{"id":74267948,"name":"Park pathway","class":"footway","surface":"paving_stones","width":3,"bridge":false,"source":"OpenStreetMap"}},{"type":"Feature","geometry":{"type":"LineString","coordinates":[[-123.1463944,49.295886],[-123.1463829,49.296085],[-123.1463734,49.2961477]]},"properties":{"id":74267949,"name":"Park pathway","class":"footway","surface":"asphalt","width":3,"bridge":false,"source":"OpenStreetMap"}},{"type":"Feature","geometry":{"type":"LineString","coordinates":[[-123.1314098,49.2930471],[-123.1314471,49.2926631],[-123.1314647,49.2925586],[-123.131439,49.2925408]]},"properties":{"id":74267953,"name":"Park pathway","class":"footway","surface":"concrete","width":3,"bridge":false,"source":"OpenStreetMap"}},{"type":"Feature","geometry":{"type":"LineString","coordinates":[[-123.1351192,49.2948715],[-123.1348499,49.2948502],[-123.1346664,49.2948293],[-123.1344707,49.2947899],[-123.1343079,49.2947498],[-123.1341594,49.2947023],[-123.1340648,49.2946549],[-123.1339813,49.2945832],[-123.1339143,49.2944876]]},"properties":{"id":74267956,"name":"Seawall","class":"cycleway","surface":"asphalt","width":4,"bridge":false,"source":"OpenStreetMap"}},{"type":"Feature","geometry":{"type":"LineString","coordinates":[[-123.1353153,49.2948818],[-123.1351192,49.2948715]]},"properties":{"id":74267959,"name":"Seawall","class":"cycleway","surface":"asphalt","width":4,"bridge":true,"source":"OpenStreetMap"}},{"type":"Feature","geometry":{"type":"LineString","coordinates":[[-123.1456092,49.3037165],[-123.1455838,49.3037112]]},"properties":{"id":74267960,"name":"Forest trail","class":"path","surface":null,"width":2,"bridge":false,"source":"OpenStreetMap"}},{"type":"Feature","geometry":{"type":"LineString","coordinates":[[-123.1370218,49.2947937],[-123.1371359,49.2946995],[-123.1372518,49.2945778],[-123.1372949,49.2945093],[-123.1373255,49.2944296],[-123.1373711,49.2943509],[-123.1374645,49.2942774],[-123.1374993,49.2942713]]},"properties":{"id":74267962,"name":"Park pathway","class":"cycleway","surface":"asphalt","width":4,"bridge":false,"source":"OpenStreetMap"}},{"type":"Feature","geometry":{"type":"LineString","coordinates":[[-123.1371802,49.2944945],[-123.13713,49.2945607],[-123.1370669,49.2946253],[-123.1369606,49.2947233]]},"properties":{"id":74267963,"name":"Pedestrain path","class":"footway","surface":"concrete","width":3,"bridge":false,"source":"OpenStreetMap"}},{"type":"Feature","geometry":{"type":"LineString","coordinates":[[-123.1425657,49.2933192],[-123.1430678,49.293313],[-123.1434273,49.2933603],[-123.1435517,49.2933833]]},"properties":{"id":74267964,"name":"Park pathway","class":"footway","surface":"asphalt","width":3,"bridge":false,"source":"OpenStreetMap"}},{"type":"Feature","geometry":{"type":"LineString","coordinates":[[-123.134676,49.3004888],[-123.1345875,49.3003016],[-123.1346888,49.299988],[-123.1346804,49.2996523],[-123.1344789,49.2993013]]},"properties":{"id":74267965,"name":"Park pathway","class":"footway","surface":"gravel","width":3,"bridge":false,"source":"OpenStreetMap"}},{"type":"Feature","geometry":{"type":"LineString","coordinates":[[-123.1350232,49.2948659],[-123.1350208,49.2948916],[-123.1350236,49.2949181],[-123.1350716,49.2949864],[-123.1350818,49.2950371],[-123.1350584,49.2950862],[-123.1350333,49.2951256],[-123.1349974,49.2951595],[-123.1349057,49.2952149],[-123.1348301,49.2952534],[-123.1347589,49.2952759],[-123.1346972,49.2952903],[-123.1346335,49.2952971],[-123.1345705,49.2952953],[-123.1344932,49.2952856],[-123.1343272,49.2952261],[-123.134233,49.2951775],[-123.1339872,49.2950674],[-123.1338817,49.2950058],[-123.133754,49.2949076],[-123.1336876,49.2948057],[-123.1336664,49.294752],[-123.1336599,49.2946835],[-123.1336997,49.2946247],[-123.1337932,49.2945417],[-123.1338491,49.2945057]]},"properties":{"id":74267966,"name":"Park pathway","class":"footway","surface":"paved","width":3,"bridge":false,"source":"OpenStreetMap"}},{"type":"Feature","geometry":{"type":"LineString","coordinates":[[-123.1339143,49.2944876],[-123.1338442,49.2943701],[-123.1337256,49.2942724],[-123.1335792,49.2942046],[-123.133214,49.2940664],[-123.1330016,49.2939712],[-123.132889,49.2938909],[-123.1326856,49.2936811],[-123.1325553,49.293595],[-123.1324929,49.2935812]]},"properties":{"id":74267970,"name":"Seawall","class":"cycleway","surface":"asphalt","width":4,"bridge":false,"source":"OpenStreetMap"}},{"type":"Feature","geometry":{"type":"LineString","coordinates":[[-123.1321281,49.2935102],[-123.1314098,49.2930471],[-123.1312941,49.2931215],[-123.1306929,49.2927241],[-123.1305646,49.292733]]},"properties":{"id":74267972,"name":"Seawall","class":"cycleway","surface":"asphalt","width":4,"bridge":false,"source":"OpenStreetMap"}},{"type":"Feature","geometry":{"type":"LineString","coordinates":[[-123.1369606,49.2947233],[-123.1366113,49.2949467]]},"properties":{"id":74267973,"name":"Park pathway","class":"footway","surface":"asphalt","width":3,"bridge":false,"source":"OpenStreetMap"}},{"type":"Feature","geometry":{"type":"LineString","coordinates":[[-123.1355194,49.2960666],[-123.1357156,49.2961108]]},"properties":{"id":74267974,"name":"Park pathway","class":"footway","surface":"asphalt","width":3,"bridge":false,"source":"OpenStreetMap"}},{"type":"Feature","geometry":{"type":"LineString","coordinates":[[-123.1324929,49.2935812],[-123.1325176,49.2936193],[-123.1326478,49.2937053],[-123.1328429,49.2939061],[-123.1330013,49.2940051],[-123.1331087,49.2940516],[-123.1331819,49.2940887],[-123.1336849,49.2943073],[-123.1338134,49.2944163],[-123.1338491,49.2945057],[-123.1339138,49.2946055],[-123.1340138,49.2946911],[-123.134138,49.2947419],[-123.134285,49.2947822],[-123.134452,49.2948209],[-123.1346524,49.2948625],[-123.1348434,49.2948845],[-123.135116,49.2948964]]},"properties":{"id":74267976,"name":"Park pathway","class":"footway","surface":"asphalt","width":3,"bridge":false,"source":"OpenStreetMap"}},{"type":"Feature","geometry":{"type":"LineString","coordinates":[[-123.1423164,49.3037961],[-123.1422286,49.3037718],[-123.1421637,49.3037474],[-123.1420943,49.3036995],[-123.1420598,49.3036595]]},"properties":{"id":74267977,"name":"Park pathway","class":"footway","surface":"fine_gravel","width":3,"bridge":false,"source":"OpenStreetMap"}},{"type":"Feature","geometry":{"type":"LineString","coordinates":[[-123.1463855,49.2953604],[-123.1464731,49.295373],[-123.1469285,49.2953506],[-123.1471383,49.2953469],[-123.1472998,49.2953759],[-123.1473168,49.2953863],[-123.1473171,49.2953978]]},"properties":{"id":74267978,"name":"Park pathway","class":"footway","surface":"ground","width":3,"bridge":false,"source":"OpenStreetMap"}},{"type":"Feature","geometry":{"type":"LineString","coordinates":[[-123.135902,49.2952068],[-123.1358971,49.295241]]},"properties":{"id":75138182,"name":"Stanley Park Seawall Bike Path","class":"cycleway","surface":"asphalt","width":4,"bridge":false,"source":"OpenStreetMap"}},{"type":"Feature","geometry":{"type":"LineString","coordinates":[[-123.1320617,49.2935589],[-123.1320434,49.2935824]]},"properties":{"id":75138195,"name":"Park pathway","class":"footway","surface":"paving_stones","width":3,"bridge":false,"source":"OpenStreetMap"}},{"type":"Feature","geometry":{"type":"LineString","coordinates":[[-123.1324929,49.2935812],[-123.1322908,49.2934535],[-123.1322169,49.2934537],[-123.1321281,49.2935102]]},"properties":{"id":75138196,"name":"Seawall","class":"footway","surface":"paving_stones","width":3,"bridge":false,"source":"OpenStreetMap"}},{"type":"Feature","geometry":{"type":"LineString","coordinates":[[-123.1376547,49.2943788],[-123.1375424,49.2943312],[-123.1374959,49.2942976]]},"properties":{"id":75610194,"name":"Park pathway","class":"footway","surface":"concrete","width":3,"bridge":false,"source":"OpenStreetMap"}},{"type":"Feature","geometry":{"type":"LineString","coordinates":[[-123.1315754,49.3038259],[-123.131458,49.3037665],[-123.1309531,49.3034829]]},"properties":{"id":76973760,"name":"Park pathway","class":"cycleway","surface":"asphalt","width":4,"bridge":false,"source":"OpenStreetMap"}},{"type":"Feature","geometry":{"type":"LineString","coordinates":[[-123.1453067,49.3119549],[-123.1452975,49.3119929]]},"properties":{"id":77451356,"name":"Forest trail","class":"path","surface":"gravel","width":2,"bridge":false,"source":"OpenStreetMap"}},{"type":"Feature","geometry":{"type":"LineString","coordinates":[[-123.1429735,49.3114183],[-123.1436766,49.3116866],[-123.1439805,49.3119499]]},"properties":{"id":77451357,"name":"Park pathway","class":"cycleway","surface":null,"width":4,"bridge":false,"source":"OpenStreetMap"}},{"type":"Feature","geometry":{"type":"LineString","coordinates":[[-123.1531355,49.3082806],[-123.1539097,49.3079901],[-123.1540449,49.3079046]]},"properties":{"id":77451358,"name":"Park pathway","class":"footway","surface":"fine_gravel","width":3,"bridge":false,"source":"OpenStreetMap"}},{"type":"Feature","geometry":{"type":"LineString","coordinates":[[-123.1475942,49.3117646],[-123.1477802,49.311852],[-123.1480002,49.3119866],[-123.1481023,49.3120729],[-123.1482013,49.312123],[-123.1485608,49.3121965],[-123.1492694,49.312393],[-123.1493527,49.3123978],[-123.1495399,49.3123369],[-123.1497476,49.3123022],[-123.1498916,49.3122725],[-123.1499624,49.3122458],[-123.150027,49.3122064],[-123.1501996,49.3120811],[-123.1502886,49.3120517],[-123.1505907,49.3120056],[-123.150669,49.3119849],[-123.1508121,49.3118975],[-123.1508612,49.3118156],[-123.1509077,49.3117296],[-123.150969,49.3116576],[-123.1510373,49.3116087],[-123.1512269,49.3115372],[-123.1513122,49.3114699],[-123.1513727,49.311391],[-123.1513742,49.3113475],[-123.1513529,49.3112889],[-123.151366,49.311244],[-123.1514253,49.311177],[-123.1516158,49.3110301],[-123.1517212,49.3108692],[-123.1518182,49.3107379],[-123.1518538,49.3105822],[-123.1518856,49.3105093],[-123.1519449,49.3104326],[-123.1520672,49.3102583],[-123.1521058,49.3101684],[-123.1520951,49.3100756],[-123.1521348,49.3100247],[-123.1524071,49.3097739],[-123.1524425,49.3097511],[-123.1525557,49.3097087],[-123.1526973,49.309669],[-123.1528468,49.3096469],[-123.1530226,49.3096498],[-123.1532663,49.3096124],[-123.1534144,49.3095597],[-123.1535608,49.3094847],[-123.1537106,49.3093911],[-123.1538511,49.3092663],[-123.153894,49.3091492],[-123.1539247,49.3090863],[-123.1539986,49.3090434],[-123.154089,49.3089566],[-123.1541694,49.3088913],[-123.1549533,49.308289],[-123.1550225,49.3082028],[-123.1550293,49.3080018],[-123.1550604,49.3079314],[-123.155249,49.3077937],[-123.1553916,49.3076595],[-123.1554293,49.307608],[-123.1554466,49.3075598]]},"properties":{"id":77451359,"name":"Siwash Rock Trail","class":"footway","surface":"compacted","width":3,"bridge":false,"source":"OpenStreetMap"}},{"type":"Feature","geometry":{"type":"LineString","coordinates":[[-123.1195914,49.2898854],[-123.1198546,49.2899257],[-123.1204614,49.2900515],[-123.1209142,49.2901886],[-123.1212643,49.2903169],[-123.1218112,49.2905502],[-123.1224447,49.2908779],[-123.122769,49.2910877],[-123.1230621,49.291285],[-123.1231828,49.2913231],[-123.1233172,49.2913186],[-123.1234054,49.2912859],[-123.1240024,49.2908709],[-123.1244053,49.2906691],[-123.1247703,49.2905505],[-123.1251041,49.290493],[-123.1253886,49.2904814],[-123.1256314,49.2904904],[-123.1257459,49.290501],[-123.1257961,49.2905195],[-123.1258328,49.2905478],[-123.125887,49.2905762],[-123.1260409,49.290622],[-123.1261475,49.2906434],[-123.1262281,49.290653],[-123.1262954,49.2906531],[-123.1263334,49.2906284],[-123.1265328,49.2907036],[-123.1266822,49.2907765],[-123.1271486,49.2910675],[-123.1272012,49.2911074],[-123.1272268,49.2911503],[-123.1272588,49.2911814],[-123.1273035,49.2912141],[-123.1273518,49.2912406],[-123.1274368,49.2912663],[-123.1283988,49.2918864],[-123.128394,49.2919017],[-123.1273971,49.2925672],[-123.1275911,49.2927027],[-123.1277229,49.2927867],[-123.1285981,49.2930688],[-123.1287607,49.2931292],[-123.1294509,49.2935672],[-123.1305958,49.2928169],[-123.1306726,49.2928696],[-123.1307247,49.2928332]]},"properties":{"id":85240527,"name":"Park pathway","class":"footway","surface":"paving_stones","width":3,"bridge":false,"source":"OpenStreetMap"}},{"type":"Feature","geometry":{"type":"LineString","coordinates":[[-123.1563232,49.3031146],[-123.1560923,49.3030939]]},"properties":{"id":88285284,"name":"Park pathway","class":"steps","surface":"concrete","width":2,"bridge":false,"source":"OpenStreetMap"}},{"type":"Feature","geometry":{"type":"LineString","coordinates":[[-123.1563232,49.3031146],[-123.1564095,49.3031231]]},"properties":{"id":88285290,"name":"Park pathway","class":"footway","surface":null,"width":3,"bridge":false,"source":"OpenStreetMap"}},{"type":"Feature","geometry":{"type":"LineString","coordinates":[[-123.1555208,49.3030097],[-123.1556778,49.3031077],[-123.1557867,49.3032811],[-123.1559609,49.303413],[-123.1560304,49.3035147]]},"properties":{"id":88285291,"name":"Park pathway","class":"footway","surface":"asphalt","width":3,"bridge":false,"source":"OpenStreetMap"}},{"type":"Feature","geometry":{"type":"LineString","coordinates":[[-123.1560923,49.3030939],[-123.1560566,49.3030914]]},"properties":{"id":88285292,"name":"Park pathway","class":"footway","surface":"asphalt","width":3,"bridge":false,"source":"OpenStreetMap"}},{"type":"Feature","geometry":{"type":"LineString","coordinates":[[-123.1557552,49.302809],[-123.1558477,49.3028989],[-123.1560566,49.3030914],[-123.1560557,49.3033107],[-123.1560304,49.3035147]]},"properties":{"id":88285298,"name":"Park pathway","class":"footway","surface":"asphalt","width":3,"bridge":false,"source":"OpenStreetMap"}},{"type":"Feature","geometry":{"type":"LineString","coordinates":[[-123.1453536,49.3120591],[-123.1454085,49.3121032],[-123.1455341,49.3121142],[-123.1456854,49.3121181],[-123.1460152,49.3120881],[-123.1475942,49.3117646],[-123.1481933,49.3116859],[-123.1484067,49.3116612],[-123.1485339,49.3116264],[-123.1488119,49.3114696],[-123.1491243,49.3113565],[-123.1493803,49.3112427],[-123.1498831,49.3109724],[-123.1500118,49.3108325],[-123.1502452,49.3106244],[-123.1504409,49.3103675],[-123.1506234,49.3101051],[-123.1510279,49.3097998],[-123.151274,49.3096338],[-123.1514148,49.3095472],[-123.1516921,49.3093394],[-123.1520482,49.3091872],[-123.1530799,49.3087713],[-123.1534813,49.3085547],[-123.1538521,49.3082751],[-123.1539831,49.3081706],[-123.1540459,49.3080902],[-123.1540619,49.3080224],[-123.1540449,49.3079466],[-123.1540449,49.3079046]]},"properties":{"id":88285299,"name":"Merilees Trail","class":"footway","surface":"gravel","width":3,"bridge":false,"source":"OpenStreetMap"}},{"type":"Feature","geometry":{"type":"LineString","coordinates":[[-123.150575,49.295118],[-123.1505653,49.2951994],[-123.1505893,49.2953471]]},"properties":{"id":88308061,"name":"Park pathway","class":"footway","surface":"asphalt","width":3,"bridge":false,"source":"OpenStreetMap"}},{"type":"Feature","geometry":{"type":"LineString","coordinates":[[-123.132165,49.2986023],[-123.1321045,49.2985637],[-123.1320309,49.2985366],[-123.1319436,49.2985223],[-123.1318537,49.2985241],[-123.131768,49.2985419],[-123.1317145,49.2985629],[-123.1316682,49.2985901],[-123.1316307,49.2986226],[-123.1316034,49.2986592],[-123.1315873,49.2986985],[-123.1315829,49.298739],[-123.1315905,49.2987794],[-123.1316097,49.2988181],[-123.1316485,49.2988615],[-123.1317018,49.2988977],[-123.1317667,49.2989248],[-123.1318395,49.2989412],[-123.1319162,49.298946],[-123.1319924,49.2989389],[-123.132064,49.2989203],[-123.1321206,49.2988949],[-123.1321678,49.2988623],[-123.1322035,49.298824],[-123.132226,49.2987817],[-123.1322345,49.2987373],[-123.1322284,49.2986926],[-123.1322081,49.2986498],[-123.132165,49.2986023]]},"properties":{"id":88310488,"name":"Park pathway","class":"footway","surface":"asphalt","width":3,"bridge":false,"source":"OpenStreetMap"}},{"type":"Feature","geometry":{"type":"LineString","coordinates":[[-123.1312355,49.2996286],[-123.1309507,49.2997006],[-123.1307961,49.2997203],[-123.1306872,49.2997246],[-123.1305377,49.2997886],[-123.130357,49.2998171],[-123.1304574,49.300035],[-123.1304862,49.30015],[-123.1304672,49.3004612],[-123.130447,49.3005676],[-123.1303805,49.3007122],[-123.1303646,49.3007531],[-123.1303118,49.3007436]]},"properties":{"id":88310490,"name":"Park pathway","class":"footway","surface":"concrete","width":3,"bridge":false,"source":"OpenStreetMap"}},{"type":"Feature","geometry":{"type":"LineString","coordinates":[[-123.13113,49.302866],[-123.1311844,49.302662],[-123.1312131,49.3025833],[-123.1312384,49.3023948]]},"properties":{"id":88310492,"name":"Park pathway","class":"footway","surface":"asphalt","width":3,"bridge":false,"source":"OpenStreetMap"}},{"type":"Feature","geometry":{"type":"LineString","coordinates":[[-123.130323,49.2997509],[-123.1303004,49.2996633],[-123.1303487,49.2995619],[-123.1304877,49.299309],[-123.1304319,49.2992911]]},"properties":{"id":88310499,"name":"Park pathway","class":"footway","surface":"concrete","width":3,"bridge":false,"source":"OpenStreetMap"}},{"type":"Feature","geometry":{"type":"LineString","coordinates":[[-123.1313861,49.2984127],[-123.1315296,49.2983899],[-123.1318373,49.2983502],[-123.1318967,49.2983474]]},"properties":{"id":88311669,"name":"Park pathway","class":"footway","surface":"asphalt","width":3,"bridge":false,"source":"OpenStreetMap"}},{"type":"Feature","geometry":{"type":"LineString","coordinates":[[-123.1317522,49.2983616],[-123.1317552,49.2983769],[-123.1317529,49.2983893],[-123.1317452,49.2984075],[-123.1317284,49.298425],[-123.1316976,49.2984425],[-123.1316615,49.2984513],[-123.1316195,49.2984529],[-123.1315899,49.298449],[-123.1315679,49.2984406],[-123.131545,49.2984206],[-123.1315296,49.2983899]]},"properties":{"id":88311670,"name":"Park pathway","class":"footway","surface":"asphalt","width":3,"bridge":false,"source":"OpenStreetMap"}},{"type":"Feature","geometry":{"type":"LineString","coordinates":[[-123.1319084,49.2982251],[-123.1318967,49.2983474],[-123.131893,49.2984202],[-123.131879,49.298442],[-123.1318527,49.29846],[-123.1317965,49.2984814],[-123.1317248,49.2984947]]},"properties":{"id":88311671,"name":"Park pathway","class":"footway","surface":"asphalt","width":3,"bridge":false,"source":"OpenStreetMap"}},{"type":"Feature","geometry":{"type":"LineString","coordinates":[[-123.1498118,49.2938635],[-123.1498608,49.2935917],[-123.1498987,49.2934217],[-123.1499413,49.2931901],[-123.1499524,49.2930619],[-123.1499477,49.2929193],[-123.1498949,49.2927766],[-123.1497937,49.2926308],[-123.1492473,49.292147],[-123.148931,49.2918778],[-123.1485558,49.2915825],[-123.1481026,49.2912733],[-123.1479297,49.2911375],[-123.1475603,49.2907348],[-123.1474085,49.2906036],[-123.1472252,49.2904725],[-123.1471184,49.2904011],[-123.1469806,49.2903436],[-123.146918,49.2903346],[-123.1468516,49.2902941],[-123.1467004,49.29018],[-123.1465597,49.2901143],[-123.146361,49.2900482]]},"properties":{"id":103703109,"name":"Stanley Park Seawall","class":"footway","surface":"asphalt","width":3,"bridge":false,"source":"OpenStreetMap"}},{"type":"Feature","geometry":{"type":"LineString","coordinates":[[-123.1340374,49.2969416],[-123.1334497,49.2969846],[-123.1332733,49.2969907],[-123.1331865,49.2969885],[-123.1330991,49.2969761],[-123.1329332,49.2969362],[-123.1325652,49.2968582],[-123.1324828,49.2968528],[-123.1324097,49.2968555],[-123.1323382,49.2968654],[-123.1322685,49.2968845],[-123.1322136,49.2969068],[-123.132165,49.2969367],[-123.1319531,49.2971073],[-123.131745,49.297244],[-123.1314259,49.2974163],[-123.1310867,49.2975916],[-123.1309777,49.2976343],[-123.1309153,49.2976554],[-123.1308482,49.297673],[-123.1307281,49.297692],[-123.1305445,49.2977097],[-123.13048,49.2977136],[-123.1303527,49.2977097],[-123.130211,49.2976886],[-123.1301113,49.2976549],[-123.1299998,49.2976066],[-123.1298881,49.2975307],[-123.1297736,49.2974214],[-123.129545,49.2970353],[-123.1293686,49.2968088],[-123.1292438,49.296656],[-123.1290994,49.2965033],[-123.1289195,49.2963331],[-123.1287876,49.2962401],[-123.1285735,49.2961161],[-123.1284571,49.2960732],[-123.1282727,49.2960151],[-123.1281998,49.2959971],[-123.1280714,49.2959784],[-123.1279996,49.2959762],[-123.127849,49.2959886],[-123.1277515,49.2960114],[-123.1276618,49.2960422],[-123.1275588,49.2960877],[-123.1274895,49.2961427],[-123.1274326,49.2962058],[-123.1273024,49.2963721],[-123.1269596,49.2968416],[-123.1268351,49.2969967],[-123.1265618,49.2972453],[-123.1264408,49.2973288],[-123.1262925,49.2974271],[-123.1261307,49.2975145],[-123.1260089,49.2975657],[-123.1258668,49.2976191],[-123.1256977,49.2976742],[-123.125404,49.2977485],[-123.1253,49.2977698],[-123.1251761,49.2977909],[-123.1250432,49.2978087],[-123.1248461,49.2978279],[-123.1246926,49.2978351],[-123.1244539,49.2978361],[-123.1240694,49.2978148],[-123.1238389,49.2977785],[-123.1236142,49.2977388],[-123.123297,49.2977047],[-123.1231285,49.297648],[-123.1229774,49.297602],[-123.1228605,49.2975914],[-123.1227762,49.2975919],[-123.1226665,49.2976081],[-123.122571,49.297633],[-123.1225186,49.2976518],[-123.1224326,49.2976984],[-123.1223674,49.2977452],[-123.1219933,49.2981078],[-123.1218843,49.2981853],[-123.1217164,49.2982796],[-123.1215648,49.2983403],[-123.1214398,49.2983836],[-123.1213198,49.2984156],[-123.1212202,49.2984336],[-123.1211119,49.2984355],[-123.121043,49.2984316],[-123.1209832,49.2984218],[-123.1208774,49.2983988],[-123.1205649,49.2982805],[-123.1203858,49.2981934],[-123.1202387,49.2981032],[-123.1201262,49.2980403],[-123.1200023,49.2980012],[-123.1198818,49.2979823],[-123.1198091,49.2979756],[-123.1197198,49.2979769],[-123.1196431,49.2979864],[-123.1192531,49.2980508],[-123.1191066,49.2980689],[-123.1189742,49.298071],[-123.1180763,49.2980415],[-123.1178312,49.2980399],[-123.1177824,49.298043],[-123.1176631,49.298064],[-123.1175963,49.2980879],[-123.1175143,49.2981252],[-123.1174411,49.2981723],[-123.1173853,49.2982224],[-123.1173192,49.2983165],[-123.1170798,49.298628],[-123.1168847,49.2989175],[-123.1168553,49.2989732],[-123.1168411,49.2990284],[-123.1168212,49.2992904],[-123.1167926,49.2994934],[-123.1167374,49.299677],[-123.1166552,49.2998648],[-123.1165673,49.300082],[-123.1165528,49.3001262],[-123.1165559,49.3002058],[-123.1165938,49.3002348],[-123.1165827,49.3003054],[-123.1165925,49.3004192],[-123.1166309,49.3005257],[-123.1166647,49.3005864],[-123.1167196,49.3006556],[-123.1167821,49.3007176],[-123.1168335,49.3007501],[-123.1169214,49.3007939],[-123.1169202,49.3008248],[-123.1169277,49.3008478],[-123.1169424,49.3008684],[-123.1169641,49.3008853]]},"properties":{"id":106705068,"name":"Park pathway","class":"footway","surface":"asphalt","width":3,"bridge":false,"source":"OpenStreetMap"}},{"type":"Feature","geometry":{"type":"LineString","coordinates":[[-123.1353122,49.2949055],[-123.1353936,49.2949098],[-123.1354657,49.2949216],[-123.1355236,49.2949347],[-123.1355668,49.2949496],[-123.1356351,49.2949971],[-123.135713,49.2950613],[-123.1357971,49.2951113],[-123.1358389,49.2951721],[-123.1358508,49.2952037]]},"properties":{"id":115939805,"name":"Park pathway","class":"footway","surface":"paving_stones","width":3,"bridge":false,"source":"OpenStreetMap"}},{"type":"Feature","geometry":{"type":"LineString","coordinates":[[-123.1352357,49.2939126],[-123.1353636,49.2938311],[-123.1356329,49.2940108],[-123.1354991,49.2940961]]},"properties":{"id":115939812,"name":"Park pathway","class":"footway","surface":"concrete","width":3,"bridge":false,"source":"OpenStreetMap"}},{"type":"Feature","geometry":{"type":"LineString","coordinates":[[-123.1366106,49.2950448],[-123.1370218,49.2947937]]},"properties":{"id":115939816,"name":"Park pathway","class":"cycleway","surface":"paved","width":4,"bridge":false,"source":"OpenStreetMap"}},{"type":"Feature","geometry":{"type":"LineString","coordinates":[[-123.1367849,49.2943616],[-123.1371849,49.2940992]]},"properties":{"id":115939846,"name":"Chilco Bike Route","class":"cycleway","surface":"asphalt","width":4,"bridge":false,"source":"OpenStreetMap"}},{"type":"Feature","geometry":{"type":"LineString","coordinates":[[-123.135116,49.2948964],[-123.1353122,49.2949055]]},"properties":{"id":115939867,"name":"Park pathway","class":"footway","surface":"asphalt","width":3,"bridge":true,"source":"OpenStreetMap"}},{"type":"Feature","geometry":{"type":"LineString","coordinates":[[-123.1366113,49.2949467],[-123.1364909,49.2950013],[-123.1363384,49.295058],[-123.136251,49.295079],[-123.1361567,49.295086],[-123.1360726,49.2950777],[-123.136006,49.2950629],[-123.13584,49.2950064],[-123.135713,49.2950613]]},"properties":{"id":115939875,"name":"Park pathway","class":"footway","surface":"paving_stones","width":3,"bridge":false,"source":"OpenStreetMap"}},{"type":"Feature","geometry":{"type":"LineString","coordinates":[[-123.1498478,49.2955608],[-123.1497692,49.2955432],[-123.1497213,49.2955181],[-123.1496219,49.2954385],[-123.1492741,49.2951911],[-123.149052,49.2950157]]},"properties":{"id":115939885,"name":"Stanley Park Seawall Bike Path","class":"cycleway","surface":"asphalt","width":4,"bridge":false,"source":"OpenStreetMap"}},{"type":"Feature","geometry":{"type":"LineString","coordinates":[[-123.1358971,49.295241],[-123.1359936,49.2952398],[-123.1360816,49.2952223],[-123.1362396,49.2951807],[-123.1364561,49.2951055],[-123.136505,49.295082],[-123.1366106,49.2950448]]},"properties":{"id":115939900,"name":"Park pathway","class":"cycleway","surface":"paved","width":4,"bridge":false,"source":"OpenStreetMap"}},{"type":"Feature","geometry":{"type":"LineString","coordinates":[[-123.1333824,49.2939357],[-123.133214,49.2940664]]},"properties":{"id":115939924,"name":"Park pathway","class":"cycleway","surface":"asphalt","width":4,"bridge":false,"source":"OpenStreetMap"}},{"type":"Feature","geometry":{"type":"LineString","coordinates":[[-123.1505893,49.2953471],[-123.1507152,49.2953733],[-123.1509531,49.295616],[-123.1510138,49.2956253],[-123.1511405,49.2956761],[-123.151199,49.2956964]]},"properties":{"id":115939927,"name":"Park pathway","class":"footway","surface":"asphalt","width":3,"bridge":false,"source":"OpenStreetMap"}},{"type":"Feature","geometry":{"type":"LineString","coordinates":[[-123.1350659,49.2968703],[-123.1347736,49.2969012],[-123.1342836,49.2969941],[-123.1341392,49.2970271],[-123.13382,49.2970918],[-123.1335773,49.2971679],[-123.133305,49.2973009],[-123.1331106,49.2973621],[-123.1329792,49.2973848],[-123.1328851,49.2973912]]},"properties":{"id":116061589,"name":"Park pathway","class":"footway","surface":"asphalt","width":3,"bridge":false,"source":"OpenStreetMap"}},{"type":"Feature","geometry":{"type":"LineString","coordinates":[[-123.1377747,49.3102828],[-123.1377688,49.3103439],[-123.1377829,49.3105116],[-123.1377629,49.3105442]]},"properties":{"id":116061590,"name":"Park pathway","class":"cycleway","surface":"asphalt","width":4,"bridge":false,"source":"OpenStreetMap"}},{"type":"Feature","geometry":{"type":"LineString","coordinates":[[-123.1367398,49.2966491],[-123.13696,49.2968687],[-123.1370028,49.2969378],[-123.1370116,49.2970026],[-123.1370106,49.2970851],[-123.1370418,49.2971231]]},"properties":{"id":116061593,"name":"Park pathway","class":"footway","surface":"concrete","width":3,"bridge":false,"source":"OpenStreetMap"}},{"type":"Feature","geometry":{"type":"LineString","coordinates":[[-123.130594,49.3030841],[-123.1307447,49.3032279],[-123.1309531,49.3034829],[-123.1310218,49.30359]]},"properties":{"id":116061597,"name":"Stanley Park Seawall Bike Path","class":"cycleway","surface":"asphalt","width":4,"bridge":false,"source":"OpenStreetMap"}},{"type":"Feature","geometry":{"type":"LineString","coordinates":[[-123.1371923,49.2970864],[-123.1370418,49.2971231]]},"properties":{"id":116061599,"name":"Park pathway","class":"footway","surface":"gravel","width":3,"bridge":false,"source":"OpenStreetMap"}},{"type":"Feature","geometry":{"type":"LineString","coordinates":[[-123.1358479,49.2952301],[-123.1358971,49.295241]]},"properties":{"id":116061606,"name":"Park pathway","class":"footway","surface":"asphalt","width":3,"bridge":false,"source":"OpenStreetMap"}},{"type":"Feature","geometry":{"type":"LineString","coordinates":[[-123.1359528,49.2962438],[-123.1359156,49.2962707],[-123.135576,49.2968414],[-123.1355338,49.2969177],[-123.1354341,49.2969629]]},"properties":{"id":116061620,"name":"Park pathway","class":"cycleway","surface":"asphalt","width":4,"bridge":false,"source":"OpenStreetMap"}},{"type":"Feature","geometry":{"type":"LineString","coordinates":[[-123.1307281,49.297692],[-123.130738,49.2977242],[-123.1307446,49.2978168],[-123.1307019,49.2978276]]},"properties":{"id":116061621,"name":"Park pathway","class":"footway","surface":null,"width":3,"bridge":false,"source":"OpenStreetMap"}},{"type":"Feature","geometry":{"type":"LineString","coordinates":[[-123.136055,49.2963264],[-123.1360694,49.2963396],[-123.1360826,49.2963617],[-123.136082,49.2964016],[-123.1360888,49.2964143]]},"properties":{"id":116061622,"name":"NB Stanley Park Causeway Bike Route","class":"cycleway","surface":"asphalt","width":4,"bridge":false,"source":"OpenStreetMap"}},{"type":"Feature","geometry":{"type":"LineString","coordinates":[[-123.1562603,49.2977576],[-123.1562718,49.2977015],[-123.1562997,49.2976531],[-123.1563725,49.2976066],[-123.1564421,49.2975793],[-123.1565432,49.2975592],[-123.1566783,49.2975363],[-123.156837,49.2975182],[-123.1568688,49.2974874],[-123.156888,49.2974556],[-123.1568865,49.2973881]]},"properties":{"id":116061624,"name":"Park pathway","class":"footway","surface":"asphalt","width":3,"bridge":false,"source":"OpenStreetMap"}},{"type":"Feature","geometry":{"type":"LineString","coordinates":[[-123.1369302,49.297226],[-123.136875,49.2971801],[-123.1368269,49.2971324]]},"properties":{"id":116061631,"name":"Park pathway","class":"footway","surface":"asphalt","width":3,"bridge":false,"source":"OpenStreetMap"}},{"type":"Feature","geometry":{"type":"LineString","coordinates":[[-123.1310041,49.3026175],[-123.1312131,49.3025833],[-123.1313834,49.3025349],[-123.1315087,49.3025377],[-123.1315677,49.3025561],[-123.1315819,49.302593],[-123.1315771,49.3027285],[-123.1316256,49.3027771]]},"properties":{"id":116061636,"name":"Park pathway","class":"footway","surface":"asphalt","width":3,"bridge":false,"source":"OpenStreetMap"}},{"type":"Feature","geometry":{"type":"LineString","coordinates":[[-123.1580584,49.3005945],[-123.1580781,49.3006556],[-123.1580999,49.3007482],[-123.1581202,49.3007994],[-123.1581353,49.3008622],[-123.1581412,49.3009241],[-123.1581543,49.3009531],[-123.1581831,49.300983],[-123.1582583,49.3010342],[-123.1583133,49.3010666],[-123.1583749,49.3010974],[-123.1583971,49.3010995],[-123.1584191,49.3010913],[-123.1584246,49.3010773],[-123.1583782,49.3010423]]},"properties":{"id":116061643,"name":"Park pathway","class":"footway","surface":"asphalt","width":3,"bridge":false,"source":"OpenStreetMap"}},{"type":"Feature","geometry":{"type":"LineString","coordinates":[[-123.1358799,49.296052],[-123.1359279,49.2961379],[-123.1359528,49.2962438],[-123.1359674,49.296407],[-123.1359728,49.2964343],[-123.1359884,49.2964615],[-123.1360137,49.2964603]]},"properties":{"id":116061646,"name":"Park pathway","class":"cycleway","surface":"asphalt","width":4,"bridge":false,"source":"OpenStreetMap"}},{"type":"Feature","geometry":{"type":"LineString","coordinates":[[-123.1324746,49.2935688],[-123.1325204,49.2934334]]},"properties":{"id":116528908,"name":"Park pathway","class":"cycleway","surface":"concrete","width":4,"bridge":false,"source":"OpenStreetMap"}},{"type":"Feature","geometry":{"type":"LineString","coordinates":[[-123.1310218,49.30359],[-123.131055,49.3036621],[-123.1311379,49.3037834],[-123.1312724,49.3039281],[-123.1314629,49.3041926],[-123.1316064,49.3044016],[-123.1317463,49.3045391],[-123.1318442,49.3046602],[-123.1319787,49.3048657],[-123.1319987,49.3050096],[-123.1321062,49.3051528],[-123.1324021,49.3054495],[-123.1325321,49.3056161],[-123.1326464,49.3057301],[-123.1328123,49.3058397],[-123.1331127,49.3059859],[-123.1343172,49.3065576],[-123.1347647,49.3067576],[-123.1350202,49.3068569],[-123.135399,49.3069359],[-123.135589,49.3070024]]},"properties":{"id":116530429,"name":"Stanley Park Seawall","class":"footway","surface":"asphalt","width":3,"bridge":false,"source":"OpenStreetMap"}},{"type":"Feature","geometry":{"type":"LineString","coordinates":[[-123.1310218,49.30359],[-123.1311693,49.3036913],[-123.1312679,49.3038564],[-123.131487,49.3041325],[-123.1315588,49.3042549],[-123.1316823,49.3044191],[-123.1317798,49.3045102],[-123.1318984,49.3046628],[-123.1320044,49.3048415],[-123.1320713,49.3049882],[-123.1321536,49.3051312],[-123.1323291,49.3052986],[-123.1324639,49.3054427],[-123.1325777,49.3055974],[-123.132672,49.3056949],[-123.1328336,49.305802],[-123.1332349,49.3059997],[-123.1340062,49.3063656],[-123.1343307,49.3065287],[-123.1349309,49.306781],[-123.1351011,49.3068432],[-123.1354294,49.306912],[-123.135604,49.306959],[-123.1356172,49.3069743]]},"properties":{"id":116530434,"name":"Stanley Park Seawall Bike Path","class":"cycleway","surface":"asphalt","width":4,"bridge":false,"source":"OpenStreetMap"}},{"type":"Feature","geometry":{"type":"LineString","coordinates":[[-123.1559073,49.3023846],[-123.1559747,49.3023876],[-123.1560204,49.3023821],[-123.1566312,49.3021227],[-123.1567074,49.3021117]]},"properties":{"id":116530438,"name":"Park pathway","class":"footway","surface":"asphalt","width":3,"bridge":false,"source":"OpenStreetMap"}},{"type":"Feature","geometry":{"type":"LineString","coordinates":[[-123.1374645,49.2942774],[-123.1373838,49.2942229]]},"properties":{"id":117158525,"name":"Park pathway","class":"footway","surface":"concrete","width":3,"bridge":false,"source":"OpenStreetMap"}},{"type":"Feature","geometry":{"type":"LineString","coordinates":[[-123.1496873,49.2937672],[-123.1497126,49.2937704],[-123.1497057,49.2939769],[-123.1497206,49.2942429],[-123.1498276,49.2942767]]},"properties":{"id":117240612,"name":"Park pathway","class":"footway","surface":"asphalt","width":3,"bridge":false,"source":"OpenStreetMap"}},{"type":"Feature","geometry":{"type":"LineString","coordinates":[[-123.1485792,49.2944659],[-123.1485204,49.2943925],[-123.1484701,49.294318],[-123.1484343,49.2942948],[-123.148365,49.2942723],[-123.1483272,49.2942696],[-123.1482939,49.2942734],[-123.1482723,49.2942836],[-123.1482178,49.2943225],[-123.1480844,49.2944322],[-123.1480172,49.2944997],[-123.147992,49.2945517],[-123.1479883,49.294597],[-123.1479735,49.2946418],[-123.1479361,49.2946752],[-123.147852,49.2947062],[-123.1477259,49.294795],[-123.1476092,49.2948655],[-123.1471374,49.2950918],[-123.1466462,49.2953128],[-123.1462583,49.2954449],[-123.1460997,49.29549],[-123.1459436,49.2955109],[-123.145739,49.2955002],[-123.1456353,49.2953513],[-123.1455965,49.2953087],[-123.1448151,49.2948557],[-123.1444666,49.2946152],[-123.1440563,49.2943496],[-123.1438293,49.2941819],[-123.1436575,49.2940874],[-123.143501,49.2940071],[-123.1433457,49.2939412],[-123.1430855,49.2938427],[-123.1424318,49.2936508],[-123.1412813,49.2937167],[-123.1409575,49.2937276],[-123.140892,49.2937335],[-123.1405397,49.2937857],[-123.1398641,49.2938972],[-123.1394674,49.2939539],[-123.1388382,49.2940164],[-123.1385018,49.2940901]]},"properties":{"id":117240620,"name":"Park pathway","class":"cycleway","surface":"asphalt","width":4,"bridge":false,"source":"OpenStreetMap"}},{"type":"Feature","geometry":{"type":"LineString","coordinates":[[-123.1498478,49.2955608],[-123.1497737,49.2955773]]},"properties":{"id":118521892,"name":"Park pathway","class":"footway","surface":"asphalt","width":3,"bridge":false,"source":"OpenStreetMap"}},{"type":"Feature","geometry":{"type":"LineString","coordinates":[[-123.1307247,49.2928332],[-123.1312886,49.2931943],[-123.1313861,49.2931316],[-123.1320617,49.2935589],[-123.1321281,49.2935102]]},"properties":{"id":119945023,"name":"Park pathway","class":"footway","surface":"paving_stones","width":3,"bridge":false,"source":"OpenStreetMap"}},{"type":"Feature","geometry":{"type":"LineString","coordinates":[[-123.1416083,49.3118994],[-123.1415351,49.311983],[-123.1414139,49.3121079],[-123.1414124,49.3121322]]},"properties":{"id":120254690,"name":"Park pathway","class":"cycleway","surface":"asphalt","width":4,"bridge":false,"source":"OpenStreetMap"}},{"type":"Feature","geometry":{"type":"LineString","coordinates":[[-123.143093,49.3124522],[-123.1430347,49.3125112]]},"properties":{"id":120254701,"name":"Park pathway","class":"footway","surface":"concrete","width":3,"bridge":false,"source":"OpenStreetMap"}},{"type":"Feature","geometry":{"type":"LineString","coordinates":[[-123.1423142,49.3108611],[-123.1421736,49.3108224],[-123.1420584,49.3107545],[-123.1419651,49.3106346],[-123.1419318,49.3105374],[-123.1419291,49.3104311],[-123.1419668,49.310135],[-123.1419833,49.310077],[-123.1421731,49.3098303],[-123.1422471,49.3097813],[-123.1426899,49.3094111],[-123.1427142,49.30936],[-123.1427043,49.3092978],[-123.1426662,49.309245],[-123.1425996,49.3092179],[-123.1425169,49.3091953],[-123.1424854,49.309166],[-123.1424516,49.3090235],[-123.1424122,49.3089315],[-123.1423261,49.3088229],[-123.142211,49.3087247],[-123.1420712,49.3085775],[-123.1419911,49.3085293],[-123.1418992,49.308524],[-123.1418054,49.3085455],[-123.141679,49.3085959],[-123.1415625,49.3086679],[-123.1414821,49.3087242],[-123.1414346,49.3087826],[-123.141387,49.3089016],[-123.1413594,49.3090164],[-123.1413111,49.3090872],[-123.1411716,49.3092189],[-123.1411193,49.309317],[-123.1410764,49.3095181],[-123.1410199,49.3096623],[-123.1409051,49.3098407],[-123.1408211,49.3101205],[-123.1407707,49.3103235],[-123.1407206,49.3104971],[-123.1406809,49.3106939],[-123.1406294,49.3110969],[-123.1406271,49.311133],[-123.1406351,49.311177],[-123.1406349,49.3113846],[-123.1406719,49.3114773],[-123.1406961,49.3117571],[-123.1406935,49.311846],[-123.1406722,49.3119049],[-123.1406405,49.3119441],[-123.1406019,49.3119726],[-123.1405145,49.3120132],[-123.1404166,49.3120349],[-123.1403426,49.3120458],[-123.140249,49.3120517],[-123.1401736,49.3120458],[-123.1400441,49.3119973],[-123.13991,49.3120384],[-123.1398243,49.312051],[-123.1397516,49.3120476],[-123.1396377,49.3120192],[-123.1395395,49.3119824],[-123.1394418,49.3119394],[-123.1392956,49.3118412],[-123.1392112,49.3117674],[-123.1391227,49.3117271],[-123.1390031,49.3117025],[-123.1387298,49.311451],[-123.1385387,49.3113014],[-123.1383274,49.3111885],[-123.1382138,49.311107],[-123.1380484,49.3109316],[-123.1379907,49.310852],[-123.1379527,49.3106486],[-123.137923,49.3106038],[-123.137891,49.3105844],[-123.1377629,49.3105442]]},"properties":{"id":120254703,"name":"Avison Trail","class":"cycleway","surface":"gravel","width":4,"bridge":false,"source":"OpenStreetMap"}},{"type":"Feature","geometry":{"type":"LineString","coordinates":[[-123.142143,49.3126359],[-123.1420997,49.3126215],[-123.141974,49.312598],[-123.1418804,49.3125453],[-123.1418292,49.3124374],[-123.1418271,49.3123116]]},"properties":{"id":120254723,"name":"Park pathway","class":"footway","surface":"gravel","width":3,"bridge":false,"source":"OpenStreetMap"}},{"type":"Feature","geometry":{"type":"LineString","coordinates":[[-123.1425934,49.313391],[-123.1428314,49.3130114]]},"properties":{"id":120254725,"name":"Park pathway","class":"footway","surface":"concrete","width":3,"bridge":false,"source":"OpenStreetMap"}},{"type":"Feature","geometry":{"type":"LineString","coordinates":[[-123.1450502,49.3036468],[-123.1449868,49.3036785],[-123.1449199,49.303724],[-123.144859,49.3037898],[-123.1448929,49.3038393],[-123.144989,49.3038752],[-123.145123,49.3039145]]},"properties":{"id":120254730,"name":"Park pathway","class":"footway","surface":"asphalt","width":3,"bridge":false,"source":"OpenStreetMap"}},{"type":"Feature","geometry":{"type":"LineString","coordinates":[[-123.141974,49.312598],[-123.1419721,49.3126556]]},"properties":{"id":120254732,"name":"Park pathway","class":"footway","surface":"gravel","width":3,"bridge":false,"source":"OpenStreetMap"}},{"type":"Feature","geometry":{"type":"LineString","coordinates":[[-123.1313432,49.2978106],[-123.131357,49.2978047],[-123.1313596,49.297757],[-123.1313557,49.2977024],[-123.131438,49.2976614],[-123.1315335,49.2977322],[-123.1315845,49.2978192],[-123.1317002,49.297834],[-123.1317754,49.2978062]]},"properties":{"id":120629380,"name":"Park pathway","class":"footway","surface":"paving_stones","width":3,"bridge":false,"source":"OpenStreetMap"}},{"type":"Feature","geometry":{"type":"LineString","coordinates":[[-123.1320797,49.3007895],[-123.1321169,49.3007927],[-123.1321759,49.3008048],[-123.1322123,49.3008199],[-123.1323024,49.3008842],[-123.1323366,49.3009185],[-123.1323821,49.3009882],[-123.1323952,49.3010328],[-123.132394,49.3010735],[-123.1323788,49.3011541],[-123.1323112,49.3012433],[-123.1322591,49.3012886],[-123.1322105,49.3013115],[-123.1320046,49.3013611]]},"properties":{"id":120629382,"name":"Park pathway","class":"footway","surface":"asphalt","width":3,"bridge":false,"source":"OpenStreetMap"}},{"type":"Feature","geometry":{"type":"LineString","coordinates":[[-123.1341414,49.2994519],[-123.1334181,49.299587],[-123.1333494,49.299592],[-123.1331796,49.2995667],[-123.1330947,49.2995224],[-123.1330171,49.2994765],[-123.13292,49.2994591],[-123.1329079,49.299429]]},"properties":{"id":120629384,"name":"Park pathway","class":"footway","surface":"asphalt","width":3,"bridge":false,"source":"OpenStreetMap"}},{"type":"Feature","geometry":{"type":"LineString","coordinates":[[-123.1323024,49.3008842],[-123.1328716,49.300598]]},"properties":{"id":120629387,"name":"Park pathway","class":"footway","surface":"asphalt","width":3,"bridge":false,"source":"OpenStreetMap"}},{"type":"Feature","geometry":{"type":"LineString","coordinates":[[-123.1343639,49.3012025],[-123.1343228,49.3012936],[-123.1343118,49.3013345],[-123.1343319,49.3013666],[-123.1344568,49.3013465],[-123.1345854,49.3013825],[-123.1346302,49.3014799],[-123.1346206,49.3015281],[-123.1346334,49.3015776],[-123.1347296,49.3016804],[-123.1346842,49.3017442],[-123.1346075,49.3017569]]},"properties":{"id":120629389,"name":"Park pathway","class":"footway","surface":null,"width":3,"bridge":false,"source":"OpenStreetMap"}},{"type":"Feature","geometry":{"type":"LineString","coordinates":[[-123.130357,49.2998171],[-123.130323,49.2997509],[-123.1302314,49.2997534]]},"properties":{"id":120629391,"name":"Park pathway","class":"footway","surface":"concrete","width":3,"bridge":false,"source":"OpenStreetMap"}},{"type":"Feature","geometry":{"type":"LineString","coordinates":[[-123.1329507,49.2975032],[-123.1329589,49.2975133],[-123.1330235,49.2975613],[-123.1330461,49.2975893],[-123.1331274,49.2977274],[-123.1331737,49.2978246],[-123.1332046,49.2978937],[-123.1332217,49.2980274],[-123.1332747,49.2981949]]},"properties":{"id":120629396,"name":"Park pathway","class":"footway","surface":"asphalt","width":3,"bridge":false,"source":"OpenStreetMap"}},{"type":"Feature","geometry":{"type":"LineString","coordinates":[[-123.1334825,49.2992176],[-123.1336405,49.2995445]]},"properties":{"id":120629403,"name":"Park pathway","class":"footway","surface":"asphalt","width":3,"bridge":false,"source":"OpenStreetMap"}},{"type":"Feature","geometry":{"type":"LineString","coordinates":[[-123.133801,49.2991527],[-123.1339322,49.2994891]]},"properties":{"id":120629419,"name":"Park pathway","class":"footway","surface":"asphalt","width":3,"bridge":false,"source":"OpenStreetMap"}},{"type":"Feature","geometry":{"type":"LineString","coordinates":[[-123.1338185,49.300622],[-123.1339796,49.3005549]]},"properties":{"id":120629426,"name":"Park pathway","class":"footway","surface":"concrete","width":3,"bridge":false,"source":"OpenStreetMap"}},{"type":"Feature","geometry":{"type":"LineString","coordinates":[[-123.1305079,49.302603],[-123.1308296,49.3019008],[-123.130916,49.3018023],[-123.1311164,49.3016555],[-123.1316035,49.3014303],[-123.1319025,49.301343],[-123.1320046,49.3013611]]},"properties":{"id":120629428,"name":"Park pathway","class":"footway","surface":"asphalt","width":3,"bridge":false,"source":"OpenStreetMap"}},{"type":"Feature","geometry":{"type":"LineString","coordinates":[[-123.1308382,49.2982501],[-123.1307914,49.298323],[-123.1307228,49.2983956],[-123.1306657,49.2984293],[-123.1306016,49.2984553],[-123.1305081,49.2984492],[-123.1304209,49.2984261],[-123.1302005,49.298355],[-123.1301002,49.298309],[-123.1300109,49.298263],[-123.1298375,49.2981459],[-123.1297047,49.2980725],[-123.1295293,49.2980144],[-123.1292362,49.2979408],[-123.1291579,49.297927],[-123.1290719,49.2979215],[-123.1287702,49.2979408],[-123.128621,49.2979398],[-123.1285272,49.2979255],[-123.128391,49.2978795],[-123.1282933,49.29782],[-123.128116,49.2977612],[-123.1279071,49.2977219],[-123.1277692,49.2977257],[-123.1276189,49.2977427],[-123.1274449,49.2977334],[-123.1272632,49.297711],[-123.1269828,49.297711],[-123.1267319,49.297755],[-123.1263121,49.297873],[-123.1260605,49.2979199]]},"properties":{"id":120629437,"name":"Brockton Point Trail","class":"footway","surface":"gravel","width":3,"bridge":false,"source":"OpenStreetMap"}},{"type":"Feature","geometry":{"type":"LineString","coordinates":[[-123.133002,49.3009964],[-123.1330122,49.3010918],[-123.1330048,49.3011277],[-123.1329801,49.3011803],[-123.1329377,49.3012484],[-123.1329242,49.3012808],[-123.1329189,49.3013236],[-123.1329171,49.3014156]]},"properties":{"id":120629442,"name":"Park pathway","class":"footway","surface":"asphalt","width":3,"bridge":false,"source":"OpenStreetMap"}},{"type":"Feature","geometry":{"type":"LineString","coordinates":[[-123.1332583,49.3015625],[-123.1334375,49.3015862],[-123.1334774,49.3015882],[-123.1334655,49.3016898],[-123.1332564,49.3017001]]},"properties":{"id":120629443,"name":"Park pathway","class":"footway","surface":null,"width":3,"bridge":false,"source":"OpenStreetMap"}},{"type":"Feature","geometry":{"type":"LineString","coordinates":[[-123.1332697,49.300479],[-123.13339,49.3005511],[-123.13354,49.3006051],[-123.13369,49.3006347],[-123.1337222,49.300638],[-123.1337665,49.3006358],[-123.1338185,49.300622]]},"properties":{"id":120629444,"name":"Park pathway","class":"footway","surface":"asphalt","width":3,"bridge":false,"source":"OpenStreetMap"}},{"type":"Feature","geometry":{"type":"LineString","coordinates":[[-123.1335973,49.2997954],[-123.1336502,49.2998751],[-123.1337278,49.299883],[-123.1338419,49.2999574],[-123.1340332,49.2999834]]},"properties":{"id":120629447,"name":"Park pathway","class":"footway","surface":null,"width":3,"bridge":false,"source":"OpenStreetMap"}},{"type":"Feature","geometry":{"type":"LineString","coordinates":[[-123.1327416,49.3018201],[-123.1327503,49.301779],[-123.132738,49.3017383],[-123.1327058,49.3017025],[-123.1326563,49.3016752],[-123.1325956,49.3016602],[-123.1325308,49.3016593],[-123.1324722,49.3016716],[-123.1324226,49.3016953],[-123.1323872,49.3017282],[-123.1323696,49.3017666],[-123.1323716,49.3018067],[-123.1323931,49.3018443],[-123.1324317,49.3018755],[-123.1324836,49.3018971],[-123.1325454,49.301907],[-123.1326088,49.301903],[-123.1326666,49.3018858],[-123.1327126,49.3018571],[-123.1327416,49.3018201]]},"properties":{"id":120629448,"name":"Park pathway","class":"footway","surface":"asphalt","width":3,"bridge":false,"source":"OpenStreetMap"}},{"type":"Feature","geometry":{"type":"LineString","coordinates":[[-123.1363777,49.2964147],[-123.1364563,49.2963268]]},"properties":{"id":120629449,"name":"Park pathway","class":"cycleway","surface":"asphalt","width":4,"bridge":false,"source":"OpenStreetMap"}},{"type":"Feature","geometry":{"type":"LineString","coordinates":[[-123.13374,49.2991538],[-123.1337181,49.2991759],[-123.133706,49.2992186],[-123.1336745,49.2992471],[-123.1336114,49.2992487],[-123.1335677,49.299236],[-123.1335192,49.2992012]]},"properties":{"id":120629453,"name":"Park pathway","class":"footway","surface":"asphalt","width":3,"bridge":false,"source":"OpenStreetMap"}},{"type":"Feature","geometry":{"type":"LineString","coordinates":[[-123.1334703,49.3016484],[-123.1337652,49.3016444],[-123.134054,49.301385],[-123.1341889,49.3013154],[-123.1344184,49.3011671],[-123.1344644,49.3011473]]},"properties":{"id":120629455,"name":"Park pathway","class":"footway","surface":null,"width":3,"bridge":false,"source":"OpenStreetMap"}},{"type":"Feature","geometry":{"type":"LineString","coordinates":[[-123.1333688,49.2992519],[-123.1333397,49.2993926],[-123.133347,49.2994369],[-123.1335629,49.2998925],[-123.1337157,49.300171]]},"properties":{"id":120629457,"name":"Park pathway","class":"footway","surface":"asphalt","width":3,"bridge":false,"source":"OpenStreetMap"}},{"type":"Feature","geometry":{"type":"LineString","coordinates":[[-123.1315206,49.2981419],[-123.1316432,49.2981095],[-123.1325502,49.2976385],[-123.1326624,49.2975877],[-123.1327544,49.2975664],[-123.1328758,49.2975305],[-123.1329589,49.2975133]]},"properties":{"id":120629459,"name":"Park pathway","class":"footway","surface":"asphalt","width":3,"bridge":false,"source":"OpenStreetMap"}},{"type":"Feature","geometry":{"type":"LineString","coordinates":[[-123.1324582,49.301131],[-123.1327371,49.301319],[-123.132825,49.3013691],[-123.1329171,49.3014156],[-123.1332583,49.3015625],[-123.1332564,49.3017001],[-123.1332327,49.30174],[-123.1331268,49.3018658],[-123.1329842,49.3020069]]},"properties":{"id":120629460,"name":"Park pathway","class":"footway","surface":"asphalt","width":3,"bridge":false,"source":"OpenStreetMap"}},{"type":"Feature","geometry":{"type":"LineString","coordinates":[[-123.1324029,49.3017136],[-123.1323543,49.3016989],[-123.1322236,49.3017084],[-123.1321867,49.3017182],[-123.1321518,49.3017355],[-123.1319587,49.3019342],[-123.1319091,49.3019712],[-123.1318711,49.3019882],[-123.1318273,49.3019961],[-123.1317883,49.3019935],[-123.1316935,49.3019716],[-123.1316342,49.3019468]]},"properties":{"id":120629461,"name":"Park pathway","class":"footway","surface":"asphalt","width":3,"bridge":false,"source":"OpenStreetMap"}},{"type":"Feature","geometry":{"type":"LineString","coordinates":[[-123.1355357,49.2994619],[-123.1354755,49.2995257],[-123.1346888,49.299988],[-123.134362,49.3000572],[-123.1342742,49.3001079],[-123.1342843,49.300188],[-123.1342128,49.3002425]]},"properties":{"id":120629464,"name":"Park pathway","class":"footway","surface":"gravel","width":3,"bridge":false,"source":"OpenStreetMap"}},{"type":"Feature","geometry":{"type":"LineString","coordinates":[[-123.1340599,49.3000931],[-123.1335508,49.3002058],[-123.1331013,49.3001885],[-123.1326993,49.3001203],[-123.1322384,49.300065],[-123.1321438,49.3000509]]},"properties":{"id":120629465,"name":"Park pathway","class":"footway","surface":"asphalt","width":3,"bridge":false,"source":"OpenStreetMap"}},{"type":"Feature","geometry":{"type":"LineString","coordinates":[[-123.1324986,49.2980079],[-123.1325161,49.2980423],[-123.1325136,49.298075],[-123.1324931,49.2981001],[-123.1324685,49.2981142],[-123.1323597,49.2981504],[-123.1322222,49.2981893],[-123.1321981,49.2982072],[-123.1320856,49.298439],[-123.1320309,49.2985366]]},"properties":{"id":120629470,"name":"Park pathway","class":"footway","surface":null,"width":3,"bridge":false,"source":"OpenStreetMap"}},{"type":"Feature","geometry":{"type":"LineString","coordinates":[[-123.1335243,49.2998112],[-123.1335973,49.2997954],[-123.1337118,49.2997963]]},"properties":{"id":120629481,"name":"Park pathway","class":"footway","surface":"asphalt","width":3,"bridge":false,"source":"OpenStreetMap"}},{"type":"Feature","geometry":{"type":"LineString","coordinates":[[-123.1455838,49.3037112],[-123.1455261,49.3036961],[-123.1452641,49.3037216]]},"properties":{"id":124221070,"name":"Park pathway","class":"footway","surface":"dirt","width":3,"bridge":false,"source":"OpenStreetMap"}},{"type":"Feature","geometry":{"type":"LineString","coordinates":[[-123.1375737,49.3077696],[-123.138085,49.3077663],[-123.1383551,49.3077842],[-123.1387075,49.3077802],[-123.1413609,49.3077988],[-123.1417503,49.3078216],[-123.1421388,49.3079528],[-123.1424178,49.3080379],[-123.1425396,49.3080787]]},"properties":{"id":128478875,"name":"Reservoir Trail","class":"footway","surface":"gravel","width":3,"bridge":false,"source":"OpenStreetMap"}},{"type":"Feature","geometry":{"type":"LineString","coordinates":[[-123.1426303,49.3112693],[-123.1426652,49.3113398],[-123.1426826,49.3114064],[-123.1426756,49.3114649],[-123.1426811,49.3115698],[-123.1427811,49.3123143]]},"properties":{"id":128922681,"name":"Park pathway","class":"cycleway","surface":"paved","width":4,"bridge":false,"source":"OpenStreetMap"}},{"type":"Feature","geometry":{"type":"LineString","coordinates":[[-123.1423984,49.3109885],[-123.1426303,49.3112693]]},"properties":{"id":128922682,"name":"Park pathway","class":"cycleway","surface":"asphalt","width":4,"bridge":true,"source":"OpenStreetMap"}},{"type":"Feature","geometry":{"type":"LineString","coordinates":[[-123.1406867,49.312977],[-123.1407097,49.3128486],[-123.1407169,49.312767],[-123.1406963,49.3126833],[-123.1406549,49.3125649],[-123.1405112,49.3123295],[-123.1401937,49.3120826],[-123.1400441,49.3119973]]},"properties":{"id":174994814,"name":"Park pathway","class":"footway","surface":"gravel","width":3,"bridge":false,"source":"OpenStreetMap"}},{"type":"Feature","geometry":{"type":"LineString","coordinates":[[-123.1418992,49.308524],[-123.1417621,49.3084777],[-123.1415484,49.3084169],[-123.1413983,49.3084017]]},"properties":{"id":174994815,"name":"Park pathway","class":"footway","surface":"compacted","width":3,"bridge":false,"source":"OpenStreetMap"}},{"type":"Feature","geometry":{"type":"LineString","coordinates":[[-123.1550273,49.3080869],[-123.1553851,49.3080785],[-123.1554725,49.3080992],[-123.1555346,49.3081426],[-123.1556737,49.3083385],[-123.1557885,49.3084431]]},"properties":{"id":174995024,"name":"Siwash Rock Lookout","class":"footway","surface":"gravel","width":3,"bridge":false,"source":"OpenStreetMap"}},{"type":"Feature","geometry":{"type":"LineString","coordinates":[[-123.1421779,49.3136063],[-123.1423274,49.3136934]]},"properties":{"id":190392418,"name":"Park pathway","class":"footway","surface":"asphalt","width":3,"bridge":false,"source":"OpenStreetMap"}},{"type":"Feature","geometry":{"type":"LineString","coordinates":[[-123.1422219,49.3137803],[-123.1420451,49.3136704],[-123.1420339,49.3136786]]},"properties":{"id":190392419,"name":"Park pathway","class":"footway","surface":"asphalt","width":3,"bridge":false,"source":"OpenStreetMap"}},{"type":"Feature","geometry":{"type":"LineString","coordinates":[[-123.1538169,49.3062767],[-123.1538678,49.3062509],[-123.1539209,49.3062148],[-123.1540866,49.3059165],[-123.1541188,49.3058762],[-123.1542744,49.3056611],[-123.1546472,49.3051749],[-123.1547921,49.3049738],[-123.1548698,49.3048269],[-123.15513,49.3044561],[-123.1553419,49.3042585],[-123.1557174,49.3039385],[-123.1558668,49.3038663],[-123.1559589,49.3038055]]},"properties":{"id":190392423,"name":"Third Beach Trail","class":"footway","surface":"gravel","width":3,"bridge":false,"source":"OpenStreetMap"}},{"type":"Feature","geometry":{"type":"LineString","coordinates":[[-123.1422219,49.3137803],[-123.1424827,49.3135664]]},"properties":{"id":190392424,"name":"Park pathway","class":"steps","surface":"concrete","width":2,"bridge":false,"source":"OpenStreetMap"}},{"type":"Feature","geometry":{"type":"LineString","coordinates":[[-123.142846,49.3133075],[-123.1428102,49.3132821]]},"properties":{"id":190392426,"name":"Park pathway","class":"footway","surface":"gravel","width":3,"bridge":false,"source":"OpenStreetMap"}},{"type":"Feature","geometry":{"type":"LineString","coordinates":[[-123.13113,49.302866],[-123.1313285,49.3028888],[-123.1312993,49.302927],[-123.1311898,49.3029844],[-123.1310293,49.3029979],[-123.1310025,49.3029939],[-123.1307902,49.302938]]},"properties":{"id":190667581,"name":"Park pathway","class":"footway","surface":"asphalt","width":3,"bridge":false,"source":"OpenStreetMap"}},{"type":"Feature","geometry":{"type":"LineString","coordinates":[[-123.1316097,49.2988181],[-123.1314787,49.298831],[-123.1312896,49.2988353],[-123.131017,49.2988268],[-123.1309459,49.2988172],[-123.1308872,49.2988037],[-123.1307725,49.298763],[-123.1306039,49.2986949]]},"properties":{"id":190667582,"name":"Park pathway","class":"footway","surface":"asphalt","width":3,"bridge":false,"source":"OpenStreetMap"}},{"type":"Feature","geometry":{"type":"LineString","coordinates":[[-123.1322081,49.2986498],[-123.13211,49.2986856],[-123.1319298,49.2987445]]},"properties":{"id":190667586,"name":"Park pathway","class":"footway","surface":"asphalt","width":3,"bridge":false,"source":"OpenStreetMap"}},{"type":"Feature","geometry":{"type":"LineString","coordinates":[[-123.1337652,49.3016444],[-123.1339257,49.3016547],[-123.1341933,49.3016909],[-123.1343152,49.3017213],[-123.1346075,49.3017569]]},"properties":{"id":190667587,"name":"Park pathway","class":"footway","surface":null,"width":3,"bridge":false,"source":"OpenStreetMap"}},{"type":"Feature","geometry":{"type":"LineString","coordinates":[[-123.132064,49.2989203],[-123.1320033,49.2988517],[-123.1319298,49.2987445]]},"properties":{"id":190667588,"name":"Park pathway","class":"footway","surface":"asphalt","width":3,"bridge":false,"source":"OpenStreetMap"}},{"type":"Feature","geometry":{"type":"LineString","coordinates":[[-123.131768,49.2985419],[-123.1317248,49.2984947],[-123.1316865,49.2984466],[-123.1315395,49.2982461],[-123.1315192,49.2982114],[-123.1315115,49.2981769],[-123.1315206,49.2981419],[-123.1314399,49.2980118],[-123.1313318,49.2979114],[-123.1312654,49.2978556],[-123.1311722,49.2977872]]},"properties":{"id":190667589,"name":"Park pathway","class":"footway","surface":"asphalt","width":3,"bridge":false,"source":"OpenStreetMap"}},{"type":"Feature","geometry":{"type":"LineString","coordinates":[[-123.1343319,49.3013666],[-123.1343478,49.301409],[-123.1343382,49.3014575],[-123.1342829,49.3014954],[-123.1342153,49.3015086],[-123.1341903,49.3015222],[-123.1342067,49.3015799],[-123.1342432,49.3016139],[-123.1342383,49.3016529],[-123.1341933,49.3016909]]},"properties":{"id":190667590,"name":"Park pathway","class":"footway","surface":null,"width":3,"bridge":false,"source":"OpenStreetMap"}},{"type":"Feature","geometry":{"type":"LineString","coordinates":[[-123.1319298,49.2987445],[-123.1318341,49.2987693],[-123.1316097,49.2988181]]},"properties":{"id":190667591,"name":"Park pathway","class":"footway","surface":"asphalt","width":3,"bridge":false,"source":"OpenStreetMap"}},{"type":"Feature","geometry":{"type":"LineString","coordinates":[[-123.1319298,49.2987445],[-123.131768,49.2985419]]},"properties":{"id":190667592,"name":"Park pathway","class":"footway","surface":"asphalt","width":3,"bridge":false,"source":"OpenStreetMap"}},{"type":"Feature","geometry":{"type":"LineString","coordinates":[[-123.1453051,49.2917324],[-123.1451401,49.291831],[-123.1449217,49.2918655],[-123.1447124,49.2920137],[-123.1444979,49.2921559],[-123.1443403,49.2923013],[-123.1440363,49.2925071],[-123.143653,49.2926999],[-123.1433633,49.2928853],[-123.1431628,49.2930452]]},"properties":{"id":190668728,"name":"Park pathway","class":"footway","surface":"asphalt","width":3,"bridge":false,"source":"OpenStreetMap"}},{"type":"Feature","geometry":{"type":"LineString","coordinates":[[-123.134738,49.2975671],[-123.1347733,49.2976462],[-123.1348706,49.2976744],[-123.1349556,49.2976889]]},"properties":{"id":190668730,"name":"Park pathway","class":"footway","surface":"asphalt","width":3,"bridge":false,"source":"OpenStreetMap"}},{"type":"Feature","geometry":{"type":"LineString","coordinates":[[-123.1341479,49.2983098],[-123.1341862,49.2983258],[-123.1343564,49.2983674],[-123.134538,49.2984216]]},"properties":{"id":190668732,"name":"Park pathway","class":"footway","surface":"asphalt","width":3,"bridge":false,"source":"OpenStreetMap"}},{"type":"Feature","geometry":{"type":"LineString","coordinates":[[-123.1359583,49.2980534],[-123.1359953,49.2980141],[-123.1361777,49.2980088],[-123.1362957,49.2980001],[-123.1364186,49.2979763],[-123.1364827,49.2979471]]},"properties":{"id":190668734,"name":"Park pathway","class":"footway","surface":"ground","width":3,"bridge":false,"source":"OpenStreetMap"}},{"type":"Feature","geometry":{"type":"LineString","coordinates":[[-123.1321115,49.3003482],[-123.1321701,49.3003545],[-123.1322017,49.3003975],[-123.1322313,49.3004118],[-123.1322856,49.3004191],[-123.1324695,49.3004279],[-123.1325313,49.3004369],[-123.132585,49.3004561],[-123.1326869,49.3005296],[-123.1327432,49.3005637],[-123.1328407,49.3006115],[-123.1329376,49.3006342],[-123.1330583,49.3006552],[-123.1331053,49.3006677],[-123.1331682,49.3006989],[-123.133218,49.3007386],[-123.1332648,49.3007619],[-123.1334936,49.3008603],[-123.1335624,49.3008976]]},"properties":{"id":190670669,"name":"Park pathway","class":"footway","surface":"asphalt","width":3,"bridge":false,"source":"OpenStreetMap"}},{"type":"Feature","geometry":{"type":"LineString","coordinates":[[-123.117962,49.3000323],[-123.1180813,49.2999231],[-123.1182182,49.2998379],[-123.1184867,49.299702],[-123.1188422,49.2995649],[-123.1189469,49.2995411],[-123.1192816,49.299511],[-123.1196365,49.2995214],[-123.120916,49.2997197],[-123.1212993,49.2997838],[-123.1218319,49.2999452],[-123.1222236,49.3001115],[-123.1241591,49.3008396],[-123.1248025,49.3011593],[-123.1251777,49.3014592],[-123.1254795,49.3017074],[-123.1261715,49.3023087],[-123.1263549,49.3024246],[-123.1265263,49.3024924],[-123.1267263,49.3025267],[-123.126896,49.3025411],[-123.1269903,49.3025125],[-123.1271853,49.3024871],[-123.1276615,49.3024436],[-123.1280186,49.3024502],[-123.1284757,49.3025104],[-123.1294816,49.302681],[-123.1296084,49.3027223],[-123.1304072,49.3029664]]},"properties":{"id":190670675,"name":"Stanley Park Seawall Bike Path","class":"cycleway","surface":"asphalt","width":4,"bridge":false,"source":"OpenStreetMap"}},{"type":"Feature","geometry":{"type":"LineString","coordinates":[[-123.134837,49.2975605],[-123.134738,49.2975671],[-123.1342728,49.2977072],[-123.1339937,49.2977814],[-123.1338523,49.2978082],[-123.1336837,49.297935],[-123.1332747,49.2981949],[-123.132503,49.298547],[-123.1322081,49.2986498]]},"properties":{"id":190670677,"name":"Park pathway","class":"footway","surface":"asphalt","width":3,"bridge":false,"source":"OpenStreetMap"}},{"type":"Feature","geometry":{"type":"LineString","coordinates":[[-123.138253,49.2938856],[-123.1382805,49.2938247],[-123.1383395,49.2937897]]},"properties":{"id":190670678,"name":"Park pathway","class":"footway","surface":"asphalt","width":3,"bridge":false,"source":"OpenStreetMap"}},{"type":"Feature","geometry":{"type":"MultiLineString","coordinates":[[[-123.1349381,49.2979424],[-123.134957,49.2977857],[-123.1349524,49.2975992],[-123.1350704,49.2974047]],[[-123.1350704,49.2974047],[-123.135052,49.2973127],[-123.1349704,49.297377],[-123.1350198,49.2973809],[-123.1350704,49.2974047]]]},"properties":{"id":190670679,"name":"Park pathway","class":"footway","surface":"asphalt","width":3,"bridge":false,"source":"OpenStreetMap"}},{"type":"Feature","geometry":{"type":"LineString","coordinates":[[-123.1308209,49.3032422],[-123.1308254,49.3031876],[-123.1308602,49.3031561],[-123.1308952,49.3031062],[-123.1310144,49.3029814],[-123.1307435,49.3028794],[-123.1306441,49.3029819],[-123.1304486,49.30295],[-123.1303922,49.3029747],[-123.129718,49.3027699],[-123.1296063,49.3027662],[-123.1295714,49.302803],[-123.1297484,49.3028397],[-123.1299159,49.3028861],[-123.1303573,49.3030531],[-123.1306657,49.3032315],[-123.130741,49.3032244],[-123.1308209,49.3032422]]},"properties":{"id":190670686,"name":"Park pathway","class":"pedestrian","surface":"asphalt","width":3,"bridge":false,"source":"OpenStreetMap"}},{"type":"Feature","geometry":{"type":"LineString","coordinates":[[-123.1359203,49.2951458],[-123.1359512,49.2951273],[-123.1359755,49.2951084],[-123.1359983,49.2950798],[-123.1360141,49.2950457],[-123.1360141,49.2949993],[-123.1359805,49.294946],[-123.1359148,49.2948996],[-123.13584,49.2948622],[-123.1358464,49.2948026],[-123.1357139,49.2948029],[-123.1356224,49.2948244],[-123.1356579,49.2948841],[-123.1356316,49.2949021],[-123.1356202,49.2949225],[-123.1355905,49.2949156],[-123.1355576,49.2949629],[-123.1355785,49.2949847],[-123.1355903,49.2950518],[-123.135609,49.2950912],[-123.1356573,49.2951279],[-123.1356965,49.2951411],[-123.1357643,49.295154],[-123.1357633,49.2951268],[-123.1357713,49.29512],[-123.1357843,49.2951211],[-123.1357913,49.2951295],[-123.135807,49.2951765],[-123.1358389,49.2951721],[-123.1359203,49.2951458]]},"properties":{"id":190670690,"name":"Park pathway","class":"pedestrian","surface":"paving_stones","width":3,"bridge":false,"source":"OpenStreetMap"}},{"type":"Feature","geometry":{"type":"LineString","coordinates":[[-123.1319931,49.2987969],[-123.1320254,49.2987755],[-123.1320404,49.2987508],[-123.1320421,49.2987319],[-123.1320366,49.2987075],[-123.1319935,49.2986778],[-123.1319617,49.2986684],[-123.131918,49.2986666],[-123.1318749,49.2986767],[-123.131851,49.2986899],[-123.1318299,49.298713],[-123.1318235,49.2987415],[-123.1318341,49.2987693],[-123.1318511,49.2987848],[-123.1318887,49.2988027],[-123.1319232,49.2988084],[-123.1319728,49.2988038],[-123.1319931,49.2987969]]},"properties":{"id":223882635,"name":"Park pathway","class":"pedestrian","surface":"paving_stones","width":3,"bridge":false,"source":"OpenStreetMap"}},{"type":"Feature","geometry":{"type":"LineString","coordinates":[[-123.1573937,49.3013111],[-123.1572067,49.3012603],[-123.1572214,49.3012393],[-123.1571477,49.3012183],[-123.1571182,49.3012235]]},"properties":{"id":223882637,"name":"Park pathway","class":"footway","surface":"paved","width":3,"bridge":false,"source":"OpenStreetMap"}},{"type":"Feature","geometry":{"type":"LineString","coordinates":[[-123.1571477,49.3012183],[-123.1571933,49.3011361],[-123.1573059,49.301158],[-123.1573301,49.3011553],[-123.1573529,49.3011107]]},"properties":{"id":223882639,"name":"Park pathway","class":"footway","surface":"paved","width":3,"bridge":false,"source":"OpenStreetMap"}},{"type":"Feature","geometry":{"type":"LineString","coordinates":[[-123.1356424,49.3070521],[-123.135672,49.3070386],[-123.1357332,49.307019],[-123.1358852,49.3069816],[-123.136036,49.3069142],[-123.1361877,49.3068391],[-123.1362673,49.3067707],[-123.1363584,49.306675],[-123.1366667,49.3065724],[-123.1369418,49.3064741],[-123.1370027,49.3063968]]},"properties":{"id":223882640,"name":"Ravine Trail","class":"footway","surface":"compacted","width":3,"bridge":false,"source":"OpenStreetMap"}},{"type":"Feature","geometry":{"type":"LineString","coordinates":[[-123.1414334,49.3039086],[-123.1415533,49.3038523],[-123.1417396,49.3037852],[-123.1420598,49.3036595],[-123.142055,49.3036229],[-123.142104,49.3034416],[-123.142105,49.3033988],[-123.142084,49.3033573],[-123.142056,49.3033314],[-123.141947,49.3032649],[-123.1417489,49.3031947],[-123.1415132,49.3031223],[-123.1411986,49.3030561],[-123.1409366,49.303025],[-123.1407309,49.3030175],[-123.1403785,49.3030193],[-123.1401086,49.303005],[-123.1397845,49.302977],[-123.1395082,49.3029471],[-123.1392191,49.3028993],[-123.1390664,49.3028632],[-123.1387881,49.3028141],[-123.1385584,49.3027888],[-123.1383436,49.3027845],[-123.1381876,49.3027982],[-123.1380154,49.302834],[-123.1378831,49.3028776],[-123.1377077,49.3029528],[-123.1375375,49.3030482],[-123.1374819,49.3031008],[-123.137435,49.303158],[-123.1373494,49.3033961],[-123.137388,49.303482],[-123.1374402,49.3035639],[-123.1374894,49.3036662],[-123.1375266,49.3040468],[-123.1375485,49.3043603],[-123.1375903,49.3045444],[-123.1376403,49.3046271],[-123.1378125,49.3047831],[-123.1381434,49.3050077]]},"properties":{"id":223882641,"name":"Beaver Lake Trail","class":"footway","surface":"gravel","width":3,"bridge":false,"source":"OpenStreetMap"}},{"type":"Feature","geometry":{"type":"LineString","coordinates":[[-123.1330085,49.3005434],[-123.1332697,49.300479],[-123.1332697,49.3003503],[-123.1332958,49.3003083],[-123.1333328,49.3002757],[-123.1334989,49.3002034],[-123.1335519,49.3002333],[-123.1336158,49.3003203],[-123.1339513,49.300507]]},"properties":{"id":223882643,"name":"Park pathway","class":"footway","surface":"asphalt","width":3,"bridge":false,"source":"OpenStreetMap"}},{"type":"Feature","geometry":{"type":"LineString","coordinates":[[-123.1571147,49.3008066],[-123.1573556,49.3008947],[-123.1573918,49.3009306],[-123.1574012,49.3009638],[-123.1574012,49.3010128],[-123.1573529,49.3011107],[-123.1574936,49.3011434]]},"properties":{"id":223882644,"name":"Park pathway","class":"footway","surface":"asphalt","width":3,"bridge":false,"source":"OpenStreetMap"}},{"type":"Feature","geometry":{"type":"LineString","coordinates":[[-123.1328716,49.300598],[-123.1330085,49.3005434]]},"properties":{"id":223882646,"name":"Park pathway","class":"footway","surface":"concrete","width":3,"bridge":true,"source":"OpenStreetMap"}},{"type":"Feature","geometry":{"type":"LineString","coordinates":[[-123.1513484,49.2956684],[-123.15135,49.2956406],[-123.1513872,49.295613],[-123.1515644,49.2955725],[-123.151869,49.2955391],[-123.1519518,49.2955414],[-123.1521571,49.2955817],[-123.1523277,49.2956276],[-123.1525932,49.2957157],[-123.1527264,49.2957715],[-123.1527902,49.2958203]]},"properties":{"id":224311959,"name":"Park pathway","class":"footway","surface":"asphalt","width":3,"bridge":false,"source":"OpenStreetMap"}},{"type":"Feature","geometry":{"type":"LineString","coordinates":[[-123.1463179,49.2968293],[-123.1462557,49.2970522],[-123.1462405,49.2971747],[-123.1462243,49.2972038],[-123.1461915,49.2972315],[-123.1461161,49.2972776],[-123.1458317,49.2974088],[-123.1457521,49.2974729],[-123.1456595,49.2975413],[-123.1455589,49.2975844],[-123.1454165,49.2976309],[-123.1453105,49.2976559],[-123.1451451,49.297702],[-123.1450747,49.2977417],[-123.145022,49.2977928],[-123.1449536,49.2979577],[-123.1449617,49.2980805],[-123.1450462,49.298328],[-123.1451525,49.2984063]]},"properties":{"id":232370417,"name":"Cathedral Trail","class":"footway","surface":"gravel","width":3,"bridge":false,"source":"OpenStreetMap"}},{"type":"Feature","geometry":{"type":"LineString","coordinates":[[-123.1411467,49.3043216],[-123.1411073,49.3043881],[-123.1410329,49.3044931],[-123.1409569,49.304575],[-123.1408739,49.3046552],[-123.1408082,49.3046951],[-123.1406301,49.3047405],[-123.1399647,49.3048806],[-123.1398512,49.3049136],[-123.1395729,49.3050174],[-123.1392502,49.3051482],[-123.1391052,49.3051951],[-123.1389796,49.305224],[-123.1388411,49.305244],[-123.1386893,49.3052475],[-123.1385134,49.3052182],[-123.1383249,49.3051506],[-123.1382602,49.3050632],[-123.1381434,49.3050077],[-123.13765,49.305456],[-123.137478,49.305789],[-123.1371717,49.3060013],[-123.1369456,49.3061044],[-123.136866,49.306128]]},"properties":{"id":290605242,"name":"Beaver Lake Trail","class":"cycleway","surface":"gravel","width":4,"bridge":false,"source":"OpenStreetMap"}},{"type":"Feature","geometry":{"type":"LineString","coordinates":[[-123.1450458,49.3038202],[-123.1450683,49.3038385],[-123.1450756,49.3038607],[-123.1450674,49.303882],[-123.1450483,49.3038978],[-123.1450142,49.3039084],[-123.1449794,49.3039077],[-123.1449524,49.303899],[-123.1449297,49.3038802],[-123.1449229,49.3038579],[-123.1449309,49.3038374],[-123.144951,49.303821],[-123.1449764,49.3038121],[-123.1455898,49.3037303]]},"properties":{"id":290605250,"name":"Lake Trail","class":"cycleway","surface":"asphalt","width":4,"bridge":true,"source":"OpenStreetMap"}},{"type":"Feature","geometry":{"type":"LineString","coordinates":[[-123.1468536,49.3081633],[-123.1467063,49.3082505],[-123.1463628,49.3084345],[-123.1462011,49.3086342],[-123.146166,49.3088359],[-123.1462077,49.3090377],[-123.1463333,49.3094286],[-123.1463511,49.3095714],[-123.1467303,49.3098529],[-123.1468061,49.3099722],[-123.1468447,49.3100957],[-123.1468441,49.3103244],[-123.1467664,49.3105497],[-123.1466872,49.3107022],[-123.146574,49.310834],[-123.1463874,49.3109005],[-123.1462309,49.3109253],[-123.1460805,49.3109203],[-123.1460025,49.3109055],[-123.1459246,49.3108971],[-123.145798,49.3109058],[-123.1456904,49.3109421],[-123.1455783,49.3110242],[-123.1454677,49.3111616],[-123.145405,49.3112829],[-123.1453693,49.3114281],[-123.1453545,49.3115381],[-123.1453613,49.3117513],[-123.145358,49.3118387],[-123.1453067,49.3119549],[-123.144844,49.3118973],[-123.1444463,49.3118961],[-123.1439805,49.3119499],[-123.1434891,49.312149],[-123.1433462,49.31222],[-123.1431919,49.3123538],[-123.143173,49.3123792]]},"properties":{"id":290605256,"name":"Prospect Point Trail","class":"cycleway","surface":"gravel","width":4,"bridge":false,"source":"OpenStreetMap"}},{"type":"Feature","geometry":{"type":"LineString","coordinates":[[-123.136866,49.306128],[-123.1368116,49.3061195],[-123.1367277,49.3061247],[-123.1365885,49.3061138],[-123.1361818,49.3061052],[-123.1360031,49.3061116],[-123.1357637,49.3061262],[-123.1353094,49.3061633],[-123.1351273,49.3061902],[-123.1349427,49.3062354],[-123.1348365,49.306258],[-123.1347416,49.306265],[-123.1346625,49.3062439],[-123.134621,49.3062229],[-123.1345658,49.3061924],[-123.1345233,49.3061647],[-123.1344886,49.3061326],[-123.1344678,49.3061087],[-123.1344594,49.3060771],[-123.1344581,49.30604],[-123.1344624,49.3059897],[-123.1344605,49.3059296],[-123.1344472,49.3058782],[-123.1344175,49.3058224],[-123.1343513,49.3057657],[-123.1341847,49.3056436],[-123.1340756,49.3055818],[-123.1339244,49.3056012],[-123.1337341,49.305608],[-123.1335726,49.3056045],[-123.1334723,49.3055814],[-123.1333934,49.3055461],[-123.1331629,49.3053201],[-123.1329718,49.305094],[-123.1328506,49.3049327],[-123.1327462,49.3047678],[-123.1325955,49.3045627],[-123.1322774,49.3042081],[-123.1322323,49.3041648],[-123.1320788,49.3039168],[-123.1320668,49.3038423],[-123.1321014,49.3037527],[-123.1321771,49.3036755],[-123.1322773,49.303559],[-123.1323134,49.3034274],[-123.1322661,49.3033009],[-123.1321799,49.3031971],[-123.1320363,49.303105],[-123.1316256,49.3027771]]},"properties":{"id":290605258,"name":"Tunnel Trail","class":"footway","surface":"gravel","width":3,"bridge":false,"source":"OpenStreetMap"}},{"type":"Feature","geometry":{"type":"LineString","coordinates":[[-123.1340756,49.3055818],[-123.134128,49.3055589],[-123.1343065,49.3053901],[-123.1345548,49.3050315],[-123.1346901,49.3048444],[-123.1348228,49.3046435],[-123.1350667,49.3043208],[-123.1351408,49.304251],[-123.1353662,49.3041356],[-123.1356535,49.3040183],[-123.135836,49.3039009],[-123.1358791,49.3038579],[-123.1359458,49.3038243],[-123.1360506,49.3037588]]},"properties":{"id":290605260,"name":"Tunnel Trail","class":"footway","surface":"gravel","width":3,"bridge":false,"source":"OpenStreetMap"}},{"type":"Feature","geometry":{"type":"LineString","coordinates":[[-123.1271753,49.2993496],[-123.127628,49.2992848],[-123.1279346,49.299209],[-123.1281536,49.2991127],[-123.1284724,49.2990136],[-123.1287736,49.2989516],[-123.1290993,49.2988686],[-123.1292591,49.2988217],[-123.1294109,49.2987669],[-123.1295596,49.2987212],[-123.1298132,49.2986681],[-123.1299679,49.2986393],[-123.1302194,49.2986037],[-123.1303415,49.2985784],[-123.1304465,49.298542],[-123.1304876,49.2985227],[-123.1306016,49.2984553]]},"properties":{"id":290605265,"name":"Brockton Oval Trail","class":"footway","surface":"gravel","width":3,"bridge":false,"source":"OpenStreetMap"}},{"type":"Feature","geometry":{"type":"LineString","coordinates":[[-123.1423142,49.3108611],[-123.1423984,49.3109885]]},"properties":{"id":290605266,"name":"Avison Trail","class":"cycleway","surface":"asphalt","width":4,"bridge":false,"source":"OpenStreetMap"}},{"type":"Feature","geometry":{"type":"LineString","coordinates":[[-123.1347416,49.306265],[-123.1344781,49.3063903]]},"properties":{"id":290605273,"name":"Park pathway","class":"footway","surface":"gravel","width":3,"bridge":false,"source":"OpenStreetMap"}},{"type":"Feature","geometry":{"type":"LineString","coordinates":[[-123.1400441,49.3119973],[-123.1400337,49.3119824],[-123.1399918,49.3118985],[-123.1399932,49.3118415]]},"properties":{"id":290605275,"name":"Park pathway","class":"footway","surface":null,"width":3,"bridge":false,"source":"OpenStreetMap"}},{"type":"Feature","geometry":{"type":"LineString","coordinates":[[-123.1584246,49.3010773],[-123.1585183,49.3011096],[-123.1585397,49.3011463],[-123.1585424,49.3011918],[-123.1585209,49.3012425],[-123.1584834,49.3012687],[-123.1584378,49.301295],[-123.1581374,49.3013369],[-123.1579853,49.3013716],[-123.1577729,49.3014476],[-123.1574937,49.30158],[-123.1573488,49.3016203],[-123.157271,49.3016203],[-123.1571714,49.3015354]]},"properties":{"id":304370514,"name":"Park pathway","class":"footway","surface":"asphalt","width":3,"bridge":false,"source":"OpenStreetMap"}},{"type":"Feature","geometry":{"type":"LineString","coordinates":[[-123.1583476,49.3007466],[-123.1583055,49.3009565],[-123.1583376,49.3010013],[-123.1583782,49.3010423]]},"properties":{"id":304370515,"name":"Park pathway","class":"steps","surface":"paving_stones","width":2,"bridge":false,"source":"OpenStreetMap"}},{"type":"Feature","geometry":{"type":"LineString","coordinates":[[-123.1583476,49.3007466],[-123.1583537,49.3006764]]},"properties":{"id":304370516,"name":"Park pathway","class":"footway","surface":"paving_stones","width":3,"bridge":false,"source":"OpenStreetMap"}},{"type":"Feature","geometry":{"type":"LineString","coordinates":[[-123.1428573,49.31297],[-123.1430287,49.3131043]]},"properties":{"id":319945672,"name":"Park pathway","class":"footway","surface":"gravel","width":3,"bridge":false,"source":"OpenStreetMap"}},{"type":"Feature","geometry":{"type":"LineString","coordinates":[[-123.1430308,49.3127535],[-123.1436288,49.3128163],[-123.144056,49.3128251]]},"properties":{"id":319945784,"name":"Park pathway","class":"footway","surface":"concrete","width":3,"bridge":false,"source":"OpenStreetMap"}},{"type":"Feature","geometry":{"type":"LineString","coordinates":[[-123.1364915,49.2948563],[-123.1365019,49.2949141]]},"properties":{"id":337781606,"name":"Park pathway","class":"steps","surface":"concrete","width":2,"bridge":false,"source":"OpenStreetMap"}},{"type":"Feature","geometry":{"type":"LineString","coordinates":[[-123.1364448,49.2951325],[-123.1363911,49.2952412],[-123.1362886,49.2954072],[-123.1362467,49.295434]]},"properties":{"id":337781607,"name":"Park pathway","class":"cycleway","surface":"asphalt","width":4,"bridge":false,"source":"OpenStreetMap"}},{"type":"Feature","geometry":{"type":"LineString","coordinates":[[-123.136371,49.2947068],[-123.136432,49.2947514],[-123.1364585,49.2947759],[-123.136476,49.29481],[-123.1364915,49.2948563]]},"properties":{"id":337782699,"name":"Park pathway","class":"footway","surface":"concrete","width":3,"bridge":false,"source":"OpenStreetMap"}},{"type":"Feature","geometry":{"type":"LineString","coordinates":[[-123.136385,49.2946938],[-123.136391,49.2946785],[-123.136389,49.2946628],[-123.136379,49.2946484],[-123.136362,49.2946373],[-123.13634,49.2946306],[-123.136315,49.2946291],[-123.136292,49.2946332],[-123.136272,49.2946422],[-123.13626,49.2946531],[-123.136253,49.294666],[-123.136252,49.2946797],[-123.136257,49.2946929],[-123.136268,49.2947045],[-123.136286,49.2947141],[-123.136308,49.2947194],[-123.13633,49.2947199],[-123.136352,49.2947155],[-123.136371,49.2947068],[-123.136385,49.2946938]]},"properties":{"id":337782700,"name":"Park pathway","class":"footway","surface":"paving_stones","width":3,"bridge":false,"source":"OpenStreetMap"}},{"type":"Feature","geometry":{"type":"LineString","coordinates":[[-123.1508794,49.295918],[-123.1508993,49.2958677],[-123.1509136,49.2957975],[-123.1509197,49.2957267],[-123.1509273,49.2956796],[-123.1509531,49.295616]]},"properties":{"id":337785029,"name":"Park pathway","class":"footway","surface":"asphalt","width":3,"bridge":false,"source":"OpenStreetMap"}},{"type":"Feature","geometry":{"type":"LineString","coordinates":[[-123.1508794,49.295918],[-123.1506083,49.2959251],[-123.1505363,49.2959158],[-123.1504741,49.295887],[-123.1503429,49.2958089],[-123.150136,49.29565],[-123.1500512,49.295597],[-123.149908,49.2955607],[-123.1498478,49.2955608]]},"properties":{"id":337785030,"name":"Stanley Park Seawall Bike Path","class":"cycleway","surface":"asphalt","width":4,"bridge":false,"source":"OpenStreetMap"}},{"type":"Feature","geometry":{"type":"LineString","coordinates":[[-123.1527902,49.2958203],[-123.152847,49.2957086],[-123.1528638,49.2956315],[-123.1528678,49.2955572],[-123.152839,49.2954872],[-123.1527941,49.2954295],[-123.1527133,49.2953586],[-123.1525652,49.2952691],[-123.1524178,49.2952082],[-123.1522142,49.2951301],[-123.1520229,49.29507],[-123.1517404,49.2950013],[-123.1516074,49.2949782],[-123.151485,49.2949684],[-123.1513645,49.2949721],[-123.1512729,49.2949854],[-123.1511761,49.2950071],[-123.1510647,49.2950429],[-123.1509013,49.2951144],[-123.150769,49.2951393],[-123.150575,49.295118]]},"properties":{"id":338224260,"name":"Stanley Park Seawall","class":"footway","surface":"asphalt","width":3,"bridge":false,"source":"OpenStreetMap"}},{"type":"Feature","geometry":{"type":"LineString","coordinates":[[-123.151199,49.2956964],[-123.1511426,49.2957168],[-123.1510974,49.2957533],[-123.150911,49.2958885],[-123.1508794,49.295918]]},"properties":{"id":338224261,"name":"Stanley Park Seawall Bike Path","class":"cycleway","surface":"asphalt","width":4,"bridge":false,"source":"OpenStreetMap"}},{"type":"Feature","geometry":{"type":"LineString","coordinates":[[-123.1513667,49.295748],[-123.1513694,49.2957125],[-123.1513484,49.2956684]]},"properties":{"id":338224263,"name":"Park pathway","class":"footway","surface":"asphalt","width":3,"bridge":false,"source":"OpenStreetMap"}},{"type":"Feature","geometry":{"type":"LineString","coordinates":[[-123.1527902,49.2958203],[-123.1527232,49.2958488],[-123.152505,49.2958631],[-123.152374,49.2958823],[-123.1523017,49.2959408]]},"properties":{"id":338224264,"name":"Park pathway","class":"footway","surface":"asphalt","width":3,"bridge":false,"source":"OpenStreetMap"}},{"type":"Feature","geometry":{"type":"LineString","coordinates":[[-123.150575,49.295118],[-123.1503497,49.2950223],[-123.1500191,49.294702],[-123.1498276,49.2942767],[-123.1498097,49.2940125],[-123.1498118,49.2938635]]},"properties":{"id":338224369,"name":"Stanley Park Seawall","class":"footway","surface":"asphalt","width":3,"bridge":false,"source":"OpenStreetMap"}},{"type":"Feature","geometry":{"type":"LineString","coordinates":[[-123.137241,49.294502],[-123.1373297,49.2945158]]},"properties":{"id":338243082,"name":"Park pathway","class":"footway","surface":"asphalt","width":3,"bridge":false,"source":"OpenStreetMap"}},{"type":"Feature","geometry":{"type":"LineString","coordinates":[[-123.1371016,49.2944878],[-123.1371802,49.2944945]]},"properties":{"id":349925618,"name":"Park pathway","class":"footway","surface":"paving_stones","width":3,"bridge":false,"source":"OpenStreetMap"}},{"type":"Feature","geometry":{"type":"LineString","coordinates":[[-123.1370179,49.2944771],[-123.1371016,49.2944878]]},"properties":{"id":349925619,"name":"Park pathway","class":"steps","surface":"paving_stones","width":2,"bridge":false,"source":"OpenStreetMap"}},{"type":"Feature","geometry":{"type":"LineString","coordinates":[[-123.1421379,49.3138046],[-123.1421559,49.3137915]]},"properties":{"id":361266150,"name":"Park pathway","class":"steps","surface":"ground","width":2,"bridge":false,"source":"OpenStreetMap"}},{"type":"Feature","geometry":{"type":"LineString","coordinates":[[-123.1419882,49.3137119],[-123.1420135,49.3137266],[-123.1420085,49.3137479],[-123.1419982,49.3137641],[-123.1420009,49.3137816],[-123.1420161,49.3137961],[-123.1420385,49.3138039],[-123.142064,49.3138043],[-123.1421157,49.3137912],[-123.1421379,49.3138046]]},"properties":{"id":361266151,"name":"Park pathway","class":"footway","surface":"asphalt","width":3,"bridge":false,"source":"OpenStreetMap"}},{"type":"Feature","geometry":{"type":"LineString","coordinates":[[-123.1421559,49.3137915],[-123.1421795,49.3137741]]},"properties":{"id":361266152,"name":"Park pathway","class":"footway","surface":"concrete","width":3,"bridge":false,"source":"OpenStreetMap"}},{"type":"Feature","geometry":{"type":"LineString","coordinates":[[-123.1420339,49.3136786],[-123.1419882,49.3137119]]},"properties":{"id":361266153,"name":"Park pathway","class":"steps","surface":null,"width":2,"bridge":false,"source":"OpenStreetMap"}},{"type":"Feature","geometry":{"type":"LineString","coordinates":[[-123.1513694,49.2957125],[-123.1519578,49.2957895],[-123.1522045,49.2958489],[-123.1523545,49.2958981],[-123.1524744,49.2959463],[-123.1526471,49.29603],[-123.1527692,49.2961524],[-123.1529301,49.2963684],[-123.1531326,49.2966728],[-123.1532288,49.2968259],[-123.153484,49.2971844],[-123.1535416,49.2973113],[-123.1535733,49.2973726],[-123.1535922,49.2974968],[-123.1535636,49.2975328]]},"properties":{"id":363044740,"name":"Park pathway","class":"footway","surface":"asphalt","width":3,"bridge":false,"source":"OpenStreetMap"}},{"type":"Feature","geometry":{"type":"LineString","coordinates":[[-123.1532613,49.296818],[-123.1531924,49.2968347]]},"properties":{"id":363044741,"name":"Park pathway","class":"footway","surface":"asphalt","width":3,"bridge":false,"source":"OpenStreetMap"}},{"type":"Feature","geometry":{"type":"LineString","coordinates":[[-123.1534811,49.2968976],[-123.1534533,49.2969032]]},"properties":{"id":363044742,"name":"Park pathway","class":"footway","surface":"asphalt","width":3,"bridge":false,"source":"OpenStreetMap"}},{"type":"Feature","geometry":{"type":"LineString","coordinates":[[-123.1537654,49.2973066],[-123.153484,49.2971844],[-123.1534325,49.2971986]]},"properties":{"id":363044743,"name":"Forest trail","class":"track","surface":"compacted","width":2,"bridge":false,"source":"OpenStreetMap"}},{"type":"Feature","geometry":{"type":"LineString","coordinates":[[-123.1534196,49.2969124],[-123.1532613,49.296818]]},"properties":{"id":363044744,"name":"Park pathway","class":"steps","surface":"concrete","width":2,"bridge":false,"source":"OpenStreetMap"}},{"type":"Feature","geometry":{"type":"LineString","coordinates":[[-123.1399932,49.3118415],[-123.1399988,49.3117977],[-123.1400838,49.3117685],[-123.1401557,49.311712],[-123.1402132,49.311446],[-123.1402481,49.3111574],[-123.1402732,49.3110739],[-123.1404198,49.3104108],[-123.1405002,49.3100837],[-123.1405619,49.3097672],[-123.1406504,49.3094839],[-123.1407148,49.3092479],[-123.1408464,49.3089806],[-123.1409964,49.3087232],[-123.1411669,49.3084789],[-123.1412728,49.3083563],[-123.1413962,49.3082636],[-123.1414908,49.3082211],[-123.141588,49.3082017],[-123.141724,49.3081894],[-123.1418848,49.3081908],[-123.1419929,49.3082083],[-123.1421074,49.3082399],[-123.1423859,49.3083772],[-123.1427935,49.3086166],[-123.1429302,49.3086657]]},"properties":{"id":363047332,"name":"Park pathway","class":"footway","surface":"asphalt","width":3,"bridge":false,"source":"OpenStreetMap"}},{"type":"Feature","geometry":{"type":"LineString","coordinates":[[-123.1427541,49.3111334],[-123.1428498,49.3113515],[-123.1429735,49.3114183]]},"properties":{"id":363047333,"name":"Park pathway","class":"footway","surface":"paved","width":3,"bridge":false,"source":"OpenStreetMap"}},{"type":"Feature","geometry":{"type":"LineString","coordinates":[[-123.1428981,49.3097882],[-123.1426084,49.3099613],[-123.1424877,49.3101187],[-123.1424046,49.3102901],[-123.1423644,49.3105489],[-123.1424096,49.3106189],[-123.1424659,49.3107769],[-123.1425194,49.3108521]]},"properties":{"id":363047334,"name":"Park pathway","class":"footway","surface":"paved","width":3,"bridge":false,"source":"OpenStreetMap"}},{"type":"Feature","geometry":{"type":"LineString","coordinates":[[-123.1425194,49.3108521],[-123.1427541,49.3111334]]},"properties":{"id":363047335,"name":"Park pathway","class":"footway","surface":"asphalt","width":3,"bridge":true,"source":"OpenStreetMap"}},{"type":"Feature","geometry":{"type":"LineString","coordinates":[[-123.1381121,49.3103226],[-123.137912,49.3104058],[-123.1377829,49.3105116]]},"properties":{"id":363047891,"name":"Park pathway","class":"footway","surface":"asphalt","width":3,"bridge":false,"source":"OpenStreetMap"}},{"type":"Feature","geometry":{"type":"LineString","coordinates":[[-123.1381121,49.3103226],[-123.1381782,49.3103275],[-123.1382553,49.3103428],[-123.1385236,49.3104198],[-123.1387194,49.3105177],[-123.1389849,49.3107223],[-123.139111,49.3108797],[-123.1392515,49.3111415],[-123.1392747,49.3111348]]},"properties":{"id":363047892,"name":"Park pathway","class":"footway","surface":"asphalt","width":3,"bridge":false,"source":"OpenStreetMap"}},{"type":"Feature","geometry":{"type":"LineString","coordinates":[[-123.1378369,49.310154],[-123.1377916,49.3101289]]},"properties":{"id":363047893,"name":"Park pathway","class":"footway","surface":"asphalt","width":3,"bridge":false,"source":"OpenStreetMap"}},{"type":"Feature","geometry":{"type":"LineString","coordinates":[[-123.1371438,49.3065311],[-123.1371256,49.3064866]]},"properties":{"id":363048488,"name":"Park pathway","class":"footway","surface":"asphalt","width":3,"bridge":false,"source":"OpenStreetMap"}},{"type":"Feature","geometry":{"type":"LineString","coordinates":[[-123.1343692,49.3064936],[-123.1343036,49.3065509]]},"properties":{"id":363048942,"name":"Park pathway","class":"footway","surface":"asphalt","width":3,"bridge":false,"source":"OpenStreetMap"}},{"type":"Feature","geometry":{"type":"LineString","coordinates":[[-123.1343692,49.3064936],[-123.1344201,49.3064454]]},"properties":{"id":363048943,"name":"Park pathway","class":"steps","surface":"wood","width":2,"bridge":false,"source":"OpenStreetMap"}},{"type":"Feature","geometry":{"type":"LineString","coordinates":[[-123.1425396,49.3080787],[-123.1424241,49.308195],[-123.1426852,49.3083229],[-123.1429218,49.3084481],[-123.1429561,49.3085762],[-123.1429485,49.3086405],[-123.1429302,49.3086657],[-123.1429427,49.3086883]]},"properties":{"id":363049007,"name":"Hanson Trail","class":"footway","surface":"gravel","width":3,"bridge":false,"source":"OpenStreetMap"}},{"type":"Feature","geometry":{"type":"LineString","coordinates":[[-123.1371256,49.3064866],[-123.1370006,49.3062125]]},"properties":{"id":363049009,"name":"Park pathway","class":"footway","surface":"wood","width":3,"bridge":true,"source":"OpenStreetMap"}},{"type":"Feature","geometry":{"type":"LineString","coordinates":[[-123.1370006,49.3062125],[-123.1369456,49.3061044],[-123.1369448,49.3060623],[-123.1369368,49.3059725],[-123.1364878,49.3049163],[-123.1362464,49.304285],[-123.1360506,49.3037588],[-123.135918,49.3034565]]},"properties":{"id":363049010,"name":"Park pathway","class":"footway","surface":"asphalt","width":3,"bridge":false,"source":"OpenStreetMap"}},{"type":"Feature","geometry":{"type":"LineString","coordinates":[[-123.1334909,49.3020132],[-123.133395,49.3020783],[-123.132959,49.3023367],[-123.132787,49.30269],[-123.1327441,49.3029357],[-123.1326989,49.302985],[-123.1326939,49.3030987],[-123.1327511,49.3032468],[-123.1329281,49.3036571],[-123.1331322,49.3041034],[-123.1334853,49.3042422],[-123.1337867,49.3042716],[-123.1347347,49.3039554],[-123.1342808,49.3036396]]},"properties":{"id":363049518,"name":"Miniature Train Trail","class":"footway","surface":null,"width":3,"bridge":false,"source":"OpenStreetMap"}},{"type":"Feature","geometry":{"type":"LineString","coordinates":[[-123.1347347,49.3039554],[-123.1351469,49.3041933],[-123.1352145,49.30415],[-123.1354446,49.3037576],[-123.1356142,49.3034449],[-123.1354453,49.3032013],[-123.135189,49.302903]]},"properties":{"id":363049519,"name":"Miniature Train Trail","class":"footway","surface":null,"width":3,"bridge":false,"source":"OpenStreetMap"}},{"type":"Feature","geometry":{"type":"LineString","coordinates":[[-123.1552943,49.300539],[-123.1553381,49.3007303],[-123.155722,49.3012847],[-123.1559099,49.3014827]]},"properties":{"id":363050019,"name":"Park pathway","class":"footway","surface":"gravel","width":3,"bridge":false,"source":"OpenStreetMap"}},{"type":"Feature","geometry":{"type":"LineString","coordinates":[[-123.1568702,49.3015631],[-123.1567663,49.3016127],[-123.1562446,49.3015934],[-123.1559228,49.3016223],[-123.1558467,49.3016107],[-123.1552469,49.3016455],[-123.1547534,49.301726],[-123.1542008,49.3018834],[-123.1538843,49.3021225],[-123.1536805,49.3023603],[-123.1534447,49.3028313],[-123.1534286,49.3030797],[-123.1534619,49.303545],[-123.1536751,49.3049173],[-123.1537237,49.305843],[-123.1538169,49.3062767],[-123.1538389,49.3064059],[-123.1538602,49.3066364],[-123.1538485,49.3068641],[-123.15371,49.3071505],[-123.1533967,49.3078831],[-123.1532955,49.3081087],[-123.1532216,49.3082085],[-123.1530984,49.3083154],[-123.1530328,49.3083536],[-123.1528223,49.3084538],[-123.1524334,49.3086304],[-123.1521436,49.3087577],[-123.1517976,49.3089168],[-123.1513873,49.309113],[-123.1511297,49.3092596],[-123.1507971,49.3093645],[-123.1504377,49.3094485],[-123.1501924,49.3095756],[-123.1499201,49.3098055],[-123.1497297,49.3100626],[-123.1495929,49.3102637],[-123.1493916,49.3104837],[-123.1491554,49.3106635],[-123.1490136,49.3107341],[-123.1486433,49.3108876],[-123.1478172,49.3112234],[-123.1472165,49.3114616],[-123.1466745,49.3116571],[-123.1457815,49.3119092],[-123.1453605,49.3120666],[-123.1452021,49.3121225],[-123.1448803,49.3123201],[-123.1447452,49.3124385],[-123.1446395,49.3125091],[-123.1444878,49.3125661],[-123.1444308,49.31261]]},"properties":{"id":363050020,"name":"Park pathway","class":"footway","surface":"asphalt","width":3,"bridge":false,"source":"OpenStreetMap"}},{"type":"Feature","geometry":{"type":"LineString","coordinates":[[-123.1490674,49.3106081],[-123.1489967,49.3105423]]},"properties":{"id":363050021,"name":"Park pathway","class":"footway","surface":"asphalt","width":3,"bridge":false,"source":"OpenStreetMap"}},{"type":"Feature","geometry":{"type":"LineString","coordinates":[[-123.1489197,49.3108897],[-123.1487077,49.3109244],[-123.148367,49.3110013]]},"properties":{"id":363050022,"name":"Park pathway","class":"footway","surface":"gravel","width":3,"bridge":false,"source":"OpenStreetMap"}},{"type":"Feature","geometry":{"type":"LineString","coordinates":[[-123.157271,49.3016203],[-123.1572129,49.3016258],[-123.1570654,49.3016677],[-123.1565665,49.3019161],[-123.1561052,49.3022362],[-123.1559952,49.3023411],[-123.1559747,49.3023876],[-123.1559457,49.302492],[-123.1559411,49.3025742],[-123.155949,49.3026342],[-123.1559481,49.3026831],[-123.1558638,49.3028536],[-123.1558477,49.3028989]]},"properties":{"id":363050066,"name":"Park pathway","class":"footway","surface":"asphalt","width":3,"bridge":false,"source":"OpenStreetMap"}},{"type":"Feature","geometry":{"type":"LineString","coordinates":[[-123.1535922,49.2974968],[-123.1538864,49.2976437],[-123.1541133,49.2977522],[-123.1543322,49.297832],[-123.1545656,49.297895],[-123.1548875,49.2978775],[-123.1554936,49.2978075],[-123.1559657,49.2977323],[-123.1562718,49.2977015],[-123.1563707,49.2977026],[-123.156643,49.2977288],[-123.1568883,49.2977772],[-123.1570708,49.2978303],[-123.1573724,49.2979987],[-123.1575172,49.2981299],[-123.1576126,49.2982816],[-123.1577325,49.2984279],[-123.1577956,49.2985903],[-123.1578144,49.298711],[-123.1578143,49.2989709],[-123.1578567,49.2992173],[-123.1580149,49.29961],[-123.158031,49.3002405],[-123.1580498,49.3005445],[-123.1580584,49.3005945]]},"properties":{"id":363050067,"name":"Park pathway","class":"footway","surface":"asphalt","width":3,"bridge":false,"source":"OpenStreetMap"}},{"type":"Feature","geometry":{"type":"LineString","coordinates":[[-123.1348352,49.3006562],[-123.134741,49.3006062],[-123.1346963,49.300601],[-123.1346582,49.3006046]]},"properties":{"id":363100703,"name":"Park pathway","class":"footway","surface":"asphalt","width":3,"bridge":false,"source":"OpenStreetMap"}},{"type":"Feature","geometry":{"type":"LineString","coordinates":[[-123.1342128,49.3002425],[-123.1341293,49.300279],[-123.1344217,49.3005728]]},"properties":{"id":363100705,"name":"Park pathway","class":"footway","surface":"asphalt","width":3,"bridge":false,"source":"OpenStreetMap"}},{"type":"Feature","geometry":{"type":"LineString","coordinates":[[-123.1346182,49.2984689],[-123.134535,49.2985094],[-123.1344056,49.2985876],[-123.1342694,49.298693],[-123.1341707,49.2987449]]},"properties":{"id":363100706,"name":"Park pathway","class":"footway","surface":null,"width":3,"bridge":false,"source":"OpenStreetMap"}},{"type":"Feature","geometry":{"type":"LineString","coordinates":[[-123.1371717,49.3060013],[-123.1371793,49.3060702],[-123.1371709,49.3061071],[-123.1371629,49.3062505]]},"properties":{"id":363101937,"name":"Park pathway","class":"footway","surface":"fine_gravel","width":3,"bridge":false,"source":"OpenStreetMap"}},{"type":"Feature","geometry":{"type":"LineString","coordinates":[[-123.1362673,49.3067707],[-123.1361943,49.3067356]]},"properties":{"id":363101938,"name":"Park pathway","class":"footway","surface":"fine_gravel","width":3,"bridge":false,"source":"OpenStreetMap"}},{"type":"Feature","geometry":{"type":"LineString","coordinates":[[-123.1402526,49.2931701],[-123.1402025,49.2930752],[-123.1401891,49.2930596],[-123.1401709,49.2930431],[-123.1401183,49.2930207]]},"properties":{"id":363106002,"name":"Park pathway","class":"cycleway","surface":"asphalt","width":4,"bridge":false,"source":"OpenStreetMap"}},{"type":"Feature","geometry":{"type":"LineString","coordinates":[[-123.1392096,49.2934367],[-123.1392775,49.2936174]]},"properties":{"id":363106006,"name":"Park pathway","class":"footway","surface":"concrete","width":3,"bridge":false,"source":"OpenStreetMap"}},{"type":"Feature","geometry":{"type":"LineString","coordinates":[[-123.1417536,49.292897],[-123.1417896,49.293007]]},"properties":{"id":363106007,"name":"Park pathway","class":"footway","surface":"asphalt","width":3,"bridge":false,"source":"OpenStreetMap"}},{"type":"Feature","geometry":{"type":"LineString","coordinates":[[-123.1401766,49.2933713],[-123.1402105,49.293298],[-123.1402038,49.2932656]]},"properties":{"id":363106008,"name":"Park pathway","class":"footway","surface":"asphalt","width":3,"bridge":false,"source":"OpenStreetMap"}},{"type":"Feature","geometry":{"type":"LineString","coordinates":[[-123.1456956,49.2929837],[-123.1458934,49.2929651],[-123.1460423,49.292945],[-123.146277,49.2929503],[-123.1465171,49.2929721],[-123.1468041,49.293015],[-123.1470884,49.2930692],[-123.1472332,49.2931199],[-123.1473271,49.2931637],[-123.1474559,49.2932564],[-123.1475471,49.2933622],[-123.1476865,49.2935704],[-123.1477387,49.2936096]]},"properties":{"id":363106012,"name":"Park pathway","class":"footway","surface":"asphalt","width":3,"bridge":false,"source":"OpenStreetMap"}},{"type":"Feature","geometry":{"type":"LineString","coordinates":[[-123.1473217,49.2909889],[-123.1474433,49.2910666],[-123.1478519,49.2913877],[-123.1481302,49.2916183],[-123.1481957,49.2917024],[-123.1482411,49.2917815],[-123.1482627,49.2918306],[-123.1482745,49.2919193],[-123.1482808,49.2921031],[-123.1482634,49.2922241],[-123.1482287,49.2923644],[-123.1480705,49.2927973],[-123.1480422,49.2929167],[-123.1480295,49.2929865],[-123.1480194,49.2931397],[-123.1480073,49.293264],[-123.1480106,49.2934866]]},"properties":{"id":363109128,"name":"Park pathway","class":"cycleway","surface":"asphalt","width":4,"bridge":false,"source":"OpenStreetMap"}},{"type":"Feature","geometry":{"type":"LineString","coordinates":[[-123.1379972,49.3056435],[-123.1380384,49.3056501],[-123.1382781,49.3051983],[-123.1383249,49.3051506]]},"properties":{"id":363114710,"name":"Ravine Trail","class":"footway","surface":"fine_gravel","width":3,"bridge":false,"source":"OpenStreetMap"}},{"type":"Feature","geometry":{"type":"LineString","coordinates":[[-123.137846,49.3056237],[-123.1379972,49.3056435]]},"properties":{"id":363114712,"name":"Ravine Trail","class":"footway","surface":"wood","width":3,"bridge":true,"source":"OpenStreetMap"}},{"type":"Feature","geometry":{"type":"LineString","coordinates":[[-123.1431862,49.3042114],[-123.1433615,49.3043646]]},"properties":{"id":363395763,"name":"North Creek Trail","class":"footway","surface":"wood","width":3,"bridge":true,"source":"OpenStreetMap"}},{"type":"Feature","geometry":{"type":"LineString","coordinates":[[-123.1420063,49.3039348],[-123.1421632,49.3038667]]},"properties":{"id":363395764,"name":"Lake Trail","class":"cycleway","surface":"gravel","width":4,"bridge":true,"source":"OpenStreetMap"}},{"type":"Feature","geometry":{"type":"LineString","coordinates":[[-123.1433615,49.3043646],[-123.1435066,49.304414],[-123.1436054,49.3044518],[-123.14369,49.304535],[-123.1437346,49.3046783],[-123.143735,49.3047807],[-123.143689,49.3048702],[-123.1437126,49.3049345],[-123.1437754,49.3050004],[-123.1438002,49.3050726],[-123.1437785,49.3051431],[-123.1437743,49.3052132],[-123.1437946,49.3052913],[-123.1438694,49.3053726],[-123.1439427,49.3054835],[-123.143942,49.3055604],[-123.1439224,49.3056233],[-123.1438491,49.3056959],[-123.14366,49.3058143],[-123.1435841,49.30589],[-123.14356,49.3059681],[-123.1435751,49.3061546],[-123.1436492,49.3064255],[-123.1437755,49.306565],[-123.1438005,49.3066113],[-123.143752,49.3069046],[-123.1437643,49.3069779],[-123.1437374,49.3069987],[-123.143587,49.3072314]]},"properties":{"id":363395765,"name":"North Creek Trail","class":"footway","surface":"gravel","width":3,"bridge":false,"source":"OpenStreetMap"}},{"type":"Feature","geometry":{"type":"LineString","coordinates":[[-123.1435946,49.3035502],[-123.1440339,49.3035417],[-123.1443445,49.303629],[-123.1448182,49.303768],[-123.144859,49.3037898],[-123.1449034,49.303803],[-123.1449533,49.303807]]},"properties":{"id":363395766,"name":"Lake Trail","class":"cycleway","surface":"asphalt","width":4,"bridge":false,"source":"OpenStreetMap"}},{"type":"Feature","geometry":{"type":"LineString","coordinates":[[-123.1417896,49.293007],[-123.141507,49.2930445],[-123.1402038,49.2932656],[-123.1386278,49.2935381]]},"properties":{"id":363400271,"name":"Park pathway","class":"footway","surface":"concrete","width":3,"bridge":false,"source":"OpenStreetMap"}},{"type":"Feature","geometry":{"type":"LineString","coordinates":[[-123.1430918,49.2931161],[-123.1429012,49.2931005],[-123.1425675,49.2930561],[-123.1420137,49.293008],[-123.1418539,49.2930025],[-123.1417896,49.293007]]},"properties":{"id":363401072,"name":"Park pathway","class":"footway","surface":"asphalt","width":3,"bridge":false,"source":"OpenStreetMap"}},{"type":"Feature","geometry":{"type":"LineString","coordinates":[[-123.1431628,49.2930452],[-123.1430918,49.2931161]]},"properties":{"id":363401073,"name":"Park pathway","class":"footway","surface":"asphalt","width":3,"bridge":false,"source":"OpenStreetMap"}},{"type":"Feature","geometry":{"type":"LineString","coordinates":[[-123.1440855,49.2930332],[-123.1440798,49.2929967],[-123.1441112,49.2928982],[-123.1440888,49.2926847],[-123.1440363,49.2925071]]},"properties":{"id":363401074,"name":"Park pathway","class":"footway","surface":"asphalt","width":3,"bridge":false,"source":"OpenStreetMap"}},{"type":"Feature","geometry":{"type":"LineString","coordinates":[[-123.1440997,49.2931199],[-123.1440855,49.2930332]]},"properties":{"id":363401075,"name":"Park pathway","class":"footway","surface":"asphalt","width":3,"bridge":false,"source":"OpenStreetMap"}},{"type":"Feature","geometry":{"type":"LineString","coordinates":[[-123.1456956,49.2929837],[-123.1454643,49.2930071],[-123.145054,49.2930263],[-123.1446275,49.2930351],[-123.1444558,49.2930543],[-123.1442547,49.2930946],[-123.1440997,49.2931199],[-123.1438926,49.2931366],[-123.1435814,49.2931453],[-123.1433333,49.2931383],[-123.1430918,49.2931161]]},"properties":{"id":363401090,"name":"Park pathway","class":"footway","surface":"asphalt","width":3,"bridge":false,"source":"OpenStreetMap"}},{"type":"Feature","geometry":{"type":"LineString","coordinates":[[-123.1480682,49.2935683],[-123.1480991,49.2936134],[-123.148142,49.2936449],[-123.148244,49.2936834],[-123.1484183,49.2938163],[-123.1485229,49.2938408],[-123.1485524,49.29393],[-123.1485229,49.2939983],[-123.1486624,49.2941907],[-123.1487004,49.2942365],[-123.1487352,49.2942689],[-123.148805,49.2942864],[-123.1489538,49.2943122],[-123.1489767,49.2943404]]},"properties":{"id":363401533,"name":"Park pathway","class":"footway","surface":"asphalt","width":3,"bridge":false,"source":"OpenStreetMap"}},{"type":"Feature","geometry":{"type":"LineString","coordinates":[[-123.1492565,49.2936245],[-123.149231,49.2936099],[-123.149164,49.2935854],[-123.1490191,49.2936204],[-123.1489479,49.2936629]]},"properties":{"id":363402455,"name":"Park pathway","class":"footway","surface":"gravel","width":3,"bridge":false,"source":"OpenStreetMap"}},{"type":"Feature","geometry":{"type":"LineString","coordinates":[[-123.1493075,49.2935891],[-123.1492565,49.2936245],[-123.1492444,49.2937061],[-123.1491802,49.2937319],[-123.149113,49.2937355],[-123.1490181,49.2937143],[-123.1489479,49.2936629],[-123.1488045,49.2936554],[-123.148472,49.2936729],[-123.1483823,49.2935806]]},"properties":{"id":363402459,"name":"Park pathway","class":"footway","surface":"gravel","width":3,"bridge":false,"source":"OpenStreetMap"}},{"type":"Feature","geometry":{"type":"LineString","coordinates":[[-123.148472,49.2936729],[-123.1484633,49.2937491],[-123.1484902,49.2938332]]},"properties":{"id":363402997,"name":"Park pathway","class":"footway","surface":"fine_gravel","width":3,"bridge":false,"source":"OpenStreetMap"}},{"type":"Feature","geometry":{"type":"LineString","coordinates":[[-123.1488705,49.2936589],[-123.1488703,49.2937026]]},"properties":{"id":363402999,"name":"Park pathway","class":"footway","surface":"compacted","width":3,"bridge":false,"source":"OpenStreetMap"}},{"type":"Feature","geometry":{"type":"LineString","coordinates":[[-123.1488461,49.2938758],[-123.1488501,49.293916],[-123.1488295,49.2939675]]},"properties":{"id":363403000,"name":"Park pathway","class":"steps","surface":"compacted","width":2,"bridge":false,"source":"OpenStreetMap"}},{"type":"Feature","geometry":{"type":"LineString","coordinates":[[-123.1488676,49.2937359],[-123.1488461,49.2938758]]},"properties":{"id":363403001,"name":"Park pathway","class":"footway","surface":"compacted","width":3,"bridge":false,"source":"OpenStreetMap"}},{"type":"Feature","geometry":{"type":"LineString","coordinates":[[-123.1488703,49.2937026],[-123.1488676,49.2937359]]},"properties":{"id":363403002,"name":"Park pathway","class":"steps","surface":"compacted","width":2,"bridge":false,"source":"OpenStreetMap"}},{"type":"Feature","geometry":{"type":"LineString","coordinates":[[-123.1478707,49.2935592],[-123.1477387,49.2936096],[-123.1476836,49.2937178],[-123.1477281,49.2939837],[-123.1478098,49.2943433],[-123.1478705,49.2945531],[-123.1478591,49.2946094],[-123.1478244,49.2946576],[-123.1476614,49.2947757],[-123.1474507,49.2948895],[-123.1470368,49.2950888],[-123.1467263,49.2952263],[-123.1465807,49.2952862],[-123.1463855,49.2953604],[-123.1462655,49.2953981],[-123.1460526,49.2954586],[-123.1459382,49.2954726],[-123.1458504,49.2954227],[-123.1456412,49.2952917],[-123.1454522,49.2951837],[-123.1451984,49.2950298],[-123.1449878,49.2949111],[-123.1446747,49.2947072],[-123.1442603,49.2944494],[-123.1440672,49.2943252],[-123.1438904,49.2941821],[-123.1436514,49.294039],[-123.143372,49.2939148],[-123.1431127,49.2938222],[-123.1428496,49.2937367],[-123.142577,49.2936687],[-123.1421698,49.2935365],[-123.1419705,49.2935319],[-123.1417364,49.2935421],[-123.1416214,49.2935604],[-123.1414726,49.2935944],[-123.1410746,49.2936658],[-123.1398213,49.2938695],[-123.1394489,49.2939181],[-123.1386916,49.2939984],[-123.1386131,49.2940114],[-123.1385179,49.2940578],[-123.1385055,49.2940746],[-123.1385018,49.2940901]]},"properties":{"id":363403140,"name":"Park pathway","class":"footway","surface":"asphalt","width":3,"bridge":false,"source":"OpenStreetMap"}},{"type":"Feature","geometry":{"type":"LineString","coordinates":[[-123.1480514,49.2935577],[-123.1478707,49.2935592]]},"properties":{"id":363403142,"name":"Park pathway","class":"footway","surface":"asphalt","width":3,"bridge":false,"source":"OpenStreetMap"}},{"type":"Feature","geometry":{"type":"LineString","coordinates":[[-123.149632,49.2956019],[-123.149428,49.2956355]]},"properties":{"id":363403251,"name":"Park pathway","class":"footway","surface":"asphalt","width":3,"bridge":false,"source":"OpenStreetMap"}},{"type":"Feature","geometry":{"type":"LineString","coordinates":[[-123.1462175,49.2957386],[-123.1460909,49.2957836],[-123.1459122,49.2959598],[-123.1457592,49.2960998],[-123.1456714,49.29614],[-123.1455809,49.2961672],[-123.1452962,49.2962019],[-123.145134,49.2962416],[-123.1450411,49.2962747],[-123.1448121,49.2963965],[-123.144669,49.2964766],[-123.1445589,49.2965128],[-123.1443716,49.2965344],[-123.1439321,49.2965707],[-123.1437372,49.2965604],[-123.1432464,49.2964493],[-123.1431713,49.2964392],[-123.1431084,49.2964399],[-123.1426445,49.296516],[-123.142404,49.2965758],[-123.1422722,49.296635],[-123.1421456,49.2967077],[-123.141953,49.2968407],[-123.1417333,49.2969707],[-123.1415776,49.297036],[-123.141384,49.2971047],[-123.1411914,49.2971496],[-123.1410398,49.2971729],[-123.1409174,49.2971766],[-123.1407119,49.2971301],[-123.1405043,49.2970776],[-123.1403541,49.2970667],[-123.1401977,49.2970843],[-123.1400013,49.2971219],[-123.1398892,49.2971507],[-123.1397278,49.2972478],[-123.1395908,49.2973564],[-123.1394633,49.2974359],[-123.1393476,49.2974843],[-123.1391754,49.2975362],[-123.1388893,49.2975931],[-123.1386614,49.2976254],[-123.1384597,49.2976425],[-123.1382997,49.2976474],[-123.1380726,49.2976338],[-123.1378756,49.2975861],[-123.1377326,49.2975451],[-123.1375328,49.2974254],[-123.1374466,49.2973783],[-123.1373791,49.2973041],[-123.1371923,49.2970864],[-123.1370093,49.2967367],[-123.1368141,49.2964015],[-123.1366594,49.2960847],[-123.13669,49.2959181],[-123.1367948,49.2957381],[-123.1370378,49.2952661],[-123.1371337,49.295117],[-123.1371966,49.2949589],[-123.1372709,49.294734],[-123.1373842,49.2945259]]},"properties":{"id":363403252,"name":"Park pathway","class":"footway","surface":"gravel","width":3,"bridge":false,"source":"OpenStreetMap"}},{"type":"Feature","geometry":{"type":"LineString","coordinates":[[-123.1426746,49.313418],[-123.1428102,49.3132821],[-123.1429301,49.313199],[-123.1430287,49.3131043],[-123.1432572,49.3130426],[-123.1434012,49.3129933],[-123.1434692,49.3129786],[-123.1435439,49.3129548],[-123.1436456,49.3128891],[-123.1436288,49.3128163]]},"properties":{"id":363404507,"name":"Park pathway","class":"footway","surface":"gravel","width":3,"bridge":false,"source":"OpenStreetMap"}},{"type":"Feature","geometry":{"type":"LineString","coordinates":[[-123.1444308,49.31261],[-123.1443418,49.3127183],[-123.1442575,49.3127911],[-123.1442146,49.3128229],[-123.1441629,49.3128436],[-123.1440862,49.3128648],[-123.1439821,49.3128851],[-123.1438895,49.3128927],[-123.1438109,49.3128948],[-123.143678,49.3128924],[-123.1436456,49.3128891]]},"properties":{"id":363404508,"name":"Park pathway","class":"footway","surface":"gravel","width":3,"bridge":false,"source":"OpenStreetMap"}},{"type":"Feature","geometry":{"type":"LineString","coordinates":[[-123.1419721,49.3126556],[-123.1419693,49.3127598],[-123.1419543,49.3128201],[-123.1419269,49.3128755],[-123.1418965,49.3128942],[-123.1418582,49.3128977],[-123.1418209,49.3128834],[-123.1417918,49.3128566],[-123.1417386,49.3128279],[-123.1417143,49.312835],[-123.1416845,49.3128863],[-123.1416653,49.3128889],[-123.1416415,49.3128806],[-123.1415681,49.3128171],[-123.141533,49.3128033],[-123.1415019,49.3128172],[-123.1414671,49.3128674],[-123.1414415,49.3128762],[-123.1414179,49.3128642],[-123.1413632,49.3127838],[-123.1413287,49.3127624],[-123.1413021,49.312763],[-123.141278,49.3127878],[-123.1412249,49.3129086],[-123.1411857,49.3129882],[-123.141147,49.3130233],[-123.1411007,49.3130263],[-123.1410251,49.313022]]},"properties":{"id":363404581,"name":"Park pathway","class":"footway","surface":"gravel","width":3,"bridge":false,"source":"OpenStreetMap"}},{"type":"Feature","geometry":{"type":"LineString","coordinates":[[-123.1410251,49.313022],[-123.1406867,49.312977],[-123.1403168,49.3129631],[-123.1401216,49.3129254],[-123.1398964,49.3128681],[-123.1398139,49.312832],[-123.1397085,49.3127581],[-123.1396141,49.3126138],[-123.1393756,49.3122006],[-123.139161,49.3118369],[-123.1390031,49.3117025]]},"properties":{"id":363404582,"name":"Park pathway","class":"footway","surface":"dirt","width":3,"bridge":false,"source":"OpenStreetMap"}},{"type":"Feature","geometry":{"type":"LineString","coordinates":[[-123.1350125,49.3008156],[-123.1350833,49.3008689],[-123.1352523,49.3009714],[-123.1353548,49.3009905],[-123.1354644,49.3009832],[-123.1355674,49.3009422],[-123.1356379,49.3009217]]},"properties":{"id":363405321,"name":"Park pathway","class":"footway","surface":"asphalt","width":3,"bridge":false,"source":"OpenStreetMap"}},{"type":"Feature","geometry":{"type":"LineString","coordinates":[[-123.1339078,49.3008879],[-123.1339737,49.3008771],[-123.1340509,49.3008735],[-123.1342094,49.3008843],[-123.1342623,49.3008826]]},"properties":{"id":363570265,"name":"Park pathway","class":"footway","surface":"paving_stones","width":3,"bridge":false,"source":"OpenStreetMap"}},{"type":"Feature","geometry":{"type":"LineString","coordinates":[[-123.1339216,49.3018864],[-123.1338751,49.3017923],[-123.1337947,49.3016996],[-123.1337652,49.3016444]]},"properties":{"id":363570266,"name":"Park pathway","class":"footway","surface":null,"width":3,"bridge":false,"source":"OpenStreetMap"}},{"type":"Feature","geometry":{"type":"LineString","coordinates":[[-123.133779,49.300923],[-123.1338362,49.3009437],[-123.1338417,49.3009564],[-123.1338423,49.3009694],[-123.1337903,49.3010374]]},"properties":{"id":363570267,"name":"Park pathway","class":"footway","surface":"paving_stones","width":3,"bridge":false,"source":"OpenStreetMap"}},{"type":"Feature","geometry":{"type":"LineString","coordinates":[[-123.1341889,49.3013154],[-123.1341547,49.3011951],[-123.1340834,49.3011403],[-123.1339402,49.3010801],[-123.1338148,49.3010429],[-123.1335545,49.3009845],[-123.1335324,49.3009716],[-123.1335224,49.3009581],[-123.1335289,49.3009258]]},"properties":{"id":363570268,"name":"Park pathway","class":"footway","surface":null,"width":3,"bridge":false,"source":"OpenStreetMap"}},{"type":"Feature","geometry":{"type":"LineString","coordinates":[[-123.1315845,49.2978192],[-123.1315629,49.2978308],[-123.1314315,49.2978343],[-123.1313658,49.2978282],[-123.131357,49.2978047]]},"properties":{"id":363572755,"name":"Park pathway","class":"footway","surface":"asphalt","width":3,"bridge":false,"source":"OpenStreetMap"}},{"type":"Feature","geometry":{"type":"LineString","coordinates":[[-123.13048,49.2977136],[-123.1305092,49.2977384],[-123.1305933,49.2977819],[-123.1306815,49.2978331],[-123.1307019,49.2978276]]},"properties":{"id":363572757,"name":"Park pathway","class":"footway","surface":null,"width":3,"bridge":false,"source":"OpenStreetMap"}},{"type":"Feature","geometry":{"type":"LineString","coordinates":[[-123.1361023,49.3066936],[-123.135749,49.3068268],[-123.1356253,49.3068894],[-123.1355382,49.3069413],[-123.1355091,49.306975]]},"properties":{"id":363574826,"name":"Park pathway","class":"footway","surface":"fine_gravel","width":3,"bridge":false,"source":"OpenStreetMap"}},{"type":"Feature","geometry":{"type":"LineString","coordinates":[[-123.1361943,49.3067356],[-123.1361023,49.3066936]]},"properties":{"id":363574828,"name":"Park pathway","class":"footway","surface":"wood","width":3,"bridge":true,"source":"OpenStreetMap"}},{"type":"Feature","geometry":{"type":"LineString","coordinates":[[-123.1370027,49.3063968],[-123.1370106,49.3063372]]},"properties":{"id":363574829,"name":"Ravine Trail","class":"footway","surface":"wood","width":3,"bridge":true,"source":"OpenStreetMap"}},{"type":"Feature","geometry":{"type":"LineString","coordinates":[[-123.1370106,49.3063372],[-123.1370232,49.306313],[-123.1370562,49.306296],[-123.1371629,49.3062505],[-123.1372621,49.3061985],[-123.1373658,49.3061197],[-123.1375323,49.3058859],[-123.1376763,49.3057191],[-123.1377689,49.3056479],[-123.137846,49.3056237]]},"properties":{"id":363574831,"name":"Ravine Trail","class":"footway","surface":"fine_gravel","width":3,"bridge":false,"source":"OpenStreetMap"}},{"type":"Feature","geometry":{"type":"LineString","coordinates":[[-123.1437692,49.3064198],[-123.1436492,49.3064255]]},"properties":{"id":363575802,"name":"Park pathway","class":"footway","surface":null,"width":3,"bridge":true,"source":"OpenStreetMap"}},{"type":"Feature","geometry":{"type":"LineString","coordinates":[[-123.1425396,49.3080787],[-123.1426926,49.3079581],[-123.142933,49.3077843],[-123.1431562,49.307674],[-123.1432849,49.3076067],[-123.1433733,49.3075068],[-123.1434163,49.3073131],[-123.1434169,49.3071956],[-123.1434511,49.3070805],[-123.1435136,49.3069377],[-123.1435294,49.3067675],[-123.1435007,49.3066399],[-123.1434432,49.3065148],[-123.1433429,49.3064175],[-123.143148,49.3064215],[-123.1428928,49.3064842],[-123.142537,49.306612],[-123.141715,49.306882],[-123.141406,49.306951],[-123.141204,49.306951],[-123.1406666,49.3068752],[-123.1404525,49.3068729],[-123.1401488,49.3069762],[-123.139447,49.307293],[-123.1389,49.30748],[-123.13874,49.307499],[-123.1385588,49.3074906],[-123.138402,49.307461],[-123.138143,49.3074],[-123.137549,49.3072289],[-123.1374785,49.3072049],[-123.1373895,49.3071819],[-123.13723,49.307175]]},"properties":{"id":363575804,"name":"Hanson Trail","class":"footway","surface":"gravel","width":3,"bridge":false,"source":"OpenStreetMap"}},{"type":"Feature","geometry":{"type":"LineString","coordinates":[[-123.1497604,49.2939811],[-123.1497057,49.2939769]]},"properties":{"id":363582996,"name":"Park pathway","class":"footway","surface":"asphalt","width":3,"bridge":false,"source":"OpenStreetMap"}},{"type":"Feature","geometry":{"type":"LineString","coordinates":[[-123.1498097,49.2940125],[-123.1497611,49.2940116]]},"properties":{"id":363582997,"name":"Park pathway","class":"footway","surface":"asphalt","width":3,"bridge":false,"source":"OpenStreetMap"}},{"type":"Feature","geometry":{"type":"LineString","coordinates":[[-123.1497611,49.2940116],[-123.1497604,49.2939811]]},"properties":{"id":363582998,"name":"Park pathway","class":"steps","surface":"concrete","width":2,"bridge":false,"source":"OpenStreetMap"}},{"type":"Feature","geometry":{"type":"LineString","coordinates":[[-123.1354427,49.2935189],[-123.1354963,49.2935304],[-123.135666,49.2936337],[-123.1367849,49.2943616]]},"properties":{"id":363652245,"name":"Park pathway","class":"footway","surface":"concrete","width":3,"bridge":false,"source":"OpenStreetMap"}},{"type":"Feature","geometry":{"type":"LineString","coordinates":[[-123.1355338,49.2969177],[-123.1360473,49.2967838]]},"properties":{"id":363686269,"name":"Park pathway","class":"footway","surface":"asphalt","width":3,"bridge":false,"source":"OpenStreetMap"}},{"type":"Feature","geometry":{"type":"LineString","coordinates":[[-123.1369896,49.2972092],[-123.1369302,49.297226],[-123.1365351,49.2974208],[-123.1364513,49.2974589]]},"properties":{"id":363686270,"name":"Park pathway","class":"footway","surface":"concrete","width":3,"bridge":false,"source":"OpenStreetMap"}},{"type":"Feature","geometry":{"type":"LineString","coordinates":[[-123.1370418,49.2971231],[-123.1369896,49.2972092]]},"properties":{"id":363686271,"name":"Park pathway","class":"footway","surface":"asphalt","width":3,"bridge":false,"source":"OpenStreetMap"}},{"type":"Feature","geometry":{"type":"LineString","coordinates":[[-123.1380076,49.2980498],[-123.1379569,49.2980116],[-123.1375135,49.2976247],[-123.1373326,49.2974844],[-123.1370874,49.2972529],[-123.1370412,49.2972237],[-123.1369896,49.2972092]]},"properties":{"id":363686272,"name":"SB Stanley Park Causeway Bike Route","class":"cycleway","surface":"paved","width":4,"bridge":false,"source":"OpenStreetMap"}},{"type":"Feature","geometry":{"type":"LineString","coordinates":[[-123.1360131,49.2965507],[-123.1360269,49.2966259],[-123.1360582,49.2968547],[-123.1361036,49.2970145],[-123.1361327,49.2970629],[-123.1361443,49.2970999],[-123.1361463,49.297144],[-123.1361383,49.2971865],[-123.1361176,49.2972205]]},"properties":{"id":363686273,"name":"Park pathway","class":"footway","surface":"concrete","width":3,"bridge":false,"source":"OpenStreetMap"}},{"type":"Feature","geometry":{"type":"LineString","coordinates":[[-123.1380076,49.2980498],[-123.1378396,49.2980391]]},"properties":{"id":363686274,"name":"Park pathway","class":"cycleway","surface":"paved","width":4,"bridge":false,"source":"OpenStreetMap"}},{"type":"Feature","geometry":{"type":"LineString","coordinates":[[-123.1354844,49.2969391],[-123.1353477,49.2968828],[-123.135272,49.2968586]]},"properties":{"id":363686344,"name":"Park pathway","class":"footway","surface":"asphalt","width":3,"bridge":false,"source":"OpenStreetMap"}},{"type":"Feature","geometry":{"type":"LineString","coordinates":[[-123.1360888,49.2964143],[-123.1361206,49.2964549],[-123.1361856,49.2966403],[-123.1362379,49.2967675],[-123.1363679,49.2969733],[-123.1364271,49.2970433],[-123.1364968,49.2971147]]},"properties":{"id":363686510,"name":"NB Stanley Park Causeway Bike Route","class":"cycleway","surface":"concrete","width":4,"bridge":false,"source":"OpenStreetMap"}},{"type":"Feature","geometry":{"type":"LineString","coordinates":[[-123.1350924,49.2972471],[-123.1356847,49.2962512]]},"properties":{"id":363692733,"name":"Park pathway","class":"footway","surface":"asphalt","width":3,"bridge":true,"source":"OpenStreetMap"}},{"type":"Feature","geometry":{"type":"LineString","coordinates":[[-123.135052,49.2973127],[-123.1350924,49.2972471]]},"properties":{"id":363692734,"name":"Park pathway","class":"footway","surface":"asphalt","width":3,"bridge":false,"source":"OpenStreetMap"}},{"type":"Feature","geometry":{"type":"LineString","coordinates":[[-123.1356847,49.2962512],[-123.1357567,49.2961203]]},"properties":{"id":363692735,"name":"Park pathway","class":"footway","surface":null,"width":3,"bridge":false,"source":"OpenStreetMap"}},{"type":"Feature","geometry":{"type":"LineString","coordinates":[[-123.1362379,49.2952262],[-123.135932,49.2957381],[-123.1357156,49.2961108]]},"properties":{"id":363692736,"name":"Park pathway","class":"footway","surface":"asphalt","width":3,"bridge":false,"source":"OpenStreetMap"}},{"type":"Feature","geometry":{"type":"LineString","coordinates":[[-123.137995,49.2942851],[-123.1376321,49.2943699],[-123.1376262,49.2943745],[-123.1376283,49.2943831],[-123.1376608,49.2944401],[-123.1380419,49.2943526],[-123.137995,49.2942851]]},"properties":{"id":363832218,"name":"Park pathway","class":"pedestrian","surface":"concrete","width":3,"bridge":false,"source":"OpenStreetMap"}},{"type":"Feature","geometry":{"type":"LineString","coordinates":[[-123.1507271,49.2951075],[-123.1506838,49.2951306]]},"properties":{"id":363886489,"name":"Park pathway","class":"footway","surface":"asphalt","width":3,"bridge":false,"source":"OpenStreetMap"}},{"type":"Feature","geometry":{"type":"LineString","coordinates":[[-123.1507542,49.2950886],[-123.1507271,49.2951075]]},"properties":{"id":363886490,"name":"Park pathway","class":"steps","surface":"concrete:plates","width":2,"bridge":false,"source":"OpenStreetMap"}},{"type":"Feature","geometry":{"type":"LineString","coordinates":[[-123.1503497,49.2950223],[-123.1502918,49.2950323],[-123.1502059,49.295041],[-123.1501164,49.2950659]]},"properties":{"id":363888447,"name":"Park pathway","class":"footway","surface":"asphalt","width":3,"bridge":false,"source":"OpenStreetMap"}},{"type":"Feature","geometry":{"type":"LineString","coordinates":[[-123.1497113,49.2936287],[-123.1497807,49.2936342]]},"properties":{"id":363888448,"name":"Park pathway","class":"footway","surface":"asphalt","width":3,"bridge":false,"source":"OpenStreetMap"}},{"type":"Feature","geometry":{"type":"LineString","coordinates":[[-123.1497807,49.2936342],[-123.1497956,49.2935839],[-123.1498608,49.2935917]]},"properties":{"id":363888450,"name":"Park pathway","class":"steps","surface":"concrete","width":2,"bridge":false,"source":"OpenStreetMap"}},{"type":"Feature","geometry":{"type":"LineString","coordinates":[[-123.1505893,49.2953471],[-123.1504766,49.2953893],[-123.1502688,49.2953899],[-123.1499154,49.2955441]]},"properties":{"id":363888451,"name":"Park pathway","class":"footway","surface":"asphalt","width":3,"bridge":false,"source":"OpenStreetMap"}},{"type":"Feature","geometry":{"type":"LineString","coordinates":[[-123.1501556,49.2948362],[-123.1500284,49.2948848]]},"properties":{"id":363888453,"name":"Park pathway","class":"footway","surface":"ground","width":3,"bridge":false,"source":"OpenStreetMap"}},{"type":"Feature","geometry":{"type":"LineString","coordinates":[[-123.1474388,49.2910057],[-123.1479951,49.291445],[-123.1481009,49.2915246],[-123.1483837,49.2917647],[-123.1491354,49.2923868],[-123.1494836,49.2927037],[-123.1495814,49.2928198],[-123.1496582,49.2929397],[-123.1497587,49.2931331],[-123.1497716,49.293186],[-123.1497774,49.2932468],[-123.1497599,49.2935018],[-123.1497126,49.2937704],[-123.1496739,49.2938167],[-123.1496162,49.2938817],[-123.1495075,49.2939931],[-123.149417,49.2940797],[-123.1492565,49.2942181],[-123.1491761,49.2942673],[-123.1485877,49.2944792]]},"properties":{"id":363897626,"name":"Park pathway","class":"footway","surface":"asphalt","width":3,"bridge":false,"source":"OpenStreetMap"}},{"type":"Feature","geometry":{"type":"LineString","coordinates":[[-123.1320616,49.301024],[-123.1321051,49.3005083],[-123.1321115,49.3003482],[-123.1321238,49.3003035]]},"properties":{"id":367119724,"name":"Park pathway","class":"footway","surface":"asphalt","width":3,"bridge":false,"source":"OpenStreetMap"}},{"type":"Feature","geometry":{"type":"LineString","coordinates":[[-123.1320872,49.3010275],[-123.1321096,49.3010361],[-123.1321269,49.301049],[-123.1321369,49.3010647],[-123.1321387,49.3010818],[-123.1321323,49.3010982],[-123.1321181,49.3011126],[-123.1320977,49.3011233],[-123.1320733,49.3011291],[-123.1320472,49.3011296],[-123.1320207,49.3011244],[-123.1319984,49.3011135],[-123.1319831,49.3010984],[-123.1319764,49.3010809],[-123.1319792,49.3010628],[-123.131991,49.3010465],[-123.1320106,49.3010337],[-123.1320357,49.3010259],[-123.1320616,49.301024],[-123.1320872,49.3010275]]},"properties":{"id":367119725,"name":"Park pathway","class":"pedestrian","surface":"asphalt","width":3,"bridge":false,"source":"OpenStreetMap"}},{"type":"Feature","geometry":{"type":"LineString","coordinates":[[-123.1491568,49.3092209],[-123.1486055,49.3092984],[-123.14823,49.3093159],[-123.1479403,49.3093089],[-123.1478116,49.3093194],[-123.147656,49.3094733],[-123.1475489,49.3096045]]},"properties":{"id":367243118,"name":"Park pathway","class":"footway","surface":"gravel","width":3,"bridge":false,"source":"OpenStreetMap"}},{"type":"Feature","geometry":{"type":"LineString","coordinates":[[-123.1472011,49.3034799],[-123.1473445,49.3032978],[-123.147521,49.3030865],[-123.1481226,49.3026756]]},"properties":{"id":367243448,"name":"Lovers Walk","class":"cycleway","surface":"gravel","width":4,"bridge":false,"source":"OpenStreetMap"}},{"type":"Feature","geometry":{"type":"LineString","coordinates":[[-123.1540449,49.3079046],[-123.1541816,49.3077979],[-123.1543016,49.3076699],[-123.1543616,49.3075754],[-123.1544458,49.3074809],[-123.154591,49.3074066],[-123.1547324,49.3073746],[-123.1551091,49.3073533],[-123.1551886,49.307331],[-123.1552423,49.3073045]]},"properties":{"id":367245667,"name":"Merilees Trail","class":"footway","surface":"compacted","width":3,"bridge":false,"source":"OpenStreetMap"}},{"type":"Feature","geometry":{"type":"LineString","coordinates":[[-123.1552423,49.3073045],[-123.1553334,49.3072054],[-123.1554028,49.3068433],[-123.1554235,49.3067181],[-123.155469,49.3062614],[-123.1555739,49.3058684],[-123.1557026,49.3054498],[-123.1558308,49.3050886],[-123.1559399,49.3048556],[-123.1559805,49.3046941],[-123.1560033,49.3045649],[-123.1559772,49.3043248],[-123.1559589,49.3038055]]},"properties":{"id":367245668,"name":"Merilees Trail","class":"footway","surface":"compacted","width":3,"bridge":false,"source":"OpenStreetMap"}},{"type":"Feature","geometry":{"type":"LineString","coordinates":[[-123.1552423,49.3073045],[-123.1552714,49.3074128],[-123.1554202,49.3075083],[-123.1554466,49.3075598]]},"properties":{"id":367245669,"name":"Siwash Rock Trail","class":"footway","surface":"compacted","width":3,"bridge":false,"source":"OpenStreetMap"}},{"type":"Feature","geometry":{"type":"LineString","coordinates":[[-123.139736,49.2976148],[-123.1397314,49.2974996],[-123.139716,49.2973548],[-123.1397278,49.2972478]]},"properties":{"id":368662919,"name":"Tatlow Walk","class":"footway","surface":"asphalt","width":3,"bridge":false,"source":"OpenStreetMap"}},{"type":"Feature","geometry":{"type":"LineString","coordinates":[[-123.1530684,49.3034752],[-123.1530721,49.3031796],[-123.1530256,49.3029577],[-123.1530233,49.3028994],[-123.1530438,49.3028351],[-123.1532064,49.3025701],[-123.1533216,49.3022663],[-123.1534319,49.3021463],[-123.1535068,49.3019928],[-123.1536018,49.3018753],[-123.1537588,49.3017647],[-123.153901,49.3016765],[-123.1540875,49.3015907],[-123.1542002,49.3015753],[-123.1546969,49.3015461],[-123.1553786,49.3013323],[-123.155722,49.3012847],[-123.1559847,49.3012293],[-123.1561279,49.3011769],[-123.1564188,49.3009934],[-123.1567188,49.3006834],[-123.1570014,49.3003827],[-123.157239,49.3001911],[-123.1572913,49.3001442],[-123.1573917,49.2998423],[-123.1574248,49.2996613],[-123.1574764,49.2995826],[-123.1574913,49.2994371],[-123.157481,49.2993833],[-123.1574883,49.2993403],[-123.1574751,49.2992568],[-123.1574455,49.2989586],[-123.1573813,49.2987486],[-123.1572516,49.2983568],[-123.1572075,49.2982969],[-123.1571469,49.2982661],[-123.1570188,49.2981516],[-123.1568732,49.2980899],[-123.1568101,49.2980595],[-123.1567481,49.2980221],[-123.1566892,49.2979969],[-123.1565968,49.2979653],[-123.1564546,49.29795],[-123.1563773,49.2979516],[-123.156267,49.2979611],[-123.1561774,49.2979807],[-123.1560821,49.2980269],[-123.1559692,49.2980492],[-123.1559348,49.2980709],[-123.1557983,49.2981054],[-123.1556917,49.2981139],[-123.1556318,49.2981082],[-123.1555715,49.2981075],[-123.1555114,49.2981165],[-123.1553009,49.298106],[-123.1551835,49.2981076],[-123.1550266,49.2981008],[-123.1549131,49.2981184],[-123.1547939,49.2981172],[-123.1544357,49.2981027],[-123.1538988,49.2980478],[-123.1537608,49.2980161],[-123.1533428,49.2978717],[-123.152663,49.2976143],[-123.1514089,49.2968501],[-123.1509338,49.2966483],[-123.1506402,49.2965457]]},"properties":{"id":368662929,"name":"Rawlings Trail","class":"cycleway","surface":"fine_gravel","width":4,"bridge":false,"source":"OpenStreetMap"}},{"type":"Feature","geometry":{"type":"LineString","coordinates":[[-123.1530684,49.3034752],[-123.1526126,49.3032563],[-123.1520771,49.3030222],[-123.1513424,49.3026654],[-123.1510987,49.302579],[-123.1510236,49.3024615],[-123.1509716,49.3023518],[-123.1508521,49.3022239],[-123.1505813,49.3019975],[-123.1501675,49.3016303],[-123.149917,49.301454],[-123.149645,49.301281],[-123.149485,49.301201],[-123.149054,49.301034],[-123.1487458,49.3009516],[-123.148514,49.300903],[-123.147811,49.300793],[-123.1474302,49.3006894],[-123.147292,49.300625],[-123.1466342,49.3003392],[-123.1462192,49.3001746],[-123.1454744,49.2999205],[-123.1451584,49.2997988],[-123.1448157,49.2996352],[-123.1445485,49.2994948],[-123.1444397,49.2994454],[-123.1443231,49.2994017],[-123.1441259,49.2993164],[-123.1438958,49.2992042],[-123.1436543,49.2991054],[-123.1432909,49.2989788],[-123.1428154,49.2988079],[-123.1424455,49.2986329],[-123.142204,49.298535],[-123.141618,49.2983625],[-123.1414375,49.2982951],[-123.1412826,49.2982023],[-123.1411705,49.2981556],[-123.1408862,49.2980731],[-123.1407945,49.2980435],[-123.1403983,49.297904],[-123.1398642,49.2977316],[-123.13976,49.2976679]]},"properties":{"id":368662930,"name":"Tatlow Walk","class":"footway","surface":"gravel","width":3,"bridge":false,"source":"OpenStreetMap"}},{"type":"Feature","geometry":{"type":"LineString","coordinates":[[-123.1506402,49.2965457],[-123.1500088,49.2969874],[-123.1497865,49.2971361],[-123.1495472,49.297227],[-123.1489947,49.2974118],[-123.1488074,49.2974412],[-123.1484573,49.2974388],[-123.1481917,49.2974475],[-123.1479467,49.2974882],[-123.1475962,49.2975762],[-123.1468221,49.2976336],[-123.1457146,49.2977731],[-123.1455164,49.2978356],[-123.1454464,49.2978653],[-123.1453458,49.2979314],[-123.1452917,49.2979854],[-123.145187,49.2981581],[-123.1451525,49.2984063],[-123.1451469,49.2985107],[-123.1451257,49.298617],[-123.1448351,49.2989718],[-123.1447573,49.2990403],[-123.1446232,49.2992726],[-123.1444397,49.2994454],[-123.144409,49.299487],[-123.144339,49.299612],[-123.1442875,49.2997869],[-123.1442728,49.2998987],[-123.144283,49.300021],[-123.144399,49.3003125],[-123.1446758,49.300915],[-123.1447022,49.3010718],[-123.1446968,49.3011333],[-123.1446671,49.3012498],[-123.144661,49.30133],[-123.144701,49.301434],[-123.144933,49.30191],[-123.145052,49.302091],[-123.145235,49.302289],[-123.145507,49.3024833],[-123.1456746,49.3026255],[-123.1458424,49.3028115],[-123.1459095,49.3029144],[-123.1459941,49.3030619],[-123.1459979,49.3035977],[-123.1460392,49.3037051],[-123.1460758,49.3038164],[-123.1461032,49.3039781],[-123.1461007,49.3044203],[-123.146124,49.3046862],[-123.1461956,49.3049121],[-123.1461673,49.3052102],[-123.1461962,49.305459],[-123.1462683,49.3056119],[-123.1463823,49.3057436],[-123.1465373,49.3058701],[-123.1467071,49.3059564],[-123.1469372,49.3061824],[-123.1470491,49.306264],[-123.1472103,49.3063368],[-123.1473774,49.3063827],[-123.1475351,49.3064553],[-123.1476969,49.306567],[-123.1479029,49.3068808],[-123.1479311,49.3070333],[-123.1479162,49.3072082],[-123.1478351,49.3073954],[-123.1477278,49.3075682],[-123.147586,49.307714],[-123.1474838,49.3078391],[-123.14724,49.308001],[-123.147141,49.308048],[-123.1468536,49.3081633]]},"properties":{"id":368662932,"name":"Bridle Path","class":"cycleway","surface":"gravel","width":4,"bridge":false,"source":"OpenStreetMap"}},{"type":"Feature","geometry":{"type":"LineString","coordinates":[[-123.1490663,49.2961854],[-123.1484922,49.2961133],[-123.14755,49.2961781],[-123.1472456,49.2961884],[-123.1470305,49.2961685],[-123.1468352,49.2961153],[-123.1467265,49.2960762],[-123.1466692,49.2960494]]},"properties":{"id":368662933,"name":"Rawlings Trail","class":"cycleway","surface":"asphalt","width":4,"bridge":false,"source":"OpenStreetMap"}},{"type":"Feature","geometry":{"type":"LineString","coordinates":[[-123.135869,49.2989071],[-123.1360759,49.2989234],[-123.1360863,49.298942],[-123.1361103,49.2989488],[-123.1361326,49.2989448],[-123.1361508,49.2989288],[-123.1363941,49.2989378],[-123.136771,49.2988729],[-123.13708,49.2987245]]},"properties":{"id":368958750,"name":"Park pathway","class":"footway","surface":"asphalt","width":3,"bridge":false,"source":"OpenStreetMap"}},{"type":"Feature","geometry":{"type":"LineString","coordinates":[[-123.1357212,49.2988993],[-123.135758,49.2989011]]},"properties":{"id":368958757,"name":"Park pathway","class":"steps","surface":null,"width":2,"bridge":false,"source":"OpenStreetMap"}},{"type":"Feature","geometry":{"type":"LineString","coordinates":[[-123.1361395,49.297225],[-123.1360689,49.2972157],[-123.1357902,49.2971998],[-123.1354844,49.2969391]]},"properties":{"id":369448964,"name":"South Creek Trail","class":"footway","surface":"asphalt","width":3,"bridge":false,"source":"OpenStreetMap"}},{"type":"Feature","geometry":{"type":"LineString","coordinates":[[-123.1357695,49.2984555],[-123.135833,49.2984523],[-123.1359118,49.2984554]]},"properties":{"id":369448965,"name":"Park pathway","class":"footway","surface":"asphalt","width":3,"bridge":false,"source":"OpenStreetMap"}},{"type":"Feature","geometry":{"type":"LineString","coordinates":[[-123.1357023,49.2985147],[-123.1357409,49.2984778]]},"properties":{"id":369448966,"name":"Park pathway","class":"footway","surface":"asphalt","width":3,"bridge":false,"source":"OpenStreetMap"}},{"type":"Feature","geometry":{"type":"LineString","coordinates":[[-123.1481226,49.3026756],[-123.1481399,49.3026522],[-123.1481467,49.3026225],[-123.1481244,49.3024615],[-123.1480745,49.3023651],[-123.148079,49.3022227],[-123.1480239,49.3020371],[-123.1480117,49.3019194],[-123.1480364,49.3018416],[-123.1481197,49.3016849],[-123.1484196,49.3013463],[-123.1486835,49.3010038],[-123.1487458,49.3009516]]},"properties":{"id":369448967,"name":"Lovers Walk","class":"cycleway","surface":"gravel","width":4,"bridge":false,"source":"OpenStreetMap"}},{"type":"Feature","geometry":{"type":"LineString","coordinates":[[-123.1559892,49.3078291],[-123.155933,49.3077584],[-123.1559046,49.307674],[-123.1558888,49.3075577],[-123.1559219,49.3072387],[-123.1559993,49.3066757],[-123.1561319,49.3061971],[-123.1562329,49.3059614],[-123.1563418,49.3058071],[-123.1563229,49.3057083],[-123.1562424,49.305594],[-123.1561982,49.305487],[-123.156195,49.3053449],[-123.1562313,49.3047418],[-123.1563355,49.3043115],[-123.156351,49.3042693],[-123.1563535,49.3041928],[-123.1563447,49.3037942],[-123.156351,49.3035703],[-123.1563674,49.3033422],[-123.1564008,49.3031767],[-123.1564229,49.3030408],[-123.1565334,49.3027022],[-123.156696,49.3022401],[-123.1567654,49.3021093],[-123.1568885,49.3019899],[-123.1570606,49.3018603],[-123.15716,49.3018088],[-123.1573131,49.3017851],[-123.1575247,49.3017604],[-123.1576983,49.3017254],[-123.1582705,49.3014614],[-123.1583447,49.3014383],[-123.1585712,49.3013837],[-123.1586518,49.3013693],[-123.1587032,49.3013396],[-123.1587489,49.3013013],[-123.1587827,49.3012583],[-123.1588044,49.3012071],[-123.158812,49.3011574],[-123.1588035,49.3011064],[-123.1587776,49.3010448],[-123.1587277,49.300998],[-123.158674,49.3009577],[-123.1585841,49.3009078],[-123.1585488,49.3008761],[-123.158518,49.3008393],[-123.1583314,49.3005247],[-123.1582547,49.3003449],[-123.1582425,49.3002757],[-123.1582557,49.300227],[-123.158289,49.3001815],[-123.1583779,49.3000959],[-123.158392,49.3000438],[-123.1583718,49.2999944],[-123.1582708,49.2999029],[-123.1582395,49.2998422],[-123.1582345,49.2997889],[-123.1582789,49.2997],[-123.1582991,49.2995998],[-123.1583042,49.2994582],[-123.1582597,49.2992335],[-123.1581991,49.2990603],[-123.1581112,49.2988666],[-123.1580314,49.298528],[-123.1580203,49.2983198],[-123.1580031,49.298252],[-123.1579443,49.2981624],[-123.1577867,49.2980111],[-123.157499,49.297784],[-123.1573083,49.2976517],[-123.157099,49.2975357],[-123.156888,49.2974556],[-123.1567757,49.297434],[-123.1565882,49.2974203],[-123.1563861,49.2974261],[-123.1559142,49.2974909],[-123.1555578,49.2975726],[-123.1553088,49.2976548],[-123.1549864,49.2977075],[-123.1547407,49.2977255],[-123.1545378,49.2977176],[-123.1543697,49.2976828],[-123.1541572,49.2975774],[-123.1539317,49.2974224],[-123.1537733,49.2972764],[-123.1534452,49.2968511],[-123.1532448,49.2965022],[-123.1531268,49.2963868],[-123.1530007,49.2962218],[-123.1529061,49.2959767],[-123.1527902,49.2958203]]},"properties":{"id":381179590,"name":"Stanley Park Seawall","class":"footway","surface":"asphalt","width":3,"bridge":false,"source":"OpenStreetMap"}},{"type":"Feature","geometry":{"type":"LineString","coordinates":[[-123.1425994,49.3139636],[-123.1428763,49.3138908],[-123.1431286,49.3137919],[-123.1433653,49.3137322],[-123.143611,49.3136972],[-123.1439482,49.3136885],[-123.1441291,49.3136798],[-123.144636,49.3135415],[-123.1452054,49.3134483],[-123.145565,49.3134148],[-123.1457481,49.3133202],[-123.1459558,49.3132183],[-123.14615,49.3131673],[-123.1465096,49.3131426],[-123.1470165,49.3130989],[-123.1473738,49.3130479],[-123.1477646,49.3129329],[-123.1480705,49.3128558],[-123.1485283,49.3128048],[-123.1489906,49.3126942],[-123.1491603,49.3126607],[-123.1496739,49.3126578],[-123.1499017,49.3126126],[-123.1500625,49.3125428],[-123.1503796,49.3123462],[-123.1505538,49.3122618],[-123.1510785,49.3120696],[-123.1513175,49.311959],[-123.1516011,49.3118017],[-123.1519204,49.3115469],[-123.1522554,49.3113213],[-123.152389,49.3112765],[-123.1524363,49.3111294],[-123.1524663,49.3109215],[-123.1524616,49.310693],[-123.1524253,49.310515],[-123.1524253,49.3104039],[-123.1524553,49.3102937],[-123.1525105,49.3102032],[-123.1526052,49.3101075],[-123.1527236,49.3100149],[-123.1528909,49.3099469],[-123.1532508,49.3098574],[-123.1534409,49.3097911],[-123.1539877,49.3094849],[-123.154124,49.3093951],[-123.1542251,49.309293],[-123.1543147,49.309144],[-123.1544296,49.3089909],[-123.1545344,49.3088937],[-123.1547444,49.3087206],[-123.1549954,49.3085786],[-123.1551453,49.3085344],[-123.155341,49.308522],[-123.1555115,49.3085405],[-123.1557104,49.3086136],[-123.1558162,49.308627],[-123.1559282,49.3086249],[-123.1560293,49.3086064],[-123.1560716,49.3085881],[-123.1560936,49.3085565],[-123.1561028,49.3085091],[-123.1560984,49.308461],[-123.1560821,49.3084077],[-123.1560789,49.3083775],[-123.1560939,49.3083364],[-123.1561264,49.3082237],[-123.1561269,49.3081876],[-123.1561128,49.3081503],[-123.1560752,49.308112],[-123.1560571,49.3080775],[-123.1560512,49.3080468],[-123.1560448,49.307908],[-123.1559892,49.3078291]]},"properties":{"id":381179591,"name":"Stanley Park Seawall","class":"footway","surface":"asphalt","width":3,"bridge":false,"source":"OpenStreetMap"}},{"type":"Feature","geometry":{"type":"LineString","coordinates":[[-123.1559571,49.3078401],[-123.1559308,49.3078069],[-123.1558691,49.3076775],[-123.1558481,49.3075631],[-123.1558794,49.3072027],[-123.1559027,49.3070066],[-123.1559513,49.3067129],[-123.1560332,49.3063583],[-123.1561001,49.3060995],[-123.1562777,49.3058247],[-123.1562892,49.3057416],[-123.1561684,49.3055426],[-123.1561387,49.3054423],[-123.156178,49.3050266],[-123.1562027,49.3047282],[-123.1562448,49.3044968],[-123.1563055,49.3042163],[-123.1563045,49.303656],[-123.1563141,49.303458],[-123.156358,49.3031628]]},"properties":{"id":381179592,"name":"Stanley Park Seawall Bike Path","class":"cycleway","surface":"asphalt","width":4,"bridge":false,"source":"OpenStreetMap"}},{"type":"Feature","geometry":{"type":"LineString","coordinates":[[-123.1394979,49.312763],[-123.1397316,49.3129533],[-123.1398182,49.3130136],[-123.1399543,49.3130727],[-123.1401496,49.313139],[-123.1403772,49.3131612],[-123.1407837,49.3132531],[-123.1410036,49.3133762],[-123.1411766,49.3135365],[-123.1412375,49.3136941],[-123.141279,49.3138577]]},"properties":{"id":381179593,"name":"Stanley Park Seawall Bike Path","class":"cycleway","surface":"asphalt","width":4,"bridge":false,"source":"OpenStreetMap"}},{"type":"Feature","geometry":{"type":"LineString","coordinates":[[-123.1302173,49.3001167],[-123.1300723,49.3001438],[-123.1299779,49.3001448],[-123.1299022,49.300133],[-123.1297421,49.3001029],[-123.1295599,49.3000451],[-123.1293598,49.2999979],[-123.1290144,49.2999242],[-123.1286359,49.2997644],[-123.1283254,49.2996885],[-123.1280149,49.2995698],[-123.1278475,49.2994814],[-123.1277578,49.2994559],[-123.1274739,49.2994069],[-123.1271753,49.2993496]]},"properties":{"id":398623348,"name":"Mallard Trail","class":"footway","surface":"gravel","width":3,"bridge":false,"source":"OpenStreetMap"}},{"type":"Feature","geometry":{"type":"LineString","coordinates":[[-123.130323,49.2997509],[-123.1303889,49.2997053],[-123.1304989,49.2996703],[-123.1305731,49.2996273],[-123.1306601,49.2994078],[-123.130824,49.2993818],[-123.1309651,49.2993998]]},"properties":{"id":398623349,"name":"Park pathway","class":"footway","surface":"concrete","width":3,"bridge":false,"source":"OpenStreetMap"}},{"type":"Feature","geometry":{"type":"LineString","coordinates":[[-123.1306872,49.2997246],[-123.1306601,49.2996646],[-123.1305731,49.2996273]]},"properties":{"id":398623350,"name":"Park pathway","class":"footway","surface":"concrete","width":3,"bridge":false,"source":"OpenStreetMap"}},{"type":"Feature","geometry":{"type":"LineString","coordinates":[[-123.1304877,49.299309],[-123.1306601,49.2994078]]},"properties":{"id":398623544,"name":"Park pathway","class":"footway","surface":"concrete","width":3,"bridge":false,"source":"OpenStreetMap"}},{"type":"Feature","geometry":{"type":"LineString","coordinates":[[-123.1300523,49.2997598],[-123.1300681,49.2998163],[-123.130087,49.2998606],[-123.1301835,49.3000452],[-123.1302173,49.3001167]]},"properties":{"id":398623547,"name":"Park pathway","class":"footway","surface":"asphalt","width":3,"bridge":false,"source":"OpenStreetMap"}},{"type":"Feature","geometry":{"type":"LineString","coordinates":[[-123.1484452,49.3036785],[-123.148454,49.3037711]]},"properties":{"id":429213455,"name":"Park pathway","class":"footway","surface":"gravel","width":3,"bridge":false,"source":"OpenStreetMap"}},{"type":"Feature","geometry":{"type":"LineString","coordinates":[[-123.1567074,49.3021117],[-123.1567654,49.3021093]]},"properties":{"id":429215454,"name":"Park pathway","class":"footway","surface":"asphalt","width":3,"bridge":false,"source":"OpenStreetMap"}},{"type":"Feature","geometry":{"type":"LineString","coordinates":[[-123.1557641,49.3030051],[-123.1556566,49.3030944]]},"properties":{"id":429215455,"name":"Park pathway","class":"footway","surface":"asphalt","width":3,"bridge":false,"source":"OpenStreetMap"}},{"type":"Feature","geometry":{"type":"LineString","coordinates":[[-123.1558477,49.3028989],[-123.1557641,49.3030051],[-123.1559625,49.3031013],[-123.1560563,49.303173]]},"properties":{"id":429215456,"name":"Park pathway","class":"footway","surface":"asphalt","width":3,"bridge":false,"source":"OpenStreetMap"}},{"type":"Feature","geometry":{"type":"LineString","coordinates":[[-123.1560304,49.3035147],[-123.1559589,49.3038055]]},"properties":{"id":429215457,"name":"Park pathway","class":"footway","surface":"asphalt","width":3,"bridge":false,"source":"OpenStreetMap"}},{"type":"Feature","geometry":{"type":"LineString","coordinates":[[-123.1563055,49.3042163],[-123.156351,49.3042693]]},"properties":{"id":429215458,"name":"Park pathway","class":"footway","surface":"asphalt","width":3,"bridge":false,"source":"OpenStreetMap"}},{"type":"Feature","geometry":{"type":"LineString","coordinates":[[-123.1559589,49.3038055],[-123.1563055,49.3042163]]},"properties":{"id":429215459,"name":"Park pathway","class":"footway","surface":"asphalt","width":3,"bridge":false,"source":"OpenStreetMap"}},{"type":"Feature","geometry":{"type":"LineString","coordinates":[[-123.1582443,49.299131],[-123.1582685,49.2991276]]},"properties":{"id":604043451,"name":"Park pathway","class":"steps","surface":"rock","width":2,"bridge":false,"source":"OpenStreetMap"}},{"type":"Feature","geometry":{"type":"LineString","coordinates":[[-123.1582248,49.2991337],[-123.1582443,49.299131]]},"properties":{"id":604043452,"name":"Park pathway","class":"footway","surface":null,"width":3,"bridge":false,"source":"OpenStreetMap"}},{"type":"Feature","geometry":{"type":"LineString","coordinates":[[-123.1370038,49.2944434],[-123.1370048,49.2944568],[-123.1369988,49.2944698],[-123.1369868,49.294481],[-123.1369698,49.294489],[-123.1369498,49.2944931],[-123.1369298,49.2944928],[-123.1369098,49.2944881],[-123.1368938,49.2944795],[-123.1368818,49.294468],[-123.1368778,49.2944547],[-123.1368798,49.2944412],[-123.1368878,49.2944287],[-123.1369028,49.2944185],[-123.1369218,49.294412],[-123.1369438,49.2944102],[-123.1369648,49.2944131],[-123.1369828,49.2944204],[-123.1369968,49.2944308],[-123.1370038,49.2944434]]},"properties":{"id":604044922,"name":"Park pathway","class":"footway","surface":"paving_stones","width":3,"bridge":false,"source":"OpenStreetMap"}},{"type":"Feature","geometry":{"type":"LineString","coordinates":[[-123.1369988,49.2944698],[-123.1370179,49.2944771]]},"properties":{"id":604044923,"name":"Park pathway","class":"footway","surface":"paving_stones","width":3,"bridge":false,"source":"OpenStreetMap"}},{"type":"Feature","geometry":{"type":"LineString","coordinates":[[-123.1341189,49.2989398],[-123.1339486,49.2991569]]},"properties":{"id":648864781,"name":"Park pathway","class":"footway","surface":"asphalt","width":3,"bridge":false,"source":"OpenStreetMap"}},{"type":"Feature","geometry":{"type":"LineString","coordinates":[[-123.1357409,49.2984778],[-123.1357695,49.2984555]]},"properties":{"id":648864782,"name":"Park pathway","class":"steps","surface":null,"width":2,"bridge":false,"source":"OpenStreetMap"}},{"type":"Feature","geometry":{"type":"LineString","coordinates":[[-123.1359118,49.2984554],[-123.1360373,49.2984594],[-123.1361029,49.2984348],[-123.1361541,49.2984655],[-123.1364061,49.2984761],[-123.1364644,49.2985321]]},"properties":{"id":648864783,"name":"Park pathway","class":"footway","surface":"asphalt","width":3,"bridge":false,"source":"OpenStreetMap"}},{"type":"Feature","geometry":{"type":"LineString","coordinates":[[-123.1355761,49.2993254],[-123.1355397,49.2992912],[-123.1353228,49.2992023],[-123.1352417,49.2991577],[-123.1351329,49.2990409],[-123.1349639,49.2989245],[-123.1349331,49.2988873],[-123.1352882,49.2988661],[-123.1357212,49.2988993]]},"properties":{"id":648864784,"name":"Park pathway","class":"footway","surface":"asphalt","width":3,"bridge":false,"source":"OpenStreetMap"}},{"type":"Feature","geometry":{"type":"LineString","coordinates":[[-123.135906,49.2996122],[-123.1358515,49.2995928],[-123.1358376,49.299568],[-123.1358388,49.2995144],[-123.1358592,49.2993269],[-123.1358819,49.2989078],[-123.1359118,49.2984554],[-123.1359291,49.2980506]]},"properties":{"id":648864785,"name":"Park pathway","class":"footway","surface":"asphalt","width":3,"bridge":false,"source":"OpenStreetMap"}},{"type":"Feature","geometry":{"type":"LineString","coordinates":[[-123.135906,49.2996122],[-123.1359411,49.2995756]]},"properties":{"id":648864786,"name":"Park pathway","class":"steps","surface":null,"width":2,"bridge":false,"source":"OpenStreetMap"}},{"type":"Feature","geometry":{"type":"LineString","coordinates":[[-123.1361103,49.2989488],[-123.1360925,49.2989682]]},"properties":{"id":648864788,"name":"Park pathway","class":"steps","surface":null,"width":2,"bridge":false,"source":"OpenStreetMap"}},{"type":"Feature","geometry":{"type":"LineString","coordinates":[[-123.1361508,49.2989288],[-123.1361422,49.2989127],[-123.1361208,49.2989034],[-123.1360964,49.298905],[-123.1360759,49.2989234]]},"properties":{"id":648864789,"name":"Park pathway","class":"footway","surface":"asphalt","width":3,"bridge":false,"source":"OpenStreetMap"}},{"type":"Feature","geometry":{"type":"LineString","coordinates":[[-123.1359291,49.2980506],[-123.135854,49.2980433],[-123.1357946,49.2980479]]},"properties":{"id":648864790,"name":"Park pathway","class":"footway","surface":"asphalt","width":3,"bridge":false,"source":"OpenStreetMap"}},{"type":"Feature","geometry":{"type":"LineString","coordinates":[[-123.1357946,49.2980479],[-123.1357421,49.2980286],[-123.1356638,49.297986],[-123.1355957,49.2979649],[-123.1351601,49.2978902],[-123.134957,49.2977857]]},"properties":{"id":648864791,"name":"Park pathway","class":"footway","surface":"asphalt","width":3,"bridge":false,"source":"OpenStreetMap"}},{"type":"Feature","geometry":{"type":"LineString","coordinates":[[-123.1364513,49.2974589],[-123.1363423,49.2975029],[-123.1362253,49.2975898],[-123.1361218,49.2976332],[-123.136029,49.2976961],[-123.1359659,49.2977691],[-123.1359227,49.2979401],[-123.1359368,49.2979854],[-123.1359953,49.2980141]]},"properties":{"id":648864792,"name":"Park pathway","class":"footway","surface":"asphalt","width":3,"bridge":false,"source":"OpenStreetMap"}},{"type":"Feature","geometry":{"type":"LineString","coordinates":[[-123.1358515,49.2995928],[-123.1358479,49.2997003]]},"properties":{"id":648864793,"name":"Park pathway","class":"footway","surface":"asphalt","width":3,"bridge":false,"source":"OpenStreetMap"}},{"type":"Feature","geometry":{"type":"LineString","coordinates":[[-123.1358479,49.2997003],[-123.1358245,49.2997156],[-123.1358128,49.2997658],[-123.1358032,49.300225],[-123.1357889,49.3005381],[-123.1357887,49.3009149],[-123.1357648,49.3012075],[-123.1357521,49.3019423],[-123.1357197,49.3026667],[-123.1357373,49.302831],[-123.1358103,49.3030623],[-123.135918,49.3034565]]},"properties":{"id":648864794,"name":"Park pathway","class":"footway","surface":"asphalt","width":3,"bridge":false,"source":"OpenStreetMap"}},{"type":"Feature","geometry":{"type":"LineString","coordinates":[[-123.1358032,49.300225],[-123.1356382,49.3002255]]},"properties":{"id":648864795,"name":"Park pathway","class":"footway","surface":"asphalt","width":3,"bridge":false,"source":"OpenStreetMap"}},{"type":"Feature","geometry":{"type":"LineString","coordinates":[[-123.1356382,49.3002255],[-123.1356124,49.3001285]]},"properties":{"id":648864796,"name":"Park pathway","class":"footway","surface":"asphalt","width":3,"bridge":false,"source":"OpenStreetMap"}},{"type":"Feature","geometry":{"type":"LineString","coordinates":[[-123.1356382,49.3002255],[-123.1354076,49.3003011],[-123.1352795,49.3003622],[-123.1351925,49.3004437],[-123.1349697,49.3005368],[-123.134741,49.3006062]]},"properties":{"id":648864797,"name":"Park pathway","class":"footway","surface":"asphalt","width":3,"bridge":false,"source":"OpenStreetMap"}},{"type":"Feature","geometry":{"type":"LineString","coordinates":[[-123.1340364,49.3007051],[-123.1340408,49.300683],[-123.1340394,49.3006659],[-123.1339513,49.300507]]},"properties":{"id":648864798,"name":"Park pathway","class":"footway","surface":"concrete","width":3,"bridge":false,"source":"OpenStreetMap"}},{"type":"Feature","geometry":{"type":"LineString","coordinates":[[-123.1339857,49.3007775],[-123.1340364,49.3007051]]},"properties":{"id":648864799,"name":"Park pathway","class":"footway","surface":"asphalt","width":3,"bridge":false,"source":"OpenStreetMap"}},{"type":"Feature","geometry":{"type":"LineString","coordinates":[[-123.1344217,49.3005728],[-123.1345001,49.3006316]]},"properties":{"id":648864800,"name":"Park pathway","class":"footway","surface":"asphalt","width":3,"bridge":false,"source":"OpenStreetMap"}},{"type":"Feature","geometry":{"type":"LineString","coordinates":[[-123.1345001,49.3006316],[-123.1345907,49.3007012]]},"properties":{"id":648864801,"name":"Park pathway","class":"footway","surface":"asphalt","width":3,"bridge":false,"source":"OpenStreetMap"}},{"type":"Feature","geometry":{"type":"LineString","coordinates":[[-123.1345799,49.3006428],[-123.1345377,49.3006607]]},"properties":{"id":648864802,"name":"Park pathway","class":"footway","surface":"asphalt","width":3,"bridge":false,"source":"OpenStreetMap"}},{"type":"Feature","geometry":{"type":"LineString","coordinates":[[-123.1346582,49.3006046],[-123.1345799,49.3006428]]},"properties":{"id":648864803,"name":"Park pathway","class":"footway","surface":"asphalt","width":3,"bridge":false,"source":"OpenStreetMap"}},{"type":"Feature","geometry":{"type":"LineString","coordinates":[[-123.1344644,49.3011473],[-123.1345437,49.3010938],[-123.1347346,49.3009816],[-123.1349526,49.3008613],[-123.1350125,49.3008156]]},"properties":{"id":648864804,"name":"Park pathway","class":"footway","surface":"asphalt","width":3,"bridge":false,"source":"OpenStreetMap"}},{"type":"Feature","geometry":{"type":"LineString","coordinates":[[-123.1350125,49.3008156],[-123.1348352,49.3006562]]},"properties":{"id":648864805,"name":"Park pathway","class":"footway","surface":"gravel","width":3,"bridge":false,"source":"OpenStreetMap"}},{"type":"Feature","geometry":{"type":"LineString","coordinates":[[-123.1368269,49.2971324],[-123.1365212,49.297302],[-123.1364225,49.2973342],[-123.1363803,49.2973374]]},"properties":{"id":648864806,"name":"Park pathway","class":"footway","surface":"concrete","width":3,"bridge":false,"source":"OpenStreetMap"}},{"type":"Feature","geometry":{"type":"LineString","coordinates":[[-123.1342808,49.3036396],[-123.1340536,49.3034892],[-123.1340392,49.3034536],[-123.1340821,49.3033009]]},"properties":{"id":660884660,"name":"Park pathway","class":"footway","surface":null,"width":3,"bridge":false,"source":"OpenStreetMap"}},{"type":"Feature","geometry":{"type":"LineString","coordinates":[[-123.1342623,49.3008826],[-123.1343079,49.300867],[-123.1345907,49.3007012]]},"properties":{"id":674892167,"name":"Park pathway","class":"footway","surface":"asphalt","width":3,"bridge":false,"source":"OpenStreetMap"}},{"type":"Feature","geometry":{"type":"LineString","coordinates":[[-123.1513484,49.2956684],[-123.151199,49.2956964]]},"properties":{"id":685714750,"name":"Stanley Park Seawall Bike Path","class":"cycleway","surface":"asphalt","width":4,"bridge":false,"source":"OpenStreetMap"}},{"type":"Feature","geometry":{"type":"LineString","coordinates":[[-123.1380629,49.2943714],[-123.1380173,49.2942956]]},"properties":{"id":720340925,"name":"Park pathway","class":"steps","surface":"concrete","width":2,"bridge":false,"source":"OpenStreetMap"}},{"type":"Feature","geometry":{"type":"LineString","coordinates":[[-123.1374597,49.2944167],[-123.1376547,49.2943788],[-123.1378307,49.294336],[-123.1380173,49.2942956],[-123.1380689,49.2942735],[-123.1383557,49.2942072],[-123.1385241,49.294177],[-123.138646,49.2941634]]},"properties":{"id":722050981,"name":"Park pathway","class":"footway","surface":"asphalt","width":3,"bridge":false,"source":"OpenStreetMap"}},{"type":"Feature","geometry":{"type":"LineString","coordinates":[[-123.1383234,49.2937425],[-123.138215,49.2936043]]},"properties":{"id":722050982,"name":"Park pathway","class":"footway","surface":"asphalt","width":3,"bridge":false,"source":"OpenStreetMap"}},{"type":"Feature","geometry":{"type":"LineString","coordinates":[[-123.1383395,49.2937897],[-123.1383234,49.2937425]]},"properties":{"id":722050983,"name":"Park pathway","class":"steps","surface":"concrete","width":2,"bridge":false,"source":"OpenStreetMap"}},{"type":"Feature","geometry":{"type":"LineString","coordinates":[[-123.1328829,49.2930745],[-123.1326427,49.2928961],[-123.1321959,49.2925966],[-123.1317733,49.292332],[-123.1312516,49.292],[-123.1312088,49.2920012],[-123.1311609,49.2920101],[-123.1308514,49.2921972],[-123.1307214,49.292237],[-123.1306044,49.2922524]]},"properties":{"id":722054183,"name":"Park pathway","class":"footway","surface":"concrete","width":3,"bridge":false,"source":"OpenStreetMap"}},{"type":"Feature","geometry":{"type":"LineString","coordinates":[[-123.1452682,49.2947174],[-123.1452029,49.2946078],[-123.1451332,49.2945676],[-123.1450495,49.2945419]]},"properties":{"id":722554185,"name":"Park pathway","class":"footway","surface":"gravel","width":3,"bridge":false,"source":"OpenStreetMap"}},{"type":"Feature","geometry":{"type":"LineString","coordinates":[[-123.1460909,49.2957836],[-123.1460089,49.2957317],[-123.1459137,49.2957745],[-123.1458922,49.2958419],[-123.1459122,49.2959598]]},"properties":{"id":722554186,"name":"Park pathway","class":"footway","surface":"compacted","width":3,"bridge":false,"source":"OpenStreetMap"}},{"type":"Feature","geometry":{"type":"LineString","coordinates":[[-123.152505,49.2958631],[-123.1524569,49.2958139],[-123.1523362,49.2957859],[-123.1522987,49.2957903],[-123.1522045,49.2958489]]},"properties":{"id":722554187,"name":"Park pathway","class":"footway","surface":"asphalt","width":3,"bridge":false,"source":"OpenStreetMap"}},{"type":"Feature","geometry":{"type":"LineString","coordinates":[[-123.1302173,49.3001167],[-123.1302427,49.3001918],[-123.1302578,49.3002699],[-123.1302796,49.3003319],[-123.1302803,49.3003752],[-123.1302743,49.3004229],[-123.1302488,49.3005173],[-123.1302045,49.3005619],[-123.13017,49.3006271],[-123.1301328,49.3006848],[-123.1301437,49.3007121]]},"properties":{"id":725454478,"name":"Park pathway","class":"footway","surface":"concrete","width":3,"bridge":false,"source":"OpenStreetMap"}},{"type":"Feature","geometry":{"type":"LineString","coordinates":[[-123.1331737,49.2978246],[-123.132809,49.2977922],[-123.1327858,49.2977874],[-123.1324765,49.2979903],[-123.1318967,49.2983474]]},"properties":{"id":725454480,"name":"Park pathway","class":"footway","surface":"asphalt","width":3,"bridge":false,"source":"OpenStreetMap"}},{"type":"Feature","geometry":{"type":"LineString","coordinates":[[-123.1309531,49.3034829],[-123.1309,49.303495],[-123.1309257,49.3035366]]},"properties":{"id":731790210,"name":"Park pathway","class":"footway","surface":"asphalt","width":3,"bridge":false,"source":"OpenStreetMap"}},{"type":"Feature","geometry":{"type":"LineString","coordinates":[[-123.1323293,49.3053765],[-123.1322907,49.3053909]]},"properties":{"id":731790211,"name":"Park pathway","class":"steps","surface":"rock","width":2,"bridge":false,"source":"OpenStreetMap"}},{"type":"Feature","geometry":{"type":"LineString","coordinates":[[-123.1342853,49.3065877],[-123.1343172,49.3065576]]},"properties":{"id":731790212,"name":"Park pathway","class":"steps","surface":"rock","width":2,"bridge":false,"source":"OpenStreetMap"}},{"type":"Feature","geometry":{"type":"LineString","coordinates":[[-123.1170213,49.3008966],[-123.1170518,49.3009005],[-123.1171043,49.3008894],[-123.1171422,49.3008696],[-123.1171697,49.3008351],[-123.1172146,49.300833],[-123.1173138,49.3008166],[-123.1173631,49.3008037],[-123.1174345,49.3007789],[-123.1175332,49.3007364],[-123.1176335,49.3006766],[-123.1177169,49.300615],[-123.1177802,49.3005536],[-123.117848,49.3004649],[-123.1178998,49.3004534],[-123.1179377,49.3004153],[-123.1180829,49.3001821],[-123.1182867,49.3000147],[-123.118529,49.2998563],[-123.1188936,49.2997029],[-123.1189823,49.2996791],[-123.1192142,49.2996524],[-123.1194638,49.2996577],[-123.1200056,49.2996891],[-123.1203456,49.2997225],[-123.1208653,49.2997955],[-123.1210066,49.2998183],[-123.1213582,49.2998847],[-123.1216874,49.2999929],[-123.1221699,49.3001862],[-123.1224429,49.3003179],[-123.1225394,49.3003332],[-123.122653,49.3003668],[-123.1228488,49.3004412],[-123.1238197,49.300826],[-123.1243133,49.3010388],[-123.1246734,49.3012373],[-123.1250755,49.3015159],[-123.1253372,49.3017252],[-123.1256558,49.3020016],[-123.126018,49.3023579],[-123.1260917,49.3024257],[-123.1261792,49.3024796],[-123.126273,49.3025267],[-123.1264347,49.3025914],[-123.1266528,49.3026335],[-123.1268313,49.3026282],[-123.1269607,49.3026193],[-123.127074,49.3025983],[-123.127225,49.3025632],[-123.1273796,49.3025439],[-123.1275761,49.3025268],[-123.1276947,49.3025246],[-123.1279235,49.3025296],[-123.1281472,49.3025404],[-123.128426,49.3025689],[-123.1286383,49.3025958],[-123.1288382,49.3026281],[-123.1292014,49.3026936],[-123.1298566,49.3028508],[-123.1303056,49.3029895],[-123.130594,49.3030841]]},"properties":{"id":731790213,"name":"Park pathway","class":"footway","surface":"asphalt","width":3,"bridge":false,"source":"OpenStreetMap"}},{"type":"Feature","geometry":{"type":"LineString","coordinates":[[-123.1356272,49.3071909],[-123.1355658,49.3071866]]},"properties":{"id":731791390,"name":"Park pathway","class":"steps","surface":"stone","width":2,"bridge":false,"source":"OpenStreetMap"}},{"type":"Feature","geometry":{"type":"LineString","coordinates":[[-123.1359015,49.3085191],[-123.1358523,49.3085336]]},"properties":{"id":731791391,"name":"Park pathway","class":"steps","surface":"stone","width":2,"bridge":false,"source":"OpenStreetMap"}},{"type":"Feature","geometry":{"type":"LineString","coordinates":[[-123.1380147,49.3110857],[-123.1379801,49.3111014]]},"properties":{"id":731791392,"name":"Park pathway","class":"steps","surface":"stone","width":2,"bridge":false,"source":"OpenStreetMap"}},{"type":"Feature","geometry":{"type":"LineString","coordinates":[[-123.1392823,49.3124346],[-123.1392344,49.3124442]]},"properties":{"id":731791393,"name":"Park pathway","class":"steps","surface":"stone","width":2,"bridge":false,"source":"OpenStreetMap"}},{"type":"Feature","geometry":{"type":"LineString","coordinates":[[-123.1412751,49.3139196],[-123.1412111,49.3139226]]},"properties":{"id":731791394,"name":"Park pathway","class":"steps","surface":"stone","width":2,"bridge":false,"source":"OpenStreetMap"}},{"type":"Feature","geometry":{"type":"LineString","coordinates":[[-123.1436989,49.3136949],[-123.1436988,49.3137287]]},"properties":{"id":731791395,"name":"Park pathway","class":"steps","surface":"stone","width":2,"bridge":false,"source":"OpenStreetMap"}},{"type":"Feature","geometry":{"type":"LineString","coordinates":[[-123.1515744,49.3118173],[-123.1516345,49.311859],[-123.1515363,49.3119136]]},"properties":{"id":731791396,"name":"Park pathway","class":"footway","surface":"asphalt","width":3,"bridge":false,"source":"OpenStreetMap"}},{"type":"Feature","geometry":{"type":"LineString","coordinates":[[-123.1461932,49.3131643],[-123.146202,49.3131943]]},"properties":{"id":731792364,"name":"Park pathway","class":"steps","surface":null,"width":2,"bridge":false,"source":"OpenStreetMap"}},{"type":"Feature","geometry":{"type":"LineString","coordinates":[[-123.1505769,49.3122534],[-123.1506085,49.3122838]]},"properties":{"id":731792365,"name":"Park pathway","class":"steps","surface":null,"width":2,"bridge":false,"source":"OpenStreetMap"}},{"type":"Feature","geometry":{"type":"LineString","coordinates":[[-123.1524476,49.3110514],[-123.1525118,49.3110548]]},"properties":{"id":731792366,"name":"Park pathway","class":"steps","surface":null,"width":2,"bridge":false,"source":"OpenStreetMap"}},{"type":"Feature","geometry":{"type":"LineString","coordinates":[[-123.1564013,49.3031739],[-123.1564719,49.3031801]]},"properties":{"id":731792367,"name":"Park pathway","class":"steps","surface":"concrete","width":2,"bridge":false,"source":"OpenStreetMap"}},{"type":"Feature","geometry":{"type":"LineString","coordinates":[[-123.1564307,49.3030169],[-123.1565186,49.3030267]]},"properties":{"id":731792368,"name":"Park pathway","class":"steps","surface":"concrete","width":2,"bridge":false,"source":"OpenStreetMap"}},{"type":"Feature","geometry":{"type":"LineString","coordinates":[[-123.156351,49.3042693],[-123.1563818,49.3043191],[-123.156438,49.3043889]]},"properties":{"id":731792369,"name":"Park pathway","class":"footway","surface":"asphalt","width":3,"bridge":false,"source":"OpenStreetMap"}},{"type":"Feature","geometry":{"type":"LineString","coordinates":[[-123.1567349,49.3021669],[-123.156778,49.3021842],[-123.15678,49.3022212]]},"properties":{"id":731792370,"name":"Park pathway","class":"footway","surface":"asphalt","width":3,"bridge":false,"source":"OpenStreetMap"}},{"type":"Feature","geometry":{"type":"LineString","coordinates":[[-123.158305,49.3004628],[-123.158361,49.3004544]]},"properties":{"id":731792371,"name":"Park pathway","class":"steps","surface":"rock","width":2,"bridge":false,"source":"OpenStreetMap"}},{"type":"Feature","geometry":{"type":"LineString","coordinates":[[-123.1544511,49.2976997],[-123.154459,49.2976825]]},"properties":{"id":731792372,"name":"Park pathway","class":"footway","surface":"rock","width":3,"bridge":false,"source":"OpenStreetMap"}},{"type":"Feature","geometry":{"type":"LineString","coordinates":[[-123.154459,49.2976825],[-123.1544224,49.2976736]]},"properties":{"id":731792373,"name":"Park pathway","class":"steps","surface":"concrete","width":2,"bridge":false,"source":"OpenStreetMap"}},{"type":"Feature","geometry":{"type":"LineString","coordinates":[[-123.1530115,49.2962359],[-123.1530512,49.2962232]]},"properties":{"id":731792374,"name":"Park pathway","class":"steps","surface":"sett","width":2,"bridge":false,"source":"OpenStreetMap"}},{"type":"Feature","geometry":{"type":"LineString","coordinates":[[-123.1333222,49.296989],[-123.1333218,49.2969597]]},"properties":{"id":731792755,"name":"Park pathway","class":"steps","surface":"concrete","width":2,"bridge":false,"source":"OpenStreetMap"}},{"type":"Feature","geometry":{"type":"LineString","coordinates":[[-123.1361541,49.2984655],[-123.1360937,49.2984928],[-123.1360373,49.2984594]]},"properties":{"id":731794053,"name":"Park pathway","class":"footway","surface":"asphalt","width":3,"bridge":false,"source":"OpenStreetMap"}},{"type":"Feature","geometry":{"type":"LineString","coordinates":[[-123.1456257,49.2949064],[-123.1456963,49.2949042],[-123.1457559,49.2948648],[-123.1457958,49.2947424],[-123.1459723,49.2946766],[-123.1460785,49.2946256],[-123.1461533,49.2945388],[-123.1461579,49.294484]]},"properties":{"id":752863913,"name":"Forest trail","class":"path","surface":null,"width":2,"bridge":false,"source":"OpenStreetMap"}},{"type":"Feature","geometry":{"type":"LineString","coordinates":[[-123.1342808,49.3036396],[-123.1344177,49.3035851],[-123.1345675,49.3035094],[-123.135189,49.302903],[-123.1351713,49.3025828],[-123.1351753,49.3023267],[-123.1349894,49.3020018],[-123.1348944,49.3019041],[-123.1346474,49.3018304],[-123.1344172,49.3017986],[-123.1341188,49.3018315],[-123.1337101,49.3019462],[-123.1335545,49.3020376],[-123.133395,49.3020783]]},"properties":{"id":753146621,"name":"Miniature Train Trail","class":"footway","surface":null,"width":3,"bridge":false,"source":"OpenStreetMap"}},{"type":"Feature","geometry":{"type":"LineString","coordinates":[[-123.1313588,49.2996972],[-123.1314427,49.2996885],[-123.1315551,49.2997283],[-123.1317785,49.299661],[-123.1321295,49.299665]]},"properties":{"id":774858236,"name":"Park pathway","class":"footway","surface":"asphalt","width":3,"bridge":false,"source":"OpenStreetMap"}},{"type":"Feature","geometry":{"type":"LineString","coordinates":[[-123.1356342,49.3070458],[-123.1356424,49.3070521],[-123.1356425,49.3070792],[-123.135653,49.307143],[-123.1356272,49.3071909],[-123.1355679,49.3073721],[-123.135543,49.3075091],[-123.135589,49.3077544],[-123.1356812,49.3081082],[-123.1357759,49.3083368],[-123.1358706,49.3084837],[-123.1360293,49.3086656],[-123.1362725,49.3089843],[-123.1364567,49.3092864],[-123.1365284,49.309525],[-123.1365975,49.3097136],[-123.1366743,49.3098387],[-123.1371376,49.3102042],[-123.1373107,49.3103808],[-123.1376609,49.310756],[-123.1379655,49.3110463],[-123.138759,49.3116804],[-123.1389202,49.311874],[-123.1391864,49.3122611],[-123.1394731,49.3127801]]},"properties":{"id":774858740,"name":"Stanley Park Seawall","class":"footway","surface":"asphalt","width":3,"bridge":false,"source":"OpenStreetMap"}},{"type":"Feature","geometry":{"type":"LineString","coordinates":[[-123.135589,49.3070024],[-123.1356342,49.3070458]]},"properties":{"id":774858741,"name":"Stanley Park Seawall","class":"footway","surface":"asphalt","width":3,"bridge":true,"source":"OpenStreetMap"}},{"type":"Feature","geometry":{"type":"LineString","coordinates":[[-123.1356579,49.3070213],[-123.135672,49.3070386],[-123.1356913,49.3070891],[-123.1356637,49.3072185],[-123.1356084,49.3073823],[-123.1356135,49.3075145],[-123.1356351,49.3076593],[-123.1357398,49.3080751],[-123.1358051,49.3082347],[-123.135866,49.3083654],[-123.1359759,49.3085265],[-123.1360965,49.3086692],[-123.1362844,49.3089016],[-123.1364529,49.3091386],[-123.1365264,49.309269],[-123.1365695,49.3094225],[-123.1366053,49.3095983],[-123.1367045,49.3097827],[-123.1367605,49.3098624],[-123.1368505,49.3099351],[-123.1372282,49.3102165],[-123.1377784,49.3108468],[-123.138271,49.3112579],[-123.1386403,49.3115465],[-123.1388123,49.3117009],[-123.1389556,49.3118691],[-123.1392217,49.3122537],[-123.1394979,49.312763]]},"properties":{"id":774858742,"name":"Stanley Park Seawall Bike Path","class":"cycleway","surface":"asphalt","width":4,"bridge":false,"source":"OpenStreetMap"}},{"type":"Feature","geometry":{"type":"LineString","coordinates":[[-123.1356172,49.3069743],[-123.1356579,49.3070213]]},"properties":{"id":774858743,"name":"Stanley Park Seawall","class":"cycleway","surface":"asphalt","width":4,"bridge":true,"source":"OpenStreetMap"}},{"type":"Feature","geometry":{"type":"LineString","coordinates":[[-123.1321379,49.300248],[-123.1321472,49.3001204],[-123.1321295,49.299665],[-123.1320756,49.2993384],[-123.1320715,49.299118],[-123.132064,49.2989203]]},"properties":{"id":781943119,"name":"Park pathway","class":"footway","surface":"asphalt","width":3,"bridge":false,"source":"OpenStreetMap"}},{"type":"Feature","geometry":{"type":"LineString","coordinates":[[-123.1321238,49.3003035],[-123.1321379,49.300248]]},"properties":{"id":781943120,"name":"Park pathway","class":"footway","surface":"asphalt","width":3,"bridge":true,"source":"OpenStreetMap"}},{"type":"Feature","geometry":{"type":"LineString","coordinates":[[-123.1374993,49.2942713],[-123.1374579,49.2942474],[-123.137417,49.2942459],[-123.1373791,49.2942751],[-123.1373046,49.2943527],[-123.137241,49.294502],[-123.1371978,49.2945584],[-123.1370555,49.2947015],[-123.1369937,49.2947524]]},"properties":{"id":825548178,"name":"Park pathway","class":"cycleway","surface":"asphalt","width":4,"bridge":false,"source":"OpenStreetMap"}},{"type":"Feature","geometry":{"type":"LineString","coordinates":[[-123.1357156,49.2961108],[-123.1358126,49.2961323],[-123.1358799,49.296052]]},"properties":{"id":825553877,"name":"Park pathway","class":"footway","surface":"asphalt","width":3,"bridge":false,"source":"OpenStreetMap"}},{"type":"Feature","geometry":{"type":"LineString","coordinates":[[-123.1358971,49.295241],[-123.1357562,49.2955703],[-123.1357015,49.2957571],[-123.1356469,49.2959006],[-123.1355607,49.2960767],[-123.1354471,49.2962291],[-123.1352328,49.2964457],[-123.1350834,49.296562],[-123.1348968,49.2966869],[-123.1348235,49.2967274],[-123.1345054,49.2968695],[-123.1343948,49.2969074],[-123.1342108,49.2969445],[-123.1340399,49.2969618],[-123.1335981,49.2970029],[-123.1332703,49.2970183],[-123.1331199,49.2970182],[-123.132896,49.2969747],[-123.1325804,49.2969057],[-123.1325051,49.2968984],[-123.1324359,49.2968983],[-123.1323526,49.2969086],[-123.1322912,49.2969276],[-123.132237,49.2969501],[-123.1320948,49.2970534],[-123.1317953,49.2972415],[-123.1314089,49.2974562],[-123.1311413,49.2975981],[-123.1310058,49.2976547],[-123.130824,49.2977055],[-123.130738,49.2977242],[-123.130597,49.2977377],[-123.130436,49.2977398],[-123.1302713,49.2977253],[-123.1301163,49.2976894],[-123.1299898,49.2976348],[-123.1298243,49.2975336],[-123.1297406,49.297436],[-123.1296219,49.2972343],[-123.129479,49.2970133],[-123.1292977,49.2967743],[-123.1291087,49.2965645],[-123.1288969,49.2963569],[-123.1287029,49.2962298],[-123.1283771,49.2960975],[-123.1282544,49.2960613],[-123.1281439,49.2960358],[-123.1280594,49.2960247],[-123.1279112,49.2960269],[-123.1277268,49.2960597],[-123.1276606,49.2960805],[-123.1276095,49.2961051],[-123.1275552,49.2961438],[-123.1274559,49.2962411],[-123.1273296,49.2964054],[-123.1268818,49.2970316],[-123.1267603,49.297171],[-123.126691,49.2972425],[-123.1266157,49.2973046],[-123.1265373,49.2973625],[-123.1263878,49.2974569],[-123.1262355,49.2975382],[-123.1261053,49.2976007],[-123.1258881,49.2976806],[-123.1257346,49.2977214],[-123.1255754,49.2977516],[-123.125352,49.2977821],[-123.125278,49.2977975],[-123.1251956,49.2978228],[-123.1249463,49.2978663],[-123.1248423,49.2978744],[-123.1245827,49.2978852],[-123.12423,49.2978788],[-123.1240383,49.2979082],[-123.1235373,49.2978338],[-123.1232345,49.2977792],[-123.122948,49.2977543],[-123.1227665,49.2977727],[-123.1225823,49.2978014],[-123.1224622,49.2978305],[-123.1223319,49.2978845],[-123.1222377,49.2979748],[-123.1220279,49.2981558],[-123.1218256,49.2982788],[-123.1215654,49.2984],[-123.1213715,49.2984613],[-123.1212288,49.2984833],[-123.1209683,49.2985028],[-123.1197974,49.2983516],[-123.1190418,49.2982401],[-123.1186449,49.2981955],[-123.1183395,49.2981697],[-123.1181021,49.2981633],[-123.1179742,49.2981777],[-123.1178681,49.2982103],[-123.1177299,49.2982687],[-123.117652,49.2983077],[-123.1175543,49.2983686],[-123.117435,49.2984714],[-123.1172518,49.2986869],[-123.117156,49.298843],[-123.1171118,49.2990275],[-123.1170714,49.2992401],[-123.1170267,49.2994254],[-123.1169062,49.2997408]]},"properties":{"id":825553878,"name":"Stanley Park Seawall Bike Path","class":"cycleway","surface":"asphalt","width":4,"bridge":false,"source":"OpenStreetMap"}},{"type":"Feature","geometry":{"type":"LineString","coordinates":[[-123.1358971,49.295241],[-123.1359769,49.2952588],[-123.1360784,49.2953632],[-123.1362467,49.295434]]},"properties":{"id":825553879,"name":"Park pathway","class":"cycleway","surface":"asphalt","width":4,"bridge":false,"source":"OpenStreetMap"}},{"type":"Feature","geometry":{"type":"LineString","coordinates":[[-123.1358799,49.296052],[-123.13613,49.2956367],[-123.1362467,49.295434]]},"properties":{"id":825553880,"name":"Park pathway","class":"cycleway","surface":"asphalt","width":4,"bridge":false,"source":"OpenStreetMap"}},{"type":"Feature","geometry":{"type":"LineString","coordinates":[[-123.1301203,49.2997557],[-123.1300523,49.2997598],[-123.130092,49.2995976],[-123.1302669,49.2992568]]},"properties":{"id":845454194,"name":"Park pathway","class":"footway","surface":"concrete","width":3,"bridge":false,"source":"OpenStreetMap"}},{"type":"Feature","geometry":{"type":"LineString","coordinates":[[-123.1302314,49.2997534],[-123.1301203,49.2997557]]},"properties":{"id":845454195,"name":"Park pathway","class":"footway","surface":"concrete","width":3,"bridge":false,"source":"OpenStreetMap"}},{"type":"Feature","geometry":{"type":"LineString","coordinates":[[-123.1303118,49.3007436],[-123.1302172,49.3007254]]},"properties":{"id":845454196,"name":"Park pathway","class":"footway","surface":"concrete","width":3,"bridge":false,"source":"OpenStreetMap"}},{"type":"Feature","geometry":{"type":"LineString","coordinates":[[-123.1302172,49.3007254],[-123.1301437,49.3007121]]},"properties":{"id":845454197,"name":"Park pathway","class":"footway","surface":null,"width":3,"bridge":false,"source":"OpenStreetMap"}},{"type":"Feature","geometry":{"type":"LineString","coordinates":[[-123.1348228,49.3046435],[-123.1347134,49.3046147],[-123.1346266,49.3046539],[-123.1345065,49.3046626],[-123.134313,49.3045951],[-123.1340627,49.3045277],[-123.1337457,49.304532],[-123.1333586,49.3044733],[-123.1330183,49.3043427],[-123.1328147,49.3042274],[-123.132778,49.3041534],[-123.132728,49.3041034],[-123.1326179,49.3040882],[-123.1324377,49.3041643],[-123.1322774,49.3042081]]},"properties":{"id":846792269,"name":"Park pathway","class":"footway","surface":"dirt","width":3,"bridge":false,"source":"OpenStreetMap"}},{"type":"Feature","geometry":{"type":"LineString","coordinates":[[-123.1425574,49.3139482],[-123.1427176,49.3139161],[-123.1428761,49.313867],[-123.1430811,49.3137862],[-123.1432221,49.3137407],[-123.1434916,49.313685],[-123.1436733,49.3136686],[-123.1440045,49.3136674],[-123.1441435,49.3136562],[-123.1444829,49.3135684],[-123.1445854,49.3135288],[-123.1446931,49.313504],[-123.1451861,49.3134261],[-123.1453517,49.3134044],[-123.1455177,49.3133991],[-123.1455866,49.3133791],[-123.145766,49.3132801],[-123.1459112,49.3132046],[-123.1460042,49.3131688],[-123.1461447,49.3131427],[-123.1463333,49.3131241],[-123.1467509,49.3130993],[-123.1469742,49.3130821],[-123.1471849,49.3130488],[-123.147445,49.313001],[-123.1479568,49.3128495],[-123.1481844,49.3128159],[-123.1484965,49.3127838],[-123.1486611,49.3127481],[-123.1489777,49.3126687],[-123.1491202,49.3126409],[-123.1493531,49.3126327],[-123.1495832,49.3126373],[-123.1498184,49.3126012],[-123.1500056,49.312536],[-123.1503652,49.3123206],[-123.1506108,49.3122061],[-123.1509499,49.3120836],[-123.1511279,49.3120132],[-123.1513367,49.3119258],[-123.151485,49.3118433],[-123.1516826,49.3117139],[-123.1519486,49.3114914],[-123.1521071,49.311383],[-123.1522797,49.3112754],[-123.1523253,49.3112071],[-123.1524037,49.3110458],[-123.1524188,49.3108838],[-123.1524255,49.3107657],[-123.1524118,49.3106361],[-123.152383,49.3104604],[-123.1523935,49.3103489],[-123.1524304,49.3102569],[-123.152483,49.3101714],[-123.152547,49.3101064],[-123.1526365,49.3100263],[-123.1527571,49.3099658],[-123.1529318,49.3099038],[-123.1533394,49.3098015],[-123.1535732,49.3096896],[-123.1537637,49.3095722],[-123.1540066,49.3094405],[-123.1541175,49.3093709],[-123.1542188,49.3092688],[-123.1542962,49.3091464],[-123.1543582,49.3090395],[-123.1544389,49.3089447],[-123.1545458,49.308844],[-123.1546667,49.3087474],[-123.1547762,49.3086727],[-123.1548952,49.3086024],[-123.1550273,49.3085431],[-123.1551187,49.3085166],[-123.1552575,49.3084984],[-123.1553796,49.3084983],[-123.1554892,49.3085109],[-123.1555931,49.3085385],[-123.1557471,49.3085933],[-123.1558343,49.3086077],[-123.1559288,49.3086042],[-123.1559892,49.3085898],[-123.1560431,49.3085611],[-123.1560515,49.308529],[-123.1560474,49.3084571],[-123.1560324,49.3084284],[-123.1560198,49.3083938],[-123.156026,49.3083326],[-123.1560689,49.3082304],[-123.156073,49.3081766],[-123.1560649,49.3081543],[-123.1560164,49.3081005],[-123.1559962,49.308041],[-123.1559962,49.3079203],[-123.1559879,49.307879],[-123.1559571,49.3078401]]},"properties":{"id":863811845,"name":"Stanley Park Seawall Bike Path","class":"cycleway","surface":"asphalt","width":4,"bridge":false,"source":"OpenStreetMap"}},{"type":"Feature","geometry":{"type":"LineString","coordinates":[[-123.1563872,49.3030246],[-123.1564284,49.3028462],[-123.1565096,49.3026026],[-123.1565986,49.302357],[-123.1567074,49.3021117],[-123.1567225,49.3020956]]},"properties":{"id":863811846,"name":"Stanley Park Seawall Bike Path","class":"cycleway","surface":"asphalt","width":4,"bridge":false,"source":"OpenStreetMap"}},{"type":"Feature","geometry":{"type":"LineString","coordinates":[[-123.1567225,49.3020956],[-123.1567681,49.3020483],[-123.156848,49.3019817],[-123.1570957,49.3018153],[-123.1571472,49.301793],[-123.1572224,49.3017785],[-123.1574468,49.3017596],[-123.1576296,49.3017187],[-123.1577323,49.3016738],[-123.1581237,49.3014825],[-123.1582522,49.3014336],[-123.1583917,49.301397],[-123.1585705,49.3013579],[-123.158647,49.3013314],[-123.1586832,49.3013024],[-123.1587206,49.3012661],[-123.1587445,49.3012174],[-123.158754,49.3011619],[-123.1587507,49.301108],[-123.15873,49.3010609],[-123.1586885,49.3010113],[-123.1586395,49.3009737],[-123.1585401,49.3009196],[-123.1585013,49.3008812],[-123.1582882,49.3004993],[-123.1582196,49.3002974],[-123.1582254,49.3002569],[-123.1582379,49.3002133],[-123.1582656,49.3001705],[-123.1583341,49.3001144],[-123.1583608,49.3000638],[-123.1583454,49.300011],[-123.1582227,49.2998908],[-123.1581969,49.2998235],[-123.1582011,49.2997756],[-123.1582564,49.2996722],[-123.1582767,49.2995411],[-123.1582595,49.2993794],[-123.1582292,49.299239],[-123.1581061,49.2989281],[-123.1580348,49.2986871],[-123.1580013,49.2985212],[-123.1579863,49.2982961],[-123.1579513,49.2982054],[-123.1578161,49.2980645],[-123.1576846,49.2979509],[-123.15753,49.2978277],[-123.1572959,49.2976657],[-123.1571389,49.2975867],[-123.1570087,49.2975307],[-123.1568688,49.2974874],[-123.1567309,49.2974585],[-123.1566079,49.2974439],[-123.1564809,49.2974434],[-123.1562883,49.297459],[-123.1560656,49.297487],[-123.1558326,49.2975262],[-123.1555403,49.2975899],[-123.1552865,49.29768],[-123.1549322,49.2977325],[-123.1547071,49.2977505],[-123.1545251,49.2977416],[-123.154387,49.2977124],[-123.154243,49.2976549],[-123.1540635,49.2975523],[-123.1539024,49.2974364],[-123.1537654,49.2973066],[-123.1535612,49.2970576],[-123.1534076,49.2968378],[-123.153243,49.2965391],[-123.1531272,49.2964277],[-123.1529777,49.2962478],[-123.1528821,49.2959872],[-123.1527978,49.29587],[-123.1527541,49.2958356]]},"properties":{"id":863811847,"name":"Stanley Park Seawall Bike Path","class":"cycleway","surface":"asphalt","width":4,"bridge":false,"source":"OpenStreetMap"}},{"type":"Feature","geometry":{"type":"LineString","coordinates":[[-123.1420864,49.3117921],[-123.1422378,49.3116223],[-123.1423007,49.3115079],[-123.1432247,49.3105005],[-123.1433254,49.3104206],[-123.1434777,49.3102427],[-123.1436418,49.3100291],[-123.143735,49.3099344]]},"properties":{"id":877408899,"name":"SB Stanley Park Causeway Bike Route","class":"cycleway","surface":"concrete","width":4,"bridge":false,"source":"OpenStreetMap"}},{"type":"Feature","geometry":{"type":"LineString","coordinates":[[-123.143599,49.3097072],[-123.1435953,49.3097366],[-123.1430794,49.3103875],[-123.1428199,49.31068],[-123.1423811,49.3111563],[-123.1421394,49.3114288],[-123.141719,49.3116839]]},"properties":{"id":877408901,"name":"NB Stanley Park Causeway Bike Route","class":"cycleway","surface":"paved","width":4,"bridge":false,"source":"OpenStreetMap"}},{"type":"Feature","geometry":{"type":"LineString","coordinates":[[-123.1438681,49.3092196],[-123.1438336,49.3092587],[-123.1438286,49.309303],[-123.143608,49.3096482]]},"properties":{"id":877408903,"name":"NB Stanley Park Causeway Bike Route","class":"cycleway","surface":"paved","width":4,"bridge":false,"source":"OpenStreetMap"}},{"type":"Feature","geometry":{"type":"LineString","coordinates":[[-123.1383799,49.2935228],[-123.1384463,49.2935442],[-123.1384885,49.2935654]]},"properties":{"id":878019432,"name":"Park pathway","class":"footway","surface":"paving_stones","width":3,"bridge":false,"source":"OpenStreetMap"}},{"type":"Feature","geometry":{"type":"LineString","coordinates":[[-123.1384158,49.2934646],[-123.1384987,49.2934077]]},"properties":{"id":878019433,"name":"Park pathway","class":"footway","surface":"asphalt","width":3,"bridge":false,"source":"OpenStreetMap"}},{"type":"Feature","geometry":{"type":"LineString","coordinates":[[-123.1383598,49.2935735],[-123.1383799,49.2935228],[-123.1383819,49.2934873],[-123.1383303,49.293448],[-123.138254,49.2933981]]},"properties":{"id":878019434,"name":"Park pathway","class":"footway","surface":"paving_stones","width":3,"bridge":false,"source":"OpenStreetMap"}},{"type":"Feature","geometry":{"type":"LineString","coordinates":[[-123.138254,49.2933981],[-123.1371163,49.2926534],[-123.1370143,49.2925899]]},"properties":{"id":878019435,"name":"Park pathway","class":"footway","surface":"concrete","width":3,"bridge":false,"source":"OpenStreetMap"}},{"type":"Feature","geometry":{"type":"LineString","coordinates":[[-123.1384465,49.2933295],[-123.1385251,49.2933781]]},"properties":{"id":878019436,"name":"Park pathway","class":"footway","surface":"asphalt","width":3,"bridge":false,"source":"OpenStreetMap"}},{"type":"Feature","geometry":{"type":"LineString","coordinates":[[-123.1386278,49.2935381],[-123.138612,49.2934503]]},"properties":{"id":878019469,"name":"Park pathway","class":"footway","surface":"asphalt","width":3,"bridge":false,"source":"OpenStreetMap"}},{"type":"Feature","geometry":{"type":"LineString","coordinates":[[-123.1354377,49.2934896],[-123.1354427,49.2935189]]},"properties":{"id":878022452,"name":"Park pathway","class":"footway","surface":"asphalt","width":3,"bridge":false,"source":"OpenStreetMap"}},{"type":"Feature","geometry":{"type":"LineString","coordinates":[[-123.1339854,49.292549],[-123.1354179,49.2934748],[-123.1354332,49.2934792],[-123.1354377,49.2934896]]},"properties":{"id":878022453,"name":"Park pathway","class":"footway","surface":"concrete","width":3,"bridge":false,"source":"OpenStreetMap"}},{"type":"Feature","geometry":{"type":"LineString","coordinates":[[-123.135964,49.293293],[-123.1360965,49.2931888]]},"properties":{"id":878022454,"name":"Park pathway","class":"footway","surface":"asphalt","width":3,"bridge":false,"source":"OpenStreetMap"}},{"type":"Feature","geometry":{"type":"LineString","coordinates":[[-123.1371849,49.2940992],[-123.1359605,49.2933114],[-123.1359242,49.2932932]]},"properties":{"id":878022455,"name":"Park pathway","class":"footway","surface":"concrete","width":3,"bridge":false,"source":"OpenStreetMap"}},{"type":"Feature","geometry":{"type":"LineString","coordinates":[[-123.1353439,49.2936309],[-123.1354582,49.2935596],[-123.13554,49.2935],[-123.135568,49.2934614]]},"properties":{"id":885271854,"name":"Gilford Bike Route","class":"cycleway","surface":"asphalt","width":4,"bridge":false,"source":"OpenStreetMap"}},{"type":"Feature","geometry":{"type":"LineString","coordinates":[[-123.135965,49.2931156],[-123.1359663,49.2930979],[-123.1359328,49.2930929],[-123.1345482,49.2921666]]},"properties":{"id":891135170,"name":"Park pathway","class":"footway","surface":"concrete","width":3,"bridge":false,"source":"OpenStreetMap"}},{"type":"Feature","geometry":{"type":"LineString","coordinates":[[-123.1329011,49.2930749],[-123.1330996,49.2929448]]},"properties":{"id":915117094,"name":"Park pathway","class":"footway","surface":"asphalt","width":3,"bridge":false,"source":"OpenStreetMap"}},{"type":"Feature","geometry":{"type":"LineString","coordinates":[[-123.1313861,49.2931316],[-123.1313331,49.2930965]]},"properties":{"id":915117095,"name":"Park pathway","class":"steps","surface":"concrete","width":2,"bridge":false,"source":"OpenStreetMap"}},{"type":"Feature","geometry":{"type":"LineString","coordinates":[[-123.153582,49.3071245],[-123.15371,49.3071505]]},"properties":{"id":918813441,"name":"Park pathway","class":"footway","surface":"asphalt","width":3,"bridge":false,"source":"OpenStreetMap"}},{"type":"Feature","geometry":{"type":"LineString","coordinates":[[-123.1443404,49.3126033],[-123.1444308,49.31261]]},"properties":{"id":918813442,"name":"Park pathway","class":"footway","surface":"asphalt","width":3,"bridge":false,"source":"OpenStreetMap"}},{"type":"Feature","geometry":{"type":"LineString","coordinates":[[-123.1431245,49.312519],[-123.143218,49.3125293]]},"properties":{"id":918813443,"name":"Park pathway","class":"footway","surface":"asphalt","width":3,"bridge":false,"source":"OpenStreetMap"}},{"type":"Feature","geometry":{"type":"LineString","coordinates":[[-123.1430347,49.3125112],[-123.1431245,49.312519]]},"properties":{"id":918813444,"name":"Park pathway","class":"footway","surface":"concrete","width":3,"bridge":false,"source":"OpenStreetMap"}},{"type":"Feature","geometry":{"type":"LineString","coordinates":[[-123.143218,49.3125293],[-123.144173,49.312621],[-123.1442057,49.312621],[-123.1442814,49.3126026],[-123.1443404,49.3126033]]},"properties":{"id":918813445,"name":"Park pathway","class":"footway","surface":"concrete","width":3,"bridge":false,"source":"OpenStreetMap"}},{"type":"Feature","geometry":{"type":"LineString","coordinates":[[-123.139371,49.3111088],[-123.1393821,49.3111053],[-123.1394221,49.3111716],[-123.139575,49.311455],[-123.1396787,49.3116367],[-123.1397818,49.3116882],[-123.1398204,49.311719],[-123.1398533,49.3117859],[-123.1398875,49.3117994],[-123.1399988,49.3117977]]},"properties":{"id":918813446,"name":"Park pathway","class":"footway","surface":"asphalt","width":3,"bridge":false,"source":"OpenStreetMap"}},{"type":"Feature","geometry":{"type":"LineString","coordinates":[[-123.1392747,49.3111348],[-123.139371,49.3111088]]},"properties":{"id":918813447,"name":"Park pathway","class":"footway","surface":"asphalt","width":3,"bridge":false,"source":"OpenStreetMap"}},{"type":"Feature","geometry":{"type":"LineString","coordinates":[[-123.1307019,49.2978276],[-123.130812,49.2979341]]},"properties":{"id":918813448,"name":"Park pathway","class":"footway","surface":"asphalt","width":3,"bridge":false,"source":"OpenStreetMap"}},{"type":"Feature","geometry":{"type":"LineString","coordinates":[[-123.1308985,49.2979415],[-123.1309941,49.2979046]]},"properties":{"id":918813449,"name":"Park pathway","class":"footway","surface":"asphalt","width":3,"bridge":false,"source":"OpenStreetMap"}},{"type":"Feature","geometry":{"type":"LineString","coordinates":[[-123.1310566,49.2977045],[-123.1310058,49.2976547],[-123.1309777,49.2976343]]},"properties":{"id":918813450,"name":"Park pathway","class":"footway","surface":"asphalt","width":3,"bridge":false,"source":"OpenStreetMap"}},{"type":"Feature","geometry":{"type":"LineString","coordinates":[[-123.1311722,49.2977872],[-123.1310566,49.2977045]]},"properties":{"id":918813451,"name":"Park pathway","class":"footway","surface":"asphalt","width":3,"bridge":false,"source":"OpenStreetMap"}},{"type":"Feature","geometry":{"type":"LineString","coordinates":[[-123.1364869,49.2975023],[-123.1365351,49.2974208]]},"properties":{"id":918813452,"name":"Park pathway","class":"footway","surface":"asphalt","width":3,"bridge":false,"source":"OpenStreetMap"}},{"type":"Feature","geometry":{"type":"LineString","coordinates":[[-123.1364513,49.2974589],[-123.1364067,49.2974179]]},"properties":{"id":918813453,"name":"Park pathway","class":"footway","surface":"asphalt","width":3,"bridge":false,"source":"OpenStreetMap"}},{"type":"Feature","geometry":{"type":"LineString","coordinates":[[-123.1360137,49.2964603],[-123.1360726,49.2964571]]},"properties":{"id":918813454,"name":"Park pathway","class":"cycleway","surface":"asphalt","width":4,"bridge":false,"source":"OpenStreetMap"}},{"type":"Feature","geometry":{"type":"LineString","coordinates":[[-123.1366098,49.2949957],[-123.1364791,49.2950545]]},"properties":{"id":928473654,"name":"Park pathway","class":"cycleway","surface":"asphalt","width":4,"bridge":false,"source":"OpenStreetMap"}},{"type":"Feature","geometry":{"type":"LineString","coordinates":[[-123.1365019,49.2949141],[-123.1364984,49.294958],[-123.1364909,49.2950013]]},"properties":{"id":928473655,"name":"Park pathway","class":"footway","surface":"paving_stones","width":3,"bridge":false,"source":"OpenStreetMap"}},{"type":"Feature","geometry":{"type":"LineString","coordinates":[[-123.1401364,49.3136068],[-123.1400612,49.3135795],[-123.1400268,49.3135834],[-123.1399853,49.3136321],[-123.1399901,49.3136576],[-123.1400629,49.3136868]]},"properties":{"id":928482002,"name":"Park pathway","class":"footway","surface":null,"width":3,"bridge":false,"source":"OpenStreetMap"}},{"type":"Feature","geometry":{"type":"LineString","coordinates":[[-123.1402421,49.3137496],[-123.1403175,49.3137773],[-123.1403519,49.3137734],[-123.1403934,49.3137247],[-123.1403887,49.3136992],[-123.1403161,49.3136691]]},"properties":{"id":928482003,"name":"Park pathway","class":"footway","surface":null,"width":3,"bridge":false,"source":"OpenStreetMap"}},{"type":"Feature","geometry":{"type":"LineString","coordinates":[[-123.14365,49.3126808],[-123.1436713,49.3125728]]},"properties":{"id":931912468,"name":"Park pathway","class":"footway","surface":"concrete","width":3,"bridge":false,"source":"OpenStreetMap"}},{"type":"Feature","geometry":{"type":"LineString","coordinates":[[-123.143636,49.3127635],[-123.14365,49.3126808]]},"properties":{"id":931912469,"name":"Park pathway","class":"footway","surface":"asphalt","width":3,"bridge":false,"source":"OpenStreetMap"}},{"type":"Feature","geometry":{"type":"LineString","coordinates":[[-123.143173,49.3123792],[-123.143093,49.3124522]]},"properties":{"id":931912470,"name":"Prospect Point Trail","class":"footway","surface":"asphalt","width":3,"bridge":false,"source":"OpenStreetMap"}},{"type":"Feature","geometry":{"type":"LineString","coordinates":[[-123.1414124,49.3121322],[-123.1416847,49.3122442],[-123.1417069,49.3122461]]},"properties":{"id":975314385,"name":"Park pathway","class":"cycleway","surface":"asphalt","width":4,"bridge":false,"source":"OpenStreetMap"}},{"type":"Feature","geometry":{"type":"LineString","coordinates":[[-123.1417069,49.3122461],[-123.1418617,49.3121005],[-123.1419337,49.3120561]]},"properties":{"id":975314386,"name":"Park pathway","class":"cycleway","surface":"asphalt","width":4,"bridge":false,"source":"OpenStreetMap"}},{"type":"Feature","geometry":{"type":"LineString","coordinates":[[-123.1384024,49.2933983],[-123.1385054,49.2933659],[-123.1386669,49.2932561],[-123.1386722,49.2932167]]},"properties":{"id":1030835163,"name":"Park pathway","class":"cycleway","surface":"asphalt","width":4,"bridge":false,"source":"OpenStreetMap"}},{"type":"Feature","geometry":{"type":"LineString","coordinates":[[-123.1383819,49.2934873],[-123.1384158,49.2934646]]},"properties":{"id":1030835238,"name":"Park pathway","class":"footway","surface":"paving_stones","width":3,"bridge":false,"source":"OpenStreetMap"}},{"type":"Feature","geometry":{"type":"LineString","coordinates":[[-123.1382838,49.2933786],[-123.1383755,49.2933185]]},"properties":{"id":1030835239,"name":"Park pathway","class":"footway","surface":"asphalt","width":3,"bridge":false,"source":"OpenStreetMap"}},{"type":"Feature","geometry":{"type":"LineString","coordinates":[[-123.149428,49.2956355],[-123.1491895,49.2956475],[-123.1487418,49.295661],[-123.1479455,49.2956447],[-123.1471764,49.2956726],[-123.1465748,49.2956707],[-123.1464314,49.2956844],[-123.1462175,49.2957386]]},"properties":{"id":1032393419,"name":"Park pathway","class":"footway","surface":"asphalt","width":3,"bridge":false,"source":"OpenStreetMap"}},{"type":"Feature","geometry":{"type":"LineString","coordinates":[[-123.131411,49.2994205],[-123.1312019,49.2995243],[-123.1310928,49.2994482],[-123.1309651,49.2993998]]},"properties":{"id":1042049615,"name":"Park pathway","class":"footway","surface":"asphalt","width":3,"bridge":false,"source":"OpenStreetMap"}},{"type":"Feature","geometry":{"type":"LineString","coordinates":[[-123.1312019,49.2995243],[-123.1312355,49.2996286]]},"properties":{"id":1042049616,"name":"Park pathway","class":"footway","surface":"concrete","width":3,"bridge":false,"source":"OpenStreetMap"}},{"type":"Feature","geometry":{"type":"LineString","coordinates":[[-123.1312355,49.2996286],[-123.1313588,49.2996972]]},"properties":{"id":1042049942,"name":"Park pathway","class":"footway","surface":"concrete","width":3,"bridge":false,"source":"OpenStreetMap"}},{"type":"Feature","geometry":{"type":"LineString","coordinates":[[-123.1530236,49.2972557],[-123.1530149,49.2971676],[-123.1521193,49.2966851],[-123.1512847,49.2962762],[-123.1511404,49.2962761],[-123.1509699,49.2961968]]},"properties":{"id":1044497052,"name":"Park pathway","class":"cycleway","surface":"asphalt","width":4,"bridge":false,"source":"OpenStreetMap"}},{"type":"Feature","geometry":{"type":"LineString","coordinates":[[-123.150725,49.2961464],[-123.1507382,49.2961958],[-123.15092,49.296278]]},"properties":{"id":1044497053,"name":"Park pathway","class":"cycleway","surface":"gravel","width":4,"bridge":false,"source":"OpenStreetMap"}},{"type":"Feature","geometry":{"type":"LineString","coordinates":[[-123.1494094,49.2956368],[-123.1494194,49.2956583],[-123.1494167,49.2956815],[-123.1493847,49.2957006],[-123.1490966,49.2958129],[-123.1489483,49.2958452],[-123.1469084,49.2958879],[-123.1465111,49.2959545]]},"properties":{"id":1044497054,"name":"Park pathway","class":"footway","surface":"asphalt","width":3,"bridge":false,"source":"OpenStreetMap"}},{"type":"Feature","geometry":{"type":"LineString","coordinates":[[-123.13976,49.2976679],[-123.139736,49.2976148]]},"properties":{"id":1044497055,"name":"Tatlow Walk","class":"footway","surface":"asphalt","width":3,"bridge":false,"source":"OpenStreetMap"}},{"type":"Feature","geometry":{"type":"LineString","coordinates":[[-123.1381103,49.2977841],[-123.1382695,49.2977863],[-123.1385318,49.2977779],[-123.1387539,49.2977622],[-123.138944,49.2977448],[-123.1397362,49.2976066],[-123.1407808,49.2974194],[-123.1411408,49.2973303],[-123.141419,49.2972339],[-123.1416318,49.2971444],[-123.1419955,49.2969389],[-123.1422994,49.2967733],[-123.1425196,49.2966952],[-123.1429297,49.2966299],[-123.1430626,49.2966276],[-123.1431851,49.2966294],[-123.1439109,49.2966756],[-123.1440543,49.296689],[-123.1443184,49.2967069],[-123.1444725,49.2967037],[-123.1446397,49.2966952],[-123.1451093,49.2966187],[-123.1455325,49.296532],[-123.1456812,49.2964914],[-123.145833,49.2964259],[-123.1460005,49.2963424],[-123.1462539,49.2961654],[-123.1463829,49.296085],[-123.1465802,49.2959998]]},"properties":{"id":1044497056,"name":"Park pathway","class":"footway","surface":"asphalt","width":3,"bridge":false,"source":"OpenStreetMap"}},{"type":"Feature","geometry":{"type":"LineString","coordinates":[[-123.135576,49.2968414],[-123.135444,49.2968559],[-123.135272,49.2968586],[-123.1350659,49.2968703]]},"properties":{"id":1044497057,"name":"Park pathway","class":"cycleway","surface":"asphalt","width":4,"bridge":false,"source":"OpenStreetMap"}},{"type":"Feature","geometry":{"type":"LineString","coordinates":[[-123.1319531,49.2971073],[-123.1319813,49.2971243],[-123.1320069,49.2971552],[-123.1320258,49.2971859],[-123.1320314,49.2972241],[-123.1320088,49.2972856],[-123.132005,49.2973354]]},"properties":{"id":1044497061,"name":"Park pathway","class":"footway","surface":"asphalt","width":3,"bridge":false,"source":"OpenStreetMap"}},{"type":"Feature","geometry":{"type":"LineString","coordinates":[[-123.132005,49.2973354],[-123.1319843,49.2974215]]},"properties":{"id":1044497062,"name":"Park pathway","class":"footway","surface":"asphalt","width":3,"bridge":false,"source":"OpenStreetMap"}},{"type":"Feature","geometry":{"type":"LineString","coordinates":[[-123.1319843,49.2974215],[-123.1319692,49.2974387],[-123.1317561,49.2974873],[-123.1316589,49.2975242],[-123.1315693,49.297566],[-123.1315014,49.2976035],[-123.131438,49.2976614]]},"properties":{"id":1044497063,"name":"Park pathway","class":"footway","surface":"concrete","width":3,"bridge":false,"source":"OpenStreetMap"}},{"type":"Feature","geometry":{"type":"LineString","coordinates":[[-123.1306815,49.2978331],[-123.1306153,49.2978451],[-123.130497,49.2978592],[-123.1303672,49.2978605],[-123.1302238,49.2978409],[-123.130089,49.2978052],[-123.1299572,49.2977425],[-123.1298106,49.2976445],[-123.1296834,49.2975169],[-123.1291012,49.2967833],[-123.1288862,49.2965733],[-123.1286237,49.2964284],[-123.1285045,49.2963932],[-123.1283918,49.2963669],[-123.1281881,49.2963443]]},"properties":{"id":1044497064,"name":"Park pathway","class":"footway","surface":"asphalt","width":3,"bridge":false,"source":"OpenStreetMap"}},{"type":"Feature","geometry":{"type":"LineString","coordinates":[[-123.1426303,49.3112693],[-123.1428498,49.3113515]]},"properties":{"id":1049500424,"name":"Forest trail","class":"path","surface":"asphalt","width":2,"bridge":false,"source":"OpenStreetMap"}},{"type":"Feature","geometry":{"type":"LineString","coordinates":[[-123.1506402,49.2965457],[-123.1503114,49.2963973],[-123.149736,49.2962897],[-123.1490663,49.2961854]]},"properties":{"id":1068807848,"name":"Rawlings Trail","class":"cycleway","surface":"gravel","width":4,"bridge":false,"source":"OpenStreetMap"}},{"type":"Feature","geometry":{"type":"LineString","coordinates":[[-123.1422471,49.3097813],[-123.142613,49.3099057]]},"properties":{"id":1068808717,"name":"Forest trail","class":"path","surface":"gravel","width":2,"bridge":false,"source":"OpenStreetMap"}},{"type":"Feature","geometry":{"type":"LineString","coordinates":[[-123.1404245,49.3110877],[-123.1406294,49.3110969]]},"properties":{"id":1068809962,"name":"Park pathway","class":"steps","surface":null,"width":2,"bridge":false,"source":"OpenStreetMap"}},{"type":"Feature","geometry":{"type":"LineString","coordinates":[[-123.1402732,49.3110739],[-123.1403379,49.3110813]]},"properties":{"id":1068809963,"name":"Park pathway","class":"footway","surface":null,"width":3,"bridge":false,"source":"OpenStreetMap"}},{"type":"Feature","geometry":{"type":"LineString","coordinates":[[-123.1371849,49.2940992],[-123.1373242,49.2941843]]},"properties":{"id":1070090563,"name":"Park pathway","class":"footway","surface":"concrete","width":3,"bridge":false,"source":"OpenStreetMap"}},{"type":"Feature","geometry":{"type":"LineString","coordinates":[[-123.143735,49.3099344],[-123.1437637,49.3098498]]},"properties":{"id":1074018477,"name":"SB Stanley Park Causeway Bike Route","class":"cycleway","surface":"asphalt","width":4,"bridge":false,"source":"OpenStreetMap"}},{"type":"Feature","geometry":{"type":"LineString","coordinates":[[-123.1387732,49.2992464],[-123.138367,49.299191],[-123.138162,49.299146],[-123.13794,49.299076],[-123.1374573,49.2988732],[-123.13708,49.2987245],[-123.136889,49.298637],[-123.1367326,49.2985837],[-123.1366546,49.2985624],[-123.1365586,49.2985426],[-123.1364644,49.2985321],[-123.136455,49.2983986],[-123.1364241,49.298275],[-123.1364278,49.2982137],[-123.1364421,49.2981556],[-123.1364827,49.2979471],[-123.1364923,49.2977654]]},"properties":{"id":1079017997,"name":"South Creek Trail","class":"footway","surface":"asphalt","width":3,"bridge":false,"source":"OpenStreetMap"}},{"type":"Feature","geometry":{"type":"LineString","coordinates":[[-123.1373242,49.2941843],[-123.1373295,49.2941208],[-123.1373251,49.2940714]]},"properties":{"id":1080783301,"name":"Park pathway","class":"footway","surface":"paving_stones","width":3,"bridge":false,"source":"OpenStreetMap"}},{"type":"Feature","geometry":{"type":"LineString","coordinates":[[-123.1323375,49.2928727],[-123.1319994,49.2932931]]},"properties":{"id":1086851944,"name":"Park pathway","class":"footway","surface":"unhewn_cobblestone","width":3,"bridge":false,"source":"OpenStreetMap"}},{"type":"Feature","geometry":{"type":"LineString","coordinates":[[-123.1321616,49.2926242],[-123.1320008,49.2927161],[-123.1318877,49.2930541]]},"properties":{"id":1086851945,"name":"Park pathway","class":"footway","surface":"unhewn_cobblestone","width":3,"bridge":false,"source":"OpenStreetMap"}},{"type":"Feature","geometry":{"type":"LineString","coordinates":[[-123.131279,49.2930326],[-123.1312941,49.2931215]]},"properties":{"id":1086865317,"name":"Park pathway","class":"footway","surface":"unhewn_cobblestone","width":3,"bridge":false,"source":"OpenStreetMap"}},{"type":"Feature","geometry":{"type":"LineString","coordinates":[[-123.1312651,49.292919],[-123.131279,49.2930326]]},"properties":{"id":1086865318,"name":"Park pathway","class":"steps","surface":null,"width":2,"bridge":false,"source":"OpenStreetMap"}},{"type":"Feature","geometry":{"type":"LineString","coordinates":[[-123.135795,49.2953944],[-123.1358173,49.295427],[-123.1358546,49.2954529],[-123.1358732,49.2955155],[-123.1358632,49.29561],[-123.135932,49.2957381]]},"properties":{"id":1086865320,"name":"Forest trail","class":"path","surface":"ground","width":2,"bridge":false,"source":"OpenStreetMap"}},{"type":"Feature","geometry":{"type":"LineString","coordinates":[[-123.1346357,49.2967992],[-123.1348342,49.2968277]]},"properties":{"id":1086865330,"name":"Forest trail","class":"path","surface":null,"width":2,"bridge":false,"source":"OpenStreetMap"}},{"type":"Feature","geometry":{"type":"LineString","coordinates":[[-123.133801,49.2991527],[-123.1337146,49.2989677],[-123.1337614,49.2988552],[-123.1335691,49.2985157],[-123.1331742,49.298635]]},"properties":{"id":1086867501,"name":"Park pathway","class":"footway","surface":null,"width":3,"bridge":false,"source":"OpenStreetMap"}},{"type":"Feature","geometry":{"type":"LineString","coordinates":[[-123.1333494,49.299592],[-123.1332027,49.2996375],[-123.1332212,49.2996877],[-123.133286,49.2997081],[-123.1334664,49.2996893]]},"properties":{"id":1086874243,"name":"Park pathway","class":"footway","surface":null,"width":3,"bridge":false,"source":"OpenStreetMap"}},{"type":"Feature","geometry":{"type":"LineString","coordinates":[[-123.1331796,49.2995667],[-123.1332027,49.2996375]]},"properties":{"id":1086874244,"name":"Park pathway","class":"footway","surface":null,"width":3,"bridge":false,"source":"OpenStreetMap"}},{"type":"Feature","geometry":{"type":"LineString","coordinates":[[-123.1320424,49.3007895],[-123.1319394,49.300787]]},"properties":{"id":1086874245,"name":"Park pathway","class":"footway","surface":"concrete","width":3,"bridge":true,"source":"OpenStreetMap"}},{"type":"Feature","geometry":{"type":"LineString","coordinates":[[-123.1319394,49.300787],[-123.1319405,49.3007506]]},"properties":{"id":1086874246,"name":"Park pathway","class":"steps","surface":null,"width":2,"bridge":false,"source":"OpenStreetMap"}},{"type":"Feature","geometry":{"type":"MultiLineString","coordinates":[[[-123.1319405,49.3007506],[-123.1318989,49.3007308]],[[-123.1318989,49.3007308],[-123.1318662,49.3006682],[-123.1317254,49.3007194],[-123.1316587,49.3007717],[-123.1317609,49.3007996],[-123.1318575,49.3008081],[-123.1318882,49.3007895],[-123.1318989,49.3007308]]]},"properties":{"id":1086874247,"name":"Park pathway","class":"footway","surface":"concrete","width":3,"bridge":false,"source":"OpenStreetMap"}},{"type":"Feature","geometry":{"type":"LineString","coordinates":[[-123.1315993,49.3008025],[-123.1315834,49.3008365],[-123.131556,49.3008434],[-123.1314568,49.3008414],[-123.1314323,49.3008458],[-123.1314063,49.3008556],[-123.131385,49.3008755],[-123.1313776,49.3008933],[-123.131375,49.3009401],[-123.1313803,49.3010369]]},"properties":{"id":1086874248,"name":"Park pathway","class":"footway","surface":"wood","width":3,"bridge":false,"source":"OpenStreetMap"}},{"type":"Feature","geometry":{"type":"LineString","coordinates":[[-123.1313647,49.300504],[-123.1313542,49.3004442],[-123.1313623,49.300397],[-123.131381,49.3003648],[-123.1314557,49.3002894],[-123.1316346,49.3002267],[-123.1316453,49.3002628]]},"properties":{"id":1086874249,"name":"Park pathway","class":"footway","surface":null,"width":3,"bridge":false,"source":"OpenStreetMap"}},{"type":"Feature","geometry":{"type":"LineString","coordinates":[[-123.1312327,49.3009432],[-123.1312544,49.3007313],[-123.1312756,49.3005997]]},"properties":{"id":1086874250,"name":"Park pathway","class":"footway","surface":"concrete","width":3,"bridge":false,"source":"OpenStreetMap"}},{"type":"Feature","geometry":{"type":"LineString","coordinates":[[-123.1316346,49.3002267],[-123.1315941,49.3002012],[-123.1315444,49.3001958]]},"properties":{"id":1086874251,"name":"Park pathway","class":"footway","surface":null,"width":3,"bridge":false,"source":"OpenStreetMap"}},{"type":"Feature","geometry":{"type":"LineString","coordinates":[[-123.1315444,49.3001958],[-123.1314305,49.3002153]]},"properties":{"id":1086874252,"name":"Park pathway","class":"steps","surface":null,"width":2,"bridge":false,"source":"OpenStreetMap"}},{"type":"Feature","geometry":{"type":"LineString","coordinates":[[-123.1314305,49.3002153],[-123.1312868,49.3002706]]},"properties":{"id":1086874253,"name":"Park pathway","class":"footway","surface":null,"width":3,"bridge":false,"source":"OpenStreetMap"}},{"type":"Feature","geometry":{"type":"LineString","coordinates":[[-123.1313837,49.3002348],[-123.1314181,49.3002466],[-123.1315163,49.3002215]]},"properties":{"id":1086874254,"name":"Park pathway","class":"footway","surface":null,"width":3,"bridge":false,"source":"OpenStreetMap"}},{"type":"Feature","geometry":{"type":"LineString","coordinates":[[-123.1304248,49.3006198],[-123.1304721,49.3006217]]},"properties":{"id":1086874257,"name":"Park pathway","class":"footway","surface":"concrete","width":3,"bridge":false,"source":"OpenStreetMap"}},{"type":"Feature","geometry":{"type":"LineString","coordinates":[[-123.130616,49.2997549],[-123.1306646,49.2997867]]},"properties":{"id":1086874258,"name":"Park pathway","class":"footway","surface":"concrete","width":3,"bridge":false,"source":"OpenStreetMap"}},{"type":"Feature","geometry":{"type":"LineString","coordinates":[[-123.131381,49.3003648],[-123.1313431,49.3003528]]},"properties":{"id":1086874259,"name":"Park pathway","class":"footway","surface":null,"width":3,"bridge":false,"source":"OpenStreetMap"}},{"type":"Feature","geometry":{"type":"LineString","coordinates":[[-123.1313431,49.3003528],[-123.1313094,49.3003473]]},"properties":{"id":1086874260,"name":"Park pathway","class":"steps","surface":null,"width":2,"bridge":false,"source":"OpenStreetMap"}},{"type":"Feature","geometry":{"type":"LineString","coordinates":[[-123.1313094,49.3003473],[-123.1312961,49.3003458],[-123.131301,49.3002792],[-123.1312868,49.3002706]]},"properties":{"id":1086874261,"name":"Park pathway","class":"footway","surface":null,"width":3,"bridge":false,"source":"OpenStreetMap"}},{"type":"Feature","geometry":{"type":"LineString","coordinates":[[-123.1316523,49.3006844],[-123.1315709,49.3007366],[-123.1315263,49.3007405],[-123.1314592,49.3007386]]},"properties":{"id":1086874262,"name":"Park pathway","class":"footway","surface":null,"width":3,"bridge":false,"source":"OpenStreetMap"}},{"type":"Feature","geometry":{"type":"LineString","coordinates":[[-123.1367525,49.3007731],[-123.1366331,49.3007671]]},"properties":{"id":1086903727,"name":"Park pathway","class":"footway","surface":"asphalt","width":3,"bridge":false,"source":"OpenStreetMap"}},{"type":"Feature","geometry":{"type":"LineString","coordinates":[[-123.1365632,49.3007645],[-123.1364186,49.3007794],[-123.1362494,49.3009056],[-123.1360826,49.3009469],[-123.1357734,49.3009148]]},"properties":{"id":1086903728,"name":"Park pathway","class":"footway","surface":"gravel","width":3,"bridge":false,"source":"OpenStreetMap"}},{"type":"Feature","geometry":{"type":"LineString","coordinates":[[-123.1362494,49.3009056],[-123.1363827,49.3009766],[-123.1365295,49.3010219]]},"properties":{"id":1086903729,"name":"Park pathway","class":"footway","surface":"gravel","width":3,"bridge":false,"source":"OpenStreetMap"}},{"type":"Feature","geometry":{"type":"LineString","coordinates":[[-123.1366085,49.3010268],[-123.1367177,49.301034]]},"properties":{"id":1086903730,"name":"Park pathway","class":"footway","surface":"concrete","width":3,"bridge":false,"source":"OpenStreetMap"}},{"type":"Feature","geometry":{"type":"LineString","coordinates":[[-123.1366685,49.300901],[-123.1362494,49.3009056]]},"properties":{"id":1086903731,"name":"Forest trail","class":"path","surface":null,"width":2,"bridge":false,"source":"OpenStreetMap"}},{"type":"Feature","geometry":{"type":"LineString","coordinates":[[-123.1336641,49.2927627],[-123.1326474,49.2934397],[-123.1325655,49.2935316],[-123.1324929,49.2935812]]},"properties":{"id":1089707570,"name":"Park pathway","class":"footway","surface":"concrete","width":3,"bridge":false,"source":"OpenStreetMap"}},{"type":"Feature","geometry":{"type":"LineString","coordinates":[[-123.136272,49.2946422],[-123.1352357,49.2939126],[-123.135069,49.2937918]]},"properties":{"id":1089707820,"name":"Park pathway","class":"footway","surface":"concrete","width":3,"bridge":false,"source":"OpenStreetMap"}},{"type":"Feature","geometry":{"type":"LineString","coordinates":[[-123.143587,49.3072314],[-123.1435816,49.30734],[-123.1435687,49.3073992],[-123.1435558,49.3074191],[-123.1435038,49.3074831],[-123.1434765,49.3075084],[-123.1433698,49.3075748],[-123.1432849,49.3076067]]},"properties":{"id":1117713060,"name":"North Creek Trail","class":"footway","surface":"gravel","width":3,"bridge":false,"source":"OpenStreetMap"}},{"type":"Feature","geometry":{"type":"LineString","coordinates":[[-123.1437692,49.3064198],[-123.1439154,49.306441],[-123.144008,49.3064641],[-123.1441947,49.306479],[-123.1443127,49.3064861],[-123.1444248,49.3064674],[-123.1446353,49.3064124],[-123.1447134,49.3063741],[-123.1448088,49.3063195],[-123.1449845,49.3061899]]},"properties":{"id":1117713061,"name":"Park pathway","class":"footway","surface":null,"width":3,"bridge":false,"source":"OpenStreetMap"}},{"type":"Feature","geometry":{"type":"LineString","coordinates":[[-123.1356733,49.2993202],[-123.1355419,49.2993287],[-123.1354838,49.2993286],[-123.1353027,49.2993166],[-123.1352068,49.2993017],[-123.1350479,49.2992676],[-123.1344311,49.2990752]]},"properties":{"id":1122159335,"name":"Park pathway","class":"footway","surface":"asphalt","width":3,"bridge":false,"source":"OpenStreetMap"}},{"type":"Feature","geometry":{"type":"LineString","coordinates":[[-123.146791,49.2961794],[-123.1466644,49.2963175],[-123.1465926,49.2964611],[-123.1463394,49.2967412],[-123.1463179,49.2968293]]},"properties":{"id":1128478440,"name":"Cathedral Trail","class":"footway","surface":"wood","width":3,"bridge":false,"source":"OpenStreetMap"}},{"type":"Feature","geometry":{"type":"LineString","coordinates":[[-123.1468352,49.2961153],[-123.146791,49.2961794]]},"properties":{"id":1128478441,"name":"Cathedral Trail","class":"footway","surface":"wood","width":3,"bridge":false,"source":"OpenStreetMap"}},{"type":"Feature","geometry":{"type":"LineString","coordinates":[[-123.1364513,49.2974589],[-123.1364869,49.2975023],[-123.136485,49.29763],[-123.1364923,49.2977654]]},"properties":{"id":1132139853,"name":"South Creek Trail","class":"cycleway","surface":"asphalt","width":4,"bridge":false,"source":"OpenStreetMap"}},{"type":"Feature","geometry":{"type":"LineString","coordinates":[[-123.1567188,49.3006834],[-123.1569985,49.3007699]]},"properties":{"id":1135321031,"name":"Park pathway","class":"footway","surface":"gravel","width":3,"bridge":false,"source":"OpenStreetMap"}},{"type":"Feature","geometry":{"type":"LineString","coordinates":[[-123.1509305,49.2962579],[-123.15092,49.296278],[-123.150861,49.296359],[-123.1506402,49.2965457]]},"properties":{"id":1135321032,"name":"Bridle Path","class":"cycleway","surface":"gravel","width":4,"bridge":false,"source":"OpenStreetMap"}},{"type":"Feature","geometry":{"type":"LineString","coordinates":[[-123.150985,49.2961707],[-123.1509305,49.2962579]]},"properties":{"id":1135321033,"name":"Bridle Path","class":"cycleway","surface":"asphalt","width":4,"bridge":false,"source":"OpenStreetMap"}},{"type":"Feature","geometry":{"type":"LineString","coordinates":[[-123.1377629,49.3105442],[-123.1378042,49.3108057],[-123.1377784,49.3108468],[-123.1377628,49.3108531]]},"properties":{"id":1135321034,"name":"Park pathway","class":"cycleway","surface":"asphalt","width":4,"bridge":false,"source":"OpenStreetMap"}},{"type":"Feature","geometry":{"type":"LineString","coordinates":[[-123.1377629,49.3105442],[-123.1376466,49.310531],[-123.1375814,49.310504],[-123.1373777,49.3103869],[-123.1373107,49.3103808]]},"properties":{"id":1135321035,"name":"Avison Trail","class":"cycleway","surface":"asphalt","width":4,"bridge":false,"source":"OpenStreetMap"}},{"type":"Feature","geometry":{"type":"LineString","coordinates":[[-123.1421795,49.3137741],[-123.1421945,49.3137633]]},"properties":{"id":1158086217,"name":"Park pathway","class":"steps","surface":"concrete","width":2,"bridge":false,"source":"OpenStreetMap"}},{"type":"Feature","geometry":{"type":"LineString","coordinates":[[-123.1426574,49.313115],[-123.1426241,49.31319],[-123.1425291,49.3133734]]},"properties":{"id":1158086218,"name":"Park pathway","class":"footway","surface":"concrete","width":3,"bridge":false,"source":"OpenStreetMap"}},{"type":"Feature","geometry":{"type":"LineString","coordinates":[[-123.142251,49.3135926],[-123.1423388,49.3136423],[-123.1424563,49.3135506],[-123.1424951,49.313573],[-123.1427022,49.3134278],[-123.1426151,49.3133969],[-123.1424901,49.3133627],[-123.1423393,49.3134752],[-123.1423782,49.3134972],[-123.142251,49.3135926]]},"properties":{"id":1158086219,"name":"Park pathway","class":"pedestrian","surface":"concrete","width":3,"bridge":false,"source":"OpenStreetMap"}},{"type":"Feature","geometry":{"type":"LineString","coordinates":[[-123.1436288,49.3128163],[-123.143636,49.3127635]]},"properties":{"id":1158086220,"name":"Park pathway","class":"footway","surface":"gravel","width":3,"bridge":false,"source":"OpenStreetMap"}},{"type":"Feature","geometry":{"type":"LineString","coordinates":[[-123.142879,49.3129355],[-123.1429579,49.3128097]]},"properties":{"id":1158086226,"name":"Park pathway","class":"footway","surface":"concrete","width":3,"bridge":false,"source":"OpenStreetMap"}},{"type":"Feature","geometry":{"type":"LineString","coordinates":[[-123.1428314,49.3130114],[-123.1428573,49.31297]]},"properties":{"id":1158086230,"name":"Park pathway","class":"footway","surface":"concrete","width":3,"bridge":false,"source":"OpenStreetMap"}},{"type":"Feature","geometry":{"type":"LineString","coordinates":[[-123.1428573,49.31297],[-123.142879,49.3129355]]},"properties":{"id":1158086231,"name":"Park pathway","class":"footway","surface":"concrete","width":3,"bridge":false,"source":"OpenStreetMap"}},{"type":"Feature","geometry":{"type":"LineString","coordinates":[[-123.1371512,49.2924956],[-123.1384206,49.293309],[-123.1384465,49.2933295]]},"properties":{"id":1198775374,"name":"Park pathway","class":"footway","surface":"concrete","width":3,"bridge":false,"source":"OpenStreetMap"}},{"type":"Feature","geometry":{"type":"LineString","coordinates":[[-123.14009,49.2932069],[-123.1400859,49.2931976],[-123.1400234,49.2931359],[-123.139974,49.2931073],[-123.1399444,49.2930976],[-123.1399208,49.293096],[-123.1398919,49.2930845],[-123.1398665,49.2930693],[-123.1398507,49.2930476],[-123.1398477,49.2930282],[-123.1394444,49.292763]]},"properties":{"id":1198775376,"name":"Park pathway","class":"footway","surface":"paving_stones","width":3,"bridge":false,"source":"OpenStreetMap"}},{"type":"Feature","geometry":{"type":"LineString","coordinates":[[-123.1363803,49.2973374],[-123.1363367,49.2973135],[-123.1363001,49.2972851],[-123.136236,49.297249],[-123.136208,49.297242]]},"properties":{"id":1199239012,"name":"South Creek Trail","class":"footway","surface":"concrete","width":3,"bridge":false,"source":"OpenStreetMap"}},{"type":"Feature","geometry":{"type":"LineString","coordinates":[[-123.136208,49.297242],[-123.1361395,49.297225]]},"properties":{"id":1199239013,"name":"South Creek Trail","class":"footway","surface":"asphalt","width":3,"bridge":false,"source":"OpenStreetMap"}},{"type":"Feature","geometry":{"type":"LineString","coordinates":[[-123.135758,49.2989011],[-123.135869,49.2989071]]},"properties":{"id":1199239014,"name":"Park pathway","class":"footway","surface":"asphalt","width":3,"bridge":false,"source":"OpenStreetMap"}},{"type":"Feature","geometry":{"type":"LineString","coordinates":[[-123.1480106,49.2934866],[-123.1480323,49.2935579],[-123.1480173,49.2938104],[-123.1480452,49.2940018],[-123.1480838,49.2941342],[-123.1481724,49.2943166]]},"properties":{"id":1205085854,"name":"Park pathway","class":"cycleway","surface":"asphalt","width":4,"bridge":false,"source":"OpenStreetMap"}},{"type":"Feature","geometry":{"type":"LineString","coordinates":[[-123.1482056,49.2943844],[-123.1483784,49.2946932],[-123.1485718,49.2949065],[-123.1486536,49.2949799],[-123.1487762,49.2950766],[-123.14883,49.295104],[-123.1488839,49.2950959],[-123.149052,49.2950157]]},"properties":{"id":1205085856,"name":"Park pathway","class":"cycleway","surface":"asphalt","width":4,"bridge":false,"source":"OpenStreetMap"}},{"type":"Feature","geometry":{"type":"LineString","coordinates":[[-123.1481724,49.2943166],[-123.1482056,49.2943844]]},"properties":{"id":1205085857,"name":"Park pathway","class":"cycleway","surface":"asphalt","width":4,"bridge":true,"source":"OpenStreetMap"}},{"type":"Feature","geometry":{"type":"LineString","coordinates":[[-123.1362467,49.295434],[-123.1362625,49.2953766],[-123.1363284,49.2952607],[-123.1363242,49.2952369],[-123.1363114,49.2952265],[-123.1362899,49.2952188],[-123.1362617,49.2952171],[-123.1362379,49.2952262]]},"properties":{"id":1207078573,"name":"Park pathway","class":"footway","surface":"asphalt","width":3,"bridge":false,"source":"OpenStreetMap"}},{"type":"Feature","geometry":{"type":"LineString","coordinates":[[-123.156358,49.3031628],[-123.1563872,49.3030246]]},"properties":{"id":1208190022,"name":"Stanley Park Seawall Bike Path","class":"cycleway","surface":"asphalt","width":4,"bridge":false,"source":"OpenStreetMap"}},{"type":"Feature","geometry":{"type":"LineString","coordinates":[[-123.1479562,49.2935585],[-123.1480106,49.2934866]]},"properties":{"id":1208208704,"name":"Park pathway","class":"cycleway","surface":"asphalt","width":4,"bridge":false,"source":"OpenStreetMap"}},{"type":"Feature","geometry":{"type":"LineString","coordinates":[[-123.149052,49.2950157],[-123.1487988,49.2947731],[-123.1487637,49.2947231],[-123.1486723,49.2946072],[-123.1485792,49.2944659]]},"properties":{"id":1208208706,"name":"Stanley Park Seawall Bike Path","class":"cycleway","surface":"asphalt","width":4,"bridge":false,"source":"OpenStreetMap"}},{"type":"Feature","geometry":{"type":"LineString","coordinates":[[-123.1509699,49.2961968],[-123.1505572,49.2960298],[-123.1505291,49.2960094],[-123.1505224,49.2959626],[-123.1505363,49.2959158]]},"properties":{"id":1208208707,"name":"Park pathway","class":"cycleway","surface":"asphalt","width":4,"bridge":false,"source":"OpenStreetMap"}},{"type":"Feature","geometry":{"type":"LineString","coordinates":[[-123.1373842,49.2945259],[-123.1374597,49.2944167],[-123.1374959,49.2942976]]},"properties":{"id":1209137213,"name":"Park pathway","class":"footway","surface":"gravel","width":3,"bridge":false,"source":"OpenStreetMap"}},{"type":"Feature","geometry":{"type":"LineString","coordinates":[[-123.1358302,49.2932158],[-123.1358149,49.2932134],[-123.1346232,49.2924565],[-123.1343829,49.2923007],[-123.1343538,49.2922901]]},"properties":{"id":1218837668,"name":"Park pathway","class":"footway","surface":"concrete","width":3,"bridge":false,"source":"OpenStreetMap"}},{"type":"Feature","geometry":{"type":"LineString","coordinates":[[-123.1534533,49.2969032],[-123.1534196,49.2969124]]},"properties":{"id":1224023853,"name":"Park pathway","class":"footway","surface":"concrete:plates","width":3,"bridge":false,"source":"OpenStreetMap"}},{"type":"Feature","geometry":{"type":"LineString","coordinates":[[-123.1583537,49.3006764],[-123.1584138,49.3006628]]},"properties":{"id":1224023854,"name":"Park pathway","class":"footway","surface":"asphalt","width":3,"bridge":false,"source":"OpenStreetMap"}},{"type":"Feature","geometry":{"type":"LineString","coordinates":[[-123.15678,49.3022212],[-123.1567578,49.3023017]]},"properties":{"id":1224023857,"name":"Park pathway","class":"footway","surface":"asphalt","width":3,"bridge":false,"source":"OpenStreetMap"}},{"type":"Feature","geometry":{"type":"LineString","coordinates":[[-123.1515363,49.3119136],[-123.151473,49.311944]]},"properties":{"id":1224023860,"name":"Park pathway","class":"footway","surface":"concrete","width":3,"bridge":false,"source":"OpenStreetMap"}},{"type":"Feature","geometry":{"type":"LineString","coordinates":[[-123.1394731,49.3127801],[-123.1396973,49.3129744],[-123.1398788,49.3130722],[-123.1399793,49.3131113],[-123.1401347,49.3131584],[-123.1403501,49.3131856],[-123.1407448,49.3132807],[-123.1409255,49.3133642],[-123.1411403,49.3135611],[-123.1412606,49.3138773]]},"properties":{"id":1224865632,"name":"Stanley Park Seawall","class":"footway","surface":"asphalt","width":3,"bridge":false,"source":"OpenStreetMap"}},{"type":"Feature","geometry":{"type":"LineString","coordinates":[[-123.1414091,49.3140568],[-123.1415654,49.3140466],[-123.1418889,49.3139869],[-123.1420531,49.3139708]]},"properties":{"id":1224865633,"name":"Stanley Park Seawall","class":"footway","surface":"paving_stones","width":3,"bridge":false,"source":"OpenStreetMap"}},{"type":"Feature","geometry":{"type":"LineString","coordinates":[[-123.141279,49.3138577],[-123.1412606,49.3138773]]},"properties":{"id":1224865634,"name":"Stanley Park Seawall Bike Path","class":"cycleway","surface":"asphalt","width":4,"bridge":false,"source":"OpenStreetMap"}},{"type":"Feature","geometry":{"type":"LineString","coordinates":[[-123.1420531,49.3139708],[-123.1421489,49.3139518],[-123.1422363,49.3139491],[-123.1423597,49.3139563],[-123.1425574,49.3139482]]},"properties":{"id":1227211747,"name":"Stanley Park Seawall Bike Path","class":"cycleway","surface":"asphalt","width":4,"bridge":false,"source":"OpenStreetMap"}},{"type":"Feature","geometry":{"type":"LineString","coordinates":[[-123.1420531,49.3139708],[-123.1421704,49.3139768],[-123.142347,49.3139767],[-123.1425994,49.3139636]]},"properties":{"id":1227211748,"name":"Stanley Park Seawall","class":"footway","surface":"asphalt","width":3,"bridge":false,"source":"OpenStreetMap"}},{"type":"Feature","geometry":{"type":"LineString","coordinates":[[-123.1412606,49.3138773],[-123.1412751,49.3139196],[-123.1412955,49.3139648],[-123.1413258,49.3140155],[-123.1414091,49.3140568]]},"properties":{"id":1227211749,"name":"Stanley Park Seawall","class":"footway","surface":"paving_stones","width":3,"bridge":false,"source":"OpenStreetMap"}},{"type":"Feature","geometry":{"type":"LineString","coordinates":[[-123.1439323,49.3092015],[-123.1438681,49.3092196]]},"properties":{"id":1252160597,"name":"NB Stanley Park Causeway Bike Route","class":"cycleway","surface":"asphalt","width":4,"bridge":false,"source":"OpenStreetMap"}},{"type":"Feature","geometry":{"type":"LineString","coordinates":[[-123.143608,49.3096482],[-123.143599,49.3097072]]},"properties":{"id":1252160599,"name":"NB Stanley Park Causeway Bike Route","class":"cycleway","surface":"asphalt","width":4,"bridge":false,"source":"OpenStreetMap"}},{"type":"Feature","geometry":{"type":"LineString","coordinates":[[-123.1536069,49.3044755],[-123.1534565,49.3044852]]},"properties":{"id":1252162603,"name":"Park pathway","class":"footway","surface":"asphalt","width":3,"bridge":false,"source":"OpenStreetMap"}},{"type":"Feature","geometry":{"type":"LineString","coordinates":[[-123.1534565,49.3044852],[-123.1532947,49.3044867]]},"properties":{"id":1252162604,"name":"Park pathway","class":"footway","surface":"asphalt","width":3,"bridge":false,"source":"OpenStreetMap"}},{"type":"Feature","geometry":{"type":"LineString","coordinates":[[-123.1559589,49.3038055],[-123.1558051,49.3037981],[-123.1555787,49.3038159],[-123.155229,49.303901],[-123.1547591,49.3039119],[-123.1541434,49.3038281],[-123.1535608,49.3036554],[-123.1534619,49.303545],[-123.1534433,49.3035461]]},"properties":{"id":1252162605,"name":"Tatlow Walk","class":"footway","surface":"gravel","width":3,"bridge":false,"source":"OpenStreetMap"}},{"type":"Feature","geometry":{"type":"LineString","coordinates":[[-123.1534433,49.3035461],[-123.1533257,49.303551]]},"properties":{"id":1252162606,"name":"Tatlow Walk","class":"footway","surface":"asphalt","width":3,"bridge":false,"source":"OpenStreetMap"}},{"type":"Feature","geometry":{"type":"LineString","coordinates":[[-123.1559226,49.301561],[-123.1558467,49.3016107],[-123.1558326,49.3016811],[-123.1560026,49.3022065]]},"properties":{"id":1252162607,"name":"Park pathway","class":"footway","surface":"gravel","width":3,"bridge":false,"source":"OpenStreetMap"}},{"type":"Feature","geometry":{"type":"LineString","coordinates":[[-123.1559099,49.3014827],[-123.1559226,49.301561]]},"properties":{"id":1252162608,"name":"Park pathway","class":"footway","surface":"asphalt","width":3,"bridge":false,"source":"OpenStreetMap"}},{"type":"Feature","geometry":{"type":"LineString","coordinates":[[-123.1569985,49.3007699],[-123.157069,49.3007899],[-123.1571147,49.3008066]]},"properties":{"id":1252162609,"name":"Park pathway","class":"footway","surface":"asphalt","width":3,"bridge":false,"source":"OpenStreetMap"}},{"type":"Feature","geometry":{"type":"LineString","coordinates":[[-123.1361877,49.3068391],[-123.1360488,49.3070243],[-123.1359977,49.3070739]]},"properties":{"id":1252162610,"name":"Park pathway","class":"footway","surface":"fine_gravel","width":3,"bridge":false,"source":"OpenStreetMap"}},{"type":"Feature","geometry":{"type":"LineString","coordinates":[[-123.1359977,49.3070739],[-123.1359439,49.307127],[-123.1358994,49.3071654]]},"properties":{"id":1252162611,"name":"Park pathway","class":"footway","surface":"asphalt","width":3,"bridge":false,"source":"OpenStreetMap"}},{"type":"Feature","geometry":{"type":"LineString","coordinates":[[-123.1378295,49.3101699],[-123.1377747,49.3102828]]},"properties":{"id":1252162612,"name":"Chickadee Trail","class":"footway","surface":"asphalt","width":3,"bridge":false,"source":"OpenStreetMap"}},{"type":"Feature","geometry":{"type":"LineString","coordinates":[[-123.1403379,49.3110813],[-123.1404245,49.3110877]]},"properties":{"id":1252162613,"name":"Park pathway","class":"footway","surface":"asphalt","width":3,"bridge":false,"source":"OpenStreetMap"}},{"type":"Feature","geometry":{"type":"LineString","coordinates":[[-123.1412994,49.3083765],[-123.1412643,49.3083678],[-123.1410477,49.3084226]]},"properties":{"id":1252162614,"name":"Park pathway","class":"footway","surface":"gravel","width":3,"bridge":false,"source":"OpenStreetMap"}},{"type":"Feature","geometry":{"type":"LineString","coordinates":[[-123.1413983,49.3084017],[-123.1412994,49.3083765]]},"properties":{"id":1252162615,"name":"Park pathway","class":"footway","surface":"asphalt","width":3,"bridge":false,"source":"OpenStreetMap"}},{"type":"Feature","geometry":{"type":"LineString","coordinates":[[-123.1429427,49.3086883],[-123.1429652,49.3087269],[-123.1429803,49.308766]]},"properties":{"id":1252162616,"name":"Park pathway","class":"footway","surface":"asphalt","width":3,"bridge":false,"source":"OpenStreetMap"}},{"type":"Feature","geometry":{"type":"LineString","coordinates":[[-123.1452975,49.3119929],[-123.1453536,49.3120591]]},"properties":{"id":1252162617,"name":"Park pathway","class":"footway","surface":"asphalt","width":3,"bridge":false,"source":"OpenStreetMap"}},{"type":"Feature","geometry":{"type":"LineString","coordinates":[[-123.1491554,49.3106635],[-123.1491454,49.3106572]]},"properties":{"id":1252162618,"name":"Park pathway","class":"footway","surface":"asphalt","width":3,"bridge":false,"source":"OpenStreetMap"}},{"type":"Feature","geometry":{"type":"LineString","coordinates":[[-123.1491454,49.3106572],[-123.1490674,49.3106081]]},"properties":{"id":1252162619,"name":"Park pathway","class":"footway","surface":"asphalt","width":3,"bridge":false,"source":"OpenStreetMap"}},{"type":"Feature","geometry":{"type":"LineString","coordinates":[[-123.133214,49.2940664],[-123.1331819,49.2940887]]},"properties":{"id":1274313552,"name":"Park pathway","class":"footway","surface":"asphalt","width":3,"bridge":false,"source":"OpenStreetMap"}},{"type":"Feature","geometry":{"type":"LineString","coordinates":[[-123.1338491,49.2945057],[-123.1339143,49.2944876]]},"properties":{"id":1274313553,"name":"Park pathway","class":"footway","surface":"paved","width":3,"bridge":false,"source":"OpenStreetMap"}},{"type":"Feature","geometry":{"type":"LineString","coordinates":[[-123.138513,49.2933917],[-123.1385636,49.2934336],[-123.138612,49.2934503]]},"properties":{"id":1277949463,"name":"Forest trail","class":"path","surface":"paving_stones","width":2,"bridge":false,"source":"OpenStreetMap"}},{"type":"Feature","geometry":{"type":"LineString","coordinates":[[-123.14009,49.2932069],[-123.140123,49.293281]]},"properties":{"id":1277958841,"name":"Park pathway","class":"footway","surface":"asphalt","width":3,"bridge":false,"source":"OpenStreetMap"}},{"type":"Feature","geometry":{"type":"LineString","coordinates":[[-123.1367913,49.2974484],[-123.1368377,49.2975003],[-123.1369173,49.2976026],[-123.1369757,49.2976541],[-123.1371263,49.297764],[-123.1372398,49.2978156],[-123.1374073,49.2979069]]},"properties":{"id":1277976049,"name":"NB Stanley Park Causeway Bike Route","class":"cycleway","surface":"paved","width":4,"bridge":false,"source":"OpenStreetMap"}},{"type":"Feature","geometry":{"type":"LineString","coordinates":[[-123.1344781,49.3063903],[-123.1344201,49.3064454]]},"properties":{"id":1286164563,"name":"Park pathway","class":"footway","surface":"asphalt","width":3,"bridge":false,"source":"OpenStreetMap"}},{"type":"Feature","geometry":{"type":"LineString","coordinates":[[-123.1423972,49.3108415],[-123.1423142,49.3108611]]},"properties":{"id":1295824247,"name":"Avison Trail","class":"cycleway","surface":"asphalt","width":4,"bridge":false,"source":"OpenStreetMap"}},{"type":"Feature","geometry":{"type":"LineString","coordinates":[[-123.1401183,49.2930207],[-123.140116,49.2930359],[-123.1401056,49.2930546],[-123.1400836,49.293078],[-123.1401017,49.2931664],[-123.1400859,49.2931976],[-123.1402526,49.2931701]]},"properties":{"id":1296092049,"name":"Park pathway","class":"footway","surface":"concrete","width":3,"bridge":false,"source":"OpenStreetMap"}},{"type":"Feature","geometry":{"type":"LineString","coordinates":[[-123.1402724,49.293208],[-123.1402526,49.2931701]]},"properties":{"id":1296092050,"name":"Park pathway","class":"cycleway","surface":"asphalt","width":4,"bridge":false,"source":"OpenStreetMap"}},{"type":"Feature","geometry":{"type":"LineString","coordinates":[[-123.1401183,49.2930207],[-123.139976,49.2930249]]},"properties":{"id":1296092051,"name":"Park pathway","class":"cycleway","surface":"asphalt","width":4,"bridge":false,"source":"OpenStreetMap"}},{"type":"Feature","geometry":{"type":"LineString","coordinates":[[-123.1367221,49.2944968],[-123.136746,49.2944019],[-123.1367849,49.2943616]]},"properties":{"id":1296092759,"name":"Chilco Bike Route","class":"cycleway","surface":"asphalt","width":4,"bridge":false,"source":"OpenStreetMap"}},{"type":"Feature","geometry":{"type":"LineString","coordinates":[[-123.1367849,49.2943616],[-123.1368878,49.2944287]]},"properties":{"id":1296092760,"name":"Park pathway","class":"footway","surface":"concrete","width":3,"bridge":false,"source":"OpenStreetMap"}},{"type":"Feature","geometry":{"type":"LineString","coordinates":[[-123.1311837,49.297794],[-123.1309941,49.2979046]]},"properties":{"id":1299814356,"name":"Park pathway","class":"footway","surface":null,"width":3,"bridge":false,"source":"OpenStreetMap"}},{"type":"Feature","geometry":{"type":"LineString","coordinates":[[-123.1336005,49.2969749],[-123.1335981,49.2970029],[-123.1335928,49.2970156],[-123.13357,49.2970327],[-123.1335046,49.297064],[-123.1332275,49.297177],[-123.1332212,49.2972559],[-123.1330499,49.2972568],[-123.1329568,49.297275],[-123.1329238,49.2972959],[-123.1329042,49.2973277],[-123.1328851,49.2973912],[-123.1328844,49.2974042]]},"properties":{"id":1299814357,"name":"Park pathway","class":"footway","surface":"asphalt","width":3,"bridge":false,"source":"OpenStreetMap"}},{"type":"Feature","geometry":{"type":"LineString","coordinates":[[-123.1328844,49.2974042],[-123.132913,49.2974568],[-123.1329507,49.2975032]]},"properties":{"id":1299814358,"name":"Park pathway","class":"footway","surface":"asphalt","width":3,"bridge":false,"source":"OpenStreetMap"}},{"type":"Feature","geometry":{"type":"LineString","coordinates":[[-123.1327858,49.2977874],[-123.1326929,49.2977328]]},"properties":{"id":1299818247,"name":"Park pathway","class":"footway","surface":"asphalt","width":3,"bridge":false,"source":"OpenStreetMap"}},{"type":"Feature","geometry":{"type":"LineString","coordinates":[[-123.1331268,49.3018658],[-123.1327058,49.3017025]]},"properties":{"id":1299818250,"name":"Park pathway","class":"footway","surface":"asphalt","width":3,"bridge":false,"source":"OpenStreetMap"}},{"type":"Feature","geometry":{"type":"LineString","coordinates":[[-123.1324836,49.3018971],[-123.1328404,49.3020401]]},"properties":{"id":1299818251,"name":"Park pathway","class":"footway","surface":"asphalt","width":3,"bridge":false,"source":"OpenStreetMap"}},{"type":"Feature","geometry":{"type":"LineString","coordinates":[[-123.1342623,49.3008826],[-123.1341479,49.3009493],[-123.1344511,49.301153],[-123.1347,49.3013389]]},"properties":{"id":1299818252,"name":"Park pathway","class":"footway","surface":"asphalt","width":3,"bridge":false,"source":"OpenStreetMap"}},{"type":"Feature","geometry":{"type":"LineString","coordinates":[[-123.1320163,49.3012686],[-123.1323788,49.3011541],[-123.1326456,49.3010765],[-123.133102,49.300974],[-123.1331643,49.3009581],[-123.1333157,49.3009073],[-123.1333764,49.3009025],[-123.1334446,49.3009082],[-123.1335289,49.3009258],[-123.1335466,49.3009069],[-123.1335624,49.3008976],[-123.133779,49.300923],[-123.1339078,49.3008879],[-123.1339437,49.3008413],[-123.1339857,49.3007775]]},"properties":{"id":1299818254,"name":"Park pathway","class":"footway","surface":"asphalt","width":3,"bridge":false,"source":"OpenStreetMap"}},{"type":"Feature","geometry":{"type":"LineString","coordinates":[[-123.1304072,49.3029664],[-123.130594,49.3030841]]},"properties":{"id":1299824851,"name":"Stanley Park Seawall Bike Path","class":"cycleway","surface":"asphalt","width":4,"bridge":false,"source":"OpenStreetMap"}},{"type":"Feature","geometry":{"type":"LineString","coordinates":[[-123.1356379,49.3009217],[-123.1357734,49.3009148]]},"properties":{"id":1299846999,"name":"Park pathway","class":"footway","surface":"pebblestone","width":3,"bridge":false,"source":"OpenStreetMap"}},{"type":"Feature","geometry":{"type":"LineString","coordinates":[[-123.1429803,49.308766],[-123.1430376,49.3088789],[-123.1430929,49.3089717],[-123.1431575,49.3091826],[-123.1431673,49.3092839],[-123.143159,49.3093673],[-123.1431261,49.3094874],[-123.1430156,49.3096435],[-123.1429797,49.3096895]]},"properties":{"id":1299847003,"name":"Park pathway","class":"footway","surface":"paved","width":3,"bridge":false,"source":"OpenStreetMap"}},{"type":"Feature","geometry":{"type":"LineString","coordinates":[[-123.1429797,49.3096895],[-123.1428981,49.3097882]]},"properties":{"id":1299847004,"name":"Park pathway","class":"footway","surface":"asphalt","width":3,"bridge":false,"source":"OpenStreetMap"}},{"type":"Feature","geometry":{"type":"LineString","coordinates":[[-123.1466692,49.2960494],[-123.1466273,49.2960315],[-123.1465992,49.2960122]]},"properties":{"id":1299847007,"name":"Park pathway","class":"footway","surface":"asphalt","width":3,"bridge":false,"source":"OpenStreetMap"}},{"type":"Feature","geometry":{"type":"LineString","coordinates":[[-123.1309073,49.3027019],[-123.1292286,49.3022795],[-123.1289936,49.3021867]]},"properties":{"id":1300122675,"name":"Kinglet Trail","class":"footway","surface":"asphalt","width":3,"bridge":false,"source":"OpenStreetMap"}},{"type":"Feature","geometry":{"type":"LineString","coordinates":[[-123.1371849,49.2940992],[-123.1372025,49.2940846],[-123.1373345,49.2940015]]},"properties":{"id":1302284016,"name":"Park pathway","class":"footway","surface":"concrete","width":3,"bridge":false,"source":"OpenStreetMap"}},{"type":"Feature","geometry":{"type":"LineString","coordinates":[[-123.1312941,49.2931215],[-123.1312355,49.2931592]]},"properties":{"id":1305306714,"name":"Park pathway","class":"steps","surface":"concrete","width":2,"bridge":false,"source":"OpenStreetMap"}},{"type":"Feature","geometry":{"type":"LineString","coordinates":[[-123.1421632,49.3038667],[-123.1423164,49.3037961],[-123.1433736,49.3035551],[-123.1435946,49.3035502]]},"properties":{"id":1305306976,"name":"Lake Trail","class":"cycleway","surface":"gravel","width":4,"bridge":false,"source":"OpenStreetMap"}},{"type":"Feature","geometry":{"type":"LineString","coordinates":[[-123.1533257,49.303551],[-123.1532338,49.3035427],[-123.1530684,49.3034752]]},"properties":{"id":1305306982,"name":"Tatlow Walk","class":"footway","surface":"asphalt","width":3,"bridge":false,"source":"OpenStreetMap"}},{"type":"Feature","geometry":{"type":"LineString","coordinates":[[-123.1459436,49.2955109],[-123.1457124,49.2956077]]},"properties":{"id":1305307092,"name":"Park pathway","class":"footway","surface":"gravel","width":3,"bridge":false,"source":"OpenStreetMap"}},{"type":"Feature","geometry":{"type":"LineString","coordinates":[[-123.1457124,49.2956077],[-123.1455873,49.2956162]]},"properties":{"id":1305307093,"name":"Park pathway","class":"footway","surface":"wood","width":3,"bridge":false,"source":"OpenStreetMap"}},{"type":"Feature","geometry":{"type":"LineString","coordinates":[[-123.1460105,49.2955638],[-123.1459436,49.2955109]]},"properties":{"id":1311328894,"name":"Park pathway","class":"footway","surface":"gravel","width":3,"bridge":false,"source":"OpenStreetMap"}},{"type":"Feature","geometry":{"type":"LineString","coordinates":[[-123.1371849,49.2940992],[-123.1372106,49.2940901],[-123.1373251,49.2940714]]},"properties":{"id":1316287581,"name":"Park pathway","class":"cycleway","surface":"asphalt","width":4,"bridge":false,"source":"OpenStreetMap"}},{"type":"Feature","geometry":{"type":"LineString","coordinates":[[-123.1429579,49.3128097],[-123.1429761,49.3127854],[-123.143003,49.312766],[-123.1430308,49.3127535]]},"properties":{"id":1317723141,"name":"Park pathway","class":"footway","surface":"concrete","width":3,"bridge":false,"source":"OpenStreetMap"}},{"type":"Feature","geometry":{"type":"LineString","coordinates":[[-123.1364909,49.2950013],[-123.1364791,49.2950545]]},"properties":{"id":1327567307,"name":"Park pathway","class":"footway","surface":"paving_stones","width":3,"bridge":false,"source":"OpenStreetMap"}},{"type":"Feature","geometry":{"type":"LineString","coordinates":[[-123.1364791,49.2950545],[-123.1364448,49.2951325]]},"properties":{"id":1327567308,"name":"Park pathway","class":"footway","surface":"asphalt","width":3,"bridge":false,"source":"OpenStreetMap"}},{"type":"Feature","geometry":{"type":"LineString","coordinates":[[-123.1373838,49.2942229],[-123.1373242,49.2941843]]},"properties":{"id":1327578675,"name":"Park pathway","class":"footway","surface":"concrete","width":3,"bridge":false,"source":"OpenStreetMap"}},{"type":"Feature","geometry":{"type":"LineString","coordinates":[[-123.1564095,49.3031231],[-123.1564797,49.3031252],[-123.1564923,49.3030563]]},"properties":{"id":1327596154,"name":"Park pathway","class":"footway","surface":"paving_stones","width":3,"bridge":false,"source":"OpenStreetMap"}},{"type":"Feature","geometry":{"type":"LineString","coordinates":[[-123.1350659,49.2968703],[-123.1349923,49.2969151]]},"properties":{"id":1332528598,"name":"Park pathway","class":"cycleway","surface":"asphalt","width":4,"bridge":false,"source":"OpenStreetMap"}},{"type":"Feature","geometry":{"type":"LineString","coordinates":[[-123.1308385,49.2979562],[-123.1308985,49.2979415]]},"properties":{"id":1332528600,"name":"Park pathway","class":"footway","surface":"asphalt","width":3,"bridge":false,"source":"OpenStreetMap"}},{"type":"Feature","geometry":{"type":"LineString","coordinates":[[-123.1505291,49.2960094],[-123.1503988,49.2960043]]},"properties":{"id":1332528608,"name":"Park pathway","class":"cycleway","surface":"asphalt","width":4,"bridge":false,"source":"OpenStreetMap"}},{"type":"Feature","geometry":{"type":"LineString","coordinates":[[-123.1363819,49.2973538],[-123.1363803,49.2973374]]},"properties":{"id":1332537256,"name":"Park pathway","class":"footway","surface":"concrete","width":3,"bridge":false,"source":"OpenStreetMap"}},{"type":"Feature","geometry":{"type":"LineString","coordinates":[[-123.1499154,49.2955441],[-123.1498478,49.2955608]]},"properties":{"id":1332910265,"name":"Park pathway","class":"footway","surface":"asphalt","width":3,"bridge":false,"source":"OpenStreetMap"}},{"type":"Feature","geometry":{"type":"LineString","coordinates":[[-123.1497737,49.2955773],[-123.149632,49.2956019]]},"properties":{"id":1332910266,"name":"Park pathway","class":"footway","surface":"asphalt","width":3,"bridge":false,"source":"OpenStreetMap"}},{"type":"Feature","geometry":{"type":"LineString","coordinates":[[-123.1455898,49.3037303],[-123.1456092,49.3037165]]},"properties":{"id":1347244043,"name":"Park pathway","class":"cycleway","surface":null,"width":4,"bridge":false,"source":"OpenStreetMap"}},{"type":"Feature","geometry":{"type":"LineString","coordinates":[[-123.1418524,49.3120305],[-123.1419585,49.3119396],[-123.1419798,49.3119497]]},"properties":{"id":1349155147,"name":"Park pathway","class":"footway","surface":"concrete","width":3,"bridge":false,"source":"OpenStreetMap"}},{"type":"Feature","geometry":{"type":"LineString","coordinates":[[-123.1418524,49.3120305],[-123.1418906,49.3120189]]},"properties":{"id":1349155148,"name":"SB Stanley Park Causeway Bike Route","class":"cycleway","surface":"concrete","width":4,"bridge":false,"source":"OpenStreetMap"}},{"type":"Feature","geometry":{"type":"LineString","coordinates":[[-123.1418906,49.3120189],[-123.1419591,49.3119617]]},"properties":{"id":1349155149,"name":"SB Stanley Park Causeway Bike Route","class":"cycleway","surface":"concrete","width":4,"bridge":false,"source":"OpenStreetMap"}},{"type":"Feature","geometry":{"type":"LineString","coordinates":[[-123.1419798,49.3119497],[-123.142005,49.3119352]]},"properties":{"id":1349155151,"name":"SB Stanley Park Causeway Bike Route","class":"cycleway","surface":"concrete","width":4,"bridge":false,"source":"OpenStreetMap"}},{"type":"Feature","geometry":{"type":"LineString","coordinates":[[-123.142005,49.3119352],[-123.1420864,49.3117921]]},"properties":{"id":1349155152,"name":"SB Stanley Park Causeway Bike Route","class":"cycleway","surface":"asphalt","width":4,"bridge":false,"source":"OpenStreetMap"}},{"type":"Feature","geometry":{"type":"LineString","coordinates":[[-123.1419591,49.3119617],[-123.1419798,49.3119497]]},"properties":{"id":1349155153,"name":"SB Stanley Park Causeway Bike Route","class":"cycleway","surface":"concrete","width":4,"bridge":false,"source":"OpenStreetMap"}},{"type":"Feature","geometry":{"type":"LineString","coordinates":[[-123.1419798,49.3119497],[-123.1420015,49.3119649]]},"properties":{"id":1349155154,"name":"Park pathway","class":"cycleway","surface":"paved","width":4,"bridge":false,"source":"OpenStreetMap"}},{"type":"Feature","geometry":{"type":"LineString","coordinates":[[-123.141719,49.3116839],[-123.1416234,49.3118181],[-123.1416083,49.3118994],[-123.1416195,49.3119313],[-123.1415902,49.3119981]]},"properties":{"id":1349155155,"name":"NB Stanley Park Causeway Bike Route","class":"cycleway","surface":"asphalt","width":4,"bridge":false,"source":"OpenStreetMap"}},{"type":"Feature","geometry":{"type":"LineString","coordinates":[[-123.1360726,49.2964571],[-123.1361206,49.2964549]]},"properties":{"id":1349391174,"name":"Park pathway","class":"cycleway","surface":"concrete","width":4,"bridge":false,"source":"OpenStreetMap"}},{"type":"Feature","geometry":{"type":"LineString","coordinates":[[-123.1359884,49.2964615],[-123.1360131,49.2965507]]},"properties":{"id":1349391175,"name":"Park pathway","class":"footway","surface":"asphalt","width":3,"bridge":false,"source":"OpenStreetMap"}},{"type":"Feature","geometry":{"type":"LineString","coordinates":[[-123.137347,49.294519],[-123.1373842,49.2945259]]},"properties":{"id":1349846311,"name":"Park pathway","class":"steps","surface":"asphalt","width":2,"bridge":false,"source":"OpenStreetMap"}},{"type":"Feature","geometry":{"type":"LineString","coordinates":[[-123.1373297,49.2945158],[-123.137347,49.294519]]},"properties":{"id":1349846312,"name":"Park pathway","class":"footway","surface":"concrete","width":3,"bridge":false,"source":"OpenStreetMap"}},{"type":"Feature","geometry":{"type":"LineString","coordinates":[[-123.1374959,49.2942976],[-123.1374645,49.2942774]]},"properties":{"id":1349846313,"name":"Park pathway","class":"footway","surface":"concrete","width":3,"bridge":false,"source":"OpenStreetMap"}},{"type":"Feature","geometry":{"type":"LineString","coordinates":[[-123.1324765,49.2979903],[-123.1324986,49.2980079]]},"properties":{"id":1352033037,"name":"Park pathway","class":"steps","surface":"rock","width":2,"bridge":false,"source":"OpenStreetMap"}},{"type":"Feature","geometry":{"type":"LineString","coordinates":[[-123.1355419,49.2993287],[-123.1355357,49.2994619]]},"properties":{"id":1352033038,"name":"Park pathway","class":"footway","surface":"asphalt","width":3,"bridge":false,"source":"OpenStreetMap"}},{"type":"Feature","geometry":{"type":"LineString","coordinates":[[-123.1344789,49.2993013],[-123.1344093,49.299203],[-123.1344107,49.299118]]},"properties":{"id":1352033039,"name":"Park pathway","class":"footway","surface":"asphalt","width":3,"bridge":false,"source":"OpenStreetMap"}},{"type":"Feature","geometry":{"type":"LineString","coordinates":[[-123.1366331,49.3007671],[-123.1365632,49.3007645]]},"properties":{"id":1352033040,"name":"Park pathway","class":"footway","surface":"concrete","width":3,"bridge":false,"source":"OpenStreetMap"}},{"type":"Feature","geometry":{"type":"LineString","coordinates":[[-123.1365295,49.3010219],[-123.1366085,49.3010268]]},"properties":{"id":1352033041,"name":"Park pathway","class":"footway","surface":"concrete","width":3,"bridge":false,"source":"OpenStreetMap"}},{"type":"Feature","geometry":{"type":"LineString","coordinates":[[-123.130812,49.2979341],[-123.1308385,49.2979562],[-123.1308574,49.2980044],[-123.1308716,49.2980814],[-123.1308621,49.2981829],[-123.1308382,49.2982501]]},"properties":{"id":1352033043,"name":"Brockton Point Trail","class":"footway","surface":"asphalt","width":3,"bridge":false,"source":"OpenStreetMap"}},{"type":"Feature","geometry":{"type":"LineString","coordinates":[[-123.1305247,49.2986717],[-123.1303795,49.2986322],[-123.1302194,49.2986037]]},"properties":{"id":1352033044,"name":"Brockton Oval Trail","class":"footway","surface":"asphalt","width":3,"bridge":false,"source":"OpenStreetMap"}},{"type":"Feature","geometry":{"type":"LineString","coordinates":[[-123.1560026,49.3022065],[-123.1559976,49.3022874],[-123.1560166,49.3023207]]},"properties":{"id":1352033046,"name":"Park pathway","class":"footway","surface":"asphalt","width":3,"bridge":false,"source":"OpenStreetMap"}},{"type":"Feature","geometry":{"type":"LineString","coordinates":[[-123.1370757,49.3065014],[-123.1371438,49.3065311]]},"properties":{"id":1352033047,"name":"Eagle Trail","class":"footway","surface":"asphalt","width":3,"bridge":false,"source":"OpenStreetMap"}},{"type":"Feature","geometry":{"type":"LineString","coordinates":[[-123.149081,49.3094816],[-123.1490736,49.309574]]},"properties":{"id":1352033048,"name":"Park pathway","class":"footway","surface":"asphalt","width":3,"bridge":false,"source":"OpenStreetMap"}},{"type":"Feature","geometry":{"type":"LineString","coordinates":[[-123.1305189,49.298505],[-123.1304893,49.2985864],[-123.1304929,49.2986407],[-123.1305025,49.2986657]]},"properties":{"id":1352040210,"name":"Park pathway","class":"footway","surface":"asphalt","width":3,"bridge":false,"source":"OpenStreetMap"}},{"type":"Feature","geometry":{"type":"LineString","coordinates":[[-123.1304877,49.299309],[-123.130539,49.2992523],[-123.1306217,49.2990665],[-123.130576,49.2989278],[-123.130567,49.2988497],[-123.1305739,49.2987862],[-123.1305811,49.2987621],[-123.1305944,49.2987324],[-123.1306148,49.2986983]]},"properties":{"id":1352040211,"name":"Park pathway","class":"footway","surface":"concrete","width":3,"bridge":false,"source":"OpenStreetMap"}},{"type":"Feature","geometry":{"type":"LineString","coordinates":[[-123.1303185,49.2992675],[-123.1302669,49.2992568]]},"properties":{"id":1352040212,"name":"Park pathway","class":"footway","surface":"concrete","width":3,"bridge":false,"source":"OpenStreetMap"}},{"type":"Feature","geometry":{"type":"LineString","coordinates":[[-123.1304319,49.2992911],[-123.1303185,49.2992675]]},"properties":{"id":1352040213,"name":"Park pathway","class":"footway","surface":"asphalt","width":3,"bridge":false,"source":"OpenStreetMap"}},{"type":"Feature","geometry":{"type":"LineString","coordinates":[[-123.1290215,49.3021977],[-123.1289922,49.3021381],[-123.1289694,49.3020798],[-123.1289548,49.3020336],[-123.1289509,49.3019829],[-123.1289602,49.3019156],[-123.1289887,49.3018448],[-123.1290395,49.3017699],[-123.1291065,49.3017111],[-123.1292344,49.3016187],[-123.1294724,49.3014791],[-123.1299715,49.3012516],[-123.1300832,49.3011843],[-123.1301441,49.3011344]]},"properties":{"id":1352040214,"name":"Park pathway","class":"footway","surface":"asphalt","width":3,"bridge":false,"source":"OpenStreetMap"}},{"type":"Feature","geometry":{"type":"LineString","coordinates":[[-123.1301966,49.3010876],[-123.130258,49.3010195],[-123.1303066,49.3009371],[-123.1303573,49.3008335],[-123.1303673,49.3007936],[-123.1303646,49.3007531]]},"properties":{"id":1352040215,"name":"Park pathway","class":"footway","surface":"concrete","width":3,"bridge":false,"source":"OpenStreetMap"}},{"type":"Feature","geometry":{"type":"LineString","coordinates":[[-123.1301441,49.3011344],[-123.1301966,49.3010876]]},"properties":{"id":1352040216,"name":"Park pathway","class":"footway","surface":"asphalt","width":3,"bridge":false,"source":"OpenStreetMap"}},{"type":"Feature","geometry":{"type":"LineString","coordinates":[[-123.1301437,49.3007121],[-123.1300815,49.3007338],[-123.130045,49.3007526],[-123.129997,49.3007685],[-123.1299342,49.3007781],[-123.1294867,49.3007902],[-123.1289693,49.3007994],[-123.1288662,49.3007985],[-123.1287689,49.3007802],[-123.1286338,49.3007426],[-123.1285019,49.3006937],[-123.1283656,49.3006353],[-123.1282548,49.300581],[-123.1278572,49.3002731],[-123.1275403,49.300119],[-123.1273439,49.3000483],[-123.1271632,49.2999964],[-123.1270242,49.2999667],[-123.1268852,49.299948],[-123.126786,49.2999438],[-123.1267026,49.2999468],[-123.1266155,49.2999577],[-123.1265294,49.2999752],[-123.1263431,49.300032],[-123.1262857,49.3000574],[-123.1262041,49.3001075],[-123.1261624,49.300139],[-123.1260781,49.3002284],[-123.1260086,49.3003245],[-123.1258112,49.3005408],[-123.1257454,49.3006097],[-123.1254952,49.3008417],[-123.1254183,49.3009305],[-123.1253766,49.3009855],[-123.1253368,49.3010556],[-123.1252914,49.3011753],[-123.1252858,49.3012284],[-123.1252968,49.3013203],[-123.1252929,49.301347],[-123.1252775,49.3013779],[-123.1252545,49.3013921],[-123.1252382,49.3014451]]},"properties":{"id":1352040218,"name":"Park pathway","class":"footway","surface":"asphalt","width":3,"bridge":false,"source":"OpenStreetMap"}},{"type":"Feature","geometry":{"type":"LineString","coordinates":[[-123.1356313,49.2936569],[-123.135666,49.2936337]]},"properties":{"id":1374901080,"name":"Park pathway","class":"footway","surface":"concrete","width":3,"bridge":false,"source":"OpenStreetMap"}},{"type":"Feature","geometry":{"type":"LineString","coordinates":[[-123.1383755,49.2933185],[-123.1384206,49.293309],[-123.1388899,49.2930027],[-123.1393324,49.2927049],[-123.1393412,49.2926957]]},"properties":{"id":1374901081,"name":"Park pathway","class":"footway","surface":"concrete","width":3,"bridge":false,"source":"OpenStreetMap"}},{"type":"Feature","geometry":{"type":"LineString","coordinates":[[-123.1373345,49.2940015],[-123.1373353,49.2939948],[-123.137348,49.2939909],[-123.1377988,49.2936985],[-123.1382838,49.2933786]]},"properties":{"id":1374901082,"name":"Park pathway","class":"footway","surface":"concrete","width":3,"bridge":false,"source":"OpenStreetMap"}},{"type":"Feature","geometry":{"type":"LineString","coordinates":[[-123.135965,49.2931156],[-123.1358302,49.2932158]]},"properties":{"id":1374901087,"name":"Park pathway","class":"footway","surface":"asphalt","width":3,"bridge":false,"source":"OpenStreetMap"}},{"type":"Feature","geometry":{"type":"LineString","coordinates":[[-123.135964,49.293293],[-123.1359248,49.2933152],[-123.1355473,49.2935614]]},"properties":{"id":1374901088,"name":"Park pathway","class":"footway","surface":"concrete","width":3,"bridge":false,"source":"OpenStreetMap"}},{"type":"Feature","geometry":{"type":"LineString","coordinates":[[-123.1369821,49.2939687],[-123.136925,49.2940094]]},"properties":{"id":1374901100,"name":"Park pathway","class":"footway","surface":"concrete","width":3,"bridge":false,"source":"OpenStreetMap"}},{"type":"Feature","geometry":{"type":"LineString","coordinates":[[-123.1380323,49.2935443],[-123.1380052,49.2935277]]},"properties":{"id":1374901103,"name":"Park pathway","class":"footway","surface":"concrete","width":3,"bridge":false,"source":"OpenStreetMap"}},{"type":"Feature","geometry":{"type":"LineString","coordinates":[[-123.1380052,49.2935277],[-123.1379764,49.2935099]]},"properties":{"id":1374901104,"name":"Park pathway","class":"steps","surface":null,"width":2,"bridge":false,"source":"OpenStreetMap"}},{"type":"Feature","geometry":{"type":"LineString","coordinates":[[-123.1375897,49.2938342],[-123.1375614,49.2938159]]},"properties":{"id":1374901106,"name":"Park pathway","class":"footway","surface":"concrete","width":3,"bridge":false,"source":"OpenStreetMap"}},{"type":"Feature","geometry":{"type":"LineString","coordinates":[[-123.1375614,49.2938159],[-123.1375508,49.2938095]]},"properties":{"id":1374901107,"name":"Park pathway","class":"steps","surface":null,"width":2,"bridge":false,"source":"OpenStreetMap"}},{"type":"Feature","geometry":{"type":"LineString","coordinates":[[-123.1368707,49.2936993],[-123.1369667,49.2936387]]},"properties":{"id":1374901108,"name":"Park pathway","class":"footway","surface":"concrete","width":3,"bridge":false,"source":"OpenStreetMap"}},{"type":"Feature","geometry":{"type":"LineString","coordinates":[[-123.1376435,49.2929984],[-123.1376092,49.293022]]},"properties":{"id":1374901113,"name":"Park pathway","class":"footway","surface":null,"width":3,"bridge":false,"source":"OpenStreetMap"}},{"type":"Feature","geometry":{"type":"LineString","coordinates":[[-123.1376092,49.293022],[-123.1375748,49.2930455]]},"properties":{"id":1374901114,"name":"Park pathway","class":"steps","surface":null,"width":2,"bridge":false,"source":"OpenStreetMap"}},{"type":"Feature","geometry":{"type":"LineString","coordinates":[[-123.1360965,49.2931888],[-123.1361079,49.29319],[-123.1361135,49.2932065],[-123.1361231,49.293216],[-123.1373128,49.293987],[-123.1373353,49.2939948]]},"properties":{"id":1376547133,"name":"Park pathway","class":"footway","surface":"concrete","width":3,"bridge":false,"source":"OpenStreetMap"}},{"type":"Feature","geometry":{"type":"LineString","coordinates":[[-123.1360965,49.2931888],[-123.135965,49.2931156]]},"properties":{"id":1376547134,"name":"Park pathway","class":"footway","surface":"asphalt","width":3,"bridge":false,"source":"OpenStreetMap"}},{"type":"Feature","geometry":{"type":"LineString","coordinates":[[-123.1354332,49.2934792],[-123.1354526,49.2934738],[-123.1358149,49.2932134]]},"properties":{"id":1376547141,"name":"Park pathway","class":"footway","surface":"concrete","width":3,"bridge":false,"source":"OpenStreetMap"}},{"type":"Feature","geometry":{"type":"LineString","coordinates":[[-123.1358302,49.2932158],[-123.1359242,49.2932932]]},"properties":{"id":1376547142,"name":"Park pathway","class":"footway","surface":"asphalt","width":3,"bridge":false,"source":"OpenStreetMap"}},{"type":"Feature","geometry":{"type":"LineString","coordinates":[[-123.1370221,49.2925782],[-123.1370143,49.2925899],[-123.1366989,49.2927817],[-123.1361196,49.2931652],[-123.1361109,49.2931771],[-123.1361079,49.29319]]},"properties":{"id":1376547146,"name":"Park pathway","class":"footway","surface":"concrete","width":3,"bridge":false,"source":"OpenStreetMap"}},{"type":"Feature","geometry":{"type":"LineString","coordinates":[[-123.136906,49.2925113],[-123.1368946,49.2925115],[-123.1368828,49.2925311],[-123.136717,49.2926331],[-123.1360357,49.2930877],[-123.1359663,49.2930979]]},"properties":{"id":1376547148,"name":"Park pathway","class":"footway","surface":"concrete","width":3,"bridge":false,"source":"OpenStreetMap"}},{"type":"Feature","geometry":{"type":"LineString","coordinates":[[-123.1322908,49.2934535],[-123.1328559,49.2930964],[-123.1328829,49.2930745],[-123.1329011,49.2930749]]},"properties":{"id":1378136123,"name":"Park pathway","class":"footway","surface":"concrete","width":3,"bridge":false,"source":"OpenStreetMap"}},{"type":"Feature","geometry":{"type":"LineString","coordinates":[[-123.1395775,49.2926703],[-123.1399768,49.2929309],[-123.1400429,49.2929464],[-123.140067,49.2929554],[-123.1401039,49.2929839],[-123.1401153,49.293003],[-123.1401183,49.2930207]]},"properties":{"id":1378453977,"name":"Park pathway","class":"footway","surface":"concrete","width":3,"bridge":false,"source":"OpenStreetMap"}},{"type":"Feature","geometry":{"type":"LineString","coordinates":[[-123.1402526,49.2931701],[-123.140993,49.2930444],[-123.1411144,49.2930085],[-123.1417172,49.2929049],[-123.1417509,49.2928774],[-123.1417652,49.2928572]]},"properties":{"id":1378453978,"name":"Park pathway","class":"footway","surface":"concrete","width":3,"bridge":false,"source":"OpenStreetMap"}},{"type":"Feature","geometry":{"type":"LineString","coordinates":[[-123.1510032,49.2960705],[-123.1510058,49.2961073],[-123.1510005,49.2961399],[-123.150985,49.2961707]]},"properties":{"id":1392451638,"name":"Bridle Path","class":"cycleway","surface":"asphalt","width":4,"bridge":false,"source":"OpenStreetMap"}},{"type":"Feature","geometry":{"type":"LineString","coordinates":[[-123.1509627,49.2959928],[-123.1510032,49.2960705]]},"properties":{"id":1392451639,"name":"Bridle Path","class":"cycleway","surface":"asphalt","width":4,"bridge":false,"source":"OpenStreetMap"}},{"type":"Feature","geometry":{"type":"LineString","coordinates":[[-123.1310944,49.3027563],[-123.131075,49.3027549]]},"properties":{"id":1393337281,"name":"Park pathway","class":"steps","surface":null,"width":2,"bridge":false,"source":"OpenStreetMap"}},{"type":"Feature","geometry":{"type":"LineString","coordinates":[[-123.131075,49.3027549],[-123.1308826,49.3027402]]},"properties":{"id":1393337282,"name":"Park pathway","class":"footway","surface":null,"width":3,"bridge":false,"source":"OpenStreetMap"}},{"type":"Feature","geometry":{"type":"LineString","coordinates":[[-123.1311587,49.3027625],[-123.1310944,49.3027563]]},"properties":{"id":1393337283,"name":"Park pathway","class":"footway","surface":null,"width":3,"bridge":false,"source":"OpenStreetMap"}},{"type":"Feature","geometry":{"type":"LineString","coordinates":[[-123.1363905,49.297394],[-123.1363819,49.2973538]]},"properties":{"id":1412030035,"name":"Park pathway","class":"footway","surface":"asphalt","width":3,"bridge":false,"source":"OpenStreetMap"}},{"type":"Feature","geometry":{"type":"LineString","coordinates":[[-123.1364067,49.2974179],[-123.1363929,49.2974051],[-123.1363905,49.297394]]},"properties":{"id":1412030036,"name":"Park pathway","class":"footway","surface":"asphalt","width":3,"bridge":false,"source":"OpenStreetMap"}},{"type":"Feature","geometry":{"type":"LineString","coordinates":[[-123.1373838,49.2942229],[-123.1372869,49.2943045],[-123.1372267,49.2943825],[-123.1372112,49.2944318],[-123.1371802,49.2944945]]},"properties":{"id":1417953337,"name":"Park pathway","class":"footway","surface":"concrete","width":3,"bridge":false,"source":"OpenStreetMap"}},{"type":"Feature","geometry":{"type":"LineString","coordinates":[[-123.1381518,49.2936453],[-123.138215,49.2936043],[-123.1382861,49.2936012],[-123.1383598,49.2935735],[-123.1384153,49.2935786],[-123.1386278,49.2935381]]},"properties":{"id":1417953339,"name":"Park pathway","class":"footway","surface":"concrete","width":3,"bridge":false,"source":"OpenStreetMap"}},{"type":"Feature","geometry":{"type":"LineString","coordinates":[[-123.1385018,49.2940901],[-123.1383617,49.2940439],[-123.1383516,49.294034],[-123.1383542,49.2940175],[-123.1383699,49.2939925],[-123.1386033,49.2939614],[-123.1386131,49.2940114]]},"properties":{"id":1417953340,"name":"Park pathway","class":"footway","surface":"asphalt","width":3,"bridge":false,"source":"OpenStreetMap"}},{"type":"Feature","geometry":{"type":"LineString","coordinates":[[-123.138646,49.2941634],[-123.1385018,49.2940901]]},"properties":{"id":1417953341,"name":"Park pathway","class":"footway","surface":"asphalt","width":3,"bridge":false,"source":"OpenStreetMap"}},{"type":"Feature","geometry":{"type":"LineString","coordinates":[[-123.1385018,49.2940901],[-123.1384847,49.2941358],[-123.1384635,49.2941651],[-123.1384262,49.2941791],[-123.1383787,49.2942031]]},"properties":{"id":1417953342,"name":"Park pathway","class":"footway","surface":null,"width":3,"bridge":false,"source":"OpenStreetMap"}},{"type":"Feature","geometry":{"type":"LineString","coordinates":[[-123.1385018,49.2940901],[-123.1383897,49.2941271],[-123.1383343,49.2941751],[-123.1382873,49.2941967],[-123.1378429,49.2943039],[-123.1378027,49.2943113],[-123.1376451,49.2943317],[-123.1375964,49.2943254],[-123.1375452,49.2943046],[-123.1374993,49.2942713]]},"properties":{"id":1417953343,"name":"Park pathway","class":"cycleway","surface":"asphalt","width":4,"bridge":false,"source":"OpenStreetMap"}},{"type":"Feature","geometry":{"type":"LineString","coordinates":[[-123.1397314,49.2974996],[-123.1395292,49.2974467],[-123.1394633,49.2974359]]},"properties":{"id":1430351355,"name":"Park pathway","class":"footway","surface":null,"width":3,"bridge":false,"source":"OpenStreetMap"}},{"type":"Feature","geometry":{"type":"LineString","coordinates":[[-123.1306039,49.2986949],[-123.1305247,49.2986717]]},"properties":{"id":1432476708,"name":"Brockton Oval Trail","class":"footway","surface":"asphalt","width":3,"bridge":false,"source":"OpenStreetMap"}},{"type":"Feature","geometry":{"type":"LineString","coordinates":[[-123.1480323,49.2935579],[-123.1480716,49.2936417],[-123.1480886,49.2936939],[-123.1481057,49.2937311],[-123.1481193,49.2937894],[-123.1481312,49.2938998],[-123.1481312,49.2939476],[-123.148144,49.2939886],[-123.1482776,49.2941813],[-123.1482861,49.2942096],[-123.1482939,49.2942734]]},"properties":{"id":1456183778,"name":"Park pathway","class":"cycleway","surface":null,"width":4,"bridge":false,"source":"OpenStreetMap"}},{"type":"Feature","geometry":{"type":"LineString","coordinates":[[-123.1427811,49.3123143],[-123.142887,49.3124573],[-123.1430347,49.3125112]]},"properties":{"id":1459153762,"name":"Park pathway","class":"footway","surface":null,"width":3,"bridge":false,"source":"OpenStreetMap"}},{"type":"Feature","geometry":{"type":"LineString","coordinates":[[-123.1489967,49.3105423],[-123.1484131,49.3105949]]},"properties":{"id":1470390544,"name":"Park pathway","class":"footway","surface":"concrete","width":3,"bridge":false,"source":"OpenStreetMap"}},{"type":"Feature","geometry":{"type":"LineString","coordinates":[[-123.1536421,49.300298],[-123.1536792,49.3001861],[-123.1537208,49.3001399],[-123.1538314,49.3000779],[-123.1539505,49.2999909],[-123.1540151,49.2999689],[-123.1540298,49.2999589],[-123.1540613,49.2999251],[-123.1540647,49.2999174],[-123.1540635,49.2999069],[-123.1540548,49.2998913],[-123.1540501,49.299874],[-123.154057,49.299797],[-123.1541019,49.2996769],[-123.1541898,49.2995441],[-123.1542893,49.2994465],[-123.1543317,49.2993799],[-123.1543343,49.2993025],[-123.154234,49.2990722],[-123.1540622,49.2986619],[-123.1537816,49.298314]]},"properties":{"id":1484429935,"name":"Forest trail","class":"path","surface":"ground","width":2,"bridge":false,"source":"OpenStreetMap"}},{"type":"Feature","geometry":{"type":"LineString","coordinates":[[-123.1423516,49.3107619],[-123.1424604,49.3107614],[-123.1425864,49.3107004],[-123.1426111,49.3106444],[-123.1426706,49.310466],[-123.1427419,49.3104201],[-123.1427813,49.3103897],[-123.1428444,49.3103307],[-123.1429011,49.3102997],[-123.1429926,49.3102943],[-123.1430429,49.3103122],[-123.1431129,49.3103453]]},"properties":{"id":1491349399,"name":"Forest trail","class":"path","surface":"dirt","width":2,"bridge":false,"source":"OpenStreetMap"}},{"type":"Feature","geometry":{"type":"LineString","coordinates":[[-123.1426276,49.3105949],[-123.1428328,49.3106654]]},"properties":{"id":1491349400,"name":"Forest trail","class":"path","surface":null,"width":2,"bridge":false,"source":"OpenStreetMap"}},{"type":"Feature","geometry":{"type":"LineString","coordinates":[[-123.1486135,49.3009239],[-123.1485624,49.3007454],[-123.148626,49.3005201],[-123.1486519,49.3003916],[-123.1486336,49.3002026],[-123.1486698,49.3000235],[-123.1486497,49.2998663],[-123.1485672,49.2997015],[-123.1484673,49.2995127],[-123.1482719,49.299393],[-123.1481607,49.2992842],[-123.1481459,49.2990798],[-123.1482168,49.2987249],[-123.1482206,49.298515],[-123.148232,49.2983364]]},"properties":{"id":1493294861,"name":"Park pathway","class":"footway","surface":null,"width":3,"bridge":false,"source":"OpenStreetMap"}},{"type":"Feature","geometry":{"type":"LineString","coordinates":[[-123.1484673,49.2995127],[-123.1486929,49.2996817],[-123.1488835,49.2997847],[-123.1491358,49.2998363],[-123.1493635,49.2999203],[-123.1497101,49.3000009],[-123.1501586,49.3000826],[-123.1505171,49.3001946],[-123.1507449,49.3003757]]},"properties":{"id":1493294862,"name":"Park pathway","class":"footway","surface":null,"width":3,"bridge":false,"source":"OpenStreetMap"}},{"type":"Feature","geometry":{"type":"LineString","coordinates":[[-123.1484673,49.2995127],[-123.1481926,49.299594],[-123.14801,49.2997137],[-123.1479671,49.2998182],[-123.1479523,49.2999684],[-123.1480644,49.3000823],[-123.1480461,49.3002478],[-123.1479345,49.3005338],[-123.1479329,49.3008119]]},"properties":{"id":1493294863,"name":"Park pathway","class":"footway","surface":null,"width":3,"bridge":false,"source":"OpenStreetMap"}},{"type":"Feature","geometry":{"type":"LineString","coordinates":[[-123.1489474,49.2974205],[-123.1487408,49.2973331],[-123.1487192,49.2972474],[-123.1487479,49.2971612],[-123.1488581,49.297094],[-123.1488848,49.2970349],[-123.1488463,49.2969609],[-123.1485561,49.2968297],[-123.1482816,49.2966805],[-123.1479716,49.2965568],[-123.1477225,49.2964717],[-123.1473667,49.2962905],[-123.1473135,49.2961861]]},"properties":{"id":1493294864,"name":"Park pathway","class":"footway","surface":null,"width":3,"bridge":false,"source":"OpenStreetMap"}},{"type":"Feature","geometry":{"type":"LineString","coordinates":[[-123.1537202,49.2983141],[-123.1536842,49.2983689],[-123.1537405,49.2987049],[-123.1536636,49.298817],[-123.1536246,49.2992803],[-123.1536462,49.2993912],[-123.1537096,49.2994608],[-123.153833,49.2994934],[-123.1540315,49.2995065],[-123.1541898,49.2995441]]},"properties":{"id":1494113008,"name":"Forest trail","class":"path","surface":null,"width":2,"bridge":false,"source":"OpenStreetMap"}},{"type":"Feature","geometry":{"type":"LineString","coordinates":[[-123.1536421,49.300298],[-123.1536033,49.3004692],[-123.1534834,49.3005006],[-123.1531567,49.3008981],[-123.1529614,49.3010563],[-123.1527568,49.3011346],[-123.152441,49.3011457],[-123.1520385,49.3011147],[-123.1516856,49.3010457],[-123.1515151,49.3009781],[-123.1514296,49.3009797],[-123.1513405,49.3010334],[-123.1512438,49.3010563],[-123.151161,49.301096],[-123.1511133,49.301167],[-123.1510081,49.30122],[-123.1508544,49.3012533],[-123.1508057,49.3012857],[-123.1507874,49.3013685],[-123.1506427,49.3014379],[-123.1503776,49.3015401],[-123.1501675,49.3016303]]},"properties":{"id":1494113009,"name":"Forest trail","class":"path","surface":null,"width":2,"bridge":false,"source":"OpenStreetMap"}},{"type":"Feature","geometry":{"type":"LineString","coordinates":[[-123.1320797,49.3007895],[-123.1320424,49.3007895]]},"properties":{"id":1495282011,"name":"Park pathway","class":"footway","surface":"concrete","width":3,"bridge":false,"source":"OpenStreetMap"}},{"type":"Feature","geometry":{"type":"LineString","coordinates":[[-123.1321438,49.3000509],[-123.1320975,49.3000309],[-123.1320456,49.3000262],[-123.1319846,49.3000348],[-123.1319348,49.30006],[-123.1318779,49.3000706],[-123.1318241,49.300062]]},"properties":{"id":1495282013,"name":"Park pathway","class":"footway","surface":null,"width":3,"bridge":false,"source":"OpenStreetMap"}},{"type":"Feature","geometry":{"type":"LineString","coordinates":[[-123.1317254,49.3007194],[-123.1316679,49.3006749],[-123.1316191,49.3006435],[-123.1316333,49.3005359],[-123.1315579,49.3004968],[-123.1316549,49.3003807]]},"properties":{"id":1495282016,"name":"Park pathway","class":"footway","surface":null,"width":3,"bridge":false,"source":"OpenStreetMap"}},{"type":"Feature","geometry":{"type":"LineString","coordinates":[[-123.1316549,49.3003807],[-123.1316453,49.3002628]]},"properties":{"id":1495282017,"name":"Park pathway","class":"footway","surface":null,"width":3,"bridge":true,"source":"OpenStreetMap"}},{"type":"Feature","geometry":{"type":"LineString","coordinates":[[-123.1317036,49.3000375],[-123.1316543,49.3000328],[-123.1315324,49.3000355]]},"properties":{"id":1495282018,"name":"Park pathway","class":"footway","surface":null,"width":3,"bridge":false,"source":"OpenStreetMap"}},{"type":"Feature","geometry":{"type":"LineString","coordinates":[[-123.1318241,49.300062],[-123.1317036,49.3000375]]},"properties":{"id":1495282019,"name":"Park pathway","class":"footway","surface":null,"width":3,"bridge":true,"source":"OpenStreetMap"}},{"type":"Feature","geometry":{"type":"LineString","coordinates":[[-123.1302685,49.3010017],[-123.1303431,49.3010578],[-123.1303682,49.3010653],[-123.1304784,49.3010769],[-123.1304848,49.3010561]]},"properties":{"id":1495290854,"name":"Park pathway","class":"footway","surface":null,"width":3,"bridge":false,"source":"OpenStreetMap"}},{"type":"Feature","geometry":{"type":"LineString","coordinates":[[-123.1304784,49.3010769],[-123.1304717,49.3011044]]},"properties":{"id":1495290855,"name":"Park pathway","class":"steps","surface":null,"width":2,"bridge":false,"source":"OpenStreetMap"}},{"type":"Feature","geometry":{"type":"LineString","coordinates":[[-123.1304717,49.3011044],[-123.1304635,49.3011436],[-123.1306796,49.3011566]]},"properties":{"id":1495290856,"name":"Park pathway","class":"footway","surface":null,"width":3,"bridge":false,"source":"OpenStreetMap"}},{"type":"Feature","geometry":{"type":"LineString","coordinates":[[-123.1304848,49.3010561],[-123.1305103,49.3009668]]},"properties":{"id":1495290858,"name":"Park pathway","class":"footway","surface":null,"width":3,"bridge":false,"source":"OpenStreetMap"}},{"type":"Feature","geometry":{"type":"LineString","coordinates":[[-123.1312961,49.3003458],[-123.1312804,49.3003497],[-123.1312472,49.3005987]]},"properties":{"id":1495302923,"name":"Park pathway","class":"footway","surface":null,"width":3,"bridge":false,"source":"OpenStreetMap"}},{"type":"Feature","geometry":{"type":"LineString","coordinates":[[-123.1312203,49.3005968],[-123.13126,49.3005993]]},"properties":{"id":1495302924,"name":"Park pathway","class":"footway","surface":null,"width":3,"bridge":false,"source":"OpenStreetMap"}},{"type":"Feature","geometry":{"type":"LineString","coordinates":[[-123.13126,49.3005993],[-123.1312756,49.3005997],[-123.1313596,49.3005816],[-123.1314122,49.3005617]]},"properties":{"id":1495302925,"name":"Park pathway","class":"footway","surface":"concrete","width":3,"bridge":false,"source":"OpenStreetMap"}},{"type":"Feature","geometry":{"type":"LineString","coordinates":[[-123.131261,49.3004989],[-123.1312307,49.3004978]]},"properties":{"id":1495302926,"name":"Park pathway","class":"footway","surface":null,"width":3,"bridge":false,"source":"OpenStreetMap"}},{"type":"Feature","geometry":{"type":"LineString","coordinates":[[-123.1314122,49.3005617],[-123.1313647,49.300504]]},"properties":{"id":1495302927,"name":"Park pathway","class":"footway","surface":null,"width":3,"bridge":false,"source":"OpenStreetMap"}},{"type":"Feature","geometry":{"type":"LineString","coordinates":[[-123.131556,49.3008434],[-123.1315588,49.3008044]]},"properties":{"id":1495302931,"name":"Park pathway","class":"footway","surface":"wood","width":3,"bridge":false,"source":"OpenStreetMap"}},{"type":"Feature","geometry":{"type":"LineString","coordinates":[[-123.1315122,49.3008026],[-123.1312918,49.3007945]]},"properties":{"id":1495302932,"name":"Park pathway","class":"footway","surface":null,"width":3,"bridge":false,"source":"OpenStreetMap"}},{"type":"Feature","geometry":{"type":"LineString","coordinates":[[-123.1312918,49.3007945],[-123.1312475,49.3007926]]},"properties":{"id":1495302933,"name":"Park pathway","class":"footway","surface":"concrete","width":3,"bridge":false,"source":"OpenStreetMap"}},{"type":"Feature","geometry":{"type":"LineString","coordinates":[[-123.1315588,49.3008044],[-123.1315122,49.3008026]]},"properties":{"id":1495302934,"name":"Park pathway","class":"footway","surface":null,"width":3,"bridge":false,"source":"OpenStreetMap"}},{"type":"Feature","geometry":{"type":"LineString","coordinates":[[-123.1316587,49.3007717],[-123.1315993,49.3008025]]},"properties":{"id":1495302935,"name":"Park pathway","class":"footway","surface":"concrete","width":3,"bridge":false,"source":"OpenStreetMap"}},{"type":"Feature","geometry":{"type":"LineString","coordinates":[[-123.131375,49.3009401],[-123.1313171,49.3009425],[-123.1312795,49.3009251],[-123.1312342,49.3009197]]},"properties":{"id":1495302936,"name":"Park pathway","class":"footway","surface":"concrete","width":3,"bridge":false,"source":"OpenStreetMap"}},{"type":"Feature","geometry":{"type":"LineString","coordinates":[[-123.1314592,49.3007386],[-123.1312544,49.3007313]]},"properties":{"id":1495302937,"name":"Park pathway","class":"footway","surface":"concrete","width":3,"bridge":false,"source":"OpenStreetMap"}},{"type":"Feature","geometry":{"type":"LineString","coordinates":[[-123.1316679,49.3006749],[-123.1316523,49.3006844]]},"properties":{"id":1495302940,"name":"Park pathway","class":"footway","surface":null,"width":3,"bridge":false,"source":"OpenStreetMap"}},{"type":"Feature","geometry":{"type":"LineString","coordinates":[[-123.1534334,49.3070483],[-123.1535276,49.3071164],[-123.153582,49.3071245]]},"properties":{"id":1510327026,"name":"Park pathway","class":"footway","surface":"gravel","width":3,"bridge":false,"source":"OpenStreetMap"}},{"type":"Feature","geometry":{"type":"LineString","coordinates":[[-123.1524168,49.3061909],[-123.1530829,49.3068496],[-123.1532756,49.3069551],[-123.1534099,49.3070586],[-123.1534334,49.3070483]]},"properties":{"id":1510327027,"name":"Forest trail","class":"path","surface":"grass","width":2,"bridge":false,"source":"OpenStreetMap"}},{"type":"Feature","geometry":{"type":"LineString","coordinates":[[-123.1427789,49.2942613],[-123.1427607,49.2942262],[-123.142757,49.2941869],[-123.1427593,49.2941519]]},"properties":{"id":1521957420,"name":"Park pathway","class":"footway","surface":"fine_gravel","width":3,"bridge":false,"source":"OpenStreetMap"}},{"type":"Feature","geometry":{"type":"LineString","coordinates":[[-123.1312966,49.2978343],[-123.1313109,49.2978245],[-123.1313432,49.2978106]]},"properties":{"id":1537151222,"name":"Park pathway","class":"footway","surface":"paving_stones","width":3,"bridge":false,"source":"OpenStreetMap"}},{"type":"Feature","geometry":{"type":"LineString","coordinates":[[-123.1312654,49.2978556],[-123.1312966,49.2978343]]},"properties":{"id":1537151223,"name":"Park pathway","class":"footway","surface":"paving_stones","width":3,"bridge":false,"source":"OpenStreetMap"}},{"type":"Feature","geometry":{"type":"LineString","coordinates":[[-123.1358508,49.2952037],[-123.1358367,49.2952972],[-123.1357819,49.295419],[-123.1357229,49.2955682],[-123.1356877,49.2957148],[-123.1356459,49.2958493],[-123.1356132,49.2959294],[-123.1355553,49.296011],[-123.1354702,49.2961428],[-123.1353659,49.2962644],[-123.1352634,49.2963735],[-123.1350225,49.2965793],[-123.1349273,49.2966473],[-123.1348209,49.2967129],[-123.1346357,49.2967992],[-123.1345028,49.2968563],[-123.1344003,49.2968911],[-123.1343256,49.2969114],[-123.1342044,49.2969278],[-123.1340374,49.2969416]]},"properties":{"id":1550214467,"name":"Park pathway","class":"footway","surface":"asphalt","width":3,"bridge":false,"source":"OpenStreetMap"}}]}