{"type":"FeatureCollection","bbox":[-123.165,49.267,-123.095,49.315],"features":[{"type":"Feature","properties":{"name":"FIR ST","class":"Secondary Arterial","width":14,"source":"cov-public-streets","type":"Secondary Arterial"},"geometry":{"type":"LineString","coordinates":[[-123.1408584,49.2679401],[-123.1408737,49.2675213]]}},{"type":"Feature","properties":{"name":"BALSAM ST","class":"Residential","width":9,"source":"cov-public-streets","type":"Residential"},"geometry":{"type":"LineString","coordinates":[[-123.1598093,49.2700085],[-123.159826,49.2695677]]}},{"type":"Feature","properties":{"name":"BALSAM ST","class":"Residential","width":9,"source":"cov-public-streets","type":"Residential"},"geometry":{"type":"LineString","coordinates":[[-123.1597601,49.271331],[-123.1597764,49.2708901]]}},{"type":"Feature","properties":{"name":"BUTE ST","class":"Residential","width":9,"source":"cov-public-streets","type":"Residential"},"geometry":{"type":"LineString","coordinates":[[-123.1360163,49.2800244],[-123.1365484,49.2796723]]}},{"type":"Feature","properties":{"name":"1100-1200 STATION ST","class":"Residential","width":9,"source":"cov-public-streets","type":"Residential"},"geometry":{"type":"LineString","coordinates":[[-123.0984889,49.274896],[-123.09856,49.2744715],[-123.098645,49.272562]]}},{"type":"Feature","properties":{"name":"ONTARIO ST","class":"Residential","width":9,"source":"cov-public-streets","type":"Residential"},"geometry":{"type":"LineString","coordinates":[[-123.1046954,49.2678378],[-123.1047136,49.2673858]]}},{"type":"Feature","properties":{"name":"LEG-IN-BOOT SQUARE","class":"Residential","width":9,"source":"cov-public-streets","type":"Residential"},"geometry":{"type":"LineString","coordinates":[[-123.1196947,49.2676282],[-123.119402,49.2673651]]}},{"type":"Feature","properties":{"name":"MARKET HILL","class":"Residential","width":9,"source":"cov-public-streets","type":"Residential"},"geometry":{"type":"LineString","coordinates":[[-123.119402,49.2673651],[-123.1194154,49.267]]}},{"type":"Feature","properties":{"name":"LAGOON DRIVE","class":"Residential","width":9,"source":"cov-public-streets","type":"Residential"},"geometry":{"type":"LineString","coordinates":[[-123.1394037,49.293341],[-123.1402489,49.2932008]]}},{"type":"Feature","properties":{"name":"ALBERNI ST","class":"Residential","width":9,"source":"cov-public-streets","type":"Residential"},"geometry":{"type":"LineString","coordinates":[[-123.1343716,49.2921804],[-123.135945,49.2931989]]}},{"type":"Feature","properties":{"name":"W 4TH AV","class":"Arterial","width":18,"source":"cov-public-streets","type":"Arterial"},"geometry":{"type":"LineString","coordinates":[[-123.1428222,49.2679705],[-123.1432292,49.2679768]]}},{"type":"Feature","properties":{"name":"PACIFIC BOULEVARD","class":"Arterial","width":18,"source":"cov-public-streets","type":"Arterial"},"geometry":{"type":"LineString","coordinates":[[-123.121378,49.2740276],[-123.1226987,49.2736922]]}},{"type":"Feature","properties":{"name":"PACIFIC ST","class":"Arterial","width":18,"source":"cov-public-streets","type":"Arterial"},"geometry":{"type":"LineString","coordinates":[[-123.1308617,49.275998],[-123.1313473,49.2763114]]}},{"type":"Feature","properties":{"name":"NELSON ST","class":"Arterial","width":18,"source":"cov-public-streets","type":"Arterial"},"geometry":{"type":"LineString","coordinates":[[-123.1171607,49.2754746],[-123.1181308,49.2761046]]}},{"type":"Feature","properties":{"name":"DUNLEVY AV","class":"Residential","width":9,"source":"cov-public-streets","type":"Residential"},"geometry":{"type":"LineString","coordinates":[[-123.0952919,49.2835619],[-123.0952971,49.2831044]]}},{"type":"Feature","properties":{"name":"GORE AV","class":"Residential","width":9,"source":"cov-public-streets","type":"Residential"},"geometry":{"type":"LineString","coordinates":[[-123.0975442,49.2817942],[-123.0974737,49.2812947]]}},{"type":"Feature","properties":{"name":"DRAKE ST","class":"Residential","width":9,"source":"cov-public-streets","type":"Residential"},"geometry":{"type":"LineString","coordinates":[[-123.1214034,49.2719594],[-123.1225824,49.2727206]]}},{"type":"Feature","properties":{"name":"DRAKE ST","class":"Residential","width":9,"source":"cov-public-streets","type":"Residential"},"geometry":{"type":"LineString","coordinates":[[-123.1225824,49.2727206],[-123.1236925,49.2734397]]}},{"type":"Feature","properties":{"name":"THURLOW ST","class":"Arterial","width":18,"source":"cov-public-streets","type":"Arterial"},"geometry":{"type":"LineString","coordinates":[[-123.1317292,49.280032],[-123.1322605,49.2796804]]}},{"type":"Feature","properties":{"name":"BEATTY ST","class":"Arterial","width":18,"source":"cov-public-streets","type":"Arterial"},"geometry":{"type":"LineString","coordinates":[[-123.1144567,49.2772672],[-123.1155765,49.2765266]]}},{"type":"Feature","properties":{"name":"W GEORGIA ST","class":"Arterial","width":18,"source":"cov-public-streets","type":"Arterial"},"geometry":{"type":"LineString","coordinates":[[-123.1166434,49.2815388],[-123.1171288,49.2818529]]}},{"type":"Feature","properties":{"name":"NELSON ST","class":"Arterial","width":18,"source":"cov-public-streets","type":"Arterial"},"geometry":{"type":"LineString","coordinates":[[-123.1249743,49.2805281],[-123.1259961,49.2811873]]}},{"type":"Feature","properties":{"name":"HAMILTON ST","class":"Arterial","width":18,"source":"cov-public-streets","type":"Arterial"},"geometry":{"type":"LineString","coordinates":[[-123.1142162,49.2799672],[-123.1159219,49.2788395]]}},{"type":"Feature","properties":{"name":"RICHARDS ST","class":"Arterial","width":18,"source":"cov-public-streets","type":"Arterial"},"geometry":{"type":"LineString","coordinates":[[-123.1144493,49.2823547],[-123.1161586,49.2812248]]}},{"type":"Feature","properties":{"name":"BURRARD ST","class":"Arterial","width":18,"source":"cov-public-streets","type":"Arterial"},"geometry":{"type":"LineString","coordinates":[[-123.1286504,49.2794312],[-123.1291811,49.2790801]]}},{"type":"Feature","properties":{"name":"W PENDER ST","class":"Arterial","width":18,"source":"cov-public-streets","type":"Arterial"},"geometry":{"type":"LineString","coordinates":[[-123.115838,49.2853005],[-123.1168091,49.2859283]]}},{"type":"Feature","properties":{"name":"W PENDER ST","class":"Arterial","width":18,"source":"cov-public-streets","type":"Arterial"},"geometry":{"type":"LineString","coordinates":[[-123.1138561,49.2840173],[-123.1148475,49.2846586]]}},{"type":"Feature","properties":{"name":"E 1ST AV","class":"Residential","width":9,"source":"cov-public-streets","type":"Residential"},"geometry":{"type":"LineString","coordinates":[[-123.0973736,49.2683828],[-123.0964014,49.2678313],[-123.0962714,49.2677694],[-123.0961311,49.2677179],[-123.0960204,49.2676865],[-123.0959409,49.2676687],[-123.0958184,49.267649],[-123.0957353,49.2676406],[-123.0956094,49.2676353],[-123.095,49.2676306]]}},{"type":"Feature","properties":{"name":"CAMBIE ST","class":"Arterial","width":18,"source":"cov-public-streets","type":"Arterial"},"geometry":{"type":"LineString","coordinates":[[-123.109119,49.2835187],[-123.109183,49.2833683]]}},{"type":"Feature","properties":{"name":"WATER ST","class":"Arterial","width":18,"source":"cov-public-streets","type":"Arterial"},"geometry":{"type":"LineString","coordinates":[[-123.1042618,49.2834967],[-123.1063833,49.283885]]}},{"type":"Feature","properties":{"name":"W HASTINGS ST","class":"Arterial","width":18,"source":"cov-public-streets","type":"Arterial"},"geometry":{"type":"LineString","coordinates":[[-123.1138663,49.2853073],[-123.1148572,49.2859499]]}},{"type":"Feature","properties":{"name":"ROBSON ST","class":"Arterial","width":18,"source":"cov-public-streets","type":"Arterial"},"geometry":{"type":"LineString","coordinates":[[-123.1269797,49.2860047],[-123.1279092,49.2866066]]}},{"type":"Feature","properties":{"name":"HARO ST","class":"Residential","width":9,"source":"cov-public-streets","type":"Residential"},"geometry":{"type":"LineString","coordinates":[[-123.1296151,49.2863191],[-123.1309918,49.2872103]]}},{"type":"Feature","properties":{"name":"NELSON ST","class":"Residential","width":9,"source":"cov-public-streets","type":"Residential"},"geometry":{"type":"LineString","coordinates":[[-123.1280093,49.2824919],[-123.1301713,49.2838929]]}},{"type":"Feature","properties":{"name":"800-900 BUTE ST","class":"Residential","width":9,"source":"cov-public-streets","type":"Residential"},"geometry":{"type":"LineString","coordinates":[[-123.1285744,49.2849495],[-123.1291059,49.2845978]]}},{"type":"Feature","properties":{"name":"SEYMOUR ST","class":"Arterial","width":18,"source":"cov-public-streets","type":"Arterial"},"geometry":{"type":"LineString","coordinates":[[-123.1154202,49.2829824],[-123.1159148,49.2826555]]}},{"type":"Feature","properties":{"name":"BURNABY ST","class":"Residential","width":9,"source":"cov-public-streets","type":"Residential"},"geometry":{"type":"LineString","coordinates":[[-123.1344225,49.2810796],[-123.13599,49.282102]]}},{"type":"Feature","properties":{"name":"FORGE WALK","class":"Residential","width":9,"source":"cov-public-streets","type":"Residential"},"geometry":{"type":"LineString","coordinates":[[-123.1290205,49.2670058],[-123.1299558,49.2672597],[-123.1302424,49.2675318],[-123.1304331,49.2675349]]}},{"type":"Feature","properties":{"name":"W 2ND AV","class":"Residential","width":9,"source":"cov-public-streets","type":"Residential"},"geometry":{"type":"LineString","coordinates":[[-123.1407917,49.2697037],[-123.143162,49.2697418]]}},{"type":"Feature","properties":{"name":"ISLAND PARK WALK","class":"Residential","width":9,"source":"cov-public-streets","type":"Residential"},"geometry":{"type":"LineString","coordinates":[[-123.1359829,49.2694963],[-123.1361505,49.2696264],[-123.1364006,49.269774],[-123.1369622,49.2697127],[-123.1370827,49.269792],[-123.1371449,49.2699066]]}},{"type":"Feature","properties":{"name":"GRANVILLE ST","class":"Arterial","width":18,"source":"cov-public-streets","type":"Arterial"},"geometry":{"type":"LineString","coordinates":[[-123.1261986,49.2771505],[-123.1277921,49.2760952]]}},{"type":"Feature","properties":{"name":"HORNBY ST","class":"Arterial","width":18,"source":"cov-public-streets","type":"Arterial"},"geometry":{"type":"LineString","coordinates":[[-123.1297551,49.2773656],[-123.1313473,49.2763114]]}},{"type":"Feature","properties":{"name":"QUEBEC ST","class":"Residential","width":9,"source":"cov-public-streets","type":"Residential"},"geometry":{"type":"LineString","coordinates":[[-123.1027012,49.2692044],[-123.1027226,49.2687072]]}},{"type":"Feature","properties":{"name":"W 4TH AV","class":"Residential","width":9,"source":"cov-public-streets","type":"Residential"},"geometry":{"type":"LineString","coordinates":[[-123.1066484,49.2674203],[-123.1094279,49.2674715]]}},{"type":"Feature","properties":{"name":"FERRY ROW","class":"Residential","width":9,"source":"cov-public-streets","type":"Residential"},"geometry":{"type":"LineString","coordinates":[[-123.1208619,49.2676474],[-123.1211293,49.2672243]]}},{"type":"Feature","properties":{"name":"1100-1300 MAIN ST","class":"Arterial","width":18,"source":"cov-public-streets","type":"Arterial"},"geometry":{"type":"LineString","coordinates":[[-123.0999328,49.2749236],[-123.100028,49.2727763]]}},{"type":"Feature","properties":{"name":"NATIONAL AV","class":"Residential","width":9,"source":"cov-public-streets","type":"Residential"},"geometry":{"type":"LineString","coordinates":[[-123.0999328,49.2749236],[-123.0990996,49.2749068]]}},{"type":"Feature","properties":{"name":"SCOTIA ST","class":"Residential","width":9,"source":"cov-public-streets","type":"Residential"},"geometry":{"type":"LineString","coordinates":[[-123.0977633,49.2680912],[-123.0982009,49.2677638]]}},{"type":"Feature","properties":{"name":"SCOTIA ST","class":"Residential","width":9,"source":"cov-public-streets","type":"Residential"},"geometry":{"type":"LineString","coordinates":[[-123.0973736,49.2683828],[-123.0977633,49.2680912]]}},{"type":"Feature","properties":{"name":"E 1ST AV","class":"Residential","width":9,"source":"cov-public-streets","type":"Residential"},"geometry":{"type":"LineString","coordinates":[[-123.0988302,49.2692168],[-123.0973736,49.2683828]]}},{"type":"Feature","properties":{"name":"ISLAND PARK WALK","class":"Residential","width":9,"source":"cov-public-streets","type":"Residential"},"geometry":{"type":"LineString","coordinates":[[-123.1327531,49.2677059],[-123.1330177,49.2677768],[-123.1332247,49.2680249],[-123.1336229,49.2681244]]}},{"type":"Feature","properties":{"name":"ARBUTUS ST","class":"Residential","width":9,"source":"cov-public-streets","type":"Residential"},"geometry":{"type":"LineString","coordinates":[[-123.1527985,49.2672739],[-123.1528084,49.267]]}},{"type":"Feature","properties":{"name":"CORNWALL AV","class":"Arterial","width":18,"source":"cov-public-streets","type":"Arterial"},"geometry":{"type":"LineString","coordinates":[[-123.1502042,49.2725019],[-123.1508263,49.2725119]]}},{"type":"Feature","properties":{"name":"W 4TH AV","class":"Arterial","width":18,"source":"cov-public-streets","type":"Arterial"},"geometry":{"type":"LineString","coordinates":[[-123.1391077,49.2679104],[-123.1408584,49.2679401]]}},{"type":"Feature","properties":{"name":"POINT GREY ROAD","class":"Arterial","width":18,"source":"cov-public-streets","type":"Arterial"},"geometry":{"type":"LineString","coordinates":[[-123.1643603,49.2727384],[-123.164555,49.2727406],[-123.1646989,49.2727335],[-123.1648408,49.2727166],[-123.165,49.2726852]]}},{"type":"Feature","properties":{"name":"MAIN ST","class":"Arterial","width":18,"source":"cov-public-streets","type":"Arterial"},"geometry":{"type":"LineString","coordinates":[[-123.1006575,49.2701172],[-123.1006765,49.2696652]]}},{"type":"Feature","properties":{"name":"TRAFALGAR ST","class":"Residential","width":9,"source":"cov-public-streets","type":"Residential"},"geometry":{"type":"LineString","coordinates":[[-123.1645031,49.2687512],[-123.1645186,49.2683169]]}},{"type":"Feature","properties":{"name":"TRAFALGAR ST","class":"Residential","width":9,"source":"cov-public-streets","type":"Residential"},"geometry":{"type":"LineString","coordinates":[[-123.164487,49.269203],[-123.1645031,49.2687512]]}},{"type":"Feature","properties":{"name":"BALSAM ST","class":"Residential","width":9,"source":"cov-public-streets","type":"Residential"},"geometry":{"type":"LineString","coordinates":[[-123.1599067,49.2673867],[-123.1599216,49.267]]}},{"type":"Feature","properties":{"name":"CHILCO ST","class":"Residential","width":9,"source":"cov-public-streets","type":"Residential"},"geometry":{"type":"LineString","coordinates":[[-123.1436944,49.2898664],[-123.1442752,49.2894824]]}},{"type":"Feature","properties":{"name":"1000-1100 DENMAN ST","class":"Arterial","width":18,"source":"cov-public-streets","type":"Arterial"},"geometry":{"type":"LineString","coordinates":[[-123.1396836,49.2886618],[-123.1402156,49.2883097]]}},{"type":"Feature","properties":{"name":"CHILCO ST","class":"Residential","width":9,"source":"cov-public-streets","type":"Residential"},"geometry":{"type":"LineString","coordinates":[[-123.1373209,49.2940892],[-123.1378517,49.293737]]}},{"type":"Feature","properties":{"name":"GILFORD ST","class":"Residential","width":9,"source":"cov-public-streets","type":"Residential"},"geometry":{"type":"LineString","coordinates":[[-123.135945,49.2931989],[-123.1364756,49.2928467]]}},{"type":"Feature","properties":{"name":"DUNLEVY AV","class":"Residential","width":9,"source":"cov-public-streets","type":"Residential"},"geometry":{"type":"LineString","coordinates":[[-123.0952082,49.28535],[-123.0952278,49.284872]]}},{"type":"Feature","properties":{"name":"GORE AV","class":"Residential","width":9,"source":"cov-public-streets","type":"Residential"},"geometry":{"type":"LineString","coordinates":[[-123.0972725,49.2798906],[-123.0972111,49.279435]]}},{"type":"Feature","properties":{"name":"KEEFER ST","class":"Arterial","width":18,"source":"cov-public-streets","type":"Arterial"},"geometry":{"type":"LineString","coordinates":[[-123.1044394,49.2792457],[-123.1024773,49.2792113],[-123.102216,49.2792735]]}},{"type":"Feature","properties":{"name":"W PENDER ST","class":"Arterial","width":18,"source":"cov-public-streets","type":"Arterial"},"geometry":{"type":"LineString","coordinates":[[-123.1056063,49.2807204],[-123.1057699,49.2807502]]}},{"type":"Feature","properties":{"name":"ABBOTT ST","class":"Arterial","width":18,"source":"cov-public-streets","type":"Arterial"},"geometry":{"type":"LineString","coordinates":[[-123.1076172,49.2797071],[-123.1076198,49.2786476]]}},{"type":"Feature","properties":{"name":"TROUNCE ALLEY","class":"Residential","width":9,"source":"cov-public-streets","type":"Residential"},"geometry":{"type":"LineString","coordinates":[[-123.1042839,49.2829713],[-123.1047002,49.2830471]]}},{"type":"Feature","properties":{"name":"CROWE ST","class":"Residential","width":9,"source":"cov-public-streets","type":"Residential"},"geometry":{"type":"LineString","coordinates":[[-123.1119665,49.2686654],[-123.1115106,49.2682674]]}},{"type":"Feature","properties":{"name":"E 2ND AV","class":"Arterial","width":18,"source":"cov-public-streets","type":"Arterial"},"geometry":{"type":"LineString","coordinates":[[-123.0982009,49.2677638],[-123.0973605,49.2672837],[-123.0971516,49.2671733]]}},{"type":"Feature","properties":{"name":"INDUSTRIAL AV","class":"Residential","width":9,"source":"cov-public-streets","type":"Residential"},"geometry":{"type":"LineString","coordinates":[[-123.0980776,49.2698804],[-123.0964049,49.2695983]]}},{"type":"Feature","properties":{"name":"W 4TH AV","class":"Residential","width":9,"source":"cov-public-streets","type":"Residential"},"geometry":{"type":"LineString","coordinates":[[-123.1119214,49.2675186],[-123.1127068,49.2675336]]}},{"type":"Feature","properties":{"name":"SCOTIA ST","class":"Residential","width":9,"source":"cov-public-streets","type":"Residential"},"geometry":{"type":"LineString","coordinates":[[-123.0982009,49.2677638],[-123.0987289,49.2673685]]}},{"type":"Feature","properties":{"name":"HELMCKEN ST","class":"Arterial","width":18,"source":"cov-public-streets","type":"Arterial"},"geometry":{"type":"LineString","coordinates":[[-123.1240998,49.2778766],[-123.1246064,49.2782042]]}},{"type":"Feature","properties":{"name":"CARDERO ST","class":"Arterial","width":18,"source":"cov-public-streets","type":"Arterial"},"geometry":{"type":"LineString","coordinates":[[-123.1298717,49.2910421],[-123.1305973,49.2905612]]}},{"type":"Feature","properties":{"name":"BROUGHTON ST","class":"Residential","width":9,"source":"cov-public-streets","type":"Residential"},"geometry":{"type":"LineString","coordinates":[[-123.1261975,49.2903824],[-123.1268026,49.2899837]]}},{"type":"Feature","properties":{"name":"PACIFIC BOULEVARD","class":"Arterial","width":18,"source":"cov-public-streets","type":"Arterial"},"geometry":{"type":"LineString","coordinates":[[-123.1226987,49.2736922],[-123.1236925,49.2734397]]}},{"type":"Feature","properties":{"name":"W CORDOVA ST","class":"Residential","width":9,"source":"cov-public-streets","type":"Residential"},"geometry":{"type":"LineString","coordinates":[[-123.1162355,49.2876434],[-123.1191395,49.288359]]}},{"type":"Feature","properties":{"name":"HELMCKEN ST","class":"Arterial","width":18,"source":"cov-public-streets","type":"Arterial"},"geometry":{"type":"LineString","coordinates":[[-123.1221572,49.2766198],[-123.1226424,49.276934]]}},{"type":"Feature","properties":{"name":"SMITHE ST","class":"Arterial","width":18,"source":"cov-public-streets","type":"Arterial"},"geometry":{"type":"LineString","coordinates":[[-123.1224139,49.280953],[-123.1233829,49.2815806]]}},{"type":"Feature","properties":{"name":"W GEORGIA ST","class":"Arterial","width":18,"source":"cov-public-streets","type":"Arterial"},"geometry":{"type":"LineString","coordinates":[[-123.115187,49.2805965],[-123.1156726,49.2809106]]}},{"type":"Feature","properties":{"name":"SEYMOUR ST","class":"Arterial","width":18,"source":"cov-public-streets","type":"Arterial"},"geometry":{"type":"LineString","coordinates":[[-123.1204281,49.2796687],[-123.1220219,49.2786161]]}},{"type":"Feature","properties":{"name":"THURLOW ST","class":"Arterial","width":18,"source":"cov-public-streets","type":"Arterial"},"geometry":{"type":"LineString","coordinates":[[-123.1280093,49.2824919],[-123.1285382,49.282142]]}},{"type":"Feature","properties":{"name":"1000-1100 THURLOW ST","class":"Arterial","width":18,"source":"cov-public-streets","type":"Arterial"},"geometry":{"type":"LineString","coordinates":[[-123.1290696,49.2817904],[-123.129602,49.2814381]]}},{"type":"Feature","properties":{"name":"ROBSON ST","class":"Arterial","width":18,"source":"cov-public-streets","type":"Arterial"},"geometry":{"type":"LineString","coordinates":[[-123.1228089,49.2832957],[-123.12482,49.284602]]}},{"type":"Feature","properties":{"name":"DUNSMUIR ST","class":"Arterial","width":18,"source":"cov-public-streets","type":"Arterial"},"geometry":{"type":"LineString","coordinates":[[-123.1154202,49.2829824],[-123.1159062,49.2832967]]}},{"type":"Feature","properties":{"name":"NELSON ST","class":"Residential","width":9,"source":"cov-public-streets","type":"Residential"},"geometry":{"type":"LineString","coordinates":[[-123.1304563,49.2840775],[-123.1317427,49.284911]]}},{"type":"Feature","properties":{"name":"BARCLAY ST","class":"Residential","width":9,"source":"cov-public-streets","type":"Residential"},"geometry":{"type":"LineString","coordinates":[[-123.1306782,49.2856157],[-123.1320552,49.2865062]]}},{"type":"Feature","properties":{"name":"JERVIS ST","class":"Residential","width":9,"source":"cov-public-streets","type":"Residential"},"geometry":{"type":"LineString","coordinates":[[-123.1322733,49.2845598],[-123.1328046,49.284208]]}},{"type":"Feature","properties":{"name":"DENMAN ST","class":"Arterial","width":18,"source":"cov-public-streets","type":"Arterial"},"geometry":{"type":"LineString","coordinates":[[-123.1418096,49.2872536],[-123.1423753,49.286879]]}},{"type":"Feature","properties":{"name":"1000-1100 NICOLA ST","class":"Residential","width":9,"source":"cov-public-streets","type":"Residential"},"geometry":{"type":"LineString","coordinates":[[-123.1358911,49.2855098],[-123.1364228,49.285158]]}},{"type":"Feature","properties":{"name":"JERVIS ST","class":"Residential","width":9,"source":"cov-public-streets","type":"Residential"},"geometry":{"type":"LineString","coordinates":[[-123.1344019,49.2831518],[-123.1349319,49.2828015]]}},{"type":"Feature","properties":{"name":"PACIFIC ST","class":"Arterial","width":18,"source":"cov-public-streets","type":"Arterial"},"geometry":{"type":"LineString","coordinates":[[-123.1279569,49.2740534],[-123.1284338,49.2743727]]}},{"type":"Feature","properties":{"name":"HAMILTON ST","class":"Arterial","width":18,"source":"cov-public-streets","type":"Arterial"},"geometry":{"type":"LineString","coordinates":[[-123.1242575,49.2738749],[-123.1243105,49.27384]]}},{"type":"Feature","properties":{"name":"PACIFIC ST","class":"Arterial","width":18,"source":"cov-public-streets","type":"Arterial"},"geometry":{"type":"LineString","coordinates":[[-123.1259031,49.273081],[-123.1259529,49.2730861],[-123.1261915,49.2731276],[-123.1264222,49.2731853],[-123.1265173,49.2732168]]}},{"type":"Feature","properties":{"name":"300-400 BEACH CRESCENT","class":"Residential","width":9,"source":"cov-public-streets","type":"Residential"},"geometry":{"type":"LineString","coordinates":[[-123.1279664,49.272257],[-123.1280794,49.2723302],[-123.1281227,49.2723637],[-123.1281696,49.2724154],[-123.1281986,49.2724668],[-123.1282134,49.2725208],[-123.1282138,49.2725756],[-123.1282016,49.2726243],[-123.128162,49.2727062],[-123.1281448,49.2727622],[-123.128138,49.2728273],[-123.1281451,49.2728923],[-123.1281565,49.2729324],[-123.1281695,49.272964],[-123.1281904,49.2730024],[-123.1282164,49.2730395],[-123.1282751,49.273102],[-123.1283501,49.2731591]]}},{"type":"Feature","properties":{"name":"RICHARDS ST","class":"Arterial","width":18,"source":"cov-public-streets","type":"Arterial"},"geometry":{"type":"LineString","coordinates":[[-123.1119042,49.2840376],[-123.1124054,49.2837064]]}},{"type":"Feature","properties":{"name":"RICHARDS ST","class":"Arterial","width":18,"source":"cov-public-streets","type":"Arterial"},"geometry":{"type":"LineString","coordinates":[[-123.1124054,49.2837064],[-123.1128853,49.283389]]}},{"type":"Feature","properties":{"name":"SEYMOUR ST","class":"Arterial","width":18,"source":"cov-public-streets","type":"Arterial"},"geometry":{"type":"LineString","coordinates":[[-123.1123781,49.2850011],[-123.1128751,49.284666]]}},{"type":"Feature","properties":{"name":"HORNBY ST","class":"Arterial","width":18,"source":"cov-public-streets","type":"Arterial"},"geometry":{"type":"LineString","coordinates":[[-123.1189252,49.2845297],[-123.1200827,49.2837645]]}},{"type":"Feature","properties":{"name":"THURLOW ST","class":"Arterial","width":18,"source":"cov-public-streets","type":"Arterial"},"geometry":{"type":"LineString","coordinates":[[-123.1225399,49.28611],[-123.1231234,49.2857245]]}},{"type":"Feature","properties":{"name":"THURLOW ST","class":"Arterial","width":18,"source":"cov-public-streets","type":"Arterial"},"geometry":{"type":"LineString","coordinates":[[-123.1197838,49.2879334],[-123.1204069,49.2875203]]}},{"type":"Feature","properties":{"name":"W PENDER ST","class":"Arterial","width":18,"source":"cov-public-streets","type":"Arterial"},"geometry":{"type":"LineString","coordinates":[[-123.1204069,49.2875203],[-123.1233727,49.2883916]]}},{"type":"Feature","properties":{"name":"CARDERO ST","class":"Arterial","width":18,"source":"cov-public-streets","type":"Arterial"},"geometry":{"type":"LineString","coordinates":[[-123.1305973,49.2905612],[-123.131226,49.2901446]]}},{"type":"Feature","properties":{"name":"QUEBEC ST","class":"Residential","width":9,"source":"cov-public-streets","type":"Residential"},"geometry":{"type":"LineString","coordinates":[[-123.1027788,49.2673506],[-123.1027936,49.267]]}},{"type":"Feature","properties":{"name":"QUEBEC ST","class":"Residential","width":9,"source":"cov-public-streets","type":"Residential"},"geometry":{"type":"LineString","coordinates":[[-123.1027598,49.2678027],[-123.1027788,49.2673506]]}},{"type":"Feature","properties":{"name":"QUEBEC ST","class":"Secondary Arterial","width":14,"source":"cov-public-streets","type":"Secondary Arterial"},"geometry":{"type":"LineString","coordinates":[[-123.1026807,49.2697016],[-123.1027012,49.2692044]]}},{"type":"Feature","properties":{"name":"W 1ST AV","class":"Residential","width":9,"source":"cov-public-streets","type":"Residential"},"geometry":{"type":"LineString","coordinates":[[-123.1123818,49.2690268],[-123.1139292,49.2682666]]}},{"type":"Feature","properties":{"name":"MANITOBA ST","class":"Residential","width":9,"source":"cov-public-streets","type":"Residential"},"geometry":{"type":"LineString","coordinates":[[-123.1065525,49.2697718],[-123.1065726,49.269274]]}},{"type":"Feature","properties":{"name":"COLUMBIA ST","class":"Residential","width":9,"source":"cov-public-streets","type":"Residential"},"geometry":{"type":"LineString","coordinates":[[-123.1094187,49.2692956],[-123.1094211,49.2688295]]}},{"type":"Feature","properties":{"name":"SITKA SQUARE","class":"Residential","width":9,"source":"cov-public-streets","type":"Residential"},"geometry":{"type":"LineString","coordinates":[[-123.1290205,49.2670058],[-123.1290207,49.267]]}},{"type":"Feature","properties":{"name":"W 2ND AV","class":"Residential","width":9,"source":"cov-public-streets","type":"Residential"},"geometry":{"type":"LineString","coordinates":[[-123.1503003,49.2698555],[-123.1527003,49.2698938]]}},{"type":"Feature","properties":{"name":"STATION ST","class":"Residential","width":9,"source":"cov-public-streets","type":"Residential"},"geometry":{"type":"LineString","coordinates":[[-123.0980574,49.2718131],[-123.0980631,49.2712838]]}},{"type":"Feature","properties":{"name":"BURRARD ST","class":"Arterial","width":18,"source":"cov-public-streets","type":"Arterial"},"geometry":{"type":"LineString","coordinates":[[-123.1455811,49.2693438],[-123.1456172,49.2688984]]}},{"type":"Feature","properties":{"name":"YEW ST","class":"Residential","width":9,"source":"cov-public-streets","type":"Residential"},"geometry":{"type":"LineString","coordinates":[[-123.1550696,49.2699329],[-123.1550859,49.269492]]}},{"type":"Feature","properties":{"name":"YORK AV","class":"Residential","width":9,"source":"cov-public-streets","type":"Residential"},"geometry":{"type":"LineString","coordinates":[[-123.1649457,49.2718903],[-123.165,49.2718911]]}},{"type":"Feature","properties":{"name":"W 5TH AV","class":"Residential","width":9,"source":"cov-public-streets","type":"Residential"},"geometry":{"type":"LineString","coordinates":[[-123.1599067,49.2673867],[-123.1622759,49.2674241]]}},{"type":"Feature","properties":{"name":"JERVIS ST","class":"Residential","width":9,"source":"cov-public-streets","type":"Residential"},"geometry":{"type":"LineString","coordinates":[[-123.1239332,49.2900778],[-123.12491,49.2894316]]}},{"type":"Feature","properties":{"name":"THURLOW ST","class":"Residential","width":9,"source":"cov-public-streets","type":"Residential"},"geometry":{"type":"LineString","coordinates":[[-123.1182379,49.2888487],[-123.1183048,49.2888372],[-123.118364,49.2888182],[-123.1184713,49.2887668],[-123.1185838,49.2887081],[-123.1187991,49.2885831],[-123.1191395,49.288359]]}},{"type":"Feature","properties":{"name":"ALDER BAY COURT","class":"Residential","width":9,"source":"cov-public-streets","type":"Residential"},"geometry":{"type":"LineString","coordinates":[[-123.1331606,49.267171],[-123.1332674,49.267]]}},{"type":"Feature","properties":{"name":"SMITHE ST","class":"Arterial","width":18,"source":"cov-public-streets","type":"Arterial"},"geometry":{"type":"LineString","coordinates":[[-123.1165452,49.277156],[-123.1170321,49.277471]]}},{"type":"Feature","properties":{"name":"DAVIE ST","class":"Arterial","width":18,"source":"cov-public-streets","type":"Arterial"},"geometry":{"type":"LineString","coordinates":[[-123.1252068,49.2765089],[-123.125692,49.2768228]]}},{"type":"Feature","properties":{"name":"DUNSMUIR ST","class":"Arterial","width":18,"source":"cov-public-streets","type":"Arterial"},"geometry":{"type":"LineString","coordinates":[[-123.1144493,49.2823547],[-123.1149346,49.2826686]]}},{"type":"Feature","properties":{"name":"COMOX ST","class":"Residential","width":9,"source":"cov-public-streets","type":"Residential"},"geometry":{"type":"LineString","coordinates":[[-123.1270559,49.2804862],[-123.1290696,49.2817904]]}},{"type":"Feature","properties":{"name":"HELMCKEN ST","class":"Arterial","width":18,"source":"cov-public-streets","type":"Arterial"},"geometry":{"type":"LineString","coordinates":[[-123.1265689,49.2794733],[-123.1270547,49.2797874]]}},{"type":"Feature","properties":{"name":"THURLOW ST","class":"Arterial","width":18,"source":"cov-public-streets","type":"Arterial"},"geometry":{"type":"LineString","coordinates":[[-123.1285382,49.282142],[-123.1290696,49.2817904]]}},{"type":"Feature","properties":{"name":"W CORDOVA ST","class":"Arterial","width":18,"source":"cov-public-streets","type":"Arterial"},"geometry":{"type":"LineString","coordinates":[[-123.1118938,49.2853149],[-123.1128845,49.2859566]]}},{"type":"Feature","properties":{"name":"COMOX ST","class":"Residential","width":9,"source":"cov-public-streets","type":"Residential"},"geometry":{"type":"LineString","coordinates":[[-123.1312326,49.2831905],[-123.1328046,49.284208]]}},{"type":"Feature","properties":{"name":"BARCLAY ST","class":"Residential","width":9,"source":"cov-public-streets","type":"Residential"},"geometry":{"type":"LineString","coordinates":[[-123.1320552,49.2865062],[-123.1332334,49.2872687]]}},{"type":"Feature","properties":{"name":"BURRARD ST","class":"Arterial","width":18,"source":"cov-public-streets","type":"Arterial"},"geometry":{"type":"LineString","coordinates":[[-123.1199915,49.2851587],[-123.1211101,49.2844195]]}},{"type":"Feature","properties":{"name":"JERVIS ST","class":"Residential","width":9,"source":"cov-public-streets","type":"Residential"},"geometry":{"type":"LineString","coordinates":[[-123.1312107,49.2852632],[-123.1317427,49.284911]]}},{"type":"Feature","properties":{"name":"BUTE ST","class":"Residential","width":9,"source":"cov-public-streets","type":"Residential"},"geometry":{"type":"LineString","coordinates":[[-123.1296382,49.2842456],[-123.1301713,49.2838929]]}},{"type":"Feature","properties":{"name":"THURLOW ST","class":"Arterial","width":18,"source":"cov-public-streets","type":"Arterial"},"geometry":{"type":"LineString","coordinates":[[-123.1333237,49.2789771],[-123.1338557,49.2786248]]}},{"type":"Feature","properties":{"name":"BIDWELL ST","class":"Residential","width":9,"source":"cov-public-streets","type":"Residential"},"geometry":{"type":"LineString","coordinates":[[-123.1391747,49.2869396],[-123.139706,49.2865877]]}},{"type":"Feature","properties":{"name":"HORNBY ST","class":"Arterial","width":18,"source":"cov-public-streets","type":"Arterial"},"geometry":{"type":"LineString","coordinates":[[-123.1183743,49.284894],[-123.1189252,49.2845297]]}},{"type":"Feature","properties":{"name":"BEACH AV","class":"Arterial","width":18,"source":"cov-public-streets","type":"Arterial"},"geometry":{"type":"LineString","coordinates":[[-123.1428993,49.2885912],[-123.1442752,49.2894824]]}},{"type":"Feature","properties":{"name":"MAPLE ST","class":"Residential","width":9,"source":"cov-public-streets","type":"Residential"},"geometry":{"type":"LineString","coordinates":[[-123.1500418,49.2767417],[-123.1500604,49.2762551]]}},{"type":"Feature","properties":{"name":"LAGOON DRIVE","class":"Residential","width":9,"source":"cov-public-streets","type":"Residential"},"geometry":{"type":"LineString","coordinates":[[-123.1411066,49.2930687],[-123.1415873,49.2929881],[-123.1418233,49.2928385]]}},{"type":"Feature","properties":{"name":"THURLOW ST","class":"Residential","width":9,"source":"cov-public-streets","type":"Residential"},"geometry":{"type":"LineString","coordinates":[[-123.1191395,49.288359],[-123.1197838,49.2879334]]}},{"type":"Feature","properties":{"name":"JERVIS ST","class":"Arterial","width":18,"source":"cov-public-streets","type":"Arterial"},"geometry":{"type":"LineString","coordinates":[[-123.12491,49.2894316],[-123.1255217,49.2890271]]}},{"type":"Feature","properties":{"name":"1000-1100 CHILCO ST","class":"Residential","width":9,"source":"cov-public-streets","type":"Residential"},"geometry":{"type":"LineString","coordinates":[[-123.1431634,49.2902177],[-123.1436944,49.2898664]]}},{"type":"Feature","properties":{"name":"DUNLEVY AV","class":"Residential","width":9,"source":"cov-public-streets","type":"Residential"},"geometry":{"type":"LineString","coordinates":[[-123.0952971,49.2831044],[-123.0953223,49.2826579]]}},{"type":"Feature","properties":{"name":"LAMEY'S MILL ROAD","class":"Residential","width":9,"source":"cov-public-streets","type":"Residential"},"geometry":{"type":"LineString","coordinates":[[-123.1333611,49.267],[-123.1335949,49.2670577]]}},{"type":"Feature","properties":{"name":"LAMEY'S MILL ROAD","class":"Residential","width":9,"source":"cov-public-streets","type":"Residential"},"geometry":{"type":"LineString","coordinates":[[-123.1365403,49.2680628],[-123.1367195,49.2681916],[-123.1369135,49.2683455],[-123.1370358,49.2684518],[-123.1374056,49.2687963]]}},{"type":"Feature","properties":{"name":"STAMP'S LANDING","class":"Residential","width":9,"source":"cov-public-streets","type":"Residential"},"geometry":{"type":"LineString","coordinates":[[-123.1180658,49.2686774],[-123.1182599,49.2686806]]}},{"type":"Feature","properties":{"name":"CARRALL ST","class":"Arterial","width":18,"source":"cov-public-streets","type":"Arterial"},"geometry":{"type":"LineString","coordinates":[[-123.1043682,49.280926],[-123.1043865,49.2804993]]}},{"type":"Feature","properties":{"name":"ABBOTT ST","class":"Arterial","width":18,"source":"cov-public-streets","type":"Arterial"},"geometry":{"type":"LineString","coordinates":[[-123.1075727,49.2810782],[-123.1076104,49.280898],[-123.1076143,49.2805926]]}},{"type":"Feature","properties":{"name":"HAMILTON ST","class":"Arterial","width":18,"source":"cov-public-streets","type":"Arterial"},"geometry":{"type":"LineString","coordinates":[[-123.1109587,49.2821322],[-123.1114229,49.2818152]]}},{"type":"Feature","properties":{"name":"MAIN ST","class":"Arterial","width":18,"source":"cov-public-streets","type":"Arterial"},"geometry":{"type":"LineString","coordinates":[[-123.0998124,49.2776709],[-123.099817,49.2775637]]}},{"type":"Feature","properties":{"name":"PACIFIC BOULEVARD","class":"Arterial","width":18,"source":"cov-public-streets","type":"Arterial"},"geometry":{"type":"LineString","coordinates":[[-123.1130123,49.2748507],[-123.1135676,49.2746045],[-123.1140859,49.2744294],[-123.1145962,49.2742302],[-123.1150015,49.2741237]]}},{"type":"Feature","properties":{"name":"TAYLOR ST","class":"Arterial","width":18,"source":"cov-public-streets","type":"Arterial"},"geometry":{"type":"LineString","coordinates":[[-123.1056063,49.2807204],[-123.1058758,49.2801045]]}},{"type":"Feature","properties":{"name":"CHESTNUT ST","class":"Residential","width":9,"source":"cov-public-streets","type":"Residential"},"geometry":{"type":"LineString","coordinates":[[-123.1463776,49.2724397],[-123.1464148,49.2715575]]}},{"type":"Feature","properties":{"name":"SMITHE ST","class":"Residential","width":9,"source":"cov-public-streets","type":"Residential"},"geometry":{"type":"LineString","coordinates":[[-123.1124862,49.2745159],[-123.1130039,49.2748537]]}},{"type":"Feature","properties":{"name":"COOPERAGE WAY","class":"Residential","width":9,"source":"cov-public-streets","type":"Residential"},"geometry":{"type":"LineString","coordinates":[[-123.1148615,49.2738684],[-123.114483,49.2737274],[-123.1140616,49.2737995],[-123.1124862,49.2745159]]}},{"type":"Feature","properties":{"name":"MARINASIDE CRESCENT","class":"Residential","width":9,"source":"cov-public-streets","type":"Residential"},"geometry":{"type":"LineString","coordinates":[[-123.1148615,49.2738684],[-123.1149102,49.2740011],[-123.1150015,49.2741237]]}},{"type":"Feature","properties":{"name":"CITADEL PARADE","class":"Residential","width":9,"source":"cov-public-streets","type":"Residential"},"geometry":{"type":"LineString","coordinates":[[-123.1108048,49.2789588],[-123.1116987,49.2783669]]}},{"type":"Feature","properties":{"name":"DUNSMUIR VIADUCT","class":"Arterial","width":18,"source":"cov-public-streets","type":"Arterial"},"geometry":{"type":"LineString","coordinates":[[-123.1100013,49.2794908],[-123.1105509,49.2798506]]}},{"type":"Feature","properties":{"name":"W GEORGIA ST","class":"Arterial","width":18,"source":"cov-public-streets","type":"Arterial"},"geometry":{"type":"LineString","coordinates":[[-123.1304646,49.2904754],[-123.1305973,49.2905612]]}},{"type":"Feature","properties":{"name":"BUCKETWHEEL","class":"Residential","width":9,"source":"cov-public-streets","type":"Residential"},"geometry":{"type":"LineString","coordinates":[[-123.1175075,49.2678443],[-123.1187271,49.2678642]]}},{"type":"Feature","properties":{"name":"PACIFIC ST","class":"Arterial","width":18,"source":"cov-public-streets","type":"Arterial"},"geometry":{"type":"LineString","coordinates":[[-123.1318336,49.2766252],[-123.1323691,49.2769707]]}},{"type":"Feature","properties":{"name":"CREEKSIDE DRIVE","class":"Residential","width":9,"source":"cov-public-streets","type":"Residential"},"geometry":{"type":"LineString","coordinates":[[-123.1404538,49.2737669],[-123.140799,49.2727952]]}},{"type":"Feature","properties":{"name":"DAVIE ST","class":"Arterial","width":18,"source":"cov-public-streets","type":"Arterial"},"geometry":{"type":"LineString","coordinates":[[-123.1242361,49.27588],[-123.1247217,49.2761946]]}},{"type":"Feature","properties":{"name":"BEACH AV","class":"Arterial","width":18,"source":"cov-public-streets","type":"Arterial"},"geometry":{"type":"LineString","coordinates":[[-123.1318193,49.2747284],[-123.1327891,49.2753568]]}},{"type":"Feature","properties":{"name":"HELMCKEN ST","class":"Residential","width":9,"source":"cov-public-streets","type":"Residential"},"geometry":{"type":"LineString","coordinates":[[-123.1205665,49.2755891],[-123.1211187,49.2759478]]}},{"type":"Feature","properties":{"name":"TRAFALGAR ST","class":"Residential","width":9,"source":"cov-public-streets","type":"Residential"},"geometry":{"type":"LineString","coordinates":[[-123.1645496,49.2674371],[-123.1645649,49.267]]}},{"type":"Feature","properties":{"name":"TERMINAL AV","class":"Arterial","width":18,"source":"cov-public-streets","type":"Arterial"},"geometry":{"type":"LineString","coordinates":[[-123.100028,49.2727763],[-123.0993458,49.2726706]]}},{"type":"Feature","properties":{"name":"W 1ST AV","class":"Residential","width":9,"source":"cov-public-streets","type":"Residential"},"geometry":{"type":"LineString","coordinates":[[-123.1502684,49.2707371],[-123.1526678,49.2707758]]}},{"type":"Feature","properties":{"name":"W 5TH AV","class":"Residential","width":9,"source":"cov-public-streets","type":"Residential"},"geometry":{"type":"LineString","coordinates":[[-123.1432605,49.2671204],[-123.1456298,49.2671584]]}},{"type":"Feature","properties":{"name":"ARBUTUS ST","class":"Residential","width":9,"source":"cov-public-streets","type":"Residential"},"geometry":{"type":"LineString","coordinates":[[-123.1527499,49.2685716],[-123.1527662,49.2681311]]}},{"type":"Feature","properties":{"name":"MAPLE ST","class":"Residential","width":9,"source":"cov-public-streets","type":"Residential"},"geometry":{"type":"LineString","coordinates":[[-123.1502042,49.2725019],[-123.1502204,49.2720604]]}},{"type":"Feature","properties":{"name":"ARBUTUS ST","class":"Residential","width":9,"source":"cov-public-streets","type":"Residential"},"geometry":{"type":"LineString","coordinates":[[-123.1522361,49.2749673],[-123.1525219,49.274644],[-123.1525263,49.2745297]]}},{"type":"Feature","properties":{"name":"BURRARD ST","class":"Arterial","width":18,"source":"cov-public-streets","type":"Arterial"},"geometry":{"type":"LineString","coordinates":[[-123.1456326,49.2675957],[-123.1456298,49.2671584]]}},{"type":"Feature","properties":{"name":"YEW ST","class":"Residential","width":9,"source":"cov-public-streets","type":"Residential"},"geometry":{"type":"LineString","coordinates":[[-123.155004,49.2716959],[-123.15502,49.2712547]]}},{"type":"Feature","properties":{"name":"W 4TH AV","class":"Arterial","width":18,"source":"cov-public-streets","type":"Arterial"},"geometry":{"type":"LineString","coordinates":[[-123.1383961,49.2678991],[-123.1391077,49.2679104]]}},{"type":"Feature","properties":{"name":"FIR ST","class":"Secondary Arterial","width":14,"source":"cov-public-streets","type":"Secondary Arterial"},"geometry":{"type":"LineString","coordinates":[[-123.1408737,49.2675213],[-123.1408897,49.2670835]]}},{"type":"Feature","properties":{"name":"TRAFALGAR ST","class":"Residential","width":9,"source":"cov-public-streets","type":"Residential"},"geometry":{"type":"LineString","coordinates":[[-123.1643273,49.2738646],[-123.1643366,49.2734204]]}},{"type":"Feature","properties":{"name":"W 1ST AV","class":"Residential","width":9,"source":"cov-public-streets","type":"Residential"},"geometry":{"type":"LineString","coordinates":[[-123.1139292,49.2682666],[-123.1140437,49.26821],[-123.1141646,49.2681703],[-123.1142362,49.2681533],[-123.1143119,49.2681514],[-123.1143967,49.2681554],[-123.1145325,49.2681717],[-123.1146214,49.2681866],[-123.1147459,49.2682133]]}},{"type":"Feature","properties":{"name":"W 1ST AV","class":"Residential","width":9,"source":"cov-public-streets","type":"Residential"},"geometry":{"type":"LineString","coordinates":[[-123.1066939,49.2702275],[-123.1094109,49.2702771]]}},{"type":"Feature","properties":{"name":"CONTINENTAL ST","class":"Residential","width":9,"source":"cov-public-streets","type":"Residential"},"geometry":{"type":"LineString","coordinates":[[-123.1282972,49.2764243],[-123.1284221,49.2763768],[-123.1290304,49.2759741]]}},{"type":"Feature","properties":{"name":"BIRCH ST","class":"Residential","width":9,"source":"cov-public-streets","type":"Residential"},"geometry":{"type":"LineString","coordinates":[[-123.1335949,49.2670577],[-123.1335972,49.267]]}},{"type":"Feature","properties":{"name":"BALSAM ST","class":"Residential","width":9,"source":"cov-public-streets","type":"Residential"},"geometry":{"type":"LineString","coordinates":[[-123.1597928,49.2704491],[-123.1598093,49.2700085]]}},{"type":"Feature","properties":{"name":"VINE ST","class":"Residential","width":9,"source":"cov-public-streets","type":"Residential"},"geometry":{"type":"LineString","coordinates":[[-123.1574889,49.2686468],[-123.1575053,49.2682059]]}},{"type":"Feature","properties":{"name":"1000-1100 IRONWORK PASSAGE","class":"Residential","width":9,"source":"cov-public-streets","type":"Residential"},"geometry":{"type":"LineString","coordinates":[[-123.1277632,49.2676332],[-123.127754,49.2678797],[-123.1278415,49.2679399],[-123.1296982,49.2679694],[-123.1298361,49.2678835],[-123.1300749,49.2678862]]}},{"type":"Feature","properties":{"name":"MAIN ST","class":"Arterial","width":18,"source":"cov-public-streets","type":"Arterial"},"geometry":{"type":"LineString","coordinates":[[-123.1006969,49.269168],[-123.1006971,49.2688681],[-123.1007371,49.2682182]]}},{"type":"Feature","properties":{"name":"SCOTIA ST","class":"Residential","width":9,"source":"cov-public-streets","type":"Residential"},"geometry":{"type":"LineString","coordinates":[[-123.0987289,49.2673685],[-123.0987709,49.2672773]]}},{"type":"Feature","properties":{"name":"COLUMBIA ST","class":"Residential","width":9,"source":"cov-public-streets","type":"Residential"},"geometry":{"type":"LineString","coordinates":[[-123.109354,49.2716134],[-123.1093808,49.2709842]]}},{"type":"Feature","properties":{"name":"ONTARIO ST","class":"Residential","width":9,"source":"cov-public-streets","type":"Residential"},"geometry":{"type":"LineString","coordinates":[[-123.1045595,49.2719252],[-123.1045766,49.2715263]]}},{"type":"Feature","properties":{"name":"MILROSS AV","class":"Residential","width":9,"source":"cov-public-streets","type":"Residential"},"geometry":{"type":"LineString","coordinates":[[-123.100728,49.2760563],[-123.0998811,49.2760409]]}},{"type":"Feature","properties":{"name":"BEACH AV","class":"Arterial","width":18,"source":"cov-public-streets","type":"Arterial"},"geometry":{"type":"LineString","coordinates":[[-123.1383007,49.2804411],[-123.1382866,49.2805771],[-123.1381201,49.2806897]]}},{"type":"Feature","properties":{"name":"WALTER HARDWICK AV","class":"Residential","width":9,"source":"cov-public-streets","type":"Residential"},"geometry":{"type":"LineString","coordinates":[[-123.1046034,49.2708971],[-123.1060732,49.2709239]]}},{"type":"Feature","properties":{"name":"NORTHERN ST","class":"Residential","width":9,"source":"cov-public-streets","type":"Residential"},"geometry":{"type":"LineString","coordinates":[[-123.0993827,49.2718383],[-123.0980574,49.2718131]]}},{"type":"Feature","properties":{"name":"CORNWALL AV","class":"Arterial","width":18,"source":"cov-public-streets","type":"Arterial"},"geometry":{"type":"LineString","coordinates":[[-123.1597114,49.2726542],[-123.1620806,49.2726918]]}},{"type":"Feature","properties":{"name":"POINT GREY ROAD","class":"Residential","width":9,"source":"cov-public-streets","type":"Residential"},"geometry":{"type":"LineString","coordinates":[[-123.1596849,49.2733466],[-123.1599686,49.2735414],[-123.1620481,49.2735739]]}},{"type":"Feature","properties":{"name":"E 4TH AV","class":"Residential","width":9,"source":"cov-public-streets","type":"Residential"},"geometry":{"type":"LineString","coordinates":[[-123.1027788,49.2673506],[-123.1015768,49.2673288]]}},{"type":"Feature","properties":{"name":"EXPO BOULEVARD","class":"Arterial","width":18,"source":"cov-public-streets","type":"Arterial"},"geometry":{"type":"LineString","coordinates":[[-123.1076198,49.2786476],[-123.1077369,49.2786784],[-123.1078764,49.278705],[-123.1080193,49.278722],[-123.10814,49.2787286],[-123.1082611,49.2787283],[-123.1084056,49.2787188],[-123.1085479,49.2786995],[-123.1086863,49.2786706]]}},{"type":"Feature","properties":{"name":"W 4TH AV","class":"Arterial","width":18,"source":"cov-public-streets","type":"Arterial"},"geometry":{"type":"LineString","coordinates":[[-123.1408584,49.2679401],[-123.1428222,49.2679705]]}},{"type":"Feature","properties":{"name":"FIR ST","class":"Residential","width":9,"source":"cov-public-streets","type":"Residential"},"geometry":{"type":"LineString","coordinates":[[-123.1407756,49.2701453],[-123.1407917,49.2697037]]}},{"type":"Feature","properties":{"name":"TRAFALGAR ST","class":"Residential","width":9,"source":"cov-public-streets","type":"Residential"},"geometry":{"type":"LineString","coordinates":[[-123.1643771,49.2722871],[-123.1643786,49.272247]]}},{"type":"Feature","properties":{"name":"LARCH ST","class":"Residential","width":9,"source":"cov-public-streets","type":"Residential"},"geometry":{"type":"LineString","coordinates":[[-123.162228,49.2687165],[-123.1622445,49.268281]]}},{"type":"Feature","properties":{"name":"UNION ST","class":"Residential","width":9,"source":"cov-public-streets","type":"Residential"},"geometry":{"type":"LineString","coordinates":[[-123.0990531,49.2776573],[-123.0969578,49.2776184]]}},{"type":"Feature","properties":{"name":"CREELMAN AV","class":"Residential","width":9,"source":"cov-public-streets","type":"Residential"},"geometry":{"type":"LineString","coordinates":[[-123.1519772,49.2745216],[-123.1525264,49.2745297]]}},{"type":"Feature","properties":{"name":"1500-1600 BURRARD ST","class":"Arterial","width":18,"source":"cov-public-streets","type":"Arterial"},"geometry":{"type":"LineString","coordinates":[[-123.145177,49.2724221],[-123.1452251,49.2723556],[-123.1452688,49.2722879],[-123.1453081,49.272219],[-123.1453436,49.2721472],[-123.1453736,49.2720763],[-123.1453989,49.2720047],[-123.1454194,49.2719324],[-123.1454356,49.2718577],[-123.1454478,49.2717732],[-123.1454991,49.270661]]}},{"type":"Feature","properties":{"name":"CYPRESS ST","class":"Residential","width":9,"source":"cov-public-streets","type":"Residential"},"geometry":{"type":"LineString","coordinates":[[-123.1479335,49.2689361],[-123.14795,49.2684922]]}},{"type":"Feature","properties":{"name":"MAPLE ST","class":"Residential","width":9,"source":"cov-public-streets","type":"Residential"},"geometry":{"type":"LineString","coordinates":[[-123.1502359,49.2716192],[-123.1502522,49.2711784]]}},{"type":"Feature","properties":{"name":"YORK AV","class":"Residential","width":9,"source":"cov-public-streets","type":"Residential"},"geometry":{"type":"LineString","coordinates":[[-123.155004,49.2716959],[-123.1573741,49.271734]]}},{"type":"Feature","properties":{"name":"YEW ST","class":"Residential","width":9,"source":"cov-public-streets","type":"Residential"},"geometry":{"type":"LineString","coordinates":[[-123.155053,49.2703731],[-123.1550696,49.2699329]]}},{"type":"Feature","properties":{"name":"CORNWALL AV","class":"Arterial","width":18,"source":"cov-public-streets","type":"Arterial"},"geometry":{"type":"LineString","coordinates":[[-123.1526034,49.2725403],[-123.1549723,49.2725785]]}},{"type":"Feature","properties":{"name":"W 5TH AV","class":"Residential","width":9,"source":"cov-public-streets","type":"Residential"},"geometry":{"type":"LineString","coordinates":[[-123.1551679,49.2673114],[-123.1575377,49.267349]]}},{"type":"Feature","properties":{"name":"E 4TH AV","class":"Residential","width":9,"source":"cov-public-streets","type":"Residential"},"geometry":{"type":"LineString","coordinates":[[-123.1007751,49.2673141],[-123.0999725,49.2672999]]}},{"type":"Feature","properties":{"name":"HELMCKEN ST","class":"Arterial","width":18,"source":"cov-public-streets","type":"Arterial"},"geometry":{"type":"LineString","coordinates":[[-123.1231288,49.2772486],[-123.1236157,49.2775631]]}},{"type":"Feature","properties":{"name":"RICHARDS ST","class":"Arterial","width":18,"source":"cov-public-streets","type":"Arterial"},"geometry":{"type":"LineString","coordinates":[[-123.1210501,49.2779874],[-123.1226424,49.276934]]}},{"type":"Feature","properties":{"name":"GRANVILLE ST","class":"Arterial","width":18,"source":"cov-public-streets","type":"Arterial"},"geometry":{"type":"LineString","coordinates":[[-123.1230138,49.2792582],[-123.1246064,49.2782042]]}},{"type":"Feature","properties":{"name":"GRANVILLE ST","class":"Arterial","width":18,"source":"cov-public-streets","type":"Arterial"},"geometry":{"type":"LineString","coordinates":[[-123.1181206,49.2824943],[-123.1198282,49.2813646]]}},{"type":"Feature","properties":{"name":"ROBSON ST","class":"Arterial","width":18,"source":"cov-public-streets","type":"Arterial"},"geometry":{"type":"LineString","coordinates":[[-123.1285517,49.2870226],[-123.1299287,49.2879141]]}},{"type":"Feature","properties":{"name":"ROBSON ST","class":"Arterial","width":18,"source":"cov-public-streets","type":"Arterial"},"geometry":{"type":"LineString","coordinates":[[-123.1217906,49.2826345],[-123.1222754,49.2829491]]}},{"type":"Feature","properties":{"name":"DUNSMUIR ST","class":"Arterial","width":18,"source":"cov-public-streets","type":"Arterial"},"geometry":{"type":"LineString","coordinates":[[-123.1174037,49.284266],[-123.1178897,49.2845797]]}},{"type":"Feature","properties":{"name":"PACIFIC ST","class":"Arterial","width":18,"source":"cov-public-streets","type":"Arterial"},"geometry":{"type":"LineString","coordinates":[[-123.1365484,49.2796723],[-123.1381201,49.2806897]]}},{"type":"Feature","properties":{"name":"BUTE ST","class":"Residential","width":9,"source":"cov-public-streets","type":"Residential"},"geometry":{"type":"LineString","coordinates":[[-123.1333593,49.2817832],[-123.133891,49.2814316]]}},{"type":"Feature","properties":{"name":"W 2ND AV","class":"Residential","width":9,"source":"cov-public-streets","type":"Residential"},"geometry":{"type":"LineString","coordinates":[[-123.1455468,49.2697796],[-123.1479009,49.2698174]]}},{"type":"Feature","properties":{"name":"GEORGIA VIADUCT","class":"Arterial","width":18,"source":"cov-public-streets","type":"Arterial"},"geometry":{"type":"LineString","coordinates":[[-123.1033806,49.2771601],[-123.0996445,49.2771015],[-123.0990895,49.2770884],[-123.0988693,49.2770783],[-123.0986454,49.2770584],[-123.0985346,49.2770448],[-123.0983166,49.2770107],[-123.0979941,49.2769454],[-123.0973485,49.2767945],[-123.096979,49.2767267],[-123.0969133,49.276718],[-123.0968313,49.2767121]]}},{"type":"Feature","properties":{"name":"DENMAN ST","class":"Arterial","width":18,"source":"cov-public-streets","type":"Arterial"},"geometry":{"type":"LineString","coordinates":[[-123.1413266,49.2875731],[-123.1418096,49.2872536]]}},{"type":"Feature","properties":{"name":"BURNABY ST","class":"Residential","width":9,"source":"cov-public-streets","type":"Residential"},"geometry":{"type":"LineString","coordinates":[[-123.1385485,49.2837513],[-123.139728,49.2845148]]}},{"type":"Feature","properties":{"name":"BURNABY ST","class":"Residential","width":9,"source":"cov-public-streets","type":"Residential"},"geometry":{"type":"LineString","coordinates":[[-123.139728,49.2845148],[-123.1413011,49.2855329]]}},{"type":"Feature","properties":{"name":"BROUGHTON ST","class":"Residential","width":9,"source":"cov-public-streets","type":"Residential"},"geometry":{"type":"LineString","coordinates":[[-123.1299287,49.2879141],[-123.1304604,49.2875622]]}},{"type":"Feature","properties":{"name":"BURRARD ST","class":"Arterial","width":18,"source":"cov-public-streets","type":"Arterial"},"geometry":{"type":"LineString","coordinates":[[-123.1193949,49.285554],[-123.1199915,49.2851587]]}},{"type":"Feature","properties":{"name":"BUTE ST","class":"Residential","width":9,"source":"cov-public-streets","type":"Residential"},"geometry":{"type":"LineString","coordinates":[[-123.1291059,49.2845978],[-123.1296382,49.2842456]]}},{"type":"Feature","properties":{"name":"EVELEIGH ST","class":"Arterial","width":18,"source":"cov-public-streets","type":"Arterial"},"geometry":{"type":"LineString","coordinates":[[-123.1198661,49.2865254],[-123.120908,49.2871889]]}},{"type":"Feature","properties":{"name":"RICHARDS ST","class":"Arterial","width":18,"source":"cov-public-streets","type":"Arterial"},"geometry":{"type":"LineString","coordinates":[[-123.1226424,49.276934],[-123.1242361,49.27588]]}},{"type":"Feature","properties":{"name":"HOWE ST","class":"Arterial","width":18,"source":"cov-public-streets","type":"Arterial"},"geometry":{"type":"LineString","coordinates":[[-123.1287837,49.2767374],[-123.1290276,49.276576]]}},{"type":"Feature","properties":{"name":"PACIFIC ST","class":"Arterial","width":18,"source":"cov-public-streets","type":"Arterial"},"geometry":{"type":"LineString","coordinates":[[-123.1313473,49.2763114],[-123.1318336,49.2766252]]}},{"type":"Feature","properties":{"name":"BEACH AV","class":"Arterial","width":18,"source":"cov-public-streets","type":"Arterial"},"geometry":{"type":"LineString","coordinates":[[-123.139495,49.2815805],[-123.1406738,49.282344]]}},{"type":"Feature","properties":{"name":"NICOLA ST","class":"Residential","width":9,"source":"cov-public-streets","type":"Residential"},"geometry":{"type":"LineString","coordinates":[[-123.1364228,49.285158],[-123.136954,49.2848061]]}},{"type":"Feature","properties":{"name":"CARDERO ST","class":"Residential","width":9,"source":"cov-public-streets","type":"Residential"},"geometry":{"type":"LineString","coordinates":[[-123.139196,49.2848664],[-123.139728,49.2845148]]}},{"type":"Feature","properties":{"name":"BIDWELL ST","class":"Residential","width":9,"source":"cov-public-streets","type":"Residential"},"geometry":{"type":"LineString","coordinates":[[-123.1375806,49.2879961],[-123.1381117,49.2876438]]}},{"type":"Feature","properties":{"name":"NELSON ST","class":"Residential","width":9,"source":"cov-public-streets","type":"Residential"},"geometry":{"type":"LineString","coordinates":[[-123.1375901,49.2886981],[-123.1386213,49.2893654]]}},{"type":"Feature","properties":{"name":"JERVIS ST","class":"Residential","width":9,"source":"cov-public-streets","type":"Residential"},"geometry":{"type":"LineString","coordinates":[[-123.1338743,49.2835068],[-123.1344019,49.2831518]]}},{"type":"Feature","properties":{"name":"CYPRESS ST","class":"Residential","width":9,"source":"cov-public-streets","type":"Residential"},"geometry":{"type":"LineString","coordinates":[[-123.1476391,49.2768167],[-123.1476621,49.2762163]]}},{"type":"Feature","properties":{"name":"LAGOON DRIVE","class":"Residential","width":9,"source":"cov-public-streets","type":"Residential"},"geometry":{"type":"LineString","coordinates":[[-123.1402489,49.2932008],[-123.1411066,49.2930687]]}},{"type":"Feature","properties":{"name":"BURRARD ST","class":"Arterial","width":18,"source":"cov-public-streets","type":"Arterial"},"geometry":{"type":"LineString","coordinates":[[-123.1333758,49.2763047],[-123.1338095,49.2760178]]}},{"type":"Feature","properties":{"name":"GILFORD ST","class":"Residential","width":9,"source":"cov-public-streets","type":"Residential"},"geometry":{"type":"LineString","coordinates":[[-123.1407258,49.2900311],[-123.1412577,49.2896798]]}},{"type":"Feature","properties":{"name":"CORNWALL AV","class":"Arterial","width":18,"source":"cov-public-streets","type":"Arterial"},"geometry":{"type":"LineString","coordinates":[[-123.1620806,49.2726918],[-123.1643603,49.2727384]]}},{"type":"Feature","properties":{"name":"ALBERNI ST","class":"Arterial","width":18,"source":"cov-public-streets","type":"Arterial"},"geometry":{"type":"LineString","coordinates":[[-123.132799,49.2911622],[-123.1339907,49.2919332]]}},{"type":"Feature","properties":{"name":"BROUGHTON ST","class":"Residential","width":9,"source":"cov-public-streets","type":"Residential"},"geometry":{"type":"LineString","coordinates":[[-123.1331179,49.285802],[-123.1336491,49.2854504]]}},{"type":"Feature","properties":{"name":"LORNE ST","class":"Residential","width":9,"source":"cov-public-streets","type":"Residential"},"geometry":{"type":"LineString","coordinates":[[-123.0988302,49.2692168],[-123.0992218,49.2689236]]}},{"type":"Feature","properties":{"name":"W 2ND AV","class":"Arterial","width":18,"source":"cov-public-streets","type":"Arterial"},"geometry":{"type":"LineString","coordinates":[[-123.1094187,49.2692956],[-123.1099643,49.2690273]]}},{"type":"Feature","properties":{"name":"ONTARIO ST","class":"Residential","width":9,"source":"cov-public-streets","type":"Residential"},"geometry":{"type":"LineString","coordinates":[[-123.1047136,49.2673858],[-123.1047298,49.267]]}},{"type":"Feature","properties":{"name":"ONTARIO ST","class":"Residential","width":9,"source":"cov-public-streets","type":"Residential"},"geometry":{"type":"LineString","coordinates":[[-123.1046162,49.2697368],[-123.104637,49.2692395]]}},{"type":"Feature","properties":{"name":"MANITOBA ST","class":"Residential","width":9,"source":"cov-public-streets","type":"Residential"},"geometry":{"type":"LineString","coordinates":[[-123.1065726,49.269274],[-123.106593,49.2687768]]}},{"type":"Feature","properties":{"name":"MANITOBA ST","class":"Residential","width":9,"source":"cov-public-streets","type":"Residential"},"geometry":{"type":"LineString","coordinates":[[-123.106593,49.2687768],[-123.1066115,49.2683237]]}},{"type":"Feature","properties":{"name":"MANITOBA ST","class":"Residential","width":9,"source":"cov-public-streets","type":"Residential"},"geometry":{"type":"LineString","coordinates":[[-123.1066484,49.2674203],[-123.1066661,49.267]]}},{"type":"Feature","properties":{"name":"COLUMBIA ST","class":"Residential","width":9,"source":"cov-public-streets","type":"Residential"},"geometry":{"type":"LineString","coordinates":[[-123.1094162,49.2698248],[-123.1094187,49.2692956]]}},{"type":"Feature","properties":{"name":"ALBERTA ST","class":"Residential","width":9,"source":"cov-public-streets","type":"Residential"},"geometry":{"type":"LineString","coordinates":[[-123.1107534,49.2679485],[-123.1107731,49.2674973]]}},{"type":"Feature","properties":{"name":"STARBOARD SQUARE","class":"Residential","width":9,"source":"cov-public-streets","type":"Residential"},"geometry":{"type":"LineString","coordinates":[[-123.1164919,49.268302],[-123.116725,49.2685027],[-123.1173715,49.2681884],[-123.1175026,49.2681159]]}},{"type":"Feature","properties":{"name":"MILLYARD","class":"Residential","width":9,"source":"cov-public-streets","type":"Residential"},"geometry":{"type":"LineString","coordinates":[[-123.1211293,49.2672243],[-123.1208604,49.2671783],[-123.1207984,49.267]]}},{"type":"Feature","properties":{"name":"DUNSMUIR ST","class":"Residential","width":9,"source":"cov-public-streets","type":"Residential"},"geometry":{"type":"LineString","coordinates":[[-123.1086863,49.2786706],[-123.1100701,49.2795669]]}},{"type":"Feature","properties":{"name":"TRAFALGAR ST","class":"Residential","width":9,"source":"cov-public-streets","type":"Residential"},"geometry":{"type":"LineString","coordinates":[[-123.1643603,49.2727384],[-123.1643771,49.2722871]]}},{"type":"Feature","properties":{"name":"W 1ST AV","class":"Residential","width":9,"source":"cov-public-streets","type":"Residential"},"geometry":{"type":"LineString","coordinates":[[-123.1621463,49.2709267],[-123.1642861,49.2709607],[-123.1644226,49.2709888]]}},{"type":"Feature","properties":{"name":"LAMEY'S MILL ROAD","class":"Residential","width":9,"source":"cov-public-streets","type":"Residential"},"geometry":{"type":"LineString","coordinates":[[-123.1374056,49.2687963],[-123.1379938,49.2693459]]}},{"type":"Feature","properties":{"name":"LARCH ST","class":"Residential","width":9,"source":"cov-public-streets","type":"Residential"},"geometry":{"type":"LineString","coordinates":[[-123.1621794,49.2700451],[-123.1621952,49.2696045]]}},{"type":"Feature","properties":{"name":"W 1ST AV","class":"Residential","width":9,"source":"cov-public-streets","type":"Residential"},"geometry":{"type":"LineString","coordinates":[[-123.1597764,49.2708901],[-123.1621463,49.2709267]]}},{"type":"Feature","properties":{"name":"LARCH ST","class":"Residential","width":9,"source":"cov-public-streets","type":"Residential"},"geometry":{"type":"LineString","coordinates":[[-123.1620806,49.2726918],[-123.1620973,49.2722501]]}},{"type":"Feature","properties":{"name":"300-400 BEACH CRESCENT","class":"Residential","width":9,"source":"cov-public-streets","type":"Residential"},"geometry":{"type":"LineString","coordinates":[[-123.1269086,49.2715725],[-123.1279664,49.272257]]}},{"type":"Feature","properties":{"name":"BEACH AV","class":"Arterial","width":18,"source":"cov-public-streets","type":"Arterial"},"geometry":{"type":"LineString","coordinates":[[-123.1423753,49.286879],[-123.1423508,49.2870234],[-123.1424103,49.2876423]]}},{"type":"Feature","properties":{"name":"DENMAN ST","class":"Arterial","width":18,"source":"cov-public-streets","type":"Arterial"},"geometry":{"type":"LineString","coordinates":[[-123.1412779,49.2876053],[-123.1413266,49.2875731]]}},{"type":"Feature","properties":{"name":"TRAFALGAR ST","class":"Residential","width":9,"source":"cov-public-streets","type":"Residential"},"geometry":{"type":"LineString","coordinates":[[-123.1643457,49.2731686],[-123.1643603,49.2727384]]}},{"type":"Feature","properties":{"name":"VINE ST","class":"Residential","width":9,"source":"cov-public-streets","type":"Residential"},"geometry":{"type":"LineString","coordinates":[[-123.1573906,49.2712939],[-123.1574063,49.2708519]]}},{"type":"Feature","properties":{"name":"THURLOW ST","class":"Arterial","width":18,"source":"cov-public-streets","type":"Arterial"},"geometry":{"type":"LineString","coordinates":[[-123.1220054,49.2864634],[-123.1225399,49.28611]]}},{"type":"Feature","properties":{"name":"BALSAM ST","class":"Residential","width":9,"source":"cov-public-streets","type":"Residential"},"geometry":{"type":"LineString","coordinates":[[-123.1597058,49.2727993],[-123.1597114,49.2726542]]}},{"type":"Feature","properties":{"name":"YEW ST","class":"Residential","width":9,"source":"cov-public-streets","type":"Residential"},"geometry":{"type":"LineString","coordinates":[[-123.154967,49.272724],[-123.1549723,49.2725785]]}},{"type":"Feature","properties":{"name":"EXPO BOULEVARD","class":"Arterial","width":18,"source":"cov-public-streets","type":"Arterial"},"geometry":{"type":"LineString","coordinates":[[-123.117672,49.2744388],[-123.1180272,49.2744399]]}},{"type":"Feature","properties":{"name":"W GEORGIA ST","class":"Arterial","width":18,"source":"cov-public-streets","type":"Arterial"},"geometry":{"type":"LineString","coordinates":[[-123.1305973,49.2905612],[-123.13217,49.2915789]]}},{"type":"Feature","properties":{"name":"BURRARD ST","class":"Arterial","width":18,"source":"cov-public-streets","type":"Arterial"},"geometry":{"type":"LineString","coordinates":[[-123.1329065,49.2766151],[-123.1333758,49.2763047]]}},{"type":"Feature","properties":{"name":"ISLAND PARK WALK","class":"Residential","width":9,"source":"cov-public-streets","type":"Residential"},"geometry":{"type":"LineString","coordinates":[[-123.1371449,49.2699066],[-123.1376493,49.270207],[-123.1376428,49.2703256],[-123.137568,49.2704801],[-123.1375922,49.2705852],[-123.1391362,49.2712703],[-123.1400418,49.2710795]]}},{"type":"Feature","properties":{"name":"GREER AV","class":"Residential","width":9,"source":"cov-public-streets","type":"Residential"},"geometry":{"type":"LineString","coordinates":[[-123.1463311,49.2735288],[-123.1470158,49.2734972]]}},{"type":"Feature","properties":{"name":"W HASTINGS ST","class":"Arterial","width":18,"source":"cov-public-streets","type":"Arterial"},"geometry":{"type":"LineString","coordinates":[[-123.1043454,49.2814731],[-123.1071952,49.281991]]}},{"type":"Feature","properties":{"name":"JERVIS ST","class":"Residential","width":9,"source":"cov-public-streets","type":"Residential"},"geometry":{"type":"LineString","coordinates":[[-123.137598,49.2810427],[-123.1381201,49.2806897]]}},{"type":"Feature","properties":{"name":"BUTE ST","class":"Residential","width":9,"source":"cov-public-streets","type":"Residential"},"geometry":{"type":"LineString","coordinates":[[-123.1354855,49.280376],[-123.1360163,49.2800244]]}},{"type":"Feature","properties":{"name":"BUTE ST","class":"Residential","width":9,"source":"cov-public-streets","type":"Residential"},"geometry":{"type":"LineString","coordinates":[[-123.133891,49.2814316],[-123.1344225,49.2810796]]}},{"type":"Feature","properties":{"name":"COMOX ST","class":"Residential","width":9,"source":"cov-public-streets","type":"Residential"},"geometry":{"type":"LineString","coordinates":[[-123.1353595,49.285862],[-123.1365397,49.2866264]]}},{"type":"Feature","properties":{"name":"PENDRELL ST","class":"Residential","width":9,"source":"cov-public-streets","type":"Residential"},"geometry":{"type":"LineString","coordinates":[[-123.1391747,49.2869396],[-123.1407463,49.2879577]]}},{"type":"Feature","properties":{"name":"DAVIE ST","class":"Arterial","width":18,"source":"cov-public-streets","type":"Arterial"},"geometry":{"type":"LineString","coordinates":[[-123.1349319,49.2828015],[-123.1363062,49.2836912]]}},{"type":"Feature","properties":{"name":"BEACH AV","class":"Arterial","width":18,"source":"cov-public-streets","type":"Arterial"},"geometry":{"type":"LineString","coordinates":[[-123.1424905,49.2863025],[-123.1423753,49.286879]]}},{"type":"Feature","properties":{"name":"HARWOOD ST","class":"Residential","width":9,"source":"cov-public-streets","type":"Residential"},"geometry":{"type":"LineString","coordinates":[[-123.1407944,49.2838124],[-123.1423645,49.28483]]}},{"type":"Feature","properties":{"name":"1000-1100 BIDWELL ST","class":"Residential","width":9,"source":"cov-public-streets","type":"Residential"},"geometry":{"type":"LineString","coordinates":[[-123.1386434,49.2872917],[-123.1391747,49.2869396]]}},{"type":"Feature","properties":{"name":"CARDERO ST","class":"Residential","width":9,"source":"cov-public-streets","type":"Residential"},"geometry":{"type":"LineString","coordinates":[[-123.1386647,49.2852177],[-123.139196,49.2848664]]}},{"type":"Feature","properties":{"name":"NICOLA ST","class":"Residential","width":9,"source":"cov-public-streets","type":"Residential"},"geometry":{"type":"LineString","coordinates":[[-123.1337649,49.2869174],[-123.1342965,49.2865654]]}},{"type":"Feature","properties":{"name":"1000-1100 BROUGHTON ST","class":"Residential","width":9,"source":"cov-public-streets","type":"Residential"},"geometry":{"type":"LineString","coordinates":[[-123.1341806,49.2850984],[-123.134712,49.2847466]]}},{"type":"Feature","properties":{"name":"E PENDER ST","class":"Arterial","width":18,"source":"cov-public-streets","type":"Arterial"},"geometry":{"type":"LineString","coordinates":[[-123.1043865,49.2804993],[-123.1042504,49.2804614],[-123.1022971,49.2804346]]}},{"type":"Feature","properties":{"name":"BEATTY ST","class":"Arterial","width":18,"source":"cov-public-streets","type":"Arterial"},"geometry":{"type":"LineString","coordinates":[[-123.1084552,49.2812384],[-123.1094834,49.2805574]]}},{"type":"Feature","properties":{"name":"CARRALL ST","class":"Arterial","width":18,"source":"cov-public-streets","type":"Arterial"},"geometry":{"type":"LineString","coordinates":[[-123.1043044,49.2824757],[-123.1043244,49.2819839]]}},{"type":"Feature","properties":{"name":"BEACH AV","class":"Arterial","width":18,"source":"cov-public-streets","type":"Arterial"},"geometry":{"type":"LineString","coordinates":[[-123.1418542,49.2831071],[-123.1419439,49.2831763],[-123.1428177,49.2845304]]}},{"type":"Feature","properties":{"name":"FIR ST","class":"Residential","width":9,"source":"cov-public-streets","type":"Residential"},"geometry":{"type":"LineString","coordinates":[[-123.1408259,49.2688219],[-123.1408321,49.2687323],[-123.1408424,49.2683758]]}},{"type":"Feature","properties":{"name":"W 3RD AV","class":"Residential","width":9,"source":"cov-public-streets","type":"Residential"},"geometry":{"type":"LineString","coordinates":[[-123.1390746,49.2687933],[-123.1408259,49.2688219]]}},{"type":"Feature","properties":{"name":"BURRARD ST","class":"Arterial","width":18,"source":"cov-public-streets","type":"Arterial"},"geometry":{"type":"LineString","coordinates":[[-123.1323691,49.2769707],[-123.1329065,49.2766151]]}},{"type":"Feature","properties":{"name":"SMITHE ST","class":"Arterial","width":18,"source":"cov-public-streets","type":"Arterial"},"geometry":{"type":"LineString","coordinates":[[-123.1155765,49.2765266],[-123.1159897,49.2767943]]}},{"type":"Feature","properties":{"name":"BURRARD ST","class":"Arterial","width":18,"source":"cov-public-streets","type":"Arterial"},"geometry":{"type":"LineString","coordinates":[[-123.1302456,49.2783757],[-123.1307753,49.2780252]]}},{"type":"Feature","properties":{"name":"SEYMOUR ST","class":"Arterial","width":18,"source":"cov-public-streets","type":"Arterial"},"geometry":{"type":"LineString","coordinates":[[-123.1236157,49.2775631],[-123.1252068,49.2765089]]}},{"type":"Feature","properties":{"name":"CAMBIE ST","class":"Arterial","width":18,"source":"cov-public-streets","type":"Arterial"},"geometry":{"type":"LineString","coordinates":[[-123.1154268,49.2778966],[-123.1165452,49.277156]]}},{"type":"Feature","properties":{"name":"BEATTY ST","class":"Arterial","width":18,"source":"cov-public-streets","type":"Arterial"},"geometry":{"type":"LineString","coordinates":[[-123.1122736,49.2787098],[-123.1124184,49.2786169],[-123.1126782,49.2784428]]}},{"type":"Feature","properties":{"name":"BEACH AV","class":"Arterial","width":18,"source":"cov-public-streets","type":"Arterial"},"geometry":{"type":"LineString","coordinates":[[-123.1383007,49.2804411],[-123.1393794,49.2815056]]}},{"type":"Feature","properties":{"name":"COMOX ST","class":"Residential","width":9,"source":"cov-public-streets","type":"Residential"},"geometry":{"type":"LineString","coordinates":[[-123.1381117,49.2876438],[-123.1396836,49.2886618]]}},{"type":"Feature","properties":{"name":"GILFORD ST","class":"Residential","width":9,"source":"cov-public-streets","type":"Residential"},"geometry":{"type":"LineString","coordinates":[[-123.1423193,49.2889755],[-123.1428993,49.2885912]]}},{"type":"Feature","properties":{"name":"HARO ST","class":"Residential","width":9,"source":"cov-public-streets","type":"Residential"},"geometry":{"type":"LineString","coordinates":[[-123.1340751,49.2892062],[-123.1349245,49.2897558]]}},{"type":"Feature","properties":{"name":"MAPLE ST","class":"Residential","width":9,"source":"cov-public-streets","type":"Residential"},"geometry":{"type":"LineString","coordinates":[[-123.1500226,49.2772321],[-123.1500418,49.2767417]]}},{"type":"Feature","properties":{"name":"CHESTNUT ST","class":"Residential","width":9,"source":"cov-public-streets","type":"Residential"},"geometry":{"type":"LineString","coordinates":[[-123.1461708,49.2773354],[-123.1461945,49.2767687]]}},{"type":"Feature","properties":{"name":"ALBERNI ST","class":"Residential","width":9,"source":"cov-public-streets","type":"Residential"},"geometry":{"type":"LineString","coordinates":[[-123.135945,49.2931989],[-123.1373209,49.2940892]]}},{"type":"Feature","properties":{"name":"HARO ST","class":"Residential","width":9,"source":"cov-public-streets","type":"Residential"},"geometry":{"type":"LineString","coordinates":[[-123.1349245,49.2897558],[-123.1364961,49.2907731]]}},{"type":"Feature","properties":{"name":"BARCLAY ST","class":"Residential","width":9,"source":"cov-public-streets","type":"Residential"},"geometry":{"type":"LineString","coordinates":[[-123.1405069,49.2919774],[-123.1418233,49.2928385]]}},{"type":"Feature","properties":{"name":"NELSON ST","class":"Residential","width":9,"source":"cov-public-streets","type":"Residential"},"geometry":{"type":"LineString","coordinates":[[-123.1386213,49.2893654],[-123.1401942,49.2903834]]}},{"type":"Feature","properties":{"name":"CHILCO ST","class":"Residential","width":9,"source":"cov-public-streets","type":"Residential"},"geometry":{"type":"LineString","coordinates":[[-123.1389239,49.2930373],[-123.1394459,49.2926809]]}},{"type":"Feature","properties":{"name":"GILFORD ST","class":"Residential","width":9,"source":"cov-public-streets","type":"Residential"},"geometry":{"type":"LineString","coordinates":[[-123.1401942,49.2903834],[-123.1407258,49.2900311]]}},{"type":"Feature","properties":{"name":"800-900 GILFORD ST","class":"Residential","width":9,"source":"cov-public-streets","type":"Residential"},"geometry":{"type":"LineString","coordinates":[[-123.1386006,49.2914391],[-123.1391316,49.2910871]]}},{"type":"Feature","properties":{"name":"800-900 GILFORD ST","class":"Residential","width":9,"source":"cov-public-streets","type":"Residential"},"geometry":{"type":"LineString","coordinates":[[-123.1380696,49.2917911],[-123.1386006,49.2914391]]}},{"type":"Feature","properties":{"name":"DENMAN ST","class":"Arterial","width":18,"source":"cov-public-streets","type":"Arterial"},"geometry":{"type":"LineString","coordinates":[[-123.1349033,49.2918283],[-123.1354342,49.2914766]]}},{"type":"Feature","properties":{"name":"DENMAN ST","class":"Arterial","width":18,"source":"cov-public-streets","type":"Arterial"},"geometry":{"type":"LineString","coordinates":[[-123.137559,49.2900692],[-123.1380902,49.2897172]]}},{"type":"Feature","properties":{"name":"COLUMBIA ST","class":"Arterial","width":18,"source":"cov-public-streets","type":"Arterial"},"geometry":{"type":"LineString","coordinates":[[-123.1022971,49.2804346],[-123.1023167,49.2799826]]}},{"type":"Feature","properties":{"name":"W CORDOVA ST","class":"Arterial","width":18,"source":"cov-public-streets","type":"Arterial"},"geometry":{"type":"LineString","coordinates":[[-123.108581,49.2832581],[-123.1091833,49.2833683]]}},{"type":"Feature","properties":{"name":"POWELL ST","class":"Arterial","width":18,"source":"cov-public-streets","type":"Arterial"},"geometry":{"type":"LineString","coordinates":[[-123.1021753,49.2832385],[-123.1035887,49.2832646]]}},{"type":"Feature","properties":{"name":"CARRALL ST","class":"Arterial","width":18,"source":"cov-public-streets","type":"Arterial"},"geometry":{"type":"LineString","coordinates":[[-123.1042428,49.2839623],[-123.1042618,49.2834967]]}},{"type":"Feature","properties":{"name":"W PENDER ST","class":"Arterial","width":18,"source":"cov-public-streets","type":"Arterial"},"geometry":{"type":"LineString","coordinates":[[-123.1084552,49.2812384],[-123.1099716,49.2815099]]}},{"type":"Feature","properties":{"name":"W PENDER ST","class":"Arterial","width":18,"source":"cov-public-streets","type":"Arterial"},"geometry":{"type":"LineString","coordinates":[[-123.1109587,49.2821322],[-123.1119139,49.282761]]}},{"type":"Feature","properties":{"name":"THURLOW ST","class":"Arterial","width":18,"source":"cov-public-streets","type":"Arterial"},"geometry":{"type":"LineString","coordinates":[[-123.131197,49.2803841],[-123.1317292,49.280032]]}},{"type":"Feature","properties":{"name":"ROBSON ST","class":"Arterial","width":18,"source":"cov-public-streets","type":"Arterial"},"geometry":{"type":"LineString","coordinates":[[-123.1203346,49.2816922],[-123.1208034,49.2819963]]}},{"type":"Feature","properties":{"name":"W GEORGIA ST","class":"Arterial","width":18,"source":"cov-public-streets","type":"Arterial"},"geometry":{"type":"LineString","coordinates":[[-123.113245,49.2793384],[-123.1142162,49.2799672]]}},{"type":"Feature","properties":{"name":"DUNSMUIR ST","class":"Arterial","width":18,"source":"cov-public-streets","type":"Arterial"},"geometry":{"type":"LineString","coordinates":[[-123.1139631,49.2820407],[-123.1144493,49.2823547]]}},{"type":"Feature","properties":{"name":"SMITHE ST","class":"Arterial","width":18,"source":"cov-public-streets","type":"Arterial"},"geometry":{"type":"LineString","coordinates":[[-123.1233829,49.2815806],[-123.1238683,49.2818944]]}},{"type":"Feature","properties":{"name":"BURRARD ST","class":"Arterial","width":18,"source":"cov-public-streets","type":"Arterial"},"geometry":{"type":"LineString","coordinates":[[-123.1259961,49.2811873],[-123.1265241,49.280838]]}},{"type":"Feature","properties":{"name":"HORNBY ST","class":"Arterial","width":18,"source":"cov-public-streets","type":"Arterial"},"geometry":{"type":"LineString","coordinates":[[-123.1217906,49.2826345],[-123.1233829,49.2815806]]}},{"type":"Feature","properties":{"name":"NICOLA ST","class":"Residential","width":9,"source":"cov-public-streets","type":"Residential"},"geometry":{"type":"LineString","coordinates":[[-123.1332334,49.2872687],[-123.1337649,49.2869174]]}},{"type":"Feature","properties":{"name":"ROBSON ST","class":"Arterial","width":18,"source":"cov-public-streets","type":"Arterial"},"geometry":{"type":"LineString","coordinates":[[-123.132289,49.2894422],[-123.1338611,49.2904588]]}},{"type":"Feature","properties":{"name":"MAPLE ST","class":"Residential","width":9,"source":"cov-public-streets","type":"Residential"},"geometry":{"type":"LineString","coordinates":[[-123.150399,49.2672353],[-123.1504082,49.267]]}},{"type":"Feature","properties":{"name":"E GEORGIA ST","class":"Residential","width":9,"source":"cov-public-streets","type":"Residential"},"geometry":{"type":"LineString","coordinates":[[-123.0990136,49.2785649],[-123.0970837,49.2785257]]}},{"type":"Feature","properties":{"name":"GORE AV","class":"Residential","width":9,"source":"cov-public-streets","type":"Residential"},"geometry":{"type":"LineString","coordinates":[[-123.0970211,49.2780737],[-123.0969578,49.2776184]]}},{"type":"Feature","properties":{"name":"YEW ST","class":"Residential","width":9,"source":"cov-public-streets","type":"Residential"},"geometry":{"type":"LineString","coordinates":[[-123.1550859,49.269492],[-123.1551026,49.2690508]]}},{"type":"Feature","properties":{"name":"DRAKE ST","class":"Arterial","width":18,"source":"cov-public-streets","type":"Arterial"},"geometry":{"type":"LineString","coordinates":[[-123.1248604,49.2741963],[-123.1253452,49.2745103]]}},{"type":"Feature","properties":{"name":"NELSON ST","class":"Arterial","width":18,"source":"cov-public-streets","type":"Arterial"},"geometry":{"type":"LineString","coordinates":[[-123.1150015,49.2741237],[-123.1153838,49.2744473],[-123.115976,49.2748618]]}},{"type":"Feature","properties":{"name":"DAVIE ST","class":"Arterial","width":18,"source":"cov-public-streets","type":"Arterial"},"geometry":{"type":"LineString","coordinates":[[-123.1237512,49.2755658],[-123.1242361,49.27588]]}},{"type":"Feature","properties":{"name":"HORNBY ST","class":"Arterial","width":18,"source":"cov-public-streets","type":"Arterial"},"geometry":{"type":"LineString","coordinates":[[-123.1265689,49.2794733],[-123.128161,49.2784201]]}},{"type":"Feature","properties":{"name":"W GEORGIA ST","class":"Arterial","width":18,"source":"cov-public-streets","type":"Arterial"},"geometry":{"type":"LineString","coordinates":[[-123.1231234,49.2857245],[-123.125287,49.2871249]]}},{"type":"Feature","properties":{"name":"W HASTINGS ST","class":"Arterial","width":18,"source":"cov-public-streets","type":"Arterial"},"geometry":{"type":"LineString","coordinates":[[-123.1162803,49.2868699],[-123.1163793,49.2869339],[-123.1170235,49.2871228]]}},{"type":"Feature","properties":{"name":"DUNSMUIR ST","class":"Arterial","width":18,"source":"cov-public-streets","type":"Arterial"},"geometry":{"type":"LineString","coordinates":[[-123.1164117,49.283624],[-123.1174037,49.284266]]}},{"type":"Feature","properties":{"name":"ALBERNI ST","class":"Arterial","width":18,"source":"cov-public-streets","type":"Arterial"},"geometry":{"type":"LineString","coordinates":[[-123.1237526,49.2853081],[-123.1259162,49.2867085]]}},{"type":"Feature","properties":{"name":"HARO ST","class":"Residential","width":9,"source":"cov-public-streets","type":"Residential"},"geometry":{"type":"LineString","coordinates":[[-123.1309918,49.2872103],[-123.1321696,49.2879728]]}},{"type":"Feature","properties":{"name":"800-900 NICOLA ST","class":"Residential","width":9,"source":"cov-public-streets","type":"Residential"},"geometry":{"type":"LineString","coordinates":[[-123.1321696,49.2879728],[-123.1327013,49.2876209]]}},{"type":"Feature","properties":{"name":"JERVIS ST","class":"Arterial","width":18,"source":"cov-public-streets","type":"Arterial"},"geometry":{"type":"LineString","coordinates":[[-123.1274885,49.287726],[-123.1280201,49.2873743]]}},{"type":"Feature","properties":{"name":"THURLOW ST","class":"Arterial","width":18,"source":"cov-public-streets","type":"Arterial"},"geometry":{"type":"LineString","coordinates":[[-123.1338557,49.2786248],[-123.1343871,49.2782728]]}},{"type":"Feature","properties":{"name":"BROUGHTON ST","class":"Residential","width":9,"source":"cov-public-streets","type":"Residential"},"geometry":{"type":"LineString","coordinates":[[-123.1389639,49.2819323],[-123.139495,49.2815805]]}},{"type":"Feature","properties":{"name":"MAIN ST","class":"Arterial","width":18,"source":"cov-public-streets","type":"Arterial"},"geometry":{"type":"LineString","coordinates":[[-123.0997713,49.2786222],[-123.0997723,49.2785785]]}},{"type":"Feature","properties":{"name":"E CORDOVA ST","class":"Arterial","width":18,"source":"cov-public-streets","type":"Arterial"},"geometry":{"type":"LineString","coordinates":[[-123.0996065,49.2822849],[-123.0988588,49.2822711]]}},{"type":"Feature","properties":{"name":"ALEXANDER ST","class":"Residential","width":9,"source":"cov-public-streets","type":"Residential"},"geometry":{"type":"LineString","coordinates":[[-123.0987793,49.2840808],[-123.097861,49.2840628]]}},{"type":"Feature","properties":{"name":"GORE AV","class":"Residential","width":9,"source":"cov-public-streets","type":"Residential"},"geometry":{"type":"LineString","coordinates":[[-123.0977353,49.2831561],[-123.0976714,49.2827022]]}},{"type":"Feature","properties":{"name":"1200-1300 BROUGHTON ST","class":"Residential","width":9,"source":"cov-public-streets","type":"Residential"},"geometry":{"type":"LineString","coordinates":[[-123.1379011,49.282636],[-123.1384331,49.2822839]]}},{"type":"Feature","properties":{"name":"E GEORGIA ST","class":"Residential","width":9,"source":"cov-public-streets","type":"Residential"},"geometry":{"type":"LineString","coordinates":[[-123.0997723,49.2785785],[-123.0990136,49.2785649]]}},{"type":"Feature","properties":{"name":"KEEFER ST","class":"Residential","width":9,"source":"cov-public-streets","type":"Residential"},"geometry":{"type":"LineString","coordinates":[[-123.0989771,49.27947],[-123.0972111,49.279435]]}},{"type":"Feature","properties":{"name":"900-1000 STATION ST","class":"Residential","width":9,"source":"cov-public-streets","type":"Residential"},"geometry":{"type":"LineString","coordinates":[[-123.0990178,49.2767525],[-123.0990996,49.2749068]]}},{"type":"Feature","properties":{"name":"GORE AV","class":"Residential","width":9,"source":"cov-public-streets","type":"Residential"},"geometry":{"type":"LineString","coordinates":[[-123.0974005,49.2807961],[-123.0973372,49.2803418]]}},{"type":"Feature","properties":{"name":"ABBOTT ST","class":"Arterial","width":18,"source":"cov-public-streets","type":"Arterial"},"geometry":{"type":"LineString","coordinates":[[-123.1071952,49.281991],[-123.1073761,49.2815404]]}},{"type":"Feature","properties":{"name":"W PENDER ST","class":"Arterial","width":18,"source":"cov-public-streets","type":"Arterial"},"geometry":{"type":"LineString","coordinates":[[-123.1049246,49.2805969],[-123.1056063,49.2807204]]}},{"type":"Feature","properties":{"name":"PAT QUINN WAY","class":"Residential","width":9,"source":"cov-public-streets","type":"Residential"},"geometry":{"type":"LineString","coordinates":[[-123.1076198,49.2786476],[-123.1076764,49.2771199]]}},{"type":"Feature","properties":{"name":"W HASTINGS ST","class":"Residential","width":9,"source":"cov-public-streets","type":"Residential"},"geometry":{"type":"LineString","coordinates":[[-123.1268026,49.2899837],[-123.12842,49.2904554]]}},{"type":"Feature","properties":{"name":"DAVIE ST","class":"Residential","width":9,"source":"cov-public-streets","type":"Residential"},"geometry":{"type":"LineString","coordinates":[[-123.1198122,49.2730143],[-123.121378,49.2740276]]}},{"type":"Feature","properties":{"name":"W HASTINGS ST","class":"Residential","width":9,"source":"cov-public-streets","type":"Residential"},"geometry":{"type":"LineString","coordinates":[[-123.12491,49.2894316],[-123.1268026,49.2899837]]}},{"type":"Feature","properties":{"name":"BURRARD BRIDGE","class":"Arterial","width":18,"source":"cov-public-streets","type":"Arterial"},"geometry":{"type":"LineString","coordinates":[[-123.1323691,49.2769707],[-123.1331326,49.2767102],[-123.134186,49.2763585],[-123.1367751,49.2755126],[-123.1440817,49.2731632],[-123.1442503,49.2730979],[-123.1444147,49.2730227],[-123.1445698,49.2729395],[-123.1447148,49.2728488],[-123.1448487,49.2727511],[-123.1449709,49.272647],[-123.1450805,49.2725371],[-123.145177,49.2724221]]}},{"type":"Feature","properties":{"name":"W HASTINGS ST","class":"Arterial","width":18,"source":"cov-public-streets","type":"Arterial"},"geometry":{"type":"LineString","coordinates":[[-123.1109331,49.2834093],[-123.1119042,49.2840376]]}},{"type":"Feature","properties":{"name":"CARDERO ST","class":"Residential","width":9,"source":"cov-public-streets","type":"Residential"},"geometry":{"type":"LineString","coordinates":[[-123.1360089,49.2869788],[-123.1365397,49.2866264]]}},{"type":"Feature","properties":{"name":"NELSON ST","class":"Residential","width":9,"source":"cov-public-streets","type":"Residential"},"geometry":{"type":"LineString","coordinates":[[-123.1354777,49.2873308],[-123.1370495,49.2883481]]}},{"type":"Feature","properties":{"name":"CHILCO ST","class":"Residential","width":9,"source":"cov-public-streets","type":"Residential"},"geometry":{"type":"LineString","coordinates":[[-123.1415688,49.2912733],[-123.1421008,49.2909213]]}},{"type":"Feature","properties":{"name":"PACIFIC ST","class":"Arterial","width":18,"source":"cov-public-streets","type":"Arterial"},"geometry":{"type":"LineString","coordinates":[[-123.1323691,49.2769707],[-123.1343871,49.2782728]]}},{"type":"Feature","properties":{"name":"W CORDOVA ST","class":"Arterial","width":18,"source":"cov-public-streets","type":"Arterial"},"geometry":{"type":"LineString","coordinates":[[-123.106788,49.2829302],[-123.108581,49.2832581]]}},{"type":"Feature","properties":{"name":"W CORDOVA ST","class":"Residential","width":9,"source":"cov-public-streets","type":"Residential"},"geometry":{"type":"LineString","coordinates":[[-123.1220854,49.2892349],[-123.1222588,49.2892963],[-123.1225335,49.2894005],[-123.1228025,49.2895109],[-123.1230654,49.2896273],[-123.1232311,49.2897055],[-123.1234835,49.2898317],[-123.1237291,49.2899635],[-123.1239332,49.2900778]]}},{"type":"Feature","properties":{"name":"OLD BRIDGE COURT","class":"Residential","width":9,"source":"cov-public-streets","type":"Residential"},"geometry":{"type":"LineString","coordinates":[[-123.1374056,49.2687963],[-123.1368245,49.2688598]]}},{"type":"Feature","properties":{"name":"NELSON ST","class":"Residential","width":9,"source":"cov-public-streets","type":"Residential"},"geometry":{"type":"LineString","coordinates":[[-123.1317427,49.284911],[-123.1331179,49.285802]]}},{"type":"Feature","properties":{"name":"W 1ST AV","class":"Residential","width":9,"source":"cov-public-streets","type":"Residential"},"geometry":{"type":"LineString","coordinates":[[-123.1454991,49.270661],[-123.1464522,49.2706764]]}},{"type":"Feature","properties":{"name":"W 1ST AV","class":"Residential","width":9,"source":"cov-public-streets","type":"Residential"},"geometry":{"type":"LineString","coordinates":[[-123.1094109,49.2702771],[-123.1096004,49.2702788],[-123.1097047,49.2702718],[-123.1098232,49.270252],[-123.1099356,49.2702204],[-123.1100371,49.2701787],[-123.1108176,49.2697952]]}},{"type":"Feature","properties":{"name":"MANITOBA ST","class":"Residential","width":9,"source":"cov-public-streets","type":"Residential"},"geometry":{"type":"LineString","coordinates":[[-123.1066115,49.2683237],[-123.1066295,49.2678724]]}},{"type":"Feature","properties":{"name":"NELSON ST","class":"Arterial","width":18,"source":"cov-public-streets","type":"Arterial"},"geometry":{"type":"LineString","coordinates":[[-123.1235197,49.2795859],[-123.1240047,49.2799]]}},{"type":"Feature","properties":{"name":"BURRARD ST","class":"Arterial","width":18,"source":"cov-public-streets","type":"Arterial"},"geometry":{"type":"LineString","coordinates":[[-123.1265241,49.280838],[-123.1270559,49.2804862]]}},{"type":"Feature","properties":{"name":"W GEORGIA ST","class":"Arterial","width":18,"source":"cov-public-streets","type":"Arterial"},"geometry":{"type":"LineString","coordinates":[[-123.1195973,49.2834502],[-123.1200827,49.2837645]]}},{"type":"Feature","properties":{"name":"BUTE ST","class":"Residential","width":9,"source":"cov-public-streets","type":"Residential"},"geometry":{"type":"LineString","coordinates":[[-123.1307012,49.2835422],[-123.1312326,49.2831905]]}},{"type":"Feature","properties":{"name":"800-900 BUTE ST","class":"Residential","width":9,"source":"cov-public-streets","type":"Residential"},"geometry":{"type":"LineString","coordinates":[[-123.1280428,49.2853012],[-123.1285744,49.2849495]]}},{"type":"Feature","properties":{"name":"HORNBY ST","class":"Arterial","width":18,"source":"cov-public-streets","type":"Arterial"},"geometry":{"type":"LineString","coordinates":[[-123.1168091,49.2859283],[-123.1172891,49.2856109]]}},{"type":"Feature","properties":{"name":"HOWE ST","class":"Arterial","width":18,"source":"cov-public-streets","type":"Arterial"},"geometry":{"type":"LineString","coordinates":[[-123.1148572,49.2859499],[-123.1153581,49.2856184]]}},{"type":"Feature","properties":{"name":"HOWE ST","class":"Arterial","width":18,"source":"cov-public-streets","type":"Arterial"},"geometry":{"type":"LineString","coordinates":[[-123.1163196,49.2849836],[-123.1174037,49.284266]]}},{"type":"Feature","properties":{"name":"ROBSON ST","class":"Arterial","width":18,"source":"cov-public-streets","type":"Arterial"},"geometry":{"type":"LineString","coordinates":[[-123.1311062,49.2886765],[-123.132289,49.2894422]]}},{"type":"Feature","properties":{"name":"HOMER ST","class":"Arterial","width":18,"source":"cov-public-streets","type":"Arterial"},"geometry":{"type":"LineString","coordinates":[[-123.1200802,49.2773582],[-123.1216724,49.276307]]}},{"type":"Feature","properties":{"name":"HELMCKEN ST","class":"Arterial","width":18,"source":"cov-public-streets","type":"Arterial"},"geometry":{"type":"LineString","coordinates":[[-123.1216724,49.276307],[-123.1221572,49.2766198]]}},{"type":"Feature","properties":{"name":"CAMBIE ST","class":"Arterial","width":18,"source":"cov-public-streets","type":"Arterial"},"geometry":{"type":"LineString","coordinates":[[-123.1089867,49.2838288],[-123.109119,49.2835187]]}},{"type":"Feature","properties":{"name":"ROBSON ST","class":"Arterial","width":18,"source":"cov-public-streets","type":"Arterial"},"geometry":{"type":"LineString","coordinates":[[-123.1149548,49.2782091],[-123.1144685,49.277895]]}},{"type":"Feature","properties":{"name":"SMITHE ST","class":"Arterial","width":18,"source":"cov-public-streets","type":"Arterial"},"geometry":{"type":"LineString","coordinates":[[-123.1214215,49.2803113],[-123.1219285,49.2806366]]}},{"type":"Feature","properties":{"name":"BUTE ST","class":"Arterial","width":18,"source":"cov-public-streets","type":"Arterial"},"geometry":{"type":"LineString","coordinates":[[-123.125287,49.2871249],[-123.1259162,49.2867085]]}},{"type":"Feature","properties":{"name":"BURRARD ST","class":"Arterial","width":18,"source":"cov-public-streets","type":"Arterial"},"geometry":{"type":"LineString","coordinates":[[-123.1178287,49.2865884],[-123.1183098,49.2862709]]}},{"type":"Feature","properties":{"name":"SEYMOUR ST","class":"Arterial","width":18,"source":"cov-public-streets","type":"Arterial"},"geometry":{"type":"LineString","coordinates":[[-123.1143358,49.2836997],[-123.1154202,49.2829824]]}},{"type":"Feature","properties":{"name":"BIDWELL ST","class":"Residential","width":9,"source":"cov-public-streets","type":"Residential"},"geometry":{"type":"LineString","coordinates":[[-123.139706,49.2865877],[-123.1402375,49.2862362]]}},{"type":"Feature","properties":{"name":"W 4TH AV","class":"Arterial","width":18,"source":"cov-public-streets","type":"Arterial"},"geometry":{"type":"LineString","coordinates":[[-123.1368032,49.2676515],[-123.1369896,49.2677681],[-123.1370658,49.267807],[-123.1371715,49.2678452],[-123.1372392,49.2678621],[-123.1372974,49.2678727],[-123.1373688,49.2678809],[-123.137429,49.2678839],[-123.1383956,49.2678992]]}},{"type":"Feature","properties":{"name":"W 4TH AV","class":"Arterial","width":18,"source":"cov-public-streets","type":"Arterial"},"geometry":{"type":"LineString","coordinates":[[-123.1368032,49.2676515],[-123.135963,49.2671372]]}},{"type":"Feature","properties":{"name":"QUEBEC ST","class":"Arterial","width":18,"source":"cov-public-streets","type":"Arterial"},"geometry":{"type":"LineString","coordinates":[[-123.1027789,49.2763394],[-123.1024572,49.2760272],[-123.1023357,49.2758976],[-123.1022268,49.2757474],[-123.1019993,49.2753432]]}},{"type":"Feature","properties":{"name":"DUNLEVY AV","class":"Residential","width":9,"source":"cov-public-streets","type":"Residential"},"geometry":{"type":"LineString","coordinates":[[-123.0955383,49.2775902],[-123.0955605,49.2771401]]}},{"type":"Feature","properties":{"name":"DUNLEVY AV","class":"Residential","width":9,"source":"cov-public-streets","type":"Residential"},"geometry":{"type":"LineString","coordinates":[[-123.0954087,49.2807585],[-123.0954272,49.2803052]]}},{"type":"Feature","properties":{"name":"DUNLEVY AV","class":"Residential","width":9,"source":"cov-public-streets","type":"Residential"},"geometry":{"type":"LineString","coordinates":[[-123.0952278,49.284872],[-123.0952458,49.284461]]}},{"type":"Feature","properties":{"name":"CORNWALL AV","class":"Arterial","width":18,"source":"cov-public-streets","type":"Arterial"},"geometry":{"type":"LineString","coordinates":[[-123.1483956,49.2724726],[-123.148989,49.2724822]]}},{"type":"Feature","properties":{"name":"ARBUTUS ST","class":"Residential","width":9,"source":"cov-public-streets","type":"Residential"},"geometry":{"type":"LineString","coordinates":[[-123.1526678,49.2707758],[-123.1526836,49.2703355]]}},{"type":"Feature","properties":{"name":"NELSON ST","class":"Residential","width":9,"source":"cov-public-streets","type":"Residential"},"geometry":{"type":"LineString","coordinates":[[-123.115976,49.2748618],[-123.1161034,49.27495],[-123.1169304,49.2754748],[-123.1171607,49.2754746]]}},{"type":"Feature","properties":{"name":"TERMINAL AV","class":"Residential","width":9,"source":"cov-public-streets","type":"Residential"},"geometry":{"type":"LineString","coordinates":[[-123.1017281,49.273016],[-123.1009968,49.2729259],[-123.100028,49.2727763]]}},{"type":"Feature","properties":{"name":"MARINASIDE CRESCENT","class":"Residential","width":9,"source":"cov-public-streets","type":"Residential"},"geometry":{"type":"LineString","coordinates":[[-123.1175217,49.2734747],[-123.1177123,49.273502],[-123.1178696,49.2735163],[-123.1180282,49.2735233],[-123.1181872,49.2735232],[-123.1183721,49.2735138],[-123.1185291,49.273498],[-123.118684,49.273475],[-123.1188394,49.2734443]]}},{"type":"Feature","properties":{"name":"ROBSON ST","class":"Arterial","width":18,"source":"cov-public-streets","type":"Arterial"},"geometry":{"type":"LineString","coordinates":[[-123.1144685,49.277895],[-123.113982,49.2775808]]}},{"type":"Feature","properties":{"name":"DAVIE ST","class":"Arterial","width":18,"source":"cov-public-streets","type":"Arterial"},"geometry":{"type":"LineString","coordinates":[[-123.125692,49.2768228],[-123.1261986,49.2771505]]}},{"type":"Feature","properties":{"name":"BALSAM ST","class":"Residential","width":9,"source":"cov-public-streets","type":"Residential"},"geometry":{"type":"LineString","coordinates":[[-123.1597443,49.2717722],[-123.1597601,49.271331]]}},{"type":"Feature","properties":{"name":"VINE ST","class":"Residential","width":9,"source":"cov-public-streets","type":"Residential"},"geometry":{"type":"LineString","coordinates":[[-123.1573577,49.2721744],[-123.1573741,49.271734]]}},{"type":"Feature","properties":{"name":"HAMILTON ST","class":"Arterial","width":18,"source":"cov-public-streets","type":"Arterial"},"geometry":{"type":"LineString","coordinates":[[-123.1119389,49.2814739],[-123.1125075,49.2810979]]}},{"type":"Feature","properties":{"name":"BEACH AV","class":"Arterial","width":18,"source":"cov-public-streets","type":"Arterial"},"geometry":{"type":"LineString","coordinates":[[-123.1406738,49.282344],[-123.1418542,49.2831071]]}},{"type":"Feature","properties":{"name":"STAMP'S LANDING","class":"Residential","width":9,"source":"cov-public-streets","type":"Residential"},"geometry":{"type":"LineString","coordinates":[[-123.1182599,49.2686806],[-123.118498,49.2686844]]}},{"type":"Feature","properties":{"name":"MAIN ST","class":"Arterial","width":18,"source":"cov-public-streets","type":"Arterial"},"geometry":{"type":"LineString","coordinates":[[-123.0998811,49.2760409],[-123.0999328,49.2749236]]}},{"type":"Feature","properties":{"name":"ONTARIO ST","class":"Residential","width":9,"source":"cov-public-streets","type":"Residential"},"geometry":{"type":"LineString","coordinates":[[-123.1046764,49.2682898],[-123.1046954,49.2678378]]}},{"type":"Feature","properties":{"name":"COOK ST","class":"Residential","width":9,"source":"cov-public-streets","type":"Residential"},"geometry":{"type":"LineString","coordinates":[[-123.1104109,49.2694297],[-123.1099643,49.2690273]]}},{"type":"Feature","properties":{"name":"SAWCUT","class":"Residential","width":9,"source":"cov-public-streets","type":"Residential"},"geometry":{"type":"LineString","coordinates":[[-123.1211293,49.2672243],[-123.1220885,49.2673859]]}},{"type":"Feature","properties":{"name":"GRANVILLE BRIDGE","class":"Arterial","width":18,"source":"cov-public-streets","type":"Arterial"},"geometry":{"type":"LineString","coordinates":[[-123.1376785,49.2695378],[-123.1377981,49.2694624],[-123.1379099,49.2693785],[-123.1379911,49.269307],[-123.1380815,49.2692127],[-123.1381446,49.2691338],[-123.1382113,49.2690314],[-123.1382642,49.2689256],[-123.1382962,49.268839],[-123.1383189,49.2687511],[-123.1383298,49.2686847],[-123.1384204,49.2671666]]}},{"type":"Feature","properties":{"name":"BURRARD ST","class":"Arterial","width":18,"source":"cov-public-streets","type":"Arterial"},"geometry":{"type":"LineString","coordinates":[[-123.1222705,49.2836519],[-123.1228089,49.2832957]]}},{"type":"Feature","properties":{"name":"1600-1700 BAYSHORE DRIVE","class":"Residential","width":9,"source":"cov-public-streets","type":"Residential"},"geometry":{"type":"LineString","coordinates":[[-123.1306093,49.2921766],[-123.1306546,49.2921728],[-123.130698,49.2921644],[-123.1307389,49.2921516],[-123.1307763,49.2921348],[-123.1311091,49.2919162],[-123.1311311,49.2919047],[-123.131163,49.291895],[-123.1312,49.291891],[-123.131235,49.2918934],[-123.1312678,49.2919016],[-123.1312979,49.2919162],[-123.1330552,49.2930532]]}},{"type":"Feature","properties":{"name":"GRIFFITHS WAY","class":"Arterial","width":18,"source":"cov-public-streets","type":"Arterial"},"geometry":{"type":"LineString","coordinates":[[-123.1104781,49.2778784],[-123.1103271,49.2778097],[-123.1098217,49.2775963],[-123.109707,49.2775298],[-123.1091058,49.2770016],[-123.108987,49.2766806]]}},{"type":"Feature","properties":{"name":"W CORDOVA ST","class":"Arterial","width":18,"source":"cov-public-streets","type":"Arterial"},"geometry":{"type":"LineString","coordinates":[[-123.1101162,49.2841637],[-123.1109534,49.2846779]]}},{"type":"Feature","properties":{"name":"CAMBIE ST","class":"Arterial","width":18,"source":"cov-public-streets","type":"Arterial"},"geometry":{"type":"LineString","coordinates":[[-123.108936,49.2839471],[-123.1089867,49.2838288]]}},{"type":"Feature","properties":{"name":"PINE ST","class":"Residential","width":9,"source":"cov-public-streets","type":"Residential"},"geometry":{"type":"LineString","coordinates":[[-123.1432441,49.2675583],[-123.1432605,49.2671204]]}},{"type":"Feature","properties":{"name":"W 3RD AV","class":"Residential","width":9,"source":"cov-public-streets","type":"Residential"},"geometry":{"type":"LineString","coordinates":[[-123.164487,49.269203],[-123.165,49.2692109]]}},{"type":"Feature","properties":{"name":"YEW ST","class":"Residential","width":9,"source":"cov-public-streets","type":"Residential"},"geometry":{"type":"LineString","coordinates":[[-123.15502,49.2712547],[-123.1550367,49.270814]]}},{"type":"Feature","properties":{"name":"GORE AV","class":"Residential","width":9,"source":"cov-public-streets","type":"Residential"},"geometry":{"type":"LineString","coordinates":[[-123.097861,49.2840628],[-123.0977994,49.2836101]]}},{"type":"Feature","properties":{"name":"POWELL ST","class":"Arterial","width":18,"source":"cov-public-streets","type":"Arterial"},"geometry":{"type":"LineString","coordinates":[[-123.0977353,49.2831561],[-123.0988187,49.2831763]]}},{"type":"Feature","properties":{"name":"BURRARD ST","class":"Arterial","width":18,"source":"cov-public-streets","type":"Arterial"},"geometry":{"type":"LineString","coordinates":[[-123.1313092,49.2776719],[-123.1318408,49.2773201]]}},{"type":"Feature","properties":{"name":"ROBSON ST","class":"Arterial","width":18,"source":"cov-public-streets","type":"Arterial"},"geometry":{"type":"LineString","coordinates":[[-123.11738,49.2797805],[-123.117866,49.2800945]]}},{"type":"Feature","properties":{"name":"BEATTY ST","class":"Arterial","width":18,"source":"cov-public-streets","type":"Arterial"},"geometry":{"type":"LineString","coordinates":[[-123.113982,49.2775808],[-123.1144567,49.2772672]]}},{"type":"Feature","properties":{"name":"BEATTY ST","class":"Arterial","width":18,"source":"cov-public-streets","type":"Arterial"},"geometry":{"type":"LineString","coordinates":[[-123.1126782,49.2784428],[-123.113982,49.2775808]]}},{"type":"Feature","properties":{"name":"ROBSON ST","class":"Arterial","width":18,"source":"cov-public-streets","type":"Arterial"},"geometry":{"type":"LineString","coordinates":[[-123.1164096,49.2791522],[-123.1168878,49.2794631]]}},{"type":"Feature","properties":{"name":"DUNSMUIR ST","class":"Arterial","width":18,"source":"cov-public-streets","type":"Arterial"},"geometry":{"type":"LineString","coordinates":[[-123.1134782,49.2817261],[-123.1139631,49.2820407]]}},{"type":"Feature","properties":{"name":"GRANVILLE ST","class":"Arterial","width":18,"source":"cov-public-streets","type":"Arterial"},"geometry":{"type":"LineString","coordinates":[[-123.1198282,49.2813646],[-123.1214215,49.2803113]]}},{"type":"Feature","properties":{"name":"KEEFER ST","class":"Arterial","width":18,"source":"cov-public-streets","type":"Arterial"},"geometry":{"type":"LineString","coordinates":[[-123.1004811,49.2794953],[-123.0997293,49.2794815]]}},{"type":"Feature","properties":{"name":"MELVILLE ST","class":"Arterial","width":18,"source":"cov-public-streets","type":"Arterial"},"geometry":{"type":"LineString","coordinates":[[-123.1214274,49.2860895],[-123.1220054,49.2864634]]}},{"type":"Feature","properties":{"name":"DRAKE ST","class":"Arterial","width":18,"source":"cov-public-streets","type":"Arterial"},"geometry":{"type":"LineString","coordinates":[[-123.125831,49.274825],[-123.1263163,49.2751393]]}},{"type":"Feature","properties":{"name":"PACIFIC BOULEVARD","class":"Arterial","width":18,"source":"cov-public-streets","type":"Arterial"},"geometry":{"type":"LineString","coordinates":[[-123.1236925,49.2734397],[-123.1247008,49.2731375],[-123.1247335,49.2731292],[-123.124972,49.2730871],[-123.1252158,49.2730616],[-123.1254623,49.2730529],[-123.1257089,49.2730611],[-123.1259031,49.273081]]}},{"type":"Feature","properties":{"name":"BROUGHTON ST","class":"Residential","width":9,"source":"cov-public-streets","type":"Residential"},"geometry":{"type":"LineString","coordinates":[[-123.1304604,49.2875622],[-123.1309918,49.2872103]]}},{"type":"Feature","properties":{"name":"SMITHE ST","class":"Arterial","width":18,"source":"cov-public-streets","type":"Arterial"},"geometry":{"type":"LineString","coordinates":[[-123.1244038,49.2822407],[-123.1246564,49.2824065],[-123.1247282,49.2824608],[-123.1248169,49.2825368],[-123.1248973,49.2826167],[-123.1249691,49.2827],[-123.1250317,49.2827864],[-123.1250865,49.2828782]]}},{"type":"Feature","properties":{"name":"HORNBY ST","class":"Arterial","width":18,"source":"cov-public-streets","type":"Arterial"},"geometry":{"type":"LineString","coordinates":[[-123.1158273,49.2865772],[-123.116328,49.2862461]]}},{"type":"Feature","properties":{"name":"GRANVILLE ST","class":"Arterial","width":18,"source":"cov-public-streets","type":"Arterial"},"geometry":{"type":"LineString","coordinates":[[-123.1133696,49.2856338],[-123.1138663,49.2853073]]}},{"type":"Feature","properties":{"name":"GRANVILLE ST","class":"Arterial","width":18,"source":"cov-public-streets","type":"Arterial"},"geometry":{"type":"LineString","coordinates":[[-123.1143671,49.2849762],[-123.1148475,49.2846586]]}},{"type":"Feature","properties":{"name":"THURLOW ST","class":"Arterial","width":18,"source":"cov-public-streets","type":"Arterial"},"geometry":{"type":"LineString","coordinates":[[-123.1269429,49.2831975],[-123.1274749,49.2828455]]}},{"type":"Feature","properties":{"name":"800-900 THURLOW ST","class":"Arterial","width":18,"source":"cov-public-streets","type":"Arterial"},"geometry":{"type":"LineString","coordinates":[[-123.1264111,49.2835494],[-123.1269429,49.2831975]]}},{"type":"Feature","properties":{"name":"800-900 THURLOW ST","class":"Arterial","width":18,"source":"cov-public-streets","type":"Arterial"},"geometry":{"type":"LineString","coordinates":[[-123.1258797,49.2839009],[-123.1264111,49.2835494]]}},{"type":"Feature","properties":{"name":"THURLOW ST","class":"Arterial","width":18,"source":"cov-public-streets","type":"Arterial"},"geometry":{"type":"LineString","coordinates":[[-123.1242848,49.284956],[-123.12482,49.284602]]}},{"type":"Feature","properties":{"name":"THURLOW ST","class":"Arterial","width":18,"source":"cov-public-streets","type":"Arterial"},"geometry":{"type":"LineString","coordinates":[[-123.1231234,49.2857245],[-123.1237526,49.2853081]]}},{"type":"Feature","properties":{"name":"DAVIE ST","class":"Arterial","width":18,"source":"cov-public-streets","type":"Arterial"},"geometry":{"type":"LineString","coordinates":[[-123.1363062,49.2836912],[-123.1374857,49.2844547]]}},{"type":"Feature","properties":{"name":"BROUGHTON ST","class":"Residential","width":9,"source":"cov-public-streets","type":"Residential"},"geometry":{"type":"LineString","coordinates":[[-123.1336491,49.2854504],[-123.1341806,49.2850984]]}},{"type":"Feature","properties":{"name":"NICOLA ST","class":"Residential","width":9,"source":"cov-public-streets","type":"Residential"},"geometry":{"type":"LineString","coordinates":[[-123.1374857,49.2844547],[-123.1380169,49.2841028]]}},{"type":"Feature","properties":{"name":"JERVIS ST","class":"Residential","width":9,"source":"cov-public-streets","type":"Residential"},"geometry":{"type":"LineString","coordinates":[[-123.1317427,49.284911],[-123.1322733,49.2845598]]}},{"type":"Feature","properties":{"name":"CORNWALL AV","class":"Arterial","width":18,"source":"cov-public-streets","type":"Arterial"},"geometry":{"type":"LineString","coordinates":[[-123.1463776,49.2724397],[-123.1478027,49.2724628]]}},{"type":"Feature","properties":{"name":"CHESTNUT ST","class":"Residential","width":9,"source":"cov-public-streets","type":"Residential"},"geometry":{"type":"LineString","coordinates":[[-123.1464329,49.2711161],[-123.1464522,49.2706764]]}},{"type":"Feature","properties":{"name":"HOWE ST","class":"Arterial","width":18,"source":"cov-public-streets","type":"Arterial"},"geometry":{"type":"LineString","coordinates":[[-123.1303841,49.2756783],[-123.1313859,49.2750152]]}},{"type":"Feature","properties":{"name":"CREEKSIDE DRIVE","class":"Residential","width":9,"source":"cov-public-streets","type":"Residential"},"geometry":{"type":"LineString","coordinates":[[-123.140799,49.2727952],[-123.1408763,49.2725774],[-123.1402253,49.271375]]}},{"type":"Feature","properties":{"name":"ANDERSON ST","class":"Residential","width":9,"source":"cov-public-streets","type":"Residential"},"geometry":{"type":"LineString","coordinates":[[-123.1383628,49.2687814],[-123.13835,49.2691107],[-123.1379938,49.2693459]]}},{"type":"Feature","properties":{"name":"MELVILLE ST","class":"Arterial","width":18,"source":"cov-public-streets","type":"Arterial"},"geometry":{"type":"LineString","coordinates":[[-123.1241703,49.2878638],[-123.1257427,49.2888808]]}},{"type":"Feature","properties":{"name":"W PENDER ST","class":"Arterial","width":18,"source":"cov-public-streets","type":"Arterial"},"geometry":{"type":"LineString","coordinates":[[-123.1290251,49.2900537],[-123.1293745,49.2901663],[-123.1304646,49.2904754]]}},{"type":"Feature","properties":{"name":"BUTE ST","class":"Residential","width":9,"source":"cov-public-streets","type":"Residential"},"geometry":{"type":"LineString","coordinates":[[-123.1220854,49.2892349],[-123.1227521,49.2888022]]}},{"type":"Feature","properties":{"name":"BIDWELL ST","class":"Residential","width":9,"source":"cov-public-streets","type":"Residential"},"geometry":{"type":"LineString","coordinates":[[-123.1365186,49.2887001],[-123.1370495,49.2883481]]}},{"type":"Feature","properties":{"name":"1000-1100 DENMAN ST","class":"Arterial","width":18,"source":"cov-public-streets","type":"Arterial"},"geometry":{"type":"LineString","coordinates":[[-123.1402156,49.2883097],[-123.1407463,49.2879577]]}},{"type":"Feature","properties":{"name":"HARO ST","class":"Residential","width":9,"source":"cov-public-streets","type":"Residential"},"geometry":{"type":"LineString","coordinates":[[-123.1394459,49.2926809],[-123.1402489,49.2932008]]}},{"type":"Feature","properties":{"name":"800-900 CHILCO ST","class":"Residential","width":9,"source":"cov-public-streets","type":"Residential"},"geometry":{"type":"LineString","coordinates":[[-123.139976,49.2923289],[-123.1405069,49.2919774]]}},{"type":"Feature","properties":{"name":"DENMAN ST","class":"Residential","width":9,"source":"cov-public-streets","type":"Residential"},"geometry":{"type":"LineString","coordinates":[[-123.1330552,49.2930532],[-123.1337401,49.2925947]]}},{"type":"Feature","properties":{"name":"W GEORGIA ST","class":"Arterial","width":18,"source":"cov-public-streets","type":"Arterial"},"geometry":{"type":"LineString","coordinates":[[-123.13217,49.2915789],[-123.1337401,49.2925947]]}},{"type":"Feature","properties":{"name":"GEORGIA VIADUCT","class":"Arterial","width":18,"source":"cov-public-streets","type":"Arterial"},"geometry":{"type":"LineString","coordinates":[[-123.0998475,49.2767664],[-123.101023,49.2768645],[-123.1016613,49.2769386],[-123.1020451,49.2769792],[-123.1024257,49.2770268],[-123.102936,49.2770841],[-123.1033806,49.2771601]]}},{"type":"Feature","properties":{"name":"ALEXANDER ST","class":"Residential","width":9,"source":"cov-public-streets","type":"Residential"},"geometry":{"type":"LineString","coordinates":[[-123.0995268,49.2840935],[-123.0987793,49.2840808]]}},{"type":"Feature","properties":{"name":"BALSAM ST","class":"Residential","width":9,"source":"cov-public-streets","type":"Residential"},"geometry":{"type":"LineString","coordinates":[[-123.159826,49.2695677],[-123.1598422,49.2691274]]}},{"type":"Feature","properties":{"name":"W 2ND AV","class":"Residential","width":9,"source":"cov-public-streets","type":"Residential"},"geometry":{"type":"LineString","coordinates":[[-123.1574393,49.2699708],[-123.1598093,49.2700085]]}},{"type":"Feature","properties":{"name":"VINE ST","class":"Residential","width":9,"source":"cov-public-streets","type":"Residential"},"geometry":{"type":"LineString","coordinates":[[-123.1574063,49.2708519],[-123.1574231,49.2704116]]}},{"type":"Feature","properties":{"name":"COLUMBIA ST","class":"Arterial","width":18,"source":"cov-public-streets","type":"Arterial"},"geometry":{"type":"LineString","coordinates":[[-123.1022781,49.2808871],[-123.1022971,49.2804346]]}},{"type":"Feature","properties":{"name":"CARRALL ST","class":"Arterial","width":18,"source":"cov-public-streets","type":"Arterial"},"geometry":{"type":"LineString","coordinates":[[-123.1043454,49.2814731],[-123.1043682,49.280926]]}},{"type":"Feature","properties":{"name":"ABBOTT ST","class":"Arterial","width":18,"source":"cov-public-streets","type":"Arterial"},"geometry":{"type":"LineString","coordinates":[[-123.1061876,49.2843354],[-123.1063833,49.283885]]}},{"type":"Feature","properties":{"name":"POWELL ST","class":"Arterial","width":18,"source":"cov-public-streets","type":"Arterial"},"geometry":{"type":"LineString","coordinates":[[-123.1035887,49.2832646],[-123.104271,49.2832771]]}},{"type":"Feature","properties":{"name":"UNNAMED ST","class":"Residential","width":9,"source":"cov-public-streets","type":"Residential"},"geometry":{"type":"LineString","coordinates":[[-123.1151666,49.2710277],[-123.1176045,49.2697643],[-123.1181316,49.2690317],[-123.1181397,49.2687366],[-123.1180658,49.2686774]]}},{"type":"Feature","properties":{"name":"CARDERO ST","class":"Residential","width":9,"source":"cov-public-streets","type":"Residential"},"geometry":{"type":"LineString","coordinates":[[-123.1292888,49.2914283],[-123.1298717,49.2910421]]}},{"type":"Feature","properties":{"name":"NEON ST","class":"Residential","width":9,"source":"cov-public-streets","type":"Residential"},"geometry":{"type":"LineString","coordinates":[[-123.128496,49.2756296],[-123.1279732,49.2752919]]}},{"type":"Feature","properties":{"name":"NEON ST","class":"Residential","width":9,"source":"cov-public-streets","type":"Residential"},"geometry":{"type":"LineString","coordinates":[[-123.1290304,49.2759741],[-123.1286303,49.2757103],[-123.128496,49.2756296]]}},{"type":"Feature","properties":{"name":"670-799 MILLBANK","class":"Residential","width":9,"source":"cov-public-streets","type":"Residential"},"geometry":{"type":"LineString","coordinates":[[-123.1208619,49.2676474],[-123.1196947,49.2676282]]}},{"type":"Feature","properties":{"name":"STAMP'S LANDING","class":"Residential","width":9,"source":"cov-public-streets","type":"Residential"},"geometry":{"type":"LineString","coordinates":[[-123.1180658,49.2686774],[-123.1182595,49.2686806]]}},{"type":"Feature","properties":{"name":"STAMP'S LANDING","class":"Residential","width":9,"source":"cov-public-streets","type":"Residential"},"geometry":{"type":"LineString","coordinates":[[-123.1182595,49.2686806],[-123.1182599,49.2686806]]}},{"type":"Feature","properties":{"name":"QUEBEC ST","class":"Arterial","width":18,"source":"cov-public-streets","type":"Arterial"},"geometry":{"type":"LineString","coordinates":[[-123.1019152,49.2719032],[-123.1019496,49.2718236],[-123.1019958,49.2717292],[-123.102278,49.2712171]]}},{"type":"Feature","properties":{"name":"NEON ST","class":"Residential","width":9,"source":"cov-public-streets","type":"Residential"},"geometry":{"type":"LineString","coordinates":[[-123.1294735,49.2762615],[-123.1290304,49.2759741]]}},{"type":"Feature","properties":{"name":"BURRARD ST","class":"Arterial","width":18,"source":"cov-public-streets","type":"Arterial"},"geometry":{"type":"LineString","coordinates":[[-123.1170235,49.2871228],[-123.1162355,49.2876434]]}},{"type":"Feature","properties":{"name":"EXPO BOULEVARD","class":"Arterial","width":18,"source":"cov-public-streets","type":"Arterial"},"geometry":{"type":"LineString","coordinates":[[-123.1061475,49.2780554],[-123.1050522,49.2778731],[-123.1044678,49.2777831],[-123.1040954,49.277709]]}},{"type":"Feature","properties":{"name":"QUEBEC ST","class":"Arterial","width":18,"source":"cov-public-streets","type":"Arterial"},"geometry":{"type":"LineString","coordinates":[[-123.1020792,49.2760705],[-123.1019993,49.2753432]]}},{"type":"Feature","properties":{"name":"DRAKE ST","class":"Arterial","width":18,"source":"cov-public-streets","type":"Arterial"},"geometry":{"type":"LineString","coordinates":[[-123.1272866,49.2757663],[-123.1277921,49.2760952]]}},{"type":"Feature","properties":{"name":"UNION ST","class":"Arterial","width":18,"source":"cov-public-streets","type":"Arterial"},"geometry":{"type":"LineString","coordinates":[[-123.0998124,49.2776709],[-123.1005634,49.2776857]]}},{"type":"Feature","properties":{"name":"CONTINENTAL ST","class":"Arterial","width":18,"source":"cov-public-streets","type":"Arterial"},"geometry":{"type":"LineString","coordinates":[[-123.1299077,49.2753594],[-123.1303665,49.2750559],[-123.1306298,49.274441],[-123.1304925,49.2743521]]}},{"type":"Feature","properties":{"name":"ROLSTON ST","class":"Arterial","width":18,"source":"cov-public-streets","type":"Arterial"},"geometry":{"type":"LineString","coordinates":[[-123.1304925,49.2743521],[-123.1302152,49.2741726],[-123.1294194,49.274355],[-123.1289106,49.2746919]]}},{"type":"Feature","properties":{"name":"GRANVILLE BRIDGE","class":"Arterial","width":18,"source":"cov-public-streets","type":"Arterial"},"geometry":{"type":"LineString","coordinates":[[-123.128496,49.2756296],[-123.1289024,49.2753607]]}},{"type":"Feature","properties":{"name":"GRANVILLE BRIDGE","class":"Arterial","width":18,"source":"cov-public-streets","type":"Arterial"},"geometry":{"type":"LineString","coordinates":[[-123.1290276,49.276576],[-123.1294735,49.2762615]]}},{"type":"Feature","properties":{"name":"PACIFIC ST","class":"Arterial","width":18,"source":"cov-public-streets","type":"Arterial"},"geometry":{"type":"LineString","coordinates":[[-123.1289106,49.2746919],[-123.1284338,49.2743727]]}},{"type":"Feature","properties":{"name":"W 3RD AV","class":"Residential","width":9,"source":"cov-public-streets","type":"Residential"},"geometry":{"type":"LineString","coordinates":[[-123.1112225,49.268409],[-123.110734,49.2684]]}},{"type":"Feature","properties":{"name":"W 2ND AV","class":"Arterial","width":18,"source":"cov-public-streets","type":"Arterial"},"geometry":{"type":"LineString","coordinates":[[-123.1130579,49.2675072],[-123.1129931,49.267539]]}},{"type":"Feature","properties":{"name":"QUEBEC ST","class":"Arterial","width":18,"source":"cov-public-streets","type":"Arterial"},"geometry":{"type":"LineString","coordinates":[[-123.1027789,49.2763394],[-123.1022859,49.276602]]}},{"type":"Feature","properties":{"name":"ATLANTIC ST","class":"Residential","width":9,"source":"cov-public-streets","type":"Residential"},"geometry":{"type":"LineString","coordinates":[[-123.0955965,49.275992],[-123.095,49.2758839]]}},{"type":"Feature","properties":{"name":"CHESTNUT ST","class":"Residential","width":9,"source":"cov-public-streets","type":"Residential"},"geometry":{"type":"LineString","coordinates":[[-123.1462935,49.2744285],[-123.1463134,49.2739517]]}},{"type":"Feature","properties":{"name":"CORNWALL AV","class":"Arterial","width":18,"source":"cov-public-streets","type":"Arterial"},"geometry":{"type":"LineString","coordinates":[[-123.149582,49.2724917],[-123.1502042,49.2725019]]}},{"type":"Feature","properties":{"name":"MCNICOLL AV","class":"Residential","width":9,"source":"cov-public-streets","type":"Residential"},"geometry":{"type":"LineString","coordinates":[[-123.148336,49.2762276],[-123.1500604,49.2762551]]}},{"type":"Feature","properties":{"name":"E 2ND AV","class":"Arterial","width":18,"source":"cov-public-streets","type":"Arterial"},"geometry":{"type":"LineString","coordinates":[[-123.1006969,49.269168],[-123.099659,49.2685968]]}},{"type":"Feature","properties":{"name":"ARBUTUS ST","class":"Residential","width":9,"source":"cov-public-streets","type":"Residential"},"geometry":{"type":"LineString","coordinates":[[-123.1527815,49.2677118],[-123.1527985,49.2672739]]}},{"type":"Feature","properties":{"name":"ARBUTUS ST","class":"Residential","width":9,"source":"cov-public-streets","type":"Residential"},"geometry":{"type":"LineString","coordinates":[[-123.1527168,49.2694535],[-123.1527334,49.2690125]]}},{"type":"Feature","properties":{"name":"CYPRESS ST","class":"Residential","width":9,"source":"cov-public-streets","type":"Residential"},"geometry":{"type":"LineString","coordinates":[[-123.1479992,49.2671966],[-123.1480068,49.267]]}},{"type":"Feature","properties":{"name":"CYPRESS ST","class":"Residential","width":9,"source":"cov-public-streets","type":"Residential"},"geometry":{"type":"LineString","coordinates":[[-123.1479827,49.2676349],[-123.1479992,49.2671966]]}},{"type":"Feature","properties":{"name":"W 4TH AV","class":"Arterial","width":18,"source":"cov-public-streets","type":"Arterial"},"geometry":{"type":"LineString","coordinates":[[-123.1551355,49.2681686],[-123.1575053,49.2682059]]}},{"type":"Feature","properties":{"name":"FIR ST","class":"Residential","width":9,"source":"cov-public-streets","type":"Residential"},"geometry":{"type":"LineString","coordinates":[[-123.1408086,49.2692632],[-123.1408281,49.268913],[-123.1408259,49.2688219]]}},{"type":"Feature","properties":{"name":"GORE AV","class":"Residential","width":9,"source":"cov-public-streets","type":"Residential"},"geometry":{"type":"LineString","coordinates":[[-123.0970837,49.2785257],[-123.0970211,49.2780737]]}},{"type":"Feature","properties":{"name":"GORE AV","class":"Residential","width":9,"source":"cov-public-streets","type":"Residential"},"geometry":{"type":"LineString","coordinates":[[-123.0973372,49.2803418],[-123.0972725,49.2798906]]}},{"type":"Feature","properties":{"name":"E CORDOVA ST","class":"Arterial","width":18,"source":"cov-public-streets","type":"Arterial"},"geometry":{"type":"LineString","coordinates":[[-123.0988588,49.2822711],[-123.0976069,49.2822475]]}},{"type":"Feature","properties":{"name":"E CORDOVA ST","class":"Arterial","width":18,"source":"cov-public-streets","type":"Arterial"},"geometry":{"type":"LineString","coordinates":[[-123.0953413,49.2822063],[-123.095,49.2822]]}},{"type":"Feature","properties":{"name":"DUNLEVY AV","class":"Residential","width":9,"source":"cov-public-streets","type":"Residential"},"geometry":{"type":"LineString","coordinates":[[-123.0953413,49.2822063],[-123.0953605,49.2817544]]}},{"type":"Feature","properties":{"name":"E HASTINGS ST","class":"Arterial","width":18,"source":"cov-public-streets","type":"Arterial"},"geometry":{"type":"LineString","coordinates":[[-123.0974737,49.2812947],[-123.0953816,49.2812571]]}},{"type":"Feature","properties":{"name":"500-600 MOBERLY ROAD","class":"Residential","width":9,"source":"cov-public-streets","type":"Residential"},"geometry":{"type":"LineString","coordinates":[[-123.1175075,49.2678443],[-123.1175272,49.2673706],[-123.1175369,49.2673165],[-123.1175525,49.2672739],[-123.117575,49.2672326],[-123.1176036,49.2671931],[-123.1176385,49.2671561],[-123.1176794,49.2671212],[-123.1177256,49.2670893],[-123.1177765,49.267061],[-123.1178318,49.2670363],[-123.1178871,49.2670167]]}},{"type":"Feature","properties":{"name":"MOBERLY ROAD","class":"Residential","width":9,"source":"cov-public-streets","type":"Residential"},"geometry":{"type":"LineString","coordinates":[[-123.1178871,49.2670167],[-123.117948,49.267]]}},{"type":"Feature","properties":{"name":"PACIFIC BOULEVARD","class":"Arterial","width":18,"source":"cov-public-streets","type":"Arterial"},"geometry":{"type":"LineString","coordinates":[[-123.1063808,49.2770958],[-123.1076764,49.2771199]]}},{"type":"Feature","properties":{"name":"SMITHE ST","class":"Arterial","width":18,"source":"cov-public-streets","type":"Arterial"},"geometry":{"type":"LineString","coordinates":[[-123.1189721,49.2787265],[-123.1194579,49.2790405]]}},{"type":"Feature","properties":{"name":"DRAKE ST","class":"Arterial","width":18,"source":"cov-public-streets","type":"Arterial"},"geometry":{"type":"LineString","coordinates":[[-123.1287837,49.2767374],[-123.1292696,49.2770516]]}},{"type":"Feature","properties":{"name":"ROBSON ST","class":"Arterial","width":18,"source":"cov-public-streets","type":"Arterial"},"geometry":{"type":"LineString","coordinates":[[-123.117866,49.2800945],[-123.1183512,49.2804084]]}},{"type":"Feature","properties":{"name":"DUNSMUIR ST","class":"Arterial","width":18,"source":"cov-public-streets","type":"Arterial"},"geometry":{"type":"LineString","coordinates":[[-123.1115363,49.2804692],[-123.1125075,49.2810979]]}},{"type":"Feature","properties":{"name":"W GEORGIA ST","class":"Arterial","width":18,"source":"cov-public-streets","type":"Arterial"},"geometry":{"type":"LineString","coordinates":[[-123.1142162,49.2799672],[-123.1147014,49.2802818]]}},{"type":"Feature","properties":{"name":"CAMBIE ST","class":"Arterial","width":18,"source":"cov-public-streets","type":"Arterial"},"geometry":{"type":"LineString","coordinates":[[-123.1115363,49.2804692],[-123.113245,49.2793384]]}},{"type":"Feature","properties":{"name":"HORNBY ST","class":"Arterial","width":18,"source":"cov-public-streets","type":"Arterial"},"geometry":{"type":"LineString","coordinates":[[-123.125632,49.280093],[-123.1265689,49.2794733]]}},{"type":"Feature","properties":{"name":"E CORDOVA ST","class":"Arterial","width":18,"source":"cov-public-streets","type":"Arterial"},"geometry":{"type":"LineString","coordinates":[[-123.1022158,49.282333],[-123.1034083,49.2823557],[-123.1036682,49.2823712],[-123.1038875,49.2823999],[-123.1043044,49.2824757]]}},{"type":"Feature","properties":{"name":"COLUMBIA ST","class":"Arterial","width":18,"source":"cov-public-streets","type":"Arterial"},"geometry":{"type":"LineString","coordinates":[[-123.102234,49.2818815],[-123.1022551,49.2813842]]}},{"type":"Feature","properties":{"name":"MELVILLE ST","class":"Arterial","width":18,"source":"cov-public-streets","type":"Arterial"},"geometry":{"type":"LineString","coordinates":[[-123.1220054,49.2864634],[-123.1241703,49.2878638]]}},{"type":"Feature","properties":{"name":"HORNBY ST","class":"Arterial","width":18,"source":"cov-public-streets","type":"Arterial"},"geometry":{"type":"LineString","coordinates":[[-123.1172891,49.2856109],[-123.1178792,49.2852214]]}},{"type":"Feature","properties":{"name":"1000-1100 BUTE ST","class":"Residential","width":9,"source":"cov-public-streets","type":"Residential"},"geometry":{"type":"LineString","coordinates":[[-123.1317645,49.2828386],[-123.132296,49.2824868]]}},{"type":"Feature","properties":{"name":"BARCLAY ST","class":"Residential","width":9,"source":"cov-public-streets","type":"Residential"},"geometry":{"type":"LineString","coordinates":[[-123.1291059,49.2845978],[-123.1306782,49.2856157]]}},{"type":"Feature","properties":{"name":"HARO ST","class":"Residential","width":9,"source":"cov-public-streets","type":"Residential"},"geometry":{"type":"LineString","coordinates":[[-123.1280428,49.2853012],[-123.1296151,49.2863191]]}},{"type":"Feature","properties":{"name":"BUTE ST","class":"Arterial","width":18,"source":"cov-public-streets","type":"Arterial"},"geometry":{"type":"LineString","coordinates":[[-123.1241703,49.2878638],[-123.1247042,49.2875105]]}},{"type":"Feature","properties":{"name":"HOWE ST","class":"Arterial","width":18,"source":"cov-public-streets","type":"Arterial"},"geometry":{"type":"LineString","coordinates":[[-123.1153581,49.2856184],[-123.115838,49.2853005]]}},{"type":"Feature","properties":{"name":"NICOLA ST","class":"Residential","width":9,"source":"cov-public-streets","type":"Residential"},"geometry":{"type":"LineString","coordinates":[[-123.1316381,49.2883245],[-123.1321696,49.2879728]]}},{"type":"Feature","properties":{"name":"NICOLA ST","class":"Arterial","width":18,"source":"cov-public-streets","type":"Arterial"},"geometry":{"type":"LineString","coordinates":[[-123.1290251,49.2900537],[-123.1294146,49.289796]]}},{"type":"Feature","properties":{"name":"CARDERO ST","class":"Arterial","width":18,"source":"cov-public-streets","type":"Arterial"},"geometry":{"type":"LineString","coordinates":[[-123.131226,49.2901446],[-123.131758,49.2897936]]}},{"type":"Feature","properties":{"name":"BEACH AV","class":"Arterial","width":18,"source":"cov-public-streets","type":"Arterial"},"geometry":{"type":"LineString","coordinates":[[-123.1371372,49.2792792],[-123.1383007,49.2804411]]}},{"type":"Feature","properties":{"name":"CYPRESS ST","class":"Residential","width":9,"source":"cov-public-streets","type":"Residential"},"geometry":{"type":"LineString","coordinates":[[-123.1477843,49.2729559],[-123.1478027,49.2724628]]}},{"type":"Feature","properties":{"name":"CORNWALL AV","class":"Arterial","width":18,"source":"cov-public-streets","type":"Arterial"},"geometry":{"type":"LineString","coordinates":[[-123.1478027,49.2724628],[-123.1483956,49.2724726]]}},{"type":"Feature","properties":{"name":"W 1ST AV","class":"Residential","width":9,"source":"cov-public-streets","type":"Residential"},"geometry":{"type":"LineString","coordinates":[[-123.1431292,49.2706238],[-123.1454991,49.270661]]}},{"type":"Feature","properties":{"name":"CYPRESS ST","class":"Residential","width":9,"source":"cov-public-streets","type":"Residential"},"geometry":{"type":"LineString","coordinates":[[-123.1478515,49.2711396],[-123.1478684,49.2706988]]}},{"type":"Feature","properties":{"name":"DAVIE ST","class":"Arterial","width":18,"source":"cov-public-streets","type":"Arterial"},"geometry":{"type":"LineString","coordinates":[[-123.121378,49.2740276],[-123.1220409,49.2744579]]}},{"type":"Feature","properties":{"name":"HORNBY ST","class":"Arterial","width":18,"source":"cov-public-streets","type":"Arterial"},"geometry":{"type":"LineString","coordinates":[[-123.1313473,49.2763114],[-123.1323558,49.2756437]]}},{"type":"Feature","properties":{"name":"HOMER ST","class":"Arterial","width":18,"source":"cov-public-streets","type":"Arterial"},"geometry":{"type":"LineString","coordinates":[[-123.1232664,49.2752517],[-123.1248604,49.2741963]]}},{"type":"Feature","properties":{"name":"BEATTY ST","class":"Arterial","width":18,"source":"cov-public-streets","type":"Arterial"},"geometry":{"type":"LineString","coordinates":[[-123.1155765,49.2765266],[-123.1171607,49.2754746]]}},{"type":"Feature","properties":{"name":"W 2ND AV","class":"Arterial","width":18,"source":"cov-public-streets","type":"Arterial"},"geometry":{"type":"LineString","coordinates":[[-123.104637,49.2692395],[-123.1065726,49.269274]]}},{"type":"Feature","properties":{"name":"1400-1500 WESTERN ST","class":"Residential","width":9,"source":"cov-public-streets","type":"Residential"},"geometry":{"type":"LineString","coordinates":[[-123.0993458,49.2726706],[-123.0993599,49.2725048],[-123.0993827,49.2718383]]}},{"type":"Feature","properties":{"name":"CAMBIE BRIDGE","class":"Arterial","width":18,"source":"cov-public-streets","type":"Arterial"},"geometry":{"type":"LineString","coordinates":[[-123.1171607,49.2754746],[-123.115516,49.2743916],[-123.1154321,49.2743314],[-123.1153615,49.2742754],[-123.1152393,49.274164],[-123.1151586,49.2740771],[-123.1150859,49.2739856],[-123.1150116,49.273873],[-123.1149498,49.2737539],[-123.1149218,49.2736863],[-123.1149007,49.2736254],[-123.1148474,49.2733876],[-123.1148052,49.2732487],[-123.1147688,49.2731581]]}},{"type":"Feature","properties":{"name":"GRANVILLE BRIDGE","class":"Arterial","width":18,"source":"cov-public-streets","type":"Arterial"},"geometry":{"type":"LineString","coordinates":[[-123.1394793,49.2685324],[-123.1395558,49.2684888],[-123.1396256,49.2684541],[-123.1397149,49.2684159],[-123.1398231,49.2683775],[-123.1399145,49.2683511],[-123.1399975,49.2683315],[-123.1400865,49.2683146],[-123.1401844,49.2683007],[-123.140278,49.2682919],[-123.1404127,49.2682866],[-123.1416401,49.2682978],[-123.1417429,49.2682919],[-123.141851,49.2682772],[-123.1419791,49.2682502],[-123.1420616,49.2682268],[-123.1422984,49.2681435],[-123.142428,49.2680928],[-123.142567,49.2680439],[-123.1426892,49.2680062],[-123.1428222,49.2679705]]}},{"type":"Feature","properties":{"name":"BEACH AV","class":"Arterial","width":18,"source":"cov-public-streets","type":"Arterial"},"geometry":{"type":"LineString","coordinates":[[-123.1308614,49.2741078],[-123.1313343,49.2744142]]}},{"type":"Feature","properties":{"name":"W 3RD AV","class":"Residential","width":9,"source":"cov-public-streets","type":"Residential"},"geometry":{"type":"LineString","coordinates":[[-123.1431954,49.2688604],[-123.1456172,49.2688984]]}},{"type":"Feature","properties":{"name":"CYPRESS ST","class":"Residential","width":9,"source":"cov-public-streets","type":"Residential"},"geometry":{"type":"LineString","coordinates":[[-123.1476943,49.2753342],[-123.147711,49.2748929]]}},{"type":"Feature","properties":{"name":"ARBUTUS ST","class":"Residential","width":9,"source":"cov-public-streets","type":"Residential"},"geometry":{"type":"LineString","coordinates":[[-123.1526352,49.2716589],[-123.1526513,49.2712175]]}},{"type":"Feature","properties":{"name":"YEW ST","class":"Residential","width":9,"source":"cov-public-streets","type":"Residential"},"geometry":{"type":"LineString","coordinates":[[-123.1551512,49.2677495],[-123.1551679,49.2673114]]}},{"type":"Feature","properties":{"name":"W 1ST AV","class":"Residential","width":9,"source":"cov-public-streets","type":"Residential"},"geometry":{"type":"LineString","coordinates":[[-123.1644226,49.2709888],[-123.165,49.2709972]]}},{"type":"Feature","properties":{"name":"FIR ST","class":"Residential","width":9,"source":"cov-public-streets","type":"Residential"},"geometry":{"type":"LineString","coordinates":[[-123.1407917,49.2697037],[-123.1408086,49.2692632]]}},{"type":"Feature","properties":{"name":"TRAFALGAR ST","class":"Residential","width":9,"source":"cov-public-streets","type":"Residential"},"geometry":{"type":"LineString","coordinates":[[-123.1644226,49.2709888],[-123.16444,49.2705215]]}},{"type":"Feature","properties":{"name":"TRAFALGAR ST","class":"Residential","width":9,"source":"cov-public-streets","type":"Residential"},"geometry":{"type":"LineString","coordinates":[[-123.1643914,49.2718821],[-123.1644086,49.2714043]]}},{"type":"Feature","properties":{"name":"LARCH ST","class":"Residential","width":9,"source":"cov-public-streets","type":"Residential"},"geometry":{"type":"LineString","coordinates":[[-123.1622759,49.2674241],[-123.1622915,49.267]]}},{"type":"Feature","properties":{"name":"DENMAN ST","class":"Arterial","width":18,"source":"cov-public-streets","type":"Arterial"},"geometry":{"type":"LineString","coordinates":[[-123.1337401,49.2925947],[-123.1343716,49.2921804]]}},{"type":"Feature","properties":{"name":"GILFORD ST","class":"Residential","width":9,"source":"cov-public-streets","type":"Residential"},"geometry":{"type":"LineString","coordinates":[[-123.1396625,49.2907351],[-123.1401942,49.2903834]]}},{"type":"Feature","properties":{"name":"CHILCO ST","class":"Residential","width":9,"source":"cov-public-streets","type":"Residential"},"geometry":{"type":"LineString","coordinates":[[-123.1366924,49.2945049],[-123.1373209,49.2940892]]}},{"type":"Feature","properties":{"name":"E 2ND AV","class":"Arterial","width":18,"source":"cov-public-streets","type":"Arterial"},"geometry":{"type":"LineString","coordinates":[[-123.0971516,49.2671733],[-123.0968938,49.267064],[-123.0967014,49.267]]}},{"type":"Feature","properties":{"name":"GORE AV","class":"Residential","width":9,"source":"cov-public-streets","type":"Residential"},"geometry":{"type":"LineString","coordinates":[[-123.0977994,49.2836101],[-123.0977353,49.2831561]]}},{"type":"Feature","properties":{"name":"COLUMBIA ST","class":"Arterial","width":18,"source":"cov-public-streets","type":"Arterial"},"geometry":{"type":"LineString","coordinates":[[-123.1021513,49.2837699],[-123.1021576,49.2836307]]}},{"type":"Feature","properties":{"name":"DAVIE ST","class":"Arterial","width":18,"source":"cov-public-streets","type":"Arterial"},"geometry":{"type":"LineString","coordinates":[[-123.1276757,49.2781062],[-123.128161,49.2784201]]}},{"type":"Feature","properties":{"name":"HOMER ST","class":"Arterial","width":18,"source":"cov-public-streets","type":"Arterial"},"geometry":{"type":"LineString","coordinates":[[-123.1109331,49.2834093],[-123.1114345,49.2830783]]}},{"type":"Feature","properties":{"name":"SHANGHAI ALLEY","class":"Residential","width":9,"source":"cov-public-streets","type":"Residential"},"geometry":{"type":"LineString","coordinates":[[-123.1049246,49.2805969],[-123.1050901,49.2802062]]}},{"type":"Feature","properties":{"name":"PACIFIC BOULEVARD","class":"Arterial","width":18,"source":"cov-public-streets","type":"Arterial"},"geometry":{"type":"LineString","coordinates":[[-123.1150015,49.2741237],[-123.1153047,49.2740598],[-123.1153964,49.2740482],[-123.115647,49.2740265],[-123.1157984,49.2740203],[-123.1159336,49.2740193]]}},{"type":"Feature","properties":{"name":"DENMAN ST","class":"Arterial","width":18,"source":"cov-public-streets","type":"Arterial"},"geometry":{"type":"LineString","coordinates":[[-123.1380902,49.2897172],[-123.1386213,49.2893654]]}},{"type":"Feature","properties":{"name":"HORNBY ST","class":"Residential","width":9,"source":"cov-public-streets","type":"Residential"},"geometry":{"type":"LineString","coordinates":[[-123.1327891,49.2753568],[-123.1336192,49.2748077]]}},{"type":"Feature","properties":{"name":"BUTE ST","class":"Residential","width":9,"source":"cov-public-streets","type":"Residential"},"geometry":{"type":"LineString","coordinates":[[-123.1275114,49.2856529],[-123.1280428,49.2853012]]}},{"type":"Feature","properties":{"name":"HOMER ST","class":"Arterial","width":18,"source":"cov-public-streets","type":"Arterial"},"geometry":{"type":"LineString","coordinates":[[-123.1114345,49.2830783],[-123.1119139,49.282761]]}},{"type":"Feature","properties":{"name":"RICHARDS ST","class":"Arterial","width":18,"source":"cov-public-streets","type":"Arterial"},"geometry":{"type":"LineString","coordinates":[[-123.1133653,49.2830716],[-123.1144493,49.2823547]]}},{"type":"Feature","properties":{"name":"HORNBY ST","class":"Arterial","width":18,"source":"cov-public-streets","type":"Arterial"},"geometry":{"type":"LineString","coordinates":[[-123.116328,49.2862461],[-123.1168091,49.2859283]]}},{"type":"Feature","properties":{"name":"CARDERO ST","class":"Arterial","width":18,"source":"cov-public-streets","type":"Arterial"},"geometry":{"type":"LineString","coordinates":[[-123.131758,49.2897936],[-123.132289,49.2894422]]}},{"type":"Feature","properties":{"name":"W GEORGIA ST","class":"Arterial","width":18,"source":"cov-public-streets","type":"Arterial"},"geometry":{"type":"LineString","coordinates":[[-123.1282372,49.289034],[-123.1294146,49.289796]]}},{"type":"Feature","properties":{"name":"W GEORGIA ST","class":"Arterial","width":18,"source":"cov-public-streets","type":"Arterial"},"geometry":{"type":"LineString","coordinates":[[-123.1294146,49.289796],[-123.1304646,49.2904754]]}},{"type":"Feature","properties":{"name":"BUTE ST","class":"Arterial","width":18,"source":"cov-public-streets","type":"Arterial"},"geometry":{"type":"LineString","coordinates":[[-123.1236353,49.2882178],[-123.1241703,49.2878638]]}},{"type":"Feature","properties":{"name":"BROUGHTON ST","class":"Arterial","width":18,"source":"cov-public-streets","type":"Arterial"},"geometry":{"type":"LineString","coordinates":[[-123.127406,49.2895843],[-123.1276547,49.2894196]]}},{"type":"Feature","properties":{"name":"COLUMBIA ST","class":"Residential","width":9,"source":"cov-public-streets","type":"Residential"},"geometry":{"type":"LineString","coordinates":[[-123.1094211,49.2688295],[-123.1094231,49.2683761]]}},{"type":"Feature","properties":{"name":"W 5TH AV","class":"Residential","width":9,"source":"cov-public-streets","type":"Residential"},"geometry":{"type":"LineString","coordinates":[[-123.1479992,49.2671966],[-123.1498339,49.2672249]]}},{"type":"Feature","properties":{"name":"W 5TH AV","class":"Residential","width":9,"source":"cov-public-streets","type":"Residential"},"geometry":{"type":"LineString","coordinates":[[-123.1456298,49.2671584],[-123.1479992,49.2671966]]}},{"type":"Feature","properties":{"name":"MAPLE ST","class":"Residential","width":9,"source":"cov-public-streets","type":"Residential"},"geometry":{"type":"LineString","coordinates":[[-123.1500768,49.2758144],[-123.150093,49.275373]]}},{"type":"Feature","properties":{"name":"THURLOW ST","class":"Arterial","width":18,"source":"cov-public-streets","type":"Arterial"},"geometry":{"type":"LineString","coordinates":[[-123.1348084,49.2779938],[-123.1349215,49.2779195]]}},{"type":"Feature","properties":{"name":"ARBUTUS ST","class":"Residential","width":9,"source":"cov-public-streets","type":"Residential"},"geometry":{"type":"LineString","coordinates":[[-123.1510843,49.2762716],[-123.1514686,49.2758367]]}},{"type":"Feature","properties":{"name":"BURRARD ST","class":"Arterial","width":18,"source":"cov-public-streets","type":"Arterial"},"geometry":{"type":"LineString","coordinates":[[-123.1456172,49.2688984],[-123.145632,49.2684613]]}},{"type":"Feature","properties":{"name":"YEW ST","class":"Residential","width":9,"source":"cov-public-streets","type":"Residential"},"geometry":{"type":"LineString","coordinates":[[-123.1551188,49.2686097],[-123.1551355,49.2681686]]}},{"type":"Feature","properties":{"name":"LARCH ST","class":"Residential","width":9,"source":"cov-public-streets","type":"Residential"},"geometry":{"type":"LineString","coordinates":[[-123.1620481,49.2735739],[-123.1620642,49.2731327]]}},{"type":"Feature","properties":{"name":"W 2ND AV","class":"Residential","width":9,"source":"cov-public-streets","type":"Residential"},"geometry":{"type":"LineString","coordinates":[[-123.1644549,49.2700955],[-123.165,49.2701036]]}},{"type":"Feature","properties":{"name":"RICHARDS ST","class":"Residential","width":9,"source":"cov-public-streets","type":"Residential"},"geometry":{"type":"LineString","coordinates":[[-123.12748,49.2737347],[-123.1283501,49.2731591]]}},{"type":"Feature","properties":{"name":"HEMLOCK COURT","class":"Residential","width":9,"source":"cov-public-streets","type":"Residential"},"geometry":{"type":"LineString","coordinates":[[-123.1362739,49.2682035],[-123.1365403,49.2680628]]}},{"type":"Feature","properties":{"name":"CAMBIE BRIDGE","class":"Arterial","width":18,"source":"cov-public-streets","type":"Arterial"},"geometry":{"type":"LineString","coordinates":[[-123.1147688,49.2731581],[-123.1148891,49.2695526]]}},{"type":"Feature","properties":{"name":"MENCHIONS MEWS","class":"Residential","width":9,"source":"cov-public-streets","type":"Residential"},"geometry":{"type":"LineString","coordinates":[[-123.1293309,49.2932131],[-123.1294695,49.2933025],[-123.1295137,49.2933214],[-123.1295552,49.2933301],[-123.1295955,49.293332],[-123.1296385,49.2933274],[-123.1296785,49.2933161],[-123.1297154,49.2932974],[-123.1305406,49.2927507],[-123.1306093,49.2921766]]}},{"type":"Feature","properties":{"name":"PINE ST","class":"Residential","width":9,"source":"cov-public-streets","type":"Residential"},"geometry":{"type":"LineString","coordinates":[[-123.1432127,49.2684132],[-123.1432292,49.2679768]]}},{"type":"Feature","properties":{"name":"W 1ST AV","class":"Residential","width":9,"source":"cov-public-streets","type":"Residential"},"geometry":{"type":"LineString","coordinates":[[-123.1574063,49.2708519],[-123.1597764,49.2708901]]}},{"type":"Feature","properties":{"name":"VINE ST","class":"Residential","width":9,"source":"cov-public-streets","type":"Residential"},"geometry":{"type":"LineString","coordinates":[[-123.1575053,49.2682059],[-123.157521,49.2677875]]}},{"type":"Feature","properties":{"name":"HOWE ST","class":"Arterial","width":18,"source":"cov-public-streets","type":"Arterial"},"geometry":{"type":"LineString","coordinates":[[-123.1130713,49.2873226],[-123.1130696,49.2872808],[-123.1130802,49.2872385],[-123.113103,49.2871982],[-123.1131371,49.2871615],[-123.1138666,49.2866168]]}},{"type":"Feature","properties":{"name":"ROBSON ST","class":"Arterial","width":18,"source":"cov-public-streets","type":"Arterial"},"geometry":{"type":"LineString","coordinates":[[-123.1198282,49.2813646],[-123.1203346,49.2816922]]}},{"type":"Feature","properties":{"name":"SMITHE ST","class":"Arterial","width":18,"source":"cov-public-streets","type":"Arterial"},"geometry":{"type":"LineString","coordinates":[[-123.1238683,49.2818944],[-123.1244038,49.2822407]]}},{"type":"Feature","properties":{"name":"HOMER ST","class":"Arterial","width":18,"source":"cov-public-streets","type":"Arterial"},"geometry":{"type":"LineString","coordinates":[[-123.115187,49.2805965],[-123.1168878,49.2794631]]}},{"type":"Feature","properties":{"name":"HARO ST","class":"Residential","width":9,"source":"cov-public-streets","type":"Residential"},"geometry":{"type":"LineString","coordinates":[[-123.1258797,49.2839009],[-123.1280428,49.2853012]]}},{"type":"Feature","properties":{"name":"BURRARD ST","class":"Arterial","width":18,"source":"cov-public-streets","type":"Arterial"},"geometry":{"type":"LineString","coordinates":[[-123.121739,49.2840038],[-123.1220565,49.2837938]]}},{"type":"Feature","properties":{"name":"JERVIS ST","class":"Residential","width":9,"source":"cov-public-streets","type":"Residential"},"geometry":{"type":"LineString","coordinates":[[-123.1301469,49.2859672],[-123.1306782,49.2856157]]}},{"type":"Feature","properties":{"name":"THURLOW ST","class":"Arterial","width":18,"source":"cov-public-streets","type":"Arterial"},"geometry":{"type":"LineString","coordinates":[[-123.1349215,49.2779195],[-123.1354328,49.2775813]]}},{"type":"Feature","properties":{"name":"PENDRELL ST","class":"Residential","width":9,"source":"cov-public-streets","type":"Residential"},"geometry":{"type":"LineString","coordinates":[[-123.1338743,49.2835068],[-123.1352435,49.2843947]]}},{"type":"Feature","properties":{"name":"NATIONAL AV","class":"Residential","width":9,"source":"cov-public-streets","type":"Residential"},"geometry":{"type":"LineString","coordinates":[[-123.1019214,49.2749545],[-123.0999328,49.2749236]]}},{"type":"Feature","properties":{"name":"BROUGHTON ST","class":"Residential","width":9,"source":"cov-public-streets","type":"Residential"},"geometry":{"type":"LineString","coordinates":[[-123.1363062,49.2836912],[-123.1368386,49.2833401]]}},{"type":"Feature","properties":{"name":"BARCLAY ST","class":"Residential","width":9,"source":"cov-public-streets","type":"Residential"},"geometry":{"type":"LineString","coordinates":[[-123.1359873,49.289052],[-123.137559,49.2900692]]}},{"type":"Feature","properties":{"name":"DENMAN ST","class":"Arterial","width":18,"source":"cov-public-streets","type":"Arterial"},"geometry":{"type":"LineString","coordinates":[[-123.1354342,49.2914766],[-123.1359733,49.2911316]]}},{"type":"Feature","properties":{"name":"W HASTINGS ST","class":"Arterial","width":18,"source":"cov-public-streets","type":"Arterial"},"geometry":{"type":"LineString","coordinates":[[-123.1197838,49.2879334],[-123.1227521,49.2888022]]}},{"type":"Feature","properties":{"name":"SEYMOUR ST","class":"Arterial","width":18,"source":"cov-public-streets","type":"Arterial"},"geometry":{"type":"LineString","coordinates":[[-123.1252068,49.2765089],[-123.1268012,49.2754534]]}},{"type":"Feature","properties":{"name":"GILFORD ST","class":"Residential","width":9,"source":"cov-public-streets","type":"Residential"},"geometry":{"type":"LineString","coordinates":[[-123.1353178,49.2936156],[-123.135945,49.2931989]]}},{"type":"Feature","properties":{"name":"CHILCO ST","class":"Residential","width":9,"source":"cov-public-streets","type":"Residential"},"geometry":{"type":"LineString","coordinates":[[-123.1421008,49.2909213],[-123.1426328,49.2905692]]}},{"type":"Feature","properties":{"name":"KEEFER ST","class":"Residential","width":9,"source":"cov-public-streets","type":"Residential"},"geometry":{"type":"LineString","coordinates":[[-123.0954648,49.2794022],[-123.095,49.2793933]]}},{"type":"Feature","properties":{"name":"E PENDER ST","class":"Residential","width":9,"source":"cov-public-streets","type":"Residential"},"geometry":{"type":"LineString","coordinates":[[-123.0996891,49.2803855],[-123.0989404,49.2803713]]}},{"type":"Feature","properties":{"name":"MAIN ST","class":"Arterial","width":18,"source":"cov-public-streets","type":"Arterial"},"geometry":{"type":"LineString","coordinates":[[-123.099817,49.2775637],[-123.0998475,49.2767664]]}},{"type":"Feature","properties":{"name":"POWELL ST","class":"Arterial","width":18,"source":"cov-public-streets","type":"Arterial"},"geometry":{"type":"LineString","coordinates":[[-123.095,49.2830994],[-123.0952971,49.2831044]]}},{"type":"Feature","properties":{"name":"BURRARD ST","class":"Arterial","width":18,"source":"cov-public-streets","type":"Arterial"},"geometry":{"type":"LineString","coordinates":[[-123.1455468,49.2697796],[-123.1455811,49.2693438]]}},{"type":"Feature","properties":{"name":"W WATERFRONT ROAD","class":"Residential","width":9,"source":"cov-public-streets","type":"Residential"},"geometry":{"type":"LineString","coordinates":[[-123.1154686,49.2881501],[-123.1184345,49.2889533]]}},{"type":"Feature","properties":{"name":"DUNLEVY AV","class":"Residential","width":9,"source":"cov-public-streets","type":"Residential"},"geometry":{"type":"LineString","coordinates":[[-123.0953816,49.2812571],[-123.0954087,49.2807585]]}},{"type":"Feature","properties":{"name":"600-700 QUEBEC ST","class":"Arterial","width":18,"source":"cov-public-streets","type":"Arterial"},"geometry":{"type":"LineString","coordinates":[[-123.102216,49.2792735],[-123.1021285,49.2790668],[-123.1021247,49.2776424]]}},{"type":"Feature","properties":{"name":"ABBOTT ST","class":"Arterial","width":18,"source":"cov-public-streets","type":"Arterial"},"geometry":{"type":"LineString","coordinates":[[-123.1076143,49.2805926],[-123.1076172,49.2797071]]}},{"type":"Feature","properties":{"name":"CAMBIE ST","class":"Arterial","width":18,"source":"cov-public-streets","type":"Arterial"},"geometry":{"type":"LineString","coordinates":[[-123.1095463,49.2825114],[-123.1097738,49.2819757]]}},{"type":"Feature","properties":{"name":"CAMBIE ST","class":"Arterial","width":18,"source":"cov-public-streets","type":"Arterial"},"geometry":{"type":"LineString","coordinates":[[-123.1087774,49.2843192],[-123.108936,49.2839471]]}},{"type":"Feature","properties":{"name":"HAMILTON ST","class":"Arterial","width":18,"source":"cov-public-streets","type":"Arterial"},"geometry":{"type":"LineString","coordinates":[[-123.1104631,49.2824505],[-123.1109587,49.2821322]]}},{"type":"Feature","properties":{"name":"CYPRESS ST","class":"Residential","width":9,"source":"cov-public-streets","type":"Residential"},"geometry":{"type":"LineString","coordinates":[[-123.1477275,49.2744519],[-123.1477648,49.2734607]]}},{"type":"Feature","properties":{"name":"CAMBIE BRIDGE","class":"Arterial","width":18,"source":"cov-public-streets","type":"Arterial"},"geometry":{"type":"LineString","coordinates":[[-123.112689,49.2749933],[-123.1127061,49.2749631],[-123.1127462,49.2749134],[-123.1127969,49.27487],[-123.1128716,49.2748256],[-123.1138539,49.2744245],[-123.1139341,49.2743835],[-123.1140846,49.2742902],[-123.114149,49.2742419],[-123.1142231,49.2741781],[-123.1142949,49.2741048],[-123.1143562,49.2740294],[-123.1144124,49.2739435],[-123.1144391,49.2738932],[-123.1144658,49.2738323],[-123.1144859,49.273774],[-123.1145037,49.2737009],[-123.1145271,49.273557],[-123.1145478,49.2734881],[-123.1145789,49.2734141],[-123.1146147,49.2733481],[-123.1146518,49.2732911],[-123.1146897,49.273242],[-123.1147688,49.2731581]]}},{"type":"Feature","properties":{"name":"SHANGHAI ALLEY","class":"Residential","width":9,"source":"cov-public-streets","type":"Residential"},"geometry":{"type":"LineString","coordinates":[[-123.1050901,49.2802062],[-123.1051864,49.2799798],[-123.1058758,49.2801045]]}},{"type":"Feature","properties":{"name":"EXPO BOULEVARD","class":"Arterial","width":18,"source":"cov-public-streets","type":"Arterial"},"geometry":{"type":"LineString","coordinates":[[-123.115976,49.2748618],[-123.116181,49.2747129],[-123.1163129,49.2746381],[-123.1163995,49.2745975],[-123.1165134,49.2745525],[-123.1166086,49.2745212],[-123.1167069,49.2744944],[-123.1168849,49.2744585],[-123.1170683,49.274437],[-123.117672,49.2744388]]}},{"type":"Feature","properties":{"name":"BURRARD ST","class":"Arterial","width":18,"source":"cov-public-streets","type":"Arterial"},"geometry":{"type":"LineString","coordinates":[[-123.1318408,49.2773201],[-123.1323691,49.2769707]]}},{"type":"Feature","properties":{"name":"NELSON ST","class":"Arterial","width":18,"source":"cov-public-streets","type":"Arterial"},"geometry":{"type":"LineString","coordinates":[[-123.1210501,49.2779874],[-123.1215364,49.2783018]]}},{"type":"Feature","properties":{"name":"LORNE ST","class":"Residential","width":9,"source":"cov-public-streets","type":"Residential"},"geometry":{"type":"LineString","coordinates":[[-123.099659,49.2685968],[-123.1001739,49.268208]]}},{"type":"Feature","properties":{"name":"STATION ST","class":"Residential","width":9,"source":"cov-public-streets","type":"Residential"},"geometry":{"type":"LineString","coordinates":[[-123.098071,49.2704981],[-123.0980776,49.2698804]]}},{"type":"Feature","properties":{"name":"MAIN ST","class":"Arterial","width":18,"source":"cov-public-streets","type":"Arterial"},"geometry":{"type":"LineString","coordinates":[[-123.1006765,49.2696652],[-123.1006969,49.269168]]}},{"type":"Feature","properties":{"name":"PACIFIC ST","class":"Arterial","width":18,"source":"cov-public-streets","type":"Arterial"},"geometry":{"type":"LineString","coordinates":[[-123.1270564,49.2734571],[-123.12748,49.2737347]]}},{"type":"Feature","properties":{"name":"EXPO BOULEVARD","class":"Arterial","width":18,"source":"cov-public-streets","type":"Arterial"},"geometry":{"type":"LineString","coordinates":[[-123.114751,49.2757904],[-123.115976,49.2748618]]}},{"type":"Feature","properties":{"name":"YORK AV","class":"Residential","width":9,"source":"cov-public-streets","type":"Residential"},"geometry":{"type":"LineString","coordinates":[[-123.1597443,49.2717722],[-123.1621179,49.2718094]]}},{"type":"Feature","properties":{"name":"STATION ST","class":"Residential","width":9,"source":"cov-public-streets","type":"Residential"},"geometry":{"type":"LineString","coordinates":[[-123.0980659,49.2710211],[-123.098071,49.2704981]]}},{"type":"Feature","properties":{"name":"CREELMAN AV","class":"Residential","width":9,"source":"cov-public-streets","type":"Residential"},"geometry":{"type":"LineString","coordinates":[[-123.1483199,49.2744613],[-123.1489126,49.2744709]]}},{"type":"Feature","properties":{"name":"CORNWALL AV","class":"Arterial","width":18,"source":"cov-public-streets","type":"Arterial"},"geometry":{"type":"LineString","coordinates":[[-123.1508263,49.2725119],[-123.1514182,49.272521]]}},{"type":"Feature","properties":{"name":"CYPRESS ST","class":"Residential","width":9,"source":"cov-public-streets","type":"Residential"},"geometry":{"type":"LineString","coordinates":[[-123.1476621,49.2762163],[-123.1476779,49.2757754]]}},{"type":"Feature","properties":{"name":"MAPLE ST","class":"Residential","width":9,"source":"cov-public-streets","type":"Residential"},"geometry":{"type":"LineString","coordinates":[[-123.1503161,49.2694148],[-123.150332,49.2689744]]}},{"type":"Feature","properties":{"name":"YEW ST","class":"Residential","width":9,"source":"cov-public-streets","type":"Residential"},"geometry":{"type":"LineString","coordinates":[[-123.1549467,49.2732781],[-123.154967,49.272724]]}},{"type":"Feature","properties":{"name":"GRANVILLE ST","class":"Residential","width":9,"source":"cov-public-streets","type":"Residential"},"geometry":{"type":"LineString","coordinates":[[-123.1383628,49.2687814],[-123.1383961,49.2678991]]}},{"type":"Feature","properties":{"name":"FIR ST","class":"Secondary Arterial","width":14,"source":"cov-public-streets","type":"Secondary Arterial"},"geometry":{"type":"LineString","coordinates":[[-123.1408897,49.2670835],[-123.1408929,49.267]]}},{"type":"Feature","properties":{"name":"TRAFALGAR ST","class":"Residential","width":9,"source":"cov-public-streets","type":"Residential"},"geometry":{"type":"LineString","coordinates":[[-123.1644549,49.2700955],[-123.1644715,49.2696385]]}},{"type":"Feature","properties":{"name":"LARCH ST","class":"Residential","width":9,"source":"cov-public-streets","type":"Residential"},"geometry":{"type":"LineString","coordinates":[[-123.1622445,49.268281],[-123.1622596,49.2678677]]}},{"type":"Feature","properties":{"name":"LARCH ST","class":"Residential","width":9,"source":"cov-public-streets","type":"Residential"},"geometry":{"type":"LineString","coordinates":[[-123.1622596,49.2678677],[-123.1622759,49.2674241]]}},{"type":"Feature","properties":{"name":"W 2ND AV","class":"Arterial","width":18,"source":"cov-public-streets","type":"Arterial"},"geometry":{"type":"LineString","coordinates":[[-123.1112225,49.268409],[-123.1115106,49.2682674]]}},{"type":"Feature","properties":{"name":"W 3RD AV","class":"Residential","width":9,"source":"cov-public-streets","type":"Residential"},"geometry":{"type":"LineString","coordinates":[[-123.1094231,49.2683761],[-123.110734,49.2684]]}},{"type":"Feature","properties":{"name":"PRIOR ST","class":"Residential","width":9,"source":"cov-public-streets","type":"Residential"},"geometry":{"type":"LineString","coordinates":[[-123.1021331,49.2768076],[-123.1008937,49.2767862]]}},{"type":"Feature","properties":{"name":"CORNWALL AV","class":"Arterial","width":18,"source":"cov-public-streets","type":"Arterial"},"geometry":{"type":"LineString","coordinates":[[-123.1573406,49.2726169],[-123.1597114,49.2726542]]}},{"type":"Feature","properties":{"name":"VINE ST","class":"Residential","width":9,"source":"cov-public-streets","type":"Residential"},"geometry":{"type":"LineString","coordinates":[[-123.1575377,49.267349],[-123.1575508,49.267]]}},{"type":"Feature","properties":{"name":"MANITOBA ST","class":"Residential","width":9,"source":"cov-public-streets","type":"Residential"},"geometry":{"type":"LineString","coordinates":[[-123.1066638,49.2709347],[-123.1066939,49.2702275]]}},{"type":"Feature","properties":{"name":"COLUMBIA ST","class":"Residential","width":9,"source":"cov-public-streets","type":"Residential"},"geometry":{"type":"LineString","coordinates":[[-123.1093808,49.2709842],[-123.1094109,49.2702771]]}},{"type":"Feature","properties":{"name":"HAMILTON ST","class":"Arterial","width":18,"source":"cov-public-streets","type":"Arterial"},"geometry":{"type":"LineString","coordinates":[[-123.1186922,49.2775507],[-123.1195259,49.2769999]]}},{"type":"Feature","properties":{"name":"ATHLETES WAY","class":"Residential","width":9,"source":"cov-public-streets","type":"Residential"},"geometry":{"type":"LineString","coordinates":[[-123.1045766,49.2715263],[-123.1060463,49.2715531]]}},{"type":"Feature","properties":{"name":"ATHLETES WAY","class":"Residential","width":9,"source":"cov-public-streets","type":"Residential"},"geometry":{"type":"LineString","coordinates":[[-123.1060463,49.2715531],[-123.106637,49.2715639]]}},{"type":"Feature","properties":{"name":"ATHLETES WAY","class":"Residential","width":9,"source":"cov-public-streets","type":"Residential"},"geometry":{"type":"LineString","coordinates":[[-123.106637,49.2715639],[-123.109354,49.2716134]]}},{"type":"Feature","properties":{"name":"WALTER HARDWICK AV","class":"Residential","width":9,"source":"cov-public-streets","type":"Residential"},"geometry":{"type":"LineString","coordinates":[[-123.1066638,49.2709347],[-123.1093808,49.2709842]]}},{"type":"Feature","properties":{"name":"MANITOBA ST","class":"Residential","width":9,"source":"cov-public-streets","type":"Residential"},"geometry":{"type":"LineString","coordinates":[[-123.106637,49.2715639],[-123.1066638,49.2709347]]}},{"type":"Feature","properties":{"name":"E GEORGIA ST","class":"Residential","width":9,"source":"cov-public-streets","type":"Residential"},"geometry":{"type":"LineString","coordinates":[[-123.1005219,49.2786363],[-123.0997713,49.2786222]]}},{"type":"Feature","properties":{"name":"HAILSTONE ST","class":"Arterial","width":18,"source":"cov-public-streets","type":"Arterial"},"geometry":{"type":"LineString","coordinates":[[-123.1214274,49.2860895],[-123.1220289,49.285692],[-123.1218201,49.2855569]]}},{"type":"Feature","properties":{"name":"GRANVILLE BRIDGE","class":"Arterial","width":18,"source":"cov-public-streets","type":"Arterial"},"geometry":{"type":"LineString","coordinates":[[-123.1277921,49.2760952],[-123.128496,49.2756296]]}},{"type":"Feature","properties":{"name":"GRANVILLE BRIDGE","class":"Arterial","width":18,"source":"cov-public-streets","type":"Arterial"},"geometry":{"type":"LineString","coordinates":[[-123.128496,49.2756296],[-123.1289024,49.2753607]]}},{"type":"Feature","properties":{"name":"HOWE ST","class":"Arterial","width":18,"source":"cov-public-streets","type":"Arterial"},"geometry":{"type":"LineString","coordinates":[[-123.1290276,49.276576],[-123.1294894,49.2762704]]}},{"type":"Feature","properties":{"name":"650-669 MILLBANK","class":"Residential","width":9,"source":"cov-public-streets","type":"Residential"},"geometry":{"type":"LineString","coordinates":[[-123.1196947,49.2676282],[-123.1191249,49.2676189],[-123.1187294,49.2678031],[-123.1187271,49.2678642]]}},{"type":"Feature","properties":{"name":"SWITCHMEN ST","class":"Residential","width":9,"source":"cov-public-streets","type":"Residential"},"geometry":{"type":"LineString","coordinates":[[-123.102278,49.2712171],[-123.1006254,49.2709259]]}},{"type":"Feature","properties":{"name":"SMITHE ST","class":"Residential","width":9,"source":"cov-public-streets","type":"Residential"},"geometry":{"type":"LineString","coordinates":[[-123.1143898,49.275756],[-123.1130045,49.2748534]]}},{"type":"Feature","properties":{"name":"EXPO BOULEVARD","class":"Arterial","width":18,"source":"cov-public-streets","type":"Arterial"},"geometry":{"type":"LineString","coordinates":[[-123.1040954,49.277709],[-123.1039519,49.2776741],[-123.1038112,49.2776346],[-123.1036738,49.2775904],[-123.10354,49.2775417],[-123.1033677,49.27747],[-123.1032436,49.2774114],[-123.1031241,49.2773487],[-123.1030097,49.2772822],[-123.1029005,49.2772119],[-123.1027969,49.2771381],[-123.1026992,49.277061],[-123.1026075,49.2769808],[-123.1025221,49.2768976],[-123.1024433,49.2768117],[-123.1023487,49.2766934],[-123.1022859,49.276602]]}},{"type":"Feature","properties":{"name":"500-600 THURLOW ST","class":"Arterial","width":18,"source":"cov-public-streets","type":"Arterial"},"geometry":{"type":"LineString","coordinates":[[-123.120908,49.2871889],[-123.1214692,49.2868148]]}},{"type":"Feature","properties":{"name":"UNION ST","class":"Arterial","width":18,"source":"cov-public-streets","type":"Arterial"},"geometry":{"type":"LineString","coordinates":[[-123.1005634,49.2776857],[-123.1021247,49.2776424]]}},{"type":"Feature","properties":{"name":"200-300 WATER ST","class":"Arterial","width":18,"source":"cov-public-streets","type":"Arterial"},"geometry":{"type":"LineString","coordinates":[[-123.1087774,49.2843192],[-123.1095764,49.2844653]]}},{"type":"Feature","properties":{"name":"PACIFIC ST","class":"Arterial","width":18,"source":"cov-public-streets","type":"Arterial"},"geometry":{"type":"LineString","coordinates":[[-123.1289106,49.2746919],[-123.1294421,49.2750477]]}},{"type":"Feature","properties":{"name":"GRANVILLE BRIDGE","class":"Arterial","width":18,"source":"cov-public-streets","type":"Arterial"},"geometry":{"type":"LineString","coordinates":[[-123.1277921,49.2760952],[-123.128496,49.2756296]]}},{"type":"Feature","properties":{"name":"HOWE ST","class":"Arterial","width":18,"source":"cov-public-streets","type":"Arterial"},"geometry":{"type":"LineString","coordinates":[[-123.1290276,49.276576],[-123.1294894,49.2762704]]}},{"type":"Feature","properties":{"name":"GRANVILLE BRIDGE","class":"Arterial","width":18,"source":"cov-public-streets","type":"Arterial"},"geometry":{"type":"LineString","coordinates":[[-123.1294735,49.2762615],[-123.1298882,49.2759683],[-123.1299388,49.2759236],[-123.1299668,49.2758944],[-123.1300273,49.275822],[-123.1300667,49.2757638],[-123.1301078,49.2756856],[-123.1303622,49.2750857],[-123.1303956,49.2749992],[-123.130493,49.2747756],[-123.1305688,49.2746226],[-123.1306301,49.2745105],[-123.1307372,49.2743455],[-123.1308052,49.2742539],[-123.1308667,49.2741779],[-123.1309449,49.2740885],[-123.1310169,49.2740125],[-123.1311116,49.2739203],[-123.1312117,49.2738307]]}},{"type":"Feature","properties":{"name":"E 1ST AV","class":"Residential","width":9,"source":"cov-public-streets","type":"Residential"},"geometry":{"type":"LineString","coordinates":[[-123.1037524,49.2701737],[-123.1026621,49.2701536]]}},{"type":"Feature","properties":{"name":"QUEBEC ST","class":"Arterial","width":18,"source":"cov-public-streets","type":"Arterial"},"geometry":{"type":"LineString","coordinates":[[-123.102278,49.2712171],[-123.1023467,49.2710916],[-123.1024105,49.270958],[-123.1024635,49.2708223],[-123.1025028,49.2706949]]}},{"type":"Feature","properties":{"name":"QUEBEC ST","class":"Arterial","width":18,"source":"cov-public-streets","type":"Arterial"},"geometry":{"type":"LineString","coordinates":[[-123.1025028,49.2706949],[-123.1025275,49.2705928],[-123.1025512,49.2704536],[-123.1025637,49.2703139],[-123.10257,49.270152]]}},{"type":"Feature","properties":{"name":"E 1ST AV","class":"Residential","width":9,"source":"cov-public-streets","type":"Residential"},"geometry":{"type":"LineString","coordinates":[[-123.1045979,49.2701892],[-123.1037524,49.2701737]]}},{"type":"Feature","properties":{"name":"900-1000 GORE AV","class":"Residential","width":9,"source":"cov-public-streets","type":"Residential"},"geometry":{"type":"LineString","coordinates":[[-123.0984889,49.274896],[-123.098466,49.2750329],[-123.0984458,49.2751011],[-123.0984065,49.2751856],[-123.0983523,49.2752667],[-123.0983126,49.2753136],[-123.0982679,49.2753586],[-123.0978084,49.2757731]]}},{"type":"Feature","properties":{"name":"200-400 NATIONAL AV","class":"Residential","width":9,"source":"cov-public-streets","type":"Residential"},"geometry":{"type":"LineString","coordinates":[[-123.0984889,49.274896],[-123.0983914,49.2748902],[-123.0982949,49.2748753],[-123.0982026,49.2748516],[-123.0981163,49.2748197],[-123.098076,49.2748008],[-123.0979058,49.2747059],[-123.0978392,49.2746597],[-123.0977223,49.2745669],[-123.0976174,49.2745021],[-123.0975479,49.2744675],[-123.0974744,49.2744367],[-123.0973973,49.2744099],[-123.0973171,49.2743872]]}},{"type":"Feature","properties":{"name":"200-400 NATIONAL AV","class":"Residential","width":9,"source":"cov-public-streets","type":"Residential"},"geometry":{"type":"LineString","coordinates":[[-123.0973171,49.2743872],[-123.097204,49.2743633],[-123.0952503,49.2740339],[-123.0951084,49.2740068]]}},{"type":"Feature","properties":{"name":"ROLSTON ST","class":"Residential","width":9,"source":"cov-public-streets","type":"Residential"},"geometry":{"type":"LineString","coordinates":[[-123.1272866,49.2757663],[-123.1273559,49.2756871],[-123.1279732,49.2752919]]}},{"type":"Feature","properties":{"name":"CONTINENTAL ST","class":"Residential","width":9,"source":"cov-public-streets","type":"Residential"},"geometry":{"type":"LineString","coordinates":[[-123.1299332,49.2753764],[-123.1290304,49.2759741]]}},{"type":"Feature","properties":{"name":"PACIFIC ST","class":"Arterial","width":18,"source":"cov-public-streets","type":"Arterial"},"geometry":{"type":"LineString","coordinates":[[-123.1299077,49.2753594],[-123.1299332,49.2753764]]}},{"type":"Feature","properties":{"name":"PACIFIC ST","class":"Arterial","width":18,"source":"cov-public-streets","type":"Arterial"},"geometry":{"type":"LineString","coordinates":[[-123.1299332,49.2753764],[-123.1303841,49.2756783]]}},{"type":"Feature","properties":{"name":"PRIOR ST","class":"Secondary Arterial","width":14,"source":"cov-public-streets","type":"Secondary Arterial"},"geometry":{"type":"LineString","coordinates":[[-123.0955829,49.2766874],[-123.0955667,49.2766871]]}},{"type":"Feature","properties":{"name":"CHESTNUT ST","class":"Residential","width":9,"source":"cov-public-streets","type":"Residential"},"geometry":{"type":"LineString","coordinates":[[-123.1463134,49.2739517],[-123.1463311,49.2735288]]}},{"type":"Feature","properties":{"name":"W 4TH AV","class":"Arterial","width":18,"source":"cov-public-streets","type":"Arterial"},"geometry":{"type":"LineString","coordinates":[[-123.1503658,49.2680926],[-123.1527662,49.2681311]]}},{"type":"Feature","properties":{"name":"CORNWALL AV","class":"Arterial","width":18,"source":"cov-public-streets","type":"Arterial"},"geometry":{"type":"LineString","coordinates":[[-123.1520109,49.2725307],[-123.1526034,49.2725403]]}},{"type":"Feature","properties":{"name":"MCNICOLL AV","class":"Residential","width":9,"source":"cov-public-streets","type":"Residential"},"geometry":{"type":"LineString","coordinates":[[-123.1500604,49.2762551],[-123.1510843,49.2762716]]}},{"type":"Feature","properties":{"name":"CREELMAN AV","class":"Residential","width":9,"source":"cov-public-streets","type":"Residential"},"geometry":{"type":"LineString","coordinates":[[-123.1495048,49.2744805],[-123.1501269,49.2744905]]}},{"type":"Feature","properties":{"name":"ARBUTUS ST","class":"Residential","width":9,"source":"cov-public-streets","type":"Residential"},"geometry":{"type":"LineString","coordinates":[[-123.1526836,49.2703355],[-123.1527003,49.2698938]]}},{"type":"Feature","properties":{"name":"MAPLE ST","class":"Residential","width":9,"source":"cov-public-streets","type":"Residential"},"geometry":{"type":"LineString","coordinates":[[-123.1502204,49.2720604],[-123.1502359,49.2716192]]}},{"type":"Feature","properties":{"name":"HEMLOCK ST","class":"Secondary Arterial","width":14,"source":"cov-public-streets","type":"Secondary Arterial"},"geometry":{"type":"LineString","coordinates":[[-123.135963,49.2671372],[-123.1359679,49.267]]}},{"type":"Feature","properties":{"name":"CHESTNUT ST","class":"Residential","width":9,"source":"cov-public-streets","type":"Residential"},"geometry":{"type":"LineString","coordinates":[[-123.1462382,49.2757522],[-123.1462562,49.2753114]]}},{"type":"Feature","properties":{"name":"W 3RD AV","class":"Residential","width":9,"source":"cov-public-streets","type":"Residential"},"geometry":{"type":"LineString","coordinates":[[-123.1551026,49.2690508],[-123.1574723,49.2690891]]}},{"type":"Feature","properties":{"name":"LORNE ST","class":"Residential","width":9,"source":"cov-public-streets","type":"Residential"},"geometry":{"type":"LineString","coordinates":[[-123.0992218,49.2689236],[-123.099659,49.2685968]]}},{"type":"Feature","properties":{"name":"QUEBEC ST","class":"Residential","width":9,"source":"cov-public-streets","type":"Residential"},"geometry":{"type":"LineString","coordinates":[[-123.1027226,49.2687072],[-123.1027408,49.2682551]]}},{"type":"Feature","properties":{"name":"W 2ND AV","class":"Arterial","width":18,"source":"cov-public-streets","type":"Arterial"},"geometry":{"type":"LineString","coordinates":[[-123.1065726,49.269274],[-123.1092808,49.2693245],[-123.1094187,49.2692956]]}},{"type":"Feature","properties":{"name":"E 2ND AV","class":"Arterial","width":18,"source":"cov-public-streets","type":"Arterial"},"geometry":{"type":"LineString","coordinates":[[-123.104637,49.2692395],[-123.1027012,49.2692044]]}},{"type":"Feature","properties":{"name":"W 1ST AV","class":"Residential","width":9,"source":"cov-public-streets","type":"Residential"},"geometry":{"type":"LineString","coordinates":[[-123.1046336,49.2701898],[-123.1061033,49.2702167]]}},{"type":"Feature","properties":{"name":"ONTARIO ST","class":"Residential","width":9,"source":"cov-public-streets","type":"Residential"},"geometry":{"type":"LineString","coordinates":[[-123.1045979,49.2701892],[-123.1046162,49.2697368]]}},{"type":"Feature","properties":{"name":"COLUMBIA ST","class":"Residential","width":9,"source":"cov-public-streets","type":"Residential"},"geometry":{"type":"LineString","coordinates":[[-123.1094279,49.2674715],[-123.1094307,49.2670196]]}},{"type":"Feature","properties":{"name":"ALBERTA ST","class":"Residential","width":9,"source":"cov-public-streets","type":"Residential"},"geometry":{"type":"LineString","coordinates":[[-123.1107926,49.2670453],[-123.1107946,49.267]]}},{"type":"Feature","properties":{"name":"WYLIE ST","class":"Residential","width":9,"source":"cov-public-streets","type":"Residential"},"geometry":{"type":"LineString","coordinates":[[-123.1135145,49.2679052],[-123.1130579,49.2675072]]}},{"type":"Feature","properties":{"name":"400-600 MOBERLY ROAD","class":"Residential","width":9,"source":"cov-public-streets","type":"Residential"},"geometry":{"type":"LineString","coordinates":[[-123.1175026,49.2681159],[-123.1174992,49.2680629],[-123.1175075,49.2678443]]}},{"type":"Feature","properties":{"name":"SPYGLASS PLACE","class":"Residential","width":9,"source":"cov-public-streets","type":"Residential"},"geometry":{"type":"LineString","coordinates":[[-123.1151666,49.2710277],[-123.1152442,49.2690976]]}},{"type":"Feature","properties":{"name":"SCANTLINGS","class":"Residential","width":9,"source":"cov-public-streets","type":"Residential"},"geometry":{"type":"LineString","coordinates":[[-123.1277699,49.2674522],[-123.1277714,49.2674094],[-123.1279485,49.2672339],[-123.1290205,49.2670058]]}},{"type":"Feature","properties":{"name":"ISLAND PARK WALK","class":"Residential","width":9,"source":"cov-public-streets","type":"Residential"},"geometry":{"type":"LineString","coordinates":[[-123.1314158,49.267],[-123.1319261,49.2671826],[-123.131986,49.2672087],[-123.1320502,49.2672441],[-123.1321074,49.2672844],[-123.132163,49.2673356],[-123.1323886,49.2676082],[-123.1327531,49.2677059]]}},{"type":"Feature","properties":{"name":"PINE ST","class":"Residential","width":9,"source":"cov-public-streets","type":"Residential"},"geometry":{"type":"LineString","coordinates":[[-123.1431457,49.2701827],[-123.143162,49.2697418]]}},{"type":"Feature","properties":{"name":"LARCH ST","class":"Residential","width":9,"source":"cov-public-streets","type":"Residential"},"geometry":{"type":"LineString","coordinates":[[-123.1621952,49.2696045],[-123.1622114,49.2691631]]}},{"type":"Feature","properties":{"name":"YORK AV","class":"Residential","width":9,"source":"cov-public-streets","type":"Residential"},"geometry":{"type":"LineString","coordinates":[[-123.1621179,49.2718094],[-123.1642546,49.2718436],[-123.1643914,49.2718821]]}},{"type":"Feature","properties":{"name":"LARCH ST","class":"Residential","width":9,"source":"cov-public-streets","type":"Residential"},"geometry":{"type":"LineString","coordinates":[[-123.1621303,49.271366],[-123.1621463,49.2709267]]}},{"type":"Feature","properties":{"name":"LARCH ST","class":"Residential","width":9,"source":"cov-public-streets","type":"Residential"},"geometry":{"type":"LineString","coordinates":[[-123.1620973,49.2722501],[-123.1621179,49.2718094]]}},{"type":"Feature","properties":{"name":"W 1ST AV","class":"Residential","width":9,"source":"cov-public-streets","type":"Residential"},"geometry":{"type":"LineString","coordinates":[[-123.1402253,49.271375],[-123.1411166,49.2710344]]}},{"type":"Feature","properties":{"name":"GRANVILLE ST","class":"Residential","width":9,"source":"cov-public-streets","type":"Residential"},"geometry":{"type":"LineString","coordinates":[[-123.1383961,49.2678991],[-123.1384295,49.267]]}},{"type":"Feature","properties":{"name":"PINE ST","class":"Residential","width":9,"source":"cov-public-streets","type":"Residential"},"geometry":{"type":"LineString","coordinates":[[-123.1432292,49.2679768],[-123.1432441,49.2675583]]}},{"type":"Feature","properties":{"name":"VINE ST","class":"Residential","width":9,"source":"cov-public-streets","type":"Residential"},"geometry":{"type":"LineString","coordinates":[[-123.157521,49.2677875],[-123.1575377,49.267349]]}},{"type":"Feature","properties":{"name":"W 3RD AV","class":"Residential","width":9,"source":"cov-public-streets","type":"Residential"},"geometry":{"type":"LineString","coordinates":[[-123.1598422,49.2691274],[-123.1622114,49.2691631]]}},{"type":"Feature","properties":{"name":"ANDERSON ST","class":"Residential","width":9,"source":"cov-public-streets","type":"Residential"},"geometry":{"type":"LineString","coordinates":[[-123.1379938,49.2693459],[-123.1371449,49.2699066]]}},{"type":"Feature","properties":{"name":"TRAFALGAR ST","class":"Residential","width":9,"source":"cov-public-streets","type":"Residential"},"geometry":{"type":"LineString","coordinates":[[-123.1643366,49.2734204],[-123.1643457,49.2731686]]}},{"type":"Feature","properties":{"name":"VINE ST","class":"Residential","width":9,"source":"cov-public-streets","type":"Residential"},"geometry":{"type":"LineString","coordinates":[[-123.1574393,49.2699708],[-123.157456,49.2695296]]}},{"type":"Feature","properties":{"name":"VINE ST","class":"Residential","width":9,"source":"cov-public-streets","type":"Residential"},"geometry":{"type":"LineString","coordinates":[[-123.1573406,49.2726169],[-123.1573577,49.2721744]]}},{"type":"Feature","properties":{"name":"GRANVILLE ST","class":"Arterial","width":18,"source":"cov-public-streets","type":"Arterial"},"geometry":{"type":"LineString","coordinates":[[-123.1164117,49.283624],[-123.1181206,49.2824943]]}},{"type":"Feature","properties":{"name":"GRANVILLE ST","class":"Arterial","width":18,"source":"cov-public-streets","type":"Arterial"},"geometry":{"type":"LineString","coordinates":[[-123.1138663,49.2853073],[-123.1143671,49.2849762]]}},{"type":"Feature","properties":{"name":"GRANVILLE ST","class":"Arterial","width":18,"source":"cov-public-streets","type":"Arterial"},"geometry":{"type":"LineString","coordinates":[[-123.1128845,49.2859566],[-123.1133696,49.2856338]]}},{"type":"Feature","properties":{"name":"SEYMOUR ST","class":"Arterial","width":18,"source":"cov-public-streets","type":"Arterial"},"geometry":{"type":"LineString","coordinates":[[-123.1133757,49.284335],[-123.1138561,49.2840173]]}},{"type":"Feature","properties":{"name":"THURLOW ST","class":"Arterial","width":18,"source":"cov-public-streets","type":"Arterial"},"geometry":{"type":"LineString","coordinates":[[-123.1204069,49.2875203],[-123.120908,49.2871889]]}},{"type":"Feature","properties":{"name":"THURLOW ST","class":"Arterial","width":18,"source":"cov-public-streets","type":"Arterial"},"geometry":{"type":"LineString","coordinates":[[-123.1274749,49.2828455],[-123.1280093,49.2824919]]}},{"type":"Feature","properties":{"name":"CARDERO ST","class":"Residential","width":9,"source":"cov-public-streets","type":"Residential"},"geometry":{"type":"LineString","coordinates":[[-123.132289,49.2894422],[-123.1328208,49.2890902]]}},{"type":"Feature","properties":{"name":"BROUGHTON ST","class":"Arterial","width":18,"source":"cov-public-streets","type":"Arterial"},"geometry":{"type":"LineString","coordinates":[[-123.1288662,49.2886176],[-123.1293975,49.2882658]]}},{"type":"Feature","properties":{"name":"JERVIS ST","class":"Arterial","width":18,"source":"cov-public-streets","type":"Arterial"},"geometry":{"type":"LineString","coordinates":[[-123.1262764,49.2885278],[-123.1268592,49.2881423]]}},{"type":"Feature","properties":{"name":"W PENDER ST","class":"Arterial","width":18,"source":"cov-public-streets","type":"Arterial"},"geometry":{"type":"LineString","coordinates":[[-123.1255217,49.2890271],[-123.127406,49.2895843]]}},{"type":"Feature","properties":{"name":"ALBERNI ST","class":"Arterial","width":18,"source":"cov-public-streets","type":"Arterial"},"geometry":{"type":"LineString","coordinates":[[-123.1300438,49.2893796],[-123.131226,49.2901446]]}},{"type":"Feature","properties":{"name":"BEACH AV","class":"Arterial","width":18,"source":"cov-public-streets","type":"Arterial"},"geometry":{"type":"LineString","coordinates":[[-123.1346227,49.2767868],[-123.1354328,49.2775813]]}},{"type":"Feature","properties":{"name":"1300-1400 ARBUTUS ST","class":"Residential","width":9,"source":"cov-public-streets","type":"Residential"},"geometry":{"type":"LineString","coordinates":[[-123.1525264,49.2745297],[-123.1525705,49.2733912]]}},{"type":"Feature","properties":{"name":"NELSON ST","class":"Arterial","width":18,"source":"cov-public-streets","type":"Arterial"},"geometry":{"type":"LineString","coordinates":[[-123.1181308,49.2761046],[-123.1189722,49.2766416]]}},{"type":"Feature","properties":{"name":"ISLAND PARK WALK","class":"Residential","width":9,"source":"cov-public-streets","type":"Residential"},"geometry":{"type":"LineString","coordinates":[[-123.1336229,49.2681244],[-123.1344914,49.2683492]]}},{"type":"Feature","properties":{"name":"ISLAND PARK WALK","class":"Residential","width":9,"source":"cov-public-streets","type":"Residential"},"geometry":{"type":"LineString","coordinates":[[-123.1344914,49.2683492],[-123.1351297,49.2685132],[-123.135532,49.2688478],[-123.1356268,49.2692195],[-123.1359829,49.2694963]]}},{"type":"Feature","properties":{"name":"QUEBEC ST","class":"Residential","width":9,"source":"cov-public-streets","type":"Residential"},"geometry":{"type":"LineString","coordinates":[[-123.1027408,49.2682551],[-123.1027598,49.2678027]]}},{"type":"Feature","properties":{"name":"BIDWELL ST","class":"Residential","width":9,"source":"cov-public-streets","type":"Residential"},"geometry":{"type":"LineString","coordinates":[[-123.1402375,49.2862362],[-123.1407692,49.2858846]]}},{"type":"Feature","properties":{"name":"INDUSTRIAL AV","class":"Residential","width":9,"source":"cov-public-streets","type":"Residential"},"geometry":{"type":"LineString","coordinates":[[-123.1000017,49.2704357],[-123.0981831,49.2698976],[-123.0980776,49.2698804]]}},{"type":"Feature","properties":{"name":"COOK ST","class":"Residential","width":9,"source":"cov-public-streets","type":"Residential"},"geometry":{"type":"LineString","coordinates":[[-123.1108176,49.2697952],[-123.1104109,49.2694297]]}},{"type":"Feature","properties":{"name":"COLUMBIA ST","class":"Residential","width":9,"source":"cov-public-streets","type":"Residential"},"geometry":{"type":"LineString","coordinates":[[-123.1094109,49.2702771],[-123.1094147,49.2701862],[-123.1094162,49.2698248]]}},{"type":"Feature","properties":{"name":"COLUMBIA ST","class":"Residential","width":9,"source":"cov-public-streets","type":"Residential"},"geometry":{"type":"LineString","coordinates":[[-123.1094259,49.2679236],[-123.1094279,49.2674715]]}},{"type":"Feature","properties":{"name":"HARWOOD ST","class":"Residential","width":9,"source":"cov-public-streets","type":"Residential"},"geometry":{"type":"LineString","coordinates":[[-123.1396118,49.2830473],[-123.1407944,49.2838124]]}},{"type":"Feature","properties":{"name":"DAVIE ST","class":"Arterial","width":18,"source":"cov-public-streets","type":"Arterial"},"geometry":{"type":"LineString","coordinates":[[-123.1386647,49.2852177],[-123.1402375,49.2862362]]}},{"type":"Feature","properties":{"name":"1000-1100 GILFORD ST","class":"Residential","width":9,"source":"cov-public-streets","type":"Residential"},"geometry":{"type":"LineString","coordinates":[[-123.1412577,49.2896798],[-123.1417887,49.2893277]]}},{"type":"Feature","properties":{"name":"BIDWELL ST","class":"Residential","width":9,"source":"cov-public-streets","type":"Residential"},"geometry":{"type":"LineString","coordinates":[[-123.1370495,49.2883481],[-123.1375806,49.2879961]]}},{"type":"Feature","properties":{"name":"HARO ST","class":"Residential","width":9,"source":"cov-public-streets","type":"Residential"},"geometry":{"type":"LineString","coordinates":[[-123.1364961,49.2907731],[-123.1380696,49.2917911]]}},{"type":"Feature","properties":{"name":"GILFORD ST","class":"Residential","width":9,"source":"cov-public-streets","type":"Residential"},"geometry":{"type":"LineString","coordinates":[[-123.1375384,49.2921426],[-123.1380696,49.2917911]]}},{"type":"Feature","properties":{"name":"SEYMOUR ST","class":"Arterial","width":18,"source":"cov-public-streets","type":"Arterial"},"geometry":{"type":"LineString","coordinates":[[-123.1270525,49.2753008],[-123.1284338,49.2743727]]}},{"type":"Feature","properties":{"name":"CAMBIE BRIDGE","class":"Arterial","width":18,"source":"cov-public-streets","type":"Arterial"},"geometry":{"type":"LineString","coordinates":[[-123.1148891,49.2695526],[-123.1148928,49.2682374],[-123.1148611,49.2676357],[-123.1148423,49.267]]}},{"type":"Feature","properties":{"name":"GRANVILLE BRIDGE","class":"Arterial","width":18,"source":"cov-public-streets","type":"Arterial"},"geometry":{"type":"LineString","coordinates":[[-123.1289024,49.2753607],[-123.1312117,49.2738307]]}},{"type":"Feature","properties":{"name":"NELSON ST","class":"Arterial","width":18,"source":"cov-public-streets","type":"Arterial"},"geometry":{"type":"LineString","coordinates":[[-123.1225076,49.2789303],[-123.1230138,49.2792582]]}},{"type":"Feature","properties":{"name":"BURRARD ST","class":"Arterial","width":18,"source":"cov-public-streets","type":"Arterial"},"geometry":{"type":"LineString","coordinates":[[-123.1244038,49.2822407],[-123.1249287,49.2818935]]}},{"type":"Feature","properties":{"name":"BURRARD ST","class":"Arterial","width":18,"source":"cov-public-streets","type":"Arterial"},"geometry":{"type":"LineString","coordinates":[[-123.1249287,49.2818935],[-123.1254605,49.2815417]]}},{"type":"Feature","properties":{"name":"W HASTINGS ST","class":"Arterial","width":18,"source":"cov-public-streets","type":"Arterial"},"geometry":{"type":"LineString","coordinates":[[-123.1119042,49.2840376],[-123.1128751,49.284666]]}},{"type":"Feature","properties":{"name":"BURRARD ST","class":"Arterial","width":18,"source":"cov-public-streets","type":"Arterial"},"geometry":{"type":"LineString","coordinates":[[-123.1228089,49.2832957],[-123.1233339,49.2829485]]}},{"type":"Feature","properties":{"name":"DAVIE ST","class":"Arterial","width":18,"source":"cov-public-streets","type":"Arterial"},"geometry":{"type":"LineString","coordinates":[[-123.1418096,49.2872536],[-123.1424103,49.2876423]]}},{"type":"Feature","properties":{"name":"1000-1100 BROUGHTON ST","class":"Residential","width":9,"source":"cov-public-streets","type":"Residential"},"geometry":{"type":"LineString","coordinates":[[-123.134712,49.2847466],[-123.1352435,49.2843947]]}},{"type":"Feature","properties":{"name":"DAVIE ST","class":"Arterial","width":18,"source":"cov-public-streets","type":"Arterial"},"geometry":{"type":"LineString","coordinates":[[-123.1227135,49.2748934],[-123.1232664,49.2752517]]}},{"type":"Feature","properties":{"name":"JERVIS ST","class":"Residential","width":9,"source":"cov-public-streets","type":"Residential"},"geometry":{"type":"LineString","coordinates":[[-123.1285517,49.2870226],[-123.1290835,49.2866708]]}},{"type":"Feature","properties":{"name":"W 3RD AV","class":"Residential","width":9,"source":"cov-public-streets","type":"Residential"},"geometry":{"type":"LineString","coordinates":[[-123.1046764,49.2682898],[-123.1066115,49.2683237]]}},{"type":"Feature","properties":{"name":"WYLIE ST","class":"Residential","width":9,"source":"cov-public-streets","type":"Residential"},"geometry":{"type":"LineString","coordinates":[[-123.1139292,49.2682666],[-123.1135145,49.2679052]]}},{"type":"Feature","properties":{"name":"ONTARIO ST","class":"Residential","width":9,"source":"cov-public-streets","type":"Residential"},"geometry":{"type":"LineString","coordinates":[[-123.1046574,49.2687419],[-123.1046764,49.2682898]]}},{"type":"Feature","properties":{"name":"ONTARIO ST","class":"Residential","width":9,"source":"cov-public-streets","type":"Residential"},"geometry":{"type":"LineString","coordinates":[[-123.1046034,49.2708971],[-123.1046336,49.2701898]]}},{"type":"Feature","properties":{"name":"PRIOR ST","class":"Residential","width":9,"source":"cov-public-streets","type":"Residential"},"geometry":{"type":"LineString","coordinates":[[-123.1008937,49.2767862],[-123.1006039,49.2767812]]}},{"type":"Feature","properties":{"name":"W 2ND AV","class":"Residential","width":9,"source":"cov-public-streets","type":"Residential"},"geometry":{"type":"LineString","coordinates":[[-123.1598093,49.2700085],[-123.1621794,49.2700451]]}},{"type":"Feature","properties":{"name":"W 2ND AV","class":"Residential","width":9,"source":"cov-public-streets","type":"Residential"},"geometry":{"type":"LineString","coordinates":[[-123.143162,49.2697418],[-123.1455468,49.2697796]]}},{"type":"Feature","properties":{"name":"GREER AV","class":"Residential","width":9,"source":"cov-public-streets","type":"Residential"},"geometry":{"type":"LineString","coordinates":[[-123.1470158,49.2734972],[-123.1477648,49.2734607]]}},{"type":"Feature","properties":{"name":"CHESTNUT ST","class":"Residential","width":9,"source":"cov-public-streets","type":"Residential"},"geometry":{"type":"LineString","coordinates":[[-123.1462743,49.2748702],[-123.1462935,49.2744285]]}},{"type":"Feature","properties":{"name":"CHESTNUT ST","class":"Residential","width":9,"source":"cov-public-streets","type":"Residential"},"geometry":{"type":"LineString","coordinates":[[-123.1463311,49.2735288],[-123.146355,49.2729788]]}},{"type":"Feature","properties":{"name":"W 1ST AV","class":"Residential","width":9,"source":"cov-public-streets","type":"Residential"},"geometry":{"type":"LineString","coordinates":[[-123.1478684,49.2706988],[-123.1502684,49.2707371]]}},{"type":"Feature","properties":{"name":"HOWE ST","class":"Arterial","width":18,"source":"cov-public-streets","type":"Arterial"},"geometry":{"type":"LineString","coordinates":[[-123.1143558,49.286281],[-123.1148572,49.2859499]]}},{"type":"Feature","properties":{"name":"BUTE ST","class":"Residential","width":9,"source":"cov-public-streets","type":"Residential"},"geometry":{"type":"LineString","coordinates":[[-123.1365484,49.2796723],[-123.1371372,49.2792792]]}},{"type":"Feature","properties":{"name":"JERVIS ST","class":"Residential","width":9,"source":"cov-public-streets","type":"Residential"},"geometry":{"type":"LineString","coordinates":[[-123.1354753,49.2824388],[-123.13599,49.282102]]}},{"type":"Feature","properties":{"name":"BUTE ST","class":"Residential","width":9,"source":"cov-public-streets","type":"Residential"},"geometry":{"type":"LineString","coordinates":[[-123.1349535,49.2807281],[-123.1354855,49.280376]]}},{"type":"Feature","properties":{"name":"BEACH AV","class":"Arterial","width":18,"source":"cov-public-streets","type":"Arterial"},"geometry":{"type":"LineString","coordinates":[[-123.1354328,49.2775813],[-123.1371372,49.2792792]]}},{"type":"Feature","properties":{"name":"COMOX ST","class":"Residential","width":9,"source":"cov-public-streets","type":"Residential"},"geometry":{"type":"LineString","coordinates":[[-123.1365397,49.2866264],[-123.1381117,49.2876438]]}},{"type":"Feature","properties":{"name":"DAVIE ST","class":"Arterial","width":18,"source":"cov-public-streets","type":"Arterial"},"geometry":{"type":"LineString","coordinates":[[-123.1333593,49.2817832],[-123.1349319,49.2828015]]}},{"type":"Feature","properties":{"name":"1200-1300 BIDWELL ST","class":"Residential","width":9,"source":"cov-public-streets","type":"Residential"},"geometry":{"type":"LineString","coordinates":[[-123.1423645,49.28483],[-123.1428177,49.2845304]]}},{"type":"Feature","properties":{"name":"NICOLA ST","class":"Residential","width":9,"source":"cov-public-streets","type":"Residential"},"geometry":{"type":"LineString","coordinates":[[-123.1385485,49.2837513],[-123.1390802,49.2833992]]}},{"type":"Feature","properties":{"name":"MAIN ST","class":"Arterial","width":18,"source":"cov-public-streets","type":"Arterial"},"geometry":{"type":"LineString","coordinates":[[-123.0996488,49.2813357],[-123.0996891,49.2803855]]}},{"type":"Feature","properties":{"name":"GORE AV","class":"Residential","width":9,"source":"cov-public-streets","type":"Residential"},"geometry":{"type":"LineString","coordinates":[[-123.0974737,49.2812947],[-123.0974005,49.2807961]]}},{"type":"Feature","properties":{"name":"W PENDER ST","class":"Arterial","width":18,"source":"cov-public-streets","type":"Arterial"},"geometry":{"type":"LineString","coordinates":[[-123.1075727,49.2810782],[-123.1084552,49.2812384]]}},{"type":"Feature","properties":{"name":"KEEFER PLACE","class":"Arterial","width":18,"source":"cov-public-streets","type":"Arterial"},"geometry":{"type":"LineString","coordinates":[[-123.1044394,49.2792457],[-123.1049867,49.2792833],[-123.1061381,49.2794678]]}},{"type":"Feature","properties":{"name":"BEACH AV","class":"Arterial","width":18,"source":"cov-public-streets","type":"Arterial"},"geometry":{"type":"LineString","coordinates":[[-123.1428177,49.2845304],[-123.1428381,49.2845621],[-123.1424905,49.2863025]]}},{"type":"Feature","properties":{"name":"DAVIE ST","class":"Arterial","width":18,"source":"cov-public-streets","type":"Arterial"},"geometry":{"type":"LineString","coordinates":[[-123.1286466,49.2787343],[-123.1291811,49.2790801]]}},{"type":"Feature","properties":{"name":"ROBSON ST","class":"Arterial","width":18,"source":"cov-public-streets","type":"Arterial"},"geometry":{"type":"LineString","coordinates":[[-123.1149548,49.2782091],[-123.1154508,49.2785158]]}},{"type":"Feature","properties":{"name":"NELSON ST","class":"Arterial","width":18,"source":"cov-public-streets","type":"Arterial"},"geometry":{"type":"LineString","coordinates":[[-123.1215364,49.2783018],[-123.1220219,49.2786161]]}},{"type":"Feature","properties":{"name":"HELMCKEN ST","class":"Arterial","width":18,"source":"cov-public-streets","type":"Arterial"},"geometry":{"type":"LineString","coordinates":[[-123.1226424,49.276934],[-123.1231288,49.2772486]]}},{"type":"Feature","properties":{"name":"HELMCKEN ST","class":"Arterial","width":18,"source":"cov-public-streets","type":"Arterial"},"geometry":{"type":"LineString","coordinates":[[-123.1246064,49.2782042],[-123.1251128,49.2785317]]}},{"type":"Feature","properties":{"name":"DRAKE ST","class":"Arterial","width":18,"source":"cov-public-streets","type":"Arterial"},"geometry":{"type":"LineString","coordinates":[[-123.1302407,49.2776795],[-123.1307753,49.2780252]]}},{"type":"Feature","properties":{"name":"HARO ST","class":"Residential","width":9,"source":"cov-public-streets","type":"Residential"},"geometry":{"type":"LineString","coordinates":[[-123.1333522,49.2887384],[-123.1340751,49.2892062]]}},{"type":"Feature","properties":{"name":"OGDEN AV","class":"Residential","width":9,"source":"cov-public-streets","type":"Residential"},"geometry":{"type":"LineString","coordinates":[[-123.1461945,49.2767687],[-123.1475022,49.2767898],[-123.1476391,49.2768167]]}},{"type":"Feature","properties":{"name":"BARCLAY ST","class":"Residential","width":9,"source":"cov-public-streets","type":"Residential"},"geometry":{"type":"LineString","coordinates":[[-123.137559,49.2900692],[-123.1391316,49.2910871]]}},{"type":"Feature","properties":{"name":"GILFORD ST","class":"Residential","width":9,"source":"cov-public-streets","type":"Residential"},"geometry":{"type":"LineString","coordinates":[[-123.137007,49.2924949],[-123.1375384,49.2921426]]}},{"type":"Feature","properties":{"name":"DENMAN ST","class":"Arterial","width":18,"source":"cov-public-streets","type":"Arterial"},"geometry":{"type":"LineString","coordinates":[[-123.1359733,49.2911316],[-123.1364961,49.2907731]]}},{"type":"Feature","properties":{"name":"BIDWELL ST","class":"Residential","width":9,"source":"cov-public-streets","type":"Residential"},"geometry":{"type":"LineString","coordinates":[[-123.1338611,49.2904588],[-123.1343931,49.2901076]]}},{"type":"Feature","properties":{"name":"COLUMBIA ST","class":"Arterial","width":18,"source":"cov-public-streets","type":"Arterial"},"geometry":{"type":"LineString","coordinates":[[-123.1021963,49.2827855],[-123.1022158,49.282333]]}},{"type":"Feature","properties":{"name":"COLUMBIA ST","class":"Arterial","width":18,"source":"cov-public-streets","type":"Arterial"},"geometry":{"type":"LineString","coordinates":[[-123.1021753,49.2832385],[-123.1021963,49.2827855]]}},{"type":"Feature","properties":{"name":"W HASTINGS ST","class":"Arterial","width":18,"source":"cov-public-streets","type":"Arterial"},"geometry":{"type":"LineString","coordinates":[[-123.1095463,49.2825114],[-123.1099633,49.2827814]]}},{"type":"Feature","properties":{"name":"CAMBIE ST","class":"Arterial","width":18,"source":"cov-public-streets","type":"Arterial"},"geometry":{"type":"LineString","coordinates":[[-123.1097738,49.2819757],[-123.1099716,49.2815099]]}},{"type":"Feature","properties":{"name":"W CORDOVA ST","class":"Arterial","width":18,"source":"cov-public-streets","type":"Arterial"},"geometry":{"type":"LineString","coordinates":[[-123.109119,49.2835187],[-123.1099524,49.2840581]]}},{"type":"Feature","properties":{"name":"W HASTINGS ST","class":"Arterial","width":18,"source":"cov-public-streets","type":"Arterial"},"geometry":{"type":"LineString","coordinates":[[-123.1099633,49.2827814],[-123.1109331,49.2834093]]}},{"type":"Feature","properties":{"name":"E PENDER ST","class":"Arterial","width":18,"source":"cov-public-streets","type":"Arterial"},"geometry":{"type":"LineString","coordinates":[[-123.1022971,49.2804346],[-123.1004417,49.2803998]]}},{"type":"Feature","properties":{"name":"E PENDER ST","class":"Arterial","width":18,"source":"cov-public-streets","type":"Arterial"},"geometry":{"type":"LineString","coordinates":[[-123.1004417,49.2803998],[-123.0996891,49.2803855]]}},{"type":"Feature","properties":{"name":"E 4TH AV","class":"Residential","width":9,"source":"cov-public-streets","type":"Residential"},"geometry":{"type":"LineString","coordinates":[[-123.0999725,49.2672999],[-123.0987709,49.2672773]]}},{"type":"Feature","properties":{"name":"BUTE ST","class":"Residential","width":9,"source":"cov-public-streets","type":"Residential"},"geometry":{"type":"LineString","coordinates":[[-123.132296,49.2824868],[-123.1328274,49.2821352]]}},{"type":"Feature","properties":{"name":"W GEORGIA ST","class":"Arterial","width":18,"source":"cov-public-streets","type":"Arterial"},"geometry":{"type":"LineString","coordinates":[[-123.1156726,49.2809106],[-123.1161586,49.2812248]]}},{"type":"Feature","properties":{"name":"W GEORGIA ST","class":"Arterial","width":18,"source":"cov-public-streets","type":"Arterial"},"geometry":{"type":"LineString","coordinates":[[-123.1161586,49.2812248],[-123.1166434,49.2815388]]}},{"type":"Feature","properties":{"name":"SMITHE ST","class":"Arterial","width":18,"source":"cov-public-streets","type":"Arterial"},"geometry":{"type":"LineString","coordinates":[[-123.1219285,49.2806366],[-123.1224139,49.280953]]}},{"type":"Feature","properties":{"name":"BURRARD ST","class":"Arterial","width":18,"source":"cov-public-streets","type":"Arterial"},"geometry":{"type":"LineString","coordinates":[[-123.1254605,49.2815417],[-123.1259961,49.2811873]]}},{"type":"Feature","properties":{"name":"W 4TH AV","class":"Arterial","width":18,"source":"cov-public-streets","type":"Arterial"},"geometry":{"type":"LineString","coordinates":[[-123.1527662,49.2681311],[-123.1551355,49.2681686]]}},{"type":"Feature","properties":{"name":"W GEORGIA ST","class":"Arterial","width":18,"source":"cov-public-streets","type":"Arterial"},"geometry":{"type":"LineString","coordinates":[[-123.1353178,49.2936156],[-123.1366924,49.2945049]]}},{"type":"Feature","properties":{"name":"1000-1100 JERVIS ST","class":"Residential","width":9,"source":"cov-public-streets","type":"Residential"},"geometry":{"type":"LineString","coordinates":[[-123.1328046,49.284208],[-123.133336,49.2838562]]}},{"type":"Feature","properties":{"name":"HARO ST","class":"Residential","width":9,"source":"cov-public-streets","type":"Residential"},"geometry":{"type":"LineString","coordinates":[[-123.1321696,49.2879728],[-123.1333522,49.2887384]]}},{"type":"Feature","properties":{"name":"UNION ST","class":"Residential","width":9,"source":"cov-public-streets","type":"Residential"},"geometry":{"type":"LineString","coordinates":[[-123.0969578,49.2776184],[-123.0955383,49.2775902]]}},{"type":"Feature","properties":{"name":"YORK AV","class":"Residential","width":9,"source":"cov-public-streets","type":"Residential"},"geometry":{"type":"LineString","coordinates":[[-123.1526352,49.2716589],[-123.155004,49.2716959]]}},{"type":"Feature","properties":{"name":"DRAKE ST","class":"Arterial","width":18,"source":"cov-public-streets","type":"Arterial"},"geometry":{"type":"LineString","coordinates":[[-123.1243105,49.27384],[-123.1248604,49.2741963]]}},{"type":"Feature","properties":{"name":"HOMER ST","class":"Arterial","width":18,"source":"cov-public-streets","type":"Arterial"},"geometry":{"type":"LineString","coordinates":[[-123.1248604,49.2741963],[-123.1253852,49.2738469],[-123.125455,49.2737936],[-123.1255204,49.2737379],[-123.1256193,49.2736404],[-123.1256722,49.2735794],[-123.1257202,49.2735166],[-123.1257631,49.2734522],[-123.1258122,49.2733643],[-123.1258428,49.273297],[-123.1258679,49.2732288],[-123.1258876,49.2731597],[-123.1259031,49.273081]]}},{"type":"Feature","properties":{"name":"700-800 EXPO BOULEVARD","class":"Arterial","width":18,"source":"cov-public-streets","type":"Arterial"},"geometry":{"type":"LineString","coordinates":[[-123.1140369,49.2763822],[-123.1143005,49.2761271],[-123.114751,49.2757904]]}},{"type":"Feature","properties":{"name":"HOMER ST","class":"Arterial","width":18,"source":"cov-public-streets","type":"Arterial"},"geometry":{"type":"LineString","coordinates":[[-123.1216724,49.276307],[-123.1232664,49.2752517]]}},{"type":"Feature","properties":{"name":"HAMILTON ST","class":"Arterial","width":18,"source":"cov-public-streets","type":"Arterial"},"geometry":{"type":"LineString","coordinates":[[-123.1211187,49.2759478],[-123.1227135,49.2748934]]}},{"type":"Feature","properties":{"name":"HAMILTON ST","class":"Arterial","width":18,"source":"cov-public-streets","type":"Arterial"},"geometry":{"type":"LineString","coordinates":[[-123.1125075,49.2810979],[-123.1142162,49.2799672]]}},{"type":"Feature","properties":{"name":"W HASTINGS ST","class":"Arterial","width":18,"source":"cov-public-streets","type":"Arterial"},"geometry":{"type":"LineString","coordinates":[[-123.1128751,49.284666],[-123.1138663,49.2853073]]}},{"type":"Feature","properties":{"name":"W PENDER ST","class":"Arterial","width":18,"source":"cov-public-streets","type":"Arterial"},"geometry":{"type":"LineString","coordinates":[[-123.1148475,49.2846586],[-123.115838,49.2853005]]}},{"type":"Feature","properties":{"name":"ALBERNI ST","class":"Arterial","width":18,"source":"cov-public-streets","type":"Arterial"},"geometry":{"type":"LineString","coordinates":[[-123.1259162,49.2867085],[-123.1274885,49.287726]]}},{"type":"Feature","properties":{"name":"ROBSON ST","class":"Arterial","width":18,"source":"cov-public-streets","type":"Arterial"},"geometry":{"type":"LineString","coordinates":[[-123.1279092,49.2866066],[-123.1285517,49.2870226]]}},{"type":"Feature","properties":{"name":"SMITHE ST","class":"Arterial","width":18,"source":"cov-public-streets","type":"Arterial"},"geometry":{"type":"LineString","coordinates":[[-123.1250865,49.2828782],[-123.1251287,49.2829668],[-123.1252619,49.2832903],[-123.1253408,49.2834241],[-123.1254407,49.2835518],[-123.1255604,49.283672],[-123.1256985,49.2837832]]}},{"type":"Feature","properties":{"name":"COMOX ST","class":"Residential","width":9,"source":"cov-public-streets","type":"Residential"},"geometry":{"type":"LineString","coordinates":[[-123.1290696,49.2817904],[-123.1312326,49.2831905]]}},{"type":"Feature","properties":{"name":"BURRARD ST","class":"Arterial","width":18,"source":"cov-public-streets","type":"Arterial"},"geometry":{"type":"LineString","coordinates":[[-123.1233339,49.2829485],[-123.1244038,49.2822407]]}},{"type":"Feature","properties":{"name":"BURRARD ST","class":"Arterial","width":18,"source":"cov-public-streets","type":"Arterial"},"geometry":{"type":"LineString","coordinates":[[-123.1170235,49.2871228],[-123.1178287,49.2865884]]}},{"type":"Feature","properties":{"name":"PRIOR ST","class":"Secondary Arterial","width":14,"source":"cov-public-streets","type":"Secondary Arterial"},"geometry":{"type":"LineString","coordinates":[[-123.0990178,49.2767525],[-123.0968313,49.2767121]]}},{"type":"Feature","properties":{"name":"PRIOR ST","class":"Secondary Arterial","width":14,"source":"cov-public-streets","type":"Secondary Arterial"},"geometry":{"type":"LineString","coordinates":[[-123.0968313,49.2767121],[-123.0955829,49.2766874]]}},{"type":"Feature","properties":{"name":"E PENDER ST","class":"Residential","width":9,"source":"cov-public-streets","type":"Residential"},"geometry":{"type":"LineString","coordinates":[[-123.0973372,49.2803418],[-123.0954272,49.2803052]]}},{"type":"Feature","properties":{"name":"GORE AV","class":"Residential","width":9,"source":"cov-public-streets","type":"Residential"},"geometry":{"type":"LineString","coordinates":[[-123.0971468,49.2789775],[-123.0970837,49.2785257]]}},{"type":"Feature","properties":{"name":"ALEXANDER ST","class":"Arterial","width":18,"source":"cov-public-streets","type":"Arterial"},"geometry":{"type":"LineString","coordinates":[[-123.1002794,49.2841077],[-123.0995268,49.2840935]]}},{"type":"Feature","properties":{"name":"POWELL ST","class":"Arterial","width":18,"source":"cov-public-streets","type":"Arterial"},"geometry":{"type":"LineString","coordinates":[[-123.0995671,49.2831895],[-123.1003189,49.2832036]]}},{"type":"Feature","properties":{"name":"DUNLEVY AV","class":"Residential","width":9,"source":"cov-public-streets","type":"Residential"},"geometry":{"type":"LineString","coordinates":[[-123.0953605,49.2817544],[-123.0953816,49.2812571]]}},{"type":"Feature","properties":{"name":"ABBOTT ST","class":"Arterial","width":18,"source":"cov-public-streets","type":"Arterial"},"geometry":{"type":"LineString","coordinates":[[-123.1063833,49.283885],[-123.1065903,49.2833919]]}},{"type":"Feature","properties":{"name":"WATER ST","class":"Arterial","width":18,"source":"cov-public-streets","type":"Arterial"},"geometry":{"type":"LineString","coordinates":[[-123.1063833,49.283885],[-123.1087774,49.2843192]]}},{"type":"Feature","properties":{"name":"PENDRELL ST","class":"Residential","width":9,"source":"cov-public-streets","type":"Residential"},"geometry":{"type":"LineString","coordinates":[[-123.1407463,49.2879577],[-123.1423193,49.2889755]]}},{"type":"Feature","properties":{"name":"YEW ST","class":"Residential","width":9,"source":"cov-public-streets","type":"Residential"},"geometry":{"type":"LineString","coordinates":[[-123.1549442,49.2733471],[-123.1549467,49.2732781]]}},{"type":"Feature","properties":{"name":"UNION ST","class":"Residential","width":9,"source":"cov-public-streets","type":"Residential"},"geometry":{"type":"LineString","coordinates":[[-123.0998124,49.2776709],[-123.0990531,49.2776573]]}},{"type":"Feature","properties":{"name":"ABBOTT ST","class":"Arterial","width":18,"source":"cov-public-streets","type":"Arterial"},"geometry":{"type":"LineString","coordinates":[[-123.1065903,49.2833919],[-123.106788,49.2829302]]}},{"type":"Feature","properties":{"name":"PACIFIC ST","class":"Arterial","width":18,"source":"cov-public-streets","type":"Arterial"},"geometry":{"type":"LineString","coordinates":[[-123.1343871,49.2782728],[-123.1365484,49.2796723]]}},{"type":"Feature","properties":{"name":"BUTE ST","class":"Residential","width":9,"source":"cov-public-streets","type":"Residential"},"geometry":{"type":"LineString","coordinates":[[-123.1344225,49.2810796],[-123.1349535,49.2807281]]}},{"type":"Feature","properties":{"name":"CARDERO ST","class":"Residential","width":9,"source":"cov-public-streets","type":"Residential"},"geometry":{"type":"LineString","coordinates":[[-123.1407944,49.2838124],[-123.1413268,49.2834585]]}},{"type":"Feature","properties":{"name":"BARCLAY ST","class":"Residential","width":9,"source":"cov-public-streets","type":"Residential"},"geometry":{"type":"LineString","coordinates":[[-123.1344163,49.2880351],[-123.1359873,49.289052]]}},{"type":"Feature","properties":{"name":"JERVIS ST","class":"Residential","width":9,"source":"cov-public-streets","type":"Residential"},"geometry":{"type":"LineString","coordinates":[[-123.1349319,49.2828015],[-123.1354753,49.2824388]]}},{"type":"Feature","properties":{"name":"OGDEN AV","class":"Residential","width":9,"source":"cov-public-streets","type":"Residential"},"geometry":{"type":"LineString","coordinates":[[-123.1476391,49.2768167],[-123.148309,49.2769335]]}},{"type":"Feature","properties":{"name":"ALBERNI ST","class":"Arterial","width":18,"source":"cov-public-streets","type":"Arterial"},"geometry":{"type":"LineString","coordinates":[[-123.1339907,49.2919332],[-123.1343716,49.2921804]]}},{"type":"Feature","properties":{"name":"800-900 CHILCO ST","class":"Residential","width":9,"source":"cov-public-streets","type":"Residential"},"geometry":{"type":"LineString","coordinates":[[-123.1394459,49.2926809],[-123.139976,49.2923289]]}},{"type":"Feature","properties":{"name":"NELSON ST","class":"Residential","width":9,"source":"cov-public-streets","type":"Residential"},"geometry":{"type":"LineString","coordinates":[[-123.1331179,49.285802],[-123.1342965,49.2865654]]}},{"type":"Feature","properties":{"name":"HAMILTON ST","class":"Arterial","width":18,"source":"cov-public-streets","type":"Arterial"},"geometry":{"type":"LineString","coordinates":[[-123.1099633,49.2827814],[-123.1104631,49.2824505]]}},{"type":"Feature","properties":{"name":"W CORDOVA ST","class":"Arterial","width":18,"source":"cov-public-streets","type":"Arterial"},"geometry":{"type":"LineString","coordinates":[[-123.1109534,49.2846779],[-123.1118938,49.2853149]]}},{"type":"Feature","properties":{"name":"W GEORGIA ST","class":"Arterial","width":18,"source":"cov-public-streets","type":"Arterial"},"geometry":{"type":"LineString","coordinates":[[-123.1211101,49.2844195],[-123.1231234,49.2857245]]}},{"type":"Feature","properties":{"name":"DUNSMUIR ST","class":"Arterial","width":18,"source":"cov-public-streets","type":"Arterial"},"geometry":{"type":"LineString","coordinates":[[-123.1193949,49.285554],[-123.1196186,49.2856978],[-123.119756,49.2857715],[-123.1198538,49.2858153],[-123.1199301,49.2858451],[-123.1200354,49.2858808],[-123.1201166,49.2859043],[-123.1202277,49.2859313],[-123.1203414,49.2859531],[-123.1210035,49.2860495],[-123.1214274,49.2860895]]}},{"type":"Feature","properties":{"name":"BARCLAY ST","class":"Residential","width":9,"source":"cov-public-streets","type":"Residential"},"geometry":{"type":"LineString","coordinates":[[-123.1269429,49.2831975],[-123.1291059,49.2845978]]}},{"type":"Feature","properties":{"name":"RICHARDS ST","class":"Arterial","width":18,"source":"cov-public-streets","type":"Arterial"},"geometry":{"type":"LineString","coordinates":[[-123.1114038,49.2843686],[-123.1119042,49.2840376]]}},{"type":"Feature","properties":{"name":"NICOLA ST","class":"Residential","width":9,"source":"cov-public-streets","type":"Residential"},"geometry":{"type":"LineString","coordinates":[[-123.1311062,49.2886765],[-123.1316381,49.2883245]]}},{"type":"Feature","properties":{"name":"INDUSTRIAL AV","class":"Residential","width":9,"source":"cov-public-streets","type":"Residential"},"geometry":{"type":"LineString","coordinates":[[-123.1006414,49.2704759],[-123.100091,49.2704591],[-123.1000017,49.2704357]]}},{"type":"Feature","properties":{"name":"DAVIE ST","class":"Arterial","width":18,"source":"cov-public-streets","type":"Arterial"},"geometry":{"type":"LineString","coordinates":[[-123.1247217,49.2761946],[-123.1252068,49.2765089]]}},{"type":"Feature","properties":{"name":"W 1ST AV","class":"Residential","width":9,"source":"cov-public-streets","type":"Residential"},"geometry":{"type":"LineString","coordinates":[[-123.1411166,49.2710344],[-123.1414928,49.2708958]]}},{"type":"Feature","properties":{"name":"HELMCKEN ST","class":"Arterial","width":18,"source":"cov-public-streets","type":"Arterial"},"geometry":{"type":"LineString","coordinates":[[-123.1255982,49.2788456],[-123.1260835,49.2791594]]}},{"type":"Feature","properties":{"name":"HOMER ST","class":"Arterial","width":18,"source":"cov-public-streets","type":"Arterial"},"geometry":{"type":"LineString","coordinates":[[-123.1123944,49.282443],[-123.1134782,49.2817261]]}},{"type":"Feature","properties":{"name":"THE CASTINGS","class":"Residential","width":9,"source":"cov-public-streets","type":"Residential"},"geometry":{"type":"LineString","coordinates":[[-123.1304331,49.2675349],[-123.1306816,49.2675388],[-123.1311388,49.2672228],[-123.1312787,49.267]]}},{"type":"Feature","properties":{"name":"CYPRESS ST","class":"Residential","width":9,"source":"cov-public-streets","type":"Residential"},"geometry":{"type":"LineString","coordinates":[[-123.1478027,49.2724628],[-123.1478361,49.2715805]]}},{"type":"Feature","properties":{"name":"CAMBIE ST","class":"Residential","width":9,"source":"cov-public-streets","type":"Residential"},"geometry":{"type":"LineString","coordinates":[[-123.1181308,49.2761046],[-123.1182095,49.2760193],[-123.1183207,49.2758904],[-123.1188035,49.2752816]]}},{"type":"Feature","properties":{"name":"HOWE ST","class":"Arterial","width":18,"source":"cov-public-streets","type":"Arterial"},"geometry":{"type":"LineString","coordinates":[[-123.1138666,49.2866168],[-123.1140073,49.2865119],[-123.1143558,49.286281]]}},{"type":"Feature","properties":{"name":"CARDERO ST","class":"Residential","width":9,"source":"cov-public-streets","type":"Residential"},"geometry":{"type":"LineString","coordinates":[[-123.1286275,49.2918657],[-123.1292888,49.2914283]]}},{"type":"Feature","properties":{"name":"W HASTINGS ST","class":"Arterial","width":18,"source":"cov-public-streets","type":"Arterial"},"geometry":{"type":"LineString","coordinates":[[-123.12842,49.2904554],[-123.1291101,49.2906676],[-123.129223,49.290706],[-123.1293327,49.2907483],[-123.1294735,49.2908103],[-123.1296073,49.2908787],[-123.1297027,49.2909339],[-123.1298717,49.2910421]]}},{"type":"Feature","properties":{"name":"PRIOR ST","class":"Secondary Arterial","width":14,"source":"cov-public-streets","type":"Secondary Arterial"},"geometry":{"type":"LineString","coordinates":[[-123.0998475,49.2767664],[-123.0990955,49.2767535]]}},{"type":"Feature","properties":{"name":"KEEFER ST","class":"Residential","width":9,"source":"cov-public-streets","type":"Residential"},"geometry":{"type":"LineString","coordinates":[[-123.0972111,49.279435],[-123.0954648,49.2794022]]}},{"type":"Feature","properties":{"name":"MAIN ST","class":"Arterial","width":18,"source":"cov-public-streets","type":"Arterial"},"geometry":{"type":"LineString","coordinates":[[-123.0997723,49.2785785],[-123.0998124,49.2776709]]}},{"type":"Feature","properties":{"name":"RAILWAY ST","class":"Residential","width":9,"source":"cov-public-streets","type":"Residential"},"geometry":{"type":"LineString","coordinates":[[-123.0978939,49.2842991],[-123.0956859,49.2847956],[-123.0952886,49.2848656],[-123.0952277,49.2848719]]}},{"type":"Feature","properties":{"name":"MAPLE ST","class":"Residential","width":9,"source":"cov-public-streets","type":"Residential"},"geometry":{"type":"LineString","coordinates":[[-123.150332,49.2689744],[-123.1503487,49.2685349]]}},{"type":"Feature","properties":{"name":"ARBUTUS ST","class":"Residential","width":9,"source":"cov-public-streets","type":"Residential"},"geometry":{"type":"LineString","coordinates":[[-123.1526198,49.2720999],[-123.1526352,49.2716589]]}},{"type":"Feature","properties":{"name":"W 2ND AV","class":"Residential","width":9,"source":"cov-public-streets","type":"Residential"},"geometry":{"type":"LineString","coordinates":[[-123.1550696,49.2699329],[-123.1574393,49.2699708]]}},{"type":"Feature","properties":{"name":"W 3RD AV","class":"Residential","width":9,"source":"cov-public-streets","type":"Residential"},"geometry":{"type":"LineString","coordinates":[[-123.1527334,49.2690125],[-123.1551026,49.2690508]]}},{"type":"Feature","properties":{"name":"CANADA PLACE","class":"Residential","width":9,"source":"cov-public-streets","type":"Residential"},"geometry":{"type":"LineString","coordinates":[[-123.1154791,49.2881432],[-123.1180688,49.2888384],[-123.1181516,49.2888504],[-123.1182379,49.2888487]]}},{"type":"Feature","properties":{"name":"SEYMOUR ST","class":"Arterial","width":18,"source":"cov-public-streets","type":"Arterial"},"geometry":{"type":"LineString","coordinates":[[-123.1268012,49.2754534],[-123.1270525,49.2753008]]}},{"type":"Feature","properties":{"name":"LAMEY'S MILL ROAD","class":"Residential","width":9,"source":"cov-public-streets","type":"Residential"},"geometry":{"type":"LineString","coordinates":[[-123.1353167,49.2675192],[-123.1355409,49.2675802],[-123.1356711,49.2676208],[-123.1358393,49.2676817],[-123.135961,49.2677324],[-123.1361166,49.2678063],[-123.1362279,49.2678663],[-123.1363813,49.2679591],[-123.1365403,49.2680628]]}},{"type":"Feature","properties":{"name":"HOWE ST","class":"Arterial","width":18,"source":"cov-public-streets","type":"Arterial"},"geometry":{"type":"LineString","coordinates":[[-123.1255982,49.2788456],[-123.1271902,49.2777921]]}},{"type":"Feature","properties":{"name":"SMITHE ST","class":"Arterial","width":18,"source":"cov-public-streets","type":"Arterial"},"geometry":{"type":"LineString","coordinates":[[-123.1209136,49.2799828],[-123.1214215,49.2803113]]}},{"type":"Feature","properties":{"name":"PACIFIC BOULEVARD","class":"Arterial","width":18,"source":"cov-public-streets","type":"Arterial"},"geometry":{"type":"LineString","coordinates":[[-123.1159336,49.2740193],[-123.1160513,49.2740217],[-123.1162025,49.2740294],[-123.116353,49.2740422],[-123.1165022,49.2740603],[-123.1166008,49.2740751],[-123.1173521,49.2742187]]}},{"type":"Feature","properties":{"name":"TERMINAL AV","class":"Arterial","width":18,"source":"cov-public-streets","type":"Arterial"},"geometry":{"type":"LineString","coordinates":[[-123.098645,49.272562],[-123.0980502,49.272459]]}},{"type":"Feature","properties":{"name":"HAMILTON ST","class":"Arterial","width":18,"source":"cov-public-streets","type":"Arterial"},"geometry":{"type":"LineString","coordinates":[[-123.1114229,49.2818152],[-123.1119389,49.2814739]]}},{"type":"Feature","properties":{"name":"STATION ST","class":"Residential","width":9,"source":"cov-public-streets","type":"Residential"},"geometry":{"type":"LineString","coordinates":[[-123.0980631,49.2712838],[-123.0980659,49.2710211]]}},{"type":"Feature","properties":{"name":"SCOTIA ST","class":"Residential","width":9,"source":"cov-public-streets","type":"Residential"},"geometry":{"type":"LineString","coordinates":[[-123.0954507,49.2720209],[-123.0956739,49.2714541]]}},{"type":"Feature","properties":{"name":"W 4TH AV","class":"Residential","width":9,"source":"cov-public-streets","type":"Residential"},"geometry":{"type":"LineString","coordinates":[[-123.1094279,49.2674715],[-123.1107731,49.2674973]]}},{"type":"Feature","properties":{"name":"GRANVILLE BRIDGE","class":"Arterial","width":18,"source":"cov-public-streets","type":"Arterial"},"geometry":{"type":"LineString","coordinates":[[-123.1394793,49.2685324],[-123.1397378,49.2683663],[-123.1398172,49.2682984],[-123.1398694,49.2682435],[-123.1398853,49.2682226],[-123.1399604,49.2680965],[-123.139997,49.2680209],[-123.140018,49.2679698],[-123.1402815,49.267]]}},{"type":"Feature","properties":{"name":"CAMBIE BRIDGE","class":"Arterial","width":18,"source":"cov-public-streets","type":"Arterial"},"geometry":{"type":"LineString","coordinates":[[-123.114751,49.2757904],[-123.1146832,49.2756699],[-123.1146344,49.2755504],[-123.1146016,49.2754119],[-123.1145983,49.2753853],[-123.1145831,49.2752521],[-123.11458,49.2751053],[-123.1146482,49.2737902],[-123.1146693,49.2734739],[-123.1147035,49.2733321],[-123.1147688,49.2731581]]}},{"type":"Feature","properties":{"name":"200-300 TERMINAL AV","class":"Arterial","width":18,"source":"cov-public-streets","type":"Arterial"},"geometry":{"type":"LineString","coordinates":[[-123.0980502,49.272459],[-123.0954507,49.2720209]]}},{"type":"Feature","properties":{"name":"QUEBEC ST","class":"Arterial","width":18,"source":"cov-public-streets","type":"Arterial"},"geometry":{"type":"LineString","coordinates":[[-123.1022859,49.276602],[-123.1022118,49.2764529],[-123.1021421,49.2762728],[-123.1020792,49.2760705]]}},{"type":"Feature","properties":{"name":"W PENDER ST","class":"Arterial","width":18,"source":"cov-public-streets","type":"Arterial"},"geometry":{"type":"LineString","coordinates":[[-123.1168091,49.2859283],[-123.1178287,49.2865884]]}},{"type":"Feature","properties":{"name":"DAVIE ST","class":"Arterial","width":18,"source":"cov-public-streets","type":"Arterial"},"geometry":{"type":"LineString","coordinates":[[-123.1222229,49.2745736],[-123.1227135,49.2748934]]}},{"type":"Feature","properties":{"name":"W 5TH AV","class":"Residential","width":9,"source":"cov-public-streets","type":"Residential"},"geometry":{"type":"LineString","coordinates":[[-123.1400115,49.267],[-123.1400593,49.2670267],[-123.1401093,49.2670465],[-123.1401539,49.2670597],[-123.1402492,49.2670762],[-123.1403155,49.2670794],[-123.1404082,49.2670742],[-123.1405107,49.2670728],[-123.1408897,49.2670835]]}},{"type":"Feature","properties":{"name":"W 5TH AV","class":"Residential","width":9,"source":"cov-public-streets","type":"Residential"},"geometry":{"type":"LineString","coordinates":[[-123.1645496,49.2674371],[-123.165,49.2674393]]}},{"type":"Feature","properties":{"name":"W 3RD AV","class":"Residential","width":9,"source":"cov-public-streets","type":"Residential"},"geometry":{"type":"LineString","coordinates":[[-123.150332,49.2689744],[-123.1527334,49.2690125]]}},{"type":"Feature","properties":{"name":"PACIFIC BOULEVARD","class":"Arterial","width":18,"source":"cov-public-streets","type":"Arterial"},"geometry":{"type":"LineString","coordinates":[[-123.1076764,49.2771199],[-123.108987,49.2766806]]}},{"type":"Feature","properties":{"name":"TAYLOR ST","class":"Arterial","width":18,"source":"cov-public-streets","type":"Arterial"},"geometry":{"type":"LineString","coordinates":[[-123.1058758,49.2801045],[-123.1061381,49.2794678]]}},{"type":"Feature","properties":{"name":"DRAKE ST","class":"Residential","width":9,"source":"cov-public-streets","type":"Residential"},"geometry":{"type":"LineString","coordinates":[[-123.1202628,49.2712186],[-123.1214034,49.2719594]]}},{"type":"Feature","properties":{"name":"CAMBIE ST","class":"Arterial","width":18,"source":"cov-public-streets","type":"Arterial"},"geometry":{"type":"LineString","coordinates":[[-123.109183,49.2833683],[-123.1093288,49.2830256]]}},{"type":"Feature","properties":{"name":"CARRALL ST","class":"Arterial","width":18,"source":"cov-public-streets","type":"Arterial"},"geometry":{"type":"LineString","coordinates":[[-123.104271,49.2832771],[-123.1042839,49.2829713]]}},{"type":"Feature","properties":{"name":"COLUMBIA ST","class":"Arterial","width":18,"source":"cov-public-streets","type":"Arterial"},"geometry":{"type":"LineString","coordinates":[[-123.1021576,49.2836307],[-123.1021753,49.2832385]]}},{"type":"Feature","properties":{"name":"ARBUTUS ST","class":"Residential","width":9,"source":"cov-public-streets","type":"Residential"},"geometry":{"type":"LineString","coordinates":[[-123.1518529,49.2754016],[-123.1522361,49.2749673]]}},{"type":"Feature","properties":{"name":"POWELL ST","class":"Arterial","width":18,"source":"cov-public-streets","type":"Arterial"},"geometry":{"type":"LineString","coordinates":[[-123.0988187,49.2831763],[-123.0995671,49.2831895]]}},{"type":"Feature","properties":{"name":"POWELL ST","class":"Arterial","width":18,"source":"cov-public-streets","type":"Arterial"},"geometry":{"type":"LineString","coordinates":[[-123.0952971,49.2831044],[-123.0977353,49.2831561]]}},{"type":"Feature","properties":{"name":"SMITHE ST","class":"Arterial","width":18,"source":"cov-public-streets","type":"Arterial"},"geometry":{"type":"LineString","coordinates":[[-123.1175172,49.2777835],[-123.1180022,49.2780978]]}},{"type":"Feature","properties":{"name":"ROBSON ST","class":"Arterial","width":18,"source":"cov-public-streets","type":"Arterial"},"geometry":{"type":"LineString","coordinates":[[-123.1154508,49.2785158],[-123.1159219,49.2788395]]}},{"type":"Feature","properties":{"name":"ROBSON ST","class":"Arterial","width":18,"source":"cov-public-streets","type":"Arterial"},"geometry":{"type":"LineString","coordinates":[[-123.1168878,49.2794631],[-123.11738,49.2797805]]}},{"type":"Feature","properties":{"name":"MAINLAND ST","class":"Arterial","width":18,"source":"cov-public-streets","type":"Arterial"},"geometry":{"type":"LineString","coordinates":[[-123.117382,49.2776959],[-123.1189722,49.2766416]]}},{"type":"Feature","properties":{"name":"SEYMOUR ST","class":"Arterial","width":18,"source":"cov-public-streets","type":"Arterial"},"geometry":{"type":"LineString","coordinates":[[-123.1220219,49.2786161],[-123.1236157,49.2775631]]}},{"type":"Feature","properties":{"name":"HELMCKEN ST","class":"Arterial","width":18,"source":"cov-public-streets","type":"Arterial"},"geometry":{"type":"LineString","coordinates":[[-123.1260835,49.2791594],[-123.1265689,49.2794733]]}},{"type":"Feature","properties":{"name":"NELSON ST","class":"Arterial","width":18,"source":"cov-public-streets","type":"Arterial"},"geometry":{"type":"LineString","coordinates":[[-123.1240047,49.2799],[-123.1249743,49.2805281]]}},{"type":"Feature","properties":{"name":"HOWE ST","class":"Arterial","width":18,"source":"cov-public-streets","type":"Arterial"},"geometry":{"type":"LineString","coordinates":[[-123.1208034,49.2819963],[-123.1224139,49.280953]]}},{"type":"Feature","properties":{"name":"EXPO BOULEVARD","class":"Arterial","width":18,"source":"cov-public-streets","type":"Arterial"},"geometry":{"type":"LineString","coordinates":[[-123.1021247,49.2776424],[-123.1029877,49.2776001],[-123.1031108,49.2775972],[-123.1032032,49.2775987],[-123.1033259,49.2776057],[-123.1034476,49.2776183],[-123.1036441,49.2776492],[-123.1039093,49.2776775],[-123.1040954,49.277709],[-123.1040928,49.2777088]]}},{"type":"Feature","properties":{"name":"CARRALL ST","class":"Arterial","width":18,"source":"cov-public-streets","type":"Arterial"},"geometry":{"type":"LineString","coordinates":[[-123.1043291,49.2819209],[-123.1043454,49.2814731]]}},{"type":"Feature","properties":{"name":"CARRALL ST","class":"Arterial","width":18,"source":"cov-public-streets","type":"Arterial"},"geometry":{"type":"LineString","coordinates":[[-123.1042839,49.2829713],[-123.1043044,49.2824757]]}},{"type":"Feature","properties":{"name":"CAMBIE ST","class":"Arterial","width":18,"source":"cov-public-streets","type":"Arterial"},"geometry":{"type":"LineString","coordinates":[[-123.1085928,49.2847508],[-123.1087774,49.2843192]]}},{"type":"Feature","properties":{"name":"HOMER ST","class":"Arterial","width":18,"source":"cov-public-streets","type":"Arterial"},"geometry":{"type":"LineString","coordinates":[[-123.1099524,49.2840581],[-123.1104328,49.2837405]]}},{"type":"Feature","properties":{"name":"W 2ND AV","class":"Residential","width":9,"source":"cov-public-streets","type":"Residential"},"geometry":{"type":"LineString","coordinates":[[-123.1379938,49.2693459],[-123.1384201,49.2695557],[-123.1386351,49.2696074],[-123.1388742,49.2696547],[-123.1390421,49.2696746]]}},{"type":"Feature","properties":{"name":"BEACH AV","class":"Arterial","width":18,"source":"cov-public-streets","type":"Arterial"},"geometry":{"type":"LineString","coordinates":[[-123.1393794,49.2815056],[-123.139495,49.2815805]]}},{"type":"Feature","properties":{"name":"DAVIE ST","class":"Arterial","width":18,"source":"cov-public-streets","type":"Arterial"},"geometry":{"type":"LineString","coordinates":[[-123.1220409,49.2744579],[-123.1221602,49.2745351]]}},{"type":"Feature","properties":{"name":"TROUNCE ALLEY","class":"Residential","width":9,"source":"cov-public-streets","type":"Residential"},"geometry":{"type":"LineString","coordinates":[[-123.1047002,49.2830471],[-123.1047802,49.2830618]]}},{"type":"Feature","properties":{"name":"HORNBY ST","class":"Arterial","width":18,"source":"cov-public-streets","type":"Arterial"},"geometry":{"type":"LineString","coordinates":[[-123.1323558,49.2756437],[-123.1327891,49.2753568]]}},{"type":"Feature","properties":{"name":"RICHARDS ST","class":"Arterial","width":18,"source":"cov-public-streets","type":"Arterial"},"geometry":{"type":"LineString","coordinates":[[-123.125831,49.274825],[-123.12748,49.2737347]]}},{"type":"Feature","properties":{"name":"HOWE ST","class":"Arterial","width":18,"source":"cov-public-streets","type":"Arterial"},"geometry":{"type":"LineString","coordinates":[[-123.1313859,49.2750152],[-123.1318193,49.2747284]]}},{"type":"Feature","properties":{"name":"DUNSMUIR ST","class":"Arterial","width":18,"source":"cov-public-streets","type":"Arterial"},"geometry":{"type":"LineString","coordinates":[[-123.1105509,49.2798506],[-123.1115363,49.2804692]]}},{"type":"Feature","properties":{"name":"W GEORGIA ST","class":"Arterial","width":18,"source":"cov-public-streets","type":"Arterial"},"geometry":{"type":"LineString","coordinates":[[-123.1181206,49.2824943],[-123.1190966,49.2831367]]}},{"type":"Feature","properties":{"name":"W GEORGIA ST","class":"Arterial","width":18,"source":"cov-public-streets","type":"Arterial"},"geometry":{"type":"LineString","coordinates":[[-123.1190966,49.2831367],[-123.1195973,49.2834502]]}},{"type":"Feature","properties":{"name":"W GEORGIA ST","class":"Arterial","width":18,"source":"cov-public-streets","type":"Arterial"},"geometry":{"type":"LineString","coordinates":[[-123.1205681,49.2840785],[-123.1211101,49.2844195]]}},{"type":"Feature","properties":{"name":"W GEORGIA ST","class":"Arterial","width":18,"source":"cov-public-streets","type":"Arterial"},"geometry":{"type":"LineString","coordinates":[[-123.125287,49.2871249],[-123.1268592,49.2881423]]}},{"type":"Feature","properties":{"name":"ROBSON ST","class":"Arterial","width":18,"source":"cov-public-streets","type":"Arterial"},"geometry":{"type":"LineString","coordinates":[[-123.1222754,49.2829491],[-123.1228089,49.2832957]]}},{"type":"Feature","properties":{"name":"BUTE ST","class":"Residential","width":9,"source":"cov-public-streets","type":"Residential"},"geometry":{"type":"LineString","coordinates":[[-123.1269797,49.2860047],[-123.1275114,49.2856529]]}},{"type":"Feature","properties":{"name":"SEYMOUR ST","class":"Arterial","width":18,"source":"cov-public-streets","type":"Arterial"},"geometry":{"type":"LineString","coordinates":[[-123.1128751,49.284666],[-123.1133757,49.284335]]}},{"type":"Feature","properties":{"name":"ALBERNI ST","class":"Arterial","width":18,"source":"cov-public-streets","type":"Arterial"},"geometry":{"type":"LineString","coordinates":[[-123.1274885,49.287726],[-123.1288662,49.2886176]]}},{"type":"Feature","properties":{"name":"HARWOOD ST","class":"Residential","width":9,"source":"cov-public-streets","type":"Residential"},"geometry":{"type":"LineString","coordinates":[[-123.137064,49.2813933],[-123.1384331,49.2822839]]}},{"type":"Feature","properties":{"name":"PENDRELL ST","class":"Residential","width":9,"source":"cov-public-streets","type":"Residential"},"geometry":{"type":"LineString","coordinates":[[-123.1352435,49.2843947],[-123.1364228,49.285158]]}},{"type":"Feature","properties":{"name":"1200-1300 BIDWELL ST","class":"Residential","width":9,"source":"cov-public-streets","type":"Residential"},"geometry":{"type":"LineString","coordinates":[[-123.1418329,49.2851813],[-123.1423645,49.28483]]}},{"type":"Feature","properties":{"name":"DAVIE ST","class":"Arterial","width":18,"source":"cov-public-streets","type":"Arterial"},"geometry":{"type":"LineString","coordinates":[[-123.1402375,49.2862362],[-123.1418096,49.2872536]]}},{"type":"Feature","properties":{"name":"DAVIE ST","class":"Arterial","width":18,"source":"cov-public-streets","type":"Arterial"},"geometry":{"type":"LineString","coordinates":[[-123.1374857,49.2844547],[-123.1386647,49.2852177]]}},{"type":"Feature","properties":{"name":"NICOLA ST","class":"Residential","width":9,"source":"cov-public-streets","type":"Residential"},"geometry":{"type":"LineString","coordinates":[[-123.1396118,49.2830473],[-123.140143,49.2826954]]}},{"type":"Feature","properties":{"name":"SCOTIA ST","class":"Residential","width":9,"source":"cov-public-streets","type":"Residential"},"geometry":{"type":"LineString","coordinates":[[-123.0958932,49.2708982],[-123.0964049,49.2695983]]}},{"type":"Feature","properties":{"name":"NICOLA ST","class":"Arterial","width":18,"source":"cov-public-streets","type":"Arterial"},"geometry":{"type":"LineString","coordinates":[[-123.1305751,49.289028],[-123.1311062,49.2886765]]}},{"type":"Feature","properties":{"name":"BIDWELL ST","class":"Arterial","width":18,"source":"cov-public-streets","type":"Arterial"},"geometry":{"type":"LineString","coordinates":[[-123.132799,49.2911622],[-123.1333301,49.2908107]]}},{"type":"Feature","properties":{"name":"ALBERNI ST","class":"Arterial","width":18,"source":"cov-public-streets","type":"Arterial"},"geometry":{"type":"LineString","coordinates":[[-123.131226,49.2901446],[-123.132799,49.2911622]]}},{"type":"Feature","properties":{"name":"BROUGHTON ST","class":"Arterial","width":18,"source":"cov-public-streets","type":"Arterial"},"geometry":{"type":"LineString","coordinates":[[-123.1282372,49.289034],[-123.1288662,49.2886176]]}},{"type":"Feature","properties":{"name":"NICOLA ST","class":"Arterial","width":18,"source":"cov-public-streets","type":"Arterial"},"geometry":{"type":"LineString","coordinates":[[-123.1300438,49.2893796],[-123.1305751,49.289028]]}},{"type":"Feature","properties":{"name":"MAINLAND ST","class":"Arterial","width":18,"source":"cov-public-streets","type":"Arterial"},"geometry":{"type":"LineString","coordinates":[[-123.1189722,49.2766416],[-123.1205665,49.2755891]]}},{"type":"Feature","properties":{"name":"CARDERO ST","class":"Residential","width":9,"source":"cov-public-streets","type":"Residential"},"geometry":{"type":"LineString","coordinates":[[-123.137602,49.2859222],[-123.1381334,49.2855695]]}},{"type":"Feature","properties":{"name":"DENMAN ST","class":"Arterial","width":18,"source":"cov-public-streets","type":"Arterial"},"geometry":{"type":"LineString","coordinates":[[-123.1391528,49.2890132],[-123.1396836,49.2886618]]}},{"type":"Feature","properties":{"name":"BEACH AV","class":"Arterial","width":18,"source":"cov-public-streets","type":"Arterial"},"geometry":{"type":"LineString","coordinates":[[-123.1424103,49.2876423],[-123.1424756,49.2883167]]}},{"type":"Feature","properties":{"name":"BIDWELL ST","class":"Residential","width":9,"source":"cov-public-streets","type":"Residential"},"geometry":{"type":"LineString","coordinates":[[-123.1343931,49.2901076],[-123.1349245,49.2897558]]}},{"type":"Feature","properties":{"name":"CHILCO ST","class":"Residential","width":9,"source":"cov-public-streets","type":"Residential"},"geometry":{"type":"LineString","coordinates":[[-123.1405069,49.2919774],[-123.1410375,49.2916252]]}},{"type":"Feature","properties":{"name":"CYPRESS ST","class":"Residential","width":9,"source":"cov-public-streets","type":"Residential"},"geometry":{"type":"LineString","coordinates":[[-123.1478361,49.2715805],[-123.1478515,49.2711396]]}},{"type":"Feature","properties":{"name":"GRANVILLE BRIDGE","class":"Arterial","width":18,"source":"cov-public-streets","type":"Arterial"},"geometry":{"type":"LineString","coordinates":[[-123.1376785,49.2695378],[-123.1394793,49.2685324]]}},{"type":"Feature","properties":{"name":"PACIFIC ST","class":"Arterial","width":18,"source":"cov-public-streets","type":"Arterial"},"geometry":{"type":"LineString","coordinates":[[-123.1299077,49.2753594],[-123.1294421,49.2750477]]}},{"type":"Feature","properties":{"name":"DUNLEVY AV","class":"Residential","width":9,"source":"cov-public-streets","type":"Residential"},"geometry":{"type":"LineString","coordinates":[[-123.0952653,49.2840143],[-123.0952919,49.2835619]]}},{"type":"Feature","properties":{"name":"VINE ST","class":"Residential","width":9,"source":"cov-public-streets","type":"Residential"},"geometry":{"type":"LineString","coordinates":[[-123.1573741,49.271734],[-123.1573906,49.2712939]]}},{"type":"Feature","properties":{"name":"W 2ND AV","class":"Arterial","width":18,"source":"cov-public-streets","type":"Arterial"},"geometry":{"type":"LineString","coordinates":[[-123.1130579,49.2675072],[-123.1140951,49.267]]}},{"type":"Feature","properties":{"name":"COLUMBIA ST","class":"Arterial","width":18,"source":"cov-public-streets","type":"Arterial"},"geometry":{"type":"LineString","coordinates":[[-123.1023364,49.27953],[-123.102216,49.2792735]]}},{"type":"Feature","properties":{"name":"ABBOTT ST","class":"Arterial","width":18,"source":"cov-public-streets","type":"Arterial"},"geometry":{"type":"LineString","coordinates":[[-123.1069897,49.2824721],[-123.1071952,49.281991]]}},{"type":"Feature","properties":{"name":"TROUNCE ALLEY","class":"Residential","width":9,"source":"cov-public-streets","type":"Residential"},"geometry":{"type":"LineString","coordinates":[[-123.1065903,49.2833919],[-123.1089868,49.2838285]]}},{"type":"Feature","properties":{"name":"ALBERTA ST","class":"Residential","width":9,"source":"cov-public-streets","type":"Residential"},"geometry":{"type":"LineString","coordinates":[[-123.1107474,49.2680952],[-123.1107534,49.2679485]]}},{"type":"Feature","properties":{"name":"COMMODORE ROAD","class":"Residential","width":9,"source":"cov-public-streets","type":"Residential"},"geometry":{"type":"MultiLineString","coordinates":[[[-123.1152994,49.267928],[-123.1171632,49.267]],[[-123.1178512,49.267],[-123.1178871,49.2670167]]]}},{"type":"Feature","properties":{"name":"W CORDOVA ST","class":"Residential","width":9,"source":"cov-public-streets","type":"Residential"},"geometry":{"type":"LineString","coordinates":[[-123.1191395,49.288359],[-123.1215493,49.2890639],[-123.1218368,49.2891519],[-123.1220854,49.2892349]]}},{"type":"Feature","properties":{"name":"200-400 NATIONAL AV","class":"Residential","width":9,"source":"cov-public-streets","type":"Residential"},"geometry":{"type":"LineString","coordinates":[[-123.0951084,49.2740068],[-123.095,49.2739861]]}},{"type":"Feature","properties":{"name":"ISLAND PARK WALK","class":"Residential","width":9,"source":"cov-public-streets","type":"Residential"},"geometry":{"type":"LineString","coordinates":[[-123.1402253,49.271375],[-123.1400418,49.2710795]]}},{"type":"Feature","properties":{"name":"FIR ST","class":"Residential","width":9,"source":"cov-public-streets","type":"Residential"},"geometry":{"type":"LineString","coordinates":[[-123.1414928,49.2708958],[-123.1410631,49.2705326],[-123.1408296,49.2702655],[-123.1407756,49.2701453]]}},{"type":"Feature","properties":{"name":"PINE ST","class":"Residential","width":9,"source":"cov-public-streets","type":"Residential"},"geometry":{"type":"LineString","coordinates":[[-123.1432605,49.2671204],[-123.143265,49.267]]}},{"type":"Feature","properties":{"name":"UNION ST","class":"Residential","width":9,"source":"cov-public-streets","type":"Residential"},"geometry":{"type":"LineString","coordinates":[[-123.0955383,49.2775902],[-123.095,49.2775805]]}},{"type":"Feature","properties":{"name":"KEEFER ST","class":"Residential","width":9,"source":"cov-public-streets","type":"Residential"},"geometry":{"type":"LineString","coordinates":[[-123.0997293,49.2794815],[-123.0989771,49.27947]]}},{"type":"Feature","properties":{"name":"ARBUTUS ST","class":"Residential","width":9,"source":"cov-public-streets","type":"Residential"},"geometry":{"type":"LineString","coordinates":[[-123.1527662,49.2681311],[-123.1527815,49.2677118]]}},{"type":"Feature","properties":{"name":"CREELMAN AV","class":"Residential","width":9,"source":"cov-public-streets","type":"Residential"},"geometry":{"type":"LineString","coordinates":[[-123.1489126,49.2744709],[-123.1495048,49.2744805]]}},{"type":"Feature","properties":{"name":"CREELMAN AV","class":"Residential","width":9,"source":"cov-public-streets","type":"Residential"},"geometry":{"type":"LineString","coordinates":[[-123.1501269,49.2744905],[-123.1507477,49.2745009]]}},{"type":"Feature","properties":{"name":"WHYTE AV","class":"Residential","width":9,"source":"cov-public-streets","type":"Residential"},"geometry":{"type":"LineString","coordinates":[[-123.1462562,49.2753114],[-123.1476943,49.2753342]]}},{"type":"Feature","properties":{"name":"WHYTE AV","class":"Residential","width":9,"source":"cov-public-streets","type":"Residential"},"geometry":{"type":"LineString","coordinates":[[-123.150093,49.275373],[-123.1518529,49.2754016]]}},{"type":"Feature","properties":{"name":"TRAFALGAR ST","class":"Residential","width":9,"source":"cov-public-streets","type":"Residential"},"geometry":{"type":"LineString","coordinates":[[-123.1645186,49.2683169],[-123.164534,49.267865]]}},{"type":"Feature","properties":{"name":"TRAFALGAR ST","class":"Residential","width":9,"source":"cov-public-streets","type":"Residential"},"geometry":{"type":"LineString","coordinates":[[-123.1644715,49.2696385],[-123.164487,49.269203]]}},{"type":"Feature","properties":{"name":"MAPLE ST","class":"Residential","width":9,"source":"cov-public-streets","type":"Residential"},"geometry":{"type":"LineString","coordinates":[[-123.1503003,49.2698555],[-123.1503161,49.2694148]]}},{"type":"Feature","properties":{"name":"YEW ST","class":"Residential","width":9,"source":"cov-public-streets","type":"Residential"},"geometry":{"type":"LineString","coordinates":[[-123.1550367,49.270814],[-123.155053,49.2703731]]}},{"type":"Feature","properties":{"name":"E CORDOVA ST","class":"Arterial","width":18,"source":"cov-public-streets","type":"Arterial"},"geometry":{"type":"LineString","coordinates":[[-123.1022158,49.282333],[-123.1003583,49.2822992]]}},{"type":"Feature","properties":{"name":"HELMCKEN ST","class":"Arterial","width":18,"source":"cov-public-streets","type":"Arterial"},"geometry":{"type":"LineString","coordinates":[[-123.1236157,49.2775631],[-123.1240998,49.2778766]]}},{"type":"Feature","properties":{"name":"GRANVILLE ST","class":"Arterial","width":18,"source":"cov-public-streets","type":"Arterial"},"geometry":{"type":"LineString","coordinates":[[-123.1246064,49.2782042],[-123.1261986,49.2771505]]}},{"type":"Feature","properties":{"name":"SMITHE ST","class":"Arterial","width":18,"source":"cov-public-streets","type":"Arterial"},"geometry":{"type":"LineString","coordinates":[[-123.1204281,49.2796687],[-123.1209136,49.2799828]]}},{"type":"Feature","properties":{"name":"SEYMOUR ST","class":"Arterial","width":18,"source":"cov-public-streets","type":"Arterial"},"geometry":{"type":"LineString","coordinates":[[-123.1188364,49.2807227],[-123.1204281,49.2796687]]}},{"type":"Feature","properties":{"name":"BROUGHTON ST","class":"Residential","width":9,"source":"cov-public-streets","type":"Residential"},"geometry":{"type":"LineString","coordinates":[[-123.1384331,49.2822839],[-123.1389639,49.2819323]]}},{"type":"Feature","properties":{"name":"PINE ST","class":"Residential","width":9,"source":"cov-public-streets","type":"Residential"},"geometry":{"type":"LineString","coordinates":[[-123.143162,49.2697418],[-123.1431786,49.2693011]]}},{"type":"Feature","properties":{"name":"CYPRESS ST","class":"Residential","width":9,"source":"cov-public-streets","type":"Residential"},"geometry":{"type":"LineString","coordinates":[[-123.1479009,49.2698174],[-123.1479184,49.2693767]]}},{"type":"Feature","properties":{"name":"W 2ND AV","class":"Residential","width":9,"source":"cov-public-streets","type":"Residential"},"geometry":{"type":"LineString","coordinates":[[-123.1479009,49.2698174],[-123.1503003,49.2698555]]}},{"type":"Feature","properties":{"name":"DUNSMUIR VIADUCT","class":"Arterial","width":18,"source":"cov-public-streets","type":"Arterial"},"geometry":{"type":"LineString","coordinates":[[-123.0968313,49.2767121],[-123.0968435,49.2767328],[-123.0968785,49.2767703],[-123.0969322,49.2768047],[-123.0969539,49.2768124],[-123.0971369,49.2768553],[-123.0972866,49.2768946],[-123.0978948,49.2770803],[-123.0981219,49.2771439],[-123.0982995,49.2771869],[-123.0983945,49.2772066],[-123.0985812,49.2772381],[-123.0986866,49.2772519],[-123.098936,49.2772732],[-123.0992871,49.2772873],[-123.1000253,49.2773008],[-123.1008862,49.2773119],[-123.1017194,49.2773333],[-123.1021053,49.2773503],[-123.1027819,49.2773885],[-123.1034709,49.2774348]]}},{"type":"Feature","properties":{"name":"800-900 BROUGHTON ST","class":"Residential","width":9,"source":"cov-public-streets","type":"Residential"},"geometry":{"type":"LineString","coordinates":[[-123.1309918,49.2872103],[-123.1315234,49.2868584]]}},{"type":"Feature","properties":{"name":"1200-1300 BIDWELL ST","class":"Residential","width":9,"source":"cov-public-streets","type":"Residential"},"geometry":{"type":"LineString","coordinates":[[-123.1413011,49.2855329],[-123.1418329,49.2851813]]}},{"type":"Feature","properties":{"name":"JERVIS ST","class":"Residential","width":9,"source":"cov-public-streets","type":"Residential"},"geometry":{"type":"LineString","coordinates":[[-123.1306782,49.2856157],[-123.1312107,49.2852632]]}},{"type":"Feature","properties":{"name":"JERVIS ST","class":"Arterial","width":18,"source":"cov-public-streets","type":"Arterial"},"geometry":{"type":"LineString","coordinates":[[-123.1268592,49.2881423],[-123.1274885,49.287726]]}},{"type":"Feature","properties":{"name":"W HASTINGS ST","class":"Arterial","width":18,"source":"cov-public-streets","type":"Arterial"},"geometry":{"type":"LineString","coordinates":[[-123.1227521,49.2888022],[-123.12491,49.2894316]]}},{"type":"Feature","properties":{"name":"BUTE ST","class":"Arterial","width":18,"source":"cov-public-streets","type":"Arterial"},"geometry":{"type":"LineString","coordinates":[[-123.1227521,49.2888022],[-123.1233727,49.2883916]]}},{"type":"Feature","properties":{"name":"HAMILTON ST","class":"Arterial","width":18,"source":"cov-public-streets","type":"Arterial"},"geometry":{"type":"LineString","coordinates":[[-123.1195259,49.2769999],[-123.1211187,49.2759478]]}},{"type":"Feature","properties":{"name":"HARWOOD ST","class":"Residential","width":9,"source":"cov-public-streets","type":"Residential"},"geometry":{"type":"LineString","coordinates":[[-123.1384331,49.2822839],[-123.1396118,49.2830473]]}},{"type":"Feature","properties":{"name":"NICOLA ST","class":"Residential","width":9,"source":"cov-public-streets","type":"Residential"},"geometry":{"type":"LineString","coordinates":[[-123.1348284,49.2862138],[-123.1353595,49.285862]]}},{"type":"Feature","properties":{"name":"NICOLA ST","class":"Residential","width":9,"source":"cov-public-streets","type":"Residential"},"geometry":{"type":"LineString","coordinates":[[-123.1380169,49.2841028],[-123.1385485,49.2837513]]}},{"type":"Feature","properties":{"name":"800-900 CARDERO ST","class":"Residential","width":9,"source":"cov-public-streets","type":"Residential"},"geometry":{"type":"LineString","coordinates":[[-123.1338837,49.2883863],[-123.1344163,49.2880351]]}},{"type":"Feature","properties":{"name":"BIDWELL ST","class":"Residential","width":9,"source":"cov-public-streets","type":"Residential"},"geometry":{"type":"LineString","coordinates":[[-123.1359873,49.289052],[-123.1365186,49.2887001]]}},{"type":"Feature","properties":{"name":"1000-1100 GILFORD ST","class":"Residential","width":9,"source":"cov-public-streets","type":"Residential"},"geometry":{"type":"LineString","coordinates":[[-123.1417887,49.2893277],[-123.1423193,49.2889755]]}},{"type":"Feature","properties":{"name":"NELSON ST","class":"Residential","width":9,"source":"cov-public-streets","type":"Residential"},"geometry":{"type":"LineString","coordinates":[[-123.1401942,49.2903834],[-123.1415688,49.2912733]]}},{"type":"Feature","properties":{"name":"NELSON ST","class":"Residential","width":9,"source":"cov-public-streets","type":"Residential"},"geometry":{"type":"LineString","coordinates":[[-123.1415688,49.2912733],[-123.1429228,49.2921497]]}},{"type":"Feature","properties":{"name":"CHESTNUT ST","class":"Residential","width":9,"source":"cov-public-streets","type":"Residential"},"geometry":{"type":"LineString","coordinates":[[-123.1464148,49.2715575],[-123.1464329,49.2711161]]}},{"type":"Feature","properties":{"name":"HELMCKEN ST","class":"Arterial","width":18,"source":"cov-public-streets","type":"Arterial"},"geometry":{"type":"LineString","coordinates":[[-123.1211187,49.2759478],[-123.1216724,49.276307]]}},{"type":"Feature","properties":{"name":"CHILCO ST","class":"Residential","width":9,"source":"cov-public-streets","type":"Residential"},"geometry":{"type":"LineString","coordinates":[[-123.1410375,49.2916252],[-123.1415688,49.2912733]]}},{"type":"Feature","properties":{"name":"COMOX ST","class":"Residential","width":9,"source":"cov-public-streets","type":"Residential"},"geometry":{"type":"LineString","coordinates":[[-123.1328046,49.284208],[-123.1341806,49.2850984]]}},{"type":"Feature","properties":{"name":"BURNABY ST","class":"Residential","width":9,"source":"cov-public-streets","type":"Residential"},"geometry":{"type":"LineString","coordinates":[[-123.1322605,49.2796804],[-123.1344225,49.2810796]]}},{"type":"Feature","properties":{"name":"LARCH ST","class":"Residential","width":9,"source":"cov-public-streets","type":"Residential"},"geometry":{"type":"LineString","coordinates":[[-123.1621463,49.2709267],[-123.1621623,49.2704862]]}},{"type":"Feature","properties":{"name":"W 4TH AV","class":"Secondary Arterial","width":14,"source":"cov-public-streets","type":"Secondary Arterial"},"geometry":{"type":"LineString","coordinates":[[-123.135963,49.2671372],[-123.1357564,49.267]]}},{"type":"Feature","properties":{"name":"BIDWELL ST","class":"Arterial","width":18,"source":"cov-public-streets","type":"Arterial"},"geometry":{"type":"LineString","coordinates":[[-123.1333301,49.2908107],[-123.1338611,49.2904588]]}},{"type":"Feature","properties":{"name":"PENDRELL ST","class":"Residential","width":9,"source":"cov-public-streets","type":"Residential"},"geometry":{"type":"LineString","coordinates":[[-123.132296,49.2824868],[-123.1338743,49.2835068]]}},{"type":"Feature","properties":{"name":"TRAFALGAR ST","class":"Residential","width":9,"source":"cov-public-streets","type":"Residential"},"geometry":{"type":"LineString","coordinates":[[-123.1644086,49.2714043],[-123.1644226,49.2709888]]}},{"type":"Feature","properties":{"name":"BALSAM ST","class":"Residential","width":9,"source":"cov-public-streets","type":"Residential"},"geometry":{"type":"LineString","coordinates":[[-123.1597272,49.2722125],[-123.1597443,49.2717722]]}},{"type":"Feature","properties":{"name":"BALSAM ST","class":"Residential","width":9,"source":"cov-public-streets","type":"Residential"},"geometry":{"type":"LineString","coordinates":[[-123.1598588,49.2686803],[-123.1598751,49.2682434]]}},{"type":"Feature","properties":{"name":"BALSAM ST","class":"Residential","width":9,"source":"cov-public-streets","type":"Residential"},"geometry":{"type":"LineString","coordinates":[[-123.1598751,49.2682434],[-123.1598911,49.2678251]]}},{"type":"Feature","properties":{"name":"VINE ST","class":"Residential","width":9,"source":"cov-public-streets","type":"Residential"},"geometry":{"type":"LineString","coordinates":[[-123.1574723,49.2690891],[-123.1574889,49.2686468]]}},{"type":"Feature","properties":{"name":"GRANVILLE ST","class":"Arterial","width":18,"source":"cov-public-streets","type":"Arterial"},"geometry":{"type":"LineString","coordinates":[[-123.1153275,49.2843412],[-123.1164117,49.283624]]}},{"type":"Feature","properties":{"name":"SEYMOUR ST","class":"Arterial","width":18,"source":"cov-public-streets","type":"Arterial"},"geometry":{"type":"LineString","coordinates":[[-123.1138561,49.2840173],[-123.1143358,49.2836997]]}},{"type":"Feature","properties":{"name":"THURLOW ST","class":"Arterial","width":18,"source":"cov-public-streets","type":"Arterial"},"geometry":{"type":"LineString","coordinates":[[-123.1237526,49.2853081],[-123.1242848,49.284956]]}},{"type":"Feature","properties":{"name":"THURLOW ST","class":"Arterial","width":18,"source":"cov-public-streets","type":"Arterial"},"geometry":{"type":"LineString","coordinates":[[-123.1253482,49.2842526],[-123.1258797,49.2839009]]}},{"type":"Feature","properties":{"name":"W GEORGIA ST","class":"Arterial","width":18,"source":"cov-public-streets","type":"Arterial"},"geometry":{"type":"LineString","coordinates":[[-123.1268592,49.2881423],[-123.1282372,49.289034]]}},{"type":"Feature","properties":{"name":"BUTE ST","class":"Arterial","width":18,"source":"cov-public-streets","type":"Arterial"},"geometry":{"type":"LineString","coordinates":[[-123.1233727,49.2883916],[-123.1236353,49.2882178]]}},{"type":"Feature","properties":{"name":"GORE AV","class":"Residential","width":9,"source":"cov-public-streets","type":"Residential"},"geometry":{"type":"LineString","coordinates":[[-123.0979633,49.2847794],[-123.0978939,49.2842991]]}},{"type":"Feature","properties":{"name":"NICOLA ST","class":"Arterial","width":18,"source":"cov-public-streets","type":"Arterial"},"geometry":{"type":"LineString","coordinates":[[-123.1294146,49.289796],[-123.1300438,49.2893796]]}},{"type":"Feature","properties":{"name":"CREELMAN AV","class":"Residential","width":9,"source":"cov-public-streets","type":"Residential"},"geometry":{"type":"LineString","coordinates":[[-123.1477275,49.2744519],[-123.1483199,49.2744613]]}},{"type":"Feature","properties":{"name":"CREELMAN AV","class":"Residential","width":9,"source":"cov-public-streets","type":"Residential"},"geometry":{"type":"LineString","coordinates":[[-123.146987,49.2744373],[-123.1477275,49.2744519]]}},{"type":"Feature","properties":{"name":"CYPRESS ST","class":"Residential","width":9,"source":"cov-public-streets","type":"Residential"},"geometry":{"type":"LineString","coordinates":[[-123.1477648,49.2734607],[-123.1477843,49.2729559]]}},{"type":"Feature","properties":{"name":"CHESTNUT ST","class":"Residential","width":9,"source":"cov-public-streets","type":"Residential"},"geometry":{"type":"LineString","coordinates":[[-123.146355,49.2729788],[-123.1463776,49.2724397]]}},{"type":"Feature","properties":{"name":"BURRARD ST","class":"Arterial","width":18,"source":"cov-public-streets","type":"Arterial"},"geometry":{"type":"LineString","coordinates":[[-123.1455212,49.2702188],[-123.1455468,49.2697796]]}},{"type":"Feature","properties":{"name":"CYPRESS ST","class":"Residential","width":9,"source":"cov-public-streets","type":"Residential"},"geometry":{"type":"LineString","coordinates":[[-123.1478684,49.2706988],[-123.147884,49.2702581]]}},{"type":"Feature","properties":{"name":"PRIOR ST","class":"Secondary Arterial","width":14,"source":"cov-public-streets","type":"Secondary Arterial"},"geometry":{"type":"LineString","coordinates":[[-123.0990955,49.2767535],[-123.0990178,49.2767525]]}},{"type":"Feature","properties":{"name":"SPYGLASS PLACE","class":"Residential","width":9,"source":"cov-public-streets","type":"Residential"},"geometry":{"type":"LineString","coordinates":[[-123.1152442,49.2690976],[-123.1152994,49.267928]]}},{"type":"Feature","properties":{"name":"NELSON ST","class":"Residential","width":9,"source":"cov-public-streets","type":"Residential"},"geometry":{"type":"LineString","coordinates":[[-123.1342965,49.2865654],[-123.1354777,49.2873308]]}},{"type":"Feature","properties":{"name":"BURNABY ST","class":"Residential","width":9,"source":"cov-public-streets","type":"Residential"},"geometry":{"type":"LineString","coordinates":[[-123.13737,49.2829881],[-123.1385485,49.2837513]]}},{"type":"Feature","properties":{"name":"BURNABY ST","class":"Residential","width":9,"source":"cov-public-streets","type":"Residential"},"geometry":{"type":"LineString","coordinates":[[-123.13599,49.282102],[-123.13737,49.2829881]]}},{"type":"Feature","properties":{"name":"1000-1100 BIDWELL ST","class":"Residential","width":9,"source":"cov-public-streets","type":"Residential"},"geometry":{"type":"LineString","coordinates":[[-123.1381117,49.2876438],[-123.1386434,49.2872917]]}},{"type":"Feature","properties":{"name":"CARDERO ST","class":"Residential","width":9,"source":"cov-public-streets","type":"Residential"},"geometry":{"type":"LineString","coordinates":[[-123.1354777,49.2873308],[-123.1360089,49.2869788]]}},{"type":"Feature","properties":{"name":"1000-1100 CARDERO ST","class":"Residential","width":9,"source":"cov-public-streets","type":"Residential"},"geometry":{"type":"LineString","coordinates":[[-123.1365397,49.2866264],[-123.1370712,49.2862742]]}},{"type":"Feature","properties":{"name":"1000-1100 CARDERO ST","class":"Residential","width":9,"source":"cov-public-streets","type":"Residential"},"geometry":{"type":"LineString","coordinates":[[-123.1370712,49.2862742],[-123.137602,49.2859222]]}},{"type":"Feature","properties":{"name":"CARDERO ST","class":"Residential","width":9,"source":"cov-public-streets","type":"Residential"},"geometry":{"type":"LineString","coordinates":[[-123.1381334,49.2855695],[-123.1386647,49.2852177]]}},{"type":"Feature","properties":{"name":"E HASTINGS ST","class":"Arterial","width":18,"source":"cov-public-streets","type":"Arterial"},"geometry":{"type":"LineString","coordinates":[[-123.0953816,49.2812571],[-123.095,49.28125]]}},{"type":"Feature","properties":{"name":"KEEFER PLACE","class":"Residential","width":9,"source":"cov-public-streets","type":"Residential"},"geometry":{"type":"LineString","coordinates":[[-123.1076172,49.2797071],[-123.1084706,49.2798471]]}},{"type":"Feature","properties":{"name":"CARRALL ST","class":"Arterial","width":18,"source":"cov-public-streets","type":"Arterial"},"geometry":{"type":"LineString","coordinates":[[-123.1044394,49.2792457],[-123.1044702,49.2791707],[-123.104509,49.2790973],[-123.1045431,49.2790435],[-123.1045952,49.2789737],[-123.1046391,49.278923],[-123.1047039,49.2788579],[-123.1047754,49.2787959],[-123.1048534,49.2787373],[-123.1049374,49.2786825],[-123.1050041,49.2786439],[-123.1051464,49.2785739],[-123.1052172,49.2785443],[-123.1056293,49.2783876],[-123.1057589,49.2783324],[-123.1058789,49.2782686],[-123.1059881,49.2781969],[-123.1060853,49.2781182],[-123.1061475,49.2780554]]}},{"type":"Feature","properties":{"name":"MAPLE ST","class":"Residential","width":9,"source":"cov-public-streets","type":"Residential"},"geometry":{"type":"LineString","coordinates":[[-123.150093,49.275373],[-123.1501104,49.2749309]]}},{"type":"Feature","properties":{"name":"BURRARD ST","class":"Arterial","width":18,"source":"cov-public-streets","type":"Arterial"},"geometry":{"type":"LineString","coordinates":[[-123.1307753,49.2780252],[-123.1313092,49.2776719]]}},{"type":"Feature","properties":{"name":"DAVIE ST","class":"Arterial","width":18,"source":"cov-public-streets","type":"Arterial"},"geometry":{"type":"LineString","coordinates":[[-123.128161,49.2784201],[-123.1286466,49.2787343]]}},{"type":"Feature","properties":{"name":"ROBSON ST","class":"Arterial","width":18,"source":"cov-public-streets","type":"Arterial"},"geometry":{"type":"LineString","coordinates":[[-123.1159219,49.2788395],[-123.1164096,49.2791522]]}},{"type":"Feature","properties":{"name":"SMITHE ST","class":"Arterial","width":18,"source":"cov-public-streets","type":"Arterial"},"geometry":{"type":"LineString","coordinates":[[-123.1159897,49.2767943],[-123.1165452,49.277156]]}},{"type":"Feature","properties":{"name":"NELSON ST","class":"Arterial","width":18,"source":"cov-public-streets","type":"Arterial"},"geometry":{"type":"LineString","coordinates":[[-123.1200802,49.2773582],[-123.1205649,49.2776726]]}},{"type":"Feature","properties":{"name":"DRAKE ST","class":"Arterial","width":18,"source":"cov-public-streets","type":"Arterial"},"geometry":{"type":"LineString","coordinates":[[-123.1297551,49.2773656],[-123.1302407,49.2776795]]}},{"type":"Feature","properties":{"name":"BURRARD ST","class":"Arterial","width":18,"source":"cov-public-streets","type":"Arterial"},"geometry":{"type":"LineString","coordinates":[[-123.129714,49.2787274],[-123.1302456,49.2783757]]}},{"type":"Feature","properties":{"name":"HOWE ST","class":"Arterial","width":18,"source":"cov-public-streets","type":"Arterial"},"geometry":{"type":"LineString","coordinates":[[-123.1271902,49.2777921],[-123.1287837,49.2767374]]}},{"type":"Feature","properties":{"name":"CAMBIE ST","class":"Arterial","width":18,"source":"cov-public-streets","type":"Arterial"},"geometry":{"type":"LineString","coordinates":[[-123.1149548,49.2782091],[-123.1154268,49.2778966]]}},{"type":"Feature","properties":{"name":"THURLOW ST","class":"Arterial","width":18,"source":"cov-public-streets","type":"Arterial"},"geometry":{"type":"LineString","coordinates":[[-123.1322605,49.2796804],[-123.1327921,49.2793288]]}},{"type":"Feature","properties":{"name":"COLUMBIA ST","class":"Arterial","width":18,"source":"cov-public-streets","type":"Arterial"},"geometry":{"type":"LineString","coordinates":[[-123.1023167,49.2799826],[-123.1023364,49.27953]]}},{"type":"Feature","properties":{"name":"W GEORGIA ST","class":"Arterial","width":18,"source":"cov-public-streets","type":"Arterial"},"geometry":{"type":"LineString","coordinates":[[-123.1337401,49.2925947],[-123.1353178,49.2936156]]}},{"type":"Feature","properties":{"name":"PENDRELL ST","class":"Residential","width":9,"source":"cov-public-streets","type":"Residential"},"geometry":{"type":"LineString","coordinates":[[-123.1436944,49.2898664],[-123.1450396,49.2907388]]}},{"type":"Feature","properties":{"name":"W CORDOVA ST","class":"Arterial","width":18,"source":"cov-public-streets","type":"Arterial"},"geometry":{"type":"LineString","coordinates":[[-123.1043044,49.2824757],[-123.106788,49.2829302]]}},{"type":"Feature","properties":{"name":"ALEXANDER ST","class":"Arterial","width":18,"source":"cov-public-streets","type":"Arterial"},"geometry":{"type":"LineString","coordinates":[[-123.1021513,49.2837699],[-123.1039398,49.2834345],[-123.1042618,49.2834967]]}},{"type":"Feature","properties":{"name":"ABBOTT ST","class":"Arterial","width":18,"source":"cov-public-streets","type":"Arterial"},"geometry":{"type":"LineString","coordinates":[[-123.106788,49.2829302],[-123.1069897,49.2824721]]}},{"type":"Feature","properties":{"name":"CAMBIE ST","class":"Arterial","width":18,"source":"cov-public-streets","type":"Arterial"},"geometry":{"type":"LineString","coordinates":[[-123.1104536,49.2811863],[-123.110884,49.280901]]}},{"type":"Feature","properties":{"name":"POWELL ST","class":"Arterial","width":18,"source":"cov-public-streets","type":"Arterial"},"geometry":{"type":"LineString","coordinates":[[-123.1003189,49.2832036],[-123.1021753,49.2832385]]}},{"type":"Feature","properties":{"name":"E HASTINGS ST","class":"Arterial","width":18,"source":"cov-public-streets","type":"Arterial"},"geometry":{"type":"LineString","coordinates":[[-123.1022551,49.2813842],[-123.1003997,49.28135]]}},{"type":"Feature","properties":{"name":"THURLOW ST","class":"Arterial","width":18,"source":"cov-public-streets","type":"Arterial"},"geometry":{"type":"LineString","coordinates":[[-123.1306658,49.2807354],[-123.131197,49.2803841]]}},{"type":"Feature","properties":{"name":"DAVIE ST","class":"Arterial","width":18,"source":"cov-public-streets","type":"Arterial"},"geometry":{"type":"LineString","coordinates":[[-123.1291811,49.2790801],[-123.131197,49.2803841]]}},{"type":"Feature","properties":{"name":"ROBSON ST","class":"Arterial","width":18,"source":"cov-public-streets","type":"Arterial"},"geometry":{"type":"LineString","coordinates":[[-123.1193215,49.281037],[-123.1198282,49.2813646]]}},{"type":"Feature","properties":{"name":"ROBSON ST","class":"Arterial","width":18,"source":"cov-public-streets","type":"Arterial"},"geometry":{"type":"LineString","coordinates":[[-123.1188364,49.2807227],[-123.1193215,49.281037]]}},{"type":"Feature","properties":{"name":"DUNSMUIR ST","class":"Arterial","width":18,"source":"cov-public-streets","type":"Arterial"},"geometry":{"type":"LineString","coordinates":[[-123.1125075,49.2810979],[-123.112993,49.281412]]}},{"type":"Feature","properties":{"name":"SMITHE ST","class":"Arterial","width":18,"source":"cov-public-streets","type":"Arterial"},"geometry":{"type":"LineString","coordinates":[[-123.1194579,49.2790405],[-123.119943,49.2793548]]}},{"type":"Feature","properties":{"name":"SMITHE ST","class":"Arterial","width":18,"source":"cov-public-streets","type":"Arterial"},"geometry":{"type":"LineString","coordinates":[[-123.119943,49.2793548],[-123.1204281,49.2796687]]}},{"type":"Feature","properties":{"name":"NELSON ST","class":"Residential","width":9,"source":"cov-public-streets","type":"Residential"},"geometry":{"type":"LineString","coordinates":[[-123.1259961,49.2811873],[-123.1280093,49.2824919]]}},{"type":"Feature","properties":{"name":"THURLOW ST","class":"Arterial","width":18,"source":"cov-public-streets","type":"Arterial"},"geometry":{"type":"LineString","coordinates":[[-123.1301331,49.2810867],[-123.1306658,49.2807354]]}},{"type":"Feature","properties":{"name":"BURNABY ST","class":"Residential","width":9,"source":"cov-public-streets","type":"Residential"},"geometry":{"type":"LineString","coordinates":[[-123.1302456,49.2783757],[-123.1322605,49.2796804]]}},{"type":"Feature","properties":{"name":"BURRARD ST","class":"Arterial","width":18,"source":"cov-public-streets","type":"Arterial"},"geometry":{"type":"LineString","coordinates":[[-123.1270559,49.2804862],[-123.1275894,49.2801332]]}},{"type":"Feature","properties":{"name":"YEW ST","class":"Residential","width":9,"source":"cov-public-streets","type":"Residential"},"geometry":{"type":"LineString","coordinates":[[-123.1549879,49.2721372],[-123.155004,49.2716959]]}},{"type":"Feature","properties":{"name":"YEW ST","class":"Residential","width":9,"source":"cov-public-streets","type":"Residential"},"geometry":{"type":"LineString","coordinates":[[-123.1551355,49.2681686],[-123.1551512,49.2677495]]}},{"type":"Feature","properties":{"name":"YEW ST","class":"Residential","width":9,"source":"cov-public-streets","type":"Residential"},"geometry":{"type":"LineString","coordinates":[[-123.1551679,49.2673114],[-123.1551796,49.267]]}},{"type":"Feature","properties":{"name":"HAMILTON ST","class":"Arterial","width":18,"source":"cov-public-streets","type":"Arterial"},"geometry":{"type":"LineString","coordinates":[[-123.1227135,49.2748934],[-123.1242575,49.2738749]]}},{"type":"Feature","properties":{"name":"HOWE ST","class":"Arterial","width":18,"source":"cov-public-streets","type":"Arterial"},"geometry":{"type":"LineString","coordinates":[[-123.1245878,49.2795142],[-123.1255982,49.2788456]]}},{"type":"Feature","properties":{"name":"GRANVILLE ST","class":"Arterial","width":18,"source":"cov-public-streets","type":"Arterial"},"geometry":{"type":"LineString","coordinates":[[-123.1214215,49.2803113],[-123.1230138,49.2792582]]}},{"type":"Feature","properties":{"name":"HOMER ST","class":"Arterial","width":18,"source":"cov-public-streets","type":"Arterial"},"geometry":{"type":"LineString","coordinates":[[-123.1168878,49.2794631],[-123.1184876,49.2784122]]}},{"type":"Feature","properties":{"name":"W PENDER ST","class":"Arterial","width":18,"source":"cov-public-streets","type":"Arterial"},"geometry":{"type":"LineString","coordinates":[[-123.1119139,49.282761],[-123.1128853,49.283389]]}},{"type":"Feature","properties":{"name":"W PENDER ST","class":"Arterial","width":18,"source":"cov-public-streets","type":"Arterial"},"geometry":{"type":"LineString","coordinates":[[-123.1128853,49.283389],[-123.1138561,49.2840173]]}},{"type":"Feature","properties":{"name":"DUNSMUIR ST","class":"Arterial","width":18,"source":"cov-public-streets","type":"Arterial"},"geometry":{"type":"LineString","coordinates":[[-123.1188599,49.2852084],[-123.1193949,49.285554]]}},{"type":"Feature","properties":{"name":"BARCLAY ST","class":"Residential","width":9,"source":"cov-public-streets","type":"Residential"},"geometry":{"type":"LineString","coordinates":[[-123.1249287,49.2818935],[-123.1269429,49.2831975]]}},{"type":"Feature","properties":{"name":"NELSON ST","class":"Residential","width":9,"source":"cov-public-streets","type":"Residential"},"geometry":{"type":"LineString","coordinates":[[-123.1301713,49.2838929],[-123.1304563,49.2840775]]}},{"type":"Feature","properties":{"name":"BUTE ST","class":"Residential","width":9,"source":"cov-public-streets","type":"Residential"},"geometry":{"type":"LineString","coordinates":[[-123.1301713,49.2838929],[-123.1307012,49.2835422]]}},{"type":"Feature","properties":{"name":"JERVIS ST","class":"Residential","width":9,"source":"cov-public-streets","type":"Residential"},"geometry":{"type":"LineString","coordinates":[[-123.1296151,49.2863191],[-123.1301469,49.2859672]]}},{"type":"Feature","properties":{"name":"BURRARD ST","class":"Arterial","width":18,"source":"cov-public-streets","type":"Arterial"},"geometry":{"type":"LineString","coordinates":[[-123.1211101,49.2844195],[-123.121739,49.2840038]]}},{"type":"Feature","properties":{"name":"HOWE ST","class":"Arterial","width":18,"source":"cov-public-streets","type":"Arterial"},"geometry":{"type":"LineString","coordinates":[[-123.115838,49.2853005],[-123.1163196,49.2849836]]}},{"type":"Feature","properties":{"name":"THURLOW ST","class":"Arterial","width":18,"source":"cov-public-streets","type":"Arterial"},"geometry":{"type":"LineString","coordinates":[[-123.1343871,49.2782728],[-123.1348084,49.2779938]]}},{"type":"Feature","properties":{"name":"JERVIS ST","class":"Residential","width":9,"source":"cov-public-streets","type":"Residential"},"geometry":{"type":"LineString","coordinates":[[-123.137064,49.2813933],[-123.137598,49.2810427]]}},{"type":"Feature","properties":{"name":"MAIN ST","class":"Arterial","width":18,"source":"cov-public-streets","type":"Arterial"},"geometry":{"type":"LineString","coordinates":[[-123.0996891,49.2803855],[-123.0997293,49.2794815]]}},{"type":"Feature","properties":{"name":"GORE AV","class":"Residential","width":9,"source":"cov-public-streets","type":"Residential"},"geometry":{"type":"LineString","coordinates":[[-123.0976714,49.2827022],[-123.0976069,49.2822475]]}},{"type":"Feature","properties":{"name":"MAIN ST","class":"Arterial","width":18,"source":"cov-public-streets","type":"Arterial"},"geometry":{"type":"LineString","coordinates":[[-123.0995268,49.2840935],[-123.0995671,49.2831895]]}},{"type":"Feature","properties":{"name":"DUNLEVY AV","class":"Residential","width":9,"source":"cov-public-streets","type":"Residential"},"geometry":{"type":"LineString","coordinates":[[-123.0952458,49.284461],[-123.0952653,49.2840143]]}},{"type":"Feature","properties":{"name":"GORE AV","class":"Residential","width":9,"source":"cov-public-streets","type":"Residential"},"geometry":{"type":"LineString","coordinates":[[-123.0978939,49.2842991],[-123.097861,49.2840628]]}},{"type":"Feature","properties":{"name":"CAMBIE ST","class":"Arterial","width":18,"source":"cov-public-streets","type":"Arterial"},"geometry":{"type":"LineString","coordinates":[[-123.1093794,49.2829059],[-123.1095463,49.2825114]]}},{"type":"Feature","properties":{"name":"GRANVILLE BRIDGE","class":"Arterial","width":18,"source":"cov-public-streets","type":"Arterial"},"geometry":{"type":"LineString","coordinates":[[-123.1376785,49.2695378],[-123.1377295,49.2694659],[-123.1377653,49.2694084],[-123.1377963,49.2693522],[-123.1378338,49.2692724],[-123.1378601,49.2692044],[-123.1378829,49.2691302],[-123.1378978,49.2690665],[-123.1379095,49.268995],[-123.1379149,49.2689392],[-123.1379199,49.2688225],[-123.1379165,49.2687665],[-123.1379092,49.2687222],[-123.1378929,49.268662],[-123.1378738,49.2686128],[-123.1378431,49.2685529],[-123.1378141,49.2685075],[-123.1377611,49.2684407],[-123.1377127,49.2683909],[-123.1376575,49.2683428],[-123.1375947,49.2682966],[-123.1373695,49.2681604],[-123.1371277,49.2680208],[-123.1367835,49.2678321],[-123.1363061,49.267565],[-123.1362391,49.2675241],[-123.1361651,49.2674706],[-123.1361043,49.2674181],[-123.1360577,49.2673708],[-123.1360165,49.2673215],[-123.1359767,49.2672635],[-123.1359452,49.267197],[-123.1359213,49.2671269],[-123.1359068,49.2670582],[-123.1359013,49.267]]}},{"type":"Feature","properties":{"name":"PACIFIC BOULEVARD","class":"Arterial","width":18,"source":"cov-public-streets","type":"Arterial"},"geometry":{"type":"LineString","coordinates":[[-123.1192796,49.2745179],[-123.1194695,49.2744999],[-123.1196528,49.2744737],[-123.119971,49.2744039]]}},{"type":"Feature","properties":{"name":"PACIFIC ST","class":"Arterial","width":18,"source":"cov-public-streets","type":"Arterial"},"geometry":{"type":"LineString","coordinates":[[-123.1265173,49.2732168],[-123.1266424,49.2732584],[-123.1268497,49.2733461],[-123.1270564,49.2734571]]}},{"type":"Feature","properties":{"name":"BALSAM ST","class":"Residential","width":9,"source":"cov-public-streets","type":"Residential"},"geometry":{"type":"LineString","coordinates":[[-123.1596944,49.2730955],[-123.1597058,49.2727993]]}},{"type":"Feature","properties":{"name":"800-900 DENMAN ST","class":"Arterial","width":18,"source":"cov-public-streets","type":"Arterial"},"geometry":{"type":"LineString","coordinates":[[-123.1370274,49.2904212],[-123.137559,49.2900692]]}},{"type":"Feature","properties":{"name":"COAL HARBOUR QUAY","class":"Residential","width":9,"source":"cov-public-streets","type":"Residential"},"geometry":{"type":"LineString","coordinates":[[-123.1274424,49.2911007],[-123.1286275,49.2918665]]}},{"type":"Feature","properties":{"name":"MAINLAND ST","class":"Arterial","width":18,"source":"cov-public-streets","type":"Arterial"},"geometry":{"type":"LineString","coordinates":[[-123.1205665,49.2755891],[-123.1221602,49.2745351]]}},{"type":"Feature","properties":{"name":"BEACH AV","class":"Arterial","width":18,"source":"cov-public-streets","type":"Arterial"},"geometry":{"type":"LineString","coordinates":[[-123.1381201,49.2806897],[-123.1393794,49.2815056]]}},{"type":"Feature","properties":{"name":"CENTRAL ST","class":"Residential","width":9,"source":"cov-public-streets","type":"Residential"},"geometry":{"type":"LineString","coordinates":[[-123.0996376,49.2713926],[-123.0980659,49.2710211]]}},{"type":"Feature","properties":{"name":"COMOX ST","class":"Residential","width":9,"source":"cov-public-streets","type":"Residential"},"geometry":{"type":"LineString","coordinates":[[-123.1341806,49.2850984],[-123.1353595,49.285862]]}},{"type":"Feature","properties":{"name":"BARCLAY ST","class":"Residential","width":9,"source":"cov-public-streets","type":"Residential"},"geometry":{"type":"LineString","coordinates":[[-123.1391316,49.2910871],[-123.1405069,49.2919774]]}},{"type":"Feature","properties":{"name":"ROBSON ST","class":"Residential","width":9,"source":"cov-public-streets","type":"Residential"},"geometry":{"type":"LineString","coordinates":[[-123.1354342,49.2914766],[-123.137007,49.2924949]]}},{"type":"Feature","properties":{"name":"1300-1400 ARBUTUS ST","class":"Residential","width":9,"source":"cov-public-streets","type":"Residential"},"geometry":{"type":"LineString","coordinates":[[-123.1525705,49.2733912],[-123.1526034,49.2725403]]}},{"type":"Feature","properties":{"name":"HOMER ST","class":"Arterial","width":18,"source":"cov-public-streets","type":"Arterial"},"geometry":{"type":"LineString","coordinates":[[-123.1104328,49.2837405],[-123.1109331,49.2834093]]}},{"type":"Feature","properties":{"name":"CAMBIE ST","class":"Arterial","width":18,"source":"cov-public-streets","type":"Arterial"},"geometry":{"type":"LineString","coordinates":[[-123.1099716,49.2815099],[-123.1104536,49.2811863]]}},{"type":"Feature","properties":{"name":"700-800 EXPO BOULEVARD","class":"Arterial","width":18,"source":"cov-public-streets","type":"Arterial"},"geometry":{"type":"LineString","coordinates":[[-123.1108194,49.2778419],[-123.110847,49.2778389],[-123.1111813,49.2778436],[-123.1116567,49.2778819],[-123.1119017,49.2778526],[-123.1123249,49.2777695],[-123.1132671,49.2773214],[-123.113549,49.2771413],[-123.1137343,49.2769564],[-123.1139263,49.2764994],[-123.1140369,49.2763822]]}},{"type":"Feature","properties":{"name":"RICHARDS ST","class":"Arterial","width":18,"source":"cov-public-streets","type":"Arterial"},"geometry":{"type":"LineString","coordinates":[[-123.1109534,49.2846779],[-123.1114038,49.2843686]]}},{"type":"Feature","properties":{"name":"ALEXANDER ST","class":"Arterial","width":18,"source":"cov-public-streets","type":"Arterial"},"geometry":{"type":"LineString","coordinates":[[-123.1021513,49.2837699],[-123.1003433,49.2841082],[-123.1002794,49.2841077]]}},{"type":"Feature","properties":{"name":"LAMEY'S MILL ROAD","class":"Residential","width":9,"source":"cov-public-streets","type":"Residential"},"geometry":{"type":"LineString","coordinates":[[-123.1335949,49.2670577],[-123.1353167,49.2675192]]}},{"type":"Feature","properties":{"name":"800-900 CANADA PLACE","class":"Arterial","width":18,"source":"cov-public-streets","type":"Arterial"},"geometry":{"type":"LineString","coordinates":[[-123.1130713,49.2873226],[-123.1130841,49.2873619],[-123.1131067,49.2873981],[-123.1131385,49.2874311],[-123.113183,49.2874627],[-123.1132495,49.2874934],[-123.1135565,49.2876047],[-123.1137659,49.287673],[-123.1139788,49.2877365],[-123.1154791,49.2881432]]}},{"type":"Feature","properties":{"name":"DRAKE ST","class":"Arterial","width":18,"source":"cov-public-streets","type":"Arterial"},"geometry":{"type":"LineString","coordinates":[[-123.1236925,49.2734397],[-123.1243105,49.27384]]}},{"type":"Feature","properties":{"name":"SUZHOU ALLEY","class":"Residential","width":9,"source":"cov-public-streets","type":"Residential"},"geometry":{"type":"LineString","coordinates":[[-123.1050901,49.2802062],[-123.1044041,49.2800816]]}},{"type":"Feature","properties":{"name":"500-600 BEACH CRESCENT","class":"Residential","width":9,"source":"cov-public-streets","type":"Residential"},"geometry":{"type":"LineString","coordinates":[[-123.1283501,49.2731591],[-123.1284362,49.2732067],[-123.1285433,49.2732483],[-123.1286479,49.2732748],[-123.1287699,49.2732913],[-123.1288694,49.2732944],[-123.1289687,49.2732883],[-123.1290538,49.2732757],[-123.129189,49.2732452],[-123.1292633,49.2732365],[-123.1293554,49.2732364],[-123.129446,49.2732477],[-123.1295315,49.2732702],[-123.1296024,49.2732996],[-123.1296471,49.2733249],[-123.1298159,49.2734338]]}},{"type":"Feature","properties":{"name":"RICHARDS ST","class":"Arterial","width":18,"source":"cov-public-streets","type":"Arterial"},"geometry":{"type":"LineString","coordinates":[[-123.1161586,49.2812248],[-123.117866,49.2800945]]}},{"type":"Feature","properties":{"name":"HOWE ST","class":"Arterial","width":18,"source":"cov-public-streets","type":"Arterial"},"geometry":{"type":"LineString","coordinates":[[-123.1240047,49.2799],[-123.1245878,49.2795142]]}},{"type":"Feature","properties":{"name":"ALBERNI ST","class":"Arterial","width":18,"source":"cov-public-streets","type":"Arterial"},"geometry":{"type":"LineString","coordinates":[[-123.121739,49.2840038],[-123.1237526,49.2853081]]}},{"type":"Feature","properties":{"name":"800-900 NICOLA ST","class":"Residential","width":9,"source":"cov-public-streets","type":"Residential"},"geometry":{"type":"LineString","coordinates":[[-123.1327013,49.2876209],[-123.1332334,49.2872687]]}},{"type":"Feature","properties":{"name":"HARO ST","class":"Arterial","width":18,"source":"cov-public-streets","type":"Arterial"},"geometry":{"type":"LineString","coordinates":[[-123.1256982,49.2837834],[-123.1258797,49.2839009]]}},{"type":"Feature","properties":{"name":"JERVIS ST","class":"Arterial","width":18,"source":"cov-public-streets","type":"Arterial"},"geometry":{"type":"LineString","coordinates":[[-123.1280201,49.2873743],[-123.1285517,49.2870226]]}},{"type":"Feature","properties":{"name":"BUTE ST","class":"Arterial","width":18,"source":"cov-public-streets","type":"Arterial"},"geometry":{"type":"LineString","coordinates":[[-123.1247042,49.2875105],[-123.125287,49.2871249]]}},{"type":"Feature","properties":{"name":"GRANVILLE ST","class":"Arterial","width":18,"source":"cov-public-streets","type":"Arterial"},"geometry":{"type":"LineString","coordinates":[[-123.1148475,49.2846586],[-123.1153275,49.2843412]]}},{"type":"Feature","properties":{"name":"HORNBY ST","class":"Arterial","width":18,"source":"cov-public-streets","type":"Arterial"},"geometry":{"type":"LineString","coordinates":[[-123.1178792,49.2852214],[-123.1183743,49.284894]]}},{"type":"Feature","properties":{"name":"BROUGHTON ST","class":"Arterial","width":18,"source":"cov-public-streets","type":"Arterial"},"geometry":{"type":"LineString","coordinates":[[-123.1276547,49.2894196],[-123.1282372,49.289034]]}},{"type":"Feature","properties":{"name":"W 4TH AV","class":"Arterial","width":18,"source":"cov-public-streets","type":"Arterial"},"geometry":{"type":"LineString","coordinates":[[-123.1575053,49.2682059],[-123.1598751,49.2682434]]}},{"type":"Feature","properties":{"name":"BALSAM ST","class":"Residential","width":9,"source":"cov-public-streets","type":"Residential"},"geometry":{"type":"LineString","coordinates":[[-123.1598422,49.2691274],[-123.1598588,49.2686803]]}},{"type":"Feature","properties":{"name":"DENMAN ST","class":"Arterial","width":18,"source":"cov-public-streets","type":"Arterial"},"geometry":{"type":"LineString","coordinates":[[-123.1407463,49.2879577],[-123.1412779,49.2876053]]}},{"type":"Feature","properties":{"name":"HAMILTON ST","class":"Arterial","width":18,"source":"cov-public-streets","type":"Arterial"},"geometry":{"type":"LineString","coordinates":[[-123.1159219,49.2788395],[-123.1175172,49.2777835]]}},{"type":"Feature","properties":{"name":"HARO ST","class":"Arterial","width":18,"source":"cov-public-streets","type":"Arterial"},"geometry":{"type":"LineString","coordinates":[[-123.1245042,49.2830104],[-123.1256982,49.2837834]]}},{"type":"Feature","properties":{"name":"BROUGHTON ST","class":"Arterial","width":18,"source":"cov-public-streets","type":"Arterial"},"geometry":{"type":"LineString","coordinates":[[-123.1293975,49.2882658],[-123.1299287,49.2879141]]}},{"type":"Feature","properties":{"name":"YORK AV","class":"Residential","width":9,"source":"cov-public-streets","type":"Residential"},"geometry":{"type":"LineString","coordinates":[[-123.1464148,49.2715575],[-123.1478361,49.2715805]]}},{"type":"Feature","properties":{"name":"MARINASIDE CRESCENT","class":"Residential","width":9,"source":"cov-public-streets","type":"Residential"},"geometry":{"type":"LineString","coordinates":[[-123.1198122,49.2730143],[-123.1214034,49.2719594]]}},{"type":"Feature","properties":{"name":"NICOLA ST","class":"Arterial","width":18,"source":"cov-public-streets","type":"Arterial"},"geometry":{"type":"LineString","coordinates":[[-123.12842,49.2904554],[-123.1290251,49.2900537]]}},{"type":"Feature","properties":{"name":"W 2ND AV","class":"Residential","width":9,"source":"cov-public-streets","type":"Residential"},"geometry":{"type":"LineString","coordinates":[[-123.1621794,49.2700451],[-123.1643175,49.2700782],[-123.1644549,49.2700955]]}},{"type":"Feature","properties":{"name":"E PENDER ST","class":"Residential","width":9,"source":"cov-public-streets","type":"Residential"},"geometry":{"type":"LineString","coordinates":[[-123.0989404,49.2803713],[-123.0973372,49.2803418]]}},{"type":"Feature","properties":{"name":"DUNLEVY AV","class":"Residential","width":9,"source":"cov-public-streets","type":"Residential"},"geometry":{"type":"LineString","coordinates":[[-123.0955605,49.2771401],[-123.0955829,49.2766874]]}},{"type":"Feature","properties":{"name":"GORE AV","class":"Residential","width":9,"source":"cov-public-streets","type":"Residential"},"geometry":{"type":"LineString","coordinates":[[-123.0969578,49.2776184],[-123.0968955,49.2771634]]}},{"type":"Feature","properties":{"name":"GORE AV","class":"Residential","width":9,"source":"cov-public-streets","type":"Residential"},"geometry":{"type":"LineString","coordinates":[[-123.0972111,49.279435],[-123.0971468,49.2789775]]}},{"type":"Feature","properties":{"name":"ALEXANDER ST","class":"Residential","width":9,"source":"cov-public-streets","type":"Residential"},"geometry":{"type":"LineString","coordinates":[[-123.0952653,49.2840143],[-123.095,49.2840096]]}},{"type":"Feature","properties":{"name":"E CORDOVA ST","class":"Arterial","width":18,"source":"cov-public-streets","type":"Arterial"},"geometry":{"type":"LineString","coordinates":[[-123.0976069,49.2822475],[-123.0953413,49.2822063]]}},{"type":"Feature","properties":{"name":"MCNICOLL AV","class":"Residential","width":9,"source":"cov-public-streets","type":"Residential"},"geometry":{"type":"LineString","coordinates":[[-123.1462189,49.2761935],[-123.1476621,49.2762163]]}},{"type":"Feature","properties":{"name":"MAPLE ST","class":"Residential","width":9,"source":"cov-public-streets","type":"Residential"},"geometry":{"type":"LineString","coordinates":[[-123.1502838,49.2702962],[-123.1503003,49.2698555]]}},{"type":"Feature","properties":{"name":"1300-1400 MAPLE ST","class":"Residential","width":9,"source":"cov-public-streets","type":"Residential"},"geometry":{"type":"LineString","coordinates":[[-123.1501269,49.2744905],[-123.1502042,49.2725019]]}},{"type":"Feature","properties":{"name":"ARBUTUS ST","class":"Residential","width":9,"source":"cov-public-streets","type":"Residential"},"geometry":{"type":"LineString","coordinates":[[-123.1514686,49.2758367],[-123.1518529,49.2754016]]}},{"type":"Feature","properties":{"name":"BURRARD ST","class":"Arterial","width":18,"source":"cov-public-streets","type":"Arterial"},"geometry":{"type":"LineString","coordinates":[[-123.1154791,49.2881432],[-123.1162355,49.2876434]]}},{"type":"Feature","properties":{"name":"W 1ST AV","class":"Residential","width":9,"source":"cov-public-streets","type":"Residential"},"geometry":{"type":"LineString","coordinates":[[-123.1526678,49.2707758],[-123.1550367,49.270814]]}},{"type":"Feature","properties":{"name":"1300-1400 LABURNUM ST","class":"Residential","width":9,"source":"cov-public-streets","type":"Residential"},"geometry":{"type":"LineString","coordinates":[[-123.1513426,49.2745105],[-123.1514182,49.272521]]}},{"type":"Feature","properties":{"name":"BURRARD ST","class":"Arterial","width":18,"source":"cov-public-streets","type":"Arterial"},"geometry":{"type":"LineString","coordinates":[[-123.1456298,49.2671584],[-123.1456357,49.267]]}},{"type":"Feature","properties":{"name":"BEACH AV","class":"Arterial","width":18,"source":"cov-public-streets","type":"Arterial"},"geometry":{"type":"LineString","coordinates":[[-123.1343383,49.2765079],[-123.1346227,49.2767868]]}},{"type":"Feature","properties":{"name":"BURRARD ST","class":"Arterial","width":18,"source":"cov-public-streets","type":"Arterial"},"geometry":{"type":"LineString","coordinates":[[-123.1291811,49.2790801],[-123.129714,49.2787274]]}},{"type":"Feature","properties":{"name":"NELSON ST","class":"Arterial","width":18,"source":"cov-public-streets","type":"Arterial"},"geometry":{"type":"LineString","coordinates":[[-123.1189722,49.2766416],[-123.1195259,49.2769999]]}},{"type":"Feature","properties":{"name":"PENDRELL ST","class":"Residential","width":9,"source":"cov-public-streets","type":"Residential"},"geometry":{"type":"LineString","coordinates":[[-123.1301331,49.2810867],[-123.132296,49.2824868]]}},{"type":"Feature","properties":{"name":"PACIFIC BOULEVARD","class":"Arterial","width":18,"source":"cov-public-streets","type":"Arterial"},"geometry":{"type":"LineString","coordinates":[[-123.1173521,49.2742187],[-123.1180272,49.2744399]]}},{"type":"Feature","properties":{"name":"BALSAM ST","class":"Residential","width":9,"source":"cov-public-streets","type":"Residential"},"geometry":{"type":"LineString","coordinates":[[-123.1596849,49.2733466],[-123.1596944,49.2730955]]}},{"type":"Feature","properties":{"name":"VINE ST","class":"Residential","width":9,"source":"cov-public-streets","type":"Residential"},"geometry":{"type":"LineString","coordinates":[[-123.157456,49.2695296],[-123.1574723,49.2690891]]}},{"type":"Feature","properties":{"name":"SOUTHERN ST","class":"Residential","width":9,"source":"cov-public-streets","type":"Residential"},"geometry":{"type":"LineString","coordinates":[[-123.099877,49.2709242],[-123.098071,49.2704981]]}},{"type":"Feature","properties":{"name":"FOUNTAIN WAY COURT","class":"Residential","width":9,"source":"cov-public-streets","type":"Residential"},"geometry":{"type":"LineString","coordinates":[[-123.1351775,49.2677344],[-123.1353167,49.2675192]]}},{"type":"Feature","properties":{"name":"THORNTON ST","class":"Residential","width":9,"source":"cov-public-streets","type":"Residential"},"geometry":{"type":"LineString","coordinates":[[-123.095,49.2674191],[-123.0950616,49.2672628],[-123.095085,49.2671929],[-123.0951042,49.2670984],[-123.0951099,49.267]]}},{"type":"Feature","properties":{"name":"MILROSS AV","class":"Residential","width":9,"source":"cov-public-streets","type":"Residential"},"geometry":{"type":"LineString","coordinates":[[-123.1020792,49.2760705],[-123.1019709,49.2760786],[-123.100728,49.2760563]]}},{"type":"Feature","properties":{"name":"400-700 INDUSTRIAL AV","class":"Residential","width":9,"source":"cov-public-streets","type":"Residential"},"geometry":{"type":"LineString","coordinates":[[-123.0964049,49.2695983],[-123.095,49.2693615]]}},{"type":"Feature","properties":{"name":"W 1ST AV","class":"Residential","width":9,"source":"cov-public-streets","type":"Residential"},"geometry":{"type":"LineString","coordinates":[[-123.1108176,49.2697952],[-123.1123818,49.2690268]]}},{"type":"Feature","properties":{"name":"ALBERTA ST","class":"Residential","width":9,"source":"cov-public-streets","type":"Residential"},"geometry":{"type":"LineString","coordinates":[[-123.1107731,49.2674973],[-123.1107926,49.2670453]]}},{"type":"Feature","properties":{"name":"GEORGIA VIADUCT","class":"Arterial","width":18,"source":"cov-public-streets","type":"Arterial"},"geometry":{"type":"LineString","coordinates":[[-123.1033806,49.2771601],[-123.108167,49.2772798],[-123.1085076,49.2773078],[-123.1087119,49.277331],[-123.1089149,49.2773587],[-123.1091162,49.2773911],[-123.1093157,49.2774281],[-123.1095131,49.2774696],[-123.1097082,49.2775156],[-123.1099007,49.2775661],[-123.1100903,49.2776209],[-123.110277,49.2776799],[-123.1104604,49.2777432],[-123.110783,49.2778845],[-123.1110301,49.2780023],[-123.1113886,49.2781895],[-123.1116987,49.2783669]]}},{"type":"Feature","properties":{"name":"GREENCHAIN","class":"Residential","width":9,"source":"cov-public-streets","type":"Residential"},"geometry":{"type":"LineString","coordinates":[[-123.1218624,49.2680669],[-123.122345,49.2678324],[-123.1220885,49.2673859]]}},{"type":"Feature","properties":{"name":"TRAFALGAR ST","class":"Residential","width":9,"source":"cov-public-streets","type":"Residential"},"geometry":{"type":"LineString","coordinates":[[-123.1643786,49.272247],[-123.1643914,49.2718821]]}},{"type":"Feature","properties":{"name":"E 1ST AV","class":"Residential","width":9,"source":"cov-public-streets","type":"Residential"},"geometry":{"type":"LineString","coordinates":[[-123.1006575,49.2701172],[-123.1004503,49.2701135],[-123.0988302,49.2692168]]}},{"type":"Feature","properties":{"name":"E 3RD AV","class":"Residential","width":9,"source":"cov-public-streets","type":"Residential"},"geometry":{"type":"LineString","coordinates":[[-123.1007371,49.2682182],[-123.1001739,49.268208]]}},{"type":"Feature","properties":{"name":"W 4TH AV","class":"Arterial","width":18,"source":"cov-public-streets","type":"Arterial"},"geometry":{"type":"LineString","coordinates":[[-123.1456455,49.2680267],[-123.1479666,49.2680536]]}},{"type":"Feature","properties":{"name":"700-800 PACIFIC BOULEVARD","class":"Arterial","width":18,"source":"cov-public-streets","type":"Arterial"},"geometry":{"type":"LineString","coordinates":[[-123.108987,49.2766806],[-123.1092224,49.276602],[-123.1093896,49.2765403],[-123.1095535,49.2764748],[-123.1097137,49.2764056],[-123.1098702,49.2763329],[-123.1115334,49.2755183],[-123.112689,49.2749933],[-123.1130039,49.2748537]]}},{"type":"Feature","properties":{"name":"CARRALL ST","class":"Residential","width":9,"source":"cov-public-streets","type":"Residential"},"geometry":{"type":"LineString","coordinates":[[-123.1061475,49.2780554],[-123.1062132,49.2779655],[-123.1062667,49.2778722],[-123.1063076,49.2777762],[-123.1063309,49.2776979],[-123.106343,49.2776386],[-123.1063499,49.2775835],[-123.1063808,49.2770958]]}},{"type":"Feature","properties":{"name":"W PENDER ST","class":"Arterial","width":18,"source":"cov-public-streets","type":"Arterial"},"geometry":{"type":"LineString","coordinates":[[-123.1043865,49.2804993],[-123.1049246,49.2805969]]}},{"type":"Feature","properties":{"name":"W PENDER ST","class":"Arterial","width":18,"source":"cov-public-streets","type":"Arterial"},"geometry":{"type":"LineString","coordinates":[[-123.1057699,49.2807502],[-123.1075727,49.2810782]]}},{"type":"Feature","properties":{"name":"W 5TH AV","class":"Residential","width":9,"source":"cov-public-streets","type":"Residential"},"geometry":{"type":"LineString","coordinates":[[-123.1498339,49.2672249],[-123.150399,49.2672353]]}},{"type":"Feature","properties":{"name":"MAPLE ST","class":"Residential","width":9,"source":"cov-public-streets","type":"Residential"},"geometry":{"type":"LineString","coordinates":[[-123.1503823,49.2676736],[-123.150399,49.2672353]]}},{"type":"Feature","properties":{"name":"MAPLE ST","class":"Residential","width":9,"source":"cov-public-streets","type":"Residential"},"geometry":{"type":"LineString","coordinates":[[-123.1503487,49.2685349],[-123.1503658,49.2680926]]}},{"type":"Feature","properties":{"name":"BURRARD ST","class":"Arterial","width":18,"source":"cov-public-streets","type":"Arterial"},"geometry":{"type":"LineString","coordinates":[[-123.145632,49.2684613],[-123.1456455,49.2680267]]}},{"type":"Feature","properties":{"name":"CHESTNUT ST","class":"Residential","width":9,"source":"cov-public-streets","type":"Residential"},"geometry":{"type":"LineString","coordinates":[[-123.1462562,49.2753114],[-123.1462743,49.2748702]]}},{"type":"Feature","properties":{"name":"YEW ST","class":"Residential","width":9,"source":"cov-public-streets","type":"Residential"},"geometry":{"type":"LineString","coordinates":[[-123.1549723,49.2725785],[-123.1549879,49.2721372]]}},{"type":"Feature","properties":{"name":"MAIN ST","class":"Arterial","width":18,"source":"cov-public-streets","type":"Arterial"},"geometry":{"type":"LineString","coordinates":[[-123.0995671,49.2831895],[-123.0996065,49.2822849]]}},{"type":"Feature","properties":{"name":"DAVIE ST","class":"Arterial","width":18,"source":"cov-public-streets","type":"Arterial"},"geometry":{"type":"LineString","coordinates":[[-123.1271902,49.2777921],[-123.1276757,49.2781062]]}},{"type":"Feature","properties":{"name":"W 3RD AV","class":"Residential","width":9,"source":"cov-public-streets","type":"Residential"},"geometry":{"type":"LineString","coordinates":[[-123.1408259,49.2688219],[-123.1431954,49.2688604]]}},{"type":"Feature","properties":{"name":"SMITHE ST","class":"Arterial","width":18,"source":"cov-public-streets","type":"Arterial"},"geometry":{"type":"LineString","coordinates":[[-123.1180022,49.2780978],[-123.1184876,49.2784122]]}},{"type":"Feature","properties":{"name":"W GEORGIA ST","class":"Arterial","width":18,"source":"cov-public-streets","type":"Arterial"},"geometry":{"type":"LineString","coordinates":[[-123.1122736,49.2787098],[-123.113245,49.2793384]]}},{"type":"Feature","properties":{"name":"GORE AV","class":"Residential","width":9,"source":"cov-public-streets","type":"Residential"},"geometry":{"type":"LineString","coordinates":[[-123.0976069,49.2822475],[-123.0975442,49.2817942]]}},{"type":"Feature","properties":{"name":"500-600 BEACH CRESCENT","class":"Residential","width":9,"source":"cov-public-streets","type":"Residential"},"geometry":{"type":"LineString","coordinates":[[-123.1298159,49.2734338],[-123.1308614,49.2741078]]}},{"type":"Feature","properties":{"name":"KEEFER PLACE","class":"Arterial","width":18,"source":"cov-public-streets","type":"Arterial"},"geometry":{"type":"LineString","coordinates":[[-123.1061381,49.2794678],[-123.1076172,49.2797071]]}},{"type":"Feature","properties":{"name":"CARRALL ST","class":"Arterial","width":18,"source":"cov-public-streets","type":"Arterial"},"geometry":{"type":"LineString","coordinates":[[-123.1044041,49.2800816],[-123.1044394,49.2792457]]}},{"type":"Feature","properties":{"name":"KEEFER ST","class":"Arterial","width":18,"source":"cov-public-streets","type":"Arterial"},"geometry":{"type":"LineString","coordinates":[[-123.102216,49.2792735],[-123.1012258,49.2795092],[-123.1004811,49.2794953]]}},{"type":"Feature","properties":{"name":"W CORDOVA ST","class":"Arterial","width":18,"source":"cov-public-streets","type":"Arterial"},"geometry":{"type":"LineString","coordinates":[[-123.1099524,49.2840581],[-123.1101162,49.2841637]]}},{"type":"Feature","properties":{"name":"1100-1300 QUEBEC ST","class":"Secondary Arterial","width":14,"source":"cov-public-streets","type":"Secondary Arterial"},"geometry":{"type":"LineString","coordinates":[[-123.1019214,49.2749545],[-123.1017078,49.2740287],[-123.1017072,49.2737304],[-123.1017281,49.273016]]}},{"type":"Feature","properties":{"name":"PACIFIC ST","class":"Arterial","width":18,"source":"cov-public-streets","type":"Arterial"},"geometry":{"type":"LineString","coordinates":[[-123.12748,49.2737347],[-123.1279569,49.2740534]]}},{"type":"Feature","properties":{"name":"E CORDOVA ST","class":"Arterial","width":18,"source":"cov-public-streets","type":"Arterial"},"geometry":{"type":"LineString","coordinates":[[-123.1003583,49.2822992],[-123.0996065,49.2822849]]}},{"type":"Feature","properties":{"name":"W CORDOVA ST","class":"Arterial","width":18,"source":"cov-public-streets","type":"Arterial"},"geometry":{"type":"LineString","coordinates":[[-123.1128845,49.2859566],[-123.1138666,49.2866168]]}},{"type":"Feature","properties":{"name":"DUNSMUIR ST","class":"Arterial","width":18,"source":"cov-public-streets","type":"Arterial"},"geometry":{"type":"LineString","coordinates":[[-123.1159062,49.2832967],[-123.1164117,49.283624]]}},{"type":"Feature","properties":{"name":"DUNSMUIR ST","class":"Arterial","width":18,"source":"cov-public-streets","type":"Arterial"},"geometry":{"type":"LineString","coordinates":[[-123.1178897,49.2845797],[-123.1183743,49.284894]]}},{"type":"Feature","properties":{"name":"1000-1100 BUTE ST","class":"Residential","width":9,"source":"cov-public-streets","type":"Residential"},"geometry":{"type":"LineString","coordinates":[[-123.1312326,49.2831905],[-123.1317645,49.2828386]]}},{"type":"Feature","properties":{"name":"BURRARD ST","class":"Arterial","width":18,"source":"cov-public-streets","type":"Arterial"},"geometry":{"type":"LineString","coordinates":[[-123.1183098,49.2862709],[-123.1193949,49.285554]]}},{"type":"Feature","properties":{"name":"HOMER ST","class":"Arterial","width":18,"source":"cov-public-streets","type":"Arterial"},"geometry":{"type":"LineString","coordinates":[[-123.1119139,49.282761],[-123.1123944,49.282443]]}},{"type":"Feature","properties":{"name":"RICHARDS ST","class":"Arterial","width":18,"source":"cov-public-streets","type":"Arterial"},"geometry":{"type":"LineString","coordinates":[[-123.1128853,49.283389],[-123.1133653,49.2830716]]}},{"type":"Feature","properties":{"name":"ROBSON ST","class":"Arterial","width":18,"source":"cov-public-streets","type":"Arterial"},"geometry":{"type":"LineString","coordinates":[[-123.1299287,49.2879141],[-123.1311062,49.2886765]]}},{"type":"Feature","properties":{"name":"NICOLA ST","class":"Residential","width":9,"source":"cov-public-streets","type":"Residential"},"geometry":{"type":"LineString","coordinates":[[-123.1390802,49.2833992],[-123.1396118,49.2830473]]}},{"type":"Feature","properties":{"name":"TROUNCE ALLEY","class":"Residential","width":9,"source":"cov-public-streets","type":"Residential"},"geometry":{"type":"LineString","coordinates":[[-123.1047802,49.2830618],[-123.105453,49.2831845]]}},{"type":"Feature","properties":{"name":"DUNSMUIR VIADUCT","class":"Arterial","width":18,"source":"cov-public-streets","type":"Arterial"},"geometry":{"type":"LineString","coordinates":[[-123.099817,49.2775637],[-123.1000149,49.2775673],[-123.1007177,49.2775545],[-123.1014024,49.2775304],[-123.1017334,49.2775115],[-123.1022594,49.277494],[-123.1034709,49.2774348]]}},{"type":"Feature","properties":{"name":"W PENDER ST","class":"Arterial","width":18,"source":"cov-public-streets","type":"Arterial"},"geometry":{"type":"LineString","coordinates":[[-123.1233727,49.2883916],[-123.1255217,49.2890271]]}},{"type":"Feature","properties":{"name":"JERVIS ST","class":"Arterial","width":18,"source":"cov-public-streets","type":"Arterial"},"geometry":{"type":"LineString","coordinates":[[-123.1257427,49.2888808],[-123.1262764,49.2885278]]}},{"type":"Feature","properties":{"name":"SMITHE ST","class":"Arterial","width":18,"source":"cov-public-streets","type":"Arterial"},"geometry":{"type":"LineString","coordinates":[[-123.114751,49.2757904],[-123.1148526,49.2760434],[-123.1150824,49.2762164],[-123.1154249,49.2764845],[-123.1155765,49.2765266]]}},{"type":"Feature","properties":{"name":"1200-1300 CARDERO ST","class":"Residential","width":9,"source":"cov-public-streets","type":"Residential"},"geometry":{"type":"LineString","coordinates":[[-123.139728,49.2845148],[-123.1402592,49.2841628]]}},{"type":"Feature","properties":{"name":"1000-1100 JERVIS ST","class":"Residential","width":9,"source":"cov-public-streets","type":"Residential"},"geometry":{"type":"LineString","coordinates":[[-123.133336,49.2838562],[-123.1338743,49.2835068]]}},{"type":"Feature","properties":{"name":"1000-1100 CHILCO ST","class":"Residential","width":9,"source":"cov-public-streets","type":"Residential"},"geometry":{"type":"LineString","coordinates":[[-123.1426328,49.2905692],[-123.1431634,49.2902177]]}},{"type":"Feature","properties":{"name":"CHILCO ST","class":"Residential","width":9,"source":"cov-public-streets","type":"Residential"},"geometry":{"type":"LineString","coordinates":[[-123.1383826,49.2933855],[-123.1389239,49.2930373]]}},{"type":"Feature","properties":{"name":"PACIFIC BOULEVARD","class":"Arterial","width":18,"source":"cov-public-streets","type":"Arterial"},"geometry":{"type":"LineString","coordinates":[[-123.119971,49.2744039],[-123.121378,49.2740276]]}},{"type":"Feature","properties":{"name":"CAMBIE BRIDGE","class":"Arterial","width":18,"source":"cov-public-streets","type":"Arterial"},"geometry":{"type":"LineString","coordinates":[[-123.1148891,49.2695526],[-123.1150367,49.2689898],[-123.1150585,49.2688682],[-123.1151056,49.2674355],[-123.1151021,49.2672813],[-123.1151113,49.2671359],[-123.1151237,49.2670692],[-123.1151421,49.267]]}},{"type":"Feature","properties":{"name":"GRANVILLE BRIDGE","class":"Arterial","width":18,"source":"cov-public-streets","type":"Arterial"},"geometry":{"type":"MultiLineString","coordinates":[[[-123.1391076,49.2679102],[-123.1392261,49.2678893],[-123.1393449,49.2678605],[-123.1394666,49.2678222],[-123.1395726,49.2677807],[-123.1396784,49.26773],[-123.1397859,49.2676672],[-123.1398828,49.2675974],[-123.1399151,49.2675565],[-123.1399374,49.2675213],[-123.1399546,49.2674866],[-123.1399689,49.2674481],[-123.1399779,49.2674111],[-123.1399828,49.2673702],[-123.1399826,49.2673321],[-123.1399773,49.2672911],[-123.1399665,49.26725],[-123.1399524,49.2672137],[-123.139932,49.2671749],[-123.1399058,49.2671361],[-123.1398754,49.2670999],[-123.1398258,49.2670534],[-123.1397371,49.267]],[[-123.1386998,49.267],[-123.1384203,49.2671664]]]}},{"type":"Feature","properties":{"name":"BALSAM ST","class":"Residential","width":9,"source":"cov-public-streets","type":"Residential"},"geometry":{"type":"LineString","coordinates":[[-123.1597114,49.2726542],[-123.1597272,49.2722125]]}},{"type":"Feature","properties":{"name":"VINE ST","class":"Residential","width":9,"source":"cov-public-streets","type":"Residential"},"geometry":{"type":"LineString","coordinates":[[-123.1574231,49.2704116],[-123.1574393,49.2699708]]}},{"type":"Feature","properties":{"name":"E 3RD AV","class":"Residential","width":9,"source":"cov-public-streets","type":"Residential"},"geometry":{"type":"LineString","coordinates":[[-123.1046764,49.2682898],[-123.1027408,49.2682551]]}},{"type":"Feature","properties":{"name":"E 4TH AV","class":"Residential","width":9,"source":"cov-public-streets","type":"Residential"},"geometry":{"type":"LineString","coordinates":[[-123.1047136,49.2673858],[-123.1027788,49.2673506]]}},{"type":"Feature","properties":{"name":"E HASTINGS ST","class":"Arterial","width":18,"source":"cov-public-streets","type":"Arterial"},"geometry":{"type":"LineString","coordinates":[[-123.0996488,49.2813357],[-123.098901,49.2813216]]}},{"type":"Feature","properties":{"name":"CARRALL ST","class":"Arterial","width":18,"source":"cov-public-streets","type":"Arterial"},"geometry":{"type":"LineString","coordinates":[[-123.1043865,49.2804993],[-123.1044041,49.2800816]]}},{"type":"Feature","properties":{"name":"PRIOR ST","class":"Residential","width":9,"source":"cov-public-streets","type":"Residential"},"geometry":{"type":"LineString","coordinates":[[-123.1006039,49.2767812],[-123.0998475,49.2767664]]}},{"type":"Feature","properties":{"name":"CAMBIE ST","class":"Arterial","width":18,"source":"cov-public-streets","type":"Arterial"},"geometry":{"type":"LineString","coordinates":[[-123.110884,49.280901],[-123.1115363,49.2804692]]}},{"type":"Feature","properties":{"name":"COLUMBIA ST","class":"Residential","width":9,"source":"cov-public-streets","type":"Residential"},"geometry":{"type":"LineString","coordinates":[[-123.1094231,49.2683761],[-123.1094259,49.2679236]]}},{"type":"Feature","properties":{"name":"E 1ST AV","class":"Residential","width":9,"source":"cov-public-streets","type":"Residential"},"geometry":{"type":"LineString","coordinates":[[-123.1026621,49.2701536],[-123.10257,49.270152]]}},{"type":"Feature","properties":{"name":"TERMINAL AV","class":"Arterial","width":18,"source":"cov-public-streets","type":"Arterial"},"geometry":{"type":"LineString","coordinates":[[-123.0993458,49.2726706],[-123.098645,49.272562]]}},{"type":"Feature","properties":{"name":"LARCH ST","class":"Residential","width":9,"source":"cov-public-streets","type":"Residential"},"geometry":{"type":"LineString","coordinates":[[-123.1620642,49.2731327],[-123.1620806,49.2726918]]}},{"type":"Feature","properties":{"name":"PINE ST","class":"Residential","width":9,"source":"cov-public-streets","type":"Residential"},"geometry":{"type":"LineString","coordinates":[[-123.1431786,49.2693011],[-123.1431954,49.2688604]]}},{"type":"Feature","properties":{"name":"ST. REGIS LANE","class":"Residential","width":9,"source":"cov-public-streets","type":"Residential"},"geometry":{"type":"LineString","coordinates":[[-123.1164005,49.2829696],[-123.1166892,49.2827787]]}},{"type":"Feature","properties":{"name":"700-800 EXPO BOULEVARD","class":"Arterial","width":18,"source":"cov-public-streets","type":"Arterial"},"geometry":{"type":"LineString","coordinates":[[-123.1104781,49.2778784],[-123.1108194,49.2778419]]}},{"type":"Feature","properties":{"name":"LARCH ST","class":"Residential","width":9,"source":"cov-public-streets","type":"Residential"},"geometry":{"type":"LineString","coordinates":[[-123.1622114,49.2691631],[-123.162228,49.2687165]]}},{"type":"Feature","properties":{"name":"W PENDER ST","class":"Arterial","width":18,"source":"cov-public-streets","type":"Arterial"},"geometry":{"type":"LineString","coordinates":[[-123.1178287,49.2865884],[-123.1183371,49.2869133],[-123.1204069,49.2875203]]}},{"type":"Feature","properties":{"name":"ALBERTA ST","class":"Residential","width":9,"source":"cov-public-streets","type":"Residential"},"geometry":{"type":"LineString","coordinates":[[-123.110734,49.2684],[-123.1107474,49.2680952]]}},{"type":"Feature","properties":{"name":"MAIN ST","class":"Arterial","width":18,"source":"cov-public-streets","type":"Arterial"},"geometry":{"type":"LineString","coordinates":[[-123.0997293,49.2794815],[-123.0997713,49.2786222]]}},{"type":"Feature","properties":{"name":"TRAFALGAR ST","class":"Residential","width":9,"source":"cov-public-streets","type":"Residential"},"geometry":{"type":"LineString","coordinates":[[-123.16444,49.2705215],[-123.1644549,49.2700955]]}},{"type":"Feature","properties":{"name":"CYPRESS ST","class":"Residential","width":9,"source":"cov-public-streets","type":"Residential"},"geometry":{"type":"LineString","coordinates":[[-123.1479184,49.2693767],[-123.1479335,49.2689361]]}},{"type":"Feature","properties":{"name":"CYPRESS ST","class":"Residential","width":9,"source":"cov-public-streets","type":"Residential"},"geometry":{"type":"LineString","coordinates":[[-123.1479666,49.2680536],[-123.1479827,49.2676349]]}},{"type":"Feature","properties":{"name":"MAPLE ST","class":"Residential","width":9,"source":"cov-public-streets","type":"Residential"},"geometry":{"type":"LineString","coordinates":[[-123.1503658,49.2680926],[-123.1503823,49.2676736]]}},{"type":"Feature","properties":{"name":"YEW ST","class":"Residential","width":9,"source":"cov-public-streets","type":"Residential"},"geometry":{"type":"LineString","coordinates":[[-123.1551026,49.2690508],[-123.1551188,49.2686097]]}},{"type":"Feature","properties":{"name":"NELSON ST","class":"Arterial","width":18,"source":"cov-public-streets","type":"Arterial"},"geometry":{"type":"LineString","coordinates":[[-123.1205649,49.2776726],[-123.1210501,49.2779874]]}},{"type":"Feature","properties":{"name":"DAVIE ST","class":"Arterial","width":18,"source":"cov-public-streets","type":"Arterial"},"geometry":{"type":"LineString","coordinates":[[-123.1261986,49.2771505],[-123.1267049,49.2774781]]}},{"type":"Feature","properties":{"name":"HORNBY ST","class":"Arterial","width":18,"source":"cov-public-streets","type":"Arterial"},"geometry":{"type":"LineString","coordinates":[[-123.128161,49.2784201],[-123.1297551,49.2773656]]}},{"type":"Feature","properties":{"name":"RICHARDS ST","class":"Arterial","width":18,"source":"cov-public-streets","type":"Arterial"},"geometry":{"type":"LineString","coordinates":[[-123.1194579,49.2790405],[-123.1210501,49.2779874]]}},{"type":"Feature","properties":{"name":"NELSON ST","class":"Arterial","width":18,"source":"cov-public-streets","type":"Arterial"},"geometry":{"type":"LineString","coordinates":[[-123.1230138,49.2792582],[-123.1235197,49.2795859]]}},{"type":"Feature","properties":{"name":"1000-1100 THURLOW ST","class":"Arterial","width":18,"source":"cov-public-streets","type":"Arterial"},"geometry":{"type":"LineString","coordinates":[[-123.129602,49.2814381],[-123.1301331,49.2810867]]}},{"type":"Feature","properties":{"name":"W HASTINGS ST","class":"Arterial","width":18,"source":"cov-public-streets","type":"Arterial"},"geometry":{"type":"LineString","coordinates":[[-123.1170235,49.2871228],[-123.1197838,49.2879334]]}},{"type":"Feature","properties":{"name":"W HASTINGS ST","class":"Arterial","width":18,"source":"cov-public-streets","type":"Arterial"},"geometry":{"type":"LineString","coordinates":[[-123.1148572,49.2859499],[-123.1158273,49.2865772]]}},{"type":"Feature","properties":{"name":"W GEORGIA ST","class":"Arterial","width":18,"source":"cov-public-streets","type":"Arterial"},"geometry":{"type":"LineString","coordinates":[[-123.1200827,49.2837645],[-123.1205681,49.2840785]]}},{"type":"Feature","properties":{"name":"DUNSMUIR ST","class":"Arterial","width":18,"source":"cov-public-streets","type":"Arterial"},"geometry":{"type":"LineString","coordinates":[[-123.1183743,49.284894],[-123.1188599,49.2852084]]}},{"type":"Feature","properties":{"name":"JERVIS ST","class":"Residential","width":9,"source":"cov-public-streets","type":"Residential"},"geometry":{"type":"LineString","coordinates":[[-123.1365339,49.2817461],[-123.137064,49.2813933]]}},{"type":"Feature","properties":{"name":"PENDRELL ST","class":"Residential","width":9,"source":"cov-public-streets","type":"Residential"},"geometry":{"type":"LineString","coordinates":[[-123.137602,49.2859222],[-123.1391747,49.2869396]]}},{"type":"Feature","properties":{"name":"HORNBY ST","class":"Arterial","width":18,"source":"cov-public-streets","type":"Arterial"},"geometry":{"type":"LineString","coordinates":[[-123.1249743,49.2805281],[-123.125632,49.280093]]}},{"type":"Feature","properties":{"name":"YORK AV","class":"Residential","width":9,"source":"cov-public-streets","type":"Residential"},"geometry":{"type":"LineString","coordinates":[[-123.1478361,49.2715805],[-123.1502359,49.2716192]]}},{"type":"Feature","properties":{"name":"CYPRESS ST","class":"Residential","width":9,"source":"cov-public-streets","type":"Residential"},"geometry":{"type":"LineString","coordinates":[[-123.147711,49.2748929],[-123.1477275,49.2744519]]}},{"type":"Feature","properties":{"name":"BROUGHTON ST","class":"Residential","width":9,"source":"cov-public-streets","type":"Residential"},"geometry":{"type":"LineString","coordinates":[[-123.1325872,49.286154],[-123.1331179,49.285802]]}},{"type":"Feature","properties":{"name":"HARWOOD ST","class":"Residential","width":9,"source":"cov-public-streets","type":"Residential"},"geometry":{"type":"LineString","coordinates":[[-123.1354855,49.280376],[-123.137064,49.2813933]]}},{"type":"Feature","properties":{"name":"BURRARD ST","class":"Arterial","width":18,"source":"cov-public-streets","type":"Arterial"},"geometry":{"type":"LineString","coordinates":[[-123.1220564,49.2837935],[-123.1222705,49.2836519]]}},{"type":"Feature","properties":{"name":"THURLOW ST","class":"Arterial","width":18,"source":"cov-public-streets","type":"Arterial"},"geometry":{"type":"LineString","coordinates":[[-123.12482,49.284602],[-123.1253482,49.2842526]]}},{"type":"Feature","properties":{"name":"W PENDER ST","class":"Arterial","width":18,"source":"cov-public-streets","type":"Arterial"},"geometry":{"type":"LineString","coordinates":[[-123.127406,49.2895843],[-123.1290251,49.2900537]]}},{"type":"Feature","properties":{"name":"JERVIS ST","class":"Arterial","width":18,"source":"cov-public-streets","type":"Arterial"},"geometry":{"type":"LineString","coordinates":[[-123.1255217,49.2890271],[-123.1257427,49.2888808]]}},{"type":"Feature","properties":{"name":"CAMBIE ST","class":"Arterial","width":18,"source":"cov-public-streets","type":"Arterial"},"geometry":{"type":"LineString","coordinates":[[-123.1165452,49.277156],[-123.1181308,49.2761046]]}},{"type":"Feature","properties":{"name":"BURNABY ST","class":"Residential","width":9,"source":"cov-public-streets","type":"Residential"},"geometry":{"type":"LineString","coordinates":[[-123.1413011,49.2855329],[-123.1424905,49.2863025]]}},{"type":"Feature","properties":{"name":"NICOLA ST","class":"Residential","width":9,"source":"cov-public-streets","type":"Residential"},"geometry":{"type":"LineString","coordinates":[[-123.136954,49.2848061],[-123.1374857,49.2844547]]}},{"type":"Feature","properties":{"name":"CARDERO ST","class":"Residential","width":9,"source":"cov-public-streets","type":"Residential"},"geometry":{"type":"LineString","coordinates":[[-123.1413268,49.2834585],[-123.1418542,49.2831071]]}},{"type":"Feature","properties":{"name":"1200-1300 CARDERO ST","class":"Residential","width":9,"source":"cov-public-streets","type":"Residential"},"geometry":{"type":"LineString","coordinates":[[-123.1402592,49.2841628],[-123.1407944,49.2838124]]}},{"type":"Feature","properties":{"name":"NELSON ST","class":"Residential","width":9,"source":"cov-public-streets","type":"Residential"},"geometry":{"type":"LineString","coordinates":[[-123.1370495,49.2883481],[-123.1375901,49.2886981]]}},{"type":"Feature","properties":{"name":"OGDEN AV","class":"Residential","width":9,"source":"cov-public-streets","type":"Residential"},"geometry":{"type":"LineString","coordinates":[[-123.148309,49.2769335],[-123.1500226,49.2772321]]}},{"type":"Feature","properties":{"name":"HARO ST","class":"Residential","width":9,"source":"cov-public-streets","type":"Residential"},"geometry":{"type":"LineString","coordinates":[[-123.1380696,49.2917911],[-123.1394459,49.2926809]]}},{"type":"Feature","properties":{"name":"1600-1700 BAYSHORE DRIVE","class":"Residential","width":9,"source":"cov-public-streets","type":"Residential"},"geometry":{"type":"LineString","coordinates":[[-123.1292888,49.2914283],[-123.1303776,49.2921329],[-123.1304302,49.2921558],[-123.130484,49.29217],[-123.1305461,49.2921776],[-123.1306093,49.2921766]]}},{"type":"Feature","properties":{"name":"DAVIE ST","class":"Arterial","width":18,"source":"cov-public-streets","type":"Arterial"},"geometry":{"type":"LineString","coordinates":[[-123.1232664,49.2752517],[-123.1237512,49.2755658]]}},{"type":"Feature","properties":{"name":"BEACH AV","class":"Arterial","width":18,"source":"cov-public-streets","type":"Arterial"},"geometry":{"type":"LineString","coordinates":[[-123.1313343,49.2744142],[-123.1318193,49.2747284]]}},{"type":"Feature","properties":{"name":"HOWE ST","class":"Residential","width":9,"source":"cov-public-streets","type":"Residential"},"geometry":{"type":"LineString","coordinates":[[-123.1318193,49.2747284],[-123.132649,49.2741792]]}},{"type":"Feature","properties":{"name":"800-900 DENMAN ST","class":"Arterial","width":18,"source":"cov-public-streets","type":"Arterial"},"geometry":{"type":"LineString","coordinates":[[-123.1364961,49.2907731],[-123.1370274,49.2904212]]}},{"type":"Feature","properties":{"name":"HARWOOD ST","class":"Residential","width":9,"source":"cov-public-streets","type":"Residential"},"geometry":{"type":"LineString","coordinates":[[-123.1313092,49.2776719],[-123.1333237,49.2789771]]}},{"type":"Feature","properties":{"name":"DAVIE ST","class":"Arterial","width":18,"source":"cov-public-streets","type":"Arterial"},"geometry":{"type":"LineString","coordinates":[[-123.131197,49.2803841],[-123.1333593,49.2817832]]}},{"type":"Feature","properties":{"name":"1400-1500 QUEBEC ST","class":"Arterial","width":18,"source":"cov-public-streets","type":"Arterial"},"geometry":{"type":"LineString","coordinates":[[-123.1017281,49.273016],[-123.1017751,49.2724562],[-123.1017958,49.2723081],[-123.1018162,49.27221],[-123.1018418,49.2721123],[-123.1018726,49.2720153],[-123.1019152,49.2719032]]}},{"type":"Feature","properties":{"name":"RAILWAY ST","class":"Residential","width":9,"source":"cov-public-streets","type":"Residential"},"geometry":{"type":"LineString","coordinates":[[-123.0952277,49.2848719],[-123.095,49.2848957]]}},{"type":"Feature","properties":{"name":"DUNLEVY AV","class":"Residential","width":9,"source":"cov-public-streets","type":"Residential"},"geometry":{"type":"LineString","coordinates":[[-123.0953223,49.2826579],[-123.0953413,49.2822063]]}},{"type":"Feature","properties":{"name":"FOUNDRY QUAY","class":"Residential","width":9,"source":"cov-public-streets","type":"Residential"},"geometry":{"type":"LineString","coordinates":[[-123.1300749,49.2678862],[-123.1304193,49.2678928],[-123.1304331,49.2675349]]}},{"type":"Feature","properties":{"name":"SCHOOL GREEN","class":"Residential","width":9,"source":"cov-public-streets","type":"Residential"},"geometry":{"type":"LineString","coordinates":[[-123.1263056,49.2674107],[-123.1263179,49.2670769],[-123.1263323,49.267]]}},{"type":"Feature","properties":{"name":"CAMBIE ST","class":"Residential","width":9,"source":"cov-public-streets","type":"Residential"},"geometry":{"type":"LineString","coordinates":[[-123.1188035,49.2752816],[-123.1191397,49.2748564],[-123.1191748,49.2748056],[-123.1192131,49.2747375],[-123.1192394,49.2746761],[-123.1192796,49.2745179]]}},{"type":"Feature","properties":{"name":"800-900 W CORDOVA ST","class":"Arterial","width":18,"source":"cov-public-streets","type":"Arterial"},"geometry":{"type":"LineString","coordinates":[[-123.1138666,49.2866168],[-123.1142828,49.2869126],[-123.1144481,49.2870039],[-123.1145903,49.2870708],[-123.1155986,49.2874761],[-123.1159435,49.2876006],[-123.116093,49.2876298],[-123.1162355,49.2876434]]}},{"type":"Feature","properties":{"name":"NELSON ST","class":"Arterial","width":18,"source":"cov-public-streets","type":"Arterial"},"geometry":{"type":"LineString","coordinates":[[-123.1195259,49.2769999],[-123.1200802,49.2773582]]}},{"type":"Feature","properties":{"name":"SMITHE ST","class":"Arterial","width":18,"source":"cov-public-streets","type":"Arterial"},"geometry":{"type":"LineString","coordinates":[[-123.1170321,49.277471],[-123.117382,49.2776959]]}},{"type":"Feature","properties":{"name":"HELMCKEN ST","class":"Arterial","width":18,"source":"cov-public-streets","type":"Arterial"},"geometry":{"type":"LineString","coordinates":[[-123.1251128,49.2785317],[-123.1255982,49.2788456]]}},{"type":"Feature","properties":{"name":"HELMCKEN ST","class":"Arterial","width":18,"source":"cov-public-streets","type":"Arterial"},"geometry":{"type":"LineString","coordinates":[[-123.1270547,49.2797874],[-123.1275894,49.2801332]]}},{"type":"Feature","properties":{"name":"HOMER ST","class":"Arterial","width":18,"source":"cov-public-streets","type":"Arterial"},"geometry":{"type":"LineString","coordinates":[[-123.1134782,49.2817261],[-123.115187,49.2805965]]}},{"type":"Feature","properties":{"name":"SEYMOUR ST","class":"Arterial","width":18,"source":"cov-public-streets","type":"Arterial"},"geometry":{"type":"LineString","coordinates":[[-123.1171288,49.2818529],[-123.1188364,49.2807227]]}},{"type":"Feature","properties":{"name":"HOWE ST","class":"Arterial","width":18,"source":"cov-public-streets","type":"Arterial"},"geometry":{"type":"LineString","coordinates":[[-123.1224139,49.280953],[-123.1240047,49.2799]]}},{"type":"Feature","properties":{"name":"HORNBY ST","class":"Arterial","width":18,"source":"cov-public-streets","type":"Arterial"},"geometry":{"type":"LineString","coordinates":[[-123.1233829,49.2815806],[-123.1249743,49.2805281]]}},{"type":"Feature","properties":{"name":"BURRARD ST","class":"Arterial","width":18,"source":"cov-public-streets","type":"Arterial"},"geometry":{"type":"LineString","coordinates":[[-123.1275894,49.2801332],[-123.1286504,49.2794312]]}},{"type":"Feature","properties":{"name":"COLUMBIA ST","class":"Arterial","width":18,"source":"cov-public-streets","type":"Arterial"},"geometry":{"type":"LineString","coordinates":[[-123.1022158,49.282333],[-123.102234,49.2818815]]}},{"type":"Feature","properties":{"name":"W PENDER ST","class":"Arterial","width":18,"source":"cov-public-streets","type":"Arterial"},"geometry":{"type":"LineString","coordinates":[[-123.1099716,49.2815099],[-123.1109587,49.2821322]]}},{"type":"Feature","properties":{"name":"BEATTY ST","class":"Arterial","width":18,"source":"cov-public-streets","type":"Arterial"},"geometry":{"type":"LineString","coordinates":[[-123.1094834,49.2805574],[-123.1105509,49.2798506]]}},{"type":"Feature","properties":{"name":"BEATTY ST","class":"Arterial","width":18,"source":"cov-public-streets","type":"Arterial"},"geometry":{"type":"LineString","coordinates":[[-123.1105509,49.2798506],[-123.1122736,49.2787098]]}},{"type":"Feature","properties":{"name":"E HASTINGS ST","class":"Arterial","width":18,"source":"cov-public-streets","type":"Arterial"},"geometry":{"type":"LineString","coordinates":[[-123.1003997,49.28135],[-123.0996488,49.2813357]]}},{"type":"Feature","properties":{"name":"CORNWALL AV","class":"Arterial","width":18,"source":"cov-public-streets","type":"Arterial"},"geometry":{"type":"LineString","coordinates":[[-123.1463776,49.2724397],[-123.145177,49.2724221]]}},{"type":"Feature","properties":{"name":"800-900 BROUGHTON ST","class":"Residential","width":9,"source":"cov-public-streets","type":"Residential"},"geometry":{"type":"LineString","coordinates":[[-123.1315234,49.2868584],[-123.1320552,49.2865062]]}},{"type":"Feature","properties":{"name":"BUTE ST","class":"Arterial","width":18,"source":"cov-public-streets","type":"Arterial"},"geometry":{"type":"LineString","coordinates":[[-123.1264479,49.2863567],[-123.1269797,49.2860047]]}},{"type":"Feature","properties":{"name":"SEYMOUR ST","class":"Arterial","width":18,"source":"cov-public-streets","type":"Arterial"},"geometry":{"type":"LineString","coordinates":[[-123.1159148,49.2826555],[-123.1171288,49.2818529]]}},{"type":"Feature","properties":{"name":"BURRARD ST","class":"Arterial","width":18,"source":"cov-public-streets","type":"Arterial"},"geometry":{"type":"LineString","coordinates":[[-123.1454991,49.270661],[-123.1455212,49.2702188]]}},{"type":"Feature","properties":{"name":"CREELMAN AV","class":"Residential","width":9,"source":"cov-public-streets","type":"Residential"},"geometry":{"type":"LineString","coordinates":[[-123.1462935,49.2744285],[-123.146987,49.2744373]]}},{"type":"Feature","properties":{"name":"DUNSMUIR VIADUCT","class":"Arterial","width":18,"source":"cov-public-streets","type":"Arterial"},"geometry":{"type":"LineString","coordinates":[[-123.1034709,49.2774348],[-123.1045536,49.2774955],[-123.1048311,49.277515],[-123.1052778,49.2775559],[-123.1055121,49.2775832],[-123.1058467,49.277633],[-123.1060683,49.2776732],[-123.1062856,49.2777175],[-123.1065156,49.2777701],[-123.1067231,49.2778237],[-123.1070317,49.2779134],[-123.1072233,49.2779758],[-123.1074182,49.2780455],[-123.1075909,49.2781122],[-123.1078822,49.2782359],[-123.1081423,49.278358],[-123.1087862,49.2786954],[-123.1100013,49.2794908]]}},{"type":"Feature","properties":{"name":"DRAKE ST","class":"Arterial","width":18,"source":"cov-public-streets","type":"Arterial"},"geometry":{"type":"LineString","coordinates":[[-123.1253452,49.2745103],[-123.125831,49.274825]]}},{"type":"Feature","properties":{"name":"BEACH AV","class":"Arterial","width":18,"source":"cov-public-streets","type":"Arterial"},"geometry":{"type":"LineString","coordinates":[[-123.1327891,49.2753568],[-123.1338095,49.2760178]]}},{"type":"Feature","properties":{"name":"COMMODORE ROAD","class":"Residential","width":9,"source":"cov-public-streets","type":"Residential"},"geometry":{"type":"LineString","coordinates":[[-123.1147459,49.2682133],[-123.1148113,49.2681873],[-123.1152994,49.267928]]}},{"type":"Feature","properties":{"name":"GRANVILLE ST","class":"Arterial","width":18,"source":"cov-public-streets","type":"Arterial"},"geometry":{"type":"LineString","coordinates":[[-123.1308614,49.2741078],[-123.1317832,49.2734974]]}},{"type":"Feature","properties":{"name":"MCNICOLL AV","class":"Residential","width":9,"source":"cov-public-streets","type":"Residential"},"geometry":{"type":"LineString","coordinates":[[-123.1476621,49.2762163],[-123.148336,49.2762276]]}},{"type":"Feature","properties":{"name":"W 5TH AV","class":"Residential","width":9,"source":"cov-public-streets","type":"Residential"},"geometry":{"type":"LineString","coordinates":[[-123.1527985,49.2672739],[-123.1551679,49.2673114]]}},{"type":"Feature","properties":{"name":"W 3RD AV","class":"Residential","width":9,"source":"cov-public-streets","type":"Residential"},"geometry":{"type":"LineString","coordinates":[[-123.1383628,49.2687814],[-123.1390746,49.2687933]]}},{"type":"Feature","properties":{"name":"MAIN ST","class":"Arterial","width":18,"source":"cov-public-streets","type":"Arterial"},"geometry":{"type":"LineString","coordinates":[[-123.1007371,49.2682182],[-123.1007751,49.2673141]]}},{"type":"Feature","properties":{"name":"FIR ST","class":"Residential","width":9,"source":"cov-public-streets","type":"Residential"},"geometry":{"type":"LineString","coordinates":[[-123.1408424,49.2683758],[-123.1408584,49.2679401]]}},{"type":"Feature","properties":{"name":"BALSAM ST","class":"Residential","width":9,"source":"cov-public-streets","type":"Residential"},"geometry":{"type":"LineString","coordinates":[[-123.1597764,49.2708901],[-123.1597928,49.2704491]]}},{"type":"Feature","properties":{"name":"MORTON AV","class":"Residential","width":9,"source":"cov-public-streets","type":"Residential"},"geometry":{"type":"LineString","coordinates":[[-123.1424755,49.2883168],[-123.1428993,49.2885912]]}},{"type":"Feature","properties":{"name":"DENMAN ST","class":"Arterial","width":18,"source":"cov-public-streets","type":"Arterial"},"geometry":{"type":"LineString","coordinates":[[-123.1386213,49.2893654],[-123.1391528,49.2890132]]}},{"type":"Feature","properties":{"name":"GILFORD ST","class":"Residential","width":9,"source":"cov-public-streets","type":"Residential"},"geometry":{"type":"LineString","coordinates":[[-123.1364756,49.2928467],[-123.137007,49.2924949]]}},{"type":"Feature","properties":{"name":"GILFORD ST","class":"Residential","width":9,"source":"cov-public-streets","type":"Residential"},"geometry":{"type":"LineString","coordinates":[[-123.1391316,49.2910871],[-123.1396625,49.2907351]]}},{"type":"Feature","properties":{"name":"GILFORD ST","class":"Residential","width":9,"source":"cov-public-streets","type":"Residential"},"geometry":{"type":"LineString","coordinates":[[-123.1347556,49.2939879],[-123.1353178,49.2936156]]}},{"type":"Feature","properties":{"name":"CARDERO ST","class":"Residential","width":9,"source":"cov-public-streets","type":"Residential"},"geometry":{"type":"LineString","coordinates":[[-123.1328208,49.2890902],[-123.1333522,49.2887384]]}},{"type":"Feature","properties":{"name":"BARCLAY ST","class":"Residential","width":9,"source":"cov-public-streets","type":"Residential"},"geometry":{"type":"LineString","coordinates":[[-123.1332334,49.2872687],[-123.1344163,49.2880351]]}},{"type":"Feature","properties":{"name":"THURLOW ST","class":"Arterial","width":18,"source":"cov-public-streets","type":"Arterial"},"geometry":{"type":"LineString","coordinates":[[-123.1327921,49.2793288],[-123.1333237,49.2789771]]}},{"type":"Feature","properties":{"name":"MILLBANK","class":"Residential","width":9,"source":"cov-public-streets","type":"Residential"},"geometry":{"type":"LineString","coordinates":[[-123.1208619,49.2676474],[-123.1209474,49.2676796],[-123.1210315,49.2677206],[-123.1211073,49.267768],[-123.1211649,49.2678132],[-123.1212225,49.2678705],[-123.121263,49.267923],[-123.1212949,49.267978],[-123.1213263,49.2680582],[-123.1218624,49.2680669]]}},{"type":"Feature","properties":{"name":"E HASTINGS ST","class":"Arterial","width":18,"source":"cov-public-streets","type":"Arterial"},"geometry":{"type":"LineString","coordinates":[[-123.098901,49.2813216],[-123.0974737,49.2812947]]}},{"type":"Feature","properties":{"name":"E HASTINGS ST","class":"Arterial","width":18,"source":"cov-public-streets","type":"Arterial"},"geometry":{"type":"LineString","coordinates":[[-123.1043454,49.2814731],[-123.1042114,49.2814207],[-123.1022551,49.2813842]]}},{"type":"Feature","properties":{"name":"COLUMBIA ST","class":"Arterial","width":18,"source":"cov-public-streets","type":"Arterial"},"geometry":{"type":"LineString","coordinates":[[-123.1022551,49.2813842],[-123.1022781,49.2808871]]}},{"type":"Feature","properties":{"name":"ABBOTT ST","class":"Arterial","width":18,"source":"cov-public-streets","type":"Arterial"},"geometry":{"type":"LineString","coordinates":[[-123.1073761,49.2815404],[-123.107526,49.2811977],[-123.1075727,49.2810782]]}},{"type":"Feature","properties":{"name":"W 1ST AV","class":"Residential","width":9,"source":"cov-public-streets","type":"Residential"},"geometry":{"type":"LineString","coordinates":[[-123.1414928,49.2708958],[-123.1415467,49.2708747],[-123.1415935,49.2708482],[-123.1416325,49.2708167],[-123.1416626,49.2707813],[-123.1416796,49.2707508],[-123.1416908,49.2707151],[-123.1416967,49.2706016],[-123.1431293,49.270624]]}},{"type":"Feature","properties":{"name":"E 2ND AV","class":"Arterial","width":18,"source":"cov-public-streets","type":"Arterial"},"geometry":{"type":"LineString","coordinates":[[-123.1027012,49.2692044],[-123.1014994,49.2691821]]}},{"type":"Feature","properties":{"name":"MAIN ST","class":"Arterial","width":18,"source":"cov-public-streets","type":"Arterial"},"geometry":{"type":"LineString","coordinates":[[-123.1007751,49.2673141],[-123.1007883,49.267]]}},{"type":"Feature","properties":{"name":"CYPRESS ST","class":"Residential","width":9,"source":"cov-public-streets","type":"Residential"},"geometry":{"type":"LineString","coordinates":[[-123.147884,49.2702581],[-123.1479009,49.2698174]]}},{"type":"Feature","properties":{"name":"CARRALL ST","class":"Arterial","width":18,"source":"cov-public-streets","type":"Arterial"},"geometry":{"type":"LineString","coordinates":[[-123.1042618,49.2834967],[-123.104271,49.2832771]]}},{"type":"Feature","properties":{"name":"HOMER ST","class":"Residential","width":9,"source":"cov-public-streets","type":"Residential"},"geometry":{"type":"LineString","coordinates":[[-123.1259031,49.273081],[-123.1259119,49.2729968],[-123.1259191,49.2726082],[-123.1259274,49.2725231],[-123.1259423,49.2724556],[-123.1259709,49.2723725],[-123.1260017,49.2723073],[-123.1260394,49.2722437],[-123.1260837,49.272182],[-123.1261345,49.2721224],[-123.1262068,49.2720515],[-123.1262712,49.2719979],[-123.1263477,49.271943],[-123.1269081,49.2715722]]}},{"type":"Feature","properties":{"name":"PACIFIC BOULEVARD","class":"Arterial","width":18,"source":"cov-public-streets","type":"Arterial"},"geometry":{"type":"LineString","coordinates":[[-123.1063808,49.2770958],[-123.1041936,49.277055],[-123.1040943,49.2770498],[-123.1039957,49.2770402],[-123.1038983,49.2770262],[-123.1038026,49.2770079],[-123.1036405,49.2769659],[-123.1034872,49.2769116],[-123.1033448,49.2768458],[-123.103233,49.2767809],[-123.1031318,49.2767089],[-123.1030424,49.2766305],[-123.1027789,49.2763394]]}},{"type":"Feature","properties":{"name":"EXPO BOULEVARD","class":"Arterial","width":18,"source":"cov-public-streets","type":"Arterial"},"geometry":{"type":"LineString","coordinates":[[-123.1061475,49.2780554],[-123.1064182,49.2781228],[-123.1066735,49.2782076],[-123.1069137,49.2783094],[-123.1073825,49.2785576],[-123.1075045,49.2786093],[-123.1076198,49.2786476]]}},{"type":"Feature","properties":{"name":"BROUGHTON ST","class":"Residential","width":9,"source":"cov-public-streets","type":"Residential"},"geometry":{"type":"LineString","coordinates":[[-123.1268026,49.2899837],[-123.127406,49.2895843]]}},{"type":"Feature","properties":{"name":"NICOLA ST","class":"Arterial","width":18,"source":"cov-public-streets","type":"Arterial"},"geometry":{"type":"LineString","coordinates":[[-123.1274424,49.2911007],[-123.12842,49.2904554]]}},{"type":"Feature","properties":{"name":"ROBSON ST","class":"Arterial","width":18,"source":"cov-public-streets","type":"Arterial"},"geometry":{"type":"LineString","coordinates":[[-123.1183512,49.2804084],[-123.1188364,49.2807227]]}},{"type":"Feature","properties":{"name":"ROBSON ST","class":"Arterial","width":18,"source":"cov-public-streets","type":"Arterial"},"geometry":{"type":"LineString","coordinates":[[-123.1208034,49.2819963],[-123.1217906,49.2826345]]}},{"type":"Feature","properties":{"name":"HOMER ST","class":"Arterial","width":18,"source":"cov-public-streets","type":"Arterial"},"geometry":{"type":"LineString","coordinates":[[-123.1184876,49.2784122],[-123.1200802,49.2773582]]}},{"type":"Feature","properties":{"name":"DUNSMUIR ST","class":"Arterial","width":18,"source":"cov-public-streets","type":"Arterial"},"geometry":{"type":"LineString","coordinates":[[-123.112993,49.281412],[-123.1134782,49.2817261]]}},{"type":"Feature","properties":{"name":"W GEORGIA ST","class":"Arterial","width":18,"source":"cov-public-streets","type":"Arterial"},"geometry":{"type":"LineString","coordinates":[[-123.1171288,49.2818529],[-123.1181206,49.2824943]]}},{"type":"Feature","properties":{"name":"W GEORGIA ST","class":"Arterial","width":18,"source":"cov-public-streets","type":"Arterial"},"geometry":{"type":"LineString","coordinates":[[-123.1147014,49.2802818],[-123.115187,49.2805965]]}},{"type":"Feature","properties":{"name":"W HASTINGS ST","class":"Arterial","width":18,"source":"cov-public-streets","type":"Arterial"},"geometry":{"type":"LineString","coordinates":[[-123.1158273,49.2865772],[-123.1162803,49.2868699]]}},{"type":"Feature","properties":{"name":"ROBSON ST","class":"Arterial","width":18,"source":"cov-public-streets","type":"Arterial"},"geometry":{"type":"LineString","coordinates":[[-123.12482,49.284602],[-123.1269797,49.2860047]]}},{"type":"Feature","properties":{"name":"BROUGHTON ST","class":"Residential","width":9,"source":"cov-public-streets","type":"Residential"},"geometry":{"type":"LineString","coordinates":[[-123.1320552,49.2865062],[-123.1325872,49.286154]]}},{"type":"Feature","properties":{"name":"PENDRELL ST","class":"Residential","width":9,"source":"cov-public-streets","type":"Residential"},"geometry":{"type":"LineString","coordinates":[[-123.1364228,49.285158],[-123.137602,49.2859222]]}},{"type":"Feature","properties":{"name":"JERVIS ST","class":"Residential","width":9,"source":"cov-public-streets","type":"Residential"},"geometry":{"type":"LineString","coordinates":[[-123.13599,49.282102],[-123.1365339,49.2817461]]}},{"type":"Feature","properties":{"name":"CARDERO ST","class":"Residential","width":9,"source":"cov-public-streets","type":"Residential"},"geometry":{"type":"LineString","coordinates":[[-123.1344163,49.2880351],[-123.1349469,49.2876828]]}},{"type":"Feature","properties":{"name":"BROUGHTON ST","class":"Residential","width":9,"source":"cov-public-streets","type":"Residential"},"geometry":{"type":"LineString","coordinates":[[-123.1352435,49.2843947],[-123.1357746,49.2840426]]}},{"type":"Feature","properties":{"name":"DRAKE ST","class":"Arterial","width":18,"source":"cov-public-streets","type":"Arterial"},"geometry":{"type":"LineString","coordinates":[[-123.1263163,49.2751393],[-123.1268012,49.2754534]]}},{"type":"Feature","properties":{"name":"PACIFIC ST","class":"Arterial","width":18,"source":"cov-public-streets","type":"Arterial"},"geometry":{"type":"LineString","coordinates":[[-123.1303841,49.2756783],[-123.1308617,49.275998]]}},{"type":"Feature","properties":{"name":"JERVIS ST","class":"Residential","width":9,"source":"cov-public-streets","type":"Residential"},"geometry":{"type":"LineString","coordinates":[[-123.1290835,49.2866708],[-123.1296151,49.2863191]]}},{"type":"Feature","properties":{"name":"SEYMOUR ST","class":"Arterial","width":18,"source":"cov-public-streets","type":"Arterial"},"geometry":{"type":"LineString","coordinates":[[-123.1118938,49.2853149],[-123.1123781,49.2850011]]}},{"type":"Feature","properties":{"name":"HOWE ST","class":"Arterial","width":18,"source":"cov-public-streets","type":"Arterial"},"geometry":{"type":"LineString","coordinates":[[-123.1174037,49.284266],[-123.1190966,49.2831367]]}},{"type":"Feature","properties":{"name":"ALBERNI ST","class":"Arterial","width":18,"source":"cov-public-streets","type":"Arterial"},"geometry":{"type":"LineString","coordinates":[[-123.1288662,49.2886176],[-123.1300438,49.2893796]]}},{"type":"Feature","properties":{"name":"W 3RD AV","class":"Residential","width":9,"source":"cov-public-streets","type":"Residential"},"geometry":{"type":"LineString","coordinates":[[-123.1066115,49.2683237],[-123.1094231,49.2683761]]}},{"type":"Feature","properties":{"name":"MANITOBA ST","class":"Residential","width":9,"source":"cov-public-streets","type":"Residential"},"geometry":{"type":"LineString","coordinates":[[-123.1066295,49.2678724],[-123.1066484,49.2674203]]}},{"type":"Feature","properties":{"name":"MARINASIDE CRESCENT","class":"Residential","width":9,"source":"cov-public-streets","type":"Residential"},"geometry":{"type":"LineString","coordinates":[[-123.1214034,49.2719594],[-123.1215736,49.2718465]]}},{"type":"Feature","properties":{"name":"ARBUTUS ST","class":"Residential","width":9,"source":"cov-public-streets","type":"Residential"},"geometry":{"type":"LineString","coordinates":[[-123.1527334,49.2690125],[-123.1527499,49.2685716]]}},{"type":"Feature","properties":{"name":"CHILCO ST","class":"Residential","width":9,"source":"cov-public-streets","type":"Residential"},"geometry":{"type":"LineString","coordinates":[[-123.1378517,49.293737],[-123.1381311,49.2935521]]}},{"type":"Feature","properties":{"name":"CHILCO ST","class":"Residential","width":9,"source":"cov-public-streets","type":"Residential"},"geometry":{"type":"LineString","coordinates":[[-123.1381311,49.2935521],[-123.1383826,49.2933855]]}},{"type":"Feature","properties":{"name":"ROBSON ST","class":"Residential","width":9,"source":"cov-public-streets","type":"Residential"},"geometry":{"type":"LineString","coordinates":[[-123.137007,49.2924949],[-123.1383826,49.2933855]]}},{"type":"Feature","properties":{"name":"WESTERN ST","class":"Residential","width":9,"source":"cov-public-streets","type":"Residential"},"geometry":{"type":"LineString","coordinates":[[-123.0993827,49.2718383],[-123.0996376,49.2713926]]}},{"type":"Feature","properties":{"name":"CHESTNUT ST","class":"Residential","width":9,"source":"cov-public-streets","type":"Residential"},"geometry":{"type":"LineString","coordinates":[[-123.1462189,49.2761935],[-123.1462382,49.2757522]]}},{"type":"Feature","properties":{"name":"YORK AV","class":"Residential","width":9,"source":"cov-public-streets","type":"Residential"},"geometry":{"type":"LineString","coordinates":[[-123.1502359,49.2716192],[-123.1526352,49.2716589]]}},{"type":"Feature","properties":{"name":"CORNWALL AV","class":"Arterial","width":18,"source":"cov-public-streets","type":"Arterial"},"geometry":{"type":"LineString","coordinates":[[-123.1549723,49.2725785],[-123.1573406,49.2726169]]}},{"type":"Feature","properties":{"name":"W 4TH AV","class":"Arterial","width":18,"source":"cov-public-streets","type":"Arterial"},"geometry":{"type":"LineString","coordinates":[[-123.1645186,49.2683169],[-123.165,49.2683226]]}},{"type":"Feature","properties":{"name":"BEACH CRESCENT","class":"Residential","width":9,"source":"cov-public-streets","type":"Residential"},"geometry":{"type":"LineString","coordinates":[[-123.1258785,49.2709059],[-123.1269086,49.2715725]]}},{"type":"Feature","properties":{"name":"MARINASIDE CRESCENT","class":"Residential","width":9,"source":"cov-public-streets","type":"Residential"},"geometry":{"type":"LineString","coordinates":[[-123.1188394,49.2734443],[-123.1189843,49.2734083],[-123.1191295,49.2733644],[-123.1192345,49.2733274],[-123.1193696,49.2732726],[-123.1194668,49.2732276],[-123.1195612,49.2731788],[-123.1198122,49.2730143]]}},{"type":"Feature","properties":{"name":"W 4TH AV","class":"Residential","width":9,"source":"cov-public-streets","type":"Residential"},"geometry":{"type":"LineString","coordinates":[[-123.1127068,49.2675336],[-123.1129931,49.267539]]}},{"type":"Feature","properties":{"name":"MAIN ST","class":"Arterial","width":18,"source":"cov-public-streets","type":"Arterial"},"geometry":{"type":"LineString","coordinates":[[-123.0998475,49.2767664],[-123.0998811,49.2760409]]}},{"type":"Feature","properties":{"name":"KINGHORNE MEWS","class":"Residential","width":9,"source":"cov-public-streets","type":"Residential"},"geometry":{"type":"LineString","coordinates":[[-123.1311365,49.273132],[-123.1312088,49.2732762],[-123.1316317,49.2735519],[-123.1316887,49.27356]]}},{"type":"Feature","properties":{"name":"YORK AV","class":"Residential","width":9,"source":"cov-public-streets","type":"Residential"},"geometry":{"type":"LineString","coordinates":[[-123.1643914,49.2718821],[-123.1649457,49.2718903]]}},{"type":"Feature","properties":{"name":"TRAFALGAR ST","class":"Residential","width":9,"source":"cov-public-streets","type":"Residential"},"geometry":{"type":"LineString","coordinates":[[-123.164534,49.267865],[-123.1645496,49.2674371]]}},{"type":"Feature","properties":{"name":"W 5TH AV","class":"Residential","width":9,"source":"cov-public-streets","type":"Residential"},"geometry":{"type":"LineString","coordinates":[[-123.1622759,49.2674241],[-123.1645496,49.2674371]]}},{"type":"Feature","properties":{"name":"ST. REGIS LANE","class":"Residential","width":9,"source":"cov-public-streets","type":"Residential"},"geometry":{"type":"LineString","coordinates":[[-123.1159062,49.2832967],[-123.1164005,49.2829696]]}},{"type":"Feature","properties":{"name":"W 2ND AV","class":"Residential","width":9,"source":"cov-public-streets","type":"Residential"},"geometry":{"type":"LineString","coordinates":[[-123.1390421,49.2696746],[-123.1407917,49.2697037]]}},{"type":"Feature","properties":{"name":"YORK AV","class":"Residential","width":9,"source":"cov-public-streets","type":"Residential"},"geometry":{"type":"LineString","coordinates":[[-123.1573741,49.271734],[-123.1597443,49.2717722]]}},{"type":"Feature","properties":{"name":"MORTON AV","class":"Residential","width":9,"source":"cov-public-streets","type":"Residential"},"geometry":{"type":"LineString","coordinates":[[-123.1413266,49.2875731],[-123.1424755,49.2883168]]}},{"type":"Feature","properties":{"name":"PACIFIC BOULEVARD","class":"Arterial","width":18,"source":"cov-public-streets","type":"Arterial"},"geometry":{"type":"LineString","coordinates":[[-123.1180272,49.2744399],[-123.1185077,49.2745065],[-123.118721,49.2745256],[-123.1188499,49.2745312],[-123.1189791,49.2745324],[-123.1191511,49.2745271],[-123.1192796,49.2745179]]}},{"type":"Feature","properties":{"name":"MARINASIDE CRESCENT","class":"Residential","width":9,"source":"cov-public-streets","type":"Residential"},"geometry":{"type":"LineString","coordinates":[[-123.1158768,49.2732125],[-123.1164752,49.2732086],[-123.1165594,49.2732126],[-123.1166565,49.2732244],[-123.1167373,49.2732407],[-123.1168276,49.2732665],[-123.1170491,49.2733547],[-123.1171849,49.2733975],[-123.1173325,49.2734361],[-123.1175217,49.2734747]]}},{"type":"Feature","properties":{"name":"SMITHE ST","class":"Arterial","width":18,"source":"cov-public-streets","type":"Arterial"},"geometry":{"type":"LineString","coordinates":[[-123.1184876,49.2784122],[-123.1189721,49.2787265]]}},{"type":"Feature","properties":{"name":"DAVIE ST","class":"Arterial","width":18,"source":"cov-public-streets","type":"Arterial"},"geometry":{"type":"LineString","coordinates":[[-123.1267049,49.2774781],[-123.1271902,49.2777921]]}},{"type":"Feature","properties":{"name":"DRAKE ST","class":"Arterial","width":18,"source":"cov-public-streets","type":"Arterial"},"geometry":{"type":"LineString","coordinates":[[-123.1292696,49.2770516],[-123.1297551,49.2773656]]}},{"type":"Feature","properties":{"name":"CAMBIE ST","class":"Arterial","width":18,"source":"cov-public-streets","type":"Arterial"},"geometry":{"type":"LineString","coordinates":[[-123.113245,49.2793384],[-123.1135084,49.2791745],[-123.1149548,49.2782091]]}},{"type":"Feature","properties":{"name":"RICHARDS ST","class":"Arterial","width":18,"source":"cov-public-streets","type":"Arterial"},"geometry":{"type":"LineString","coordinates":[[-123.117866,49.2800945],[-123.1194579,49.2790405]]}},{"type":"Feature","properties":{"name":"DUNSMUIR ST","class":"Arterial","width":18,"source":"cov-public-streets","type":"Arterial"},"geometry":{"type":"LineString","coordinates":[[-123.1149346,49.2826686],[-123.1154202,49.2829824]]}},{"type":"Feature","properties":{"name":"BUTE ST","class":"Arterial","width":18,"source":"cov-public-streets","type":"Arterial"},"geometry":{"type":"LineString","coordinates":[[-123.1259162,49.2867085],[-123.1264479,49.2863567]]}},{"type":"Feature","properties":{"name":"HOWE ST","class":"Arterial","width":18,"source":"cov-public-streets","type":"Arterial"},"geometry":{"type":"LineString","coordinates":[[-123.1190966,49.2831367],[-123.1208034,49.2819963]]}},{"type":"Feature","properties":{"name":"HORNBY ST","class":"Arterial","width":18,"source":"cov-public-streets","type":"Arterial"},"geometry":{"type":"LineString","coordinates":[[-123.1200827,49.2837645],[-123.1217906,49.2826345]]}},{"type":"Feature","properties":{"name":"NICOLA ST","class":"Residential","width":9,"source":"cov-public-streets","type":"Residential"},"geometry":{"type":"LineString","coordinates":[[-123.1342965,49.2865654],[-123.1348284,49.2862138]]}},{"type":"Feature","properties":{"name":"1200-1300 BROUGHTON ST","class":"Residential","width":9,"source":"cov-public-streets","type":"Residential"},"geometry":{"type":"LineString","coordinates":[[-123.13737,49.2829881],[-123.1379011,49.282636]]}},{"type":"Feature","properties":{"name":"ROBSON ST","class":"Arterial","width":18,"source":"cov-public-streets","type":"Arterial"},"geometry":{"type":"LineString","coordinates":[[-123.1350533,49.2912296],[-123.1354342,49.2914766]]}},{"type":"Feature","properties":{"name":"ST. REGIS LANE","class":"Residential","width":9,"source":"cov-public-streets","type":"Residential"},"geometry":{"type":"LineString","coordinates":[[-123.1159148,49.2826555],[-123.1164005,49.2829696]]}},{"type":"Feature","properties":{"name":"BEACH AV","class":"Arterial","width":18,"source":"cov-public-streets","type":"Arterial"},"geometry":{"type":"LineString","coordinates":[[-123.1338095,49.2760178],[-123.1339751,49.2761279],[-123.134186,49.2763585],[-123.1343383,49.2765079]]}},{"type":"Feature","properties":{"name":"BIDWELL ST","class":"Arterial","width":18,"source":"cov-public-streets","type":"Arterial"},"geometry":{"type":"LineString","coordinates":[[-123.13217,49.2915789],[-123.132799,49.2911622]]}},{"type":"Feature","properties":{"name":"BUTE ST","class":"Residential","width":9,"source":"cov-public-streets","type":"Residential"},"geometry":{"type":"LineString","coordinates":[[-123.1328274,49.2821352],[-123.1333593,49.2817832]]}},{"type":"Feature","properties":{"name":"GORE AV","class":"Residential","width":9,"source":"cov-public-streets","type":"Residential"},"geometry":{"type":"LineString","coordinates":[[-123.0968955,49.2771634],[-123.0968313,49.2767121]]}},{"type":"Feature","properties":{"name":"ALEXANDER ST","class":"Residential","width":9,"source":"cov-public-streets","type":"Residential"},"geometry":{"type":"LineString","coordinates":[[-123.097861,49.2840628],[-123.0952653,49.2840143]]}},{"type":"Feature","properties":{"name":"PINE ST","class":"Residential","width":9,"source":"cov-public-streets","type":"Residential"},"geometry":{"type":"LineString","coordinates":[[-123.1431292,49.2706238],[-123.1431457,49.2701827]]}},{"type":"Feature","properties":{"name":"LAGOON DRIVE","class":"Residential","width":9,"source":"cov-public-streets","type":"Residential"},"geometry":{"type":"LineString","coordinates":[[-123.1381311,49.2935521],[-123.1394037,49.293341]]}},{"type":"Feature","properties":{"name":"MAIN ST","class":"Arterial","width":18,"source":"cov-public-streets","type":"Arterial"},"geometry":{"type":"LineString","coordinates":[[-123.0996065,49.2822849],[-123.0996488,49.2813357]]}},{"type":"Feature","properties":{"name":"W 1ST AV","class":"Residential","width":9,"source":"cov-public-streets","type":"Residential"},"geometry":{"type":"LineString","coordinates":[[-123.1464522,49.2706764],[-123.1478684,49.2706988]]}},{"type":"Feature","properties":{"name":"CAMBIE BRIDGE","class":"Arterial","width":18,"source":"cov-public-streets","type":"Arterial"},"geometry":{"type":"LineString","coordinates":[[-123.1148891,49.2695526],[-123.1147728,49.2691932],[-123.1147469,49.2689937],[-123.1146284,49.267]]}},{"type":"Feature","properties":{"name":"800-900 W WATERFRONT ROAD","class":"Residential","width":9,"source":"cov-public-streets","type":"Residential"},"geometry":{"type":"LineString","coordinates":[[-123.1126831,49.2873014],[-123.1134388,49.2875727],[-123.114082,49.2877734],[-123.1154686,49.2881501]]}},{"type":"Feature","properties":{"name":"W GEORGIA ST","class":"Residential","width":9,"source":"cov-public-streets","type":"Residential"},"geometry":{"type":"LineString","coordinates":[[-123.1108194,49.2778419],[-123.1118091,49.2784035]]}},{"type":"Feature","properties":{"name":"GEORGIA VIADUCT","class":"Arterial","width":18,"source":"cov-public-streets","type":"Arterial"},"geometry":{"type":"LineString","coordinates":[[-123.1116987,49.2783669],[-123.1122736,49.2787098]]}},{"type":"Feature","properties":{"name":"SCOTIA ST","class":"Residential","width":9,"source":"cov-public-streets","type":"Residential"},"geometry":{"type":"LineString","coordinates":[[-123.0987709,49.2672773],[-123.0987702,49.2671964],[-123.0987804,49.267]]}},{"type":"Feature","properties":{"name":"CAMBIE ST","class":"Arterial","width":18,"source":"cov-public-streets","type":"Arterial"},"geometry":{"type":"LineString","coordinates":[[-123.1093288,49.2830256],[-123.1093794,49.2829059]]}},{"type":"Feature","properties":{"name":"MAIN ST","class":"Arterial","width":18,"source":"cov-public-streets","type":"Arterial"},"geometry":{"type":"LineString","coordinates":[[-123.1006432,49.270476],[-123.1006575,49.2701172]]}},{"type":"Feature","properties":{"name":"1400-1500 MAIN ST","class":"Arterial","width":18,"source":"cov-public-streets","type":"Arterial"},"geometry":{"type":"LineString","coordinates":[[-123.100028,49.2727763],[-123.1000676,49.2719367],[-123.1003025,49.2715225]]}},{"type":"Feature","properties":{"name":"DAVIE ST","class":"Arterial","width":18,"source":"cov-public-streets","type":"Arterial"},"geometry":{"type":"LineString","coordinates":[[-123.1221602,49.2745351],[-123.1222229,49.2745736]]}},{"type":"Feature","properties":{"name":"RICHARDS ST","class":"Arterial","width":18,"source":"cov-public-streets","type":"Arterial"},"geometry":{"type":"LineString","coordinates":[[-123.1242361,49.27588],[-123.125831,49.274825]]}},{"type":"Feature","properties":{"name":"CREELMAN AV","class":"Residential","width":9,"source":"cov-public-streets","type":"Residential"},"geometry":{"type":"LineString","coordinates":[[-123.1513426,49.2745105],[-123.1519772,49.2745216]]}},{"type":"Feature","properties":{"name":"WHYTE AV","class":"Residential","width":9,"source":"cov-public-streets","type":"Residential"},"geometry":{"type":"LineString","coordinates":[[-123.1476943,49.2753342],[-123.150093,49.275373]]}},{"type":"Feature","properties":{"name":"CORNWALL AV","class":"Arterial","width":18,"source":"cov-public-streets","type":"Arterial"},"geometry":{"type":"LineString","coordinates":[[-123.1514182,49.272521],[-123.1520109,49.2725307]]}},{"type":"Feature","properties":{"name":"ARBUTUS ST","class":"Residential","width":9,"source":"cov-public-streets","type":"Residential"},"geometry":{"type":"LineString","coordinates":[[-123.1526513,49.2712175],[-123.1526678,49.2707758]]}},{"type":"Feature","properties":{"name":"W 1ST AV","class":"Residential","width":9,"source":"cov-public-streets","type":"Residential"},"geometry":{"type":"LineString","coordinates":[[-123.1550367,49.270814],[-123.1574063,49.2708519]]}},{"type":"Feature","properties":{"name":"BURRARD ST","class":"Arterial","width":18,"source":"cov-public-streets","type":"Arterial"},"geometry":{"type":"LineString","coordinates":[[-123.1456455,49.2680267],[-123.1456326,49.2675957]]}},{"type":"Feature","properties":{"name":"SMITHE ST","class":"Arterial","width":18,"source":"cov-public-streets","type":"Arterial"},"geometry":{"type":"LineString","coordinates":[[-123.117382,49.2776959],[-123.1175172,49.2777835]]}},{"type":"Feature","properties":{"name":"POINT GREY ROAD","class":"Residential","width":9,"source":"cov-public-streets","type":"Residential"},"geometry":{"type":"LineString","coordinates":[[-123.1620481,49.2735739],[-123.1640379,49.2736049],[-123.1643366,49.2734204]]}},{"type":"Feature","properties":{"name":"W 3RD AV","class":"Residential","width":9,"source":"cov-public-streets","type":"Residential"},"geometry":{"type":"LineString","coordinates":[[-123.1622114,49.2691631],[-123.164487,49.269203]]}},{"type":"Feature","properties":{"name":"W 4TH AV","class":"Residential","width":9,"source":"cov-public-streets","type":"Residential"},"geometry":{"type":"LineString","coordinates":[[-123.1047136,49.2673858],[-123.1066484,49.2674203]]}},{"type":"Feature","properties":{"name":"COLUMBIA ST","class":"Residential","width":9,"source":"cov-public-streets","type":"Residential"},"geometry":{"type":"LineString","coordinates":[[-123.1094307,49.2670196],[-123.1094308,49.267]]}},{"type":"Feature","properties":{"name":"SCHOOL GREEN","class":"Residential","width":9,"source":"cov-public-streets","type":"Residential"},"geometry":{"type":"LineString","coordinates":[[-123.1263056,49.2674107],[-123.1268575,49.267609],[-123.1277699,49.2674522]]}},{"type":"Feature","properties":{"name":"CROWE ST","class":"Residential","width":9,"source":"cov-public-streets","type":"Residential"},"geometry":{"type":"LineString","coordinates":[[-123.1123818,49.2690268],[-123.1119665,49.2686654]]}},{"type":"Feature","properties":{"name":"COLUMBIA ST","class":"Residential","width":9,"source":"cov-public-streets","type":"Residential"},"geometry":{"type":"LineString","coordinates":[[-123.1093323,49.2721239],[-123.109354,49.2716134]]}},{"type":"Feature","properties":{"name":"ONTARIO ST","class":"Residential","width":9,"source":"cov-public-streets","type":"Residential"},"geometry":{"type":"LineString","coordinates":[[-123.1045766,49.2715263],[-123.1046034,49.2708971]]}},{"type":"Feature","properties":{"name":"SALT ST","class":"Residential","width":9,"source":"cov-public-streets","type":"Residential"},"geometry":{"type":"LineString","coordinates":[[-123.1060463,49.2715531],[-123.1060732,49.2709239]]}},{"type":"Feature","properties":{"name":"MARINASIDE CRESCENT","class":"Residential","width":9,"source":"cov-public-streets","type":"Residential"},"geometry":{"type":"LineString","coordinates":[[-123.1148615,49.2738684],[-123.1149718,49.2733823],[-123.1153422,49.2732344],[-123.1158768,49.2732125]]}},{"type":"Feature","properties":{"name":"800-900 CARRALL ST","class":"Residential","width":9,"source":"cov-public-streets","type":"Residential"},"geometry":{"type":"LineString","coordinates":[[-123.1063808,49.2770958],[-123.106447,49.2755756]]}},{"type":"Feature","properties":{"name":"WALTER HARDWICK AV","class":"Residential","width":9,"source":"cov-public-streets","type":"Residential"},"geometry":{"type":"LineString","coordinates":[[-123.1060732,49.2709239],[-123.1066638,49.2709347]]}},{"type":"Feature","properties":{"name":"W 1ST AV","class":"Residential","width":9,"source":"cov-public-streets","type":"Residential"},"geometry":{"type":"LineString","coordinates":[[-123.1045979,49.2701892],[-123.1046336,49.2701898]]}},{"type":"Feature","properties":{"name":"W 1ST AV","class":"Residential","width":9,"source":"cov-public-streets","type":"Residential"},"geometry":{"type":"LineString","coordinates":[[-123.1061033,49.2702167],[-123.1065339,49.2702246]]}},{"type":"Feature","properties":{"name":"W 1ST AV","class":"Residential","width":9,"source":"cov-public-streets","type":"Residential"},"geometry":{"type":"LineString","coordinates":[[-123.1065339,49.2702246],[-123.1066939,49.2702275]]}},{"type":"Feature","properties":{"name":"SALT ST","class":"Residential","width":9,"source":"cov-public-streets","type":"Residential"},"geometry":{"type":"LineString","coordinates":[[-123.1060732,49.2709239],[-123.1061033,49.2702167]]}},{"type":"Feature","properties":{"name":"HOWE ST","class":"Arterial","width":18,"source":"cov-public-streets","type":"Arterial"},"geometry":{"type":"LineString","coordinates":[[-123.1294894,49.2762704],[-123.1303841,49.2756783]]}},{"type":"Feature","properties":{"name":"600-649 MILLBANK","class":"Residential","width":9,"source":"cov-public-streets","type":"Residential"},"geometry":{"type":"LineString","coordinates":[[-123.1187271,49.2678642],[-123.1187066,49.2684029],[-123.1182595,49.2686806]]}},{"type":"Feature","properties":{"name":"MAIN ST","class":"Arterial","width":18,"source":"cov-public-streets","type":"Arterial"},"geometry":{"type":"LineString","coordinates":[[-123.1003025,49.2715225],[-123.1006242,49.2709552],[-123.1006254,49.2709259]]}},{"type":"Feature","properties":{"name":"MAIN ST","class":"Arterial","width":18,"source":"cov-public-streets","type":"Arterial"},"geometry":{"type":"LineString","coordinates":[[-123.1006254,49.2709259],[-123.1006414,49.2704759]]}},{"type":"Feature","properties":{"name":"CENTRAL ST","class":"Residential","width":9,"source":"cov-public-streets","type":"Residential"},"geometry":{"type":"LineString","coordinates":[[-123.1019152,49.2719032],[-123.1003025,49.2715225]]}},{"type":"Feature","properties":{"name":"SCANTLINGS","class":"Residential","width":9,"source":"cov-public-streets","type":"Residential"},"geometry":{"type":"LineString","coordinates":[[-123.1277632,49.2676332],[-123.1277699,49.2674522]]}},{"type":"Feature","properties":{"name":"DENMAN ST","class":"Arterial","width":18,"source":"cov-public-streets","type":"Arterial"},"geometry":{"type":"LineString","coordinates":[[-123.1324881,49.2934285],[-123.1330552,49.2930532]]}},{"type":"Feature","properties":{"name":"QUEBEC ST","class":"Arterial","width":18,"source":"cov-public-streets","type":"Arterial"},"geometry":{"type":"LineString","coordinates":[[-123.1021331,49.2768076],[-123.10215,49.276759],[-123.1021767,49.2767126],[-123.1022085,49.2766715],[-123.1022423,49.2766372],[-123.1022859,49.276602]]}},{"type":"Feature","properties":{"name":"QUEBEC ST","class":"Arterial","width":18,"source":"cov-public-streets","type":"Arterial"},"geometry":{"type":"LineString","coordinates":[[-123.1019993,49.2753432],[-123.1019214,49.2749545]]}},{"type":"Feature","properties":{"name":"QUEBEC ST","class":"Arterial","width":18,"source":"cov-public-streets","type":"Arterial"},"geometry":{"type":"LineString","coordinates":[[-123.1021331,49.2768076],[-123.1021247,49.2776424]]}},{"type":"Feature","properties":{"name":"DRAKE ST","class":"Arterial","width":18,"source":"cov-public-streets","type":"Arterial"},"geometry":{"type":"LineString","coordinates":[[-123.1282972,49.2764243],[-123.1287837,49.2767374]]}},{"type":"Feature","properties":{"name":"500-600 THURLOW ST","class":"Arterial","width":18,"source":"cov-public-streets","type":"Arterial"},"geometry":{"type":"LineString","coordinates":[[-123.1214692,49.2868148],[-123.1220054,49.2864634]]}},{"type":"Feature","properties":{"name":"200-300 WATER ST","class":"Arterial","width":18,"source":"cov-public-streets","type":"Arterial"},"geometry":{"type":"LineString","coordinates":[[-123.1095764,49.2844653],[-123.1105418,49.2846382],[-123.1109534,49.2846779]]}},{"type":"Feature","properties":{"name":"GRANVILLE ST","class":"Arterial","width":18,"source":"cov-public-streets","type":"Arterial"},"geometry":{"type":"LineString","coordinates":[[-123.1294421,49.2750477],[-123.1304925,49.2743521]]}},{"type":"Feature","properties":{"name":"HOWE ST","class":"Arterial","width":18,"source":"cov-public-streets","type":"Arterial"},"geometry":{"type":"LineString","coordinates":[[-123.1294894,49.2762704],[-123.1303841,49.2756783]]}},{"type":"Feature","properties":{"name":"SWITCHMEN ST","class":"Residential","width":9,"source":"cov-public-streets","type":"Residential"},"geometry":{"type":"LineString","coordinates":[[-123.1032526,49.2713887],[-123.102278,49.2712171]]}},{"type":"Feature","properties":{"name":"GRANVILLE ST","class":"Arterial","width":18,"source":"cov-public-streets","type":"Arterial"},"geometry":{"type":"LineString","coordinates":[[-123.1308614,49.2741078],[-123.1304925,49.2743521]]}},{"type":"Feature","properties":{"name":"DRAKE ST","class":"Arterial","width":18,"source":"cov-public-streets","type":"Arterial"},"geometry":{"type":"LineString","coordinates":[[-123.1282972,49.2764243],[-123.1277921,49.2760952]]}},{"type":"Feature","properties":{"name":"DRAKE ST","class":"Arterial","width":18,"source":"cov-public-streets","type":"Arterial"},"geometry":{"type":"LineString","coordinates":[[-123.1268012,49.2754534],[-123.1272866,49.2757663]]}},{"type":"Feature","properties":{"name":"WESTERN ST","class":"Residential","width":9,"source":"cov-public-streets","type":"Residential"},"geometry":{"type":"LineString","coordinates":[[-123.0996376,49.2713926],[-123.0998582,49.2709926],[-123.099877,49.2709242]]}},{"type":"Feature","properties":{"name":"WESTERN ST","class":"Residential","width":9,"source":"cov-public-streets","type":"Residential"},"geometry":{"type":"LineString","coordinates":[[-123.099877,49.2709242],[-123.1000017,49.2704357]]}},{"type":"Feature","properties":{"name":"900-1000 GORE AV","class":"Residential","width":9,"source":"cov-public-streets","type":"Residential"},"geometry":{"type":"LineString","coordinates":[[-123.0978084,49.2757731],[-123.0971398,49.2763444],[-123.0970729,49.2764051],[-123.0970011,49.2764789],[-123.0969373,49.2765543],[-123.0968806,49.2766321],[-123.0968313,49.2767121]]}},{"type":"Feature","properties":{"name":"ROLSTON ST","class":"Residential","width":9,"source":"cov-public-streets","type":"Residential"},"geometry":{"type":"LineString","coordinates":[[-123.1289106,49.2746919],[-123.1279732,49.2752919]]}},{"type":"Feature","properties":{"name":"MELVILLE ST","class":"Arterial","width":18,"source":"cov-public-streets","type":"Arterial"},"geometry":{"type":"LineString","coordinates":[[-123.1214274,49.2860895],[-123.1199915,49.2851587]]}},{"type":"Feature","properties":{"name":"DUNLEVY AV","class":"Residential","width":9,"source":"cov-public-streets","type":"Residential"},"geometry":{"type":"LineString","coordinates":[[-123.0955667,49.2766871],[-123.0955965,49.275992]]}},{"type":"Feature","properties":{"name":"PRIOR ST","class":"Secondary Arterial","width":14,"source":"cov-public-streets","type":"Secondary Arterial"},"geometry":{"type":"LineString","coordinates":[[-123.0955667,49.2766871],[-123.095,49.2766771]]}},{"type":"Feature","properties":{"name":"W 3RD AV","class":"Residential","width":9,"source":"cov-public-streets","type":"Residential"},"geometry":{"type":"LineString","coordinates":[[-123.1479335,49.2689361],[-123.150332,49.2689744]]}},{"type":"Feature","properties":{"name":"W 4TH AV","class":"Arterial","width":18,"source":"cov-public-streets","type":"Arterial"},"geometry":{"type":"LineString","coordinates":[[-123.1479666,49.2680536],[-123.1503658,49.2680926]]}},{"type":"Feature","properties":{"name":"W 4TH AV","class":"Arterial","width":18,"source":"cov-public-streets","type":"Arterial"},"geometry":{"type":"LineString","coordinates":[[-123.1432292,49.2679768],[-123.1456455,49.2680267]]}},{"type":"Feature","properties":{"name":"CORNWALL AV","class":"Arterial","width":18,"source":"cov-public-streets","type":"Arterial"},"geometry":{"type":"LineString","coordinates":[[-123.148989,49.2724822],[-123.149582,49.2724917]]}},{"type":"Feature","properties":{"name":"CREELMAN AV","class":"Residential","width":9,"source":"cov-public-streets","type":"Residential"},"geometry":{"type":"LineString","coordinates":[[-123.1507477,49.2745009],[-123.1513426,49.2745105]]}},{"type":"Feature","properties":{"name":"E 3RD AV","class":"Residential","width":9,"source":"cov-public-streets","type":"Residential"},"geometry":{"type":"LineString","coordinates":[[-123.1015388,49.2682329],[-123.1007371,49.2682182]]}},{"type":"Feature","properties":{"name":"E 1ST AV","class":"Residential","width":9,"source":"cov-public-streets","type":"Residential"},"geometry":{"type":"LineString","coordinates":[[-123.10257,49.270152],[-123.1006575,49.2701172]]}},{"type":"Feature","properties":{"name":"ONTARIO ST","class":"Residential","width":9,"source":"cov-public-streets","type":"Residential"},"geometry":{"type":"LineString","coordinates":[[-123.104637,49.2692395],[-123.1046492,49.2691025],[-123.1046574,49.2687419]]}},{"type":"Feature","properties":{"name":"ARBUTUS ST","class":"Residential","width":9,"source":"cov-public-streets","type":"Residential"},"geometry":{"type":"LineString","coordinates":[[-123.1527003,49.2698938],[-123.1527168,49.2694535]]}},{"type":"Feature","properties":{"name":"MAPLE ST","class":"Residential","width":9,"source":"cov-public-streets","type":"Residential"},"geometry":{"type":"LineString","coordinates":[[-123.1500604,49.2762551],[-123.1500768,49.2758144]]}},{"type":"Feature","properties":{"name":"MAPLE ST","class":"Residential","width":9,"source":"cov-public-streets","type":"Residential"},"geometry":{"type":"LineString","coordinates":[[-123.1501104,49.2749309],[-123.1501269,49.2744905]]}},{"type":"Feature","properties":{"name":"MAPLE ST","class":"Residential","width":9,"source":"cov-public-streets","type":"Residential"},"geometry":{"type":"LineString","coordinates":[[-123.1502522,49.2711784],[-123.1502684,49.2707371]]}},{"type":"Feature","properties":{"name":"MAPLE ST","class":"Residential","width":9,"source":"cov-public-streets","type":"Residential"},"geometry":{"type":"LineString","coordinates":[[-123.1502684,49.2707371],[-123.1502838,49.2702962]]}},{"type":"Feature","properties":{"name":"CYPRESS ST","class":"Residential","width":9,"source":"cov-public-streets","type":"Residential"},"geometry":{"type":"LineString","coordinates":[[-123.14795,49.2684922],[-123.1479666,49.2680536]]}},{"type":"Feature","properties":{"name":"CYPRESS ST","class":"Residential","width":9,"source":"cov-public-streets","type":"Residential"},"geometry":{"type":"LineString","coordinates":[[-123.1476779,49.2757754],[-123.1476943,49.2753342]]}},{"type":"Feature","properties":{"name":"1300-1400 WALNUT ST","class":"Residential","width":9,"source":"cov-public-streets","type":"Residential"},"geometry":{"type":"LineString","coordinates":[[-123.1489126,49.2744709],[-123.148989,49.2724822]]}},{"type":"Feature","properties":{"name":"W 2ND AV","class":"Residential","width":9,"source":"cov-public-streets","type":"Residential"},"geometry":{"type":"LineString","coordinates":[[-123.1527003,49.2698938],[-123.1550696,49.2699329]]}},{"type":"Feature","properties":{"name":"CARRALL ST","class":"Arterial","width":18,"source":"cov-public-streets","type":"Arterial"},"geometry":{"type":"LineString","coordinates":[[-123.1043244,49.2819839],[-123.1043291,49.2819209]]}},{"type":"Feature","properties":{"name":"W HASTINGS ST","class":"Arterial","width":18,"source":"cov-public-streets","type":"Arterial"},"geometry":{"type":"LineString","coordinates":[[-123.1071952,49.281991],[-123.1093471,49.2823822],[-123.1095463,49.2825114]]}},{"type":"Feature","properties":{"name":"EXPO BOULEVARD","class":"Arterial","width":18,"source":"cov-public-streets","type":"Arterial"},"geometry":{"type":"LineString","coordinates":[[-123.1086863,49.2786706],[-123.1087735,49.2786468],[-123.1088601,49.2786184],[-123.1090037,49.2785595],[-123.1100609,49.2780264],[-123.1101442,49.2779871],[-123.1102993,49.277928],[-123.1103925,49.2778999],[-123.1104781,49.2778784]]}},{"type":"Feature","properties":{"name":"GRANVILLE BRIDGE","class":"Arterial","width":18,"source":"cov-public-streets","type":"Arterial"},"geometry":{"type":"LineString","coordinates":[[-123.1270525,49.2753008],[-123.1278297,49.2748156],[-123.1279783,49.2747396],[-123.1281425,49.2746734],[-123.1282998,49.2746245],[-123.1286017,49.2745454],[-123.1301885,49.2741828],[-123.1303355,49.2741425],[-123.1305183,49.2740901],[-123.1307752,49.2740058],[-123.1310078,49.2739178],[-123.1312117,49.2738307]]}},{"type":"Feature","properties":{"name":"CITADEL PARADE","class":"Residential","width":9,"source":"cov-public-streets","type":"Residential"},"geometry":{"type":"LineString","coordinates":[[-123.1100013,49.2794908],[-123.1108048,49.2789588]]}},{"type":"Feature","properties":{"name":"NELSON ST","class":"Arterial","width":18,"source":"cov-public-streets","type":"Arterial"},"geometry":{"type":"LineString","coordinates":[[-123.1220219,49.2786161],[-123.1225076,49.2789303]]}},{"type":"Feature","properties":{"name":"NATIONAL AV","class":"Residential","width":9,"source":"cov-public-streets","type":"Residential"},"geometry":{"type":"LineString","coordinates":[[-123.0990996,49.2749068],[-123.0984889,49.274896]]}},{"type":"Feature","properties":{"name":"STATION ST","class":"Residential","width":9,"source":"cov-public-streets","type":"Residential"},"geometry":{"type":"LineString","coordinates":[[-123.0980503,49.272459],[-123.0980574,49.2718131]]}},{"type":"Feature","properties":{"name":"E 2ND AV","class":"Arterial","width":18,"source":"cov-public-streets","type":"Arterial"},"geometry":{"type":"LineString","coordinates":[[-123.099659,49.2685968],[-123.0982009,49.2677638]]}},{"type":"Feature","properties":{"name":"QUEBEC ST","class":"Secondary Arterial","width":14,"source":"cov-public-streets","type":"Secondary Arterial"},"geometry":{"type":"LineString","coordinates":[[-123.1026621,49.2701536],[-123.1026807,49.2697016]]}},{"type":"Feature","properties":{"name":"W 2ND AV","class":"Arterial","width":18,"source":"cov-public-streets","type":"Arterial"},"geometry":{"type":"LineString","coordinates":[[-123.1115106,49.2682674],[-123.1129931,49.267539]]}},{"type":"Feature","properties":{"name":"MANITOBA ST","class":"Residential","width":9,"source":"cov-public-streets","type":"Residential"},"geometry":{"type":"LineString","coordinates":[[-123.1065339,49.2702246],[-123.1065525,49.2697718]]}},{"type":"Feature","properties":{"name":"YUKON ST","class":"Residential","width":9,"source":"cov-public-streets","type":"Residential"},"geometry":{"type":"LineString","coordinates":[[-123.1127068,49.2675336],[-123.1127267,49.2670812]]}},{"type":"Feature","properties":{"name":"GREENCHAIN","class":"Residential","width":9,"source":"cov-public-streets","type":"Residential"},"geometry":{"type":"LineString","coordinates":[[-123.1220885,49.2673859],[-123.1225755,49.267]]}},{"type":"Feature","properties":{"name":"W 4TH AV","class":"Arterial","width":18,"source":"cov-public-streets","type":"Arterial"},"geometry":{"type":"LineString","coordinates":[[-123.1598751,49.2682434],[-123.1622445,49.268281]]}},{"type":"Feature","properties":{"name":"TROUNCE ALLEY","class":"Residential","width":9,"source":"cov-public-streets","type":"Residential"},"geometry":{"type":"LineString","coordinates":[[-123.105453,49.2831845],[-123.1064571,49.2833723],[-123.1065903,49.2833919]]}},{"type":"Feature","properties":{"name":"W 3RD AV","class":"Residential","width":9,"source":"cov-public-streets","type":"Residential"},"geometry":{"type":"LineString","coordinates":[[-123.1456172,49.2688984],[-123.1479335,49.2689361]]}},{"type":"Feature","properties":{"name":"LARCH ST","class":"Residential","width":9,"source":"cov-public-streets","type":"Residential"},"geometry":{"type":"LineString","coordinates":[[-123.1621179,49.2718094],[-123.1621303,49.271366]]}},{"type":"Feature","properties":{"name":"W 5TH AV","class":"Residential","width":9,"source":"cov-public-streets","type":"Residential"},"geometry":{"type":"LineString","coordinates":[[-123.1408897,49.2670835],[-123.1432605,49.2671204]]}},{"type":"Feature","properties":{"name":"PINE ST","class":"Residential","width":9,"source":"cov-public-streets","type":"Residential"},"geometry":{"type":"LineString","coordinates":[[-123.1431954,49.2688604],[-123.1432127,49.2684132]]}},{"type":"Feature","properties":{"name":"E 4TH AV","class":"Residential","width":9,"source":"cov-public-streets","type":"Residential"},"geometry":{"type":"LineString","coordinates":[[-123.1015768,49.2673288],[-123.1007751,49.2673141]]}},{"type":"Feature","properties":{"name":"E 2ND AV","class":"Arterial","width":18,"source":"cov-public-streets","type":"Arterial"},"geometry":{"type":"LineString","coordinates":[[-123.1014994,49.2691821],[-123.1006969,49.269168]]}},{"type":"Feature","properties":{"name":"E 3RD AV","class":"Residential","width":9,"source":"cov-public-streets","type":"Residential"},"geometry":{"type":"LineString","coordinates":[[-123.1027408,49.2682551],[-123.1015388,49.2682329]]}},{"type":"Feature","properties":{"name":"BALSAM ST","class":"Residential","width":9,"source":"cov-public-streets","type":"Residential"},"geometry":{"type":"LineString","coordinates":[[-123.1598911,49.2678251],[-123.1599067,49.2673867]]}},{"type":"Feature","properties":{"name":"W 5TH AV","class":"Residential","width":9,"source":"cov-public-streets","type":"Residential"},"geometry":{"type":"LineString","coordinates":[[-123.1575377,49.267349],[-123.1599067,49.2673867]]}},{"type":"Feature","properties":{"name":"W 3RD AV","class":"Residential","width":9,"source":"cov-public-streets","type":"Residential"},"geometry":{"type":"LineString","coordinates":[[-123.1574723,49.2690891],[-123.1598422,49.2691274]]}},{"type":"Feature","properties":{"name":"W 4TH AV","class":"Arterial","width":18,"source":"cov-public-streets","type":"Arterial"},"geometry":{"type":"LineString","coordinates":[[-123.1622445,49.268281],[-123.1645186,49.2683169]]}},{"type":"Feature","properties":{"name":"LARCH ST","class":"Residential","width":9,"source":"cov-public-streets","type":"Residential"},"geometry":{"type":"LineString","coordinates":[[-123.1621623,49.2704862],[-123.1621794,49.2700451]]}},{"type":"Feature","properties":{"name":"W 2ND AV","class":"Arterial","width":18,"source":"cov-public-streets","type":"Arterial"},"geometry":{"type":"LineString","coordinates":[[-123.1099643,49.2690273],[-123.1112225,49.268409]]}},{"type":"Feature","properties":{"name":"HARWOOD ST","class":"Residential","width":9,"source":"cov-public-streets","type":"Residential"},"geometry":{"type":"LineString","coordinates":[[-123.1333237,49.2789771],[-123.1354855,49.280376]]}},{"type":"Feature","properties":{"name":"300-400 TERMINAL AV","class":"Arterial","width":18,"source":"cov-public-streets","type":"Arterial"},"geometry":{"type":"LineString","coordinates":[[-123.0954507,49.2720209],[-123.095,49.271945]]}},{"type":"Feature","properties":{"name":"YUKON ST","class":"Residential","width":9,"source":"cov-public-streets","type":"Residential"},"geometry":{"type":"LineString","coordinates":[[-123.1127267,49.2670812],[-123.1127304,49.267]]}},{"type":"Feature","properties":{"name":"400-600 MOBERLY ROAD","class":"Residential","width":9,"source":"cov-public-streets","type":"Residential"},"geometry":{"type":"LineString","coordinates":[[-123.1180658,49.2686774],[-123.1176412,49.2683349],[-123.1176016,49.2682993],[-123.1175669,49.2682598],[-123.1175333,49.2682072],[-123.1175143,49.2681631],[-123.1175026,49.2681159]]}},{"type":"Feature","properties":{"name":"W 4TH AV","class":"Residential","width":9,"source":"cov-public-streets","type":"Residential"},"geometry":{"type":"LineString","coordinates":[[-123.1107731,49.2674973],[-123.1119214,49.2675186]]}},{"type":"Feature","properties":{"name":"BIDWELL ST","class":"Residential","width":9,"source":"cov-public-streets","type":"Residential"},"geometry":{"type":"LineString","coordinates":[[-123.1407692,49.2858846],[-123.1413011,49.2855329]]}},{"type":"Feature","properties":{"name":"1000-1100 NICOLA ST","class":"Residential","width":9,"source":"cov-public-streets","type":"Residential"},"geometry":{"type":"LineString","coordinates":[[-123.1353595,49.285862],[-123.1358911,49.2855098]]}},{"type":"Feature","properties":{"name":"NICOLA ST","class":"Residential","width":9,"source":"cov-public-streets","type":"Residential"},"geometry":{"type":"LineString","coordinates":[[-123.140143,49.2826954],[-123.1406738,49.282344]]}},{"type":"Feature","properties":{"name":"CARDERO ST","class":"Residential","width":9,"source":"cov-public-streets","type":"Residential"},"geometry":{"type":"LineString","coordinates":[[-123.1349469,49.2876828],[-123.1354777,49.2873308]]}},{"type":"Feature","properties":{"name":"BROUGHTON ST","class":"Residential","width":9,"source":"cov-public-streets","type":"Residential"},"geometry":{"type":"LineString","coordinates":[[-123.1368386,49.2833401],[-123.13737,49.2829881]]}},{"type":"Feature","properties":{"name":"BROUGHTON ST","class":"Residential","width":9,"source":"cov-public-streets","type":"Residential"},"geometry":{"type":"LineString","coordinates":[[-123.1357746,49.2840426],[-123.1363062,49.2836912]]}},{"type":"Feature","properties":{"name":"PENDRELL ST","class":"Residential","width":9,"source":"cov-public-streets","type":"Residential"},"geometry":{"type":"LineString","coordinates":[[-123.1423193,49.2889755],[-123.1436944,49.2898664]]}},{"type":"Feature","properties":{"name":"COMOX ST","class":"Residential","width":9,"source":"cov-public-streets","type":"Residential"},"geometry":{"type":"LineString","coordinates":[[-123.1396836,49.2886618],[-123.1412577,49.2896798]]}},{"type":"Feature","properties":{"name":"800-900 CARDERO ST","class":"Residential","width":9,"source":"cov-public-streets","type":"Residential"},"geometry":{"type":"LineString","coordinates":[[-123.1333522,49.2887384],[-123.1338837,49.2883863]]}},{"type":"Feature","properties":{"name":"CHESTNUT ST","class":"Residential","width":9,"source":"cov-public-streets","type":"Residential"},"geometry":{"type":"LineString","coordinates":[[-123.1461945,49.2767687],[-123.1462189,49.2761935]]}},{"type":"Feature","properties":{"name":"BEACH AV","class":"Arterial","width":18,"source":"cov-public-streets","type":"Arterial"},"geometry":{"type":"LineString","coordinates":[[-123.1442752,49.2894824],[-123.1455739,49.2903394]]}},{"type":"Feature","properties":{"name":"COMOX ST","class":"Residential","width":9,"source":"cov-public-streets","type":"Residential"},"geometry":{"type":"LineString","coordinates":[[-123.1426328,49.2905692],[-123.1439817,49.2914427]]}},{"type":"Feature","properties":{"name":"COMOX ST","class":"Residential","width":9,"source":"cov-public-streets","type":"Residential"},"geometry":{"type":"LineString","coordinates":[[-123.1412577,49.2896798],[-123.1426328,49.2905692]]}},{"type":"Feature","properties":{"name":"ROBSON ST","class":"Arterial","width":18,"source":"cov-public-streets","type":"Arterial"},"geometry":{"type":"LineString","coordinates":[[-123.1338611,49.2904588],[-123.1350533,49.2912296]]}},{"type":"Feature","properties":{"name":"DENMAN ST","class":"Arterial","width":18,"source":"cov-public-streets","type":"Arterial"},"geometry":{"type":"LineString","coordinates":[[-123.1343716,49.2921804],[-123.1349033,49.2918283]]}},{"type":"Feature","properties":{"name":"GRANVILLE BRIDGE","class":"Arterial","width":18,"source":"cov-public-streets","type":"Arterial"},"geometry":{"type":"LineString","coordinates":[[-123.1312117,49.2738307],[-123.1376785,49.2695378]]}},{"type":"Feature","properties":{"name":"ARBUTUS ST","class":"Residential","width":9,"source":"cov-public-streets","type":"Residential"},"geometry":{"type":"LineString","coordinates":[[-123.1526034,49.2725403],[-123.1526198,49.2720999]]}},{"type":"Feature","properties":{"name":"E PENDER ST","class":"Residential","width":9,"source":"cov-public-streets","type":"Residential"},"geometry":{"type":"LineString","coordinates":[[-123.0954272,49.2803052],[-123.095,49.2802974]]}},{"type":"Feature","properties":{"name":"W 5TH AV","class":"Residential","width":9,"source":"cov-public-streets","type":"Residential"},"geometry":{"type":"LineString","coordinates":[[-123.150399,49.2672353],[-123.1527985,49.2672739]]}},{"type":"Feature","properties":{"name":"MEDICINE RIVER BLVD","class":"Other Non-City","width":6,"source":"cov-non-city-streets","type":"Other Non-City"},"geometry":{"type":"LineString","coordinates":[[-123.0967511,49.2757056],[-123.0967351,49.2757232],[-123.0966859,49.2757414],[-123.0966574,49.275762],[-123.0966472,49.275776],[-123.0966416,49.2757911],[-123.0966408,49.2758066],[-123.0966446,49.2758209],[-123.0966546,49.2758372],[-123.0966702,49.2758515],[-123.0966904,49.2758631],[-123.0967142,49.2758713],[-123.0967655,49.2758759],[-123.0967918,49.2758723],[-123.0968161,49.2758648],[-123.0968483,49.2758451],[-123.0968668,49.2758189],[-123.09687,49.2758036],[-123.0968683,49.2757881],[-123.0968611,49.2757722],[-123.0968436,49.2757496],[-123.0968428,49.2757314],[-123.0973286,49.2744955],[-123.0972365,49.2744708],[-123.0967511,49.2757056]]}},{"type":"Feature","properties":{"name":"STANLEY PARK DRIVE","class":"Other Non-City","width":6,"source":"cov-non-city-streets","type":"Other Non-City"},"geometry":{"type":"LineString","coordinates":[[-123.1431028,49.2930626],[-123.143083,49.2930295],[-123.1430715,49.2929971],[-123.1430789,49.2929477]]}},{"type":"Feature","properties":{"name":"DUNLEVY AV","class":"Private","width":6,"source":"cov-non-city-streets","type":"Private"},"geometry":{"type":"LineString","coordinates":[[-123.0954272,49.2803052],[-123.0954648,49.2794022]]}},{"type":"Feature","properties":{"name":null,"class":"Private","width":6,"source":"cov-non-city-streets","type":"Private"},"geometry":{"type":"LineString","coordinates":[[-123.1389498,49.2697639],[-123.1388864,49.2698769],[-123.1387977,49.2700564],[-123.1389028,49.2702989],[-123.1389179,49.2703239],[-123.1389495,49.270353],[-123.1389805,49.2703706],[-123.1390291,49.2703867],[-123.1390689,49.2703929],[-123.1391236,49.2703925],[-123.1392549,49.2703741],[-123.139327,49.2703689],[-123.1394139,49.270372],[-123.1394986,49.2703851],[-123.1395788,49.2704078],[-123.1396678,49.2704421],[-123.1396921,49.2704529],[-123.1397519,49.2704815],[-123.1397159,49.2704643],[-123.1397729,49.2704948],[-123.1398263,49.270528],[-123.1399418,49.2706081],[-123.1399964,49.2706527],[-123.1400508,49.270709],[-123.1400867,49.2707552],[-123.1400972,49.2707745],[-123.1400992,49.2708053],[-123.1400843,49.2708346],[-123.140066,49.2708514],[-123.14002,49.2708757],[-123.139992,49.2708955],[-123.1399708,49.2709186],[-123.1399573,49.2709441],[-123.1399522,49.2709709],[-123.1399556,49.2709977],[-123.1399675,49.2710236],[-123.1399865,49.2710482]]}},{"type":"Feature","properties":{"name":null,"class":"Private","width":6,"source":"cov-non-city-streets","type":"Private"},"geometry":{"type":"MultiLineString","coordinates":[[[-123.1345589,49.268309],[-123.134882,49.2677919],[-123.135065,49.2678339],[-123.1352646,49.2678926],[-123.1354557,49.2679626],[-123.1356367,49.2680432],[-123.1358063,49.2681338],[-123.1359632,49.2682337],[-123.1361062,49.2683422],[-123.1362329,49.2684572]],[[-123.1362329,49.2684572],[-123.136233,49.2684572],[-123.136232,49.2684559],[-123.1362329,49.2684572]],[[-123.1362329,49.2684572],[-123.1362598,49.2684971],[-123.1362845,49.2685492],[-123.1363088,49.2685861],[-123.1363563,49.2686509],[-123.136409,49.268714],[-123.1364667,49.2687752],[-123.1365291,49.2688344],[-123.1365962,49.2688913],[-123.1366851,49.2689582],[-123.1364963,49.2691039],[-123.1361392,49.2693468]]]}},{"type":"Feature","properties":{"name":null,"class":"Private","width":6,"source":"cov-non-city-streets","type":"Private"},"geometry":{"type":"LineString","coordinates":[[-123.1278583,49.2710711],[-123.1271967,49.2715089],[-123.1270452,49.2714108],[-123.127647,49.2710126],[-123.1277671,49.2710122],[-123.1278583,49.2710711]]}},{"type":"Feature","properties":{"name":null,"class":"Private","width":6,"source":"cov-non-city-streets","type":"Private"},"geometry":{"type":"LineString","coordinates":[[-123.1047276,49.2830818],[-123.1046734,49.2832082],[-123.1048009,49.2832314]]}},{"type":"Feature","properties":{"name":null,"class":"Private","width":6,"source":"cov-non-city-streets","type":"Private"},"geometry":{"type":"LineString","coordinates":[[-123.1046482,49.2830674],[-123.1045948,49.2831939],[-123.104415,49.2831611]]}},{"type":"Feature","properties":{"name":null,"class":"Private","width":6,"source":"cov-non-city-streets","type":"Private"},"geometry":{"type":"LineString","coordinates":[[-123.1199964,49.2745741],[-123.1200629,49.2746488],[-123.120542,49.2749589],[-123.1205441,49.2749697]]}},{"type":"Feature","properties":{"name":"CARTWRIGHT ST","class":"Other Non-City","width":6,"source":"cov-non-city-streets","type":"Other Non-City"},"geometry":{"type":"LineString","coordinates":[[-123.1318281,49.269442],[-123.1329639,49.2696397]]}},{"type":"Feature","properties":{"name":"RAILSPUR ALLEY","class":"Other Non-City","width":6,"source":"cov-non-city-streets","type":"Other Non-City"},"geometry":{"type":"LineString","coordinates":[[-123.1329639,49.2696397],[-123.1334154,49.2698863],[-123.134516,49.2704989],[-123.1345745,49.2705131]]}},{"type":"Feature","properties":{"name":null,"class":"Private","width":6,"source":"cov-non-city-streets","type":"Private"},"geometry":{"type":"LineString","coordinates":[[-123.120617,49.2749215],[-123.1206085,49.2749235],[-123.1206005,49.2749213],[-123.1204139,49.2748003],[-123.1204429,49.2747811],[-123.1202866,49.2746799],[-123.1202576,49.274699],[-123.1201404,49.2746232],[-123.1201073,49.2745899],[-123.1200857,49.2745506]]}},{"type":"Feature","properties":{"name":null,"class":"Private","width":6,"source":"cov-non-city-streets","type":"Private"},"geometry":{"type":"LineString","coordinates":[[-123.1360707,49.2710039],[-123.1368893,49.2709876],[-123.1369396,49.2709945],[-123.1369721,49.2710082],[-123.1369894,49.2710208],[-123.1370024,49.2710354],[-123.1370104,49.2710515],[-123.1370132,49.2710683],[-123.1370072,49.2710934],[-123.1369725,49.2711452],[-123.1369565,49.2711865],[-123.1369518,49.2712305],[-123.1369661,49.2712693],[-123.1370536,49.2713994],[-123.1371151,49.2714284],[-123.1371782,49.2714673],[-123.1372261,49.2715057],[-123.1372716,49.2715539],[-123.1373027,49.2715992],[-123.1373252,49.2716466],[-123.1373386,49.2716954],[-123.1373428,49.271745],[-123.1373378,49.2717945],[-123.1373262,49.2718363],[-123.137308,49.2718772],[-123.1372833,49.2719165],[-123.1372525,49.271954],[-123.1372159,49.2719891],[-123.1371024,49.2720713],[-123.1370817,49.2720943],[-123.1370663,49.2721201],[-123.1367177,49.2721292],[-123.1367179,49.2719136],[-123.1367921,49.2719135],[-123.136792,49.2718649],[-123.1367178,49.271865],[-123.1367117,49.2718028],[-123.1363086,49.2718127],[-123.1363056,49.2717402],[-123.1360585,49.2717446]]}},{"type":"Feature","properties":{"name":"JOHNSTON ST","class":"Other Non-City","width":6,"source":"cov-non-city-streets","type":"Other Non-City"},"geometry":{"type":"LineString","coordinates":[[-123.1360122,49.2727475],[-123.1351733,49.272085]]}},{"type":"Feature","properties":{"name":"JOHNSTON ST","class":"Other Non-City","width":6,"source":"cov-non-city-streets","type":"Other Non-City"},"geometry":{"type":"LineString","coordinates":[[-123.1363185,49.2729896],[-123.1360122,49.2727475]]}},{"type":"Feature","properties":{"name":null,"class":"Private","width":6,"source":"cov-non-city-streets","type":"Private"},"geometry":{"type":"LineString","coordinates":[[-123.1115645,49.2739792],[-123.1123446,49.2744872],[-123.1124594,49.274435],[-123.1116746,49.273924],[-123.1115645,49.2739792]]}},{"type":"Feature","properties":{"name":"SMITHE MEWS","class":"Private","width":6,"source":"cov-non-city-streets","type":"Private"},"geometry":{"type":"LineString","coordinates":[[-123.1116196,49.2739516],[-123.1124862,49.2745159]]}},{"type":"Feature","properties":{"name":"ANDERSON ST","class":"Other Non-City","width":6,"source":"cov-non-city-streets","type":"Other Non-City"},"geometry":{"type":"LineString","coordinates":[[-123.1351733,49.272085],[-123.1351737,49.2717025],[-123.1351798,49.2716513],[-123.13519,49.2716003],[-123.1352225,49.2714998],[-123.1352448,49.2714505],[-123.1352806,49.2713861],[-123.1353231,49.2713235],[-123.1353594,49.2712779],[-123.1354132,49.2712191],[-123.1354577,49.2711767],[-123.1355221,49.2711227],[-123.1355886,49.2710741]]}},{"type":"Feature","properties":{"name":null,"class":"Private","width":6,"source":"cov-non-city-streets","type":"Private"},"geometry":{"type":"LineString","coordinates":[[-123.1360568,49.2717038],[-123.136749,49.2716914],[-123.1367432,49.2715376],[-123.1368136,49.2715366],[-123.1368134,49.2714556],[-123.136048,49.2714693]]}},{"type":"Feature","properties":{"name":null,"class":"Private","width":6,"source":"cov-non-city-streets","type":"Private"},"geometry":{"type":"LineString","coordinates":[[-123.1411357,49.2728009],[-123.1416793,49.2729727],[-123.1417263,49.2729768],[-123.1417691,49.2729661],[-123.1417862,49.272956],[-123.1417984,49.2729445],[-123.1418283,49.2728932],[-123.1418734,49.2728025],[-123.141906,49.2727184],[-123.1419283,49.2726416],[-123.141941,49.2725819],[-123.1419515,49.2725038],[-123.1419552,49.2724259],[-123.1419528,49.2723566],[-123.1419464,49.272296],[-123.1419321,49.2722185],[-123.1419112,49.2721418],[-123.1419036,49.2721192],[-123.1418484,49.2720861],[-123.14181,49.2720533],[-123.1417859,49.2720242],[-123.14177,49.2719972],[-123.1417582,49.271965],[-123.1417533,49.271928],[-123.1417573,49.2718909],[-123.1417695,49.2718557],[-123.1416908,49.2717532],[-123.1413513,49.2713637],[-123.1413117,49.2713505],[-123.141276,49.271333],[-123.1412482,49.2713141],[-123.1412231,49.27129],[-123.1412047,49.2712634],[-123.1411945,49.271238],[-123.1411904,49.2712089],[-123.1411936,49.2711818],[-123.1411469,49.2711291]]}},{"type":"Feature","properties":{"name":"ANDERSON ST","class":"Other Non-City","width":6,"source":"cov-non-city-streets","type":"Other Non-City"},"geometry":{"type":"LineString","coordinates":[[-123.1361462,49.2706425],[-123.1371449,49.2699066]]}},{"type":"Feature","properties":{"name":"STANLEY PARK DRIVE","class":"Private","width":6,"source":"cov-non-city-streets","type":"Private"},"geometry":{"type":"LineString","coordinates":[[-123.1365941,49.2973345],[-123.1363282,49.2973695],[-123.1361655,49.2973766]]}},{"type":"Feature","properties":{"name":"STANLEY PARK DRIVE","class":"Private","width":6,"source":"cov-non-city-streets","type":"Private"},"geometry":{"type":"LineString","coordinates":[[-123.136192,49.2975646],[-123.1362137,49.2974933],[-123.1362024,49.2974376],[-123.1361655,49.2973766]]}},{"type":"Feature","properties":{"name":"STANLEY PARK DRIVE","class":"Private","width":6,"source":"cov-non-city-streets","type":"Private"},"geometry":{"type":"LineString","coordinates":[[-123.1358491,49.2979101],[-123.1358138,49.2976804],[-123.1357984,49.2974987],[-123.1357537,49.2973702],[-123.1357482,49.2972246]]}},{"type":"Feature","properties":{"name":"AVISON WAY","class":"Private","width":6,"source":"cov-non-city-streets","type":"Private"},"geometry":{"type":"LineString","coordinates":[[-123.1302467,49.3006931],[-123.1301059,49.300795],[-123.1299454,49.3008515],[-123.1297447,49.3008704],[-123.1294142,49.3008883]]}},{"type":"Feature","properties":{"name":"STANLEY PARK DRIVE","class":"Private","width":6,"source":"cov-non-city-streets","type":"Private"},"geometry":{"type":"LineString","coordinates":[[-123.1430789,49.2929477],[-123.1436022,49.2925987]]}},{"type":"Feature","properties":{"name":"STANLEY PARK DRIVE","class":"Private","width":6,"source":"cov-non-city-streets","type":"Private"},"geometry":{"type":"LineString","coordinates":[[-123.1446004,49.2919682],[-123.144646,49.291893],[-123.14511,49.2915886],[-123.1456541,49.2912914]]}},{"type":"Feature","properties":{"name":"FORESHORE WALK","class":"Private","width":6,"source":"cov-non-city-streets","type":"Private"},"geometry":{"type":"LineString","coordinates":[[-123.1369849,49.2720517],[-123.1369723,49.2717081]]}},{"type":"Feature","properties":{"name":"MAST TOWER ROAD","class":"Private","width":6,"source":"cov-non-city-streets","type":"Private"},"geometry":{"type":"LineString","coordinates":[[-123.1359555,49.2713854],[-123.1369599,49.2713682]]}},{"type":"Feature","properties":{"name":"MARINER WALK","class":"Private","width":6,"source":"cov-non-city-streets","type":"Private"},"geometry":{"type":"LineString","coordinates":[[-123.1400418,49.2710795],[-123.1400233,49.271036],[-123.1400056,49.2710133],[-123.1399962,49.2709927],[-123.1399935,49.2709715],[-123.1399975,49.2709502],[-123.1400082,49.2709301],[-123.1400249,49.2709117],[-123.1400472,49.270896],[-123.1400963,49.2708697],[-123.1401205,49.2708476],[-123.1401361,49.2708223],[-123.1401418,49.2707956],[-123.140141,49.2707819],[-123.1401317,49.2707554],[-123.1401241,49.2707438],[-123.1400717,49.2706787],[-123.1400208,49.2706289],[-123.1399624,49.2705828],[-123.1398342,49.270495],[-123.139765,49.2704551],[-123.1396515,49.2704035],[-123.1395412,49.2703666],[-123.1394507,49.2703488],[-123.1393413,49.2703417],[-123.1392629,49.2703458],[-123.1391175,49.2703658],[-123.1390741,49.2703661],[-123.1390426,49.2703612],[-123.1390042,49.2703484],[-123.1389724,49.2703292],[-123.1389499,49.2703051],[-123.1388412,49.2700573],[-123.1389254,49.2698857],[-123.1390421,49.2696746]]}},{"type":"Feature","properties":{"name":"GAOLER'S MEWS","class":"Private","width":6,"source":"cov-non-city-streets","type":"Private"},"geometry":{"type":"LineString","coordinates":[[-123.1045854,49.2833119],[-123.1046224,49.2832274]]}},{"type":"Feature","properties":{"name":"STANLEY PARK DRIVE","class":"Private","width":6,"source":"cov-non-city-streets","type":"Private"},"geometry":{"type":"LineString","coordinates":[[-123.1437466,49.309781],[-123.1435953,49.3100405]]}},{"type":"Feature","properties":{"name":"STANLEY PARK DRIVE","class":"Private","width":6,"source":"cov-non-city-streets","type":"Private"},"geometry":{"type":"LineString","coordinates":[[-123.1331858,49.2974274],[-123.1330205,49.2975334],[-123.1329093,49.2976148],[-123.1319089,49.2982431],[-123.1316865,49.2983526],[-123.1314725,49.2984144],[-123.1313013,49.2984286],[-123.131126,49.2984279]]}},{"type":"Feature","properties":{"name":"STANLEY PARK DRIVE","class":"Private","width":6,"source":"cov-non-city-streets","type":"Private"},"geometry":{"type":"LineString","coordinates":[[-123.1289432,49.2967821],[-123.1290487,49.2968999],[-123.1291474,49.2970234],[-123.1293369,49.2973164],[-123.1294396,49.29745],[-123.1295696,49.2975863],[-123.1297313,49.2977276],[-123.1299751,49.2978995]]}},{"type":"Feature","properties":{"name":"STANLEY PARK DRIVE","class":"Private","width":6,"source":"cov-non-city-streets","type":"Private"},"geometry":{"type":"LineString","coordinates":[[-123.1187297,49.2983475],[-123.1202445,49.2985585]]}},{"type":"Feature","properties":{"name":"STANLEY PARK DRIVE","class":"Private","width":6,"source":"cov-non-city-streets","type":"Private"},"geometry":{"type":"LineString","coordinates":[[-123.1183034,49.2997092],[-123.1180608,49.2998467],[-123.1177983,49.3000577]]}},{"type":"Feature","properties":{"name":"STANLEY PARK DRIVE","class":"Private","width":6,"source":"cov-non-city-streets","type":"Private"},"geometry":{"type":"LineString","coordinates":[[-123.1437466,49.309781],[-123.1430602,49.3098318],[-123.1428544,49.309866]]}},{"type":"Feature","properties":{"name":"AVISON WAY","class":"Private","width":6,"source":"cov-non-city-streets","type":"Private"},"geometry":{"type":"LineString","coordinates":[[-123.1294142,49.3008883],[-123.129504,49.3009908],[-123.1295906,49.3012121],[-123.1296002,49.3013103]]}},{"type":"Feature","properties":{"name":"STANLEY PARK DRIVE","class":"Private","width":6,"source":"cov-non-city-streets","type":"Private"},"geometry":{"type":"LineString","coordinates":[[-123.1456541,49.2912914],[-123.1463527,49.2908478]]}},{"type":"Feature","properties":{"name":"STRATHMORE MEWS","class":"Private","width":6,"source":"cov-non-city-streets","type":"Private"},"geometry":{"type":"LineString","coordinates":[[-123.1265169,49.2732167],[-123.1272759,49.2727145]]}},{"type":"Feature","properties":{"name":"STANLEY PARK DRIVE","class":"Private","width":6,"source":"cov-non-city-streets","type":"Private"},"geometry":{"type":"LineString","coordinates":[[-123.1366924,49.2945049],[-123.1368173,49.294693],[-123.1368614,49.2948573],[-123.1368233,49.2951146]]}},{"type":"Feature","properties":{"name":"OLD BRIDGE WALK","class":"Private","width":6,"source":"cov-non-city-streets","type":"Private"},"geometry":{"type":"LineString","coordinates":[[-123.1359829,49.2694963],[-123.136527,49.269122],[-123.1367403,49.2689572]]}},{"type":"Feature","properties":{"name":"STANLEY PARK DRIVE","class":"Private","width":6,"source":"cov-non-city-streets","type":"Private"},"geometry":{"type":"LineString","coordinates":[[-123.1362064,49.2967017],[-123.1361123,49.2965544]]}},{"type":"Feature","properties":{"name":"STANLEY PARK DRIVE","class":"Private","width":6,"source":"cov-non-city-streets","type":"Private"},"geometry":{"type":"LineString","coordinates":[[-123.1455739,49.2903394],[-123.1456972,49.2903571],[-123.1460361,49.290518],[-123.1462199,49.2905891]]}},{"type":"Feature","properties":{"name":"STANLEY PARK DRIVE","class":"Private","width":6,"source":"cov-non-city-streets","type":"Private"},"geometry":{"type":"LineString","coordinates":[[-123.1580603,49.3000662],[-123.1579633,49.3001966],[-123.1577867,49.300332],[-123.1573232,49.3006751],[-123.1572423,49.30075],[-123.1571724,49.3008442],[-123.1568825,49.3012788]]}},{"type":"Feature","properties":{"name":"STANLEY PARK DRIVE","class":"Private","width":6,"source":"cov-non-city-streets","type":"Private"},"geometry":{"type":"LineString","coordinates":[[-123.1365941,49.2973345],[-123.1364916,49.2974129],[-123.136325,49.2975077],[-123.136192,49.2975646]]}},{"type":"Feature","properties":{"name":"STANLEY PARK DRIVE","class":"Private","width":6,"source":"cov-non-city-streets","type":"Private"},"geometry":{"type":"LineString","coordinates":[[-123.1360684,49.2962613],[-123.1359624,49.2964388],[-123.135848,49.2966417]]}},{"type":"Feature","properties":{"name":"PIPELINE ROAD","class":"Private","width":6,"source":"cov-non-city-streets","type":"Private"},"geometry":{"type":"LineString","coordinates":[[-123.1357508,49.2993769],[-123.1356505,49.2993941],[-123.1355204,49.2993992],[-123.1353675,49.2993994],[-123.1351838,49.2993746],[-123.135023,49.2993398],[-123.1344487,49.2991653]]}},{"type":"Feature","properties":{"name":"STANLEY PARK DRIVE","class":"Private","width":6,"source":"cov-non-city-streets","type":"Private"},"geometry":{"type":"LineString","coordinates":[[-123.1418233,49.2928385],[-123.1422222,49.2929681],[-123.1427873,49.2930275]]}},{"type":"Feature","properties":{"name":"STANLEY PARK DRIVE","class":"Private","width":6,"source":"cov-non-city-streets","type":"Private"},"geometry":{"type":"LineString","coordinates":[[-123.1480444,49.2930426],[-123.1480135,49.2936861],[-123.1480156,49.2939129]]}},{"type":"Feature","properties":{"name":"STANLEY PARK DRIVE","class":"Private","width":6,"source":"cov-non-city-streets","type":"Private"},"geometry":{"type":"LineString","coordinates":[[-123.1426071,49.3112056],[-123.1425415,49.3111316],[-123.1424492,49.3110032],[-123.1423741,49.3108688]]}},{"type":"Feature","properties":{"name":"FOUNTAIN WAY","class":"Private","width":6,"source":"cov-non-city-streets","type":"Private"},"geometry":{"type":"LineString","coordinates":[[-123.1327531,49.2677059],[-123.1328467,49.2675557],[-123.1329353,49.2675318],[-123.1331606,49.267171]]}},{"type":"Feature","properties":{"name":"BOATHOUSE MEWS","class":"Private","width":6,"source":"cov-non-city-streets","type":"Private"},"geometry":{"type":"LineString","coordinates":[[-123.1173521,49.2742187],[-123.1175217,49.2734747]]}},{"type":"Feature","properties":{"name":"STANLEY PARK DRIVE","class":"Private","width":6,"source":"cov-non-city-streets","type":"Private"},"geometry":{"type":"LineString","coordinates":[[-123.130811,49.2978833],[-123.1306481,49.2979246],[-123.1304752,49.2979505],[-123.1302785,49.2979508],[-123.1301251,49.2979328],[-123.1299751,49.2978995]]}},{"type":"Feature","properties":{"name":"STANLEY PARK DRIVE","class":"Private","width":6,"source":"cov-non-city-streets","type":"Private"},"geometry":{"type":"LineString","coordinates":[[-123.1440152,49.3093951],[-123.1437466,49.309781]]}},{"type":"Feature","properties":{"name":"STANLEY PARK DRIVE","class":"Private","width":6,"source":"cov-non-city-streets","type":"Private"},"geometry":{"type":"LineString","coordinates":[[-123.135137,49.2969314],[-123.135341,49.2969948],[-123.1355971,49.2971064]]}},{"type":"Feature","properties":{"name":"STANLEY PARK DRIVE","class":"Private","width":6,"source":"cov-non-city-streets","type":"Private"},"geometry":{"type":"LineString","coordinates":[[-123.131126,49.2984279],[-123.1311353,49.2982834]]}},{"type":"Feature","properties":{"name":"STRATHMORE MEWS","class":"Private","width":6,"source":"cov-non-city-streets","type":"Private"},"geometry":{"type":"LineString","coordinates":[[-123.1272759,49.2727145],[-123.1279669,49.2722574]]}},{"type":"Feature","properties":{"name":"STANLEY PARK DRIVE","class":"Private","width":6,"source":"cov-non-city-streets","type":"Private"},"geometry":{"type":"LineString","coordinates":[[-123.1368877,49.2972161],[-123.1368081,49.2972419],[-123.1365941,49.2973345]]}},{"type":"Feature","properties":{"name":"STANLEY PARK DRIVE","class":"Private","width":6,"source":"cov-non-city-streets","type":"Private"},"geometry":{"type":"LineString","coordinates":[[-123.1361123,49.2965544],[-123.1360829,49.2964386],[-123.1360684,49.2962613]]}},{"type":"Feature","properties":{"name":"STANLEY PARK DRIVE","class":"Private","width":6,"source":"cov-non-city-streets","type":"Private"},"geometry":{"type":"LineString","coordinates":[[-123.1331858,49.2974274],[-123.1329817,49.2974635],[-123.1328062,49.2974777],[-123.1326305,49.2974639],[-123.1324977,49.2974473],[-123.1323563,49.2974251],[-123.1321173,49.2973993]]}},{"type":"Feature","properties":{"name":"BIRCH WALK","class":"Private","width":6,"source":"cov-non-city-streets","type":"Private"},"geometry":{"type":"LineString","coordinates":[[-123.1344914,49.2683492],[-123.1348546,49.2677644]]}},{"type":"Feature","properties":{"name":"STANLEY PARK DRIVE","class":"Private","width":6,"source":"cov-non-city-streets","type":"Private"},"geometry":{"type":"LineString","coordinates":[[-123.143487,49.2923954],[-123.1435557,49.2924436],[-123.1435902,49.292486],[-123.1436133,49.2925385],[-123.1436022,49.2925987]]}},{"type":"Feature","properties":{"name":"STANLEY PARK DRIVE","class":"Private","width":6,"source":"cov-non-city-streets","type":"Private"},"geometry":{"type":"LineString","coordinates":[[-123.153764,49.3071267],[-123.1533767,49.308082],[-123.1533347,49.3081928],[-123.1532502,49.3082871],[-123.1531742,49.3083592],[-123.152984,49.3084729]]}},{"type":"Feature","properties":{"name":"GAOLER'S MEWS","class":"Private","width":6,"source":"cov-non-city-streets","type":"Private"},"geometry":{"type":"LineString","coordinates":[[-123.1046224,49.2832274],[-123.1047002,49.2830471]]}},{"type":"Feature","properties":{"name":"STANLEY PARK DRIVE","class":"Private","width":6,"source":"cov-non-city-streets","type":"Private"},"geometry":{"type":"LineString","coordinates":[[-123.1309794,49.2980491],[-123.130811,49.2978833]]}},{"type":"Feature","properties":{"name":"STANLEY PARK DRIVE","class":"Private","width":6,"source":"cov-non-city-streets","type":"Private"},"geometry":{"type":"LineString","coordinates":[[-123.1473791,49.2930888],[-123.1475013,49.2931578],[-123.1476739,49.2933414],[-123.1478296,49.2935927],[-123.1479046,49.2937426],[-123.1480156,49.2939129]]}},{"type":"Feature","properties":{"name":"STANLEY PARK DRIVE","class":"Private","width":6,"source":"cov-non-city-streets","type":"Private"},"geometry":{"type":"LineString","coordinates":[[-123.1538882,49.3068642],[-123.1539102,49.3066992],[-123.1538845,49.3065497],[-123.1537387,49.3060015],[-123.1537212,49.3058298],[-123.153677,49.3052261]]}},{"type":"Feature","properties":{"name":"AQUARIUS MEWS","class":"Private","width":6,"source":"cov-non-city-streets","type":"Private"},"geometry":{"type":"LineString","coordinates":[[-123.1190684,49.2739112],[-123.1188394,49.2734443]]}},{"type":"Feature","properties":{"name":"STANLEY PARK DRIVE","class":"Private","width":6,"source":"cov-non-city-streets","type":"Private"},"geometry":{"type":"LineString","coordinates":[[-123.1452311,49.3062236],[-123.1452993,49.3057817],[-123.1453073,49.3052912],[-123.1453251,49.3048937],[-123.1452953,49.3044342],[-123.1452276,49.3040555],[-123.1451507,49.3037327],[-123.1450167,49.3033851],[-123.1448541,49.3030128],[-123.1446822,49.30269],[-123.1444626,49.302355],[-123.1442599,49.302077]]}},{"type":"Feature","properties":{"name":"STANLEY PARK DRIVE","class":"Private","width":6,"source":"cov-non-city-streets","type":"Private"},"geometry":{"type":"LineString","coordinates":[[-123.1442599,49.302077],[-123.1438145,49.3015611],[-123.1435191,49.301251],[-123.1431952,49.3009471],[-123.1427857,49.300606],[-123.1423574,49.3003023],[-123.1418243,49.2999366],[-123.1413771,49.2996764],[-123.1409396,49.2994409],[-123.140495,49.2992213]]}},{"type":"Feature","properties":{"name":"STANLEY PARK DRIVE","class":"Private","width":6,"source":"cov-non-city-streets","type":"Private"},"geometry":{"type":"LineString","coordinates":[[-123.1499194,49.2957583],[-123.150222,49.2958778],[-123.1505867,49.2960324],[-123.1508513,49.2961583]]}},{"type":"Feature","properties":{"name":"BEATTY WALK","class":"Private","width":6,"source":"cov-non-city-streets","type":"Private"},"geometry":{"type":"LineString","coordinates":[[-123.1171607,49.2754746],[-123.1179774,49.274929],[-123.1187469,49.2747201],[-123.1192796,49.2745179]]}},{"type":"Feature","properties":{"name":"STANLEY PARK DRIVE","class":"Private","width":6,"source":"cov-non-city-streets","type":"Private"},"geometry":{"type":"LineString","coordinates":[[-123.1495156,49.2957754],[-123.1492756,49.2958672],[-123.1490232,49.2959076],[-123.1469626,49.2959526],[-123.1466971,49.2960006]]}},{"type":"Feature","properties":{"name":"STANLEY PARK DRIVE","class":"Private","width":6,"source":"cov-non-city-streets","type":"Private"},"geometry":{"type":"LineString","coordinates":[[-123.1499194,49.2957583],[-123.1497927,49.2957337],[-123.1496906,49.2957323],[-123.1496088,49.2957481],[-123.1495156,49.2957754]]}},{"type":"Feature","properties":{"name":"STANLEY PARK DRIVE","class":"Private","width":6,"source":"cov-non-city-streets","type":"Private"},"geometry":{"type":"LineString","coordinates":[[-123.153677,49.3052261],[-123.1536423,49.3049768],[-123.1535088,49.303837]]}},{"type":"Feature","properties":{"name":"STANLEY PARK DRIVE","class":"Private","width":6,"source":"cov-non-city-streets","type":"Private"},"geometry":{"type":"LineString","coordinates":[[-123.1362064,49.2967017],[-123.1362968,49.2968619],[-123.1364471,49.2970514],[-123.1368007,49.2974081],[-123.1370962,49.2976637],[-123.1373674,49.2978436],[-123.1376577,49.2980076],[-123.1379142,49.2981275],[-123.1385889,49.2984031],[-123.140495,49.2992213]]}},{"type":"Feature","properties":{"name":"STANLEY PARK DRIVE","class":"Private","width":6,"source":"cov-non-city-streets","type":"Private"},"geometry":{"type":"LineString","coordinates":[[-123.135137,49.2969314],[-123.1348754,49.2969513],[-123.13388,49.2971447],[-123.1336959,49.2972108],[-123.133503,49.2972885],[-123.1331858,49.2974274]]}},{"type":"Feature","properties":{"name":"WALKWAY","class":"Other Non-City","width":6,"source":"cov-non-city-streets","type":"Other Non-City"},"geometry":{"type":"LineString","coordinates":[[-123.1362898,49.3089935],[-123.136382,49.3091412],[-123.1364552,49.3092934],[-123.136564,49.3096713],[-123.1366136,49.3097778],[-123.1367064,49.3098712]]}},{"type":"Feature","properties":{"name":"WALKWAY","class":"Other Non-City","width":6,"source":"cov-non-city-streets","type":"Other Non-City"},"geometry":{"type":"LineString","coordinates":[[-123.1328187,49.3058383],[-123.1326514,49.3057206],[-123.1325149,49.3055869],[-123.1324944,49.3055485],[-123.1324633,49.3055132],[-123.1320976,49.3051478],[-123.131837,49.3050793],[-123.1319674,49.3049166]]}},{"type":"Feature","properties":{"name":"WALKWAY","class":"Other Non-City","width":6,"source":"cov-non-city-streets","type":"Other Non-City"},"geometry":{"type":"LineString","coordinates":[[-123.1306691,49.303179],[-123.1302904,49.3029931]]}},{"type":"Feature","properties":{"name":"WALKWAY","class":"Other Non-City","width":6,"source":"cov-non-city-streets","type":"Other Non-City"},"geometry":{"type":"LineString","coordinates":[[-123.1095288,49.2750134],[-123.1087773,49.2755339]]}},{"type":"Feature","properties":{"name":"WALKWAY","class":"Other Non-City","width":6,"source":"cov-non-city-streets","type":"Other Non-City"},"geometry":{"type":"LineString","coordinates":[[-123.1524512,49.3108956],[-123.1523952,49.3112401]]}},{"type":"Feature","properties":{"name":"WALKWAY","class":"Other Non-City","width":6,"source":"cov-non-city-streets","type":"Other Non-City"},"geometry":{"type":"LineString","coordinates":[[-123.1550217,49.3085764],[-123.1548404,49.3086631],[-123.1546215,49.3088116],[-123.1544229,49.3089856],[-123.1543012,49.3091876],[-123.1542153,49.3093156],[-123.1540788,49.309423]]}},{"type":"Feature","properties":{"name":"WALKWAY","class":"Other Non-City","width":6,"source":"cov-non-city-streets","type":"Other Non-City"},"geometry":{"type":"LineString","coordinates":[[-123.1560745,49.3062945],[-123.1560079,49.3070335]]}},{"type":"Feature","properties":{"name":"WALKWAY","class":"Other Non-City","width":6,"source":"cov-non-city-streets","type":"Other Non-City"},"geometry":{"type":"LineString","coordinates":[[-123.1224444,49.3003147],[-123.1220275,49.3001321]]}},{"type":"Feature","properties":{"name":"WALKWAY","class":"Other Non-City","width":6,"source":"cov-non-city-streets","type":"Other Non-City"},"geometry":{"type":"LineString","coordinates":[[-123.1175221,49.3007081],[-123.1176131,49.3006561],[-123.1176905,49.3006007]]}},{"type":"Feature","properties":{"name":"WALKWAY","class":"Other Non-City","width":6,"source":"cov-non-city-streets","type":"Other Non-City"},"geometry":{"type":"LineString","coordinates":[[-123.1170617,49.3008699],[-123.1170053,49.3008685]]}},{"type":"Feature","properties":{"name":"WALKWAY","class":"Other Non-City","width":6,"source":"cov-non-city-streets","type":"Other Non-City"},"geometry":{"type":"LineString","coordinates":[[-123.1170617,49.3008699],[-123.117111,49.3008484]]}},{"type":"Feature","properties":{"name":"WALKWAY","class":"Other Non-City","width":6,"source":"cov-non-city-streets","type":"Other Non-City"},"geometry":{"type":"LineString","coordinates":[[-123.1095288,49.2750134],[-123.1097464,49.2744962]]}},{"type":"Feature","properties":{"name":"WALKWAY","class":"Other Non-City","width":6,"source":"cov-non-city-streets","type":"Other Non-City"},"geometry":{"type":"LineString","coordinates":[[-123.1224251,49.297693],[-123.1227368,49.2975904],[-123.1230811,49.2976277],[-123.123302,49.2976928]]}},{"type":"Feature","properties":{"name":"WALKWAY","class":"Other Non-City","width":6,"source":"cov-non-city-streets","type":"Other Non-City"},"geometry":{"type":"LineString","coordinates":[[-123.1215837,49.298322],[-123.1217699,49.2982396]]}},{"type":"Feature","properties":{"name":null,"class":"Private","width":6,"source":"cov-non-city-streets","type":"Private"},"geometry":{"type":"LineString","coordinates":[[-123.1238926,49.290178],[-123.1239415,49.2902097],[-123.1233546,49.2905976],[-123.1231413,49.2904637],[-123.1237232,49.2900791],[-123.1238926,49.290178]]}},{"type":"Feature","properties":{"name":null,"class":"Private","width":6,"source":"cov-non-city-streets","type":"Private"},"geometry":{"type":"LineString","coordinates":[[-123.1159638,49.2734239],[-123.1160464,49.2732905],[-123.1158166,49.273292],[-123.1158596,49.2739323],[-123.115998,49.2739328],[-123.1159638,49.2734239]]}},{"type":"Feature","properties":{"name":"OLD BRIDGE ST","class":"Other Non-City","width":6,"source":"cov-non-city-streets","type":"Other Non-City"},"geometry":{"type":"LineString","coordinates":[[-123.1351329,49.2700815],[-123.1357278,49.2696231]]}},{"type":"Feature","properties":{"name":"OLD BRIDGE ST","class":"Other Non-City","width":6,"source":"cov-non-city-streets","type":"Other Non-City"},"geometry":{"type":"LineString","coordinates":[[-123.1345745,49.2705131],[-123.1351329,49.2700815]]}},{"type":"Feature","properties":{"name":"DURANLEAU ST","class":"Other Non-City","width":6,"source":"cov-non-city-streets","type":"Other Non-City"},"geometry":{"type":"LineString","coordinates":[[-123.1359555,49.2713854],[-123.1359409,49.2710239]]}},{"type":"Feature","properties":{"name":null,"class":"Private","width":6,"source":"cov-non-city-streets","type":"Private"},"geometry":{"type":"LineString","coordinates":[[-123.1337647,49.267967],[-123.1340458,49.2675171],[-123.1343831,49.2676074],[-123.1344293,49.2676803],[-123.1345915,49.2677235],[-123.1346802,49.2679723],[-123.1344826,49.2682886]]}},{"type":"Feature","properties":{"name":null,"class":"Private","width":6,"source":"cov-non-city-streets","type":"Private"},"geometry":{"type":"LineString","coordinates":[[-123.1290817,49.2738812],[-123.1285713,49.2742189],[-123.1286299,49.2742569],[-123.1291403,49.2739191],[-123.1290817,49.2738812]]}},{"type":"Feature","properties":{"name":"CARTWRIGHT ST","class":"Other Non-City","width":6,"source":"cov-non-city-streets","type":"Other Non-City"},"geometry":{"type":"LineString","coordinates":[[-123.1351329,49.2700815],[-123.1361462,49.2706425]]}},{"type":"Feature","properties":{"name":null,"class":"Private","width":6,"source":"cov-non-city-streets","type":"Private"},"geometry":{"type":"LineString","coordinates":[[-123.127232,49.2726861],[-123.1273199,49.272743],[-123.1267646,49.2731104],[-123.1266534,49.2730689],[-123.127232,49.2726861]]}},{"type":"Feature","properties":{"name":"ANDERSON ST","class":"Other Non-City","width":6,"source":"cov-non-city-streets","type":"Other Non-City"},"geometry":{"type":"LineString","coordinates":[[-123.1359321,49.2708083],[-123.1361462,49.2706425]]}},{"type":"Feature","properties":{"name":"JOHNSTON ST","class":"Other Non-City","width":6,"source":"cov-non-city-streets","type":"Other Non-City"},"geometry":{"type":"LineString","coordinates":[[-123.1338724,49.2710569],[-123.1318281,49.269442]]}},{"type":"Feature","properties":{"name":null,"class":"Private","width":6,"source":"cov-non-city-streets","type":"Private"},"geometry":{"type":"LineString","coordinates":[[-123.1296897,49.2734789],[-123.1297483,49.2735168],[-123.1291403,49.2739191],[-123.1290817,49.2738812],[-123.1296897,49.2734789]]}},{"type":"Feature","properties":{"name":null,"class":"Private","width":6,"source":"cov-non-city-streets","type":"Private"},"geometry":{"type":"LineString","coordinates":[[-123.1174253,49.2735399],[-123.11756,49.2735631],[-123.1175867,49.2736881],[-123.1175357,49.2736822],[-123.1175098,49.2738089],[-123.1174266,49.2741282],[-123.1173093,49.274108],[-123.1173995,49.2736662],[-123.1173582,49.2736613],[-123.1174253,49.2735399]]}},{"type":"Feature","properties":{"name":"CARTWRIGHT ST","class":"Other Non-City","width":6,"source":"cov-non-city-streets","type":"Other Non-City"},"geometry":{"type":"LineString","coordinates":[[-123.1329639,49.2696397],[-123.1348463,49.2699681],[-123.1351329,49.2700815]]}},{"type":"Feature","properties":{"name":"DURANLEAU ST","class":"Other Non-City","width":6,"source":"cov-non-city-streets","type":"Other Non-City"},"geometry":{"type":"LineString","coordinates":[[-123.1359409,49.2710239],[-123.1359321,49.2708083]]}},{"type":"Feature","properties":{"name":null,"class":"Private","width":6,"source":"cov-non-city-streets","type":"Private"},"geometry":{"type":"LineString","coordinates":[[-123.1104752,49.2785567],[-123.1104015,49.2786055],[-123.1107783,49.278849],[-123.1106367,49.2789427],[-123.1102601,49.2786991],[-123.1101864,49.2787479],[-123.1098795,49.2785494],[-123.1101682,49.2783582],[-123.1104752,49.2785567]]}},{"type":"Feature","properties":{"name":"REGIMENT SQUARE","class":"Private","width":6,"source":"cov-non-city-streets","type":"Private"},"geometry":{"type":"LineString","coordinates":[[-123.1108048,49.2789588],[-123.1100238,49.2784538]]}},{"type":"Feature","properties":{"name":null,"class":"Private","width":6,"source":"cov-non-city-streets","type":"Private"},"geometry":{"type":"LineString","coordinates":[[-123.1390319,49.2697743],[-123.1389643,49.2698946],[-123.1388842,49.2700573],[-123.1389818,49.2702834],[-123.138991,49.2702988],[-123.1390095,49.270316],[-123.1390278,49.2703263],[-123.1390561,49.2703357],[-123.1390792,49.2703393],[-123.1391114,49.2703391],[-123.1392565,49.2703191],[-123.139341,49.2703147],[-123.1394261,49.2703186],[-123.1395246,49.2703339],[-123.1396167,49.2703599],[-123.1397131,49.270397],[-123.1398033,49.2704408],[-123.1398855,49.2704905],[-123.1400034,49.2705722],[-123.1400724,49.2706297],[-123.140138,49.2707014],[-123.1401706,49.2707463],[-123.1401777,49.2707625],[-123.140182,49.2707791],[-123.140181,49.2708127],[-123.1401761,49.2708292],[-123.1401567,49.2708607],[-123.1401267,49.270888],[-123.1400631,49.2709237],[-123.1400493,49.2709366],[-123.1400398,49.2709512],[-123.1400347,49.2709721],[-123.1400367,49.2709877],[-123.1400437,49.2710029],[-123.1400602,49.2710239]]}},{"type":"Feature","properties":{"name":null,"class":"Private","width":6,"source":"cov-non-city-streets","type":"Private"},"geometry":{"type":"LineString","coordinates":[[-123.1368224,49.2688514],[-123.1367386,49.2689166],[-123.1366601,49.2688572],[-123.1365957,49.2688025],[-123.1365357,49.2687457],[-123.136446,49.2686467],[-123.1363699,49.2685429],[-123.1363369,49.2684779],[-123.1363044,49.26843],[-123.1362257,49.2683559],[-123.1361426,49.2682857],[-123.1360233,49.2681967],[-123.1359277,49.2681337],[-123.1358271,49.268074],[-123.135722,49.2680178],[-123.1355751,49.2679487],[-123.1354604,49.2679014],[-123.1353419,49.267858],[-123.1351789,49.2678066],[-123.1350533,49.2677731],[-123.1349136,49.2677414],[-123.1349551,49.2676749]]}},{"type":"Feature","properties":{"name":"STANLEY PARK DRIVE","class":"Private","width":6,"source":"cov-non-city-streets","type":"Private"},"geometry":{"type":"LineString","coordinates":[[-123.1365199,49.2962694],[-123.13644,49.2962006],[-123.1363472,49.2961838],[-123.136272,49.2961865]]}},{"type":"Feature","properties":{"name":"FORESHORE WALK","class":"Private","width":6,"source":"cov-non-city-streets","type":"Private"},"geometry":{"type":"LineString","coordinates":[[-123.1369599,49.2713682],[-123.1368225,49.2710081]]}},{"type":"Feature","properties":{"name":"STANLEY PARK DRIVE","class":"Private","width":6,"source":"cov-non-city-streets","type":"Private"},"geometry":{"type":"LineString","coordinates":[[-123.1245723,49.2980475],[-123.1248717,49.2980455],[-123.1250722,49.2980282],[-123.1253291,49.2979738],[-123.1256123,49.2979022],[-123.1261567,49.2977363]]}},{"type":"Feature","properties":{"name":"STANLEY PARK DRIVE","class":"Private","width":6,"source":"cov-non-city-streets","type":"Private"},"geometry":{"type":"LineString","coordinates":[[-123.1170208,49.2991248],[-123.1170413,49.2989784],[-123.1170855,49.2988553],[-123.1171434,49.2987366],[-123.1172321,49.2986245],[-123.1173482,49.2984991],[-123.1174335,49.2984252]]}},{"type":"Feature","properties":{"name":"STANLEY PARK DRIVE","class":"Private","width":6,"source":"cov-non-city-streets","type":"Private"},"geometry":{"type":"LineString","coordinates":[[-123.1280041,49.3024423],[-123.1278453,49.302432],[-123.1275892,49.3024323],[-123.1269397,49.3024929],[-123.1266928,49.3024991],[-123.1265281,49.3024814]]}},{"type":"Feature","properties":{"name":"STANLEY PARK DRIVE","class":"Private","width":6,"source":"cov-non-city-streets","type":"Private"},"geometry":{"type":"LineString","coordinates":[[-123.1292853,49.3026387],[-123.1291311,49.302616],[-123.1288566,49.3025625],[-123.1285362,49.302515],[-123.1280041,49.3024423]]}},{"type":"Feature","properties":{"name":"PIPELINE ROAD","class":"Private","width":6,"source":"cov-non-city-streets","type":"Private"},"geometry":{"type":"LineString","coordinates":[[-123.1356825,49.3011348],[-123.1355942,49.3011705],[-123.1354567,49.3012056],[-123.1353113,49.3012058],[-123.1351963,49.301171],[-123.1350661,49.3010711],[-123.1345905,49.3006713],[-123.1345871,49.3006411]]}},{"type":"Feature","properties":{"name":"STANLEY PARK DRIVE","class":"Private","width":6,"source":"cov-non-city-streets","type":"Private"},"geometry":{"type":"LineString","coordinates":[[-123.1543146,49.2979303],[-123.1545095,49.2979909],[-123.1547213,49.2980294],[-123.154967,49.2980403],[-123.1552041,49.2980177],[-123.1555933,49.2979397],[-123.1562027,49.2978447],[-123.1564314,49.2978222],[-123.15666,49.2978219],[-123.1568464,49.2978494],[-123.1570413,49.2978935],[-123.1572025,49.2979597],[-123.1573467,49.2980482],[-123.1574996,49.298192],[-123.1576016,49.2983082],[-123.1576686,49.2984297]]}},{"type":"Feature","properties":{"name":"STANLEY PARK DRIVE","class":"Private","width":6,"source":"cov-non-city-streets","type":"Private"},"geometry":{"type":"LineString","coordinates":[[-123.1431028,49.2930626],[-123.1432667,49.2930843],[-123.1434273,49.2930953],[-123.1436109,49.2930989],[-123.1439208,49.2930835],[-123.1441445,49.2930682],[-123.144305,49.2930342],[-123.1446261,49.292985]]}},{"type":"Feature","properties":{"name":"BOATLIFT LANE","class":"Private","width":6,"source":"cov-non-city-streets","type":"Private"},"geometry":{"type":"LineString","coordinates":[[-123.1359697,49.2717259],[-123.1369723,49.2717081]]}},{"type":"Feature","properties":{"name":"GAOLER'S MEWS","class":"Private","width":6,"source":"cov-non-city-streets","type":"Private"},"geometry":{"type":"LineString","coordinates":[[-123.1046224,49.2832274],[-123.1047877,49.2832566]]}},{"type":"Feature","properties":{"name":"GAOLER'S MEWS","class":"Private","width":6,"source":"cov-non-city-streets","type":"Private"},"geometry":{"type":"LineString","coordinates":[[-123.104413,49.2831892],[-123.1046224,49.2832274]]}},{"type":"Feature","properties":{"name":"AVISON WAY","class":"Private","width":6,"source":"cov-non-city-streets","type":"Private"},"geometry":{"type":"LineString","coordinates":[[-123.1296002,49.3013103],[-123.1299032,49.3011636],[-123.1300469,49.3010305],[-123.1301482,49.3009029],[-123.1302467,49.3006931]]}},{"type":"Feature","properties":{"name":"STANLEY PARK DRIVE","class":"Private","width":6,"source":"cov-non-city-streets","type":"Private"},"geometry":{"type":"LineString","coordinates":[[-123.1381663,49.3104058],[-123.1380185,49.3104035],[-123.1378308,49.3103761]]}},{"type":"Feature","properties":{"name":"STANLEY PARK DRIVE","class":"Private","width":6,"source":"cov-non-city-streets","type":"Private"},"geometry":{"type":"LineString","coordinates":[[-123.1538882,49.3068642],[-123.1538307,49.3070067],[-123.153764,49.3071267]]}},{"type":"Feature","properties":{"name":"STANLEY PARK DRIVE","class":"Private","width":6,"source":"cov-non-city-streets","type":"Private"},"geometry":{"type":"LineString","coordinates":[[-123.1576686,49.2984297],[-123.157689,49.2986367],[-123.157703,49.298704],[-123.1577687,49.2989199],[-123.1578198,49.2990306]]}},{"type":"Feature","properties":{"name":"STANLEY PARK DRIVE","class":"Private","width":6,"source":"cov-non-city-streets","type":"Private"},"geometry":{"type":"LineString","coordinates":[[-123.1275748,49.2965827],[-123.1278158,49.2964945],[-123.1279999,49.2964363],[-123.1281406,49.2964131],[-123.128307,49.2964248],[-123.1284537,49.2964603],[-123.1285903,49.2965137],[-123.1287066,49.2965827],[-123.128833,49.2966718],[-123.1289432,49.2967821]]}},{"type":"Feature","properties":{"name":"PIPELINE ROAD","class":"Private","width":6,"source":"cov-non-city-streets","type":"Private"},"geometry":{"type":"LineString","coordinates":[[-123.136192,49.2975646],[-123.1360695,49.2976438],[-123.1359365,49.2977725],[-123.1358491,49.2979101]]}},{"type":"Feature","properties":{"name":"STANLEY PARK DRIVE","class":"Private","width":6,"source":"cov-non-city-streets","type":"Private"},"geometry":{"type":"LineString","coordinates":[[-123.1469147,49.2907795],[-123.147225,49.2909105],[-123.1474722,49.2910865],[-123.1481163,49.291596],[-123.1482315,49.291716],[-123.1482664,49.2918772],[-123.1482897,49.2920085],[-123.1482731,49.2921924],[-123.1482505,49.2923313],[-123.1482049,49.2924401],[-123.1480683,49.2927968],[-123.1480516,49.2929432],[-123.1480444,49.2930426]]}},{"type":"Feature","properties":{"name":"STANLEY PARK DRIVE","class":"Private","width":6,"source":"cov-non-city-streets","type":"Private"},"geometry":{"type":"LineString","coordinates":[[-123.1473791,49.2930888],[-123.1474953,49.2930977],[-123.1476961,49.2930862],[-123.1479255,49.2930596],[-123.1480444,49.2930426]]}},{"type":"Feature","properties":{"name":"STANLEY PARK DRIVE","class":"Private","width":6,"source":"cov-non-city-streets","type":"Private"},"geometry":{"type":"LineString","coordinates":[[-123.1442734,49.2967643],[-123.1440821,49.2967545],[-123.143309,49.2966754],[-123.1431252,49.2966656],[-123.142911,49.2966709],[-123.1426051,49.2967213],[-123.1423986,49.2967816],[-123.142215,49.2968619],[-123.1416278,49.2972108],[-123.1414435,49.2973032],[-123.1411987,49.2973836],[-123.1409617,49.2974489],[-123.1396379,49.2976686],[-123.1388731,49.2978106],[-123.1387066,49.2978366],[-123.1384375,49.2978573],[-123.1381085,49.2978576],[-123.1378021,49.297783],[-123.1376105,49.2976881],[-123.1371886,49.2973183],[-123.1371194,49.2972688],[-123.13702,49.2972435],[-123.1368877,49.2972161]]}},{"type":"Feature","properties":{"name":"AVISON WAY","class":"Private","width":6,"source":"cov-non-city-streets","type":"Private"},"geometry":{"type":"LineString","coordinates":[[-123.1265807,49.300056],[-123.1269536,49.3000442],[-123.1272983,49.3001489],[-123.1277751,49.3003923],[-123.1281719,49.3006846],[-123.1284993,49.3008306],[-123.128815,49.3008828],[-123.1294142,49.3008883]]}},{"type":"Feature","properties":{"name":"STANLEY PARK DRIVE","class":"Private","width":6,"source":"cov-non-city-streets","type":"Private"},"geometry":{"type":"LineString","coordinates":[[-123.152984,49.3084729],[-123.1511907,49.3093007],[-123.1509961,49.3093785],[-123.1506492,49.3095009],[-123.1504885,49.3095842],[-123.1502772,49.3097119],[-123.1499222,49.3099727],[-123.1498546,49.3100559],[-123.1497957,49.3101723],[-123.1496776,49.3103276],[-123.1495086,49.3105107],[-123.1492479,49.3106878]]}},{"type":"Feature","properties":{"name":"STANLEY PARK DRIVE","class":"Private","width":6,"source":"cov-non-city-streets","type":"Private"},"geometry":{"type":"LineString","coordinates":[[-123.1321132,49.2974891],[-123.132276,49.2975494],[-123.1323945,49.2976073],[-123.1311353,49.2982834]]}},{"type":"Feature","properties":{"name":"PIPELINE ROAD","class":"Private","width":6,"source":"cov-non-city-streets","type":"Private"},"geometry":{"type":"LineString","coordinates":[[-123.1357261,49.3001472],[-123.1356603,49.3001997],[-123.1355382,49.3002598],[-123.1353623,49.3003151],[-123.1347355,49.3005009],[-123.1346284,49.3005361],[-123.1345826,49.3006012],[-123.1345871,49.3006411]]}},{"type":"Feature","properties":{"name":"SEYMOUR MEWS","class":"Private","width":6,"source":"cov-non-city-streets","type":"Private"},"geometry":{"type":"LineString","coordinates":[[-123.1284338,49.2743727],[-123.1286006,49.2742379],[-123.129111,49.2739002]]}},{"type":"Feature","properties":{"name":"OLD BRIDGE WALK","class":"Private","width":6,"source":"cov-non-city-streets","type":"Private"},"geometry":{"type":"LineString","coordinates":[[-123.1368245,49.2688598],[-123.1368311,49.2688854],[-123.1367403,49.2689572]]}},{"type":"Feature","properties":{"name":"STANLEY PARK DRIVE","class":"Private","width":6,"source":"cov-non-city-streets","type":"Private"},"geometry":{"type":"LineString","coordinates":[[-123.143866,49.2924301],[-123.1446004,49.2919682]]}},{"type":"Feature","properties":{"name":"WALKWAY","class":"Other Non-City","width":6,"source":"cov-non-city-streets","type":"Other Non-City"},"geometry":{"type":"LineString","coordinates":[[-123.1035355,49.2749849],[-123.1032884,49.2749914],[-123.1032221,49.2750085],[-123.1031912,49.2750504]]}},{"type":"Feature","properties":{"name":"STANLEY PARK DRIVE","class":"Private","width":6,"source":"cov-non-city-streets","type":"Private"},"geometry":{"type":"LineString","coordinates":[[-123.1217984,49.2999548],[-123.1215354,49.2998692],[-123.121151,49.2997646],[-123.1202921,49.2996347]]}},{"type":"Feature","properties":{"name":"PIPELINE ROAD","class":"Private","width":6,"source":"cov-non-city-streets","type":"Private"},"geometry":{"type":"LineString","coordinates":[[-123.1378308,49.3103761],[-123.1375604,49.3090407],[-123.1372512,49.3075398],[-123.1371481,49.3069693],[-123.1370967,49.3067922],[-123.1370455,49.3066316],[-123.1370029,49.3065264],[-123.1369262,49.3063547],[-123.1368717,49.306245]]}},{"type":"Feature","properties":{"name":"PIPELINE ROAD","class":"Private","width":6,"source":"cov-non-city-streets","type":"Private"},"geometry":{"type":"LineString","coordinates":[[-123.1357508,49.2993769],[-123.1358491,49.2979101]]}},{"type":"Feature","properties":{"name":"AVISON WAY","class":"Private","width":6,"source":"cov-non-city-streets","type":"Private"},"geometry":{"type":"LineString","coordinates":[[-123.1302742,49.3001269],[-123.1302196,49.2999941],[-123.1301516,49.299879],[-123.1301174,49.299786],[-123.1301241,49.2997018],[-123.1301577,49.2996088],[-123.1302993,49.299365],[-123.1303938,49.2992099],[-123.1304544,49.2990858],[-123.1304678,49.2990061],[-123.1304472,49.2989219],[-123.1304469,49.2988201],[-123.1304671,49.2987492],[-123.1305211,49.2986738],[-123.1306089,49.2986028],[-123.1307579,49.2985362],[-123.1309067,49.2984873],[-123.131126,49.2984279]]}},{"type":"Feature","properties":{"name":"STANLEY PARK DRIVE","class":"Private","width":6,"source":"cov-non-city-streets","type":"Private"},"geometry":{"type":"LineString","coordinates":[[-123.1440152,49.3093951],[-123.1438717,49.3092602],[-123.1437274,49.3091606],[-123.1435069,49.3090446],[-123.1433542,49.3089783],[-123.1431168,49.30889],[-123.1428022,49.3087795]]}},{"type":"Feature","properties":{"name":"STANLEY PARK DRIVE","class":"Private","width":6,"source":"cov-non-city-streets","type":"Private"},"geometry":{"type":"LineString","coordinates":[[-123.1480156,49.2939129],[-123.1480699,49.2941108],[-123.1481978,49.2943766],[-123.1484189,49.294692],[-123.1486568,49.2949576],[-123.14892,49.2951733],[-123.1492424,49.2953945],[-123.1495123,49.2955434]]}},{"type":"Feature","properties":{"name":"STANLEY PARK DRIVE","class":"Private","width":6,"source":"cov-non-city-streets","type":"Private"},"geometry":{"type":"LineString","coordinates":[[-123.1355971,49.2971064],[-123.135746,49.2968143]]}},{"type":"Feature","properties":{"name":"STANLEY PARK DRIVE","class":"Private","width":6,"source":"cov-non-city-streets","type":"Private"},"geometry":{"type":"LineString","coordinates":[[-123.1436022,49.2925987],[-123.143866,49.2924301]]}},{"type":"Feature","properties":{"name":"PIPELINE ROAD","class":"Private","width":6,"source":"cov-non-city-streets","type":"Private"},"geometry":{"type":"LineString","coordinates":[[-123.1368717,49.306245],[-123.1357124,49.3068189],[-123.1355726,49.3069197]]}},{"type":"Feature","properties":{"name":"STANLEY PARK DRIVE","class":"Private","width":6,"source":"cov-non-city-streets","type":"Private"},"geometry":{"type":"LineString","coordinates":[[-123.153764,49.3071267],[-123.1535246,49.3070441],[-123.153625,49.3069017],[-123.1538882,49.3068642]]}},{"type":"Feature","properties":{"name":"SHOREPINE WALK","class":"Private","width":6,"source":"cov-non-city-streets","type":"Private"},"geometry":{"type":"LineString","coordinates":[[-123.1336229,49.2681244],[-123.1340232,49.267482]]}},{"type":"Feature","properties":{"name":"STANLEY PARK DRIVE","class":"Private","width":6,"source":"cov-non-city-streets","type":"Private"},"geometry":{"type":"LineString","coordinates":[[-123.1426071,49.3112056],[-123.1422475,49.3116013],[-123.141755,49.312136],[-123.1403724,49.3136628]]}},{"type":"Feature","properties":{"name":"STANLEY PARK DRIVE","class":"Private","width":6,"source":"cov-non-city-streets","type":"Private"},"geometry":{"type":"LineString","coordinates":[[-123.1361655,49.2973766],[-123.1359722,49.2973311],[-123.1357482,49.2972246]]}},{"type":"Feature","properties":{"name":"STANLEY PARK DRIVE","class":"Private","width":6,"source":"cov-non-city-streets","type":"Private"},"geometry":{"type":"LineString","coordinates":[[-123.1495123,49.2955434],[-123.1495412,49.295606],[-123.1495563,49.2956687],[-123.1495389,49.2957332],[-123.1495156,49.2957754]]}},{"type":"Feature","properties":{"name":"STANLEY PARK DRIVE","class":"Private","width":6,"source":"cov-non-city-streets","type":"Private"},"geometry":{"type":"LineString","coordinates":[[-123.1563627,49.301553],[-123.1567246,49.3015894],[-123.1569378,49.3016145],[-123.1571364,49.3016205]]}},{"type":"Feature","properties":{"name":"STANLEY PARK DRIVE","class":"Private","width":6,"source":"cov-non-city-streets","type":"Private"},"geometry":{"type":"LineString","coordinates":[[-123.1333975,49.3060346],[-123.1332277,49.3059296],[-123.1330495,49.3058079],[-123.1328883,49.3056585],[-123.1327183,49.3054815],[-123.1325593,49.3053034]]}},{"type":"Feature","properties":{"name":"STANLEY PARK DRIVE","class":"Private","width":6,"source":"cov-non-city-streets","type":"Private"},"geometry":{"type":"LineString","coordinates":[[-123.1325593,49.3053034],[-123.1315287,49.3040425]]}},{"type":"Feature","properties":{"name":"SEYMOUR MEWS","class":"Private","width":6,"source":"cov-non-city-streets","type":"Private"},"geometry":{"type":"LineString","coordinates":[[-123.129111,49.2739002],[-123.1298159,49.2734338]]}},{"type":"Feature","properties":{"name":"STANLEY PARK DRIVE","class":"Private","width":6,"source":"cov-non-city-streets","type":"Private"},"geometry":{"type":"LineString","coordinates":[[-123.1265281,49.3024814],[-123.1264254,49.3024485],[-123.1262442,49.302377],[-123.1261112,49.3022845],[-123.1252134,49.3015355]]}},{"type":"Feature","properties":{"name":"STANLEY PARK DRIVE","class":"Private","width":6,"source":"cov-non-city-streets","type":"Private"},"geometry":{"type":"LineString","coordinates":[[-123.1362064,49.2967017],[-123.1362135,49.2964858],[-123.1362227,49.2963278],[-123.136272,49.2961865]]}},{"type":"Feature","properties":{"name":"STANLEY PARK DRIVE","class":"Private","width":6,"source":"cov-non-city-streets","type":"Private"},"geometry":{"type":"LineString","coordinates":[[-123.1578198,49.2990306],[-123.1580336,49.2996508],[-123.1580679,49.2997781],[-123.1580682,49.2998889],[-123.1580603,49.3000662]]}},{"type":"Feature","properties":{"name":"STANLEY PARK DRIVE","class":"Private","width":6,"source":"cov-non-city-streets","type":"Private"},"geometry":{"type":"LineString","coordinates":[[-123.1357482,49.2972246],[-123.1355971,49.2971064]]}},{"type":"Feature","properties":{"name":"FOUNTAIN WAY","class":"Private","width":6,"source":"cov-non-city-streets","type":"Private"},"geometry":{"type":"LineString","coordinates":[[-123.1340232,49.267482],[-123.1344145,49.2675867],[-123.1344608,49.2676595],[-123.1348546,49.2677644]]}},{"type":"Feature","properties":{"name":"PIPELINE ROAD","class":"Private","width":6,"source":"cov-non-city-streets","type":"Private"},"geometry":{"type":"LineString","coordinates":[[-123.1368717,49.306245],[-123.1368451,49.3061357],[-123.1357744,49.3036479],[-123.1357239,49.3034973]]}},{"type":"Feature","properties":{"name":"STANLEY PARK DRIVE","class":"Private","width":6,"source":"cov-non-city-streets","type":"Private"},"geometry":{"type":"LineString","coordinates":[[-123.1435953,49.3100405],[-123.1437575,49.3099883],[-123.1439742,49.3099505],[-123.1442037,49.3099668],[-123.1444144,49.3100499],[-123.1445553,49.3102166],[-123.1445366,49.3104043],[-123.1444222,49.3105336],[-123.1440149,49.3107885],[-123.1436903,49.3110099],[-123.1433213,49.3112856],[-123.1429334,49.311628],[-123.142809,49.3117615]]}},{"type":"Feature","properties":{"name":"STANLEY PARK DRIVE","class":"Private","width":6,"source":"cov-non-city-streets","type":"Private"},"geometry":{"type":"LineString","coordinates":[[-123.1462199,49.2905891],[-123.1464668,49.2906337],[-123.146685,49.290701],[-123.1469147,49.2907795]]}},{"type":"Feature","properties":{"name":"STANLEY PARK DRIVE","class":"Private","width":6,"source":"cov-non-city-streets","type":"Private"},"geometry":{"type":"LineString","coordinates":[[-123.1462199,49.2905891],[-123.1463465,49.290694],[-123.1463811,49.290769],[-123.1463527,49.2908478]]}},{"type":"Feature","properties":{"name":"JERVIS MEWS","class":"Private","width":6,"source":"cov-non-city-streets","type":"Private"},"geometry":{"type":"LineString","coordinates":[[-123.123285,49.2905061],[-123.1239332,49.2900778]]}},{"type":"Feature","properties":{"name":"STANLEY PARK DRIVE","class":"Private","width":6,"source":"cov-non-city-streets","type":"Private"},"geometry":{"type":"LineString","coordinates":[[-123.1404966,49.3107167],[-123.1402916,49.3117603],[-123.140258,49.3118546],[-123.1402092,49.3119061],[-123.1401071,49.3119597],[-123.1399811,49.3119844],[-123.1398517,49.3119734],[-123.1397493,49.3119201],[-123.139681,49.3118489],[-123.1391401,49.310925],[-123.139058,49.3108272],[-123.138942,49.310727],[-123.1387952,49.3106247],[-123.1385607,49.3105069],[-123.138351,49.3104386],[-123.1381663,49.3104058]]}},{"type":"Feature","properties":{"name":"STANLEY PARK DRIVE","class":"Private","width":6,"source":"cov-non-city-streets","type":"Private"},"geometry":{"type":"LineString","coordinates":[[-123.1378308,49.3103761],[-123.1376361,49.3103286],[-123.1374326,49.3102402],[-123.1372967,49.3101129],[-123.1371946,49.3099746],[-123.1371011,49.3098196],[-123.136157,49.3084745],[-123.1360805,49.3083583],[-123.1360292,49.3082142],[-123.1359866,49.3080758],[-123.1359857,49.307749],[-123.1359937,49.3076104],[-123.135985,49.3074885],[-123.1359592,49.3073833],[-123.1358996,49.3072781],[-123.1358231,49.3071675],[-123.1355726,49.3069197]]}},{"type":"Feature","properties":{"name":"STANLEY PARK DRIVE","class":"Private","width":6,"source":"cov-non-city-streets","type":"Private"},"geometry":{"type":"LineString","coordinates":[[-123.1364608,49.2958885],[-123.1363764,49.296002],[-123.136272,49.2961865]]}},{"type":"Feature","properties":{"name":"STANLEY PARK DRIVE","class":"Private","width":6,"source":"cov-non-city-streets","type":"Private"},"geometry":{"type":"LineString","coordinates":[[-123.1368233,49.2951146],[-123.1368188,49.295224],[-123.1367902,49.2953157],[-123.1364608,49.2958885]]}},{"type":"Feature","properties":{"name":"STANLEY PARK DRIVE","class":"Private","width":6,"source":"cov-non-city-streets","type":"Private"},"geometry":{"type":"LineString","coordinates":[[-123.1368233,49.2951146],[-123.1366594,49.2952431],[-123.1365824,49.2953538],[-123.1360684,49.2962613]]}},{"type":"Feature","properties":{"name":"STANLEY PARK DRIVE","class":"Private","width":6,"source":"cov-non-city-streets","type":"Private"},"geometry":{"type":"LineString","coordinates":[[-123.1576686,49.2984297],[-123.1577937,49.2985966],[-123.1578434,49.2987051],[-123.1578575,49.2987606],[-123.1578596,49.2988292],[-123.1578198,49.2990306]]}},{"type":"Feature","properties":{"name":"FOUNTAIN WAY","class":"Private","width":6,"source":"cov-non-city-streets","type":"Private"},"geometry":{"type":"LineString","coordinates":[[-123.1331606,49.267171],[-123.1339076,49.267371],[-123.1339696,49.2674676],[-123.1340232,49.267482]]}},{"type":"Feature","properties":{"name":"STANLEY PARK DRIVE","class":"Private","width":6,"source":"cov-non-city-streets","type":"Private"},"geometry":{"type":"LineString","coordinates":[[-123.143487,49.2923954],[-123.1436245,49.292421],[-123.1437392,49.2924384],[-123.143866,49.2924301]]}},{"type":"Feature","properties":{"name":"WALKWAY","class":"Other Non-City","width":6,"source":"cov-non-city-streets","type":"Other Non-City"},"geometry":{"type":"LineString","coordinates":[[-123.1404405,49.3131797],[-123.1401,49.313132]]}},{"type":"Feature","properties":{"name":"WALKWAY","class":"Other Non-City","width":6,"source":"cov-non-city-streets","type":"Other Non-City"},"geometry":{"type":"LineString","coordinates":[[-123.1398048,49.3130545],[-123.1395319,49.3128473]]}},{"type":"Feature","properties":{"name":"WALKWAY","class":"Other Non-City","width":6,"source":"cov-non-city-streets","type":"Other Non-City"},"geometry":{"type":"LineString","coordinates":[[-123.1523952,49.3112401],[-123.1521715,49.311363]]}},{"type":"Feature","properties":{"name":"WALKWAY","class":"Other Non-City","width":6,"source":"cov-non-city-streets","type":"Other Non-City"},"geometry":{"type":"LineString","coordinates":[[-123.1373045,49.3103438],[-123.1367064,49.3098712]]}},{"type":"Feature","properties":{"name":"WALKWAY","class":"Other Non-City","width":6,"source":"cov-non-city-streets","type":"Other Non-City"},"geometry":{"type":"LineString","coordinates":[[-123.1350539,49.3068598],[-123.134938,49.3068167]]}},{"type":"Feature","properties":{"name":"WALKWAY","class":"Other Non-City","width":6,"source":"cov-non-city-streets","type":"Other Non-City"},"geometry":{"type":"LineString","coordinates":[[-123.117425,49.2981663],[-123.1175221,49.2981097],[-123.1175211,49.2980253],[-123.1176366,49.2980629]]}},{"type":"Feature","properties":{"name":"WALKWAY","class":"Other Non-City","width":6,"source":"cov-non-city-streets","type":"Other Non-City"},"geometry":{"type":"LineString","coordinates":[[-123.1104531,49.2745621],[-123.1097464,49.2744962]]}},{"type":"Feature","properties":{"name":"PULLMAN PORTER ST","class":"Private","width":6,"source":"cov-non-city-streets","type":"Private"},"geometry":{"type":"LineString","coordinates":[[-123.1035778,49.2705982],[-123.1037524,49.2701737]]}},{"type":"Feature","properties":{"name":"MEDICINE RIVER BLVD","class":"Private","width":6,"source":"cov-non-city-streets","type":"Private"},"geometry":{"type":"LineString","coordinates":[[-123.0967871,49.2757353],[-123.0969111,49.2754201]]}},{"type":"Feature","properties":{"name":"SENAKW LANE","class":"Private","width":6,"source":"cov-non-city-streets","type":"Private"},"geometry":{"type":"LineString","coordinates":[[-123.1463134,49.2739517],[-123.1420251,49.2741571],[-123.1419687,49.2741522],[-123.1419186,49.2741352],[-123.1418823,49.2741102],[-123.14185,49.2740697]]}},{"type":"Feature","properties":{"name":"ANDERSON ST","class":"Other Non-City","width":6,"source":"cov-non-city-streets","type":"Other Non-City"},"geometry":{"type":"LineString","coordinates":[[-123.1338724,49.2710569],[-123.1345355,49.2711566],[-123.1346543,49.2711659],[-123.1347595,49.2711691],[-123.1348941,49.2711665],[-123.1350433,49.2711546],[-123.1351898,49.2711334],[-123.13534,49.2711012],[-123.1355886,49.2710741]]}},{"type":"Feature","properties":{"name":"DURANLEAU ST","class":"Other Non-City","width":6,"source":"cov-non-city-streets","type":"Other Non-City"},"geometry":{"type":"LineString","coordinates":[[-123.1360122,49.2727475],[-123.1359697,49.2717259]]}},{"type":"Feature","properties":{"name":null,"class":"Private","width":6,"source":"cov-non-city-streets","type":"Private"},"geometry":{"type":"LineString","coordinates":[[-123.13604,49.2712994],[-123.1368701,49.271285],[-123.1367722,49.2710284],[-123.1367054,49.2710296],[-123.1367192,49.2711256],[-123.136623,49.2711283],[-123.1366216,49.2710959],[-123.1365846,49.2710966],[-123.1365828,49.2710561],[-123.1363603,49.2710601],[-123.1363593,49.2710358],[-123.1360626,49.2710412]]}},{"type":"Feature","properties":{"name":"PULLMAN PORTER ST","class":"Private","width":6,"source":"cov-non-city-streets","type":"Private"},"geometry":{"type":"LineString","coordinates":[[-123.1032526,49.2713887],[-123.1035778,49.2705982]]}},{"type":"Feature","properties":{"name":"HEALING PLACE","class":"Private","width":6,"source":"cov-non-city-streets","type":"Private"},"geometry":{"type":"LineString","coordinates":[[-123.0978084,49.2757731],[-123.0972889,49.2755127],[-123.0972399,49.275491],[-123.0971855,49.2754722],[-123.0971282,49.2754574],[-123.0969111,49.2754201]]}},{"type":"Feature","properties":{"name":"MEDICINE RIVER BLVD","class":"Private","width":6,"source":"cov-non-city-streets","type":"Private"},"geometry":{"type":"LineString","coordinates":[[-123.0969111,49.2754201],[-123.0973171,49.2743872]]}},{"type":"Feature","properties":{"name":"HEALING PLACE","class":"Other Non-City","width":6,"source":"cov-non-city-streets","type":"Other Non-City"},"geometry":{"type":"LineString","coordinates":[[-123.0977052,49.2756471],[-123.097309,49.2754491],[-123.0972344,49.2754199],[-123.097154,49.2753974],[-123.0969858,49.2753676],[-123.0969442,49.2754733],[-123.097096,49.2754998],[-123.0971883,49.2755279],[-123.0975974,49.2757305],[-123.0976597,49.2756772],[-123.0977052,49.2756471]]}},{"type":"Feature","properties":{"name":"RAILSPUR ALLEY","class":"Other Non-City","width":6,"source":"cov-non-city-streets","type":"Other Non-City"},"geometry":{"type":"LineString","coordinates":[[-123.1345745,49.2705131],[-123.1355886,49.2710741]]}},{"type":"Feature","properties":{"name":null,"class":"Private","width":6,"source":"cov-non-city-streets","type":"Private"},"geometry":{"type":"LineString","coordinates":[[-123.1328234,49.2676644],[-123.1328783,49.2675764],[-123.1329669,49.2675524],[-123.1331832,49.2672062],[-123.1338762,49.2673918],[-123.1339383,49.2674884],[-123.1339695,49.2674967],[-123.1336884,49.2679465]]}},{"type":"Feature","properties":{"name":null,"class":"Private","width":6,"source":"cov-non-city-streets","type":"Private"},"geometry":{"type":"LineString","coordinates":[[-123.1044126,49.2832167],[-123.1045729,49.2832459],[-123.1045481,49.2833046],[-123.1046256,49.2833197],[-123.1046511,49.2832602],[-123.1047786,49.2832834]]}},{"type":"Feature","properties":{"name":null,"class":"Private","width":6,"source":"cov-non-city-streets","type":"Private"},"geometry":{"type":"LineString","coordinates":[[-123.0950588,49.2856561],[-123.0950602,49.2855665],[-123.0951709,49.2855586],[-123.0954625,49.2855251],[-123.0956673,49.2854946],[-123.0958811,49.2854563],[-123.0960748,49.2854153],[-123.0981746,49.2849468],[-123.0983131,49.2849296],[-123.0985651,49.2849159],[-123.0986463,49.2849038],[-123.0998639,49.2846282],[-123.1000915,49.2845794],[-123.1003794,49.2845092],[-123.100896,49.284398],[-123.1010174,49.2843804],[-123.1011485,49.2843744],[-123.103046,49.2844005],[-123.1031042,49.2844051],[-123.1032752,49.2844249],[-123.1033563,49.2844393],[-123.1036815,49.2845042],[-123.1037479,49.2845215],[-123.1111126,49.2866446],[-123.1112281,49.2866814],[-123.1113637,49.2867312],[-123.1127027,49.2872747],[-123.1126237,49.2873353],[-123.1113049,49.286812],[-123.1111391,49.2867536],[-123.1036387,49.2845906],[-123.1035278,49.2845656],[-123.1032436,49.2845125],[-123.1030855,49.2844942],[-123.1030363,49.2844903],[-123.1011493,49.2844643],[-123.1010727,49.2844668],[-123.1010088,49.2844737],[-123.1008878,49.2844929],[-123.1006552,49.2845426],[-123.1004256,49.2845939],[-123.1001369,49.2846643],[-123.0999079,49.2847134],[-123.0986842,49.2849903],[-123.0985871,49.2850047],[-123.0983309,49.2850188],[-123.0982122,49.2850334],[-123.0961192,49.2855004],[-123.0959197,49.2855426],[-123.0956999,49.285582],[-123.0954907,49.2856132],[-123.0951894,49.2856478],[-123.0950588,49.2856561]]}},{"type":"Feature","properties":{"name":null,"class":"Private","width":6,"source":"cov-non-city-streets","type":"Private"},"geometry":{"type":"LineString","coordinates":[[-123.1186585,49.2747141],[-123.1180734,49.2748728],[-123.1180362,49.2748549],[-123.117991,49.2748473],[-123.1178357,49.2746031],[-123.1177053,49.2745842],[-123.1178789,49.2748571],[-123.1178494,49.2748804],[-123.1178313,49.2749105],[-123.1178289,49.2749411],[-123.1178411,49.2749707],[-123.1172181,49.2753846],[-123.1172925,49.2754326],[-123.1179586,49.2749901],[-123.1182932,49.2748993],[-123.1182801,49.2748787],[-123.118841,49.2747246],[-123.1186585,49.2747141]]}},{"type":"Feature","properties":{"name":"ANDERSON ST","class":"Other Non-City","width":6,"source":"cov-non-city-streets","type":"Other Non-City"},"geometry":{"type":"LineString","coordinates":[[-123.1355886,49.2710741],[-123.1359321,49.2708083]]}},{"type":"Feature","properties":{"name":null,"class":"Private","width":6,"source":"cov-non-city-streets","type":"Private"},"geometry":{"type":"LineString","coordinates":[[-123.1187931,49.2735372],[-123.1189584,49.2735004],[-123.1191191,49.2738278],[-123.119149,49.2738384],[-123.1191703,49.273851],[-123.1191873,49.2738662],[-123.119199,49.2738833],[-123.119205,49.2739017],[-123.1192051,49.2739205],[-123.119194,49.2739477],[-123.1191797,49.273964],[-123.1191605,49.273978],[-123.1191245,49.2739933],[-123.1190686,49.2740011],[-123.1190261,49.2739968],[-123.1189999,49.2739892],[-123.1189766,49.2739781],[-123.1189495,49.2739563],[-123.1189377,49.2739392],[-123.118931,49.2739114],[-123.1189376,49.2738836],[-123.1189529,49.2738627],[-123.1187931,49.2735372]]}},{"type":"Feature","properties":{"name":"DURANLEAU ST","class":"Other Non-City","width":6,"source":"cov-non-city-streets","type":"Other Non-City"},"geometry":{"type":"LineString","coordinates":[[-123.1359697,49.2717259],[-123.1359555,49.2713854]]}},{"type":"Feature","properties":{"name":"JOHNSTON ST","class":"Other Non-City","width":6,"source":"cov-non-city-streets","type":"Other Non-City"},"geometry":{"type":"LineString","coordinates":[[-123.1351733,49.272085],[-123.1338724,49.2710569]]}},{"type":"Feature","properties":{"name":null,"class":"Private","width":6,"source":"cov-non-city-streets","type":"Private"},"geometry":{"type":"LineString","coordinates":[[-123.1278241,49.2722943],[-123.1279121,49.2723512],[-123.1273199,49.272743],[-123.127232,49.2726861],[-123.1278241,49.2722943]]}},{"type":"Feature","properties":{"name":null,"class":"Private","width":6,"source":"cov-non-city-streets","type":"Private"},"geometry":{"type":"LineString","coordinates":[[-123.1153678,49.2691646],[-123.1154005,49.2691442],[-123.116189,49.2691595],[-123.1161931,49.2690695],[-123.1154459,49.2690551],[-123.1153748,49.2690059]]}},{"type":"Feature","properties":{"name":"E WATERFRONT ROAD","class":"Other Non-City","width":6,"source":"cov-non-city-streets","type":"Other Non-City"},"geometry":{"type":"LineString","coordinates":[[-123.1042113,49.2847043],[-123.1036585,49.2845466],[-123.1034364,49.2845009],[-123.1032594,49.2844687],[-123.1030949,49.2844497],[-123.1030411,49.2844454],[-123.1011489,49.2844193],[-123.1010287,49.2844248],[-123.1008681,49.2844498],[-123.1006334,49.2845],[-123.1004025,49.2845516],[-123.1001142,49.2846218],[-123.0998859,49.2846708],[-123.0986652,49.2849471],[-123.0985761,49.2849603],[-123.098322,49.2849742],[-123.0981934,49.2849901],[-123.096097,49.2854579],[-123.0959004,49.2854995],[-123.0956836,49.2855383],[-123.0954766,49.2855691],[-123.0951801,49.2856032],[-123.0950821,49.2856092]]}},{"type":"Feature","properties":{"name":"COOPERS MEWS","class":"Private","width":6,"source":"cov-non-city-streets","type":"Private"},"geometry":{"type":"LineString","coordinates":[[-123.1159336,49.2740193],[-123.1158768,49.2732125]]}},{"type":"Feature","properties":{"name":"W WATERFRONT ROAD","class":"Other Non-City","width":6,"source":"cov-non-city-streets","type":"Other Non-City"},"geometry":{"type":"LineString","coordinates":[[-123.1042113,49.2847043],[-123.1110841,49.2866855],[-123.111196,49.2867211],[-123.1113465,49.2867771]]}},{"type":"Feature","properties":{"name":"W WATERFRONT ROAD","class":"Other Non-City","width":6,"source":"cov-non-city-streets","type":"Other Non-City"},"geometry":{"type":"LineString","coordinates":[[-123.1113465,49.2867771],[-123.11221,49.2871226],[-123.1126831,49.2873014]]}},{"type":"Feature","properties":{"name":null,"class":"Private","width":6,"source":"cov-non-city-streets","type":"Private"},"geometry":{"type":"LineString","coordinates":[[-123.1368387,49.2689226],[-123.1365576,49.26914],[-123.1361926,49.2693883]]}},{"type":"Feature","properties":{"name":null,"class":"Private","width":6,"source":"cov-non-city-streets","type":"Private"},"geometry":{"type":"LineString","coordinates":[[-123.1225156,49.2728038],[-123.1222898,49.2729531],[-123.1226347,49.2735146],[-123.122557,49.273535],[-123.1221915,49.2729401],[-123.122456,49.2727652],[-123.1225156,49.2728038]]}},{"type":"Feature","properties":{"name":"OLD BRIDGE ST","class":"Other Non-City","width":6,"source":"cov-non-city-streets","type":"Other Non-City"},"geometry":{"type":"LineString","coordinates":[[-123.1338724,49.2710569],[-123.1345745,49.2705131]]}},{"type":"Feature","properties":{"name":"STANLEY PARK DRIVE","class":"Private","width":6,"source":"cov-non-city-streets","type":"Private"},"geometry":{"type":"LineString","coordinates":[[-123.1321132,49.2974891],[-123.1309794,49.2980491]]}},{"type":"Feature","properties":{"name":"STANLEY PARK DRIVE","class":"Private","width":6,"source":"cov-non-city-streets","type":"Private"},"geometry":{"type":"LineString","coordinates":[[-123.1311353,49.2982834],[-123.1310314,49.2981651],[-123.1309794,49.2980491]]}},{"type":"Feature","properties":{"name":"STANLEY PARK DRIVE","class":"Private","width":6,"source":"cov-non-city-streets","type":"Private"},"geometry":{"type":"LineString","coordinates":[[-123.1321173,49.2973993],[-123.1321132,49.2974891]]}},{"type":"Feature","properties":{"name":"STANLEY PARK DRIVE","class":"Private","width":6,"source":"cov-non-city-streets","type":"Private"},"geometry":{"type":"LineString","coordinates":[[-123.1435953,49.3100405],[-123.1432419,49.310507],[-123.1426071,49.3112056]]}},{"type":"Feature","properties":{"name":"MARITIME MEWS","class":"Private","width":6,"source":"cov-non-city-streets","type":"Private"},"geometry":{"type":"LineString","coordinates":[[-123.1359409,49.2710239],[-123.1368225,49.2710081]]}},{"type":"Feature","properties":{"name":"FORESHORE WALK","class":"Private","width":6,"source":"cov-non-city-streets","type":"Private"},"geometry":{"type":"LineString","coordinates":[[-123.1369723,49.2717081],[-123.1369599,49.2713682]]}},{"type":"Feature","properties":{"name":"STANLEY PARK DRIVE","class":"Private","width":6,"source":"cov-non-city-streets","type":"Private"},"geometry":{"type":"LineString","coordinates":[[-123.1364608,49.2958885],[-123.1364582,49.2960915],[-123.1364807,49.2961642],[-123.1365199,49.2962694]]}},{"type":"Feature","properties":{"name":"STANLEY PARK DRIVE","class":"Private","width":6,"source":"cov-non-city-streets","type":"Private"},"geometry":{"type":"LineString","coordinates":[[-123.1233913,49.297905],[-123.1230776,49.2978615],[-123.1228906,49.2978579],[-123.122732,49.2978841],[-123.1225394,49.2979399],[-123.1223531,49.2980562],[-123.1221717,49.298185],[-123.1219964,49.2983186],[-123.1218435,49.2984225],[-123.1217021,49.2984968],[-123.121521,49.2985674],[-123.1212804,49.298622]]}},{"type":"Feature","properties":{"name":"STANLEY PARK DRIVE","class":"Private","width":6,"source":"cov-non-city-streets","type":"Private"},"geometry":{"type":"LineString","coordinates":[[-123.1241133,49.3008428],[-123.1229887,49.3004152],[-123.1224175,49.3001884],[-123.1220515,49.3000467],[-123.1217984,49.2999548]]}},{"type":"Feature","properties":{"name":"AVISON WAY","class":"Private","width":6,"source":"cov-non-city-streets","type":"Private"},"geometry":{"type":"LineString","coordinates":[[-123.1252134,49.3015355],[-123.1252471,49.3014086],[-123.1254355,49.301033],[-123.126168,49.300244],[-123.1263169,49.3001313],[-123.1265807,49.300056]]}},{"type":"Feature","properties":{"name":"AVISON WAY","class":"Private","width":6,"source":"cov-non-city-streets","type":"Private"},"geometry":{"type":"LineString","coordinates":[[-123.1302467,49.3006931],[-123.1302957,49.3005653],[-123.1303225,49.3004591],[-123.1303289,49.300335],[-123.1303084,49.3002287],[-123.1302742,49.3001269]]}},{"type":"Feature","properties":{"name":"STANLEY PARK DRIVE","class":"Private","width":6,"source":"cov-non-city-streets","type":"Private"},"geometry":{"type":"LineString","coordinates":[[-123.1355726,49.3069197],[-123.1354495,49.3068852],[-123.13517,49.3068191],[-123.1348817,49.3067308],[-123.1345849,49.3066314],[-123.1343644,49.306543],[-123.1333975,49.3060346]]}},{"type":"Feature","properties":{"name":"STANLEY PARK DRIVE","class":"Private","width":6,"source":"cov-non-city-streets","type":"Private"},"geometry":{"type":"LineString","coordinates":[[-123.1463527,49.2908478],[-123.1464443,49.2908064],[-123.1465361,49.2907838],[-123.146668,49.2907611],[-123.1469147,49.2907795]]}},{"type":"Feature","properties":{"name":"STANLEY PARK DRIVE","class":"Private","width":6,"source":"cov-non-city-streets","type":"Private"},"geometry":{"type":"LineString","coordinates":[[-123.1414202,49.3084342],[-123.1413454,49.3085099],[-123.1412526,49.3086762],[-123.1411513,49.3087927],[-123.1410163,49.3089923],[-123.1409067,49.3091365],[-123.1408393,49.3092917],[-123.1407805,49.3094524],[-123.1407386,49.3096131],[-123.1406216,49.3101618],[-123.1404966,49.3107167]]}},{"type":"Feature","properties":{"name":"PIPELINE ROAD","class":"Private","width":6,"source":"cov-non-city-streets","type":"Private"},"geometry":{"type":"LineString","coordinates":[[-123.1356825,49.3011348],[-123.1357261,49.3001472]]}},{"type":"Feature","properties":{"name":"PIPELINE ROAD","class":"Private","width":6,"source":"cov-non-city-streets","type":"Private"},"geometry":{"type":"LineString","coordinates":[[-123.1357239,49.3034973],[-123.1356641,49.3033035],[-123.1356299,49.3031484],[-123.1355864,49.3027607],[-123.1355941,49.3025114],[-123.1356515,49.3018244],[-123.1356825,49.3011348]]}},{"type":"Feature","properties":{"name":"STANLEY PARK DRIVE","class":"Private","width":6,"source":"cov-non-city-streets","type":"Private"},"geometry":{"type":"LineString","coordinates":[[-123.1202921,49.2996347],[-123.1200409,49.2987149],[-123.1200408,49.2986786],[-123.1200651,49.29864],[-123.1201067,49.2986059],[-123.1202445,49.2985585]]}},{"type":"Feature","properties":{"name":"STANLEY PARK DRIVE","class":"Private","width":6,"source":"cov-non-city-streets","type":"Private"},"geometry":{"type":"LineString","coordinates":[[-123.1381663,49.3104058],[-123.138358,49.3103322],[-123.13886,49.3102418],[-123.1390441,49.3101872],[-123.1392065,49.3101303],[-123.1393365,49.3100663],[-123.1408072,49.3089953],[-123.1409381,49.3088686],[-123.1411745,49.3085773],[-123.1412509,49.3085151],[-123.1414202,49.3084342]]}},{"type":"Feature","properties":{"name":"STANLEY PARK DRIVE","class":"Private","width":6,"source":"cov-non-city-streets","type":"Private"},"geometry":{"type":"LineString","coordinates":[[-123.1423741,49.3108688],[-123.142325,49.3107392],[-123.1423044,49.3106389],[-123.1423168,49.3105197],[-123.1423588,49.3103756],[-123.1424852,49.3101816],[-123.1426288,49.3100429],[-123.1428544,49.309866]]}},{"type":"Feature","properties":{"name":"STANLEY PARK DRIVE","class":"Private","width":6,"source":"cov-non-city-streets","type":"Private"},"geometry":{"type":"LineString","coordinates":[[-123.1495123,49.2955434],[-123.149641,49.2955934],[-123.1498022,49.2956763],[-123.1499194,49.2957583]]}},{"type":"Feature","properties":{"name":"STANLEY PARK DRIVE","class":"Private","width":6,"source":"cov-non-city-streets","type":"Private"},"geometry":{"type":"LineString","coordinates":[[-123.1252134,49.3015355],[-123.1250413,49.301393],[-123.1248874,49.3012723],[-123.1247101,49.3011465],[-123.1245052,49.3010258],[-123.1243043,49.3009283],[-123.1241133,49.3008428]]}},{"type":"Feature","properties":{"name":"STANLEY PARK DRIVE","class":"Private","width":6,"source":"cov-non-city-streets","type":"Private"},"geometry":{"type":"LineString","coordinates":[[-123.1427873,49.2930275],[-123.1428918,49.2930548],[-123.1430181,49.2930646],[-123.1431028,49.2930626]]}},{"type":"Feature","properties":{"name":"STANLEY PARK DRIVE","class":"Private","width":6,"source":"cov-non-city-streets","type":"Private"},"geometry":{"type":"LineString","coordinates":[[-123.131126,49.2984279],[-123.1308735,49.2983822],[-123.1306688,49.2983207],[-123.1304799,49.2982386],[-123.1303184,49.2981539],[-123.1299751,49.2978995]]}},{"type":"Feature","properties":{"name":"ROUNDHOUSE MEWS","class":"Private","width":6,"source":"cov-non-city-streets","type":"Private"},"geometry":{"type":"LineString","coordinates":[[-123.1225824,49.2727206],[-123.1222407,49.2729466],[-123.1226987,49.2736922]]}},{"type":"Feature","properties":{"name":"STANLEY PARK DRIVE","class":"Private","width":6,"source":"cov-non-city-streets","type":"Private"},"geometry":{"type":"LineString","coordinates":[[-123.1428022,49.3087795],[-123.1426079,49.3086524],[-123.1423958,49.3085253],[-123.1421752,49.3084203],[-123.1419887,49.3083651],[-123.1417853,49.3083431],[-123.141616,49.30836],[-123.141489,49.3083934],[-123.1414202,49.3084342]]}},{"type":"Feature","properties":{"name":"STANLEY PARK DRIVE","class":"Private","width":6,"source":"cov-non-city-streets","type":"Private"},"geometry":{"type":"LineString","coordinates":[[-123.136272,49.2961865],[-123.1360684,49.2962613]]}},{"type":"Feature","properties":{"name":"STANLEY PARK DRIVE","class":"Private","width":6,"source":"cov-non-city-streets","type":"Private"},"geometry":{"type":"LineString","coordinates":[[-123.1571364,49.3016205],[-123.1570054,49.3015605],[-123.1569325,49.3014783],[-123.1568984,49.301396],[-123.1568825,49.3012788]]}},{"type":"Feature","properties":{"name":"STANLEY PARK DRIVE","class":"Private","width":6,"source":"cov-non-city-streets","type":"Private"},"geometry":{"type":"LineString","coordinates":[[-123.1580603,49.3000662],[-123.1580814,49.3002319],[-123.1580879,49.3006912],[-123.1579187,49.3008245],[-123.157769,49.3009672],[-123.1574074,49.3015125],[-123.1572817,49.3015887],[-123.1571364,49.3016205]]}},{"type":"Feature","properties":{"name":"STANLEY PARK DRIVE","class":"Private","width":6,"source":"cov-non-city-streets","type":"Private"},"geometry":{"type":"LineString","coordinates":[[-123.1427873,49.2930275],[-123.1428879,49.2929948],[-123.1429796,49.2929697],[-123.1430789,49.2929477]]}},{"type":"Feature","properties":{"name":"PENNYFARTHING DRIVE","class":"Private","width":6,"source":"cov-non-city-streets","type":"Private"},"geometry":{"type":"LineString","coordinates":[[-123.140799,49.2727952],[-123.1411178,49.2728252],[-123.1417811,49.2730353],[-123.1418478,49.2729357],[-123.1418805,49.2728775],[-123.141913,49.27281],[-123.1419572,49.2726896],[-123.141982,49.2725849],[-123.1419934,49.2724967],[-123.1419964,49.2724173],[-123.1419918,49.2723288],[-123.1419802,49.2722495],[-123.1419618,49.2721708],[-123.1419399,49.2721018],[-123.1419088,49.2720249],[-123.1418659,49.2719395],[-123.1418082,49.2718463],[-123.1417335,49.271748],[-123.1411827,49.2711158],[-123.1411166,49.2710344]]}},{"type":"Feature","properties":{"name":"STANLEY PARK DRIVE","class":"Private","width":6,"source":"cov-non-city-streets","type":"Private"},"geometry":{"type":"LineString","coordinates":[[-123.1492479,49.3106878],[-123.149014,49.3108306],[-123.1484725,49.3110483],[-123.1480055,49.3112218],[-123.1474233,49.3114528],[-123.1470647,49.3116083],[-123.14676,49.311715],[-123.1460219,49.3119241],[-123.1455209,49.3120754],[-123.1452841,49.3121953],[-123.1450135,49.3123551],[-123.1448038,49.3124927],[-123.1446077,49.312648],[-123.1444726,49.3127943],[-123.1443645,49.3128963],[-123.1442224,49.3129542],[-123.1432676,49.3132477],[-123.143017,49.313279],[-123.1429152,49.3132481],[-123.1428405,49.313195],[-123.1428404,49.3131464],[-123.1428605,49.3130489],[-123.1428941,49.3129735],[-123.1429549,49.3128716],[-123.1429748,49.3127785],[-123.142809,49.3117615]]}},{"type":"Feature","properties":{"name":"WHEELHOUSE SQUARE","class":"Private","width":6,"source":"cov-non-city-streets","type":"Private"},"geometry":{"type":"LineString","coordinates":[[-123.1152442,49.2690976],[-123.1161462,49.2691155]]}},{"type":"Feature","properties":{"name":"STANLEY PARK DRIVE","class":"Private","width":6,"source":"cov-non-city-streets","type":"Private"},"geometry":{"type":"LineString","coordinates":[[-123.135848,49.2966417],[-123.135746,49.2968143]]}},{"type":"Feature","properties":{"name":"STANLEY PARK DRIVE","class":"Private","width":6,"source":"cov-non-city-streets","type":"Private"},"geometry":{"type":"LineString","coordinates":[[-123.1177983,49.3000577],[-123.1175912,49.3003501],[-123.1174408,49.3005428],[-123.1173344,49.3006368],[-123.1172425,49.3006778],[-123.1171101,49.3007044],[-123.116948,49.300708]]}},{"type":"Feature","properties":{"name":"STANLEY PARK DRIVE","class":"Private","width":6,"source":"cov-non-city-streets","type":"Private"},"geometry":{"type":"LineString","coordinates":[[-123.1508513,49.2961583],[-123.1510531,49.2962755],[-123.1512144,49.2963751],[-123.1526902,49.2971154],[-123.1528174,49.2971928],[-123.1529362,49.2972757],[-123.1543146,49.2979303]]}},{"type":"Feature","properties":{"name":"HOMER MEWS","class":"Private","width":6,"source":"cov-non-city-streets","type":"Private"},"geometry":{"type":"LineString","coordinates":[[-123.1269086,49.2715725],[-123.1279602,49.2709127]]}},{"type":"Feature","properties":{"name":"STANLEY PARK DRIVE","class":"Private","width":6,"source":"cov-non-city-streets","type":"Private"},"geometry":{"type":"LineString","coordinates":[[-123.1306194,49.3029411],[-123.1303396,49.3028528],[-123.1298481,49.3027314],[-123.1292853,49.3026387]]}},{"type":"Feature","properties":{"name":"PIPELINE ROAD","class":"Private","width":6,"source":"cov-non-city-streets","type":"Private"},"geometry":{"type":"LineString","coordinates":[[-123.1357261,49.3001472],[-123.1357266,49.2999037],[-123.1357508,49.2993769]]}},{"type":"Feature","properties":{"name":"STANLEY PARK DRIVE","class":"Private","width":6,"source":"cov-non-city-streets","type":"Private"},"geometry":{"type":"LineString","coordinates":[[-123.1361123,49.2965544],[-123.1359702,49.2965819],[-123.135848,49.2966417]]}},{"type":"Feature","properties":{"name":"STANLEY PARK DRIVE","class":"Private","width":6,"source":"cov-non-city-streets","type":"Private"},"geometry":{"type":"LineString","coordinates":[[-123.1174335,49.2984252],[-123.1176032,49.2983376],[-123.1176866,49.2983106],[-123.117796,49.2982882],[-123.1179261,49.2982746],[-123.1180664,49.2982744],[-123.1185011,49.298312],[-123.1187297,49.2983475]]}},{"type":"Feature","properties":{"name":"STANLEY PARK DRIVE","class":"Private","width":6,"source":"cov-non-city-streets","type":"Private"},"geometry":{"type":"LineString","coordinates":[[-123.1261567,49.2977363],[-123.126457,49.2976219],[-123.1266374,49.29753],[-123.1267777,49.2974348],[-123.1268764,49.2973454],[-123.1269818,49.2972226],[-123.1272131,49.2969323],[-123.1273763,49.2967426],[-123.1274887,49.2966354],[-123.1275748,49.2965827]]}},{"type":"Feature","properties":{"name":"ALVIN NAROD MEWS","class":"Private","width":6,"source":"cov-non-city-streets","type":"Private"},"geometry":{"type":"LineString","coordinates":[[-123.119971,49.2744039],[-123.1200391,49.2745625],[-123.1201013,49.2746358],[-123.1206121,49.2749665]]}},{"type":"Feature","properties":{"name":"STANLEY PARK DRIVE","class":"Private","width":6,"source":"cov-non-city-streets","type":"Private"},"geometry":{"type":"LineString","coordinates":[[-123.1535088,49.303837],[-123.1534268,49.3034423],[-123.1534207,49.3032753],[-123.1534201,49.3030865],[-123.1534528,49.302894],[-123.1535243,49.302658],[-123.1537895,49.3022293],[-123.1539335,49.3020729],[-123.1541495,49.3019275],[-123.1543548,49.3018437],[-123.1546766,49.3017416],[-123.1554315,49.3016317],[-123.1560699,49.3015655],[-123.1563627,49.301553]]}},{"type":"Feature","properties":{"name":"STANLEY PARK DRIVE","class":"Private","width":6,"source":"cov-non-city-streets","type":"Private"},"geometry":{"type":"LineString","coordinates":[[-123.1365199,49.2962694],[-123.1369313,49.2969178],[-123.1369575,49.2969905],[-123.1369429,49.2970948],[-123.1368877,49.2972161]]}},{"type":"Feature","properties":{"name":"STANLEY PARK DRIVE","class":"Private","width":6,"source":"cov-non-city-streets","type":"Private"},"geometry":{"type":"LineString","coordinates":[[-123.1321173,49.2973993],[-123.1319366,49.2974063],[-123.1317556,49.2974483],[-123.131548,49.2975234],[-123.1313591,49.2976195],[-123.1311703,49.2977259],[-123.1309814,49.2978184],[-123.130811,49.2978833]]}},{"type":"Feature","properties":{"name":"STANLEY PARK DRIVE","class":"Private","width":6,"source":"cov-non-city-streets","type":"Private"},"geometry":{"type":"LineString","coordinates":[[-123.1466971,49.2960006],[-123.1465519,49.2960659],[-123.1464068,49.2961511],[-123.1460249,49.2964118],[-123.1458415,49.2965021],[-123.1455891,49.2965825],[-123.1450566,49.2966845],[-123.1445489,49.2967539],[-123.1442734,49.2967643]]}},{"type":"Feature","properties":{"name":"STANLEY PARK DRIVE","class":"Private","width":6,"source":"cov-non-city-streets","type":"Private"},"geometry":{"type":"LineString","coordinates":[[-123.1315287,49.3040425],[-123.1314775,49.3039317],[-123.1314858,49.303843],[-123.1315363,49.3037488],[-123.1315446,49.3036712],[-123.131502,49.3035826],[-123.131417,49.3034664],[-123.1313235,49.3033502],[-123.1311877,49.303234],[-123.1310349,49.3031289],[-123.1308908,49.3030515],[-123.1306194,49.3029411]]}},{"type":"Feature","properties":{"name":"STANLEY PARK DRIVE","class":"Private","width":6,"source":"cov-non-city-streets","type":"Private"},"geometry":{"type":"LineString","coordinates":[[-123.1212804,49.298622],[-123.1211001,49.2986434],[-123.1208674,49.2986437],[-123.120659,49.2986257],[-123.1202445,49.2985585]]}},{"type":"Feature","properties":{"name":"STANLEY PARK DRIVE","class":"Private","width":6,"source":"cov-non-city-streets","type":"Private"},"geometry":{"type":"LineString","coordinates":[[-123.116948,49.300708],[-123.1168194,49.3006662],[-123.1167347,49.3006086],[-123.1166939,49.3005556],[-123.1166459,49.3004354],[-123.1166419,49.300303],[-123.1166711,49.3001802],[-123.1168165,49.2997936]]}},{"type":"Feature","properties":{"name":"STANLEY PARK DRIVE","class":"Private","width":6,"source":"cov-non-city-streets","type":"Private"},"geometry":{"type":"LineString","coordinates":[[-123.1452311,49.3062236],[-123.1451404,49.3067319],[-123.1449807,49.3073345],[-123.1447452,49.307993],[-123.1445091,49.3085088],[-123.1443202,49.3088817],[-123.1440152,49.3093951]]}},{"type":"Feature","properties":{"name":"WALKWAY","class":"Private","width":6,"source":"cov-non-city-streets","type":"Private"},"geometry":{"type":"LineString","coordinates":[[-123.1084706,49.2798471],[-123.1094911,49.2798159],[-123.1096136,49.2798158],[-123.1100986,49.2801127],[-123.1105016,49.2798443],[-123.1105509,49.2798506]]}},{"type":"Feature","properties":{"name":"AVISON WAY","class":"Private","width":6,"source":"cov-non-city-streets","type":"Private"},"geometry":{"type":"LineString","coordinates":[[-123.1292853,49.3026387],[-123.1292084,49.3025883],[-123.129154,49.3025477],[-123.1290793,49.3024587],[-123.1289314,49.3023075],[-123.1288317,49.3021465],[-123.1288041,49.302057],[-123.1288038,49.3019407],[-123.1288547,49.3018153],[-123.1289469,49.3017191],[-123.1291314,49.3015824],[-123.1296002,49.3013103]]}},{"type":"Feature","properties":{"name":"STANLEY PARK DRIVE","class":"Private","width":6,"source":"cov-non-city-streets","type":"Private"},"geometry":{"type":"LineString","coordinates":[[-123.1428544,49.309866],[-123.1430597,49.3096656],[-123.1431271,49.3095326],[-123.1431604,49.3093441],[-123.1431346,49.3092001],[-123.1430325,49.309023],[-123.1428022,49.3087795]]}},{"type":"Feature","properties":{"name":"BEATTY WALK","class":"Private","width":6,"source":"cov-non-city-streets","type":"Private"},"geometry":{"type":"LineString","coordinates":[[-123.117672,49.2744388],[-123.1179829,49.2749275]]}},{"type":"Feature","properties":{"name":"STANLEY PARK DRIVE","class":"Private","width":6,"source":"cov-non-city-streets","type":"Private"},"geometry":{"type":"LineString","coordinates":[[-123.135746,49.2968143],[-123.1356446,49.296849],[-123.1355261,49.2968733],[-123.135137,49.2969314]]}},{"type":"Feature","properties":{"name":"STANLEY PARK DRIVE","class":"Private","width":6,"source":"cov-non-city-streets","type":"Private"},"geometry":{"type":"LineString","coordinates":[[-123.1168165,49.2997936],[-123.1168547,49.2996681],[-123.1169194,49.2995136],[-123.1169669,49.2993659],[-123.1170208,49.2991248]]}},{"type":"Feature","properties":{"name":"STANLEY PARK DRIVE","class":"Private","width":6,"source":"cov-non-city-streets","type":"Private"},"geometry":{"type":"LineString","coordinates":[[-123.1233913,49.297905],[-123.1245723,49.2980475]]}},{"type":"Feature","properties":{"name":"STANLEY PARK DRIVE","class":"Private","width":6,"source":"cov-non-city-streets","type":"Private"},"geometry":{"type":"LineString","coordinates":[[-123.1429228,49.2921497],[-123.1429925,49.2921741],[-123.143487,49.2923954]]}},{"type":"Feature","properties":{"name":"STANLEY PARK DRIVE","class":"Private","width":6,"source":"cov-non-city-streets","type":"Private"},"geometry":{"type":"LineString","coordinates":[[-123.1446261,49.292985],[-123.1453261,49.2929691],[-123.1455097,49.2929614],[-123.145722,49.2929386],[-123.1460431,49.292897],[-123.1462095,49.2928855],[-123.1468522,49.2929559],[-123.1470475,49.2929895],[-123.1472484,49.2930418],[-123.1473791,49.2930888]]}},{"type":"Feature","properties":{"name":"STANLEY PARK DRIVE","class":"Private","width":6,"source":"cov-non-city-streets","type":"Private"},"geometry":{"type":"LineString","coordinates":[[-123.142809,49.3117615],[-123.142807,49.3116189],[-123.1427897,49.3114749],[-123.142747,49.3113752],[-123.1426676,49.3112739],[-123.1426071,49.3112056]]}},{"type":"Feature","properties":{"name":"STANLEY PARK DRIVE","class":"Private","width":6,"source":"cov-non-city-streets","type":"Private"},"geometry":{"type":"LineString","coordinates":[[-123.1202921,49.2996347],[-123.1196037,49.2995308],[-123.119414,49.2995184],[-123.1192298,49.2995119],[-123.1190019,49.2995208],[-123.1187591,49.2995548],[-123.1185386,49.2996152],[-123.1183034,49.2997092]]}},{"type":"Feature","properties":{"name":"FOUNTAIN WAY","class":"Private","width":6,"source":"cov-non-city-streets","type":"Private"},"geometry":{"type":"LineString","coordinates":[[-123.1348546,49.2677644],[-123.1348979,49.2677665],[-123.1350802,49.2678088],[-123.1352432,49.2678557],[-123.1354008,49.2679099],[-123.1355523,49.2679712],[-123.1356614,49.2680216],[-123.1357663,49.2680756],[-123.1358992,49.2681532],[-123.1359932,49.2682152],[-123.1360822,49.2682804],[-123.1361658,49.2683485],[-123.1362439,49.2684194],[-123.1362687,49.2684436],[-123.1362845,49.2684654],[-123.1363066,49.2685024],[-123.1363237,49.2685406],[-123.1363614,49.2685964],[-123.1364097,49.2686594],[-123.136463,49.2687207],[-123.1365211,49.26878],[-123.1365838,49.2688373],[-123.1366511,49.2688924],[-123.1367403,49.2689572]]}},{"type":"Feature","properties":{"name":"STANLEY PARK DRIVE","class":"Private","width":6,"source":"cov-non-city-streets","type":"Private"},"geometry":{"type":"LineString","coordinates":[[-123.1177983,49.3000577],[-123.1176163,49.300083],[-123.1174213,49.3000928],[-123.1172705,49.3000809],[-123.1171048,49.3000426],[-123.1169759,49.2999874],[-123.1168727,49.2999008],[-123.1168165,49.2997936]]}},{"type":"Feature","properties":{"name":"WALKWAY","class":"Other Non-City","width":6,"source":"cov-non-city-streets","type":"Other Non-City"},"geometry":{"type":"LineString","coordinates":[[-123.1432654,49.3137476],[-123.1428233,49.3138815],[-123.1426249,49.3139348],[-123.142413,49.3139566]]}},{"type":"Feature","properties":{"name":"WALKWAY","class":"Other Non-City","width":6,"source":"cov-non-city-streets","type":"Other Non-City"},"geometry":{"type":"LineString","coordinates":[[-123.142413,49.3139566],[-123.1419875,49.3139682],[-123.1417732,49.3139896],[-123.1415679,49.3140354],[-123.1413815,49.3140218],[-123.141267,49.3139246]]}},{"type":"Feature","properties":{"name":"WALKWAY","class":"Other Non-City","width":6,"source":"cov-non-city-streets","type":"Other Non-City"},"geometry":{"type":"LineString","coordinates":[[-123.1389828,49.3119624],[-123.1386528,49.3116219],[-123.1382264,49.3112778]]}},{"type":"Feature","properties":{"name":"WALKWAY","class":"Other Non-City","width":6,"source":"cov-non-city-streets","type":"Other Non-City"},"geometry":{"type":"LineString","coordinates":[[-123.1360906,49.3087343],[-123.1358231,49.3084085],[-123.1357383,49.3082428],[-123.1356787,49.3080724]]}},{"type":"Feature","properties":{"name":"WALKWAY","class":"Other Non-City","width":6,"source":"cov-non-city-streets","type":"Other Non-City"},"geometry":{"type":"LineString","coordinates":[[-123.1356787,49.3080724],[-123.1355352,49.3074797]]}},{"type":"Feature","properties":{"name":"WALKWAY","class":"Other Non-City","width":6,"source":"cov-non-city-streets","type":"Other Non-City"},"geometry":{"type":"LineString","coordinates":[[-123.1121041,49.273758],[-123.1104531,49.2745621]]}},{"type":"Feature","properties":{"name":"WALKWAY","class":"Other Non-City","width":6,"source":"cov-non-city-streets","type":"Other Non-City"},"geometry":{"type":"LineString","coordinates":[[-123.1480365,49.312866],[-123.1472528,49.313082],[-123.1469548,49.3131449],[-123.1466421,49.3131564]]}},{"type":"Feature","properties":{"name":"WALKWAY","class":"Other Non-City","width":6,"source":"cov-non-city-streets","type":"Other Non-City"},"geometry":{"type":"LineString","coordinates":[[-123.1351451,49.2964952],[-123.1354374,49.2962133],[-123.1356285,49.2958964],[-123.1356744,49.2957633]]}},{"type":"Feature","properties":{"name":"WALKWAY","class":"Other Non-City","width":6,"source":"cov-non-city-streets","type":"Other Non-City"},"geometry":{"type":"LineString","coordinates":[[-123.1352749,49.3068965],[-123.1350539,49.3068598]]}},{"type":"Feature","properties":{"name":"WALKWAY","class":"Other Non-City","width":6,"source":"cov-non-city-streets","type":"Other Non-City"},"geometry":{"type":"LineString","coordinates":[[-123.1168446,49.2990007],[-123.1168607,49.2989473],[-123.1168898,49.2988962],[-123.1173425,49.2982463]]}},{"type":"Feature","properties":{"name":"WALKWAY","class":"Other Non-City","width":6,"source":"cov-non-city-streets","type":"Other Non-City"},"geometry":{"type":"LineString","coordinates":[[-123.1201685,49.2980746],[-123.1203439,49.2981832]]}},{"type":"Feature","properties":{"name":"STANLEY PARK DRIVE","class":"Private","width":6,"source":"cov-non-city-streets","type":"Private"},"geometry":{"type":"LineString","coordinates":[[-123.1568825,49.3012788],[-123.1567906,49.3013561],[-123.1566544,49.3014334],[-123.1565365,49.3014843],[-123.1563627,49.301553]]}},{"type":"Feature","properties":{"name":"RICHARDS ST","class":"Lane","width":4,"source":"cov-lanes","type":"Lane"},"geometry":{"type":"LineString","coordinates":[[-123.1156726,49.2809106],[-123.11738,49.2797805]]}},{"type":"Feature","properties":{"name":"W PENDER ST","class":"Lane","width":4,"source":"cov-lanes","type":"Lane"},"geometry":{"type":"LineString","coordinates":[[-123.1158341,49.2846687],[-123.1163196,49.2849836]]}},{"type":"Feature","properties":{"name":"MAIN ST","class":"Lane","width":4,"source":"cov-lanes","type":"Lane"},"geometry":{"type":"LineString","coordinates":[[-123.0990136,49.2785649],[-123.0990373,49.2781127]]}},{"type":"Feature","properties":{"name":"MAIN ST","class":"Lane","width":4,"source":"cov-lanes","type":"Lane"},"geometry":{"type":"LineString","coordinates":[[-123.0989567,49.2799215],[-123.0989771,49.27947]]}},{"type":"Feature","properties":{"name":"HORNBY ST","class":"Lane","width":4,"source":"cov-lanes","type":"Lane"},"geometry":{"type":"LineString","coordinates":[[-123.1276757,49.2781062],[-123.1292696,49.2770516]]}},{"type":"Feature","properties":{"name":"SEYMOUR ST","class":"Lane","width":4,"source":"cov-lanes","type":"Lane"},"geometry":{"type":"LineString","coordinates":[[-123.1215364,49.2783018],[-123.1231288,49.2772486]]}},{"type":"Feature","properties":{"name":"W 1ST AV","class":"Lane","width":4,"source":"cov-lanes","type":"Lane"},"geometry":{"type":"LineString","coordinates":[[-123.1597928,49.2704491],[-123.1621623,49.2704862]]}},{"type":"Feature","properties":{"name":"W 4TH AV","class":"Lane","width":4,"source":"cov-lanes","type":"Lane"},"geometry":{"type":"LineString","coordinates":[[-123.108373,49.267],[-123.1094307,49.2670196]]}},{"type":"Feature","properties":{"name":"HAMILTON ST","class":"Lane","width":4,"source":"cov-lanes","type":"Lane"},"geometry":{"type":"LineString","coordinates":[[-123.1154508,49.2785158],[-123.1170321,49.277471]]}},{"type":"Feature","properties":{"name":"GRANVILLE ST","class":"Lane","width":4,"source":"cov-lanes","type":"Lane"},"geometry":{"type":"LineString","coordinates":[[-123.1181943,49.2817832],[-123.1193215,49.281037]]}},{"type":"Feature","properties":{"name":"E HASTINGS ST","class":"Lane","width":4,"source":"cov-lanes","type":"Lane"},"geometry":{"type":"LineString","coordinates":[[-123.1043682,49.280926],[-123.1022781,49.2808871]]}},{"type":"Feature","properties":{"name":"E PENDER ST","class":"Lane","width":4,"source":"cov-lanes","type":"Lane"},"geometry":{"type":"LineString","coordinates":[[-123.1023167,49.2799826],[-123.1004613,49.2799479]]}},{"type":"Feature","properties":{"name":"CAMBIE ST","class":"Lane","width":4,"source":"cov-lanes","type":"Lane"},"geometry":{"type":"LineString","coordinates":[[-123.1099636,49.2808686],[-123.1103988,49.280587]]}},{"type":"Feature","properties":{"name":"COLUMBIA ST","class":"Lane","width":4,"source":"cov-lanes","type":"Lane"},"geometry":{"type":"LineString","coordinates":[[-123.1003385,49.2827508],[-123.1003583,49.2822992]]}},{"type":"Feature","properties":{"name":"TED NORTHE LANE","class":"Lane","width":4,"source":"cov-lanes","type":"Lane"},"geometry":{"type":"LineString","coordinates":[[-123.1254605,49.2815417],[-123.1274749,49.2828455]]}},{"type":"Feature","properties":{"name":"MELVILLE ST","class":"Lane","width":4,"source":"cov-lanes","type":"Lane"},"geometry":{"type":"LineString","coordinates":[[-123.1247042,49.2875105],[-123.1262764,49.2885278]]}},{"type":"Feature","properties":{"name":"JEPSON-YOUNG LANE","class":"Lane","width":4,"source":"cov-lanes","type":"Lane"},"geometry":{"type":"LineString","coordinates":[[-123.133336,49.2838562],[-123.134712,49.2847466]]}},{"type":"Feature","properties":{"name":"HENSHAW LANE","class":"Lane","width":4,"source":"cov-lanes","type":"Lane"},"geometry":{"type":"LineString","coordinates":[[-123.1360089,49.2869788],[-123.1375806,49.2879961]]}},{"type":"Feature","properties":{"name":"STOVOLD LANE","class":"Lane","width":4,"source":"cov-lanes","type":"Lane"},"geometry":{"type":"LineString","coordinates":[[-123.139976,49.2923289],[-123.1411066,49.2930687]]}},{"type":"Feature","properties":{"name":"ROSEMARY BROWN LANE","class":"Lane","width":4,"source":"cov-lanes","type":"Lane"},"geometry":{"type":"LineString","coordinates":[[-123.1343931,49.2901076],[-123.1359733,49.2911316]]}},{"type":"Feature","properties":{"name":"CORNWALL AV","class":"Lane","width":4,"source":"cov-lanes","type":"Lane"},"geometry":{"type":"LineString","coordinates":[[-123.1573577,49.2721744],[-123.1597272,49.2722125]]}},{"type":"Feature","properties":{"name":"W CORDOVA ST","class":"Lane","width":4,"source":"cov-lanes","type":"Lane"},"geometry":{"type":"LineString","coordinates":[[-123.1043244,49.2819839],[-123.1069897,49.2824721]]}},{"type":"Feature","properties":{"name":"COLUMBIA ST","class":"Lane","width":4,"source":"cov-lanes","type":"Lane"},"geometry":{"type":"LineString","coordinates":[[-123.1003779,49.2818468],[-123.1003997,49.28135]]}},{"type":"Feature","properties":{"name":"W 3RD AV","class":"Lane","width":4,"source":"cov-lanes","type":"Lane"},"geometry":{"type":"LineString","coordinates":[[-123.1046954,49.2678378],[-123.1066295,49.2678724]]}},{"type":"Feature","properties":{"name":"W 2ND AV","class":"Lane","width":4,"source":"cov-lanes","type":"Lane"},"geometry":{"type":"LineString","coordinates":[[-123.1503161,49.2694148],[-123.1504895,49.2694218],[-123.1527168,49.2694535]]}},{"type":"Feature","properties":{"name":"THURLOW ST","class":"Lane","width":4,"source":"cov-lanes","type":"Lane"},"geometry":{"type":"LineString","coordinates":[[-123.1332705,49.2768507],[-123.1343383,49.2765079]]}},{"type":"Feature","properties":{"name":"FIR ST","class":"Lane","width":4,"source":"cov-lanes","type":"Lane"},"geometry":{"type":"LineString","coordinates":[[-123.1390912,49.2683521],[-123.1391077,49.2679104]]}},{"type":"Feature","properties":{"name":"W 2ND AV","class":"Lane","width":4,"source":"cov-lanes","type":"Lane"},"geometry":{"type":"LineString","coordinates":[[-123.1390585,49.2692338],[-123.1408086,49.2692632]]}},{"type":"Feature","properties":{"name":"W 1ST AV","class":"Lane","width":4,"source":"cov-lanes","type":"Lane"},"geometry":{"type":"LineString","coordinates":[[-123.1621623,49.2704862],[-123.16444,49.2705215]]}},{"type":"Feature","properties":{"name":"MAINLAND ST","class":"Lane","width":4,"source":"cov-lanes","type":"Lane"},"geometry":{"type":"LineString","coordinates":[[-123.1206121,49.2749665],[-123.1209368,49.2747483],[-123.1220409,49.2744579]]}},{"type":"Feature","properties":{"name":"MCNICOLL AV","class":"Lane","width":4,"source":"cov-lanes","type":"Lane"},"geometry":{"type":"LineString","coordinates":[[-123.1500768,49.2758144],[-123.1514686,49.2758367]]}},{"type":"Feature","properties":{"name":"POINT GREY ROAD","class":"Lane","width":4,"source":"cov-lanes","type":"Lane"},"geometry":{"type":"LineString","coordinates":[[-123.1643786,49.272247],[-123.1649331,49.272255]]}},{"type":"Feature","properties":{"name":"W 5TH AV","class":"Lane","width":4,"source":"cov-lanes","type":"Lane"},"geometry":{"type":"LineString","coordinates":[[-123.164664,49.267],[-123.165,49.2670052]]}},{"type":"Feature","properties":{"name":"MAIN ST","class":"Lane","width":4,"source":"cov-lanes","type":"Lane"},"geometry":{"type":"LineString","coordinates":[[-123.0999408,49.268061],[-123.0999725,49.2672999]]}},{"type":"Feature","properties":{"name":"ROBSON ST","class":"Lane","width":4,"source":"cov-lanes","type":"Lane"},"geometry":{"type":"LineString","coordinates":[[-123.1148707,49.2775352],[-123.1154268,49.2778966]]}},{"type":"Feature","properties":{"name":"SEYMOUR ST","class":"Lane","width":4,"source":"cov-lanes","type":"Lane"},"geometry":{"type":"LineString","coordinates":[[-123.1149346,49.2826686],[-123.1166434,49.2815388]]}},{"type":"Feature","properties":{"name":"W HASTINGS ST","class":"Lane","width":4,"source":"cov-lanes","type":"Lane"},"geometry":{"type":"LineString","coordinates":[[-123.116328,49.2862461],[-123.1167811,49.2865387]]}},{"type":"Feature","properties":{"name":"STOVOLD LANE","class":"Lane","width":4,"source":"cov-lanes","type":"Lane"},"geometry":{"type":"LineString","coordinates":[[-123.1260095,49.2832894],[-123.1264111,49.2835494]]}},{"type":"Feature","properties":{"name":"HORNBY ST","class":"Lane","width":4,"source":"cov-lanes","type":"Lane"},"geometry":{"type":"LineString","coordinates":[[-123.1292696,49.2770516],[-123.1308617,49.275998]]}},{"type":"Feature","properties":{"name":"PACIFIC ST","class":"Lane","width":4,"source":"cov-lanes","type":"Lane"},"geometry":{"type":"LineString","coordinates":[[-123.1318713,49.2753297],[-123.1323558,49.2756437]]}},{"type":"Feature","properties":{"name":"SEYMOUR ST","class":"Lane","width":4,"source":"cov-lanes","type":"Lane"},"geometry":{"type":"LineString","coordinates":[[-123.1247217,49.2761946],[-123.1263163,49.2751393]]}},{"type":"Feature","properties":{"name":"SEE-EM-IA LANE","class":"Lane","width":4,"source":"cov-lanes","type":"Lane"},"geometry":{"type":"LineString","coordinates":[[-123.1328274,49.2821352],[-123.1344019,49.2831518]]}},{"type":"Feature","properties":{"name":"MAIN ST","class":"Lane","width":4,"source":"cov-lanes","type":"Lane"},"geometry":{"type":"LineString","coordinates":[[-123.0990373,49.2781127],[-123.0990531,49.2776573]]}},{"type":"Feature","properties":{"name":"E CORDOVA ST","class":"Lane","width":4,"source":"cov-lanes","type":"Lane"},"geometry":{"type":"LineString","coordinates":[[-123.0975442,49.2817942],[-123.0953605,49.2817544]]}},{"type":"Feature","properties":{"name":"QUEBEC ST","class":"Lane","width":4,"source":"cov-lanes","type":"Lane"},"geometry":{"type":"LineString","coordinates":[[-123.1015578,49.2677809],[-123.1015768,49.2673288]]}},{"type":"Feature","properties":{"name":"RICHARDS ST","class":"Lane","width":4,"source":"cov-lanes","type":"Lane"},"geometry":{"type":"LineString","coordinates":[[-123.11288,49.2827574],[-123.1139631,49.2820407]]}},{"type":"Feature","properties":{"name":"SEYMOUR ST","class":"Lane","width":4,"source":"cov-lanes","type":"Lane"},"geometry":{"type":"LineString","coordinates":[[-123.1138509,49.2833857],[-123.1149346,49.2826686]]}},{"type":"Feature","properties":{"name":"TED NORTHE LANE","class":"Lane","width":4,"source":"cov-lanes","type":"Lane"},"geometry":{"type":"LineString","coordinates":[[-123.1312107,49.2852632],[-123.1325872,49.286154]]}},{"type":"Feature","properties":{"name":"STOVOLD LANE","class":"Lane","width":4,"source":"cov-lanes","type":"Lane"},"geometry":{"type":"LineString","coordinates":[[-123.1285744,49.2849495],[-123.1301469,49.2859672]]}},{"type":"Feature","properties":{"name":"W HASTINGS ST","class":"Lane","width":4,"source":"cov-lanes","type":"Lane"},"geometry":{"type":"LineString","coordinates":[[-123.1124054,49.2837064],[-123.1133757,49.284335]]}},{"type":"Feature","properties":{"name":"W PENDER ST","class":"Lane","width":4,"source":"cov-lanes","type":"Lane"},"geometry":{"type":"LineString","coordinates":[[-123.1262764,49.2885278],[-123.1276547,49.2894196]]}},{"type":"Feature","properties":{"name":"SEYMOUR ST","class":"Lane","width":4,"source":"cov-lanes","type":"Lane"},"geometry":{"type":"LineString","coordinates":[[-123.1263163,49.2751393],[-123.1279569,49.2740534]]}},{"type":"Feature","properties":{"name":"EIHU LANE","class":"Lane","width":4,"source":"cov-lanes","type":"Lane"},"geometry":{"type":"LineString","coordinates":[[-123.1280201,49.2873743],[-123.1293975,49.2882658]]}},{"type":"Feature","properties":{"name":"W GEORGIA ST","class":"Lane","width":4,"source":"cov-lanes","type":"Lane"},"geometry":{"type":"LineString","coordinates":[[-123.1215221,49.2834479],[-123.1220564,49.2837935]]}},{"type":"Feature","properties":{"name":"STOVOLD LANE","class":"Lane","width":4,"source":"cov-lanes","type":"Lane"},"geometry":{"type":"LineString","coordinates":[[-123.1250865,49.2828782],[-123.1253243,49.2828656],[-123.1253458,49.2828674],[-123.1253653,49.2828735],[-123.1260095,49.2832894]]}},{"type":"Feature","properties":{"name":"W 3RD AV","class":"Lane","width":4,"source":"cov-lanes","type":"Lane"},"geometry":{"type":"LineString","coordinates":[[-123.1432127,49.2684132],[-123.145632,49.2684613]]}},{"type":"Feature","properties":{"name":"MCNICOLL AV","class":"Lane","width":4,"source":"cov-lanes","type":"Lane"},"geometry":{"type":"LineString","coordinates":[[-123.1476779,49.2757754],[-123.1500768,49.2758144]]}},{"type":"Feature","properties":{"name":"TERMINAL AV","class":"Lane","width":4,"source":"cov-lanes","type":"Lane"},"geometry":{"type":"LineString","coordinates":[[-123.0980574,49.2718131],[-123.0979088,49.2718308],[-123.0956739,49.2714541]]}},{"type":"Feature","properties":{"name":"W 2ND AV","class":"Lane","width":4,"source":"cov-lanes","type":"Lane"},"geometry":{"type":"LineString","coordinates":[[-123.1046574,49.2687419],[-123.106593,49.2687768]]}},{"type":"Feature","properties":{"name":"HENSHAW LANE","class":"Lane","width":4,"source":"cov-lanes","type":"Lane"},"geometry":{"type":"LineString","coordinates":[[-123.1421008,49.2909213],[-123.1434523,49.2917962]]}},{"type":"Feature","properties":{"name":"COLUMBIA ST","class":"Lane","width":4,"source":"cov-lanes","type":"Lane"},"geometry":{"type":"LineString","coordinates":[[-123.1002794,49.2841077],[-123.1003016,49.2835956]]}},{"type":"Feature","properties":{"name":"WATER ST","class":"Lane","width":4,"source":"cov-lanes","type":"Lane"},"geometry":{"type":"LineString","coordinates":[[-123.108936,49.2839471],[-123.1101162,49.2841637]]}},{"type":"Feature","properties":{"name":"GREER AV","class":"Lane","width":4,"source":"cov-lanes","type":"Lane"},"geometry":{"type":"LineString","coordinates":[[-123.146355,49.2729788],[-123.1477843,49.2729559]]}},{"type":"Feature","properties":{"name":"ROBSON ST","class":"Lane","width":4,"source":"cov-lanes","type":"Lane"},"geometry":{"type":"LineString","coordinates":[[-123.1144567,49.2772672],[-123.1148707,49.2775352]]}},{"type":"Feature","properties":{"name":"SEYMOUR ST","class":"Lane","width":4,"source":"cov-lanes","type":"Lane"},"geometry":{"type":"LineString","coordinates":[[-123.1183512,49.2804084],[-123.119943,49.2793548]]}},{"type":"Feature","properties":{"name":"W PENDER ST","class":"Lane","width":4,"source":"cov-lanes","type":"Lane"},"geometry":{"type":"LineString","coordinates":[[-123.1123944,49.282443],[-123.11288,49.2827574]]}},{"type":"Feature","properties":{"name":"MAXINE LANE","class":"Lane","width":4,"source":"cov-lanes","type":"Lane"},"geometry":{"type":"LineString","coordinates":[[-123.1390802,49.2833992],[-123.1402592,49.2841628]]}},{"type":"Feature","properties":{"name":"PANTAGES LANE","class":"Lane","width":4,"source":"cov-lanes","type":"Lane"},"geometry":{"type":"LineString","coordinates":[[-123.139196,49.2848664],[-123.1407692,49.2858846]]}},{"type":"Feature","properties":{"name":"GRANVILLE ST","class":"Lane","width":4,"source":"cov-lanes","type":"Lane"},"geometry":{"type":"LineString","coordinates":[[-123.1148215,49.2840134],[-123.1159062,49.2832967]]}},{"type":"Feature","properties":{"name":"ROSEMARY BROWN LANE","class":"Lane","width":4,"source":"cov-lanes","type":"Lane"},"geometry":{"type":"LineString","coordinates":[[-123.1304604,49.2875622],[-123.1316381,49.2883245]]}},{"type":"Feature","properties":{"name":"W 1ST AV","class":"Lane","width":4,"source":"cov-lanes","type":"Lane"},"geometry":{"type":"LineString","coordinates":[[-123.1046162,49.2697368],[-123.1065525,49.2697718]]}},{"type":"Feature","properties":{"name":"W 4TH AV","class":"Lane","width":4,"source":"cov-lanes","type":"Lane"},"geometry":{"type":"LineString","coordinates":[[-123.1527815,49.2677118],[-123.1551512,49.2677495]]}},{"type":"Feature","properties":{"name":"YORK AV","class":"Lane","width":4,"source":"cov-lanes","type":"Lane"},"geometry":{"type":"LineString","coordinates":[[-123.1597601,49.271331],[-123.1621303,49.271366]]}},{"type":"Feature","properties":{"name":"POINT GREY ROAD","class":"Lane","width":4,"source":"cov-lanes","type":"Lane"},"geometry":{"type":"LineString","coordinates":[[-123.1649331,49.272255],[-123.165,49.272256]]}},{"type":"Feature","properties":{"name":"W 3RD AV","class":"Lane","width":4,"source":"cov-lanes","type":"Lane"},"geometry":{"type":"LineString","coordinates":[[-123.1390912,49.2683521],[-123.1408424,49.2683758]]}},{"type":"Feature","properties":{"name":"W 3RD AV","class":"Lane","width":4,"source":"cov-lanes","type":"Lane"},"geometry":{"type":"LineString","coordinates":[[-123.1408424,49.2683758],[-123.1432127,49.2684132]]}},{"type":"Feature","properties":{"name":"W 1ST AV","class":"Lane","width":4,"source":"cov-lanes","type":"Lane"},"geometry":{"type":"LineString","coordinates":[[-123.1574231,49.2704116],[-123.1597928,49.2704491]]}},{"type":"Feature","properties":{"name":"W PENDER ST","class":"Lane","width":4,"source":"cov-lanes","type":"Lane"},"geometry":{"type":"LineString","coordinates":[[-123.1119088,49.2821294],[-123.1123944,49.282443]]}},{"type":"Feature","properties":{"name":"PANTAGES LANE","class":"Lane","width":4,"source":"cov-lanes","type":"Lane"},"geometry":{"type":"LineString","coordinates":[[-123.1380169,49.2841028],[-123.139196,49.2848664]]}},{"type":"Feature","properties":{"name":"MAPLE ST","class":"Lane","width":4,"source":"cov-lanes","type":"Lane"},"geometry":{"type":"LineString","coordinates":[[-123.1483226,49.2765791],[-123.148336,49.2762276]]}},{"type":"Feature","properties":{"name":"W PENDER ST","class":"Lane","width":4,"source":"cov-lanes","type":"Lane"},"geometry":{"type":"LineString","coordinates":[[-123.1163196,49.2849836],[-123.1168043,49.285297]]}},{"type":"Feature","properties":{"name":"STOVOLD LANE","class":"Lane","width":4,"source":"cov-lanes","type":"Lane"},"geometry":{"type":"LineString","coordinates":[[-123.1301469,49.2859672],[-123.1315234,49.2868584]]}},{"type":"Feature","properties":{"name":"BURRARD ST","class":"Lane","width":4,"source":"cov-lanes","type":"Lane"},"geometry":{"type":"LineString","coordinates":[[-123.1222754,49.2829491],[-123.1238683,49.2818944]]}},{"type":"Feature","properties":{"name":"W CORDOVA ST","class":"Lane","width":4,"source":"cov-lanes","type":"Lane"},"geometry":{"type":"LineString","coordinates":[[-123.1123781,49.2850011],[-123.1133696,49.2856338]]}},{"type":"Feature","properties":{"name":"EIHU LANE","class":"Lane","width":4,"source":"cov-lanes","type":"Lane"},"geometry":{"type":"LineString","coordinates":[[-123.1345221,49.2915818],[-123.1349033,49.2918283]]}},{"type":"Feature","properties":{"name":"TED NORTHE LANE","class":"Lane","width":4,"source":"cov-lanes","type":"Lane"},"geometry":{"type":"LineString","coordinates":[[-123.1396625,49.2907351],[-123.1410375,49.2916252]]}},{"type":"Feature","properties":{"name":"ROSEMARY BROWN LANE","class":"Lane","width":4,"source":"cov-lanes","type":"Lane"},"geometry":{"type":"LineString","coordinates":[[-123.1389239,49.2930373],[-123.1394037,49.293341]]}},{"type":"Feature","properties":{"name":"E 1ST AV","class":"Lane","width":4,"source":"cov-lanes","type":"Lane"},"geometry":{"type":"LineString","coordinates":[[-123.0977633,49.2680912],[-123.0976595,49.268036],[-123.0963006,49.2672554]]}},{"type":"Feature","properties":{"name":"W PENDER ST","class":"Lane","width":4,"source":"cov-lanes","type":"Lane"},"geometry":{"type":"LineString","coordinates":[[-123.1076143,49.2805926],[-123.1081737,49.2805933],[-123.1083088,49.2806229],[-123.1085118,49.2807225]]}},{"type":"Feature","properties":{"name":"QUEBEC ST","class":"Lane","width":4,"source":"cov-lanes","type":"Lane"},"geometry":{"type":"LineString","coordinates":[[-123.1004811,49.2794953],[-123.1005219,49.2786363]]}},{"type":"Feature","properties":{"name":"HORNBY ST","class":"Lane","width":4,"source":"cov-lanes","type":"Lane"},"geometry":{"type":"LineString","coordinates":[[-123.1308617,49.275998],[-123.1318713,49.2753297]]}},{"type":"Feature","properties":{"name":"POINT GREY ROAD","class":"Lane","width":4,"source":"cov-lanes","type":"Lane"},"geometry":{"type":"LineString","coordinates":[[-123.1596944,49.2730955],[-123.1620642,49.2731327]]}},{"type":"Feature","properties":{"name":"W 2ND AV","class":"Lane","width":4,"source":"cov-lanes","type":"Lane"},"geometry":{"type":"LineString","coordinates":[[-123.1408086,49.2692632],[-123.1431786,49.2693011]]}},{"type":"Feature","properties":{"name":"WATER ST","class":"Lane","width":4,"source":"cov-lanes","type":"Lane"},"geometry":{"type":"LineString","coordinates":[[-123.1061876,49.2843354],[-123.1043109,49.283991]]}},{"type":"Feature","properties":{"name":"BLOOD ALLEY SQUARE","class":"Lane","width":4,"source":"cov-lanes","type":"Lane"},"geometry":{"type":"LineString","coordinates":[[-123.1047802,49.2830618],[-123.1048141,49.2829825],[-123.1054869,49.2831052],[-123.105453,49.2831845]]}},{"type":"Feature","properties":{"name":"LABURNUM ST","class":"Lane","width":4,"source":"cov-lanes","type":"Lane"},"geometry":{"type":"LineString","coordinates":[[-123.1507477,49.2745009],[-123.1508263,49.2725119]]}},{"type":"Feature","properties":{"name":"W 4TH AV","class":"Lane","width":4,"source":"cov-lanes","type":"Lane"},"geometry":{"type":"LineString","coordinates":[[-123.1479827,49.2676349],[-123.1503823,49.2676736]]}},{"type":"Feature","properties":{"name":"CORNWALL AV","class":"Lane","width":4,"source":"cov-lanes","type":"Lane"},"geometry":{"type":"LineString","coordinates":[[-123.1549879,49.2721372],[-123.1573577,49.2721744]]}},{"type":"Feature","properties":{"name":"CORNWALL AV","class":"Lane","width":4,"source":"cov-lanes","type":"Lane"},"geometry":{"type":"LineString","coordinates":[[-123.1526198,49.2720999],[-123.1549879,49.2721372]]}},{"type":"Feature","properties":{"name":"W 2ND AV","class":"Lane","width":4,"source":"cov-lanes","type":"Lane"},"geometry":{"type":"LineString","coordinates":[[-123.1127267,49.2670812],[-123.1128662,49.2670622],[-123.1129904,49.267]]}},{"type":"Feature","properties":{"name":"W 1ST AV","class":"Lane","width":4,"source":"cov-lanes","type":"Lane"},"geometry":{"type":"LineString","coordinates":[[-123.1065525,49.2697718],[-123.1094162,49.2698248]]}},{"type":"Feature","properties":{"name":"W 1ST AV","class":"Lane","width":4,"source":"cov-lanes","type":"Lane"},"geometry":{"type":"LineString","coordinates":[[-123.1431457,49.2701827],[-123.1455212,49.2702188]]}},{"type":"Feature","properties":{"name":"STEPHENS ST","class":"Lane","width":4,"source":"cov-lanes","type":"Lane"},"geometry":{"type":"LineString","coordinates":[[-123.1649331,49.272255],[-123.1649457,49.2718903]]}},{"type":"Feature","properties":{"name":"MELVILLE ST","class":"Lane","width":4,"source":"cov-lanes","type":"Lane"},"geometry":{"type":"LineString","coordinates":[[-123.1225399,49.28611],[-123.1247042,49.2875105]]}},{"type":"Feature","properties":{"name":"JEPSON-YOUNG LANE","class":"Lane","width":4,"source":"cov-lanes","type":"Lane"},"geometry":{"type":"LineString","coordinates":[[-123.129602,49.2814381],[-123.1317645,49.2828386]]}},{"type":"Feature","properties":{"name":"BURRARD ST","class":"Lane","width":4,"source":"cov-lanes","type":"Lane"},"geometry":{"type":"LineString","coordinates":[[-123.1215221,49.2834479],[-123.1222754,49.2829491]]}},{"type":"Feature","properties":{"name":"W 1ST AV","class":"Lane","width":4,"source":"cov-lanes","type":"Lane"},"geometry":{"type":"LineString","coordinates":[[-123.1455212,49.2702188],[-123.1464914,49.2702381],[-123.1477456,49.2702585],[-123.147884,49.2702581]]}},{"type":"Feature","properties":{"name":"W HASTINGS ST","class":"Lane","width":4,"source":"cov-lanes","type":"Lane"},"geometry":{"type":"LineString","coordinates":[[-123.105225,49.281149],[-123.1073761,49.2815404]]}},{"type":"Feature","properties":{"name":"UNION ST","class":"Lane","width":4,"source":"cov-lanes","type":"Lane"},"geometry":{"type":"LineString","coordinates":[[-123.0990741,49.2772068],[-123.0968955,49.2771634]]}},{"type":"Feature","properties":{"name":"E CORDOVA ST","class":"Lane","width":4,"source":"cov-lanes","type":"Lane"},"geometry":{"type":"LineString","coordinates":[[-123.1043291,49.2819209],[-123.102234,49.2818815]]}},{"type":"Feature","properties":{"name":"W 2ND AV","class":"Lane","width":4,"source":"cov-lanes","type":"Lane"},"geometry":{"type":"LineString","coordinates":[[-123.1550859,49.269492],[-123.157456,49.2695296]]}},{"type":"Feature","properties":{"name":"TED NORTHE LANE","class":"Lane","width":4,"source":"cov-lanes","type":"Lane"},"geometry":{"type":"LineString","coordinates":[[-123.1365186,49.2887001],[-123.1380902,49.2897172]]}},{"type":"Feature","properties":{"name":"QUEBEC ST","class":"Lane","width":4,"source":"cov-lanes","type":"Lane"},"geometry":{"type":"LineString","coordinates":[[-123.1005634,49.2776857],[-123.1005905,49.2772384]]}},{"type":"Feature","properties":{"name":"COLUMBIA ST","class":"Lane","width":4,"source":"cov-lanes","type":"Lane"},"geometry":{"type":"LineString","coordinates":[[-123.1004417,49.2803998],[-123.1004613,49.2799479]]}},{"type":"Feature","properties":{"name":"JEPSON-YOUNG LANE","class":"Lane","width":4,"source":"cov-lanes","type":"Lane"},"geometry":{"type":"LineString","coordinates":[[-123.1317645,49.2828386],[-123.133336,49.2838562]]}},{"type":"Feature","properties":{"name":"MAIN ST","class":"Lane","width":4,"source":"cov-lanes","type":"Lane"},"geometry":{"type":"LineString","coordinates":[[-123.0990741,49.2772068],[-123.0990955,49.2767535]]}},{"type":"Feature","properties":{"name":"RICHARDS ST","class":"Lane","width":4,"source":"cov-lanes","type":"Lane"},"geometry":{"type":"LineString","coordinates":[[-123.1237512,49.2755658],[-123.1253452,49.2745103]]}},{"type":"Feature","properties":{"name":"RICHARDS ST","class":"Lane","width":4,"source":"cov-lanes","type":"Lane"},"geometry":{"type":"LineString","coordinates":[[-123.1139631,49.2820407],[-123.1156726,49.2809106]]}},{"type":"Feature","properties":{"name":"E HASTINGS ST","class":"Lane","width":4,"source":"cov-lanes","type":"Lane"},"geometry":{"type":"LineString","coordinates":[[-123.0989199,49.2808256],[-123.0974005,49.2807961]]}},{"type":"Feature","properties":{"name":"E PENDER ST","class":"Lane","width":4,"source":"cov-lanes","type":"Lane"},"geometry":{"type":"LineString","coordinates":[[-123.0989567,49.2799215],[-123.0972725,49.2798906]]}},{"type":"Feature","properties":{"name":"MAIN ST","class":"Lane","width":4,"source":"cov-lanes","type":"Lane"},"geometry":{"type":"LineString","coordinates":[[-123.098799,49.2836286],[-123.0988187,49.2831763]]}},{"type":"Feature","properties":{"name":"E HASTINGS ST","class":"Lane","width":4,"source":"cov-lanes","type":"Lane"},"geometry":{"type":"LineString","coordinates":[[-123.0954087,49.2807585],[-123.095,49.280751]]}},{"type":"Feature","properties":{"name":"MAIN ST","class":"Lane","width":4,"source":"cov-lanes","type":"Lane"},"geometry":{"type":"LineString","coordinates":[[-123.0988588,49.2822711],[-123.098879,49.2818187]]}},{"type":"Feature","properties":{"name":"E PENDER ST","class":"Lane","width":4,"source":"cov-lanes","type":"Lane"},"geometry":{"type":"LineString","coordinates":[[-123.103078,49.2799978],[-123.1023167,49.2799826]]}},{"type":"Feature","properties":{"name":"NELSON ST","class":"Lane","width":4,"source":"cov-lanes","type":"Lane"},"geometry":{"type":"LineString","coordinates":[[-123.1188035,49.2752816],[-123.1194736,49.2757167]]}},{"type":"Feature","properties":{"name":"DENMAN ST","class":"Lane","width":4,"source":"cov-lanes","type":"Lane"},"geometry":{"type":"LineString","coordinates":[[-123.1375901,49.2886981],[-123.1376956,49.2886345],[-123.1381216,49.288346]]}},{"type":"Feature","properties":{"name":"COLUMBIA ST","class":"Lane","width":4,"source":"cov-lanes","type":"Lane"},"geometry":{"type":"LineString","coordinates":[[-123.1003583,49.2822992],[-123.1003779,49.2818468]]}},{"type":"Feature","properties":{"name":"PACIFIC ST","class":"Lane","width":4,"source":"cov-lanes","type":"Lane"},"geometry":{"type":"LineString","coordinates":[[-123.1328416,49.2759585],[-123.1333758,49.2763047]]}},{"type":"Feature","properties":{"name":"HENSHAW LANE","class":"Lane","width":4,"source":"cov-lanes","type":"Lane"},"geometry":{"type":"LineString","coordinates":[[-123.1307012,49.2835422],[-123.1322733,49.2845598]]}},{"type":"Feature","properties":{"name":"EIHU LANE","class":"Lane","width":4,"source":"cov-lanes","type":"Lane"},"geometry":{"type":"LineString","coordinates":[[-123.1293975,49.2882658],[-123.1305751,49.289028]]}},{"type":"Feature","properties":{"name":"BURRARD ST","class":"Lane","width":4,"source":"cov-lanes","type":"Lane"},"geometry":{"type":"LineString","coordinates":[[-123.1318336,49.2766252],[-123.1328416,49.2759585]]}},{"type":"Feature","properties":{"name":"PACIFIC ST","class":"Lane","width":4,"source":"cov-lanes","type":"Lane"},"geometry":{"type":"LineString","coordinates":[[-123.1313859,49.2750152],[-123.1318713,49.2753297]]}},{"type":"Feature","properties":{"name":"W HASTINGS ST","class":"Lane","width":4,"source":"cov-lanes","type":"Lane"},"geometry":{"type":"LineString","coordinates":[[-123.1104631,49.2824505],[-123.1114345,49.2830783]]}},{"type":"Feature","properties":{"name":"UNION ST","class":"Lane","width":4,"source":"cov-lanes","type":"Lane"},"geometry":{"type":"LineString","coordinates":[[-123.100914,49.2772422],[-123.1005905,49.2772384]]}},{"type":"Feature","properties":{"name":"RICHARDS ST","class":"Lane","width":4,"source":"cov-lanes","type":"Lane"},"geometry":{"type":"LineString","coordinates":[[-123.1221572,49.2766198],[-123.1237512,49.2755658]]}},{"type":"Feature","properties":{"name":"CORNWALL AV","class":"Lane","width":4,"source":"cov-lanes","type":"Lane"},"geometry":{"type":"LineString","coordinates":[[-123.1514333,49.2720836],[-123.1526198,49.2720999]]}},{"type":"Feature","properties":{"name":"W 3RD AV","class":"Lane","width":4,"source":"cov-lanes","type":"Lane"},"geometry":{"type":"LineString","coordinates":[[-123.145632,49.2684613],[-123.14795,49.2684922]]}},{"type":"Feature","properties":{"name":"PACIFIC ST","class":"Lane","width":4,"source":"cov-lanes","type":"Lane"},"geometry":{"type":"LineString","coordinates":[[-123.1332705,49.2768507],[-123.134922,49.2779191]]}},{"type":"Feature","properties":{"name":"BURRARD ST","class":"Lane","width":4,"source":"cov-lanes","type":"Lane"},"geometry":{"type":"LineString","coordinates":[[-123.1286466,49.2787343],[-123.129834,49.2779486]]}},{"type":"Feature","properties":{"name":"TED NORTHE LANE","class":"Lane","width":4,"source":"cov-lanes","type":"Lane"},"geometry":{"type":"LineString","coordinates":[[-123.1380902,49.2897172],[-123.1396625,49.2907351]]}},{"type":"Feature","properties":{"name":"EIHU LANE","class":"Lane","width":4,"source":"cov-lanes","type":"Lane"},"geometry":{"type":"LineString","coordinates":[[-123.1333301,49.2908107],[-123.1345221,49.2915818]]}},{"type":"Feature","properties":{"name":"MAIN ST","class":"Lane","width":4,"source":"cov-lanes","type":"Lane"},"geometry":{"type":"LineString","coordinates":[[-123.0987793,49.2840808],[-123.098799,49.2836286]]}},{"type":"Feature","properties":{"name":"E 1ST AV","class":"Lane","width":4,"source":"cov-lanes","type":"Lane"},"geometry":{"type":"LineString","coordinates":[[-123.1046162,49.2697368],[-123.1026807,49.2697016]]}},{"type":"Feature","properties":{"name":"W 2ND AV","class":"Lane","width":4,"source":"cov-lanes","type":"Lane"},"geometry":{"type":"LineString","coordinates":[[-123.106593,49.2687768],[-123.1094211,49.2688295]]}},{"type":"Feature","properties":{"name":"MAINLAND ST","class":"Lane","width":4,"source":"cov-lanes","type":"Lane"},"geometry":{"type":"LineString","coordinates":[[-123.1194736,49.2757167],[-123.1201124,49.2752945]]}},{"type":"Feature","properties":{"name":"QUEBEC ST","class":"Lane","width":4,"source":"cov-lanes","type":"Lane"},"geometry":{"type":"LineString","coordinates":[[-123.1014994,49.2691821],[-123.1015198,49.2686849]]}},{"type":"Feature","properties":{"name":"PACIFIC ST","class":"Lane","width":4,"source":"cov-lanes","type":"Lane"},"geometry":{"type":"LineString","coordinates":[[-123.1329065,49.2766151],[-123.1332705,49.2768507]]}},{"type":"Feature","properties":{"name":"W 3RD AV","class":"Lane","width":4,"source":"cov-lanes","type":"Lane"},"geometry":{"type":"LineString","coordinates":[[-123.1598588,49.2686803],[-123.162228,49.2687165]]}},{"type":"Feature","properties":{"name":"MAIN ST","class":"Lane","width":4,"source":"cov-lanes","type":"Lane"},"geometry":{"type":"LineString","coordinates":[[-123.0989941,49.2790139],[-123.0990136,49.2785649]]}},{"type":"Feature","properties":{"name":"W 4TH AV","class":"Lane","width":4,"source":"cov-lanes","type":"Lane"},"geometry":{"type":"LineString","coordinates":[[-123.1432441,49.2675583],[-123.1456326,49.2675957]]}},{"type":"Feature","properties":{"name":"W 3RD AV","class":"Lane","width":4,"source":"cov-lanes","type":"Lane"},"geometry":{"type":"LineString","coordinates":[[-123.1503487,49.2685349],[-123.1527499,49.2685716]]}},{"type":"Feature","properties":{"name":"WHYTE AV","class":"Lane","width":4,"source":"cov-lanes","type":"Lane"},"geometry":{"type":"LineString","coordinates":[[-123.1501104,49.2749309],[-123.1522361,49.2749673]]}},{"type":"Feature","properties":{"name":"NELSON ST","class":"Lane","width":4,"source":"cov-lanes","type":"Lane"},"geometry":{"type":"LineString","coordinates":[[-123.1245878,49.2795142],[-123.1250608,49.2798203],[-123.1250826,49.2798215],[-123.1251464,49.2797793]]}},{"type":"Feature","properties":{"name":"SEYMOUR ST","class":"Lane","width":4,"source":"cov-lanes","type":"Lane"},"geometry":{"type":"LineString","coordinates":[[-123.119943,49.2793548],[-123.1215364,49.2783018]]}},{"type":"Feature","properties":{"name":"W HASTINGS ST","class":"Lane","width":4,"source":"cov-lanes","type":"Lane"},"geometry":{"type":"LineString","coordinates":[[-123.116328,49.2862461],[-123.1153581,49.2856184]]}},{"type":"Feature","properties":{"name":"SEE-EM-IA LANE","class":"Lane","width":4,"source":"cov-lanes","type":"Lane"},"geometry":{"type":"LineString","coordinates":[[-123.1357746,49.2840426],[-123.136954,49.2848061]]}},{"type":"Feature","properties":{"name":"JEPSON-YOUNG LANE","class":"Lane","width":4,"source":"cov-lanes","type":"Lane"},"geometry":{"type":"LineString","coordinates":[[-123.134712,49.2847466],[-123.1358911,49.2855098]]}},{"type":"Feature","properties":{"name":"HENSHAW LANE","class":"Lane","width":4,"source":"cov-lanes","type":"Lane"},"geometry":{"type":"LineString","coordinates":[[-123.1391528,49.2890132],[-123.1407258,49.2900311]]}},{"type":"Feature","properties":{"name":"STOVOLD LANE","class":"Lane","width":4,"source":"cov-lanes","type":"Lane"},"geometry":{"type":"LineString","coordinates":[[-123.1327013,49.2876209],[-123.1338837,49.2883863]]}},{"type":"Feature","properties":{"name":"W 4TH AV","class":"Lane","width":4,"source":"cov-lanes","type":"Lane"},"geometry":{"type":"LineString","coordinates":[[-123.157521,49.2677875],[-123.1598911,49.2678251]]}},{"type":"Feature","properties":{"name":"E 1ST AV","class":"Lane","width":4,"source":"cov-lanes","type":"Lane"},"geometry":{"type":"LineString","coordinates":[[-123.0992218,49.2689236],[-123.0977633,49.2680912]]}},{"type":"Feature","properties":{"name":"JUNG LANE","class":"Lane","width":4,"source":"cov-lanes","type":"Lane"},"geometry":{"type":"LineString","coordinates":[[-123.1389639,49.2819323],[-123.140143,49.2826954]]}},{"type":"Feature","properties":{"name":"W 1ST AV","class":"Lane","width":4,"source":"cov-lanes","type":"Lane"},"geometry":{"type":"LineString","coordinates":[[-123.1119665,49.2686654],[-123.1135145,49.2679052]]}},{"type":"Feature","properties":{"name":"MAINLAND ST","class":"Lane","width":4,"source":"cov-lanes","type":"Lane"},"geometry":{"type":"LineString","coordinates":[[-123.1201124,49.2752945],[-123.1206121,49.2749665]]}},{"type":"Feature","properties":{"name":"E 2ND AV","class":"Lane","width":4,"source":"cov-lanes","type":"Lane"},"geometry":{"type":"LineString","coordinates":[[-123.0999408,49.268061],[-123.0987289,49.2673685]]}},{"type":"Feature","properties":{"name":"W PENDER ST","class":"Lane","width":4,"source":"cov-lanes","type":"Lane"},"geometry":{"type":"LineString","coordinates":[[-123.1094834,49.2805574],[-123.1099636,49.2808686]]}},{"type":"Feature","properties":{"name":"STOVOLD LANE","class":"Lane","width":4,"source":"cov-lanes","type":"Lane"},"geometry":{"type":"LineString","coordinates":[[-123.1264111,49.2835494],[-123.1285744,49.2849495]]}},{"type":"Feature","properties":{"name":"ROSEMARY BROWN LANE","class":"Lane","width":4,"source":"cov-lanes","type":"Lane"},"geometry":{"type":"LineString","coordinates":[[-123.1233339,49.2829485],[-123.1253482,49.2842526]]}},{"type":"Feature","properties":{"name":"W 1ST AV","class":"Lane","width":4,"source":"cov-lanes","type":"Lane"},"geometry":{"type":"LineString","coordinates":[[-123.1407756,49.2701453],[-123.1431457,49.2701827]]}},{"type":"Feature","properties":{"name":"HAMILTON ST","class":"Lane","width":4,"source":"cov-lanes","type":"Lane"},"geometry":{"type":"LineString","coordinates":[[-123.1222229,49.2745736],[-123.1226373,49.274301],[-123.1242575,49.2738749]]}},{"type":"Feature","properties":{"name":"E 1ST AV","class":"Lane","width":4,"source":"cov-lanes","type":"Lane"},"geometry":{"type":"LineString","coordinates":[[-123.1006765,49.2696652],[-123.1004705,49.269637],[-123.0992218,49.2689236]]}},{"type":"Feature","properties":{"name":"VINE ST","class":"Lane","width":4,"source":"cov-lanes","type":"Lane"},"geometry":{"type":"LineString","coordinates":[[-123.1555545,49.2712626],[-123.1555667,49.2710704]]}},{"type":"Feature","properties":{"name":"YORK AV","class":"Lane","width":4,"source":"cov-lanes","type":"Lane"},"geometry":{"type":"LineString","coordinates":[[-123.1621303,49.271366],[-123.1644086,49.2714043]]}},{"type":"Feature","properties":{"name":"STOVOLD LANE","class":"Lane","width":4,"source":"cov-lanes","type":"Lane"},"geometry":{"type":"LineString","coordinates":[[-123.1386006,49.2914391],[-123.139976,49.2923289]]}},{"type":"Feature","properties":{"name":"ROSEMARY BROWN LANE","class":"Lane","width":4,"source":"cov-lanes","type":"Lane"},"geometry":{"type":"LineString","coordinates":[[-123.1375384,49.2921426],[-123.1389239,49.2930373]]}},{"type":"Feature","properties":{"name":"ROSEMARY BROWN LANE","class":"Lane","width":4,"source":"cov-lanes","type":"Lane"},"geometry":{"type":"LineString","coordinates":[[-123.1328208,49.2890902],[-123.1343931,49.2901076]]}},{"type":"Feature","properties":{"name":"MAPLE ST","class":"Lane","width":4,"source":"cov-lanes","type":"Lane"},"geometry":{"type":"LineString","coordinates":[[-123.1495048,49.2744805],[-123.149582,49.2724917]]}},{"type":"Feature","properties":{"name":"WALNUT ST","class":"Lane","width":4,"source":"cov-lanes","type":"Lane"},"geometry":{"type":"LineString","coordinates":[[-123.1483199,49.2744613],[-123.1483956,49.2724726]]}},{"type":"Feature","properties":{"name":"W 3RD AV","class":"Lane","width":4,"source":"cov-lanes","type":"Lane"},"geometry":{"type":"LineString","coordinates":[[-123.1527499,49.2685716],[-123.1551188,49.2686097]]}},{"type":"Feature","properties":{"name":"E 2ND AV","class":"Lane","width":4,"source":"cov-lanes","type":"Lane"},"geometry":{"type":"LineString","coordinates":[[-123.1001739,49.268208],[-123.1000802,49.2681408],[-123.0999408,49.268061]]}},{"type":"Feature","properties":{"name":"HORNBY ST","class":"Lane","width":4,"source":"cov-lanes","type":"Lane"},"geometry":{"type":"LineString","coordinates":[[-123.1260835,49.2791594],[-123.1276757,49.2781062]]}},{"type":"Feature","properties":{"name":"W CORDOVA ST","class":"Lane","width":4,"source":"cov-lanes","type":"Lane"},"geometry":{"type":"LineString","coordinates":[[-123.1087771,49.2827966],[-123.1093794,49.2829059]]}},{"type":"Feature","properties":{"name":"E CORDOVA ST","class":"Lane","width":4,"source":"cov-lanes","type":"Lane"},"geometry":{"type":"LineString","coordinates":[[-123.102234,49.2818815],[-123.1003779,49.2818468]]}},{"type":"Feature","properties":{"name":"HOWE ST","class":"Lane","width":4,"source":"cov-lanes","type":"Lane"},"geometry":{"type":"LineString","coordinates":[[-123.1235197,49.2795859],[-123.1251128,49.2785317]]}},{"type":"Feature","properties":{"name":"EIHU LANE","class":"Lane","width":4,"source":"cov-lanes","type":"Lane"},"geometry":{"type":"LineString","coordinates":[[-123.1242848,49.284956],[-123.1264479,49.2863567]]}},{"type":"Feature","properties":{"name":"GRANVILLE ST","class":"Lane","width":4,"source":"cov-lanes","type":"Lane"},"geometry":{"type":"LineString","coordinates":[[-123.125692,49.2768228],[-123.1272866,49.2757663]]}},{"type":"Feature","properties":{"name":"HOWE ST","class":"Lane","width":4,"source":"cov-lanes","type":"Lane"},"geometry":{"type":"LineString","coordinates":[[-123.1158341,49.2846687],[-123.1160111,49.284552]]}},{"type":"Feature","properties":{"name":"UNNAMED ST","class":"Lane","width":4,"source":"cov-lanes","type":"Lane"},"geometry":{"type":"LineString","coordinates":[[-123.1085928,49.2847508],[-123.1087478,49.2847423],[-123.10935,49.2848926],[-123.1093949,49.2848981]]}},{"type":"Feature","properties":{"name":"W 3RD AV","class":"Lane","width":4,"source":"cov-lanes","type":"Lane"},"geometry":{"type":"LineString","coordinates":[[-123.14795,49.2684922],[-123.1503487,49.2685349]]}},{"type":"Feature","properties":{"name":"WHYTE AV","class":"Lane","width":4,"source":"cov-lanes","type":"Lane"},"geometry":{"type":"LineString","coordinates":[[-123.1462743,49.2748702],[-123.147711,49.2748929]]}},{"type":"Feature","properties":{"name":"ARBUTUS ST","class":"Lane","width":4,"source":"cov-lanes","type":"Lane"},"geometry":{"type":"LineString","coordinates":[[-123.1519772,49.2745216],[-123.151938,49.2744296],[-123.1520109,49.2725307]]}},{"type":"Feature","properties":{"name":"YORK AV","class":"Lane","width":4,"source":"cov-lanes","type":"Lane"},"geometry":{"type":"LineString","coordinates":[[-123.15502,49.2712547],[-123.1555545,49.2712626]]}},{"type":"Feature","properties":{"name":"E 2ND AV","class":"Lane","width":4,"source":"cov-lanes","type":"Lane"},"geometry":{"type":"LineString","coordinates":[[-123.1046574,49.2687419],[-123.1027226,49.2687072]]}},{"type":"Feature","properties":{"name":"FIR ST","class":"Lane","width":4,"source":"cov-lanes","type":"Lane"},"geometry":{"type":"LineString","coordinates":[[-123.1390585,49.2692338],[-123.1390723,49.2689172],[-123.1390746,49.2687933]]}},{"type":"Feature","properties":{"name":"BURRARD ST","class":"Lane","width":4,"source":"cov-lanes","type":"Lane"},"geometry":{"type":"LineString","coordinates":[[-123.1270547,49.2797874],[-123.1286466,49.2787343]]}},{"type":"Feature","properties":{"name":"SEE-EM-IA LANE","class":"Lane","width":4,"source":"cov-lanes","type":"Lane"},"geometry":{"type":"LineString","coordinates":[[-123.136954,49.2848061],[-123.1381334,49.2855695]]}},{"type":"Feature","properties":{"name":"ROSEMARY BROWN LANE","class":"Lane","width":4,"source":"cov-lanes","type":"Lane"},"geometry":{"type":"LineString","coordinates":[[-123.1253482,49.2842526],[-123.1275114,49.2856529]]}},{"type":"Feature","properties":{"name":"STOVOLD LANE","class":"Lane","width":4,"source":"cov-lanes","type":"Lane"},"geometry":{"type":"LineString","coordinates":[[-123.1315234,49.2868584],[-123.1327013,49.2876209]]}},{"type":"Feature","properties":{"name":"DENMAN ST","class":"Lane","width":4,"source":"cov-lanes","type":"Lane"},"geometry":{"type":"LineString","coordinates":[[-123.1339907,49.2919332],[-123.1345221,49.2915818]]}},{"type":"Feature","properties":{"name":"ROSEMARY BROWN LANE","class":"Lane","width":4,"source":"cov-lanes","type":"Lane"},"geometry":{"type":"LineString","coordinates":[[-123.1359733,49.2911316],[-123.1375384,49.2921426]]}},{"type":"Feature","properties":{"name":"PANTAGES LANE","class":"Lane","width":4,"source":"cov-lanes","type":"Lane"},"geometry":{"type":"LineString","coordinates":[[-123.1317292,49.280032],[-123.133891,49.2814316]]}},{"type":"Feature","properties":{"name":"W 1ST AV","class":"Lane","width":4,"source":"cov-lanes","type":"Lane"},"geometry":{"type":"LineString","coordinates":[[-123.1110223,49.2691293],[-123.1119665,49.2686654]]}},{"type":"Feature","properties":{"name":"MAIN ST","class":"Lane","width":4,"source":"cov-lanes","type":"Lane"},"geometry":{"type":"LineString","coordinates":[[-123.098879,49.2818187],[-123.098901,49.2813216]]}},{"type":"Feature","properties":{"name":"BEATTY ST","class":"Lane","width":4,"source":"cov-lanes","type":"Lane"},"geometry":{"type":"LineString","coordinates":[[-123.1085118,49.2807225],[-123.1091461,49.2801739],[-123.1092535,49.2800565],[-123.1094392,49.2799151],[-123.1095058,49.2798714],[-123.1095577,49.279793],[-123.1095686,49.2797167]]}},{"type":"Feature","properties":{"name":"QUEBEC ST","class":"Lane","width":4,"source":"cov-lanes","type":"Lane"},"geometry":{"type":"LineString","coordinates":[[-123.1005219,49.2786363],[-123.1005634,49.2776857]]}},{"type":"Feature","properties":{"name":"COLUMBIA ST","class":"Lane","width":4,"source":"cov-lanes","type":"Lane"},"geometry":{"type":"LineString","coordinates":[[-123.1004613,49.2799479],[-123.1004811,49.2794953]]}},{"type":"Feature","properties":{"name":"W 4TH AV","class":"Lane","width":4,"source":"cov-lanes","type":"Lane"},"geometry":{"type":"LineString","coordinates":[[-123.1456326,49.2675957],[-123.1479827,49.2676349]]}},{"type":"Feature","properties":{"name":"TERMINAL AV","class":"Lane","width":4,"source":"cov-lanes","type":"Lane"},"geometry":{"type":"LineString","coordinates":[[-123.0956739,49.2714541],[-123.0953675,49.2714024],[-123.095,49.2713112]]}},{"type":"Feature","properties":{"name":"W 4TH AV","class":"Lane","width":4,"source":"cov-lanes","type":"Lane"},"geometry":{"type":"LineString","coordinates":[[-123.1408737,49.2675213],[-123.1432441,49.2675583]]}},{"type":"Feature","properties":{"name":"W 4TH AV","class":"Lane","width":4,"source":"cov-lanes","type":"Lane"},"geometry":{"type":"LineString","coordinates":[[-123.1094307,49.2670196],[-123.1107926,49.2670453]]}},{"type":"Feature","properties":{"name":"W 3RD AV","class":"Lane","width":4,"source":"cov-lanes","type":"Lane"},"geometry":{"type":"LineString","coordinates":[[-123.162228,49.2687165],[-123.1645031,49.2687512]]}},{"type":"Feature","properties":{"name":"W 2ND AV","class":"Lane","width":4,"source":"cov-lanes","type":"Lane"},"geometry":{"type":"LineString","coordinates":[[-123.1455811,49.2693438],[-123.1479184,49.2693767]]}},{"type":"Feature","properties":{"name":"YORK AV","class":"Lane","width":4,"source":"cov-lanes","type":"Lane"},"geometry":{"type":"LineString","coordinates":[[-123.1573906,49.2712939],[-123.1597601,49.271331]]}},{"type":"Feature","properties":{"name":"W 3RD AV","class":"Lane","width":4,"source":"cov-lanes","type":"Lane"},"geometry":{"type":"LineString","coordinates":[[-123.1591557,49.2686692],[-123.1598588,49.2686803]]}},{"type":"Feature","properties":{"name":"HORNBY ST","class":"Lane","width":4,"source":"cov-lanes","type":"Lane"},"geometry":{"type":"LineString","coordinates":[[-123.1168043,49.285297],[-123.1178897,49.2845797]]}},{"type":"Feature","properties":{"name":"W HASTINGS ST","class":"Lane","width":4,"source":"cov-lanes","type":"Lane"},"geometry":{"type":"LineString","coordinates":[[-123.1133757,49.284335],[-123.1143671,49.2849762]]}},{"type":"Feature","properties":{"name":"W PENDER ST","class":"Lane","width":4,"source":"cov-lanes","type":"Lane"},"geometry":{"type":"LineString","coordinates":[[-123.1133653,49.2830716],[-123.1138509,49.2833857]]}},{"type":"Feature","properties":{"name":"EIHU LANE","class":"Lane","width":4,"source":"cov-lanes","type":"Lane"},"geometry":{"type":"LineString","coordinates":[[-123.1222705,49.2836519],[-123.1242848,49.284956]]}},{"type":"Feature","properties":{"name":"W PENDER ST","class":"Lane","width":4,"source":"cov-lanes","type":"Lane"},"geometry":{"type":"LineString","coordinates":[[-123.1214736,49.286815],[-123.1236353,49.2882178]]}},{"type":"Feature","properties":{"name":"W PENDER ST","class":"Lane","width":4,"source":"cov-lanes","type":"Lane"},"geometry":{"type":"LineString","coordinates":[[-123.1178792,49.2852214],[-123.1183646,49.2855354]]}},{"type":"Feature","properties":{"name":"EIHU LANE","class":"Lane","width":4,"source":"cov-lanes","type":"Lane"},"geometry":{"type":"LineString","coordinates":[[-123.1264479,49.2863567],[-123.1273773,49.2869583]]}},{"type":"Feature","properties":{"name":"BURRARD ST","class":"Lane","width":4,"source":"cov-lanes","type":"Lane"},"geometry":{"type":"LineString","coordinates":[[-123.1194103,49.2848442],[-123.1205681,49.2840785]]}},{"type":"Feature","properties":{"name":"W PENDER ST","class":"Lane","width":4,"source":"cov-lanes","type":"Lane"},"geometry":{"type":"LineString","coordinates":[[-123.11288,49.2827574],[-123.1133653,49.2830716]]}},{"type":"Feature","properties":{"name":"CAMBIE ST","class":"Lane","width":4,"source":"cov-lanes","type":"Lane"},"geometry":{"type":"LineString","coordinates":[[-123.1131632,49.2787572],[-123.1144685,49.277895]]}},{"type":"Feature","properties":{"name":"HOMER ST","class":"Lane","width":4,"source":"cov-lanes","type":"Lane"},"geometry":{"type":"LineString","coordinates":[[-123.1124245,49.2817882],[-123.1125274,49.28172]]}},{"type":"Feature","properties":{"name":"CORNWALL AV","class":"Lane","width":4,"source":"cov-lanes","type":"Lane"},"geometry":{"type":"LineString","coordinates":[[-123.1502204,49.2720604],[-123.1514333,49.2720836]]}},{"type":"Feature","properties":{"name":"RAILWAY ST","class":"Lane","width":4,"source":"cov-lanes","type":"Lane"},"geometry":{"type":"LineString","coordinates":[[-123.0952458,49.284461],[-123.095,49.2844565]]}},{"type":"Feature","properties":{"name":"ARBUTUS ST","class":"Lane","width":4,"source":"cov-lanes","type":"Lane"},"geometry":{"type":"LineString","coordinates":[[-123.1519694,49.2747321],[-123.1519772,49.2745216]]}},{"type":"Feature","properties":{"name":"TED NORTHE LANE","class":"Lane","width":4,"source":"cov-lanes","type":"Lane"},"geometry":{"type":"LineString","coordinates":[[-123.1349469,49.2876828],[-123.1365186,49.2887001]]}},{"type":"Feature","properties":{"name":"W CORDOVA ST","class":"Lane","width":4,"source":"cov-lanes","type":"Lane"},"geometry":{"type":"LineString","coordinates":[[-123.1093288,49.2830256],[-123.1104328,49.2837405]]}},{"type":"Feature","properties":{"name":"QUEBEC ST","class":"Lane","width":4,"source":"cov-lanes","type":"Lane"},"geometry":{"type":"LineString","coordinates":[[-123.1005905,49.2772384],[-123.1006039,49.2767812]]}},{"type":"Feature","properties":{"name":"MAIN ST","class":"Lane","width":4,"source":"cov-lanes","type":"Lane"},"geometry":{"type":"LineString","coordinates":[[-123.0999725,49.2672999],[-123.0999851,49.267]]}},{"type":"Feature","properties":{"name":"MAXINE LANE","class":"Lane","width":4,"source":"cov-lanes","type":"Lane"},"geometry":{"type":"LineString","coordinates":[[-123.1307753,49.2780252],[-123.130925,49.2781192],[-123.1327921,49.2793288]]}},{"type":"Feature","properties":{"name":"SEYMOUR ST","class":"Lane","width":4,"source":"cov-lanes","type":"Lane"},"geometry":{"type":"LineString","coordinates":[[-123.1166434,49.2815388],[-123.1183512,49.2804084]]}},{"type":"Feature","properties":{"name":"EIHU LANE","class":"Lane","width":4,"source":"cov-lanes","type":"Lane"},"geometry":{"type":"LineString","coordinates":[[-123.1349033,49.2918283],[-123.1364756,49.2928467]]}},{"type":"Feature","properties":{"name":"JEPSON-YOUNG LANE","class":"Lane","width":4,"source":"cov-lanes","type":"Lane"},"geometry":{"type":"LineString","coordinates":[[-123.1417887,49.2893277],[-123.1431634,49.2902177]]}},{"type":"Feature","properties":{"name":"DENMAN ST","class":"Lane","width":4,"source":"cov-lanes","type":"Lane"},"geometry":{"type":"LineString","coordinates":[[-123.1345221,49.2915818],[-123.1350533,49.2912296]]}},{"type":"Feature","properties":{"name":"MAXINE LANE","class":"Lane","width":4,"source":"cov-lanes","type":"Lane"},"geometry":{"type":"LineString","coordinates":[[-123.1365339,49.2817461],[-123.1379011,49.282636]]}},{"type":"Feature","properties":{"name":"E HASTINGS ST","class":"Lane","width":4,"source":"cov-lanes","type":"Lane"},"geometry":{"type":"LineString","coordinates":[[-123.0974005,49.2807961],[-123.0954087,49.2807585]]}},{"type":"Feature","properties":{"name":"ALEXANDER ST","class":"Lane","width":4,"source":"cov-lanes","type":"Lane"},"geometry":{"type":"LineString","coordinates":[[-123.0977994,49.2836101],[-123.0952919,49.2835619]]}},{"type":"Feature","properties":{"name":"ALEXANDER ST","class":"Lane","width":4,"source":"cov-lanes","type":"Lane"},"geometry":{"type":"LineString","coordinates":[[-123.098799,49.2836286],[-123.0977994,49.2836101]]}},{"type":"Feature","properties":{"name":"PANTAGES LANE","class":"Lane","width":4,"source":"cov-lanes","type":"Lane"},"geometry":{"type":"LineString","coordinates":[[-123.133891,49.2814316],[-123.1354753,49.2824388]]}},{"type":"Feature","properties":{"name":"PANTAGES LANE","class":"Lane","width":4,"source":"cov-lanes","type":"Lane"},"geometry":{"type":"LineString","coordinates":[[-123.1368386,49.2833401],[-123.1380169,49.2841028]]}},{"type":"Feature","properties":{"name":"QUEBEC ST","class":"Lane","width":4,"source":"cov-lanes","type":"Lane"},"geometry":{"type":"LineString","coordinates":[[-123.1015388,49.2682329],[-123.1015578,49.2677809]]}},{"type":"Feature","properties":{"name":"JERVIS ST","class":"Lane","width":4,"source":"cov-lanes","type":"Lane"},"geometry":{"type":"LineString","coordinates":[[-123.1273773,49.2869583],[-123.1279092,49.2866066]]}},{"type":"Feature","properties":{"name":"UNION ST","class":"Lane","width":4,"source":"cov-lanes","type":"Lane"},"geometry":{"type":"LineString","coordinates":[[-123.0955605,49.2771401],[-123.095,49.2771309]]}},{"type":"Feature","properties":{"name":"KEEFER ST","class":"Lane","width":4,"source":"cov-lanes","type":"Lane"},"geometry":{"type":"LineString","coordinates":[[-123.0989941,49.2790139],[-123.0971468,49.2789775]]}},{"type":"Feature","properties":{"name":"W 4TH AV","class":"Lane","width":4,"source":"cov-lanes","type":"Lane"},"geometry":{"type":"LineString","coordinates":[[-123.1598911,49.2678251],[-123.1622596,49.2678677]]}},{"type":"Feature","properties":{"name":"W 2ND AV","class":"Lane","width":4,"source":"cov-lanes","type":"Lane"},"geometry":{"type":"LineString","coordinates":[[-123.159826,49.2695677],[-123.1621952,49.2696045]]}},{"type":"Feature","properties":{"name":"MAIN ST","class":"Lane","width":4,"source":"cov-lanes","type":"Lane"},"geometry":{"type":"LineString","coordinates":[[-123.0989404,49.2803713],[-123.0989567,49.2799215]]}},{"type":"Feature","properties":{"name":"MAIN ST","class":"Lane","width":4,"source":"cov-lanes","type":"Lane"},"geometry":{"type":"LineString","coordinates":[[-123.0989771,49.27947],[-123.0989941,49.2790139]]}},{"type":"Feature","properties":{"name":"W 2ND AV","class":"Lane","width":4,"source":"cov-lanes","type":"Lane"},"geometry":{"type":"LineString","coordinates":[[-123.1527168,49.2694535],[-123.1550859,49.269492]]}},{"type":"Feature","properties":{"name":"W 3RD AV","class":"Lane","width":4,"source":"cov-lanes","type":"Lane"},"geometry":{"type":"LineString","coordinates":[[-123.1094259,49.2679236],[-123.1107534,49.2679485]]}},{"type":"Feature","properties":{"name":"E 2ND AV","class":"Lane","width":4,"source":"cov-lanes","type":"Lane"},"geometry":{"type":"LineString","coordinates":[[-123.1027226,49.2687072],[-123.1015198,49.2686849]]}},{"type":"Feature","properties":{"name":"E 1ST AV","class":"Lane","width":4,"source":"cov-lanes","type":"Lane"},"geometry":{"type":"LineString","coordinates":[[-123.1026807,49.2697016],[-123.1006765,49.2696652]]}},{"type":"Feature","properties":{"name":"W 2ND AV","class":"Lane","width":4,"source":"cov-lanes","type":"Lane"},"geometry":{"type":"LineString","coordinates":[[-123.1479184,49.2693767],[-123.1503161,49.2694148]]}},{"type":"Feature","properties":{"name":"MCNICOLL AV","class":"Lane","width":4,"source":"cov-lanes","type":"Lane"},"geometry":{"type":"LineString","coordinates":[[-123.1462382,49.2757522],[-123.1476779,49.2757754]]}},{"type":"Feature","properties":{"name":"E 2ND AV","class":"Lane","width":4,"source":"cov-lanes","type":"Lane"},"geometry":{"type":"LineString","coordinates":[[-123.0987289,49.2673685],[-123.0980828,49.267]]}},{"type":"Feature","properties":{"name":"UNNAMED ST","class":"Lane","width":4,"source":"cov-lanes","type":"Lane"},"geometry":{"type":"LineString","coordinates":[[-123.1061876,49.2843354],[-123.1084823,49.2847569],[-123.1085928,49.2847508]]}},{"type":"Feature","properties":{"name":"COLUMBIA ST","class":"Lane","width":4,"source":"cov-lanes","type":"Lane"},"geometry":{"type":"LineString","coordinates":[[-123.1003016,49.2835956],[-123.1003189,49.2832036]]}},{"type":"Feature","properties":{"name":"GRANVILLE ST","class":"Lane","width":4,"source":"cov-lanes","type":"Lane"},"geometry":{"type":"LineString","coordinates":[[-123.1225076,49.2789303],[-123.1240998,49.2778766]]}},{"type":"Feature","properties":{"name":"E HASTINGS ST","class":"Lane","width":4,"source":"cov-lanes","type":"Lane"},"geometry":{"type":"LineString","coordinates":[[-123.1022781,49.2808871],[-123.100422,49.2808519]]}},{"type":"Feature","properties":{"name":"W PENDER ST","class":"Lane","width":4,"source":"cov-lanes","type":"Lane"},"geometry":{"type":"LineString","coordinates":[[-123.1103988,49.280587],[-123.110884,49.280901]]}},{"type":"Feature","properties":{"name":"W PENDER ST","class":"Lane","width":4,"source":"cov-lanes","type":"Lane"},"geometry":{"type":"LineString","coordinates":[[-123.1138509,49.2833857],[-123.1143358,49.2836997]]}},{"type":"Feature","properties":{"name":"BURRARD ST","class":"Lane","width":4,"source":"cov-lanes","type":"Lane"},"geometry":{"type":"LineString","coordinates":[[-123.1183646,49.2855354],[-123.1188599,49.2852084]]}},{"type":"Feature","properties":{"name":"POWELL ST","class":"Lane","width":4,"source":"cov-lanes","type":"Lane"},"geometry":{"type":"LineString","coordinates":[[-123.0976714,49.2827022],[-123.0953223,49.2826579]]}},{"type":"Feature","properties":{"name":"RICHARDS ST","class":"Lane","width":4,"source":"cov-lanes","type":"Lane"},"geometry":{"type":"LineString","coordinates":[[-123.1253452,49.2745103],[-123.1255009,49.2744858],[-123.1270564,49.2734571]]}},{"type":"Feature","properties":{"name":"CAMBIE ST","class":"Lane","width":4,"source":"cov-lanes","type":"Lane"},"geometry":{"type":"LineString","coordinates":[[-123.1148707,49.2775352],[-123.1159897,49.2767943]]}},{"type":"Feature","properties":{"name":"RICHARDS ST","class":"Lane","width":4,"source":"cov-lanes","type":"Lane"},"geometry":{"type":"LineString","coordinates":[[-123.1205649,49.2776726],[-123.1206692,49.2776094],[-123.1221572,49.2766198]]}},{"type":"Feature","properties":{"name":"W 4TH AV","class":"Lane","width":4,"source":"cov-lanes","type":"Lane"},"geometry":{"type":"LineString","coordinates":[[-123.1503823,49.2676736],[-123.1527815,49.2677118]]}},{"type":"Feature","properties":{"name":"W 1ST AV","class":"Lane","width":4,"source":"cov-lanes","type":"Lane"},"geometry":{"type":"LineString","coordinates":[[-123.155053,49.2703731],[-123.1574231,49.2704116]]}},{"type":"Feature","properties":{"name":"BEATTY ST","class":"Lane","width":4,"source":"cov-lanes","type":"Lane"},"geometry":{"type":"LineString","coordinates":[[-123.108317,49.2808933],[-123.1085118,49.2807225]]}},{"type":"Feature","properties":{"name":"POWELL ST","class":"Lane","width":4,"source":"cov-lanes","type":"Lane"},"geometry":{"type":"LineString","coordinates":[[-123.1036081,49.2828116],[-123.1021963,49.2827855]]}},{"type":"Feature","properties":{"name":"UNNAMED ST","class":"Lane","width":4,"source":"cov-lanes","type":"Lane"},"geometry":{"type":"LineString","coordinates":[[-123.1093949,49.2848981],[-123.1095764,49.2844653]]}},{"type":"Feature","properties":{"name":"HOWE ST","class":"Lane","width":4,"source":"cov-lanes","type":"Lane"},"geometry":{"type":"LineString","coordinates":[[-123.1219285,49.2806366],[-123.1235197,49.2795859]]}},{"type":"Feature","properties":{"name":"W PENDER ST","class":"Lane","width":4,"source":"cov-lanes","type":"Lane"},"geometry":{"type":"LineString","coordinates":[[-123.1168043,49.285297],[-123.1172891,49.2856109]]}},{"type":"Feature","properties":{"name":"JUNG LANE","class":"Lane","width":4,"source":"cov-lanes","type":"Lane"},"geometry":{"type":"LineString","coordinates":[[-123.1338557,49.2786248],[-123.1360163,49.2800244]]}},{"type":"Feature","properties":{"name":"W GEORGIA ST","class":"Lane","width":4,"source":"cov-lanes","type":"Lane"},"geometry":{"type":"LineString","coordinates":[[-123.1126782,49.2784428],[-123.1131632,49.2787572]]}},{"type":"Feature","properties":{"name":"SEE-EM-IA LANE","class":"Lane","width":4,"source":"cov-lanes","type":"Lane"},"geometry":{"type":"LineString","coordinates":[[-123.139706,49.2865877],[-123.1412779,49.2876053]]}},{"type":"Feature","properties":{"name":"JEPSON-YOUNG LANE","class":"Lane","width":4,"source":"cov-lanes","type":"Lane"},"geometry":{"type":"LineString","coordinates":[[-123.1358911,49.2855098],[-123.1370712,49.2862742]]}},{"type":"Feature","properties":{"name":"HENSHAW LANE","class":"Lane","width":4,"source":"cov-lanes","type":"Lane"},"geometry":{"type":"LineString","coordinates":[[-123.1375806,49.2879961],[-123.1381216,49.288346]]}},{"type":"Feature","properties":{"name":"STOVOLD LANE","class":"Lane","width":4,"source":"cov-lanes","type":"Lane"},"geometry":{"type":"LineString","coordinates":[[-123.1370274,49.2904212],[-123.1386006,49.2914391]]}},{"type":"Feature","properties":{"name":"W PENDER ST","class":"Lane","width":4,"source":"cov-lanes","type":"Lane"},"geometry":{"type":"LineString","coordinates":[[-123.1119389,49.2814739],[-123.1124245,49.2817882]]}},{"type":"Feature","properties":{"name":"E CORDOVA ST","class":"Lane","width":4,"source":"cov-lanes","type":"Lane"},"geometry":{"type":"LineString","coordinates":[[-123.098879,49.2818187],[-123.0975442,49.2817942]]}},{"type":"Feature","properties":{"name":"CARRALL ST","class":"Lane","width":4,"source":"cov-lanes","type":"Lane"},"geometry":{"type":"LineString","coordinates":[[-123.1035887,49.2832646],[-123.1036081,49.2828116]]}},{"type":"Feature","properties":{"name":"YORK AV","class":"Lane","width":4,"source":"cov-lanes","type":"Lane"},"geometry":{"type":"LineString","coordinates":[[-123.1502522,49.2711784],[-123.1526513,49.2712175]]}},{"type":"Feature","properties":{"name":"WHYTE AV","class":"Lane","width":4,"source":"cov-lanes","type":"Lane"},"geometry":{"type":"LineString","coordinates":[[-123.147711,49.2748929],[-123.1501104,49.2749309]]}},{"type":"Feature","properties":{"name":"HOMER ST","class":"Lane","width":4,"source":"cov-lanes","type":"Lane"},"geometry":{"type":"LineString","coordinates":[[-123.1119088,49.2821294],[-123.1124245,49.2817882]]}},{"type":"Feature","properties":{"name":"W HASTINGS ST","class":"Lane","width":4,"source":"cov-lanes","type":"Lane"},"geometry":{"type":"LineString","coordinates":[[-123.1143671,49.2849762],[-123.1153581,49.2856184]]}},{"type":"Feature","properties":{"name":"ROSEMARY BROWN LANE","class":"Lane","width":4,"source":"cov-lanes","type":"Lane"},"geometry":{"type":"LineString","coordinates":[[-123.1316381,49.2883245],[-123.1328208,49.2890902]]}},{"type":"Feature","properties":{"name":"EIHU LANE","class":"Lane","width":4,"source":"cov-lanes","type":"Lane"},"geometry":{"type":"LineString","coordinates":[[-123.1305751,49.289028],[-123.131758,49.2897936]]}},{"type":"Feature","properties":{"name":"HORNBY ST","class":"Lane","width":4,"source":"cov-lanes","type":"Lane"},"geometry":{"type":"LineString","coordinates":[[-123.1251464,49.2797793],[-123.1260835,49.2791594]]}},{"type":"Feature","properties":{"name":"JUNG LANE","class":"Lane","width":4,"source":"cov-lanes","type":"Lane"},"geometry":{"type":"LineString","coordinates":[[-123.1318408,49.2773201],[-123.1338557,49.2786248]]}},{"type":"Feature","properties":{"name":"DENMAN ST","class":"Lane","width":4,"source":"cov-lanes","type":"Lane"},"geometry":{"type":"LineString","coordinates":[[-123.1340751,49.2892062],[-123.134607,49.2888545]]}},{"type":"Feature","properties":{"name":"HENSHAW LANE","class":"Lane","width":4,"source":"cov-lanes","type":"Lane"},"geometry":{"type":"LineString","coordinates":[[-123.1407258,49.2900311],[-123.1421008,49.2909213]]}},{"type":"Feature","properties":{"name":"E 3RD AV","class":"Lane","width":4,"source":"cov-lanes","type":"Lane"},"geometry":{"type":"LineString","coordinates":[[-123.1046954,49.2678378],[-123.1027598,49.2678027]]}},{"type":"Feature","properties":{"name":"W 2ND AV","class":"Lane","width":4,"source":"cov-lanes","type":"Lane"},"geometry":{"type":"LineString","coordinates":[[-123.1107474,49.2680952],[-123.1119214,49.2675186]]}},{"type":"Feature","properties":{"name":"MAXINE LANE","class":"Lane","width":4,"source":"cov-lanes","type":"Lane"},"geometry":{"type":"LineString","coordinates":[[-123.1379011,49.282636],[-123.1390802,49.2833992]]}},{"type":"Feature","properties":{"name":"MAPLE ST","class":"Lane","width":4,"source":"cov-lanes","type":"Lane"},"geometry":{"type":"LineString","coordinates":[[-123.148309,49.2769335],[-123.1483226,49.2765791]]}},{"type":"Feature","properties":{"name":"JEPSON-YOUNG LANE","class":"Lane","width":4,"source":"cov-lanes","type":"Lane"},"geometry":{"type":"LineString","coordinates":[[-123.1386434,49.2872917],[-123.1402156,49.2883097]]}},{"type":"Feature","properties":{"name":"JEPSON-YOUNG LANE","class":"Lane","width":4,"source":"cov-lanes","type":"Lane"},"geometry":{"type":"LineString","coordinates":[[-123.1402156,49.2883097],[-123.1417887,49.2893277]]}},{"type":"Feature","properties":{"name":"MAIN ST","class":"Lane","width":4,"source":"cov-lanes","type":"Lane"},"geometry":{"type":"LineString","coordinates":[[-123.0989199,49.2808256],[-123.0989404,49.2803713]]}},{"type":"Feature","properties":{"name":"HOWE ST","class":"Lane","width":4,"source":"cov-lanes","type":"Lane"},"geometry":{"type":"LineString","coordinates":[[-123.1203346,49.2816922],[-123.1219285,49.2806366]]}},{"type":"Feature","properties":{"name":"W PENDER ST","class":"Lane","width":4,"source":"cov-lanes","type":"Lane"},"geometry":{"type":"LineString","coordinates":[[-123.1099636,49.2808686],[-123.1104536,49.2811863]]}},{"type":"Feature","properties":{"name":"ABBOTT ST","class":"Lane","width":4,"source":"cov-lanes","type":"Lane"},"geometry":{"type":"LineString","coordinates":[[-123.105225,49.281149],[-123.1057699,49.2807503]]}},{"type":"Feature","properties":{"name":"W 5TH AV","class":"Lane","width":4,"source":"cov-lanes","type":"Lane"},"geometry":{"type":"LineString","coordinates":[[-123.1633333,49.267002],[-123.1644262,49.2670191],[-123.1645546,49.267]]}},{"type":"Feature","properties":{"name":"TED NORTHE LANE","class":"Lane","width":4,"source":"cov-lanes","type":"Lane"},"geometry":{"type":"LineString","coordinates":[[-123.1274749,49.2828455],[-123.1296382,49.2842456]]}},{"type":"Feature","properties":{"name":"HORNBY ST","class":"Lane","width":4,"source":"cov-lanes","type":"Lane"},"geometry":{"type":"LineString","coordinates":[[-123.1178897,49.2845797],[-123.1195973,49.2834502]]}},{"type":"Feature","properties":{"name":"W HASTINGS ST","class":"Lane","width":4,"source":"cov-lanes","type":"Lane"},"geometry":{"type":"LineString","coordinates":[[-123.1114345,49.2830783],[-123.1124054,49.2837064]]}},{"type":"Feature","properties":{"name":"W 1ST AV","class":"Lane","width":4,"source":"cov-lanes","type":"Lane"},"geometry":{"type":"LineString","coordinates":[[-123.147884,49.2702581],[-123.1502838,49.2702962]]}},{"type":"Feature","properties":{"name":"CYPRESS ST","class":"Lane","width":4,"source":"cov-lanes","type":"Lane"},"geometry":{"type":"LineString","coordinates":[[-123.146987,49.2744373],[-123.1470158,49.2734972]]}},{"type":"Feature","properties":{"name":"W PENDER ST","class":"Lane","width":4,"source":"cov-lanes","type":"Lane"},"geometry":{"type":"LineString","coordinates":[[-123.1153275,49.2843412],[-123.1158341,49.2846687]]}},{"type":"Feature","properties":{"name":"BURRARD ST","class":"Lane","width":4,"source":"cov-lanes","type":"Lane"},"geometry":{"type":"LineString","coordinates":[[-123.1162803,49.2868699],[-123.1167811,49.2865387]]}},{"type":"Feature","properties":{"name":"HOWE ST","class":"Lane","width":4,"source":"cov-lanes","type":"Lane"},"geometry":{"type":"LineString","coordinates":[[-123.1267049,49.2774781],[-123.1282972,49.2764243]]}},{"type":"Feature","properties":{"name":"QUEBEC ST","class":"Lane","width":4,"source":"cov-lanes","type":"Lane"},"geometry":{"type":"LineString","coordinates":[[-123.1015198,49.2686849],[-123.1015388,49.2682329]]}},{"type":"Feature","properties":{"name":"YORK AV","class":"Lane","width":4,"source":"cov-lanes","type":"Lane"},"geometry":{"type":"LineString","coordinates":[[-123.1526513,49.2712175],[-123.15502,49.2712547]]}},{"type":"Feature","properties":{"name":"POINT GREY ROAD","class":"Lane","width":4,"source":"cov-lanes","type":"Lane"},"geometry":{"type":"LineString","coordinates":[[-123.1620642,49.2731327],[-123.1643457,49.2731686]]}},{"type":"Feature","properties":{"name":"FIR ST","class":"Lane","width":4,"source":"cov-lanes","type":"Lane"},"geometry":{"type":"LineString","coordinates":[[-123.1390421,49.2696746],[-123.1390585,49.2692338]]}},{"type":"Feature","properties":{"name":"W 4TH AV","class":"Lane","width":4,"source":"cov-lanes","type":"Lane"},"geometry":{"type":"LineString","coordinates":[[-123.1403863,49.2675159],[-123.1408737,49.2675213]]}},{"type":"Feature","properties":{"name":"W 4TH AV","class":"Lane","width":4,"source":"cov-lanes","type":"Lane"},"geometry":{"type":"LineString","coordinates":[[-123.1645346,49.267865],[-123.165,49.267872]]}},{"type":"Feature","properties":{"name":"W 3RD AV","class":"Lane","width":4,"source":"cov-lanes","type":"Lane"},"geometry":{"type":"LineString","coordinates":[[-123.1645031,49.2687512],[-123.164641,49.2687603],[-123.165,49.2687657]]}},{"type":"Feature","properties":{"name":"CANADA PLACE","class":"Lane","width":4,"source":"cov-lanes","type":"Lane"},"geometry":{"type":"LineString","coordinates":[[-123.1143558,49.286281],[-123.1148595,49.2866067]]}},{"type":"Feature","properties":{"name":"W PENDER ST","class":"Lane","width":4,"source":"cov-lanes","type":"Lane"},"geometry":{"type":"LineString","coordinates":[[-123.1143358,49.2836997],[-123.1148215,49.2840134]]}},{"type":"Feature","properties":{"name":"TED NORTHE LANE","class":"Lane","width":4,"source":"cov-lanes","type":"Lane"},"geometry":{"type":"LineString","coordinates":[[-123.1299236,49.2844303],[-123.1312107,49.2852632]]}},{"type":"Feature","properties":{"name":"ROSEMARY BROWN LANE","class":"Lane","width":4,"source":"cov-lanes","type":"Lane"},"geometry":{"type":"LineString","coordinates":[[-123.1290835,49.2866708],[-123.1304604,49.2875622]]}},{"type":"Feature","properties":{"name":"EIHU LANE","class":"Lane","width":4,"source":"cov-lanes","type":"Lane"},"geometry":{"type":"LineString","coordinates":[[-123.131758,49.2897936],[-123.1333301,49.2908107]]}},{"type":"Feature","properties":{"name":"JERVIS ST","class":"Lane","width":4,"source":"cov-lanes","type":"Lane"},"geometry":{"type":"LineString","coordinates":[[-123.1299236,49.2844303],[-123.1304563,49.2840775]]}},{"type":"Feature","properties":{"name":"YORK AV","class":"Lane","width":4,"source":"cov-lanes","type":"Lane"},"geometry":{"type":"LineString","coordinates":[[-123.1478515,49.2711396],[-123.1502522,49.2711784]]}},{"type":"Feature","properties":{"name":"CAMBIE ST","class":"Lane","width":4,"source":"cov-lanes","type":"Lane"},"geometry":{"type":"LineString","coordinates":[[-123.108581,49.2832581],[-123.1087771,49.2827966]]}},{"type":"Feature","properties":{"name":"W 1ST AV","class":"Lane","width":4,"source":"cov-lanes","type":"Lane"},"geometry":{"type":"LineString","coordinates":[[-123.1104109,49.2694297],[-123.1110223,49.2691293]]}},{"type":"Feature","properties":{"name":"W PENDER ST","class":"Lane","width":4,"source":"cov-lanes","type":"Lane"},"geometry":{"type":"LineString","coordinates":[[-123.1172891,49.2856109],[-123.1183098,49.2862709]]}},{"type":"Feature","properties":{"name":"JUNG LANE","class":"Lane","width":4,"source":"cov-lanes","type":"Lane"},"geometry":{"type":"LineString","coordinates":[[-123.1360163,49.2800244],[-123.137598,49.2810427]]}},{"type":"Feature","properties":{"name":"HENSHAW LANE","class":"Lane","width":4,"source":"cov-lanes","type":"Lane"},"geometry":{"type":"LineString","coordinates":[[-123.1336491,49.2854504],[-123.1348284,49.2862138]]}},{"type":"Feature","properties":{"name":"ALEXANDER ST","class":"Lane","width":4,"source":"cov-lanes","type":"Lane"},"geometry":{"type":"LineString","coordinates":[[-123.0952919,49.2835619],[-123.095,49.2835571]]}},{"type":"Feature","properties":{"name":"E CORDOVA ST","class":"Lane","width":4,"source":"cov-lanes","type":"Lane"},"geometry":{"type":"LineString","coordinates":[[-123.0953605,49.2817544],[-123.095,49.2817477]]}},{"type":"Feature","properties":{"name":"MAIN ST","class":"Lane","width":4,"source":"cov-lanes","type":"Lane"},"geometry":{"type":"LineString","coordinates":[[-123.098901,49.2813216],[-123.0989199,49.2808256]]}},{"type":"Feature","properties":{"name":"PANTAGES LANE","class":"Lane","width":4,"source":"cov-lanes","type":"Lane"},"geometry":{"type":"LineString","coordinates":[[-123.1354753,49.2824388],[-123.1368386,49.2833401]]}},{"type":"Feature","properties":{"name":"HOMER ST","class":"Lane","width":4,"source":"cov-lanes","type":"Lane"},"geometry":{"type":"LineString","coordinates":[[-123.1164096,49.2791522],[-123.1180022,49.2780978]]}},{"type":"Feature","properties":{"name":"HOWE ST","class":"Lane","width":4,"source":"cov-lanes","type":"Lane"},"geometry":{"type":"LineString","coordinates":[[-123.1251128,49.2785317],[-123.1267049,49.2774781]]}},{"type":"Feature","properties":{"name":"GRANVILLE ST","class":"Lane","width":4,"source":"cov-lanes","type":"Lane"},"geometry":{"type":"LineString","coordinates":[[-123.1240998,49.2778766],[-123.125692,49.2768228]]}},{"type":"Feature","properties":{"name":"RICHARDS ST","class":"Lane","width":4,"source":"cov-lanes","type":"Lane"},"geometry":{"type":"LineString","coordinates":[[-123.1189721,49.2787265],[-123.1205649,49.2776726]]}},{"type":"Feature","properties":{"name":"SEE-EM-IA LANE","class":"Lane","width":4,"source":"cov-lanes","type":"Lane"},"geometry":{"type":"LineString","coordinates":[[-123.1344019,49.2831518],[-123.1357746,49.2840426]]}},{"type":"Feature","properties":{"name":"MAXINE LANE","class":"Lane","width":4,"source":"cov-lanes","type":"Lane"},"geometry":{"type":"LineString","coordinates":[[-123.1402592,49.2841628],[-123.1418329,49.2851813]]}},{"type":"Feature","properties":{"name":"JUNG LANE","class":"Lane","width":4,"source":"cov-lanes","type":"Lane"},"geometry":{"type":"LineString","coordinates":[[-123.140143,49.2826954],[-123.1413268,49.2834585]]}},{"type":"Feature","properties":{"name":"COLUMBIA ST","class":"Lane","width":4,"source":"cov-lanes","type":"Lane"},"geometry":{"type":"LineString","coordinates":[[-123.100422,49.2808519],[-123.1004417,49.2803998]]}},{"type":"Feature","properties":{"name":"COLUMBIA ST","class":"Lane","width":4,"source":"cov-lanes","type":"Lane"},"geometry":{"type":"LineString","coordinates":[[-123.1003189,49.2832036],[-123.1003385,49.2827508]]}},{"type":"Feature","properties":{"name":"W CORDOVA ST","class":"Lane","width":4,"source":"cov-lanes","type":"Lane"},"geometry":{"type":"LineString","coordinates":[[-123.1104328,49.2837405],[-123.1114038,49.2843686]]}},{"type":"Feature","properties":{"name":"TED NORTHE LANE","class":"Lane","width":4,"source":"cov-lanes","type":"Lane"},"geometry":{"type":"LineString","coordinates":[[-123.1410375,49.2916252],[-123.1423934,49.2925032]]}},{"type":"Feature","properties":{"name":"SEE-EM-IA LANE","class":"Lane","width":4,"source":"cov-lanes","type":"Lane"},"geometry":{"type":"LineString","coordinates":[[-123.1306658,49.2807354],[-123.1328274,49.2821352]]}},{"type":"Feature","properties":{"name":"W PENDER ST","class":"Lane","width":4,"source":"cov-lanes","type":"Lane"},"geometry":{"type":"LineString","coordinates":[[-123.1114229,49.2818152],[-123.1119088,49.2821294]]}},{"type":"Feature","properties":{"name":"GRANVILLE ST","class":"Lane","width":4,"source":"cov-lanes","type":"Lane"},"geometry":{"type":"LineString","coordinates":[[-123.1193215,49.281037],[-123.1209136,49.2799828]]}},{"type":"Feature","properties":{"name":"SEE-EM-IA LANE","class":"Lane","width":4,"source":"cov-lanes","type":"Lane"},"geometry":{"type":"LineString","coordinates":[[-123.1286504,49.2794312],[-123.1306658,49.2807354]]}},{"type":"Feature","properties":{"name":"NELSON ST","class":"Lane","width":4,"source":"cov-lanes","type":"Lane"},"geometry":{"type":"LineString","coordinates":[[-123.1251464,49.2797793],[-123.125632,49.280093]]}},{"type":"Feature","properties":{"name":"GRANVILLE ST","class":"Lane","width":4,"source":"cov-lanes","type":"Lane"},"geometry":{"type":"LineString","coordinates":[[-123.1209136,49.2799828],[-123.1225076,49.2789303]]}},{"type":"Feature","properties":{"name":"EIHU LANE","class":"Lane","width":4,"source":"cov-lanes","type":"Lane"},"geometry":{"type":"LineString","coordinates":[[-123.1364756,49.2928467],[-123.1378517,49.293737]]}},{"type":"Feature","properties":{"name":"STOVOLD LANE","class":"Lane","width":4,"source":"cov-lanes","type":"Lane"},"geometry":{"type":"LineString","coordinates":[[-123.1338837,49.2883863],[-123.134607,49.2888545]]}},{"type":"Feature","properties":{"name":"PACIFIC ST","class":"Lane","width":4,"source":"cov-lanes","type":"Lane"},"geometry":{"type":"LineString","coordinates":[[-123.1323558,49.2756437],[-123.1328416,49.2759585]]}},{"type":"Feature","properties":{"name":"PACIFIC ST","class":"Lane","width":4,"source":"cov-lanes","type":"Lane"},"geometry":{"type":"LineString","coordinates":[[-123.1348084,49.2779938],[-123.1357255,49.2785871]]}},{"type":"Feature","properties":{"name":"RAILWAY ST","class":"Lane","width":4,"source":"cov-lanes","type":"Lane"},"geometry":{"type":"LineString","coordinates":[[-123.0979633,49.2847794],[-123.0958978,49.2852419],[-123.0955857,49.2852999],[-123.0954275,49.2853235],[-123.0952082,49.28535]]}},{"type":"Feature","properties":{"name":"ALEXANDER ST","class":"Lane","width":4,"source":"cov-lanes","type":"Lane"},"geometry":{"type":"LineString","coordinates":[[-123.1021575,49.2836307],[-123.1003016,49.2835956]]}},{"type":"Feature","properties":{"name":"W 2ND AV","class":"Lane","width":4,"source":"cov-lanes","type":"Lane"},"geometry":{"type":"LineString","coordinates":[[-123.1621952,49.2696045],[-123.1644715,49.2696385]]}},{"type":"Feature","properties":{"name":"PANTAGES LANE","class":"Lane","width":4,"source":"cov-lanes","type":"Lane"},"geometry":{"type":"LineString","coordinates":[[-123.1407692,49.2858846],[-123.1422428,49.2868381],[-123.1423753,49.286879]]}},{"type":"Feature","properties":{"name":"MAXINE LANE","class":"Lane","width":4,"source":"cov-lanes","type":"Lane"},"geometry":{"type":"LineString","coordinates":[[-123.1327921,49.2793288],[-123.1349535,49.2807281]]}},{"type":"Feature","properties":{"name":"QUEBEC ST","class":"Lane","width":4,"source":"cov-lanes","type":"Lane"},"geometry":{"type":"LineString","coordinates":[[-123.1015768,49.2673288],[-123.1015599,49.2672383],[-123.1015698,49.267]]}},{"type":"Feature","properties":{"name":"POWELL ST","class":"Lane","width":4,"source":"cov-lanes","type":"Lane"},"geometry":{"type":"LineString","coordinates":[[-123.1021963,49.2827855],[-123.1003385,49.2827508]]}},{"type":"Feature","properties":{"name":"HENSHAW LANE","class":"Lane","width":4,"source":"cov-lanes","type":"Lane"},"geometry":{"type":"LineString","coordinates":[[-123.1322733,49.2845598],[-123.1336491,49.2854504]]}},{"type":"Feature","properties":{"name":"YORK AV","class":"Lane","width":4,"source":"cov-lanes","type":"Lane"},"geometry":{"type":"LineString","coordinates":[[-123.1464329,49.2711161],[-123.1478515,49.2711396]]}},{"type":"Feature","properties":{"name":"ROSEMARY BROWN LANE","class":"Lane","width":4,"source":"cov-lanes","type":"Lane"},"geometry":{"type":"LineString","coordinates":[[-123.1275114,49.2856529],[-123.1290835,49.2866708]]}},{"type":"Feature","properties":{"name":"TED NORTHE LANE","class":"Lane","width":4,"source":"cov-lanes","type":"Lane"},"geometry":{"type":"LineString","coordinates":[[-123.1296382,49.2842456],[-123.1299236,49.2844303]]}},{"type":"Feature","properties":{"name":"DUNSMUIR ST","class":"Lane","width":4,"source":"cov-lanes","type":"Lane"},"geometry":{"type":"LineString","coordinates":[[-123.1189252,49.2845297],[-123.1194103,49.2848442]]}},{"type":"Feature","properties":{"name":"W 3RD AV","class":"Lane","width":4,"source":"cov-lanes","type":"Lane"},"geometry":{"type":"LineString","coordinates":[[-123.1551188,49.2686097],[-123.1574889,49.2686468]]}},{"type":"Feature","properties":{"name":"UNNAMED ST","class":"Lane","width":4,"source":"cov-lanes","type":"Lane"},"geometry":{"type":"LineString","coordinates":[[-123.1093949,49.2848981],[-123.1094308,49.2849025],[-123.1107656,49.2851461]]}},{"type":"Feature","properties":{"name":"YORK AV","class":"Lane","width":4,"source":"cov-lanes","type":"Lane"},"geometry":{"type":"LineString","coordinates":[[-123.1555545,49.2712626],[-123.1573906,49.2712939]]}},{"type":"Feature","properties":{"name":"CORNWALL AV","class":"Lane","width":4,"source":"cov-lanes","type":"Lane"},"geometry":{"type":"LineString","coordinates":[[-123.1620973,49.2722501],[-123.1643771,49.2722871]]}},{"type":"Feature","properties":{"name":"E GEORGIA ST","class":"Lane","width":4,"source":"cov-lanes","type":"Lane"},"geometry":{"type":"LineString","coordinates":[[-123.0990373,49.2781127],[-123.0970211,49.2780737]]}},{"type":"Feature","properties":{"name":"W HASTINGS ST","class":"Lane","width":4,"source":"cov-lanes","type":"Lane"},"geometry":{"type":"LineString","coordinates":[[-123.1073761,49.2815404],[-123.1097738,49.2819757]]}},{"type":"Feature","properties":{"name":"UNION ST","class":"Lane","width":4,"source":"cov-lanes","type":"Lane"},"geometry":{"type":"LineString","coordinates":[[-123.0968955,49.2771634],[-123.0963278,49.2771529]]}},{"type":"Feature","properties":{"name":"COLUMBIA ST","class":"Lane","width":4,"source":"cov-lanes","type":"Lane"},"geometry":{"type":"LineString","coordinates":[[-123.1003997,49.28135],[-123.100422,49.2808519]]}},{"type":"Feature","properties":{"name":"RICHARDS ST","class":"Lane","width":4,"source":"cov-lanes","type":"Lane"},"geometry":{"type":"LineString","coordinates":[[-123.11738,49.2797805],[-123.1189721,49.2787265]]}},{"type":"Feature","properties":{"name":"PANTAGES LANE","class":"Lane","width":4,"source":"cov-lanes","type":"Lane"},"geometry":{"type":"LineString","coordinates":[[-123.129714,49.2787274],[-123.1317292,49.280032]]}},{"type":"Feature","properties":{"name":"MAXINE LANE","class":"Lane","width":4,"source":"cov-lanes","type":"Lane"},"geometry":{"type":"LineString","coordinates":[[-123.1349535,49.2807281],[-123.1365339,49.2817461]]}},{"type":"Feature","properties":{"name":"SEE-EM-IA LANE","class":"Lane","width":4,"source":"cov-lanes","type":"Lane"},"geometry":{"type":"LineString","coordinates":[[-123.1381334,49.2855695],[-123.139706,49.2865877]]}},{"type":"Feature","properties":{"name":"OGDEN AV","class":"Lane","width":4,"source":"cov-lanes","type":"Lane"},"geometry":{"type":"LineString","coordinates":[[-123.1483226,49.2765791],[-123.1500418,49.2767417]]}},{"type":"Feature","properties":{"name":"E 3RD AV","class":"Lane","width":4,"source":"cov-lanes","type":"Lane"},"geometry":{"type":"LineString","coordinates":[[-123.1027598,49.2678027],[-123.1015578,49.2677809]]}},{"type":"Feature","properties":{"name":"W 1ST AV","class":"Lane","width":4,"source":"cov-lanes","type":"Lane"},"geometry":{"type":"LineString","coordinates":[[-123.1502838,49.2702962],[-123.1526836,49.2703355]]}},{"type":"Feature","properties":{"name":"W 4TH AV","class":"Lane","width":4,"source":"cov-lanes","type":"Lane"},"geometry":{"type":"LineString","coordinates":[[-123.1551512,49.2677495],[-123.157521,49.2677875]]}},{"type":"Feature","properties":{"name":"CORNWALL AV","class":"Lane","width":4,"source":"cov-lanes","type":"Lane"},"geometry":{"type":"LineString","coordinates":[[-123.1597272,49.2722125],[-123.1620973,49.2722501]]}},{"type":"Feature","properties":{"name":"W 4TH AV","class":"Lane","width":4,"source":"cov-lanes","type":"Lane"},"geometry":{"type":"LineString","coordinates":[[-123.1622596,49.2678677],[-123.1643983,49.2679025],[-123.164534,49.267865]]}},{"type":"Feature","properties":{"name":"FIR ST","class":"Lane","width":4,"source":"cov-lanes","type":"Lane"},"geometry":{"type":"LineString","coordinates":[[-123.1390746,49.2687933],[-123.1390912,49.2683521]]}},{"type":"Feature","properties":{"name":"W 2ND AV","class":"Lane","width":4,"source":"cov-lanes","type":"Lane"},"geometry":{"type":"LineString","coordinates":[[-123.157456,49.2695296],[-123.159826,49.2695677]]}},{"type":"Feature","properties":{"name":"HENSHAW LANE","class":"Lane","width":4,"source":"cov-lanes","type":"Lane"},"geometry":{"type":"LineString","coordinates":[[-123.1265241,49.280838],[-123.1285382,49.282142]]}},{"type":"Feature","properties":{"name":"JUNG LANE","class":"Lane","width":4,"source":"cov-lanes","type":"Lane"},"geometry":{"type":"LineString","coordinates":[[-123.137598,49.2810427],[-123.1389639,49.2819323]]}},{"type":"Feature","properties":{"name":"TED NORTHE LANE","class":"Lane","width":4,"source":"cov-lanes","type":"Lane"},"geometry":{"type":"LineString","coordinates":[[-123.1337649,49.2869174],[-123.1349469,49.2876828]]}},{"type":"Feature","properties":{"name":"HENSHAW LANE","class":"Lane","width":4,"source":"cov-lanes","type":"Lane"},"geometry":{"type":"LineString","coordinates":[[-123.1348284,49.2862138],[-123.1360089,49.2869788]]}},{"type":"Feature","properties":{"name":"W PENDER ST","class":"Lane","width":4,"source":"cov-lanes","type":"Lane"},"geometry":{"type":"LineString","coordinates":[[-123.1148215,49.2840134],[-123.1153275,49.2843412]]}},{"type":"Feature","properties":{"name":"BURRARD ST","class":"Lane","width":4,"source":"cov-lanes","type":"Lane"},"geometry":{"type":"LineString","coordinates":[[-123.129834,49.2779486],[-123.1302407,49.2776795]]}},{"type":"Feature","properties":{"name":"MAIN ST","class":"Lane","width":4,"source":"cov-lanes","type":"Lane"},"geometry":{"type":"LineString","coordinates":[[-123.0990531,49.2776573],[-123.0990741,49.2772068]]}},{"type":"Feature","properties":{"name":"HOWE ST","class":"Lane","width":4,"source":"cov-lanes","type":"Lane"},"geometry":{"type":"LineString","coordinates":[[-123.1310306,49.2746151],[-123.1313343,49.2744142]]}},{"type":"Feature","properties":{"name":"W 3RD AV","class":"Lane","width":4,"source":"cov-lanes","type":"Lane"},"geometry":{"type":"LineString","coordinates":[[-123.1066295,49.2678724],[-123.1094259,49.2679236]]}},{"type":"Feature","properties":{"name":"W 1ST AV","class":"Lane","width":4,"source":"cov-lanes","type":"Lane"},"geometry":{"type":"LineString","coordinates":[[-123.1526836,49.2703355],[-123.155053,49.2703731]]}},{"type":"Feature","properties":{"name":"JEPSON-YOUNG LANE","class":"Lane","width":4,"source":"cov-lanes","type":"Lane"},"geometry":{"type":"LineString","coordinates":[[-123.1431634,49.2902177],[-123.1445097,49.2910904]]}},{"type":"Feature","properties":{"name":"TED NORTHE LANE","class":"Lane","width":4,"source":"cov-lanes","type":"Lane"},"geometry":{"type":"LineString","coordinates":[[-123.1325872,49.286154],[-123.1337649,49.2869174]]}},{"type":"Feature","properties":{"name":"W 2ND AV","class":"Lane","width":4,"source":"cov-lanes","type":"Lane"},"geometry":{"type":"LineString","coordinates":[[-123.1431786,49.2693011],[-123.1455811,49.2693438]]}},{"type":"Feature","properties":{"name":"W 4TH AV","class":"Lane","width":4,"source":"cov-lanes","type":"Lane"},"geometry":{"type":"LineString","coordinates":[[-123.1107926,49.2670453],[-123.1127267,49.2670812]]}},{"type":"Feature","properties":{"name":"Adanac","class":"Bikeway","width":3,"source":"cov-bikeways","type":"Bikeway"},"geometry":{"type":"LineString","coordinates":[[-123.0998124,49.2776709],[-123.0990531,49.2776573]]}},{"type":"Feature","properties":{"name":"Seaside Bypass","class":"Bikeway","width":3,"source":"cov-bikeways","type":"Bikeway"},"geometry":{"type":"LineString","coordinates":[[-123.1462562,49.2753114],[-123.1476943,49.2753342]]}},{"type":"Feature","properties":{"name":"Haro","class":"Bikeway","width":3,"source":"cov-bikeways","type":"Bikeway"},"geometry":{"type":"LineString","coordinates":[[-123.1296151,49.2863191],[-123.1309917,49.2872104]]}},{"type":"Feature","properties":{"name":"Beatty","class":"Bikeway","width":3,"source":"cov-bikeways","type":"Bikeway"},"geometry":{"type":"LineString","coordinates":[[-123.1091438,49.2807823],[-123.1094834,49.2805574]]}},{"type":"Feature","properties":{"name":"Columbia","class":"Bikeway","width":3,"source":"cov-bikeways","type":"Bikeway"},"geometry":{"type":"LineString","coordinates":[[-123.1094307,49.2670196],[-123.1094279,49.2674715]]}},{"type":"Feature","properties":{"name":"Alexander","class":"Bikeway","width":3,"source":"cov-bikeways","type":"Bikeway"},"geometry":{"type":"LineString","coordinates":[[-123.1002794,49.2841077],[-123.0995268,49.2840935]]}},{"type":"Feature","properties":{"name":"Georgia","class":"Bikeway","width":3,"source":"cov-bikeways","type":"Bikeway"},"geometry":{"type":"LineString","coordinates":[[-123.13217,49.2915789],[-123.1337401,49.2925947]]}},{"type":"Feature","properties":{"name":"Stanley Park Causeway","class":"Bikeway","width":3,"source":"cov-bikeways","type":"Bikeway"},"geometry":{"type":"LineString","coordinates":[[-123.1361076,49.2964568],[-123.1361515,49.296676],[-123.1363345,49.2970104],[-123.1365689,49.2972698],[-123.1367336,49.2974211],[-123.1369239,49.2976244],[-123.1372319,49.2978159],[-123.1375905,49.2979117]]}},{"type":"Feature","properties":{"name":"Carrall","class":"Bikeway","width":3,"source":"cov-bikeways","type":"Bikeway"},"geometry":{"type":"LineString","coordinates":[[-123.1064037,49.2765703],[-123.1064394,49.2757502]]}},{"type":"Feature","properties":{"name":"Smithe","class":"Bikeway","width":3,"source":"cov-bikeways","type":"Bikeway"},"geometry":{"type":"LineString","coordinates":[[-123.1209136,49.2799828],[-123.1214215,49.2803113]]}},{"type":"Feature","properties":{"name":"Chilco","class":"Bikeway","width":3,"source":"cov-bikeways","type":"Bikeway"},"geometry":{"type":"LineString","coordinates":[[-123.1381311,49.2935521],[-123.1383827,49.2933856]]}},{"type":"Feature","properties":{"name":"Bute","class":"Bikeway","width":3,"source":"cov-bikeways","type":"Bikeway"},"geometry":{"type":"LineString","coordinates":[[-123.1317645,49.2828386],[-123.132296,49.2824868]]}},{"type":"Feature","properties":{"name":"Stanley Park Trails","class":"Bikeway","width":3,"source":"cov-bikeways","type":"Bikeway"},"geometry":{"type":"LineString","coordinates":[[-123.1506388,49.296478],[-123.1508915,49.2962772],[-123.1509361,49.2961556],[-123.1507145,49.2960888],[-123.1504343,49.2959906],[-123.1504131,49.2959783],[-123.1504014,49.2959671],[-123.150395,49.2959539],[-123.1503937,49.2959412],[-123.1504208,49.295869]]}},{"type":"Feature","properties":{"name":"Chilco","class":"Bikeway","width":3,"source":"cov-bikeways","type":"Bikeway"},"geometry":{"type":"LineString","coordinates":[[-123.1426328,49.2905692],[-123.1431634,49.2902177]]}},{"type":"Feature","properties":{"name":"Burrard","class":"Bikeway","width":3,"source":"cov-bikeways","type":"Bikeway"},"geometry":{"type":"LineString","coordinates":[[-123.1315076,49.2775406],[-123.1318374,49.2773223]]}},{"type":"Feature","properties":{"name":"Seaside","class":"Bikeway","width":3,"source":"cov-bikeways","type":"Bikeway"},"geometry":{"type":"LineString","coordinates":[[-123.1367957,49.2948587],[-123.136585,49.2949971],[-123.1363735,49.2950973],[-123.1362012,49.2951603],[-123.1359961,49.2952091],[-123.1359327,49.2952192]]}},{"type":"Feature","properties":{"name":"Cardero","class":"Bikeway","width":3,"source":"cov-bikeways","type":"Bikeway"},"geometry":{"type":"LineString","coordinates":[[-123.1340825,49.2882552],[-123.1344163,49.2880351]]}},{"type":"Feature","properties":{"name":"Pacific","class":"Bikeway","width":3,"source":"cov-bikeways","type":"Bikeway"},"geometry":{"type":"LineString","coordinates":[[-123.121378,49.2740276],[-123.119971,49.2744039]]}},{"type":"Feature","properties":{"name":"Stanley Park Trails","class":"Bikeway","width":3,"source":"cov-bikeways","type":"Bikeway"},"geometry":{"type":"LineString","coordinates":[[-123.1459874,49.303629],[-123.1461298,49.3045313],[-123.1461666,49.3051596],[-123.1462026,49.3054908],[-123.1463781,49.3057534],[-123.1467634,49.3060727],[-123.1476208,49.3065515],[-123.1478491,49.3069282],[-123.1478848,49.3071909],[-123.1477635,49.3075109],[-123.1474326,49.3078769],[-123.1470765,49.3080801]]}},{"type":"Feature","properties":{"name":"Cambie Bridge","class":"Bikeway","width":3,"source":"cov-bikeways","type":"Bikeway"},"geometry":{"type":"LineString","coordinates":[[-123.1149104,49.2736532],[-123.1149007,49.2736254],[-123.1148808,49.2735423],[-123.1148474,49.2733876],[-123.1148052,49.2732487],[-123.1147687,49.2731581]]}},{"type":"Feature","properties":{"name":"Chilco","class":"Bikeway","width":3,"source":"cov-bikeways","type":"Bikeway"},"geometry":{"type":"LineString","coordinates":[[-123.1436944,49.2898664],[-123.1442752,49.2894824]]}},{"type":"Feature","properties":{"name":"Haro","class":"Bikeway","width":3,"source":"cov-bikeways","type":"Bikeway"},"geometry":{"type":"LineString","coordinates":[[-123.1309917,49.2872104],[-123.1321696,49.2879728]]}},{"type":"Feature","properties":{"name":"5th Ave","class":"Bikeway","width":3,"source":"cov-bikeways","type":"Bikeway"},"geometry":{"type":"LineString","coordinates":[[-123.1417039,49.2670962],[-123.1408897,49.2670835]]}},{"type":"Feature","properties":{"name":"Cypress","class":"Bikeway","width":3,"source":"cov-bikeways","type":"Bikeway"},"geometry":{"type":"LineString","coordinates":[[-123.1476779,49.2757754],[-123.1476943,49.2753342]]}},{"type":"Feature","properties":{"name":"Seaside","class":"Bikeway","width":3,"source":"cov-bikeways","type":"Bikeway"},"geometry":{"type":"LineString","coordinates":[[-123.1187307,49.2897963],[-123.1196838,49.2898831],[-123.1203564,49.2900193],[-123.1214389,49.2903734],[-123.1220896,49.2906581],[-123.1230986,49.2912293],[-123.1232553,49.2912681]]}},{"type":"Feature","properties":{"name":"Cambie","class":"Bikeway","width":3,"source":"cov-bikeways","type":"Bikeway"},"geometry":{"type":"LineString","coordinates":[[-123.110884,49.280901],[-123.1115363,49.2804692]]}},{"type":"Feature","properties":{"name":"Ontario","class":"Bikeway","width":3,"source":"cov-bikeways","type":"Bikeway"},"geometry":{"type":"LineString","coordinates":[[-123.104637,49.2692395],[-123.1046492,49.2691025]]}},{"type":"Feature","properties":{"name":"Ontario","class":"Bikeway","width":3,"source":"cov-bikeways","type":"Bikeway"},"geometry":{"type":"LineString","coordinates":[[-123.1046291,49.2694284],[-123.104637,49.2692395]]}},{"type":"Feature","properties":{"name":"Ontario","class":"Bikeway","width":3,"source":"cov-bikeways","type":"Bikeway"},"geometry":{"type":"LineString","coordinates":[[-123.1045766,49.2715263],[-123.1043435,49.2715964],[-123.104322,49.2719775]]}},{"type":"Feature","properties":{"name":"Water","class":"Bikeway","width":3,"source":"cov-bikeways","type":"Bikeway"},"geometry":{"type":"LineString","coordinates":[[-123.1087774,49.2843192],[-123.1095764,49.2844653]]}},{"type":"Feature","properties":{"name":"Central Valley","class":"Bikeway","width":3,"source":"cov-bikeways","type":"Bikeway"},"geometry":{"type":"LineString","coordinates":[[-123.0973736,49.2683828],[-123.0977633,49.2680912]]}},{"type":"Feature","properties":{"name":"Valley","class":"Bikeway","width":3,"source":"cov-bikeways","type":"Bikeway"},"geometry":{"type":"LineString","coordinates":[[-123.1645496,49.2674371],[-123.1645649,49.267]]}},{"type":"Feature","properties":{"name":"Homer","class":"Bikeway","width":3,"source":"cov-bikeways","type":"Bikeway"},"geometry":{"type":"LineString","coordinates":[[-123.1206415,49.2769877],[-123.1200802,49.2773582]]}},{"type":"Feature","properties":{"name":"Dunsmuir","class":"Bikeway","width":3,"source":"cov-bikeways","type":"Bikeway"},"geometry":{"type":"LineString","coordinates":[[-123.1115363,49.2804692],[-123.1125075,49.2810978]]}},{"type":"Feature","properties":{"name":"Dunsmuir","class":"Bikeway","width":3,"source":"cov-bikeways","type":"Bikeway"},"geometry":{"type":"LineString","coordinates":[[-123.1134782,49.2817261],[-123.1139632,49.2820407]]}},{"type":"Feature","properties":{"name":"Granville Connector","class":"Bikeway","width":3,"source":"cov-bikeways","type":"Bikeway"},"geometry":{"type":"LineString","coordinates":[[-123.1289024,49.2753607],[-123.1312117,49.2738307]]}},{"type":"Feature","properties":{"name":"Beach","class":"Bikeway","width":3,"source":"cov-bikeways","type":"Bikeway"},"geometry":{"type":"LineString","coordinates":[[-123.1406738,49.282344],[-123.1418542,49.2831071]]}},{"type":"Feature","properties":{"name":"Burrard","class":"Bikeway","width":3,"source":"cov-bikeways","type":"Bikeway"},"geometry":{"type":"LineString","coordinates":[[-123.122809,49.2832957],[-123.1233339,49.2829485]]}},{"type":"Feature","properties":{"name":"Central Valley","class":"Bikeway","width":3,"source":"cov-bikeways","type":"Bikeway"},"geometry":{"type":"LineString","coordinates":[[-123.1006575,49.2701172],[-123.10257,49.270152]]}},{"type":"Feature","properties":{"name":"Yukon","class":"Bikeway","width":3,"source":"cov-bikeways","type":"Bikeway"},"geometry":{"type":"LineString","coordinates":[[-123.1130523,49.2675073],[-123.112972,49.2675386]]}},{"type":"Feature","properties":{"name":"Comox-Helmcken","class":"Bikeway","width":3,"source":"cov-bikeways","type":"Bikeway"},"geometry":{"type":"LineString","coordinates":[[-123.1381117,49.2876438],[-123.1365397,49.2866264]]}},{"type":"Feature","properties":{"name":"Stanley Park Causeway","class":"Bikeway","width":3,"source":"cov-bikeways","type":"Bikeway"},"geometry":{"type":"LineString","coordinates":[[-123.1359327,49.2952192],[-123.136126,49.295424],[-123.1358768,49.2960601],[-123.1359879,49.2964626],[-123.1361076,49.2964568]]}},{"type":"Feature","properties":{"name":"Pacific","class":"Bikeway","width":3,"source":"cov-bikeways","type":"Bikeway"},"geometry":{"type":"LineString","coordinates":[[-123.1294421,49.2750477],[-123.1298959,49.2753515]]}},{"type":"Feature","properties":{"name":"Quebec","class":"Bikeway","width":3,"source":"cov-bikeways","type":"Bikeway"},"geometry":{"type":"LineString","coordinates":[[-123.1027012,49.2692044],[-123.1027226,49.2687072]]}},{"type":"Feature","properties":{"name":"Cambie Bridge","class":"Bikeway","width":3,"source":"cov-bikeways","type":"Bikeway"},"geometry":{"type":"LineString","coordinates":[[-123.1145916,49.2748722],[-123.1145814,49.275204],[-123.1146344,49.2755504],[-123.114751,49.2757904]]}},{"type":"Feature","properties":{"name":"Cypress","class":"Bikeway","width":3,"source":"cov-bikeways","type":"Bikeway"},"geometry":{"type":"LineString","coordinates":[[-123.1479666,49.2680536],[-123.1479827,49.2676349]]}},{"type":"Feature","properties":{"name":"Quebec","class":"Bikeway","width":3,"source":"cov-bikeways","type":"Bikeway"},"geometry":{"type":"LineString","coordinates":[[-123.1021247,49.2776424],[-123.1021258,49.2774985]]}},{"type":"Feature","properties":{"name":"Burrard","class":"Bikeway","width":3,"source":"cov-bikeways","type":"Bikeway"},"geometry":{"type":"LineString","coordinates":[[-123.1302456,49.2783757],[-123.1307753,49.2780252]]}},{"type":"Feature","properties":{"name":"Smithe","class":"Bikeway","width":3,"source":"cov-bikeways","type":"Bikeway"},"geometry":{"type":"LineString","coordinates":[[-123.1204281,49.2796687],[-123.1209136,49.2799828]]}},{"type":"Feature","properties":{"name":"Bute","class":"Bikeway","width":3,"source":"cov-bikeways","type":"Bikeway"},"geometry":{"type":"LineString","coordinates":[[-123.1285744,49.2849495],[-123.1291059,49.2845978]]}},{"type":"Feature","properties":{"name":"Ontario","class":"Bikeway","width":3,"source":"cov-bikeways","type":"Bikeway"},"geometry":{"type":"LineString","coordinates":[[-123.1046492,49.2691025],[-123.1046574,49.2687419]]}},{"type":"Feature","properties":{"name":"Expo","class":"Bikeway","width":3,"source":"cov-bikeways","type":"Bikeway"},"geometry":{"type":"LineString","coordinates":[[-123.1022859,49.276602],[-123.1025499,49.2769256],[-123.1028829,49.2771998],[-123.1030663,49.2773159],[-123.1032032,49.2773909],[-123.1033085,49.2774428]]}},{"type":"Feature","properties":{"name":"Chestnut","class":"Bikeway","width":3,"source":"cov-bikeways","type":"Bikeway"},"geometry":{"type":"LineString","coordinates":[[-123.1463153,49.2739056],[-123.1462935,49.2744285]]}},{"type":"Feature","properties":{"name":"Cambie Bridge","class":"Bikeway","width":3,"source":"cov-bikeways","type":"Bikeway"},"geometry":{"type":"LineString","coordinates":[[-123.1150857,49.2680415],[-123.1149726,49.2679231],[-123.114912,49.267]]}},{"type":"Feature","properties":{"name":"Pender","class":"Bikeway","width":3,"source":"cov-bikeways","type":"Bikeway"},"geometry":{"type":"LineString","coordinates":[[-123.1043865,49.2804993],[-123.1049246,49.2805969]]}},{"type":"Feature","properties":{"name":"Alberni","class":"Bikeway","width":3,"source":"cov-bikeways","type":"Bikeway"},"geometry":{"type":"LineString","coordinates":[[-123.135945,49.2931989],[-123.1373209,49.2940892]]}},{"type":"Feature","properties":{"name":"Bute","class":"Bikeway","width":3,"source":"cov-bikeways","type":"Bikeway"},"geometry":{"type":"LineString","coordinates":[[-123.1280428,49.2853012],[-123.1285744,49.2849495]]}},{"type":"Feature","properties":{"name":"Georgia","class":"Bikeway","width":3,"source":"cov-bikeways","type":"Bikeway"},"geometry":{"type":"LineString","coordinates":[[-123.1305973,49.2905612],[-123.1304646,49.2904754]]}},{"type":"Feature","properties":{"name":"Davie","class":"Bikeway","width":3,"source":"cov-bikeways","type":"Bikeway"},"geometry":{"type":"LineString","coordinates":[[-123.1198121,49.2730143],[-123.1197154,49.2728334]]}},{"type":"Feature","properties":{"name":"Dunsmuir","class":"Bikeway","width":3,"source":"cov-bikeways","type":"Bikeway"},"geometry":{"type":"LineString","coordinates":[[-123.1105509,49.2798506],[-123.1115363,49.2804692]]}},{"type":"Feature","properties":{"name":"Seaside Bypass","class":"Bikeway","width":3,"source":"cov-bikeways","type":"Bikeway"},"geometry":{"type":"LineString","coordinates":[[-123.1411166,49.2710344],[-123.1414928,49.2708958]]}},{"type":"Feature","properties":{"name":"Seaside","class":"Bikeway","width":3,"source":"cov-bikeways","type":"Bikeway"},"geometry":{"type":"LineString","coordinates":[[-123.1525556,49.274535],[-123.1525524,49.2746229],[-123.1525454,49.2746396],[-123.1522361,49.2749673]]}},{"type":"Feature","properties":{"name":"Seaside","class":"Bikeway","width":3,"source":"cov-bikeways","type":"Bikeway"},"geometry":{"type":"LineString","coordinates":[[-123.1199654,49.272841],[-123.1197637,49.272827],[-123.1197154,49.2728334]]}},{"type":"Feature","properties":{"name":"Beach","class":"Bikeway","width":3,"source":"cov-bikeways","type":"Bikeway"},"geometry":{"type":"LineString","coordinates":[[-123.1428993,49.2885912],[-123.1442752,49.2894824]]}},{"type":"Feature","properties":{"name":"Seaside Bypass","class":"Bikeway","width":3,"source":"cov-bikeways","type":"Bikeway"},"geometry":{"type":"MultiLineString","coordinates":[[[-123.1152994,49.267928],[-123.1171632,49.267]],[[-123.1178512,49.267],[-123.1178871,49.2670167]]]}},{"type":"Feature","properties":{"name":"Seaside","class":"Bikeway","width":3,"source":"cov-bikeways","type":"Bikeway"},"geometry":{"type":"LineString","coordinates":[[-123.1510843,49.2762716],[-123.1500604,49.2762551]]}},{"type":"Feature","properties":{"name":"Cambie Bridge","class":"Bikeway","width":3,"source":"cov-bikeways","type":"Bikeway"},"geometry":{"type":"LineString","coordinates":[[-123.1171607,49.2754746],[-123.1160967,49.2747742]]}},{"type":"Feature","properties":{"name":"Pacific","class":"Bikeway","width":3,"source":"cov-bikeways","type":"Bikeway"},"geometry":{"type":"LineString","coordinates":[[-123.1284338,49.2743727],[-123.128668,49.2745295]]}},{"type":"Feature","properties":{"name":"Richards","class":"Bikeway","width":3,"source":"cov-bikeways","type":"Bikeway"},"geometry":{"type":"LineString","coordinates":[[-123.1234408,49.2764059],[-123.1242361,49.27588]]}},{"type":"Feature","properties":{"name":"Seaside","class":"Bikeway","width":3,"source":"cov-bikeways","type":"Bikeway"},"geometry":{"type":"LineString","coordinates":[[-123.1151751,49.2708151],[-123.1151015,49.2708822],[-123.1150197,49.2709453],[-123.1149305,49.2710038],[-123.1147318,49.2711057],[-123.1146237,49.2711485],[-123.1142208,49.2712037],[-123.1140603,49.271197],[-123.1137873,49.2710601],[-123.1136542,49.271029],[-123.1135867,49.2710321],[-123.113503,49.2710575],[-123.1134509,49.2711019],[-123.1133378,49.2711772],[-123.1130465,49.2712238],[-123.1128875,49.2713174],[-123.1127641,49.2713535],[-123.1124919,49.2713891],[-123.1123461,49.2714019],[-123.1122023,49.2714215],[-123.111782,49.271505],[-123.1116395,49.2715269],[-123.1114168,49.2715396],[-123.1113049,49.2715406],[-123.1112023,49.2715506],[-123.1111012,49.2715656],[-123.111002,49.2715856],[-123.1109054,49.2716105],[-123.110812,49.2716401],[-123.1107107,49.2716644],[-123.1106062,49.2716822],[-123.1104997,49.2716934],[-123.1103919,49.2716978],[-123.1103225,49.2717092],[-123.1102557,49.271726],[-123.1101927,49.2717482],[-123.1101344,49.2717753],[-123.1100817,49.271807],[-123.1100353,49.2718427],[-123.1099962,49.2718818],[-123.1099647,49.2719239],[-123.1097237,49.2721678],[-123.1096811,49.2721932],[-123.1096329,49.272214],[-123.1095803,49.2722295],[-123.1095246,49.2722394],[-123.1094672,49.2722434],[-123.10933,49.2722378]]}},{"type":"Feature","properties":{"name":"Seaside Bypass","class":"Bikeway","width":3,"source":"cov-bikeways","type":"Bikeway"},"geometry":{"type":"LineString","coordinates":[[-123.1066939,49.2702275],[-123.1094109,49.2702771]]}},{"type":"Feature","properties":{"name":"Hornby","class":"Bikeway","width":3,"source":"cov-bikeways","type":"Bikeway"},"geometry":{"type":"LineString","coordinates":[[-123.1297551,49.2773656],[-123.1313473,49.2763114]]}},{"type":"Feature","properties":{"name":"Drake","class":"Bikeway","width":3,"source":"cov-bikeways","type":"Bikeway"},"geometry":{"type":"LineString","coordinates":[[-123.1243105,49.27384],[-123.1248605,49.2741963]]}},{"type":"Feature","properties":{"name":"Valley","class":"Bikeway","width":3,"source":"cov-bikeways","type":"Bikeway"},"geometry":{"type":"LineString","coordinates":[[-123.1644549,49.2700955],[-123.1644715,49.2696385]]}},{"type":"Feature","properties":{"name":"Carrall","class":"Bikeway","width":3,"source":"cov-bikeways","type":"Bikeway"},"geometry":{"type":"LineString","coordinates":[[-123.1063808,49.2770958],[-123.1064037,49.2765703]]}},{"type":"Feature","properties":{"name":"Hornby","class":"Bikeway","width":3,"source":"cov-bikeways","type":"Bikeway"},"geometry":{"type":"LineString","coordinates":[[-123.1249742,49.280528],[-123.125632,49.280093]]}},{"type":"Feature","properties":{"name":"Central Valley","class":"Bikeway","width":3,"source":"cov-bikeways","type":"Bikeway"},"geometry":{"type":"LineString","coordinates":[[-123.0982009,49.2677638],[-123.0973605,49.2672837],[-123.0971516,49.2671733]]}},{"type":"Feature","properties":{"name":"Burrard","class":"Bikeway","width":3,"source":"cov-bikeways","type":"Bikeway"},"geometry":{"type":"LineString","coordinates":[[-123.1249287,49.2818935],[-123.1254605,49.2815417]]}},{"type":"Feature","properties":{"name":"Haro","class":"Bikeway","width":3,"source":"cov-bikeways","type":"Bikeway"},"geometry":{"type":"LineString","coordinates":[[-123.1340751,49.2892062],[-123.1364961,49.2907731]]}},{"type":"Feature","properties":{"name":"Seaside Bypass","class":"Bikeway","width":3,"source":"cov-bikeways","type":"Bikeway"},"geometry":{"type":"LineString","coordinates":[[-123.1094109,49.2702771],[-123.1096004,49.2702788],[-123.1097046,49.2702718],[-123.1098233,49.2702521],[-123.1099356,49.2702204],[-123.1100371,49.2701788],[-123.1108175,49.2697952]]}},{"type":"Feature","properties":{"name":"Pacific","class":"Bikeway","width":3,"source":"cov-bikeways","type":"Bikeway"},"geometry":{"type":"LineString","coordinates":[[-123.1173521,49.2742187],[-123.1166008,49.2740751],[-123.1165022,49.2740603],[-123.116353,49.2740422],[-123.1162025,49.2740293],[-123.1160513,49.2740217],[-123.1159336,49.2740193]]}},{"type":"Feature","properties":{"name":"Drake","class":"Bikeway","width":3,"source":"cov-bikeways","type":"Bikeway"},"geometry":{"type":"LineString","coordinates":[[-123.1253452,49.2745103],[-123.125831,49.274825]]}},{"type":"Feature","properties":{"name":"Ontario","class":"Bikeway","width":3,"source":"cov-bikeways","type":"Bikeway"},"geometry":{"type":"LineString","coordinates":[[-123.1046034,49.2708971],[-123.1045766,49.2715263]]}},{"type":"Feature","properties":{"name":"Alberni","class":"Bikeway","width":3,"source":"cov-bikeways","type":"Bikeway"},"geometry":{"type":"LineString","coordinates":[[-123.1334178,49.2915625],[-123.1339786,49.2919254]]}},{"type":"Feature","properties":{"name":"Seaside Bypass","class":"Bikeway","width":3,"source":"cov-bikeways","type":"Bikeway"},"geometry":{"type":"LineString","coordinates":[[-123.1416967,49.2706016],[-123.1431292,49.2706238]]}},{"type":"Feature","properties":{"name":"Seaside","class":"Bikeway","width":3,"source":"cov-bikeways","type":"Bikeway"},"geometry":{"type":"LineString","coordinates":[[-123.1620481,49.2735739],[-123.1640379,49.2736049],[-123.1643366,49.2734204]]}},{"type":"Feature","properties":{"name":"Cornwall","class":"Bikeway","width":3,"source":"cov-bikeways","type":"Bikeway"},"geometry":{"type":"LineString","coordinates":[[-123.1463776,49.2724397],[-123.1478027,49.2724628]]}},{"type":"Feature","properties":{"name":"Beach","class":"Bikeway","width":3,"source":"cov-bikeways","type":"Bikeway"},"geometry":{"type":"LineString","coordinates":[[-123.1424103,49.2876423],[-123.1424755,49.2883168]]}},{"type":"Feature","properties":{"name":"Pacific","class":"Bikeway","width":3,"source":"cov-bikeways","type":"Bikeway"},"geometry":{"type":"LineString","coordinates":[[-123.1063808,49.2770958],[-123.1042155,49.2770555],[-123.1040689,49.2770477],[-123.1039957,49.2770402],[-123.1038506,49.2770191],[-123.103709,49.2769855],[-123.1036405,49.2769659],[-123.1034872,49.2769116],[-123.1033644,49.2768558],[-123.103233,49.2767809],[-123.1031318,49.2767089],[-123.1030424,49.2766305],[-123.1027789,49.2763394]]}},{"type":"Feature","properties":{"name":"Seaside","class":"Bikeway","width":3,"source":"cov-bikeways","type":"Bikeway"},"geometry":{"type":"LineString","coordinates":[[-123.127725,49.2681242],[-123.1259884,49.2681102],[-123.1259067,49.268096],[-123.1258285,49.268075],[-123.1257551,49.2680477],[-123.1256874,49.2680145],[-123.125627,49.2679758],[-123.1255746,49.2679324],[-123.1254906,49.2678353],[-123.1254416,49.2677891],[-123.1253849,49.2677467],[-123.1252505,49.2676708],[-123.1251742,49.2676377]]}},{"type":"Feature","properties":{"name":"Granville Connector","class":"Bikeway","width":3,"source":"cov-bikeways","type":"Bikeway"},"geometry":{"type":"LineString","coordinates":[[-123.1277921,49.2760952],[-123.128496,49.2756296]]}},{"type":"Feature","properties":{"name":"Richards","class":"Bikeway","width":3,"source":"cov-bikeways","type":"Bikeway"},"geometry":{"type":"LineString","coordinates":[[-123.1114038,49.2843686],[-123.1119041,49.2840376]]}},{"type":"Feature","properties":{"name":"Smithe","class":"Bikeway","width":3,"source":"cov-bikeways","type":"Bikeway"},"geometry":{"type":"LineString","coordinates":[[-123.1180022,49.2780978],[-123.1184876,49.2784122]]}},{"type":"Feature","properties":{"name":"Seaside","class":"Bikeway","width":3,"source":"cov-bikeways","type":"Bikeway"},"geometry":{"type":"LineString","coordinates":[[-123.1525736,49.2741393],[-123.1525556,49.274535]]}},{"type":"Feature","properties":{"name":"Hornby","class":"Bikeway","width":3,"source":"cov-bikeways","type":"Bikeway"},"geometry":{"type":"LineString","coordinates":[[-123.1233829,49.2815806],[-123.1249742,49.280528]]}},{"type":"Feature","properties":{"name":"Dunsmuir","class":"Bikeway","width":3,"source":"cov-bikeways","type":"Bikeway"},"geometry":{"type":"LineString","coordinates":[[-123.1100013,49.2794908],[-123.1105509,49.2798506]]}},{"type":"Feature","properties":{"name":"Expo","class":"Bikeway","width":3,"source":"cov-bikeways","type":"Bikeway"},"geometry":{"type":"LineString","coordinates":[[-123.1160967,49.2747742],[-123.1161811,49.2747129],[-123.1162509,49.2746711],[-123.1163557,49.2746173],[-123.1164443,49.2745788],[-123.1165369,49.2745442],[-123.1166574,49.2745072],[-123.116757,49.2744827],[-123.1168591,49.2744627],[-123.1170031,49.274443],[-123.1170683,49.274437],[-123.1180272,49.2744399]]}},{"type":"Feature","properties":{"name":"Dunsmuir","class":"Bikeway","width":3,"source":"cov-bikeways","type":"Bikeway"},"geometry":{"type":"LineString","coordinates":[[-123.1144493,49.2823547],[-123.1145876,49.2824442]]}},{"type":"Feature","properties":{"name":"Beach","class":"Bikeway","width":3,"source":"cov-bikeways","type":"Bikeway"},"geometry":{"type":"LineString","coordinates":[[-123.1346227,49.2767868],[-123.1354328,49.2775813]]}},{"type":"Feature","properties":{"name":"Burrard","class":"Bikeway","width":3,"source":"cov-bikeways","type":"Bikeway"},"geometry":{"type":"LineString","coordinates":[[-123.1222705,49.2836519],[-123.122809,49.2832957]]}},{"type":"Feature","properties":{"name":"Pacific","class":"Bikeway","width":3,"source":"cov-bikeways","type":"Bikeway"},"geometry":{"type":"LineString","coordinates":[[-123.1365484,49.2796723],[-123.1343871,49.2782728]]}},{"type":"Feature","properties":{"name":"Dunsmuir","class":"Bikeway","width":3,"source":"cov-bikeways","type":"Bikeway"},"geometry":{"type":"LineString","coordinates":[[-123.1063235,49.2777258],[-123.1065155,49.2777701],[-123.106723,49.2778237],[-123.1070317,49.2779134],[-123.1073193,49.2780092],[-123.1075909,49.2781121],[-123.1078822,49.278236],[-123.1080618,49.2783185],[-123.1083106,49.2784443],[-123.1087219,49.2786614]]}},{"type":"Feature","properties":{"name":"Seaside","class":"Bikeway","width":3,"source":"cov-bikeways","type":"Bikeway"},"geometry":{"type":"LineString","coordinates":[[-123.1193129,49.2731395],[-123.1190019,49.2732788],[-123.1184884,49.2733814],[-123.1179469,49.2733947],[-123.1175413,49.2733568],[-123.1170424,49.2732169],[-123.1167083,49.2730683],[-123.1155724,49.273068],[-123.1152887,49.2731109],[-123.1151219,49.2731692],[-123.1149789,49.2732148],[-123.1148252,49.2732745],[-123.1147507,49.2732771]]}},{"type":"Feature","properties":{"name":"Seaside Bypass","class":"Bikeway","width":3,"source":"cov-bikeways","type":"Bikeway"},"geometry":{"type":"LineString","coordinates":[[-123.1454991,49.270661],[-123.1464522,49.2706764]]}},{"type":"Feature","properties":{"name":"Stanley Park Trails","class":"Bikeway","width":3,"source":"cov-bikeways","type":"Bikeway"},"geometry":{"type":"LineString","coordinates":[[-123.1466348,49.2960286],[-123.1467352,49.296114],[-123.1475654,49.2962558],[-123.1487004,49.2961401],[-123.1505353,49.2964233],[-123.1506388,49.296478]]}},{"type":"Feature","properties":{"name":"Comox-Helmcken","class":"Bikeway","width":3,"source":"cov-bikeways","type":"Bikeway"},"geometry":{"type":"LineString","coordinates":[[-123.1312326,49.2831905],[-123.1290696,49.2817904]]}},{"type":"Feature","properties":{"name":"Carrall","class":"Bikeway","width":3,"source":"cov-bikeways","type":"Bikeway"},"geometry":{"type":"LineString","coordinates":[[-123.1043291,49.2819209],[-123.1043454,49.2814731]]}},{"type":"Feature","properties":{"name":"York","class":"Bikeway","width":3,"source":"cov-bikeways","type":"Bikeway"},"geometry":{"type":"LineString","coordinates":[[-123.1478361,49.2715805],[-123.1464932,49.2715587],[-123.1464162,49.2715244]]}},{"type":"Feature","properties":{"name":"Pender","class":"Bikeway","width":3,"source":"cov-bikeways","type":"Bikeway"},"geometry":{"type":"LineString","coordinates":[[-123.1057699,49.2807502],[-123.1075727,49.2810782]]}},{"type":"Feature","properties":{"name":"Cambie Bridge","class":"Bikeway","width":3,"source":"cov-bikeways","type":"Bikeway"},"geometry":{"type":"LineString","coordinates":[[-123.1151689,49.2740885],[-123.1150859,49.2739856],[-123.1150116,49.273873],[-123.1149498,49.2737539],[-123.1149104,49.2736532]]}},{"type":"Feature","properties":{"name":"Comox-Helmcken","class":"Bikeway","width":3,"source":"cov-bikeways","type":"Bikeway"},"geometry":{"type":"LineString","coordinates":[[-123.1435875,49.2911875],[-123.1426328,49.2905692]]}},{"type":"Feature","properties":{"name":"Seaside Bypass","class":"Bikeway","width":3,"source":"cov-bikeways","type":"Bikeway"},"geometry":{"type":"LineString","coordinates":[[-123.1152442,49.2690976],[-123.1151751,49.2708151]]}},{"type":"Feature","properties":{"name":"Chilco","class":"Bikeway","width":3,"source":"cov-bikeways","type":"Bikeway"},"geometry":{"type":"LineString","coordinates":[[-123.1383827,49.2933856],[-123.1386783,49.2931953]]}},{"type":"Feature","properties":{"name":"Burrard Bridge","class":"Bikeway","width":3,"source":"cov-bikeways","type":"Bikeway"},"geometry":{"type":"LineString","coordinates":[[-123.1330807,49.2767279],[-123.1341861,49.2763585]]}},{"type":"Feature","properties":{"name":"Northern","class":"Bikeway","width":3,"source":"cov-bikeways","type":"Bikeway"},"geometry":{"type":"LineString","coordinates":[[-123.0980573,49.2718131],[-123.0978918,49.2717753],[-123.0953919,49.2713572],[-123.095,49.2712594]]}},{"type":"Feature","properties":{"name":"Seaside Bypass","class":"Bikeway","width":3,"source":"cov-bikeways","type":"Bikeway"},"geometry":{"type":"LineString","coordinates":[[-123.1333609,49.267],[-123.1335949,49.2670578],[-123.1344962,49.2672993]]}},{"type":"Feature","properties":{"name":"York","class":"Bikeway","width":3,"source":"cov-bikeways","type":"Bikeway"},"geometry":{"type":"LineString","coordinates":[[-123.1526352,49.2716588],[-123.1502359,49.2716192]]}},{"type":"Feature","properties":{"name":"Seaside","class":"Bikeway","width":3,"source":"cov-bikeways","type":"Bikeway"},"geometry":{"type":"LineString","coordinates":[[-123.104322,49.2719775],[-123.1032613,49.271966],[-123.1032068,49.2719565],[-123.1031415,49.271933],[-123.1030478,49.2719218],[-123.1029847,49.2719304],[-123.1029161,49.2719503],[-123.1028692,49.2719758],[-123.1025501,49.2722698],[-123.1025169,49.2723237],[-123.1025002,49.272378],[-123.1025006,49.2725961],[-123.1024971,49.2726758],[-123.1024854,49.2727653],[-123.1024532,49.2728659],[-123.1024122,49.2729099],[-123.1023028,49.2730144],[-123.1022932,49.2730986],[-123.102292,49.2731343]]}},{"type":"Feature","properties":{"name":"Valley","class":"Bikeway","width":3,"source":"cov-bikeways","type":"Bikeway"},"geometry":{"type":"LineString","coordinates":[[-123.1645186,49.2683169],[-123.164534,49.267865]]}},{"type":"Feature","properties":{"name":"Charleson Park","class":"Bikeway","width":3,"source":"cov-bikeways","type":"Bikeway"},"geometry":{"type":"LineString","coordinates":[[-123.1252399,49.267],[-123.1253198,49.267044],[-123.1253351,49.2673605],[-123.1251742,49.2676377]]}},{"type":"Feature","properties":{"name":"Cambie","class":"Bikeway","width":3,"source":"cov-bikeways","type":"Bikeway"},"geometry":{"type":"LineString","coordinates":[[-123.1093288,49.2830256],[-123.1093794,49.2829059]]}},{"type":"Feature","properties":{"name":"Valley","class":"Bikeway","width":3,"source":"cov-bikeways","type":"Bikeway"},"geometry":{"type":"LineString","coordinates":[[-123.1644226,49.2709888],[-123.16444,49.2705215]]}},{"type":"Feature","properties":{"name":"Haro","class":"Bikeway","width":3,"source":"cov-bikeways","type":"Bikeway"},"geometry":{"type":"LineString","coordinates":[[-123.1333522,49.2887384],[-123.1340751,49.2892062]]}},{"type":"Feature","properties":{"name":"Seaside","class":"Bikeway","width":3,"source":"cov-bikeways","type":"Bikeway"},"geometry":{"type":"LineString","coordinates":[[-123.1500345,49.2769282],[-123.1500226,49.2772321]]}},{"type":"Feature","properties":{"name":"Seaside","class":"Bikeway","width":3,"source":"cov-bikeways","type":"Bikeway"},"geometry":{"type":"LineString","coordinates":[[-123.1336192,49.2748077],[-123.1316887,49.27356]]}},{"type":"Feature","properties":{"name":"Pender","class":"Bikeway","width":3,"source":"cov-bikeways","type":"Bikeway"},"geometry":{"type":"LineString","coordinates":[[-123.1274059,49.2895843],[-123.1290251,49.2900537]]}},{"type":"Feature","properties":{"name":"Seabreeze","class":"Bikeway","width":3,"source":"cov-bikeways","type":"Bikeway"},"geometry":{"type":"LineString","coordinates":[[-123.1308614,49.2741078],[-123.1310397,49.2739897]]}},{"type":"Feature","properties":{"name":"Cardero","class":"Bikeway","width":3,"source":"cov-bikeways","type":"Bikeway"},"geometry":{"type":"LineString","coordinates":[[-123.1409412,49.2837148],[-123.1418542,49.2831071]]}},{"type":"Feature","properties":{"name":"Dunsmuir","class":"Bikeway","width":3,"source":"cov-bikeways","type":"Bikeway"},"geometry":{"type":"LineString","coordinates":[[-123.1139632,49.2820407],[-123.114215,49.2822034]]}},{"type":"Feature","properties":{"name":"Yukon","class":"Bikeway","width":3,"source":"cov-bikeways","type":"Bikeway"},"geometry":{"type":"LineString","coordinates":[[-123.1139292,49.2682666],[-123.1135145,49.2679052]]}},{"type":"Feature","properties":{"name":"Burrard","class":"Bikeway","width":3,"source":"cov-bikeways","type":"Bikeway"},"geometry":{"type":"LineString","coordinates":[[-123.1162355,49.2876434],[-123.1170235,49.2871228]]}},{"type":"Feature","properties":{"name":"Davie","class":"Bikeway","width":3,"source":"cov-bikeways","type":"Bikeway"},"geometry":{"type":"LineString","coordinates":[[-123.121378,49.2740276],[-123.1198121,49.2730143]]}},{"type":"Feature","properties":{"name":"Comox-Helmcken","class":"Bikeway","width":3,"source":"cov-bikeways","type":"Bikeway"},"geometry":{"type":"LineString","coordinates":[[-123.1290696,49.2817904],[-123.1270559,49.2804862]]}},{"type":"Feature","properties":{"name":"Pacific","class":"Bikeway","width":3,"source":"cov-bikeways","type":"Bikeway"},"geometry":{"type":"LineString","coordinates":[[-123.108987,49.2766806],[-123.1076764,49.2771199]]}},{"type":"Feature","properties":{"name":"Beatty","class":"Bikeway","width":3,"source":"cov-bikeways","type":"Bikeway"},"geometry":{"type":"LineString","coordinates":[[-123.113982,49.2775808],[-123.1144567,49.2772672]]}},{"type":"Feature","properties":{"name":"Expo","class":"Bikeway","width":3,"source":"cov-bikeways","type":"Bikeway"},"geometry":{"type":"LineString","coordinates":[[-123.1076198,49.2786476],[-123.1077369,49.2786784],[-123.1078763,49.2787051],[-123.1080193,49.278722],[-123.1081642,49.2787291],[-123.1083094,49.2787262],[-123.1084534,49.2787135],[-123.1085946,49.278691],[-123.1087219,49.2786614]]}},{"type":"Feature","properties":{"name":"Bute","class":"Bikeway","width":3,"source":"cov-bikeways","type":"Bikeway"},"geometry":{"type":"LineString","coordinates":[[-123.1275114,49.2856529],[-123.1280428,49.2853012]]}},{"type":"Feature","properties":{"name":"York","class":"Bikeway","width":3,"source":"cov-bikeways","type":"Bikeway"},"geometry":{"type":"LineString","coordinates":[[-123.1454559,49.2724307],[-123.1451874,49.2724277]]}},{"type":"Feature","properties":{"name":"Cambie","class":"Bikeway","width":3,"source":"cov-bikeways","type":"Bikeway"},"geometry":{"type":"LineString","coordinates":[[-123.109183,49.2833683],[-123.1093288,49.2830256]]}},{"type":"Feature","properties":{"name":"Burrard","class":"Bikeway","width":3,"source":"cov-bikeways","type":"Bikeway"},"geometry":{"type":"LineString","coordinates":[[-123.1217391,49.2840038],[-123.1222705,49.2836519]]}},{"type":"Feature","properties":{"name":"Valley","class":"Bikeway","width":3,"source":"cov-bikeways","type":"Bikeway"},"geometry":{"type":"LineString","coordinates":[[-123.1645421,49.2676418],[-123.1645496,49.2674371]]}},{"type":"Feature","properties":{"name":"Chilco","class":"Bikeway","width":3,"source":"cov-bikeways","type":"Bikeway"},"geometry":{"type":"LineString","coordinates":[[-123.1389239,49.2930373],[-123.1394459,49.2926809]]}},{"type":"Feature","properties":{"name":"Drake","class":"Bikeway","width":3,"source":"cov-bikeways","type":"Bikeway"},"geometry":{"type":"LineString","coordinates":[[-123.1287837,49.2767374],[-123.1292696,49.2770516]]}},{"type":"Feature","properties":{"name":"Beach","class":"Bikeway","width":3,"source":"cov-bikeways","type":"Bikeway"},"geometry":{"type":"LineString","coordinates":[[-123.1338095,49.2760178],[-123.1339752,49.2761279],[-123.1341861,49.2763585]]}},{"type":"Feature","properties":{"name":"Beach","class":"Bikeway","width":3,"source":"cov-bikeways","type":"Bikeway"},"geometry":{"type":"LineString","coordinates":[[-123.1307543,49.2740388],[-123.1308614,49.2741078]]}},{"type":"Feature","properties":{"name":"Cambie Bridge","class":"Bikeway","width":3,"source":"cov-bikeways","type":"Bikeway"},"geometry":{"type":"LineString","coordinates":[[-123.1147687,49.2731581],[-123.1146602,49.2732802],[-123.1145435,49.2735182],[-123.1144448,49.2737679],[-123.1143825,49.2739069],[-123.1143442,49.2739512],[-123.1142925,49.2739742],[-123.1142331,49.2740535],[-123.1141309,49.2741529]]}},{"type":"Feature","properties":{"name":"Chestnut","class":"Bikeway","width":3,"source":"cov-bikeways","type":"Bikeway"},"geometry":{"type":"LineString","coordinates":[[-123.1463776,49.2724397],[-123.146355,49.2729788]]}},{"type":"Feature","properties":{"name":"Homer","class":"Bikeway","width":3,"source":"cov-bikeways","type":"Bikeway"},"geometry":{"type":"LineString","coordinates":[[-123.1168879,49.2794631],[-123.115187,49.2805965]]}},{"type":"Feature","properties":{"name":"Pacific","class":"Bikeway","width":3,"source":"cov-bikeways","type":"Bikeway"},"geometry":{"type":"LineString","coordinates":[[-123.1289106,49.2746919],[-123.1294421,49.2750477]]}},{"type":"Feature","properties":{"name":"Melville/Dunsmuir","class":"Bikeway","width":3,"source":"cov-bikeways","type":"Bikeway"},"geometry":{"type":"LineString","coordinates":[[-123.1193949,49.285554],[-123.1196186,49.2856978],[-123.1197559,49.2857715],[-123.1198289,49.2858048],[-123.1199302,49.2858451],[-123.1200354,49.2858808],[-123.1201166,49.2859043],[-123.1202278,49.2859313],[-123.1203415,49.2859532],[-123.1210034,49.2860495],[-123.1214273,49.2860895]]}},{"type":"Feature","properties":{"name":"Quebec","class":"Bikeway","width":3,"source":"cov-bikeways","type":"Bikeway"},"geometry":{"type":"LineString","coordinates":[[-123.1026621,49.2701536],[-123.1026807,49.2697016]]}},{"type":"Feature","properties":{"name":"Dunsmuir","class":"Bikeway","width":3,"source":"cov-bikeways","type":"Bikeway"},"geometry":{"type":"LineString","coordinates":[[-123.1087219,49.2786614],[-123.1087862,49.2786954],[-123.1100013,49.2794908]]}},{"type":"Feature","properties":{"name":"Hornby","class":"Bikeway","width":3,"source":"cov-bikeways","type":"Bikeway"},"geometry":{"type":"LineString","coordinates":[[-123.128161,49.2784201],[-123.1297551,49.2773656]]}},{"type":"Feature","properties":{"name":"Cardero","class":"Bikeway","width":3,"source":"cov-bikeways","type":"Bikeway"},"geometry":{"type":"LineString","coordinates":[[-123.1305973,49.2905612],[-123.1312261,49.2901446]]}},{"type":"Feature","properties":{"name":"Beatty","class":"Bikeway","width":3,"source":"cov-bikeways","type":"Bikeway"},"geometry":{"type":"LineString","coordinates":[[-123.1122736,49.2787098],[-123.1125269,49.2785442]]}},{"type":"Feature","properties":{"name":"Drake","class":"Bikeway","width":3,"source":"cov-bikeways","type":"Bikeway"},"geometry":{"type":"LineString","coordinates":[[-123.1263163,49.2751393],[-123.1268012,49.2754534]]}},{"type":"Feature","properties":{"name":"Expo","class":"Bikeway","width":3,"source":"cov-bikeways","type":"Bikeway"},"geometry":{"type":"LineString","coordinates":[[-123.1033085,49.2774428],[-123.1034529,49.2775068],[-123.1035842,49.2775584],[-123.1038345,49.2776414],[-123.1039994,49.2776863],[-123.1040954,49.277709]]}},{"type":"Feature","properties":{"name":"Cypress","class":"Bikeway","width":3,"source":"cov-bikeways","type":"Bikeway"},"geometry":{"type":"LineString","coordinates":[[-123.147884,49.2702581],[-123.147901,49.2698174]]}},{"type":"Feature","properties":{"name":"Chilco","class":"Bikeway","width":3,"source":"cov-bikeways","type":"Bikeway"},"geometry":{"type":"LineString","coordinates":[[-123.1421008,49.2909213],[-123.1426328,49.2905692]]}},{"type":"Feature","properties":{"name":"Nelson","class":"Bikeway","width":3,"source":"cov-bikeways","type":"Bikeway"},"geometry":{"type":"LineString","coordinates":[[-123.1195259,49.2769999],[-123.1189722,49.2766416]]}},{"type":"Feature","properties":{"name":"Chestnut","class":"Bikeway","width":3,"source":"cov-bikeways","type":"Bikeway"},"geometry":{"type":"LineString","coordinates":[[-123.1462271,49.2760068],[-123.1462191,49.2761882]]}},{"type":"Feature","properties":{"name":"Burrard","class":"Bikeway","width":3,"source":"cov-bikeways","type":"Bikeway"},"geometry":{"type":"LineString","coordinates":[[-123.1170235,49.2871228],[-123.1178287,49.2865884]]}},{"type":"Feature","properties":{"name":"Homer","class":"Bikeway","width":3,"source":"cov-bikeways","type":"Bikeway"},"geometry":{"type":"LineString","coordinates":[[-123.1200802,49.2773582],[-123.1184876,49.2784122]]}},{"type":"Feature","properties":{"name":"Melville/Dunsmuir","class":"Bikeway","width":3,"source":"cov-bikeways","type":"Bikeway"},"geometry":{"type":"LineString","coordinates":[[-123.1183743,49.284894],[-123.1188599,49.2852084]]}},{"type":"Feature","properties":{"name":"Broughton","class":"Bikeway","width":3,"source":"cov-bikeways","type":"Bikeway"},"geometry":{"type":"LineString","coordinates":[[-123.1261975,49.2903824],[-123.1268026,49.2899837]]}},{"type":"Feature","properties":{"name":"Hornby","class":"Bikeway","width":3,"source":"cov-bikeways","type":"Bikeway"},"geometry":{"type":"LineString","coordinates":[[-123.1265689,49.2794733],[-123.128161,49.2784201]]}},{"type":"Feature","properties":{"name":"Nelson","class":"Bikeway","width":3,"source":"cov-bikeways","type":"Bikeway"},"geometry":{"type":"LineString","coordinates":[[-123.1210501,49.2779874],[-123.1205649,49.2776726]]}},{"type":"Feature","properties":{"name":"Chestnut","class":"Bikeway","width":3,"source":"cov-bikeways","type":"Bikeway"},"geometry":{"type":"LineString","coordinates":[[-123.1464331,49.2711108],[-123.1464522,49.2706764]]}},{"type":"Feature","properties":{"name":"Melville/Dunsmuir","class":"Bikeway","width":3,"source":"cov-bikeways","type":"Bikeway"},"geometry":{"type":"LineString","coordinates":[[-123.1214273,49.2860895],[-123.1220054,49.2864634]]}},{"type":"Feature","properties":{"name":"Seabreeze","class":"Bikeway","width":3,"source":"cov-bikeways","type":"Bikeway"},"geometry":{"type":"LineString","coordinates":[[-123.1310397,49.2739897],[-123.1316887,49.27356]]}},{"type":"Feature","properties":{"name":"Burrard","class":"Bikeway","width":3,"source":"cov-bikeways","type":"Bikeway"},"geometry":{"type":"LineString","coordinates":[[-123.1183098,49.2862709],[-123.1193949,49.285554]]}},{"type":"Feature","properties":{"name":"Stanley Park Trails","class":"Bikeway","width":3,"source":"cov-bikeways","type":"Bikeway"},"geometry":{"type":"LineString","coordinates":[[-123.1459874,49.303629],[-123.1467212,49.3036395],[-123.147175,49.3034904],[-123.1474188,49.3032502],[-123.1475751,49.3029416],[-123.1479415,49.3027697],[-123.1480628,49.3024497],[-123.1480268,49.3021071],[-123.1480432,49.3017529],[-123.1482343,49.3013871],[-123.1487221,49.3009409],[-123.1492459,49.3008374],[-123.1496996,49.3006769],[-123.150782,49.3004699],[-123.1515672,49.3001947],[-123.1519165,49.3001485],[-123.1524929,49.3001363],[-123.1529997,49.3002156],[-123.1538559,49.3002945],[-123.1545203,49.3004764],[-123.1549923,49.30059],[-123.1552893,49.3005782],[-123.155813,49.3004632],[-123.1560576,49.3004743],[-123.1562499,49.3005312],[-123.1567495,49.3006133]]}},{"type":"Feature","properties":{"name":"Burnaby","class":"Bikeway","width":3,"source":"cov-bikeways","type":"Bikeway"},"geometry":{"type":"LineString","coordinates":[[-123.1322605,49.2796804],[-123.1344225,49.2810796]]}},{"type":"Feature","properties":{"name":"Ontario","class":"Bikeway","width":3,"source":"cov-bikeways","type":"Bikeway"},"geometry":{"type":"LineString","coordinates":[[-123.1045979,49.2701892],[-123.1046163,49.2697368]]}},{"type":"Feature","properties":{"name":"Nelson","class":"Bikeway","width":3,"source":"cov-bikeways","type":"Bikeway"},"geometry":{"type":"LineString","coordinates":[[-123.1189722,49.2766416],[-123.1181308,49.2761046]]}},{"type":"Feature","properties":{"name":"Seaside Bypass","class":"Bikeway","width":3,"source":"cov-bikeways","type":"Bikeway"},"geometry":{"type":"LineString","coordinates":[[-123.1414928,49.2708958],[-123.1410631,49.2705326],[-123.1408296,49.2702656],[-123.1407756,49.2701453]]}},{"type":"Feature","properties":{"name":"Cambie","class":"Bikeway","width":3,"source":"cov-bikeways","type":"Bikeway"},"geometry":{"type":"LineString","coordinates":[[-123.1087774,49.2843192],[-123.108936,49.2839471]]}},{"type":"Feature","properties":{"name":"Beatty","class":"Bikeway","width":3,"source":"cov-bikeways","type":"Bikeway"},"geometry":{"type":"LineString","coordinates":[[-123.1105509,49.2798506],[-123.1122736,49.2787098]]}},{"type":"Feature","properties":{"name":"Burrard","class":"Bikeway","width":3,"source":"cov-bikeways","type":"Bikeway"},"geometry":{"type":"LineString","coordinates":[[-123.1275894,49.2801332],[-123.128647,49.2794334]]}},{"type":"Feature","properties":{"name":"Cypress","class":"Bikeway","width":3,"source":"cov-bikeways","type":"Bikeway"},"geometry":{"type":"LineString","coordinates":[[-123.1478684,49.2706988],[-123.147884,49.2702581]]}},{"type":"Feature","properties":{"name":"Pacific","class":"Bikeway","width":3,"source":"cov-bikeways","type":"Bikeway"},"geometry":{"type":"LineString","coordinates":[[-123.1308617,49.275998],[-123.1313473,49.2763114]]}},{"type":"Feature","properties":{"name":"Comox-Helmcken","class":"Bikeway","width":3,"source":"cov-bikeways","type":"Bikeway"},"geometry":{"type":"LineString","coordinates":[[-123.1365397,49.2866264],[-123.1353595,49.285862]]}},{"type":"Feature","properties":{"name":"Cypress","class":"Bikeway","width":3,"source":"cov-bikeways","type":"Bikeway"},"geometry":{"type":"LineString","coordinates":[[-123.1478361,49.2715805],[-123.1478515,49.2711396]]}},{"type":"Feature","properties":{"name":"Carrall","class":"Bikeway","width":3,"source":"cov-bikeways","type":"Bikeway"},"geometry":{"type":"LineString","coordinates":[[-123.1043045,49.2824757],[-123.1043291,49.2819209]]}},{"type":"Feature","properties":{"name":"Expo","class":"Bikeway","width":3,"source":"cov-bikeways","type":"Bikeway"},"geometry":{"type":"LineString","coordinates":[[-123.115976,49.2748618],[-123.1160967,49.2747742]]}},{"type":"Feature","properties":{"name":"Burnaby","class":"Bikeway","width":3,"source":"cov-bikeways","type":"Bikeway"},"geometry":{"type":"LineString","coordinates":[[-123.1344225,49.2810796],[-123.13599,49.282102]]}},{"type":"Feature","properties":{"name":"Pacific","class":"Bikeway","width":3,"source":"cov-bikeways","type":"Bikeway"},"geometry":{"type":"LineString","coordinates":[[-123.1229427,49.2736302],[-123.121378,49.2740276]]}},{"type":"Feature","properties":{"name":"Pacific","class":"Bikeway","width":3,"source":"cov-bikeways","type":"Bikeway"},"geometry":{"type":"LineString","coordinates":[[-123.1318337,49.2766251],[-123.1313473,49.2763114]]}},{"type":"Feature","properties":{"name":"Seaside","class":"Bikeway","width":3,"source":"cov-bikeways","type":"Bikeway"},"geometry":{"type":"LineString","coordinates":[[-123.1374306,49.3104371],[-123.1376537,49.3107104],[-123.1382629,49.3112649],[-123.1386757,49.3116099],[-123.1390231,49.31195],[-123.1392777,49.3123561],[-123.1394389,49.3126639],[-123.1395759,49.3128346],[-123.1398279,49.3130271],[-123.1401093,49.3131136],[-123.1404579,49.3131559],[-123.140613,49.3131817]]}},{"type":"Feature","properties":{"name":"Stanley Park Trails","class":"Bikeway","width":3,"source":"cov-bikeways","type":"Bikeway"},"geometry":{"type":"LineString","coordinates":[[-123.1369448,49.3060848],[-123.1371368,49.306016],[-123.1374856,49.3057986],[-123.1376419,49.3054328],[-123.1380776,49.3050781],[-123.1383574,49.3051692],[-123.1387595,49.3052715],[-123.1390214,49.3052141],[-123.1394578,49.3050765],[-123.13958,49.3050535],[-123.1398068,49.304939],[-123.1406798,49.3047551],[-123.1408891,49.3046521],[-123.141063,49.3043663],[-123.1422146,49.3038508],[-123.1428081,49.3036901],[-123.1434017,49.3035751],[-123.1440131,49.3035515],[-123.1445551,49.3036994],[-123.1448175,49.3038247],[-123.1450253,49.3038098],[-123.1451345,49.3037958]]}},{"type":"Feature","properties":{"name":"Quebec","class":"Bikeway","width":3,"source":"cov-bikeways","type":"Bikeway"},"geometry":{"type":"LineString","coordinates":[[-123.1021274,49.2773516],[-123.1021297,49.2771405]]}},{"type":"Feature","properties":{"name":"Burrard","class":"Bikeway","width":3,"source":"cov-bikeways","type":"Bikeway"},"geometry":{"type":"LineString","coordinates":[[-123.145632,49.2684613],[-123.1456455,49.2680267]]}},{"type":"Feature","properties":{"name":"Quebec","class":"Bikeway","width":3,"source":"cov-bikeways","type":"Bikeway"},"geometry":{"type":"LineString","coordinates":[[-123.1017281,49.273016],[-123.101725,49.2731221]]}},{"type":"Feature","properties":{"name":"Homer","class":"Bikeway","width":3,"source":"cov-bikeways","type":"Bikeway"},"geometry":{"type":"LineString","coordinates":[[-123.1248605,49.2741963],[-123.1232664,49.2752517]]}},{"type":"Feature","properties":{"name":"Melville/Dunsmuir","class":"Bikeway","width":3,"source":"cov-bikeways","type":"Bikeway"},"geometry":{"type":"LineString","coordinates":[[-123.1188599,49.2852084],[-123.1193949,49.285554]]}},{"type":"Feature","properties":{"name":"Burrard Bridge","class":"Bikeway","width":3,"source":"cov-bikeways","type":"Bikeway"},"geometry":{"type":"LineString","coordinates":[[-123.1396876,49.2745768],[-123.1441272,49.2731452],[-123.1443816,49.2730414],[-123.144635,49.2729015],[-123.1447507,49.2728207],[-123.1448846,49.2727183],[-123.1450093,49.272611],[-123.1450717,49.2725483],[-123.1451322,49.2724953],[-123.1451874,49.2724277]]}},{"type":"Feature","properties":{"name":"Ontario","class":"Bikeway","width":3,"source":"cov-bikeways","type":"Bikeway"},"geometry":{"type":"LineString","coordinates":[[-123.1046163,49.2697368],[-123.1046291,49.2694284]]}},{"type":"Feature","properties":{"name":"Carrall","class":"Bikeway","width":3,"source":"cov-bikeways","type":"Bikeway"},"geometry":{"type":"LineString","coordinates":[[-123.1043454,49.2814731],[-123.1043682,49.280926]]}},{"type":"Feature","properties":{"name":"Nelson","class":"Bikeway","width":3,"source":"cov-bikeways","type":"Bikeway"},"geometry":{"type":"LineString","coordinates":[[-123.1181308,49.2761046],[-123.1171607,49.2754746]]}},{"type":"Feature","properties":{"name":"Seaside Bypass","class":"Bikeway","width":3,"source":"cov-bikeways","type":"Bikeway"},"geometry":{"type":"LineString","coordinates":[[-123.1065339,49.2702246],[-123.1066939,49.2702275]]}},{"type":"Feature","properties":{"name":"Hornby","class":"Bikeway","width":3,"source":"cov-bikeways","type":"Bikeway"},"geometry":{"type":"LineString","coordinates":[[-123.1200828,49.2837645],[-123.1217907,49.2826345]]}},{"type":"Feature","properties":{"name":"Central Valley","class":"Bikeway","width":3,"source":"cov-bikeways","type":"Bikeway"},"geometry":{"type":"LineString","coordinates":[[-123.10257,49.270152],[-123.1026621,49.2701536]]}},{"type":"Feature","properties":{"name":"Haro","class":"Bikeway","width":3,"source":"cov-bikeways","type":"Bikeway"},"geometry":{"type":"LineString","coordinates":[[-123.1244038,49.2822407],[-123.1233829,49.2815806]]}},{"type":"Feature","properties":{"name":"Burrard","class":"Bikeway","width":3,"source":"cov-bikeways","type":"Bikeway"},"geometry":{"type":"LineString","coordinates":[[-123.1178287,49.2865884],[-123.1183098,49.2862709]]}},{"type":"Feature","properties":{"name":"Burrard","class":"Bikeway","width":3,"source":"cov-bikeways","type":"Bikeway"},"geometry":{"type":"LineString","coordinates":[[-123.1263282,49.2809677],[-123.1265241,49.280838]]}},{"type":"Feature","properties":{"name":"Burrard","class":"Bikeway","width":3,"source":"cov-bikeways","type":"Bikeway"},"geometry":{"type":"LineString","coordinates":[[-123.1254605,49.2815417],[-123.1259961,49.2811873]]}},{"type":"Feature","properties":{"name":"Beach","class":"Bikeway","width":3,"source":"cov-bikeways","type":"Bikeway"},"geometry":{"type":"LineString","coordinates":[[-123.1327891,49.2753568],[-123.1338095,49.2760178]]}},{"type":"Feature","properties":{"name":"Comox-Helmcken","class":"Bikeway","width":3,"source":"cov-bikeways","type":"Bikeway"},"geometry":{"type":"LineString","coordinates":[[-123.1270547,49.2797874],[-123.1265689,49.2794733]]}},{"type":"Feature","properties":{"name":"Seaside","class":"Bikeway","width":3,"source":"cov-bikeways","type":"Bikeway"},"geometry":{"type":"LineString","coordinates":[[-123.1374387,49.2941738],[-123.1373578,49.2942291],[-123.1372949,49.2943122],[-123.1371624,49.2945537],[-123.1367957,49.2948587]]}},{"type":"Feature","properties":{"name":"Beach","class":"Bikeway","width":3,"source":"cov-bikeways","type":"Bikeway"},"geometry":{"type":"LineString","coordinates":[[-123.1269081,49.2715722],[-123.1279669,49.2722574]]}},{"type":"Feature","properties":{"name":"Ontario","class":"Bikeway","width":3,"source":"cov-bikeways","type":"Bikeway"},"geometry":{"type":"LineString","coordinates":[[-123.1046336,49.2701898],[-123.1046034,49.2708971]]}},{"type":"Feature","properties":{"name":"Seaside Bypass","class":"Bikeway","width":3,"source":"cov-bikeways","type":"Bikeway"},"geometry":{"type":"LineString","coordinates":[[-123.1061033,49.2702167],[-123.1065339,49.2702246]]}},{"type":"Feature","properties":{"name":"Pender","class":"Bikeway","width":3,"source":"cov-bikeways","type":"Bikeway"},"geometry":{"type":"LineString","coordinates":[[-123.1255217,49.2890271],[-123.126804,49.2894053]]}},{"type":"Feature","properties":{"name":"Quebec","class":"Bikeway","width":3,"source":"cov-bikeways","type":"Bikeway"},"geometry":{"type":"LineString","coordinates":[[-123.1021297,49.2771405],[-123.1021313,49.2769899]]}},{"type":"Feature","properties":{"name":"Beach","class":"Bikeway","width":3,"source":"cov-bikeways","type":"Bikeway"},"geometry":{"type":"LineString","coordinates":[[-123.1343383,49.2765079],[-123.1344426,49.2766102]]}},{"type":"Feature","properties":{"name":"Bute","class":"Bikeway","width":3,"source":"cov-bikeways","type":"Bikeway"},"geometry":{"type":"LineString","coordinates":[[-123.1307012,49.2835422],[-123.1312326,49.2831905]]}},{"type":"Feature","properties":{"name":"Chestnut","class":"Bikeway","width":3,"source":"cov-bikeways","type":"Bikeway"},"geometry":{"type":"LineString","coordinates":[[-123.1464241,49.2713309],[-123.1464331,49.2711108]]}},{"type":"Feature","properties":{"name":"Hornby","class":"Bikeway","width":3,"source":"cov-bikeways","type":"Bikeway"},"geometry":{"type":"LineString","coordinates":[[-123.1158274,49.2865771],[-123.1162803,49.2868699]]}},{"type":"Feature","properties":{"name":"Dunsmuir","class":"Bikeway","width":3,"source":"cov-bikeways","type":"Bikeway"},"geometry":{"type":"LineString","coordinates":[[-123.1159062,49.2832967],[-123.1164118,49.283624]]}},{"type":"Feature","properties":{"name":"Seaside","class":"Bikeway","width":3,"source":"cov-bikeways","type":"Bikeway"},"geometry":{"type":"LineString","coordinates":[[-123.1394044,49.2712138],[-123.139093,49.2709085],[-123.139,49.2708733],[-123.1388952,49.2708888],[-123.1388016,49.2709162],[-123.1386004,49.2708977],[-123.1384733,49.270794],[-123.1384363,49.2707278],[-123.1383715,49.2706713],[-123.138269,49.2706489],[-123.1380594,49.2706628],[-123.1379645,49.270637],[-123.1376463,49.2704553],[-123.1376493,49.270207],[-123.1371449,49.2699066]]}},{"type":"Feature","properties":{"name":"Burrard","class":"Bikeway","width":3,"source":"cov-bikeways","type":"Bikeway"},"geometry":{"type":"LineString","coordinates":[[-123.1291811,49.2790801],[-123.1297141,49.2787275]]}},{"type":"Feature","properties":{"name":"Burrard","class":"Bikeway","width":3,"source":"cov-bikeways","type":"Bikeway"},"geometry":{"type":"LineString","coordinates":[[-123.1456455,49.2680267],[-123.1456326,49.2675957]]}},{"type":"Feature","properties":{"name":"Seaside","class":"Bikeway","width":3,"source":"cov-bikeways","type":"Bikeway"},"geometry":{"type":"LineString","coordinates":[[-123.1404538,49.2737669],[-123.1408763,49.2725774],[-123.1402253,49.271375]]}},{"type":"Feature","properties":{"name":"Cypress","class":"Bikeway","width":3,"source":"cov-bikeways","type":"Bikeway"},"geometry":{"type":"LineString","coordinates":[[-123.1478027,49.2724628],[-123.1478361,49.2715805]]}},{"type":"Feature","properties":{"name":"Burrard/Comox-Helmcken","class":"Bikeway","width":3,"source":"cov-bikeways","type":"Bikeway"},"geometry":{"type":"LineString","coordinates":[[-123.1270559,49.2804862],[-123.1275894,49.2801332]]}},{"type":"Feature","properties":{"name":"Columbia","class":"Bikeway","width":3,"source":"cov-bikeways","type":"Bikeway"},"geometry":{"type":"LineString","coordinates":[[-123.1094162,49.2698248],[-123.1094147,49.2701862],[-123.1094109,49.2702771]]}},{"type":"Feature","properties":{"name":"Comox-Helmcken","class":"Bikeway","width":3,"source":"cov-bikeways","type":"Bikeway"},"geometry":{"type":"LineString","coordinates":[[-123.1328046,49.284208],[-123.1312326,49.2831905]]}},{"type":"Feature","properties":{"name":"Carrall","class":"Bikeway","width":3,"source":"cov-bikeways","type":"Bikeway"},"geometry":{"type":"LineString","coordinates":[[-123.1043682,49.280926],[-123.1043865,49.2804993]]}},{"type":"Feature","properties":{"name":"Chilco","class":"Bikeway","width":3,"source":"cov-bikeways","type":"Bikeway"},"geometry":{"type":"LineString","coordinates":[[-123.1366924,49.2945049],[-123.1373209,49.2940892]]}},{"type":"Feature","properties":{"name":"York","class":"Bikeway","width":3,"source":"cov-bikeways","type":"Bikeway"},"geometry":{"type":"LineString","coordinates":[[-123.1643914,49.2718821],[-123.1642546,49.2718436],[-123.1621179,49.2718094]]}},{"type":"Feature","properties":{"name":"Seaside","class":"Bikeway","width":3,"source":"cov-bikeways","type":"Bikeway"},"geometry":{"type":"LineString","coordinates":[[-123.1522361,49.2749673],[-123.1518529,49.2754016]]}},{"type":"Feature","properties":{"name":"Stanley Park Trails","class":"Bikeway","width":3,"source":"cov-bikeways","type":"Bikeway"},"geometry":{"type":"LineString","coordinates":[[-123.1425862,49.3111204],[-123.1424951,49.3110267],[-123.1423379,49.3109199],[-123.1419734,49.3105997],[-123.1420594,49.3101427],[-123.1425815,49.309428],[-123.1424492,49.3089712],[-123.1420116,49.3086862],[-123.1414006,49.3088868],[-123.1410528,49.3094585],[-123.1410971,49.3096583],[-123.1408796,49.3100013],[-123.1407965,49.310443]]}},{"type":"Feature","properties":{"name":"Haro","class":"Bikeway","width":3,"source":"cov-bikeways","type":"Bikeway"},"geometry":{"type":"LineString","coordinates":[[-123.1364961,49.2907731],[-123.1380696,49.2917911]]}},{"type":"Feature","properties":{"name":"Burnaby","class":"Bikeway","width":3,"source":"cov-bikeways","type":"Bikeway"},"geometry":{"type":"LineString","coordinates":[[-123.13599,49.282102],[-123.13737,49.2829881]]}},{"type":"Feature","properties":{"name":"Quebec","class":"Bikeway","width":3,"source":"cov-bikeways","type":"Bikeway"},"geometry":{"type":"LineString","coordinates":[[-123.1027226,49.2687072],[-123.1027408,49.2682551]]}},{"type":"Feature","properties":{"name":"Cypress","class":"Bikeway","width":3,"source":"cov-bikeways","type":"Bikeway"},"geometry":{"type":"LineString","coordinates":[[-123.1476391,49.2768167],[-123.1476621,49.2762163]]}},{"type":"Feature","properties":{"name":"Richards","class":"Bikeway","width":3,"source":"cov-bikeways","type":"Bikeway"},"geometry":{"type":"LineString","coordinates":[[-123.1128853,49.283389],[-123.1133653,49.2830716]]}},{"type":"Feature","properties":{"name":"Drake","class":"Bikeway","width":3,"source":"cov-bikeways","type":"Bikeway"},"geometry":{"type":"LineString","coordinates":[[-123.1268012,49.2754534],[-123.1272866,49.2757663]]}},{"type":"Feature","properties":{"name":"Beatty","class":"Bikeway","width":3,"source":"cov-bikeways","type":"Bikeway"},"geometry":{"type":"LineString","coordinates":[[-123.1125269,49.2785442],[-123.112675,49.278445]]}},{"type":"Feature","properties":{"name":"Burrard","class":"Bikeway","width":3,"source":"cov-bikeways","type":"Bikeway"},"geometry":{"type":"LineString","coordinates":[[-123.1244038,49.2822407],[-123.1249287,49.2818935]]}},{"type":"Feature","properties":{"name":"Seaside","class":"Bikeway","width":3,"source":"cov-bikeways","type":"Bikeway"},"geometry":{"type":"LineString","coordinates":[[-123.1500417,49.2767417],[-123.1500345,49.2769282]]}},{"type":"Feature","properties":{"name":"Seaside","class":"Bikeway","width":3,"source":"cov-bikeways","type":"Bikeway"},"geometry":{"type":"LineString","coordinates":[[-123.1396876,49.2745768],[-123.1398062,49.2747308]]}},{"type":"Feature","properties":{"name":"Seaside Bypass","class":"Bikeway","width":3,"source":"cov-bikeways","type":"Bikeway"},"geometry":{"type":"LineString","coordinates":[[-123.1390421,49.2696746],[-123.1407917,49.2697037]]}},{"type":"Feature","properties":{"name":"Beach","class":"Bikeway","width":3,"source":"cov-bikeways","type":"Bikeway"},"geometry":{"type":"LineString","coordinates":[[-123.1424905,49.2863025],[-123.1423753,49.286879]]}},{"type":"Feature","properties":{"name":"Seaside","class":"Bikeway","width":3,"source":"cov-bikeways","type":"Bikeway"},"geometry":{"type":"LineString","coordinates":[[-123.1031968,49.2755784],[-123.1025646,49.2755618],[-123.1025607,49.2759256],[-123.1029199,49.2762596],[-123.1027789,49.2763394]]}},{"type":"Feature","properties":{"name":"Hornby","class":"Bikeway","width":3,"source":"cov-bikeways","type":"Bikeway"},"geometry":{"type":"LineString","coordinates":[[-123.1178793,49.2852214],[-123.1183743,49.284894]]}},{"type":"Feature","properties":{"name":"Seaside","class":"Bikeway","width":3,"source":"cov-bikeways","type":"Bikeway"},"geometry":{"type":"LineString","coordinates":[[-123.10933,49.2722378],[-123.10857,49.2722034],[-123.1083317,49.2721864],[-123.1082693,49.2721712],[-123.1082421,49.2721585],[-123.1082187,49.2721428],[-123.1081996,49.2721249],[-123.1081858,49.272105],[-123.1081773,49.2720838],[-123.1079947,49.2717527],[-123.1079836,49.2717206],[-123.1079725,49.2717059],[-123.1079577,49.2716925],[-123.1079195,49.2716711],[-123.107873,49.2716588],[-123.107091,49.2716478],[-123.1068687,49.2716416],[-123.1068137,49.2716484],[-123.1067972,49.2716544],[-123.1067697,49.2716711],[-123.1067517,49.2716925],[-123.1067468,49.2717044],[-123.1067424,49.2719632],[-123.1067347,49.2719764],[-123.1067099,49.2719992],[-123.1066751,49.2720155],[-123.1066341,49.2720235],[-123.1064713,49.2720254],[-123.1063515,49.2720316],[-123.1062322,49.2720411],[-123.1061682,49.2720521],[-123.1061025,49.2720581],[-123.1060363,49.2720589],[-123.1059704,49.2720544],[-123.1053594,49.2720514],[-123.104598,49.2720095],[-123.104322,49.2719775]]}},{"type":"Feature","properties":{"name":"Smithe","class":"Bikeway","width":3,"source":"cov-bikeways","type":"Bikeway"},"geometry":{"type":"LineString","coordinates":[[-123.1184876,49.2784122],[-123.1189721,49.2787265]]}},{"type":"Feature","properties":{"name":"Central Valley","class":"Bikeway","width":3,"source":"cov-bikeways","type":"Bikeway"},"geometry":{"type":"LineString","coordinates":[[-123.0977633,49.2680912],[-123.0982009,49.2677638]]}},{"type":"Feature","properties":{"name":"Georgia","class":"Bikeway","width":3,"source":"cov-bikeways","type":"Bikeway"},"geometry":{"type":"LineString","coordinates":[[-123.1305973,49.2905612],[-123.13217,49.2915789]]}},{"type":"Feature","properties":{"name":"Bute","class":"Bikeway","width":3,"source":"cov-bikeways","type":"Bikeway"},"geometry":{"type":"LineString","coordinates":[[-123.1328274,49.2821352],[-123.1333593,49.2817832]]}},{"type":"Feature","properties":{"name":"Richards","class":"Bikeway","width":3,"source":"cov-bikeways","type":"Bikeway"},"geometry":{"type":"LineString","coordinates":[[-123.1119041,49.2840376],[-123.1124054,49.2837064]]}},{"type":"Feature","properties":{"name":"Thurlow","class":"Bikeway","width":3,"source":"cov-bikeways","type":"Bikeway"},"geometry":{"type":"LineString","coordinates":[[-123.134922,49.2779191],[-123.1354328,49.2775813]]}},{"type":"Feature","properties":{"name":"Central Valley","class":"Bikeway","width":3,"source":"cov-bikeways","type":"Bikeway"},"geometry":{"type":"LineString","coordinates":[[-123.1026621,49.2701536],[-123.1037524,49.2701737]]}},{"type":"Feature","properties":{"name":"Quebec","class":"Bikeway","width":3,"source":"cov-bikeways","type":"Bikeway"},"geometry":{"type":"LineString","coordinates":[[-123.1027755,49.2673504],[-123.1027924,49.267]]}},{"type":"Feature","properties":{"name":"Dunsmuir","class":"Bikeway","width":3,"source":"cov-bikeways","type":"Bikeway"},"geometry":{"type":"LineString","coordinates":[[-123.1021258,49.2774985],[-123.1033085,49.2774428]]}},{"type":"Feature","properties":{"name":"York","class":"Bikeway","width":3,"source":"cov-bikeways","type":"Bikeway"},"geometry":{"type":"LineString","coordinates":[[-123.1643914,49.2718821],[-123.1649457,49.2718903]]}},{"type":"Feature","properties":{"name":"Bute","class":"Bikeway","width":3,"source":"cov-bikeways","type":"Bikeway"},"geometry":{"type":"LineString","coordinates":[[-123.1264479,49.2863567],[-123.1269797,49.2860047]]}},{"type":"Feature","properties":{"name":"Richards","class":"Bikeway","width":3,"source":"cov-bikeways","type":"Bikeway"},"geometry":{"type":"LineString","coordinates":[[-123.1242361,49.27588],[-123.125831,49.274825]]}},{"type":"Feature","properties":{"name":"Bute","class":"Bikeway","width":3,"source":"cov-bikeways","type":"Bikeway"},"geometry":{"type":"LineString","coordinates":[[-123.133891,49.2814316],[-123.1344225,49.2810796]]}},{"type":"Feature","properties":{"name":"Pacific","class":"Bikeway","width":3,"source":"cov-bikeways","type":"Bikeway"},"geometry":{"type":"LineString","coordinates":[[-123.1151689,49.2740885],[-123.1150014,49.2741237],[-123.1146509,49.2742159]]}},{"type":"Feature","properties":{"name":"Richards","class":"Bikeway","width":3,"source":"cov-bikeways","type":"Bikeway"},"geometry":{"type":"LineString","coordinates":[[-123.12748,49.2737347],[-123.1278733,49.2734745]]}},{"type":"Feature","properties":{"name":"Pacific","class":"Bikeway","width":3,"source":"cov-bikeways","type":"Bikeway"},"geometry":{"type":"LineString","coordinates":[[-123.1298959,49.2753515],[-123.1301715,49.275536]]}},{"type":"Feature","properties":{"name":"Seaside","class":"Bikeway","width":3,"source":"cov-bikeways","type":"Bikeway"},"geometry":{"type":"LineString","coordinates":[[-123.1485651,49.2944599],[-123.1486832,49.2946405],[-123.1488076,49.2947963],[-123.149014,49.2949824]]}},{"type":"Feature","properties":{"name":"Seaside Bypass","class":"Bikeway","width":3,"source":"cov-bikeways","type":"Bikeway"},"geometry":{"type":"LineString","coordinates":[[-123.1046336,49.2701898],[-123.1061033,49.2702167]]}},{"type":"Feature","properties":{"name":"Central Valley","class":"Bikeway","width":3,"source":"cov-bikeways","type":"Bikeway"},"geometry":{"type":"LineString","coordinates":[[-123.1037524,49.2701737],[-123.1045979,49.2701892]]}},{"type":"Feature","properties":{"name":"Cardero","class":"Bikeway","width":3,"source":"cov-bikeways","type":"Bikeway"},"geometry":{"type":"LineString","coordinates":[[-123.1292888,49.2914283],[-123.1298717,49.2910421]]}},{"type":"Feature","properties":{"name":"Pacific","class":"Bikeway","width":3,"source":"cov-bikeways","type":"Bikeway"},"geometry":{"type":"LineString","coordinates":[[-123.1021331,49.2768076],[-123.1022085,49.2766715],[-123.1022859,49.276602]]}},{"type":"Feature","properties":{"name":"Beach","class":"Bikeway","width":3,"source":"cov-bikeways","type":"Bikeway"},"geometry":{"type":"LineString","coordinates":[[-123.1283501,49.2731591],[-123.1284362,49.2732067],[-123.1285376,49.2732464],[-123.1286007,49.2732644],[-123.1286599,49.2732771],[-123.1287699,49.2732913],[-123.1288694,49.2732944],[-123.1289687,49.2732883],[-123.1290657,49.2732733],[-123.1291676,49.2732488],[-123.1292556,49.2732371],[-123.1293554,49.2732364],[-123.1294461,49.2732478],[-123.1295315,49.2732702],[-123.1296024,49.2732996],[-123.1296407,49.2733209],[-123.1298159,49.2734338]]}},{"type":"Feature","properties":{"name":"Quebec","class":"Bikeway","width":3,"source":"cov-bikeways","type":"Bikeway"},"geometry":{"type":"LineString","coordinates":[[-123.1021258,49.2774985],[-123.1021274,49.2773516]]}},{"type":"Feature","properties":{"name":"Cambie Bridge","class":"Bikeway","width":3,"source":"cov-bikeways","type":"Bikeway"},"geometry":{"type":"LineString","coordinates":[[-123.1160967,49.2747742],[-123.115516,49.2743916],[-123.1154321,49.2743314],[-123.1153615,49.2742754],[-123.1152825,49.2742058],[-123.1151689,49.2740885]]}},{"type":"Feature","properties":{"name":"Seaside","class":"Bikeway","width":3,"source":"cov-bikeways","type":"Bikeway"},"geometry":{"type":"LineString","coordinates":[[-123.1504208,49.295869],[-123.1506533,49.2959283],[-123.1508735,49.2958719]]}},{"type":"Feature","properties":{"name":"Pacific","class":"Bikeway","width":3,"source":"cov-bikeways","type":"Bikeway"},"geometry":{"type":"LineString","coordinates":[[-123.12748,49.2737347],[-123.1270563,49.2734571]]}},{"type":"Feature","properties":{"name":"Stanley Park Causeway","class":"Bikeway","width":3,"source":"cov-bikeways","type":"Bikeway"},"geometry":{"type":"LineString","coordinates":[[-123.1451345,49.3037958],[-123.1450739,49.303554],[-123.1450194,49.3033727],[-123.144849,49.3029007],[-123.1446074,49.3024804],[-123.1444726,49.302274],[-123.1443288,49.3020702],[-123.1441759,49.3018692],[-123.1440142,49.3016712],[-123.1438437,49.3014763],[-123.1436645,49.3012848],[-123.1434771,49.3010968],[-123.1432812,49.3009124],[-123.1430772,49.3007318],[-123.1428653,49.3005552],[-123.1426457,49.3003827],[-123.1416683,49.2997187],[-123.1404199,49.2990517],[-123.1393598,49.2985857],[-123.1391189,49.2985164],[-123.1388749,49.2984419],[-123.1386484,49.2983622],[-123.1384147,49.2982741],[-123.1381899,49.2981846],[-123.1375905,49.2979117]]}},{"type":"Feature","properties":{"name":"Cardero","class":"Bikeway","width":3,"source":"cov-bikeways","type":"Bikeway"},"geometry":{"type":"LineString","coordinates":[[-123.1402592,49.2841628],[-123.1407944,49.2838124]]}},{"type":"Feature","properties":{"name":"Seaside","class":"Bikeway","width":3,"source":"cov-bikeways","type":"Bikeway"},"geometry":{"type":"LineString","coordinates":[[-123.1407111,49.276194],[-123.1400809,49.2752986],[-123.1400426,49.2751833],[-123.1398221,49.2748827]]}},{"type":"Feature","properties":{"name":"Seaside","class":"Bikeway","width":3,"source":"cov-bikeways","type":"Bikeway"},"geometry":{"type":"LineString","coordinates":[[-123.1316887,49.27356],[-123.131307,49.2733127],[-123.1312927,49.2732943],[-123.1312805,49.2732672],[-123.131329,49.2732254],[-123.1313613,49.273173],[-123.131356,49.2731074],[-123.1313072,49.2730465],[-123.1308062,49.2727303],[-123.130518,49.2725411],[-123.1304844,49.272496]]}},{"type":"Feature","properties":{"name":"Chestnut","class":"Bikeway","width":3,"source":"cov-bikeways","type":"Bikeway"},"geometry":{"type":"LineString","coordinates":[[-123.1462191,49.2761882],[-123.1461945,49.2767687]]}},{"type":"Feature","properties":{"name":"Granville Connector","class":"Bikeway","width":3,"source":"cov-bikeways","type":"Bikeway"},"geometry":{"type":"LineString","coordinates":[[-123.128496,49.2756296],[-123.1289024,49.2753607]]}},{"type":"Feature","properties":{"name":"Homer","class":"Bikeway","width":3,"source":"cov-bikeways","type":"Bikeway"},"geometry":{"type":"LineString","coordinates":[[-123.1259031,49.273081],[-123.1258876,49.2731597],[-123.1258679,49.2732288],[-123.1258428,49.273297],[-123.1258121,49.2733643],[-123.1257631,49.2734522],[-123.1257202,49.2735166],[-123.1256722,49.2735794],[-123.1256193,49.2736405],[-123.1255615,49.2736997],[-123.1254991,49.2737567],[-123.1253852,49.2738469],[-123.1248605,49.2741963]]}},{"type":"Feature","properties":{"name":"Burrard","class":"Bikeway","width":3,"source":"cov-bikeways","type":"Bikeway"},"geometry":{"type":"LineString","coordinates":[[-123.128647,49.2794334],[-123.1291811,49.2790801]]}},{"type":"Feature","properties":{"name":"Seaside Bypass","class":"Bikeway","width":3,"source":"cov-bikeways","type":"Bikeway"},"geometry":{"type":"LineString","coordinates":[[-123.1152994,49.267928],[-123.1152442,49.2690976]]}},{"type":"Feature","properties":{"name":"Stanley Park Trails","class":"Bikeway","width":3,"source":"cov-bikeways","type":"Bikeway"},"geometry":{"type":"LineString","coordinates":[[-123.1451345,49.3037958],[-123.1455306,49.3037387],[-123.1456906,49.3036751],[-123.1459874,49.303629]]}},{"type":"Feature","properties":{"name":"Cardero","class":"Bikeway","width":3,"source":"cov-bikeways","type":"Bikeway"},"geometry":{"type":"LineString","coordinates":[[-123.1391961,49.2848665],[-123.139728,49.2845148]]}},{"type":"Feature","properties":{"name":"Burrard","class":"Bikeway","width":3,"source":"cov-bikeways","type":"Bikeway"},"geometry":{"type":"LineString","coordinates":[[-123.1313092,49.2776719],[-123.1315076,49.2775406]]}},{"type":"Feature","properties":{"name":"Alexander","class":"Bikeway","width":3,"source":"cov-bikeways","type":"Bikeway"},"geometry":{"type":"LineString","coordinates":[[-123.1021513,49.2837699],[-123.1003433,49.2841082],[-123.1002794,49.2841077]]}},{"type":"Feature","properties":{"name":"Cypress","class":"Bikeway","width":3,"source":"cov-bikeways","type":"Bikeway"},"geometry":{"type":"LineString","coordinates":[[-123.1479335,49.2689361],[-123.14795,49.2684922]]}},{"type":"Feature","properties":{"name":"Seaside Bypass","class":"Bikeway","width":3,"source":"cov-bikeways","type":"Bikeway"},"geometry":{"type":"LineString","coordinates":[[-123.1147459,49.2682133],[-123.1148113,49.2681873],[-123.1150857,49.2680415]]}},{"type":"Feature","properties":{"name":"Cardero","class":"Bikeway","width":3,"source":"cov-bikeways","type":"Bikeway"},"geometry":{"type":"LineString","coordinates":[[-123.1381334,49.2855695],[-123.1386647,49.2852177]]}},{"type":"Feature","properties":{"name":"Burnaby","class":"Bikeway","width":3,"source":"cov-bikeways","type":"Bikeway"},"geometry":{"type":"LineString","coordinates":[[-123.1385485,49.2837513],[-123.139728,49.2845148]]}},{"type":"Feature","properties":{"name":"Haro","class":"Bikeway","width":3,"source":"cov-bikeways","type":"Bikeway"},"geometry":{"type":"LineString","coordinates":[[-123.1258797,49.2839009],[-123.1280428,49.2853012]]}},{"type":"Feature","properties":{"name":"Pacific","class":"Bikeway","width":3,"source":"cov-bikeways","type":"Bikeway"},"geometry":{"type":"LineString","coordinates":[[-123.1236925,49.2734397],[-123.1229427,49.2736302]]}},{"type":"Feature","properties":{"name":"Chestnut","class":"Bikeway","width":3,"source":"cov-bikeways","type":"Bikeway"},"geometry":{"type":"LineString","coordinates":[[-123.146355,49.2729788],[-123.146331,49.2735288]]}},{"type":"Feature","properties":{"name":"Water","class":"Bikeway","width":3,"source":"cov-bikeways","type":"Bikeway"},"geometry":{"type":"LineString","coordinates":[[-123.1042618,49.2834967],[-123.1063833,49.283885]]}},{"type":"Feature","properties":{"name":"Burrard","class":"Bikeway","width":3,"source":"cov-bikeways","type":"Bikeway"},"geometry":{"type":"LineString","coordinates":[[-123.1456172,49.2688984],[-123.145632,49.2684613]]}},{"type":"Feature","properties":{"name":"Stanley Park","class":"Bikeway","width":3,"source":"cov-bikeways","type":"Bikeway"},"geometry":{"type":"LineString","coordinates":[[-123.1442734,49.2967643],[-123.1440821,49.2967545],[-123.143309,49.2966754],[-123.1431252,49.2966656],[-123.142911,49.2966709],[-123.1426051,49.2967213],[-123.1423986,49.2967816],[-123.142215,49.2968619],[-123.1416278,49.2972108],[-123.1414435,49.2973032],[-123.1411987,49.2973836],[-123.1409617,49.2974489],[-123.1396379,49.2976686],[-123.1388731,49.2978106],[-123.1387066,49.2978366],[-123.1384375,49.2978573],[-123.1381085,49.2978576],[-123.1378021,49.297783],[-123.1376105,49.2976881],[-123.1371886,49.2973183],[-123.1371194,49.2972688],[-123.13702,49.2972435],[-123.1368877,49.2972161]]}},{"type":"Feature","properties":{"name":"Seaside","class":"Bikeway","width":3,"source":"cov-bikeways","type":"Bikeway"},"geometry":{"type":"LineString","coordinates":[[-123.1402253,49.271375],[-123.1400418,49.2710795]]}},{"type":"Feature","properties":{"name":"Seaside Bypass","class":"Bikeway","width":3,"source":"cov-bikeways","type":"Bikeway"},"geometry":{"type":"LineString","coordinates":[[-123.1379937,49.2693459],[-123.1384201,49.2695558],[-123.138635,49.2696075],[-123.1388742,49.2696548],[-123.1390421,49.2696746]]}},{"type":"Feature","properties":{"name":"Pacific","class":"Bikeway","width":3,"source":"cov-bikeways","type":"Bikeway"},"geometry":{"type":"LineString","coordinates":[[-123.1381201,49.2806897],[-123.1365484,49.2796723]]}},{"type":"Feature","properties":{"name":"Hornby","class":"Bikeway","width":3,"source":"cov-bikeways","type":"Bikeway"},"geometry":{"type":"LineString","coordinates":[[-123.1327891,49.2753568],[-123.1336192,49.2748077]]}},{"type":"Feature","properties":{"name":"Pacific","class":"Bikeway","width":3,"source":"cov-bikeways","type":"Bikeway"},"geometry":{"type":"LineString","coordinates":[[-123.12748,49.2737347],[-123.1279569,49.2740534]]}},{"type":"Feature","properties":{"name":"Carrall","class":"Bikeway","width":3,"source":"cov-bikeways","type":"Bikeway"},"geometry":{"type":"LineString","coordinates":[[-123.1044394,49.2792457],[-123.1044618,49.2791893],[-123.1044985,49.2791155],[-123.1045431,49.2790435],[-123.1045952,49.2789737],[-123.1046391,49.278923],[-123.1047038,49.2788579],[-123.1047754,49.2787959],[-123.1048534,49.2787373],[-123.1049158,49.2786958],[-123.105004,49.2786438],[-123.1051464,49.2785739],[-123.1052172,49.2785443],[-123.1056293,49.2783876],[-123.1057589,49.2783324],[-123.1058789,49.2782686],[-123.1059882,49.2781969],[-123.1060853,49.2781182],[-123.1061475,49.2780554]]}},{"type":"Feature","properties":{"name":"Chilco","class":"Bikeway","width":3,"source":"cov-bikeways","type":"Bikeway"},"geometry":{"type":"LineString","coordinates":[[-123.1431634,49.2902177],[-123.1436944,49.2898664]]}},{"type":"Feature","properties":{"name":"Central Valley","class":"Bikeway","width":3,"source":"cov-bikeways","type":"Bikeway"},"geometry":{"type":"LineString","coordinates":[[-123.1006575,49.2701172],[-123.1004502,49.2701135],[-123.0988302,49.2692168]]}},{"type":"Feature","properties":{"name":"Nicola","class":"Bikeway","width":3,"source":"cov-bikeways","type":"Bikeway"},"geometry":{"type":"LineString","coordinates":[[-123.1316381,49.2883245],[-123.1321696,49.2879728]]}},{"type":"Feature","properties":{"name":"Quebec","class":"Bikeway","width":3,"source":"cov-bikeways","type":"Bikeway"},"geometry":{"type":"LineString","coordinates":[[-123.1027408,49.2682551],[-123.1027755,49.2673504]]}},{"type":"Feature","properties":{"name":"Granville Connector","class":"Bikeway","width":3,"source":"cov-bikeways","type":"Bikeway"},"geometry":{"type":"LineString","coordinates":[[-123.1408897,49.2670835],[-123.1405107,49.2670728],[-123.1402798,49.2670785],[-123.1402015,49.2670698],[-123.140031,49.2670275]]}},{"type":"Feature","properties":{"name":"Pacific","class":"Bikeway","width":3,"source":"cov-bikeways","type":"Bikeway"},"geometry":{"type":"LineString","coordinates":[[-123.1180272,49.2744399],[-123.1173521,49.2742187]]}},{"type":"Feature","properties":{"name":"Expo","class":"Bikeway","width":3,"source":"cov-bikeways","type":"Bikeway"},"geometry":{"type":"LineString","coordinates":[[-123.1087219,49.2786614],[-123.1088601,49.2786184],[-123.1090037,49.2785596],[-123.1100813,49.2780162],[-123.1101873,49.277969],[-123.1103223,49.2779206],[-123.1104781,49.2778784],[-123.1107137,49.2778532]]}},{"type":"Feature","properties":{"name":"Pacific","class":"Bikeway","width":3,"source":"cov-bikeways","type":"Bikeway"},"geometry":{"type":"LineString","coordinates":[[-123.1076764,49.2771199],[-123.1063808,49.2770958]]}},{"type":"Feature","properties":{"name":"Cambie","class":"Bikeway","width":3,"source":"cov-bikeways","type":"Bikeway"},"geometry":{"type":"LineString","coordinates":[[-123.1095463,49.2825114],[-123.1097738,49.2819757]]}},{"type":"Feature","properties":{"name":"Georgia","class":"Bikeway","width":3,"source":"cov-bikeways","type":"Bikeway"},"geometry":{"type":"LineString","coordinates":[[-123.1353178,49.2936156],[-123.1366924,49.2945049]]}},{"type":"Feature","properties":{"name":"Alexander","class":"Bikeway","width":3,"source":"cov-bikeways","type":"Bikeway"},"geometry":{"type":"LineString","coordinates":[[-123.0995268,49.2840935],[-123.0987793,49.2840808]]}},{"type":"Feature","properties":{"name":"Homer","class":"Bikeway","width":3,"source":"cov-bikeways","type":"Bikeway"},"geometry":{"type":"LineString","coordinates":[[-123.1184876,49.2784122],[-123.1168879,49.2794631]]}},{"type":"Feature","properties":{"name":"Seaside","class":"Bikeway","width":3,"source":"cov-bikeways","type":"Bikeway"},"geometry":{"type":"LineString","coordinates":[[-123.1204973,49.271371],[-123.1198458,49.2718115],[-123.1198394,49.2727291],[-123.1199654,49.272841]]}},{"type":"Feature","properties":{"name":"Carrall","class":"Bikeway","width":3,"source":"cov-bikeways","type":"Bikeway"},"geometry":{"type":"LineString","coordinates":[[-123.104293,49.282751],[-123.1043045,49.2824757]]}},{"type":"Feature","properties":{"name":"Adanac","class":"Bikeway","width":3,"source":"cov-bikeways","type":"Bikeway"},"geometry":{"type":"LineString","coordinates":[[-123.1005634,49.2776857],[-123.0998124,49.2776709]]}},{"type":"Feature","properties":{"name":"Hornby","class":"Bikeway","width":3,"source":"cov-bikeways","type":"Bikeway"},"geometry":{"type":"LineString","coordinates":[[-123.1313473,49.2763114],[-123.1323558,49.2756437]]}},{"type":"Feature","properties":{"name":"Pacific","class":"Bikeway","width":3,"source":"cov-bikeways","type":"Bikeway"},"geometry":{"type":"LineString","coordinates":[[-123.1259031,49.273081],[-123.1257254,49.2730627],[-123.1254623,49.2730529],[-123.1252158,49.2730616],[-123.124972,49.2730871],[-123.1247335,49.2731292],[-123.1247008,49.2731374],[-123.1236925,49.2734397]]}},{"type":"Feature","properties":{"name":"Cardero","class":"Bikeway","width":3,"source":"cov-bikeways","type":"Bikeway"},"geometry":{"type":"LineString","coordinates":[[-123.131758,49.2897936],[-123.1319624,49.2896583]]}},{"type":"Feature","properties":{"name":"Dunsmuir","class":"Bikeway","width":3,"source":"cov-bikeways","type":"Bikeway"},"geometry":{"type":"LineString","coordinates":[[-123.1174037,49.284266],[-123.1178897,49.2845797]]}},{"type":"Feature","properties":{"name":"Seaside","class":"Bikeway","width":3,"source":"cov-bikeways","type":"Bikeway"},"geometry":{"type":"LineString","coordinates":[[-123.1064394,49.2757502],[-123.1063947,49.2757379],[-123.1052557,49.2757228],[-123.1048645,49.2756947],[-123.1033389,49.2756723],[-123.1032424,49.2756419],[-123.1031968,49.2755784]]}},{"type":"Feature","properties":{"name":"Carrall","class":"Bikeway","width":3,"source":"cov-bikeways","type":"Bikeway"},"geometry":{"type":"LineString","coordinates":[[-123.1043865,49.2804993],[-123.1044042,49.2800816]]}},{"type":"Feature","properties":{"name":"Seaside","class":"Bikeway","width":3,"source":"cov-bikeways","type":"Bikeway"},"geometry":{"type":"LineString","coordinates":[[-123.1398062,49.2747308],[-123.1398221,49.2748827]]}},{"type":"Feature","properties":{"name":"Dunsmuir","class":"Bikeway","width":3,"source":"cov-bikeways","type":"Bikeway"},"geometry":{"type":"LineString","coordinates":[[-123.1154202,49.2829824],[-123.1159062,49.2832967]]}},{"type":"Feature","properties":{"name":"Pender","class":"Bikeway","width":3,"source":"cov-bikeways","type":"Bikeway"},"geometry":{"type":"LineString","coordinates":[[-123.1049246,49.2805969],[-123.1056063,49.2807204]]}},{"type":"Feature","properties":{"name":"Ontario","class":"Bikeway","width":3,"source":"cov-bikeways","type":"Bikeway"},"geometry":{"type":"LineString","coordinates":[[-123.1047136,49.2673858],[-123.1047298,49.267]]}},{"type":"Feature","properties":{"name":"Central","class":"Bikeway","width":3,"source":"cov-bikeways","type":"Bikeway"},"geometry":{"type":"LineString","coordinates":[[-123.1019152,49.2719032],[-123.1003025,49.2715225]]}},{"type":"Feature","properties":{"name":"Beach","class":"Bikeway","width":3,"source":"cov-bikeways","type":"Bikeway"},"geometry":{"type":"LineString","coordinates":[[-123.1298159,49.2734338],[-123.1307543,49.2740388]]}},{"type":"Feature","properties":{"name":"Beach","class":"Bikeway","width":3,"source":"cov-bikeways","type":"Bikeway"},"geometry":{"type":"LineString","coordinates":[[-123.1428177,49.2845304],[-123.1428381,49.2845621],[-123.1424905,49.2863025]]}},{"type":"Feature","properties":{"name":"Columbia","class":"Bikeway","width":3,"source":"cov-bikeways","type":"Bikeway"},"geometry":{"type":"LineString","coordinates":[[-123.1094109,49.2702771],[-123.1093808,49.2709842]]}},{"type":"Feature","properties":{"name":"Stanley Park Trails","class":"Bikeway","width":3,"source":"cov-bikeways","type":"Bikeway"},"geometry":{"type":"LineString","coordinates":[[-123.1407965,49.310443],[-123.1407075,49.3109154],[-123.1406668,49.3119436],[-123.1401866,49.3120584],[-123.1394873,49.3119165],[-123.139031,49.3117086],[-123.138015,49.310813],[-123.1379624,49.3107388],[-123.1379184,49.3106246],[-123.1377172,49.3105392],[-123.1376198,49.3105189],[-123.1375034,49.3104599],[-123.1374306,49.3104371]]}},{"type":"Feature","properties":{"name":"Stanley Park Trails","class":"Bikeway","width":3,"source":"cov-bikeways","type":"Bikeway"},"geometry":{"type":"LineString","coordinates":[[-123.1506388,49.296478],[-123.1498982,49.2970667],[-123.1496714,49.2971584],[-123.1490433,49.2973877],[-123.1480827,49.297446],[-123.1476289,49.297538],[-123.1471574,49.2975843],[-123.1463716,49.2976881],[-123.1456558,49.2978033],[-123.1454813,49.297872],[-123.1452721,49.2980094],[-123.1451334,49.2983637],[-123.1451341,49.2985922],[-123.1444552,49.2994041],[-123.1443509,49.299587],[-123.1442645,49.2998956],[-123.1443705,49.3003181],[-123.1446346,49.3010147],[-123.1446178,49.3012432],[-123.1448114,49.3017227],[-123.1451273,49.302225],[-123.1456702,49.3026812],[-123.1459334,49.3030693],[-123.1459874,49.303629]]}},{"type":"Feature","properties":{"name":"Homer","class":"Bikeway","width":3,"source":"cov-bikeways","type":"Bikeway"},"geometry":{"type":"LineString","coordinates":[[-123.1259031,49.273081],[-123.1259119,49.2729968],[-123.1259191,49.2726082],[-123.1259274,49.2725231],[-123.1259471,49.2724388],[-123.1259709,49.2723725],[-123.1260017,49.2723073],[-123.1260498,49.2722281],[-123.1260837,49.272182],[-123.1261345,49.2721224],[-123.1262068,49.2720515],[-123.1262712,49.2719979],[-123.1263476,49.271943],[-123.1269081,49.2715722]]}},{"type":"Feature","properties":{"name":"Bute","class":"Bikeway","width":3,"source":"cov-bikeways","type":"Bikeway"},"geometry":{"type":"LineString","coordinates":[[-123.1312326,49.2831905],[-123.1317645,49.2828386]]}},{"type":"Feature","properties":{"name":"Seaside","class":"Bikeway","width":3,"source":"cov-bikeways","type":"Bikeway"},"geometry":{"type":"LineString","coordinates":[[-123.1278101,49.2710068],[-123.1277699,49.2709889],[-123.1275683,49.2709891],[-123.1272622,49.2707923],[-123.1272253,49.270771],[-123.1271776,49.2707499],[-123.1271298,49.2707343],[-123.1270649,49.2707202],[-123.1265381,49.2707165],[-123.1264991,49.2707265],[-123.126458,49.2707478],[-123.1261617,49.2709864],[-123.1260869,49.2710407]]}},{"type":"Feature","properties":{"name":"Melville/Dunsmuir","class":"Bikeway","width":3,"source":"cov-bikeways","type":"Bikeway"},"geometry":{"type":"LineString","coordinates":[[-123.1257427,49.2888808],[-123.1255217,49.2890271]]}},{"type":"Feature","properties":{"name":"Pacific","class":"Bikeway","width":3,"source":"cov-bikeways","type":"Bikeway"},"geometry":{"type":"LineString","coordinates":[[-123.1393794,49.2815056],[-123.1381201,49.2806897]]}},{"type":"Feature","properties":{"name":"Comox-Helmcken","class":"Bikeway","width":3,"source":"cov-bikeways","type":"Bikeway"},"geometry":{"type":"LineString","coordinates":[[-123.1426328,49.2905692],[-123.1412577,49.2896798]]}},{"type":"Feature","properties":{"name":"Pacific","class":"Bikeway","width":3,"source":"cov-bikeways","type":"Bikeway"},"geometry":{"type":"LineString","coordinates":[[-123.1141265,49.2744132],[-123.1140812,49.2744308],[-123.1135618,49.2746064],[-123.1130039,49.2748537]]}},{"type":"Feature","properties":{"name":"Burrard","class":"Bikeway","width":3,"source":"cov-bikeways","type":"Bikeway"},"geometry":{"type":"LineString","coordinates":[[-123.1154705,49.2881506],[-123.1162355,49.2876434]]}},{"type":"Feature","properties":{"name":"Cypress","class":"Bikeway","width":3,"source":"cov-bikeways","type":"Bikeway"},"geometry":{"type":"LineString","coordinates":[[-123.1479827,49.2676349],[-123.1479992,49.2671966]]}},{"type":"Feature","properties":{"name":"Richards","class":"Bikeway","width":3,"source":"cov-bikeways","type":"Bikeway"},"geometry":{"type":"LineString","coordinates":[[-123.1144493,49.2823547],[-123.1161586,49.2812248]]}},{"type":"Feature","properties":{"name":"Drake","class":"Bikeway","width":3,"source":"cov-bikeways","type":"Bikeway"},"geometry":{"type":"LineString","coordinates":[[-123.125831,49.274825],[-123.1263163,49.2751393]]}},{"type":"Feature","properties":{"name":"Bute","class":"Bikeway","width":3,"source":"cov-bikeways","type":"Bikeway"},"geometry":{"type":"LineString","coordinates":[[-123.1301713,49.2838928],[-123.1307012,49.2835422]]}},{"type":"Feature","properties":{"name":"Stanley Park Trails","class":"Bikeway","width":3,"source":"cov-bikeways","type":"Bikeway"},"geometry":{"type":"LineString","coordinates":[[-123.1449082,49.3119387],[-123.144467,49.3119104],[-123.1440304,49.3119966],[-123.1431241,49.3124041]]}},{"type":"Feature","properties":{"name":"Pacific","class":"Bikeway","width":3,"source":"cov-bikeways","type":"Bikeway"},"geometry":{"type":"LineString","coordinates":[[-123.1159336,49.2740193],[-123.1156975,49.2740239],[-123.1154963,49.2740378],[-123.1153047,49.2740598],[-123.1151689,49.2740885]]}},{"type":"Feature","properties":{"name":"Seaside Bypass","class":"Bikeway","width":3,"source":"cov-bikeways","type":"Bikeway"},"geometry":{"type":"LineString","coordinates":[[-123.1344962,49.2672993],[-123.1353167,49.2675192]]}},{"type":"Feature","properties":{"name":"Seaside","class":"Bikeway","width":3,"source":"cov-bikeways","type":"Bikeway"},"geometry":{"type":"LineString","coordinates":[[-123.1232553,49.2912681],[-123.1234094,49.2912251],[-123.1240197,49.2908256],[-123.1246012,49.2905978],[-123.1252678,49.2904599],[-123.1257857,49.2905029],[-123.1258514,49.2905643],[-123.1259933,49.290612],[-123.1262239,49.2906525],[-123.1263187,49.2906309],[-123.1265861,49.2906976],[-123.1271839,49.2910924],[-123.127236,49.2911754],[-123.1273359,49.2912399],[-123.1274847,49.2912695],[-123.1284314,49.2918804]]}},{"type":"Feature","properties":{"name":"Chestnut","class":"Bikeway","width":3,"source":"cov-bikeways","type":"Bikeway"},"geometry":{"type":"LineString","coordinates":[[-123.1462382,49.2757522],[-123.1462271,49.2760068]]}},{"type":"Feature","properties":{"name":"Seaside Bypass","class":"Bikeway","width":3,"source":"cov-bikeways","type":"Bikeway"},"geometry":{"type":"LineString","coordinates":[[-123.150093,49.275373],[-123.1518529,49.2754016]]}},{"type":"Feature","properties":{"name":"Cardero","class":"Bikeway","width":3,"source":"cov-bikeways","type":"Bikeway"},"geometry":{"type":"LineString","coordinates":[[-123.1370712,49.2862742],[-123.137602,49.2859222]]}},{"type":"Feature","properties":{"name":"Burrard","class":"Bikeway","width":3,"source":"cov-bikeways","type":"Bikeway"},"geometry":{"type":"LineString","coordinates":[[-123.1454991,49.270661],[-123.1455212,49.2702188]]}},{"type":"Feature","properties":{"name":"Smithe","class":"Bikeway","width":3,"source":"cov-bikeways","type":"Bikeway"},"geometry":{"type":"LineString","coordinates":[[-123.117382,49.2776959],[-123.1175172,49.2777835]]}},{"type":"Feature","properties":{"name":"Beach","class":"Bikeway","width":3,"source":"cov-bikeways","type":"Bikeway"},"geometry":{"type":"LineString","coordinates":[[-123.1442752,49.2894824],[-123.1455785,49.2903067]]}},{"type":"Feature","properties":{"name":"Stanley Park Trails","class":"Bikeway","width":3,"source":"cov-bikeways","type":"Bikeway"},"geometry":{"type":"LineString","coordinates":[[-123.1506388,49.296478],[-123.1528535,49.2976483],[-123.1540777,49.2981322],[-123.1550386,49.2981595],[-123.1562172,49.2980151],[-123.1568288,49.2980999],[-123.1575743,49.29907],[-123.1572723,49.3002128],[-123.1567495,49.3006133]]}},{"type":"Feature","properties":{"name":"Hornby","class":"Bikeway","width":3,"source":"cov-bikeways","type":"Bikeway"},"geometry":{"type":"LineString","coordinates":[[-123.1189252,49.2845297],[-123.1200828,49.2837645]]}},{"type":"Feature","properties":{"name":"York","class":"Bikeway","width":3,"source":"cov-bikeways","type":"Bikeway"},"geometry":{"type":"LineString","coordinates":[[-123.1621179,49.2718094],[-123.1607496,49.271788]]}},{"type":"Feature","properties":{"name":"Cambie","class":"Bikeway","width":3,"source":"cov-bikeways","type":"Bikeway"},"geometry":{"type":"LineString","coordinates":[[-123.109119,49.2835187],[-123.109183,49.2833683]]}},{"type":"Feature","properties":{"name":"Seaside","class":"Bikeway","width":3,"source":"cov-bikeways","type":"Bikeway"},"geometry":{"type":"LineString","coordinates":[[-123.1480088,49.2768811],[-123.1476391,49.2768167]]}},{"type":"Feature","properties":{"name":"Dunsmuir","class":"Bikeway","width":3,"source":"cov-bikeways","type":"Bikeway"},"geometry":{"type":"LineString","coordinates":[[-123.1149347,49.2826686],[-123.1154202,49.2829824]]}},{"type":"Feature","properties":{"name":"Cypress","class":"Bikeway","width":3,"source":"cov-bikeways","type":"Bikeway"},"geometry":{"type":"LineString","coordinates":[[-123.1479184,49.2693767],[-123.1479335,49.2689361]]}},{"type":"Feature","properties":{"name":"Hastings","class":"Bikeway","width":3,"source":"cov-bikeways","type":"Bikeway"},"geometry":{"type":"LineString","coordinates":[[-123.125841,49.2897032],[-123.1268026,49.2899837]]}},{"type":"Feature","properties":{"name":"Seaside Bypass","class":"Bikeway","width":3,"source":"cov-bikeways","type":"Bikeway"},"geometry":{"type":"LineString","coordinates":[[-123.1476943,49.2753342],[-123.150093,49.275373]]}},{"type":"Feature","properties":{"name":"Dunsmuir","class":"Bikeway","width":3,"source":"cov-bikeways","type":"Bikeway"},"geometry":{"type":"LineString","coordinates":[[-123.114215,49.2822034],[-123.1144493,49.2823547]]}},{"type":"Feature","properties":{"name":"Seaside Bypass","class":"Bikeway","width":3,"source":"cov-bikeways","type":"Bikeway"},"geometry":{"type":"LineString","coordinates":[[-123.1414928,49.2708958],[-123.1415467,49.2708747],[-123.1415892,49.2708511],[-123.1416326,49.2708167],[-123.1416627,49.2707813],[-123.1416797,49.2707508],[-123.1416908,49.2707151],[-123.1416967,49.2706016]]}},{"type":"Feature","properties":{"name":"Chilco","class":"Bikeway","width":3,"source":"cov-bikeways","type":"Bikeway"},"geometry":{"type":"LineString","coordinates":[[-123.1386783,49.2931953],[-123.1389239,49.2930373]]}},{"type":"Feature","properties":{"name":"Seaside","class":"Bikeway","width":3,"source":"cov-bikeways","type":"Bikeway"},"geometry":{"type":"LineString","coordinates":[[-123.1485651,49.2944599],[-123.1484247,49.2942667],[-123.1483802,49.2942542],[-123.1483293,49.2942543],[-123.1482753,49.2942669],[-123.1479771,49.2944273],[-123.1479806,49.2945396],[-123.1479712,49.2945916],[-123.1479618,49.2946248],[-123.147949,49.2946498],[-123.1479142,49.2946665],[-123.1478761,49.2946789],[-123.1477999,49.2947164],[-123.1477746,49.2947435],[-123.1476667,49.2948122],[-123.1474288,49.2949393],[-123.1469464,49.2951623],[-123.146502,49.29535],[-123.1462862,49.2954251],[-123.1461051,49.295469],[-123.145994,49.2954836]]}},{"type":"Feature","properties":{"name":"Seaside","class":"Bikeway","width":3,"source":"cov-bikeways","type":"Bikeway"},"geometry":{"type":"LineString","coordinates":[[-123.1260869,49.2710407],[-123.1260406,49.2710744],[-123.1255604,49.2714564],[-123.1249872,49.2719066],[-123.1248271,49.2720459],[-123.1247427,49.2720899]]}},{"type":"Feature","properties":{"name":"Adanac","class":"Bikeway","width":3,"source":"cov-bikeways","type":"Bikeway"},"geometry":{"type":"LineString","coordinates":[[-123.1021247,49.2776424],[-123.1029857,49.2776001],[-123.1031262,49.2775973],[-123.1032184,49.2775993],[-123.1034173,49.2776146],[-123.1036441,49.2776492],[-123.1039406,49.2776819],[-123.1040954,49.277709]]}},{"type":"Feature","properties":{"name":"Burrard","class":"Bikeway","width":3,"source":"cov-bikeways","type":"Bikeway"},"geometry":{"type":"LineString","coordinates":[[-123.1259961,49.2811873],[-123.1263282,49.2809677]]}},{"type":"Feature","properties":{"name":"Seaside","class":"Bikeway","width":3,"source":"cov-bikeways","type":"Bikeway"},"geometry":{"type":"LineString","coordinates":[[-123.1472544,49.2909497],[-123.1471854,49.2909182],[-123.1470593,49.2908515],[-123.1469608,49.2908072],[-123.1467227,49.2907163],[-123.1465031,49.2906437],[-123.1463366,49.2906013],[-123.1462126,49.2905769],[-123.1460446,49.2905257],[-123.1459147,49.2904722],[-123.1455785,49.2903067]]}},{"type":"Feature","properties":{"name":"Dunsmuir","class":"Bikeway","width":3,"source":"cov-bikeways","type":"Bikeway"},"geometry":{"type":"LineString","coordinates":[[-123.1145876,49.2824442],[-123.1149347,49.2826686]]}},{"type":"Feature","properties":{"name":"Homer","class":"Bikeway","width":3,"source":"cov-bikeways","type":"Bikeway"},"geometry":{"type":"LineString","coordinates":[[-123.1216724,49.276307],[-123.1206415,49.2769877]]}},{"type":"Feature","properties":{"name":"Beatty","class":"Bikeway","width":3,"source":"cov-bikeways","type":"Bikeway"},"geometry":{"type":"LineString","coordinates":[[-123.1144567,49.2772672],[-123.1155765,49.2765266]]}},{"type":"Feature","properties":{"name":"Seaside","class":"Bikeway","width":3,"source":"cov-bikeways","type":"Bikeway"},"geometry":{"type":"LineString","coordinates":[[-123.140613,49.3131817],[-123.1406925,49.3131968],[-123.1408706,49.3132565],[-123.1409197,49.3132811],[-123.1409664,49.3133099],[-123.1410406,49.3133699],[-123.1410785,49.3134092],[-123.1411203,49.3134628],[-123.141149,49.313509],[-123.1411736,49.3135575],[-123.1412033,49.3136341],[-123.1412864,49.3139362],[-123.1413233,49.3139932],[-123.1413829,49.3140345],[-123.1414475,49.3140444],[-123.1415106,49.3140418],[-123.1415679,49.3140354],[-123.1420532,49.3139593],[-123.142413,49.3139566],[-123.1426249,49.3139348],[-123.1428233,49.3138815],[-123.1432649,49.3137385],[-123.1435266,49.3136857],[-123.1438042,49.3136802],[-123.1440729,49.3136792],[-123.1443316,49.3136313],[-123.1450101,49.3134632],[-123.1451721,49.3134361],[-123.145339,49.313429],[-123.1455022,49.3134073],[-123.145649,49.3133672],[-123.1457208,49.3133069],[-123.1458837,49.3132157],[-123.1463617,49.3131208],[-123.1469639,49.3130845],[-123.1472548,49.3130443],[-123.1480134,49.3128473],[-123.148494,49.3127872],[-123.1491136,49.3126433],[-123.1493553,49.3126231],[-123.1496272,49.3126285],[-123.1498498,49.3125894],[-123.1500483,49.3125171],[-123.1502605,49.312387],[-123.1506079,49.3122062],[-123.1509441,49.3120891],[-123.1513649,49.3119033],[-123.1517362,49.3116736],[-123.1521109,49.3113604],[-123.1523952,49.3112401],[-123.1524512,49.3108957],[-123.1524084,49.3104929],[-123.1524266,49.3103284],[-123.1525147,49.3101678],[-123.152709,49.3100062],[-123.1530351,49.3098809],[-123.1533144,49.3098036],[-123.1535142,49.3097322],[-123.1536694,49.3096327],[-123.1540647,49.3094088],[-123.1541771,49.3093144],[-123.1542462,49.3091836],[-123.1544229,49.3089856],[-123.1546215,49.3088116],[-123.1548404,49.3086631],[-123.1550153,49.308563],[-123.1551854,49.3085139],[-123.1553657,49.3085117],[-123.1557095,49.308613],[-123.1559164,49.3086263],[-123.1560473,49.3085811],[-123.1560816,49.3085089],[-123.1560618,49.3083882]]}},{"type":"Feature","properties":{"name":"Haro","class":"Bikeway","width":3,"source":"cov-bikeways","type":"Bikeway"},"geometry":{"type":"LineString","coordinates":[[-123.1250865,49.2828782],[-123.1251287,49.2829668],[-123.1252619,49.2832903],[-123.1253408,49.2834241],[-123.1254407,49.2835518],[-123.1255603,49.283672],[-123.1256982,49.2837834],[-123.1258797,49.2839009]]}},{"type":"Feature","properties":{"name":"Seaside","class":"Bikeway","width":3,"source":"cov-bikeways","type":"Bikeway"},"geometry":{"type":"LineString","coordinates":[[-123.1476391,49.2768167],[-123.1475021,49.2767898],[-123.1461945,49.2767687]]}},{"type":"Feature","properties":{"name":"Pacific","class":"Bikeway","width":3,"source":"cov-bikeways","type":"Bikeway"},"geometry":{"type":"LineString","coordinates":[[-123.1270563,49.2734571],[-123.1268497,49.2733461],[-123.1266424,49.2732583],[-123.1265169,49.2732167]]}},{"type":"Feature","properties":{"name":"Cardero","class":"Bikeway","width":3,"source":"cov-bikeways","type":"Bikeway"},"geometry":{"type":"LineString","coordinates":[[-123.1298717,49.2910421],[-123.1305973,49.2905612]]}},{"type":"Feature","properties":{"name":"Seaside","class":"Bikeway","width":3,"source":"cov-bikeways","type":"Bikeway"},"geometry":{"type":"LineString","coordinates":[[-123.165,49.2727065],[-123.1644468,49.2729477],[-123.1643457,49.2731686]]}},{"type":"Feature","properties":{"name":"Waterfront Rd","class":"Bikeway","width":3,"source":"cov-bikeways","type":"Bikeway"},"geometry":{"type":"LineString","coordinates":[[-123.0995268,49.2840935],[-123.0994002,49.2842705],[-123.0993042,49.2844112],[-123.0992345,49.284521],[-123.0991867,49.2846053],[-123.0991565,49.2846695],[-123.0991394,49.2847191],[-123.0991292,49.2847778],[-123.0991284,49.2848463],[-123.0991417,49.2849039],[-123.0991546,49.284934],[-123.0991725,49.2849644],[-123.09921,49.2850105],[-123.0992619,49.2850563],[-123.0993302,49.2851012],[-123.0994272,49.2851498],[-123.0995401,49.2851982],[-123.0996461,49.2852313],[-123.0997578,49.2852493],[-123.0998416,49.285253],[-123.0999906,49.2852462],[-123.1001051,49.285233],[-123.100207,49.2852104],[-123.100294,49.2851805],[-123.100367,49.2851461],[-123.1004266,49.2851103],[-123.100493,49.2850603],[-123.1006068,49.2849612],[-123.1006452,49.2849196],[-123.1006798,49.2848678],[-123.1006978,49.2848273],[-123.1007125,49.2847654],[-123.1007292,49.2846271],[-123.1007398,49.2844772],[-123.1008681,49.2844498],[-123.1010287,49.2844248],[-123.1011489,49.2844193],[-123.1030411,49.2844454],[-123.1031789,49.2844581],[-123.1033379,49.2844826],[-123.1036585,49.2845466],[-123.1037213,49.2845629],[-123.1110841,49.2866855],[-123.111196,49.2867211],[-123.1113289,49.28677],[-123.11221,49.2871226],[-123.1124452,49.2872135],[-123.1134388,49.2875727],[-123.114082,49.2877734],[-123.1154705,49.2881506]]}},{"type":"Feature","properties":{"name":"Pacific","class":"Bikeway","width":3,"source":"cov-bikeways","type":"Bikeway"},"geometry":{"type":"LineString","coordinates":[[-123.119971,49.2744039],[-123.1196528,49.2744737],[-123.1194695,49.2744999],[-123.1192796,49.2745179]]}},{"type":"Feature","properties":{"name":"Seaside Bypass","class":"Bikeway","width":3,"source":"cov-bikeways","type":"Bikeway"},"geometry":{"type":"LineString","coordinates":[[-123.1431292,49.2706238],[-123.1454991,49.270661]]}},{"type":"Feature","properties":{"name":"Cornwall","class":"Bikeway","width":3,"source":"cov-bikeways","type":"Bikeway"},"geometry":{"type":"LineString","coordinates":[[-123.1454559,49.2724307],[-123.1463776,49.2724397]]}},{"type":"Feature","properties":{"name":"Quebec","class":"Bikeway","width":3,"source":"cov-bikeways","type":"Bikeway"},"geometry":{"type":"LineString","coordinates":[[-123.1019214,49.2749545],[-123.1019841,49.2753376]]}},{"type":"Feature","properties":{"name":"Adanac","class":"Bikeway","width":3,"source":"cov-bikeways","type":"Bikeway"},"geometry":{"type":"LineString","coordinates":[[-123.0990531,49.2776573],[-123.0969578,49.2776184]]}},{"type":"Feature","properties":{"name":"Alberni","class":"Bikeway","width":3,"source":"cov-bikeways","type":"Bikeway"},"geometry":{"type":"LineString","coordinates":[[-123.132799,49.2911622],[-123.1334178,49.2915625]]}},{"type":"Feature","properties":{"name":"Beatty","class":"Bikeway","width":3,"source":"cov-bikeways","type":"Bikeway"},"geometry":{"type":"LineString","coordinates":[[-123.1084552,49.2812384],[-123.1091438,49.2807823]]}},{"type":"Feature","properties":{"name":"Smithe","class":"Bikeway","width":3,"source":"cov-bikeways","type":"Bikeway"},"geometry":{"type":"LineString","coordinates":[[-123.1170321,49.277471],[-123.117382,49.2776959]]}},{"type":"Feature","properties":{"name":"Seaside","class":"Bikeway","width":3,"source":"cov-bikeways","type":"Bikeway"},"geometry":{"type":"LineString","coordinates":[[-123.1197154,49.2728334],[-123.1195211,49.2728641],[-123.1194348,49.272933],[-123.1194151,49.2730259],[-123.1193839,49.2730904],[-123.1193129,49.2731395]]}},{"type":"Feature","properties":{"name":"Seaside","class":"Bikeway","width":3,"source":"cov-bikeways","type":"Bikeway"},"geometry":{"type":"LineString","coordinates":[[-123.1251742,49.2676377],[-123.1250932,49.2676099],[-123.1250083,49.2675875],[-123.1249203,49.2675708],[-123.1248303,49.26756],[-123.124739,49.2675552],[-123.1246454,49.2675559],[-123.1245524,49.2675625],[-123.1244607,49.267575],[-123.1243713,49.2675933],[-123.1242851,49.2676173],[-123.1242029,49.2676466],[-123.1241255,49.267681],[-123.1240535,49.2677202],[-123.123976,49.2677699],[-123.1238926,49.2678153],[-123.1238038,49.2678561],[-123.1237103,49.267892],[-123.1236126,49.267923],[-123.1235114,49.2679485],[-123.1233379,49.2679674],[-123.1229148,49.2680013],[-123.1228431,49.2680141],[-123.1227743,49.2680327],[-123.1227095,49.2680566],[-123.1226496,49.2680856],[-123.1225957,49.2681192],[-123.1225486,49.2681569],[-123.1222851,49.2684125],[-123.1222315,49.268446],[-123.1221718,49.2684748],[-123.1221072,49.2684988],[-123.1220387,49.2685173],[-123.1219672,49.2685303],[-123.1218939,49.2685373],[-123.1218197,49.2685385],[-123.1217452,49.2685324],[-123.1216728,49.2685192],[-123.1216041,49.2684993],[-123.1215406,49.2684731],[-123.1214836,49.2684411],[-123.1214342,49.268404],[-123.1213937,49.2683627],[-123.1213347,49.26827],[-123.1212358,49.2679643],[-123.121203,49.2679153],[-123.1211615,49.2678693],[-123.1211118,49.2678269],[-123.1210547,49.2677887],[-123.1208619,49.2676474]]}},{"type":"Feature","properties":{"name":"Seaside","class":"Bikeway","width":3,"source":"cov-bikeways","type":"Bikeway"},"geometry":{"type":"LineString","coordinates":[[-123.1154705,49.2881506],[-123.1154097,49.2882031],[-123.1140714,49.2894866],[-123.114397,49.2896099],[-123.115227,49.2895819],[-123.1160347,49.2897868],[-123.1163896,49.2899302],[-123.1167461,49.2900609],[-123.1176418,49.2904006],[-123.1181574,49.2900827],[-123.1187307,49.2897963]]}},{"type":"Feature","properties":{"name":"Seaside","class":"Bikeway","width":3,"source":"cov-bikeways","type":"Bikeway"},"geometry":{"type":"LineString","coordinates":[[-123.1550352,49.2727081],[-123.1550955,49.2726954],[-123.1589367,49.2727631],[-123.1590496,49.2727957],[-123.1592854,49.2729185],[-123.1596934,49.2731207]]}},{"type":"Feature","properties":{"name":"Chilco","class":"Bikeway","width":3,"source":"cov-bikeways","type":"Bikeway"},"geometry":{"type":"LineString","coordinates":[[-123.1415687,49.2912732],[-123.1421008,49.2909213]]}},{"type":"Feature","properties":{"name":"Columbia","class":"Bikeway","width":3,"source":"cov-bikeways","type":"Bikeway"},"geometry":{"type":"LineString","coordinates":[[-123.1093808,49.2709842],[-123.1093541,49.2716134]]}},{"type":"Feature","properties":{"name":"Melville/Dunsmuir","class":"Bikeway","width":3,"source":"cov-bikeways","type":"Bikeway"},"geometry":{"type":"LineString","coordinates":[[-123.1241703,49.2878638],[-123.1257427,49.2888808]]}},{"type":"Feature","properties":{"name":"Seaside","class":"Bikeway","width":3,"source":"cov-bikeways","type":"Bikeway"},"geometry":{"type":"LineString","coordinates":[[-123.140405,49.2762837],[-123.1407111,49.276194]]}},{"type":"Feature","properties":{"name":"Quebec","class":"Bikeway","width":3,"source":"cov-bikeways","type":"Bikeway"},"geometry":{"type":"LineString","coordinates":[[-123.1022034,49.271352],[-123.102278,49.2712171]]}},{"type":"Feature","properties":{"name":"Stanley Park","class":"Bikeway","width":3,"source":"cov-bikeways","type":"Bikeway"},"geometry":{"type":"LineString","coordinates":[[-123.1495156,49.2957754],[-123.1492756,49.2958672],[-123.1490232,49.2959076],[-123.1469626,49.2959526],[-123.1466971,49.2960006],[-123.1466348,49.2960286]]}},{"type":"Feature","properties":{"name":"Alberni","class":"Bikeway","width":3,"source":"cov-bikeways","type":"Bikeway"},"geometry":{"type":"LineString","coordinates":[[-123.1312261,49.2901446],[-123.132799,49.2911622]]}},{"type":"Feature","properties":{"name":"Valley","class":"Bikeway","width":3,"source":"cov-bikeways","type":"Bikeway"},"geometry":{"type":"LineString","coordinates":[[-123.1643603,49.2727384],[-123.164377,49.2722871]]}},{"type":"Feature","properties":{"name":"Columbia","class":"Bikeway","width":3,"source":"cov-bikeways","type":"Bikeway"},"geometry":{"type":"LineString","coordinates":[[-123.1094259,49.2679236],[-123.1094231,49.2683761]]}},{"type":"Feature","properties":{"name":"Granville Connector","class":"Bikeway","width":3,"source":"cov-bikeways","type":"Bikeway"},"geometry":{"type":"LineString","coordinates":[[-123.1312117,49.2738307],[-123.1376785,49.2695378]]}},{"type":"Feature","properties":{"name":"York","class":"Bikeway","width":3,"source":"cov-bikeways","type":"Bikeway"},"geometry":{"type":"LineString","coordinates":[[-123.1649457,49.2718903],[-123.165,49.2718911]]}},{"type":"Feature","properties":{"name":"Smithe","class":"Bikeway","width":3,"source":"cov-bikeways","type":"Bikeway"},"geometry":{"type":"LineString","coordinates":[[-123.1224139,49.280953],[-123.1233829,49.2815806]]}},{"type":"Feature","properties":{"name":"Quebec","class":"Bikeway","width":3,"source":"cov-bikeways","type":"Bikeway"},"geometry":{"type":"LineString","coordinates":[[-123.101725,49.2731221],[-123.1017072,49.2737303],[-123.1017078,49.2740287],[-123.1019214,49.2749545]]}},{"type":"Feature","properties":{"name":"Burrard Bridge","class":"Bikeway","width":3,"source":"cov-bikeways","type":"Bikeway"},"geometry":{"type":"LineString","coordinates":[[-123.1323691,49.2769707],[-123.1330807,49.2767279]]}},{"type":"Feature","properties":{"name":"Burrard Bridge","class":"Bikeway","width":3,"source":"cov-bikeways","type":"Bikeway"},"geometry":{"type":"LineString","coordinates":[[-123.1341861,49.2763585],[-123.1357875,49.2758353]]}},{"type":"Feature","properties":{"name":"Seaside","class":"Bikeway","width":3,"source":"cov-bikeways","type":"Bikeway"},"geometry":{"type":"LineString","coordinates":[[-123.1643366,49.2734204],[-123.1643457,49.2731686]]}},{"type":"Feature","properties":{"name":"Beach","class":"Bikeway","width":3,"source":"cov-bikeways","type":"Bikeway"},"geometry":{"type":"LineString","coordinates":[[-123.1383007,49.2804411],[-123.1393794,49.2815056]]}},{"type":"Feature","properties":{"name":"Cypress","class":"Bikeway","width":3,"source":"cov-bikeways","type":"Bikeway"},"geometry":{"type":"LineString","coordinates":[[-123.147901,49.2698174],[-123.1479184,49.2693767]]}},{"type":"Feature","properties":{"name":"Burrard","class":"Bikeway","width":3,"source":"cov-bikeways","type":"Bikeway"},"geometry":{"type":"LineString","coordinates":[[-123.1454991,49.270661],[-123.1454358,49.2717491],[-123.1454186,49.271888],[-123.1453864,49.2720246],[-123.1453576,49.2721085],[-123.1453114,49.2722178],[-123.1452686,49.2723043],[-123.1451874,49.2724277]]}},{"type":"Feature","properties":{"name":"Smithe","class":"Bikeway","width":3,"source":"cov-bikeways","type":"Bikeway"},"geometry":{"type":"LineString","coordinates":[[-123.119943,49.2793548],[-123.1204281,49.2796687]]}},{"type":"Feature","properties":{"name":"Cardero","class":"Bikeway","width":3,"source":"cov-bikeways","type":"Bikeway"},"geometry":{"type":"LineString","coordinates":[[-123.1386647,49.2852177],[-123.1391961,49.2848665]]}},{"type":"Feature","properties":{"name":"Pacific","class":"Bikeway","width":3,"source":"cov-bikeways","type":"Bikeway"},"geometry":{"type":"LineString","coordinates":[[-123.1323691,49.2769707],[-123.1318337,49.2766251]]}},{"type":"Feature","properties":{"name":"Burrard","class":"Bikeway","width":3,"source":"cov-bikeways","type":"Bikeway"},"geometry":{"type":"LineString","coordinates":[[-123.1455468,49.2697796],[-123.1455811,49.2693438]]}},{"type":"Feature","properties":{"name":"Burrard","class":"Bikeway","width":3,"source":"cov-bikeways","type":"Bikeway"},"geometry":{"type":"LineString","coordinates":[[-123.1455811,49.2693438],[-123.1456172,49.2688984]]}},{"type":"Feature","properties":{"name":"Hornby","class":"Bikeway","width":3,"source":"cov-bikeways","type":"Bikeway"},"geometry":{"type":"LineString","coordinates":[[-123.1162803,49.2868699],[-123.1163793,49.2869339],[-123.1170235,49.2871228]]}},{"type":"Feature","properties":{"name":"Chilco","class":"Bikeway","width":3,"source":"cov-bikeways","type":"Bikeway"},"geometry":{"type":"LineString","coordinates":[[-123.1407774,49.2917979],[-123.1410374,49.2916252]]}},{"type":"Feature","properties":{"name":"Seaside Bypass","class":"Bikeway","width":3,"source":"cov-bikeways","type":"Bikeway"},"geometry":{"type":"LineString","coordinates":[[-123.1150857,49.2680415],[-123.1152994,49.267928]]}},{"type":"Feature","properties":{"name":"Drake","class":"Bikeway","width":3,"source":"cov-bikeways","type":"Bikeway"},"geometry":{"type":"LineString","coordinates":[[-123.1307753,49.2780252],[-123.1297551,49.2773656]]}},{"type":"Feature","properties":{"name":"Chilco","class":"Bikeway","width":3,"source":"cov-bikeways","type":"Bikeway"},"geometry":{"type":"LineString","coordinates":[[-123.1394459,49.2926809],[-123.139976,49.2923289]]}},{"type":"Feature","properties":{"name":"Seaside","class":"Bikeway","width":3,"source":"cov-bikeways","type":"Bikeway"},"geometry":{"type":"LineString","coordinates":[[-123.1535403,49.2741156],[-123.1529063,49.2741418],[-123.1525736,49.2741393]]}},{"type":"Feature","properties":{"name":"Beach","class":"Bikeway","width":3,"source":"cov-bikeways","type":"Bikeway"},"geometry":{"type":"LineString","coordinates":[[-123.1418542,49.2831071],[-123.1419439,49.2831763],[-123.1428177,49.2845304]]}},{"type":"Feature","properties":{"name":"Beach","class":"Bikeway","width":3,"source":"cov-bikeways","type":"Bikeway"},"geometry":{"type":"LineString","coordinates":[[-123.1260869,49.2710407],[-123.1269081,49.2715722]]}},{"type":"Feature","properties":{"name":"Cypress","class":"Bikeway","width":3,"source":"cov-bikeways","type":"Bikeway"},"geometry":{"type":"LineString","coordinates":[[-123.1477224,49.2745884],[-123.1477276,49.2744519]]}},{"type":"Feature","properties":{"name":"Cambie","class":"Bikeway","width":3,"source":"cov-bikeways","type":"Bikeway"},"geometry":{"type":"LineString","coordinates":[[-123.1097738,49.2819757],[-123.1099716,49.2815099]]}},{"type":"Feature","properties":{"name":"Seaside","class":"Bikeway","width":3,"source":"cov-bikeways","type":"Bikeway"},"geometry":{"type":"LineString","coordinates":[[-123.1596934,49.2731207],[-123.1596848,49.2733465],[-123.1599686,49.2735414],[-123.1620481,49.2735739]]}},{"type":"Feature","properties":{"name":"Pacific","class":"Bikeway","width":3,"source":"cov-bikeways","type":"Bikeway"},"geometry":{"type":"LineString","coordinates":[[-123.128668,49.2745295],[-123.1289106,49.2746919]]}},{"type":"Feature","properties":{"name":"Seaside","class":"Bikeway","width":3,"source":"cov-bikeways","type":"Bikeway"},"geometry":{"type":"LineString","coordinates":[[-123.1404538,49.2737669],[-123.1401409,49.2738242],[-123.1397143,49.2738442],[-123.1395423,49.2739259],[-123.1394781,49.2740584],[-123.1395578,49.2744084],[-123.1396876,49.2745768]]}},{"type":"Feature","properties":{"name":"Seaside Bypass","class":"Bikeway","width":3,"source":"cov-bikeways","type":"Bikeway"},"geometry":{"type":"LineString","coordinates":[[-123.1374056,49.2687963],[-123.1379937,49.2693459]]}},{"type":"Feature","properties":{"name":"Seaside","class":"Bikeway","width":3,"source":"cov-bikeways","type":"Bikeway"},"geometry":{"type":"LineString","coordinates":[[-123.149014,49.2949824],[-123.1492058,49.2951428],[-123.1494448,49.2953254],[-123.149706,49.2955121],[-123.1497942,49.295561],[-123.1499273,49.2955611],[-123.1500642,49.2956131],[-123.1504208,49.295869]]}},{"type":"Feature","properties":{"name":"Cardero","class":"Bikeway","width":3,"source":"cov-bikeways","type":"Bikeway"},"geometry":{"type":"LineString","coordinates":[[-123.1328208,49.2890902],[-123.1333522,49.2887384]]}},{"type":"Feature","properties":{"name":"Cypress","class":"Bikeway","width":3,"source":"cov-bikeways","type":"Bikeway"},"geometry":{"type":"LineString","coordinates":[[-123.1477276,49.2744519],[-123.1478027,49.2724628]]}},{"type":"Feature","properties":{"name":"Ontario","class":"Bikeway","width":3,"source":"cov-bikeways","type":"Bikeway"},"geometry":{"type":"LineString","coordinates":[[-123.1046764,49.2682898],[-123.1046954,49.2678378]]}},{"type":"Feature","properties":{"name":"Columbia","class":"Bikeway","width":3,"source":"cov-bikeways","type":"Bikeway"},"geometry":{"type":"LineString","coordinates":[[-123.1094231,49.2683761],[-123.109421,49.2688295]]}},{"type":"Feature","properties":{"name":"Stanley Park Trails","class":"Bikeway","width":3,"source":"cov-bikeways","type":"Bikeway"},"geometry":{"type":"LineString","coordinates":[[-123.1567495,49.3006133],[-123.1562709,49.3011851],[-123.1542191,49.3014449],[-123.1537829,49.3016169],[-123.1530447,49.3029887],[-123.1532314,49.3068726],[-123.152362,49.308216],[-123.1514892,49.3084457],[-123.1513151,49.3086458],[-123.1507922,49.3090749],[-123.1500928,49.3089044],[-123.1496552,49.3086194],[-123.1489992,49.3083632],[-123.1481687,49.3081358],[-123.1470765,49.3080801]]}},{"type":"Feature","properties":{"name":"Richards","class":"Bikeway","width":3,"source":"cov-bikeways","type":"Bikeway"},"geometry":{"type":"LineString","coordinates":[[-123.1133653,49.2830716],[-123.1144493,49.2823547]]}},{"type":"Feature","properties":{"name":"Alberni","class":"Bikeway","width":3,"source":"cov-bikeways","type":"Bikeway"},"geometry":{"type":"LineString","coordinates":[[-123.1343716,49.2921804],[-123.1350474,49.2926179]]}},{"type":"Feature","properties":{"name":"Beatty","class":"Bikeway","width":3,"source":"cov-bikeways","type":"Bikeway"},"geometry":{"type":"LineString","coordinates":[[-123.1155765,49.2765266],[-123.1171607,49.2754746]]}},{"type":"Feature","properties":{"name":"Valley","class":"Bikeway","width":3,"source":"cov-bikeways","type":"Bikeway"},"geometry":{"type":"LineString","coordinates":[[-123.16444,49.2705215],[-123.1644549,49.2700955]]}},{"type":"Feature","properties":{"name":"Expo","class":"Bikeway","width":3,"source":"cov-bikeways","type":"Bikeway"},"geometry":{"type":"LineString","coordinates":[[-123.1107137,49.2778532],[-123.1108471,49.277839],[-123.1111813,49.2778436],[-123.1116566,49.277882],[-123.1119018,49.2778525],[-123.1123249,49.2777695],[-123.1132671,49.2773214],[-123.113549,49.2771413],[-123.1137343,49.2769564],[-123.1139262,49.2764994],[-123.1141411,49.2762572],[-123.1143569,49.2760815],[-123.114751,49.2757904]]}},{"type":"Feature","properties":{"name":"Ontario","class":"Bikeway","width":3,"source":"cov-bikeways","type":"Bikeway"},"geometry":{"type":"LineString","coordinates":[[-123.1046954,49.2678378],[-123.1047136,49.2673858]]}},{"type":"Feature","properties":{"name":"Valley","class":"Bikeway","width":3,"source":"cov-bikeways","type":"Bikeway"},"geometry":{"type":"LineString","coordinates":[[-123.164377,49.2722871],[-123.1643914,49.2718821]]}},{"type":"Feature","properties":{"name":"Burrard Bridge","class":"Bikeway","width":3,"source":"cov-bikeways","type":"Bikeway"},"geometry":{"type":"LineString","coordinates":[[-123.1357875,49.2758353],[-123.1359234,49.2757909]]}},{"type":"Feature","properties":{"name":"Seaside","class":"Bikeway","width":3,"source":"cov-bikeways","type":"Bikeway"},"geometry":{"type":"LineString","coordinates":[[-123.145994,49.2954836],[-123.1459113,49.2954837],[-123.1458725,49.295449],[-123.1456079,49.2952908],[-123.1451782,49.295053],[-123.1444345,49.2945791],[-123.1437335,49.2941073],[-123.1433644,49.2939208],[-123.1428617,49.2937551],[-123.1424197,49.2936289],[-123.1414494,49.2937105],[-123.1408632,49.2937436],[-123.1392211,49.293975],[-123.1387349,49.2940278],[-123.1385757,49.2940659],[-123.1384497,49.2940738],[-123.1382574,49.2940055],[-123.1381584,49.2939809],[-123.138071,49.293981],[-123.1375416,49.2941035],[-123.1374387,49.2941738]]}},{"type":"Feature","properties":{"name":"Haro","class":"Bikeway","width":3,"source":"cov-bikeways","type":"Bikeway"},"geometry":{"type":"LineString","coordinates":[[-123.1380696,49.2917911],[-123.1394459,49.2926809]]}},{"type":"Feature","properties":{"name":"Burrard","class":"Bikeway","width":3,"source":"cov-bikeways","type":"Bikeway"},"geometry":{"type":"LineString","coordinates":[[-123.1307753,49.2780252],[-123.1313092,49.2776719]]}},{"type":"Feature","properties":{"name":"Seaside","class":"Bikeway","width":3,"source":"cov-bikeways","type":"Bikeway"},"geometry":{"type":"LineString","coordinates":[[-123.1337401,49.2925947],[-123.1330552,49.2930532]]}},{"type":"Feature","properties":{"name":"Burrard","class":"Bikeway","width":3,"source":"cov-bikeways","type":"Bikeway"},"geometry":{"type":"LineString","coordinates":[[-123.1199915,49.2851587],[-123.1211101,49.2844195]]}},{"type":"Feature","properties":{"name":"Beach","class":"Bikeway","width":3,"source":"cov-bikeways","type":"Bikeway"},"geometry":{"type":"LineString","coordinates":[[-123.1279669,49.2722574],[-123.1280793,49.2723302],[-123.1281176,49.2723593],[-123.1281459,49.2723865],[-123.1281697,49.2724154],[-123.1281986,49.2724668],[-123.1282116,49.2725099],[-123.1282154,49.2725537],[-123.1282053,49.2726137],[-123.128162,49.2727062],[-123.1281448,49.2727621],[-123.1281381,49.2728191],[-123.1281434,49.2728843],[-123.1281539,49.2729245],[-123.1281672,49.2729588],[-123.1281814,49.2729871],[-123.1282108,49.2730321],[-123.1282406,49.273068],[-123.1282751,49.273102],[-123.1283501,49.2731591]]}},{"type":"Feature","properties":{"name":"Comox-Helmcken","class":"Bikeway","width":3,"source":"cov-bikeways","type":"Bikeway"},"geometry":{"type":"LineString","coordinates":[[-123.1275894,49.2801332],[-123.1270547,49.2797874]]}},{"type":"Feature","properties":{"name":"Chestnut","class":"Bikeway","width":3,"source":"cov-bikeways","type":"Bikeway"},"geometry":{"type":"LineString","coordinates":[[-123.1462562,49.2753114],[-123.1462382,49.2757522]]}},{"type":"Feature","properties":{"name":"Haro","class":"Bikeway","width":3,"source":"cov-bikeways","type":"Bikeway"},"geometry":{"type":"LineString","coordinates":[[-123.1394459,49.2926809],[-123.1402489,49.2932008]]}},{"type":"Feature","properties":{"name":"Hastings","class":"Bikeway","width":3,"source":"cov-bikeways","type":"Bikeway"},"geometry":{"type":"LineString","coordinates":[[-123.12842,49.2904554],[-123.1291101,49.2906676],[-123.129223,49.290706],[-123.1293327,49.2907483],[-123.1294735,49.2908103],[-123.1296073,49.2908787],[-123.1297027,49.2909339],[-123.1298717,49.2910421]]}},{"type":"Feature","properties":{"name":"Drake","class":"Bikeway","width":3,"source":"cov-bikeways","type":"Bikeway"},"geometry":{"type":"LineString","coordinates":[[-123.1282972,49.2764243],[-123.1277921,49.2760952]]}},{"type":"Feature","properties":{"name":"Expo","class":"Bikeway","width":3,"source":"cov-bikeways","type":"Bikeway"},"geometry":{"type":"LineString","coordinates":[[-123.114751,49.2757904],[-123.115976,49.2748618]]}},{"type":"Feature","properties":{"name":"Hornby","class":"Bikeway","width":3,"source":"cov-bikeways","type":"Bikeway"},"geometry":{"type":"LineString","coordinates":[[-123.1172891,49.2856109],[-123.1178793,49.2852214]]}},{"type":"Feature","properties":{"name":"Haro","class":"Bikeway","width":3,"source":"cov-bikeways","type":"Bikeway"},"geometry":{"type":"LineString","coordinates":[[-123.1244038,49.2822407],[-123.1246564,49.2824066],[-123.1247511,49.2824794],[-123.124817,49.2825368],[-123.1248973,49.2826167],[-123.1249691,49.2827],[-123.1250318,49.2827865],[-123.1250865,49.2828782]]}},{"type":"Feature","properties":{"name":"Seaside Bypass","class":"Bikeway","width":3,"source":"cov-bikeways","type":"Bikeway"},"geometry":{"type":"LineString","coordinates":[[-123.1365402,49.2680628],[-123.1367195,49.2681916],[-123.1369135,49.2683455],[-123.1370358,49.2684518],[-123.1374056,49.2687963]]}},{"type":"Feature","properties":{"name":"Cypress","class":"Bikeway","width":3,"source":"cov-bikeways","type":"Bikeway"},"geometry":{"type":"LineString","coordinates":[[-123.1478515,49.2711396],[-123.1478684,49.2706988]]}},{"type":"Feature","properties":{"name":"Cypress","class":"Bikeway","width":3,"source":"cov-bikeways","type":"Bikeway"},"geometry":{"type":"LineString","coordinates":[[-123.1476943,49.2753342],[-123.147711,49.2748929]]}},{"type":"Feature","properties":{"name":"Carrall","class":"Bikeway","width":3,"source":"cov-bikeways","type":"Bikeway"},"geometry":{"type":"LineString","coordinates":[[-123.104271,49.2832771],[-123.104293,49.282751]]}},{"type":"Feature","properties":{"name":"Columbia","class":"Bikeway","width":3,"source":"cov-bikeways","type":"Bikeway"},"geometry":{"type":"LineString","coordinates":[[-123.1094308,49.267],[-123.1094307,49.2670196]]}},{"type":"Feature","properties":{"name":"Cambie Bridge","class":"Bikeway","width":3,"source":"cov-bikeways","type":"Bikeway"},"geometry":{"type":"LineString","coordinates":[[-123.1141309,49.2741529],[-123.1141128,49.2741641],[-123.1140946,49.2741673],[-123.114077,49.2741653],[-123.1140641,49.2741596],[-123.1140565,49.2741502],[-123.1140554,49.274139],[-123.114058,49.2741296],[-123.1141663,49.2740241],[-123.1142643,49.2739042],[-123.114281,49.2738997],[-123.1143174,49.2738993],[-123.1146443,49.2739028]]}},{"type":"Feature","properties":{"name":"Chilco","class":"Bikeway","width":3,"source":"cov-bikeways","type":"Bikeway"},"geometry":{"type":"LineString","coordinates":[[-123.1373209,49.2940892],[-123.1378517,49.293737]]}},{"type":"Feature","properties":{"name":"Yukon","class":"Bikeway","width":3,"source":"cov-bikeways","type":"Bikeway"},"geometry":{"type":"LineString","coordinates":[[-123.1135145,49.2679052],[-123.1130523,49.2675073]]}},{"type":"Feature","properties":{"name":"Burnaby","class":"Bikeway","width":3,"source":"cov-bikeways","type":"Bikeway"},"geometry":{"type":"LineString","coordinates":[[-123.13737,49.2829881],[-123.1385485,49.2837513]]}},{"type":"Feature","properties":{"name":"Haro","class":"Bikeway","width":3,"source":"cov-bikeways","type":"Bikeway"},"geometry":{"type":"LineString","coordinates":[[-123.1321696,49.2879728],[-123.1333522,49.2887384]]}},{"type":"Feature","properties":{"name":"Seaside","class":"Bikeway","width":3,"source":"cov-bikeways","type":"Bikeway"},"geometry":{"type":"LineString","coordinates":[[-123.1461945,49.2767687],[-123.1461747,49.2772427]]}},{"type":"Feature","properties":{"name":"Water","class":"Bikeway","width":3,"source":"cov-bikeways","type":"Bikeway"},"geometry":{"type":"LineString","coordinates":[[-123.1095764,49.2844653],[-123.1105418,49.2846382],[-123.1109534,49.2846779]]}},{"type":"Feature","properties":{"name":"Valley","class":"Bikeway","width":3,"source":"cov-bikeways","type":"Bikeway"},"geometry":{"type":"LineString","coordinates":[[-123.164487,49.269203],[-123.1645031,49.2687512]]}},{"type":"Feature","properties":{"name":"Quebec","class":"Bikeway","width":3,"source":"cov-bikeways","type":"Bikeway"},"geometry":{"type":"LineString","coordinates":[[-123.1020792,49.2760705],[-123.1021421,49.2762728],[-123.1022118,49.2764529],[-123.1022859,49.276602]]}},{"type":"Feature","properties":{"name":"Chestnut","class":"Bikeway","width":3,"source":"cov-bikeways","type":"Bikeway"},"geometry":{"type":"LineString","coordinates":[[-123.146331,49.2735288],[-123.1463153,49.2739056]]}},{"type":"Feature","properties":{"name":"3rd Ave","class":"Bikeway","width":3,"source":"cov-bikeways","type":"Bikeway"},"geometry":{"type":"LineString","coordinates":[[-123.164487,49.269203],[-123.165,49.2692109]]}},{"type":"Feature","properties":{"name":"Seaside Bypass","class":"Bikeway","width":3,"source":"cov-bikeways","type":"Bikeway"},"geometry":{"type":"LineString","coordinates":[[-123.1178871,49.2670167],[-123.117948,49.267]]}},{"type":"Feature","properties":{"name":"Alexander","class":"Bikeway","width":3,"source":"cov-bikeways","type":"Bikeway"},"geometry":{"type":"LineString","coordinates":[[-123.0952653,49.2840143],[-123.095,49.2840096]]}},{"type":"Feature","properties":{"name":"Cardero","class":"Bikeway","width":3,"source":"cov-bikeways","type":"Bikeway"},"geometry":{"type":"LineString","coordinates":[[-123.1312261,49.2901446],[-123.1315778,49.2899125]]}},{"type":"Feature","properties":{"name":"Quebec","class":"Bikeway","width":3,"source":"cov-bikeways","type":"Bikeway"},"geometry":{"type":"LineString","coordinates":[[-123.1017281,49.273016],[-123.1017751,49.2724562],[-123.1017959,49.2723081],[-123.1018162,49.27221],[-123.1018418,49.2721123],[-123.1018726,49.2720152],[-123.1019152,49.2719032]]}},{"type":"Feature","properties":{"name":"Beach","class":"Bikeway","width":3,"source":"cov-bikeways","type":"Bikeway"},"geometry":{"type":"LineString","coordinates":[[-123.1344426,49.2766102],[-123.1346227,49.2767868]]}},{"type":"Feature","properties":{"name":"Nelson","class":"Bikeway","width":3,"source":"cov-bikeways","type":"Bikeway"},"geometry":{"type":"LineString","coordinates":[[-123.1200802,49.2773582],[-123.1195259,49.2769999]]}},{"type":"Feature","properties":{"name":"Hornby","class":"Bikeway","width":3,"source":"cov-bikeways","type":"Bikeway"},"geometry":{"type":"LineString","coordinates":[[-123.125632,49.280093],[-123.1265689,49.2794733]]}},{"type":"Feature","properties":{"name":"Burrard","class":"Bikeway","width":3,"source":"cov-bikeways","type":"Bikeway"},"geometry":{"type":"LineString","coordinates":[[-123.1318374,49.2773223],[-123.1320776,49.2771635]]}},{"type":"Feature","properties":{"name":"Chestnut","class":"Bikeway","width":3,"source":"cov-bikeways","type":"Bikeway"},"geometry":{"type":"LineString","coordinates":[[-123.1462743,49.2748702],[-123.1462562,49.2753114]]}},{"type":"Feature","properties":{"name":"Comox-Helmcken","class":"Bikeway","width":3,"source":"cov-bikeways","type":"Bikeway"},"geometry":{"type":"LineString","coordinates":[[-123.1443772,49.2917362],[-123.1439817,49.2914427],[-123.1435875,49.2911875]]}},{"type":"Feature","properties":{"name":"York","class":"Bikeway","width":3,"source":"cov-bikeways","type":"Bikeway"},"geometry":{"type":"LineString","coordinates":[[-123.1607496,49.271788],[-123.1597443,49.2717722]]}},{"type":"Feature","properties":{"name":"Drake","class":"Bikeway","width":3,"source":"cov-bikeways","type":"Bikeway"},"geometry":{"type":"LineString","coordinates":[[-123.1282972,49.2764243],[-123.1287837,49.2767374]]}},{"type":"Feature","properties":{"name":"Burrard","class":"Bikeway","width":3,"source":"cov-bikeways","type":"Bikeway"},"geometry":{"type":"LineString","coordinates":[[-123.1211101,49.2844195],[-123.1217391,49.2840038]]}},{"type":"Feature","properties":{"name":"Keefer","class":"Bikeway","width":3,"source":"cov-bikeways","type":"Bikeway"},"geometry":{"type":"LineString","coordinates":[[-123.102216,49.2792735],[-123.1024773,49.2792113],[-123.1044394,49.2792457]]}},{"type":"Feature","properties":{"name":"Yukon","class":"Bikeway","width":3,"source":"cov-bikeways","type":"Bikeway"},"geometry":{"type":"LineString","coordinates":[[-123.112727,49.2670812],[-123.1127306,49.267]]}},{"type":"Feature","properties":{"name":"Dunsmuir","class":"Bikeway","width":3,"source":"cov-bikeways","type":"Bikeway"},"geometry":{"type":"LineString","coordinates":[[-123.1178897,49.2845797],[-123.1183743,49.284894]]}},{"type":"Feature","properties":{"name":"Homer","class":"Bikeway","width":3,"source":"cov-bikeways","type":"Bikeway"},"geometry":{"type":"LineString","coordinates":[[-123.1232664,49.2752517],[-123.1216724,49.276307]]}},{"type":"Feature","properties":{"name":"Stanley Park","class":"Bikeway","width":3,"source":"cov-bikeways","type":"Bikeway"},"geometry":{"type":"LineString","coordinates":[[-123.1375905,49.2979117],[-123.1373443,49.2977831],[-123.1372126,49.2976867],[-123.137088,49.2975862],[-123.1369707,49.2974821],[-123.1368609,49.2973745],[-123.136759,49.2972637],[-123.136665,49.2971499],[-123.1365794,49.2970333],[-123.1364419,49.2968218],[-123.136391,49.2967269],[-123.1363497,49.2966301],[-123.1363181,49.2965316],[-123.1362964,49.2964321],[-123.1362846,49.2963318],[-123.1362829,49.2962312],[-123.1362912,49.2961308],[-123.1363096,49.296031],[-123.1363378,49.2959321],[-123.1366336,49.2954201],[-123.136687,49.2953331],[-123.1367303,49.2952437],[-123.1367583,49.2951655],[-123.1367852,49.2950597],[-123.1367957,49.2948587]]}},{"type":"Feature","properties":{"name":"Beach","class":"Bikeway","width":3,"source":"cov-bikeways","type":"Bikeway"},"geometry":{"type":"LineString","coordinates":[[-123.1341861,49.2763585],[-123.1343383,49.2765079]]}},{"type":"Feature","properties":{"name":"Smithe","class":"Bikeway","width":3,"source":"cov-bikeways","type":"Bikeway"},"geometry":{"type":"LineString","coordinates":[[-123.1159897,49.2767943],[-123.1165452,49.277156]]}},{"type":"Feature","properties":{"name":"Quebec","class":"Bikeway","width":3,"source":"cov-bikeways","type":"Bikeway"},"geometry":{"type":"LineString","coordinates":[[-123.1019152,49.2719032],[-123.1019496,49.2718236],[-123.1019958,49.2717292],[-123.1022034,49.271352]]}},{"type":"Feature","properties":{"name":"Expo","class":"Bikeway","width":3,"source":"cov-bikeways","type":"Bikeway"},"geometry":{"type":"LineString","coordinates":[[-123.1061475,49.2780554],[-123.1064182,49.2781228],[-123.1066735,49.2782076],[-123.1069137,49.2783094],[-123.1073825,49.2785576],[-123.1075045,49.2786093],[-123.1076198,49.2786476]]}},{"type":"Feature","properties":{"name":"Seaside","class":"Bikeway","width":3,"source":"cov-bikeways","type":"Bikeway"},"geometry":{"type":"LineString","coordinates":[[-123.1147507,49.2732771],[-123.1146605,49.2732803],[-123.1142983,49.2731828],[-123.1139019,49.2730881],[-123.1137573,49.2730784],[-123.1136327,49.2730817],[-123.113423,49.2731057],[-123.113286,49.2731391],[-123.1131679,49.2731737],[-123.1130478,49.2732202],[-123.1121319,49.2736572],[-123.11166,49.2738927],[-123.1114851,49.2739755],[-123.1114587,49.2740241],[-123.1114366,49.274083],[-123.111395,49.2741433],[-123.1105829,49.274499],[-123.1105185,49.2745474],[-123.110486,49.2746486],[-123.1104721,49.2746679],[-123.1104535,49.2746856],[-123.1104044,49.2747136],[-123.1103439,49.2747297],[-123.1102788,49.274732],[-123.1099826,49.2747048],[-123.1099373,49.274707],[-123.1098733,49.2747194],[-123.1098127,49.274741]]}},{"type":"Feature","properties":{"name":"Chestnut","class":"Bikeway","width":3,"source":"cov-bikeways","type":"Bikeway"},"geometry":{"type":"LineString","coordinates":[[-123.1462935,49.2744285],[-123.1462743,49.2748702]]}},{"type":"Feature","properties":{"name":"Seaside","class":"Bikeway","width":3,"source":"cov-bikeways","type":"Bikeway"},"geometry":{"type":"LineString","coordinates":[[-123.1485651,49.2944599],[-123.1491143,49.2942742],[-123.1491682,49.294247],[-123.1493775,49.2940763],[-123.1496055,49.2938495],[-123.1497005,49.2937018],[-123.1497377,49.2933983],[-123.1497406,49.2933276],[-123.1497562,49.2932382],[-123.1497592,49.2931613],[-123.1497525,49.2930698],[-123.1497205,49.2929867],[-123.1495866,49.2928207],[-123.1494303,49.2926462],[-123.1490162,49.2923142],[-123.1482176,49.2916525]]}},{"type":"Feature","properties":{"name":"Seaside","class":"Bikeway","width":3,"source":"cov-bikeways","type":"Bikeway"},"geometry":{"type":"LineString","coordinates":[[-123.1500226,49.2772321],[-123.1480088,49.2768811]]}},{"type":"Feature","properties":{"name":"Seaside","class":"Bikeway","width":3,"source":"cov-bikeways","type":"Bikeway"},"geometry":{"type":"LineString","coordinates":[[-123.1330552,49.2930532],[-123.132377,49.2935165]]}},{"type":"Feature","properties":{"name":"Rolston","class":"Bikeway","width":3,"source":"cov-bikeways","type":"Bikeway"},"geometry":{"type":"LineString","coordinates":[[-123.1307543,49.2740388],[-123.1302152,49.2741726],[-123.1294194,49.274355],[-123.1289106,49.2746919]]}},{"type":"Feature","properties":{"name":"Pacific","class":"Bikeway","width":3,"source":"cov-bikeways","type":"Bikeway"},"geometry":{"type":"LineString","coordinates":[[-123.1279569,49.2740534],[-123.1284338,49.2743727]]}},{"type":"Feature","properties":{"name":"Columbia","class":"Bikeway","width":3,"source":"cov-bikeways","type":"Bikeway"},"geometry":{"type":"LineString","coordinates":[[-123.1094186,49.2692956],[-123.1094162,49.2698248]]}},{"type":"Feature","properties":{"name":"Richards","class":"Bikeway","width":3,"source":"cov-bikeways","type":"Bikeway"},"geometry":{"type":"LineString","coordinates":[[-123.125831,49.274825],[-123.12748,49.2737347]]}},{"type":"Feature","properties":{"name":"Drake","class":"Bikeway","width":3,"source":"cov-bikeways","type":"Bikeway"},"geometry":{"type":"LineString","coordinates":[[-123.1248605,49.2741963],[-123.1253452,49.2745103]]}},{"type":"Feature","properties":{"name":"Hornby","class":"Bikeway","width":3,"source":"cov-bikeways","type":"Bikeway"},"geometry":{"type":"LineString","coordinates":[[-123.1217907,49.2826345],[-123.1224887,49.2821724]]}},{"type":"Feature","properties":{"name":"Seaside","class":"Bikeway","width":3,"source":"cov-bikeways","type":"Bikeway"},"geometry":{"type":"LineString","coordinates":[[-123.1500604,49.2762551],[-123.1500417,49.2767417]]}},{"type":"Feature","properties":{"name":"Pacific","class":"Bikeway","width":3,"source":"cov-bikeways","type":"Bikeway"},"geometry":{"type":"LineString","coordinates":[[-123.1130039,49.2748537],[-123.112689,49.2749933],[-123.1115334,49.2755183],[-123.1098702,49.2763329],[-123.1097137,49.2764056],[-123.1095534,49.2764748],[-123.1093897,49.2765403],[-123.1092224,49.276602],[-123.108987,49.2766806]]}},{"type":"Feature","properties":{"name":"Seaside","class":"Bikeway","width":3,"source":"cov-bikeways","type":"Bikeway"},"geometry":{"type":"LineString","coordinates":[[-123.1031968,49.2755784],[-123.1031946,49.2753714],[-123.1030682,49.2752925],[-123.1029045,49.2751456],[-123.1027735,49.2750033],[-123.1026367,49.2747963],[-123.1025767,49.2746754],[-123.1025246,49.2745523],[-123.1024916,49.274424],[-123.1024715,49.2743145],[-123.102469,49.2742509],[-123.1024701,49.2740245],[-123.1024451,49.2739004],[-123.1023187,49.2736846],[-123.1022752,49.2735124],[-123.1022871,49.2732904],[-123.102292,49.2731343]]}},{"type":"Feature","properties":{"name":"Beach","class":"Bikeway","width":3,"source":"cov-bikeways","type":"Bikeway"},"geometry":{"type":"LineString","coordinates":[[-123.1354328,49.2775813],[-123.1371372,49.2792792]]}},{"type":"Feature","properties":{"name":"Seaside","class":"Bikeway","width":3,"source":"cov-bikeways","type":"Bikeway"},"geometry":{"type":"LineString","coordinates":[[-123.1284314,49.2918804],[-123.1271267,49.2927496],[-123.1272848,49.2928505],[-123.1275087,49.2927009],[-123.1287498,49.2931002],[-123.1294896,49.2935789],[-123.1305761,49.2928591],[-123.1307825,49.2928609],[-123.1312842,49.2931837],[-123.1313866,49.2931158],[-123.1320846,49.2935674]]}},{"type":"Feature","properties":{"name":"Hornby","class":"Bikeway","width":3,"source":"cov-bikeways","type":"Bikeway"},"geometry":{"type":"LineString","coordinates":[[-123.1158274,49.2865771],[-123.116328,49.2862461]]}},{"type":"Feature","properties":{"name":"Smithe","class":"Bikeway","width":3,"source":"cov-bikeways","type":"Bikeway"},"geometry":{"type":"LineString","coordinates":[[-123.1175172,49.2777835],[-123.1180022,49.2780978]]}},{"type":"Feature","properties":{"name":"Seaside","class":"Bikeway","width":3,"source":"cov-bikeways","type":"Bikeway"},"geometry":{"type":"LineString","coordinates":[[-123.1195667,49.2983116],[-123.1190507,49.2982413],[-123.1186388,49.2981913],[-123.1181836,49.2981593],[-123.1180391,49.2981556],[-123.1178828,49.2981881],[-123.1177761,49.2982361],[-123.1176032,49.2983376],[-123.1174336,49.2984251],[-123.1173482,49.2984991],[-123.1172322,49.2986245],[-123.1171434,49.2987366],[-123.1170855,49.2988553],[-123.1170413,49.2989784],[-123.1170319,49.2990821],[-123.1169669,49.2993659],[-123.1169194,49.2995136],[-123.1168547,49.2996682],[-123.1167317,49.3001722],[-123.1167192,49.3003423],[-123.116723,49.3004082],[-123.1167516,49.3005295],[-123.1168077,49.3006151],[-123.1168992,49.300682],[-123.1169606,49.3007168],[-123.1171745,49.3007477],[-123.1172793,49.300714],[-123.1174137,49.3006633],[-123.1175323,49.300583],[-123.117781,49.3002877],[-123.117854,49.3001736],[-123.1179329,49.3000584],[-123.1180908,49.299899],[-123.1183794,49.2997382],[-123.1185632,49.2996424],[-123.118749,49.2995795],[-123.1189231,49.2995371],[-123.1191092,49.2995019],[-123.1193704,49.299499],[-123.1196416,49.2995273],[-123.120087,49.2995863],[-123.1204296,49.2996416],[-123.1211859,49.2997521],[-123.121687,49.2998927],[-123.1240782,49.300813],[-123.1243734,49.300933],[-123.1247976,49.3011747],[-123.1252596,49.3015211],[-123.1261284,49.3022617],[-123.1261939,49.3023225],[-123.1262534,49.3023652],[-123.1263129,49.3024026],[-123.1264317,49.3024543],[-123.1265764,49.3025007],[-123.1267882,49.3025341],[-123.1269842,49.3025235],[-123.1271504,49.3024936],[-123.1274096,49.3024532],[-123.1276232,49.3024348],[-123.1279439,49.3024371],[-123.1281439,49.3024601],[-123.1288072,49.3025565],[-123.1294527,49.3027429],[-123.1296444,49.3027907]]}},{"type":"Feature","properties":{"name":"Chilco","class":"Bikeway","width":3,"source":"cov-bikeways","type":"Bikeway"},"geometry":{"type":"LineString","coordinates":[[-123.1410374,49.2916252],[-123.1415687,49.2912732]]}},{"type":"Feature","properties":{"name":"Carrall","class":"Bikeway","width":3,"source":"cov-bikeways","type":"Bikeway"},"geometry":{"type":"LineString","coordinates":[[-123.1044042,49.2800816],[-123.1044394,49.2792457]]}},{"type":"Feature","properties":{"name":"Pacific","class":"Bikeway","width":3,"source":"cov-bikeways","type":"Bikeway"},"geometry":{"type":"LineString","coordinates":[[-123.1146509,49.2742159],[-123.1145932,49.274231],[-123.1141265,49.2744132]]}},{"type":"Feature","properties":{"name":"Beatty","class":"Bikeway","width":3,"source":"cov-bikeways","type":"Bikeway"},"geometry":{"type":"LineString","coordinates":[[-123.112675,49.278445],[-123.113982,49.2775808]]}},{"type":"Feature","properties":{"name":"Granville Connector","class":"Bikeway","width":3,"source":"cov-bikeways","type":"Bikeway"},"geometry":{"type":"MultiLineString","coordinates":[[[-123.140031,49.2670275],[-123.1399263,49.267]],[[-123.1386997,49.267],[-123.1384204,49.2671666]]]}},{"type":"Feature","properties":{"name":"Adanac","class":"Bikeway","width":3,"source":"cov-bikeways","type":"Bikeway"},"geometry":{"type":"LineString","coordinates":[[-123.0969578,49.2776184],[-123.0955383,49.2775902]]}},{"type":"Feature","properties":{"name":"Melville/Dunsmuir","class":"Bikeway","width":3,"source":"cov-bikeways","type":"Bikeway"},"geometry":{"type":"LineString","coordinates":[[-123.1220054,49.2864634],[-123.1241703,49.2878638]]}},{"type":"Feature","properties":{"name":"Valley","class":"Bikeway","width":3,"source":"cov-bikeways","type":"Bikeway"},"geometry":{"type":"LineString","coordinates":[[-123.1644715,49.2696385],[-123.164487,49.269203]]}},{"type":"Feature","properties":{"name":"Stanley Park","class":"Bikeway","width":3,"source":"cov-bikeways","type":"Bikeway"},"geometry":{"type":"LineString","coordinates":[[-123.1466348,49.2960286],[-123.1465519,49.2960659],[-123.1464068,49.2961511],[-123.1460249,49.2964118],[-123.1458415,49.2965021],[-123.1455891,49.2965825],[-123.1450566,49.2966845],[-123.1445489,49.2967539],[-123.1442734,49.2967643]]}},{"type":"Feature","properties":{"name":"Alexander","class":"Bikeway","width":3,"source":"cov-bikeways","type":"Bikeway"},"geometry":{"type":"LineString","coordinates":[[-123.097861,49.2840628],[-123.0952653,49.2840143]]}},{"type":"Feature","properties":{"name":"Cambie Bridge","class":"Bikeway","width":3,"source":"cov-bikeways","type":"Bikeway"},"geometry":{"type":"LineString","coordinates":[[-123.1146284,49.267],[-123.1146999,49.2682034]]}},{"type":"Feature","properties":{"name":"Seaside Bypass","class":"Bikeway","width":3,"source":"cov-bikeways","type":"Bikeway"},"geometry":{"type":"LineString","coordinates":[[-123.1108175,49.2697952],[-123.1123818,49.2690268]]}},{"type":"Feature","properties":{"name":"Adanac","class":"Bikeway","width":3,"source":"cov-bikeways","type":"Bikeway"},"geometry":{"type":"LineString","coordinates":[[-123.1040954,49.277709],[-123.1044678,49.2777831],[-123.1050839,49.2778787],[-123.1061475,49.2780554]]}},{"type":"Feature","properties":{"name":"Cardero","class":"Bikeway","width":3,"source":"cov-bikeways","type":"Bikeway"},"geometry":{"type":"LineString","coordinates":[[-123.139728,49.2845148],[-123.1402592,49.2841628]]}},{"type":"Feature","properties":{"name":"Bute","class":"Bikeway","width":3,"source":"cov-bikeways","type":"Bikeway"},"geometry":{"type":"LineString","coordinates":[[-123.1296382,49.2842456],[-123.1301713,49.2838928]]}},{"type":"Feature","properties":{"name":"Pacific","class":"Bikeway","width":3,"source":"cov-bikeways","type":"Bikeway"},"geometry":{"type":"LineString","coordinates":[[-123.1265169,49.2732167],[-123.1264222,49.2731853],[-123.1261915,49.2731276],[-123.1259529,49.2730861],[-123.1259031,49.273081]]}},{"type":"Feature","properties":{"name":"Granville Connector","class":"Bikeway","width":3,"source":"cov-bikeways","type":"Bikeway"},"geometry":{"type":"LineString","coordinates":[[-123.1376785,49.2695378],[-123.1377981,49.2694624],[-123.1379099,49.2693785],[-123.1379911,49.269307],[-123.1380815,49.2692127],[-123.1381446,49.2691338],[-123.1382113,49.2690314],[-123.1382642,49.2689256],[-123.1382962,49.268839],[-123.1383189,49.2687511],[-123.1383298,49.2686847],[-123.1384204,49.2671666]]}},{"type":"Feature","properties":{"name":"Seaside","class":"Bikeway","width":3,"source":"cov-bikeways","type":"Bikeway"},"geometry":{"type":"LineString","coordinates":[[-123.1518529,49.2754016],[-123.1514686,49.2758367]]}},{"type":"Feature","properties":{"name":"York","class":"Bikeway","width":3,"source":"cov-bikeways","type":"Bikeway"},"geometry":{"type":"LineString","coordinates":[[-123.1573741,49.271734],[-123.155004,49.2716959]]}},{"type":"Feature","properties":{"name":"Water","class":"Bikeway","width":3,"source":"cov-bikeways","type":"Bikeway"},"geometry":{"type":"LineString","coordinates":[[-123.1063833,49.283885],[-123.1087774,49.2843192]]}},{"type":"Feature","properties":{"name":"Valley","class":"Bikeway","width":3,"source":"cov-bikeways","type":"Bikeway"},"geometry":{"type":"LineString","coordinates":[[-123.164534,49.267865],[-123.1645421,49.2676418]]}},{"type":"Feature","properties":{"name":"Seaside Bypass","class":"Bikeway","width":3,"source":"cov-bikeways","type":"Bikeway"},"geometry":{"type":"LineString","coordinates":[[-123.1407756,49.2701453],[-123.1407917,49.2697037]]}},{"type":"Feature","properties":{"name":"Seaside","class":"Bikeway","width":3,"source":"cov-bikeways","type":"Bikeway"},"geometry":{"type":"LineString","coordinates":[[-123.1235893,49.2978377],[-123.1232352,49.2977759],[-123.1228281,49.2977552],[-123.1226482,49.2977759],[-123.1224209,49.2978344],[-123.1223317,49.2978627],[-123.1221197,49.2980668],[-123.1220078,49.2981622],[-123.1219052,49.2982316],[-123.1218137,49.2982837],[-123.1214202,49.2984407],[-123.1212263,49.298481],[-123.1210561,49.2984955],[-123.1208286,49.2984828],[-123.1195667,49.2983116]]}},{"type":"Feature","properties":{"name":"Bute","class":"Bikeway","width":3,"source":"cov-bikeways","type":"Bikeway"},"geometry":{"type":"LineString","coordinates":[[-123.1269797,49.2860047],[-123.1275114,49.2856529]]}},{"type":"Feature","properties":{"name":"Yukon","class":"Bikeway","width":3,"source":"cov-bikeways","type":"Bikeway"},"geometry":{"type":"LineString","coordinates":[[-123.1127251,49.2672716],[-123.112727,49.2670812]]}},{"type":"Feature","properties":{"name":"Drake","class":"Bikeway","width":3,"source":"cov-bikeways","type":"Bikeway"},"geometry":{"type":"LineString","coordinates":[[-123.1292696,49.2770516],[-123.1297551,49.2773656]]}},{"type":"Feature","properties":{"name":"Stanley Park","class":"Bikeway","width":3,"source":"cov-bikeways","type":"Bikeway"},"geometry":{"type":"LineString","coordinates":[[-123.1367957,49.2948587],[-123.1367871,49.2947788],[-123.1367661,49.294686],[-123.1367345,49.2945945],[-123.1366924,49.2945049]]}},{"type":"Feature","properties":{"name":"Richards","class":"Bikeway","width":3,"source":"cov-bikeways","type":"Bikeway"},"geometry":{"type":"LineString","coordinates":[[-123.1124054,49.2837064],[-123.1128853,49.283389]]}},{"type":"Feature","properties":{"name":"Hornby","class":"Bikeway","width":3,"source":"cov-bikeways","type":"Bikeway"},"geometry":{"type":"LineString","coordinates":[[-123.116328,49.2862461],[-123.1168091,49.2859283]]}},{"type":"Feature","properties":{"name":"Hornby","class":"Bikeway","width":3,"source":"cov-bikeways","type":"Bikeway"},"geometry":{"type":"LineString","coordinates":[[-123.1168091,49.2859283],[-123.1172891,49.2856109]]}},{"type":"Feature","properties":{"name":"Cardero","class":"Bikeway","width":3,"source":"cov-bikeways","type":"Bikeway"},"geometry":{"type":"LineString","coordinates":[[-123.137602,49.2859222],[-123.1381334,49.2855695]]}},{"type":"Feature","properties":{"name":"Comox-Helmcken","class":"Bikeway","width":3,"source":"cov-bikeways","type":"Bikeway"},"geometry":{"type":"LineString","coordinates":[[-123.1260835,49.2791594],[-123.1265689,49.2794733]]}},{"type":"Feature","properties":{"name":"Cardero","class":"Bikeway","width":3,"source":"cov-bikeways","type":"Bikeway"},"geometry":{"type":"LineString","coordinates":[[-123.1333522,49.2887384],[-123.1338836,49.2883863]]}},{"type":"Feature","properties":{"name":"Georgia","class":"Bikeway","width":3,"source":"cov-bikeways","type":"Bikeway"},"geometry":{"type":"LineString","coordinates":[[-123.1304646,49.2904754],[-123.1294147,49.289796]]}},{"type":"Feature","properties":{"name":"Chilco","class":"Bikeway","width":3,"source":"cov-bikeways","type":"Bikeway"},"geometry":{"type":"LineString","coordinates":[[-123.140507,49.2919774],[-123.1407774,49.2917979]]}},{"type":"Feature","properties":{"name":"Cardero","class":"Bikeway","width":3,"source":"cov-bikeways","type":"Bikeway"},"geometry":{"type":"LineString","coordinates":[[-123.1354777,49.2873308],[-123.1360089,49.2869788]]}},{"type":"Feature","properties":{"name":"Comox-Helmcken","class":"Bikeway","width":3,"source":"cov-bikeways","type":"Bikeway"},"geometry":{"type":"LineString","coordinates":[[-123.1353595,49.285862],[-123.1341806,49.2850984]]}},{"type":"Feature","properties":{"name":"Seaside","class":"Bikeway","width":3,"source":"cov-bikeways","type":"Bikeway"},"geometry":{"type":"LineString","coordinates":[[-123.132377,49.2935165],[-123.1325505,49.2936167],[-123.1326232,49.2936708],[-123.13269,49.293728],[-123.1327898,49.2938448],[-123.1328876,49.2939306],[-123.1330153,49.2939976],[-123.1335217,49.2942068],[-123.1336998,49.2942988],[-123.1338348,49.2944181],[-123.1338906,49.2945094],[-123.1340287,49.2946529],[-123.1342427,49.2947487],[-123.1345772,49.2948296],[-123.1347655,49.2948576],[-123.1353143,49.2948932],[-123.135482,49.2949141],[-123.1356382,49.2949593],[-123.1358224,49.2950668],[-123.1359327,49.2952192]]}},{"type":"Feature","properties":{"name":"Drake","class":"Bikeway","width":3,"source":"cov-bikeways","type":"Bikeway"},"geometry":{"type":"LineString","coordinates":[[-123.1272866,49.2757663],[-123.1277921,49.2760952]]}},{"type":"Feature","properties":{"name":"Smithe","class":"Bikeway","width":3,"source":"cov-bikeways","type":"Bikeway"},"geometry":{"type":"LineString","coordinates":[[-123.1194579,49.2790405],[-123.119943,49.2793548]]}},{"type":"Feature","properties":{"name":"Seaside","class":"Bikeway","width":3,"source":"cov-bikeways","type":"Bikeway"},"geometry":{"type":"LineString","coordinates":[[-123.1461747,49.2772427],[-123.1456932,49.2775318],[-123.1454751,49.2780035],[-123.14523,49.2784636],[-123.1447948,49.2786871],[-123.1442452,49.2787284],[-123.1436836,49.2786649],[-123.1426058,49.2784035],[-123.1421185,49.2781192],[-123.141798,49.2778466],[-123.141134,49.2775121],[-123.1404217,49.2764366],[-123.140405,49.2762837]]}},{"type":"Feature","properties":{"name":"Quebec","class":"Bikeway","width":3,"source":"cov-bikeways","type":"Bikeway"},"geometry":{"type":"LineString","coordinates":[[-123.102278,49.2712171],[-123.1023467,49.2710916],[-123.1024104,49.270958],[-123.1024635,49.2708224],[-123.1025056,49.2706851],[-123.1025275,49.2705928],[-123.1025512,49.2704536],[-123.1025637,49.2703139],[-123.10257,49.270152]]}},{"type":"Feature","properties":{"name":"Seaside Bypass","class":"Bikeway","width":3,"source":"cov-bikeways","type":"Bikeway"},"geometry":{"type":"LineString","coordinates":[[-123.1123818,49.2690268],[-123.1139292,49.2682666]]}},{"type":"Feature","properties":{"name":"Quebec","class":"Bikeway","width":3,"source":"cov-bikeways","type":"Bikeway"},"geometry":{"type":"LineString","coordinates":[[-123.1021313,49.2769899],[-123.1021331,49.2768076]]}},{"type":"Feature","properties":{"name":"Pacific","class":"Bikeway","width":3,"source":"cov-bikeways","type":"Bikeway"},"geometry":{"type":"LineString","coordinates":[[-123.1022859,49.276602],[-123.1023513,49.2765604],[-123.1024868,49.276484],[-123.1027789,49.2763394]]}},{"type":"Feature","properties":{"name":"Cambie","class":"Bikeway","width":3,"source":"cov-bikeways","type":"Bikeway"},"geometry":{"type":"LineString","coordinates":[[-123.1099716,49.2815099],[-123.1104536,49.2811863]]}},{"type":"Feature","properties":{"name":"Cardero","class":"Bikeway","width":3,"source":"cov-bikeways","type":"Bikeway"},"geometry":{"type":"LineString","coordinates":[[-123.1344163,49.2880351],[-123.1347058,49.2878429]]}},{"type":"Feature","properties":{"name":"Cardero","class":"Bikeway","width":3,"source":"cov-bikeways","type":"Bikeway"},"geometry":{"type":"LineString","coordinates":[[-123.1365397,49.2866264],[-123.1370712,49.2862742]]}},{"type":"Feature","properties":{"name":"Cypress","class":"Bikeway","width":3,"source":"cov-bikeways","type":"Bikeway"},"geometry":{"type":"LineString","coordinates":[[-123.14795,49.2684922],[-123.1479666,49.2680536]]}},{"type":"Feature","properties":{"name":"Seaside","class":"Bikeway","width":3,"source":"cov-bikeways","type":"Bikeway"},"geometry":{"type":"LineString","coordinates":[[-123.1296444,49.3027907],[-123.1299055,49.3028558],[-123.1302904,49.3029931],[-123.1306691,49.303179],[-123.130918,49.3034473],[-123.1314845,49.303785],[-123.1314217,49.303952],[-123.1321763,49.3048961],[-123.132627,49.3053978],[-123.1329147,49.3056822],[-123.1330495,49.3058079],[-123.1332268,49.3059959],[-123.1333212,49.3060514],[-123.1336545,49.3061991],[-123.1341678,49.3064392],[-123.1343645,49.306543],[-123.1348424,49.3067596],[-123.1350755,49.3068381],[-123.1352795,49.3068767],[-123.1354142,49.3069076],[-123.1355529,49.3069527],[-123.1356481,49.3070368],[-123.1356939,49.3071028],[-123.1356763,49.3072089],[-123.1356194,49.3073746],[-123.1356098,49.3075028],[-123.1357222,49.3080385],[-123.135794,49.3082326],[-123.1358835,49.308402],[-123.1363701,49.3090098],[-123.1364477,49.3091482],[-123.1365313,49.3092879],[-123.1366133,49.3096166],[-123.136683,49.3097459],[-123.1367862,49.3098726],[-123.1372188,49.3102035],[-123.137318,49.3102991],[-123.1374306,49.3104371]]}},{"type":"Feature","properties":{"name":"Dunsmuir","class":"Bikeway","width":3,"source":"cov-bikeways","type":"Bikeway"},"geometry":{"type":"LineString","coordinates":[[-123.1021258,49.2774985],[-123.1017335,49.2775115],[-123.1014025,49.2775304],[-123.1007177,49.2775545],[-123.1000148,49.2775673],[-123.099817,49.2775638],[-123.0998124,49.2776709]]}},{"type":"Feature","properties":{"name":"Smithe","class":"Bikeway","width":3,"source":"cov-bikeways","type":"Bikeway"},"geometry":{"type":"LineString","coordinates":[[-123.1219285,49.2806366],[-123.1224139,49.280953]]}},{"type":"Feature","properties":{"name":"Nelson","class":"Bikeway","width":3,"source":"cov-bikeways","type":"Bikeway"},"geometry":{"type":"LineString","coordinates":[[-123.1205649,49.2776726],[-123.1200802,49.2773582]]}},{"type":"Feature","properties":{"name":"Dunsmuir","class":"Bikeway","width":3,"source":"cov-bikeways","type":"Bikeway"},"geometry":{"type":"LineString","coordinates":[[-123.1033085,49.2774428],[-123.1034709,49.2774348],[-123.1045536,49.2774955],[-123.1048311,49.2775151],[-123.1050477,49.2775339],[-123.105385,49.2775675],[-123.105732,49.2776149],[-123.1059596,49.2776527],[-123.1063235,49.2777258]]}},{"type":"Feature","properties":{"name":"Smithe","class":"Bikeway","width":3,"source":"cov-bikeways","type":"Bikeway"},"geometry":{"type":"LineString","coordinates":[[-123.1165452,49.277156],[-123.1170321,49.277471]]}},{"type":"Feature","properties":{"name":"Richards","class":"Bikeway","width":3,"source":"cov-bikeways","type":"Bikeway"},"geometry":{"type":"LineString","coordinates":[[-123.1278733,49.2734745],[-123.1283501,49.2731591]]}},{"type":"Feature","properties":{"name":"Drake","class":"Bikeway","width":3,"source":"cov-bikeways","type":"Bikeway"},"geometry":{"type":"LineString","coordinates":[[-123.1236925,49.2734397],[-123.1243105,49.27384]]}},{"type":"Feature","properties":{"name":"Seaside","class":"Bikeway","width":3,"source":"cov-bikeways","type":"Bikeway"},"geometry":{"type":"LineString","coordinates":[[-123.1098127,49.274741],[-123.1097908,49.2747586],[-123.1097778,49.2747848],[-123.1097684,49.2748113],[-123.1097174,49.2750181],[-123.109705,49.2750382],[-123.1096895,49.2750478],[-123.1096592,49.2750568],[-123.1096302,49.2750579],[-123.1092592,49.275021],[-123.1092248,49.2750262],[-123.1091621,49.2750472],[-123.1091355,49.2750625],[-123.109113,49.2750803],[-123.1090953,49.2751003],[-123.1090826,49.2751218],[-123.1090144,49.2752006],[-123.1089601,49.2752373],[-123.1089113,49.2752772],[-123.1088688,49.27532],[-123.1087773,49.2755339],[-123.108688,49.2758248],[-123.1085732,49.2759363],[-123.1083934,49.2760015],[-123.1080105,49.2759997],[-123.1073926,49.2759276],[-123.1071484,49.2759374],[-123.1069494,49.2759332],[-123.1067684,49.2758789],[-123.1065632,49.2757843],[-123.1064394,49.2757502]]}},{"type":"Feature","properties":{"name":"Seaside","class":"Bikeway","width":3,"source":"cov-bikeways","type":"Bikeway"},"geometry":{"type":"LineString","coordinates":[[-123.1400418,49.2710795],[-123.13977,49.2711367]]}},{"type":"Feature","properties":{"name":"Richards","class":"Bikeway","width":3,"source":"cov-bikeways","type":"Bikeway"},"geometry":{"type":"LineString","coordinates":[[-123.1109534,49.2846779],[-123.1114038,49.2843686]]}},{"type":"Feature","properties":{"name":"Cardero","class":"Bikeway","width":3,"source":"cov-bikeways","type":"Bikeway"},"geometry":{"type":"LineString","coordinates":[[-123.1349468,49.2876828],[-123.1354777,49.2873308]]}},{"type":"Feature","properties":{"name":"Beatty","class":"Bikeway","width":3,"source":"cov-bikeways","type":"Bikeway"},"geometry":{"type":"LineString","coordinates":[[-123.1094834,49.2805574],[-123.1105509,49.2798506]]}},{"type":"Feature","properties":{"name":"Cardero","class":"Bikeway","width":3,"source":"cov-bikeways","type":"Bikeway"},"geometry":{"type":"LineString","coordinates":[[-123.1286275,49.2918657],[-123.1284314,49.2918804]]}},{"type":"Feature","properties":{"name":"Alberni","class":"Bikeway","width":3,"source":"cov-bikeways","type":"Bikeway"},"geometry":{"type":"LineString","coordinates":[[-123.1350474,49.2926179],[-123.135945,49.2931989]]}},{"type":"Feature","properties":{"name":"Pender","class":"Bikeway","width":3,"source":"cov-bikeways","type":"Bikeway"},"geometry":{"type":"LineString","coordinates":[[-123.126804,49.2894053],[-123.1274059,49.2895843]]}},{"type":"Feature","properties":{"name":"Valley","class":"Bikeway","width":3,"source":"cov-bikeways","type":"Bikeway"},"geometry":{"type":"LineString","coordinates":[[-123.1643914,49.2718821],[-123.1644086,49.2714043]]}},{"type":"Feature","properties":{"name":"Dunsmuir","class":"Bikeway","width":3,"source":"cov-bikeways","type":"Bikeway"},"geometry":{"type":"LineString","coordinates":[[-123.1164118,49.283624],[-123.1174037,49.284266]]}},{"type":"Feature","properties":{"name":"Chestnut","class":"Bikeway","width":3,"source":"cov-bikeways","type":"Bikeway"},"geometry":{"type":"LineString","coordinates":[[-123.1464162,49.2715244],[-123.1464241,49.2713309]]}},{"type":"Feature","properties":{"name":"Alberni","class":"Bikeway","width":3,"source":"cov-bikeways","type":"Bikeway"},"geometry":{"type":"LineString","coordinates":[[-123.1339786,49.2919254],[-123.1343716,49.2921804]]}},{"type":"Feature","properties":{"name":"Comox-Helmcken","class":"Bikeway","width":3,"source":"cov-bikeways","type":"Bikeway"},"geometry":{"type":"LineString","coordinates":[[-123.1341806,49.2850984],[-123.1328046,49.284208]]}},{"type":"Feature","properties":{"name":"Hornby","class":"Bikeway","width":3,"source":"cov-bikeways","type":"Bikeway"},"geometry":{"type":"LineString","coordinates":[[-123.1183743,49.284894],[-123.1189252,49.2845297]]}},{"type":"Feature","properties":{"name":"Cardero","class":"Bikeway","width":3,"source":"cov-bikeways","type":"Bikeway"},"geometry":{"type":"LineString","coordinates":[[-123.1338836,49.2883863],[-123.1340825,49.2882552]]}},{"type":"Feature","properties":{"name":"Georgia","class":"Bikeway","width":3,"source":"cov-bikeways","type":"Bikeway"},"geometry":{"type":"LineString","coordinates":[[-123.1337401,49.2925947],[-123.1353178,49.2936156]]}},{"type":"Feature","properties":{"name":"Cardero","class":"Bikeway","width":3,"source":"cov-bikeways","type":"Bikeway"},"geometry":{"type":"LineString","coordinates":[[-123.1319624,49.2896583],[-123.132289,49.2894422]]}},{"type":"Feature","properties":{"name":"Central Valley","class":"Bikeway","width":3,"source":"cov-bikeways","type":"Bikeway"},"geometry":{"type":"LineString","coordinates":[[-123.0971516,49.2671733],[-123.0968938,49.267064],[-123.0967014,49.267]]}},{"type":"Feature","properties":{"name":"Burrard","class":"Bikeway","width":3,"source":"cov-bikeways","type":"Bikeway"},"geometry":{"type":"LineString","coordinates":[[-123.1297141,49.2787275],[-123.1302456,49.2783757]]}},{"type":"Feature","properties":{"name":"Central Valley","class":"Bikeway","width":3,"source":"cov-bikeways","type":"Bikeway"},"geometry":{"type":"LineString","coordinates":[[-123.0988302,49.2692168],[-123.0973736,49.2683828]]}},{"type":"Feature","properties":{"name":"Cambie","class":"Bikeway","width":3,"source":"cov-bikeways","type":"Bikeway"},"geometry":{"type":"LineString","coordinates":[[-123.108936,49.2839471],[-123.1089867,49.2838288]]}},{"type":"Feature","properties":{"name":"Richards","class":"Bikeway","width":3,"source":"cov-bikeways","type":"Bikeway"},"geometry":{"type":"LineString","coordinates":[[-123.1226424,49.276934],[-123.1234408,49.2764059]]}},{"type":"Feature","properties":{"name":"Beach","class":"Bikeway","width":3,"source":"cov-bikeways","type":"Bikeway"},"geometry":{"type":"LineString","coordinates":[[-123.1371372,49.2792792],[-123.1383007,49.2804411]]}},{"type":"Feature","properties":{"name":"Pender","class":"Bikeway","width":3,"source":"cov-bikeways","type":"Bikeway"},"geometry":{"type":"LineString","coordinates":[[-123.1075727,49.2810782],[-123.1084552,49.2812384]]}},{"type":"Feature","properties":{"name":"Richards","class":"Bikeway","width":3,"source":"cov-bikeways","type":"Bikeway"},"geometry":{"type":"LineString","coordinates":[[-123.1210501,49.2779874],[-123.1226424,49.276934]]}},{"type":"Feature","properties":{"name":"Beach","class":"Bikeway","width":3,"source":"cov-bikeways","type":"Bikeway"},"geometry":{"type":"LineString","coordinates":[[-123.1423753,49.286879],[-123.1423508,49.2870234],[-123.1424103,49.2876423]]}},{"type":"Feature","properties":{"name":"York","class":"Bikeway","width":3,"source":"cov-bikeways","type":"Bikeway"},"geometry":{"type":"LineString","coordinates":[[-123.155004,49.2716959],[-123.1535315,49.2716729]]}},{"type":"Feature","properties":{"name":"Adanac","class":"Bikeway","width":3,"source":"cov-bikeways","type":"Bikeway"},"geometry":{"type":"LineString","coordinates":[[-123.1021247,49.2776424],[-123.1005634,49.2776857]]}},{"type":"Feature","properties":{"name":"Beach","class":"Bikeway","width":3,"source":"cov-bikeways","type":"Bikeway"},"geometry":{"type":"LineString","coordinates":[[-123.139495,49.2815805],[-123.1406738,49.282344]]}},{"type":"Feature","properties":{"name":"Seaside Bypass","class":"Bikeway","width":3,"source":"cov-bikeways","type":"Bikeway"},"geometry":{"type":"LineString","coordinates":[[-123.1402253,49.271375],[-123.1406335,49.271219]]}},{"type":"Feature","properties":{"name":"Cypress","class":"Bikeway","width":3,"source":"cov-bikeways","type":"Bikeway"},"geometry":{"type":"LineString","coordinates":[[-123.147711,49.2748929],[-123.1477224,49.2745884]]}},{"type":"Feature","properties":{"name":"Cypress","class":"Bikeway","width":3,"source":"cov-bikeways","type":"Bikeway"},"geometry":{"type":"LineString","coordinates":[[-123.1479992,49.2671966],[-123.1480068,49.267]]}},{"type":"Feature","properties":{"name":"Seaside","class":"Bikeway","width":3,"source":"cov-bikeways","type":"Bikeway"},"geometry":{"type":"LineString","coordinates":[[-123.1304844,49.272496],[-123.1305056,49.272455],[-123.130637,49.272362],[-123.1306653,49.2723256],[-123.1306581,49.2722931],[-123.1298049,49.2717383],[-123.1297278,49.2717093],[-123.1296847,49.2717021],[-123.1296443,49.2716978],[-123.1295997,49.2716979],[-123.1295577,49.2717045],[-123.1295273,49.2717159],[-123.1292936,49.2718693],[-123.1292243,49.2718978],[-123.1291615,49.2718823],[-123.1278101,49.2710068]]}},{"type":"Feature","properties":{"name":"Adanac","class":"Bikeway","width":3,"source":"cov-bikeways","type":"Bikeway"},"geometry":{"type":"LineString","coordinates":[[-123.0955383,49.2775902],[-123.095,49.2775805]]}},{"type":"Feature","properties":{"name":"Seaside","class":"Bikeway","width":3,"source":"cov-bikeways","type":"Bikeway"},"geometry":{"type":"LineString","coordinates":[[-123.1359835,49.2694968],[-123.1358058,49.2693699],[-123.1356627,49.2692262],[-123.1356027,49.2690946],[-123.1355755,49.2689584],[-123.1355413,49.2688801],[-123.1354659,49.2688154],[-123.1353543,49.2687416],[-123.1352834,49.2686488],[-123.1351816,49.2685613],[-123.1350423,49.2684998],[-123.1348722,49.2684623],[-123.1345096,49.2684394],[-123.1343802,49.2684117],[-123.1342722,49.2683574],[-123.1341903,49.2683025],[-123.1340958,49.2682571],[-123.1340059,49.2682272],[-123.1339099,49.2682071],[-123.1334904,49.2681741],[-123.1333557,49.2681444],[-123.13325,49.2680822],[-123.1330026,49.2677978],[-123.1329669,49.2677758],[-123.1327764,49.2677615],[-123.132482,49.2677661],[-123.1321316,49.267359],[-123.1316607,49.26715],[-123.131121,49.2672676],[-123.1306498,49.2676015],[-123.1306461,49.2678382],[-123.1306047,49.2679043],[-123.1304989,49.2679223],[-123.1298284,49.267915],[-123.1297056,49.2679909],[-123.1294678,49.2680084],[-123.1290819,49.2679984],[-123.1289638,49.2679777],[-123.1281696,49.2679681],[-123.1280021,49.2679739],[-123.1277532,49.2679079],[-123.127725,49.2681242]]}},{"type":"Feature","properties":{"name":"Seaside","class":"Bikeway","width":3,"source":"cov-bikeways","type":"Bikeway"},"geometry":{"type":"LineString","coordinates":[[-123.1374387,49.2941738],[-123.1373209,49.2940892]]}},{"type":"Feature","properties":{"name":"Carrall","class":"Bikeway","width":3,"source":"cov-bikeways","type":"Bikeway"},"geometry":{"type":"LineString","coordinates":[[-123.1063235,49.2777258],[-123.1063395,49.2776584],[-123.1063499,49.2775835],[-123.1063808,49.2770958]]}},{"type":"Feature","properties":{"name":"Cardero","class":"Bikeway","width":3,"source":"cov-bikeways","type":"Bikeway"},"geometry":{"type":"LineString","coordinates":[[-123.1407944,49.2838124],[-123.1409412,49.2837148]]}},{"type":"Feature","properties":{"name":"Stanley Park","class":"Bikeway","width":3,"source":"cov-bikeways","type":"Bikeway"},"geometry":{"type":"LineString","coordinates":[[-123.1425862,49.3111204],[-123.1426436,49.3111963],[-123.1427408,49.3113369],[-123.1427733,49.3115853],[-123.1428483,49.3120625],[-123.1428607,49.3121315],[-123.1428794,49.3121887],[-123.142912,49.3122443],[-123.1429475,49.3122874],[-123.1430096,49.3123385],[-123.1431241,49.3124041]]}},{"type":"Feature","properties":{"name":"Valley","class":"Bikeway","width":3,"source":"cov-bikeways","type":"Bikeway"},"geometry":{"type":"LineString","coordinates":[[-123.1643457,49.2731686],[-123.1643603,49.2727384]]}},{"type":"Feature","properties":{"name":"Beach","class":"Bikeway","width":3,"source":"cov-bikeways","type":"Bikeway"},"geometry":{"type":"LineString","coordinates":[[-123.1393794,49.2815056],[-123.139495,49.2815805]]}},{"type":"Feature","properties":{"name":"Stanley Park Trails","class":"Bikeway","width":3,"source":"cov-bikeways","type":"Bikeway"},"geometry":{"type":"LineString","coordinates":[[-123.145994,49.2954836],[-123.1466348,49.2960286]]}},{"type":"Feature","properties":{"name":"Burrard","class":"Bikeway","width":3,"source":"cov-bikeways","type":"Bikeway"},"geometry":{"type":"LineString","coordinates":[[-123.1193949,49.285554],[-123.1199915,49.2851587]]}},{"type":"Feature","properties":{"name":"Quebec","class":"Bikeway","width":3,"source":"cov-bikeways","type":"Bikeway"},"geometry":{"type":"LineString","coordinates":[[-123.1026807,49.2697016],[-123.1027012,49.2692044]]}},{"type":"Feature","properties":{"name":"Cardero","class":"Bikeway","width":3,"source":"cov-bikeways","type":"Bikeway"},"geometry":{"type":"LineString","coordinates":[[-123.1286275,49.2918657],[-123.1292888,49.2914283]]}},{"type":"Feature","properties":{"name":"Seaside","class":"Bikeway","width":3,"source":"cov-bikeways","type":"Bikeway"},"geometry":{"type":"LineString","coordinates":[[-123.1208619,49.2676474],[-123.1191266,49.2676196],[-123.1187291,49.2678047],[-123.1187067,49.2684031],[-123.1182599,49.2686806]]}},{"type":"Feature","properties":{"name":"Stanley Park Trails","class":"Bikeway","width":3,"source":"cov-bikeways","type":"Bikeway"},"geometry":{"type":"LineString","coordinates":[[-123.1470765,49.3080801],[-123.1463352,49.3084809],[-123.1461624,49.309138],[-123.1463824,49.3096803],[-123.1468639,49.3100224],[-123.1467786,49.310708],[-123.1459056,49.310909],[-123.1455572,49.3112807],[-123.1453408,49.3119664],[-123.1449082,49.3119387]]}},{"type":"Feature","properties":{"name":"Smithe","class":"Bikeway","width":3,"source":"cov-bikeways","type":"Bikeway"},"geometry":{"type":"LineString","coordinates":[[-123.1189721,49.2787265],[-123.1194579,49.2790405]]}},{"type":"Feature","properties":{"name":"Arbutus Greenway","class":"Bikeway","width":3,"source":"cov-bikeways","type":"Bikeway"},"geometry":{"type":"LineString","coordinates":[[-123.1417346,49.267],[-123.1417039,49.2670962]]}},{"type":"Feature","properties":{"name":"Burrard","class":"Bikeway","width":3,"source":"cov-bikeways","type":"Bikeway"},"geometry":{"type":"LineString","coordinates":[[-123.1455212,49.2702188],[-123.1455468,49.2697796]]}},{"type":"Feature","properties":{"name":"Burrard","class":"Bikeway","width":3,"source":"cov-bikeways","type":"Bikeway"},"geometry":{"type":"LineString","coordinates":[[-123.1320776,49.2771635],[-123.1323691,49.2769707]]}},{"type":"Feature","properties":{"name":"Pender","class":"Bikeway","width":3,"source":"cov-bikeways","type":"Bikeway"},"geometry":{"type":"LineString","coordinates":[[-123.1290251,49.2900537],[-123.1293745,49.2901663],[-123.1304646,49.2904754]]}},{"type":"Feature","properties":{"name":"Seaside Bypass","class":"Bikeway","width":3,"source":"cov-bikeways","type":"Bikeway"},"geometry":{"type":"LineString","coordinates":[[-123.1353167,49.2675192],[-123.1355409,49.2675802],[-123.1356711,49.2676208],[-123.1357979,49.2676658],[-123.135961,49.2677324],[-123.1361166,49.2678063],[-123.1362279,49.2678663],[-123.1363813,49.2679591],[-123.1365402,49.2680628]]}},{"type":"Feature","properties":{"name":"Columbia","class":"Bikeway","width":3,"source":"cov-bikeways","type":"Bikeway"},"geometry":{"type":"LineString","coordinates":[[-123.109421,49.2688295],[-123.1094186,49.2692956]]}},{"type":"Feature","properties":{"name":"Seaside","class":"Bikeway","width":3,"source":"cov-bikeways","type":"Bikeway"},"geometry":{"type":"LineString","coordinates":[[-123.1359327,49.2952192],[-123.1358426,49.2952553],[-123.13576,49.2954912],[-123.1356744,49.2957634],[-123.1356285,49.2958963],[-123.1354374,49.2962132],[-123.1351451,49.2964952],[-123.1350641,49.2965556],[-123.1348369,49.2966966],[-123.1345888,49.2968215],[-123.1344091,49.2968923],[-123.1342246,49.2969331],[-123.1340215,49.29695],[-123.1336675,49.2969739],[-123.1333863,49.2970133],[-123.1331871,49.2970194],[-123.1330206,49.297004],[-123.1325817,49.2969034],[-123.1324805,49.2968899],[-123.1323349,49.2969056],[-123.1322176,49.2969456],[-123.1321639,49.2969967],[-123.1319399,49.2971642],[-123.1317517,49.2972457],[-123.1315629,49.2973487],[-123.1312648,49.2975008],[-123.1309125,49.2976585],[-123.1307061,49.2977106],[-123.1304995,49.2977303],[-123.1303121,49.2977227],[-123.1301143,49.2976841],[-123.1299462,49.2976132],[-123.1298061,49.297522],[-123.1296749,49.297351],[-123.1295913,49.2972141],[-123.1294345,49.2969731],[-123.1292227,49.296706],[-123.1290289,49.296503],[-123.1288604,49.2963407],[-123.1287904,49.2962864],[-123.1286907,49.2962214],[-123.1284451,49.2961186],[-123.128213,49.2960478],[-123.1279304,49.2960151],[-123.1276898,49.2960523],[-123.127542,49.2961427],[-123.1268078,49.2971005],[-123.1266151,49.2972951],[-123.126333,49.2974705],[-123.1260316,49.2976215],[-123.1256089,49.2977454],[-123.1252751,49.2978194],[-123.1249748,49.2978637],[-123.1247247,49.2978835],[-123.1245801,49.2978882],[-123.1244858,49.2978886],[-123.1242408,49.2978763],[-123.124058,49.2979076],[-123.1239182,49.297895],[-123.1235893,49.2978377]]}},{"type":"Feature","properties":{"name":"Richards","class":"Bikeway","width":3,"source":"cov-bikeways","type":"Bikeway"},"geometry":{"type":"LineString","coordinates":[[-123.1161586,49.2812248],[-123.117866,49.2800945]]}},{"type":"Feature","properties":{"name":"Quebec","class":"Bikeway","width":3,"source":"cov-bikeways","type":"Bikeway"},"geometry":{"type":"LineString","coordinates":[[-123.1019841,49.2753376],[-123.1020283,49.2756072],[-123.1020792,49.2760705]]}},{"type":"Feature","properties":{"name":"York","class":"Bikeway","width":3,"source":"cov-bikeways","type":"Bikeway"},"geometry":{"type":"LineString","coordinates":[[-123.1502359,49.2716192],[-123.1478361,49.2715805]]}},{"type":"Feature","properties":{"name":"Beach","class":"Bikeway","width":3,"source":"cov-bikeways","type":"Bikeway"},"geometry":{"type":"LineString","coordinates":[[-123.1424755,49.2883168],[-123.1428993,49.2885912]]}},{"type":"Feature","properties":{"name":"Thurlow","class":"Bikeway","width":3,"source":"cov-bikeways","type":"Bikeway"},"geometry":{"type":"LineString","coordinates":[[-123.1348088,49.277994],[-123.134922,49.2779191]]}},{"type":"Feature","properties":{"name":"Bute","class":"Bikeway","width":3,"source":"cov-bikeways","type":"Bikeway"},"geometry":{"type":"LineString","coordinates":[[-123.132296,49.2824868],[-123.1328274,49.2821352]]}},{"type":"Feature","properties":{"name":"Pender","class":"Bikeway","width":3,"source":"cov-bikeways","type":"Bikeway"},"geometry":{"type":"LineString","coordinates":[[-123.1056063,49.2807204],[-123.1057699,49.2807502]]}},{"type":"Feature","properties":{"name":"Cambie Bridge","class":"Bikeway","width":3,"source":"cov-bikeways","type":"Bikeway"},"geometry":{"type":"LineString","coordinates":[[-123.1146247,49.2742397],[-123.1145916,49.2748722]]}},{"type":"Feature","properties":{"name":"Columbia","class":"Bikeway","width":3,"source":"cov-bikeways","type":"Bikeway"},"geometry":{"type":"LineString","coordinates":[[-123.1093541,49.2716134],[-123.10933,49.2722378]]}},{"type":"Feature","properties":{"name":"Seaside","class":"Bikeway","width":3,"source":"cov-bikeways","type":"Bikeway"},"geometry":{"type":"LineString","coordinates":[[-123.1371449,49.2699066],[-123.1369111,49.2697644],[-123.1367583,49.2697281],[-123.1365971,49.2697418],[-123.1364043,49.2697415],[-123.1362383,49.2696773],[-123.1359835,49.2694968]]}},{"type":"Feature","properties":{"name":"Haro","class":"Bikeway","width":3,"source":"cov-bikeways","type":"Bikeway"},"geometry":{"type":"LineString","coordinates":[[-123.1280428,49.2853012],[-123.1296151,49.2863191]]}},{"type":"Feature","properties":{"name":"Dunsmuir","class":"Bikeway","width":3,"source":"cov-bikeways","type":"Bikeway"},"geometry":{"type":"LineString","coordinates":[[-123.1125075,49.2810978],[-123.1134782,49.2817261]]}},{"type":"Feature","properties":{"name":"Richards","class":"Bikeway","width":3,"source":"cov-bikeways","type":"Bikeway"},"geometry":{"type":"LineString","coordinates":[[-123.1194579,49.2790405],[-123.1210501,49.2779874]]}},{"type":"Feature","properties":{"name":"Seaside Bypass","class":"Bikeway","width":3,"source":"cov-bikeways","type":"Bikeway"},"geometry":{"type":"LineString","coordinates":[[-123.1139292,49.2682666],[-123.1140437,49.26821],[-123.1141646,49.2681703],[-123.1142362,49.2681532],[-123.1143119,49.2681515],[-123.1143967,49.2681554],[-123.1145325,49.2681717],[-123.1146215,49.2681865],[-123.1147459,49.2682133]]}},{"type":"Feature","properties":{"name":"Cambie","class":"Bikeway","width":3,"source":"cov-bikeways","type":"Bikeway"},"geometry":{"type":"LineString","coordinates":[[-123.1089867,49.2838288],[-123.109119,49.2835187]]}},{"type":"Feature","properties":{"name":"Seaside Bypass","class":"Bikeway","width":3,"source":"cov-bikeways","type":"Bikeway"},"geometry":{"type":"LineString","coordinates":[[-123.1406335,49.271219],[-123.1411166,49.2710344]]}},{"type":"Feature","properties":{"name":"Nicola","class":"Bikeway","width":3,"source":"cov-bikeways","type":"Bikeway"},"geometry":{"type":"LineString","coordinates":[[-123.1300438,49.2893796],[-123.1305751,49.289028]]}},{"type":"Feature","properties":{"name":"Pacific","class":"Bikeway","width":3,"source":"cov-bikeways","type":"Bikeway"},"geometry":{"type":"LineString","coordinates":[[-123.1301715,49.275536],[-123.1303841,49.2756783]]}},{"type":"Feature","properties":{"name":"Comox-Helmcken","class":"Bikeway","width":3,"source":"cov-bikeways","type":"Bikeway"},"geometry":{"type":"LineString","coordinates":[[-123.1396836,49.2886618],[-123.1381117,49.2876438]]}},{"type":"Feature","properties":{"name":"York","class":"Bikeway","width":3,"source":"cov-bikeways","type":"Bikeway"},"geometry":{"type":"LineString","coordinates":[[-123.1464162,49.2715244],[-123.1460675,49.2715202],[-123.1459838,49.2715233],[-123.1459051,49.2715325],[-123.1458411,49.2715444],[-123.1457787,49.2715725],[-123.1456966,49.2716409],[-123.1456572,49.27169],[-123.1456465,49.2717083],[-123.1456337,49.2717418],[-123.1456243,49.2717799],[-123.1456113,49.2721191],[-123.1455965,49.2721821],[-123.1455762,49.2722316],[-123.1455426,49.2722904],[-123.1451874,49.2724277]]}},{"type":"Feature","properties":{"name":"Seaside","class":"Bikeway","width":3,"source":"cov-bikeways","type":"Bikeway"},"geometry":{"type":"LineString","coordinates":[[-123.13977,49.2711367],[-123.1394044,49.2712138]]}},{"type":"Feature","properties":{"name":"Pender","class":"Bikeway","width":3,"source":"cov-bikeways","type":"Bikeway"},"geometry":{"type":"LineString","coordinates":[[-123.1084552,49.2812384],[-123.1099716,49.2815099]]}},{"type":"Feature","properties":{"name":"Bute","class":"Bikeway","width":3,"source":"cov-bikeways","type":"Bikeway"},"geometry":{"type":"LineString","coordinates":[[-123.1291059,49.2845978],[-123.1296382,49.2842456]]}},{"type":"Feature","properties":{"name":"Smithe","class":"Bikeway","width":3,"source":"cov-bikeways","type":"Bikeway"},"geometry":{"type":"LineString","coordinates":[[-123.1214215,49.2803113],[-123.1219285,49.2806366]]}},{"type":"Feature","properties":{"name":"Cardero","class":"Bikeway","width":3,"source":"cov-bikeways","type":"Bikeway"},"geometry":{"type":"LineString","coordinates":[[-123.1360089,49.2869788],[-123.1365397,49.2866264]]}},{"type":"Feature","properties":{"name":"Seaside","class":"Bikeway","width":3,"source":"cov-bikeways","type":"Bikeway"},"geometry":{"type":"LineString","coordinates":[[-123.1472544,49.2909497],[-123.1474239,49.2910641],[-123.1481067,49.2916059],[-123.1481695,49.2916768],[-123.1481968,49.2917181],[-123.1482218,49.2917689],[-123.1482446,49.2918235],[-123.1482582,49.2918669],[-123.1482524,49.2919127],[-123.1482579,49.2920103],[-123.148268,49.2921059],[-123.1482361,49.2922819],[-123.1482145,49.2923559],[-123.1481727,49.2924777],[-123.1481255,49.2925813],[-123.1480688,49.2927588],[-123.1480315,49.2928924],[-123.1480189,49.2929871],[-123.1480008,49.2932291],[-123.1480004,49.2933474],[-123.1479797,49.2934726],[-123.1479743,49.2938494],[-123.1479919,49.2939713],[-123.1480299,49.2940909],[-123.1481626,49.29437],[-123.1482368,49.294507],[-123.1483283,49.2946537],[-123.1484583,49.2948045],[-123.148611,49.2949568],[-123.1487204,49.2950527],[-123.1487627,49.2950853],[-123.1487747,49.295088],[-123.1487975,49.2950869],[-123.148827,49.2950747],[-123.149014,49.2949824]]}},{"type":"Feature","properties":{"name":"Seaside","class":"Bikeway","width":3,"source":"cov-bikeways","type":"Bikeway"},"geometry":{"type":"LineString","coordinates":[[-123.1320846,49.2935674],[-123.1322576,49.2934418]]}},{"type":"Feature","properties":{"name":"Pacific","class":"Bikeway","width":3,"source":"cov-bikeways","type":"Bikeway"},"geometry":{"type":"LineString","coordinates":[[-123.1192796,49.2745179],[-123.1191512,49.2745271],[-123.1190222,49.2745318],[-123.1188929,49.2745321],[-123.1187209,49.2745256],[-123.1185077,49.2745065],[-123.1180272,49.2744399]]}},{"type":"Feature","properties":{"name":"Cardero","class":"Bikeway","width":3,"source":"cov-bikeways","type":"Bikeway"},"geometry":{"type":"LineString","coordinates":[[-123.132289,49.2894422],[-123.1328208,49.2890902]]}},{"type":"Feature","properties":{"name":"Stanley Park Causeway","class":"Bikeway","width":3,"source":"cov-bikeways","type":"Bikeway"},"geometry":{"type":"LineString","coordinates":[[-123.1396858,49.3142793],[-123.1406505,49.3132277],[-123.141245,49.3125439],[-123.14319,49.3103746],[-123.1435623,49.3099009],[-123.1438157,49.3095435],[-123.1441093,49.309082],[-123.1442944,49.3087543],[-123.1444268,49.3085001],[-123.1447352,49.3078445],[-123.1448765,49.3074766],[-123.1449716,49.3071906],[-123.145048,49.3069236],[-123.1451045,49.3066938],[-123.1451939,49.306222],[-123.145209,49.3061219],[-123.1452457,49.3057845],[-123.1452622,49.3055192],[-123.1452765,49.305109],[-123.1452651,49.3046626],[-123.1452454,49.3044396],[-123.1452164,49.3042172],[-123.1451782,49.3039953],[-123.1451345,49.3037958]]}},{"type":"Feature","properties":{"name":"Seaside","class":"Bikeway","width":3,"source":"cov-bikeways","type":"Bikeway"},"geometry":{"type":"LineString","coordinates":[[-123.1182599,49.2686806],[-123.1181397,49.2687367],[-123.1181337,49.2689549],[-123.118092,49.2690759],[-123.1179806,49.2691761],[-123.1179214,49.2692457],[-123.1179387,49.2693246],[-123.1179126,49.2694593],[-123.117712,49.2694941],[-123.1175863,49.2695108],[-123.1175484,49.2695909],[-123.1174826,49.2697574],[-123.1173062,49.2698847],[-123.1168839,49.2700233],[-123.1167585,49.2700796],[-123.1164901,49.2702894],[-123.1162705,49.2703878],[-123.11603,49.2704594],[-123.1158378,49.2705781],[-123.115743,49.2706542],[-123.1155563,49.270764],[-123.1153154,49.2708101],[-123.1151751,49.2708151]]}},{"type":"Feature","properties":{"name":"Chilco","class":"Bikeway","width":3,"source":"cov-bikeways","type":"Bikeway"},"geometry":{"type":"LineString","coordinates":[[-123.139976,49.2923289],[-123.140507,49.2919774]]}},{"type":"Feature","properties":{"name":"Cambie Bridge","class":"Bikeway","width":3,"source":"cov-bikeways","type":"Bikeway"},"geometry":{"type":"LineString","coordinates":[[-123.1146443,49.2739028],[-123.1146247,49.2742397]]}},{"type":"Feature","properties":{"name":"Columbia","class":"Bikeway","width":3,"source":"cov-bikeways","type":"Bikeway"},"geometry":{"type":"LineString","coordinates":[[-123.1094279,49.2674715],[-123.1094259,49.2679236]]}},{"type":"Feature","properties":{"name":"Pacific","class":"Bikeway","width":3,"source":"cov-bikeways","type":"Bikeway"},"geometry":{"type":"LineString","coordinates":[[-123.1343871,49.2782728],[-123.1323691,49.2769707]]}},{"type":"Feature","properties":{"name":"Comox-Helmcken","class":"Bikeway","width":3,"source":"cov-bikeways","type":"Bikeway"},"geometry":{"type":"LineString","coordinates":[[-123.1412577,49.2896798],[-123.1401002,49.2889344],[-123.1396836,49.2886618]]}},{"type":"Feature","properties":{"name":"Yukon","class":"Bikeway","width":3,"source":"cov-bikeways","type":"Bikeway"},"geometry":{"type":"LineString","coordinates":[[-123.112972,49.2675386],[-123.1127225,49.2675339],[-123.1127251,49.2672716]]}},{"type":"Feature","properties":{"name":"Valley","class":"Bikeway","width":3,"source":"cov-bikeways","type":"Bikeway"},"geometry":{"type":"LineString","coordinates":[[-123.1645031,49.2687512],[-123.1645186,49.2683169]]}},{"type":"Feature","properties":{"name":"Seaside","class":"Bikeway","width":3,"source":"cov-bikeways","type":"Bikeway"},"geometry":{"type":"LineString","coordinates":[[-123.1482176,49.2916525],[-123.1481157,49.2915644],[-123.1480568,49.2915266],[-123.1478184,49.2913316],[-123.1473621,49.2909789],[-123.1473128,49.2909522],[-123.1472544,49.2909497]]}},{"type":"Feature","properties":{"name":"Carrall","class":"Bikeway","width":3,"source":"cov-bikeways","type":"Bikeway"},"geometry":{"type":"LineString","coordinates":[[-123.1061475,49.2780554],[-123.1062132,49.2779655],[-123.106257,49.277891],[-123.1062928,49.2778148],[-123.1063235,49.2777258]]}},{"type":"Feature","properties":{"name":"Neon","class":"Bikeway","width":3,"source":"cov-bikeways","type":"Bikeway"},"geometry":{"type":"LineString","coordinates":[[-123.128496,49.2756296],[-123.1279732,49.2752919]]}},{"type":"Feature","properties":{"name":"Seaside","class":"Bikeway","width":3,"source":"cov-bikeways","type":"Bikeway"},"geometry":{"type":"LineString","coordinates":[[-123.1514686,49.2758367],[-123.1510843,49.2762716]]}},{"type":"Feature","properties":{"name":"Burrard","class":"Bikeway","width":3,"source":"cov-bikeways","type":"Bikeway"},"geometry":{"type":"LineString","coordinates":[[-123.1456326,49.2675957],[-123.1456298,49.2671584]]}},{"type":"Feature","properties":{"name":"York","class":"Bikeway","width":3,"source":"cov-bikeways","type":"Bikeway"},"geometry":{"type":"LineString","coordinates":[[-123.1535315,49.2716729],[-123.1526352,49.2716588]]}},{"type":"Feature","properties":{"name":"Seaside","class":"Bikeway","width":3,"source":"cov-bikeways","type":"Bikeway"},"geometry":{"type":"LineString","coordinates":[[-123.1550352,49.2727081],[-123.1549967,49.2727799],[-123.1549017,49.273243],[-123.1549106,49.2732887],[-123.1549306,49.2733289],[-123.1549059,49.2733596],[-123.1548323,49.2734075],[-123.1546185,49.273497],[-123.154363,49.2736879],[-123.1542748,49.2738988],[-123.154137,49.2740136],[-123.1540147,49.274075],[-123.1539705,49.274092],[-123.1537811,49.2741067],[-123.1535403,49.2741156]]}},{"type":"Feature","properties":{"name":"Nicola","class":"Bikeway","width":3,"source":"cov-bikeways","type":"Bikeway"},"geometry":{"type":"LineString","coordinates":[[-123.1294147,49.289796],[-123.1300438,49.2893796]]}},{"type":"Feature","properties":{"name":"Pacific","class":"Bikeway","width":3,"source":"cov-bikeways","type":"Bikeway"},"geometry":{"type":"LineString","coordinates":[[-123.1303841,49.2756783],[-123.1308617,49.275998]]}},{"type":"Feature","properties":{"name":"Cypress","class":"Bikeway","width":3,"source":"cov-bikeways","type":"Bikeway"},"geometry":{"type":"LineString","coordinates":[[-123.1476621,49.2762163],[-123.1476779,49.2757754]]}},{"type":"Feature","properties":{"name":"Smithe","class":"Bikeway","width":3,"source":"cov-bikeways","type":"Bikeway"},"geometry":{"type":"LineString","coordinates":[[-123.1155765,49.2765266],[-123.1159897,49.2767943]]}},{"type":"Feature","properties":{"name":"Carrall","class":"Bikeway","width":3,"source":"cov-bikeways","type":"Bikeway"},"geometry":{"type":"LineString","coordinates":[[-123.1042618,49.2834967],[-123.104271,49.2832771]]}},{"type":"Feature","properties":{"name":"Alexander","class":"Bikeway","width":3,"source":"cov-bikeways","type":"Bikeway"},"geometry":{"type":"LineString","coordinates":[[-123.0987793,49.2840808],[-123.097861,49.2840628]]}},{"type":"Feature","properties":{"name":"Hornby","class":"Bikeway","width":3,"source":"cov-bikeways","type":"Bikeway"},"geometry":{"type":"LineString","coordinates":[[-123.1224887,49.2821724],[-123.1233829,49.2815806]]}},{"type":"Feature","properties":{"name":"Burnaby","class":"Bikeway","width":3,"source":"cov-bikeways","type":"Bikeway"},"geometry":{"type":"LineString","coordinates":[[-123.1302456,49.2783757],[-123.1322605,49.2796804]]}},{"type":"Feature","properties":{"name":"Cambie","class":"Bikeway","width":3,"source":"cov-bikeways","type":"Bikeway"},"geometry":{"type":"LineString","coordinates":[[-123.1104536,49.2811863],[-123.110884,49.280901]]}},{"type":"Feature","properties":{"name":"Seaside Bypass","class":"Bikeway","width":3,"source":"cov-bikeways","type":"Bikeway"},"geometry":{"type":"LineString","coordinates":[[-123.1464522,49.2706764],[-123.1478684,49.2706988]]}},{"type":"Feature","properties":{"name":"Burrard Bridge","class":"Bikeway","width":3,"source":"cov-bikeways","type":"Bikeway"},"geometry":{"type":"LineString","coordinates":[[-123.1359234,49.2757909],[-123.1367751,49.2755127],[-123.1396876,49.2745768]]}},{"type":"Feature","properties":{"name":"York","class":"Bikeway","width":3,"source":"cov-bikeways","type":"Bikeway"},"geometry":{"type":"LineString","coordinates":[[-123.1597443,49.2717722],[-123.1573741,49.271734]]}},{"type":"Feature","properties":{"name":"Thurlow","class":"Bikeway","width":3,"source":"cov-bikeways","type":"Bikeway"},"geometry":{"type":"LineString","coordinates":[[-123.1343871,49.2782728],[-123.1348088,49.277994]]}},{"type":"Feature","properties":{"name":"Bute","class":"Bikeway","width":3,"source":"cov-bikeways","type":"Bikeway"},"geometry":{"type":"LineString","coordinates":[[-123.1333593,49.2817832],[-123.133891,49.2814316]]}},{"type":"Feature","properties":{"name":"Cambie Bridge","class":"Bikeway","width":3,"source":"cov-bikeways","type":"Bikeway"},"geometry":{"type":"LineString","coordinates":[[-123.114751,49.2757904],[-123.1148526,49.2760434],[-123.1150824,49.2762164],[-123.1154249,49.2764846],[-123.1155765,49.2765266]]}},{"type":"Feature","properties":{"name":"Seaside","class":"Bikeway","width":3,"source":"cov-bikeways","type":"Bikeway"},"geometry":{"type":"LineString","coordinates":[[-123.1322576,49.2934418],[-123.132377,49.2935165]]}},{"type":"Feature","properties":{"name":"Chilco","class":"Bikeway","width":3,"source":"cov-bikeways","type":"Bikeway"},"geometry":{"type":"LineString","coordinates":[[-123.1378517,49.293737],[-123.1381311,49.2935521]]}},{"type":"Feature","properties":{"name":"Burrard","class":"Bikeway","width":3,"source":"cov-bikeways","type":"Bikeway"},"geometry":{"type":"LineString","coordinates":[[-123.1233339,49.2829485],[-123.1244038,49.2822407]]}},{"type":"Feature","properties":{"name":"Cambie Bridge","class":"Bikeway","width":3,"source":"cov-bikeways","type":"Bikeway"},"geometry":{"type":"LineString","coordinates":[[-123.1146999,49.2682034],[-123.1147469,49.2689937],[-123.1147728,49.2691932],[-123.1148891,49.2695526],[-123.1147687,49.2731581]]}},{"type":"Feature","properties":{"name":"Nicola","class":"Bikeway","width":3,"source":"cov-bikeways","type":"Bikeway"},"geometry":{"type":"LineString","coordinates":[[-123.1290251,49.2900537],[-123.1294147,49.289796]]}},{"type":"Feature","properties":{"name":"Seaside","class":"Bikeway","width":3,"source":"cov-bikeways","type":"Bikeway"},"geometry":{"type":"LineString","coordinates":[[-123.1560618,49.3083882],[-123.1560535,49.3083377],[-123.1561082,49.3082161],[-123.1560249,49.3080675],[-123.1560244,49.3079008],[-123.1559068,49.3077478],[-123.1558716,49.3075518],[-123.1559159,49.3070396],[-123.1560745,49.3062945],[-123.156221,49.3059026],[-123.1563878,49.3058946],[-123.1564024,49.3058279],[-123.1563599,49.3057731],[-123.1563347,49.3057139],[-123.15617,49.3054792],[-123.1561827,49.3050033],[-123.1561325,49.30482],[-123.156139,49.3046337],[-123.1561737,49.3045569],[-123.1563162,49.3044418],[-123.1563397,49.3043757],[-123.1563098,49.3042737],[-123.1563405,49.3033569],[-123.1565065,49.3026928],[-123.156743,49.3021294],[-123.1569041,49.3019713],[-123.1571185,49.3018431],[-123.1572322,49.3017987],[-123.1573605,49.3017776],[-123.157519,49.3017634],[-123.157667,49.3017237],[-123.1582576,49.3014463],[-123.1586422,49.3013561],[-123.1586838,49.3013289],[-123.1587186,49.3012978],[-123.1587454,49.3012635],[-123.1587638,49.301227],[-123.1587733,49.301189],[-123.1587737,49.3011505],[-123.1587664,49.3011103],[-123.1587503,49.3010712],[-123.1587257,49.3010339],[-123.1586933,49.3009994],[-123.1586535,49.3009683],[-123.1585396,49.3009044],[-123.1585124,49.3008816],[-123.1584904,49.3008565],[-123.1583425,49.3005894],[-123.1582599,49.3003741],[-123.158249,49.3003289],[-123.1582473,49.3002831],[-123.158255,49.3002376],[-123.158272,49.3001933],[-123.158375,49.3000991],[-123.1583826,49.3000874],[-123.1583882,49.3000623],[-123.1583805,49.3000375],[-123.1582611,49.2999069],[-123.1582435,49.2998766],[-123.1582337,49.2998449],[-123.1582319,49.2998125],[-123.158238,49.2997803],[-123.1582578,49.2997149],[-123.1582731,49.2996186],[-123.1582787,49.2995218],[-123.1582748,49.299425],[-123.1582612,49.2993286],[-123.1582381,49.299233],[-123.1580838,49.2988107],[-123.1580546,49.2987127],[-123.1580331,49.2986138],[-123.1580194,49.2985144],[-123.1580114,49.2983577],[-123.1580004,49.2983013],[-123.1579807,49.2982459],[-123.1579524,49.2981921],[-123.1579159,49.2981406],[-123.1578714,49.2980916],[-123.1574638,49.297762],[-123.1570534,49.2975371],[-123.1568369,49.2974676],[-123.1565497,49.2974319],[-123.1562538,49.2974555],[-123.1558188,49.2975321],[-123.1552957,49.2976801],[-123.1549745,49.2977335],[-123.1547267,49.2977487],[-123.1544875,49.2977247],[-123.1542865,49.2976581],[-123.154035,49.2975158],[-123.1537872,49.2972904],[-123.1534069,49.2968211],[-123.1532179,49.2964917],[-123.1530331,49.2962903],[-123.1529195,49.2960475],[-123.1528147,49.2958924],[-123.1527297,49.2958057],[-123.1525689,49.2957322],[-123.152189,49.295612],[-123.1521481,49.295604],[-123.1516357,49.2956524],[-123.1514409,49.2956353],[-123.15124,49.2957058],[-123.1508735,49.2958719]]}},{"type":"Feature","properties":{"name":"Hornby","class":"Bikeway","width":3,"source":"cov-bikeways","type":"Bikeway"},"geometry":{"type":"LineString","coordinates":[[-123.1323558,49.2756437],[-123.1327891,49.2753568]]}},{"type":"Feature","properties":{"name":"Lorne","class":"Bikeway","width":3,"source":"cov-bikeways","type":"Bikeway"},"geometry":{"type":"LineString","coordinates":[[-123.0992218,49.2689236],[-123.0988302,49.2692168]]}},{"type":"Feature","properties":{"name":"Nicola","class":"Bikeway","width":3,"source":"cov-bikeways","type":"Bikeway"},"geometry":{"type":"LineString","coordinates":[[-123.1305751,49.289028],[-123.1311063,49.2886765]]}},{"type":"Feature","properties":{"name":"Richards","class":"Bikeway","width":3,"source":"cov-bikeways","type":"Bikeway"},"geometry":{"type":"LineString","coordinates":[[-123.117866,49.2800945],[-123.1194579,49.2790405]]}},{"type":"Feature","properties":{"name":"Seaside Bypass","class":"Bikeway","width":3,"source":"cov-bikeways","type":"Bikeway"},"geometry":{"type":"LineString","coordinates":[[-123.1407111,49.276194],[-123.1429591,49.2754779],[-123.1435635,49.2751801],[-123.1439183,49.2750883],[-123.1442324,49.2750346],[-123.1446107,49.2750341],[-123.1451347,49.275102],[-123.1454842,49.2752196],[-123.1456415,49.2752803],[-123.1458511,49.2753029],[-123.1462562,49.2753114]]}},{"type":"Feature","properties":{"name":"Burrard","class":"Bikeway","width":3,"source":"cov-bikeways","type":"Bikeway"},"geometry":{"type":"LineString","coordinates":[[-123.1265241,49.280838],[-123.1270559,49.2804862]]}},{"type":"Feature","properties":{"name":"Nicola","class":"Bikeway","width":3,"source":"cov-bikeways","type":"Bikeway"},"geometry":{"type":"LineString","coordinates":[[-123.1311063,49.2886765],[-123.1316381,49.2883245]]}},{"type":"Feature","properties":{"name":"Ontario","class":"Bikeway","width":3,"source":"cov-bikeways","type":"Bikeway"},"geometry":{"type":"LineString","coordinates":[[-123.1046574,49.2687419],[-123.1046764,49.2682898]]}},{"type":"Feature","properties":{"name":"Cardero","class":"Bikeway","width":3,"source":"cov-bikeways","type":"Bikeway"},"geometry":{"type":"LineString","coordinates":[[-123.1315778,49.2899125],[-123.131758,49.2897936]]}},{"type":"Feature","properties":{"name":"Rolston","class":"Bikeway","width":3,"source":"cov-bikeways","type":"Bikeway"},"geometry":{"type":"LineString","coordinates":[[-123.1289106,49.2746919],[-123.1279732,49.2752919]]}},{"type":"Feature","properties":{"name":"Valley","class":"Bikeway","width":3,"source":"cov-bikeways","type":"Bikeway"},"geometry":{"type":"LineString","coordinates":[[-123.1644086,49.2714043],[-123.1644226,49.2709888]]}},{"type":"Feature","properties":{"name":"Seaside","class":"Bikeway","width":3,"source":"cov-bikeways","type":"Bikeway"},"geometry":{"type":"LineString","coordinates":[[-123.1247427,49.2720899],[-123.12463,49.2720999],[-123.1243179,49.2720904],[-123.124021,49.2721162],[-123.1236744,49.2721875],[-123.1235313,49.2721805],[-123.1233513,49.272107],[-123.1215972,49.2709658],[-123.1215407,49.2709403],[-123.1214888,49.2709276],[-123.1212004,49.2709321],[-123.121155,49.2709365],[-123.1211009,49.2709691],[-123.1204973,49.271371]]}},{"type":"Feature","properties":{"name":"Seaside","class":"Bikeway","width":3,"source":"cov-bikeways","type":"Bikeway"},"geometry":{"type":"LineString","coordinates":[[-123.102292,49.2731343],[-123.101725,49.2731221]]}},{"type":"Feature","properties":{"name":"Central Valley","class":"Bikeway","width":3,"source":"cov-bikeways","type":"Bikeway"},"geometry":{"type":"LineString","coordinates":[[-123.1045979,49.2701892],[-123.1046336,49.2701898]]}},{"type":"Feature","properties":{"name":"Alexander","class":"Bikeway","width":3,"source":"cov-bikeways","type":"Bikeway"},"geometry":{"type":"LineString","coordinates":[[-123.1042618,49.2834967],[-123.1039398,49.2834345],[-123.1021513,49.2837699]]}},{"type":"Feature","properties":{"name":"Burrard","class":"Bikeway","width":3,"source":"cov-bikeways","type":"Bikeway"},"geometry":{"type":"LineString","coordinates":[[-123.1456298,49.2671584],[-123.1456357,49.267]]}},{"type":"Feature","properties":{"name":"Cardero","class":"Bikeway","width":3,"source":"cov-bikeways","type":"Bikeway"},"geometry":{"type":"LineString","coordinates":[[-123.1347058,49.2878429],[-123.1349468,49.2876828]]}},{"type":"Feature","properties":{"name":"Cambie","class":"Bikeway","width":3,"source":"cov-bikeways","type":"Bikeway"},"geometry":{"type":"LineString","coordinates":[[-123.1093794,49.2829059],[-123.1095463,49.2825114]]}},{"type":"Feature","properties":{"name":"Quebec","class":"Bikeway","width":3,"source":"cov-bikeways","type":"Bikeway"},"geometry":{"type":"LineString","coordinates":[[-123.102216,49.2792735],[-123.1021285,49.2790668],[-123.1021247,49.2776424]]}}]}