{"type":"FeatureCollection","features":[{"type":"Feature","geometry":{"type":"MultiLineString","coordinates":[[[-123.095,49.2887468],[-123.0957344,49.288944],[-123.0962843,49.2890977],[-123.0966308,49.2891899],[-123.0979822,49.2895606],[-123.0987035,49.2897658],[-123.0988957,49.2898138],[-123.0993549,49.2899432],[-123.1001171,49.2901485],[-123.1001322,49.290135],[-123.1001623,49.290089],[-123.1001995,49.2900225],[-123.1001997,49.2900178],[-123.1001946,49.2900148],[-123.1001165,49.2899907],[-123.1000974,49.2899813],[-123.1000908,49.2899661],[-123.1001023,49.2899414],[-123.1001244,49.2899072],[-123.1001354,49.28987],[-123.1001393,49.2898161],[-123.1001302,49.2896997],[-123.1001336,49.2896369],[-123.1001313,49.2895564],[-123.1001335,49.2895354],[-123.1001434,49.2894787],[-123.1001627,49.2894353],[-123.1001653,49.2893945],[-123.1001757,49.2893448],[-123.1001721,49.2892909],[-123.1001875,49.2892146],[-123.100191,49.2891671],[-123.1002011,49.2891451],[-123.1002075,49.2891207],[-123.1002153,49.2890262],[-123.1002318,49.2888906],[-123.1002292,49.2888549],[-123.1002309,49.2888244],[-123.1002345,49.2888037],[-123.1002442,49.2887784],[-123.1002691,49.2886622],[-123.1002734,49.2885945],[-123.1002838,49.2885455],[-123.1002887,49.2885025],[-123.10029,49.2884007],[-123.100294,49.2883699],[-123.1002907,49.28829],[-123.1002589,49.2881813],[-123.1002442,49.2881457],[-123.1001826,49.288048],[-123.100169,49.2880307],[-123.1001188,49.287986],[-123.1000902,49.2879468],[-123.1000326,49.2879027],[-123.0999228,49.2878533],[-123.0998798,49.2878278],[-123.0997565,49.2877855],[-123.0994252,49.2877022],[-123.0992549,49.2876657],[-123.0991321,49.2876279],[-123.0989768,49.2875932],[-123.0988195,49.2875513],[-123.0986566,49.2875032],[-123.0984886,49.2874591],[-123.0983891,49.2874274],[-123.098264,49.287382],[-123.0981628,49.2873618],[-123.0979536,49.2873038],[-123.0977665,49.2872576],[-123.0975467,49.2871963],[-123.0974683,49.2871788],[-123.097431,49.2871661],[-123.097395,49.2871476],[-123.0973161,49.2871347],[-123.0972517,49.2871141],[-123.0972344,49.2871041],[-123.0971998,49.2870749],[-123.0971688,49.2870323],[-123.097151,49.2870135],[-123.0971112,49.286984],[-123.097068,49.2869378],[-123.0970395,49.2869132],[-123.0968687,49.2867914],[-123.0967208,49.2866747],[-123.0965649,49.2865602],[-123.0964773,49.2864797],[-123.0964318,49.286424],[-123.0964257,49.2864085],[-123.0964312,49.2863993],[-123.0964438,49.2863935],[-123.0965178,49.2863839],[-123.0965467,49.2863844],[-123.0965602,49.2863877],[-123.0965858,49.2864029],[-123.0967196,49.2863976],[-123.096719,49.2863732],[-123.0977853,49.2862982],[-123.0977187,49.2857589],[-123.09767,49.285417],[-123.0976866,49.2854109],[-123.0977341,49.2854102],[-123.0977738,49.2854159],[-123.0977976,49.2854326],[-123.0978492,49.2854806],[-123.0979343,49.2855371],[-123.0980205,49.2856113],[-123.0980907,49.2856641],[-123.0981131,49.2856842],[-123.0981625,49.2857581],[-123.098207,49.2858022],[-123.0982178,49.2858208],[-123.0982278,49.285857],[-123.098231,49.2859253],[-123.0982353,49.2859451],[-123.0982523,49.2859852],[-123.0982799,49.2860723],[-123.0982772,49.2860876],[-123.0982586,49.2860998],[-123.0982526,49.2861105],[-123.0982522,49.2861199],[-123.0982668,49.2861513],[-123.0982935,49.2861747],[-123.0983048,49.2861893],[-123.0983307,49.2862377],[-123.0983498,49.2863163],[-123.0983645,49.2863562],[-123.09838,49.2863845],[-123.0983962,49.2864509],[-123.0984132,49.2864886],[-123.0984837,49.2865957],[-123.0985799,49.2867073],[-123.098587,49.2867229],[-123.0985951,49.2867609],[-123.098607,49.2867953],[-123.0986399,49.2868507],[-123.0986713,49.2868845],[-123.0987097,49.2869136],[-123.0987723,49.2869428],[-123.0989829,49.2870071],[-123.0990436,49.287035],[-123.0990791,49.2870459],[-123.0991048,49.2870675],[-123.0991367,49.2871064],[-123.0991475,49.2871152],[-123.0991634,49.2871213],[-123.0992002,49.2871258],[-123.0992221,49.2871205],[-123.0992393,49.2871086],[-123.0992619,49.2870778],[-123.0992754,49.2870652],[-123.099293,49.2870561],[-123.0993098,49.2870561],[-123.0992996,49.2871809],[-123.0993039,49.2871967],[-123.0996262,49.2872042],[-123.0996474,49.2871965],[-123.0997126,49.2865468],[-123.099745,49.2860815],[-123.0995692,49.2860776],[-123.0995712,49.2860495],[-123.0995786,49.2860018],[-123.0996145,49.2859596],[-123.0996401,49.2859163],[-123.0996683,49.2858107],[-123.0996716,49.2857909],[-123.0996736,49.2857284],[-123.0996793,49.2857029],[-123.0997017,49.2856629],[-123.0997324,49.2856295],[-123.0997645,49.2856031],[-123.0998268,49.2855814],[-123.0999559,49.2855706],[-123.1001709,49.2855645],[-123.1004406,49.2855658],[-123.1007182,49.2855541],[-123.1009369,49.2855534],[-123.1013784,49.2855234],[-123.1015131,49.2855023],[-123.1015939,49.2854951],[-123.1016937,49.2854931],[-123.1017546,49.2854869],[-123.1018938,49.2854822],[-123.1019663,49.2854756],[-123.1023836,49.2854716],[-123.1024379,49.2854781],[-123.1025168,49.2855055],[-123.1025998,49.2855229],[-123.1027088,49.2855592],[-123.1028414,49.2856086],[-123.1029554,49.2856652],[-123.1029809,49.2856928],[-123.1030378,49.2857752],[-123.1030557,49.285818],[-123.1030835,49.2858587],[-123.1031033,49.2859034],[-123.1030999,49.2859608],[-123.1030872,49.2860169],[-123.1030856,49.2860798],[-123.1030888,49.2860983],[-123.1031132,49.2861636],[-123.103134,49.2862016],[-123.1031497,49.2862222],[-123.1031863,49.2862584],[-123.1032192,49.2862849],[-123.103259,49.286311],[-123.1033104,49.2863399],[-123.1033522,49.286357],[-123.1034556,49.286386],[-123.1035285,49.2863888],[-123.1035893,49.2863868],[-123.1036358,49.2863808],[-123.1036608,49.2863735],[-123.1037445,49.2863402],[-123.1038012,49.2863057],[-123.103851,49.2862611],[-123.103872,49.2862499],[-123.1038975,49.2862436],[-123.1039235,49.286246],[-123.1039615,49.2862613],[-123.1039806,49.2862604],[-123.1040191,49.286248],[-123.1040349,49.286248],[-123.1040831,49.2862639],[-123.1041054,49.2862615],[-123.1041217,49.2862557],[-123.1041803,49.2862236],[-123.1041956,49.2862197],[-123.1042453,49.2862243],[-123.1042922,49.2862192],[-123.1043265,49.2862332],[-123.1043795,49.2862181],[-123.1044022,49.2862039],[-123.1044259,49.2861975],[-123.1044496,49.2861973],[-123.1045081,49.286204],[-123.1045573,49.2862029],[-123.1046478,49.2862069],[-123.1046705,49.286214],[-123.1046881,49.2862261],[-123.1047099,49.2862483],[-123.1047238,49.2862556],[-123.1047484,49.2862572],[-123.1047972,49.2862339],[-123.1048214,49.2862309],[-123.1048627,49.2862349],[-123.1049142,49.286251],[-123.1049889,49.2862508],[-123.1050603,49.2862685],[-123.1050733,49.2862807],[-123.1050779,49.2862922],[-123.1050886,49.2863035],[-123.1051252,49.2863172],[-123.1051479,49.2863218],[-123.1051823,49.2863163],[-123.1051985,49.2863173],[-123.1052361,49.2863358],[-123.1052444,49.2863371],[-123.1052718,49.2863289],[-123.105296,49.2863302],[-123.105353,49.2863482],[-123.1053823,49.2863497],[-123.1054565,49.286382],[-123.1054871,49.2863899],[-123.1055581,49.2863861],[-123.1056157,49.2863868],[-123.1056393,49.2863913],[-123.1057395,49.2864212],[-123.1058666,49.2864499],[-123.1059524,49.2864831],[-123.1060809,49.2865188],[-123.1061459,49.2865408],[-123.1062414,49.286567],[-123.1062887,49.2865841],[-123.106478,49.2866371],[-123.1066979,49.2866757],[-123.1068408,49.286688],[-123.1068654,49.2866878],[-123.1070113,49.2866673],[-123.1070721,49.2866701],[-123.1071622,49.2866623],[-123.1071858,49.2866639],[-123.107371,49.2867003],[-123.1075,49.2867156],[-123.107571,49.286702],[-123.1076054,49.2866899],[-123.1076547,49.2866554],[-123.1076971,49.2866321],[-123.1078039,49.2866037],[-123.1079168,49.286578],[-123.1081044,49.2865625],[-123.1081662,49.2865471],[-123.1082307,49.2865371],[-123.1082888,49.2865211],[-123.1083186,49.2865096],[-123.1084097,49.2864612],[-123.1084357,49.2864527],[-123.1085202,49.286431],[-123.1086345,49.286408],[-123.1088111,49.2863469],[-123.1090007,49.286295],[-123.1090935,49.2862823],[-123.1092286,49.2862883],[-123.1092843,49.2863017],[-123.1093478,49.2863234],[-123.1094132,49.2863341],[-123.1094689,49.2863487],[-123.1094942,49.2863504],[-123.1095051,49.2863553],[-123.1093807,49.2863993],[-123.1095109,49.2865652],[-123.1094988,49.2865718],[-123.109651,49.2867555],[-123.1098878,49.2870319],[-123.1099641,49.2871171],[-123.1099748,49.2871189],[-123.1100194,49.2871697],[-123.1101355,49.287138],[-123.1101399,49.2871502],[-123.1101559,49.287174],[-123.11022,49.2872305],[-123.1103134,49.2873317],[-123.1103565,49.2873717],[-123.1104169,49.287411],[-123.1104571,49.2874161],[-123.1104796,49.2874126],[-123.1105,49.2874042],[-123.1105095,49.2873949],[-123.1105185,49.2873751],[-123.1105213,49.2873569],[-123.1105202,49.287325],[-123.1105068,49.2872959],[-123.110486,49.2872659],[-123.1104029,49.2871712],[-123.1103694,49.2871268],[-123.110365,49.287117],[-123.1103666,49.2871074],[-123.110374,49.2870986],[-123.1105549,49.2870334],[-123.1107788,49.2869597],[-123.1108624,49.2869238],[-123.1109784,49.2868979],[-123.1110212,49.2868745],[-123.1110618,49.2868595],[-123.1110875,49.2868536],[-123.1111115,49.286853],[-123.1111916,49.2868654],[-123.1112081,49.2868713],[-123.1112634,49.2869045],[-123.1113009,49.2869212],[-123.1113928,49.2869447],[-123.1114425,49.2869485],[-123.1115074,49.28694],[-123.1115317,49.2869408],[-123.1116021,49.2869692],[-123.1116377,49.2869953],[-123.1115822,49.2870382],[-123.1117104,49.2870982],[-123.111873,49.2871582],[-123.1123017,49.2873327],[-123.1127458,49.287499],[-123.1127486,49.2875038],[-123.1127463,49.2875135],[-123.1127043,49.2875785],[-123.1126876,49.2875997],[-123.1126684,49.2876171],[-123.1126142,49.2876477],[-123.1125579,49.2876742],[-123.1124954,49.2876969],[-123.1124199,49.2877299],[-123.1122138,49.2878059],[-123.1119605,49.2878836],[-123.1118755,49.2879192],[-123.1118086,49.2879424],[-123.111577,49.2880123],[-123.111294,49.2881286],[-123.1111625,49.2881709],[-123.1110254,49.2882266],[-123.1108311,49.2882989],[-123.1105827,49.2883738],[-123.1105296,49.2883933],[-123.1104562,49.2884277],[-123.1103775,49.2884531],[-123.1103129,49.2884699],[-123.1102372,49.288497],[-123.1101885,49.2885159],[-123.110126,49.2885499],[-123.1100589,49.2885677],[-123.1097003,49.2887032],[-123.1094968,49.2887674],[-123.1093746,49.288817],[-123.1091102,49.288913],[-123.1089521,49.2889619],[-123.1088396,49.2890114],[-123.1085388,49.2891101],[-123.1080904,49.2892722],[-123.1079851,49.2893051],[-123.107787,49.2893835],[-123.1076012,49.2894447],[-123.1074824,49.2894896],[-123.1074227,49.2895071],[-123.1073062,49.2895501],[-123.1072238,49.2895763],[-123.1070952,49.2896217],[-123.1070028,49.2896582],[-123.1067667,49.2897408],[-123.1067147,49.2897614],[-123.1066981,49.2897773],[-123.1066943,49.2897874],[-123.1066965,49.289799],[-123.1067061,49.2898115],[-123.1067174,49.2898203],[-123.1067371,49.2898276],[-123.1067442,49.289828],[-123.1067576,49.2898227],[-123.1069751,49.2897979],[-123.1075896,49.2897443],[-123.1077531,49.2897234],[-123.1084478,49.2896608],[-123.1090146,49.2896019],[-123.1092591,49.2895823],[-123.1093295,49.2895736],[-123.1094473,49.2895661],[-123.1096517,49.2895424],[-123.1102336,49.2894864],[-123.1105057,49.2894516],[-123.1105695,49.2894339],[-123.1110464,49.2892641],[-123.1115824,49.2890817],[-123.1118615,49.2889808],[-123.1121621,49.2888769],[-123.1125813,49.2887242],[-123.112944,49.2885984],[-123.1131653,49.288516],[-123.1139958,49.2882212],[-123.1142184,49.2881451],[-123.1142939,49.2881155],[-123.1143831,49.2880872],[-123.114415,49.2880806],[-123.1144866,49.2880696],[-123.1145448,49.2880698],[-123.1151202,49.2882316],[-123.115269,49.2882678],[-123.1154822,49.2883319],[-123.1156731,49.2883748],[-123.1160734,49.2884792],[-123.116123,49.2884854],[-123.1161394,49.288471],[-123.1161432,49.2884621],[-123.1161759,49.2884593],[-123.1163005,49.2884998],[-123.1163147,49.2885105],[-123.1163154,49.2885251],[-123.116295,49.2885472],[-123.1162656,49.2885648],[-123.1162325,49.2885751],[-123.1161717,49.2885869],[-123.116064,49.2886428],[-123.1159512,49.2886911],[-123.1158464,49.2887586],[-123.1157919,49.2887867],[-123.1155934,49.2888424],[-123.1155724,49.288852],[-123.1155193,49.2888871],[-123.1154512,49.2889119],[-123.1153887,49.2889446],[-123.1153448,49.2889613],[-123.1152089,49.2890002],[-123.1150899,49.2890463],[-123.1149573,49.2890873],[-123.1148919,49.2890992],[-123.1148336,49.2891261],[-123.1148004,49.2891333],[-123.1147467,49.2891522],[-123.1147276,49.2891618],[-123.1147188,49.2891756],[-123.1147026,49.2891913],[-123.1146616,49.2892172],[-123.1146406,49.2892262],[-123.1146084,49.2892346],[-123.1145582,49.289229],[-123.1145297,49.2892361],[-123.1144803,49.2892578],[-123.1144374,49.2892825],[-123.1142889,49.2893272],[-123.1141433,49.2893854],[-123.1141172,49.2893977],[-123.1140535,49.2894455],[-123.1140317,49.2894679],[-123.1140261,49.289479],[-123.114019,49.2895133],[-123.1140247,49.2895225],[-123.1141213,49.2895441],[-123.1142134,49.2895756],[-123.1142566,49.2895944],[-123.1143111,49.2896113],[-123.1143936,49.2896153],[-123.114511,49.2896022],[-123.1145993,49.2895826],[-123.1146582,49.2895658],[-123.1148262,49.28951],[-123.1148893,49.2894934],[-123.1149775,49.2894615],[-123.1150168,49.2894552],[-123.1150761,49.2894406],[-123.1152216,49.289417],[-123.1152759,49.2894149],[-123.1152997,49.289409],[-123.1153554,49.2894073],[-123.1154972,49.2894551],[-123.1155335,49.2894736],[-123.1155868,49.289519],[-123.1156593,49.2895628],[-123.1157322,49.2896002],[-123.1158219,49.2896831],[-123.1158568,49.2897087],[-123.1159217,49.2897409],[-123.1159358,49.2897464],[-123.1159668,49.2897517],[-123.1159893,49.2897498],[-123.1160191,49.2897393],[-123.116097,49.2896988],[-123.1161768,49.2896675],[-123.1162415,49.2896351],[-123.1162803,49.2896193],[-123.1164035,49.2895802],[-123.1165704,49.2895449],[-123.1166444,49.2895421],[-123.1167131,49.2895354],[-123.1167665,49.2895364],[-123.1168208,49.2895276],[-123.1168685,49.2895292],[-123.1168756,49.2895326],[-123.1168945,49.2895546],[-123.1169759,49.289696],[-123.1170584,49.2898115],[-123.1170917,49.2898671],[-123.1171139,49.2898869],[-123.1171632,49.2899048],[-123.117196,49.2899052],[-123.1172343,49.2899014],[-123.1174783,49.2898465],[-123.1175292,49.2898306],[-123.1175792,49.289824],[-123.1176633,49.289801],[-123.1177363,49.2897933],[-123.1177692,49.2898054],[-123.117781,49.2898136],[-123.1177857,49.2898197],[-123.1177939,49.2898445],[-123.1178053,49.2898628],[-123.1178327,49.2898927],[-123.1178926,49.2899418],[-123.1179468,49.2899725],[-123.1179895,49.2899843],[-123.1180728,49.2899815],[-123.1182024,49.2899708],[-123.1184504,49.2899447],[-123.1185398,49.289944],[-123.1186845,49.2899375],[-123.1189453,49.289941],[-123.1190663,49.2899558],[-123.119183,49.2899642],[-123.1192452,49.2899655],[-123.1194009,49.2899808],[-123.1195531,49.2899878],[-123.1198377,49.2900292],[-123.1200779,49.2900747],[-123.1201595,49.2900872],[-123.1202581,49.290118],[-123.1203946,49.2901459],[-123.1204876,49.2901701],[-123.1205534,49.2901949],[-123.1207576,49.2902544],[-123.1208384,49.2902853],[-123.1209211,49.29031],[-123.1209808,49.290334],[-123.121164,49.2903975],[-123.1214854,49.2905236],[-123.1216797,49.290618],[-123.1217967,49.2906601],[-123.1219711,49.2907393],[-123.1220634,49.2907971],[-123.1221166,49.2908229],[-123.1223133,49.2909329],[-123.1223939,49.2909887],[-123.1226819,49.291143],[-123.1228006,49.2912136],[-123.1228208,49.2912291],[-123.1228491,49.2912431],[-123.1228669,49.2912479],[-123.122995,49.2912711],[-123.123228,49.2914257],[-123.1232649,49.2914417],[-123.1233303,49.2914601],[-123.1233646,49.2914606],[-123.1234264,49.2914553],[-123.1234537,49.2914462],[-123.1234833,49.2914307],[-123.1235212,49.2913869],[-123.1235295,49.2913339],[-123.1235269,49.2913241],[-123.1234895,49.2912833],[-123.1234893,49.2912787],[-123.123606,49.2911952],[-123.1236734,49.2911546],[-123.123779,49.2910817],[-123.123886,49.2910172],[-123.1241032,49.2908703],[-123.1242253,49.2908006],[-123.1242837,49.2907629],[-123.1243629,49.2907243],[-123.1244726,49.29068],[-123.1246328,49.2906244],[-123.1246987,49.2906055],[-123.1248006,49.2905813],[-123.1249467,49.2905531],[-123.1250229,49.2905437],[-123.1252317,49.2905271],[-123.1253438,49.2905235],[-123.1254332,49.2905303],[-123.1255406,49.2905304],[-123.1256892,49.2905371],[-123.1257038,49.2905382],[-123.1257263,49.2905452],[-123.125778,49.290574],[-123.1258793,49.2906147],[-123.1259489,49.2906379],[-123.1260169,49.2906558],[-123.1260825,49.2906697],[-123.1262405,49.2906881],[-123.1263208,49.2906916],[-123.1263355,49.2906866],[-123.1263654,49.2906827],[-123.1263805,49.2906832],[-123.1263947,49.2906878],[-123.1265402,49.2907706],[-123.126614,49.2908033],[-123.1266511,49.2908232],[-123.1269594,49.2910204],[-123.1270274,49.2910573],[-123.1271524,49.2911478],[-123.1272264,49.2912202],[-123.1272693,49.2912454],[-123.1273324,49.2912743],[-123.1274316,49.2913379],[-123.1274906,49.2913704],[-123.127587,49.2914192],[-123.1277186,49.2915122],[-123.1278436,49.291594],[-123.1278944,49.2916234],[-123.1279309,49.2916505],[-123.1279388,49.2916598],[-123.1281248,49.2917743],[-123.1282885,49.291879],[-123.1283013,49.2918915],[-123.1283012,49.2919075],[-123.1282634,49.2919448],[-123.1281649,49.2920075],[-123.1280998,49.2920545],[-123.1279311,49.2921649],[-123.1278298,49.2922355],[-123.127186,49.2926617],[-123.1271777,49.2926781],[-123.1271791,49.2926883],[-123.1271904,49.2927073],[-123.1272223,49.2927399],[-123.1272711,49.2927732],[-123.1273668,49.2928255],[-123.1274105,49.292832],[-123.1274236,49.2928277],[-123.127485,49.2927911],[-123.1275607,49.2927332],[-123.1275749,49.292729],[-123.1275821,49.2927303],[-123.1276949,49.2927981],[-123.1277503,49.2928233],[-123.1278798,49.2928665],[-123.1281321,49.2929705],[-123.12834,49.2930411],[-123.1286182,49.2931431],[-123.1287942,49.2932198],[-123.1289116,49.2932782],[-123.1290276,49.2933265],[-123.1291535,49.293416],[-123.129315,49.2935139],[-123.1294317,49.2935942],[-123.1294565,49.2936056],[-123.1294714,49.2936053],[-123.129503,49.2935935],[-123.1295677,49.2935459],[-123.1296672,49.2934885],[-123.1297958,49.2933947],[-123.1299664,49.2932833],[-123.1300638,49.2932139],[-123.130146,49.2931627],[-123.1303844,49.2930039],[-123.1304394,49.2929707],[-123.1305935,49.292866],[-123.1306004,49.2928655],[-123.1306927,49.2929219],[-123.1307076,49.2929204],[-123.1307191,49.2929142],[-123.1307535,49.2928887],[-123.1310446,49.2930752],[-123.1312196,49.2931918],[-123.1312849,49.2932312],[-123.1313084,49.2932355],[-123.1313985,49.2931767],[-123.1314611,49.2932129],[-123.1315581,49.29328],[-123.1317163,49.2933807],[-123.1318358,49.2934617],[-123.1320467,49.2935953],[-123.132061,49.2935934],[-123.1320731,49.2935879],[-123.1321274,49.2935467],[-123.1321481,49.2935484],[-123.1321838,49.2935651],[-123.1322712,49.2936234],[-123.1323087,49.2936437],[-123.1324051,49.2936857],[-123.1324519,49.2937128],[-123.1325703,49.2938383],[-123.1327127,49.2939715],[-123.132766,49.294011],[-123.1328249,49.2940467],[-123.1330032,49.2941272],[-123.1330191,49.2941383],[-123.1330242,49.2941497],[-123.1330335,49.2941589],[-123.1330565,49.2941734],[-123.1333433,49.294307],[-123.1335756,49.2944033],[-123.1336167,49.2944255],[-123.1336377,49.2944418],[-123.1336587,49.2944655],[-123.1336703,49.2944971],[-123.1336692,49.2945174],[-123.1336569,49.2945389],[-123.1335771,49.2946194],[-123.1335625,49.2946381],[-123.1335511,49.2946607],[-123.1335429,49.2946991],[-123.1335432,49.294735],[-123.1335564,49.2947967],[-123.133568,49.2948247],[-123.1335778,49.2948391],[-123.1336133,49.2948711],[-123.1336364,49.2949203],[-123.1336882,49.2949796],[-123.1337648,49.29504],[-123.1339196,49.2951303],[-123.1340282,49.2951803],[-123.1341556,49.2952205],[-123.1342816,49.2952671],[-123.1344247,49.2953442],[-123.134488,49.2953686],[-123.1345278,49.29538],[-123.1346221,49.2953855],[-123.1347043,49.2953756],[-123.1348631,49.2953281],[-123.1349806,49.2953007],[-123.1350192,49.2952849],[-123.1350521,49.295277],[-123.1351972,49.2952567],[-123.1352733,49.2952373],[-123.1353348,49.2952298],[-123.135401,49.2952358],[-123.1354291,49.2952413],[-123.1354792,49.2952583],[-123.1356668,49.2953659],[-123.1357469,49.2953941],[-123.1357499,49.2953984],[-123.1357403,49.2954123],[-123.1356874,49.2955589],[-123.1356366,49.295755],[-123.1355878,49.2958887],[-123.1355072,49.2960419],[-123.1354475,49.29613],[-123.1353595,49.2962387],[-123.1352519,49.2963496],[-123.1351582,49.2964365],[-123.1350715,49.2965089],[-123.1349712,49.2965787],[-123.1348223,49.2966709],[-123.1348047,49.2966785],[-123.1347744,49.2966837],[-123.1347108,49.2966821],[-123.134625,49.2966849],[-123.1344047,49.2966797],[-123.1342163,49.2966927],[-123.1340763,49.296692],[-123.1339766,49.2966968],[-123.1339616,49.2966925],[-123.1339503,49.2966987],[-123.1338223,49.2967379],[-123.1337113,49.2967582],[-123.1335583,49.2967421],[-123.1331844,49.2967214],[-123.1331254,49.2967221],[-123.1330563,49.296729],[-123.1329403,49.2967511],[-123.132876,49.2967568],[-123.1327713,49.2967538],[-123.1326818,49.2967422],[-123.1323152,49.2966646],[-123.1322528,49.296661],[-123.132212,49.2966662],[-123.1321274,49.2966881],[-123.1320846,49.2967079],[-123.132045,49.2967311],[-123.1319479,49.2968064],[-123.1318133,49.2968765],[-123.1317771,49.2969076],[-123.1317057,49.2969976],[-123.1316816,49.2970178],[-123.1316163,49.2970603],[-123.1315679,49.297111],[-123.131536,49.2971548],[-123.1314648,49.297216],[-123.1314513,49.297221],[-123.131418,49.2972257],[-123.1313713,49.2972418],[-123.1313129,49.2972693],[-123.1312166,49.2973209],[-123.1311573,49.2973579],[-123.1311156,49.2974021],[-123.131091,49.2974218],[-123.1310369,49.2974295],[-123.1309908,49.29744],[-123.130929,49.2974464],[-123.1308976,49.2974528],[-123.1307992,49.2974995],[-123.1307481,49.2975133],[-123.1306969,49.2975063],[-123.1305906,49.2975039],[-123.130521,49.2974894],[-123.1304907,49.2974689],[-123.1304703,49.2974416],[-123.1304383,49.2974211],[-123.1304034,49.2974101],[-123.1303175,49.2973941],[-123.1302884,49.2973837],[-123.130211,49.2973503],[-123.1301416,49.2973089],[-123.1301018,49.2972739],[-123.1300499,49.2972165],[-123.1299937,49.2971222],[-123.1298777,49.296966],[-123.129818,49.2968562],[-123.1297207,49.2967022],[-123.1296704,49.2966319],[-123.1296057,49.2965616],[-123.1295805,49.2965299],[-123.1295559,49.2965043],[-123.1295028,49.2964586],[-123.1293337,49.2963409],[-123.1292555,49.2962787],[-123.12921,49.2962371],[-123.129119,49.2961718],[-123.1290739,49.2961333],[-123.1290334,49.2961066],[-123.1289928,49.2960883],[-123.1289498,49.2960638],[-123.1288215,49.2959811],[-123.1287207,49.2959398],[-123.1286393,49.2959246],[-123.1286171,49.2959228],[-123.1285661,49.2959266],[-123.1285256,49.2959191],[-123.1284553,49.2959027],[-123.128377,49.2958749],[-123.1283395,49.2958546],[-123.1281937,49.2957598],[-123.1281703,49.2957538],[-123.1281356,49.2957514],[-123.1280256,49.2957654],[-123.1279277,49.2957672],[-123.127892,49.295771],[-123.1278658,49.295777],[-123.1278169,49.2957954],[-123.127792,49.2957975],[-123.1277448,49.2957941],[-123.1276542,49.2958136],[-123.1276413,49.2958183],[-123.1276235,49.2958302],[-123.1276183,49.2958547],[-123.1275455,49.2958502],[-123.1275117,49.2958568],[-123.1274364,49.2958845],[-123.1274261,49.2958912],[-123.1274082,49.2959159],[-123.1273957,49.2959259],[-123.1273532,49.2959457],[-123.1272583,49.2959639],[-123.1271901,49.295997],[-123.1271543,49.2960089],[-123.1270584,49.2960238],[-123.1270272,49.2960389],[-123.126985,49.2960658],[-123.1269557,49.2961093],[-123.1269446,49.2961347],[-123.1269352,49.2961997],[-123.12693,49.2962626],[-123.1269011,49.2963372],[-123.1268932,49.2963517],[-123.1268845,49.2963599],[-123.1268408,49.2963865],[-123.1268134,49.2964444],[-123.1267793,49.2965061],[-123.1267525,49.296584],[-123.1267224,49.2966399],[-123.1266693,49.2967121],[-123.1266172,49.2967699],[-123.1265631,49.2968471],[-123.1264848,49.2969226],[-123.1263763,49.2970181],[-123.1263269,49.2970594],[-123.1262813,49.2970917],[-123.1261867,49.2971433],[-123.1261277,49.2971705],[-123.1258581,49.2972599],[-123.1257262,49.2972959],[-123.1257106,49.2973066],[-123.1257049,49.2973154],[-123.1256978,49.2973701],[-123.1256923,49.297379],[-123.125686,49.2973819],[-123.1256721,49.2973806],[-123.1256235,49.2973578],[-123.1255876,49.2973487],[-123.1255437,49.297346],[-123.1254663,49.297347],[-123.1253158,49.2973632],[-123.1252165,49.2973806],[-123.12504,49.2973983],[-123.1249312,49.2974249],[-123.1247614,49.2974445],[-123.1247053,49.2974476],[-123.1245649,49.2974455],[-123.1245042,49.2974434],[-123.1244309,49.2974355],[-123.1243952,49.2974357],[-123.1243484,49.2974442],[-123.1243228,49.2974535],[-123.1242349,49.297502],[-123.1241959,49.2975171],[-123.1241007,49.2975313],[-123.1240637,49.2975397],[-123.1240541,49.2975472],[-123.1240517,49.2975576],[-123.1240404,49.2975649],[-123.1240018,49.2975638],[-123.1239817,49.297555],[-123.1239595,49.297537],[-123.1239487,49.2975233],[-123.1239382,49.2974995],[-123.1239392,49.2974738],[-123.1239474,49.2974451],[-123.1239829,49.2973865],[-123.1239882,49.2973703],[-123.1239897,49.297354],[-123.1239866,49.2973273],[-123.1239774,49.2972954],[-123.123966,49.2972257],[-123.1239676,49.2972045],[-123.1239733,49.2971941],[-123.1239917,49.2971803],[-123.1240923,49.2971419],[-123.1241439,49.2971402],[-123.1242393,49.2971626],[-123.1242635,49.2971531],[-123.1242721,49.2971426],[-123.1242735,49.2971307],[-123.1242708,49.2971153],[-123.1242564,49.2970861],[-123.1242443,49.2970708],[-123.12422,49.2970547],[-123.1241907,49.297049],[-123.1241698,49.29705],[-123.1241266,49.2970573],[-123.1240923,49.297071],[-123.1240514,49.2970786],[-123.124019,49.2970733],[-123.1240031,49.2970659],[-123.1239852,49.2970548],[-123.1239765,49.2970434],[-123.1239701,49.2970194],[-123.1239668,49.296936],[-123.1239466,49.296869],[-123.1239394,49.2968199],[-123.1239451,49.296791],[-123.1239523,49.2967772],[-123.1239906,49.2967212],[-123.1240034,49.2966964],[-123.1240041,49.2966647],[-123.1239824,49.2966055],[-123.123982,49.29658],[-123.1239958,49.2965521],[-123.1240492,49.2965004],[-123.1240634,49.2964746],[-123.1240856,49.2964443],[-123.124104,49.2964268],[-123.1241563,49.2963954],[-123.1241742,49.2963801],[-123.1241913,49.29635],[-123.1241994,49.2963215],[-123.124207,49.2963092],[-123.1242533,49.2962664],[-123.1242642,49.2962489],[-123.1242827,49.2962008],[-123.1242927,49.2961864],[-123.1243606,49.2961356],[-123.1243861,49.2961044],[-123.1244306,49.2960333],[-123.1244582,49.2959775],[-123.1245008,49.2959107],[-123.1245256,49.2958396],[-123.1245336,49.2957592],[-123.1245384,49.2957371],[-123.1245441,49.295723],[-123.1245762,49.2956881],[-123.1245872,49.295662],[-123.1245965,49.2955869],[-123.1245785,49.2955362],[-123.1245839,49.295507],[-123.1246066,49.2954703],[-123.1246699,49.2953961],[-123.1246785,49.2953765],[-123.1246819,49.2953621],[-123.1246829,49.2952593],[-123.124693,49.2952277],[-123.1247435,49.2951723],[-123.1248047,49.2951375],[-123.1248302,49.295116],[-123.124843,49.2950961],[-123.1248588,49.2950388],[-123.1248589,49.2950277],[-123.1248528,49.2950139],[-123.1248356,49.2949865],[-123.1248193,49.2949678],[-123.1247988,49.2949536],[-123.124782,49.2949266],[-123.1247818,49.2948833],[-123.1248107,49.2948296],[-123.1248127,49.2948186],[-123.1248095,49.2948085],[-123.1248001,49.2947992],[-123.124787,49.2947937],[-123.1246872,49.2947766],[-123.124621,49.2947816],[-123.1245801,49.2947886],[-123.1245209,49.2948038],[-123.1244622,49.2948107],[-123.1244082,49.2948127],[-123.1243848,49.2948077],[-123.1243843,49.2948025],[-123.12439,49.2947927],[-123.1244084,49.2947783],[-123.1245016,49.2947264],[-123.1245237,49.2947243],[-123.1245725,49.2947312],[-123.124618,49.294726],[-123.1246815,49.2947063],[-123.1246918,49.2947001],[-123.1247074,49.2946833],[-123.124715,49.2946668],[-123.1247261,49.2946266],[-123.124729,49.2946069],[-123.1247253,49.2945971],[-123.1247084,49.2945922],[-123.1246986,49.2945937],[-123.1246468,49.2946144],[-123.1246233,49.2946199],[-123.1245797,49.2946207],[-123.1245741,49.2946164],[-123.1245755,49.2946105],[-123.1245821,49.294602],[-123.1246528,49.2945549],[-123.1246713,49.2945221],[-123.1246876,49.2944595],[-123.1247053,49.2944071],[-123.1247349,49.2942344],[-123.1247314,49.2941095],[-123.1247349,49.2940797],[-123.1247406,49.2940625],[-123.1247937,49.2939657],[-123.1248486,49.2938977],[-123.1248949,49.2938469],[-123.1249384,49.2937844],[-123.1249556,49.2937402],[-123.1249628,49.2936976],[-123.1249635,49.2936598],[-123.12495,49.2936386],[-123.1249384,49.2936321],[-123.1249309,49.2936315],[-123.1249243,49.2936333],[-123.1248984,49.2936526],[-123.1248819,49.2936584],[-123.1247495,49.2936648],[-123.1246867,49.2936591],[-123.1246136,49.293635],[-123.1245878,49.2936309],[-123.124434,49.293622],[-123.1243711,49.2936138],[-123.1243313,49.2936048],[-123.1242901,49.2935882],[-123.124242,49.2935466],[-123.1242182,49.2935303],[-123.1241793,49.2935151],[-123.1241428,49.2935089],[-123.1241061,49.2935119],[-123.124046,49.2935277],[-123.123999,49.2935325],[-123.1239027,49.2935485],[-123.1238774,49.2935497],[-123.1238216,49.2935431],[-123.1237611,49.293531],[-123.1236637,49.2934976],[-123.1236248,49.2934929],[-123.1236088,49.2934953],[-123.123487,49.2935364],[-123.1234306,49.293551],[-123.1234067,49.2935537],[-123.1232889,49.29355],[-123.1232401,49.2935536],[-123.123226,49.2935579],[-123.123078,49.2936661],[-123.1230004,49.2937049],[-123.1229491,49.2937253],[-123.1228021,49.2937455],[-123.1227702,49.2937528],[-123.1226789,49.2937906],[-123.1226082,49.29385],[-123.1225592,49.2938781],[-123.1224791,49.2939307],[-123.1224344,49.2939561],[-123.1223332,49.2940058],[-123.1222146,49.2940595],[-123.1221826,49.2940791],[-123.1221444,49.2941063],[-123.1220935,49.2941528],[-123.1220486,49.294204],[-123.1219896,49.2942508],[-123.1219722,49.2942731],[-123.1219575,49.2942863],[-123.1219,49.2943279],[-123.1218679,49.2943646],[-123.1218396,49.2943854],[-123.121825,49.2943925],[-123.1218086,49.2943958],[-123.1217044,49.2943955],[-123.1216669,49.2943997],[-123.1216094,49.2944315],[-123.1215831,49.2944394],[-123.1215553,49.2944525],[-123.1214893,49.2945095],[-123.1213868,49.2946132],[-123.1213349,49.294672],[-123.121323,49.2946975],[-123.1213166,49.2947432],[-123.12131,49.2947591],[-123.121283,49.2948005],[-123.1212716,49.2948121],[-123.1212556,49.2948219],[-123.1211982,49.2948488],[-123.1211741,49.2948754],[-123.1211469,49.294953],[-123.1210891,49.2950474],[-123.1210839,49.2950606],[-123.1210822,49.2950977],[-123.1210583,49.2951762],[-123.1210507,49.2951977],[-123.1210265,49.2952433],[-123.121017,49.2952593],[-123.1209995,49.2952785],[-123.1209721,49.295303],[-123.1209627,49.2953196],[-123.1209521,49.295357],[-123.1209274,49.2954134],[-123.1209207,49.2954226],[-123.1208958,49.2954419],[-123.1208515,49.2954669],[-123.1208425,49.2954782],[-123.1208382,49.2954902],[-123.1208357,49.295528],[-123.1208294,49.2955497],[-123.1208152,49.295581],[-123.1208137,49.295593],[-123.1208155,49.295604],[-123.120829,49.2956283],[-123.1208382,49.2956541],[-123.1208377,49.2956667],[-123.1208324,49.2956792],[-123.1208196,49.2956973],[-123.1207088,49.2957833],[-123.1206838,49.2958154],[-123.1206652,49.295863],[-123.1206647,49.2958768],[-123.1206739,49.2958971],[-123.120714,49.2959426],[-123.1207387,49.2959767],[-123.1207713,49.2960044],[-123.1207905,49.2960158],[-123.1209174,49.2960735],[-123.1210049,49.2961041],[-123.1212083,49.2961531],[-123.1213147,49.2961691],[-123.1213931,49.2961739],[-123.1217812,49.2961623],[-123.1218511,49.2961658],[-123.1219126,49.2961755],[-123.1219814,49.2961956],[-123.1220287,49.2962144],[-123.1221512,49.2962939],[-123.1222826,49.296367],[-123.1223749,49.2964025],[-123.1224836,49.2964323],[-123.1225211,49.2964397],[-123.1227049,49.2964629],[-123.122823,49.2964828],[-123.1228385,49.2964863],[-123.1228642,49.2965014],[-123.1228898,49.2965306],[-123.1228987,49.2965499],[-123.1229059,49.2965905],[-123.1229075,49.2966476],[-123.1229063,49.2966948],[-123.1229009,49.296719],[-123.1228928,49.2967402],[-123.1228678,49.2967754],[-123.1228498,49.2967914],[-123.1228291,49.2968042],[-123.1227778,49.2968246],[-123.122744,49.2968331],[-123.1227079,49.2968346],[-123.1226202,49.2968181],[-123.1225958,49.2968205],[-123.1225901,49.2968241],[-123.1225612,49.2968753],[-123.1225586,49.2969229],[-123.1225533,49.296949],[-123.1225437,49.2969704],[-123.1225287,49.2969827],[-123.1225004,49.29699],[-123.122361,49.2969985],[-123.1222942,49.2970247],[-123.1222834,49.2970324],[-123.1222815,49.2970373],[-123.1222897,49.2970692],[-123.1222953,49.297079],[-123.1223065,49.2970871],[-123.1223543,49.2971025],[-123.1223838,49.2971195],[-123.1224025,49.2971244],[-123.1224485,49.2971252],[-123.1224888,49.2971296],[-123.1225066,49.2971339],[-123.12253,49.2971487],[-123.1225379,49.2971601],[-123.1225416,49.297173],[-123.122541,49.2972034],[-123.1225352,49.2972205],[-123.1225158,49.297249],[-123.1224904,49.2972686],[-123.1224575,49.2972777],[-123.1223049,49.2972819],[-123.1221039,49.2973048],[-123.1220481,49.2973018],[-123.1218755,49.2972775],[-123.1218586,49.2972768],[-123.1218267,49.2972847],[-123.1217579,49.2973275],[-123.1217513,49.2973373],[-123.1217436,49.2973717],[-123.1217331,49.2973937],[-123.121659,49.297462],[-123.1216523,49.2974828],[-123.1216533,49.2975055],[-123.1216598,49.2975221],[-123.1216945,49.2975668],[-123.1217076,49.2975974],[-123.1217039,49.2976072],[-123.1216851,49.2976195],[-123.1216654,49.2976275],[-123.1216448,49.2976311],[-123.1216223,49.2976421],[-123.1216167,49.2976532],[-123.1216214,49.2976758],[-123.1216195,49.2977065],[-123.1216129,49.2977206],[-123.1215876,49.2977469],[-123.121568,49.2977536],[-123.1215445,49.2977555],[-123.1214921,49.2977506],[-123.1214611,49.2977536],[-123.1214424,49.2977585],[-123.1213852,49.2977934],[-123.1213552,49.2978045],[-123.1213346,49.2978044],[-123.1212869,49.2977977],[-123.1212541,49.2978044],[-123.1212334,49.2978142],[-123.1211491,49.2978718],[-123.1211154,49.2978889],[-123.1210873,49.2978975],[-123.1210535,49.2979],[-123.1210348,49.2978975],[-123.1210292,49.2978938],[-123.1210254,49.297884],[-123.1210451,49.2978626],[-123.121047,49.2978565],[-123.1210348,49.2978497],[-123.1210132,49.2978479],[-123.1209917,49.2978509],[-123.1209224,49.2978779],[-123.1208136,49.2979097],[-123.1206684,49.2979679],[-123.1206459,49.2979728],[-123.1206225,49.2979746],[-123.1205937,49.2979708],[-123.120527,49.2979372],[-123.1203316,49.2978534],[-123.1202614,49.2978276],[-123.1202047,49.2978112],[-123.120165,49.2978032],[-123.1200679,49.2978082],[-123.1199728,49.2977968],[-123.1199361,49.2978003],[-123.1198447,49.2978185],[-123.1196936,49.2978186],[-123.119601,49.2978294],[-123.1195327,49.2978425],[-123.1194503,49.2978633],[-123.1193548,49.2979056],[-123.1193158,49.2979159],[-123.1192247,49.2979148],[-123.1191777,49.297918],[-123.1190699,49.2979322],[-123.118998,49.2979317],[-123.1189179,49.2979263],[-123.1187888,49.2979298],[-123.1187289,49.2979277],[-123.118605,49.2979013],[-123.1185142,49.2978862],[-123.1182674,49.2978735],[-123.1181954,49.2978742],[-123.1179328,49.2978545],[-123.1176745,49.2978645],[-123.1174527,49.2978834],[-123.1173307,49.29788],[-123.1172673,49.2978914],[-123.1172386,49.2979001],[-123.117209,49.2979137],[-123.1171918,49.2979255],[-123.117108,49.298004],[-123.1170331,49.2980657],[-123.1169137,49.2981489],[-123.1168014,49.2982205],[-123.1167797,49.2982363],[-123.1167628,49.2982554],[-123.1167585,49.2982695],[-123.1167592,49.2983138],[-123.1167235,49.2983908],[-123.1166998,49.2984674],[-123.1166689,49.2985338],[-123.11665,49.2985852],[-123.1166458,49.298681],[-123.1166366,49.2987514],[-123.1166187,49.2988219],[-123.116596,49.2989521],[-123.1165939,49.2989988],[-123.1165958,49.2990723],[-123.1165676,49.2992562],[-123.1165568,49.2993075],[-123.1165356,49.2995196],[-123.116515,49.2996306],[-123.1164915,49.2996974],[-123.1164296,49.29984],[-123.116386,49.2999228],[-123.1163682,49.299943],[-123.1163523,49.2999938],[-123.1163457,49.3000373],[-123.1163373,49.3000588],[-123.1163288,49.3000753],[-123.1162679,49.3001617],[-123.1162342,49.3001997],[-123.1162267,49.3002193],[-123.1162351,49.3002505],[-123.1162426,49.3002665],[-123.1162594,49.3002898],[-123.1163091,49.3003419],[-123.1163278,49.3003688],[-123.1163428,49.3004166],[-123.1163465,49.3004803],[-123.1163568,49.3005226],[-123.1163821,49.3005576],[-123.1164317,49.3006084],[-123.1164458,49.3006299],[-123.1164514,49.3006434],[-123.116457,49.3006961],[-123.1164626,49.3007071],[-123.1164758,49.3007157],[-123.1165442,49.3007396],[-123.1165685,49.300758],[-123.1166079,49.3008107],[-123.1166266,49.300845],[-123.1166388,49.3008591],[-123.1166631,49.300875],[-123.1167399,49.3009167],[-123.116814,49.3009345],[-123.1168749,49.3009658],[-123.1169292,49.3009781],[-123.1170426,49.3009922],[-123.117111,49.3009842],[-123.1171869,49.300964],[-123.1172891,49.3009144],[-123.1173312,49.3009004],[-123.1173687,49.3008955],[-123.1174371,49.3008936],[-123.1175083,49.3008839],[-123.1175261,49.3008784],[-123.1175468,49.3008698],[-123.117617,49.3008251],[-123.1177229,49.3007828],[-123.1177848,49.3007424],[-123.1179244,49.300683],[-123.1179507,49.3006634],[-123.1179891,49.3006211],[-123.1180294,49.3005875],[-123.1180622,49.3005513],[-123.1181044,49.3005115],[-123.1181747,49.3004521],[-123.1181859,49.3004374],[-123.1181869,49.3004257],[-123.1181813,49.3003877],[-123.1181822,49.3003626],[-123.1181888,49.3003338],[-123.1181972,49.3003197],[-123.1182131,49.3003008],[-123.1182544,49.3002346],[-123.1183097,49.3001556],[-123.1183528,49.3001114],[-123.1184231,49.3000606],[-123.1184981,49.3000153],[-123.1185815,49.2999755],[-123.1186893,49.2999332],[-123.1187764,49.2999094],[-123.1188626,49.2998922],[-123.1189292,49.2998684],[-123.1189929,49.29985],[-123.1190941,49.2998292],[-123.1191306,49.2998286],[-123.1191569,49.2998323],[-123.119258,49.2998752],[-123.1192862,49.2998838],[-123.1193564,49.2998881],[-123.1193864,49.299893],[-123.1195148,49.2999218],[-123.1195701,49.2999261],[-123.11972,49.2999237],[-123.1199177,49.2999477],[-123.1200732,49.2999759],[-123.1202278,49.3000158],[-123.1202756,49.3000225],[-123.1204902,49.3000305],[-123.1206036,49.3000385],[-123.120657,49.3000367],[-123.1207366,49.3000435],[-123.1208416,49.3000398],[-123.1209934,49.3000533],[-123.1210665,49.3000693],[-123.1211011,49.3000834],[-123.1213494,49.3001601],[-123.1213719,49.3001772],[-123.1213785,49.300195],[-123.1213907,49.3002103],[-123.1214403,49.3002367],[-123.1215396,49.3002673],[-123.1216399,49.3002802],[-123.1217523,49.3003097],[-123.1218104,49.3003293],[-123.121876,49.3003722],[-123.1218957,49.3003802],[-123.1219688,49.3003937],[-123.1220062,49.3004059],[-123.1220671,49.3004531],[-123.1221299,49.3004917],[-123.1222077,49.3005267],[-123.1223211,49.3005665],[-123.1223407,49.3005708],[-123.1223763,49.3005721],[-123.1224091,49.3005825],[-123.12253,49.3006089],[-123.1226078,49.3006328],[-123.1226537,49.3006359],[-123.1227006,49.3006322],[-123.1227558,49.3006328],[-123.1228271,49.3006414],[-123.1228523,49.3006494],[-123.1228786,49.3006678],[-123.1229161,49.3007119],[-123.1229432,49.3007321],[-123.1230913,49.300802],[-123.1231522,49.3008272],[-123.1232262,49.3008756],[-123.1232552,49.3008872],[-123.1233602,49.3009142],[-123.1236328,49.300997],[-123.1238114,49.3010562],[-123.1241299,49.3011898],[-123.1242307,49.3012392],[-123.1243187,49.3012894],[-123.1244846,49.3013998],[-123.1245066,49.3014172],[-123.1245951,49.3014954],[-123.1246673,49.3015855],[-123.1247076,49.3016222],[-123.1247956,49.3016817],[-123.124968,49.3017822],[-123.1250777,49.3018515],[-123.1254482,49.3021405],[-123.1255105,49.3022008],[-123.12557,49.3022673],[-123.1256094,49.3022974],[-123.125673,49.3023328],[-123.1257162,49.3023488],[-123.1257673,49.3023841],[-123.1259121,49.3025254],[-123.1259153,49.3025465],[-123.125913,49.3025572],[-123.1258877,49.3026044],[-123.1258872,49.30262],[-123.1259013,49.3026384],[-123.1259125,49.3026439],[-123.1259392,49.3026485],[-123.1260095,49.3026516],[-123.126046,49.302662],[-123.126069,49.3026734],[-123.1261055,49.302696],[-123.1261397,49.3027233],[-123.1261613,49.3027484],[-123.1262133,49.3028309],[-123.1262568,49.3028655],[-123.1263028,49.3028876],[-123.1263566,49.3029026],[-123.126404,49.3029054],[-123.1264349,49.3029011],[-123.1265056,49.3028775],[-123.1266228,49.3028794],[-123.1266734,49.3028751],[-123.1266987,49.3028696],[-123.1267544,49.3028497],[-123.1268182,49.3028154],[-123.1270581,49.3027235],[-123.1271743,49.3026635],[-123.1272338,49.3026424],[-123.1272933,49.3026335],[-123.1274217,49.3026317],[-123.1275346,49.3026351],[-123.1276203,49.3026262],[-123.1276428,49.3026268],[-123.1278359,49.3026599],[-123.1279324,49.3026833],[-123.1280495,49.3027066],[-123.1281343,49.3027277],[-123.1282238,49.3027568],[-123.1283039,49.3027749],[-123.1284492,49.3027933],[-123.1285171,49.3027943],[-123.1286061,49.3027839],[-123.1286328,49.3027848],[-123.1287148,49.3027986],[-123.1287486,49.302809],[-123.1288488,49.3028495],[-123.1288877,49.3028694],[-123.1289088,49.3028869],[-123.1289852,49.3029681],[-123.1290311,49.3030006],[-123.1290587,49.3030107],[-123.1291759,49.3030407],[-123.129255,49.3030686],[-123.1294565,49.303171],[-123.1294945,49.3031866],[-123.1295947,49.3032154],[-123.1297128,49.3032571],[-123.1297479,49.3032629],[-123.1298079,49.3032574],[-123.1298501,49.3032587],[-123.1299613,49.3032869],[-123.1299984,49.3032974],[-123.1300909,49.3033315],[-123.1301785,49.3033708],[-123.1302329,49.30339],[-123.1302981,49.3034307],[-123.1303337,49.3034577],[-123.1304368,49.3035251],[-123.130597,49.3036483],[-123.1307169,49.3037574],[-123.1309367,49.3039489],[-123.1309728,49.303986],[-123.1309999,49.304005],[-123.1310894,49.3040838],[-123.1312094,49.3041775],[-123.1312759,49.3042351],[-123.1314001,49.3043513],[-123.1314104,49.3043654],[-123.1314315,49.3044128],[-123.1314455,49.3044276],[-123.1315088,49.3044573],[-123.1315285,49.3044744],[-123.1315397,49.3044953],[-123.1315364,49.3045238],[-123.1315397,49.3045529],[-123.1315486,49.3045624],[-123.131617,49.3045924],[-123.1316442,49.3046194],[-123.1316569,49.3046454],[-123.1316494,49.3046724],[-123.1316512,49.3046822],[-123.1316747,49.3046975],[-123.1317136,49.3047168],[-123.1317248,49.3047278],[-123.1317379,49.3047499],[-123.1317384,49.3047594],[-123.1317243,49.3048115],[-123.1317314,49.3048204],[-123.1317688,49.3048498],[-123.1318194,49.3048835],[-123.131818,49.3048881],[-123.1318035,49.3048933],[-123.131744,49.304896],[-123.1317318,49.3049034],[-123.1317196,49.304934],[-123.1317253,49.3049598],[-123.1317328,49.3049708],[-123.1317585,49.3049932],[-123.1317637,49.3050307],[-123.1317578,49.3050461],[-123.1317573,49.305056],[-123.1317615,49.3050654],[-123.1317851,49.3050898],[-123.1317828,49.3051015],[-123.131769,49.3051136],[-123.1317658,49.305123],[-123.1317718,49.3051402],[-123.1317806,49.3051519],[-123.1318324,49.3051935],[-123.1318879,49.3052495],[-123.1319906,49.3053369],[-123.1321066,49.305421],[-123.1323326,49.305611],[-123.1323678,49.3056327],[-123.1324561,49.3057059],[-123.1325087,49.3057409],[-123.1325823,49.305799],[-123.1326405,49.3058563],[-123.1326711,49.3058918],[-123.1327336,49.3059783],[-123.1327586,49.3060055],[-123.1328098,49.3060377],[-123.1329161,49.306078],[-123.1329937,49.3061394],[-123.1330233,49.3061515],[-123.1330565,49.3061593],[-123.1331465,49.3061661],[-123.1332259,49.3061811],[-123.1332928,49.3061994],[-123.133351,49.3062229],[-123.1334143,49.3062581],[-123.1334554,49.3062849],[-123.1334993,49.3063195],[-123.1335409,49.3063593],[-123.1335825,49.3063828],[-123.1336739,49.3064086],[-123.1337063,49.3064225],[-123.1337248,49.30644],[-123.133747,49.3064725],[-123.1338089,49.3065074],[-123.1338205,49.306521],[-123.1338279,49.3065415],[-123.1338409,49.3065608],[-123.1338561,49.3065725],[-123.1338982,49.3065915],[-123.1339255,49.3066207],[-123.133956,49.306643],[-123.1339731,49.3066475],[-123.1340298,49.3066526],[-123.1340603,49.3066598],[-123.1341226,49.306683],[-123.1341573,49.3066995],[-123.1342196,49.3067396],[-123.1342497,49.3067549],[-123.1343609,49.306778],[-123.1343988,49.3067973],[-123.1344261,49.3068205],[-123.1344534,49.3068515],[-123.1344898,49.3068705],[-123.1345217,49.306878],[-123.1346384,49.3068854],[-123.1346998,49.3069049],[-123.1347331,49.306929],[-123.1347498,49.3069483],[-123.1347734,49.3069914],[-123.1347901,49.3070107],[-123.1348933,49.3070778],[-123.1349496,49.3070952],[-123.1349626,49.3071031],[-123.1349658,49.3071118],[-123.1349626,49.3071169],[-123.1349166,49.3071502],[-123.134912,49.3071622],[-123.1349143,49.3071734],[-123.1349245,49.3071867],[-123.1349444,49.3071978],[-123.1350275,49.3072218],[-123.1350571,49.3072393],[-123.1350769,49.3072571],[-123.1350871,49.3072715],[-123.1350913,49.3072918],[-123.1350873,49.3073222],[-123.1350947,49.3073391],[-123.1351183,49.3073545],[-123.1351709,49.3073743],[-123.1351903,49.3073888],[-123.135194,49.307399],[-123.1351922,49.3074051],[-123.1351407,49.3074703],[-123.1351334,49.3074987],[-123.1351381,49.3075216],[-123.1351525,49.3075418],[-123.1352315,49.307586],[-123.13525,49.3076186],[-123.1352874,49.3076424],[-123.1352967,49.3076514],[-123.1353004,49.3076659],[-123.1352898,49.3076813],[-123.135288,49.3076922],[-123.1353001,49.3077066],[-123.1353172,49.3077178],[-123.1353292,49.3077328],[-123.1353283,49.3077449],[-123.1353228,49.3077564],[-123.1353104,49.3077712],[-123.1352764,49.3078038],[-123.1352437,49.3078289],[-123.1352377,49.3078406],[-123.1352332,49.3078726],[-123.135235,49.3078823],[-123.1352466,49.307888],[-123.1352858,49.307881],[-123.1352987,49.3078876],[-123.1353029,49.3078982],[-123.1353006,49.3079033],[-123.1352601,49.3079323],[-123.1352537,49.3079426],[-123.1352491,49.3079637],[-123.1352488,49.3080044],[-123.1352613,49.3080379],[-123.13526,49.3080617],[-123.1352716,49.3081024],[-123.1352689,49.3081169],[-123.13524,49.3081559],[-123.1352303,49.3081749],[-123.1352248,49.3081966],[-123.1352244,49.3082181],[-123.1352093,49.3082558],[-123.1352089,49.3082724],[-123.1352002,49.3082835],[-123.1351771,49.308292],[-123.1351596,49.3083029],[-123.1351587,49.308315],[-123.1351643,49.3083246],[-123.1351939,49.3083523],[-123.1352064,49.3083587],[-123.1353149,49.3083884],[-123.1353532,49.3083905],[-123.1353767,49.3083962],[-123.1353846,49.3084121],[-123.1353893,49.3084453],[-123.1353806,49.308468],[-123.1353829,49.3084839],[-123.1353945,49.3084987],[-123.1354611,49.3085475],[-123.1354851,49.3085698],[-123.1355636,49.3086041],[-123.1355821,49.3086149],[-123.1355969,49.30863],[-123.1356358,49.3086595],[-123.1356529,49.308696],[-123.1356886,49.3087349],[-123.1357034,49.3087711],[-123.1357381,49.3088111],[-123.1357363,49.3088268],[-123.1357211,49.308835],[-123.1357165,49.3088398],[-123.1357165,49.3088459],[-123.1357244,49.3088624],[-123.1357536,49.3089037],[-123.1357703,49.3089146],[-123.1357795,49.3089164],[-123.1357938,49.3089142],[-123.1358233,49.3089009],[-123.1358399,49.3089015],[-123.1358556,49.3089069],[-123.1358731,49.308919],[-123.1358866,49.3089555],[-123.1358807,49.3089799],[-123.1358807,49.3089956],[-123.1358946,49.3090161],[-123.1359048,49.3090414],[-123.1359169,49.3090613],[-123.1359359,49.3090797],[-123.1359368,49.3090845],[-123.1359239,49.3090984],[-123.1359281,49.3091144],[-123.1359559,49.3091361],[-123.1359789,49.3091451],[-123.1360394,49.3091454],[-123.136069,49.3091676],[-123.1360745,49.3091773],[-123.1360759,49.3091927],[-123.1360824,49.3092017],[-123.1361078,49.3092122],[-123.136154,49.3092236],[-123.136166,49.3092387],[-123.1361665,49.3092444],[-123.1361551,49.3092743],[-123.1361565,49.3092837],[-123.1361875,49.3093292],[-123.1362494,49.3093557],[-123.1362743,49.3093695],[-123.136316,49.3094165],[-123.1363322,49.309447],[-123.1363434,49.3095037],[-123.1363454,49.3095429],[-123.1363719,49.3095969],[-123.1363645,49.3096126],[-123.1363383,49.309634],[-123.1363282,49.3096491],[-123.1363403,49.3096823],[-123.1363385,49.3096974],[-123.1363505,49.3097142],[-123.1363671,49.3097287],[-123.1363797,49.3097561],[-123.1363806,49.3097688],[-123.136377,49.3097845],[-123.1363595,49.3098081],[-123.1363554,49.3098247],[-123.1363759,49.3098777],[-123.1363944,49.3099121],[-123.1364393,49.3099666],[-123.136467,49.3099871],[-123.1365012,49.310004],[-123.1365461,49.3100501],[-123.1366497,49.3101417],[-123.1366604,49.310157],[-123.1366632,49.3101812],[-123.1366729,49.3101941],[-123.1366826,49.3102017],[-123.136727,49.3102233],[-123.1367455,49.3102444],[-123.1367737,49.3102863],[-123.1368117,49.3103279],[-123.1368353,49.3103499],[-123.1368843,49.31038],[-123.1369009,49.3103957],[-123.1369083,49.3104053],[-123.1369204,49.3104415],[-123.1369426,49.3104626],[-123.1369473,49.3104722],[-123.1369408,49.3104861],[-123.1369482,49.3104952],[-123.1369607,49.3104997],[-123.1370156,49.3104963],[-123.1370299,49.310499],[-123.1370802,49.3105186],[-123.1371121,49.3105254],[-123.1371736,49.3105613],[-123.1372009,49.3105887],[-123.1372342,49.3106514],[-123.1372371,49.3106858],[-123.1372354,49.3107485],[-123.137241,49.3107594],[-123.1372743,49.3107835],[-123.1372734,49.3107932],[-123.1372435,49.3108182],[-123.1372251,49.310852],[-123.1372437,49.3108924],[-123.1372419,49.3109093],[-123.1372466,49.3109371],[-123.1372582,49.3109627],[-123.1373229,49.3110218],[-123.1373226,49.3110583],[-123.1373384,49.3110938],[-123.1373551,49.3111523],[-123.1373792,49.3111921],[-123.1373922,49.3112066],[-123.1374431,49.3112482],[-123.1374777,49.3112575],[-123.1375128,49.3112611],[-123.1375271,49.3112674],[-123.1375349,49.3112767],[-123.1375429,49.3112999],[-123.1375567,49.3113174],[-123.1375956,49.3113439],[-123.1377064,49.3113728],[-123.1377285,49.3113854],[-123.1377549,49.3113947],[-123.1377724,49.3114062],[-123.137815,49.3114459],[-123.1378732,49.3114646],[-123.1379083,49.3114935],[-123.1379333,49.3115037],[-123.1379693,49.3115079],[-123.137996,49.3115157],[-123.1380279,49.3115395],[-123.1380395,49.3115537],[-123.1380562,49.3115904],[-123.1380738,49.3116091],[-123.1380918,49.3116173],[-123.1381255,49.3116236],[-123.1381444,49.3116317],[-123.1381694,49.3116509],[-123.1382142,49.3116735],[-123.1382426,49.3117432],[-123.1382491,49.3117522],[-123.1382782,49.3117742],[-123.1383364,49.3118067],[-123.1383586,49.3118272],[-123.1384156,49.3119035],[-123.138459,49.3119372],[-123.1384831,49.3119655],[-123.1385271,49.3120388],[-123.138598,49.3121319],[-123.1386622,49.312178],[-123.1387126,49.3122018],[-123.1387662,49.3122349],[-123.1388217,49.3122921],[-123.1388287,49.3122948],[-123.1388517,49.3122882],[-123.138884,49.3123062],[-123.1388933,49.3123153],[-123.1389221,49.3123702],[-123.138991,49.3124319],[-123.1390058,49.3124379],[-123.1390321,49.3124587],[-123.1390566,49.3124867],[-123.1390729,49.3125124],[-123.13909,49.3125549],[-123.1391067,49.3125802],[-123.1391336,49.3126073],[-123.1391846,49.3127044],[-123.1392309,49.3127707],[-123.139237,49.3127963],[-123.1392339,49.3128365],[-123.1392385,49.3128455],[-123.1392533,49.3128612],[-123.1393416,49.3129066],[-123.1393712,49.3129374],[-123.1394354,49.312981],[-123.1394498,49.3130048],[-123.1394604,49.3130142],[-123.1395039,49.3130431],[-123.1395085,49.3130545],[-123.1395063,49.3130669],[-123.1394893,49.3131065],[-123.1394884,49.3131203],[-123.1394917,49.3131297],[-123.1395079,49.3131463],[-123.1395509,49.3131767],[-123.1395731,49.3132032],[-123.1395985,49.3132167],[-123.1396664,49.3132429],[-123.1397066,49.3132655],[-123.1397611,49.3132817],[-123.1398298,49.313291],[-123.1398797,49.3133126],[-123.1399079,49.3133195],[-123.1400227,49.3133046],[-123.1400652,49.313307],[-123.1401695,49.3133286],[-123.1402827,49.3133704],[-123.1403519,49.3133902],[-123.1404941,49.3134045],[-123.1405739,49.3134198],[-123.14067,49.3134504],[-123.1407282,49.3134751],[-123.1407679,49.3134962],[-123.1409121,49.3135847],[-123.1409325,49.313601],[-123.1409764,49.3136465],[-123.1410028,49.3136829],[-123.1410334,49.3137342],[-123.1410501,49.3137691],[-123.1410809,49.3138729],[-123.1410953,49.3139057],[-123.1411152,49.3139374],[-123.141155,49.3139838],[-123.1411805,49.3140022],[-123.1412183,49.3140233],[-123.1412812,49.3140558],[-123.1413403,49.3140816],[-123.1413906,49.3140927],[-123.141458,49.3140993],[-123.1416029,49.3140913],[-123.1417375,49.3140766],[-123.1417735,49.3140754],[-123.141935,49.314086],[-123.1420905,49.3140741],[-123.1421113,49.3140651],[-123.1422235,49.314052],[-123.1423426,49.3140588],[-123.1423785,49.3140496],[-123.1424194,49.3140316],[-123.1424473,49.3140359],[-123.1424812,49.3140473],[-123.1425151,49.3140523],[-123.1425568,49.3140525],[-123.1426575,49.3140412],[-123.142744,49.3140251],[-123.1429611,49.3139759],[-123.1430748,49.3139585],[-123.1433992,49.3138749],[-123.1434646,49.3138675],[-123.1435465,49.3138706],[-123.1436162,49.3138659],[-123.1436807,49.313853],[-123.1437678,49.3138263],[-123.1438188,49.3138193],[-123.1439234,49.3138171],[-123.1440591,49.3138047],[-123.1441335,49.3138042],[-123.144264,49.3137958],[-123.1443396,49.3137767],[-123.1443955,49.3137529],[-123.1445288,49.3137077],[-123.1446112,49.3136847],[-123.1446896,49.3136693],[-123.1448587,49.3136572],[-123.1449965,49.3136354],[-123.1450337,49.3136339],[-123.145085,49.313639],[-123.145189,49.3136606],[-123.1452972,49.3136781],[-123.1453883,49.3136727],[-123.1454346,49.313662],[-123.1455534,49.3136147],[-123.1456118,49.3135998],[-123.1456476,49.313595],[-123.14571,49.3136055],[-123.1458035,49.3136004],[-123.1458225,49.3135951],[-123.1458497,49.3135818],[-123.1458947,49.3135438],[-123.1459183,49.3135336],[-123.1460002,49.3135085],[-123.1460672,49.3134786],[-123.1462971,49.3134248],[-123.146377,49.3134121],[-123.1464634,49.3134073],[-123.1465267,49.3134099],[-123.1465705,49.3134169],[-123.1465892,49.3134217],[-123.1466383,49.3134436],[-123.1466785,49.3134573],[-123.1467905,49.3134772],[-123.1468092,49.313485],[-123.1468444,49.3135094],[-123.1468697,49.3135178],[-123.146919,49.3135199],[-123.1471097,49.3135181],[-123.1471968,49.3135281],[-123.1472442,49.3135266],[-123.1472613,49.3135207],[-123.1472857,49.3135032],[-123.1472967,49.313488],[-123.1473165,49.3134483],[-123.1473405,49.3134323],[-123.1473701,49.313423],[-123.1474179,49.3134157],[-123.1474545,49.3134061],[-123.1475261,49.3133706],[-123.1475352,49.3133608],[-123.1475549,49.3133072],[-123.1475668,49.3132925],[-123.1475783,49.3132861],[-123.1476089,49.3132792],[-123.1477009,49.3132749],[-123.1478105,49.3132615],[-123.1478536,49.3132499],[-123.1479219,49.3132173],[-123.1479586,49.3132112],[-123.1480554,49.3132155],[-123.1481132,49.3131941],[-123.1481973,49.3131854],[-123.1482705,49.3131667],[-123.1484052,49.3131524],[-123.1484232,49.3131435],[-123.14843,49.3131346],[-123.1484456,49.3130904],[-123.1484602,49.3130672],[-123.1484795,49.3130519],[-123.1485054,49.3130402],[-123.1485421,49.3130372],[-123.1486199,49.3130492],[-123.1486483,49.3130493],[-123.1488168,49.3130272],[-123.1488529,49.313016],[-123.1489222,49.3129864],[-123.1490076,49.3129442],[-123.1492,49.3129013],[-123.1492257,49.3129045],[-123.1492425,49.3129104],[-123.1492697,49.3129267],[-123.1492903,49.3129344],[-123.1493219,49.3129361],[-123.1495022,49.3129233],[-123.1496633,49.3129037],[-123.1497531,49.3129035],[-123.1499072,49.3128854],[-123.1499888,49.3128673],[-123.1500849,49.3128548],[-123.150089,49.3128508],[-123.1500776,49.3128369],[-123.1500756,49.3128272],[-123.1500811,49.3128223],[-123.150096,49.3128179],[-123.1502565,49.3128233],[-123.1504449,49.312823],[-123.1504806,49.3128176],[-123.1505569,49.3127876],[-123.1505736,49.3127838],[-123.1506117,49.3127811],[-123.1507117,49.3127826],[-123.1507961,49.3127644],[-123.1508263,49.3127621],[-123.1509198,49.3127636],[-123.1509388,49.312759],[-123.1509974,49.3127291],[-123.1510831,49.3127027],[-123.1511292,49.3126799],[-123.1511872,49.3126388],[-123.1512505,49.3126095],[-123.1512694,49.3125969],[-123.1513169,49.3125412],[-123.151345,49.3125207],[-123.1513765,49.3125113],[-123.1514453,49.3125085],[-123.1514852,49.3125009],[-123.1515088,49.3124919],[-123.1516311,49.31243],[-123.151678,49.3124001],[-123.1517229,49.312379],[-123.1517616,49.3123715],[-123.1518208,49.312375],[-123.1518524,49.3123648],[-123.1518874,49.3123429],[-123.15192,49.3123014],[-123.1519419,49.3122821],[-123.1519737,49.3122636],[-123.1520179,49.3122524],[-123.1520765,49.3122513],[-123.1521063,49.3122436],[-123.1521215,49.3122339],[-123.1521301,49.3122218],[-123.1521401,49.3121794],[-123.1521563,49.3121553],[-123.1521723,49.3121443],[-123.1522193,49.3121287],[-123.1522929,49.3120662],[-123.1523258,49.3120471],[-123.152344,49.3120484],[-123.1523559,49.3120553],[-123.1523983,49.3120934],[-123.1524212,49.3121072],[-123.1524364,49.3121125],[-123.1524508,49.3121096],[-123.1524618,49.3121009],[-123.1524626,49.3120959],[-123.1524386,49.3120447],[-123.1524377,49.3120238],[-123.1524631,49.3120144],[-123.1526013,49.3119936],[-123.152688,49.3119766],[-123.1527438,49.3119612],[-123.1527989,49.3119381],[-123.1528264,49.3119157],[-123.1528422,49.3118775],[-123.1528897,49.3118352],[-123.1529165,49.311787],[-123.1529518,49.3117455],[-123.1529688,49.3117315],[-123.1530098,49.311708],[-123.1530947,49.3116747],[-123.1531279,49.3116584],[-123.153148,49.3116391],[-123.1531584,49.3116102],[-123.1531785,49.3115915],[-123.1532054,49.3115801],[-123.1533349,49.3115684],[-123.1534068,49.3115552],[-123.1534696,49.3115376],[-123.1535042,49.3115197],[-123.1535409,49.3114916],[-123.1536434,49.3114538],[-123.15366,49.3114432],[-123.1536828,49.3114221],[-123.1536932,49.3114063],[-123.1536994,49.3113808],[-123.1537029,49.311339],[-123.1536979,49.3113275],[-123.1536833,49.3113105],[-123.1536718,49.3113026],[-123.1536475,49.3112729],[-123.1536425,49.3112613],[-123.1536373,49.3112292],[-123.1536462,49.3111944],[-123.1536706,49.3111478],[-123.1537039,49.3111014],[-123.1537143,49.3110725],[-123.1537086,49.3110351],[-123.1536906,49.3109823],[-123.153685,49.3109511],[-123.1536643,49.3109339],[-123.1536314,49.3109132],[-123.1535529,49.3108746],[-123.1535347,49.3108625],[-123.1534886,49.3108245],[-123.1534441,49.3107935],[-123.1534163,49.3107579],[-123.1533881,49.3107402],[-123.153363,49.3107166],[-123.1533545,49.3106667],[-123.1533432,49.3106463],[-123.1533213,49.3106224],[-123.1532826,49.3105631],[-123.1532775,49.3105353],[-123.1532779,49.3105144],[-123.1532683,49.3104747],[-123.1532282,49.3103875],[-123.153226,49.3103765],[-123.1532296,49.3103547],[-123.1532384,49.3103337],[-123.1532412,49.3103042],[-123.1532365,49.3102868],[-123.1532171,49.31025],[-123.1532092,49.3102179],[-123.1532153,49.3101856],[-123.1532369,49.310139],[-123.1532431,49.3100635],[-123.1532573,49.3100357],[-123.1532773,49.3100128],[-123.1533596,49.3099431],[-123.1534496,49.3098908],[-123.1535879,49.3098274],[-123.1536992,49.3097687],[-123.1537614,49.3097302],[-123.1540028,49.3095668],[-123.1541479,49.3094945],[-123.1542971,49.3093831],[-123.1543571,49.3093192],[-123.1544194,49.3092357],[-123.1544898,49.3091584],[-123.1545322,49.3091334],[-123.1546043,49.3090807],[-123.1546741,49.3090476],[-123.1547472,49.3089973],[-123.1548423,49.3089464],[-123.154905,49.3089245],[-123.1549876,49.3089127],[-123.1551191,49.3088847],[-123.1551692,49.3088663],[-123.1552612,49.3088225],[-123.1553648,49.308789],[-123.1554133,49.3087799],[-123.1554475,49.3087785],[-123.1555101,49.3087884],[-123.1555331,49.3087879],[-123.1557349,49.3087608],[-123.1557691,49.3087588],[-123.1558583,49.3087782],[-123.155866,49.3087867],[-123.1558723,49.3088087],[-123.1558775,49.3088127],[-123.1558955,49.3088173],[-123.1559204,49.3088186],[-123.1560509,49.308808],[-123.1560985,49.3088001],[-123.1561354,49.30878],[-123.156155,49.3087598],[-123.1561527,49.3087451],[-123.1561333,49.3087227],[-123.1561237,49.3086992],[-123.1561287,49.3086777],[-123.1561214,49.3086683],[-123.1560939,49.3086569],[-123.1560814,49.3086485],[-123.1560808,49.3086427],[-123.1561324,49.3085964],[-123.1561505,49.3085728],[-123.1561665,49.3085438],[-123.1561798,49.3084848],[-123.1561811,49.3084495],[-123.1561665,49.3083681],[-123.1561682,49.3083463],[-123.1562163,49.3082737],[-123.1562323,49.3082434],[-123.1562387,49.3082234],[-123.1562369,49.3081946],[-123.1562191,49.3081455],[-123.1562161,49.3081232],[-123.1562197,49.3080881],[-123.1562182,49.3080498],[-123.1562151,49.3080389],[-123.1562728,49.3079584],[-123.1562991,49.3078818],[-123.1563053,49.3078538],[-123.1563069,49.3077645],[-123.1562689,49.3076178],[-123.1562687,49.307578],[-123.1563075,49.3074941],[-123.1563104,49.3074833],[-123.1563105,49.3074364],[-123.1563432,49.3073542],[-123.1563512,49.3072888],[-123.1563888,49.3071819],[-123.1564187,49.3070491],[-123.1564319,49.3070201],[-123.1564618,49.3069691],[-123.1565239,49.3068957],[-123.1565546,49.3068379],[-123.1565535,49.3067987],[-123.1565308,49.3067634],[-123.156523,49.3067375],[-123.1565231,49.3067218],[-123.1565284,49.3066963],[-123.1565529,49.3066371],[-123.1565679,49.306525],[-123.1565745,49.3065087],[-123.156621,49.3064477],[-123.1566391,49.3064086],[-123.1566441,49.306387],[-123.1566473,49.3063217],[-123.1566518,49.3062999],[-123.1566995,49.3061818],[-123.1567114,49.3061081],[-123.1567319,49.3060704],[-123.1567485,49.3060472],[-123.1567978,49.3059994],[-123.1568154,49.3059762],[-123.1568249,49.3059491],[-123.1568266,49.3059285],[-123.1568218,49.3059086],[-123.156825,49.3059046],[-123.1568479,49.3059022],[-123.1569873,49.3059219],[-123.1571352,49.305947],[-123.1571605,49.3059455],[-123.157166,49.3059411],[-123.1571709,49.3059303],[-123.1571697,49.3059242],[-123.1571596,49.3059154],[-123.157136,49.3059096],[-123.1569443,49.305878],[-123.1568998,49.3058638],[-123.1568629,49.305837],[-123.1568478,49.3058173],[-123.1568325,49.305792],[-123.15683,49.3057693],[-123.1568684,49.3056425],[-123.1569047,49.305536],[-123.1569413,49.3053611],[-123.1569566,49.3053075],[-123.156974,49.3052282],[-123.1569742,49.3052037],[-123.1570061,49.3050601],[-123.157012,49.3050361],[-123.1570381,49.3049677],[-123.1570516,49.3049004],[-123.1570769,49.3048195],[-123.1571221,49.3046975],[-123.1571546,49.3046229],[-123.1572254,49.3044966],[-123.1572441,49.3044445],[-123.1572901,49.3043495],[-123.1573096,49.3042637],[-123.1573558,49.3041415],[-123.1573621,49.304132],[-123.1573688,49.3041296],[-123.1574284,49.3041331],[-123.1574873,49.3041273],[-123.1576016,49.3041078],[-123.1577005,49.3040822],[-123.1577495,49.3040791],[-123.1578509,49.3040646],[-123.1580091,49.3040536],[-123.1580436,49.3040469],[-123.1580844,49.3040339],[-123.158143,49.3040229],[-123.1581923,49.3040063],[-123.1582748,49.3039971],[-123.1582987,49.3039839],[-123.1582993,49.3039787],[-123.158279,49.3039468],[-123.1582789,49.3039348],[-123.1582978,49.3039107],[-123.1583122,49.3038992],[-123.1583289,49.3038917],[-123.1583493,49.3038861],[-123.1584233,49.3038769],[-123.1584758,49.3038637],[-123.1585418,49.3038571],[-123.1586008,49.303847],[-123.1586587,49.3038443],[-123.1587552,49.3038209],[-123.1588623,49.3038065],[-123.1589727,49.3037749],[-123.1590003,49.3037611],[-123.159012,49.3037471],[-123.1590142,49.3037348],[-123.1590084,49.303724],[-123.1589919,49.3037103],[-123.1589654,49.3036961],[-123.1589375,49.3036884],[-123.1588322,49.3036709],[-123.1587652,49.303663],[-123.1587045,49.3036657],[-123.15863,49.3036747],[-123.1586013,49.303674],[-123.158481,49.3036582],[-123.1584406,49.3036558],[-123.1583187,49.3036615],[-123.1582509,49.3036728],[-123.158187,49.3036896],[-123.1580959,49.3037054],[-123.1579705,49.303718],[-123.157851,49.3037409],[-123.1577623,49.3037709],[-123.1577311,49.3037748],[-123.157705,49.303769],[-123.1576749,49.303753],[-123.1576297,49.3037211],[-123.1575838,49.3036812],[-123.157521,49.3036387],[-123.1574995,49.3036191],[-123.1574863,49.303602],[-123.1574337,49.3035138],[-123.1574082,49.3034484],[-123.1573831,49.3034038],[-123.1573718,49.3033736],[-123.1573569,49.3033147],[-123.1573451,49.303196],[-123.1573524,49.3031189],[-123.1573492,49.3030454],[-123.1573541,49.3029536],[-123.1573791,49.302863],[-123.1573736,49.3027747],[-123.1573763,49.3027597],[-123.1573837,49.3027484],[-123.1573956,49.3027427],[-123.1574163,49.3027423],[-123.1574509,49.3027477],[-123.1575139,49.3027659],[-123.1575845,49.3028119],[-123.1576069,49.3028177],[-123.1576514,49.3028222],[-123.1577562,49.30286],[-123.1577811,49.3028588],[-123.1577893,49.3028512],[-123.1577868,49.3028383],[-123.1577768,49.3028265],[-123.1576923,49.3027536],[-123.1576866,49.3027409],[-123.1576796,49.3027043],[-123.1576805,49.302586],[-123.1576736,49.3025444],[-123.1576421,49.3024924],[-123.1576364,49.3024773],[-123.157631,49.3024348],[-123.1576244,49.3024172],[-123.1575734,49.3023244],[-123.1575612,49.3022911],[-123.1575546,49.3022578],[-123.1575513,49.3022056],[-123.1575532,49.3021868],[-123.1575624,49.3021611],[-123.1575772,49.3021349],[-123.1575917,49.3021203],[-123.1576104,49.3021079],[-123.1576459,49.302097],[-123.1577477,49.3020871],[-123.1577696,49.3020777],[-123.1577864,49.3020645],[-123.1578565,49.3020445],[-123.1579012,49.3020229],[-123.1579353,49.3019965],[-123.1579485,49.3019798],[-123.157987,49.3019108],[-123.158019,49.3018768],[-123.1580698,49.3018393],[-123.1580841,49.3018327],[-123.1581451,49.3018202],[-123.1581882,49.3017893],[-123.1582582,49.3017729],[-123.1583308,49.3017483],[-123.1583869,49.3017407],[-123.1584539,49.301716],[-123.1585194,49.3017084],[-123.1586016,49.3016922],[-123.1588452,49.3016539],[-123.1589425,49.3016348],[-123.1589742,49.3016262],[-123.1590141,49.3016101],[-123.1590357,49.3015953],[-123.1590845,49.3015295],[-123.1591341,49.3015024],[-123.1592436,49.3014327],[-123.159336,49.3013533],[-123.1593595,49.301321],[-123.1593962,49.3012827],[-123.1594087,49.3012743],[-123.1594733,49.3012498],[-123.1595015,49.3012302],[-123.1595348,49.3012008],[-123.1595923,49.3011772],[-123.1596214,49.3011612],[-123.159642,49.3011446],[-123.1596765,49.3011035],[-123.1597241,49.3010669],[-123.1597793,49.3010387],[-123.1598749,49.3009989],[-123.1599575,49.3009498],[-123.1599945,49.300921],[-123.1600217,49.3008876],[-123.1600277,49.300876],[-123.1600294,49.300864],[-123.1600255,49.3008538],[-123.1600049,49.3008324],[-123.1600247,49.3007945],[-123.1600432,49.3007732],[-123.1600524,49.3007469],[-123.1600492,49.3007422],[-123.1600413,49.3007394],[-123.1599707,49.3007241],[-123.1599513,49.3007134],[-123.1599428,49.3006989],[-123.1599421,49.3006884],[-123.1599542,49.3006422],[-123.1599463,49.300603],[-123.1599304,49.3005841],[-123.1598745,49.3005481],[-123.1598641,49.3005342],[-123.1598612,49.3005185],[-123.1598677,49.3005029],[-123.1598783,49.3004938],[-123.1600044,49.3004203],[-123.1600363,49.3004062],[-123.1601502,49.3003664],[-123.1601807,49.3003508],[-123.1601984,49.3003365],[-123.1602058,49.3003246],[-123.1602049,49.3003083],[-123.1601842,49.3002906],[-123.1601586,49.3002795],[-123.1600771,49.3002555],[-123.1600241,49.3002509],[-123.1599952,49.3002426],[-123.159965,49.3002284],[-123.1599454,49.3002051],[-123.1599376,49.3001635],[-123.159925,49.3001437],[-123.1598455,49.3000798],[-123.1598104,49.3000234],[-123.1598002,49.3000009],[-123.1597929,49.2999741],[-123.1597935,49.2999538],[-123.1598005,49.2999192],[-123.1598003,49.299909],[-123.1597971,49.299905],[-123.1597724,49.2999001],[-123.1597117,49.2999003],[-123.1596705,49.2998961],[-123.1596659,49.2998924],[-123.1596638,49.2998828],[-123.159666,49.2998718],[-123.1596733,49.299863],[-123.1596866,49.2998551],[-123.1597368,49.2998434],[-123.1598227,49.2998116],[-123.159852,49.2998082],[-123.159904,49.2998116],[-123.1599196,49.2998096],[-123.1599533,49.2997968],[-123.1599738,49.2997863],[-123.1599725,49.2997811],[-123.1599193,49.2997681],[-123.1599223,49.2997627],[-123.1599965,49.2997466],[-123.1600103,49.2997416],[-123.1600399,49.2997235],[-123.1600367,49.2997188],[-123.1600035,49.2997132],[-123.1599742,49.2997021],[-123.1599859,49.2996857],[-123.1600011,49.2996803],[-123.1600415,49.2996808],[-123.1600887,49.2996746],[-123.1601105,49.2996675],[-123.1601301,49.2996557],[-123.1601307,49.2996511],[-123.1601134,49.2996319],[-123.1601112,49.2996091],[-123.1601053,49.2995989],[-123.1600947,49.2995923],[-123.160075,49.2995915],[-123.1600001,49.2995982],[-123.1599461,49.2995942],[-123.15992,49.2995865],[-123.1598725,49.299555],[-123.1598311,49.2995382],[-123.1597869,49.2995389],[-123.1597482,49.2995446],[-123.1597144,49.2995442],[-123.1596483,49.2995225],[-123.1595972,49.2995167],[-123.1594991,49.2995128],[-123.1594701,49.2995057],[-123.1594148,49.2994832],[-123.1593811,49.2994634],[-123.1593558,49.2994425],[-123.159329,49.2994081],[-123.1593254,49.2993525],[-123.159329,49.2993417],[-123.1593499,49.2993303],[-123.1594236,49.2993177],[-123.1594971,49.2992924],[-123.1595073,49.299283],[-123.1595236,49.299254],[-123.1595328,49.299244],[-123.159591,49.2992121],[-123.1595959,49.2992017],[-123.159592,49.2991728],[-123.1595645,49.2991316],[-123.1595231,49.2990985],[-123.1595178,49.2990705],[-123.1594856,49.2990449],[-123.159466,49.2990054],[-123.1594522,49.2989935],[-123.1594253,49.2989797],[-123.1594157,49.29897],[-123.1594098,49.2989617],[-123.1593939,49.2989083],[-123.1593849,49.2988929],[-123.1593414,49.2988521],[-123.1592951,49.2987925],[-123.1592748,49.2987763],[-123.1591901,49.2987308],[-123.1591597,49.2987095],[-123.1590844,49.298626],[-123.1590042,49.2985866],[-123.158942,49.2985763],[-123.1588872,49.2985855],[-123.1588553,49.2986002],[-123.1588323,49.2986178],[-123.1588237,49.2986207],[-123.1588162,49.2986207],[-123.1588084,49.2986153],[-123.1588002,49.2986054],[-123.1587972,49.2985958],[-123.1588076,49.2985748],[-123.1588334,49.2985591],[-123.1588841,49.2985428],[-123.1589122,49.2985287],[-123.1589279,49.2985067],[-123.158932,49.2984933],[-123.1589305,49.2984622],[-123.1589222,49.298424],[-123.1589178,49.2983772],[-123.1588907,49.298337],[-123.1588732,49.2982888],[-123.1588629,49.2982712],[-123.1588479,49.2982535],[-123.1587946,49.298208],[-123.1587409,49.2981435],[-123.1587101,49.2980838],[-123.1586779,49.2980075],[-123.158649,49.2979629],[-123.1586204,49.297926],[-123.1585776,49.2978757],[-123.1585497,49.2978481],[-123.1584735,49.2977814],[-123.1584375,49.2977582],[-123.1583754,49.2977286],[-123.1582945,49.2976794],[-123.1582346,49.2976357],[-123.1581837,49.2975893],[-123.1581436,49.2975615],[-123.1579165,49.2974789],[-123.1577931,49.2974203],[-123.1577366,49.2974058],[-123.1576585,49.2973935],[-123.1576211,49.2973845],[-123.1575974,49.2973753],[-123.1574843,49.2973011],[-123.157427,49.2972679],[-123.1574,49.2972559],[-123.1573446,49.2972377],[-123.1571919,49.297168],[-123.1570114,49.297102],[-123.1568973,49.2970484],[-123.1568433,49.2970281],[-123.1568237,49.2970235],[-123.1567697,49.2970201],[-123.1567368,49.297021],[-123.1566039,49.2970354],[-123.1564273,49.2970308],[-123.1563017,49.2970352],[-123.1562847,49.2970387],[-123.1562424,49.2970575],[-123.1562298,49.2970727],[-123.1562219,49.2971018],[-123.156214,49.2971159],[-123.1562073,49.2971201],[-123.1561922,49.2971212],[-123.1561719,49.2971092],[-123.1561335,49.2970701],[-123.1560979,49.2970472],[-123.156057,49.2970332],[-123.1560294,49.2970283],[-123.1559525,49.2970212],[-123.1559201,49.2970218],[-123.1558519,49.2970382],[-123.1557973,49.29706],[-123.1557368,49.2970559],[-123.1556837,49.2970405],[-123.1556218,49.2969986],[-123.1555583,49.2969662],[-123.1554564,49.296929],[-123.1553222,49.296873],[-123.1552853,49.2968625],[-123.1552258,49.2968584],[-123.1552118,49.2968551],[-123.1551895,49.2968444],[-123.1551716,49.2968298],[-123.1551622,49.2968134],[-123.15511,49.2967618],[-123.1550626,49.2967259],[-123.1550088,49.2967],[-123.1549442,49.2966888],[-123.1548891,49.2966952],[-123.1547944,49.2967193],[-123.1547324,49.2967198],[-123.1547169,49.2967181],[-123.1546969,49.2967108],[-123.1546539,49.2966854],[-123.1546372,49.2966627],[-123.1546345,49.2966378],[-123.1546609,49.2965837],[-123.1546645,49.2965561],[-123.154653,49.2965314],[-123.1546443,49.2965224],[-123.1546308,49.2965158],[-123.1546074,49.2965131],[-123.1545545,49.2965229],[-123.1544715,49.2965535],[-123.1543876,49.2965968],[-123.154361,49.2966057],[-123.1542859,49.2966186],[-123.1542587,49.2966183],[-123.1542424,49.2966135],[-123.1542156,49.2965942],[-123.1541921,49.2965601],[-123.1541479,49.2964412],[-123.1541414,49.2963868],[-123.1541617,49.2962998],[-123.1541535,49.2962216],[-123.1541601,49.2962011],[-123.154178,49.296185],[-123.154224,49.2961693],[-123.1542603,49.2961663],[-123.1543015,49.2961687],[-123.1543497,49.2961788],[-123.1543855,49.2961924],[-123.154446,49.2962291],[-123.154486,49.2962474],[-123.1545287,49.2962801],[-123.1545519,49.2962927],[-123.154634,49.2963133],[-123.1546842,49.2963179],[-123.1547097,49.2963139],[-123.1547244,49.2963089],[-123.1547402,49.2962983],[-123.1547456,49.2962882],[-123.1547437,49.2962731],[-123.1547315,49.2962549],[-123.154694,49.2962157],[-123.1544971,49.2961135],[-123.1544459,49.29608],[-123.1544077,49.296051],[-123.1543674,49.2960137],[-123.154354,49.2959852],[-123.1543585,49.2959613],[-123.1543817,49.2959351],[-123.1544012,49.2958927],[-123.1544256,49.2958785],[-123.1544412,49.2958753],[-123.1544999,49.2958751],[-123.1545448,49.2958667],[-123.1545777,49.2958502],[-123.1546224,49.2958117],[-123.1546233,49.295796],[-123.1546208,49.2957856],[-123.1546136,49.295775],[-123.1545648,49.295737],[-123.1545403,49.2957041],[-123.1545313,49.2956542],[-123.1545351,49.2956048],[-123.1545335,49.2955774],[-123.1545253,49.2955506],[-123.1545172,49.2955364],[-123.1544888,49.2955078],[-123.1544546,49.2954901],[-123.1544098,49.2954761],[-123.154312,49.2954611],[-123.1542567,49.2954568],[-123.1542275,49.2954583],[-123.1541831,49.295467],[-123.1540544,49.2955161],[-123.154009,49.2955261],[-123.1539785,49.2955266],[-123.1538924,49.2955133],[-123.1538632,49.2955142],[-123.1537563,49.2955387],[-123.1537332,49.2955412],[-123.153699,49.2955393],[-123.153672,49.2955316],[-123.1536483,49.2955187],[-123.1536299,49.295505],[-123.1535777,49.2954546],[-123.1535399,49.2954277],[-123.1534911,49.2954096],[-123.1534006,49.295387],[-123.1533275,49.2953613],[-123.1532426,49.2953225],[-123.1531672,49.2952776],[-123.1531328,49.2952637],[-123.1531164,49.2952607],[-123.1530905,49.2952644],[-123.1530599,49.2952825],[-123.1530508,49.2952913],[-123.1530345,49.2953178],[-123.1530188,49.295361],[-123.1530057,49.2953747],[-123.1529833,49.2953864],[-123.1529663,49.2953886],[-123.1529256,49.2953823],[-123.1528996,49.2953709],[-123.1528853,49.2953606],[-123.1528282,49.2953],[-123.1527435,49.295237],[-123.1527107,49.2951985],[-123.1526854,49.2951613],[-123.1526493,49.2951268],[-123.1526338,49.2951075],[-123.1526308,49.295098],[-123.1526391,49.2950879],[-123.1526645,49.2950695],[-123.1526733,49.2950542],[-123.1526736,49.295045],[-123.1526676,49.2950247],[-123.1526586,49.2950086],[-123.1526059,49.2949434],[-123.1525757,49.2948985],[-123.1525587,49.2948832],[-123.1525443,49.2948754],[-123.152529,49.29487],[-123.1525111,49.2948692],[-123.1524969,49.2948739],[-123.1524853,49.2948861],[-123.1524876,49.2949583],[-123.1524766,49.295031],[-123.1524643,49.2950502],[-123.1524409,49.2950662],[-123.1524032,49.2950688],[-123.1523588,49.29506],[-123.1522745,49.2950329],[-123.1521761,49.2950176],[-123.1520713,49.2950065],[-123.152016,49.2949875],[-123.1519556,49.2949486],[-123.151847,49.2949125],[-123.1518142,49.2948935],[-123.1517754,49.2948626],[-123.1517505,49.2948494],[-123.1516363,49.2948028],[-123.1515689,49.294771],[-123.1515357,49.2947621],[-123.1513751,49.2947354],[-123.1513287,49.2947192],[-123.1513193,49.29471],[-123.1513193,49.2946904],[-123.1513329,49.294676],[-123.1513858,49.2946414],[-123.1514008,49.2946267],[-123.1514051,49.2946123],[-123.1514051,49.2945952],[-123.1513943,49.2945526],[-123.1513873,49.2945051],[-123.1513798,49.2944892],[-123.1513555,49.2944653],[-123.1513391,49.2944613],[-123.1512932,49.2944613],[-123.1512604,49.2944552],[-123.1512431,49.2944561],[-123.1512178,49.2944628],[-123.1511682,49.2944922],[-123.1511223,49.2945106],[-123.1510946,49.2945152],[-123.1510769,49.2945146],[-123.151046,49.2945072],[-123.1510342,49.2945008],[-123.1510254,49.2944913],[-123.1510188,49.2944748],[-123.151038,49.294382],[-123.1510357,49.2943284],[-123.1510277,49.2942944],[-123.1509875,49.2941958],[-123.1509781,49.2941247],[-123.1509561,49.2940564],[-123.1509393,49.2940129],[-123.1509075,49.2939541],[-123.1508958,49.2939262],[-123.1508691,49.2938451],[-123.1508247,49.2936886],[-123.1508172,49.2936292],[-123.1508111,49.2936129],[-123.1507755,49.2935535],[-123.150769,49.2935223],[-123.1507737,49.2935119],[-123.1508191,49.2934877],[-123.1508729,49.2934714],[-123.1508992,49.293458],[-123.1509441,49.2934212],[-123.1509581,49.2934157],[-123.1510715,49.2933992],[-123.1510944,49.2933915],[-123.1511192,49.2933765],[-123.1512049,49.2933517],[-123.1512236,49.2933419],[-123.1512555,49.2933156],[-123.1512635,49.2932828],[-123.1512709,49.2932663],[-123.1512794,49.2932565],[-123.1512906,49.2932497],[-123.1513473,49.2932311],[-123.1513562,49.2932216],[-123.1513641,49.2931968],[-123.1513459,49.2931554],[-123.1513482,49.2931429],[-123.151367,49.2931239],[-123.1514152,49.2930874],[-123.1514288,49.2930651],[-123.1514302,49.2930476],[-123.1514166,49.2930283],[-123.1513749,49.2930011],[-123.1513656,49.2929913],[-123.1513567,49.292975],[-123.1513529,49.2929634],[-123.1513576,49.2929309],[-123.1513553,49.2929178],[-123.1513169,49.2928271],[-123.1513104,49.2928087],[-123.1513057,49.2927806],[-123.1512912,49.2927398],[-123.1512612,49.292711],[-123.1511971,49.2926789],[-123.1511386,49.292659],[-123.1510946,49.2926375],[-123.1510426,49.2926237],[-123.1510168,49.2926216],[-123.1509658,49.2926243],[-123.150934,49.2926341],[-123.1508918,49.2926537],[-123.1508595,49.2926595],[-123.1507177,49.2926556],[-123.1507027,49.2926525],[-123.1506844,49.2926332],[-123.1506694,49.2925897],[-123.1506526,49.2925719],[-123.1506339,49.2925646],[-123.1506048,49.2925603],[-123.1505496,49.2925609],[-123.1504943,49.2925566],[-123.1504644,49.2925517],[-123.1504354,49.2925376],[-123.1504035,49.2924862],[-123.1503801,49.2924604],[-123.1503736,49.2924488],[-123.1503698,49.2924365],[-123.1503712,49.2924264],[-123.1503755,49.2924218],[-123.1503928,49.2924142],[-123.15047,49.2923961],[-123.1505201,49.2923756],[-123.150559,49.292352],[-123.1505744,49.2923468],[-123.1506395,49.2923337],[-123.1506541,49.2923278],[-123.1506578,49.2923229],[-123.1506536,49.2923122],[-123.1506381,49.2923064],[-123.1505721,49.2923036],[-123.1505258,49.2922972],[-123.1504902,49.2922862],[-123.1504766,49.2922767],[-123.1504691,49.2922669],[-123.1504701,49.2922608],[-123.1504968,49.2922458],[-123.1504958,49.2922396],[-123.1504663,49.292216],[-123.1503343,49.292148],[-123.1502519,49.2921248],[-123.1501601,49.2920843],[-123.1501368,49.2920702],[-123.1500839,49.2920283],[-123.1500618,49.2920157],[-123.1499879,49.2919845],[-123.1499177,49.2919489],[-123.1498942,49.2919312],[-123.1498732,49.2918953],[-123.1498484,49.2918681],[-123.1497983,49.2918328],[-123.1497749,49.2918096],[-123.1497431,49.2917593],[-123.1497239,49.2917413],[-123.149626,49.2916687],[-123.1494116,49.2915756],[-123.149347,49.2915382],[-123.1492974,49.2915161],[-123.1492642,49.2915128],[-123.1492178,49.2915265],[-123.1491705,49.291517],[-123.1491237,49.2914784],[-123.1491224,49.2914706],[-123.1491406,49.2914399],[-123.1491434,49.2914258],[-123.1491364,49.2914095],[-123.1491172,49.2913896],[-123.1490966,49.2913749],[-123.14901,49.2913262],[-123.1489037,49.2912187],[-123.1488204,49.2911501],[-123.1486383,49.291004],[-123.1485929,49.2909737],[-123.1485405,49.2909302],[-123.148415,49.2908377],[-123.1482994,49.2907124],[-123.1482377,49.290653],[-123.148188,49.2906156],[-123.148085,49.2905519],[-123.1480036,49.2904876],[-123.1479352,49.2904526],[-123.1479179,49.2904407],[-123.147888,49.2904058],[-123.1478828,49.2903902],[-123.147873,49.2903745],[-123.1478529,49.2903559],[-123.1478234,49.2903317],[-123.1477621,49.2902952],[-123.1477284,49.2902701],[-123.1476577,49.2902036],[-123.1475004,49.2900946],[-123.1474672,49.2900642],[-123.1474442,49.2900535],[-123.1474307,49.2900514],[-123.1474035,49.2900557],[-123.1473511,49.290074],[-123.1473253,49.290075],[-123.1473188,49.2900725],[-123.1473052,49.2900575],[-123.147264,49.2899693],[-123.1472561,49.2899237],[-123.1472416,49.2898731],[-123.1472411,49.2898391],[-123.1472772,49.2898027],[-123.1474078,49.2897038],[-123.1474228,49.2896842],[-123.1474181,49.2896719],[-123.1474032,49.289664],[-123.1473938,49.2896633],[-123.1473676,49.289667],[-123.1473409,49.2896765],[-123.1473198,49.2896872],[-123.147258,49.2897332],[-123.1470866,49.2898434],[-123.147,49.2898804],[-123.1469686,49.2898807],[-123.1469476,49.2898712],[-123.1468928,49.2898544],[-123.1468062,49.2898357],[-123.1467299,49.2898072],[-123.1466372,49.2897845],[-123.1465754,49.2897649],[-123.1465305,49.289741],[-123.1465262,49.2897358],[-123.1465291,49.2897144],[-123.1465188,49.2896978],[-123.1465071,49.2896883],[-123.1464579,49.289658],[-123.1463451,49.2896026],[-123.1463067,49.2895726],[-123.1462828,49.2895716],[-123.1462777,49.289575],[-123.1462711,49.2895946],[-123.1462627,49.2896044],[-123.1462547,49.2896035],[-123.1462407,49.2895961],[-123.1462136,49.2895692],[-123.1461901,49.2895526],[-123.146097,49.2895039],[-123.1460198,49.2894754],[-123.1459229,49.2894188],[-123.1458948,49.2894059],[-123.1458363,49.289386],[-123.1456631,49.2893535],[-123.1455881,49.289321],[-123.1455423,49.2892879],[-123.1455128,49.2892552],[-123.1454758,49.289234],[-123.1454646,49.2892242],[-123.145458,49.2892028],[-123.1454604,49.2891743],[-123.1454566,49.2891645],[-123.1454445,49.2891541],[-123.1454211,49.2891443],[-123.1454052,49.2891437],[-123.1453902,49.2891492],[-123.1453359,49.2891553],[-123.145289,49.2891504],[-123.1451463,49.2891213],[-123.1450025,49.2890799],[-123.144952,49.2890701],[-123.1448453,49.2890401],[-123.1447638,49.2890388],[-123.1447226,49.2890235],[-123.1446674,49.288996],[-123.144643,49.2889812],[-123.1446215,49.2889623],[-123.1445176,49.288931],[-123.1445017,49.2889237],[-123.1444923,49.2889151],[-123.1444703,49.2887916],[-123.1444615,49.2887142],[-123.1444559,49.2886872],[-123.1444358,49.2886269],[-123.144425,49.2885714],[-123.1444063,49.2885433],[-123.1443628,49.2884958],[-123.14436,49.2884823],[-123.1443623,49.288471],[-123.1443586,49.2884544],[-123.1443459,49.2884431],[-123.1442996,49.2884232],[-123.1442893,49.2884128],[-123.1442888,49.2883996],[-123.1443085,49.28838],[-123.1443291,49.2883684],[-123.1444251,49.2883368],[-123.1444742,49.2883157],[-123.144574,49.2882487],[-123.1446227,49.2882242],[-123.1447173,49.2881611],[-123.1448231,49.2881121],[-123.1448442,49.2880996],[-123.1448592,49.2880861],[-123.1448962,49.2880343],[-123.1449018,49.2880233],[-123.1449027,49.2880117],[-123.1448994,49.2880058],[-123.1448887,49.288],[-123.1448671,49.2880019],[-123.1447997,49.2880496],[-123.1447421,49.2880977],[-123.1445656,49.2882125],[-123.1444612,49.288263],[-123.1444377,49.2882661],[-123.1444214,49.2882633],[-123.1444036,49.2882572],[-123.1443666,49.2882355],[-123.1443474,49.2882143],[-123.1443147,49.2881666],[-123.1442927,49.2881466],[-123.1442543,49.2881252],[-123.144178,49.2881034],[-123.1441288,49.2880725],[-123.1441162,49.2880599],[-123.1441003,49.2880342],[-123.1440956,49.2880201],[-123.1440923,49.28798],[-123.1440858,49.2879635],[-123.1440591,49.2879276],[-123.1440254,49.2878921],[-123.1439964,49.2878425],[-123.1439824,49.2877965],[-123.143981,49.2877723],[-123.1439857,49.2877497],[-123.1440185,49.2876878],[-123.1440227,49.287674],[-123.1440236,49.2876502],[-123.1440073,49.2875763],[-123.1440026,49.2875059],[-123.1439821,49.2874324],[-123.1439732,49.2873653],[-123.1439756,49.2872786],[-123.1439732,49.2872318],[-123.1439854,49.2871436],[-123.1439859,49.2870845],[-123.1439901,49.2870536],[-123.1440042,49.2869972],[-123.1440052,49.2869053],[-123.1440239,49.2868294],[-123.1440291,49.2867942],[-123.1440268,49.2867791],[-123.1440516,49.2866839],[-123.1440731,49.2866282],[-123.1440999,49.2865225],[-123.1441187,49.28637],[-123.1441322,49.2863109],[-123.1441332,49.2862754],[-123.1441595,49.2861075],[-123.1441637,49.2860301],[-123.1441614,49.2859624],[-123.1441684,49.285891],[-123.1441689,49.285835],[-123.1441839,49.2857394],[-123.1442022,49.2856638],[-123.1442046,49.2855949],[-123.1442116,49.2855535],[-123.1442107,49.2855407],[-123.1442177,49.2854858],[-123.1442585,49.2852938],[-123.1442571,49.2852274],[-123.1442647,49.2851637],[-123.1442614,49.2850623],[-123.144276,49.2849131],[-123.1442732,49.2847821],[-123.1442835,49.2847263],[-123.1442962,49.2846005],[-123.1442994,49.2845634],[-123.1442972,49.2845134],[-123.1443046,49.2844528],[-123.1443173,49.284429],[-123.1443491,49.2843889],[-123.1443541,49.2843763],[-123.1443526,49.2843462],[-123.1443637,49.2842876],[-123.1443626,49.2842739],[-123.1443566,49.2842626],[-123.1443301,49.2842309],[-123.1442857,49.2841963],[-123.1442531,49.2841791],[-123.1441576,49.2841509],[-123.1440367,49.2841286],[-123.1438894,49.2840793],[-123.1438522,49.2840594],[-123.1438003,49.2840246],[-123.1437808,49.2840095],[-123.1437375,49.2839641],[-123.1436564,49.2838538],[-123.1436257,49.283805],[-123.1435924,49.2837601],[-123.1435795,49.2837369],[-123.1435648,49.2836974],[-123.1435533,49.2836519],[-123.1435306,49.2835887],[-123.1434799,49.2835238],[-123.1434173,49.2834537],[-123.1433576,49.283358],[-123.1433351,49.2832982],[-123.1432766,49.2831988],[-123.1432461,49.283154],[-123.1432182,49.2830813],[-123.1431859,49.2830346],[-123.1431445,49.2829892],[-123.1431225,49.282953],[-123.1431036,49.2829119],[-123.1430612,49.2828529],[-123.1429657,49.2827544],[-123.1428399,49.2826061],[-123.1427971,49.282561],[-123.1427215,49.2824933],[-123.1425657,49.2823418],[-123.1424751,49.2822803],[-123.1423416,49.2821742],[-123.1423176,49.282147],[-123.1422814,49.2820865],[-123.1422431,49.2820375],[-123.1420867,49.2819197],[-123.1419628,49.2818031],[-123.1419305,49.281757],[-123.1419131,49.2817144],[-123.1419103,49.2816583],[-123.1418971,49.2816173],[-123.1418542,49.2815586],[-123.1417999,49.2815085],[-123.1417957,49.2814991],[-123.1417956,49.2814771],[-123.1417889,49.281462],[-123.1417735,49.2814499],[-123.1417375,49.2814424],[-123.1417187,49.2814305],[-123.1416825,49.2813939],[-123.1416452,49.2813771],[-123.1416372,49.2813683],[-123.1415956,49.2812937],[-123.1415841,49.281281],[-123.1415688,49.2812831],[-123.1415463,49.2812943],[-123.1415307,49.2812949],[-123.1415168,49.2812889],[-123.1415069,49.2812794],[-123.1414551,49.281195],[-123.141418,49.2811661],[-123.1413489,49.2811244],[-123.1413352,49.2811082],[-123.1413113,49.2810564],[-123.1412841,49.281012],[-123.1412565,49.28095],[-123.1412449,49.2808347],[-123.1412333,49.2808071],[-123.1412212,49.2807941],[-123.1412104,49.2807857],[-123.1411771,49.2807712],[-123.1411261,49.280761],[-123.1411036,49.2807638],[-123.141066,49.2807758],[-123.1410579,49.2807753],[-123.1410381,49.2807665],[-123.1410216,49.2807657],[-123.1409671,49.2807814],[-123.1409332,49.2807858],[-123.1408898,49.2807822],[-123.1407895,49.2807641],[-123.1407481,49.280751],[-123.1406992,49.280728],[-123.1406678,49.2807077],[-123.1406204,49.2806671],[-123.1405743,49.2806371],[-123.1405393,49.2806058],[-123.140514,49.2805686],[-123.1405067,49.2805486],[-123.1404965,49.2804724],[-123.14048,49.2804227],[-123.1404746,49.2803078],[-123.1404993,49.2801718],[-123.1405004,49.2800487],[-123.14051,49.2799923],[-123.14051,49.2799284],[-123.1405169,49.2798598],[-123.1405138,49.279833],[-123.1405173,49.2797736],[-123.1405328,49.2797607],[-123.1405954,49.279752],[-123.1406062,49.2797449],[-123.1406032,49.2797402],[-123.1405889,49.2797327],[-123.1404969,49.2797108],[-123.1404402,49.279692],[-123.1403449,49.2796691],[-123.1401883,49.2796099],[-123.1401534,49.2795994],[-123.1400254,49.2795766],[-123.1399816,49.2795727],[-123.1398117,49.2795692],[-123.139766,49.279564],[-123.1397272,49.2795482],[-123.1396901,49.2795181],[-123.1396759,49.2794945],[-123.1396685,49.279475],[-123.1396497,49.2794005],[-123.1396437,49.2793588],[-123.1396444,49.2792993],[-123.1396325,49.2791806],[-123.1396481,49.2790393],[-123.1396482,49.2789265],[-123.1396523,49.2788972],[-123.1397262,49.2788656],[-123.1397368,49.2788538],[-123.1397327,49.2788437],[-123.1396414,49.2788172],[-123.139533,49.2787999],[-123.139462,49.2787819],[-123.1393933,49.278774],[-123.1390949,49.2787248],[-123.1390416,49.2787135],[-123.1389409,49.2787094],[-123.1388593,49.2786961],[-123.1387224,49.2786638],[-123.1386775,49.2786456],[-123.1386495,49.2786303],[-123.1386148,49.2786012],[-123.1385915,49.2785705],[-123.1385616,49.2785391],[-123.138554,49.278524],[-123.1385506,49.278501],[-123.1385517,49.2784669],[-123.1385639,49.2783975],[-123.1385666,49.27836],[-123.1385591,49.2782393],[-123.1385622,49.2781789],[-123.1385608,49.2780921],[-123.1385697,49.2780378],[-123.1385797,49.2780061],[-123.1385879,49.2779874],[-123.1386134,49.2779493],[-123.1386092,49.2779321],[-123.1385981,49.2779185],[-123.1385794,49.2779066],[-123.1384261,49.2778407],[-123.1383308,49.2777939],[-123.1381055,49.2776706],[-123.1380408,49.2776507],[-123.1380289,49.2776442],[-123.1379927,49.2775844],[-123.1379768,49.2775647],[-123.1379585,49.277546],[-123.1378521,49.2774552],[-123.1377912,49.2774186],[-123.1376943,49.2773752],[-123.1376686,49.2773699],[-123.1376529,49.2773711],[-123.1376378,49.2773772],[-123.1376207,49.2773947],[-123.1376144,49.2774039],[-123.1376107,49.2774199],[-123.1376145,49.277451],[-123.1376119,49.2774621],[-123.1375982,49.2774769],[-123.1375827,49.2774839],[-123.1375585,49.2774849],[-123.1375167,49.2774702],[-123.1374523,49.2774298],[-123.1373747,49.2773878],[-123.137357,49.2773746],[-123.1373261,49.277345],[-123.1373073,49.2773194],[-123.1372796,49.2772908],[-123.1371344,49.2771752],[-123.1369395,49.2770676],[-123.1368444,49.277001],[-123.1367615,49.27693],[-123.1366973,49.2768614],[-123.1366659,49.2768321],[-123.1366373,49.2767951],[-123.1365764,49.2766649],[-123.1365502,49.276627],[-123.1365161,49.2765887],[-123.13649,49.2765334],[-123.1364741,49.2765138],[-123.1364169,49.2764631],[-123.1364077,49.2764514],[-123.1363769,49.2763805],[-123.1363513,49.2762934],[-123.1363425,49.2762181],[-123.1363277,49.2761567],[-123.1363462,49.2760846],[-123.1363483,49.2760661],[-123.1363403,49.2759772],[-123.1363423,49.2759516],[-123.1363683,49.2759048],[-123.1363745,49.2758808],[-123.1363651,49.2758309],[-123.1363652,49.2758064],[-123.1363147,49.2757049],[-123.1362606,49.2756376],[-123.1361885,49.2755622],[-123.1360843,49.2755947],[-123.1360748,49.2755835],[-123.136058,49.275576],[-123.1360284,49.2755699],[-123.1359603,49.2755701],[-123.1358662,49.2755795],[-123.1358523,49.2755745],[-123.1356057,49.2754155],[-123.1350529,49.2755931],[-123.1344832,49.2752238],[-123.134421,49.275182],[-123.1348165,49.2749201],[-123.1347566,49.2748729],[-123.13454,49.2747156],[-123.1346194,49.2746607],[-123.1346386,49.2746427],[-123.1346565,49.2746172],[-123.1346658,49.2745956],[-123.1346716,49.2745695],[-123.1346699,49.2745441],[-123.1346595,49.2745153],[-123.1346414,49.2744878],[-123.1346182,49.2744632],[-123.1345694,49.2744315],[-123.1345379,49.2744203],[-123.1344669,49.2744058],[-123.1344264,49.274404],[-123.1343804,49.2744081],[-123.1343391,49.2744161],[-123.1343035,49.2744275],[-123.134251,49.2744562],[-123.1342328,49.2744484],[-123.1341962,49.2744236],[-123.1341292,49.2743572],[-123.1344016,49.2741749],[-123.1344127,49.2741663],[-123.1344155,49.2741577],[-123.1344156,49.2741491],[-123.1344102,49.2741397],[-123.1343917,49.2741297],[-123.134377,49.2741283],[-123.1343509,49.2741352],[-123.1341476,49.2742667],[-123.1338397,49.2740654],[-123.1336596,49.273952],[-123.1332654,49.2742115],[-123.1331492,49.2741452],[-123.1330986,49.2741077],[-123.1330284,49.2740618],[-123.1330689,49.2740245],[-123.1331288,49.2739351],[-123.1331533,49.2738875],[-123.1331656,49.2738218],[-123.1331623,49.2737743],[-123.1331534,49.2737263],[-123.1331361,49.273679],[-123.1331035,49.2736326],[-123.1330668,49.2735902],[-123.1330241,49.273553],[-123.1329913,49.27353],[-123.1329335,49.2735561],[-123.1328897,49.2735509],[-123.1328313,49.2735216],[-123.1325953,49.273358],[-123.1327158,49.2732795],[-123.1322602,49.2729889],[-123.1322615,49.2729791],[-123.1322673,49.2729695],[-123.1323172,49.2729446],[-123.1323234,49.2729298],[-123.132316,49.2729156],[-123.1323035,49.2729106],[-123.1322484,49.2729151],[-123.1322178,49.2729096],[-123.1321802,49.2728918],[-123.1321726,49.2728823],[-123.1321759,49.2728678],[-123.1321721,49.2728574],[-123.1321549,49.2728466],[-123.1321378,49.2728426],[-123.1320993,49.2728484],[-123.132082,49.2728636],[-123.132071,49.2728676],[-123.1320448,49.272851],[-123.1319587,49.272907],[-123.131881,49.2728859],[-123.1318183,49.272857],[-123.1316595,49.2727492],[-123.1316219,49.2727068],[-123.1316231,49.2726907],[-123.1316568,49.2726665],[-123.1316048,49.2726348],[-123.131539,49.2726087],[-123.1314722,49.2725856],[-123.1314009,49.2725667],[-123.1313259,49.2725534],[-123.1312515,49.2725513],[-123.1311753,49.2725535],[-123.1310954,49.2725612],[-123.1309554,49.2725965],[-123.1308569,49.2726423],[-123.1308026,49.2726097],[-123.1306968,49.2725391],[-123.1306182,49.2724916],[-123.1308764,49.2723193],[-123.1307888,49.2722602],[-123.130768,49.2722111],[-123.1305484,49.2720726],[-123.1304941,49.2720363],[-123.1303942,49.2719617],[-123.1303357,49.271927],[-123.1302271,49.2718539],[-123.1300249,49.2717326],[-123.1300627,49.2716998],[-123.1300798,49.271681],[-123.1300978,49.2716539],[-123.1301069,49.2716287],[-123.1301084,49.2716011],[-123.1301039,49.2715741],[-123.130091,49.2715481],[-123.1300762,49.2715273],[-123.1300558,49.2715063],[-123.130031,49.2714893],[-123.1299759,49.2714642],[-123.1299448,49.2714551],[-123.1298758,49.2714471],[-123.1298444,49.2714482],[-123.129778,49.2714574],[-123.1297483,49.2714669],[-123.1296924,49.2714935],[-123.1296494,49.2715212],[-123.1295928,49.2715209],[-123.1295937,49.2715585],[-123.129408,49.2716814],[-123.1293612,49.271682],[-123.1293616,49.2717129],[-123.1292085,49.2718117],[-123.1291912,49.2718012],[-123.1291469,49.271762],[-123.1289974,49.2716549],[-123.128833,49.2715514],[-123.1286737,49.2714434],[-123.1285079,49.2713384],[-123.1283971,49.2712735],[-123.1283445,49.2712374],[-123.1283048,49.271194],[-123.1282448,49.2711621],[-123.1281982,49.2711214],[-123.1281535,49.2710753],[-123.1281198,49.2710291],[-123.1280918,49.2709793],[-123.1279519,49.2708365],[-123.1279104,49.2707968],[-123.1278611,49.2707567],[-123.1278294,49.2707537],[-123.1278132,49.2707686],[-123.12781,49.2707878],[-123.127826,49.2708358],[-123.12782,49.2708446],[-123.127793,49.2708501],[-123.1277344,49.2708241],[-123.1276785,49.2707913],[-123.1276282,49.2707561],[-123.1275165,49.2706869],[-123.1273312,49.2705917],[-123.127194,49.270535],[-123.1271214,49.2705169],[-123.1270479,49.2705048],[-123.1269694,49.270504],[-123.1268937,49.2705111],[-123.1268156,49.2705233],[-123.1266605,49.2705339],[-123.1261851,49.2705415],[-123.1260257,49.2705378],[-123.1258686,49.2705447],[-123.1257088,49.2705559],[-123.1256359,49.2705672],[-123.1255681,49.2705886],[-123.1255101,49.2706182],[-123.1254577,49.2706532],[-123.1254216,49.2706976],[-123.1254166,49.2707454],[-123.1254293,49.2707949],[-123.1254657,49.2708375],[-123.1257325,49.2710089],[-123.12578,49.2710459],[-123.1257899,49.271073],[-123.1257848,49.2710916],[-123.1257598,49.2711153],[-123.1252353,49.2714703],[-123.1250182,49.2716031],[-123.1248745,49.2716734],[-123.1248065,49.2716954],[-123.1247402,49.2717113],[-123.1246683,49.2717199],[-123.1245122,49.2717251],[-123.1242784,49.2717213],[-123.1239648,49.271724],[-123.1237398,49.2717192],[-123.123518,49.2717093],[-123.1234914,49.2716988],[-123.1233747,49.2716317],[-123.123272,49.271559],[-123.1231576,49.2714867],[-123.1230424,49.2714192],[-123.122716,49.2712047],[-123.1226493,49.2711841],[-123.1225984,49.2711921],[-123.1223984,49.271062],[-123.1221614,49.2712186],[-123.1217496,49.270953],[-123.1215731,49.2709806],[-123.1213838,49.2710177],[-123.1212357,49.2710271],[-123.1211626,49.2710212],[-123.1210962,49.2710053],[-123.120958,49.2709535],[-123.1208556,49.2710189],[-123.1207378,49.2709442],[-123.1206209,49.2710211],[-123.1205656,49.2710195],[-123.120457,49.2710229],[-123.1203548,49.2710389],[-123.120253,49.2710674],[-123.120206,49.2710873],[-123.1201227,49.2711347],[-123.1200958,49.2711549],[-123.1200487,49.2711983],[-123.120029,49.2712215],[-123.1199965,49.2712693],[-123.1199734,49.271323],[-123.1199648,49.2713764],[-123.1199639,49.2714073],[-123.1199694,49.2714541],[-123.1199189,49.2714887],[-123.119853,49.2714719],[-123.1197813,49.2714833],[-123.1197263,49.2715136],[-123.1196874,49.2715571],[-123.1196639,49.2716027],[-123.1196457,49.2717019],[-123.1196413,49.2717503],[-123.1196438,49.2719022],[-123.1196367,49.2720039],[-123.1196437,49.2722022],[-123.1196406,49.2723486],[-123.1196459,49.2724987],[-123.1196409,49.2726445],[-123.1196858,49.2726887],[-123.1196702,49.272697],[-123.1196104,49.2727156],[-123.1194922,49.2727654],[-123.1194332,49.2728004],[-123.1194086,49.2728228],[-123.1193825,49.2728488],[-123.1193483,49.2728927],[-123.119324,49.2729404],[-123.1193178,49.2729646],[-123.1193144,49.2729926],[-123.1193144,49.2730375],[-123.1193102,49.2730523],[-123.1192587,49.2730563],[-123.1190694,49.2731283],[-123.1189342,49.2731713],[-123.1187283,49.2732275],[-123.1185862,49.2732567],[-123.1184358,49.2732786],[-123.1182817,49.2732913],[-123.1181272,49.2732928],[-123.1178234,49.2732797],[-123.1175993,49.2732505],[-123.1175249,49.2732358],[-123.1173869,49.2732005],[-123.1172475,49.2731606],[-123.1171806,49.2731397],[-123.1169851,49.2730665],[-123.1168672,49.2730084],[-123.1166964,49.2729155],[-123.1166458,49.2728828],[-123.116505,49.2727716],[-123.1164151,49.2726953],[-123.1163355,49.272616],[-123.1162886,49.2725796],[-123.116239,49.2725476],[-123.1161777,49.2725206],[-123.1161104,49.2725001],[-123.1160392,49.2724941],[-123.1159657,49.2724928],[-123.1158321,49.272497],[-123.115727,49.2724939],[-123.1156651,49.2724947],[-123.115601,49.2725007],[-123.1155642,49.2724988],[-123.1153776,49.2725049],[-123.1152516,49.2725051],[-123.1151682,49.2725105],[-123.1150774,49.2725079],[-123.1150147,49.2725112],[-123.1148636,49.2725123],[-123.1146952,49.2725195],[-123.1146019,49.2725347],[-123.1145213,49.2725739],[-123.1144988,49.2725874],[-123.1144694,49.272611],[-123.1144164,49.2726404],[-123.1143944,49.272656],[-123.114337,49.2726792],[-123.1143117,49.2726977],[-123.114266,49.2727106],[-123.1142366,49.2727286],[-123.1142037,49.2727408],[-123.1140608,49.2728087],[-123.1139726,49.2728433],[-123.1138775,49.2728952],[-123.1137859,49.2729341],[-123.1137613,49.2729693],[-123.1137609,49.272974],[-123.1137695,49.2729872],[-123.1137688,49.272992],[-123.1137625,49.2729945],[-123.1135871,49.2730036],[-123.1133718,49.2730297],[-123.1132623,49.2730526],[-123.1130967,49.2731009],[-123.1130026,49.2731387],[-123.1127734,49.2732506],[-123.1125497,49.2733525],[-123.1122954,49.273478],[-123.1121998,49.2735199],[-123.1121396,49.2735537],[-123.1121073,49.2735657],[-123.1120564,49.2735587],[-123.1120261,49.2735632],[-123.1120096,49.27358],[-123.1119816,49.2736317],[-123.1119828,49.2736469],[-123.1119675,49.2736644],[-123.111936,49.2736772],[-123.111903,49.2737004],[-123.1118485,49.2737285],[-123.1118141,49.2737504],[-123.1117606,49.2737711],[-123.1117025,49.2738025],[-123.1116562,49.2738178],[-123.1115914,49.2738605],[-123.1115577,49.2738594],[-123.1115106,49.2738896],[-123.1114043,49.2739486],[-123.1113008,49.274],[-123.111276,49.2740189],[-123.11122,49.2740335],[-123.1111692,49.274056],[-123.111094,49.2740962],[-123.1110442,49.2741127],[-123.1109892,49.2741139],[-123.1108522,49.2740979],[-123.11083,49.2740971],[-123.1108077,49.2741003],[-123.1107563,49.2740901],[-123.1107329,49.2740904],[-123.1106741,49.2740824],[-123.1105773,49.2740609],[-123.1103903,49.2740628],[-123.1103364,49.2740741],[-123.1103129,49.2740885],[-123.1102959,49.2741111],[-123.1102518,49.2742051],[-123.1102453,49.2742605],[-123.1102294,49.2743033],[-123.1102186,49.2743222],[-123.1102096,49.2743537],[-123.110211,49.2743697],[-123.1102041,49.2744197],[-123.1102062,49.2744487],[-123.1102035,49.2744532],[-123.1101884,49.274454],[-123.1101036,49.2744433],[-123.1098434,49.2744226],[-123.1097796,49.2744123],[-123.1096823,49.2744051],[-123.1096058,49.2743928],[-123.1095675,49.2743909],[-123.1095134,49.2743403],[-123.1094405,49.274281],[-123.109449,49.2742464],[-123.1094444,49.2742366],[-123.1093646,49.2741715],[-123.1093581,49.2741691],[-123.1092462,49.2742217],[-123.1092371,49.2742339],[-123.1092329,49.2742619],[-123.1089597,49.2742353],[-123.1089381,49.2742372],[-123.1089145,49.2743572],[-123.1088883,49.2744538],[-123.1088875,49.2744679],[-123.1088186,49.274489],[-123.1087664,49.2745114],[-123.1087012,49.2745554],[-123.1086678,49.2745884],[-123.1086541,49.2746104],[-123.1086354,49.2746816],[-123.1086372,49.2747222],[-123.1086766,49.2748046],[-123.1086944,49.2748249],[-123.1086918,49.2748294],[-123.1086734,49.2748367],[-123.1086452,49.2748232],[-123.1085062,49.2748965],[-123.1084889,49.2749033],[-123.1084862,49.2749001],[-123.1084553,49.274915],[-123.108454,49.2749203],[-123.1084618,49.2749279],[-123.1085415,49.274991],[-123.1085595,49.2750093],[-123.1085084,49.2752407],[-123.1085202,49.2752605],[-123.1085059,49.2753533],[-123.1084982,49.2753772],[-123.108498,49.2753919],[-123.1084568,49.2754844],[-123.1084543,49.2755067],[-123.108443,49.2755506],[-123.1084436,49.2755862],[-123.1084558,49.2756338],[-123.1084524,49.2756506],[-123.1084448,49.2756665],[-123.108413,49.2757042],[-123.1084087,49.2757149],[-123.1084058,49.2757667],[-123.1084039,49.2757716],[-123.1083978,49.2757744],[-123.1082902,49.2757396],[-123.1082546,49.2757345],[-123.1081444,49.2757356],[-123.1080269,49.2757195],[-123.1079749,49.2757165],[-123.1079491,49.2757198],[-123.1079345,49.2757243],[-123.1079156,49.2757371],[-123.1079001,49.2757386],[-123.1078856,49.2757358],[-123.1078539,49.2757184],[-123.107845,49.2757101],[-123.107841,49.2756945],[-123.1078363,49.2756883],[-123.1078223,49.2756803],[-123.1078032,49.2756738],[-123.1077666,49.2756693],[-123.1076953,49.2756764],[-123.1076666,49.2756858],[-123.1075997,49.2757229],[-123.1075813,49.2757299],[-123.107525,49.2757368],[-123.1074737,49.2757543],[-123.1074493,49.2757585],[-123.1072859,49.2757744],[-123.107127,49.2757729],[-123.106913,49.2757324],[-123.106805,49.2756991],[-123.106777,49.2756874],[-123.1067355,49.2756636],[-123.1066768,49.2756192],[-123.1066115,49.2755907],[-123.1064537,49.2755609],[-123.1063609,49.275558],[-123.1062861,49.2755393],[-123.1061014,49.2755312],[-123.1059846,49.2755298],[-123.1059372,49.2755367],[-123.1058793,49.2755551],[-123.1058216,49.2755583],[-123.1057305,49.2755708],[-123.1055725,49.2755741],[-123.1054383,49.275581],[-123.1053858,49.2755752],[-123.1052944,49.2755751],[-123.1052555,49.2755722],[-123.1051188,49.2755416],[-123.1049389,49.2755249],[-123.1048451,49.2755307],[-123.1047373,49.2755278],[-123.1046228,49.2755322],[-123.1045079,49.2755302],[-123.1043751,49.2755441],[-123.1041983,49.2755455],[-123.1039479,49.2755426],[-123.1037942,49.2755328],[-123.1037296,49.2755172],[-123.1035764,49.2755064],[-123.1035357,49.2754955],[-123.1035175,49.2754859],[-123.1034887,49.2754613],[-123.1034701,49.275436],[-123.103455,49.2754044],[-123.1034477,49.2753773],[-123.1034521,49.275316],[-123.1034491,49.2752844],[-123.1034746,49.275221],[-123.103473,49.2751836],[-123.10346,49.2751261],[-123.1034316,49.275061],[-123.1034339,49.2750424],[-123.1035729,49.2750423],[-123.1035941,49.2750344],[-123.1036166,49.2750164],[-123.103621,49.2750077],[-123.1036294,49.274979],[-123.1036347,49.2749421],[-123.1036341,49.2749169],[-123.1036778,49.2749148],[-123.1036774,49.2748765],[-123.1036251,49.2748745],[-123.1036287,49.2746848],[-123.1036219,49.2743814],[-123.1036559,49.2743742],[-123.1036728,49.2743646],[-123.1036921,49.2743401],[-123.1036935,49.2742222],[-123.1036886,49.2738223],[-123.1036957,49.2737902],[-123.103711,49.2737497],[-123.1037924,49.2737609],[-123.1038883,49.273767],[-123.103992,49.2737608],[-123.1040926,49.2737451],[-123.1041841,49.2737211],[-123.1042773,49.2736837],[-123.1042001,49.2736137],[-123.1042307,49.2735985],[-123.1042576,49.2735807],[-123.1043198,49.2735298],[-123.1043435,49.2735057],[-123.1043805,49.2734458],[-123.1043946,49.2734123],[-123.1044057,49.2733659],[-123.1044048,49.2733407],[-123.1043921,49.2732812],[-123.1043779,49.2732466],[-123.1043549,49.2732078],[-123.1043088,49.2731607],[-123.1044132,49.2731094],[-123.1043173,49.2730403],[-123.1042721,49.2730158],[-123.1042217,49.2729958],[-123.1041043,49.2729598],[-123.1040444,49.2729457],[-123.1039698,49.2729369],[-123.1038866,49.2729337],[-123.1038161,49.2729368],[-123.1037488,49.2729458],[-123.1036385,49.2729678],[-123.1035846,49.2729865],[-123.1035051,49.2730202],[-123.1034172,49.2730676],[-123.102913,49.2730665],[-123.1029176,49.2729616],[-123.1029152,49.2724448],[-123.10292,49.2724307],[-123.1029324,49.2724048],[-123.1029431,49.272391],[-123.1029687,49.2723645],[-123.1030039,49.2723391],[-123.1030413,49.2723182],[-123.1030749,49.2723059],[-123.1031408,49.2722925],[-123.1032281,49.2722879],[-123.1033765,49.2722883],[-123.1033752,49.272363],[-123.1034666,49.2723638],[-123.1034667,49.272288],[-123.1043785,49.272287],[-123.1043776,49.2722662],[-123.1043841,49.2722636],[-123.1044465,49.2722673],[-123.1045084,49.2722638],[-123.1045484,49.2722527],[-123.1046199,49.2722241],[-123.1046692,49.2722148],[-123.1046903,49.272214],[-123.1048793,49.2722193],[-123.1050283,49.2722279],[-123.1052182,49.2722241],[-123.1052468,49.2722258],[-123.1053236,49.2722383],[-123.1053831,49.2722426],[-123.1054525,49.2722429],[-123.1056538,49.2722287],[-123.105809,49.2722308],[-123.1058583,49.2722283],[-123.1059482,49.2722409],[-123.1059805,49.2722426],[-123.1063776,49.2722439],[-123.1064512,49.2722531],[-123.1065101,49.2722662],[-123.1066426,49.2722879],[-123.1067728,49.2723044],[-123.1068383,49.27232],[-123.1069779,49.2723353],[-123.1070332,49.2723337],[-123.1071061,49.272319],[-123.1072034,49.2722871],[-123.1073195,49.2722109],[-123.1073508,49.2721797],[-123.1073784,49.272132],[-123.1073868,49.2721023],[-123.1073917,49.272066],[-123.1073894,49.2720613],[-123.1073598,49.2720462],[-123.1073614,49.2719971],[-123.107371,49.2719836],[-123.107373,49.2719589],[-123.1073698,49.271853],[-123.1073606,49.2718146],[-123.1073612,49.2717899],[-123.1074418,49.2717871],[-123.1074468,49.2717778],[-123.1074488,49.2717628],[-123.1074529,49.2716858],[-123.1074505,49.2716767],[-123.1074551,49.2716732],[-123.1074754,49.2716787],[-123.1075585,49.2717217],[-123.1076476,49.2717533],[-123.1076352,49.2719321],[-123.1076383,49.2720063],[-123.1076331,49.2721233],[-123.1076279,49.2721522],[-123.1076271,49.2722399],[-123.107623,49.2722641],[-123.1076244,49.2722744],[-123.1076607,49.2722764],[-123.107666,49.2722798],[-123.1076692,49.2723061],[-123.1076847,49.2723389],[-123.1076983,49.2723519],[-123.1077307,49.2723651],[-123.1077666,49.2723729],[-123.1078189,49.272376],[-123.1078856,49.2723847],[-123.1079225,49.2723851],[-123.1079746,49.272378],[-123.1081101,49.2723784],[-123.1082578,49.2723718],[-123.1082875,49.27238],[-123.1083052,49.2723815],[-123.1083381,49.2723793],[-123.1083852,49.2723848],[-123.1085415,49.2723861],[-123.1086135,49.2723919],[-123.108635,49.2723994],[-123.1086627,49.2723934],[-123.1087198,49.2723923],[-123.1087659,49.2723953],[-123.1088467,49.2724062],[-123.1088771,49.2724061],[-123.1089402,49.2724123],[-123.1090296,49.2724239],[-123.1090487,49.2724308],[-123.1090554,49.2724295],[-123.1090597,49.2724255],[-123.1090582,49.2724208],[-123.1090685,49.2724128],[-123.1091185,49.2723982],[-123.1092093,49.2723864],[-123.1092736,49.2723852],[-123.109312,49.2723873],[-123.1093544,49.2724037],[-123.1093818,49.2723985],[-123.1094131,49.2724012],[-123.1094337,49.2724106],[-123.1094471,49.2724284],[-123.1095398,49.2724343],[-123.1096079,49.272417],[-123.1096705,49.2724123],[-123.1097174,49.272406],[-123.1097492,49.2723984],[-123.1098204,49.2723915],[-123.1098345,49.2723863],[-123.1098785,49.2723554],[-123.1099365,49.2723383],[-123.1099657,49.2723327],[-123.110051,49.272326],[-123.1101167,49.2723092],[-123.1101727,49.2722842],[-123.1101868,49.2722671],[-123.110224,49.2722415],[-123.1102283,49.2722327],[-123.1102197,49.2722243],[-123.1102205,49.2722198],[-123.1102259,49.2722165],[-123.1102482,49.2722141],[-123.1102599,49.2722068],[-123.1102972,49.272198],[-123.1103168,49.2721889],[-123.1103641,49.2721874],[-123.1103932,49.2722033],[-123.1103947,49.272208],[-123.110452,49.2722218],[-123.1104587,49.2722431],[-123.1104619,49.2723217],[-123.110464,49.2723309],[-123.1104683,49.272335],[-123.110476,49.2723356],[-123.1106146,49.2723244],[-123.1106225,49.2723182],[-123.1106212,49.2722762],[-123.1106659,49.2722691],[-123.110783,49.2722382],[-123.1108502,49.2722358],[-123.1109456,49.272211],[-123.1109508,49.2722075],[-123.1109585,49.2721881],[-123.1109867,49.2721847],[-123.1110003,49.2721795],[-123.111007,49.2721705],[-123.1110287,49.2721584],[-123.1110629,49.2721307],[-123.1110837,49.2721046],[-123.1111006,49.2720591],[-123.1111154,49.2720006],[-123.1111138,49.2719536],[-123.1111231,49.2719112],[-123.1111343,49.2719041],[-123.111206,49.2718847],[-123.1112732,49.2718836],[-123.1113253,49.2718755],[-123.1113324,49.2718768],[-123.1113415,49.2718846],[-123.1113523,49.2719132],[-123.1113664,49.2719171],[-123.1116551,49.2718664],[-123.1116438,49.2718215],[-123.1116228,49.2717781],[-123.1116144,49.2717535],[-123.1116077,49.2716994],[-123.1116013,49.2716796],[-123.1117901,49.2716617],[-123.1118429,49.2716512],[-123.1119029,49.2716311],[-123.1119946,49.2716117],[-123.1124057,49.2715397],[-123.1125194,49.2715259],[-123.1126471,49.2715043],[-123.1129276,49.2714433],[-123.1132287,49.2713851],[-123.1133848,49.2713496],[-123.1135905,49.2713091],[-123.113619,49.2713002],[-123.1136159,49.2712866],[-123.1135958,49.2712484],[-123.113596,49.2712439],[-123.1136233,49.2712358],[-123.1136546,49.2712369],[-123.1136809,49.2712466],[-123.1137325,49.2712359],[-123.1137774,49.2712347],[-123.1138118,49.2712384],[-123.1138618,49.2712508],[-123.113918,49.2712765],[-123.1139509,49.2713225],[-123.1139574,49.2713396],[-123.113983,49.2713729],[-123.114,49.271383],[-123.1140437,49.2713894],[-123.114085,49.2713877],[-123.1141221,49.2713916],[-123.1142499,49.2713805],[-123.1142836,49.2713707],[-123.1143066,49.2713688],[-123.1143278,49.2713614],[-123.114352,49.2713597],[-123.114396,49.2713497],[-123.1144327,49.2713312],[-123.1145083,49.271325],[-123.1145523,49.2713275],[-123.1145984,49.2713114],[-123.1146337,49.2713139],[-123.1146576,49.2712998],[-123.1146687,49.2712839],[-123.1146879,49.2712676],[-123.114767,49.271218],[-123.1147898,49.2711932],[-123.114805,49.2711705],[-123.1148197,49.2711416],[-123.1148277,49.2711067],[-123.1148373,49.2710942],[-123.1148736,49.2710867],[-123.1150408,49.2710837],[-123.1151219,49.2710862],[-123.1151671,49.2710955],[-123.1152089,49.2710891],[-123.1152704,49.2710889],[-123.1152964,49.2710763],[-123.1153232,49.2710688],[-123.1153624,49.2710268],[-123.11538,49.270979],[-123.1153845,49.2709472],[-123.1153943,49.2709271],[-123.1154249,49.2708977],[-123.1154464,49.2708905],[-123.1154789,49.270887],[-123.1155162,49.2708698],[-123.1155387,49.2708708],[-123.1155812,49.2708642],[-123.1156037,49.2708501],[-123.1156333,49.270847],[-123.1156888,49.2708195],[-123.1157394,49.2707994],[-123.1157645,49.2707749],[-123.1159622,49.2706309],[-123.1161349,49.2705345],[-123.1162011,49.2705072],[-123.1164658,49.2704201],[-123.1165288,49.2703914],[-123.1166978,49.2702827],[-123.1167529,49.2702433],[-123.1169591,49.2701518],[-123.1170543,49.2700795],[-123.117259,49.2700072],[-123.1173947,49.2699518],[-123.1175136,49.2698878],[-123.1175608,49.2698492],[-123.1176038,49.2698073],[-123.1176343,49.2697602],[-123.1176555,49.2697124],[-123.1177067,49.2696179],[-123.1177436,49.2696048],[-123.1178218,49.2695928],[-123.1179615,49.2695603],[-123.1180222,49.2695269],[-123.1181235,49.2694531],[-123.1181647,49.269413],[-123.1181681,49.2693847],[-123.1181515,49.2693585],[-123.1181154,49.2693152],[-123.1180961,49.2692695],[-123.1181046,49.2692518],[-123.118134,49.2692315],[-123.1183872,49.2691148],[-123.1187491,49.2689543],[-123.1188037,49.2689224],[-123.1188407,49.2688814],[-123.1188512,49.2688333],[-123.1188724,49.2685088],[-123.1188851,49.2681182],[-123.118893,49.2680201],[-123.1189002,49.2679705],[-123.11892,49.2679206],[-123.1189468,49.2678747],[-123.1189893,49.2678343],[-123.1190407,49.2678015],[-123.1191018,49.2677727],[-123.1191712,49.2677525],[-123.1192494,49.2677411],[-123.1193248,49.2677388],[-123.1195579,49.2677409],[-123.1197086,49.2677479],[-123.1199552,49.267746],[-123.1201967,49.2677499],[-123.1203553,49.2677487],[-123.1206754,49.2677597],[-123.1207225,49.2677652],[-123.1208615,49.2677991],[-123.1209273,49.2678233],[-123.1209817,49.2678583],[-123.1210356,49.2678947],[-123.1210771,49.2679395],[-123.1211015,49.2679865],[-123.121161,49.2681309],[-123.1211979,49.2682793],[-123.1212645,49.268427],[-123.1212981,49.2684752],[-123.1213917,49.2685546],[-123.1215105,49.2686141],[-123.1215813,49.2686289],[-123.1216591,49.2686409],[-123.1217317,49.2686478],[-123.1219646,49.2686577],[-123.1220412,49.2686533],[-123.1221131,49.2686422],[-123.122252,49.2686019],[-123.1223218,49.2685757],[-123.122438,49.2685093],[-123.1225463,49.2684409],[-123.122729,49.2683443],[-123.1227927,49.268316],[-123.1228691,49.2682952],[-123.122947,49.268285],[-123.1230974,49.2682677],[-123.1231772,49.268263],[-123.1233254,49.2682612],[-123.1234763,49.2682473],[-123.1235566,49.2682441],[-123.1237737,49.2683209],[-123.1238124,49.2683368],[-123.1238754,49.2683731],[-123.1239652,49.2684108],[-123.1239881,49.2684153],[-123.1240273,49.2684132],[-123.1240412,49.2684015],[-123.1240401,49.2683911],[-123.124004,49.2683443],[-123.1239767,49.2682971],[-123.1239671,49.2682751],[-123.1239591,49.268239],[-123.1239754,49.2681805],[-123.1240112,49.2680824],[-123.1240384,49.2680336],[-123.1240703,49.2679884],[-123.1241444,49.2678967],[-123.124232,49.2678144],[-123.1242891,49.2677776],[-123.1243491,49.2677475],[-123.124419,49.2677255],[-123.1244941,49.2677098],[-123.1245696,49.2676987],[-123.1246486,49.267694],[-123.1248011,49.2677017],[-123.124877,49.2677131],[-123.1249469,49.2677297],[-123.1250151,49.267753],[-123.1250763,49.2677797],[-123.1251943,49.2678526],[-123.1252917,49.267927],[-123.1253346,49.2679695],[-123.1253807,49.2680093],[-123.1254896,49.268079],[-123.1255464,49.268113],[-123.1256111,49.2681424],[-123.1256795,49.2681664],[-123.1257493,49.2681851],[-123.1259775,49.2682052],[-123.1261332,49.2682114],[-123.1265064,49.2682173],[-123.1267471,49.2682163],[-123.1272127,49.2682242],[-123.1277476,49.268228],[-123.1278229,49.2682267],[-123.1279018,49.2682157],[-123.1280388,49.2681787],[-123.1281141,49.2681743],[-123.1283492,49.2681728],[-123.1288804,49.2681784],[-123.1289515,49.268189],[-123.1290311,49.2682415],[-123.1291014,49.2682557],[-123.1293347,49.2682657],[-123.1294099,49.268265],[-123.129488,49.26826],[-123.1295502,49.268235],[-123.1297687,49.2680891],[-123.1298826,49.2680205],[-123.1299115,49.2680105],[-123.129993,49.2680036],[-123.1305054,49.2680076],[-123.1305955,49.2679983],[-123.1306863,49.2679701],[-123.1307276,49.2679463],[-123.1307701,49.2679052],[-123.1307837,49.2678696],[-123.1307989,49.2677678],[-123.1308101,49.2677191],[-123.1308238,49.2676927],[-123.1308432,49.2676676],[-123.1308755,49.2676374],[-123.1310566,49.267532],[-123.1311099,49.267496],[-123.1311859,49.2674345],[-123.1312299,49.2674052],[-123.1313377,49.2673454],[-123.1314321,49.2673116],[-123.1314955,49.2672979],[-123.1315647,49.2672951],[-123.1316699,49.2673047],[-123.1317209,49.2673133],[-123.1317903,49.2673325],[-123.1318523,49.2673616],[-123.1318885,49.2673856],[-123.1319387,49.2674379],[-123.1320176,49.2675604],[-123.1320652,49.2675948],[-123.1320901,49.2676072],[-123.1321955,49.2676727],[-123.1322828,49.2677521],[-123.1322936,49.2677714],[-123.1322454,49.267798],[-123.1323546,49.2679286],[-123.132571,49.2679319],[-123.1325743,49.2678919],[-123.1329125,49.2679089],[-123.1329386,49.2679427],[-123.1330019,49.2680073],[-123.1330327,49.2680447],[-123.1331366,49.2681901],[-123.1332621,49.2683322],[-123.1332972,49.2683798],[-123.133326,49.2684068],[-123.1333674,49.2684348],[-123.1334102,49.2684544],[-123.1334622,49.2684728],[-123.1335113,49.2684741],[-123.1335706,49.2684662],[-123.1336106,49.2684556],[-123.1336618,49.268434],[-123.1337366,49.2683923],[-123.1337538,49.2683871],[-123.1337963,49.2683835],[-123.1338327,49.2683864],[-123.1339317,49.2684223],[-123.1339951,49.268451],[-123.1340474,49.2684823],[-123.1340629,49.2684953],[-123.13408,49.2685191],[-123.1340821,49.2685787],[-123.1340912,49.2685998],[-123.1340835,49.2686221],[-123.134049,49.2686691],[-123.1340164,49.268727],[-123.1339767,49.2687621],[-123.1339517,49.2687897],[-123.1339206,49.2688473],[-123.1338852,49.2688949],[-123.1338552,49.2689277],[-123.1338431,49.2689364],[-123.1338175,49.2689423],[-123.1337441,49.268943],[-123.1336964,49.2689358],[-123.1335329,49.268899],[-123.133479,49.2688898],[-123.133442,49.2688781],[-123.1333132,49.2688126],[-123.1331177,49.2687509],[-123.1330345,49.268707],[-123.1329575,49.2686743],[-123.1328161,49.268605],[-123.1327729,49.2685905],[-123.1327115,49.2685758],[-123.1326437,49.268566],[-123.1324048,49.2685522],[-123.1323229,49.2685407],[-123.1321824,49.2685126],[-123.1321463,49.2685082],[-123.1317555,49.2684874],[-123.1313741,49.268485],[-123.1312983,49.2684731],[-123.1312102,49.2684534],[-123.1310555,49.2684021],[-123.1309505,49.2683769],[-123.1308855,49.268372],[-123.1307547,49.2683702],[-123.1306889,49.2683806],[-123.1306545,49.2683942],[-123.1306364,49.2684087],[-123.1306319,49.2684191],[-123.1306276,49.2684589],[-123.1306326,49.2684894],[-123.1306431,49.2685083],[-123.1306723,49.2685241],[-123.1307451,49.2685504],[-123.1307284,49.2690504],[-123.1307302,49.2690641],[-123.130554,49.2691851],[-123.1305486,49.2691939],[-123.1305365,49.2696032],[-123.1309575,49.2699367],[-123.1309503,49.2699411],[-123.1311889,49.2701295],[-123.1311926,49.2701321],[-123.1312007,49.2701285],[-123.1317664,49.2705747],[-123.1317566,49.2705827],[-123.1317704,49.2705965],[-123.1316839,49.270654],[-123.1316922,49.2706621],[-123.1316702,49.2707242],[-123.1317398,49.2707758],[-123.1317667,49.2707633],[-123.1318796,49.2708463],[-123.1318619,49.2708562],[-123.1318662,49.2708603],[-123.1318635,49.2708619],[-123.1319287,49.2709191],[-123.1320473,49.270862],[-123.1320778,49.2708815],[-123.1321102,49.2708864],[-123.1323538,49.271087],[-123.1324236,49.27106],[-123.1324374,49.2710707],[-123.1323522,49.271121],[-123.1331359,49.2717489],[-123.1331992,49.2717131],[-123.133515,49.2719653],[-123.1335301,49.2719854],[-123.1335482,49.2720469],[-123.1335385,49.2720625],[-123.1335379,49.2720781],[-123.1335589,49.2721007],[-123.1336005,49.2721319],[-123.133835,49.2722885],[-123.1339405,49.2723442],[-123.1340774,49.272454],[-123.1341847,49.2724452],[-123.1342874,49.2723991],[-123.134642,49.2726849],[-123.134421,49.2728153],[-123.1345778,49.2729444],[-123.1346572,49.2729067],[-123.134726,49.272965],[-123.1348354,49.2730458],[-123.1348955,49.2730767],[-123.1349916,49.2731047],[-123.135038,49.2731097],[-123.1353166,49.2731106],[-123.1353245,49.2731884],[-123.1360111,49.2731678],[-123.1360006,49.2730264],[-123.1363703,49.2730213],[-123.1364745,49.2730987],[-123.1369245,49.2728611],[-123.1368379,49.2727592],[-123.136833,49.2727433],[-123.1369146,49.2725075],[-123.1371314,49.2725206],[-123.1371884,49.2722987],[-123.1371148,49.2722921],[-123.1371159,49.272279],[-123.1371831,49.2721912],[-123.1372436,49.2720876],[-123.1372644,49.2720276],[-123.1372642,49.2720044],[-123.137261,49.2720014],[-123.1372576,49.2719662],[-123.1372851,49.2719153],[-123.1373119,49.2718872],[-123.1373294,49.2718577],[-123.137337,49.2718329],[-123.1373494,49.2717311],[-123.1373577,49.2716381],[-123.1373566,49.2716222],[-123.1373474,49.2715926],[-123.1373369,49.2715743],[-123.1372782,49.2715091],[-123.1372469,49.2714665],[-123.1372083,49.2714015],[-123.1371803,49.2713616],[-123.1371574,49.2713153],[-123.1371524,49.2712878],[-123.1371399,49.2712591],[-123.1370758,49.2711674],[-123.1370709,49.2711484],[-123.1370802,49.2711028],[-123.1370844,49.2710606],[-123.1370772,49.2709989],[-123.1370608,49.2709611],[-123.1370523,49.2709495],[-123.1370358,49.2709364],[-123.1369265,49.270903],[-123.1368899,49.2708836],[-123.13687,49.2708656],[-123.1367361,49.2705421],[-123.1367163,49.2704794],[-123.1367166,49.2704663],[-123.1367325,49.2704445],[-123.1367718,49.2704061],[-123.1371101,49.2701492],[-123.1371264,49.2701452],[-123.137176,49.2701511],[-123.1373015,49.2701798],[-123.1373654,49.2702064],[-123.1373931,49.2702219],[-123.1374209,49.2702447],[-123.1374347,49.2702663],[-123.1374387,49.2702828],[-123.1374418,49.2703091],[-123.1374439,49.270421],[-123.1374513,49.270453],[-123.1374643,49.2704839],[-123.1374924,49.2705281],[-123.1375524,49.2705904],[-123.1375741,49.2706105],[-123.1376387,49.2706564],[-123.137813,49.2707451],[-123.1379177,49.2707883],[-123.137951,49.2707977],[-123.1379992,49.2708057],[-123.1380493,49.2708094],[-123.1381306,49.2708078],[-123.1381498,49.2708105],[-123.1381812,49.2708222],[-123.1381873,49.2708262],[-123.1382348,49.270895],[-123.1383018,49.2709546],[-123.1383917,49.2710102],[-123.1384415,49.271035],[-123.1385194,49.2710609],[-123.1385578,49.2710711],[-123.1386056,49.2710788],[-123.1386581,49.2710945],[-123.1387277,49.2711321],[-123.1387699,49.2711447],[-123.1388115,49.2711485],[-123.1388406,49.271155],[-123.1389289,49.2711962],[-123.1389612,49.2712049],[-123.1390628,49.2712218],[-123.1390924,49.2712318],[-123.1391469,49.2712572],[-123.1391704,49.2712724],[-123.1391832,49.2712867],[-123.1391847,49.2712968],[-123.1391711,49.2713348],[-123.1391769,49.2713482],[-123.1391999,49.2713637],[-123.1392732,49.2714012],[-123.139286,49.2714119],[-123.139304,49.271432],[-123.1393284,49.2714866],[-123.1393516,49.27151],[-123.139385,49.2715303],[-123.1394447,49.2715597],[-123.1394551,49.2715682],[-123.1394703,49.2715956],[-123.1394735,49.2716179],[-123.1391604,49.271694],[-123.1392055,49.2717739],[-123.1395731,49.2717589],[-123.1395746,49.2717647],[-123.139568,49.2717975],[-123.1395467,49.2718566],[-123.1395405,49.2718878],[-123.1395416,49.2719025],[-123.1395483,49.2719165],[-123.1396193,49.271995],[-123.1396709,49.2721837],[-123.1397129,49.2722994],[-123.1397214,49.2723461],[-123.1397199,49.2723804],[-123.139706,49.2724321],[-123.1397066,49.2724459],[-123.1397189,49.2724593],[-123.1397768,49.272496],[-123.1397896,49.2725152],[-123.1397945,49.2725299],[-123.1397966,49.2725512],[-123.1397944,49.2725638],[-123.1397648,49.2726352],[-123.1397748,49.2726926],[-123.1397809,49.2728222],[-123.1397694,49.272873],[-123.1397685,49.2729204],[-123.1397735,49.2729516],[-123.1397832,49.2729754],[-123.1397848,49.2730377],[-123.1397711,49.2731442],[-123.1397688,49.2731549],[-123.1397564,49.2731724],[-123.1397195,49.2732117],[-123.1397099,49.2732347],[-123.1397303,49.2732988],[-123.1397286,49.2733603],[-123.1397252,49.2733848],[-123.1397126,49.2734307],[-123.1396935,49.2734754],[-123.1396773,49.273536],[-123.1396535,49.2735777],[-123.1396458,49.2735982],[-123.1396391,49.2736267],[-123.1396355,49.2736778],[-123.1396226,49.2737375],[-123.1396078,49.2737547],[-123.1395949,49.2737639],[-123.1395149,49.273801],[-123.1394829,49.273821],[-123.1394606,49.2738376],[-123.1394005,49.273893],[-123.1393688,49.2739368],[-123.1393532,49.2739644],[-123.1393383,49.2740137],[-123.1393324,49.2740657],[-123.1393242,49.2740878],[-123.1393048,49.2741074],[-123.1392848,49.2741195],[-123.1392593,49.2741297],[-123.1392141,49.2741406],[-123.1390405,49.274169],[-123.1387997,49.2741946],[-123.1386648,49.2742127],[-123.1385562,49.2742312],[-123.1384514,49.2742658],[-123.1384362,49.274285],[-123.1384335,49.274296],[-123.1384347,49.2743205],[-123.1384544,49.2743629],[-123.1384943,49.2744214],[-123.1385251,49.2744625],[-123.1386061,49.274556],[-123.1386875,49.2746855],[-123.1387618,49.2747674],[-123.1388064,49.2748326],[-123.1388681,49.2749112],[-123.13894,49.2749867],[-123.1389645,49.2750061],[-123.1389908,49.2750189],[-123.1390081,49.2750228],[-123.1390446,49.2750232],[-123.1390898,49.2750117],[-123.1391052,49.2750107],[-123.1391117,49.2750125],[-123.1391415,49.2750365],[-123.1392224,49.2750377],[-123.1392689,49.2750425],[-123.1392196,49.2750597],[-123.1393098,49.2751726],[-123.1393747,49.2751515],[-123.1394878,49.2752903],[-123.1397846,49.2756893],[-123.1398075,49.275713],[-123.139829,49.275744],[-123.1398527,49.2757926],[-123.1398671,49.2758149],[-123.1399501,49.275895],[-123.1399815,49.2759451],[-123.1400056,49.2759693],[-123.1400428,49.27602],[-123.1400733,49.276053],[-123.1401003,49.2760885],[-123.1401118,49.2761182],[-123.1401117,49.2761276],[-123.1401082,49.2761456],[-123.140098,49.2761577],[-123.1400536,49.2761888],[-123.1400018,49.2762062],[-123.1399321,49.2762424],[-123.1397808,49.2763501],[-123.1396929,49.2763999],[-123.139668,49.2764176],[-123.1396247,49.2764269],[-123.1395561,49.2764604],[-123.139501,49.2764982],[-123.1394909,49.2765106],[-123.1394906,49.2765197],[-123.1394926,49.276529],[-123.1395071,49.2765487],[-123.1395329,49.2765673],[-123.1395541,49.2765748],[-123.1396318,49.2765873],[-123.1397314,49.2765886],[-123.1397706,49.2766014],[-123.1398009,49.2766157],[-123.1398212,49.2766301],[-123.1398261,49.2766387],[-123.1398741,49.2766819],[-123.1399302,49.2767433],[-123.1399663,49.2767735],[-123.140015,49.2768294],[-123.1400843,49.2768962],[-123.1400892,49.2769048],[-123.1400928,49.2769232],[-123.1400528,49.2769501],[-123.1400375,49.2769669],[-123.1400342,49.2769815],[-123.1400377,49.2769908],[-123.1400452,49.2769985],[-123.1401224,49.277048],[-123.1401378,49.2770698],[-123.1401387,49.2770798],[-123.1401321,49.2771131],[-123.1401384,49.2771856],[-123.1401434,49.2771995],[-123.1401569,49.2772031],[-123.1401728,49.2772126],[-123.1402105,49.277212],[-123.1402173,49.277221],[-123.1402276,49.2772476],[-123.140253,49.2772764],[-123.1402626,49.2772833],[-123.1402601,49.2772924],[-123.140255,49.2772957],[-123.1402047,49.2773144],[-123.1402046,49.2773333],[-123.1402302,49.2773551],[-123.1402407,49.2773609],[-123.140274,49.2773704],[-123.1403372,49.2773795],[-123.1404927,49.2774425],[-123.1405137,49.2774457],[-123.1405489,49.2774443],[-123.1405695,49.2774491],[-123.1405851,49.2774583],[-123.1406311,49.2774617],[-123.1406802,49.2774775],[-123.1407024,49.2774918],[-123.1407307,49.2775261],[-123.1407569,49.2775457],[-123.1407776,49.277579],[-123.1408509,49.277622],[-123.1408878,49.2776506],[-123.1409354,49.2776683],[-123.1409623,49.2776856],[-123.1410191,49.2777346],[-123.1410689,49.2777667],[-123.1412232,49.2778392],[-123.1413082,49.27786],[-123.141338,49.2778626],[-123.141453,49.2778569],[-123.1415126,49.2778768],[-123.141582,49.277905],[-123.1416131,49.2779312],[-123.1416575,49.2779442],[-123.1416825,49.2779586],[-123.1417172,49.2780087],[-123.1417254,49.2780253],[-123.1417408,49.2780737],[-123.1417698,49.278117],[-123.1417933,49.278139],[-123.141836,49.2781637],[-123.1418954,49.2781876],[-123.1419669,49.2782326],[-123.1420275,49.2782841],[-123.1420916,49.2783216],[-123.142131,49.2783398],[-123.1422772,49.2784267],[-123.1423229,49.2784448],[-123.1423749,49.2784603],[-123.1424116,49.2784799],[-123.1425157,49.2785267],[-123.1425695,49.2785431],[-123.1426153,49.2785469],[-123.1426642,49.2785555],[-123.1427036,49.2785838],[-123.1427318,49.2785844],[-123.1427715,49.2785976],[-123.1427939,49.2786002],[-123.1428398,49.2786134],[-123.1428612,49.2786265],[-123.1428817,49.2786334],[-123.1429095,49.2786313],[-123.1429601,49.2786487],[-123.1430158,49.2786594],[-123.1431376,49.2787017],[-123.1432051,49.2787124],[-123.1432733,49.2787339],[-123.1434097,49.278754],[-123.1434947,49.2787843],[-123.1435073,49.2788004],[-123.1435664,49.2787997],[-123.1436379,49.2788137],[-123.1436715,49.2788232],[-123.1437195,49.278847],[-123.1437481,49.2788494],[-123.1437779,49.2788473],[-123.1438434,49.2788594],[-123.1438708,49.2788547],[-123.1438953,49.2788651],[-123.1439463,49.2788632],[-123.1439926,49.2788791],[-123.1440287,49.2788829],[-123.1440764,49.2788942],[-123.1441044,49.2788907],[-123.144134,49.278893],[-123.1441831,49.2789083],[-123.1442588,49.278921],[-123.1443125,49.2789253],[-123.1443673,49.2789135],[-123.1443965,49.2789104],[-123.144593,49.2789226],[-123.1446124,49.2789095],[-123.1446929,49.2788962],[-123.1447339,49.2788832],[-123.144756,49.2788813],[-123.1447822,49.2788879],[-123.1448028,49.278884],[-123.1448192,49.2788726],[-123.1448403,49.2788673],[-123.1448628,49.2788668],[-123.1448973,49.2788608],[-123.144916,49.2788672],[-123.1449301,49.2788665],[-123.1449481,49.2788584],[-123.144969,49.2788548],[-123.145006,49.2788379],[-123.1450418,49.278837],[-123.1450749,49.2788453],[-123.1450961,49.2788431],[-123.1451146,49.278818],[-123.145228,49.2787827],[-123.1452605,49.2787692],[-123.1452932,49.278748],[-123.1453096,49.2787322],[-123.1453221,49.2787139],[-123.1453195,49.2786898],[-123.1453611,49.2786616],[-123.1453691,49.2786429],[-123.1453868,49.2786282],[-123.1453989,49.278611],[-123.145429,49.278584],[-123.145451,49.2785716],[-123.1454545,49.2785534],[-123.1454682,49.2785348],[-123.1454714,49.2785192],[-123.1454887,49.2785024],[-123.1454834,49.2784938],[-123.1454864,49.2784881],[-123.145494,49.27848],[-123.1455214,49.2784645],[-123.1455174,49.2784494],[-123.1455224,49.278441],[-123.1455448,49.2784394],[-123.1455541,49.2784211],[-123.1455444,49.2784083],[-123.1455482,49.2783898],[-123.1455671,49.2783829],[-123.1455877,49.2783688],[-123.1455992,49.2783567],[-123.145599,49.2783424],[-123.1456029,49.278333],[-123.1456371,49.2783153],[-123.1456504,49.2782987],[-123.1456507,49.2782939],[-123.1456415,49.278281],[-123.145646,49.2782668],[-123.1456501,49.2782629],[-123.1456713,49.2782599],[-123.1456762,49.2782557],[-123.1456862,49.2782425],[-123.145697,49.2782189],[-123.145708,49.2782129],[-123.1457112,49.2781894],[-123.145718,49.2781812],[-123.1457172,49.2781767],[-123.1457251,49.2781582],[-123.1457388,49.2781476],[-123.1457728,49.2781306],[-123.1457939,49.2781296],[-123.1457969,49.2781256],[-123.1457952,49.2781118],[-123.1458005,49.2781034],[-123.1458462,49.2780896],[-123.1458741,49.2780884],[-123.1459767,49.2780634],[-123.1459994,49.2780524],[-123.1459927,49.278039],[-123.1459965,49.2780352],[-123.1460316,49.2780193],[-123.1461032,49.2780089],[-123.1461852,49.2780044],[-123.1462304,49.2780076],[-123.1462707,49.2780165],[-123.1463309,49.2780573],[-123.1463659,49.2780626],[-123.1463942,49.2780769],[-123.1464274,49.2780862],[-123.1464434,49.2780958],[-123.1464733,49.2780976],[-123.1465035,49.2781101],[-123.1465349,49.2781431],[-123.1465432,49.278161],[-123.1465554,49.2781661],[-123.1465912,49.2781728],[-123.1466508,49.2782092],[-123.1466709,49.278234],[-123.1467577,49.2782473],[-123.1467779,49.2782538],[-123.1467991,49.2782541],[-123.1468576,49.2782751],[-123.146915,49.2782875],[-123.1469697,49.2783047],[-123.1471027,49.2783101],[-123.1471423,49.2783232],[-123.147214,49.278337],[-123.1472566,49.2783478],[-123.1472744,49.2783557],[-123.1472965,49.2783575],[-123.1473357,49.2783698],[-123.1473582,49.2783727],[-123.1475112,49.2784125],[-123.1475568,49.2784158],[-123.1476305,49.2784333],[-123.1476829,49.2784516],[-123.1477197,49.2784741],[-123.1477596,49.2785085],[-123.1478015,49.2785692],[-123.1478119,49.2785975],[-123.147812,49.2786121],[-123.1478003,49.278666],[-123.1478011,49.2786992],[-123.1477963,49.2787133],[-123.1477937,49.2788165],[-123.1477769,49.2788791],[-123.1477691,49.2788937],[-123.1477325,49.2789278],[-123.1476406,49.2789821],[-123.1475811,49.2790044],[-123.1475154,49.2790156],[-123.1474773,49.2790181],[-123.1474504,49.2790275],[-123.1474277,49.2790273],[-123.1472965,49.2790572],[-123.1472789,49.2790662],[-123.1472706,49.2790894],[-123.1472555,49.2791078],[-123.147254,49.2791326],[-123.1472645,49.2791669],[-123.1472904,49.2791754],[-123.1472944,49.2791795],[-123.1472972,49.2791944],[-123.1473015,49.2791983],[-123.147308,49.2792002],[-123.1473221,49.2791972],[-123.1473285,49.2791994],[-123.1473352,49.2792076],[-123.1473562,49.2792118],[-123.1473666,49.2792045],[-123.147389,49.2792019],[-123.147396,49.2792034],[-123.1473989,49.2792077],[-123.1473967,49.2792169],[-123.1474035,49.2792254],[-123.1474242,49.2792211],[-123.1474962,49.2792308],[-123.1474993,49.2792397],[-123.1474967,49.2792545],[-123.1475007,49.2792584],[-123.1475499,49.2792346],[-123.1475644,49.2792341],[-123.1476304,49.2792432],[-123.1477194,49.2792372],[-123.1477536,49.2792459],[-123.1477674,49.279245],[-123.1477732,49.2792425],[-123.1477841,49.2792295],[-123.1478214,49.2792142],[-123.1478574,49.2792109],[-123.1478691,49.2792158],[-123.1478766,49.279215],[-123.147916,49.2792036],[-123.1479456,49.2792011],[-123.1479658,49.2791939],[-123.1480205,49.2791685],[-123.1480644,49.2791356],[-123.148083,49.2791295],[-123.14811,49.2791017],[-123.1481207,49.2790783],[-123.1481254,49.2790746],[-123.1481266,49.279065],[-123.1481391,49.2790607],[-123.1481513,49.2790666],[-123.148157,49.2790635],[-123.1481605,49.279054],[-123.1481585,49.2790496],[-123.148167,49.2790416],[-123.1481753,49.2790233],[-123.1481948,49.279003],[-123.1482185,49.2789846],[-123.1482196,49.27898],[-123.1482108,49.2789654],[-123.1482115,49.2789555],[-123.1482254,49.278944],[-123.1482357,49.2789255],[-123.1482457,49.2788879],[-123.1482592,49.2788605],[-123.1482546,49.2788465],[-123.1482544,49.2788125],[-123.1482503,49.2787988],[-123.1482514,49.2787759],[-123.148258,49.2787678],[-123.1482714,49.2787655],[-123.1482995,49.2787675],[-123.1483165,49.278747],[-123.148328,49.2787193],[-123.1483588,49.278687],[-123.1483906,49.2786613],[-123.1484731,49.2786154],[-123.1485287,49.2785762],[-123.148552,49.2785579],[-123.1485953,49.2785133],[-123.1486313,49.2784829],[-123.1487444,49.2784264],[-123.1487512,49.2784182],[-123.1487544,49.2783729],[-123.1487841,49.2783447],[-123.1488546,49.2783076],[-123.148899,49.2782962],[-123.1490405,49.2782185],[-123.1490561,49.2782022],[-123.1490655,49.2781838],[-123.1491187,49.2781325],[-123.1491645,49.2781164],[-123.1492287,49.2781112],[-123.1492502,49.2781056],[-123.1492915,49.2780756],[-123.1493115,49.2780683],[-123.149329,49.2780357],[-123.1493346,49.2780325],[-123.1493484,49.2780343],[-123.1493618,49.2780319],[-123.1493756,49.2780137],[-123.1493993,49.2780015],[-123.1494422,49.2779989],[-123.1495275,49.2780109],[-123.1495747,49.2780063],[-123.1496184,49.2780088],[-123.1496504,49.2779991],[-123.1496644,49.277988],[-123.149736,49.2779741],[-123.1497935,49.2779439],[-123.149814,49.2779397],[-123.1498352,49.2779419],[-123.1498474,49.2779467],[-123.1498817,49.2779724],[-123.1499108,49.2779804],[-123.1499595,49.278019],[-123.149997,49.2780183],[-123.1500319,49.2780303],[-123.1500588,49.2780469],[-123.1500948,49.2780558],[-123.1501356,49.2780798],[-123.150178,49.2780887],[-123.1502102,49.2780901],[-123.1502445,49.2780967],[-123.1502678,49.2780856],[-123.1502887,49.2780818],[-123.1503028,49.2780826],[-123.1503778,49.2781123],[-123.1504029,49.2781025],[-123.1504374,49.2780955],[-123.1505109,49.278095],[-123.1505476,49.2780896],[-123.1505776,49.2780925],[-123.1506147,49.2780799],[-123.1506653,49.2780743],[-123.1506706,49.2780709],[-123.1506666,49.2780552],[-123.1506716,49.2780508],[-123.1507222,49.2780359],[-123.1507375,49.2780366],[-123.1507417,49.2780413],[-123.1507406,49.2780628],[-123.1507516,49.278089],[-123.1507507,49.2780939],[-123.1507555,49.2781028],[-123.1507646,49.2781049],[-123.1507759,49.2780995],[-123.1507917,49.2780832],[-123.1508091,49.278056],[-123.1508456,49.278053],[-123.1508812,49.2780603],[-123.1508904,49.2780536],[-123.1508956,49.2780351],[-123.1509029,49.2780342],[-123.1509155,49.2780383],[-123.1509473,49.278063],[-123.1509571,49.2780338],[-123.150961,49.2780299],[-123.1509809,49.278025],[-123.1509949,49.2780292],[-123.1510173,49.2780421],[-123.1510686,49.2780496],[-123.1510959,49.278043],[-123.1511332,49.2780417],[-123.151147,49.2780303],[-123.1511767,49.2780248],[-123.1512087,49.2780457],[-123.1512296,49.2780534],[-123.1512651,49.2780561],[-123.1512686,49.2780702],[-123.1512981,49.2780983],[-123.1513052,49.2780967],[-123.151308,49.2780761],[-123.1513234,49.2780657],[-123.1513374,49.2780699],[-123.1513512,49.2780806],[-123.151378,49.2780899],[-123.151392,49.278088],[-123.1514064,49.2780773],[-123.1514135,49.2780765],[-123.15145,49.2780842],[-123.1514719,49.2780835],[-123.1514846,49.2780796],[-123.1515163,49.2780596],[-123.1515662,49.2780534],[-123.1515597,49.2780387],[-123.1515774,49.2780294],[-123.1515987,49.2780249],[-123.1516202,49.2780268],[-123.1516399,49.2780131],[-123.1516546,49.2780094],[-123.1516615,49.2780089],[-123.1516708,49.278016],[-123.1516838,49.2780123],[-123.1517,49.2780034],[-123.1516976,49.2779783],[-123.1517078,49.2779698],[-123.1517151,49.2779702],[-123.1517273,49.2779764],[-123.1517374,49.277985],[-123.151751,49.2779848],[-123.1517751,49.2779673],[-123.1517771,49.2779575],[-123.1517861,49.2779438],[-123.1518052,49.277952],[-123.1518344,49.277954],[-123.1518769,49.2779496],[-123.1519101,49.2779576],[-123.1519166,49.2779559],[-123.1519327,49.27794],[-123.1520065,49.2779365],[-123.1520166,49.2779298],[-123.1520228,49.2779209],[-123.1520259,49.2778969],[-123.1520589,49.2778604],[-123.1520807,49.2778477],[-123.1521231,49.2778325],[-123.1521617,49.2778316],[-123.1522207,49.2778208],[-123.1522621,49.2777981],[-123.1523604,49.2777571],[-123.1524338,49.2777181],[-123.1524948,49.2776684],[-123.1525023,49.2776586],[-123.1525089,49.2776293],[-123.1525412,49.2775682],[-123.152545,49.2775528],[-123.1525442,49.2775367],[-123.1525481,49.2775264],[-123.152581,49.2774822],[-123.1526185,49.2774448],[-123.1526334,49.2774222],[-123.152636,49.2774081],[-123.1526351,49.277372],[-123.1526246,49.277359],[-123.1526206,49.2773485],[-123.1526313,49.2773228],[-123.1526311,49.2772908],[-123.1526488,49.2772212],[-123.1526489,49.2772068],[-123.1526315,49.2771911],[-123.1526277,49.277151],[-123.1526156,49.2771342],[-123.1525964,49.2771175],[-123.152588,49.2770725],[-123.1526049,49.2770272],[-123.1526222,49.2769947],[-123.1526674,49.276927],[-123.1527067,49.2768847],[-123.1527808,49.2768282],[-123.1528143,49.2767974],[-123.1528421,49.2767598],[-123.1528592,49.2767133],[-123.152876,49.2766854],[-123.1529333,49.2766025],[-123.1529809,49.276544],[-123.1530327,49.2764939],[-123.1531012,49.2764488],[-123.1532159,49.2763256],[-123.1532517,49.2762756],[-123.1532847,49.2762391],[-123.1533275,49.2761825],[-123.1533461,49.2761532],[-123.1533993,49.2760445],[-123.1534165,49.276019],[-123.153443,49.2759932],[-123.1534656,49.2759654],[-123.1535767,49.2758564],[-123.1536449,49.2758105],[-123.1537094,49.2757815],[-123.1538484,49.275667],[-123.1539626,49.2755312],[-123.1540384,49.2754572],[-123.1540714,49.2754147],[-123.1540981,49.2753718],[-123.154128,49.275341],[-123.1542211,49.2752643],[-123.1542694,49.2752339],[-123.1542822,49.2752224],[-123.1543437,49.2751248],[-123.1543837,49.27507],[-123.1544091,49.2750416],[-123.1544292,49.2750248],[-123.1544611,49.2750043],[-123.1544964,49.2749739],[-123.1545291,49.2749443],[-123.1545782,49.2748916],[-123.1546583,49.2748169],[-123.1547074,49.2747843],[-123.154776,49.2747505],[-123.1549055,49.2746347],[-123.1549971,49.2745589],[-123.1550252,49.2745265],[-123.1550378,49.2745009],[-123.1550526,49.2744797],[-123.1551969,49.2743043],[-123.155252,49.2742624],[-123.155326,49.2741834],[-123.1553646,49.2741491],[-123.1554492,49.2741051],[-123.1555189,49.2740498],[-123.1555219,49.2740203],[-123.1555555,49.273971],[-123.1556415,49.2738737],[-123.15566,49.2738445],[-123.1556678,49.2738008],[-123.1556659,49.2737815],[-123.1556588,49.2737723],[-123.1556321,49.2737509],[-123.1556113,49.2737272],[-123.1556041,49.273717],[-123.155599,49.2737017],[-123.1556005,49.273697],[-123.1556405,49.2736642],[-123.155656,49.2736527],[-123.15568,49.2736409],[-123.155709,49.2736358],[-123.1557398,49.2736364],[-123.1558082,49.2736509],[-123.1558857,49.273655],[-123.1559091,49.2736524],[-123.1559751,49.2736357],[-123.1560237,49.2736307],[-123.1560538,49.2736308],[-123.1562115,49.2736506],[-123.1562658,49.2736656],[-123.1562913,49.2736759],[-123.1563139,49.2736898],[-123.1563455,49.2737243],[-123.1563541,49.2737403],[-123.1563637,49.2737731],[-123.1563781,49.273785],[-123.1563986,49.273791],[-123.1564718,49.273809],[-123.1565165,49.273813],[-123.1565305,49.2738096],[-123.1565857,49.2737792],[-123.1566175,49.2737729],[-123.1566734,49.2737693],[-123.1567434,49.273792],[-123.1568054,49.2738021],[-123.1568586,49.2738253],[-123.1569166,49.2738395],[-123.1569589,49.2738607],[-123.157057,49.2738655],[-123.1571321,49.2738846],[-123.1572032,49.2739068],[-123.1572463,49.2739125],[-123.1573217,49.2739083],[-123.1574051,49.2738934],[-123.1575009,49.2738834],[-123.1576097,49.2738792],[-123.157657,49.2738811],[-123.1577342,49.2738756],[-123.1577626,49.2738757],[-123.1578197,49.273883],[-123.1578778,49.2738834],[-123.1579338,49.2738694],[-123.1579725,49.2738647],[-123.1581133,49.27387],[-123.158185,49.2738765],[-123.1583344,49.2738764],[-123.1584239,49.2738611],[-123.1585144,49.2738521],[-123.1585454,49.2738462],[-123.1588237,49.2738281],[-123.1589087,49.2738296],[-123.1589722,49.2738245],[-123.1589951,49.2738264],[-123.1590548,49.2738428],[-123.1591157,49.2738731],[-123.1591558,49.2738866],[-123.1592301,49.2738918],[-123.1593358,49.2739155],[-123.1593942,49.2739176],[-123.1594234,49.2739305],[-123.15947,49.2739582],[-123.1595112,49.2739736],[-123.1595546,49.2739826],[-123.1595942,49.2739958],[-123.1596152,49.2740109],[-123.1596438,49.2740216],[-123.1597747,49.2740839],[-123.1598088,49.2741064],[-123.1598382,49.2741426],[-123.1598457,49.2741714],[-123.1598444,49.2741913],[-123.1598492,49.2741952],[-123.1598639,49.2741967],[-123.1598768,49.2741917],[-123.1599026,49.2741559],[-123.1599169,49.2741453],[-123.1599248,49.2741461],[-123.1599881,49.2741693],[-123.1600756,49.2742068],[-123.1602051,49.2742508],[-123.1602606,49.2742783],[-123.1602876,49.2742878],[-123.160339,49.2742973],[-123.1603802,49.2743105],[-123.1604466,49.2743493],[-123.1604602,49.2743717],[-123.1604617,49.274393],[-123.1604694,49.2744134],[-123.1604771,49.2744222],[-123.1605015,49.2744358],[-123.1605229,49.2744316],[-123.1605418,49.2744104],[-123.1605618,49.2743964],[-123.1605701,49.2743958],[-123.1605917,49.2743998],[-123.1606353,49.2743949],[-123.1608091,49.2744266],[-123.1608204,49.2744211],[-123.1608222,49.2744161],[-123.1608188,49.2744068],[-123.1608266,49.2743928],[-123.1608325,49.2743895],[-123.1608902,49.2743776],[-123.1609262,49.274373],[-123.160955,49.2743766],[-123.1610815,49.2743555],[-123.1611572,49.2743668],[-123.161191,49.2743779],[-123.1612677,49.2743589],[-123.1613271,49.2743645],[-123.161367,49.2743775],[-123.161401,49.2743707],[-123.1614743,49.2743659],[-123.1615101,49.2743753],[-123.1615295,49.2743664],[-123.1615451,49.2743632],[-123.1615607,49.2743649],[-123.1616216,49.274386],[-123.1616593,49.2743896],[-123.1616956,49.2743971],[-123.1617087,49.274394],[-123.1617374,49.2743941],[-123.1617819,49.2743762],[-123.1618355,49.2743795],[-123.1618642,49.2743844],[-123.1618839,49.2743773],[-123.1619223,49.274378],[-123.1619361,49.2743793],[-123.1619496,49.2743896],[-123.1619639,49.2743886],[-123.161992,49.2743815],[-123.1620203,49.2743644],[-123.1620433,49.2743584],[-123.1620802,49.2743551],[-123.162146,49.2743588],[-123.1622281,49.2743494],[-123.1622598,49.2743547],[-123.1622993,49.2743784],[-123.1623313,49.2743779],[-123.1623781,49.2743947],[-123.1624046,49.2743863],[-123.1624355,49.2743815],[-123.1624682,49.2743828],[-123.1625045,49.274391],[-123.1625607,49.2743934],[-123.1625746,49.2743895],[-123.1625808,49.2743799],[-123.1625783,49.2743699],[-123.1625739,49.2743663],[-123.1625731,49.2743565],[-123.1625383,49.2743448],[-123.1624874,49.2743481],[-123.1624697,49.2743457],[-123.1624581,49.2743396],[-123.1624568,49.2743286],[-123.1624628,49.2743238],[-123.1625718,49.2743131],[-123.1626186,49.2742986],[-123.1626436,49.2742942],[-123.1626851,49.2742968],[-123.1627186,49.2743123],[-123.1627403,49.2743354],[-123.1627803,49.274368],[-123.1627958,49.2743854],[-123.1628368,49.274421],[-123.1628432,49.2744156],[-123.1628439,49.2743912],[-123.1628361,49.274374],[-123.1628241,49.2743317],[-123.162828,49.2743223],[-123.1628429,49.2743169],[-123.1629037,49.2743358],[-123.162925,49.2743317],[-123.1629729,49.2743436],[-123.1630115,49.2743415],[-123.1630416,49.2743466],[-123.1630539,49.2743549],[-123.1630601,49.2743701],[-123.1630683,49.2743795],[-123.1630881,49.2743962],[-123.1631014,49.2744025],[-123.1631151,49.2743995],[-123.1631421,49.2743743],[-123.163164,49.2743702],[-123.163194,49.2743832],[-123.1632257,49.2743871],[-123.1632476,49.2744091],[-123.1632552,49.2744122],[-123.1632705,49.27441],[-123.1632905,49.2743953],[-123.1633334,49.2743869],[-123.163351,49.2743701],[-123.163395,49.2743586],[-123.1634343,49.2743337],[-123.163461,49.2743447],[-123.1634781,49.2743573],[-123.1635338,49.2743675],[-123.1635631,49.2743802],[-123.163578,49.2743829],[-123.1636179,49.2743806],[-123.1636496,49.2743865],[-123.1636718,49.2743848],[-123.1636864,49.2743666],[-123.1636935,49.2743629],[-123.1637397,49.2743536],[-123.1637667,49.2743432],[-123.1637894,49.2743406],[-123.1637977,49.2743404],[-123.1638369,49.2743514],[-123.163894,49.2743473],[-123.1639394,49.2743623],[-123.1639857,49.2743596],[-123.1639937,49.2743575],[-123.1640029,49.2743474],[-123.1640007,49.2743221],[-123.1640194,49.2742968],[-123.1640325,49.2742891],[-123.1640708,49.2742805],[-123.1640788,49.2742822],[-123.1640891,49.2742901],[-123.1640956,49.2743211],[-123.1641124,49.274344],[-123.1641237,49.2743501],[-123.1641316,49.2743499],[-123.164139,49.2743479],[-123.1641463,49.2743381],[-123.1641464,49.2743068],[-123.1641546,49.2742687],[-123.1641516,49.2742422],[-123.1641592,49.2742335],[-123.1641938,49.2742187],[-123.1642198,49.2741876],[-123.1642117,49.2741738],[-123.1642201,49.2741557],[-123.164221,49.2741418],[-123.1642652,49.2741254],[-123.1643005,49.274097],[-123.1643447,49.2740863],[-123.1643674,49.2740652],[-123.1643814,49.2740585],[-123.164427,49.2740487],[-123.164499,49.2740421],[-123.1645212,49.2740433],[-123.1645418,49.2740495],[-123.1645651,49.274077],[-123.1645696,49.2740918],[-123.164568,49.2741088],[-123.1645839,49.274139],[-123.1645979,49.2741473],[-123.1646136,49.2741469],[-123.1646349,49.274133],[-123.164636,49.2741272],[-123.16463,49.2741116],[-123.1646344,49.2741021],[-123.1646479,49.2740911],[-123.1646462,49.2740866],[-123.1645918,49.2740531],[-123.1646129,49.2740462],[-123.1646234,49.2740379],[-123.1646295,49.2740183],[-123.1646469,49.2739915],[-123.1646421,49.2739841],[-123.1646239,49.2739767],[-123.1646171,49.2739687],[-123.164619,49.2739641],[-123.1646548,49.2739626],[-123.1646949,49.2739401],[-123.1647164,49.2739356],[-123.1647454,49.2739221],[-123.1647514,49.2739137],[-123.1647513,49.2738998],[-123.1647663,49.2738826],[-123.1647772,49.2738757],[-123.1647984,49.2738723],[-123.1648357,49.2738748],[-123.1648494,49.2738725],[-123.1648571,49.2738641],[-123.1648686,49.2738585],[-123.1649055,49.2738567],[-123.1649226,49.2738489],[-123.1649141,49.2738344],[-123.1649155,49.27383],[-123.1649221,49.2738284],[-123.1649362,49.2738317],[-123.1649492,49.2738262],[-123.165,49.2738248]],[[-123.165,49.2737917],[-123.164948,49.2737964],[-123.1649428,49.2737931],[-123.1649492,49.273785],[-123.1649492,49.273776],[-123.1649358,49.2737728],[-123.1649249,49.2737661],[-123.1649599,49.273737],[-123.165,49.2737181]],[[-123.165,49.2736971],[-123.1649688,49.2736847],[-123.1649731,49.2736755],[-123.165,49.2736624]]]},"properties":{"name":"2002 shoreline","source":"City of Vancouver"}}]}