Extensions: writing cache failed ([Errno 30] Read-only file system: '/home/agent/.config/blender').
16:34:49 | INFO: Data are loaded, start creating Blender stuff
16:34:49 | INFO: Blender create Mesh node ground-foot-editable-mesh
16:34:49 | INFO: Blender create Mesh node pole-editable-mesh
16:34:49 | INFO: Blender create Mesh node stop-sign-frame-editable-mesh
16:34:49 | INFO: Blender create Mesh node stop-sign-face-editable-mesh
16:34:49 | INFO: Blender create Mesh node bus-pictogram-body-editable-mesh
16:34:49 | INFO: Blender create Mesh node bus-pictogram-window-editable-mesh
16:34:49 | INFO: Blender create Mesh node bus-pictogram-wheel--0.1-editable-mesh
16:34:49 | INFO: Blender create Mesh node bus-pictogram-wheel-0.1-editable-mesh
16:34:49 | INFO: Blender create Mesh node generic-route-rule-editable-mesh
16:34:49 | INFO: Blender create Mesh node sign-mount--0.21-editable-mesh
16:34:49 | INFO: Blender create Mesh node sign-mount-0.21-editable-mesh
16:34:49 | INFO: glTF import finished in 0.01s
16:34:49 | INFO: Data are loaded, start creating Blender stuff
16:34:49 | INFO: Blender create Mesh node platform-foundation-editable-mesh
16:34:49 | INFO: Blender create Mesh node platform-deck-editable-mesh
16:34:49 | INFO: Blender create Mesh node platform-edge-cap-editable-mesh
16:34:49 | INFO: Blender create Mesh node tactile-band-editable-mesh
16:34:49 | INFO: Blender create Mesh node tactile-stud-editable-mesh
16:34:49 | INFO: Blender create Mesh node tactile-stud-editable-mesh.001
16:34:49 | INFO: Blender create Mesh node tactile-stud-editable-mesh.002
16:34:49 | INFO: Blender create Mesh node tactile-stud-editable-mesh.003
16:34:49 | INFO: Blender create Mesh node tactile-stud-editable-mesh.004
16:34:49 | INFO: Blender create Mesh node tactile-stud-editable-mesh.005
16:34:49 | INFO: Blender create Mesh node tactile-stud-editable-mesh.006
16:34:49 | INFO: Blender create Mesh node tactile-stud-editable-mesh.007
16:34:49 | INFO: Blender create Mesh node tactile-stud-editable-mesh.008
16:34:49 | INFO: Blender create Mesh node tactile-stud-editable-mesh.009
16:34:49 | INFO: Blender create Mesh node tactile-stud-editable-mesh.010
16:34:49 | INFO: Blender create Mesh node tactile-stud-editable-mesh.011
16:34:49 | INFO: Blender create Mesh node tactile-stud-editable-mesh.012
16:34:49 | INFO: Blender create Mesh node tactile-stud-editable-mesh.013
16:34:49 | INFO: Blender create Mesh node tactile-stud-editable-mesh.014
16:34:49 | INFO: Blender create Mesh node tactile-stud-editable-mesh.015
16:34:49 | INFO: Blender create Mesh node tactile-stud-editable-mesh.016
16:34:49 | INFO: Blender create Mesh node tactile-stud-editable-mesh.017
16:34:49 | INFO: Blender create Mesh node tactile-stud-editable-mesh.018
16:34:49 | INFO: Blender create Mesh node tactile-stud-editable-mesh.019
16:34:49 | INFO: Blender create Mesh node tactile-stud-editable-mesh.020
16:34:49 | INFO: Blender create Mesh node tactile-stud-editable-mesh.021
16:34:49 | INFO: Blender create Mesh node tactile-stud-editable-mesh.022
16:34:49 | INFO: Blender create Mesh node tactile-stud-editable-mesh.023
16:34:49 | INFO: Blender create Mesh node edge-face-drain-editable-mesh
16:34:49 | INFO: Blender create Mesh node edge-face-drain-editable-mesh.001
16:34:49 | INFO: Blender create Mesh node edge-face-drain-editable-mesh.002
16:34:49 | INFO: Blender create Mesh node edge-face-drain-editable-mesh.003
16:34:49 | INFO: glTF import finished in 0.02s
16:34:49 | INFO: Data are loaded, start creating Blender stuff
16:34:49 | INFO: Blender create Mesh node sign-post--0.85-editable-mesh
16:34:49 | INFO: Blender create Mesh node sign-foot--0.85-editable-mesh
16:34:49 | INFO: Blender create Mesh node sign-post-0.85-editable-mesh
16:34:49 | INFO: Blender create Mesh node sign-foot-0.85-editable-mesh
16:34:49 | INFO: Blender create Mesh node guidance-panel-editable-mesh
16:34:49 | INFO: Blender create Mesh node guidance-face-editable-mesh
16:34:49 | INFO: Blender create Mesh node direction-arrow-editable-mesh
16:34:49 | INFO: Blender create Mesh node generic-destination-rule-2.67-editable-mesh
16:34:49 | INFO: Blender create Mesh node generic-destination-rule-2.54-editable-mesh
16:34:49 | INFO: glTF import finished in 0.01s
16:34:49 | INFO: Data are loaded, start creating Blender stuff
16:34:49 | INFO: Blender create Mesh node threshold-deck-editable-mesh
16:34:49 | INFO: Blender create Mesh node deck-grip-strip-editable-mesh
16:34:49 | INFO: Blender create Mesh node deck-grip-strip-editable-mesh.001
16:34:49 | INFO: Blender create Mesh node deck-grip-strip-editable-mesh.002
16:34:49 | INFO: glTF import finished in 0.01s
16:34:49 | INFO: Data are loaded, start creating Blender stuff
16:34:49 | INFO: Blender create Mesh node threshold-deck-editable-mesh
16:34:49 | INFO: Blender create Mesh node deck-grip-strip-editable-mesh
16:34:49 | INFO: Blender create Mesh node deck-grip-strip-editable-mesh.001
16:34:49 | INFO: Blender create Mesh node deck-grip-strip-editable-mesh.002
16:34:49 | INFO: glTF import finished in 0.01s
Extensions: writing cache failed ([Errno 30] Read-only file system: '/home/agent/.config/blender').
16:34:50 | INFO: Data are loaded, start creating Blender stuff
16:34:50 | INFO: Blender create Mesh node ground-foot-editable-mesh
16:34:50 | INFO: Blender create Mesh node pole-editable-mesh
16:34:50 | INFO: Blender create Mesh node stop-sign-frame-editable-mesh
16:34:50 | INFO: Blender create Mesh node stop-sign-face-editable-mesh
16:34:50 | INFO: Blender create Mesh node bus-pictogram-body-editable-mesh
16:34:50 | INFO: Blender create Mesh node bus-pictogram-window-editable-mesh
16:34:50 | INFO: Blender create Mesh node bus-pictogram-wheel--0.1-editable-mesh
16:34:50 | INFO: Blender create Mesh node bus-pictogram-wheel-0.1-editable-mesh
16:34:50 | INFO: Blender create Mesh node generic-route-rule-editable-mesh
16:34:50 | INFO: Blender create Mesh node sign-mount--0.21-editable-mesh
16:34:50 | INFO: Blender create Mesh node sign-mount-0.21-editable-mesh
16:34:50 | INFO: glTF import finished in 0.01s
16:34:50 | INFO: Data are loaded, start creating Blender stuff
16:34:50 | INFO: Blender create Mesh node platform-foundation-editable-mesh
16:34:50 | INFO: Blender create Mesh node platform-deck-editable-mesh
16:34:50 | INFO: Blender create Mesh node platform-edge-cap-editable-mesh
16:34:50 | INFO: Blender create Mesh node tactile-band-editable-mesh
16:34:50 | INFO: Blender create Mesh node tactile-stud-editable-mesh
16:34:50 | INFO: Blender create Mesh node tactile-stud-editable-mesh.001
16:34:50 | INFO: Blender create Mesh node tactile-stud-editable-mesh.002
16:34:50 | INFO: Blender create Mesh node tactile-stud-editable-mesh.003
16:34:50 | INFO: Blender create Mesh node tactile-stud-editable-mesh.004
16:34:50 | INFO: Blender create Mesh node tactile-stud-editable-mesh.005
16:34:50 | INFO: Blender create Mesh node tactile-stud-editable-mesh.006
16:34:50 | INFO: Blender create Mesh node tactile-stud-editable-mesh.007
16:34:50 | INFO: Blender create Mesh node tactile-stud-editable-mesh.008
16:34:50 | INFO: Blender create Mesh node tactile-stud-editable-mesh.009
16:34:50 | INFO: Blender create Mesh node tactile-stud-editable-mesh.010
16:34:50 | INFO: Blender create Mesh node tactile-stud-editable-mesh.011
16:34:50 | INFO: Blender create Mesh node tactile-stud-editable-mesh.012
16:34:50 | INFO: Blender create Mesh node tactile-stud-editable-mesh.013
16:34:50 | INFO: Blender create Mesh node tactile-stud-editable-mesh.014
16:34:50 | INFO: Blender create Mesh node tactile-stud-editable-mesh.015
16:34:50 | INFO: Blender create Mesh node tactile-stud-editable-mesh.016
16:34:50 | INFO: Blender create Mesh node tactile-stud-editable-mesh.017
16:34:50 | INFO: Blender create Mesh node tactile-stud-editable-mesh.018
16:34:50 | INFO: Blender create Mesh node tactile-stud-editable-mesh.019
16:34:50 | INFO: Blender create Mesh node tactile-stud-editable-mesh.020
16:34:50 | INFO: Blender create Mesh node tactile-stud-editable-mesh.021
16:34:50 | INFO: Blender create Mesh node tactile-stud-editable-mesh.022
16:34:50 | INFO: Blender create Mesh node tactile-stud-editable-mesh.023
16:34:50 | INFO: Blender create Mesh node edge-face-drain-editable-mesh
16:34:50 | INFO: Blender create Mesh node edge-face-drain-editable-mesh.001
16:34:50 | INFO: Blender create Mesh node edge-face-drain-editable-mesh.002
16:34:50 | INFO: Blender create Mesh node edge-face-drain-editable-mesh.003
16:34:50 | INFO: glTF import finished in 0.02s
16:34:50 | INFO: Data are loaded, start creating Blender stuff
16:34:50 | INFO: Blender create Mesh node sign-post--0.85-editable-mesh
16:34:50 | INFO: Blender create Mesh node sign-foot--0.85-editable-mesh
16:34:50 | INFO: Blender create Mesh node sign-post-0.85-editable-mesh
16:34:50 | INFO: Blender create Mesh node sign-foot-0.85-editable-mesh
16:34:50 | INFO: Blender create Mesh node guidance-panel-editable-mesh
16:34:50 | INFO: Blender create Mesh node guidance-face-editable-mesh
16:34:50 | INFO: Blender create Mesh node direction-arrow-editable-mesh
16:34:50 | INFO: Blender create Mesh node generic-destination-rule-2.67-editable-mesh
16:34:50 | INFO: Blender create Mesh node generic-destination-rule-2.54-editable-mesh
16:34:50 | INFO: glTF import finished in 0.01s
16:34:50 | INFO: Data are loaded, start creating Blender stuff
16:34:50 | INFO: Blender create Mesh node threshold-deck-editable-mesh
16:34:50 | INFO: Blender create Mesh node deck-grip-strip-editable-mesh
16:34:50 | INFO: Blender create Mesh node deck-grip-strip-editable-mesh.001
16:34:50 | INFO: Blender create Mesh node deck-grip-strip-editable-mesh.002
16:34:50 | INFO: glTF import finished in 0.01s
16:34:50 | INFO: Data are loaded, start creating Blender stuff
16:34:50 | INFO: Blender create Mesh node threshold-deck-editable-mesh
16:34:50 | INFO: Blender create Mesh node deck-grip-strip-editable-mesh
16:34:50 | INFO: Blender create Mesh node deck-grip-strip-editable-mesh.001
16:34:50 | INFO: Blender create Mesh node deck-grip-strip-editable-mesh.002
16:34:50 | INFO: glTF import finished in 0.01s
Extensions: writing cache failed ([Errno 30] Read-only file system: '/home/agent/.config/blender').
16:34:50 | INFO: Data are loaded, start creating Blender stuff
16:34:50 | INFO: Blender create Mesh node ground-foot-editable-mesh
16:34:50 | INFO: Blender create Mesh node pole-editable-mesh
16:34:50 | INFO: Blender create Mesh node stop-sign-frame-editable-mesh
16:34:50 | INFO: Blender create Mesh node stop-sign-face-editable-mesh
16:34:50 | INFO: Blender create Mesh node bus-pictogram-body-editable-mesh
16:34:50 | INFO: Blender create Mesh node bus-pictogram-window-editable-mesh
16:34:50 | INFO: Blender create Mesh node bus-pictogram-wheel--0.1-editable-mesh
16:34:50 | INFO: Blender create Mesh node bus-pictogram-wheel-0.1-editable-mesh
16:34:50 | INFO: Blender create Mesh node generic-route-rule-editable-mesh
16:34:50 | INFO: Blender create Mesh node sign-mount--0.21-editable-mesh
16:34:50 | INFO: Blender create Mesh node sign-mount-0.21-editable-mesh
16:34:50 | INFO: glTF import finished in 0.01s
16:34:50 | INFO: Data are loaded, start creating Blender stuff
16:34:50 | INFO: Blender create Mesh node platform-foundation-editable-mesh
16:34:50 | INFO: Blender create Mesh node platform-deck-editable-mesh
16:34:50 | INFO: Blender create Mesh node platform-edge-cap-editable-mesh
16:34:50 | INFO: Blender create Mesh node tactile-band-editable-mesh
16:34:50 | INFO: Blender create Mesh node tactile-stud-editable-mesh
16:34:50 | INFO: Blender create Mesh node tactile-stud-editable-mesh.001
16:34:50 | INFO: Blender create Mesh node tactile-stud-editable-mesh.002
16:34:50 | INFO: Blender create Mesh node tactile-stud-editable-mesh.003
16:34:50 | INFO: Blender create Mesh node tactile-stud-editable-mesh.004
16:34:50 | INFO: Blender create Mesh node tactile-stud-editable-mesh.005
16:34:50 | INFO: Blender create Mesh node tactile-stud-editable-mesh.006
16:34:50 | INFO: Blender create Mesh node tactile-stud-editable-mesh.007
16:34:50 | INFO: Blender create Mesh node tactile-stud-editable-mesh.008
16:34:50 | INFO: Blender create Mesh node tactile-stud-editable-mesh.009
16:34:50 | INFO: Blender create Mesh node tactile-stud-editable-mesh.010
16:34:50 | INFO: Blender create Mesh node tactile-stud-editable-mesh.011
16:34:50 | INFO: Blender create Mesh node tactile-stud-editable-mesh.012
16:34:50 | INFO: Blender create Mesh node tactile-stud-editable-mesh.013
16:34:50 | INFO: Blender create Mesh node tactile-stud-editable-mesh.014
16:34:50 | INFO: Blender create Mesh node tactile-stud-editable-mesh.015
16:34:50 | INFO: Blender create Mesh node tactile-stud-editable-mesh.016
16:34:50 | INFO: Blender create Mesh node tactile-stud-editable-mesh.017
16:34:50 | INFO: Blender create Mesh node tactile-stud-editable-mesh.018
16:34:50 | INFO: Blender create Mesh node tactile-stud-editable-mesh.019
16:34:50 | INFO: Blender create Mesh node tactile-stud-editable-mesh.020
16:34:50 | INFO: Blender create Mesh node tactile-stud-editable-mesh.021
16:34:50 | INFO: Blender create Mesh node tactile-stud-editable-mesh.022
16:34:50 | INFO: Blender create Mesh node tactile-stud-editable-mesh.023
16:34:50 | INFO: Blender create Mesh node edge-face-drain-editable-mesh
16:34:50 | INFO: Blender create Mesh node edge-face-drain-editable-mesh.001
16:34:50 | INFO: Blender create Mesh node edge-face-drain-editable-mesh.002
16:34:50 | INFO: Blender create Mesh node edge-face-drain-editable-mesh.003
16:34:50 | INFO: glTF import finished in 0.02s
16:34:50 | INFO: Data are loaded, start creating Blender stuff
16:34:50 | INFO: Blender create Mesh node sign-post--0.85-editable-mesh
16:34:50 | INFO: Blender create Mesh node sign-foot--0.85-editable-mesh
16:34:50 | INFO: Blender create Mesh node sign-post-0.85-editable-mesh
16:34:50 | INFO: Blender create Mesh node sign-foot-0.85-editable-mesh
16:34:50 | INFO: Blender create Mesh node guidance-panel-editable-mesh
16:34:50 | INFO: Blender create Mesh node guidance-face-editable-mesh
16:34:50 | INFO: Blender create Mesh node direction-arrow-editable-mesh
16:34:50 | INFO: Blender create Mesh node generic-destination-rule-2.67-editable-mesh
16:34:50 | INFO: Blender create Mesh node generic-destination-rule-2.54-editable-mesh
16:34:50 | INFO: glTF import finished in 0.01s
16:34:50 | INFO: Data are loaded, start creating Blender stuff
16:34:50 | INFO: Blender create Mesh node threshold-deck-editable-mesh
16:34:50 | INFO: Blender create Mesh node deck-grip-strip-editable-mesh
16:34:50 | INFO: Blender create Mesh node deck-grip-strip-editable-mesh.001
16:34:50 | INFO: Blender create Mesh node deck-grip-strip-editable-mesh.002
16:34:50 | INFO: glTF import finished in 0.01s
16:34:50 | INFO: Data are loaded, start creating Blender stuff
16:34:50 | INFO: Blender create Mesh node threshold-deck-editable-mesh
16:34:50 | INFO: Blender create Mesh node deck-grip-strip-editable-mesh
16:34:50 | INFO: Blender create Mesh node deck-grip-strip-editable-mesh.001
16:34:50 | INFO: Blender create Mesh node deck-grip-strip-editable-mesh.002
16:34:50 | INFO: glTF import finished in 0.01s
Extensions: writing cache failed ([Errno 30] Read-only file system: '/home/agent/.config/blender').
16:34:50 | INFO: Data are loaded, start creating Blender stuff
16:34:50 | INFO: Blender create Mesh node ground-foot-editable-mesh
16:34:50 | INFO: Blender create Mesh node pole-editable-mesh
16:34:50 | INFO: Blender create Mesh node stop-sign-frame-editable-mesh
16:34:50 | INFO: Blender create Mesh node stop-sign-face-editable-mesh
16:34:50 | INFO: Blender create Mesh node bus-pictogram-body-editable-mesh
16:34:50 | INFO: Blender create Mesh node bus-pictogram-window-editable-mesh
16:34:50 | INFO: Blender create Mesh node bus-pictogram-wheel--0.1-editable-mesh
16:34:50 | INFO: Blender create Mesh node bus-pictogram-wheel-0.1-editable-mesh
16:34:50 | INFO: Blender create Mesh node generic-route-rule-editable-mesh
16:34:50 | INFO: Blender create Mesh node sign-mount--0.21-editable-mesh
16:34:50 | INFO: Blender create Mesh node sign-mount-0.21-editable-mesh
16:34:50 | INFO: glTF import finished in 0.01s
16:34:50 | INFO: Data are loaded, start creating Blender stuff
16:34:50 | INFO: Blender create Mesh node platform-foundation-editable-mesh
16:34:50 | INFO: Blender create Mesh node platform-deck-editable-mesh
16:34:50 | INFO: Blender create Mesh node platform-edge-cap-editable-mesh
16:34:50 | INFO: Blender create Mesh node tactile-band-editable-mesh
16:34:50 | INFO: Blender create Mesh node tactile-stud-editable-mesh
16:34:50 | INFO: Blender create Mesh node tactile-stud-editable-mesh.001
16:34:50 | INFO: Blender create Mesh node tactile-stud-editable-mesh.002
16:34:50 | INFO: Blender create Mesh node tactile-stud-editable-mesh.003
16:34:50 | INFO: Blender create Mesh node tactile-stud-editable-mesh.004
16:34:50 | INFO: Blender create Mesh node tactile-stud-editable-mesh.005
16:34:50 | INFO: Blender create Mesh node tactile-stud-editable-mesh.006
16:34:50 | INFO: Blender create Mesh node tactile-stud-editable-mesh.007
16:34:50 | INFO: Blender create Mesh node tactile-stud-editable-mesh.008
16:34:50 | INFO: Blender create Mesh node tactile-stud-editable-mesh.009
16:34:50 | INFO: Blender create Mesh node tactile-stud-editable-mesh.010
16:34:50 | INFO: Blender create Mesh node tactile-stud-editable-mesh.011
16:34:50 | INFO: Blender create Mesh node tactile-stud-editable-mesh.012
16:34:50 | INFO: Blender create Mesh node tactile-stud-editable-mesh.013
16:34:50 | INFO: Blender create Mesh node tactile-stud-editable-mesh.014
16:34:50 | INFO: Blender create Mesh node tactile-stud-editable-mesh.015
16:34:50 | INFO: Blender create Mesh node tactile-stud-editable-mesh.016
16:34:50 | INFO: Blender create Mesh node tactile-stud-editable-mesh.017
16:34:50 | INFO: Blender create Mesh node tactile-stud-editable-mesh.018
16:34:50 | INFO: Blender create Mesh node tactile-stud-editable-mesh.019
16:34:50 | INFO: Blender create Mesh node tactile-stud-editable-mesh.020
16:34:50 | INFO: Blender create Mesh node tactile-stud-editable-mesh.021
16:34:50 | INFO: Blender create Mesh node tactile-stud-editable-mesh.022
16:34:50 | INFO: Blender create Mesh node tactile-stud-editable-mesh.023
16:34:50 | INFO: Blender create Mesh node edge-face-drain-editable-mesh
16:34:50 | INFO: Blender create Mesh node edge-face-drain-editable-mesh.001
16:34:50 | INFO: Blender create Mesh node edge-face-drain-editable-mesh.002
16:34:50 | INFO: Blender create Mesh node edge-face-drain-editable-mesh.003
16:34:50 | INFO: glTF import finished in 0.02s
16:34:50 | INFO: Data are loaded, start creating Blender stuff
16:34:50 | INFO: Blender create Mesh node sign-post--0.85-editable-mesh
16:34:50 | INFO: Blender create Mesh node sign-foot--0.85-editable-mesh
16:34:50 | INFO: Blender create Mesh node sign-post-0.85-editable-mesh
16:34:50 | INFO: Blender create Mesh node sign-foot-0.85-editable-mesh
16:34:50 | INFO: Blender create Mesh node guidance-panel-editable-mesh
16:34:50 | INFO: Blender create Mesh node guidance-face-editable-mesh
16:34:50 | INFO: Blender create Mesh node direction-arrow-editable-mesh
16:34:50 | INFO: Blender create Mesh node generic-destination-rule-2.67-editable-mesh
16:34:50 | INFO: Blender create Mesh node generic-destination-rule-2.54-editable-mesh
16:34:50 | INFO: glTF import finished in 0.01s
16:34:50 | INFO: Data are loaded, start creating Blender stuff
16:34:50 | INFO: Blender create Mesh node threshold-deck-editable-mesh
16:34:50 | INFO: Blender create Mesh node deck-grip-strip-editable-mesh
16:34:50 | INFO: Blender create Mesh node deck-grip-strip-editable-mesh.001
16:34:50 | INFO: Blender create Mesh node deck-grip-strip-editable-mesh.002
16:34:50 | INFO: glTF import finished in 0.01s
16:34:50 | INFO: Data are loaded, start creating Blender stuff
16:34:50 | INFO: Blender create Mesh node threshold-deck-editable-mesh
16:34:50 | INFO: Blender create Mesh node deck-grip-strip-editable-mesh
16:34:50 | INFO: Blender create Mesh node deck-grip-strip-editable-mesh.001
16:34:50 | INFO: Blender create Mesh node deck-grip-strip-editable-mesh.002
16:34:50 | INFO: glTF import finished in 0.01s
Extensions: writing cache failed ([Errno 30] Read-only file system: '/home/agent/.config/blender').
16:34:50 | INFO: Data are loaded, start creating Blender stuff
16:34:50 | INFO: Blender create Mesh node ground-foot-editable-mesh
16:34:50 | INFO: Blender create Mesh node pole-editable-mesh
16:34:50 | INFO: Blender create Mesh node stop-sign-frame-editable-mesh
16:34:50 | INFO: Blender create Mesh node stop-sign-face-editable-mesh
16:34:50 | INFO: Blender create Mesh node bus-pictogram-body-editable-mesh
16:34:50 | INFO: Blender create Mesh node bus-pictogram-window-editable-mesh
16:34:50 | INFO: Blender create Mesh node bus-pictogram-wheel--0.1-editable-mesh
16:34:50 | INFO: Blender create Mesh node bus-pictogram-wheel-0.1-editable-mesh
16:34:50 | INFO: Blender create Mesh node generic-route-rule-editable-mesh
16:34:50 | INFO: glTF import finished in 0.01s
16:34:50 | INFO: Data are loaded, start creating Blender stuff
16:34:50 | INFO: Blender create Mesh node platform-foundation-editable-mesh
16:34:50 | INFO: Blender create Mesh node platform-deck-editable-mesh
16:34:50 | INFO: Blender create Mesh node platform-edge-cap-editable-mesh
16:34:50 | INFO: Blender create Mesh node tactile-band-editable-mesh
16:34:50 | INFO: glTF import finished in 0.00s
16:34:50 | INFO: Data are loaded, start creating Blender stuff
16:34:50 | INFO: Blender create Mesh node sign-post--0.85-editable-mesh
16:34:50 | INFO: Blender create Mesh node sign-foot--0.85-editable-mesh
16:34:50 | INFO: Blender create Mesh node sign-post-0.85-editable-mesh
16:34:50 | INFO: Blender create Mesh node sign-foot-0.85-editable-mesh
16:34:50 | INFO: Blender create Mesh node guidance-panel-editable-mesh
16:34:50 | INFO: Blender create Mesh node guidance-face-editable-mesh
16:34:50 | INFO: Blender create Mesh node direction-arrow-editable-mesh
16:34:50 | INFO: Blender create Mesh node generic-destination-rule-2.67-editable-mesh
16:34:50 | INFO: Blender create Mesh node generic-destination-rule-2.54-editable-mesh
16:34:50 | INFO: glTF import finished in 0.01s
16:34:50 | INFO: Data are loaded, start creating Blender stuff
16:34:50 | INFO: Blender create Mesh node threshold-deck-editable-mesh
16:34:51 | INFO: glTF import finished in 0.00s
16:34:51 | INFO: Data are loaded, start creating Blender stuff
16:34:51 | INFO: Blender create Mesh node threshold-deck-editable-mesh
16:34:51 | INFO: glTF import finished in 0.00s
Extensions: writing cache failed ([Errno 30] Read-only file system: '/home/agent/.config/blender').
16:34:51 | INFO: Data are loaded, start creating Blender stuff
16:34:51 | INFO: Blender create Mesh node ground-foot-editable-mesh
16:34:51 | INFO: Blender create Mesh node pole-editable-mesh
16:34:51 | INFO: Blender create Mesh node stop-sign-frame-editable-mesh
16:34:51 | INFO: Blender create Mesh node stop-sign-face-editable-mesh
16:34:51 | INFO: Blender create Mesh node bus-pictogram-body-editable-mesh
16:34:51 | INFO: Blender create Mesh node bus-pictogram-window-editable-mesh
16:34:51 | INFO: Blender create Mesh node bus-pictogram-wheel--0.1-editable-mesh
16:34:51 | INFO: Blender create Mesh node bus-pictogram-wheel-0.1-editable-mesh
16:34:51 | INFO: Blender create Mesh node generic-route-rule-editable-mesh
16:34:51 | INFO: glTF import finished in 0.01s
16:34:51 | INFO: Data are loaded, start creating Blender stuff
16:34:51 | INFO: Blender create Mesh node platform-foundation-editable-mesh
16:34:51 | INFO: Blender create Mesh node platform-deck-editable-mesh
16:34:51 | INFO: Blender create Mesh node platform-edge-cap-editable-mesh
16:34:51 | INFO: Blender create Mesh node tactile-band-editable-mesh
16:34:51 | INFO: glTF import finished in 0.00s
16:34:51 | INFO: Data are loaded, start creating Blender stuff
16:34:51 | INFO: Blender create Mesh node sign-post--0.85-editable-mesh
16:34:51 | INFO: Blender create Mesh node sign-foot--0.85-editable-mesh
16:34:51 | INFO: Blender create Mesh node sign-post-0.85-editable-mesh
16:34:51 | INFO: Blender create Mesh node sign-foot-0.85-editable-mesh
16:34:51 | INFO: Blender create Mesh node guidance-panel-editable-mesh
16:34:51 | INFO: Blender create Mesh node guidance-face-editable-mesh
16:34:51 | INFO: Blender create Mesh node direction-arrow-editable-mesh
16:34:51 | INFO: Blender create Mesh node generic-destination-rule-2.67-editable-mesh
16:34:51 | INFO: Blender create Mesh node generic-destination-rule-2.54-editable-mesh
16:34:51 | INFO: glTF import finished in 0.01s
16:34:51 | INFO: Data are loaded, start creating Blender stuff
16:34:51 | INFO: Blender create Mesh node threshold-deck-editable-mesh
16:34:51 | INFO: glTF import finished in 0.00s
16:34:51 | INFO: Data are loaded, start creating Blender stuff
16:34:51 | INFO: Blender create Mesh node threshold-deck-editable-mesh
16:34:51 | INFO: glTF import finished in 0.00s
Extensions: writing cache failed ([Errno 30] Read-only file system: '/home/agent/.config/blender').
16:34:51 | INFO: Data are loaded, start creating Blender stuff
16:34:51 | INFO: Blender create Mesh node ground-foot-editable-mesh
16:34:51 | INFO: Blender create Mesh node pole-editable-mesh
16:34:51 | INFO: Blender create Mesh node stop-sign-frame-editable-mesh
16:34:51 | INFO: Blender create Mesh node stop-sign-face-editable-mesh
16:34:51 | INFO: Blender create Mesh node bus-pictogram-body-editable-mesh
16:34:51 | INFO: Blender create Mesh node bus-pictogram-window-editable-mesh
16:34:51 | INFO: Blender create Mesh node bus-pictogram-wheel--0.1-editable-mesh
16:34:51 | INFO: Blender create Mesh node bus-pictogram-wheel-0.1-editable-mesh
16:34:51 | INFO: Blender create Mesh node generic-route-rule-editable-mesh
16:34:51 | INFO: glTF import finished in 0.01s
16:34:51 | INFO: Data are loaded, start creating Blender stuff
16:34:51 | INFO: Blender create Mesh node platform-foundation-editable-mesh
16:34:51 | INFO: Blender create Mesh node platform-deck-editable-mesh
16:34:51 | INFO: Blender create Mesh node platform-edge-cap-editable-mesh
16:34:51 | INFO: Blender create Mesh node tactile-band-editable-mesh
16:34:51 | INFO: glTF import finished in 0.00s
16:34:51 | INFO: Data are loaded, start creating Blender stuff
16:34:51 | INFO: Blender create Mesh node sign-post--0.85-editable-mesh
16:34:51 | INFO: Blender create Mesh node sign-foot--0.85-editable-mesh
16:34:51 | INFO: Blender create Mesh node sign-post-0.85-editable-mesh
16:34:51 | INFO: Blender create Mesh node sign-foot-0.85-editable-mesh
16:34:51 | INFO: Blender create Mesh node guidance-panel-editable-mesh
16:34:51 | INFO: Blender create Mesh node guidance-face-editable-mesh
16:34:51 | INFO: Blender create Mesh node direction-arrow-editable-mesh
16:34:51 | INFO: Blender create Mesh node generic-destination-rule-2.67-editable-mesh
16:34:51 | INFO: Blender create Mesh node generic-destination-rule-2.54-editable-mesh
16:34:51 | INFO: glTF import finished in 0.01s
16:34:51 | INFO: Data are loaded, start creating Blender stuff
16:34:51 | INFO: Blender create Mesh node threshold-deck-editable-mesh
16:34:51 | INFO: glTF import finished in 0.00s
16:34:51 | INFO: Data are loaded, start creating Blender stuff
16:34:51 | INFO: Blender create Mesh node threshold-deck-editable-mesh
16:34:51 | INFO: glTF import finished in 0.00s
Extensions: writing cache failed ([Errno 30] Read-only file system: '/home/agent/.config/blender').
16:34:51 | INFO: Data are loaded, start creating Blender stuff
16:34:51 | INFO: Blender create Mesh node ground-foot-editable-mesh
16:34:51 | INFO: Blender create Mesh node pole-editable-mesh
16:34:51 | INFO: Blender create Mesh node stop-sign-frame-editable-mesh
16:34:51 | INFO: Blender create Mesh node stop-sign-face-editable-mesh
16:34:51 | INFO: Blender create Mesh node bus-pictogram-body-editable-mesh
16:34:51 | INFO: Blender create Mesh node bus-pictogram-window-editable-mesh
16:34:51 | INFO: Blender create Mesh node bus-pictogram-wheel--0.1-editable-mesh
16:34:51 | INFO: Blender create Mesh node bus-pictogram-wheel-0.1-editable-mesh
16:34:51 | INFO: Blender create Mesh node generic-route-rule-editable-mesh
16:34:51 | INFO: glTF import finished in 0.01s
16:34:51 | INFO: Data are loaded, start creating Blender stuff
16:34:51 | INFO: Blender create Mesh node platform-foundation-editable-mesh
16:34:51 | INFO: Blender create Mesh node platform-deck-editable-mesh
16:34:51 | INFO: Blender create Mesh node platform-edge-cap-editable-mesh
16:34:51 | INFO: Blender create Mesh node tactile-band-editable-mesh
16:34:51 | INFO: glTF import finished in 0.00s
16:34:51 | INFO: Data are loaded, start creating Blender stuff
16:34:51 | INFO: Blender create Mesh node sign-post--0.85-editable-mesh
16:34:51 | INFO: Blender create Mesh node sign-foot--0.85-editable-mesh
16:34:51 | INFO: Blender create Mesh node sign-post-0.85-editable-mesh
16:34:51 | INFO: Blender create Mesh node sign-foot-0.85-editable-mesh
16:34:51 | INFO: Blender create Mesh node guidance-panel-editable-mesh
16:34:51 | INFO: Blender create Mesh node guidance-face-editable-mesh
16:34:51 | INFO: Blender create Mesh node direction-arrow-editable-mesh
16:34:51 | INFO: Blender create Mesh node generic-destination-rule-2.67-editable-mesh
16:34:51 | INFO: Blender create Mesh node generic-destination-rule-2.54-editable-mesh
16:34:51 | INFO: glTF import finished in 0.01s
16:34:51 | INFO: Data are loaded, start creating Blender stuff
16:34:51 | INFO: Blender create Mesh node threshold-deck-editable-mesh
16:34:51 | INFO: glTF import finished in 0.00s
16:34:51 | INFO: Data are loaded, start creating Blender stuff
16:34:51 | INFO: Blender create Mesh node threshold-deck-editable-mesh
16:34:51 | INFO: glTF import finished in 0.00s
Extensions: writing cache failed ([Errno 30] Read-only file system: '/home/agent/.config/blender').
16:34:51 | INFO: Data are loaded, start creating Blender stuff
16:34:51 | INFO: Blender create Mesh node lower--1-0
16:34:51 | INFO: Blender create Mesh node front-destination
16:34:51 | INFO: Blender create Mesh node door-right-front-a-crossbar
16:34:51 | INFO: Blender create Mesh node door-right-front-b-crossbar
16:34:51 | INFO: Blender create Mesh node door-right-rear-a-crossbar
16:34:51 | INFO: Blender create Mesh node door-right-rear-b-crossbar
16:34:51 | INFO: Blender create Mesh node window--1-0
16:34:51 | INFO: Blender create Mesh node destination-pixel
16:34:51 | INFO: Blender create Mesh node roof-equipment
16:34:51 | INFO: Blender create Mesh node wheel-front-left-hub
16:34:51 | INFO: Blender create Mesh node wheel-front-left-tyre
16:34:51 | INFO: Blender create Mesh node wheel-front-right-hub
16:34:51 | INFO: Blender create Mesh node wheel-front-right-tyre
16:34:51 | INFO: Blender create Mesh node wheel-rear-left-hub
16:34:51 | INFO: Blender create Mesh node wheel-rear-left-tyre
16:34:51 | INFO: Blender create Mesh node wheel-rear-right-hub
16:34:51 | INFO: Blender create Mesh node wheel-rear-right-tyre
16:34:51 | INFO: glTF import finished in 0.02s
16:34:51 | INFO: Data are loaded, start creating Blender stuff
16:34:51 | INFO: Blender create Mesh node interior-batch-panel
16:34:51 | INFO: Blender create Mesh node interior-batch-lights
16:34:51 | INFO: Blender create Mesh node interior-batch-glass
16:34:51 | INFO: Blender create Mesh node interior-batch-seat
16:34:51 | INFO: Blender create Mesh node interior-batch-rail
16:34:51 | INFO: Blender create Mesh node interior-batch-floor
16:34:51 | INFO: Blender create Mesh node interior-batch-rubber
16:34:51 | INFO: glTF import finished in 0.02s
16:34:51 | INFO: Data are loaded, start creating Blender stuff
16:34:51 | INFO: Blender create Mesh node ground-foot-editable-mesh
16:34:51 | INFO: Blender create Mesh node pole-editable-mesh
16:34:51 | INFO: Blender create Mesh node stop-sign-frame-editable-mesh
16:34:51 | INFO: Blender create Mesh node stop-sign-face-editable-mesh
16:34:51 | INFO: Blender create Mesh node bus-pictogram-body-editable-mesh
16:34:51 | INFO: Blender create Mesh node bus-pictogram-window-editable-mesh
16:34:51 | INFO: Blender create Mesh node bus-pictogram-wheel--0.1-editable-mesh
16:34:51 | INFO: Blender create Mesh node bus-pictogram-wheel-0.1-editable-mesh
16:34:51 | INFO: Blender create Mesh node generic-route-rule-editable-mesh
16:34:51 | INFO: Blender create Mesh node sign-mount--0.21-editable-mesh
16:34:51 | INFO: Blender create Mesh node sign-mount-0.21-editable-mesh
16:34:51 | INFO: glTF import finished in 0.01s
16:34:51 | INFO: Data are loaded, start creating Blender stuff
16:34:51 | INFO: Blender create Mesh node Cube
16:34:51 | INFO: Blender create Mesh node Cube.008
16:34:51 | INFO: Blender create Mesh node Cube.050
16:34:51 | INFO: Blender create Mesh node Cube.051
16:34:51 | INFO: glTF import finished in 0.01s
16:34:51 | INFO: Data are loaded, start creating Blender stuff
16:34:51 | INFO: Blender create Mesh node threshold-deck-editable-mesh
16:34:51 | INFO: Blender create Mesh node deck-grip-strip-editable-mesh
16:34:51 | INFO: Blender create Mesh node deck-grip-strip-editable-mesh.001
16:34:51 | INFO: Blender create Mesh node deck-grip-strip-editable-mesh.002
16:34:51 | INFO: glTF import finished in 0.01s
16:34:51 | INFO: Data are loaded, start creating Blender stuff
16:34:51 | INFO: Blender create Mesh node threshold-deck-editable-mesh
16:34:51 | INFO: Blender create Mesh node deck-grip-strip-editable-mesh
16:34:51 | INFO: Blender create Mesh node deck-grip-strip-editable-mesh.001
16:34:51 | INFO: Blender create Mesh node deck-grip-strip-editable-mesh.002
16:34:51 | INFO: glTF import finished in 0.01s
Blender 4.3.2
Fra:1 Mem:24.46M (Peak 24.46M) | Time:00:00.01 | Mem:0.00M, Peak:0.00M | Scene, ViewLayer | Synchronizing object | body-shell
Fra:1 Mem:26.48M (Peak 26.48M) | Time:00:00.01 | Mem:0.00M, Peak:0.00M | Scene, ViewLayer | Synchronizing object | qa-ruler-tick.010
Fra:1 Mem:26.48M (Peak 26.48M) | Time:00:00.01 | Mem:0.00M, Peak:0.00M | Scene, ViewLayer | Synchronizing object | qa-ruler-tick.009
Fra:1 Mem:26.48M (Peak 26.48M) | Time:00:00.01 | Mem:0.00M, Peak:0.00M | Scene, ViewLayer | Synchronizing object | qa-ruler-tick.008
Fra:1 Mem:26.48M (Peak 26.48M) | Time:00:00.01 | Mem:0.00M, Peak:0.00M | Scene, ViewLayer | Synchronizing object | qa-ruler-tick.007
Fra:1 Mem:26.48M (Peak 26.48M) | Time:00:00.01 | Mem:0.00M, Peak:0.00M | Scene, ViewLayer | Synchronizing object | qa-ruler-tick.006
Fra:1 Mem:26.48M (Peak 26.48M) | Time:00:00.01 | Mem:0.00M, Peak:0.00M | Scene, ViewLayer | Synchronizing object | qa-ruler-tick.005
Fra:1 Mem:26.50M (Peak 26.50M) | Time:00:00.01 | Mem:0.00M, Peak:0.00M | Scene, ViewLayer | Synchronizing object | qa-ruler-tick.004
Fra:1 Mem:26.50M (Peak 26.50M) | Time:00:00.01 | Mem:0.00M, Peak:0.00M | Scene, ViewLayer | Synchronizing object | qa-ruler-tick.003
Fra:1 Mem:26.50M (Peak 26.50M) | Time:00:00.01 | Mem:0.00M, Peak:0.00M | Scene, ViewLayer | Synchronizing object | qa-ruler-tick.002
Fra:1 Mem:26.53M (Peak 26.53M) | Time:00:00.01 | Mem:0.00M, Peak:0.00M | Scene, ViewLayer | Synchronizing object | qa-ruler-tick.001
Fra:1 Mem:26.53M (Peak 26.53M) | Time:00:00.01 | Mem:0.00M, Peak:0.00M | Scene, ViewLayer | Synchronizing object | qa-ruler-tick
Fra:1 Mem:26.53M (Peak 26.53M) | Time:00:00.01 | Mem:0.00M, Peak:0.00M | Scene, ViewLayer | Synchronizing object | qa-one-metre-ruler
Fra:1 Mem:26.54M (Peak 26.54M) | Time:00:00.01 | Mem:0.00M, Peak:0.00M | Scene, ViewLayer | Synchronizing object | qa-human-head.001
Fra:1 Mem:26.86M (Peak 26.86M) | Time:00:00.01 | Mem:0.00M, Peak:0.00M | Scene, ViewLayer | Synchronizing object | qa-human-arm.003
Fra:1 Mem:26.93M (Peak 26.93M) | Time:00:00.01 | Mem:0.00M, Peak:0.00M | Scene, ViewLayer | Synchronizing object | qa-human-leg.003
Fra:1 Mem:26.62M (Peak 26.93M) | Time:00:00.01 | Mem:0.00M, Peak:0.00M | Scene, ViewLayer | Synchronizing object | qa-human-arm.002
Fra:1 Mem:26.72M (Peak 26.93M) | Time:00:00.01 | Mem:0.00M, Peak:0.00M | Scene, ViewLayer | Synchronizing object | qa-human-leg.002
Fra:1 Mem:26.75M (Peak 26.93M) | Time:00:00.01 | Mem:0.00M, Peak:0.00M | Scene, ViewLayer | Synchronizing object | qa-human-torso.001
Fra:1 Mem:26.93M (Peak 26.93M) | Time:00:00.01 | Mem:0.00M, Peak:0.00M | Scene, ViewLayer | Synchronizing object | qa-human-head
Fra:1 Mem:26.94M (Peak 26.94M) | Time:00:00.01 | Mem:0.00M, Peak:0.00M | Scene, ViewLayer | Synchronizing object | qa-human-arm.001
Fra:1 Mem:26.95M (Peak 26.95M) | Time:00:00.01 | Mem:0.00M, Peak:0.00M | Scene, ViewLayer | Synchronizing object | qa-human-leg.001
Fra:1 Mem:26.94M (Peak 26.95M) | Time:00:00.01 | Mem:0.00M, Peak:0.00M | Scene, ViewLayer | Synchronizing object | qa-human-arm
Fra:1 Mem:26.81M (Peak 26.95M) | Time:00:00.01 | Mem:0.00M, Peak:0.00M | Scene, ViewLayer | Synchronizing object | qa-human-leg
Fra:1 Mem:26.78M (Peak 26.95M) | Time:00:00.01 | Mem:0.00M, Peak:0.00M | Scene, ViewLayer | Synchronizing object | body-trim
Fra:1 Mem:26.85M (Peak 26.95M) | Time:00:00.01 | Mem:0.00M, Peak:0.00M | Scene, ViewLayer | Synchronizing object | qa-human-torso
Fra:1 Mem:26.83M (Peak 26.95M) | Time:00:00.01 | Mem:0.00M, Peak:0.00M | Scene, ViewLayer | Synchronizing object | qa-descriptor-island
Fra:1 Mem:26.82M (Peak 26.95M) | Time:00:00.01 | Mem:0.00M, Peak:0.00M | Scene, ViewLayer | Synchronizing object | door-right-front-a-panel
Fra:1 Mem:26.82M (Peak 26.95M) | Time:00:00.01 | Mem:0.00M, Peak:0.00M | Scene, ViewLayer | Synchronizing object | qa-ground
Fra:1 Mem:26.83M (Peak 26.95M) | Time:00:00.01 | Mem:0.00M, Peak:0.00M | Scene, ViewLayer | Synchronizing object | deck-grip-strip.005
Fra:1 Mem:26.86M (Peak 26.95M) | Time:00:00.01 | Mem:0.00M, Peak:0.00M | Scene, ViewLayer | Synchronizing object | deck-grip-strip.004
Fra:1 Mem:26.85M (Peak 26.95M) | Time:00:00.01 | Mem:0.00M, Peak:0.00M | Scene, ViewLayer | Synchronizing object | door-right-front-b-panel
Fra:1 Mem:26.84M (Peak 26.95M) | Time:00:00.01 | Mem:0.00M, Peak:0.00M | Scene, ViewLayer | Synchronizing object | deck-grip-strip.003
Fra:1 Mem:26.86M (Peak 26.95M) | Time:00:00.01 | Mem:0.00M, Peak:0.00M | Scene, ViewLayer | Synchronizing object | threshold-deck.001
Fra:1 Mem:26.86M (Peak 26.95M) | Time:00:00.01 | Mem:0.00M, Peak:0.00M | Scene, ViewLayer | Synchronizing object | door-right-rear-a-panel
Fra:1 Mem:26.86M (Peak 26.95M) | Time:00:00.01 | Mem:0.00M, Peak:0.00M | Scene, ViewLayer | Synchronizing object | deck-grip-strip.002
Fra:1 Mem:26.88M (Peak 26.95M) | Time:00:00.01 | Mem:0.00M, Peak:0.00M | Scene, ViewLayer | Synchronizing object | deck-grip-strip.001
Fra:1 Mem:26.90M (Peak 26.95M) | Time:00:00.01 | Mem:0.00M, Peak:0.00M | Scene, ViewLayer | Synchronizing object | deck-grip-strip
Fra:1 Mem:26.89M (Peak 26.95M) | Time:00:00.01 | Mem:0.00M, Peak:0.00M | Scene, ViewLayer | Synchronizing object | door-right-rear-b-panel
Fra:1 Mem:26.92M (Peak 26.95M) | Time:00:00.01 | Mem:0.00M, Peak:0.00M | Scene, ViewLayer | Synchronizing object | threshold-deck
Fra:1 Mem:26.92M (Peak 26.95M) | Time:00:00.01 | Mem:0.00M, Peak:0.00M | Scene, ViewLayer | Synchronizing object | wood
Fra:1 Mem:26.91M (Peak 26.95M) | Time:00:00.01 | Mem:0.00M, Peak:0.00M | Scene, ViewLayer | Synchronizing object | glass
Fra:1 Mem:27.03M (Peak 27.03M) | Time:00:00.01 | Mem:0.00M, Peak:0.00M | Scene, ViewLayer | Synchronizing object | lights
Fra:1 Mem:27.06M (Peak 27.06M) | Time:00:00.01 | Mem:0.00M, Peak:0.00M | Scene, ViewLayer | Synchronizing object | roof-equipment
Fra:1 Mem:27.05M (Peak 27.06M) | Time:00:00.01 | Mem:0.00M, Peak:0.00M | Scene, ViewLayer | Synchronizing object | diffuser
Fra:1 Mem:27.09M (Peak 27.09M) | Time:00:00.01 | Mem:0.00M, Peak:0.00M | Scene, ViewLayer | Synchronizing object | glass.001
Fra:1 Mem:27.10M (Peak 27.10M) | Time:00:00.01 | Mem:0.00M, Peak:0.00M | Scene, ViewLayer | Synchronizing object | wheel-front-left-hub
Fra:1 Mem:27.10M (Peak 27.10M) | Time:00:00.01 | Mem:0.00M, Peak:0.00M | Scene, ViewLayer | Synchronizing object | metal
Fra:1 Mem:27.09M (Peak 27.10M) | Time:00:00.01 | Mem:0.00M, Peak:0.00M | Scene, ViewLayer | Synchronizing object | wheel-front-left-tyre
Fra:1 Mem:27.14M (Peak 27.14M) | Time:00:00.01 | Mem:0.00M, Peak:0.00M | Scene, ViewLayer | Synchronizing object | wheel-front-right-hub
Fra:1 Mem:27.19M (Peak 27.19M) | Time:00:00.01 | Mem:0.00M, Peak:0.00M | Scene, ViewLayer | Synchronizing object | wheel-front-right-tyre
Fra:1 Mem:27.77M (Peak 27.77M) | Time:00:00.01 | Mem:0.00M, Peak:0.00M | Scene, ViewLayer | Synchronizing object | wheel-rear-left-hub
Fra:1 Mem:27.78M (Peak 27.78M) | Time:00:00.01 | Mem:0.00M, Peak:0.00M | Scene, ViewLayer | Synchronizing object | wheel-rear-left-tyre
Fra:1 Mem:27.79M (Peak 27.79M) | Time:00:00.01 | Mem:0.00M, Peak:0.00M | Scene, ViewLayer | Synchronizing object | wheel-rear-right-hub
Fra:1 Mem:27.87M (Peak 27.87M) | Time:00:00.01 | Mem:0.00M, Peak:0.00M | Scene, ViewLayer | Synchronizing object | wheel-rear-right-tyre
Fra:1 Mem:27.93M (Peak 27.93M) | Time:00:00.01 | Mem:0.00M, Peak:0.00M | Scene, ViewLayer | Synchronizing object | interior-batch-panel
Fra:1 Mem:27.93M (Peak 27.93M) | Time:00:00.01 | Mem:0.00M, Peak:0.00M | Scene, ViewLayer | Synchronizing object | interior-batch-lights
Fra:1 Mem:27.74M (Peak 27.93M) | Time:00:00.01 | Mem:0.00M, Peak:0.00M | Scene, ViewLayer | Synchronizing object | interior-batch-glass
Fra:1 Mem:27.89M (Peak 27.93M) | Time:00:00.01 | Mem:0.00M, Peak:0.00M | Scene, ViewLayer | Synchronizing object | interior-batch-seat
Fra:1 Mem:27.62M (Peak 27.93M) | Time:00:00.01 | Mem:0.00M, Peak:0.00M | Scene, ViewLayer | Synchronizing object | sign-mount-0.21
Fra:1 Mem:27.68M (Peak 27.93M) | Time:00:00.01 | Mem:0.00M, Peak:0.00M | Scene, ViewLayer | Synchronizing object | sign-mount--0.21
Fra:1 Mem:27.72M (Peak 27.93M) | Time:00:00.01 | Mem:0.00M, Peak:0.00M | Scene, ViewLayer | Synchronizing object | generic-route-rule
Fra:1 Mem:28.17M (Peak 28.17M) | Time:00:00.01 | Mem:0.00M, Peak:0.00M | Scene, ViewLayer | Synchronizing object | bus-pictogram-wheel-0.1
Fra:1 Mem:28.17M (Peak 28.17M) | Time:00:00.01 | Mem:0.00M, Peak:0.00M | Scene, ViewLayer | Synchronizing object | bus-pictogram-wheel--0.1
Fra:1 Mem:28.17M (Peak 28.17M) | Time:00:00.01 | Mem:0.00M, Peak:0.00M | Scene, ViewLayer | Synchronizing object | bus-pictogram-window
Fra:1 Mem:28.17M (Peak 28.17M) | Time:00:00.01 | Mem:0.00M, Peak:0.00M | Scene, ViewLayer | Synchronizing object | bus-pictogram-body
Fra:1 Mem:28.19M (Peak 28.19M) | Time:00:00.01 | Mem:0.00M, Peak:0.00M | Scene, ViewLayer | Synchronizing object | stop-sign-face
Fra:1 Mem:28.35M (Peak 28.35M) | Time:00:00.01 | Mem:0.00M, Peak:0.00M | Scene, ViewLayer | Synchronizing object | stop-sign-frame
Fra:1 Mem:28.44M (Peak 28.44M) | Time:00:00.01 | Mem:0.00M, Peak:0.00M | Scene, ViewLayer | Synchronizing object | pole
Fra:1 Mem:28.01M (Peak 28.44M) | Time:00:00.01 | Mem:0.00M, Peak:0.00M | Scene, ViewLayer | Synchronizing object | ground-foot
Fra:1 Mem:28.09M (Peak 28.44M) | Time:00:00.01 | Mem:0.00M, Peak:0.00M | Scene, ViewLayer | Synchronizing object | interior-batch-rubber
Fra:1 Mem:28.15M (Peak 28.44M) | Time:00:00.01 | Mem:0.00M, Peak:0.00M | Scene, ViewLayer | Synchronizing object | interior-batch-floor
Fra:1 Mem:28.15M (Peak 28.44M) | Time:00:00.01 | Mem:0.00M, Peak:0.00M | Scene, ViewLayer | Synchronizing object | interior-batch-rail
Fra:1 Mem:28.16M (Peak 28.44M) | Time:00:00.01 | Mem:0.00M, Peak:0.00M | Scene, ViewLayer | Initializing
Fra:1 Mem:22.61M (Peak 28.44M) | Time:00:00.02 | Mem:0.00M, Peak:0.00M | Scene, ViewLayer | Waiting for render to start
Fra:1 Mem:22.61M (Peak 28.44M) | Time:00:00.02 | Mem:0.00M, Peak:0.00M | Scene, ViewLayer | Loading render kernels (may take a few minutes the first time)
Fra:1 Mem:22.61M (Peak 28.44M) | Time:00:00.02 | Mem:0.00M, Peak:0.00M | Scene, ViewLayer | Updating Scene
Fra:1 Mem:22.61M (Peak 28.44M) | Time:00:00.02 | Mem:0.00M, Peak:0.00M | Scene, ViewLayer | Updating Shaders
Fra:1 Mem:22.71M (Peak 28.44M) | Time:00:00.02 | Mem:0.02M, Peak:0.02M | Scene, ViewLayer | Updating Procedurals
Fra:1 Mem:22.71M (Peak 28.44M) | Time:00:00.02 | Mem:0.02M, Peak:0.02M | Scene, ViewLayer | Updating Background
Fra:1 Mem:22.71M (Peak 28.44M) | Time:00:00.02 | Mem:0.02M, Peak:0.02M | Scene, ViewLayer | Updating Camera
Fra:1 Mem:22.71M (Peak 28.44M) | Time:00:00.02 | Mem:0.02M, Peak:0.02M | Scene, ViewLayer | Updating Meshes Flags
Fra:1 Mem:22.71M (Peak 28.44M) | Time:00:00.02 | Mem:0.02M, Peak:0.02M | Scene, ViewLayer | Updating Objects
Fra:1 Mem:22.71M (Peak 28.44M) | Time:00:00.02 | Mem:0.02M, Peak:0.02M | Scene, ViewLayer | Updating Objects | Copying Transformations to device
Fra:1 Mem:22.73M (Peak 28.44M) | Time:00:00.02 | Mem:0.04M, Peak:0.04M | Scene, ViewLayer | Updating Objects | Applying Static Transformations
Fra:1 Mem:22.73M (Peak 28.44M) | Time:00:00.02 | Mem:0.04M, Peak:0.04M | Scene, ViewLayer | Updating Particle Systems
Fra:1 Mem:22.73M (Peak 28.44M) | Time:00:00.02 | Mem:0.04M, Peak:0.04M | Scene, ViewLayer | Updating Particle Systems | Copying Particles to device
Fra:1 Mem:22.73M (Peak 28.44M) | Time:00:00.02 | Mem:0.04M, Peak:0.04M | Scene, ViewLayer | Updating Meshes
Fra:1 Mem:22.88M (Peak 28.44M) | Time:00:00.02 | Mem:0.04M, Peak:0.04M | Scene, ViewLayer | Updating Mesh | Computing attributes
Fra:1 Mem:23.21M (Peak 28.44M) | Time:00:00.02 | Mem:0.04M, Peak:0.04M | Scene, ViewLayer | Updating Mesh | Copying Attributes to device
Fra:1 Mem:23.20M (Peak 28.44M) | Time:00:00.02 | Mem:0.35M, Peak:0.35M | Scene, ViewLayer | Updating Scene BVH | Building
Fra:1 Mem:23.20M (Peak 28.44M) | Time:00:00.02 | Mem:0.35M, Peak:0.35M | Scene, ViewLayer | Updating Scene BVH | Building BVH
Fra:1 Mem:23.20M (Peak 28.44M) | Time:00:00.02 | Mem:0.67M, Peak:0.67M | Scene, ViewLayer | Updating Scene BVH | Building BVH 0%
Fra:1 Mem:23.20M (Peak 28.44M) | Time:00:00.02 | Mem:1.05M, Peak:1.37M | Scene, ViewLayer | Updating Scene BVH | Copying BVH to device
Fra:1 Mem:23.20M (Peak 28.44M) | Time:00:00.02 | Mem:1.05M, Peak:1.37M | Scene, ViewLayer | Updating Mesh | Computing normals
Fra:1 Mem:24.24M (Peak 28.44M) | Time:00:00.02 | Mem:1.05M, Peak:1.37M | Scene, ViewLayer | Updating Mesh | Copying Mesh to device
Fra:1 Mem:24.24M (Peak 28.44M) | Time:00:00.02 | Mem:2.09M, Peak:2.09M | Scene, ViewLayer | Updating Objects Flags
Fra:1 Mem:24.24M (Peak 28.44M) | Time:00:00.02 | Mem:2.09M, Peak:2.09M | Scene, ViewLayer | Updating Primitive Offsets
Fra:1 Mem:24.24M (Peak 28.44M) | Time:00:00.02 | Mem:2.09M, Peak:2.09M | Scene, ViewLayer | Updating Images
Fra:1 Mem:24.24M (Peak 28.44M) | Time:00:00.02 | Mem:2.09M, Peak:2.09M | Scene, ViewLayer | Updating Camera Volume
Fra:1 Mem:24.24M (Peak 28.44M) | Time:00:00.02 | Mem:2.09M, Peak:2.09M | Scene, ViewLayer | Updating Lookup Tables
Fra:1 Mem:24.24M (Peak 28.44M) | Time:00:00.02 | Mem:2.17M, Peak:2.17M | Scene, ViewLayer | Updating Lights
Fra:1 Mem:24.24M (Peak 28.44M) | Time:00:00.02 | Mem:2.17M, Peak:2.17M | Scene, ViewLayer | Updating Lights | Computing tree
Fra:1 Mem:24.27M (Peak 28.44M) | Time:00:00.02 | Mem:2.20M, Peak:2.20M | Scene, ViewLayer | Updating Integrator
Fra:1 Mem:24.27M (Peak 28.44M) | Time:00:00.02 | Mem:2.20M, Peak:2.20M | Scene, ViewLayer | Updating Film
Fra:1 Mem:24.27M (Peak 28.44M) | Time:00:00.02 | Mem:2.12M, Peak:2.20M | Scene, ViewLayer | Updating Lookup Tables
Fra:1 Mem:24.27M (Peak 28.44M) | Time:00:00.02 | Mem:2.20M, Peak:2.20M | Scene, ViewLayer | Updating Baking
Fra:1 Mem:24.27M (Peak 28.44M) | Time:00:00.02 | Mem:2.20M, Peak:2.20M | Scene, ViewLayer | Updating Device | Writing constant memory
Fra:1 Mem:24.28M (Peak 28.44M) | Time:00:00.02 | Mem:2.20M, Peak:2.20M | Scene, ViewLayer | Sample 0/32
Fra:1 Mem:36.92M (Peak 36.92M) | Time:00:00.49 | Remaining:00:14.44 | Mem:14.84M, Peak:14.84M | Scene, ViewLayer | Sample 1/32
Fra:1 Mem:42.53M (Peak 53.76M) | Time:00:14.11 | Mem:14.84M, Peak:14.84M | Scene, ViewLayer | Sample 32/32
Fra:1 Mem:42.53M (Peak 53.76M) | Time:00:14.11 | Mem:14.84M, Peak:14.84M | Scene, ViewLayer | Finished
Saved: '/workspace/scratch/7c20b5ba4165/atlas-backlog-oct3/tools/assets/transit-station-spaces/qa/previews/bus-island-alignment.png'
Time: 00:14.28 (Saving: 00:00.17)

Fra:1 Mem:26.85M (Peak 27.40M) | Time:00:00.01 | Mem:0.00M, Peak:0.00M | Scene, ViewLayer | Synchronizing object | body-shell
Fra:1 Mem:27.22M (Peak 27.40M) | Time:00:00.01 | Mem:0.00M, Peak:0.00M | Scene, ViewLayer | Synchronizing object | qa-ruler-tick.010
Fra:1 Mem:27.20M (Peak 27.40M) | Time:00:00.01 | Mem:0.00M, Peak:0.00M | Scene, ViewLayer | Synchronizing object | qa-ruler-tick.009
Fra:1 Mem:27.20M (Peak 27.40M) | Time:00:00.01 | Mem:0.00M, Peak:0.00M | Scene, ViewLayer | Synchronizing object | qa-ruler-tick.008
Fra:1 Mem:27.20M (Peak 27.40M) | Time:00:00.01 | Mem:0.00M, Peak:0.00M | Scene, ViewLayer | Synchronizing object | qa-ruler-tick.007
Fra:1 Mem:27.20M (Peak 27.40M) | Time:00:00.01 | Mem:0.00M, Peak:0.00M | Scene, ViewLayer | Synchronizing object | qa-ruler-tick.006
Fra:1 Mem:27.20M (Peak 27.40M) | Time:00:00.01 | Mem:0.00M, Peak:0.00M | Scene, ViewLayer | Synchronizing object | qa-ruler-tick.005
Fra:1 Mem:27.05M (Peak 27.40M) | Time:00:00.01 | Mem:0.00M, Peak:0.00M | Scene, ViewLayer | Synchronizing object | qa-ruler-tick.004
Fra:1 Mem:27.05M (Peak 27.40M) | Time:00:00.01 | Mem:0.00M, Peak:0.00M | Scene, ViewLayer | Synchronizing object | qa-ruler-tick.003
Fra:1 Mem:27.05M (Peak 27.40M) | Time:00:00.01 | Mem:0.00M, Peak:0.00M | Scene, ViewLayer | Synchronizing object | qa-ruler-tick.002
Fra:1 Mem:27.01M (Peak 27.40M) | Time:00:00.01 | Mem:0.00M, Peak:0.00M | Scene, ViewLayer | Synchronizing object | qa-ruler-tick.001
Fra:1 Mem:27.01M (Peak 27.40M) | Time:00:00.01 | Mem:0.00M, Peak:0.00M | Scene, ViewLayer | Synchronizing object | body-trim
Fra:1 Mem:27.06M (Peak 27.40M) | Time:00:00.01 | Mem:0.00M, Peak:0.00M | Scene, ViewLayer | Synchronizing object | qa-ruler-tick
Fra:1 Mem:27.07M (Peak 27.40M) | Time:00:00.01 | Mem:0.00M, Peak:0.00M | Scene, ViewLayer | Synchronizing object | qa-one-metre-ruler
Fra:1 Mem:27.08M (Peak 27.40M) | Time:00:00.01 | Mem:0.00M, Peak:0.00M | Scene, ViewLayer | Synchronizing object | qa-human-head.001
Fra:1 Mem:27.05M (Peak 27.40M) | Time:00:00.01 | Mem:0.00M, Peak:0.00M | Scene, ViewLayer | Synchronizing object | qa-human-arm.003
Fra:1 Mem:27.05M (Peak 27.40M) | Time:00:00.01 | Mem:0.00M, Peak:0.00M | Scene, ViewLayer | Synchronizing object | door-right-front-a-panel
Fra:1 Mem:27.07M (Peak 27.40M) | Time:00:00.01 | Mem:0.00M, Peak:0.00M | Scene, ViewLayer | Synchronizing object | qa-human-leg.003
Fra:1 Mem:27.08M (Peak 27.40M) | Time:00:00.01 | Mem:0.00M, Peak:0.00M | Scene, ViewLayer | Synchronizing object | door-right-front-b-panel
Fra:1 Mem:27.12M (Peak 27.40M) | Time:00:00.01 | Mem:0.00M, Peak:0.00M | Scene, ViewLayer | Synchronizing object | qa-human-arm.002
Fra:1 Mem:27.11M (Peak 27.40M) | Time:00:00.01 | Mem:0.00M, Peak:0.00M | Scene, ViewLayer | Synchronizing object | door-right-rear-a-panel
Fra:1 Mem:27.14M (Peak 27.40M) | Time:00:00.01 | Mem:0.00M, Peak:0.00M | Scene, ViewLayer | Synchronizing object | qa-human-leg.002
Fra:1 Mem:27.13M (Peak 27.40M) | Time:00:00.01 | Mem:0.00M, Peak:0.00M | Scene, ViewLayer | Synchronizing object | door-right-rear-b-panel
Fra:1 Mem:27.13M (Peak 27.40M) | Time:00:00.01 | Mem:0.00M, Peak:0.00M | Scene, ViewLayer | Synchronizing object | qa-human-torso.001
Fra:1 Mem:27.17M (Peak 27.40M) | Time:00:00.01 | Mem:0.00M, Peak:0.00M | Scene, ViewLayer | Synchronizing object | qa-human-head
Fra:1 Mem:27.16M (Peak 27.40M) | Time:00:00.01 | Mem:0.00M, Peak:0.00M | Scene, ViewLayer | Synchronizing object | glass
Fra:1 Mem:27.16M (Peak 27.40M) | Time:00:00.01 | Mem:0.00M, Peak:0.00M | Scene, ViewLayer | Synchronizing object | qa-human-arm.001
Fra:1 Mem:27.21M (Peak 27.40M) | Time:00:00.01 | Mem:0.00M, Peak:0.00M | Scene, ViewLayer | Synchronizing object | qa-human-leg.001
Fra:1 Mem:27.27M (Peak 27.40M) | Time:00:00.01 | Mem:0.00M, Peak:0.00M | Scene, ViewLayer | Synchronizing object | qa-human-arm
Fra:1 Mem:27.24M (Peak 27.40M) | Time:00:00.01 | Mem:0.00M, Peak:0.00M | Scene, ViewLayer | Synchronizing object | lights
Fra:1 Mem:27.31M (Peak 27.40M) | Time:00:00.01 | Mem:0.00M, Peak:0.00M | Scene, ViewLayer | Synchronizing object | qa-human-leg
Fra:1 Mem:27.32M (Peak 27.40M) | Time:00:00.01 | Mem:0.00M, Peak:0.00M | Scene, ViewLayer | Synchronizing object | qa-human-torso
Fra:1 Mem:27.30M (Peak 27.40M) | Time:00:00.01 | Mem:0.00M, Peak:0.00M | Scene, ViewLayer | Synchronizing object | roof-equipment
Fra:1 Mem:27.32M (Peak 27.40M) | Time:00:00.01 | Mem:0.00M, Peak:0.00M | Scene, ViewLayer | Synchronizing object | qa-descriptor-island
Fra:1 Mem:27.32M (Peak 27.40M) | Time:00:00.01 | Mem:0.00M, Peak:0.00M | Scene, ViewLayer | Synchronizing object | qa-ground
Fra:1 Mem:27.31M (Peak 27.40M) | Time:00:00.01 | Mem:0.00M, Peak:0.00M | Scene, ViewLayer | Synchronizing object | deck-grip-strip.005
Fra:1 Mem:27.33M (Peak 27.40M) | Time:00:00.01 | Mem:0.00M, Peak:0.00M | Scene, ViewLayer | Synchronizing object | deck-grip-strip.004
Fra:1 Mem:27.31M (Peak 27.40M) | Time:00:00.01 | Mem:0.00M, Peak:0.00M | Scene, ViewLayer | Synchronizing object | wheel-front-left-hub
Fra:1 Mem:27.31M (Peak 27.40M) | Time:00:00.01 | Mem:0.00M, Peak:0.00M | Scene, ViewLayer | Synchronizing object | deck-grip-strip.003
Fra:1 Mem:27.32M (Peak 27.40M) | Time:00:00.01 | Mem:0.00M, Peak:0.00M | Scene, ViewLayer | Synchronizing object | threshold-deck.001
Fra:1 Mem:27.33M (Peak 27.40M) | Time:00:00.01 | Mem:0.00M, Peak:0.00M | Scene, ViewLayer | Synchronizing object | wheel-front-left-tyre
Fra:1 Mem:27.34M (Peak 27.40M) | Time:00:00.01 | Mem:0.00M, Peak:0.00M | Scene, ViewLayer | Synchronizing object | deck-grip-strip.002
Fra:1 Mem:27.34M (Peak 27.40M) | Time:00:00.01 | Mem:0.00M, Peak:0.00M | Scene, ViewLayer | Synchronizing object | deck-grip-strip.001
Fra:1 Mem:27.34M (Peak 27.40M) | Time:00:00.01 | Mem:0.00M, Peak:0.00M | Scene, ViewLayer | Synchronizing object | wheel-front-right-hub
Fra:1 Mem:27.35M (Peak 27.40M) | Time:00:00.01 | Mem:0.00M, Peak:0.00M | Scene, ViewLayer | Synchronizing object | deck-grip-strip
Fra:1 Mem:27.34M (Peak 27.40M) | Time:00:00.01 | Mem:0.00M, Peak:0.00M | Scene, ViewLayer | Synchronizing object | threshold-deck
Fra:1 Mem:27.34M (Peak 27.40M) | Time:00:00.01 | Mem:0.00M, Peak:0.00M | Scene, ViewLayer | Synchronizing object | wheel-front-right-tyre
Fra:1 Mem:27.36M (Peak 27.40M) | Time:00:00.01 | Mem:0.00M, Peak:0.00M | Scene, ViewLayer | Synchronizing object | wood
Fra:1 Mem:27.49M (Peak 27.49M) | Time:00:00.01 | Mem:0.00M, Peak:0.00M | Scene, ViewLayer | Synchronizing object | wheel-rear-left-hub
Fra:1 Mem:27.54M (Peak 27.54M) | Time:00:00.01 | Mem:0.00M, Peak:0.00M | Scene, ViewLayer | Synchronizing object | wheel-rear-left-tyre
Fra:1 Mem:27.44M (Peak 27.54M) | Time:00:00.01 | Mem:0.00M, Peak:0.00M | Scene, ViewLayer | Synchronizing object | wheel-rear-right-hub
Fra:1 Mem:27.51M (Peak 27.54M) | Time:00:00.01 | Mem:0.00M, Peak:0.00M | Scene, ViewLayer | Synchronizing object | wheel-rear-right-tyre
Fra:1 Mem:27.49M (Peak 27.54M) | Time:00:00.01 | Mem:0.00M, Peak:0.00M | Scene, ViewLayer | Synchronizing object | interior-batch-panel
Fra:1 Mem:27.46M (Peak 27.54M) | Time:00:00.01 | Mem:0.00M, Peak:0.00M | Scene, ViewLayer | Synchronizing object | diffuser
Fra:1 Mem:27.67M (Peak 27.67M) | Time:00:00.01 | Mem:0.00M, Peak:0.00M | Scene, ViewLayer | Synchronizing object | glass.001
Fra:1 Mem:27.58M (Peak 27.67M) | Time:00:00.01 | Mem:0.00M, Peak:0.00M | Scene, ViewLayer | Synchronizing object | metal
Fra:1 Mem:28.16M (Peak 28.16M) | Time:00:00.01 | Mem:0.00M, Peak:0.00M | Scene, ViewLayer | Synchronizing object | interior-batch-lights
Fra:1 Mem:28.17M (Peak 28.17M) | Time:00:00.01 | Mem:0.00M, Peak:0.00M | Scene, ViewLayer | Synchronizing object | interior-batch-glass
Fra:1 Mem:28.20M (Peak 28.20M) | Time:00:00.01 | Mem:0.00M, Peak:0.00M | Scene, ViewLayer | Synchronizing object | interior-batch-seat
Fra:1 Mem:28.58M (Peak 28.58M) | Time:00:00.01 | Mem:0.00M, Peak:0.00M | Scene, ViewLayer | Synchronizing object | sign-mount-0.21
Fra:1 Mem:28.59M (Peak 28.59M) | Time:00:00.01 | Mem:0.00M, Peak:0.00M | Scene, ViewLayer | Synchronizing object | sign-mount--0.21
Fra:1 Mem:28.59M (Peak 28.59M) | Time:00:00.01 | Mem:0.00M, Peak:0.00M | Scene, ViewLayer | Synchronizing object | generic-route-rule
Fra:1 Mem:28.59M (Peak 28.59M) | Time:00:00.01 | Mem:0.00M, Peak:0.00M | Scene, ViewLayer | Synchronizing object | bus-pictogram-wheel-0.1
Fra:1 Mem:28.60M (Peak 28.60M) | Time:00:00.01 | Mem:0.00M, Peak:0.00M | Scene, ViewLayer | Synchronizing object | bus-pictogram-wheel--0.1
Fra:1 Mem:28.60M (Peak 28.60M) | Time:00:00.01 | Mem:0.00M, Peak:0.00M | Scene, ViewLayer | Synchronizing object | bus-pictogram-window
Fra:1 Mem:28.60M (Peak 28.60M) | Time:00:00.01 | Mem:0.00M, Peak:0.00M | Scene, ViewLayer | Synchronizing object | bus-pictogram-body
Fra:1 Mem:28.39M (Peak 28.60M) | Time:00:00.01 | Mem:0.00M, Peak:0.00M | Scene, ViewLayer | Synchronizing object | stop-sign-face
Fra:1 Mem:28.40M (Peak 28.60M) | Time:00:00.01 | Mem:0.00M, Peak:0.00M | Scene, ViewLayer | Synchronizing object | stop-sign-frame
Fra:1 Mem:28.19M (Peak 28.60M) | Time:00:00.01 | Mem:0.00M, Peak:0.00M | Scene, ViewLayer | Synchronizing object | interior-batch-rail
Fra:1 Mem:28.17M (Peak 28.60M) | Time:00:00.01 | Mem:0.00M, Peak:0.00M | Scene, ViewLayer | Synchronizing object | pole
Fra:1 Mem:28.41M (Peak 28.60M) | Time:00:00.01 | Mem:0.00M, Peak:0.00M | Scene, ViewLayer | Synchronizing object | ground-foot
Fra:1 Mem:28.42M (Peak 28.60M) | Time:00:00.01 | Mem:0.00M, Peak:0.00M | Scene, ViewLayer | Synchronizing object | interior-batch-rubber
Fra:1 Mem:28.48M (Peak 28.60M) | Time:00:00.01 | Mem:0.00M, Peak:0.00M | Scene, ViewLayer | Synchronizing object | interior-batch-floor
Fra:1 Mem:28.30M (Peak 28.60M) | Time:00:00.01 | Mem:0.00M, Peak:0.00M | Scene, ViewLayer | Initializing
Fra:1 Mem:22.69M (Peak 28.60M) | Time:00:00.01 | Mem:0.00M, Peak:0.00M | Scene, ViewLayer | Waiting for render to start
Fra:1 Mem:22.69M (Peak 28.60M) | Time:00:00.01 | Mem:0.00M, Peak:0.00M | Scene, ViewLayer | Loading render kernels (may take a few minutes the first time)
Fra:1 Mem:22.69M (Peak 28.60M) | Time:00:00.01 | Mem:0.00M, Peak:0.00M | Scene, ViewLayer | Updating Scene
Fra:1 Mem:22.69M (Peak 28.60M) | Time:00:00.01 | Mem:0.00M, Peak:0.00M | Scene, ViewLayer | Updating Shaders
Fra:1 Mem:22.79M (Peak 28.60M) | Time:00:00.01 | Mem:0.02M, Peak:0.02M | Scene, ViewLayer | Updating Procedurals
Fra:1 Mem:22.79M (Peak 28.60M) | Time:00:00.01 | Mem:0.02M, Peak:0.02M | Scene, ViewLayer | Updating Background
Fra:1 Mem:22.79M (Peak 28.60M) | Time:00:00.01 | Mem:0.02M, Peak:0.02M | Scene, ViewLayer | Updating Camera
Fra:1 Mem:22.79M (Peak 28.60M) | Time:00:00.01 | Mem:0.02M, Peak:0.02M | Scene, ViewLayer | Updating Meshes Flags
Fra:1 Mem:22.79M (Peak 28.60M) | Time:00:00.01 | Mem:0.02M, Peak:0.02M | Scene, ViewLayer | Updating Objects
Fra:1 Mem:22.79M (Peak 28.60M) | Time:00:00.01 | Mem:0.02M, Peak:0.02M | Scene, ViewLayer | Updating Objects | Copying Transformations to device
Fra:1 Mem:22.81M (Peak 28.60M) | Time:00:00.01 | Mem:0.04M, Peak:0.04M | Scene, ViewLayer | Updating Objects | Applying Static Transformations
Fra:1 Mem:22.81M (Peak 28.60M) | Time:00:00.01 | Mem:0.04M, Peak:0.04M | Scene, ViewLayer | Updating Particle Systems
Fra:1 Mem:22.81M (Peak 28.60M) | Time:00:00.01 | Mem:0.04M, Peak:0.04M | Scene, ViewLayer | Updating Particle Systems | Copying Particles to device
Fra:1 Mem:22.81M (Peak 28.60M) | Time:00:00.01 | Mem:0.04M, Peak:0.04M | Scene, ViewLayer | Updating Meshes
Fra:1 Mem:22.97M (Peak 28.60M) | Time:00:00.01 | Mem:0.04M, Peak:0.04M | Scene, ViewLayer | Updating Mesh | Computing attributes
Fra:1 Mem:23.30M (Peak 28.60M) | Time:00:00.01 | Mem:0.04M, Peak:0.04M | Scene, ViewLayer | Updating Mesh | Copying Attributes to device
Fra:1 Mem:23.28M (Peak 28.60M) | Time:00:00.01 | Mem:0.35M, Peak:0.35M | Scene, ViewLayer | Updating Scene BVH | Building
Fra:1 Mem:23.29M (Peak 28.60M) | Time:00:00.01 | Mem:0.35M, Peak:0.35M | Scene, ViewLayer | Updating Scene BVH | Building BVH
Fra:1 Mem:23.29M (Peak 28.60M) | Time:00:00.01 | Mem:0.67M, Peak:0.67M | Scene, ViewLayer | Updating Scene BVH | Building BVH 0%
Fra:1 Mem:23.29M (Peak 28.60M) | Time:00:00.02 | Mem:1.05M, Peak:1.37M | Scene, ViewLayer | Updating Scene BVH | Copying BVH to device
Fra:1 Mem:23.29M (Peak 28.60M) | Time:00:00.02 | Mem:1.05M, Peak:1.37M | Scene, ViewLayer | Updating Mesh | Computing normals
Fra:1 Mem:24.32M (Peak 28.60M) | Time:00:00.02 | Mem:1.05M, Peak:1.37M | Scene, ViewLayer | Updating Mesh | Copying Mesh to device
Fra:1 Mem:24.32M (Peak 28.60M) | Time:00:00.02 | Mem:2.09M, Peak:2.09M | Scene, ViewLayer | Updating Objects Flags
Fra:1 Mem:24.32M (Peak 28.60M) | Time:00:00.02 | Mem:2.09M, Peak:2.09M | Scene, ViewLayer | Updating Primitive Offsets
Fra:1 Mem:24.32M (Peak 28.60M) | Time:00:00.02 | Mem:2.09M, Peak:2.09M | Scene, ViewLayer | Updating Images
Fra:1 Mem:24.32M (Peak 28.60M) | Time:00:00.02 | Mem:2.09M, Peak:2.09M | Scene, ViewLayer | Updating Camera Volume
Fra:1 Mem:24.32M (Peak 28.60M) | Time:00:00.02 | Mem:2.09M, Peak:2.09M | Scene, ViewLayer | Updating Lookup Tables
Fra:1 Mem:24.32M (Peak 28.60M) | Time:00:00.02 | Mem:2.17M, Peak:2.17M | Scene, ViewLayer | Updating Lights
Fra:1 Mem:24.32M (Peak 28.60M) | Time:00:00.02 | Mem:2.17M, Peak:2.17M | Scene, ViewLayer | Updating Lights | Computing tree
Fra:1 Mem:24.35M (Peak 28.60M) | Time:00:00.02 | Mem:2.20M, Peak:2.20M | Scene, ViewLayer | Updating Integrator
Fra:1 Mem:24.35M (Peak 28.60M) | Time:00:00.02 | Mem:2.20M, Peak:2.20M | Scene, ViewLayer | Updating Film
Fra:1 Mem:24.36M (Peak 28.60M) | Time:00:00.02 | Mem:2.12M, Peak:2.20M | Scene, ViewLayer | Updating Lookup Tables
Fra:1 Mem:24.36M (Peak 28.60M) | Time:00:00.02 | Mem:2.20M, Peak:2.20M | Scene, ViewLayer | Updating Baking
Fra:1 Mem:24.36M (Peak 28.60M) | Time:00:00.02 | Mem:2.20M, Peak:2.20M | Scene, ViewLayer | Updating Device | Writing constant memory
Fra:1 Mem:24.36M (Peak 28.60M) | Time:00:00.02 | Mem:2.20M, Peak:2.20M | Scene, ViewLayer | Sample 0/32
Fra:1 Mem:38.10M (Peak 38.10M) | Time:00:00.98 | Remaining:00:29.77 | Mem:15.94M, Peak:15.94M | Scene, ViewLayer | Sample 1/32
Fra:1 Mem:44.20M (Peak 56.41M) | Time:00:27.16 | Mem:15.94M, Peak:15.94M | Scene, ViewLayer | Sample 32/32
Fra:1 Mem:44.20M (Peak 56.41M) | Time:00:27.16 | Mem:15.94M, Peak:15.94M | Scene, ViewLayer | Finished
Saved: '/workspace/scratch/7c20b5ba4165/atlas-backlog-oct3/tools/assets/transit-station-spaces/qa/previews/bus-threshold-deployed.png'
Time: 00:27.23 (Saving: 00:00.05)

Extensions: writing cache failed ([Errno 30] Read-only file system: '/home/agent/.config/blender').
16:35:33 | INFO: Data are loaded, start creating Blender stuff
16:35:33 | INFO: Blender create Mesh node platform-foundation-editable-mesh
16:35:33 | INFO: Blender create Mesh node platform-deck-editable-mesh
16:35:33 | INFO: Blender create Mesh node platform-edge-cap-editable-mesh
16:35:33 | INFO: Blender create Mesh node tactile-band-editable-mesh
16:35:33 | INFO: glTF import finished in 0.00s
16:35:33 | INFO: Data are loaded, start creating Blender stuff
16:35:33 | INFO: Blender create Mesh node platform-foundation-editable-mesh
16:35:33 | INFO: Blender create Mesh node platform-deck-editable-mesh
16:35:33 | INFO: Blender create Mesh node platform-edge-cap-editable-mesh
16:35:33 | INFO: Blender create Mesh node tactile-band-editable-mesh
16:35:33 | INFO: glTF import finished in 0.00s
16:35:33 | INFO: Data are loaded, start creating Blender stuff
16:35:33 | INFO: Blender create Mesh node platform-foundation-editable-mesh
16:35:33 | INFO: Blender create Mesh node platform-deck-editable-mesh
16:35:33 | INFO: Blender create Mesh node platform-edge-cap-editable-mesh
16:35:33 | INFO: Blender create Mesh node tactile-band-editable-mesh
16:35:33 | INFO: glTF import finished in 0.00s
16:35:33 | INFO: Data are loaded, start creating Blender stuff
16:35:33 | INFO: Blender create Mesh node platform-foundation-editable-mesh
16:35:33 | INFO: Blender create Mesh node platform-deck-editable-mesh
16:35:33 | INFO: Blender create Mesh node platform-edge-cap-editable-mesh
16:35:33 | INFO: Blender create Mesh node tactile-band-editable-mesh
16:35:33 | INFO: glTF import finished in 0.00s
16:35:33 | INFO: Data are loaded, start creating Blender stuff
16:35:33 | INFO: Blender create Mesh node platform-foundation-editable-mesh
16:35:33 | INFO: Blender create Mesh node platform-deck-editable-mesh
16:35:33 | INFO: Blender create Mesh node platform-edge-cap-editable-mesh
16:35:33 | INFO: Blender create Mesh node tactile-band-editable-mesh
16:35:33 | INFO: glTF import finished in 0.00s
16:35:33 | INFO: Data are loaded, start creating Blender stuff
16:35:33 | INFO: Blender create Mesh node platform-foundation-editable-mesh
16:35:33 | INFO: Blender create Mesh node platform-deck-editable-mesh
16:35:33 | INFO: Blender create Mesh node platform-edge-cap-editable-mesh
16:35:33 | INFO: Blender create Mesh node tactile-band-editable-mesh
16:35:33 | INFO: glTF import finished in 0.00s
16:35:33 | INFO: Data are loaded, start creating Blender stuff
16:35:33 | INFO: Blender create Mesh node platform-foundation-editable-mesh
16:35:33 | INFO: Blender create Mesh node platform-deck-editable-mesh
16:35:33 | INFO: Blender create Mesh node platform-edge-cap-editable-mesh
16:35:33 | INFO: Blender create Mesh node tactile-band-editable-mesh
16:35:33 | INFO: glTF import finished in 0.00s
16:35:33 | INFO: Data are loaded, start creating Blender stuff
16:35:33 | INFO: Blender create Mesh node platform-foundation-editable-mesh
16:35:33 | INFO: Blender create Mesh node platform-deck-editable-mesh
16:35:33 | INFO: Blender create Mesh node platform-edge-cap-editable-mesh
16:35:33 | INFO: Blender create Mesh node tactile-band-editable-mesh
16:35:33 | INFO: glTF import finished in 0.01s
16:35:33 | INFO: Data are loaded, start creating Blender stuff
16:35:33 | INFO: Blender create Mesh node platform-foundation-editable-mesh
16:35:33 | INFO: Blender create Mesh node platform-deck-editable-mesh
16:35:33 | INFO: Blender create Mesh node platform-edge-cap-editable-mesh
16:35:33 | INFO: Blender create Mesh node tactile-band-editable-mesh
16:35:33 | INFO: glTF import finished in 0.01s
16:35:33 | INFO: Data are loaded, start creating Blender stuff
16:35:33 | INFO: Blender create Mesh node platform-foundation-editable-mesh
16:35:33 | INFO: Blender create Mesh node platform-deck-editable-mesh
16:35:33 | INFO: Blender create Mesh node platform-edge-cap-editable-mesh
16:35:33 | INFO: Blender create Mesh node tactile-band-editable-mesh
16:35:33 | INFO: glTF import finished in 0.01s
16:35:33 | INFO: Data are loaded, start creating Blender stuff
16:35:33 | INFO: Blender create Mesh node platform-foundation-editable-mesh
16:35:33 | INFO: Blender create Mesh node platform-deck-editable-mesh
16:35:33 | INFO: Blender create Mesh node platform-edge-cap-editable-mesh
16:35:33 | INFO: Blender create Mesh node tactile-band-editable-mesh
16:35:33 | INFO: glTF import finished in 0.01s
16:35:33 | INFO: Data are loaded, start creating Blender stuff
16:35:33 | INFO: Blender create Mesh node platform-foundation-editable-mesh
16:35:33 | INFO: Blender create Mesh node platform-deck-editable-mesh
16:35:33 | INFO: Blender create Mesh node platform-edge-cap-editable-mesh
16:35:33 | INFO: Blender create Mesh node tactile-band-editable-mesh
16:35:33 | INFO: glTF import finished in 0.01s
16:35:33 | INFO: Data are loaded, start creating Blender stuff
16:35:33 | INFO: Blender create Mesh node platform-foundation-editable-mesh
16:35:33 | INFO: Blender create Mesh node platform-deck-editable-mesh
16:35:33 | INFO: Blender create Mesh node platform-edge-cap-editable-mesh
16:35:33 | INFO: Blender create Mesh node tactile-band-editable-mesh
16:35:33 | INFO: glTF import finished in 0.01s
16:35:33 | INFO: Data are loaded, start creating Blender stuff
16:35:33 | INFO: Blender create Mesh node platform-foundation-editable-mesh
16:35:33 | INFO: Blender create Mesh node platform-deck-editable-mesh
16:35:33 | INFO: Blender create Mesh node platform-edge-cap-editable-mesh
16:35:33 | INFO: Blender create Mesh node tactile-band-editable-mesh
16:35:33 | INFO: glTF import finished in 0.01s
16:35:33 | INFO: Data are loaded, start creating Blender stuff
16:35:33 | INFO: Blender create Mesh node platform-foundation-editable-mesh
16:35:33 | INFO: Blender create Mesh node platform-deck-editable-mesh
16:35:33 | INFO: Blender create Mesh node platform-edge-cap-editable-mesh
16:35:33 | INFO: Blender create Mesh node tactile-band-editable-mesh
16:35:33 | INFO: glTF import finished in 0.01s
16:35:33 | INFO: Data are loaded, start creating Blender stuff
16:35:33 | INFO: Blender create Mesh node platform-foundation-editable-mesh
16:35:33 | INFO: Blender create Mesh node platform-deck-editable-mesh
16:35:33 | INFO: Blender create Mesh node platform-edge-cap-editable-mesh
16:35:33 | INFO: Blender create Mesh node tactile-band-editable-mesh
16:35:34 | INFO: glTF import finished in 0.02s
16:35:34 | INFO: Data are loaded, start creating Blender stuff
16:35:34 | INFO: Blender create Mesh node platform-foundation-editable-mesh
16:35:34 | INFO: Blender create Mesh node platform-deck-editable-mesh
16:35:34 | INFO: Blender create Mesh node platform-edge-cap-editable-mesh
16:35:34 | INFO: Blender create Mesh node tactile-band-editable-mesh
16:35:34 | INFO: glTF import finished in 0.01s
16:35:34 | INFO: Data are loaded, start creating Blender stuff
16:35:34 | INFO: Blender create Mesh node platform-foundation-editable-mesh
16:35:34 | INFO: Blender create Mesh node platform-deck-editable-mesh
16:35:34 | INFO: Blender create Mesh node platform-edge-cap-editable-mesh
16:35:34 | INFO: Blender create Mesh node tactile-band-editable-mesh
16:35:34 | INFO: glTF import finished in 0.01s
16:35:34 | INFO: Data are loaded, start creating Blender stuff
16:35:34 | INFO: Blender create Mesh node platform-foundation-editable-mesh
16:35:34 | INFO: Blender create Mesh node platform-deck-editable-mesh
16:35:34 | INFO: Blender create Mesh node platform-edge-cap-editable-mesh
16:35:34 | INFO: Blender create Mesh node tactile-band-editable-mesh
16:35:34 | INFO: glTF import finished in 0.01s
16:35:34 | INFO: Data are loaded, start creating Blender stuff
16:35:34 | INFO: Blender create Mesh node platform-foundation-editable-mesh
16:35:34 | INFO: Blender create Mesh node platform-deck-editable-mesh
16:35:34 | INFO: Blender create Mesh node platform-edge-cap-editable-mesh
16:35:34 | INFO: Blender create Mesh node tactile-band-editable-mesh
16:35:34 | INFO: glTF import finished in 0.01s
16:35:34 | INFO: Data are loaded, start creating Blender stuff
16:35:34 | INFO: Blender create Mesh node platform-foundation-editable-mesh
16:35:34 | INFO: Blender create Mesh node platform-deck-editable-mesh
16:35:34 | INFO: Blender create Mesh node platform-edge-cap-editable-mesh
16:35:34 | INFO: Blender create Mesh node tactile-band-editable-mesh
16:35:34 | INFO: glTF import finished in 0.01s
16:35:34 | INFO: Data are loaded, start creating Blender stuff
16:35:34 | INFO: Blender create Mesh node platform-foundation-editable-mesh
16:35:34 | INFO: Blender create Mesh node platform-deck-editable-mesh
16:35:34 | INFO: Blender create Mesh node platform-edge-cap-editable-mesh
16:35:34 | INFO: Blender create Mesh node tactile-band-editable-mesh
16:35:34 | INFO: glTF import finished in 0.01s
16:35:34 | INFO: Data are loaded, start creating Blender stuff
16:35:34 | INFO: Blender create Mesh node platform-foundation-editable-mesh
16:35:34 | INFO: Blender create Mesh node platform-deck-editable-mesh
16:35:34 | INFO: Blender create Mesh node platform-edge-cap-editable-mesh
16:35:34 | INFO: Blender create Mesh node tactile-band-editable-mesh
16:35:34 | INFO: glTF import finished in 0.01s
16:35:34 | INFO: Data are loaded, start creating Blender stuff
16:35:34 | INFO: Blender create Mesh node platform-foundation-editable-mesh
16:35:34 | INFO: Blender create Mesh node platform-deck-editable-mesh
16:35:34 | INFO: Blender create Mesh node platform-edge-cap-editable-mesh
16:35:34 | INFO: Blender create Mesh node tactile-band-editable-mesh
16:35:34 | INFO: glTF import finished in 0.01s
16:35:34 | INFO: Data are loaded, start creating Blender stuff
16:35:34 | INFO: Blender create Mesh node platform-foundation-editable-mesh
16:35:34 | INFO: Blender create Mesh node platform-deck-editable-mesh
16:35:34 | INFO: Blender create Mesh node platform-edge-cap-editable-mesh
16:35:34 | INFO: Blender create Mesh node tactile-band-editable-mesh
16:35:34 | INFO: glTF import finished in 0.01s
16:35:34 | INFO: Data are loaded, start creating Blender stuff
16:35:34 | INFO: Blender create Mesh node platform-foundation-editable-mesh
16:35:34 | INFO: Blender create Mesh node platform-deck-editable-mesh
16:35:34 | INFO: Blender create Mesh node platform-edge-cap-editable-mesh
16:35:34 | INFO: Blender create Mesh node tactile-band-editable-mesh
16:35:34 | INFO: glTF import finished in 0.01s
16:35:34 | INFO: Data are loaded, start creating Blender stuff
16:35:34 | INFO: Blender create Mesh node platform-foundation-editable-mesh
16:35:34 | INFO: Blender create Mesh node platform-deck-editable-mesh
16:35:34 | INFO: Blender create Mesh node platform-edge-cap-editable-mesh
16:35:34 | INFO: Blender create Mesh node tactile-band-editable-mesh
16:35:34 | INFO: glTF import finished in 0.02s
16:35:34 | INFO: Data are loaded, start creating Blender stuff
16:35:34 | INFO: Blender create Mesh node platform-foundation-editable-mesh
16:35:34 | INFO: Blender create Mesh node platform-deck-editable-mesh
16:35:34 | INFO: Blender create Mesh node platform-edge-cap-editable-mesh
16:35:34 | INFO: Blender create Mesh node tactile-band-editable-mesh
16:35:34 | INFO: glTF import finished in 0.02s
16:35:34 | INFO: Data are loaded, start creating Blender stuff
16:35:34 | INFO: Blender create Mesh node platform-foundation-editable-mesh
16:35:34 | INFO: Blender create Mesh node platform-deck-editable-mesh
16:35:34 | INFO: Blender create Mesh node platform-edge-cap-editable-mesh
16:35:34 | INFO: Blender create Mesh node tactile-band-editable-mesh
16:35:34 | INFO: glTF import finished in 0.01s
16:35:34 | INFO: Data are loaded, start creating Blender stuff
16:35:34 | INFO: Blender create Mesh node platform-foundation-editable-mesh
16:35:34 | INFO: Blender create Mesh node platform-deck-editable-mesh
16:35:34 | INFO: Blender create Mesh node platform-edge-cap-editable-mesh
16:35:34 | INFO: Blender create Mesh node tactile-band-editable-mesh
16:35:34 | INFO: glTF import finished in 0.01s
16:35:34 | INFO: Data are loaded, start creating Blender stuff
16:35:34 | INFO: Blender create Mesh node platform-foundation-editable-mesh
16:35:34 | INFO: Blender create Mesh node platform-deck-editable-mesh
16:35:34 | INFO: Blender create Mesh node platform-edge-cap-editable-mesh
16:35:34 | INFO: Blender create Mesh node tactile-band-editable-mesh
16:35:34 | INFO: glTF import finished in 0.03s
16:35:34 | INFO: Data are loaded, start creating Blender stuff
16:35:34 | INFO: Blender create Mesh node platform-foundation-editable-mesh
16:35:34 | INFO: Blender create Mesh node platform-deck-editable-mesh
16:35:34 | INFO: Blender create Mesh node platform-edge-cap-editable-mesh
16:35:34 | INFO: Blender create Mesh node tactile-band-editable-mesh
16:35:34 | INFO: glTF import finished in 0.01s
16:35:34 | INFO: Data are loaded, start creating Blender stuff
16:35:34 | INFO: Blender create Mesh node platform-foundation-editable-mesh
16:35:34 | INFO: Blender create Mesh node platform-deck-editable-mesh
16:35:34 | INFO: Blender create Mesh node platform-edge-cap-editable-mesh
16:35:34 | INFO: Blender create Mesh node tactile-band-editable-mesh
16:35:34 | INFO: glTF import finished in 0.01s
16:35:34 | INFO: Data are loaded, start creating Blender stuff
16:35:34 | INFO: Blender create Mesh node platform-foundation-editable-mesh
16:35:34 | INFO: Blender create Mesh node platform-deck-editable-mesh
16:35:34 | INFO: Blender create Mesh node platform-edge-cap-editable-mesh
16:35:34 | INFO: Blender create Mesh node tactile-band-editable-mesh
16:35:34 | INFO: glTF import finished in 0.02s
16:35:34 | INFO: Data are loaded, start creating Blender stuff
16:35:34 | INFO: Blender create Mesh node platform-foundation-editable-mesh
16:35:34 | INFO: Blender create Mesh node platform-deck-editable-mesh
16:35:34 | INFO: Blender create Mesh node platform-edge-cap-editable-mesh
16:35:34 | INFO: Blender create Mesh node tactile-band-editable-mesh
16:35:34 | INFO: glTF import finished in 0.02s
16:35:34 | INFO: Data are loaded, start creating Blender stuff
16:35:34 | INFO: Blender create Mesh node platform-foundation-editable-mesh
16:35:34 | INFO: Blender create Mesh node platform-deck-editable-mesh
16:35:34 | INFO: Blender create Mesh node platform-edge-cap-editable-mesh
16:35:34 | INFO: Blender create Mesh node tactile-band-editable-mesh
16:35:34 | INFO: glTF import finished in 0.02s
16:35:34 | INFO: Data are loaded, start creating Blender stuff
16:35:34 | INFO: Blender create Mesh node platform-foundation-editable-mesh
16:35:34 | INFO: Blender create Mesh node platform-deck-editable-mesh
16:35:34 | INFO: Blender create Mesh node platform-edge-cap-editable-mesh
16:35:34 | INFO: Blender create Mesh node tactile-band-editable-mesh
16:35:34 | INFO: glTF import finished in 0.07s
16:35:34 | INFO: Data are loaded, start creating Blender stuff
16:35:34 | INFO: Blender create Mesh node sign-post--0.85-editable-mesh
16:35:34 | INFO: Blender create Mesh node sign-foot--0.85-editable-mesh
16:35:34 | INFO: Blender create Mesh node sign-post-0.85-editable-mesh
16:35:34 | INFO: Blender create Mesh node sign-foot-0.85-editable-mesh
16:35:34 | INFO: Blender create Mesh node guidance-panel-editable-mesh
16:35:34 | INFO: Blender create Mesh node guidance-face-editable-mesh
16:35:34 | INFO: Blender create Mesh node direction-arrow-editable-mesh
16:35:34 | INFO: Blender create Mesh node generic-destination-rule-2.67-editable-mesh
16:35:34 | INFO: Blender create Mesh node generic-destination-rule-2.54-editable-mesh
16:35:34 | INFO: glTF import finished in 0.03s
16:35:34 | INFO: Data are loaded, start creating Blender stuff
16:35:34 | INFO: Blender create Mesh node Cube
16:35:34 | INFO: Blender create Mesh node Cube.142
16:35:34 | INFO: Blender create Mesh node Cube.141
16:35:34 | INFO: Blender create Mesh node Cube.119
16:35:34 | INFO: Blender create Mesh node Cube.124
16:35:34 | INFO: Blender create Mesh node Cube.129
16:35:34 | INFO: Blender create Mesh node Cube.134
16:35:34 | INFO: Blender create Mesh node Cube.109
16:35:34 | INFO: Blender create Mesh node Cube.114
16:35:34 | INFO: Blender create Mesh node Cube.089
16:35:34 | INFO: Blender create Mesh node Cube.094
16:35:34 | INFO: Blender create Mesh node Cube.099
16:35:34 | INFO: Blender create Mesh node Cube.104
16:35:34 | INFO: Blender create Mesh node Cube.079
16:35:34 | INFO: Blender create Mesh node Cube.084
16:35:34 | INFO: Blender create Mesh node Cube.004
16:35:34 | INFO: Blender create Mesh node Cube.076
16:35:34 | INFO: Blender create Mesh node Cylinder.007
16:35:34 | INFO: Blender create Mesh node Cylinder.006
16:35:34 | INFO: Blender create Mesh node Cylinder.005
16:35:34 | INFO: Blender create Mesh node Cylinder.004
16:35:34 | INFO: Blender create Mesh node Cylinder.003
16:35:34 | INFO: Blender create Mesh node Cylinder.002
16:35:34 | INFO: Blender create Mesh node Cylinder.001
16:35:34 | INFO: Blender create Mesh node Cylinder
16:35:34 | INFO: glTF import finished in 0.05s
16:35:34 | INFO: Data are loaded, start creating Blender stuff
16:35:34 | INFO: Blender create Mesh node interior-batch-metro-wall
16:35:34 | INFO: Blender create Mesh node interior-batch-metro-floor
16:35:34 | INFO: Blender create Mesh node interior-batch-metro-rail
16:35:34 | INFO: Blender create Mesh node interior-batch-metro-screen
16:35:34 | INFO: Blender create Mesh node interior-batch-metro-priority-seat
16:35:34 | INFO: Blender create Mesh node interior-batch-metro-seat
16:35:34 | INFO: glTF import finished in 0.03s
16:35:34 | INFO: Data are loaded, start creating Blender stuff
16:35:34 | INFO: Blender create Mesh node Cube
16:35:34 | INFO: Blender create Mesh node Cube.142
16:35:34 | INFO: Blender create Mesh node Cube.141
16:35:34 | INFO: Blender create Mesh node Cube.119
16:35:34 | INFO: Blender create Mesh node Cube.124
16:35:34 | INFO: Blender create Mesh node Cube.129
16:35:34 | INFO: Blender create Mesh node Cube.134
16:35:34 | INFO: Blender create Mesh node Cube.109
16:35:34 | INFO: Blender create Mesh node Cube.114
16:35:34 | INFO: Blender create Mesh node Cube.089
16:35:34 | INFO: Blender create Mesh node Cube.094
16:35:34 | INFO: Blender create Mesh node Cube.099
16:35:34 | INFO: Blender create Mesh node Cube.104
16:35:34 | INFO: Blender create Mesh node Cube.079
16:35:34 | INFO: Blender create Mesh node Cube.084
16:35:34 | INFO: Blender create Mesh node Cube.004
16:35:34 | INFO: Blender create Mesh node Cylinder.007
16:35:34 | INFO: Blender create Mesh node Cylinder.006
16:35:34 | INFO: Blender create Mesh node Cylinder.005
16:35:34 | INFO: Blender create Mesh node Cylinder.004
16:35:34 | INFO: Blender create Mesh node Cylinder.003
16:35:34 | INFO: Blender create Mesh node Cylinder.002
16:35:34 | INFO: Blender create Mesh node Cylinder.001
16:35:34 | INFO: Blender create Mesh node Cylinder
16:35:34 | INFO: glTF import finished in 0.05s
16:35:34 | INFO: Data are loaded, start creating Blender stuff
16:35:34 | INFO: Blender create Mesh node interior-batch-metro-wall
16:35:34 | INFO: Blender create Mesh node interior-batch-metro-floor
16:35:34 | INFO: Blender create Mesh node interior-batch-metro-rail
16:35:34 | INFO: Blender create Mesh node interior-batch-metro-screen
16:35:34 | INFO: Blender create Mesh node interior-batch-metro-priority-seat
16:35:34 | INFO: Blender create Mesh node interior-batch-metro-seat
16:35:34 | INFO: glTF import finished in 0.03s
16:35:34 | INFO: Data are loaded, start creating Blender stuff
16:35:34 | INFO: Blender create Mesh node Cube
16:35:34 | INFO: Blender create Mesh node Cube.142
16:35:34 | INFO: Blender create Mesh node Cube.141
16:35:34 | INFO: Blender create Mesh node Cube.119
16:35:34 | INFO: Blender create Mesh node Cube.124
16:35:34 | INFO: Blender create Mesh node Cube.129
16:35:34 | INFO: Blender create Mesh node Cube.134
16:35:34 | INFO: Blender create Mesh node Cube.109
16:35:34 | INFO: Blender create Mesh node Cube.114
16:35:34 | INFO: Blender create Mesh node Cube.089
16:35:34 | INFO: Blender create Mesh node Cube.094
16:35:34 | INFO: Blender create Mesh node Cube.099
16:35:34 | INFO: Blender create Mesh node Cube.104
16:35:34 | INFO: Blender create Mesh node Cube.079
16:35:34 | INFO: Blender create Mesh node Cube.084
16:35:34 | INFO: Blender create Mesh node Cube.004
16:35:34 | INFO: Blender create Mesh node Cylinder.007
16:35:34 | INFO: Blender create Mesh node Cylinder.006
16:35:34 | INFO: Blender create Mesh node Cylinder.005
16:35:34 | INFO: Blender create Mesh node Cylinder.004
16:35:34 | INFO: Blender create Mesh node Cylinder.003
16:35:34 | INFO: Blender create Mesh node Cylinder.002
16:35:34 | INFO: Blender create Mesh node Cylinder.001
16:35:34 | INFO: Blender create Mesh node Cylinder
16:35:34 | INFO: glTF import finished in 0.06s
16:35:34 | INFO: Data are loaded, start creating Blender stuff
16:35:34 | INFO: Blender create Mesh node interior-batch-metro-wall
16:35:34 | INFO: Blender create Mesh node interior-batch-metro-floor
16:35:34 | INFO: Blender create Mesh node interior-batch-metro-rail
16:35:34 | INFO: Blender create Mesh node interior-batch-metro-screen
16:35:34 | INFO: Blender create Mesh node interior-batch-metro-priority-seat
16:35:34 | INFO: Blender create Mesh node interior-batch-metro-seat
16:35:34 | INFO: glTF import finished in 0.04s
16:35:34 | INFO: Data are loaded, start creating Blender stuff
16:35:34 | INFO: Blender create Mesh node Cube
16:35:35 | INFO: Blender create Mesh node Cube.142
16:35:35 | INFO: Blender create Mesh node Cube.141
16:35:35 | INFO: Blender create Mesh node Cube.119
16:35:35 | INFO: Blender create Mesh node Cube.124
16:35:35 | INFO: Blender create Mesh node Cube.129
16:35:35 | INFO: Blender create Mesh node Cube.134
16:35:35 | INFO: Blender create Mesh node Cube.109
16:35:35 | INFO: Blender create Mesh node Cube.114
16:35:35 | INFO: Blender create Mesh node Cube.089
16:35:35 | INFO: Blender create Mesh node Cube.094
16:35:35 | INFO: Blender create Mesh node Cube.099
16:35:35 | INFO: Blender create Mesh node Cube.104
16:35:35 | INFO: Blender create Mesh node Cube.079
16:35:35 | INFO: Blender create Mesh node Cube.084
16:35:35 | INFO: Blender create Mesh node Cube.004
16:35:35 | INFO: Blender create Mesh node Cube.068
16:35:35 | INFO: Blender create Mesh node Cylinder.007
16:35:35 | INFO: Blender create Mesh node Cylinder.006
16:35:35 | INFO: Blender create Mesh node Cylinder.005
16:35:35 | INFO: Blender create Mesh node Cylinder.004
16:35:35 | INFO: Blender create Mesh node Cylinder.003
16:35:35 | INFO: Blender create Mesh node Cylinder.002
16:35:35 | INFO: Blender create Mesh node Cylinder.001
16:35:35 | INFO: Blender create Mesh node Cylinder
16:35:35 | INFO: glTF import finished in 0.07s
16:35:35 | INFO: Data are loaded, start creating Blender stuff
16:35:35 | INFO: Blender create Mesh node interior-batch-metro-wall
16:35:35 | INFO: Blender create Mesh node interior-batch-metro-floor
16:35:35 | INFO: Blender create Mesh node interior-batch-metro-rail
16:35:35 | INFO: Blender create Mesh node interior-batch-metro-screen
16:35:35 | INFO: Blender create Mesh node interior-batch-metro-priority-seat
16:35:35 | INFO: Blender create Mesh node interior-batch-metro-seat
16:35:35 | INFO: glTF import finished in 0.04s
16:35:35 | INFO: Data are loaded, start creating Blender stuff
16:35:35 | INFO: Blender create Mesh node threshold-deck-editable-mesh
16:35:35 | INFO: Blender create Mesh node deck-grip-strip-editable-mesh
16:35:35 | INFO: Blender create Mesh node deck-grip-strip-editable-mesh.001
16:35:35 | INFO: Blender create Mesh node deck-grip-strip-editable-mesh.002
16:35:35 | INFO: glTF import finished in 0.03s
16:35:35 | INFO: Data are loaded, start creating Blender stuff
16:35:35 | INFO: Blender create Mesh node threshold-deck-editable-mesh
16:35:35 | INFO: Blender create Mesh node deck-grip-strip-editable-mesh
16:35:35 | INFO: Blender create Mesh node deck-grip-strip-editable-mesh.001
16:35:35 | INFO: Blender create Mesh node deck-grip-strip-editable-mesh.002
16:35:35 | INFO: glTF import finished in 0.04s
16:35:35 | INFO: Data are loaded, start creating Blender stuff
16:35:35 | INFO: Blender create Mesh node threshold-deck-editable-mesh
16:35:35 | INFO: Blender create Mesh node deck-grip-strip-editable-mesh
16:35:35 | INFO: Blender create Mesh node deck-grip-strip-editable-mesh.001
16:35:35 | INFO: Blender create Mesh node deck-grip-strip-editable-mesh.002
16:35:35 | INFO: glTF import finished in 0.04s
16:35:35 | INFO: Data are loaded, start creating Blender stuff
16:35:35 | INFO: Blender create Mesh node threshold-deck-editable-mesh
16:35:35 | INFO: Blender create Mesh node deck-grip-strip-editable-mesh
16:35:35 | INFO: Blender create Mesh node deck-grip-strip-editable-mesh.001
16:35:35 | INFO: Blender create Mesh node deck-grip-strip-editable-mesh.002
16:35:35 | INFO: glTF import finished in 0.04s
16:35:35 | INFO: Data are loaded, start creating Blender stuff
16:35:35 | INFO: Blender create Mesh node threshold-deck-editable-mesh
16:35:35 | INFO: Blender create Mesh node deck-grip-strip-editable-mesh
16:35:35 | INFO: Blender create Mesh node deck-grip-strip-editable-mesh.001
16:35:35 | INFO: Blender create Mesh node deck-grip-strip-editable-mesh.002
16:35:35 | INFO: glTF import finished in 0.04s
16:35:35 | INFO: Data are loaded, start creating Blender stuff
16:35:35 | INFO: Blender create Mesh node threshold-deck-editable-mesh
16:35:35 | INFO: Blender create Mesh node deck-grip-strip-editable-mesh
16:35:35 | INFO: Blender create Mesh node deck-grip-strip-editable-mesh.001
16:35:35 | INFO: Blender create Mesh node deck-grip-strip-editable-mesh.002
16:35:35 | INFO: glTF import finished in 0.04s
16:35:35 | INFO: Data are loaded, start creating Blender stuff
16:35:35 | INFO: Blender create Mesh node threshold-deck-editable-mesh
16:35:35 | INFO: Blender create Mesh node deck-grip-strip-editable-mesh
16:35:35 | INFO: Blender create Mesh node deck-grip-strip-editable-mesh.001
16:35:35 | INFO: Blender create Mesh node deck-grip-strip-editable-mesh.002
16:35:35 | INFO: glTF import finished in 0.04s
16:35:35 | INFO: Data are loaded, start creating Blender stuff
16:35:35 | INFO: Blender create Mesh node threshold-deck-editable-mesh
16:35:35 | INFO: Blender create Mesh node deck-grip-strip-editable-mesh
16:35:35 | INFO: Blender create Mesh node deck-grip-strip-editable-mesh.001
16:35:35 | INFO: Blender create Mesh node deck-grip-strip-editable-mesh.002
16:35:35 | INFO: glTF import finished in 0.05s
16:35:35 | INFO: Data are loaded, start creating Blender stuff
16:35:35 | INFO: Blender create Mesh node threshold-deck-editable-mesh
16:35:35 | INFO: Blender create Mesh node deck-grip-strip-editable-mesh
16:35:35 | INFO: Blender create Mesh node deck-grip-strip-editable-mesh.001
16:35:35 | INFO: Blender create Mesh node deck-grip-strip-editable-mesh.002
16:35:35 | INFO: glTF import finished in 0.05s
16:35:35 | INFO: Data are loaded, start creating Blender stuff
16:35:35 | INFO: Blender create Mesh node threshold-deck-editable-mesh
16:35:35 | INFO: Blender create Mesh node deck-grip-strip-editable-mesh
16:35:35 | INFO: Blender create Mesh node deck-grip-strip-editable-mesh.001
16:35:35 | INFO: Blender create Mesh node deck-grip-strip-editable-mesh.002
16:35:35 | INFO: glTF import finished in 0.04s
16:35:35 | INFO: Data are loaded, start creating Blender stuff
16:35:35 | INFO: Blender create Mesh node threshold-deck-editable-mesh
16:35:35 | INFO: Blender create Mesh node deck-grip-strip-editable-mesh
16:35:35 | INFO: Blender create Mesh node deck-grip-strip-editable-mesh.001
16:35:35 | INFO: Blender create Mesh node deck-grip-strip-editable-mesh.002
16:35:36 | INFO: glTF import finished in 0.04s
16:35:36 | INFO: Data are loaded, start creating Blender stuff
16:35:36 | INFO: Blender create Mesh node threshold-deck-editable-mesh
16:35:36 | INFO: Blender create Mesh node deck-grip-strip-editable-mesh
16:35:36 | INFO: Blender create Mesh node deck-grip-strip-editable-mesh.001
16:35:36 | INFO: Blender create Mesh node deck-grip-strip-editable-mesh.002
16:35:36 | INFO: glTF import finished in 0.04s
Fra:1 Mem:72.59M (Peak 72.59M) | Time:00:00.05 | Mem:0.00M, Peak:0.00M | Scene, ViewLayer | Synchronizing object | platform-foundation
Fra:1 Mem:72.59M (Peak 72.59M) | Time:00:00.05 | Mem:0.00M, Peak:0.00M | Scene, ViewLayer | Synchronizing object | platform-deck
Fra:1 Mem:72.60M (Peak 72.60M) | Time:00:00.05 | Mem:0.00M, Peak:0.00M | Scene, ViewLayer | Synchronizing object | platform-edge-cap
Fra:1 Mem:72.60M (Peak 72.60M) | Time:00:00.05 | Mem:0.00M, Peak:0.00M | Scene, ViewLayer | Synchronizing object | tactile-band
Fra:1 Mem:72.60M (Peak 72.60M) | Time:00:00.05 | Mem:0.00M, Peak:0.00M | Scene, ViewLayer | Synchronizing object | platform-foundation.001
Fra:1 Mem:72.60M (Peak 72.60M) | Time:00:00.05 | Mem:0.00M, Peak:0.00M | Scene, ViewLayer | Synchronizing object | platform-deck.001
Fra:1 Mem:72.61M (Peak 72.61M) | Time:00:00.05 | Mem:0.00M, Peak:0.00M | Scene, ViewLayer | Synchronizing object | platform-edge-cap.001
Fra:1 Mem:72.61M (Peak 72.61M) | Time:00:00.05 | Mem:0.00M, Peak:0.00M | Scene, ViewLayer | Synchronizing object | tactile-band.001
Fra:1 Mem:72.61M (Peak 72.61M) | Time:00:00.05 | Mem:0.00M, Peak:0.00M | Scene, ViewLayer | Synchronizing object | platform-foundation.002
Fra:1 Mem:72.61M (Peak 72.61M) | Time:00:00.05 | Mem:0.00M, Peak:0.00M | Scene, ViewLayer | Synchronizing object | platform-deck.002
Fra:1 Mem:72.62M (Peak 72.62M) | Time:00:00.05 | Mem:0.00M, Peak:0.00M | Scene, ViewLayer | Synchronizing object | platform-edge-cap.002
Fra:1 Mem:72.62M (Peak 72.62M) | Time:00:00.05 | Mem:0.00M, Peak:0.00M | Scene, ViewLayer | Synchronizing object | tactile-band.002
Fra:1 Mem:72.62M (Peak 72.62M) | Time:00:00.05 | Mem:0.00M, Peak:0.00M | Scene, ViewLayer | Synchronizing object | platform-foundation.003
Fra:1 Mem:72.62M (Peak 72.62M) | Time:00:00.05 | Mem:0.00M, Peak:0.00M | Scene, ViewLayer | Synchronizing object | platform-deck.003
Fra:1 Mem:72.63M (Peak 72.63M) | Time:00:00.05 | Mem:0.00M, Peak:0.00M | Scene, ViewLayer | Synchronizing object | platform-edge-cap.003
Fra:1 Mem:72.63M (Peak 72.63M) | Time:00:00.05 | Mem:0.00M, Peak:0.00M | Scene, ViewLayer | Synchronizing object | tactile-band.003
Fra:1 Mem:72.63M (Peak 72.63M) | Time:00:00.05 | Mem:0.00M, Peak:0.00M | Scene, ViewLayer | Synchronizing object | platform-foundation.004
Fra:1 Mem:72.64M (Peak 72.64M) | Time:00:00.05 | Mem:0.00M, Peak:0.00M | Scene, ViewLayer | Synchronizing object | platform-deck.004
Fra:1 Mem:72.64M (Peak 72.64M) | Time:00:00.05 | Mem:0.00M, Peak:0.00M | Scene, ViewLayer | Synchronizing object | platform-edge-cap.004
Fra:1 Mem:72.64M (Peak 72.64M) | Time:00:00.05 | Mem:0.00M, Peak:0.00M | Scene, ViewLayer | Synchronizing object | tactile-band.004
Fra:1 Mem:72.64M (Peak 72.64M) | Time:00:00.05 | Mem:0.00M, Peak:0.00M | Scene, ViewLayer | Synchronizing object | platform-foundation.005
Fra:1 Mem:72.66M (Peak 72.66M) | Time:00:00.05 | Mem:0.00M, Peak:0.00M | Scene, ViewLayer | Synchronizing object | platform-deck.005
Fra:1 Mem:72.67M (Peak 72.67M) | Time:00:00.05 | Mem:0.00M, Peak:0.00M | Scene, ViewLayer | Synchronizing object | platform-edge-cap.005
Fra:1 Mem:72.67M (Peak 72.67M) | Time:00:00.05 | Mem:0.00M, Peak:0.00M | Scene, ViewLayer | Synchronizing object | tactile-band.005
Fra:1 Mem:72.67M (Peak 72.67M) | Time:00:00.05 | Mem:0.00M, Peak:0.00M | Scene, ViewLayer | Synchronizing object | platform-foundation.006
Fra:1 Mem:72.67M (Peak 72.67M) | Time:00:00.05 | Mem:0.00M, Peak:0.00M | Scene, ViewLayer | Synchronizing object | platform-deck.006
Fra:1 Mem:72.68M (Peak 72.68M) | Time:00:00.05 | Mem:0.00M, Peak:0.00M | Scene, ViewLayer | Synchronizing object | platform-edge-cap.006
Fra:1 Mem:72.68M (Peak 72.68M) | Time:00:00.05 | Mem:0.00M, Peak:0.00M | Scene, ViewLayer | Synchronizing object | tactile-band.006
Fra:1 Mem:72.68M (Peak 72.68M) | Time:00:00.05 | Mem:0.00M, Peak:0.00M | Scene, ViewLayer | Synchronizing object | platform-foundation.007
Fra:1 Mem:72.69M (Peak 72.69M) | Time:00:00.05 | Mem:0.00M, Peak:0.00M | Scene, ViewLayer | Synchronizing object | platform-deck.007
Fra:1 Mem:72.69M (Peak 72.69M) | Time:00:00.05 | Mem:0.00M, Peak:0.00M | Scene, ViewLayer | Synchronizing object | platform-edge-cap.007
Fra:1 Mem:72.69M (Peak 72.69M) | Time:00:00.05 | Mem:0.00M, Peak:0.00M | Scene, ViewLayer | Synchronizing object | tactile-band.007
Fra:1 Mem:72.69M (Peak 72.69M) | Time:00:00.05 | Mem:0.00M, Peak:0.00M | Scene, ViewLayer | Synchronizing object | platform-foundation.008
Fra:1 Mem:72.70M (Peak 72.70M) | Time:00:00.05 | Mem:0.00M, Peak:0.00M | Scene, ViewLayer | Synchronizing object | platform-deck.008
Fra:1 Mem:72.70M (Peak 72.70M) | Time:00:00.05 | Mem:0.00M, Peak:0.00M | Scene, ViewLayer | Synchronizing object | platform-edge-cap.008
Fra:1 Mem:72.70M (Peak 72.70M) | Time:00:00.05 | Mem:0.00M, Peak:0.00M | Scene, ViewLayer | Synchronizing object | tactile-band.008
Fra:1 Mem:72.71M (Peak 72.71M) | Time:00:00.05 | Mem:0.00M, Peak:0.00M | Scene, ViewLayer | Synchronizing object | platform-foundation.009
Fra:1 Mem:72.71M (Peak 72.71M) | Time:00:00.05 | Mem:0.00M, Peak:0.00M | Scene, ViewLayer | Synchronizing object | platform-deck.009
Fra:1 Mem:72.71M (Peak 72.71M) | Time:00:00.05 | Mem:0.00M, Peak:0.00M | Scene, ViewLayer | Synchronizing object | platform-edge-cap.009
Fra:1 Mem:72.71M (Peak 72.71M) | Time:00:00.05 | Mem:0.00M, Peak:0.00M | Scene, ViewLayer | Synchronizing object | tactile-band.009
Fra:1 Mem:72.72M (Peak 72.72M) | Time:00:00.05 | Mem:0.00M, Peak:0.00M | Scene, ViewLayer | Synchronizing object | platform-foundation.010
Fra:1 Mem:72.72M (Peak 72.72M) | Time:00:00.05 | Mem:0.00M, Peak:0.00M | Scene, ViewLayer | Synchronizing object | platform-deck.010
Fra:1 Mem:72.72M (Peak 72.72M) | Time:00:00.05 | Mem:0.00M, Peak:0.00M | Scene, ViewLayer | Synchronizing object | platform-edge-cap.010
Fra:1 Mem:72.73M (Peak 72.73M) | Time:00:00.05 | Mem:0.00M, Peak:0.00M | Scene, ViewLayer | Synchronizing object | tactile-band.010
Fra:1 Mem:72.73M (Peak 72.73M) | Time:00:00.05 | Mem:0.00M, Peak:0.00M | Scene, ViewLayer | Synchronizing object | platform-foundation.011
Fra:1 Mem:72.73M (Peak 72.73M) | Time:00:00.05 | Mem:0.00M, Peak:0.00M | Scene, ViewLayer | Synchronizing object | platform-deck.011
Fra:1 Mem:72.74M (Peak 72.74M) | Time:00:00.05 | Mem:0.00M, Peak:0.00M | Scene, ViewLayer | Synchronizing object | platform-edge-cap.011
Fra:1 Mem:72.74M (Peak 72.74M) | Time:00:00.05 | Mem:0.00M, Peak:0.00M | Scene, ViewLayer | Synchronizing object | tactile-band.011
Fra:1 Mem:72.74M (Peak 72.74M) | Time:00:00.05 | Mem:0.00M, Peak:0.00M | Scene, ViewLayer | Synchronizing object | platform-foundation.012
Fra:1 Mem:72.75M (Peak 72.75M) | Time:00:00.05 | Mem:0.00M, Peak:0.00M | Scene, ViewLayer | Synchronizing object | platform-deck.012
Fra:1 Mem:72.75M (Peak 72.75M) | Time:00:00.05 | Mem:0.00M, Peak:0.00M | Scene, ViewLayer | Synchronizing object | platform-edge-cap.012
Fra:1 Mem:72.75M (Peak 72.75M) | Time:00:00.05 | Mem:0.00M, Peak:0.00M | Scene, ViewLayer | Synchronizing object | tactile-band.012
Fra:1 Mem:72.75M (Peak 72.75M) | Time:00:00.05 | Mem:0.00M, Peak:0.00M | Scene, ViewLayer | Synchronizing object | platform-foundation.013
Fra:1 Mem:72.76M (Peak 72.76M) | Time:00:00.05 | Mem:0.00M, Peak:0.00M | Scene, ViewLayer | Synchronizing object | platform-deck.013
Fra:1 Mem:72.76M (Peak 72.76M) | Time:00:00.05 | Mem:0.00M, Peak:0.00M | Scene, ViewLayer | Synchronizing object | platform-edge-cap.013
Fra:1 Mem:72.76M (Peak 72.76M) | Time:00:00.05 | Mem:0.00M, Peak:0.00M | Scene, ViewLayer | Synchronizing object | tactile-band.013
Fra:1 Mem:72.77M (Peak 72.77M) | Time:00:00.05 | Mem:0.00M, Peak:0.00M | Scene, ViewLayer | Synchronizing object | platform-foundation.014
Fra:1 Mem:72.77M (Peak 72.77M) | Time:00:00.05 | Mem:0.00M, Peak:0.00M | Scene, ViewLayer | Synchronizing object | platform-deck.014
Fra:1 Mem:72.77M (Peak 72.77M) | Time:00:00.05 | Mem:0.00M, Peak:0.00M | Scene, ViewLayer | Synchronizing object | platform-edge-cap.014
Fra:1 Mem:72.77M (Peak 72.77M) | Time:00:00.05 | Mem:0.00M, Peak:0.00M | Scene, ViewLayer | Synchronizing object | tactile-band.014
Fra:1 Mem:72.78M (Peak 72.78M) | Time:00:00.05 | Mem:0.00M, Peak:0.00M | Scene, ViewLayer | Synchronizing object | platform-foundation.015
Fra:1 Mem:72.78M (Peak 72.78M) | Time:00:00.05 | Mem:0.00M, Peak:0.00M | Scene, ViewLayer | Synchronizing object | platform-deck.015
Fra:1 Mem:72.78M (Peak 72.78M) | Time:00:00.05 | Mem:0.00M, Peak:0.00M | Scene, ViewLayer | Synchronizing object | platform-edge-cap.015
Fra:1 Mem:72.78M (Peak 72.78M) | Time:00:00.05 | Mem:0.00M, Peak:0.00M | Scene, ViewLayer | Synchronizing object | tactile-band.015
Fra:1 Mem:72.79M (Peak 72.79M) | Time:00:00.05 | Mem:0.00M, Peak:0.00M | Scene, ViewLayer | Synchronizing object | platform-foundation.016
Fra:1 Mem:72.79M (Peak 72.79M) | Time:00:00.05 | Mem:0.00M, Peak:0.00M | Scene, ViewLayer | Synchronizing object | platform-deck.016
Fra:1 Mem:72.79M (Peak 72.79M) | Time:00:00.05 | Mem:0.00M, Peak:0.00M | Scene, ViewLayer | Synchronizing object | platform-edge-cap.016
Fra:1 Mem:72.80M (Peak 72.80M) | Time:00:00.05 | Mem:0.00M, Peak:0.00M | Scene, ViewLayer | Synchronizing object | qa-ruler-tick.010
Fra:1 Mem:72.80M (Peak 72.80M) | Time:00:00.05 | Mem:0.00M, Peak:0.00M | Scene, ViewLayer | Synchronizing object | tactile-band.016
Fra:1 Mem:72.81M (Peak 72.81M) | Time:00:00.05 | Mem:0.00M, Peak:0.00M | Scene, ViewLayer | Synchronizing object | qa-ruler-tick.009
Fra:1 Mem:72.81M (Peak 72.81M) | Time:00:00.05 | Mem:0.00M, Peak:0.00M | Scene, ViewLayer | Synchronizing object | qa-ruler-tick.008
Fra:1 Mem:72.80M (Peak 72.81M) | Time:00:00.05 | Mem:0.00M, Peak:0.00M | Scene, ViewLayer | Synchronizing object | platform-foundation.017
Fra:1 Mem:72.80M (Peak 72.81M) | Time:00:00.05 | Mem:0.00M, Peak:0.00M | Scene, ViewLayer | Synchronizing object | qa-ruler-tick.007
Fra:1 Mem:72.81M (Peak 72.81M) | Time:00:00.05 | Mem:0.00M, Peak:0.00M | Scene, ViewLayer | Synchronizing object | qa-ruler-tick.006
Fra:1 Mem:72.81M (Peak 72.81M) | Time:00:00.05 | Mem:0.00M, Peak:0.00M | Scene, ViewLayer | Synchronizing object | qa-ruler-tick.005
Fra:1 Mem:72.81M (Peak 72.81M) | Time:00:00.05 | Mem:0.00M, Peak:0.00M | Scene, ViewLayer | Synchronizing object | qa-ruler-tick.004
Fra:1 Mem:72.81M (Peak 72.81M) | Time:00:00.05 | Mem:0.00M, Peak:0.00M | Scene, ViewLayer | Synchronizing object | platform-deck.017
Fra:1 Mem:72.81M (Peak 72.81M) | Time:00:00.05 | Mem:0.00M, Peak:0.00M | Scene, ViewLayer | Synchronizing object | qa-ruler-tick.003
Fra:1 Mem:72.82M (Peak 72.82M) | Time:00:00.05 | Mem:0.00M, Peak:0.00M | Scene, ViewLayer | Synchronizing object | qa-ruler-tick.002
Fra:1 Mem:72.82M (Peak 72.82M) | Time:00:00.05 | Mem:0.00M, Peak:0.00M | Scene, ViewLayer | Synchronizing object | qa-ruler-tick.001
Fra:1 Mem:72.81M (Peak 72.82M) | Time:00:00.05 | Mem:0.00M, Peak:0.00M | Scene, ViewLayer | Synchronizing object | platform-edge-cap.017
Fra:1 Mem:72.82M (Peak 72.82M) | Time:00:00.05 | Mem:0.00M, Peak:0.00M | Scene, ViewLayer | Synchronizing object | qa-ruler-tick
Fra:1 Mem:72.83M (Peak 72.83M) | Time:00:00.05 | Mem:0.00M, Peak:0.00M | Scene, ViewLayer | Synchronizing object | qa-one-metre-ruler
Fra:1 Mem:72.82M (Peak 72.83M) | Time:00:00.05 | Mem:0.00M, Peak:0.00M | Scene, ViewLayer | Synchronizing object | qa-human-head.001
Fra:1 Mem:72.82M (Peak 72.83M) | Time:00:00.05 | Mem:0.00M, Peak:0.00M | Scene, ViewLayer | Synchronizing object | tactile-band.017
Fra:1 Mem:72.83M (Peak 72.83M) | Time:00:00.05 | Mem:0.00M, Peak:0.00M | Scene, ViewLayer | Synchronizing object | qa-human-arm.003
Fra:1 Mem:72.83M (Peak 72.83M) | Time:00:00.05 | Mem:0.00M, Peak:0.00M | Scene, ViewLayer | Synchronizing object | platform-foundation.018
Fra:1 Mem:72.85M (Peak 72.85M) | Time:00:00.05 | Mem:0.00M, Peak:0.00M | Scene, ViewLayer | Synchronizing object | platform-deck.018
Fra:1 Mem:72.85M (Peak 72.85M) | Time:00:00.05 | Mem:0.00M, Peak:0.00M | Scene, ViewLayer | Synchronizing object | platform-edge-cap.018
Fra:1 Mem:72.87M (Peak 72.87M) | Time:00:00.05 | Mem:0.00M, Peak:0.00M | Scene, ViewLayer | Synchronizing object | tactile-band.018
Fra:1 Mem:72.86M (Peak 72.87M) | Time:00:00.05 | Mem:0.00M, Peak:0.00M | Scene, ViewLayer | Synchronizing object | qa-human-leg.003
Fra:1 Mem:72.87M (Peak 72.87M) | Time:00:00.05 | Mem:0.00M, Peak:0.00M | Scene, ViewLayer | Synchronizing object | platform-foundation.019
Fra:1 Mem:72.88M (Peak 72.88M) | Time:00:00.05 | Mem:0.00M, Peak:0.00M | Scene, ViewLayer | Synchronizing object | platform-deck.019
Fra:1 Mem:72.87M (Peak 72.88M) | Time:00:00.05 | Mem:0.00M, Peak:0.00M | Scene, ViewLayer | Synchronizing object | qa-human-arm.002
Fra:1 Mem:72.87M (Peak 72.88M) | Time:00:00.05 | Mem:0.00M, Peak:0.00M | Scene, ViewLayer | Synchronizing object | platform-edge-cap.019
Fra:1 Mem:72.90M (Peak 72.90M) | Time:00:00.05 | Mem:0.00M, Peak:0.00M | Scene, ViewLayer | Synchronizing object | tactile-band.019
Fra:1 Mem:72.89M (Peak 72.90M) | Time:00:00.05 | Mem:0.00M, Peak:0.00M | Scene, ViewLayer | Synchronizing object | qa-human-leg.002
Fra:1 Mem:72.90M (Peak 72.90M) | Time:00:00.05 | Mem:0.00M, Peak:0.00M | Scene, ViewLayer | Synchronizing object | platform-foundation.020
Fra:1 Mem:72.91M (Peak 72.91M) | Time:00:00.05 | Mem:0.00M, Peak:0.00M | Scene, ViewLayer | Synchronizing object | platform-deck.020
Fra:1 Mem:72.91M (Peak 72.91M) | Time:00:00.05 | Mem:0.00M, Peak:0.00M | Scene, ViewLayer | Synchronizing object | qa-human-torso.001
Fra:1 Mem:72.93M (Peak 72.93M) | Time:00:00.05 | Mem:0.00M, Peak:0.00M | Scene, ViewLayer | Synchronizing object | platform-edge-cap.020
Fra:1 Mem:72.94M (Peak 72.94M) | Time:00:00.05 | Mem:0.00M, Peak:0.00M | Scene, ViewLayer | Synchronizing object | tactile-band.020
Fra:1 Mem:72.92M (Peak 72.94M) | Time:00:00.05 | Mem:0.00M, Peak:0.00M | Scene, ViewLayer | Synchronizing object | qa-human-head
Fra:1 Mem:72.93M (Peak 72.94M) | Time:00:00.05 | Mem:0.00M, Peak:0.00M | Scene, ViewLayer | Synchronizing object | qa-human-arm.001
Fra:1 Mem:72.93M (Peak 72.94M) | Time:00:00.05 | Mem:0.00M, Peak:0.00M | Scene, ViewLayer | Synchronizing object | platform-foundation.021
Fra:1 Mem:72.96M (Peak 72.96M) | Time:00:00.05 | Mem:0.00M, Peak:0.00M | Scene, ViewLayer | Synchronizing object | platform-deck.021
Fra:1 Mem:72.95M (Peak 72.96M) | Time:00:00.05 | Mem:0.00M, Peak:0.00M | Scene, ViewLayer | Synchronizing object | platform-edge-cap.021
Fra:1 Mem:72.95M (Peak 72.96M) | Time:00:00.05 | Mem:0.00M, Peak:0.00M | Scene, ViewLayer | Synchronizing object | qa-human-leg.001
Fra:1 Mem:72.95M (Peak 72.96M) | Time:00:00.05 | Mem:0.00M, Peak:0.00M | Scene, ViewLayer | Synchronizing object | tactile-band.021
Fra:1 Mem:72.97M (Peak 72.97M) | Time:00:00.05 | Mem:0.00M, Peak:0.00M | Scene, ViewLayer | Synchronizing object | platform-foundation.022
Fra:1 Mem:72.97M (Peak 72.97M) | Time:00:00.05 | Mem:0.00M, Peak:0.00M | Scene, ViewLayer | Synchronizing object | qa-human-arm
Fra:1 Mem:72.97M (Peak 72.97M) | Time:00:00.05 | Mem:0.00M, Peak:0.00M | Scene, ViewLayer | Synchronizing object | platform-deck.022
Fra:1 Mem:72.99M (Peak 72.99M) | Time:00:00.05 | Mem:0.00M, Peak:0.00M | Scene, ViewLayer | Synchronizing object | platform-edge-cap.022
Fra:1 Mem:72.98M (Peak 72.99M) | Time:00:00.05 | Mem:0.00M, Peak:0.00M | Scene, ViewLayer | Synchronizing object | qa-human-leg
Fra:1 Mem:73.00M (Peak 73.00M) | Time:00:00.05 | Mem:0.00M, Peak:0.00M | Scene, ViewLayer | Synchronizing object | qa-human-torso
Fra:1 Mem:73.03M (Peak 73.03M) | Time:00:00.05 | Mem:0.00M, Peak:0.00M | Scene, ViewLayer | Synchronizing object | tactile-band.022
Fra:1 Mem:73.02M (Peak 73.03M) | Time:00:00.05 | Mem:0.00M, Peak:0.00M | Scene, ViewLayer | Synchronizing object | qa-rail.001
Fra:1 Mem:73.02M (Peak 73.03M) | Time:00:00.05 | Mem:0.00M, Peak:0.00M | Scene, ViewLayer | Synchronizing object | qa-rail
Fra:1 Mem:73.01M (Peak 73.03M) | Time:00:00.05 | Mem:0.00M, Peak:0.00M | Scene, ViewLayer | Synchronizing object | platform-foundation.023
Fra:1 Mem:73.02M (Peak 73.03M) | Time:00:00.05 | Mem:0.00M, Peak:0.00M | Scene, ViewLayer | Synchronizing object | qa-ground
Fra:1 Mem:73.02M (Peak 73.03M) | Time:00:00.05 | Mem:0.00M, Peak:0.00M | Scene, ViewLayer | Synchronizing object | deck-grip-strip.035
Fra:1 Mem:73.03M (Peak 73.03M) | Time:00:00.05 | Mem:0.00M, Peak:0.00M | Scene, ViewLayer | Synchronizing object | platform-deck.023
Fra:1 Mem:73.03M (Peak 73.03M) | Time:00:00.05 | Mem:0.00M, Peak:0.00M | Scene, ViewLayer | Synchronizing object | deck-grip-strip.034
Fra:1 Mem:73.02M (Peak 73.03M) | Time:00:00.05 | Mem:0.00M, Peak:0.00M | Scene, ViewLayer | Synchronizing object | platform-edge-cap.023
Fra:1 Mem:73.03M (Peak 73.03M) | Time:00:00.05 | Mem:0.00M, Peak:0.00M | Scene, ViewLayer | Synchronizing object | deck-grip-strip.033
Fra:1 Mem:73.03M (Peak 73.03M) | Time:00:00.05 | Mem:0.00M, Peak:0.00M | Scene, ViewLayer | Synchronizing object | tactile-band.023
Fra:1 Mem:73.03M (Peak 73.03M) | Time:00:00.05 | Mem:0.00M, Peak:0.00M | Scene, ViewLayer | Synchronizing object | platform-foundation.024
Fra:1 Mem:73.04M (Peak 73.04M) | Time:00:00.05 | Mem:0.00M, Peak:0.00M | Scene, ViewLayer | Synchronizing object | threshold-deck.011
Fra:1 Mem:73.04M (Peak 73.04M) | Time:00:00.05 | Mem:0.00M, Peak:0.00M | Scene, ViewLayer | Synchronizing object | platform-deck.024
Fra:1 Mem:73.04M (Peak 73.04M) | Time:00:00.05 | Mem:0.00M, Peak:0.00M | Scene, ViewLayer | Synchronizing object | platform-edge-cap.024
Fra:1 Mem:73.04M (Peak 73.04M) | Time:00:00.05 | Mem:0.00M, Peak:0.00M | Scene, ViewLayer | Synchronizing object | deck-grip-strip.032
Fra:1 Mem:73.05M (Peak 73.05M) | Time:00:00.05 | Mem:0.00M, Peak:0.00M | Scene, ViewLayer | Synchronizing object | tactile-band.024
Fra:1 Mem:73.04M (Peak 73.05M) | Time:00:00.05 | Mem:0.00M, Peak:0.00M | Scene, ViewLayer | Synchronizing object | deck-grip-strip.031
Fra:1 Mem:73.05M (Peak 73.05M) | Time:00:00.05 | Mem:0.00M, Peak:0.00M | Scene, ViewLayer | Synchronizing object | platform-foundation.025
Fra:1 Mem:73.05M (Peak 73.05M) | Time:00:00.05 | Mem:0.00M, Peak:0.00M | Scene, ViewLayer | Synchronizing object | deck-grip-strip.030
Fra:1 Mem:73.05M (Peak 73.05M) | Time:00:00.05 | Mem:0.00M, Peak:0.00M | Scene, ViewLayer | Synchronizing object | threshold-deck.010
Fra:1 Mem:73.05M (Peak 73.05M) | Time:00:00.05 | Mem:0.00M, Peak:0.00M | Scene, ViewLayer | Synchronizing object | platform-deck.025
Fra:1 Mem:73.06M (Peak 73.06M) | Time:00:00.05 | Mem:0.00M, Peak:0.00M | Scene, ViewLayer | Synchronizing object | platform-edge-cap.025
Fra:1 Mem:73.06M (Peak 73.06M) | Time:00:00.05 | Mem:0.00M, Peak:0.00M | Scene, ViewLayer | Synchronizing object | deck-grip-strip.029
Fra:1 Mem:73.07M (Peak 73.07M) | Time:00:00.05 | Mem:0.00M, Peak:0.00M | Scene, ViewLayer | Synchronizing object | tactile-band.025
Fra:1 Mem:73.06M (Peak 73.07M) | Time:00:00.05 | Mem:0.00M, Peak:0.00M | Scene, ViewLayer | Synchronizing object | deck-grip-strip.028
Fra:1 Mem:73.07M (Peak 73.07M) | Time:00:00.05 | Mem:0.00M, Peak:0.00M | Scene, ViewLayer | Synchronizing object | platform-foundation.026
Fra:1 Mem:73.06M (Peak 73.07M) | Time:00:00.05 | Mem:0.00M, Peak:0.00M | Scene, ViewLayer | Synchronizing object | deck-grip-strip.027
Fra:1 Mem:73.07M (Peak 73.07M) | Time:00:00.05 | Mem:0.00M, Peak:0.00M | Scene, ViewLayer | Synchronizing object | platform-deck.026
Fra:1 Mem:73.08M (Peak 73.08M) | Time:00:00.05 | Mem:0.00M, Peak:0.00M | Scene, ViewLayer | Synchronizing object | threshold-deck.009
Fra:1 Mem:73.08M (Peak 73.08M) | Time:00:00.05 | Mem:0.00M, Peak:0.00M | Scene, ViewLayer | Synchronizing object | platform-edge-cap.026
Fra:1 Mem:73.08M (Peak 73.08M) | Time:00:00.05 | Mem:0.00M, Peak:0.00M | Scene, ViewLayer | Synchronizing object | deck-grip-strip.026
Fra:1 Mem:73.08M (Peak 73.08M) | Time:00:00.05 | Mem:0.00M, Peak:0.00M | Scene, ViewLayer | Synchronizing object | tactile-band.026
Fra:1 Mem:73.08M (Peak 73.08M) | Time:00:00.05 | Mem:0.00M, Peak:0.00M | Scene, ViewLayer | Synchronizing object | platform-foundation.027
Fra:1 Mem:73.09M (Peak 73.09M) | Time:00:00.05 | Mem:0.00M, Peak:0.00M | Scene, ViewLayer | Synchronizing object | deck-grip-strip.025
Fra:1 Mem:73.09M (Peak 73.09M) | Time:00:00.05 | Mem:0.00M, Peak:0.00M | Scene, ViewLayer | Synchronizing object | platform-deck.027
Fra:1 Mem:73.09M (Peak 73.09M) | Time:00:00.05 | Mem:0.00M, Peak:0.00M | Scene, ViewLayer | Synchronizing object | deck-grip-strip.024
Fra:1 Mem:73.09M (Peak 73.09M) | Time:00:00.05 | Mem:0.00M, Peak:0.00M | Scene, ViewLayer | Synchronizing object | platform-edge-cap.027
Fra:1 Mem:73.10M (Peak 73.10M) | Time:00:00.05 | Mem:0.00M, Peak:0.00M | Scene, ViewLayer | Synchronizing object | threshold-deck.008
Fra:1 Mem:73.10M (Peak 73.10M) | Time:00:00.05 | Mem:0.00M, Peak:0.00M | Scene, ViewLayer | Synchronizing object | tactile-band.027
Fra:1 Mem:73.11M (Peak 73.11M) | Time:00:00.05 | Mem:0.00M, Peak:0.00M | Scene, ViewLayer | Synchronizing object | platform-foundation.028
Fra:1 Mem:73.11M (Peak 73.11M) | Time:00:00.05 | Mem:0.00M, Peak:0.00M | Scene, ViewLayer | Synchronizing object | deck-grip-strip.023
Fra:1 Mem:73.11M (Peak 73.11M) | Time:00:00.05 | Mem:0.00M, Peak:0.00M | Scene, ViewLayer | Synchronizing object | platform-deck.028
Fra:1 Mem:73.11M (Peak 73.11M) | Time:00:00.05 | Mem:0.00M, Peak:0.00M | Scene, ViewLayer | Synchronizing object | deck-grip-strip.022
Fra:1 Mem:73.11M (Peak 73.11M) | Time:00:00.05 | Mem:0.00M, Peak:0.00M | Scene, ViewLayer | Synchronizing object | platform-edge-cap.028
Fra:1 Mem:73.11M (Peak 73.11M) | Time:00:00.05 | Mem:0.00M, Peak:0.00M | Scene, ViewLayer | Synchronizing object | deck-grip-strip.021
Fra:1 Mem:73.11M (Peak 73.11M) | Time:00:00.05 | Mem:0.00M, Peak:0.00M | Scene, ViewLayer | Synchronizing object | tactile-band.028
Fra:1 Mem:73.12M (Peak 73.12M) | Time:00:00.05 | Mem:0.00M, Peak:0.00M | Scene, ViewLayer | Synchronizing object | threshold-deck.007
Fra:1 Mem:73.12M (Peak 73.12M) | Time:00:00.05 | Mem:0.00M, Peak:0.00M | Scene, ViewLayer | Synchronizing object | platform-foundation.029
Fra:1 Mem:73.12M (Peak 73.12M) | Time:00:00.05 | Mem:0.00M, Peak:0.00M | Scene, ViewLayer | Synchronizing object | deck-grip-strip.020
Fra:1 Mem:73.12M (Peak 73.12M) | Time:00:00.05 | Mem:0.00M, Peak:0.00M | Scene, ViewLayer | Synchronizing object | platform-deck.029
Fra:1 Mem:73.13M (Peak 73.13M) | Time:00:00.05 | Mem:0.00M, Peak:0.00M | Scene, ViewLayer | Synchronizing object | deck-grip-strip.019
Fra:1 Mem:73.13M (Peak 73.13M) | Time:00:00.05 | Mem:0.00M, Peak:0.00M | Scene, ViewLayer | Synchronizing object | platform-edge-cap.029
Fra:1 Mem:73.13M (Peak 73.13M) | Time:00:00.05 | Mem:0.00M, Peak:0.00M | Scene, ViewLayer | Synchronizing object | deck-grip-strip.018
Fra:1 Mem:73.14M (Peak 73.14M) | Time:00:00.05 | Mem:0.00M, Peak:0.00M | Scene, ViewLayer | Synchronizing object | tactile-band.029
Fra:1 Mem:73.13M (Peak 73.14M) | Time:00:00.05 | Mem:0.00M, Peak:0.00M | Scene, ViewLayer | Synchronizing object | threshold-deck.006
Fra:1 Mem:73.13M (Peak 73.14M) | Time:00:00.05 | Mem:0.00M, Peak:0.00M | Scene, ViewLayer | Synchronizing object | platform-foundation.030
Fra:1 Mem:73.15M (Peak 73.15M) | Time:00:00.05 | Mem:0.00M, Peak:0.00M | Scene, ViewLayer | Synchronizing object | platform-deck.030
Fra:1 Mem:73.15M (Peak 73.15M) | Time:00:00.05 | Mem:0.00M, Peak:0.00M | Scene, ViewLayer | Synchronizing object | deck-grip-strip.017
Fra:1 Mem:73.15M (Peak 73.15M) | Time:00:00.05 | Mem:0.00M, Peak:0.00M | Scene, ViewLayer | Synchronizing object | platform-edge-cap.030
Fra:1 Mem:73.15M (Peak 73.15M) | Time:00:00.05 | Mem:0.00M, Peak:0.00M | Scene, ViewLayer | Synchronizing object | deck-grip-strip.016
Fra:1 Mem:73.15M (Peak 73.15M) | Time:00:00.05 | Mem:0.00M, Peak:0.00M | Scene, ViewLayer | Synchronizing object | tactile-band.030
Fra:1 Mem:73.16M (Peak 73.16M) | Time:00:00.05 | Mem:0.00M, Peak:0.00M | Scene, ViewLayer | Synchronizing object | deck-grip-strip.015
Fra:1 Mem:73.16M (Peak 73.16M) | Time:00:00.05 | Mem:0.00M, Peak:0.00M | Scene, ViewLayer | Synchronizing object | platform-foundation.031
Fra:1 Mem:73.15M (Peak 73.16M) | Time:00:00.05 | Mem:0.00M, Peak:0.00M | Scene, ViewLayer | Synchronizing object | threshold-deck.005
Fra:1 Mem:73.16M (Peak 73.16M) | Time:00:00.05 | Mem:0.00M, Peak:0.00M | Scene, ViewLayer | Synchronizing object | platform-deck.031
Fra:1 Mem:73.16M (Peak 73.16M) | Time:00:00.05 | Mem:0.00M, Peak:0.00M | Scene, ViewLayer | Synchronizing object | deck-grip-strip.014
Fra:1 Mem:73.17M (Peak 73.17M) | Time:00:00.05 | Mem:0.00M, Peak:0.00M | Scene, ViewLayer | Synchronizing object | platform-edge-cap.031
Fra:1 Mem:73.16M (Peak 73.17M) | Time:00:00.05 | Mem:0.00M, Peak:0.00M | Scene, ViewLayer | Synchronizing object | deck-grip-strip.013
Fra:1 Mem:73.16M (Peak 73.17M) | Time:00:00.05 | Mem:0.00M, Peak:0.00M | Scene, ViewLayer | Synchronizing object | tactile-band.031
Fra:1 Mem:73.17M (Peak 73.17M) | Time:00:00.05 | Mem:0.00M, Peak:0.00M | Scene, ViewLayer | Synchronizing object | deck-grip-strip.012
Fra:1 Mem:73.17M (Peak 73.17M) | Time:00:00.05 | Mem:0.00M, Peak:0.00M | Scene, ViewLayer | Synchronizing object | platform-foundation.032
Fra:1 Mem:73.17M (Peak 73.17M) | Time:00:00.05 | Mem:0.00M, Peak:0.00M | Scene, ViewLayer | Synchronizing object | threshold-deck.004
Fra:1 Mem:73.17M (Peak 73.17M) | Time:00:00.05 | Mem:0.00M, Peak:0.00M | Scene, ViewLayer | Synchronizing object | platform-deck.032
Fra:1 Mem:73.18M (Peak 73.18M) | Time:00:00.05 | Mem:0.00M, Peak:0.00M | Scene, ViewLayer | Synchronizing object | deck-grip-strip.011
Fra:1 Mem:73.18M (Peak 73.18M) | Time:00:00.05 | Mem:0.00M, Peak:0.00M | Scene, ViewLayer | Synchronizing object | platform-edge-cap.032
Fra:1 Mem:73.19M (Peak 73.19M) | Time:00:00.05 | Mem:0.00M, Peak:0.00M | Scene, ViewLayer | Synchronizing object | deck-grip-strip.010
Fra:1 Mem:73.18M (Peak 73.19M) | Time:00:00.05 | Mem:0.00M, Peak:0.00M | Scene, ViewLayer | Synchronizing object | tactile-band.032
Fra:1 Mem:73.19M (Peak 73.19M) | Time:00:00.05 | Mem:0.00M, Peak:0.00M | Scene, ViewLayer | Synchronizing object | deck-grip-strip.009
Fra:1 Mem:73.19M (Peak 73.19M) | Time:00:00.05 | Mem:0.00M, Peak:0.00M | Scene, ViewLayer | Synchronizing object | platform-foundation.033
Fra:1 Mem:73.20M (Peak 73.20M) | Time:00:00.05 | Mem:0.00M, Peak:0.00M | Scene, ViewLayer | Synchronizing object | threshold-deck.003
Fra:1 Mem:73.19M (Peak 73.20M) | Time:00:00.05 | Mem:0.00M, Peak:0.00M | Scene, ViewLayer | Synchronizing object | platform-deck.033
Fra:1 Mem:73.20M (Peak 73.20M) | Time:00:00.05 | Mem:0.00M, Peak:0.00M | Scene, ViewLayer | Synchronizing object | deck-grip-strip.008
Fra:1 Mem:73.20M (Peak 73.20M) | Time:00:00.05 | Mem:0.00M, Peak:0.00M | Scene, ViewLayer | Synchronizing object | platform-edge-cap.033
Fra:1 Mem:73.21M (Peak 73.21M) | Time:00:00.05 | Mem:0.00M, Peak:0.00M | Scene, ViewLayer | Synchronizing object | deck-grip-strip.007
Fra:1 Mem:73.20M (Peak 73.21M) | Time:00:00.05 | Mem:0.00M, Peak:0.00M | Scene, ViewLayer | Synchronizing object | tactile-band.033
Fra:1 Mem:73.21M (Peak 73.21M) | Time:00:00.05 | Mem:0.00M, Peak:0.00M | Scene, ViewLayer | Synchronizing object | deck-grip-strip.006
Fra:1 Mem:73.21M (Peak 73.21M) | Time:00:00.05 | Mem:0.00M, Peak:0.00M | Scene, ViewLayer | Synchronizing object | platform-foundation.034
Fra:1 Mem:73.21M (Peak 73.21M) | Time:00:00.05 | Mem:0.00M, Peak:0.00M | Scene, ViewLayer | Synchronizing object | threshold-deck.002
Fra:1 Mem:73.22M (Peak 73.22M) | Time:00:00.05 | Mem:0.00M, Peak:0.00M | Scene, ViewLayer | Synchronizing object | platform-deck.034
Fra:1 Mem:73.22M (Peak 73.22M) | Time:00:00.05 | Mem:0.00M, Peak:0.00M | Scene, ViewLayer | Synchronizing object | deck-grip-strip.005
Fra:1 Mem:73.22M (Peak 73.22M) | Time:00:00.05 | Mem:0.00M, Peak:0.00M | Scene, ViewLayer | Synchronizing object | platform-edge-cap.034
Fra:1 Mem:73.23M (Peak 73.23M) | Time:00:00.05 | Mem:0.00M, Peak:0.00M | Scene, ViewLayer | Synchronizing object | deck-grip-strip.004
Fra:1 Mem:73.23M (Peak 73.23M) | Time:00:00.05 | Mem:0.00M, Peak:0.00M | Scene, ViewLayer | Synchronizing object | tactile-band.034
Fra:1 Mem:73.23M (Peak 73.23M) | Time:00:00.05 | Mem:0.00M, Peak:0.00M | Scene, ViewLayer | Synchronizing object | deck-grip-strip.003
Fra:1 Mem:73.23M (Peak 73.23M) | Time:00:00.05 | Mem:0.00M, Peak:0.00M | Scene, ViewLayer | Synchronizing object | platform-foundation.035
Fra:1 Mem:73.23M (Peak 73.23M) | Time:00:00.05 | Mem:0.00M, Peak:0.00M | Scene, ViewLayer | Synchronizing object | threshold-deck.001
Fra:1 Mem:73.24M (Peak 73.24M) | Time:00:00.05 | Mem:0.00M, Peak:0.00M | Scene, ViewLayer | Synchronizing object | platform-deck.035
Fra:1 Mem:73.23M (Peak 73.24M) | Time:00:00.05 | Mem:0.00M, Peak:0.00M | Scene, ViewLayer | Synchronizing object | deck-grip-strip.002
Fra:1 Mem:73.24M (Peak 73.24M) | Time:00:00.05 | Mem:0.00M, Peak:0.00M | Scene, ViewLayer | Synchronizing object | platform-edge-cap.035
Fra:1 Mem:73.24M (Peak 73.24M) | Time:00:00.05 | Mem:0.00M, Peak:0.00M | Scene, ViewLayer | Synchronizing object | deck-grip-strip.001
Fra:1 Mem:73.25M (Peak 73.25M) | Time:00:00.05 | Mem:0.00M, Peak:0.00M | Scene, ViewLayer | Synchronizing object | tactile-band.035
Fra:1 Mem:73.24M (Peak 73.25M) | Time:00:00.05 | Mem:0.00M, Peak:0.00M | Scene, ViewLayer | Synchronizing object | deck-grip-strip
Fra:1 Mem:73.24M (Peak 73.25M) | Time:00:00.05 | Mem:0.00M, Peak:0.00M | Scene, ViewLayer | Synchronizing object | platform-foundation.036
Fra:1 Mem:73.25M (Peak 73.25M) | Time:00:00.05 | Mem:0.00M, Peak:0.00M | Scene, ViewLayer | Synchronizing object | threshold-deck
Fra:1 Mem:73.25M (Peak 73.25M) | Time:00:00.05 | Mem:0.00M, Peak:0.00M | Scene, ViewLayer | Synchronizing object | platform-deck.036
Fra:1 Mem:73.26M (Peak 73.26M) | Time:00:00.05 | Mem:0.00M, Peak:0.00M | Scene, ViewLayer | Synchronizing object | interior-batch-metro-seat.003
Fra:1 Mem:73.26M (Peak 73.26M) | Time:00:00.05 | Mem:0.00M, Peak:0.00M | Scene, ViewLayer | Synchronizing object | platform-edge-cap.036
Fra:1 Mem:73.36M (Peak 73.36M) | Time:00:00.05 | Mem:0.00M, Peak:0.00M | Scene, ViewLayer | Synchronizing object | tactile-band.036
Fra:1 Mem:73.38M (Peak 73.38M) | Time:00:00.05 | Mem:0.00M, Peak:0.00M | Scene, ViewLayer | Synchronizing object | sign-post--0.85
Fra:1 Mem:73.32M (Peak 73.38M) | Time:00:00.05 | Mem:0.00M, Peak:0.00M | Scene, ViewLayer | Synchronizing object | sign-foot--0.85
Fra:1 Mem:73.36M (Peak 73.38M) | Time:00:00.05 | Mem:0.00M, Peak:0.00M | Scene, ViewLayer | Synchronizing object | sign-post-0.85
Fra:1 Mem:73.36M (Peak 73.38M) | Time:00:00.05 | Mem:0.00M, Peak:0.00M | Scene, ViewLayer | Synchronizing object | sign-foot-0.85
Fra:1 Mem:73.32M (Peak 73.38M) | Time:00:00.05 | Mem:0.00M, Peak:0.00M | Scene, ViewLayer | Synchronizing object | interior-batch-metro-priority-seat.003
Fra:1 Mem:73.31M (Peak 73.38M) | Time:00:00.05 | Mem:0.00M, Peak:0.00M | Scene, ViewLayer | Synchronizing object | guidance-panel
Fra:1 Mem:73.33M (Peak 73.38M) | Time:00:00.05 | Mem:0.00M, Peak:0.00M | Scene, ViewLayer | Synchronizing object | guidance-face
Fra:1 Mem:73.33M (Peak 73.38M) | Time:00:00.05 | Mem:0.00M, Peak:0.00M | Scene, ViewLayer | Synchronizing object | interior-batch-metro-screen.003
Fra:1 Mem:73.34M (Peak 73.38M) | Time:00:00.05 | Mem:0.00M, Peak:0.00M | Scene, ViewLayer | Synchronizing object | direction-arrow
Fra:1 Mem:73.34M (Peak 73.38M) | Time:00:00.05 | Mem:0.00M, Peak:0.00M | Scene, ViewLayer | Synchronizing object | interior-batch-metro-rail.003
Fra:1 Mem:73.34M (Peak 73.38M) | Time:00:00.05 | Mem:0.00M, Peak:0.00M | Scene, ViewLayer | Synchronizing object | generic-destination-rule-2.67
Fra:1 Mem:73.41M (Peak 73.41M) | Time:00:00.05 | Mem:0.00M, Peak:0.00M | Scene, ViewLayer | Synchronizing object | generic-destination-rule-2.54
Fra:1 Mem:73.38M (Peak 73.41M) | Time:00:00.05 | Mem:0.00M, Peak:0.00M | Scene, ViewLayer | Synchronizing object | body-shell
Fra:1 Mem:73.39M (Peak 73.41M) | Time:00:00.05 | Mem:0.00M, Peak:0.00M | Scene, ViewLayer | Synchronizing object | interior-batch-metro-floor.003
Fra:1 Mem:73.41M (Peak 73.41M) | Time:00:00.05 | Mem:0.00M, Peak:0.00M | Scene, ViewLayer | Synchronizing object | interior-batch-metro-wall.003
Fra:1 Mem:73.79M (Peak 73.79M) | Time:00:00.05 | Mem:0.00M, Peak:0.00M | Scene, ViewLayer | Synchronizing object | wheel-rear-rear-right.003
Fra:1 Mem:73.83M (Peak 73.83M) | Time:00:00.05 | Mem:0.00M, Peak:0.00M | Scene, ViewLayer | Synchronizing object | wheel-rear-rear-left.003
Fra:1 Mem:73.58M (Peak 73.83M) | Time:00:00.05 | Mem:0.00M, Peak:0.00M | Scene, ViewLayer | Synchronizing object | wheel-rear-front-right.003
Fra:1 Mem:73.60M (Peak 73.83M) | Time:00:00.05 | Mem:0.00M, Peak:0.00M | Scene, ViewLayer | Synchronizing object | wheel-rear-front-left.003
Fra:1 Mem:73.63M (Peak 73.83M) | Time:00:00.05 | Mem:0.00M, Peak:0.00M | Scene, ViewLayer | Synchronizing object | wheel-front-rear-right.003
Fra:1 Mem:73.75M (Peak 73.83M) | Time:00:00.06 | Mem:0.00M, Peak:0.00M | Scene, ViewLayer | Synchronizing object | wheel-front-rear-left.003
Fra:1 Mem:73.76M (Peak 73.83M) | Time:00:00.06 | Mem:0.00M, Peak:0.00M | Scene, ViewLayer | Synchronizing object | wheel-front-front-right.003
Fra:1 Mem:73.76M (Peak 73.83M) | Time:00:00.06 | Mem:0.00M, Peak:0.00M | Scene, ViewLayer | Synchronizing object | wheel-front-front-left.003
Fra:1 Mem:73.75M (Peak 73.83M) | Time:00:00.06 | Mem:0.00M, Peak:0.00M | Scene, ViewLayer | Synchronizing object | lights.001
Fra:1 Mem:73.64M (Peak 73.83M) | Time:00:00.06 | Mem:0.00M, Peak:0.00M | Scene, ViewLayer | Synchronizing object | glass.003
Fra:1 Mem:73.67M (Peak 73.83M) | Time:00:00.06 | Mem:0.00M, Peak:0.00M | Scene, ViewLayer | Synchronizing object | bogie-front-frame
Fra:1 Mem:73.65M (Peak 73.83M) | Time:00:00.06 | Mem:0.00M, Peak:0.00M | Scene, ViewLayer | Synchronizing object | bogie-rear-frame
Fra:1 Mem:73.66M (Peak 73.83M) | Time:00:00.06 | Mem:0.00M, Peak:0.00M | Scene, ViewLayer | Synchronizing object | door-left-center-a
Fra:1 Mem:73.64M (Peak 73.83M) | Time:00:00.06 | Mem:0.00M, Peak:0.00M | Scene, ViewLayer | Synchronizing object | door-right-rear-b.003
Fra:1 Mem:73.67M (Peak 73.83M) | Time:00:00.06 | Mem:0.00M, Peak:0.00M | Scene, ViewLayer | Synchronizing object | door-left-center-b
Fra:1 Mem:73.66M (Peak 73.83M) | Time:00:00.06 | Mem:0.00M, Peak:0.00M | Scene, ViewLayer | Synchronizing object | door-right-rear-a.003
Fra:1 Mem:73.68M (Peak 73.83M) | Time:00:00.06 | Mem:0.00M, Peak:0.00M | Scene, ViewLayer | Synchronizing object | door-left-front-a
Fra:1 Mem:73.68M (Peak 73.83M) | Time:00:00.06 | Mem:0.00M, Peak:0.00M | Scene, ViewLayer | Synchronizing object | door-right-front-b.003
Fra:1 Mem:73.70M (Peak 73.83M) | Time:00:00.06 | Mem:0.00M, Peak:0.00M | Scene, ViewLayer | Synchronizing object | door-left-front-b
Fra:1 Mem:73.70M (Peak 73.83M) | Time:00:00.06 | Mem:0.00M, Peak:0.00M | Scene, ViewLayer | Synchronizing object | door-right-front-a.003
Fra:1 Mem:73.73M (Peak 73.83M) | Time:00:00.06 | Mem:0.00M, Peak:0.00M | Scene, ViewLayer | Synchronizing object | door-right-center-b.003
Fra:1 Mem:73.73M (Peak 73.83M) | Time:00:00.06 | Mem:0.00M, Peak:0.00M | Scene, ViewLayer | Synchronizing object | door-left-rear-a
Fra:1 Mem:73.77M (Peak 73.83M) | Time:00:00.06 | Mem:0.00M, Peak:0.00M | Scene, ViewLayer | Synchronizing object | door-right-center-a.003
Fra:1 Mem:73.75M (Peak 73.83M) | Time:00:00.06 | Mem:0.00M, Peak:0.00M | Scene, ViewLayer | Synchronizing object | door-left-rear-b
Fra:1 Mem:73.79M (Peak 73.83M) | Time:00:00.06 | Mem:0.00M, Peak:0.00M | Scene, ViewLayer | Synchronizing object | door-left-rear-b.003
Fra:1 Mem:73.80M (Peak 73.83M) | Time:00:00.06 | Mem:0.00M, Peak:0.00M | Scene, ViewLayer | Synchronizing object | door-right-center-a
Fra:1 Mem:73.80M (Peak 73.83M) | Time:00:00.06 | Mem:0.00M, Peak:0.00M | Scene, ViewLayer | Synchronizing object | door-left-rear-a.003
Fra:1 Mem:73.83M (Peak 73.83M) | Time:00:00.06 | Mem:0.00M, Peak:0.00M | Scene, ViewLayer | Synchronizing object | door-right-center-b
Fra:1 Mem:73.82M (Peak 73.83M) | Time:00:00.06 | Mem:0.00M, Peak:0.00M | Scene, ViewLayer | Synchronizing object | door-left-front-b.003
Fra:1 Mem:73.84M (Peak 73.84M) | Time:00:00.06 | Mem:0.00M, Peak:0.00M | Scene, ViewLayer | Synchronizing object | door-left-front-a.003
Fra:1 Mem:73.85M (Peak 73.85M) | Time:00:00.06 | Mem:0.00M, Peak:0.00M | Scene, ViewLayer | Synchronizing object | door-left-center-b.003
Fra:1 Mem:73.85M (Peak 73.85M) | Time:00:00.06 | Mem:0.00M, Peak:0.00M | Scene, ViewLayer | Synchronizing object | door-right-front-a
Fra:1 Mem:73.86M (Peak 73.86M) | Time:00:00.06 | Mem:0.00M, Peak:0.00M | Scene, ViewLayer | Synchronizing object | door-left-center-a.003
Fra:1 Mem:73.88M (Peak 73.88M) | Time:00:00.06 | Mem:0.00M, Peak:0.00M | Scene, ViewLayer | Synchronizing object | bogie-rear-frame.003
Fra:1 Mem:73.88M (Peak 73.88M) | Time:00:00.06 | Mem:0.00M, Peak:0.00M | Scene, ViewLayer | Synchronizing object | door-right-front-b
Fra:1 Mem:73.89M (Peak 73.89M) | Time:00:00.06 | Mem:0.00M, Peak:0.00M | Scene, ViewLayer | Synchronizing object | bogie-front-frame.003
Fra:1 Mem:73.89M (Peak 73.89M) | Time:00:00.06 | Mem:0.00M, Peak:0.00M | Scene, ViewLayer | Synchronizing object | body-shell.003
Fra:1 Mem:73.91M (Peak 73.91M) | Time:00:00.06 | Mem:0.00M, Peak:0.00M | Scene, ViewLayer | Synchronizing object | door-right-rear-a
Fra:1 Mem:74.23M (Peak 74.23M) | Time:00:00.06 | Mem:0.00M, Peak:0.00M | Scene, ViewLayer | Synchronizing object | door-right-rear-b
Fra:1 Mem:74.24M (Peak 74.24M) | Time:00:00.06 | Mem:0.00M, Peak:0.00M | Scene, ViewLayer | Synchronizing object | glass
Fra:1 Mem:74.12M (Peak 74.24M) | Time:00:00.06 | Mem:0.00M, Peak:0.00M | Scene, ViewLayer | Synchronizing object | lights
Fra:1 Mem:74.27M (Peak 74.27M) | Time:00:00.06 | Mem:0.00M, Peak:0.00M | Scene, ViewLayer | Synchronizing object | wheel-front-front-left
Fra:1 Mem:74.28M (Peak 74.28M) | Time:00:00.06 | Mem:0.00M, Peak:0.00M | Scene, ViewLayer | Synchronizing object | wheel-front-front-right
Fra:1 Mem:74.16M (Peak 74.28M) | Time:00:00.06 | Mem:0.00M, Peak:0.00M | Scene, ViewLayer | Synchronizing object | wheel-front-rear-left
Fra:1 Mem:74.28M (Peak 74.28M) | Time:00:00.06 | Mem:0.00M, Peak:0.00M | Scene, ViewLayer | Synchronizing object | wheel-front-rear-right
Fra:1 Mem:74.12M (Peak 74.28M) | Time:00:00.06 | Mem:0.00M, Peak:0.00M | Scene, ViewLayer | Synchronizing object | interior-batch-metro-seat.002
Fra:1 Mem:74.12M (Peak 74.28M) | Time:00:00.06 | Mem:0.00M, Peak:0.00M | Scene, ViewLayer | Synchronizing object | wheel-rear-front-left
Fra:1 Mem:74.23M (Peak 74.28M) | Time:00:00.06 | Mem:0.00M, Peak:0.00M | Scene, ViewLayer | Synchronizing object | wheel-rear-front-right
Fra:1 Mem:74.25M (Peak 74.28M) | Time:00:00.06 | Mem:0.00M, Peak:0.00M | Scene, ViewLayer | Synchronizing object | wheel-rear-rear-left
Fra:1 Mem:74.23M (Peak 74.28M) | Time:00:00.06 | Mem:0.00M, Peak:0.00M | Scene, ViewLayer | Synchronizing object | wheel-rear-rear-right
Fra:1 Mem:74.22M (Peak 74.28M) | Time:00:00.06 | Mem:0.00M, Peak:0.00M | Scene, ViewLayer | Synchronizing object | interior-batch-metro-wall
Fra:1 Mem:74.20M (Peak 74.28M) | Time:00:00.06 | Mem:0.00M, Peak:0.00M | Scene, ViewLayer | Synchronizing object | interior-batch-metro-priority-seat.002
Fra:1 Mem:74.30M (Peak 74.30M) | Time:00:00.06 | Mem:0.00M, Peak:0.00M | Scene, ViewLayer | Synchronizing object | interior-batch-metro-screen.002
Fra:1 Mem:74.29M (Peak 74.30M) | Time:00:00.06 | Mem:0.00M, Peak:0.00M | Scene, ViewLayer | Synchronizing object | interior-batch-metro-rail.002
Fra:1 Mem:74.30M (Peak 74.30M) | Time:00:00.06 | Mem:0.00M, Peak:0.00M | Scene, ViewLayer | Synchronizing object | interior-batch-metro-floor
Fra:1 Mem:74.28M (Peak 74.30M) | Time:00:00.06 | Mem:0.00M, Peak:0.00M | Scene, ViewLayer | Synchronizing object | interior-batch-metro-rail
Fra:1 Mem:74.31M (Peak 74.31M) | Time:00:00.06 | Mem:0.00M, Peak:0.00M | Scene, ViewLayer | Synchronizing object | interior-batch-metro-floor.002
Fra:1 Mem:74.33M (Peak 74.33M) | Time:00:00.06 | Mem:0.00M, Peak:0.00M | Scene, ViewLayer | Synchronizing object | interior-batch-metro-wall.002
Fra:1 Mem:74.31M (Peak 74.33M) | Time:00:00.06 | Mem:0.00M, Peak:0.00M | Scene, ViewLayer | Synchronizing object | interior-batch-metro-screen
Fra:1 Mem:74.36M (Peak 74.36M) | Time:00:00.06 | Mem:0.00M, Peak:0.00M | Scene, ViewLayer | Synchronizing object | interior-batch-metro-priority-seat
Fra:1 Mem:74.36M (Peak 74.36M) | Time:00:00.06 | Mem:0.00M, Peak:0.00M | Scene, ViewLayer | Synchronizing object | interior-batch-metro-seat
Fra:1 Mem:74.35M (Peak 74.36M) | Time:00:00.06 | Mem:0.00M, Peak:0.00M | Scene, ViewLayer | Synchronizing object | wheel-rear-rear-right.002
Fra:1 Mem:74.37M (Peak 74.37M) | Time:00:00.06 | Mem:0.00M, Peak:0.00M | Scene, ViewLayer | Synchronizing object | wheel-rear-rear-left.002
Fra:1 Mem:74.47M (Peak 74.47M) | Time:00:00.06 | Mem:0.00M, Peak:0.00M | Scene, ViewLayer | Synchronizing object | wheel-rear-front-right.002
Fra:1 Mem:74.49M (Peak 74.49M) | Time:00:00.06 | Mem:0.00M, Peak:0.00M | Scene, ViewLayer | Synchronizing object | wheel-rear-front-left.002
Fra:1 Mem:74.43M (Peak 74.49M) | Time:00:00.06 | Mem:0.00M, Peak:0.00M | Scene, ViewLayer | Synchronizing object | wheel-front-rear-right.002
Fra:1 Mem:74.48M (Peak 74.49M) | Time:00:00.06 | Mem:0.00M, Peak:0.00M | Scene, ViewLayer | Synchronizing object | wheel-front-rear-left.002
Fra:1 Mem:74.43M (Peak 74.49M) | Time:00:00.06 | Mem:0.00M, Peak:0.00M | Scene, ViewLayer | Synchronizing object | body-shell.001
Fra:1 Mem:74.43M (Peak 74.49M) | Time:00:00.06 | Mem:0.00M, Peak:0.00M | Scene, ViewLayer | Synchronizing object | wheel-front-front-right.002
Fra:1 Mem:74.46M (Peak 74.49M) | Time:00:00.06 | Mem:0.00M, Peak:0.00M | Scene, ViewLayer | Synchronizing object | wheel-front-front-left.002
Fra:1 Mem:74.78M (Peak 74.78M) | Time:00:00.06 | Mem:0.00M, Peak:0.00M | Scene, ViewLayer | Synchronizing object | glass.002
Fra:1 Mem:74.81M (Peak 74.81M) | Time:00:00.06 | Mem:0.00M, Peak:0.00M | Scene, ViewLayer | Synchronizing object | door-right-rear-b.002
Fra:1 Mem:74.88M (Peak 74.88M) | Time:00:00.06 | Mem:0.00M, Peak:0.00M | Scene, ViewLayer | Synchronizing object | door-right-rear-a.002
Fra:1 Mem:74.63M (Peak 74.88M) | Time:00:00.06 | Mem:0.00M, Peak:0.00M | Scene, ViewLayer | Synchronizing object | door-right-front-b.002
Fra:1 Mem:74.69M (Peak 74.88M) | Time:00:00.06 | Mem:0.00M, Peak:0.00M | Scene, ViewLayer | Synchronizing object | door-right-front-a.002
Fra:1 Mem:74.85M (Peak 74.88M) | Time:00:00.06 | Mem:0.00M, Peak:0.00M | Scene, ViewLayer | Synchronizing object | door-right-center-b.002
Fra:1 Mem:74.86M (Peak 74.88M) | Time:00:00.06 | Mem:0.00M, Peak:0.00M | Scene, ViewLayer | Synchronizing object | door-right-center-a.002
Fra:1 Mem:74.81M (Peak 74.88M) | Time:00:00.06 | Mem:0.00M, Peak:0.00M | Scene, ViewLayer | Synchronizing object | door-left-rear-b.002
Fra:1 Mem:74.74M (Peak 74.88M) | Time:00:00.06 | Mem:0.00M, Peak:0.00M | Scene, ViewLayer | Synchronizing object | door-left-rear-a.002
Fra:1 Mem:74.71M (Peak 74.88M) | Time:00:00.06 | Mem:0.00M, Peak:0.00M | Scene, ViewLayer | Synchronizing object | bogie-front-frame.001
Fra:1 Mem:74.72M (Peak 74.88M) | Time:00:00.06 | Mem:0.00M, Peak:0.00M | Scene, ViewLayer | Synchronizing object | bogie-rear-frame.001
Fra:1 Mem:74.72M (Peak 74.88M) | Time:00:00.06 | Mem:0.00M, Peak:0.00M | Scene, ViewLayer | Synchronizing object | door-left-front-b.002
Fra:1 Mem:74.73M (Peak 74.88M) | Time:00:00.06 | Mem:0.00M, Peak:0.00M | Scene, ViewLayer | Synchronizing object | door-left-center-a.001
Fra:1 Mem:74.76M (Peak 74.88M) | Time:00:00.06 | Mem:0.00M, Peak:0.00M | Scene, ViewLayer | Synchronizing object | door-left-front-a.002
Fra:1 Mem:74.77M (Peak 74.88M) | Time:00:00.06 | Mem:0.00M, Peak:0.00M | Scene, ViewLayer | Synchronizing object | door-left-center-b.001
Fra:1 Mem:74.75M (Peak 74.88M) | Time:00:00.06 | Mem:0.00M, Peak:0.00M | Scene, ViewLayer | Synchronizing object | door-left-center-b.002
Fra:1 Mem:74.78M (Peak 74.88M) | Time:00:00.06 | Mem:0.00M, Peak:0.00M | Scene, ViewLayer | Synchronizing object | door-left-front-a.001
Fra:1 Mem:74.78M (Peak 74.88M) | Time:00:00.06 | Mem:0.00M, Peak:0.00M | Scene, ViewLayer | Synchronizing object | door-left-center-a.002
Fra:1 Mem:74.81M (Peak 74.88M) | Time:00:00.06 | Mem:0.00M, Peak:0.00M | Scene, ViewLayer | Synchronizing object | door-left-front-b.001
Fra:1 Mem:74.80M (Peak 74.88M) | Time:00:00.06 | Mem:0.00M, Peak:0.00M | Scene, ViewLayer | Synchronizing object | bogie-rear-frame.002
Fra:1 Mem:74.82M (Peak 74.88M) | Time:00:00.06 | Mem:0.00M, Peak:0.00M | Scene, ViewLayer | Synchronizing object | bogie-front-frame.002
Fra:1 Mem:74.82M (Peak 74.88M) | Time:00:00.06 | Mem:0.00M, Peak:0.00M | Scene, ViewLayer | Synchronizing object | door-left-rear-a.001
Fra:1 Mem:74.82M (Peak 74.88M) | Time:00:00.06 | Mem:0.00M, Peak:0.00M | Scene, ViewLayer | Synchronizing object | body-shell.002
Fra:1 Mem:74.87M (Peak 74.88M) | Time:00:00.06 | Mem:0.00M, Peak:0.00M | Scene, ViewLayer | Synchronizing object | door-left-rear-b.001
Fra:1 Mem:75.18M (Peak 75.18M) | Time:00:00.06 | Mem:0.00M, Peak:0.00M | Scene, ViewLayer | Synchronizing object | door-right-center-a.001
Fra:1 Mem:75.19M (Peak 75.19M) | Time:00:00.06 | Mem:0.00M, Peak:0.00M | Scene, ViewLayer | Synchronizing object | door-right-center-b.001
Fra:1 Mem:75.28M (Peak 75.28M) | Time:00:00.06 | Mem:0.00M, Peak:0.00M | Scene, ViewLayer | Synchronizing object | door-right-front-a.001
Fra:1 Mem:75.06M (Peak 75.28M) | Time:00:00.06 | Mem:0.00M, Peak:0.00M | Scene, ViewLayer | Synchronizing object | door-right-front-b.001
Fra:1 Mem:75.22M (Peak 75.28M) | Time:00:00.06 | Mem:0.00M, Peak:0.00M | Scene, ViewLayer | Synchronizing object | door-right-rear-a.001
Fra:1 Mem:75.23M (Peak 75.28M) | Time:00:00.06 | Mem:0.00M, Peak:0.00M | Scene, ViewLayer | Synchronizing object | door-right-rear-b.001
Fra:1 Mem:75.23M (Peak 75.28M) | Time:00:00.06 | Mem:0.00M, Peak:0.00M | Scene, ViewLayer | Synchronizing object | glass.001
Fra:1 Mem:75.13M (Peak 75.28M) | Time:00:00.06 | Mem:0.00M, Peak:0.00M | Scene, ViewLayer | Synchronizing object | interior-batch-metro-seat.001
Fra:1 Mem:75.21M (Peak 75.28M) | Time:00:00.06 | Mem:0.00M, Peak:0.00M | Scene, ViewLayer | Synchronizing object | wheel-front-front-left.001
Fra:1 Mem:75.20M (Peak 75.28M) | Time:00:00.06 | Mem:0.00M, Peak:0.00M | Scene, ViewLayer | Synchronizing object | wheel-front-front-right.001
Fra:1 Mem:75.20M (Peak 75.28M) | Time:00:00.06 | Mem:0.00M, Peak:0.00M | Scene, ViewLayer | Synchronizing object | wheel-front-rear-left.001
Fra:1 Mem:75.16M (Peak 75.28M) | Time:00:00.06 | Mem:0.00M, Peak:0.00M | Scene, ViewLayer | Synchronizing object | interior-batch-metro-priority-seat.001
Fra:1 Mem:75.18M (Peak 75.28M) | Time:00:00.06 | Mem:0.00M, Peak:0.00M | Scene, ViewLayer | Synchronizing object | wheel-front-rear-right.001
Fra:1 Mem:75.17M (Peak 75.28M) | Time:00:00.06 | Mem:0.00M, Peak:0.00M | Scene, ViewLayer | Synchronizing object | interior-batch-metro-screen.001
Fra:1 Mem:75.19M (Peak 75.28M) | Time:00:00.06 | Mem:0.00M, Peak:0.00M | Scene, ViewLayer | Synchronizing object | wheel-rear-front-left.001
Fra:1 Mem:75.19M (Peak 75.28M) | Time:00:00.06 | Mem:0.00M, Peak:0.00M | Scene, ViewLayer | Synchronizing object | interior-batch-metro-rail.001
Fra:1 Mem:75.18M (Peak 75.28M) | Time:00:00.06 | Mem:0.00M, Peak:0.00M | Scene, ViewLayer | Synchronizing object | wheel-rear-front-right.001
Fra:1 Mem:75.26M (Peak 75.28M) | Time:00:00.06 | Mem:0.00M, Peak:0.00M | Scene, ViewLayer | Synchronizing object | wheel-rear-rear-left.001
Fra:1 Mem:75.25M (Peak 75.28M) | Time:00:00.06 | Mem:0.00M, Peak:0.00M | Scene, ViewLayer | Synchronizing object | wheel-rear-rear-right.001
Fra:1 Mem:75.23M (Peak 75.28M) | Time:00:00.06 | Mem:0.00M, Peak:0.00M | Scene, ViewLayer | Synchronizing object | interior-batch-metro-floor.001
Fra:1 Mem:75.22M (Peak 75.28M) | Time:00:00.06 | Mem:0.00M, Peak:0.00M | Scene, ViewLayer | Synchronizing object | interior-batch-metro-wall.001
Fra:1 Mem:75.26M (Peak 75.28M) | Time:00:00.06 | Mem:0.00M, Peak:0.00M | Scene, ViewLayer | Initializing
Fra:1 Mem:50.89M (Peak 75.28M) | Time:00:00.07 | Mem:0.00M, Peak:0.00M | Scene, ViewLayer | Waiting for render to start
Fra:1 Mem:50.89M (Peak 75.28M) | Time:00:00.07 | Mem:0.00M, Peak:0.00M | Scene, ViewLayer | Loading render kernels (may take a few minutes the first time)
Fra:1 Mem:50.89M (Peak 75.28M) | Time:00:00.07 | Mem:0.00M, Peak:0.00M | Scene, ViewLayer | Updating Scene
Fra:1 Mem:50.89M (Peak 75.28M) | Time:00:00.07 | Mem:0.00M, Peak:0.00M | Scene, ViewLayer | Updating Shaders
Fra:1 Mem:51.08M (Peak 75.28M) | Time:00:00.07 | Mem:0.11M, Peak:0.11M | Scene, ViewLayer | Updating Procedurals
Fra:1 Mem:51.08M (Peak 75.28M) | Time:00:00.07 | Mem:0.11M, Peak:0.11M | Scene, ViewLayer | Updating Background
Fra:1 Mem:51.08M (Peak 75.28M) | Time:00:00.07 | Mem:0.11M, Peak:0.11M | Scene, ViewLayer | Updating Camera
Fra:1 Mem:51.08M (Peak 75.28M) | Time:00:00.07 | Mem:0.11M, Peak:0.11M | Scene, ViewLayer | Updating Meshes Flags
Fra:1 Mem:51.08M (Peak 75.28M) | Time:00:00.07 | Mem:0.11M, Peak:0.11M | Scene, ViewLayer | Updating Objects
Fra:1 Mem:51.08M (Peak 75.28M) | Time:00:00.07 | Mem:0.11M, Peak:0.11M | Scene, ViewLayer | Updating Objects | Copying Transformations to device
Fra:1 Mem:51.16M (Peak 75.28M) | Time:00:00.07 | Mem:0.19M, Peak:0.19M | Scene, ViewLayer | Updating Objects | Applying Static Transformations
Fra:1 Mem:51.16M (Peak 75.28M) | Time:00:00.07 | Mem:0.19M, Peak:0.19M | Scene, ViewLayer | Updating Particle Systems
Fra:1 Mem:51.16M (Peak 75.28M) | Time:00:00.07 | Mem:0.19M, Peak:0.19M | Scene, ViewLayer | Updating Particle Systems | Copying Particles to device
Fra:1 Mem:51.16M (Peak 75.28M) | Time:00:00.07 | Mem:0.19M, Peak:0.19M | Scene, ViewLayer | Updating Meshes
Fra:1 Mem:51.39M (Peak 75.28M) | Time:00:00.07 | Mem:0.19M, Peak:0.19M | Scene, ViewLayer | Updating Mesh | Computing attributes
Fra:1 Mem:52.02M (Peak 75.28M) | Time:00:00.07 | Mem:0.21M, Peak:0.21M | Scene, ViewLayer | Updating Mesh | Copying Attributes to device
Fra:1 Mem:51.96M (Peak 75.28M) | Time:00:00.07 | Mem:0.76M, Peak:0.76M | Scene, ViewLayer | Updating Scene BVH | Building
Fra:1 Mem:51.96M (Peak 75.28M) | Time:00:00.07 | Mem:0.76M, Peak:0.76M | Scene, ViewLayer | Updating Scene BVH | Building BVH
Fra:1 Mem:51.96M (Peak 75.28M) | Time:00:00.07 | Mem:1.21M, Peak:1.21M | Scene, ViewLayer | Updating Scene BVH | Building BVH 0%
Fra:1 Mem:51.96M (Peak 75.28M) | Time:00:00.08 | Mem:1.74M, Peak:2.19M | Scene, ViewLayer | Updating Scene BVH | Copying BVH to device
Fra:1 Mem:51.96M (Peak 75.28M) | Time:00:00.08 | Mem:1.74M, Peak:2.19M | Scene, ViewLayer | Updating Mesh | Computing normals
Fra:1 Mem:53.52M (Peak 75.28M) | Time:00:00.08 | Mem:1.74M, Peak:2.19M | Scene, ViewLayer | Updating Mesh | Copying Mesh to device
Fra:1 Mem:53.52M (Peak 75.28M) | Time:00:00.08 | Mem:3.30M, Peak:3.30M | Scene, ViewLayer | Updating Objects Flags
Fra:1 Mem:53.52M (Peak 75.28M) | Time:00:00.08 | Mem:3.31M, Peak:3.31M | Scene, ViewLayer | Updating Primitive Offsets
Fra:1 Mem:53.53M (Peak 75.28M) | Time:00:00.08 | Mem:3.31M, Peak:3.31M | Scene, ViewLayer | Updating Images
Fra:1 Mem:53.53M (Peak 75.28M) | Time:00:00.08 | Mem:3.31M, Peak:3.31M | Scene, ViewLayer | Updating Camera Volume
Fra:1 Mem:53.53M (Peak 75.28M) | Time:00:00.08 | Mem:3.31M, Peak:3.31M | Scene, ViewLayer | Updating Lookup Tables
Fra:1 Mem:53.53M (Peak 75.28M) | Time:00:00.08 | Mem:3.39M, Peak:3.39M | Scene, ViewLayer | Updating Lights
Fra:1 Mem:53.53M (Peak 75.28M) | Time:00:00.08 | Mem:3.39M, Peak:3.39M | Scene, ViewLayer | Updating Lights | Computing tree
Fra:1 Mem:53.54M (Peak 75.28M) | Time:00:00.08 | Mem:3.40M, Peak:3.40M | Scene, ViewLayer | Updating Integrator
Fra:1 Mem:53.54M (Peak 75.28M) | Time:00:00.08 | Mem:3.40M, Peak:3.40M | Scene, ViewLayer | Updating Film
Fra:1 Mem:53.54M (Peak 75.28M) | Time:00:00.08 | Mem:3.32M, Peak:3.40M | Scene, ViewLayer | Updating Lookup Tables
Fra:1 Mem:53.54M (Peak 75.28M) | Time:00:00.08 | Mem:3.40M, Peak:3.40M | Scene, ViewLayer | Updating Baking
Fra:1 Mem:53.54M (Peak 75.28M) | Time:00:00.08 | Mem:3.40M, Peak:3.40M | Scene, ViewLayer | Updating Device | Writing constant memory
Fra:1 Mem:53.55M (Peak 75.28M) | Time:00:00.08 | Mem:3.40M, Peak:3.40M | Scene, ViewLayer | Sample 0/32
Fra:1 Mem:72.44M (Peak 75.28M) | Time:00:00.61 | Remaining:00:16.48 | Mem:22.29M, Peak:22.29M | Scene, ViewLayer | Sample 1/32
Fra:1 Mem:80.83M (Peak 97.62M) | Time:00:15.24 | Mem:22.29M, Peak:22.29M | Scene, ViewLayer | Sample 32/32
Fra:1 Mem:80.83M (Peak 97.62M) | Time:00:15.24 | Mem:22.29M, Peak:22.29M | Scene, ViewLayer | Finished
Saved: '/workspace/scratch/7c20b5ba4165/atlas-backlog-oct3/tools/assets/transit-station-spaces/qa/previews/four-car-platform-74m.png'
Time: 00:15.31 (Saving: 00:00.06)

Fra:1 Mem:73.09M (Peak 73.09M) | Time:00:00.05 | Mem:0.00M, Peak:0.00M | Scene, ViewLayer | Synchronizing object | platform-foundation
Fra:1 Mem:73.10M (Peak 73.10M) | Time:00:00.05 | Mem:0.00M, Peak:0.00M | Scene, ViewLayer | Synchronizing object | platform-deck
Fra:1 Mem:73.10M (Peak 73.10M) | Time:00:00.05 | Mem:0.00M, Peak:0.00M | Scene, ViewLayer | Synchronizing object | platform-edge-cap
Fra:1 Mem:73.10M (Peak 73.10M) | Time:00:00.05 | Mem:0.00M, Peak:0.00M | Scene, ViewLayer | Synchronizing object | tactile-band
Fra:1 Mem:73.11M (Peak 73.11M) | Time:00:00.05 | Mem:0.00M, Peak:0.00M | Scene, ViewLayer | Synchronizing object | platform-foundation.001
Fra:1 Mem:73.11M (Peak 73.11M) | Time:00:00.05 | Mem:0.00M, Peak:0.00M | Scene, ViewLayer | Synchronizing object | platform-deck.001
Fra:1 Mem:73.11M (Peak 73.11M) | Time:00:00.05 | Mem:0.00M, Peak:0.00M | Scene, ViewLayer | Synchronizing object | platform-edge-cap.001
Fra:1 Mem:73.11M (Peak 73.11M) | Time:00:00.05 | Mem:0.00M, Peak:0.00M | Scene, ViewLayer | Synchronizing object | tactile-band.001
Fra:1 Mem:73.12M (Peak 73.12M) | Time:00:00.05 | Mem:0.00M, Peak:0.00M | Scene, ViewLayer | Synchronizing object | platform-foundation.002
Fra:1 Mem:73.12M (Peak 73.12M) | Time:00:00.05 | Mem:0.00M, Peak:0.00M | Scene, ViewLayer | Synchronizing object | platform-deck.002
Fra:1 Mem:73.13M (Peak 73.13M) | Time:00:00.05 | Mem:0.00M, Peak:0.00M | Scene, ViewLayer | Synchronizing object | platform-edge-cap.002
Fra:1 Mem:73.13M (Peak 73.13M) | Time:00:00.05 | Mem:0.00M, Peak:0.00M | Scene, ViewLayer | Synchronizing object | tactile-band.002
Fra:1 Mem:73.13M (Peak 73.13M) | Time:00:00.05 | Mem:0.00M, Peak:0.00M | Scene, ViewLayer | Synchronizing object | platform-foundation.003
Fra:1 Mem:73.13M (Peak 73.13M) | Time:00:00.05 | Mem:0.00M, Peak:0.00M | Scene, ViewLayer | Synchronizing object | platform-deck.003
Fra:1 Mem:73.14M (Peak 73.14M) | Time:00:00.05 | Mem:0.00M, Peak:0.00M | Scene, ViewLayer | Synchronizing object | platform-edge-cap.003
Fra:1 Mem:73.14M (Peak 73.14M) | Time:00:00.05 | Mem:0.00M, Peak:0.00M | Scene, ViewLayer | Synchronizing object | tactile-band.003
Fra:1 Mem:73.14M (Peak 73.14M) | Time:00:00.05 | Mem:0.00M, Peak:0.00M | Scene, ViewLayer | Synchronizing object | platform-foundation.004
Fra:1 Mem:73.14M (Peak 73.14M) | Time:00:00.05 | Mem:0.00M, Peak:0.00M | Scene, ViewLayer | Synchronizing object | platform-deck.004
Fra:1 Mem:73.15M (Peak 73.15M) | Time:00:00.05 | Mem:0.00M, Peak:0.00M | Scene, ViewLayer | Synchronizing object | platform-edge-cap.004
Fra:1 Mem:73.15M (Peak 73.15M) | Time:00:00.05 | Mem:0.00M, Peak:0.00M | Scene, ViewLayer | Synchronizing object | tactile-band.004
Fra:1 Mem:73.15M (Peak 73.15M) | Time:00:00.05 | Mem:0.00M, Peak:0.00M | Scene, ViewLayer | Synchronizing object | platform-foundation.005
Fra:1 Mem:73.15M (Peak 73.15M) | Time:00:00.05 | Mem:0.00M, Peak:0.00M | Scene, ViewLayer | Synchronizing object | platform-deck.005
Fra:1 Mem:73.16M (Peak 73.16M) | Time:00:00.05 | Mem:0.00M, Peak:0.00M | Scene, ViewLayer | Synchronizing object | platform-edge-cap.005
Fra:1 Mem:73.16M (Peak 73.16M) | Time:00:00.05 | Mem:0.00M, Peak:0.00M | Scene, ViewLayer | Synchronizing object | tactile-band.005
Fra:1 Mem:73.16M (Peak 73.16M) | Time:00:00.05 | Mem:0.00M, Peak:0.00M | Scene, ViewLayer | Synchronizing object | platform-foundation.006
Fra:1 Mem:73.16M (Peak 73.16M) | Time:00:00.05 | Mem:0.00M, Peak:0.00M | Scene, ViewLayer | Synchronizing object | platform-deck.006
Fra:1 Mem:73.17M (Peak 73.17M) | Time:00:00.05 | Mem:0.00M, Peak:0.00M | Scene, ViewLayer | Synchronizing object | platform-edge-cap.006
Fra:1 Mem:73.17M (Peak 73.17M) | Time:00:00.05 | Mem:0.00M, Peak:0.00M | Scene, ViewLayer | Synchronizing object | tactile-band.006
Fra:1 Mem:73.17M (Peak 73.17M) | Time:00:00.05 | Mem:0.00M, Peak:0.00M | Scene, ViewLayer | Synchronizing object | platform-foundation.007
Fra:1 Mem:73.17M (Peak 73.17M) | Time:00:00.05 | Mem:0.00M, Peak:0.00M | Scene, ViewLayer | Synchronizing object | platform-deck.007
Fra:1 Mem:73.18M (Peak 73.18M) | Time:00:00.05 | Mem:0.00M, Peak:0.00M | Scene, ViewLayer | Synchronizing object | platform-edge-cap.007
Fra:1 Mem:73.18M (Peak 73.18M) | Time:00:00.05 | Mem:0.00M, Peak:0.00M | Scene, ViewLayer | Synchronizing object | tactile-band.007
Fra:1 Mem:73.18M (Peak 73.18M) | Time:00:00.05 | Mem:0.00M, Peak:0.00M | Scene, ViewLayer | Synchronizing object | platform-foundation.008
Fra:1 Mem:73.19M (Peak 73.19M) | Time:00:00.05 | Mem:0.00M, Peak:0.00M | Scene, ViewLayer | Synchronizing object | platform-deck.008
Fra:1 Mem:73.19M (Peak 73.19M) | Time:00:00.05 | Mem:0.00M, Peak:0.00M | Scene, ViewLayer | Synchronizing object | platform-edge-cap.008
Fra:1 Mem:73.19M (Peak 73.19M) | Time:00:00.05 | Mem:0.00M, Peak:0.00M | Scene, ViewLayer | Synchronizing object | tactile-band.008
Fra:1 Mem:73.19M (Peak 73.19M) | Time:00:00.05 | Mem:0.00M, Peak:0.00M | Scene, ViewLayer | Synchronizing object | platform-foundation.009
Fra:1 Mem:73.20M (Peak 73.20M) | Time:00:00.05 | Mem:0.00M, Peak:0.00M | Scene, ViewLayer | Synchronizing object | platform-deck.009
Fra:1 Mem:73.20M (Peak 73.20M) | Time:00:00.05 | Mem:0.00M, Peak:0.00M | Scene, ViewLayer | Synchronizing object | platform-edge-cap.009
Fra:1 Mem:73.20M (Peak 73.20M) | Time:00:00.05 | Mem:0.00M, Peak:0.00M | Scene, ViewLayer | Synchronizing object | tactile-band.009
Fra:1 Mem:73.20M (Peak 73.20M) | Time:00:00.05 | Mem:0.00M, Peak:0.00M | Scene, ViewLayer | Synchronizing object | platform-foundation.010
Fra:1 Mem:73.21M (Peak 73.21M) | Time:00:00.05 | Mem:0.00M, Peak:0.00M | Scene, ViewLayer | Synchronizing object | platform-deck.010
Fra:1 Mem:73.21M (Peak 73.21M) | Time:00:00.05 | Mem:0.00M, Peak:0.00M | Scene, ViewLayer | Synchronizing object | platform-edge-cap.010
Fra:1 Mem:73.21M (Peak 73.21M) | Time:00:00.05 | Mem:0.00M, Peak:0.00M | Scene, ViewLayer | Synchronizing object | tactile-band.010
Fra:1 Mem:73.21M (Peak 73.21M) | Time:00:00.05 | Mem:0.00M, Peak:0.00M | Scene, ViewLayer | Synchronizing object | platform-foundation.011
Fra:1 Mem:73.22M (Peak 73.22M) | Time:00:00.05 | Mem:0.00M, Peak:0.00M | Scene, ViewLayer | Synchronizing object | platform-deck.011
Fra:1 Mem:73.22M (Peak 73.22M) | Time:00:00.05 | Mem:0.00M, Peak:0.00M | Scene, ViewLayer | Synchronizing object | platform-edge-cap.011
Fra:1 Mem:73.22M (Peak 73.22M) | Time:00:00.05 | Mem:0.00M, Peak:0.00M | Scene, ViewLayer | Synchronizing object | tactile-band.011
Fra:1 Mem:73.22M (Peak 73.22M) | Time:00:00.05 | Mem:0.00M, Peak:0.00M | Scene, ViewLayer | Synchronizing object | platform-foundation.012
Fra:1 Mem:73.23M (Peak 73.23M) | Time:00:00.05 | Mem:0.00M, Peak:0.00M | Scene, ViewLayer | Synchronizing object | platform-deck.012
Fra:1 Mem:73.23M (Peak 73.23M) | Time:00:00.05 | Mem:0.00M, Peak:0.00M | Scene, ViewLayer | Synchronizing object | platform-edge-cap.012
Fra:1 Mem:73.23M (Peak 73.23M) | Time:00:00.05 | Mem:0.00M, Peak:0.00M | Scene, ViewLayer | Synchronizing object | tactile-band.012
Fra:1 Mem:73.23M (Peak 73.23M) | Time:00:00.05 | Mem:0.00M, Peak:0.00M | Scene, ViewLayer | Synchronizing object | platform-foundation.013
Fra:1 Mem:73.24M (Peak 73.24M) | Time:00:00.05 | Mem:0.00M, Peak:0.00M | Scene, ViewLayer | Synchronizing object | platform-deck.013
Fra:1 Mem:73.24M (Peak 73.24M) | Time:00:00.05 | Mem:0.00M, Peak:0.00M | Scene, ViewLayer | Synchronizing object | platform-edge-cap.013
Fra:1 Mem:73.25M (Peak 73.25M) | Time:00:00.05 | Mem:0.00M, Peak:0.00M | Scene, ViewLayer | Synchronizing object | tactile-band.013
Fra:1 Mem:73.25M (Peak 73.25M) | Time:00:00.05 | Mem:0.00M, Peak:0.00M | Scene, ViewLayer | Synchronizing object | platform-foundation.014
Fra:1 Mem:73.25M (Peak 73.25M) | Time:00:00.05 | Mem:0.00M, Peak:0.00M | Scene, ViewLayer | Synchronizing object | platform-deck.014
Fra:1 Mem:73.25M (Peak 73.25M) | Time:00:00.05 | Mem:0.00M, Peak:0.00M | Scene, ViewLayer | Synchronizing object | platform-edge-cap.014
Fra:1 Mem:73.26M (Peak 73.26M) | Time:00:00.05 | Mem:0.00M, Peak:0.00M | Scene, ViewLayer | Synchronizing object | tactile-band.014
Fra:1 Mem:73.26M (Peak 73.26M) | Time:00:00.05 | Mem:0.00M, Peak:0.00M | Scene, ViewLayer | Synchronizing object | platform-foundation.015
Fra:1 Mem:73.26M (Peak 73.26M) | Time:00:00.05 | Mem:0.00M, Peak:0.00M | Scene, ViewLayer | Synchronizing object | platform-deck.015
Fra:1 Mem:73.26M (Peak 73.26M) | Time:00:00.05 | Mem:0.00M, Peak:0.00M | Scene, ViewLayer | Synchronizing object | platform-edge-cap.015
Fra:1 Mem:73.27M (Peak 73.27M) | Time:00:00.05 | Mem:0.00M, Peak:0.00M | Scene, ViewLayer | Synchronizing object | tactile-band.015
Fra:1 Mem:73.27M (Peak 73.27M) | Time:00:00.05 | Mem:0.00M, Peak:0.00M | Scene, ViewLayer | Synchronizing object | platform-foundation.016
Fra:1 Mem:73.27M (Peak 73.27M) | Time:00:00.05 | Mem:0.00M, Peak:0.00M | Scene, ViewLayer | Synchronizing object | platform-deck.016
Fra:1 Mem:73.27M (Peak 73.27M) | Time:00:00.05 | Mem:0.00M, Peak:0.00M | Scene, ViewLayer | Synchronizing object | platform-edge-cap.016
Fra:1 Mem:73.28M (Peak 73.28M) | Time:00:00.05 | Mem:0.00M, Peak:0.00M | Scene, ViewLayer | Synchronizing object | tactile-band.016
Fra:1 Mem:73.28M (Peak 73.28M) | Time:00:00.05 | Mem:0.00M, Peak:0.00M | Scene, ViewLayer | Synchronizing object | platform-foundation.017
Fra:1 Mem:73.28M (Peak 73.28M) | Time:00:00.05 | Mem:0.00M, Peak:0.00M | Scene, ViewLayer | Synchronizing object | platform-deck.017
Fra:1 Mem:73.28M (Peak 73.28M) | Time:00:00.05 | Mem:0.00M, Peak:0.00M | Scene, ViewLayer | Synchronizing object | platform-edge-cap.017
Fra:1 Mem:73.28M (Peak 73.28M) | Time:00:00.05 | Mem:0.00M, Peak:0.00M | Scene, ViewLayer | Synchronizing object | tactile-band.017
Fra:1 Mem:73.29M (Peak 73.29M) | Time:00:00.05 | Mem:0.00M, Peak:0.00M | Scene, ViewLayer | Synchronizing object | platform-foundation.018
Fra:1 Mem:73.29M (Peak 73.29M) | Time:00:00.05 | Mem:0.00M, Peak:0.00M | Scene, ViewLayer | Synchronizing object | platform-deck.018
Fra:1 Mem:73.29M (Peak 73.29M) | Time:00:00.05 | Mem:0.00M, Peak:0.00M | Scene, ViewLayer | Synchronizing object | platform-edge-cap.018
Fra:1 Mem:73.29M (Peak 73.29M) | Time:00:00.05 | Mem:0.00M, Peak:0.00M | Scene, ViewLayer | Synchronizing object | tactile-band.018
Fra:1 Mem:73.30M (Peak 73.30M) | Time:00:00.05 | Mem:0.00M, Peak:0.00M | Scene, ViewLayer | Synchronizing object | platform-foundation.019
Fra:1 Mem:73.30M (Peak 73.30M) | Time:00:00.05 | Mem:0.00M, Peak:0.00M | Scene, ViewLayer | Synchronizing object | platform-deck.019
Fra:1 Mem:73.30M (Peak 73.30M) | Time:00:00.05 | Mem:0.00M, Peak:0.00M | Scene, ViewLayer | Synchronizing object | platform-edge-cap.019
Fra:1 Mem:73.31M (Peak 73.31M) | Time:00:00.05 | Mem:0.00M, Peak:0.00M | Scene, ViewLayer | Synchronizing object | qa-ruler-tick.010
Fra:1 Mem:73.30M (Peak 73.31M) | Time:00:00.05 | Mem:0.00M, Peak:0.00M | Scene, ViewLayer | Synchronizing object | tactile-band.019
Fra:1 Mem:73.31M (Peak 73.31M) | Time:00:00.05 | Mem:0.00M, Peak:0.00M | Scene, ViewLayer | Synchronizing object | qa-ruler-tick.009
Fra:1 Mem:73.31M (Peak 73.31M) | Time:00:00.05 | Mem:0.00M, Peak:0.00M | Scene, ViewLayer | Synchronizing object | platform-foundation.020
Fra:1 Mem:73.32M (Peak 73.32M) | Time:00:00.05 | Mem:0.00M, Peak:0.00M | Scene, ViewLayer | Synchronizing object | qa-ruler-tick.008
Fra:1 Mem:73.31M (Peak 73.32M) | Time:00:00.05 | Mem:0.00M, Peak:0.00M | Scene, ViewLayer | Synchronizing object | platform-deck.020
Fra:1 Mem:73.31M (Peak 73.32M) | Time:00:00.05 | Mem:0.00M, Peak:0.00M | Scene, ViewLayer | Synchronizing object | qa-ruler-tick.007
Fra:1 Mem:73.32M (Peak 73.32M) | Time:00:00.05 | Mem:0.00M, Peak:0.00M | Scene, ViewLayer | Synchronizing object | qa-ruler-tick.006
Fra:1 Mem:73.32M (Peak 73.32M) | Time:00:00.05 | Mem:0.00M, Peak:0.00M | Scene, ViewLayer | Synchronizing object | qa-ruler-tick.005
Fra:1 Mem:73.31M (Peak 73.32M) | Time:00:00.05 | Mem:0.00M, Peak:0.00M | Scene, ViewLayer | Synchronizing object | platform-edge-cap.020
Fra:1 Mem:73.32M (Peak 73.32M) | Time:00:00.05 | Mem:0.00M, Peak:0.00M | Scene, ViewLayer | Synchronizing object | qa-ruler-tick.004
Fra:1 Mem:73.33M (Peak 73.33M) | Time:00:00.05 | Mem:0.00M, Peak:0.00M | Scene, ViewLayer | Synchronizing object | qa-ruler-tick.003
Fra:1 Mem:73.32M (Peak 73.33M) | Time:00:00.05 | Mem:0.00M, Peak:0.00M | Scene, ViewLayer | Synchronizing object | qa-ruler-tick.002
Fra:1 Mem:73.32M (Peak 73.33M) | Time:00:00.05 | Mem:0.00M, Peak:0.00M | Scene, ViewLayer | Synchronizing object | tactile-band.020
Fra:1 Mem:73.32M (Peak 73.33M) | Time:00:00.05 | Mem:0.00M, Peak:0.00M | Scene, ViewLayer | Synchronizing object | qa-ruler-tick.001
Fra:1 Mem:73.33M (Peak 73.33M) | Time:00:00.05 | Mem:0.00M, Peak:0.00M | Scene, ViewLayer | Synchronizing object | qa-ruler-tick
Fra:1 Mem:73.32M (Peak 73.33M) | Time:00:00.05 | Mem:0.00M, Peak:0.00M | Scene, ViewLayer | Synchronizing object | qa-one-metre-ruler
Fra:1 Mem:73.32M (Peak 73.33M) | Time:00:00.05 | Mem:0.00M, Peak:0.00M | Scene, ViewLayer | Synchronizing object | qa-human-head.001
Fra:1 Mem:73.33M (Peak 73.33M) | Time:00:00.05 | Mem:0.00M, Peak:0.00M | Scene, ViewLayer | Synchronizing object | platform-foundation.021
Fra:1 Mem:73.33M (Peak 73.33M) | Time:00:00.05 | Mem:0.00M, Peak:0.00M | Scene, ViewLayer | Synchronizing object | qa-human-arm.003
Fra:1 Mem:73.33M (Peak 73.33M) | Time:00:00.05 | Mem:0.00M, Peak:0.00M | Scene, ViewLayer | Synchronizing object | platform-deck.021
Fra:1 Mem:73.36M (Peak 73.36M) | Time:00:00.05 | Mem:0.00M, Peak:0.00M | Scene, ViewLayer | Synchronizing object | platform-edge-cap.021
Fra:1 Mem:73.36M (Peak 73.36M) | Time:00:00.05 | Mem:0.00M, Peak:0.00M | Scene, ViewLayer | Synchronizing object | tactile-band.021
Fra:1 Mem:73.35M (Peak 73.36M) | Time:00:00.05 | Mem:0.00M, Peak:0.00M | Scene, ViewLayer | Synchronizing object | qa-human-leg.003
Fra:1 Mem:73.35M (Peak 73.36M) | Time:00:00.05 | Mem:0.00M, Peak:0.00M | Scene, ViewLayer | Synchronizing object | platform-foundation.022
Fra:1 Mem:73.37M (Peak 73.37M) | Time:00:00.05 | Mem:0.00M, Peak:0.00M | Scene, ViewLayer | Synchronizing object | platform-deck.022
Fra:1 Mem:73.37M (Peak 73.37M) | Time:00:00.05 | Mem:0.00M, Peak:0.00M | Scene, ViewLayer | Synchronizing object | qa-human-arm.002
Fra:1 Mem:73.37M (Peak 73.37M) | Time:00:00.05 | Mem:0.00M, Peak:0.00M | Scene, ViewLayer | Synchronizing object | platform-edge-cap.022
Fra:1 Mem:73.40M (Peak 73.40M) | Time:00:00.05 | Mem:0.00M, Peak:0.00M | Scene, ViewLayer | Synchronizing object | tactile-band.022
Fra:1 Mem:73.38M (Peak 73.40M) | Time:00:00.05 | Mem:0.00M, Peak:0.00M | Scene, ViewLayer | Synchronizing object | qa-human-leg.002
Fra:1 Mem:73.38M (Peak 73.40M) | Time:00:00.05 | Mem:0.00M, Peak:0.00M | Scene, ViewLayer | Synchronizing object | platform-foundation.023
Fra:1 Mem:73.41M (Peak 73.41M) | Time:00:00.05 | Mem:0.00M, Peak:0.00M | Scene, ViewLayer | Synchronizing object | platform-deck.023
Fra:1 Mem:73.40M (Peak 73.41M) | Time:00:00.05 | Mem:0.00M, Peak:0.00M | Scene, ViewLayer | Synchronizing object | qa-human-torso.001
Fra:1 Mem:73.41M (Peak 73.41M) | Time:00:00.05 | Mem:0.00M, Peak:0.00M | Scene, ViewLayer | Synchronizing object | platform-edge-cap.023
Fra:1 Mem:73.43M (Peak 73.43M) | Time:00:00.05 | Mem:0.00M, Peak:0.00M | Scene, ViewLayer | Synchronizing object | tactile-band.023
Fra:1 Mem:73.42M (Peak 73.43M) | Time:00:00.05 | Mem:0.00M, Peak:0.00M | Scene, ViewLayer | Synchronizing object | qa-human-head
Fra:1 Mem:73.42M (Peak 73.43M) | Time:00:00.05 | Mem:0.00M, Peak:0.00M | Scene, ViewLayer | Synchronizing object | platform-foundation.024
Fra:1 Mem:73.42M (Peak 73.43M) | Time:00:00.05 | Mem:0.00M, Peak:0.00M | Scene, ViewLayer | Synchronizing object | qa-human-arm.001
Fra:1 Mem:73.44M (Peak 73.44M) | Time:00:00.05 | Mem:0.00M, Peak:0.00M | Scene, ViewLayer | Synchronizing object | platform-deck.024
Fra:1 Mem:73.45M (Peak 73.45M) | Time:00:00.05 | Mem:0.00M, Peak:0.00M | Scene, ViewLayer | Synchronizing object | platform-edge-cap.024
Fra:1 Mem:73.44M (Peak 73.45M) | Time:00:00.05 | Mem:0.00M, Peak:0.00M | Scene, ViewLayer | Synchronizing object | qa-human-leg.001
Fra:1 Mem:73.45M (Peak 73.45M) | Time:00:00.05 | Mem:0.00M, Peak:0.00M | Scene, ViewLayer | Synchronizing object | tactile-band.024
Fra:1 Mem:73.45M (Peak 73.45M) | Time:00:00.05 | Mem:0.00M, Peak:0.00M | Scene, ViewLayer | Synchronizing object | platform-foundation.025
Fra:1 Mem:73.45M (Peak 73.45M) | Time:00:00.05 | Mem:0.00M, Peak:0.00M | Scene, ViewLayer | Synchronizing object | qa-human-arm
Fra:1 Mem:73.47M (Peak 73.47M) | Time:00:00.05 | Mem:0.00M, Peak:0.00M | Scene, ViewLayer | Synchronizing object | platform-deck.025
Fra:1 Mem:73.47M (Peak 73.47M) | Time:00:00.05 | Mem:0.00M, Peak:0.00M | Scene, ViewLayer | Synchronizing object | qa-human-leg
Fra:1 Mem:73.47M (Peak 73.47M) | Time:00:00.05 | Mem:0.00M, Peak:0.00M | Scene, ViewLayer | Synchronizing object | platform-edge-cap.025
Fra:1 Mem:73.49M (Peak 73.49M) | Time:00:00.05 | Mem:0.00M, Peak:0.00M | Scene, ViewLayer | Synchronizing object | tactile-band.025
Fra:1 Mem:73.49M (Peak 73.49M) | Time:00:00.05 | Mem:0.00M, Peak:0.00M | Scene, ViewLayer | Synchronizing object | qa-human-torso
Fra:1 Mem:73.49M (Peak 73.49M) | Time:00:00.05 | Mem:0.00M, Peak:0.00M | Scene, ViewLayer | Synchronizing object | platform-foundation.026
Fra:1 Mem:73.50M (Peak 73.50M) | Time:00:00.05 | Mem:0.00M, Peak:0.00M | Scene, ViewLayer | Synchronizing object | platform-deck.026
Fra:1 Mem:73.50M (Peak 73.50M) | Time:00:00.05 | Mem:0.00M, Peak:0.00M | Scene, ViewLayer | Synchronizing object | qa-rail.001
Fra:1 Mem:73.50M (Peak 73.50M) | Time:00:00.05 | Mem:0.00M, Peak:0.00M | Scene, ViewLayer | Synchronizing object | platform-edge-cap.026
Fra:1 Mem:73.50M (Peak 73.50M) | Time:00:00.05 | Mem:0.00M, Peak:0.00M | Scene, ViewLayer | Synchronizing object | qa-rail
Fra:1 Mem:73.51M (Peak 73.51M) | Time:00:00.05 | Mem:0.00M, Peak:0.00M | Scene, ViewLayer | Synchronizing object | qa-ground
Fra:1 Mem:73.51M (Peak 73.51M) | Time:00:00.05 | Mem:0.00M, Peak:0.00M | Scene, ViewLayer | Synchronizing object | deck-grip-strip.035
Fra:1 Mem:73.51M (Peak 73.51M) | Time:00:00.05 | Mem:0.00M, Peak:0.00M | Scene, ViewLayer | Synchronizing object | tactile-band.026
Fra:1 Mem:73.51M (Peak 73.51M) | Time:00:00.05 | Mem:0.00M, Peak:0.00M | Scene, ViewLayer | Synchronizing object | platform-foundation.027
Fra:1 Mem:73.51M (Peak 73.51M) | Time:00:00.05 | Mem:0.00M, Peak:0.00M | Scene, ViewLayer | Synchronizing object | deck-grip-strip.034
Fra:1 Mem:73.51M (Peak 73.51M) | Time:00:00.05 | Mem:0.00M, Peak:0.00M | Scene, ViewLayer | Synchronizing object | platform-deck.027
Fra:1 Mem:73.51M (Peak 73.51M) | Time:00:00.05 | Mem:0.00M, Peak:0.00M | Scene, ViewLayer | Synchronizing object | deck-grip-strip.033
Fra:1 Mem:73.52M (Peak 73.52M) | Time:00:00.05 | Mem:0.00M, Peak:0.00M | Scene, ViewLayer | Synchronizing object | platform-edge-cap.027
Fra:1 Mem:73.52M (Peak 73.52M) | Time:00:00.05 | Mem:0.00M, Peak:0.00M | Scene, ViewLayer | Synchronizing object | threshold-deck.011
Fra:1 Mem:73.53M (Peak 73.53M) | Time:00:00.05 | Mem:0.00M, Peak:0.00M | Scene, ViewLayer | Synchronizing object | tactile-band.027
Fra:1 Mem:73.53M (Peak 73.53M) | Time:00:00.05 | Mem:0.00M, Peak:0.00M | Scene, ViewLayer | Synchronizing object | deck-grip-strip.032
Fra:1 Mem:73.53M (Peak 73.53M) | Time:00:00.05 | Mem:0.00M, Peak:0.00M | Scene, ViewLayer | Synchronizing object | deck-grip-strip.031
Fra:1 Mem:73.53M (Peak 73.53M) | Time:00:00.05 | Mem:0.00M, Peak:0.00M | Scene, ViewLayer | Synchronizing object | deck-grip-strip.030
Fra:1 Mem:73.53M (Peak 73.53M) | Time:00:00.05 | Mem:0.00M, Peak:0.00M | Scene, ViewLayer | Synchronizing object | threshold-deck.010
Fra:1 Mem:73.53M (Peak 73.53M) | Time:00:00.05 | Mem:0.00M, Peak:0.00M | Scene, ViewLayer | Synchronizing object | platform-foundation.028
Fra:1 Mem:73.53M (Peak 73.53M) | Time:00:00.05 | Mem:0.00M, Peak:0.00M | Scene, ViewLayer | Synchronizing object | deck-grip-strip.029
Fra:1 Mem:73.54M (Peak 73.54M) | Time:00:00.05 | Mem:0.00M, Peak:0.00M | Scene, ViewLayer | Synchronizing object | platform-deck.028
Fra:1 Mem:73.54M (Peak 73.54M) | Time:00:00.05 | Mem:0.00M, Peak:0.00M | Scene, ViewLayer | Synchronizing object | deck-grip-strip.028
Fra:1 Mem:73.55M (Peak 73.55M) | Time:00:00.05 | Mem:0.00M, Peak:0.00M | Scene, ViewLayer | Synchronizing object | platform-edge-cap.028
Fra:1 Mem:73.55M (Peak 73.55M) | Time:00:00.05 | Mem:0.00M, Peak:0.00M | Scene, ViewLayer | Synchronizing object | deck-grip-strip.027
Fra:1 Mem:73.55M (Peak 73.55M) | Time:00:00.05 | Mem:0.00M, Peak:0.00M | Scene, ViewLayer | Synchronizing object | tactile-band.028
Fra:1 Mem:73.54M (Peak 73.55M) | Time:00:00.05 | Mem:0.00M, Peak:0.00M | Scene, ViewLayer | Synchronizing object | threshold-deck.009
Fra:1 Mem:73.55M (Peak 73.55M) | Time:00:00.05 | Mem:0.00M, Peak:0.00M | Scene, ViewLayer | Synchronizing object | platform-foundation.029
Fra:1 Mem:73.56M (Peak 73.56M) | Time:00:00.05 | Mem:0.00M, Peak:0.00M | Scene, ViewLayer | Synchronizing object | deck-grip-strip.026
Fra:1 Mem:73.55M (Peak 73.56M) | Time:00:00.05 | Mem:0.00M, Peak:0.00M | Scene, ViewLayer | Synchronizing object | platform-deck.029
Fra:1 Mem:73.55M (Peak 73.56M) | Time:00:00.05 | Mem:0.00M, Peak:0.00M | Scene, ViewLayer | Synchronizing object | deck-grip-strip.025
Fra:1 Mem:73.56M (Peak 73.56M) | Time:00:00.05 | Mem:0.00M, Peak:0.00M | Scene, ViewLayer | Synchronizing object | platform-edge-cap.029
Fra:1 Mem:73.56M (Peak 73.56M) | Time:00:00.05 | Mem:0.00M, Peak:0.00M | Scene, ViewLayer | Synchronizing object | deck-grip-strip.024
Fra:1 Mem:73.56M (Peak 73.56M) | Time:00:00.05 | Mem:0.00M, Peak:0.00M | Scene, ViewLayer | Synchronizing object | tactile-band.029
Fra:1 Mem:73.57M (Peak 73.57M) | Time:00:00.05 | Mem:0.00M, Peak:0.00M | Scene, ViewLayer | Synchronizing object | threshold-deck.008
Fra:1 Mem:73.57M (Peak 73.57M) | Time:00:00.05 | Mem:0.00M, Peak:0.00M | Scene, ViewLayer | Synchronizing object | platform-foundation.030
Fra:1 Mem:73.57M (Peak 73.57M) | Time:00:00.05 | Mem:0.00M, Peak:0.00M | Scene, ViewLayer | Synchronizing object | deck-grip-strip.023
Fra:1 Mem:73.57M (Peak 73.57M) | Time:00:00.05 | Mem:0.00M, Peak:0.00M | Scene, ViewLayer | Synchronizing object | platform-deck.030
Fra:1 Mem:73.57M (Peak 73.57M) | Time:00:00.05 | Mem:0.00M, Peak:0.00M | Scene, ViewLayer | Synchronizing object | deck-grip-strip.022
Fra:1 Mem:73.57M (Peak 73.57M) | Time:00:00.05 | Mem:0.00M, Peak:0.00M | Scene, ViewLayer | Synchronizing object | platform-edge-cap.030
Fra:1 Mem:73.57M (Peak 73.57M) | Time:00:00.05 | Mem:0.00M, Peak:0.00M | Scene, ViewLayer | Synchronizing object | deck-grip-strip.021
Fra:1 Mem:73.58M (Peak 73.58M) | Time:00:00.05 | Mem:0.00M, Peak:0.00M | Scene, ViewLayer | Synchronizing object | tactile-band.030
Fra:1 Mem:73.57M (Peak 73.58M) | Time:00:00.05 | Mem:0.00M, Peak:0.00M | Scene, ViewLayer | Synchronizing object | threshold-deck.007
Fra:1 Mem:73.59M (Peak 73.59M) | Time:00:00.05 | Mem:0.00M, Peak:0.00M | Scene, ViewLayer | Synchronizing object | platform-foundation.031
Fra:1 Mem:73.58M (Peak 73.59M) | Time:00:00.05 | Mem:0.00M, Peak:0.00M | Scene, ViewLayer | Synchronizing object | deck-grip-strip.020
Fra:1 Mem:73.59M (Peak 73.59M) | Time:00:00.05 | Mem:0.00M, Peak:0.00M | Scene, ViewLayer | Synchronizing object | platform-deck.031
Fra:1 Mem:73.58M (Peak 73.59M) | Time:00:00.05 | Mem:0.00M, Peak:0.00M | Scene, ViewLayer | Synchronizing object | deck-grip-strip.019
Fra:1 Mem:73.58M (Peak 73.59M) | Time:00:00.05 | Mem:0.00M, Peak:0.00M | Scene, ViewLayer | Synchronizing object | deck-grip-strip.018
Fra:1 Mem:73.59M (Peak 73.59M) | Time:00:00.05 | Mem:0.00M, Peak:0.00M | Scene, ViewLayer | Synchronizing object | platform-edge-cap.031
Fra:1 Mem:73.59M (Peak 73.59M) | Time:00:00.05 | Mem:0.00M, Peak:0.00M | Scene, ViewLayer | Synchronizing object | threshold-deck.006
Fra:1 Mem:73.60M (Peak 73.60M) | Time:00:00.05 | Mem:0.00M, Peak:0.00M | Scene, ViewLayer | Synchronizing object | tactile-band.031
Fra:1 Mem:73.60M (Peak 73.60M) | Time:00:00.05 | Mem:0.00M, Peak:0.00M | Scene, ViewLayer | Synchronizing object | deck-grip-strip.017
Fra:1 Mem:73.60M (Peak 73.60M) | Time:00:00.05 | Mem:0.00M, Peak:0.00M | Scene, ViewLayer | Synchronizing object | platform-foundation.032
Fra:1 Mem:73.61M (Peak 73.61M) | Time:00:00.05 | Mem:0.00M, Peak:0.00M | Scene, ViewLayer | Synchronizing object | deck-grip-strip.016
Fra:1 Mem:73.61M (Peak 73.61M) | Time:00:00.05 | Mem:0.00M, Peak:0.00M | Scene, ViewLayer | Synchronizing object | platform-deck.032
Fra:1 Mem:73.61M (Peak 73.61M) | Time:00:00.05 | Mem:0.00M, Peak:0.00M | Scene, ViewLayer | Synchronizing object | deck-grip-strip.015
Fra:1 Mem:73.61M (Peak 73.61M) | Time:00:00.05 | Mem:0.00M, Peak:0.00M | Scene, ViewLayer | Synchronizing object | platform-edge-cap.032
Fra:1 Mem:73.61M (Peak 73.61M) | Time:00:00.05 | Mem:0.00M, Peak:0.00M | Scene, ViewLayer | Synchronizing object | threshold-deck.005
Fra:1 Mem:73.61M (Peak 73.61M) | Time:00:00.05 | Mem:0.00M, Peak:0.00M | Scene, ViewLayer | Synchronizing object | tactile-band.032
Fra:1 Mem:73.61M (Peak 73.61M) | Time:00:00.05 | Mem:0.00M, Peak:0.00M | Scene, ViewLayer | Synchronizing object | deck-grip-strip.014
Fra:1 Mem:73.62M (Peak 73.62M) | Time:00:00.05 | Mem:0.00M, Peak:0.00M | Scene, ViewLayer | Synchronizing object | platform-foundation.033
Fra:1 Mem:73.62M (Peak 73.62M) | Time:00:00.05 | Mem:0.00M, Peak:0.00M | Scene, ViewLayer | Synchronizing object | deck-grip-strip.013
Fra:1 Mem:73.62M (Peak 73.62M) | Time:00:00.05 | Mem:0.00M, Peak:0.00M | Scene, ViewLayer | Synchronizing object | platform-deck.033
Fra:1 Mem:73.61M (Peak 73.62M) | Time:00:00.05 | Mem:0.00M, Peak:0.00M | Scene, ViewLayer | Synchronizing object | deck-grip-strip.012
Fra:1 Mem:73.62M (Peak 73.62M) | Time:00:00.05 | Mem:0.00M, Peak:0.00M | Scene, ViewLayer | Synchronizing object | platform-edge-cap.033
Fra:1 Mem:73.63M (Peak 73.63M) | Time:00:00.05 | Mem:0.00M, Peak:0.00M | Scene, ViewLayer | Synchronizing object | deck-grip-strip.011
Fra:1 Mem:73.63M (Peak 73.63M) | Time:00:00.05 | Mem:0.00M, Peak:0.00M | Scene, ViewLayer | Synchronizing object | tactile-band.033
Fra:1 Mem:73.63M (Peak 73.63M) | Time:00:00.05 | Mem:0.00M, Peak:0.00M | Scene, ViewLayer | Synchronizing object | deck-grip-strip.010
Fra:1 Mem:73.63M (Peak 73.63M) | Time:00:00.05 | Mem:0.00M, Peak:0.00M | Scene, ViewLayer | Synchronizing object | platform-foundation.034
Fra:1 Mem:73.63M (Peak 73.63M) | Time:00:00.05 | Mem:0.00M, Peak:0.00M | Scene, ViewLayer | Synchronizing object | deck-grip-strip.009
Fra:1 Mem:73.64M (Peak 73.64M) | Time:00:00.05 | Mem:0.00M, Peak:0.00M | Scene, ViewLayer | Synchronizing object | platform-deck.034
Fra:1 Mem:73.64M (Peak 73.64M) | Time:00:00.05 | Mem:0.00M, Peak:0.00M | Scene, ViewLayer | Synchronizing object | threshold-deck.003
Fra:1 Mem:73.65M (Peak 73.65M) | Time:00:00.05 | Mem:0.00M, Peak:0.00M | Scene, ViewLayer | Synchronizing object | platform-edge-cap.034
Fra:1 Mem:73.64M (Peak 73.65M) | Time:00:00.05 | Mem:0.00M, Peak:0.00M | Scene, ViewLayer | Synchronizing object | deck-grip-strip.008
Fra:1 Mem:73.65M (Peak 73.65M) | Time:00:00.05 | Mem:0.00M, Peak:0.00M | Scene, ViewLayer | Synchronizing object | tactile-band.034
Fra:1 Mem:73.65M (Peak 73.65M) | Time:00:00.05 | Mem:0.00M, Peak:0.00M | Scene, ViewLayer | Synchronizing object | deck-grip-strip.007
Fra:1 Mem:73.65M (Peak 73.65M) | Time:00:00.05 | Mem:0.00M, Peak:0.00M | Scene, ViewLayer | Synchronizing object | platform-foundation.035
Fra:1 Mem:73.66M (Peak 73.66M) | Time:00:00.05 | Mem:0.00M, Peak:0.00M | Scene, ViewLayer | Synchronizing object | deck-grip-strip.006
Fra:1 Mem:73.65M (Peak 73.66M) | Time:00:00.05 | Mem:0.00M, Peak:0.00M | Scene, ViewLayer | Synchronizing object | platform-deck.035
Fra:1 Mem:73.66M (Peak 73.66M) | Time:00:00.05 | Mem:0.00M, Peak:0.00M | Scene, ViewLayer | Synchronizing object | threshold-deck.002
Fra:1 Mem:73.66M (Peak 73.66M) | Time:00:00.05 | Mem:0.00M, Peak:0.00M | Scene, ViewLayer | Synchronizing object | platform-edge-cap.035
Fra:1 Mem:73.66M (Peak 73.66M) | Time:00:00.05 | Mem:0.00M, Peak:0.00M | Scene, ViewLayer | Synchronizing object | deck-grip-strip.005
Fra:1 Mem:73.66M (Peak 73.66M) | Time:00:00.05 | Mem:0.00M, Peak:0.00M | Scene, ViewLayer | Synchronizing object | tactile-band.035
Fra:1 Mem:73.67M (Peak 73.67M) | Time:00:00.05 | Mem:0.00M, Peak:0.00M | Scene, ViewLayer | Synchronizing object | deck-grip-strip.004
Fra:1 Mem:73.67M (Peak 73.67M) | Time:00:00.05 | Mem:0.00M, Peak:0.00M | Scene, ViewLayer | Synchronizing object | platform-foundation.036
Fra:1 Mem:73.66M (Peak 73.67M) | Time:00:00.05 | Mem:0.00M, Peak:0.00M | Scene, ViewLayer | Synchronizing object | deck-grip-strip.003
Fra:1 Mem:73.67M (Peak 73.67M) | Time:00:00.05 | Mem:0.00M, Peak:0.00M | Scene, ViewLayer | Synchronizing object | platform-deck.036
Fra:1 Mem:73.67M (Peak 73.67M) | Time:00:00.05 | Mem:0.00M, Peak:0.00M | Scene, ViewLayer | Synchronizing object | threshold-deck.001
Fra:1 Mem:73.67M (Peak 73.67M) | Time:00:00.05 | Mem:0.00M, Peak:0.00M | Scene, ViewLayer | Synchronizing object | platform-edge-cap.036
Fra:1 Mem:73.68M (Peak 73.68M) | Time:00:00.05 | Mem:0.00M, Peak:0.00M | Scene, ViewLayer | Synchronizing object | deck-grip-strip.002
Fra:1 Mem:73.68M (Peak 73.68M) | Time:00:00.05 | Mem:0.00M, Peak:0.00M | Scene, ViewLayer | Synchronizing object | tactile-band.036
Fra:1 Mem:73.68M (Peak 73.68M) | Time:00:00.05 | Mem:0.00M, Peak:0.00M | Scene, ViewLayer | Synchronizing object | deck-grip-strip.001
Fra:1 Mem:73.68M (Peak 73.68M) | Time:00:00.05 | Mem:0.00M, Peak:0.00M | Scene, ViewLayer | Synchronizing object | sign-post--0.85
Fra:1 Mem:73.68M (Peak 73.68M) | Time:00:00.05 | Mem:0.00M, Peak:0.00M | Scene, ViewLayer | Synchronizing object | deck-grip-strip
Fra:1 Mem:73.69M (Peak 73.69M) | Time:00:00.05 | Mem:0.00M, Peak:0.00M | Scene, ViewLayer | Synchronizing object | sign-foot--0.85
Fra:1 Mem:73.68M (Peak 73.69M) | Time:00:00.05 | Mem:0.00M, Peak:0.00M | Scene, ViewLayer | Synchronizing object | threshold-deck
Fra:1 Mem:73.69M (Peak 73.69M) | Time:00:00.05 | Mem:0.00M, Peak:0.00M | Scene, ViewLayer | Synchronizing object | sign-post-0.85
Fra:1 Mem:73.69M (Peak 73.69M) | Time:00:00.05 | Mem:0.00M, Peak:0.00M | Scene, ViewLayer | Synchronizing object | interior-batch-metro-seat.003
Fra:1 Mem:73.78M (Peak 73.78M) | Time:00:00.05 | Mem:0.00M, Peak:0.00M | Scene, ViewLayer | Synchronizing object | sign-foot-0.85
Fra:1 Mem:73.81M (Peak 73.81M) | Time:00:00.05 | Mem:0.00M, Peak:0.00M | Scene, ViewLayer | Synchronizing object | guidance-panel
Fra:1 Mem:73.74M (Peak 73.81M) | Time:00:00.05 | Mem:0.00M, Peak:0.00M | Scene, ViewLayer | Synchronizing object | guidance-face
Fra:1 Mem:73.79M (Peak 73.81M) | Time:00:00.05 | Mem:0.00M, Peak:0.00M | Scene, ViewLayer | Synchronizing object | direction-arrow
Fra:1 Mem:73.74M (Peak 73.81M) | Time:00:00.05 | Mem:0.00M, Peak:0.00M | Scene, ViewLayer | Synchronizing object | generic-destination-rule-2.67
Fra:1 Mem:73.74M (Peak 73.81M) | Time:00:00.05 | Mem:0.00M, Peak:0.00M | Scene, ViewLayer | Synchronizing object | interior-batch-metro-priority-seat.003
Fra:1 Mem:73.76M (Peak 73.81M) | Time:00:00.05 | Mem:0.00M, Peak:0.00M | Scene, ViewLayer | Synchronizing object | generic-destination-rule-2.54
Fra:1 Mem:73.76M (Peak 73.81M) | Time:00:00.06 | Mem:0.00M, Peak:0.00M | Scene, ViewLayer | Synchronizing object | body-shell
Fra:1 Mem:73.75M (Peak 73.81M) | Time:00:00.06 | Mem:0.00M, Peak:0.00M | Scene, ViewLayer | Synchronizing object | interior-batch-metro-screen.003
Fra:1 Mem:74.06M (Peak 74.06M) | Time:00:00.06 | Mem:0.00M, Peak:0.00M | Scene, ViewLayer | Synchronizing object | interior-batch-metro-rail.003
Fra:1 Mem:73.89M (Peak 74.06M) | Time:00:00.06 | Mem:0.00M, Peak:0.00M | Scene, ViewLayer | Synchronizing object | interior-batch-metro-floor.003
Fra:1 Mem:73.94M (Peak 74.06M) | Time:00:00.06 | Mem:0.00M, Peak:0.00M | Scene, ViewLayer | Synchronizing object | interior-batch-metro-wall.003
Fra:1 Mem:74.11M (Peak 74.11M) | Time:00:00.06 | Mem:0.00M, Peak:0.00M | Scene, ViewLayer | Synchronizing object | wheel-rear-rear-right.003
Fra:1 Mem:74.10M (Peak 74.11M) | Time:00:00.06 | Mem:0.00M, Peak:0.00M | Scene, ViewLayer | Synchronizing object | wheel-rear-rear-left.003
Fra:1 Mem:73.99M (Peak 74.11M) | Time:00:00.06 | Mem:0.00M, Peak:0.00M | Scene, ViewLayer | Synchronizing object | wheel-rear-front-right.003
Fra:1 Mem:73.95M (Peak 74.11M) | Time:00:00.06 | Mem:0.00M, Peak:0.00M | Scene, ViewLayer | Synchronizing object | bogie-front-frame
Fra:1 Mem:73.96M (Peak 74.11M) | Time:00:00.06 | Mem:0.00M, Peak:0.00M | Scene, ViewLayer | Synchronizing object | wheel-rear-front-left.003
Fra:1 Mem:73.97M (Peak 74.11M) | Time:00:00.06 | Mem:0.00M, Peak:0.00M | Scene, ViewLayer | Synchronizing object | bogie-rear-frame
Fra:1 Mem:73.96M (Peak 74.11M) | Time:00:00.06 | Mem:0.00M, Peak:0.00M | Scene, ViewLayer | Synchronizing object | wheel-front-rear-right.003
Fra:1 Mem:73.97M (Peak 74.11M) | Time:00:00.06 | Mem:0.00M, Peak:0.00M | Scene, ViewLayer | Synchronizing object | door-left-center-a
Fra:1 Mem:73.99M (Peak 74.11M) | Time:00:00.06 | Mem:0.00M, Peak:0.00M | Scene, ViewLayer | Synchronizing object | wheel-front-rear-left.003
Fra:1 Mem:74.00M (Peak 74.11M) | Time:00:00.06 | Mem:0.00M, Peak:0.00M | Scene, ViewLayer | Synchronizing object | wheel-front-front-right.003
Fra:1 Mem:73.99M (Peak 74.11M) | Time:00:00.06 | Mem:0.00M, Peak:0.00M | Scene, ViewLayer | Synchronizing object | door-left-center-b
Fra:1 Mem:73.99M (Peak 74.11M) | Time:00:00.06 | Mem:0.00M, Peak:0.00M | Scene, ViewLayer | Synchronizing object | wheel-front-front-left.003
Fra:1 Mem:74.01M (Peak 74.11M) | Time:00:00.06 | Mem:0.00M, Peak:0.00M | Scene, ViewLayer | Synchronizing object | lights.001
Fra:1 Mem:74.01M (Peak 74.11M) | Time:00:00.06 | Mem:0.00M, Peak:0.00M | Scene, ViewLayer | Synchronizing object | door-left-front-a
Fra:1 Mem:74.03M (Peak 74.11M) | Time:00:00.06 | Mem:0.00M, Peak:0.00M | Scene, ViewLayer | Synchronizing object | glass.003
Fra:1 Mem:74.04M (Peak 74.11M) | Time:00:00.06 | Mem:0.00M, Peak:0.00M | Scene, ViewLayer | Synchronizing object | door-left-front-b
Fra:1 Mem:74.05M (Peak 74.11M) | Time:00:00.06 | Mem:0.00M, Peak:0.00M | Scene, ViewLayer | Synchronizing object | door-right-rear-b.003
Fra:1 Mem:74.05M (Peak 74.11M) | Time:00:00.06 | Mem:0.00M, Peak:0.00M | Scene, ViewLayer | Synchronizing object | door-left-rear-a
Fra:1 Mem:74.08M (Peak 74.11M) | Time:00:00.06 | Mem:0.00M, Peak:0.00M | Scene, ViewLayer | Synchronizing object | door-right-rear-a.003
Fra:1 Mem:74.07M (Peak 74.11M) | Time:00:00.06 | Mem:0.00M, Peak:0.00M | Scene, ViewLayer | Synchronizing object | door-left-rear-b
Fra:1 Mem:74.10M (Peak 74.11M) | Time:00:00.06 | Mem:0.00M, Peak:0.00M | Scene, ViewLayer | Synchronizing object | door-right-front-b.003
Fra:1 Mem:74.11M (Peak 74.11M) | Time:00:00.06 | Mem:0.00M, Peak:0.00M | Scene, ViewLayer | Synchronizing object | door-right-center-a
Fra:1 Mem:74.12M (Peak 74.12M) | Time:00:00.06 | Mem:0.00M, Peak:0.00M | Scene, ViewLayer | Synchronizing object | door-right-front-a.003
Fra:1 Mem:74.13M (Peak 74.13M) | Time:00:00.06 | Mem:0.00M, Peak:0.00M | Scene, ViewLayer | Synchronizing object | door-right-center-b
Fra:1 Mem:74.14M (Peak 74.14M) | Time:00:00.06 | Mem:0.00M, Peak:0.00M | Scene, ViewLayer | Synchronizing object | door-right-center-b.003
Fra:1 Mem:74.15M (Peak 74.15M) | Time:00:00.06 | Mem:0.00M, Peak:0.00M | Scene, ViewLayer | Synchronizing object | door-right-front-a
Fra:1 Mem:74.15M (Peak 74.15M) | Time:00:00.06 | Mem:0.00M, Peak:0.00M | Scene, ViewLayer | Synchronizing object | door-right-center-a.003
Fra:1 Mem:74.16M (Peak 74.16M) | Time:00:00.06 | Mem:0.00M, Peak:0.00M | Scene, ViewLayer | Synchronizing object | door-right-front-b
Fra:1 Mem:74.19M (Peak 74.19M) | Time:00:00.06 | Mem:0.00M, Peak:0.00M | Scene, ViewLayer | Synchronizing object | door-left-rear-b.003
Fra:1 Mem:74.18M (Peak 74.19M) | Time:00:00.06 | Mem:0.00M, Peak:0.00M | Scene, ViewLayer | Synchronizing object | door-right-rear-a
Fra:1 Mem:74.20M (Peak 74.20M) | Time:00:00.06 | Mem:0.00M, Peak:0.00M | Scene, ViewLayer | Synchronizing object | door-left-rear-a.003
Fra:1 Mem:74.21M (Peak 74.21M) | Time:00:00.06 | Mem:0.00M, Peak:0.00M | Scene, ViewLayer | Synchronizing object | door-right-rear-b
Fra:1 Mem:74.22M (Peak 74.22M) | Time:00:00.06 | Mem:0.00M, Peak:0.00M | Scene, ViewLayer | Synchronizing object | door-left-front-b.003
Fra:1 Mem:74.23M (Peak 74.23M) | Time:00:00.06 | Mem:0.00M, Peak:0.00M | Scene, ViewLayer | Synchronizing object | glass
Fra:1 Mem:74.22M (Peak 74.23M) | Time:00:00.06 | Mem:0.00M, Peak:0.00M | Scene, ViewLayer | Synchronizing object | door-left-front-a.003
Fra:1 Mem:74.25M (Peak 74.25M) | Time:00:00.06 | Mem:0.00M, Peak:0.00M | Scene, ViewLayer | Synchronizing object | door-left-center-b.003
Fra:1 Mem:74.26M (Peak 74.26M) | Time:00:00.06 | Mem:0.00M, Peak:0.00M | Scene, ViewLayer | Synchronizing object | door-left-center-a.003
Fra:1 Mem:74.26M (Peak 74.26M) | Time:00:00.06 | Mem:0.00M, Peak:0.00M | Scene, ViewLayer | Synchronizing object | lights
Fra:1 Mem:74.28M (Peak 74.28M) | Time:00:00.06 | Mem:0.00M, Peak:0.00M | Scene, ViewLayer | Synchronizing object | wheel-front-front-left
Fra:1 Mem:74.28M (Peak 74.28M) | Time:00:00.06 | Mem:0.00M, Peak:0.00M | Scene, ViewLayer | Synchronizing object | bogie-rear-frame.003
Fra:1 Mem:74.29M (Peak 74.29M) | Time:00:00.06 | Mem:0.00M, Peak:0.00M | Scene, ViewLayer | Synchronizing object | bogie-front-frame.003
Fra:1 Mem:74.29M (Peak 74.29M) | Time:00:00.06 | Mem:0.00M, Peak:0.00M | Scene, ViewLayer | Synchronizing object | wheel-front-front-right
Fra:1 Mem:74.30M (Peak 74.30M) | Time:00:00.06 | Mem:0.00M, Peak:0.00M | Scene, ViewLayer | Synchronizing object | body-shell.003
Fra:1 Mem:74.30M (Peak 74.30M) | Time:00:00.06 | Mem:0.00M, Peak:0.00M | Scene, ViewLayer | Synchronizing object | wheel-front-rear-left
Fra:1 Mem:74.60M (Peak 74.60M) | Time:00:00.06 | Mem:0.00M, Peak:0.00M | Scene, ViewLayer | Synchronizing object | wheel-front-rear-right
Fra:1 Mem:74.62M (Peak 74.62M) | Time:00:00.06 | Mem:0.00M, Peak:0.00M | Scene, ViewLayer | Synchronizing object | wheel-rear-front-left
Fra:1 Mem:74.66M (Peak 74.66M) | Time:00:00.06 | Mem:0.00M, Peak:0.00M | Scene, ViewLayer | Synchronizing object | wheel-rear-front-right
Fra:1 Mem:74.42M (Peak 74.66M) | Time:00:00.06 | Mem:0.00M, Peak:0.00M | Scene, ViewLayer | Synchronizing object | wheel-rear-rear-left
Fra:1 Mem:74.47M (Peak 74.66M) | Time:00:00.06 | Mem:0.00M, Peak:0.00M | Scene, ViewLayer | Synchronizing object | wheel-rear-rear-right
Fra:1 Mem:74.47M (Peak 74.66M) | Time:00:00.06 | Mem:0.00M, Peak:0.00M | Scene, ViewLayer | Synchronizing object | interior-batch-metro-wall
Fra:1 Mem:74.50M (Peak 74.66M) | Time:00:00.06 | Mem:0.00M, Peak:0.00M | Scene, ViewLayer | Synchronizing object | interior-batch-metro-floor
Fra:1 Mem:74.63M (Peak 74.66M) | Time:00:00.06 | Mem:0.00M, Peak:0.00M | Scene, ViewLayer | Synchronizing object | interior-batch-metro-rail
Fra:1 Mem:74.54M (Peak 74.66M) | Time:00:00.06 | Mem:0.00M, Peak:0.00M | Scene, ViewLayer | Synchronizing object | interior-batch-metro-seat.002
Fra:1 Mem:74.59M (Peak 74.66M) | Time:00:00.06 | Mem:0.00M, Peak:0.00M | Scene, ViewLayer | Synchronizing object | interior-batch-metro-screen
Fra:1 Mem:74.56M (Peak 74.66M) | Time:00:00.06 | Mem:0.00M, Peak:0.00M | Scene, ViewLayer | Synchronizing object | interior-batch-metro-priority-seat
Fra:1 Mem:74.56M (Peak 74.66M) | Time:00:00.06 | Mem:0.00M, Peak:0.00M | Scene, ViewLayer | Synchronizing object | interior-batch-metro-seat
Fra:1 Mem:74.65M (Peak 74.66M) | Time:00:00.06 | Mem:0.00M, Peak:0.00M | Scene, ViewLayer | Synchronizing object | interior-batch-metro-priority-seat.002
Fra:1 Mem:74.58M (Peak 74.66M) | Time:00:00.06 | Mem:0.00M, Peak:0.00M | Scene, ViewLayer | Synchronizing object | interior-batch-metro-screen.002
Fra:1 Mem:74.66M (Peak 74.66M) | Time:00:00.06 | Mem:0.00M, Peak:0.00M | Scene, ViewLayer | Synchronizing object | interior-batch-metro-rail.002
Fra:1 Mem:74.68M (Peak 74.68M) | Time:00:00.06 | Mem:0.00M, Peak:0.00M | Scene, ViewLayer | Synchronizing object | body-shell.001
Fra:1 Mem:74.95M (Peak 74.95M) | Time:00:00.06 | Mem:0.00M, Peak:0.00M | Scene, ViewLayer | Synchronizing object | interior-batch-metro-floor.002
Fra:1 Mem:74.95M (Peak 74.95M) | Time:00:00.06 | Mem:0.00M, Peak:0.00M | Scene, ViewLayer | Synchronizing object | interior-batch-metro-wall.002
Fra:1 Mem:75.04M (Peak 75.04M) | Time:00:00.06 | Mem:0.00M, Peak:0.00M | Scene, ViewLayer | Synchronizing object | wheel-rear-rear-right.002
Fra:1 Mem:74.80M (Peak 75.04M) | Time:00:00.06 | Mem:0.00M, Peak:0.00M | Scene, ViewLayer | Synchronizing object | wheel-rear-rear-left.002
Fra:1 Mem:74.84M (Peak 75.04M) | Time:00:00.06 | Mem:0.00M, Peak:0.00M | Scene, ViewLayer | Synchronizing object | wheel-rear-front-right.002
Fra:1 Mem:74.84M (Peak 75.04M) | Time:00:00.06 | Mem:0.00M, Peak:0.00M | Scene, ViewLayer | Synchronizing object | wheel-rear-front-left.002
Fra:1 Mem:74.99M (Peak 75.04M) | Time:00:00.06 | Mem:0.00M, Peak:0.00M | Scene, ViewLayer | Synchronizing object | wheel-front-rear-right.002
Fra:1 Mem:75.00M (Peak 75.04M) | Time:00:00.06 | Mem:0.00M, Peak:0.00M | Scene, ViewLayer | Synchronizing object | wheel-front-rear-left.002
Fra:1 Mem:75.00M (Peak 75.04M) | Time:00:00.06 | Mem:0.00M, Peak:0.00M | Scene, ViewLayer | Synchronizing object | wheel-front-front-right.002
Fra:1 Mem:74.99M (Peak 75.04M) | Time:00:00.06 | Mem:0.00M, Peak:0.00M | Scene, ViewLayer | Synchronizing object | wheel-front-front-left.002
Fra:1 Mem:74.87M (Peak 75.04M) | Time:00:00.06 | Mem:0.00M, Peak:0.00M | Scene, ViewLayer | Synchronizing object | glass.002
Fra:1 Mem:74.90M (Peak 75.04M) | Time:00:00.06 | Mem:0.00M, Peak:0.00M | Scene, ViewLayer | Synchronizing object | bogie-front-frame.001
Fra:1 Mem:74.89M (Peak 75.04M) | Time:00:00.06 | Mem:0.00M, Peak:0.00M | Scene, ViewLayer | Synchronizing object | bogie-rear-frame.001
Fra:1 Mem:74.86M (Peak 75.04M) | Time:00:00.06 | Mem:0.00M, Peak:0.00M | Scene, ViewLayer | Synchronizing object | door-left-center-a.001
Fra:1 Mem:74.86M (Peak 75.04M) | Time:00:00.06 | Mem:0.00M, Peak:0.00M | Scene, ViewLayer | Synchronizing object | door-right-rear-b.002
Fra:1 Mem:74.89M (Peak 75.04M) | Time:00:00.06 | Mem:0.00M, Peak:0.00M | Scene, ViewLayer | Synchronizing object | door-left-center-b.001
Fra:1 Mem:74.88M (Peak 75.04M) | Time:00:00.06 | Mem:0.00M, Peak:0.00M | Scene, ViewLayer | Synchronizing object | door-right-rear-a.002
Fra:1 Mem:74.91M (Peak 75.04M) | Time:00:00.06 | Mem:0.00M, Peak:0.00M | Scene, ViewLayer | Synchronizing object | door-left-front-a.001
Fra:1 Mem:74.90M (Peak 75.04M) | Time:00:00.06 | Mem:0.00M, Peak:0.00M | Scene, ViewLayer | Synchronizing object | door-right-front-b.002
Fra:1 Mem:74.91M (Peak 75.04M) | Time:00:00.06 | Mem:0.00M, Peak:0.00M | Scene, ViewLayer | Synchronizing object | door-left-front-b.001
Fra:1 Mem:74.92M (Peak 75.04M) | Time:00:00.06 | Mem:0.00M, Peak:0.00M | Scene, ViewLayer | Synchronizing object | door-right-front-a.002
Fra:1 Mem:74.95M (Peak 75.04M) | Time:00:00.06 | Mem:0.00M, Peak:0.00M | Scene, ViewLayer | Synchronizing object | door-left-rear-a.001
Fra:1 Mem:74.94M (Peak 75.04M) | Time:00:00.06 | Mem:0.00M, Peak:0.00M | Scene, ViewLayer | Synchronizing object | door-right-center-b.002
Fra:1 Mem:74.96M (Peak 75.04M) | Time:00:00.06 | Mem:0.00M, Peak:0.00M | Scene, ViewLayer | Synchronizing object | door-left-rear-b.001
Fra:1 Mem:74.96M (Peak 75.04M) | Time:00:00.06 | Mem:0.00M, Peak:0.00M | Scene, ViewLayer | Synchronizing object | door-right-center-a.002
Fra:1 Mem:74.98M (Peak 75.04M) | Time:00:00.06 | Mem:0.00M, Peak:0.00M | Scene, ViewLayer | Synchronizing object | door-right-center-a.001
Fra:1 Mem:74.98M (Peak 75.04M) | Time:00:00.06 | Mem:0.00M, Peak:0.00M | Scene, ViewLayer | Synchronizing object | door-left-rear-b.002
Fra:1 Mem:74.99M (Peak 75.04M) | Time:00:00.06 | Mem:0.00M, Peak:0.00M | Scene, ViewLayer | Synchronizing object | door-right-center-b.001
Fra:1 Mem:75.00M (Peak 75.04M) | Time:00:00.06 | Mem:0.00M, Peak:0.00M | Scene, ViewLayer | Synchronizing object | door-left-rear-a.002
Fra:1 Mem:75.03M (Peak 75.04M) | Time:00:00.06 | Mem:0.00M, Peak:0.00M | Scene, ViewLayer | Synchronizing object | door-right-front-a.001
Fra:1 Mem:75.02M (Peak 75.04M) | Time:00:00.06 | Mem:0.00M, Peak:0.00M | Scene, ViewLayer | Synchronizing object | door-left-front-b.002
Fra:1 Mem:75.05M (Peak 75.05M) | Time:00:00.06 | Mem:0.00M, Peak:0.00M | Scene, ViewLayer | Synchronizing object | door-right-front-b.001
Fra:1 Mem:75.04M (Peak 75.05M) | Time:00:00.06 | Mem:0.00M, Peak:0.00M | Scene, ViewLayer | Synchronizing object | door-left-front-a.002
Fra:1 Mem:75.07M (Peak 75.07M) | Time:00:00.06 | Mem:0.00M, Peak:0.00M | Scene, ViewLayer | Synchronizing object | door-right-rear-a.001
Fra:1 Mem:75.06M (Peak 75.07M) | Time:00:00.06 | Mem:0.00M, Peak:0.00M | Scene, ViewLayer | Synchronizing object | door-left-center-b.002
Fra:1 Mem:75.07M (Peak 75.07M) | Time:00:00.06 | Mem:0.00M, Peak:0.00M | Scene, ViewLayer | Synchronizing object | door-right-rear-b.001
Fra:1 Mem:75.08M (Peak 75.08M) | Time:00:00.06 | Mem:0.00M, Peak:0.00M | Scene, ViewLayer | Synchronizing object | door-left-center-a.002
Fra:1 Mem:75.09M (Peak 75.09M) | Time:00:00.06 | Mem:0.00M, Peak:0.00M | Scene, ViewLayer | Synchronizing object | glass.001
Fra:1 Mem:75.09M (Peak 75.09M) | Time:00:00.06 | Mem:0.00M, Peak:0.00M | Scene, ViewLayer | Synchronizing object | bogie-rear-frame.002
Fra:1 Mem:75.15M (Peak 75.15M) | Time:00:00.06 | Mem:0.00M, Peak:0.00M | Scene, ViewLayer | Synchronizing object | bogie-front-frame.002
Fra:1 Mem:75.17M (Peak 75.17M) | Time:00:00.06 | Mem:0.00M, Peak:0.00M | Scene, ViewLayer | Synchronizing object | body-shell.002
Fra:1 Mem:75.44M (Peak 75.44M) | Time:00:00.06 | Mem:0.00M, Peak:0.00M | Scene, ViewLayer | Synchronizing object | wheel-front-front-left.001
Fra:1 Mem:75.51M (Peak 75.51M) | Time:00:00.06 | Mem:0.00M, Peak:0.00M | Scene, ViewLayer | Synchronizing object | wheel-front-front-right.001
Fra:1 Mem:75.52M (Peak 75.52M) | Time:00:00.06 | Mem:0.00M, Peak:0.00M | Scene, ViewLayer | Synchronizing object | wheel-front-rear-left.001
Fra:1 Mem:75.28M (Peak 75.52M) | Time:00:00.06 | Mem:0.00M, Peak:0.00M | Scene, ViewLayer | Synchronizing object | wheel-front-rear-right.001
Fra:1 Mem:75.31M (Peak 75.52M) | Time:00:00.06 | Mem:0.00M, Peak:0.00M | Scene, ViewLayer | Synchronizing object | wheel-rear-front-left.001
Fra:1 Mem:75.46M (Peak 75.52M) | Time:00:00.06 | Mem:0.00M, Peak:0.00M | Scene, ViewLayer | Synchronizing object | wheel-rear-front-right.001
Fra:1 Mem:75.46M (Peak 75.52M) | Time:00:00.06 | Mem:0.00M, Peak:0.00M | Scene, ViewLayer | Synchronizing object | wheel-rear-rear-left.001
Fra:1 Mem:75.47M (Peak 75.52M) | Time:00:00.06 | Mem:0.00M, Peak:0.00M | Scene, ViewLayer | Synchronizing object | wheel-rear-rear-right.001
Fra:1 Mem:75.41M (Peak 75.52M) | Time:00:00.06 | Mem:0.00M, Peak:0.00M | Scene, ViewLayer | Synchronizing object | interior-batch-metro-wall.001
Fra:1 Mem:75.32M (Peak 75.52M) | Time:00:00.06 | Mem:0.00M, Peak:0.00M | Scene, ViewLayer | Synchronizing object | interior-batch-metro-seat.001
Fra:1 Mem:75.33M (Peak 75.52M) | Time:00:00.06 | Mem:0.00M, Peak:0.00M | Scene, ViewLayer | Synchronizing object | interior-batch-metro-floor.001
Fra:1 Mem:75.44M (Peak 75.52M) | Time:00:00.06 | Mem:0.00M, Peak:0.00M | Scene, ViewLayer | Synchronizing object | interior-batch-metro-rail.001
Fra:1 Mem:75.42M (Peak 75.52M) | Time:00:00.06 | Mem:0.00M, Peak:0.00M | Scene, ViewLayer | Synchronizing object | interior-batch-metro-priority-seat.001
Fra:1 Mem:75.41M (Peak 75.52M) | Time:00:00.06 | Mem:0.00M, Peak:0.00M | Scene, ViewLayer | Synchronizing object | interior-batch-metro-screen.001
Fra:1 Mem:75.40M (Peak 75.52M) | Time:00:00.06 | Mem:0.00M, Peak:0.00M | Scene, ViewLayer | Initializing
Fra:1 Mem:50.97M (Peak 75.52M) | Time:00:00.07 | Mem:0.00M, Peak:0.00M | Scene, ViewLayer | Waiting for render to start
Fra:1 Mem:50.97M (Peak 75.52M) | Time:00:00.07 | Mem:0.00M, Peak:0.00M | Scene, ViewLayer | Loading render kernels (may take a few minutes the first time)
Fra:1 Mem:50.97M (Peak 75.52M) | Time:00:00.07 | Mem:0.00M, Peak:0.00M | Scene, ViewLayer | Updating Scene
Fra:1 Mem:50.97M (Peak 75.52M) | Time:00:00.07 | Mem:0.00M, Peak:0.00M | Scene, ViewLayer | Updating Shaders
Fra:1 Mem:51.16M (Peak 75.52M) | Time:00:00.07 | Mem:0.11M, Peak:0.11M | Scene, ViewLayer | Updating Procedurals
Fra:1 Mem:51.16M (Peak 75.52M) | Time:00:00.07 | Mem:0.11M, Peak:0.11M | Scene, ViewLayer | Updating Background
Fra:1 Mem:51.16M (Peak 75.52M) | Time:00:00.07 | Mem:0.11M, Peak:0.11M | Scene, ViewLayer | Updating Camera
Fra:1 Mem:51.16M (Peak 75.52M) | Time:00:00.07 | Mem:0.11M, Peak:0.11M | Scene, ViewLayer | Updating Meshes Flags
Fra:1 Mem:51.16M (Peak 75.52M) | Time:00:00.07 | Mem:0.11M, Peak:0.11M | Scene, ViewLayer | Updating Objects
Fra:1 Mem:51.16M (Peak 75.52M) | Time:00:00.07 | Mem:0.11M, Peak:0.11M | Scene, ViewLayer | Updating Objects | Copying Transformations to device
Fra:1 Mem:51.24M (Peak 75.52M) | Time:00:00.07 | Mem:0.19M, Peak:0.19M | Scene, ViewLayer | Updating Objects | Applying Static Transformations
Fra:1 Mem:51.24M (Peak 75.52M) | Time:00:00.07 | Mem:0.19M, Peak:0.19M | Scene, ViewLayer | Updating Particle Systems
Fra:1 Mem:51.24M (Peak 75.52M) | Time:00:00.07 | Mem:0.19M, Peak:0.19M | Scene, ViewLayer | Updating Particle Systems | Copying Particles to device
Fra:1 Mem:51.24M (Peak 75.52M) | Time:00:00.07 | Mem:0.19M, Peak:0.19M | Scene, ViewLayer | Updating Meshes
Fra:1 Mem:51.47M (Peak 75.52M) | Time:00:00.07 | Mem:0.19M, Peak:0.19M | Scene, ViewLayer | Updating Mesh | Computing attributes
Fra:1 Mem:52.10M (Peak 75.52M) | Time:00:00.07 | Mem:0.21M, Peak:0.21M | Scene, ViewLayer | Updating Mesh | Copying Attributes to device
Fra:1 Mem:52.04M (Peak 75.52M) | Time:00:00.07 | Mem:0.76M, Peak:0.76M | Scene, ViewLayer | Updating Scene BVH | Building
Fra:1 Mem:52.04M (Peak 75.52M) | Time:00:00.07 | Mem:0.76M, Peak:0.76M | Scene, ViewLayer | Updating Scene BVH | Building BVH
Fra:1 Mem:52.04M (Peak 75.52M) | Time:00:00.07 | Mem:1.21M, Peak:1.21M | Scene, ViewLayer | Updating Scene BVH | Building BVH 0%
Fra:1 Mem:52.04M (Peak 75.52M) | Time:00:00.08 | Mem:1.75M, Peak:2.19M | Scene, ViewLayer | Updating Scene BVH | Copying BVH to device
Fra:1 Mem:52.04M (Peak 75.52M) | Time:00:00.08 | Mem:1.75M, Peak:2.19M | Scene, ViewLayer | Updating Mesh | Computing normals
Fra:1 Mem:53.60M (Peak 75.52M) | Time:00:00.08 | Mem:1.75M, Peak:2.19M | Scene, ViewLayer | Updating Mesh | Copying Mesh to device
Fra:1 Mem:53.60M (Peak 75.52M) | Time:00:00.08 | Mem:3.30M, Peak:3.30M | Scene, ViewLayer | Updating Objects Flags
Fra:1 Mem:53.60M (Peak 75.52M) | Time:00:00.08 | Mem:3.31M, Peak:3.31M | Scene, ViewLayer | Updating Primitive Offsets
Fra:1 Mem:53.61M (Peak 75.52M) | Time:00:00.08 | Mem:3.31M, Peak:3.31M | Scene, ViewLayer | Updating Images
Fra:1 Mem:53.61M (Peak 75.52M) | Time:00:00.08 | Mem:3.31M, Peak:3.31M | Scene, ViewLayer | Updating Camera Volume
Fra:1 Mem:53.61M (Peak 75.52M) | Time:00:00.08 | Mem:3.31M, Peak:3.31M | Scene, ViewLayer | Updating Lookup Tables
Fra:1 Mem:53.61M (Peak 75.52M) | Time:00:00.08 | Mem:3.39M, Peak:3.39M | Scene, ViewLayer | Updating Lights
Fra:1 Mem:53.61M (Peak 75.52M) | Time:00:00.08 | Mem:3.39M, Peak:3.39M | Scene, ViewLayer | Updating Lights | Computing tree
Fra:1 Mem:53.62M (Peak 75.52M) | Time:00:00.08 | Mem:3.40M, Peak:3.40M | Scene, ViewLayer | Updating Integrator
Fra:1 Mem:53.62M (Peak 75.52M) | Time:00:00.08 | Mem:3.40M, Peak:3.40M | Scene, ViewLayer | Updating Film
Fra:1 Mem:53.62M (Peak 75.52M) | Time:00:00.08 | Mem:3.32M, Peak:3.40M | Scene, ViewLayer | Updating Lookup Tables
Fra:1 Mem:53.62M (Peak 75.52M) | Time:00:00.08 | Mem:3.41M, Peak:3.41M | Scene, ViewLayer | Updating Baking
Fra:1 Mem:53.62M (Peak 75.52M) | Time:00:00.08 | Mem:3.41M, Peak:3.41M | Scene, ViewLayer | Updating Device | Writing constant memory
Fra:1 Mem:53.63M (Peak 75.52M) | Time:00:00.08 | Mem:3.41M, Peak:3.41M | Scene, ViewLayer | Sample 0/32
Fra:1 Mem:67.37M (Peak 75.52M) | Time:00:00.63 | Remaining:00:16.99 | Mem:17.14M, Peak:17.14M | Scene, ViewLayer | Sample 1/32
Fra:1 Mem:73.48M (Peak 85.68M) | Time:00:16.57 | Mem:17.14M, Peak:17.14M | Scene, ViewLayer | Sample 32/32
Fra:1 Mem:73.48M (Peak 85.68M) | Time:00:16.57 | Mem:17.14M, Peak:17.14M | Scene, ViewLayer | Finished
Saved: '/workspace/scratch/7c20b5ba4165/atlas-backlog-oct3/tools/assets/transit-station-spaces/qa/previews/platform-human-scale.png'
Time: 00:16.63 (Saving: 00:00.05)

Fra:1 Mem:73.23M (Peak 73.23M) | Time:00:00.06 | Mem:0.00M, Peak:0.00M | Scene, ViewLayer | Synchronizing object | platform-foundation
Fra:1 Mem:73.24M (Peak 73.24M) | Time:00:00.06 | Mem:0.00M, Peak:0.00M | Scene, ViewLayer | Synchronizing object | platform-deck
Fra:1 Mem:73.24M (Peak 73.24M) | Time:00:00.06 | Mem:0.00M, Peak:0.00M | Scene, ViewLayer | Synchronizing object | platform-edge-cap
Fra:1 Mem:73.24M (Peak 73.24M) | Time:00:00.06 | Mem:0.00M, Peak:0.00M | Scene, ViewLayer | Synchronizing object | tactile-band
Fra:1 Mem:73.25M (Peak 73.25M) | Time:00:00.06 | Mem:0.00M, Peak:0.00M | Scene, ViewLayer | Synchronizing object | platform-foundation.001
Fra:1 Mem:73.25M (Peak 73.25M) | Time:00:00.06 | Mem:0.00M, Peak:0.00M | Scene, ViewLayer | Synchronizing object | platform-deck.001
Fra:1 Mem:73.25M (Peak 73.25M) | Time:00:00.06 | Mem:0.00M, Peak:0.00M | Scene, ViewLayer | Synchronizing object | platform-edge-cap.001
Fra:1 Mem:73.25M (Peak 73.25M) | Time:00:00.06 | Mem:0.00M, Peak:0.00M | Scene, ViewLayer | Synchronizing object | tactile-band.001
Fra:1 Mem:73.25M (Peak 73.25M) | Time:00:00.06 | Mem:0.00M, Peak:0.00M | Scene, ViewLayer | Synchronizing object | platform-foundation.002
Fra:1 Mem:73.26M (Peak 73.26M) | Time:00:00.06 | Mem:0.00M, Peak:0.00M | Scene, ViewLayer | Synchronizing object | platform-deck.002
Fra:1 Mem:73.26M (Peak 73.26M) | Time:00:00.06 | Mem:0.00M, Peak:0.00M | Scene, ViewLayer | Synchronizing object | platform-edge-cap.002
Fra:1 Mem:73.26M (Peak 73.26M) | Time:00:00.06 | Mem:0.00M, Peak:0.00M | Scene, ViewLayer | Synchronizing object | tactile-band.002
Fra:1 Mem:73.26M (Peak 73.26M) | Time:00:00.06 | Mem:0.00M, Peak:0.00M | Scene, ViewLayer | Synchronizing object | platform-foundation.003
Fra:1 Mem:73.26M (Peak 73.26M) | Time:00:00.06 | Mem:0.00M, Peak:0.00M | Scene, ViewLayer | Synchronizing object | platform-deck.003
Fra:1 Mem:73.27M (Peak 73.27M) | Time:00:00.06 | Mem:0.00M, Peak:0.00M | Scene, ViewLayer | Synchronizing object | platform-edge-cap.003
Fra:1 Mem:73.27M (Peak 73.27M) | Time:00:00.06 | Mem:0.00M, Peak:0.00M | Scene, ViewLayer | Synchronizing object | tactile-band.003
Fra:1 Mem:73.27M (Peak 73.27M) | Time:00:00.06 | Mem:0.00M, Peak:0.00M | Scene, ViewLayer | Synchronizing object | platform-foundation.004
Fra:1 Mem:73.27M (Peak 73.27M) | Time:00:00.06 | Mem:0.00M, Peak:0.00M | Scene, ViewLayer | Synchronizing object | platform-deck.004
Fra:1 Mem:73.28M (Peak 73.28M) | Time:00:00.06 | Mem:0.00M, Peak:0.00M | Scene, ViewLayer | Synchronizing object | platform-edge-cap.004
Fra:1 Mem:73.28M (Peak 73.28M) | Time:00:00.06 | Mem:0.00M, Peak:0.00M | Scene, ViewLayer | Synchronizing object | tactile-band.004
Fra:1 Mem:73.28M (Peak 73.28M) | Time:00:00.06 | Mem:0.00M, Peak:0.00M | Scene, ViewLayer | Synchronizing object | platform-foundation.005
Fra:1 Mem:73.28M (Peak 73.28M) | Time:00:00.06 | Mem:0.00M, Peak:0.00M | Scene, ViewLayer | Synchronizing object | platform-deck.005
Fra:1 Mem:73.29M (Peak 73.29M) | Time:00:00.06 | Mem:0.00M, Peak:0.00M | Scene, ViewLayer | Synchronizing object | platform-edge-cap.005
Fra:1 Mem:73.29M (Peak 73.29M) | Time:00:00.06 | Mem:0.00M, Peak:0.00M | Scene, ViewLayer | Synchronizing object | tactile-band.005
Fra:1 Mem:73.29M (Peak 73.29M) | Time:00:00.06 | Mem:0.00M, Peak:0.00M | Scene, ViewLayer | Synchronizing object | platform-foundation.006
Fra:1 Mem:73.29M (Peak 73.29M) | Time:00:00.06 | Mem:0.00M, Peak:0.00M | Scene, ViewLayer | Synchronizing object | platform-deck.006
Fra:1 Mem:73.29M (Peak 73.29M) | Time:00:00.06 | Mem:0.00M, Peak:0.00M | Scene, ViewLayer | Synchronizing object | platform-edge-cap.006
Fra:1 Mem:73.30M (Peak 73.30M) | Time:00:00.06 | Mem:0.00M, Peak:0.00M | Scene, ViewLayer | Synchronizing object | tactile-band.006
Fra:1 Mem:73.30M (Peak 73.30M) | Time:00:00.06 | Mem:0.00M, Peak:0.00M | Scene, ViewLayer | Synchronizing object | platform-foundation.007
Fra:1 Mem:73.30M (Peak 73.30M) | Time:00:00.06 | Mem:0.00M, Peak:0.00M | Scene, ViewLayer | Synchronizing object | platform-deck.007
Fra:1 Mem:73.30M (Peak 73.30M) | Time:00:00.06 | Mem:0.00M, Peak:0.00M | Scene, ViewLayer | Synchronizing object | platform-edge-cap.007
Fra:1 Mem:73.30M (Peak 73.30M) | Time:00:00.06 | Mem:0.00M, Peak:0.00M | Scene, ViewLayer | Synchronizing object | tactile-band.007
Fra:1 Mem:73.31M (Peak 73.31M) | Time:00:00.06 | Mem:0.00M, Peak:0.00M | Scene, ViewLayer | Synchronizing object | platform-foundation.008
Fra:1 Mem:73.31M (Peak 73.31M) | Time:00:00.06 | Mem:0.00M, Peak:0.00M | Scene, ViewLayer | Synchronizing object | platform-deck.008
Fra:1 Mem:73.31M (Peak 73.31M) | Time:00:00.06 | Mem:0.00M, Peak:0.00M | Scene, ViewLayer | Synchronizing object | platform-edge-cap.008
Fra:1 Mem:73.31M (Peak 73.31M) | Time:00:00.06 | Mem:0.00M, Peak:0.00M | Scene, ViewLayer | Synchronizing object | tactile-band.008
Fra:1 Mem:73.33M (Peak 73.33M) | Time:00:00.06 | Mem:0.00M, Peak:0.00M | Scene, ViewLayer | Synchronizing object | platform-foundation.009
Fra:1 Mem:73.33M (Peak 73.33M) | Time:00:00.06 | Mem:0.00M, Peak:0.00M | Scene, ViewLayer | Synchronizing object | platform-deck.009
Fra:1 Mem:73.33M (Peak 73.33M) | Time:00:00.06 | Mem:0.00M, Peak:0.00M | Scene, ViewLayer | Synchronizing object | platform-edge-cap.009
Fra:1 Mem:73.34M (Peak 73.34M) | Time:00:00.06 | Mem:0.00M, Peak:0.00M | Scene, ViewLayer | Synchronizing object | tactile-band.009
Fra:1 Mem:73.34M (Peak 73.34M) | Time:00:00.06 | Mem:0.00M, Peak:0.00M | Scene, ViewLayer | Synchronizing object | platform-foundation.010
Fra:1 Mem:73.34M (Peak 73.34M) | Time:00:00.06 | Mem:0.00M, Peak:0.00M | Scene, ViewLayer | Synchronizing object | platform-deck.010
Fra:1 Mem:73.34M (Peak 73.34M) | Time:00:00.06 | Mem:0.00M, Peak:0.00M | Scene, ViewLayer | Synchronizing object | platform-edge-cap.010
Fra:1 Mem:73.35M (Peak 73.35M) | Time:00:00.06 | Mem:0.00M, Peak:0.00M | Scene, ViewLayer | Synchronizing object | tactile-band.010
Fra:1 Mem:73.35M (Peak 73.35M) | Time:00:00.06 | Mem:0.00M, Peak:0.00M | Scene, ViewLayer | Synchronizing object | platform-foundation.011
Fra:1 Mem:73.35M (Peak 73.35M) | Time:00:00.06 | Mem:0.00M, Peak:0.00M | Scene, ViewLayer | Synchronizing object | platform-deck.011
Fra:1 Mem:73.35M (Peak 73.35M) | Time:00:00.06 | Mem:0.00M, Peak:0.00M | Scene, ViewLayer | Synchronizing object | platform-edge-cap.011
Fra:1 Mem:73.36M (Peak 73.36M) | Time:00:00.06 | Mem:0.00M, Peak:0.00M | Scene, ViewLayer | Synchronizing object | tactile-band.011
Fra:1 Mem:73.36M (Peak 73.36M) | Time:00:00.06 | Mem:0.00M, Peak:0.00M | Scene, ViewLayer | Synchronizing object | platform-foundation.012
Fra:1 Mem:73.36M (Peak 73.36M) | Time:00:00.06 | Mem:0.00M, Peak:0.00M | Scene, ViewLayer | Synchronizing object | platform-deck.012
Fra:1 Mem:73.36M (Peak 73.36M) | Time:00:00.06 | Mem:0.00M, Peak:0.00M | Scene, ViewLayer | Synchronizing object | platform-edge-cap.012
Fra:1 Mem:73.37M (Peak 73.37M) | Time:00:00.06 | Mem:0.00M, Peak:0.00M | Scene, ViewLayer | Synchronizing object | tactile-band.012
Fra:1 Mem:73.37M (Peak 73.37M) | Time:00:00.06 | Mem:0.00M, Peak:0.00M | Scene, ViewLayer | Synchronizing object | platform-foundation.013
Fra:1 Mem:73.37M (Peak 73.37M) | Time:00:00.06 | Mem:0.00M, Peak:0.00M | Scene, ViewLayer | Synchronizing object | platform-deck.013
Fra:1 Mem:73.37M (Peak 73.37M) | Time:00:00.06 | Mem:0.00M, Peak:0.00M | Scene, ViewLayer | Synchronizing object | platform-edge-cap.013
Fra:1 Mem:73.38M (Peak 73.38M) | Time:00:00.06 | Mem:0.00M, Peak:0.00M | Scene, ViewLayer | Synchronizing object | tactile-band.013
Fra:1 Mem:73.38M (Peak 73.38M) | Time:00:00.06 | Mem:0.00M, Peak:0.00M | Scene, ViewLayer | Synchronizing object | platform-foundation.014
Fra:1 Mem:73.39M (Peak 73.39M) | Time:00:00.06 | Mem:0.00M, Peak:0.00M | Scene, ViewLayer | Synchronizing object | platform-deck.014
Fra:1 Mem:73.39M (Peak 73.39M) | Time:00:00.06 | Mem:0.00M, Peak:0.00M | Scene, ViewLayer | Synchronizing object | platform-edge-cap.014
Fra:1 Mem:73.39M (Peak 73.39M) | Time:00:00.06 | Mem:0.00M, Peak:0.00M | Scene, ViewLayer | Synchronizing object | tactile-band.014
Fra:1 Mem:73.39M (Peak 73.39M) | Time:00:00.06 | Mem:0.00M, Peak:0.00M | Scene, ViewLayer | Synchronizing object | platform-foundation.015
Fra:1 Mem:73.40M (Peak 73.40M) | Time:00:00.06 | Mem:0.00M, Peak:0.00M | Scene, ViewLayer | Synchronizing object | platform-deck.015
Fra:1 Mem:73.40M (Peak 73.40M) | Time:00:00.06 | Mem:0.00M, Peak:0.00M | Scene, ViewLayer | Synchronizing object | platform-edge-cap.015
Fra:1 Mem:73.40M (Peak 73.40M) | Time:00:00.06 | Mem:0.00M, Peak:0.00M | Scene, ViewLayer | Synchronizing object | tactile-band.015
Fra:1 Mem:73.40M (Peak 73.40M) | Time:00:00.06 | Mem:0.00M, Peak:0.00M | Scene, ViewLayer | Synchronizing object | platform-foundation.016
Fra:1 Mem:73.41M (Peak 73.41M) | Time:00:00.06 | Mem:0.00M, Peak:0.00M | Scene, ViewLayer | Synchronizing object | platform-deck.016
Fra:1 Mem:73.42M (Peak 73.42M) | Time:00:00.06 | Mem:0.00M, Peak:0.00M | Scene, ViewLayer | Synchronizing object | platform-edge-cap.016
Fra:1 Mem:73.42M (Peak 73.42M) | Time:00:00.06 | Mem:0.00M, Peak:0.00M | Scene, ViewLayer | Synchronizing object | qa-ruler-tick.010
Fra:1 Mem:73.42M (Peak 73.42M) | Time:00:00.06 | Mem:0.00M, Peak:0.00M | Scene, ViewLayer | Synchronizing object | qa-ruler-tick.009
Fra:1 Mem:73.42M (Peak 73.42M) | Time:00:00.06 | Mem:0.00M, Peak:0.00M | Scene, ViewLayer | Synchronizing object | qa-ruler-tick.008
Fra:1 Mem:73.42M (Peak 73.42M) | Time:00:00.06 | Mem:0.00M, Peak:0.00M | Scene, ViewLayer | Synchronizing object | qa-ruler-tick.007
Fra:1 Mem:73.42M (Peak 73.42M) | Time:00:00.06 | Mem:0.00M, Peak:0.00M | Scene, ViewLayer | Synchronizing object | qa-ruler-tick.006
Fra:1 Mem:73.42M (Peak 73.42M) | Time:00:00.06 | Mem:0.00M, Peak:0.00M | Scene, ViewLayer | Synchronizing object | qa-ruler-tick.005
Fra:1 Mem:73.42M (Peak 73.42M) | Time:00:00.06 | Mem:0.00M, Peak:0.00M | Scene, ViewLayer | Synchronizing object | qa-ruler-tick.004
Fra:1 Mem:73.43M (Peak 73.43M) | Time:00:00.06 | Mem:0.00M, Peak:0.00M | Scene, ViewLayer | Synchronizing object | qa-ruler-tick.003
Fra:1 Mem:73.43M (Peak 73.43M) | Time:00:00.06 | Mem:0.00M, Peak:0.00M | Scene, ViewLayer | Synchronizing object | qa-ruler-tick.002
Fra:1 Mem:73.43M (Peak 73.43M) | Time:00:00.06 | Mem:0.00M, Peak:0.00M | Scene, ViewLayer | Synchronizing object | qa-ruler-tick.001
Fra:1 Mem:73.43M (Peak 73.43M) | Time:00:00.06 | Mem:0.00M, Peak:0.00M | Scene, ViewLayer | Synchronizing object | qa-ruler-tick
Fra:1 Mem:73.43M (Peak 73.43M) | Time:00:00.06 | Mem:0.00M, Peak:0.00M | Scene, ViewLayer | Synchronizing object | qa-one-metre-ruler
Fra:1 Mem:73.43M (Peak 73.43M) | Time:00:00.06 | Mem:0.00M, Peak:0.00M | Scene, ViewLayer | Synchronizing object | qa-human-head.001
Fra:1 Mem:73.43M (Peak 73.43M) | Time:00:00.06 | Mem:0.00M, Peak:0.00M | Scene, ViewLayer | Synchronizing object | qa-human-arm.003
Fra:1 Mem:73.45M (Peak 73.45M) | Time:00:00.07 | Mem:0.00M, Peak:0.00M | Scene, ViewLayer | Synchronizing object | qa-human-leg.003
Fra:1 Mem:73.47M (Peak 73.47M) | Time:00:00.07 | Mem:0.00M, Peak:0.00M | Scene, ViewLayer | Synchronizing object | qa-human-arm.002
Fra:1 Mem:73.49M (Peak 73.49M) | Time:00:00.07 | Mem:0.00M, Peak:0.00M | Scene, ViewLayer | Synchronizing object | platform-foundation.017
Fra:1 Mem:73.48M (Peak 73.49M) | Time:00:00.07 | Mem:0.00M, Peak:0.00M | Scene, ViewLayer | Synchronizing object | qa-human-leg.002
Fra:1 Mem:73.50M (Peak 73.50M) | Time:00:00.07 | Mem:0.00M, Peak:0.00M | Scene, ViewLayer | Synchronizing object | platform-deck.017
Fra:1 Mem:73.49M (Peak 73.50M) | Time:00:00.07 | Mem:0.00M, Peak:0.00M | Scene, ViewLayer | Synchronizing object | platform-edge-cap.017
Fra:1 Mem:73.52M (Peak 73.52M) | Time:00:00.07 | Mem:0.00M, Peak:0.00M | Scene, ViewLayer | Synchronizing object | tactile-band.017
Fra:1 Mem:73.52M (Peak 73.52M) | Time:00:00.07 | Mem:0.00M, Peak:0.00M | Scene, ViewLayer | Synchronizing object | qa-human-head
Fra:1 Mem:73.51M (Peak 73.52M) | Time:00:00.07 | Mem:0.00M, Peak:0.00M | Scene, ViewLayer | Synchronizing object | qa-human-arm.001
Fra:1 Mem:73.51M (Peak 73.52M) | Time:00:00.07 | Mem:0.00M, Peak:0.00M | Scene, ViewLayer | Synchronizing object | platform-foundation.018
Fra:1 Mem:73.55M (Peak 73.55M) | Time:00:00.07 | Mem:0.00M, Peak:0.00M | Scene, ViewLayer | Synchronizing object | platform-deck.018
Fra:1 Mem:73.54M (Peak 73.55M) | Time:00:00.07 | Mem:0.00M, Peak:0.00M | Scene, ViewLayer | Synchronizing object | qa-human-leg.001
Fra:1 Mem:73.55M (Peak 73.55M) | Time:00:00.07 | Mem:0.00M, Peak:0.00M | Scene, ViewLayer | Synchronizing object | platform-edge-cap.018
Fra:1 Mem:73.56M (Peak 73.56M) | Time:00:00.07 | Mem:0.00M, Peak:0.00M | Scene, ViewLayer | Synchronizing object | tactile-band.018
Fra:1 Mem:73.55M (Peak 73.56M) | Time:00:00.07 | Mem:0.00M, Peak:0.00M | Scene, ViewLayer | Synchronizing object | qa-human-arm
Fra:1 Mem:73.55M (Peak 73.56M) | Time:00:00.07 | Mem:0.00M, Peak:0.00M | Scene, ViewLayer | Synchronizing object | platform-foundation.019
Fra:1 Mem:73.58M (Peak 73.58M) | Time:00:00.07 | Mem:0.00M, Peak:0.00M | Scene, ViewLayer | Synchronizing object | platform-deck.019
Fra:1 Mem:73.57M (Peak 73.58M) | Time:00:00.07 | Mem:0.00M, Peak:0.00M | Scene, ViewLayer | Synchronizing object | qa-human-leg
Fra:1 Mem:73.57M (Peak 73.58M) | Time:00:00.07 | Mem:0.00M, Peak:0.00M | Scene, ViewLayer | Synchronizing object | platform-edge-cap.019
Fra:1 Mem:73.59M (Peak 73.59M) | Time:00:00.07 | Mem:0.00M, Peak:0.00M | Scene, ViewLayer | Synchronizing object | tactile-band.019
Fra:1 Mem:73.58M (Peak 73.59M) | Time:00:00.07 | Mem:0.00M, Peak:0.00M | Scene, ViewLayer | Synchronizing object | qa-human-torso
Fra:1 Mem:73.58M (Peak 73.59M) | Time:00:00.07 | Mem:0.00M, Peak:0.00M | Scene, ViewLayer | Synchronizing object | platform-foundation.020
Fra:1 Mem:73.61M (Peak 73.61M) | Time:00:00.07 | Mem:0.00M, Peak:0.00M | Scene, ViewLayer | Synchronizing object | platform-deck.020
Fra:1 Mem:73.60M (Peak 73.61M) | Time:00:00.07 | Mem:0.00M, Peak:0.00M | Scene, ViewLayer | Synchronizing object | qa-rail.001
Fra:1 Mem:73.59M (Peak 73.61M) | Time:00:00.07 | Mem:0.00M, Peak:0.00M | Scene, ViewLayer | Synchronizing object | qa-rail
Fra:1 Mem:73.59M (Peak 73.61M) | Time:00:00.07 | Mem:0.00M, Peak:0.00M | Scene, ViewLayer | Synchronizing object | platform-edge-cap.020
Fra:1 Mem:73.60M (Peak 73.61M) | Time:00:00.07 | Mem:0.00M, Peak:0.00M | Scene, ViewLayer | Synchronizing object | qa-ground
Fra:1 Mem:73.61M (Peak 73.61M) | Time:00:00.07 | Mem:0.00M, Peak:0.00M | Scene, ViewLayer | Synchronizing object | deck-grip-strip.035
Fra:1 Mem:73.61M (Peak 73.61M) | Time:00:00.07 | Mem:0.00M, Peak:0.00M | Scene, ViewLayer | Synchronizing object | tactile-band.020
Fra:1 Mem:73.61M (Peak 73.61M) | Time:00:00.07 | Mem:0.00M, Peak:0.00M | Scene, ViewLayer | Synchronizing object | deck-grip-strip.034
Fra:1 Mem:73.60M (Peak 73.61M) | Time:00:00.07 | Mem:0.00M, Peak:0.00M | Scene, ViewLayer | Synchronizing object | platform-foundation.021
Fra:1 Mem:73.61M (Peak 73.61M) | Time:00:00.07 | Mem:0.00M, Peak:0.00M | Scene, ViewLayer | Synchronizing object | deck-grip-strip.033
Fra:1 Mem:73.62M (Peak 73.62M) | Time:00:00.07 | Mem:0.00M, Peak:0.00M | Scene, ViewLayer | Synchronizing object | platform-deck.021
Fra:1 Mem:73.62M (Peak 73.62M) | Time:00:00.07 | Mem:0.00M, Peak:0.00M | Scene, ViewLayer | Synchronizing object | threshold-deck.011
Fra:1 Mem:73.62M (Peak 73.62M) | Time:00:00.07 | Mem:0.00M, Peak:0.00M | Scene, ViewLayer | Synchronizing object | platform-edge-cap.021
Fra:1 Mem:73.62M (Peak 73.62M) | Time:00:00.07 | Mem:0.00M, Peak:0.00M | Scene, ViewLayer | Synchronizing object | deck-grip-strip.032
Fra:1 Mem:73.62M (Peak 73.62M) | Time:00:00.07 | Mem:0.00M, Peak:0.00M | Scene, ViewLayer | Synchronizing object | tactile-band.021
Fra:1 Mem:73.62M (Peak 73.62M) | Time:00:00.07 | Mem:0.00M, Peak:0.00M | Scene, ViewLayer | Synchronizing object | deck-grip-strip.031
Fra:1 Mem:73.62M (Peak 73.62M) | Time:00:00.07 | Mem:0.00M, Peak:0.00M | Scene, ViewLayer | Synchronizing object | platform-foundation.022
Fra:1 Mem:73.63M (Peak 73.63M) | Time:00:00.07 | Mem:0.00M, Peak:0.00M | Scene, ViewLayer | Synchronizing object | deck-grip-strip.030
Fra:1 Mem:73.63M (Peak 73.63M) | Time:00:00.07 | Mem:0.00M, Peak:0.00M | Scene, ViewLayer | Synchronizing object | platform-deck.022
Fra:1 Mem:73.63M (Peak 73.63M) | Time:00:00.07 | Mem:0.00M, Peak:0.00M | Scene, ViewLayer | Synchronizing object | threshold-deck.010
Fra:1 Mem:73.64M (Peak 73.64M) | Time:00:00.07 | Mem:0.00M, Peak:0.00M | Scene, ViewLayer | Synchronizing object | platform-edge-cap.022
Fra:1 Mem:73.64M (Peak 73.64M) | Time:00:00.07 | Mem:0.00M, Peak:0.00M | Scene, ViewLayer | Synchronizing object | deck-grip-strip.029
Fra:1 Mem:73.63M (Peak 73.64M) | Time:00:00.07 | Mem:0.00M, Peak:0.00M | Scene, ViewLayer | Synchronizing object | tactile-band.022
Fra:1 Mem:73.64M (Peak 73.64M) | Time:00:00.07 | Mem:0.00M, Peak:0.00M | Scene, ViewLayer | Synchronizing object | deck-grip-strip.028
Fra:1 Mem:73.64M (Peak 73.64M) | Time:00:00.07 | Mem:0.00M, Peak:0.00M | Scene, ViewLayer | Synchronizing object | platform-foundation.023
Fra:1 Mem:73.65M (Peak 73.65M) | Time:00:00.07 | Mem:0.00M, Peak:0.00M | Scene, ViewLayer | Synchronizing object | deck-grip-strip.027
Fra:1 Mem:73.65M (Peak 73.65M) | Time:00:00.07 | Mem:0.00M, Peak:0.00M | Scene, ViewLayer | Synchronizing object | threshold-deck.009
Fra:1 Mem:73.65M (Peak 73.65M) | Time:00:00.07 | Mem:0.00M, Peak:0.00M | Scene, ViewLayer | Synchronizing object | deck-grip-strip.026
Fra:1 Mem:73.65M (Peak 73.65M) | Time:00:00.07 | Mem:0.00M, Peak:0.00M | Scene, ViewLayer | Synchronizing object | deck-grip-strip.025
Fra:1 Mem:73.65M (Peak 73.65M) | Time:00:00.07 | Mem:0.00M, Peak:0.00M | Scene, ViewLayer | Synchronizing object | deck-grip-strip.024
Fra:1 Mem:73.65M (Peak 73.65M) | Time:00:00.07 | Mem:0.00M, Peak:0.00M | Scene, ViewLayer | Synchronizing object | threshold-deck.008
Fra:1 Mem:73.66M (Peak 73.66M) | Time:00:00.07 | Mem:0.00M, Peak:0.00M | Scene, ViewLayer | Synchronizing object | deck-grip-strip.023
Fra:1 Mem:73.66M (Peak 73.66M) | Time:00:00.07 | Mem:0.00M, Peak:0.00M | Scene, ViewLayer | Synchronizing object | deck-grip-strip.022
Fra:1 Mem:73.66M (Peak 73.66M) | Time:00:00.07 | Mem:0.00M, Peak:0.00M | Scene, ViewLayer | Synchronizing object | deck-grip-strip.021
Fra:1 Mem:73.66M (Peak 73.66M) | Time:00:00.07 | Mem:0.00M, Peak:0.00M | Scene, ViewLayer | Synchronizing object | threshold-deck.007
Fra:1 Mem:73.67M (Peak 73.67M) | Time:00:00.07 | Mem:0.00M, Peak:0.00M | Scene, ViewLayer | Synchronizing object | deck-grip-strip.020
Fra:1 Mem:73.67M (Peak 73.67M) | Time:00:00.07 | Mem:0.00M, Peak:0.00M | Scene, ViewLayer | Synchronizing object | deck-grip-strip.019
Fra:1 Mem:73.67M (Peak 73.67M) | Time:00:00.07 | Mem:0.00M, Peak:0.00M | Scene, ViewLayer | Synchronizing object | deck-grip-strip.018
Fra:1 Mem:73.67M (Peak 73.67M) | Time:00:00.07 | Mem:0.00M, Peak:0.00M | Scene, ViewLayer | Synchronizing object | threshold-deck.006
Fra:1 Mem:73.67M (Peak 73.67M) | Time:00:00.07 | Mem:0.00M, Peak:0.00M | Scene, ViewLayer | Synchronizing object | deck-grip-strip.017
Fra:1 Mem:73.68M (Peak 73.68M) | Time:00:00.07 | Mem:0.00M, Peak:0.00M | Scene, ViewLayer | Synchronizing object | deck-grip-strip.016
Fra:1 Mem:73.68M (Peak 73.68M) | Time:00:00.07 | Mem:0.00M, Peak:0.00M | Scene, ViewLayer | Synchronizing object | deck-grip-strip.015
Fra:1 Mem:73.68M (Peak 73.68M) | Time:00:00.07 | Mem:0.00M, Peak:0.00M | Scene, ViewLayer | Synchronizing object | threshold-deck.005
Fra:1 Mem:73.68M (Peak 73.68M) | Time:00:00.07 | Mem:0.00M, Peak:0.00M | Scene, ViewLayer | Synchronizing object | deck-grip-strip.014
Fra:1 Mem:73.68M (Peak 73.68M) | Time:00:00.07 | Mem:0.00M, Peak:0.00M | Scene, ViewLayer | Synchronizing object | deck-grip-strip.013
Fra:1 Mem:73.69M (Peak 73.69M) | Time:00:00.07 | Mem:0.00M, Peak:0.00M | Scene, ViewLayer | Synchronizing object | deck-grip-strip.012
Fra:1 Mem:73.69M (Peak 73.69M) | Time:00:00.07 | Mem:0.00M, Peak:0.00M | Scene, ViewLayer | Synchronizing object | threshold-deck.004
Fra:1 Mem:73.69M (Peak 73.69M) | Time:00:00.07 | Mem:0.00M, Peak:0.00M | Scene, ViewLayer | Synchronizing object | deck-grip-strip.011
Fra:1 Mem:73.69M (Peak 73.69M) | Time:00:00.07 | Mem:0.00M, Peak:0.00M | Scene, ViewLayer | Synchronizing object | deck-grip-strip.010
Fra:1 Mem:73.69M (Peak 73.69M) | Time:00:00.07 | Mem:0.00M, Peak:0.00M | Scene, ViewLayer | Synchronizing object | platform-deck.023
Fra:1 Mem:73.69M (Peak 73.69M) | Time:00:00.07 | Mem:0.00M, Peak:0.00M | Scene, ViewLayer | Synchronizing object | deck-grip-strip.009
Fra:1 Mem:73.70M (Peak 73.70M) | Time:00:00.07 | Mem:0.00M, Peak:0.00M | Scene, ViewLayer | Synchronizing object | threshold-deck.003
Fra:1 Mem:73.71M (Peak 73.71M) | Time:00:00.07 | Mem:0.00M, Peak:0.00M | Scene, ViewLayer | Synchronizing object | platform-edge-cap.023
Fra:1 Mem:73.71M (Peak 73.71M) | Time:00:00.07 | Mem:0.00M, Peak:0.00M | Scene, ViewLayer | Synchronizing object | deck-grip-strip.008
Fra:1 Mem:73.71M (Peak 73.71M) | Time:00:00.07 | Mem:0.00M, Peak:0.00M | Scene, ViewLayer | Synchronizing object | tactile-band.023
Fra:1 Mem:73.70M (Peak 73.71M) | Time:00:00.07 | Mem:0.00M, Peak:0.00M | Scene, ViewLayer | Synchronizing object | deck-grip-strip.007
Fra:1 Mem:73.71M (Peak 73.71M) | Time:00:00.07 | Mem:0.00M, Peak:0.00M | Scene, ViewLayer | Synchronizing object | platform-foundation.024
Fra:1 Mem:73.70M (Peak 73.71M) | Time:00:00.07 | Mem:0.00M, Peak:0.00M | Scene, ViewLayer | Synchronizing object | deck-grip-strip.006
Fra:1 Mem:73.71M (Peak 73.71M) | Time:00:00.07 | Mem:0.00M, Peak:0.00M | Scene, ViewLayer | Synchronizing object | platform-deck.024
Fra:1 Mem:73.71M (Peak 73.71M) | Time:00:00.07 | Mem:0.00M, Peak:0.00M | Scene, ViewLayer | Synchronizing object | threshold-deck.002
Fra:1 Mem:73.72M (Peak 73.72M) | Time:00:00.07 | Mem:0.00M, Peak:0.00M | Scene, ViewLayer | Synchronizing object | platform-edge-cap.024
Fra:1 Mem:73.71M (Peak 73.72M) | Time:00:00.07 | Mem:0.00M, Peak:0.00M | Scene, ViewLayer | Synchronizing object | deck-grip-strip.005
Fra:1 Mem:73.72M (Peak 73.72M) | Time:00:00.07 | Mem:0.00M, Peak:0.00M | Scene, ViewLayer | Synchronizing object | tactile-band.024
Fra:1 Mem:73.71M (Peak 73.72M) | Time:00:00.07 | Mem:0.00M, Peak:0.00M | Scene, ViewLayer | Synchronizing object | deck-grip-strip.004
Fra:1 Mem:73.72M (Peak 73.72M) | Time:00:00.07 | Mem:0.00M, Peak:0.00M | Scene, ViewLayer | Synchronizing object | platform-foundation.025
Fra:1 Mem:73.73M (Peak 73.73M) | Time:00:00.07 | Mem:0.00M, Peak:0.00M | Scene, ViewLayer | Synchronizing object | deck-grip-strip.003
Fra:1 Mem:73.73M (Peak 73.73M) | Time:00:00.07 | Mem:0.00M, Peak:0.00M | Scene, ViewLayer | Synchronizing object | platform-deck.025
Fra:1 Mem:73.73M (Peak 73.73M) | Time:00:00.07 | Mem:0.00M, Peak:0.00M | Scene, ViewLayer | Synchronizing object | threshold-deck.001
Fra:1 Mem:73.74M (Peak 73.74M) | Time:00:00.07 | Mem:0.00M, Peak:0.00M | Scene, ViewLayer | Synchronizing object | platform-edge-cap.025
Fra:1 Mem:73.74M (Peak 73.74M) | Time:00:00.07 | Mem:0.00M, Peak:0.00M | Scene, ViewLayer | Synchronizing object | deck-grip-strip.002
Fra:1 Mem:73.74M (Peak 73.74M) | Time:00:00.07 | Mem:0.00M, Peak:0.00M | Scene, ViewLayer | Synchronizing object | tactile-band.025
Fra:1 Mem:73.74M (Peak 73.74M) | Time:00:00.07 | Mem:0.00M, Peak:0.00M | Scene, ViewLayer | Synchronizing object | deck-grip-strip.001
Fra:1 Mem:73.74M (Peak 73.74M) | Time:00:00.07 | Mem:0.00M, Peak:0.00M | Scene, ViewLayer | Synchronizing object | platform-foundation.026
Fra:1 Mem:73.74M (Peak 73.74M) | Time:00:00.07 | Mem:0.00M, Peak:0.00M | Scene, ViewLayer | Synchronizing object | deck-grip-strip
Fra:1 Mem:73.74M (Peak 73.74M) | Time:00:00.07 | Mem:0.00M, Peak:0.00M | Scene, ViewLayer | Synchronizing object | platform-deck.026
Fra:1 Mem:73.74M (Peak 73.74M) | Time:00:00.07 | Mem:0.00M, Peak:0.00M | Scene, ViewLayer | Synchronizing object | threshold-deck
Fra:1 Mem:73.75M (Peak 73.75M) | Time:00:00.07 | Mem:0.00M, Peak:0.00M | Scene, ViewLayer | Synchronizing object | platform-edge-cap.026
Fra:1 Mem:73.75M (Peak 73.75M) | Time:00:00.07 | Mem:0.00M, Peak:0.00M | Scene, ViewLayer | Synchronizing object | interior-batch-metro-seat.003
Fra:1 Mem:73.76M (Peak 73.76M) | Time:00:00.07 | Mem:0.00M, Peak:0.00M | Scene, ViewLayer | Synchronizing object | tactile-band.026
Fra:1 Mem:73.84M (Peak 73.84M) | Time:00:00.07 | Mem:0.00M, Peak:0.00M | Scene, ViewLayer | Synchronizing object | platform-foundation.027
Fra:1 Mem:73.78M (Peak 73.84M) | Time:00:00.07 | Mem:0.00M, Peak:0.00M | Scene, ViewLayer | Synchronizing object | platform-deck.027
Fra:1 Mem:73.80M (Peak 73.84M) | Time:00:00.07 | Mem:0.00M, Peak:0.00M | Scene, ViewLayer | Synchronizing object | platform-edge-cap.027
Fra:1 Mem:73.85M (Peak 73.85M) | Time:00:00.07 | Mem:0.00M, Peak:0.00M | Scene, ViewLayer | Synchronizing object | tactile-band.027
Fra:1 Mem:73.80M (Peak 73.85M) | Time:00:00.07 | Mem:0.00M, Peak:0.00M | Scene, ViewLayer | Synchronizing object | platform-foundation.028
Fra:1 Mem:73.80M (Peak 73.85M) | Time:00:00.07 | Mem:0.00M, Peak:0.00M | Scene, ViewLayer | Synchronizing object | interior-batch-metro-priority-seat.003
Fra:1 Mem:73.82M (Peak 73.85M) | Time:00:00.07 | Mem:0.00M, Peak:0.00M | Scene, ViewLayer | Synchronizing object | platform-deck.028
Fra:1 Mem:73.82M (Peak 73.85M) | Time:00:00.07 | Mem:0.00M, Peak:0.00M | Scene, ViewLayer | Synchronizing object | platform-edge-cap.028
Fra:1 Mem:73.81M (Peak 73.85M) | Time:00:00.07 | Mem:0.00M, Peak:0.00M | Scene, ViewLayer | Synchronizing object | interior-batch-metro-screen.003
Fra:1 Mem:73.83M (Peak 73.85M) | Time:00:00.07 | Mem:0.00M, Peak:0.00M | Scene, ViewLayer | Synchronizing object | tactile-band.028
Fra:1 Mem:73.81M (Peak 73.85M) | Time:00:00.07 | Mem:0.00M, Peak:0.00M | Scene, ViewLayer | Synchronizing object | platform-foundation.029
Fra:1 Mem:73.82M (Peak 73.85M) | Time:00:00.07 | Mem:0.00M, Peak:0.00M | Scene, ViewLayer | Synchronizing object | interior-batch-metro-rail.003
Fra:1 Mem:73.88M (Peak 73.88M) | Time:00:00.07 | Mem:0.00M, Peak:0.00M | Scene, ViewLayer | Synchronizing object | platform-deck.029
Fra:1 Mem:73.89M (Peak 73.89M) | Time:00:00.07 | Mem:0.00M, Peak:0.00M | Scene, ViewLayer | Synchronizing object | platform-edge-cap.029
Fra:1 Mem:73.85M (Peak 73.89M) | Time:00:00.07 | Mem:0.00M, Peak:0.00M | Scene, ViewLayer | Synchronizing object | tactile-band.029
Fra:1 Mem:73.86M (Peak 73.89M) | Time:00:00.07 | Mem:0.00M, Peak:0.00M | Scene, ViewLayer | Synchronizing object | platform-foundation.030
Fra:1 Mem:73.85M (Peak 73.89M) | Time:00:00.07 | Mem:0.00M, Peak:0.00M | Scene, ViewLayer | Synchronizing object | interior-batch-metro-floor.003
Fra:1 Mem:73.85M (Peak 73.89M) | Time:00:00.07 | Mem:0.00M, Peak:0.00M | Scene, ViewLayer | Synchronizing object | platform-deck.030
Fra:1 Mem:73.86M (Peak 73.89M) | Time:00:00.07 | Mem:0.00M, Peak:0.00M | Scene, ViewLayer | Synchronizing object | interior-batch-metro-wall.003
Fra:1 Mem:73.85M (Peak 73.89M) | Time:00:00.07 | Mem:0.00M, Peak:0.00M | Scene, ViewLayer | Synchronizing object | platform-edge-cap.030
Fra:1 Mem:73.94M (Peak 73.94M) | Time:00:00.07 | Mem:0.00M, Peak:0.00M | Scene, ViewLayer | Synchronizing object | tactile-band.030
Fra:1 Mem:73.96M (Peak 73.96M) | Time:00:00.07 | Mem:0.00M, Peak:0.00M | Scene, ViewLayer | Synchronizing object | platform-foundation.031
Fra:1 Mem:73.90M (Peak 73.96M) | Time:00:00.07 | Mem:0.00M, Peak:0.00M | Scene, ViewLayer | Synchronizing object | platform-deck.031
Fra:1 Mem:73.94M (Peak 73.96M) | Time:00:00.07 | Mem:0.00M, Peak:0.00M | Scene, ViewLayer | Synchronizing object | platform-edge-cap.031
Fra:1 Mem:73.89M (Peak 73.96M) | Time:00:00.07 | Mem:0.00M, Peak:0.00M | Scene, ViewLayer | Synchronizing object | tactile-band.031
Fra:1 Mem:73.90M (Peak 73.96M) | Time:00:00.07 | Mem:0.00M, Peak:0.00M | Scene, ViewLayer | Synchronizing object | wheel-rear-rear-right.003
Fra:1 Mem:73.91M (Peak 73.96M) | Time:00:00.07 | Mem:0.00M, Peak:0.00M | Scene, ViewLayer | Synchronizing object | platform-foundation.032
Fra:1 Mem:73.90M (Peak 73.96M) | Time:00:00.07 | Mem:0.00M, Peak:0.00M | Scene, ViewLayer | Synchronizing object | wheel-rear-rear-left.003
Fra:1 Mem:73.90M (Peak 73.96M) | Time:00:00.07 | Mem:0.00M, Peak:0.00M | Scene, ViewLayer | Synchronizing object | wheel-rear-front-right.003
Fra:1 Mem:73.92M (Peak 73.96M) | Time:00:00.07 | Mem:0.00M, Peak:0.00M | Scene, ViewLayer | Synchronizing object | wheel-rear-front-left.003
Fra:1 Mem:73.91M (Peak 73.96M) | Time:00:00.07 | Mem:0.00M, Peak:0.00M | Scene, ViewLayer | Synchronizing object | platform-deck.032
Fra:1 Mem:73.91M (Peak 73.96M) | Time:00:00.07 | Mem:0.00M, Peak:0.00M | Scene, ViewLayer | Synchronizing object | wheel-front-rear-right.003
Fra:1 Mem:73.93M (Peak 73.96M) | Time:00:00.07 | Mem:0.00M, Peak:0.00M | Scene, ViewLayer | Synchronizing object | platform-edge-cap.032
Fra:1 Mem:73.93M (Peak 73.96M) | Time:00:00.07 | Mem:0.00M, Peak:0.00M | Scene, ViewLayer | Synchronizing object | wheel-front-rear-left.003
Fra:1 Mem:73.94M (Peak 73.96M) | Time:00:00.07 | Mem:0.00M, Peak:0.00M | Scene, ViewLayer | Synchronizing object | tactile-band.032
Fra:1 Mem:73.93M (Peak 73.96M) | Time:00:00.07 | Mem:0.00M, Peak:0.00M | Scene, ViewLayer | Synchronizing object | wheel-front-front-right.003
Fra:1 Mem:73.94M (Peak 73.96M) | Time:00:00.07 | Mem:0.00M, Peak:0.00M | Scene, ViewLayer | Synchronizing object | platform-foundation.033
Fra:1 Mem:73.94M (Peak 73.96M) | Time:00:00.07 | Mem:0.00M, Peak:0.00M | Scene, ViewLayer | Synchronizing object | wheel-front-front-left.003
Fra:1 Mem:73.93M (Peak 73.96M) | Time:00:00.07 | Mem:0.00M, Peak:0.00M | Scene, ViewLayer | Synchronizing object | platform-deck.033
Fra:1 Mem:73.95M (Peak 73.96M) | Time:00:00.07 | Mem:0.00M, Peak:0.00M | Scene, ViewLayer | Synchronizing object | platform-edge-cap.033
Fra:1 Mem:73.94M (Peak 73.96M) | Time:00:00.07 | Mem:0.00M, Peak:0.00M | Scene, ViewLayer | Synchronizing object | lights.001
Fra:1 Mem:73.95M (Peak 73.96M) | Time:00:00.07 | Mem:0.00M, Peak:0.00M | Scene, ViewLayer | Synchronizing object | tactile-band.033
Fra:1 Mem:73.95M (Peak 73.96M) | Time:00:00.07 | Mem:0.00M, Peak:0.00M | Scene, ViewLayer | Synchronizing object | glass.003
Fra:1 Mem:73.96M (Peak 73.96M) | Time:00:00.07 | Mem:0.00M, Peak:0.00M | Scene, ViewLayer | Synchronizing object | platform-foundation.034
Fra:1 Mem:74.02M (Peak 74.02M) | Time:00:00.07 | Mem:0.00M, Peak:0.00M | Scene, ViewLayer | Synchronizing object | platform-deck.034
Fra:1 Mem:74.01M (Peak 74.02M) | Time:00:00.07 | Mem:0.00M, Peak:0.00M | Scene, ViewLayer | Synchronizing object | platform-edge-cap.034
Fra:1 Mem:74.01M (Peak 74.02M) | Time:00:00.07 | Mem:0.00M, Peak:0.00M | Scene, ViewLayer | Synchronizing object | tactile-band.034
Fra:1 Mem:73.98M (Peak 74.02M) | Time:00:00.07 | Mem:0.00M, Peak:0.00M | Scene, ViewLayer | Synchronizing object | door-right-rear-b.003
Fra:1 Mem:74.01M (Peak 74.02M) | Time:00:00.07 | Mem:0.00M, Peak:0.00M | Scene, ViewLayer | Synchronizing object | platform-foundation.035
Fra:1 Mem:74.00M (Peak 74.02M) | Time:00:00.07 | Mem:0.00M, Peak:0.00M | Scene, ViewLayer | Synchronizing object | platform-deck.035
Fra:1 Mem:74.00M (Peak 74.02M) | Time:00:00.07 | Mem:0.00M, Peak:0.00M | Scene, ViewLayer | Synchronizing object | door-right-rear-a.003
Fra:1 Mem:74.02M (Peak 74.02M) | Time:00:00.07 | Mem:0.00M, Peak:0.00M | Scene, ViewLayer | Synchronizing object | platform-edge-cap.035
Fra:1 Mem:74.02M (Peak 74.02M) | Time:00:00.07 | Mem:0.00M, Peak:0.00M | Scene, ViewLayer | Synchronizing object | tactile-band.035
Fra:1 Mem:74.01M (Peak 74.02M) | Time:00:00.07 | Mem:0.00M, Peak:0.00M | Scene, ViewLayer | Synchronizing object | door-right-front-b.003
Fra:1 Mem:74.03M (Peak 74.03M) | Time:00:00.07 | Mem:0.00M, Peak:0.00M | Scene, ViewLayer | Synchronizing object | platform-foundation.036
Fra:1 Mem:74.03M (Peak 74.03M) | Time:00:00.07 | Mem:0.00M, Peak:0.00M | Scene, ViewLayer | Synchronizing object | platform-deck.036
Fra:1 Mem:74.03M (Peak 74.03M) | Time:00:00.07 | Mem:0.00M, Peak:0.00M | Scene, ViewLayer | Synchronizing object | door-right-front-a.003
Fra:1 Mem:74.05M (Peak 74.05M) | Time:00:00.07 | Mem:0.00M, Peak:0.00M | Scene, ViewLayer | Synchronizing object | platform-edge-cap.036
Fra:1 Mem:74.05M (Peak 74.05M) | Time:00:00.07 | Mem:0.00M, Peak:0.00M | Scene, ViewLayer | Synchronizing object | tactile-band.036
Fra:1 Mem:74.04M (Peak 74.05M) | Time:00:00.07 | Mem:0.00M, Peak:0.00M | Scene, ViewLayer | Synchronizing object | door-right-center-b.003
Fra:1 Mem:74.04M (Peak 74.05M) | Time:00:00.07 | Mem:0.00M, Peak:0.00M | Scene, ViewLayer | Synchronizing object | sign-post--0.85
Fra:1 Mem:74.06M (Peak 74.06M) | Time:00:00.07 | Mem:0.00M, Peak:0.00M | Scene, ViewLayer | Synchronizing object | sign-foot--0.85
Fra:1 Mem:74.05M (Peak 74.06M) | Time:00:00.07 | Mem:0.00M, Peak:0.00M | Scene, ViewLayer | Synchronizing object | door-right-center-a.003
Fra:1 Mem:74.06M (Peak 74.06M) | Time:00:00.07 | Mem:0.00M, Peak:0.00M | Scene, ViewLayer | Synchronizing object | sign-post-0.85
Fra:1 Mem:74.06M (Peak 74.06M) | Time:00:00.07 | Mem:0.00M, Peak:0.00M | Scene, ViewLayer | Synchronizing object | door-left-rear-b.003
Fra:1 Mem:74.06M (Peak 74.06M) | Time:00:00.07 | Mem:0.00M, Peak:0.00M | Scene, ViewLayer | Synchronizing object | sign-foot-0.85
Fra:1 Mem:74.07M (Peak 74.07M) | Time:00:00.07 | Mem:0.00M, Peak:0.00M | Scene, ViewLayer | Synchronizing object | guidance-panel
Fra:1 Mem:74.08M (Peak 74.08M) | Time:00:00.07 | Mem:0.00M, Peak:0.00M | Scene, ViewLayer | Synchronizing object | door-left-rear-a.003
Fra:1 Mem:74.07M (Peak 74.08M) | Time:00:00.07 | Mem:0.00M, Peak:0.00M | Scene, ViewLayer | Synchronizing object | guidance-face
Fra:1 Mem:74.10M (Peak 74.10M) | Time:00:00.07 | Mem:0.00M, Peak:0.00M | Scene, ViewLayer | Synchronizing object | direction-arrow
Fra:1 Mem:74.09M (Peak 74.10M) | Time:00:00.07 | Mem:0.00M, Peak:0.00M | Scene, ViewLayer | Synchronizing object | door-left-front-b.003
Fra:1 Mem:74.10M (Peak 74.10M) | Time:00:00.07 | Mem:0.00M, Peak:0.00M | Scene, ViewLayer | Synchronizing object | generic-destination-rule-2.67
Fra:1 Mem:74.10M (Peak 74.10M) | Time:00:00.07 | Mem:0.00M, Peak:0.00M | Scene, ViewLayer | Synchronizing object | door-left-front-a.003
Fra:1 Mem:74.10M (Peak 74.10M) | Time:00:00.07 | Mem:0.00M, Peak:0.00M | Scene, ViewLayer | Synchronizing object | generic-destination-rule-2.54
Fra:1 Mem:74.13M (Peak 74.13M) | Time:00:00.07 | Mem:0.00M, Peak:0.00M | Scene, ViewLayer | Synchronizing object | body-shell
Fra:1 Mem:74.14M (Peak 74.14M) | Time:00:00.07 | Mem:0.00M, Peak:0.00M | Scene, ViewLayer | Synchronizing object | door-left-center-b.003
Fra:1 Mem:74.43M (Peak 74.43M) | Time:00:00.07 | Mem:0.00M, Peak:0.00M | Scene, ViewLayer | Synchronizing object | door-left-center-a.003
Fra:1 Mem:74.44M (Peak 74.44M) | Time:00:00.07 | Mem:0.00M, Peak:0.00M | Scene, ViewLayer | Synchronizing object | bogie-rear-frame.003
Fra:1 Mem:74.49M (Peak 74.49M) | Time:00:00.07 | Mem:0.00M, Peak:0.00M | Scene, ViewLayer | Synchronizing object | bogie-front-frame.003
Fra:1 Mem:74.51M (Peak 74.51M) | Time:00:00.07 | Mem:0.00M, Peak:0.00M | Scene, ViewLayer | Synchronizing object | body-shell.003
Fra:1 Mem:74.57M (Peak 74.57M) | Time:00:00.07 | Mem:0.00M, Peak:0.00M | Scene, ViewLayer | Synchronizing object | bogie-front-frame
Fra:1 Mem:74.57M (Peak 74.57M) | Time:00:00.07 | Mem:0.00M, Peak:0.00M | Scene, ViewLayer | Synchronizing object | bogie-rear-frame
Fra:1 Mem:74.57M (Peak 74.57M) | Time:00:00.07 | Mem:0.00M, Peak:0.00M | Scene, ViewLayer | Synchronizing object | door-left-center-a
Fra:1 Mem:74.58M (Peak 74.58M) | Time:00:00.07 | Mem:0.00M, Peak:0.00M | Scene, ViewLayer | Synchronizing object | door-left-center-b
Fra:1 Mem:74.59M (Peak 74.59M) | Time:00:00.07 | Mem:0.00M, Peak:0.00M | Scene, ViewLayer | Synchronizing object | door-left-front-a
Fra:1 Mem:74.58M (Peak 74.59M) | Time:00:00.07 | Mem:0.00M, Peak:0.00M | Scene, ViewLayer | Synchronizing object | door-left-front-b
Fra:1 Mem:74.45M (Peak 74.59M) | Time:00:00.07 | Mem:0.00M, Peak:0.00M | Scene, ViewLayer | Synchronizing object | interior-batch-metro-seat.002
Fra:1 Mem:74.44M (Peak 74.59M) | Time:00:00.07 | Mem:0.00M, Peak:0.00M | Scene, ViewLayer | Synchronizing object | door-left-rear-a
Fra:1 Mem:74.56M (Peak 74.59M) | Time:00:00.07 | Mem:0.00M, Peak:0.00M | Scene, ViewLayer | Synchronizing object | door-left-rear-b
Fra:1 Mem:74.55M (Peak 74.59M) | Time:00:00.07 | Mem:0.00M, Peak:0.00M | Scene, ViewLayer | Synchronizing object | door-right-center-a
Fra:1 Mem:74.52M (Peak 74.59M) | Time:00:00.07 | Mem:0.00M, Peak:0.00M | Scene, ViewLayer | Synchronizing object | interior-batch-metro-priority-seat.002
Fra:1 Mem:74.51M (Peak 74.59M) | Time:00:00.07 | Mem:0.00M, Peak:0.00M | Scene, ViewLayer | Synchronizing object | door-right-center-b
Fra:1 Mem:74.54M (Peak 74.59M) | Time:00:00.07 | Mem:0.00M, Peak:0.00M | Scene, ViewLayer | Synchronizing object | interior-batch-metro-screen.002
Fra:1 Mem:74.55M (Peak 74.59M) | Time:00:00.07 | Mem:0.00M, Peak:0.00M | Scene, ViewLayer | Synchronizing object | door-right-front-a
Fra:1 Mem:74.56M (Peak 74.59M) | Time:00:00.07 | Mem:0.00M, Peak:0.00M | Scene, ViewLayer | Synchronizing object | interior-batch-metro-rail.002
Fra:1 Mem:74.62M (Peak 74.62M) | Time:00:00.07 | Mem:0.00M, Peak:0.00M | Scene, ViewLayer | Synchronizing object | door-right-front-b
Fra:1 Mem:74.57M (Peak 74.62M) | Time:00:00.07 | Mem:0.00M, Peak:0.00M | Scene, ViewLayer | Synchronizing object | door-right-rear-a
Fra:1 Mem:74.58M (Peak 74.62M) | Time:00:00.07 | Mem:0.00M, Peak:0.00M | Scene, ViewLayer | Synchronizing object | interior-batch-metro-floor.002
Fra:1 Mem:74.59M (Peak 74.62M) | Time:00:00.07 | Mem:0.00M, Peak:0.00M | Scene, ViewLayer | Synchronizing object | interior-batch-metro-wall.002
Fra:1 Mem:74.67M (Peak 74.67M) | Time:00:00.07 | Mem:0.00M, Peak:0.00M | Scene, ViewLayer | Synchronizing object | door-right-rear-b
Fra:1 Mem:74.68M (Peak 74.68M) | Time:00:00.07 | Mem:0.00M, Peak:0.00M | Scene, ViewLayer | Synchronizing object | glass
Fra:1 Mem:74.69M (Peak 74.69M) | Time:00:00.07 | Mem:0.00M, Peak:0.00M | Scene, ViewLayer | Synchronizing object | wheel-rear-rear-right.002
Fra:1 Mem:74.66M (Peak 74.69M) | Time:00:00.07 | Mem:0.00M, Peak:0.00M | Scene, ViewLayer | Synchronizing object | wheel-rear-rear-left.002
Fra:1 Mem:74.70M (Peak 74.70M) | Time:00:00.07 | Mem:0.00M, Peak:0.00M | Scene, ViewLayer | Synchronizing object | wheel-rear-front-right.002
Fra:1 Mem:74.67M (Peak 74.70M) | Time:00:00.07 | Mem:0.00M, Peak:0.00M | Scene, ViewLayer | Synchronizing object | lights
Fra:1 Mem:74.67M (Peak 74.70M) | Time:00:00.07 | Mem:0.00M, Peak:0.00M | Scene, ViewLayer | Synchronizing object | wheel-rear-front-left.002
Fra:1 Mem:74.68M (Peak 74.70M) | Time:00:00.07 | Mem:0.00M, Peak:0.00M | Scene, ViewLayer | Synchronizing object | wheel-front-front-left
Fra:1 Mem:74.67M (Peak 74.70M) | Time:00:00.07 | Mem:0.00M, Peak:0.00M | Scene, ViewLayer | Synchronizing object | wheel-front-rear-right.002
Fra:1 Mem:74.69M (Peak 74.70M) | Time:00:00.07 | Mem:0.00M, Peak:0.00M | Scene, ViewLayer | Synchronizing object | wheel-front-rear-left.002
Fra:1 Mem:74.69M (Peak 74.70M) | Time:00:00.07 | Mem:0.00M, Peak:0.00M | Scene, ViewLayer | Synchronizing object | wheel-front-front-right
Fra:1 Mem:74.69M (Peak 74.70M) | Time:00:00.07 | Mem:0.00M, Peak:0.00M | Scene, ViewLayer | Synchronizing object | wheel-front-front-right.002
Fra:1 Mem:74.70M (Peak 74.70M) | Time:00:00.07 | Mem:0.00M, Peak:0.00M | Scene, ViewLayer | Synchronizing object | wheel-front-rear-left
Fra:1 Mem:74.71M (Peak 74.71M) | Time:00:00.07 | Mem:0.00M, Peak:0.00M | Scene, ViewLayer | Synchronizing object | wheel-front-front-left.002
Fra:1 Mem:74.71M (Peak 74.71M) | Time:00:00.07 | Mem:0.00M, Peak:0.00M | Scene, ViewLayer | Synchronizing object | wheel-front-rear-right
Fra:1 Mem:74.72M (Peak 74.72M) | Time:00:00.07 | Mem:0.00M, Peak:0.00M | Scene, ViewLayer | Synchronizing object | glass.002
Fra:1 Mem:74.76M (Peak 74.76M) | Time:00:00.07 | Mem:0.00M, Peak:0.00M | Scene, ViewLayer | Synchronizing object | wheel-rear-front-left
Fra:1 Mem:74.77M (Peak 74.77M) | Time:00:00.07 | Mem:0.00M, Peak:0.00M | Scene, ViewLayer | Synchronizing object | wheel-rear-front-right
Fra:1 Mem:74.74M (Peak 74.77M) | Time:00:00.07 | Mem:0.00M, Peak:0.00M | Scene, ViewLayer | Synchronizing object | door-right-rear-b.002
Fra:1 Mem:74.74M (Peak 74.77M) | Time:00:00.07 | Mem:0.00M, Peak:0.00M | Scene, ViewLayer | Synchronizing object | wheel-rear-rear-left
Fra:1 Mem:74.77M (Peak 74.77M) | Time:00:00.07 | Mem:0.00M, Peak:0.00M | Scene, ViewLayer | Synchronizing object | wheel-rear-rear-right
Fra:1 Mem:74.76M (Peak 74.77M) | Time:00:00.07 | Mem:0.00M, Peak:0.00M | Scene, ViewLayer | Synchronizing object | door-right-rear-a.002
Fra:1 Mem:74.79M (Peak 74.79M) | Time:00:00.07 | Mem:0.00M, Peak:0.00M | Scene, ViewLayer | Synchronizing object | interior-batch-metro-wall
Fra:1 Mem:74.85M (Peak 74.85M) | Time:00:00.07 | Mem:0.00M, Peak:0.00M | Scene, ViewLayer | Synchronizing object | door-right-front-b.002
Fra:1 Mem:74.82M (Peak 74.85M) | Time:00:00.07 | Mem:0.00M, Peak:0.00M | Scene, ViewLayer | Synchronizing object | door-right-front-a.002
Fra:1 Mem:74.83M (Peak 74.85M) | Time:00:00.07 | Mem:0.00M, Peak:0.00M | Scene, ViewLayer | Synchronizing object | interior-batch-metro-floor
Fra:1 Mem:74.83M (Peak 74.85M) | Time:00:00.07 | Mem:0.00M, Peak:0.00M | Scene, ViewLayer | Synchronizing object | door-right-center-b.002
Fra:1 Mem:74.84M (Peak 74.85M) | Time:00:00.07 | Mem:0.00M, Peak:0.00M | Scene, ViewLayer | Synchronizing object | interior-batch-metro-rail
Fra:1 Mem:74.91M (Peak 74.91M) | Time:00:00.07 | Mem:0.00M, Peak:0.00M | Scene, ViewLayer | Synchronizing object | door-right-center-a.002
Fra:1 Mem:74.90M (Peak 74.91M) | Time:00:00.07 | Mem:0.00M, Peak:0.00M | Scene, ViewLayer | Synchronizing object | door-left-rear-b.002
Fra:1 Mem:74.89M (Peak 74.91M) | Time:00:00.07 | Mem:0.00M, Peak:0.00M | Scene, ViewLayer | Synchronizing object | interior-batch-metro-screen
Fra:1 Mem:74.89M (Peak 74.91M) | Time:00:00.07 | Mem:0.00M, Peak:0.00M | Scene, ViewLayer | Synchronizing object | door-left-rear-a.002
Fra:1 Mem:74.89M (Peak 74.91M) | Time:00:00.07 | Mem:0.00M, Peak:0.00M | Scene, ViewLayer | Synchronizing object | interior-batch-metro-priority-seat
Fra:1 Mem:74.91M (Peak 74.91M) | Time:00:00.07 | Mem:0.00M, Peak:0.00M | Scene, ViewLayer | Synchronizing object | door-left-front-b.002
Fra:1 Mem:74.90M (Peak 74.91M) | Time:00:00.07 | Mem:0.00M, Peak:0.00M | Scene, ViewLayer | Synchronizing object | interior-batch-metro-seat
Fra:1 Mem:75.00M (Peak 75.00M) | Time:00:00.07 | Mem:0.00M, Peak:0.00M | Scene, ViewLayer | Synchronizing object | door-left-front-a.002
Fra:1 Mem:74.97M (Peak 75.00M) | Time:00:00.07 | Mem:0.00M, Peak:0.00M | Scene, ViewLayer | Synchronizing object | door-left-center-b.002
Fra:1 Mem:75.01M (Peak 75.01M) | Time:00:00.07 | Mem:0.00M, Peak:0.00M | Scene, ViewLayer | Synchronizing object | door-left-center-a.002
Fra:1 Mem:74.99M (Peak 75.01M) | Time:00:00.07 | Mem:0.00M, Peak:0.00M | Scene, ViewLayer | Synchronizing object | body-shell.001
Fra:1 Mem:75.00M (Peak 75.01M) | Time:00:00.07 | Mem:0.00M, Peak:0.00M | Scene, ViewLayer | Synchronizing object | bogie-rear-frame.002
Fra:1 Mem:75.30M (Peak 75.30M) | Time:00:00.07 | Mem:0.00M, Peak:0.00M | Scene, ViewLayer | Synchronizing object | bogie-front-frame.002
Fra:1 Mem:75.30M (Peak 75.30M) | Time:00:00.07 | Mem:0.00M, Peak:0.00M | Scene, ViewLayer | Synchronizing object | body-shell.002
Fra:1 Mem:75.29M (Peak 75.30M) | Time:00:00.07 | Mem:0.00M, Peak:0.00M | Scene, ViewLayer | Synchronizing object | bogie-front-frame.001
Fra:1 Mem:75.25M (Peak 75.30M) | Time:00:00.07 | Mem:0.00M, Peak:0.00M | Scene, ViewLayer | Synchronizing object | interior-batch-metro-seat.001
Fra:1 Mem:75.35M (Peak 75.35M) | Time:00:00.07 | Mem:0.00M, Peak:0.00M | Scene, ViewLayer | Synchronizing object | bogie-rear-frame.001
Fra:1 Mem:75.35M (Peak 75.35M) | Time:00:00.07 | Mem:0.00M, Peak:0.00M | Scene, ViewLayer | Synchronizing object | door-left-center-a.001
Fra:1 Mem:75.36M (Peak 75.36M) | Time:00:00.07 | Mem:0.00M, Peak:0.00M | Scene, ViewLayer | Synchronizing object | door-left-center-b.001
Fra:1 Mem:75.31M (Peak 75.36M) | Time:00:00.07 | Mem:0.00M, Peak:0.00M | Scene, ViewLayer | Synchronizing object | interior-batch-metro-priority-seat.001
Fra:1 Mem:75.31M (Peak 75.36M) | Time:00:00.07 | Mem:0.00M, Peak:0.00M | Scene, ViewLayer | Synchronizing object | door-left-front-a.001
Fra:1 Mem:75.33M (Peak 75.36M) | Time:00:00.07 | Mem:0.00M, Peak:0.00M | Scene, ViewLayer | Synchronizing object | interior-batch-metro-screen.001
Fra:1 Mem:75.36M (Peak 75.36M) | Time:00:00.07 | Mem:0.00M, Peak:0.00M | Scene, ViewLayer | Synchronizing object | door-left-front-b.001
Fra:1 Mem:75.37M (Peak 75.37M) | Time:00:00.07 | Mem:0.00M, Peak:0.00M | Scene, ViewLayer | Synchronizing object | interior-batch-metro-rail.001
Fra:1 Mem:75.42M (Peak 75.42M) | Time:00:00.07 | Mem:0.00M, Peak:0.00M | Scene, ViewLayer | Synchronizing object | door-left-rear-a.001
Fra:1 Mem:75.41M (Peak 75.42M) | Time:00:00.07 | Mem:0.00M, Peak:0.00M | Scene, ViewLayer | Synchronizing object | door-left-rear-b.001
Fra:1 Mem:75.38M (Peak 75.42M) | Time:00:00.07 | Mem:0.00M, Peak:0.00M | Scene, ViewLayer | Synchronizing object | interior-batch-metro-floor.001
Fra:1 Mem:75.41M (Peak 75.42M) | Time:00:00.07 | Mem:0.00M, Peak:0.00M | Scene, ViewLayer | Synchronizing object | interior-batch-metro-wall.001
Fra:1 Mem:75.41M (Peak 75.42M) | Time:00:00.07 | Mem:0.00M, Peak:0.00M | Scene, ViewLayer | Synchronizing object | door-right-center-a.001
Fra:1 Mem:75.48M (Peak 75.48M) | Time:00:00.07 | Mem:0.00M, Peak:0.00M | Scene, ViewLayer | Synchronizing object | door-right-center-b.001
Fra:1 Mem:75.44M (Peak 75.48M) | Time:00:00.07 | Mem:0.00M, Peak:0.00M | Scene, ViewLayer | Synchronizing object | wheel-rear-rear-right.001
Fra:1 Mem:75.46M (Peak 75.48M) | Time:00:00.07 | Mem:0.00M, Peak:0.00M | Scene, ViewLayer | Synchronizing object | wheel-rear-rear-left.001
Fra:1 Mem:75.46M (Peak 75.48M) | Time:00:00.07 | Mem:0.00M, Peak:0.00M | Scene, ViewLayer | Synchronizing object | door-right-front-a.001
Fra:1 Mem:75.48M (Peak 75.48M) | Time:00:00.07 | Mem:0.00M, Peak:0.00M | Scene, ViewLayer | Synchronizing object | wheel-rear-front-right.001
Fra:1 Mem:75.48M (Peak 75.48M) | Time:00:00.07 | Mem:0.00M, Peak:0.00M | Scene, ViewLayer | Synchronizing object | wheel-rear-front-left.001
Fra:1 Mem:75.47M (Peak 75.48M) | Time:00:00.07 | Mem:0.00M, Peak:0.00M | Scene, ViewLayer | Synchronizing object | door-right-front-b.001
Fra:1 Mem:75.50M (Peak 75.50M) | Time:00:00.07 | Mem:0.00M, Peak:0.00M | Scene, ViewLayer | Synchronizing object | wheel-front-rear-right.001
Fra:1 Mem:75.48M (Peak 75.50M) | Time:00:00.07 | Mem:0.00M, Peak:0.00M | Scene, ViewLayer | Synchronizing object | wheel-front-rear-left.001
Fra:1 Mem:75.48M (Peak 75.50M) | Time:00:00.07 | Mem:0.00M, Peak:0.00M | Scene, ViewLayer | Synchronizing object | door-right-rear-a.001
Fra:1 Mem:75.52M (Peak 75.52M) | Time:00:00.07 | Mem:0.00M, Peak:0.00M | Scene, ViewLayer | Synchronizing object | wheel-front-front-right.001
Fra:1 Mem:75.51M (Peak 75.52M) | Time:00:00.07 | Mem:0.00M, Peak:0.00M | Scene, ViewLayer | Synchronizing object | door-right-rear-b.001
Fra:1 Mem:75.50M (Peak 75.52M) | Time:00:00.07 | Mem:0.00M, Peak:0.00M | Scene, ViewLayer | Synchronizing object | wheel-front-front-left.001
Fra:1 Mem:75.52M (Peak 75.52M) | Time:00:00.07 | Mem:0.00M, Peak:0.00M | Scene, ViewLayer | Synchronizing object | glass.001
Fra:1 Mem:75.54M (Peak 75.54M) | Time:00:00.07 | Mem:0.00M, Peak:0.00M | Scene, ViewLayer | Initializing
Fra:1 Mem:51.05M (Peak 75.54M) | Time:00:00.09 | Mem:0.00M, Peak:0.00M | Scene, ViewLayer | Waiting for render to start
Fra:1 Mem:51.05M (Peak 75.54M) | Time:00:00.09 | Mem:0.00M, Peak:0.00M | Scene, ViewLayer | Loading render kernels (may take a few minutes the first time)
Fra:1 Mem:51.05M (Peak 75.54M) | Time:00:00.09 | Mem:0.00M, Peak:0.00M | Scene, ViewLayer | Updating Scene
Fra:1 Mem:51.05M (Peak 75.54M) | Time:00:00.09 | Mem:0.00M, Peak:0.00M | Scene, ViewLayer | Updating Shaders
Fra:1 Mem:51.24M (Peak 75.54M) | Time:00:00.09 | Mem:0.11M, Peak:0.11M | Scene, ViewLayer | Updating Procedurals
Fra:1 Mem:51.24M (Peak 75.54M) | Time:00:00.09 | Mem:0.11M, Peak:0.11M | Scene, ViewLayer | Updating Background
Fra:1 Mem:51.24M (Peak 75.54M) | Time:00:00.09 | Mem:0.11M, Peak:0.11M | Scene, ViewLayer | Updating Camera
Fra:1 Mem:51.24M (Peak 75.54M) | Time:00:00.09 | Mem:0.11M, Peak:0.11M | Scene, ViewLayer | Updating Meshes Flags
Fra:1 Mem:51.24M (Peak 75.54M) | Time:00:00.09 | Mem:0.11M, Peak:0.11M | Scene, ViewLayer | Updating Objects
Fra:1 Mem:51.24M (Peak 75.54M) | Time:00:00.09 | Mem:0.11M, Peak:0.11M | Scene, ViewLayer | Updating Objects | Copying Transformations to device
Fra:1 Mem:51.32M (Peak 75.54M) | Time:00:00.09 | Mem:0.19M, Peak:0.19M | Scene, ViewLayer | Updating Objects | Applying Static Transformations
Fra:1 Mem:51.32M (Peak 75.54M) | Time:00:00.09 | Mem:0.19M, Peak:0.19M | Scene, ViewLayer | Updating Particle Systems
Fra:1 Mem:51.32M (Peak 75.54M) | Time:00:00.09 | Mem:0.19M, Peak:0.19M | Scene, ViewLayer | Updating Particle Systems | Copying Particles to device
Fra:1 Mem:51.32M (Peak 75.54M) | Time:00:00.09 | Mem:0.19M, Peak:0.19M | Scene, ViewLayer | Updating Meshes
Fra:1 Mem:51.55M (Peak 75.54M) | Time:00:00.09 | Mem:0.19M, Peak:0.19M | Scene, ViewLayer | Updating Mesh | Computing attributes
Fra:1 Mem:52.18M (Peak 75.54M) | Time:00:00.09 | Mem:0.21M, Peak:0.21M | Scene, ViewLayer | Updating Mesh | Copying Attributes to device
Fra:1 Mem:52.12M (Peak 75.54M) | Time:00:00.09 | Mem:0.76M, Peak:0.76M | Scene, ViewLayer | Updating Scene BVH | Building
Fra:1 Mem:52.12M (Peak 75.54M) | Time:00:00.09 | Mem:0.76M, Peak:0.76M | Scene, ViewLayer | Updating Scene BVH | Building BVH
Fra:1 Mem:52.12M (Peak 75.54M) | Time:00:00.09 | Mem:1.21M, Peak:1.21M | Scene, ViewLayer | Updating Scene BVH | Building BVH 0%
Fra:1 Mem:52.12M (Peak 75.54M) | Time:00:00.09 | Mem:1.75M, Peak:2.19M | Scene, ViewLayer | Updating Scene BVH | Copying BVH to device
Fra:1 Mem:52.12M (Peak 75.54M) | Time:00:00.09 | Mem:1.75M, Peak:2.19M | Scene, ViewLayer | Updating Mesh | Computing normals
Fra:1 Mem:53.68M (Peak 75.54M) | Time:00:00.09 | Mem:1.75M, Peak:2.19M | Scene, ViewLayer | Updating Mesh | Copying Mesh to device
Fra:1 Mem:53.68M (Peak 75.54M) | Time:00:00.09 | Mem:3.31M, Peak:3.31M | Scene, ViewLayer | Updating Objects Flags
Fra:1 Mem:53.68M (Peak 75.54M) | Time:00:00.09 | Mem:3.31M, Peak:3.31M | Scene, ViewLayer | Updating Primitive Offsets
Fra:1 Mem:53.69M (Peak 75.54M) | Time:00:00.09 | Mem:3.31M, Peak:3.31M | Scene, ViewLayer | Updating Images
Fra:1 Mem:53.69M (Peak 75.54M) | Time:00:00.09 | Mem:3.31M, Peak:3.31M | Scene, ViewLayer | Updating Camera Volume
Fra:1 Mem:53.69M (Peak 75.54M) | Time:00:00.09 | Mem:3.31M, Peak:3.31M | Scene, ViewLayer | Updating Lookup Tables
Fra:1 Mem:53.69M (Peak 75.54M) | Time:00:00.09 | Mem:3.39M, Peak:3.39M | Scene, ViewLayer | Updating Lights
Fra:1 Mem:53.69M (Peak 75.54M) | Time:00:00.09 | Mem:3.39M, Peak:3.39M | Scene, ViewLayer | Updating Lights | Computing tree
Fra:1 Mem:53.70M (Peak 75.54M) | Time:00:00.09 | Mem:3.40M, Peak:3.40M | Scene, ViewLayer | Updating Integrator
Fra:1 Mem:53.70M (Peak 75.54M) | Time:00:00.09 | Mem:3.40M, Peak:3.40M | Scene, ViewLayer | Updating Film
Fra:1 Mem:53.70M (Peak 75.54M) | Time:00:00.09 | Mem:3.32M, Peak:3.40M | Scene, ViewLayer | Updating Lookup Tables
Fra:1 Mem:53.70M (Peak 75.54M) | Time:00:00.09 | Mem:3.41M, Peak:3.41M | Scene, ViewLayer | Updating Baking
Fra:1 Mem:53.70M (Peak 75.54M) | Time:00:00.09 | Mem:3.41M, Peak:3.41M | Scene, ViewLayer | Updating Device | Writing constant memory
Fra:1 Mem:53.71M (Peak 75.54M) | Time:00:00.09 | Mem:3.41M, Peak:3.41M | Scene, ViewLayer | Sample 0/32
Fra:1 Mem:67.45M (Peak 75.54M) | Time:00:01.06 | Remaining:00:29.94 | Mem:17.14M, Peak:17.14M | Scene, ViewLayer | Sample 1/32
Fra:1 Mem:73.56M (Peak 85.76M) | Time:00:28.84 | Mem:17.14M, Peak:17.14M | Scene, ViewLayer | Sample 32/32
Fra:1 Mem:73.56M (Peak 85.76M) | Time:00:28.84 | Mem:17.14M, Peak:17.14M | Scene, ViewLayer | Finished
Saved: '/workspace/scratch/7c20b5ba4165/atlas-backlog-oct3/tools/assets/transit-station-spaces/qa/previews/metro-threshold-deployed.png'
Time: 00:28.90 (Saving: 00:00.06)


Blender quit
