Extensions: writing cache failed ([Errno 30] Read-only file system: '/home/agent/.config/blender').
16:17:50 | INFO: Data are loaded, start creating Blender stuff
16:17:50 | INFO: Blender create Mesh node ground-foot-editable-mesh
16:17:50 | INFO: Blender create Mesh node pole-editable-mesh
16:17:50 | INFO: Blender create Mesh node stop-sign-frame-editable-mesh
16:17:50 | INFO: Blender create Mesh node stop-sign-face-editable-mesh
16:17:50 | INFO: Blender create Mesh node bus-pictogram-body-editable-mesh
16:17:50 | INFO: Blender create Mesh node bus-pictogram-window-editable-mesh
16:17:50 | INFO: Blender create Mesh node bus-pictogram-wheel--0.1-editable-mesh
16:17:50 | INFO: Blender create Mesh node bus-pictogram-wheel-0.1-editable-mesh
16:17:50 | INFO: Blender create Mesh node generic-route-rule-editable-mesh
16:17:50 | INFO: Blender create Mesh node sign-mount--0.21-editable-mesh
16:17:50 | INFO: Blender create Mesh node sign-mount-0.21-editable-mesh
16:17:50 | INFO: glTF import finished in 0.01s
16:17:50 | INFO: Data are loaded, start creating Blender stuff
16:17:50 | INFO: Blender create Mesh node platform-foundation-editable-mesh
16:17:50 | INFO: Blender create Mesh node platform-deck-editable-mesh
16:17:50 | INFO: Blender create Mesh node platform-edge-cap-editable-mesh
16:17:50 | INFO: Blender create Mesh node tactile-band-editable-mesh
16:17:50 | INFO: Blender create Mesh node tactile-stud-editable-mesh
16:17:50 | INFO: Blender create Mesh node tactile-stud-editable-mesh.001
16:17:50 | INFO: Blender create Mesh node tactile-stud-editable-mesh.002
16:17:50 | INFO: Blender create Mesh node tactile-stud-editable-mesh.003
16:17:50 | INFO: Blender create Mesh node tactile-stud-editable-mesh.004
16:17:50 | INFO: Blender create Mesh node tactile-stud-editable-mesh.005
16:17:50 | INFO: Blender create Mesh node tactile-stud-editable-mesh.006
16:17:50 | INFO: Blender create Mesh node tactile-stud-editable-mesh.007
16:17:50 | INFO: Blender create Mesh node tactile-stud-editable-mesh.008
16:17:50 | INFO: Blender create Mesh node tactile-stud-editable-mesh.009
16:17:50 | INFO: Blender create Mesh node tactile-stud-editable-mesh.010
16:17:50 | INFO: Blender create Mesh node tactile-stud-editable-mesh.011
16:17:50 | INFO: Blender create Mesh node tactile-stud-editable-mesh.012
16:17:50 | INFO: Blender create Mesh node tactile-stud-editable-mesh.013
16:17:50 | INFO: Blender create Mesh node tactile-stud-editable-mesh.014
16:17:50 | INFO: Blender create Mesh node tactile-stud-editable-mesh.015
16:17:50 | INFO: Blender create Mesh node tactile-stud-editable-mesh.016
16:17:50 | INFO: Blender create Mesh node tactile-stud-editable-mesh.017
16:17:50 | INFO: Blender create Mesh node tactile-stud-editable-mesh.018
16:17:50 | INFO: Blender create Mesh node tactile-stud-editable-mesh.019
16:17:50 | INFO: Blender create Mesh node tactile-stud-editable-mesh.020
16:17:50 | INFO: Blender create Mesh node tactile-stud-editable-mesh.021
16:17:50 | INFO: Blender create Mesh node tactile-stud-editable-mesh.022
16:17:50 | INFO: Blender create Mesh node tactile-stud-editable-mesh.023
16:17:50 | INFO: Blender create Mesh node edge-face-drain-editable-mesh
16:17:50 | INFO: Blender create Mesh node edge-face-drain-editable-mesh.001
16:17:50 | INFO: Blender create Mesh node edge-face-drain-editable-mesh.002
16:17:50 | INFO: Blender create Mesh node edge-face-drain-editable-mesh.003
16:17:50 | INFO: glTF import finished in 0.02s
16:17:50 | INFO: Data are loaded, start creating Blender stuff
16:17:50 | INFO: Blender create Mesh node sign-post--0.85-editable-mesh
16:17:50 | INFO: Blender create Mesh node sign-foot--0.85-editable-mesh
16:17:50 | INFO: Blender create Mesh node sign-post-0.85-editable-mesh
16:17:50 | INFO: Blender create Mesh node sign-foot-0.85-editable-mesh
16:17:50 | INFO: Blender create Mesh node guidance-panel-editable-mesh
16:17:50 | INFO: Blender create Mesh node guidance-face-editable-mesh
16:17:50 | INFO: Blender create Mesh node direction-arrow-editable-mesh
16:17:50 | INFO: Blender create Mesh node generic-destination-rule-2.67-editable-mesh
16:17:50 | INFO: Blender create Mesh node generic-destination-rule-2.54-editable-mesh
16:17:50 | INFO: glTF import finished in 0.01s
16:17:50 | INFO: Data are loaded, start creating Blender stuff
16:17:50 | INFO: Blender create Mesh node threshold-deck-editable-mesh
16:17:50 | INFO: Blender create Mesh node deck-grip-strip-editable-mesh
16:17:50 | INFO: Blender create Mesh node deck-grip-strip-editable-mesh.001
16:17:50 | INFO: Blender create Mesh node deck-grip-strip-editable-mesh.002
16:17:50 | INFO: glTF import finished in 0.00s
16:17:50 | INFO: Data are loaded, start creating Blender stuff
16:17:50 | INFO: Blender create Mesh node threshold-deck-editable-mesh
16:17:50 | INFO: Blender create Mesh node deck-grip-strip-editable-mesh
16:17:50 | INFO: Blender create Mesh node deck-grip-strip-editable-mesh.001
16:17:50 | INFO: Blender create Mesh node deck-grip-strip-editable-mesh.002
16:17:50 | INFO: glTF import finished in 0.01s
Blender 4.3.2
Fra:1 Mem:19.52M (Peak 19.52M) | Time:00:00.00 | Mem:0.00M, Peak:0.00M | Scene, ViewLayer | Synchronizing object | ground-foot
Fra:1 Mem:21.54M (Peak 21.54M) | Time:00:00.00 | Mem:0.00M, Peak:0.00M | Scene, ViewLayer | Synchronizing object | qa-label
Fra:1 Mem:21.57M (Peak 21.57M) | Time:00:00.00 | Mem:0.00M, Peak:0.00M | Scene, ViewLayer | Synchronizing object | qa-label.001
Fra:1 Mem:21.60M (Peak 21.60M) | Time:00:00.00 | Mem:0.00M, Peak:0.00M | Scene, ViewLayer | Synchronizing object | pole
Fra:1 Mem:21.62M (Peak 21.62M) | Time:00:00.00 | Mem:0.00M, Peak:0.00M | Scene, ViewLayer | Synchronizing object | qa-ruler-tick.010
Fra:1 Mem:21.62M (Peak 21.62M) | Time:00:00.00 | Mem:0.00M, Peak:0.00M | Scene, ViewLayer | Synchronizing object | stop-sign-frame
Fra:1 Mem:21.63M (Peak 21.63M) | Time:00:00.00 | Mem:0.00M, Peak:0.00M | Scene, ViewLayer | Synchronizing object | qa-ruler-tick.009
Fra:1 Mem:21.65M (Peak 21.65M) | Time:00:00.00 | Mem:0.00M, Peak:0.00M | Scene, ViewLayer | Synchronizing object | qa-ruler-tick.008
Fra:1 Mem:21.66M (Peak 21.66M) | Time:00:00.00 | Mem:0.00M, Peak:0.00M | Scene, ViewLayer | Synchronizing object | qa-ruler-tick.007
Fra:1 Mem:21.65M (Peak 21.66M) | Time:00:00.00 | Mem:0.00M, Peak:0.00M | Scene, ViewLayer | Synchronizing object | qa-ruler-tick.006
Fra:1 Mem:21.67M (Peak 21.67M) | Time:00:00.00 | Mem:0.00M, Peak:0.00M | Scene, ViewLayer | Synchronizing object | qa-ruler-tick.005
Fra:1 Mem:21.66M (Peak 21.67M) | Time:00:00.00 | Mem:0.00M, Peak:0.00M | Scene, ViewLayer | Synchronizing object | qa-ruler-tick.004
Fra:1 Mem:21.66M (Peak 21.67M) | Time:00:00.00 | Mem:0.00M, Peak:0.00M | Scene, ViewLayer | Synchronizing object | qa-ruler-tick.003
Fra:1 Mem:21.65M (Peak 21.67M) | Time:00:00.00 | Mem:0.00M, Peak:0.00M | Scene, ViewLayer | Synchronizing object | stop-sign-face
Fra:1 Mem:21.65M (Peak 21.67M) | Time:00:00.00 | Mem:0.00M, Peak:0.00M | Scene, ViewLayer | Synchronizing object | qa-ruler-tick.002
Fra:1 Mem:21.66M (Peak 21.67M) | Time:00:00.00 | Mem:0.00M, Peak:0.00M | Scene, ViewLayer | Synchronizing object | qa-ruler-tick.001
Fra:1 Mem:21.68M (Peak 21.68M) | Time:00:00.00 | Mem:0.00M, Peak:0.00M | Scene, ViewLayer | Synchronizing object | qa-ruler-tick
Fra:1 Mem:21.66M (Peak 21.68M) | Time:00:00.00 | Mem:0.00M, Peak:0.00M | Scene, ViewLayer | Synchronizing object | qa-one-metre-ruler
Fra:1 Mem:21.68M (Peak 21.68M) | Time:00:00.00 | Mem:0.00M, Peak:0.00M | Scene, ViewLayer | Synchronizing object | qa-human-head.001
Fra:1 Mem:21.70M (Peak 21.70M) | Time:00:00.00 | Mem:0.00M, Peak:0.00M | Scene, ViewLayer | Synchronizing object | qa-human-arm.003
Fra:1 Mem:21.68M (Peak 21.70M) | Time:00:00.00 | Mem:0.00M, Peak:0.00M | Scene, ViewLayer | Synchronizing object | bus-pictogram-body
Fra:1 Mem:21.73M (Peak 21.73M) | Time:00:00.01 | Mem:0.00M, Peak:0.00M | Scene, ViewLayer | Synchronizing object | qa-human-leg.003
Fra:1 Mem:21.71M (Peak 21.73M) | Time:00:00.01 | Mem:0.00M, Peak:0.00M | Scene, ViewLayer | Synchronizing object | bus-pictogram-window
Fra:1 Mem:21.74M (Peak 21.74M) | Time:00:00.01 | Mem:0.00M, Peak:0.00M | Scene, ViewLayer | Synchronizing object | bus-pictogram-wheel--0.1
Fra:1 Mem:21.73M (Peak 21.74M) | Time:00:00.01 | Mem:0.00M, Peak:0.00M | Scene, ViewLayer | Synchronizing object | qa-human-arm.002
Fra:1 Mem:21.74M (Peak 21.74M) | Time:00:00.01 | Mem:0.00M, Peak:0.00M | Scene, ViewLayer | Synchronizing object | bus-pictogram-wheel-0.1
Fra:1 Mem:21.75M (Peak 21.75M) | Time:00:00.01 | Mem:0.00M, Peak:0.00M | Scene, ViewLayer | Synchronizing object | generic-route-rule
Fra:1 Mem:21.75M (Peak 21.75M) | Time:00:00.01 | Mem:0.00M, Peak:0.00M | Scene, ViewLayer | Synchronizing object | qa-human-leg.002
Fra:1 Mem:21.76M (Peak 21.76M) | Time:00:00.01 | Mem:0.00M, Peak:0.00M | Scene, ViewLayer | Synchronizing object | sign-mount--0.21
Fra:1 Mem:21.77M (Peak 21.77M) | Time:00:00.01 | Mem:0.00M, Peak:0.00M | Scene, ViewLayer | Synchronizing object | qa-human-torso.001
Fra:1 Mem:21.78M (Peak 21.78M) | Time:00:00.01 | Mem:0.00M, Peak:0.00M | Scene, ViewLayer | Synchronizing object | sign-mount-0.21
Fra:1 Mem:21.78M (Peak 21.78M) | Time:00:00.01 | Mem:0.00M, Peak:0.00M | Scene, ViewLayer | Synchronizing object | qa-human-head
Fra:1 Mem:21.78M (Peak 21.78M) | Time:00:00.01 | Mem:0.00M, Peak:0.00M | Scene, ViewLayer | Synchronizing object | platform-foundation
Fra:1 Mem:21.80M (Peak 21.80M) | Time:00:00.01 | Mem:0.00M, Peak:0.00M | Scene, ViewLayer | Synchronizing object | qa-human-arm.001
Fra:1 Mem:21.81M (Peak 21.81M) | Time:00:00.01 | Mem:0.00M, Peak:0.00M | Scene, ViewLayer | Synchronizing object | platform-deck
Fra:1 Mem:21.83M (Peak 21.83M) | Time:00:00.01 | Mem:0.00M, Peak:0.00M | Scene, ViewLayer | Synchronizing object | platform-edge-cap
Fra:1 Mem:21.82M (Peak 21.83M) | Time:00:00.01 | Mem:0.00M, Peak:0.00M | Scene, ViewLayer | Synchronizing object | qa-human-leg.001
Fra:1 Mem:21.81M (Peak 21.83M) | Time:00:00.01 | Mem:0.00M, Peak:0.00M | Scene, ViewLayer | Synchronizing object | tactile-band
Fra:1 Mem:21.83M (Peak 21.83M) | Time:00:00.01 | Mem:0.00M, Peak:0.00M | Scene, ViewLayer | Synchronizing object | tactile-stud
Fra:1 Mem:21.83M (Peak 21.83M) | Time:00:00.01 | Mem:0.00M, Peak:0.00M | Scene, ViewLayer | Synchronizing object | qa-human-arm
Fra:1 Mem:21.83M (Peak 21.83M) | Time:00:00.01 | Mem:0.00M, Peak:0.00M | Scene, ViewLayer | Synchronizing object | tactile-stud.001
Fra:1 Mem:21.86M (Peak 21.86M) | Time:00:00.01 | Mem:0.00M, Peak:0.00M | Scene, ViewLayer | Synchronizing object | tactile-stud.002
Fra:1 Mem:21.86M (Peak 21.86M) | Time:00:00.01 | Mem:0.00M, Peak:0.00M | Scene, ViewLayer | Synchronizing object | qa-human-leg
Fra:1 Mem:21.87M (Peak 21.87M) | Time:00:00.01 | Mem:0.00M, Peak:0.00M | Scene, ViewLayer | Synchronizing object | tactile-stud.003
Fra:1 Mem:21.87M (Peak 21.87M) | Time:00:00.01 | Mem:0.00M, Peak:0.00M | Scene, ViewLayer | Synchronizing object | tactile-stud.004
Fra:1 Mem:21.87M (Peak 21.87M) | Time:00:00.01 | Mem:0.00M, Peak:0.00M | Scene, ViewLayer | Synchronizing object | qa-human-torso
Fra:1 Mem:21.89M (Peak 21.89M) | Time:00:00.01 | Mem:0.00M, Peak:0.00M | Scene, ViewLayer | Synchronizing object | tactile-stud.005
Fra:1 Mem:21.89M (Peak 21.89M) | Time:00:00.01 | Mem:0.00M, Peak:0.00M | Scene, ViewLayer | Synchronizing object | qa-ground
Fra:1 Mem:21.89M (Peak 21.89M) | Time:00:00.01 | Mem:0.00M, Peak:0.00M | Scene, ViewLayer | Synchronizing object | tactile-stud.006
Fra:1 Mem:21.89M (Peak 21.89M) | Time:00:00.01 | Mem:0.00M, Peak:0.00M | Scene, ViewLayer | Synchronizing object | deck-grip-strip.005
Fra:1 Mem:21.90M (Peak 21.90M) | Time:00:00.01 | Mem:0.00M, Peak:0.00M | Scene, ViewLayer | Synchronizing object | tactile-stud.007
Fra:1 Mem:21.91M (Peak 21.91M) | Time:00:00.01 | Mem:0.00M, Peak:0.00M | Scene, ViewLayer | Synchronizing object | deck-grip-strip.004
Fra:1 Mem:21.91M (Peak 21.91M) | Time:00:00.01 | Mem:0.00M, Peak:0.00M | Scene, ViewLayer | Synchronizing object | tactile-stud.008
Fra:1 Mem:21.91M (Peak 21.91M) | Time:00:00.01 | Mem:0.00M, Peak:0.00M | Scene, ViewLayer | Synchronizing object | deck-grip-strip.003
Fra:1 Mem:21.91M (Peak 21.91M) | Time:00:00.01 | Mem:0.00M, Peak:0.00M | Scene, ViewLayer | Synchronizing object | tactile-stud.009
Fra:1 Mem:21.91M (Peak 21.91M) | Time:00:00.01 | Mem:0.00M, Peak:0.00M | Scene, ViewLayer | Synchronizing object | threshold-deck.001
Fra:1 Mem:21.92M (Peak 21.92M) | Time:00:00.01 | Mem:0.00M, Peak:0.00M | Scene, ViewLayer | Synchronizing object | tactile-stud.010
Fra:1 Mem:21.92M (Peak 21.92M) | Time:00:00.01 | Mem:0.00M, Peak:0.00M | Scene, ViewLayer | Synchronizing object | deck-grip-strip.002
Fra:1 Mem:21.92M (Peak 21.92M) | Time:00:00.01 | Mem:0.00M, Peak:0.00M | Scene, ViewLayer | Synchronizing object | tactile-stud.011
Fra:1 Mem:21.92M (Peak 21.92M) | Time:00:00.01 | Mem:0.00M, Peak:0.00M | Scene, ViewLayer | Synchronizing object | deck-grip-strip.001
Fra:1 Mem:21.93M (Peak 21.93M) | Time:00:00.01 | Mem:0.00M, Peak:0.00M | Scene, ViewLayer | Synchronizing object | tactile-stud.012
Fra:1 Mem:21.93M (Peak 21.93M) | Time:00:00.01 | Mem:0.00M, Peak:0.00M | Scene, ViewLayer | Synchronizing object | deck-grip-strip
Fra:1 Mem:21.93M (Peak 21.93M) | Time:00:00.01 | Mem:0.00M, Peak:0.00M | Scene, ViewLayer | Synchronizing object | tactile-stud.013
Fra:1 Mem:21.93M (Peak 21.93M) | Time:00:00.01 | Mem:0.00M, Peak:0.00M | Scene, ViewLayer | Synchronizing object | threshold-deck
Fra:1 Mem:21.94M (Peak 21.94M) | Time:00:00.01 | Mem:0.00M, Peak:0.00M | Scene, ViewLayer | Synchronizing object | tactile-stud.014
Fra:1 Mem:21.94M (Peak 21.94M) | Time:00:00.01 | Mem:0.00M, Peak:0.00M | Scene, ViewLayer | Synchronizing object | generic-destination-rule-2.54
Fra:1 Mem:21.95M (Peak 21.95M) | Time:00:00.01 | Mem:0.00M, Peak:0.00M | Scene, ViewLayer | Synchronizing object | tactile-stud.015
Fra:1 Mem:21.95M (Peak 21.95M) | Time:00:00.01 | Mem:0.00M, Peak:0.00M | Scene, ViewLayer | Synchronizing object | generic-destination-rule-2.67
Fra:1 Mem:21.95M (Peak 21.95M) | Time:00:00.01 | Mem:0.00M, Peak:0.00M | Scene, ViewLayer | Synchronizing object | tactile-stud.016
Fra:1 Mem:21.96M (Peak 21.96M) | Time:00:00.01 | Mem:0.00M, Peak:0.00M | Scene, ViewLayer | Synchronizing object | direction-arrow
Fra:1 Mem:21.97M (Peak 21.97M) | Time:00:00.01 | Mem:0.00M, Peak:0.00M | Scene, ViewLayer | Synchronizing object | tactile-stud.017
Fra:1 Mem:21.97M (Peak 21.97M) | Time:00:00.01 | Mem:0.00M, Peak:0.00M | Scene, ViewLayer | Synchronizing object | guidance-face
Fra:1 Mem:21.96M (Peak 21.97M) | Time:00:00.01 | Mem:0.00M, Peak:0.00M | Scene, ViewLayer | Synchronizing object | tactile-stud.018
Fra:1 Mem:21.99M (Peak 21.99M) | Time:00:00.01 | Mem:0.00M, Peak:0.00M | Scene, ViewLayer | Synchronizing object | tactile-stud.019
Fra:1 Mem:22.01M (Peak 22.01M) | Time:00:00.01 | Mem:0.00M, Peak:0.00M | Scene, ViewLayer | Synchronizing object | tactile-stud.020
Fra:1 Mem:21.99M (Peak 22.01M) | Time:00:00.01 | Mem:0.00M, Peak:0.00M | Scene, ViewLayer | Synchronizing object | tactile-stud.021
Fra:1 Mem:21.99M (Peak 22.01M) | Time:00:00.01 | Mem:0.00M, Peak:0.00M | Scene, ViewLayer | Synchronizing object | guidance-panel
Fra:1 Mem:22.02M (Peak 22.02M) | Time:00:00.01 | Mem:0.00M, Peak:0.00M | Scene, ViewLayer | Synchronizing object | tactile-stud.022
Fra:1 Mem:22.02M (Peak 22.02M) | Time:00:00.01 | Mem:0.00M, Peak:0.00M | Scene, ViewLayer | Synchronizing object | tactile-stud.023
Fra:1 Mem:22.04M (Peak 22.04M) | Time:00:00.01 | Mem:0.00M, Peak:0.00M | Scene, ViewLayer | Synchronizing object | edge-face-drain
Fra:1 Mem:22.02M (Peak 22.04M) | Time:00:00.01 | Mem:0.00M, Peak:0.00M | Scene, ViewLayer | Synchronizing object | sign-foot-0.85
Fra:1 Mem:22.03M (Peak 22.04M) | Time:00:00.01 | Mem:0.00M, Peak:0.00M | Scene, ViewLayer | Synchronizing object | edge-face-drain.001
Fra:1 Mem:22.06M (Peak 22.06M) | Time:00:00.01 | Mem:0.00M, Peak:0.00M | Scene, ViewLayer | Synchronizing object | edge-face-drain.002
Fra:1 Mem:22.06M (Peak 22.06M) | Time:00:00.01 | Mem:0.00M, Peak:0.00M | Scene, ViewLayer | Synchronizing object | edge-face-drain.003
Fra:1 Mem:22.04M (Peak 22.06M) | Time:00:00.01 | Mem:0.00M, Peak:0.00M | Scene, ViewLayer | Synchronizing object | sign-post--0.85
Fra:1 Mem:22.04M (Peak 22.06M) | Time:00:00.01 | Mem:0.00M, Peak:0.00M | Scene, ViewLayer | Synchronizing object | sign-post-0.85
Fra:1 Mem:22.09M (Peak 22.09M) | Time:00:00.01 | Mem:0.00M, Peak:0.00M | Scene, ViewLayer | Synchronizing object | sign-foot--0.85
Fra:1 Mem:22.09M (Peak 22.09M) | Time:00:00.01 | Mem:0.00M, Peak:0.00M | Scene, ViewLayer | Initializing
Fra:1 Mem:17.99M (Peak 22.09M) | Time:00:00.01 | Mem:0.00M, Peak:0.00M | Scene, ViewLayer | Waiting for render to start
Fra:1 Mem:17.99M (Peak 22.09M) | Time:00:00.01 | Mem:0.00M, Peak:0.00M | Scene, ViewLayer | Loading render kernels (may take a few minutes the first time)
Fra:1 Mem:17.99M (Peak 22.09M) | Time:00:00.01 | Mem:0.00M, Peak:0.00M | Scene, ViewLayer | Updating Scene
Fra:1 Mem:17.99M (Peak 22.09M) | Time:00:00.01 | Mem:0.00M, Peak:0.00M | Scene, ViewLayer | Updating Shaders
Fra:1 Mem:18.08M (Peak 22.09M) | Time:00:00.01 | Mem:0.01M, Peak:0.01M | Scene, ViewLayer | Updating Procedurals
Fra:1 Mem:18.08M (Peak 22.09M) | Time:00:00.01 | Mem:0.01M, Peak:0.01M | Scene, ViewLayer | Updating Background
Fra:1 Mem:18.08M (Peak 22.09M) | Time:00:00.01 | Mem:0.01M, Peak:0.01M | Scene, ViewLayer | Updating Camera
Fra:1 Mem:18.08M (Peak 22.09M) | Time:00:00.01 | Mem:0.01M, Peak:0.01M | Scene, ViewLayer | Updating Meshes Flags
Fra:1 Mem:18.08M (Peak 22.09M) | Time:00:00.01 | Mem:0.01M, Peak:0.01M | Scene, ViewLayer | Updating Objects
Fra:1 Mem:18.08M (Peak 22.09M) | Time:00:00.01 | Mem:0.01M, Peak:0.01M | Scene, ViewLayer | Updating Objects | Copying Transformations to device
Fra:1 Mem:18.10M (Peak 22.09M) | Time:00:00.01 | Mem:0.03M, Peak:0.03M | Scene, ViewLayer | Updating Objects | Applying Static Transformations
Fra:1 Mem:18.10M (Peak 22.09M) | Time:00:00.01 | Mem:0.03M, Peak:0.03M | Scene, ViewLayer | Updating Particle Systems
Fra:1 Mem:18.10M (Peak 22.09M) | Time:00:00.01 | Mem:0.03M, Peak:0.03M | Scene, ViewLayer | Updating Particle Systems | Copying Particles to device
Fra:1 Mem:18.10M (Peak 22.09M) | Time:00:00.01 | Mem:0.03M, Peak:0.03M | Scene, ViewLayer | Updating Meshes
Fra:1 Mem:18.16M (Peak 22.09M) | Time:00:00.01 | Mem:0.03M, Peak:0.03M | Scene, ViewLayer | Updating Mesh | Computing attributes
Fra:1 Mem:18.28M (Peak 22.09M) | Time:00:00.01 | Mem:0.04M, Peak:0.04M | Scene, ViewLayer | Updating Mesh | Copying Attributes to device
Fra:1 Mem:18.26M (Peak 22.09M) | Time:00:00.01 | Mem:0.13M, Peak:0.13M | Scene, ViewLayer | Updating Scene BVH | Building
Fra:1 Mem:18.26M (Peak 22.09M) | Time:00:00.01 | Mem:0.13M, Peak:0.13M | Scene, ViewLayer | Updating Scene BVH | Building BVH
Fra:1 Mem:18.26M (Peak 22.09M) | Time:00:00.01 | Mem:0.25M, Peak:0.25M | Scene, ViewLayer | Updating Scene BVH | Building BVH 0%
Fra:1 Mem:18.26M (Peak 22.09M) | Time:00:00.01 | Mem:0.40M, Peak:0.53M | Scene, ViewLayer | Updating Scene BVH | Copying BVH to device
Fra:1 Mem:18.26M (Peak 22.09M) | Time:00:00.01 | Mem:0.40M, Peak:0.53M | Scene, ViewLayer | Updating Mesh | Computing normals
Fra:1 Mem:18.59M (Peak 22.09M) | Time:00:00.01 | Mem:0.40M, Peak:0.53M | Scene, ViewLayer | Updating Mesh | Copying Mesh to device
Fra:1 Mem:18.59M (Peak 22.09M) | Time:00:00.01 | Mem:0.73M, Peak:0.73M | Scene, ViewLayer | Updating Objects Flags
Fra:1 Mem:18.59M (Peak 22.09M) | Time:00:00.01 | Mem:0.73M, Peak:0.73M | Scene, ViewLayer | Updating Primitive Offsets
Fra:1 Mem:18.59M (Peak 22.09M) | Time:00:00.01 | Mem:0.73M, Peak:0.73M | Scene, ViewLayer | Updating Images
Fra:1 Mem:18.59M (Peak 22.09M) | Time:00:00.01 | Mem:0.73M, Peak:0.73M | Scene, ViewLayer | Updating Camera Volume
Fra:1 Mem:18.59M (Peak 22.09M) | Time:00:00.01 | Mem:0.73M, Peak:0.73M | Scene, ViewLayer | Updating Lookup Tables
Fra:1 Mem:18.59M (Peak 22.09M) | Time:00:00.01 | Mem:0.81M, Peak:0.81M | Scene, ViewLayer | Updating Lights
Fra:1 Mem:18.59M (Peak 22.09M) | Time:00:00.01 | Mem:0.82M, Peak:0.82M | Scene, ViewLayer | Updating Lights | Computing tree
Fra:1 Mem:18.59M (Peak 22.09M) | Time:00:00.01 | Mem:0.82M, Peak:0.82M | Scene, ViewLayer | Updating Integrator
Fra:1 Mem:18.59M (Peak 22.09M) | Time:00:00.01 | Mem:0.82M, Peak:0.82M | Scene, ViewLayer | Updating Film
Fra:1 Mem:18.60M (Peak 22.09M) | Time:00:00.01 | Mem:0.74M, Peak:0.82M | Scene, ViewLayer | Updating Lookup Tables
Fra:1 Mem:18.60M (Peak 22.09M) | Time:00:00.01 | Mem:0.82M, Peak:0.82M | Scene, ViewLayer | Updating Baking
Fra:1 Mem:18.60M (Peak 22.09M) | Time:00:00.01 | Mem:0.82M, Peak:0.82M | Scene, ViewLayer | Updating Device | Writing constant memory
Fra:1 Mem:18.60M (Peak 22.09M) | Time:00:00.01 | Mem:0.82M, Peak:0.82M | Scene, ViewLayer | Sample 0/32
Fra:1 Mem:31.24M (Peak 31.24M) | Time:00:00.35 | Remaining:00:10.53 | Mem:13.45M, Peak:13.45M | Scene, ViewLayer | Sample 1/32
Fra:1 Mem:36.86M (Peak 48.09M) | Time:00:09.97 | Mem:13.45M, Peak:13.45M | Scene, ViewLayer | Sample 32/32
Fra:1 Mem:36.86M (Peak 48.09M) | Time:00:09.97 | Mem:13.45M, Peak:13.45M | Scene, ViewLayer | Finished
Saved: '/workspace/scratch/7c20b5ba4165/atlas-backlog-oct3/tools/assets/transit-station-spaces/qa/previews/modules-lod0-sunny.png'
Time: 00:10.13 (Saving: 00:00.16)

Extensions: writing cache failed ([Errno 30] Read-only file system: '/home/agent/.config/blender').
16:18:00 | INFO: Data are loaded, start creating Blender stuff
16:18:00 | INFO: Blender create Mesh node ground-foot-editable-mesh
16:18:00 | INFO: Blender create Mesh node pole-editable-mesh
16:18:00 | INFO: Blender create Mesh node stop-sign-frame-editable-mesh
16:18:00 | INFO: Blender create Mesh node stop-sign-face-editable-mesh
16:18:00 | INFO: Blender create Mesh node bus-pictogram-body-editable-mesh
16:18:00 | INFO: Blender create Mesh node bus-pictogram-window-editable-mesh
16:18:00 | INFO: Blender create Mesh node bus-pictogram-wheel--0.1-editable-mesh
16:18:00 | INFO: Blender create Mesh node bus-pictogram-wheel-0.1-editable-mesh
16:18:00 | INFO: Blender create Mesh node generic-route-rule-editable-mesh
16:18:00 | INFO: Blender create Mesh node sign-mount--0.21-editable-mesh
16:18:00 | INFO: Blender create Mesh node sign-mount-0.21-editable-mesh
16:18:00 | INFO: glTF import finished in 0.01s
16:18:00 | INFO: Data are loaded, start creating Blender stuff
16:18:00 | INFO: Blender create Mesh node platform-foundation-editable-mesh
16:18:00 | INFO: Blender create Mesh node platform-deck-editable-mesh
16:18:00 | INFO: Blender create Mesh node platform-edge-cap-editable-mesh
16:18:00 | INFO: Blender create Mesh node tactile-band-editable-mesh
16:18:00 | INFO: Blender create Mesh node tactile-stud-editable-mesh
16:18:00 | INFO: Blender create Mesh node tactile-stud-editable-mesh.001
16:18:00 | INFO: Blender create Mesh node tactile-stud-editable-mesh.002
16:18:00 | INFO: Blender create Mesh node tactile-stud-editable-mesh.003
16:18:00 | INFO: Blender create Mesh node tactile-stud-editable-mesh.004
16:18:00 | INFO: Blender create Mesh node tactile-stud-editable-mesh.005
16:18:00 | INFO: Blender create Mesh node tactile-stud-editable-mesh.006
16:18:00 | INFO: Blender create Mesh node tactile-stud-editable-mesh.007
16:18:00 | INFO: Blender create Mesh node tactile-stud-editable-mesh.008
16:18:00 | INFO: Blender create Mesh node tactile-stud-editable-mesh.009
16:18:00 | INFO: Blender create Mesh node tactile-stud-editable-mesh.010
16:18:00 | INFO: Blender create Mesh node tactile-stud-editable-mesh.011
16:18:00 | INFO: Blender create Mesh node tactile-stud-editable-mesh.012
16:18:00 | INFO: Blender create Mesh node tactile-stud-editable-mesh.013
16:18:00 | INFO: Blender create Mesh node tactile-stud-editable-mesh.014
16:18:00 | INFO: Blender create Mesh node tactile-stud-editable-mesh.015
16:18:00 | INFO: Blender create Mesh node tactile-stud-editable-mesh.016
16:18:00 | INFO: Blender create Mesh node tactile-stud-editable-mesh.017
16:18:00 | INFO: Blender create Mesh node tactile-stud-editable-mesh.018
16:18:00 | INFO: Blender create Mesh node tactile-stud-editable-mesh.019
16:18:00 | INFO: Blender create Mesh node tactile-stud-editable-mesh.020
16:18:00 | INFO: Blender create Mesh node tactile-stud-editable-mesh.021
16:18:00 | INFO: Blender create Mesh node tactile-stud-editable-mesh.022
16:18:00 | INFO: Blender create Mesh node tactile-stud-editable-mesh.023
16:18:00 | INFO: Blender create Mesh node edge-face-drain-editable-mesh
16:18:00 | INFO: Blender create Mesh node edge-face-drain-editable-mesh.001
16:18:00 | INFO: Blender create Mesh node edge-face-drain-editable-mesh.002
16:18:00 | INFO: Blender create Mesh node edge-face-drain-editable-mesh.003
16:18:01 | INFO: glTF import finished in 0.02s
16:18:01 | INFO: Data are loaded, start creating Blender stuff
16:18:01 | INFO: Blender create Mesh node sign-post--0.85-editable-mesh
16:18:01 | INFO: Blender create Mesh node sign-foot--0.85-editable-mesh
16:18:01 | INFO: Blender create Mesh node sign-post-0.85-editable-mesh
16:18:01 | INFO: Blender create Mesh node sign-foot-0.85-editable-mesh
16:18:01 | INFO: Blender create Mesh node guidance-panel-editable-mesh
16:18:01 | INFO: Blender create Mesh node guidance-face-editable-mesh
16:18:01 | INFO: Blender create Mesh node direction-arrow-editable-mesh
16:18:01 | INFO: Blender create Mesh node generic-destination-rule-2.67-editable-mesh
16:18:01 | INFO: Blender create Mesh node generic-destination-rule-2.54-editable-mesh
16:18:01 | INFO: glTF import finished in 0.01s
16:18:01 | INFO: Data are loaded, start creating Blender stuff
16:18:01 | INFO: Blender create Mesh node threshold-deck-editable-mesh
16:18:01 | INFO: Blender create Mesh node deck-grip-strip-editable-mesh
16:18:01 | INFO: Blender create Mesh node deck-grip-strip-editable-mesh.001
16:18:01 | INFO: Blender create Mesh node deck-grip-strip-editable-mesh.002
16:18:01 | INFO: glTF import finished in 0.01s
16:18:01 | INFO: Data are loaded, start creating Blender stuff
16:18:01 | INFO: Blender create Mesh node threshold-deck-editable-mesh
16:18:01 | INFO: Blender create Mesh node deck-grip-strip-editable-mesh
16:18:01 | INFO: Blender create Mesh node deck-grip-strip-editable-mesh.001
16:18:01 | INFO: Blender create Mesh node deck-grip-strip-editable-mesh.002
16:18:01 | INFO: glTF import finished in 0.01s
Fra:1 Mem:21.52M (Peak 21.85M) | Time:00:00.00 | Mem:0.00M, Peak:0.00M | Scene, ViewLayer | Synchronizing object | ground-foot
Fra:1 Mem:21.53M (Peak 21.85M) | Time:00:00.00 | Mem:0.00M, Peak:0.00M | Scene, ViewLayer | Synchronizing object | pole
Fra:1 Mem:21.54M (Peak 21.85M) | Time:00:00.00 | Mem:0.00M, Peak:0.00M | Scene, ViewLayer | Synchronizing object | stop-sign-frame
Fra:1 Mem:21.56M (Peak 21.85M) | Time:00:00.00 | Mem:0.00M, Peak:0.00M | Scene, ViewLayer | Synchronizing object | stop-sign-face
Fra:1 Mem:21.58M (Peak 21.85M) | Time:00:00.00 | Mem:0.00M, Peak:0.00M | Scene, ViewLayer | Synchronizing object | bus-pictogram-body
Fra:1 Mem:21.60M (Peak 21.85M) | Time:00:00.00 | Mem:0.00M, Peak:0.00M | Scene, ViewLayer | Synchronizing object | bus-pictogram-window
Fra:1 Mem:21.60M (Peak 21.85M) | Time:00:00.00 | Mem:0.00M, Peak:0.00M | Scene, ViewLayer | Synchronizing object | bus-pictogram-wheel--0.1
Fra:1 Mem:21.61M (Peak 21.85M) | Time:00:00.00 | Mem:0.00M, Peak:0.00M | Scene, ViewLayer | Synchronizing object | bus-pictogram-wheel-0.1
Fra:1 Mem:21.62M (Peak 21.85M) | Time:00:00.00 | Mem:0.00M, Peak:0.00M | Scene, ViewLayer | Synchronizing object | qa-label
Fra:1 Mem:21.62M (Peak 21.85M) | Time:00:00.00 | Mem:0.00M, Peak:0.00M | Scene, ViewLayer | Synchronizing object | generic-route-rule
Fra:1 Mem:21.62M (Peak 21.85M) | Time:00:00.00 | Mem:0.00M, Peak:0.00M | Scene, ViewLayer | Synchronizing object | sign-mount--0.21
Fra:1 Mem:21.63M (Peak 21.85M) | Time:00:00.00 | Mem:0.00M, Peak:0.00M | Scene, ViewLayer | Synchronizing object | qa-label.001
Fra:1 Mem:21.68M (Peak 21.85M) | Time:00:00.01 | Mem:0.00M, Peak:0.00M | Scene, ViewLayer | Synchronizing object | sign-mount-0.21
Fra:1 Mem:21.71M (Peak 21.85M) | Time:00:00.01 | Mem:0.00M, Peak:0.00M | Scene, ViewLayer | Synchronizing object | qa-ruler-tick.010
Fra:1 Mem:21.70M (Peak 21.85M) | Time:00:00.01 | Mem:0.00M, Peak:0.00M | Scene, ViewLayer | Synchronizing object | platform-foundation
Fra:1 Mem:21.71M (Peak 21.85M) | Time:00:00.01 | Mem:0.00M, Peak:0.00M | Scene, ViewLayer | Synchronizing object | qa-ruler-tick.009
Fra:1 Mem:21.71M (Peak 21.85M) | Time:00:00.01 | Mem:0.00M, Peak:0.00M | Scene, ViewLayer | Synchronizing object | qa-ruler-tick.008
Fra:1 Mem:21.70M (Peak 21.85M) | Time:00:00.01 | Mem:0.00M, Peak:0.00M | Scene, ViewLayer | Synchronizing object | platform-deck
Fra:1 Mem:21.70M (Peak 21.85M) | Time:00:00.01 | Mem:0.00M, Peak:0.00M | Scene, ViewLayer | Synchronizing object | qa-ruler-tick.007
Fra:1 Mem:21.71M (Peak 21.85M) | Time:00:00.01 | Mem:0.00M, Peak:0.00M | Scene, ViewLayer | Synchronizing object | qa-ruler-tick.006
Fra:1 Mem:21.70M (Peak 21.85M) | Time:00:00.01 | Mem:0.00M, Peak:0.00M | Scene, ViewLayer | Synchronizing object | platform-edge-cap
Fra:1 Mem:21.71M (Peak 21.85M) | Time:00:00.01 | Mem:0.00M, Peak:0.00M | Scene, ViewLayer | Synchronizing object | qa-ruler-tick.005
Fra:1 Mem:21.71M (Peak 21.85M) | Time:00:00.01 | Mem:0.00M, Peak:0.00M | Scene, ViewLayer | Synchronizing object | qa-ruler-tick.004
Fra:1 Mem:21.71M (Peak 21.85M) | Time:00:00.01 | Mem:0.00M, Peak:0.00M | Scene, ViewLayer | Synchronizing object | tactile-band
Fra:1 Mem:21.71M (Peak 21.85M) | Time:00:00.01 | Mem:0.00M, Peak:0.00M | Scene, ViewLayer | Synchronizing object | qa-ruler-tick.003
Fra:1 Mem:21.72M (Peak 21.85M) | Time:00:00.01 | Mem:0.00M, Peak:0.00M | Scene, ViewLayer | Synchronizing object | qa-ruler-tick.002
Fra:1 Mem:21.71M (Peak 21.85M) | Time:00:00.01 | Mem:0.00M, Peak:0.00M | Scene, ViewLayer | Synchronizing object | tactile-stud
Fra:1 Mem:21.73M (Peak 21.85M) | Time:00:00.01 | Mem:0.00M, Peak:0.00M | Scene, ViewLayer | Synchronizing object | qa-ruler-tick.001
Fra:1 Mem:21.73M (Peak 21.85M) | Time:00:00.01 | Mem:0.00M, Peak:0.00M | Scene, ViewLayer | Synchronizing object | qa-ruler-tick
Fra:1 Mem:21.72M (Peak 21.85M) | Time:00:00.01 | Mem:0.00M, Peak:0.00M | Scene, ViewLayer | Synchronizing object | tactile-stud.001
Fra:1 Mem:21.72M (Peak 21.85M) | Time:00:00.01 | Mem:0.00M, Peak:0.00M | Scene, ViewLayer | Synchronizing object | qa-one-metre-ruler
Fra:1 Mem:21.73M (Peak 21.85M) | Time:00:00.01 | Mem:0.00M, Peak:0.00M | Scene, ViewLayer | Synchronizing object | qa-human-head.001
Fra:1 Mem:21.73M (Peak 21.85M) | Time:00:00.01 | Mem:0.00M, Peak:0.00M | Scene, ViewLayer | Synchronizing object | tactile-stud.002
Fra:1 Mem:21.75M (Peak 21.85M) | Time:00:00.01 | Mem:0.00M, Peak:0.00M | Scene, ViewLayer | Synchronizing object | qa-human-arm.003
Fra:1 Mem:21.74M (Peak 21.85M) | Time:00:00.01 | Mem:0.00M, Peak:0.00M | Scene, ViewLayer | Synchronizing object | tactile-stud.003
Fra:1 Mem:21.77M (Peak 21.85M) | Time:00:00.01 | Mem:0.00M, Peak:0.00M | Scene, ViewLayer | Synchronizing object | tactile-stud.004
Fra:1 Mem:21.77M (Peak 21.85M) | Time:00:00.01 | Mem:0.00M, Peak:0.00M | Scene, ViewLayer | Synchronizing object | tactile-stud.005
Fra:1 Mem:21.77M (Peak 21.85M) | Time:00:00.01 | Mem:0.00M, Peak:0.00M | Scene, ViewLayer | Synchronizing object | qa-human-leg.003
Fra:1 Mem:21.78M (Peak 21.85M) | Time:00:00.01 | Mem:0.00M, Peak:0.00M | Scene, ViewLayer | Synchronizing object | tactile-stud.006
Fra:1 Mem:21.80M (Peak 21.85M) | Time:00:00.01 | Mem:0.00M, Peak:0.00M | Scene, ViewLayer | Synchronizing object | tactile-stud.007
Fra:1 Mem:21.78M (Peak 21.85M) | Time:00:00.01 | Mem:0.00M, Peak:0.00M | Scene, ViewLayer | Synchronizing object | qa-human-arm.002
Fra:1 Mem:21.80M (Peak 21.85M) | Time:00:00.01 | Mem:0.00M, Peak:0.00M | Scene, ViewLayer | Synchronizing object | tactile-stud.008
Fra:1 Mem:21.80M (Peak 21.85M) | Time:00:00.01 | Mem:0.00M, Peak:0.00M | Scene, ViewLayer | Synchronizing object | qa-human-leg.002
Fra:1 Mem:21.80M (Peak 21.85M) | Time:00:00.01 | Mem:0.00M, Peak:0.00M | Scene, ViewLayer | Synchronizing object | tactile-stud.009
Fra:1 Mem:21.83M (Peak 21.85M) | Time:00:00.01 | Mem:0.00M, Peak:0.00M | Scene, ViewLayer | Synchronizing object | tactile-stud.010
Fra:1 Mem:21.83M (Peak 21.85M) | Time:00:00.01 | Mem:0.00M, Peak:0.00M | Scene, ViewLayer | Synchronizing object | qa-human-torso.001
Fra:1 Mem:21.84M (Peak 21.85M) | Time:00:00.01 | Mem:0.00M, Peak:0.00M | Scene, ViewLayer | Synchronizing object | tactile-stud.011
Fra:1 Mem:21.84M (Peak 21.85M) | Time:00:00.01 | Mem:0.00M, Peak:0.00M | Scene, ViewLayer | Synchronizing object | tactile-stud.012
Fra:1 Mem:21.84M (Peak 21.85M) | Time:00:00.01 | Mem:0.00M, Peak:0.00M | Scene, ViewLayer | Synchronizing object | qa-human-head
Fra:1 Mem:21.85M (Peak 21.85M) | Time:00:00.01 | Mem:0.00M, Peak:0.00M | Scene, ViewLayer | Synchronizing object | tactile-stud.013
Fra:1 Mem:21.85M (Peak 21.85M) | Time:00:00.01 | Mem:0.00M, Peak:0.00M | Scene, ViewLayer | Synchronizing object | qa-human-arm.001
Fra:1 Mem:21.87M (Peak 21.87M) | Time:00:00.01 | Mem:0.00M, Peak:0.00M | Scene, ViewLayer | Synchronizing object | tactile-stud.014
Fra:1 Mem:21.87M (Peak 21.87M) | Time:00:00.01 | Mem:0.00M, Peak:0.00M | Scene, ViewLayer | Synchronizing object | qa-human-leg.001
Fra:1 Mem:21.87M (Peak 21.87M) | Time:00:00.01 | Mem:0.00M, Peak:0.00M | Scene, ViewLayer | Synchronizing object | tactile-stud.015
Fra:1 Mem:21.90M (Peak 21.90M) | Time:00:00.01 | Mem:0.00M, Peak:0.00M | Scene, ViewLayer | Synchronizing object | tactile-stud.016
Fra:1 Mem:21.89M (Peak 21.90M) | Time:00:00.01 | Mem:0.00M, Peak:0.00M | Scene, ViewLayer | Synchronizing object | qa-human-arm
Fra:1 Mem:21.90M (Peak 21.90M) | Time:00:00.01 | Mem:0.00M, Peak:0.00M | Scene, ViewLayer | Synchronizing object | tactile-stud.017
Fra:1 Mem:21.92M (Peak 21.92M) | Time:00:00.01 | Mem:0.00M, Peak:0.00M | Scene, ViewLayer | Synchronizing object | tactile-stud.018
Fra:1 Mem:21.91M (Peak 21.92M) | Time:00:00.01 | Mem:0.00M, Peak:0.00M | Scene, ViewLayer | Synchronizing object | qa-human-leg
Fra:1 Mem:21.92M (Peak 21.92M) | Time:00:00.01 | Mem:0.00M, Peak:0.00M | Scene, ViewLayer | Synchronizing object | tactile-stud.019
Fra:1 Mem:21.92M (Peak 21.92M) | Time:00:00.01 | Mem:0.00M, Peak:0.00M | Scene, ViewLayer | Synchronizing object | tactile-stud.020
Fra:1 Mem:21.93M (Peak 21.93M) | Time:00:00.01 | Mem:0.00M, Peak:0.00M | Scene, ViewLayer | Synchronizing object | qa-human-torso
Fra:1 Mem:21.94M (Peak 21.94M) | Time:00:00.01 | Mem:0.00M, Peak:0.00M | Scene, ViewLayer | Synchronizing object | tactile-stud.021
Fra:1 Mem:21.96M (Peak 21.96M) | Time:00:00.01 | Mem:0.00M, Peak:0.00M | Scene, ViewLayer | Synchronizing object | tactile-stud.022
Fra:1 Mem:21.95M (Peak 21.96M) | Time:00:00.01 | Mem:0.00M, Peak:0.00M | Scene, ViewLayer | Synchronizing object | qa-ground
Fra:1 Mem:21.96M (Peak 21.96M) | Time:00:00.01 | Mem:0.00M, Peak:0.00M | Scene, ViewLayer | Synchronizing object | deck-grip-strip.005
Fra:1 Mem:21.95M (Peak 21.96M) | Time:00:00.01 | Mem:0.00M, Peak:0.00M | Scene, ViewLayer | Synchronizing object | tactile-stud.023
Fra:1 Mem:21.95M (Peak 21.96M) | Time:00:00.01 | Mem:0.00M, Peak:0.00M | Scene, ViewLayer | Synchronizing object | deck-grip-strip.004
Fra:1 Mem:21.96M (Peak 21.96M) | Time:00:00.01 | Mem:0.00M, Peak:0.00M | Scene, ViewLayer | Synchronizing object | edge-face-drain
Fra:1 Mem:21.96M (Peak 21.96M) | Time:00:00.01 | Mem:0.00M, Peak:0.00M | Scene, ViewLayer | Synchronizing object | deck-grip-strip.003
Fra:1 Mem:21.96M (Peak 21.96M) | Time:00:00.01 | Mem:0.00M, Peak:0.00M | Scene, ViewLayer | Synchronizing object | edge-face-drain.001
Fra:1 Mem:21.97M (Peak 21.97M) | Time:00:00.01 | Mem:0.00M, Peak:0.00M | Scene, ViewLayer | Synchronizing object | threshold-deck.001
Fra:1 Mem:21.97M (Peak 21.97M) | Time:00:00.01 | Mem:0.00M, Peak:0.00M | Scene, ViewLayer | Synchronizing object | edge-face-drain.002
Fra:1 Mem:21.98M (Peak 21.98M) | Time:00:00.01 | Mem:0.00M, Peak:0.00M | Scene, ViewLayer | Synchronizing object | edge-face-drain.003
Fra:1 Mem:21.97M (Peak 21.98M) | Time:00:00.01 | Mem:0.00M, Peak:0.00M | Scene, ViewLayer | Synchronizing object | deck-grip-strip.002
Fra:1 Mem:21.98M (Peak 21.98M) | Time:00:00.01 | Mem:0.00M, Peak:0.00M | Scene, ViewLayer | Synchronizing object | sign-post--0.85
Fra:1 Mem:21.98M (Peak 21.98M) | Time:00:00.01 | Mem:0.00M, Peak:0.00M | Scene, ViewLayer | Synchronizing object | deck-grip-strip.001
Fra:1 Mem:22.01M (Peak 22.01M) | Time:00:00.01 | Mem:0.00M, Peak:0.00M | Scene, ViewLayer | Synchronizing object | deck-grip-strip
Fra:1 Mem:22.02M (Peak 22.02M) | Time:00:00.01 | Mem:0.00M, Peak:0.00M | Scene, ViewLayer | Synchronizing object | threshold-deck
Fra:1 Mem:22.00M (Peak 22.02M) | Time:00:00.01 | Mem:0.00M, Peak:0.00M | Scene, ViewLayer | Synchronizing object | sign-foot--0.85
Fra:1 Mem:22.01M (Peak 22.02M) | Time:00:00.01 | Mem:0.00M, Peak:0.00M | Scene, ViewLayer | Synchronizing object | generic-destination-rule-2.54
Fra:1 Mem:22.03M (Peak 22.03M) | Time:00:00.01 | Mem:0.00M, Peak:0.00M | Scene, ViewLayer | Synchronizing object | generic-destination-rule-2.67
Fra:1 Mem:22.04M (Peak 22.04M) | Time:00:00.01 | Mem:0.00M, Peak:0.00M | Scene, ViewLayer | Synchronizing object | direction-arrow
Fra:1 Mem:22.02M (Peak 22.04M) | Time:00:00.01 | Mem:0.00M, Peak:0.00M | Scene, ViewLayer | Synchronizing object | sign-post-0.85
Fra:1 Mem:22.06M (Peak 22.06M) | Time:00:00.01 | Mem:0.00M, Peak:0.00M | Scene, ViewLayer | Synchronizing object | guidance-face
Fra:1 Mem:22.05M (Peak 22.06M) | Time:00:00.01 | Mem:0.00M, Peak:0.00M | Scene, ViewLayer | Synchronizing object | sign-foot-0.85
Fra:1 Mem:22.09M (Peak 22.09M) | Time:00:00.01 | Mem:0.00M, Peak:0.00M | Scene, ViewLayer | Synchronizing object | guidance-panel
Fra:1 Mem:22.09M (Peak 22.09M) | Time:00:00.01 | Mem:0.00M, Peak:0.00M | Scene, ViewLayer | Initializing
Fra:1 Mem:17.99M (Peak 22.09M) | Time:00:00.01 | Mem:0.00M, Peak:0.00M | Scene, ViewLayer | Waiting for render to start
Fra:1 Mem:17.99M (Peak 22.09M) | Time:00:00.01 | Mem:0.00M, Peak:0.00M | Scene, ViewLayer | Loading render kernels (may take a few minutes the first time)
Fra:1 Mem:17.99M (Peak 22.09M) | Time:00:00.01 | Mem:0.00M, Peak:0.00M | Scene, ViewLayer | Updating Scene
Fra:1 Mem:17.99M (Peak 22.09M) | Time:00:00.01 | Mem:0.00M, Peak:0.00M | Scene, ViewLayer | Updating Shaders
Fra:1 Mem:18.08M (Peak 22.09M) | Time:00:00.01 | Mem:0.01M, Peak:0.01M | Scene, ViewLayer | Updating Procedurals
Fra:1 Mem:18.08M (Peak 22.09M) | Time:00:00.01 | Mem:0.01M, Peak:0.01M | Scene, ViewLayer | Updating Background
Fra:1 Mem:18.08M (Peak 22.09M) | Time:00:00.01 | Mem:0.01M, Peak:0.01M | Scene, ViewLayer | Updating Camera
Fra:1 Mem:18.08M (Peak 22.09M) | Time:00:00.01 | Mem:0.01M, Peak:0.01M | Scene, ViewLayer | Updating Meshes Flags
Fra:1 Mem:18.08M (Peak 22.09M) | Time:00:00.01 | Mem:0.01M, Peak:0.01M | Scene, ViewLayer | Updating Objects
Fra:1 Mem:18.08M (Peak 22.09M) | Time:00:00.01 | Mem:0.01M, Peak:0.01M | Scene, ViewLayer | Updating Objects | Copying Transformations to device
Fra:1 Mem:18.10M (Peak 22.09M) | Time:00:00.01 | Mem:0.03M, Peak:0.03M | Scene, ViewLayer | Updating Objects | Applying Static Transformations
Fra:1 Mem:18.10M (Peak 22.09M) | Time:00:00.01 | Mem:0.03M, Peak:0.03M | Scene, ViewLayer | Updating Particle Systems
Fra:1 Mem:18.10M (Peak 22.09M) | Time:00:00.01 | Mem:0.03M, Peak:0.03M | Scene, ViewLayer | Updating Particle Systems | Copying Particles to device
Fra:1 Mem:18.10M (Peak 22.09M) | Time:00:00.01 | Mem:0.03M, Peak:0.03M | Scene, ViewLayer | Updating Meshes
Fra:1 Mem:18.16M (Peak 22.09M) | Time:00:00.01 | Mem:0.03M, Peak:0.03M | Scene, ViewLayer | Updating Mesh | Computing attributes
Fra:1 Mem:18.28M (Peak 22.09M) | Time:00:00.01 | Mem:0.04M, Peak:0.04M | Scene, ViewLayer | Updating Mesh | Copying Attributes to device
Fra:1 Mem:18.26M (Peak 22.09M) | Time:00:00.01 | Mem:0.13M, Peak:0.13M | Scene, ViewLayer | Updating Scene BVH | Building
Fra:1 Mem:18.26M (Peak 22.09M) | Time:00:00.01 | Mem:0.13M, Peak:0.13M | Scene, ViewLayer | Updating Scene BVH | Building BVH
Fra:1 Mem:18.26M (Peak 22.09M) | Time:00:00.01 | Mem:0.25M, Peak:0.25M | Scene, ViewLayer | Updating Scene BVH | Building BVH 0%
Fra:1 Mem:18.26M (Peak 22.09M) | Time:00:00.01 | Mem:0.40M, Peak:0.53M | Scene, ViewLayer | Updating Scene BVH | Copying BVH to device
Fra:1 Mem:18.26M (Peak 22.09M) | Time:00:00.01 | Mem:0.40M, Peak:0.53M | Scene, ViewLayer | Updating Mesh | Computing normals
Fra:1 Mem:18.59M (Peak 22.09M) | Time:00:00.01 | Mem:0.40M, Peak:0.53M | Scene, ViewLayer | Updating Mesh | Copying Mesh to device
Fra:1 Mem:18.59M (Peak 22.09M) | Time:00:00.01 | Mem:0.73M, Peak:0.73M | Scene, ViewLayer | Updating Objects Flags
Fra:1 Mem:18.59M (Peak 22.09M) | Time:00:00.01 | Mem:0.73M, Peak:0.73M | Scene, ViewLayer | Updating Primitive Offsets
Fra:1 Mem:18.59M (Peak 22.09M) | Time:00:00.01 | Mem:0.73M, Peak:0.73M | Scene, ViewLayer | Updating Images
Fra:1 Mem:18.59M (Peak 22.09M) | Time:00:00.01 | Mem:0.73M, Peak:0.73M | Scene, ViewLayer | Updating Camera Volume
Fra:1 Mem:18.59M (Peak 22.09M) | Time:00:00.01 | Mem:0.73M, Peak:0.73M | Scene, ViewLayer | Updating Lookup Tables
Fra:1 Mem:18.59M (Peak 22.09M) | Time:00:00.01 | Mem:0.81M, Peak:0.81M | Scene, ViewLayer | Updating Lights
Fra:1 Mem:18.59M (Peak 22.09M) | Time:00:00.01 | Mem:0.82M, Peak:0.82M | Scene, ViewLayer | Updating Lights | Computing tree
Fra:1 Mem:18.59M (Peak 22.09M) | Time:00:00.01 | Mem:0.82M, Peak:0.82M | Scene, ViewLayer | Updating Integrator
Fra:1 Mem:18.59M (Peak 22.09M) | Time:00:00.01 | Mem:0.82M, Peak:0.82M | Scene, ViewLayer | Updating Film
Fra:1 Mem:18.60M (Peak 22.09M) | Time:00:00.01 | Mem:0.74M, Peak:0.82M | Scene, ViewLayer | Updating Lookup Tables
Fra:1 Mem:18.60M (Peak 22.09M) | Time:00:00.01 | Mem:0.82M, Peak:0.82M | Scene, ViewLayer | Updating Baking
Fra:1 Mem:18.60M (Peak 22.09M) | Time:00:00.01 | Mem:0.82M, Peak:0.82M | Scene, ViewLayer | Updating Device | Writing constant memory
Fra:1 Mem:18.60M (Peak 22.09M) | Time:00:00.01 | Mem:0.82M, Peak:0.82M | Scene, ViewLayer | Sample 0/32
Fra:1 Mem:31.24M (Peak 31.24M) | Time:00:00.36 | Remaining:00:10.71 | Mem:13.45M, Peak:13.45M | Scene, ViewLayer | Sample 1/32
Fra:1 Mem:36.86M (Peak 48.09M) | Time:00:09.90 | Mem:13.45M, Peak:13.45M | Scene, ViewLayer | Sample 32/32
Fra:1 Mem:36.86M (Peak 48.09M) | Time:00:09.90 | Mem:13.45M, Peak:13.45M | Scene, ViewLayer | Finished
Saved: '/workspace/scratch/7c20b5ba4165/atlas-backlog-oct3/tools/assets/transit-station-spaces/qa/previews/modules-lod0-overcast.png'
Time: 00:09.95 (Saving: 00:00.05)

Extensions: writing cache failed ([Errno 30] Read-only file system: '/home/agent/.config/blender').
16:18:11 | INFO: Data are loaded, start creating Blender stuff
16:18:11 | INFO: Blender create Mesh node ground-foot-editable-mesh
16:18:11 | INFO: Blender create Mesh node pole-editable-mesh
16:18:11 | INFO: Blender create Mesh node stop-sign-frame-editable-mesh
16:18:11 | INFO: Blender create Mesh node stop-sign-face-editable-mesh
16:18:11 | INFO: Blender create Mesh node bus-pictogram-body-editable-mesh
16:18:11 | INFO: Blender create Mesh node bus-pictogram-window-editable-mesh
16:18:11 | INFO: Blender create Mesh node bus-pictogram-wheel--0.1-editable-mesh
16:18:11 | INFO: Blender create Mesh node bus-pictogram-wheel-0.1-editable-mesh
16:18:11 | INFO: Blender create Mesh node generic-route-rule-editable-mesh
16:18:11 | INFO: Blender create Mesh node sign-mount--0.21-editable-mesh
16:18:11 | INFO: Blender create Mesh node sign-mount-0.21-editable-mesh
16:18:11 | INFO: glTF import finished in 0.01s
16:18:11 | INFO: Data are loaded, start creating Blender stuff
16:18:11 | INFO: Blender create Mesh node platform-foundation-editable-mesh
16:18:11 | INFO: Blender create Mesh node platform-deck-editable-mesh
16:18:11 | INFO: Blender create Mesh node platform-edge-cap-editable-mesh
16:18:11 | INFO: Blender create Mesh node tactile-band-editable-mesh
16:18:11 | INFO: Blender create Mesh node tactile-stud-editable-mesh
16:18:11 | INFO: Blender create Mesh node tactile-stud-editable-mesh.001
16:18:11 | INFO: Blender create Mesh node tactile-stud-editable-mesh.002
16:18:11 | INFO: Blender create Mesh node tactile-stud-editable-mesh.003
16:18:11 | INFO: Blender create Mesh node tactile-stud-editable-mesh.004
16:18:11 | INFO: Blender create Mesh node tactile-stud-editable-mesh.005
16:18:11 | INFO: Blender create Mesh node tactile-stud-editable-mesh.006
16:18:11 | INFO: Blender create Mesh node tactile-stud-editable-mesh.007
16:18:11 | INFO: Blender create Mesh node tactile-stud-editable-mesh.008
16:18:11 | INFO: Blender create Mesh node tactile-stud-editable-mesh.009
16:18:11 | INFO: Blender create Mesh node tactile-stud-editable-mesh.010
16:18:11 | INFO: Blender create Mesh node tactile-stud-editable-mesh.011
16:18:11 | INFO: Blender create Mesh node tactile-stud-editable-mesh.012
16:18:11 | INFO: Blender create Mesh node tactile-stud-editable-mesh.013
16:18:11 | INFO: Blender create Mesh node tactile-stud-editable-mesh.014
16:18:11 | INFO: Blender create Mesh node tactile-stud-editable-mesh.015
16:18:11 | INFO: Blender create Mesh node tactile-stud-editable-mesh.016
16:18:11 | INFO: Blender create Mesh node tactile-stud-editable-mesh.017
16:18:11 | INFO: Blender create Mesh node tactile-stud-editable-mesh.018
16:18:11 | INFO: Blender create Mesh node tactile-stud-editable-mesh.019
16:18:11 | INFO: Blender create Mesh node tactile-stud-editable-mesh.020
16:18:11 | INFO: Blender create Mesh node tactile-stud-editable-mesh.021
16:18:11 | INFO: Blender create Mesh node tactile-stud-editable-mesh.022
16:18:11 | INFO: Blender create Mesh node tactile-stud-editable-mesh.023
16:18:11 | INFO: Blender create Mesh node edge-face-drain-editable-mesh
16:18:11 | INFO: Blender create Mesh node edge-face-drain-editable-mesh.001
16:18:11 | INFO: Blender create Mesh node edge-face-drain-editable-mesh.002
16:18:11 | INFO: Blender create Mesh node edge-face-drain-editable-mesh.003
16:18:11 | INFO: glTF import finished in 0.02s
16:18:11 | INFO: Data are loaded, start creating Blender stuff
16:18:11 | INFO: Blender create Mesh node sign-post--0.85-editable-mesh
16:18:11 | INFO: Blender create Mesh node sign-foot--0.85-editable-mesh
16:18:11 | INFO: Blender create Mesh node sign-post-0.85-editable-mesh
16:18:11 | INFO: Blender create Mesh node sign-foot-0.85-editable-mesh
16:18:11 | INFO: Blender create Mesh node guidance-panel-editable-mesh
16:18:11 | INFO: Blender create Mesh node guidance-face-editable-mesh
16:18:11 | INFO: Blender create Mesh node direction-arrow-editable-mesh
16:18:11 | INFO: Blender create Mesh node generic-destination-rule-2.67-editable-mesh
16:18:11 | INFO: Blender create Mesh node generic-destination-rule-2.54-editable-mesh
16:18:11 | INFO: glTF import finished in 0.01s
16:18:11 | INFO: Data are loaded, start creating Blender stuff
16:18:11 | INFO: Blender create Mesh node threshold-deck-editable-mesh
16:18:11 | INFO: Blender create Mesh node deck-grip-strip-editable-mesh
16:18:11 | INFO: Blender create Mesh node deck-grip-strip-editable-mesh.001
16:18:11 | INFO: Blender create Mesh node deck-grip-strip-editable-mesh.002
16:18:11 | INFO: glTF import finished in 0.01s
16:18:11 | INFO: Data are loaded, start creating Blender stuff
16:18:11 | INFO: Blender create Mesh node threshold-deck-editable-mesh
16:18:11 | INFO: Blender create Mesh node deck-grip-strip-editable-mesh
16:18:11 | INFO: Blender create Mesh node deck-grip-strip-editable-mesh.001
16:18:11 | INFO: Blender create Mesh node deck-grip-strip-editable-mesh.002
16:18:11 | INFO: glTF import finished in 0.01s
Fra:1 Mem:21.52M (Peak 22.01M) | Time:00:00.00 | Mem:0.00M, Peak:0.00M | Scene, ViewLayer | Synchronizing object | ground-foot
Fra:1 Mem:21.53M (Peak 22.01M) | Time:00:00.00 | Mem:0.00M, Peak:0.00M | Scene, ViewLayer | Synchronizing object | pole
Fra:1 Mem:21.54M (Peak 22.01M) | Time:00:00.00 | Mem:0.00M, Peak:0.00M | Scene, ViewLayer | Synchronizing object | stop-sign-frame
Fra:1 Mem:21.56M (Peak 22.01M) | Time:00:00.00 | Mem:0.00M, Peak:0.00M | Scene, ViewLayer | Synchronizing object | stop-sign-face
Fra:1 Mem:21.58M (Peak 22.01M) | Time:00:00.00 | Mem:0.00M, Peak:0.00M | Scene, ViewLayer | Synchronizing object | bus-pictogram-body
Fra:1 Mem:21.60M (Peak 22.01M) | Time:00:00.00 | Mem:0.00M, Peak:0.00M | Scene, ViewLayer | Synchronizing object | qa-label
Fra:1 Mem:21.61M (Peak 22.01M) | Time:00:00.00 | Mem:0.00M, Peak:0.00M | Scene, ViewLayer | Synchronizing object | bus-pictogram-window
Fra:1 Mem:21.62M (Peak 22.01M) | Time:00:00.00 | Mem:0.00M, Peak:0.00M | Scene, ViewLayer | Synchronizing object | qa-label.001
Fra:1 Mem:21.62M (Peak 22.01M) | Time:00:00.00 | Mem:0.00M, Peak:0.00M | Scene, ViewLayer | Synchronizing object | bus-pictogram-wheel--0.1
Fra:1 Mem:21.67M (Peak 22.01M) | Time:00:00.00 | Mem:0.00M, Peak:0.00M | Scene, ViewLayer | Synchronizing object | bus-pictogram-wheel-0.1
Fra:1 Mem:21.68M (Peak 22.01M) | Time:00:00.00 | Mem:0.00M, Peak:0.00M | Scene, ViewLayer | Synchronizing object | generic-route-rule
Fra:1 Mem:21.69M (Peak 22.01M) | Time:00:00.00 | Mem:0.00M, Peak:0.00M | Scene, ViewLayer | Synchronizing object | qa-ruler-tick.010
Fra:1 Mem:21.68M (Peak 22.01M) | Time:00:00.00 | Mem:0.00M, Peak:0.00M | Scene, ViewLayer | Synchronizing object | sign-mount--0.21
Fra:1 Mem:21.69M (Peak 22.01M) | Time:00:00.00 | Mem:0.00M, Peak:0.00M | Scene, ViewLayer | Synchronizing object | qa-ruler-tick.009
Fra:1 Mem:21.70M (Peak 22.01M) | Time:00:00.00 | Mem:0.00M, Peak:0.00M | Scene, ViewLayer | Synchronizing object | qa-ruler-tick.008
Fra:1 Mem:21.69M (Peak 22.01M) | Time:00:00.00 | Mem:0.00M, Peak:0.00M | Scene, ViewLayer | Synchronizing object | qa-ruler-tick.007
Fra:1 Mem:21.71M (Peak 22.01M) | Time:00:00.00 | Mem:0.00M, Peak:0.00M | Scene, ViewLayer | Synchronizing object | qa-ruler-tick.006
Fra:1 Mem:21.71M (Peak 22.01M) | Time:00:00.00 | Mem:0.00M, Peak:0.00M | Scene, ViewLayer | Synchronizing object | qa-ruler-tick.005
Fra:1 Mem:21.69M (Peak 22.01M) | Time:00:00.00 | Mem:0.00M, Peak:0.00M | Scene, ViewLayer | Synchronizing object | sign-mount-0.21
Fra:1 Mem:21.69M (Peak 22.01M) | Time:00:00.00 | Mem:0.00M, Peak:0.00M | Scene, ViewLayer | Synchronizing object | qa-ruler-tick.004
Fra:1 Mem:21.71M (Peak 22.01M) | Time:00:00.00 | Mem:0.00M, Peak:0.00M | Scene, ViewLayer | Synchronizing object | qa-ruler-tick.003
Fra:1 Mem:21.72M (Peak 22.01M) | Time:00:00.00 | Mem:0.00M, Peak:0.00M | Scene, ViewLayer | Synchronizing object | qa-ruler-tick.002
Fra:1 Mem:21.72M (Peak 22.01M) | Time:00:00.00 | Mem:0.00M, Peak:0.00M | Scene, ViewLayer | Synchronizing object | qa-ruler-tick.001
Fra:1 Mem:21.72M (Peak 22.01M) | Time:00:00.00 | Mem:0.00M, Peak:0.00M | Scene, ViewLayer | Synchronizing object | qa-ruler-tick
Fra:1 Mem:21.71M (Peak 22.01M) | Time:00:00.00 | Mem:0.00M, Peak:0.00M | Scene, ViewLayer | Synchronizing object | platform-foundation
Fra:1 Mem:21.71M (Peak 22.01M) | Time:00:00.00 | Mem:0.00M, Peak:0.00M | Scene, ViewLayer | Synchronizing object | qa-one-metre-ruler
Fra:1 Mem:21.72M (Peak 22.01M) | Time:00:00.00 | Mem:0.00M, Peak:0.00M | Scene, ViewLayer | Synchronizing object | qa-human-head.001
Fra:1 Mem:21.72M (Peak 22.01M) | Time:00:00.00 | Mem:0.00M, Peak:0.00M | Scene, ViewLayer | Synchronizing object | platform-deck
Fra:1 Mem:21.72M (Peak 22.01M) | Time:00:00.00 | Mem:0.00M, Peak:0.00M | Scene, ViewLayer | Synchronizing object | qa-human-arm.003
Fra:1 Mem:21.73M (Peak 22.01M) | Time:00:00.00 | Mem:0.00M, Peak:0.00M | Scene, ViewLayer | Synchronizing object | platform-edge-cap
Fra:1 Mem:21.74M (Peak 22.01M) | Time:00:00.00 | Mem:0.00M, Peak:0.00M | Scene, ViewLayer | Synchronizing object | tactile-band
Fra:1 Mem:21.75M (Peak 22.01M) | Time:00:00.00 | Mem:0.00M, Peak:0.00M | Scene, ViewLayer | Synchronizing object | tactile-stud
Fra:1 Mem:21.75M (Peak 22.01M) | Time:00:00.00 | Mem:0.00M, Peak:0.00M | Scene, ViewLayer | Synchronizing object | qa-human-leg.003
Fra:1 Mem:21.77M (Peak 22.01M) | Time:00:00.00 | Mem:0.00M, Peak:0.00M | Scene, ViewLayer | Synchronizing object | tactile-stud.001
Fra:1 Mem:21.78M (Peak 22.01M) | Time:00:00.00 | Mem:0.00M, Peak:0.00M | Scene, ViewLayer | Synchronizing object | tactile-stud.002
Fra:1 Mem:21.77M (Peak 22.01M) | Time:00:00.00 | Mem:0.00M, Peak:0.00M | Scene, ViewLayer | Synchronizing object | qa-human-arm.002
Fra:1 Mem:21.78M (Peak 22.01M) | Time:00:00.00 | Mem:0.00M, Peak:0.00M | Scene, ViewLayer | Synchronizing object | tactile-stud.003
Fra:1 Mem:21.78M (Peak 22.01M) | Time:00:00.00 | Mem:0.00M, Peak:0.00M | Scene, ViewLayer | Synchronizing object | qa-human-leg.002
Fra:1 Mem:21.79M (Peak 22.01M) | Time:00:00.00 | Mem:0.00M, Peak:0.00M | Scene, ViewLayer | Synchronizing object | tactile-stud.004
Fra:1 Mem:21.81M (Peak 22.01M) | Time:00:00.00 | Mem:0.00M, Peak:0.00M | Scene, ViewLayer | Synchronizing object | tactile-stud.005
Fra:1 Mem:21.81M (Peak 22.01M) | Time:00:00.00 | Mem:0.00M, Peak:0.00M | Scene, ViewLayer | Synchronizing object | qa-human-torso.001
Fra:1 Mem:21.81M (Peak 22.01M) | Time:00:00.00 | Mem:0.00M, Peak:0.00M | Scene, ViewLayer | Synchronizing object | tactile-stud.006
Fra:1 Mem:21.83M (Peak 22.01M) | Time:00:00.00 | Mem:0.00M, Peak:0.00M | Scene, ViewLayer | Synchronizing object | tactile-stud.007
Fra:1 Mem:21.83M (Peak 22.01M) | Time:00:00.00 | Mem:0.00M, Peak:0.00M | Scene, ViewLayer | Synchronizing object | qa-human-head
Fra:1 Mem:21.83M (Peak 22.01M) | Time:00:00.00 | Mem:0.00M, Peak:0.00M | Scene, ViewLayer | Synchronizing object | tactile-stud.008
Fra:1 Mem:21.84M (Peak 22.01M) | Time:00:00.00 | Mem:0.00M, Peak:0.00M | Scene, ViewLayer | Synchronizing object | qa-human-arm.001
Fra:1 Mem:21.84M (Peak 22.01M) | Time:00:00.00 | Mem:0.00M, Peak:0.00M | Scene, ViewLayer | Synchronizing object | tactile-stud.009
Fra:1 Mem:21.85M (Peak 22.01M) | Time:00:00.00 | Mem:0.00M, Peak:0.00M | Scene, ViewLayer | Synchronizing object | tactile-stud.010
Fra:1 Mem:21.85M (Peak 22.01M) | Time:00:00.00 | Mem:0.00M, Peak:0.00M | Scene, ViewLayer | Synchronizing object | qa-human-leg.001
Fra:1 Mem:21.87M (Peak 22.01M) | Time:00:00.00 | Mem:0.00M, Peak:0.00M | Scene, ViewLayer | Synchronizing object | tactile-stud.011
Fra:1 Mem:21.88M (Peak 22.01M) | Time:00:00.00 | Mem:0.00M, Peak:0.00M | Scene, ViewLayer | Synchronizing object | qa-human-arm
Fra:1 Mem:21.87M (Peak 22.01M) | Time:00:00.00 | Mem:0.00M, Peak:0.00M | Scene, ViewLayer | Synchronizing object | tactile-stud.012
Fra:1 Mem:21.90M (Peak 22.01M) | Time:00:00.00 | Mem:0.00M, Peak:0.00M | Scene, ViewLayer | Synchronizing object | tactile-stud.013
Fra:1 Mem:21.90M (Peak 22.01M) | Time:00:00.00 | Mem:0.00M, Peak:0.00M | Scene, ViewLayer | Synchronizing object | qa-human-leg
Fra:1 Mem:21.89M (Peak 22.01M) | Time:00:00.00 | Mem:0.00M, Peak:0.00M | Scene, ViewLayer | Synchronizing object | tactile-stud.014
Fra:1 Mem:21.92M (Peak 22.01M) | Time:00:00.00 | Mem:0.00M, Peak:0.00M | Scene, ViewLayer | Synchronizing object | tactile-stud.015
Fra:1 Mem:21.92M (Peak 22.01M) | Time:00:00.00 | Mem:0.00M, Peak:0.00M | Scene, ViewLayer | Synchronizing object | qa-human-torso
Fra:1 Mem:21.93M (Peak 22.01M) | Time:00:00.00 | Mem:0.00M, Peak:0.00M | Scene, ViewLayer | Synchronizing object | tactile-stud.016
Fra:1 Mem:21.94M (Peak 22.01M) | Time:00:00.00 | Mem:0.00M, Peak:0.00M | Scene, ViewLayer | Synchronizing object | tactile-stud.017
Fra:1 Mem:21.94M (Peak 22.01M) | Time:00:00.00 | Mem:0.00M, Peak:0.00M | Scene, ViewLayer | Synchronizing object | qa-ground
Fra:1 Mem:21.94M (Peak 22.01M) | Time:00:00.00 | Mem:0.00M, Peak:0.00M | Scene, ViewLayer | Synchronizing object | deck-grip-strip.005
Fra:1 Mem:21.93M (Peak 22.01M) | Time:00:00.00 | Mem:0.00M, Peak:0.00M | Scene, ViewLayer | Synchronizing object | tactile-stud.018
Fra:1 Mem:21.94M (Peak 22.01M) | Time:00:00.00 | Mem:0.00M, Peak:0.00M | Scene, ViewLayer | Synchronizing object | deck-grip-strip.004
Fra:1 Mem:21.94M (Peak 22.01M) | Time:00:00.00 | Mem:0.00M, Peak:0.00M | Scene, ViewLayer | Synchronizing object | tactile-stud.019
Fra:1 Mem:21.95M (Peak 22.01M) | Time:00:00.00 | Mem:0.00M, Peak:0.00M | Scene, ViewLayer | Synchronizing object | deck-grip-strip.003
Fra:1 Mem:21.95M (Peak 22.01M) | Time:00:00.00 | Mem:0.00M, Peak:0.00M | Scene, ViewLayer | Synchronizing object | tactile-stud.020
Fra:1 Mem:21.96M (Peak 22.01M) | Time:00:00.00 | Mem:0.00M, Peak:0.00M | Scene, ViewLayer | Synchronizing object | threshold-deck.001
Fra:1 Mem:21.95M (Peak 22.01M) | Time:00:00.00 | Mem:0.00M, Peak:0.00M | Scene, ViewLayer | Synchronizing object | tactile-stud.021
Fra:1 Mem:21.95M (Peak 22.01M) | Time:00:00.00 | Mem:0.00M, Peak:0.00M | Scene, ViewLayer | Synchronizing object | tactile-stud.022
Fra:1 Mem:21.95M (Peak 22.01M) | Time:00:00.00 | Mem:0.00M, Peak:0.00M | Scene, ViewLayer | Synchronizing object | deck-grip-strip.002
Fra:1 Mem:21.96M (Peak 22.01M) | Time:00:00.00 | Mem:0.00M, Peak:0.00M | Scene, ViewLayer | Synchronizing object | deck-grip-strip.001
Fra:1 Mem:21.96M (Peak 22.01M) | Time:00:00.00 | Mem:0.00M, Peak:0.00M | Scene, ViewLayer | Synchronizing object | tactile-stud.023
Fra:1 Mem:21.97M (Peak 22.01M) | Time:00:00.00 | Mem:0.00M, Peak:0.00M | Scene, ViewLayer | Synchronizing object | deck-grip-strip
Fra:1 Mem:21.97M (Peak 22.01M) | Time:00:00.00 | Mem:0.00M, Peak:0.00M | Scene, ViewLayer | Synchronizing object | edge-face-drain
Fra:1 Mem:21.97M (Peak 22.01M) | Time:00:00.00 | Mem:0.00M, Peak:0.00M | Scene, ViewLayer | Synchronizing object | threshold-deck
Fra:1 Mem:21.98M (Peak 22.01M) | Time:00:00.00 | Mem:0.00M, Peak:0.00M | Scene, ViewLayer | Synchronizing object | edge-face-drain.001
Fra:1 Mem:21.98M (Peak 22.01M) | Time:00:00.00 | Mem:0.00M, Peak:0.00M | Scene, ViewLayer | Synchronizing object | generic-destination-rule-2.54
Fra:1 Mem:21.98M (Peak 22.01M) | Time:00:00.00 | Mem:0.00M, Peak:0.00M | Scene, ViewLayer | Synchronizing object | edge-face-drain.002
Fra:1 Mem:21.99M (Peak 22.01M) | Time:00:00.00 | Mem:0.00M, Peak:0.00M | Scene, ViewLayer | Synchronizing object | generic-destination-rule-2.67
Fra:1 Mem:21.98M (Peak 22.01M) | Time:00:00.00 | Mem:0.00M, Peak:0.00M | Scene, ViewLayer | Synchronizing object | edge-face-drain.003
Fra:1 Mem:21.99M (Peak 22.01M) | Time:00:00.00 | Mem:0.00M, Peak:0.00M | Scene, ViewLayer | Synchronizing object | direction-arrow
Fra:1 Mem:21.99M (Peak 22.01M) | Time:00:00.00 | Mem:0.00M, Peak:0.00M | Scene, ViewLayer | Synchronizing object | sign-post--0.85
Fra:1 Mem:22.02M (Peak 22.02M) | Time:00:00.00 | Mem:0.00M, Peak:0.00M | Scene, ViewLayer | Synchronizing object | guidance-face
Fra:1 Mem:22.05M (Peak 22.05M) | Time:00:00.00 | Mem:0.00M, Peak:0.00M | Scene, ViewLayer | Synchronizing object | sign-foot--0.85
Fra:1 Mem:22.04M (Peak 22.05M) | Time:00:00.00 | Mem:0.00M, Peak:0.00M | Scene, ViewLayer | Synchronizing object | guidance-panel
Fra:1 Mem:22.06M (Peak 22.06M) | Time:00:00.00 | Mem:0.00M, Peak:0.00M | Scene, ViewLayer | Synchronizing object | sign-post-0.85
Fra:1 Mem:22.10M (Peak 22.10M) | Time:00:00.00 | Mem:0.00M, Peak:0.00M | Scene, ViewLayer | Synchronizing object | sign-foot-0.85
Fra:1 Mem:22.09M (Peak 22.10M) | Time:00:00.00 | Mem:0.00M, Peak:0.00M | Scene, ViewLayer | Initializing
Fra:1 Mem:17.99M (Peak 22.10M) | Time:00:00.01 | Mem:0.00M, Peak:0.00M | Scene, ViewLayer | Waiting for render to start
Fra:1 Mem:17.99M (Peak 22.10M) | Time:00:00.01 | Mem:0.00M, Peak:0.00M | Scene, ViewLayer | Loading render kernels (may take a few minutes the first time)
Fra:1 Mem:17.99M (Peak 22.10M) | Time:00:00.01 | Mem:0.00M, Peak:0.00M | Scene, ViewLayer | Updating Scene
Fra:1 Mem:17.99M (Peak 22.10M) | Time:00:00.01 | Mem:0.00M, Peak:0.00M | Scene, ViewLayer | Updating Shaders
Fra:1 Mem:18.08M (Peak 22.10M) | Time:00:00.01 | Mem:0.01M, Peak:0.01M | Scene, ViewLayer | Updating Procedurals
Fra:1 Mem:18.08M (Peak 22.10M) | Time:00:00.01 | Mem:0.01M, Peak:0.01M | Scene, ViewLayer | Updating Background
Fra:1 Mem:18.08M (Peak 22.10M) | Time:00:00.01 | Mem:0.01M, Peak:0.01M | Scene, ViewLayer | Updating Camera
Fra:1 Mem:18.08M (Peak 22.10M) | Time:00:00.01 | Mem:0.01M, Peak:0.01M | Scene, ViewLayer | Updating Meshes Flags
Fra:1 Mem:18.08M (Peak 22.10M) | Time:00:00.01 | Mem:0.01M, Peak:0.01M | Scene, ViewLayer | Updating Objects
Fra:1 Mem:18.08M (Peak 22.10M) | Time:00:00.01 | Mem:0.01M, Peak:0.01M | Scene, ViewLayer | Updating Objects | Copying Transformations to device
Fra:1 Mem:18.10M (Peak 22.10M) | Time:00:00.01 | Mem:0.03M, Peak:0.03M | Scene, ViewLayer | Updating Objects | Applying Static Transformations
Fra:1 Mem:18.10M (Peak 22.10M) | Time:00:00.01 | Mem:0.03M, Peak:0.03M | Scene, ViewLayer | Updating Particle Systems
Fra:1 Mem:18.10M (Peak 22.10M) | Time:00:00.01 | Mem:0.03M, Peak:0.03M | Scene, ViewLayer | Updating Particle Systems | Copying Particles to device
Fra:1 Mem:18.10M (Peak 22.10M) | Time:00:00.01 | Mem:0.03M, Peak:0.03M | Scene, ViewLayer | Updating Meshes
Fra:1 Mem:18.16M (Peak 22.10M) | Time:00:00.01 | Mem:0.03M, Peak:0.03M | Scene, ViewLayer | Updating Mesh | Computing attributes
Fra:1 Mem:18.28M (Peak 22.10M) | Time:00:00.01 | Mem:0.04M, Peak:0.04M | Scene, ViewLayer | Updating Mesh | Copying Attributes to device
Fra:1 Mem:18.26M (Peak 22.10M) | Time:00:00.01 | Mem:0.13M, Peak:0.13M | Scene, ViewLayer | Updating Scene BVH | Building
Fra:1 Mem:18.26M (Peak 22.10M) | Time:00:00.01 | Mem:0.13M, Peak:0.13M | Scene, ViewLayer | Updating Scene BVH | Building BVH
Fra:1 Mem:18.26M (Peak 22.10M) | Time:00:00.01 | Mem:0.25M, Peak:0.25M | Scene, ViewLayer | Updating Scene BVH | Building BVH 0%
Fra:1 Mem:18.26M (Peak 22.10M) | Time:00:00.01 | Mem:0.40M, Peak:0.53M | Scene, ViewLayer | Updating Scene BVH | Copying BVH to device
Fra:1 Mem:18.26M (Peak 22.10M) | Time:00:00.01 | Mem:0.40M, Peak:0.53M | Scene, ViewLayer | Updating Mesh | Computing normals
Fra:1 Mem:18.59M (Peak 22.10M) | Time:00:00.01 | Mem:0.40M, Peak:0.53M | Scene, ViewLayer | Updating Mesh | Copying Mesh to device
Fra:1 Mem:18.59M (Peak 22.10M) | Time:00:00.01 | Mem:0.73M, Peak:0.73M | Scene, ViewLayer | Updating Objects Flags
Fra:1 Mem:18.59M (Peak 22.10M) | Time:00:00.01 | Mem:0.73M, Peak:0.73M | Scene, ViewLayer | Updating Primitive Offsets
Fra:1 Mem:18.59M (Peak 22.10M) | Time:00:00.01 | Mem:0.73M, Peak:0.73M | Scene, ViewLayer | Updating Images
Fra:1 Mem:18.59M (Peak 22.10M) | Time:00:00.01 | Mem:0.73M, Peak:0.73M | Scene, ViewLayer | Updating Camera Volume
Fra:1 Mem:18.59M (Peak 22.10M) | Time:00:00.01 | Mem:0.73M, Peak:0.73M | Scene, ViewLayer | Updating Lookup Tables
Fra:1 Mem:18.59M (Peak 22.10M) | Time:00:00.01 | Mem:0.81M, Peak:0.81M | Scene, ViewLayer | Updating Lights
Fra:1 Mem:18.59M (Peak 22.10M) | Time:00:00.01 | Mem:0.82M, Peak:0.82M | Scene, ViewLayer | Updating Lights | Computing tree
Fra:1 Mem:18.59M (Peak 22.10M) | Time:00:00.01 | Mem:0.82M, Peak:0.82M | Scene, ViewLayer | Updating Integrator
Fra:1 Mem:18.59M (Peak 22.10M) | Time:00:00.01 | Mem:0.82M, Peak:0.82M | Scene, ViewLayer | Updating Film
Fra:1 Mem:18.60M (Peak 22.10M) | Time:00:00.01 | Mem:0.74M, Peak:0.82M | Scene, ViewLayer | Updating Lookup Tables
Fra:1 Mem:18.60M (Peak 22.10M) | Time:00:00.01 | Mem:0.82M, Peak:0.82M | Scene, ViewLayer | Updating Baking
Fra:1 Mem:18.60M (Peak 22.10M) | Time:00:00.01 | Mem:0.82M, Peak:0.82M | Scene, ViewLayer | Updating Device | Writing constant memory
Fra:1 Mem:18.60M (Peak 22.10M) | Time:00:00.01 | Mem:0.82M, Peak:0.82M | Scene, ViewLayer | Sample 0/32
Fra:1 Mem:31.24M (Peak 31.24M) | Time:00:00.34 | Remaining:00:10.22 | Mem:13.45M, Peak:13.45M | Scene, ViewLayer | Sample 1/32
Fra:1 Mem:36.86M (Peak 48.09M) | Time:00:09.86 | Mem:13.45M, Peak:13.45M | Scene, ViewLayer | Sample 32/32
Fra:1 Mem:36.86M (Peak 48.09M) | Time:00:09.86 | Mem:13.45M, Peak:13.45M | Scene, ViewLayer | Finished
Saved: '/workspace/scratch/7c20b5ba4165/atlas-backlog-oct3/tools/assets/transit-station-spaces/qa/previews/modules-lod0-dusk.png'
Time: 00:09.92 (Saving: 00:00.05)

Extensions: writing cache failed ([Errno 30] Read-only file system: '/home/agent/.config/blender').
16:18:21 | INFO: Data are loaded, start creating Blender stuff
16:18:21 | INFO: Blender create Mesh node ground-foot-editable-mesh
16:18:21 | INFO: Blender create Mesh node pole-editable-mesh
16:18:21 | INFO: Blender create Mesh node stop-sign-frame-editable-mesh
16:18:21 | INFO: Blender create Mesh node stop-sign-face-editable-mesh
16:18:21 | INFO: Blender create Mesh node bus-pictogram-body-editable-mesh
16:18:21 | INFO: Blender create Mesh node bus-pictogram-window-editable-mesh
16:18:21 | INFO: Blender create Mesh node bus-pictogram-wheel--0.1-editable-mesh
16:18:21 | INFO: Blender create Mesh node bus-pictogram-wheel-0.1-editable-mesh
16:18:21 | INFO: Blender create Mesh node generic-route-rule-editable-mesh
16:18:21 | INFO: Blender create Mesh node sign-mount--0.21-editable-mesh
16:18:21 | INFO: Blender create Mesh node sign-mount-0.21-editable-mesh
16:18:21 | INFO: glTF import finished in 0.01s
16:18:21 | INFO: Data are loaded, start creating Blender stuff
16:18:21 | INFO: Blender create Mesh node platform-foundation-editable-mesh
16:18:21 | INFO: Blender create Mesh node platform-deck-editable-mesh
16:18:21 | INFO: Blender create Mesh node platform-edge-cap-editable-mesh
16:18:21 | INFO: Blender create Mesh node tactile-band-editable-mesh
16:18:21 | INFO: Blender create Mesh node tactile-stud-editable-mesh
16:18:21 | INFO: Blender create Mesh node tactile-stud-editable-mesh.001
16:18:21 | INFO: Blender create Mesh node tactile-stud-editable-mesh.002
16:18:21 | INFO: Blender create Mesh node tactile-stud-editable-mesh.003
16:18:21 | INFO: Blender create Mesh node tactile-stud-editable-mesh.004
16:18:21 | INFO: Blender create Mesh node tactile-stud-editable-mesh.005
16:18:21 | INFO: Blender create Mesh node tactile-stud-editable-mesh.006
16:18:21 | INFO: Blender create Mesh node tactile-stud-editable-mesh.007
16:18:21 | INFO: Blender create Mesh node tactile-stud-editable-mesh.008
16:18:21 | INFO: Blender create Mesh node tactile-stud-editable-mesh.009
16:18:21 | INFO: Blender create Mesh node tactile-stud-editable-mesh.010
16:18:21 | INFO: Blender create Mesh node tactile-stud-editable-mesh.011
16:18:21 | INFO: Blender create Mesh node tactile-stud-editable-mesh.012
16:18:21 | INFO: Blender create Mesh node tactile-stud-editable-mesh.013
16:18:21 | INFO: Blender create Mesh node tactile-stud-editable-mesh.014
16:18:21 | INFO: Blender create Mesh node tactile-stud-editable-mesh.015
16:18:21 | INFO: Blender create Mesh node tactile-stud-editable-mesh.016
16:18:21 | INFO: Blender create Mesh node tactile-stud-editable-mesh.017
16:18:21 | INFO: Blender create Mesh node tactile-stud-editable-mesh.018
16:18:21 | INFO: Blender create Mesh node tactile-stud-editable-mesh.019
16:18:21 | INFO: Blender create Mesh node tactile-stud-editable-mesh.020
16:18:21 | INFO: Blender create Mesh node tactile-stud-editable-mesh.021
16:18:21 | INFO: Blender create Mesh node tactile-stud-editable-mesh.022
16:18:21 | INFO: Blender create Mesh node tactile-stud-editable-mesh.023
16:18:21 | INFO: Blender create Mesh node edge-face-drain-editable-mesh
16:18:21 | INFO: Blender create Mesh node edge-face-drain-editable-mesh.001
16:18:21 | INFO: Blender create Mesh node edge-face-drain-editable-mesh.002
16:18:21 | INFO: Blender create Mesh node edge-face-drain-editable-mesh.003
16:18:21 | INFO: glTF import finished in 0.02s
16:18:21 | INFO: Data are loaded, start creating Blender stuff
16:18:21 | INFO: Blender create Mesh node sign-post--0.85-editable-mesh
16:18:21 | INFO: Blender create Mesh node sign-foot--0.85-editable-mesh
16:18:21 | INFO: Blender create Mesh node sign-post-0.85-editable-mesh
16:18:21 | INFO: Blender create Mesh node sign-foot-0.85-editable-mesh
16:18:21 | INFO: Blender create Mesh node guidance-panel-editable-mesh
16:18:21 | INFO: Blender create Mesh node guidance-face-editable-mesh
16:18:21 | INFO: Blender create Mesh node direction-arrow-editable-mesh
16:18:21 | INFO: Blender create Mesh node generic-destination-rule-2.67-editable-mesh
16:18:21 | INFO: Blender create Mesh node generic-destination-rule-2.54-editable-mesh
16:18:21 | INFO: glTF import finished in 0.01s
16:18:21 | INFO: Data are loaded, start creating Blender stuff
16:18:21 | INFO: Blender create Mesh node threshold-deck-editable-mesh
16:18:21 | INFO: Blender create Mesh node deck-grip-strip-editable-mesh
16:18:21 | INFO: Blender create Mesh node deck-grip-strip-editable-mesh.001
16:18:21 | INFO: Blender create Mesh node deck-grip-strip-editable-mesh.002
16:18:21 | INFO: glTF import finished in 0.01s
16:18:21 | INFO: Data are loaded, start creating Blender stuff
16:18:21 | INFO: Blender create Mesh node threshold-deck-editable-mesh
16:18:21 | INFO: Blender create Mesh node deck-grip-strip-editable-mesh
16:18:21 | INFO: Blender create Mesh node deck-grip-strip-editable-mesh.001
16:18:21 | INFO: Blender create Mesh node deck-grip-strip-editable-mesh.002
16:18:21 | INFO: glTF import finished in 0.01s
Fra:1 Mem:21.52M (Peak 21.52M) | Time:00:00.00 | Mem:0.00M, Peak:0.00M | Scene, ViewLayer | Synchronizing object | ground-foot
Fra:1 Mem:21.53M (Peak 21.53M) | Time:00:00.00 | Mem:0.00M, Peak:0.00M | Scene, ViewLayer | Synchronizing object | pole
Fra:1 Mem:21.54M (Peak 21.54M) | Time:00:00.00 | Mem:0.00M, Peak:0.00M | Scene, ViewLayer | Synchronizing object | stop-sign-frame
Fra:1 Mem:21.56M (Peak 21.56M) | Time:00:00.00 | Mem:0.00M, Peak:0.00M | Scene, ViewLayer | Synchronizing object | stop-sign-face
Fra:1 Mem:21.58M (Peak 21.58M) | Time:00:00.00 | Mem:0.00M, Peak:0.00M | Scene, ViewLayer | Synchronizing object | bus-pictogram-body
Fra:1 Mem:21.60M (Peak 21.60M) | Time:00:00.00 | Mem:0.00M, Peak:0.00M | Scene, ViewLayer | Synchronizing object | bus-pictogram-window
Fra:1 Mem:21.60M (Peak 21.60M) | Time:00:00.00 | Mem:0.00M, Peak:0.00M | Scene, ViewLayer | Synchronizing object | bus-pictogram-wheel--0.1
Fra:1 Mem:21.61M (Peak 21.61M) | Time:00:00.00 | Mem:0.00M, Peak:0.00M | Scene, ViewLayer | Synchronizing object | bus-pictogram-wheel-0.1
Fra:1 Mem:21.61M (Peak 21.61M) | Time:00:00.00 | Mem:0.00M, Peak:0.00M | Scene, ViewLayer | Synchronizing object | qa-label
Fra:1 Mem:21.62M (Peak 21.62M) | Time:00:00.00 | Mem:0.00M, Peak:0.00M | Scene, ViewLayer | Synchronizing object | generic-route-rule
Fra:1 Mem:21.63M (Peak 21.63M) | Time:00:00.00 | Mem:0.00M, Peak:0.00M | Scene, ViewLayer | Synchronizing object | qa-label.001
Fra:1 Mem:21.64M (Peak 21.64M) | Time:00:00.00 | Mem:0.00M, Peak:0.00M | Scene, ViewLayer | Synchronizing object | sign-mount--0.21
Fra:1 Mem:21.70M (Peak 21.70M) | Time:00:00.00 | Mem:0.00M, Peak:0.00M | Scene, ViewLayer | Synchronizing object | qa-ruler-tick.010
Fra:1 Mem:21.69M (Peak 21.70M) | Time:00:00.00 | Mem:0.00M, Peak:0.00M | Scene, ViewLayer | Synchronizing object | qa-ruler-tick.009
Fra:1 Mem:21.70M (Peak 21.70M) | Time:00:00.00 | Mem:0.00M, Peak:0.00M | Scene, ViewLayer | Synchronizing object | qa-ruler-tick.008
Fra:1 Mem:21.70M (Peak 21.70M) | Time:00:00.00 | Mem:0.00M, Peak:0.00M | Scene, ViewLayer | Synchronizing object | qa-ruler-tick.007
Fra:1 Mem:21.69M (Peak 21.70M) | Time:00:00.00 | Mem:0.00M, Peak:0.00M | Scene, ViewLayer | Synchronizing object | qa-ruler-tick.006
Fra:1 Mem:21.69M (Peak 21.70M) | Time:00:00.00 | Mem:0.00M, Peak:0.00M | Scene, ViewLayer | Synchronizing object | sign-mount-0.21
Fra:1 Mem:21.70M (Peak 21.70M) | Time:00:00.00 | Mem:0.00M, Peak:0.00M | Scene, ViewLayer | Synchronizing object | qa-ruler-tick.005
Fra:1 Mem:21.71M (Peak 21.71M) | Time:00:00.00 | Mem:0.00M, Peak:0.00M | Scene, ViewLayer | Synchronizing object | qa-ruler-tick.004
Fra:1 Mem:21.72M (Peak 21.72M) | Time:00:00.00 | Mem:0.00M, Peak:0.00M | Scene, ViewLayer | Synchronizing object | qa-ruler-tick.003
Fra:1 Mem:21.71M (Peak 21.72M) | Time:00:00.00 | Mem:0.00M, Peak:0.00M | Scene, ViewLayer | Synchronizing object | qa-ruler-tick.002
Fra:1 Mem:21.72M (Peak 21.72M) | Time:00:00.00 | Mem:0.00M, Peak:0.00M | Scene, ViewLayer | Synchronizing object | qa-ruler-tick.001
Fra:1 Mem:21.71M (Peak 21.72M) | Time:00:00.00 | Mem:0.00M, Peak:0.00M | Scene, ViewLayer | Synchronizing object | qa-ruler-tick
Fra:1 Mem:21.71M (Peak 21.72M) | Time:00:00.00 | Mem:0.00M, Peak:0.00M | Scene, ViewLayer | Synchronizing object | platform-foundation
Fra:1 Mem:21.71M (Peak 21.72M) | Time:00:00.00 | Mem:0.00M, Peak:0.00M | Scene, ViewLayer | Synchronizing object | qa-one-metre-ruler
Fra:1 Mem:21.72M (Peak 21.72M) | Time:00:00.00 | Mem:0.00M, Peak:0.00M | Scene, ViewLayer | Synchronizing object | qa-human-head.001
Fra:1 Mem:21.72M (Peak 21.72M) | Time:00:00.00 | Mem:0.00M, Peak:0.00M | Scene, ViewLayer | Synchronizing object | platform-deck
Fra:1 Mem:21.73M (Peak 21.73M) | Time:00:00.00 | Mem:0.00M, Peak:0.00M | Scene, ViewLayer | Synchronizing object | qa-human-arm.003
Fra:1 Mem:21.73M (Peak 21.73M) | Time:00:00.00 | Mem:0.00M, Peak:0.00M | Scene, ViewLayer | Synchronizing object | platform-edge-cap
Fra:1 Mem:21.74M (Peak 21.74M) | Time:00:00.00 | Mem:0.00M, Peak:0.00M | Scene, ViewLayer | Synchronizing object | tactile-band
Fra:1 Mem:21.75M (Peak 21.75M) | Time:00:00.00 | Mem:0.00M, Peak:0.00M | Scene, ViewLayer | Synchronizing object | tactile-stud
Fra:1 Mem:21.75M (Peak 21.75M) | Time:00:00.00 | Mem:0.00M, Peak:0.00M | Scene, ViewLayer | Synchronizing object | qa-human-leg.003
Fra:1 Mem:21.77M (Peak 21.77M) | Time:00:00.00 | Mem:0.00M, Peak:0.00M | Scene, ViewLayer | Synchronizing object | tactile-stud.001
Fra:1 Mem:21.78M (Peak 21.78M) | Time:00:00.00 | Mem:0.00M, Peak:0.00M | Scene, ViewLayer | Synchronizing object | tactile-stud.002
Fra:1 Mem:21.76M (Peak 21.78M) | Time:00:00.00 | Mem:0.00M, Peak:0.00M | Scene, ViewLayer | Synchronizing object | qa-human-arm.002
Fra:1 Mem:21.78M (Peak 21.78M) | Time:00:00.00 | Mem:0.00M, Peak:0.00M | Scene, ViewLayer | Synchronizing object | tactile-stud.003
Fra:1 Mem:21.78M (Peak 21.78M) | Time:00:00.00 | Mem:0.00M, Peak:0.00M | Scene, ViewLayer | Synchronizing object | qa-human-leg.002
Fra:1 Mem:21.80M (Peak 21.80M) | Time:00:00.00 | Mem:0.00M, Peak:0.00M | Scene, ViewLayer | Synchronizing object | tactile-stud.004
Fra:1 Mem:21.80M (Peak 21.80M) | Time:00:00.00 | Mem:0.00M, Peak:0.00M | Scene, ViewLayer | Synchronizing object | qa-human-torso.001
Fra:1 Mem:21.81M (Peak 21.81M) | Time:00:00.00 | Mem:0.00M, Peak:0.00M | Scene, ViewLayer | Synchronizing object | qa-human-head
Fra:1 Mem:21.82M (Peak 21.82M) | Time:00:00.00 | Mem:0.00M, Peak:0.00M | Scene, ViewLayer | Synchronizing object | qa-human-arm.001
Fra:1 Mem:21.84M (Peak 21.84M) | Time:00:00.00 | Mem:0.00M, Peak:0.00M | Scene, ViewLayer | Synchronizing object | qa-human-leg.001
Fra:1 Mem:21.85M (Peak 21.85M) | Time:00:00.00 | Mem:0.00M, Peak:0.00M | Scene, ViewLayer | Synchronizing object | qa-human-arm
Fra:1 Mem:21.88M (Peak 21.88M) | Time:00:00.00 | Mem:0.00M, Peak:0.00M | Scene, ViewLayer | Synchronizing object | tactile-stud.005
Fra:1 Mem:21.86M (Peak 21.88M) | Time:00:00.00 | Mem:0.00M, Peak:0.00M | Scene, ViewLayer | Synchronizing object | qa-human-leg
Fra:1 Mem:21.89M (Peak 21.89M) | Time:00:00.00 | Mem:0.00M, Peak:0.00M | Scene, ViewLayer | Synchronizing object | tactile-stud.006
Fra:1 Mem:21.88M (Peak 21.89M) | Time:00:00.00 | Mem:0.00M, Peak:0.00M | Scene, ViewLayer | Synchronizing object | qa-human-torso
Fra:1 Mem:21.90M (Peak 21.90M) | Time:00:00.00 | Mem:0.00M, Peak:0.00M | Scene, ViewLayer | Synchronizing object | tactile-stud.007
Fra:1 Mem:21.91M (Peak 21.91M) | Time:00:00.00 | Mem:0.00M, Peak:0.00M | Scene, ViewLayer | Synchronizing object | tactile-stud.008
Fra:1 Mem:21.90M (Peak 21.91M) | Time:00:00.00 | Mem:0.00M, Peak:0.00M | Scene, ViewLayer | Synchronizing object | qa-ground
Fra:1 Mem:21.90M (Peak 21.91M) | Time:00:00.00 | Mem:0.00M, Peak:0.00M | Scene, ViewLayer | Synchronizing object | deck-grip-strip.005
Fra:1 Mem:21.91M (Peak 21.91M) | Time:00:00.00 | Mem:0.00M, Peak:0.00M | Scene, ViewLayer | Synchronizing object | tactile-stud.009
Fra:1 Mem:21.91M (Peak 21.91M) | Time:00:00.00 | Mem:0.00M, Peak:0.00M | Scene, ViewLayer | Synchronizing object | deck-grip-strip.004
Fra:1 Mem:21.91M (Peak 21.91M) | Time:00:00.00 | Mem:0.00M, Peak:0.00M | Scene, ViewLayer | Synchronizing object | tactile-stud.010
Fra:1 Mem:21.91M (Peak 21.91M) | Time:00:00.00 | Mem:0.00M, Peak:0.00M | Scene, ViewLayer | Synchronizing object | deck-grip-strip.003
Fra:1 Mem:21.91M (Peak 21.91M) | Time:00:00.00 | Mem:0.00M, Peak:0.00M | Scene, ViewLayer | Synchronizing object | tactile-stud.011
Fra:1 Mem:21.92M (Peak 21.92M) | Time:00:00.00 | Mem:0.00M, Peak:0.00M | Scene, ViewLayer | Synchronizing object | tactile-stud.012
Fra:1 Mem:21.93M (Peak 21.93M) | Time:00:00.00 | Mem:0.00M, Peak:0.00M | Scene, ViewLayer | Synchronizing object | tactile-stud.013
Fra:1 Mem:21.93M (Peak 21.93M) | Time:00:00.00 | Mem:0.00M, Peak:0.00M | Scene, ViewLayer | Synchronizing object | threshold-deck.001
Fra:1 Mem:21.92M (Peak 21.93M) | Time:00:00.00 | Mem:0.00M, Peak:0.00M | Scene, ViewLayer | Synchronizing object | tactile-stud.014
Fra:1 Mem:21.94M (Peak 21.94M) | Time:00:00.00 | Mem:0.00M, Peak:0.00M | Scene, ViewLayer | Synchronizing object | tactile-stud.015
Fra:1 Mem:21.93M (Peak 21.94M) | Time:00:00.00 | Mem:0.00M, Peak:0.00M | Scene, ViewLayer | Synchronizing object | deck-grip-strip.002
Fra:1 Mem:21.94M (Peak 21.94M) | Time:00:00.00 | Mem:0.00M, Peak:0.00M | Scene, ViewLayer | Synchronizing object | tactile-stud.016
Fra:1 Mem:21.94M (Peak 21.94M) | Time:00:00.00 | Mem:0.00M, Peak:0.00M | Scene, ViewLayer | Synchronizing object | deck-grip-strip.001
Fra:1 Mem:21.95M (Peak 21.95M) | Time:00:00.00 | Mem:0.00M, Peak:0.00M | Scene, ViewLayer | Synchronizing object | deck-grip-strip
Fra:1 Mem:21.94M (Peak 21.95M) | Time:00:00.00 | Mem:0.00M, Peak:0.00M | Scene, ViewLayer | Synchronizing object | tactile-stud.017
Fra:1 Mem:21.95M (Peak 21.95M) | Time:00:00.00 | Mem:0.00M, Peak:0.00M | Scene, ViewLayer | Synchronizing object | threshold-deck
Fra:1 Mem:21.96M (Peak 21.96M) | Time:00:00.00 | Mem:0.00M, Peak:0.00M | Scene, ViewLayer | Synchronizing object | tactile-stud.018
Fra:1 Mem:21.96M (Peak 21.96M) | Time:00:00.00 | Mem:0.00M, Peak:0.00M | Scene, ViewLayer | Synchronizing object | generic-destination-rule-2.54
Fra:1 Mem:21.97M (Peak 21.97M) | Time:00:00.00 | Mem:0.00M, Peak:0.00M | Scene, ViewLayer | Synchronizing object | tactile-stud.019
Fra:1 Mem:21.97M (Peak 21.97M) | Time:00:00.00 | Mem:0.00M, Peak:0.00M | Scene, ViewLayer | Synchronizing object | generic-destination-rule-2.67
Fra:1 Mem:21.97M (Peak 21.97M) | Time:00:00.00 | Mem:0.00M, Peak:0.00M | Scene, ViewLayer | Synchronizing object | tactile-stud.020
Fra:1 Mem:21.97M (Peak 21.97M) | Time:00:00.00 | Mem:0.00M, Peak:0.00M | Scene, ViewLayer | Synchronizing object | direction-arrow
Fra:1 Mem:21.98M (Peak 21.98M) | Time:00:00.00 | Mem:0.00M, Peak:0.00M | Scene, ViewLayer | Synchronizing object | tactile-stud.021
Fra:1 Mem:21.98M (Peak 21.98M) | Time:00:00.00 | Mem:0.00M, Peak:0.00M | Scene, ViewLayer | Synchronizing object | guidance-face
Fra:1 Mem:22.00M (Peak 22.00M) | Time:00:00.00 | Mem:0.00M, Peak:0.00M | Scene, ViewLayer | Synchronizing object | tactile-stud.022
Fra:1 Mem:22.00M (Peak 22.00M) | Time:00:00.00 | Mem:0.00M, Peak:0.00M | Scene, ViewLayer | Synchronizing object | tactile-stud.023
Fra:1 Mem:22.02M (Peak 22.02M) | Time:00:00.00 | Mem:0.00M, Peak:0.00M | Scene, ViewLayer | Synchronizing object | edge-face-drain
Fra:1 Mem:22.02M (Peak 22.02M) | Time:00:00.00 | Mem:0.00M, Peak:0.00M | Scene, ViewLayer | Synchronizing object | edge-face-drain.001
Fra:1 Mem:22.02M (Peak 22.02M) | Time:00:00.00 | Mem:0.00M, Peak:0.00M | Scene, ViewLayer | Synchronizing object | edge-face-drain.002
Fra:1 Mem:22.01M (Peak 22.02M) | Time:00:00.00 | Mem:0.00M, Peak:0.00M | Scene, ViewLayer | Synchronizing object | guidance-panel
Fra:1 Mem:22.01M (Peak 22.02M) | Time:00:00.00 | Mem:0.00M, Peak:0.00M | Scene, ViewLayer | Synchronizing object | edge-face-drain.003
Fra:1 Mem:22.03M (Peak 22.03M) | Time:00:00.00 | Mem:0.00M, Peak:0.00M | Scene, ViewLayer | Synchronizing object | sign-post--0.85
Fra:1 Mem:22.06M (Peak 22.06M) | Time:00:00.00 | Mem:0.00M, Peak:0.00M | Scene, ViewLayer | Synchronizing object | sign-foot-0.85
Fra:1 Mem:22.07M (Peak 22.07M) | Time:00:00.00 | Mem:0.00M, Peak:0.00M | Scene, ViewLayer | Synchronizing object | sign-foot--0.85
Fra:1 Mem:22.10M (Peak 22.10M) | Time:00:00.00 | Mem:0.00M, Peak:0.00M | Scene, ViewLayer | Synchronizing object | sign-post-0.85
Fra:1 Mem:22.09M (Peak 22.10M) | Time:00:00.00 | Mem:0.00M, Peak:0.00M | Scene, ViewLayer | Initializing
Fra:1 Mem:17.99M (Peak 22.10M) | Time:00:00.01 | Mem:0.00M, Peak:0.00M | Scene, ViewLayer | Waiting for render to start
Fra:1 Mem:17.99M (Peak 22.10M) | Time:00:00.01 | Mem:0.00M, Peak:0.00M | Scene, ViewLayer | Loading render kernels (may take a few minutes the first time)
Fra:1 Mem:17.99M (Peak 22.10M) | Time:00:00.01 | Mem:0.00M, Peak:0.00M | Scene, ViewLayer | Updating Scene
Fra:1 Mem:17.99M (Peak 22.10M) | Time:00:00.01 | Mem:0.00M, Peak:0.00M | Scene, ViewLayer | Updating Shaders
Fra:1 Mem:18.08M (Peak 22.10M) | Time:00:00.01 | Mem:0.01M, Peak:0.01M | Scene, ViewLayer | Updating Procedurals
Fra:1 Mem:18.08M (Peak 22.10M) | Time:00:00.01 | Mem:0.01M, Peak:0.01M | Scene, ViewLayer | Updating Background
Fra:1 Mem:18.08M (Peak 22.10M) | Time:00:00.01 | Mem:0.01M, Peak:0.01M | Scene, ViewLayer | Updating Camera
Fra:1 Mem:18.08M (Peak 22.10M) | Time:00:00.01 | Mem:0.01M, Peak:0.01M | Scene, ViewLayer | Updating Meshes Flags
Fra:1 Mem:18.08M (Peak 22.10M) | Time:00:00.01 | Mem:0.01M, Peak:0.01M | Scene, ViewLayer | Updating Objects
Fra:1 Mem:18.08M (Peak 22.10M) | Time:00:00.01 | Mem:0.01M, Peak:0.01M | Scene, ViewLayer | Updating Objects | Copying Transformations to device
Fra:1 Mem:18.10M (Peak 22.10M) | Time:00:00.01 | Mem:0.03M, Peak:0.03M | Scene, ViewLayer | Updating Objects | Applying Static Transformations
Fra:1 Mem:18.10M (Peak 22.10M) | Time:00:00.01 | Mem:0.03M, Peak:0.03M | Scene, ViewLayer | Updating Particle Systems
Fra:1 Mem:18.10M (Peak 22.10M) | Time:00:00.01 | Mem:0.03M, Peak:0.03M | Scene, ViewLayer | Updating Particle Systems | Copying Particles to device
Fra:1 Mem:18.10M (Peak 22.10M) | Time:00:00.01 | Mem:0.03M, Peak:0.03M | Scene, ViewLayer | Updating Meshes
Fra:1 Mem:18.16M (Peak 22.10M) | Time:00:00.01 | Mem:0.03M, Peak:0.03M | Scene, ViewLayer | Updating Mesh | Computing attributes
Fra:1 Mem:18.28M (Peak 22.10M) | Time:00:00.01 | Mem:0.04M, Peak:0.04M | Scene, ViewLayer | Updating Mesh | Copying Attributes to device
Fra:1 Mem:18.26M (Peak 22.10M) | Time:00:00.01 | Mem:0.13M, Peak:0.13M | Scene, ViewLayer | Updating Scene BVH | Building
Fra:1 Mem:18.26M (Peak 22.10M) | Time:00:00.01 | Mem:0.13M, Peak:0.13M | Scene, ViewLayer | Updating Scene BVH | Building BVH
Fra:1 Mem:18.26M (Peak 22.10M) | Time:00:00.01 | Mem:0.25M, Peak:0.25M | Scene, ViewLayer | Updating Scene BVH | Building BVH 0%
Fra:1 Mem:18.26M (Peak 22.10M) | Time:00:00.01 | Mem:0.40M, Peak:0.53M | Scene, ViewLayer | Updating Scene BVH | Copying BVH to device
Fra:1 Mem:18.26M (Peak 22.10M) | Time:00:00.01 | Mem:0.40M, Peak:0.53M | Scene, ViewLayer | Updating Mesh | Computing normals
Fra:1 Mem:18.59M (Peak 22.10M) | Time:00:00.01 | Mem:0.40M, Peak:0.53M | Scene, ViewLayer | Updating Mesh | Copying Mesh to device
Fra:1 Mem:18.59M (Peak 22.10M) | Time:00:00.01 | Mem:0.73M, Peak:0.73M | Scene, ViewLayer | Updating Objects Flags
Fra:1 Mem:18.59M (Peak 22.10M) | Time:00:00.01 | Mem:0.73M, Peak:0.73M | Scene, ViewLayer | Updating Primitive Offsets
Fra:1 Mem:18.59M (Peak 22.10M) | Time:00:00.01 | Mem:0.73M, Peak:0.73M | Scene, ViewLayer | Updating Images
Fra:1 Mem:18.59M (Peak 22.10M) | Time:00:00.01 | Mem:0.73M, Peak:0.73M | Scene, ViewLayer | Updating Camera Volume
Fra:1 Mem:18.59M (Peak 22.10M) | Time:00:00.01 | Mem:0.73M, Peak:0.73M | Scene, ViewLayer | Updating Lookup Tables
Fra:1 Mem:18.59M (Peak 22.10M) | Time:00:00.01 | Mem:0.81M, Peak:0.81M | Scene, ViewLayer | Updating Lights
Fra:1 Mem:18.59M (Peak 22.10M) | Time:00:00.01 | Mem:0.82M, Peak:0.82M | Scene, ViewLayer | Updating Lights | Computing tree
Fra:1 Mem:18.59M (Peak 22.10M) | Time:00:00.01 | Mem:0.82M, Peak:0.82M | Scene, ViewLayer | Updating Integrator
Fra:1 Mem:18.59M (Peak 22.10M) | Time:00:00.01 | Mem:0.82M, Peak:0.82M | Scene, ViewLayer | Updating Film
Fra:1 Mem:18.60M (Peak 22.10M) | Time:00:00.01 | Mem:0.74M, Peak:0.82M | Scene, ViewLayer | Updating Lookup Tables
Fra:1 Mem:18.60M (Peak 22.10M) | Time:00:00.01 | Mem:0.82M, Peak:0.82M | Scene, ViewLayer | Updating Baking
Fra:1 Mem:18.60M (Peak 22.10M) | Time:00:00.01 | Mem:0.82M, Peak:0.82M | Scene, ViewLayer | Updating Device | Writing constant memory
Fra:1 Mem:18.60M (Peak 22.10M) | Time:00:00.01 | Mem:0.82M, Peak:0.82M | Scene, ViewLayer | Sample 0/32
Fra:1 Mem:31.24M (Peak 31.24M) | Time:00:00.35 | Remaining:00:10.66 | Mem:13.45M, Peak:13.45M | Scene, ViewLayer | Sample 1/32
Fra:1 Mem:36.86M (Peak 48.09M) | Time:00:10.83 | Mem:13.45M, Peak:13.45M | Scene, ViewLayer | Sample 32/32
Fra:1 Mem:36.86M (Peak 48.09M) | Time:00:10.83 | Mem:13.45M, Peak:13.45M | Scene, ViewLayer | Finished
Saved: '/workspace/scratch/7c20b5ba4165/atlas-backlog-oct3/tools/assets/transit-station-spaces/qa/previews/modules-lod0-night.png'
Time: 00:10.88 (Saving: 00:00.05)

Extensions: writing cache failed ([Errno 30] Read-only file system: '/home/agent/.config/blender').
16:18:32 | INFO: Data are loaded, start creating Blender stuff
16:18:32 | INFO: Blender create Mesh node ground-foot-editable-mesh
16:18:32 | INFO: Blender create Mesh node pole-editable-mesh
16:18:32 | INFO: Blender create Mesh node stop-sign-frame-editable-mesh
16:18:32 | INFO: Blender create Mesh node stop-sign-face-editable-mesh
16:18:32 | INFO: Blender create Mesh node bus-pictogram-body-editable-mesh
16:18:32 | INFO: Blender create Mesh node bus-pictogram-window-editable-mesh
16:18:32 | INFO: Blender create Mesh node bus-pictogram-wheel--0.1-editable-mesh
16:18:32 | INFO: Blender create Mesh node bus-pictogram-wheel-0.1-editable-mesh
16:18:32 | INFO: Blender create Mesh node generic-route-rule-editable-mesh
16:18:32 | INFO: glTF import finished in 0.01s
16:18:32 | INFO: Data are loaded, start creating Blender stuff
16:18:32 | INFO: Blender create Mesh node platform-foundation-editable-mesh
16:18:32 | INFO: Blender create Mesh node platform-deck-editable-mesh
16:18:32 | INFO: Blender create Mesh node platform-edge-cap-editable-mesh
16:18:32 | INFO: Blender create Mesh node tactile-band-editable-mesh
16:18:32 | INFO: glTF import finished in 0.00s
16:18:32 | INFO: Data are loaded, start creating Blender stuff
16:18:32 | INFO: Blender create Mesh node sign-post--0.85-editable-mesh
16:18:32 | INFO: Blender create Mesh node sign-foot--0.85-editable-mesh
16:18:32 | INFO: Blender create Mesh node sign-post-0.85-editable-mesh
16:18:32 | INFO: Blender create Mesh node sign-foot-0.85-editable-mesh
16:18:32 | INFO: Blender create Mesh node guidance-panel-editable-mesh
16:18:32 | INFO: Blender create Mesh node guidance-face-editable-mesh
16:18:32 | INFO: Blender create Mesh node direction-arrow-editable-mesh
16:18:32 | INFO: Blender create Mesh node generic-destination-rule-2.67-editable-mesh
16:18:32 | INFO: Blender create Mesh node generic-destination-rule-2.54-editable-mesh
16:18:32 | INFO: glTF import finished in 0.01s
16:18:32 | INFO: Data are loaded, start creating Blender stuff
16:18:32 | INFO: Blender create Mesh node threshold-deck-editable-mesh
16:18:32 | INFO: glTF import finished in 0.00s
16:18:32 | INFO: Data are loaded, start creating Blender stuff
16:18:32 | INFO: Blender create Mesh node threshold-deck-editable-mesh
16:18:32 | INFO: glTF import finished in 0.00s
Fra:1 Mem:18.38M (Peak 18.47M) | Time:00:00.00 | Mem:0.00M, Peak:0.00M | Scene, ViewLayer | Synchronizing object | ground-foot
Fra:1 Mem:18.39M (Peak 18.47M) | Time:00:00.00 | Mem:0.00M, Peak:0.00M | Scene, ViewLayer | Synchronizing object | pole
Fra:1 Mem:18.39M (Peak 18.47M) | Time:00:00.00 | Mem:0.00M, Peak:0.00M | Scene, ViewLayer | Synchronizing object | stop-sign-frame
Fra:1 Mem:18.40M (Peak 18.47M) | Time:00:00.00 | Mem:0.00M, Peak:0.00M | Scene, ViewLayer | Synchronizing object | stop-sign-face
Fra:1 Mem:18.40M (Peak 18.47M) | Time:00:00.00 | Mem:0.00M, Peak:0.00M | Scene, ViewLayer | Synchronizing object | bus-pictogram-body
Fra:1 Mem:18.40M (Peak 18.47M) | Time:00:00.00 | Mem:0.00M, Peak:0.00M | Scene, ViewLayer | Synchronizing object | bus-pictogram-window
Fra:1 Mem:18.41M (Peak 18.47M) | Time:00:00.00 | Mem:0.00M, Peak:0.00M | Scene, ViewLayer | Synchronizing object | bus-pictogram-wheel--0.1
Fra:1 Mem:18.41M (Peak 18.47M) | Time:00:00.00 | Mem:0.00M, Peak:0.00M | Scene, ViewLayer | Synchronizing object | qa-label
Fra:1 Mem:18.41M (Peak 18.47M) | Time:00:00.00 | Mem:0.00M, Peak:0.00M | Scene, ViewLayer | Synchronizing object | bus-pictogram-wheel-0.1
Fra:1 Mem:18.42M (Peak 18.47M) | Time:00:00.00 | Mem:0.00M, Peak:0.00M | Scene, ViewLayer | Synchronizing object | generic-route-rule
Fra:1 Mem:18.43M (Peak 18.47M) | Time:00:00.00 | Mem:0.00M, Peak:0.00M | Scene, ViewLayer | Synchronizing object | qa-label.001
Fra:1 Mem:18.46M (Peak 18.47M) | Time:00:00.00 | Mem:0.00M, Peak:0.00M | Scene, ViewLayer | Synchronizing object | platform-foundation
Fra:1 Mem:18.48M (Peak 18.48M) | Time:00:00.00 | Mem:0.00M, Peak:0.00M | Scene, ViewLayer | Synchronizing object | platform-deck
Fra:1 Mem:18.48M (Peak 18.48M) | Time:00:00.00 | Mem:0.00M, Peak:0.00M | Scene, ViewLayer | Synchronizing object | platform-edge-cap
Fra:1 Mem:18.49M (Peak 18.49M) | Time:00:00.00 | Mem:0.00M, Peak:0.00M | Scene, ViewLayer | Synchronizing object | tactile-band
Fra:1 Mem:18.49M (Peak 18.49M) | Time:00:00.00 | Mem:0.00M, Peak:0.00M | Scene, ViewLayer | Synchronizing object | qa-ruler-tick.010
Fra:1 Mem:18.50M (Peak 18.50M) | Time:00:00.00 | Mem:0.00M, Peak:0.00M | Scene, ViewLayer | Synchronizing object | qa-ruler-tick.009
Fra:1 Mem:18.49M (Peak 18.50M) | Time:00:00.00 | Mem:0.00M, Peak:0.00M | Scene, ViewLayer | Synchronizing object | sign-post--0.85
Fra:1 Mem:18.50M (Peak 18.50M) | Time:00:00.00 | Mem:0.00M, Peak:0.00M | Scene, ViewLayer | Synchronizing object | qa-ruler-tick.008
Fra:1 Mem:18.50M (Peak 18.50M) | Time:00:00.00 | Mem:0.00M, Peak:0.00M | Scene, ViewLayer | Synchronizing object | sign-foot--0.85
Fra:1 Mem:18.51M (Peak 18.51M) | Time:00:00.00 | Mem:0.00M, Peak:0.00M | Scene, ViewLayer | Synchronizing object | qa-ruler-tick.007
Fra:1 Mem:18.51M (Peak 18.51M) | Time:00:00.00 | Mem:0.00M, Peak:0.00M | Scene, ViewLayer | Synchronizing object | qa-ruler-tick.006
Fra:1 Mem:18.50M (Peak 18.51M) | Time:00:00.00 | Mem:0.00M, Peak:0.00M | Scene, ViewLayer | Synchronizing object | sign-post-0.85
Fra:1 Mem:18.50M (Peak 18.51M) | Time:00:00.00 | Mem:0.00M, Peak:0.00M | Scene, ViewLayer | Synchronizing object | qa-ruler-tick.005
Fra:1 Mem:18.51M (Peak 18.51M) | Time:00:00.00 | Mem:0.00M, Peak:0.00M | Scene, ViewLayer | Synchronizing object | qa-ruler-tick.004
Fra:1 Mem:18.51M (Peak 18.51M) | Time:00:00.00 | Mem:0.00M, Peak:0.00M | Scene, ViewLayer | Synchronizing object | qa-ruler-tick.003
Fra:1 Mem:18.51M (Peak 18.51M) | Time:00:00.00 | Mem:0.00M, Peak:0.00M | Scene, ViewLayer | Synchronizing object | sign-foot-0.85
Fra:1 Mem:18.51M (Peak 18.51M) | Time:00:00.00 | Mem:0.00M, Peak:0.00M | Scene, ViewLayer | Synchronizing object | qa-ruler-tick.002
Fra:1 Mem:18.51M (Peak 18.51M) | Time:00:00.00 | Mem:0.00M, Peak:0.00M | Scene, ViewLayer | Synchronizing object | qa-ruler-tick.001
Fra:1 Mem:18.51M (Peak 18.51M) | Time:00:00.00 | Mem:0.00M, Peak:0.00M | Scene, ViewLayer | Synchronizing object | qa-ruler-tick
Fra:1 Mem:18.52M (Peak 18.52M) | Time:00:00.00 | Mem:0.00M, Peak:0.00M | Scene, ViewLayer | Synchronizing object | qa-one-metre-ruler
Fra:1 Mem:18.51M (Peak 18.52M) | Time:00:00.00 | Mem:0.00M, Peak:0.00M | Scene, ViewLayer | Synchronizing object | guidance-face
Fra:1 Mem:18.52M (Peak 18.52M) | Time:00:00.00 | Mem:0.00M, Peak:0.00M | Scene, ViewLayer | Synchronizing object | qa-human-head.001
Fra:1 Mem:18.52M (Peak 18.52M) | Time:00:00.00 | Mem:0.00M, Peak:0.00M | Scene, ViewLayer | Synchronizing object | direction-arrow
Fra:1 Mem:18.54M (Peak 18.54M) | Time:00:00.00 | Mem:0.00M, Peak:0.00M | Scene, ViewLayer | Synchronizing object | qa-human-arm.003
Fra:1 Mem:18.54M (Peak 18.54M) | Time:00:00.00 | Mem:0.00M, Peak:0.00M | Scene, ViewLayer | Synchronizing object | generic-destination-rule-2.67
Fra:1 Mem:18.55M (Peak 18.55M) | Time:00:00.00 | Mem:0.00M, Peak:0.00M | Scene, ViewLayer | Synchronizing object | generic-destination-rule-2.54
Fra:1 Mem:18.57M (Peak 18.57M) | Time:00:00.00 | Mem:0.00M, Peak:0.00M | Scene, ViewLayer | Synchronizing object | threshold-deck
Fra:1 Mem:18.55M (Peak 18.57M) | Time:00:00.00 | Mem:0.00M, Peak:0.00M | Scene, ViewLayer | Synchronizing object | qa-human-leg.003
Fra:1 Mem:18.57M (Peak 18.57M) | Time:00:00.00 | Mem:0.00M, Peak:0.00M | Scene, ViewLayer | Synchronizing object | threshold-deck.001
Fra:1 Mem:18.59M (Peak 18.59M) | Time:00:00.00 | Mem:0.00M, Peak:0.00M | Scene, ViewLayer | Synchronizing object | qa-ground
Fra:1 Mem:18.57M (Peak 18.59M) | Time:00:00.00 | Mem:0.00M, Peak:0.00M | Scene, ViewLayer | Synchronizing object | qa-human-torso
Fra:1 Mem:18.60M (Peak 18.60M) | Time:00:00.00 | Mem:0.00M, Peak:0.00M | Scene, ViewLayer | Synchronizing object | qa-human-arm.002
Fra:1 Mem:18.58M (Peak 18.60M) | Time:00:00.00 | Mem:0.00M, Peak:0.00M | Scene, ViewLayer | Synchronizing object | qa-human-leg
Fra:1 Mem:18.63M (Peak 18.63M) | Time:00:00.00 | Mem:0.00M, Peak:0.00M | Scene, ViewLayer | Synchronizing object | qa-human-arm
Fra:1 Mem:18.61M (Peak 18.63M) | Time:00:00.00 | Mem:0.00M, Peak:0.00M | Scene, ViewLayer | Synchronizing object | qa-human-leg.002
Fra:1 Mem:18.64M (Peak 18.64M) | Time:00:00.00 | Mem:0.00M, Peak:0.00M | Scene, ViewLayer | Synchronizing object | qa-human-leg.001
Fra:1 Mem:18.66M (Peak 18.66M) | Time:00:00.00 | Mem:0.00M, Peak:0.00M | Scene, ViewLayer | Synchronizing object | qa-human-arm.001
Fra:1 Mem:18.67M (Peak 18.67M) | Time:00:00.00 | Mem:0.00M, Peak:0.00M | Scene, ViewLayer | Synchronizing object | qa-human-head
Fra:1 Mem:18.68M (Peak 18.68M) | Time:00:00.00 | Mem:0.00M, Peak:0.00M | Scene, ViewLayer | Synchronizing object | qa-human-torso.001
Fra:1 Mem:18.68M (Peak 18.68M) | Time:00:00.00 | Mem:0.00M, Peak:0.00M | Scene, ViewLayer | Initializing
Fra:1 Mem:15.84M (Peak 18.68M) | Time:00:00.00 | Mem:0.00M, Peak:0.00M | Scene, ViewLayer | Waiting for render to start
Fra:1 Mem:15.84M (Peak 18.68M) | Time:00:00.00 | Mem:0.00M, Peak:0.00M | Scene, ViewLayer | Loading render kernels (may take a few minutes the first time)
Fra:1 Mem:15.84M (Peak 18.68M) | Time:00:00.00 | Mem:0.00M, Peak:0.00M | Scene, ViewLayer | Updating Scene
Fra:1 Mem:15.84M (Peak 18.68M) | Time:00:00.00 | Mem:0.00M, Peak:0.00M | Scene, ViewLayer | Updating Shaders
Fra:1 Mem:15.93M (Peak 18.68M) | Time:00:00.00 | Mem:0.01M, Peak:0.01M | Scene, ViewLayer | Updating Procedurals
Fra:1 Mem:15.93M (Peak 18.68M) | Time:00:00.00 | Mem:0.01M, Peak:0.01M | Scene, ViewLayer | Updating Background
Fra:1 Mem:15.93M (Peak 18.68M) | Time:00:00.00 | Mem:0.01M, Peak:0.01M | Scene, ViewLayer | Updating Camera
Fra:1 Mem:15.93M (Peak 18.68M) | Time:00:00.00 | Mem:0.01M, Peak:0.01M | Scene, ViewLayer | Updating Meshes Flags
Fra:1 Mem:15.93M (Peak 18.68M) | Time:00:00.00 | Mem:0.01M, Peak:0.01M | Scene, ViewLayer | Updating Objects
Fra:1 Mem:15.93M (Peak 18.68M) | Time:00:00.00 | Mem:0.01M, Peak:0.01M | Scene, ViewLayer | Updating Objects | Copying Transformations to device
Fra:1 Mem:15.95M (Peak 18.68M) | Time:00:00.00 | Mem:0.02M, Peak:0.02M | Scene, ViewLayer | Updating Objects | Applying Static Transformations
Fra:1 Mem:15.95M (Peak 18.68M) | Time:00:00.00 | Mem:0.02M, Peak:0.02M | Scene, ViewLayer | Updating Particle Systems
Fra:1 Mem:15.95M (Peak 18.68M) | Time:00:00.00 | Mem:0.02M, Peak:0.02M | Scene, ViewLayer | Updating Particle Systems | Copying Particles to device
Fra:1 Mem:15.95M (Peak 18.68M) | Time:00:00.00 | Mem:0.02M, Peak:0.02M | Scene, ViewLayer | Updating Meshes
Fra:1 Mem:15.98M (Peak 18.68M) | Time:00:00.00 | Mem:0.02M, Peak:0.02M | Scene, ViewLayer | Updating Mesh | Computing attributes
Fra:1 Mem:16.04M (Peak 18.68M) | Time:00:00.00 | Mem:0.03M, Peak:0.03M | Scene, ViewLayer | Updating Mesh | Copying Attributes to device
Fra:1 Mem:16.03M (Peak 18.68M) | Time:00:00.00 | Mem:0.07M, Peak:0.07M | Scene, ViewLayer | Updating Scene BVH | Building
Fra:1 Mem:16.03M (Peak 18.68M) | Time:00:00.00 | Mem:0.07M, Peak:0.07M | Scene, ViewLayer | Updating Scene BVH | Building BVH
Fra:1 Mem:16.03M (Peak 18.68M) | Time:00:00.00 | Mem:0.14M, Peak:0.14M | Scene, ViewLayer | Updating Scene BVH | Building BVH 0%
Fra:1 Mem:16.03M (Peak 18.68M) | Time:00:00.00 | Mem:0.23M, Peak:0.31M | Scene, ViewLayer | Updating Scene BVH | Copying BVH to device
Fra:1 Mem:16.03M (Peak 18.68M) | Time:00:00.00 | Mem:0.23M, Peak:0.31M | Scene, ViewLayer | Updating Mesh | Computing normals
Fra:1 Mem:16.20M (Peak 18.68M) | Time:00:00.00 | Mem:0.23M, Peak:0.31M | Scene, ViewLayer | Updating Mesh | Copying Mesh to device
Fra:1 Mem:16.20M (Peak 18.68M) | Time:00:00.00 | Mem:0.40M, Peak:0.40M | Scene, ViewLayer | Updating Objects Flags
Fra:1 Mem:16.20M (Peak 18.68M) | Time:00:00.00 | Mem:0.40M, Peak:0.40M | Scene, ViewLayer | Updating Primitive Offsets
Fra:1 Mem:16.20M (Peak 18.68M) | Time:00:00.00 | Mem:0.40M, Peak:0.40M | Scene, ViewLayer | Updating Images
Fra:1 Mem:16.20M (Peak 18.68M) | Time:00:00.00 | Mem:0.40M, Peak:0.40M | Scene, ViewLayer | Updating Camera Volume
Fra:1 Mem:16.20M (Peak 18.68M) | Time:00:00.00 | Mem:0.40M, Peak:0.40M | Scene, ViewLayer | Updating Lookup Tables
Fra:1 Mem:16.20M (Peak 18.68M) | Time:00:00.00 | Mem:0.48M, Peak:0.48M | Scene, ViewLayer | Updating Lights
Fra:1 Mem:16.20M (Peak 18.68M) | Time:00:00.00 | Mem:0.48M, Peak:0.48M | Scene, ViewLayer | Updating Lights | Computing tree
Fra:1 Mem:16.20M (Peak 18.68M) | Time:00:00.00 | Mem:0.49M, Peak:0.49M | Scene, ViewLayer | Updating Integrator
Fra:1 Mem:16.20M (Peak 18.68M) | Time:00:00.00 | Mem:0.49M, Peak:0.49M | Scene, ViewLayer | Updating Film
Fra:1 Mem:16.21M (Peak 18.68M) | Time:00:00.00 | Mem:0.40M, Peak:0.49M | Scene, ViewLayer | Updating Lookup Tables
Fra:1 Mem:16.21M (Peak 18.68M) | Time:00:00.00 | Mem:0.49M, Peak:0.49M | Scene, ViewLayer | Updating Baking
Fra:1 Mem:16.21M (Peak 18.68M) | Time:00:00.00 | Mem:0.49M, Peak:0.49M | Scene, ViewLayer | Updating Device | Writing constant memory
Fra:1 Mem:16.21M (Peak 18.68M) | Time:00:00.00 | Mem:0.49M, Peak:0.49M | Scene, ViewLayer | Sample 0/32
Fra:1 Mem:28.85M (Peak 28.85M) | Time:00:00.37 | Remaining:00:11.46 | Mem:13.12M, Peak:13.12M | Scene, ViewLayer | Sample 1/32
Fra:1 Mem:34.46M (Peak 45.70M) | Time:00:10.28 | Mem:13.12M, Peak:13.12M | Scene, ViewLayer | Sample 32/32
Fra:1 Mem:34.46M (Peak 45.70M) | Time:00:10.28 | Mem:13.12M, Peak:13.12M | Scene, ViewLayer | Finished
Saved: '/workspace/scratch/7c20b5ba4165/atlas-backlog-oct3/tools/assets/transit-station-spaces/qa/previews/modules-lod1-sunny.png'
Time: 00:10.33 (Saving: 00:00.05)

Extensions: writing cache failed ([Errno 30] Read-only file system: '/home/agent/.config/blender').
16:18:43 | INFO: Data are loaded, start creating Blender stuff
16:18:43 | INFO: Blender create Mesh node ground-foot-editable-mesh
16:18:43 | INFO: Blender create Mesh node pole-editable-mesh
16:18:43 | INFO: Blender create Mesh node stop-sign-frame-editable-mesh
16:18:43 | INFO: Blender create Mesh node stop-sign-face-editable-mesh
16:18:43 | INFO: Blender create Mesh node bus-pictogram-body-editable-mesh
16:18:43 | INFO: Blender create Mesh node bus-pictogram-window-editable-mesh
16:18:43 | INFO: Blender create Mesh node bus-pictogram-wheel--0.1-editable-mesh
16:18:43 | INFO: Blender create Mesh node bus-pictogram-wheel-0.1-editable-mesh
16:18:43 | INFO: Blender create Mesh node generic-route-rule-editable-mesh
16:18:43 | INFO: glTF import finished in 0.01s
16:18:43 | INFO: Data are loaded, start creating Blender stuff
16:18:43 | INFO: Blender create Mesh node platform-foundation-editable-mesh
16:18:43 | INFO: Blender create Mesh node platform-deck-editable-mesh
16:18:43 | INFO: Blender create Mesh node platform-edge-cap-editable-mesh
16:18:43 | INFO: Blender create Mesh node tactile-band-editable-mesh
16:18:43 | INFO: glTF import finished in 0.00s
16:18:43 | INFO: Data are loaded, start creating Blender stuff
16:18:43 | INFO: Blender create Mesh node sign-post--0.85-editable-mesh
16:18:43 | INFO: Blender create Mesh node sign-foot--0.85-editable-mesh
16:18:43 | INFO: Blender create Mesh node sign-post-0.85-editable-mesh
16:18:43 | INFO: Blender create Mesh node sign-foot-0.85-editable-mesh
16:18:43 | INFO: Blender create Mesh node guidance-panel-editable-mesh
16:18:43 | INFO: Blender create Mesh node guidance-face-editable-mesh
16:18:43 | INFO: Blender create Mesh node direction-arrow-editable-mesh
16:18:43 | INFO: Blender create Mesh node generic-destination-rule-2.67-editable-mesh
16:18:43 | INFO: Blender create Mesh node generic-destination-rule-2.54-editable-mesh
16:18:43 | INFO: glTF import finished in 0.01s
16:18:43 | INFO: Data are loaded, start creating Blender stuff
16:18:43 | INFO: Blender create Mesh node threshold-deck-editable-mesh
16:18:43 | INFO: glTF import finished in 0.00s
16:18:43 | INFO: Data are loaded, start creating Blender stuff
16:18:43 | INFO: Blender create Mesh node threshold-deck-editable-mesh
16:18:43 | INFO: glTF import finished in 0.00s
Fra:1 Mem:18.38M (Peak 18.93M) | Time:00:00.00 | Mem:0.00M, Peak:0.00M | Scene, ViewLayer | Synchronizing object | ground-foot
Fra:1 Mem:18.39M (Peak 18.93M) | Time:00:00.00 | Mem:0.00M, Peak:0.00M | Scene, ViewLayer | Synchronizing object | pole
Fra:1 Mem:18.39M (Peak 18.93M) | Time:00:00.00 | Mem:0.00M, Peak:0.00M | Scene, ViewLayer | Synchronizing object | stop-sign-frame
Fra:1 Mem:18.39M (Peak 18.93M) | Time:00:00.00 | Mem:0.00M, Peak:0.00M | Scene, ViewLayer | Synchronizing object | stop-sign-face
Fra:1 Mem:18.40M (Peak 18.93M) | Time:00:00.00 | Mem:0.00M, Peak:0.00M | Scene, ViewLayer | Synchronizing object | bus-pictogram-body
Fra:1 Mem:18.40M (Peak 18.93M) | Time:00:00.00 | Mem:0.00M, Peak:0.00M | Scene, ViewLayer | Synchronizing object | bus-pictogram-window
Fra:1 Mem:18.40M (Peak 18.93M) | Time:00:00.00 | Mem:0.00M, Peak:0.00M | Scene, ViewLayer | Synchronizing object | bus-pictogram-wheel--0.1
Fra:1 Mem:18.40M (Peak 18.93M) | Time:00:00.00 | Mem:0.00M, Peak:0.00M | Scene, ViewLayer | Synchronizing object | bus-pictogram-wheel-0.1
Fra:1 Mem:18.41M (Peak 18.93M) | Time:00:00.00 | Mem:0.00M, Peak:0.00M | Scene, ViewLayer | Synchronizing object | generic-route-rule
Fra:1 Mem:18.41M (Peak 18.93M) | Time:00:00.00 | Mem:0.00M, Peak:0.00M | Scene, ViewLayer | Synchronizing object | platform-foundation
Fra:1 Mem:18.41M (Peak 18.93M) | Time:00:00.00 | Mem:0.00M, Peak:0.00M | Scene, ViewLayer | Synchronizing object | platform-deck
Fra:1 Mem:18.42M (Peak 18.93M) | Time:00:00.00 | Mem:0.00M, Peak:0.00M | Scene, ViewLayer | Synchronizing object | platform-edge-cap
Fra:1 Mem:18.42M (Peak 18.93M) | Time:00:00.00 | Mem:0.00M, Peak:0.00M | Scene, ViewLayer | Synchronizing object | qa-label
Fra:1 Mem:18.43M (Peak 18.93M) | Time:00:00.00 | Mem:0.00M, Peak:0.00M | Scene, ViewLayer | Synchronizing object | tactile-band
Fra:1 Mem:18.43M (Peak 18.93M) | Time:00:00.00 | Mem:0.00M, Peak:0.00M | Scene, ViewLayer | Synchronizing object | qa-label.001
Fra:1 Mem:18.46M (Peak 18.93M) | Time:00:00.00 | Mem:0.00M, Peak:0.00M | Scene, ViewLayer | Synchronizing object | sign-post--0.85
Fra:1 Mem:18.48M (Peak 18.93M) | Time:00:00.00 | Mem:0.00M, Peak:0.00M | Scene, ViewLayer | Synchronizing object | sign-foot--0.85
Fra:1 Mem:18.50M (Peak 18.93M) | Time:00:00.00 | Mem:0.00M, Peak:0.00M | Scene, ViewLayer | Synchronizing object | sign-post-0.85
Fra:1 Mem:18.50M (Peak 18.93M) | Time:00:00.00 | Mem:0.00M, Peak:0.00M | Scene, ViewLayer | Synchronizing object | qa-ruler-tick.010
Fra:1 Mem:18.50M (Peak 18.93M) | Time:00:00.00 | Mem:0.00M, Peak:0.00M | Scene, ViewLayer | Synchronizing object | sign-foot-0.85
Fra:1 Mem:18.51M (Peak 18.93M) | Time:00:00.00 | Mem:0.00M, Peak:0.00M | Scene, ViewLayer | Synchronizing object | qa-ruler-tick.009
Fra:1 Mem:18.51M (Peak 18.93M) | Time:00:00.00 | Mem:0.00M, Peak:0.00M | Scene, ViewLayer | Synchronizing object | qa-ruler-tick.008
Fra:1 Mem:18.50M (Peak 18.93M) | Time:00:00.00 | Mem:0.00M, Peak:0.00M | Scene, ViewLayer | Synchronizing object | guidance-panel
Fra:1 Mem:18.51M (Peak 18.93M) | Time:00:00.00 | Mem:0.00M, Peak:0.00M | Scene, ViewLayer | Synchronizing object | qa-ruler-tick.007
Fra:1 Mem:18.51M (Peak 18.93M) | Time:00:00.00 | Mem:0.00M, Peak:0.00M | Scene, ViewLayer | Synchronizing object | qa-ruler-tick.006
Fra:1 Mem:18.51M (Peak 18.93M) | Time:00:00.00 | Mem:0.00M, Peak:0.00M | Scene, ViewLayer | Synchronizing object | qa-ruler-tick.005
Fra:1 Mem:18.51M (Peak 18.93M) | Time:00:00.00 | Mem:0.00M, Peak:0.00M | Scene, ViewLayer | Synchronizing object | guidance-face
Fra:1 Mem:18.52M (Peak 18.93M) | Time:00:00.00 | Mem:0.00M, Peak:0.00M | Scene, ViewLayer | Synchronizing object | qa-ruler-tick.004
Fra:1 Mem:18.52M (Peak 18.93M) | Time:00:00.00 | Mem:0.00M, Peak:0.00M | Scene, ViewLayer | Synchronizing object | qa-ruler-tick.003
Fra:1 Mem:18.51M (Peak 18.93M) | Time:00:00.00 | Mem:0.00M, Peak:0.00M | Scene, ViewLayer | Synchronizing object | direction-arrow
Fra:1 Mem:18.52M (Peak 18.93M) | Time:00:00.00 | Mem:0.00M, Peak:0.00M | Scene, ViewLayer | Synchronizing object | qa-ruler-tick.002
Fra:1 Mem:18.53M (Peak 18.93M) | Time:00:00.00 | Mem:0.00M, Peak:0.00M | Scene, ViewLayer | Synchronizing object | qa-ruler-tick.001
Fra:1 Mem:18.52M (Peak 18.93M) | Time:00:00.00 | Mem:0.00M, Peak:0.00M | Scene, ViewLayer | Synchronizing object | qa-ruler-tick
Fra:1 Mem:18.53M (Peak 18.93M) | Time:00:00.00 | Mem:0.00M, Peak:0.00M | Scene, ViewLayer | Synchronizing object | qa-one-metre-ruler
Fra:1 Mem:18.52M (Peak 18.93M) | Time:00:00.00 | Mem:0.00M, Peak:0.00M | Scene, ViewLayer | Synchronizing object | generic-destination-rule-2.67
Fra:1 Mem:18.52M (Peak 18.93M) | Time:00:00.00 | Mem:0.00M, Peak:0.00M | Scene, ViewLayer | Synchronizing object | qa-human-head.001
Fra:1 Mem:18.53M (Peak 18.93M) | Time:00:00.00 | Mem:0.00M, Peak:0.00M | Scene, ViewLayer | Synchronizing object | generic-destination-rule-2.54
Fra:1 Mem:18.54M (Peak 18.93M) | Time:00:00.00 | Mem:0.00M, Peak:0.00M | Scene, ViewLayer | Synchronizing object | qa-human-arm.003
Fra:1 Mem:18.54M (Peak 18.93M) | Time:00:00.00 | Mem:0.00M, Peak:0.00M | Scene, ViewLayer | Synchronizing object | threshold-deck
Fra:1 Mem:18.56M (Peak 18.93M) | Time:00:00.00 | Mem:0.00M, Peak:0.00M | Scene, ViewLayer | Synchronizing object | threshold-deck.001
Fra:1 Mem:18.56M (Peak 18.93M) | Time:00:00.00 | Mem:0.00M, Peak:0.00M | Scene, ViewLayer | Synchronizing object | qa-ground
Fra:1 Mem:18.58M (Peak 18.93M) | Time:00:00.00 | Mem:0.00M, Peak:0.00M | Scene, ViewLayer | Synchronizing object | qa-human-torso
Fra:1 Mem:18.59M (Peak 18.93M) | Time:00:00.00 | Mem:0.00M, Peak:0.00M | Scene, ViewLayer | Synchronizing object | qa-human-arm.002
Fra:1 Mem:18.60M (Peak 18.93M) | Time:00:00.00 | Mem:0.00M, Peak:0.00M | Scene, ViewLayer | Synchronizing object | qa-human-leg
Fra:1 Mem:18.63M (Peak 18.93M) | Time:00:00.00 | Mem:0.00M, Peak:0.00M | Scene, ViewLayer | Synchronizing object | qa-human-leg.002
Fra:1 Mem:18.63M (Peak 18.93M) | Time:00:00.00 | Mem:0.00M, Peak:0.00M | Scene, ViewLayer | Synchronizing object | qa-human-arm
Fra:1 Mem:18.65M (Peak 18.93M) | Time:00:00.00 | Mem:0.00M, Peak:0.00M | Scene, ViewLayer | Synchronizing object | qa-human-torso.001
Fra:1 Mem:18.65M (Peak 18.93M) | Time:00:00.00 | Mem:0.00M, Peak:0.00M | Scene, ViewLayer | Synchronizing object | qa-human-leg.001
Fra:1 Mem:18.68M (Peak 18.93M) | Time:00:00.00 | Mem:0.00M, Peak:0.00M | Scene, ViewLayer | Synchronizing object | qa-human-head
Fra:1 Mem:18.67M (Peak 18.93M) | Time:00:00.00 | Mem:0.00M, Peak:0.00M | Scene, ViewLayer | Synchronizing object | qa-human-arm.001
Fra:1 Mem:18.68M (Peak 18.93M) | Time:00:00.00 | Mem:0.00M, Peak:0.00M | Scene, ViewLayer | Initializing
Fra:1 Mem:15.84M (Peak 18.93M) | Time:00:00.00 | Mem:0.00M, Peak:0.00M | Scene, ViewLayer | Waiting for render to start
Fra:1 Mem:15.84M (Peak 18.93M) | Time:00:00.00 | Mem:0.00M, Peak:0.00M | Scene, ViewLayer | Loading render kernels (may take a few minutes the first time)
Fra:1 Mem:15.84M (Peak 18.93M) | Time:00:00.00 | Mem:0.00M, Peak:0.00M | Scene, ViewLayer | Updating Scene
Fra:1 Mem:15.84M (Peak 18.93M) | Time:00:00.00 | Mem:0.00M, Peak:0.00M | Scene, ViewLayer | Updating Shaders
Fra:1 Mem:15.93M (Peak 18.93M) | Time:00:00.00 | Mem:0.01M, Peak:0.01M | Scene, ViewLayer | Updating Procedurals
Fra:1 Mem:15.93M (Peak 18.93M) | Time:00:00.00 | Mem:0.01M, Peak:0.01M | Scene, ViewLayer | Updating Background
Fra:1 Mem:15.93M (Peak 18.93M) | Time:00:00.00 | Mem:0.01M, Peak:0.01M | Scene, ViewLayer | Updating Camera
Fra:1 Mem:15.93M (Peak 18.93M) | Time:00:00.00 | Mem:0.01M, Peak:0.01M | Scene, ViewLayer | Updating Meshes Flags
Fra:1 Mem:15.93M (Peak 18.93M) | Time:00:00.00 | Mem:0.01M, Peak:0.01M | Scene, ViewLayer | Updating Objects
Fra:1 Mem:15.93M (Peak 18.93M) | Time:00:00.00 | Mem:0.01M, Peak:0.01M | Scene, ViewLayer | Updating Objects | Copying Transformations to device
Fra:1 Mem:15.95M (Peak 18.93M) | Time:00:00.00 | Mem:0.02M, Peak:0.02M | Scene, ViewLayer | Updating Objects | Applying Static Transformations
Fra:1 Mem:15.95M (Peak 18.93M) | Time:00:00.00 | Mem:0.02M, Peak:0.02M | Scene, ViewLayer | Updating Particle Systems
Fra:1 Mem:15.95M (Peak 18.93M) | Time:00:00.00 | Mem:0.02M, Peak:0.02M | Scene, ViewLayer | Updating Particle Systems | Copying Particles to device
Fra:1 Mem:15.95M (Peak 18.93M) | Time:00:00.00 | Mem:0.02M, Peak:0.02M | Scene, ViewLayer | Updating Meshes
Fra:1 Mem:15.98M (Peak 18.93M) | Time:00:00.00 | Mem:0.02M, Peak:0.02M | Scene, ViewLayer | Updating Mesh | Computing attributes
Fra:1 Mem:16.04M (Peak 18.93M) | Time:00:00.00 | Mem:0.03M, Peak:0.03M | Scene, ViewLayer | Updating Mesh | Copying Attributes to device
Fra:1 Mem:16.03M (Peak 18.93M) | Time:00:00.00 | Mem:0.07M, Peak:0.07M | Scene, ViewLayer | Updating Scene BVH | Building
Fra:1 Mem:16.03M (Peak 18.93M) | Time:00:00.00 | Mem:0.07M, Peak:0.07M | Scene, ViewLayer | Updating Scene BVH | Building BVH
Fra:1 Mem:16.03M (Peak 18.93M) | Time:00:00.00 | Mem:0.14M, Peak:0.14M | Scene, ViewLayer | Updating Scene BVH | Building BVH 0%
Fra:1 Mem:16.03M (Peak 18.93M) | Time:00:00.01 | Mem:0.23M, Peak:0.31M | Scene, ViewLayer | Updating Scene BVH | Copying BVH to device
Fra:1 Mem:16.03M (Peak 18.93M) | Time:00:00.01 | Mem:0.23M, Peak:0.31M | Scene, ViewLayer | Updating Mesh | Computing normals
Fra:1 Mem:16.20M (Peak 18.93M) | Time:00:00.01 | Mem:0.23M, Peak:0.31M | Scene, ViewLayer | Updating Mesh | Copying Mesh to device
Fra:1 Mem:16.20M (Peak 18.93M) | Time:00:00.01 | Mem:0.40M, Peak:0.40M | Scene, ViewLayer | Updating Objects Flags
Fra:1 Mem:16.20M (Peak 18.93M) | Time:00:00.01 | Mem:0.40M, Peak:0.40M | Scene, ViewLayer | Updating Primitive Offsets
Fra:1 Mem:16.20M (Peak 18.93M) | Time:00:00.01 | Mem:0.40M, Peak:0.40M | Scene, ViewLayer | Updating Images
Fra:1 Mem:16.20M (Peak 18.93M) | Time:00:00.01 | Mem:0.40M, Peak:0.40M | Scene, ViewLayer | Updating Camera Volume
Fra:1 Mem:16.20M (Peak 18.93M) | Time:00:00.01 | Mem:0.40M, Peak:0.40M | Scene, ViewLayer | Updating Lookup Tables
Fra:1 Mem:16.20M (Peak 18.93M) | Time:00:00.01 | Mem:0.48M, Peak:0.48M | Scene, ViewLayer | Updating Lights
Fra:1 Mem:16.20M (Peak 18.93M) | Time:00:00.01 | Mem:0.48M, Peak:0.48M | Scene, ViewLayer | Updating Lights | Computing tree
Fra:1 Mem:16.20M (Peak 18.93M) | Time:00:00.01 | Mem:0.49M, Peak:0.49M | Scene, ViewLayer | Updating Integrator
Fra:1 Mem:16.20M (Peak 18.93M) | Time:00:00.01 | Mem:0.49M, Peak:0.49M | Scene, ViewLayer | Updating Film
Fra:1 Mem:16.21M (Peak 18.93M) | Time:00:00.01 | Mem:0.40M, Peak:0.49M | Scene, ViewLayer | Updating Lookup Tables
Fra:1 Mem:16.21M (Peak 18.93M) | Time:00:00.01 | Mem:0.49M, Peak:0.49M | Scene, ViewLayer | Updating Baking
Fra:1 Mem:16.21M (Peak 18.93M) | Time:00:00.01 | Mem:0.49M, Peak:0.49M | Scene, ViewLayer | Updating Device | Writing constant memory
Fra:1 Mem:16.21M (Peak 18.93M) | Time:00:00.01 | Mem:0.49M, Peak:0.49M | Scene, ViewLayer | Sample 0/32
Fra:1 Mem:28.85M (Peak 28.85M) | Time:00:00.34 | Remaining:00:10.32 | Mem:13.12M, Peak:13.12M | Scene, ViewLayer | Sample 1/32
Fra:1 Mem:34.46M (Peak 45.70M) | Time:00:09.82 | Mem:13.12M, Peak:13.12M | Scene, ViewLayer | Sample 32/32
Fra:1 Mem:34.46M (Peak 45.70M) | Time:00:09.82 | Mem:13.12M, Peak:13.12M | Scene, ViewLayer | Finished
Saved: '/workspace/scratch/7c20b5ba4165/atlas-backlog-oct3/tools/assets/transit-station-spaces/qa/previews/modules-lod1-overcast.png'
Time: 00:09.88 (Saving: 00:00.06)

Extensions: writing cache failed ([Errno 30] Read-only file system: '/home/agent/.config/blender').
16:18:53 | INFO: Data are loaded, start creating Blender stuff
16:18:53 | INFO: Blender create Mesh node ground-foot-editable-mesh
16:18:53 | INFO: Blender create Mesh node pole-editable-mesh
16:18:53 | INFO: Blender create Mesh node stop-sign-frame-editable-mesh
16:18:53 | INFO: Blender create Mesh node stop-sign-face-editable-mesh
16:18:53 | INFO: Blender create Mesh node bus-pictogram-body-editable-mesh
16:18:53 | INFO: Blender create Mesh node bus-pictogram-window-editable-mesh
16:18:53 | INFO: Blender create Mesh node bus-pictogram-wheel--0.1-editable-mesh
16:18:53 | INFO: Blender create Mesh node bus-pictogram-wheel-0.1-editable-mesh
16:18:53 | INFO: Blender create Mesh node generic-route-rule-editable-mesh
16:18:53 | INFO: glTF import finished in 0.01s
16:18:53 | INFO: Data are loaded, start creating Blender stuff
16:18:53 | INFO: Blender create Mesh node platform-foundation-editable-mesh
16:18:53 | INFO: Blender create Mesh node platform-deck-editable-mesh
16:18:53 | INFO: Blender create Mesh node platform-edge-cap-editable-mesh
16:18:53 | INFO: Blender create Mesh node tactile-band-editable-mesh
16:18:53 | INFO: glTF import finished in 0.00s
16:18:53 | INFO: Data are loaded, start creating Blender stuff
16:18:53 | INFO: Blender create Mesh node sign-post--0.85-editable-mesh
16:18:53 | INFO: Blender create Mesh node sign-foot--0.85-editable-mesh
16:18:53 | INFO: Blender create Mesh node sign-post-0.85-editable-mesh
16:18:53 | INFO: Blender create Mesh node sign-foot-0.85-editable-mesh
16:18:53 | INFO: Blender create Mesh node guidance-panel-editable-mesh
16:18:53 | INFO: Blender create Mesh node guidance-face-editable-mesh
16:18:53 | INFO: Blender create Mesh node direction-arrow-editable-mesh
16:18:53 | INFO: Blender create Mesh node generic-destination-rule-2.67-editable-mesh
16:18:53 | INFO: Blender create Mesh node generic-destination-rule-2.54-editable-mesh
16:18:53 | INFO: glTF import finished in 0.01s
16:18:53 | INFO: Data are loaded, start creating Blender stuff
16:18:53 | INFO: Blender create Mesh node threshold-deck-editable-mesh
16:18:53 | INFO: glTF import finished in 0.00s
16:18:53 | INFO: Data are loaded, start creating Blender stuff
16:18:53 | INFO: Blender create Mesh node threshold-deck-editable-mesh
16:18:53 | INFO: glTF import finished in 0.00s
Fra:1 Mem:18.38M (Peak 18.38M) | Time:00:00.00 | Mem:0.00M, Peak:0.00M | Scene, ViewLayer | Synchronizing object | ground-foot
Fra:1 Mem:18.39M (Peak 18.39M) | Time:00:00.00 | Mem:0.00M, Peak:0.00M | Scene, ViewLayer | Synchronizing object | pole
Fra:1 Mem:18.39M (Peak 18.39M) | Time:00:00.00 | Mem:0.00M, Peak:0.00M | Scene, ViewLayer | Synchronizing object | stop-sign-frame
Fra:1 Mem:18.40M (Peak 18.40M) | Time:00:00.00 | Mem:0.00M, Peak:0.00M | Scene, ViewLayer | Synchronizing object | stop-sign-face
Fra:1 Mem:18.40M (Peak 18.40M) | Time:00:00.00 | Mem:0.00M, Peak:0.00M | Scene, ViewLayer | Synchronizing object | bus-pictogram-body
Fra:1 Mem:18.40M (Peak 18.40M) | Time:00:00.00 | Mem:0.00M, Peak:0.00M | Scene, ViewLayer | Synchronizing object | bus-pictogram-window
Fra:1 Mem:18.41M (Peak 18.41M) | Time:00:00.00 | Mem:0.00M, Peak:0.00M | Scene, ViewLayer | Synchronizing object | qa-label
Fra:1 Mem:18.41M (Peak 18.41M) | Time:00:00.00 | Mem:0.00M, Peak:0.00M | Scene, ViewLayer | Synchronizing object | bus-pictogram-wheel--0.1
Fra:1 Mem:18.42M (Peak 18.42M) | Time:00:00.00 | Mem:0.00M, Peak:0.00M | Scene, ViewLayer | Synchronizing object | bus-pictogram-wheel-0.1
Fra:1 Mem:18.43M (Peak 18.43M) | Time:00:00.00 | Mem:0.00M, Peak:0.00M | Scene, ViewLayer | Synchronizing object | qa-label.001
Fra:1 Mem:18.46M (Peak 18.46M) | Time:00:00.00 | Mem:0.00M, Peak:0.00M | Scene, ViewLayer | Synchronizing object | generic-route-rule
Fra:1 Mem:18.47M (Peak 18.47M) | Time:00:00.00 | Mem:0.00M, Peak:0.00M | Scene, ViewLayer | Synchronizing object | platform-foundation
Fra:1 Mem:18.48M (Peak 18.48M) | Time:00:00.00 | Mem:0.00M, Peak:0.00M | Scene, ViewLayer | Synchronizing object | platform-deck
Fra:1 Mem:18.49M (Peak 18.49M) | Time:00:00.00 | Mem:0.00M, Peak:0.00M | Scene, ViewLayer | Synchronizing object | qa-ruler-tick.010
Fra:1 Mem:18.49M (Peak 18.49M) | Time:00:00.00 | Mem:0.00M, Peak:0.00M | Scene, ViewLayer | Synchronizing object | platform-edge-cap
Fra:1 Mem:18.50M (Peak 18.50M) | Time:00:00.00 | Mem:0.00M, Peak:0.00M | Scene, ViewLayer | Synchronizing object | qa-ruler-tick.009
Fra:1 Mem:18.49M (Peak 18.50M) | Time:00:00.00 | Mem:0.00M, Peak:0.00M | Scene, ViewLayer | Synchronizing object | tactile-band
Fra:1 Mem:18.50M (Peak 18.50M) | Time:00:00.00 | Mem:0.00M, Peak:0.00M | Scene, ViewLayer | Synchronizing object | qa-ruler-tick.008
Fra:1 Mem:18.50M (Peak 18.50M) | Time:00:00.00 | Mem:0.00M, Peak:0.00M | Scene, ViewLayer | Synchronizing object | qa-ruler-tick.007
Fra:1 Mem:18.50M (Peak 18.50M) | Time:00:00.00 | Mem:0.00M, Peak:0.00M | Scene, ViewLayer | Synchronizing object | sign-post--0.85
Fra:1 Mem:18.50M (Peak 18.50M) | Time:00:00.00 | Mem:0.00M, Peak:0.00M | Scene, ViewLayer | Synchronizing object | qa-ruler-tick.006
Fra:1 Mem:18.51M (Peak 18.51M) | Time:00:00.00 | Mem:0.00M, Peak:0.00M | Scene, ViewLayer | Synchronizing object | qa-ruler-tick.005
Fra:1 Mem:18.50M (Peak 18.51M) | Time:00:00.00 | Mem:0.00M, Peak:0.00M | Scene, ViewLayer | Synchronizing object | qa-ruler-tick.004
Fra:1 Mem:18.50M (Peak 18.51M) | Time:00:00.00 | Mem:0.00M, Peak:0.00M | Scene, ViewLayer | Synchronizing object | sign-foot--0.85
Fra:1 Mem:18.51M (Peak 18.51M) | Time:00:00.00 | Mem:0.00M, Peak:0.00M | Scene, ViewLayer | Synchronizing object | qa-ruler-tick.003
Fra:1 Mem:18.51M (Peak 18.51M) | Time:00:00.00 | Mem:0.00M, Peak:0.00M | Scene, ViewLayer | Synchronizing object | qa-ruler-tick.002
Fra:1 Mem:18.51M (Peak 18.51M) | Time:00:00.00 | Mem:0.00M, Peak:0.00M | Scene, ViewLayer | Synchronizing object | sign-post-0.85
Fra:1 Mem:18.51M (Peak 18.51M) | Time:00:00.00 | Mem:0.00M, Peak:0.00M | Scene, ViewLayer | Synchronizing object | qa-ruler-tick.001
Fra:1 Mem:18.51M (Peak 18.51M) | Time:00:00.00 | Mem:0.00M, Peak:0.00M | Scene, ViewLayer | Synchronizing object | qa-ruler-tick
Fra:1 Mem:18.51M (Peak 18.51M) | Time:00:00.00 | Mem:0.00M, Peak:0.00M | Scene, ViewLayer | Synchronizing object | qa-one-metre-ruler
Fra:1 Mem:18.51M (Peak 18.51M) | Time:00:00.00 | Mem:0.00M, Peak:0.00M | Scene, ViewLayer | Synchronizing object | sign-foot-0.85
Fra:1 Mem:18.51M (Peak 18.51M) | Time:00:00.00 | Mem:0.00M, Peak:0.00M | Scene, ViewLayer | Synchronizing object | qa-human-head.001
Fra:1 Mem:18.52M (Peak 18.52M) | Time:00:00.00 | Mem:0.00M, Peak:0.00M | Scene, ViewLayer | Synchronizing object | qa-human-arm.003
Fra:1 Mem:18.52M (Peak 18.52M) | Time:00:00.00 | Mem:0.00M, Peak:0.00M | Scene, ViewLayer | Synchronizing object | guidance-panel
Fra:1 Mem:18.55M (Peak 18.55M) | Time:00:00.00 | Mem:0.00M, Peak:0.00M | Scene, ViewLayer | Synchronizing object | guidance-face
Fra:1 Mem:18.56M (Peak 18.56M) | Time:00:00.00 | Mem:0.00M, Peak:0.00M | Scene, ViewLayer | Synchronizing object | direction-arrow
Fra:1 Mem:18.55M (Peak 18.56M) | Time:00:00.00 | Mem:0.00M, Peak:0.00M | Scene, ViewLayer | Synchronizing object | qa-human-leg.003
Fra:1 Mem:18.56M (Peak 18.56M) | Time:00:00.00 | Mem:0.00M, Peak:0.00M | Scene, ViewLayer | Synchronizing object | generic-destination-rule-2.67
Fra:1 Mem:18.58M (Peak 18.58M) | Time:00:00.00 | Mem:0.00M, Peak:0.00M | Scene, ViewLayer | Synchronizing object | generic-destination-rule-2.54
Fra:1 Mem:18.57M (Peak 18.58M) | Time:00:00.00 | Mem:0.00M, Peak:0.00M | Scene, ViewLayer | Synchronizing object | qa-human-arm.002
Fra:1 Mem:18.58M (Peak 18.58M) | Time:00:00.00 | Mem:0.00M, Peak:0.00M | Scene, ViewLayer | Synchronizing object | threshold-deck
Fra:1 Mem:18.58M (Peak 18.58M) | Time:00:00.00 | Mem:0.00M, Peak:0.00M | Scene, ViewLayer | Synchronizing object | threshold-deck.001
Fra:1 Mem:18.59M (Peak 18.59M) | Time:00:00.00 | Mem:0.00M, Peak:0.00M | Scene, ViewLayer | Synchronizing object | qa-human-leg.002
Fra:1 Mem:18.60M (Peak 18.60M) | Time:00:00.00 | Mem:0.00M, Peak:0.00M | Scene, ViewLayer | Synchronizing object | qa-ground
Fra:1 Mem:18.60M (Peak 18.60M) | Time:00:00.00 | Mem:0.00M, Peak:0.00M | Scene, ViewLayer | Synchronizing object | qa-human-torso
Fra:1 Mem:18.61M (Peak 18.61M) | Time:00:00.00 | Mem:0.00M, Peak:0.00M | Scene, ViewLayer | Synchronizing object | qa-human-torso.001
Fra:1 Mem:18.64M (Peak 18.64M) | Time:00:00.00 | Mem:0.00M, Peak:0.00M | Scene, ViewLayer | Synchronizing object | qa-human-leg
Fra:1 Mem:18.64M (Peak 18.64M) | Time:00:00.00 | Mem:0.00M, Peak:0.00M | Scene, ViewLayer | Synchronizing object | qa-human-head
Fra:1 Mem:18.66M (Peak 18.66M) | Time:00:00.00 | Mem:0.00M, Peak:0.00M | Scene, ViewLayer | Synchronizing object | qa-human-arm.001
Fra:1 Mem:18.65M (Peak 18.66M) | Time:00:00.00 | Mem:0.00M, Peak:0.00M | Scene, ViewLayer | Synchronizing object | qa-human-arm
Fra:1 Mem:18.68M (Peak 18.68M) | Time:00:00.00 | Mem:0.00M, Peak:0.00M | Scene, ViewLayer | Synchronizing object | qa-human-leg.001
Fra:1 Mem:18.68M (Peak 18.68M) | Time:00:00.00 | Mem:0.00M, Peak:0.00M | Scene, ViewLayer | Initializing
Fra:1 Mem:15.84M (Peak 18.68M) | Time:00:00.00 | Mem:0.00M, Peak:0.00M | Scene, ViewLayer | Waiting for render to start
Fra:1 Mem:15.84M (Peak 18.68M) | Time:00:00.00 | Mem:0.00M, Peak:0.00M | Scene, ViewLayer | Loading render kernels (may take a few minutes the first time)
Fra:1 Mem:15.84M (Peak 18.68M) | Time:00:00.00 | Mem:0.00M, Peak:0.00M | Scene, ViewLayer | Updating Scene
Fra:1 Mem:15.84M (Peak 18.68M) | Time:00:00.00 | Mem:0.00M, Peak:0.00M | Scene, ViewLayer | Updating Shaders
Fra:1 Mem:15.93M (Peak 18.68M) | Time:00:00.00 | Mem:0.01M, Peak:0.01M | Scene, ViewLayer | Updating Procedurals
Fra:1 Mem:15.93M (Peak 18.68M) | Time:00:00.00 | Mem:0.01M, Peak:0.01M | Scene, ViewLayer | Updating Background
Fra:1 Mem:15.93M (Peak 18.68M) | Time:00:00.00 | Mem:0.01M, Peak:0.01M | Scene, ViewLayer | Updating Camera
Fra:1 Mem:15.93M (Peak 18.68M) | Time:00:00.00 | Mem:0.01M, Peak:0.01M | Scene, ViewLayer | Updating Meshes Flags
Fra:1 Mem:15.93M (Peak 18.68M) | Time:00:00.00 | Mem:0.01M, Peak:0.01M | Scene, ViewLayer | Updating Objects
Fra:1 Mem:15.93M (Peak 18.68M) | Time:00:00.00 | Mem:0.01M, Peak:0.01M | Scene, ViewLayer | Updating Objects | Copying Transformations to device
Fra:1 Mem:15.95M (Peak 18.68M) | Time:00:00.00 | Mem:0.02M, Peak:0.02M | Scene, ViewLayer | Updating Objects | Applying Static Transformations
Fra:1 Mem:15.95M (Peak 18.68M) | Time:00:00.00 | Mem:0.02M, Peak:0.02M | Scene, ViewLayer | Updating Particle Systems
Fra:1 Mem:15.95M (Peak 18.68M) | Time:00:00.00 | Mem:0.02M, Peak:0.02M | Scene, ViewLayer | Updating Particle Systems | Copying Particles to device
Fra:1 Mem:15.95M (Peak 18.68M) | Time:00:00.00 | Mem:0.02M, Peak:0.02M | Scene, ViewLayer | Updating Meshes
Fra:1 Mem:15.98M (Peak 18.68M) | Time:00:00.00 | Mem:0.02M, Peak:0.02M | Scene, ViewLayer | Updating Mesh | Computing attributes
Fra:1 Mem:16.04M (Peak 18.68M) | Time:00:00.00 | Mem:0.03M, Peak:0.03M | Scene, ViewLayer | Updating Mesh | Copying Attributes to device
Fra:1 Mem:16.03M (Peak 18.68M) | Time:00:00.00 | Mem:0.07M, Peak:0.07M | Scene, ViewLayer | Updating Scene BVH | Building
Fra:1 Mem:16.03M (Peak 18.68M) | Time:00:00.00 | Mem:0.07M, Peak:0.07M | Scene, ViewLayer | Updating Scene BVH | Building BVH
Fra:1 Mem:16.03M (Peak 18.68M) | Time:00:00.00 | Mem:0.14M, Peak:0.14M | Scene, ViewLayer | Updating Scene BVH | Building BVH 0%
Fra:1 Mem:16.03M (Peak 18.68M) | Time:00:00.00 | Mem:0.23M, Peak:0.31M | Scene, ViewLayer | Updating Scene BVH | Copying BVH to device
Fra:1 Mem:16.03M (Peak 18.68M) | Time:00:00.00 | Mem:0.23M, Peak:0.31M | Scene, ViewLayer | Updating Mesh | Computing normals
Fra:1 Mem:16.20M (Peak 18.68M) | Time:00:00.00 | Mem:0.23M, Peak:0.31M | Scene, ViewLayer | Updating Mesh | Copying Mesh to device
Fra:1 Mem:16.20M (Peak 18.68M) | Time:00:00.00 | Mem:0.40M, Peak:0.40M | Scene, ViewLayer | Updating Objects Flags
Fra:1 Mem:16.20M (Peak 18.68M) | Time:00:00.00 | Mem:0.40M, Peak:0.40M | Scene, ViewLayer | Updating Primitive Offsets
Fra:1 Mem:16.20M (Peak 18.68M) | Time:00:00.00 | Mem:0.40M, Peak:0.40M | Scene, ViewLayer | Updating Images
Fra:1 Mem:16.20M (Peak 18.68M) | Time:00:00.00 | Mem:0.40M, Peak:0.40M | Scene, ViewLayer | Updating Camera Volume
Fra:1 Mem:16.20M (Peak 18.68M) | Time:00:00.00 | Mem:0.40M, Peak:0.40M | Scene, ViewLayer | Updating Lookup Tables
Fra:1 Mem:16.20M (Peak 18.68M) | Time:00:00.00 | Mem:0.48M, Peak:0.48M | Scene, ViewLayer | Updating Lights
Fra:1 Mem:16.20M (Peak 18.68M) | Time:00:00.00 | Mem:0.48M, Peak:0.48M | Scene, ViewLayer | Updating Lights | Computing tree
Fra:1 Mem:16.20M (Peak 18.68M) | Time:00:00.00 | Mem:0.49M, Peak:0.49M | Scene, ViewLayer | Updating Integrator
Fra:1 Mem:16.20M (Peak 18.68M) | Time:00:00.00 | Mem:0.49M, Peak:0.49M | Scene, ViewLayer | Updating Film
Fra:1 Mem:16.21M (Peak 18.68M) | Time:00:00.00 | Mem:0.40M, Peak:0.49M | Scene, ViewLayer | Updating Lookup Tables
Fra:1 Mem:16.21M (Peak 18.68M) | Time:00:00.00 | Mem:0.49M, Peak:0.49M | Scene, ViewLayer | Updating Baking
Fra:1 Mem:16.21M (Peak 18.68M) | Time:00:00.00 | Mem:0.49M, Peak:0.49M | Scene, ViewLayer | Updating Device | Writing constant memory
Fra:1 Mem:16.21M (Peak 18.68M) | Time:00:00.00 | Mem:0.49M, Peak:0.49M | Scene, ViewLayer | Sample 0/32
Fra:1 Mem:28.85M (Peak 28.85M) | Time:00:00.33 | Remaining:00:10.21 | Mem:13.12M, Peak:13.12M | Scene, ViewLayer | Sample 1/32
Fra:1 Mem:34.46M (Peak 45.70M) | Time:00:09.78 | Mem:13.12M, Peak:13.12M | Scene, ViewLayer | Sample 32/32
Fra:1 Mem:34.46M (Peak 45.70M) | Time:00:09.78 | Mem:13.12M, Peak:13.12M | Scene, ViewLayer | Finished
Saved: '/workspace/scratch/7c20b5ba4165/atlas-backlog-oct3/tools/assets/transit-station-spaces/qa/previews/modules-lod1-dusk.png'
Time: 00:09.83 (Saving: 00:00.05)

Extensions: writing cache failed ([Errno 30] Read-only file system: '/home/agent/.config/blender').
16:19:03 | INFO: Data are loaded, start creating Blender stuff
16:19:03 | INFO: Blender create Mesh node ground-foot-editable-mesh
16:19:03 | INFO: Blender create Mesh node pole-editable-mesh
16:19:03 | INFO: Blender create Mesh node stop-sign-frame-editable-mesh
16:19:03 | INFO: Blender create Mesh node stop-sign-face-editable-mesh
16:19:03 | INFO: Blender create Mesh node bus-pictogram-body-editable-mesh
16:19:03 | INFO: Blender create Mesh node bus-pictogram-window-editable-mesh
16:19:03 | INFO: Blender create Mesh node bus-pictogram-wheel--0.1-editable-mesh
16:19:03 | INFO: Blender create Mesh node bus-pictogram-wheel-0.1-editable-mesh
16:19:03 | INFO: Blender create Mesh node generic-route-rule-editable-mesh
16:19:03 | INFO: glTF import finished in 0.01s
16:19:03 | INFO: Data are loaded, start creating Blender stuff
16:19:03 | INFO: Blender create Mesh node platform-foundation-editable-mesh
16:19:03 | INFO: Blender create Mesh node platform-deck-editable-mesh
16:19:03 | INFO: Blender create Mesh node platform-edge-cap-editable-mesh
16:19:03 | INFO: Blender create Mesh node tactile-band-editable-mesh
16:19:03 | INFO: glTF import finished in 0.00s
16:19:03 | INFO: Data are loaded, start creating Blender stuff
16:19:03 | INFO: Blender create Mesh node sign-post--0.85-editable-mesh
16:19:03 | INFO: Blender create Mesh node sign-foot--0.85-editable-mesh
16:19:03 | INFO: Blender create Mesh node sign-post-0.85-editable-mesh
16:19:03 | INFO: Blender create Mesh node sign-foot-0.85-editable-mesh
16:19:03 | INFO: Blender create Mesh node guidance-panel-editable-mesh
16:19:03 | INFO: Blender create Mesh node guidance-face-editable-mesh
16:19:03 | INFO: Blender create Mesh node direction-arrow-editable-mesh
16:19:03 | INFO: Blender create Mesh node generic-destination-rule-2.67-editable-mesh
16:19:03 | INFO: Blender create Mesh node generic-destination-rule-2.54-editable-mesh
16:19:03 | INFO: glTF import finished in 0.01s
16:19:03 | INFO: Data are loaded, start creating Blender stuff
16:19:03 | INFO: Blender create Mesh node threshold-deck-editable-mesh
16:19:03 | INFO: glTF import finished in 0.00s
16:19:03 | INFO: Data are loaded, start creating Blender stuff
16:19:03 | INFO: Blender create Mesh node threshold-deck-editable-mesh
16:19:03 | INFO: glTF import finished in 0.00s
Fra:1 Mem:18.38M (Peak 18.47M) | Time:00:00.00 | Mem:0.00M, Peak:0.00M | Scene, ViewLayer | Synchronizing object | ground-foot
Fra:1 Mem:18.39M (Peak 18.47M) | Time:00:00.00 | Mem:0.00M, Peak:0.00M | Scene, ViewLayer | Synchronizing object | pole
Fra:1 Mem:18.39M (Peak 18.47M) | Time:00:00.00 | Mem:0.00M, Peak:0.00M | Scene, ViewLayer | Synchronizing object | stop-sign-frame
Fra:1 Mem:18.40M (Peak 18.47M) | Time:00:00.00 | Mem:0.00M, Peak:0.00M | Scene, ViewLayer | Synchronizing object | stop-sign-face
Fra:1 Mem:18.40M (Peak 18.47M) | Time:00:00.00 | Mem:0.00M, Peak:0.00M | Scene, ViewLayer | Synchronizing object | bus-pictogram-body
Fra:1 Mem:18.40M (Peak 18.47M) | Time:00:00.00 | Mem:0.00M, Peak:0.00M | Scene, ViewLayer | Synchronizing object | bus-pictogram-window
Fra:1 Mem:18.41M (Peak 18.47M) | Time:00:00.00 | Mem:0.00M, Peak:0.00M | Scene, ViewLayer | Synchronizing object | bus-pictogram-wheel--0.1
Fra:1 Mem:18.42M (Peak 18.47M) | Time:00:00.00 | Mem:0.00M, Peak:0.00M | Scene, ViewLayer | Synchronizing object | qa-label
Fra:1 Mem:18.41M (Peak 18.47M) | Time:00:00.00 | Mem:0.00M, Peak:0.00M | Scene, ViewLayer | Synchronizing object | bus-pictogram-wheel-0.1
Fra:1 Mem:18.42M (Peak 18.47M) | Time:00:00.00 | Mem:0.00M, Peak:0.00M | Scene, ViewLayer | Synchronizing object | generic-route-rule
Fra:1 Mem:18.44M (Peak 18.47M) | Time:00:00.00 | Mem:0.00M, Peak:0.00M | Scene, ViewLayer | Synchronizing object | qa-label.001
Fra:1 Mem:18.45M (Peak 18.47M) | Time:00:00.00 | Mem:0.00M, Peak:0.00M | Scene, ViewLayer | Synchronizing object | platform-foundation
Fra:1 Mem:18.48M (Peak 18.48M) | Time:00:00.00 | Mem:0.00M, Peak:0.00M | Scene, ViewLayer | Synchronizing object | platform-deck
Fra:1 Mem:18.48M (Peak 18.48M) | Time:00:00.00 | Mem:0.00M, Peak:0.00M | Scene, ViewLayer | Synchronizing object | platform-edge-cap
Fra:1 Mem:18.49M (Peak 18.49M) | Time:00:00.00 | Mem:0.00M, Peak:0.00M | Scene, ViewLayer | Synchronizing object | tactile-band
Fra:1 Mem:18.49M (Peak 18.49M) | Time:00:00.00 | Mem:0.00M, Peak:0.00M | Scene, ViewLayer | Synchronizing object | qa-ruler-tick.010
Fra:1 Mem:18.50M (Peak 18.50M) | Time:00:00.00 | Mem:0.00M, Peak:0.00M | Scene, ViewLayer | Synchronizing object | qa-ruler-tick.009
Fra:1 Mem:18.49M (Peak 18.50M) | Time:00:00.00 | Mem:0.00M, Peak:0.00M | Scene, ViewLayer | Synchronizing object | sign-post--0.85
Fra:1 Mem:18.50M (Peak 18.50M) | Time:00:00.00 | Mem:0.00M, Peak:0.00M | Scene, ViewLayer | Synchronizing object | qa-ruler-tick.008
Fra:1 Mem:18.51M (Peak 18.51M) | Time:00:00.00 | Mem:0.00M, Peak:0.00M | Scene, ViewLayer | Synchronizing object | qa-ruler-tick.007
Fra:1 Mem:18.50M (Peak 18.51M) | Time:00:00.00 | Mem:0.00M, Peak:0.00M | Scene, ViewLayer | Synchronizing object | qa-ruler-tick.006
Fra:1 Mem:18.50M (Peak 18.51M) | Time:00:00.00 | Mem:0.00M, Peak:0.00M | Scene, ViewLayer | Synchronizing object | sign-foot--0.85
Fra:1 Mem:18.50M (Peak 18.51M) | Time:00:00.00 | Mem:0.00M, Peak:0.00M | Scene, ViewLayer | Synchronizing object | qa-ruler-tick.005
Fra:1 Mem:18.51M (Peak 18.51M) | Time:00:00.00 | Mem:0.00M, Peak:0.00M | Scene, ViewLayer | Synchronizing object | qa-ruler-tick.004
Fra:1 Mem:18.51M (Peak 18.51M) | Time:00:00.00 | Mem:0.00M, Peak:0.00M | Scene, ViewLayer | Synchronizing object | qa-ruler-tick.003
Fra:1 Mem:18.50M (Peak 18.51M) | Time:00:00.00 | Mem:0.00M, Peak:0.00M | Scene, ViewLayer | Synchronizing object | sign-post-0.85
Fra:1 Mem:18.51M (Peak 18.51M) | Time:00:00.00 | Mem:0.00M, Peak:0.00M | Scene, ViewLayer | Synchronizing object | qa-ruler-tick.002
Fra:1 Mem:18.51M (Peak 18.51M) | Time:00:00.00 | Mem:0.00M, Peak:0.00M | Scene, ViewLayer | Synchronizing object | qa-ruler-tick.001
Fra:1 Mem:18.51M (Peak 18.51M) | Time:00:00.00 | Mem:0.00M, Peak:0.00M | Scene, ViewLayer | Synchronizing object | qa-ruler-tick
Fra:1 Mem:18.51M (Peak 18.51M) | Time:00:00.00 | Mem:0.00M, Peak:0.00M | Scene, ViewLayer | Synchronizing object | sign-foot-0.85
Fra:1 Mem:18.51M (Peak 18.51M) | Time:00:00.00 | Mem:0.00M, Peak:0.00M | Scene, ViewLayer | Synchronizing object | qa-one-metre-ruler
Fra:1 Mem:18.52M (Peak 18.52M) | Time:00:00.00 | Mem:0.00M, Peak:0.00M | Scene, ViewLayer | Synchronizing object | qa-human-head.001
Fra:1 Mem:18.52M (Peak 18.52M) | Time:00:00.00 | Mem:0.00M, Peak:0.00M | Scene, ViewLayer | Synchronizing object | guidance-panel
Fra:1 Mem:18.53M (Peak 18.53M) | Time:00:00.00 | Mem:0.00M, Peak:0.00M | Scene, ViewLayer | Synchronizing object | qa-human-arm.003
Fra:1 Mem:18.53M (Peak 18.53M) | Time:00:00.00 | Mem:0.00M, Peak:0.00M | Scene, ViewLayer | Synchronizing object | guidance-face
Fra:1 Mem:18.55M (Peak 18.55M) | Time:00:00.00 | Mem:0.00M, Peak:0.00M | Scene, ViewLayer | Synchronizing object | direction-arrow
Fra:1 Mem:18.56M (Peak 18.56M) | Time:00:00.00 | Mem:0.00M, Peak:0.00M | Scene, ViewLayer | Synchronizing object | generic-destination-rule-2.67
Fra:1 Mem:18.55M (Peak 18.56M) | Time:00:00.00 | Mem:0.00M, Peak:0.00M | Scene, ViewLayer | Synchronizing object | qa-human-leg.003
Fra:1 Mem:18.57M (Peak 18.57M) | Time:00:00.00 | Mem:0.00M, Peak:0.00M | Scene, ViewLayer | Synchronizing object | generic-destination-rule-2.54
Fra:1 Mem:18.58M (Peak 18.58M) | Time:00:00.00 | Mem:0.00M, Peak:0.00M | Scene, ViewLayer | Synchronizing object | threshold-deck
Fra:1 Mem:18.57M (Peak 18.58M) | Time:00:00.00 | Mem:0.00M, Peak:0.00M | Scene, ViewLayer | Synchronizing object | qa-human-arm.002
Fra:1 Mem:18.58M (Peak 18.58M) | Time:00:00.00 | Mem:0.00M, Peak:0.00M | Scene, ViewLayer | Synchronizing object | threshold-deck.001
Fra:1 Mem:18.60M (Peak 18.60M) | Time:00:00.00 | Mem:0.00M, Peak:0.00M | Scene, ViewLayer | Synchronizing object | qa-ground
Fra:1 Mem:18.58M (Peak 18.60M) | Time:00:00.00 | Mem:0.00M, Peak:0.00M | Scene, ViewLayer | Synchronizing object | qa-human-leg.002
Fra:1 Mem:18.59M (Peak 18.60M) | Time:00:00.00 | Mem:0.00M, Peak:0.00M | Scene, ViewLayer | Synchronizing object | qa-human-torso
Fra:1 Mem:18.63M (Peak 18.63M) | Time:00:00.00 | Mem:0.00M, Peak:0.00M | Scene, ViewLayer | Synchronizing object | qa-human-torso.001
Fra:1 Mem:18.62M (Peak 18.63M) | Time:00:00.00 | Mem:0.00M, Peak:0.00M | Scene, ViewLayer | Synchronizing object | qa-human-leg
Fra:1 Mem:18.64M (Peak 18.64M) | Time:00:00.00 | Mem:0.00M, Peak:0.00M | Scene, ViewLayer | Synchronizing object | qa-human-head
Fra:1 Mem:18.64M (Peak 18.64M) | Time:00:00.00 | Mem:0.00M, Peak:0.00M | Scene, ViewLayer | Synchronizing object | qa-human-arm.001
Fra:1 Mem:18.65M (Peak 18.65M) | Time:00:00.00 | Mem:0.00M, Peak:0.00M | Scene, ViewLayer | Synchronizing object | qa-human-arm
Fra:1 Mem:18.67M (Peak 18.67M) | Time:00:00.00 | Mem:0.00M, Peak:0.00M | Scene, ViewLayer | Synchronizing object | qa-human-leg.001
Fra:1 Mem:18.68M (Peak 18.68M) | Time:00:00.00 | Mem:0.00M, Peak:0.00M | Scene, ViewLayer | Initializing
Fra:1 Mem:15.84M (Peak 18.68M) | Time:00:00.00 | Mem:0.00M, Peak:0.00M | Scene, ViewLayer | Waiting for render to start
Fra:1 Mem:15.84M (Peak 18.68M) | Time:00:00.00 | Mem:0.00M, Peak:0.00M | Scene, ViewLayer | Loading render kernels (may take a few minutes the first time)
Fra:1 Mem:15.84M (Peak 18.68M) | Time:00:00.00 | Mem:0.00M, Peak:0.00M | Scene, ViewLayer | Updating Scene
Fra:1 Mem:15.84M (Peak 18.68M) | Time:00:00.00 | Mem:0.00M, Peak:0.00M | Scene, ViewLayer | Updating Shaders
Fra:1 Mem:15.93M (Peak 18.68M) | Time:00:00.00 | Mem:0.01M, Peak:0.01M | Scene, ViewLayer | Updating Procedurals
Fra:1 Mem:15.93M (Peak 18.68M) | Time:00:00.00 | Mem:0.01M, Peak:0.01M | Scene, ViewLayer | Updating Background
Fra:1 Mem:15.93M (Peak 18.68M) | Time:00:00.00 | Mem:0.01M, Peak:0.01M | Scene, ViewLayer | Updating Camera
Fra:1 Mem:15.93M (Peak 18.68M) | Time:00:00.00 | Mem:0.01M, Peak:0.01M | Scene, ViewLayer | Updating Meshes Flags
Fra:1 Mem:15.93M (Peak 18.68M) | Time:00:00.00 | Mem:0.01M, Peak:0.01M | Scene, ViewLayer | Updating Objects
Fra:1 Mem:15.93M (Peak 18.68M) | Time:00:00.00 | Mem:0.01M, Peak:0.01M | Scene, ViewLayer | Updating Objects | Copying Transformations to device
Fra:1 Mem:15.95M (Peak 18.68M) | Time:00:00.00 | Mem:0.02M, Peak:0.02M | Scene, ViewLayer | Updating Objects | Applying Static Transformations
Fra:1 Mem:15.95M (Peak 18.68M) | Time:00:00.00 | Mem:0.02M, Peak:0.02M | Scene, ViewLayer | Updating Particle Systems
Fra:1 Mem:15.95M (Peak 18.68M) | Time:00:00.00 | Mem:0.02M, Peak:0.02M | Scene, ViewLayer | Updating Particle Systems | Copying Particles to device
Fra:1 Mem:15.95M (Peak 18.68M) | Time:00:00.00 | Mem:0.02M, Peak:0.02M | Scene, ViewLayer | Updating Meshes
Fra:1 Mem:15.98M (Peak 18.68M) | Time:00:00.00 | Mem:0.02M, Peak:0.02M | Scene, ViewLayer | Updating Mesh | Computing attributes
Fra:1 Mem:16.04M (Peak 18.68M) | Time:00:00.00 | Mem:0.03M, Peak:0.03M | Scene, ViewLayer | Updating Mesh | Copying Attributes to device
Fra:1 Mem:16.03M (Peak 18.68M) | Time:00:00.00 | Mem:0.07M, Peak:0.07M | Scene, ViewLayer | Updating Scene BVH | Building
Fra:1 Mem:16.03M (Peak 18.68M) | Time:00:00.00 | Mem:0.07M, Peak:0.07M | Scene, ViewLayer | Updating Scene BVH | Building BVH
Fra:1 Mem:16.03M (Peak 18.68M) | Time:00:00.00 | Mem:0.14M, Peak:0.14M | Scene, ViewLayer | Updating Scene BVH | Building BVH 0%
Fra:1 Mem:16.03M (Peak 18.68M) | Time:00:00.00 | Mem:0.23M, Peak:0.31M | Scene, ViewLayer | Updating Scene BVH | Copying BVH to device
Fra:1 Mem:16.03M (Peak 18.68M) | Time:00:00.00 | Mem:0.23M, Peak:0.31M | Scene, ViewLayer | Updating Mesh | Computing normals
Fra:1 Mem:16.20M (Peak 18.68M) | Time:00:00.00 | Mem:0.23M, Peak:0.31M | Scene, ViewLayer | Updating Mesh | Copying Mesh to device
Fra:1 Mem:16.20M (Peak 18.68M) | Time:00:00.00 | Mem:0.40M, Peak:0.40M | Scene, ViewLayer | Updating Objects Flags
Fra:1 Mem:16.20M (Peak 18.68M) | Time:00:00.00 | Mem:0.40M, Peak:0.40M | Scene, ViewLayer | Updating Primitive Offsets
Fra:1 Mem:16.20M (Peak 18.68M) | Time:00:00.00 | Mem:0.40M, Peak:0.40M | Scene, ViewLayer | Updating Images
Fra:1 Mem:16.20M (Peak 18.68M) | Time:00:00.00 | Mem:0.40M, Peak:0.40M | Scene, ViewLayer | Updating Camera Volume
Fra:1 Mem:16.20M (Peak 18.68M) | Time:00:00.00 | Mem:0.40M, Peak:0.40M | Scene, ViewLayer | Updating Lookup Tables
Fra:1 Mem:16.20M (Peak 18.68M) | Time:00:00.00 | Mem:0.48M, Peak:0.48M | Scene, ViewLayer | Updating Lights
Fra:1 Mem:16.20M (Peak 18.68M) | Time:00:00.00 | Mem:0.48M, Peak:0.48M | Scene, ViewLayer | Updating Lights | Computing tree
Fra:1 Mem:16.20M (Peak 18.68M) | Time:00:00.00 | Mem:0.49M, Peak:0.49M | Scene, ViewLayer | Updating Integrator
Fra:1 Mem:16.20M (Peak 18.68M) | Time:00:00.00 | Mem:0.49M, Peak:0.49M | Scene, ViewLayer | Updating Film
Fra:1 Mem:16.21M (Peak 18.68M) | Time:00:00.00 | Mem:0.40M, Peak:0.49M | Scene, ViewLayer | Updating Lookup Tables
Fra:1 Mem:16.21M (Peak 18.68M) | Time:00:00.00 | Mem:0.49M, Peak:0.49M | Scene, ViewLayer | Updating Baking
Fra:1 Mem:16.21M (Peak 18.68M) | Time:00:00.00 | Mem:0.49M, Peak:0.49M | Scene, ViewLayer | Updating Device | Writing constant memory
Fra:1 Mem:16.21M (Peak 18.68M) | Time:00:00.00 | Mem:0.49M, Peak:0.49M | Scene, ViewLayer | Sample 0/32
Fra:1 Mem:28.85M (Peak 28.85M) | Time:00:00.34 | Remaining:00:10.43 | Mem:13.12M, Peak:13.12M | Scene, ViewLayer | Sample 1/32
Fra:1 Mem:34.47M (Peak 45.70M) | Time:00:09.89 | Mem:13.12M, Peak:13.12M | Scene, ViewLayer | Sample 32/32
Fra:1 Mem:34.47M (Peak 45.70M) | Time:00:09.89 | Mem:13.12M, Peak:13.12M | Scene, ViewLayer | Finished
Saved: '/workspace/scratch/7c20b5ba4165/atlas-backlog-oct3/tools/assets/transit-station-spaces/qa/previews/modules-lod1-night.png'
Time: 00:09.94 (Saving: 00:00.05)

Extensions: writing cache failed ([Errno 30] Read-only file system: '/home/agent/.config/blender').
16:19:13 | INFO: Data are loaded, start creating Blender stuff
16:19:13 | INFO: Blender create Mesh node lower--1-0
16:19:13 | INFO: Blender create Mesh node front-destination
16:19:13 | INFO: Blender create Mesh node door-right-front-a-crossbar
16:19:13 | INFO: Blender create Mesh node door-right-front-b-crossbar
16:19:13 | INFO: Blender create Mesh node door-right-rear-a-crossbar
16:19:13 | INFO: Blender create Mesh node door-right-rear-b-crossbar
16:19:13 | INFO: Blender create Mesh node window--1-0
16:19:13 | INFO: Blender create Mesh node destination-pixel
16:19:13 | INFO: Blender create Mesh node roof-equipment
16:19:13 | INFO: Blender create Mesh node wheel-front-left-hub
16:19:13 | INFO: Blender create Mesh node wheel-front-left-tyre
16:19:13 | INFO: Blender create Mesh node wheel-front-right-hub
16:19:13 | INFO: Blender create Mesh node wheel-front-right-tyre
16:19:13 | INFO: Blender create Mesh node wheel-rear-left-hub
16:19:13 | INFO: Blender create Mesh node wheel-rear-left-tyre
16:19:13 | INFO: Blender create Mesh node wheel-rear-right-hub
16:19:13 | INFO: Blender create Mesh node wheel-rear-right-tyre
16:19:13 | INFO: glTF import finished in 0.02s
16:19:13 | INFO: Data are loaded, start creating Blender stuff
16:19:13 | INFO: Blender create Mesh node interior-batch-panel
16:19:13 | INFO: Blender create Mesh node interior-batch-lights
16:19:13 | INFO: Blender create Mesh node interior-batch-glass
16:19:13 | INFO: Blender create Mesh node interior-batch-seat
16:19:13 | INFO: Blender create Mesh node interior-batch-rail
16:19:13 | INFO: Blender create Mesh node interior-batch-floor
16:19:13 | INFO: Blender create Mesh node interior-batch-rubber
16:19:13 | INFO: glTF import finished in 0.02s
16:19:13 | INFO: Data are loaded, start creating Blender stuff
16:19:13 | INFO: Blender create Mesh node ground-foot-editable-mesh
16:19:13 | INFO: Blender create Mesh node pole-editable-mesh
16:19:13 | INFO: Blender create Mesh node stop-sign-frame-editable-mesh
16:19:13 | INFO: Blender create Mesh node stop-sign-face-editable-mesh
16:19:13 | INFO: Blender create Mesh node bus-pictogram-body-editable-mesh
16:19:13 | INFO: Blender create Mesh node bus-pictogram-window-editable-mesh
16:19:13 | INFO: Blender create Mesh node bus-pictogram-wheel--0.1-editable-mesh
16:19:13 | INFO: Blender create Mesh node bus-pictogram-wheel-0.1-editable-mesh
16:19:13 | INFO: Blender create Mesh node generic-route-rule-editable-mesh
16:19:13 | INFO: Blender create Mesh node sign-mount--0.21-editable-mesh
16:19:13 | INFO: Blender create Mesh node sign-mount-0.21-editable-mesh
16:19:13 | INFO: glTF import finished in 0.01s
16:19:13 | INFO: Data are loaded, start creating Blender stuff
16:19:13 | INFO: Blender create Mesh node Cube
16:19:13 | INFO: Blender create Mesh node Cube.008
16:19:13 | INFO: Blender create Mesh node Cube.050
16:19:13 | INFO: Blender create Mesh node Cube.051
16:19:13 | INFO: glTF import finished in 0.01s
16:19:13 | INFO: Data are loaded, start creating Blender stuff
16:19:13 | INFO: Blender create Mesh node threshold-deck-editable-mesh
16:19:13 | INFO: Blender create Mesh node deck-grip-strip-editable-mesh
16:19:13 | INFO: Blender create Mesh node deck-grip-strip-editable-mesh.001
16:19:13 | INFO: Blender create Mesh node deck-grip-strip-editable-mesh.002
16:19:13 | INFO: glTF import finished in 0.01s
16:19:13 | INFO: Data are loaded, start creating Blender stuff
16:19:13 | INFO: Blender create Mesh node threshold-deck-editable-mesh
16:19:13 | INFO: Blender create Mesh node deck-grip-strip-editable-mesh
16:19:13 | INFO: Blender create Mesh node deck-grip-strip-editable-mesh.001
16:19:13 | INFO: Blender create Mesh node deck-grip-strip-editable-mesh.002
16:19:13 | INFO: glTF import finished in 0.01s
Fra:1 Mem:26.46M (Peak 26.46M) | Time:00:00.01 | Mem:0.00M, Peak:0.00M | Scene, ViewLayer | Synchronizing object | body-shell
Fra:1 Mem:26.72M (Peak 26.72M) | Time:00:00.01 | Mem:0.00M, Peak:0.00M | Scene, ViewLayer | Synchronizing object | qa-ruler-tick.010
Fra:1 Mem:26.85M (Peak 26.85M) | Time:00:00.01 | Mem:0.00M, Peak:0.00M | Scene, ViewLayer | Synchronizing object | qa-ruler-tick.009
Fra:1 Mem:26.85M (Peak 26.85M) | Time:00:00.01 | Mem:0.00M, Peak:0.00M | Scene, ViewLayer | Synchronizing object | qa-ruler-tick.008
Fra:1 Mem:26.85M (Peak 26.85M) | Time:00:00.01 | Mem:0.00M, Peak:0.00M | Scene, ViewLayer | Synchronizing object | qa-ruler-tick.007
Fra:1 Mem:26.85M (Peak 26.85M) | Time:00:00.01 | Mem:0.00M, Peak:0.00M | Scene, ViewLayer | Synchronizing object | qa-ruler-tick.006
Fra:1 Mem:26.85M (Peak 26.85M) | Time:00:00.01 | Mem:0.00M, Peak:0.00M | Scene, ViewLayer | Synchronizing object | qa-ruler-tick.005
Fra:1 Mem:26.85M (Peak 26.85M) | Time:00:00.01 | Mem:0.00M, Peak:0.00M | Scene, ViewLayer | Synchronizing object | qa-ruler-tick.004
Fra:1 Mem:26.85M (Peak 26.85M) | Time:00:00.01 | Mem:0.00M, Peak:0.00M | Scene, ViewLayer | Synchronizing object | qa-ruler-tick.003
Fra:1 Mem:26.85M (Peak 26.85M) | Time:00:00.01 | Mem:0.00M, Peak:0.00M | Scene, ViewLayer | Synchronizing object | qa-ruler-tick.002
Fra:1 Mem:26.85M (Peak 26.85M) | Time:00:00.01 | Mem:0.00M, Peak:0.00M | Scene, ViewLayer | Synchronizing object | qa-ruler-tick.001
Fra:1 Mem:26.74M (Peak 26.85M) | Time:00:00.01 | Mem:0.00M, Peak:0.00M | Scene, ViewLayer | Synchronizing object | qa-ruler-tick
Fra:1 Mem:26.79M (Peak 26.85M) | Time:00:00.01 | Mem:0.00M, Peak:0.00M | Scene, ViewLayer | Synchronizing object | qa-one-metre-ruler
Fra:1 Mem:26.79M (Peak 26.85M) | Time:00:00.01 | Mem:0.00M, Peak:0.00M | Scene, ViewLayer | Synchronizing object | qa-human-head.001
Fra:1 Mem:26.84M (Peak 26.85M) | Time:00:00.01 | Mem:0.00M, Peak:0.00M | Scene, ViewLayer | Synchronizing object | qa-human-arm.003
Fra:1 Mem:26.69M (Peak 26.85M) | Time:00:00.01 | Mem:0.00M, Peak:0.00M | Scene, ViewLayer | Synchronizing object | body-trim
Fra:1 Mem:26.68M (Peak 26.85M) | Time:00:00.01 | Mem:0.00M, Peak:0.00M | Scene, ViewLayer | Synchronizing object | qa-human-leg.003
Fra:1 Mem:26.74M (Peak 26.85M) | Time:00:00.01 | Mem:0.00M, Peak:0.00M | Scene, ViewLayer | Synchronizing object | qa-human-arm.002
Fra:1 Mem:26.73M (Peak 26.85M) | Time:00:00.01 | Mem:0.00M, Peak:0.00M | Scene, ViewLayer | Synchronizing object | door-right-front-a-panel
Fra:1 Mem:26.76M (Peak 26.85M) | Time:00:00.01 | Mem:0.00M, Peak:0.00M | Scene, ViewLayer | Synchronizing object | qa-human-leg.002
Fra:1 Mem:26.75M (Peak 26.85M) | Time:00:00.01 | Mem:0.00M, Peak:0.00M | Scene, ViewLayer | Synchronizing object | door-right-front-b-panel
Fra:1 Mem:26.75M (Peak 26.85M) | Time:00:00.01 | Mem:0.00M, Peak:0.00M | Scene, ViewLayer | Synchronizing object | qa-human-torso.001
Fra:1 Mem:26.80M (Peak 26.85M) | Time:00:00.01 | Mem:0.00M, Peak:0.00M | Scene, ViewLayer | Synchronizing object | qa-human-head
Fra:1 Mem:26.78M (Peak 26.85M) | Time:00:00.01 | Mem:0.00M, Peak:0.00M | Scene, ViewLayer | Synchronizing object | door-right-rear-a-panel
Fra:1 Mem:26.79M (Peak 26.85M) | Time:00:00.01 | Mem:0.00M, Peak:0.00M | Scene, ViewLayer | Synchronizing object | qa-human-arm.001
Fra:1 Mem:26.83M (Peak 26.85M) | Time:00:00.01 | Mem:0.00M, Peak:0.00M | Scene, ViewLayer | Synchronizing object | qa-human-leg.001
Fra:1 Mem:26.82M (Peak 26.85M) | Time:00:00.01 | Mem:0.00M, Peak:0.00M | Scene, ViewLayer | Synchronizing object | door-right-rear-b-panel
Fra:1 Mem:26.86M (Peak 26.86M) | Time:00:00.01 | Mem:0.00M, Peak:0.00M | Scene, ViewLayer | Synchronizing object | qa-human-arm
Fra:1 Mem:26.86M (Peak 26.86M) | Time:00:00.01 | Mem:0.00M, Peak:0.00M | Scene, ViewLayer | Synchronizing object | glass
Fra:1 Mem:26.95M (Peak 26.95M) | Time:00:00.01 | Mem:0.00M, Peak:0.00M | Scene, ViewLayer | Synchronizing object | qa-human-leg
Fra:1 Mem:26.96M (Peak 26.96M) | Time:00:00.01 | Mem:0.00M, Peak:0.00M | Scene, ViewLayer | Synchronizing object | qa-human-torso
Fra:1 Mem:26.94M (Peak 26.96M) | Time:00:00.01 | Mem:0.00M, Peak:0.00M | Scene, ViewLayer | Synchronizing object | lights
Fra:1 Mem:26.93M (Peak 26.96M) | Time:00:00.01 | Mem:0.00M, Peak:0.00M | Scene, ViewLayer | Synchronizing object | qa-descriptor-island
Fra:1 Mem:27.00M (Peak 27.00M) | Time:00:00.01 | Mem:0.00M, Peak:0.00M | Scene, ViewLayer | Synchronizing object | qa-ground
Fra:1 Mem:27.01M (Peak 27.01M) | Time:00:00.01 | Mem:0.00M, Peak:0.00M | Scene, ViewLayer | Synchronizing object | deck-grip-strip.005
Fra:1 Mem:26.97M (Peak 27.01M) | Time:00:00.01 | Mem:0.00M, Peak:0.00M | Scene, ViewLayer | Synchronizing object | deck-grip-strip.004
Fra:1 Mem:27.00M (Peak 27.01M) | Time:00:00.01 | Mem:0.00M, Peak:0.00M | Scene, ViewLayer | Synchronizing object | deck-grip-strip.003
Fra:1 Mem:26.96M (Peak 27.01M) | Time:00:00.01 | Mem:0.00M, Peak:0.00M | Scene, ViewLayer | Synchronizing object | roof-equipment
Fra:1 Mem:26.96M (Peak 27.01M) | Time:00:00.01 | Mem:0.00M, Peak:0.00M | Scene, ViewLayer | Synchronizing object | threshold-deck.001
Fra:1 Mem:26.99M (Peak 27.01M) | Time:00:00.01 | Mem:0.00M, Peak:0.00M | Scene, ViewLayer | Synchronizing object | deck-grip-strip.002
Fra:1 Mem:27.01M (Peak 27.01M) | Time:00:00.01 | Mem:0.00M, Peak:0.00M | Scene, ViewLayer | Synchronizing object | deck-grip-strip.001
Fra:1 Mem:26.99M (Peak 27.01M) | Time:00:00.01 | Mem:0.00M, Peak:0.00M | Scene, ViewLayer | Synchronizing object | wheel-front-left-hub
Fra:1 Mem:26.99M (Peak 27.01M) | Time:00:00.01 | Mem:0.00M, Peak:0.00M | Scene, ViewLayer | Synchronizing object | deck-grip-strip
Fra:1 Mem:27.01M (Peak 27.01M) | Time:00:00.01 | Mem:0.00M, Peak:0.00M | Scene, ViewLayer | Synchronizing object | threshold-deck
Fra:1 Mem:27.01M (Peak 27.01M) | Time:00:00.01 | Mem:0.00M, Peak:0.00M | Scene, ViewLayer | Synchronizing object | wheel-front-left-tyre
Fra:1 Mem:27.03M (Peak 27.03M) | Time:00:00.01 | Mem:0.00M, Peak:0.00M | Scene, ViewLayer | Synchronizing object | wood
Fra:1 Mem:27.16M (Peak 27.16M) | Time:00:00.01 | Mem:0.00M, Peak:0.00M | Scene, ViewLayer | Synchronizing object | wheel-front-right-hub
Fra:1 Mem:27.19M (Peak 27.19M) | Time:00:00.01 | Mem:0.00M, Peak:0.00M | Scene, ViewLayer | Synchronizing object | wheel-front-right-tyre
Fra:1 Mem:27.12M (Peak 27.19M) | Time:00:00.01 | Mem:0.00M, Peak:0.00M | Scene, ViewLayer | Synchronizing object | wheel-rear-left-hub
Fra:1 Mem:27.19M (Peak 27.19M) | Time:00:00.01 | Mem:0.00M, Peak:0.00M | Scene, ViewLayer | Synchronizing object | wheel-rear-left-tyre
Fra:1 Mem:27.13M (Peak 27.19M) | Time:00:00.01 | Mem:0.00M, Peak:0.00M | Scene, ViewLayer | Synchronizing object | wheel-rear-right-hub
Fra:1 Mem:27.14M (Peak 27.19M) | Time:00:00.01 | Mem:0.00M, Peak:0.00M | Scene, ViewLayer | Synchronizing object | diffuser
Fra:1 Mem:27.15M (Peak 27.19M) | Time:00:00.01 | Mem:0.00M, Peak:0.00M | Scene, ViewLayer | Synchronizing object | wheel-rear-right-tyre
Fra:1 Mem:27.16M (Peak 27.19M) | Time:00:00.01 | Mem:0.00M, Peak:0.00M | Scene, ViewLayer | Synchronizing object | glass.001
Fra:1 Mem:27.18M (Peak 27.19M) | Time:00:00.01 | Mem:0.00M, Peak:0.00M | Scene, ViewLayer | Synchronizing object | interior-batch-panel
Fra:1 Mem:27.18M (Peak 27.19M) | Time:00:00.01 | Mem:0.00M, Peak:0.00M | Scene, ViewLayer | Synchronizing object | metal
Fra:1 Mem:28.10M (Peak 28.10M) | Time:00:00.01 | Mem:0.00M, Peak:0.00M | Scene, ViewLayer | Synchronizing object | interior-batch-lights
Fra:1 Mem:27.54M (Peak 28.10M) | Time:00:00.01 | Mem:0.00M, Peak:0.00M | Scene, ViewLayer | Synchronizing object | interior-batch-glass
Fra:1 Mem:27.60M (Peak 28.10M) | Time:00:00.01 | Mem:0.00M, Peak:0.00M | Scene, ViewLayer | Synchronizing object | interior-batch-seat
Fra:1 Mem:28.00M (Peak 28.10M) | Time:00:00.01 | Mem:0.00M, Peak:0.00M | Scene, ViewLayer | Synchronizing object | sign-mount-0.21
Fra:1 Mem:28.05M (Peak 28.10M) | Time:00:00.01 | Mem:0.00M, Peak:0.00M | Scene, ViewLayer | Synchronizing object | sign-mount--0.21
Fra:1 Mem:28.06M (Peak 28.10M) | Time:00:00.01 | Mem:0.00M, Peak:0.00M | Scene, ViewLayer | Synchronizing object | generic-route-rule
Fra:1 Mem:28.11M (Peak 28.11M) | Time:00:00.01 | Mem:0.00M, Peak:0.00M | Scene, ViewLayer | Synchronizing object | bus-pictogram-wheel-0.1
Fra:1 Mem:28.12M (Peak 28.12M) | Time:00:00.01 | Mem:0.00M, Peak:0.00M | Scene, ViewLayer | Synchronizing object | bus-pictogram-wheel--0.1
Fra:1 Mem:28.13M (Peak 28.13M) | Time:00:00.01 | Mem:0.00M, Peak:0.00M | Scene, ViewLayer | Synchronizing object | bus-pictogram-window
Fra:1 Mem:28.13M (Peak 28.13M) | Time:00:00.01 | Mem:0.00M, Peak:0.00M | Scene, ViewLayer | Synchronizing object | bus-pictogram-body
Fra:1 Mem:28.44M (Peak 28.44M) | Time:00:00.01 | Mem:0.00M, Peak:0.00M | Scene, ViewLayer | Synchronizing object | stop-sign-face
Fra:1 Mem:28.45M (Peak 28.45M) | Time:00:00.01 | Mem:0.00M, Peak:0.00M | Scene, ViewLayer | Synchronizing object | stop-sign-frame
Fra:1 Mem:28.47M (Peak 28.47M) | Time:00:00.01 | Mem:0.00M, Peak:0.00M | Scene, ViewLayer | Synchronizing object | pole
Fra:1 Mem:28.48M (Peak 28.48M) | Time:00:00.01 | Mem:0.00M, Peak:0.00M | Scene, ViewLayer | Synchronizing object | ground-foot
Fra:1 Mem:28.49M (Peak 28.49M) | Time:00:00.01 | Mem:0.00M, Peak:0.00M | Scene, ViewLayer | Synchronizing object | interior-batch-rubber
Fra:1 Mem:28.50M (Peak 28.50M) | Time:00:00.01 | Mem:0.00M, Peak:0.00M | Scene, ViewLayer | Synchronizing object | interior-batch-floor
Fra:1 Mem:28.15M (Peak 28.50M) | Time:00:00.01 | Mem:0.00M, Peak:0.00M | Scene, ViewLayer | Synchronizing object | interior-batch-rail
Fra:1 Mem:28.16M (Peak 28.50M) | Time:00:00.01 | Mem:0.00M, Peak:0.00M | Scene, ViewLayer | Initializing
Fra:1 Mem:22.61M (Peak 28.50M) | Time:00:00.02 | Mem:0.00M, Peak:0.00M | Scene, ViewLayer | Waiting for render to start
Fra:1 Mem:22.61M (Peak 28.50M) | Time:00:00.02 | Mem:0.00M, Peak:0.00M | Scene, ViewLayer | Loading render kernels (may take a few minutes the first time)
Fra:1 Mem:22.61M (Peak 28.50M) | Time:00:00.02 | Mem:0.00M, Peak:0.00M | Scene, ViewLayer | Updating Scene
Fra:1 Mem:22.61M (Peak 28.50M) | Time:00:00.02 | Mem:0.00M, Peak:0.00M | Scene, ViewLayer | Updating Shaders
Fra:1 Mem:22.71M (Peak 28.50M) | Time:00:00.02 | Mem:0.02M, Peak:0.02M | Scene, ViewLayer | Updating Procedurals
Fra:1 Mem:22.71M (Peak 28.50M) | Time:00:00.02 | Mem:0.02M, Peak:0.02M | Scene, ViewLayer | Updating Background
Fra:1 Mem:22.71M (Peak 28.50M) | Time:00:00.02 | Mem:0.02M, Peak:0.02M | Scene, ViewLayer | Updating Camera
Fra:1 Mem:22.71M (Peak 28.50M) | Time:00:00.02 | Mem:0.02M, Peak:0.02M | Scene, ViewLayer | Updating Meshes Flags
Fra:1 Mem:22.71M (Peak 28.50M) | Time:00:00.02 | Mem:0.02M, Peak:0.02M | Scene, ViewLayer | Updating Objects
Fra:1 Mem:22.71M (Peak 28.50M) | Time:00:00.02 | Mem:0.02M, Peak:0.02M | Scene, ViewLayer | Updating Objects | Copying Transformations to device
Fra:1 Mem:22.73M (Peak 28.50M) | Time:00:00.02 | Mem:0.04M, Peak:0.04M | Scene, ViewLayer | Updating Objects | Applying Static Transformations
Fra:1 Mem:22.73M (Peak 28.50M) | Time:00:00.02 | Mem:0.04M, Peak:0.04M | Scene, ViewLayer | Updating Particle Systems
Fra:1 Mem:22.73M (Peak 28.50M) | Time:00:00.02 | Mem:0.04M, Peak:0.04M | Scene, ViewLayer | Updating Particle Systems | Copying Particles to device
Fra:1 Mem:22.73M (Peak 28.50M) | Time:00:00.02 | Mem:0.04M, Peak:0.04M | Scene, ViewLayer | Updating Meshes
Fra:1 Mem:22.88M (Peak 28.50M) | Time:00:00.02 | Mem:0.04M, Peak:0.04M | Scene, ViewLayer | Updating Mesh | Computing attributes
Fra:1 Mem:23.21M (Peak 28.50M) | Time:00:00.02 | Mem:0.04M, Peak:0.04M | Scene, ViewLayer | Updating Mesh | Copying Attributes to device
Fra:1 Mem:23.20M (Peak 28.50M) | Time:00:00.02 | Mem:0.35M, Peak:0.35M | Scene, ViewLayer | Updating Scene BVH | Building
Fra:1 Mem:23.20M (Peak 28.50M) | Time:00:00.02 | Mem:0.35M, Peak:0.35M | Scene, ViewLayer | Updating Scene BVH | Building BVH
Fra:1 Mem:23.20M (Peak 28.50M) | Time:00:00.02 | Mem:0.67M, Peak:0.67M | Scene, ViewLayer | Updating Scene BVH | Building BVH 0%
Fra:1 Mem:23.20M (Peak 28.50M) | Time:00:00.02 | Mem:1.05M, Peak:1.37M | Scene, ViewLayer | Updating Scene BVH | Copying BVH to device
Fra:1 Mem:23.20M (Peak 28.50M) | Time:00:00.02 | Mem:1.05M, Peak:1.37M | Scene, ViewLayer | Updating Mesh | Computing normals
Fra:1 Mem:24.24M (Peak 28.50M) | Time:00:00.02 | Mem:1.05M, Peak:1.37M | Scene, ViewLayer | Updating Mesh | Copying Mesh to device
Fra:1 Mem:24.24M (Peak 28.50M) | Time:00:00.02 | Mem:2.09M, Peak:2.09M | Scene, ViewLayer | Updating Objects Flags
Fra:1 Mem:24.24M (Peak 28.50M) | Time:00:00.02 | Mem:2.09M, Peak:2.09M | Scene, ViewLayer | Updating Primitive Offsets
Fra:1 Mem:24.24M (Peak 28.50M) | Time:00:00.02 | Mem:2.09M, Peak:2.09M | Scene, ViewLayer | Updating Images
Fra:1 Mem:24.24M (Peak 28.50M) | Time:00:00.02 | Mem:2.09M, Peak:2.09M | Scene, ViewLayer | Updating Camera Volume
Fra:1 Mem:24.24M (Peak 28.50M) | Time:00:00.02 | Mem:2.09M, Peak:2.09M | Scene, ViewLayer | Updating Lookup Tables
Fra:1 Mem:24.24M (Peak 28.50M) | Time:00:00.02 | Mem:2.17M, Peak:2.17M | Scene, ViewLayer | Updating Lights
Fra:1 Mem:24.24M (Peak 28.50M) | Time:00:00.02 | Mem:2.17M, Peak:2.17M | Scene, ViewLayer | Updating Lights | Computing tree
Fra:1 Mem:24.27M (Peak 28.50M) | Time:00:00.02 | Mem:2.20M, Peak:2.20M | Scene, ViewLayer | Updating Integrator
Fra:1 Mem:24.27M (Peak 28.50M) | Time:00:00.02 | Mem:2.20M, Peak:2.20M | Scene, ViewLayer | Updating Film
Fra:1 Mem:24.27M (Peak 28.50M) | Time:00:00.02 | Mem:2.12M, Peak:2.20M | Scene, ViewLayer | Updating Lookup Tables
Fra:1 Mem:24.27M (Peak 28.50M) | Time:00:00.02 | Mem:2.20M, Peak:2.20M | Scene, ViewLayer | Updating Baking
Fra:1 Mem:24.27M (Peak 28.50M) | Time:00:00.02 | Mem:2.20M, Peak:2.20M | Scene, ViewLayer | Updating Device | Writing constant memory
Fra:1 Mem:24.28M (Peak 28.50M) | Time:00:00.02 | Mem:2.20M, Peak:2.20M | Scene, ViewLayer | Sample 0/32
Fra:1 Mem:36.92M (Peak 36.92M) | Time:00:00.48 | Remaining:00:14.03 | Mem:14.84M, Peak:14.84M | Scene, ViewLayer | Sample 1/32
Fra:1 Mem:42.53M (Peak 53.76M) | Time:00:13.46 | Mem:14.84M, Peak:14.84M | Scene, ViewLayer | Sample 32/32
Fra:1 Mem:42.53M (Peak 53.76M) | Time:00:13.46 | Mem:14.84M, Peak:14.84M | Scene, ViewLayer | Finished
Saved: '/workspace/scratch/7c20b5ba4165/atlas-backlog-oct3/tools/assets/transit-station-spaces/qa/previews/bus-island-alignment.png'
Time: 00:13.51 (Saving: 00:00.05)

Fra:1 Mem:26.85M (Peak 26.94M) | Time:00:00.01 | Mem:0.00M, Peak:0.00M | Scene, ViewLayer | Synchronizing object | body-shell
Fra:1 Mem:27.11M (Peak 27.11M) | Time:00:00.01 | Mem:0.00M, Peak:0.00M | Scene, ViewLayer | Synchronizing object | qa-ruler-tick.010
Fra:1 Mem:27.10M (Peak 27.11M) | Time:00:00.01 | Mem:0.00M, Peak:0.00M | Scene, ViewLayer | Synchronizing object | qa-ruler-tick.009
Fra:1 Mem:27.05M (Peak 27.11M) | Time:00:00.01 | Mem:0.00M, Peak:0.00M | Scene, ViewLayer | Synchronizing object | qa-ruler-tick.008
Fra:1 Mem:27.05M (Peak 27.11M) | Time:00:00.01 | Mem:0.00M, Peak:0.00M | Scene, ViewLayer | Synchronizing object | qa-ruler-tick.007
Fra:1 Mem:27.05M (Peak 27.11M) | Time:00:00.01 | Mem:0.00M, Peak:0.00M | Scene, ViewLayer | Synchronizing object | qa-ruler-tick.006
Fra:1 Mem:27.01M (Peak 27.11M) | Time:00:00.01 | Mem:0.00M, Peak:0.00M | Scene, ViewLayer | Synchronizing object | qa-ruler-tick.005
Fra:1 Mem:27.01M (Peak 27.11M) | Time:00:00.01 | Mem:0.00M, Peak:0.00M | Scene, ViewLayer | Synchronizing object | body-trim
Fra:1 Mem:27.01M (Peak 27.11M) | Time:00:00.01 | Mem:0.00M, Peak:0.00M | Scene, ViewLayer | Synchronizing object | qa-ruler-tick.004
Fra:1 Mem:27.06M (Peak 27.11M) | Time:00:00.01 | Mem:0.00M, Peak:0.00M | Scene, ViewLayer | Synchronizing object | qa-ruler-tick.003
Fra:1 Mem:27.06M (Peak 27.11M) | Time:00:00.01 | Mem:0.00M, Peak:0.00M | Scene, ViewLayer | Synchronizing object | qa-ruler-tick.002
Fra:1 Mem:27.07M (Peak 27.11M) | Time:00:00.01 | Mem:0.00M, Peak:0.00M | Scene, ViewLayer | Synchronizing object | qa-ruler-tick.001
Fra:1 Mem:27.08M (Peak 27.11M) | Time:00:00.01 | Mem:0.00M, Peak:0.00M | Scene, ViewLayer | Synchronizing object | qa-ruler-tick
Fra:1 Mem:27.04M (Peak 27.11M) | Time:00:00.01 | Mem:0.00M, Peak:0.00M | Scene, ViewLayer | Synchronizing object | qa-one-metre-ruler
Fra:1 Mem:27.04M (Peak 27.11M) | Time:00:00.01 | Mem:0.00M, Peak:0.00M | Scene, ViewLayer | Synchronizing object | qa-human-head.001
Fra:1 Mem:27.07M (Peak 27.11M) | Time:00:00.01 | Mem:0.00M, Peak:0.00M | Scene, ViewLayer | Synchronizing object | qa-human-arm.003
Fra:1 Mem:27.06M (Peak 27.11M) | Time:00:00.01 | Mem:0.00M, Peak:0.00M | Scene, ViewLayer | Synchronizing object | door-right-front-a-panel
Fra:1 Mem:27.08M (Peak 27.11M) | Time:00:00.01 | Mem:0.00M, Peak:0.00M | Scene, ViewLayer | Synchronizing object | qa-human-leg.003
Fra:1 Mem:27.07M (Peak 27.11M) | Time:00:00.01 | Mem:0.00M, Peak:0.00M | Scene, ViewLayer | Synchronizing object | door-right-front-b-panel
Fra:1 Mem:27.11M (Peak 27.11M) | Time:00:00.01 | Mem:0.00M, Peak:0.00M | Scene, ViewLayer | Synchronizing object | qa-human-arm.002
Fra:1 Mem:27.09M (Peak 27.11M) | Time:00:00.01 | Mem:0.00M, Peak:0.00M | Scene, ViewLayer | Synchronizing object | door-right-rear-a-panel
Fra:1 Mem:27.14M (Peak 27.14M) | Time:00:00.01 | Mem:0.00M, Peak:0.00M | Scene, ViewLayer | Synchronizing object | qa-human-leg.002
Fra:1 Mem:27.14M (Peak 27.14M) | Time:00:00.01 | Mem:0.00M, Peak:0.00M | Scene, ViewLayer | Synchronizing object | door-right-rear-b-panel
Fra:1 Mem:27.15M (Peak 27.15M) | Time:00:00.01 | Mem:0.00M, Peak:0.00M | Scene, ViewLayer | Synchronizing object | qa-human-torso.001
Fra:1 Mem:27.16M (Peak 27.16M) | Time:00:00.01 | Mem:0.00M, Peak:0.00M | Scene, ViewLayer | Synchronizing object | glass
Fra:1 Mem:27.25M (Peak 27.25M) | Time:00:00.01 | Mem:0.00M, Peak:0.00M | Scene, ViewLayer | Synchronizing object | qa-human-head
Fra:1 Mem:27.27M (Peak 27.27M) | Time:00:00.01 | Mem:0.00M, Peak:0.00M | Scene, ViewLayer | Synchronizing object | qa-human-arm.001
Fra:1 Mem:27.26M (Peak 27.27M) | Time:00:00.01 | Mem:0.00M, Peak:0.00M | Scene, ViewLayer | Synchronizing object | qa-human-leg.001
Fra:1 Mem:27.23M (Peak 27.27M) | Time:00:00.01 | Mem:0.00M, Peak:0.00M | Scene, ViewLayer | Synchronizing object | lights
Fra:1 Mem:27.29M (Peak 27.29M) | Time:00:00.01 | Mem:0.00M, Peak:0.00M | Scene, ViewLayer | Synchronizing object | qa-human-arm
Fra:1 Mem:27.30M (Peak 27.30M) | Time:00:00.01 | Mem:0.00M, Peak:0.00M | Scene, ViewLayer | Synchronizing object | qa-human-leg
Fra:1 Mem:27.28M (Peak 27.30M) | Time:00:00.01 | Mem:0.00M, Peak:0.00M | Scene, ViewLayer | Synchronizing object | roof-equipment
Fra:1 Mem:27.31M (Peak 27.31M) | Time:00:00.01 | Mem:0.00M, Peak:0.00M | Scene, ViewLayer | Synchronizing object | qa-human-torso
Fra:1 Mem:27.30M (Peak 27.31M) | Time:00:00.01 | Mem:0.00M, Peak:0.00M | Scene, ViewLayer | Synchronizing object | wheel-front-left-hub
Fra:1 Mem:27.32M (Peak 27.32M) | Time:00:00.01 | Mem:0.00M, Peak:0.00M | Scene, ViewLayer | Synchronizing object | qa-descriptor-island
Fra:1 Mem:27.32M (Peak 27.32M) | Time:00:00.01 | Mem:0.00M, Peak:0.00M | Scene, ViewLayer | Synchronizing object | qa-ground
Fra:1 Mem:27.31M (Peak 27.32M) | Time:00:00.01 | Mem:0.00M, Peak:0.00M | Scene, ViewLayer | Synchronizing object | deck-grip-strip.005
Fra:1 Mem:27.32M (Peak 27.32M) | Time:00:00.01 | Mem:0.00M, Peak:0.00M | Scene, ViewLayer | Synchronizing object | wheel-front-left-tyre
Fra:1 Mem:27.33M (Peak 27.33M) | Time:00:00.01 | Mem:0.00M, Peak:0.00M | Scene, ViewLayer | Synchronizing object | deck-grip-strip.004
Fra:1 Mem:27.34M (Peak 27.34M) | Time:00:00.01 | Mem:0.00M, Peak:0.00M | Scene, ViewLayer | Synchronizing object | deck-grip-strip.003
Fra:1 Mem:27.33M (Peak 27.34M) | Time:00:00.01 | Mem:0.00M, Peak:0.00M | Scene, ViewLayer | Synchronizing object | wheel-front-right-hub
Fra:1 Mem:27.33M (Peak 27.34M) | Time:00:00.01 | Mem:0.00M, Peak:0.00M | Scene, ViewLayer | Synchronizing object | threshold-deck.001
Fra:1 Mem:27.34M (Peak 27.34M) | Time:00:00.01 | Mem:0.00M, Peak:0.00M | Scene, ViewLayer | Synchronizing object | wheel-front-right-tyre
Fra:1 Mem:27.33M (Peak 27.34M) | Time:00:00.01 | Mem:0.00M, Peak:0.00M | Scene, ViewLayer | Synchronizing object | deck-grip-strip.002
Fra:1 Mem:27.35M (Peak 27.35M) | Time:00:00.01 | Mem:0.00M, Peak:0.00M | Scene, ViewLayer | Synchronizing object | deck-grip-strip.001
Fra:1 Mem:27.35M (Peak 27.35M) | Time:00:00.01 | Mem:0.00M, Peak:0.00M | Scene, ViewLayer | Synchronizing object | wheel-rear-left-hub
Fra:1 Mem:27.35M (Peak 27.35M) | Time:00:00.01 | Mem:0.00M, Peak:0.00M | Scene, ViewLayer | Synchronizing object | deck-grip-strip
Fra:1 Mem:27.36M (Peak 27.36M) | Time:00:00.01 | Mem:0.00M, Peak:0.00M | Scene, ViewLayer | Synchronizing object | threshold-deck
Fra:1 Mem:27.36M (Peak 27.36M) | Time:00:00.01 | Mem:0.00M, Peak:0.00M | Scene, ViewLayer | Synchronizing object | wheel-rear-left-tyre
Fra:1 Mem:27.37M (Peak 27.37M) | Time:00:00.01 | Mem:0.00M, Peak:0.00M | Scene, ViewLayer | Synchronizing object | wood
Fra:1 Mem:27.38M (Peak 27.38M) | Time:00:00.01 | Mem:0.00M, Peak:0.00M | Scene, ViewLayer | Synchronizing object | wheel-rear-right-hub
Fra:1 Mem:27.54M (Peak 27.54M) | Time:00:00.01 | Mem:0.00M, Peak:0.00M | Scene, ViewLayer | Synchronizing object | wheel-rear-right-tyre
Fra:1 Mem:27.45M (Peak 27.54M) | Time:00:00.01 | Mem:0.00M, Peak:0.00M | Scene, ViewLayer | Synchronizing object | interior-batch-panel
Fra:1 Mem:27.56M (Peak 27.56M) | Time:00:00.01 | Mem:0.00M, Peak:0.00M | Scene, ViewLayer | Synchronizing object | diffuser
Fra:1 Mem:27.67M (Peak 27.67M) | Time:00:00.01 | Mem:0.00M, Peak:0.00M | Scene, ViewLayer | Synchronizing object | glass.001
Fra:1 Mem:27.68M (Peak 27.68M) | Time:00:00.01 | Mem:0.00M, Peak:0.00M | Scene, ViewLayer | Synchronizing object | metal
Fra:1 Mem:27.60M (Peak 27.68M) | Time:00:00.01 | Mem:0.00M, Peak:0.00M | Scene, ViewLayer | Synchronizing object | interior-batch-lights
Fra:1 Mem:27.59M (Peak 27.68M) | Time:00:00.01 | Mem:0.00M, Peak:0.00M | Scene, ViewLayer | Synchronizing object | interior-batch-glass
Fra:1 Mem:28.17M (Peak 28.17M) | Time:00:00.01 | Mem:0.00M, Peak:0.00M | Scene, ViewLayer | Synchronizing object | interior-batch-seat
Fra:1 Mem:28.58M (Peak 28.58M) | Time:00:00.01 | Mem:0.00M, Peak:0.00M | Scene, ViewLayer | Synchronizing object | sign-mount-0.21
Fra:1 Mem:28.59M (Peak 28.59M) | Time:00:00.01 | Mem:0.00M, Peak:0.00M | Scene, ViewLayer | Synchronizing object | sign-mount--0.21
Fra:1 Mem:28.59M (Peak 28.59M) | Time:00:00.01 | Mem:0.00M, Peak:0.00M | Scene, ViewLayer | Synchronizing object | generic-route-rule
Fra:1 Mem:28.59M (Peak 28.59M) | Time:00:00.01 | Mem:0.00M, Peak:0.00M | Scene, ViewLayer | Synchronizing object | bus-pictogram-wheel-0.1
Fra:1 Mem:28.60M (Peak 28.60M) | Time:00:00.01 | Mem:0.00M, Peak:0.00M | Scene, ViewLayer | Synchronizing object | bus-pictogram-wheel--0.1
Fra:1 Mem:28.60M (Peak 28.60M) | Time:00:00.01 | Mem:0.00M, Peak:0.00M | Scene, ViewLayer | Synchronizing object | bus-pictogram-window
Fra:1 Mem:28.46M (Peak 28.60M) | Time:00:00.01 | Mem:0.00M, Peak:0.00M | Scene, ViewLayer | Synchronizing object | bus-pictogram-body
Fra:1 Mem:28.22M (Peak 28.60M) | Time:00:00.01 | Mem:0.00M, Peak:0.00M | Scene, ViewLayer | Synchronizing object | stop-sign-face
Fra:1 Mem:28.17M (Peak 28.60M) | Time:00:00.01 | Mem:0.00M, Peak:0.00M | Scene, ViewLayer | Synchronizing object | interior-batch-rail
Fra:1 Mem:28.39M (Peak 28.60M) | Time:00:00.01 | Mem:0.00M, Peak:0.00M | Scene, ViewLayer | Synchronizing object | stop-sign-frame
Fra:1 Mem:28.41M (Peak 28.60M) | Time:00:00.01 | Mem:0.00M, Peak:0.00M | Scene, ViewLayer | Synchronizing object | pole
Fra:1 Mem:28.47M (Peak 28.60M) | Time:00:00.01 | Mem:0.00M, Peak:0.00M | Scene, ViewLayer | Synchronizing object | ground-foot
Fra:1 Mem:28.31M (Peak 28.60M) | Time:00:00.01 | Mem:0.00M, Peak:0.00M | Scene, ViewLayer | Synchronizing object | interior-batch-rubber
Fra:1 Mem:28.47M (Peak 28.60M) | Time:00:00.01 | Mem:0.00M, Peak:0.00M | Scene, ViewLayer | Synchronizing object | interior-batch-floor
Fra:1 Mem:28.30M (Peak 28.60M) | Time:00:00.01 | Mem:0.00M, Peak:0.00M | Scene, ViewLayer | Initializing
Fra:1 Mem:22.69M (Peak 28.60M) | Time:00:00.01 | Mem:0.00M, Peak:0.00M | Scene, ViewLayer | Waiting for render to start
Fra:1 Mem:22.69M (Peak 28.60M) | Time:00:00.01 | Mem:0.00M, Peak:0.00M | Scene, ViewLayer | Loading render kernels (may take a few minutes the first time)
Fra:1 Mem:22.69M (Peak 28.60M) | Time:00:00.01 | Mem:0.00M, Peak:0.00M | Scene, ViewLayer | Updating Scene
Fra:1 Mem:22.69M (Peak 28.60M) | Time:00:00.01 | Mem:0.00M, Peak:0.00M | Scene, ViewLayer | Updating Shaders
Fra:1 Mem:22.79M (Peak 28.60M) | Time:00:00.01 | Mem:0.02M, Peak:0.02M | Scene, ViewLayer | Updating Procedurals
Fra:1 Mem:22.79M (Peak 28.60M) | Time:00:00.01 | Mem:0.02M, Peak:0.02M | Scene, ViewLayer | Updating Background
Fra:1 Mem:22.79M (Peak 28.60M) | Time:00:00.01 | Mem:0.02M, Peak:0.02M | Scene, ViewLayer | Updating Camera
Fra:1 Mem:22.79M (Peak 28.60M) | Time:00:00.01 | Mem:0.02M, Peak:0.02M | Scene, ViewLayer | Updating Meshes Flags
Fra:1 Mem:22.79M (Peak 28.60M) | Time:00:00.01 | Mem:0.02M, Peak:0.02M | Scene, ViewLayer | Updating Objects
Fra:1 Mem:22.79M (Peak 28.60M) | Time:00:00.01 | Mem:0.02M, Peak:0.02M | Scene, ViewLayer | Updating Objects | Copying Transformations to device
Fra:1 Mem:22.81M (Peak 28.60M) | Time:00:00.01 | Mem:0.04M, Peak:0.04M | Scene, ViewLayer | Updating Objects | Applying Static Transformations
Fra:1 Mem:22.81M (Peak 28.60M) | Time:00:00.01 | Mem:0.04M, Peak:0.04M | Scene, ViewLayer | Updating Particle Systems
Fra:1 Mem:22.81M (Peak 28.60M) | Time:00:00.01 | Mem:0.04M, Peak:0.04M | Scene, ViewLayer | Updating Particle Systems | Copying Particles to device
Fra:1 Mem:22.81M (Peak 28.60M) | Time:00:00.01 | Mem:0.04M, Peak:0.04M | Scene, ViewLayer | Updating Meshes
Fra:1 Mem:22.97M (Peak 28.60M) | Time:00:00.01 | Mem:0.04M, Peak:0.04M | Scene, ViewLayer | Updating Mesh | Computing attributes
Fra:1 Mem:23.30M (Peak 28.60M) | Time:00:00.01 | Mem:0.04M, Peak:0.04M | Scene, ViewLayer | Updating Mesh | Copying Attributes to device
Fra:1 Mem:23.28M (Peak 28.60M) | Time:00:00.01 | Mem:0.35M, Peak:0.35M | Scene, ViewLayer | Updating Scene BVH | Building
Fra:1 Mem:23.29M (Peak 28.60M) | Time:00:00.01 | Mem:0.35M, Peak:0.35M | Scene, ViewLayer | Updating Scene BVH | Building BVH
Fra:1 Mem:23.29M (Peak 28.60M) | Time:00:00.01 | Mem:0.67M, Peak:0.67M | Scene, ViewLayer | Updating Scene BVH | Building BVH 0%
Fra:1 Mem:23.29M (Peak 28.60M) | Time:00:00.02 | Mem:1.05M, Peak:1.37M | Scene, ViewLayer | Updating Scene BVH | Copying BVH to device
Fra:1 Mem:23.29M (Peak 28.60M) | Time:00:00.02 | Mem:1.05M, Peak:1.37M | Scene, ViewLayer | Updating Mesh | Computing normals
Fra:1 Mem:24.32M (Peak 28.60M) | Time:00:00.02 | Mem:1.05M, Peak:1.37M | Scene, ViewLayer | Updating Mesh | Copying Mesh to device
Fra:1 Mem:24.32M (Peak 28.60M) | Time:00:00.02 | Mem:2.09M, Peak:2.09M | Scene, ViewLayer | Updating Objects Flags
Fra:1 Mem:24.32M (Peak 28.60M) | Time:00:00.02 | Mem:2.09M, Peak:2.09M | Scene, ViewLayer | Updating Primitive Offsets
Fra:1 Mem:24.32M (Peak 28.60M) | Time:00:00.02 | Mem:2.09M, Peak:2.09M | Scene, ViewLayer | Updating Images
Fra:1 Mem:24.32M (Peak 28.60M) | Time:00:00.02 | Mem:2.09M, Peak:2.09M | Scene, ViewLayer | Updating Camera Volume
Fra:1 Mem:24.32M (Peak 28.60M) | Time:00:00.02 | Mem:2.09M, Peak:2.09M | Scene, ViewLayer | Updating Lookup Tables
Fra:1 Mem:24.32M (Peak 28.60M) | Time:00:00.02 | Mem:2.17M, Peak:2.17M | Scene, ViewLayer | Updating Lights
Fra:1 Mem:24.32M (Peak 28.60M) | Time:00:00.02 | Mem:2.17M, Peak:2.17M | Scene, ViewLayer | Updating Lights | Computing tree
Fra:1 Mem:24.35M (Peak 28.60M) | Time:00:00.02 | Mem:2.20M, Peak:2.20M | Scene, ViewLayer | Updating Integrator
Fra:1 Mem:24.35M (Peak 28.60M) | Time:00:00.02 | Mem:2.20M, Peak:2.20M | Scene, ViewLayer | Updating Film
Fra:1 Mem:24.36M (Peak 28.60M) | Time:00:00.02 | Mem:2.12M, Peak:2.20M | Scene, ViewLayer | Updating Lookup Tables
Fra:1 Mem:24.36M (Peak 28.60M) | Time:00:00.02 | Mem:2.20M, Peak:2.20M | Scene, ViewLayer | Updating Baking
Fra:1 Mem:24.36M (Peak 28.60M) | Time:00:00.02 | Mem:2.20M, Peak:2.20M | Scene, ViewLayer | Updating Device | Writing constant memory
Fra:1 Mem:24.36M (Peak 28.60M) | Time:00:00.02 | Mem:2.20M, Peak:2.20M | Scene, ViewLayer | Sample 0/32
Fra:1 Mem:38.10M (Peak 38.10M) | Time:00:00.91 | Remaining:00:27.56 | Mem:15.94M, Peak:15.94M | Scene, ViewLayer | Sample 1/32
Fra:1 Mem:44.20M (Peak 56.41M) | Time:00:27.14 | Mem:15.94M, Peak:15.94M | Scene, ViewLayer | Sample 32/32
Fra:1 Mem:44.20M (Peak 56.41M) | Time:00:27.14 | Mem:15.94M, Peak:15.94M | Scene, ViewLayer | Finished
Saved: '/workspace/scratch/7c20b5ba4165/atlas-backlog-oct3/tools/assets/transit-station-spaces/qa/previews/bus-threshold-deployed.png'
Time: 00:27.20 (Saving: 00:00.05)

Extensions: writing cache failed ([Errno 30] Read-only file system: '/home/agent/.config/blender').
16:19:54 | INFO: Data are loaded, start creating Blender stuff
16:19:54 | INFO: Blender create Mesh node platform-foundation-editable-mesh
16:19:54 | INFO: Blender create Mesh node platform-deck-editable-mesh
16:19:54 | INFO: Blender create Mesh node platform-edge-cap-editable-mesh
16:19:54 | INFO: Blender create Mesh node tactile-band-editable-mesh
16:19:54 | INFO: glTF import finished in 0.00s
16:19:54 | INFO: Data are loaded, start creating Blender stuff
16:19:54 | INFO: Blender create Mesh node platform-foundation-editable-mesh
16:19:54 | INFO: Blender create Mesh node platform-deck-editable-mesh
16:19:54 | INFO: Blender create Mesh node platform-edge-cap-editable-mesh
16:19:54 | INFO: Blender create Mesh node tactile-band-editable-mesh
16:19:54 | INFO: glTF import finished in 0.00s
16:19:54 | INFO: Data are loaded, start creating Blender stuff
16:19:54 | INFO: Blender create Mesh node platform-foundation-editable-mesh
16:19:54 | INFO: Blender create Mesh node platform-deck-editable-mesh
16:19:54 | INFO: Blender create Mesh node platform-edge-cap-editable-mesh
16:19:54 | INFO: Blender create Mesh node tactile-band-editable-mesh
16:19:54 | INFO: glTF import finished in 0.00s
16:19:54 | INFO: Data are loaded, start creating Blender stuff
16:19:54 | INFO: Blender create Mesh node platform-foundation-editable-mesh
16:19:54 | INFO: Blender create Mesh node platform-deck-editable-mesh
16:19:54 | INFO: Blender create Mesh node platform-edge-cap-editable-mesh
16:19:54 | INFO: Blender create Mesh node tactile-band-editable-mesh
16:19:54 | INFO: glTF import finished in 0.00s
16:19:54 | INFO: Data are loaded, start creating Blender stuff
16:19:54 | INFO: Blender create Mesh node platform-foundation-editable-mesh
16:19:54 | INFO: Blender create Mesh node platform-deck-editable-mesh
16:19:54 | INFO: Blender create Mesh node platform-edge-cap-editable-mesh
16:19:54 | INFO: Blender create Mesh node tactile-band-editable-mesh
16:19:54 | INFO: glTF import finished in 0.00s
16:19:54 | INFO: Data are loaded, start creating Blender stuff
16:19:54 | INFO: Blender create Mesh node platform-foundation-editable-mesh
16:19:54 | INFO: Blender create Mesh node platform-deck-editable-mesh
16:19:54 | INFO: Blender create Mesh node platform-edge-cap-editable-mesh
16:19:54 | INFO: Blender create Mesh node tactile-band-editable-mesh
16:19:54 | INFO: glTF import finished in 0.00s
16:19:54 | INFO: Data are loaded, start creating Blender stuff
16:19:54 | INFO: Blender create Mesh node platform-foundation-editable-mesh
16:19:54 | INFO: Blender create Mesh node platform-deck-editable-mesh
16:19:54 | INFO: Blender create Mesh node platform-edge-cap-editable-mesh
16:19:54 | INFO: Blender create Mesh node tactile-band-editable-mesh
16:19:54 | INFO: glTF import finished in 0.00s
16:19:54 | INFO: Data are loaded, start creating Blender stuff
16:19:54 | INFO: Blender create Mesh node platform-foundation-editable-mesh
16:19:54 | INFO: Blender create Mesh node platform-deck-editable-mesh
16:19:54 | INFO: Blender create Mesh node platform-edge-cap-editable-mesh
16:19:54 | INFO: Blender create Mesh node tactile-band-editable-mesh
16:19:54 | INFO: glTF import finished in 0.00s
16:19:54 | INFO: Data are loaded, start creating Blender stuff
16:19:54 | INFO: Blender create Mesh node platform-foundation-editable-mesh
16:19:54 | INFO: Blender create Mesh node platform-deck-editable-mesh
16:19:54 | INFO: Blender create Mesh node platform-edge-cap-editable-mesh
16:19:54 | INFO: Blender create Mesh node tactile-band-editable-mesh
16:19:54 | INFO: glTF import finished in 0.01s
16:19:54 | INFO: Data are loaded, start creating Blender stuff
16:19:54 | INFO: Blender create Mesh node platform-foundation-editable-mesh
16:19:54 | INFO: Blender create Mesh node platform-deck-editable-mesh
16:19:54 | INFO: Blender create Mesh node platform-edge-cap-editable-mesh
16:19:54 | INFO: Blender create Mesh node tactile-band-editable-mesh
16:19:54 | INFO: glTF import finished in 0.01s
16:19:54 | INFO: Data are loaded, start creating Blender stuff
16:19:54 | INFO: Blender create Mesh node platform-foundation-editable-mesh
16:19:54 | INFO: Blender create Mesh node platform-deck-editable-mesh
16:19:54 | INFO: Blender create Mesh node platform-edge-cap-editable-mesh
16:19:54 | INFO: Blender create Mesh node tactile-band-editable-mesh
16:19:54 | INFO: glTF import finished in 0.01s
16:19:54 | INFO: Data are loaded, start creating Blender stuff
16:19:54 | INFO: Blender create Mesh node platform-foundation-editable-mesh
16:19:54 | INFO: Blender create Mesh node platform-deck-editable-mesh
16:19:54 | INFO: Blender create Mesh node platform-edge-cap-editable-mesh
16:19:54 | INFO: Blender create Mesh node tactile-band-editable-mesh
16:19:54 | INFO: glTF import finished in 0.01s
16:19:54 | INFO: Data are loaded, start creating Blender stuff
16:19:54 | INFO: Blender create Mesh node platform-foundation-editable-mesh
16:19:54 | INFO: Blender create Mesh node platform-deck-editable-mesh
16:19:54 | INFO: Blender create Mesh node platform-edge-cap-editable-mesh
16:19:54 | INFO: Blender create Mesh node tactile-band-editable-mesh
16:19:54 | INFO: glTF import finished in 0.01s
16:19:54 | INFO: Data are loaded, start creating Blender stuff
16:19:54 | INFO: Blender create Mesh node platform-foundation-editable-mesh
16:19:54 | INFO: Blender create Mesh node platform-deck-editable-mesh
16:19:54 | INFO: Blender create Mesh node platform-edge-cap-editable-mesh
16:19:54 | INFO: Blender create Mesh node tactile-band-editable-mesh
16:19:54 | INFO: glTF import finished in 0.01s
16:19:54 | INFO: Data are loaded, start creating Blender stuff
16:19:54 | INFO: Blender create Mesh node platform-foundation-editable-mesh
16:19:54 | INFO: Blender create Mesh node platform-deck-editable-mesh
16:19:54 | INFO: Blender create Mesh node platform-edge-cap-editable-mesh
16:19:54 | INFO: Blender create Mesh node tactile-band-editable-mesh
16:19:54 | INFO: glTF import finished in 0.01s
16:19:54 | INFO: Data are loaded, start creating Blender stuff
16:19:54 | INFO: Blender create Mesh node platform-foundation-editable-mesh
16:19:54 | INFO: Blender create Mesh node platform-deck-editable-mesh
16:19:54 | INFO: Blender create Mesh node platform-edge-cap-editable-mesh
16:19:54 | INFO: Blender create Mesh node tactile-band-editable-mesh
16:19:54 | INFO: glTF import finished in 0.01s
16:19:54 | INFO: Data are loaded, start creating Blender stuff
16:19:54 | INFO: Blender create Mesh node platform-foundation-editable-mesh
16:19:54 | INFO: Blender create Mesh node platform-deck-editable-mesh
16:19:54 | INFO: Blender create Mesh node platform-edge-cap-editable-mesh
16:19:54 | INFO: Blender create Mesh node tactile-band-editable-mesh
16:19:54 | INFO: glTF import finished in 0.01s
16:19:54 | INFO: Data are loaded, start creating Blender stuff
16:19:54 | INFO: Blender create Mesh node platform-foundation-editable-mesh
16:19:54 | INFO: Blender create Mesh node platform-deck-editable-mesh
16:19:54 | INFO: Blender create Mesh node platform-edge-cap-editable-mesh
16:19:54 | INFO: Blender create Mesh node tactile-band-editable-mesh
16:19:54 | INFO: glTF import finished in 0.01s
16:19:54 | INFO: Data are loaded, start creating Blender stuff
16:19:54 | INFO: Blender create Mesh node platform-foundation-editable-mesh
16:19:54 | INFO: Blender create Mesh node platform-deck-editable-mesh
16:19:54 | INFO: Blender create Mesh node platform-edge-cap-editable-mesh
16:19:54 | INFO: Blender create Mesh node tactile-band-editable-mesh
16:19:54 | INFO: glTF import finished in 0.01s
16:19:54 | INFO: Data are loaded, start creating Blender stuff
16:19:54 | INFO: Blender create Mesh node platform-foundation-editable-mesh
16:19:54 | INFO: Blender create Mesh node platform-deck-editable-mesh
16:19:54 | INFO: Blender create Mesh node platform-edge-cap-editable-mesh
16:19:54 | INFO: Blender create Mesh node tactile-band-editable-mesh
16:19:54 | INFO: glTF import finished in 0.01s
16:19:54 | INFO: Data are loaded, start creating Blender stuff
16:19:54 | INFO: Blender create Mesh node platform-foundation-editable-mesh
16:19:54 | INFO: Blender create Mesh node platform-deck-editable-mesh
16:19:54 | INFO: Blender create Mesh node platform-edge-cap-editable-mesh
16:19:54 | INFO: Blender create Mesh node tactile-band-editable-mesh
16:19:54 | INFO: glTF import finished in 0.01s
16:19:54 | INFO: Data are loaded, start creating Blender stuff
16:19:54 | INFO: Blender create Mesh node platform-foundation-editable-mesh
16:19:54 | INFO: Blender create Mesh node platform-deck-editable-mesh
16:19:54 | INFO: Blender create Mesh node platform-edge-cap-editable-mesh
16:19:54 | INFO: Blender create Mesh node tactile-band-editable-mesh
16:19:54 | INFO: glTF import finished in 0.01s
16:19:54 | INFO: Data are loaded, start creating Blender stuff
16:19:54 | INFO: Blender create Mesh node platform-foundation-editable-mesh
16:19:54 | INFO: Blender create Mesh node platform-deck-editable-mesh
16:19:54 | INFO: Blender create Mesh node platform-edge-cap-editable-mesh
16:19:54 | INFO: Blender create Mesh node tactile-band-editable-mesh
16:19:54 | INFO: glTF import finished in 0.01s
16:19:54 | INFO: Data are loaded, start creating Blender stuff
16:19:54 | INFO: Blender create Mesh node platform-foundation-editable-mesh
16:19:54 | INFO: Blender create Mesh node platform-deck-editable-mesh
16:19:54 | INFO: Blender create Mesh node platform-edge-cap-editable-mesh
16:19:54 | INFO: Blender create Mesh node tactile-band-editable-mesh
16:19:54 | INFO: glTF import finished in 0.01s
16:19:54 | INFO: Data are loaded, start creating Blender stuff
16:19:54 | INFO: Blender create Mesh node platform-foundation-editable-mesh
16:19:54 | INFO: Blender create Mesh node platform-deck-editable-mesh
16:19:54 | INFO: Blender create Mesh node platform-edge-cap-editable-mesh
16:19:54 | INFO: Blender create Mesh node tactile-band-editable-mesh
16:19:54 | INFO: glTF import finished in 0.01s
16:19:54 | INFO: Data are loaded, start creating Blender stuff
16:19:54 | INFO: Blender create Mesh node platform-foundation-editable-mesh
16:19:54 | INFO: Blender create Mesh node platform-deck-editable-mesh
16:19:54 | INFO: Blender create Mesh node platform-edge-cap-editable-mesh
16:19:54 | INFO: Blender create Mesh node tactile-band-editable-mesh
16:19:54 | INFO: glTF import finished in 0.01s
16:19:54 | INFO: Data are loaded, start creating Blender stuff
16:19:54 | INFO: Blender create Mesh node platform-foundation-editable-mesh
16:19:54 | INFO: Blender create Mesh node platform-deck-editable-mesh
16:19:54 | INFO: Blender create Mesh node platform-edge-cap-editable-mesh
16:19:54 | INFO: Blender create Mesh node tactile-band-editable-mesh
16:19:54 | INFO: glTF import finished in 0.01s
16:19:55 | INFO: Data are loaded, start creating Blender stuff
16:19:55 | INFO: Blender create Mesh node platform-foundation-editable-mesh
16:19:55 | INFO: Blender create Mesh node platform-deck-editable-mesh
16:19:55 | INFO: Blender create Mesh node platform-edge-cap-editable-mesh
16:19:55 | INFO: Blender create Mesh node tactile-band-editable-mesh
16:19:55 | INFO: glTF import finished in 0.01s
16:19:55 | INFO: Data are loaded, start creating Blender stuff
16:19:55 | INFO: Blender create Mesh node platform-foundation-editable-mesh
16:19:55 | INFO: Blender create Mesh node platform-deck-editable-mesh
16:19:55 | INFO: Blender create Mesh node platform-edge-cap-editable-mesh
16:19:55 | INFO: Blender create Mesh node tactile-band-editable-mesh
16:19:55 | INFO: glTF import finished in 0.01s
16:19:55 | INFO: Data are loaded, start creating Blender stuff
16:19:55 | INFO: Blender create Mesh node platform-foundation-editable-mesh
16:19:55 | INFO: Blender create Mesh node platform-deck-editable-mesh
16:19:55 | INFO: Blender create Mesh node platform-edge-cap-editable-mesh
16:19:55 | INFO: Blender create Mesh node tactile-band-editable-mesh
16:19:55 | INFO: glTF import finished in 0.01s
16:19:55 | INFO: Data are loaded, start creating Blender stuff
16:19:55 | INFO: Blender create Mesh node platform-foundation-editable-mesh
16:19:55 | INFO: Blender create Mesh node platform-deck-editable-mesh
16:19:55 | INFO: Blender create Mesh node platform-edge-cap-editable-mesh
16:19:55 | INFO: Blender create Mesh node tactile-band-editable-mesh
16:19:55 | INFO: glTF import finished in 0.01s
16:19:55 | INFO: Data are loaded, start creating Blender stuff
16:19:55 | INFO: Blender create Mesh node platform-foundation-editable-mesh
16:19:55 | INFO: Blender create Mesh node platform-deck-editable-mesh
16:19:55 | INFO: Blender create Mesh node platform-edge-cap-editable-mesh
16:19:55 | INFO: Blender create Mesh node tactile-band-editable-mesh
16:19:55 | INFO: glTF import finished in 0.01s
16:19:55 | INFO: Data are loaded, start creating Blender stuff
16:19:55 | INFO: Blender create Mesh node platform-foundation-editable-mesh
16:19:55 | INFO: Blender create Mesh node platform-deck-editable-mesh
16:19:55 | INFO: Blender create Mesh node platform-edge-cap-editable-mesh
16:19:55 | INFO: Blender create Mesh node tactile-band-editable-mesh
16:19:55 | INFO: glTF import finished in 0.01s
16:19:55 | INFO: Data are loaded, start creating Blender stuff
16:19:55 | INFO: Blender create Mesh node platform-foundation-editable-mesh
16:19:55 | INFO: Blender create Mesh node platform-deck-editable-mesh
16:19:55 | INFO: Blender create Mesh node platform-edge-cap-editable-mesh
16:19:55 | INFO: Blender create Mesh node tactile-band-editable-mesh
16:19:55 | INFO: glTF import finished in 0.01s
16:19:55 | INFO: Data are loaded, start creating Blender stuff
16:19:55 | INFO: Blender create Mesh node platform-foundation-editable-mesh
16:19:55 | INFO: Blender create Mesh node platform-deck-editable-mesh
16:19:55 | INFO: Blender create Mesh node platform-edge-cap-editable-mesh
16:19:55 | INFO: Blender create Mesh node tactile-band-editable-mesh
16:19:55 | INFO: glTF import finished in 0.01s
16:19:55 | INFO: Data are loaded, start creating Blender stuff
16:19:55 | INFO: Blender create Mesh node platform-foundation-editable-mesh
16:19:55 | INFO: Blender create Mesh node platform-deck-editable-mesh
16:19:55 | INFO: Blender create Mesh node platform-edge-cap-editable-mesh
16:19:55 | INFO: Blender create Mesh node tactile-band-editable-mesh
16:19:55 | INFO: glTF import finished in 0.01s
16:19:55 | INFO: Data are loaded, start creating Blender stuff
16:19:55 | INFO: Blender create Mesh node platform-foundation-editable-mesh
16:19:55 | INFO: Blender create Mesh node platform-deck-editable-mesh
16:19:55 | INFO: Blender create Mesh node platform-edge-cap-editable-mesh
16:19:55 | INFO: Blender create Mesh node tactile-band-editable-mesh
16:19:55 | INFO: glTF import finished in 0.01s
16:19:55 | INFO: Data are loaded, start creating Blender stuff
16:19:55 | INFO: Blender create Mesh node sign-post--0.85-editable-mesh
16:19:55 | INFO: Blender create Mesh node sign-foot--0.85-editable-mesh
16:19:55 | INFO: Blender create Mesh node sign-post-0.85-editable-mesh
16:19:55 | INFO: Blender create Mesh node sign-foot-0.85-editable-mesh
16:19:55 | INFO: Blender create Mesh node guidance-panel-editable-mesh
16:19:55 | INFO: Blender create Mesh node guidance-face-editable-mesh
16:19:55 | INFO: Blender create Mesh node direction-arrow-editable-mesh
16:19:55 | INFO: Blender create Mesh node generic-destination-rule-2.67-editable-mesh
16:19:55 | INFO: Blender create Mesh node generic-destination-rule-2.54-editable-mesh
16:19:55 | INFO: glTF import finished in 0.02s
16:19:55 | INFO: Data are loaded, start creating Blender stuff
16:19:55 | INFO: Blender create Mesh node Cube
16:19:55 | INFO: Blender create Mesh node Cube.142
16:19:55 | INFO: Blender create Mesh node Cube.141
16:19:55 | INFO: Blender create Mesh node Cube.119
16:19:55 | INFO: Blender create Mesh node Cube.124
16:19:55 | INFO: Blender create Mesh node Cube.129
16:19:55 | INFO: Blender create Mesh node Cube.134
16:19:55 | INFO: Blender create Mesh node Cube.109
16:19:55 | INFO: Blender create Mesh node Cube.114
16:19:55 | INFO: Blender create Mesh node Cube.089
16:19:55 | INFO: Blender create Mesh node Cube.094
16:19:55 | INFO: Blender create Mesh node Cube.099
16:19:55 | INFO: Blender create Mesh node Cube.104
16:19:55 | INFO: Blender create Mesh node Cube.079
16:19:55 | INFO: Blender create Mesh node Cube.084
16:19:55 | INFO: Blender create Mesh node Cube.004
16:19:55 | INFO: Blender create Mesh node Cube.076
16:19:55 | INFO: Blender create Mesh node Cylinder.007
16:19:55 | INFO: Blender create Mesh node Cylinder.006
16:19:55 | INFO: Blender create Mesh node Cylinder.005
16:19:55 | INFO: Blender create Mesh node Cylinder.004
16:19:55 | INFO: Blender create Mesh node Cylinder.003
16:19:55 | INFO: Blender create Mesh node Cylinder.002
16:19:55 | INFO: Blender create Mesh node Cylinder.001
16:19:55 | INFO: Blender create Mesh node Cylinder
16:19:55 | INFO: glTF import finished in 0.04s
16:19:55 | INFO: Data are loaded, start creating Blender stuff
16:19:55 | INFO: Blender create Mesh node Cube.001
16:19:55 | INFO: Blender create Mesh node Cube
16:19:55 | INFO: Blender create Mesh node Cylinder
16:19:55 | INFO: Blender create Mesh node Cube.002
16:19:55 | INFO: Blender create Mesh node Cube.042
16:19:55 | INFO: Blender create Mesh node Cube.043
16:19:55 | INFO: Blender create Mesh node Cube.044
16:19:55 | INFO: Blender create Mesh node Cube.045
16:19:55 | INFO: Blender create Mesh node Cube.030
16:19:55 | INFO: Blender create Mesh node Cube.032
16:19:55 | INFO: Blender create Mesh node Cube.034
16:19:55 | INFO: Blender create Mesh node Cube.036
16:19:55 | INFO: Blender create Mesh node Cube.038
16:19:55 | INFO: Blender create Mesh node Cube.040
16:19:55 | INFO: Blender create Mesh node Cube.018
16:19:55 | INFO: Blender create Mesh node Cube.020
16:19:55 | INFO: Blender create Mesh node Cube.022
16:19:55 | INFO: Blender create Mesh node Cube.024
16:19:55 | INFO: Blender create Mesh node Cube.026
16:19:55 | INFO: Blender create Mesh node Cube.028
16:19:55 | INFO: glTF import finished in 0.04s
16:19:55 | INFO: Data are loaded, start creating Blender stuff
16:19:55 | INFO: Blender create Mesh node Cube
16:19:55 | INFO: Blender create Mesh node Cube.142
16:19:55 | INFO: Blender create Mesh node Cube.141
16:19:55 | INFO: Blender create Mesh node Cube.119
16:19:55 | INFO: Blender create Mesh node Cube.124
16:19:55 | INFO: Blender create Mesh node Cube.129
16:19:55 | INFO: Blender create Mesh node Cube.134
16:19:55 | INFO: Blender create Mesh node Cube.109
16:19:55 | INFO: Blender create Mesh node Cube.114
16:19:55 | INFO: Blender create Mesh node Cube.089
16:19:55 | INFO: Blender create Mesh node Cube.094
16:19:55 | INFO: Blender create Mesh node Cube.099
16:19:55 | INFO: Blender create Mesh node Cube.104
16:19:55 | INFO: Blender create Mesh node Cube.079
16:19:55 | INFO: Blender create Mesh node Cube.084
16:19:55 | INFO: Blender create Mesh node Cube.004
16:19:55 | INFO: Blender create Mesh node Cylinder.007
16:19:55 | INFO: Blender create Mesh node Cylinder.006
16:19:55 | INFO: Blender create Mesh node Cylinder.005
16:19:55 | INFO: Blender create Mesh node Cylinder.004
16:19:55 | INFO: Blender create Mesh node Cylinder.003
16:19:55 | INFO: Blender create Mesh node Cylinder.002
16:19:55 | INFO: Blender create Mesh node Cylinder.001
16:19:55 | INFO: Blender create Mesh node Cylinder
16:19:55 | INFO: glTF import finished in 0.05s
16:19:55 | INFO: Data are loaded, start creating Blender stuff
16:19:55 | INFO: Blender create Mesh node Cube.001
16:19:55 | INFO: Blender create Mesh node Cube
16:19:55 | INFO: Blender create Mesh node Cylinder
16:19:55 | INFO: Blender create Mesh node Cube.002
16:19:55 | INFO: Blender create Mesh node Cube.042
16:19:55 | INFO: Blender create Mesh node Cube.043
16:19:55 | INFO: Blender create Mesh node Cube.044
16:19:55 | INFO: Blender create Mesh node Cube.045
16:19:55 | INFO: Blender create Mesh node Cube.030
16:19:55 | INFO: Blender create Mesh node Cube.032
16:19:55 | INFO: Blender create Mesh node Cube.034
16:19:55 | INFO: Blender create Mesh node Cube.036
16:19:55 | INFO: Blender create Mesh node Cube.038
16:19:55 | INFO: Blender create Mesh node Cube.040
16:19:55 | INFO: Blender create Mesh node Cube.018
16:19:55 | INFO: Blender create Mesh node Cube.020
16:19:55 | INFO: Blender create Mesh node Cube.022
16:19:55 | INFO: Blender create Mesh node Cube.024
16:19:55 | INFO: Blender create Mesh node Cube.026
16:19:55 | INFO: Blender create Mesh node Cube.028
16:19:55 | INFO: glTF import finished in 0.04s
16:19:55 | INFO: Data are loaded, start creating Blender stuff
16:19:55 | INFO: Blender create Mesh node Cube
16:19:55 | INFO: Blender create Mesh node Cube.142
16:19:55 | INFO: Blender create Mesh node Cube.141
16:19:55 | INFO: Blender create Mesh node Cube.119
16:19:55 | INFO: Blender create Mesh node Cube.124
16:19:55 | INFO: Blender create Mesh node Cube.129
16:19:55 | INFO: Blender create Mesh node Cube.134
16:19:55 | INFO: Blender create Mesh node Cube.109
16:19:55 | INFO: Blender create Mesh node Cube.114
16:19:55 | INFO: Blender create Mesh node Cube.089
16:19:55 | INFO: Blender create Mesh node Cube.094
16:19:55 | INFO: Blender create Mesh node Cube.099
16:19:55 | INFO: Blender create Mesh node Cube.104
16:19:55 | INFO: Blender create Mesh node Cube.079
16:19:55 | INFO: Blender create Mesh node Cube.084
16:19:55 | INFO: Blender create Mesh node Cube.004
16:19:55 | INFO: Blender create Mesh node Cylinder.007
16:19:55 | INFO: Blender create Mesh node Cylinder.006
16:19:55 | INFO: Blender create Mesh node Cylinder.005
16:19:55 | INFO: Blender create Mesh node Cylinder.004
16:19:55 | INFO: Blender create Mesh node Cylinder.003
16:19:55 | INFO: Blender create Mesh node Cylinder.002
16:19:55 | INFO: Blender create Mesh node Cylinder.001
16:19:55 | INFO: Blender create Mesh node Cylinder
16:19:55 | INFO: glTF import finished in 0.05s
16:19:55 | INFO: Data are loaded, start creating Blender stuff
16:19:55 | INFO: Blender create Mesh node Cube.001
16:19:55 | INFO: Blender create Mesh node Cube
16:19:55 | INFO: Blender create Mesh node Cylinder
16:19:55 | INFO: Blender create Mesh node Cube.002
16:19:55 | INFO: Blender create Mesh node Cube.042
16:19:55 | INFO: Blender create Mesh node Cube.043
16:19:55 | INFO: Blender create Mesh node Cube.044
16:19:55 | INFO: Blender create Mesh node Cube.045
16:19:55 | INFO: Blender create Mesh node Cube.030
16:19:55 | INFO: Blender create Mesh node Cube.032
16:19:55 | INFO: Blender create Mesh node Cube.034
16:19:55 | INFO: Blender create Mesh node Cube.036
16:19:55 | INFO: Blender create Mesh node Cube.038
16:19:55 | INFO: Blender create Mesh node Cube.040
16:19:55 | INFO: Blender create Mesh node Cube.018
16:19:55 | INFO: Blender create Mesh node Cube.020
16:19:55 | INFO: Blender create Mesh node Cube.022
16:19:55 | INFO: Blender create Mesh node Cube.024
16:19:55 | INFO: Blender create Mesh node Cube.026
16:19:55 | INFO: Blender create Mesh node Cube.028
16:19:55 | INFO: glTF import finished in 0.05s
16:19:55 | INFO: Data are loaded, start creating Blender stuff
16:19:55 | INFO: Blender create Mesh node Cube
16:19:55 | INFO: Blender create Mesh node Cube.142
16:19:55 | INFO: Blender create Mesh node Cube.141
16:19:55 | INFO: Blender create Mesh node Cube.119
16:19:55 | INFO: Blender create Mesh node Cube.124
16:19:55 | INFO: Blender create Mesh node Cube.129
16:19:55 | INFO: Blender create Mesh node Cube.134
16:19:55 | INFO: Blender create Mesh node Cube.109
16:19:55 | INFO: Blender create Mesh node Cube.114
16:19:55 | INFO: Blender create Mesh node Cube.089
16:19:55 | INFO: Blender create Mesh node Cube.094
16:19:55 | INFO: Blender create Mesh node Cube.099
16:19:55 | INFO: Blender create Mesh node Cube.104
16:19:55 | INFO: Blender create Mesh node Cube.079
16:19:55 | INFO: Blender create Mesh node Cube.084
16:19:55 | INFO: Blender create Mesh node Cube.004
16:19:55 | INFO: Blender create Mesh node Cube.068
16:19:55 | INFO: Blender create Mesh node Cylinder.007
16:19:55 | INFO: Blender create Mesh node Cylinder.006
16:19:55 | INFO: Blender create Mesh node Cylinder.005
16:19:55 | INFO: Blender create Mesh node Cylinder.004
16:19:55 | INFO: Blender create Mesh node Cylinder.003
16:19:55 | INFO: Blender create Mesh node Cylinder.002
16:19:55 | INFO: Blender create Mesh node Cylinder.001
16:19:55 | INFO: Blender create Mesh node Cylinder
16:19:55 | INFO: glTF import finished in 0.07s
16:19:55 | INFO: Data are loaded, start creating Blender stuff
16:19:55 | INFO: Blender create Mesh node Cube.001
16:19:55 | INFO: Blender create Mesh node Cube
16:19:55 | INFO: Blender create Mesh node Cylinder
16:19:55 | INFO: Blender create Mesh node Cube.002
16:19:55 | INFO: Blender create Mesh node Cube.042
16:19:55 | INFO: Blender create Mesh node Cube.043
16:19:55 | INFO: Blender create Mesh node Cube.044
16:19:55 | INFO: Blender create Mesh node Cube.045
16:19:55 | INFO: Blender create Mesh node Cube.030
16:19:55 | INFO: Blender create Mesh node Cube.032
16:19:55 | INFO: Blender create Mesh node Cube.034
16:19:55 | INFO: Blender create Mesh node Cube.036
16:19:55 | INFO: Blender create Mesh node Cube.038
16:19:55 | INFO: Blender create Mesh node Cube.040
16:19:55 | INFO: Blender create Mesh node Cube.018
16:19:55 | INFO: Blender create Mesh node Cube.020
16:19:55 | INFO: Blender create Mesh node Cube.022
16:19:55 | INFO: Blender create Mesh node Cube.024
16:19:55 | INFO: Blender create Mesh node Cube.026
16:19:55 | INFO: Blender create Mesh node Cube.028
16:19:55 | INFO: glTF import finished in 0.06s
16:19:55 | INFO: Data are loaded, start creating Blender stuff
16:19:55 | INFO: Blender create Mesh node threshold-deck-editable-mesh
16:19:55 | INFO: Blender create Mesh node deck-grip-strip-editable-mesh
16:19:55 | INFO: Blender create Mesh node deck-grip-strip-editable-mesh.001
16:19:55 | INFO: Blender create Mesh node deck-grip-strip-editable-mesh.002
16:19:55 | INFO: glTF import finished in 0.04s
16:19:55 | INFO: Data are loaded, start creating Blender stuff
16:19:55 | INFO: Blender create Mesh node threshold-deck-editable-mesh
16:19:55 | INFO: Blender create Mesh node deck-grip-strip-editable-mesh
16:19:55 | INFO: Blender create Mesh node deck-grip-strip-editable-mesh.001
16:19:55 | INFO: Blender create Mesh node deck-grip-strip-editable-mesh.002
16:19:55 | INFO: glTF import finished in 0.04s
16:19:55 | INFO: Data are loaded, start creating Blender stuff
16:19:55 | INFO: Blender create Mesh node threshold-deck-editable-mesh
16:19:55 | INFO: Blender create Mesh node deck-grip-strip-editable-mesh
16:19:55 | INFO: Blender create Mesh node deck-grip-strip-editable-mesh.001
16:19:55 | INFO: Blender create Mesh node deck-grip-strip-editable-mesh.002
16:19:56 | INFO: glTF import finished in 0.04s
16:19:56 | INFO: Data are loaded, start creating Blender stuff
16:19:56 | INFO: Blender create Mesh node threshold-deck-editable-mesh
16:19:56 | INFO: Blender create Mesh node deck-grip-strip-editable-mesh
16:19:56 | INFO: Blender create Mesh node deck-grip-strip-editable-mesh.001
16:19:56 | INFO: Blender create Mesh node deck-grip-strip-editable-mesh.002
16:19:56 | INFO: glTF import finished in 0.04s
16:19:56 | INFO: Data are loaded, start creating Blender stuff
16:19:56 | INFO: Blender create Mesh node threshold-deck-editable-mesh
16:19:56 | INFO: Blender create Mesh node deck-grip-strip-editable-mesh
16:19:56 | INFO: Blender create Mesh node deck-grip-strip-editable-mesh.001
16:19:56 | INFO: Blender create Mesh node deck-grip-strip-editable-mesh.002
16:19:56 | INFO: glTF import finished in 0.05s
16:19:56 | INFO: Data are loaded, start creating Blender stuff
16:19:56 | INFO: Blender create Mesh node threshold-deck-editable-mesh
16:19:56 | INFO: Blender create Mesh node deck-grip-strip-editable-mesh
16:19:56 | INFO: Blender create Mesh node deck-grip-strip-editable-mesh.001
16:19:56 | INFO: Blender create Mesh node deck-grip-strip-editable-mesh.002
16:19:56 | INFO: glTF import finished in 0.04s
16:19:56 | INFO: Data are loaded, start creating Blender stuff
16:19:56 | INFO: Blender create Mesh node threshold-deck-editable-mesh
16:19:56 | INFO: Blender create Mesh node deck-grip-strip-editable-mesh
16:19:56 | INFO: Blender create Mesh node deck-grip-strip-editable-mesh.001
16:19:56 | INFO: Blender create Mesh node deck-grip-strip-editable-mesh.002
16:19:56 | INFO: glTF import finished in 0.04s
16:19:56 | INFO: Data are loaded, start creating Blender stuff
16:19:56 | INFO: Blender create Mesh node threshold-deck-editable-mesh
16:19:56 | INFO: Blender create Mesh node deck-grip-strip-editable-mesh
16:19:56 | INFO: Blender create Mesh node deck-grip-strip-editable-mesh.001
16:19:56 | INFO: Blender create Mesh node deck-grip-strip-editable-mesh.002
16:19:56 | INFO: glTF import finished in 0.04s
16:19:56 | INFO: Data are loaded, start creating Blender stuff
16:19:56 | INFO: Blender create Mesh node threshold-deck-editable-mesh
16:19:56 | INFO: Blender create Mesh node deck-grip-strip-editable-mesh
16:19:56 | INFO: Blender create Mesh node deck-grip-strip-editable-mesh.001
16:19:56 | INFO: Blender create Mesh node deck-grip-strip-editable-mesh.002
16:19:56 | INFO: glTF import finished in 0.05s
16:19:56 | INFO: Data are loaded, start creating Blender stuff
16:19:56 | INFO: Blender create Mesh node threshold-deck-editable-mesh
16:19:56 | INFO: Blender create Mesh node deck-grip-strip-editable-mesh
16:19:56 | INFO: Blender create Mesh node deck-grip-strip-editable-mesh.001
16:19:56 | INFO: Blender create Mesh node deck-grip-strip-editable-mesh.002
16:19:56 | INFO: glTF import finished in 0.05s
16:19:56 | INFO: Data are loaded, start creating Blender stuff
16:19:56 | INFO: Blender create Mesh node threshold-deck-editable-mesh
16:19:56 | INFO: Blender create Mesh node deck-grip-strip-editable-mesh
16:19:56 | INFO: Blender create Mesh node deck-grip-strip-editable-mesh.001
16:19:56 | INFO: Blender create Mesh node deck-grip-strip-editable-mesh.002
16:19:56 | INFO: glTF import finished in 0.04s
16:19:56 | INFO: Data are loaded, start creating Blender stuff
16:19:56 | INFO: Blender create Mesh node threshold-deck-editable-mesh
16:19:56 | INFO: Blender create Mesh node deck-grip-strip-editable-mesh
16:19:56 | INFO: Blender create Mesh node deck-grip-strip-editable-mesh.001
16:19:56 | INFO: Blender create Mesh node deck-grip-strip-editable-mesh.002
16:19:56 | INFO: glTF import finished in 0.05s
Fra:1 Mem:73.59M (Peak 73.59M) | Time:00:00.07 | Mem:0.00M, Peak:0.00M | Scene, ViewLayer | Synchronizing object | platform-foundation
Fra:1 Mem:73.59M (Peak 73.59M) | Time:00:00.07 | Mem:0.00M, Peak:0.00M | Scene, ViewLayer | Synchronizing object | platform-deck
Fra:1 Mem:73.59M (Peak 73.59M) | Time:00:00.07 | Mem:0.00M, Peak:0.00M | Scene, ViewLayer | Synchronizing object | platform-edge-cap
Fra:1 Mem:73.60M (Peak 73.60M) | Time:00:00.07 | Mem:0.00M, Peak:0.00M | Scene, ViewLayer | Synchronizing object | tactile-band
Fra:1 Mem:73.60M (Peak 73.60M) | Time:00:00.07 | Mem:0.00M, Peak:0.00M | Scene, ViewLayer | Synchronizing object | platform-foundation.001
Fra:1 Mem:73.60M (Peak 73.60M) | Time:00:00.07 | Mem:0.00M, Peak:0.00M | Scene, ViewLayer | Synchronizing object | platform-deck.001
Fra:1 Mem:73.61M (Peak 73.61M) | Time:00:00.07 | Mem:0.00M, Peak:0.00M | Scene, ViewLayer | Synchronizing object | platform-edge-cap.001
Fra:1 Mem:73.61M (Peak 73.61M) | Time:00:00.07 | Mem:0.00M, Peak:0.00M | Scene, ViewLayer | Synchronizing object | tactile-band.001
Fra:1 Mem:73.61M (Peak 73.61M) | Time:00:00.07 | Mem:0.00M, Peak:0.00M | Scene, ViewLayer | Synchronizing object | platform-foundation.002
Fra:1 Mem:73.61M (Peak 73.61M) | Time:00:00.07 | Mem:0.00M, Peak:0.00M | Scene, ViewLayer | Synchronizing object | platform-deck.002
Fra:1 Mem:73.62M (Peak 73.62M) | Time:00:00.07 | Mem:0.00M, Peak:0.00M | Scene, ViewLayer | Synchronizing object | platform-edge-cap.002
Fra:1 Mem:73.62M (Peak 73.62M) | Time:00:00.07 | Mem:0.00M, Peak:0.00M | Scene, ViewLayer | Synchronizing object | tactile-band.002
Fra:1 Mem:73.62M (Peak 73.62M) | Time:00:00.07 | Mem:0.00M, Peak:0.00M | Scene, ViewLayer | Synchronizing object | platform-foundation.003
Fra:1 Mem:73.62M (Peak 73.62M) | Time:00:00.07 | Mem:0.00M, Peak:0.00M | Scene, ViewLayer | Synchronizing object | platform-deck.003
Fra:1 Mem:73.63M (Peak 73.63M) | Time:00:00.07 | Mem:0.00M, Peak:0.00M | Scene, ViewLayer | Synchronizing object | platform-edge-cap.003
Fra:1 Mem:73.63M (Peak 73.63M) | Time:00:00.07 | Mem:0.00M, Peak:0.00M | Scene, ViewLayer | Synchronizing object | tactile-band.003
Fra:1 Mem:73.63M (Peak 73.63M) | Time:00:00.07 | Mem:0.00M, Peak:0.00M | Scene, ViewLayer | Synchronizing object | platform-foundation.004
Fra:1 Mem:73.64M (Peak 73.64M) | Time:00:00.07 | Mem:0.00M, Peak:0.00M | Scene, ViewLayer | Synchronizing object | platform-deck.004
Fra:1 Mem:73.64M (Peak 73.64M) | Time:00:00.07 | Mem:0.00M, Peak:0.00M | Scene, ViewLayer | Synchronizing object | platform-edge-cap.004
Fra:1 Mem:73.64M (Peak 73.64M) | Time:00:00.07 | Mem:0.00M, Peak:0.00M | Scene, ViewLayer | Synchronizing object | tactile-band.004
Fra:1 Mem:73.64M (Peak 73.64M) | Time:00:00.07 | Mem:0.00M, Peak:0.00M | Scene, ViewLayer | Synchronizing object | platform-foundation.005
Fra:1 Mem:73.65M (Peak 73.65M) | Time:00:00.07 | Mem:0.00M, Peak:0.00M | Scene, ViewLayer | Synchronizing object | platform-deck.005
Fra:1 Mem:73.65M (Peak 73.65M) | Time:00:00.07 | Mem:0.00M, Peak:0.00M | Scene, ViewLayer | Synchronizing object | platform-edge-cap.005
Fra:1 Mem:73.65M (Peak 73.65M) | Time:00:00.07 | Mem:0.00M, Peak:0.00M | Scene, ViewLayer | Synchronizing object | tactile-band.005
Fra:1 Mem:73.65M (Peak 73.65M) | Time:00:00.07 | Mem:0.00M, Peak:0.00M | Scene, ViewLayer | Synchronizing object | platform-foundation.006
Fra:1 Mem:73.66M (Peak 73.66M) | Time:00:00.07 | Mem:0.00M, Peak:0.00M | Scene, ViewLayer | Synchronizing object | platform-deck.006
Fra:1 Mem:73.66M (Peak 73.66M) | Time:00:00.07 | Mem:0.00M, Peak:0.00M | Scene, ViewLayer | Synchronizing object | platform-edge-cap.006
Fra:1 Mem:73.66M (Peak 73.66M) | Time:00:00.07 | Mem:0.00M, Peak:0.00M | Scene, ViewLayer | Synchronizing object | tactile-band.006
Fra:1 Mem:73.66M (Peak 73.66M) | Time:00:00.07 | Mem:0.00M, Peak:0.00M | Scene, ViewLayer | Synchronizing object | platform-foundation.007
Fra:1 Mem:73.67M (Peak 73.67M) | Time:00:00.07 | Mem:0.00M, Peak:0.00M | Scene, ViewLayer | Synchronizing object | platform-deck.007
Fra:1 Mem:73.67M (Peak 73.67M) | Time:00:00.07 | Mem:0.00M, Peak:0.00M | Scene, ViewLayer | Synchronizing object | platform-edge-cap.007
Fra:1 Mem:73.67M (Peak 73.67M) | Time:00:00.07 | Mem:0.00M, Peak:0.00M | Scene, ViewLayer | Synchronizing object | tactile-band.007
Fra:1 Mem:73.67M (Peak 73.67M) | Time:00:00.07 | Mem:0.00M, Peak:0.00M | Scene, ViewLayer | Synchronizing object | platform-foundation.008
Fra:1 Mem:73.68M (Peak 73.68M) | Time:00:00.07 | Mem:0.00M, Peak:0.00M | Scene, ViewLayer | Synchronizing object | platform-deck.008
Fra:1 Mem:73.68M (Peak 73.68M) | Time:00:00.07 | Mem:0.00M, Peak:0.00M | Scene, ViewLayer | Synchronizing object | platform-edge-cap.008
Fra:1 Mem:73.68M (Peak 73.68M) | Time:00:00.07 | Mem:0.00M, Peak:0.00M | Scene, ViewLayer | Synchronizing object | tactile-band.008
Fra:1 Mem:73.68M (Peak 73.68M) | Time:00:00.07 | Mem:0.00M, Peak:0.00M | Scene, ViewLayer | Synchronizing object | platform-foundation.009
Fra:1 Mem:73.69M (Peak 73.69M) | Time:00:00.07 | Mem:0.00M, Peak:0.00M | Scene, ViewLayer | Synchronizing object | platform-deck.009
Fra:1 Mem:73.69M (Peak 73.69M) | Time:00:00.07 | Mem:0.00M, Peak:0.00M | Scene, ViewLayer | Synchronizing object | platform-edge-cap.009
Fra:1 Mem:73.69M (Peak 73.69M) | Time:00:00.07 | Mem:0.00M, Peak:0.00M | Scene, ViewLayer | Synchronizing object | tactile-band.009
Fra:1 Mem:73.70M (Peak 73.70M) | Time:00:00.07 | Mem:0.00M, Peak:0.00M | Scene, ViewLayer | Synchronizing object | platform-foundation.010
Fra:1 Mem:73.70M (Peak 73.70M) | Time:00:00.07 | Mem:0.00M, Peak:0.00M | Scene, ViewLayer | Synchronizing object | platform-deck.010
Fra:1 Mem:73.70M (Peak 73.70M) | Time:00:00.07 | Mem:0.00M, Peak:0.00M | Scene, ViewLayer | Synchronizing object | platform-edge-cap.010
Fra:1 Mem:73.70M (Peak 73.70M) | Time:00:00.07 | Mem:0.00M, Peak:0.00M | Scene, ViewLayer | Synchronizing object | tactile-band.010
Fra:1 Mem:73.71M (Peak 73.71M) | Time:00:00.07 | Mem:0.00M, Peak:0.00M | Scene, ViewLayer | Synchronizing object | platform-foundation.011
Fra:1 Mem:73.71M (Peak 73.71M) | Time:00:00.07 | Mem:0.00M, Peak:0.00M | Scene, ViewLayer | Synchronizing object | platform-deck.011
Fra:1 Mem:73.71M (Peak 73.71M) | Time:00:00.07 | Mem:0.00M, Peak:0.00M | Scene, ViewLayer | Synchronizing object | platform-edge-cap.011
Fra:1 Mem:73.72M (Peak 73.72M) | Time:00:00.07 | Mem:0.00M, Peak:0.00M | Scene, ViewLayer | Synchronizing object | tactile-band.011
Fra:1 Mem:73.72M (Peak 73.72M) | Time:00:00.07 | Mem:0.00M, Peak:0.00M | Scene, ViewLayer | Synchronizing object | platform-foundation.012
Fra:1 Mem:73.72M (Peak 73.72M) | Time:00:00.07 | Mem:0.00M, Peak:0.00M | Scene, ViewLayer | Synchronizing object | platform-deck.012
Fra:1 Mem:73.72M (Peak 73.72M) | Time:00:00.07 | Mem:0.00M, Peak:0.00M | Scene, ViewLayer | Synchronizing object | platform-edge-cap.012
Fra:1 Mem:73.73M (Peak 73.73M) | Time:00:00.07 | Mem:0.00M, Peak:0.00M | Scene, ViewLayer | Synchronizing object | tactile-band.012
Fra:1 Mem:73.73M (Peak 73.73M) | Time:00:00.07 | Mem:0.00M, Peak:0.00M | Scene, ViewLayer | Synchronizing object | platform-foundation.013
Fra:1 Mem:73.73M (Peak 73.73M) | Time:00:00.07 | Mem:0.00M, Peak:0.00M | Scene, ViewLayer | Synchronizing object | platform-deck.013
Fra:1 Mem:73.74M (Peak 73.74M) | Time:00:00.07 | Mem:0.00M, Peak:0.00M | Scene, ViewLayer | Synchronizing object | platform-edge-cap.013
Fra:1 Mem:73.74M (Peak 73.74M) | Time:00:00.07 | Mem:0.00M, Peak:0.00M | Scene, ViewLayer | Synchronizing object | tactile-band.013
Fra:1 Mem:73.74M (Peak 73.74M) | Time:00:00.07 | Mem:0.00M, Peak:0.00M | Scene, ViewLayer | Synchronizing object | platform-foundation.014
Fra:1 Mem:73.74M (Peak 73.74M) | Time:00:00.07 | Mem:0.00M, Peak:0.00M | Scene, ViewLayer | Synchronizing object | platform-deck.014
Fra:1 Mem:73.75M (Peak 73.75M) | Time:00:00.07 | Mem:0.00M, Peak:0.00M | Scene, ViewLayer | Synchronizing object | platform-edge-cap.014
Fra:1 Mem:73.75M (Peak 73.75M) | Time:00:00.07 | Mem:0.00M, Peak:0.00M | Scene, ViewLayer | Synchronizing object | tactile-band.014
Fra:1 Mem:73.75M (Peak 73.75M) | Time:00:00.07 | Mem:0.00M, Peak:0.00M | Scene, ViewLayer | Synchronizing object | platform-foundation.015
Fra:1 Mem:73.76M (Peak 73.76M) | Time:00:00.07 | Mem:0.00M, Peak:0.00M | Scene, ViewLayer | Synchronizing object | platform-deck.015
Fra:1 Mem:73.76M (Peak 73.76M) | Time:00:00.07 | Mem:0.00M, Peak:0.00M | Scene, ViewLayer | Synchronizing object | platform-edge-cap.015
Fra:1 Mem:73.76M (Peak 73.76M) | Time:00:00.07 | Mem:0.00M, Peak:0.00M | Scene, ViewLayer | Synchronizing object | tactile-band.015
Fra:1 Mem:73.77M (Peak 73.77M) | Time:00:00.07 | Mem:0.00M, Peak:0.00M | Scene, ViewLayer | Synchronizing object | platform-foundation.016
Fra:1 Mem:73.77M (Peak 73.77M) | Time:00:00.07 | Mem:0.00M, Peak:0.00M | Scene, ViewLayer | Synchronizing object | platform-deck.016
Fra:1 Mem:73.77M (Peak 73.77M) | Time:00:00.07 | Mem:0.00M, Peak:0.00M | Scene, ViewLayer | Synchronizing object | platform-edge-cap.016
Fra:1 Mem:73.77M (Peak 73.77M) | Time:00:00.07 | Mem:0.00M, Peak:0.00M | Scene, ViewLayer | Synchronizing object | tactile-band.016
Fra:1 Mem:73.78M (Peak 73.78M) | Time:00:00.07 | Mem:0.00M, Peak:0.00M | Scene, ViewLayer | Synchronizing object | platform-foundation.017
Fra:1 Mem:73.78M (Peak 73.78M) | Time:00:00.07 | Mem:0.00M, Peak:0.00M | Scene, ViewLayer | Synchronizing object | platform-deck.017
Fra:1 Mem:73.78M (Peak 73.78M) | Time:00:00.07 | Mem:0.00M, Peak:0.00M | Scene, ViewLayer | Synchronizing object | platform-edge-cap.017
Fra:1 Mem:73.82M (Peak 73.82M) | Time:00:00.07 | Mem:0.00M, Peak:0.00M | Scene, ViewLayer | Synchronizing object | tactile-band.017
Fra:1 Mem:73.82M (Peak 73.82M) | Time:00:00.07 | Mem:0.00M, Peak:0.00M | Scene, ViewLayer | Synchronizing object | platform-foundation.018
Fra:1 Mem:73.82M (Peak 73.82M) | Time:00:00.07 | Mem:0.00M, Peak:0.00M | Scene, ViewLayer | Synchronizing object | platform-deck.018
Fra:1 Mem:73.83M (Peak 73.83M) | Time:00:00.07 | Mem:0.00M, Peak:0.00M | Scene, ViewLayer | Synchronizing object | platform-edge-cap.018
Fra:1 Mem:73.83M (Peak 73.83M) | Time:00:00.07 | Mem:0.00M, Peak:0.00M | Scene, ViewLayer | Synchronizing object | tactile-band.018
Fra:1 Mem:73.83M (Peak 73.83M) | Time:00:00.07 | Mem:0.00M, Peak:0.00M | Scene, ViewLayer | Synchronizing object | platform-foundation.019
Fra:1 Mem:73.84M (Peak 73.84M) | Time:00:00.07 | Mem:0.00M, Peak:0.00M | Scene, ViewLayer | Synchronizing object | platform-deck.019
Fra:1 Mem:73.84M (Peak 73.84M) | Time:00:00.07 | Mem:0.00M, Peak:0.00M | Scene, ViewLayer | Synchronizing object | qa-ruler-tick.010
Fra:1 Mem:73.84M (Peak 73.84M) | Time:00:00.07 | Mem:0.00M, Peak:0.00M | Scene, ViewLayer | Synchronizing object | qa-ruler-tick.009
Fra:1 Mem:73.84M (Peak 73.84M) | Time:00:00.07 | Mem:0.00M, Peak:0.00M | Scene, ViewLayer | Synchronizing object | qa-ruler-tick.008
Fra:1 Mem:73.85M (Peak 73.85M) | Time:00:00.07 | Mem:0.00M, Peak:0.00M | Scene, ViewLayer | Synchronizing object | qa-ruler-tick.007
Fra:1 Mem:73.85M (Peak 73.85M) | Time:00:00.07 | Mem:0.00M, Peak:0.00M | Scene, ViewLayer | Synchronizing object | qa-ruler-tick.006
Fra:1 Mem:73.85M (Peak 73.85M) | Time:00:00.07 | Mem:0.00M, Peak:0.00M | Scene, ViewLayer | Synchronizing object | qa-ruler-tick.005
Fra:1 Mem:73.86M (Peak 73.86M) | Time:00:00.07 | Mem:0.00M, Peak:0.00M | Scene, ViewLayer | Synchronizing object | qa-ruler-tick.004
Fra:1 Mem:73.86M (Peak 73.86M) | Time:00:00.07 | Mem:0.00M, Peak:0.00M | Scene, ViewLayer | Synchronizing object | qa-ruler-tick.003
Fra:1 Mem:73.86M (Peak 73.86M) | Time:00:00.07 | Mem:0.00M, Peak:0.00M | Scene, ViewLayer | Synchronizing object | qa-ruler-tick.002
Fra:1 Mem:73.86M (Peak 73.86M) | Time:00:00.07 | Mem:0.00M, Peak:0.00M | Scene, ViewLayer | Synchronizing object | qa-ruler-tick.001
Fra:1 Mem:73.86M (Peak 73.86M) | Time:00:00.07 | Mem:0.00M, Peak:0.00M | Scene, ViewLayer | Synchronizing object | qa-ruler-tick
Fra:1 Mem:73.86M (Peak 73.86M) | Time:00:00.07 | Mem:0.00M, Peak:0.00M | Scene, ViewLayer | Synchronizing object | qa-one-metre-ruler
Fra:1 Mem:73.86M (Peak 73.86M) | Time:00:00.07 | Mem:0.00M, Peak:0.00M | Scene, ViewLayer | Synchronizing object | qa-human-head.001
Fra:1 Mem:73.87M (Peak 73.87M) | Time:00:00.07 | Mem:0.00M, Peak:0.00M | Scene, ViewLayer | Synchronizing object | qa-human-arm.003
Fra:1 Mem:73.89M (Peak 73.89M) | Time:00:00.07 | Mem:0.00M, Peak:0.00M | Scene, ViewLayer | Synchronizing object | tactile-band.019
Fra:1 Mem:73.89M (Peak 73.89M) | Time:00:00.07 | Mem:0.00M, Peak:0.00M | Scene, ViewLayer | Synchronizing object | qa-human-leg.003
Fra:1 Mem:73.89M (Peak 73.89M) | Time:00:00.07 | Mem:0.00M, Peak:0.00M | Scene, ViewLayer | Synchronizing object | platform-foundation.020
Fra:1 Mem:73.90M (Peak 73.90M) | Time:00:00.08 | Mem:0.00M, Peak:0.00M | Scene, ViewLayer | Synchronizing object | platform-deck.020
Fra:1 Mem:73.90M (Peak 73.90M) | Time:00:00.08 | Mem:0.00M, Peak:0.00M | Scene, ViewLayer | Synchronizing object | qa-human-arm.002
Fra:1 Mem:73.91M (Peak 73.91M) | Time:00:00.08 | Mem:0.00M, Peak:0.00M | Scene, ViewLayer | Synchronizing object | qa-human-leg.002
Fra:1 Mem:73.94M (Peak 73.94M) | Time:00:00.08 | Mem:0.00M, Peak:0.00M | Scene, ViewLayer | Synchronizing object | platform-edge-cap.020
Fra:1 Mem:73.93M (Peak 73.94M) | Time:00:00.08 | Mem:0.00M, Peak:0.00M | Scene, ViewLayer | Synchronizing object | qa-human-torso.001
Fra:1 Mem:73.93M (Peak 73.94M) | Time:00:00.08 | Mem:0.00M, Peak:0.00M | Scene, ViewLayer | Synchronizing object | tactile-band.020
Fra:1 Mem:73.96M (Peak 73.96M) | Time:00:00.08 | Mem:0.00M, Peak:0.00M | Scene, ViewLayer | Synchronizing object | platform-foundation.021
Fra:1 Mem:73.95M (Peak 73.96M) | Time:00:00.08 | Mem:0.00M, Peak:0.00M | Scene, ViewLayer | Synchronizing object | qa-human-head
Fra:1 Mem:73.94M (Peak 73.96M) | Time:00:00.08 | Mem:0.00M, Peak:0.00M | Scene, ViewLayer | Synchronizing object | platform-deck.021
Fra:1 Mem:73.96M (Peak 73.96M) | Time:00:00.08 | Mem:0.00M, Peak:0.00M | Scene, ViewLayer | Synchronizing object | qa-human-arm.001
Fra:1 Mem:73.97M (Peak 73.97M) | Time:00:00.08 | Mem:0.00M, Peak:0.00M | Scene, ViewLayer | Synchronizing object | platform-edge-cap.021
Fra:1 Mem:73.99M (Peak 73.99M) | Time:00:00.08 | Mem:0.00M, Peak:0.00M | Scene, ViewLayer | Synchronizing object | tactile-band.021
Fra:1 Mem:73.97M (Peak 73.99M) | Time:00:00.08 | Mem:0.00M, Peak:0.00M | Scene, ViewLayer | Synchronizing object | qa-human-leg.001
Fra:1 Mem:73.98M (Peak 73.99M) | Time:00:00.08 | Mem:0.00M, Peak:0.00M | Scene, ViewLayer | Synchronizing object | platform-foundation.022
Fra:1 Mem:74.00M (Peak 74.00M) | Time:00:00.08 | Mem:0.00M, Peak:0.00M | Scene, ViewLayer | Synchronizing object | platform-deck.022
Fra:1 Mem:73.99M (Peak 74.00M) | Time:00:00.08 | Mem:0.00M, Peak:0.00M | Scene, ViewLayer | Synchronizing object | qa-human-arm
Fra:1 Mem:73.99M (Peak 74.00M) | Time:00:00.08 | Mem:0.00M, Peak:0.00M | Scene, ViewLayer | Synchronizing object | platform-edge-cap.022
Fra:1 Mem:74.02M (Peak 74.02M) | Time:00:00.08 | Mem:0.00M, Peak:0.00M | Scene, ViewLayer | Synchronizing object | tactile-band.022
Fra:1 Mem:74.01M (Peak 74.02M) | Time:00:00.08 | Mem:0.00M, Peak:0.00M | Scene, ViewLayer | Synchronizing object | qa-human-leg
Fra:1 Mem:74.01M (Peak 74.02M) | Time:00:00.08 | Mem:0.00M, Peak:0.00M | Scene, ViewLayer | Synchronizing object | platform-foundation.023
Fra:1 Mem:74.04M (Peak 74.04M) | Time:00:00.08 | Mem:0.00M, Peak:0.00M | Scene, ViewLayer | Synchronizing object | platform-deck.023
Fra:1 Mem:74.03M (Peak 74.04M) | Time:00:00.08 | Mem:0.00M, Peak:0.00M | Scene, ViewLayer | Synchronizing object | qa-human-torso
Fra:1 Mem:74.04M (Peak 74.04M) | Time:00:00.08 | Mem:0.00M, Peak:0.00M | Scene, ViewLayer | Synchronizing object | platform-edge-cap.023
Fra:1 Mem:74.05M (Peak 74.05M) | Time:00:00.08 | Mem:0.00M, Peak:0.00M | Scene, ViewLayer | Synchronizing object | tactile-band.023
Fra:1 Mem:74.05M (Peak 74.05M) | Time:00:00.08 | Mem:0.00M, Peak:0.00M | Scene, ViewLayer | Synchronizing object | qa-rail.001
Fra:1 Mem:74.04M (Peak 74.05M) | Time:00:00.08 | Mem:0.00M, Peak:0.00M | Scene, ViewLayer | Synchronizing object | platform-foundation.024
Fra:1 Mem:74.04M (Peak 74.05M) | Time:00:00.08 | Mem:0.00M, Peak:0.00M | Scene, ViewLayer | Synchronizing object | qa-rail
Fra:1 Mem:74.05M (Peak 74.05M) | Time:00:00.08 | Mem:0.00M, Peak:0.00M | Scene, ViewLayer | Synchronizing object | qa-ground
Fra:1 Mem:74.04M (Peak 74.05M) | Time:00:00.08 | Mem:0.00M, Peak:0.00M | Scene, ViewLayer | Synchronizing object | platform-deck.024
Fra:1 Mem:74.05M (Peak 74.05M) | Time:00:00.08 | Mem:0.00M, Peak:0.00M | Scene, ViewLayer | Synchronizing object | deck-grip-strip.035
Fra:1 Mem:74.05M (Peak 74.05M) | Time:00:00.08 | Mem:0.00M, Peak:0.00M | Scene, ViewLayer | Synchronizing object | platform-edge-cap.024
Fra:1 Mem:74.06M (Peak 74.06M) | Time:00:00.08 | Mem:0.00M, Peak:0.00M | Scene, ViewLayer | Synchronizing object | deck-grip-strip.034
Fra:1 Mem:74.06M (Peak 74.06M) | Time:00:00.08 | Mem:0.00M, Peak:0.00M | Scene, ViewLayer | Synchronizing object | deck-grip-strip.033
Fra:1 Mem:74.05M (Peak 74.06M) | Time:00:00.08 | Mem:0.00M, Peak:0.00M | Scene, ViewLayer | Synchronizing object | tactile-band.024
Fra:1 Mem:74.06M (Peak 74.06M) | Time:00:00.08 | Mem:0.00M, Peak:0.00M | Scene, ViewLayer | Synchronizing object | threshold-deck.011
Fra:1 Mem:74.06M (Peak 74.06M) | Time:00:00.08 | Mem:0.00M, Peak:0.00M | Scene, ViewLayer | Synchronizing object | platform-foundation.025
Fra:1 Mem:74.07M (Peak 74.07M) | Time:00:00.08 | Mem:0.00M, Peak:0.00M | Scene, ViewLayer | Synchronizing object | deck-grip-strip.032
Fra:1 Mem:74.07M (Peak 74.07M) | Time:00:00.08 | Mem:0.00M, Peak:0.00M | Scene, ViewLayer | Synchronizing object | platform-deck.025
Fra:1 Mem:74.07M (Peak 74.07M) | Time:00:00.08 | Mem:0.00M, Peak:0.00M | Scene, ViewLayer | Synchronizing object | deck-grip-strip.031
Fra:1 Mem:74.08M (Peak 74.08M) | Time:00:00.08 | Mem:0.00M, Peak:0.00M | Scene, ViewLayer | Synchronizing object | platform-edge-cap.025
Fra:1 Mem:74.08M (Peak 74.08M) | Time:00:00.08 | Mem:0.00M, Peak:0.00M | Scene, ViewLayer | Synchronizing object | deck-grip-strip.030
Fra:1 Mem:74.08M (Peak 74.08M) | Time:00:00.08 | Mem:0.00M, Peak:0.00M | Scene, ViewLayer | Synchronizing object | tactile-band.025
Fra:1 Mem:74.08M (Peak 74.08M) | Time:00:00.08 | Mem:0.00M, Peak:0.00M | Scene, ViewLayer | Synchronizing object | threshold-deck.010
Fra:1 Mem:74.09M (Peak 74.09M) | Time:00:00.08 | Mem:0.00M, Peak:0.00M | Scene, ViewLayer | Synchronizing object | platform-foundation.026
Fra:1 Mem:74.08M (Peak 74.09M) | Time:00:00.08 | Mem:0.00M, Peak:0.00M | Scene, ViewLayer | Synchronizing object | deck-grip-strip.029
Fra:1 Mem:74.09M (Peak 74.09M) | Time:00:00.08 | Mem:0.00M, Peak:0.00M | Scene, ViewLayer | Synchronizing object | platform-deck.026
Fra:1 Mem:74.09M (Peak 74.09M) | Time:00:00.08 | Mem:0.00M, Peak:0.00M | Scene, ViewLayer | Synchronizing object | deck-grip-strip.028
Fra:1 Mem:74.09M (Peak 74.09M) | Time:00:00.08 | Mem:0.00M, Peak:0.00M | Scene, ViewLayer | Synchronizing object | platform-edge-cap.026
Fra:1 Mem:74.10M (Peak 74.10M) | Time:00:00.08 | Mem:0.00M, Peak:0.00M | Scene, ViewLayer | Synchronizing object | deck-grip-strip.027
Fra:1 Mem:74.10M (Peak 74.10M) | Time:00:00.08 | Mem:0.00M, Peak:0.00M | Scene, ViewLayer | Synchronizing object | tactile-band.026
Fra:1 Mem:74.10M (Peak 74.10M) | Time:00:00.08 | Mem:0.00M, Peak:0.00M | Scene, ViewLayer | Synchronizing object | threshold-deck.009
Fra:1 Mem:74.11M (Peak 74.11M) | Time:00:00.08 | Mem:0.00M, Peak:0.00M | Scene, ViewLayer | Synchronizing object | platform-foundation.027
Fra:1 Mem:74.10M (Peak 74.11M) | Time:00:00.08 | Mem:0.00M, Peak:0.00M | Scene, ViewLayer | Synchronizing object | deck-grip-strip.026
Fra:1 Mem:74.10M (Peak 74.11M) | Time:00:00.08 | Mem:0.00M, Peak:0.00M | Scene, ViewLayer | Synchronizing object | platform-deck.027
Fra:1 Mem:74.10M (Peak 74.11M) | Time:00:00.08 | Mem:0.00M, Peak:0.00M | Scene, ViewLayer | Synchronizing object | platform-edge-cap.027
Fra:1 Mem:74.11M (Peak 74.11M) | Time:00:00.08 | Mem:0.00M, Peak:0.00M | Scene, ViewLayer | Synchronizing object | deck-grip-strip.025
Fra:1 Mem:74.11M (Peak 74.11M) | Time:00:00.08 | Mem:0.00M, Peak:0.00M | Scene, ViewLayer | Synchronizing object | tactile-band.027
Fra:1 Mem:74.12M (Peak 74.12M) | Time:00:00.08 | Mem:0.00M, Peak:0.00M | Scene, ViewLayer | Synchronizing object | deck-grip-strip.024
Fra:1 Mem:74.12M (Peak 74.12M) | Time:00:00.08 | Mem:0.00M, Peak:0.00M | Scene, ViewLayer | Synchronizing object | platform-foundation.028
Fra:1 Mem:74.12M (Peak 74.12M) | Time:00:00.08 | Mem:0.00M, Peak:0.00M | Scene, ViewLayer | Synchronizing object | threshold-deck.008
Fra:1 Mem:74.12M (Peak 74.12M) | Time:00:00.08 | Mem:0.00M, Peak:0.00M | Scene, ViewLayer | Synchronizing object | platform-deck.028
Fra:1 Mem:74.13M (Peak 74.13M) | Time:00:00.08 | Mem:0.00M, Peak:0.00M | Scene, ViewLayer | Synchronizing object | deck-grip-strip.023
Fra:1 Mem:74.13M (Peak 74.13M) | Time:00:00.08 | Mem:0.00M, Peak:0.00M | Scene, ViewLayer | Synchronizing object | platform-edge-cap.028
Fra:1 Mem:74.12M (Peak 74.13M) | Time:00:00.08 | Mem:0.00M, Peak:0.00M | Scene, ViewLayer | Synchronizing object | deck-grip-strip.022
Fra:1 Mem:74.13M (Peak 74.13M) | Time:00:00.08 | Mem:0.00M, Peak:0.00M | Scene, ViewLayer | Synchronizing object | tactile-band.028
Fra:1 Mem:74.13M (Peak 74.13M) | Time:00:00.08 | Mem:0.00M, Peak:0.00M | Scene, ViewLayer | Synchronizing object | deck-grip-strip.021
Fra:1 Mem:74.14M (Peak 74.14M) | Time:00:00.08 | Mem:0.00M, Peak:0.00M | Scene, ViewLayer | Synchronizing object | platform-foundation.029
Fra:1 Mem:74.13M (Peak 74.14M) | Time:00:00.08 | Mem:0.00M, Peak:0.00M | Scene, ViewLayer | Synchronizing object | threshold-deck.007
Fra:1 Mem:74.15M (Peak 74.15M) | Time:00:00.08 | Mem:0.00M, Peak:0.00M | Scene, ViewLayer | Synchronizing object | platform-deck.029
Fra:1 Mem:74.14M (Peak 74.15M) | Time:00:00.08 | Mem:0.00M, Peak:0.00M | Scene, ViewLayer | Synchronizing object | deck-grip-strip.020
Fra:1 Mem:74.15M (Peak 74.15M) | Time:00:00.08 | Mem:0.00M, Peak:0.00M | Scene, ViewLayer | Synchronizing object | platform-edge-cap.029
Fra:1 Mem:74.14M (Peak 74.15M) | Time:00:00.08 | Mem:0.00M, Peak:0.00M | Scene, ViewLayer | Synchronizing object | deck-grip-strip.019
Fra:1 Mem:74.15M (Peak 74.15M) | Time:00:00.08 | Mem:0.00M, Peak:0.00M | Scene, ViewLayer | Synchronizing object | tactile-band.029
Fra:1 Mem:74.15M (Peak 74.15M) | Time:00:00.08 | Mem:0.00M, Peak:0.00M | Scene, ViewLayer | Synchronizing object | deck-grip-strip.018
Fra:1 Mem:74.15M (Peak 74.15M) | Time:00:00.08 | Mem:0.00M, Peak:0.00M | Scene, ViewLayer | Synchronizing object | platform-foundation.030
Fra:1 Mem:74.15M (Peak 74.15M) | Time:00:00.08 | Mem:0.00M, Peak:0.00M | Scene, ViewLayer | Synchronizing object | threshold-deck.006
Fra:1 Mem:74.16M (Peak 74.16M) | Time:00:00.08 | Mem:0.00M, Peak:0.00M | Scene, ViewLayer | Synchronizing object | platform-deck.030
Fra:1 Mem:74.17M (Peak 74.17M) | Time:00:00.08 | Mem:0.00M, Peak:0.00M | Scene, ViewLayer | Synchronizing object | deck-grip-strip.017
Fra:1 Mem:74.17M (Peak 74.17M) | Time:00:00.08 | Mem:0.00M, Peak:0.00M | Scene, ViewLayer | Synchronizing object | platform-edge-cap.030
Fra:1 Mem:74.17M (Peak 74.17M) | Time:00:00.08 | Mem:0.00M, Peak:0.00M | Scene, ViewLayer | Synchronizing object | deck-grip-strip.016
Fra:1 Mem:74.17M (Peak 74.17M) | Time:00:00.08 | Mem:0.00M, Peak:0.00M | Scene, ViewLayer | Synchronizing object | tactile-band.030
Fra:1 Mem:74.17M (Peak 74.17M) | Time:00:00.08 | Mem:0.00M, Peak:0.00M | Scene, ViewLayer | Synchronizing object | deck-grip-strip.015
Fra:1 Mem:74.18M (Peak 74.18M) | Time:00:00.08 | Mem:0.00M, Peak:0.00M | Scene, ViewLayer | Synchronizing object | platform-foundation.031
Fra:1 Mem:74.18M (Peak 74.18M) | Time:00:00.08 | Mem:0.00M, Peak:0.00M | Scene, ViewLayer | Synchronizing object | threshold-deck.005
Fra:1 Mem:74.19M (Peak 74.19M) | Time:00:00.08 | Mem:0.00M, Peak:0.00M | Scene, ViewLayer | Synchronizing object | platform-deck.031
Fra:1 Mem:74.19M (Peak 74.19M) | Time:00:00.08 | Mem:0.00M, Peak:0.00M | Scene, ViewLayer | Synchronizing object | deck-grip-strip.014
Fra:1 Mem:74.19M (Peak 74.19M) | Time:00:00.08 | Mem:0.00M, Peak:0.00M | Scene, ViewLayer | Synchronizing object | platform-edge-cap.031
Fra:1 Mem:74.19M (Peak 74.19M) | Time:00:00.08 | Mem:0.00M, Peak:0.00M | Scene, ViewLayer | Synchronizing object | deck-grip-strip.013
Fra:1 Mem:74.19M (Peak 74.19M) | Time:00:00.08 | Mem:0.00M, Peak:0.00M | Scene, ViewLayer | Synchronizing object | tactile-band.031
Fra:1 Mem:74.19M (Peak 74.19M) | Time:00:00.08 | Mem:0.00M, Peak:0.00M | Scene, ViewLayer | Synchronizing object | deck-grip-strip.012
Fra:1 Mem:74.19M (Peak 74.19M) | Time:00:00.08 | Mem:0.00M, Peak:0.00M | Scene, ViewLayer | Synchronizing object | platform-foundation.032
Fra:1 Mem:74.20M (Peak 74.20M) | Time:00:00.08 | Mem:0.00M, Peak:0.00M | Scene, ViewLayer | Synchronizing object | threshold-deck.004
Fra:1 Mem:74.20M (Peak 74.20M) | Time:00:00.08 | Mem:0.00M, Peak:0.00M | Scene, ViewLayer | Synchronizing object | platform-deck.032
Fra:1 Mem:74.20M (Peak 74.20M) | Time:00:00.08 | Mem:0.00M, Peak:0.00M | Scene, ViewLayer | Synchronizing object | deck-grip-strip.011
Fra:1 Mem:74.20M (Peak 74.20M) | Time:00:00.08 | Mem:0.00M, Peak:0.00M | Scene, ViewLayer | Synchronizing object | platform-edge-cap.032
Fra:1 Mem:74.21M (Peak 74.21M) | Time:00:00.08 | Mem:0.00M, Peak:0.00M | Scene, ViewLayer | Synchronizing object | deck-grip-strip.010
Fra:1 Mem:74.20M (Peak 74.21M) | Time:00:00.08 | Mem:0.00M, Peak:0.00M | Scene, ViewLayer | Synchronizing object | tactile-band.032
Fra:1 Mem:74.21M (Peak 74.21M) | Time:00:00.08 | Mem:0.00M, Peak:0.00M | Scene, ViewLayer | Synchronizing object | deck-grip-strip.009
Fra:1 Mem:74.21M (Peak 74.21M) | Time:00:00.08 | Mem:0.00M, Peak:0.00M | Scene, ViewLayer | Synchronizing object | platform-foundation.033
Fra:1 Mem:74.21M (Peak 74.21M) | Time:00:00.08 | Mem:0.00M, Peak:0.00M | Scene, ViewLayer | Synchronizing object | threshold-deck.003
Fra:1 Mem:74.21M (Peak 74.21M) | Time:00:00.08 | Mem:0.00M, Peak:0.00M | Scene, ViewLayer | Synchronizing object | platform-deck.033
Fra:1 Mem:74.22M (Peak 74.22M) | Time:00:00.08 | Mem:0.00M, Peak:0.00M | Scene, ViewLayer | Synchronizing object | deck-grip-strip.008
Fra:1 Mem:74.22M (Peak 74.22M) | Time:00:00.08 | Mem:0.00M, Peak:0.00M | Scene, ViewLayer | Synchronizing object | platform-edge-cap.033
Fra:1 Mem:74.22M (Peak 74.22M) | Time:00:00.08 | Mem:0.00M, Peak:0.00M | Scene, ViewLayer | Synchronizing object | deck-grip-strip.007
Fra:1 Mem:74.22M (Peak 74.22M) | Time:00:00.08 | Mem:0.00M, Peak:0.00M | Scene, ViewLayer | Synchronizing object | tactile-band.033
Fra:1 Mem:74.23M (Peak 74.23M) | Time:00:00.08 | Mem:0.00M, Peak:0.00M | Scene, ViewLayer | Synchronizing object | deck-grip-strip.006
Fra:1 Mem:74.22M (Peak 74.23M) | Time:00:00.08 | Mem:0.00M, Peak:0.00M | Scene, ViewLayer | Synchronizing object | platform-foundation.034
Fra:1 Mem:74.23M (Peak 74.23M) | Time:00:00.08 | Mem:0.00M, Peak:0.00M | Scene, ViewLayer | Synchronizing object | threshold-deck.002
Fra:1 Mem:74.23M (Peak 74.23M) | Time:00:00.08 | Mem:0.00M, Peak:0.00M | Scene, ViewLayer | Synchronizing object | platform-deck.034
Fra:1 Mem:74.23M (Peak 74.23M) | Time:00:00.08 | Mem:0.00M, Peak:0.00M | Scene, ViewLayer | Synchronizing object | deck-grip-strip.005
Fra:1 Mem:74.24M (Peak 74.24M) | Time:00:00.08 | Mem:0.00M, Peak:0.00M | Scene, ViewLayer | Synchronizing object | platform-edge-cap.034
Fra:1 Mem:74.24M (Peak 74.24M) | Time:00:00.08 | Mem:0.00M, Peak:0.00M | Scene, ViewLayer | Synchronizing object | deck-grip-strip.004
Fra:1 Mem:74.25M (Peak 74.25M) | Time:00:00.08 | Mem:0.00M, Peak:0.00M | Scene, ViewLayer | Synchronizing object | tactile-band.034
Fra:1 Mem:74.24M (Peak 74.25M) | Time:00:00.08 | Mem:0.00M, Peak:0.00M | Scene, ViewLayer | Synchronizing object | deck-grip-strip.003
Fra:1 Mem:74.24M (Peak 74.25M) | Time:00:00.08 | Mem:0.00M, Peak:0.00M | Scene, ViewLayer | Synchronizing object | platform-foundation.035
Fra:1 Mem:74.25M (Peak 74.25M) | Time:00:00.08 | Mem:0.00M, Peak:0.00M | Scene, ViewLayer | Synchronizing object | threshold-deck.001
Fra:1 Mem:74.25M (Peak 74.25M) | Time:00:00.08 | Mem:0.00M, Peak:0.00M | Scene, ViewLayer | Synchronizing object | platform-deck.035
Fra:1 Mem:74.26M (Peak 74.26M) | Time:00:00.08 | Mem:0.00M, Peak:0.00M | Scene, ViewLayer | Synchronizing object | deck-grip-strip.002
Fra:1 Mem:74.26M (Peak 74.26M) | Time:00:00.08 | Mem:0.00M, Peak:0.00M | Scene, ViewLayer | Synchronizing object | platform-edge-cap.035
Fra:1 Mem:74.26M (Peak 74.26M) | Time:00:00.08 | Mem:0.00M, Peak:0.00M | Scene, ViewLayer | Synchronizing object | deck-grip-strip.001
Fra:1 Mem:74.26M (Peak 74.26M) | Time:00:00.08 | Mem:0.00M, Peak:0.00M | Scene, ViewLayer | Synchronizing object | tactile-band.035
Fra:1 Mem:74.27M (Peak 74.27M) | Time:00:00.08 | Mem:0.00M, Peak:0.00M | Scene, ViewLayer | Synchronizing object | deck-grip-strip
Fra:1 Mem:74.27M (Peak 74.27M) | Time:00:00.08 | Mem:0.00M, Peak:0.00M | Scene, ViewLayer | Synchronizing object | platform-foundation.036
Fra:1 Mem:74.27M (Peak 74.27M) | Time:00:00.08 | Mem:0.00M, Peak:0.00M | Scene, ViewLayer | Synchronizing object | threshold-deck
Fra:1 Mem:74.27M (Peak 74.27M) | Time:00:00.08 | Mem:0.00M, Peak:0.00M | Scene, ViewLayer | Synchronizing object | platform-deck.036
Fra:1 Mem:74.28M (Peak 74.28M) | Time:00:00.08 | Mem:0.00M, Peak:0.00M | Scene, ViewLayer | Synchronizing object | seat-right-06.003
Fra:1 Mem:74.29M (Peak 74.29M) | Time:00:00.08 | Mem:0.00M, Peak:0.00M | Scene, ViewLayer | Synchronizing object | platform-edge-cap.036
Fra:1 Mem:74.28M (Peak 74.29M) | Time:00:00.08 | Mem:0.00M, Peak:0.00M | Scene, ViewLayer | Synchronizing object | seat-right-05.003
Fra:1 Mem:74.29M (Peak 74.29M) | Time:00:00.08 | Mem:0.00M, Peak:0.00M | Scene, ViewLayer | Synchronizing object | tactile-band.036
Fra:1 Mem:74.29M (Peak 74.29M) | Time:00:00.08 | Mem:0.00M, Peak:0.00M | Scene, ViewLayer | Synchronizing object | seat-right-04.003
Fra:1 Mem:74.29M (Peak 74.29M) | Time:00:00.08 | Mem:0.00M, Peak:0.00M | Scene, ViewLayer | Synchronizing object | sign-post--0.85
Fra:1 Mem:74.29M (Peak 74.29M) | Time:00:00.08 | Mem:0.00M, Peak:0.00M | Scene, ViewLayer | Synchronizing object | seat-right-03.003
Fra:1 Mem:74.31M (Peak 74.31M) | Time:00:00.08 | Mem:0.00M, Peak:0.00M | Scene, ViewLayer | Synchronizing object | sign-foot--0.85
Fra:1 Mem:74.30M (Peak 74.31M) | Time:00:00.08 | Mem:0.00M, Peak:0.00M | Scene, ViewLayer | Synchronizing object | seat-right-02.003
Fra:1 Mem:74.31M (Peak 74.31M) | Time:00:00.08 | Mem:0.00M, Peak:0.00M | Scene, ViewLayer | Synchronizing object | sign-post-0.85
Fra:1 Mem:74.30M (Peak 74.31M) | Time:00:00.08 | Mem:0.00M, Peak:0.00M | Scene, ViewLayer | Synchronizing object | seat-right-01.003
Fra:1 Mem:74.31M (Peak 74.31M) | Time:00:00.08 | Mem:0.00M, Peak:0.00M | Scene, ViewLayer | Synchronizing object | seat-left-06.003
Fra:1 Mem:74.31M (Peak 74.31M) | Time:00:00.08 | Mem:0.00M, Peak:0.00M | Scene, ViewLayer | Synchronizing object | seat-left-05.003
Fra:1 Mem:74.32M (Peak 74.32M) | Time:00:00.08 | Mem:0.00M, Peak:0.00M | Scene, ViewLayer | Synchronizing object | seat-left-04.003
Fra:1 Mem:74.32M (Peak 74.32M) | Time:00:00.08 | Mem:0.00M, Peak:0.00M | Scene, ViewLayer | Synchronizing object | seat-left-03.003
Fra:1 Mem:74.33M (Peak 74.33M) | Time:00:00.08 | Mem:0.00M, Peak:0.00M | Scene, ViewLayer | Synchronizing object | seat-left-02.003
Fra:1 Mem:74.33M (Peak 74.33M) | Time:00:00.08 | Mem:0.00M, Peak:0.00M | Scene, ViewLayer | Synchronizing object | seat-left-01.003
Fra:1 Mem:74.33M (Peak 74.33M) | Time:00:00.08 | Mem:0.00M, Peak:0.00M | Scene, ViewLayer | Synchronizing object | next-stop-screen-1-4.004
Fra:1 Mem:74.34M (Peak 74.34M) | Time:00:00.08 | Mem:0.00M, Peak:0.00M | Scene, ViewLayer | Synchronizing object | next-stop-screen-1--4.004
Fra:1 Mem:74.34M (Peak 74.34M) | Time:00:00.08 | Mem:0.00M, Peak:0.00M | Scene, ViewLayer | Synchronizing object | next-stop-screen--1-4.004
Fra:1 Mem:74.34M (Peak 74.34M) | Time:00:00.08 | Mem:0.00M, Peak:0.00M | Scene, ViewLayer | Synchronizing object | next-stop-screen--1--4.004
Fra:1 Mem:74.34M (Peak 74.34M) | Time:00:00.08 | Mem:0.00M, Peak:0.00M | Scene, ViewLayer | Synchronizing object | interior-walls.003
Fra:1 Mem:74.38M (Peak 74.38M) | Time:00:00.08 | Mem:0.00M, Peak:0.00M | Scene, ViewLayer | Synchronizing object | handrails.003
Fra:1 Mem:74.44M (Peak 74.44M) | Time:00:00.08 | Mem:0.00M, Peak:0.00M | Scene, ViewLayer | Synchronizing object | sign-foot-0.85
Fra:1 Mem:74.41M (Peak 74.44M) | Time:00:00.08 | Mem:0.00M, Peak:0.00M | Scene, ViewLayer | Synchronizing object | floor.003
Fra:1 Mem:74.41M (Peak 74.44M) | Time:00:00.08 | Mem:0.00M, Peak:0.00M | Scene, ViewLayer | Synchronizing object | guidance-panel
Fra:1 Mem:74.42M (Peak 74.44M) | Time:00:00.08 | Mem:0.00M, Peak:0.00M | Scene, ViewLayer | Synchronizing object | ceiling.003
Fra:1 Mem:74.41M (Peak 74.44M) | Time:00:00.08 | Mem:0.00M, Peak:0.00M | Scene, ViewLayer | Synchronizing object | wheel-rear-rear-right.003
Fra:1 Mem:74.42M (Peak 74.44M) | Time:00:00.08 | Mem:0.00M, Peak:0.00M | Scene, ViewLayer | Synchronizing object | guidance-face
Fra:1 Mem:74.42M (Peak 74.44M) | Time:00:00.08 | Mem:0.00M, Peak:0.00M | Scene, ViewLayer | Synchronizing object | direction-arrow
Fra:1 Mem:74.42M (Peak 74.44M) | Time:00:00.08 | Mem:0.00M, Peak:0.00M | Scene, ViewLayer | Synchronizing object | wheel-rear-rear-left.003
Fra:1 Mem:74.44M (Peak 74.44M) | Time:00:00.08 | Mem:0.00M, Peak:0.00M | Scene, ViewLayer | Synchronizing object | wheel-rear-front-right.003
Fra:1 Mem:74.43M (Peak 74.44M) | Time:00:00.08 | Mem:0.00M, Peak:0.00M | Scene, ViewLayer | Synchronizing object | generic-destination-rule-2.67
Fra:1 Mem:74.44M (Peak 74.44M) | Time:00:00.08 | Mem:0.00M, Peak:0.00M | Scene, ViewLayer | Synchronizing object | wheel-rear-front-left.003
Fra:1 Mem:74.45M (Peak 74.45M) | Time:00:00.08 | Mem:0.00M, Peak:0.00M | Scene, ViewLayer | Synchronizing object | wheel-front-rear-right.003
Fra:1 Mem:74.45M (Peak 74.45M) | Time:00:00.08 | Mem:0.00M, Peak:0.00M | Scene, ViewLayer | Synchronizing object | wheel-front-rear-left.003
Fra:1 Mem:74.46M (Peak 74.46M) | Time:00:00.08 | Mem:0.00M, Peak:0.00M | Scene, ViewLayer | Synchronizing object | wheel-front-front-right.003
Fra:1 Mem:74.46M (Peak 74.46M) | Time:00:00.08 | Mem:0.00M, Peak:0.00M | Scene, ViewLayer | Synchronizing object | wheel-front-front-left.003
Fra:1 Mem:74.47M (Peak 74.47M) | Time:00:00.08 | Mem:0.00M, Peak:0.00M | Scene, ViewLayer | Synchronizing object | lights.001
Fra:1 Mem:74.48M (Peak 74.48M) | Time:00:00.08 | Mem:0.00M, Peak:0.00M | Scene, ViewLayer | Synchronizing object | generic-destination-rule-2.54
Fra:1 Mem:74.47M (Peak 74.48M) | Time:00:00.08 | Mem:0.00M, Peak:0.00M | Scene, ViewLayer | Synchronizing object | glass.003
Fra:1 Mem:74.54M (Peak 74.54M) | Time:00:00.08 | Mem:0.00M, Peak:0.00M | Scene, ViewLayer | Synchronizing object | body-shell
Fra:1 Mem:74.82M (Peak 74.82M) | Time:00:00.08 | Mem:0.00M, Peak:0.00M | Scene, ViewLayer | Synchronizing object | door-right-rear-b.003
Fra:1 Mem:74.84M (Peak 74.84M) | Time:00:00.08 | Mem:0.00M, Peak:0.00M | Scene, ViewLayer | Synchronizing object | door-right-rear-a.003
Fra:1 Mem:74.88M (Peak 74.88M) | Time:00:00.08 | Mem:0.00M, Peak:0.00M | Scene, ViewLayer | Synchronizing object | door-right-front-b.003
Fra:1 Mem:74.95M (Peak 74.95M) | Time:00:00.08 | Mem:0.00M, Peak:0.00M | Scene, ViewLayer | Synchronizing object | door-right-front-a.003
Fra:1 Mem:74.96M (Peak 74.96M) | Time:00:00.08 | Mem:0.00M, Peak:0.00M | Scene, ViewLayer | Synchronizing object | door-right-center-b.003
Fra:1 Mem:74.72M (Peak 74.96M) | Time:00:00.08 | Mem:0.00M, Peak:0.00M | Scene, ViewLayer | Synchronizing object | door-right-center-a.003
Fra:1 Mem:74.75M (Peak 74.96M) | Time:00:00.08 | Mem:0.00M, Peak:0.00M | Scene, ViewLayer | Synchronizing object | door-left-rear-b.003
Fra:1 Mem:74.90M (Peak 74.96M) | Time:00:00.08 | Mem:0.00M, Peak:0.00M | Scene, ViewLayer | Synchronizing object | door-left-rear-a.003
Fra:1 Mem:74.91M (Peak 74.96M) | Time:00:00.08 | Mem:0.00M, Peak:0.00M | Scene, ViewLayer | Synchronizing object | door-left-front-b.003
Fra:1 Mem:74.75M (Peak 74.96M) | Time:00:00.08 | Mem:0.00M, Peak:0.00M | Scene, ViewLayer | Synchronizing object | door-left-front-a.003
Fra:1 Mem:74.78M (Peak 74.96M) | Time:00:00.08 | Mem:0.00M, Peak:0.00M | Scene, ViewLayer | Synchronizing object | bogie-front-frame
Fra:1 Mem:74.77M (Peak 74.96M) | Time:00:00.08 | Mem:0.00M, Peak:0.00M | Scene, ViewLayer | Synchronizing object | door-left-center-b.003
Fra:1 Mem:74.80M (Peak 74.96M) | Time:00:00.08 | Mem:0.00M, Peak:0.00M | Scene, ViewLayer | Synchronizing object | bogie-rear-frame
Fra:1 Mem:74.78M (Peak 74.96M) | Time:00:00.08 | Mem:0.00M, Peak:0.00M | Scene, ViewLayer | Synchronizing object | door-left-center-a.003
Fra:1 Mem:74.78M (Peak 74.96M) | Time:00:00.08 | Mem:0.00M, Peak:0.00M | Scene, ViewLayer | Synchronizing object | door-left-center-a
Fra:1 Mem:74.81M (Peak 74.96M) | Time:00:00.08 | Mem:0.00M, Peak:0.00M | Scene, ViewLayer | Synchronizing object | bogie-rear-frame.003
Fra:1 Mem:74.81M (Peak 74.96M) | Time:00:00.08 | Mem:0.00M, Peak:0.00M | Scene, ViewLayer | Synchronizing object | bogie-front-frame.003
Fra:1 Mem:74.81M (Peak 74.96M) | Time:00:00.08 | Mem:0.00M, Peak:0.00M | Scene, ViewLayer | Synchronizing object | body-shell.003
Fra:1 Mem:74.91M (Peak 74.96M) | Time:00:00.08 | Mem:0.00M, Peak:0.00M | Scene, ViewLayer | Synchronizing object | door-left-center-b
Fra:1 Mem:75.00M (Peak 75.00M) | Time:00:00.08 | Mem:0.00M, Peak:0.00M | Scene, ViewLayer | Synchronizing object | door-left-front-a
Fra:1 Mem:75.15M (Peak 75.15M) | Time:00:00.08 | Mem:0.00M, Peak:0.00M | Scene, ViewLayer | Synchronizing object | door-left-front-b
Fra:1 Mem:75.17M (Peak 75.17M) | Time:00:00.08 | Mem:0.00M, Peak:0.00M | Scene, ViewLayer | Synchronizing object | door-left-rear-a
Fra:1 Mem:75.00M (Peak 75.17M) | Time:00:00.08 | Mem:0.00M, Peak:0.00M | Scene, ViewLayer | Synchronizing object | door-left-rear-b
Fra:1 Mem:75.02M (Peak 75.17M) | Time:00:00.08 | Mem:0.00M, Peak:0.00M | Scene, ViewLayer | Synchronizing object | seat-right-05.002
Fra:1 Mem:75.03M (Peak 75.17M) | Time:00:00.08 | Mem:0.00M, Peak:0.00M | Scene, ViewLayer | Synchronizing object | door-right-center-a
Fra:1 Mem:75.03M (Peak 75.17M) | Time:00:00.08 | Mem:0.00M, Peak:0.00M | Scene, ViewLayer | Synchronizing object | seat-right-04.002
Fra:1 Mem:75.06M (Peak 75.17M) | Time:00:00.08 | Mem:0.00M, Peak:0.00M | Scene, ViewLayer | Synchronizing object | seat-right-03.002
Fra:1 Mem:75.06M (Peak 75.17M) | Time:00:00.08 | Mem:0.00M, Peak:0.00M | Scene, ViewLayer | Synchronizing object | door-right-center-b
Fra:1 Mem:75.05M (Peak 75.17M) | Time:00:00.08 | Mem:0.00M, Peak:0.00M | Scene, ViewLayer | Synchronizing object | seat-right-02.002
Fra:1 Mem:75.08M (Peak 75.17M) | Time:00:00.08 | Mem:0.00M, Peak:0.00M | Scene, ViewLayer | Synchronizing object | seat-right-01.002
Fra:1 Mem:75.07M (Peak 75.17M) | Time:00:00.08 | Mem:0.00M, Peak:0.00M | Scene, ViewLayer | Synchronizing object | door-right-front-a
Fra:1 Mem:75.07M (Peak 75.17M) | Time:00:00.08 | Mem:0.00M, Peak:0.00M | Scene, ViewLayer | Synchronizing object | seat-left-06.002
Fra:1 Mem:75.10M (Peak 75.17M) | Time:00:00.08 | Mem:0.00M, Peak:0.00M | Scene, ViewLayer | Synchronizing object | seat-left-05.002
Fra:1 Mem:75.10M (Peak 75.17M) | Time:00:00.08 | Mem:0.00M, Peak:0.00M | Scene, ViewLayer | Synchronizing object | door-right-front-b
Fra:1 Mem:75.09M (Peak 75.17M) | Time:00:00.08 | Mem:0.00M, Peak:0.00M | Scene, ViewLayer | Synchronizing object | seat-left-04.002
Fra:1 Mem:75.12M (Peak 75.17M) | Time:00:00.08 | Mem:0.00M, Peak:0.00M | Scene, ViewLayer | Synchronizing object | seat-left-03.002
Fra:1 Mem:75.12M (Peak 75.17M) | Time:00:00.08 | Mem:0.00M, Peak:0.00M | Scene, ViewLayer | Synchronizing object | door-right-rear-a
Fra:1 Mem:75.13M (Peak 75.17M) | Time:00:00.08 | Mem:0.00M, Peak:0.00M | Scene, ViewLayer | Synchronizing object | seat-left-02.002
Fra:1 Mem:75.14M (Peak 75.17M) | Time:00:00.08 | Mem:0.00M, Peak:0.00M | Scene, ViewLayer | Synchronizing object | seat-left-01.002
Fra:1 Mem:75.14M (Peak 75.17M) | Time:00:00.08 | Mem:0.00M, Peak:0.00M | Scene, ViewLayer | Synchronizing object | door-right-rear-b
Fra:1 Mem:75.15M (Peak 75.17M) | Time:00:00.08 | Mem:0.00M, Peak:0.00M | Scene, ViewLayer | Synchronizing object | next-stop-screen-1-4.002
Fra:1 Mem:75.16M (Peak 75.17M) | Time:00:00.08 | Mem:0.00M, Peak:0.00M | Scene, ViewLayer | Synchronizing object | next-stop-screen-1--4.002
Fra:1 Mem:75.15M (Peak 75.17M) | Time:00:00.08 | Mem:0.00M, Peak:0.00M | Scene, ViewLayer | Synchronizing object | glass
Fra:1 Mem:75.15M (Peak 75.17M) | Time:00:00.08 | Mem:0.00M, Peak:0.00M | Scene, ViewLayer | Synchronizing object | next-stop-screen--1-4.002
Fra:1 Mem:75.21M (Peak 75.21M) | Time:00:00.08 | Mem:0.00M, Peak:0.00M | Scene, ViewLayer | Synchronizing object | next-stop-screen--1--4.002
Fra:1 Mem:75.23M (Peak 75.23M) | Time:00:00.08 | Mem:0.00M, Peak:0.00M | Scene, ViewLayer | Synchronizing object | interior-walls.002
Fra:1 Mem:75.28M (Peak 75.28M) | Time:00:00.08 | Mem:0.00M, Peak:0.00M | Scene, ViewLayer | Synchronizing object | lights
Fra:1 Mem:75.26M (Peak 75.28M) | Time:00:00.08 | Mem:0.00M, Peak:0.00M | Scene, ViewLayer | Synchronizing object | wheel-front-front-left
Fra:1 Mem:75.23M (Peak 75.28M) | Time:00:00.08 | Mem:0.00M, Peak:0.00M | Scene, ViewLayer | Synchronizing object | handrails.002
Fra:1 Mem:75.22M (Peak 75.28M) | Time:00:00.08 | Mem:0.00M, Peak:0.00M | Scene, ViewLayer | Synchronizing object | wheel-front-front-right
Fra:1 Mem:75.26M (Peak 75.28M) | Time:00:00.08 | Mem:0.00M, Peak:0.00M | Scene, ViewLayer | Synchronizing object | wheel-front-rear-left
Fra:1 Mem:75.30M (Peak 75.30M) | Time:00:00.08 | Mem:0.00M, Peak:0.00M | Scene, ViewLayer | Synchronizing object | wheel-front-rear-right
Fra:1 Mem:75.27M (Peak 75.30M) | Time:00:00.08 | Mem:0.00M, Peak:0.00M | Scene, ViewLayer | Synchronizing object | floor.002
Fra:1 Mem:75.27M (Peak 75.30M) | Time:00:00.08 | Mem:0.00M, Peak:0.00M | Scene, ViewLayer | Synchronizing object | wheel-rear-front-left
Fra:1 Mem:75.28M (Peak 75.30M) | Time:00:00.08 | Mem:0.00M, Peak:0.00M | Scene, ViewLayer | Synchronizing object | ceiling.002
Fra:1 Mem:75.28M (Peak 75.30M) | Time:00:00.08 | Mem:0.00M, Peak:0.00M | Scene, ViewLayer | Synchronizing object | wheel-rear-front-right
Fra:1 Mem:75.27M (Peak 75.30M) | Time:00:00.08 | Mem:0.00M, Peak:0.00M | Scene, ViewLayer | Synchronizing object | wheel-rear-rear-right.002
Fra:1 Mem:75.29M (Peak 75.30M) | Time:00:00.08 | Mem:0.00M, Peak:0.00M | Scene, ViewLayer | Synchronizing object | wheel-rear-rear-left
Fra:1 Mem:75.29M (Peak 75.30M) | Time:00:00.08 | Mem:0.00M, Peak:0.00M | Scene, ViewLayer | Synchronizing object | wheel-rear-rear-left.002
Fra:1 Mem:75.30M (Peak 75.30M) | Time:00:00.08 | Mem:0.00M, Peak:0.00M | Scene, ViewLayer | Synchronizing object | wheel-rear-rear-right
Fra:1 Mem:75.30M (Peak 75.30M) | Time:00:00.08 | Mem:0.00M, Peak:0.00M | Scene, ViewLayer | Synchronizing object | wheel-rear-front-right.002
Fra:1 Mem:75.31M (Peak 75.31M) | Time:00:00.08 | Mem:0.00M, Peak:0.00M | Scene, ViewLayer | Synchronizing object | ceiling
Fra:1 Mem:75.30M (Peak 75.31M) | Time:00:00.08 | Mem:0.00M, Peak:0.00M | Scene, ViewLayer | Synchronizing object | wheel-rear-front-left.002
Fra:1 Mem:75.32M (Peak 75.32M) | Time:00:00.08 | Mem:0.00M, Peak:0.00M | Scene, ViewLayer | Synchronizing object | floor
Fra:1 Mem:75.31M (Peak 75.32M) | Time:00:00.08 | Mem:0.00M, Peak:0.00M | Scene, ViewLayer | Synchronizing object | wheel-front-rear-right.002
Fra:1 Mem:75.33M (Peak 75.33M) | Time:00:00.08 | Mem:0.00M, Peak:0.00M | Scene, ViewLayer | Synchronizing object | handrails
Fra:1 Mem:75.33M (Peak 75.33M) | Time:00:00.08 | Mem:0.00M, Peak:0.00M | Scene, ViewLayer | Synchronizing object | wheel-front-rear-left.002
Fra:1 Mem:75.38M (Peak 75.38M) | Time:00:00.08 | Mem:0.00M, Peak:0.00M | Scene, ViewLayer | Synchronizing object | wheel-front-front-right.002
Fra:1 Mem:75.41M (Peak 75.41M) | Time:00:00.08 | Mem:0.00M, Peak:0.00M | Scene, ViewLayer | Synchronizing object | wheel-front-front-left.002
Fra:1 Mem:75.40M (Peak 75.41M) | Time:00:00.08 | Mem:0.00M, Peak:0.00M | Scene, ViewLayer | Synchronizing object | glass.002
Fra:1 Mem:75.44M (Peak 75.44M) | Time:00:00.08 | Mem:0.00M, Peak:0.00M | Scene, ViewLayer | Synchronizing object | interior-walls
Fra:1 Mem:75.47M (Peak 75.47M) | Time:00:00.08 | Mem:0.00M, Peak:0.00M | Scene, ViewLayer | Synchronizing object | door-right-rear-b.002
Fra:1 Mem:75.48M (Peak 75.48M) | Time:00:00.08 | Mem:0.00M, Peak:0.00M | Scene, ViewLayer | Synchronizing object | door-right-rear-a.002
Fra:1 Mem:75.45M (Peak 75.48M) | Time:00:00.08 | Mem:0.00M, Peak:0.00M | Scene, ViewLayer | Synchronizing object | next-stop-screen--1--4.3
Fra:1 Mem:75.45M (Peak 75.48M) | Time:00:00.08 | Mem:0.00M, Peak:0.00M | Scene, ViewLayer | Synchronizing object | door-right-front-b.002
Fra:1 Mem:75.45M (Peak 75.48M) | Time:00:00.08 | Mem:0.00M, Peak:0.00M | Scene, ViewLayer | Synchronizing object | next-stop-screen--1-4.3
Fra:1 Mem:75.47M (Peak 75.48M) | Time:00:00.08 | Mem:0.00M, Peak:0.00M | Scene, ViewLayer | Synchronizing object | next-stop-screen-1--4.3
Fra:1 Mem:75.47M (Peak 75.48M) | Time:00:00.08 | Mem:0.00M, Peak:0.00M | Scene, ViewLayer | Synchronizing object | door-right-front-a.002
Fra:1 Mem:75.47M (Peak 75.48M) | Time:00:00.08 | Mem:0.00M, Peak:0.00M | Scene, ViewLayer | Synchronizing object | next-stop-screen-1-4.3
Fra:1 Mem:75.48M (Peak 75.48M) | Time:00:00.08 | Mem:0.00M, Peak:0.00M | Scene, ViewLayer | Synchronizing object | seat-left-01
Fra:1 Mem:75.48M (Peak 75.48M) | Time:00:00.08 | Mem:0.00M, Peak:0.00M | Scene, ViewLayer | Synchronizing object | door-right-center-b.002
Fra:1 Mem:75.51M (Peak 75.51M) | Time:00:00.08 | Mem:0.00M, Peak:0.00M | Scene, ViewLayer | Synchronizing object | seat-left-02
Fra:1 Mem:75.51M (Peak 75.51M) | Time:00:00.08 | Mem:0.00M, Peak:0.00M | Scene, ViewLayer | Synchronizing object | seat-left-03
Fra:1 Mem:75.50M (Peak 75.51M) | Time:00:00.08 | Mem:0.00M, Peak:0.00M | Scene, ViewLayer | Synchronizing object | door-right-center-a.002
Fra:1 Mem:75.53M (Peak 75.53M) | Time:00:00.08 | Mem:0.00M, Peak:0.00M | Scene, ViewLayer | Synchronizing object | seat-left-04
Fra:1 Mem:75.52M (Peak 75.53M) | Time:00:00.08 | Mem:0.00M, Peak:0.00M | Scene, ViewLayer | Synchronizing object | door-left-rear-b.002
Fra:1 Mem:75.52M (Peak 75.53M) | Time:00:00.08 | Mem:0.00M, Peak:0.00M | Scene, ViewLayer | Synchronizing object | seat-left-05
Fra:1 Mem:75.54M (Peak 75.54M) | Time:00:00.08 | Mem:0.00M, Peak:0.00M | Scene, ViewLayer | Synchronizing object | seat-left-06
Fra:1 Mem:75.55M (Peak 75.55M) | Time:00:00.08 | Mem:0.00M, Peak:0.00M | Scene, ViewLayer | Synchronizing object | door-left-rear-a.002
Fra:1 Mem:75.54M (Peak 75.55M) | Time:00:00.08 | Mem:0.00M, Peak:0.00M | Scene, ViewLayer | Synchronizing object | seat-right-01
Fra:1 Mem:75.57M (Peak 75.57M) | Time:00:00.08 | Mem:0.00M, Peak:0.00M | Scene, ViewLayer | Synchronizing object | seat-right-02
Fra:1 Mem:75.57M (Peak 75.57M) | Time:00:00.08 | Mem:0.00M, Peak:0.00M | Scene, ViewLayer | Synchronizing object | door-left-front-b.002
Fra:1 Mem:75.59M (Peak 75.59M) | Time:00:00.08 | Mem:0.00M, Peak:0.00M | Scene, ViewLayer | Synchronizing object | seat-right-03
Fra:1 Mem:75.58M (Peak 75.59M) | Time:00:00.08 | Mem:0.00M, Peak:0.00M | Scene, ViewLayer | Synchronizing object | door-left-front-a.002
Fra:1 Mem:75.57M (Peak 75.59M) | Time:00:00.08 | Mem:0.00M, Peak:0.00M | Scene, ViewLayer | Synchronizing object | seat-right-04
Fra:1 Mem:75.59M (Peak 75.59M) | Time:00:00.08 | Mem:0.00M, Peak:0.00M | Scene, ViewLayer | Synchronizing object | seat-right-05
Fra:1 Mem:75.60M (Peak 75.60M) | Time:00:00.08 | Mem:0.00M, Peak:0.00M | Scene, ViewLayer | Synchronizing object | door-left-center-b.002
Fra:1 Mem:75.60M (Peak 75.60M) | Time:00:00.08 | Mem:0.00M, Peak:0.00M | Scene, ViewLayer | Synchronizing object | seat-right-06
Fra:1 Mem:75.62M (Peak 75.62M) | Time:00:00.08 | Mem:0.00M, Peak:0.00M | Scene, ViewLayer | Synchronizing object | door-left-center-a.002
Fra:1 Mem:75.62M (Peak 75.62M) | Time:00:00.08 | Mem:0.00M, Peak:0.00M | Scene, ViewLayer | Synchronizing object | body-shell.001
Fra:1 Mem:75.63M (Peak 75.63M) | Time:00:00.08 | Mem:0.00M, Peak:0.00M | Scene, ViewLayer | Synchronizing object | bogie-rear-frame.002
Fra:1 Mem:75.64M (Peak 75.64M) | Time:00:00.08 | Mem:0.00M, Peak:0.00M | Scene, ViewLayer | Synchronizing object | bogie-front-frame.002
Fra:1 Mem:75.68M (Peak 75.68M) | Time:00:00.08 | Mem:0.00M, Peak:0.00M | Scene, ViewLayer | Synchronizing object | body-shell.002
Fra:1 Mem:76.12M (Peak 76.12M) | Time:00:00.08 | Mem:0.00M, Peak:0.00M | Scene, ViewLayer | Synchronizing object | seat-right-06.001
Fra:1 Mem:76.12M (Peak 76.12M) | Time:00:00.08 | Mem:0.00M, Peak:0.00M | Scene, ViewLayer | Synchronizing object | seat-right-05.001
Fra:1 Mem:76.13M (Peak 76.13M) | Time:00:00.08 | Mem:0.00M, Peak:0.00M | Scene, ViewLayer | Synchronizing object | seat-right-04.001
Fra:1 Mem:76.11M (Peak 76.13M) | Time:00:00.08 | Mem:0.00M, Peak:0.00M | Scene, ViewLayer | Synchronizing object | seat-right-03.001
Fra:1 Mem:76.00M (Peak 76.13M) | Time:00:00.08 | Mem:0.00M, Peak:0.00M | Scene, ViewLayer | Synchronizing object | seat-right-02.001
Fra:1 Mem:75.97M (Peak 76.13M) | Time:00:00.08 | Mem:0.00M, Peak:0.00M | Scene, ViewLayer | Synchronizing object | bogie-front-frame.001
Fra:1 Mem:75.96M (Peak 76.13M) | Time:00:00.08 | Mem:0.00M, Peak:0.00M | Scene, ViewLayer | Synchronizing object | seat-right-01.001
Fra:1 Mem:75.97M (Peak 76.13M) | Time:00:00.08 | Mem:0.00M, Peak:0.00M | Scene, ViewLayer | Synchronizing object | bogie-rear-frame.001
Fra:1 Mem:75.97M (Peak 76.13M) | Time:00:00.08 | Mem:0.00M, Peak:0.00M | Scene, ViewLayer | Synchronizing object | seat-left-06.001
Fra:1 Mem:75.99M (Peak 76.13M) | Time:00:00.08 | Mem:0.00M, Peak:0.00M | Scene, ViewLayer | Synchronizing object | door-left-center-a.001
Fra:1 Mem:75.98M (Peak 76.13M) | Time:00:00.08 | Mem:0.00M, Peak:0.00M | Scene, ViewLayer | Synchronizing object | seat-left-05.001
Fra:1 Mem:76.01M (Peak 76.13M) | Time:00:00.08 | Mem:0.00M, Peak:0.00M | Scene, ViewLayer | Synchronizing object | seat-left-04.001
Fra:1 Mem:76.00M (Peak 76.13M) | Time:00:00.08 | Mem:0.00M, Peak:0.00M | Scene, ViewLayer | Synchronizing object | door-left-center-b.001
Fra:1 Mem:76.02M (Peak 76.13M) | Time:00:00.08 | Mem:0.00M, Peak:0.00M | Scene, ViewLayer | Synchronizing object | seat-left-03.001
Fra:1 Mem:76.02M (Peak 76.13M) | Time:00:00.08 | Mem:0.00M, Peak:0.00M | Scene, ViewLayer | Synchronizing object | seat-left-02.001
Fra:1 Mem:76.02M (Peak 76.13M) | Time:00:00.08 | Mem:0.00M, Peak:0.00M | Scene, ViewLayer | Synchronizing object | door-left-front-a.001
Fra:1 Mem:76.05M (Peak 76.13M) | Time:00:00.08 | Mem:0.00M, Peak:0.00M | Scene, ViewLayer | Synchronizing object | seat-left-01.001
Fra:1 Mem:76.04M (Peak 76.13M) | Time:00:00.08 | Mem:0.00M, Peak:0.00M | Scene, ViewLayer | Synchronizing object | door-left-front-b.001
Fra:1 Mem:76.03M (Peak 76.13M) | Time:00:00.08 | Mem:0.00M, Peak:0.00M | Scene, ViewLayer | Synchronizing object | next-stop-screen-1-4.001
Fra:1 Mem:76.05M (Peak 76.13M) | Time:00:00.08 | Mem:0.00M, Peak:0.00M | Scene, ViewLayer | Synchronizing object | next-stop-screen-1--4.001
Fra:1 Mem:76.05M (Peak 76.13M) | Time:00:00.08 | Mem:0.00M, Peak:0.00M | Scene, ViewLayer | Synchronizing object | door-left-rear-a.001
Fra:1 Mem:76.05M (Peak 76.13M) | Time:00:00.08 | Mem:0.00M, Peak:0.00M | Scene, ViewLayer | Synchronizing object | next-stop-screen--1-4.001
Fra:1 Mem:76.07M (Peak 76.13M) | Time:00:00.09 | Mem:0.00M, Peak:0.00M | Scene, ViewLayer | Synchronizing object | next-stop-screen--1--4.001
Fra:1 Mem:76.07M (Peak 76.13M) | Time:00:00.09 | Mem:0.00M, Peak:0.00M | Scene, ViewLayer | Synchronizing object | door-left-rear-b.001
Fra:1 Mem:76.07M (Peak 76.13M) | Time:00:00.09 | Mem:0.00M, Peak:0.00M | Scene, ViewLayer | Synchronizing object | interior-walls.001
Fra:1 Mem:76.11M (Peak 76.13M) | Time:00:00.09 | Mem:0.00M, Peak:0.00M | Scene, ViewLayer | Synchronizing object | door-right-center-a.001
Fra:1 Mem:76.16M (Peak 76.16M) | Time:00:00.09 | Mem:0.00M, Peak:0.00M | Scene, ViewLayer | Synchronizing object | door-right-center-b.001
Fra:1 Mem:76.13M (Peak 76.16M) | Time:00:00.09 | Mem:0.00M, Peak:0.00M | Scene, ViewLayer | Synchronizing object | handrails.001
Fra:1 Mem:76.17M (Peak 76.17M) | Time:00:00.09 | Mem:0.00M, Peak:0.00M | Scene, ViewLayer | Synchronizing object | door-right-front-a.001
Fra:1 Mem:76.18M (Peak 76.18M) | Time:00:00.09 | Mem:0.00M, Peak:0.00M | Scene, ViewLayer | Synchronizing object | door-right-front-b.001
Fra:1 Mem:76.18M (Peak 76.18M) | Time:00:00.09 | Mem:0.00M, Peak:0.00M | Scene, ViewLayer | Synchronizing object | floor.001
Fra:1 Mem:76.19M (Peak 76.19M) | Time:00:00.09 | Mem:0.00M, Peak:0.00M | Scene, ViewLayer | Synchronizing object | ceiling.001
Fra:1 Mem:76.19M (Peak 76.19M) | Time:00:00.09 | Mem:0.00M, Peak:0.00M | Scene, ViewLayer | Synchronizing object | wheel-rear-rear-right.001
Fra:1 Mem:76.19M (Peak 76.19M) | Time:00:00.09 | Mem:0.00M, Peak:0.00M | Scene, ViewLayer | Synchronizing object | door-right-rear-a.001
Fra:1 Mem:76.21M (Peak 76.21M) | Time:00:00.09 | Mem:0.00M, Peak:0.00M | Scene, ViewLayer | Synchronizing object | wheel-rear-rear-left.001
Fra:1 Mem:76.22M (Peak 76.22M) | Time:00:00.09 | Mem:0.00M, Peak:0.00M | Scene, ViewLayer | Synchronizing object | door-right-rear-b.001
Fra:1 Mem:76.21M (Peak 76.22M) | Time:00:00.09 | Mem:0.00M, Peak:0.00M | Scene, ViewLayer | Synchronizing object | wheel-rear-front-right.001
Fra:1 Mem:76.23M (Peak 76.23M) | Time:00:00.09 | Mem:0.00M, Peak:0.00M | Scene, ViewLayer | Synchronizing object | wheel-rear-front-left.001
Fra:1 Mem:76.24M (Peak 76.24M) | Time:00:00.09 | Mem:0.00M, Peak:0.00M | Scene, ViewLayer | Synchronizing object | glass.001
Fra:1 Mem:76.23M (Peak 76.24M) | Time:00:00.09 | Mem:0.00M, Peak:0.00M | Scene, ViewLayer | Synchronizing object | wheel-front-rear-right.001
Fra:1 Mem:76.30M (Peak 76.30M) | Time:00:00.09 | Mem:0.00M, Peak:0.00M | Scene, ViewLayer | Synchronizing object | wheel-front-rear-left.001
Fra:1 Mem:76.27M (Peak 76.30M) | Time:00:00.09 | Mem:0.00M, Peak:0.00M | Scene, ViewLayer | Synchronizing object | wheel-front-front-right.001
Fra:1 Mem:76.31M (Peak 76.31M) | Time:00:00.09 | Mem:0.00M, Peak:0.00M | Scene, ViewLayer | Synchronizing object | wheel-front-front-left.001
Fra:1 Mem:76.28M (Peak 76.31M) | Time:00:00.09 | Mem:0.00M, Peak:0.00M | Scene, ViewLayer | Initializing
Fra:1 Mem:51.35M (Peak 76.31M) | Time:00:00.10 | Mem:0.00M, Peak:0.00M | Scene, ViewLayer | Waiting for render to start
Fra:1 Mem:51.35M (Peak 76.31M) | Time:00:00.10 | Mem:0.00M, Peak:0.00M | Scene, ViewLayer | Loading render kernels (may take a few minutes the first time)
Fra:1 Mem:51.35M (Peak 76.31M) | Time:00:00.10 | Mem:0.00M, Peak:0.00M | Scene, ViewLayer | Updating Scene
Fra:1 Mem:51.35M (Peak 76.31M) | Time:00:00.10 | Mem:0.00M, Peak:0.00M | Scene, ViewLayer | Updating Shaders
Fra:1 Mem:51.54M (Peak 76.31M) | Time:00:00.10 | Mem:0.11M, Peak:0.11M | Scene, ViewLayer | Updating Procedurals
Fra:1 Mem:51.54M (Peak 76.31M) | Time:00:00.10 | Mem:0.11M, Peak:0.11M | Scene, ViewLayer | Updating Background
Fra:1 Mem:51.54M (Peak 76.31M) | Time:00:00.10 | Mem:0.11M, Peak:0.11M | Scene, ViewLayer | Updating Camera
Fra:1 Mem:51.54M (Peak 76.31M) | Time:00:00.10 | Mem:0.11M, Peak:0.11M | Scene, ViewLayer | Updating Meshes Flags
Fra:1 Mem:51.54M (Peak 76.31M) | Time:00:00.10 | Mem:0.11M, Peak:0.11M | Scene, ViewLayer | Updating Objects
Fra:1 Mem:51.54M (Peak 76.31M) | Time:00:00.10 | Mem:0.11M, Peak:0.11M | Scene, ViewLayer | Updating Objects | Copying Transformations to device
Fra:1 Mem:51.64M (Peak 76.31M) | Time:00:00.10 | Mem:0.20M, Peak:0.20M | Scene, ViewLayer | Updating Objects | Applying Static Transformations
Fra:1 Mem:51.64M (Peak 76.31M) | Time:00:00.10 | Mem:0.20M, Peak:0.20M | Scene, ViewLayer | Updating Particle Systems
Fra:1 Mem:51.64M (Peak 76.31M) | Time:00:00.10 | Mem:0.20M, Peak:0.20M | Scene, ViewLayer | Updating Particle Systems | Copying Particles to device
Fra:1 Mem:51.64M (Peak 76.31M) | Time:00:00.10 | Mem:0.20M, Peak:0.20M | Scene, ViewLayer | Updating Meshes
Fra:1 Mem:51.86M (Peak 76.31M) | Time:00:00.10 | Mem:0.20M, Peak:0.20M | Scene, ViewLayer | Updating Mesh | Computing attributes
Fra:1 Mem:52.51M (Peak 76.31M) | Time:00:00.10 | Mem:0.23M, Peak:0.23M | Scene, ViewLayer | Updating Mesh | Copying Attributes to device
Fra:1 Mem:52.44M (Peak 76.31M) | Time:00:00.10 | Mem:0.78M, Peak:0.78M | Scene, ViewLayer | Updating Scene BVH | Building
Fra:1 Mem:52.45M (Peak 76.31M) | Time:00:00.10 | Mem:0.78M, Peak:0.78M | Scene, ViewLayer | Updating Scene BVH | Building BVH
Fra:1 Mem:52.45M (Peak 76.31M) | Time:00:00.10 | Mem:1.22M, Peak:1.22M | Scene, ViewLayer | Updating Scene BVH | Building BVH 0%
Fra:1 Mem:52.45M (Peak 76.31M) | Time:00:00.10 | Mem:1.76M, Peak:2.21M | Scene, ViewLayer | Updating Scene BVH | Copying BVH to device
Fra:1 Mem:52.45M (Peak 76.31M) | Time:00:00.10 | Mem:1.76M, Peak:2.21M | Scene, ViewLayer | Updating Mesh | Computing normals
Fra:1 Mem:54.01M (Peak 76.31M) | Time:00:00.11 | Mem:1.76M, Peak:2.21M | Scene, ViewLayer | Updating Mesh | Copying Mesh to device
Fra:1 Mem:54.01M (Peak 76.31M) | Time:00:00.11 | Mem:3.32M, Peak:3.32M | Scene, ViewLayer | Updating Objects Flags
Fra:1 Mem:54.01M (Peak 76.31M) | Time:00:00.11 | Mem:3.32M, Peak:3.32M | Scene, ViewLayer | Updating Primitive Offsets
Fra:1 Mem:54.01M (Peak 76.31M) | Time:00:00.11 | Mem:3.33M, Peak:3.33M | Scene, ViewLayer | Updating Images
Fra:1 Mem:54.01M (Peak 76.31M) | Time:00:00.11 | Mem:3.33M, Peak:3.33M | Scene, ViewLayer | Updating Camera Volume
Fra:1 Mem:54.01M (Peak 76.31M) | Time:00:00.11 | Mem:3.33M, Peak:3.33M | Scene, ViewLayer | Updating Lookup Tables
Fra:1 Mem:54.01M (Peak 76.31M) | Time:00:00.11 | Mem:3.41M, Peak:3.41M | Scene, ViewLayer | Updating Lights
Fra:1 Mem:54.01M (Peak 76.31M) | Time:00:00.11 | Mem:3.41M, Peak:3.41M | Scene, ViewLayer | Updating Lights | Computing tree
Fra:1 Mem:54.02M (Peak 76.31M) | Time:00:00.11 | Mem:3.42M, Peak:3.42M | Scene, ViewLayer | Updating Integrator
Fra:1 Mem:54.02M (Peak 76.31M) | Time:00:00.11 | Mem:3.42M, Peak:3.42M | Scene, ViewLayer | Updating Film
Fra:1 Mem:54.02M (Peak 76.31M) | Time:00:00.11 | Mem:3.34M, Peak:3.42M | Scene, ViewLayer | Updating Lookup Tables
Fra:1 Mem:54.02M (Peak 76.31M) | Time:00:00.11 | Mem:3.42M, Peak:3.42M | Scene, ViewLayer | Updating Baking
Fra:1 Mem:54.02M (Peak 76.31M) | Time:00:00.11 | Mem:3.42M, Peak:3.42M | Scene, ViewLayer | Updating Device | Writing constant memory
Fra:1 Mem:54.03M (Peak 76.31M) | Time:00:00.11 | Mem:3.42M, Peak:3.42M | Scene, ViewLayer | Sample 0/32
Fra:1 Mem:72.92M (Peak 76.31M) | Time:00:00.64 | Remaining:00:16.52 | Mem:22.30M, Peak:22.30M | Scene, ViewLayer | Sample 1/32
Fra:1 Mem:81.32M (Peak 98.10M) | Time:00:16.45 | Mem:22.30M, Peak:22.30M | Scene, ViewLayer | Sample 32/32
Fra:1 Mem:81.32M (Peak 98.10M) | Time:00:16.45 | Mem:22.30M, Peak:22.30M | Scene, ViewLayer | Finished
Saved: '/workspace/scratch/7c20b5ba4165/atlas-backlog-oct3/tools/assets/transit-station-spaces/qa/previews/four-car-platform-74m.png'
Time: 00:16.53 (Saving: 00:00.07)

Fra:1 Mem:74.11M (Peak 74.11M) | Time:00:00.06 | Mem:0.00M, Peak:0.00M | Scene, ViewLayer | Synchronizing object | platform-foundation
Fra:1 Mem:74.12M (Peak 74.12M) | Time:00:00.06 | Mem:0.00M, Peak:0.00M | Scene, ViewLayer | Synchronizing object | platform-deck
Fra:1 Mem:74.12M (Peak 74.12M) | Time:00:00.06 | Mem:0.00M, Peak:0.00M | Scene, ViewLayer | Synchronizing object | platform-edge-cap
Fra:1 Mem:74.13M (Peak 74.13M) | Time:00:00.06 | Mem:0.00M, Peak:0.00M | Scene, ViewLayer | Synchronizing object | tactile-band
Fra:1 Mem:74.13M (Peak 74.13M) | Time:00:00.06 | Mem:0.00M, Peak:0.00M | Scene, ViewLayer | Synchronizing object | platform-foundation.001
Fra:1 Mem:74.13M (Peak 74.13M) | Time:00:00.06 | Mem:0.00M, Peak:0.00M | Scene, ViewLayer | Synchronizing object | platform-deck.001
Fra:1 Mem:74.13M (Peak 74.13M) | Time:00:00.06 | Mem:0.00M, Peak:0.00M | Scene, ViewLayer | Synchronizing object | platform-edge-cap.001
Fra:1 Mem:74.14M (Peak 74.14M) | Time:00:00.06 | Mem:0.00M, Peak:0.00M | Scene, ViewLayer | Synchronizing object | tactile-band.001
Fra:1 Mem:74.14M (Peak 74.14M) | Time:00:00.06 | Mem:0.00M, Peak:0.00M | Scene, ViewLayer | Synchronizing object | platform-foundation.002
Fra:1 Mem:74.14M (Peak 74.14M) | Time:00:00.06 | Mem:0.00M, Peak:0.00M | Scene, ViewLayer | Synchronizing object | platform-deck.002
Fra:1 Mem:74.14M (Peak 74.14M) | Time:00:00.06 | Mem:0.00M, Peak:0.00M | Scene, ViewLayer | Synchronizing object | platform-edge-cap.002
Fra:1 Mem:74.15M (Peak 74.15M) | Time:00:00.06 | Mem:0.00M, Peak:0.00M | Scene, ViewLayer | Synchronizing object | tactile-band.002
Fra:1 Mem:74.15M (Peak 74.15M) | Time:00:00.06 | Mem:0.00M, Peak:0.00M | Scene, ViewLayer | Synchronizing object | platform-foundation.003
Fra:1 Mem:74.15M (Peak 74.15M) | Time:00:00.06 | Mem:0.00M, Peak:0.00M | Scene, ViewLayer | Synchronizing object | platform-deck.003
Fra:1 Mem:74.15M (Peak 74.15M) | Time:00:00.06 | Mem:0.00M, Peak:0.00M | Scene, ViewLayer | Synchronizing object | platform-edge-cap.003
Fra:1 Mem:74.16M (Peak 74.16M) | Time:00:00.06 | Mem:0.00M, Peak:0.00M | Scene, ViewLayer | Synchronizing object | tactile-band.003
Fra:1 Mem:74.16M (Peak 74.16M) | Time:00:00.06 | Mem:0.00M, Peak:0.00M | Scene, ViewLayer | Synchronizing object | platform-foundation.004
Fra:1 Mem:74.16M (Peak 74.16M) | Time:00:00.06 | Mem:0.00M, Peak:0.00M | Scene, ViewLayer | Synchronizing object | platform-deck.004
Fra:1 Mem:74.16M (Peak 74.16M) | Time:00:00.06 | Mem:0.00M, Peak:0.00M | Scene, ViewLayer | Synchronizing object | platform-edge-cap.004
Fra:1 Mem:74.16M (Peak 74.16M) | Time:00:00.06 | Mem:0.00M, Peak:0.00M | Scene, ViewLayer | Synchronizing object | tactile-band.004
Fra:1 Mem:74.17M (Peak 74.17M) | Time:00:00.06 | Mem:0.00M, Peak:0.00M | Scene, ViewLayer | Synchronizing object | platform-foundation.005
Fra:1 Mem:74.17M (Peak 74.17M) | Time:00:00.06 | Mem:0.00M, Peak:0.00M | Scene, ViewLayer | Synchronizing object | platform-deck.005
Fra:1 Mem:74.17M (Peak 74.17M) | Time:00:00.06 | Mem:0.00M, Peak:0.00M | Scene, ViewLayer | Synchronizing object | platform-edge-cap.005
Fra:1 Mem:74.18M (Peak 74.18M) | Time:00:00.06 | Mem:0.00M, Peak:0.00M | Scene, ViewLayer | Synchronizing object | tactile-band.005
Fra:1 Mem:74.18M (Peak 74.18M) | Time:00:00.06 | Mem:0.00M, Peak:0.00M | Scene, ViewLayer | Synchronizing object | platform-foundation.006
Fra:1 Mem:74.18M (Peak 74.18M) | Time:00:00.06 | Mem:0.00M, Peak:0.00M | Scene, ViewLayer | Synchronizing object | platform-deck.006
Fra:1 Mem:74.18M (Peak 74.18M) | Time:00:00.06 | Mem:0.00M, Peak:0.00M | Scene, ViewLayer | Synchronizing object | platform-edge-cap.006
Fra:1 Mem:74.19M (Peak 74.19M) | Time:00:00.06 | Mem:0.00M, Peak:0.00M | Scene, ViewLayer | Synchronizing object | tactile-band.006
Fra:1 Mem:74.19M (Peak 74.19M) | Time:00:00.06 | Mem:0.00M, Peak:0.00M | Scene, ViewLayer | Synchronizing object | platform-foundation.007
Fra:1 Mem:74.19M (Peak 74.19M) | Time:00:00.06 | Mem:0.00M, Peak:0.00M | Scene, ViewLayer | Synchronizing object | platform-deck.007
Fra:1 Mem:74.19M (Peak 74.19M) | Time:00:00.06 | Mem:0.00M, Peak:0.00M | Scene, ViewLayer | Synchronizing object | platform-edge-cap.007
Fra:1 Mem:74.20M (Peak 74.20M) | Time:00:00.06 | Mem:0.00M, Peak:0.00M | Scene, ViewLayer | Synchronizing object | tactile-band.007
Fra:1 Mem:74.20M (Peak 74.20M) | Time:00:00.06 | Mem:0.00M, Peak:0.00M | Scene, ViewLayer | Synchronizing object | platform-foundation.008
Fra:1 Mem:74.20M (Peak 74.20M) | Time:00:00.06 | Mem:0.00M, Peak:0.00M | Scene, ViewLayer | Synchronizing object | platform-deck.008
Fra:1 Mem:74.20M (Peak 74.20M) | Time:00:00.06 | Mem:0.00M, Peak:0.00M | Scene, ViewLayer | Synchronizing object | platform-edge-cap.008
Fra:1 Mem:74.21M (Peak 74.21M) | Time:00:00.06 | Mem:0.00M, Peak:0.00M | Scene, ViewLayer | Synchronizing object | tactile-band.008
Fra:1 Mem:74.21M (Peak 74.21M) | Time:00:00.06 | Mem:0.00M, Peak:0.00M | Scene, ViewLayer | Synchronizing object | platform-foundation.009
Fra:1 Mem:74.21M (Peak 74.21M) | Time:00:00.06 | Mem:0.00M, Peak:0.00M | Scene, ViewLayer | Synchronizing object | platform-deck.009
Fra:1 Mem:74.22M (Peak 74.22M) | Time:00:00.06 | Mem:0.00M, Peak:0.00M | Scene, ViewLayer | Synchronizing object | platform-edge-cap.009
Fra:1 Mem:74.22M (Peak 74.22M) | Time:00:00.06 | Mem:0.00M, Peak:0.00M | Scene, ViewLayer | Synchronizing object | tactile-band.009
Fra:1 Mem:74.22M (Peak 74.22M) | Time:00:00.06 | Mem:0.00M, Peak:0.00M | Scene, ViewLayer | Synchronizing object | platform-foundation.010
Fra:1 Mem:74.22M (Peak 74.22M) | Time:00:00.06 | Mem:0.00M, Peak:0.00M | Scene, ViewLayer | Synchronizing object | platform-deck.010
Fra:1 Mem:74.23M (Peak 74.23M) | Time:00:00.06 | Mem:0.00M, Peak:0.00M | Scene, ViewLayer | Synchronizing object | platform-edge-cap.010
Fra:1 Mem:74.23M (Peak 74.23M) | Time:00:00.06 | Mem:0.00M, Peak:0.00M | Scene, ViewLayer | Synchronizing object | tactile-band.010
Fra:1 Mem:74.23M (Peak 74.23M) | Time:00:00.06 | Mem:0.00M, Peak:0.00M | Scene, ViewLayer | Synchronizing object | platform-foundation.011
Fra:1 Mem:74.23M (Peak 74.23M) | Time:00:00.06 | Mem:0.00M, Peak:0.00M | Scene, ViewLayer | Synchronizing object | platform-deck.011
Fra:1 Mem:74.24M (Peak 74.24M) | Time:00:00.06 | Mem:0.00M, Peak:0.00M | Scene, ViewLayer | Synchronizing object | platform-edge-cap.011
Fra:1 Mem:74.24M (Peak 74.24M) | Time:00:00.06 | Mem:0.00M, Peak:0.00M | Scene, ViewLayer | Synchronizing object | tactile-band.011
Fra:1 Mem:74.24M (Peak 74.24M) | Time:00:00.06 | Mem:0.00M, Peak:0.00M | Scene, ViewLayer | Synchronizing object | platform-foundation.012
Fra:1 Mem:74.25M (Peak 74.25M) | Time:00:00.06 | Mem:0.00M, Peak:0.00M | Scene, ViewLayer | Synchronizing object | platform-deck.012
Fra:1 Mem:74.25M (Peak 74.25M) | Time:00:00.06 | Mem:0.00M, Peak:0.00M | Scene, ViewLayer | Synchronizing object | platform-edge-cap.012
Fra:1 Mem:74.25M (Peak 74.25M) | Time:00:00.06 | Mem:0.00M, Peak:0.00M | Scene, ViewLayer | Synchronizing object | tactile-band.012
Fra:1 Mem:74.25M (Peak 74.25M) | Time:00:00.06 | Mem:0.00M, Peak:0.00M | Scene, ViewLayer | Synchronizing object | platform-foundation.013
Fra:1 Mem:74.26M (Peak 74.26M) | Time:00:00.06 | Mem:0.00M, Peak:0.00M | Scene, ViewLayer | Synchronizing object | platform-deck.013
Fra:1 Mem:74.26M (Peak 74.26M) | Time:00:00.06 | Mem:0.00M, Peak:0.00M | Scene, ViewLayer | Synchronizing object | platform-edge-cap.013
Fra:1 Mem:74.27M (Peak 74.27M) | Time:00:00.06 | Mem:0.00M, Peak:0.00M | Scene, ViewLayer | Synchronizing object | tactile-band.013
Fra:1 Mem:74.27M (Peak 74.27M) | Time:00:00.06 | Mem:0.00M, Peak:0.00M | Scene, ViewLayer | Synchronizing object | platform-foundation.014
Fra:1 Mem:74.27M (Peak 74.27M) | Time:00:00.06 | Mem:0.00M, Peak:0.00M | Scene, ViewLayer | Synchronizing object | platform-deck.014
Fra:1 Mem:74.28M (Peak 74.28M) | Time:00:00.06 | Mem:0.00M, Peak:0.00M | Scene, ViewLayer | Synchronizing object | platform-edge-cap.014
Fra:1 Mem:74.28M (Peak 74.28M) | Time:00:00.06 | Mem:0.00M, Peak:0.00M | Scene, ViewLayer | Synchronizing object | tactile-band.014
Fra:1 Mem:74.28M (Peak 74.28M) | Time:00:00.06 | Mem:0.00M, Peak:0.00M | Scene, ViewLayer | Synchronizing object | platform-foundation.015
Fra:1 Mem:74.28M (Peak 74.28M) | Time:00:00.06 | Mem:0.00M, Peak:0.00M | Scene, ViewLayer | Synchronizing object | platform-deck.015
Fra:1 Mem:74.29M (Peak 74.29M) | Time:00:00.06 | Mem:0.00M, Peak:0.00M | Scene, ViewLayer | Synchronizing object | platform-edge-cap.015
Fra:1 Mem:74.29M (Peak 74.29M) | Time:00:00.06 | Mem:0.00M, Peak:0.00M | Scene, ViewLayer | Synchronizing object | tactile-band.015
Fra:1 Mem:74.29M (Peak 74.29M) | Time:00:00.06 | Mem:0.00M, Peak:0.00M | Scene, ViewLayer | Synchronizing object | platform-foundation.016
Fra:1 Mem:74.29M (Peak 74.29M) | Time:00:00.06 | Mem:0.00M, Peak:0.00M | Scene, ViewLayer | Synchronizing object | platform-deck.016
Fra:1 Mem:74.30M (Peak 74.30M) | Time:00:00.06 | Mem:0.00M, Peak:0.00M | Scene, ViewLayer | Synchronizing object | platform-edge-cap.016
Fra:1 Mem:74.30M (Peak 74.30M) | Time:00:00.06 | Mem:0.00M, Peak:0.00M | Scene, ViewLayer | Synchronizing object | tactile-band.016
Fra:1 Mem:74.31M (Peak 74.31M) | Time:00:00.06 | Mem:0.00M, Peak:0.00M | Scene, ViewLayer | Synchronizing object | platform-foundation.017
Fra:1 Mem:74.31M (Peak 74.31M) | Time:00:00.06 | Mem:0.00M, Peak:0.00M | Scene, ViewLayer | Synchronizing object | platform-deck.017
Fra:1 Mem:74.31M (Peak 74.31M) | Time:00:00.06 | Mem:0.00M, Peak:0.00M | Scene, ViewLayer | Synchronizing object | platform-edge-cap.017
Fra:1 Mem:74.31M (Peak 74.31M) | Time:00:00.06 | Mem:0.00M, Peak:0.00M | Scene, ViewLayer | Synchronizing object | tactile-band.017
Fra:1 Mem:74.32M (Peak 74.32M) | Time:00:00.06 | Mem:0.00M, Peak:0.00M | Scene, ViewLayer | Synchronizing object | platform-foundation.018
Fra:1 Mem:74.32M (Peak 74.32M) | Time:00:00.06 | Mem:0.00M, Peak:0.00M | Scene, ViewLayer | Synchronizing object | platform-deck.018
Fra:1 Mem:74.32M (Peak 74.32M) | Time:00:00.06 | Mem:0.00M, Peak:0.00M | Scene, ViewLayer | Synchronizing object | platform-edge-cap.018
Fra:1 Mem:74.32M (Peak 74.32M) | Time:00:00.06 | Mem:0.00M, Peak:0.00M | Scene, ViewLayer | Synchronizing object | tactile-band.018
Fra:1 Mem:74.33M (Peak 74.33M) | Time:00:00.06 | Mem:0.00M, Peak:0.00M | Scene, ViewLayer | Synchronizing object | platform-foundation.019
Fra:1 Mem:74.33M (Peak 74.33M) | Time:00:00.06 | Mem:0.00M, Peak:0.00M | Scene, ViewLayer | Synchronizing object | platform-deck.019
Fra:1 Mem:74.33M (Peak 74.33M) | Time:00:00.06 | Mem:0.00M, Peak:0.00M | Scene, ViewLayer | Synchronizing object | platform-edge-cap.019
Fra:1 Mem:74.33M (Peak 74.33M) | Time:00:00.06 | Mem:0.00M, Peak:0.00M | Scene, ViewLayer | Synchronizing object | tactile-band.019
Fra:1 Mem:74.33M (Peak 74.33M) | Time:00:00.06 | Mem:0.00M, Peak:0.00M | Scene, ViewLayer | Synchronizing object | platform-foundation.020
Fra:1 Mem:74.34M (Peak 74.34M) | Time:00:00.06 | Mem:0.00M, Peak:0.00M | Scene, ViewLayer | Synchronizing object | platform-deck.020
Fra:1 Mem:74.34M (Peak 74.34M) | Time:00:00.06 | Mem:0.00M, Peak:0.00M | Scene, ViewLayer | Synchronizing object | platform-edge-cap.020
Fra:1 Mem:74.34M (Peak 74.34M) | Time:00:00.06 | Mem:0.00M, Peak:0.00M | Scene, ViewLayer | Synchronizing object | tactile-band.020
Fra:1 Mem:74.34M (Peak 74.34M) | Time:00:00.06 | Mem:0.00M, Peak:0.00M | Scene, ViewLayer | Synchronizing object | platform-foundation.021
Fra:1 Mem:74.35M (Peak 74.35M) | Time:00:00.06 | Mem:0.00M, Peak:0.00M | Scene, ViewLayer | Synchronizing object | platform-deck.021
Fra:1 Mem:74.35M (Peak 74.35M) | Time:00:00.06 | Mem:0.00M, Peak:0.00M | Scene, ViewLayer | Synchronizing object | platform-edge-cap.021
Fra:1 Mem:74.35M (Peak 74.35M) | Time:00:00.06 | Mem:0.00M, Peak:0.00M | Scene, ViewLayer | Synchronizing object | tactile-band.021
Fra:1 Mem:74.35M (Peak 74.35M) | Time:00:00.06 | Mem:0.00M, Peak:0.00M | Scene, ViewLayer | Synchronizing object | platform-foundation.022
Fra:1 Mem:74.37M (Peak 74.37M) | Time:00:00.06 | Mem:0.00M, Peak:0.00M | Scene, ViewLayer | Synchronizing object | qa-ruler-tick.010
Fra:1 Mem:74.36M (Peak 74.37M) | Time:00:00.06 | Mem:0.00M, Peak:0.00M | Scene, ViewLayer | Synchronizing object | platform-deck.022
Fra:1 Mem:74.36M (Peak 74.37M) | Time:00:00.06 | Mem:0.00M, Peak:0.00M | Scene, ViewLayer | Synchronizing object | qa-ruler-tick.009
Fra:1 Mem:74.37M (Peak 74.37M) | Time:00:00.06 | Mem:0.00M, Peak:0.00M | Scene, ViewLayer | Synchronizing object | qa-ruler-tick.008
Fra:1 Mem:74.37M (Peak 74.37M) | Time:00:00.06 | Mem:0.00M, Peak:0.00M | Scene, ViewLayer | Synchronizing object | qa-ruler-tick.007
Fra:1 Mem:74.36M (Peak 74.37M) | Time:00:00.06 | Mem:0.00M, Peak:0.00M | Scene, ViewLayer | Synchronizing object | qa-ruler-tick.006
Fra:1 Mem:74.36M (Peak 74.37M) | Time:00:00.06 | Mem:0.00M, Peak:0.00M | Scene, ViewLayer | Synchronizing object | platform-edge-cap.022
Fra:1 Mem:74.37M (Peak 74.37M) | Time:00:00.06 | Mem:0.00M, Peak:0.00M | Scene, ViewLayer | Synchronizing object | qa-ruler-tick.005
Fra:1 Mem:74.37M (Peak 74.37M) | Time:00:00.06 | Mem:0.00M, Peak:0.00M | Scene, ViewLayer | Synchronizing object | qa-ruler-tick.004
Fra:1 Mem:74.37M (Peak 74.37M) | Time:00:00.06 | Mem:0.00M, Peak:0.00M | Scene, ViewLayer | Synchronizing object | tactile-band.022
Fra:1 Mem:74.37M (Peak 74.37M) | Time:00:00.06 | Mem:0.00M, Peak:0.00M | Scene, ViewLayer | Synchronizing object | qa-ruler-tick.003
Fra:1 Mem:74.38M (Peak 74.38M) | Time:00:00.06 | Mem:0.00M, Peak:0.00M | Scene, ViewLayer | Synchronizing object | qa-ruler-tick.002
Fra:1 Mem:74.38M (Peak 74.38M) | Time:00:00.06 | Mem:0.00M, Peak:0.00M | Scene, ViewLayer | Synchronizing object | qa-ruler-tick.001
Fra:1 Mem:74.37M (Peak 74.38M) | Time:00:00.06 | Mem:0.00M, Peak:0.00M | Scene, ViewLayer | Synchronizing object | qa-ruler-tick
Fra:1 Mem:74.37M (Peak 74.38M) | Time:00:00.06 | Mem:0.00M, Peak:0.00M | Scene, ViewLayer | Synchronizing object | platform-foundation.023
Fra:1 Mem:74.37M (Peak 74.38M) | Time:00:00.06 | Mem:0.00M, Peak:0.00M | Scene, ViewLayer | Synchronizing object | qa-one-metre-ruler
Fra:1 Mem:74.38M (Peak 74.38M) | Time:00:00.06 | Mem:0.00M, Peak:0.00M | Scene, ViewLayer | Synchronizing object | qa-human-head.001
Fra:1 Mem:74.38M (Peak 74.38M) | Time:00:00.06 | Mem:0.00M, Peak:0.00M | Scene, ViewLayer | Synchronizing object | platform-deck.023
Fra:1 Mem:74.38M (Peak 74.38M) | Time:00:00.06 | Mem:0.00M, Peak:0.00M | Scene, ViewLayer | Synchronizing object | qa-human-arm.003
Fra:1 Mem:74.39M (Peak 74.39M) | Time:00:00.06 | Mem:0.00M, Peak:0.00M | Scene, ViewLayer | Synchronizing object | platform-edge-cap.023
Fra:1 Mem:74.40M (Peak 74.40M) | Time:00:00.06 | Mem:0.00M, Peak:0.00M | Scene, ViewLayer | Synchronizing object | tactile-band.023
Fra:1 Mem:74.41M (Peak 74.41M) | Time:00:00.06 | Mem:0.00M, Peak:0.00M | Scene, ViewLayer | Synchronizing object | platform-foundation.024
Fra:1 Mem:74.40M (Peak 74.41M) | Time:00:00.06 | Mem:0.00M, Peak:0.00M | Scene, ViewLayer | Synchronizing object | qa-human-leg.003
Fra:1 Mem:74.42M (Peak 74.42M) | Time:00:00.06 | Mem:0.00M, Peak:0.00M | Scene, ViewLayer | Synchronizing object | platform-deck.024
Fra:1 Mem:74.43M (Peak 74.43M) | Time:00:00.06 | Mem:0.00M, Peak:0.00M | Scene, ViewLayer | Synchronizing object | platform-edge-cap.024
Fra:1 Mem:74.42M (Peak 74.43M) | Time:00:00.06 | Mem:0.00M, Peak:0.00M | Scene, ViewLayer | Synchronizing object | qa-human-arm.002
Fra:1 Mem:74.43M (Peak 74.43M) | Time:00:00.06 | Mem:0.00M, Peak:0.00M | Scene, ViewLayer | Synchronizing object | tactile-band.024
Fra:1 Mem:74.45M (Peak 74.45M) | Time:00:00.06 | Mem:0.00M, Peak:0.00M | Scene, ViewLayer | Synchronizing object | platform-foundation.025
Fra:1 Mem:74.44M (Peak 74.45M) | Time:00:00.06 | Mem:0.00M, Peak:0.00M | Scene, ViewLayer | Synchronizing object | qa-human-leg.002
Fra:1 Mem:74.45M (Peak 74.45M) | Time:00:00.06 | Mem:0.00M, Peak:0.00M | Scene, ViewLayer | Synchronizing object | platform-deck.025
Fra:1 Mem:74.46M (Peak 74.46M) | Time:00:00.06 | Mem:0.00M, Peak:0.00M | Scene, ViewLayer | Synchronizing object | platform-edge-cap.025
Fra:1 Mem:74.45M (Peak 74.46M) | Time:00:00.06 | Mem:0.00M, Peak:0.00M | Scene, ViewLayer | Synchronizing object | qa-human-torso.001
Fra:1 Mem:74.45M (Peak 74.46M) | Time:00:00.06 | Mem:0.00M, Peak:0.00M | Scene, ViewLayer | Synchronizing object | tactile-band.025
Fra:1 Mem:74.48M (Peak 74.48M) | Time:00:00.06 | Mem:0.00M, Peak:0.00M | Scene, ViewLayer | Synchronizing object | platform-foundation.026
Fra:1 Mem:74.47M (Peak 74.48M) | Time:00:00.06 | Mem:0.00M, Peak:0.00M | Scene, ViewLayer | Synchronizing object | qa-human-head
Fra:1 Mem:74.47M (Peak 74.48M) | Time:00:00.06 | Mem:0.00M, Peak:0.00M | Scene, ViewLayer | Synchronizing object | platform-deck.026
Fra:1 Mem:74.47M (Peak 74.48M) | Time:00:00.06 | Mem:0.00M, Peak:0.00M | Scene, ViewLayer | Synchronizing object | qa-human-arm.001
Fra:1 Mem:74.49M (Peak 74.49M) | Time:00:00.06 | Mem:0.00M, Peak:0.00M | Scene, ViewLayer | Synchronizing object | platform-edge-cap.026
Fra:1 Mem:74.50M (Peak 74.50M) | Time:00:00.06 | Mem:0.00M, Peak:0.00M | Scene, ViewLayer | Synchronizing object | tactile-band.026
Fra:1 Mem:74.50M (Peak 74.50M) | Time:00:00.06 | Mem:0.00M, Peak:0.00M | Scene, ViewLayer | Synchronizing object | platform-foundation.027
Fra:1 Mem:74.50M (Peak 74.50M) | Time:00:00.06 | Mem:0.00M, Peak:0.00M | Scene, ViewLayer | Synchronizing object | platform-deck.027
Fra:1 Mem:74.49M (Peak 74.50M) | Time:00:00.06 | Mem:0.00M, Peak:0.00M | Scene, ViewLayer | Synchronizing object | platform-edge-cap.027
Fra:1 Mem:74.49M (Peak 74.50M) | Time:00:00.06 | Mem:0.00M, Peak:0.00M | Scene, ViewLayer | Synchronizing object | qa-human-leg.001
Fra:1 Mem:74.51M (Peak 74.51M) | Time:00:00.06 | Mem:0.00M, Peak:0.00M | Scene, ViewLayer | Synchronizing object | tactile-band.027
Fra:1 Mem:74.53M (Peak 74.53M) | Time:00:00.06 | Mem:0.00M, Peak:0.00M | Scene, ViewLayer | Synchronizing object | platform-foundation.028
Fra:1 Mem:74.52M (Peak 74.53M) | Time:00:00.06 | Mem:0.00M, Peak:0.00M | Scene, ViewLayer | Synchronizing object | qa-human-arm
Fra:1 Mem:74.51M (Peak 74.53M) | Time:00:00.06 | Mem:0.00M, Peak:0.00M | Scene, ViewLayer | Synchronizing object | platform-deck.028
Fra:1 Mem:74.54M (Peak 74.54M) | Time:00:00.06 | Mem:0.00M, Peak:0.00M | Scene, ViewLayer | Synchronizing object | platform-edge-cap.028
Fra:1 Mem:74.53M (Peak 74.54M) | Time:00:00.06 | Mem:0.00M, Peak:0.00M | Scene, ViewLayer | Synchronizing object | qa-human-leg
Fra:1 Mem:74.54M (Peak 74.54M) | Time:00:00.06 | Mem:0.00M, Peak:0.00M | Scene, ViewLayer | Synchronizing object | tactile-band.028
Fra:1 Mem:74.56M (Peak 74.56M) | Time:00:00.06 | Mem:0.00M, Peak:0.00M | Scene, ViewLayer | Synchronizing object | platform-foundation.029
Fra:1 Mem:74.55M (Peak 74.56M) | Time:00:00.06 | Mem:0.00M, Peak:0.00M | Scene, ViewLayer | Synchronizing object | qa-human-torso
Fra:1 Mem:74.56M (Peak 74.56M) | Time:00:00.06 | Mem:0.00M, Peak:0.00M | Scene, ViewLayer | Synchronizing object | platform-deck.029
Fra:1 Mem:74.57M (Peak 74.57M) | Time:00:00.06 | Mem:0.00M, Peak:0.00M | Scene, ViewLayer | Synchronizing object | platform-edge-cap.029
Fra:1 Mem:74.56M (Peak 74.57M) | Time:00:00.06 | Mem:0.00M, Peak:0.00M | Scene, ViewLayer | Synchronizing object | qa-rail.001
Fra:1 Mem:74.56M (Peak 74.57M) | Time:00:00.06 | Mem:0.00M, Peak:0.00M | Scene, ViewLayer | Synchronizing object | qa-rail
Fra:1 Mem:74.56M (Peak 74.57M) | Time:00:00.06 | Mem:0.00M, Peak:0.00M | Scene, ViewLayer | Synchronizing object | qa-ground
Fra:1 Mem:74.56M (Peak 74.57M) | Time:00:00.06 | Mem:0.00M, Peak:0.00M | Scene, ViewLayer | Synchronizing object | tactile-band.029
Fra:1 Mem:74.56M (Peak 74.57M) | Time:00:00.06 | Mem:0.00M, Peak:0.00M | Scene, ViewLayer | Synchronizing object | deck-grip-strip.035
Fra:1 Mem:74.57M (Peak 74.57M) | Time:00:00.06 | Mem:0.00M, Peak:0.00M | Scene, ViewLayer | Synchronizing object | platform-foundation.030
Fra:1 Mem:74.57M (Peak 74.57M) | Time:00:00.06 | Mem:0.00M, Peak:0.00M | Scene, ViewLayer | Synchronizing object | deck-grip-strip.034
Fra:1 Mem:74.58M (Peak 74.58M) | Time:00:00.06 | Mem:0.00M, Peak:0.00M | Scene, ViewLayer | Synchronizing object | platform-deck.030
Fra:1 Mem:74.57M (Peak 74.58M) | Time:00:00.06 | Mem:0.00M, Peak:0.00M | Scene, ViewLayer | Synchronizing object | deck-grip-strip.033
Fra:1 Mem:74.58M (Peak 74.58M) | Time:00:00.06 | Mem:0.00M, Peak:0.00M | Scene, ViewLayer | Synchronizing object | platform-edge-cap.030
Fra:1 Mem:74.58M (Peak 74.58M) | Time:00:00.06 | Mem:0.00M, Peak:0.00M | Scene, ViewLayer | Synchronizing object | threshold-deck.011
Fra:1 Mem:74.58M (Peak 74.58M) | Time:00:00.06 | Mem:0.00M, Peak:0.00M | Scene, ViewLayer | Synchronizing object | tactile-band.030
Fra:1 Mem:74.59M (Peak 74.59M) | Time:00:00.06 | Mem:0.00M, Peak:0.00M | Scene, ViewLayer | Synchronizing object | platform-foundation.031
Fra:1 Mem:74.58M (Peak 74.59M) | Time:00:00.06 | Mem:0.00M, Peak:0.00M | Scene, ViewLayer | Synchronizing object | deck-grip-strip.032
Fra:1 Mem:74.59M (Peak 74.59M) | Time:00:00.06 | Mem:0.00M, Peak:0.00M | Scene, ViewLayer | Synchronizing object | platform-deck.031
Fra:1 Mem:74.59M (Peak 74.59M) | Time:00:00.06 | Mem:0.00M, Peak:0.00M | Scene, ViewLayer | Synchronizing object | deck-grip-strip.031
Fra:1 Mem:74.59M (Peak 74.59M) | Time:00:00.06 | Mem:0.00M, Peak:0.00M | Scene, ViewLayer | Synchronizing object | platform-edge-cap.031
Fra:1 Mem:74.59M (Peak 74.59M) | Time:00:00.06 | Mem:0.00M, Peak:0.00M | Scene, ViewLayer | Synchronizing object | deck-grip-strip.030
Fra:1 Mem:74.60M (Peak 74.60M) | Time:00:00.06 | Mem:0.00M, Peak:0.00M | Scene, ViewLayer | Synchronizing object | threshold-deck.010
Fra:1 Mem:74.60M (Peak 74.60M) | Time:00:00.06 | Mem:0.00M, Peak:0.00M | Scene, ViewLayer | Synchronizing object | deck-grip-strip.029
Fra:1 Mem:74.59M (Peak 74.60M) | Time:00:00.06 | Mem:0.00M, Peak:0.00M | Scene, ViewLayer | Synchronizing object | tactile-band.031
Fra:1 Mem:74.60M (Peak 74.60M) | Time:00:00.06 | Mem:0.00M, Peak:0.00M | Scene, ViewLayer | Synchronizing object | deck-grip-strip.028
Fra:1 Mem:74.60M (Peak 74.60M) | Time:00:00.06 | Mem:0.00M, Peak:0.00M | Scene, ViewLayer | Synchronizing object | platform-foundation.032
Fra:1 Mem:74.60M (Peak 74.60M) | Time:00:00.06 | Mem:0.00M, Peak:0.00M | Scene, ViewLayer | Synchronizing object | deck-grip-strip.027
Fra:1 Mem:74.61M (Peak 74.61M) | Time:00:00.06 | Mem:0.00M, Peak:0.00M | Scene, ViewLayer | Synchronizing object | threshold-deck.009
Fra:1 Mem:74.61M (Peak 74.61M) | Time:00:00.06 | Mem:0.00M, Peak:0.00M | Scene, ViewLayer | Synchronizing object | deck-grip-strip.026
Fra:1 Mem:74.61M (Peak 74.61M) | Time:00:00.06 | Mem:0.00M, Peak:0.00M | Scene, ViewLayer | Synchronizing object | deck-grip-strip.025
Fra:1 Mem:74.61M (Peak 74.61M) | Time:00:00.06 | Mem:0.00M, Peak:0.00M | Scene, ViewLayer | Synchronizing object | platform-deck.032
Fra:1 Mem:74.62M (Peak 74.62M) | Time:00:00.06 | Mem:0.00M, Peak:0.00M | Scene, ViewLayer | Synchronizing object | deck-grip-strip.024
Fra:1 Mem:74.62M (Peak 74.62M) | Time:00:00.06 | Mem:0.00M, Peak:0.00M | Scene, ViewLayer | Synchronizing object | threshold-deck.008
Fra:1 Mem:74.62M (Peak 74.62M) | Time:00:00.06 | Mem:0.00M, Peak:0.00M | Scene, ViewLayer | Synchronizing object | deck-grip-strip.023
Fra:1 Mem:74.62M (Peak 74.62M) | Time:00:00.06 | Mem:0.00M, Peak:0.00M | Scene, ViewLayer | Synchronizing object | deck-grip-strip.022
Fra:1 Mem:74.62M (Peak 74.62M) | Time:00:00.06 | Mem:0.00M, Peak:0.00M | Scene, ViewLayer | Synchronizing object | platform-edge-cap.032
Fra:1 Mem:74.63M (Peak 74.63M) | Time:00:00.06 | Mem:0.00M, Peak:0.00M | Scene, ViewLayer | Synchronizing object | deck-grip-strip.021
Fra:1 Mem:74.63M (Peak 74.63M) | Time:00:00.06 | Mem:0.00M, Peak:0.00M | Scene, ViewLayer | Synchronizing object | tactile-band.032
Fra:1 Mem:74.63M (Peak 74.63M) | Time:00:00.06 | Mem:0.00M, Peak:0.00M | Scene, ViewLayer | Synchronizing object | threshold-deck.007
Fra:1 Mem:74.63M (Peak 74.63M) | Time:00:00.06 | Mem:0.00M, Peak:0.00M | Scene, ViewLayer | Synchronizing object | platform-foundation.033
Fra:1 Mem:74.64M (Peak 74.64M) | Time:00:00.06 | Mem:0.00M, Peak:0.00M | Scene, ViewLayer | Synchronizing object | deck-grip-strip.020
Fra:1 Mem:74.64M (Peak 74.64M) | Time:00:00.06 | Mem:0.00M, Peak:0.00M | Scene, ViewLayer | Synchronizing object | platform-deck.033
Fra:1 Mem:74.64M (Peak 74.64M) | Time:00:00.06 | Mem:0.00M, Peak:0.00M | Scene, ViewLayer | Synchronizing object | deck-grip-strip.019
Fra:1 Mem:74.64M (Peak 74.64M) | Time:00:00.06 | Mem:0.00M, Peak:0.00M | Scene, ViewLayer | Synchronizing object | platform-edge-cap.033
Fra:1 Mem:74.64M (Peak 74.64M) | Time:00:00.06 | Mem:0.00M, Peak:0.00M | Scene, ViewLayer | Synchronizing object | deck-grip-strip.018
Fra:1 Mem:74.64M (Peak 74.64M) | Time:00:00.06 | Mem:0.00M, Peak:0.00M | Scene, ViewLayer | Synchronizing object | tactile-band.033
Fra:1 Mem:74.65M (Peak 74.65M) | Time:00:00.06 | Mem:0.00M, Peak:0.00M | Scene, ViewLayer | Synchronizing object | threshold-deck.006
Fra:1 Mem:74.65M (Peak 74.65M) | Time:00:00.06 | Mem:0.00M, Peak:0.00M | Scene, ViewLayer | Synchronizing object | deck-grip-strip.017
Fra:1 Mem:74.65M (Peak 74.65M) | Time:00:00.06 | Mem:0.00M, Peak:0.00M | Scene, ViewLayer | Synchronizing object | deck-grip-strip.016
Fra:1 Mem:74.65M (Peak 74.65M) | Time:00:00.06 | Mem:0.00M, Peak:0.00M | Scene, ViewLayer | Synchronizing object | platform-foundation.034
Fra:1 Mem:74.66M (Peak 74.66M) | Time:00:00.06 | Mem:0.00M, Peak:0.00M | Scene, ViewLayer | Synchronizing object | deck-grip-strip.015
Fra:1 Mem:74.66M (Peak 74.66M) | Time:00:00.06 | Mem:0.00M, Peak:0.00M | Scene, ViewLayer | Synchronizing object | platform-deck.034
Fra:1 Mem:74.65M (Peak 74.66M) | Time:00:00.06 | Mem:0.00M, Peak:0.00M | Scene, ViewLayer | Synchronizing object | threshold-deck.005
Fra:1 Mem:74.66M (Peak 74.66M) | Time:00:00.06 | Mem:0.00M, Peak:0.00M | Scene, ViewLayer | Synchronizing object | platform-edge-cap.034
Fra:1 Mem:74.66M (Peak 74.66M) | Time:00:00.06 | Mem:0.00M, Peak:0.00M | Scene, ViewLayer | Synchronizing object | deck-grip-strip.014
Fra:1 Mem:74.66M (Peak 74.66M) | Time:00:00.06 | Mem:0.00M, Peak:0.00M | Scene, ViewLayer | Synchronizing object | tactile-band.034
Fra:1 Mem:74.66M (Peak 74.66M) | Time:00:00.06 | Mem:0.00M, Peak:0.00M | Scene, ViewLayer | Synchronizing object | deck-grip-strip.013
Fra:1 Mem:74.67M (Peak 74.67M) | Time:00:00.06 | Mem:0.00M, Peak:0.00M | Scene, ViewLayer | Synchronizing object | platform-foundation.035
Fra:1 Mem:74.67M (Peak 74.67M) | Time:00:00.06 | Mem:0.00M, Peak:0.00M | Scene, ViewLayer | Synchronizing object | deck-grip-strip.012
Fra:1 Mem:74.67M (Peak 74.67M) | Time:00:00.06 | Mem:0.00M, Peak:0.00M | Scene, ViewLayer | Synchronizing object | platform-deck.035
Fra:1 Mem:74.67M (Peak 74.67M) | Time:00:00.06 | Mem:0.00M, Peak:0.00M | Scene, ViewLayer | Synchronizing object | threshold-deck.004
Fra:1 Mem:74.68M (Peak 74.68M) | Time:00:00.06 | Mem:0.00M, Peak:0.00M | Scene, ViewLayer | Synchronizing object | platform-edge-cap.035
Fra:1 Mem:74.68M (Peak 74.68M) | Time:00:00.06 | Mem:0.00M, Peak:0.00M | Scene, ViewLayer | Synchronizing object | deck-grip-strip.011
Fra:1 Mem:74.68M (Peak 74.68M) | Time:00:00.06 | Mem:0.00M, Peak:0.00M | Scene, ViewLayer | Synchronizing object | tactile-band.035
Fra:1 Mem:74.68M (Peak 74.68M) | Time:00:00.06 | Mem:0.00M, Peak:0.00M | Scene, ViewLayer | Synchronizing object | deck-grip-strip.010
Fra:1 Mem:74.69M (Peak 74.69M) | Time:00:00.06 | Mem:0.00M, Peak:0.00M | Scene, ViewLayer | Synchronizing object | platform-foundation.036
Fra:1 Mem:74.68M (Peak 74.69M) | Time:00:00.06 | Mem:0.00M, Peak:0.00M | Scene, ViewLayer | Synchronizing object | deck-grip-strip.009
Fra:1 Mem:74.69M (Peak 74.69M) | Time:00:00.06 | Mem:0.00M, Peak:0.00M | Scene, ViewLayer | Synchronizing object | platform-deck.036
Fra:1 Mem:74.68M (Peak 74.69M) | Time:00:00.06 | Mem:0.00M, Peak:0.00M | Scene, ViewLayer | Synchronizing object | threshold-deck.003
Fra:1 Mem:74.69M (Peak 74.69M) | Time:00:00.06 | Mem:0.00M, Peak:0.00M | Scene, ViewLayer | Synchronizing object | platform-edge-cap.036
Fra:1 Mem:74.69M (Peak 74.69M) | Time:00:00.06 | Mem:0.00M, Peak:0.00M | Scene, ViewLayer | Synchronizing object | deck-grip-strip.008
Fra:1 Mem:74.70M (Peak 74.70M) | Time:00:00.06 | Mem:0.00M, Peak:0.00M | Scene, ViewLayer | Synchronizing object | tactile-band.036
Fra:1 Mem:74.69M (Peak 74.70M) | Time:00:00.06 | Mem:0.00M, Peak:0.00M | Scene, ViewLayer | Synchronizing object | deck-grip-strip.007
Fra:1 Mem:74.70M (Peak 74.70M) | Time:00:00.06 | Mem:0.00M, Peak:0.00M | Scene, ViewLayer | Synchronizing object | sign-post--0.85
Fra:1 Mem:74.70M (Peak 74.70M) | Time:00:00.06 | Mem:0.00M, Peak:0.00M | Scene, ViewLayer | Synchronizing object | deck-grip-strip.006
Fra:1 Mem:74.70M (Peak 74.70M) | Time:00:00.06 | Mem:0.00M, Peak:0.00M | Scene, ViewLayer | Synchronizing object | sign-foot--0.85
Fra:1 Mem:74.70M (Peak 74.70M) | Time:00:00.06 | Mem:0.00M, Peak:0.00M | Scene, ViewLayer | Synchronizing object | threshold-deck.002
Fra:1 Mem:74.71M (Peak 74.71M) | Time:00:00.06 | Mem:0.00M, Peak:0.00M | Scene, ViewLayer | Synchronizing object | sign-post-0.85
Fra:1 Mem:74.71M (Peak 74.71M) | Time:00:00.06 | Mem:0.00M, Peak:0.00M | Scene, ViewLayer | Synchronizing object | deck-grip-strip.005
Fra:1 Mem:74.71M (Peak 74.71M) | Time:00:00.06 | Mem:0.00M, Peak:0.00M | Scene, ViewLayer | Synchronizing object | sign-foot-0.85
Fra:1 Mem:74.71M (Peak 74.71M) | Time:00:00.06 | Mem:0.00M, Peak:0.00M | Scene, ViewLayer | Synchronizing object | deck-grip-strip.004
Fra:1 Mem:74.72M (Peak 74.72M) | Time:00:00.06 | Mem:0.00M, Peak:0.00M | Scene, ViewLayer | Synchronizing object | guidance-panel
Fra:1 Mem:74.71M (Peak 74.72M) | Time:00:00.06 | Mem:0.00M, Peak:0.00M | Scene, ViewLayer | Synchronizing object | deck-grip-strip.003
Fra:1 Mem:74.72M (Peak 74.72M) | Time:00:00.06 | Mem:0.00M, Peak:0.00M | Scene, ViewLayer | Synchronizing object | guidance-face
Fra:1 Mem:74.72M (Peak 74.72M) | Time:00:00.06 | Mem:0.00M, Peak:0.00M | Scene, ViewLayer | Synchronizing object | threshold-deck.001
Fra:1 Mem:74.73M (Peak 74.73M) | Time:00:00.06 | Mem:0.00M, Peak:0.00M | Scene, ViewLayer | Synchronizing object | direction-arrow
Fra:1 Mem:74.72M (Peak 74.73M) | Time:00:00.06 | Mem:0.00M, Peak:0.00M | Scene, ViewLayer | Synchronizing object | deck-grip-strip.002
Fra:1 Mem:74.73M (Peak 74.73M) | Time:00:00.06 | Mem:0.00M, Peak:0.00M | Scene, ViewLayer | Synchronizing object | deck-grip-strip.001
Fra:1 Mem:74.73M (Peak 74.73M) | Time:00:00.06 | Mem:0.00M, Peak:0.00M | Scene, ViewLayer | Synchronizing object | generic-destination-rule-2.67
Fra:1 Mem:74.73M (Peak 74.73M) | Time:00:00.06 | Mem:0.00M, Peak:0.00M | Scene, ViewLayer | Synchronizing object | deck-grip-strip
Fra:1 Mem:74.74M (Peak 74.74M) | Time:00:00.06 | Mem:0.00M, Peak:0.00M | Scene, ViewLayer | Synchronizing object | generic-destination-rule-2.54
Fra:1 Mem:74.74M (Peak 74.74M) | Time:00:00.06 | Mem:0.00M, Peak:0.00M | Scene, ViewLayer | Synchronizing object | threshold-deck
Fra:1 Mem:74.74M (Peak 74.74M) | Time:00:00.06 | Mem:0.00M, Peak:0.00M | Scene, ViewLayer | Synchronizing object | body-shell
Fra:1 Mem:74.75M (Peak 74.75M) | Time:00:00.06 | Mem:0.00M, Peak:0.00M | Scene, ViewLayer | Synchronizing object | seat-right-06.003
Fra:1 Mem:75.05M (Peak 75.05M) | Time:00:00.06 | Mem:0.00M, Peak:0.00M | Scene, ViewLayer | Synchronizing object | seat-right-05.003
Fra:1 Mem:75.05M (Peak 75.05M) | Time:00:00.06 | Mem:0.00M, Peak:0.00M | Scene, ViewLayer | Synchronizing object | seat-right-04.003
Fra:1 Mem:75.06M (Peak 75.06M) | Time:00:00.06 | Mem:0.00M, Peak:0.00M | Scene, ViewLayer | Synchronizing object | seat-right-03.003
Fra:1 Mem:75.06M (Peak 75.06M) | Time:00:00.06 | Mem:0.00M, Peak:0.00M | Scene, ViewLayer | Synchronizing object | seat-right-02.003
Fra:1 Mem:75.11M (Peak 75.11M) | Time:00:00.06 | Mem:0.00M, Peak:0.00M | Scene, ViewLayer | Synchronizing object | seat-right-01.003
Fra:1 Mem:75.12M (Peak 75.12M) | Time:00:00.06 | Mem:0.00M, Peak:0.00M | Scene, ViewLayer | Synchronizing object | seat-left-06.003
Fra:1 Mem:75.16M (Peak 75.16M) | Time:00:00.06 | Mem:0.00M, Peak:0.00M | Scene, ViewLayer | Synchronizing object | seat-left-05.003
Fra:1 Mem:74.91M (Peak 75.16M) | Time:00:00.06 | Mem:0.00M, Peak:0.00M | Scene, ViewLayer | Synchronizing object | seat-left-04.003
Fra:1 Mem:74.93M (Peak 75.16M) | Time:00:00.06 | Mem:0.00M, Peak:0.00M | Scene, ViewLayer | Synchronizing object | seat-left-03.003
Fra:1 Mem:74.95M (Peak 75.16M) | Time:00:00.06 | Mem:0.00M, Peak:0.00M | Scene, ViewLayer | Synchronizing object | seat-left-02.003
Fra:1 Mem:75.08M (Peak 75.16M) | Time:00:00.06 | Mem:0.00M, Peak:0.00M | Scene, ViewLayer | Synchronizing object | seat-left-01.003
Fra:1 Mem:75.08M (Peak 75.16M) | Time:00:00.06 | Mem:0.00M, Peak:0.00M | Scene, ViewLayer | Synchronizing object | next-stop-screen-1-4.004
Fra:1 Mem:75.09M (Peak 75.16M) | Time:00:00.06 | Mem:0.00M, Peak:0.00M | Scene, ViewLayer | Synchronizing object | next-stop-screen-1--4.004
Fra:1 Mem:75.03M (Peak 75.16M) | Time:00:00.06 | Mem:0.00M, Peak:0.00M | Scene, ViewLayer | Synchronizing object | next-stop-screen--1-4.004
Fra:1 Mem:75.07M (Peak 75.16M) | Time:00:00.06 | Mem:0.00M, Peak:0.00M | Scene, ViewLayer | Synchronizing object | next-stop-screen--1--4.004
Fra:1 Mem:74.95M (Peak 75.16M) | Time:00:00.06 | Mem:0.00M, Peak:0.00M | Scene, ViewLayer | Synchronizing object | interior-walls.003
Fra:1 Mem:75.00M (Peak 75.16M) | Time:00:00.06 | Mem:0.00M, Peak:0.00M | Scene, ViewLayer | Synchronizing object | bogie-front-frame
Fra:1 Mem:74.96M (Peak 75.16M) | Time:00:00.06 | Mem:0.00M, Peak:0.00M | Scene, ViewLayer | Synchronizing object | bogie-rear-frame
Fra:1 Mem:75.00M (Peak 75.16M) | Time:00:00.06 | Mem:0.00M, Peak:0.00M | Scene, ViewLayer | Synchronizing object | door-left-center-a
Fra:1 Mem:74.98M (Peak 75.16M) | Time:00:00.06 | Mem:0.00M, Peak:0.00M | Scene, ViewLayer | Synchronizing object | handrails.003
Fra:1 Mem:74.97M (Peak 75.16M) | Time:00:00.06 | Mem:0.00M, Peak:0.00M | Scene, ViewLayer | Synchronizing object | door-left-center-b
Fra:1 Mem:75.03M (Peak 75.16M) | Time:00:00.06 | Mem:0.00M, Peak:0.00M | Scene, ViewLayer | Synchronizing object | door-left-front-a
Fra:1 Mem:75.02M (Peak 75.16M) | Time:00:00.06 | Mem:0.00M, Peak:0.00M | Scene, ViewLayer | Synchronizing object | floor.003
Fra:1 Mem:75.01M (Peak 75.16M) | Time:00:00.06 | Mem:0.00M, Peak:0.00M | Scene, ViewLayer | Synchronizing object | door-left-front-b
Fra:1 Mem:75.01M (Peak 75.16M) | Time:00:00.06 | Mem:0.00M, Peak:0.00M | Scene, ViewLayer | Synchronizing object | ceiling.003
Fra:1 Mem:75.04M (Peak 75.16M) | Time:00:00.06 | Mem:0.00M, Peak:0.00M | Scene, ViewLayer | Synchronizing object | wheel-rear-rear-right.003
Fra:1 Mem:75.04M (Peak 75.16M) | Time:00:00.06 | Mem:0.00M, Peak:0.00M | Scene, ViewLayer | Synchronizing object | wheel-rear-rear-left.003
Fra:1 Mem:75.04M (Peak 75.16M) | Time:00:00.06 | Mem:0.00M, Peak:0.00M | Scene, ViewLayer | Synchronizing object | wheel-rear-front-right.003
Fra:1 Mem:75.04M (Peak 75.16M) | Time:00:00.06 | Mem:0.00M, Peak:0.00M | Scene, ViewLayer | Synchronizing object | door-left-rear-a
Fra:1 Mem:75.04M (Peak 75.16M) | Time:00:00.06 | Mem:0.00M, Peak:0.00M | Scene, ViewLayer | Synchronizing object | wheel-rear-front-left.003
Fra:1 Mem:75.05M (Peak 75.16M) | Time:00:00.06 | Mem:0.00M, Peak:0.00M | Scene, ViewLayer | Synchronizing object | wheel-front-rear-right.003
Fra:1 Mem:75.07M (Peak 75.16M) | Time:00:00.06 | Mem:0.00M, Peak:0.00M | Scene, ViewLayer | Synchronizing object | wheel-front-rear-left.003
Fra:1 Mem:75.06M (Peak 75.16M) | Time:00:00.06 | Mem:0.00M, Peak:0.00M | Scene, ViewLayer | Synchronizing object | wheel-front-front-right.003
Fra:1 Mem:75.06M (Peak 75.16M) | Time:00:00.06 | Mem:0.00M, Peak:0.00M | Scene, ViewLayer | Synchronizing object | door-left-rear-b
Fra:1 Mem:75.09M (Peak 75.16M) | Time:00:00.06 | Mem:0.00M, Peak:0.00M | Scene, ViewLayer | Synchronizing object | wheel-front-front-left.003
Fra:1 Mem:75.09M (Peak 75.16M) | Time:00:00.06 | Mem:0.00M, Peak:0.00M | Scene, ViewLayer | Synchronizing object | lights.001
Fra:1 Mem:75.09M (Peak 75.16M) | Time:00:00.06 | Mem:0.00M, Peak:0.00M | Scene, ViewLayer | Synchronizing object | door-right-center-a
Fra:1 Mem:75.11M (Peak 75.16M) | Time:00:00.06 | Mem:0.00M, Peak:0.00M | Scene, ViewLayer | Synchronizing object | glass.003
Fra:1 Mem:75.17M (Peak 75.17M) | Time:00:00.06 | Mem:0.00M, Peak:0.00M | Scene, ViewLayer | Synchronizing object | door-right-center-b
Fra:1 Mem:75.12M (Peak 75.17M) | Time:00:00.06 | Mem:0.00M, Peak:0.00M | Scene, ViewLayer | Synchronizing object | door-right-front-a
Fra:1 Mem:75.12M (Peak 75.17M) | Time:00:00.06 | Mem:0.00M, Peak:0.00M | Scene, ViewLayer | Synchronizing object | door-right-rear-b.003
Fra:1 Mem:75.16M (Peak 75.17M) | Time:00:00.06 | Mem:0.00M, Peak:0.00M | Scene, ViewLayer | Synchronizing object | door-right-front-b
Fra:1 Mem:75.14M (Peak 75.17M) | Time:00:00.06 | Mem:0.00M, Peak:0.00M | Scene, ViewLayer | Synchronizing object | door-right-rear-a.003
Fra:1 Mem:75.16M (Peak 75.17M) | Time:00:00.06 | Mem:0.00M, Peak:0.00M | Scene, ViewLayer | Synchronizing object | door-right-rear-a
Fra:1 Mem:75.16M (Peak 75.17M) | Time:00:00.06 | Mem:0.00M, Peak:0.00M | Scene, ViewLayer | Synchronizing object | door-right-front-b.003
Fra:1 Mem:75.18M (Peak 75.18M) | Time:00:00.06 | Mem:0.00M, Peak:0.00M | Scene, ViewLayer | Synchronizing object | door-right-front-a.003
Fra:1 Mem:75.18M (Peak 75.18M) | Time:00:00.06 | Mem:0.00M, Peak:0.00M | Scene, ViewLayer | Synchronizing object | door-right-rear-b
Fra:1 Mem:75.20M (Peak 75.20M) | Time:00:00.06 | Mem:0.00M, Peak:0.00M | Scene, ViewLayer | Synchronizing object | glass
Fra:1 Mem:75.28M (Peak 75.28M) | Time:00:00.06 | Mem:0.00M, Peak:0.00M | Scene, ViewLayer | Synchronizing object | door-right-center-b.003
Fra:1 Mem:75.26M (Peak 75.28M) | Time:00:00.06 | Mem:0.00M, Peak:0.00M | Scene, ViewLayer | Synchronizing object | door-right-center-a.003
Fra:1 Mem:75.26M (Peak 75.28M) | Time:00:00.06 | Mem:0.00M, Peak:0.00M | Scene, ViewLayer | Synchronizing object | lights
Fra:1 Mem:75.26M (Peak 75.28M) | Time:00:00.06 | Mem:0.00M, Peak:0.00M | Scene, ViewLayer | Synchronizing object | wheel-front-front-left
Fra:1 Mem:75.25M (Peak 75.28M) | Time:00:00.06 | Mem:0.00M, Peak:0.00M | Scene, ViewLayer | Synchronizing object | door-left-rear-b.003
Fra:1 Mem:75.27M (Peak 75.28M) | Time:00:00.06 | Mem:0.00M, Peak:0.00M | Scene, ViewLayer | Synchronizing object | wheel-front-front-right
Fra:1 Mem:75.28M (Peak 75.28M) | Time:00:00.06 | Mem:0.00M, Peak:0.00M | Scene, ViewLayer | Synchronizing object | door-left-rear-a.003
Fra:1 Mem:75.29M (Peak 75.29M) | Time:00:00.06 | Mem:0.00M, Peak:0.00M | Scene, ViewLayer | Synchronizing object | wheel-front-rear-left
Fra:1 Mem:75.28M (Peak 75.29M) | Time:00:00.06 | Mem:0.00M, Peak:0.00M | Scene, ViewLayer | Synchronizing object | wheel-front-rear-right
Fra:1 Mem:75.28M (Peak 75.29M) | Time:00:00.06 | Mem:0.00M, Peak:0.00M | Scene, ViewLayer | Synchronizing object | door-left-front-b.003
Fra:1 Mem:75.32M (Peak 75.32M) | Time:00:00.06 | Mem:0.00M, Peak:0.00M | Scene, ViewLayer | Synchronizing object | wheel-rear-front-left
Fra:1 Mem:75.31M (Peak 75.32M) | Time:00:00.06 | Mem:0.00M, Peak:0.00M | Scene, ViewLayer | Synchronizing object | door-left-front-a.003
Fra:1 Mem:75.30M (Peak 75.32M) | Time:00:00.06 | Mem:0.00M, Peak:0.00M | Scene, ViewLayer | Synchronizing object | wheel-rear-front-right
Fra:1 Mem:75.32M (Peak 75.32M) | Time:00:00.06 | Mem:0.00M, Peak:0.00M | Scene, ViewLayer | Synchronizing object | wheel-rear-rear-left
Fra:1 Mem:75.32M (Peak 75.32M) | Time:00:00.06 | Mem:0.00M, Peak:0.00M | Scene, ViewLayer | Synchronizing object | door-left-center-b.003
Fra:1 Mem:75.32M (Peak 75.32M) | Time:00:00.06 | Mem:0.00M, Peak:0.00M | Scene, ViewLayer | Synchronizing object | wheel-rear-rear-right
Fra:1 Mem:75.33M (Peak 75.33M) | Time:00:00.06 | Mem:0.00M, Peak:0.00M | Scene, ViewLayer | Synchronizing object | ceiling
Fra:1 Mem:75.33M (Peak 75.33M) | Time:00:00.06 | Mem:0.00M, Peak:0.00M | Scene, ViewLayer | Synchronizing object | door-left-center-a.003
Fra:1 Mem:75.36M (Peak 75.36M) | Time:00:00.06 | Mem:0.00M, Peak:0.00M | Scene, ViewLayer | Synchronizing object | floor
Fra:1 Mem:75.35M (Peak 75.36M) | Time:00:00.06 | Mem:0.00M, Peak:0.00M | Scene, ViewLayer | Synchronizing object | handrails
Fra:1 Mem:75.40M (Peak 75.40M) | Time:00:00.06 | Mem:0.00M, Peak:0.00M | Scene, ViewLayer | Synchronizing object | bogie-rear-frame.003
Fra:1 Mem:75.41M (Peak 75.41M) | Time:00:00.06 | Mem:0.00M, Peak:0.00M | Scene, ViewLayer | Synchronizing object | bogie-front-frame.003
Fra:1 Mem:75.41M (Peak 75.41M) | Time:00:00.06 | Mem:0.00M, Peak:0.00M | Scene, ViewLayer | Synchronizing object | body-shell.003
Fra:1 Mem:75.71M (Peak 75.71M) | Time:00:00.06 | Mem:0.00M, Peak:0.00M | Scene, ViewLayer | Synchronizing object | interior-walls
Fra:1 Mem:75.56M (Peak 75.71M) | Time:00:00.06 | Mem:0.00M, Peak:0.00M | Scene, ViewLayer | Synchronizing object | next-stop-screen--1--4.3
Fra:1 Mem:75.57M (Peak 75.71M) | Time:00:00.06 | Mem:0.00M, Peak:0.00M | Scene, ViewLayer | Synchronizing object | next-stop-screen--1-4.3
Fra:1 Mem:75.59M (Peak 75.71M) | Time:00:00.06 | Mem:0.00M, Peak:0.00M | Scene, ViewLayer | Synchronizing object | next-stop-screen-1--4.3
Fra:1 Mem:75.71M (Peak 75.71M) | Time:00:00.06 | Mem:0.00M, Peak:0.00M | Scene, ViewLayer | Synchronizing object | next-stop-screen-1-4.3
Fra:1 Mem:75.71M (Peak 75.71M) | Time:00:00.06 | Mem:0.00M, Peak:0.00M | Scene, ViewLayer | Synchronizing object | seat-left-01
Fra:1 Mem:75.72M (Peak 75.72M) | Time:00:00.06 | Mem:0.00M, Peak:0.00M | Scene, ViewLayer | Synchronizing object | seat-left-02
Fra:1 Mem:75.66M (Peak 75.72M) | Time:00:00.06 | Mem:0.00M, Peak:0.00M | Scene, ViewLayer | Synchronizing object | seat-left-03
Fra:1 Mem:75.55M (Peak 75.72M) | Time:00:00.06 | Mem:0.00M, Peak:0.00M | Scene, ViewLayer | Synchronizing object | seat-left-04
Fra:1 Mem:75.55M (Peak 75.72M) | Time:00:00.06 | Mem:0.00M, Peak:0.00M | Scene, ViewLayer | Synchronizing object | seat-right-06.002
Fra:1 Mem:75.57M (Peak 75.72M) | Time:00:00.06 | Mem:0.00M, Peak:0.00M | Scene, ViewLayer | Synchronizing object | seat-left-05
Fra:1 Mem:75.56M (Peak 75.72M) | Time:00:00.06 | Mem:0.00M, Peak:0.00M | Scene, ViewLayer | Synchronizing object | seat-right-05.002
Fra:1 Mem:75.58M (Peak 75.72M) | Time:00:00.06 | Mem:0.00M, Peak:0.00M | Scene, ViewLayer | Synchronizing object | seat-left-06
Fra:1 Mem:75.58M (Peak 75.72M) | Time:00:00.06 | Mem:0.00M, Peak:0.00M | Scene, ViewLayer | Synchronizing object | seat-right-04.002
Fra:1 Mem:75.59M (Peak 75.72M) | Time:00:00.06 | Mem:0.00M, Peak:0.00M | Scene, ViewLayer | Synchronizing object | seat-right-01
Fra:1 Mem:75.59M (Peak 75.72M) | Time:00:00.06 | Mem:0.00M, Peak:0.00M | Scene, ViewLayer | Synchronizing object | seat-right-03.002
Fra:1 Mem:75.59M (Peak 75.72M) | Time:00:00.06 | Mem:0.00M, Peak:0.00M | Scene, ViewLayer | Synchronizing object | seat-right-02
Fra:1 Mem:75.59M (Peak 75.72M) | Time:00:00.06 | Mem:0.00M, Peak:0.00M | Scene, ViewLayer | Synchronizing object | seat-right-02.002
Fra:1 Mem:75.60M (Peak 75.72M) | Time:00:00.06 | Mem:0.00M, Peak:0.00M | Scene, ViewLayer | Synchronizing object | seat-right-03
Fra:1 Mem:75.60M (Peak 75.72M) | Time:00:00.06 | Mem:0.00M, Peak:0.00M | Scene, ViewLayer | Synchronizing object | seat-right-01.002
Fra:1 Mem:75.60M (Peak 75.72M) | Time:00:00.06 | Mem:0.00M, Peak:0.00M | Scene, ViewLayer | Synchronizing object | seat-right-04
Fra:1 Mem:75.60M (Peak 75.72M) | Time:00:00.06 | Mem:0.00M, Peak:0.00M | Scene, ViewLayer | Synchronizing object | seat-left-06.002
Fra:1 Mem:75.60M (Peak 75.72M) | Time:00:00.06 | Mem:0.00M, Peak:0.00M | Scene, ViewLayer | Synchronizing object | seat-right-05
Fra:1 Mem:75.61M (Peak 75.72M) | Time:00:00.06 | Mem:0.00M, Peak:0.00M | Scene, ViewLayer | Synchronizing object | seat-left-05.002
Fra:1 Mem:75.61M (Peak 75.72M) | Time:00:00.06 | Mem:0.00M, Peak:0.00M | Scene, ViewLayer | Synchronizing object | seat-right-06
Fra:1 Mem:75.62M (Peak 75.72M) | Time:00:00.06 | Mem:0.00M, Peak:0.00M | Scene, ViewLayer | Synchronizing object | seat-left-04.002
Fra:1 Mem:75.62M (Peak 75.72M) | Time:00:00.06 | Mem:0.00M, Peak:0.00M | Scene, ViewLayer | Synchronizing object | body-shell.001
Fra:1 Mem:75.65M (Peak 75.72M) | Time:00:00.06 | Mem:0.00M, Peak:0.00M | Scene, ViewLayer | Synchronizing object | seat-left-03.002
Fra:1 Mem:75.94M (Peak 75.94M) | Time:00:00.06 | Mem:0.00M, Peak:0.00M | Scene, ViewLayer | Synchronizing object | seat-left-02.002
Fra:1 Mem:75.95M (Peak 75.95M) | Time:00:00.06 | Mem:0.00M, Peak:0.00M | Scene, ViewLayer | Synchronizing object | seat-left-01.002
Fra:1 Mem:75.95M (Peak 75.95M) | Time:00:00.06 | Mem:0.00M, Peak:0.00M | Scene, ViewLayer | Synchronizing object | next-stop-screen-1-4.002
Fra:1 Mem:75.95M (Peak 75.95M) | Time:00:00.06 | Mem:0.00M, Peak:0.00M | Scene, ViewLayer | Synchronizing object | next-stop-screen-1--4.002
Fra:1 Mem:76.00M (Peak 76.00M) | Time:00:00.06 | Mem:0.00M, Peak:0.00M | Scene, ViewLayer | Synchronizing object | next-stop-screen--1-4.002
Fra:1 Mem:76.02M (Peak 76.02M) | Time:00:00.06 | Mem:0.00M, Peak:0.00M | Scene, ViewLayer | Synchronizing object | next-stop-screen--1--4.002
Fra:1 Mem:75.76M (Peak 76.02M) | Time:00:00.06 | Mem:0.00M, Peak:0.00M | Scene, ViewLayer | Synchronizing object | interior-walls.002
Fra:1 Mem:75.98M (Peak 76.02M) | Time:00:00.06 | Mem:0.00M, Peak:0.00M | Scene, ViewLayer | Synchronizing object | handrails.002
Fra:1 Mem:75.99M (Peak 76.02M) | Time:00:00.06 | Mem:0.00M, Peak:0.00M | Scene, ViewLayer | Synchronizing object | floor.002
Fra:1 Mem:75.87M (Peak 76.02M) | Time:00:00.07 | Mem:0.00M, Peak:0.00M | Scene, ViewLayer | Synchronizing object | ceiling.002
Fra:1 Mem:75.84M (Peak 76.02M) | Time:00:00.07 | Mem:0.00M, Peak:0.00M | Scene, ViewLayer | Synchronizing object | bogie-front-frame.001
Fra:1 Mem:75.83M (Peak 76.02M) | Time:00:00.07 | Mem:0.00M, Peak:0.00M | Scene, ViewLayer | Synchronizing object | wheel-rear-rear-right.002
Fra:1 Mem:75.84M (Peak 76.02M) | Time:00:00.07 | Mem:0.00M, Peak:0.00M | Scene, ViewLayer | Synchronizing object | bogie-rear-frame.001
Fra:1 Mem:75.85M (Peak 76.02M) | Time:00:00.07 | Mem:0.00M, Peak:0.00M | Scene, ViewLayer | Synchronizing object | wheel-rear-rear-left.002
Fra:1 Mem:75.85M (Peak 76.02M) | Time:00:00.07 | Mem:0.00M, Peak:0.00M | Scene, ViewLayer | Synchronizing object | door-left-center-a.001
Fra:1 Mem:75.87M (Peak 76.02M) | Time:00:00.07 | Mem:0.00M, Peak:0.00M | Scene, ViewLayer | Synchronizing object | wheel-rear-front-right.002
Fra:1 Mem:75.86M (Peak 76.02M) | Time:00:00.07 | Mem:0.00M, Peak:0.00M | Scene, ViewLayer | Synchronizing object | wheel-rear-front-left.002
Fra:1 Mem:75.86M (Peak 76.02M) | Time:00:00.07 | Mem:0.00M, Peak:0.00M | Scene, ViewLayer | Synchronizing object | door-left-center-b.001
Fra:1 Mem:75.87M (Peak 76.02M) | Time:00:00.07 | Mem:0.00M, Peak:0.00M | Scene, ViewLayer | Synchronizing object | wheel-front-rear-right.002
Fra:1 Mem:75.88M (Peak 76.02M) | Time:00:00.07 | Mem:0.00M, Peak:0.00M | Scene, ViewLayer | Synchronizing object | door-left-front-a.001
Fra:1 Mem:75.88M (Peak 76.02M) | Time:00:00.07 | Mem:0.00M, Peak:0.00M | Scene, ViewLayer | Synchronizing object | wheel-front-rear-left.002
Fra:1 Mem:75.91M (Peak 76.02M) | Time:00:00.07 | Mem:0.00M, Peak:0.00M | Scene, ViewLayer | Synchronizing object | wheel-front-front-right.002
Fra:1 Mem:75.91M (Peak 76.02M) | Time:00:00.07 | Mem:0.00M, Peak:0.00M | Scene, ViewLayer | Synchronizing object | door-left-front-b.001
Fra:1 Mem:75.93M (Peak 76.02M) | Time:00:00.07 | Mem:0.00M, Peak:0.00M | Scene, ViewLayer | Synchronizing object | wheel-front-front-left.002
Fra:1 Mem:75.91M (Peak 76.02M) | Time:00:00.07 | Mem:0.00M, Peak:0.00M | Scene, ViewLayer | Synchronizing object | glass.002
Fra:1 Mem:75.91M (Peak 76.02M) | Time:00:00.07 | Mem:0.00M, Peak:0.00M | Scene, ViewLayer | Synchronizing object | door-left-rear-a.001
Fra:1 Mem:75.98M (Peak 76.02M) | Time:00:00.07 | Mem:0.00M, Peak:0.00M | Scene, ViewLayer | Synchronizing object | door-left-rear-b.001
Fra:1 Mem:75.97M (Peak 76.02M) | Time:00:00.07 | Mem:0.00M, Peak:0.00M | Scene, ViewLayer | Synchronizing object | door-right-rear-b.002
Fra:1 Mem:75.96M (Peak 76.02M) | Time:00:00.07 | Mem:0.00M, Peak:0.00M | Scene, ViewLayer | Synchronizing object | door-right-center-a.001
Fra:1 Mem:75.99M (Peak 76.02M) | Time:00:00.07 | Mem:0.00M, Peak:0.00M | Scene, ViewLayer | Synchronizing object | door-right-rear-a.002
Fra:1 Mem:75.99M (Peak 76.02M) | Time:00:00.07 | Mem:0.00M, Peak:0.00M | Scene, ViewLayer | Synchronizing object | door-right-center-b.001
Fra:1 Mem:76.01M (Peak 76.02M) | Time:00:00.07 | Mem:0.00M, Peak:0.00M | Scene, ViewLayer | Synchronizing object | door-right-front-b.002
Fra:1 Mem:76.02M (Peak 76.02M) | Time:00:00.07 | Mem:0.00M, Peak:0.00M | Scene, ViewLayer | Synchronizing object | door-right-front-a.001
Fra:1 Mem:76.03M (Peak 76.03M) | Time:00:00.07 | Mem:0.00M, Peak:0.00M | Scene, ViewLayer | Synchronizing object | door-right-front-a.002
Fra:1 Mem:76.04M (Peak 76.04M) | Time:00:00.07 | Mem:0.00M, Peak:0.00M | Scene, ViewLayer | Synchronizing object | door-right-front-b.001
Fra:1 Mem:76.03M (Peak 76.04M) | Time:00:00.07 | Mem:0.00M, Peak:0.00M | Scene, ViewLayer | Synchronizing object | door-right-center-b.002
Fra:1 Mem:76.04M (Peak 76.04M) | Time:00:00.07 | Mem:0.00M, Peak:0.00M | Scene, ViewLayer | Synchronizing object | door-right-rear-a.001
Fra:1 Mem:76.04M (Peak 76.04M) | Time:00:00.07 | Mem:0.00M, Peak:0.00M | Scene, ViewLayer | Synchronizing object | door-right-center-a.002
Fra:1 Mem:76.06M (Peak 76.06M) | Time:00:00.07 | Mem:0.00M, Peak:0.00M | Scene, ViewLayer | Synchronizing object | door-right-rear-b.001
Fra:1 Mem:76.06M (Peak 76.06M) | Time:00:00.07 | Mem:0.00M, Peak:0.00M | Scene, ViewLayer | Synchronizing object | door-left-rear-b.002
Fra:1 Mem:76.09M (Peak 76.09M) | Time:00:00.07 | Mem:0.00M, Peak:0.00M | Scene, ViewLayer | Synchronizing object | glass.001
Fra:1 Mem:76.08M (Peak 76.09M) | Time:00:00.07 | Mem:0.00M, Peak:0.00M | Scene, ViewLayer | Synchronizing object | door-left-rear-a.002
Fra:1 Mem:76.12M (Peak 76.12M) | Time:00:00.07 | Mem:0.00M, Peak:0.00M | Scene, ViewLayer | Synchronizing object | door-left-front-b.002
Fra:1 Mem:76.14M (Peak 76.14M) | Time:00:00.07 | Mem:0.00M, Peak:0.00M | Scene, ViewLayer | Synchronizing object | wheel-front-front-left.001
Fra:1 Mem:76.12M (Peak 76.14M) | Time:00:00.07 | Mem:0.00M, Peak:0.00M | Scene, ViewLayer | Synchronizing object | door-left-front-a.002
Fra:1 Mem:76.15M (Peak 76.15M) | Time:00:00.07 | Mem:0.00M, Peak:0.00M | Scene, ViewLayer | Synchronizing object | wheel-front-front-right.001
Fra:1 Mem:76.15M (Peak 76.15M) | Time:00:00.07 | Mem:0.00M, Peak:0.00M | Scene, ViewLayer | Synchronizing object | door-left-center-b.002
Fra:1 Mem:76.17M (Peak 76.17M) | Time:00:00.07 | Mem:0.00M, Peak:0.00M | Scene, ViewLayer | Synchronizing object | wheel-front-rear-left.001
Fra:1 Mem:76.16M (Peak 76.17M) | Time:00:00.07 | Mem:0.00M, Peak:0.00M | Scene, ViewLayer | Synchronizing object | door-left-center-a.002
Fra:1 Mem:76.15M (Peak 76.17M) | Time:00:00.07 | Mem:0.00M, Peak:0.00M | Scene, ViewLayer | Synchronizing object | wheel-front-rear-right.001
Fra:1 Mem:76.18M (Peak 76.18M) | Time:00:00.07 | Mem:0.00M, Peak:0.00M | Scene, ViewLayer | Synchronizing object | wheel-rear-front-left.001
Fra:1 Mem:76.18M (Peak 76.18M) | Time:00:00.07 | Mem:0.00M, Peak:0.00M | Scene, ViewLayer | Synchronizing object | bogie-rear-frame.002
Fra:1 Mem:76.18M (Peak 76.18M) | Time:00:00.07 | Mem:0.00M, Peak:0.00M | Scene, ViewLayer | Synchronizing object | wheel-rear-front-right.001
Fra:1 Mem:76.18M (Peak 76.18M) | Time:00:00.07 | Mem:0.00M, Peak:0.00M | Scene, ViewLayer | Synchronizing object | bogie-front-frame.002
Fra:1 Mem:76.18M (Peak 76.18M) | Time:00:00.07 | Mem:0.00M, Peak:0.00M | Scene, ViewLayer | Synchronizing object | body-shell.002
Fra:1 Mem:76.19M (Peak 76.19M) | Time:00:00.07 | Mem:0.00M, Peak:0.00M | Scene, ViewLayer | Synchronizing object | wheel-rear-rear-left.001
Fra:1 Mem:76.51M (Peak 76.51M) | Time:00:00.07 | Mem:0.00M, Peak:0.00M | Scene, ViewLayer | Synchronizing object | wheel-rear-rear-right.001
Fra:1 Mem:76.52M (Peak 76.52M) | Time:00:00.07 | Mem:0.00M, Peak:0.00M | Scene, ViewLayer | Synchronizing object | ceiling.001
Fra:1 Mem:76.58M (Peak 76.58M) | Time:00:00.07 | Mem:0.00M, Peak:0.00M | Scene, ViewLayer | Synchronizing object | floor.001
Fra:1 Mem:76.61M (Peak 76.61M) | Time:00:00.07 | Mem:0.00M, Peak:0.00M | Scene, ViewLayer | Synchronizing object | handrails.001
Fra:1 Mem:76.41M (Peak 76.61M) | Time:00:00.07 | Mem:0.00M, Peak:0.00M | Scene, ViewLayer | Synchronizing object | interior-walls.001
Fra:1 Mem:76.47M (Peak 76.61M) | Time:00:00.07 | Mem:0.00M, Peak:0.00M | Scene, ViewLayer | Synchronizing object | next-stop-screen--1--4.001
Fra:1 Mem:76.54M (Peak 76.61M) | Time:00:00.07 | Mem:0.00M, Peak:0.00M | Scene, ViewLayer | Synchronizing object | next-stop-screen--1-4.001
Fra:1 Mem:76.56M (Peak 76.61M) | Time:00:00.07 | Mem:0.00M, Peak:0.00M | Scene, ViewLayer | Synchronizing object | next-stop-screen-1--4.001
Fra:1 Mem:76.43M (Peak 76.61M) | Time:00:00.07 | Mem:0.00M, Peak:0.00M | Scene, ViewLayer | Synchronizing object | next-stop-screen-1-4.001
Fra:1 Mem:76.40M (Peak 76.61M) | Time:00:00.07 | Mem:0.00M, Peak:0.00M | Scene, ViewLayer | Synchronizing object | seat-right-06.001
Fra:1 Mem:76.40M (Peak 76.61M) | Time:00:00.07 | Mem:0.00M, Peak:0.00M | Scene, ViewLayer | Synchronizing object | seat-left-01.001
Fra:1 Mem:76.40M (Peak 76.61M) | Time:00:00.07 | Mem:0.00M, Peak:0.00M | Scene, ViewLayer | Synchronizing object | seat-right-05.001
Fra:1 Mem:76.40M (Peak 76.61M) | Time:00:00.07 | Mem:0.00M, Peak:0.00M | Scene, ViewLayer | Synchronizing object | seat-left-02.001
Fra:1 Mem:76.41M (Peak 76.61M) | Time:00:00.07 | Mem:0.00M, Peak:0.00M | Scene, ViewLayer | Synchronizing object | seat-right-04.001
Fra:1 Mem:76.41M (Peak 76.61M) | Time:00:00.07 | Mem:0.00M, Peak:0.00M | Scene, ViewLayer | Synchronizing object | seat-left-03.001
Fra:1 Mem:76.42M (Peak 76.61M) | Time:00:00.07 | Mem:0.00M, Peak:0.00M | Scene, ViewLayer | Synchronizing object | seat-right-03.001
Fra:1 Mem:76.42M (Peak 76.61M) | Time:00:00.07 | Mem:0.00M, Peak:0.00M | Scene, ViewLayer | Synchronizing object | seat-left-04.001
Fra:1 Mem:76.42M (Peak 76.61M) | Time:00:00.07 | Mem:0.00M, Peak:0.00M | Scene, ViewLayer | Synchronizing object | seat-right-02.001
Fra:1 Mem:76.43M (Peak 76.61M) | Time:00:00.07 | Mem:0.00M, Peak:0.00M | Scene, ViewLayer | Synchronizing object | seat-left-05.001
Fra:1 Mem:76.44M (Peak 76.61M) | Time:00:00.07 | Mem:0.00M, Peak:0.00M | Scene, ViewLayer | Synchronizing object | seat-right-01.001
Fra:1 Mem:76.43M (Peak 76.61M) | Time:00:00.07 | Mem:0.00M, Peak:0.00M | Scene, ViewLayer | Synchronizing object | seat-left-06.001
Fra:1 Mem:76.43M (Peak 76.61M) | Time:00:00.07 | Mem:0.00M, Peak:0.00M | Scene, ViewLayer | Initializing
Fra:1 Mem:51.44M (Peak 76.61M) | Time:00:00.08 | Mem:0.00M, Peak:0.00M | Scene, ViewLayer | Waiting for render to start
Fra:1 Mem:51.45M (Peak 76.61M) | Time:00:00.08 | Mem:0.00M, Peak:0.00M | Scene, ViewLayer | Loading render kernels (may take a few minutes the first time)
Fra:1 Mem:51.45M (Peak 76.61M) | Time:00:00.08 | Mem:0.00M, Peak:0.00M | Scene, ViewLayer | Updating Scene
Fra:1 Mem:51.45M (Peak 76.61M) | Time:00:00.08 | Mem:0.00M, Peak:0.00M | Scene, ViewLayer | Updating Shaders
Fra:1 Mem:51.63M (Peak 76.61M) | Time:00:00.08 | Mem:0.11M, Peak:0.11M | Scene, ViewLayer | Updating Procedurals
Fra:1 Mem:51.63M (Peak 76.61M) | Time:00:00.08 | Mem:0.11M, Peak:0.11M | Scene, ViewLayer | Updating Background
Fra:1 Mem:51.63M (Peak 76.61M) | Time:00:00.08 | Mem:0.11M, Peak:0.11M | Scene, ViewLayer | Updating Camera
Fra:1 Mem:51.63M (Peak 76.61M) | Time:00:00.08 | Mem:0.11M, Peak:0.11M | Scene, ViewLayer | Updating Meshes Flags
Fra:1 Mem:51.63M (Peak 76.61M) | Time:00:00.08 | Mem:0.11M, Peak:0.11M | Scene, ViewLayer | Updating Objects
Fra:1 Mem:51.63M (Peak 76.61M) | Time:00:00.08 | Mem:0.11M, Peak:0.11M | Scene, ViewLayer | Updating Objects | Copying Transformations to device
Fra:1 Mem:51.73M (Peak 76.61M) | Time:00:00.08 | Mem:0.20M, Peak:0.20M | Scene, ViewLayer | Updating Objects | Applying Static Transformations
Fra:1 Mem:51.73M (Peak 76.61M) | Time:00:00.08 | Mem:0.20M, Peak:0.20M | Scene, ViewLayer | Updating Particle Systems
Fra:1 Mem:51.73M (Peak 76.61M) | Time:00:00.08 | Mem:0.20M, Peak:0.20M | Scene, ViewLayer | Updating Particle Systems | Copying Particles to device
Fra:1 Mem:51.73M (Peak 76.61M) | Time:00:00.08 | Mem:0.20M, Peak:0.20M | Scene, ViewLayer | Updating Meshes
Fra:1 Mem:51.95M (Peak 76.61M) | Time:00:00.08 | Mem:0.20M, Peak:0.20M | Scene, ViewLayer | Updating Mesh | Computing attributes
Fra:1 Mem:52.60M (Peak 76.61M) | Time:00:00.08 | Mem:0.23M, Peak:0.23M | Scene, ViewLayer | Updating Mesh | Copying Attributes to device
Fra:1 Mem:52.53M (Peak 76.61M) | Time:00:00.08 | Mem:0.78M, Peak:0.78M | Scene, ViewLayer | Updating Scene BVH | Building
Fra:1 Mem:52.54M (Peak 76.61M) | Time:00:00.08 | Mem:0.78M, Peak:0.78M | Scene, ViewLayer | Updating Scene BVH | Building BVH
Fra:1 Mem:52.54M (Peak 76.61M) | Time:00:00.08 | Mem:1.22M, Peak:1.22M | Scene, ViewLayer | Updating Scene BVH | Building BVH 0%
Fra:1 Mem:52.54M (Peak 76.61M) | Time:00:00.09 | Mem:1.76M, Peak:2.21M | Scene, ViewLayer | Updating Scene BVH | Copying BVH to device
Fra:1 Mem:52.54M (Peak 76.61M) | Time:00:00.09 | Mem:1.76M, Peak:2.21M | Scene, ViewLayer | Updating Mesh | Computing normals
Fra:1 Mem:54.10M (Peak 76.61M) | Time:00:00.09 | Mem:1.76M, Peak:2.21M | Scene, ViewLayer | Updating Mesh | Copying Mesh to device
Fra:1 Mem:54.10M (Peak 76.61M) | Time:00:00.09 | Mem:3.32M, Peak:3.32M | Scene, ViewLayer | Updating Objects Flags
Fra:1 Mem:54.10M (Peak 76.61M) | Time:00:00.09 | Mem:3.32M, Peak:3.32M | Scene, ViewLayer | Updating Primitive Offsets
Fra:1 Mem:54.10M (Peak 76.61M) | Time:00:00.09 | Mem:3.33M, Peak:3.33M | Scene, ViewLayer | Updating Images
Fra:1 Mem:54.10M (Peak 76.61M) | Time:00:00.09 | Mem:3.33M, Peak:3.33M | Scene, ViewLayer | Updating Camera Volume
Fra:1 Mem:54.10M (Peak 76.61M) | Time:00:00.09 | Mem:3.33M, Peak:3.33M | Scene, ViewLayer | Updating Lookup Tables
Fra:1 Mem:54.10M (Peak 76.61M) | Time:00:00.09 | Mem:3.41M, Peak:3.41M | Scene, ViewLayer | Updating Lights
Fra:1 Mem:54.10M (Peak 76.61M) | Time:00:00.09 | Mem:3.41M, Peak:3.41M | Scene, ViewLayer | Updating Lights | Computing tree
Fra:1 Mem:54.11M (Peak 76.61M) | Time:00:00.09 | Mem:3.42M, Peak:3.42M | Scene, ViewLayer | Updating Integrator
Fra:1 Mem:54.11M (Peak 76.61M) | Time:00:00.09 | Mem:3.42M, Peak:3.42M | Scene, ViewLayer | Updating Film
Fra:1 Mem:54.11M (Peak 76.61M) | Time:00:00.09 | Mem:3.34M, Peak:3.42M | Scene, ViewLayer | Updating Lookup Tables
Fra:1 Mem:54.11M (Peak 76.61M) | Time:00:00.09 | Mem:3.42M, Peak:3.42M | Scene, ViewLayer | Updating Baking
Fra:1 Mem:54.11M (Peak 76.61M) | Time:00:00.09 | Mem:3.42M, Peak:3.42M | Scene, ViewLayer | Updating Device | Writing constant memory
Fra:1 Mem:54.12M (Peak 76.61M) | Time:00:00.09 | Mem:3.42M, Peak:3.42M | Scene, ViewLayer | Sample 0/32
Fra:1 Mem:67.86M (Peak 76.61M) | Time:00:00.68 | Remaining:00:18.21 | Mem:17.16M, Peak:17.16M | Scene, ViewLayer | Sample 1/32
Fra:1 Mem:73.97M (Peak 86.18M) | Time:00:17.68 | Mem:17.16M, Peak:17.16M | Scene, ViewLayer | Sample 32/32
Fra:1 Mem:73.97M (Peak 86.18M) | Time:00:17.68 | Mem:17.16M, Peak:17.16M | Scene, ViewLayer | Finished
Saved: '/workspace/scratch/7c20b5ba4165/atlas-backlog-oct3/tools/assets/transit-station-spaces/qa/previews/platform-human-scale.png'
Time: 00:17.75 (Saving: 00:00.06)

Fra:1 Mem:74.25M (Peak 74.25M) | Time:00:00.05 | Mem:0.00M, Peak:0.00M | Scene, ViewLayer | Synchronizing object | platform-foundation
Fra:1 Mem:74.25M (Peak 74.25M) | Time:00:00.05 | Mem:0.00M, Peak:0.00M | Scene, ViewLayer | Synchronizing object | platform-deck
Fra:1 Mem:74.26M (Peak 74.26M) | Time:00:00.05 | Mem:0.00M, Peak:0.00M | Scene, ViewLayer | Synchronizing object | platform-edge-cap
Fra:1 Mem:74.26M (Peak 74.26M) | Time:00:00.05 | Mem:0.00M, Peak:0.00M | Scene, ViewLayer | Synchronizing object | tactile-band
Fra:1 Mem:74.26M (Peak 74.26M) | Time:00:00.05 | Mem:0.00M, Peak:0.00M | Scene, ViewLayer | Synchronizing object | platform-foundation.001
Fra:1 Mem:74.26M (Peak 74.26M) | Time:00:00.05 | Mem:0.00M, Peak:0.00M | Scene, ViewLayer | Synchronizing object | platform-deck.001
Fra:1 Mem:74.26M (Peak 74.26M) | Time:00:00.05 | Mem:0.00M, Peak:0.00M | Scene, ViewLayer | Synchronizing object | platform-edge-cap.001
Fra:1 Mem:74.27M (Peak 74.27M) | Time:00:00.06 | Mem:0.00M, Peak:0.00M | Scene, ViewLayer | Synchronizing object | tactile-band.001
Fra:1 Mem:74.27M (Peak 74.27M) | Time:00:00.06 | Mem:0.00M, Peak:0.00M | Scene, ViewLayer | Synchronizing object | platform-foundation.002
Fra:1 Mem:74.27M (Peak 74.27M) | Time:00:00.06 | Mem:0.00M, Peak:0.00M | Scene, ViewLayer | Synchronizing object | platform-deck.002
Fra:1 Mem:74.27M (Peak 74.27M) | Time:00:00.06 | Mem:0.00M, Peak:0.00M | Scene, ViewLayer | Synchronizing object | platform-edge-cap.002
Fra:1 Mem:74.28M (Peak 74.28M) | Time:00:00.06 | Mem:0.00M, Peak:0.00M | Scene, ViewLayer | Synchronizing object | tactile-band.002
Fra:1 Mem:74.28M (Peak 74.28M) | Time:00:00.06 | Mem:0.00M, Peak:0.00M | Scene, ViewLayer | Synchronizing object | platform-foundation.003
Fra:1 Mem:74.28M (Peak 74.28M) | Time:00:00.06 | Mem:0.00M, Peak:0.00M | Scene, ViewLayer | Synchronizing object | platform-deck.003
Fra:1 Mem:74.28M (Peak 74.28M) | Time:00:00.06 | Mem:0.00M, Peak:0.00M | Scene, ViewLayer | Synchronizing object | platform-edge-cap.003
Fra:1 Mem:74.28M (Peak 74.28M) | Time:00:00.06 | Mem:0.00M, Peak:0.00M | Scene, ViewLayer | Synchronizing object | tactile-band.003
Fra:1 Mem:74.29M (Peak 74.29M) | Time:00:00.06 | Mem:0.00M, Peak:0.00M | Scene, ViewLayer | Synchronizing object | platform-foundation.004
Fra:1 Mem:74.29M (Peak 74.29M) | Time:00:00.06 | Mem:0.00M, Peak:0.00M | Scene, ViewLayer | Synchronizing object | platform-deck.004
Fra:1 Mem:74.29M (Peak 74.29M) | Time:00:00.06 | Mem:0.00M, Peak:0.00M | Scene, ViewLayer | Synchronizing object | platform-edge-cap.004
Fra:1 Mem:74.30M (Peak 74.30M) | Time:00:00.06 | Mem:0.00M, Peak:0.00M | Scene, ViewLayer | Synchronizing object | tactile-band.004
Fra:1 Mem:74.30M (Peak 74.30M) | Time:00:00.06 | Mem:0.00M, Peak:0.00M | Scene, ViewLayer | Synchronizing object | platform-foundation.005
Fra:1 Mem:74.30M (Peak 74.30M) | Time:00:00.06 | Mem:0.00M, Peak:0.00M | Scene, ViewLayer | Synchronizing object | platform-deck.005
Fra:1 Mem:74.30M (Peak 74.30M) | Time:00:00.06 | Mem:0.00M, Peak:0.00M | Scene, ViewLayer | Synchronizing object | platform-edge-cap.005
Fra:1 Mem:74.30M (Peak 74.30M) | Time:00:00.06 | Mem:0.00M, Peak:0.00M | Scene, ViewLayer | Synchronizing object | tactile-band.005
Fra:1 Mem:74.31M (Peak 74.31M) | Time:00:00.06 | Mem:0.00M, Peak:0.00M | Scene, ViewLayer | Synchronizing object | platform-foundation.006
Fra:1 Mem:74.31M (Peak 74.31M) | Time:00:00.06 | Mem:0.00M, Peak:0.00M | Scene, ViewLayer | Synchronizing object | platform-deck.006
Fra:1 Mem:74.31M (Peak 74.31M) | Time:00:00.06 | Mem:0.00M, Peak:0.00M | Scene, ViewLayer | Synchronizing object | platform-edge-cap.006
Fra:1 Mem:74.31M (Peak 74.31M) | Time:00:00.06 | Mem:0.00M, Peak:0.00M | Scene, ViewLayer | Synchronizing object | tactile-band.006
Fra:1 Mem:74.32M (Peak 74.32M) | Time:00:00.06 | Mem:0.00M, Peak:0.00M | Scene, ViewLayer | Synchronizing object | platform-foundation.007
Fra:1 Mem:74.32M (Peak 74.32M) | Time:00:00.06 | Mem:0.00M, Peak:0.00M | Scene, ViewLayer | Synchronizing object | platform-deck.007
Fra:1 Mem:74.32M (Peak 74.32M) | Time:00:00.06 | Mem:0.00M, Peak:0.00M | Scene, ViewLayer | Synchronizing object | platform-edge-cap.007
Fra:1 Mem:74.32M (Peak 74.32M) | Time:00:00.06 | Mem:0.00M, Peak:0.00M | Scene, ViewLayer | Synchronizing object | tactile-band.007
Fra:1 Mem:74.33M (Peak 74.33M) | Time:00:00.06 | Mem:0.00M, Peak:0.00M | Scene, ViewLayer | Synchronizing object | platform-foundation.008
Fra:1 Mem:74.33M (Peak 74.33M) | Time:00:00.06 | Mem:0.00M, Peak:0.00M | Scene, ViewLayer | Synchronizing object | platform-deck.008
Fra:1 Mem:74.33M (Peak 74.33M) | Time:00:00.06 | Mem:0.00M, Peak:0.00M | Scene, ViewLayer | Synchronizing object | platform-edge-cap.008
Fra:1 Mem:74.33M (Peak 74.33M) | Time:00:00.06 | Mem:0.00M, Peak:0.00M | Scene, ViewLayer | Synchronizing object | tactile-band.008
Fra:1 Mem:74.33M (Peak 74.33M) | Time:00:00.06 | Mem:0.00M, Peak:0.00M | Scene, ViewLayer | Synchronizing object | platform-foundation.009
Fra:1 Mem:74.34M (Peak 74.34M) | Time:00:00.06 | Mem:0.00M, Peak:0.00M | Scene, ViewLayer | Synchronizing object | platform-deck.009
Fra:1 Mem:74.34M (Peak 74.34M) | Time:00:00.06 | Mem:0.00M, Peak:0.00M | Scene, ViewLayer | Synchronizing object | platform-edge-cap.009
Fra:1 Mem:74.34M (Peak 74.34M) | Time:00:00.06 | Mem:0.00M, Peak:0.00M | Scene, ViewLayer | Synchronizing object | tactile-band.009
Fra:1 Mem:74.35M (Peak 74.35M) | Time:00:00.06 | Mem:0.00M, Peak:0.00M | Scene, ViewLayer | Synchronizing object | platform-foundation.010
Fra:1 Mem:74.35M (Peak 74.35M) | Time:00:00.06 | Mem:0.00M, Peak:0.00M | Scene, ViewLayer | Synchronizing object | platform-deck.010
Fra:1 Mem:74.35M (Peak 74.35M) | Time:00:00.06 | Mem:0.00M, Peak:0.00M | Scene, ViewLayer | Synchronizing object | platform-edge-cap.010
Fra:1 Mem:74.35M (Peak 74.35M) | Time:00:00.06 | Mem:0.00M, Peak:0.00M | Scene, ViewLayer | Synchronizing object | tactile-band.010
Fra:1 Mem:74.36M (Peak 74.36M) | Time:00:00.06 | Mem:0.00M, Peak:0.00M | Scene, ViewLayer | Synchronizing object | platform-foundation.011
Fra:1 Mem:74.36M (Peak 74.36M) | Time:00:00.06 | Mem:0.00M, Peak:0.00M | Scene, ViewLayer | Synchronizing object | platform-deck.011
Fra:1 Mem:74.36M (Peak 74.36M) | Time:00:00.06 | Mem:0.00M, Peak:0.00M | Scene, ViewLayer | Synchronizing object | platform-edge-cap.011
Fra:1 Mem:74.37M (Peak 74.37M) | Time:00:00.06 | Mem:0.00M, Peak:0.00M | Scene, ViewLayer | Synchronizing object | tactile-band.011
Fra:1 Mem:74.37M (Peak 74.37M) | Time:00:00.06 | Mem:0.00M, Peak:0.00M | Scene, ViewLayer | Synchronizing object | platform-foundation.012
Fra:1 Mem:74.38M (Peak 74.38M) | Time:00:00.06 | Mem:0.00M, Peak:0.00M | Scene, ViewLayer | Synchronizing object | platform-deck.012
Fra:1 Mem:74.38M (Peak 74.38M) | Time:00:00.06 | Mem:0.00M, Peak:0.00M | Scene, ViewLayer | Synchronizing object | platform-edge-cap.012
Fra:1 Mem:74.38M (Peak 74.38M) | Time:00:00.06 | Mem:0.00M, Peak:0.00M | Scene, ViewLayer | Synchronizing object | tactile-band.012
Fra:1 Mem:74.39M (Peak 74.39M) | Time:00:00.06 | Mem:0.00M, Peak:0.00M | Scene, ViewLayer | Synchronizing object | platform-foundation.013
Fra:1 Mem:74.39M (Peak 74.39M) | Time:00:00.06 | Mem:0.00M, Peak:0.00M | Scene, ViewLayer | Synchronizing object | platform-deck.013
Fra:1 Mem:74.39M (Peak 74.39M) | Time:00:00.06 | Mem:0.00M, Peak:0.00M | Scene, ViewLayer | Synchronizing object | platform-edge-cap.013
Fra:1 Mem:74.39M (Peak 74.39M) | Time:00:00.06 | Mem:0.00M, Peak:0.00M | Scene, ViewLayer | Synchronizing object | tactile-band.013
Fra:1 Mem:74.39M (Peak 74.39M) | Time:00:00.06 | Mem:0.00M, Peak:0.00M | Scene, ViewLayer | Synchronizing object | platform-foundation.014
Fra:1 Mem:74.40M (Peak 74.40M) | Time:00:00.06 | Mem:0.00M, Peak:0.00M | Scene, ViewLayer | Synchronizing object | platform-deck.014
Fra:1 Mem:74.40M (Peak 74.40M) | Time:00:00.06 | Mem:0.00M, Peak:0.00M | Scene, ViewLayer | Synchronizing object | platform-edge-cap.014
Fra:1 Mem:74.40M (Peak 74.40M) | Time:00:00.06 | Mem:0.00M, Peak:0.00M | Scene, ViewLayer | Synchronizing object | tactile-band.014
Fra:1 Mem:74.41M (Peak 74.41M) | Time:00:00.06 | Mem:0.00M, Peak:0.00M | Scene, ViewLayer | Synchronizing object | platform-foundation.015
Fra:1 Mem:74.41M (Peak 74.41M) | Time:00:00.06 | Mem:0.00M, Peak:0.00M | Scene, ViewLayer | Synchronizing object | platform-deck.015
Fra:1 Mem:74.41M (Peak 74.41M) | Time:00:00.06 | Mem:0.00M, Peak:0.00M | Scene, ViewLayer | Synchronizing object | platform-edge-cap.015
Fra:1 Mem:74.41M (Peak 74.41M) | Time:00:00.06 | Mem:0.00M, Peak:0.00M | Scene, ViewLayer | Synchronizing object | tactile-band.015
Fra:1 Mem:74.41M (Peak 74.41M) | Time:00:00.06 | Mem:0.00M, Peak:0.00M | Scene, ViewLayer | Synchronizing object | platform-foundation.016
Fra:1 Mem:74.42M (Peak 74.42M) | Time:00:00.06 | Mem:0.00M, Peak:0.00M | Scene, ViewLayer | Synchronizing object | platform-deck.016
Fra:1 Mem:74.42M (Peak 74.42M) | Time:00:00.06 | Mem:0.00M, Peak:0.00M | Scene, ViewLayer | Synchronizing object | platform-edge-cap.016
Fra:1 Mem:74.43M (Peak 74.43M) | Time:00:00.06 | Mem:0.00M, Peak:0.00M | Scene, ViewLayer | Synchronizing object | tactile-band.016
Fra:1 Mem:74.43M (Peak 74.43M) | Time:00:00.06 | Mem:0.00M, Peak:0.00M | Scene, ViewLayer | Synchronizing object | platform-foundation.017
Fra:1 Mem:74.43M (Peak 74.43M) | Time:00:00.06 | Mem:0.00M, Peak:0.00M | Scene, ViewLayer | Synchronizing object | platform-deck.017
Fra:1 Mem:74.43M (Peak 74.43M) | Time:00:00.06 | Mem:0.00M, Peak:0.00M | Scene, ViewLayer | Synchronizing object | platform-edge-cap.017
Fra:1 Mem:74.44M (Peak 74.44M) | Time:00:00.06 | Mem:0.00M, Peak:0.00M | Scene, ViewLayer | Synchronizing object | tactile-band.017
Fra:1 Mem:74.44M (Peak 74.44M) | Time:00:00.06 | Mem:0.00M, Peak:0.00M | Scene, ViewLayer | Synchronizing object | platform-foundation.018
Fra:1 Mem:74.44M (Peak 74.44M) | Time:00:00.06 | Mem:0.00M, Peak:0.00M | Scene, ViewLayer | Synchronizing object | platform-deck.018
Fra:1 Mem:74.45M (Peak 74.45M) | Time:00:00.06 | Mem:0.00M, Peak:0.00M | Scene, ViewLayer | Synchronizing object | platform-edge-cap.018
Fra:1 Mem:74.45M (Peak 74.45M) | Time:00:00.06 | Mem:0.00M, Peak:0.00M | Scene, ViewLayer | Synchronizing object | tactile-band.018
Fra:1 Mem:74.45M (Peak 74.45M) | Time:00:00.06 | Mem:0.00M, Peak:0.00M | Scene, ViewLayer | Synchronizing object | platform-foundation.019
Fra:1 Mem:74.45M (Peak 74.45M) | Time:00:00.06 | Mem:0.00M, Peak:0.00M | Scene, ViewLayer | Synchronizing object | platform-deck.019
Fra:1 Mem:74.46M (Peak 74.46M) | Time:00:00.06 | Mem:0.00M, Peak:0.00M | Scene, ViewLayer | Synchronizing object | platform-edge-cap.019
Fra:1 Mem:74.46M (Peak 74.46M) | Time:00:00.06 | Mem:0.00M, Peak:0.00M | Scene, ViewLayer | Synchronizing object | tactile-band.019
Fra:1 Mem:74.46M (Peak 74.46M) | Time:00:00.06 | Mem:0.00M, Peak:0.00M | Scene, ViewLayer | Synchronizing object | platform-foundation.020
Fra:1 Mem:74.46M (Peak 74.46M) | Time:00:00.06 | Mem:0.00M, Peak:0.00M | Scene, ViewLayer | Synchronizing object | platform-deck.020
Fra:1 Mem:74.47M (Peak 74.47M) | Time:00:00.06 | Mem:0.00M, Peak:0.00M | Scene, ViewLayer | Synchronizing object | platform-edge-cap.020
Fra:1 Mem:74.47M (Peak 74.47M) | Time:00:00.06 | Mem:0.00M, Peak:0.00M | Scene, ViewLayer | Synchronizing object | tactile-band.020
Fra:1 Mem:74.47M (Peak 74.47M) | Time:00:00.06 | Mem:0.00M, Peak:0.00M | Scene, ViewLayer | Synchronizing object | platform-foundation.021
Fra:1 Mem:74.48M (Peak 74.48M) | Time:00:00.06 | Mem:0.00M, Peak:0.00M | Scene, ViewLayer | Synchronizing object | platform-deck.021
Fra:1 Mem:74.48M (Peak 74.48M) | Time:00:00.06 | Mem:0.00M, Peak:0.00M | Scene, ViewLayer | Synchronizing object | platform-edge-cap.021
Fra:1 Mem:74.48M (Peak 74.48M) | Time:00:00.06 | Mem:0.00M, Peak:0.00M | Scene, ViewLayer | Synchronizing object | tactile-band.021
Fra:1 Mem:74.48M (Peak 74.48M) | Time:00:00.06 | Mem:0.00M, Peak:0.00M | Scene, ViewLayer | Synchronizing object | platform-foundation.022
Fra:1 Mem:74.49M (Peak 74.49M) | Time:00:00.06 | Mem:0.00M, Peak:0.00M | Scene, ViewLayer | Synchronizing object | platform-deck.022
Fra:1 Mem:74.49M (Peak 74.49M) | Time:00:00.06 | Mem:0.00M, Peak:0.00M | Scene, ViewLayer | Synchronizing object | platform-edge-cap.022
Fra:1 Mem:74.49M (Peak 74.49M) | Time:00:00.06 | Mem:0.00M, Peak:0.00M | Scene, ViewLayer | Synchronizing object | tactile-band.022
Fra:1 Mem:74.49M (Peak 74.49M) | Time:00:00.06 | Mem:0.00M, Peak:0.00M | Scene, ViewLayer | Synchronizing object | platform-foundation.023
Fra:1 Mem:74.49M (Peak 74.49M) | Time:00:00.06 | Mem:0.00M, Peak:0.00M | Scene, ViewLayer | Synchronizing object | platform-deck.023
Fra:1 Mem:74.50M (Peak 74.50M) | Time:00:00.06 | Mem:0.00M, Peak:0.00M | Scene, ViewLayer | Synchronizing object | platform-edge-cap.023
Fra:1 Mem:74.50M (Peak 74.50M) | Time:00:00.06 | Mem:0.00M, Peak:0.00M | Scene, ViewLayer | Synchronizing object | tactile-band.023
Fra:1 Mem:74.50M (Peak 74.50M) | Time:00:00.06 | Mem:0.00M, Peak:0.00M | Scene, ViewLayer | Synchronizing object | platform-foundation.024
Fra:1 Mem:74.50M (Peak 74.50M) | Time:00:00.06 | Mem:0.00M, Peak:0.00M | Scene, ViewLayer | Synchronizing object | platform-deck.024
Fra:1 Mem:74.51M (Peak 74.51M) | Time:00:00.06 | Mem:0.00M, Peak:0.00M | Scene, ViewLayer | Synchronizing object | platform-edge-cap.024
Fra:1 Mem:74.51M (Peak 74.51M) | Time:00:00.06 | Mem:0.00M, Peak:0.00M | Scene, ViewLayer | Synchronizing object | tactile-band.024
Fra:1 Mem:74.51M (Peak 74.51M) | Time:00:00.06 | Mem:0.00M, Peak:0.00M | Scene, ViewLayer | Synchronizing object | platform-foundation.025
Fra:1 Mem:74.51M (Peak 74.51M) | Time:00:00.06 | Mem:0.00M, Peak:0.00M | Scene, ViewLayer | Synchronizing object | platform-deck.025
Fra:1 Mem:74.52M (Peak 74.52M) | Time:00:00.06 | Mem:0.00M, Peak:0.00M | Scene, ViewLayer | Synchronizing object | platform-edge-cap.025
Fra:1 Mem:74.52M (Peak 74.52M) | Time:00:00.06 | Mem:0.00M, Peak:0.00M | Scene, ViewLayer | Synchronizing object | tactile-band.025
Fra:1 Mem:74.52M (Peak 74.52M) | Time:00:00.06 | Mem:0.00M, Peak:0.00M | Scene, ViewLayer | Synchronizing object | platform-foundation.026
Fra:1 Mem:74.52M (Peak 74.52M) | Time:00:00.06 | Mem:0.00M, Peak:0.00M | Scene, ViewLayer | Synchronizing object | platform-deck.026
Fra:1 Mem:74.53M (Peak 74.53M) | Time:00:00.06 | Mem:0.00M, Peak:0.00M | Scene, ViewLayer | Synchronizing object | platform-edge-cap.026
Fra:1 Mem:74.54M (Peak 74.54M) | Time:00:00.06 | Mem:0.00M, Peak:0.00M | Scene, ViewLayer | Synchronizing object | qa-ruler-tick.010
Fra:1 Mem:74.53M (Peak 74.54M) | Time:00:00.06 | Mem:0.00M, Peak:0.00M | Scene, ViewLayer | Synchronizing object | tactile-band.026
Fra:1 Mem:74.54M (Peak 74.54M) | Time:00:00.06 | Mem:0.00M, Peak:0.00M | Scene, ViewLayer | Synchronizing object | qa-ruler-tick.009
Fra:1 Mem:74.53M (Peak 74.54M) | Time:00:00.06 | Mem:0.00M, Peak:0.00M | Scene, ViewLayer | Synchronizing object | qa-ruler-tick.008
Fra:1 Mem:74.53M (Peak 74.54M) | Time:00:00.06 | Mem:0.00M, Peak:0.00M | Scene, ViewLayer | Synchronizing object | platform-foundation.027
Fra:1 Mem:74.54M (Peak 74.54M) | Time:00:00.06 | Mem:0.00M, Peak:0.00M | Scene, ViewLayer | Synchronizing object | qa-ruler-tick.007
Fra:1 Mem:74.54M (Peak 74.54M) | Time:00:00.06 | Mem:0.00M, Peak:0.00M | Scene, ViewLayer | Synchronizing object | qa-ruler-tick.006
Fra:1 Mem:74.54M (Peak 74.54M) | Time:00:00.06 | Mem:0.00M, Peak:0.00M | Scene, ViewLayer | Synchronizing object | qa-ruler-tick.005
Fra:1 Mem:74.54M (Peak 74.54M) | Time:00:00.06 | Mem:0.00M, Peak:0.00M | Scene, ViewLayer | Synchronizing object | platform-deck.027
Fra:1 Mem:74.55M (Peak 74.55M) | Time:00:00.06 | Mem:0.00M, Peak:0.00M | Scene, ViewLayer | Synchronizing object | qa-ruler-tick.004
Fra:1 Mem:74.55M (Peak 74.55M) | Time:00:00.06 | Mem:0.00M, Peak:0.00M | Scene, ViewLayer | Synchronizing object | qa-ruler-tick.003
Fra:1 Mem:74.54M (Peak 74.55M) | Time:00:00.06 | Mem:0.00M, Peak:0.00M | Scene, ViewLayer | Synchronizing object | platform-edge-cap.027
Fra:1 Mem:74.54M (Peak 74.55M) | Time:00:00.06 | Mem:0.00M, Peak:0.00M | Scene, ViewLayer | Synchronizing object | qa-ruler-tick.002
Fra:1 Mem:74.55M (Peak 74.55M) | Time:00:00.06 | Mem:0.00M, Peak:0.00M | Scene, ViewLayer | Synchronizing object | qa-ruler-tick.001
Fra:1 Mem:74.55M (Peak 74.55M) | Time:00:00.06 | Mem:0.00M, Peak:0.00M | Scene, ViewLayer | Synchronizing object | qa-ruler-tick
Fra:1 Mem:74.54M (Peak 74.55M) | Time:00:00.06 | Mem:0.00M, Peak:0.00M | Scene, ViewLayer | Synchronizing object | qa-one-metre-ruler
Fra:1 Mem:74.54M (Peak 74.55M) | Time:00:00.06 | Mem:0.00M, Peak:0.00M | Scene, ViewLayer | Synchronizing object | tactile-band.027
Fra:1 Mem:74.55M (Peak 74.55M) | Time:00:00.06 | Mem:0.00M, Peak:0.00M | Scene, ViewLayer | Synchronizing object | qa-human-head.001
Fra:1 Mem:74.55M (Peak 74.55M) | Time:00:00.06 | Mem:0.00M, Peak:0.00M | Scene, ViewLayer | Synchronizing object | qa-human-arm.003
Fra:1 Mem:74.55M (Peak 74.55M) | Time:00:00.06 | Mem:0.00M, Peak:0.00M | Scene, ViewLayer | Synchronizing object | platform-foundation.028
Fra:1 Mem:74.58M (Peak 74.58M) | Time:00:00.06 | Mem:0.00M, Peak:0.00M | Scene, ViewLayer | Synchronizing object | platform-deck.028
Fra:1 Mem:74.59M (Peak 74.59M) | Time:00:00.06 | Mem:0.00M, Peak:0.00M | Scene, ViewLayer | Synchronizing object | platform-edge-cap.028
Fra:1 Mem:74.57M (Peak 74.59M) | Time:00:00.06 | Mem:0.00M, Peak:0.00M | Scene, ViewLayer | Synchronizing object | qa-human-leg.003
Fra:1 Mem:74.58M (Peak 74.59M) | Time:00:00.06 | Mem:0.00M, Peak:0.00M | Scene, ViewLayer | Synchronizing object | tactile-band.028
Fra:1 Mem:74.60M (Peak 74.60M) | Time:00:00.06 | Mem:0.00M, Peak:0.00M | Scene, ViewLayer | Synchronizing object | platform-foundation.029
Fra:1 Mem:74.59M (Peak 74.60M) | Time:00:00.06 | Mem:0.00M, Peak:0.00M | Scene, ViewLayer | Synchronizing object | qa-human-arm.002
Fra:1 Mem:74.59M (Peak 74.60M) | Time:00:00.06 | Mem:0.00M, Peak:0.00M | Scene, ViewLayer | Synchronizing object | platform-deck.029
Fra:1 Mem:74.61M (Peak 74.61M) | Time:00:00.06 | Mem:0.00M, Peak:0.00M | Scene, ViewLayer | Synchronizing object | platform-edge-cap.029
Fra:1 Mem:74.61M (Peak 74.61M) | Time:00:00.06 | Mem:0.00M, Peak:0.00M | Scene, ViewLayer | Synchronizing object | qa-human-leg.002
Fra:1 Mem:74.61M (Peak 74.61M) | Time:00:00.06 | Mem:0.00M, Peak:0.00M | Scene, ViewLayer | Synchronizing object | tactile-band.029
Fra:1 Mem:74.64M (Peak 74.64M) | Time:00:00.06 | Mem:0.00M, Peak:0.00M | Scene, ViewLayer | Synchronizing object | platform-foundation.030
Fra:1 Mem:74.63M (Peak 74.64M) | Time:00:00.06 | Mem:0.00M, Peak:0.00M | Scene, ViewLayer | Synchronizing object | qa-human-torso.001
Fra:1 Mem:74.64M (Peak 74.64M) | Time:00:00.06 | Mem:0.00M, Peak:0.00M | Scene, ViewLayer | Synchronizing object | platform-deck.030
Fra:1 Mem:74.65M (Peak 74.65M) | Time:00:00.06 | Mem:0.00M, Peak:0.00M | Scene, ViewLayer | Synchronizing object | platform-edge-cap.030
Fra:1 Mem:74.64M (Peak 74.65M) | Time:00:00.06 | Mem:0.00M, Peak:0.00M | Scene, ViewLayer | Synchronizing object | qa-human-head
Fra:1 Mem:74.65M (Peak 74.65M) | Time:00:00.06 | Mem:0.00M, Peak:0.00M | Scene, ViewLayer | Synchronizing object | qa-human-arm.001
Fra:1 Mem:74.64M (Peak 74.65M) | Time:00:00.06 | Mem:0.00M, Peak:0.00M | Scene, ViewLayer | Synchronizing object | tactile-band.030
Fra:1 Mem:74.67M (Peak 74.67M) | Time:00:00.06 | Mem:0.00M, Peak:0.00M | Scene, ViewLayer | Synchronizing object | platform-foundation.031
Fra:1 Mem:74.66M (Peak 74.67M) | Time:00:00.06 | Mem:0.00M, Peak:0.00M | Scene, ViewLayer | Synchronizing object | qa-human-leg.001
Fra:1 Mem:74.66M (Peak 74.67M) | Time:00:00.06 | Mem:0.00M, Peak:0.00M | Scene, ViewLayer | Synchronizing object | platform-deck.031
Fra:1 Mem:74.69M (Peak 74.69M) | Time:00:00.06 | Mem:0.00M, Peak:0.00M | Scene, ViewLayer | Synchronizing object | platform-edge-cap.031
Fra:1 Mem:74.68M (Peak 74.69M) | Time:00:00.06 | Mem:0.00M, Peak:0.00M | Scene, ViewLayer | Synchronizing object | qa-human-arm
Fra:1 Mem:74.68M (Peak 74.69M) | Time:00:00.06 | Mem:0.00M, Peak:0.00M | Scene, ViewLayer | Synchronizing object | tactile-band.031
Fra:1 Mem:74.71M (Peak 74.71M) | Time:00:00.06 | Mem:0.00M, Peak:0.00M | Scene, ViewLayer | Synchronizing object | platform-foundation.032
Fra:1 Mem:74.69M (Peak 74.71M) | Time:00:00.06 | Mem:0.00M, Peak:0.00M | Scene, ViewLayer | Synchronizing object | qa-human-leg
Fra:1 Mem:74.70M (Peak 74.71M) | Time:00:00.06 | Mem:0.00M, Peak:0.00M | Scene, ViewLayer | Synchronizing object | platform-deck.032
Fra:1 Mem:74.72M (Peak 74.72M) | Time:00:00.06 | Mem:0.00M, Peak:0.00M | Scene, ViewLayer | Synchronizing object | platform-edge-cap.032
Fra:1 Mem:74.72M (Peak 74.72M) | Time:00:00.06 | Mem:0.00M, Peak:0.00M | Scene, ViewLayer | Synchronizing object | qa-human-torso
Fra:1 Mem:74.73M (Peak 74.73M) | Time:00:00.06 | Mem:0.00M, Peak:0.00M | Scene, ViewLayer | Synchronizing object | tactile-band.032
Fra:1 Mem:74.72M (Peak 74.73M) | Time:00:00.06 | Mem:0.00M, Peak:0.00M | Scene, ViewLayer | Synchronizing object | platform-foundation.033
Fra:1 Mem:74.72M (Peak 74.73M) | Time:00:00.06 | Mem:0.00M, Peak:0.00M | Scene, ViewLayer | Synchronizing object | qa-rail.001
Fra:1 Mem:74.73M (Peak 74.73M) | Time:00:00.06 | Mem:0.00M, Peak:0.00M | Scene, ViewLayer | Synchronizing object | qa-rail
Fra:1 Mem:74.73M (Peak 74.73M) | Time:00:00.06 | Mem:0.00M, Peak:0.00M | Scene, ViewLayer | Synchronizing object | qa-ground
Fra:1 Mem:74.72M (Peak 74.73M) | Time:00:00.06 | Mem:0.00M, Peak:0.00M | Scene, ViewLayer | Synchronizing object | platform-deck.033
Fra:1 Mem:74.73M (Peak 74.73M) | Time:00:00.06 | Mem:0.00M, Peak:0.00M | Scene, ViewLayer | Synchronizing object | deck-grip-strip.035
Fra:1 Mem:74.73M (Peak 74.73M) | Time:00:00.06 | Mem:0.00M, Peak:0.00M | Scene, ViewLayer | Synchronizing object | platform-edge-cap.033
Fra:1 Mem:74.74M (Peak 74.74M) | Time:00:00.06 | Mem:0.00M, Peak:0.00M | Scene, ViewLayer | Synchronizing object | deck-grip-strip.034
Fra:1 Mem:74.74M (Peak 74.74M) | Time:00:00.06 | Mem:0.00M, Peak:0.00M | Scene, ViewLayer | Synchronizing object | tactile-band.033
Fra:1 Mem:74.74M (Peak 74.74M) | Time:00:00.06 | Mem:0.00M, Peak:0.00M | Scene, ViewLayer | Synchronizing object | deck-grip-strip.033
Fra:1 Mem:74.75M (Peak 74.75M) | Time:00:00.06 | Mem:0.00M, Peak:0.00M | Scene, ViewLayer | Synchronizing object | platform-foundation.034
Fra:1 Mem:74.75M (Peak 74.75M) | Time:00:00.06 | Mem:0.00M, Peak:0.00M | Scene, ViewLayer | Synchronizing object | threshold-deck.011
Fra:1 Mem:74.75M (Peak 74.75M) | Time:00:00.06 | Mem:0.00M, Peak:0.00M | Scene, ViewLayer | Synchronizing object | platform-deck.034
Fra:1 Mem:74.75M (Peak 74.75M) | Time:00:00.06 | Mem:0.00M, Peak:0.00M | Scene, ViewLayer | Synchronizing object | deck-grip-strip.032
Fra:1 Mem:74.75M (Peak 74.75M) | Time:00:00.06 | Mem:0.00M, Peak:0.00M | Scene, ViewLayer | Synchronizing object | platform-edge-cap.034
Fra:1 Mem:74.75M (Peak 74.75M) | Time:00:00.06 | Mem:0.00M, Peak:0.00M | Scene, ViewLayer | Synchronizing object | deck-grip-strip.031
Fra:1 Mem:74.75M (Peak 74.75M) | Time:00:00.06 | Mem:0.00M, Peak:0.00M | Scene, ViewLayer | Synchronizing object | tactile-band.034
Fra:1 Mem:74.75M (Peak 74.75M) | Time:00:00.06 | Mem:0.00M, Peak:0.00M | Scene, ViewLayer | Synchronizing object | deck-grip-strip.030
Fra:1 Mem:74.75M (Peak 74.75M) | Time:00:00.06 | Mem:0.00M, Peak:0.00M | Scene, ViewLayer | Synchronizing object | platform-foundation.035
Fra:1 Mem:74.76M (Peak 74.76M) | Time:00:00.06 | Mem:0.00M, Peak:0.00M | Scene, ViewLayer | Synchronizing object | threshold-deck.010
Fra:1 Mem:74.76M (Peak 74.76M) | Time:00:00.06 | Mem:0.00M, Peak:0.00M | Scene, ViewLayer | Synchronizing object | platform-deck.035
Fra:1 Mem:74.77M (Peak 74.77M) | Time:00:00.06 | Mem:0.00M, Peak:0.00M | Scene, ViewLayer | Synchronizing object | deck-grip-strip.029
Fra:1 Mem:74.76M (Peak 74.77M) | Time:00:00.06 | Mem:0.00M, Peak:0.00M | Scene, ViewLayer | Synchronizing object | platform-edge-cap.035
Fra:1 Mem:74.77M (Peak 74.77M) | Time:00:00.06 | Mem:0.00M, Peak:0.00M | Scene, ViewLayer | Synchronizing object | deck-grip-strip.028
Fra:1 Mem:74.77M (Peak 74.77M) | Time:00:00.06 | Mem:0.00M, Peak:0.00M | Scene, ViewLayer | Synchronizing object | tactile-band.035
Fra:1 Mem:74.77M (Peak 74.77M) | Time:00:00.06 | Mem:0.00M, Peak:0.00M | Scene, ViewLayer | Synchronizing object | deck-grip-strip.027
Fra:1 Mem:74.77M (Peak 74.77M) | Time:00:00.06 | Mem:0.00M, Peak:0.00M | Scene, ViewLayer | Synchronizing object | platform-foundation.036
Fra:1 Mem:74.77M (Peak 74.77M) | Time:00:00.06 | Mem:0.00M, Peak:0.00M | Scene, ViewLayer | Synchronizing object | threshold-deck.009
Fra:1 Mem:74.77M (Peak 74.77M) | Time:00:00.06 | Mem:0.00M, Peak:0.00M | Scene, ViewLayer | Synchronizing object | platform-deck.036
Fra:1 Mem:74.77M (Peak 74.77M) | Time:00:00.06 | Mem:0.00M, Peak:0.00M | Scene, ViewLayer | Synchronizing object | deck-grip-strip.026
Fra:1 Mem:74.78M (Peak 74.78M) | Time:00:00.06 | Mem:0.00M, Peak:0.00M | Scene, ViewLayer | Synchronizing object | platform-edge-cap.036
Fra:1 Mem:74.79M (Peak 74.79M) | Time:00:00.06 | Mem:0.00M, Peak:0.00M | Scene, ViewLayer | Synchronizing object | deck-grip-strip.025
Fra:1 Mem:74.78M (Peak 74.79M) | Time:00:00.06 | Mem:0.00M, Peak:0.00M | Scene, ViewLayer | Synchronizing object | tactile-band.036
Fra:1 Mem:74.79M (Peak 74.79M) | Time:00:00.06 | Mem:0.00M, Peak:0.00M | Scene, ViewLayer | Synchronizing object | deck-grip-strip.024
Fra:1 Mem:74.79M (Peak 74.79M) | Time:00:00.06 | Mem:0.00M, Peak:0.00M | Scene, ViewLayer | Synchronizing object | sign-post--0.85
Fra:1 Mem:74.79M (Peak 74.79M) | Time:00:00.06 | Mem:0.00M, Peak:0.00M | Scene, ViewLayer | Synchronizing object | threshold-deck.008
Fra:1 Mem:74.79M (Peak 74.79M) | Time:00:00.06 | Mem:0.00M, Peak:0.00M | Scene, ViewLayer | Synchronizing object | sign-foot--0.85
Fra:1 Mem:74.79M (Peak 74.79M) | Time:00:00.06 | Mem:0.00M, Peak:0.00M | Scene, ViewLayer | Synchronizing object | deck-grip-strip.023
Fra:1 Mem:74.79M (Peak 74.79M) | Time:00:00.06 | Mem:0.00M, Peak:0.00M | Scene, ViewLayer | Synchronizing object | sign-post-0.85
Fra:1 Mem:74.80M (Peak 74.80M) | Time:00:00.06 | Mem:0.00M, Peak:0.00M | Scene, ViewLayer | Synchronizing object | deck-grip-strip.022
Fra:1 Mem:74.80M (Peak 74.80M) | Time:00:00.06 | Mem:0.00M, Peak:0.00M | Scene, ViewLayer | Synchronizing object | sign-foot-0.85
Fra:1 Mem:74.81M (Peak 74.81M) | Time:00:00.06 | Mem:0.00M, Peak:0.00M | Scene, ViewLayer | Synchronizing object | guidance-panel
Fra:1 Mem:74.81M (Peak 74.81M) | Time:00:00.06 | Mem:0.00M, Peak:0.00M | Scene, ViewLayer | Synchronizing object | guidance-face
Fra:1 Mem:74.81M (Peak 74.81M) | Time:00:00.06 | Mem:0.00M, Peak:0.00M | Scene, ViewLayer | Synchronizing object | direction-arrow
Fra:1 Mem:74.81M (Peak 74.81M) | Time:00:00.06 | Mem:0.00M, Peak:0.00M | Scene, ViewLayer | Synchronizing object | generic-destination-rule-2.67
Fra:1 Mem:74.82M (Peak 74.82M) | Time:00:00.06 | Mem:0.00M, Peak:0.00M | Scene, ViewLayer | Synchronizing object | generic-destination-rule-2.54
Fra:1 Mem:74.82M (Peak 74.82M) | Time:00:00.06 | Mem:0.00M, Peak:0.00M | Scene, ViewLayer | Synchronizing object | body-shell
Fra:1 Mem:75.12M (Peak 75.12M) | Time:00:00.06 | Mem:0.00M, Peak:0.00M | Scene, ViewLayer | Synchronizing object | deck-grip-strip.021
Fra:1 Mem:75.12M (Peak 75.12M) | Time:00:00.06 | Mem:0.00M, Peak:0.00M | Scene, ViewLayer | Synchronizing object | threshold-deck.007
Fra:1 Mem:75.12M (Peak 75.12M) | Time:00:00.06 | Mem:0.00M, Peak:0.00M | Scene, ViewLayer | Synchronizing object | deck-grip-strip.020
Fra:1 Mem:75.16M (Peak 75.16M) | Time:00:00.06 | Mem:0.00M, Peak:0.00M | Scene, ViewLayer | Synchronizing object | deck-grip-strip.019
Fra:1 Mem:75.19M (Peak 75.19M) | Time:00:00.06 | Mem:0.00M, Peak:0.00M | Scene, ViewLayer | Synchronizing object | deck-grip-strip.018
Fra:1 Mem:75.20M (Peak 75.20M) | Time:00:00.06 | Mem:0.00M, Peak:0.00M | Scene, ViewLayer | Synchronizing object | threshold-deck.006
Fra:1 Mem:74.97M (Peak 75.20M) | Time:00:00.06 | Mem:0.00M, Peak:0.00M | Scene, ViewLayer | Synchronizing object | deck-grip-strip.017
Fra:1 Mem:74.99M (Peak 75.20M) | Time:00:00.06 | Mem:0.00M, Peak:0.00M | Scene, ViewLayer | Synchronizing object | deck-grip-strip.016
Fra:1 Mem:74.99M (Peak 75.20M) | Time:00:00.06 | Mem:0.00M, Peak:0.00M | Scene, ViewLayer | Synchronizing object | deck-grip-strip.015
Fra:1 Mem:75.13M (Peak 75.20M) | Time:00:00.06 | Mem:0.00M, Peak:0.00M | Scene, ViewLayer | Synchronizing object | threshold-deck.005
Fra:1 Mem:75.14M (Peak 75.20M) | Time:00:00.06 | Mem:0.00M, Peak:0.00M | Scene, ViewLayer | Synchronizing object | deck-grip-strip.014
Fra:1 Mem:75.14M (Peak 75.20M) | Time:00:00.06 | Mem:0.00M, Peak:0.00M | Scene, ViewLayer | Synchronizing object | deck-grip-strip.013
Fra:1 Mem:75.14M (Peak 75.20M) | Time:00:00.06 | Mem:0.00M, Peak:0.00M | Scene, ViewLayer | Synchronizing object | deck-grip-strip.012
Fra:1 Mem:74.98M (Peak 75.20M) | Time:00:00.06 | Mem:0.00M, Peak:0.00M | Scene, ViewLayer | Synchronizing object | threshold-deck.004
Fra:1 Mem:74.97M (Peak 75.20M) | Time:00:00.06 | Mem:0.00M, Peak:0.00M | Scene, ViewLayer | Synchronizing object | bogie-front-frame
Fra:1 Mem:74.97M (Peak 75.20M) | Time:00:00.06 | Mem:0.00M, Peak:0.00M | Scene, ViewLayer | Synchronizing object | bogie-rear-frame
Fra:1 Mem:74.98M (Peak 75.20M) | Time:00:00.06 | Mem:0.00M, Peak:0.00M | Scene, ViewLayer | Synchronizing object | deck-grip-strip.011
Fra:1 Mem:74.98M (Peak 75.20M) | Time:00:00.06 | Mem:0.00M, Peak:0.00M | Scene, ViewLayer | Synchronizing object | door-left-center-a
Fra:1 Mem:74.98M (Peak 75.20M) | Time:00:00.06 | Mem:0.00M, Peak:0.00M | Scene, ViewLayer | Synchronizing object | deck-grip-strip.010
Fra:1 Mem:74.99M (Peak 75.20M) | Time:00:00.06 | Mem:0.00M, Peak:0.00M | Scene, ViewLayer | Synchronizing object | deck-grip-strip.009
Fra:1 Mem:74.99M (Peak 75.20M) | Time:00:00.06 | Mem:0.00M, Peak:0.00M | Scene, ViewLayer | Synchronizing object | door-left-center-b
Fra:1 Mem:74.99M (Peak 75.20M) | Time:00:00.06 | Mem:0.00M, Peak:0.00M | Scene, ViewLayer | Synchronizing object | threshold-deck.003
Fra:1 Mem:75.01M (Peak 75.20M) | Time:00:00.06 | Mem:0.00M, Peak:0.00M | Scene, ViewLayer | Synchronizing object | deck-grip-strip.008
Fra:1 Mem:75.00M (Peak 75.20M) | Time:00:00.06 | Mem:0.00M, Peak:0.00M | Scene, ViewLayer | Synchronizing object | door-left-front-a
Fra:1 Mem:75.01M (Peak 75.20M) | Time:00:00.06 | Mem:0.00M, Peak:0.00M | Scene, ViewLayer | Synchronizing object | deck-grip-strip.007
Fra:1 Mem:75.02M (Peak 75.20M) | Time:00:00.06 | Mem:0.00M, Peak:0.00M | Scene, ViewLayer | Synchronizing object | deck-grip-strip.006
Fra:1 Mem:75.02M (Peak 75.20M) | Time:00:00.06 | Mem:0.00M, Peak:0.00M | Scene, ViewLayer | Synchronizing object | threshold-deck.002
Fra:1 Mem:75.02M (Peak 75.20M) | Time:00:00.06 | Mem:0.00M, Peak:0.00M | Scene, ViewLayer | Synchronizing object | door-left-front-b
Fra:1 Mem:75.05M (Peak 75.20M) | Time:00:00.06 | Mem:0.00M, Peak:0.00M | Scene, ViewLayer | Synchronizing object | deck-grip-strip.005
Fra:1 Mem:75.05M (Peak 75.20M) | Time:00:00.06 | Mem:0.00M, Peak:0.00M | Scene, ViewLayer | Synchronizing object | deck-grip-strip.004
Fra:1 Mem:75.04M (Peak 75.20M) | Time:00:00.06 | Mem:0.00M, Peak:0.00M | Scene, ViewLayer | Synchronizing object | door-left-rear-a
Fra:1 Mem:75.06M (Peak 75.20M) | Time:00:00.06 | Mem:0.00M, Peak:0.00M | Scene, ViewLayer | Synchronizing object | deck-grip-strip.003
Fra:1 Mem:75.05M (Peak 75.20M) | Time:00:00.06 | Mem:0.00M, Peak:0.00M | Scene, ViewLayer | Synchronizing object | threshold-deck.001
Fra:1 Mem:75.06M (Peak 75.20M) | Time:00:00.06 | Mem:0.00M, Peak:0.00M | Scene, ViewLayer | Synchronizing object | door-left-rear-b
Fra:1 Mem:75.05M (Peak 75.20M) | Time:00:00.06 | Mem:0.00M, Peak:0.00M | Scene, ViewLayer | Synchronizing object | deck-grip-strip.002
Fra:1 Mem:75.07M (Peak 75.20M) | Time:00:00.06 | Mem:0.00M, Peak:0.00M | Scene, ViewLayer | Synchronizing object | deck-grip-strip.001
Fra:1 Mem:75.07M (Peak 75.20M) | Time:00:00.06 | Mem:0.00M, Peak:0.00M | Scene, ViewLayer | Synchronizing object | deck-grip-strip
Fra:1 Mem:75.06M (Peak 75.20M) | Time:00:00.06 | Mem:0.00M, Peak:0.00M | Scene, ViewLayer | Synchronizing object | door-right-center-a
Fra:1 Mem:75.09M (Peak 75.20M) | Time:00:00.06 | Mem:0.00M, Peak:0.00M | Scene, ViewLayer | Synchronizing object | threshold-deck
Fra:1 Mem:75.09M (Peak 75.20M) | Time:00:00.06 | Mem:0.00M, Peak:0.00M | Scene, ViewLayer | Synchronizing object | seat-right-06.003
Fra:1 Mem:75.08M (Peak 75.20M) | Time:00:00.06 | Mem:0.00M, Peak:0.00M | Scene, ViewLayer | Synchronizing object | door-right-center-b
Fra:1 Mem:75.11M (Peak 75.20M) | Time:00:00.06 | Mem:0.00M, Peak:0.00M | Scene, ViewLayer | Synchronizing object | seat-right-05.003
Fra:1 Mem:75.10M (Peak 75.20M) | Time:00:00.06 | Mem:0.00M, Peak:0.00M | Scene, ViewLayer | Synchronizing object | seat-right-04.003
Fra:1 Mem:75.09M (Peak 75.20M) | Time:00:00.06 | Mem:0.00M, Peak:0.00M | Scene, ViewLayer | Synchronizing object | door-right-front-a
Fra:1 Mem:75.12M (Peak 75.20M) | Time:00:00.06 | Mem:0.00M, Peak:0.00M | Scene, ViewLayer | Synchronizing object | seat-right-03.003
Fra:1 Mem:75.12M (Peak 75.20M) | Time:00:00.06 | Mem:0.00M, Peak:0.00M | Scene, ViewLayer | Synchronizing object | door-right-front-b
Fra:1 Mem:75.11M (Peak 75.20M) | Time:00:00.06 | Mem:0.00M, Peak:0.00M | Scene, ViewLayer | Synchronizing object | seat-right-02.003
Fra:1 Mem:75.15M (Peak 75.20M) | Time:00:00.06 | Mem:0.00M, Peak:0.00M | Scene, ViewLayer | Synchronizing object | seat-right-01.003
Fra:1 Mem:75.15M (Peak 75.20M) | Time:00:00.06 | Mem:0.00M, Peak:0.00M | Scene, ViewLayer | Synchronizing object | seat-left-06.003
Fra:1 Mem:75.14M (Peak 75.20M) | Time:00:00.06 | Mem:0.00M, Peak:0.00M | Scene, ViewLayer | Synchronizing object | door-right-rear-a
Fra:1 Mem:75.13M (Peak 75.20M) | Time:00:00.06 | Mem:0.00M, Peak:0.00M | Scene, ViewLayer | Synchronizing object | seat-left-05.003
Fra:1 Mem:75.17M (Peak 75.20M) | Time:00:00.06 | Mem:0.00M, Peak:0.00M | Scene, ViewLayer | Synchronizing object | seat-left-04.003
Fra:1 Mem:75.15M (Peak 75.20M) | Time:00:00.06 | Mem:0.00M, Peak:0.00M | Scene, ViewLayer | Synchronizing object | seat-left-03.003
Fra:1 Mem:75.15M (Peak 75.20M) | Time:00:00.06 | Mem:0.00M, Peak:0.00M | Scene, ViewLayer | Synchronizing object | door-right-rear-b
Fra:1 Mem:75.19M (Peak 75.20M) | Time:00:00.06 | Mem:0.00M, Peak:0.00M | Scene, ViewLayer | Synchronizing object | seat-left-02.003
Fra:1 Mem:75.18M (Peak 75.20M) | Time:00:00.06 | Mem:0.00M, Peak:0.00M | Scene, ViewLayer | Synchronizing object | seat-left-01.003
Fra:1 Mem:75.18M (Peak 75.20M) | Time:00:00.06 | Mem:0.00M, Peak:0.00M | Scene, ViewLayer | Synchronizing object | glass
Fra:1 Mem:75.18M (Peak 75.20M) | Time:00:00.06 | Mem:0.00M, Peak:0.00M | Scene, ViewLayer | Synchronizing object | next-stop-screen-1-4.004
Fra:1 Mem:75.24M (Peak 75.24M) | Time:00:00.06 | Mem:0.00M, Peak:0.00M | Scene, ViewLayer | Synchronizing object | next-stop-screen-1--4.004
Fra:1 Mem:75.25M (Peak 75.25M) | Time:00:00.06 | Mem:0.00M, Peak:0.00M | Scene, ViewLayer | Synchronizing object | next-stop-screen--1-4.004
Fra:1 Mem:75.21M (Peak 75.25M) | Time:00:00.06 | Mem:0.00M, Peak:0.00M | Scene, ViewLayer | Synchronizing object | next-stop-screen--1--4.004
Fra:1 Mem:75.24M (Peak 75.25M) | Time:00:00.06 | Mem:0.00M, Peak:0.00M | Scene, ViewLayer | Synchronizing object | interior-walls.003
Fra:1 Mem:75.28M (Peak 75.28M) | Time:00:00.06 | Mem:0.00M, Peak:0.00M | Scene, ViewLayer | Synchronizing object | lights
Fra:1 Mem:75.25M (Peak 75.28M) | Time:00:00.06 | Mem:0.00M, Peak:0.00M | Scene, ViewLayer | Synchronizing object | wheel-front-front-left
Fra:1 Mem:75.28M (Peak 75.28M) | Time:00:00.06 | Mem:0.00M, Peak:0.00M | Scene, ViewLayer | Synchronizing object | wheel-front-front-right
Fra:1 Mem:75.25M (Peak 75.28M) | Time:00:00.06 | Mem:0.00M, Peak:0.00M | Scene, ViewLayer | Synchronizing object | handrails.003
Fra:1 Mem:75.30M (Peak 75.30M) | Time:00:00.06 | Mem:0.00M, Peak:0.00M | Scene, ViewLayer | Synchronizing object | wheel-front-rear-left
Fra:1 Mem:75.27M (Peak 75.30M) | Time:00:00.06 | Mem:0.00M, Peak:0.00M | Scene, ViewLayer | Synchronizing object | wheel-front-rear-right
Fra:1 Mem:75.32M (Peak 75.32M) | Time:00:00.06 | Mem:0.00M, Peak:0.00M | Scene, ViewLayer | Synchronizing object | wheel-rear-front-left
Fra:1 Mem:75.28M (Peak 75.32M) | Time:00:00.06 | Mem:0.00M, Peak:0.00M | Scene, ViewLayer | Synchronizing object | floor.003
Fra:1 Mem:75.28M (Peak 75.32M) | Time:00:00.06 | Mem:0.00M, Peak:0.00M | Scene, ViewLayer | Synchronizing object | wheel-rear-front-right
Fra:1 Mem:75.30M (Peak 75.32M) | Time:00:00.06 | Mem:0.00M, Peak:0.00M | Scene, ViewLayer | Synchronizing object | ceiling.003
Fra:1 Mem:75.30M (Peak 75.32M) | Time:00:00.06 | Mem:0.00M, Peak:0.00M | Scene, ViewLayer | Synchronizing object | wheel-rear-rear-left
Fra:1 Mem:75.31M (Peak 75.32M) | Time:00:00.06 | Mem:0.00M, Peak:0.00M | Scene, ViewLayer | Synchronizing object | wheel-rear-rear-right.003
Fra:1 Mem:75.31M (Peak 75.32M) | Time:00:00.06 | Mem:0.00M, Peak:0.00M | Scene, ViewLayer | Synchronizing object | wheel-rear-rear-right
Fra:1 Mem:75.31M (Peak 75.32M) | Time:00:00.06 | Mem:0.00M, Peak:0.00M | Scene, ViewLayer | Synchronizing object | wheel-rear-rear-left.003
Fra:1 Mem:75.32M (Peak 75.32M) | Time:00:00.06 | Mem:0.00M, Peak:0.00M | Scene, ViewLayer | Synchronizing object | ceiling
Fra:1 Mem:75.31M (Peak 75.32M) | Time:00:00.06 | Mem:0.00M, Peak:0.00M | Scene, ViewLayer | Synchronizing object | wheel-rear-front-right.003
Fra:1 Mem:75.31M (Peak 75.32M) | Time:00:00.06 | Mem:0.00M, Peak:0.00M | Scene, ViewLayer | Synchronizing object | floor
Fra:1 Mem:75.32M (Peak 75.32M) | Time:00:00.06 | Mem:0.00M, Peak:0.00M | Scene, ViewLayer | Synchronizing object | handrails
Fra:1 Mem:75.32M (Peak 75.32M) | Time:00:00.06 | Mem:0.00M, Peak:0.00M | Scene, ViewLayer | Synchronizing object | wheel-rear-front-left.003
Fra:1 Mem:75.34M (Peak 75.34M) | Time:00:00.06 | Mem:0.00M, Peak:0.00M | Scene, ViewLayer | Synchronizing object | wheel-front-rear-right.003
Fra:1 Mem:75.39M (Peak 75.39M) | Time:00:00.06 | Mem:0.00M, Peak:0.00M | Scene, ViewLayer | Synchronizing object | wheel-front-rear-left.003
Fra:1 Mem:75.36M (Peak 75.39M) | Time:00:00.06 | Mem:0.00M, Peak:0.00M | Scene, ViewLayer | Synchronizing object | wheel-front-front-right.003
Fra:1 Mem:75.36M (Peak 75.39M) | Time:00:00.06 | Mem:0.00M, Peak:0.00M | Scene, ViewLayer | Synchronizing object | interior-walls
Fra:1 Mem:75.43M (Peak 75.43M) | Time:00:00.06 | Mem:0.00M, Peak:0.00M | Scene, ViewLayer | Synchronizing object | wheel-front-front-left.003
Fra:1 Mem:75.45M (Peak 75.45M) | Time:00:00.06 | Mem:0.00M, Peak:0.00M | Scene, ViewLayer | Synchronizing object | lights.001
Fra:1 Mem:75.41M (Peak 75.45M) | Time:00:00.06 | Mem:0.00M, Peak:0.00M | Scene, ViewLayer | Synchronizing object | glass.003
Fra:1 Mem:75.42M (Peak 75.45M) | Time:00:00.06 | Mem:0.00M, Peak:0.00M | Scene, ViewLayer | Synchronizing object | next-stop-screen--1--4.3
Fra:1 Mem:75.46M (Peak 75.46M) | Time:00:00.06 | Mem:0.00M, Peak:0.00M | Scene, ViewLayer | Synchronizing object | next-stop-screen--1-4.3
Fra:1 Mem:75.43M (Peak 75.46M) | Time:00:00.06 | Mem:0.00M, Peak:0.00M | Scene, ViewLayer | Synchronizing object | door-right-rear-b.003
Fra:1 Mem:75.43M (Peak 75.46M) | Time:00:00.06 | Mem:0.00M, Peak:0.00M | Scene, ViewLayer | Synchronizing object | next-stop-screen-1--4.3
Fra:1 Mem:75.44M (Peak 75.46M) | Time:00:00.06 | Mem:0.00M, Peak:0.00M | Scene, ViewLayer | Synchronizing object | next-stop-screen-1-4.3
Fra:1 Mem:75.44M (Peak 75.46M) | Time:00:00.06 | Mem:0.00M, Peak:0.00M | Scene, ViewLayer | Synchronizing object | door-right-rear-a.003
Fra:1 Mem:75.44M (Peak 75.46M) | Time:00:00.06 | Mem:0.00M, Peak:0.00M | Scene, ViewLayer | Synchronizing object | seat-left-01
Fra:1 Mem:75.47M (Peak 75.47M) | Time:00:00.06 | Mem:0.00M, Peak:0.00M | Scene, ViewLayer | Synchronizing object | seat-left-02
Fra:1 Mem:75.46M (Peak 75.47M) | Time:00:00.06 | Mem:0.00M, Peak:0.00M | Scene, ViewLayer | Synchronizing object | door-right-front-b.003
Fra:1 Mem:75.49M (Peak 75.49M) | Time:00:00.06 | Mem:0.00M, Peak:0.00M | Scene, ViewLayer | Synchronizing object | seat-left-03
Fra:1 Mem:75.48M (Peak 75.49M) | Time:00:00.06 | Mem:0.00M, Peak:0.00M | Scene, ViewLayer | Synchronizing object | door-right-front-a.003
Fra:1 Mem:75.47M (Peak 75.49M) | Time:00:00.06 | Mem:0.00M, Peak:0.00M | Scene, ViewLayer | Synchronizing object | seat-left-04
Fra:1 Mem:75.50M (Peak 75.50M) | Time:00:00.06 | Mem:0.00M, Peak:0.00M | Scene, ViewLayer | Synchronizing object | seat-left-05
Fra:1 Mem:75.49M (Peak 75.50M) | Time:00:00.06 | Mem:0.00M, Peak:0.00M | Scene, ViewLayer | Synchronizing object | door-right-center-b.003
Fra:1 Mem:75.51M (Peak 75.51M) | Time:00:00.06 | Mem:0.00M, Peak:0.00M | Scene, ViewLayer | Synchronizing object | seat-left-06
Fra:1 Mem:75.51M (Peak 75.51M) | Time:00:00.06 | Mem:0.00M, Peak:0.00M | Scene, ViewLayer | Synchronizing object | seat-right-01
Fra:1 Mem:75.50M (Peak 75.51M) | Time:00:00.06 | Mem:0.00M, Peak:0.00M | Scene, ViewLayer | Synchronizing object | door-right-center-a.003
Fra:1 Mem:75.54M (Peak 75.54M) | Time:00:00.06 | Mem:0.00M, Peak:0.00M | Scene, ViewLayer | Synchronizing object | seat-right-02
Fra:1 Mem:75.52M (Peak 75.54M) | Time:00:00.06 | Mem:0.00M, Peak:0.00M | Scene, ViewLayer | Synchronizing object | door-left-rear-b.003
Fra:1 Mem:75.52M (Peak 75.54M) | Time:00:00.06 | Mem:0.00M, Peak:0.00M | Scene, ViewLayer | Synchronizing object | seat-right-03
Fra:1 Mem:75.54M (Peak 75.54M) | Time:00:00.06 | Mem:0.00M, Peak:0.00M | Scene, ViewLayer | Synchronizing object | seat-right-04
Fra:1 Mem:75.55M (Peak 75.55M) | Time:00:00.06 | Mem:0.00M, Peak:0.00M | Scene, ViewLayer | Synchronizing object | door-left-rear-a.003
Fra:1 Mem:75.56M (Peak 75.56M) | Time:00:00.06 | Mem:0.00M, Peak:0.00M | Scene, ViewLayer | Synchronizing object | seat-right-05
Fra:1 Mem:75.56M (Peak 75.56M) | Time:00:00.06 | Mem:0.00M, Peak:0.00M | Scene, ViewLayer | Synchronizing object | seat-right-06
Fra:1 Mem:75.55M (Peak 75.56M) | Time:00:00.06 | Mem:0.00M, Peak:0.00M | Scene, ViewLayer | Synchronizing object | door-left-front-b.003
Fra:1 Mem:75.58M (Peak 75.58M) | Time:00:00.06 | Mem:0.00M, Peak:0.00M | Scene, ViewLayer | Synchronizing object | body-shell.001
Fra:1 Mem:75.59M (Peak 75.59M) | Time:00:00.06 | Mem:0.00M, Peak:0.00M | Scene, ViewLayer | Synchronizing object | door-left-front-a.003
Fra:1 Mem:75.89M (Peak 75.89M) | Time:00:00.06 | Mem:0.00M, Peak:0.00M | Scene, ViewLayer | Synchronizing object | door-left-center-b.003
Fra:1 Mem:75.90M (Peak 75.90M) | Time:00:00.06 | Mem:0.00M, Peak:0.00M | Scene, ViewLayer | Synchronizing object | door-left-center-a.003
Fra:1 Mem:75.91M (Peak 75.91M) | Time:00:00.06 | Mem:0.00M, Peak:0.00M | Scene, ViewLayer | Synchronizing object | bogie-rear-frame.003
Fra:1 Mem:75.91M (Peak 75.91M) | Time:00:00.06 | Mem:0.00M, Peak:0.00M | Scene, ViewLayer | Synchronizing object | bogie-front-frame.003
Fra:1 Mem:75.92M (Peak 75.92M) | Time:00:00.06 | Mem:0.00M, Peak:0.00M | Scene, ViewLayer | Synchronizing object | body-shell.003
Fra:1 Mem:76.03M (Peak 76.03M) | Time:00:00.06 | Mem:0.00M, Peak:0.00M | Scene, ViewLayer | Synchronizing object | bogie-front-frame.001
Fra:1 Mem:76.04M (Peak 76.04M) | Time:00:00.06 | Mem:0.00M, Peak:0.00M | Scene, ViewLayer | Synchronizing object | bogie-rear-frame.001
Fra:1 Mem:76.04M (Peak 76.04M) | Time:00:00.06 | Mem:0.00M, Peak:0.00M | Scene, ViewLayer | Synchronizing object | door-left-center-a.001
Fra:1 Mem:75.87M (Peak 76.04M) | Time:00:00.06 | Mem:0.00M, Peak:0.00M | Scene, ViewLayer | Synchronizing object | door-left-center-b.001
Fra:1 Mem:75.89M (Peak 76.04M) | Time:00:00.06 | Mem:0.00M, Peak:0.00M | Scene, ViewLayer | Synchronizing object | seat-right-06.002
Fra:1 Mem:75.90M (Peak 76.04M) | Time:00:00.06 | Mem:0.00M, Peak:0.00M | Scene, ViewLayer | Synchronizing object | door-left-front-a.001
Fra:1 Mem:75.92M (Peak 76.04M) | Time:00:00.06 | Mem:0.00M, Peak:0.00M | Scene, ViewLayer | Synchronizing object | seat-right-05.002
Fra:1 Mem:75.91M (Peak 76.04M) | Time:00:00.06 | Mem:0.00M, Peak:0.00M | Scene, ViewLayer | Synchronizing object | door-left-front-b.001
Fra:1 Mem:75.91M (Peak 76.04M) | Time:00:00.06 | Mem:0.00M, Peak:0.00M | Scene, ViewLayer | Synchronizing object | seat-right-04.002
Fra:1 Mem:75.93M (Peak 76.04M) | Time:00:00.06 | Mem:0.00M, Peak:0.00M | Scene, ViewLayer | Synchronizing object | seat-right-03.002
Fra:1 Mem:75.93M (Peak 76.04M) | Time:00:00.06 | Mem:0.00M, Peak:0.00M | Scene, ViewLayer | Synchronizing object | door-left-rear-a.001
Fra:1 Mem:75.95M (Peak 76.04M) | Time:00:00.06 | Mem:0.00M, Peak:0.00M | Scene, ViewLayer | Synchronizing object | seat-right-02.002
Fra:1 Mem:75.94M (Peak 76.04M) | Time:00:00.06 | Mem:0.00M, Peak:0.00M | Scene, ViewLayer | Synchronizing object | door-left-rear-b.001
Fra:1 Mem:75.93M (Peak 76.04M) | Time:00:00.06 | Mem:0.00M, Peak:0.00M | Scene, ViewLayer | Synchronizing object | seat-right-01.002
Fra:1 Mem:75.97M (Peak 76.04M) | Time:00:00.06 | Mem:0.00M, Peak:0.00M | Scene, ViewLayer | Synchronizing object | seat-left-06.002
Fra:1 Mem:75.95M (Peak 76.04M) | Time:00:00.06 | Mem:0.00M, Peak:0.00M | Scene, ViewLayer | Synchronizing object | door-right-center-a.001
Fra:1 Mem:75.95M (Peak 76.04M) | Time:00:00.06 | Mem:0.00M, Peak:0.00M | Scene, ViewLayer | Synchronizing object | seat-left-05.002
Fra:1 Mem:75.98M (Peak 76.04M) | Time:00:00.06 | Mem:0.00M, Peak:0.00M | Scene, ViewLayer | Synchronizing object | seat-left-04.002
Fra:1 Mem:75.97M (Peak 76.04M) | Time:00:00.06 | Mem:0.00M, Peak:0.00M | Scene, ViewLayer | Synchronizing object | door-right-center-b.001
Fra:1 Mem:75.97M (Peak 76.04M) | Time:00:00.06 | Mem:0.00M, Peak:0.00M | Scene, ViewLayer | Synchronizing object | seat-left-03.002
Fra:1 Mem:76.00M (Peak 76.04M) | Time:00:00.06 | Mem:0.00M, Peak:0.00M | Scene, ViewLayer | Synchronizing object | seat-left-02.002
Fra:1 Mem:75.99M (Peak 76.04M) | Time:00:00.06 | Mem:0.00M, Peak:0.00M | Scene, ViewLayer | Synchronizing object | door-right-front-a.001
Fra:1 Mem:75.99M (Peak 76.04M) | Time:00:00.06 | Mem:0.00M, Peak:0.00M | Scene, ViewLayer | Synchronizing object | seat-left-01.002
Fra:1 Mem:76.01M (Peak 76.04M) | Time:00:00.06 | Mem:0.00M, Peak:0.00M | Scene, ViewLayer | Synchronizing object | next-stop-screen-1-4.002
Fra:1 Mem:76.00M (Peak 76.04M) | Time:00:00.06 | Mem:0.00M, Peak:0.00M | Scene, ViewLayer | Synchronizing object | door-right-front-b.001
Fra:1 Mem:76.00M (Peak 76.04M) | Time:00:00.06 | Mem:0.00M, Peak:0.00M | Scene, ViewLayer | Synchronizing object | next-stop-screen-1--4.002
Fra:1 Mem:76.02M (Peak 76.04M) | Time:00:00.06 | Mem:0.00M, Peak:0.00M | Scene, ViewLayer | Synchronizing object | next-stop-screen--1-4.002
Fra:1 Mem:76.02M (Peak 76.04M) | Time:00:00.06 | Mem:0.00M, Peak:0.00M | Scene, ViewLayer | Synchronizing object | door-right-rear-a.001
Fra:1 Mem:76.02M (Peak 76.04M) | Time:00:00.06 | Mem:0.00M, Peak:0.00M | Scene, ViewLayer | Synchronizing object | next-stop-screen--1--4.002
Fra:1 Mem:76.02M (Peak 76.04M) | Time:00:00.06 | Mem:0.00M, Peak:0.00M | Scene, ViewLayer | Synchronizing object | interior-walls.002
Fra:1 Mem:76.10M (Peak 76.10M) | Time:00:00.06 | Mem:0.00M, Peak:0.00M | Scene, ViewLayer | Synchronizing object | door-right-rear-b.001
Fra:1 Mem:76.11M (Peak 76.11M) | Time:00:00.06 | Mem:0.00M, Peak:0.00M | Scene, ViewLayer | Synchronizing object | glass.001
Fra:1 Mem:76.07M (Peak 76.11M) | Time:00:00.06 | Mem:0.00M, Peak:0.00M | Scene, ViewLayer | Synchronizing object | handrails.002
Fra:1 Mem:76.12M (Peak 76.12M) | Time:00:00.06 | Mem:0.00M, Peak:0.00M | Scene, ViewLayer | Synchronizing object | floor.002
Fra:1 Mem:76.11M (Peak 76.12M) | Time:00:00.06 | Mem:0.00M, Peak:0.00M | Scene, ViewLayer | Synchronizing object | wheel-front-front-left.001
Fra:1 Mem:76.12M (Peak 76.12M) | Time:00:00.06 | Mem:0.00M, Peak:0.00M | Scene, ViewLayer | Synchronizing object | ceiling.002
Fra:1 Mem:76.12M (Peak 76.12M) | Time:00:00.06 | Mem:0.00M, Peak:0.00M | Scene, ViewLayer | Synchronizing object | wheel-front-front-right.001
Fra:1 Mem:76.12M (Peak 76.12M) | Time:00:00.06 | Mem:0.00M, Peak:0.00M | Scene, ViewLayer | Synchronizing object | wheel-rear-rear-right.002
Fra:1 Mem:76.13M (Peak 76.13M) | Time:00:00.06 | Mem:0.00M, Peak:0.00M | Scene, ViewLayer | Synchronizing object | wheel-front-rear-left.001
Fra:1 Mem:76.13M (Peak 76.13M) | Time:00:00.06 | Mem:0.00M, Peak:0.00M | Scene, ViewLayer | Synchronizing object | wheel-rear-rear-left.002
Fra:1 Mem:76.14M (Peak 76.14M) | Time:00:00.06 | Mem:0.00M, Peak:0.00M | Scene, ViewLayer | Synchronizing object | wheel-front-rear-right.001
Fra:1 Mem:76.14M (Peak 76.14M) | Time:00:00.06 | Mem:0.00M, Peak:0.00M | Scene, ViewLayer | Synchronizing object | wheel-rear-front-right.002
Fra:1 Mem:76.14M (Peak 76.14M) | Time:00:00.06 | Mem:0.00M, Peak:0.00M | Scene, ViewLayer | Synchronizing object | wheel-rear-front-left.002
Fra:1 Mem:76.15M (Peak 76.15M) | Time:00:00.06 | Mem:0.00M, Peak:0.00M | Scene, ViewLayer | Synchronizing object | wheel-front-rear-right.002
Fra:1 Mem:76.16M (Peak 76.16M) | Time:00:00.06 | Mem:0.00M, Peak:0.00M | Scene, ViewLayer | Synchronizing object | wheel-rear-front-left.001
Fra:1 Mem:76.16M (Peak 76.16M) | Time:00:00.06 | Mem:0.00M, Peak:0.00M | Scene, ViewLayer | Synchronizing object | wheel-front-rear-left.002
Fra:1 Mem:76.16M (Peak 76.16M) | Time:00:00.06 | Mem:0.00M, Peak:0.00M | Scene, ViewLayer | Synchronizing object | wheel-rear-front-right.001
Fra:1 Mem:76.16M (Peak 76.16M) | Time:00:00.06 | Mem:0.00M, Peak:0.00M | Scene, ViewLayer | Synchronizing object | wheel-front-front-right.002
Fra:1 Mem:76.18M (Peak 76.18M) | Time:00:00.06 | Mem:0.00M, Peak:0.00M | Scene, ViewLayer | Synchronizing object | wheel-rear-rear-left.001
Fra:1 Mem:76.17M (Peak 76.18M) | Time:00:00.06 | Mem:0.00M, Peak:0.00M | Scene, ViewLayer | Synchronizing object | wheel-front-front-left.002
Fra:1 Mem:76.19M (Peak 76.19M) | Time:00:00.06 | Mem:0.00M, Peak:0.00M | Scene, ViewLayer | Synchronizing object | wheel-rear-rear-right.001
Fra:1 Mem:76.18M (Peak 76.19M) | Time:00:00.06 | Mem:0.00M, Peak:0.00M | Scene, ViewLayer | Synchronizing object | glass.002
Fra:1 Mem:76.25M (Peak 76.25M) | Time:00:00.06 | Mem:0.00M, Peak:0.00M | Scene, ViewLayer | Synchronizing object | ceiling.001
Fra:1 Mem:76.24M (Peak 76.25M) | Time:00:00.06 | Mem:0.00M, Peak:0.00M | Scene, ViewLayer | Synchronizing object | floor.001
Fra:1 Mem:76.21M (Peak 76.25M) | Time:00:00.06 | Mem:0.00M, Peak:0.00M | Scene, ViewLayer | Synchronizing object | handrails.001
Fra:1 Mem:76.21M (Peak 76.25M) | Time:00:00.06 | Mem:0.00M, Peak:0.00M | Scene, ViewLayer | Synchronizing object | door-right-rear-b.002
Fra:1 Mem:76.25M (Peak 76.25M) | Time:00:00.06 | Mem:0.00M, Peak:0.00M | Scene, ViewLayer | Synchronizing object | door-right-rear-a.002
Fra:1 Mem:76.25M (Peak 76.25M) | Time:00:00.06 | Mem:0.00M, Peak:0.00M | Scene, ViewLayer | Synchronizing object | door-right-front-b.002
Fra:1 Mem:76.25M (Peak 76.25M) | Time:00:00.06 | Mem:0.00M, Peak:0.00M | Scene, ViewLayer | Synchronizing object | interior-walls.001
Fra:1 Mem:76.36M (Peak 76.36M) | Time:00:00.06 | Mem:0.00M, Peak:0.00M | Scene, ViewLayer | Synchronizing object | door-right-front-a.002
Fra:1 Mem:76.35M (Peak 76.36M) | Time:00:00.06 | Mem:0.00M, Peak:0.00M | Scene, ViewLayer | Synchronizing object | door-right-center-b.002
Fra:1 Mem:76.33M (Peak 76.36M) | Time:00:00.06 | Mem:0.00M, Peak:0.00M | Scene, ViewLayer | Synchronizing object | next-stop-screen--1--4.001
Fra:1 Mem:76.32M (Peak 76.36M) | Time:00:00.07 | Mem:0.00M, Peak:0.00M | Scene, ViewLayer | Synchronizing object | door-right-center-a.002
Fra:1 Mem:76.33M (Peak 76.36M) | Time:00:00.07 | Mem:0.00M, Peak:0.00M | Scene, ViewLayer | Synchronizing object | door-left-rear-b.002
Fra:1 Mem:76.33M (Peak 76.36M) | Time:00:00.07 | Mem:0.00M, Peak:0.00M | Scene, ViewLayer | Synchronizing object | door-left-rear-a.002
Fra:1 Mem:76.34M (Peak 76.36M) | Time:00:00.07 | Mem:0.00M, Peak:0.00M | Scene, ViewLayer | Synchronizing object | next-stop-screen--1-4.001
Fra:1 Mem:76.36M (Peak 76.36M) | Time:00:00.07 | Mem:0.00M, Peak:0.00M | Scene, ViewLayer | Synchronizing object | next-stop-screen-1--4.001
Fra:1 Mem:76.35M (Peak 76.36M) | Time:00:00.07 | Mem:0.00M, Peak:0.00M | Scene, ViewLayer | Synchronizing object | door-left-front-b.002
Fra:1 Mem:76.38M (Peak 76.38M) | Time:00:00.07 | Mem:0.00M, Peak:0.00M | Scene, ViewLayer | Synchronizing object | next-stop-screen-1-4.001
Fra:1 Mem:76.37M (Peak 76.38M) | Time:00:00.07 | Mem:0.00M, Peak:0.00M | Scene, ViewLayer | Synchronizing object | seat-left-01.001
Fra:1 Mem:76.36M (Peak 76.38M) | Time:00:00.07 | Mem:0.00M, Peak:0.00M | Scene, ViewLayer | Synchronizing object | door-left-front-a.002
Fra:1 Mem:76.38M (Peak 76.38M) | Time:00:00.07 | Mem:0.00M, Peak:0.00M | Scene, ViewLayer | Synchronizing object | seat-left-02.001
Fra:1 Mem:76.38M (Peak 76.38M) | Time:00:00.07 | Mem:0.00M, Peak:0.00M | Scene, ViewLayer | Synchronizing object | door-left-center-b.002
Fra:1 Mem:76.38M (Peak 76.38M) | Time:00:00.07 | Mem:0.00M, Peak:0.00M | Scene, ViewLayer | Synchronizing object | seat-left-03.001
Fra:1 Mem:76.41M (Peak 76.41M) | Time:00:00.07 | Mem:0.00M, Peak:0.00M | Scene, ViewLayer | Synchronizing object | seat-left-04.001
Fra:1 Mem:76.41M (Peak 76.41M) | Time:00:00.07 | Mem:0.00M, Peak:0.00M | Scene, ViewLayer | Synchronizing object | door-left-center-a.002
Fra:1 Mem:76.42M (Peak 76.42M) | Time:00:00.07 | Mem:0.00M, Peak:0.00M | Scene, ViewLayer | Synchronizing object | seat-left-05.001
Fra:1 Mem:76.42M (Peak 76.42M) | Time:00:00.07 | Mem:0.00M, Peak:0.00M | Scene, ViewLayer | Synchronizing object | seat-left-06.001
Fra:1 Mem:76.41M (Peak 76.42M) | Time:00:00.07 | Mem:0.00M, Peak:0.00M | Scene, ViewLayer | Synchronizing object | bogie-rear-frame.002
Fra:1 Mem:76.42M (Peak 76.42M) | Time:00:00.07 | Mem:0.00M, Peak:0.00M | Scene, ViewLayer | Synchronizing object | seat-right-01.001
Fra:1 Mem:76.41M (Peak 76.42M) | Time:00:00.07 | Mem:0.00M, Peak:0.00M | Scene, ViewLayer | Synchronizing object | bogie-front-frame.002
Fra:1 Mem:76.43M (Peak 76.43M) | Time:00:00.07 | Mem:0.00M, Peak:0.00M | Scene, ViewLayer | Synchronizing object | body-shell.002
Fra:1 Mem:76.42M (Peak 76.43M) | Time:00:00.07 | Mem:0.00M, Peak:0.00M | Scene, ViewLayer | Synchronizing object | seat-right-02.001
Fra:1 Mem:76.45M (Peak 76.45M) | Time:00:00.07 | Mem:0.00M, Peak:0.00M | Scene, ViewLayer | Synchronizing object | seat-right-03.001
Fra:1 Mem:76.75M (Peak 76.75M) | Time:00:00.07 | Mem:0.00M, Peak:0.00M | Scene, ViewLayer | Synchronizing object | seat-right-04.001
Fra:1 Mem:76.77M (Peak 76.77M) | Time:00:00.07 | Mem:0.00M, Peak:0.00M | Scene, ViewLayer | Synchronizing object | seat-right-05.001
Fra:1 Mem:76.83M (Peak 76.83M) | Time:00:00.07 | Mem:0.00M, Peak:0.00M | Scene, ViewLayer | Synchronizing object | seat-right-06.001
Fra:1 Mem:76.57M (Peak 76.83M) | Time:00:00.07 | Mem:0.00M, Peak:0.00M | Scene, ViewLayer | Initializing
Fra:1 Mem:51.52M (Peak 76.83M) | Time:00:00.08 | Mem:0.00M, Peak:0.00M | Scene, ViewLayer | Waiting for render to start
Fra:1 Mem:51.52M (Peak 76.83M) | Time:00:00.08 | Mem:0.00M, Peak:0.00M | Scene, ViewLayer | Loading render kernels (may take a few minutes the first time)
Fra:1 Mem:51.52M (Peak 76.83M) | Time:00:00.08 | Mem:0.00M, Peak:0.00M | Scene, ViewLayer | Updating Scene
Fra:1 Mem:51.52M (Peak 76.83M) | Time:00:00.08 | Mem:0.00M, Peak:0.00M | Scene, ViewLayer | Updating Shaders
Fra:1 Mem:51.71M (Peak 76.83M) | Time:00:00.08 | Mem:0.11M, Peak:0.11M | Scene, ViewLayer | Updating Procedurals
Fra:1 Mem:51.71M (Peak 76.83M) | Time:00:00.08 | Mem:0.11M, Peak:0.11M | Scene, ViewLayer | Updating Background
Fra:1 Mem:51.71M (Peak 76.83M) | Time:00:00.08 | Mem:0.11M, Peak:0.11M | Scene, ViewLayer | Updating Camera
Fra:1 Mem:51.71M (Peak 76.83M) | Time:00:00.08 | Mem:0.11M, Peak:0.11M | Scene, ViewLayer | Updating Meshes Flags
Fra:1 Mem:51.71M (Peak 76.83M) | Time:00:00.08 | Mem:0.11M, Peak:0.11M | Scene, ViewLayer | Updating Objects
Fra:1 Mem:51.71M (Peak 76.83M) | Time:00:00.08 | Mem:0.11M, Peak:0.11M | Scene, ViewLayer | Updating Objects | Copying Transformations to device
Fra:1 Mem:51.81M (Peak 76.83M) | Time:00:00.08 | Mem:0.20M, Peak:0.20M | Scene, ViewLayer | Updating Objects | Applying Static Transformations
Fra:1 Mem:51.81M (Peak 76.83M) | Time:00:00.08 | Mem:0.20M, Peak:0.20M | Scene, ViewLayer | Updating Particle Systems
Fra:1 Mem:51.81M (Peak 76.83M) | Time:00:00.08 | Mem:0.20M, Peak:0.20M | Scene, ViewLayer | Updating Particle Systems | Copying Particles to device
Fra:1 Mem:51.81M (Peak 76.83M) | Time:00:00.08 | Mem:0.20M, Peak:0.20M | Scene, ViewLayer | Updating Meshes
Fra:1 Mem:52.03M (Peak 76.83M) | Time:00:00.08 | Mem:0.20M, Peak:0.20M | Scene, ViewLayer | Updating Mesh | Computing attributes
Fra:1 Mem:52.68M (Peak 76.83M) | Time:00:00.08 | Mem:0.23M, Peak:0.23M | Scene, ViewLayer | Updating Mesh | Copying Attributes to device
Fra:1 Mem:52.61M (Peak 76.83M) | Time:00:00.08 | Mem:0.78M, Peak:0.78M | Scene, ViewLayer | Updating Scene BVH | Building
Fra:1 Mem:52.62M (Peak 76.83M) | Time:00:00.08 | Mem:0.78M, Peak:0.78M | Scene, ViewLayer | Updating Scene BVH | Building BVH
Fra:1 Mem:52.62M (Peak 76.83M) | Time:00:00.08 | Mem:1.23M, Peak:1.23M | Scene, ViewLayer | Updating Scene BVH | Building BVH 0%
Fra:1 Mem:52.62M (Peak 76.83M) | Time:00:00.09 | Mem:1.76M, Peak:2.21M | Scene, ViewLayer | Updating Scene BVH | Copying BVH to device
Fra:1 Mem:52.62M (Peak 76.83M) | Time:00:00.09 | Mem:1.76M, Peak:2.21M | Scene, ViewLayer | Updating Mesh | Computing normals
Fra:1 Mem:54.18M (Peak 76.83M) | Time:00:00.09 | Mem:1.76M, Peak:2.21M | Scene, ViewLayer | Updating Mesh | Copying Mesh to device
Fra:1 Mem:54.18M (Peak 76.83M) | Time:00:00.09 | Mem:3.32M, Peak:3.32M | Scene, ViewLayer | Updating Objects Flags
Fra:1 Mem:54.18M (Peak 76.83M) | Time:00:00.09 | Mem:3.32M, Peak:3.32M | Scene, ViewLayer | Updating Primitive Offsets
Fra:1 Mem:54.18M (Peak 76.83M) | Time:00:00.09 | Mem:3.33M, Peak:3.33M | Scene, ViewLayer | Updating Images
Fra:1 Mem:54.18M (Peak 76.83M) | Time:00:00.09 | Mem:3.33M, Peak:3.33M | Scene, ViewLayer | Updating Camera Volume
Fra:1 Mem:54.18M (Peak 76.83M) | Time:00:00.09 | Mem:3.33M, Peak:3.33M | Scene, ViewLayer | Updating Lookup Tables
Fra:1 Mem:54.18M (Peak 76.83M) | Time:00:00.09 | Mem:3.41M, Peak:3.41M | Scene, ViewLayer | Updating Lights
Fra:1 Mem:54.18M (Peak 76.83M) | Time:00:00.09 | Mem:3.41M, Peak:3.41M | Scene, ViewLayer | Updating Lights | Computing tree
Fra:1 Mem:54.19M (Peak 76.83M) | Time:00:00.09 | Mem:3.42M, Peak:3.42M | Scene, ViewLayer | Updating Integrator
Fra:1 Mem:54.19M (Peak 76.83M) | Time:00:00.09 | Mem:3.42M, Peak:3.42M | Scene, ViewLayer | Updating Film
Fra:1 Mem:54.19M (Peak 76.83M) | Time:00:00.09 | Mem:3.34M, Peak:3.42M | Scene, ViewLayer | Updating Lookup Tables
Fra:1 Mem:54.19M (Peak 76.83M) | Time:00:00.09 | Mem:3.42M, Peak:3.42M | Scene, ViewLayer | Updating Baking
Fra:1 Mem:54.19M (Peak 76.83M) | Time:00:00.09 | Mem:3.42M, Peak:3.42M | Scene, ViewLayer | Updating Device | Writing constant memory
Fra:1 Mem:54.20M (Peak 76.83M) | Time:00:00.09 | Mem:3.42M, Peak:3.42M | Scene, ViewLayer | Sample 0/32
Fra:1 Mem:67.94M (Peak 76.83M) | Time:00:01.04 | Remaining:00:29.55 | Mem:17.16M, Peak:17.16M | Scene, ViewLayer | Sample 1/32
Fra:1 Mem:74.05M (Peak 86.26M) | Time:00:29.27 | Mem:17.16M, Peak:17.16M | Scene, ViewLayer | Sample 32/32
Fra:1 Mem:74.05M (Peak 86.26M) | Time:00:29.27 | Mem:17.16M, Peak:17.16M | Scene, ViewLayer | Finished
Saved: '/workspace/scratch/7c20b5ba4165/atlas-backlog-oct3/tools/assets/transit-station-spaces/qa/previews/metro-threshold-deployed.png'
Time: 00:29.33 (Saving: 00:00.05)


Blender quit
