Extensions: writing cache failed ([Errno 30] Read-only file system: '/home/agent/.config/blender').
17:08:16 | INFO: Data are loaded, start creating Blender stuff
17:08:16 | INFO: Blender create Mesh node module-batch-painted-metal
17:08:16 | INFO: Blender create Mesh node module-batch-sign-face
17:08:16 | INFO: Blender create Mesh node module-batch-sign-symbol
17:08:16 | INFO: glTF import finished in 0.01s
17:08:16 | INFO: Data are loaded, start creating Blender stuff
17:08:16 | INFO: Blender create Mesh node module-batch-concrete
17:08:16 | INFO: Blender create Mesh node module-batch-tactile-yellow
17:08:16 | INFO: Blender create Mesh node module-batch-painted-metal
17:08:16 | INFO: glTF import finished in 0.01s
17:08:16 | INFO: Data are loaded, start creating Blender stuff
17:08:16 | INFO: Blender create Mesh node module-batch-painted-metal
17:08:16 | INFO: Blender create Mesh node module-batch-sign-face
17:08:16 | INFO: Blender create Mesh node module-batch-sign-symbol
17:08:16 | INFO: glTF import finished in 0.02s
17:08:16 | INFO: Data are loaded, start creating Blender stuff
17:08:16 | INFO: Blender create Mesh node module-batch-painted-metal
17:08:16 | INFO: Blender create Mesh node module-batch-tactile-yellow
17:08:16 | INFO: glTF import finished in 0.01s
17:08:16 | INFO: Data are loaded, start creating Blender stuff
17:08:16 | INFO: Blender create Mesh node module-batch-painted-metal
17:08:16 | INFO: Blender create Mesh node module-batch-tactile-yellow
17:08:16 | INFO: glTF import finished in 0.01s
Blender 4.3.2
Fra:1 Mem:18.43M (Peak 19.34M) | Time:00:00.00 | Mem:0.00M, Peak:0.00M | Scene, ViewLayer | Synchronizing object | module-batch-painted-metal
Fra:1 Mem:20.44M (Peak 20.44M) | Time:00:00.00 | Mem:0.00M, Peak:0.00M | Scene, ViewLayer | Synchronizing object | qa-label
Fra:1 Mem:20.45M (Peak 20.45M) | Time:00:00.01 | Mem:0.00M, Peak:0.00M | Scene, ViewLayer | Synchronizing object | qa-label.001
Fra:1 Mem:20.51M (Peak 20.51M) | Time:00:00.01 | Mem:0.00M, Peak:0.00M | Scene, ViewLayer | Synchronizing object | qa-ruler-tick.010
Fra:1 Mem:20.51M (Peak 20.51M) | Time:00:00.01 | Mem:0.00M, Peak:0.00M | Scene, ViewLayer | Synchronizing object | qa-ruler-tick.009
Fra:1 Mem:20.52M (Peak 20.52M) | Time:00:00.01 | Mem:0.00M, Peak:0.00M | Scene, ViewLayer | Synchronizing object | qa-ruler-tick.008
Fra:1 Mem:20.60M (Peak 20.60M) | Time:00:00.01 | Mem:0.00M, Peak:0.00M | Scene, ViewLayer | Synchronizing object | qa-ruler-tick.007
Fra:1 Mem:20.60M (Peak 20.60M) | Time:00:00.01 | Mem:0.00M, Peak:0.00M | Scene, ViewLayer | Synchronizing object | qa-ruler-tick.006
Fra:1 Mem:20.60M (Peak 20.60M) | Time:00:00.01 | Mem:0.00M, Peak:0.00M | Scene, ViewLayer | Synchronizing object | qa-ruler-tick.005
Fra:1 Mem:20.61M (Peak 20.61M) | Time:00:00.01 | Mem:0.00M, Peak:0.00M | Scene, ViewLayer | Synchronizing object | qa-ruler-tick.004
Fra:1 Mem:20.63M (Peak 20.63M) | Time:00:00.01 | Mem:0.00M, Peak:0.00M | Scene, ViewLayer | Synchronizing object | qa-ruler-tick.003
Fra:1 Mem:20.63M (Peak 20.63M) | Time:00:00.01 | Mem:0.00M, Peak:0.00M | Scene, ViewLayer | Synchronizing object | qa-ruler-tick.002
Fra:1 Mem:20.63M (Peak 20.63M) | Time:00:00.01 | Mem:0.00M, Peak:0.00M | Scene, ViewLayer | Synchronizing object | qa-ruler-tick.001
Fra:1 Mem:20.63M (Peak 20.63M) | Time:00:00.01 | Mem:0.00M, Peak:0.00M | Scene, ViewLayer | Synchronizing object | qa-ruler-tick
Fra:1 Mem:20.63M (Peak 20.63M) | Time:00:00.01 | Mem:0.00M, Peak:0.00M | Scene, ViewLayer | Synchronizing object | qa-one-metre-ruler
Fra:1 Mem:20.64M (Peak 20.64M) | Time:00:00.01 | Mem:0.00M, Peak:0.00M | Scene, ViewLayer | Synchronizing object | qa-human-head.001
Fra:1 Mem:20.56M (Peak 20.64M) | Time:00:00.01 | Mem:0.00M, Peak:0.00M | Scene, ViewLayer | Synchronizing object | qa-human-arm.003
Fra:1 Mem:20.65M (Peak 20.65M) | Time:00:00.01 | Mem:0.00M, Peak:0.00M | Scene, ViewLayer | Synchronizing object | qa-human-leg.003
Fra:1 Mem:20.62M (Peak 20.65M) | Time:00:00.01 | Mem:0.00M, Peak:0.00M | Scene, ViewLayer | Synchronizing object | module-batch-sign-face
Fra:1 Mem:20.61M (Peak 20.65M) | Time:00:00.01 | Mem:0.00M, Peak:0.00M | Scene, ViewLayer | Synchronizing object | qa-human-arm.002
Fra:1 Mem:20.66M (Peak 20.66M) | Time:00:00.01 | Mem:0.00M, Peak:0.00M | Scene, ViewLayer | Synchronizing object | qa-human-leg.002
Fra:1 Mem:20.66M (Peak 20.66M) | Time:00:00.01 | Mem:0.00M, Peak:0.00M | Scene, ViewLayer | Synchronizing object | module-batch-sign-symbol
Fra:1 Mem:20.65M (Peak 20.66M) | Time:00:00.01 | Mem:0.00M, Peak:0.00M | Scene, ViewLayer | Synchronizing object | qa-human-torso.001
Fra:1 Mem:20.69M (Peak 20.69M) | Time:00:00.01 | Mem:0.00M, Peak:0.00M | Scene, ViewLayer | Synchronizing object | qa-human-head
Fra:1 Mem:20.73M (Peak 20.73M) | Time:00:00.01 | Mem:0.00M, Peak:0.00M | Scene, ViewLayer | Synchronizing object | qa-human-arm.001
Fra:1 Mem:20.71M (Peak 20.73M) | Time:00:00.01 | Mem:0.00M, Peak:0.00M | Scene, ViewLayer | Synchronizing object | module-batch-concrete
Fra:1 Mem:20.72M (Peak 20.73M) | Time:00:00.01 | Mem:0.00M, Peak:0.00M | Scene, ViewLayer | Synchronizing object | qa-human-leg.001
Fra:1 Mem:20.73M (Peak 20.73M) | Time:00:00.01 | Mem:0.00M, Peak:0.00M | Scene, ViewLayer | Synchronizing object | module-batch-tactile-yellow
Fra:1 Mem:20.75M (Peak 20.75M) | Time:00:00.01 | Mem:0.00M, Peak:0.00M | Scene, ViewLayer | Synchronizing object | qa-human-arm
Fra:1 Mem:20.97M (Peak 20.97M) | Time:00:00.01 | Mem:0.00M, Peak:0.00M | Scene, ViewLayer | Synchronizing object | qa-human-leg
Fra:1 Mem:20.88M (Peak 20.97M) | Time:00:00.01 | Mem:0.00M, Peak:0.00M | Scene, ViewLayer | Synchronizing object | qa-human-torso
Fra:1 Mem:20.96M (Peak 20.97M) | Time:00:00.01 | Mem:0.00M, Peak:0.00M | Scene, ViewLayer | Synchronizing object | qa-ground
Fra:1 Mem:20.93M (Peak 20.97M) | Time:00:00.01 | Mem:0.00M, Peak:0.00M | Scene, ViewLayer | Synchronizing object | module-batch-tactile-yellow.002
Fra:1 Mem:20.86M (Peak 20.97M) | Time:00:00.01 | Mem:0.00M, Peak:0.00M | Scene, ViewLayer | Synchronizing object | module-batch-painted-metal.001
Fra:1 Mem:20.89M (Peak 20.97M) | Time:00:00.01 | Mem:0.00M, Peak:0.00M | Scene, ViewLayer | Synchronizing object | module-batch-painted-metal.004
Fra:1 Mem:20.88M (Peak 20.97M) | Time:00:00.01 | Mem:0.00M, Peak:0.00M | Scene, ViewLayer | Synchronizing object | module-batch-painted-metal.002
Fra:1 Mem:20.87M (Peak 20.97M) | Time:00:00.01 | Mem:0.00M, Peak:0.00M | Scene, ViewLayer | Synchronizing object | module-batch-tactile-yellow.001
Fra:1 Mem:20.91M (Peak 20.97M) | Time:00:00.01 | Mem:0.00M, Peak:0.00M | Scene, ViewLayer | Synchronizing object | module-batch-painted-metal.003
Fra:1 Mem:21.05M (Peak 21.05M) | Time:00:00.01 | Mem:0.00M, Peak:0.00M | Scene, ViewLayer | Synchronizing object | module-batch-sign-symbol.001
Fra:1 Mem:21.01M (Peak 21.05M) | Time:00:00.01 | Mem:0.00M, Peak:0.00M | Scene, ViewLayer | Synchronizing object | module-batch-sign-face.001
Fra:1 Mem:20.99M (Peak 21.05M) | Time:00:00.01 | Mem:0.00M, Peak:0.00M | Scene, ViewLayer | Initializing
Fra:1 Mem:17.44M (Peak 21.05M) | Time:00:00.01 | Mem:0.00M, Peak:0.00M | Scene, ViewLayer | Waiting for render to start
Fra:1 Mem:17.44M (Peak 21.05M) | Time:00:00.01 | Mem:0.00M, Peak:0.00M | Scene, ViewLayer | Loading render kernels (may take a few minutes the first time)
Fra:1 Mem:17.44M (Peak 21.05M) | Time:00:00.01 | Mem:0.00M, Peak:0.00M | Scene, ViewLayer | Updating Scene
Fra:1 Mem:17.44M (Peak 21.05M) | Time:00:00.01 | Mem:0.00M, Peak:0.00M | Scene, ViewLayer | Updating Shaders
Fra:1 Mem:17.53M (Peak 21.05M) | Time:00:00.01 | Mem:0.01M, Peak:0.01M | Scene, ViewLayer | Updating Procedurals
Fra:1 Mem:17.53M (Peak 21.05M) | Time:00:00.01 | Mem:0.01M, Peak:0.01M | Scene, ViewLayer | Updating Background
Fra:1 Mem:17.53M (Peak 21.05M) | Time:00:00.01 | Mem:0.01M, Peak:0.01M | Scene, ViewLayer | Updating Camera
Fra:1 Mem:17.53M (Peak 21.05M) | Time:00:00.01 | Mem:0.01M, Peak:0.01M | Scene, ViewLayer | Updating Meshes Flags
Fra:1 Mem:17.53M (Peak 21.05M) | Time:00:00.01 | Mem:0.01M, Peak:0.01M | Scene, ViewLayer | Updating Objects
Fra:1 Mem:17.53M (Peak 21.05M) | Time:00:00.01 | Mem:0.01M, Peak:0.01M | Scene, ViewLayer | Updating Objects | Copying Transformations to device
Fra:1 Mem:17.54M (Peak 21.05M) | Time:00:00.01 | Mem:0.02M, Peak:0.02M | Scene, ViewLayer | Updating Objects | Applying Static Transformations
Fra:1 Mem:17.54M (Peak 21.05M) | Time:00:00.01 | Mem:0.02M, Peak:0.02M | Scene, ViewLayer | Updating Particle Systems
Fra:1 Mem:17.54M (Peak 21.05M) | Time:00:00.01 | Mem:0.02M, Peak:0.02M | Scene, ViewLayer | Updating Particle Systems | Copying Particles to device
Fra:1 Mem:17.54M (Peak 21.05M) | Time:00:00.01 | Mem:0.02M, Peak:0.02M | Scene, ViewLayer | Updating Meshes
Fra:1 Mem:17.60M (Peak 21.05M) | Time:00:00.01 | Mem:0.02M, Peak:0.02M | Scene, ViewLayer | Updating Mesh | Computing attributes
Fra:1 Mem:17.71M (Peak 21.05M) | Time:00:00.01 | Mem:0.02M, Peak:0.02M | Scene, ViewLayer | Updating Mesh | Copying Attributes to device
Fra:1 Mem:17.70M (Peak 21.05M) | Time:00:00.01 | Mem:0.12M, Peak:0.12M | Scene, ViewLayer | Updating Scene BVH | Building
Fra:1 Mem:17.70M (Peak 21.05M) | Time:00:00.01 | Mem:0.12M, Peak:0.12M | Scene, ViewLayer | Updating Scene BVH | Building BVH
Fra:1 Mem:17.70M (Peak 21.05M) | Time:00:00.01 | Mem:0.24M, Peak:0.24M | Scene, ViewLayer | Updating Scene BVH | Building BVH 0%
Fra:1 Mem:17.70M (Peak 21.05M) | Time:00:00.01 | Mem:0.39M, Peak:0.51M | Scene, ViewLayer | Updating Scene BVH | Copying BVH to device
Fra:1 Mem:17.70M (Peak 21.05M) | Time:00:00.01 | Mem:0.39M, Peak:0.51M | Scene, ViewLayer | Updating Mesh | Computing normals
Fra:1 Mem:18.03M (Peak 21.05M) | Time:00:00.01 | Mem:0.39M, Peak:0.51M | Scene, ViewLayer | Updating Mesh | Copying Mesh to device
Fra:1 Mem:18.03M (Peak 21.05M) | Time:00:00.01 | Mem:0.72M, Peak:0.72M | Scene, ViewLayer | Updating Objects Flags
Fra:1 Mem:18.03M (Peak 21.05M) | Time:00:00.01 | Mem:0.72M, Peak:0.72M | Scene, ViewLayer | Updating Primitive Offsets
Fra:1 Mem:18.03M (Peak 21.05M) | Time:00:00.01 | Mem:0.72M, Peak:0.72M | Scene, ViewLayer | Updating Images
Fra:1 Mem:18.03M (Peak 21.05M) | Time:00:00.01 | Mem:0.72M, Peak:0.72M | Scene, ViewLayer | Updating Camera Volume
Fra:1 Mem:18.03M (Peak 21.05M) | Time:00:00.01 | Mem:0.72M, Peak:0.72M | Scene, ViewLayer | Updating Lookup Tables
Fra:1 Mem:18.03M (Peak 21.05M) | Time:00:00.01 | Mem:0.80M, Peak:0.80M | Scene, ViewLayer | Updating Lights
Fra:1 Mem:18.03M (Peak 21.05M) | Time:00:00.01 | Mem:0.80M, Peak:0.80M | Scene, ViewLayer | Updating Lights | Computing tree
Fra:1 Mem:18.04M (Peak 21.05M) | Time:00:00.01 | Mem:0.81M, Peak:0.81M | Scene, ViewLayer | Updating Integrator
Fra:1 Mem:18.04M (Peak 21.05M) | Time:00:00.01 | Mem:0.81M, Peak:0.81M | Scene, ViewLayer | Updating Film
Fra:1 Mem:18.04M (Peak 21.05M) | Time:00:00.01 | Mem:0.72M, Peak:0.81M | Scene, ViewLayer | Updating Lookup Tables
Fra:1 Mem:18.04M (Peak 21.05M) | Time:00:00.01 | Mem:0.81M, Peak:0.81M | Scene, ViewLayer | Updating Baking
Fra:1 Mem:18.04M (Peak 21.05M) | Time:00:00.01 | Mem:0.81M, Peak:0.81M | Scene, ViewLayer | Updating Device | Writing constant memory
Fra:1 Mem:18.04M (Peak 21.05M) | Time:00:00.01 | Mem:0.81M, Peak:0.81M | Scene, ViewLayer | Sample 0/32
Fra:1 Mem:30.68M (Peak 30.68M) | Time:00:00.37 | Remaining:00:11.22 | Mem:13.44M, Peak:13.44M | Scene, ViewLayer | Sample 1/32
Fra:1 Mem:36.30M (Peak 47.53M) | Time:00:10.95 | Mem:13.44M, Peak:13.44M | Scene, ViewLayer | Sample 32/32
Fra:1 Mem:36.30M (Peak 47.53M) | Time:00:10.95 | Mem:13.44M, Peak:13.44M | Scene, ViewLayer | Finished
Saved: '/workspace/scratch/7c20b5ba4165/atlas-backlog-oct3/tools/assets/transit-station-spaces/qa/previews/modules-lod0-sunny.png'
Time: 00:11.12 (Saving: 00:00.16)

Extensions: writing cache failed ([Errno 30] Read-only file system: '/home/agent/.config/blender').
17:08:27 | INFO: Data are loaded, start creating Blender stuff
17:08:27 | INFO: Blender create Mesh node module-batch-painted-metal
17:08:27 | INFO: Blender create Mesh node module-batch-sign-face
17:08:27 | INFO: Blender create Mesh node module-batch-sign-symbol
17:08:27 | INFO: glTF import finished in 0.01s
17:08:27 | INFO: Data are loaded, start creating Blender stuff
17:08:27 | INFO: Blender create Mesh node module-batch-concrete
17:08:27 | INFO: Blender create Mesh node module-batch-tactile-yellow
17:08:27 | INFO: Blender create Mesh node module-batch-painted-metal
17:08:27 | INFO: glTF import finished in 0.01s
17:08:27 | INFO: Data are loaded, start creating Blender stuff
17:08:27 | INFO: Blender create Mesh node module-batch-painted-metal
17:08:27 | INFO: Blender create Mesh node module-batch-sign-face
17:08:27 | INFO: Blender create Mesh node module-batch-sign-symbol
17:08:27 | INFO: glTF import finished in 0.01s
17:08:27 | INFO: Data are loaded, start creating Blender stuff
17:08:27 | INFO: Blender create Mesh node module-batch-painted-metal
17:08:27 | INFO: Blender create Mesh node module-batch-tactile-yellow
17:08:27 | INFO: glTF import finished in 0.00s
17:08:27 | INFO: Data are loaded, start creating Blender stuff
17:08:27 | INFO: Blender create Mesh node module-batch-painted-metal
17:08:27 | INFO: Blender create Mesh node module-batch-tactile-yellow
17:08:27 | INFO: glTF import finished in 0.01s
Fra:1 Mem:20.43M (Peak 21.37M) | Time:00:00.00 | Mem:0.00M, Peak:0.00M | Scene, ViewLayer | Synchronizing object | module-batch-painted-metal
Fra:1 Mem:20.55M (Peak 21.37M) | Time:00:00.00 | Mem:0.00M, Peak:0.00M | Scene, ViewLayer | Synchronizing object | qa-label
Fra:1 Mem:20.50M (Peak 21.37M) | Time:00:00.00 | Mem:0.00M, Peak:0.00M | Scene, ViewLayer | Synchronizing object | module-batch-sign-face
Fra:1 Mem:20.50M (Peak 21.37M) | Time:00:00.00 | Mem:0.00M, Peak:0.00M | Scene, ViewLayer | Synchronizing object | qa-label.001
Fra:1 Mem:20.57M (Peak 21.37M) | Time:00:00.00 | Mem:0.00M, Peak:0.00M | Scene, ViewLayer | Synchronizing object | module-batch-sign-symbol
Fra:1 Mem:20.58M (Peak 21.37M) | Time:00:00.00 | Mem:0.00M, Peak:0.00M | Scene, ViewLayer | Synchronizing object | qa-ruler-tick.010
Fra:1 Mem:20.62M (Peak 21.37M) | Time:00:00.00 | Mem:0.00M, Peak:0.00M | Scene, ViewLayer | Synchronizing object | qa-ruler-tick.009
Fra:1 Mem:20.63M (Peak 21.37M) | Time:00:00.00 | Mem:0.00M, Peak:0.00M | Scene, ViewLayer | Synchronizing object | qa-ruler-tick.008
Fra:1 Mem:20.60M (Peak 21.37M) | Time:00:00.00 | Mem:0.00M, Peak:0.00M | Scene, ViewLayer | Synchronizing object | qa-ruler-tick.007
Fra:1 Mem:20.61M (Peak 21.37M) | Time:00:00.00 | Mem:0.00M, Peak:0.00M | Scene, ViewLayer | Synchronizing object | qa-ruler-tick.006
Fra:1 Mem:20.64M (Peak 21.37M) | Time:00:00.00 | Mem:0.00M, Peak:0.00M | Scene, ViewLayer | Synchronizing object | qa-ruler-tick.005
Fra:1 Mem:20.64M (Peak 21.37M) | Time:00:00.00 | Mem:0.00M, Peak:0.00M | Scene, ViewLayer | Synchronizing object | qa-ruler-tick.004
Fra:1 Mem:20.64M (Peak 21.37M) | Time:00:00.00 | Mem:0.00M, Peak:0.00M | Scene, ViewLayer | Synchronizing object | qa-ruler-tick.003
Fra:1 Mem:20.64M (Peak 21.37M) | Time:00:00.00 | Mem:0.00M, Peak:0.00M | Scene, ViewLayer | Synchronizing object | qa-ruler-tick.002
Fra:1 Mem:20.61M (Peak 21.37M) | Time:00:00.00 | Mem:0.00M, Peak:0.00M | Scene, ViewLayer | Synchronizing object | module-batch-concrete
Fra:1 Mem:20.63M (Peak 21.37M) | Time:00:00.00 | Mem:0.00M, Peak:0.00M | Scene, ViewLayer | Synchronizing object | qa-ruler-tick.001
Fra:1 Mem:20.63M (Peak 21.37M) | Time:00:00.00 | Mem:0.00M, Peak:0.00M | Scene, ViewLayer | Synchronizing object | qa-ruler-tick
Fra:1 Mem:20.61M (Peak 21.37M) | Time:00:00.00 | Mem:0.00M, Peak:0.00M | Scene, ViewLayer | Synchronizing object | qa-one-metre-ruler
Fra:1 Mem:20.62M (Peak 21.37M) | Time:00:00.00 | Mem:0.00M, Peak:0.00M | Scene, ViewLayer | Synchronizing object | module-batch-tactile-yellow
Fra:1 Mem:20.62M (Peak 21.37M) | Time:00:00.00 | Mem:0.00M, Peak:0.00M | Scene, ViewLayer | Synchronizing object | qa-human-head.001
Fra:1 Mem:20.65M (Peak 21.37M) | Time:00:00.00 | Mem:0.00M, Peak:0.00M | Scene, ViewLayer | Synchronizing object | qa-human-arm.003
Fra:1 Mem:20.72M (Peak 21.37M) | Time:00:00.00 | Mem:0.00M, Peak:0.00M | Scene, ViewLayer | Synchronizing object | qa-human-leg.003
Fra:1 Mem:20.78M (Peak 21.37M) | Time:00:00.00 | Mem:0.00M, Peak:0.00M | Scene, ViewLayer | Synchronizing object | qa-human-arm.002
Fra:1 Mem:20.86M (Peak 21.37M) | Time:00:00.00 | Mem:0.00M, Peak:0.00M | Scene, ViewLayer | Synchronizing object | qa-human-leg.002
Fra:1 Mem:20.79M (Peak 21.37M) | Time:00:00.00 | Mem:0.00M, Peak:0.00M | Scene, ViewLayer | Synchronizing object | qa-human-torso.001
Fra:1 Mem:20.78M (Peak 21.37M) | Time:00:00.00 | Mem:0.00M, Peak:0.00M | Scene, ViewLayer | Synchronizing object | module-batch-painted-metal.001
Fra:1 Mem:20.80M (Peak 21.37M) | Time:00:00.00 | Mem:0.00M, Peak:0.00M | Scene, ViewLayer | Synchronizing object | qa-human-head
Fra:1 Mem:20.79M (Peak 21.37M) | Time:00:00.00 | Mem:0.00M, Peak:0.00M | Scene, ViewLayer | Synchronizing object | module-batch-painted-metal.002
Fra:1 Mem:20.80M (Peak 21.37M) | Time:00:00.00 | Mem:0.00M, Peak:0.00M | Scene, ViewLayer | Synchronizing object | qa-human-arm.001
Fra:1 Mem:20.98M (Peak 21.37M) | Time:00:00.00 | Mem:0.00M, Peak:0.00M | Scene, ViewLayer | Synchronizing object | qa-human-leg.001
Fra:1 Mem:20.94M (Peak 21.37M) | Time:00:00.00 | Mem:0.00M, Peak:0.00M | Scene, ViewLayer | Synchronizing object | qa-human-arm
Fra:1 Mem:21.04M (Peak 21.37M) | Time:00:00.00 | Mem:0.00M, Peak:0.00M | Scene, ViewLayer | Synchronizing object | qa-human-leg
Fra:1 Mem:21.05M (Peak 21.37M) | Time:00:00.00 | Mem:0.00M, Peak:0.00M | Scene, ViewLayer | Synchronizing object | qa-human-torso
Fra:1 Mem:20.97M (Peak 21.37M) | Time:00:00.00 | Mem:0.00M, Peak:0.00M | Scene, ViewLayer | Synchronizing object | qa-ground
Fra:1 Mem:20.95M (Peak 21.37M) | Time:00:00.00 | Mem:0.00M, Peak:0.00M | Scene, ViewLayer | Synchronizing object | module-batch-sign-face.001
Fra:1 Mem:20.95M (Peak 21.37M) | Time:00:00.00 | Mem:0.00M, Peak:0.00M | Scene, ViewLayer | Synchronizing object | module-batch-tactile-yellow.002
Fra:1 Mem:20.98M (Peak 21.37M) | Time:00:00.00 | Mem:0.00M, Peak:0.00M | Scene, ViewLayer | Synchronizing object | module-batch-painted-metal.004
Fra:1 Mem:20.97M (Peak 21.37M) | Time:00:00.00 | Mem:0.00M, Peak:0.00M | Scene, ViewLayer | Synchronizing object | module-batch-sign-symbol.001
Fra:1 Mem:20.97M (Peak 21.37M) | Time:00:00.00 | Mem:0.00M, Peak:0.00M | Scene, ViewLayer | Synchronizing object | module-batch-tactile-yellow.001
Fra:1 Mem:21.00M (Peak 21.37M) | Time:00:00.00 | Mem:0.00M, Peak:0.00M | Scene, ViewLayer | Synchronizing object | module-batch-painted-metal.003
Fra:1 Mem:20.99M (Peak 21.37M) | Time:00:00.00 | Mem:0.00M, Peak:0.00M | Scene, ViewLayer | Initializing
Fra:1 Mem:17.44M (Peak 21.37M) | Time:00:00.00 | Mem:0.00M, Peak:0.00M | Scene, ViewLayer | Waiting for render to start
Fra:1 Mem:17.44M (Peak 21.37M) | Time:00:00.00 | Mem:0.00M, Peak:0.00M | Scene, ViewLayer | Loading render kernels (may take a few minutes the first time)
Fra:1 Mem:17.44M (Peak 21.37M) | Time:00:00.00 | Mem:0.00M, Peak:0.00M | Scene, ViewLayer | Updating Scene
Fra:1 Mem:17.44M (Peak 21.37M) | Time:00:00.00 | Mem:0.00M, Peak:0.00M | Scene, ViewLayer | Updating Shaders
Fra:1 Mem:17.53M (Peak 21.37M) | Time:00:00.01 | Mem:0.01M, Peak:0.01M | Scene, ViewLayer | Updating Procedurals
Fra:1 Mem:17.53M (Peak 21.37M) | Time:00:00.01 | Mem:0.01M, Peak:0.01M | Scene, ViewLayer | Updating Background
Fra:1 Mem:17.53M (Peak 21.37M) | Time:00:00.01 | Mem:0.01M, Peak:0.01M | Scene, ViewLayer | Updating Camera
Fra:1 Mem:17.53M (Peak 21.37M) | Time:00:00.01 | Mem:0.01M, Peak:0.01M | Scene, ViewLayer | Updating Meshes Flags
Fra:1 Mem:17.53M (Peak 21.37M) | Time:00:00.01 | Mem:0.01M, Peak:0.01M | Scene, ViewLayer | Updating Objects
Fra:1 Mem:17.53M (Peak 21.37M) | Time:00:00.01 | Mem:0.01M, Peak:0.01M | Scene, ViewLayer | Updating Objects | Copying Transformations to device
Fra:1 Mem:17.54M (Peak 21.37M) | Time:00:00.01 | Mem:0.02M, Peak:0.02M | Scene, ViewLayer | Updating Objects | Applying Static Transformations
Fra:1 Mem:17.54M (Peak 21.37M) | Time:00:00.01 | Mem:0.02M, Peak:0.02M | Scene, ViewLayer | Updating Particle Systems
Fra:1 Mem:17.54M (Peak 21.37M) | Time:00:00.01 | Mem:0.02M, Peak:0.02M | Scene, ViewLayer | Updating Particle Systems | Copying Particles to device
Fra:1 Mem:17.54M (Peak 21.37M) | Time:00:00.01 | Mem:0.02M, Peak:0.02M | Scene, ViewLayer | Updating Meshes
Fra:1 Mem:17.60M (Peak 21.37M) | Time:00:00.01 | Mem:0.02M, Peak:0.02M | Scene, ViewLayer | Updating Mesh | Computing attributes
Fra:1 Mem:17.71M (Peak 21.37M) | Time:00:00.01 | Mem:0.02M, Peak:0.02M | Scene, ViewLayer | Updating Mesh | Copying Attributes to device
Fra:1 Mem:17.70M (Peak 21.37M) | Time:00:00.01 | Mem:0.12M, Peak:0.12M | Scene, ViewLayer | Updating Scene BVH | Building
Fra:1 Mem:17.70M (Peak 21.37M) | Time:00:00.01 | Mem:0.12M, Peak:0.12M | Scene, ViewLayer | Updating Scene BVH | Building BVH
Fra:1 Mem:17.70M (Peak 21.37M) | Time:00:00.01 | Mem:0.24M, Peak:0.24M | Scene, ViewLayer | Updating Scene BVH | Building BVH 0%
Fra:1 Mem:17.70M (Peak 21.37M) | Time:00:00.01 | Mem:0.39M, Peak:0.51M | Scene, ViewLayer | Updating Scene BVH | Copying BVH to device
Fra:1 Mem:17.70M (Peak 21.37M) | Time:00:00.01 | Mem:0.39M, Peak:0.51M | Scene, ViewLayer | Updating Mesh | Computing normals
Fra:1 Mem:18.03M (Peak 21.37M) | Time:00:00.01 | Mem:0.39M, Peak:0.51M | Scene, ViewLayer | Updating Mesh | Copying Mesh to device
Fra:1 Mem:18.03M (Peak 21.37M) | Time:00:00.01 | Mem:0.72M, Peak:0.72M | Scene, ViewLayer | Updating Objects Flags
Fra:1 Mem:18.03M (Peak 21.37M) | Time:00:00.01 | Mem:0.72M, Peak:0.72M | Scene, ViewLayer | Updating Primitive Offsets
Fra:1 Mem:18.03M (Peak 21.37M) | Time:00:00.01 | Mem:0.72M, Peak:0.72M | Scene, ViewLayer | Updating Images
Fra:1 Mem:18.03M (Peak 21.37M) | Time:00:00.01 | Mem:0.72M, Peak:0.72M | Scene, ViewLayer | Updating Camera Volume
Fra:1 Mem:18.03M (Peak 21.37M) | Time:00:00.01 | Mem:0.72M, Peak:0.72M | Scene, ViewLayer | Updating Lookup Tables
Fra:1 Mem:18.03M (Peak 21.37M) | Time:00:00.01 | Mem:0.80M, Peak:0.80M | Scene, ViewLayer | Updating Lights
Fra:1 Mem:18.03M (Peak 21.37M) | Time:00:00.01 | Mem:0.80M, Peak:0.80M | Scene, ViewLayer | Updating Lights | Computing tree
Fra:1 Mem:18.04M (Peak 21.37M) | Time:00:00.01 | Mem:0.81M, Peak:0.81M | Scene, ViewLayer | Updating Integrator
Fra:1 Mem:18.04M (Peak 21.37M) | Time:00:00.01 | Mem:0.81M, Peak:0.81M | Scene, ViewLayer | Updating Film
Fra:1 Mem:18.04M (Peak 21.37M) | Time:00:00.01 | Mem:0.72M, Peak:0.81M | Scene, ViewLayer | Updating Lookup Tables
Fra:1 Mem:18.04M (Peak 21.37M) | Time:00:00.01 | Mem:0.81M, Peak:0.81M | Scene, ViewLayer | Updating Baking
Fra:1 Mem:18.04M (Peak 21.37M) | Time:00:00.01 | Mem:0.81M, Peak:0.81M | Scene, ViewLayer | Updating Device | Writing constant memory
Fra:1 Mem:18.04M (Peak 21.37M) | Time:00:00.01 | Mem:0.81M, Peak:0.81M | Scene, ViewLayer | Sample 0/32
Fra:1 Mem:30.68M (Peak 30.68M) | Time:00:00.37 | Remaining:00:11.20 | Mem:13.44M, Peak:13.44M | Scene, ViewLayer | Sample 1/32
Fra:1 Mem:36.30M (Peak 47.53M) | Time:00:10.47 | Mem:13.44M, Peak:13.44M | Scene, ViewLayer | Sample 32/32
Fra:1 Mem:36.30M (Peak 47.53M) | Time:00:10.47 | Mem:13.44M, Peak:13.44M | Scene, ViewLayer | Finished
Saved: '/workspace/scratch/7c20b5ba4165/atlas-backlog-oct3/tools/assets/transit-station-spaces/qa/previews/modules-lod0-overcast.png'
Time: 00:10.52 (Saving: 00:00.04)

Extensions: writing cache failed ([Errno 30] Read-only file system: '/home/agent/.config/blender').
17:08:38 | INFO: Data are loaded, start creating Blender stuff
17:08:38 | INFO: Blender create Mesh node module-batch-painted-metal
17:08:38 | INFO: Blender create Mesh node module-batch-sign-face
17:08:38 | INFO: Blender create Mesh node module-batch-sign-symbol
17:08:38 | INFO: glTF import finished in 0.01s
17:08:38 | INFO: Data are loaded, start creating Blender stuff
17:08:38 | INFO: Blender create Mesh node module-batch-concrete
17:08:38 | INFO: Blender create Mesh node module-batch-tactile-yellow
17:08:38 | INFO: Blender create Mesh node module-batch-painted-metal
17:08:38 | INFO: glTF import finished in 0.01s
17:08:38 | INFO: Data are loaded, start creating Blender stuff
17:08:38 | INFO: Blender create Mesh node module-batch-painted-metal
17:08:38 | INFO: Blender create Mesh node module-batch-sign-face
17:08:38 | INFO: Blender create Mesh node module-batch-sign-symbol
17:08:38 | INFO: glTF import finished in 0.01s
17:08:38 | INFO: Data are loaded, start creating Blender stuff
17:08:38 | INFO: Blender create Mesh node module-batch-painted-metal
17:08:38 | INFO: Blender create Mesh node module-batch-tactile-yellow
17:08:38 | INFO: glTF import finished in 0.00s
17:08:38 | INFO: Data are loaded, start creating Blender stuff
17:08:38 | INFO: Blender create Mesh node module-batch-painted-metal
17:08:38 | INFO: Blender create Mesh node module-batch-tactile-yellow
17:08:38 | INFO: glTF import finished in 0.00s
Fra:1 Mem:20.43M (Peak 20.43M) | Time:00:00.00 | Mem:0.00M, Peak:0.00M | Scene, ViewLayer | Synchronizing object | module-batch-painted-metal
Fra:1 Mem:20.54M (Peak 20.54M) | Time:00:00.00 | Mem:0.00M, Peak:0.00M | Scene, ViewLayer | Synchronizing object | qa-label
Fra:1 Mem:20.49M (Peak 20.54M) | Time:00:00.00 | Mem:0.00M, Peak:0.00M | Scene, ViewLayer | Synchronizing object | module-batch-sign-face
Fra:1 Mem:20.50M (Peak 20.54M) | Time:00:00.00 | Mem:0.00M, Peak:0.00M | Scene, ViewLayer | Synchronizing object | qa-label.001
Fra:1 Mem:20.57M (Peak 20.57M) | Time:00:00.00 | Mem:0.00M, Peak:0.00M | Scene, ViewLayer | Synchronizing object | module-batch-sign-symbol
Fra:1 Mem:20.58M (Peak 20.58M) | Time:00:00.00 | Mem:0.00M, Peak:0.00M | Scene, ViewLayer | Synchronizing object | qa-ruler-tick.010
Fra:1 Mem:20.63M (Peak 20.63M) | Time:00:00.00 | Mem:0.00M, Peak:0.00M | Scene, ViewLayer | Synchronizing object | qa-ruler-tick.009
Fra:1 Mem:20.64M (Peak 20.64M) | Time:00:00.00 | Mem:0.00M, Peak:0.00M | Scene, ViewLayer | Synchronizing object | qa-ruler-tick.008
Fra:1 Mem:20.61M (Peak 20.64M) | Time:00:00.00 | Mem:0.00M, Peak:0.00M | Scene, ViewLayer | Synchronizing object | qa-ruler-tick.007
Fra:1 Mem:20.61M (Peak 20.64M) | Time:00:00.00 | Mem:0.00M, Peak:0.00M | Scene, ViewLayer | Synchronizing object | qa-ruler-tick.006
Fra:1 Mem:20.64M (Peak 20.64M) | Time:00:00.00 | Mem:0.00M, Peak:0.00M | Scene, ViewLayer | Synchronizing object | qa-ruler-tick.005
Fra:1 Mem:20.64M (Peak 20.64M) | Time:00:00.00 | Mem:0.00M, Peak:0.00M | Scene, ViewLayer | Synchronizing object | qa-ruler-tick.004
Fra:1 Mem:20.63M (Peak 20.64M) | Time:00:00.00 | Mem:0.00M, Peak:0.00M | Scene, ViewLayer | Synchronizing object | qa-ruler-tick.003
Fra:1 Mem:20.61M (Peak 20.64M) | Time:00:00.00 | Mem:0.00M, Peak:0.00M | Scene, ViewLayer | Synchronizing object | qa-ruler-tick.002
Fra:1 Mem:20.60M (Peak 20.64M) | Time:00:00.00 | Mem:0.00M, Peak:0.00M | Scene, ViewLayer | Synchronizing object | module-batch-concrete
Fra:1 Mem:20.61M (Peak 20.64M) | Time:00:00.00 | Mem:0.00M, Peak:0.00M | Scene, ViewLayer | Synchronizing object | qa-ruler-tick.001
Fra:1 Mem:20.63M (Peak 20.64M) | Time:00:00.00 | Mem:0.00M, Peak:0.00M | Scene, ViewLayer | Synchronizing object | qa-ruler-tick
Fra:1 Mem:20.62M (Peak 20.64M) | Time:00:00.00 | Mem:0.00M, Peak:0.00M | Scene, ViewLayer | Synchronizing object | qa-one-metre-ruler
Fra:1 Mem:20.63M (Peak 20.64M) | Time:00:00.00 | Mem:0.00M, Peak:0.00M | Scene, ViewLayer | Synchronizing object | qa-human-head.001
Fra:1 Mem:20.62M (Peak 20.64M) | Time:00:00.00 | Mem:0.00M, Peak:0.00M | Scene, ViewLayer | Synchronizing object | module-batch-tactile-yellow
Fra:1 Mem:20.63M (Peak 20.64M) | Time:00:00.00 | Mem:0.00M, Peak:0.00M | Scene, ViewLayer | Synchronizing object | qa-human-arm.003
Fra:1 Mem:20.86M (Peak 20.86M) | Time:00:00.00 | Mem:0.00M, Peak:0.00M | Scene, ViewLayer | Synchronizing object | qa-human-leg.003
Fra:1 Mem:20.76M (Peak 20.86M) | Time:00:00.00 | Mem:0.00M, Peak:0.00M | Scene, ViewLayer | Synchronizing object | qa-human-arm.002
Fra:1 Mem:20.86M (Peak 20.86M) | Time:00:00.00 | Mem:0.00M, Peak:0.00M | Scene, ViewLayer | Synchronizing object | qa-human-leg.002
Fra:1 Mem:20.87M (Peak 20.87M) | Time:00:00.00 | Mem:0.00M, Peak:0.00M | Scene, ViewLayer | Synchronizing object | qa-human-torso.001
Fra:1 Mem:20.79M (Peak 20.87M) | Time:00:00.00 | Mem:0.00M, Peak:0.00M | Scene, ViewLayer | Synchronizing object | module-batch-painted-metal.001
Fra:1 Mem:20.78M (Peak 20.87M) | Time:00:00.00 | Mem:0.00M, Peak:0.00M | Scene, ViewLayer | Synchronizing object | qa-human-head
Fra:1 Mem:20.81M (Peak 20.87M) | Time:00:00.00 | Mem:0.00M, Peak:0.00M | Scene, ViewLayer | Synchronizing object | qa-human-arm.001
Fra:1 Mem:20.82M (Peak 20.87M) | Time:00:00.00 | Mem:0.00M, Peak:0.00M | Scene, ViewLayer | Synchronizing object | module-batch-painted-metal.002
Fra:1 Mem:20.84M (Peak 20.87M) | Time:00:00.00 | Mem:0.00M, Peak:0.00M | Scene, ViewLayer | Synchronizing object | qa-human-leg.001
Fra:1 Mem:20.97M (Peak 20.97M) | Time:00:00.00 | Mem:0.00M, Peak:0.00M | Scene, ViewLayer | Synchronizing object | qa-human-arm
Fra:1 Mem:20.92M (Peak 20.97M) | Time:00:00.00 | Mem:0.00M, Peak:0.00M | Scene, ViewLayer | Synchronizing object | qa-human-leg
Fra:1 Mem:20.98M (Peak 20.98M) | Time:00:00.00 | Mem:0.00M, Peak:0.00M | Scene, ViewLayer | Synchronizing object | qa-human-torso
Fra:1 Mem:21.06M (Peak 21.06M) | Time:00:00.00 | Mem:0.00M, Peak:0.00M | Scene, ViewLayer | Synchronizing object | qa-ground
Fra:1 Mem:21.06M (Peak 21.06M) | Time:00:00.00 | Mem:0.00M, Peak:0.00M | Scene, ViewLayer | Synchronizing object | module-batch-tactile-yellow.002
Fra:1 Mem:21.06M (Peak 21.06M) | Time:00:00.00 | Mem:0.00M, Peak:0.00M | Scene, ViewLayer | Synchronizing object | module-batch-painted-metal.004
Fra:1 Mem:20.96M (Peak 21.06M) | Time:00:00.00 | Mem:0.00M, Peak:0.00M | Scene, ViewLayer | Synchronizing object | module-batch-sign-face.001
Fra:1 Mem:20.96M (Peak 21.06M) | Time:00:00.00 | Mem:0.00M, Peak:0.00M | Scene, ViewLayer | Synchronizing object | module-batch-tactile-yellow.001
Fra:1 Mem:20.99M (Peak 21.06M) | Time:00:00.00 | Mem:0.00M, Peak:0.00M | Scene, ViewLayer | Synchronizing object | module-batch-painted-metal.003
Fra:1 Mem:21.01M (Peak 21.06M) | Time:00:00.00 | Mem:0.00M, Peak:0.00M | Scene, ViewLayer | Synchronizing object | module-batch-sign-symbol.001
Fra:1 Mem:20.99M (Peak 21.06M) | Time:00:00.00 | Mem:0.00M, Peak:0.00M | Scene, ViewLayer | Initializing
Fra:1 Mem:17.44M (Peak 21.06M) | Time:00:00.00 | Mem:0.00M, Peak:0.00M | Scene, ViewLayer | Waiting for render to start
Fra:1 Mem:17.44M (Peak 21.06M) | Time:00:00.00 | Mem:0.00M, Peak:0.00M | Scene, ViewLayer | Loading render kernels (may take a few minutes the first time)
Fra:1 Mem:17.44M (Peak 21.06M) | Time:00:00.00 | Mem:0.00M, Peak:0.00M | Scene, ViewLayer | Updating Scene
Fra:1 Mem:17.44M (Peak 21.06M) | Time:00:00.00 | Mem:0.00M, Peak:0.00M | Scene, ViewLayer | Updating Shaders
Fra:1 Mem:17.53M (Peak 21.06M) | Time:00:00.00 | Mem:0.01M, Peak:0.01M | Scene, ViewLayer | Updating Procedurals
Fra:1 Mem:17.53M (Peak 21.06M) | Time:00:00.00 | Mem:0.01M, Peak:0.01M | Scene, ViewLayer | Updating Background
Fra:1 Mem:17.53M (Peak 21.06M) | Time:00:00.00 | Mem:0.01M, Peak:0.01M | Scene, ViewLayer | Updating Camera
Fra:1 Mem:17.53M (Peak 21.06M) | Time:00:00.00 | Mem:0.01M, Peak:0.01M | Scene, ViewLayer | Updating Meshes Flags
Fra:1 Mem:17.53M (Peak 21.06M) | Time:00:00.00 | Mem:0.01M, Peak:0.01M | Scene, ViewLayer | Updating Objects
Fra:1 Mem:17.53M (Peak 21.06M) | Time:00:00.00 | Mem:0.01M, Peak:0.01M | Scene, ViewLayer | Updating Objects | Copying Transformations to device
Fra:1 Mem:17.54M (Peak 21.06M) | Time:00:00.00 | Mem:0.02M, Peak:0.02M | Scene, ViewLayer | Updating Objects | Applying Static Transformations
Fra:1 Mem:17.54M (Peak 21.06M) | Time:00:00.00 | Mem:0.02M, Peak:0.02M | Scene, ViewLayer | Updating Particle Systems
Fra:1 Mem:17.54M (Peak 21.06M) | Time:00:00.00 | Mem:0.02M, Peak:0.02M | Scene, ViewLayer | Updating Particle Systems | Copying Particles to device
Fra:1 Mem:17.54M (Peak 21.06M) | Time:00:00.00 | Mem:0.02M, Peak:0.02M | Scene, ViewLayer | Updating Meshes
Fra:1 Mem:17.60M (Peak 21.06M) | Time:00:00.01 | Mem:0.02M, Peak:0.02M | Scene, ViewLayer | Updating Mesh | Computing attributes
Fra:1 Mem:17.71M (Peak 21.06M) | Time:00:00.01 | Mem:0.02M, Peak:0.02M | Scene, ViewLayer | Updating Mesh | Copying Attributes to device
Fra:1 Mem:17.70M (Peak 21.06M) | Time:00:00.01 | Mem:0.12M, Peak:0.12M | Scene, ViewLayer | Updating Scene BVH | Building
Fra:1 Mem:17.70M (Peak 21.06M) | Time:00:00.01 | Mem:0.12M, Peak:0.12M | Scene, ViewLayer | Updating Scene BVH | Building BVH
Fra:1 Mem:17.70M (Peak 21.06M) | Time:00:00.01 | Mem:0.24M, Peak:0.24M | Scene, ViewLayer | Updating Scene BVH | Building BVH 0%
Fra:1 Mem:17.70M (Peak 21.06M) | Time:00:00.01 | Mem:0.39M, Peak:0.51M | Scene, ViewLayer | Updating Scene BVH | Copying BVH to device
Fra:1 Mem:17.70M (Peak 21.06M) | Time:00:00.01 | Mem:0.39M, Peak:0.51M | Scene, ViewLayer | Updating Mesh | Computing normals
Fra:1 Mem:18.03M (Peak 21.06M) | Time:00:00.01 | Mem:0.39M, Peak:0.51M | Scene, ViewLayer | Updating Mesh | Copying Mesh to device
Fra:1 Mem:18.03M (Peak 21.06M) | Time:00:00.01 | Mem:0.72M, Peak:0.72M | Scene, ViewLayer | Updating Objects Flags
Fra:1 Mem:18.03M (Peak 21.06M) | Time:00:00.01 | Mem:0.72M, Peak:0.72M | Scene, ViewLayer | Updating Primitive Offsets
Fra:1 Mem:18.03M (Peak 21.06M) | Time:00:00.01 | Mem:0.72M, Peak:0.72M | Scene, ViewLayer | Updating Images
Fra:1 Mem:18.03M (Peak 21.06M) | Time:00:00.01 | Mem:0.72M, Peak:0.72M | Scene, ViewLayer | Updating Camera Volume
Fra:1 Mem:18.03M (Peak 21.06M) | Time:00:00.01 | Mem:0.72M, Peak:0.72M | Scene, ViewLayer | Updating Lookup Tables
Fra:1 Mem:18.03M (Peak 21.06M) | Time:00:00.01 | Mem:0.80M, Peak:0.80M | Scene, ViewLayer | Updating Lights
Fra:1 Mem:18.03M (Peak 21.06M) | Time:00:00.01 | Mem:0.80M, Peak:0.80M | Scene, ViewLayer | Updating Lights | Computing tree
Fra:1 Mem:18.04M (Peak 21.06M) | Time:00:00.01 | Mem:0.81M, Peak:0.81M | Scene, ViewLayer | Updating Integrator
Fra:1 Mem:18.04M (Peak 21.06M) | Time:00:00.01 | Mem:0.81M, Peak:0.81M | Scene, ViewLayer | Updating Film
Fra:1 Mem:18.04M (Peak 21.06M) | Time:00:00.01 | Mem:0.72M, Peak:0.81M | Scene, ViewLayer | Updating Lookup Tables
Fra:1 Mem:18.04M (Peak 21.06M) | Time:00:00.01 | Mem:0.81M, Peak:0.81M | Scene, ViewLayer | Updating Baking
Fra:1 Mem:18.04M (Peak 21.06M) | Time:00:00.01 | Mem:0.81M, Peak:0.81M | Scene, ViewLayer | Updating Device | Writing constant memory
Fra:1 Mem:18.04M (Peak 21.06M) | Time:00:00.01 | Mem:0.81M, Peak:0.81M | Scene, ViewLayer | Sample 0/32
Fra:1 Mem:30.68M (Peak 30.68M) | Time:00:00.35 | Remaining:00:10.59 | Mem:13.44M, Peak:13.44M | Scene, ViewLayer | Sample 1/32
Fra:1 Mem:36.30M (Peak 47.53M) | Time:00:09.92 | Mem:13.44M, Peak:13.44M | Scene, ViewLayer | Sample 32/32
Fra:1 Mem:36.30M (Peak 47.53M) | Time:00:09.92 | Mem:13.44M, Peak:13.44M | Scene, ViewLayer | Finished
Saved: '/workspace/scratch/7c20b5ba4165/atlas-backlog-oct3/tools/assets/transit-station-spaces/qa/previews/modules-lod0-dusk.png'
Time: 00:09.97 (Saving: 00:00.05)

Extensions: writing cache failed ([Errno 30] Read-only file system: '/home/agent/.config/blender').
17:08:48 | INFO: Data are loaded, start creating Blender stuff
17:08:48 | INFO: Blender create Mesh node module-batch-painted-metal
17:08:48 | INFO: Blender create Mesh node module-batch-sign-face
17:08:48 | INFO: Blender create Mesh node module-batch-sign-symbol
17:08:48 | INFO: glTF import finished in 0.01s
17:08:48 | INFO: Data are loaded, start creating Blender stuff
17:08:48 | INFO: Blender create Mesh node module-batch-concrete
17:08:48 | INFO: Blender create Mesh node module-batch-tactile-yellow
17:08:48 | INFO: Blender create Mesh node module-batch-painted-metal
17:08:48 | INFO: glTF import finished in 0.01s
17:08:48 | INFO: Data are loaded, start creating Blender stuff
17:08:48 | INFO: Blender create Mesh node module-batch-painted-metal
17:08:48 | INFO: Blender create Mesh node module-batch-sign-face
17:08:48 | INFO: Blender create Mesh node module-batch-sign-symbol
17:08:48 | INFO: glTF import finished in 0.01s
17:08:48 | INFO: Data are loaded, start creating Blender stuff
17:08:48 | INFO: Blender create Mesh node module-batch-painted-metal
17:08:48 | INFO: Blender create Mesh node module-batch-tactile-yellow
17:08:48 | INFO: glTF import finished in 0.00s
17:08:48 | INFO: Data are loaded, start creating Blender stuff
17:08:48 | INFO: Blender create Mesh node module-batch-painted-metal
17:08:48 | INFO: Blender create Mesh node module-batch-tactile-yellow
17:08:48 | INFO: glTF import finished in 0.00s
Fra:1 Mem:20.43M (Peak 20.43M) | Time:00:00.00 | Mem:0.00M, Peak:0.00M | Scene, ViewLayer | Synchronizing object | module-batch-painted-metal
Fra:1 Mem:20.53M (Peak 20.53M) | Time:00:00.00 | Mem:0.00M, Peak:0.00M | Scene, ViewLayer | Synchronizing object | qa-label
Fra:1 Mem:20.50M (Peak 20.53M) | Time:00:00.00 | Mem:0.00M, Peak:0.00M | Scene, ViewLayer | Synchronizing object | module-batch-sign-face
Fra:1 Mem:20.50M (Peak 20.53M) | Time:00:00.00 | Mem:0.00M, Peak:0.00M | Scene, ViewLayer | Synchronizing object | qa-label.001
Fra:1 Mem:20.57M (Peak 20.57M) | Time:00:00.00 | Mem:0.00M, Peak:0.00M | Scene, ViewLayer | Synchronizing object | module-batch-sign-symbol
Fra:1 Mem:20.58M (Peak 20.58M) | Time:00:00.00 | Mem:0.00M, Peak:0.00M | Scene, ViewLayer | Synchronizing object | qa-ruler-tick.010
Fra:1 Mem:20.63M (Peak 20.63M) | Time:00:00.00 | Mem:0.00M, Peak:0.00M | Scene, ViewLayer | Synchronizing object | qa-ruler-tick.009
Fra:1 Mem:20.63M (Peak 20.63M) | Time:00:00.00 | Mem:0.00M, Peak:0.00M | Scene, ViewLayer | Synchronizing object | qa-ruler-tick.008
Fra:1 Mem:20.61M (Peak 20.63M) | Time:00:00.00 | Mem:0.00M, Peak:0.00M | Scene, ViewLayer | Synchronizing object | qa-ruler-tick.007
Fra:1 Mem:20.61M (Peak 20.63M) | Time:00:00.00 | Mem:0.00M, Peak:0.00M | Scene, ViewLayer | Synchronizing object | qa-ruler-tick.006
Fra:1 Mem:20.64M (Peak 20.64M) | Time:00:00.00 | Mem:0.00M, Peak:0.00M | Scene, ViewLayer | Synchronizing object | qa-ruler-tick.005
Fra:1 Mem:20.64M (Peak 20.64M) | Time:00:00.00 | Mem:0.00M, Peak:0.00M | Scene, ViewLayer | Synchronizing object | qa-ruler-tick.004
Fra:1 Mem:20.64M (Peak 20.64M) | Time:00:00.00 | Mem:0.00M, Peak:0.00M | Scene, ViewLayer | Synchronizing object | qa-ruler-tick.003
Fra:1 Mem:20.64M (Peak 20.64M) | Time:00:00.00 | Mem:0.00M, Peak:0.00M | Scene, ViewLayer | Synchronizing object | qa-ruler-tick.002
Fra:1 Mem:20.61M (Peak 20.64M) | Time:00:00.00 | Mem:0.00M, Peak:0.00M | Scene, ViewLayer | Synchronizing object | module-batch-concrete
Fra:1 Mem:20.63M (Peak 20.64M) | Time:00:00.00 | Mem:0.00M, Peak:0.00M | Scene, ViewLayer | Synchronizing object | qa-ruler-tick.001
Fra:1 Mem:20.62M (Peak 20.64M) | Time:00:00.00 | Mem:0.00M, Peak:0.00M | Scene, ViewLayer | Synchronizing object | qa-ruler-tick
Fra:1 Mem:20.62M (Peak 20.64M) | Time:00:00.00 | Mem:0.00M, Peak:0.00M | Scene, ViewLayer | Synchronizing object | qa-one-metre-ruler
Fra:1 Mem:20.61M (Peak 20.64M) | Time:00:00.00 | Mem:0.00M, Peak:0.00M | Scene, ViewLayer | Synchronizing object | module-batch-tactile-yellow
Fra:1 Mem:20.62M (Peak 20.64M) | Time:00:00.00 | Mem:0.00M, Peak:0.00M | Scene, ViewLayer | Synchronizing object | qa-human-head.001
Fra:1 Mem:20.64M (Peak 20.64M) | Time:00:00.00 | Mem:0.00M, Peak:0.00M | Scene, ViewLayer | Synchronizing object | qa-human-arm.003
Fra:1 Mem:20.72M (Peak 20.72M) | Time:00:00.00 | Mem:0.00M, Peak:0.00M | Scene, ViewLayer | Synchronizing object | qa-human-leg.003
Fra:1 Mem:20.78M (Peak 20.78M) | Time:00:00.00 | Mem:0.00M, Peak:0.00M | Scene, ViewLayer | Synchronizing object | qa-human-arm.002
Fra:1 Mem:20.86M (Peak 20.86M) | Time:00:00.00 | Mem:0.00M, Peak:0.00M | Scene, ViewLayer | Synchronizing object | qa-human-leg.002
Fra:1 Mem:20.77M (Peak 20.86M) | Time:00:00.00 | Mem:0.00M, Peak:0.00M | Scene, ViewLayer | Synchronizing object | module-batch-painted-metal.001
Fra:1 Mem:20.77M (Peak 20.86M) | Time:00:00.00 | Mem:0.00M, Peak:0.00M | Scene, ViewLayer | Synchronizing object | qa-human-torso.001
Fra:1 Mem:20.79M (Peak 20.86M) | Time:00:00.00 | Mem:0.00M, Peak:0.00M | Scene, ViewLayer | Synchronizing object | module-batch-painted-metal.002
Fra:1 Mem:20.79M (Peak 20.86M) | Time:00:00.00 | Mem:0.00M, Peak:0.00M | Scene, ViewLayer | Synchronizing object | qa-human-head
Fra:1 Mem:20.81M (Peak 20.86M) | Time:00:00.00 | Mem:0.00M, Peak:0.00M | Scene, ViewLayer | Synchronizing object | qa-human-arm.001
Fra:1 Mem:20.96M (Peak 20.96M) | Time:00:00.00 | Mem:0.00M, Peak:0.00M | Scene, ViewLayer | Synchronizing object | qa-human-leg.001
Fra:1 Mem:20.94M (Peak 20.96M) | Time:00:00.00 | Mem:0.00M, Peak:0.00M | Scene, ViewLayer | Synchronizing object | qa-human-arm
Fra:1 Mem:21.04M (Peak 21.04M) | Time:00:00.00 | Mem:0.00M, Peak:0.00M | Scene, ViewLayer | Synchronizing object | qa-human-leg
Fra:1 Mem:21.05M (Peak 21.05M) | Time:00:00.00 | Mem:0.00M, Peak:0.00M | Scene, ViewLayer | Synchronizing object | qa-human-torso
Fra:1 Mem:20.97M (Peak 21.05M) | Time:00:00.00 | Mem:0.00M, Peak:0.00M | Scene, ViewLayer | Synchronizing object | qa-ground
Fra:1 Mem:20.95M (Peak 21.05M) | Time:00:00.00 | Mem:0.00M, Peak:0.00M | Scene, ViewLayer | Synchronizing object | module-batch-sign-face.001
Fra:1 Mem:20.95M (Peak 21.05M) | Time:00:00.00 | Mem:0.00M, Peak:0.00M | Scene, ViewLayer | Synchronizing object | module-batch-tactile-yellow.002
Fra:1 Mem:21.00M (Peak 21.05M) | Time:00:00.00 | Mem:0.00M, Peak:0.00M | Scene, ViewLayer | Synchronizing object | module-batch-painted-metal.004
Fra:1 Mem:20.98M (Peak 21.05M) | Time:00:00.00 | Mem:0.00M, Peak:0.00M | Scene, ViewLayer | Synchronizing object | module-batch-sign-symbol.001
Fra:1 Mem:20.98M (Peak 21.05M) | Time:00:00.00 | Mem:0.00M, Peak:0.00M | Scene, ViewLayer | Synchronizing object | module-batch-tactile-yellow.001
Fra:1 Mem:20.99M (Peak 21.05M) | Time:00:00.00 | Mem:0.00M, Peak:0.00M | Scene, ViewLayer | Synchronizing object | module-batch-painted-metal.003
Fra:1 Mem:20.99M (Peak 21.05M) | Time:00:00.00 | Mem:0.00M, Peak:0.00M | Scene, ViewLayer | Initializing
Fra:1 Mem:17.44M (Peak 21.05M) | Time:00:00.00 | Mem:0.00M, Peak:0.00M | Scene, ViewLayer | Waiting for render to start
Fra:1 Mem:17.44M (Peak 21.05M) | Time:00:00.00 | Mem:0.00M, Peak:0.00M | Scene, ViewLayer | Loading render kernels (may take a few minutes the first time)
Fra:1 Mem:17.44M (Peak 21.05M) | Time:00:00.00 | Mem:0.00M, Peak:0.00M | Scene, ViewLayer | Updating Scene
Fra:1 Mem:17.44M (Peak 21.05M) | Time:00:00.00 | Mem:0.00M, Peak:0.00M | Scene, ViewLayer | Updating Shaders
Fra:1 Mem:17.53M (Peak 21.05M) | Time:00:00.00 | Mem:0.01M, Peak:0.01M | Scene, ViewLayer | Updating Procedurals
Fra:1 Mem:17.53M (Peak 21.05M) | Time:00:00.00 | Mem:0.01M, Peak:0.01M | Scene, ViewLayer | Updating Background
Fra:1 Mem:17.53M (Peak 21.05M) | Time:00:00.00 | Mem:0.01M, Peak:0.01M | Scene, ViewLayer | Updating Camera
Fra:1 Mem:17.53M (Peak 21.05M) | Time:00:00.00 | Mem:0.01M, Peak:0.01M | Scene, ViewLayer | Updating Meshes Flags
Fra:1 Mem:17.53M (Peak 21.05M) | Time:00:00.00 | Mem:0.01M, Peak:0.01M | Scene, ViewLayer | Updating Objects
Fra:1 Mem:17.53M (Peak 21.05M) | Time:00:00.00 | Mem:0.01M, Peak:0.01M | Scene, ViewLayer | Updating Objects | Copying Transformations to device
Fra:1 Mem:17.54M (Peak 21.05M) | Time:00:00.00 | Mem:0.02M, Peak:0.02M | Scene, ViewLayer | Updating Objects | Applying Static Transformations
Fra:1 Mem:17.54M (Peak 21.05M) | Time:00:00.00 | Mem:0.02M, Peak:0.02M | Scene, ViewLayer | Updating Particle Systems
Fra:1 Mem:17.54M (Peak 21.05M) | Time:00:00.00 | Mem:0.02M, Peak:0.02M | Scene, ViewLayer | Updating Particle Systems | Copying Particles to device
Fra:1 Mem:17.54M (Peak 21.05M) | Time:00:00.00 | Mem:0.02M, Peak:0.02M | Scene, ViewLayer | Updating Meshes
Fra:1 Mem:17.60M (Peak 21.05M) | Time:00:00.00 | Mem:0.02M, Peak:0.02M | Scene, ViewLayer | Updating Mesh | Computing attributes
Fra:1 Mem:17.71M (Peak 21.05M) | Time:00:00.00 | Mem:0.02M, Peak:0.02M | Scene, ViewLayer | Updating Mesh | Copying Attributes to device
Fra:1 Mem:17.70M (Peak 21.05M) | Time:00:00.00 | Mem:0.12M, Peak:0.12M | Scene, ViewLayer | Updating Scene BVH | Building
Fra:1 Mem:17.70M (Peak 21.05M) | Time:00:00.00 | Mem:0.12M, Peak:0.12M | Scene, ViewLayer | Updating Scene BVH | Building BVH
Fra:1 Mem:17.70M (Peak 21.05M) | Time:00:00.00 | Mem:0.24M, Peak:0.24M | Scene, ViewLayer | Updating Scene BVH | Building BVH 0%
Fra:1 Mem:17.70M (Peak 21.05M) | Time:00:00.01 | Mem:0.39M, Peak:0.51M | Scene, ViewLayer | Updating Scene BVH | Copying BVH to device
Fra:1 Mem:17.70M (Peak 21.05M) | Time:00:00.01 | Mem:0.39M, Peak:0.51M | Scene, ViewLayer | Updating Mesh | Computing normals
Fra:1 Mem:18.03M (Peak 21.05M) | Time:00:00.01 | Mem:0.39M, Peak:0.51M | Scene, ViewLayer | Updating Mesh | Copying Mesh to device
Fra:1 Mem:18.03M (Peak 21.05M) | Time:00:00.01 | Mem:0.72M, Peak:0.72M | Scene, ViewLayer | Updating Objects Flags
Fra:1 Mem:18.03M (Peak 21.05M) | Time:00:00.01 | Mem:0.72M, Peak:0.72M | Scene, ViewLayer | Updating Primitive Offsets
Fra:1 Mem:18.03M (Peak 21.05M) | Time:00:00.01 | Mem:0.72M, Peak:0.72M | Scene, ViewLayer | Updating Images
Fra:1 Mem:18.03M (Peak 21.05M) | Time:00:00.01 | Mem:0.72M, Peak:0.72M | Scene, ViewLayer | Updating Camera Volume
Fra:1 Mem:18.03M (Peak 21.05M) | Time:00:00.01 | Mem:0.72M, Peak:0.72M | Scene, ViewLayer | Updating Lookup Tables
Fra:1 Mem:18.03M (Peak 21.05M) | Time:00:00.01 | Mem:0.80M, Peak:0.80M | Scene, ViewLayer | Updating Lights
Fra:1 Mem:18.03M (Peak 21.05M) | Time:00:00.01 | Mem:0.80M, Peak:0.80M | Scene, ViewLayer | Updating Lights | Computing tree
Fra:1 Mem:18.04M (Peak 21.05M) | Time:00:00.01 | Mem:0.81M, Peak:0.81M | Scene, ViewLayer | Updating Integrator
Fra:1 Mem:18.04M (Peak 21.05M) | Time:00:00.01 | Mem:0.81M, Peak:0.81M | Scene, ViewLayer | Updating Film
Fra:1 Mem:18.04M (Peak 21.05M) | Time:00:00.01 | Mem:0.72M, Peak:0.81M | Scene, ViewLayer | Updating Lookup Tables
Fra:1 Mem:18.04M (Peak 21.05M) | Time:00:00.01 | Mem:0.81M, Peak:0.81M | Scene, ViewLayer | Updating Baking
Fra:1 Mem:18.04M (Peak 21.05M) | Time:00:00.01 | Mem:0.81M, Peak:0.81M | Scene, ViewLayer | Updating Device | Writing constant memory
Fra:1 Mem:18.04M (Peak 21.05M) | Time:00:00.01 | Mem:0.81M, Peak:0.81M | Scene, ViewLayer | Sample 0/32
Fra:1 Mem:30.68M (Peak 30.68M) | Time:00:00.35 | Remaining:00:10.50 | Mem:13.44M, Peak:13.44M | Scene, ViewLayer | Sample 1/32
Fra:1 Mem:36.30M (Peak 47.53M) | Time:00:09.97 | Mem:13.44M, Peak:13.44M | Scene, ViewLayer | Sample 32/32
Fra:1 Mem:36.30M (Peak 47.53M) | Time:00:09.97 | Mem:13.44M, Peak:13.44M | Scene, ViewLayer | Finished
Saved: '/workspace/scratch/7c20b5ba4165/atlas-backlog-oct3/tools/assets/transit-station-spaces/qa/previews/modules-lod0-night.png'
Time: 00:10.02 (Saving: 00:00.05)

Extensions: writing cache failed ([Errno 30] Read-only file system: '/home/agent/.config/blender').
17:08:58 | INFO: Data are loaded, start creating Blender stuff
17:08:58 | INFO: Blender create Mesh node module-batch-painted-metal
17:08:58 | INFO: Blender create Mesh node module-batch-sign-face
17:08:58 | INFO: Blender create Mesh node module-batch-sign-symbol
17:08:58 | INFO: glTF import finished in 0.00s
17:08:58 | INFO: Data are loaded, start creating Blender stuff
17:08:58 | INFO: Blender create Mesh node module-batch-concrete
17:08:58 | INFO: Blender create Mesh node module-batch-tactile-yellow
17:08:58 | INFO: glTF import finished in 0.00s
17:08:58 | INFO: Data are loaded, start creating Blender stuff
17:08:58 | INFO: Blender create Mesh node module-batch-painted-metal
17:08:58 | INFO: Blender create Mesh node module-batch-sign-face
17:08:58 | INFO: Blender create Mesh node module-batch-sign-symbol
17:08:58 | INFO: glTF import finished in 0.00s
17:08:58 | INFO: Data are loaded, start creating Blender stuff
17:08:58 | INFO: Blender create Mesh node module-batch-painted-metal
17:08:58 | INFO: glTF import finished in 0.00s
17:08:58 | INFO: Data are loaded, start creating Blender stuff
17:08:58 | INFO: Blender create Mesh node module-batch-painted-metal
17:08:58 | INFO: glTF import finished in 0.00s
Fra:1 Mem:18.38M (Peak 18.38M) | Time:00:00.00 | Mem:0.00M, Peak:0.00M | Scene, ViewLayer | Synchronizing object | module-batch-painted-metal
Fra:1 Mem:18.39M (Peak 18.39M) | Time:00:00.00 | Mem:0.00M, Peak:0.00M | Scene, ViewLayer | Synchronizing object | module-batch-sign-face
Fra:1 Mem:18.40M (Peak 18.40M) | Time:00:00.00 | Mem:0.00M, Peak:0.00M | Scene, ViewLayer | Synchronizing object | module-batch-sign-symbol
Fra:1 Mem:18.43M (Peak 18.43M) | Time:00:00.00 | Mem:0.00M, Peak:0.00M | Scene, ViewLayer | Synchronizing object | qa-label
Fra:1 Mem:18.41M (Peak 18.43M) | Time:00:00.00 | Mem:0.00M, Peak:0.00M | Scene, ViewLayer | Synchronizing object | module-batch-concrete
Fra:1 Mem:18.43M (Peak 18.43M) | Time:00:00.00 | Mem:0.00M, Peak:0.00M | Scene, ViewLayer | Synchronizing object | module-batch-tactile-yellow
Fra:1 Mem:18.43M (Peak 18.43M) | Time:00:00.00 | Mem:0.00M, Peak:0.00M | Scene, ViewLayer | Synchronizing object | module-batch-painted-metal.001
Fra:1 Mem:18.44M (Peak 18.44M) | Time:00:00.00 | Mem:0.00M, Peak:0.00M | Scene, ViewLayer | Synchronizing object | module-batch-sign-face.001
Fra:1 Mem:18.44M (Peak 18.44M) | Time:00:00.00 | Mem:0.00M, Peak:0.00M | Scene, ViewLayer | Synchronizing object | qa-label.001
Fra:1 Mem:18.47M (Peak 18.47M) | Time:00:00.00 | Mem:0.00M, Peak:0.00M | Scene, ViewLayer | Synchronizing object | module-batch-sign-symbol.001
Fra:1 Mem:18.50M (Peak 18.50M) | Time:00:00.00 | Mem:0.00M, Peak:0.00M | Scene, ViewLayer | Synchronizing object | module-batch-painted-metal.002
Fra:1 Mem:18.51M (Peak 18.51M) | Time:00:00.00 | Mem:0.00M, Peak:0.00M | Scene, ViewLayer | Synchronizing object | module-batch-painted-metal.003
Fra:1 Mem:18.52M (Peak 18.52M) | Time:00:00.00 | Mem:0.00M, Peak:0.00M | Scene, ViewLayer | Synchronizing object | qa-ruler-tick.010
Fra:1 Mem:18.52M (Peak 18.52M) | Time:00:00.00 | Mem:0.00M, Peak:0.00M | Scene, ViewLayer | Synchronizing object | qa-ruler-tick.009
Fra:1 Mem:18.52M (Peak 18.52M) | Time:00:00.00 | Mem:0.00M, Peak:0.00M | Scene, ViewLayer | Synchronizing object | qa-ground
Fra:1 Mem:18.52M (Peak 18.52M) | Time:00:00.00 | Mem:0.00M, Peak:0.00M | Scene, ViewLayer | Synchronizing object | qa-ruler-tick.008
Fra:1 Mem:18.52M (Peak 18.52M) | Time:00:00.00 | Mem:0.00M, Peak:0.00M | Scene, ViewLayer | Synchronizing object | qa-human-torso
Fra:1 Mem:18.52M (Peak 18.52M) | Time:00:00.00 | Mem:0.00M, Peak:0.00M | Scene, ViewLayer | Synchronizing object | qa-ruler-tick.007
Fra:1 Mem:18.54M (Peak 18.54M) | Time:00:00.00 | Mem:0.00M, Peak:0.00M | Scene, ViewLayer | Synchronizing object | qa-ruler-tick.006
Fra:1 Mem:18.53M (Peak 18.54M) | Time:00:00.00 | Mem:0.00M, Peak:0.00M | Scene, ViewLayer | Synchronizing object | qa-ruler-tick.005
Fra:1 Mem:18.54M (Peak 18.54M) | Time:00:00.00 | Mem:0.00M, Peak:0.00M | Scene, ViewLayer | Synchronizing object | qa-ruler-tick.004
Fra:1 Mem:18.56M (Peak 18.56M) | Time:00:00.00 | Mem:0.00M, Peak:0.00M | Scene, ViewLayer | Synchronizing object | qa-ruler-tick.003
Fra:1 Mem:18.54M (Peak 18.56M) | Time:00:00.00 | Mem:0.00M, Peak:0.00M | Scene, ViewLayer | Synchronizing object | qa-ruler-tick.002
Fra:1 Mem:18.54M (Peak 18.56M) | Time:00:00.00 | Mem:0.00M, Peak:0.00M | Scene, ViewLayer | Synchronizing object | qa-human-leg
Fra:1 Mem:18.54M (Peak 18.56M) | Time:00:00.00 | Mem:0.00M, Peak:0.00M | Scene, ViewLayer | Synchronizing object | qa-ruler-tick.001
Fra:1 Mem:18.56M (Peak 18.56M) | Time:00:00.00 | Mem:0.00M, Peak:0.00M | Scene, ViewLayer | Synchronizing object | qa-ruler-tick
Fra:1 Mem:18.56M (Peak 18.56M) | Time:00:00.00 | Mem:0.00M, Peak:0.00M | Scene, ViewLayer | Synchronizing object | qa-one-metre-ruler
Fra:1 Mem:18.57M (Peak 18.57M) | Time:00:00.00 | Mem:0.00M, Peak:0.00M | Scene, ViewLayer | Synchronizing object | qa-human-head.001
Fra:1 Mem:18.56M (Peak 18.57M) | Time:00:00.00 | Mem:0.00M, Peak:0.00M | Scene, ViewLayer | Synchronizing object | qa-human-arm
Fra:1 Mem:18.57M (Peak 18.57M) | Time:00:00.00 | Mem:0.00M, Peak:0.00M | Scene, ViewLayer | Synchronizing object | qa-human-arm.003
Fra:1 Mem:18.60M (Peak 18.60M) | Time:00:00.00 | Mem:0.00M, Peak:0.00M | Scene, ViewLayer | Synchronizing object | qa-human-leg.001
Fra:1 Mem:18.61M (Peak 18.61M) | Time:00:00.00 | Mem:0.00M, Peak:0.00M | Scene, ViewLayer | Synchronizing object | qa-human-leg.003
Fra:1 Mem:18.61M (Peak 18.61M) | Time:00:00.00 | Mem:0.00M, Peak:0.00M | Scene, ViewLayer | Synchronizing object | qa-human-arm.001
Fra:1 Mem:18.63M (Peak 18.63M) | Time:00:00.00 | Mem:0.00M, Peak:0.00M | Scene, ViewLayer | Synchronizing object | qa-human-arm.002
Fra:1 Mem:18.65M (Peak 18.65M) | Time:00:00.00 | Mem:0.00M, Peak:0.00M | Scene, ViewLayer | Synchronizing object | qa-human-head
Fra:1 Mem:18.67M (Peak 18.67M) | Time:00:00.00 | Mem:0.00M, Peak:0.00M | Scene, ViewLayer | Synchronizing object | qa-human-torso.001
Fra:1 Mem:18.65M (Peak 18.67M) | Time:00:00.00 | Mem:0.00M, Peak:0.00M | Scene, ViewLayer | Synchronizing object | qa-human-leg.002
Fra:1 Mem:18.68M (Peak 18.68M) | Time:00:00.00 | Mem:0.00M, Peak:0.00M | Scene, ViewLayer | Initializing
Fra:1 Mem:15.85M (Peak 18.68M) | Time:00:00.00 | Mem:0.00M, Peak:0.00M | Scene, ViewLayer | Waiting for render to start
Fra:1 Mem:15.86M (Peak 18.68M) | Time:00:00.00 | Mem:0.00M, Peak:0.00M | Scene, ViewLayer | Loading render kernels (may take a few minutes the first time)
Fra:1 Mem:15.86M (Peak 18.68M) | Time:00:00.00 | Mem:0.00M, Peak:0.00M | Scene, ViewLayer | Updating Scene
Fra:1 Mem:15.86M (Peak 18.68M) | Time:00:00.00 | Mem:0.00M, Peak:0.00M | Scene, ViewLayer | Updating Shaders
Fra:1 Mem:15.95M (Peak 18.68M) | Time:00:00.00 | Mem:0.01M, Peak:0.01M | Scene, ViewLayer | Updating Procedurals
Fra:1 Mem:15.95M (Peak 18.68M) | Time:00:00.00 | Mem:0.01M, Peak:0.01M | Scene, ViewLayer | Updating Background
Fra:1 Mem:15.95M (Peak 18.68M) | Time:00:00.00 | Mem:0.01M, Peak:0.01M | Scene, ViewLayer | Updating Camera
Fra:1 Mem:15.95M (Peak 18.68M) | Time:00:00.00 | Mem:0.01M, Peak:0.01M | Scene, ViewLayer | Updating Meshes Flags
Fra:1 Mem:15.95M (Peak 18.68M) | Time:00:00.00 | Mem:0.01M, Peak:0.01M | Scene, ViewLayer | Updating Objects
Fra:1 Mem:15.95M (Peak 18.68M) | Time:00:00.00 | Mem:0.01M, Peak:0.01M | Scene, ViewLayer | Updating Objects | Copying Transformations to device
Fra:1 Mem:15.96M (Peak 18.68M) | Time:00:00.00 | Mem:0.02M, Peak:0.02M | Scene, ViewLayer | Updating Objects | Applying Static Transformations
Fra:1 Mem:15.96M (Peak 18.68M) | Time:00:00.00 | Mem:0.02M, Peak:0.02M | Scene, ViewLayer | Updating Particle Systems
Fra:1 Mem:15.96M (Peak 18.68M) | Time:00:00.00 | Mem:0.02M, Peak:0.02M | Scene, ViewLayer | Updating Particle Systems | Copying Particles to device
Fra:1 Mem:15.96M (Peak 18.68M) | Time:00:00.00 | Mem:0.02M, Peak:0.02M | Scene, ViewLayer | Updating Meshes
Fra:1 Mem:15.99M (Peak 18.68M) | Time:00:00.00 | Mem:0.02M, Peak:0.02M | Scene, ViewLayer | Updating Mesh | Computing attributes
Fra:1 Mem:16.05M (Peak 18.68M) | Time:00:00.00 | Mem:0.02M, Peak:0.02M | Scene, ViewLayer | Updating Mesh | Copying Attributes to device
Fra:1 Mem:16.04M (Peak 18.68M) | Time:00:00.00 | Mem:0.07M, Peak:0.07M | Scene, ViewLayer | Updating Scene BVH | Building
Fra:1 Mem:16.04M (Peak 18.68M) | Time:00:00.00 | Mem:0.07M, Peak:0.07M | Scene, ViewLayer | Updating Scene BVH | Building BVH
Fra:1 Mem:16.04M (Peak 18.68M) | Time:00:00.00 | Mem:0.14M, Peak:0.14M | Scene, ViewLayer | Updating Scene BVH | Building BVH 0%
Fra:1 Mem:16.04M (Peak 18.68M) | Time:00:00.00 | Mem:0.23M, Peak:0.30M | Scene, ViewLayer | Updating Scene BVH | Copying BVH to device
Fra:1 Mem:16.04M (Peak 18.68M) | Time:00:00.00 | Mem:0.23M, Peak:0.30M | Scene, ViewLayer | Updating Mesh | Computing normals
Fra:1 Mem:16.21M (Peak 18.68M) | Time:00:00.00 | Mem:0.23M, Peak:0.30M | Scene, ViewLayer | Updating Mesh | Copying Mesh to device
Fra:1 Mem:16.21M (Peak 18.68M) | Time:00:00.00 | Mem:0.40M, Peak:0.40M | Scene, ViewLayer | Updating Objects Flags
Fra:1 Mem:16.21M (Peak 18.68M) | Time:00:00.00 | Mem:0.40M, Peak:0.40M | Scene, ViewLayer | Updating Primitive Offsets
Fra:1 Mem:16.21M (Peak 18.68M) | Time:00:00.00 | Mem:0.40M, Peak:0.40M | Scene, ViewLayer | Updating Images
Fra:1 Mem:16.21M (Peak 18.68M) | Time:00:00.00 | Mem:0.40M, Peak:0.40M | Scene, ViewLayer | Updating Camera Volume
Fra:1 Mem:16.21M (Peak 18.68M) | Time:00:00.00 | Mem:0.40M, Peak:0.40M | Scene, ViewLayer | Updating Lookup Tables
Fra:1 Mem:16.21M (Peak 18.68M) | Time:00:00.00 | Mem:0.48M, Peak:0.48M | Scene, ViewLayer | Updating Lights
Fra:1 Mem:16.21M (Peak 18.68M) | Time:00:00.00 | Mem:0.48M, Peak:0.48M | Scene, ViewLayer | Updating Lights | Computing tree
Fra:1 Mem:16.21M (Peak 18.68M) | Time:00:00.00 | Mem:0.48M, Peak:0.48M | Scene, ViewLayer | Updating Integrator
Fra:1 Mem:16.21M (Peak 18.68M) | Time:00:00.00 | Mem:0.48M, Peak:0.48M | Scene, ViewLayer | Updating Film
Fra:1 Mem:16.21M (Peak 18.68M) | Time:00:00.00 | Mem:0.40M, Peak:0.48M | Scene, ViewLayer | Updating Lookup Tables
Fra:1 Mem:16.21M (Peak 18.68M) | Time:00:00.00 | Mem:0.49M, Peak:0.49M | Scene, ViewLayer | Updating Baking
Fra:1 Mem:16.21M (Peak 18.68M) | Time:00:00.00 | Mem:0.49M, Peak:0.49M | Scene, ViewLayer | Updating Device | Writing constant memory
Fra:1 Mem:16.21M (Peak 18.68M) | Time:00:00.00 | Mem:0.49M, Peak:0.49M | Scene, ViewLayer | Sample 0/32
Fra:1 Mem:28.86M (Peak 28.86M) | Time:00:00.36 | Remaining:00:10.87 | Mem:13.12M, Peak:13.12M | Scene, ViewLayer | Sample 1/32
Fra:1 Mem:34.47M (Peak 45.70M) | Time:00:09.98 | Mem:13.12M, Peak:13.12M | Scene, ViewLayer | Sample 32/32
Fra:1 Mem:34.47M (Peak 45.70M) | Time:00:09.98 | Mem:13.12M, Peak:13.12M | Scene, ViewLayer | Finished
Saved: '/workspace/scratch/7c20b5ba4165/atlas-backlog-oct3/tools/assets/transit-station-spaces/qa/previews/modules-lod1-sunny.png'
Time: 00:10.04 (Saving: 00:00.05)

Extensions: writing cache failed ([Errno 30] Read-only file system: '/home/agent/.config/blender').
17:09:09 | INFO: Data are loaded, start creating Blender stuff
17:09:09 | INFO: Blender create Mesh node module-batch-painted-metal
17:09:09 | INFO: Blender create Mesh node module-batch-sign-face
17:09:09 | INFO: Blender create Mesh node module-batch-sign-symbol
17:09:09 | INFO: glTF import finished in 0.00s
17:09:09 | INFO: Data are loaded, start creating Blender stuff
17:09:09 | INFO: Blender create Mesh node module-batch-concrete
17:09:09 | INFO: Blender create Mesh node module-batch-tactile-yellow
17:09:09 | INFO: glTF import finished in 0.00s
17:09:09 | INFO: Data are loaded, start creating Blender stuff
17:09:09 | INFO: Blender create Mesh node module-batch-painted-metal
17:09:09 | INFO: Blender create Mesh node module-batch-sign-face
17:09:09 | INFO: Blender create Mesh node module-batch-sign-symbol
17:09:09 | INFO: glTF import finished in 0.01s
17:09:09 | INFO: Data are loaded, start creating Blender stuff
17:09:09 | INFO: Blender create Mesh node module-batch-painted-metal
17:09:09 | INFO: glTF import finished in 0.00s
17:09:09 | INFO: Data are loaded, start creating Blender stuff
17:09:09 | INFO: Blender create Mesh node module-batch-painted-metal
17:09:09 | INFO: glTF import finished in 0.00s
Fra:1 Mem:18.38M (Peak 18.38M) | Time:00:00.00 | Mem:0.00M, Peak:0.00M | Scene, ViewLayer | Synchronizing object | module-batch-painted-metal
Fra:1 Mem:18.39M (Peak 18.39M) | Time:00:00.00 | Mem:0.00M, Peak:0.00M | Scene, ViewLayer | Synchronizing object | module-batch-sign-face
Fra:1 Mem:18.40M (Peak 18.40M) | Time:00:00.00 | Mem:0.00M, Peak:0.00M | Scene, ViewLayer | Synchronizing object | qa-label
Fra:1 Mem:18.41M (Peak 18.41M) | Time:00:00.00 | Mem:0.00M, Peak:0.00M | Scene, ViewLayer | Synchronizing object | module-batch-sign-symbol
Fra:1 Mem:18.44M (Peak 18.44M) | Time:00:00.00 | Mem:0.00M, Peak:0.00M | Scene, ViewLayer | Synchronizing object | qa-label.001
Fra:1 Mem:18.47M (Peak 18.47M) | Time:00:00.00 | Mem:0.00M, Peak:0.00M | Scene, ViewLayer | Synchronizing object | module-batch-concrete
Fra:1 Mem:18.48M (Peak 18.48M) | Time:00:00.00 | Mem:0.00M, Peak:0.00M | Scene, ViewLayer | Synchronizing object | module-batch-tactile-yellow
Fra:1 Mem:18.50M (Peak 18.50M) | Time:00:00.00 | Mem:0.00M, Peak:0.00M | Scene, ViewLayer | Synchronizing object | qa-ruler-tick.010
Fra:1 Mem:18.49M (Peak 18.50M) | Time:00:00.00 | Mem:0.00M, Peak:0.00M | Scene, ViewLayer | Synchronizing object | qa-ruler-tick.009
Fra:1 Mem:18.49M (Peak 18.50M) | Time:00:00.00 | Mem:0.00M, Peak:0.00M | Scene, ViewLayer | Synchronizing object | module-batch-painted-metal.001
Fra:1 Mem:18.49M (Peak 18.50M) | Time:00:00.00 | Mem:0.00M, Peak:0.00M | Scene, ViewLayer | Synchronizing object | qa-ruler-tick.008
Fra:1 Mem:18.52M (Peak 18.52M) | Time:00:00.00 | Mem:0.00M, Peak:0.00M | Scene, ViewLayer | Synchronizing object | qa-ruler-tick.007
Fra:1 Mem:18.50M (Peak 18.52M) | Time:00:00.00 | Mem:0.00M, Peak:0.00M | Scene, ViewLayer | Synchronizing object | qa-ruler-tick.006
Fra:1 Mem:18.51M (Peak 18.52M) | Time:00:00.00 | Mem:0.00M, Peak:0.00M | Scene, ViewLayer | Synchronizing object | qa-ruler-tick.005
Fra:1 Mem:18.51M (Peak 18.52M) | Time:00:00.00 | Mem:0.00M, Peak:0.00M | Scene, ViewLayer | Synchronizing object | qa-ruler-tick.004
Fra:1 Mem:18.51M (Peak 18.52M) | Time:00:00.00 | Mem:0.00M, Peak:0.00M | Scene, ViewLayer | Synchronizing object | module-batch-sign-face.001
Fra:1 Mem:18.51M (Peak 18.52M) | Time:00:00.00 | Mem:0.00M, Peak:0.00M | Scene, ViewLayer | Synchronizing object | qa-ruler-tick.003
Fra:1 Mem:18.52M (Peak 18.52M) | Time:00:00.00 | Mem:0.00M, Peak:0.00M | Scene, ViewLayer | Synchronizing object | qa-ruler-tick.002
Fra:1 Mem:18.52M (Peak 18.52M) | Time:00:00.00 | Mem:0.00M, Peak:0.00M | Scene, ViewLayer | Synchronizing object | qa-ruler-tick.001
Fra:1 Mem:18.51M (Peak 18.52M) | Time:00:00.00 | Mem:0.00M, Peak:0.00M | Scene, ViewLayer | Synchronizing object | module-batch-sign-symbol.001
Fra:1 Mem:18.53M (Peak 18.53M) | Time:00:00.00 | Mem:0.00M, Peak:0.00M | Scene, ViewLayer | Synchronizing object | qa-ruler-tick
Fra:1 Mem:18.52M (Peak 18.53M) | Time:00:00.00 | Mem:0.00M, Peak:0.00M | Scene, ViewLayer | Synchronizing object | qa-one-metre-ruler
Fra:1 Mem:18.54M (Peak 18.54M) | Time:00:00.00 | Mem:0.00M, Peak:0.00M | Scene, ViewLayer | Synchronizing object | qa-human-head.001
Fra:1 Mem:18.53M (Peak 18.54M) | Time:00:00.00 | Mem:0.00M, Peak:0.00M | Scene, ViewLayer | Synchronizing object | module-batch-painted-metal.002
Fra:1 Mem:18.53M (Peak 18.54M) | Time:00:00.00 | Mem:0.00M, Peak:0.00M | Scene, ViewLayer | Synchronizing object | qa-human-arm.003
Fra:1 Mem:18.55M (Peak 18.55M) | Time:00:00.00 | Mem:0.00M, Peak:0.00M | Scene, ViewLayer | Synchronizing object | module-batch-painted-metal.003
Fra:1 Mem:18.56M (Peak 18.56M) | Time:00:00.00 | Mem:0.00M, Peak:0.00M | Scene, ViewLayer | Synchronizing object | qa-ground
Fra:1 Mem:18.57M (Peak 18.57M) | Time:00:00.00 | Mem:0.00M, Peak:0.00M | Scene, ViewLayer | Synchronizing object | qa-human-torso
Fra:1 Mem:18.57M (Peak 18.57M) | Time:00:00.00 | Mem:0.00M, Peak:0.00M | Scene, ViewLayer | Synchronizing object | qa-human-leg.003
Fra:1 Mem:18.60M (Peak 18.60M) | Time:00:00.00 | Mem:0.00M, Peak:0.00M | Scene, ViewLayer | Synchronizing object | qa-human-leg
Fra:1 Mem:18.60M (Peak 18.60M) | Time:00:00.00 | Mem:0.00M, Peak:0.00M | Scene, ViewLayer | Synchronizing object | qa-human-arm.002
Fra:1 Mem:18.62M (Peak 18.62M) | Time:00:00.00 | Mem:0.00M, Peak:0.00M | Scene, ViewLayer | Synchronizing object | qa-human-arm
Fra:1 Mem:18.62M (Peak 18.62M) | Time:00:00.00 | Mem:0.00M, Peak:0.00M | Scene, ViewLayer | Synchronizing object | qa-human-leg.002
Fra:1 Mem:18.65M (Peak 18.65M) | Time:00:00.00 | Mem:0.00M, Peak:0.00M | Scene, ViewLayer | Synchronizing object | qa-human-leg.001
Fra:1 Mem:18.65M (Peak 18.65M) | Time:00:00.00 | Mem:0.00M, Peak:0.00M | Scene, ViewLayer | Synchronizing object | qa-human-torso.001
Fra:1 Mem:18.67M (Peak 18.67M) | Time:00:00.00 | Mem:0.00M, Peak:0.00M | Scene, ViewLayer | Synchronizing object | qa-human-arm.001
Fra:1 Mem:18.67M (Peak 18.67M) | Time:00:00.00 | Mem:0.00M, Peak:0.00M | Scene, ViewLayer | Synchronizing object | qa-human-head
Fra:1 Mem:18.68M (Peak 18.68M) | Time:00:00.00 | Mem:0.00M, Peak:0.00M | Scene, ViewLayer | Initializing
Fra:1 Mem:15.85M (Peak 18.68M) | Time:00:00.00 | Mem:0.00M, Peak:0.00M | Scene, ViewLayer | Waiting for render to start
Fra:1 Mem:15.86M (Peak 18.68M) | Time:00:00.00 | Mem:0.00M, Peak:0.00M | Scene, ViewLayer | Loading render kernels (may take a few minutes the first time)
Fra:1 Mem:15.86M (Peak 18.68M) | Time:00:00.00 | Mem:0.00M, Peak:0.00M | Scene, ViewLayer | Updating Scene
Fra:1 Mem:15.86M (Peak 18.68M) | Time:00:00.00 | Mem:0.00M, Peak:0.00M | Scene, ViewLayer | Updating Shaders
Fra:1 Mem:15.95M (Peak 18.68M) | Time:00:00.00 | Mem:0.01M, Peak:0.01M | Scene, ViewLayer | Updating Procedurals
Fra:1 Mem:15.95M (Peak 18.68M) | Time:00:00.00 | Mem:0.01M, Peak:0.01M | Scene, ViewLayer | Updating Background
Fra:1 Mem:15.95M (Peak 18.68M) | Time:00:00.00 | Mem:0.01M, Peak:0.01M | Scene, ViewLayer | Updating Camera
Fra:1 Mem:15.95M (Peak 18.68M) | Time:00:00.00 | Mem:0.01M, Peak:0.01M | Scene, ViewLayer | Updating Meshes Flags
Fra:1 Mem:15.95M (Peak 18.68M) | Time:00:00.00 | Mem:0.01M, Peak:0.01M | Scene, ViewLayer | Updating Objects
Fra:1 Mem:15.95M (Peak 18.68M) | Time:00:00.00 | Mem:0.01M, Peak:0.01M | Scene, ViewLayer | Updating Objects | Copying Transformations to device
Fra:1 Mem:15.96M (Peak 18.68M) | Time:00:00.00 | Mem:0.02M, Peak:0.02M | Scene, ViewLayer | Updating Objects | Applying Static Transformations
Fra:1 Mem:15.96M (Peak 18.68M) | Time:00:00.00 | Mem:0.02M, Peak:0.02M | Scene, ViewLayer | Updating Particle Systems
Fra:1 Mem:15.96M (Peak 18.68M) | Time:00:00.00 | Mem:0.02M, Peak:0.02M | Scene, ViewLayer | Updating Particle Systems | Copying Particles to device
Fra:1 Mem:15.96M (Peak 18.68M) | Time:00:00.00 | Mem:0.02M, Peak:0.02M | Scene, ViewLayer | Updating Meshes
Fra:1 Mem:15.99M (Peak 18.68M) | Time:00:00.00 | Mem:0.02M, Peak:0.02M | Scene, ViewLayer | Updating Mesh | Computing attributes
Fra:1 Mem:16.05M (Peak 18.68M) | Time:00:00.00 | Mem:0.02M, Peak:0.02M | Scene, ViewLayer | Updating Mesh | Copying Attributes to device
Fra:1 Mem:16.04M (Peak 18.68M) | Time:00:00.00 | Mem:0.07M, Peak:0.07M | Scene, ViewLayer | Updating Scene BVH | Building
Fra:1 Mem:16.04M (Peak 18.68M) | Time:00:00.00 | Mem:0.07M, Peak:0.07M | Scene, ViewLayer | Updating Scene BVH | Building BVH
Fra:1 Mem:16.04M (Peak 18.68M) | Time:00:00.00 | Mem:0.14M, Peak:0.14M | Scene, ViewLayer | Updating Scene BVH | Building BVH 0%
Fra:1 Mem:16.04M (Peak 18.68M) | Time:00:00.00 | Mem:0.23M, Peak:0.30M | Scene, ViewLayer | Updating Scene BVH | Copying BVH to device
Fra:1 Mem:16.04M (Peak 18.68M) | Time:00:00.00 | Mem:0.23M, Peak:0.30M | Scene, ViewLayer | Updating Mesh | Computing normals
Fra:1 Mem:16.21M (Peak 18.68M) | Time:00:00.00 | Mem:0.23M, Peak:0.30M | Scene, ViewLayer | Updating Mesh | Copying Mesh to device
Fra:1 Mem:16.21M (Peak 18.68M) | Time:00:00.00 | Mem:0.40M, Peak:0.40M | Scene, ViewLayer | Updating Objects Flags
Fra:1 Mem:16.21M (Peak 18.68M) | Time:00:00.00 | Mem:0.40M, Peak:0.40M | Scene, ViewLayer | Updating Primitive Offsets
Fra:1 Mem:16.21M (Peak 18.68M) | Time:00:00.00 | Mem:0.40M, Peak:0.40M | Scene, ViewLayer | Updating Images
Fra:1 Mem:16.21M (Peak 18.68M) | Time:00:00.00 | Mem:0.40M, Peak:0.40M | Scene, ViewLayer | Updating Camera Volume
Fra:1 Mem:16.21M (Peak 18.68M) | Time:00:00.00 | Mem:0.40M, Peak:0.40M | Scene, ViewLayer | Updating Lookup Tables
Fra:1 Mem:16.21M (Peak 18.68M) | Time:00:00.00 | Mem:0.48M, Peak:0.48M | Scene, ViewLayer | Updating Lights
Fra:1 Mem:16.21M (Peak 18.68M) | Time:00:00.00 | Mem:0.48M, Peak:0.48M | Scene, ViewLayer | Updating Lights | Computing tree
Fra:1 Mem:16.21M (Peak 18.68M) | Time:00:00.00 | Mem:0.48M, Peak:0.48M | Scene, ViewLayer | Updating Integrator
Fra:1 Mem:16.21M (Peak 18.68M) | Time:00:00.00 | Mem:0.48M, Peak:0.48M | Scene, ViewLayer | Updating Film
Fra:1 Mem:16.21M (Peak 18.68M) | Time:00:00.00 | Mem:0.40M, Peak:0.48M | Scene, ViewLayer | Updating Lookup Tables
Fra:1 Mem:16.21M (Peak 18.68M) | Time:00:00.00 | Mem:0.49M, Peak:0.49M | Scene, ViewLayer | Updating Baking
Fra:1 Mem:16.21M (Peak 18.68M) | Time:00:00.00 | Mem:0.49M, Peak:0.49M | Scene, ViewLayer | Updating Device | Writing constant memory
Fra:1 Mem:16.21M (Peak 18.68M) | Time:00:00.00 | Mem:0.49M, Peak:0.49M | Scene, ViewLayer | Sample 0/32
Fra:1 Mem:28.86M (Peak 28.86M) | Time:00:00.34 | Remaining:00:10.53 | Mem:13.12M, Peak:13.12M | Scene, ViewLayer | Sample 1/32
Fra:1 Mem:34.47M (Peak 45.70M) | Time:00:10.13 | Mem:13.12M, Peak:13.12M | Scene, ViewLayer | Sample 32/32
Fra:1 Mem:34.47M (Peak 45.70M) | Time:00:10.13 | Mem:13.12M, Peak:13.12M | Scene, ViewLayer | Finished
Saved: '/workspace/scratch/7c20b5ba4165/atlas-backlog-oct3/tools/assets/transit-station-spaces/qa/previews/modules-lod1-overcast.png'
Time: 00:10.19 (Saving: 00:00.06)

Extensions: writing cache failed ([Errno 30] Read-only file system: '/home/agent/.config/blender').
17:09:19 | INFO: Data are loaded, start creating Blender stuff
17:09:19 | INFO: Blender create Mesh node module-batch-painted-metal
17:09:19 | INFO: Blender create Mesh node module-batch-sign-face
17:09:19 | INFO: Blender create Mesh node module-batch-sign-symbol
17:09:19 | INFO: glTF import finished in 0.00s
17:09:19 | INFO: Data are loaded, start creating Blender stuff
17:09:19 | INFO: Blender create Mesh node module-batch-concrete
17:09:19 | INFO: Blender create Mesh node module-batch-tactile-yellow
17:09:19 | INFO: glTF import finished in 0.00s
17:09:19 | INFO: Data are loaded, start creating Blender stuff
17:09:19 | INFO: Blender create Mesh node module-batch-painted-metal
17:09:19 | INFO: Blender create Mesh node module-batch-sign-face
17:09:19 | INFO: Blender create Mesh node module-batch-sign-symbol
17:09:19 | INFO: glTF import finished in 0.00s
17:09:19 | INFO: Data are loaded, start creating Blender stuff
17:09:19 | INFO: Blender create Mesh node module-batch-painted-metal
17:09:19 | INFO: glTF import finished in 0.00s
17:09:19 | INFO: Data are loaded, start creating Blender stuff
17:09:19 | INFO: Blender create Mesh node module-batch-painted-metal
17:09:19 | INFO: glTF import finished in 0.00s
Fra:1 Mem:18.38M (Peak 18.45M) | Time:00:00.00 | Mem:0.00M, Peak:0.00M | Scene, ViewLayer | Synchronizing object | module-batch-painted-metal
Fra:1 Mem:18.39M (Peak 18.45M) | Time:00:00.00 | Mem:0.00M, Peak:0.00M | Scene, ViewLayer | Synchronizing object | module-batch-sign-face
Fra:1 Mem:18.40M (Peak 18.45M) | Time:00:00.00 | Mem:0.00M, Peak:0.00M | Scene, ViewLayer | Synchronizing object | module-batch-sign-symbol
Fra:1 Mem:18.43M (Peak 18.45M) | Time:00:00.00 | Mem:0.00M, Peak:0.00M | Scene, ViewLayer | Synchronizing object | qa-label
Fra:1 Mem:18.42M (Peak 18.45M) | Time:00:00.00 | Mem:0.00M, Peak:0.00M | Scene, ViewLayer | Synchronizing object | module-batch-concrete
Fra:1 Mem:18.43M (Peak 18.45M) | Time:00:00.00 | Mem:0.00M, Peak:0.00M | Scene, ViewLayer | Synchronizing object | qa-label.001
Fra:1 Mem:18.46M (Peak 18.46M) | Time:00:00.00 | Mem:0.00M, Peak:0.00M | Scene, ViewLayer | Synchronizing object | module-batch-tactile-yellow
Fra:1 Mem:18.48M (Peak 18.48M) | Time:00:00.00 | Mem:0.00M, Peak:0.00M | Scene, ViewLayer | Synchronizing object | module-batch-painted-metal.001
Fra:1 Mem:18.50M (Peak 18.50M) | Time:00:00.00 | Mem:0.00M, Peak:0.00M | Scene, ViewLayer | Synchronizing object | qa-ruler-tick.010
Fra:1 Mem:18.50M (Peak 18.50M) | Time:00:00.00 | Mem:0.00M, Peak:0.00M | Scene, ViewLayer | Synchronizing object | module-batch-sign-face.001
Fra:1 Mem:18.50M (Peak 18.50M) | Time:00:00.00 | Mem:0.00M, Peak:0.00M | Scene, ViewLayer | Synchronizing object | qa-ruler-tick.009
Fra:1 Mem:18.51M (Peak 18.51M) | Time:00:00.00 | Mem:0.00M, Peak:0.00M | Scene, ViewLayer | Synchronizing object | qa-ruler-tick.008
Fra:1 Mem:18.51M (Peak 18.51M) | Time:00:00.00 | Mem:0.00M, Peak:0.00M | Scene, ViewLayer | Synchronizing object | qa-ruler-tick.007
Fra:1 Mem:18.50M (Peak 18.51M) | Time:00:00.00 | Mem:0.00M, Peak:0.00M | Scene, ViewLayer | Synchronizing object | module-batch-sign-symbol.001
Fra:1 Mem:18.51M (Peak 18.51M) | Time:00:00.00 | Mem:0.00M, Peak:0.00M | Scene, ViewLayer | Synchronizing object | qa-ruler-tick.006
Fra:1 Mem:18.51M (Peak 18.51M) | Time:00:00.00 | Mem:0.00M, Peak:0.00M | Scene, ViewLayer | Synchronizing object | qa-ruler-tick.005
Fra:1 Mem:18.53M (Peak 18.53M) | Time:00:00.00 | Mem:0.00M, Peak:0.00M | Scene, ViewLayer | Synchronizing object | qa-ruler-tick.004
Fra:1 Mem:18.52M (Peak 18.53M) | Time:00:00.00 | Mem:0.00M, Peak:0.00M | Scene, ViewLayer | Synchronizing object | qa-ruler-tick.003
Fra:1 Mem:18.53M (Peak 18.53M) | Time:00:00.00 | Mem:0.00M, Peak:0.00M | Scene, ViewLayer | Synchronizing object | qa-ruler-tick.002
Fra:1 Mem:18.53M (Peak 18.53M) | Time:00:00.00 | Mem:0.00M, Peak:0.00M | Scene, ViewLayer | Synchronizing object | qa-ruler-tick.001
Fra:1 Mem:18.52M (Peak 18.53M) | Time:00:00.00 | Mem:0.00M, Peak:0.00M | Scene, ViewLayer | Synchronizing object | module-batch-painted-metal.002
Fra:1 Mem:18.52M (Peak 18.53M) | Time:00:00.00 | Mem:0.00M, Peak:0.00M | Scene, ViewLayer | Synchronizing object | qa-ruler-tick
Fra:1 Mem:18.53M (Peak 18.53M) | Time:00:00.00 | Mem:0.00M, Peak:0.00M | Scene, ViewLayer | Synchronizing object | qa-one-metre-ruler
Fra:1 Mem:18.53M (Peak 18.53M) | Time:00:00.00 | Mem:0.00M, Peak:0.00M | Scene, ViewLayer | Synchronizing object | qa-human-head.001
Fra:1 Mem:18.53M (Peak 18.53M) | Time:00:00.00 | Mem:0.00M, Peak:0.00M | Scene, ViewLayer | Synchronizing object | module-batch-painted-metal.003
Fra:1 Mem:18.54M (Peak 18.54M) | Time:00:00.00 | Mem:0.00M, Peak:0.00M | Scene, ViewLayer | Synchronizing object | qa-human-arm.003
Fra:1 Mem:18.54M (Peak 18.54M) | Time:00:00.00 | Mem:0.00M, Peak:0.00M | Scene, ViewLayer | Synchronizing object | qa-ground
Fra:1 Mem:18.56M (Peak 18.56M) | Time:00:00.00 | Mem:0.00M, Peak:0.00M | Scene, ViewLayer | Synchronizing object | qa-human-torso
Fra:1 Mem:18.57M (Peak 18.57M) | Time:00:00.00 | Mem:0.00M, Peak:0.00M | Scene, ViewLayer | Synchronizing object | qa-human-leg.003
Fra:1 Mem:18.57M (Peak 18.57M) | Time:00:00.00 | Mem:0.00M, Peak:0.00M | Scene, ViewLayer | Synchronizing object | qa-human-leg
Fra:1 Mem:18.59M (Peak 18.59M) | Time:00:00.00 | Mem:0.00M, Peak:0.00M | Scene, ViewLayer | Synchronizing object | qa-human-arm.002
Fra:1 Mem:18.59M (Peak 18.59M) | Time:00:00.00 | Mem:0.00M, Peak:0.00M | Scene, ViewLayer | Synchronizing object | qa-human-arm
Fra:1 Mem:18.64M (Peak 18.64M) | Time:00:00.00 | Mem:0.00M, Peak:0.00M | Scene, ViewLayer | Synchronizing object | qa-human-leg.002
Fra:1 Mem:18.62M (Peak 18.64M) | Time:00:00.00 | Mem:0.00M, Peak:0.00M | Scene, ViewLayer | Synchronizing object | qa-human-leg.001
Fra:1 Mem:18.64M (Peak 18.64M) | Time:00:00.00 | Mem:0.00M, Peak:0.00M | Scene, ViewLayer | Synchronizing object | qa-human-arm.001
Fra:1 Mem:18.65M (Peak 18.65M) | Time:00:00.00 | Mem:0.00M, Peak:0.00M | Scene, ViewLayer | Synchronizing object | qa-human-torso.001
Fra:1 Mem:18.69M (Peak 18.69M) | Time:00:00.00 | Mem:0.00M, Peak:0.00M | Scene, ViewLayer | Synchronizing object | qa-human-head
Fra:1 Mem:18.68M (Peak 18.69M) | Time:00:00.00 | Mem:0.00M, Peak:0.00M | Scene, ViewLayer | Initializing
Fra:1 Mem:15.85M (Peak 18.69M) | Time:00:00.00 | Mem:0.00M, Peak:0.00M | Scene, ViewLayer | Waiting for render to start
Fra:1 Mem:15.86M (Peak 18.69M) | Time:00:00.00 | Mem:0.00M, Peak:0.00M | Scene, ViewLayer | Loading render kernels (may take a few minutes the first time)
Fra:1 Mem:15.86M (Peak 18.69M) | Time:00:00.00 | Mem:0.00M, Peak:0.00M | Scene, ViewLayer | Updating Scene
Fra:1 Mem:15.86M (Peak 18.69M) | Time:00:00.00 | Mem:0.00M, Peak:0.00M | Scene, ViewLayer | Updating Shaders
Fra:1 Mem:15.95M (Peak 18.69M) | Time:00:00.00 | Mem:0.01M, Peak:0.01M | Scene, ViewLayer | Updating Procedurals
Fra:1 Mem:15.95M (Peak 18.69M) | Time:00:00.00 | Mem:0.01M, Peak:0.01M | Scene, ViewLayer | Updating Background
Fra:1 Mem:15.95M (Peak 18.69M) | Time:00:00.00 | Mem:0.01M, Peak:0.01M | Scene, ViewLayer | Updating Camera
Fra:1 Mem:15.95M (Peak 18.69M) | Time:00:00.00 | Mem:0.01M, Peak:0.01M | Scene, ViewLayer | Updating Meshes Flags
Fra:1 Mem:15.95M (Peak 18.69M) | Time:00:00.00 | Mem:0.01M, Peak:0.01M | Scene, ViewLayer | Updating Objects
Fra:1 Mem:15.95M (Peak 18.69M) | Time:00:00.00 | Mem:0.01M, Peak:0.01M | Scene, ViewLayer | Updating Objects | Copying Transformations to device
Fra:1 Mem:15.96M (Peak 18.69M) | Time:00:00.00 | Mem:0.02M, Peak:0.02M | Scene, ViewLayer | Updating Objects | Applying Static Transformations
Fra:1 Mem:15.96M (Peak 18.69M) | Time:00:00.00 | Mem:0.02M, Peak:0.02M | Scene, ViewLayer | Updating Particle Systems
Fra:1 Mem:15.96M (Peak 18.69M) | Time:00:00.00 | Mem:0.02M, Peak:0.02M | Scene, ViewLayer | Updating Particle Systems | Copying Particles to device
Fra:1 Mem:15.96M (Peak 18.69M) | Time:00:00.00 | Mem:0.02M, Peak:0.02M | Scene, ViewLayer | Updating Meshes
Fra:1 Mem:15.99M (Peak 18.69M) | Time:00:00.00 | Mem:0.02M, Peak:0.02M | Scene, ViewLayer | Updating Mesh | Computing attributes
Fra:1 Mem:16.05M (Peak 18.69M) | Time:00:00.00 | Mem:0.02M, Peak:0.02M | Scene, ViewLayer | Updating Mesh | Copying Attributes to device
Fra:1 Mem:16.04M (Peak 18.69M) | Time:00:00.00 | Mem:0.07M, Peak:0.07M | Scene, ViewLayer | Updating Scene BVH | Building
Fra:1 Mem:16.04M (Peak 18.69M) | Time:00:00.00 | Mem:0.07M, Peak:0.07M | Scene, ViewLayer | Updating Scene BVH | Building BVH
Fra:1 Mem:16.04M (Peak 18.69M) | Time:00:00.00 | Mem:0.14M, Peak:0.14M | Scene, ViewLayer | Updating Scene BVH | Building BVH 0%
Fra:1 Mem:16.04M (Peak 18.69M) | Time:00:00.00 | Mem:0.23M, Peak:0.30M | Scene, ViewLayer | Updating Scene BVH | Copying BVH to device
Fra:1 Mem:16.04M (Peak 18.69M) | Time:00:00.00 | Mem:0.23M, Peak:0.30M | Scene, ViewLayer | Updating Mesh | Computing normals
Fra:1 Mem:16.21M (Peak 18.69M) | Time:00:00.00 | Mem:0.23M, Peak:0.30M | Scene, ViewLayer | Updating Mesh | Copying Mesh to device
Fra:1 Mem:16.21M (Peak 18.69M) | Time:00:00.00 | Mem:0.40M, Peak:0.40M | Scene, ViewLayer | Updating Objects Flags
Fra:1 Mem:16.21M (Peak 18.69M) | Time:00:00.00 | Mem:0.40M, Peak:0.40M | Scene, ViewLayer | Updating Primitive Offsets
Fra:1 Mem:16.21M (Peak 18.69M) | Time:00:00.00 | Mem:0.40M, Peak:0.40M | Scene, ViewLayer | Updating Images
Fra:1 Mem:16.21M (Peak 18.69M) | Time:00:00.00 | Mem:0.40M, Peak:0.40M | Scene, ViewLayer | Updating Camera Volume
Fra:1 Mem:16.21M (Peak 18.69M) | Time:00:00.00 | Mem:0.40M, Peak:0.40M | Scene, ViewLayer | Updating Lookup Tables
Fra:1 Mem:16.21M (Peak 18.69M) | Time:00:00.00 | Mem:0.48M, Peak:0.48M | Scene, ViewLayer | Updating Lights
Fra:1 Mem:16.21M (Peak 18.69M) | Time:00:00.00 | Mem:0.48M, Peak:0.48M | Scene, ViewLayer | Updating Lights | Computing tree
Fra:1 Mem:16.21M (Peak 18.69M) | Time:00:00.00 | Mem:0.48M, Peak:0.48M | Scene, ViewLayer | Updating Integrator
Fra:1 Mem:16.21M (Peak 18.69M) | Time:00:00.00 | Mem:0.48M, Peak:0.48M | Scene, ViewLayer | Updating Film
Fra:1 Mem:16.21M (Peak 18.69M) | Time:00:00.00 | Mem:0.40M, Peak:0.48M | Scene, ViewLayer | Updating Lookup Tables
Fra:1 Mem:16.21M (Peak 18.69M) | Time:00:00.00 | Mem:0.49M, Peak:0.49M | Scene, ViewLayer | Updating Baking
Fra:1 Mem:16.21M (Peak 18.69M) | Time:00:00.00 | Mem:0.49M, Peak:0.49M | Scene, ViewLayer | Updating Device | Writing constant memory
Fra:1 Mem:16.21M (Peak 18.69M) | Time:00:00.00 | Mem:0.49M, Peak:0.49M | Scene, ViewLayer | Sample 0/32
Fra:1 Mem:28.86M (Peak 28.86M) | Time:00:00.35 | Remaining:00:10.77 | Mem:13.12M, Peak:13.12M | Scene, ViewLayer | Sample 1/32
Fra:1 Mem:34.47M (Peak 45.70M) | Time:00:09.88 | Mem:13.12M, Peak:13.12M | Scene, ViewLayer | Sample 32/32
Fra:1 Mem:34.47M (Peak 45.70M) | Time:00:09.88 | Mem:13.12M, Peak:13.12M | Scene, ViewLayer | Finished
Saved: '/workspace/scratch/7c20b5ba4165/atlas-backlog-oct3/tools/assets/transit-station-spaces/qa/previews/modules-lod1-dusk.png'
Time: 00:09.93 (Saving: 00:00.05)

Extensions: writing cache failed ([Errno 30] Read-only file system: '/home/agent/.config/blender').
17:09:29 | INFO: Data are loaded, start creating Blender stuff
17:09:29 | INFO: Blender create Mesh node module-batch-painted-metal
17:09:29 | INFO: Blender create Mesh node module-batch-sign-face
17:09:29 | INFO: Blender create Mesh node module-batch-sign-symbol
17:09:29 | INFO: glTF import finished in 0.00s
17:09:29 | INFO: Data are loaded, start creating Blender stuff
17:09:29 | INFO: Blender create Mesh node module-batch-concrete
17:09:29 | INFO: Blender create Mesh node module-batch-tactile-yellow
17:09:29 | INFO: glTF import finished in 0.00s
17:09:29 | INFO: Data are loaded, start creating Blender stuff
17:09:29 | INFO: Blender create Mesh node module-batch-painted-metal
17:09:29 | INFO: Blender create Mesh node module-batch-sign-face
17:09:29 | INFO: Blender create Mesh node module-batch-sign-symbol
17:09:29 | INFO: glTF import finished in 0.01s
17:09:29 | INFO: Data are loaded, start creating Blender stuff
17:09:29 | INFO: Blender create Mesh node module-batch-painted-metal
17:09:29 | INFO: glTF import finished in 0.00s
17:09:29 | INFO: Data are loaded, start creating Blender stuff
17:09:29 | INFO: Blender create Mesh node module-batch-painted-metal
17:09:29 | INFO: glTF import finished in 0.00s
Fra:1 Mem:18.38M (Peak 18.38M) | Time:00:00.00 | Mem:0.00M, Peak:0.00M | Scene, ViewLayer | Synchronizing object | module-batch-painted-metal
Fra:1 Mem:18.39M (Peak 18.39M) | Time:00:00.00 | Mem:0.00M, Peak:0.00M | Scene, ViewLayer | Synchronizing object | module-batch-sign-face
Fra:1 Mem:18.40M (Peak 18.40M) | Time:00:00.00 | Mem:0.00M, Peak:0.00M | Scene, ViewLayer | Synchronizing object | qa-label
Fra:1 Mem:18.41M (Peak 18.41M) | Time:00:00.00 | Mem:0.00M, Peak:0.00M | Scene, ViewLayer | Synchronizing object | module-batch-sign-symbol
Fra:1 Mem:18.43M (Peak 18.43M) | Time:00:00.00 | Mem:0.00M, Peak:0.00M | Scene, ViewLayer | Synchronizing object | qa-label.001
Fra:1 Mem:18.46M (Peak 18.46M) | Time:00:00.00 | Mem:0.00M, Peak:0.00M | Scene, ViewLayer | Synchronizing object | module-batch-concrete
Fra:1 Mem:18.49M (Peak 18.49M) | Time:00:00.00 | Mem:0.00M, Peak:0.00M | Scene, ViewLayer | Synchronizing object | module-batch-tactile-yellow
Fra:1 Mem:18.49M (Peak 18.49M) | Time:00:00.00 | Mem:0.00M, Peak:0.00M | Scene, ViewLayer | Synchronizing object | qa-ruler-tick.010
Fra:1 Mem:18.49M (Peak 18.49M) | Time:00:00.00 | Mem:0.00M, Peak:0.00M | Scene, ViewLayer | Synchronizing object | module-batch-painted-metal.001
Fra:1 Mem:18.49M (Peak 18.49M) | Time:00:00.00 | Mem:0.00M, Peak:0.00M | Scene, ViewLayer | Synchronizing object | qa-ruler-tick.009
Fra:1 Mem:18.52M (Peak 18.52M) | Time:00:00.00 | Mem:0.00M, Peak:0.00M | Scene, ViewLayer | Synchronizing object | qa-ruler-tick.008
Fra:1 Mem:18.50M (Peak 18.52M) | Time:00:00.00 | Mem:0.00M, Peak:0.00M | Scene, ViewLayer | Synchronizing object | qa-ruler-tick.007
Fra:1 Mem:18.51M (Peak 18.52M) | Time:00:00.00 | Mem:0.00M, Peak:0.00M | Scene, ViewLayer | Synchronizing object | qa-ruler-tick.006
Fra:1 Mem:18.52M (Peak 18.52M) | Time:00:00.00 | Mem:0.00M, Peak:0.00M | Scene, ViewLayer | Synchronizing object | qa-ruler-tick.005
Fra:1 Mem:18.50M (Peak 18.52M) | Time:00:00.00 | Mem:0.00M, Peak:0.00M | Scene, ViewLayer | Synchronizing object | qa-ruler-tick.004
Fra:1 Mem:18.50M (Peak 18.52M) | Time:00:00.00 | Mem:0.00M, Peak:0.00M | Scene, ViewLayer | Synchronizing object | module-batch-sign-face.001
Fra:1 Mem:18.51M (Peak 18.52M) | Time:00:00.00 | Mem:0.00M, Peak:0.00M | Scene, ViewLayer | Synchronizing object | qa-ruler-tick.003
Fra:1 Mem:18.52M (Peak 18.52M) | Time:00:00.00 | Mem:0.00M, Peak:0.00M | Scene, ViewLayer | Synchronizing object | qa-ruler-tick.002
Fra:1 Mem:18.52M (Peak 18.52M) | Time:00:00.00 | Mem:0.00M, Peak:0.00M | Scene, ViewLayer | Synchronizing object | qa-ruler-tick.001
Fra:1 Mem:18.51M (Peak 18.52M) | Time:00:00.00 | Mem:0.00M, Peak:0.00M | Scene, ViewLayer | Synchronizing object | module-batch-sign-symbol.001
Fra:1 Mem:18.52M (Peak 18.52M) | Time:00:00.00 | Mem:0.00M, Peak:0.00M | Scene, ViewLayer | Synchronizing object | qa-ruler-tick
Fra:1 Mem:18.54M (Peak 18.54M) | Time:00:00.00 | Mem:0.00M, Peak:0.00M | Scene, ViewLayer | Synchronizing object | qa-one-metre-ruler
Fra:1 Mem:18.53M (Peak 18.54M) | Time:00:00.00 | Mem:0.00M, Peak:0.00M | Scene, ViewLayer | Synchronizing object | qa-human-head.001
Fra:1 Mem:18.53M (Peak 18.54M) | Time:00:00.00 | Mem:0.00M, Peak:0.00M | Scene, ViewLayer | Synchronizing object | module-batch-painted-metal.002
Fra:1 Mem:18.54M (Peak 18.54M) | Time:00:00.00 | Mem:0.00M, Peak:0.00M | Scene, ViewLayer | Synchronizing object | qa-human-arm.003
Fra:1 Mem:18.56M (Peak 18.56M) | Time:00:00.00 | Mem:0.00M, Peak:0.00M | Scene, ViewLayer | Synchronizing object | module-batch-painted-metal.003
Fra:1 Mem:18.57M (Peak 18.57M) | Time:00:00.00 | Mem:0.00M, Peak:0.00M | Scene, ViewLayer | Synchronizing object | qa-ground
Fra:1 Mem:18.57M (Peak 18.57M) | Time:00:00.00 | Mem:0.00M, Peak:0.00M | Scene, ViewLayer | Synchronizing object | qa-human-torso
Fra:1 Mem:18.56M (Peak 18.57M) | Time:00:00.00 | Mem:0.00M, Peak:0.00M | Scene, ViewLayer | Synchronizing object | qa-human-leg.003
Fra:1 Mem:18.59M (Peak 18.59M) | Time:00:00.00 | Mem:0.00M, Peak:0.00M | Scene, ViewLayer | Synchronizing object | qa-human-leg
Fra:1 Mem:18.58M (Peak 18.59M) | Time:00:00.00 | Mem:0.00M, Peak:0.00M | Scene, ViewLayer | Synchronizing object | qa-human-arm.002
Fra:1 Mem:18.60M (Peak 18.60M) | Time:00:00.00 | Mem:0.00M, Peak:0.00M | Scene, ViewLayer | Synchronizing object | qa-human-arm
Fra:1 Mem:18.61M (Peak 18.61M) | Time:00:00.00 | Mem:0.00M, Peak:0.00M | Scene, ViewLayer | Synchronizing object | qa-human-leg.002
Fra:1 Mem:18.64M (Peak 18.64M) | Time:00:00.00 | Mem:0.00M, Peak:0.00M | Scene, ViewLayer | Synchronizing object | qa-human-leg.001
Fra:1 Mem:18.65M (Peak 18.65M) | Time:00:00.00 | Mem:0.00M, Peak:0.00M | Scene, ViewLayer | Synchronizing object | qa-human-torso.001
Fra:1 Mem:18.67M (Peak 18.67M) | Time:00:00.00 | Mem:0.00M, Peak:0.00M | Scene, ViewLayer | Synchronizing object | qa-human-arm.001
Fra:1 Mem:18.68M (Peak 18.68M) | Time:00:00.00 | Mem:0.00M, Peak:0.00M | Scene, ViewLayer | Synchronizing object | qa-human-head
Fra:1 Mem:18.68M (Peak 18.68M) | Time:00:00.00 | Mem:0.00M, Peak:0.00M | Scene, ViewLayer | Initializing
Fra:1 Mem:15.85M (Peak 18.68M) | Time:00:00.00 | Mem:0.00M, Peak:0.00M | Scene, ViewLayer | Waiting for render to start
Fra:1 Mem:15.86M (Peak 18.68M) | Time:00:00.00 | Mem:0.00M, Peak:0.00M | Scene, ViewLayer | Loading render kernels (may take a few minutes the first time)
Fra:1 Mem:15.86M (Peak 18.68M) | Time:00:00.00 | Mem:0.00M, Peak:0.00M | Scene, ViewLayer | Updating Scene
Fra:1 Mem:15.86M (Peak 18.68M) | Time:00:00.00 | Mem:0.00M, Peak:0.00M | Scene, ViewLayer | Updating Shaders
Fra:1 Mem:15.95M (Peak 18.68M) | Time:00:00.00 | Mem:0.01M, Peak:0.01M | Scene, ViewLayer | Updating Procedurals
Fra:1 Mem:15.95M (Peak 18.68M) | Time:00:00.00 | Mem:0.01M, Peak:0.01M | Scene, ViewLayer | Updating Background
Fra:1 Mem:15.95M (Peak 18.68M) | Time:00:00.00 | Mem:0.01M, Peak:0.01M | Scene, ViewLayer | Updating Camera
Fra:1 Mem:15.95M (Peak 18.68M) | Time:00:00.00 | Mem:0.01M, Peak:0.01M | Scene, ViewLayer | Updating Meshes Flags
Fra:1 Mem:15.95M (Peak 18.68M) | Time:00:00.00 | Mem:0.01M, Peak:0.01M | Scene, ViewLayer | Updating Objects
Fra:1 Mem:15.95M (Peak 18.68M) | Time:00:00.00 | Mem:0.01M, Peak:0.01M | Scene, ViewLayer | Updating Objects | Copying Transformations to device
Fra:1 Mem:15.96M (Peak 18.68M) | Time:00:00.00 | Mem:0.02M, Peak:0.02M | Scene, ViewLayer | Updating Objects | Applying Static Transformations
Fra:1 Mem:15.96M (Peak 18.68M) | Time:00:00.00 | Mem:0.02M, Peak:0.02M | Scene, ViewLayer | Updating Particle Systems
Fra:1 Mem:15.96M (Peak 18.68M) | Time:00:00.00 | Mem:0.02M, Peak:0.02M | Scene, ViewLayer | Updating Particle Systems | Copying Particles to device
Fra:1 Mem:15.96M (Peak 18.68M) | Time:00:00.00 | Mem:0.02M, Peak:0.02M | Scene, ViewLayer | Updating Meshes
Fra:1 Mem:15.99M (Peak 18.68M) | Time:00:00.00 | Mem:0.02M, Peak:0.02M | Scene, ViewLayer | Updating Mesh | Computing attributes
Fra:1 Mem:16.05M (Peak 18.68M) | Time:00:00.00 | Mem:0.02M, Peak:0.02M | Scene, ViewLayer | Updating Mesh | Copying Attributes to device
Fra:1 Mem:16.04M (Peak 18.68M) | Time:00:00.00 | Mem:0.07M, Peak:0.07M | Scene, ViewLayer | Updating Scene BVH | Building
Fra:1 Mem:16.04M (Peak 18.68M) | Time:00:00.00 | Mem:0.07M, Peak:0.07M | Scene, ViewLayer | Updating Scene BVH | Building BVH
Fra:1 Mem:16.04M (Peak 18.68M) | Time:00:00.00 | Mem:0.14M, Peak:0.14M | Scene, ViewLayer | Updating Scene BVH | Building BVH 0%
Fra:1 Mem:16.04M (Peak 18.68M) | Time:00:00.00 | Mem:0.23M, Peak:0.30M | Scene, ViewLayer | Updating Scene BVH | Copying BVH to device
Fra:1 Mem:16.04M (Peak 18.68M) | Time:00:00.00 | Mem:0.23M, Peak:0.30M | Scene, ViewLayer | Updating Mesh | Computing normals
Fra:1 Mem:16.21M (Peak 18.68M) | Time:00:00.00 | Mem:0.23M, Peak:0.30M | Scene, ViewLayer | Updating Mesh | Copying Mesh to device
Fra:1 Mem:16.21M (Peak 18.68M) | Time:00:00.00 | Mem:0.40M, Peak:0.40M | Scene, ViewLayer | Updating Objects Flags
Fra:1 Mem:16.21M (Peak 18.68M) | Time:00:00.00 | Mem:0.40M, Peak:0.40M | Scene, ViewLayer | Updating Primitive Offsets
Fra:1 Mem:16.21M (Peak 18.68M) | Time:00:00.00 | Mem:0.40M, Peak:0.40M | Scene, ViewLayer | Updating Images
Fra:1 Mem:16.21M (Peak 18.68M) | Time:00:00.00 | Mem:0.40M, Peak:0.40M | Scene, ViewLayer | Updating Camera Volume
Fra:1 Mem:16.21M (Peak 18.68M) | Time:00:00.00 | Mem:0.40M, Peak:0.40M | Scene, ViewLayer | Updating Lookup Tables
Fra:1 Mem:16.21M (Peak 18.68M) | Time:00:00.00 | Mem:0.48M, Peak:0.48M | Scene, ViewLayer | Updating Lights
Fra:1 Mem:16.21M (Peak 18.68M) | Time:00:00.00 | Mem:0.48M, Peak:0.48M | Scene, ViewLayer | Updating Lights | Computing tree
Fra:1 Mem:16.21M (Peak 18.68M) | Time:00:00.00 | Mem:0.48M, Peak:0.48M | Scene, ViewLayer | Updating Integrator
Fra:1 Mem:16.21M (Peak 18.68M) | Time:00:00.00 | Mem:0.48M, Peak:0.48M | Scene, ViewLayer | Updating Film
Fra:1 Mem:16.21M (Peak 18.68M) | Time:00:00.00 | Mem:0.40M, Peak:0.48M | Scene, ViewLayer | Updating Lookup Tables
Fra:1 Mem:16.21M (Peak 18.68M) | Time:00:00.00 | Mem:0.49M, Peak:0.49M | Scene, ViewLayer | Updating Baking
Fra:1 Mem:16.21M (Peak 18.68M) | Time:00:00.00 | Mem:0.49M, Peak:0.49M | Scene, ViewLayer | Updating Device | Writing constant memory
Fra:1 Mem:16.21M (Peak 18.68M) | Time:00:00.00 | Mem:0.49M, Peak:0.49M | Scene, ViewLayer | Sample 0/32
Fra:1 Mem:28.86M (Peak 28.86M) | Time:00:00.35 | Remaining:00:10.75 | Mem:13.12M, Peak:13.12M | Scene, ViewLayer | Sample 1/32
Fra:1 Mem:34.47M (Peak 45.70M) | Time:00:10.21 | Mem:13.12M, Peak:13.12M | Scene, ViewLayer | Sample 32/32
Fra:1 Mem:34.47M (Peak 45.70M) | Time:00:10.21 | Mem:13.12M, Peak:13.12M | Scene, ViewLayer | Finished
Saved: '/workspace/scratch/7c20b5ba4165/atlas-backlog-oct3/tools/assets/transit-station-spaces/qa/previews/modules-lod1-night.png'
Time: 00:10.32 (Saving: 00:00.10)

Extensions: writing cache failed ([Errno 30] Read-only file system: '/home/agent/.config/blender').
17:09:40 | INFO: Data are loaded, start creating Blender stuff
17:09:40 | INFO: Blender create Mesh node lower--1-0
17:09:40 | INFO: Blender create Mesh node front-destination
17:09:40 | INFO: Blender create Mesh node door-right-front-a-crossbar
17:09:40 | INFO: Blender create Mesh node door-right-front-b-crossbar
17:09:40 | INFO: Blender create Mesh node door-right-rear-a-crossbar
17:09:40 | INFO: Blender create Mesh node door-right-rear-b-crossbar
17:09:40 | INFO: Blender create Mesh node window--1-0
17:09:40 | INFO: Blender create Mesh node destination-pixel
17:09:40 | INFO: Blender create Mesh node roof-equipment
17:09:40 | INFO: Blender create Mesh node wheel-front-left-hub
17:09:40 | INFO: Blender create Mesh node wheel-front-left-tyre
17:09:40 | INFO: Blender create Mesh node wheel-front-right-hub
17:09:40 | INFO: Blender create Mesh node wheel-front-right-tyre
17:09:40 | INFO: Blender create Mesh node wheel-rear-left-hub
17:09:40 | INFO: Blender create Mesh node wheel-rear-left-tyre
17:09:40 | INFO: Blender create Mesh node wheel-rear-right-hub
17:09:40 | INFO: Blender create Mesh node wheel-rear-right-tyre
17:09:40 | INFO: glTF import finished in 0.02s
17:09:40 | INFO: Data are loaded, start creating Blender stuff
17:09:40 | INFO: Blender create Mesh node interior-batch-panel
17:09:40 | INFO: Blender create Mesh node interior-batch-lights
17:09:40 | INFO: Blender create Mesh node interior-batch-glass
17:09:40 | INFO: Blender create Mesh node interior-batch-seat
17:09:40 | INFO: Blender create Mesh node interior-batch-rail
17:09:40 | INFO: Blender create Mesh node interior-batch-floor
17:09:40 | INFO: Blender create Mesh node interior-batch-rubber
17:09:40 | INFO: glTF import finished in 0.02s
17:09:40 | INFO: Data are loaded, start creating Blender stuff
17:09:40 | INFO: Blender create Mesh node module-batch-painted-metal
17:09:40 | INFO: Blender create Mesh node module-batch-sign-face
17:09:40 | INFO: Blender create Mesh node module-batch-sign-symbol
17:09:40 | INFO: glTF import finished in 0.01s
17:09:40 | INFO: Data are loaded, start creating Blender stuff
17:09:40 | INFO: Blender create Mesh node Cube
17:09:40 | INFO: Blender create Mesh node Cube.008
17:09:40 | INFO: Blender create Mesh node Cube.050
17:09:40 | INFO: Blender create Mesh node Cube.051
17:09:40 | INFO: glTF import finished in 0.02s
17:09:40 | INFO: Data are loaded, start creating Blender stuff
17:09:40 | INFO: Blender create Mesh node module-batch-painted-metal
17:09:40 | INFO: Blender create Mesh node module-batch-tactile-yellow
17:09:40 | INFO: glTF import finished in 0.01s
17:09:40 | INFO: Data are loaded, start creating Blender stuff
17:09:40 | INFO: Blender create Mesh node module-batch-painted-metal
17:09:40 | INFO: Blender create Mesh node module-batch-tactile-yellow
17:09:40 | INFO: glTF import finished in 0.01s
Fra:1 Mem:26.35M (Peak 27.21M) | Time:00:00.01 | Mem:0.00M, Peak:0.00M | Scene, ViewLayer | Synchronizing object | body-shell
Fra:1 Mem:26.84M (Peak 27.21M) | Time:00:00.01 | Mem:0.00M, Peak:0.00M | Scene, ViewLayer | Synchronizing object | qa-ruler-tick.010
Fra:1 Mem:26.52M (Peak 27.21M) | Time:00:00.01 | Mem:0.00M, Peak:0.00M | Scene, ViewLayer | Synchronizing object | qa-ruler-tick.009
Fra:1 Mem:26.53M (Peak 27.21M) | Time:00:00.01 | Mem:0.00M, Peak:0.00M | Scene, ViewLayer | Synchronizing object | qa-ruler-tick.008
Fra:1 Mem:26.56M (Peak 27.21M) | Time:00:00.01 | Mem:0.00M, Peak:0.00M | Scene, ViewLayer | Synchronizing object | qa-ruler-tick.007
Fra:1 Mem:26.56M (Peak 27.21M) | Time:00:00.01 | Mem:0.00M, Peak:0.00M | Scene, ViewLayer | Synchronizing object | qa-ruler-tick.006
Fra:1 Mem:26.56M (Peak 27.21M) | Time:00:00.01 | Mem:0.00M, Peak:0.00M | Scene, ViewLayer | Synchronizing object | qa-ruler-tick.005
Fra:1 Mem:26.56M (Peak 27.21M) | Time:00:00.01 | Mem:0.00M, Peak:0.00M | Scene, ViewLayer | Synchronizing object | qa-ruler-tick.004
Fra:1 Mem:26.58M (Peak 27.21M) | Time:00:00.01 | Mem:0.00M, Peak:0.00M | Scene, ViewLayer | Synchronizing object | qa-ruler-tick.003
Fra:1 Mem:26.58M (Peak 27.21M) | Time:00:00.01 | Mem:0.00M, Peak:0.00M | Scene, ViewLayer | Synchronizing object | qa-ruler-tick.002
Fra:1 Mem:26.58M (Peak 27.21M) | Time:00:00.01 | Mem:0.00M, Peak:0.00M | Scene, ViewLayer | Synchronizing object | qa-ruler-tick.001
Fra:1 Mem:26.59M (Peak 27.21M) | Time:00:00.01 | Mem:0.00M, Peak:0.00M | Scene, ViewLayer | Synchronizing object | qa-ruler-tick
Fra:1 Mem:26.59M (Peak 27.21M) | Time:00:00.01 | Mem:0.00M, Peak:0.00M | Scene, ViewLayer | Synchronizing object | qa-one-metre-ruler
Fra:1 Mem:26.59M (Peak 27.21M) | Time:00:00.01 | Mem:0.00M, Peak:0.00M | Scene, ViewLayer | Synchronizing object | qa-human-head.001
Fra:1 Mem:26.60M (Peak 27.21M) | Time:00:00.01 | Mem:0.00M, Peak:0.00M | Scene, ViewLayer | Synchronizing object | qa-human-arm.003
Fra:1 Mem:26.77M (Peak 27.21M) | Time:00:00.01 | Mem:0.00M, Peak:0.00M | Scene, ViewLayer | Synchronizing object | qa-human-leg.003
Fra:1 Mem:26.79M (Peak 27.21M) | Time:00:00.01 | Mem:0.00M, Peak:0.00M | Scene, ViewLayer | Synchronizing object | qa-human-arm.002
Fra:1 Mem:26.80M (Peak 27.21M) | Time:00:00.01 | Mem:0.00M, Peak:0.00M | Scene, ViewLayer | Synchronizing object | qa-human-leg.002
Fra:1 Mem:26.75M (Peak 27.21M) | Time:00:00.01 | Mem:0.00M, Peak:0.00M | Scene, ViewLayer | Synchronizing object | qa-human-torso.001
Fra:1 Mem:26.80M (Peak 27.21M) | Time:00:00.01 | Mem:0.00M, Peak:0.00M | Scene, ViewLayer | Synchronizing object | qa-human-head
Fra:1 Mem:26.82M (Peak 27.21M) | Time:00:00.01 | Mem:0.00M, Peak:0.00M | Scene, ViewLayer | Synchronizing object | qa-human-arm.001
Fra:1 Mem:26.68M (Peak 27.21M) | Time:00:00.01 | Mem:0.00M, Peak:0.00M | Scene, ViewLayer | Synchronizing object | qa-human-leg.001
Fra:1 Mem:26.66M (Peak 27.21M) | Time:00:00.01 | Mem:0.00M, Peak:0.00M | Scene, ViewLayer | Synchronizing object | body-trim
Fra:1 Mem:26.66M (Peak 27.21M) | Time:00:00.01 | Mem:0.00M, Peak:0.00M | Scene, ViewLayer | Synchronizing object | qa-human-arm
Fra:1 Mem:26.73M (Peak 27.21M) | Time:00:00.01 | Mem:0.00M, Peak:0.00M | Scene, ViewLayer | Synchronizing object | qa-human-leg
Fra:1 Mem:26.73M (Peak 27.21M) | Time:00:00.01 | Mem:0.00M, Peak:0.00M | Scene, ViewLayer | Synchronizing object | qa-human-torso
Fra:1 Mem:26.71M (Peak 27.21M) | Time:00:00.01 | Mem:0.00M, Peak:0.00M | Scene, ViewLayer | Synchronizing object | qa-descriptor-island
Fra:1 Mem:26.71M (Peak 27.21M) | Time:00:00.01 | Mem:0.00M, Peak:0.00M | Scene, ViewLayer | Synchronizing object | door-right-front-a-panel
Fra:1 Mem:26.72M (Peak 27.21M) | Time:00:00.01 | Mem:0.00M, Peak:0.00M | Scene, ViewLayer | Synchronizing object | qa-ground
Fra:1 Mem:26.72M (Peak 27.21M) | Time:00:00.01 | Mem:0.00M, Peak:0.00M | Scene, ViewLayer | Synchronizing object | module-batch-tactile-yellow.001
Fra:1 Mem:26.74M (Peak 27.21M) | Time:00:00.01 | Mem:0.00M, Peak:0.00M | Scene, ViewLayer | Synchronizing object | module-batch-painted-metal.002
Fra:1 Mem:26.76M (Peak 27.21M) | Time:00:00.01 | Mem:0.00M, Peak:0.00M | Scene, ViewLayer | Synchronizing object | module-batch-tactile-yellow
Fra:1 Mem:26.76M (Peak 27.21M) | Time:00:00.01 | Mem:0.00M, Peak:0.00M | Scene, ViewLayer | Synchronizing object | door-right-front-b-panel
Fra:1 Mem:26.75M (Peak 27.21M) | Time:00:00.01 | Mem:0.00M, Peak:0.00M | Scene, ViewLayer | Synchronizing object | module-batch-painted-metal.001
Fra:1 Mem:26.79M (Peak 27.21M) | Time:00:00.01 | Mem:0.00M, Peak:0.00M | Scene, ViewLayer | Synchronizing object | wood
Fra:1 Mem:26.91M (Peak 27.21M) | Time:00:00.01 | Mem:0.00M, Peak:0.00M | Scene, ViewLayer | Synchronizing object | door-right-rear-a-panel
Fra:1 Mem:26.88M (Peak 27.21M) | Time:00:00.01 | Mem:0.00M, Peak:0.00M | Scene, ViewLayer | Synchronizing object | door-right-rear-b-panel
Fra:1 Mem:26.86M (Peak 27.21M) | Time:00:00.01 | Mem:0.00M, Peak:0.00M | Scene, ViewLayer | Synchronizing object | glass
Fra:1 Mem:26.86M (Peak 27.21M) | Time:00:00.01 | Mem:0.00M, Peak:0.00M | Scene, ViewLayer | Synchronizing object | diffuser
Fra:1 Mem:26.98M (Peak 27.21M) | Time:00:00.01 | Mem:0.00M, Peak:0.00M | Scene, ViewLayer | Synchronizing object | glass.001
Fra:1 Mem:26.94M (Peak 27.21M) | Time:00:00.01 | Mem:0.00M, Peak:0.00M | Scene, ViewLayer | Synchronizing object | metal
Fra:1 Mem:27.00M (Peak 27.21M) | Time:00:00.01 | Mem:0.00M, Peak:0.00M | Scene, ViewLayer | Synchronizing object | lights
Fra:1 Mem:27.71M (Peak 27.71M) | Time:00:00.01 | Mem:0.00M, Peak:0.00M | Scene, ViewLayer | Synchronizing object | roof-equipment
Fra:1 Mem:27.82M (Peak 27.82M) | Time:00:00.01 | Mem:0.00M, Peak:0.00M | Scene, ViewLayer | Synchronizing object | wheel-front-left-hub
Fra:1 Mem:27.32M (Peak 27.82M) | Time:00:00.01 | Mem:0.00M, Peak:0.00M | Scene, ViewLayer | Synchronizing object | wheel-front-left-tyre
Fra:1 Mem:27.36M (Peak 27.82M) | Time:00:00.01 | Mem:0.00M, Peak:0.00M | Scene, ViewLayer | Synchronizing object | wheel-front-right-hub
Fra:1 Mem:27.41M (Peak 27.82M) | Time:00:00.01 | Mem:0.00M, Peak:0.00M | Scene, ViewLayer | Synchronizing object | wheel-front-right-tyre
Fra:1 Mem:27.68M (Peak 27.82M) | Time:00:00.01 | Mem:0.00M, Peak:0.00M | Scene, ViewLayer | Synchronizing object | wheel-rear-left-hub
Fra:1 Mem:27.68M (Peak 27.82M) | Time:00:00.01 | Mem:0.00M, Peak:0.00M | Scene, ViewLayer | Synchronizing object | wheel-rear-left-tyre
Fra:1 Mem:27.70M (Peak 27.82M) | Time:00:00.01 | Mem:0.00M, Peak:0.00M | Scene, ViewLayer | Synchronizing object | wheel-rear-right-hub
Fra:1 Mem:27.59M (Peak 27.82M) | Time:00:00.01 | Mem:0.00M, Peak:0.00M | Scene, ViewLayer | Synchronizing object | wheel-rear-right-tyre
Fra:1 Mem:27.42M (Peak 27.82M) | Time:00:00.01 | Mem:0.00M, Peak:0.00M | Scene, ViewLayer | Synchronizing object | interior-batch-panel
Fra:1 Mem:27.34M (Peak 27.82M) | Time:00:00.01 | Mem:0.00M, Peak:0.00M | Scene, ViewLayer | Synchronizing object | module-batch-sign-symbol
Fra:1 Mem:27.56M (Peak 27.82M) | Time:00:00.01 | Mem:0.00M, Peak:0.00M | Scene, ViewLayer | Synchronizing object | module-batch-sign-face
Fra:1 Mem:27.63M (Peak 27.82M) | Time:00:00.01 | Mem:0.00M, Peak:0.00M | Scene, ViewLayer | Synchronizing object | module-batch-painted-metal
Fra:1 Mem:27.68M (Peak 27.82M) | Time:00:00.01 | Mem:0.00M, Peak:0.00M | Scene, ViewLayer | Synchronizing object | interior-batch-rubber
Fra:1 Mem:27.65M (Peak 27.82M) | Time:00:00.01 | Mem:0.00M, Peak:0.00M | Scene, ViewLayer | Synchronizing object | interior-batch-floor
Fra:1 Mem:27.68M (Peak 27.82M) | Time:00:00.01 | Mem:0.00M, Peak:0.00M | Scene, ViewLayer | Synchronizing object | interior-batch-rail
Fra:1 Mem:27.81M (Peak 27.82M) | Time:00:00.01 | Mem:0.00M, Peak:0.00M | Scene, ViewLayer | Synchronizing object | interior-batch-lights
Fra:1 Mem:27.65M (Peak 27.82M) | Time:00:00.01 | Mem:0.00M, Peak:0.00M | Scene, ViewLayer | Synchronizing object | interior-batch-glass
Fra:1 Mem:27.73M (Peak 27.82M) | Time:00:00.01 | Mem:0.00M, Peak:0.00M | Scene, ViewLayer | Synchronizing object | interior-batch-seat
Fra:1 Mem:28.06M (Peak 28.06M) | Time:00:00.01 | Mem:0.00M, Peak:0.00M | Scene, ViewLayer | Initializing
Fra:1 Mem:22.56M (Peak 28.06M) | Time:00:00.02 | Mem:0.00M, Peak:0.00M | Scene, ViewLayer | Waiting for render to start
Fra:1 Mem:22.56M (Peak 28.06M) | Time:00:00.02 | Mem:0.00M, Peak:0.00M | Scene, ViewLayer | Loading render kernels (may take a few minutes the first time)
Fra:1 Mem:22.56M (Peak 28.06M) | Time:00:00.02 | Mem:0.00M, Peak:0.00M | Scene, ViewLayer | Updating Scene
Fra:1 Mem:22.56M (Peak 28.06M) | Time:00:00.02 | Mem:0.00M, Peak:0.00M | Scene, ViewLayer | Updating Shaders
Fra:1 Mem:22.66M (Peak 28.06M) | Time:00:00.02 | Mem:0.02M, Peak:0.02M | Scene, ViewLayer | Updating Procedurals
Fra:1 Mem:22.66M (Peak 28.06M) | Time:00:00.02 | Mem:0.02M, Peak:0.02M | Scene, ViewLayer | Updating Background
Fra:1 Mem:22.66M (Peak 28.06M) | Time:00:00.02 | Mem:0.02M, Peak:0.02M | Scene, ViewLayer | Updating Camera
Fra:1 Mem:22.66M (Peak 28.06M) | Time:00:00.02 | Mem:0.02M, Peak:0.02M | Scene, ViewLayer | Updating Meshes Flags
Fra:1 Mem:22.66M (Peak 28.06M) | Time:00:00.02 | Mem:0.02M, Peak:0.02M | Scene, ViewLayer | Updating Objects
Fra:1 Mem:22.66M (Peak 28.06M) | Time:00:00.02 | Mem:0.02M, Peak:0.02M | Scene, ViewLayer | Updating Objects | Copying Transformations to device
Fra:1 Mem:22.68M (Peak 28.06M) | Time:00:00.02 | Mem:0.03M, Peak:0.03M | Scene, ViewLayer | Updating Objects | Applying Static Transformations
Fra:1 Mem:22.68M (Peak 28.06M) | Time:00:00.02 | Mem:0.03M, Peak:0.03M | Scene, ViewLayer | Updating Particle Systems
Fra:1 Mem:22.68M (Peak 28.06M) | Time:00:00.02 | Mem:0.03M, Peak:0.03M | Scene, ViewLayer | Updating Particle Systems | Copying Particles to device
Fra:1 Mem:22.68M (Peak 28.06M) | Time:00:00.02 | Mem:0.03M, Peak:0.03M | Scene, ViewLayer | Updating Meshes
Fra:1 Mem:22.83M (Peak 28.06M) | Time:00:00.02 | Mem:0.03M, Peak:0.03M | Scene, ViewLayer | Updating Mesh | Computing attributes
Fra:1 Mem:23.16M (Peak 28.06M) | Time:00:00.02 | Mem:0.04M, Peak:0.04M | Scene, ViewLayer | Updating Mesh | Copying Attributes to device
Fra:1 Mem:23.15M (Peak 28.06M) | Time:00:00.02 | Mem:0.35M, Peak:0.35M | Scene, ViewLayer | Updating Scene BVH | Building
Fra:1 Mem:23.15M (Peak 28.06M) | Time:00:00.02 | Mem:0.35M, Peak:0.35M | Scene, ViewLayer | Updating Scene BVH | Building BVH
Fra:1 Mem:23.15M (Peak 28.06M) | Time:00:00.02 | Mem:0.67M, Peak:0.67M | Scene, ViewLayer | Updating Scene BVH | Building BVH 0%
Fra:1 Mem:23.15M (Peak 28.06M) | Time:00:00.02 | Mem:1.05M, Peak:1.36M | Scene, ViewLayer | Updating Scene BVH | Copying BVH to device
Fra:1 Mem:23.15M (Peak 28.06M) | Time:00:00.02 | Mem:1.05M, Peak:1.36M | Scene, ViewLayer | Updating Mesh | Computing normals
Fra:1 Mem:24.19M (Peak 28.06M) | Time:00:00.02 | Mem:1.05M, Peak:1.36M | Scene, ViewLayer | Updating Mesh | Copying Mesh to device
Fra:1 Mem:24.19M (Peak 28.06M) | Time:00:00.02 | Mem:2.08M, Peak:2.08M | Scene, ViewLayer | Updating Objects Flags
Fra:1 Mem:24.19M (Peak 28.06M) | Time:00:00.02 | Mem:2.08M, Peak:2.08M | Scene, ViewLayer | Updating Primitive Offsets
Fra:1 Mem:24.19M (Peak 28.06M) | Time:00:00.02 | Mem:2.08M, Peak:2.08M | Scene, ViewLayer | Updating Images
Fra:1 Mem:24.19M (Peak 28.06M) | Time:00:00.02 | Mem:2.08M, Peak:2.08M | Scene, ViewLayer | Updating Camera Volume
Fra:1 Mem:24.19M (Peak 28.06M) | Time:00:00.02 | Mem:2.08M, Peak:2.08M | Scene, ViewLayer | Updating Lookup Tables
Fra:1 Mem:24.19M (Peak 28.06M) | Time:00:00.02 | Mem:2.17M, Peak:2.17M | Scene, ViewLayer | Updating Lights
Fra:1 Mem:24.19M (Peak 28.06M) | Time:00:00.02 | Mem:2.17M, Peak:2.17M | Scene, ViewLayer | Updating Lights | Computing tree
Fra:1 Mem:24.22M (Peak 28.06M) | Time:00:00.02 | Mem:2.20M, Peak:2.20M | Scene, ViewLayer | Updating Integrator
Fra:1 Mem:24.22M (Peak 28.06M) | Time:00:00.02 | Mem:2.20M, Peak:2.20M | Scene, ViewLayer | Updating Film
Fra:1 Mem:24.22M (Peak 28.06M) | Time:00:00.02 | Mem:2.11M, Peak:2.20M | Scene, ViewLayer | Updating Lookup Tables
Fra:1 Mem:24.22M (Peak 28.06M) | Time:00:00.02 | Mem:2.20M, Peak:2.20M | Scene, ViewLayer | Updating Baking
Fra:1 Mem:24.22M (Peak 28.06M) | Time:00:00.02 | Mem:2.20M, Peak:2.20M | Scene, ViewLayer | Updating Device | Writing constant memory
Fra:1 Mem:24.23M (Peak 28.06M) | Time:00:00.02 | Mem:2.20M, Peak:2.20M | Scene, ViewLayer | Sample 0/32
Fra:1 Mem:36.87M (Peak 36.87M) | Time:00:00.57 | Remaining:00:17.12 | Mem:14.83M, Peak:14.83M | Scene, ViewLayer | Sample 1/32
Fra:1 Mem:42.48M (Peak 53.71M) | Time:00:15.18 | Mem:14.83M, Peak:14.83M | Scene, ViewLayer | Sample 32/32
Fra:1 Mem:42.48M (Peak 53.71M) | Time:00:15.18 | Mem:14.83M, Peak:14.83M | Scene, ViewLayer | Finished
Saved: '/workspace/scratch/7c20b5ba4165/atlas-backlog-oct3/tools/assets/transit-station-spaces/qa/previews/bus-island-alignment.png'
Time: 00:15.23 (Saving: 00:00.05)

Fra:1 Mem:26.75M (Peak 27.10M) | Time:00:00.01 | Mem:0.00M, Peak:0.00M | Scene, ViewLayer | Synchronizing object | body-shell
Fra:1 Mem:26.97M (Peak 27.10M) | Time:00:00.01 | Mem:0.00M, Peak:0.00M | Scene, ViewLayer | Synchronizing object | qa-ruler-tick.010
Fra:1 Mem:27.11M (Peak 27.11M) | Time:00:00.01 | Mem:0.00M, Peak:0.00M | Scene, ViewLayer | Synchronizing object | qa-ruler-tick.009
Fra:1 Mem:27.11M (Peak 27.11M) | Time:00:00.01 | Mem:0.00M, Peak:0.00M | Scene, ViewLayer | Synchronizing object | qa-ruler-tick.008
Fra:1 Mem:27.11M (Peak 27.11M) | Time:00:00.01 | Mem:0.00M, Peak:0.00M | Scene, ViewLayer | Synchronizing object | qa-ruler-tick.007
Fra:1 Mem:27.11M (Peak 27.11M) | Time:00:00.01 | Mem:0.00M, Peak:0.00M | Scene, ViewLayer | Synchronizing object | qa-ruler-tick.006
Fra:1 Mem:27.11M (Peak 27.11M) | Time:00:00.01 | Mem:0.00M, Peak:0.00M | Scene, ViewLayer | Synchronizing object | qa-ruler-tick.005
Fra:1 Mem:27.11M (Peak 27.11M) | Time:00:00.01 | Mem:0.00M, Peak:0.00M | Scene, ViewLayer | Synchronizing object | qa-ruler-tick.004
Fra:1 Mem:27.11M (Peak 27.11M) | Time:00:00.01 | Mem:0.00M, Peak:0.00M | Scene, ViewLayer | Synchronizing object | qa-ruler-tick.003
Fra:1 Mem:27.12M (Peak 27.12M) | Time:00:00.01 | Mem:0.00M, Peak:0.00M | Scene, ViewLayer | Synchronizing object | qa-ruler-tick.002
Fra:1 Mem:27.12M (Peak 27.12M) | Time:00:00.01 | Mem:0.00M, Peak:0.00M | Scene, ViewLayer | Synchronizing object | qa-ruler-tick.001
Fra:1 Mem:27.12M (Peak 27.12M) | Time:00:00.01 | Mem:0.00M, Peak:0.00M | Scene, ViewLayer | Synchronizing object | qa-ruler-tick
Fra:1 Mem:27.12M (Peak 27.12M) | Time:00:00.01 | Mem:0.00M, Peak:0.00M | Scene, ViewLayer | Synchronizing object | qa-one-metre-ruler
Fra:1 Mem:27.12M (Peak 27.12M) | Time:00:00.01 | Mem:0.00M, Peak:0.00M | Scene, ViewLayer | Synchronizing object | qa-human-head.001
Fra:1 Mem:27.12M (Peak 27.12M) | Time:00:00.01 | Mem:0.00M, Peak:0.00M | Scene, ViewLayer | Synchronizing object | qa-human-arm.003
Fra:1 Mem:26.97M (Peak 27.12M) | Time:00:00.01 | Mem:0.00M, Peak:0.00M | Scene, ViewLayer | Synchronizing object | qa-human-leg.003
Fra:1 Mem:26.95M (Peak 27.12M) | Time:00:00.01 | Mem:0.00M, Peak:0.00M | Scene, ViewLayer | Synchronizing object | body-trim
Fra:1 Mem:27.00M (Peak 27.12M) | Time:00:00.01 | Mem:0.00M, Peak:0.00M | Scene, ViewLayer | Synchronizing object | qa-human-arm.002
Fra:1 Mem:26.99M (Peak 27.12M) | Time:00:00.01 | Mem:0.00M, Peak:0.00M | Scene, ViewLayer | Synchronizing object | qa-human-leg.002
Fra:1 Mem:26.99M (Peak 27.12M) | Time:00:00.01 | Mem:0.00M, Peak:0.00M | Scene, ViewLayer | Synchronizing object | door-right-front-a-panel
Fra:1 Mem:27.02M (Peak 27.12M) | Time:00:00.01 | Mem:0.00M, Peak:0.00M | Scene, ViewLayer | Synchronizing object | qa-human-torso.001
Fra:1 Mem:27.01M (Peak 27.12M) | Time:00:00.01 | Mem:0.00M, Peak:0.00M | Scene, ViewLayer | Synchronizing object | door-right-front-b-panel
Fra:1 Mem:27.01M (Peak 27.12M) | Time:00:00.01 | Mem:0.00M, Peak:0.00M | Scene, ViewLayer | Synchronizing object | qa-human-head
Fra:1 Mem:27.05M (Peak 27.12M) | Time:00:00.01 | Mem:0.00M, Peak:0.00M | Scene, ViewLayer | Synchronizing object | qa-human-arm.001
Fra:1 Mem:27.04M (Peak 27.12M) | Time:00:00.01 | Mem:0.00M, Peak:0.00M | Scene, ViewLayer | Synchronizing object | door-right-rear-a-panel
Fra:1 Mem:27.04M (Peak 27.12M) | Time:00:00.01 | Mem:0.00M, Peak:0.00M | Scene, ViewLayer | Synchronizing object | qa-human-leg.001
Fra:1 Mem:27.07M (Peak 27.12M) | Time:00:00.01 | Mem:0.00M, Peak:0.00M | Scene, ViewLayer | Synchronizing object | qa-human-arm
Fra:1 Mem:27.07M (Peak 27.12M) | Time:00:00.01 | Mem:0.00M, Peak:0.00M | Scene, ViewLayer | Synchronizing object | door-right-rear-b-panel
Fra:1 Mem:27.11M (Peak 27.12M) | Time:00:00.01 | Mem:0.00M, Peak:0.00M | Scene, ViewLayer | Synchronizing object | qa-human-leg
Fra:1 Mem:27.11M (Peak 27.12M) | Time:00:00.01 | Mem:0.00M, Peak:0.00M | Scene, ViewLayer | Synchronizing object | glass
Fra:1 Mem:27.21M (Peak 27.21M) | Time:00:00.01 | Mem:0.00M, Peak:0.00M | Scene, ViewLayer | Synchronizing object | qa-human-torso
Fra:1 Mem:27.21M (Peak 27.21M) | Time:00:00.01 | Mem:0.00M, Peak:0.00M | Scene, ViewLayer | Synchronizing object | qa-descriptor-island
Fra:1 Mem:27.21M (Peak 27.21M) | Time:00:00.01 | Mem:0.00M, Peak:0.00M | Scene, ViewLayer | Synchronizing object | qa-ground
Fra:1 Mem:27.21M (Peak 27.21M) | Time:00:00.01 | Mem:0.00M, Peak:0.00M | Scene, ViewLayer | Synchronizing object | module-batch-tactile-yellow.001
Fra:1 Mem:27.16M (Peak 27.21M) | Time:00:00.01 | Mem:0.00M, Peak:0.00M | Scene, ViewLayer | Synchronizing object | lights
Fra:1 Mem:27.23M (Peak 27.23M) | Time:00:00.01 | Mem:0.00M, Peak:0.00M | Scene, ViewLayer | Synchronizing object | module-batch-painted-metal.002
Fra:1 Mem:27.20M (Peak 27.23M) | Time:00:00.01 | Mem:0.00M, Peak:0.00M | Scene, ViewLayer | Synchronizing object | module-batch-tactile-yellow
Fra:1 Mem:27.23M (Peak 27.23M) | Time:00:00.01 | Mem:0.00M, Peak:0.00M | Scene, ViewLayer | Synchronizing object | module-batch-painted-metal.001
Fra:1 Mem:27.21M (Peak 27.23M) | Time:00:00.01 | Mem:0.00M, Peak:0.00M | Scene, ViewLayer | Synchronizing object | roof-equipment
Fra:1 Mem:27.22M (Peak 27.23M) | Time:00:00.01 | Mem:0.00M, Peak:0.00M | Scene, ViewLayer | Synchronizing object | wood
Fra:1 Mem:27.38M (Peak 27.38M) | Time:00:00.01 | Mem:0.00M, Peak:0.00M | Scene, ViewLayer | Synchronizing object | wheel-front-left-hub
Fra:1 Mem:27.29M (Peak 27.38M) | Time:00:00.01 | Mem:0.00M, Peak:0.00M | Scene, ViewLayer | Synchronizing object | wheel-front-left-tyre
Fra:1 Mem:27.37M (Peak 27.38M) | Time:00:00.01 | Mem:0.00M, Peak:0.00M | Scene, ViewLayer | Synchronizing object | wheel-front-right-hub
Fra:1 Mem:27.35M (Peak 27.38M) | Time:00:00.01 | Mem:0.00M, Peak:0.00M | Scene, ViewLayer | Synchronizing object | wheel-front-right-tyre
Fra:1 Mem:27.31M (Peak 27.38M) | Time:00:00.01 | Mem:0.00M, Peak:0.00M | Scene, ViewLayer | Synchronizing object | diffuser
Fra:1 Mem:27.32M (Peak 27.38M) | Time:00:00.01 | Mem:0.00M, Peak:0.00M | Scene, ViewLayer | Synchronizing object | wheel-rear-left-hub
Fra:1 Mem:27.32M (Peak 27.38M) | Time:00:00.01 | Mem:0.00M, Peak:0.00M | Scene, ViewLayer | Synchronizing object | glass.001
Fra:1 Mem:27.31M (Peak 27.38M) | Time:00:00.01 | Mem:0.00M, Peak:0.00M | Scene, ViewLayer | Synchronizing object | wheel-rear-left-tyre
Fra:1 Mem:27.35M (Peak 27.38M) | Time:00:00.01 | Mem:0.00M, Peak:0.00M | Scene, ViewLayer | Synchronizing object | wheel-rear-right-hub
Fra:1 Mem:27.34M (Peak 27.38M) | Time:00:00.01 | Mem:0.00M, Peak:0.00M | Scene, ViewLayer | Synchronizing object | metal
Fra:1 Mem:27.36M (Peak 27.38M) | Time:00:00.01 | Mem:0.00M, Peak:0.00M | Scene, ViewLayer | Synchronizing object | wheel-rear-right-tyre
Fra:1 Mem:27.41M (Peak 27.41M) | Time:00:00.01 | Mem:0.00M, Peak:0.00M | Scene, ViewLayer | Synchronizing object | interior-batch-panel
Fra:1 Mem:27.73M (Peak 27.73M) | Time:00:00.01 | Mem:0.00M, Peak:0.00M | Scene, ViewLayer | Synchronizing object | interior-batch-lights
Fra:1 Mem:27.78M (Peak 27.78M) | Time:00:00.01 | Mem:0.00M, Peak:0.00M | Scene, ViewLayer | Synchronizing object | interior-batch-glass
Fra:1 Mem:27.78M (Peak 27.78M) | Time:00:00.01 | Mem:0.00M, Peak:0.00M | Scene, ViewLayer | Synchronizing object | interior-batch-seat
Fra:1 Mem:28.08M (Peak 28.08M) | Time:00:00.01 | Mem:0.00M, Peak:0.00M | Scene, ViewLayer | Synchronizing object | module-batch-sign-symbol
Fra:1 Mem:28.14M (Peak 28.14M) | Time:00:00.01 | Mem:0.00M, Peak:0.00M | Scene, ViewLayer | Synchronizing object | module-batch-sign-face
Fra:1 Mem:28.20M (Peak 28.20M) | Time:00:00.01 | Mem:0.00M, Peak:0.00M | Scene, ViewLayer | Synchronizing object | module-batch-painted-metal
Fra:1 Mem:28.55M (Peak 28.55M) | Time:00:00.01 | Mem:0.00M, Peak:0.00M | Scene, ViewLayer | Synchronizing object | interior-batch-rubber
Fra:1 Mem:28.56M (Peak 28.56M) | Time:00:00.01 | Mem:0.00M, Peak:0.00M | Scene, ViewLayer | Synchronizing object | interior-batch-floor
Fra:1 Mem:28.57M (Peak 28.57M) | Time:00:00.01 | Mem:0.00M, Peak:0.00M | Scene, ViewLayer | Synchronizing object | interior-batch-rail
Fra:1 Mem:28.20M (Peak 28.57M) | Time:00:00.01 | Mem:0.00M, Peak:0.00M | Scene, ViewLayer | Initializing
Fra:1 Mem:22.64M (Peak 28.57M) | Time:00:00.01 | Mem:0.00M, Peak:0.00M | Scene, ViewLayer | Waiting for render to start
Fra:1 Mem:22.64M (Peak 28.57M) | Time:00:00.01 | Mem:0.00M, Peak:0.00M | Scene, ViewLayer | Loading render kernels (may take a few minutes the first time)
Fra:1 Mem:22.64M (Peak 28.57M) | Time:00:00.01 | Mem:0.00M, Peak:0.00M | Scene, ViewLayer | Updating Scene
Fra:1 Mem:22.64M (Peak 28.57M) | Time:00:00.01 | Mem:0.00M, Peak:0.00M | Scene, ViewLayer | Updating Shaders
Fra:1 Mem:22.74M (Peak 28.57M) | Time:00:00.01 | Mem:0.02M, Peak:0.02M | Scene, ViewLayer | Updating Procedurals
Fra:1 Mem:22.74M (Peak 28.57M) | Time:00:00.01 | Mem:0.02M, Peak:0.02M | Scene, ViewLayer | Updating Background
Fra:1 Mem:22.74M (Peak 28.57M) | Time:00:00.01 | Mem:0.02M, Peak:0.02M | Scene, ViewLayer | Updating Camera
Fra:1 Mem:22.74M (Peak 28.57M) | Time:00:00.01 | Mem:0.02M, Peak:0.02M | Scene, ViewLayer | Updating Meshes Flags
Fra:1 Mem:22.74M (Peak 28.57M) | Time:00:00.01 | Mem:0.02M, Peak:0.02M | Scene, ViewLayer | Updating Objects
Fra:1 Mem:22.74M (Peak 28.57M) | Time:00:00.01 | Mem:0.02M, Peak:0.02M | Scene, ViewLayer | Updating Objects | Copying Transformations to device
Fra:1 Mem:22.76M (Peak 28.57M) | Time:00:00.01 | Mem:0.03M, Peak:0.03M | Scene, ViewLayer | Updating Objects | Applying Static Transformations
Fra:1 Mem:22.76M (Peak 28.57M) | Time:00:00.01 | Mem:0.03M, Peak:0.03M | Scene, ViewLayer | Updating Particle Systems
Fra:1 Mem:22.76M (Peak 28.57M) | Time:00:00.01 | Mem:0.03M, Peak:0.03M | Scene, ViewLayer | Updating Particle Systems | Copying Particles to device
Fra:1 Mem:22.76M (Peak 28.57M) | Time:00:00.01 | Mem:0.03M, Peak:0.03M | Scene, ViewLayer | Updating Meshes
Fra:1 Mem:22.92M (Peak 28.57M) | Time:00:00.01 | Mem:0.03M, Peak:0.03M | Scene, ViewLayer | Updating Mesh | Computing attributes
Fra:1 Mem:23.24M (Peak 28.57M) | Time:00:00.01 | Mem:0.04M, Peak:0.04M | Scene, ViewLayer | Updating Mesh | Copying Attributes to device
Fra:1 Mem:23.23M (Peak 28.57M) | Time:00:00.01 | Mem:0.35M, Peak:0.35M | Scene, ViewLayer | Updating Scene BVH | Building
Fra:1 Mem:23.24M (Peak 28.57M) | Time:00:00.01 | Mem:0.35M, Peak:0.35M | Scene, ViewLayer | Updating Scene BVH | Building BVH
Fra:1 Mem:23.24M (Peak 28.57M) | Time:00:00.01 | Mem:0.67M, Peak:0.67M | Scene, ViewLayer | Updating Scene BVH | Building BVH 0%
Fra:1 Mem:23.24M (Peak 28.57M) | Time:00:00.02 | Mem:1.05M, Peak:1.36M | Scene, ViewLayer | Updating Scene BVH | Copying BVH to device
Fra:1 Mem:23.24M (Peak 28.57M) | Time:00:00.02 | Mem:1.05M, Peak:1.36M | Scene, ViewLayer | Updating Mesh | Computing normals
Fra:1 Mem:24.27M (Peak 28.57M) | Time:00:00.02 | Mem:1.05M, Peak:1.36M | Scene, ViewLayer | Updating Mesh | Copying Mesh to device
Fra:1 Mem:24.27M (Peak 28.57M) | Time:00:00.02 | Mem:2.08M, Peak:2.08M | Scene, ViewLayer | Updating Objects Flags
Fra:1 Mem:24.27M (Peak 28.57M) | Time:00:00.02 | Mem:2.08M, Peak:2.08M | Scene, ViewLayer | Updating Primitive Offsets
Fra:1 Mem:24.27M (Peak 28.57M) | Time:00:00.02 | Mem:2.08M, Peak:2.08M | Scene, ViewLayer | Updating Images
Fra:1 Mem:24.27M (Peak 28.57M) | Time:00:00.02 | Mem:2.08M, Peak:2.08M | Scene, ViewLayer | Updating Camera Volume
Fra:1 Mem:24.27M (Peak 28.57M) | Time:00:00.02 | Mem:2.08M, Peak:2.08M | Scene, ViewLayer | Updating Lookup Tables
Fra:1 Mem:24.27M (Peak 28.57M) | Time:00:00.02 | Mem:2.17M, Peak:2.17M | Scene, ViewLayer | Updating Lights
Fra:1 Mem:24.27M (Peak 28.57M) | Time:00:00.02 | Mem:2.17M, Peak:2.17M | Scene, ViewLayer | Updating Lights | Computing tree
Fra:1 Mem:24.30M (Peak 28.57M) | Time:00:00.02 | Mem:2.20M, Peak:2.20M | Scene, ViewLayer | Updating Integrator
Fra:1 Mem:24.30M (Peak 28.57M) | Time:00:00.02 | Mem:2.20M, Peak:2.20M | Scene, ViewLayer | Updating Film
Fra:1 Mem:24.31M (Peak 28.57M) | Time:00:00.02 | Mem:2.12M, Peak:2.20M | Scene, ViewLayer | Updating Lookup Tables
Fra:1 Mem:24.31M (Peak 28.57M) | Time:00:00.02 | Mem:2.20M, Peak:2.20M | Scene, ViewLayer | Updating Baking
Fra:1 Mem:24.31M (Peak 28.57M) | Time:00:00.02 | Mem:2.20M, Peak:2.20M | Scene, ViewLayer | Updating Device | Writing constant memory
Fra:1 Mem:24.31M (Peak 28.57M) | Time:00:00.02 | Mem:2.20M, Peak:2.20M | Scene, ViewLayer | Sample 0/32
Fra:1 Mem:38.05M (Peak 38.05M) | Time:00:00.93 | Remaining:00:28.20 | Mem:15.93M, Peak:15.93M | Scene, ViewLayer | Sample 1/32
Fra:1 Mem:44.15M (Peak 56.36M) | Time:00:27.59 | Mem:15.93M, Peak:15.93M | Scene, ViewLayer | Sample 32/32
Fra:1 Mem:44.15M (Peak 56.36M) | Time:00:27.59 | Mem:15.93M, Peak:15.93M | Scene, ViewLayer | Finished
Saved: '/workspace/scratch/7c20b5ba4165/atlas-backlog-oct3/tools/assets/transit-station-spaces/qa/previews/bus-threshold-deployed.png'
Time: 00:27.65 (Saving: 00:00.05)

Extensions: writing cache failed ([Errno 30] Read-only file system: '/home/agent/.config/blender').
17:10:23 | INFO: Data are loaded, start creating Blender stuff
17:10:23 | INFO: Blender create Mesh node module-batch-concrete
17:10:23 | INFO: Blender create Mesh node module-batch-tactile-yellow
17:10:23 | INFO: glTF import finished in 0.00s
17:10:23 | INFO: Data are loaded, start creating Blender stuff
17:10:23 | INFO: Blender create Mesh node module-batch-concrete
17:10:23 | INFO: Blender create Mesh node module-batch-tactile-yellow
17:10:23 | INFO: glTF import finished in 0.00s
17:10:23 | INFO: Data are loaded, start creating Blender stuff
17:10:23 | INFO: Blender create Mesh node module-batch-concrete
17:10:23 | INFO: Blender create Mesh node module-batch-tactile-yellow
17:10:23 | INFO: glTF import finished in 0.00s
17:10:23 | INFO: Data are loaded, start creating Blender stuff
17:10:23 | INFO: Blender create Mesh node module-batch-concrete
17:10:23 | INFO: Blender create Mesh node module-batch-tactile-yellow
17:10:23 | INFO: glTF import finished in 0.00s
17:10:23 | INFO: Data are loaded, start creating Blender stuff
17:10:23 | INFO: Blender create Mesh node module-batch-concrete
17:10:23 | INFO: Blender create Mesh node module-batch-tactile-yellow
17:10:23 | INFO: glTF import finished in 0.00s
17:10:23 | INFO: Data are loaded, start creating Blender stuff
17:10:23 | INFO: Blender create Mesh node module-batch-concrete
17:10:23 | INFO: Blender create Mesh node module-batch-tactile-yellow
17:10:23 | INFO: glTF import finished in 0.01s
17:10:23 | INFO: Data are loaded, start creating Blender stuff
17:10:23 | INFO: Blender create Mesh node module-batch-concrete
17:10:23 | INFO: Blender create Mesh node module-batch-tactile-yellow
17:10:23 | INFO: glTF import finished in 0.01s
17:10:23 | INFO: Data are loaded, start creating Blender stuff
17:10:23 | INFO: Blender create Mesh node module-batch-concrete
17:10:23 | INFO: Blender create Mesh node module-batch-tactile-yellow
17:10:23 | INFO: glTF import finished in 0.01s
17:10:23 | INFO: Data are loaded, start creating Blender stuff
17:10:23 | INFO: Blender create Mesh node module-batch-concrete
17:10:23 | INFO: Blender create Mesh node module-batch-tactile-yellow
17:10:23 | INFO: glTF import finished in 0.01s
17:10:23 | INFO: Data are loaded, start creating Blender stuff
17:10:23 | INFO: Blender create Mesh node module-batch-concrete
17:10:23 | INFO: Blender create Mesh node module-batch-tactile-yellow
17:10:23 | INFO: glTF import finished in 0.01s
17:10:23 | INFO: Data are loaded, start creating Blender stuff
17:10:23 | INFO: Blender create Mesh node module-batch-concrete
17:10:23 | INFO: Blender create Mesh node module-batch-tactile-yellow
17:10:23 | INFO: glTF import finished in 0.01s
17:10:23 | INFO: Data are loaded, start creating Blender stuff
17:10:23 | INFO: Blender create Mesh node module-batch-concrete
17:10:23 | INFO: Blender create Mesh node module-batch-tactile-yellow
17:10:23 | INFO: glTF import finished in 0.01s
17:10:23 | INFO: Data are loaded, start creating Blender stuff
17:10:23 | INFO: Blender create Mesh node module-batch-concrete
17:10:23 | INFO: Blender create Mesh node module-batch-tactile-yellow
17:10:23 | INFO: glTF import finished in 0.01s
17:10:23 | INFO: Data are loaded, start creating Blender stuff
17:10:23 | INFO: Blender create Mesh node module-batch-concrete
17:10:23 | INFO: Blender create Mesh node module-batch-tactile-yellow
17:10:23 | INFO: glTF import finished in 0.01s
17:10:23 | INFO: Data are loaded, start creating Blender stuff
17:10:23 | INFO: Blender create Mesh node module-batch-concrete
17:10:23 | INFO: Blender create Mesh node module-batch-tactile-yellow
17:10:23 | INFO: glTF import finished in 0.01s
17:10:23 | INFO: Data are loaded, start creating Blender stuff
17:10:24 | INFO: Blender create Mesh node module-batch-concrete
17:10:24 | INFO: Blender create Mesh node module-batch-tactile-yellow
17:10:24 | INFO: glTF import finished in 0.01s
17:10:24 | INFO: Data are loaded, start creating Blender stuff
17:10:24 | INFO: Blender create Mesh node module-batch-concrete
17:10:24 | INFO: Blender create Mesh node module-batch-tactile-yellow
17:10:24 | INFO: glTF import finished in 0.01s
17:10:24 | INFO: Data are loaded, start creating Blender stuff
17:10:24 | INFO: Blender create Mesh node module-batch-concrete
17:10:24 | INFO: Blender create Mesh node module-batch-tactile-yellow
17:10:24 | INFO: glTF import finished in 0.01s
17:10:24 | INFO: Data are loaded, start creating Blender stuff
17:10:24 | INFO: Blender create Mesh node module-batch-concrete
17:10:24 | INFO: Blender create Mesh node module-batch-tactile-yellow
17:10:24 | INFO: glTF import finished in 0.01s
17:10:24 | INFO: Data are loaded, start creating Blender stuff
17:10:24 | INFO: Blender create Mesh node module-batch-concrete
17:10:24 | INFO: Blender create Mesh node module-batch-tactile-yellow
17:10:24 | INFO: glTF import finished in 0.01s
17:10:24 | INFO: Data are loaded, start creating Blender stuff
17:10:24 | INFO: Blender create Mesh node module-batch-concrete
17:10:24 | INFO: Blender create Mesh node module-batch-tactile-yellow
17:10:24 | INFO: glTF import finished in 0.01s
17:10:24 | INFO: Data are loaded, start creating Blender stuff
17:10:24 | INFO: Blender create Mesh node module-batch-concrete
17:10:24 | INFO: Blender create Mesh node module-batch-tactile-yellow
17:10:24 | INFO: glTF import finished in 0.01s
17:10:24 | INFO: Data are loaded, start creating Blender stuff
17:10:24 | INFO: Blender create Mesh node module-batch-concrete
17:10:24 | INFO: Blender create Mesh node module-batch-tactile-yellow
17:10:24 | INFO: glTF import finished in 0.01s
17:10:24 | INFO: Data are loaded, start creating Blender stuff
17:10:24 | INFO: Blender create Mesh node module-batch-concrete
17:10:24 | INFO: Blender create Mesh node module-batch-tactile-yellow
17:10:24 | INFO: glTF import finished in 0.01s
17:10:24 | INFO: Data are loaded, start creating Blender stuff
17:10:24 | INFO: Blender create Mesh node module-batch-concrete
17:10:24 | INFO: Blender create Mesh node module-batch-tactile-yellow
17:10:24 | INFO: glTF import finished in 0.01s
17:10:24 | INFO: Data are loaded, start creating Blender stuff
17:10:24 | INFO: Blender create Mesh node module-batch-concrete
17:10:24 | INFO: Blender create Mesh node module-batch-tactile-yellow
17:10:24 | INFO: glTF import finished in 0.01s
17:10:24 | INFO: Data are loaded, start creating Blender stuff
17:10:24 | INFO: Blender create Mesh node module-batch-concrete
17:10:24 | INFO: Blender create Mesh node module-batch-tactile-yellow
17:10:24 | INFO: glTF import finished in 0.01s
17:10:24 | INFO: Data are loaded, start creating Blender stuff
17:10:24 | INFO: Blender create Mesh node module-batch-concrete
17:10:24 | INFO: Blender create Mesh node module-batch-tactile-yellow
17:10:24 | INFO: glTF import finished in 0.01s
17:10:24 | INFO: Data are loaded, start creating Blender stuff
17:10:24 | INFO: Blender create Mesh node module-batch-concrete
17:10:24 | INFO: Blender create Mesh node module-batch-tactile-yellow
17:10:24 | INFO: glTF import finished in 0.01s
17:10:24 | INFO: Data are loaded, start creating Blender stuff
17:10:24 | INFO: Blender create Mesh node module-batch-concrete
17:10:24 | INFO: Blender create Mesh node module-batch-tactile-yellow
17:10:24 | INFO: glTF import finished in 0.01s
17:10:24 | INFO: Data are loaded, start creating Blender stuff
17:10:24 | INFO: Blender create Mesh node module-batch-concrete
17:10:24 | INFO: Blender create Mesh node module-batch-tactile-yellow
17:10:24 | INFO: glTF import finished in 0.02s
17:10:24 | INFO: Data are loaded, start creating Blender stuff
17:10:24 | INFO: Blender create Mesh node module-batch-concrete
17:10:24 | INFO: Blender create Mesh node module-batch-tactile-yellow
17:10:24 | INFO: glTF import finished in 0.02s
17:10:24 | INFO: Data are loaded, start creating Blender stuff
17:10:24 | INFO: Blender create Mesh node module-batch-concrete
17:10:24 | INFO: Blender create Mesh node module-batch-tactile-yellow
17:10:24 | INFO: glTF import finished in 0.02s
17:10:24 | INFO: Data are loaded, start creating Blender stuff
17:10:24 | INFO: Blender create Mesh node module-batch-concrete
17:10:24 | INFO: Blender create Mesh node module-batch-tactile-yellow
17:10:24 | INFO: glTF import finished in 0.02s
17:10:24 | INFO: Data are loaded, start creating Blender stuff
17:10:24 | INFO: Blender create Mesh node module-batch-concrete
17:10:24 | INFO: Blender create Mesh node module-batch-tactile-yellow
17:10:24 | INFO: glTF import finished in 0.02s
17:10:24 | INFO: Data are loaded, start creating Blender stuff
17:10:24 | INFO: Blender create Mesh node module-batch-concrete
17:10:24 | INFO: Blender create Mesh node module-batch-tactile-yellow
17:10:24 | INFO: glTF import finished in 0.02s
17:10:24 | INFO: Data are loaded, start creating Blender stuff
17:10:24 | INFO: Blender create Mesh node module-batch-concrete
17:10:24 | INFO: Blender create Mesh node module-batch-tactile-yellow
17:10:24 | INFO: glTF import finished in 0.02s
17:10:24 | INFO: Data are loaded, start creating Blender stuff
17:10:24 | INFO: Blender create Mesh node module-batch-painted-metal
17:10:24 | INFO: Blender create Mesh node module-batch-sign-face
17:10:24 | INFO: Blender create Mesh node module-batch-sign-symbol
17:10:24 | INFO: glTF import finished in 0.02s
17:10:24 | INFO: Data are loaded, start creating Blender stuff
17:10:24 | INFO: Blender create Mesh node Cube
17:10:24 | INFO: Blender create Mesh node Cube.142
17:10:24 | INFO: Blender create Mesh node Cube.141
17:10:24 | INFO: Blender create Mesh node Cube.119
17:10:24 | INFO: Blender create Mesh node Cube.124
17:10:24 | INFO: Blender create Mesh node Cube.129
17:10:24 | INFO: Blender create Mesh node Cube.134
17:10:24 | INFO: Blender create Mesh node Cube.109
17:10:24 | INFO: Blender create Mesh node Cube.114
17:10:24 | INFO: Blender create Mesh node Cube.089
17:10:24 | INFO: Blender create Mesh node Cube.094
17:10:24 | INFO: Blender create Mesh node Cube.099
17:10:24 | INFO: Blender create Mesh node Cube.104
17:10:24 | INFO: Blender create Mesh node Cube.079
17:10:24 | INFO: Blender create Mesh node Cube.084
17:10:24 | INFO: Blender create Mesh node Cube.004
17:10:24 | INFO: Blender create Mesh node Cube.076
17:10:24 | INFO: Blender create Mesh node Cylinder.007
17:10:24 | INFO: Blender create Mesh node Cylinder.006
17:10:24 | INFO: Blender create Mesh node Cylinder.005
17:10:24 | INFO: Blender create Mesh node Cylinder.004
17:10:24 | INFO: Blender create Mesh node Cylinder.003
17:10:24 | INFO: Blender create Mesh node Cylinder.002
17:10:24 | INFO: Blender create Mesh node Cylinder.001
17:10:24 | INFO: Blender create Mesh node Cylinder
17:10:24 | INFO: glTF import finished in 0.05s
17:10:24 | INFO: Data are loaded, start creating Blender stuff
17:10:24 | INFO: Blender create Mesh node interior-batch-metro-wall
17:10:24 | INFO: Blender create Mesh node interior-batch-metro-floor
17:10:24 | INFO: Blender create Mesh node interior-batch-metro-rail
17:10:24 | INFO: Blender create Mesh node interior-batch-metro-screen
17:10:24 | INFO: Blender create Mesh node interior-batch-metro-priority-seat
17:10:24 | INFO: Blender create Mesh node interior-batch-metro-seat
17:10:24 | INFO: glTF import finished in 0.03s
17:10:24 | INFO: Data are loaded, start creating Blender stuff
17:10:24 | INFO: Blender create Mesh node Cube
17:10:24 | INFO: Blender create Mesh node Cube.142
17:10:24 | INFO: Blender create Mesh node Cube.141
17:10:24 | INFO: Blender create Mesh node Cube.119
17:10:24 | INFO: Blender create Mesh node Cube.124
17:10:24 | INFO: Blender create Mesh node Cube.129
17:10:24 | INFO: Blender create Mesh node Cube.134
17:10:24 | INFO: Blender create Mesh node Cube.109
17:10:24 | INFO: Blender create Mesh node Cube.114
17:10:24 | INFO: Blender create Mesh node Cube.089
17:10:24 | INFO: Blender create Mesh node Cube.094
17:10:24 | INFO: Blender create Mesh node Cube.099
17:10:24 | INFO: Blender create Mesh node Cube.104
17:10:24 | INFO: Blender create Mesh node Cube.079
17:10:24 | INFO: Blender create Mesh node Cube.084
17:10:24 | INFO: Blender create Mesh node Cube.004
17:10:24 | INFO: Blender create Mesh node Cylinder.007
17:10:24 | INFO: Blender create Mesh node Cylinder.006
17:10:24 | INFO: Blender create Mesh node Cylinder.005
17:10:24 | INFO: Blender create Mesh node Cylinder.004
17:10:24 | INFO: Blender create Mesh node Cylinder.003
17:10:24 | INFO: Blender create Mesh node Cylinder.002
17:10:24 | INFO: Blender create Mesh node Cylinder.001
17:10:24 | INFO: Blender create Mesh node Cylinder
17:10:24 | INFO: glTF import finished in 0.06s
17:10:24 | INFO: Data are loaded, start creating Blender stuff
17:10:24 | INFO: Blender create Mesh node interior-batch-metro-wall
17:10:24 | INFO: Blender create Mesh node interior-batch-metro-floor
17:10:24 | INFO: Blender create Mesh node interior-batch-metro-rail
17:10:24 | INFO: Blender create Mesh node interior-batch-metro-screen
17:10:24 | INFO: Blender create Mesh node interior-batch-metro-priority-seat
17:10:24 | INFO: Blender create Mesh node interior-batch-metro-seat
17:10:24 | INFO: glTF import finished in 0.05s
17:10:24 | INFO: Data are loaded, start creating Blender stuff
17:10:24 | INFO: Blender create Mesh node Cube
17:10:24 | INFO: Blender create Mesh node Cube.142
17:10:24 | INFO: Blender create Mesh node Cube.141
17:10:24 | INFO: Blender create Mesh node Cube.119
17:10:24 | INFO: Blender create Mesh node Cube.124
17:10:24 | INFO: Blender create Mesh node Cube.129
17:10:24 | INFO: Blender create Mesh node Cube.134
17:10:24 | INFO: Blender create Mesh node Cube.109
17:10:24 | INFO: Blender create Mesh node Cube.114
17:10:24 | INFO: Blender create Mesh node Cube.089
17:10:24 | INFO: Blender create Mesh node Cube.094
17:10:24 | INFO: Blender create Mesh node Cube.099
17:10:24 | INFO: Blender create Mesh node Cube.104
17:10:24 | INFO: Blender create Mesh node Cube.079
17:10:24 | INFO: Blender create Mesh node Cube.084
17:10:24 | INFO: Blender create Mesh node Cube.004
17:10:24 | INFO: Blender create Mesh node Cylinder.007
17:10:24 | INFO: Blender create Mesh node Cylinder.006
17:10:24 | INFO: Blender create Mesh node Cylinder.005
17:10:24 | INFO: Blender create Mesh node Cylinder.004
17:10:24 | INFO: Blender create Mesh node Cylinder.003
17:10:24 | INFO: Blender create Mesh node Cylinder.002
17:10:24 | INFO: Blender create Mesh node Cylinder.001
17:10:24 | INFO: Blender create Mesh node Cylinder
17:10:24 | INFO: glTF import finished in 0.07s
17:10:24 | INFO: Data are loaded, start creating Blender stuff
17:10:24 | INFO: Blender create Mesh node interior-batch-metro-wall
17:10:24 | INFO: Blender create Mesh node interior-batch-metro-floor
17:10:24 | INFO: Blender create Mesh node interior-batch-metro-rail
17:10:24 | INFO: Blender create Mesh node interior-batch-metro-screen
17:10:24 | INFO: Blender create Mesh node interior-batch-metro-priority-seat
17:10:24 | INFO: Blender create Mesh node interior-batch-metro-seat
17:10:25 | INFO: glTF import finished in 0.05s
17:10:25 | INFO: Data are loaded, start creating Blender stuff
17:10:25 | INFO: Blender create Mesh node Cube
17:10:25 | INFO: Blender create Mesh node Cube.142
17:10:25 | INFO: Blender create Mesh node Cube.141
17:10:25 | INFO: Blender create Mesh node Cube.119
17:10:25 | INFO: Blender create Mesh node Cube.124
17:10:25 | INFO: Blender create Mesh node Cube.129
17:10:25 | INFO: Blender create Mesh node Cube.134
17:10:25 | INFO: Blender create Mesh node Cube.109
17:10:25 | INFO: Blender create Mesh node Cube.114
17:10:25 | INFO: Blender create Mesh node Cube.089
17:10:25 | INFO: Blender create Mesh node Cube.094
17:10:25 | INFO: Blender create Mesh node Cube.099
17:10:25 | INFO: Blender create Mesh node Cube.104
17:10:25 | INFO: Blender create Mesh node Cube.079
17:10:25 | INFO: Blender create Mesh node Cube.084
17:10:25 | INFO: Blender create Mesh node Cube.004
17:10:25 | INFO: Blender create Mesh node Cube.068
17:10:25 | INFO: Blender create Mesh node Cylinder.007
17:10:25 | INFO: Blender create Mesh node Cylinder.006
17:10:25 | INFO: Blender create Mesh node Cylinder.005
17:10:25 | INFO: Blender create Mesh node Cylinder.004
17:10:25 | INFO: Blender create Mesh node Cylinder.003
17:10:25 | INFO: Blender create Mesh node Cylinder.002
17:10:25 | INFO: Blender create Mesh node Cylinder.001
17:10:25 | INFO: Blender create Mesh node Cylinder
17:10:25 | INFO: glTF import finished in 0.07s
17:10:25 | INFO: Data are loaded, start creating Blender stuff
17:10:25 | INFO: Blender create Mesh node interior-batch-metro-wall
17:10:25 | INFO: Blender create Mesh node interior-batch-metro-floor
17:10:25 | INFO: Blender create Mesh node interior-batch-metro-rail
17:10:25 | INFO: Blender create Mesh node interior-batch-metro-screen
17:10:25 | INFO: Blender create Mesh node interior-batch-metro-priority-seat
17:10:25 | INFO: Blender create Mesh node interior-batch-metro-seat
17:10:25 | INFO: glTF import finished in 0.06s
17:10:25 | INFO: Data are loaded, start creating Blender stuff
17:10:25 | INFO: Blender create Mesh node module-batch-painted-metal
17:10:25 | INFO: Blender create Mesh node module-batch-tactile-yellow
17:10:25 | INFO: glTF import finished in 0.04s
17:10:25 | INFO: Data are loaded, start creating Blender stuff
17:10:25 | INFO: Blender create Mesh node module-batch-painted-metal
17:10:25 | INFO: Blender create Mesh node module-batch-tactile-yellow
17:10:25 | INFO: glTF import finished in 0.05s
17:10:25 | INFO: Data are loaded, start creating Blender stuff
17:10:25 | INFO: Blender create Mesh node module-batch-painted-metal
17:10:25 | INFO: Blender create Mesh node module-batch-tactile-yellow
17:10:25 | INFO: glTF import finished in 0.05s
17:10:25 | INFO: Data are loaded, start creating Blender stuff
17:10:25 | INFO: Blender create Mesh node module-batch-painted-metal
17:10:25 | INFO: Blender create Mesh node module-batch-tactile-yellow
17:10:25 | INFO: glTF import finished in 0.05s
17:10:25 | INFO: Data are loaded, start creating Blender stuff
17:10:25 | INFO: Blender create Mesh node module-batch-painted-metal
17:10:25 | INFO: Blender create Mesh node module-batch-tactile-yellow
17:10:25 | INFO: glTF import finished in 0.05s
17:10:25 | INFO: Data are loaded, start creating Blender stuff
17:10:25 | INFO: Blender create Mesh node module-batch-painted-metal
17:10:25 | INFO: Blender create Mesh node module-batch-tactile-yellow
17:10:25 | INFO: glTF import finished in 0.05s
17:10:25 | INFO: Data are loaded, start creating Blender stuff
17:10:25 | INFO: Blender create Mesh node module-batch-painted-metal
17:10:25 | INFO: Blender create Mesh node module-batch-tactile-yellow
17:10:25 | INFO: glTF import finished in 0.05s
17:10:25 | INFO: Data are loaded, start creating Blender stuff
17:10:25 | INFO: Blender create Mesh node module-batch-painted-metal
17:10:25 | INFO: Blender create Mesh node module-batch-tactile-yellow
17:10:25 | INFO: glTF import finished in 0.05s
17:10:25 | INFO: Data are loaded, start creating Blender stuff
17:10:25 | INFO: Blender create Mesh node module-batch-painted-metal
17:10:25 | INFO: Blender create Mesh node module-batch-tactile-yellow
17:10:26 | INFO: glTF import finished in 0.06s
17:10:26 | INFO: Data are loaded, start creating Blender stuff
17:10:26 | INFO: Blender create Mesh node module-batch-painted-metal
17:10:26 | INFO: Blender create Mesh node module-batch-tactile-yellow
17:10:26 | INFO: glTF import finished in 0.05s
17:10:26 | INFO: Data are loaded, start creating Blender stuff
17:10:26 | INFO: Blender create Mesh node module-batch-painted-metal
17:10:26 | INFO: Blender create Mesh node module-batch-tactile-yellow
17:10:26 | INFO: glTF import finished in 0.05s
17:10:26 | INFO: Data are loaded, start creating Blender stuff
17:10:26 | INFO: Blender create Mesh node module-batch-painted-metal
17:10:26 | INFO: Blender create Mesh node module-batch-tactile-yellow
17:10:26 | INFO: glTF import finished in 0.06s
Fra:1 Mem:73.78M (Peak 74.05M) | Time:00:00.06 | Mem:0.00M, Peak:0.00M | Scene, ViewLayer | Synchronizing object | module-batch-concrete
Fra:1 Mem:73.79M (Peak 74.05M) | Time:00:00.06 | Mem:0.00M, Peak:0.00M | Scene, ViewLayer | Synchronizing object | module-batch-tactile-yellow
Fra:1 Mem:73.79M (Peak 74.05M) | Time:00:00.06 | Mem:0.00M, Peak:0.00M | Scene, ViewLayer | Synchronizing object | module-batch-concrete.001
Fra:1 Mem:73.80M (Peak 74.05M) | Time:00:00.06 | Mem:0.00M, Peak:0.00M | Scene, ViewLayer | Synchronizing object | module-batch-tactile-yellow.001
Fra:1 Mem:73.80M (Peak 74.05M) | Time:00:00.06 | Mem:0.00M, Peak:0.00M | Scene, ViewLayer | Synchronizing object | module-batch-concrete.002
Fra:1 Mem:73.81M (Peak 74.05M) | Time:00:00.06 | Mem:0.00M, Peak:0.00M | Scene, ViewLayer | Synchronizing object | module-batch-tactile-yellow.002
Fra:1 Mem:73.81M (Peak 74.05M) | Time:00:00.06 | Mem:0.00M, Peak:0.00M | Scene, ViewLayer | Synchronizing object | module-batch-concrete.003
Fra:1 Mem:73.82M (Peak 74.05M) | Time:00:00.06 | Mem:0.00M, Peak:0.00M | Scene, ViewLayer | Synchronizing object | module-batch-tactile-yellow.003
Fra:1 Mem:73.82M (Peak 74.05M) | Time:00:00.06 | Mem:0.00M, Peak:0.00M | Scene, ViewLayer | Synchronizing object | module-batch-concrete.004
Fra:1 Mem:73.83M (Peak 74.05M) | Time:00:00.06 | Mem:0.00M, Peak:0.00M | Scene, ViewLayer | Synchronizing object | module-batch-tactile-yellow.004
Fra:1 Mem:73.83M (Peak 74.05M) | Time:00:00.06 | Mem:0.00M, Peak:0.00M | Scene, ViewLayer | Synchronizing object | module-batch-concrete.005
Fra:1 Mem:73.84M (Peak 74.05M) | Time:00:00.06 | Mem:0.00M, Peak:0.00M | Scene, ViewLayer | Synchronizing object | module-batch-tactile-yellow.005
Fra:1 Mem:73.84M (Peak 74.05M) | Time:00:00.06 | Mem:0.00M, Peak:0.00M | Scene, ViewLayer | Synchronizing object | module-batch-concrete.006
Fra:1 Mem:73.85M (Peak 74.05M) | Time:00:00.06 | Mem:0.00M, Peak:0.00M | Scene, ViewLayer | Synchronizing object | module-batch-tactile-yellow.006
Fra:1 Mem:73.85M (Peak 74.05M) | Time:00:00.06 | Mem:0.00M, Peak:0.00M | Scene, ViewLayer | Synchronizing object | module-batch-concrete.007
Fra:1 Mem:73.86M (Peak 74.05M) | Time:00:00.06 | Mem:0.00M, Peak:0.00M | Scene, ViewLayer | Synchronizing object | module-batch-tactile-yellow.007
Fra:1 Mem:73.86M (Peak 74.05M) | Time:00:00.06 | Mem:0.00M, Peak:0.00M | Scene, ViewLayer | Synchronizing object | module-batch-concrete.008
Fra:1 Mem:73.87M (Peak 74.05M) | Time:00:00.06 | Mem:0.00M, Peak:0.00M | Scene, ViewLayer | Synchronizing object | module-batch-tactile-yellow.008
Fra:1 Mem:73.87M (Peak 74.05M) | Time:00:00.06 | Mem:0.00M, Peak:0.00M | Scene, ViewLayer | Synchronizing object | module-batch-concrete.009
Fra:1 Mem:73.88M (Peak 74.05M) | Time:00:00.06 | Mem:0.00M, Peak:0.00M | Scene, ViewLayer | Synchronizing object | module-batch-tactile-yellow.009
Fra:1 Mem:73.88M (Peak 74.05M) | Time:00:00.06 | Mem:0.00M, Peak:0.00M | Scene, ViewLayer | Synchronizing object | module-batch-concrete.010
Fra:1 Mem:73.89M (Peak 74.05M) | Time:00:00.06 | Mem:0.00M, Peak:0.00M | Scene, ViewLayer | Synchronizing object | module-batch-tactile-yellow.010
Fra:1 Mem:73.89M (Peak 74.05M) | Time:00:00.06 | Mem:0.00M, Peak:0.00M | Scene, ViewLayer | Synchronizing object | module-batch-concrete.011
Fra:1 Mem:73.90M (Peak 74.05M) | Time:00:00.06 | Mem:0.00M, Peak:0.00M | Scene, ViewLayer | Synchronizing object | module-batch-tactile-yellow.011
Fra:1 Mem:73.90M (Peak 74.05M) | Time:00:00.06 | Mem:0.00M, Peak:0.00M | Scene, ViewLayer | Synchronizing object | module-batch-concrete.012
Fra:1 Mem:73.91M (Peak 74.05M) | Time:00:00.06 | Mem:0.00M, Peak:0.00M | Scene, ViewLayer | Synchronizing object | module-batch-tactile-yellow.012
Fra:1 Mem:73.91M (Peak 74.05M) | Time:00:00.06 | Mem:0.00M, Peak:0.00M | Scene, ViewLayer | Synchronizing object | module-batch-concrete.013
Fra:1 Mem:73.92M (Peak 74.05M) | Time:00:00.06 | Mem:0.00M, Peak:0.00M | Scene, ViewLayer | Synchronizing object | module-batch-tactile-yellow.013
Fra:1 Mem:73.93M (Peak 74.05M) | Time:00:00.06 | Mem:0.00M, Peak:0.00M | Scene, ViewLayer | Synchronizing object | module-batch-concrete.014
Fra:1 Mem:73.93M (Peak 74.05M) | Time:00:00.06 | Mem:0.00M, Peak:0.00M | Scene, ViewLayer | Synchronizing object | module-batch-tactile-yellow.014
Fra:1 Mem:73.94M (Peak 74.05M) | Time:00:00.06 | Mem:0.00M, Peak:0.00M | Scene, ViewLayer | Synchronizing object | module-batch-concrete.015
Fra:1 Mem:73.94M (Peak 74.05M) | Time:00:00.06 | Mem:0.00M, Peak:0.00M | Scene, ViewLayer | Synchronizing object | module-batch-tactile-yellow.015
Fra:1 Mem:73.95M (Peak 74.05M) | Time:00:00.06 | Mem:0.00M, Peak:0.00M | Scene, ViewLayer | Synchronizing object | module-batch-concrete.016
Fra:1 Mem:73.95M (Peak 74.05M) | Time:00:00.06 | Mem:0.00M, Peak:0.00M | Scene, ViewLayer | Synchronizing object | module-batch-tactile-yellow.016
Fra:1 Mem:73.96M (Peak 74.05M) | Time:00:00.06 | Mem:0.00M, Peak:0.00M | Scene, ViewLayer | Synchronizing object | module-batch-concrete.017
Fra:1 Mem:73.96M (Peak 74.05M) | Time:00:00.06 | Mem:0.00M, Peak:0.00M | Scene, ViewLayer | Synchronizing object | module-batch-tactile-yellow.017
Fra:1 Mem:73.97M (Peak 74.05M) | Time:00:00.06 | Mem:0.00M, Peak:0.00M | Scene, ViewLayer | Synchronizing object | module-batch-concrete.018
Fra:1 Mem:73.97M (Peak 74.05M) | Time:00:00.06 | Mem:0.00M, Peak:0.00M | Scene, ViewLayer | Synchronizing object | module-batch-tactile-yellow.018
Fra:1 Mem:73.98M (Peak 74.05M) | Time:00:00.06 | Mem:0.00M, Peak:0.00M | Scene, ViewLayer | Synchronizing object | module-batch-concrete.019
Fra:1 Mem:73.99M (Peak 74.05M) | Time:00:00.06 | Mem:0.00M, Peak:0.00M | Scene, ViewLayer | Synchronizing object | module-batch-tactile-yellow.019
Fra:1 Mem:73.99M (Peak 74.05M) | Time:00:00.06 | Mem:0.00M, Peak:0.00M | Scene, ViewLayer | Synchronizing object | module-batch-concrete.020
Fra:1 Mem:74.00M (Peak 74.05M) | Time:00:00.06 | Mem:0.00M, Peak:0.00M | Scene, ViewLayer | Synchronizing object | module-batch-tactile-yellow.020
Fra:1 Mem:74.00M (Peak 74.05M) | Time:00:00.06 | Mem:0.00M, Peak:0.00M | Scene, ViewLayer | Synchronizing object | module-batch-concrete.021
Fra:1 Mem:74.01M (Peak 74.05M) | Time:00:00.06 | Mem:0.00M, Peak:0.00M | Scene, ViewLayer | Synchronizing object | module-batch-tactile-yellow.021
Fra:1 Mem:74.01M (Peak 74.05M) | Time:00:00.06 | Mem:0.00M, Peak:0.00M | Scene, ViewLayer | Synchronizing object | module-batch-concrete.022
Fra:1 Mem:74.02M (Peak 74.05M) | Time:00:00.06 | Mem:0.00M, Peak:0.00M | Scene, ViewLayer | Synchronizing object | module-batch-tactile-yellow.022
Fra:1 Mem:74.02M (Peak 74.05M) | Time:00:00.06 | Mem:0.00M, Peak:0.00M | Scene, ViewLayer | Synchronizing object | module-batch-concrete.023
Fra:1 Mem:74.03M (Peak 74.05M) | Time:00:00.06 | Mem:0.00M, Peak:0.00M | Scene, ViewLayer | Synchronizing object | module-batch-tactile-yellow.023
Fra:1 Mem:74.03M (Peak 74.05M) | Time:00:00.06 | Mem:0.00M, Peak:0.00M | Scene, ViewLayer | Synchronizing object | module-batch-concrete.024
Fra:1 Mem:74.04M (Peak 74.05M) | Time:00:00.06 | Mem:0.00M, Peak:0.00M | Scene, ViewLayer | Synchronizing object | module-batch-tactile-yellow.024
Fra:1 Mem:74.04M (Peak 74.05M) | Time:00:00.06 | Mem:0.00M, Peak:0.00M | Scene, ViewLayer | Synchronizing object | module-batch-concrete.025
Fra:1 Mem:74.05M (Peak 74.05M) | Time:00:00.06 | Mem:0.00M, Peak:0.00M | Scene, ViewLayer | Synchronizing object | module-batch-tactile-yellow.025
Fra:1 Mem:74.05M (Peak 74.05M) | Time:00:00.06 | Mem:0.00M, Peak:0.00M | Scene, ViewLayer | Synchronizing object | module-batch-concrete.026
Fra:1 Mem:74.05M (Peak 74.05M) | Time:00:00.06 | Mem:0.00M, Peak:0.00M | Scene, ViewLayer | Synchronizing object | qa-ruler-tick.010
Fra:1 Mem:74.07M (Peak 74.07M) | Time:00:00.06 | Mem:0.00M, Peak:0.00M | Scene, ViewLayer | Synchronizing object | qa-ruler-tick.009
Fra:1 Mem:74.06M (Peak 74.07M) | Time:00:00.06 | Mem:0.00M, Peak:0.00M | Scene, ViewLayer | Synchronizing object | qa-ruler-tick.008
Fra:1 Mem:74.07M (Peak 74.07M) | Time:00:00.06 | Mem:0.00M, Peak:0.00M | Scene, ViewLayer | Synchronizing object | qa-ruler-tick.007
Fra:1 Mem:74.06M (Peak 74.07M) | Time:00:00.06 | Mem:0.00M, Peak:0.00M | Scene, ViewLayer | Synchronizing object | module-batch-tactile-yellow.026
Fra:1 Mem:74.06M (Peak 74.07M) | Time:00:00.06 | Mem:0.00M, Peak:0.00M | Scene, ViewLayer | Synchronizing object | qa-ruler-tick.006
Fra:1 Mem:74.07M (Peak 74.07M) | Time:00:00.06 | Mem:0.00M, Peak:0.00M | Scene, ViewLayer | Synchronizing object | qa-ruler-tick.005
Fra:1 Mem:74.07M (Peak 74.07M) | Time:00:00.06 | Mem:0.00M, Peak:0.00M | Scene, ViewLayer | Synchronizing object | qa-ruler-tick.004
Fra:1 Mem:74.07M (Peak 74.07M) | Time:00:00.06 | Mem:0.00M, Peak:0.00M | Scene, ViewLayer | Synchronizing object | module-batch-concrete.027
Fra:1 Mem:74.07M (Peak 74.07M) | Time:00:00.06 | Mem:0.00M, Peak:0.00M | Scene, ViewLayer | Synchronizing object | qa-ruler-tick.003
Fra:1 Mem:74.09M (Peak 74.09M) | Time:00:00.06 | Mem:0.00M, Peak:0.00M | Scene, ViewLayer | Synchronizing object | qa-ruler-tick.002
Fra:1 Mem:74.08M (Peak 74.09M) | Time:00:00.06 | Mem:0.00M, Peak:0.00M | Scene, ViewLayer | Synchronizing object | qa-ruler-tick.001
Fra:1 Mem:74.09M (Peak 74.09M) | Time:00:00.06 | Mem:0.00M, Peak:0.00M | Scene, ViewLayer | Synchronizing object | qa-ruler-tick
Fra:1 Mem:74.08M (Peak 74.09M) | Time:00:00.06 | Mem:0.00M, Peak:0.00M | Scene, ViewLayer | Synchronizing object | module-batch-tactile-yellow.027
Fra:1 Mem:74.08M (Peak 74.09M) | Time:00:00.06 | Mem:0.00M, Peak:0.00M | Scene, ViewLayer | Synchronizing object | qa-one-metre-ruler
Fra:1 Mem:74.09M (Peak 74.09M) | Time:00:00.06 | Mem:0.00M, Peak:0.00M | Scene, ViewLayer | Synchronizing object | qa-human-head.001
Fra:1 Mem:74.09M (Peak 74.09M) | Time:00:00.06 | Mem:0.00M, Peak:0.00M | Scene, ViewLayer | Synchronizing object | module-batch-concrete.028
Fra:1 Mem:74.09M (Peak 74.09M) | Time:00:00.06 | Mem:0.00M, Peak:0.00M | Scene, ViewLayer | Synchronizing object | qa-human-arm.003
Fra:1 Mem:74.12M (Peak 74.12M) | Time:00:00.06 | Mem:0.00M, Peak:0.00M | Scene, ViewLayer | Synchronizing object | module-batch-tactile-yellow.028
Fra:1 Mem:74.12M (Peak 74.12M) | Time:00:00.06 | Mem:0.00M, Peak:0.00M | Scene, ViewLayer | Synchronizing object | qa-human-leg.003
Fra:1 Mem:74.12M (Peak 74.12M) | Time:00:00.06 | Mem:0.00M, Peak:0.00M | Scene, ViewLayer | Synchronizing object | module-batch-concrete.029
Fra:1 Mem:74.15M (Peak 74.15M) | Time:00:00.06 | Mem:0.00M, Peak:0.00M | Scene, ViewLayer | Synchronizing object | module-batch-tactile-yellow.029
Fra:1 Mem:74.13M (Peak 74.15M) | Time:00:00.06 | Mem:0.00M, Peak:0.00M | Scene, ViewLayer | Synchronizing object | qa-human-arm.002
Fra:1 Mem:74.15M (Peak 74.15M) | Time:00:00.06 | Mem:0.00M, Peak:0.00M | Scene, ViewLayer | Synchronizing object | module-batch-concrete.030
Fra:1 Mem:74.16M (Peak 74.16M) | Time:00:00.06 | Mem:0.00M, Peak:0.00M | Scene, ViewLayer | Synchronizing object | qa-human-leg.002
Fra:1 Mem:74.17M (Peak 74.17M) | Time:00:00.06 | Mem:0.00M, Peak:0.00M | Scene, ViewLayer | Synchronizing object | module-batch-tactile-yellow.030
Fra:1 Mem:74.19M (Peak 74.19M) | Time:00:00.06 | Mem:0.00M, Peak:0.00M | Scene, ViewLayer | Synchronizing object | module-batch-concrete.031
Fra:1 Mem:74.19M (Peak 74.19M) | Time:00:00.06 | Mem:0.00M, Peak:0.00M | Scene, ViewLayer | Synchronizing object | qa-human-torso.001
Fra:1 Mem:74.19M (Peak 74.19M) | Time:00:00.06 | Mem:0.00M, Peak:0.00M | Scene, ViewLayer | Synchronizing object | module-batch-tactile-yellow.031
Fra:1 Mem:74.20M (Peak 74.20M) | Time:00:00.06 | Mem:0.00M, Peak:0.00M | Scene, ViewLayer | Synchronizing object | qa-human-head
Fra:1 Mem:74.19M (Peak 74.20M) | Time:00:00.06 | Mem:0.00M, Peak:0.00M | Scene, ViewLayer | Synchronizing object | module-batch-concrete.032
Fra:1 Mem:74.22M (Peak 74.22M) | Time:00:00.06 | Mem:0.00M, Peak:0.00M | Scene, ViewLayer | Synchronizing object | qa-human-arm.001
Fra:1 Mem:74.22M (Peak 74.22M) | Time:00:00.06 | Mem:0.00M, Peak:0.00M | Scene, ViewLayer | Synchronizing object | module-batch-tactile-yellow.032
Fra:1 Mem:74.22M (Peak 74.22M) | Time:00:00.06 | Mem:0.00M, Peak:0.00M | Scene, ViewLayer | Synchronizing object | qa-human-leg.001
Fra:1 Mem:74.22M (Peak 74.22M) | Time:00:00.06 | Mem:0.00M, Peak:0.00M | Scene, ViewLayer | Synchronizing object | module-batch-concrete.033
Fra:1 Mem:74.26M (Peak 74.26M) | Time:00:00.06 | Mem:0.00M, Peak:0.00M | Scene, ViewLayer | Synchronizing object | module-batch-tactile-yellow.033
Fra:1 Mem:74.24M (Peak 74.26M) | Time:00:00.06 | Mem:0.00M, Peak:0.00M | Scene, ViewLayer | Synchronizing object | qa-human-arm
Fra:1 Mem:74.26M (Peak 74.26M) | Time:00:00.06 | Mem:0.00M, Peak:0.00M | Scene, ViewLayer | Synchronizing object | module-batch-concrete.034
Fra:1 Mem:74.27M (Peak 74.27M) | Time:00:00.06 | Mem:0.00M, Peak:0.00M | Scene, ViewLayer | Synchronizing object | qa-human-leg
Fra:1 Mem:74.28M (Peak 74.28M) | Time:00:00.06 | Mem:0.00M, Peak:0.00M | Scene, ViewLayer | Synchronizing object | module-batch-tactile-yellow.034
Fra:1 Mem:74.29M (Peak 74.29M) | Time:00:00.06 | Mem:0.00M, Peak:0.00M | Scene, ViewLayer | Synchronizing object | module-batch-concrete.035
Fra:1 Mem:74.28M (Peak 74.29M) | Time:00:00.06 | Mem:0.00M, Peak:0.00M | Scene, ViewLayer | Synchronizing object | qa-human-torso
Fra:1 Mem:74.31M (Peak 74.31M) | Time:00:00.06 | Mem:0.00M, Peak:0.00M | Scene, ViewLayer | Synchronizing object | module-batch-tactile-yellow.035
Fra:1 Mem:74.30M (Peak 74.31M) | Time:00:00.06 | Mem:0.00M, Peak:0.00M | Scene, ViewLayer | Synchronizing object | qa-rail.001
Fra:1 Mem:74.30M (Peak 74.31M) | Time:00:00.06 | Mem:0.00M, Peak:0.00M | Scene, ViewLayer | Synchronizing object | module-batch-concrete.036
Fra:1 Mem:74.30M (Peak 74.31M) | Time:00:00.06 | Mem:0.00M, Peak:0.00M | Scene, ViewLayer | Synchronizing object | qa-rail
Fra:1 Mem:74.32M (Peak 74.32M) | Time:00:00.06 | Mem:0.00M, Peak:0.00M | Scene, ViewLayer | Synchronizing object | qa-ground
Fra:1 Mem:74.31M (Peak 74.32M) | Time:00:00.06 | Mem:0.00M, Peak:0.00M | Scene, ViewLayer | Synchronizing object | module-batch-tactile-yellow.048
Fra:1 Mem:74.33M (Peak 74.33M) | Time:00:00.06 | Mem:0.00M, Peak:0.00M | Scene, ViewLayer | Synchronizing object | module-batch-tactile-yellow.036
Fra:1 Mem:74.32M (Peak 74.33M) | Time:00:00.06 | Mem:0.00M, Peak:0.00M | Scene, ViewLayer | Synchronizing object | module-batch-painted-metal
Fra:1 Mem:74.32M (Peak 74.33M) | Time:00:00.06 | Mem:0.00M, Peak:0.00M | Scene, ViewLayer | Synchronizing object | module-batch-painted-metal.012
Fra:1 Mem:74.35M (Peak 74.35M) | Time:00:00.06 | Mem:0.00M, Peak:0.00M | Scene, ViewLayer | Synchronizing object | module-batch-tactile-yellow.047
Fra:1 Mem:74.35M (Peak 74.35M) | Time:00:00.06 | Mem:0.00M, Peak:0.00M | Scene, ViewLayer | Synchronizing object | module-batch-sign-face
Fra:1 Mem:74.34M (Peak 74.35M) | Time:00:00.06 | Mem:0.00M, Peak:0.00M | Scene, ViewLayer | Synchronizing object | module-batch-sign-symbol
Fra:1 Mem:74.34M (Peak 74.35M) | Time:00:00.06 | Mem:0.00M, Peak:0.00M | Scene, ViewLayer | Synchronizing object | module-batch-painted-metal.011
Fra:1 Mem:74.36M (Peak 74.36M) | Time:00:00.06 | Mem:0.00M, Peak:0.00M | Scene, ViewLayer | Synchronizing object | module-batch-tactile-yellow.046
Fra:1 Mem:74.36M (Peak 74.36M) | Time:00:00.06 | Mem:0.00M, Peak:0.00M | Scene, ViewLayer | Synchronizing object | body-shell
Fra:1 Mem:74.38M (Peak 74.38M) | Time:00:00.06 | Mem:0.00M, Peak:0.00M | Scene, ViewLayer | Synchronizing object | module-batch-painted-metal.010
Fra:1 Mem:74.41M (Peak 74.41M) | Time:00:00.06 | Mem:0.00M, Peak:0.00M | Scene, ViewLayer | Synchronizing object | module-batch-tactile-yellow.045
Fra:1 Mem:74.69M (Peak 74.69M) | Time:00:00.06 | Mem:0.00M, Peak:0.00M | Scene, ViewLayer | Synchronizing object | module-batch-painted-metal.009
Fra:1 Mem:74.70M (Peak 74.70M) | Time:00:00.06 | Mem:0.00M, Peak:0.00M | Scene, ViewLayer | Synchronizing object | module-batch-tactile-yellow.044
Fra:1 Mem:74.71M (Peak 74.71M) | Time:00:00.06 | Mem:0.00M, Peak:0.00M | Scene, ViewLayer | Synchronizing object | module-batch-painted-metal.008
Fra:1 Mem:74.77M (Peak 74.77M) | Time:00:00.06 | Mem:0.00M, Peak:0.00M | Scene, ViewLayer | Synchronizing object | module-batch-tactile-yellow.043
Fra:1 Mem:74.81M (Peak 74.81M) | Time:00:00.06 | Mem:0.00M, Peak:0.00M | Scene, ViewLayer | Synchronizing object | module-batch-painted-metal.007
Fra:1 Mem:74.55M (Peak 74.81M) | Time:00:00.06 | Mem:0.00M, Peak:0.00M | Scene, ViewLayer | Synchronizing object | module-batch-tactile-yellow.042
Fra:1 Mem:74.58M (Peak 74.81M) | Time:00:00.06 | Mem:0.00M, Peak:0.00M | Scene, ViewLayer | Synchronizing object | module-batch-painted-metal.006
Fra:1 Mem:74.60M (Peak 74.81M) | Time:00:00.06 | Mem:0.00M, Peak:0.00M | Scene, ViewLayer | Synchronizing object | module-batch-tactile-yellow.041
Fra:1 Mem:74.73M (Peak 74.81M) | Time:00:00.06 | Mem:0.00M, Peak:0.00M | Scene, ViewLayer | Synchronizing object | module-batch-painted-metal.005
Fra:1 Mem:74.73M (Peak 74.81M) | Time:00:00.06 | Mem:0.00M, Peak:0.00M | Scene, ViewLayer | Synchronizing object | module-batch-tactile-yellow.040
Fra:1 Mem:74.74M (Peak 74.81M) | Time:00:00.06 | Mem:0.00M, Peak:0.00M | Scene, ViewLayer | Synchronizing object | module-batch-painted-metal.004
Fra:1 Mem:74.72M (Peak 74.81M) | Time:00:00.06 | Mem:0.00M, Peak:0.00M | Scene, ViewLayer | Synchronizing object | module-batch-tactile-yellow.039
Fra:1 Mem:74.58M (Peak 74.81M) | Time:00:00.06 | Mem:0.00M, Peak:0.00M | Scene, ViewLayer | Synchronizing object | module-batch-painted-metal.003
Fra:1 Mem:74.59M (Peak 74.81M) | Time:00:00.06 | Mem:0.00M, Peak:0.00M | Scene, ViewLayer | Synchronizing object | module-batch-tactile-yellow.038
Fra:1 Mem:74.58M (Peak 74.81M) | Time:00:00.06 | Mem:0.00M, Peak:0.00M | Scene, ViewLayer | Synchronizing object | bogie-front-frame
Fra:1 Mem:74.60M (Peak 74.81M) | Time:00:00.06 | Mem:0.00M, Peak:0.00M | Scene, ViewLayer | Synchronizing object | bogie-rear-frame
Fra:1 Mem:74.60M (Peak 74.81M) | Time:00:00.06 | Mem:0.00M, Peak:0.00M | Scene, ViewLayer | Synchronizing object | module-batch-painted-metal.002
Fra:1 Mem:74.60M (Peak 74.81M) | Time:00:00.06 | Mem:0.00M, Peak:0.00M | Scene, ViewLayer | Synchronizing object | door-left-center-a
Fra:1 Mem:74.60M (Peak 74.81M) | Time:00:00.06 | Mem:0.00M, Peak:0.00M | Scene, ViewLayer | Synchronizing object | module-batch-tactile-yellow.037
Fra:1 Mem:74.63M (Peak 74.81M) | Time:00:00.06 | Mem:0.00M, Peak:0.00M | Scene, ViewLayer | Synchronizing object | module-batch-painted-metal.001
Fra:1 Mem:74.62M (Peak 74.81M) | Time:00:00.06 | Mem:0.00M, Peak:0.00M | Scene, ViewLayer | Synchronizing object | door-left-center-b
Fra:1 Mem:74.65M (Peak 74.81M) | Time:00:00.06 | Mem:0.00M, Peak:0.00M | Scene, ViewLayer | Synchronizing object | interior-batch-metro-seat.003
Fra:1 Mem:74.75M (Peak 74.81M) | Time:00:00.06 | Mem:0.00M, Peak:0.00M | Scene, ViewLayer | Synchronizing object | door-left-front-a
Fra:1 Mem:74.74M (Peak 74.81M) | Time:00:00.06 | Mem:0.00M, Peak:0.00M | Scene, ViewLayer | Synchronizing object | door-left-front-b
Fra:1 Mem:74.70M (Peak 74.81M) | Time:00:00.06 | Mem:0.00M, Peak:0.00M | Scene, ViewLayer | Synchronizing object | interior-batch-metro-priority-seat.003
Fra:1 Mem:74.73M (Peak 74.81M) | Time:00:00.06 | Mem:0.00M, Peak:0.00M | Scene, ViewLayer | Synchronizing object | door-left-rear-a
Fra:1 Mem:74.74M (Peak 74.81M) | Time:00:00.06 | Mem:0.00M, Peak:0.00M | Scene, ViewLayer | Synchronizing object | interior-batch-metro-screen.003
Fra:1 Mem:74.74M (Peak 74.81M) | Time:00:00.06 | Mem:0.00M, Peak:0.00M | Scene, ViewLayer | Synchronizing object | door-left-rear-b
Fra:1 Mem:74.73M (Peak 74.81M) | Time:00:00.06 | Mem:0.00M, Peak:0.00M | Scene, ViewLayer | Synchronizing object | interior-batch-metro-rail.003
Fra:1 Mem:74.77M (Peak 74.81M) | Time:00:00.07 | Mem:0.00M, Peak:0.00M | Scene, ViewLayer | Synchronizing object | door-right-center-a
Fra:1 Mem:74.78M (Peak 74.81M) | Time:00:00.07 | Mem:0.00M, Peak:0.00M | Scene, ViewLayer | Synchronizing object | interior-batch-metro-floor.003
Fra:1 Mem:74.78M (Peak 74.81M) | Time:00:00.07 | Mem:0.00M, Peak:0.00M | Scene, ViewLayer | Synchronizing object | door-right-center-b
Fra:1 Mem:74.81M (Peak 74.81M) | Time:00:00.07 | Mem:0.00M, Peak:0.00M | Scene, ViewLayer | Synchronizing object | interior-batch-metro-wall.003
Fra:1 Mem:74.89M (Peak 74.89M) | Time:00:00.07 | Mem:0.00M, Peak:0.00M | Scene, ViewLayer | Synchronizing object | door-right-front-a
Fra:1 Mem:74.89M (Peak 74.89M) | Time:00:00.07 | Mem:0.00M, Peak:0.00M | Scene, ViewLayer | Synchronizing object | door-right-front-b
Fra:1 Mem:74.87M (Peak 74.89M) | Time:00:00.07 | Mem:0.00M, Peak:0.00M | Scene, ViewLayer | Synchronizing object | wheel-rear-rear-right.003
Fra:1 Mem:74.86M (Peak 74.89M) | Time:00:00.07 | Mem:0.00M, Peak:0.00M | Scene, ViewLayer | Synchronizing object | door-right-rear-a
Fra:1 Mem:74.86M (Peak 74.89M) | Time:00:00.07 | Mem:0.00M, Peak:0.00M | Scene, ViewLayer | Synchronizing object | wheel-rear-rear-left.003
Fra:1 Mem:74.88M (Peak 74.89M) | Time:00:00.07 | Mem:0.00M, Peak:0.00M | Scene, ViewLayer | Synchronizing object | wheel-rear-front-right.003
Fra:1 Mem:74.89M (Peak 74.89M) | Time:00:00.07 | Mem:0.00M, Peak:0.00M | Scene, ViewLayer | Synchronizing object | door-right-rear-b
Fra:1 Mem:74.91M (Peak 74.91M) | Time:00:00.07 | Mem:0.00M, Peak:0.00M | Scene, ViewLayer | Synchronizing object | wheel-rear-front-left.003
Fra:1 Mem:74.89M (Peak 74.91M) | Time:00:00.07 | Mem:0.00M, Peak:0.00M | Scene, ViewLayer | Synchronizing object | wheel-front-rear-right.003
Fra:1 Mem:74.90M (Peak 74.91M) | Time:00:00.07 | Mem:0.00M, Peak:0.00M | Scene, ViewLayer | Synchronizing object | glass
Fra:1 Mem:74.97M (Peak 74.97M) | Time:00:00.07 | Mem:0.00M, Peak:0.00M | Scene, ViewLayer | Synchronizing object | wheel-front-rear-left.003
Fra:1 Mem:74.99M (Peak 74.99M) | Time:00:00.07 | Mem:0.00M, Peak:0.00M | Scene, ViewLayer | Synchronizing object | wheel-front-front-right.003
Fra:1 Mem:74.98M (Peak 74.99M) | Time:00:00.07 | Mem:0.00M, Peak:0.00M | Scene, ViewLayer | Synchronizing object | wheel-front-front-left.003
Fra:1 Mem:74.94M (Peak 74.99M) | Time:00:00.07 | Mem:0.00M, Peak:0.00M | Scene, ViewLayer | Synchronizing object | lights
Fra:1 Mem:74.94M (Peak 74.99M) | Time:00:00.07 | Mem:0.00M, Peak:0.00M | Scene, ViewLayer | Synchronizing object | lights.001
Fra:1 Mem:74.95M (Peak 74.99M) | Time:00:00.07 | Mem:0.00M, Peak:0.00M | Scene, ViewLayer | Synchronizing object | wheel-front-front-left
Fra:1 Mem:74.99M (Peak 74.99M) | Time:00:00.07 | Mem:0.00M, Peak:0.00M | Scene, ViewLayer | Synchronizing object | wheel-front-front-right
Fra:1 Mem:75.03M (Peak 75.03M) | Time:00:00.07 | Mem:0.00M, Peak:0.00M | Scene, ViewLayer | Synchronizing object | wheel-front-rear-left
Fra:1 Mem:75.00M (Peak 75.03M) | Time:00:00.07 | Mem:0.00M, Peak:0.00M | Scene, ViewLayer | Synchronizing object | door-right-rear-b.003
Fra:1 Mem:75.02M (Peak 75.03M) | Time:00:00.07 | Mem:0.00M, Peak:0.00M | Scene, ViewLayer | Synchronizing object | wheel-front-rear-right
Fra:1 Mem:75.03M (Peak 75.03M) | Time:00:00.07 | Mem:0.00M, Peak:0.00M | Scene, ViewLayer | Synchronizing object | wheel-rear-front-left
Fra:1 Mem:75.01M (Peak 75.03M) | Time:00:00.07 | Mem:0.00M, Peak:0.00M | Scene, ViewLayer | Synchronizing object | door-right-rear-a.003
Fra:1 Mem:75.03M (Peak 75.03M) | Time:00:00.07 | Mem:0.00M, Peak:0.00M | Scene, ViewLayer | Synchronizing object | wheel-rear-front-right
Fra:1 Mem:75.04M (Peak 75.04M) | Time:00:00.07 | Mem:0.00M, Peak:0.00M | Scene, ViewLayer | Synchronizing object | door-right-front-b.003
Fra:1 Mem:75.06M (Peak 75.06M) | Time:00:00.07 | Mem:0.00M, Peak:0.00M | Scene, ViewLayer | Synchronizing object | wheel-rear-rear-left
Fra:1 Mem:75.07M (Peak 75.07M) | Time:00:00.07 | Mem:0.00M, Peak:0.00M | Scene, ViewLayer | Synchronizing object | wheel-rear-rear-right
Fra:1 Mem:75.05M (Peak 75.07M) | Time:00:00.07 | Mem:0.00M, Peak:0.00M | Scene, ViewLayer | Synchronizing object | door-right-front-a.003
Fra:1 Mem:75.07M (Peak 75.07M) | Time:00:00.07 | Mem:0.00M, Peak:0.00M | Scene, ViewLayer | Synchronizing object | interior-batch-metro-wall
Fra:1 Mem:75.15M (Peak 75.15M) | Time:00:00.07 | Mem:0.00M, Peak:0.00M | Scene, ViewLayer | Synchronizing object | door-right-center-b.003
Fra:1 Mem:75.13M (Peak 75.15M) | Time:00:00.07 | Mem:0.00M, Peak:0.00M | Scene, ViewLayer | Synchronizing object | door-right-center-a.003
Fra:1 Mem:75.13M (Peak 75.15M) | Time:00:00.07 | Mem:0.00M, Peak:0.00M | Scene, ViewLayer | Synchronizing object | door-left-rear-b.003
Fra:1 Mem:75.13M (Peak 75.15M) | Time:00:00.07 | Mem:0.00M, Peak:0.00M | Scene, ViewLayer | Synchronizing object | interior-batch-metro-floor
Fra:1 Mem:75.16M (Peak 75.16M) | Time:00:00.07 | Mem:0.00M, Peak:0.00M | Scene, ViewLayer | Synchronizing object | interior-batch-metro-rail
Fra:1 Mem:75.21M (Peak 75.21M) | Time:00:00.07 | Mem:0.00M, Peak:0.00M | Scene, ViewLayer | Synchronizing object | door-left-rear-a.003
Fra:1 Mem:75.22M (Peak 75.22M) | Time:00:00.07 | Mem:0.00M, Peak:0.00M | Scene, ViewLayer | Synchronizing object | door-left-front-b.003
Fra:1 Mem:75.18M (Peak 75.22M) | Time:00:00.07 | Mem:0.00M, Peak:0.00M | Scene, ViewLayer | Synchronizing object | interior-batch-metro-screen
Fra:1 Mem:75.21M (Peak 75.22M) | Time:00:00.07 | Mem:0.00M, Peak:0.00M | Scene, ViewLayer | Synchronizing object | interior-batch-metro-priority-seat
Fra:1 Mem:75.20M (Peak 75.22M) | Time:00:00.07 | Mem:0.00M, Peak:0.00M | Scene, ViewLayer | Synchronizing object | door-left-front-a.003
Fra:1 Mem:75.23M (Peak 75.23M) | Time:00:00.07 | Mem:0.00M, Peak:0.00M | Scene, ViewLayer | Synchronizing object | interior-batch-metro-seat
Fra:1 Mem:75.22M (Peak 75.23M) | Time:00:00.07 | Mem:0.00M, Peak:0.00M | Scene, ViewLayer | Synchronizing object | door-left-center-b.003
Fra:1 Mem:75.35M (Peak 75.35M) | Time:00:00.07 | Mem:0.00M, Peak:0.00M | Scene, ViewLayer | Synchronizing object | door-left-center-a.003
Fra:1 Mem:75.34M (Peak 75.35M) | Time:00:00.07 | Mem:0.00M, Peak:0.00M | Scene, ViewLayer | Synchronizing object | bogie-rear-frame.003
Fra:1 Mem:75.34M (Peak 75.35M) | Time:00:00.07 | Mem:0.00M, Peak:0.00M | Scene, ViewLayer | Synchronizing object | bogie-front-frame.003
Fra:1 Mem:75.30M (Peak 75.35M) | Time:00:00.07 | Mem:0.00M, Peak:0.00M | Scene, ViewLayer | Synchronizing object | body-shell.001
Fra:1 Mem:75.29M (Peak 75.35M) | Time:00:00.07 | Mem:0.00M, Peak:0.00M | Scene, ViewLayer | Synchronizing object | body-shell.003
Fra:1 Mem:75.78M (Peak 75.78M) | Time:00:00.07 | Mem:0.00M, Peak:0.00M | Scene, ViewLayer | Synchronizing object | interior-batch-metro-seat.002
Fra:1 Mem:75.66M (Peak 75.78M) | Time:00:00.07 | Mem:0.00M, Peak:0.00M | Scene, ViewLayer | Synchronizing object | bogie-front-frame.001
Fra:1 Mem:75.70M (Peak 75.78M) | Time:00:00.07 | Mem:0.00M, Peak:0.00M | Scene, ViewLayer | Synchronizing object | bogie-rear-frame.001
Fra:1 Mem:75.66M (Peak 75.78M) | Time:00:00.07 | Mem:0.00M, Peak:0.00M | Scene, ViewLayer | Synchronizing object | door-left-center-a.001
Fra:1 Mem:75.65M (Peak 75.78M) | Time:00:00.07 | Mem:0.00M, Peak:0.00M | Scene, ViewLayer | Synchronizing object | interior-batch-metro-priority-seat.002
Fra:1 Mem:75.67M (Peak 75.78M) | Time:00:00.07 | Mem:0.00M, Peak:0.00M | Scene, ViewLayer | Synchronizing object | door-left-center-b.001
Fra:1 Mem:75.67M (Peak 75.78M) | Time:00:00.07 | Mem:0.00M, Peak:0.00M | Scene, ViewLayer | Synchronizing object | interior-batch-metro-screen.002
Fra:1 Mem:75.69M (Peak 75.78M) | Time:00:00.07 | Mem:0.00M, Peak:0.00M | Scene, ViewLayer | Synchronizing object | interior-batch-metro-rail.002
Fra:1 Mem:75.69M (Peak 75.78M) | Time:00:00.07 | Mem:0.00M, Peak:0.00M | Scene, ViewLayer | Synchronizing object | door-left-front-a.001
Fra:1 Mem:75.78M (Peak 75.78M) | Time:00:00.07 | Mem:0.00M, Peak:0.00M | Scene, ViewLayer | Synchronizing object | door-left-front-b.001
Fra:1 Mem:75.75M (Peak 75.78M) | Time:00:00.07 | Mem:0.00M, Peak:0.00M | Scene, ViewLayer | Synchronizing object | door-left-rear-a.001
Fra:1 Mem:75.74M (Peak 75.78M) | Time:00:00.07 | Mem:0.00M, Peak:0.00M | Scene, ViewLayer | Synchronizing object | interior-batch-metro-floor.002
Fra:1 Mem:75.76M (Peak 75.78M) | Time:00:00.07 | Mem:0.00M, Peak:0.00M | Scene, ViewLayer | Synchronizing object | interior-batch-metro-wall.002
Fra:1 Mem:75.77M (Peak 75.78M) | Time:00:00.07 | Mem:0.00M, Peak:0.00M | Scene, ViewLayer | Synchronizing object | door-left-rear-b.001
Fra:1 Mem:75.81M (Peak 75.81M) | Time:00:00.07 | Mem:0.00M, Peak:0.00M | Scene, ViewLayer | Synchronizing object | door-right-center-a.001
Fra:1 Mem:75.86M (Peak 75.86M) | Time:00:00.07 | Mem:0.00M, Peak:0.00M | Scene, ViewLayer | Synchronizing object | door-right-center-b.001
Fra:1 Mem:75.84M (Peak 75.86M) | Time:00:00.07 | Mem:0.00M, Peak:0.00M | Scene, ViewLayer | Synchronizing object | wheel-rear-rear-right.002
Fra:1 Mem:75.83M (Peak 75.86M) | Time:00:00.07 | Mem:0.00M, Peak:0.00M | Scene, ViewLayer | Synchronizing object | wheel-rear-rear-left.002
Fra:1 Mem:75.83M (Peak 75.86M) | Time:00:00.07 | Mem:0.00M, Peak:0.00M | Scene, ViewLayer | Synchronizing object | door-right-front-a.001
Fra:1 Mem:75.85M (Peak 75.86M) | Time:00:00.07 | Mem:0.00M, Peak:0.00M | Scene, ViewLayer | Synchronizing object | wheel-rear-front-right.002
Fra:1 Mem:75.86M (Peak 75.86M) | Time:00:00.07 | Mem:0.00M, Peak:0.00M | Scene, ViewLayer | Synchronizing object | door-right-front-b.001
Fra:1 Mem:75.88M (Peak 75.88M) | Time:00:00.07 | Mem:0.00M, Peak:0.00M | Scene, ViewLayer | Synchronizing object | wheel-rear-front-left.002
Fra:1 Mem:75.89M (Peak 75.89M) | Time:00:00.07 | Mem:0.00M, Peak:0.00M | Scene, ViewLayer | Synchronizing object | wheel-front-rear-right.002
Fra:1 Mem:75.88M (Peak 75.89M) | Time:00:00.07 | Mem:0.00M, Peak:0.00M | Scene, ViewLayer | Synchronizing object | door-right-rear-a.001
Fra:1 Mem:75.91M (Peak 75.91M) | Time:00:00.07 | Mem:0.00M, Peak:0.00M | Scene, ViewLayer | Synchronizing object | wheel-front-rear-left.002
Fra:1 Mem:75.91M (Peak 75.91M) | Time:00:00.07 | Mem:0.00M, Peak:0.00M | Scene, ViewLayer | Synchronizing object | wheel-front-front-right.002
Fra:1 Mem:75.89M (Peak 75.91M) | Time:00:00.07 | Mem:0.00M, Peak:0.00M | Scene, ViewLayer | Synchronizing object | door-right-rear-b.001
Fra:1 Mem:75.91M (Peak 75.91M) | Time:00:00.07 | Mem:0.00M, Peak:0.00M | Scene, ViewLayer | Synchronizing object | wheel-front-front-left.002
Fra:1 Mem:75.92M (Peak 75.92M) | Time:00:00.07 | Mem:0.00M, Peak:0.00M | Scene, ViewLayer | Synchronizing object | glass.001
Fra:1 Mem:75.92M (Peak 75.92M) | Time:00:00.07 | Mem:0.00M, Peak:0.00M | Scene, ViewLayer | Synchronizing object | glass.002
Fra:1 Mem:75.97M (Peak 75.97M) | Time:00:00.07 | Mem:0.00M, Peak:0.00M | Scene, ViewLayer | Synchronizing object | door-right-rear-b.002
Fra:1 Mem:75.97M (Peak 75.97M) | Time:00:00.07 | Mem:0.00M, Peak:0.00M | Scene, ViewLayer | Synchronizing object | wheel-front-front-left.001
Fra:1 Mem:75.99M (Peak 75.99M) | Time:00:00.07 | Mem:0.00M, Peak:0.00M | Scene, ViewLayer | Synchronizing object | wheel-front-front-right.001
Fra:1 Mem:75.99M (Peak 75.99M) | Time:00:00.07 | Mem:0.00M, Peak:0.00M | Scene, ViewLayer | Synchronizing object | door-right-rear-a.002
Fra:1 Mem:76.02M (Peak 76.02M) | Time:00:00.07 | Mem:0.00M, Peak:0.00M | Scene, ViewLayer | Synchronizing object | wheel-front-rear-left.001
Fra:1 Mem:76.01M (Peak 76.02M) | Time:00:00.07 | Mem:0.00M, Peak:0.00M | Scene, ViewLayer | Synchronizing object | door-right-front-b.002
Fra:1 Mem:76.01M (Peak 76.02M) | Time:00:00.07 | Mem:0.00M, Peak:0.00M | Scene, ViewLayer | Synchronizing object | wheel-front-rear-right.001
Fra:1 Mem:76.04M (Peak 76.04M) | Time:00:00.07 | Mem:0.00M, Peak:0.00M | Scene, ViewLayer | Synchronizing object | wheel-rear-front-left.001
Fra:1 Mem:76.03M (Peak 76.04M) | Time:00:00.07 | Mem:0.00M, Peak:0.00M | Scene, ViewLayer | Synchronizing object | door-right-front-a.002
Fra:1 Mem:76.06M (Peak 76.06M) | Time:00:00.07 | Mem:0.00M, Peak:0.00M | Scene, ViewLayer | Synchronizing object | wheel-rear-front-right.001
Fra:1 Mem:76.05M (Peak 76.06M) | Time:00:00.07 | Mem:0.00M, Peak:0.00M | Scene, ViewLayer | Synchronizing object | door-right-center-b.002
Fra:1 Mem:76.04M (Peak 76.06M) | Time:00:00.07 | Mem:0.00M, Peak:0.00M | Scene, ViewLayer | Synchronizing object | wheel-rear-rear-left.001
Fra:1 Mem:76.07M (Peak 76.07M) | Time:00:00.07 | Mem:0.00M, Peak:0.00M | Scene, ViewLayer | Synchronizing object | wheel-rear-rear-right.001
Fra:1 Mem:76.07M (Peak 76.07M) | Time:00:00.07 | Mem:0.00M, Peak:0.00M | Scene, ViewLayer | Synchronizing object | door-right-center-a.002
Fra:1 Mem:76.09M (Peak 76.09M) | Time:00:00.07 | Mem:0.00M, Peak:0.00M | Scene, ViewLayer | Synchronizing object | interior-batch-metro-wall.001
Fra:1 Mem:76.16M (Peak 76.16M) | Time:00:00.07 | Mem:0.00M, Peak:0.00M | Scene, ViewLayer | Synchronizing object | door-left-rear-b.002
Fra:1 Mem:76.13M (Peak 76.16M) | Time:00:00.07 | Mem:0.00M, Peak:0.00M | Scene, ViewLayer | Synchronizing object | door-left-rear-a.002
Fra:1 Mem:76.13M (Peak 76.16M) | Time:00:00.07 | Mem:0.00M, Peak:0.00M | Scene, ViewLayer | Synchronizing object | interior-batch-metro-floor.001
Fra:1 Mem:76.13M (Peak 76.16M) | Time:00:00.07 | Mem:0.00M, Peak:0.00M | Scene, ViewLayer | Synchronizing object | door-left-front-b.002
Fra:1 Mem:76.15M (Peak 76.16M) | Time:00:00.07 | Mem:0.00M, Peak:0.00M | Scene, ViewLayer | Synchronizing object | interior-batch-metro-rail.001
Fra:1 Mem:76.21M (Peak 76.21M) | Time:00:00.07 | Mem:0.00M, Peak:0.00M | Scene, ViewLayer | Synchronizing object | door-left-front-a.002
Fra:1 Mem:76.20M (Peak 76.21M) | Time:00:00.07 | Mem:0.00M, Peak:0.00M | Scene, ViewLayer | Synchronizing object | door-left-center-b.002
Fra:1 Mem:76.22M (Peak 76.22M) | Time:00:00.07 | Mem:0.00M, Peak:0.00M | Scene, ViewLayer | Synchronizing object | interior-batch-metro-screen.001
Fra:1 Mem:76.22M (Peak 76.22M) | Time:00:00.07 | Mem:0.00M, Peak:0.00M | Scene, ViewLayer | Synchronizing object | door-left-center-a.002
Fra:1 Mem:76.21M (Peak 76.22M) | Time:00:00.07 | Mem:0.00M, Peak:0.00M | Scene, ViewLayer | Synchronizing object | interior-batch-metro-priority-seat.001
Fra:1 Mem:76.24M (Peak 76.24M) | Time:00:00.07 | Mem:0.00M, Peak:0.00M | Scene, ViewLayer | Synchronizing object | interior-batch-metro-seat.001
Fra:1 Mem:76.23M (Peak 76.24M) | Time:00:00.07 | Mem:0.00M, Peak:0.00M | Scene, ViewLayer | Synchronizing object | bogie-rear-frame.002
Fra:1 Mem:76.33M (Peak 76.33M) | Time:00:00.07 | Mem:0.00M, Peak:0.00M | Scene, ViewLayer | Synchronizing object | bogie-front-frame.002
Fra:1 Mem:76.34M (Peak 76.35M) | Time:00:00.07 | Mem:0.00M, Peak:0.00M | Scene, ViewLayer | Synchronizing object | body-shell.002
Fra:1 Mem:76.43M (Peak 76.43M) | Time:00:00.07 | Mem:0.00M, Peak:0.00M | Scene, ViewLayer | Initializing
Fra:1 Mem:51.68M (Peak 76.43M) | Time:00:00.08 | Mem:0.00M, Peak:0.00M | Scene, ViewLayer | Waiting for render to start
Fra:1 Mem:51.68M (Peak 76.43M) | Time:00:00.08 | Mem:0.00M, Peak:0.00M | Scene, ViewLayer | Loading render kernels (may take a few minutes the first time)
Fra:1 Mem:51.68M (Peak 76.43M) | Time:00:00.08 | Mem:0.00M, Peak:0.00M | Scene, ViewLayer | Updating Scene
Fra:1 Mem:51.68M (Peak 76.43M) | Time:00:00.08 | Mem:0.00M, Peak:0.00M | Scene, ViewLayer | Updating Shaders
Fra:1 Mem:51.86M (Peak 76.43M) | Time:00:00.08 | Mem:0.11M, Peak:0.11M | Scene, ViewLayer | Updating Procedurals
Fra:1 Mem:51.86M (Peak 76.43M) | Time:00:00.08 | Mem:0.11M, Peak:0.11M | Scene, ViewLayer | Updating Background
Fra:1 Mem:51.86M (Peak 76.43M) | Time:00:00.08 | Mem:0.11M, Peak:0.11M | Scene, ViewLayer | Updating Camera
Fra:1 Mem:51.86M (Peak 76.43M) | Time:00:00.08 | Mem:0.11M, Peak:0.11M | Scene, ViewLayer | Updating Meshes Flags
Fra:1 Mem:51.86M (Peak 76.43M) | Time:00:00.08 | Mem:0.11M, Peak:0.11M | Scene, ViewLayer | Updating Objects
Fra:1 Mem:51.86M (Peak 76.43M) | Time:00:00.08 | Mem:0.11M, Peak:0.11M | Scene, ViewLayer | Updating Objects | Copying Transformations to device
Fra:1 Mem:51.92M (Peak 76.43M) | Time:00:00.08 | Mem:0.16M, Peak:0.16M | Scene, ViewLayer | Updating Objects | Applying Static Transformations
Fra:1 Mem:51.92M (Peak 76.43M) | Time:00:00.08 | Mem:0.16M, Peak:0.16M | Scene, ViewLayer | Updating Particle Systems
Fra:1 Mem:51.92M (Peak 76.43M) | Time:00:00.08 | Mem:0.16M, Peak:0.16M | Scene, ViewLayer | Updating Particle Systems | Copying Particles to device
Fra:1 Mem:51.92M (Peak 76.43M) | Time:00:00.08 | Mem:0.16M, Peak:0.16M | Scene, ViewLayer | Updating Meshes
Fra:1 Mem:52.15M (Peak 76.43M) | Time:00:00.09 | Mem:0.16M, Peak:0.16M | Scene, ViewLayer | Updating Mesh | Computing attributes
Fra:1 Mem:52.75M (Peak 76.43M) | Time:00:00.09 | Mem:0.18M, Peak:0.18M | Scene, ViewLayer | Updating Mesh | Copying Attributes to device
Fra:1 Mem:52.71M (Peak 76.43M) | Time:00:00.09 | Mem:0.73M, Peak:0.73M | Scene, ViewLayer | Updating Scene BVH | Building
Fra:1 Mem:52.72M (Peak 76.43M) | Time:00:00.09 | Mem:0.73M, Peak:0.73M | Scene, ViewLayer | Updating Scene BVH | Building BVH
Fra:1 Mem:52.72M (Peak 76.43M) | Time:00:00.09 | Mem:1.18M, Peak:1.18M | Scene, ViewLayer | Updating Scene BVH | Building BVH 0%
Fra:1 Mem:52.72M (Peak 76.43M) | Time:00:00.09 | Mem:1.71M, Peak:2.16M | Scene, ViewLayer | Updating Scene BVH | Copying BVH to device
Fra:1 Mem:52.72M (Peak 76.43M) | Time:00:00.09 | Mem:1.71M, Peak:2.16M | Scene, ViewLayer | Updating Mesh | Computing normals
Fra:1 Mem:54.28M (Peak 76.43M) | Time:00:00.09 | Mem:1.71M, Peak:2.16M | Scene, ViewLayer | Updating Mesh | Copying Mesh to device
Fra:1 Mem:54.28M (Peak 76.43M) | Time:00:00.09 | Mem:3.27M, Peak:3.27M | Scene, ViewLayer | Updating Objects Flags
Fra:1 Mem:54.28M (Peak 76.43M) | Time:00:00.09 | Mem:3.28M, Peak:3.28M | Scene, ViewLayer | Updating Primitive Offsets
Fra:1 Mem:54.28M (Peak 76.43M) | Time:00:00.09 | Mem:3.28M, Peak:3.28M | Scene, ViewLayer | Updating Images
Fra:1 Mem:54.28M (Peak 76.43M) | Time:00:00.09 | Mem:3.28M, Peak:3.28M | Scene, ViewLayer | Updating Camera Volume
Fra:1 Mem:54.28M (Peak 76.43M) | Time:00:00.09 | Mem:3.28M, Peak:3.28M | Scene, ViewLayer | Updating Lookup Tables
Fra:1 Mem:54.28M (Peak 76.43M) | Time:00:00.09 | Mem:3.36M, Peak:3.36M | Scene, ViewLayer | Updating Lights
Fra:1 Mem:54.28M (Peak 76.43M) | Time:00:00.09 | Mem:3.36M, Peak:3.36M | Scene, ViewLayer | Updating Lights | Computing tree
Fra:1 Mem:54.29M (Peak 76.43M) | Time:00:00.09 | Mem:3.37M, Peak:3.37M | Scene, ViewLayer | Updating Integrator
Fra:1 Mem:54.29M (Peak 76.43M) | Time:00:00.09 | Mem:3.37M, Peak:3.37M | Scene, ViewLayer | Updating Film
Fra:1 Mem:54.29M (Peak 76.43M) | Time:00:00.09 | Mem:3.29M, Peak:3.37M | Scene, ViewLayer | Updating Lookup Tables
Fra:1 Mem:54.29M (Peak 76.43M) | Time:00:00.09 | Mem:3.37M, Peak:3.37M | Scene, ViewLayer | Updating Baking
Fra:1 Mem:54.29M (Peak 76.43M) | Time:00:00.09 | Mem:3.37M, Peak:3.37M | Scene, ViewLayer | Updating Device | Writing constant memory
Fra:1 Mem:54.30M (Peak 76.43M) | Time:00:00.09 | Mem:3.37M, Peak:3.37M | Scene, ViewLayer | Sample 0/32
Fra:1 Mem:73.19M (Peak 76.43M) | Time:00:00.60 | Remaining:00:15.85 | Mem:22.26M, Peak:22.26M | Scene, ViewLayer | Sample 1/32
Fra:1 Mem:81.58M (Peak 98.37M) | Time:00:15.69 | Mem:22.26M, Peak:22.26M | Scene, ViewLayer | Sample 32/32
Fra:1 Mem:81.58M (Peak 98.37M) | Time:00:15.69 | Mem:22.26M, Peak:22.26M | Scene, ViewLayer | Finished
Saved: '/workspace/scratch/7c20b5ba4165/atlas-backlog-oct3/tools/assets/transit-station-spaces/qa/previews/four-car-platform-74m.png'
Time: 00:15.77 (Saving: 00:00.07)

Fra:1 Mem:74.29M (Peak 74.29M) | Time:00:00.06 | Mem:0.00M, Peak:0.00M | Scene, ViewLayer | Synchronizing object | module-batch-concrete
Fra:1 Mem:74.29M (Peak 74.29M) | Time:00:00.06 | Mem:0.00M, Peak:0.00M | Scene, ViewLayer | Synchronizing object | module-batch-tactile-yellow
Fra:1 Mem:74.30M (Peak 74.30M) | Time:00:00.06 | Mem:0.00M, Peak:0.00M | Scene, ViewLayer | Synchronizing object | module-batch-concrete.001
Fra:1 Mem:74.30M (Peak 74.30M) | Time:00:00.06 | Mem:0.00M, Peak:0.00M | Scene, ViewLayer | Synchronizing object | module-batch-tactile-yellow.001
Fra:1 Mem:74.31M (Peak 74.31M) | Time:00:00.06 | Mem:0.00M, Peak:0.00M | Scene, ViewLayer | Synchronizing object | module-batch-concrete.002
Fra:1 Mem:74.31M (Peak 74.31M) | Time:00:00.06 | Mem:0.00M, Peak:0.00M | Scene, ViewLayer | Synchronizing object | module-batch-tactile-yellow.002
Fra:1 Mem:74.31M (Peak 74.31M) | Time:00:00.06 | Mem:0.00M, Peak:0.00M | Scene, ViewLayer | Synchronizing object | module-batch-concrete.003
Fra:1 Mem:74.32M (Peak 74.32M) | Time:00:00.06 | Mem:0.00M, Peak:0.00M | Scene, ViewLayer | Synchronizing object | module-batch-tactile-yellow.003
Fra:1 Mem:74.32M (Peak 74.32M) | Time:00:00.06 | Mem:0.00M, Peak:0.00M | Scene, ViewLayer | Synchronizing object | module-batch-concrete.004
Fra:1 Mem:74.33M (Peak 74.33M) | Time:00:00.06 | Mem:0.00M, Peak:0.00M | Scene, ViewLayer | Synchronizing object | module-batch-tactile-yellow.004
Fra:1 Mem:74.33M (Peak 74.33M) | Time:00:00.06 | Mem:0.00M, Peak:0.00M | Scene, ViewLayer | Synchronizing object | module-batch-concrete.005
Fra:1 Mem:74.34M (Peak 74.34M) | Time:00:00.06 | Mem:0.00M, Peak:0.00M | Scene, ViewLayer | Synchronizing object | module-batch-tactile-yellow.005
Fra:1 Mem:74.34M (Peak 74.34M) | Time:00:00.06 | Mem:0.00M, Peak:0.00M | Scene, ViewLayer | Synchronizing object | module-batch-concrete.006
Fra:1 Mem:74.35M (Peak 74.35M) | Time:00:00.06 | Mem:0.00M, Peak:0.00M | Scene, ViewLayer | Synchronizing object | module-batch-tactile-yellow.006
Fra:1 Mem:74.35M (Peak 74.35M) | Time:00:00.06 | Mem:0.00M, Peak:0.00M | Scene, ViewLayer | Synchronizing object | module-batch-concrete.007
Fra:1 Mem:74.35M (Peak 74.35M) | Time:00:00.06 | Mem:0.00M, Peak:0.00M | Scene, ViewLayer | Synchronizing object | module-batch-tactile-yellow.007
Fra:1 Mem:74.36M (Peak 74.36M) | Time:00:00.06 | Mem:0.00M, Peak:0.00M | Scene, ViewLayer | Synchronizing object | module-batch-concrete.008
Fra:1 Mem:74.36M (Peak 74.36M) | Time:00:00.06 | Mem:0.00M, Peak:0.00M | Scene, ViewLayer | Synchronizing object | module-batch-tactile-yellow.008
Fra:1 Mem:74.37M (Peak 74.37M) | Time:00:00.06 | Mem:0.00M, Peak:0.00M | Scene, ViewLayer | Synchronizing object | module-batch-concrete.009
Fra:1 Mem:74.37M (Peak 74.37M) | Time:00:00.06 | Mem:0.00M, Peak:0.00M | Scene, ViewLayer | Synchronizing object | module-batch-tactile-yellow.009
Fra:1 Mem:74.38M (Peak 74.38M) | Time:00:00.06 | Mem:0.00M, Peak:0.00M | Scene, ViewLayer | Synchronizing object | module-batch-concrete.010
Fra:1 Mem:74.38M (Peak 74.38M) | Time:00:00.06 | Mem:0.00M, Peak:0.00M | Scene, ViewLayer | Synchronizing object | module-batch-tactile-yellow.010
Fra:1 Mem:74.39M (Peak 74.39M) | Time:00:00.06 | Mem:0.00M, Peak:0.00M | Scene, ViewLayer | Synchronizing object | module-batch-concrete.011
Fra:1 Mem:74.39M (Peak 74.39M) | Time:00:00.06 | Mem:0.00M, Peak:0.00M | Scene, ViewLayer | Synchronizing object | module-batch-tactile-yellow.011
Fra:1 Mem:74.39M (Peak 74.39M) | Time:00:00.06 | Mem:0.00M, Peak:0.00M | Scene, ViewLayer | Synchronizing object | module-batch-concrete.012
Fra:1 Mem:74.40M (Peak 74.40M) | Time:00:00.06 | Mem:0.00M, Peak:0.00M | Scene, ViewLayer | Synchronizing object | module-batch-tactile-yellow.012
Fra:1 Mem:74.40M (Peak 74.40M) | Time:00:00.06 | Mem:0.00M, Peak:0.00M | Scene, ViewLayer | Synchronizing object | module-batch-concrete.013
Fra:1 Mem:74.41M (Peak 74.41M) | Time:00:00.06 | Mem:0.00M, Peak:0.00M | Scene, ViewLayer | Synchronizing object | module-batch-tactile-yellow.013
Fra:1 Mem:74.41M (Peak 74.41M) | Time:00:00.06 | Mem:0.00M, Peak:0.00M | Scene, ViewLayer | Synchronizing object | module-batch-concrete.014
Fra:1 Mem:74.42M (Peak 74.42M) | Time:00:00.06 | Mem:0.00M, Peak:0.00M | Scene, ViewLayer | Synchronizing object | module-batch-tactile-yellow.014
Fra:1 Mem:74.42M (Peak 74.42M) | Time:00:00.06 | Mem:0.00M, Peak:0.00M | Scene, ViewLayer | Synchronizing object | module-batch-concrete.015
Fra:1 Mem:74.43M (Peak 74.43M) | Time:00:00.06 | Mem:0.00M, Peak:0.00M | Scene, ViewLayer | Synchronizing object | module-batch-tactile-yellow.015
Fra:1 Mem:74.43M (Peak 74.43M) | Time:00:00.06 | Mem:0.00M, Peak:0.00M | Scene, ViewLayer | Synchronizing object | module-batch-concrete.016
Fra:1 Mem:74.44M (Peak 74.44M) | Time:00:00.06 | Mem:0.00M, Peak:0.00M | Scene, ViewLayer | Synchronizing object | module-batch-tactile-yellow.016
Fra:1 Mem:74.44M (Peak 74.44M) | Time:00:00.06 | Mem:0.00M, Peak:0.00M | Scene, ViewLayer | Synchronizing object | module-batch-concrete.017
Fra:1 Mem:74.45M (Peak 74.45M) | Time:00:00.06 | Mem:0.00M, Peak:0.00M | Scene, ViewLayer | Synchronizing object | module-batch-tactile-yellow.017
Fra:1 Mem:74.45M (Peak 74.45M) | Time:00:00.06 | Mem:0.00M, Peak:0.00M | Scene, ViewLayer | Synchronizing object | module-batch-concrete.018
Fra:1 Mem:74.46M (Peak 74.46M) | Time:00:00.06 | Mem:0.00M, Peak:0.00M | Scene, ViewLayer | Synchronizing object | module-batch-tactile-yellow.018
Fra:1 Mem:74.46M (Peak 74.46M) | Time:00:00.06 | Mem:0.00M, Peak:0.00M | Scene, ViewLayer | Synchronizing object | module-batch-concrete.019
Fra:1 Mem:74.47M (Peak 74.47M) | Time:00:00.06 | Mem:0.00M, Peak:0.00M | Scene, ViewLayer | Synchronizing object | module-batch-tactile-yellow.019
Fra:1 Mem:74.47M (Peak 74.47M) | Time:00:00.06 | Mem:0.00M, Peak:0.00M | Scene, ViewLayer | Synchronizing object | module-batch-concrete.020
Fra:1 Mem:74.48M (Peak 74.48M) | Time:00:00.06 | Mem:0.00M, Peak:0.00M | Scene, ViewLayer | Synchronizing object | module-batch-tactile-yellow.020
Fra:1 Mem:74.48M (Peak 74.48M) | Time:00:00.06 | Mem:0.00M, Peak:0.00M | Scene, ViewLayer | Synchronizing object | module-batch-concrete.021
Fra:1 Mem:74.49M (Peak 74.49M) | Time:00:00.06 | Mem:0.00M, Peak:0.00M | Scene, ViewLayer | Synchronizing object | module-batch-tactile-yellow.021
Fra:1 Mem:74.49M (Peak 74.49M) | Time:00:00.06 | Mem:0.00M, Peak:0.00M | Scene, ViewLayer | Synchronizing object | module-batch-concrete.022
Fra:1 Mem:74.50M (Peak 74.50M) | Time:00:00.06 | Mem:0.00M, Peak:0.00M | Scene, ViewLayer | Synchronizing object | module-batch-tactile-yellow.022
Fra:1 Mem:74.50M (Peak 74.50M) | Time:00:00.06 | Mem:0.00M, Peak:0.00M | Scene, ViewLayer | Synchronizing object | module-batch-concrete.023
Fra:1 Mem:74.51M (Peak 74.51M) | Time:00:00.06 | Mem:0.00M, Peak:0.00M | Scene, ViewLayer | Synchronizing object | module-batch-tactile-yellow.023
Fra:1 Mem:74.52M (Peak 74.52M) | Time:00:00.06 | Mem:0.00M, Peak:0.00M | Scene, ViewLayer | Synchronizing object | qa-ruler-tick.010
Fra:1 Mem:74.51M (Peak 74.52M) | Time:00:00.06 | Mem:0.00M, Peak:0.00M | Scene, ViewLayer | Synchronizing object | module-batch-concrete.024
Fra:1 Mem:74.52M (Peak 74.52M) | Time:00:00.06 | Mem:0.00M, Peak:0.00M | Scene, ViewLayer | Synchronizing object | module-batch-tactile-yellow.024
Fra:1 Mem:74.52M (Peak 74.52M) | Time:00:00.06 | Mem:0.00M, Peak:0.00M | Scene, ViewLayer | Synchronizing object | module-batch-concrete.025
Fra:1 Mem:74.53M (Peak 74.53M) | Time:00:00.06 | Mem:0.00M, Peak:0.00M | Scene, ViewLayer | Synchronizing object | qa-ruler-tick.009
Fra:1 Mem:74.52M (Peak 74.53M) | Time:00:00.06 | Mem:0.00M, Peak:0.00M | Scene, ViewLayer | Synchronizing object | module-batch-tactile-yellow.025
Fra:1 Mem:74.53M (Peak 74.53M) | Time:00:00.06 | Mem:0.00M, Peak:0.00M | Scene, ViewLayer | Synchronizing object | qa-ruler-tick.008
Fra:1 Mem:74.53M (Peak 74.53M) | Time:00:00.06 | Mem:0.00M, Peak:0.00M | Scene, ViewLayer | Synchronizing object | qa-ruler-tick.007
Fra:1 Mem:74.53M (Peak 74.53M) | Time:00:00.06 | Mem:0.00M, Peak:0.00M | Scene, ViewLayer | Synchronizing object | module-batch-concrete.026
Fra:1 Mem:74.53M (Peak 74.53M) | Time:00:00.06 | Mem:0.00M, Peak:0.00M | Scene, ViewLayer | Synchronizing object | qa-ruler-tick.006
Fra:1 Mem:74.55M (Peak 74.55M) | Time:00:00.06 | Mem:0.00M, Peak:0.00M | Scene, ViewLayer | Synchronizing object | qa-ruler-tick.005
Fra:1 Mem:74.55M (Peak 74.55M) | Time:00:00.06 | Mem:0.00M, Peak:0.00M | Scene, ViewLayer | Synchronizing object | qa-ruler-tick.004
Fra:1 Mem:74.55M (Peak 74.55M) | Time:00:00.06 | Mem:0.00M, Peak:0.00M | Scene, ViewLayer | Synchronizing object | qa-ruler-tick.003
Fra:1 Mem:74.54M (Peak 74.55M) | Time:00:00.06 | Mem:0.00M, Peak:0.00M | Scene, ViewLayer | Synchronizing object | qa-ruler-tick.002
Fra:1 Mem:74.55M (Peak 74.55M) | Time:00:00.06 | Mem:0.00M, Peak:0.00M | Scene, ViewLayer | Synchronizing object | qa-ruler-tick.001
Fra:1 Mem:74.55M (Peak 74.55M) | Time:00:00.06 | Mem:0.00M, Peak:0.00M | Scene, ViewLayer | Synchronizing object | qa-ruler-tick
Fra:1 Mem:74.55M (Peak 74.55M) | Time:00:00.06 | Mem:0.00M, Peak:0.00M | Scene, ViewLayer | Synchronizing object | qa-one-metre-ruler
Fra:1 Mem:74.55M (Peak 74.55M) | Time:00:00.06 | Mem:0.00M, Peak:0.00M | Scene, ViewLayer | Synchronizing object | qa-human-head.001
Fra:1 Mem:74.55M (Peak 74.55M) | Time:00:00.06 | Mem:0.00M, Peak:0.00M | Scene, ViewLayer | Synchronizing object | qa-human-arm.003
Fra:1 Mem:74.55M (Peak 74.55M) | Time:00:00.06 | Mem:0.00M, Peak:0.00M | Scene, ViewLayer | Synchronizing object | module-batch-tactile-yellow.026
Fra:1 Mem:74.57M (Peak 74.57M) | Time:00:00.06 | Mem:0.00M, Peak:0.00M | Scene, ViewLayer | Synchronizing object | module-batch-concrete.027
Fra:1 Mem:74.58M (Peak 74.58M) | Time:00:00.06 | Mem:0.00M, Peak:0.00M | Scene, ViewLayer | Synchronizing object | module-batch-tactile-yellow.027
Fra:1 Mem:74.57M (Peak 74.58M) | Time:00:00.06 | Mem:0.00M, Peak:0.00M | Scene, ViewLayer | Synchronizing object | qa-human-leg.003
Fra:1 Mem:74.57M (Peak 74.58M) | Time:00:00.06 | Mem:0.00M, Peak:0.00M | Scene, ViewLayer | Synchronizing object | module-batch-concrete.028
Fra:1 Mem:74.59M (Peak 74.59M) | Time:00:00.06 | Mem:0.00M, Peak:0.00M | Scene, ViewLayer | Synchronizing object | module-batch-tactile-yellow.028
Fra:1 Mem:74.58M (Peak 74.59M) | Time:00:00.06 | Mem:0.00M, Peak:0.00M | Scene, ViewLayer | Synchronizing object | qa-human-arm.002
Fra:1 Mem:74.60M (Peak 74.60M) | Time:00:00.06 | Mem:0.00M, Peak:0.00M | Scene, ViewLayer | Synchronizing object | module-batch-concrete.029
Fra:1 Mem:74.61M (Peak 74.61M) | Time:00:00.06 | Mem:0.00M, Peak:0.00M | Scene, ViewLayer | Synchronizing object | qa-human-leg.002
Fra:1 Mem:74.62M (Peak 74.62M) | Time:00:00.06 | Mem:0.00M, Peak:0.00M | Scene, ViewLayer | Synchronizing object | module-batch-tactile-yellow.029
Fra:1 Mem:74.63M (Peak 74.63M) | Time:00:00.06 | Mem:0.00M, Peak:0.00M | Scene, ViewLayer | Synchronizing object | module-batch-concrete.030
Fra:1 Mem:74.62M (Peak 74.63M) | Time:00:00.06 | Mem:0.00M, Peak:0.00M | Scene, ViewLayer | Synchronizing object | qa-human-torso.001
Fra:1 Mem:74.65M (Peak 74.65M) | Time:00:00.06 | Mem:0.00M, Peak:0.00M | Scene, ViewLayer | Synchronizing object | module-batch-tactile-yellow.030
Fra:1 Mem:74.65M (Peak 74.65M) | Time:00:00.06 | Mem:0.00M, Peak:0.00M | Scene, ViewLayer | Synchronizing object | qa-human-head
Fra:1 Mem:74.64M (Peak 74.65M) | Time:00:00.06 | Mem:0.00M, Peak:0.00M | Scene, ViewLayer | Synchronizing object | module-batch-concrete.031
Fra:1 Mem:74.67M (Peak 74.67M) | Time:00:00.06 | Mem:0.00M, Peak:0.00M | Scene, ViewLayer | Synchronizing object | qa-human-leg.001
Fra:1 Mem:74.66M (Peak 74.67M) | Time:00:00.06 | Mem:0.00M, Peak:0.00M | Scene, ViewLayer | Synchronizing object | module-batch-tactile-yellow.031
Fra:1 Mem:74.69M (Peak 74.69M) | Time:00:00.06 | Mem:0.00M, Peak:0.00M | Scene, ViewLayer | Synchronizing object | module-batch-concrete.032
Fra:1 Mem:74.70M (Peak 74.70M) | Time:00:00.06 | Mem:0.00M, Peak:0.00M | Scene, ViewLayer | Synchronizing object | qa-human-arm
Fra:1 Mem:74.70M (Peak 74.70M) | Time:00:00.06 | Mem:0.00M, Peak:0.00M | Scene, ViewLayer | Synchronizing object | module-batch-tactile-yellow.032
Fra:1 Mem:74.70M (Peak 74.70M) | Time:00:00.06 | Mem:0.00M, Peak:0.00M | Scene, ViewLayer | Synchronizing object | qa-human-leg
Fra:1 Mem:74.71M (Peak 74.71M) | Time:00:00.06 | Mem:0.00M, Peak:0.00M | Scene, ViewLayer | Synchronizing object | module-batch-concrete.033
Fra:1 Mem:74.73M (Peak 74.73M) | Time:00:00.06 | Mem:0.00M, Peak:0.00M | Scene, ViewLayer | Synchronizing object | qa-human-torso
Fra:1 Mem:74.73M (Peak 74.73M) | Time:00:00.06 | Mem:0.00M, Peak:0.00M | Scene, ViewLayer | Synchronizing object | module-batch-tactile-yellow.033
Fra:1 Mem:74.74M (Peak 74.74M) | Time:00:00.06 | Mem:0.00M, Peak:0.00M | Scene, ViewLayer | Synchronizing object | qa-rail.001
Fra:1 Mem:74.73M (Peak 74.74M) | Time:00:00.06 | Mem:0.00M, Peak:0.00M | Scene, ViewLayer | Synchronizing object | module-batch-concrete.034
Fra:1 Mem:74.73M (Peak 74.74M) | Time:00:00.06 | Mem:0.00M, Peak:0.00M | Scene, ViewLayer | Synchronizing object | qa-rail
Fra:1 Mem:74.75M (Peak 74.75M) | Time:00:00.06 | Mem:0.00M, Peak:0.00M | Scene, ViewLayer | Synchronizing object | qa-ground
Fra:1 Mem:74.74M (Peak 74.75M) | Time:00:00.06 | Mem:0.00M, Peak:0.00M | Scene, ViewLayer | Synchronizing object | module-batch-tactile-yellow.048
Fra:1 Mem:74.76M (Peak 74.76M) | Time:00:00.06 | Mem:0.00M, Peak:0.00M | Scene, ViewLayer | Synchronizing object | module-batch-tactile-yellow.034
Fra:1 Mem:74.75M (Peak 74.76M) | Time:00:00.06 | Mem:0.00M, Peak:0.00M | Scene, ViewLayer | Synchronizing object | module-batch-concrete.035
Fra:1 Mem:74.75M (Peak 74.76M) | Time:00:00.06 | Mem:0.00M, Peak:0.00M | Scene, ViewLayer | Synchronizing object | module-batch-painted-metal.012
Fra:1 Mem:74.76M (Peak 74.76M) | Time:00:00.06 | Mem:0.00M, Peak:0.00M | Scene, ViewLayer | Synchronizing object | module-batch-tactile-yellow.035
Fra:1 Mem:74.75M (Peak 74.76M) | Time:00:00.06 | Mem:0.00M, Peak:0.00M | Scene, ViewLayer | Synchronizing object | module-batch-tactile-yellow.047
Fra:1 Mem:74.77M (Peak 74.77M) | Time:00:00.06 | Mem:0.00M, Peak:0.00M | Scene, ViewLayer | Synchronizing object | module-batch-concrete.036
Fra:1 Mem:74.78M (Peak 74.78M) | Time:00:00.06 | Mem:0.00M, Peak:0.00M | Scene, ViewLayer | Synchronizing object | module-batch-painted-metal.011
Fra:1 Mem:74.77M (Peak 74.78M) | Time:00:00.06 | Mem:0.00M, Peak:0.00M | Scene, ViewLayer | Synchronizing object | module-batch-tactile-yellow.036
Fra:1 Mem:74.77M (Peak 74.78M) | Time:00:00.06 | Mem:0.00M, Peak:0.00M | Scene, ViewLayer | Synchronizing object | module-batch-tactile-yellow.046
Fra:1 Mem:74.79M (Peak 74.79M) | Time:00:00.06 | Mem:0.00M, Peak:0.00M | Scene, ViewLayer | Synchronizing object | module-batch-painted-metal
Fra:1 Mem:74.78M (Peak 74.79M) | Time:00:00.06 | Mem:0.00M, Peak:0.00M | Scene, ViewLayer | Synchronizing object | module-batch-painted-metal.010
Fra:1 Mem:74.80M (Peak 74.80M) | Time:00:00.06 | Mem:0.00M, Peak:0.00M | Scene, ViewLayer | Synchronizing object | module-batch-tactile-yellow.045
Fra:1 Mem:74.80M (Peak 74.80M) | Time:00:00.06 | Mem:0.00M, Peak:0.00M | Scene, ViewLayer | Synchronizing object | module-batch-sign-face
Fra:1 Mem:74.80M (Peak 74.80M) | Time:00:00.06 | Mem:0.00M, Peak:0.00M | Scene, ViewLayer | Synchronizing object | module-batch-painted-metal.009
Fra:1 Mem:74.81M (Peak 74.81M) | Time:00:00.06 | Mem:0.00M, Peak:0.00M | Scene, ViewLayer | Synchronizing object | module-batch-sign-symbol
Fra:1 Mem:74.80M (Peak 74.81M) | Time:00:00.06 | Mem:0.00M, Peak:0.00M | Scene, ViewLayer | Synchronizing object | module-batch-tactile-yellow.044
Fra:1 Mem:74.83M (Peak 74.83M) | Time:00:00.06 | Mem:0.00M, Peak:0.00M | Scene, ViewLayer | Synchronizing object | module-batch-painted-metal.008
Fra:1 Mem:74.82M (Peak 74.83M) | Time:00:00.06 | Mem:0.00M, Peak:0.00M | Scene, ViewLayer | Synchronizing object | body-shell
Fra:1 Mem:74.82M (Peak 74.83M) | Time:00:00.06 | Mem:0.00M, Peak:0.00M | Scene, ViewLayer | Synchronizing object | module-batch-tactile-yellow.043
Fra:1 Mem:74.85M (Peak 74.85M) | Time:00:00.06 | Mem:0.00M, Peak:0.00M | Scene, ViewLayer | Synchronizing object | module-batch-painted-metal.007
Fra:1 Mem:75.13M (Peak 75.13M) | Time:00:00.06 | Mem:0.00M, Peak:0.00M | Scene, ViewLayer | Synchronizing object | module-batch-tactile-yellow.042
Fra:1 Mem:75.14M (Peak 75.14M) | Time:00:00.06 | Mem:0.00M, Peak:0.00M | Scene, ViewLayer | Synchronizing object | module-batch-painted-metal.006
Fra:1 Mem:75.19M (Peak 75.19M) | Time:00:00.06 | Mem:0.00M, Peak:0.00M | Scene, ViewLayer | Synchronizing object | module-batch-tactile-yellow.041
Fra:1 Mem:75.21M (Peak 75.21M) | Time:00:00.06 | Mem:0.00M, Peak:0.00M | Scene, ViewLayer | Synchronizing object | module-batch-painted-metal.005
Fra:1 Mem:74.96M (Peak 75.21M) | Time:00:00.06 | Mem:0.00M, Peak:0.00M | Scene, ViewLayer | Synchronizing object | module-batch-tactile-yellow.040
Fra:1 Mem:75.01M (Peak 75.21M) | Time:00:00.06 | Mem:0.00M, Peak:0.00M | Scene, ViewLayer | Synchronizing object | module-batch-painted-metal.004
Fra:1 Mem:75.01M (Peak 75.21M) | Time:00:00.06 | Mem:0.00M, Peak:0.00M | Scene, ViewLayer | Synchronizing object | module-batch-tactile-yellow.039
Fra:1 Mem:75.16M (Peak 75.21M) | Time:00:00.06 | Mem:0.00M, Peak:0.00M | Scene, ViewLayer | Synchronizing object | module-batch-painted-metal.003
Fra:1 Mem:75.16M (Peak 75.21M) | Time:00:00.06 | Mem:0.00M, Peak:0.00M | Scene, ViewLayer | Synchronizing object | module-batch-tactile-yellow.038
Fra:1 Mem:75.17M (Peak 75.21M) | Time:00:00.06 | Mem:0.00M, Peak:0.00M | Scene, ViewLayer | Synchronizing object | module-batch-painted-metal.002
Fra:1 Mem:75.15M (Peak 75.21M) | Time:00:00.06 | Mem:0.00M, Peak:0.00M | Scene, ViewLayer | Synchronizing object | module-batch-tactile-yellow.037
Fra:1 Mem:75.04M (Peak 75.21M) | Time:00:00.06 | Mem:0.00M, Peak:0.00M | Scene, ViewLayer | Synchronizing object | module-batch-painted-metal.001
Fra:1 Mem:75.00M (Peak 75.21M) | Time:00:00.06 | Mem:0.00M, Peak:0.00M | Scene, ViewLayer | Synchronizing object | bogie-front-frame
Fra:1 Mem:75.01M (Peak 75.21M) | Time:00:00.06 | Mem:0.00M, Peak:0.00M | Scene, ViewLayer | Synchronizing object | interior-batch-metro-seat.003
Fra:1 Mem:75.10M (Peak 75.21M) | Time:00:00.06 | Mem:0.00M, Peak:0.00M | Scene, ViewLayer | Synchronizing object | bogie-rear-frame
Fra:1 Mem:75.12M (Peak 75.21M) | Time:00:00.06 | Mem:0.00M, Peak:0.00M | Scene, ViewLayer | Synchronizing object | door-left-center-a
Fra:1 Mem:75.14M (Peak 75.21M) | Time:00:00.06 | Mem:0.00M, Peak:0.00M | Scene, ViewLayer | Synchronizing object | door-left-center-b
Fra:1 Mem:75.12M (Peak 75.21M) | Time:00:00.06 | Mem:0.00M, Peak:0.00M | Scene, ViewLayer | Synchronizing object | door-left-front-a
Fra:1 Mem:75.08M (Peak 75.21M) | Time:00:00.06 | Mem:0.00M, Peak:0.00M | Scene, ViewLayer | Synchronizing object | interior-batch-metro-priority-seat.003
Fra:1 Mem:75.08M (Peak 75.21M) | Time:00:00.06 | Mem:0.00M, Peak:0.00M | Scene, ViewLayer | Synchronizing object | door-left-front-b
Fra:1 Mem:75.10M (Peak 75.21M) | Time:00:00.06 | Mem:0.00M, Peak:0.00M | Scene, ViewLayer | Synchronizing object | interior-batch-metro-screen.003
Fra:1 Mem:75.10M (Peak 75.21M) | Time:00:00.06 | Mem:0.00M, Peak:0.00M | Scene, ViewLayer | Synchronizing object | door-left-rear-a
Fra:1 Mem:75.12M (Peak 75.21M) | Time:00:00.07 | Mem:0.00M, Peak:0.00M | Scene, ViewLayer | Synchronizing object | interior-batch-metro-rail.003
Fra:1 Mem:75.17M (Peak 75.21M) | Time:00:00.07 | Mem:0.00M, Peak:0.00M | Scene, ViewLayer | Synchronizing object | door-left-rear-b
Fra:1 Mem:75.18M (Peak 75.21M) | Time:00:00.07 | Mem:0.00M, Peak:0.00M | Scene, ViewLayer | Synchronizing object | door-right-center-a
Fra:1 Mem:75.16M (Peak 75.21M) | Time:00:00.07 | Mem:0.00M, Peak:0.00M | Scene, ViewLayer | Synchronizing object | interior-batch-metro-floor.003
Fra:1 Mem:75.16M (Peak 75.21M) | Time:00:00.07 | Mem:0.00M, Peak:0.00M | Scene, ViewLayer | Synchronizing object | door-right-center-b
Fra:1 Mem:75.16M (Peak 75.21M) | Time:00:00.07 | Mem:0.00M, Peak:0.00M | Scene, ViewLayer | Synchronizing object | interior-batch-metro-wall.003
Fra:1 Mem:75.21M (Peak 75.21M) | Time:00:00.07 | Mem:0.00M, Peak:0.00M | Scene, ViewLayer | Synchronizing object | door-right-front-a
Fra:1 Mem:75.21M (Peak 75.21M) | Time:00:00.07 | Mem:0.00M, Peak:0.00M | Scene, ViewLayer | Synchronizing object | door-right-front-b
Fra:1 Mem:75.21M (Peak 75.21M) | Time:00:00.07 | Mem:0.00M, Peak:0.00M | Scene, ViewLayer | Synchronizing object | wheel-rear-rear-right.003
Fra:1 Mem:75.23M (Peak 75.23M) | Time:00:00.07 | Mem:0.00M, Peak:0.00M | Scene, ViewLayer | Synchronizing object | wheel-rear-rear-left.003
Fra:1 Mem:75.24M (Peak 75.24M) | Time:00:00.07 | Mem:0.00M, Peak:0.00M | Scene, ViewLayer | Synchronizing object | door-right-rear-a
Fra:1 Mem:75.25M (Peak 75.25M) | Time:00:00.07 | Mem:0.00M, Peak:0.00M | Scene, ViewLayer | Synchronizing object | wheel-rear-front-right.003
Fra:1 Mem:75.26M (Peak 75.26M) | Time:00:00.07 | Mem:0.00M, Peak:0.00M | Scene, ViewLayer | Synchronizing object | wheel-rear-front-left.003
Fra:1 Mem:75.24M (Peak 75.26M) | Time:00:00.07 | Mem:0.00M, Peak:0.00M | Scene, ViewLayer | Synchronizing object | door-right-rear-b
Fra:1 Mem:75.28M (Peak 75.28M) | Time:00:00.07 | Mem:0.00M, Peak:0.00M | Scene, ViewLayer | Synchronizing object | wheel-front-rear-right.003
Fra:1 Mem:75.26M (Peak 75.28M) | Time:00:00.07 | Mem:0.00M, Peak:0.00M | Scene, ViewLayer | Synchronizing object | glass
Fra:1 Mem:75.26M (Peak 75.28M) | Time:00:00.07 | Mem:0.00M, Peak:0.00M | Scene, ViewLayer | Synchronizing object | wheel-front-rear-left.003
Fra:1 Mem:75.33M (Peak 75.33M) | Time:00:00.07 | Mem:0.00M, Peak:0.00M | Scene, ViewLayer | Synchronizing object | wheel-front-front-right.003
Fra:1 Mem:75.30M (Peak 75.33M) | Time:00:00.07 | Mem:0.00M, Peak:0.00M | Scene, ViewLayer | Synchronizing object | wheel-front-front-left.003
Fra:1 Mem:75.33M (Peak 75.33M) | Time:00:00.07 | Mem:0.00M, Peak:0.00M | Scene, ViewLayer | Synchronizing object | lights.001
Fra:1 Mem:75.31M (Peak 75.33M) | Time:00:00.07 | Mem:0.00M, Peak:0.00M | Scene, ViewLayer | Synchronizing object | lights
Fra:1 Mem:75.30M (Peak 75.33M) | Time:00:00.07 | Mem:0.00M, Peak:0.00M | Scene, ViewLayer | Synchronizing object | glass.003
Fra:1 Mem:75.38M (Peak 75.38M) | Time:00:00.07 | Mem:0.00M, Peak:0.00M | Scene, ViewLayer | Synchronizing object | wheel-front-front-left
Fra:1 Mem:75.37M (Peak 75.38M) | Time:00:00.07 | Mem:0.00M, Peak:0.00M | Scene, ViewLayer | Synchronizing object | wheel-front-front-right
Fra:1 Mem:75.35M (Peak 75.38M) | Time:00:00.07 | Mem:0.00M, Peak:0.00M | Scene, ViewLayer | Synchronizing object | door-right-rear-b.003
Fra:1 Mem:75.34M (Peak 75.38M) | Time:00:00.07 | Mem:0.00M, Peak:0.00M | Scene, ViewLayer | Synchronizing object | wheel-front-rear-left
Fra:1 Mem:75.37M (Peak 75.38M) | Time:00:00.07 | Mem:0.00M, Peak:0.00M | Scene, ViewLayer | Synchronizing object | wheel-front-rear-right
Fra:1 Mem:75.36M (Peak 75.38M) | Time:00:00.07 | Mem:0.00M, Peak:0.00M | Scene, ViewLayer | Synchronizing object | door-right-rear-a.003
Fra:1 Mem:75.38M (Peak 75.38M) | Time:00:00.07 | Mem:0.00M, Peak:0.00M | Scene, ViewLayer | Synchronizing object | wheel-rear-front-left
Fra:1 Mem:75.38M (Peak 75.38M) | Time:00:00.07 | Mem:0.00M, Peak:0.00M | Scene, ViewLayer | Synchronizing object | wheel-rear-front-right
Fra:1 Mem:75.37M (Peak 75.38M) | Time:00:00.07 | Mem:0.00M, Peak:0.00M | Scene, ViewLayer | Synchronizing object | door-right-front-b.003
Fra:1 Mem:75.41M (Peak 75.41M) | Time:00:00.07 | Mem:0.00M, Peak:0.00M | Scene, ViewLayer | Synchronizing object | wheel-rear-rear-left
Fra:1 Mem:75.39M (Peak 75.41M) | Time:00:00.07 | Mem:0.00M, Peak:0.00M | Scene, ViewLayer | Synchronizing object | door-right-front-a.003
Fra:1 Mem:75.39M (Peak 75.41M) | Time:00:00.07 | Mem:0.00M, Peak:0.00M | Scene, ViewLayer | Synchronizing object | wheel-rear-rear-right
Fra:1 Mem:75.42M (Peak 75.42M) | Time:00:00.07 | Mem:0.00M, Peak:0.00M | Scene, ViewLayer | Synchronizing object | interior-batch-metro-wall
Fra:1 Mem:75.41M (Peak 75.42M) | Time:00:00.07 | Mem:0.00M, Peak:0.00M | Scene, ViewLayer | Synchronizing object | door-right-center-b.003
Fra:1 Mem:75.51M (Peak 75.51M) | Time:00:00.07 | Mem:0.00M, Peak:0.00M | Scene, ViewLayer | Synchronizing object | door-right-center-a.003
Fra:1 Mem:75.49M (Peak 75.51M) | Time:00:00.07 | Mem:0.00M, Peak:0.00M | Scene, ViewLayer | Synchronizing object | door-left-rear-b.003
Fra:1 Mem:75.49M (Peak 75.51M) | Time:00:00.07 | Mem:0.00M, Peak:0.00M | Scene, ViewLayer | Synchronizing object | interior-batch-metro-floor
Fra:1 Mem:75.47M (Peak 75.51M) | Time:00:00.07 | Mem:0.00M, Peak:0.00M | Scene, ViewLayer | Synchronizing object | door-left-rear-a.003
Fra:1 Mem:75.47M (Peak 75.51M) | Time:00:00.07 | Mem:0.00M, Peak:0.00M | Scene, ViewLayer | Synchronizing object | interior-batch-metro-rail
Fra:1 Mem:75.50M (Peak 75.51M) | Time:00:00.07 | Mem:0.00M, Peak:0.00M | Scene, ViewLayer | Synchronizing object | door-left-front-b.003
Fra:1 Mem:75.51M (Peak 75.51M) | Time:00:00.07 | Mem:0.00M, Peak:0.00M | Scene, ViewLayer | Synchronizing object | door-left-front-a.003
Fra:1 Mem:75.51M (Peak 75.51M) | Time:00:00.07 | Mem:0.00M, Peak:0.00M | Scene, ViewLayer | Synchronizing object | interior-batch-metro-screen
Fra:1 Mem:75.53M (Peak 75.53M) | Time:00:00.07 | Mem:0.00M, Peak:0.00M | Scene, ViewLayer | Synchronizing object | door-left-center-b.003
Fra:1 Mem:75.53M (Peak 75.53M) | Time:00:00.07 | Mem:0.00M, Peak:0.00M | Scene, ViewLayer | Synchronizing object | interior-batch-metro-priority-seat
Fra:1 Mem:75.54M (Peak 75.54M) | Time:00:00.07 | Mem:0.00M, Peak:0.00M | Scene, ViewLayer | Synchronizing object | door-left-center-a.003
Fra:1 Mem:75.55M (Peak 75.55M) | Time:00:00.07 | Mem:0.00M, Peak:0.00M | Scene, ViewLayer | Synchronizing object | interior-batch-metro-seat
Fra:1 Mem:75.65M (Peak 75.65M) | Time:00:00.07 | Mem:0.00M, Peak:0.00M | Scene, ViewLayer | Synchronizing object | bogie-rear-frame.003
Fra:1 Mem:75.58M (Peak 75.65M) | Time:00:00.07 | Mem:0.00M, Peak:0.00M | Scene, ViewLayer | Synchronizing object | bogie-front-frame.003
Fra:1 Mem:75.61M (Peak 75.65M) | Time:00:00.07 | Mem:0.00M, Peak:0.00M | Scene, ViewLayer | Synchronizing object | body-shell.003
Fra:1 Mem:75.90M (Peak 75.90M) | Time:00:00.07 | Mem:0.00M, Peak:0.00M | Scene, ViewLayer | Synchronizing object | body-shell.001
Fra:1 Mem:76.14M (Peak 76.14M) | Time:00:00.07 | Mem:0.00M, Peak:0.00M | Scene, ViewLayer | Synchronizing object | interior-batch-metro-seat.002
Fra:1 Mem:75.88M (Peak 76.14M) | Time:00:00.07 | Mem:0.00M, Peak:0.00M | Scene, ViewLayer | Synchronizing object | interior-batch-metro-priority-seat.002
Fra:1 Mem:75.94M (Peak 76.14M) | Time:00:00.07 | Mem:0.00M, Peak:0.00M | Scene, ViewLayer | Synchronizing object | interior-batch-metro-screen.002
Fra:1 Mem:76.09M (Peak 76.14M) | Time:00:00.07 | Mem:0.00M, Peak:0.00M | Scene, ViewLayer | Synchronizing object | interior-batch-metro-rail.002
Fra:1 Mem:76.10M (Peak 76.14M) | Time:00:00.07 | Mem:0.00M, Peak:0.00M | Scene, ViewLayer | Synchronizing object | interior-batch-metro-floor.002
Fra:1 Mem:76.11M (Peak 76.14M) | Time:00:00.07 | Mem:0.00M, Peak:0.00M | Scene, ViewLayer | Synchronizing object | interior-batch-metro-wall.002
Fra:1 Mem:76.01M (Peak 76.14M) | Time:00:00.07 | Mem:0.00M, Peak:0.00M | Scene, ViewLayer | Synchronizing object | wheel-rear-rear-right.002
Fra:1 Mem:75.97M (Peak 76.14M) | Time:00:00.07 | Mem:0.00M, Peak:0.00M | Scene, ViewLayer | Synchronizing object | bogie-front-frame.001
Fra:1 Mem:75.98M (Peak 76.14M) | Time:00:00.07 | Mem:0.00M, Peak:0.00M | Scene, ViewLayer | Synchronizing object | wheel-rear-rear-left.002
Fra:1 Mem:75.99M (Peak 76.14M) | Time:00:00.07 | Mem:0.00M, Peak:0.00M | Scene, ViewLayer | Synchronizing object | bogie-rear-frame.001
Fra:1 Mem:75.99M (Peak 76.14M) | Time:00:00.07 | Mem:0.00M, Peak:0.00M | Scene, ViewLayer | Synchronizing object | wheel-rear-front-right.002
Fra:1 Mem:76.00M (Peak 76.14M) | Time:00:00.07 | Mem:0.00M, Peak:0.00M | Scene, ViewLayer | Synchronizing object | door-left-center-a.001
Fra:1 Mem:76.01M (Peak 76.14M) | Time:00:00.07 | Mem:0.00M, Peak:0.00M | Scene, ViewLayer | Synchronizing object | door-left-center-b.001
Fra:1 Mem:76.01M (Peak 76.14M) | Time:00:00.07 | Mem:0.00M, Peak:0.00M | Scene, ViewLayer | Synchronizing object | door-left-front-a.001
Fra:1 Mem:76.01M (Peak 76.14M) | Time:00:00.07 | Mem:0.00M, Peak:0.00M | Scene, ViewLayer | Synchronizing object | wheel-rear-front-left.002
Fra:1 Mem:76.02M (Peak 76.14M) | Time:00:00.07 | Mem:0.00M, Peak:0.00M | Scene, ViewLayer | Synchronizing object | door-left-front-b.001
Fra:1 Mem:76.02M (Peak 76.14M) | Time:00:00.07 | Mem:0.00M, Peak:0.00M | Scene, ViewLayer | Synchronizing object | wheel-front-rear-right.002
Fra:1 Mem:76.05M (Peak 76.14M) | Time:00:00.07 | Mem:0.00M, Peak:0.00M | Scene, ViewLayer | Synchronizing object | wheel-front-rear-left.002
Fra:1 Mem:76.05M (Peak 76.14M) | Time:00:00.07 | Mem:0.00M, Peak:0.00M | Scene, ViewLayer | Synchronizing object | door-left-rear-a.001
Fra:1 Mem:76.07M (Peak 76.14M) | Time:00:00.07 | Mem:0.00M, Peak:0.00M | Scene, ViewLayer | Synchronizing object | wheel-front-front-right.002
Fra:1 Mem:76.06M (Peak 76.14M) | Time:00:00.07 | Mem:0.00M, Peak:0.00M | Scene, ViewLayer | Synchronizing object | door-left-rear-b.001
Fra:1 Mem:76.06M (Peak 76.14M) | Time:00:00.07 | Mem:0.00M, Peak:0.00M | Scene, ViewLayer | Synchronizing object | wheel-front-front-left.002
Fra:1 Mem:76.06M (Peak 76.14M) | Time:00:00.07 | Mem:0.00M, Peak:0.00M | Scene, ViewLayer | Synchronizing object | door-right-center-a.001
Fra:1 Mem:76.09M (Peak 76.14M) | Time:00:00.07 | Mem:0.00M, Peak:0.00M | Scene, ViewLayer | Synchronizing object | glass.002
Fra:1 Mem:76.08M (Peak 76.14M) | Time:00:00.07 | Mem:0.00M, Peak:0.00M | Scene, ViewLayer | Synchronizing object | door-right-center-b.001
Fra:1 Mem:76.14M (Peak 76.14M) | Time:00:00.07 | Mem:0.00M, Peak:0.00M | Scene, ViewLayer | Synchronizing object | door-right-front-a.001
Fra:1 Mem:76.14M (Peak 76.14M) | Time:00:00.07 | Mem:0.00M, Peak:0.00M | Scene, ViewLayer | Synchronizing object | door-right-rear-b.002
Fra:1 Mem:76.15M (Peak 76.15M) | Time:00:00.07 | Mem:0.00M, Peak:0.00M | Scene, ViewLayer | Synchronizing object | door-right-front-b.001
Fra:1 Mem:76.16M (Peak 76.16M) | Time:00:00.07 | Mem:0.00M, Peak:0.00M | Scene, ViewLayer | Synchronizing object | door-right-rear-a.002
Fra:1 Mem:76.15M (Peak 76.16M) | Time:00:00.07 | Mem:0.00M, Peak:0.00M | Scene, ViewLayer | Synchronizing object | door-right-rear-a.001
Fra:1 Mem:76.18M (Peak 76.18M) | Time:00:00.07 | Mem:0.00M, Peak:0.00M | Scene, ViewLayer | Synchronizing object | door-right-front-b.002
Fra:1 Mem:76.18M (Peak 76.18M) | Time:00:00.07 | Mem:0.00M, Peak:0.00M | Scene, ViewLayer | Synchronizing object | door-right-rear-b.001
Fra:1 Mem:76.17M (Peak 76.18M) | Time:00:00.07 | Mem:0.00M, Peak:0.00M | Scene, ViewLayer | Synchronizing object | door-right-front-a.002
Fra:1 Mem:76.19M (Peak 76.19M) | Time:00:00.07 | Mem:0.00M, Peak:0.00M | Scene, ViewLayer | Synchronizing object | door-right-center-b.002
Fra:1 Mem:76.19M (Peak 76.19M) | Time:00:00.07 | Mem:0.00M, Peak:0.00M | Scene, ViewLayer | Synchronizing object | glass.001
Fra:1 Mem:76.27M (Peak 76.27M) | Time:00:00.07 | Mem:0.00M, Peak:0.00M | Scene, ViewLayer | Synchronizing object | door-right-center-a.002
Fra:1 Mem:76.25M (Peak 76.27M) | Time:00:00.07 | Mem:0.00M, Peak:0.00M | Scene, ViewLayer | Synchronizing object | wheel-front-front-left.001
Fra:1 Mem:76.25M (Peak 76.27M) | Time:00:00.07 | Mem:0.00M, Peak:0.00M | Scene, ViewLayer | Synchronizing object | wheel-front-front-right.001
Fra:1 Mem:76.25M (Peak 76.27M) | Time:00:00.07 | Mem:0.00M, Peak:0.00M | Scene, ViewLayer | Synchronizing object | door-left-rear-b.002
Fra:1 Mem:76.24M (Peak 76.27M) | Time:00:00.07 | Mem:0.00M, Peak:0.00M | Scene, ViewLayer | Synchronizing object | wheel-front-rear-left.001
Fra:1 Mem:76.26M (Peak 76.27M) | Time:00:00.07 | Mem:0.00M, Peak:0.00M | Scene, ViewLayer | Synchronizing object | wheel-front-rear-right.001
Fra:1 Mem:76.26M (Peak 76.27M) | Time:00:00.07 | Mem:0.00M, Peak:0.00M | Scene, ViewLayer | Synchronizing object | door-left-rear-a.002
Fra:1 Mem:76.26M (Peak 76.27M) | Time:00:00.07 | Mem:0.00M, Peak:0.00M | Scene, ViewLayer | Synchronizing object | wheel-rear-front-left.001
Fra:1 Mem:76.28M (Peak 76.28M) | Time:00:00.07 | Mem:0.00M, Peak:0.00M | Scene, ViewLayer | Synchronizing object | door-left-front-b.002
Fra:1 Mem:76.28M (Peak 76.28M) | Time:00:00.07 | Mem:0.00M, Peak:0.00M | Scene, ViewLayer | Synchronizing object | door-left-front-a.002
Fra:1 Mem:76.28M (Peak 76.28M) | Time:00:00.07 | Mem:0.00M, Peak:0.00M | Scene, ViewLayer | Synchronizing object | wheel-rear-front-right.001
Fra:1 Mem:76.29M (Peak 76.29M) | Time:00:00.07 | Mem:0.00M, Peak:0.00M | Scene, ViewLayer | Synchronizing object | door-left-center-b.002
Fra:1 Mem:76.30M (Peak 76.30M) | Time:00:00.07 | Mem:0.00M, Peak:0.00M | Scene, ViewLayer | Synchronizing object | door-left-center-a.002
Fra:1 Mem:76.32M (Peak 76.32M) | Time:00:00.07 | Mem:0.00M, Peak:0.00M | Scene, ViewLayer | Synchronizing object | bogie-rear-frame.002
Fra:1 Mem:76.32M (Peak 76.32M) | Time:00:00.07 | Mem:0.00M, Peak:0.00M | Scene, ViewLayer | Synchronizing object | wheel-rear-rear-left.001
Fra:1 Mem:76.32M (Peak 76.32M) | Time:00:00.07 | Mem:0.00M, Peak:0.00M | Scene, ViewLayer | Synchronizing object | bogie-front-frame.002
Fra:1 Mem:76.33M (Peak 76.33M) | Time:00:00.07 | Mem:0.00M, Peak:0.00M | Scene, ViewLayer | Synchronizing object | body-shell.002
Fra:1 Mem:76.33M (Peak 76.33M) | Time:00:00.07 | Mem:0.00M, Peak:0.00M | Scene, ViewLayer | Synchronizing object | wheel-rear-rear-right.001
Fra:1 Mem:76.45M (Peak 76.45M) | Time:00:00.07 | Mem:0.00M, Peak:0.00M | Scene, ViewLayer | Synchronizing object | interior-batch-metro-wall.001
Fra:1 Mem:76.53M (Peak 76.53M) | Time:00:00.07 | Mem:0.00M, Peak:0.00M | Scene, ViewLayer | Synchronizing object | interior-batch-metro-floor.001
Fra:1 Mem:76.68M (Peak 76.68M) | Time:00:00.07 | Mem:0.00M, Peak:0.00M | Scene, ViewLayer | Synchronizing object | interior-batch-metro-rail.001
Fra:1 Mem:76.64M (Peak 76.68M) | Time:00:00.07 | Mem:0.00M, Peak:0.00M | Scene, ViewLayer | Synchronizing object | interior-batch-metro-screen.001
Fra:1 Mem:76.57M (Peak 76.68M) | Time:00:00.07 | Mem:0.00M, Peak:0.00M | Scene, ViewLayer | Synchronizing object | interior-batch-metro-priority-seat.001
Fra:1 Mem:76.55M (Peak 76.68M) | Time:00:00.07 | Mem:0.00M, Peak:0.00M | Scene, ViewLayer | Synchronizing object | interior-batch-metro-seat.001
Fra:1 Mem:76.57M (Peak 76.68M) | Time:00:00.07 | Mem:0.00M, Peak:0.00M | Scene, ViewLayer | Initializing
Fra:1 Mem:51.76M (Peak 76.68M) | Time:00:00.08 | Mem:0.00M, Peak:0.00M | Scene, ViewLayer | Waiting for render to start
Fra:1 Mem:51.76M (Peak 76.68M) | Time:00:00.08 | Mem:0.00M, Peak:0.00M | Scene, ViewLayer | Loading render kernels (may take a few minutes the first time)
Fra:1 Mem:51.76M (Peak 76.68M) | Time:00:00.08 | Mem:0.00M, Peak:0.00M | Scene, ViewLayer | Updating Scene
Fra:1 Mem:51.76M (Peak 76.68M) | Time:00:00.08 | Mem:0.00M, Peak:0.00M | Scene, ViewLayer | Updating Shaders
Fra:1 Mem:51.94M (Peak 76.68M) | Time:00:00.08 | Mem:0.11M, Peak:0.11M | Scene, ViewLayer | Updating Procedurals
Fra:1 Mem:51.94M (Peak 76.68M) | Time:00:00.08 | Mem:0.11M, Peak:0.11M | Scene, ViewLayer | Updating Background
Fra:1 Mem:51.94M (Peak 76.68M) | Time:00:00.08 | Mem:0.11M, Peak:0.11M | Scene, ViewLayer | Updating Camera
Fra:1 Mem:51.94M (Peak 76.68M) | Time:00:00.08 | Mem:0.11M, Peak:0.11M | Scene, ViewLayer | Updating Meshes Flags
Fra:1 Mem:51.94M (Peak 76.68M) | Time:00:00.08 | Mem:0.11M, Peak:0.11M | Scene, ViewLayer | Updating Objects
Fra:1 Mem:51.94M (Peak 76.68M) | Time:00:00.08 | Mem:0.11M, Peak:0.11M | Scene, ViewLayer | Updating Objects | Copying Transformations to device
Fra:1 Mem:52.00M (Peak 76.68M) | Time:00:00.08 | Mem:0.16M, Peak:0.16M | Scene, ViewLayer | Updating Objects | Applying Static Transformations
Fra:1 Mem:52.00M (Peak 76.68M) | Time:00:00.08 | Mem:0.16M, Peak:0.16M | Scene, ViewLayer | Updating Particle Systems
Fra:1 Mem:52.00M (Peak 76.68M) | Time:00:00.08 | Mem:0.16M, Peak:0.16M | Scene, ViewLayer | Updating Particle Systems | Copying Particles to device
Fra:1 Mem:52.00M (Peak 76.68M) | Time:00:00.08 | Mem:0.16M, Peak:0.16M | Scene, ViewLayer | Updating Meshes
Fra:1 Mem:52.23M (Peak 76.68M) | Time:00:00.09 | Mem:0.16M, Peak:0.16M | Scene, ViewLayer | Updating Mesh | Computing attributes
Fra:1 Mem:52.84M (Peak 76.68M) | Time:00:00.09 | Mem:0.18M, Peak:0.18M | Scene, ViewLayer | Updating Mesh | Copying Attributes to device
Fra:1 Mem:52.79M (Peak 76.68M) | Time:00:00.09 | Mem:0.73M, Peak:0.73M | Scene, ViewLayer | Updating Scene BVH | Building
Fra:1 Mem:52.80M (Peak 76.68M) | Time:00:00.09 | Mem:0.73M, Peak:0.73M | Scene, ViewLayer | Updating Scene BVH | Building BVH
Fra:1 Mem:52.80M (Peak 76.68M) | Time:00:00.09 | Mem:1.18M, Peak:1.18M | Scene, ViewLayer | Updating Scene BVH | Building BVH 0%
Fra:1 Mem:52.80M (Peak 76.68M) | Time:00:00.09 | Mem:1.71M, Peak:2.16M | Scene, ViewLayer | Updating Scene BVH | Copying BVH to device
Fra:1 Mem:52.80M (Peak 76.68M) | Time:00:00.09 | Mem:1.71M, Peak:2.16M | Scene, ViewLayer | Updating Mesh | Computing normals
Fra:1 Mem:54.36M (Peak 76.68M) | Time:00:00.09 | Mem:1.71M, Peak:2.16M | Scene, ViewLayer | Updating Mesh | Copying Mesh to device
Fra:1 Mem:54.36M (Peak 76.68M) | Time:00:00.09 | Mem:3.27M, Peak:3.27M | Scene, ViewLayer | Updating Objects Flags
Fra:1 Mem:54.36M (Peak 76.68M) | Time:00:00.09 | Mem:3.28M, Peak:3.28M | Scene, ViewLayer | Updating Primitive Offsets
Fra:1 Mem:54.36M (Peak 76.68M) | Time:00:00.09 | Mem:3.28M, Peak:3.28M | Scene, ViewLayer | Updating Images
Fra:1 Mem:54.36M (Peak 76.68M) | Time:00:00.09 | Mem:3.28M, Peak:3.28M | Scene, ViewLayer | Updating Camera Volume
Fra:1 Mem:54.36M (Peak 76.68M) | Time:00:00.09 | Mem:3.28M, Peak:3.28M | Scene, ViewLayer | Updating Lookup Tables
Fra:1 Mem:54.36M (Peak 76.68M) | Time:00:00.09 | Mem:3.36M, Peak:3.36M | Scene, ViewLayer | Updating Lights
Fra:1 Mem:54.36M (Peak 76.68M) | Time:00:00.09 | Mem:3.36M, Peak:3.36M | Scene, ViewLayer | Updating Lights | Computing tree
Fra:1 Mem:54.37M (Peak 76.68M) | Time:00:00.09 | Mem:3.37M, Peak:3.37M | Scene, ViewLayer | Updating Integrator
Fra:1 Mem:54.37M (Peak 76.68M) | Time:00:00.09 | Mem:3.37M, Peak:3.37M | Scene, ViewLayer | Updating Film
Fra:1 Mem:54.37M (Peak 76.68M) | Time:00:00.09 | Mem:3.29M, Peak:3.37M | Scene, ViewLayer | Updating Lookup Tables
Fra:1 Mem:54.37M (Peak 76.68M) | Time:00:00.09 | Mem:3.37M, Peak:3.37M | Scene, ViewLayer | Updating Baking
Fra:1 Mem:54.37M (Peak 76.68M) | Time:00:00.09 | Mem:3.37M, Peak:3.37M | Scene, ViewLayer | Updating Device | Writing constant memory
Fra:1 Mem:54.38M (Peak 76.68M) | Time:00:00.09 | Mem:3.37M, Peak:3.37M | Scene, ViewLayer | Sample 0/32
Fra:1 Mem:68.12M (Peak 76.68M) | Time:00:00.67 | Remaining:00:17.98 | Mem:17.11M, Peak:17.11M | Scene, ViewLayer | Sample 1/32
Fra:1 Mem:74.23M (Peak 86.43M) | Time:00:17.24 | Mem:17.11M, Peak:17.11M | Scene, ViewLayer | Sample 32/32
Fra:1 Mem:74.23M (Peak 86.43M) | Time:00:17.24 | Mem:17.11M, Peak:17.11M | Scene, ViewLayer | Finished
Saved: '/workspace/scratch/7c20b5ba4165/atlas-backlog-oct3/tools/assets/transit-station-spaces/qa/previews/platform-human-scale.png'
Time: 00:17.30 (Saving: 00:00.05)

Fra:1 Mem:74.43M (Peak 74.43M) | Time:00:00.06 | Mem:0.00M, Peak:0.00M | Scene, ViewLayer | Synchronizing object | module-batch-concrete
Fra:1 Mem:74.43M (Peak 74.43M) | Time:00:00.06 | Mem:0.00M, Peak:0.00M | Scene, ViewLayer | Synchronizing object | module-batch-tactile-yellow
Fra:1 Mem:74.44M (Peak 74.44M) | Time:00:00.06 | Mem:0.00M, Peak:0.00M | Scene, ViewLayer | Synchronizing object | module-batch-concrete.001
Fra:1 Mem:74.44M (Peak 74.44M) | Time:00:00.06 | Mem:0.00M, Peak:0.00M | Scene, ViewLayer | Synchronizing object | module-batch-tactile-yellow.001
Fra:1 Mem:74.44M (Peak 74.44M) | Time:00:00.06 | Mem:0.00M, Peak:0.00M | Scene, ViewLayer | Synchronizing object | module-batch-concrete.002
Fra:1 Mem:74.45M (Peak 74.45M) | Time:00:00.06 | Mem:0.00M, Peak:0.00M | Scene, ViewLayer | Synchronizing object | module-batch-tactile-yellow.002
Fra:1 Mem:74.45M (Peak 74.45M) | Time:00:00.06 | Mem:0.00M, Peak:0.00M | Scene, ViewLayer | Synchronizing object | module-batch-concrete.003
Fra:1 Mem:74.46M (Peak 74.46M) | Time:00:00.06 | Mem:0.00M, Peak:0.00M | Scene, ViewLayer | Synchronizing object | module-batch-tactile-yellow.003
Fra:1 Mem:74.46M (Peak 74.46M) | Time:00:00.06 | Mem:0.00M, Peak:0.00M | Scene, ViewLayer | Synchronizing object | module-batch-concrete.004
Fra:1 Mem:74.47M (Peak 74.47M) | Time:00:00.06 | Mem:0.00M, Peak:0.00M | Scene, ViewLayer | Synchronizing object | module-batch-tactile-yellow.004
Fra:1 Mem:74.47M (Peak 74.47M) | Time:00:00.06 | Mem:0.00M, Peak:0.00M | Scene, ViewLayer | Synchronizing object | module-batch-concrete.005
Fra:1 Mem:74.48M (Peak 74.48M) | Time:00:00.06 | Mem:0.00M, Peak:0.00M | Scene, ViewLayer | Synchronizing object | module-batch-tactile-yellow.005
Fra:1 Mem:74.48M (Peak 74.48M) | Time:00:00.06 | Mem:0.00M, Peak:0.00M | Scene, ViewLayer | Synchronizing object | module-batch-concrete.006
Fra:1 Mem:74.48M (Peak 74.48M) | Time:00:00.06 | Mem:0.00M, Peak:0.00M | Scene, ViewLayer | Synchronizing object | module-batch-tactile-yellow.006
Fra:1 Mem:74.49M (Peak 74.49M) | Time:00:00.06 | Mem:0.00M, Peak:0.00M | Scene, ViewLayer | Synchronizing object | module-batch-concrete.007
Fra:1 Mem:74.49M (Peak 74.49M) | Time:00:00.06 | Mem:0.00M, Peak:0.00M | Scene, ViewLayer | Synchronizing object | module-batch-tactile-yellow.007
Fra:1 Mem:74.50M (Peak 74.50M) | Time:00:00.06 | Mem:0.00M, Peak:0.00M | Scene, ViewLayer | Synchronizing object | module-batch-concrete.008
Fra:1 Mem:74.50M (Peak 74.50M) | Time:00:00.06 | Mem:0.00M, Peak:0.00M | Scene, ViewLayer | Synchronizing object | module-batch-tactile-yellow.008
Fra:1 Mem:74.50M (Peak 74.50M) | Time:00:00.06 | Mem:0.00M, Peak:0.00M | Scene, ViewLayer | Synchronizing object | module-batch-concrete.009
Fra:1 Mem:74.51M (Peak 74.51M) | Time:00:00.06 | Mem:0.00M, Peak:0.00M | Scene, ViewLayer | Synchronizing object | module-batch-tactile-yellow.009
Fra:1 Mem:74.51M (Peak 74.51M) | Time:00:00.06 | Mem:0.00M, Peak:0.00M | Scene, ViewLayer | Synchronizing object | module-batch-concrete.010
Fra:1 Mem:74.52M (Peak 74.52M) | Time:00:00.06 | Mem:0.00M, Peak:0.00M | Scene, ViewLayer | Synchronizing object | module-batch-tactile-yellow.010
Fra:1 Mem:74.52M (Peak 74.52M) | Time:00:00.06 | Mem:0.00M, Peak:0.00M | Scene, ViewLayer | Synchronizing object | module-batch-concrete.011
Fra:1 Mem:74.53M (Peak 74.53M) | Time:00:00.06 | Mem:0.00M, Peak:0.00M | Scene, ViewLayer | Synchronizing object | module-batch-tactile-yellow.011
Fra:1 Mem:74.53M (Peak 74.53M) | Time:00:00.06 | Mem:0.00M, Peak:0.00M | Scene, ViewLayer | Synchronizing object | module-batch-concrete.012
Fra:1 Mem:74.54M (Peak 74.54M) | Time:00:00.06 | Mem:0.00M, Peak:0.00M | Scene, ViewLayer | Synchronizing object | module-batch-tactile-yellow.012
Fra:1 Mem:74.54M (Peak 74.54M) | Time:00:00.06 | Mem:0.00M, Peak:0.00M | Scene, ViewLayer | Synchronizing object | module-batch-concrete.013
Fra:1 Mem:74.55M (Peak 74.55M) | Time:00:00.06 | Mem:0.00M, Peak:0.00M | Scene, ViewLayer | Synchronizing object | module-batch-tactile-yellow.013
Fra:1 Mem:74.55M (Peak 74.55M) | Time:00:00.06 | Mem:0.00M, Peak:0.00M | Scene, ViewLayer | Synchronizing object | module-batch-concrete.014
Fra:1 Mem:74.56M (Peak 74.56M) | Time:00:00.06 | Mem:0.00M, Peak:0.00M | Scene, ViewLayer | Synchronizing object | module-batch-tactile-yellow.014
Fra:1 Mem:74.56M (Peak 74.56M) | Time:00:00.06 | Mem:0.00M, Peak:0.00M | Scene, ViewLayer | Synchronizing object | module-batch-concrete.015
Fra:1 Mem:74.57M (Peak 74.57M) | Time:00:00.06 | Mem:0.00M, Peak:0.00M | Scene, ViewLayer | Synchronizing object | module-batch-tactile-yellow.015
Fra:1 Mem:74.57M (Peak 74.57M) | Time:00:00.06 | Mem:0.00M, Peak:0.00M | Scene, ViewLayer | Synchronizing object | module-batch-concrete.016
Fra:1 Mem:74.58M (Peak 74.58M) | Time:00:00.06 | Mem:0.00M, Peak:0.00M | Scene, ViewLayer | Synchronizing object | module-batch-tactile-yellow.016
Fra:1 Mem:74.58M (Peak 74.58M) | Time:00:00.06 | Mem:0.00M, Peak:0.00M | Scene, ViewLayer | Synchronizing object | module-batch-concrete.017
Fra:1 Mem:74.59M (Peak 74.59M) | Time:00:00.06 | Mem:0.00M, Peak:0.00M | Scene, ViewLayer | Synchronizing object | module-batch-tactile-yellow.017
Fra:1 Mem:74.59M (Peak 74.59M) | Time:00:00.06 | Mem:0.00M, Peak:0.00M | Scene, ViewLayer | Synchronizing object | module-batch-concrete.018
Fra:1 Mem:74.60M (Peak 74.60M) | Time:00:00.06 | Mem:0.00M, Peak:0.00M | Scene, ViewLayer | Synchronizing object | module-batch-tactile-yellow.018
Fra:1 Mem:74.60M (Peak 74.60M) | Time:00:00.06 | Mem:0.00M, Peak:0.00M | Scene, ViewLayer | Synchronizing object | module-batch-concrete.019
Fra:1 Mem:74.61M (Peak 74.61M) | Time:00:00.06 | Mem:0.00M, Peak:0.00M | Scene, ViewLayer | Synchronizing object | module-batch-tactile-yellow.019
Fra:1 Mem:74.61M (Peak 74.61M) | Time:00:00.06 | Mem:0.00M, Peak:0.00M | Scene, ViewLayer | Synchronizing object | module-batch-concrete.020
Fra:1 Mem:74.62M (Peak 74.62M) | Time:00:00.06 | Mem:0.00M, Peak:0.00M | Scene, ViewLayer | Synchronizing object | module-batch-tactile-yellow.020
Fra:1 Mem:74.62M (Peak 74.62M) | Time:00:00.06 | Mem:0.00M, Peak:0.00M | Scene, ViewLayer | Synchronizing object | module-batch-concrete.021
Fra:1 Mem:74.63M (Peak 74.63M) | Time:00:00.06 | Mem:0.00M, Peak:0.00M | Scene, ViewLayer | Synchronizing object | module-batch-tactile-yellow.021
Fra:1 Mem:74.63M (Peak 74.63M) | Time:00:00.06 | Mem:0.00M, Peak:0.00M | Scene, ViewLayer | Synchronizing object | module-batch-concrete.022
Fra:1 Mem:74.63M (Peak 74.63M) | Time:00:00.06 | Mem:0.00M, Peak:0.00M | Scene, ViewLayer | Synchronizing object | module-batch-tactile-yellow.022
Fra:1 Mem:74.64M (Peak 74.64M) | Time:00:00.06 | Mem:0.00M, Peak:0.00M | Scene, ViewLayer | Synchronizing object | module-batch-concrete.023
Fra:1 Mem:74.64M (Peak 74.64M) | Time:00:00.06 | Mem:0.00M, Peak:0.00M | Scene, ViewLayer | Synchronizing object | module-batch-tactile-yellow.023
Fra:1 Mem:74.65M (Peak 74.65M) | Time:00:00.06 | Mem:0.00M, Peak:0.00M | Scene, ViewLayer | Synchronizing object | module-batch-concrete.024
Fra:1 Mem:74.65M (Peak 74.65M) | Time:00:00.06 | Mem:0.00M, Peak:0.00M | Scene, ViewLayer | Synchronizing object | module-batch-tactile-yellow.024
Fra:1 Mem:74.66M (Peak 74.66M) | Time:00:00.06 | Mem:0.00M, Peak:0.00M | Scene, ViewLayer | Synchronizing object | module-batch-concrete.025
Fra:1 Mem:74.66M (Peak 74.66M) | Time:00:00.06 | Mem:0.00M, Peak:0.00M | Scene, ViewLayer | Synchronizing object | qa-ruler-tick.010
Fra:1 Mem:74.66M (Peak 74.66M) | Time:00:00.06 | Mem:0.00M, Peak:0.00M | Scene, ViewLayer | Synchronizing object | module-batch-tactile-yellow.025
Fra:1 Mem:74.67M (Peak 74.67M) | Time:00:00.06 | Mem:0.00M, Peak:0.00M | Scene, ViewLayer | Synchronizing object | qa-ruler-tick.009
Fra:1 Mem:74.68M (Peak 74.68M) | Time:00:00.06 | Mem:0.00M, Peak:0.00M | Scene, ViewLayer | Synchronizing object | qa-ruler-tick.008
Fra:1 Mem:74.67M (Peak 74.68M) | Time:00:00.06 | Mem:0.00M, Peak:0.00M | Scene, ViewLayer | Synchronizing object | qa-ruler-tick.007
Fra:1 Mem:74.67M (Peak 74.68M) | Time:00:00.06 | Mem:0.00M, Peak:0.00M | Scene, ViewLayer | Synchronizing object | qa-ruler-tick.006
Fra:1 Mem:74.67M (Peak 74.68M) | Time:00:00.06 | Mem:0.00M, Peak:0.00M | Scene, ViewLayer | Synchronizing object | module-batch-concrete.026
Fra:1 Mem:74.67M (Peak 74.68M) | Time:00:00.06 | Mem:0.00M, Peak:0.00M | Scene, ViewLayer | Synchronizing object | qa-ruler-tick.005
Fra:1 Mem:74.69M (Peak 74.69M) | Time:00:00.06 | Mem:0.00M, Peak:0.00M | Scene, ViewLayer | Synchronizing object | qa-ruler-tick.004
Fra:1 Mem:74.68M (Peak 74.69M) | Time:00:00.06 | Mem:0.00M, Peak:0.00M | Scene, ViewLayer | Synchronizing object | qa-ruler-tick.003
Fra:1 Mem:74.68M (Peak 74.69M) | Time:00:00.06 | Mem:0.00M, Peak:0.00M | Scene, ViewLayer | Synchronizing object | qa-ruler-tick.002
Fra:1 Mem:74.68M (Peak 74.69M) | Time:00:00.06 | Mem:0.00M, Peak:0.00M | Scene, ViewLayer | Synchronizing object | qa-ruler-tick.001
Fra:1 Mem:74.68M (Peak 74.69M) | Time:00:00.06 | Mem:0.00M, Peak:0.00M | Scene, ViewLayer | Synchronizing object | module-batch-tactile-yellow.026
Fra:1 Mem:74.68M (Peak 74.69M) | Time:00:00.06 | Mem:0.00M, Peak:0.00M | Scene, ViewLayer | Synchronizing object | qa-ruler-tick
Fra:1 Mem:74.69M (Peak 74.69M) | Time:00:00.06 | Mem:0.00M, Peak:0.00M | Scene, ViewLayer | Synchronizing object | qa-one-metre-ruler
Fra:1 Mem:74.68M (Peak 74.69M) | Time:00:00.06 | Mem:0.00M, Peak:0.00M | Scene, ViewLayer | Synchronizing object | qa-human-head.001
Fra:1 Mem:74.68M (Peak 74.69M) | Time:00:00.06 | Mem:0.00M, Peak:0.00M | Scene, ViewLayer | Synchronizing object | module-batch-concrete.027
Fra:1 Mem:74.69M (Peak 74.69M) | Time:00:00.06 | Mem:0.00M, Peak:0.00M | Scene, ViewLayer | Synchronizing object | qa-human-arm.003
Fra:1 Mem:74.71M (Peak 74.71M) | Time:00:00.06 | Mem:0.00M, Peak:0.00M | Scene, ViewLayer | Synchronizing object | module-batch-tactile-yellow.027
Fra:1 Mem:74.70M (Peak 74.71M) | Time:00:00.06 | Mem:0.00M, Peak:0.00M | Scene, ViewLayer | Synchronizing object | module-batch-concrete.028
Fra:1 Mem:74.71M (Peak 74.71M) | Time:00:00.06 | Mem:0.00M, Peak:0.00M | Scene, ViewLayer | Synchronizing object | module-batch-tactile-yellow.028
Fra:1 Mem:74.71M (Peak 74.71M) | Time:00:00.06 | Mem:0.00M, Peak:0.00M | Scene, ViewLayer | Synchronizing object | qa-human-leg.003
Fra:1 Mem:74.73M (Peak 74.73M) | Time:00:00.06 | Mem:0.00M, Peak:0.00M | Scene, ViewLayer | Synchronizing object | module-batch-concrete.029
Fra:1 Mem:74.73M (Peak 74.73M) | Time:00:00.06 | Mem:0.00M, Peak:0.00M | Scene, ViewLayer | Synchronizing object | qa-human-arm.002
Fra:1 Mem:74.74M (Peak 74.74M) | Time:00:00.06 | Mem:0.00M, Peak:0.00M | Scene, ViewLayer | Synchronizing object | module-batch-tactile-yellow.029
Fra:1 Mem:74.76M (Peak 74.76M) | Time:00:00.06 | Mem:0.00M, Peak:0.00M | Scene, ViewLayer | Synchronizing object | module-batch-concrete.030
Fra:1 Mem:74.76M (Peak 74.76M) | Time:00:00.06 | Mem:0.00M, Peak:0.00M | Scene, ViewLayer | Synchronizing object | qa-human-leg.002
Fra:1 Mem:74.77M (Peak 74.77M) | Time:00:00.06 | Mem:0.00M, Peak:0.00M | Scene, ViewLayer | Synchronizing object | module-batch-tactile-yellow.030
Fra:1 Mem:74.77M (Peak 74.77M) | Time:00:00.06 | Mem:0.00M, Peak:0.00M | Scene, ViewLayer | Synchronizing object | qa-human-torso.001
Fra:1 Mem:74.77M (Peak 74.77M) | Time:00:00.06 | Mem:0.00M, Peak:0.00M | Scene, ViewLayer | Synchronizing object | module-batch-concrete.031
Fra:1 Mem:74.78M (Peak 74.78M) | Time:00:00.06 | Mem:0.00M, Peak:0.00M | Scene, ViewLayer | Synchronizing object | qa-human-head
Fra:1 Mem:74.79M (Peak 74.79M) | Time:00:00.06 | Mem:0.00M, Peak:0.00M | Scene, ViewLayer | Synchronizing object | module-batch-tactile-yellow.031
Fra:1 Mem:74.79M (Peak 74.79M) | Time:00:00.06 | Mem:0.00M, Peak:0.00M | Scene, ViewLayer | Synchronizing object | qa-human-arm.001
Fra:1 Mem:74.81M (Peak 74.81M) | Time:00:00.06 | Mem:0.00M, Peak:0.00M | Scene, ViewLayer | Synchronizing object | module-batch-concrete.032
Fra:1 Mem:74.83M (Peak 74.83M) | Time:00:00.06 | Mem:0.00M, Peak:0.00M | Scene, ViewLayer | Synchronizing object | qa-human-leg.001
Fra:1 Mem:74.82M (Peak 74.83M) | Time:00:00.06 | Mem:0.00M, Peak:0.00M | Scene, ViewLayer | Synchronizing object | module-batch-tactile-yellow.032
Fra:1 Mem:74.82M (Peak 74.83M) | Time:00:00.06 | Mem:0.00M, Peak:0.00M | Scene, ViewLayer | Synchronizing object | module-batch-concrete.033
Fra:1 Mem:74.83M (Peak 74.83M) | Time:00:00.06 | Mem:0.00M, Peak:0.00M | Scene, ViewLayer | Synchronizing object | qa-human-arm
Fra:1 Mem:74.86M (Peak 74.86M) | Time:00:00.06 | Mem:0.00M, Peak:0.00M | Scene, ViewLayer | Synchronizing object | module-batch-tactile-yellow.033
Fra:1 Mem:74.85M (Peak 74.86M) | Time:00:00.06 | Mem:0.00M, Peak:0.00M | Scene, ViewLayer | Synchronizing object | qa-human-leg
Fra:1 Mem:74.86M (Peak 74.86M) | Time:00:00.06 | Mem:0.00M, Peak:0.00M | Scene, ViewLayer | Synchronizing object | module-batch-concrete.034
Fra:1 Mem:74.87M (Peak 74.87M) | Time:00:00.06 | Mem:0.00M, Peak:0.00M | Scene, ViewLayer | Synchronizing object | qa-human-torso
Fra:1 Mem:74.87M (Peak 74.87M) | Time:00:00.06 | Mem:0.00M, Peak:0.00M | Scene, ViewLayer | Synchronizing object | module-batch-tactile-yellow.034
Fra:1 Mem:74.90M (Peak 74.90M) | Time:00:00.06 | Mem:0.00M, Peak:0.00M | Scene, ViewLayer | Synchronizing object | module-batch-concrete.035
Fra:1 Mem:74.89M (Peak 74.90M) | Time:00:00.06 | Mem:0.00M, Peak:0.00M | Scene, ViewLayer | Synchronizing object | qa-rail.001
Fra:1 Mem:74.90M (Peak 74.90M) | Time:00:00.06 | Mem:0.00M, Peak:0.00M | Scene, ViewLayer | Synchronizing object | qa-rail
Fra:1 Mem:74.89M (Peak 74.90M) | Time:00:00.06 | Mem:0.00M, Peak:0.00M | Scene, ViewLayer | Synchronizing object | qa-ground
Fra:1 Mem:74.89M (Peak 74.90M) | Time:00:00.06 | Mem:0.00M, Peak:0.00M | Scene, ViewLayer | Synchronizing object | module-batch-tactile-yellow.048
Fra:1 Mem:74.89M (Peak 74.90M) | Time:00:00.06 | Mem:0.00M, Peak:0.00M | Scene, ViewLayer | Synchronizing object | module-batch-tactile-yellow.035
Fra:1 Mem:74.90M (Peak 74.90M) | Time:00:00.06 | Mem:0.00M, Peak:0.00M | Scene, ViewLayer | Synchronizing object | module-batch-concrete.036
Fra:1 Mem:74.91M (Peak 74.91M) | Time:00:00.06 | Mem:0.00M, Peak:0.00M | Scene, ViewLayer | Synchronizing object | module-batch-painted-metal.012
Fra:1 Mem:74.91M (Peak 74.91M) | Time:00:00.06 | Mem:0.00M, Peak:0.00M | Scene, ViewLayer | Synchronizing object | module-batch-tactile-yellow.036
Fra:1 Mem:74.90M (Peak 74.91M) | Time:00:00.06 | Mem:0.00M, Peak:0.00M | Scene, ViewLayer | Synchronizing object | module-batch-tactile-yellow.047
Fra:1 Mem:74.91M (Peak 74.91M) | Time:00:00.06 | Mem:0.00M, Peak:0.00M | Scene, ViewLayer | Synchronizing object | module-batch-painted-metal
Fra:1 Mem:74.93M (Peak 74.93M) | Time:00:00.06 | Mem:0.00M, Peak:0.00M | Scene, ViewLayer | Synchronizing object | module-batch-painted-metal.011
Fra:1 Mem:74.94M (Peak 74.94M) | Time:00:00.06 | Mem:0.00M, Peak:0.00M | Scene, ViewLayer | Synchronizing object | module-batch-tactile-yellow.046
Fra:1 Mem:74.93M (Peak 74.94M) | Time:00:00.06 | Mem:0.00M, Peak:0.00M | Scene, ViewLayer | Synchronizing object | module-batch-sign-face
Fra:1 Mem:74.93M (Peak 74.94M) | Time:00:00.06 | Mem:0.00M, Peak:0.00M | Scene, ViewLayer | Synchronizing object | module-batch-painted-metal.010
Fra:1 Mem:74.94M (Peak 74.94M) | Time:00:00.06 | Mem:0.00M, Peak:0.00M | Scene, ViewLayer | Synchronizing object | module-batch-sign-symbol
Fra:1 Mem:74.95M (Peak 74.95M) | Time:00:00.06 | Mem:0.00M, Peak:0.00M | Scene, ViewLayer | Synchronizing object | module-batch-tactile-yellow.045
Fra:1 Mem:74.95M (Peak 74.95M) | Time:00:00.06 | Mem:0.00M, Peak:0.00M | Scene, ViewLayer | Synchronizing object | module-batch-painted-metal.009
Fra:1 Mem:74.95M (Peak 74.95M) | Time:00:00.06 | Mem:0.00M, Peak:0.00M | Scene, ViewLayer | Synchronizing object | body-shell
Fra:1 Mem:74.96M (Peak 74.96M) | Time:00:00.06 | Mem:0.00M, Peak:0.00M | Scene, ViewLayer | Synchronizing object | module-batch-tactile-yellow.044
Fra:1 Mem:75.26M (Peak 75.26M) | Time:00:00.06 | Mem:0.00M, Peak:0.00M | Scene, ViewLayer | Synchronizing object | module-batch-painted-metal.008
Fra:1 Mem:75.26M (Peak 75.26M) | Time:00:00.06 | Mem:0.00M, Peak:0.00M | Scene, ViewLayer | Synchronizing object | module-batch-tactile-yellow.043
Fra:1 Mem:75.27M (Peak 75.27M) | Time:00:00.06 | Mem:0.00M, Peak:0.00M | Scene, ViewLayer | Synchronizing object | module-batch-painted-metal.007
Fra:1 Mem:75.27M (Peak 75.27M) | Time:00:00.06 | Mem:0.00M, Peak:0.00M | Scene, ViewLayer | Synchronizing object | module-batch-tactile-yellow.042
Fra:1 Mem:75.34M (Peak 75.34M) | Time:00:00.06 | Mem:0.00M, Peak:0.00M | Scene, ViewLayer | Synchronizing object | module-batch-painted-metal.006
Fra:1 Mem:75.34M (Peak 75.34M) | Time:00:00.06 | Mem:0.00M, Peak:0.00M | Scene, ViewLayer | Synchronizing object | module-batch-tactile-yellow.041
Fra:1 Mem:75.09M (Peak 75.34M) | Time:00:00.06 | Mem:0.00M, Peak:0.00M | Scene, ViewLayer | Synchronizing object | module-batch-painted-metal.005
Fra:1 Mem:75.14M (Peak 75.34M) | Time:00:00.06 | Mem:0.00M, Peak:0.00M | Scene, ViewLayer | Synchronizing object | module-batch-tactile-yellow.040
Fra:1 Mem:75.15M (Peak 75.34M) | Time:00:00.06 | Mem:0.00M, Peak:0.00M | Scene, ViewLayer | Synchronizing object | module-batch-painted-metal.004
Fra:1 Mem:75.29M (Peak 75.34M) | Time:00:00.06 | Mem:0.00M, Peak:0.00M | Scene, ViewLayer | Synchronizing object | module-batch-tactile-yellow.039
Fra:1 Mem:75.30M (Peak 75.34M) | Time:00:00.06 | Mem:0.00M, Peak:0.00M | Scene, ViewLayer | Synchronizing object | module-batch-painted-metal.003
Fra:1 Mem:75.30M (Peak 75.34M) | Time:00:00.06 | Mem:0.00M, Peak:0.00M | Scene, ViewLayer | Synchronizing object | module-batch-tactile-yellow.038
Fra:1 Mem:75.25M (Peak 75.34M) | Time:00:00.06 | Mem:0.00M, Peak:0.00M | Scene, ViewLayer | Synchronizing object | module-batch-painted-metal.002
Fra:1 Mem:75.30M (Peak 75.34M) | Time:00:00.06 | Mem:0.00M, Peak:0.00M | Scene, ViewLayer | Synchronizing object | module-batch-tactile-yellow.037
Fra:1 Mem:75.18M (Peak 75.34M) | Time:00:00.06 | Mem:0.00M, Peak:0.00M | Scene, ViewLayer | Synchronizing object | module-batch-painted-metal.001
Fra:1 Mem:75.15M (Peak 75.34M) | Time:00:00.06 | Mem:0.00M, Peak:0.00M | Scene, ViewLayer | Synchronizing object | bogie-front-frame
Fra:1 Mem:75.16M (Peak 75.34M) | Time:00:00.06 | Mem:0.00M, Peak:0.00M | Scene, ViewLayer | Synchronizing object | interior-batch-metro-seat.003
Fra:1 Mem:75.24M (Peak 75.34M) | Time:00:00.06 | Mem:0.00M, Peak:0.00M | Scene, ViewLayer | Synchronizing object | bogie-rear-frame
Fra:1 Mem:75.20M (Peak 75.34M) | Time:00:00.06 | Mem:0.00M, Peak:0.00M | Scene, ViewLayer | Synchronizing object | door-left-center-a
Fra:1 Mem:75.21M (Peak 75.34M) | Time:00:00.06 | Mem:0.00M, Peak:0.00M | Scene, ViewLayer | Synchronizing object | door-left-center-b
Fra:1 Mem:75.20M (Peak 75.34M) | Time:00:00.06 | Mem:0.00M, Peak:0.00M | Scene, ViewLayer | Synchronizing object | interior-batch-metro-priority-seat.003
Fra:1 Mem:75.22M (Peak 75.34M) | Time:00:00.06 | Mem:0.00M, Peak:0.00M | Scene, ViewLayer | Synchronizing object | interior-batch-metro-screen.003
Fra:1 Mem:75.22M (Peak 75.34M) | Time:00:00.06 | Mem:0.00M, Peak:0.00M | Scene, ViewLayer | Synchronizing object | door-left-front-a
Fra:1 Mem:75.24M (Peak 75.34M) | Time:00:00.06 | Mem:0.00M, Peak:0.00M | Scene, ViewLayer | Synchronizing object | interior-batch-metro-rail.003
Fra:1 Mem:75.29M (Peak 75.34M) | Time:00:00.06 | Mem:0.00M, Peak:0.00M | Scene, ViewLayer | Synchronizing object | door-left-front-b
Fra:1 Mem:75.30M (Peak 75.34M) | Time:00:00.06 | Mem:0.00M, Peak:0.00M | Scene, ViewLayer | Synchronizing object | door-left-rear-a
Fra:1 Mem:75.28M (Peak 75.34M) | Time:00:00.06 | Mem:0.00M, Peak:0.00M | Scene, ViewLayer | Synchronizing object | interior-batch-metro-floor.003
Fra:1 Mem:75.28M (Peak 75.34M) | Time:00:00.06 | Mem:0.00M, Peak:0.00M | Scene, ViewLayer | Synchronizing object | door-left-rear-b
Fra:1 Mem:75.28M (Peak 75.34M) | Time:00:00.06 | Mem:0.00M, Peak:0.00M | Scene, ViewLayer | Synchronizing object | interior-batch-metro-wall.003
Fra:1 Mem:75.33M (Peak 75.34M) | Time:00:00.06 | Mem:0.00M, Peak:0.00M | Scene, ViewLayer | Synchronizing object | door-right-center-a
Fra:1 Mem:75.33M (Peak 75.34M) | Time:00:00.06 | Mem:0.00M, Peak:0.00M | Scene, ViewLayer | Synchronizing object | wheel-rear-rear-right.003
Fra:1 Mem:75.34M (Peak 75.34M) | Time:00:00.06 | Mem:0.00M, Peak:0.00M | Scene, ViewLayer | Synchronizing object | door-right-center-b
Fra:1 Mem:75.34M (Peak 75.34M) | Time:00:00.06 | Mem:0.00M, Peak:0.00M | Scene, ViewLayer | Synchronizing object | wheel-rear-rear-left.003
Fra:1 Mem:75.36M (Peak 75.36M) | Time:00:00.06 | Mem:0.00M, Peak:0.00M | Scene, ViewLayer | Synchronizing object | door-right-front-a
Fra:1 Mem:75.35M (Peak 75.36M) | Time:00:00.06 | Mem:0.00M, Peak:0.00M | Scene, ViewLayer | Synchronizing object | wheel-rear-front-right.003
Fra:1 Mem:75.37M (Peak 75.37M) | Time:00:00.06 | Mem:0.00M, Peak:0.00M | Scene, ViewLayer | Synchronizing object | wheel-rear-front-left.003
Fra:1 Mem:75.37M (Peak 75.37M) | Time:00:00.06 | Mem:0.00M, Peak:0.00M | Scene, ViewLayer | Synchronizing object | door-right-front-b
Fra:1 Mem:75.39M (Peak 75.39M) | Time:00:00.06 | Mem:0.00M, Peak:0.00M | Scene, ViewLayer | Synchronizing object | wheel-front-rear-right.003
Fra:1 Mem:75.39M (Peak 75.39M) | Time:00:00.06 | Mem:0.00M, Peak:0.00M | Scene, ViewLayer | Synchronizing object | wheel-front-rear-left.003
Fra:1 Mem:75.39M (Peak 75.39M) | Time:00:00.06 | Mem:0.00M, Peak:0.00M | Scene, ViewLayer | Synchronizing object | door-right-rear-a
Fra:1 Mem:75.41M (Peak 75.41M) | Time:00:00.06 | Mem:0.00M, Peak:0.00M | Scene, ViewLayer | Synchronizing object | wheel-front-front-right.003
Fra:1 Mem:75.41M (Peak 75.41M) | Time:00:00.06 | Mem:0.00M, Peak:0.00M | Scene, ViewLayer | Synchronizing object | wheel-front-front-left.003
Fra:1 Mem:75.40M (Peak 75.41M) | Time:00:00.06 | Mem:0.00M, Peak:0.00M | Scene, ViewLayer | Synchronizing object | door-right-rear-b
Fra:1 Mem:75.41M (Peak 75.41M) | Time:00:00.06 | Mem:0.00M, Peak:0.00M | Scene, ViewLayer | Synchronizing object | lights.001
Fra:1 Mem:75.42M (Peak 75.42M) | Time:00:00.06 | Mem:0.00M, Peak:0.00M | Scene, ViewLayer | Synchronizing object | glass.003
Fra:1 Mem:75.49M (Peak 75.49M) | Time:00:00.06 | Mem:0.00M, Peak:0.00M | Scene, ViewLayer | Synchronizing object | glass
Fra:1 Mem:75.47M (Peak 75.49M) | Time:00:00.06 | Mem:0.00M, Peak:0.00M | Scene, ViewLayer | Synchronizing object | door-right-rear-b.003
Fra:1 Mem:75.48M (Peak 75.49M) | Time:00:00.06 | Mem:0.00M, Peak:0.00M | Scene, ViewLayer | Synchronizing object | lights
Fra:1 Mem:75.47M (Peak 75.49M) | Time:00:00.06 | Mem:0.00M, Peak:0.00M | Scene, ViewLayer | Synchronizing object | door-right-rear-a.003
Fra:1 Mem:75.51M (Peak 75.51M) | Time:00:00.06 | Mem:0.00M, Peak:0.00M | Scene, ViewLayer | Synchronizing object | wheel-front-front-left
Fra:1 Mem:75.50M (Peak 75.51M) | Time:00:00.06 | Mem:0.00M, Peak:0.00M | Scene, ViewLayer | Synchronizing object | door-right-front-b.003
Fra:1 Mem:75.53M (Peak 75.53M) | Time:00:00.06 | Mem:0.00M, Peak:0.00M | Scene, ViewLayer | Synchronizing object | wheel-front-front-right
Fra:1 Mem:75.51M (Peak 75.53M) | Time:00:00.06 | Mem:0.00M, Peak:0.00M | Scene, ViewLayer | Synchronizing object | door-right-front-a.003
Fra:1 Mem:75.53M (Peak 75.53M) | Time:00:00.06 | Mem:0.00M, Peak:0.00M | Scene, ViewLayer | Synchronizing object | wheel-front-rear-left
Fra:1 Mem:75.52M (Peak 75.53M) | Time:00:00.06 | Mem:0.00M, Peak:0.00M | Scene, ViewLayer | Synchronizing object | wheel-front-rear-right
Fra:1 Mem:75.52M (Peak 75.53M) | Time:00:00.06 | Mem:0.00M, Peak:0.00M | Scene, ViewLayer | Synchronizing object | door-right-center-b.003
Fra:1 Mem:75.55M (Peak 75.55M) | Time:00:00.06 | Mem:0.00M, Peak:0.00M | Scene, ViewLayer | Synchronizing object | wheel-rear-front-left
Fra:1 Mem:75.55M (Peak 75.55M) | Time:00:00.06 | Mem:0.00M, Peak:0.00M | Scene, ViewLayer | Synchronizing object | door-right-center-a.003
Fra:1 Mem:75.57M (Peak 75.57M) | Time:00:00.06 | Mem:0.00M, Peak:0.00M | Scene, ViewLayer | Synchronizing object | wheel-rear-front-right
Fra:1 Mem:75.55M (Peak 75.57M) | Time:00:00.06 | Mem:0.00M, Peak:0.00M | Scene, ViewLayer | Synchronizing object | door-left-rear-b.003
Fra:1 Mem:75.55M (Peak 75.57M) | Time:00:00.06 | Mem:0.00M, Peak:0.00M | Scene, ViewLayer | Synchronizing object | wheel-rear-rear-left
Fra:1 Mem:75.58M (Peak 75.58M) | Time:00:00.06 | Mem:0.00M, Peak:0.00M | Scene, ViewLayer | Synchronizing object | wheel-rear-rear-right
Fra:1 Mem:75.58M (Peak 75.58M) | Time:00:00.06 | Mem:0.00M, Peak:0.00M | Scene, ViewLayer | Synchronizing object | door-left-rear-a.003
Fra:1 Mem:75.60M (Peak 75.60M) | Time:00:00.06 | Mem:0.00M, Peak:0.00M | Scene, ViewLayer | Synchronizing object | interior-batch-metro-wall
Fra:1 Mem:75.66M (Peak 75.66M) | Time:00:00.06 | Mem:0.00M, Peak:0.00M | Scene, ViewLayer | Synchronizing object | door-left-front-b.003
Fra:1 Mem:75.63M (Peak 75.66M) | Time:00:00.06 | Mem:0.00M, Peak:0.00M | Scene, ViewLayer | Synchronizing object | door-left-front-a.003
Fra:1 Mem:75.68M (Peak 75.68M) | Time:00:00.06 | Mem:0.00M, Peak:0.00M | Scene, ViewLayer | Synchronizing object | door-left-center-b.003
Fra:1 Mem:75.64M (Peak 75.68M) | Time:00:00.06 | Mem:0.00M, Peak:0.00M | Scene, ViewLayer | Synchronizing object | interior-batch-metro-floor
Fra:1 Mem:75.65M (Peak 75.68M) | Time:00:00.06 | Mem:0.00M, Peak:0.00M | Scene, ViewLayer | Synchronizing object | door-left-center-a.003
Fra:1 Mem:75.67M (Peak 75.68M) | Time:00:00.06 | Mem:0.00M, Peak:0.00M | Scene, ViewLayer | Synchronizing object | interior-batch-metro-rail
Fra:1 Mem:75.71M (Peak 75.71M) | Time:00:00.06 | Mem:0.00M, Peak:0.00M | Scene, ViewLayer | Synchronizing object | bogie-rear-frame.003
Fra:1 Mem:75.69M (Peak 75.71M) | Time:00:00.06 | Mem:0.00M, Peak:0.00M | Scene, ViewLayer | Synchronizing object | bogie-front-frame.003
Fra:1 Mem:75.72M (Peak 75.72M) | Time:00:00.06 | Mem:0.00M, Peak:0.00M | Scene, ViewLayer | Synchronizing object | body-shell.003
Fra:1 Mem:75.71M (Peak 75.72M) | Time:00:00.06 | Mem:0.00M, Peak:0.00M | Scene, ViewLayer | Synchronizing object | interior-batch-metro-screen
Fra:1 Mem:76.01M (Peak 76.01M) | Time:00:00.06 | Mem:0.00M, Peak:0.00M | Scene, ViewLayer | Synchronizing object | interior-batch-metro-priority-seat
Fra:1 Mem:75.78M (Peak 76.01M) | Time:00:00.06 | Mem:0.00M, Peak:0.00M | Scene, ViewLayer | Synchronizing object | interior-batch-metro-seat
Fra:1 Mem:76.04M (Peak 76.04M) | Time:00:00.06 | Mem:0.00M, Peak:0.00M | Scene, ViewLayer | Synchronizing object | body-shell.001
Fra:1 Mem:76.19M (Peak 76.19M) | Time:00:00.06 | Mem:0.00M, Peak:0.00M | Scene, ViewLayer | Synchronizing object | interior-batch-metro-seat.002
Fra:1 Mem:76.05M (Peak 76.19M) | Time:00:00.06 | Mem:0.00M, Peak:0.00M | Scene, ViewLayer | Synchronizing object | interior-batch-metro-priority-seat.002
Fra:1 Mem:76.08M (Peak 76.19M) | Time:00:00.06 | Mem:0.00M, Peak:0.00M | Scene, ViewLayer | Synchronizing object | interior-batch-metro-screen.002
Fra:1 Mem:76.23M (Peak 76.23M) | Time:00:00.06 | Mem:0.00M, Peak:0.00M | Scene, ViewLayer | Synchronizing object | interior-batch-metro-rail.002
Fra:1 Mem:76.20M (Peak 76.23M) | Time:00:00.06 | Mem:0.00M, Peak:0.00M | Scene, ViewLayer | Synchronizing object | interior-batch-metro-floor.002
Fra:1 Mem:76.25M (Peak 76.25M) | Time:00:00.06 | Mem:0.00M, Peak:0.00M | Scene, ViewLayer | Synchronizing object | interior-batch-metro-wall.002
Fra:1 Mem:76.16M (Peak 76.25M) | Time:00:00.06 | Mem:0.00M, Peak:0.00M | Scene, ViewLayer | Synchronizing object | bogie-front-frame.001
Fra:1 Mem:76.12M (Peak 76.25M) | Time:00:00.06 | Mem:0.00M, Peak:0.00M | Scene, ViewLayer | Synchronizing object | bogie-rear-frame.001
Fra:1 Mem:76.16M (Peak 76.25M) | Time:00:00.06 | Mem:0.00M, Peak:0.00M | Scene, ViewLayer | Synchronizing object | door-left-center-a.001
Fra:1 Mem:76.13M (Peak 76.25M) | Time:00:00.06 | Mem:0.00M, Peak:0.00M | Scene, ViewLayer | Synchronizing object | wheel-rear-rear-right.002
Fra:1 Mem:76.13M (Peak 76.25M) | Time:00:00.06 | Mem:0.00M, Peak:0.00M | Scene, ViewLayer | Synchronizing object | door-left-center-b.001
Fra:1 Mem:76.13M (Peak 76.25M) | Time:00:00.06 | Mem:0.00M, Peak:0.00M | Scene, ViewLayer | Synchronizing object | wheel-rear-rear-left.002
Fra:1 Mem:76.16M (Peak 76.25M) | Time:00:00.06 | Mem:0.00M, Peak:0.00M | Scene, ViewLayer | Synchronizing object | wheel-rear-front-right.002
Fra:1 Mem:76.15M (Peak 76.25M) | Time:00:00.06 | Mem:0.00M, Peak:0.00M | Scene, ViewLayer | Synchronizing object | door-left-front-a.001
Fra:1 Mem:76.16M (Peak 76.25M) | Time:00:00.06 | Mem:0.00M, Peak:0.00M | Scene, ViewLayer | Synchronizing object | wheel-rear-front-left.002
Fra:1 Mem:76.17M (Peak 76.25M) | Time:00:00.06 | Mem:0.00M, Peak:0.00M | Scene, ViewLayer | Synchronizing object | door-left-front-b.001
Fra:1 Mem:76.16M (Peak 76.25M) | Time:00:00.06 | Mem:0.00M, Peak:0.00M | Scene, ViewLayer | Synchronizing object | wheel-front-rear-right.002
Fra:1 Mem:76.19M (Peak 76.25M) | Time:00:00.06 | Mem:0.00M, Peak:0.00M | Scene, ViewLayer | Synchronizing object | wheel-front-rear-left.002
Fra:1 Mem:76.19M (Peak 76.25M) | Time:00:00.06 | Mem:0.00M, Peak:0.00M | Scene, ViewLayer | Synchronizing object | door-left-rear-a.001
Fra:1 Mem:76.21M (Peak 76.25M) | Time:00:00.06 | Mem:0.00M, Peak:0.00M | Scene, ViewLayer | Synchronizing object | wheel-front-front-right.002
Fra:1 Mem:76.19M (Peak 76.25M) | Time:00:00.06 | Mem:0.00M, Peak:0.00M | Scene, ViewLayer | Synchronizing object | door-left-rear-b.001
Fra:1 Mem:76.20M (Peak 76.25M) | Time:00:00.06 | Mem:0.00M, Peak:0.00M | Scene, ViewLayer | Synchronizing object | wheel-front-front-left.002
Fra:1 Mem:76.22M (Peak 76.25M) | Time:00:00.06 | Mem:0.00M, Peak:0.00M | Scene, ViewLayer | Synchronizing object | glass.002
Fra:1 Mem:76.21M (Peak 76.25M) | Time:00:00.06 | Mem:0.00M, Peak:0.00M | Scene, ViewLayer | Synchronizing object | door-right-center-a.001
Fra:1 Mem:76.27M (Peak 76.27M) | Time:00:00.06 | Mem:0.00M, Peak:0.00M | Scene, ViewLayer | Synchronizing object | door-right-center-b.001
Fra:1 Mem:76.27M (Peak 76.27M) | Time:00:00.06 | Mem:0.00M, Peak:0.00M | Scene, ViewLayer | Synchronizing object | door-right-rear-b.002
Fra:1 Mem:76.26M (Peak 76.27M) | Time:00:00.06 | Mem:0.00M, Peak:0.00M | Scene, ViewLayer | Synchronizing object | door-right-front-a.001
Fra:1 Mem:76.27M (Peak 76.27M) | Time:00:00.06 | Mem:0.00M, Peak:0.00M | Scene, ViewLayer | Synchronizing object | door-right-rear-a.002
Fra:1 Mem:76.28M (Peak 76.28M) | Time:00:00.06 | Mem:0.00M, Peak:0.00M | Scene, ViewLayer | Synchronizing object | door-right-front-b.001
Fra:1 Mem:76.31M (Peak 76.31M) | Time:00:00.06 | Mem:0.00M, Peak:0.00M | Scene, ViewLayer | Synchronizing object | door-right-front-b.002
Fra:1 Mem:76.31M (Peak 76.31M) | Time:00:00.06 | Mem:0.00M, Peak:0.00M | Scene, ViewLayer | Synchronizing object | door-right-rear-a.001
Fra:1 Mem:76.33M (Peak 76.33M) | Time:00:00.06 | Mem:0.00M, Peak:0.00M | Scene, ViewLayer | Synchronizing object | door-right-front-a.002
Fra:1 Mem:76.33M (Peak 76.33M) | Time:00:00.06 | Mem:0.00M, Peak:0.00M | Scene, ViewLayer | Synchronizing object | door-right-rear-b.001
Fra:1 Mem:76.34M (Peak 76.34M) | Time:00:00.06 | Mem:0.00M, Peak:0.00M | Scene, ViewLayer | Synchronizing object | door-right-center-b.002
Fra:1 Mem:76.35M (Peak 76.35M) | Time:00:00.06 | Mem:0.00M, Peak:0.00M | Scene, ViewLayer | Synchronizing object | glass.001
Fra:1 Mem:76.35M (Peak 76.35M) | Time:00:00.06 | Mem:0.00M, Peak:0.00M | Scene, ViewLayer | Synchronizing object | door-right-center-a.002
Fra:1 Mem:76.42M (Peak 76.42M) | Time:00:00.06 | Mem:0.00M, Peak:0.00M | Scene, ViewLayer | Synchronizing object | door-left-rear-b.002
Fra:1 Mem:76.41M (Peak 76.42M) | Time:00:00.06 | Mem:0.00M, Peak:0.00M | Scene, ViewLayer | Synchronizing object | door-left-rear-a.002
Fra:1 Mem:76.41M (Peak 76.42M) | Time:00:00.06 | Mem:0.00M, Peak:0.00M | Scene, ViewLayer | Synchronizing object | wheel-front-front-left.001
Fra:1 Mem:76.40M (Peak 76.42M) | Time:00:00.06 | Mem:0.00M, Peak:0.00M | Scene, ViewLayer | Synchronizing object | door-left-front-b.002
Fra:1 Mem:76.42M (Peak 76.42M) | Time:00:00.06 | Mem:0.00M, Peak:0.00M | Scene, ViewLayer | Synchronizing object | wheel-front-front-right.001
Fra:1 Mem:76.41M (Peak 76.42M) | Time:00:00.06 | Mem:0.00M, Peak:0.00M | Scene, ViewLayer | Synchronizing object | wheel-front-rear-left.001
Fra:1 Mem:76.41M (Peak 76.42M) | Time:00:00.06 | Mem:0.00M, Peak:0.00M | Scene, ViewLayer | Synchronizing object | door-left-front-a.002
Fra:1 Mem:76.44M (Peak 76.44M) | Time:00:00.06 | Mem:0.00M, Peak:0.00M | Scene, ViewLayer | Synchronizing object | wheel-front-rear-right.001
Fra:1 Mem:76.43M (Peak 76.44M) | Time:00:00.06 | Mem:0.00M, Peak:0.00M | Scene, ViewLayer | Synchronizing object | door-left-center-b.002
Fra:1 Mem:76.43M (Peak 76.44M) | Time:00:00.06 | Mem:0.00M, Peak:0.00M | Scene, ViewLayer | Synchronizing object | wheel-rear-front-left.001
Fra:1 Mem:76.46M (Peak 76.46M) | Time:00:00.06 | Mem:0.00M, Peak:0.00M | Scene, ViewLayer | Synchronizing object | wheel-rear-front-right.001
Fra:1 Mem:76.44M (Peak 76.46M) | Time:00:00.06 | Mem:0.00M, Peak:0.00M | Scene, ViewLayer | Synchronizing object | door-left-center-a.002
Fra:1 Mem:76.46M (Peak 76.46M) | Time:00:00.06 | Mem:0.00M, Peak:0.00M | Scene, ViewLayer | Synchronizing object | wheel-rear-rear-left.001
Fra:1 Mem:76.47M (Peak 76.47M) | Time:00:00.06 | Mem:0.00M, Peak:0.00M | Scene, ViewLayer | Synchronizing object | bogie-rear-frame.002
Fra:1 Mem:76.47M (Peak 76.47M) | Time:00:00.06 | Mem:0.00M, Peak:0.00M | Scene, ViewLayer | Synchronizing object | wheel-rear-rear-right.001
Fra:1 Mem:76.47M (Peak 76.47M) | Time:00:00.06 | Mem:0.00M, Peak:0.00M | Scene, ViewLayer | Synchronizing object | bogie-front-frame.002
Fra:1 Mem:76.47M (Peak 76.47M) | Time:00:00.06 | Mem:0.00M, Peak:0.00M | Scene, ViewLayer | Synchronizing object | interior-batch-metro-wall.001
Fra:1 Mem:76.47M (Peak 76.47M) | Time:00:00.06 | Mem:0.00M, Peak:0.00M | Scene, ViewLayer | Synchronizing object | body-shell.002
Fra:1 Mem:76.82M (Peak 76.82M) | Time:00:00.06 | Mem:0.00M, Peak:0.00M | Scene, ViewLayer | Synchronizing object | interior-batch-metro-floor.001
Fra:1 Mem:76.84M (Peak 76.84M) | Time:00:00.06 | Mem:0.00M, Peak:0.00M | Scene, ViewLayer | Synchronizing object | interior-batch-metro-rail.001
Fra:1 Mem:76.69M (Peak 76.84M) | Time:00:00.07 | Mem:0.00M, Peak:0.00M | Scene, ViewLayer | Synchronizing object | interior-batch-metro-screen.001
Fra:1 Mem:76.85M (Peak 76.85M) | Time:00:00.07 | Mem:0.00M, Peak:0.00M | Scene, ViewLayer | Synchronizing object | interior-batch-metro-priority-seat.001
Fra:1 Mem:76.86M (Peak 76.86M) | Time:00:00.07 | Mem:0.00M, Peak:0.00M | Scene, ViewLayer | Synchronizing object | interior-batch-metro-seat.001
Fra:1 Mem:76.71M (Peak 76.86M) | Time:00:00.07 | Mem:0.00M, Peak:0.00M | Scene, ViewLayer | Initializing
Fra:1 Mem:51.84M (Peak 76.86M) | Time:00:00.08 | Mem:0.00M, Peak:0.00M | Scene, ViewLayer | Waiting for render to start
Fra:1 Mem:51.84M (Peak 76.86M) | Time:00:00.08 | Mem:0.00M, Peak:0.00M | Scene, ViewLayer | Loading render kernels (may take a few minutes the first time)
Fra:1 Mem:51.84M (Peak 76.86M) | Time:00:00.08 | Mem:0.00M, Peak:0.00M | Scene, ViewLayer | Updating Scene
Fra:1 Mem:51.84M (Peak 76.86M) | Time:00:00.08 | Mem:0.00M, Peak:0.00M | Scene, ViewLayer | Updating Shaders
Fra:1 Mem:52.02M (Peak 76.86M) | Time:00:00.08 | Mem:0.11M, Peak:0.11M | Scene, ViewLayer | Updating Procedurals
Fra:1 Mem:52.02M (Peak 76.86M) | Time:00:00.08 | Mem:0.11M, Peak:0.11M | Scene, ViewLayer | Updating Background
Fra:1 Mem:52.02M (Peak 76.86M) | Time:00:00.08 | Mem:0.11M, Peak:0.11M | Scene, ViewLayer | Updating Camera
Fra:1 Mem:52.02M (Peak 76.86M) | Time:00:00.08 | Mem:0.11M, Peak:0.11M | Scene, ViewLayer | Updating Meshes Flags
Fra:1 Mem:52.02M (Peak 76.86M) | Time:00:00.08 | Mem:0.11M, Peak:0.11M | Scene, ViewLayer | Updating Objects
Fra:1 Mem:52.02M (Peak 76.86M) | Time:00:00.08 | Mem:0.11M, Peak:0.11M | Scene, ViewLayer | Updating Objects | Copying Transformations to device
Fra:1 Mem:52.08M (Peak 76.86M) | Time:00:00.08 | Mem:0.16M, Peak:0.16M | Scene, ViewLayer | Updating Objects | Applying Static Transformations
Fra:1 Mem:52.08M (Peak 76.86M) | Time:00:00.08 | Mem:0.16M, Peak:0.16M | Scene, ViewLayer | Updating Particle Systems
Fra:1 Mem:52.08M (Peak 76.86M) | Time:00:00.08 | Mem:0.16M, Peak:0.16M | Scene, ViewLayer | Updating Particle Systems | Copying Particles to device
Fra:1 Mem:52.08M (Peak 76.86M) | Time:00:00.08 | Mem:0.16M, Peak:0.16M | Scene, ViewLayer | Updating Meshes
Fra:1 Mem:52.31M (Peak 76.86M) | Time:00:00.08 | Mem:0.16M, Peak:0.16M | Scene, ViewLayer | Updating Mesh | Computing attributes
Fra:1 Mem:52.92M (Peak 76.86M) | Time:00:00.08 | Mem:0.18M, Peak:0.18M | Scene, ViewLayer | Updating Mesh | Copying Attributes to device
Fra:1 Mem:52.87M (Peak 76.86M) | Time:00:00.08 | Mem:0.73M, Peak:0.73M | Scene, ViewLayer | Updating Scene BVH | Building
Fra:1 Mem:52.88M (Peak 76.86M) | Time:00:00.08 | Mem:0.73M, Peak:0.73M | Scene, ViewLayer | Updating Scene BVH | Building BVH
Fra:1 Mem:52.88M (Peak 76.86M) | Time:00:00.08 | Mem:1.18M, Peak:1.18M | Scene, ViewLayer | Updating Scene BVH | Building BVH 0%
Fra:1 Mem:52.88M (Peak 76.86M) | Time:00:00.08 | Mem:1.72M, Peak:2.16M | Scene, ViewLayer | Updating Scene BVH | Copying BVH to device
Fra:1 Mem:52.88M (Peak 76.86M) | Time:00:00.08 | Mem:1.72M, Peak:2.16M | Scene, ViewLayer | Updating Mesh | Computing normals
Fra:1 Mem:54.44M (Peak 76.86M) | Time:00:00.09 | Mem:1.72M, Peak:2.16M | Scene, ViewLayer | Updating Mesh | Copying Mesh to device
Fra:1 Mem:54.44M (Peak 76.86M) | Time:00:00.09 | Mem:3.27M, Peak:3.27M | Scene, ViewLayer | Updating Objects Flags
Fra:1 Mem:54.44M (Peak 76.86M) | Time:00:00.09 | Mem:3.28M, Peak:3.28M | Scene, ViewLayer | Updating Primitive Offsets
Fra:1 Mem:54.44M (Peak 76.86M) | Time:00:00.09 | Mem:3.28M, Peak:3.28M | Scene, ViewLayer | Updating Images
Fra:1 Mem:54.44M (Peak 76.86M) | Time:00:00.09 | Mem:3.28M, Peak:3.28M | Scene, ViewLayer | Updating Camera Volume
Fra:1 Mem:54.44M (Peak 76.86M) | Time:00:00.09 | Mem:3.28M, Peak:3.28M | Scene, ViewLayer | Updating Lookup Tables
Fra:1 Mem:54.44M (Peak 76.86M) | Time:00:00.09 | Mem:3.36M, Peak:3.36M | Scene, ViewLayer | Updating Lights
Fra:1 Mem:54.44M (Peak 76.86M) | Time:00:00.09 | Mem:3.36M, Peak:3.36M | Scene, ViewLayer | Updating Lights | Computing tree
Fra:1 Mem:54.45M (Peak 76.86M) | Time:00:00.09 | Mem:3.37M, Peak:3.37M | Scene, ViewLayer | Updating Integrator
Fra:1 Mem:54.45M (Peak 76.86M) | Time:00:00.09 | Mem:3.37M, Peak:3.37M | Scene, ViewLayer | Updating Film
Fra:1 Mem:54.45M (Peak 76.86M) | Time:00:00.09 | Mem:3.29M, Peak:3.37M | Scene, ViewLayer | Updating Lookup Tables
Fra:1 Mem:54.45M (Peak 76.86M) | Time:00:00.09 | Mem:3.37M, Peak:3.37M | Scene, ViewLayer | Updating Baking
Fra:1 Mem:54.45M (Peak 76.86M) | Time:00:00.09 | Mem:3.37M, Peak:3.37M | Scene, ViewLayer | Updating Device | Writing constant memory
Fra:1 Mem:54.46M (Peak 76.86M) | Time:00:00.09 | Mem:3.37M, Peak:3.37M | Scene, ViewLayer | Sample 0/32
Fra:1 Mem:68.20M (Peak 76.86M) | Time:00:01.03 | Remaining:00:29.38 | Mem:17.11M, Peak:17.11M | Scene, ViewLayer | Sample 1/32
Fra:1 Mem:74.31M (Peak 86.51M) | Time:00:29.37 | Mem:17.11M, Peak:17.11M | Scene, ViewLayer | Sample 32/32
Fra:1 Mem:74.31M (Peak 86.51M) | Time:00:29.37 | Mem:17.11M, Peak:17.11M | Scene, ViewLayer | Finished
Saved: '/workspace/scratch/7c20b5ba4165/atlas-backlog-oct3/tools/assets/transit-station-spaces/qa/previews/metro-threshold-deployed.png'
Time: 00:29.43 (Saving: 00:00.05)

Extensions: writing cache failed ([Errno 30] Read-only file system: '/home/agent/.config/blender').
17:11:32 | INFO: Data are loaded, start creating Blender stuff
17:11:32 | INFO: Blender create Mesh node module-batch-painted-metal
17:11:32 | INFO: Blender create Mesh node module-batch-tactile-yellow
17:11:32 | INFO: glTF import finished in 0.00s
17:11:32 | INFO: Data are loaded, start creating Blender stuff
17:11:32 | INFO: Blender create Mesh node module-batch-painted-metal
17:11:32 | INFO: Blender create Mesh node module-batch-tactile-yellow
17:11:32 | INFO: glTF import finished in 0.00s
Fra:1 Mem:16.71M (Peak 17.61M) | Time:00:00.00 | Mem:0.00M, Peak:0.00M | Scene, ViewLayer | Synchronizing object | module-batch-painted-metal
Fra:1 Mem:16.71M (Peak 17.61M) | Time:00:00.00 | Mem:0.00M, Peak:0.00M | Scene, ViewLayer | Synchronizing object | qa-label
Fra:1 Mem:16.78M (Peak 17.61M) | Time:00:00.00 | Mem:0.00M, Peak:0.00M | Scene, ViewLayer | Synchronizing object | module-batch-tactile-yellow
Fra:1 Mem:16.80M (Peak 17.61M) | Time:00:00.00 | Mem:0.00M, Peak:0.00M | Scene, ViewLayer | Synchronizing object | qa-research-support
Fra:1 Mem:16.80M (Peak 17.61M) | Time:00:00.00 | Mem:0.00M, Peak:0.00M | Scene, ViewLayer | Synchronizing object | module-batch-painted-metal.001
Fra:1 Mem:16.82M (Peak 17.61M) | Time:00:00.00 | Mem:0.00M, Peak:0.00M | Scene, ViewLayer | Synchronizing object | qa-label.001
Fra:1 Mem:16.84M (Peak 17.61M) | Time:00:00.00 | Mem:0.00M, Peak:0.00M | Scene, ViewLayer | Synchronizing object | module-batch-tactile-yellow.001
Fra:1 Mem:16.86M (Peak 17.61M) | Time:00:00.00 | Mem:0.00M, Peak:0.00M | Scene, ViewLayer | Synchronizing object | qa-research-support.001
Fra:1 Mem:16.87M (Peak 17.61M) | Time:00:00.00 | Mem:0.00M, Peak:0.00M | Scene, ViewLayer | Synchronizing object | qa-ground
Fra:1 Mem:16.87M (Peak 17.61M) | Time:00:00.00 | Mem:0.00M, Peak:0.00M | Scene, ViewLayer | Synchronizing object | qa-human-torso
Fra:1 Mem:16.89M (Peak 17.61M) | Time:00:00.00 | Mem:0.00M, Peak:0.00M | Scene, ViewLayer | Synchronizing object | qa-human-leg
Fra:1 Mem:16.90M (Peak 17.61M) | Time:00:00.00 | Mem:0.00M, Peak:0.00M | Scene, ViewLayer | Synchronizing object | qa-human-arm
Fra:1 Mem:16.92M (Peak 17.61M) | Time:00:00.00 | Mem:0.00M, Peak:0.00M | Scene, ViewLayer | Synchronizing object | qa-ruler-tick.010
Fra:1 Mem:16.93M (Peak 17.61M) | Time:00:00.00 | Mem:0.00M, Peak:0.00M | Scene, ViewLayer | Synchronizing object | qa-ruler-tick.009
Fra:1 Mem:16.92M (Peak 17.61M) | Time:00:00.00 | Mem:0.00M, Peak:0.00M | Scene, ViewLayer | Synchronizing object | qa-ruler-tick.008
Fra:1 Mem:16.92M (Peak 17.61M) | Time:00:00.00 | Mem:0.00M, Peak:0.00M | Scene, ViewLayer | Synchronizing object | qa-human-leg.001
Fra:1 Mem:16.92M (Peak 17.61M) | Time:00:00.00 | Mem:0.00M, Peak:0.00M | Scene, ViewLayer | Synchronizing object | qa-ruler-tick.007
Fra:1 Mem:16.94M (Peak 17.61M) | Time:00:00.00 | Mem:0.00M, Peak:0.00M | Scene, ViewLayer | Synchronizing object | qa-ruler-tick.006
Fra:1 Mem:16.94M (Peak 17.61M) | Time:00:00.00 | Mem:0.00M, Peak:0.00M | Scene, ViewLayer | Synchronizing object | qa-ruler-tick.005
Fra:1 Mem:16.94M (Peak 17.61M) | Time:00:00.00 | Mem:0.00M, Peak:0.00M | Scene, ViewLayer | Synchronizing object | qa-ruler-tick.004
Fra:1 Mem:16.95M (Peak 17.61M) | Time:00:00.00 | Mem:0.00M, Peak:0.00M | Scene, ViewLayer | Synchronizing object | qa-ruler-tick.003
Fra:1 Mem:16.95M (Peak 17.61M) | Time:00:00.00 | Mem:0.00M, Peak:0.00M | Scene, ViewLayer | Synchronizing object | qa-ruler-tick.002
Fra:1 Mem:16.94M (Peak 17.61M) | Time:00:00.00 | Mem:0.00M, Peak:0.00M | Scene, ViewLayer | Synchronizing object | qa-human-arm.001
Fra:1 Mem:16.94M (Peak 17.61M) | Time:00:00.00 | Mem:0.00M, Peak:0.00M | Scene, ViewLayer | Synchronizing object | qa-ruler-tick.001
Fra:1 Mem:16.95M (Peak 17.61M) | Time:00:00.00 | Mem:0.00M, Peak:0.00M | Scene, ViewLayer | Synchronizing object | qa-ruler-tick
Fra:1 Mem:16.95M (Peak 17.61M) | Time:00:00.00 | Mem:0.00M, Peak:0.00M | Scene, ViewLayer | Synchronizing object | qa-one-metre-ruler
Fra:1 Mem:16.96M (Peak 17.61M) | Time:00:00.00 | Mem:0.00M, Peak:0.00M | Scene, ViewLayer | Synchronizing object | qa-human-head.001
Fra:1 Mem:16.96M (Peak 17.61M) | Time:00:00.00 | Mem:0.00M, Peak:0.00M | Scene, ViewLayer | Synchronizing object | qa-human-head
Fra:1 Mem:16.96M (Peak 17.61M) | Time:00:00.00 | Mem:0.00M, Peak:0.00M | Scene, ViewLayer | Synchronizing object | qa-human-arm.003
Fra:1 Mem:16.98M (Peak 17.61M) | Time:00:00.00 | Mem:0.00M, Peak:0.00M | Scene, ViewLayer | Synchronizing object | qa-human-torso.001
Fra:1 Mem:17.01M (Peak 17.61M) | Time:00:00.00 | Mem:0.00M, Peak:0.00M | Scene, ViewLayer | Synchronizing object | qa-human-leg.002
Fra:1 Mem:17.01M (Peak 17.61M) | Time:00:00.00 | Mem:0.00M, Peak:0.00M | Scene, ViewLayer | Synchronizing object | qa-human-leg.003
Fra:1 Mem:17.04M (Peak 17.61M) | Time:00:00.00 | Mem:0.00M, Peak:0.00M | Scene, ViewLayer | Synchronizing object | qa-human-arm.002
Fra:1 Mem:17.04M (Peak 17.61M) | Time:00:00.00 | Mem:0.00M, Peak:0.00M | Scene, ViewLayer | Initializing
Fra:1 Mem:14.83M (Peak 17.61M) | Time:00:00.00 | Mem:0.00M, Peak:0.00M | Scene, ViewLayer | Waiting for render to start
Fra:1 Mem:14.83M (Peak 17.61M) | Time:00:00.00 | Mem:0.00M, Peak:0.00M | Scene, ViewLayer | Loading render kernels (may take a few minutes the first time)
Fra:1 Mem:14.83M (Peak 17.61M) | Time:00:00.00 | Mem:0.00M, Peak:0.00M | Scene, ViewLayer | Updating Scene
Fra:1 Mem:14.83M (Peak 17.61M) | Time:00:00.00 | Mem:0.00M, Peak:0.00M | Scene, ViewLayer | Updating Shaders
Fra:1 Mem:14.92M (Peak 17.61M) | Time:00:00.00 | Mem:0.01M, Peak:0.01M | Scene, ViewLayer | Updating Procedurals
Fra:1 Mem:14.92M (Peak 17.61M) | Time:00:00.00 | Mem:0.01M, Peak:0.01M | Scene, ViewLayer | Updating Background
Fra:1 Mem:14.92M (Peak 17.61M) | Time:00:00.00 | Mem:0.01M, Peak:0.01M | Scene, ViewLayer | Updating Camera
Fra:1 Mem:14.92M (Peak 17.61M) | Time:00:00.00 | Mem:0.01M, Peak:0.01M | Scene, ViewLayer | Updating Meshes Flags
Fra:1 Mem:14.92M (Peak 17.61M) | Time:00:00.00 | Mem:0.01M, Peak:0.01M | Scene, ViewLayer | Updating Objects
Fra:1 Mem:14.92M (Peak 17.61M) | Time:00:00.00 | Mem:0.01M, Peak:0.01M | Scene, ViewLayer | Updating Objects | Copying Transformations to device
Fra:1 Mem:14.93M (Peak 17.61M) | Time:00:00.00 | Mem:0.01M, Peak:0.01M | Scene, ViewLayer | Updating Objects | Applying Static Transformations
Fra:1 Mem:14.93M (Peak 17.61M) | Time:00:00.00 | Mem:0.01M, Peak:0.01M | Scene, ViewLayer | Updating Particle Systems
Fra:1 Mem:14.93M (Peak 17.61M) | Time:00:00.00 | Mem:0.01M, Peak:0.01M | Scene, ViewLayer | Updating Particle Systems | Copying Particles to device
Fra:1 Mem:14.93M (Peak 17.61M) | Time:00:00.00 | Mem:0.01M, Peak:0.01M | Scene, ViewLayer | Updating Meshes
Fra:1 Mem:14.97M (Peak 17.61M) | Time:00:00.00 | Mem:0.01M, Peak:0.01M | Scene, ViewLayer | Updating Mesh | Computing attributes
Fra:1 Mem:15.03M (Peak 17.61M) | Time:00:00.00 | Mem:0.02M, Peak:0.02M | Scene, ViewLayer | Updating Mesh | Copying Attributes to device
Fra:1 Mem:15.02M (Peak 17.61M) | Time:00:00.00 | Mem:0.06M, Peak:0.06M | Scene, ViewLayer | Updating Scene BVH | Building
Fra:1 Mem:15.02M (Peak 17.61M) | Time:00:00.00 | Mem:0.06M, Peak:0.06M | Scene, ViewLayer | Updating Scene BVH | Building BVH
Fra:1 Mem:15.02M (Peak 17.61M) | Time:00:00.00 | Mem:0.15M, Peak:0.15M | Scene, ViewLayer | Updating Scene BVH | Building BVH 0%
Fra:1 Mem:15.02M (Peak 17.61M) | Time:00:00.00 | Mem:0.25M, Peak:0.34M | Scene, ViewLayer | Updating Scene BVH | Copying BVH to device
Fra:1 Mem:15.02M (Peak 17.61M) | Time:00:00.00 | Mem:0.25M, Peak:0.34M | Scene, ViewLayer | Updating Mesh | Computing normals
Fra:1 Mem:15.20M (Peak 17.61M) | Time:00:00.00 | Mem:0.25M, Peak:0.34M | Scene, ViewLayer | Updating Mesh | Copying Mesh to device
Fra:1 Mem:15.20M (Peak 17.61M) | Time:00:00.00 | Mem:0.43M, Peak:0.43M | Scene, ViewLayer | Updating Objects Flags
Fra:1 Mem:15.20M (Peak 17.61M) | Time:00:00.00 | Mem:0.43M, Peak:0.43M | Scene, ViewLayer | Updating Primitive Offsets
Fra:1 Mem:15.20M (Peak 17.61M) | Time:00:00.00 | Mem:0.43M, Peak:0.43M | Scene, ViewLayer | Updating Images
Fra:1 Mem:15.20M (Peak 17.61M) | Time:00:00.00 | Mem:0.43M, Peak:0.43M | Scene, ViewLayer | Updating Camera Volume
Fra:1 Mem:15.20M (Peak 17.61M) | Time:00:00.00 | Mem:0.43M, Peak:0.43M | Scene, ViewLayer | Updating Lookup Tables
Fra:1 Mem:15.20M (Peak 17.61M) | Time:00:00.00 | Mem:0.51M, Peak:0.51M | Scene, ViewLayer | Updating Lights
Fra:1 Mem:15.20M (Peak 17.61M) | Time:00:00.00 | Mem:0.51M, Peak:0.51M | Scene, ViewLayer | Updating Lights | Computing tree
Fra:1 Mem:15.20M (Peak 17.61M) | Time:00:00.00 | Mem:0.51M, Peak:0.51M | Scene, ViewLayer | Updating Integrator
Fra:1 Mem:15.20M (Peak 17.61M) | Time:00:00.00 | Mem:0.51M, Peak:0.51M | Scene, ViewLayer | Updating Film
Fra:1 Mem:15.20M (Peak 17.61M) | Time:00:00.00 | Mem:0.43M, Peak:0.51M | Scene, ViewLayer | Updating Lookup Tables
Fra:1 Mem:15.20M (Peak 17.61M) | Time:00:00.00 | Mem:0.51M, Peak:0.51M | Scene, ViewLayer | Updating Baking
Fra:1 Mem:15.20M (Peak 17.61M) | Time:00:00.00 | Mem:0.51M, Peak:0.51M | Scene, ViewLayer | Updating Device | Writing constant memory
Fra:1 Mem:15.20M (Peak 17.61M) | Time:00:00.00 | Mem:0.51M, Peak:0.51M | Scene, ViewLayer | Sample 0/32
Fra:1 Mem:28.39M (Peak 28.39M) | Time:00:00.37 | Remaining:00:11.39 | Mem:13.70M, Peak:13.70M | Scene, ViewLayer | Sample 1/32
Fra:1 Mem:34.25M (Peak 45.97M) | Time:00:10.76 | Mem:13.70M, Peak:13.70M | Scene, ViewLayer | Sample 32/32
Fra:1 Mem:34.25M (Peak 45.97M) | Time:00:10.76 | Mem:13.70M, Peak:13.70M | Scene, ViewLayer | Finished
Saved: '/workspace/scratch/7c20b5ba4165/atlas-backlog-oct3/tools/assets/transit-station-spaces/qa/previews/stored-deck-contact.png'
Time: 00:10.81 (Saving: 00:00.05)


Blender quit
