{"type":"FeatureCollection","features":[{"type":"Feature","properties":{"role":"remove-old-foreshore","areaM2":272679.5403583137,"note":"Entire connected City/OSM difference; broader than two beach profiles."},"geometry":{"type":"Polygon","coordinates":[[[-123.1302451,49.303398],[-123.1302826,49.3034206],[-123.1302981,49.3034307],[-123.1303337,49.3034577],[-123.1303876,49.3034917],[-123.1304129,49.3035083],[-123.1304368,49.3035251],[-123.1305628,49.303621],[-123.130597,49.3036483],[-123.1306279,49.3036777],[-123.1306556,49.3037001],[-123.1306827,49.303724],[-123.1307169,49.3037574],[-123.130836,49.3038585],[-123.1308561,49.3038778],[-123.1309367,49.3039489],[-123.1309592,49.3039734],[-123.1309728,49.303986],[-123.1309999,49.304005],[-123.1310613,49.3040598],[-123.1310894,49.3040838],[-123.1311527,49.3041343],[-123.1311817,49.3041558],[-123.1312094,49.3041775],[-123.1312759,49.3042351],[-123.131341,49.3042979],[-123.1313874,49.3043381],[-123.1314001,49.3043513],[-123.1314104,49.3043654],[-123.1314188,49.304388],[-123.1314315,49.3044128],[-123.1314352,49.3044184],[-123.1314455,49.3044276],[-123.1314647,49.304437],[-123.1314952,49.3044496],[-123.1315088,49.3044573],[-123.1315285,49.3044744],[-123.131536,49.3044849],[-123.1315397,49.3044953],[-123.1315397,49.3045057],[-123.1315364,49.3045238],[-123.1315364,49.304536],[-123.1315397,49.3045529],[-123.1315486,49.3045624],[-123.1315992,49.3045826],[-123.131617,49.3045924],[-123.1316442,49.3046194],[-123.1316512,49.3046295],[-123.1316569,49.3046454],[-123.1316555,49.3046549],[-123.1316494,49.3046724],[-123.1316512,49.3046822],[-123.1316555,49.3046862],[-123.1316747,49.3046975],[-123.1316957,49.3047064],[-123.1317136,49.3047168],[-123.1317248,49.3047278],[-123.1317379,49.3047499],[-123.1317384,49.3047594],[-123.1317351,49.3047738],[-123.1317276,49.3047934],[-123.1317243,49.3048115],[-123.1317314,49.3048204],[-123.1317688,49.3048498],[-123.1317885,49.3048614],[-123.1318194,49.3048835],[-123.131818,49.3048881],[-123.1318035,49.3048933],[-123.1317595,49.3048945],[-123.131744,49.304896],[-123.1317318,49.3049034],[-123.1317239,49.3049184],[-123.1317196,49.304934],[-123.1317211,49.3049484],[-123.1317253,49.3049598],[-123.1317328,49.3049708],[-123.1317501,49.304984],[-123.1317585,49.3049932],[-123.1317632,49.3050201],[-123.1317637,49.3050307],[-123.1317578,49.3050461],[-123.1317573,49.305056],[-123.1317615,49.3050654],[-123.1317814,49.305085],[-123.1317851,49.3050898],[-123.1317851,49.3050958],[-123.1317828,49.3051015],[-123.131769,49.3051136],[-123.1317663,49.3051179],[-123.1317658,49.305123],[-123.1317718,49.3051402],[-123.1317806,49.3051519],[-123.1317922,49.3051637],[-123.1318324,49.3051935],[-123.1318454,49.305205],[-123.1318879,49.3052495],[-123.1319679,49.3053185],[-123.1319906,49.3053369],[-123.1320456,49.3053746],[-123.1321066,49.305421],[-123.132144,49.305455],[-123.1322508,49.3055439],[-123.1323326,49.305611],[-123.1323562,49.3056252],[-123.1323678,49.3056327],[-123.1323904,49.3056535],[-123.1324177,49.3056761],[-123.1324561,49.3057059],[-123.1325087,49.3057409],[-123.1325531,49.3057752],[-123.1325823,49.305799],[-123.1326045,49.3058195],[-123.1326405,49.3058563],[-123.1326711,49.3058918],[-123.1327336,49.3059783],[-123.1327484,49.3059958],[-123.1327586,49.3060055],[-123.1327849,49.3060238],[-123.1328098,49.3060377],[-123.1328371,49.3060482],[-123.1328703,49.306059],[-123.1328939,49.3060677],[-123.1329161,49.306078],[-123.1329419,49.3060961],[-123.1329715,49.3061238],[-123.1329937,49.3061394],[-123.1330127,49.3061476],[-123.1330233,49.3061515],[-123.1330565,49.3061593],[-123.1331271,49.3061637],[-123.1331465,49.3061661],[-123.1332042,49.3061778],[-123.1332259,49.3061811],[-123.1332928,49.3061994],[-123.133314,49.3062066],[-123.133351,49.3062229],[-123.1333949,49.3062467],[-123.1334143,49.3062581],[-123.1334554,49.3062849],[-123.1334781,49.3063015],[-123.1334993,49.3063195],[-123.1335409,49.3063593],[-123.1335825,49.3063828],[-123.1336056,49.3063906],[-123.1336739,49.3064086],[-123.1337063,49.3064225],[-123.1337164,49.3064303],[-123.1337248,49.30644],[-123.1337382,49.3064626],[-123.133747,49.3064725],[-123.1337576,49.3064806],[-123.1337983,49.3064993],[-123.1338089,49.3065074],[-123.1338172,49.3065165],[-123.1338205,49.306521],[-123.1338279,49.3065415],[-123.1338335,49.3065518],[-123.1338409,49.3065608],[-123.1338501,49.3065686],[-123.1338561,49.3065725],[-123.1338783,49.3065816],[-123.1338982,49.3065915],[-123.133912,49.3066036],[-123.1339255,49.3066207],[-123.133944,49.3066364],[-123.133956,49.306643],[-123.1339731,49.3066475],[-123.1340298,49.3066526],[-123.1340446,49.3066556],[-123.1340603,49.3066598],[-123.1340852,49.3066682],[-123.1341226,49.306683],[-123.1341573,49.3066995],[-123.1341836,49.3067148],[-123.1342196,49.3067396],[-123.1342395,49.3067507],[-123.1342497,49.3067549],[-123.1342695,49.3067606],[-123.134305,49.3067657],[-123.1343401,49.3067723],[-123.1343609,49.306778],[-123.1343803,49.3067864],[-123.1343988,49.3067973],[-123.134414,49.306809],[-123.1344261,49.3068205],[-123.1344423,49.3068413],[-123.1344534,49.3068515],[-123.1344686,49.3068614],[-123.1344898,49.3068705],[-123.1345088,49.3068756],[-123.1345217,49.306878],[-123.1345987,49.3068812],[-123.1346251,49.3068833],[-123.1346384,49.3068854],[-123.134662,49.3068911],[-123.1346832,49.3068977],[-123.1346998,49.3069049],[-123.1347192,49.3069176],[-123.1347331,49.306929],[-123.1347498,49.3069483],[-123.1347734,49.3069914],[-123.1347808,49.3070017],[-123.1347901,49.3070107],[-123.1348021,49.3070197],[-123.134834,49.3070399],[-123.1348511,49.3070498],[-123.1348587,49.3070534],[-123.1348771,49.3070679],[-123.1348933,49.3070778],[-123.1349496,49.3070952],[-123.1349626,49.3071031],[-123.1349654,49.3071073],[-123.1349658,49.3071118],[-123.1349626,49.3071169],[-123.1349516,49.3071266],[-123.1349258,49.3071423],[-123.1349166,49.3071502],[-123.134912,49.3071622],[-123.1349143,49.3071734],[-123.1349204,49.3071821],[-123.1349245,49.3071867],[-123.1349301,49.3071909],[-123.1349444,49.3071978],[-123.1349624,49.3072035],[-123.1350062,49.307214],[-123.1350275,49.3072218],[-123.1350441,49.3072303],[-123.1350571,49.3072393],[-123.1350769,49.3072571],[-123.1350871,49.3072715],[-123.1350904,49.3072815],[-123.1350913,49.3072918],[-123.1350873,49.3073162],[-123.1350873,49.3073222],[-123.1350887,49.3073286],[-123.1350947,49.3073391],[-123.1351012,49.3073445],[-123.1351183,49.3073545],[-123.1351506,49.3073659],[-123.1351709,49.3073743],[-123.1351857,49.307384],[-123.1351903,49.3073888],[-123.135194,49.307399],[-123.1351922,49.3074051],[-123.135166,49.3074356],[-123.1351444,49.3074643],[-123.1351407,49.3074703],[-123.1351361,49.3074836],[-123.1351334,49.3074987],[-123.1351334,49.3075065],[-123.1351381,49.3075216],[-123.1351413,49.3075285],[-123.1351525,49.3075418],[-123.1351686,49.3075529],[-123.1351866,49.3075628],[-123.1352194,49.3075782],[-123.1352315,49.307586],[-123.1352361,49.3075914],[-123.1352449,49.3076129],[-123.13525,49.3076186],[-123.1352874,49.3076424],[-123.1352967,49.3076514],[-123.1353004,49.3076659],[-123.1352986,49.3076719],[-123.1352898,49.3076813],[-123.1352876,49.3076864],[-123.135288,49.3076922],[-123.1352913,49.3076985],[-123.1353001,49.3077066],[-123.1353172,49.3077178],[-123.135326,49.3077271],[-123.1353292,49.3077328],[-123.1353283,49.3077449],[-123.1353228,49.3077564],[-123.1353104,49.3077712],[-123.1352764,49.3078038],[-123.1352529,49.3078204],[-123.1352437,49.3078289],[-123.13524,49.3078343],[-123.1352377,49.3078406],[-123.1352341,49.3078624],[-123.1352332,49.3078726],[-123.135235,49.3078823],[-123.1352401,49.3078862],[-123.1352466,49.307888],[-123.1352696,49.3078819],[-123.1352858,49.307881],[-123.1352936,49.3078831],[-123.1352987,49.3078876],[-123.1353029,49.3078982],[-123.1353006,49.3079033],[-123.1352762,49.3079187],[-123.1352656,49.3079269],[-123.1352601,49.3079323],[-123.1352537,49.3079426],[-123.1352491,49.3079637],[-123.1352478,49.3079869],[-123.1352488,49.3080044],[-123.1352515,49.3080141],[-123.135258,49.3080268],[-123.1352613,49.3080379],[-123.13526,49.3080617],[-123.1352707,49.3080928],[-123.1352716,49.3081024],[-123.1352689,49.3081169],[-123.1352629,49.3081275],[-123.1352528,49.3081384],[-123.13524,49.3081559],[-123.1352303,49.3081749],[-123.1352248,49.3081966],[-123.1352244,49.3082181],[-123.1352194,49.3082353],[-123.1352111,49.3082503],[-123.1352093,49.3082558],[-123.1352089,49.3082724],[-123.1352061,49.3082778],[-123.1352002,49.3082835],[-123.1351771,49.308292],[-123.1351638,49.308299],[-123.1351596,49.3083029],[-123.1351578,49.3083083],[-123.1351587,49.308315],[-123.1351643,49.3083246],[-123.1351828,49.3083433],[-123.1351939,49.3083523],[-123.1352064,49.3083587],[-123.1352225,49.3083638],[-123.1352581,49.3083713],[-123.1352918,49.308383],[-123.1353149,49.3083884],[-123.1353287,49.3083902],[-123.1353532,49.3083905],[-123.1353698,49.3083928],[-123.1353767,49.3083962],[-123.1353804,49.3084004],[-123.1353846,49.3084121],[-123.1353879,49.3084299],[-123.1353893,49.3084453],[-123.1353888,49.3084511],[-123.1353833,49.3084601],[-123.1353806,49.308468],[-123.1353829,49.3084839],[-123.1353853,49.3084891],[-123.1353945,49.3084987],[-123.135437,49.3085288],[-123.1354611,49.3085475],[-123.1354851,49.3085698],[-123.1355008,49.3085782],[-123.135517,49.3085857],[-123.1355636,49.3086041],[-123.1355821,49.3086149],[-123.1355969,49.30863],[-123.1356297,49.3086544],[-123.1356358,49.3086595],[-123.1356427,49.3086707],[-123.1356529,49.308696],[-123.1356802,49.3087246],[-123.1356886,49.3087349],[-123.1357034,49.3087711],[-123.1357099,49.3087801],[-123.135721,49.3087903],[-123.1357381,49.3088111],[-123.1357386,49.3088223],[-123.1357363,49.3088268],[-123.1357211,49.308835],[-123.1357165,49.3088398],[-123.1357165,49.3088459],[-123.1357244,49.3088624],[-123.1357383,49.3088811],[-123.1357481,49.3088977],[-123.1357536,49.3089037],[-123.1357703,49.3089146],[-123.1357795,49.3089164],[-123.1357938,49.3089142],[-123.1358154,49.3089037],[-123.1358233,49.3089009],[-123.1358399,49.3089015],[-123.1358477,49.3089036],[-123.1358556,49.3089069],[-123.1358731,49.308919],[-123.1358768,49.3089238],[-123.1358857,49.30895],[-123.1358866,49.3089555],[-123.1358807,49.3089799],[-123.1358798,49.3089896],[-123.1358807,49.3089956],[-123.1358835,49.3090016],[-123.1358946,49.3090161],[-123.135903,49.3090318],[-123.1359048,49.3090414],[-123.1359169,49.3090613],[-123.1359359,49.3090797],[-123.1359368,49.3090845],[-123.1359267,49.3090942],[-123.1359239,49.3090984],[-123.1359244,49.3091078],[-123.1359281,49.3091144],[-123.1359369,49.3091231],[-123.1359559,49.3091361],[-123.1359702,49.3091424],[-123.1359789,49.3091451],[-123.1359882,49.3091463],[-123.1360232,49.3091439],[-123.1360394,49.3091454],[-123.1360518,49.3091529],[-123.136069,49.3091676],[-123.1360745,49.3091773],[-123.1360759,49.3091927],[-123.1360824,49.3092017],[-123.1361004,49.3092098],[-123.1361078,49.3092122],[-123.1361392,49.3092182],[-123.136154,49.3092236],[-123.1361596,49.3092285],[-123.136166,49.3092387],[-123.1361665,49.3092444],[-123.1361633,49.309255],[-123.1361578,49.3092647],[-123.1361551,49.3092743],[-123.1361565,49.3092837],[-123.1361875,49.3093292],[-123.1361921,49.3093328],[-123.1362494,49.3093557],[-123.1362743,49.3093695],[-123.1362841,49.3093777],[-123.1362998,49.3093988],[-123.136316,49.3094165],[-123.1363225,49.3094262],[-123.1363322,49.309447],[-123.1363434,49.3095037],[-123.1363435,49.3095308],[-123.1363454,49.3095429],[-123.136351,49.3095562],[-123.1363667,49.3095821],[-123.1363719,49.3095969],[-123.1363705,49.3096032],[-123.1363645,49.3096126],[-123.1363383,49.309634],[-123.13633,49.3096437],[-123.1363282,49.3096491],[-123.1363286,49.3096548],[-123.1363389,49.3096765],[-123.1363403,49.3096823],[-123.136338,49.3096928],[-123.1363385,49.3096974],[-123.1363417,49.3097037],[-123.1363505,49.3097142],[-123.1363671,49.3097287],[-123.136375,49.3097423],[-123.1363797,49.3097561],[-123.1363806,49.3097688],[-123.136377,49.3097845],[-123.1363637,49.3098017],[-123.1363595,49.3098081],[-123.1363559,49.3098195],[-123.1363554,49.3098247],[-123.1363601,49.3098397],[-123.1363689,49.3098569],[-123.1363759,49.3098777],[-123.1363833,49.3098934],[-123.1363944,49.3099121],[-123.1364217,49.3099431],[-123.136431,49.309957],[-123.1364393,49.3099666],[-123.1364555,49.3099796],[-123.136467,49.3099871],[-123.1364888,49.3099971],[-123.1365012,49.310004],[-123.1365318,49.3100359],[-123.1365461,49.3100501],[-123.1365623,49.310063],[-123.1365785,49.310079],[-123.1365914,49.310088],[-123.1366349,49.3101272],[-123.1366497,49.3101417],[-123.1366604,49.310157],[-123.1366618,49.3101748],[-123.1366632,49.3101812],[-123.1366729,49.3101941],[-123.1366826,49.3102017],[-123.1367011,49.3102113],[-123.1367136,49.3102158],[-123.136727,49.3102233],[-123.1367455,49.3102444],[-123.1367608,49.3102694],[-123.1367737,49.3102863],[-123.1368117,49.3103279],[-123.1368353,49.3103499],[-123.1368501,49.3103602],[-123.1368723,49.3103722],[-123.1368843,49.31038],[-123.1369009,49.3103957],[-123.1369083,49.3104053],[-123.1369144,49.3104292],[-123.1369204,49.3104415],[-123.1369426,49.3104626],[-123.1369473,49.3104722],[-123.1369459,49.3104768],[-123.1369418,49.3104813],[-123.1369408,49.3104861],[-123.1369482,49.3104952],[-123.1369607,49.3104997],[-123.1370008,49.3104963],[-123.1370156,49.3104963],[-123.1370299,49.310499],[-123.137059,49.3105095],[-123.1370802,49.3105186],[-123.1371121,49.3105254],[-123.1371352,49.3105399],[-123.1371736,49.3105613],[-123.1372009,49.3105887],[-123.1372078,49.3105992],[-123.1372162,49.310621],[-123.1372315,49.3106454],[-123.1372342,49.3106514],[-123.1372371,49.3106858],[-123.137235,49.310744],[-123.1372354,49.3107485],[-123.137241,49.3107594],[-123.1372521,49.310769],[-123.137271,49.310779],[-123.1372743,49.3107835],[-123.1372734,49.3107932],[-123.1372522,49.3108089],[-123.1372435,49.3108182],[-123.1372251,49.310852],[-123.1372312,49.3108692],[-123.1372404,49.3108825],[-123.1372437,49.3108924],[-123.1372419,49.3109093],[-123.1372466,49.3109371],[-123.1372526,49.3109531],[-123.1372582,49.3109627],[-123.1372827,49.3109865],[-123.1373146,49.3110121],[-123.1373229,49.3110218],[-123.1373248,49.3110326],[-123.1373226,49.3110583],[-123.1373384,49.3110938],[-123.1373463,49.3111273],[-123.1373551,49.3111523],[-123.137364,49.3111695],[-123.1373792,49.3111921],[-123.1373922,49.3112066],[-123.1374315,49.31124],[-123.1374431,49.3112482],[-123.1374606,49.3112542],[-123.1374777,49.3112575],[-123.1375035,49.3112593],[-123.1375128,49.3112611],[-123.1375206,49.3112638],[-123.1375271,49.3112674],[-123.1375349,49.3112767],[-123.1375401,49.3112939],[-123.1375429,49.3112999],[-123.1375567,49.3113174],[-123.1375683,49.3113274],[-123.1375956,49.3113439],[-123.1376219,49.3113526],[-123.1376736,49.311364],[-123.1377064,49.3113728],[-123.1377285,49.3113854],[-123.1377549,49.3113947],[-123.1377724,49.3114062],[-123.1377826,49.311414],[-123.1378011,49.3114345],[-123.137815,49.3114459],[-123.1378233,49.3114501],[-123.1378418,49.3114556],[-123.1378589,49.3114589],[-123.1378732,49.3114646],[-123.1378945,49.3114832],[-123.1379083,49.3114935],[-123.1379245,49.311501],[-123.1379333,49.3115037],[-123.1379693,49.3115079],[-123.1379831,49.3115109],[-123.137996,49.3115157],[-123.1380085,49.3115232],[-123.1380279,49.3115395],[-123.1380395,49.3115537],[-123.1380507,49.3115802],[-123.1380562,49.3115904],[-123.1380641,49.3116004],[-123.1380738,49.3116091],[-123.1380793,49.3116127],[-123.1380918,49.3116173],[-123.1381163,49.3116211],[-123.1381255,49.3116236],[-123.1381444,49.3116317],[-123.1381694,49.3116509],[-123.1381768,49.3116552],[-123.1382013,49.3116651],[-123.1382142,49.3116735],[-123.1382179,49.3116783],[-123.1382426,49.3117432],[-123.1382491,49.3117522],[-123.1382588,49.311761],[-123.1382782,49.3117742],[-123.1383244,49.3117989],[-123.1383364,49.3118067],[-123.1383586,49.3118272],[-123.1383743,49.3118459],[-123.1384026,49.3118884],[-123.1384156,49.3119035],[-123.1384488,49.3119282],[-123.138459,49.3119372],[-123.1384831,49.3119655],[-123.1385151,49.3120201],[-123.1385271,49.3120388],[-123.1385544,49.3120728],[-123.1385855,49.3121183],[-123.138598,49.3121319],[-123.1386086,49.3121412],[-123.1386558,49.3121738],[-123.1386622,49.312178],[-123.1387126,49.3122018],[-123.1387431,49.3122186],[-123.1387662,49.3122349],[-123.1387824,49.312249],[-123.1388028,49.3122744],[-123.1388171,49.3122885],[-123.1388217,49.3122921],[-123.1388287,49.3122948],[-123.1388517,49.3122882],[-123.1388734,49.3122987],[-123.138884,49.3123062],[-123.1388933,49.3123153],[-123.1389221,49.3123702],[-123.138991,49.3124319],[-123.1390058,49.3124379],[-123.1390321,49.3124587],[-123.1390566,49.3124867],[-123.1390729,49.3125124],[-123.1390803,49.3125274],[-123.13909,49.3125549],[-123.1391067,49.3125802],[-123.1391197,49.3125953],[-123.1391336,49.3126073],[-123.139141,49.3126194],[-123.1391572,49.3126558],[-123.1391846,49.3127044],[-123.1392156,49.3127469],[-123.1392309,49.3127707],[-123.1392356,49.3127822],[-123.139237,49.3127963],[-123.1392329,49.312825],[-123.1392339,49.3128365],[-123.1392385,49.3128455],[-123.1392464,49.3128555],[-123.1392533,49.3128612],[-123.1392787,49.3128747],[-123.1393305,49.3128994],[-123.1393416,49.3129066],[-123.1393531,49.3129172],[-123.1393712,49.3129374],[-123.1393943,49.3129536],[-123.1394243,49.312972],[-123.1394354,49.312981],[-123.1394419,49.3129937],[-123.1394498,49.3130048],[-123.1394604,49.3130142],[-123.1394914,49.3130331],[-123.1395039,49.3130431],[-123.1395085,49.3130545],[-123.1395063,49.3130669],[-123.1394921,49.3130962],[-123.1394893,49.3131065],[-123.1394884,49.3131203],[-123.1394917,49.3131297],[-123.1394949,49.3131348],[-123.1395079,49.3131463],[-123.1395398,49.313167],[-123.1395509,49.3131767],[-123.1395638,49.3131948],[-123.1395731,49.3132032],[-123.1395842,49.3132104],[-123.1395985,49.3132167],[-123.1396507,49.3132357],[-123.1396664,49.3132429],[-123.1396904,49.3132586],[-123.1397066,49.3132655],[-123.1397449,49.3132778],[-123.1397611,49.3132817],[-123.1397966,49.3132856],[-123.139822,49.3132895],[-123.1398298,49.313291],[-123.1398437,49.3132952],[-123.1398668,49.3133072],[-123.1398797,49.3133126],[-123.1399079,49.3133195],[-123.1399176,49.3133198],[-123.1399955,49.3133074],[-123.1400227,49.3133046],[-123.1400453,49.3133049],[-123.1400652,49.313307],[-123.1401492,49.3133238],[-123.1401695,49.3133286],[-123.140212,49.3133424],[-123.1402605,49.3133607],[-123.1402827,49.3133704],[-123.1402985,49.3133749],[-123.1403519,49.3133902],[-123.1403745,49.3133941],[-123.1404751,49.3134024],[-123.1404941,49.3134045],[-123.1405222,49.313409],[-123.1405739,49.3134198],[-123.1406187,49.3134327],[-123.14067,49.3134504],[-123.1407093,49.3134664],[-123.1407282,49.3134751],[-123.1407664,49.3134954],[-123.1407679,49.3134962],[-123.1408465,49.313545],[-123.1408867,49.3135675],[-123.1409121,49.3135847],[-123.1409325,49.313601],[-123.1409538,49.313622],[-123.1409764,49.3136465],[-123.1410028,49.3136829],[-123.1410334,49.3137342],[-123.1410501,49.3137691],[-123.1410543,49.3137791],[-123.1410716,49.3138367],[-123.1410809,49.3138729],[-123.1410953,49.3139057],[-123.1411018,49.3139178],[-123.1411152,49.3139374],[-123.1411439,49.3139724],[-123.141155,49.3139838],[-123.141167,49.3139935],[-123.1411805,49.3140022],[-123.1412183,49.3140233],[-123.1412812,49.3140558],[-123.1413103,49.3140693],[-123.1413403,49.3140816],[-123.1413606,49.314087],[-123.1413906,49.3140927],[-123.1414414,49.3140981],[-123.141458,49.3140993],[-123.1414871,49.3140989],[-123.1415466,49.3140931],[-123.1416029,49.3140913],[-123.14166,49.3140858],[-123.1417006,49.3140803],[-123.1417375,49.3140766],[-123.1417735,49.3140754],[-123.1418067,49.3140759],[-123.1419083,49.3140855],[-123.141935,49.314086],[-123.1419544,49.3140854],[-123.142031,49.3140775],[-123.1420752,49.3140738],[-123.1420905,49.3140741],[-123.1421113,49.3140651],[-123.1421486,49.3140619],[-123.1421852,49.3140582],[-123.1422235,49.314052],[-123.1422635,49.3140531],[-123.1423094,49.314058],[-123.1423426,49.3140588],[-123.1423785,49.3140496],[-123.1423993,49.3140388],[-123.1424194,49.3140316],[-123.1424473,49.3140359],[-123.1424812,49.3140473],[-123.1425151,49.3140523],[-123.1425568,49.3140525],[-123.1426012,49.3140471],[-123.1426575,49.3140412],[-123.1427014,49.314034],[-123.142744,49.3140251],[-123.1427905,49.3140129],[-123.1428095,49.31401],[-123.1428916,49.3139904],[-123.1429611,49.3139759],[-123.1430029,49.313969],[-123.1430284,49.3139661],[-123.1430748,49.3139585],[-123.1431133,49.3139494],[-123.1431832,49.3139304],[-123.143256,49.3139132],[-123.143288,49.3139048],[-123.1433431,49.3138877],[-123.1433811,49.3138784],[-123.1433992,49.3138749],[-123.1434447,49.3138691],[-123.1434646,49.3138675],[-123.1434898,49.3138667],[-123.1435465,49.3138706],[-123.1435796,49.3138701],[-123.1436162,49.3138659],[-123.1436492,49.3138605],[-123.1436807,49.313853],[-123.1437214,49.3138388],[-123.1437436,49.3138319],[-123.1437678,49.3138263],[-123.1438058,49.3138206],[-123.1438188,49.3138193],[-123.143843,49.3138185],[-123.1438779,49.3138192],[-123.1439234,49.3138171],[-123.1439926,49.3138097],[-123.1440591,49.3138047],[-123.1441335,49.3138042],[-123.1442413,49.313798],[-123.144264,49.3137958],[-123.1442984,49.3137888],[-123.1443396,49.3137767],[-123.1443955,49.3137529],[-123.144426,49.313743],[-123.144458,49.313731],[-123.1445288,49.3137077],[-123.1445853,49.3136909],[-123.1446112,49.3136847],[-123.1446669,49.3136734],[-123.1446896,49.3136693],[-123.1447045,49.3136673],[-123.1447993,49.3136619],[-123.1448587,49.3136572],[-123.1449488,49.3136445],[-123.1449729,49.3136389],[-123.1449965,49.3136354],[-123.1450337,49.3136339],[-123.1450649,49.3136358],[-123.145085,49.313639],[-123.1451358,49.3136506],[-123.145189,49.3136606],[-123.1452972,49.3136781],[-123.1453153,49.3136789],[-123.1453539,49.3136765],[-123.1453883,49.3136727],[-123.1454119,49.313668],[-123.1454346,49.313662],[-123.1454582,49.3136537],[-123.1454869,49.3136419],[-123.1455095,49.3136305],[-123.1455534,49.3136147],[-123.1455701,49.3136092],[-123.1456118,49.3135998],[-123.1456383,49.3135957],[-123.1456476,49.313595],[-123.1456765,49.3135978],[-123.14571,49.3136055],[-123.1458035,49.3136004],[-123.1458225,49.3135951],[-123.1458414,49.3135867],[-123.1458497,49.3135818],[-123.145885,49.3135497],[-123.1458947,49.3135438],[-123.1459183,49.3135336],[-123.1459734,49.3135178],[-123.1460002,49.3135085],[-123.1460469,49.313486],[-123.1460672,49.3134786],[-123.1461363,49.3134614],[-123.1461614,49.3134576],[-123.1461943,49.3134504],[-123.1462374,49.3134388],[-123.1462971,49.3134248],[-123.1463213,49.3134198],[-123.146377,49.3134121],[-123.1464267,49.3134078],[-123.1464634,49.3134073],[-123.1465039,49.3134085],[-123.1465267,49.3134099],[-123.1465491,49.3134128],[-123.1465705,49.3134169],[-123.1465892,49.3134217],[-123.1466102,49.3134298],[-123.1466383,49.3134436],[-123.1466603,49.3134516],[-123.1466785,49.3134573],[-123.1467089,49.3134635],[-123.1467648,49.3134716],[-123.1467905,49.3134772],[-123.1468092,49.313485],[-123.1468299,49.3135007],[-123.1468444,49.3135094],[-123.1468617,49.3135157],[-123.1468697,49.3135178],[-123.1468883,49.3135195],[-123.146919,49.3135199],[-123.1469618,49.3135178],[-123.1470562,49.3135169],[-123.1471097,49.3135181],[-123.1471399,49.31352],[-123.1471968,49.3135281],[-123.1472164,49.3135292],[-123.1472256,49.3135292],[-123.1472442,49.3135266],[-123.1472613,49.3135207],[-123.1472761,49.3135115],[-123.1472857,49.3135032],[-123.1472903,49.3134983],[-123.1472967,49.313488],[-123.1473093,49.3134599],[-123.1473165,49.3134483],[-123.147322,49.3134428],[-123.1473405,49.3134323],[-123.1473567,49.3134265],[-123.1473701,49.313423],[-123.1474179,49.3134157],[-123.1474402,49.3134107],[-123.1474545,49.3134061],[-123.1474726,49.3133989],[-123.1475137,49.3133789],[-123.1475261,49.3133706],[-123.1475352,49.3133608],[-123.1475451,49.3133383],[-123.1475486,49.3133212],[-123.1475549,49.3133072],[-123.1475617,49.3132971],[-123.1475668,49.3132925],[-123.1475723,49.3132888],[-123.1475783,49.3132861],[-123.1476001,49.3132808],[-123.1476089,49.3132792],[-123.1476466,49.3132762],[-123.1477009,49.3132749],[-123.1477595,49.3132697],[-123.1478105,49.3132615],[-123.147843,49.3132533],[-123.1478536,49.3132499],[-123.147879,49.3132379],[-123.1478984,49.3132268],[-123.1479219,49.3132173],[-123.1479586,49.3132112],[-123.1479684,49.3132103],[-123.1479837,49.3132105],[-123.1480396,49.3132162],[-123.1480554,49.3132155],[-123.1480979,49.3131982],[-123.1481132,49.3131941],[-123.1481327,49.313191],[-123.1481796,49.3131873],[-123.1481973,49.3131854],[-123.1482228,49.31318],[-123.148251,49.313171],[-123.1482705,49.3131667],[-123.1482937,49.3131635],[-123.1483671,49.3131581],[-123.148388,49.3131559],[-123.1484052,49.3131524],[-123.1484232,49.3131435],[-123.14843,49.3131346],[-123.1484354,49.313123],[-123.1484456,49.3130904],[-123.148452,49.3130782],[-123.1484602,49.3130672],[-123.1484652,49.313062],[-123.1484795,49.3130519],[-123.1484878,49.313047],[-123.1485054,49.3130402],[-123.1485165,49.3130383],[-123.1485421,49.3130372],[-123.1485677,49.3130398],[-123.1485929,49.3130451],[-123.1486199,49.3130492],[-123.1486483,49.3130493],[-123.1486636,49.3130483],[-123.1487653,49.3130357],[-123.148795,49.3130313],[-123.1488168,49.3130272],[-123.1488529,49.313016],[-123.1489222,49.3129864],[-123.1489527,49.3129716],[-123.1489776,49.3129568],[-123.1489914,49.3129501],[-123.1490076,49.3129442],[-123.1490493,49.3129342],[-123.1490888,49.3129263],[-123.1491726,49.3129054],[-123.1492,49.3129013],[-123.1492084,49.3129012],[-123.1492257,49.3129045],[-123.1492425,49.3129104],[-123.1492697,49.3129267],[-123.1492903,49.3129344],[-123.1493219,49.3129361],[-123.1493419,49.3129356],[-123.1495022,49.3129233],[-123.1495584,49.3129166],[-123.1495895,49.3129112],[-123.1496233,49.312907],[-123.1496633,49.3129037],[-123.1496912,49.3129023],[-123.1497531,49.3129035],[-123.14978,49.3129009],[-123.1498231,49.3128936],[-123.1498691,49.3128899],[-123.1499072,49.3128854],[-123.1499888,49.3128673],[-123.1500626,49.3128586],[-123.1500849,49.3128548],[-123.150089,49.3128508],[-123.1500776,49.3128369],[-123.1500752,49.3128318],[-123.1500756,49.3128272],[-123.1500811,49.3128223],[-123.1500885,49.3128192],[-123.150096,49.3128179],[-123.1502067,49.3128196],[-123.1502565,49.3128233],[-123.1502858,49.3128234],[-123.1503179,49.3128217],[-123.1504039,49.3128238],[-123.1504449,49.312823],[-123.1504718,49.3128197],[-123.1504806,49.3128176],[-123.1505158,49.3128046],[-123.1505421,49.3127931],[-123.1505569,49.3127876],[-123.1505736,49.3127838],[-123.150594,49.3127819],[-123.1506117,49.3127811],[-123.1506564,49.3127833],[-123.1507117,49.3127826],[-123.1507335,49.3127797],[-123.1507757,49.3127682],[-123.1507961,49.3127644],[-123.1508263,49.3127621],[-123.15091,49.312764],[-123.1509198,49.3127636],[-123.1509388,49.312759],[-123.1509623,49.3127451],[-123.1509789,49.3127365],[-123.1509974,49.3127291],[-123.1510534,49.3127126],[-123.1510831,49.3127027],[-123.1510978,49.3126965],[-123.1511292,49.3126799],[-123.1511693,49.3126501],[-123.1511872,49.3126388],[-123.1512505,49.3126095],[-123.1512694,49.3125969],[-123.1512831,49.3125828],[-123.1513055,49.3125532],[-123.1513169,49.3125412],[-123.1513372,49.3125253],[-123.151345,49.3125207],[-123.1513589,49.3125151],[-123.1513765,49.3125113],[-123.1513941,49.31251],[-123.1514318,49.3125095],[-123.1514453,49.3125085],[-123.1514722,49.312504],[-123.1514852,49.3125009],[-123.1515088,49.3124919],[-123.1515609,49.3124639],[-123.1516311,49.31243],[-123.1516412,49.3124245],[-123.151678,49.3124001],[-123.1516979,49.3123891],[-123.1517229,49.312379],[-123.1517429,49.3123735],[-123.1517616,49.3123715],[-123.151779,49.3123722],[-123.1517964,49.3123753],[-123.1518063,49.3123761],[-123.1518208,49.312375],[-123.1518283,49.3123737],[-123.1518524,49.3123648],[-123.1518787,49.3123507],[-123.1518874,49.3123429],[-123.1519095,49.3123135],[-123.15192,49.3123014],[-123.1519419,49.3122821],[-123.1519511,49.3122753],[-123.1519621,49.312269],[-123.1519737,49.3122636],[-123.1519932,49.3122573],[-123.1520179,49.3122524],[-123.1520428,49.3122511],[-123.1520657,49.3122518],[-123.1520765,49.3122513],[-123.1520873,49.3122497],[-123.1521063,49.3122436],[-123.1521151,49.3122389],[-123.1521215,49.3122339],[-123.1521301,49.3122218],[-123.1521371,49.3121889],[-123.1521401,49.3121794],[-123.1521499,49.3121627],[-123.1521563,49.3121553],[-123.1521723,49.3121443],[-123.1522012,49.312136],[-123.1522193,49.3121287],[-123.1522349,49.3121175],[-123.1522732,49.3120815],[-123.1522929,49.3120662],[-123.1523095,49.3120549],[-123.152322,49.312049],[-123.1523258,49.3120471],[-123.152329,49.3120473],[-123.152344,49.3120484],[-123.1523559,49.3120553],[-123.152381,49.3120795],[-123.1523983,49.3120934],[-123.1524212,49.3121072],[-123.1524364,49.3121125],[-123.1524439,49.3121124],[-123.1524508,49.3121096],[-123.1524618,49.3121009],[-123.1524626,49.3120959],[-123.1524581,49.3120847],[-123.1524467,49.3120649],[-123.1524386,49.3120447],[-123.1524364,49.3120337],[-123.1524377,49.3120238],[-123.1524458,49.3120192],[-123.1524631,49.3120144],[-123.1525355,49.3120046],[-123.1526013,49.3119936],[-123.1526292,49.3119872],[-123.1526535,49.3119838],[-123.152688,49.3119766],[-123.1527243,49.311967],[-123.1527438,49.3119612],[-123.1527717,49.311951],[-123.1527902,49.3119428],[-123.1527989,49.3119381],[-123.1528146,49.3119269],[-123.1528264,49.3119157],[-123.1528327,49.311904],[-123.1528422,49.3118775],[-123.1528559,49.3118644],[-123.1528765,49.3118485],[-123.1528897,49.3118352],[-123.1529057,49.3118043],[-123.1529165,49.311787],[-123.1529377,49.3117601],[-123.1529518,49.3117455],[-123.1529688,49.3117315],[-123.1529909,49.3117177],[-123.1530098,49.311708],[-123.1530947,49.3116747],[-123.1531122,49.3116665],[-123.1531279,49.3116584],[-123.1531399,49.3116496],[-123.153148,49.3116391],[-123.1531531,49.3116213],[-123.1531584,49.3116102],[-123.1531703,49.3115977],[-123.1531785,49.3115915],[-123.1531882,49.3115862],[-123.1532054,49.3115801],[-123.1532283,49.3115765],[-123.1532695,49.3115747],[-123.1533003,49.3115725],[-123.1533349,49.3115684],[-123.1534068,49.3115552],[-123.1534394,49.3115475],[-123.1534696,49.3115376],[-123.1534885,49.3115291],[-123.1535042,49.3115197],[-123.1535257,49.3115013],[-123.1535409,49.3114916],[-123.1535599,49.3114837],[-123.153605,49.31147],[-123.1536226,49.3114636],[-123.1536434,49.3114538],[-123.15366,49.3114432],[-123.1536719,49.3114333],[-123.1536828,49.3114221],[-123.1536905,49.3114112],[-123.1536932,49.3114063],[-123.1536994,49.3113808],[-123.1537032,49.3113495],[-123.1537029,49.311339],[-123.1536979,49.3113275],[-123.1536833,49.3113105],[-123.1536718,49.3113026],[-123.1536539,49.3112829],[-123.1536475,49.3112729],[-123.1536425,49.3112613],[-123.1536377,49.3112402],[-123.1536373,49.3112292],[-123.1536414,49.3112089],[-123.1536462,49.3111944],[-123.1536599,49.311167],[-123.1536706,49.3111478],[-123.1537039,49.3111014],[-123.1537106,49.3110875],[-123.1537143,49.3110725],[-123.153713,49.3110565],[-123.1537086,49.3110351],[-123.1536969,49.3110043],[-123.1536906,49.3109823],[-123.1536898,49.3109704],[-123.153685,49.3109511],[-123.1536643,49.3109339],[-123.1536314,49.3109132],[-123.1536015,49.3108997],[-123.1535529,49.3108746],[-123.1535347,49.3108625],[-123.1534886,49.3108245],[-123.1534613,49.3108074],[-123.1534441,49.3107935],[-123.153424,49.3107658],[-123.1534163,49.3107579],[-123.1533881,49.3107402],[-123.1533708,49.3107257],[-123.153363,49.3107166],[-123.1533582,49.3106793],[-123.1533545,49.3106667],[-123.1533432,49.3106463],[-123.1533213,49.3106224],[-123.153291,49.310578],[-123.1532826,49.3105631],[-123.1532794,49.3105521],[-123.1532775,49.3105353],[-123.1532779,49.3105144],[-123.153274,49.3104933],[-123.1532683,49.3104747],[-123.1532467,49.3104256],[-123.1532363,49.310407],[-123.1532282,49.3103875],[-123.153226,49.3103765],[-123.1532296,49.3103547],[-123.1532384,49.3103337],[-123.1532411,49.3103168],[-123.1532412,49.3103042],[-123.1532365,49.3102868],[-123.1532171,49.31025],[-123.153211,49.3102335],[-123.1532092,49.3102179],[-123.1532098,49.3102062],[-123.1532153,49.3101856],[-123.1532218,49.3101693],[-123.1532303,49.310156],[-123.1532369,49.310139],[-123.1532396,49.3101197],[-123.1532407,49.310077],[-123.1532431,49.3100635],[-123.1532493,49.3100493],[-123.1532573,49.3100357],[-123.1532668,49.3100237],[-123.1532773,49.3100128],[-123.1533404,49.3099587],[-123.1533596,49.3099431],[-123.1533896,49.3099234],[-123.1534496,49.3098908],[-123.1535232,49.3098583],[-123.1535879,49.3098274],[-123.1536355,49.3098026],[-123.1536553,49.3097898],[-123.1536788,49.3097775],[-123.1536992,49.3097687],[-123.1537614,49.3097302],[-123.1539191,49.3096212],[-123.1540028,49.3095668],[-123.1540356,49.3095495],[-123.1541096,49.3095155],[-123.1541479,49.3094945],[-123.1541696,49.3094798],[-123.1542103,49.3094471],[-123.1542618,49.3094115],[-123.1542843,49.3093943],[-123.1542971,49.3093831],[-123.1543258,49.3093543],[-123.1543571,49.3093192],[-123.1543891,49.309275],[-123.1544194,49.3092357],[-123.1544711,49.3091774],[-123.1544898,49.3091584],[-123.154505,49.3091481],[-123.1545322,49.3091334],[-123.1545808,49.309096],[-123.1546043,49.3090807],[-123.1546741,49.3090476],[-123.1547018,49.3090301],[-123.1547206,49.3090154],[-123.1547472,49.3089973],[-123.1547776,49.3089791],[-123.1548266,49.308954],[-123.1548423,49.3089464],[-123.1548841,49.30893],[-123.154905,49.3089245],[-123.1549274,49.3089205],[-123.1549512,49.3089181],[-123.1549876,49.3089127],[-123.1550398,49.3089017],[-123.1550846,49.3088937],[-123.1551191,49.3088847],[-123.1551363,49.3088793],[-123.1551692,49.3088663],[-123.1552339,49.3088342],[-123.1552612,49.3088225],[-123.1553351,49.308798],[-123.1553648,49.308789],[-123.1553834,49.3087845],[-123.1554133,49.3087799],[-123.1554315,49.3087781],[-123.1554475,49.3087785],[-123.1555101,49.3087884],[-123.1555331,49.3087879],[-123.1555831,49.3087826],[-123.155656,49.3087731],[-123.1557115,49.3087642],[-123.1557349,49.3087608],[-123.1557531,49.308759],[-123.1557691,49.3087588],[-123.1557761,49.3087597],[-123.1557965,49.3087665],[-123.1558191,49.3087717],[-123.1558583,49.3087782],[-123.155866,49.3087867],[-123.1558723,49.3088087],[-123.1558775,49.3088127],[-123.1558856,49.3088153],[-123.1558955,49.3088173],[-123.1559204,49.3088186],[-123.1559377,49.308818],[-123.155992,49.3088124],[-123.1560509,49.308808],[-123.1560831,49.3088036],[-123.1560985,49.3088001],[-123.1561221,49.3087884],[-123.1561354,49.30878],[-123.1561469,49.3087703],[-123.156155,49.3087598],[-123.1561563,49.3087552],[-123.1561527,49.3087451],[-123.1561333,49.3087227],[-123.1561237,49.3086992],[-123.1561287,49.3086777],[-123.1561214,49.3086683],[-123.1561095,49.308662],[-123.1560939,49.3086569],[-123.1560814,49.3086485],[-123.1560808,49.3086427],[-123.1560834,49.3086378],[-123.1561174,49.308611],[-123.1561324,49.3085964],[-123.1561505,49.3085728],[-123.1561621,49.3085531],[-123.1561665,49.3085438],[-123.1561754,49.3085115],[-123.1561798,49.3084848],[-123.1561811,49.3084495],[-123.1561802,49.3084357],[-123.1561665,49.3083681],[-123.1561662,49.3083565],[-123.1561682,49.3083463],[-123.1562163,49.3082737],[-123.1562323,49.3082434],[-123.1562387,49.3082234],[-123.1562397,49.308209],[-123.1562369,49.3081946],[-123.1562191,49.3081455],[-123.1562161,49.3081232],[-123.1562197,49.3080881],[-123.1562182,49.3080498],[-123.1562151,49.3080389],[-123.1562192,49.3080348],[-123.1562304,49.3080166],[-123.1562656,49.3079696],[-123.1562728,49.3079584],[-123.1562776,49.3079482],[-123.1562991,49.3078818],[-123.1563053,49.3078538],[-123.1563073,49.30784],[-123.1563083,49.3077943],[-123.1563069,49.3077645],[-123.1562852,49.3076774],[-123.1562748,49.3076444],[-123.1562689,49.3076178],[-123.1562669,49.3075973],[-123.1562687,49.307578],[-123.156273,49.3075644],[-123.1563075,49.3074941],[-123.1563104,49.3074833],[-123.1563095,49.3074508],[-123.1563105,49.3074364],[-123.1563152,49.3074207],[-123.1563363,49.3073739],[-123.1563432,49.3073542],[-123.1563464,49.3073345],[-123.1563483,49.3073044],[-123.1563512,49.3072888],[-123.1563727,49.3072247],[-123.1563793,49.3072102],[-123.1563888,49.3071819],[-123.1563947,49.3071597],[-123.1564089,49.3070844],[-123.1564187,49.3070491],[-123.1564319,49.3070201],[-123.1564516,49.3069885],[-123.1564533,49.306983],[-123.1564618,49.3069691],[-123.1564973,49.3069294],[-123.1565239,49.3068957],[-123.1565364,49.3068747],[-123.1565546,49.3068379],[-123.1565562,49.3068287],[-123.156555,49.3068045],[-123.1565535,49.3067987],[-123.1565308,49.3067634],[-123.1565268,49.3067531],[-123.156523,49.3067375],[-123.1565231,49.3067218],[-123.1565284,49.3066963],[-123.1565434,49.3066648],[-123.1565529,49.3066371],[-123.1565583,49.306611],[-123.1565621,49.3065809],[-123.156563,49.3065496],[-123.1565679,49.306525],[-123.1565745,49.3065087],[-123.156621,49.3064477],[-123.1566308,49.3064298],[-123.1566391,49.3064086],[-123.1566441,49.306387],[-123.1566473,49.3063217],[-123.1566518,49.3062999],[-123.1566631,49.3062684],[-123.1566845,49.3062145],[-123.1566995,49.3061818],[-123.1567024,49.3061692],[-123.1567044,49.3061398],[-123.1567114,49.3061081],[-123.1567189,49.3060918],[-123.1567319,49.3060704],[-123.1567485,49.3060472],[-123.1567649,49.3060292],[-123.1567978,49.3059994],[-123.1568154,49.3059762],[-123.1568203,49.3059666],[-123.1568249,49.3059491],[-123.1568266,49.3059285],[-123.1568218,49.3059086],[-123.156825,49.3059046],[-123.1568315,49.3059027],[-123.156839,49.305902],[-123.1568479,49.3059022],[-123.1568724,49.3059056],[-123.1569026,49.3059119],[-123.1569873,49.3059219],[-123.1571207,49.3059451],[-123.1571352,49.305947],[-123.1571526,49.3059471],[-123.1571605,49.3059455],[-123.157166,49.3059411],[-123.1571709,49.3059303],[-123.1571697,49.3059242],[-123.1571659,49.3059193],[-123.1571596,49.3059154],[-123.157136,49.3059096],[-123.1570988,49.3059036],[-123.1570663,49.3058964],[-123.1569885,49.3058836],[-123.1569443,49.305878],[-123.1569192,49.3058719],[-123.1568998,49.3058638],[-123.1568749,49.3058476],[-123.1568629,49.305837],[-123.1568478,49.3058173],[-123.1568375,49.3058024],[-123.1568325,49.305792],[-123.15683,49.3057693],[-123.1568481,49.3057152],[-123.1568684,49.3056425],[-123.1568905,49.3055806],[-123.1569047,49.305536],[-123.156933,49.3053986],[-123.1569413,49.3053611],[-123.1569566,49.3053075],[-123.156974,49.3052282],[-123.1569759,49.305215],[-123.1569742,49.3052037],[-123.1569821,49.3051702],[-123.1569861,49.3051438],[-123.1569971,49.305105],[-123.1570061,49.3050601],[-123.157012,49.3050361],[-123.1570316,49.3049871],[-123.1570381,49.3049677],[-123.1570431,49.3049474],[-123.157047,49.304921],[-123.1570516,49.3049004],[-123.1570769,49.3048195],[-123.1570959,49.3047653],[-123.1571135,49.3047246],[-123.1571221,49.3046975],[-123.1571449,49.3046457],[-123.1571546,49.3046229],[-123.1571631,49.304609],[-123.1571692,49.3045948],[-123.1571817,49.3045713],[-123.1572139,49.3045188],[-123.1572254,49.3044966],[-123.1572441,49.3044445],[-123.1572529,49.3044248],[-123.1572707,49.3043927],[-123.1572901,49.3043495],[-123.1572981,49.3043184],[-123.1573019,49.3042908],[-123.1573096,49.3042637],[-123.1573245,49.3042286],[-123.1573387,49.3041864],[-123.1573541,49.304151],[-123.1573558,49.3041415],[-123.1573621,49.304132],[-123.1573688,49.3041296],[-123.1573782,49.3041285],[-123.1574284,49.3041331],[-123.1574458,49.3041324],[-123.1574873,49.3041273],[-123.1575416,49.3041172],[-123.1575775,49.3041121],[-123.1576016,49.3041078],[-123.1576271,49.3041019],[-123.1576745,49.3040877],[-123.1577005,49.3040822],[-123.1577495,49.3040791],[-123.157773,49.3040763],[-123.1578099,49.3040694],[-123.1578509,49.3040646],[-123.1579121,49.3040592],[-123.1579813,49.3040566],[-123.1580091,49.3040536],[-123.1580436,49.3040469],[-123.1580844,49.3040339],[-123.158134,49.3040249],[-123.158143,49.3040229],[-123.1581743,49.3040104],[-123.1581923,49.3040063],[-123.1582366,49.3040031],[-123.1582672,49.3039989],[-123.1582748,49.3039971],[-123.1582881,49.3039917],[-123.1582987,49.3039839],[-123.1582993,49.3039787],[-123.1582935,49.3039678],[-123.1582848,49.3039576],[-123.158279,49.3039468],[-123.1582778,49.3039403],[-123.1582789,49.3039348],[-123.1582857,49.3039232],[-123.1582978,49.3039107],[-123.1583122,49.3038992],[-123.1583289,49.3038917],[-123.1583389,49.3038885],[-123.1583493,49.3038861],[-123.1583973,49.3038818],[-123.1584233,49.3038769],[-123.158456,49.3038677],[-123.1584758,49.3038637],[-123.158514,49.3038607],[-123.1585418,49.3038571],[-123.1585924,49.3038481],[-123.1586008,49.303847],[-123.1586272,49.3038467],[-123.1586587,49.3038443],[-123.1587552,49.3038209],[-123.1588142,49.3038145],[-123.1588623,49.3038065],[-123.1588827,49.3038015],[-123.1589377,49.3037843],[-123.1589561,49.3037799],[-123.1589727,49.3037749],[-123.158987,49.3037689],[-123.1590003,49.3037611],[-123.1590066,49.3037559],[-123.159012,49.3037471],[-123.1590142,49.3037348],[-123.1590125,49.3037293],[-123.1590084,49.303724],[-123.1589919,49.3037103],[-123.1589798,49.3037027],[-123.1589654,49.3036961],[-123.1589375,49.3036884],[-123.1588322,49.3036709],[-123.158799,49.3036659],[-123.1587652,49.303663],[-123.1587285,49.3036638],[-123.1587045,49.3036657],[-123.1586573,49.3036725],[-123.15863,49.3036747],[-123.1586013,49.303674],[-123.1585788,49.3036725],[-123.158481,49.3036582],[-123.1584406,49.3036558],[-123.1583818,49.3036573],[-123.1583517,49.3036588],[-123.1583187,49.3036615],[-123.1583054,49.3036635],[-123.1582509,49.3036728],[-123.1582073,49.3036852],[-123.158187,49.3036896],[-123.1580959,49.3037054],[-123.1580548,49.3037101],[-123.1579705,49.303718],[-123.1579492,49.3037218],[-123.1579143,49.3037294],[-123.157851,49.3037409],[-123.1578287,49.3037477],[-123.1577623,49.3037709],[-123.1577509,49.3037732],[-123.1577311,49.3037748],[-123.1577222,49.3037738],[-123.157705,49.303769],[-123.1576971,49.3037655],[-123.1576749,49.303753],[-123.157643,49.3037314],[-123.1576297,49.3037211],[-123.1575838,49.3036812],[-123.1575681,49.30367],[-123.157521,49.3036387],[-123.1574995,49.3036191],[-123.1574863,49.303602],[-123.1574697,49.3035739],[-123.1574581,49.303551],[-123.1574337,49.3035138],[-123.1574284,49.3035021],[-123.1574184,49.3034709],[-123.1574082,49.3034484],[-123.1573831,49.3034038],[-123.1573718,49.3033736],[-123.1573681,49.3033523],[-123.1573569,49.3033147],[-123.1573546,49.3032981],[-123.1573451,49.303196],[-123.157346,49.3031803],[-123.1573524,49.3031189],[-123.1573492,49.3030454],[-123.157352,49.3030148],[-123.1573522,49.3029705],[-123.1573541,49.3029536],[-123.1573599,49.3029294],[-123.1573743,49.3028872],[-123.1573791,49.302863],[-123.157379,49.3028341],[-123.1573736,49.3027747],[-123.1573742,49.302767],[-123.1573763,49.3027597],[-123.1573837,49.3027484],[-123.1573885,49.3027448],[-123.1573956,49.3027427],[-123.1574163,49.3027423],[-123.1574509,49.3027477],[-123.157485,49.3027557],[-123.1575139,49.3027659],[-123.1575296,49.3027747],[-123.1575495,49.3027882],[-123.1575665,49.3028016],[-123.1575845,49.3028119],[-123.1576069,49.3028177],[-123.1576196,49.3028194],[-123.1576514,49.3028222],[-123.1576757,49.3028299],[-123.1577356,49.3028537],[-123.1577562,49.30286],[-123.1577655,49.3028608],[-123.1577811,49.3028588],[-123.1577864,49.3028555],[-123.1577893,49.3028512],[-123.1577895,49.3028451],[-123.1577868,49.3028383],[-123.1577768,49.3028265],[-123.1577309,49.3027848],[-123.1577006,49.3027598],[-123.1576923,49.3027536],[-123.1576866,49.3027409],[-123.1576823,49.3027261],[-123.1576796,49.3027043],[-123.1576785,49.3026766],[-123.1576805,49.302586],[-123.1576778,49.3025647],[-123.1576736,49.3025444],[-123.157667,49.3025299],[-123.1576421,49.3024924],[-123.1576364,49.3024773],[-123.157631,49.3024348],[-123.1576244,49.3024172],[-123.1575979,49.3023724],[-123.1575734,49.3023244],[-123.1575612,49.3022911],[-123.1575546,49.3022578],[-123.1575513,49.3022056],[-123.1575532,49.3021868],[-123.1575624,49.3021611],[-123.1575684,49.3021483],[-123.1575772,49.3021349],[-123.1575917,49.3021203],[-123.1576003,49.3021136],[-123.1576104,49.3021079],[-123.1576265,49.3021014],[-123.1576459,49.302097],[-123.1576601,49.3020953],[-123.1577316,49.30209],[-123.1577477,49.3020871],[-123.1577562,49.3020841],[-123.1577696,49.3020777],[-123.1577797,49.3020688],[-123.1577864,49.3020645],[-123.1578002,49.3020589],[-123.1578399,49.3020495],[-123.1578565,49.3020445],[-123.1578798,49.302034],[-123.1579012,49.3020229],[-123.1579252,49.3020059],[-123.1579353,49.3019965],[-123.1579485,49.3019798],[-123.1579737,49.3019325],[-123.157987,49.3019108],[-123.1579968,49.3018986],[-123.158019,49.3018768],[-123.1580406,49.3018595],[-123.1580579,49.3018468],[-123.1580698,49.3018393],[-123.1580841,49.3018327],[-123.1581318,49.3018243],[-123.1581451,49.3018202],[-123.1581565,49.3018135],[-123.1581719,49.3018002],[-123.1581882,49.3017893],[-123.158202,49.3017843],[-123.1582279,49.3017806],[-123.1582582,49.3017729],[-123.158308,49.3017548],[-123.1583308,49.3017483],[-123.158377,49.3017427],[-123.1583869,49.3017407],[-123.1584444,49.3017189],[-123.1584539,49.301716],[-123.1584742,49.3017122],[-123.1585194,49.3017084],[-123.1586016,49.3016922],[-123.1586544,49.3016848],[-123.1587376,49.3016704],[-123.1587956,49.3016628],[-123.1588452,49.3016539],[-123.1588821,49.3016451],[-123.1589179,49.3016394],[-123.1589425,49.3016348],[-123.1589742,49.3016262],[-123.1589937,49.3016194],[-123.1590141,49.3016101],[-123.1590256,49.3016035],[-123.1590357,49.3015953],[-123.1590444,49.301585],[-123.1590558,49.3015657],[-123.1590738,49.3015417],[-123.1590845,49.3015295],[-123.1590964,49.3015213],[-123.1591341,49.3015024],[-123.1591753,49.3014753],[-123.1592173,49.3014518],[-123.1592263,49.301446],[-123.1592436,49.3014327],[-123.1592899,49.3013921],[-123.159336,49.3013533],[-123.1593595,49.301321],[-123.1593735,49.3013049],[-123.1593962,49.3012827],[-123.1594087,49.3012743],[-123.1594661,49.3012531],[-123.1594733,49.3012498],[-123.1595015,49.3012302],[-123.159505,49.301225],[-123.1595184,49.3012129],[-123.1595348,49.3012008],[-123.159549,49.3011936],[-123.1595923,49.3011772],[-123.1596047,49.3011712],[-123.1596214,49.3011612],[-123.1596314,49.3011543],[-123.159642,49.3011446],[-123.1596551,49.3011303],[-123.1596649,49.3011169],[-123.1596765,49.3011035],[-123.1597068,49.3010784],[-123.1597241,49.3010669],[-123.1597555,49.3010501],[-123.1597793,49.3010387],[-123.1598482,49.3010109],[-123.1598749,49.3009989],[-123.1598925,49.300989],[-123.159927,49.3009666],[-123.1599575,49.3009498],[-123.1599805,49.3009335],[-123.1599945,49.300921],[-123.1600032,49.3009119],[-123.1600217,49.3008876],[-123.1600277,49.300876],[-123.1600294,49.300864],[-123.1600282,49.3008588],[-123.1600255,49.3008538],[-123.1600049,49.3008324],[-123.1600134,49.3008137],[-123.1600247,49.3007945],[-123.1600432,49.3007732],[-123.1600502,49.3007579],[-123.1600524,49.3007469],[-123.1600492,49.3007422],[-123.1600413,49.3007394],[-123.160009,49.3007338],[-123.1599847,49.3007286],[-123.1599707,49.3007241],[-123.1599564,49.3007169],[-123.1599513,49.3007134],[-123.159945,49.3007041],[-123.1599428,49.3006989],[-123.1599421,49.3006884],[-123.1599498,49.3006655],[-123.1599542,49.3006422],[-123.1599503,49.3006277],[-123.1599509,49.3006231],[-123.1599475,49.3006132],[-123.1599463,49.300603],[-123.1599405,49.3005935],[-123.1599304,49.3005841],[-123.1598851,49.3005572],[-123.1598745,49.3005481],[-123.1598641,49.3005342],[-123.1598612,49.3005185],[-123.1598677,49.3005029],[-123.1598783,49.3004938],[-123.1599265,49.300467],[-123.1599777,49.3004347],[-123.1600044,49.3004203],[-123.1600363,49.3004062],[-123.1601502,49.3003664],[-123.1601668,49.3003589],[-123.1601807,49.3003508],[-123.1601931,49.3003417],[-123.1601984,49.3003365],[-123.1602058,49.3003246],[-123.1602069,49.3003185],[-123.1602049,49.3003083],[-123.1601962,49.3002987],[-123.1601842,49.3002906],[-123.1601717,49.3002846],[-123.1601586,49.3002795],[-123.1601269,49.3002705],[-123.1600925,49.3002591],[-123.1600771,49.3002555],[-123.1600241,49.3002509],[-123.1599952,49.3002426],[-123.1599761,49.3002353],[-123.159965,49.3002284],[-123.1599563,49.3002206],[-123.1599454,49.3002051],[-123.1599419,49.3001952],[-123.1599414,49.3001799],[-123.1599376,49.3001635],[-123.1599359,49.3001586],[-123.159925,49.3001437],[-123.1599154,49.3001341],[-123.1599044,49.3001247],[-123.1598638,49.300096],[-123.1598455,49.3000798],[-123.1598409,49.3000748],[-123.1598104,49.3000234],[-123.1598002,49.3000009],[-123.1597929,49.2999741],[-123.1597935,49.2999538],[-123.1598005,49.2999192],[-123.1598003,49.299909],[-123.1597971,49.299905],[-123.1597902,49.2999028],[-123.1597724,49.2999001],[-123.1597117,49.2999003],[-123.1596958,49.2998995],[-123.1596705,49.2998961],[-123.1596659,49.2998924],[-123.1596638,49.2998828],[-123.159666,49.2998718],[-123.1596733,49.299863],[-123.1596866,49.2998551],[-123.1597368,49.2998434],[-123.1598227,49.2998116],[-123.1598298,49.2998095],[-123.159852,49.2998082],[-123.1598768,49.2998113],[-123.1598861,49.299812],[-123.159904,49.2998116],[-123.1599196,49.2998096],[-123.1599533,49.2997968],[-123.1599738,49.2997863],[-123.1599725,49.2997811],[-123.1599646,49.2997776],[-123.1599492,49.2997734],[-123.1599258,49.2997701],[-123.1599193,49.2997681],[-123.1599223,49.2997627],[-123.1599308,49.2997591],[-123.1599776,49.2997513],[-123.1599965,49.2997466],[-123.1600103,49.2997416],[-123.1600293,49.2997313],[-123.1600399,49.2997235],[-123.1600367,49.2997188],[-123.1600035,49.2997132],[-123.1599863,49.2997084],[-123.1599742,49.2997021],[-123.1599802,49.2996905],[-123.1599859,49.2996857],[-123.1600011,49.2996803],[-123.1600195,49.2996796],[-123.1600415,49.2996808],[-123.1600646,49.2996789],[-123.1600769,49.2996772],[-123.1600887,49.2996746],[-123.1601105,49.2996675],[-123.1601301,49.2996557],[-123.1601307,49.2996511],[-123.1601206,49.2996418],[-123.1601134,49.2996319],[-123.1601112,49.2996091],[-123.1601053,49.2995989],[-123.1601012,49.2995948],[-123.1600947,49.2995923],[-123.1600849,49.2995913],[-123.160075,49.2995915],[-123.1600471,49.2995957],[-123.1600001,49.2995982],[-123.159978,49.2995977],[-123.1599461,49.2995942],[-123.1599275,49.2995897],[-123.15992,49.2995865],[-123.1598725,49.299555],[-123.1598525,49.2995452],[-123.1598447,49.2995417],[-123.1598311,49.2995382],[-123.1598152,49.2995374],[-123.1597869,49.2995389],[-123.1597482,49.2995446],[-123.1597144,49.2995442],[-123.1596971,49.29954],[-123.1596637,49.2995267],[-123.1596483,49.2995225],[-123.1596207,49.2995188],[-123.1595972,49.2995167],[-123.159539,49.299516],[-123.1595094,49.2995141],[-123.1594991,49.2995128],[-123.1594701,49.2995057],[-123.1594329,49.2994911],[-123.1594148,49.2994832],[-123.1593995,49.2994753],[-123.1593811,49.2994634],[-123.1593654,49.2994516],[-123.1593558,49.2994425],[-123.1593358,49.299419],[-123.159329,49.2994081],[-123.1593254,49.2993525],[-123.159329,49.2993417],[-123.1593333,49.2993372],[-123.1593499,49.2993303],[-123.1593721,49.299326],[-123.159407,49.2993215],[-123.1594236,49.2993177],[-123.1594383,49.2993114],[-123.1594739,49.299301],[-123.1594971,49.2992924],[-123.1595024,49.2992885],[-123.1595073,49.299283],[-123.1595176,49.2992638],[-123.1595236,49.299254],[-123.1595328,49.299244],[-123.1595457,49.2992352],[-123.1595752,49.2992227],[-123.1595866,49.2992166],[-123.159591,49.2992121],[-123.1595959,49.2992017],[-123.1595955,49.2991839],[-123.159592,49.2991728],[-123.1595645,49.2991316],[-123.1595553,49.2991222],[-123.1595267,49.2991029],[-123.1595231,49.2990985],[-123.1595213,49.2990797],[-123.1595178,49.2990705],[-123.1595132,49.2990661],[-123.1594952,49.2990546],[-123.1594856,49.2990449],[-123.1594793,49.2990344],[-123.1594745,49.2990193],[-123.159466,49.2990054],[-123.1594522,49.2989935],[-123.1594304,49.2989831],[-123.1594253,49.2989797],[-123.1594157,49.29897],[-123.1594098,49.2989617],[-123.159405,49.2989478],[-123.1594,49.298925],[-123.1593939,49.2989083],[-123.1593849,49.2988929],[-123.1593767,49.2988829],[-123.1593414,49.2988521],[-123.1593196,49.2988254],[-123.1593051,49.2988043],[-123.1592951,49.2987925],[-123.1592748,49.2987763],[-123.1592276,49.2987524],[-123.1591901,49.2987308],[-123.1591758,49.2987217],[-123.1591597,49.2987095],[-123.1591459,49.2986964],[-123.1590972,49.2986396],[-123.1590844,49.298626],[-123.1590733,49.2986185],[-123.1590357,49.2986036],[-123.1590167,49.298592],[-123.1590042,49.2985866],[-123.1589893,49.2985821],[-123.1589607,49.2985778],[-123.158942,49.2985763],[-123.158925,49.2985774],[-123.1589085,49.2985799],[-123.1588872,49.2985855],[-123.1588667,49.2985942],[-123.1588553,49.2986002],[-123.1588323,49.2986178],[-123.1588237,49.2986207],[-123.1588162,49.2986207],[-123.1588084,49.2986153],[-123.1588002,49.2986054],[-123.1587972,49.2985958],[-123.1588003,49.2985854],[-123.1588076,49.2985748],[-123.1588177,49.2985666],[-123.1588334,49.2985591],[-123.1588841,49.2985428],[-123.1589003,49.2985362],[-123.1589122,49.2985287],[-123.1589279,49.2985067],[-123.158932,49.2984933],[-123.1589319,49.2984782],[-123.1589305,49.2984622],[-123.1589222,49.298424],[-123.1589207,49.2983899],[-123.1589178,49.2983772],[-123.1589124,49.2983674],[-123.1589001,49.2983521],[-123.1588907,49.298337],[-123.1588732,49.2982888],[-123.1588629,49.2982712],[-123.1588479,49.2982535],[-123.158819,49.298227],[-123.1587946,49.298208],[-123.1587409,49.2981435],[-123.1587392,49.2981379],[-123.1587275,49.2981187],[-123.158716,49.2980928],[-123.1587101,49.2980838],[-123.1586872,49.2980276],[-123.1586779,49.2980075],[-123.158649,49.2979629],[-123.1586204,49.297926],[-123.1585776,49.2978757],[-123.1585497,49.2978481],[-123.1584993,49.297802],[-123.1584735,49.2977814],[-123.1584375,49.2977582],[-123.1583754,49.2977286],[-123.1583342,49.2977051],[-123.1582945,49.2976794],[-123.1582346,49.2976357],[-123.1581837,49.2975893],[-123.1581648,49.2975747],[-123.1581436,49.2975615],[-123.1581278,49.2975546],[-123.158057,49.2975297],[-123.1579765,49.2974996],[-123.1579337,49.2974856],[-123.1579165,49.2974789],[-123.157877,49.2974609],[-123.1578214,49.2974326],[-123.1577931,49.2974203],[-123.1577623,49.2974113],[-123.1577366,49.2974058],[-123.1577118,49.2974028],[-123.1576585,49.2973935],[-123.1576211,49.2973845],[-123.1575974,49.2973753],[-123.1575817,49.2973671],[-123.1575259,49.2973287],[-123.1574843,49.2973011],[-123.1574552,49.2972833],[-123.157427,49.2972679],[-123.1574,49.2972559],[-123.1573446,49.2972377],[-123.1572346,49.2971863],[-123.1571919,49.297168],[-123.1571268,49.2971433],[-123.1570649,49.2971226],[-123.1570388,49.297113],[-123.1570114,49.297102],[-123.1569589,49.2970789],[-123.156932,49.2970651],[-123.1568973,49.2970484],[-123.1568647,49.2970351],[-123.1568433,49.2970281],[-123.1568237,49.2970235],[-123.1567998,49.2970211],[-123.1567697,49.2970201],[-123.1567368,49.297021],[-123.1567029,49.2970243],[-123.1566515,49.2970319],[-123.1566307,49.2970342],[-123.1566039,49.2970354],[-123.1565781,49.2970354],[-123.1565288,49.2970326],[-123.1564273,49.2970308],[-123.1563465,49.2970317],[-123.1563225,49.297033],[-123.1563017,49.2970352],[-123.1562847,49.2970387],[-123.1562539,49.2970503],[-123.1562424,49.2970575],[-123.1562376,49.2970618],[-123.1562298,49.2970727],[-123.1562268,49.2970795],[-123.1562219,49.2971018],[-123.156214,49.2971159],[-123.1562073,49.2971201],[-123.1561922,49.2971212],[-123.1561843,49.2971183],[-123.1561719,49.2971092],[-123.1561551,49.2970897],[-123.1561464,49.2970807],[-123.1561335,49.2970701],[-123.1561169,49.2970582],[-123.1560979,49.2970472],[-123.1560766,49.297039],[-123.156057,49.2970332],[-123.1560294,49.2970283],[-123.1559816,49.2970234],[-123.1559525,49.2970212],[-123.1559347,49.297021],[-123.1559201,49.2970218],[-123.1558941,49.2970261],[-123.1558519,49.2970382],[-123.1558054,49.2970579],[-123.1557973,49.29706],[-123.1557874,49.2970608],[-123.1557593,49.2970592],[-123.1557368,49.2970559],[-123.155713,49.2970504],[-123.1556925,49.297044],[-123.1556837,49.2970405],[-123.1556712,49.2970333],[-123.1556449,49.2970142],[-123.1556218,49.2969986],[-123.1555899,49.2969807],[-123.1555583,49.2969662],[-123.1554564,49.296929],[-123.1553491,49.2968838],[-123.1553222,49.296873],[-123.1552951,49.2968647],[-123.1552853,49.2968625],[-123.1552685,49.2968604],[-123.1552431,49.2968601],[-123.1552258,49.2968584],[-123.1552118,49.2968551],[-123.1551895,49.2968444],[-123.1551716,49.2968298],[-123.1551622,49.2968134],[-123.15511,49.2967618],[-123.1550626,49.2967259],[-123.1550455,49.2967155],[-123.1550274,49.296707],[-123.1550088,49.2967],[-123.1549878,49.2966946],[-123.1549667,49.2966909],[-123.1549442,49.2966888],[-123.1549103,49.2966915],[-123.1548891,49.2966952],[-123.1548294,49.2967123],[-123.1548067,49.2967176],[-123.1547944,49.2967193],[-123.1547324,49.2967198],[-123.1547169,49.2967181],[-123.1546969,49.2967108],[-123.1546705,49.2966966],[-123.1546539,49.2966854],[-123.154643,49.2966736],[-123.1546372,49.2966627],[-123.1546342,49.2966507],[-123.1546345,49.2966378],[-123.1546519,49.2966052],[-123.1546609,49.2965837],[-123.1546647,49.2965675],[-123.1546645,49.2965561],[-123.1546606,49.2965447],[-123.154653,49.2965314],[-123.1546443,49.2965224],[-123.1546308,49.2965158],[-123.1546159,49.2965132],[-123.1546074,49.2965131],[-123.1545876,49.2965153],[-123.1545545,49.2965229],[-123.1544919,49.2965455],[-123.1544715,49.2965535],[-123.1544415,49.2965676],[-123.1544109,49.2965857],[-123.1543876,49.2965968],[-123.154361,49.2966057],[-123.1543416,49.2966101],[-123.1543152,49.2966147],[-123.1542859,49.2966186],[-123.1542587,49.2966183],[-123.1542424,49.2966135],[-123.1542257,49.2966029],[-123.1542156,49.2965942],[-123.1542024,49.2965783],[-123.1541921,49.2965601],[-123.1541688,49.296503],[-123.1541539,49.2964628],[-123.1541479,49.2964412],[-123.1541414,49.2963868],[-123.1541437,49.2963727],[-123.1541582,49.2963231],[-123.1541617,49.2962998],[-123.1541596,49.2962733],[-123.1541535,49.2962397],[-123.1541535,49.2962216],[-123.1541557,49.2962106],[-123.1541601,49.2962011],[-123.1541631,49.2961968],[-123.154178,49.296185],[-123.1541989,49.296176],[-123.154215,49.2961713],[-123.154224,49.2961693],[-123.1542424,49.2961673],[-123.1542603,49.2961663],[-123.1543015,49.2961687],[-123.1543249,49.2961726],[-123.1543497,49.2961788],[-123.154373,49.2961864],[-123.1543855,49.2961924],[-123.154446,49.2962291],[-123.154486,49.2962474],[-123.154503,49.2962583],[-123.1545127,49.2962673],[-123.1545287,49.2962801],[-123.1545426,49.2962883],[-123.1545519,49.2962927],[-123.1545733,49.2962997],[-123.1545981,49.2963058],[-123.154634,49.2963133],[-123.1546654,49.2963177],[-123.1546842,49.2963179],[-123.1547097,49.2963139],[-123.1547244,49.2963089],[-123.1547402,49.2962983],[-123.1547456,49.2962882],[-123.1547467,49.2962833],[-123.1547437,49.2962731],[-123.1547315,49.2962549],[-123.1547092,49.2962297],[-123.154694,49.2962157],[-123.1546802,49.2962063],[-123.1546347,49.2961855],[-123.1545638,49.2961499],[-123.1544971,49.2961135],[-123.1544819,49.2961044],[-123.1544459,49.29608],[-123.1544077,49.296051],[-123.1543765,49.296023],[-123.1543674,49.2960137],[-123.1543601,49.2960025],[-123.154354,49.2959852],[-123.1543564,49.2959674],[-123.1543585,49.2959613],[-123.1543658,49.2959513],[-123.1543749,49.2959431],[-123.1543817,49.2959351],[-123.1543872,49.2959257],[-123.1543943,49.2959043],[-123.1544012,49.2958927],[-123.1544189,49.2958815],[-123.1544256,49.2958785],[-123.1544412,49.2958753],[-123.1544773,49.2958761],[-123.1544999,49.2958751],[-123.1545225,49.2958723],[-123.1545448,49.2958667],[-123.1545638,49.2958583],[-123.1545777,49.2958502],[-123.1546224,49.2958117],[-123.1546217,49.2958055],[-123.1546233,49.295796],[-123.1546208,49.2957856],[-123.1546136,49.295775],[-123.1546035,49.2957651],[-123.1545758,49.2957457],[-123.1545648,49.295737],[-123.1545498,49.2957199],[-123.1545403,49.2957041],[-123.1545368,49.2956948],[-123.1545324,49.2956687],[-123.1545313,49.2956542],[-123.1545351,49.2956048],[-123.1545335,49.2955774],[-123.1545253,49.2955506],[-123.1545172,49.2955364],[-123.1545049,49.2955212],[-123.1544971,49.295514],[-123.1544888,49.2955078],[-123.1544782,49.2955012],[-123.1544546,49.2954901],[-123.154436,49.2954832],[-123.1544098,49.2954761],[-123.154312,49.2954611],[-123.1542778,49.2954573],[-123.1542567,49.2954568],[-123.1542275,49.2954583],[-123.1542049,49.2954617],[-123.1541831,49.295467],[-123.1541532,49.2954774],[-123.1540767,49.2955081],[-123.1540544,49.2955161],[-123.1540317,49.2955226],[-123.154009,49.2955261],[-123.153994,49.2955271],[-123.1539785,49.2955266],[-123.1539466,49.2955219],[-123.1539228,49.295517],[-123.1539074,49.2955147],[-123.1538924,49.2955133],[-123.1538632,49.2955142],[-123.1538434,49.2955176],[-123.1537852,49.2955308],[-123.1537639,49.295537],[-123.1537563,49.2955387],[-123.1537332,49.2955412],[-123.1537149,49.2955413],[-123.153699,49.2955393],[-123.153672,49.2955316],[-123.1536483,49.2955187],[-123.1536299,49.295505],[-123.1535777,49.2954546],[-123.1535561,49.2954374],[-123.1535399,49.2954277],[-123.1535209,49.2954192],[-123.1534911,49.2954096],[-123.1534374,49.2953976],[-123.1534006,49.295387],[-123.1533275,49.2953613],[-123.1532847,49.2953435],[-123.1532426,49.2953225],[-123.1531843,49.2952867],[-123.1531672,49.2952776],[-123.1531496,49.2952694],[-123.1531328,49.2952637],[-123.1531164,49.2952607],[-123.1531089,49.2952606],[-123.1530905,49.2952644],[-123.1530752,49.2952722],[-123.1530599,49.2952825],[-123.1530508,49.2952913],[-123.1530395,49.2953087],[-123.1530345,49.2953178],[-123.1530237,49.2953506],[-123.1530188,49.295361],[-123.1530115,49.2953698],[-123.1530057,49.2953747],[-123.1529909,49.2953834],[-123.1529833,49.2953864],[-123.1529663,49.2953886],[-123.1529499,49.2953875],[-123.1529256,49.2953823],[-123.1529079,49.2953754],[-123.1528996,49.2953709],[-123.1528853,49.2953606],[-123.1528434,49.295314],[-123.1528282,49.2953],[-123.1528029,49.2952804],[-123.1527762,49.2952622],[-123.1527513,49.2952435],[-123.1527435,49.295237],[-123.1527303,49.295223],[-123.1527107,49.2951985],[-123.1526941,49.2951728],[-123.1526854,49.2951613],[-123.1526727,49.2951476],[-123.1526493,49.2951268],[-123.1526338,49.2951075],[-123.1526311,49.2951032],[-123.1526308,49.295098],[-123.1526391,49.2950879],[-123.1526534,49.2950789],[-123.1526645,49.2950695],[-123.1526683,49.2950652],[-123.1526733,49.2950542],[-123.1526736,49.295045],[-123.1526676,49.2950247],[-123.1526586,49.2950086],[-123.1526059,49.2949434],[-123.1525924,49.2949205],[-123.1525757,49.2948985],[-123.1525647,49.2948879],[-123.1525587,49.2948832],[-123.1525443,49.2948754],[-123.152529,49.29487],[-123.1525111,49.2948692],[-123.1525026,49.2948709],[-123.1524969,49.2948739],[-123.1524921,49.2948775],[-123.1524853,49.2948861],[-123.1524837,49.2948919],[-123.1524874,49.2949294],[-123.1524876,49.2949583],[-123.1524804,49.2950148],[-123.1524766,49.295031],[-123.1524712,49.2950417],[-123.1524643,49.2950502],[-123.1524538,49.2950587],[-123.1524409,49.2950662],[-123.1524328,49.2950683],[-123.1524173,49.2950696],[-123.1524032,49.2950688],[-123.1523775,49.2950645],[-123.1523588,49.29506],[-123.152281,49.2950348],[-123.1522745,49.2950329],[-123.1522721,49.2950344],[-123.1522384,49.2950264],[-123.1521761,49.2950176],[-123.1521106,49.2950114],[-123.1520713,49.2950065],[-123.1520507,49.295001],[-123.152023,49.2949909],[-123.152016,49.2949875],[-123.1519711,49.2949569],[-123.1519556,49.2949486],[-123.1519261,49.2949373],[-123.1518793,49.2949238],[-123.151847,49.2949125],[-123.1518287,49.2949036],[-123.1518142,49.2948935],[-123.1517885,49.2948724],[-123.1517754,49.2948626],[-123.1517505,49.2948494],[-123.1517201,49.2948381],[-123.1516363,49.2948028],[-123.1516007,49.2947844],[-123.1515806,49.2947756],[-123.1515689,49.294771],[-123.1515357,49.2947621],[-123.1514612,49.2947495],[-123.1514083,49.2947419],[-123.1513751,49.2947354],[-123.1513526,49.2947293],[-123.1513287,49.2947192],[-123.1513193,49.29471],[-123.1513175,49.2947039],[-123.1513193,49.2946904],[-123.1513222,49.2946873],[-123.1513329,49.294676],[-123.1513858,49.2946414],[-123.1514008,49.2946267],[-123.1514051,49.2946123],[-123.1514051,49.2945952],[-123.1513943,49.2945526],[-123.1513905,49.294533],[-123.1513896,49.2945158],[-123.1513873,49.2945051],[-123.1513798,49.2944892],[-123.1513653,49.2944724],[-123.1513555,49.2944653],[-123.151348,49.2944622],[-123.1513391,49.2944613],[-123.1513091,49.2944619],[-123.1512932,49.2944613],[-123.1512702,49.2944579],[-123.1512604,49.2944552],[-123.1512431,49.2944561],[-123.1512342,49.2944576],[-123.1512178,49.2944628],[-123.1511682,49.2944922],[-123.1511405,49.2945048],[-123.1511223,49.2945106],[-123.1511035,49.2945143],[-123.1510946,49.2945152],[-123.1510769,49.2945146],[-123.1510619,49.2945121],[-123.151046,49.2945072],[-123.1510342,49.2945008],[-123.1510254,49.2944913],[-123.1510197,49.2944803],[-123.1510188,49.2944748],[-123.1510221,49.29445],[-123.1510338,49.2944037],[-123.151038,49.294382],[-123.1510385,49.2943559],[-123.1510357,49.2943284],[-123.1510277,49.2942944],[-123.1510142,49.2942561],[-123.1509931,49.2942141],[-123.1509875,49.2941958],[-123.1509838,49.2941713],[-123.1509833,49.2941556],[-123.1509781,49.2941247],[-123.1509711,49.2941005],[-123.1509561,49.2940564],[-123.1509393,49.2940129],[-123.1509159,49.2939707],[-123.1509075,49.2939541],[-123.1508958,49.2939262],[-123.1508691,49.2938451],[-123.1508607,49.2938089],[-123.1508345,49.2937293],[-123.1508247,49.2936886],[-123.1508209,49.2936445],[-123.1508172,49.2936292],[-123.1508111,49.2936129],[-123.1507863,49.2935728],[-123.1507755,49.2935535],[-123.1507704,49.2935373],[-123.150769,49.2935223],[-123.1507704,49.2935165],[-123.1507737,49.2935119],[-123.1508008,49.2934984],[-123.1508191,49.2934877],[-123.150828,49.2934837],[-123.1508514,49.2934782],[-123.1508729,49.2934714],[-123.1508992,49.293458],[-123.1509099,49.2934479],[-123.1509441,49.2934212],[-123.1509581,49.2934157],[-123.1510054,49.2934081],[-123.1510396,49.2934041],[-123.1510715,49.2933992],[-123.151086,49.2933952],[-123.1510944,49.2933915],[-123.1511192,49.2933765],[-123.1511366,49.2933707],[-123.1511904,49.2933569],[-123.1512049,49.2933517],[-123.1512236,49.2933419],[-123.1512485,49.2933239],[-123.1512555,49.2933156],[-123.1512635,49.2932828],[-123.1512709,49.2932663],[-123.1512794,49.2932565],[-123.1512906,49.2932497],[-123.1513342,49.2932366],[-123.1513473,49.2932311],[-123.1513524,49.2932265],[-123.1513562,49.2932216],[-123.1513623,49.2932066],[-123.1513641,49.2931968],[-123.1513492,49.2931655],[-123.1513459,49.2931554],[-123.1513459,49.2931493],[-123.1513482,49.2931429],[-123.1513524,49.2931371],[-123.151367,49.2931239],[-123.1514021,49.2930991],[-123.1514152,49.2930874],[-123.1514241,49.2930761],[-123.1514288,49.2930651],[-123.1514306,49.2930535],[-123.1514302,49.2930476],[-123.1514283,49.2930421],[-123.1514213,49.2930326],[-123.1514166,49.2930283],[-123.1513923,49.2930136],[-123.1513749,49.2930011],[-123.1513656,49.2929913],[-123.1513567,49.292975],[-123.1513529,49.2929634],[-123.151353,49.2929524],[-123.1513576,49.2929309],[-123.1513553,49.2929178],[-123.1513501,49.2929028],[-123.151338,49.2928789],[-123.1513169,49.2928271],[-123.1513104,49.2928087],[-123.1513057,49.2927806],[-123.1512982,49.2927554],[-123.1512912,49.2927398],[-123.1512832,49.2927297],[-123.1512734,49.2927202],[-123.1512612,49.292711],[-123.1512341,49.2926963],[-123.1511971,49.2926789],[-123.1511756,49.2926703],[-123.1511386,49.292659],[-123.1511259,49.2926538],[-123.1511077,49.2926436],[-123.1510946,49.2926375],[-123.1510796,49.2926326],[-123.1510426,49.2926237],[-123.1510168,49.2926216],[-123.1509855,49.2926219],[-123.1509658,49.2926243],[-123.150949,49.2926286],[-123.150934,49.2926341],[-123.1509092,49.2926467],[-123.1508918,49.2926537],[-123.150882,49.2926565],[-123.1508595,49.2926595],[-123.1508347,49.2926605],[-123.1507486,49.292658],[-123.1507177,49.2926556],[-123.1507027,49.2926525],[-123.1506924,49.2926433],[-123.1506844,49.2926332],[-123.150676,49.2926032],[-123.1506694,49.2925897],[-123.1506596,49.2925771],[-123.1506526,49.2925719],[-123.1506339,49.2925646],[-123.1506236,49.2925621],[-123.1506048,49.2925603],[-123.1505496,49.2925609],[-123.1505168,49.2925591],[-123.1504943,49.2925566],[-123.1504644,49.2925517],[-123.1504485,49.2925456],[-123.1504354,49.2925376],[-123.1504307,49.2925321],[-123.1504143,49.2925024],[-123.1504035,49.2924862],[-123.1503801,49.2924604],[-123.1503736,49.2924488],[-123.1503698,49.2924365],[-123.1503712,49.2924264],[-123.1503755,49.2924218],[-123.1503825,49.2924179],[-123.1503928,49.2924142],[-123.1504288,49.2924072],[-123.1504536,49.2924013],[-123.15047,49.2923961],[-123.1504794,49.2923918],[-123.1504902,49.2923866],[-123.1505201,49.2923756],[-123.1505393,49.2923661],[-123.150551,49.2923566],[-123.150559,49.292352],[-123.1505744,49.2923468],[-123.1506175,49.2923389],[-123.1506395,49.2923337],[-123.1506541,49.2923278],[-123.1506578,49.2923229],[-123.1506573,49.2923177],[-123.1506536,49.2923122],[-123.1506381,49.2923064],[-123.1505721,49.2923036],[-123.1505258,49.2922972],[-123.1505066,49.2922932],[-123.1504902,49.2922862],[-123.1504766,49.2922767],[-123.1504691,49.2922669],[-123.1504701,49.2922608],[-123.1504771,49.2922556],[-123.1504921,49.2922494],[-123.1504968,49.2922458],[-123.1504958,49.2922396],[-123.1504921,49.2922347],[-123.1504813,49.2922258],[-123.1504663,49.292216],[-123.1504275,49.2921943],[-123.1503928,49.292179],[-123.1503554,49.2921582],[-123.1503343,49.292148],[-123.1503179,49.2921422],[-123.1502519,49.2921248],[-123.1502219,49.2921137],[-123.1501601,49.2920843],[-123.1501368,49.2920702],[-123.150096,49.2920375],[-123.1500839,49.2920283],[-123.1500618,49.2920157],[-123.1500398,49.292005],[-123.1499879,49.2919845],[-123.1499448,49.2919643],[-123.1499177,49.2919489],[-123.1498994,49.2919364],[-123.1498942,49.2919312],[-123.1498821,49.2919085],[-123.1498732,49.2918953],[-123.1498484,49.2918681],[-123.1498114,49.2918427],[-123.1497983,49.2918328],[-123.1497749,49.2918096],[-123.1497655,49.2917979],[-123.1497431,49.2917593],[-123.1497239,49.2917413],[-123.1496434,49.29168],[-123.149626,49.2916687],[-123.1496106,49.2916604],[-123.1495188,49.2916212],[-123.1494655,49.2915998],[-123.1494116,49.2915756],[-123.149347,49.2915382],[-123.1493217,49.2915259],[-123.1493058,49.2915192],[-123.1492974,49.2915161],[-123.1492815,49.2915131],[-123.1492642,49.2915128],[-123.1492445,49.2915177],[-123.1492272,49.2915247],[-123.1492178,49.2915265],[-123.149207,49.2915262],[-123.1491705,49.291517],[-123.1491237,49.2914784],[-123.1491224,49.2914706],[-123.1491247,49.2914668],[-123.1491406,49.2914399],[-123.1491434,49.2914258],[-123.1491406,49.2914166],[-123.1491364,49.2914095],[-123.1491298,49.2914016],[-123.1491172,49.2913896],[-123.1490966,49.2913749],[-123.1490273,49.2913382],[-123.14901,49.2913262],[-123.1489861,49.2913045],[-123.1489468,49.2912604],[-123.1489037,49.2912187],[-123.1488204,49.2911501],[-123.1487039,49.2910591],[-123.1486795,49.2910395],[-123.1486556,49.2910178],[-123.1486383,49.291004],[-123.1485929,49.2909737],[-123.1485704,49.2909565],[-123.1485405,49.2909302],[-123.1484707,49.2908772],[-123.148438,49.2908551],[-123.148415,49.2908377],[-123.1483804,49.2908021],[-123.1483575,49.2907749],[-123.1482994,49.2907124],[-123.1482643,49.2906772],[-123.1482377,49.290653],[-123.148188,49.2906156],[-123.1481585,49.2905963],[-123.1481024,49.2905632],[-123.148085,49.2905519],[-123.1480036,49.2904876],[-123.1479849,49.2904765],[-123.1479446,49.2904575],[-123.1479352,49.2904526],[-123.1479179,49.2904407],[-123.14791,49.290433],[-123.147888,49.2904058],[-123.1478828,49.2903902],[-123.147873,49.2903745],[-123.1478529,49.2903559],[-123.1478234,49.2903317],[-123.147807,49.2903209],[-123.1477621,49.2902952],[-123.1477284,49.2902701],[-123.1476755,49.2902196],[-123.1476577,49.2902036],[-123.1476366,49.2901874],[-123.1475163,49.2901062],[-123.1475004,49.2900946],[-123.1474672,49.2900642],[-123.1474442,49.2900535],[-123.1474307,49.2900514],[-123.1474171,49.2900523],[-123.1474035,49.2900557],[-123.1473576,49.2900722],[-123.1473511,49.290074],[-123.1473417,49.2900753],[-123.1473253,49.290075],[-123.1473188,49.2900725],[-123.1473122,49.290067],[-123.1473052,49.2900575],[-123.1472912,49.2900232],[-123.1472743,49.2899944],[-123.147264,49.2899693],[-123.1472598,49.2899543],[-123.1472561,49.2899237],[-123.1472481,49.2898921],[-123.1472416,49.2898731],[-123.1472397,49.2898609],[-123.1472411,49.2898391],[-123.1472439,49.2898342],[-123.1472575,49.2898198],[-123.1472772,49.2898027],[-123.1473399,49.2897567],[-123.1473961,49.2897133],[-123.1474078,49.2897038],[-123.1474177,49.2896937],[-123.1474228,49.2896842],[-123.1474219,49.2896781],[-123.1474181,49.2896719],[-123.1474032,49.289664],[-123.1473938,49.2896633],[-123.1473769,49.2896652],[-123.1473676,49.289667],[-123.1473409,49.2896765],[-123.1473198,49.2896872],[-123.147258,49.2897332],[-123.1471119,49.2898287],[-123.1470866,49.2898434],[-123.1470145,49.2898758],[-123.147,49.2898804],[-123.1469775,49.2898823],[-123.1469686,49.2898807],[-123.1469476,49.2898712],[-123.1468928,49.2898544],[-123.146868,49.2898486],[-123.1468432,49.2898446],[-123.1468062,49.2898357],[-123.1467715,49.2898241],[-123.1467299,49.2898072],[-123.146713,49.2898023],[-123.1466372,49.2897845],[-123.1466091,49.2897766],[-123.1465754,49.2897649],[-123.1465492,49.2897527],[-123.1465305,49.289741],[-123.1465262,49.2897358],[-123.1465291,49.2897199],[-123.1465291,49.2897144],[-123.1465188,49.2896978],[-123.1465071,49.2896883],[-123.1464944,49.2896795],[-123.1464691,49.2896642],[-123.1464579,49.289658],[-123.1464415,49.2896516],[-123.1464139,49.2896378],[-123.1463896,49.2896237],[-123.1463451,49.2896026],[-123.1463325,49.2895943],[-123.1463133,49.2895756],[-123.1463067,49.2895726],[-123.1462828,49.2895716],[-123.1462777,49.289575],[-123.1462753,49.2895851],[-123.1462711,49.2895946],[-123.1462627,49.2896044],[-123.1462547,49.2896035],[-123.1462407,49.2895961],[-123.1462299,49.2895873],[-123.1462136,49.2895692],[-123.1462019,49.2895603],[-123.1461901,49.2895526],[-123.1461475,49.2895315],[-123.1461223,49.2895168],[-123.146097,49.2895039],[-123.1460502,49.289488],[-123.1460198,49.2894754],[-123.145994,49.2894623],[-123.1459425,49.2894298],[-123.1459229,49.2894188],[-123.1458948,49.2894059],[-123.1458784,49.2893995],[-123.1458363,49.289386],[-123.1458026,49.2893786],[-123.1457646,49.2893734],[-123.1457234,49.2893648],[-123.145708,49.2893633],[-123.1456822,49.2893587],[-123.1456631,49.2893535],[-123.1456359,49.2893437],[-123.1455881,49.289321],[-123.1455643,49.289306],[-123.1455423,49.2892879],[-123.1455184,49.2892601],[-123.1455128,49.2892552],[-123.1454758,49.289234],[-123.1454646,49.2892242],[-123.1454599,49.2892144],[-123.145458,49.2892028],[-123.1454604,49.2891792],[-123.1454604,49.2891743],[-123.1454566,49.2891645],[-123.145452,49.289159],[-123.1454445,49.2891541],[-123.1454211,49.2891443],[-123.1454052,49.2891437],[-123.1453902,49.2891492],[-123.1453551,49.2891544],[-123.1453359,49.2891553],[-123.1453171,49.2891541],[-123.145289,49.2891504],[-123.1452441,49.289143],[-123.145209,49.289136],[-123.1451463,49.2891213],[-123.1450784,49.2891008],[-123.1450025,49.2890799],[-123.144952,49.2890701],[-123.1448677,49.289045],[-123.1448453,49.2890401],[-123.1448223,49.2890379],[-123.1448003,49.2890389],[-123.1447905,49.2890404],[-123.1447722,49.2890401],[-123.1447638,49.2890388],[-123.1447395,49.2890309],[-123.1447226,49.2890235],[-123.1446674,49.288996],[-123.144643,49.2889812],[-123.1446215,49.2889623],[-123.1445663,49.2889463],[-123.1445176,49.288931],[-123.1445017,49.2889237],[-123.1444923,49.2889151],[-123.1444876,49.2888992],[-123.1444862,49.2888799],[-123.1444834,49.2888731],[-123.1444703,49.2887916],[-123.1444671,49.2887558],[-123.1444615,49.2887142],[-123.1444559,49.2886872],[-123.1444358,49.2886269],[-123.144425,49.2885714],[-123.1444199,49.2885613],[-123.1444063,49.2885433],[-123.1443894,49.2885237],[-123.1443698,49.2885047],[-123.1443628,49.2884958],[-123.1443604,49.2884887],[-123.14436,49.2884823],[-123.1443623,49.288471],[-123.1443586,49.2884544],[-123.1443459,49.2884431],[-123.1443141,49.2884302],[-123.1442996,49.2884232],[-123.1442893,49.2884128],[-123.1442874,49.2884048],[-123.1442888,49.2883996],[-123.1442954,49.288391],[-123.1443085,49.28838],[-123.1443211,49.2883724],[-123.1443291,49.2883684],[-123.1443773,49.2883534],[-123.1444251,49.2883368],[-123.1444536,49.2883255],[-123.1444742,49.2883157],[-123.1445052,49.2882961],[-123.1445496,49.2882646],[-123.144574,49.2882487],[-123.1446129,49.2882294],[-123.1446227,49.2882242],[-123.1446498,49.2882064],[-123.144684,49.288181],[-123.1447173,49.2881611],[-123.1447444,49.288147],[-123.1447987,49.2881237],[-123.1448231,49.2881121],[-123.1448442,49.2880996],[-123.1448521,49.2880937],[-123.1448592,49.2880861],[-123.144883,49.2880503],[-123.1448962,49.2880343],[-123.1449018,49.2880233],[-123.1449027,49.2880117],[-123.1448994,49.2880058],[-123.1448948,49.2880022],[-123.1448887,49.288],[-123.1448737,49.288],[-123.1448671,49.2880019],[-123.1447997,49.2880496],[-123.1447421,49.2880977],[-123.1447004,49.2881268],[-123.1446625,49.2881516],[-123.1446321,49.288169],[-123.1445656,49.2882125],[-123.1445436,49.2882245],[-123.1444911,49.2882477],[-123.1444612,49.288263],[-123.1444546,49.2882649],[-123.1444377,49.2882661],[-123.1444214,49.2882633],[-123.1444036,49.2882572],[-123.1443844,49.2882471],[-123.1443666,49.2882355],[-123.1443474,49.2882143],[-123.1443236,49.2881773],[-123.1443147,49.2881666],[-123.1443039,49.2881558],[-123.1442927,49.2881466],[-123.1442711,49.2881332],[-123.1442543,49.2881252],[-123.144237,49.2881194],[-123.1442028,49.2881117],[-123.144178,49.2881034],[-123.1441476,49.2880854],[-123.1441288,49.2880725],[-123.1441162,49.2880599],[-123.1441073,49.2880474],[-123.1441003,49.2880342],[-123.1440956,49.2880201],[-123.1440937,49.2879883],[-123.1440923,49.28798],[-123.1440858,49.2879635],[-123.1440722,49.2879436],[-123.1440591,49.2879276],[-123.1440371,49.2879059],[-123.1440254,49.2878921],[-123.1440039,49.2878572],[-123.1439964,49.2878425],[-123.1439889,49.2878229],[-123.1439824,49.2877965],[-123.143981,49.2877723],[-123.1439815,49.2877647],[-123.1439857,49.2877497],[-123.1439965,49.2877279],[-123.1440105,49.2877053],[-123.1440185,49.2876878],[-123.1440227,49.287674],[-123.1440236,49.2876502],[-123.1440208,49.2876299],[-123.1440148,49.2876106],[-123.1440073,49.2875763],[-123.144004,49.2875479],[-123.144005,49.2875215],[-123.1440026,49.2875059],[-123.1439905,49.2874679],[-123.1439821,49.2874324],[-123.143976,49.2873947],[-123.1439732,49.2873653],[-123.1439727,49.2873503],[-123.1439751,49.2873224],[-123.1439756,49.2872786],[-123.1439732,49.2872318],[-123.1439756,49.2872015],[-123.1439831,49.2871635],[-123.1439854,49.2871436],[-123.143984,49.2871176],[-123.1439859,49.2870845],[-123.1439901,49.2870536],[-123.1440023,49.2870082],[-123.1440042,49.2869972],[-123.1440042,49.2869255],[-123.1440052,49.2869053],[-123.1440136,49.2868643],[-123.1440239,49.2868294],[-123.1440291,49.2867942],[-123.1440286,49.2867883],[-123.1440268,49.2867791],[-123.1440324,49.2867528],[-123.1440446,49.2867173],[-123.1440516,49.2866839],[-123.1440731,49.2866282],[-123.1440806,49.2865926],[-123.1440942,49.2865482],[-123.1440999,49.2865225],[-123.1441121,49.2864392],[-123.1441187,49.28637],[-123.1441252,49.2863369],[-123.1441322,49.2863109],[-123.1441332,49.2862754],[-123.1441463,49.2861804],[-123.144151,49.286159],[-123.1441595,49.2861075],[-123.1441632,49.2860567],[-123.1441637,49.2860301],[-123.1441614,49.2859856],[-123.1441614,49.2859624],[-123.1441684,49.285891],[-123.144168,49.2858601],[-123.1441689,49.285835],[-123.1441755,49.2857854],[-123.1441839,49.2857394],[-123.1441933,49.2857076],[-123.1442022,49.2856638],[-123.1442046,49.2856304],[-123.1442046,49.2855949],[-123.1442065,49.2855765],[-123.1442116,49.2855535],[-123.1442107,49.2855407],[-123.1442177,49.2854858],[-123.1442266,49.2854353],[-123.1442534,49.2853247],[-123.1442571,49.2853076],[-123.1442585,49.2852938],[-123.1442567,49.2852638],[-123.1442571,49.2852274],[-123.1442632,49.2851872],[-123.1442647,49.2851637],[-123.1442623,49.2851333],[-123.1442628,49.285092],[-123.1442614,49.2850623],[-123.1442628,49.2850418],[-123.1442666,49.2850191],[-123.1442694,49.2849762],[-123.1442732,49.2849493],[-123.144276,49.2849131],[-123.1442751,49.2848494],[-123.1442723,49.2848096],[-123.1442732,49.2847821],[-123.1442835,49.2847263],[-123.144292,49.2846246],[-123.1442962,49.2846005],[-123.1442994,49.2845634],[-123.1442968,49.2845357],[-123.1442972,49.2845134],[-123.1443025,49.2844636],[-123.1443046,49.2844528],[-123.1443095,49.2844415],[-123.1443173,49.284429],[-123.1443408,49.2844005],[-123.1443491,49.2843889],[-123.1443523,49.2843828],[-123.1443541,49.2843763],[-123.1443526,49.2843462],[-123.1443552,49.2843261],[-123.1443619,49.2843018],[-123.1443637,49.2842876],[-123.1443626,49.2842739],[-123.1443566,49.2842626],[-123.1443426,49.284243],[-123.1443301,49.2842309],[-123.1443033,49.2842114],[-123.1442857,49.2841963],[-123.1442711,49.2841873],[-123.1442531,49.2841791],[-123.1441931,49.2841605],[-123.1441576,49.2841509],[-123.1441389,49.2841467],[-123.1440723,49.2841357],[-123.1440367,49.2841286],[-123.1440097,49.2841211],[-123.143913,49.2840888],[-123.1438894,49.2840793],[-123.1438692,49.2840694],[-123.1438522,49.2840594],[-123.1438003,49.2840246],[-123.1437808,49.2840095],[-123.1437665,49.2839955],[-123.143762,49.2839911],[-123.1437375,49.2839641],[-123.1437177,49.2839391],[-123.1437066,49.283919],[-123.1436564,49.2838538],[-123.1436257,49.283805],[-123.1435924,49.2837601],[-123.1435795,49.2837369],[-123.1435648,49.2836974],[-123.1435533,49.2836519],[-123.1435393,49.2836091],[-123.1435306,49.2835887],[-123.1435228,49.2835761],[-123.1434799,49.2835238],[-123.1434456,49.2834879],[-123.1434173,49.2834537],[-123.1433802,49.283392],[-123.1433576,49.283358],[-123.1433504,49.2833432],[-123.1433417,49.2833145],[-123.1433351,49.2832982],[-123.1433052,49.2832513],[-123.1432856,49.2832142],[-123.1432766,49.2831988],[-123.1432616,49.2831791],[-123.1432529,49.2831665],[-123.1432461,49.283154],[-123.1432324,49.2831211],[-123.1432261,49.2830992],[-123.1432182,49.2830813],[-123.1432044,49.2830587],[-123.1431859,49.2830346],[-123.1431445,49.2829892],[-123.1431289,49.2829647],[-123.1431225,49.282953],[-123.143116,49.2829355],[-123.1431036,49.2829119],[-123.1430749,49.2828703],[-123.1430612,49.2828529],[-123.1430026,49.2827941],[-123.1429657,49.2827544],[-123.1429137,49.2826957],[-123.1428399,49.2826061],[-123.1428175,49.2825844],[-123.1427971,49.282561],[-123.1427657,49.282531],[-123.1427215,49.2824933],[-123.1426321,49.2824042],[-123.1426024,49.2823781],[-123.1425935,49.2823673],[-123.1425657,49.2823418],[-123.1425353,49.2823196],[-123.1424987,49.2822964],[-123.1424751,49.2822803],[-123.1424498,49.2822585],[-123.1424077,49.2822249],[-123.1423704,49.2821992],[-123.1423416,49.2821742],[-123.1423282,49.2821603],[-123.1423176,49.282147],[-123.1422814,49.2820865],[-123.1422653,49.2820629],[-123.1422431,49.2820375],[-123.1422265,49.2820231],[-123.1421347,49.2819569],[-123.1420867,49.2819197],[-123.1420444,49.2818815],[-123.1419744,49.2818152],[-123.1419628,49.2818031],[-123.1419474,49.2817832],[-123.1419305,49.281757],[-123.1419217,49.2817385],[-123.1419131,49.2817144],[-123.1419106,49.2817023],[-123.1419103,49.2816583],[-123.1419063,49.2816392],[-123.1418971,49.2816173],[-123.1418749,49.2815842],[-123.1418542,49.2815586],[-123.1418265,49.2815306],[-123.1418052,49.2815136],[-123.1417999,49.2815085],[-123.1417957,49.2814991],[-123.1417956,49.2814771],[-123.1417919,49.2814668],[-123.1417889,49.281462],[-123.141779,49.2814531],[-123.1417735,49.2814499],[-123.1417604,49.2814464],[-123.1417449,49.2814451],[-123.1417375,49.2814424],[-123.1417187,49.2814305],[-123.1417093,49.2814219],[-123.1416938,49.2814038],[-123.1416825,49.2813939],[-123.1416766,49.281391],[-123.1416626,49.2813869],[-123.1416561,49.2813842],[-123.1416452,49.2813771],[-123.1416372,49.2813683],[-123.1416194,49.2813325],[-123.1415956,49.2812937],[-123.1415891,49.2812846],[-123.1415841,49.281281],[-123.141576,49.2812811],[-123.1415688,49.2812831],[-123.1415551,49.2812908],[-123.1415463,49.2812943],[-123.1415307,49.2812949],[-123.1415227,49.2812925],[-123.1415168,49.2812889],[-123.1415069,49.2812794],[-123.1414788,49.2812343],[-123.1414661,49.2812098],[-123.1414551,49.281195],[-123.1414443,49.2811848],[-123.141418,49.2811661],[-123.1413785,49.281144],[-123.1413598,49.2811327],[-123.1413489,49.2811244],[-123.1413352,49.2811082],[-123.1413113,49.2810564],[-123.1412841,49.281012],[-123.141276,49.2809967],[-123.1412565,49.28095],[-123.1412506,49.2809058],[-123.1412493,49.2808714],[-123.1412478,49.2808496],[-123.1412449,49.2808347],[-123.1412388,49.2808175],[-123.1412333,49.2808071],[-123.1412212,49.2807941],[-123.1412104,49.2807857],[-123.1411975,49.2807792],[-123.1411771,49.2807712],[-123.14115,49.280765],[-123.1411336,49.2807618],[-123.1411261,49.280761],[-123.1411118,49.2807618],[-123.1411036,49.2807638],[-123.1410876,49.2807705],[-123.141066,49.2807758],[-123.1410579,49.2807753],[-123.1410381,49.2807665],[-123.1410216,49.2807657],[-123.1410033,49.2807696],[-123.140982,49.2807777],[-123.1409671,49.2807814],[-123.1409503,49.2807844],[-123.1409332,49.2807858],[-123.140918,49.2807854],[-123.1408898,49.2807822],[-123.1408199,49.2807708],[-123.1407895,49.2807641],[-123.1407481,49.280751],[-123.1407176,49.2807378],[-123.1406992,49.280728],[-123.1406678,49.2807077],[-123.1406386,49.2806806],[-123.1406204,49.2806671],[-123.1405743,49.2806371],[-123.1405517,49.2806191],[-123.1405393,49.2806058],[-123.140514,49.2805686],[-123.1405067,49.2805486],[-123.1405019,49.2805019],[-123.1404965,49.2804724],[-123.1404831,49.2804357],[-123.14048,49.2804227],[-123.1404779,49.2803708],[-123.1404749,49.2803429],[-123.1404746,49.2803078],[-123.1404775,49.2802834],[-123.140487,49.2802353],[-123.1404955,49.2802033],[-123.1404993,49.2801718],[-123.1405016,49.2801166],[-123.1405004,49.2800487],[-123.1405028,49.2800246],[-123.14051,49.2799923],[-123.1405113,49.2799622],[-123.14051,49.2799284],[-123.1405148,49.2798873],[-123.1405169,49.2798598],[-123.1405138,49.279833],[-123.1405139,49.2798151],[-123.1405173,49.2797736],[-123.1405254,49.2797645],[-123.1405328,49.2797607],[-123.1405491,49.2797574],[-123.1405681,49.2797566],[-123.1405954,49.279752],[-123.1406017,49.2797494],[-123.1406062,49.2797449],[-123.1406032,49.2797402],[-123.1405889,49.2797327],[-123.1405451,49.2797216],[-123.1405156,49.2797156],[-123.1404969,49.2797108],[-123.1404593,49.2796977],[-123.1404402,49.279692],[-123.140358,49.2796725],[-123.1403449,49.2796691],[-123.1402634,49.2796372],[-123.1401883,49.2796099],[-123.1401534,49.2795994],[-123.1401314,49.2795942],[-123.1400475,49.2795799],[-123.1400254,49.2795766],[-123.1399816,49.2795727],[-123.139937,49.2795728],[-123.1398117,49.2795692],[-123.1397876,49.2795677],[-123.139766,49.279564],[-123.1397483,49.2795586],[-123.1397272,49.2795482],[-123.1397018,49.2795289],[-123.1396901,49.2795181],[-123.1396853,49.2795121],[-123.1396759,49.2794945],[-123.1396685,49.279475],[-123.1396623,49.2794442],[-123.1396551,49.2794223],[-123.1396497,49.2794005],[-123.1396458,49.2793796],[-123.1396437,49.2793588],[-123.139645,49.2793139],[-123.1396444,49.2792993],[-123.1396396,49.2792682],[-123.1396368,49.2792198],[-123.1396325,49.2791806],[-123.1396417,49.2790819],[-123.1396481,49.2790393],[-123.13965,49.2789743],[-123.1396472,49.2789497],[-123.1396482,49.2789265],[-123.1396523,49.2788972],[-123.1397122,49.2788699],[-123.1397194,49.2788685],[-123.1397262,49.2788656],[-123.1397311,49.278862],[-123.1397368,49.2788538],[-123.1397367,49.2788485],[-123.1397327,49.2788437],[-123.1397202,49.2788382],[-123.139676,49.2788256],[-123.1396414,49.2788172],[-123.1395719,49.2788074],[-123.139533,49.2787999],[-123.1394915,49.2787886],[-123.139462,49.2787819],[-123.1394201,49.2787774],[-123.1393933,49.278774],[-123.1392944,49.2787569],[-123.1391142,49.2787281],[-123.1390949,49.2787248],[-123.139059,49.2787161],[-123.1390416,49.2787135],[-123.139001,49.2787112],[-123.1389593,49.2787108],[-123.1389409,49.2787094],[-123.1389005,49.2787034],[-123.1388593,49.2786961],[-123.1388181,49.2786876],[-123.1387531,49.2786726],[-123.1387387,49.2786676],[-123.1387224,49.2786638],[-123.1387066,49.2786584],[-123.1386775,49.2786456],[-123.1386495,49.2786303],[-123.1386331,49.2786187],[-123.1386148,49.2786012],[-123.1385915,49.2785705],[-123.1385616,49.2785391],[-123.138554,49.278524],[-123.1385506,49.278501],[-123.1385517,49.2784669],[-123.1385639,49.2783975],[-123.1385666,49.27836],[-123.1385666,49.2783433],[-123.1385627,49.2783063],[-123.1385606,49.2782784],[-123.1385611,49.278262],[-123.1385591,49.2782393],[-123.1385622,49.2781789],[-123.1385608,49.2780921],[-123.1385658,49.2780563],[-123.1385697,49.2780378],[-123.1385797,49.2780061],[-123.1385879,49.2779874],[-123.138608,49.2779591],[-123.1386134,49.2779493],[-123.1386137,49.2779443],[-123.1386092,49.2779321],[-123.1386026,49.277923],[-123.1385981,49.2779185],[-123.1385794,49.2779066],[-123.1385382,49.2778903],[-123.1385056,49.2778743],[-123.1384261,49.2778407],[-123.1383782,49.2778177],[-123.1383308,49.2777939],[-123.1382637,49.2777581],[-123.1381492,49.2776931],[-123.1381055,49.2776706],[-123.1380656,49.2776572],[-123.1380408,49.2776507],[-123.1380289,49.2776442],[-123.1380074,49.277607],[-123.1379927,49.2775844],[-123.1379768,49.2775647],[-123.1379585,49.277546],[-123.1378891,49.2774853],[-123.1378521,49.2774552],[-123.1378201,49.2774346],[-123.1377912,49.2774186],[-123.137754,49.2774],[-123.1376943,49.2773752],[-123.1376855,49.2773722],[-123.1376686,49.2773699],[-123.1376529,49.2773711],[-123.1376452,49.2773733],[-123.1376378,49.2773772],[-123.1376207,49.2773947],[-123.1376144,49.2774039],[-123.1376107,49.2774199],[-123.1376141,49.277441],[-123.1376145,49.277451],[-123.1376119,49.2774621],[-123.1376052,49.2774715],[-123.1375982,49.2774769],[-123.1375827,49.2774839],[-123.1375585,49.2774849],[-123.137525,49.2774741],[-123.1375167,49.2774702],[-123.1374523,49.2774298],[-123.1374221,49.2774123],[-123.1373844,49.2773933],[-123.1373747,49.2773878],[-123.137357,49.2773746],[-123.1373395,49.277359],[-123.1373261,49.277345],[-123.1373073,49.2773194],[-123.1372922,49.2773023],[-123.1372796,49.2772908],[-123.1372302,49.2772533],[-123.137173,49.2772038],[-123.137153,49.2771884],[-123.1371344,49.2771752],[-123.1369647,49.2770822],[-123.1369395,49.2770676],[-123.1368821,49.2770289],[-123.1368444,49.277001],[-123.1367889,49.2769552],[-123.1367615,49.27693],[-123.1367093,49.2768757],[-123.1366973,49.2768614],[-123.1366659,49.2768321],[-123.1366499,49.2768143],[-123.1366373,49.2767951],[-123.1366041,49.2767258],[-123.1365832,49.2766781],[-123.1365764,49.2766649],[-123.1365502,49.276627],[-123.1365361,49.2766099],[-123.1365245,49.2765985],[-123.1365161,49.2765887],[-123.13651,49.2765792],[-123.1365003,49.2765517],[-123.13649,49.2765334],[-123.1364741,49.2765138],[-123.1364602,49.2765001],[-123.1364363,49.2764806],[-123.1364169,49.2764631],[-123.1364077,49.2764514],[-123.1363769,49.2763805],[-123.1363679,49.2763477],[-123.1363588,49.2763258],[-123.1363513,49.2762934],[-123.1363472,49.276266],[-123.136346,49.2762393],[-123.1363425,49.2762181],[-123.13633,49.2761738],[-123.1363277,49.2761567],[-123.1363305,49.2761406],[-123.1363368,49.2761238],[-123.1363462,49.2760846],[-123.1363483,49.2760661],[-123.1363476,49.276045],[-123.1363427,49.2760164],[-123.1363403,49.2759772],[-123.1363423,49.2759516],[-123.1363512,49.2759378],[-123.1363683,49.2759048],[-123.136373,49.27589],[-123.1363745,49.2758808],[-123.1363735,49.2758653],[-123.1363651,49.2758309],[-123.1363643,49.2758213],[-123.1363652,49.2758064],[-123.1363147,49.2757049],[-123.1362606,49.2756376],[-123.1361885,49.2755622],[-123.1361306227349,49.275580251930094],[-123.1362937,49.2758212],[-123.1363132,49.2758501],[-123.136072,49.2759292],[-123.1360295,49.276026],[-123.1360284,49.2761472],[-123.1360425,49.2762339],[-123.1360918,49.2763387],[-123.1362186,49.2765118],[-123.1363262,49.2766467],[-123.1363775,49.2767303],[-123.1364576,49.2769083],[-123.1365084,49.2770784],[-123.1365508,49.2771946],[-123.1366014,49.2772773],[-123.1366915,49.2773843],[-123.1368072,49.2774735],[-123.1369261,49.2775512],[-123.1370958,49.2776324],[-123.1372447,49.2776849],[-123.13741,49.2777171],[-123.1375357,49.2777302],[-123.1376159,49.2777277],[-123.137689,49.277715],[-123.1377603,49.2776935],[-123.1378365,49.2776626],[-123.1377134,49.277577],[-123.1376843,49.2775532],[-123.1376645,49.2775112],[-123.1376554,49.2774509],[-123.1376628,49.2774382],[-123.1376809,49.277429],[-123.1377008,49.2774264],[-123.1377243,49.2774284],[-123.1377575,49.2774366],[-123.1377894,49.2774514],[-123.1378369,49.2774859],[-123.1379107,49.2775774],[-123.1379632,49.2776683],[-123.13838,49.2778254],[-123.1384217,49.2778708],[-123.1384214,49.2779219],[-123.1383662,49.278059],[-123.1383175,49.2782654],[-123.1383036,49.2784826],[-123.1383314,49.2786062],[-123.1383622,49.2786976],[-123.1383871,49.2787286],[-123.1384884,49.2787987],[-123.1385701,49.2788351],[-123.1386513,49.2788413],[-123.1387,49.2788278],[-123.1387675,49.2787841],[-123.1389064,49.2787588],[-123.1394608,49.278821],[-123.1394888,49.2788357],[-123.1394997,49.2788454],[-123.1395062,49.2788703],[-123.1394918,49.2788863],[-123.1394453,49.2788945],[-123.1393871,49.278902],[-123.1393632,49.2790185],[-123.1393274,49.2792293],[-123.1393276,49.2794063],[-123.1393805,49.2795498],[-123.1394217,49.2796348],[-123.1394976,49.2796816],[-123.1395815,49.2797019],[-123.1396499,49.2796931],[-123.1396706,49.2796509],[-123.1397926,49.2796172],[-123.1399765,49.2796266],[-123.1402287,49.2796738],[-123.1402845,49.2797035],[-123.1402956,49.2797408],[-123.1402183,49.280228],[-123.1402101,49.2805084],[-123.1402212,49.2805791],[-123.1402349,49.2806689],[-123.1402776,49.2807549],[-123.1403464,49.2808559],[-123.1404393,49.2809494],[-123.1405517,49.2810315],[-123.1407054,49.2811218],[-123.1408564,49.281156],[-123.1410031,49.2811349],[-123.1411117,49.2810658],[-123.141103,49.2809992],[-123.1410997,49.2809792],[-123.141093,49.2809084],[-123.1410814,49.2808892],[-123.1410964,49.2808469],[-123.1411279,49.2808012],[-123.1411757,49.2807973],[-123.1412161,49.2808211],[-123.1412445,49.2810351],[-123.1412507,49.2810874],[-123.141209,49.2811971],[-123.1412264,49.2812697],[-123.1412613,49.2813378],[-123.1413397,49.2814153],[-123.1414074,49.2814595],[-123.1415746,49.2815733],[-123.1416188,49.2816333],[-123.1417295,49.2818748],[-123.1423705,49.2827209],[-123.142893,49.2835577],[-123.1429101,49.283575],[-123.143212,49.283881],[-123.1435697,49.2840845],[-123.143835,49.2841469],[-123.1440951,49.2842448],[-123.144165,49.2842882],[-123.1441925,49.2843407],[-123.1441879,49.2843968],[-123.1441741,49.2844338],[-123.1441522,49.2844545],[-123.1440327,49.2844709],[-123.1438706,49.2844824],[-123.1438555,49.2845213],[-123.1438297,49.2847293],[-123.1437519,49.2853822],[-123.1436119,49.2860977],[-123.1434371,49.286631],[-123.1433718,49.2871465],[-123.1433516,49.2876491],[-123.1433561,49.288001],[-123.1433871,49.2882204],[-123.1433951,49.2883338],[-123.1434735,49.2884588],[-123.1438372,49.2886648],[-123.1439536,49.2888175],[-123.1440776,49.2888973],[-123.1442211,49.2889921],[-123.1442946,49.2890352],[-123.1443439,49.2890641],[-123.1444652,49.2891504],[-123.1445724,49.2892415],[-123.1446771,49.2893195],[-123.144915,49.2894462],[-123.144991,49.2894585],[-123.1450578,49.289453],[-123.1451498,49.2894175],[-123.1451692,49.2894105],[-123.1451947,49.2894052],[-123.1452356,49.2894017],[-123.1452705,49.2894044],[-123.1453094,49.289414],[-123.1453459,49.2894321],[-123.1456911,49.2896391],[-123.1457331,49.2896643],[-123.1458241,49.2896685],[-123.1459016,49.2896712],[-123.1459674,49.2896775],[-123.1459071,49.2897034],[-123.145887,49.2897147],[-123.1459755,49.2898034],[-123.1460874,49.2898983],[-123.1461563,49.2899381],[-123.1462348,49.2899667],[-123.1463926,49.2899909],[-123.1465653,49.2900397],[-123.1467128,49.2901073],[-123.1467563,49.2901186],[-123.1467808,49.290113],[-123.1469499,49.2900168],[-123.1470621,49.2899772],[-123.1469392,49.2900386],[-123.1467969,49.2901226],[-123.1467935,49.2901477],[-123.1468799,49.2902203],[-123.1470384,49.2902741],[-123.1470872,49.2903477],[-123.147132,49.2903773],[-123.1472713,49.2904694],[-123.1474413,49.2905948],[-123.1475695,49.2906898],[-123.1476677,49.2907868],[-123.1477459,49.2908706],[-123.1478523,49.2909952],[-123.1479501,49.2911121],[-123.148046,49.2911935],[-123.1481611,49.2912776],[-123.1484196,49.291454],[-123.1485504,49.2915432],[-123.1487414,49.291684],[-123.1489013,49.2918094],[-123.1490468,49.2919295],[-123.1490883,49.2919497],[-123.1491355,49.2919584],[-123.1491976,49.2920363],[-123.1492973,49.2921604],[-123.149329,49.2921883],[-123.1495604,49.2923981],[-123.1497739,49.292596],[-123.1498451,49.2926682],[-123.1498996,49.292734],[-123.1499285,49.292782],[-123.1499606,49.2928466],[-123.1499712,49.2928846],[-123.1499826,49.2929356],[-123.1499881,49.2930029],[-123.1499832,49.2930673],[-123.1500001,49.2931677],[-123.1500218,49.2934213],[-123.150055,49.2936093],[-123.1501142,49.2939561],[-123.1501405,49.2940459],[-123.1502287,49.2943356],[-123.1503861,49.2946981],[-123.1504654,49.2948185],[-123.1505736,49.2949298],[-123.1507057,49.2950202],[-123.1508223,49.2950845],[-123.1509036,49.2950982],[-123.1509249,49.2950871],[-123.1510535,49.2950311],[-123.1511598,49.2949986],[-123.1512663,49.2949736],[-123.1513765,49.2949578],[-123.1515092,49.2949526],[-123.1516418,49.2949623],[-123.1517795,49.2949834],[-123.151919,49.2950193],[-123.152087,49.2950603],[-123.1522516,49.295119],[-123.1524123,49.2951764],[-123.1525243,49.2952239],[-123.1526592,49.2952887],[-123.1527596,49.2953518],[-123.1528209,49.2954063],[-123.1528675,49.2954577],[-123.1528848,49.2954904],[-123.1529066,49.2955329],[-123.1529175,49.295588],[-123.1529058,49.2956761],[-123.1528816,49.2957376],[-123.1529024,49.2958251],[-123.1529565,49.2959488],[-123.1530195,49.2960598],[-123.1530198,49.2961885],[-123.1530551,49.2962428],[-123.1531239,49.2963338],[-123.1532073,49.2964208],[-123.1532729,49.2964902],[-123.1533085,49.2965362],[-123.153341,49.2965927],[-123.1534291,49.2967571],[-123.153518,49.2969014],[-123.1536593,49.2970901],[-123.1538032,49.2972608],[-123.1539403,49.2973753],[-123.1539937,49.2974464],[-123.1540818,49.2975104],[-123.1541432,49.2975482],[-123.1543531,49.2976606],[-123.1544041,49.2976798],[-123.1544745,49.2976947],[-123.1545858,49.2977087],[-123.1546991,49.2977113],[-123.1548346,49.2977048],[-123.1549553,49.2976912],[-123.1552027,49.2976606],[-123.155314,49.2976357],[-123.1556795,49.2975202],[-123.1559242,49.2974739],[-123.1561643,49.2974363],[-123.1564137,49.2974117],[-123.156593,49.2974066],[-123.1567491,49.297418],[-123.1567746,49.2974101],[-123.156794,49.2973916],[-123.1568211,49.2973778],[-123.1568533,49.2973701],[-123.1568877,49.2973692],[-123.1569208,49.2973751],[-123.1569493,49.2973872],[-123.1569708,49.2974044],[-123.1569834,49.297425],[-123.1569858,49.2974471],[-123.1569778,49.2974687],[-123.1570105,49.2974783],[-123.1571031,49.2975132],[-123.1571842,49.2975539],[-123.1573357,49.2976449],[-123.1575034,49.2977603],[-123.1576777,49.2978932],[-123.157838,49.2980314],[-123.1579238,49.2981123],[-123.1579855,49.2981805],[-123.1580231,49.2982374],[-123.1580418,49.2982916],[-123.1580459,49.2984359],[-123.1580579,49.2985627],[-123.1581035,49.2987525],[-123.1582443,49.299131],[-123.1582571,49.2991705],[-123.1582886,49.2992733],[-123.1583141,49.29939],[-123.1583288,49.2995064],[-123.1583248,49.2995964],[-123.1583169,49.2996706],[-123.1582751,49.2997849],[-123.1582623,49.2998217],[-123.1582728,49.2998604],[-123.1582978,49.2998954],[-123.1583483,49.2999433],[-123.1584191,49.3000105],[-123.1584403,49.3000329],[-123.1584478,49.3000532],[-123.158447,49.3000785],[-123.1584322,49.300098],[-123.1583061,49.3002152],[-123.1582921,49.3002414],[-123.1582874,49.3002664],[-123.1582894,49.3002992],[-123.1583077,49.3003392],[-123.1583627,49.3005152],[-123.1584536,49.3006993],[-123.1584978,49.3007788],[-123.1585556,49.3008518],[-123.1585767,49.3008748],[-123.1585976,49.3008951],[-123.1586266,49.3009139],[-123.158687,49.3009443],[-123.1587389,49.3009759],[-123.1587778,49.3010144],[-123.1587983,49.3010404],[-123.1588145,49.3010692],[-123.1588305,49.3011196],[-123.158835,49.3011611],[-123.1588302,49.3012036],[-123.1588117,49.3012546],[-123.1587848,49.3012953],[-123.1587519,49.3013281],[-123.1587232,49.3013493],[-123.1586813,49.3013722],[-123.1586312,49.3013909],[-123.1585706,49.3014037],[-123.1584061,49.3014354],[-123.1583259,49.3014574],[-123.1582503,49.301488],[-123.1577888,49.3017052],[-123.1577154,49.3017382],[-123.1576523,49.3017563],[-123.157582,49.3017681],[-123.1575155,49.3017757],[-123.1573646,49.3017867],[-123.1572908,49.3018001],[-123.1571981,49.3018316],[-123.1571237,49.3018721],[-123.1570433,49.3019316],[-123.1569843,49.3020001],[-123.1569182,49.3021367],[-123.1568783,49.3022993],[-123.1567711,49.3029382],[-123.156704,49.3032663],[-123.1566789,49.3037071],[-123.1566888,49.3039015],[-123.1567418,49.303999],[-123.1567976,49.3040639],[-123.156724,49.3041505],[-123.1566807,49.3042333],[-123.1566335,49.3043767],[-123.1565602,49.3047098],[-123.1564846,49.3049255],[-123.1563973,49.3052046],[-123.1563336,49.3054577],[-123.1563342,49.3055309],[-123.1563462,49.305602],[-123.156418,49.305738],[-123.1564427,49.3058253],[-123.1564445,49.3058736],[-123.1564063,49.3058907],[-123.1563767,49.3059049],[-123.1563409,49.3059103],[-123.1563048,49.305906],[-123.1562293,49.306044],[-123.1561836,49.3061536],[-123.1561582,49.3062567],[-123.1561026,49.3064484],[-123.1560128,49.3068831],[-123.1559584,49.3072415],[-123.1559401,49.307469],[-123.1559346,49.3075933],[-123.1559449,49.3076757],[-123.1559617,49.3077351],[-123.1559845,49.3077797],[-123.1560227,49.3078305],[-123.1560496,49.3078667],[-123.1560664,49.307889],[-123.1560711,49.3079091],[-123.1560771,49.3080604],[-123.1560825,49.3080843],[-123.1561052,49.3081131],[-123.1561361,49.3081421],[-123.1561475,49.3081614],[-123.1561556,49.3082038],[-123.1561542,49.3082287],[-123.1561452,49.3082644],[-123.15612,49.308321],[-123.1561116,49.3083946],[-123.1561315,49.3084449],[-123.1561363,49.3084677],[-123.1561301,49.3085365],[-123.156117,49.308573],[-123.1561008,49.3085922],[-123.1560805,49.3086068],[-123.1560429,49.3086264],[-123.1559888,49.3086415],[-123.1559339,49.3086495],[-123.1558751,49.3086471],[-123.1557839,49.3086395],[-123.1557164,49.3086248],[-123.1555749,49.3085723],[-123.1554857,49.3085478],[-123.1553918,49.3085378],[-123.1553013,49.3085347],[-123.1552316,49.3085404],[-123.1551337,49.308557],[-123.1550632,49.3085776],[-123.154991,49.3086124],[-123.154809,49.3087239],[-123.1546498,49.3088364],[-123.1545087,49.3089583],[-123.154428,49.3090465],[-123.154307,49.3092354],[-123.1542874,49.3092805],[-123.1542372,49.3093339],[-123.1541978,49.3093741],[-123.1541146,49.3094324],[-123.1540596,49.3094658],[-123.1536567,49.309702],[-123.1535717,49.3097527],[-123.1535031,49.3097889],[-123.1534238,49.3098187],[-123.1532584,49.3098725],[-123.1529761,49.3099458],[-123.1528933,49.3099717],[-123.1528097,49.3100144],[-123.1527502,49.3100462],[-123.1526862,49.3100905],[-123.1526187,49.3101476],[-123.1525597,49.3102098],[-123.1525208,49.310266],[-123.1524842,49.3103509],[-123.1524719,49.3104257],[-123.1524651,49.3104683],[-123.1524649,49.3105125],[-123.1524977,49.3106529],[-123.1525083,49.3107777],[-123.1525075,49.3109517],[-123.1524893,49.3110912],[-123.152458,49.3111936],[-123.1524572,49.3112078],[-123.1524646,49.3112219],[-123.1524901,49.3112455],[-123.1525001,49.3112578],[-123.1525028,49.3112731],[-123.1524927,49.311298],[-123.152474,49.3113172],[-123.1524579,49.311326],[-123.1524391,49.3113295],[-123.1523307,49.3113217],[-123.1523173,49.3113226],[-123.1523032,49.3113274],[-123.1521703,49.3114088],[-123.1520412,49.3115029],[-123.1519745,49.3115565],[-123.1517909,49.3117149],[-123.1516578,49.3118127],[-123.1516786,49.3118297],[-123.1516833,49.311845],[-123.151684,49.3118595],[-123.1516759,49.3118761],[-123.1516619,49.3118879],[-123.1516418,49.3118993],[-123.1516035,49.3119106],[-123.1515599,49.3119272],[-123.1515082,49.3119513],[-123.1514691,49.3119211],[-123.1513079,49.3120041],[-123.1511542,49.3120705],[-123.1510579,49.312106],[-123.1505766,49.3122739],[-123.1504828,49.3123212],[-123.1503788,49.3123793],[-123.1500854,49.3125623],[-123.1500118,49.3125954],[-123.1499121,49.3126267],[-123.1498303,49.3126478],[-123.1497256,49.3126653],[-123.1496258,49.3126746],[-123.1495064,49.3126769],[-123.1492542,49.3126803],[-123.1491744,49.3126844],[-123.1490853,49.3126997],[-123.1488752,49.3127523],[-123.1487864,49.3127732],[-123.1486554,49.3127961],[-123.1485314,49.3128192],[-123.1481438,49.3128709],[-123.1480456,49.312888],[-123.1479644,49.3129058],[-123.1478748,49.3129306],[-123.1476526,49.3129966],[-123.1474605,49.3130468],[-123.1472922,49.3130804],[-123.1470991,49.313111],[-123.1468869,49.3131376],[-123.1467985,49.3131418],[-123.1462978,49.3131678],[-123.1461972,49.3131797],[-123.146102,49.313198],[-123.145984,49.3132304],[-123.1459102,49.3132575],[-123.1457976,49.3133108],[-123.1456641,49.313393],[-123.1456125,49.3134179],[-123.1455528,49.3134363],[-123.145477,49.3134463],[-123.1453429,49.3134559],[-123.1451525,49.3134795],[-123.1449265,49.3135163],[-123.1447555,49.3135442],[-123.1445986,49.313581],[-123.144203,49.3136867],[-123.1441225,49.3136985],[-123.144042,49.3137055],[-123.1436773,49.3137112],[-123.14357,49.31372],[-123.1434064,49.3137431],[-123.1433004,49.313765],[-123.1432233,49.3137868],[-123.1431086,49.313824],[-123.143051,49.3138459],[-123.1429142,49.3139009],[-123.1427567,49.3139517],[-123.1426533,49.3139718],[-123.1426111,49.3139774],[-123.1423341,49.3139919],[-123.1421699,49.3139936],[-123.1420183,49.3139927],[-123.1419647,49.3139976],[-123.1414968,49.3140758],[-123.1414383,49.3140767],[-123.1413739,49.3140657],[-123.1413263,49.3140439],[-123.1412841,49.3140133],[-123.1412613,49.3139844],[-123.1412353,49.3139048],[-123.1411278,49.3135748],[-123.1409059,49.3133781],[-123.1400429,49.3131534],[-123.139945,49.3131281],[-123.1398591,49.3130944],[-123.1397807,49.3130555],[-123.1396828,49.313],[-123.1395869,49.3129296],[-123.1394602,49.3128089],[-123.1393797,49.3127084],[-123.1391505,49.3122851],[-123.1389175,49.311965],[-123.1384262,49.3116204],[-123.138108,49.3113535],[-123.1376886,49.3108116],[-123.1375451,49.3106721],[-123.1374177,49.3105252],[-123.137303,49.3103932],[-123.1372145,49.3103023],[-123.1371347,49.3102336],[-123.1371065,49.3102092],[-123.1370401,49.3101519],[-123.1369789,49.3101049],[-123.136939,49.3100743],[-123.1367541,49.3099323],[-123.1367024,49.3098926],[-123.1366774,49.3098734],[-123.1366492,49.3098437],[-123.1366251,49.3098152],[-123.136603,49.3097714],[-123.1365587,49.3096836],[-123.1365231,49.3096019],[-123.136499,49.3095188],[-123.1364682,49.3093824],[-123.136436,49.3092902],[-123.1364031,49.3092268],[-123.1363401,49.3091214],[-123.1362522,49.3089907],[-123.1361114,49.3088049],[-123.1360202,49.3086943],[-123.1359431,49.3086003],[-123.1358057,49.308428],[-123.1357453,49.308317],[-123.1356903,49.3081841],[-123.1356447,49.3080556],[-123.1356065,49.3079213],[-123.1355757,49.3078011],[-123.1355482,49.3076577],[-123.1355207,49.3074929],[-123.1355328,49.3074068],[-123.1355349,49.3073787],[-123.1355481,49.3073408],[-123.1355754,49.3072832],[-123.1355963,49.3072202],[-123.1356059,49.3071885],[-123.1356119,49.3071471],[-123.1356114,49.3071264],[-123.1356099,49.307107],[-123.1356037,49.3070928],[-123.1356022,49.3070874],[-123.1356001,49.3070682],[-123.135597,49.3070557],[-123.1355862,49.3070431],[-123.1355734,49.3070322],[-123.135559,49.3070242],[-123.1355408,49.3070161],[-123.1355341,49.3070141],[-123.135513,49.3069982],[-123.1354784,49.3069811],[-123.1354178,49.3069617],[-123.1351271,49.3068983],[-123.1350406,49.3068756],[-123.1349467,49.3068476],[-123.1348588,49.306813],[-123.1343975,49.3066127],[-123.1328119,49.3058584],[-123.1327261,49.3058063],[-123.1326465,49.3057514],[-123.1325898,49.3057038],[-123.1325556,49.3056703],[-123.1324152,49.3054864],[-123.1322996,49.3053569],[-123.1321483,49.3052121],[-123.1321337,49.3051965],[-123.1320665,49.3052031],[-123.1320084,49.3052021],[-123.131957,49.3051945],[-123.131904,49.3051791],[-123.1318614,49.3051585],[-123.1318249,49.3051326],[-123.1318015,49.3051019],[-123.1317856,49.3050746],[-123.1317773,49.3050457],[-123.1317803,49.3050148],[-123.1317921,49.3049816],[-123.1318171,49.3049487],[-123.1318531,49.3049184],[-123.1319006,49.3048941],[-123.1319482,49.3048753],[-123.1319382,49.3048559],[-123.1318943,49.3047711],[-123.1318076,49.3046425],[-123.1317105,49.3045263],[-123.1316272,49.3044464],[-123.1315879,49.3044062],[-123.13154,49.3043356],[-123.1315028,49.304279],[-123.1314226,49.3041475],[-123.1313246,49.3040239],[-123.1312232,49.3039044],[-123.1311522,49.3038436],[-123.1310178,49.3037519],[-123.1308762,49.3036111],[-123.1308144,49.3035209],[-123.1307446,49.3035162],[-123.1306326,49.3035018],[-123.1305219,49.30348],[-123.1304136,49.303455],[-123.1302763,49.3034078],[-123.13023620126175,49.30339216476181],[-123.1302451,49.303398]],[[-123.1559211,49.3087679],[-123.1559379,49.3087592],[-123.1559426,49.3087491],[-123.1559526,49.308722],[-123.1559774,49.3087098],[-123.1559982,49.3087032],[-123.1560195,49.308704],[-123.1560376,49.3086996],[-123.1560637,49.3087022],[-123.1560731,49.3087097],[-123.1560765,49.308718],[-123.1560899,49.3087267],[-123.156104,49.308742],[-123.1561073,49.3087499],[-123.1561013,49.3087656],[-123.1561019,49.3087735],[-123.1560979,49.3087857],[-123.1560852,49.3087919],[-123.1560597,49.3087945],[-123.1560342,49.3087914],[-123.1560181,49.3087857],[-123.1560027,49.3087884],[-123.1559839,49.3087888],[-123.1559526,49.3087946],[-123.1559231,49.3087915],[-123.1559204,49.3087802],[-123.1559211,49.3087679]],[[-123.1558588,49.3087369],[-123.1558722,49.3087229],[-123.1558869,49.3087172],[-123.1559003,49.3087163],[-123.1559131,49.308715],[-123.1559332,49.308722],[-123.1559457,49.3087271],[-123.1559386,49.3087334],[-123.1559357,49.308752],[-123.1558983,49.308767],[-123.1558795,49.3087701],[-123.1558634,49.3087579],[-123.1558782,49.3087482],[-123.1558742,49.3087443],[-123.1558588,49.3087369]]]}}]}