Extensions: writing cache failed ([Errno 30] Read-only file system: '/home/agent/.config/blender').
15:02:54 | INFO: Data are loaded, start creating Blender stuff
15:02:54 | INFO: Blender create Mesh node column-shaft.001
15:02:54 | INFO: glTF import finished in 0.00s
Blender 4.3.2
Fra:1 Mem:12.29M (Peak 12.29M) | Time:00:00.00 | Mem:0.00M, Peak:0.00M | Scene, ViewLayer | Synchronizing object | waterfront-column
Fra:1 Mem:14.30M (Peak 14.30M) | Time:00:00.00 | Mem:0.00M, Peak:0.00M | Scene, ViewLayer | Synchronizing object | QA-ruler-tick-10
Fra:1 Mem:14.31M (Peak 14.31M) | Time:00:00.00 | Mem:0.00M, Peak:0.00M | Scene, ViewLayer | Synchronizing object | QA-ruler-tick-9
Fra:1 Mem:14.31M (Peak 14.31M) | Time:00:00.00 | Mem:0.00M, Peak:0.00M | Scene, ViewLayer | Synchronizing object | QA-ruler-tick-8
Fra:1 Mem:14.31M (Peak 14.31M) | Time:00:00.00 | Mem:0.00M, Peak:0.00M | Scene, ViewLayer | Synchronizing object | QA-ruler-tick-7
Fra:1 Mem:14.31M (Peak 14.31M) | Time:00:00.00 | Mem:0.00M, Peak:0.00M | Scene, ViewLayer | Synchronizing object | QA-ruler-tick-6
Fra:1 Mem:14.31M (Peak 14.31M) | Time:00:00.00 | Mem:0.00M, Peak:0.00M | Scene, ViewLayer | Synchronizing object | QA-ruler-tick-5
Fra:1 Mem:14.31M (Peak 14.31M) | Time:00:00.00 | Mem:0.00M, Peak:0.00M | Scene, ViewLayer | Synchronizing object | QA-ruler-tick-4
Fra:1 Mem:14.31M (Peak 14.31M) | Time:00:00.00 | Mem:0.00M, Peak:0.00M | Scene, ViewLayer | Synchronizing object | QA-ruler-tick-3
Fra:1 Mem:14.31M (Peak 14.31M) | Time:00:00.00 | Mem:0.00M, Peak:0.00M | Scene, ViewLayer | Synchronizing object | QA-ruler-tick-2
Fra:1 Mem:14.31M (Peak 14.31M) | Time:00:00.00 | Mem:0.00M, Peak:0.00M | Scene, ViewLayer | Synchronizing object | QA-ruler-tick-1
Fra:1 Mem:14.32M (Peak 14.32M) | Time:00:00.00 | Mem:0.00M, Peak:0.00M | Scene, ViewLayer | Synchronizing object | QA-ruler-tick-0
Fra:1 Mem:14.32M (Peak 14.32M) | Time:00:00.00 | Mem:0.00M, Peak:0.00M | Scene, ViewLayer | Synchronizing object | QA-one-metre-ruler
Fra:1 Mem:14.32M (Peak 14.32M) | Time:00:00.00 | Mem:0.00M, Peak:0.00M | Scene, ViewLayer | Synchronizing object | QA-human-1.81m-head
Fra:1 Mem:14.33M (Peak 14.33M) | Time:00:00.00 | Mem:0.00M, Peak:0.00M | Scene, ViewLayer | Synchronizing object | QA-human-1.81m-arm.001
Fra:1 Mem:14.33M (Peak 14.33M) | Time:00:00.00 | Mem:0.00M, Peak:0.00M | Scene, ViewLayer | Synchronizing object | QA-human-1.81m-arm
Fra:1 Mem:14.33M (Peak 14.33M) | Time:00:00.00 | Mem:0.00M, Peak:0.00M | Scene, ViewLayer | Synchronizing object | QA-human-1.81m-leg.001
Fra:1 Mem:14.33M (Peak 14.33M) | Time:00:00.00 | Mem:0.00M, Peak:0.00M | Scene, ViewLayer | Synchronizing object | QA-human-1.81m-leg
Fra:1 Mem:14.33M (Peak 14.33M) | Time:00:00.00 | Mem:0.00M, Peak:0.00M | Scene, ViewLayer | Synchronizing object | QA-human-1.81m-neck
Fra:1 Mem:14.33M (Peak 14.33M) | Time:00:00.00 | Mem:0.00M, Peak:0.00M | Scene, ViewLayer | Synchronizing object | QA-human-1.81m-body
Fra:1 Mem:14.33M (Peak 14.33M) | Time:00:00.00 | Mem:0.00M, Peak:0.00M | Scene, ViewLayer | Synchronizing object | QA-human-1.75m-head
Fra:1 Mem:14.34M (Peak 14.34M) | Time:00:00.00 | Mem:0.00M, Peak:0.00M | Scene, ViewLayer | Synchronizing object | QA-human-1.75m-arm.001
Fra:1 Mem:14.34M (Peak 14.34M) | Time:00:00.00 | Mem:0.00M, Peak:0.00M | Scene, ViewLayer | Synchronizing object | QA-human-1.75m-arm
Fra:1 Mem:14.34M (Peak 14.34M) | Time:00:00.00 | Mem:0.00M, Peak:0.00M | Scene, ViewLayer | Synchronizing object | QA-human-1.75m-leg.001
Fra:1 Mem:14.35M (Peak 14.35M) | Time:00:00.00 | Mem:0.00M, Peak:0.00M | Scene, ViewLayer | Synchronizing object | QA-human-1.75m-leg
Fra:1 Mem:14.35M (Peak 14.35M) | Time:00:00.00 | Mem:0.00M, Peak:0.00M | Scene, ViewLayer | Synchronizing object | QA-human-1.75m-neck
Fra:1 Mem:14.35M (Peak 14.35M) | Time:00:00.00 | Mem:0.00M, Peak:0.00M | Scene, ViewLayer | Synchronizing object | QA-human-1.75m-body
Fra:1 Mem:14.48M (Peak 14.48M) | Time:00:00.00 | Mem:0.00M, Peak:0.00M | Scene, ViewLayer | Initializing
Fra:1 Mem:13.42M (Peak 14.48M) | Time:00:00.00 | Mem:0.00M, Peak:0.00M | Scene, ViewLayer | Waiting for render to start
Fra:1 Mem:13.42M (Peak 14.48M) | Time:00:00.00 | Mem:0.00M, Peak:0.00M | Scene, ViewLayer | Loading render kernels (may take a few minutes the first time)
Fra:1 Mem:13.42M (Peak 14.48M) | Time:00:00.00 | Mem:0.00M, Peak:0.00M | Scene, ViewLayer | Updating Scene
Fra:1 Mem:13.42M (Peak 14.48M) | Time:00:00.00 | Mem:0.00M, Peak:0.00M | Scene, ViewLayer | Updating Shaders
Fra:1 Mem:13.50M (Peak 14.48M) | Time:00:00.00 | Mem:0.00M, Peak:0.00M | Scene, ViewLayer | Updating Procedurals
Fra:1 Mem:13.50M (Peak 14.48M) | Time:00:00.00 | Mem:0.00M, Peak:0.00M | Scene, ViewLayer | Updating Background
Fra:1 Mem:13.50M (Peak 14.48M) | Time:00:00.00 | Mem:0.00M, Peak:0.00M | Scene, ViewLayer | Updating Camera
Fra:1 Mem:13.50M (Peak 14.48M) | Time:00:00.00 | Mem:0.00M, Peak:0.00M | Scene, ViewLayer | Updating Meshes Flags
Fra:1 Mem:13.50M (Peak 14.48M) | Time:00:00.00 | Mem:0.00M, Peak:0.00M | Scene, ViewLayer | Updating Objects
Fra:1 Mem:13.50M (Peak 14.48M) | Time:00:00.00 | Mem:0.00M, Peak:0.00M | Scene, ViewLayer | Updating Objects | Copying Transformations to device
Fra:1 Mem:13.51M (Peak 14.48M) | Time:00:00.00 | Mem:0.01M, Peak:0.01M | Scene, ViewLayer | Updating Objects | Applying Static Transformations
Fra:1 Mem:13.51M (Peak 14.48M) | Time:00:00.00 | Mem:0.01M, Peak:0.01M | Scene, ViewLayer | Updating Particle Systems
Fra:1 Mem:13.51M (Peak 14.48M) | Time:00:00.00 | Mem:0.01M, Peak:0.01M | Scene, ViewLayer | Updating Particle Systems | Copying Particles to device
Fra:1 Mem:13.51M (Peak 14.48M) | Time:00:00.00 | Mem:0.01M, Peak:0.01M | Scene, ViewLayer | Updating Meshes
Fra:1 Mem:13.53M (Peak 14.48M) | Time:00:00.00 | Mem:0.01M, Peak:0.01M | Scene, ViewLayer | Updating Mesh | Computing attributes
Fra:1 Mem:13.57M (Peak 14.48M) | Time:00:00.00 | Mem:0.01M, Peak:0.01M | Scene, ViewLayer | Updating Mesh | Copying Attributes to device
Fra:1 Mem:13.56M (Peak 14.48M) | Time:00:00.00 | Mem:0.04M, Peak:0.04M | Scene, ViewLayer | Updating Scene BVH | Building
Fra:1 Mem:13.56M (Peak 14.48M) | Time:00:00.00 | Mem:0.04M, Peak:0.04M | Scene, ViewLayer | Updating Scene BVH | Building BVH
Fra:1 Mem:13.56M (Peak 14.48M) | Time:00:00.00 | Mem:0.08M, Peak:0.08M | Scene, ViewLayer | Updating Scene BVH | Building BVH 0%
Fra:1 Mem:13.56M (Peak 14.48M) | Time:00:00.00 | Mem:0.13M, Peak:0.17M | Scene, ViewLayer | Updating Scene BVH | Copying BVH to device
Fra:1 Mem:13.56M (Peak 14.48M) | Time:00:00.00 | Mem:0.13M, Peak:0.17M | Scene, ViewLayer | Updating Mesh | Computing normals
Fra:1 Mem:13.67M (Peak 14.48M) | Time:00:00.00 | Mem:0.13M, Peak:0.17M | Scene, ViewLayer | Updating Mesh | Copying Mesh to device
Fra:1 Mem:13.67M (Peak 14.48M) | Time:00:00.00 | Mem:0.23M, Peak:0.23M | Scene, ViewLayer | Updating Objects Flags
Fra:1 Mem:13.67M (Peak 14.48M) | Time:00:00.00 | Mem:0.23M, Peak:0.23M | Scene, ViewLayer | Updating Primitive Offsets
Fra:1 Mem:13.67M (Peak 14.48M) | Time:00:00.00 | Mem:0.23M, Peak:0.23M | Scene, ViewLayer | Updating Images
Fra:1 Mem:13.67M (Peak 14.48M) | Time:00:00.00 | Mem:0.23M, Peak:0.23M | Scene, ViewLayer | Updating Camera Volume
Fra:1 Mem:13.67M (Peak 14.48M) | Time:00:00.00 | Mem:0.23M, Peak:0.23M | Scene, ViewLayer | Updating Lookup Tables
Fra:1 Mem:13.67M (Peak 14.48M) | Time:00:00.00 | Mem:0.32M, Peak:0.32M | Scene, ViewLayer | Updating Lights
Fra:1 Mem:13.67M (Peak 14.48M) | Time:00:00.00 | Mem:0.32M, Peak:0.32M | Scene, ViewLayer | Updating Lights | Computing tree
Fra:1 Mem:13.67M (Peak 14.48M) | Time:00:00.00 | Mem:0.32M, Peak:0.32M | Scene, ViewLayer | Updating Integrator
Fra:1 Mem:13.67M (Peak 14.48M) | Time:00:00.00 | Mem:0.32M, Peak:0.32M | Scene, ViewLayer | Updating Film
Fra:1 Mem:13.67M (Peak 14.48M) | Time:00:00.00 | Mem:0.24M, Peak:0.32M | Scene, ViewLayer | Updating Lookup Tables
Fra:1 Mem:13.67M (Peak 14.48M) | Time:00:00.00 | Mem:0.32M, Peak:0.32M | Scene, ViewLayer | Updating Baking
Fra:1 Mem:13.67M (Peak 14.48M) | Time:00:00.00 | Mem:0.32M, Peak:0.32M | Scene, ViewLayer | Updating Device | Writing constant memory
Fra:1 Mem:13.67M (Peak 14.48M) | Time:00:00.00 | Mem:0.32M, Peak:0.32M | Scene, ViewLayer | Sample 0/16
Fra:1 Mem:27.74M (Peak 27.74M) | Time:00:00.08 | Remaining:00:01.24 | Mem:14.38M, Peak:14.38M | Scene, ViewLayer | Sample 1/16
Fra:1 Mem:33.99M (Peak 46.49M) | Time:00:00.95 | Mem:14.38M, Peak:14.38M | Scene, ViewLayer | Sample 16/16
Fra:1 Mem:33.99M (Peak 46.49M) | Time:00:00.95 | Mem:14.38M, Peak:14.38M | Scene, ViewLayer | Finished
Saved: '/workspace/scratch/7c20b5ba4165/atlas-backlog-oct3/tools/assets/landmark-entrance-details/qa/previews/waterfront-column-lod0-front.png'
Time: 00:01.16 (Saving: 00:00.20)

Extensions: writing cache failed ([Errno 30] Read-only file system: '/home/agent/.config/blender').
15:02:55 | INFO: Data are loaded, start creating Blender stuff
15:02:55 | INFO: Blender create Mesh node column-shaft.001
15:02:55 | INFO: glTF import finished in 0.00s
Fra:1 Mem:14.18M (Peak 14.18M) | Time:00:00.00 | Mem:0.00M, Peak:0.00M | Scene, ViewLayer | Synchronizing object | waterfront-column
Fra:1 Mem:14.28M (Peak 14.28M) | Time:00:00.00 | Mem:0.00M, Peak:0.00M | Scene, ViewLayer | Synchronizing object | QA-ruler-tick-10
Fra:1 Mem:14.23M (Peak 14.28M) | Time:00:00.00 | Mem:0.00M, Peak:0.00M | Scene, ViewLayer | Synchronizing object | QA-ruler-tick-9
Fra:1 Mem:14.24M (Peak 14.28M) | Time:00:00.00 | Mem:0.00M, Peak:0.00M | Scene, ViewLayer | Synchronizing object | QA-ruler-tick-8
Fra:1 Mem:14.24M (Peak 14.28M) | Time:00:00.00 | Mem:0.00M, Peak:0.00M | Scene, ViewLayer | Synchronizing object | QA-ruler-tick-7
Fra:1 Mem:14.27M (Peak 14.28M) | Time:00:00.00 | Mem:0.00M, Peak:0.00M | Scene, ViewLayer | Synchronizing object | QA-ruler-tick-6
Fra:1 Mem:14.28M (Peak 14.28M) | Time:00:00.00 | Mem:0.00M, Peak:0.00M | Scene, ViewLayer | Synchronizing object | QA-ruler-tick-5
Fra:1 Mem:14.28M (Peak 14.28M) | Time:00:00.00 | Mem:0.00M, Peak:0.00M | Scene, ViewLayer | Synchronizing object | QA-ruler-tick-4
Fra:1 Mem:14.28M (Peak 14.28M) | Time:00:00.00 | Mem:0.00M, Peak:0.00M | Scene, ViewLayer | Synchronizing object | QA-ruler-tick-3
Fra:1 Mem:14.26M (Peak 14.28M) | Time:00:00.00 | Mem:0.00M, Peak:0.00M | Scene, ViewLayer | Synchronizing object | QA-ruler-tick-2
Fra:1 Mem:14.27M (Peak 14.28M) | Time:00:00.00 | Mem:0.00M, Peak:0.00M | Scene, ViewLayer | Synchronizing object | QA-ruler-tick-1
Fra:1 Mem:14.28M (Peak 14.28M) | Time:00:00.00 | Mem:0.00M, Peak:0.00M | Scene, ViewLayer | Synchronizing object | QA-ruler-tick-0
Fra:1 Mem:14.28M (Peak 14.28M) | Time:00:00.00 | Mem:0.00M, Peak:0.00M | Scene, ViewLayer | Synchronizing object | QA-one-metre-ruler
Fra:1 Mem:14.27M (Peak 14.28M) | Time:00:00.00 | Mem:0.00M, Peak:0.00M | Scene, ViewLayer | Synchronizing object | QA-human-1.81m-head
Fra:1 Mem:14.25M (Peak 14.28M) | Time:00:00.00 | Mem:0.00M, Peak:0.00M | Scene, ViewLayer | Synchronizing object | QA-human-1.75m-body
Fra:1 Mem:14.25M (Peak 14.28M) | Time:00:00.00 | Mem:0.00M, Peak:0.00M | Scene, ViewLayer | Synchronizing object | QA-human-1.81m-arm.001
Fra:1 Mem:14.25M (Peak 14.28M) | Time:00:00.00 | Mem:0.00M, Peak:0.00M | Scene, ViewLayer | Synchronizing object | QA-human-1.75m-neck
Fra:1 Mem:14.25M (Peak 14.28M) | Time:00:00.00 | Mem:0.00M, Peak:0.00M | Scene, ViewLayer | Synchronizing object | QA-human-1.81m-arm
Fra:1 Mem:14.25M (Peak 14.28M) | Time:00:00.00 | Mem:0.00M, Peak:0.00M | Scene, ViewLayer | Synchronizing object | QA-human-1.75m-leg
Fra:1 Mem:14.25M (Peak 14.28M) | Time:00:00.00 | Mem:0.00M, Peak:0.00M | Scene, ViewLayer | Synchronizing object | QA-human-1.81m-leg.001
Fra:1 Mem:14.25M (Peak 14.28M) | Time:00:00.00 | Mem:0.00M, Peak:0.00M | Scene, ViewLayer | Synchronizing object | QA-human-1.75m-leg.001
Fra:1 Mem:14.25M (Peak 14.28M) | Time:00:00.00 | Mem:0.00M, Peak:0.00M | Scene, ViewLayer | Synchronizing object | QA-human-1.81m-leg
Fra:1 Mem:14.25M (Peak 14.28M) | Time:00:00.00 | Mem:0.00M, Peak:0.00M | Scene, ViewLayer | Synchronizing object | QA-human-1.75m-arm
Fra:1 Mem:14.25M (Peak 14.28M) | Time:00:00.00 | Mem:0.00M, Peak:0.00M | Scene, ViewLayer | Synchronizing object | QA-human-1.81m-neck
Fra:1 Mem:14.26M (Peak 14.28M) | Time:00:00.00 | Mem:0.00M, Peak:0.00M | Scene, ViewLayer | Synchronizing object | QA-human-1.75m-arm.001
Fra:1 Mem:14.26M (Peak 14.28M) | Time:00:00.00 | Mem:0.00M, Peak:0.00M | Scene, ViewLayer | Synchronizing object | QA-human-1.81m-body
Fra:1 Mem:14.26M (Peak 14.28M) | Time:00:00.00 | Mem:0.00M, Peak:0.00M | Scene, ViewLayer | Synchronizing object | QA-human-1.75m-head
Fra:1 Mem:14.27M (Peak 14.28M) | Time:00:00.00 | Mem:0.00M, Peak:0.00M | Scene, ViewLayer | Initializing
Fra:1 Mem:13.21M (Peak 14.28M) | Time:00:00.00 | Mem:0.00M, Peak:0.00M | Scene, ViewLayer | Waiting for render to start
Fra:1 Mem:13.21M (Peak 14.28M) | Time:00:00.00 | Mem:0.00M, Peak:0.00M | Scene, ViewLayer | Loading render kernels (may take a few minutes the first time)
Fra:1 Mem:13.21M (Peak 14.28M) | Time:00:00.00 | Mem:0.00M, Peak:0.00M | Scene, ViewLayer | Updating Scene
Fra:1 Mem:13.21M (Peak 14.28M) | Time:00:00.00 | Mem:0.00M, Peak:0.00M | Scene, ViewLayer | Updating Shaders
Fra:1 Mem:13.29M (Peak 14.28M) | Time:00:00.00 | Mem:0.00M, Peak:0.00M | Scene, ViewLayer | Updating Procedurals
Fra:1 Mem:13.29M (Peak 14.28M) | Time:00:00.00 | Mem:0.00M, Peak:0.00M | Scene, ViewLayer | Updating Background
Fra:1 Mem:13.29M (Peak 14.28M) | Time:00:00.00 | Mem:0.00M, Peak:0.00M | Scene, ViewLayer | Updating Camera
Fra:1 Mem:13.29M (Peak 14.28M) | Time:00:00.00 | Mem:0.00M, Peak:0.00M | Scene, ViewLayer | Updating Meshes Flags
Fra:1 Mem:13.29M (Peak 14.28M) | Time:00:00.00 | Mem:0.00M, Peak:0.00M | Scene, ViewLayer | Updating Objects
Fra:1 Mem:13.29M (Peak 14.28M) | Time:00:00.00 | Mem:0.00M, Peak:0.00M | Scene, ViewLayer | Updating Objects | Copying Transformations to device
Fra:1 Mem:13.30M (Peak 14.28M) | Time:00:00.00 | Mem:0.01M, Peak:0.01M | Scene, ViewLayer | Updating Objects | Applying Static Transformations
Fra:1 Mem:13.30M (Peak 14.28M) | Time:00:00.00 | Mem:0.01M, Peak:0.01M | Scene, ViewLayer | Updating Particle Systems
Fra:1 Mem:13.30M (Peak 14.28M) | Time:00:00.00 | Mem:0.01M, Peak:0.01M | Scene, ViewLayer | Updating Particle Systems | Copying Particles to device
Fra:1 Mem:13.30M (Peak 14.28M) | Time:00:00.00 | Mem:0.01M, Peak:0.01M | Scene, ViewLayer | Updating Meshes
Fra:1 Mem:13.31M (Peak 14.28M) | Time:00:00.00 | Mem:0.01M, Peak:0.01M | Scene, ViewLayer | Updating Mesh | Computing attributes
Fra:1 Mem:13.32M (Peak 14.28M) | Time:00:00.00 | Mem:0.01M, Peak:0.01M | Scene, ViewLayer | Updating Mesh | Copying Attributes to device
Fra:1 Mem:13.32M (Peak 14.28M) | Time:00:00.00 | Mem:0.02M, Peak:0.02M | Scene, ViewLayer | Updating Scene BVH | Building
Fra:1 Mem:13.32M (Peak 14.28M) | Time:00:00.00 | Mem:0.02M, Peak:0.02M | Scene, ViewLayer | Updating Scene BVH | Building BVH
Fra:1 Mem:13.32M (Peak 14.28M) | Time:00:00.00 | Mem:0.04M, Peak:0.04M | Scene, ViewLayer | Updating Scene BVH | Building BVH 0%
Fra:1 Mem:13.32M (Peak 14.28M) | Time:00:00.00 | Mem:0.07M, Peak:0.10M | Scene, ViewLayer | Updating Scene BVH | Copying BVH to device
Fra:1 Mem:13.32M (Peak 14.28M) | Time:00:00.00 | Mem:0.07M, Peak:0.10M | Scene, ViewLayer | Updating Mesh | Computing normals
Fra:1 Mem:13.36M (Peak 14.28M) | Time:00:00.00 | Mem:0.07M, Peak:0.10M | Scene, ViewLayer | Updating Mesh | Copying Mesh to device
Fra:1 Mem:13.36M (Peak 14.28M) | Time:00:00.00 | Mem:0.11M, Peak:0.11M | Scene, ViewLayer | Updating Objects Flags
Fra:1 Mem:13.36M (Peak 14.28M) | Time:00:00.00 | Mem:0.12M, Peak:0.12M | Scene, ViewLayer | Updating Primitive Offsets
Fra:1 Mem:13.36M (Peak 14.28M) | Time:00:00.00 | Mem:0.12M, Peak:0.12M | Scene, ViewLayer | Updating Images
Fra:1 Mem:13.36M (Peak 14.28M) | Time:00:00.00 | Mem:0.12M, Peak:0.12M | Scene, ViewLayer | Updating Camera Volume
Fra:1 Mem:13.36M (Peak 14.28M) | Time:00:00.00 | Mem:0.12M, Peak:0.12M | Scene, ViewLayer | Updating Lookup Tables
Fra:1 Mem:13.36M (Peak 14.28M) | Time:00:00.00 | Mem:0.20M, Peak:0.20M | Scene, ViewLayer | Updating Lights
Fra:1 Mem:13.36M (Peak 14.28M) | Time:00:00.00 | Mem:0.20M, Peak:0.20M | Scene, ViewLayer | Updating Lights | Computing tree
Fra:1 Mem:13.36M (Peak 14.28M) | Time:00:00.00 | Mem:0.20M, Peak:0.20M | Scene, ViewLayer | Updating Integrator
Fra:1 Mem:13.36M (Peak 14.28M) | Time:00:00.00 | Mem:0.20M, Peak:0.20M | Scene, ViewLayer | Updating Film
Fra:1 Mem:13.37M (Peak 14.28M) | Time:00:00.00 | Mem:0.12M, Peak:0.20M | Scene, ViewLayer | Updating Lookup Tables
Fra:1 Mem:13.37M (Peak 14.28M) | Time:00:00.00 | Mem:0.20M, Peak:0.20M | Scene, ViewLayer | Updating Baking
Fra:1 Mem:13.37M (Peak 14.28M) | Time:00:00.00 | Mem:0.20M, Peak:0.20M | Scene, ViewLayer | Updating Device | Writing constant memory
Fra:1 Mem:13.37M (Peak 14.28M) | Time:00:00.00 | Mem:0.20M, Peak:0.20M | Scene, ViewLayer | Sample 0/16
Fra:1 Mem:27.44M (Peak 27.44M) | Time:00:00.08 | Remaining:00:01.26 | Mem:14.26M, Peak:14.26M | Scene, ViewLayer | Sample 1/16
Fra:1 Mem:33.69M (Peak 46.19M) | Time:00:00.95 | Mem:14.26M, Peak:14.26M | Scene, ViewLayer | Sample 16/16
Fra:1 Mem:33.69M (Peak 46.19M) | Time:00:00.95 | Mem:14.26M, Peak:14.26M | Scene, ViewLayer | Finished
Saved: '/workspace/scratch/7c20b5ba4165/atlas-backlog-oct3/tools/assets/landmark-entrance-details/qa/previews/waterfront-column-lod1-front.png'
Time: 00:01.01 (Saving: 00:00.05)

Extensions: writing cache failed ([Errno 30] Read-only file system: '/home/agent/.config/blender').
15:02:56 | INFO: Data are loaded, start creating Blender stuff
15:02:56 | INFO: Blender create Mesh node column-shaft.001
15:02:56 | INFO: glTF import finished in 0.00s
Fra:1 Mem:14.16M (Peak 14.16M) | Time:00:00.00 | Mem:0.00M, Peak:0.00M | Scene, ViewLayer | Synchronizing object | waterfront-column
Fra:1 Mem:14.18M (Peak 14.18M) | Time:00:00.00 | Mem:0.00M, Peak:0.00M | Scene, ViewLayer | Synchronizing object | QA-ruler-tick-10
Fra:1 Mem:14.17M (Peak 14.18M) | Time:00:00.00 | Mem:0.00M, Peak:0.00M | Scene, ViewLayer | Synchronizing object | QA-human-1.75m-body
Fra:1 Mem:14.17M (Peak 14.18M) | Time:00:00.00 | Mem:0.00M, Peak:0.00M | Scene, ViewLayer | Synchronizing object | QA-human-1.75m-neck
Fra:1 Mem:14.17M (Peak 14.18M) | Time:00:00.00 | Mem:0.00M, Peak:0.00M | Scene, ViewLayer | Synchronizing object | QA-ruler-tick-9
Fra:1 Mem:14.17M (Peak 14.18M) | Time:00:00.00 | Mem:0.00M, Peak:0.00M | Scene, ViewLayer | Synchronizing object | QA-human-1.75m-leg
Fra:1 Mem:14.17M (Peak 14.18M) | Time:00:00.00 | Mem:0.00M, Peak:0.00M | Scene, ViewLayer | Synchronizing object | QA-ruler-tick-8
Fra:1 Mem:14.18M (Peak 14.18M) | Time:00:00.00 | Mem:0.00M, Peak:0.00M | Scene, ViewLayer | Synchronizing object | QA-human-1.75m-leg.001
Fra:1 Mem:14.18M (Peak 14.18M) | Time:00:00.00 | Mem:0.00M, Peak:0.00M | Scene, ViewLayer | Synchronizing object | QA-ruler-tick-7
Fra:1 Mem:14.18M (Peak 14.18M) | Time:00:00.00 | Mem:0.00M, Peak:0.00M | Scene, ViewLayer | Synchronizing object | QA-human-1.75m-arm
Fra:1 Mem:14.18M (Peak 14.18M) | Time:00:00.00 | Mem:0.00M, Peak:0.00M | Scene, ViewLayer | Synchronizing object | QA-ruler-tick-6
Fra:1 Mem:14.18M (Peak 14.18M) | Time:00:00.00 | Mem:0.00M, Peak:0.00M | Scene, ViewLayer | Synchronizing object | QA-human-1.75m-arm.001
Fra:1 Mem:14.18M (Peak 14.18M) | Time:00:00.00 | Mem:0.00M, Peak:0.00M | Scene, ViewLayer | Synchronizing object | QA-ruler-tick-5
Fra:1 Mem:14.18M (Peak 14.18M) | Time:00:00.00 | Mem:0.00M, Peak:0.00M | Scene, ViewLayer | Synchronizing object | QA-human-1.75m-head
Fra:1 Mem:14.18M (Peak 14.18M) | Time:00:00.00 | Mem:0.00M, Peak:0.00M | Scene, ViewLayer | Synchronizing object | QA-ruler-tick-4
Fra:1 Mem:14.19M (Peak 14.19M) | Time:00:00.00 | Mem:0.00M, Peak:0.00M | Scene, ViewLayer | Synchronizing object | QA-ruler-tick-3
Fra:1 Mem:14.19M (Peak 14.19M) | Time:00:00.00 | Mem:0.00M, Peak:0.00M | Scene, ViewLayer | Synchronizing object | QA-ruler-tick-2
Fra:1 Mem:14.19M (Peak 14.19M) | Time:00:00.00 | Mem:0.00M, Peak:0.00M | Scene, ViewLayer | Synchronizing object | QA-human-1.81m-body
Fra:1 Mem:14.19M (Peak 14.19M) | Time:00:00.00 | Mem:0.00M, Peak:0.00M | Scene, ViewLayer | Synchronizing object | QA-ruler-tick-1
Fra:1 Mem:14.20M (Peak 14.20M) | Time:00:00.00 | Mem:0.00M, Peak:0.00M | Scene, ViewLayer | Synchronizing object | QA-human-1.81m-neck
Fra:1 Mem:14.20M (Peak 14.20M) | Time:00:00.00 | Mem:0.00M, Peak:0.00M | Scene, ViewLayer | Synchronizing object | QA-ruler-tick-0
Fra:1 Mem:14.20M (Peak 14.20M) | Time:00:00.00 | Mem:0.00M, Peak:0.00M | Scene, ViewLayer | Synchronizing object | QA-one-metre-ruler
Fra:1 Mem:14.20M (Peak 14.20M) | Time:00:00.00 | Mem:0.00M, Peak:0.00M | Scene, ViewLayer | Synchronizing object | QA-human-1.81m-head
Fra:1 Mem:14.21M (Peak 14.21M) | Time:00:00.00 | Mem:0.00M, Peak:0.00M | Scene, ViewLayer | Synchronizing object | QA-human-1.81m-leg.001
Fra:1 Mem:14.21M (Peak 14.21M) | Time:00:00.00 | Mem:0.00M, Peak:0.00M | Scene, ViewLayer | Synchronizing object | QA-human-1.81m-arm.001
Fra:1 Mem:14.21M (Peak 14.21M) | Time:00:00.00 | Mem:0.00M, Peak:0.00M | Scene, ViewLayer | Synchronizing object | QA-human-1.81m-arm
Fra:1 Mem:14.21M (Peak 14.21M) | Time:00:00.00 | Mem:0.00M, Peak:0.00M | Scene, ViewLayer | Initializing
Fra:1 Mem:13.15M (Peak 14.21M) | Time:00:00.00 | Mem:0.00M, Peak:0.00M | Scene, ViewLayer | Waiting for render to start
Fra:1 Mem:13.15M (Peak 14.21M) | Time:00:00.00 | Mem:0.00M, Peak:0.00M | Scene, ViewLayer | Loading render kernels (may take a few minutes the first time)
Fra:1 Mem:13.15M (Peak 14.21M) | Time:00:00.00 | Mem:0.00M, Peak:0.00M | Scene, ViewLayer | Updating Scene
Fra:1 Mem:13.15M (Peak 14.21M) | Time:00:00.00 | Mem:0.00M, Peak:0.00M | Scene, ViewLayer | Updating Shaders
Fra:1 Mem:13.24M (Peak 14.21M) | Time:00:00.00 | Mem:0.00M, Peak:0.00M | Scene, ViewLayer | Updating Procedurals
Fra:1 Mem:13.24M (Peak 14.21M) | Time:00:00.00 | Mem:0.00M, Peak:0.00M | Scene, ViewLayer | Updating Background
Fra:1 Mem:13.24M (Peak 14.21M) | Time:00:00.00 | Mem:0.00M, Peak:0.00M | Scene, ViewLayer | Updating Camera
Fra:1 Mem:13.24M (Peak 14.21M) | Time:00:00.00 | Mem:0.00M, Peak:0.00M | Scene, ViewLayer | Updating Meshes Flags
Fra:1 Mem:13.24M (Peak 14.21M) | Time:00:00.00 | Mem:0.00M, Peak:0.00M | Scene, ViewLayer | Updating Objects
Fra:1 Mem:13.24M (Peak 14.21M) | Time:00:00.00 | Mem:0.00M, Peak:0.00M | Scene, ViewLayer | Updating Objects | Copying Transformations to device
Fra:1 Mem:13.24M (Peak 14.21M) | Time:00:00.00 | Mem:0.01M, Peak:0.01M | Scene, ViewLayer | Updating Objects | Applying Static Transformations
Fra:1 Mem:13.24M (Peak 14.21M) | Time:00:00.00 | Mem:0.01M, Peak:0.01M | Scene, ViewLayer | Updating Particle Systems
Fra:1 Mem:13.24M (Peak 14.21M) | Time:00:00.00 | Mem:0.01M, Peak:0.01M | Scene, ViewLayer | Updating Particle Systems | Copying Particles to device
Fra:1 Mem:13.24M (Peak 14.21M) | Time:00:00.00 | Mem:0.01M, Peak:0.01M | Scene, ViewLayer | Updating Meshes
Fra:1 Mem:13.25M (Peak 14.21M) | Time:00:00.00 | Mem:0.01M, Peak:0.01M | Scene, ViewLayer | Updating Mesh | Computing attributes
Fra:1 Mem:13.26M (Peak 14.21M) | Time:00:00.00 | Mem:0.01M, Peak:0.01M | Scene, ViewLayer | Updating Mesh | Copying Attributes to device
Fra:1 Mem:13.26M (Peak 14.21M) | Time:00:00.00 | Mem:0.02M, Peak:0.02M | Scene, ViewLayer | Updating Scene BVH | Building
Fra:1 Mem:13.26M (Peak 14.21M) | Time:00:00.00 | Mem:0.02M, Peak:0.02M | Scene, ViewLayer | Updating Scene BVH | Building BVH
Fra:1 Mem:13.26M (Peak 14.21M) | Time:00:00.00 | Mem:0.03M, Peak:0.03M | Scene, ViewLayer | Updating Scene BVH | Building BVH 0%
Fra:1 Mem:13.26M (Peak 14.21M) | Time:00:00.00 | Mem:0.06M, Peak:0.07M | Scene, ViewLayer | Updating Scene BVH | Copying BVH to device
Fra:1 Mem:13.26M (Peak 14.21M) | Time:00:00.00 | Mem:0.06M, Peak:0.07M | Scene, ViewLayer | Updating Mesh | Computing normals
Fra:1 Mem:13.28M (Peak 14.21M) | Time:00:00.00 | Mem:0.06M, Peak:0.07M | Scene, ViewLayer | Updating Mesh | Copying Mesh to device
Fra:1 Mem:13.28M (Peak 14.21M) | Time:00:00.00 | Mem:0.08M, Peak:0.08M | Scene, ViewLayer | Updating Objects Flags
Fra:1 Mem:13.28M (Peak 14.21M) | Time:00:00.00 | Mem:0.08M, Peak:0.08M | Scene, ViewLayer | Updating Primitive Offsets
Fra:1 Mem:13.28M (Peak 14.21M) | Time:00:00.00 | Mem:0.08M, Peak:0.08M | Scene, ViewLayer | Updating Images
Fra:1 Mem:13.28M (Peak 14.21M) | Time:00:00.00 | Mem:0.08M, Peak:0.08M | Scene, ViewLayer | Updating Camera Volume
Fra:1 Mem:13.28M (Peak 14.21M) | Time:00:00.00 | Mem:0.08M, Peak:0.08M | Scene, ViewLayer | Updating Lookup Tables
Fra:1 Mem:13.28M (Peak 14.21M) | Time:00:00.00 | Mem:0.16M, Peak:0.16M | Scene, ViewLayer | Updating Lights
Fra:1 Mem:13.28M (Peak 14.21M) | Time:00:00.00 | Mem:0.16M, Peak:0.16M | Scene, ViewLayer | Updating Lights | Computing tree
Fra:1 Mem:13.28M (Peak 14.21M) | Time:00:00.00 | Mem:0.16M, Peak:0.16M | Scene, ViewLayer | Updating Integrator
Fra:1 Mem:13.28M (Peak 14.21M) | Time:00:00.00 | Mem:0.16M, Peak:0.16M | Scene, ViewLayer | Updating Film
Fra:1 Mem:13.29M (Peak 14.21M) | Time:00:00.00 | Mem:0.08M, Peak:0.16M | Scene, ViewLayer | Updating Lookup Tables
Fra:1 Mem:13.29M (Peak 14.21M) | Time:00:00.00 | Mem:0.16M, Peak:0.16M | Scene, ViewLayer | Updating Baking
Fra:1 Mem:13.29M (Peak 14.21M) | Time:00:00.00 | Mem:0.16M, Peak:0.16M | Scene, ViewLayer | Updating Device | Writing constant memory
Fra:1 Mem:13.29M (Peak 14.21M) | Time:00:00.00 | Mem:0.16M, Peak:0.16M | Scene, ViewLayer | Sample 0/16
Fra:1 Mem:27.36M (Peak 27.36M) | Time:00:00.09 | Remaining:00:01.29 | Mem:14.23M, Peak:14.23M | Scene, ViewLayer | Sample 1/16
Fra:1 Mem:33.61M (Peak 46.11M) | Time:00:01.06 | Mem:14.23M, Peak:14.23M | Scene, ViewLayer | Sample 16/16
Fra:1 Mem:33.61M (Peak 46.11M) | Time:00:01.06 | Mem:14.23M, Peak:14.23M | Scene, ViewLayer | Finished
Saved: '/workspace/scratch/7c20b5ba4165/atlas-backlog-oct3/tools/assets/landmark-entrance-details/qa/previews/waterfront-column-lod2-front.png'
Time: 00:01.13 (Saving: 00:00.06)

Extensions: writing cache failed ([Errno 30] Read-only file system: '/home/agent/.config/blender').
15:02:57 | INFO: Data are loaded, start creating Blender stuff
15:02:57 | INFO: Blender create Mesh node column-shaft.001
15:02:57 | INFO: glTF import finished in 0.00s
Fra:1 Mem:12.25M (Peak 12.25M) | Time:00:00.00 | Mem:0.00M, Peak:0.00M | Scene, ViewLayer | Synchronizing object | waterfront-column
Fra:1 Mem:12.39M (Peak 12.39M) | Time:00:00.00 | Mem:0.00M, Peak:0.00M | Scene, ViewLayer | Initializing
Fra:1 Mem:12.21M (Peak 12.39M) | Time:00:00.00 | Mem:0.00M, Peak:0.00M | Scene, ViewLayer | Waiting for render to start
Fra:1 Mem:12.22M (Peak 12.39M) | Time:00:00.00 | Mem:0.00M, Peak:0.00M | Scene, ViewLayer | Loading render kernels (may take a few minutes the first time)
Fra:1 Mem:12.22M (Peak 12.39M) | Time:00:00.00 | Mem:0.00M, Peak:0.00M | Scene, ViewLayer | Updating Scene
Fra:1 Mem:12.22M (Peak 12.39M) | Time:00:00.00 | Mem:0.00M, Peak:0.00M | Scene, ViewLayer | Updating Shaders
Fra:1 Mem:12.30M (Peak 12.39M) | Time:00:00.00 | Mem:0.00M, Peak:0.00M | Scene, ViewLayer | Updating Procedurals
Fra:1 Mem:12.30M (Peak 12.39M) | Time:00:00.00 | Mem:0.00M, Peak:0.00M | Scene, ViewLayer | Updating Background
Fra:1 Mem:12.30M (Peak 12.39M) | Time:00:00.00 | Mem:0.00M, Peak:0.00M | Scene, ViewLayer | Updating Camera
Fra:1 Mem:12.30M (Peak 12.39M) | Time:00:00.00 | Mem:0.00M, Peak:0.00M | Scene, ViewLayer | Updating Meshes Flags
Fra:1 Mem:12.30M (Peak 12.39M) | Time:00:00.00 | Mem:0.00M, Peak:0.00M | Scene, ViewLayer | Updating Objects
Fra:1 Mem:12.30M (Peak 12.39M) | Time:00:00.00 | Mem:0.00M, Peak:0.00M | Scene, ViewLayer | Updating Objects | Copying Transformations to device
Fra:1 Mem:12.30M (Peak 12.39M) | Time:00:00.00 | Mem:0.00M, Peak:0.00M | Scene, ViewLayer | Updating Objects | Applying Static Transformations
Fra:1 Mem:12.30M (Peak 12.39M) | Time:00:00.00 | Mem:0.00M, Peak:0.00M | Scene, ViewLayer | Updating Particle Systems
Fra:1 Mem:12.30M (Peak 12.39M) | Time:00:00.00 | Mem:0.00M, Peak:0.00M | Scene, ViewLayer | Updating Particle Systems | Copying Particles to device
Fra:1 Mem:12.30M (Peak 12.39M) | Time:00:00.00 | Mem:0.00M, Peak:0.00M | Scene, ViewLayer | Updating Meshes
Fra:1 Mem:12.31M (Peak 12.39M) | Time:00:00.00 | Mem:0.00M, Peak:0.00M | Scene, ViewLayer | Updating Mesh | Computing attributes
Fra:1 Mem:12.34M (Peak 12.39M) | Time:00:00.00 | Mem:0.00M, Peak:0.00M | Scene, ViewLayer | Updating Mesh | Copying Attributes to device
Fra:1 Mem:12.34M (Peak 12.39M) | Time:00:00.00 | Mem:0.03M, Peak:0.03M | Scene, ViewLayer | Updating Scene BVH | Building
Fra:1 Mem:12.34M (Peak 12.39M) | Time:00:00.00 | Mem:0.03M, Peak:0.03M | Scene, ViewLayer | Updating Scene BVH | Building BVH
Fra:1 Mem:12.34M (Peak 12.39M) | Time:00:00.00 | Mem:0.05M, Peak:0.05M | Scene, ViewLayer | Updating Scene BVH | Building BVH 0%
Fra:1 Mem:12.34M (Peak 12.39M) | Time:00:00.00 | Mem:0.08M, Peak:0.11M | Scene, ViewLayer | Updating Scene BVH | Copying BVH to device
Fra:1 Mem:12.34M (Peak 12.39M) | Time:00:00.00 | Mem:0.08M, Peak:0.11M | Scene, ViewLayer | Updating Mesh | Computing normals
Fra:1 Mem:12.42M (Peak 12.42M) | Time:00:00.00 | Mem:0.08M, Peak:0.11M | Scene, ViewLayer | Updating Mesh | Copying Mesh to device
Fra:1 Mem:12.42M (Peak 12.42M) | Time:00:00.00 | Mem:0.17M, Peak:0.17M | Scene, ViewLayer | Updating Objects Flags
Fra:1 Mem:12.42M (Peak 12.42M) | Time:00:00.00 | Mem:0.17M, Peak:0.17M | Scene, ViewLayer | Updating Primitive Offsets
Fra:1 Mem:12.42M (Peak 12.42M) | Time:00:00.00 | Mem:0.17M, Peak:0.17M | Scene, ViewLayer | Updating Images
Fra:1 Mem:12.42M (Peak 12.42M) | Time:00:00.00 | Mem:0.17M, Peak:0.17M | Scene, ViewLayer | Updating Camera Volume
Fra:1 Mem:12.42M (Peak 12.42M) | Time:00:00.00 | Mem:0.17M, Peak:0.17M | Scene, ViewLayer | Updating Lookup Tables
Fra:1 Mem:12.42M (Peak 12.42M) | Time:00:00.00 | Mem:0.25M, Peak:0.25M | Scene, ViewLayer | Updating Lights
Fra:1 Mem:12.42M (Peak 12.42M) | Time:00:00.00 | Mem:0.25M, Peak:0.25M | Scene, ViewLayer | Updating Lights | Computing tree
Fra:1 Mem:12.42M (Peak 12.42M) | Time:00:00.00 | Mem:0.25M, Peak:0.25M | Scene, ViewLayer | Updating Integrator
Fra:1 Mem:12.42M (Peak 12.42M) | Time:00:00.00 | Mem:0.25M, Peak:0.25M | Scene, ViewLayer | Updating Film
Fra:1 Mem:12.43M (Peak 12.43M) | Time:00:00.00 | Mem:0.17M, Peak:0.25M | Scene, ViewLayer | Updating Lookup Tables
Fra:1 Mem:12.43M (Peak 12.43M) | Time:00:00.00 | Mem:0.25M, Peak:0.25M | Scene, ViewLayer | Updating Baking
Fra:1 Mem:12.43M (Peak 12.43M) | Time:00:00.00 | Mem:0.25M, Peak:0.25M | Scene, ViewLayer | Updating Device | Writing constant memory
Fra:1 Mem:12.43M (Peak 12.43M) | Time:00:00.00 | Mem:0.25M, Peak:0.25M | Scene, ViewLayer | Sample 0/16
Fra:1 Mem:26.50M (Peak 26.50M) | Time:00:00.07 | Remaining:00:01.15 | Mem:14.32M, Peak:14.32M | Scene, ViewLayer | Sample 1/16
Fra:1 Mem:32.75M (Peak 45.25M) | Time:00:00.87 | Mem:14.32M, Peak:14.32M | Scene, ViewLayer | Sample 16/16
Fra:1 Mem:32.75M (Peak 45.25M) | Time:00:00.87 | Mem:14.32M, Peak:14.32M | Scene, ViewLayer | Finished
Saved: '/workspace/scratch/7c20b5ba4165/atlas-backlog-oct3/tools/assets/landmark-entrance-details/qa/previews/waterfront-column-side.png'
Time: 00:00.93 (Saving: 00:00.06)

Extensions: writing cache failed ([Errno 30] Read-only file system: '/home/agent/.config/blender').
15:02:58 | INFO: Data are loaded, start creating Blender stuff
15:02:58 | INFO: Blender create Mesh node column-shaft.001
15:02:58 | INFO: glTF import finished in 0.00s
Fra:1 Mem:12.25M (Peak 12.25M) | Time:00:00.00 | Mem:0.00M, Peak:0.00M | Scene, ViewLayer | Synchronizing object | waterfront-column
Fra:1 Mem:12.39M (Peak 12.39M) | Time:00:00.00 | Mem:0.00M, Peak:0.00M | Scene, ViewLayer | Initializing
Fra:1 Mem:12.22M (Peak 12.39M) | Time:00:00.00 | Mem:0.00M, Peak:0.00M | Scene, ViewLayer | Waiting for render to start
Fra:1 Mem:12.22M (Peak 12.39M) | Time:00:00.00 | Mem:0.00M, Peak:0.00M | Scene, ViewLayer | Loading render kernels (may take a few minutes the first time)
Fra:1 Mem:12.22M (Peak 12.39M) | Time:00:00.00 | Mem:0.00M, Peak:0.00M | Scene, ViewLayer | Updating Scene
Fra:1 Mem:12.22M (Peak 12.39M) | Time:00:00.00 | Mem:0.00M, Peak:0.00M | Scene, ViewLayer | Updating Shaders
Fra:1 Mem:12.30M (Peak 12.39M) | Time:00:00.00 | Mem:0.00M, Peak:0.00M | Scene, ViewLayer | Updating Procedurals
Fra:1 Mem:12.30M (Peak 12.39M) | Time:00:00.00 | Mem:0.00M, Peak:0.00M | Scene, ViewLayer | Updating Background
Fra:1 Mem:12.30M (Peak 12.39M) | Time:00:00.00 | Mem:0.00M, Peak:0.00M | Scene, ViewLayer | Updating Camera
Fra:1 Mem:12.30M (Peak 12.39M) | Time:00:00.00 | Mem:0.00M, Peak:0.00M | Scene, ViewLayer | Updating Meshes Flags
Fra:1 Mem:12.30M (Peak 12.39M) | Time:00:00.00 | Mem:0.00M, Peak:0.00M | Scene, ViewLayer | Updating Objects
Fra:1 Mem:12.30M (Peak 12.39M) | Time:00:00.00 | Mem:0.00M, Peak:0.00M | Scene, ViewLayer | Updating Objects | Copying Transformations to device
Fra:1 Mem:12.30M (Peak 12.39M) | Time:00:00.00 | Mem:0.00M, Peak:0.00M | Scene, ViewLayer | Updating Objects | Applying Static Transformations
Fra:1 Mem:12.30M (Peak 12.39M) | Time:00:00.00 | Mem:0.00M, Peak:0.00M | Scene, ViewLayer | Updating Particle Systems
Fra:1 Mem:12.30M (Peak 12.39M) | Time:00:00.00 | Mem:0.00M, Peak:0.00M | Scene, ViewLayer | Updating Particle Systems | Copying Particles to device
Fra:1 Mem:12.30M (Peak 12.39M) | Time:00:00.00 | Mem:0.00M, Peak:0.00M | Scene, ViewLayer | Updating Meshes
Fra:1 Mem:12.31M (Peak 12.39M) | Time:00:00.00 | Mem:0.00M, Peak:0.00M | Scene, ViewLayer | Updating Mesh | Computing attributes
Fra:1 Mem:12.34M (Peak 12.39M) | Time:00:00.00 | Mem:0.00M, Peak:0.00M | Scene, ViewLayer | Updating Mesh | Copying Attributes to device
Fra:1 Mem:12.34M (Peak 12.39M) | Time:00:00.00 | Mem:0.03M, Peak:0.03M | Scene, ViewLayer | Updating Scene BVH | Building
Fra:1 Mem:12.34M (Peak 12.39M) | Time:00:00.00 | Mem:0.03M, Peak:0.03M | Scene, ViewLayer | Updating Scene BVH | Building BVH
Fra:1 Mem:12.34M (Peak 12.39M) | Time:00:00.00 | Mem:0.05M, Peak:0.05M | Scene, ViewLayer | Updating Scene BVH | Building BVH 0%
Fra:1 Mem:12.34M (Peak 12.39M) | Time:00:00.00 | Mem:0.08M, Peak:0.11M | Scene, ViewLayer | Updating Scene BVH | Copying BVH to device
Fra:1 Mem:12.34M (Peak 12.39M) | Time:00:00.00 | Mem:0.08M, Peak:0.11M | Scene, ViewLayer | Updating Mesh | Computing normals
Fra:1 Mem:12.42M (Peak 12.42M) | Time:00:00.00 | Mem:0.08M, Peak:0.11M | Scene, ViewLayer | Updating Mesh | Copying Mesh to device
Fra:1 Mem:12.42M (Peak 12.42M) | Time:00:00.00 | Mem:0.17M, Peak:0.17M | Scene, ViewLayer | Updating Objects Flags
Fra:1 Mem:12.42M (Peak 12.42M) | Time:00:00.00 | Mem:0.17M, Peak:0.17M | Scene, ViewLayer | Updating Primitive Offsets
Fra:1 Mem:12.42M (Peak 12.42M) | Time:00:00.00 | Mem:0.17M, Peak:0.17M | Scene, ViewLayer | Updating Images
Fra:1 Mem:12.42M (Peak 12.42M) | Time:00:00.00 | Mem:0.17M, Peak:0.17M | Scene, ViewLayer | Updating Camera Volume
Fra:1 Mem:12.42M (Peak 12.42M) | Time:00:00.00 | Mem:0.17M, Peak:0.17M | Scene, ViewLayer | Updating Lookup Tables
Fra:1 Mem:12.42M (Peak 12.42M) | Time:00:00.00 | Mem:0.25M, Peak:0.25M | Scene, ViewLayer | Updating Lights
Fra:1 Mem:12.42M (Peak 12.42M) | Time:00:00.00 | Mem:0.25M, Peak:0.25M | Scene, ViewLayer | Updating Lights | Computing tree
Fra:1 Mem:12.42M (Peak 12.42M) | Time:00:00.00 | Mem:0.25M, Peak:0.25M | Scene, ViewLayer | Updating Integrator
Fra:1 Mem:12.42M (Peak 12.42M) | Time:00:00.00 | Mem:0.25M, Peak:0.25M | Scene, ViewLayer | Updating Film
Fra:1 Mem:12.43M (Peak 12.43M) | Time:00:00.00 | Mem:0.17M, Peak:0.25M | Scene, ViewLayer | Updating Lookup Tables
Fra:1 Mem:12.43M (Peak 12.43M) | Time:00:00.00 | Mem:0.25M, Peak:0.25M | Scene, ViewLayer | Updating Baking
Fra:1 Mem:12.43M (Peak 12.43M) | Time:00:00.00 | Mem:0.25M, Peak:0.25M | Scene, ViewLayer | Updating Device | Writing constant memory
Fra:1 Mem:12.43M (Peak 12.43M) | Time:00:00.00 | Mem:0.25M, Peak:0.25M | Scene, ViewLayer | Sample 0/16
Fra:1 Mem:26.50M (Peak 26.50M) | Time:00:00.08 | Remaining:00:01.17 | Mem:14.32M, Peak:14.32M | Scene, ViewLayer | Sample 1/16
Fra:1 Mem:32.75M (Peak 45.25M) | Time:00:00.85 | Mem:14.32M, Peak:14.32M | Scene, ViewLayer | Sample 16/16
Fra:1 Mem:32.75M (Peak 45.25M) | Time:00:00.85 | Mem:14.32M, Peak:14.32M | Scene, ViewLayer | Finished
Saved: '/workspace/scratch/7c20b5ba4165/atlas-backlog-oct3/tools/assets/landmark-entrance-details/qa/previews/waterfront-column-back.png'
Time: 00:00.91 (Saving: 00:00.06)

Extensions: writing cache failed ([Errno 30] Read-only file system: '/home/agent/.config/blender').
15:02:59 | INFO: Data are loaded, start creating Blender stuff
15:02:59 | INFO: Blender create Mesh node column-shaft.001
15:02:59 | INFO: glTF import finished in 0.00s
Fra:1 Mem:12.25M (Peak 12.25M) | Time:00:00.00 | Mem:0.00M, Peak:0.00M | Scene, ViewLayer | Synchronizing object | waterfront-column
Fra:1 Mem:12.39M (Peak 12.39M) | Time:00:00.00 | Mem:0.00M, Peak:0.00M | Scene, ViewLayer | Initializing
Fra:1 Mem:12.22M (Peak 12.39M) | Time:00:00.00 | Mem:0.00M, Peak:0.00M | Scene, ViewLayer | Waiting for render to start
Fra:1 Mem:12.22M (Peak 12.39M) | Time:00:00.00 | Mem:0.00M, Peak:0.00M | Scene, ViewLayer | Loading render kernels (may take a few minutes the first time)
Fra:1 Mem:12.22M (Peak 12.39M) | Time:00:00.00 | Mem:0.00M, Peak:0.00M | Scene, ViewLayer | Updating Scene
Fra:1 Mem:12.22M (Peak 12.39M) | Time:00:00.00 | Mem:0.00M, Peak:0.00M | Scene, ViewLayer | Updating Shaders
Fra:1 Mem:12.30M (Peak 12.39M) | Time:00:00.00 | Mem:0.00M, Peak:0.00M | Scene, ViewLayer | Updating Procedurals
Fra:1 Mem:12.30M (Peak 12.39M) | Time:00:00.00 | Mem:0.00M, Peak:0.00M | Scene, ViewLayer | Updating Background
Fra:1 Mem:12.30M (Peak 12.39M) | Time:00:00.00 | Mem:0.00M, Peak:0.00M | Scene, ViewLayer | Updating Camera
Fra:1 Mem:12.30M (Peak 12.39M) | Time:00:00.00 | Mem:0.00M, Peak:0.00M | Scene, ViewLayer | Updating Meshes Flags
Fra:1 Mem:12.30M (Peak 12.39M) | Time:00:00.00 | Mem:0.00M, Peak:0.00M | Scene, ViewLayer | Updating Objects
Fra:1 Mem:12.30M (Peak 12.39M) | Time:00:00.00 | Mem:0.00M, Peak:0.00M | Scene, ViewLayer | Updating Objects | Copying Transformations to device
Fra:1 Mem:12.30M (Peak 12.39M) | Time:00:00.00 | Mem:0.00M, Peak:0.00M | Scene, ViewLayer | Updating Objects | Applying Static Transformations
Fra:1 Mem:12.30M (Peak 12.39M) | Time:00:00.00 | Mem:0.00M, Peak:0.00M | Scene, ViewLayer | Updating Particle Systems
Fra:1 Mem:12.30M (Peak 12.39M) | Time:00:00.00 | Mem:0.00M, Peak:0.00M | Scene, ViewLayer | Updating Particle Systems | Copying Particles to device
Fra:1 Mem:12.30M (Peak 12.39M) | Time:00:00.00 | Mem:0.00M, Peak:0.00M | Scene, ViewLayer | Updating Meshes
Fra:1 Mem:12.31M (Peak 12.39M) | Time:00:00.00 | Mem:0.00M, Peak:0.00M | Scene, ViewLayer | Updating Mesh | Computing attributes
Fra:1 Mem:12.34M (Peak 12.39M) | Time:00:00.00 | Mem:0.00M, Peak:0.00M | Scene, ViewLayer | Updating Mesh | Copying Attributes to device
Fra:1 Mem:12.34M (Peak 12.39M) | Time:00:00.00 | Mem:0.03M, Peak:0.03M | Scene, ViewLayer | Updating Scene BVH | Building
Fra:1 Mem:12.34M (Peak 12.39M) | Time:00:00.00 | Mem:0.03M, Peak:0.03M | Scene, ViewLayer | Updating Scene BVH | Building BVH
Fra:1 Mem:12.34M (Peak 12.39M) | Time:00:00.00 | Mem:0.05M, Peak:0.05M | Scene, ViewLayer | Updating Scene BVH | Building BVH 0%
Fra:1 Mem:12.34M (Peak 12.39M) | Time:00:00.00 | Mem:0.08M, Peak:0.11M | Scene, ViewLayer | Updating Scene BVH | Copying BVH to device
Fra:1 Mem:12.34M (Peak 12.39M) | Time:00:00.00 | Mem:0.08M, Peak:0.11M | Scene, ViewLayer | Updating Mesh | Computing normals
Fra:1 Mem:12.42M (Peak 12.42M) | Time:00:00.00 | Mem:0.08M, Peak:0.11M | Scene, ViewLayer | Updating Mesh | Copying Mesh to device
Fra:1 Mem:12.42M (Peak 12.42M) | Time:00:00.00 | Mem:0.17M, Peak:0.17M | Scene, ViewLayer | Updating Objects Flags
Fra:1 Mem:12.42M (Peak 12.42M) | Time:00:00.00 | Mem:0.17M, Peak:0.17M | Scene, ViewLayer | Updating Primitive Offsets
Fra:1 Mem:12.42M (Peak 12.42M) | Time:00:00.00 | Mem:0.17M, Peak:0.17M | Scene, ViewLayer | Updating Images
Fra:1 Mem:12.42M (Peak 12.42M) | Time:00:00.00 | Mem:0.17M, Peak:0.17M | Scene, ViewLayer | Updating Camera Volume
Fra:1 Mem:12.42M (Peak 12.42M) | Time:00:00.00 | Mem:0.17M, Peak:0.17M | Scene, ViewLayer | Updating Lookup Tables
Fra:1 Mem:12.42M (Peak 12.42M) | Time:00:00.00 | Mem:0.25M, Peak:0.25M | Scene, ViewLayer | Updating Lights
Fra:1 Mem:12.42M (Peak 12.42M) | Time:00:00.00 | Mem:0.25M, Peak:0.25M | Scene, ViewLayer | Updating Lights | Computing tree
Fra:1 Mem:12.42M (Peak 12.42M) | Time:00:00.00 | Mem:0.25M, Peak:0.25M | Scene, ViewLayer | Updating Integrator
Fra:1 Mem:12.42M (Peak 12.42M) | Time:00:00.00 | Mem:0.25M, Peak:0.25M | Scene, ViewLayer | Updating Film
Fra:1 Mem:12.43M (Peak 12.43M) | Time:00:00.00 | Mem:0.17M, Peak:0.25M | Scene, ViewLayer | Updating Lookup Tables
Fra:1 Mem:12.43M (Peak 12.43M) | Time:00:00.00 | Mem:0.25M, Peak:0.25M | Scene, ViewLayer | Updating Baking
Fra:1 Mem:12.43M (Peak 12.43M) | Time:00:00.00 | Mem:0.25M, Peak:0.25M | Scene, ViewLayer | Updating Device | Writing constant memory
Fra:1 Mem:12.43M (Peak 12.43M) | Time:00:00.00 | Mem:0.25M, Peak:0.25M | Scene, ViewLayer | Sample 0/16
Fra:1 Mem:26.50M (Peak 26.50M) | Time:00:00.06 | Remaining:00:00.90 | Mem:14.32M, Peak:14.32M | Scene, ViewLayer | Sample 1/16
Fra:1 Mem:32.75M (Peak 45.25M) | Time:00:00.67 | Mem:14.32M, Peak:14.32M | Scene, ViewLayer | Sample 16/16
Fra:1 Mem:32.75M (Peak 45.25M) | Time:00:00.67 | Mem:14.32M, Peak:14.32M | Scene, ViewLayer | Finished
Saved: '/workspace/scratch/7c20b5ba4165/atlas-backlog-oct3/tools/assets/landmark-entrance-details/qa/previews/waterfront-column-top.png'
Time: 00:00.75 (Saving: 00:00.07)

Extensions: writing cache failed ([Errno 30] Read-only file system: '/home/agent/.config/blender').
15:03:00 | INFO: Data are loaded, start creating Blender stuff
15:03:00 | INFO: Blender create Mesh node capital-necking.001
15:03:00 | INFO: glTF import finished in 0.00s
Fra:1 Mem:14.21M (Peak 14.21M) | Time:00:00.00 | Mem:0.00M, Peak:0.00M | Scene, ViewLayer | Synchronizing object | waterfront-capital
Fra:1 Mem:14.31M (Peak 14.31M) | Time:00:00.00 | Mem:0.00M, Peak:0.00M | Scene, ViewLayer | Synchronizing object | QA-ruler-tick-10
Fra:1 Mem:14.38M (Peak 14.38M) | Time:00:00.00 | Mem:0.00M, Peak:0.00M | Scene, ViewLayer | Synchronizing object | QA-ruler-tick-9
Fra:1 Mem:14.38M (Peak 14.38M) | Time:00:00.00 | Mem:0.00M, Peak:0.00M | Scene, ViewLayer | Synchronizing object | QA-ruler-tick-8
Fra:1 Mem:14.39M (Peak 14.39M) | Time:00:00.00 | Mem:0.00M, Peak:0.00M | Scene, ViewLayer | Synchronizing object | QA-ruler-tick-7
Fra:1 Mem:14.39M (Peak 14.39M) | Time:00:00.00 | Mem:0.00M, Peak:0.00M | Scene, ViewLayer | Synchronizing object | QA-ruler-tick-6
Fra:1 Mem:14.34M (Peak 14.39M) | Time:00:00.00 | Mem:0.00M, Peak:0.00M | Scene, ViewLayer | Synchronizing object | QA-ruler-tick-5
Fra:1 Mem:14.36M (Peak 14.39M) | Time:00:00.00 | Mem:0.00M, Peak:0.00M | Scene, ViewLayer | Synchronizing object | QA-ruler-tick-4
Fra:1 Mem:14.30M (Peak 14.39M) | Time:00:00.00 | Mem:0.00M, Peak:0.00M | Scene, ViewLayer | Synchronizing object | QA-ruler-tick-3
Fra:1 Mem:14.32M (Peak 14.39M) | Time:00:00.00 | Mem:0.00M, Peak:0.00M | Scene, ViewLayer | Synchronizing object | QA-ruler-tick-2
Fra:1 Mem:14.32M (Peak 14.39M) | Time:00:00.00 | Mem:0.00M, Peak:0.00M | Scene, ViewLayer | Synchronizing object | QA-ruler-tick-1
Fra:1 Mem:14.32M (Peak 14.39M) | Time:00:00.00 | Mem:0.00M, Peak:0.00M | Scene, ViewLayer | Synchronizing object | QA-ruler-tick-0
Fra:1 Mem:14.30M (Peak 14.39M) | Time:00:00.00 | Mem:0.00M, Peak:0.00M | Scene, ViewLayer | Synchronizing object | QA-human-1.75m-body
Fra:1 Mem:14.30M (Peak 14.39M) | Time:00:00.00 | Mem:0.00M, Peak:0.00M | Scene, ViewLayer | Synchronizing object | QA-human-1.75m-neck
Fra:1 Mem:14.31M (Peak 14.39M) | Time:00:00.00 | Mem:0.00M, Peak:0.00M | Scene, ViewLayer | Synchronizing object | QA-human-1.75m-leg
Fra:1 Mem:14.31M (Peak 14.39M) | Time:00:00.00 | Mem:0.00M, Peak:0.00M | Scene, ViewLayer | Synchronizing object | QA-human-1.81m-head
Fra:1 Mem:14.32M (Peak 14.39M) | Time:00:00.00 | Mem:0.00M, Peak:0.00M | Scene, ViewLayer | Synchronizing object | QA-human-1.75m-leg.001
Fra:1 Mem:14.32M (Peak 14.39M) | Time:00:00.00 | Mem:0.00M, Peak:0.00M | Scene, ViewLayer | Synchronizing object | QA-human-1.75m-arm
Fra:1 Mem:14.32M (Peak 14.39M) | Time:00:00.00 | Mem:0.00M, Peak:0.00M | Scene, ViewLayer | Synchronizing object | QA-human-1.81m-arm.001
Fra:1 Mem:14.32M (Peak 14.39M) | Time:00:00.00 | Mem:0.00M, Peak:0.00M | Scene, ViewLayer | Synchronizing object | QA-human-1.75m-arm.001
Fra:1 Mem:14.32M (Peak 14.39M) | Time:00:00.00 | Mem:0.00M, Peak:0.00M | Scene, ViewLayer | Synchronizing object | QA-human-1.81m-arm
Fra:1 Mem:14.32M (Peak 14.39M) | Time:00:00.00 | Mem:0.00M, Peak:0.00M | Scene, ViewLayer | Synchronizing object | QA-human-1.75m-head
Fra:1 Mem:14.32M (Peak 14.39M) | Time:00:00.00 | Mem:0.00M, Peak:0.00M | Scene, ViewLayer | Synchronizing object | QA-human-1.81m-leg.001
Fra:1 Mem:14.33M (Peak 14.39M) | Time:00:00.00 | Mem:0.00M, Peak:0.00M | Scene, ViewLayer | Synchronizing object | QA-human-1.81m-leg
Fra:1 Mem:14.33M (Peak 14.39M) | Time:00:00.00 | Mem:0.00M, Peak:0.00M | Scene, ViewLayer | Synchronizing object | QA-human-1.81m-body
Fra:1 Mem:14.33M (Peak 14.39M) | Time:00:00.00 | Mem:0.00M, Peak:0.00M | Scene, ViewLayer | Synchronizing object | QA-human-1.81m-neck
Fra:1 Mem:14.34M (Peak 14.39M) | Time:00:00.00 | Mem:0.00M, Peak:0.00M | Scene, ViewLayer | Initializing
Fra:1 Mem:13.27M (Peak 14.39M) | Time:00:00.00 | Mem:0.00M, Peak:0.00M | Scene, ViewLayer | Waiting for render to start
Fra:1 Mem:13.28M (Peak 14.39M) | Time:00:00.00 | Mem:0.00M, Peak:0.00M | Scene, ViewLayer | Loading render kernels (may take a few minutes the first time)
Fra:1 Mem:13.28M (Peak 14.39M) | Time:00:00.00 | Mem:0.00M, Peak:0.00M | Scene, ViewLayer | Updating Scene
Fra:1 Mem:13.28M (Peak 14.39M) | Time:00:00.00 | Mem:0.00M, Peak:0.00M | Scene, ViewLayer | Updating Shaders
Fra:1 Mem:13.36M (Peak 14.39M) | Time:00:00.00 | Mem:0.00M, Peak:0.00M | Scene, ViewLayer | Updating Procedurals
Fra:1 Mem:13.36M (Peak 14.39M) | Time:00:00.00 | Mem:0.00M, Peak:0.00M | Scene, ViewLayer | Updating Background
Fra:1 Mem:13.36M (Peak 14.39M) | Time:00:00.00 | Mem:0.00M, Peak:0.00M | Scene, ViewLayer | Updating Camera
Fra:1 Mem:13.36M (Peak 14.39M) | Time:00:00.00 | Mem:0.00M, Peak:0.00M | Scene, ViewLayer | Updating Meshes Flags
Fra:1 Mem:13.36M (Peak 14.39M) | Time:00:00.00 | Mem:0.00M, Peak:0.00M | Scene, ViewLayer | Updating Objects
Fra:1 Mem:13.36M (Peak 14.39M) | Time:00:00.00 | Mem:0.00M, Peak:0.00M | Scene, ViewLayer | Updating Objects | Copying Transformations to device
Fra:1 Mem:13.37M (Peak 14.39M) | Time:00:00.00 | Mem:0.01M, Peak:0.01M | Scene, ViewLayer | Updating Objects | Applying Static Transformations
Fra:1 Mem:13.37M (Peak 14.39M) | Time:00:00.00 | Mem:0.01M, Peak:0.01M | Scene, ViewLayer | Updating Particle Systems
Fra:1 Mem:13.37M (Peak 14.39M) | Time:00:00.00 | Mem:0.01M, Peak:0.01M | Scene, ViewLayer | Updating Particle Systems | Copying Particles to device
Fra:1 Mem:13.37M (Peak 14.39M) | Time:00:00.00 | Mem:0.01M, Peak:0.01M | Scene, ViewLayer | Updating Meshes
Fra:1 Mem:13.38M (Peak 14.39M) | Time:00:00.00 | Mem:0.01M, Peak:0.01M | Scene, ViewLayer | Updating Mesh | Computing attributes
Fra:1 Mem:13.40M (Peak 14.39M) | Time:00:00.00 | Mem:0.01M, Peak:0.01M | Scene, ViewLayer | Updating Mesh | Copying Attributes to device
Fra:1 Mem:13.40M (Peak 14.39M) | Time:00:00.00 | Mem:0.03M, Peak:0.03M | Scene, ViewLayer | Updating Scene BVH | Building
Fra:1 Mem:13.40M (Peak 14.39M) | Time:00:00.00 | Mem:0.03M, Peak:0.03M | Scene, ViewLayer | Updating Scene BVH | Building BVH
Fra:1 Mem:13.40M (Peak 14.39M) | Time:00:00.00 | Mem:0.06M, Peak:0.06M | Scene, ViewLayer | Updating Scene BVH | Building BVH 0%
Fra:1 Mem:13.40M (Peak 14.39M) | Time:00:00.00 | Mem:0.09M, Peak:0.12M | Scene, ViewLayer | Updating Scene BVH | Copying BVH to device
Fra:1 Mem:13.40M (Peak 14.39M) | Time:00:00.00 | Mem:0.09M, Peak:0.12M | Scene, ViewLayer | Updating Mesh | Computing normals
Fra:1 Mem:13.46M (Peak 14.39M) | Time:00:00.00 | Mem:0.09M, Peak:0.12M | Scene, ViewLayer | Updating Mesh | Copying Mesh to device
Fra:1 Mem:13.46M (Peak 14.39M) | Time:00:00.00 | Mem:0.15M, Peak:0.15M | Scene, ViewLayer | Updating Objects Flags
Fra:1 Mem:13.46M (Peak 14.39M) | Time:00:00.00 | Mem:0.15M, Peak:0.15M | Scene, ViewLayer | Updating Primitive Offsets
Fra:1 Mem:13.46M (Peak 14.39M) | Time:00:00.00 | Mem:0.15M, Peak:0.15M | Scene, ViewLayer | Updating Images
Fra:1 Mem:13.46M (Peak 14.39M) | Time:00:00.00 | Mem:0.15M, Peak:0.15M | Scene, ViewLayer | Updating Camera Volume
Fra:1 Mem:13.46M (Peak 14.39M) | Time:00:00.00 | Mem:0.15M, Peak:0.15M | Scene, ViewLayer | Updating Lookup Tables
Fra:1 Mem:13.46M (Peak 14.39M) | Time:00:00.00 | Mem:0.23M, Peak:0.23M | Scene, ViewLayer | Updating Lights
Fra:1 Mem:13.46M (Peak 14.39M) | Time:00:00.00 | Mem:0.23M, Peak:0.23M | Scene, ViewLayer | Updating Lights | Computing tree
Fra:1 Mem:13.46M (Peak 14.39M) | Time:00:00.00 | Mem:0.23M, Peak:0.23M | Scene, ViewLayer | Updating Integrator
Fra:1 Mem:13.46M (Peak 14.39M) | Time:00:00.00 | Mem:0.23M, Peak:0.23M | Scene, ViewLayer | Updating Film
Fra:1 Mem:13.47M (Peak 14.39M) | Time:00:00.00 | Mem:0.15M, Peak:0.23M | Scene, ViewLayer | Updating Lookup Tables
Fra:1 Mem:13.47M (Peak 14.39M) | Time:00:00.00 | Mem:0.24M, Peak:0.24M | Scene, ViewLayer | Updating Baking
Fra:1 Mem:13.47M (Peak 14.39M) | Time:00:00.00 | Mem:0.24M, Peak:0.24M | Scene, ViewLayer | Updating Device | Writing constant memory
Fra:1 Mem:13.47M (Peak 14.39M) | Time:00:00.00 | Mem:0.24M, Peak:0.24M | Scene, ViewLayer | Sample 0/16
Fra:1 Mem:27.54M (Peak 27.54M) | Time:00:00.09 | Remaining:00:01.38 | Mem:14.30M, Peak:14.30M | Scene, ViewLayer | Sample 1/16
Fra:1 Mem:33.79M (Peak 46.29M) | Time:00:00.98 | Mem:14.30M, Peak:14.30M | Scene, ViewLayer | Sample 16/16
Fra:1 Mem:33.79M (Peak 46.29M) | Time:00:00.98 | Mem:14.30M, Peak:14.30M | Scene, ViewLayer | Finished
Saved: '/workspace/scratch/7c20b5ba4165/atlas-backlog-oct3/tools/assets/landmark-entrance-details/qa/previews/waterfront-capital-lod0-front.png'
Time: 00:01.06 (Saving: 00:00.07)

Extensions: writing cache failed ([Errno 30] Read-only file system: '/home/agent/.config/blender').
15:03:01 | INFO: Data are loaded, start creating Blender stuff
15:03:01 | INFO: Blender create Mesh node capital-necking.001
15:03:01 | INFO: glTF import finished in 0.00s
Fra:1 Mem:14.17M (Peak 14.17M) | Time:00:00.00 | Mem:0.00M, Peak:0.00M | Scene, ViewLayer | Synchronizing object | waterfront-capital
Fra:1 Mem:14.20M (Peak 14.20M) | Time:00:00.00 | Mem:0.00M, Peak:0.00M | Scene, ViewLayer | Synchronizing object | QA-ruler-tick-10
Fra:1 Mem:14.20M (Peak 14.20M) | Time:00:00.00 | Mem:0.00M, Peak:0.00M | Scene, ViewLayer | Synchronizing object | QA-human-1.75m-body
Fra:1 Mem:14.20M (Peak 14.20M) | Time:00:00.00 | Mem:0.00M, Peak:0.00M | Scene, ViewLayer | Synchronizing object | QA-human-1.75m-neck
Fra:1 Mem:14.20M (Peak 14.20M) | Time:00:00.00 | Mem:0.00M, Peak:0.00M | Scene, ViewLayer | Synchronizing object | QA-human-1.75m-leg
Fra:1 Mem:14.20M (Peak 14.20M) | Time:00:00.00 | Mem:0.00M, Peak:0.00M | Scene, ViewLayer | Synchronizing object | QA-ruler-tick-8
Fra:1 Mem:14.20M (Peak 14.20M) | Time:00:00.00 | Mem:0.00M, Peak:0.00M | Scene, ViewLayer | Synchronizing object | QA-human-1.75m-leg.001
Fra:1 Mem:14.20M (Peak 14.20M) | Time:00:00.00 | Mem:0.00M, Peak:0.00M | Scene, ViewLayer | Synchronizing object | QA-ruler-tick-7
Fra:1 Mem:14.20M (Peak 14.20M) | Time:00:00.00 | Mem:0.00M, Peak:0.00M | Scene, ViewLayer | Synchronizing object | QA-human-1.75m-arm
Fra:1 Mem:14.21M (Peak 14.21M) | Time:00:00.00 | Mem:0.00M, Peak:0.00M | Scene, ViewLayer | Synchronizing object | QA-ruler-tick-6
Fra:1 Mem:14.21M (Peak 14.21M) | Time:00:00.00 | Mem:0.00M, Peak:0.00M | Scene, ViewLayer | Synchronizing object | QA-human-1.75m-arm.001
Fra:1 Mem:14.21M (Peak 14.21M) | Time:00:00.00 | Mem:0.00M, Peak:0.00M | Scene, ViewLayer | Synchronizing object | QA-ruler-tick-5
Fra:1 Mem:14.21M (Peak 14.21M) | Time:00:00.00 | Mem:0.00M, Peak:0.00M | Scene, ViewLayer | Synchronizing object | QA-human-1.75m-head
Fra:1 Mem:14.21M (Peak 14.21M) | Time:00:00.00 | Mem:0.00M, Peak:0.00M | Scene, ViewLayer | Synchronizing object | QA-ruler-tick-4
Fra:1 Mem:14.22M (Peak 14.22M) | Time:00:00.00 | Mem:0.00M, Peak:0.00M | Scene, ViewLayer | Synchronizing object | QA-ruler-tick-3
Fra:1 Mem:14.22M (Peak 14.22M) | Time:00:00.00 | Mem:0.00M, Peak:0.00M | Scene, ViewLayer | Synchronizing object | QA-ruler-tick-2
Fra:1 Mem:14.22M (Peak 14.22M) | Time:00:00.00 | Mem:0.00M, Peak:0.00M | Scene, ViewLayer | Synchronizing object | QA-human-1.81m-body
Fra:1 Mem:14.22M (Peak 14.22M) | Time:00:00.00 | Mem:0.00M, Peak:0.00M | Scene, ViewLayer | Synchronizing object | QA-ruler-tick-1
Fra:1 Mem:14.22M (Peak 14.22M) | Time:00:00.00 | Mem:0.00M, Peak:0.00M | Scene, ViewLayer | Synchronizing object | QA-human-1.81m-neck
Fra:1 Mem:14.22M (Peak 14.22M) | Time:00:00.00 | Mem:0.00M, Peak:0.00M | Scene, ViewLayer | Synchronizing object | QA-ruler-tick-0
Fra:1 Mem:14.23M (Peak 14.23M) | Time:00:00.00 | Mem:0.00M, Peak:0.00M | Scene, ViewLayer | Synchronizing object | QA-one-metre-ruler
Fra:1 Mem:14.23M (Peak 14.23M) | Time:00:00.00 | Mem:0.00M, Peak:0.00M | Scene, ViewLayer | Synchronizing object | QA-human-1.81m-head
Fra:1 Mem:14.24M (Peak 14.24M) | Time:00:00.00 | Mem:0.00M, Peak:0.00M | Scene, ViewLayer | Synchronizing object | QA-human-1.81m-leg.001
Fra:1 Mem:14.24M (Peak 14.24M) | Time:00:00.00 | Mem:0.00M, Peak:0.00M | Scene, ViewLayer | Synchronizing object | QA-human-1.81m-arm.001
Fra:1 Mem:14.24M (Peak 14.24M) | Time:00:00.00 | Mem:0.00M, Peak:0.00M | Scene, ViewLayer | Synchronizing object | QA-human-1.81m-arm
Fra:1 Mem:14.24M (Peak 14.24M) | Time:00:00.00 | Mem:0.00M, Peak:0.00M | Scene, ViewLayer | Initializing
Fra:1 Mem:13.18M (Peak 14.24M) | Time:00:00.00 | Mem:0.00M, Peak:0.00M | Scene, ViewLayer | Waiting for render to start
Fra:1 Mem:13.18M (Peak 14.24M) | Time:00:00.00 | Mem:0.00M, Peak:0.00M | Scene, ViewLayer | Loading render kernels (may take a few minutes the first time)
Fra:1 Mem:13.18M (Peak 14.24M) | Time:00:00.00 | Mem:0.00M, Peak:0.00M | Scene, ViewLayer | Updating Scene
Fra:1 Mem:13.18M (Peak 14.24M) | Time:00:00.00 | Mem:0.00M, Peak:0.00M | Scene, ViewLayer | Updating Shaders
Fra:1 Mem:13.26M (Peak 14.24M) | Time:00:00.00 | Mem:0.00M, Peak:0.00M | Scene, ViewLayer | Updating Procedurals
Fra:1 Mem:13.26M (Peak 14.24M) | Time:00:00.00 | Mem:0.00M, Peak:0.00M | Scene, ViewLayer | Updating Background
Fra:1 Mem:13.26M (Peak 14.24M) | Time:00:00.00 | Mem:0.00M, Peak:0.00M | Scene, ViewLayer | Updating Camera
Fra:1 Mem:13.26M (Peak 14.24M) | Time:00:00.00 | Mem:0.00M, Peak:0.00M | Scene, ViewLayer | Updating Meshes Flags
Fra:1 Mem:13.26M (Peak 14.24M) | Time:00:00.00 | Mem:0.00M, Peak:0.00M | Scene, ViewLayer | Updating Objects
Fra:1 Mem:13.26M (Peak 14.24M) | Time:00:00.00 | Mem:0.00M, Peak:0.00M | Scene, ViewLayer | Updating Objects | Copying Transformations to device
Fra:1 Mem:13.27M (Peak 14.24M) | Time:00:00.00 | Mem:0.01M, Peak:0.01M | Scene, ViewLayer | Updating Objects | Applying Static Transformations
Fra:1 Mem:13.27M (Peak 14.24M) | Time:00:00.00 | Mem:0.01M, Peak:0.01M | Scene, ViewLayer | Updating Particle Systems
Fra:1 Mem:13.27M (Peak 14.24M) | Time:00:00.00 | Mem:0.01M, Peak:0.01M | Scene, ViewLayer | Updating Particle Systems | Copying Particles to device
Fra:1 Mem:13.27M (Peak 14.24M) | Time:00:00.00 | Mem:0.01M, Peak:0.01M | Scene, ViewLayer | Updating Meshes
Fra:1 Mem:13.28M (Peak 14.24M) | Time:00:00.00 | Mem:0.01M, Peak:0.01M | Scene, ViewLayer | Updating Mesh | Computing attributes
Fra:1 Mem:13.29M (Peak 14.24M) | Time:00:00.00 | Mem:0.01M, Peak:0.01M | Scene, ViewLayer | Updating Mesh | Copying Attributes to device
Fra:1 Mem:13.29M (Peak 14.24M) | Time:00:00.00 | Mem:0.02M, Peak:0.02M | Scene, ViewLayer | Updating Scene BVH | Building
Fra:1 Mem:13.29M (Peak 14.24M) | Time:00:00.00 | Mem:0.02M, Peak:0.02M | Scene, ViewLayer | Updating Scene BVH | Building BVH
Fra:1 Mem:13.29M (Peak 14.24M) | Time:00:00.00 | Mem:0.04M, Peak:0.04M | Scene, ViewLayer | Updating Scene BVH | Building BVH 0%
Fra:1 Mem:13.29M (Peak 14.24M) | Time:00:00.00 | Mem:0.06M, Peak:0.08M | Scene, ViewLayer | Updating Scene BVH | Copying BVH to device
Fra:1 Mem:13.29M (Peak 14.24M) | Time:00:00.00 | Mem:0.06M, Peak:0.08M | Scene, ViewLayer | Updating Mesh | Computing normals
Fra:1 Mem:13.32M (Peak 14.24M) | Time:00:00.00 | Mem:0.06M, Peak:0.08M | Scene, ViewLayer | Updating Mesh | Copying Mesh to device
Fra:1 Mem:13.32M (Peak 14.24M) | Time:00:00.00 | Mem:0.10M, Peak:0.10M | Scene, ViewLayer | Updating Objects Flags
Fra:1 Mem:13.32M (Peak 14.24M) | Time:00:00.00 | Mem:0.10M, Peak:0.10M | Scene, ViewLayer | Updating Primitive Offsets
Fra:1 Mem:13.32M (Peak 14.24M) | Time:00:00.00 | Mem:0.10M, Peak:0.10M | Scene, ViewLayer | Updating Images
Fra:1 Mem:13.32M (Peak 14.24M) | Time:00:00.00 | Mem:0.10M, Peak:0.10M | Scene, ViewLayer | Updating Camera Volume
Fra:1 Mem:13.32M (Peak 14.24M) | Time:00:00.00 | Mem:0.10M, Peak:0.10M | Scene, ViewLayer | Updating Lookup Tables
Fra:1 Mem:13.32M (Peak 14.24M) | Time:00:00.00 | Mem:0.18M, Peak:0.18M | Scene, ViewLayer | Updating Lights
Fra:1 Mem:13.32M (Peak 14.24M) | Time:00:00.00 | Mem:0.18M, Peak:0.18M | Scene, ViewLayer | Updating Lights | Computing tree
Fra:1 Mem:13.32M (Peak 14.24M) | Time:00:00.00 | Mem:0.18M, Peak:0.18M | Scene, ViewLayer | Updating Integrator
Fra:1 Mem:13.32M (Peak 14.24M) | Time:00:00.00 | Mem:0.18M, Peak:0.18M | Scene, ViewLayer | Updating Film
Fra:1 Mem:13.32M (Peak 14.24M) | Time:00:00.00 | Mem:0.10M, Peak:0.18M | Scene, ViewLayer | Updating Lookup Tables
Fra:1 Mem:13.32M (Peak 14.24M) | Time:00:00.00 | Mem:0.18M, Peak:0.18M | Scene, ViewLayer | Updating Baking
Fra:1 Mem:13.32M (Peak 14.24M) | Time:00:00.00 | Mem:0.18M, Peak:0.18M | Scene, ViewLayer | Updating Device | Writing constant memory
Fra:1 Mem:13.32M (Peak 14.24M) | Time:00:00.00 | Mem:0.18M, Peak:0.18M | Scene, ViewLayer | Sample 0/16
Fra:1 Mem:27.40M (Peak 27.40M) | Time:00:00.11 | Remaining:00:01.59 | Mem:14.24M, Peak:14.24M | Scene, ViewLayer | Sample 1/16
Fra:1 Mem:33.65M (Peak 46.15M) | Time:00:00.89 | Mem:14.24M, Peak:14.24M | Scene, ViewLayer | Sample 16/16
Fra:1 Mem:33.65M (Peak 46.15M) | Time:00:00.89 | Mem:14.24M, Peak:14.24M | Scene, ViewLayer | Finished
Saved: '/workspace/scratch/7c20b5ba4165/atlas-backlog-oct3/tools/assets/landmark-entrance-details/qa/previews/waterfront-capital-lod1-front.png'
Time: 00:00.96 (Saving: 00:00.06)

Extensions: writing cache failed ([Errno 30] Read-only file system: '/home/agent/.config/blender').
15:03:02 | INFO: Data are loaded, start creating Blender stuff
15:03:02 | INFO: Blender create Mesh node capital-abacus.001
15:03:02 | INFO: glTF import finished in 0.00s
Fra:1 Mem:14.16M (Peak 14.16M) | Time:00:00.00 | Mem:0.00M, Peak:0.00M | Scene, ViewLayer | Synchronizing object | waterfront-capital
Fra:1 Mem:14.17M (Peak 14.17M) | Time:00:00.00 | Mem:0.00M, Peak:0.00M | Scene, ViewLayer | Synchronizing object | QA-ruler-tick-10
Fra:1 Mem:14.16M (Peak 14.17M) | Time:00:00.00 | Mem:0.00M, Peak:0.00M | Scene, ViewLayer | Synchronizing object | QA-human-1.75m-body
Fra:1 Mem:14.17M (Peak 14.17M) | Time:00:00.00 | Mem:0.00M, Peak:0.00M | Scene, ViewLayer | Synchronizing object | QA-human-1.75m-neck
Fra:1 Mem:14.17M (Peak 14.17M) | Time:00:00.00 | Mem:0.00M, Peak:0.00M | Scene, ViewLayer | Synchronizing object | QA-ruler-tick-9
Fra:1 Mem:14.17M (Peak 14.17M) | Time:00:00.00 | Mem:0.00M, Peak:0.00M | Scene, ViewLayer | Synchronizing object | QA-human-1.75m-leg
Fra:1 Mem:14.17M (Peak 14.17M) | Time:00:00.00 | Mem:0.00M, Peak:0.00M | Scene, ViewLayer | Synchronizing object | QA-ruler-tick-8
Fra:1 Mem:14.17M (Peak 14.17M) | Time:00:00.00 | Mem:0.00M, Peak:0.00M | Scene, ViewLayer | Synchronizing object | QA-human-1.75m-leg.001
Fra:1 Mem:14.17M (Peak 14.17M) | Time:00:00.00 | Mem:0.00M, Peak:0.00M | Scene, ViewLayer | Synchronizing object | QA-ruler-tick-7
Fra:1 Mem:14.17M (Peak 14.17M) | Time:00:00.00 | Mem:0.00M, Peak:0.00M | Scene, ViewLayer | Synchronizing object | QA-human-1.75m-arm
Fra:1 Mem:14.17M (Peak 14.17M) | Time:00:00.00 | Mem:0.00M, Peak:0.00M | Scene, ViewLayer | Synchronizing object | QA-ruler-tick-6
Fra:1 Mem:14.17M (Peak 14.17M) | Time:00:00.00 | Mem:0.00M, Peak:0.00M | Scene, ViewLayer | Synchronizing object | QA-human-1.75m-arm.001
Fra:1 Mem:14.18M (Peak 14.18M) | Time:00:00.00 | Mem:0.00M, Peak:0.00M | Scene, ViewLayer | Synchronizing object | QA-ruler-tick-5
Fra:1 Mem:14.18M (Peak 14.18M) | Time:00:00.00 | Mem:0.00M, Peak:0.00M | Scene, ViewLayer | Synchronizing object | QA-human-1.75m-head
Fra:1 Mem:14.18M (Peak 14.18M) | Time:00:00.00 | Mem:0.00M, Peak:0.00M | Scene, ViewLayer | Synchronizing object | QA-ruler-tick-4
Fra:1 Mem:14.19M (Peak 14.19M) | Time:00:00.00 | Mem:0.00M, Peak:0.00M | Scene, ViewLayer | Synchronizing object | QA-ruler-tick-3
Fra:1 Mem:14.19M (Peak 14.19M) | Time:00:00.00 | Mem:0.00M, Peak:0.00M | Scene, ViewLayer | Synchronizing object | QA-ruler-tick-2
Fra:1 Mem:14.19M (Peak 14.19M) | Time:00:00.00 | Mem:0.00M, Peak:0.00M | Scene, ViewLayer | Synchronizing object | QA-human-1.81m-body
Fra:1 Mem:14.19M (Peak 14.19M) | Time:00:00.00 | Mem:0.00M, Peak:0.00M | Scene, ViewLayer | Synchronizing object | QA-ruler-tick-1
Fra:1 Mem:14.19M (Peak 14.19M) | Time:00:00.00 | Mem:0.00M, Peak:0.00M | Scene, ViewLayer | Synchronizing object | QA-ruler-tick-0
Fra:1 Mem:14.19M (Peak 14.19M) | Time:00:00.00 | Mem:0.00M, Peak:0.00M | Scene, ViewLayer | Synchronizing object | QA-one-metre-ruler
Fra:1 Mem:14.19M (Peak 14.19M) | Time:00:00.00 | Mem:0.00M, Peak:0.00M | Scene, ViewLayer | Synchronizing object | QA-human-1.81m-leg
Fra:1 Mem:14.20M (Peak 14.20M) | Time:00:00.00 | Mem:0.00M, Peak:0.00M | Scene, ViewLayer | Synchronizing object | QA-human-1.81m-head
Fra:1 Mem:14.20M (Peak 14.20M) | Time:00:00.00 | Mem:0.00M, Peak:0.00M | Scene, ViewLayer | Synchronizing object | QA-human-1.81m-leg.001
Fra:1 Mem:14.20M (Peak 14.20M) | Time:00:00.00 | Mem:0.00M, Peak:0.00M | Scene, ViewLayer | Synchronizing object | QA-human-1.81m-arm
Fra:1 Mem:14.21M (Peak 14.21M) | Time:00:00.00 | Mem:0.00M, Peak:0.00M | Scene, ViewLayer | Synchronizing object | QA-human-1.81m-arm.001
Fra:1 Mem:14.21M (Peak 14.21M) | Time:00:00.00 | Mem:0.00M, Peak:0.00M | Scene, ViewLayer | Initializing
Fra:1 Mem:13.15M (Peak 14.21M) | Time:00:00.00 | Mem:0.00M, Peak:0.00M | Scene, ViewLayer | Waiting for render to start
Fra:1 Mem:13.15M (Peak 14.21M) | Time:00:00.00 | Mem:0.00M, Peak:0.00M | Scene, ViewLayer | Loading render kernels (may take a few minutes the first time)
Fra:1 Mem:13.15M (Peak 14.21M) | Time:00:00.00 | Mem:0.00M, Peak:0.00M | Scene, ViewLayer | Updating Scene
Fra:1 Mem:13.15M (Peak 14.21M) | Time:00:00.00 | Mem:0.00M, Peak:0.00M | Scene, ViewLayer | Updating Shaders
Fra:1 Mem:13.23M (Peak 14.21M) | Time:00:00.00 | Mem:0.00M, Peak:0.00M | Scene, ViewLayer | Updating Procedurals
Fra:1 Mem:13.23M (Peak 14.21M) | Time:00:00.00 | Mem:0.00M, Peak:0.00M | Scene, ViewLayer | Updating Background
Fra:1 Mem:13.23M (Peak 14.21M) | Time:00:00.00 | Mem:0.00M, Peak:0.00M | Scene, ViewLayer | Updating Camera
Fra:1 Mem:13.23M (Peak 14.21M) | Time:00:00.00 | Mem:0.00M, Peak:0.00M | Scene, ViewLayer | Updating Meshes Flags
Fra:1 Mem:13.23M (Peak 14.21M) | Time:00:00.00 | Mem:0.00M, Peak:0.00M | Scene, ViewLayer | Updating Objects
Fra:1 Mem:13.23M (Peak 14.21M) | Time:00:00.00 | Mem:0.00M, Peak:0.00M | Scene, ViewLayer | Updating Objects | Copying Transformations to device
Fra:1 Mem:13.24M (Peak 14.21M) | Time:00:00.00 | Mem:0.01M, Peak:0.01M | Scene, ViewLayer | Updating Objects | Applying Static Transformations
Fra:1 Mem:13.24M (Peak 14.21M) | Time:00:00.00 | Mem:0.01M, Peak:0.01M | Scene, ViewLayer | Updating Particle Systems
Fra:1 Mem:13.24M (Peak 14.21M) | Time:00:00.00 | Mem:0.01M, Peak:0.01M | Scene, ViewLayer | Updating Particle Systems | Copying Particles to device
Fra:1 Mem:13.24M (Peak 14.21M) | Time:00:00.00 | Mem:0.01M, Peak:0.01M | Scene, ViewLayer | Updating Meshes
Fra:1 Mem:13.25M (Peak 14.21M) | Time:00:00.00 | Mem:0.01M, Peak:0.01M | Scene, ViewLayer | Updating Mesh | Computing attributes
Fra:1 Mem:13.26M (Peak 14.21M) | Time:00:00.00 | Mem:0.01M, Peak:0.01M | Scene, ViewLayer | Updating Mesh | Copying Attributes to device
Fra:1 Mem:13.25M (Peak 14.21M) | Time:00:00.00 | Mem:0.01M, Peak:0.01M | Scene, ViewLayer | Updating Scene BVH | Building
Fra:1 Mem:13.25M (Peak 14.21M) | Time:00:00.00 | Mem:0.01M, Peak:0.01M | Scene, ViewLayer | Updating Scene BVH | Building BVH
Fra:1 Mem:13.25M (Peak 14.21M) | Time:00:00.00 | Mem:0.03M, Peak:0.03M | Scene, ViewLayer | Updating Scene BVH | Building BVH 0%
Fra:1 Mem:13.25M (Peak 14.21M) | Time:00:00.00 | Mem:0.06M, Peak:0.07M | Scene, ViewLayer | Updating Scene BVH | Copying BVH to device
Fra:1 Mem:13.25M (Peak 14.21M) | Time:00:00.00 | Mem:0.06M, Peak:0.07M | Scene, ViewLayer | Updating Mesh | Computing normals
Fra:1 Mem:13.27M (Peak 14.21M) | Time:00:00.00 | Mem:0.06M, Peak:0.07M | Scene, ViewLayer | Updating Mesh | Copying Mesh to device
Fra:1 Mem:13.27M (Peak 14.21M) | Time:00:00.00 | Mem:0.08M, Peak:0.08M | Scene, ViewLayer | Updating Objects Flags
Fra:1 Mem:13.27M (Peak 14.21M) | Time:00:00.00 | Mem:0.08M, Peak:0.08M | Scene, ViewLayer | Updating Primitive Offsets
Fra:1 Mem:13.27M (Peak 14.21M) | Time:00:00.00 | Mem:0.08M, Peak:0.08M | Scene, ViewLayer | Updating Images
Fra:1 Mem:13.27M (Peak 14.21M) | Time:00:00.00 | Mem:0.08M, Peak:0.08M | Scene, ViewLayer | Updating Camera Volume
Fra:1 Mem:13.27M (Peak 14.21M) | Time:00:00.00 | Mem:0.08M, Peak:0.08M | Scene, ViewLayer | Updating Lookup Tables
Fra:1 Mem:13.27M (Peak 14.21M) | Time:00:00.00 | Mem:0.16M, Peak:0.16M | Scene, ViewLayer | Updating Lights
Fra:1 Mem:13.27M (Peak 14.21M) | Time:00:00.00 | Mem:0.16M, Peak:0.16M | Scene, ViewLayer | Updating Lights | Computing tree
Fra:1 Mem:13.27M (Peak 14.21M) | Time:00:00.00 | Mem:0.16M, Peak:0.16M | Scene, ViewLayer | Updating Integrator
Fra:1 Mem:13.27M (Peak 14.21M) | Time:00:00.00 | Mem:0.16M, Peak:0.16M | Scene, ViewLayer | Updating Film
Fra:1 Mem:13.28M (Peak 14.21M) | Time:00:00.00 | Mem:0.08M, Peak:0.16M | Scene, ViewLayer | Updating Lookup Tables
Fra:1 Mem:13.28M (Peak 14.21M) | Time:00:00.00 | Mem:0.16M, Peak:0.16M | Scene, ViewLayer | Updating Baking
Fra:1 Mem:13.28M (Peak 14.21M) | Time:00:00.00 | Mem:0.16M, Peak:0.16M | Scene, ViewLayer | Updating Device | Writing constant memory
Fra:1 Mem:13.28M (Peak 14.21M) | Time:00:00.00 | Mem:0.16M, Peak:0.16M | Scene, ViewLayer | Sample 0/16
Fra:1 Mem:27.35M (Peak 27.35M) | Time:00:00.08 | Remaining:00:01.24 | Mem:14.23M, Peak:14.23M | Scene, ViewLayer | Sample 1/16
Fra:1 Mem:33.60M (Peak 46.10M) | Time:00:00.89 | Mem:14.23M, Peak:14.23M | Scene, ViewLayer | Sample 16/16
Fra:1 Mem:33.60M (Peak 46.10M) | Time:00:00.89 | Mem:14.23M, Peak:14.23M | Scene, ViewLayer | Finished
Saved: '/workspace/scratch/7c20b5ba4165/atlas-backlog-oct3/tools/assets/landmark-entrance-details/qa/previews/waterfront-capital-lod2-front.png'
Time: 00:00.96 (Saving: 00:00.06)

Extensions: writing cache failed ([Errno 30] Read-only file system: '/home/agent/.config/blender').
15:03:03 | INFO: Data are loaded, start creating Blender stuff
15:03:03 | INFO: Blender create Mesh node capital-necking.001
15:03:03 | INFO: glTF import finished in 0.00s
Fra:1 Mem:12.17M (Peak 12.17M) | Time:00:00.00 | Mem:0.00M, Peak:0.00M | Scene, ViewLayer | Synchronizing object | waterfront-capital
Fra:1 Mem:12.24M (Peak 12.24M) | Time:00:00.00 | Mem:0.00M, Peak:0.00M | Scene, ViewLayer | Initializing
Fra:1 Mem:12.07M (Peak 12.24M) | Time:00:00.00 | Mem:0.00M, Peak:0.00M | Scene, ViewLayer | Waiting for render to start
Fra:1 Mem:12.07M (Peak 12.24M) | Time:00:00.00 | Mem:0.00M, Peak:0.00M | Scene, ViewLayer | Loading render kernels (may take a few minutes the first time)
Fra:1 Mem:12.07M (Peak 12.24M) | Time:00:00.00 | Mem:0.00M, Peak:0.00M | Scene, ViewLayer | Updating Scene
Fra:1 Mem:12.07M (Peak 12.24M) | Time:00:00.00 | Mem:0.00M, Peak:0.00M | Scene, ViewLayer | Updating Shaders
Fra:1 Mem:12.15M (Peak 12.24M) | Time:00:00.00 | Mem:0.00M, Peak:0.00M | Scene, ViewLayer | Updating Procedurals
Fra:1 Mem:12.15M (Peak 12.24M) | Time:00:00.00 | Mem:0.00M, Peak:0.00M | Scene, ViewLayer | Updating Background
Fra:1 Mem:12.15M (Peak 12.24M) | Time:00:00.00 | Mem:0.00M, Peak:0.00M | Scene, ViewLayer | Updating Camera
Fra:1 Mem:12.15M (Peak 12.24M) | Time:00:00.00 | Mem:0.00M, Peak:0.00M | Scene, ViewLayer | Updating Meshes Flags
Fra:1 Mem:12.15M (Peak 12.24M) | Time:00:00.00 | Mem:0.00M, Peak:0.00M | Scene, ViewLayer | Updating Objects
Fra:1 Mem:12.15M (Peak 12.24M) | Time:00:00.00 | Mem:0.00M, Peak:0.00M | Scene, ViewLayer | Updating Objects | Copying Transformations to device
Fra:1 Mem:12.15M (Peak 12.24M) | Time:00:00.00 | Mem:0.00M, Peak:0.00M | Scene, ViewLayer | Updating Objects | Applying Static Transformations
Fra:1 Mem:12.15M (Peak 12.24M) | Time:00:00.00 | Mem:0.00M, Peak:0.00M | Scene, ViewLayer | Updating Particle Systems
Fra:1 Mem:12.15M (Peak 12.24M) | Time:00:00.00 | Mem:0.00M, Peak:0.00M | Scene, ViewLayer | Updating Particle Systems | Copying Particles to device
Fra:1 Mem:12.15M (Peak 12.24M) | Time:00:00.00 | Mem:0.00M, Peak:0.00M | Scene, ViewLayer | Updating Meshes
Fra:1 Mem:12.16M (Peak 12.24M) | Time:00:00.00 | Mem:0.00M, Peak:0.00M | Scene, ViewLayer | Updating Mesh | Computing attributes
Fra:1 Mem:12.17M (Peak 12.24M) | Time:00:00.00 | Mem:0.00M, Peak:0.00M | Scene, ViewLayer | Updating Mesh | Copying Attributes to device
Fra:1 Mem:12.17M (Peak 12.24M) | Time:00:00.00 | Mem:0.02M, Peak:0.02M | Scene, ViewLayer | Updating Scene BVH | Building
Fra:1 Mem:12.17M (Peak 12.24M) | Time:00:00.00 | Mem:0.02M, Peak:0.02M | Scene, ViewLayer | Updating Scene BVH | Building BVH
Fra:1 Mem:12.17M (Peak 12.24M) | Time:00:00.00 | Mem:0.03M, Peak:0.03M | Scene, ViewLayer | Updating Scene BVH | Building BVH 0%
Fra:1 Mem:12.17M (Peak 12.24M) | Time:00:00.00 | Mem:0.04M, Peak:0.05M | Scene, ViewLayer | Updating Scene BVH | Copying BVH to device
Fra:1 Mem:12.17M (Peak 12.24M) | Time:00:00.00 | Mem:0.04M, Peak:0.05M | Scene, ViewLayer | Updating Mesh | Computing normals
Fra:1 Mem:12.22M (Peak 12.24M) | Time:00:00.00 | Mem:0.04M, Peak:0.05M | Scene, ViewLayer | Updating Mesh | Copying Mesh to device
Fra:1 Mem:12.22M (Peak 12.24M) | Time:00:00.00 | Mem:0.09M, Peak:0.09M | Scene, ViewLayer | Updating Objects Flags
Fra:1 Mem:12.22M (Peak 12.24M) | Time:00:00.00 | Mem:0.09M, Peak:0.09M | Scene, ViewLayer | Updating Primitive Offsets
Fra:1 Mem:12.22M (Peak 12.24M) | Time:00:00.00 | Mem:0.09M, Peak:0.09M | Scene, ViewLayer | Updating Images
Fra:1 Mem:12.22M (Peak 12.24M) | Time:00:00.00 | Mem:0.09M, Peak:0.09M | Scene, ViewLayer | Updating Camera Volume
Fra:1 Mem:12.22M (Peak 12.24M) | Time:00:00.00 | Mem:0.09M, Peak:0.09M | Scene, ViewLayer | Updating Lookup Tables
Fra:1 Mem:12.22M (Peak 12.24M) | Time:00:00.00 | Mem:0.17M, Peak:0.17M | Scene, ViewLayer | Updating Lights
Fra:1 Mem:12.22M (Peak 12.24M) | Time:00:00.00 | Mem:0.17M, Peak:0.17M | Scene, ViewLayer | Updating Lights | Computing tree
Fra:1 Mem:12.22M (Peak 12.24M) | Time:00:00.00 | Mem:0.17M, Peak:0.17M | Scene, ViewLayer | Updating Integrator
Fra:1 Mem:12.22M (Peak 12.24M) | Time:00:00.00 | Mem:0.17M, Peak:0.17M | Scene, ViewLayer | Updating Film
Fra:1 Mem:12.22M (Peak 12.24M) | Time:00:00.00 | Mem:0.09M, Peak:0.17M | Scene, ViewLayer | Updating Lookup Tables
Fra:1 Mem:12.22M (Peak 12.24M) | Time:00:00.00 | Mem:0.17M, Peak:0.17M | Scene, ViewLayer | Updating Baking
Fra:1 Mem:12.22M (Peak 12.24M) | Time:00:00.00 | Mem:0.17M, Peak:0.17M | Scene, ViewLayer | Updating Device | Writing constant memory
Fra:1 Mem:12.22M (Peak 12.24M) | Time:00:00.00 | Mem:0.17M, Peak:0.17M | Scene, ViewLayer | Sample 0/16
Fra:1 Mem:26.29M (Peak 26.29M) | Time:00:00.08 | Remaining:00:01.26 | Mem:14.23M, Peak:14.23M | Scene, ViewLayer | Sample 1/16
Fra:1 Mem:32.54M (Peak 45.04M) | Time:00:00.87 | Mem:14.23M, Peak:14.23M | Scene, ViewLayer | Sample 16/16
Fra:1 Mem:32.54M (Peak 45.04M) | Time:00:00.87 | Mem:14.23M, Peak:14.23M | Scene, ViewLayer | Finished
Saved: '/workspace/scratch/7c20b5ba4165/atlas-backlog-oct3/tools/assets/landmark-entrance-details/qa/previews/waterfront-capital-side.png'
Time: 00:00.93 (Saving: 00:00.06)

Extensions: writing cache failed ([Errno 30] Read-only file system: '/home/agent/.config/blender').
15:03:04 | INFO: Data are loaded, start creating Blender stuff
15:03:04 | INFO: Blender create Mesh node capital-necking.001
15:03:04 | INFO: glTF import finished in 0.00s
Fra:1 Mem:12.17M (Peak 12.17M) | Time:00:00.00 | Mem:0.00M, Peak:0.00M | Scene, ViewLayer | Synchronizing object | waterfront-capital
Fra:1 Mem:12.24M (Peak 12.24M) | Time:00:00.00 | Mem:0.00M, Peak:0.00M | Scene, ViewLayer | Initializing
Fra:1 Mem:12.07M (Peak 12.24M) | Time:00:00.00 | Mem:0.00M, Peak:0.00M | Scene, ViewLayer | Waiting for render to start
Fra:1 Mem:12.07M (Peak 12.24M) | Time:00:00.00 | Mem:0.00M, Peak:0.00M | Scene, ViewLayer | Loading render kernels (may take a few minutes the first time)
Fra:1 Mem:12.07M (Peak 12.24M) | Time:00:00.00 | Mem:0.00M, Peak:0.00M | Scene, ViewLayer | Updating Scene
Fra:1 Mem:12.07M (Peak 12.24M) | Time:00:00.00 | Mem:0.00M, Peak:0.00M | Scene, ViewLayer | Updating Shaders
Fra:1 Mem:12.15M (Peak 12.24M) | Time:00:00.00 | Mem:0.00M, Peak:0.00M | Scene, ViewLayer | Updating Procedurals
Fra:1 Mem:12.15M (Peak 12.24M) | Time:00:00.00 | Mem:0.00M, Peak:0.00M | Scene, ViewLayer | Updating Background
Fra:1 Mem:12.15M (Peak 12.24M) | Time:00:00.00 | Mem:0.00M, Peak:0.00M | Scene, ViewLayer | Updating Camera
Fra:1 Mem:12.15M (Peak 12.24M) | Time:00:00.00 | Mem:0.00M, Peak:0.00M | Scene, ViewLayer | Updating Meshes Flags
Fra:1 Mem:12.15M (Peak 12.24M) | Time:00:00.00 | Mem:0.00M, Peak:0.00M | Scene, ViewLayer | Updating Objects
Fra:1 Mem:12.15M (Peak 12.24M) | Time:00:00.00 | Mem:0.00M, Peak:0.00M | Scene, ViewLayer | Updating Objects | Copying Transformations to device
Fra:1 Mem:12.15M (Peak 12.24M) | Time:00:00.00 | Mem:0.00M, Peak:0.00M | Scene, ViewLayer | Updating Objects | Applying Static Transformations
Fra:1 Mem:12.15M (Peak 12.24M) | Time:00:00.00 | Mem:0.00M, Peak:0.00M | Scene, ViewLayer | Updating Particle Systems
Fra:1 Mem:12.15M (Peak 12.24M) | Time:00:00.00 | Mem:0.00M, Peak:0.00M | Scene, ViewLayer | Updating Particle Systems | Copying Particles to device
Fra:1 Mem:12.15M (Peak 12.24M) | Time:00:00.00 | Mem:0.00M, Peak:0.00M | Scene, ViewLayer | Updating Meshes
Fra:1 Mem:12.16M (Peak 12.24M) | Time:00:00.00 | Mem:0.00M, Peak:0.00M | Scene, ViewLayer | Updating Mesh | Computing attributes
Fra:1 Mem:12.17M (Peak 12.24M) | Time:00:00.00 | Mem:0.00M, Peak:0.00M | Scene, ViewLayer | Updating Mesh | Copying Attributes to device
Fra:1 Mem:12.17M (Peak 12.24M) | Time:00:00.00 | Mem:0.02M, Peak:0.02M | Scene, ViewLayer | Updating Scene BVH | Building
Fra:1 Mem:12.17M (Peak 12.24M) | Time:00:00.00 | Mem:0.02M, Peak:0.02M | Scene, ViewLayer | Updating Scene BVH | Building BVH
Fra:1 Mem:12.17M (Peak 12.24M) | Time:00:00.00 | Mem:0.03M, Peak:0.03M | Scene, ViewLayer | Updating Scene BVH | Building BVH 0%
Fra:1 Mem:12.17M (Peak 12.24M) | Time:00:00.00 | Mem:0.04M, Peak:0.05M | Scene, ViewLayer | Updating Scene BVH | Copying BVH to device
Fra:1 Mem:12.17M (Peak 12.24M) | Time:00:00.00 | Mem:0.04M, Peak:0.05M | Scene, ViewLayer | Updating Mesh | Computing normals
Fra:1 Mem:12.22M (Peak 12.24M) | Time:00:00.00 | Mem:0.04M, Peak:0.05M | Scene, ViewLayer | Updating Mesh | Copying Mesh to device
Fra:1 Mem:12.22M (Peak 12.24M) | Time:00:00.00 | Mem:0.09M, Peak:0.09M | Scene, ViewLayer | Updating Objects Flags
Fra:1 Mem:12.22M (Peak 12.24M) | Time:00:00.00 | Mem:0.09M, Peak:0.09M | Scene, ViewLayer | Updating Primitive Offsets
Fra:1 Mem:12.22M (Peak 12.24M) | Time:00:00.00 | Mem:0.09M, Peak:0.09M | Scene, ViewLayer | Updating Images
Fra:1 Mem:12.22M (Peak 12.24M) | Time:00:00.00 | Mem:0.09M, Peak:0.09M | Scene, ViewLayer | Updating Camera Volume
Fra:1 Mem:12.22M (Peak 12.24M) | Time:00:00.00 | Mem:0.09M, Peak:0.09M | Scene, ViewLayer | Updating Lookup Tables
Fra:1 Mem:12.22M (Peak 12.24M) | Time:00:00.00 | Mem:0.17M, Peak:0.17M | Scene, ViewLayer | Updating Lights
Fra:1 Mem:12.22M (Peak 12.24M) | Time:00:00.00 | Mem:0.17M, Peak:0.17M | Scene, ViewLayer | Updating Lights | Computing tree
Fra:1 Mem:12.22M (Peak 12.24M) | Time:00:00.00 | Mem:0.17M, Peak:0.17M | Scene, ViewLayer | Updating Integrator
Fra:1 Mem:12.22M (Peak 12.24M) | Time:00:00.00 | Mem:0.17M, Peak:0.17M | Scene, ViewLayer | Updating Film
Fra:1 Mem:12.22M (Peak 12.24M) | Time:00:00.00 | Mem:0.09M, Peak:0.17M | Scene, ViewLayer | Updating Lookup Tables
Fra:1 Mem:12.22M (Peak 12.24M) | Time:00:00.00 | Mem:0.17M, Peak:0.17M | Scene, ViewLayer | Updating Baking
Fra:1 Mem:12.22M (Peak 12.24M) | Time:00:00.00 | Mem:0.17M, Peak:0.17M | Scene, ViewLayer | Updating Device | Writing constant memory
Fra:1 Mem:12.22M (Peak 12.24M) | Time:00:00.00 | Mem:0.17M, Peak:0.17M | Scene, ViewLayer | Sample 0/16
Fra:1 Mem:26.29M (Peak 26.29M) | Time:00:00.08 | Remaining:00:01.17 | Mem:14.23M, Peak:14.23M | Scene, ViewLayer | Sample 1/16
Fra:1 Mem:32.54M (Peak 45.04M) | Time:00:00.88 | Mem:14.23M, Peak:14.23M | Scene, ViewLayer | Sample 16/16
Fra:1 Mem:32.54M (Peak 45.04M) | Time:00:00.88 | Mem:14.23M, Peak:14.23M | Scene, ViewLayer | Finished
Saved: '/workspace/scratch/7c20b5ba4165/atlas-backlog-oct3/tools/assets/landmark-entrance-details/qa/previews/waterfront-capital-back.png'
Time: 00:00.95 (Saving: 00:00.06)

Extensions: writing cache failed ([Errno 30] Read-only file system: '/home/agent/.config/blender').
15:03:05 | INFO: Data are loaded, start creating Blender stuff
15:03:05 | INFO: Blender create Mesh node capital-necking.001
15:03:05 | INFO: glTF import finished in 0.00s
Fra:1 Mem:12.17M (Peak 12.17M) | Time:00:00.00 | Mem:0.00M, Peak:0.00M | Scene, ViewLayer | Synchronizing object | waterfront-capital
Fra:1 Mem:12.24M (Peak 12.24M) | Time:00:00.00 | Mem:0.00M, Peak:0.00M | Scene, ViewLayer | Initializing
Fra:1 Mem:12.07M (Peak 12.24M) | Time:00:00.00 | Mem:0.00M, Peak:0.00M | Scene, ViewLayer | Waiting for render to start
Fra:1 Mem:12.07M (Peak 12.24M) | Time:00:00.00 | Mem:0.00M, Peak:0.00M | Scene, ViewLayer | Loading render kernels (may take a few minutes the first time)
Fra:1 Mem:12.07M (Peak 12.24M) | Time:00:00.00 | Mem:0.00M, Peak:0.00M | Scene, ViewLayer | Updating Scene
Fra:1 Mem:12.07M (Peak 12.24M) | Time:00:00.00 | Mem:0.00M, Peak:0.00M | Scene, ViewLayer | Updating Shaders
Fra:1 Mem:12.15M (Peak 12.24M) | Time:00:00.00 | Mem:0.00M, Peak:0.00M | Scene, ViewLayer | Updating Procedurals
Fra:1 Mem:12.15M (Peak 12.24M) | Time:00:00.00 | Mem:0.00M, Peak:0.00M | Scene, ViewLayer | Updating Background
Fra:1 Mem:12.15M (Peak 12.24M) | Time:00:00.00 | Mem:0.00M, Peak:0.00M | Scene, ViewLayer | Updating Camera
Fra:1 Mem:12.15M (Peak 12.24M) | Time:00:00.00 | Mem:0.00M, Peak:0.00M | Scene, ViewLayer | Updating Meshes Flags
Fra:1 Mem:12.15M (Peak 12.24M) | Time:00:00.00 | Mem:0.00M, Peak:0.00M | Scene, ViewLayer | Updating Objects
Fra:1 Mem:12.15M (Peak 12.24M) | Time:00:00.00 | Mem:0.00M, Peak:0.00M | Scene, ViewLayer | Updating Objects | Copying Transformations to device
Fra:1 Mem:12.15M (Peak 12.24M) | Time:00:00.00 | Mem:0.00M, Peak:0.00M | Scene, ViewLayer | Updating Objects | Applying Static Transformations
Fra:1 Mem:12.15M (Peak 12.24M) | Time:00:00.00 | Mem:0.00M, Peak:0.00M | Scene, ViewLayer | Updating Particle Systems
Fra:1 Mem:12.15M (Peak 12.24M) | Time:00:00.00 | Mem:0.00M, Peak:0.00M | Scene, ViewLayer | Updating Particle Systems | Copying Particles to device
Fra:1 Mem:12.15M (Peak 12.24M) | Time:00:00.00 | Mem:0.00M, Peak:0.00M | Scene, ViewLayer | Updating Meshes
Fra:1 Mem:12.16M (Peak 12.24M) | Time:00:00.00 | Mem:0.00M, Peak:0.00M | Scene, ViewLayer | Updating Mesh | Computing attributes
Fra:1 Mem:12.17M (Peak 12.24M) | Time:00:00.00 | Mem:0.00M, Peak:0.00M | Scene, ViewLayer | Updating Mesh | Copying Attributes to device
Fra:1 Mem:12.17M (Peak 12.24M) | Time:00:00.00 | Mem:0.02M, Peak:0.02M | Scene, ViewLayer | Updating Scene BVH | Building
Fra:1 Mem:12.17M (Peak 12.24M) | Time:00:00.00 | Mem:0.02M, Peak:0.02M | Scene, ViewLayer | Updating Scene BVH | Building BVH
Fra:1 Mem:12.17M (Peak 12.24M) | Time:00:00.00 | Mem:0.03M, Peak:0.03M | Scene, ViewLayer | Updating Scene BVH | Building BVH 0%
Fra:1 Mem:12.17M (Peak 12.24M) | Time:00:00.00 | Mem:0.04M, Peak:0.05M | Scene, ViewLayer | Updating Scene BVH | Copying BVH to device
Fra:1 Mem:12.17M (Peak 12.24M) | Time:00:00.00 | Mem:0.04M, Peak:0.05M | Scene, ViewLayer | Updating Mesh | Computing normals
Fra:1 Mem:12.22M (Peak 12.24M) | Time:00:00.00 | Mem:0.04M, Peak:0.05M | Scene, ViewLayer | Updating Mesh | Copying Mesh to device
Fra:1 Mem:12.22M (Peak 12.24M) | Time:00:00.00 | Mem:0.09M, Peak:0.09M | Scene, ViewLayer | Updating Objects Flags
Fra:1 Mem:12.22M (Peak 12.24M) | Time:00:00.00 | Mem:0.09M, Peak:0.09M | Scene, ViewLayer | Updating Primitive Offsets
Fra:1 Mem:12.22M (Peak 12.24M) | Time:00:00.00 | Mem:0.09M, Peak:0.09M | Scene, ViewLayer | Updating Images
Fra:1 Mem:12.22M (Peak 12.24M) | Time:00:00.00 | Mem:0.09M, Peak:0.09M | Scene, ViewLayer | Updating Camera Volume
Fra:1 Mem:12.22M (Peak 12.24M) | Time:00:00.00 | Mem:0.09M, Peak:0.09M | Scene, ViewLayer | Updating Lookup Tables
Fra:1 Mem:12.22M (Peak 12.24M) | Time:00:00.00 | Mem:0.17M, Peak:0.17M | Scene, ViewLayer | Updating Lights
Fra:1 Mem:12.22M (Peak 12.24M) | Time:00:00.00 | Mem:0.17M, Peak:0.17M | Scene, ViewLayer | Updating Lights | Computing tree
Fra:1 Mem:12.22M (Peak 12.24M) | Time:00:00.00 | Mem:0.17M, Peak:0.17M | Scene, ViewLayer | Updating Integrator
Fra:1 Mem:12.22M (Peak 12.24M) | Time:00:00.00 | Mem:0.17M, Peak:0.17M | Scene, ViewLayer | Updating Film
Fra:1 Mem:12.22M (Peak 12.24M) | Time:00:00.00 | Mem:0.09M, Peak:0.17M | Scene, ViewLayer | Updating Lookup Tables
Fra:1 Mem:12.22M (Peak 12.24M) | Time:00:00.00 | Mem:0.17M, Peak:0.17M | Scene, ViewLayer | Updating Baking
Fra:1 Mem:12.22M (Peak 12.24M) | Time:00:00.00 | Mem:0.17M, Peak:0.17M | Scene, ViewLayer | Updating Device | Writing constant memory
Fra:1 Mem:12.22M (Peak 12.24M) | Time:00:00.00 | Mem:0.17M, Peak:0.17M | Scene, ViewLayer | Sample 0/16
Fra:1 Mem:26.29M (Peak 26.29M) | Time:00:00.18 | Remaining:00:02.69 | Mem:14.23M, Peak:14.23M | Scene, ViewLayer | Sample 1/16
Fra:1 Mem:32.54M (Peak 45.04M) | Time:00:02.45 | Mem:14.23M, Peak:14.23M | Scene, ViewLayer | Sample 16/16
Fra:1 Mem:32.54M (Peak 45.04M) | Time:00:02.45 | Mem:14.23M, Peak:14.23M | Scene, ViewLayer | Finished
Saved: '/workspace/scratch/7c20b5ba4165/atlas-backlog-oct3/tools/assets/landmark-entrance-details/qa/previews/waterfront-capital-top.png'
Time: 00:02.52 (Saving: 00:00.06)

Extensions: writing cache failed ([Errno 30] Read-only file system: '/home/agent/.config/blender').
15:03:08 | INFO: Data are loaded, start creating Blender stuff
15:03:08 | INFO: Blender create Mesh node pediment-main-moulding.001
15:03:08 | INFO: glTF import finished in 0.00s
Fra:1 Mem:14.25M (Peak 14.25M) | Time:00:00.00 | Mem:0.00M, Peak:0.00M | Scene, ViewLayer | Synchronizing object | waterfront-pediment-moulding
Fra:1 Mem:14.28M (Peak 14.28M) | Time:00:00.00 | Mem:0.00M, Peak:0.00M | Scene, ViewLayer | Synchronizing object | QA-ruler-tick-10
Fra:1 Mem:14.48M (Peak 14.48M) | Time:00:00.00 | Mem:0.00M, Peak:0.00M | Scene, ViewLayer | Synchronizing object | QA-ruler-tick-9
Fra:1 Mem:14.48M (Peak 14.48M) | Time:00:00.00 | Mem:0.00M, Peak:0.00M | Scene, ViewLayer | Synchronizing object | QA-ruler-tick-8
Fra:1 Mem:14.48M (Peak 14.48M) | Time:00:00.00 | Mem:0.00M, Peak:0.00M | Scene, ViewLayer | Synchronizing object | QA-ruler-tick-7
Fra:1 Mem:14.48M (Peak 14.48M) | Time:00:00.00 | Mem:0.00M, Peak:0.00M | Scene, ViewLayer | Synchronizing object | QA-ruler-tick-6
Fra:1 Mem:14.48M (Peak 14.48M) | Time:00:00.00 | Mem:0.00M, Peak:0.00M | Scene, ViewLayer | Synchronizing object | QA-ruler-tick-5
Fra:1 Mem:14.49M (Peak 14.49M) | Time:00:00.00 | Mem:0.00M, Peak:0.00M | Scene, ViewLayer | Synchronizing object | QA-ruler-tick-4
Fra:1 Mem:14.49M (Peak 14.49M) | Time:00:00.00 | Mem:0.00M, Peak:0.00M | Scene, ViewLayer | Synchronizing object | QA-ruler-tick-3
Fra:1 Mem:14.51M (Peak 14.51M) | Time:00:00.00 | Mem:0.00M, Peak:0.00M | Scene, ViewLayer | Synchronizing object | QA-ruler-tick-2
Fra:1 Mem:14.51M (Peak 14.51M) | Time:00:00.00 | Mem:0.00M, Peak:0.00M | Scene, ViewLayer | Synchronizing object | QA-ruler-tick-1
Fra:1 Mem:14.33M (Peak 14.51M) | Time:00:00.00 | Mem:0.00M, Peak:0.00M | Scene, ViewLayer | Synchronizing object | QA-ruler-tick-0
Fra:1 Mem:14.33M (Peak 14.51M) | Time:00:00.00 | Mem:0.00M, Peak:0.00M | Scene, ViewLayer | Synchronizing object | QA-one-metre-ruler
Fra:1 Mem:14.35M (Peak 14.51M) | Time:00:00.00 | Mem:0.00M, Peak:0.00M | Scene, ViewLayer | Synchronizing object | QA-human-1.81m-head
Fra:1 Mem:14.37M (Peak 14.51M) | Time:00:00.00 | Mem:0.00M, Peak:0.00M | Scene, ViewLayer | Synchronizing object | QA-human-1.81m-arm.001
Fra:1 Mem:14.37M (Peak 14.51M) | Time:00:00.00 | Mem:0.00M, Peak:0.00M | Scene, ViewLayer | Synchronizing object | QA-human-1.81m-arm
Fra:1 Mem:14.38M (Peak 14.51M) | Time:00:00.00 | Mem:0.00M, Peak:0.00M | Scene, ViewLayer | Synchronizing object | QA-human-1.81m-leg.001
Fra:1 Mem:14.39M (Peak 14.51M) | Time:00:00.00 | Mem:0.00M, Peak:0.00M | Scene, ViewLayer | Synchronizing object | QA-human-1.81m-leg
Fra:1 Mem:14.39M (Peak 14.51M) | Time:00:00.00 | Mem:0.00M, Peak:0.00M | Scene, ViewLayer | Synchronizing object | QA-human-1.81m-neck
Fra:1 Mem:14.39M (Peak 14.51M) | Time:00:00.00 | Mem:0.00M, Peak:0.00M | Scene, ViewLayer | Synchronizing object | QA-human-1.81m-body
Fra:1 Mem:14.40M (Peak 14.51M) | Time:00:00.00 | Mem:0.00M, Peak:0.00M | Scene, ViewLayer | Synchronizing object | QA-human-1.75m-head
Fra:1 Mem:14.49M (Peak 14.51M) | Time:00:00.00 | Mem:0.00M, Peak:0.00M | Scene, ViewLayer | Synchronizing object | QA-human-1.75m-arm.001
Fra:1 Mem:14.49M (Peak 14.51M) | Time:00:00.00 | Mem:0.00M, Peak:0.00M | Scene, ViewLayer | Synchronizing object | QA-human-1.75m-arm
Fra:1 Mem:14.49M (Peak 14.51M) | Time:00:00.00 | Mem:0.00M, Peak:0.00M | Scene, ViewLayer | Synchronizing object | QA-human-1.75m-leg.001
Fra:1 Mem:14.49M (Peak 14.51M) | Time:00:00.00 | Mem:0.00M, Peak:0.00M | Scene, ViewLayer | Synchronizing object | QA-human-1.75m-leg
Fra:1 Mem:14.49M (Peak 14.51M) | Time:00:00.00 | Mem:0.00M, Peak:0.00M | Scene, ViewLayer | Synchronizing object | QA-human-1.75m-neck
Fra:1 Mem:14.49M (Peak 14.51M) | Time:00:00.00 | Mem:0.00M, Peak:0.00M | Scene, ViewLayer | Synchronizing object | QA-human-1.75m-body
Fra:1 Mem:14.38M (Peak 14.51M) | Time:00:00.00 | Mem:0.00M, Peak:0.00M | Scene, ViewLayer | Initializing
Fra:1 Mem:13.32M (Peak 14.51M) | Time:00:00.00 | Mem:0.00M, Peak:0.00M | Scene, ViewLayer | Waiting for render to start
Fra:1 Mem:13.32M (Peak 14.51M) | Time:00:00.00 | Mem:0.00M, Peak:0.00M | Scene, ViewLayer | Loading render kernels (may take a few minutes the first time)
Fra:1 Mem:13.32M (Peak 14.51M) | Time:00:00.00 | Mem:0.00M, Peak:0.00M | Scene, ViewLayer | Updating Scene
Fra:1 Mem:13.32M (Peak 14.51M) | Time:00:00.00 | Mem:0.00M, Peak:0.00M | Scene, ViewLayer | Updating Shaders
Fra:1 Mem:13.40M (Peak 14.51M) | Time:00:00.00 | Mem:0.00M, Peak:0.00M | Scene, ViewLayer | Updating Procedurals
Fra:1 Mem:13.40M (Peak 14.51M) | Time:00:00.00 | Mem:0.00M, Peak:0.00M | Scene, ViewLayer | Updating Background
Fra:1 Mem:13.40M (Peak 14.51M) | Time:00:00.00 | Mem:0.00M, Peak:0.00M | Scene, ViewLayer | Updating Camera
Fra:1 Mem:13.40M (Peak 14.51M) | Time:00:00.00 | Mem:0.00M, Peak:0.00M | Scene, ViewLayer | Updating Meshes Flags
Fra:1 Mem:13.40M (Peak 14.51M) | Time:00:00.00 | Mem:0.00M, Peak:0.00M | Scene, ViewLayer | Updating Objects
Fra:1 Mem:13.40M (Peak 14.51M) | Time:00:00.00 | Mem:0.00M, Peak:0.00M | Scene, ViewLayer | Updating Objects | Copying Transformations to device
Fra:1 Mem:13.41M (Peak 14.51M) | Time:00:00.00 | Mem:0.01M, Peak:0.01M | Scene, ViewLayer | Updating Objects | Applying Static Transformations
Fra:1 Mem:13.41M (Peak 14.51M) | Time:00:00.00 | Mem:0.01M, Peak:0.01M | Scene, ViewLayer | Updating Particle Systems
Fra:1 Mem:13.41M (Peak 14.51M) | Time:00:00.00 | Mem:0.01M, Peak:0.01M | Scene, ViewLayer | Updating Particle Systems | Copying Particles to device
Fra:1 Mem:13.41M (Peak 14.51M) | Time:00:00.00 | Mem:0.01M, Peak:0.01M | Scene, ViewLayer | Updating Meshes
Fra:1 Mem:13.42M (Peak 14.51M) | Time:00:00.00 | Mem:0.01M, Peak:0.01M | Scene, ViewLayer | Updating Mesh | Computing attributes
Fra:1 Mem:13.45M (Peak 14.51M) | Time:00:00.00 | Mem:0.01M, Peak:0.01M | Scene, ViewLayer | Updating Mesh | Copying Attributes to device
Fra:1 Mem:13.44M (Peak 14.51M) | Time:00:00.00 | Mem:0.03M, Peak:0.03M | Scene, ViewLayer | Updating Scene BVH | Building
Fra:1 Mem:13.44M (Peak 14.51M) | Time:00:00.00 | Mem:0.03M, Peak:0.03M | Scene, ViewLayer | Updating Scene BVH | Building BVH
Fra:1 Mem:13.44M (Peak 14.51M) | Time:00:00.00 | Mem:0.06M, Peak:0.06M | Scene, ViewLayer | Updating Scene BVH | Building BVH 0%
Fra:1 Mem:13.44M (Peak 14.51M) | Time:00:00.00 | Mem:0.10M, Peak:0.13M | Scene, ViewLayer | Updating Scene BVH | Copying BVH to device
Fra:1 Mem:13.44M (Peak 14.51M) | Time:00:00.00 | Mem:0.10M, Peak:0.13M | Scene, ViewLayer | Updating Mesh | Computing normals
Fra:1 Mem:13.52M (Peak 14.51M) | Time:00:00.00 | Mem:0.10M, Peak:0.13M | Scene, ViewLayer | Updating Mesh | Copying Mesh to device
Fra:1 Mem:13.52M (Peak 14.51M) | Time:00:00.00 | Mem:0.17M, Peak:0.17M | Scene, ViewLayer | Updating Objects Flags
Fra:1 Mem:13.52M (Peak 14.51M) | Time:00:00.00 | Mem:0.17M, Peak:0.17M | Scene, ViewLayer | Updating Primitive Offsets
Fra:1 Mem:13.52M (Peak 14.51M) | Time:00:00.00 | Mem:0.17M, Peak:0.17M | Scene, ViewLayer | Updating Images
Fra:1 Mem:13.52M (Peak 14.51M) | Time:00:00.00 | Mem:0.17M, Peak:0.17M | Scene, ViewLayer | Updating Camera Volume
Fra:1 Mem:13.52M (Peak 14.51M) | Time:00:00.00 | Mem:0.17M, Peak:0.17M | Scene, ViewLayer | Updating Lookup Tables
Fra:1 Mem:13.52M (Peak 14.51M) | Time:00:00.00 | Mem:0.26M, Peak:0.26M | Scene, ViewLayer | Updating Lights
Fra:1 Mem:13.52M (Peak 14.51M) | Time:00:00.00 | Mem:0.26M, Peak:0.26M | Scene, ViewLayer | Updating Lights | Computing tree
Fra:1 Mem:13.52M (Peak 14.51M) | Time:00:00.00 | Mem:0.26M, Peak:0.26M | Scene, ViewLayer | Updating Integrator
Fra:1 Mem:13.52M (Peak 14.51M) | Time:00:00.00 | Mem:0.26M, Peak:0.26M | Scene, ViewLayer | Updating Film
Fra:1 Mem:13.52M (Peak 14.51M) | Time:00:00.00 | Mem:0.18M, Peak:0.26M | Scene, ViewLayer | Updating Lookup Tables
Fra:1 Mem:13.52M (Peak 14.51M) | Time:00:00.00 | Mem:0.26M, Peak:0.26M | Scene, ViewLayer | Updating Baking
Fra:1 Mem:13.52M (Peak 14.51M) | Time:00:00.00 | Mem:0.26M, Peak:0.26M | Scene, ViewLayer | Updating Device | Writing constant memory
Fra:1 Mem:13.52M (Peak 14.51M) | Time:00:00.00 | Mem:0.26M, Peak:0.26M | Scene, ViewLayer | Sample 0/16
Fra:1 Mem:27.59M (Peak 27.59M) | Time:00:00.06 | Remaining:00:00.94 | Mem:14.32M, Peak:14.32M | Scene, ViewLayer | Sample 1/16
Fra:1 Mem:33.84M (Peak 46.34M) | Time:00:00.61 | Mem:14.32M, Peak:14.32M | Scene, ViewLayer | Sample 16/16
Fra:1 Mem:33.84M (Peak 46.34M) | Time:00:00.61 | Mem:14.32M, Peak:14.32M | Scene, ViewLayer | Finished
Saved: '/workspace/scratch/7c20b5ba4165/atlas-backlog-oct3/tools/assets/landmark-entrance-details/qa/previews/waterfront-pediment-moulding-lod0-front.png'
Time: 00:00.68 (Saving: 00:00.06)

Extensions: writing cache failed ([Errno 30] Read-only file system: '/home/agent/.config/blender').
15:03:09 | INFO: Data are loaded, start creating Blender stuff
15:03:09 | INFO: Blender create Mesh node pediment-main-moulding.001
15:03:09 | INFO: glTF import finished in 0.00s
Fra:1 Mem:14.16M (Peak 14.16M) | Time:00:00.00 | Mem:0.00M, Peak:0.00M | Scene, ViewLayer | Synchronizing object | waterfront-pediment-moulding
Fra:1 Mem:14.18M (Peak 14.18M) | Time:00:00.00 | Mem:0.00M, Peak:0.00M | Scene, ViewLayer | Synchronizing object | QA-ruler-tick-10
Fra:1 Mem:14.18M (Peak 14.18M) | Time:00:00.00 | Mem:0.00M, Peak:0.00M | Scene, ViewLayer | Synchronizing object | QA-human-1.75m-body
Fra:1 Mem:14.18M (Peak 14.18M) | Time:00:00.00 | Mem:0.00M, Peak:0.00M | Scene, ViewLayer | Synchronizing object | QA-ruler-tick-9
Fra:1 Mem:14.18M (Peak 14.18M) | Time:00:00.00 | Mem:0.00M, Peak:0.00M | Scene, ViewLayer | Synchronizing object | QA-human-1.75m-neck
Fra:1 Mem:14.18M (Peak 14.18M) | Time:00:00.00 | Mem:0.00M, Peak:0.00M | Scene, ViewLayer | Synchronizing object | QA-ruler-tick-8
Fra:1 Mem:14.18M (Peak 14.18M) | Time:00:00.00 | Mem:0.00M, Peak:0.00M | Scene, ViewLayer | Synchronizing object | QA-human-1.75m-leg
Fra:1 Mem:14.18M (Peak 14.18M) | Time:00:00.00 | Mem:0.00M, Peak:0.00M | Scene, ViewLayer | Synchronizing object | QA-ruler-tick-7
Fra:1 Mem:14.18M (Peak 14.18M) | Time:00:00.00 | Mem:0.00M, Peak:0.00M | Scene, ViewLayer | Synchronizing object | QA-human-1.75m-leg.001
Fra:1 Mem:14.18M (Peak 14.18M) | Time:00:00.00 | Mem:0.00M, Peak:0.00M | Scene, ViewLayer | Synchronizing object | QA-ruler-tick-6
Fra:1 Mem:14.19M (Peak 14.19M) | Time:00:00.00 | Mem:0.00M, Peak:0.00M | Scene, ViewLayer | Synchronizing object | QA-human-1.75m-arm
Fra:1 Mem:14.19M (Peak 14.19M) | Time:00:00.00 | Mem:0.00M, Peak:0.00M | Scene, ViewLayer | Synchronizing object | QA-ruler-tick-5
Fra:1 Mem:14.19M (Peak 14.19M) | Time:00:00.00 | Mem:0.00M, Peak:0.00M | Scene, ViewLayer | Synchronizing object | QA-human-1.75m-arm.001
Fra:1 Mem:14.19M (Peak 14.19M) | Time:00:00.00 | Mem:0.00M, Peak:0.00M | Scene, ViewLayer | Synchronizing object | QA-ruler-tick-4
Fra:1 Mem:14.19M (Peak 14.19M) | Time:00:00.00 | Mem:0.00M, Peak:0.00M | Scene, ViewLayer | Synchronizing object | QA-human-1.75m-head
Fra:1 Mem:14.20M (Peak 14.20M) | Time:00:00.00 | Mem:0.00M, Peak:0.00M | Scene, ViewLayer | Synchronizing object | QA-ruler-tick-3
Fra:1 Mem:14.20M (Peak 14.20M) | Time:00:00.00 | Mem:0.00M, Peak:0.00M | Scene, ViewLayer | Synchronizing object | QA-ruler-tick-2
Fra:1 Mem:14.20M (Peak 14.20M) | Time:00:00.00 | Mem:0.00M, Peak:0.00M | Scene, ViewLayer | Synchronizing object | QA-human-1.81m-body
Fra:1 Mem:14.20M (Peak 14.20M) | Time:00:00.00 | Mem:0.00M, Peak:0.00M | Scene, ViewLayer | Synchronizing object | QA-ruler-tick-1
Fra:1 Mem:14.20M (Peak 14.20M) | Time:00:00.00 | Mem:0.00M, Peak:0.00M | Scene, ViewLayer | Synchronizing object | QA-human-1.81m-neck
Fra:1 Mem:14.20M (Peak 14.20M) | Time:00:00.00 | Mem:0.00M, Peak:0.00M | Scene, ViewLayer | Synchronizing object | QA-ruler-tick-0
Fra:1 Mem:14.20M (Peak 14.20M) | Time:00:00.00 | Mem:0.00M, Peak:0.00M | Scene, ViewLayer | Synchronizing object | QA-human-1.81m-leg
Fra:1 Mem:14.21M (Peak 14.21M) | Time:00:00.00 | Mem:0.00M, Peak:0.00M | Scene, ViewLayer | Synchronizing object | QA-one-metre-ruler
Fra:1 Mem:14.21M (Peak 14.21M) | Time:00:00.00 | Mem:0.00M, Peak:0.00M | Scene, ViewLayer | Synchronizing object | QA-human-1.81m-leg.001
Fra:1 Mem:14.21M (Peak 14.21M) | Time:00:00.00 | Mem:0.00M, Peak:0.00M | Scene, ViewLayer | Synchronizing object | QA-human-1.81m-head
Fra:1 Mem:14.21M (Peak 14.21M) | Time:00:00.00 | Mem:0.00M, Peak:0.00M | Scene, ViewLayer | Synchronizing object | QA-human-1.81m-arm
Fra:1 Mem:14.22M (Peak 14.22M) | Time:00:00.00 | Mem:0.00M, Peak:0.00M | Scene, ViewLayer | Synchronizing object | QA-human-1.81m-arm.001
Fra:1 Mem:14.22M (Peak 14.22M) | Time:00:00.00 | Mem:0.00M, Peak:0.00M | Scene, ViewLayer | Initializing
Fra:1 Mem:13.16M (Peak 14.22M) | Time:00:00.00 | Mem:0.00M, Peak:0.00M | Scene, ViewLayer | Waiting for render to start
Fra:1 Mem:13.16M (Peak 14.22M) | Time:00:00.00 | Mem:0.00M, Peak:0.00M | Scene, ViewLayer | Loading render kernels (may take a few minutes the first time)
Fra:1 Mem:13.16M (Peak 14.22M) | Time:00:00.00 | Mem:0.00M, Peak:0.00M | Scene, ViewLayer | Updating Scene
Fra:1 Mem:13.16M (Peak 14.22M) | Time:00:00.00 | Mem:0.00M, Peak:0.00M | Scene, ViewLayer | Updating Shaders
Fra:1 Mem:13.24M (Peak 14.22M) | Time:00:00.00 | Mem:0.00M, Peak:0.00M | Scene, ViewLayer | Updating Procedurals
Fra:1 Mem:13.24M (Peak 14.22M) | Time:00:00.00 | Mem:0.00M, Peak:0.00M | Scene, ViewLayer | Updating Background
Fra:1 Mem:13.24M (Peak 14.22M) | Time:00:00.00 | Mem:0.00M, Peak:0.00M | Scene, ViewLayer | Updating Camera
Fra:1 Mem:13.24M (Peak 14.22M) | Time:00:00.00 | Mem:0.00M, Peak:0.00M | Scene, ViewLayer | Updating Meshes Flags
Fra:1 Mem:13.24M (Peak 14.22M) | Time:00:00.00 | Mem:0.00M, Peak:0.00M | Scene, ViewLayer | Updating Objects
Fra:1 Mem:13.24M (Peak 14.22M) | Time:00:00.00 | Mem:0.00M, Peak:0.00M | Scene, ViewLayer | Updating Objects | Copying Transformations to device
Fra:1 Mem:13.25M (Peak 14.22M) | Time:00:00.00 | Mem:0.01M, Peak:0.01M | Scene, ViewLayer | Updating Objects | Applying Static Transformations
Fra:1 Mem:13.25M (Peak 14.22M) | Time:00:00.00 | Mem:0.01M, Peak:0.01M | Scene, ViewLayer | Updating Particle Systems
Fra:1 Mem:13.25M (Peak 14.22M) | Time:00:00.00 | Mem:0.01M, Peak:0.01M | Scene, ViewLayer | Updating Particle Systems | Copying Particles to device
Fra:1 Mem:13.25M (Peak 14.22M) | Time:00:00.00 | Mem:0.01M, Peak:0.01M | Scene, ViewLayer | Updating Meshes
Fra:1 Mem:13.26M (Peak 14.22M) | Time:00:00.00 | Mem:0.01M, Peak:0.01M | Scene, ViewLayer | Updating Mesh | Computing attributes
Fra:1 Mem:13.27M (Peak 14.22M) | Time:00:00.00 | Mem:0.01M, Peak:0.01M | Scene, ViewLayer | Updating Mesh | Copying Attributes to device
Fra:1 Mem:13.27M (Peak 14.22M) | Time:00:00.00 | Mem:0.02M, Peak:0.02M | Scene, ViewLayer | Updating Scene BVH | Building
Fra:1 Mem:13.27M (Peak 14.22M) | Time:00:00.00 | Mem:0.02M, Peak:0.02M | Scene, ViewLayer | Updating Scene BVH | Building BVH
Fra:1 Mem:13.27M (Peak 14.22M) | Time:00:00.00 | Mem:0.03M, Peak:0.03M | Scene, ViewLayer | Updating Scene BVH | Building BVH 0%
Fra:1 Mem:13.27M (Peak 14.22M) | Time:00:00.00 | Mem:0.06M, Peak:0.07M | Scene, ViewLayer | Updating Scene BVH | Copying BVH to device
Fra:1 Mem:13.27M (Peak 14.22M) | Time:00:00.00 | Mem:0.06M, Peak:0.07M | Scene, ViewLayer | Updating Mesh | Computing normals
Fra:1 Mem:13.29M (Peak 14.22M) | Time:00:00.00 | Mem:0.06M, Peak:0.07M | Scene, ViewLayer | Updating Mesh | Copying Mesh to device
Fra:1 Mem:13.29M (Peak 14.22M) | Time:00:00.00 | Mem:0.08M, Peak:0.08M | Scene, ViewLayer | Updating Objects Flags
Fra:1 Mem:13.29M (Peak 14.22M) | Time:00:00.00 | Mem:0.08M, Peak:0.08M | Scene, ViewLayer | Updating Primitive Offsets
Fra:1 Mem:13.29M (Peak 14.22M) | Time:00:00.00 | Mem:0.08M, Peak:0.08M | Scene, ViewLayer | Updating Images
Fra:1 Mem:13.29M (Peak 14.22M) | Time:00:00.00 | Mem:0.08M, Peak:0.08M | Scene, ViewLayer | Updating Camera Volume
Fra:1 Mem:13.29M (Peak 14.22M) | Time:00:00.00 | Mem:0.08M, Peak:0.08M | Scene, ViewLayer | Updating Lookup Tables
Fra:1 Mem:13.29M (Peak 14.22M) | Time:00:00.00 | Mem:0.16M, Peak:0.16M | Scene, ViewLayer | Updating Lights
Fra:1 Mem:13.29M (Peak 14.22M) | Time:00:00.00 | Mem:0.16M, Peak:0.16M | Scene, ViewLayer | Updating Lights | Computing tree
Fra:1 Mem:13.29M (Peak 14.22M) | Time:00:00.00 | Mem:0.16M, Peak:0.16M | Scene, ViewLayer | Updating Integrator
Fra:1 Mem:13.29M (Peak 14.22M) | Time:00:00.00 | Mem:0.16M, Peak:0.16M | Scene, ViewLayer | Updating Film
Fra:1 Mem:13.30M (Peak 14.22M) | Time:00:00.00 | Mem:0.08M, Peak:0.16M | Scene, ViewLayer | Updating Lookup Tables
Fra:1 Mem:13.30M (Peak 14.22M) | Time:00:00.00 | Mem:0.17M, Peak:0.17M | Scene, ViewLayer | Updating Baking
Fra:1 Mem:13.30M (Peak 14.22M) | Time:00:00.00 | Mem:0.17M, Peak:0.17M | Scene, ViewLayer | Updating Device | Writing constant memory
Fra:1 Mem:13.30M (Peak 14.22M) | Time:00:00.00 | Mem:0.17M, Peak:0.17M | Scene, ViewLayer | Sample 0/16
Fra:1 Mem:27.37M (Peak 27.37M) | Time:00:00.06 | Remaining:00:00.96 | Mem:14.23M, Peak:14.23M | Scene, ViewLayer | Sample 1/16
Fra:1 Mem:33.62M (Peak 46.12M) | Time:00:00.61 | Mem:14.23M, Peak:14.23M | Scene, ViewLayer | Sample 16/16
Fra:1 Mem:33.62M (Peak 46.12M) | Time:00:00.61 | Mem:14.23M, Peak:14.23M | Scene, ViewLayer | Finished
Saved: '/workspace/scratch/7c20b5ba4165/atlas-backlog-oct3/tools/assets/landmark-entrance-details/qa/previews/waterfront-pediment-moulding-lod1-front.png'
Time: 00:00.67 (Saving: 00:00.06)

Extensions: writing cache failed ([Errno 30] Read-only file system: '/home/agent/.config/blender').
15:03:09 | INFO: Data are loaded, start creating Blender stuff
15:03:09 | INFO: Blender create Mesh node pediment-main-moulding.001
15:03:09 | INFO: glTF import finished in 0.00s
Fra:1 Mem:14.16M (Peak 14.16M) | Time:00:00.00 | Mem:0.00M, Peak:0.00M | Scene, ViewLayer | Synchronizing object | waterfront-pediment-moulding
Fra:1 Mem:14.17M (Peak 14.17M) | Time:00:00.00 | Mem:0.00M, Peak:0.00M | Scene, ViewLayer | Synchronizing object | QA-ruler-tick-10
Fra:1 Mem:14.18M (Peak 14.18M) | Time:00:00.00 | Mem:0.00M, Peak:0.00M | Scene, ViewLayer | Synchronizing object | QA-ruler-tick-9
Fra:1 Mem:14.17M (Peak 14.18M) | Time:00:00.00 | Mem:0.00M, Peak:0.00M | Scene, ViewLayer | Synchronizing object | QA-ruler-tick-8
Fra:1 Mem:14.18M (Peak 14.18M) | Time:00:00.00 | Mem:0.00M, Peak:0.00M | Scene, ViewLayer | Synchronizing object | QA-ruler-tick-7
Fra:1 Mem:14.18M (Peak 14.18M) | Time:00:00.00 | Mem:0.00M, Peak:0.00M | Scene, ViewLayer | Synchronizing object | QA-ruler-tick-6
Fra:1 Mem:14.18M (Peak 14.18M) | Time:00:00.00 | Mem:0.00M, Peak:0.00M | Scene, ViewLayer | Synchronizing object | QA-ruler-tick-5
Fra:1 Mem:14.18M (Peak 14.18M) | Time:00:00.00 | Mem:0.00M, Peak:0.00M | Scene, ViewLayer | Synchronizing object | QA-ruler-tick-4
Fra:1 Mem:14.18M (Peak 14.18M) | Time:00:00.00 | Mem:0.00M, Peak:0.00M | Scene, ViewLayer | Synchronizing object | QA-ruler-tick-3
Fra:1 Mem:14.18M (Peak 14.18M) | Time:00:00.00 | Mem:0.00M, Peak:0.00M | Scene, ViewLayer | Synchronizing object | QA-ruler-tick-2
Fra:1 Mem:14.18M (Peak 14.18M) | Time:00:00.00 | Mem:0.00M, Peak:0.00M | Scene, ViewLayer | Synchronizing object | QA-human-1.75m-body
Fra:1 Mem:14.18M (Peak 14.18M) | Time:00:00.00 | Mem:0.00M, Peak:0.00M | Scene, ViewLayer | Synchronizing object | QA-ruler-tick-1
Fra:1 Mem:14.18M (Peak 14.18M) | Time:00:00.00 | Mem:0.00M, Peak:0.00M | Scene, ViewLayer | Synchronizing object | QA-human-1.75m-neck
Fra:1 Mem:14.18M (Peak 14.18M) | Time:00:00.00 | Mem:0.00M, Peak:0.00M | Scene, ViewLayer | Synchronizing object | QA-ruler-tick-0
Fra:1 Mem:14.18M (Peak 14.18M) | Time:00:00.00 | Mem:0.00M, Peak:0.00M | Scene, ViewLayer | Synchronizing object | QA-human-1.75m-leg
Fra:1 Mem:14.18M (Peak 14.18M) | Time:00:00.00 | Mem:0.00M, Peak:0.00M | Scene, ViewLayer | Synchronizing object | QA-one-metre-ruler
Fra:1 Mem:14.18M (Peak 14.18M) | Time:00:00.00 | Mem:0.00M, Peak:0.00M | Scene, ViewLayer | Synchronizing object | QA-human-1.75m-leg.001
Fra:1 Mem:14.18M (Peak 14.18M) | Time:00:00.00 | Mem:0.00M, Peak:0.00M | Scene, ViewLayer | Synchronizing object | QA-human-1.81m-head
Fra:1 Mem:14.19M (Peak 14.19M) | Time:00:00.00 | Mem:0.00M, Peak:0.00M | Scene, ViewLayer | Synchronizing object | QA-human-1.75m-arm
Fra:1 Mem:14.20M (Peak 14.20M) | Time:00:00.00 | Mem:0.00M, Peak:0.00M | Scene, ViewLayer | Synchronizing object | QA-human-1.81m-arm.001
Fra:1 Mem:14.20M (Peak 14.20M) | Time:00:00.00 | Mem:0.00M, Peak:0.00M | Scene, ViewLayer | Synchronizing object | QA-human-1.81m-arm
Fra:1 Mem:14.20M (Peak 14.20M) | Time:00:00.00 | Mem:0.00M, Peak:0.00M | Scene, ViewLayer | Synchronizing object | QA-human-1.81m-leg.001
Fra:1 Mem:14.20M (Peak 14.20M) | Time:00:00.00 | Mem:0.00M, Peak:0.00M | Scene, ViewLayer | Synchronizing object | QA-human-1.81m-leg
Fra:1 Mem:14.20M (Peak 14.20M) | Time:00:00.00 | Mem:0.00M, Peak:0.00M | Scene, ViewLayer | Synchronizing object | QA-human-1.81m-neck
Fra:1 Mem:14.20M (Peak 14.20M) | Time:00:00.00 | Mem:0.00M, Peak:0.00M | Scene, ViewLayer | Synchronizing object | QA-human-1.75m-head
Fra:1 Mem:14.20M (Peak 14.20M) | Time:00:00.00 | Mem:0.00M, Peak:0.00M | Scene, ViewLayer | Synchronizing object | QA-human-1.81m-body
Fra:1 Mem:14.21M (Peak 14.21M) | Time:00:00.00 | Mem:0.00M, Peak:0.00M | Scene, ViewLayer | Initializing
Fra:1 Mem:13.15M (Peak 14.21M) | Time:00:00.00 | Mem:0.00M, Peak:0.00M | Scene, ViewLayer | Waiting for render to start
Fra:1 Mem:13.15M (Peak 14.21M) | Time:00:00.00 | Mem:0.00M, Peak:0.00M | Scene, ViewLayer | Loading render kernels (may take a few minutes the first time)
Fra:1 Mem:13.15M (Peak 14.21M) | Time:00:00.00 | Mem:0.00M, Peak:0.00M | Scene, ViewLayer | Updating Scene
Fra:1 Mem:13.15M (Peak 14.21M) | Time:00:00.00 | Mem:0.00M, Peak:0.00M | Scene, ViewLayer | Updating Shaders
Fra:1 Mem:13.24M (Peak 14.21M) | Time:00:00.00 | Mem:0.00M, Peak:0.00M | Scene, ViewLayer | Updating Procedurals
Fra:1 Mem:13.24M (Peak 14.21M) | Time:00:00.00 | Mem:0.00M, Peak:0.00M | Scene, ViewLayer | Updating Background
Fra:1 Mem:13.24M (Peak 14.21M) | Time:00:00.00 | Mem:0.00M, Peak:0.00M | Scene, ViewLayer | Updating Camera
Fra:1 Mem:13.24M (Peak 14.21M) | Time:00:00.00 | Mem:0.00M, Peak:0.00M | Scene, ViewLayer | Updating Meshes Flags
Fra:1 Mem:13.24M (Peak 14.21M) | Time:00:00.00 | Mem:0.00M, Peak:0.00M | Scene, ViewLayer | Updating Objects
Fra:1 Mem:13.24M (Peak 14.21M) | Time:00:00.00 | Mem:0.00M, Peak:0.00M | Scene, ViewLayer | Updating Objects | Copying Transformations to device
Fra:1 Mem:13.24M (Peak 14.21M) | Time:00:00.00 | Mem:0.01M, Peak:0.01M | Scene, ViewLayer | Updating Objects | Applying Static Transformations
Fra:1 Mem:13.24M (Peak 14.21M) | Time:00:00.00 | Mem:0.01M, Peak:0.01M | Scene, ViewLayer | Updating Particle Systems
Fra:1 Mem:13.24M (Peak 14.21M) | Time:00:00.00 | Mem:0.01M, Peak:0.01M | Scene, ViewLayer | Updating Particle Systems | Copying Particles to device
Fra:1 Mem:13.24M (Peak 14.21M) | Time:00:00.00 | Mem:0.01M, Peak:0.01M | Scene, ViewLayer | Updating Meshes
Fra:1 Mem:13.25M (Peak 14.21M) | Time:00:00.00 | Mem:0.01M, Peak:0.01M | Scene, ViewLayer | Updating Mesh | Computing attributes
Fra:1 Mem:13.26M (Peak 14.21M) | Time:00:00.00 | Mem:0.01M, Peak:0.01M | Scene, ViewLayer | Updating Mesh | Copying Attributes to device
Fra:1 Mem:13.26M (Peak 14.21M) | Time:00:00.00 | Mem:0.02M, Peak:0.02M | Scene, ViewLayer | Updating Scene BVH | Building
Fra:1 Mem:13.26M (Peak 14.21M) | Time:00:00.00 | Mem:0.02M, Peak:0.02M | Scene, ViewLayer | Updating Scene BVH | Building BVH
Fra:1 Mem:13.26M (Peak 14.21M) | Time:00:00.00 | Mem:0.03M, Peak:0.03M | Scene, ViewLayer | Updating Scene BVH | Building BVH 0%
Fra:1 Mem:13.26M (Peak 14.21M) | Time:00:00.00 | Mem:0.06M, Peak:0.07M | Scene, ViewLayer | Updating Scene BVH | Copying BVH to device
Fra:1 Mem:13.26M (Peak 14.21M) | Time:00:00.00 | Mem:0.06M, Peak:0.07M | Scene, ViewLayer | Updating Mesh | Computing normals
Fra:1 Mem:13.28M (Peak 14.21M) | Time:00:00.00 | Mem:0.06M, Peak:0.07M | Scene, ViewLayer | Updating Mesh | Copying Mesh to device
Fra:1 Mem:13.28M (Peak 14.21M) | Time:00:00.00 | Mem:0.08M, Peak:0.08M | Scene, ViewLayer | Updating Objects Flags
Fra:1 Mem:13.28M (Peak 14.21M) | Time:00:00.00 | Mem:0.08M, Peak:0.08M | Scene, ViewLayer | Updating Primitive Offsets
Fra:1 Mem:13.28M (Peak 14.21M) | Time:00:00.00 | Mem:0.08M, Peak:0.08M | Scene, ViewLayer | Updating Images
Fra:1 Mem:13.28M (Peak 14.21M) | Time:00:00.00 | Mem:0.08M, Peak:0.08M | Scene, ViewLayer | Updating Camera Volume
Fra:1 Mem:13.28M (Peak 14.21M) | Time:00:00.00 | Mem:0.08M, Peak:0.08M | Scene, ViewLayer | Updating Lookup Tables
Fra:1 Mem:13.28M (Peak 14.21M) | Time:00:00.00 | Mem:0.16M, Peak:0.16M | Scene, ViewLayer | Updating Lights
Fra:1 Mem:13.28M (Peak 14.21M) | Time:00:00.00 | Mem:0.16M, Peak:0.16M | Scene, ViewLayer | Updating Lights | Computing tree
Fra:1 Mem:13.28M (Peak 14.21M) | Time:00:00.00 | Mem:0.16M, Peak:0.16M | Scene, ViewLayer | Updating Integrator
Fra:1 Mem:13.28M (Peak 14.21M) | Time:00:00.00 | Mem:0.16M, Peak:0.16M | Scene, ViewLayer | Updating Film
Fra:1 Mem:13.28M (Peak 14.21M) | Time:00:00.00 | Mem:0.08M, Peak:0.16M | Scene, ViewLayer | Updating Lookup Tables
Fra:1 Mem:13.28M (Peak 14.21M) | Time:00:00.00 | Mem:0.16M, Peak:0.16M | Scene, ViewLayer | Updating Baking
Fra:1 Mem:13.28M (Peak 14.21M) | Time:00:00.00 | Mem:0.16M, Peak:0.16M | Scene, ViewLayer | Updating Device | Writing constant memory
Fra:1 Mem:13.29M (Peak 14.21M) | Time:00:00.00 | Mem:0.16M, Peak:0.16M | Scene, ViewLayer | Sample 0/16
Fra:1 Mem:27.36M (Peak 27.36M) | Time:00:00.06 | Remaining:00:00.90 | Mem:14.23M, Peak:14.23M | Scene, ViewLayer | Sample 1/16
Fra:1 Mem:33.61M (Peak 46.11M) | Time:00:00.58 | Mem:14.23M, Peak:14.23M | Scene, ViewLayer | Sample 16/16
Fra:1 Mem:33.61M (Peak 46.11M) | Time:00:00.58 | Mem:14.23M, Peak:14.23M | Scene, ViewLayer | Finished
Saved: '/workspace/scratch/7c20b5ba4165/atlas-backlog-oct3/tools/assets/landmark-entrance-details/qa/previews/waterfront-pediment-moulding-lod2-front.png'
Time: 00:00.64 (Saving: 00:00.06)

Extensions: writing cache failed ([Errno 30] Read-only file system: '/home/agent/.config/blender').
15:03:10 | INFO: Data are loaded, start creating Blender stuff
15:03:10 | INFO: Blender create Mesh node pediment-main-moulding.001
15:03:10 | INFO: glTF import finished in 0.00s
Fra:1 Mem:12.20M (Peak 12.20M) | Time:00:00.00 | Mem:0.00M, Peak:0.00M | Scene, ViewLayer | Synchronizing object | waterfront-pediment-moulding
Fra:1 Mem:12.29M (Peak 12.29M) | Time:00:00.00 | Mem:0.00M, Peak:0.00M | Scene, ViewLayer | Initializing
Fra:1 Mem:12.11M (Peak 12.29M) | Time:00:00.00 | Mem:0.00M, Peak:0.00M | Scene, ViewLayer | Waiting for render to start
Fra:1 Mem:12.11M (Peak 12.29M) | Time:00:00.00 | Mem:0.00M, Peak:0.00M | Scene, ViewLayer | Loading render kernels (may take a few minutes the first time)
Fra:1 Mem:12.11M (Peak 12.29M) | Time:00:00.00 | Mem:0.00M, Peak:0.00M | Scene, ViewLayer | Updating Scene
Fra:1 Mem:12.11M (Peak 12.29M) | Time:00:00.00 | Mem:0.00M, Peak:0.00M | Scene, ViewLayer | Updating Shaders
Fra:1 Mem:12.20M (Peak 12.29M) | Time:00:00.00 | Mem:0.00M, Peak:0.00M | Scene, ViewLayer | Updating Procedurals
Fra:1 Mem:12.20M (Peak 12.29M) | Time:00:00.00 | Mem:0.00M, Peak:0.00M | Scene, ViewLayer | Updating Background
Fra:1 Mem:12.20M (Peak 12.29M) | Time:00:00.00 | Mem:0.00M, Peak:0.00M | Scene, ViewLayer | Updating Camera
Fra:1 Mem:12.20M (Peak 12.29M) | Time:00:00.00 | Mem:0.00M, Peak:0.00M | Scene, ViewLayer | Updating Meshes Flags
Fra:1 Mem:12.20M (Peak 12.29M) | Time:00:00.00 | Mem:0.00M, Peak:0.00M | Scene, ViewLayer | Updating Objects
Fra:1 Mem:12.20M (Peak 12.29M) | Time:00:00.00 | Mem:0.00M, Peak:0.00M | Scene, ViewLayer | Updating Objects | Copying Transformations to device
Fra:1 Mem:12.20M (Peak 12.29M) | Time:00:00.00 | Mem:0.00M, Peak:0.00M | Scene, ViewLayer | Updating Objects | Applying Static Transformations
Fra:1 Mem:12.20M (Peak 12.29M) | Time:00:00.00 | Mem:0.00M, Peak:0.00M | Scene, ViewLayer | Updating Particle Systems
Fra:1 Mem:12.20M (Peak 12.29M) | Time:00:00.00 | Mem:0.00M, Peak:0.00M | Scene, ViewLayer | Updating Particle Systems | Copying Particles to device
Fra:1 Mem:12.20M (Peak 12.29M) | Time:00:00.00 | Mem:0.00M, Peak:0.00M | Scene, ViewLayer | Updating Meshes
Fra:1 Mem:12.20M (Peak 12.29M) | Time:00:00.00 | Mem:0.00M, Peak:0.00M | Scene, ViewLayer | Updating Mesh | Computing attributes
Fra:1 Mem:12.22M (Peak 12.29M) | Time:00:00.00 | Mem:0.00M, Peak:0.00M | Scene, ViewLayer | Updating Mesh | Copying Attributes to device
Fra:1 Mem:12.22M (Peak 12.29M) | Time:00:00.00 | Mem:0.02M, Peak:0.02M | Scene, ViewLayer | Updating Scene BVH | Building
Fra:1 Mem:12.22M (Peak 12.29M) | Time:00:00.00 | Mem:0.02M, Peak:0.02M | Scene, ViewLayer | Updating Scene BVH | Building BVH
Fra:1 Mem:12.22M (Peak 12.29M) | Time:00:00.00 | Mem:0.03M, Peak:0.03M | Scene, ViewLayer | Updating Scene BVH | Building BVH 0%
Fra:1 Mem:12.22M (Peak 12.29M) | Time:00:00.00 | Mem:0.06M, Peak:0.07M | Scene, ViewLayer | Updating Scene BVH | Copying BVH to device
Fra:1 Mem:12.22M (Peak 12.29M) | Time:00:00.00 | Mem:0.06M, Peak:0.07M | Scene, ViewLayer | Updating Mesh | Computing normals
Fra:1 Mem:12.27M (Peak 12.29M) | Time:00:00.00 | Mem:0.06M, Peak:0.07M | Scene, ViewLayer | Updating Mesh | Copying Mesh to device
Fra:1 Mem:12.27M (Peak 12.29M) | Time:00:00.00 | Mem:0.11M, Peak:0.11M | Scene, ViewLayer | Updating Objects Flags
Fra:1 Mem:12.27M (Peak 12.29M) | Time:00:00.00 | Mem:0.11M, Peak:0.11M | Scene, ViewLayer | Updating Primitive Offsets
Fra:1 Mem:12.27M (Peak 12.29M) | Time:00:00.00 | Mem:0.11M, Peak:0.11M | Scene, ViewLayer | Updating Images
Fra:1 Mem:12.27M (Peak 12.29M) | Time:00:00.00 | Mem:0.11M, Peak:0.11M | Scene, ViewLayer | Updating Camera Volume
Fra:1 Mem:12.27M (Peak 12.29M) | Time:00:00.00 | Mem:0.11M, Peak:0.11M | Scene, ViewLayer | Updating Lookup Tables
Fra:1 Mem:12.27M (Peak 12.29M) | Time:00:00.00 | Mem:0.19M, Peak:0.19M | Scene, ViewLayer | Updating Lights
Fra:1 Mem:12.27M (Peak 12.29M) | Time:00:00.00 | Mem:0.19M, Peak:0.19M | Scene, ViewLayer | Updating Lights | Computing tree
Fra:1 Mem:12.27M (Peak 12.29M) | Time:00:00.00 | Mem:0.19M, Peak:0.19M | Scene, ViewLayer | Updating Integrator
Fra:1 Mem:12.27M (Peak 12.29M) | Time:00:00.00 | Mem:0.19M, Peak:0.19M | Scene, ViewLayer | Updating Film
Fra:1 Mem:12.28M (Peak 12.29M) | Time:00:00.00 | Mem:0.11M, Peak:0.19M | Scene, ViewLayer | Updating Lookup Tables
Fra:1 Mem:12.28M (Peak 12.29M) | Time:00:00.00 | Mem:0.20M, Peak:0.20M | Scene, ViewLayer | Updating Baking
Fra:1 Mem:12.28M (Peak 12.29M) | Time:00:00.00 | Mem:0.20M, Peak:0.20M | Scene, ViewLayer | Updating Device | Writing constant memory
Fra:1 Mem:12.28M (Peak 12.29M) | Time:00:00.00 | Mem:0.20M, Peak:0.20M | Scene, ViewLayer | Sample 0/16
Fra:1 Mem:26.35M (Peak 26.35M) | Time:00:00.05 | Remaining:00:00.83 | Mem:14.26M, Peak:14.26M | Scene, ViewLayer | Sample 1/16
Fra:1 Mem:32.60M (Peak 45.10M) | Time:00:00.55 | Mem:14.26M, Peak:14.26M | Scene, ViewLayer | Sample 16/16
Fra:1 Mem:32.60M (Peak 45.10M) | Time:00:00.55 | Mem:14.26M, Peak:14.26M | Scene, ViewLayer | Finished
Saved: '/workspace/scratch/7c20b5ba4165/atlas-backlog-oct3/tools/assets/landmark-entrance-details/qa/previews/waterfront-pediment-moulding-side.png'
Time: 00:00.62 (Saving: 00:00.06)

Extensions: writing cache failed ([Errno 30] Read-only file system: '/home/agent/.config/blender').
15:03:11 | INFO: Data are loaded, start creating Blender stuff
15:03:11 | INFO: Blender create Mesh node pediment-main-moulding.001
15:03:11 | INFO: glTF import finished in 0.00s
Fra:1 Mem:12.20M (Peak 12.20M) | Time:00:00.00 | Mem:0.00M, Peak:0.00M | Scene, ViewLayer | Synchronizing object | waterfront-pediment-moulding
Fra:1 Mem:12.29M (Peak 12.29M) | Time:00:00.00 | Mem:0.00M, Peak:0.00M | Scene, ViewLayer | Initializing
Fra:1 Mem:12.11M (Peak 12.29M) | Time:00:00.00 | Mem:0.00M, Peak:0.00M | Scene, ViewLayer | Waiting for render to start
Fra:1 Mem:12.11M (Peak 12.29M) | Time:00:00.00 | Mem:0.00M, Peak:0.00M | Scene, ViewLayer | Loading render kernels (may take a few minutes the first time)
Fra:1 Mem:12.11M (Peak 12.29M) | Time:00:00.00 | Mem:0.00M, Peak:0.00M | Scene, ViewLayer | Updating Scene
Fra:1 Mem:12.11M (Peak 12.29M) | Time:00:00.00 | Mem:0.00M, Peak:0.00M | Scene, ViewLayer | Updating Shaders
Fra:1 Mem:12.20M (Peak 12.29M) | Time:00:00.00 | Mem:0.00M, Peak:0.00M | Scene, ViewLayer | Updating Procedurals
Fra:1 Mem:12.20M (Peak 12.29M) | Time:00:00.00 | Mem:0.00M, Peak:0.00M | Scene, ViewLayer | Updating Background
Fra:1 Mem:12.20M (Peak 12.29M) | Time:00:00.00 | Mem:0.00M, Peak:0.00M | Scene, ViewLayer | Updating Camera
Fra:1 Mem:12.20M (Peak 12.29M) | Time:00:00.00 | Mem:0.00M, Peak:0.00M | Scene, ViewLayer | Updating Meshes Flags
Fra:1 Mem:12.20M (Peak 12.29M) | Time:00:00.00 | Mem:0.00M, Peak:0.00M | Scene, ViewLayer | Updating Objects
Fra:1 Mem:12.20M (Peak 12.29M) | Time:00:00.00 | Mem:0.00M, Peak:0.00M | Scene, ViewLayer | Updating Objects | Copying Transformations to device
Fra:1 Mem:12.20M (Peak 12.29M) | Time:00:00.00 | Mem:0.00M, Peak:0.00M | Scene, ViewLayer | Updating Objects | Applying Static Transformations
Fra:1 Mem:12.20M (Peak 12.29M) | Time:00:00.00 | Mem:0.00M, Peak:0.00M | Scene, ViewLayer | Updating Particle Systems
Fra:1 Mem:12.20M (Peak 12.29M) | Time:00:00.00 | Mem:0.00M, Peak:0.00M | Scene, ViewLayer | Updating Particle Systems | Copying Particles to device
Fra:1 Mem:12.20M (Peak 12.29M) | Time:00:00.00 | Mem:0.00M, Peak:0.00M | Scene, ViewLayer | Updating Meshes
Fra:1 Mem:12.20M (Peak 12.29M) | Time:00:00.00 | Mem:0.00M, Peak:0.00M | Scene, ViewLayer | Updating Mesh | Computing attributes
Fra:1 Mem:12.22M (Peak 12.29M) | Time:00:00.00 | Mem:0.00M, Peak:0.00M | Scene, ViewLayer | Updating Mesh | Copying Attributes to device
Fra:1 Mem:12.22M (Peak 12.29M) | Time:00:00.00 | Mem:0.02M, Peak:0.02M | Scene, ViewLayer | Updating Scene BVH | Building
Fra:1 Mem:12.22M (Peak 12.29M) | Time:00:00.00 | Mem:0.02M, Peak:0.02M | Scene, ViewLayer | Updating Scene BVH | Building BVH
Fra:1 Mem:12.22M (Peak 12.29M) | Time:00:00.00 | Mem:0.03M, Peak:0.03M | Scene, ViewLayer | Updating Scene BVH | Building BVH 0%
Fra:1 Mem:12.22M (Peak 12.29M) | Time:00:00.00 | Mem:0.06M, Peak:0.07M | Scene, ViewLayer | Updating Scene BVH | Copying BVH to device
Fra:1 Mem:12.22M (Peak 12.29M) | Time:00:00.00 | Mem:0.06M, Peak:0.07M | Scene, ViewLayer | Updating Mesh | Computing normals
Fra:1 Mem:12.27M (Peak 12.29M) | Time:00:00.00 | Mem:0.06M, Peak:0.07M | Scene, ViewLayer | Updating Mesh | Copying Mesh to device
Fra:1 Mem:12.27M (Peak 12.29M) | Time:00:00.00 | Mem:0.11M, Peak:0.11M | Scene, ViewLayer | Updating Objects Flags
Fra:1 Mem:12.27M (Peak 12.29M) | Time:00:00.00 | Mem:0.11M, Peak:0.11M | Scene, ViewLayer | Updating Primitive Offsets
Fra:1 Mem:12.27M (Peak 12.29M) | Time:00:00.00 | Mem:0.11M, Peak:0.11M | Scene, ViewLayer | Updating Images
Fra:1 Mem:12.27M (Peak 12.29M) | Time:00:00.00 | Mem:0.11M, Peak:0.11M | Scene, ViewLayer | Updating Camera Volume
Fra:1 Mem:12.27M (Peak 12.29M) | Time:00:00.00 | Mem:0.11M, Peak:0.11M | Scene, ViewLayer | Updating Lookup Tables
Fra:1 Mem:12.27M (Peak 12.29M) | Time:00:00.00 | Mem:0.19M, Peak:0.19M | Scene, ViewLayer | Updating Lights
Fra:1 Mem:12.27M (Peak 12.29M) | Time:00:00.00 | Mem:0.19M, Peak:0.19M | Scene, ViewLayer | Updating Lights | Computing tree
Fra:1 Mem:12.27M (Peak 12.29M) | Time:00:00.00 | Mem:0.19M, Peak:0.19M | Scene, ViewLayer | Updating Integrator
Fra:1 Mem:12.27M (Peak 12.29M) | Time:00:00.00 | Mem:0.19M, Peak:0.19M | Scene, ViewLayer | Updating Film
Fra:1 Mem:12.28M (Peak 12.29M) | Time:00:00.00 | Mem:0.11M, Peak:0.19M | Scene, ViewLayer | Updating Lookup Tables
Fra:1 Mem:12.28M (Peak 12.29M) | Time:00:00.00 | Mem:0.20M, Peak:0.20M | Scene, ViewLayer | Updating Baking
Fra:1 Mem:12.28M (Peak 12.29M) | Time:00:00.00 | Mem:0.20M, Peak:0.20M | Scene, ViewLayer | Updating Device | Writing constant memory
Fra:1 Mem:12.28M (Peak 12.29M) | Time:00:00.00 | Mem:0.20M, Peak:0.20M | Scene, ViewLayer | Sample 0/16
Fra:1 Mem:26.35M (Peak 26.35M) | Time:00:00.06 | Remaining:00:00.91 | Mem:14.26M, Peak:14.26M | Scene, ViewLayer | Sample 1/16
Fra:1 Mem:32.60M (Peak 45.10M) | Time:00:00.58 | Mem:14.26M, Peak:14.26M | Scene, ViewLayer | Sample 16/16
Fra:1 Mem:32.60M (Peak 45.10M) | Time:00:00.58 | Mem:14.26M, Peak:14.26M | Scene, ViewLayer | Finished
Saved: '/workspace/scratch/7c20b5ba4165/atlas-backlog-oct3/tools/assets/landmark-entrance-details/qa/previews/waterfront-pediment-moulding-back.png'
Time: 00:00.64 (Saving: 00:00.05)

Extensions: writing cache failed ([Errno 30] Read-only file system: '/home/agent/.config/blender').
15:03:11 | INFO: Data are loaded, start creating Blender stuff
15:03:11 | INFO: Blender create Mesh node pediment-main-moulding.001
15:03:11 | INFO: glTF import finished in 0.00s
Fra:1 Mem:12.20M (Peak 12.20M) | Time:00:00.00 | Mem:0.00M, Peak:0.00M | Scene, ViewLayer | Synchronizing object | waterfront-pediment-moulding
Fra:1 Mem:12.29M (Peak 12.29M) | Time:00:00.00 | Mem:0.00M, Peak:0.00M | Scene, ViewLayer | Initializing
Fra:1 Mem:12.11M (Peak 12.29M) | Time:00:00.00 | Mem:0.00M, Peak:0.00M | Scene, ViewLayer | Waiting for render to start
Fra:1 Mem:12.11M (Peak 12.29M) | Time:00:00.00 | Mem:0.00M, Peak:0.00M | Scene, ViewLayer | Loading render kernels (may take a few minutes the first time)
Fra:1 Mem:12.11M (Peak 12.29M) | Time:00:00.00 | Mem:0.00M, Peak:0.00M | Scene, ViewLayer | Updating Scene
Fra:1 Mem:12.11M (Peak 12.29M) | Time:00:00.00 | Mem:0.00M, Peak:0.00M | Scene, ViewLayer | Updating Shaders
Fra:1 Mem:12.20M (Peak 12.29M) | Time:00:00.00 | Mem:0.00M, Peak:0.00M | Scene, ViewLayer | Updating Procedurals
Fra:1 Mem:12.20M (Peak 12.29M) | Time:00:00.00 | Mem:0.00M, Peak:0.00M | Scene, ViewLayer | Updating Background
Fra:1 Mem:12.20M (Peak 12.29M) | Time:00:00.00 | Mem:0.00M, Peak:0.00M | Scene, ViewLayer | Updating Camera
Fra:1 Mem:12.20M (Peak 12.29M) | Time:00:00.00 | Mem:0.00M, Peak:0.00M | Scene, ViewLayer | Updating Meshes Flags
Fra:1 Mem:12.20M (Peak 12.29M) | Time:00:00.00 | Mem:0.00M, Peak:0.00M | Scene, ViewLayer | Updating Objects
Fra:1 Mem:12.20M (Peak 12.29M) | Time:00:00.00 | Mem:0.00M, Peak:0.00M | Scene, ViewLayer | Updating Objects | Copying Transformations to device
Fra:1 Mem:12.20M (Peak 12.29M) | Time:00:00.00 | Mem:0.00M, Peak:0.00M | Scene, ViewLayer | Updating Objects | Applying Static Transformations
Fra:1 Mem:12.20M (Peak 12.29M) | Time:00:00.00 | Mem:0.00M, Peak:0.00M | Scene, ViewLayer | Updating Particle Systems
Fra:1 Mem:12.20M (Peak 12.29M) | Time:00:00.00 | Mem:0.00M, Peak:0.00M | Scene, ViewLayer | Updating Particle Systems | Copying Particles to device
Fra:1 Mem:12.20M (Peak 12.29M) | Time:00:00.00 | Mem:0.00M, Peak:0.00M | Scene, ViewLayer | Updating Meshes
Fra:1 Mem:12.20M (Peak 12.29M) | Time:00:00.00 | Mem:0.00M, Peak:0.00M | Scene, ViewLayer | Updating Mesh | Computing attributes
Fra:1 Mem:12.22M (Peak 12.29M) | Time:00:00.00 | Mem:0.00M, Peak:0.00M | Scene, ViewLayer | Updating Mesh | Copying Attributes to device
Fra:1 Mem:12.22M (Peak 12.29M) | Time:00:00.00 | Mem:0.02M, Peak:0.02M | Scene, ViewLayer | Updating Scene BVH | Building
Fra:1 Mem:12.22M (Peak 12.29M) | Time:00:00.00 | Mem:0.02M, Peak:0.02M | Scene, ViewLayer | Updating Scene BVH | Building BVH
Fra:1 Mem:12.22M (Peak 12.29M) | Time:00:00.00 | Mem:0.03M, Peak:0.03M | Scene, ViewLayer | Updating Scene BVH | Building BVH 0%
Fra:1 Mem:12.22M (Peak 12.29M) | Time:00:00.00 | Mem:0.06M, Peak:0.07M | Scene, ViewLayer | Updating Scene BVH | Copying BVH to device
Fra:1 Mem:12.22M (Peak 12.29M) | Time:00:00.00 | Mem:0.06M, Peak:0.07M | Scene, ViewLayer | Updating Mesh | Computing normals
Fra:1 Mem:12.27M (Peak 12.29M) | Time:00:00.00 | Mem:0.06M, Peak:0.07M | Scene, ViewLayer | Updating Mesh | Copying Mesh to device
Fra:1 Mem:12.27M (Peak 12.29M) | Time:00:00.00 | Mem:0.11M, Peak:0.11M | Scene, ViewLayer | Updating Objects Flags
Fra:1 Mem:12.27M (Peak 12.29M) | Time:00:00.00 | Mem:0.11M, Peak:0.11M | Scene, ViewLayer | Updating Primitive Offsets
Fra:1 Mem:12.27M (Peak 12.29M) | Time:00:00.00 | Mem:0.11M, Peak:0.11M | Scene, ViewLayer | Updating Images
Fra:1 Mem:12.27M (Peak 12.29M) | Time:00:00.00 | Mem:0.11M, Peak:0.11M | Scene, ViewLayer | Updating Camera Volume
Fra:1 Mem:12.27M (Peak 12.29M) | Time:00:00.00 | Mem:0.11M, Peak:0.11M | Scene, ViewLayer | Updating Lookup Tables
Fra:1 Mem:12.27M (Peak 12.29M) | Time:00:00.00 | Mem:0.19M, Peak:0.19M | Scene, ViewLayer | Updating Lights
Fra:1 Mem:12.27M (Peak 12.29M) | Time:00:00.00 | Mem:0.19M, Peak:0.19M | Scene, ViewLayer | Updating Lights | Computing tree
Fra:1 Mem:12.27M (Peak 12.29M) | Time:00:00.00 | Mem:0.19M, Peak:0.19M | Scene, ViewLayer | Updating Integrator
Fra:1 Mem:12.27M (Peak 12.29M) | Time:00:00.00 | Mem:0.19M, Peak:0.19M | Scene, ViewLayer | Updating Film
Fra:1 Mem:12.28M (Peak 12.29M) | Time:00:00.00 | Mem:0.11M, Peak:0.19M | Scene, ViewLayer | Updating Lookup Tables
Fra:1 Mem:12.28M (Peak 12.29M) | Time:00:00.00 | Mem:0.20M, Peak:0.20M | Scene, ViewLayer | Updating Baking
Fra:1 Mem:12.28M (Peak 12.29M) | Time:00:00.00 | Mem:0.20M, Peak:0.20M | Scene, ViewLayer | Updating Device | Writing constant memory
Fra:1 Mem:12.28M (Peak 12.29M) | Time:00:00.00 | Mem:0.20M, Peak:0.20M | Scene, ViewLayer | Sample 0/16
Fra:1 Mem:26.35M (Peak 26.35M) | Time:00:00.06 | Remaining:00:00.88 | Mem:14.26M, Peak:14.26M | Scene, ViewLayer | Sample 1/16
Fra:1 Mem:32.60M (Peak 45.10M) | Time:00:00.55 | Mem:14.26M, Peak:14.26M | Scene, ViewLayer | Sample 16/16
Fra:1 Mem:32.60M (Peak 45.10M) | Time:00:00.55 | Mem:14.26M, Peak:14.26M | Scene, ViewLayer | Finished
Saved: '/workspace/scratch/7c20b5ba4165/atlas-backlog-oct3/tools/assets/landmark-entrance-details/qa/previews/waterfront-pediment-moulding-top.png'
Time: 00:00.61 (Saving: 00:00.06)

Extensions: writing cache failed ([Errno 30] Read-only file system: '/home/agent/.config/blender').
15:03:12 | INFO: Data are loaded, start creating Blender stuff
15:03:12 | INFO: Blender create Mesh node window-reveal.001
15:03:12 | INFO: glTF import finished in 0.00s
Fra:1 Mem:14.16M (Peak 14.16M) | Time:00:00.00 | Mem:0.00M, Peak:0.00M | Scene, ViewLayer | Synchronizing object | waterfront-window-recess
Fra:1 Mem:14.18M (Peak 14.18M) | Time:00:00.00 | Mem:0.00M, Peak:0.00M | Scene, ViewLayer | Synchronizing object | QA-human-1.75m-body
Fra:1 Mem:14.18M (Peak 14.18M) | Time:00:00.00 | Mem:0.00M, Peak:0.00M | Scene, ViewLayer | Synchronizing object | QA-ruler-tick-10
Fra:1 Mem:14.18M (Peak 14.18M) | Time:00:00.00 | Mem:0.00M, Peak:0.00M | Scene, ViewLayer | Synchronizing object | QA-human-1.75m-neck
Fra:1 Mem:14.19M (Peak 14.19M) | Time:00:00.00 | Mem:0.00M, Peak:0.00M | Scene, ViewLayer | Synchronizing object | QA-human-1.75m-leg
Fra:1 Mem:14.19M (Peak 14.19M) | Time:00:00.00 | Mem:0.00M, Peak:0.00M | Scene, ViewLayer | Synchronizing object | QA-human-1.75m-leg.001
Fra:1 Mem:14.19M (Peak 14.19M) | Time:00:00.00 | Mem:0.00M, Peak:0.00M | Scene, ViewLayer | Synchronizing object | QA-ruler-tick-8
Fra:1 Mem:14.19M (Peak 14.19M) | Time:00:00.00 | Mem:0.00M, Peak:0.00M | Scene, ViewLayer | Synchronizing object | QA-ruler-tick-7
Fra:1 Mem:14.19M (Peak 14.19M) | Time:00:00.00 | Mem:0.00M, Peak:0.00M | Scene, ViewLayer | Synchronizing object | QA-human-1.75m-arm
Fra:1 Mem:14.19M (Peak 14.19M) | Time:00:00.00 | Mem:0.00M, Peak:0.00M | Scene, ViewLayer | Synchronizing object | QA-ruler-tick-6
Fra:1 Mem:14.19M (Peak 14.19M) | Time:00:00.00 | Mem:0.00M, Peak:0.00M | Scene, ViewLayer | Synchronizing object | QA-human-1.75m-arm.001
Fra:1 Mem:14.19M (Peak 14.19M) | Time:00:00.00 | Mem:0.00M, Peak:0.00M | Scene, ViewLayer | Synchronizing object | QA-ruler-tick-5
Fra:1 Mem:14.19M (Peak 14.19M) | Time:00:00.00 | Mem:0.00M, Peak:0.00M | Scene, ViewLayer | Synchronizing object | QA-human-1.75m-head
Fra:1 Mem:14.19M (Peak 14.19M) | Time:00:00.00 | Mem:0.00M, Peak:0.00M | Scene, ViewLayer | Synchronizing object | QA-ruler-tick-4
Fra:1 Mem:14.20M (Peak 14.20M) | Time:00:00.00 | Mem:0.00M, Peak:0.00M | Scene, ViewLayer | Synchronizing object | QA-ruler-tick-3
Fra:1 Mem:14.21M (Peak 14.21M) | Time:00:00.00 | Mem:0.00M, Peak:0.00M | Scene, ViewLayer | Synchronizing object | QA-ruler-tick-2
Fra:1 Mem:14.21M (Peak 14.21M) | Time:00:00.00 | Mem:0.00M, Peak:0.00M | Scene, ViewLayer | Synchronizing object | QA-human-1.81m-body
Fra:1 Mem:14.21M (Peak 14.21M) | Time:00:00.00 | Mem:0.00M, Peak:0.00M | Scene, ViewLayer | Synchronizing object | QA-ruler-tick-1
Fra:1 Mem:14.21M (Peak 14.21M) | Time:00:00.00 | Mem:0.00M, Peak:0.00M | Scene, ViewLayer | Synchronizing object | QA-human-1.81m-neck
Fra:1 Mem:14.21M (Peak 14.21M) | Time:00:00.00 | Mem:0.00M, Peak:0.00M | Scene, ViewLayer | Synchronizing object | QA-ruler-tick-0
Fra:1 Mem:14.21M (Peak 14.21M) | Time:00:00.00 | Mem:0.00M, Peak:0.00M | Scene, ViewLayer | Synchronizing object | QA-human-1.81m-leg
Fra:1 Mem:14.21M (Peak 14.21M) | Time:00:00.00 | Mem:0.00M, Peak:0.00M | Scene, ViewLayer | Synchronizing object | QA-one-metre-ruler
Fra:1 Mem:14.21M (Peak 14.21M) | Time:00:00.00 | Mem:0.00M, Peak:0.00M | Scene, ViewLayer | Synchronizing object | QA-human-1.81m-leg.001
Fra:1 Mem:14.21M (Peak 14.21M) | Time:00:00.00 | Mem:0.00M, Peak:0.00M | Scene, ViewLayer | Synchronizing object | QA-human-1.81m-arm
Fra:1 Mem:14.22M (Peak 14.22M) | Time:00:00.00 | Mem:0.00M, Peak:0.00M | Scene, ViewLayer | Synchronizing object | QA-human-1.81m-head
Fra:1 Mem:14.22M (Peak 14.22M) | Time:00:00.00 | Mem:0.00M, Peak:0.00M | Scene, ViewLayer | Synchronizing object | QA-human-1.81m-arm.001
Fra:1 Mem:14.23M (Peak 14.23M) | Time:00:00.00 | Mem:0.00M, Peak:0.00M | Scene, ViewLayer | Initializing
Fra:1 Mem:13.16M (Peak 14.23M) | Time:00:00.00 | Mem:0.00M, Peak:0.00M | Scene, ViewLayer | Waiting for render to start
Fra:1 Mem:13.17M (Peak 14.23M) | Time:00:00.00 | Mem:0.00M, Peak:0.00M | Scene, ViewLayer | Loading render kernels (may take a few minutes the first time)
Fra:1 Mem:13.17M (Peak 14.23M) | Time:00:00.00 | Mem:0.00M, Peak:0.00M | Scene, ViewLayer | Updating Scene
Fra:1 Mem:13.17M (Peak 14.23M) | Time:00:00.00 | Mem:0.00M, Peak:0.00M | Scene, ViewLayer | Updating Shaders
Fra:1 Mem:13.25M (Peak 14.23M) | Time:00:00.00 | Mem:0.00M, Peak:0.00M | Scene, ViewLayer | Updating Procedurals
Fra:1 Mem:13.25M (Peak 14.23M) | Time:00:00.00 | Mem:0.00M, Peak:0.00M | Scene, ViewLayer | Updating Background
Fra:1 Mem:13.25M (Peak 14.23M) | Time:00:00.00 | Mem:0.00M, Peak:0.00M | Scene, ViewLayer | Updating Camera
Fra:1 Mem:13.25M (Peak 14.23M) | Time:00:00.00 | Mem:0.00M, Peak:0.00M | Scene, ViewLayer | Updating Meshes Flags
Fra:1 Mem:13.25M (Peak 14.23M) | Time:00:00.00 | Mem:0.00M, Peak:0.00M | Scene, ViewLayer | Updating Objects
Fra:1 Mem:13.25M (Peak 14.23M) | Time:00:00.00 | Mem:0.00M, Peak:0.00M | Scene, ViewLayer | Updating Objects | Copying Transformations to device
Fra:1 Mem:13.26M (Peak 14.23M) | Time:00:00.00 | Mem:0.01M, Peak:0.01M | Scene, ViewLayer | Updating Objects | Applying Static Transformations
Fra:1 Mem:13.26M (Peak 14.23M) | Time:00:00.00 | Mem:0.01M, Peak:0.01M | Scene, ViewLayer | Updating Particle Systems
Fra:1 Mem:13.26M (Peak 14.23M) | Time:00:00.00 | Mem:0.01M, Peak:0.01M | Scene, ViewLayer | Updating Particle Systems | Copying Particles to device
Fra:1 Mem:13.26M (Peak 14.23M) | Time:00:00.00 | Mem:0.01M, Peak:0.01M | Scene, ViewLayer | Updating Meshes
Fra:1 Mem:13.27M (Peak 14.23M) | Time:00:00.00 | Mem:0.01M, Peak:0.01M | Scene, ViewLayer | Updating Mesh | Computing attributes
Fra:1 Mem:13.28M (Peak 14.23M) | Time:00:00.00 | Mem:0.01M, Peak:0.01M | Scene, ViewLayer | Updating Mesh | Copying Attributes to device
Fra:1 Mem:13.27M (Peak 14.23M) | Time:00:00.00 | Mem:0.02M, Peak:0.02M | Scene, ViewLayer | Updating Scene BVH | Building
Fra:1 Mem:13.27M (Peak 14.23M) | Time:00:00.00 | Mem:0.02M, Peak:0.02M | Scene, ViewLayer | Updating Scene BVH | Building BVH
Fra:1 Mem:13.27M (Peak 14.23M) | Time:00:00.00 | Mem:0.03M, Peak:0.03M | Scene, ViewLayer | Updating Scene BVH | Building BVH 0%
Fra:1 Mem:13.27M (Peak 14.23M) | Time:00:00.00 | Mem:0.06M, Peak:0.08M | Scene, ViewLayer | Updating Scene BVH | Copying BVH to device
Fra:1 Mem:13.27M (Peak 14.23M) | Time:00:00.00 | Mem:0.06M, Peak:0.08M | Scene, ViewLayer | Updating Mesh | Computing normals
Fra:1 Mem:13.30M (Peak 14.23M) | Time:00:00.00 | Mem:0.06M, Peak:0.08M | Scene, ViewLayer | Updating Mesh | Copying Mesh to device
Fra:1 Mem:13.30M (Peak 14.23M) | Time:00:00.00 | Mem:0.08M, Peak:0.08M | Scene, ViewLayer | Updating Objects Flags
Fra:1 Mem:13.30M (Peak 14.23M) | Time:00:00.00 | Mem:0.08M, Peak:0.08M | Scene, ViewLayer | Updating Primitive Offsets
Fra:1 Mem:13.30M (Peak 14.23M) | Time:00:00.00 | Mem:0.09M, Peak:0.09M | Scene, ViewLayer | Updating Images
Fra:1 Mem:13.30M (Peak 14.23M) | Time:00:00.00 | Mem:0.09M, Peak:0.09M | Scene, ViewLayer | Updating Camera Volume
Fra:1 Mem:13.30M (Peak 14.23M) | Time:00:00.00 | Mem:0.09M, Peak:0.09M | Scene, ViewLayer | Updating Lookup Tables
Fra:1 Mem:13.30M (Peak 14.23M) | Time:00:00.00 | Mem:0.17M, Peak:0.17M | Scene, ViewLayer | Updating Lights
Fra:1 Mem:13.30M (Peak 14.23M) | Time:00:00.00 | Mem:0.17M, Peak:0.17M | Scene, ViewLayer | Updating Lights | Computing tree
Fra:1 Mem:13.30M (Peak 14.23M) | Time:00:00.00 | Mem:0.17M, Peak:0.17M | Scene, ViewLayer | Updating Integrator
Fra:1 Mem:13.30M (Peak 14.23M) | Time:00:00.00 | Mem:0.17M, Peak:0.17M | Scene, ViewLayer | Updating Film
Fra:1 Mem:13.30M (Peak 14.23M) | Time:00:00.00 | Mem:0.09M, Peak:0.17M | Scene, ViewLayer | Updating Lookup Tables
Fra:1 Mem:13.30M (Peak 14.23M) | Time:00:00.00 | Mem:0.17M, Peak:0.17M | Scene, ViewLayer | Updating Baking
Fra:1 Mem:13.30M (Peak 14.23M) | Time:00:00.00 | Mem:0.17M, Peak:0.17M | Scene, ViewLayer | Updating Device | Writing constant memory
Fra:1 Mem:13.31M (Peak 14.23M) | Time:00:00.00 | Mem:0.17M, Peak:0.17M | Scene, ViewLayer | Sample 0/16
Fra:1 Mem:27.38M (Peak 27.38M) | Time:00:00.08 | Remaining:00:01.22 | Mem:14.23M, Peak:14.23M | Scene, ViewLayer | Sample 1/16
Fra:1 Mem:33.63M (Peak 46.13M) | Time:00:00.93 | Mem:14.23M, Peak:14.23M | Scene, ViewLayer | Sample 16/16
Fra:1 Mem:33.63M (Peak 46.13M) | Time:00:00.93 | Mem:14.23M, Peak:14.23M | Scene, ViewLayer | Finished
Saved: '/workspace/scratch/7c20b5ba4165/atlas-backlog-oct3/tools/assets/landmark-entrance-details/qa/previews/waterfront-window-recess-lod0-front.png'
Time: 00:01.00 (Saving: 00:00.06)

Extensions: writing cache failed ([Errno 30] Read-only file system: '/home/agent/.config/blender').
15:03:13 | INFO: Data are loaded, start creating Blender stuff
15:03:13 | INFO: Blender create Mesh node window-reveal.001
15:03:13 | INFO: glTF import finished in 0.00s
Fra:1 Mem:14.16M (Peak 14.16M) | Time:00:00.00 | Mem:0.00M, Peak:0.00M | Scene, ViewLayer | Synchronizing object | waterfront-window-recess
Fra:1 Mem:14.18M (Peak 14.18M) | Time:00:00.00 | Mem:0.00M, Peak:0.00M | Scene, ViewLayer | Synchronizing object | QA-ruler-tick-10
Fra:1 Mem:14.18M (Peak 14.18M) | Time:00:00.00 | Mem:0.00M, Peak:0.00M | Scene, ViewLayer | Synchronizing object | QA-human-1.75m-body
Fra:1 Mem:14.18M (Peak 14.18M) | Time:00:00.00 | Mem:0.00M, Peak:0.00M | Scene, ViewLayer | Synchronizing object | QA-ruler-tick-9
Fra:1 Mem:14.19M (Peak 14.19M) | Time:00:00.00 | Mem:0.00M, Peak:0.00M | Scene, ViewLayer | Synchronizing object | QA-ruler-tick-8
Fra:1 Mem:14.19M (Peak 14.19M) | Time:00:00.00 | Mem:0.00M, Peak:0.00M | Scene, ViewLayer | Synchronizing object | QA-ruler-tick-7
Fra:1 Mem:14.19M (Peak 14.19M) | Time:00:00.00 | Mem:0.00M, Peak:0.00M | Scene, ViewLayer | Synchronizing object | QA-human-1.75m-leg
Fra:1 Mem:14.19M (Peak 14.19M) | Time:00:00.00 | Mem:0.00M, Peak:0.00M | Scene, ViewLayer | Synchronizing object | QA-ruler-tick-6
Fra:1 Mem:14.19M (Peak 14.19M) | Time:00:00.00 | Mem:0.00M, Peak:0.00M | Scene, ViewLayer | Synchronizing object | QA-human-1.75m-leg.001
Fra:1 Mem:14.19M (Peak 14.19M) | Time:00:00.00 | Mem:0.00M, Peak:0.00M | Scene, ViewLayer | Synchronizing object | QA-ruler-tick-5
Fra:1 Mem:14.19M (Peak 14.19M) | Time:00:00.00 | Mem:0.00M, Peak:0.00M | Scene, ViewLayer | Synchronizing object | QA-human-1.75m-arm
Fra:1 Mem:14.19M (Peak 14.19M) | Time:00:00.00 | Mem:0.00M, Peak:0.00M | Scene, ViewLayer | Synchronizing object | QA-ruler-tick-4
Fra:1 Mem:14.19M (Peak 14.19M) | Time:00:00.00 | Mem:0.00M, Peak:0.00M | Scene, ViewLayer | Synchronizing object | QA-human-1.75m-arm.001
Fra:1 Mem:14.20M (Peak 14.20M) | Time:00:00.00 | Mem:0.00M, Peak:0.00M | Scene, ViewLayer | Synchronizing object | QA-ruler-tick-3
Fra:1 Mem:14.20M (Peak 14.20M) | Time:00:00.00 | Mem:0.00M, Peak:0.00M | Scene, ViewLayer | Synchronizing object | QA-human-1.75m-head
Fra:1 Mem:14.20M (Peak 14.20M) | Time:00:00.00 | Mem:0.00M, Peak:0.00M | Scene, ViewLayer | Synchronizing object | QA-ruler-tick-2
Fra:1 Mem:14.21M (Peak 14.21M) | Time:00:00.00 | Mem:0.00M, Peak:0.00M | Scene, ViewLayer | Synchronizing object | QA-ruler-tick-1
Fra:1 Mem:14.21M (Peak 14.21M) | Time:00:00.00 | Mem:0.00M, Peak:0.00M | Scene, ViewLayer | Synchronizing object | QA-ruler-tick-0
Fra:1 Mem:14.21M (Peak 14.21M) | Time:00:00.00 | Mem:0.00M, Peak:0.00M | Scene, ViewLayer | Synchronizing object | QA-human-1.81m-body
Fra:1 Mem:14.21M (Peak 14.21M) | Time:00:00.00 | Mem:0.00M, Peak:0.00M | Scene, ViewLayer | Synchronizing object | QA-one-metre-ruler
Fra:1 Mem:14.21M (Peak 14.21M) | Time:00:00.00 | Mem:0.00M, Peak:0.00M | Scene, ViewLayer | Synchronizing object | QA-human-1.81m-neck
Fra:1 Mem:14.21M (Peak 14.21M) | Time:00:00.00 | Mem:0.00M, Peak:0.00M | Scene, ViewLayer | Synchronizing object | QA-human-1.81m-head
Fra:1 Mem:14.22M (Peak 14.22M) | Time:00:00.00 | Mem:0.00M, Peak:0.00M | Scene, ViewLayer | Synchronizing object | QA-human-1.81m-leg
Fra:1 Mem:14.22M (Peak 14.22M) | Time:00:00.00 | Mem:0.00M, Peak:0.00M | Scene, ViewLayer | Synchronizing object | QA-human-1.81m-leg.001
Fra:1 Mem:14.22M (Peak 14.22M) | Time:00:00.00 | Mem:0.00M, Peak:0.00M | Scene, ViewLayer | Synchronizing object | QA-human-1.81m-arm.001
Fra:1 Mem:14.23M (Peak 14.23M) | Time:00:00.00 | Mem:0.00M, Peak:0.00M | Scene, ViewLayer | Synchronizing object | QA-human-1.81m-arm
Fra:1 Mem:14.23M (Peak 14.23M) | Time:00:00.00 | Mem:0.00M, Peak:0.00M | Scene, ViewLayer | Initializing
Fra:1 Mem:13.16M (Peak 14.23M) | Time:00:00.00 | Mem:0.00M, Peak:0.00M | Scene, ViewLayer | Waiting for render to start
Fra:1 Mem:13.17M (Peak 14.23M) | Time:00:00.00 | Mem:0.00M, Peak:0.00M | Scene, ViewLayer | Loading render kernels (may take a few minutes the first time)
Fra:1 Mem:13.17M (Peak 14.23M) | Time:00:00.00 | Mem:0.00M, Peak:0.00M | Scene, ViewLayer | Updating Scene
Fra:1 Mem:13.17M (Peak 14.23M) | Time:00:00.00 | Mem:0.00M, Peak:0.00M | Scene, ViewLayer | Updating Shaders
Fra:1 Mem:13.25M (Peak 14.23M) | Time:00:00.00 | Mem:0.00M, Peak:0.00M | Scene, ViewLayer | Updating Procedurals
Fra:1 Mem:13.25M (Peak 14.23M) | Time:00:00.00 | Mem:0.00M, Peak:0.00M | Scene, ViewLayer | Updating Background
Fra:1 Mem:13.25M (Peak 14.23M) | Time:00:00.00 | Mem:0.00M, Peak:0.00M | Scene, ViewLayer | Updating Camera
Fra:1 Mem:13.25M (Peak 14.23M) | Time:00:00.00 | Mem:0.00M, Peak:0.00M | Scene, ViewLayer | Updating Meshes Flags
Fra:1 Mem:13.25M (Peak 14.23M) | Time:00:00.00 | Mem:0.00M, Peak:0.00M | Scene, ViewLayer | Updating Objects
Fra:1 Mem:13.25M (Peak 14.23M) | Time:00:00.00 | Mem:0.00M, Peak:0.00M | Scene, ViewLayer | Updating Objects | Copying Transformations to device
Fra:1 Mem:13.26M (Peak 14.23M) | Time:00:00.00 | Mem:0.01M, Peak:0.01M | Scene, ViewLayer | Updating Objects | Applying Static Transformations
Fra:1 Mem:13.26M (Peak 14.23M) | Time:00:00.00 | Mem:0.01M, Peak:0.01M | Scene, ViewLayer | Updating Particle Systems
Fra:1 Mem:13.26M (Peak 14.23M) | Time:00:00.00 | Mem:0.01M, Peak:0.01M | Scene, ViewLayer | Updating Particle Systems | Copying Particles to device
Fra:1 Mem:13.26M (Peak 14.23M) | Time:00:00.00 | Mem:0.01M, Peak:0.01M | Scene, ViewLayer | Updating Meshes
Fra:1 Mem:13.27M (Peak 14.23M) | Time:00:00.00 | Mem:0.01M, Peak:0.01M | Scene, ViewLayer | Updating Mesh | Computing attributes
Fra:1 Mem:13.28M (Peak 14.23M) | Time:00:00.00 | Mem:0.01M, Peak:0.01M | Scene, ViewLayer | Updating Mesh | Copying Attributes to device
Fra:1 Mem:13.27M (Peak 14.23M) | Time:00:00.00 | Mem:0.02M, Peak:0.02M | Scene, ViewLayer | Updating Scene BVH | Building
Fra:1 Mem:13.27M (Peak 14.23M) | Time:00:00.00 | Mem:0.02M, Peak:0.02M | Scene, ViewLayer | Updating Scene BVH | Building BVH
Fra:1 Mem:13.27M (Peak 14.23M) | Time:00:00.00 | Mem:0.03M, Peak:0.03M | Scene, ViewLayer | Updating Scene BVH | Building BVH 0%
Fra:1 Mem:13.27M (Peak 14.23M) | Time:00:00.00 | Mem:0.06M, Peak:0.08M | Scene, ViewLayer | Updating Scene BVH | Copying BVH to device
Fra:1 Mem:13.27M (Peak 14.23M) | Time:00:00.00 | Mem:0.06M, Peak:0.08M | Scene, ViewLayer | Updating Mesh | Computing normals
Fra:1 Mem:13.30M (Peak 14.23M) | Time:00:00.00 | Mem:0.06M, Peak:0.08M | Scene, ViewLayer | Updating Mesh | Copying Mesh to device
Fra:1 Mem:13.30M (Peak 14.23M) | Time:00:00.00 | Mem:0.08M, Peak:0.08M | Scene, ViewLayer | Updating Objects Flags
Fra:1 Mem:13.30M (Peak 14.23M) | Time:00:00.00 | Mem:0.08M, Peak:0.08M | Scene, ViewLayer | Updating Primitive Offsets
Fra:1 Mem:13.30M (Peak 14.23M) | Time:00:00.00 | Mem:0.09M, Peak:0.09M | Scene, ViewLayer | Updating Images
Fra:1 Mem:13.30M (Peak 14.23M) | Time:00:00.00 | Mem:0.09M, Peak:0.09M | Scene, ViewLayer | Updating Camera Volume
Fra:1 Mem:13.30M (Peak 14.23M) | Time:00:00.00 | Mem:0.09M, Peak:0.09M | Scene, ViewLayer | Updating Lookup Tables
Fra:1 Mem:13.30M (Peak 14.23M) | Time:00:00.00 | Mem:0.17M, Peak:0.17M | Scene, ViewLayer | Updating Lights
Fra:1 Mem:13.30M (Peak 14.23M) | Time:00:00.00 | Mem:0.17M, Peak:0.17M | Scene, ViewLayer | Updating Lights | Computing tree
Fra:1 Mem:13.30M (Peak 14.23M) | Time:00:00.00 | Mem:0.17M, Peak:0.17M | Scene, ViewLayer | Updating Integrator
Fra:1 Mem:13.30M (Peak 14.23M) | Time:00:00.00 | Mem:0.17M, Peak:0.17M | Scene, ViewLayer | Updating Film
Fra:1 Mem:13.30M (Peak 14.23M) | Time:00:00.00 | Mem:0.09M, Peak:0.17M | Scene, ViewLayer | Updating Lookup Tables
Fra:1 Mem:13.30M (Peak 14.23M) | Time:00:00.00 | Mem:0.17M, Peak:0.17M | Scene, ViewLayer | Updating Baking
Fra:1 Mem:13.30M (Peak 14.23M) | Time:00:00.00 | Mem:0.17M, Peak:0.17M | Scene, ViewLayer | Updating Device | Writing constant memory
Fra:1 Mem:13.31M (Peak 14.23M) | Time:00:00.00 | Mem:0.17M, Peak:0.17M | Scene, ViewLayer | Sample 0/16
Fra:1 Mem:27.38M (Peak 27.38M) | Time:00:00.08 | Remaining:00:01.20 | Mem:14.23M, Peak:14.23M | Scene, ViewLayer | Sample 1/16
Fra:1 Mem:33.63M (Peak 46.13M) | Time:00:00.92 | Mem:14.23M, Peak:14.23M | Scene, ViewLayer | Sample 16/16
Fra:1 Mem:33.63M (Peak 46.13M) | Time:00:00.92 | Mem:14.23M, Peak:14.23M | Scene, ViewLayer | Finished
Saved: '/workspace/scratch/7c20b5ba4165/atlas-backlog-oct3/tools/assets/landmark-entrance-details/qa/previews/waterfront-window-recess-lod1-front.png'
Time: 00:00.99 (Saving: 00:00.06)

Extensions: writing cache failed ([Errno 30] Read-only file system: '/home/agent/.config/blender').
15:03:14 | INFO: Data are loaded, start creating Blender stuff
15:03:14 | INFO: Blender create Mesh node window-reveal.001
15:03:14 | INFO: glTF import finished in 0.00s
Fra:1 Mem:14.16M (Peak 14.16M) | Time:00:00.00 | Mem:0.00M, Peak:0.00M | Scene, ViewLayer | Synchronizing object | waterfront-window-recess
Fra:1 Mem:14.18M (Peak 14.18M) | Time:00:00.00 | Mem:0.00M, Peak:0.00M | Scene, ViewLayer | Synchronizing object | QA-ruler-tick-10
Fra:1 Mem:14.17M (Peak 14.18M) | Time:00:00.00 | Mem:0.00M, Peak:0.00M | Scene, ViewLayer | Synchronizing object | QA-human-1.75m-body
Fra:1 Mem:14.17M (Peak 14.18M) | Time:00:00.00 | Mem:0.00M, Peak:0.00M | Scene, ViewLayer | Synchronizing object | QA-human-1.75m-neck
Fra:1 Mem:14.17M (Peak 14.18M) | Time:00:00.00 | Mem:0.00M, Peak:0.00M | Scene, ViewLayer | Synchronizing object | QA-ruler-tick-9
Fra:1 Mem:14.18M (Peak 14.18M) | Time:00:00.00 | Mem:0.00M, Peak:0.00M | Scene, ViewLayer | Synchronizing object | QA-human-1.75m-leg
Fra:1 Mem:14.18M (Peak 14.18M) | Time:00:00.00 | Mem:0.00M, Peak:0.00M | Scene, ViewLayer | Synchronizing object | QA-human-1.75m-leg.001
Fra:1 Mem:14.18M (Peak 14.18M) | Time:00:00.00 | Mem:0.00M, Peak:0.00M | Scene, ViewLayer | Synchronizing object | QA-human-1.75m-arm
Fra:1 Mem:14.18M (Peak 14.18M) | Time:00:00.00 | Mem:0.00M, Peak:0.00M | Scene, ViewLayer | Synchronizing object | QA-ruler-tick-7
Fra:1 Mem:14.18M (Peak 14.18M) | Time:00:00.00 | Mem:0.00M, Peak:0.00M | Scene, ViewLayer | Synchronizing object | QA-human-1.75m-arm.001
Fra:1 Mem:14.18M (Peak 14.18M) | Time:00:00.00 | Mem:0.00M, Peak:0.00M | Scene, ViewLayer | Synchronizing object | QA-ruler-tick-6
Fra:1 Mem:14.18M (Peak 14.18M) | Time:00:00.00 | Mem:0.00M, Peak:0.00M | Scene, ViewLayer | Synchronizing object | QA-human-1.75m-head
Fra:1 Mem:14.18M (Peak 14.18M) | Time:00:00.00 | Mem:0.00M, Peak:0.00M | Scene, ViewLayer | Synchronizing object | QA-ruler-tick-5
Fra:1 Mem:14.19M (Peak 14.19M) | Time:00:00.00 | Mem:0.00M, Peak:0.00M | Scene, ViewLayer | Synchronizing object | QA-ruler-tick-4
Fra:1 Mem:14.19M (Peak 14.19M) | Time:00:00.00 | Mem:0.00M, Peak:0.00M | Scene, ViewLayer | Synchronizing object | QA-ruler-tick-3
Fra:1 Mem:14.20M (Peak 14.20M) | Time:00:00.00 | Mem:0.00M, Peak:0.00M | Scene, ViewLayer | Synchronizing object | QA-human-1.81m-body
Fra:1 Mem:14.20M (Peak 14.20M) | Time:00:00.00 | Mem:0.00M, Peak:0.00M | Scene, ViewLayer | Synchronizing object | QA-ruler-tick-2
Fra:1 Mem:14.20M (Peak 14.20M) | Time:00:00.00 | Mem:0.00M, Peak:0.00M | Scene, ViewLayer | Synchronizing object | QA-human-1.81m-neck
Fra:1 Mem:14.20M (Peak 14.20M) | Time:00:00.00 | Mem:0.00M, Peak:0.00M | Scene, ViewLayer | Synchronizing object | QA-ruler-tick-1
Fra:1 Mem:14.20M (Peak 14.20M) | Time:00:00.00 | Mem:0.00M, Peak:0.00M | Scene, ViewLayer | Synchronizing object | QA-human-1.81m-leg
Fra:1 Mem:14.20M (Peak 14.20M) | Time:00:00.00 | Mem:0.00M, Peak:0.00M | Scene, ViewLayer | Synchronizing object | QA-ruler-tick-0
Fra:1 Mem:14.20M (Peak 14.20M) | Time:00:00.00 | Mem:0.00M, Peak:0.00M | Scene, ViewLayer | Synchronizing object | QA-human-1.81m-leg.001
Fra:1 Mem:14.20M (Peak 14.20M) | Time:00:00.00 | Mem:0.00M, Peak:0.00M | Scene, ViewLayer | Synchronizing object | QA-one-metre-ruler
Fra:1 Mem:14.20M (Peak 14.20M) | Time:00:00.00 | Mem:0.00M, Peak:0.00M | Scene, ViewLayer | Synchronizing object | QA-human-1.81m-arm
Fra:1 Mem:14.21M (Peak 14.21M) | Time:00:00.00 | Mem:0.00M, Peak:0.00M | Scene, ViewLayer | Synchronizing object | QA-human-1.81m-head
Fra:1 Mem:14.21M (Peak 14.21M) | Time:00:00.00 | Mem:0.00M, Peak:0.00M | Scene, ViewLayer | Synchronizing object | QA-human-1.81m-arm.001
Fra:1 Mem:14.22M (Peak 14.22M) | Time:00:00.00 | Mem:0.00M, Peak:0.00M | Scene, ViewLayer | Initializing
Fra:1 Mem:13.15M (Peak 14.22M) | Time:00:00.00 | Mem:0.00M, Peak:0.00M | Scene, ViewLayer | Waiting for render to start
Fra:1 Mem:13.16M (Peak 14.22M) | Time:00:00.00 | Mem:0.00M, Peak:0.00M | Scene, ViewLayer | Loading render kernels (may take a few minutes the first time)
Fra:1 Mem:13.16M (Peak 14.22M) | Time:00:00.00 | Mem:0.00M, Peak:0.00M | Scene, ViewLayer | Updating Scene
Fra:1 Mem:13.16M (Peak 14.22M) | Time:00:00.00 | Mem:0.00M, Peak:0.00M | Scene, ViewLayer | Updating Shaders
Fra:1 Mem:13.24M (Peak 14.22M) | Time:00:00.00 | Mem:0.00M, Peak:0.00M | Scene, ViewLayer | Updating Procedurals
Fra:1 Mem:13.24M (Peak 14.22M) | Time:00:00.00 | Mem:0.00M, Peak:0.00M | Scene, ViewLayer | Updating Background
Fra:1 Mem:13.24M (Peak 14.22M) | Time:00:00.00 | Mem:0.00M, Peak:0.00M | Scene, ViewLayer | Updating Camera
Fra:1 Mem:13.24M (Peak 14.22M) | Time:00:00.00 | Mem:0.00M, Peak:0.00M | Scene, ViewLayer | Updating Meshes Flags
Fra:1 Mem:13.24M (Peak 14.22M) | Time:00:00.00 | Mem:0.00M, Peak:0.00M | Scene, ViewLayer | Updating Objects
Fra:1 Mem:13.24M (Peak 14.22M) | Time:00:00.00 | Mem:0.00M, Peak:0.00M | Scene, ViewLayer | Updating Objects | Copying Transformations to device
Fra:1 Mem:13.25M (Peak 14.22M) | Time:00:00.00 | Mem:0.01M, Peak:0.01M | Scene, ViewLayer | Updating Objects | Applying Static Transformations
Fra:1 Mem:13.25M (Peak 14.22M) | Time:00:00.00 | Mem:0.01M, Peak:0.01M | Scene, ViewLayer | Updating Particle Systems
Fra:1 Mem:13.25M (Peak 14.22M) | Time:00:00.00 | Mem:0.01M, Peak:0.01M | Scene, ViewLayer | Updating Particle Systems | Copying Particles to device
Fra:1 Mem:13.25M (Peak 14.22M) | Time:00:00.00 | Mem:0.01M, Peak:0.01M | Scene, ViewLayer | Updating Meshes
Fra:1 Mem:13.25M (Peak 14.22M) | Time:00:00.00 | Mem:0.01M, Peak:0.01M | Scene, ViewLayer | Updating Mesh | Computing attributes
Fra:1 Mem:13.26M (Peak 14.22M) | Time:00:00.00 | Mem:0.01M, Peak:0.01M | Scene, ViewLayer | Updating Mesh | Copying Attributes to device
Fra:1 Mem:13.26M (Peak 14.22M) | Time:00:00.00 | Mem:0.02M, Peak:0.02M | Scene, ViewLayer | Updating Scene BVH | Building
Fra:1 Mem:13.26M (Peak 14.22M) | Time:00:00.00 | Mem:0.02M, Peak:0.02M | Scene, ViewLayer | Updating Scene BVH | Building BVH
Fra:1 Mem:13.26M (Peak 14.22M) | Time:00:00.00 | Mem:0.03M, Peak:0.03M | Scene, ViewLayer | Updating Scene BVH | Building BVH 0%
Fra:1 Mem:13.26M (Peak 14.22M) | Time:00:00.00 | Mem:0.05M, Peak:0.07M | Scene, ViewLayer | Updating Scene BVH | Copying BVH to device
Fra:1 Mem:13.26M (Peak 14.22M) | Time:00:00.00 | Mem:0.05M, Peak:0.07M | Scene, ViewLayer | Updating Mesh | Computing normals
Fra:1 Mem:13.28M (Peak 14.22M) | Time:00:00.00 | Mem:0.05M, Peak:0.07M | Scene, ViewLayer | Updating Mesh | Copying Mesh to device
Fra:1 Mem:13.28M (Peak 14.22M) | Time:00:00.00 | Mem:0.08M, Peak:0.08M | Scene, ViewLayer | Updating Objects Flags
Fra:1 Mem:13.28M (Peak 14.22M) | Time:00:00.00 | Mem:0.08M, Peak:0.08M | Scene, ViewLayer | Updating Primitive Offsets
Fra:1 Mem:13.28M (Peak 14.22M) | Time:00:00.00 | Mem:0.08M, Peak:0.08M | Scene, ViewLayer | Updating Images
Fra:1 Mem:13.28M (Peak 14.22M) | Time:00:00.00 | Mem:0.08M, Peak:0.08M | Scene, ViewLayer | Updating Camera Volume
Fra:1 Mem:13.28M (Peak 14.22M) | Time:00:00.00 | Mem:0.08M, Peak:0.08M | Scene, ViewLayer | Updating Lookup Tables
Fra:1 Mem:13.28M (Peak 14.22M) | Time:00:00.00 | Mem:0.16M, Peak:0.16M | Scene, ViewLayer | Updating Lights
Fra:1 Mem:13.28M (Peak 14.22M) | Time:00:00.00 | Mem:0.16M, Peak:0.16M | Scene, ViewLayer | Updating Lights | Computing tree
Fra:1 Mem:13.28M (Peak 14.22M) | Time:00:00.00 | Mem:0.16M, Peak:0.16M | Scene, ViewLayer | Updating Integrator
Fra:1 Mem:13.28M (Peak 14.22M) | Time:00:00.00 | Mem:0.16M, Peak:0.16M | Scene, ViewLayer | Updating Film
Fra:1 Mem:13.29M (Peak 14.22M) | Time:00:00.00 | Mem:0.08M, Peak:0.16M | Scene, ViewLayer | Updating Lookup Tables
Fra:1 Mem:13.29M (Peak 14.22M) | Time:00:00.00 | Mem:0.16M, Peak:0.16M | Scene, ViewLayer | Updating Baking
Fra:1 Mem:13.29M (Peak 14.22M) | Time:00:00.00 | Mem:0.16M, Peak:0.16M | Scene, ViewLayer | Updating Device | Writing constant memory
Fra:1 Mem:13.29M (Peak 14.22M) | Time:00:00.00 | Mem:0.16M, Peak:0.16M | Scene, ViewLayer | Sample 0/16
Fra:1 Mem:27.36M (Peak 27.36M) | Time:00:00.08 | Remaining:00:01.17 | Mem:14.23M, Peak:14.23M | Scene, ViewLayer | Sample 1/16
Fra:1 Mem:33.61M (Peak 46.11M) | Time:00:00.86 | Mem:14.23M, Peak:14.23M | Scene, ViewLayer | Sample 16/16
Fra:1 Mem:33.61M (Peak 46.11M) | Time:00:00.86 | Mem:14.23M, Peak:14.23M | Scene, ViewLayer | Finished
Saved: '/workspace/scratch/7c20b5ba4165/atlas-backlog-oct3/tools/assets/landmark-entrance-details/qa/previews/waterfront-window-recess-lod2-front.png'
Time: 00:00.92 (Saving: 00:00.06)

Extensions: writing cache failed ([Errno 30] Read-only file system: '/home/agent/.config/blender').
15:03:15 | INFO: Data are loaded, start creating Blender stuff
15:03:15 | INFO: Blender create Mesh node window-reveal.001
15:03:15 | INFO: glTF import finished in 0.00s
Fra:1 Mem:12.12M (Peak 12.12M) | Time:00:00.00 | Mem:0.00M, Peak:0.00M | Scene, ViewLayer | Synchronizing object | waterfront-window-recess
Fra:1 Mem:12.13M (Peak 12.13M) | Time:00:00.00 | Mem:0.00M, Peak:0.00M | Scene, ViewLayer | Initializing
Fra:1 Mem:11.96M (Peak 12.13M) | Time:00:00.00 | Mem:0.00M, Peak:0.00M | Scene, ViewLayer | Waiting for render to start
Fra:1 Mem:11.96M (Peak 12.13M) | Time:00:00.00 | Mem:0.00M, Peak:0.00M | Scene, ViewLayer | Loading render kernels (may take a few minutes the first time)
Fra:1 Mem:11.96M (Peak 12.13M) | Time:00:00.00 | Mem:0.00M, Peak:0.00M | Scene, ViewLayer | Updating Scene
Fra:1 Mem:11.96M (Peak 12.13M) | Time:00:00.00 | Mem:0.00M, Peak:0.00M | Scene, ViewLayer | Updating Shaders
Fra:1 Mem:12.04M (Peak 12.13M) | Time:00:00.00 | Mem:0.00M, Peak:0.00M | Scene, ViewLayer | Updating Procedurals
Fra:1 Mem:12.04M (Peak 12.13M) | Time:00:00.00 | Mem:0.00M, Peak:0.00M | Scene, ViewLayer | Updating Background
Fra:1 Mem:12.04M (Peak 12.13M) | Time:00:00.00 | Mem:0.00M, Peak:0.00M | Scene, ViewLayer | Updating Camera
Fra:1 Mem:12.04M (Peak 12.13M) | Time:00:00.00 | Mem:0.00M, Peak:0.00M | Scene, ViewLayer | Updating Meshes Flags
Fra:1 Mem:12.04M (Peak 12.13M) | Time:00:00.00 | Mem:0.00M, Peak:0.00M | Scene, ViewLayer | Updating Objects
Fra:1 Mem:12.04M (Peak 12.13M) | Time:00:00.00 | Mem:0.00M, Peak:0.00M | Scene, ViewLayer | Updating Objects | Copying Transformations to device
Fra:1 Mem:12.04M (Peak 12.13M) | Time:00:00.00 | Mem:0.00M, Peak:0.00M | Scene, ViewLayer | Updating Objects | Applying Static Transformations
Fra:1 Mem:12.04M (Peak 12.13M) | Time:00:00.00 | Mem:0.00M, Peak:0.00M | Scene, ViewLayer | Updating Particle Systems
Fra:1 Mem:12.04M (Peak 12.13M) | Time:00:00.00 | Mem:0.00M, Peak:0.00M | Scene, ViewLayer | Updating Particle Systems | Copying Particles to device
Fra:1 Mem:12.04M (Peak 12.13M) | Time:00:00.00 | Mem:0.00M, Peak:0.00M | Scene, ViewLayer | Updating Meshes
Fra:1 Mem:12.05M (Peak 12.13M) | Time:00:00.00 | Mem:0.00M, Peak:0.00M | Scene, ViewLayer | Updating Mesh | Computing attributes
Fra:1 Mem:12.05M (Peak 12.13M) | Time:00:00.00 | Mem:0.00M, Peak:0.00M | Scene, ViewLayer | Updating Mesh | Copying Attributes to device
Fra:1 Mem:12.05M (Peak 12.13M) | Time:00:00.00 | Mem:0.00M, Peak:0.00M | Scene, ViewLayer | Updating Scene BVH | Building
Fra:1 Mem:12.05M (Peak 12.13M) | Time:00:00.00 | Mem:0.00M, Peak:0.00M | Scene, ViewLayer | Updating Scene BVH | Building BVH
Fra:1 Mem:12.05M (Peak 12.13M) | Time:00:00.00 | Mem:0.01M, Peak:0.01M | Scene, ViewLayer | Updating Scene BVH | Building BVH 0%
Fra:1 Mem:12.05M (Peak 12.13M) | Time:00:00.00 | Mem:0.01M, Peak:0.01M | Scene, ViewLayer | Updating Scene BVH | Copying BVH to device
Fra:1 Mem:12.05M (Peak 12.13M) | Time:00:00.00 | Mem:0.01M, Peak:0.01M | Scene, ViewLayer | Updating Mesh | Computing normals
Fra:1 Mem:12.05M (Peak 12.13M) | Time:00:00.00 | Mem:0.01M, Peak:0.01M | Scene, ViewLayer | Updating Mesh | Copying Mesh to device
Fra:1 Mem:12.05M (Peak 12.13M) | Time:00:00.00 | Mem:0.02M, Peak:0.02M | Scene, ViewLayer | Updating Objects Flags
Fra:1 Mem:12.05M (Peak 12.13M) | Time:00:00.00 | Mem:0.02M, Peak:0.02M | Scene, ViewLayer | Updating Primitive Offsets
Fra:1 Mem:12.05M (Peak 12.13M) | Time:00:00.00 | Mem:0.02M, Peak:0.02M | Scene, ViewLayer | Updating Images
Fra:1 Mem:12.05M (Peak 12.13M) | Time:00:00.00 | Mem:0.02M, Peak:0.02M | Scene, ViewLayer | Updating Camera Volume
Fra:1 Mem:12.05M (Peak 12.13M) | Time:00:00.00 | Mem:0.02M, Peak:0.02M | Scene, ViewLayer | Updating Lookup Tables
Fra:1 Mem:12.05M (Peak 12.13M) | Time:00:00.00 | Mem:0.10M, Peak:0.10M | Scene, ViewLayer | Updating Lights
Fra:1 Mem:12.05M (Peak 12.13M) | Time:00:00.00 | Mem:0.10M, Peak:0.10M | Scene, ViewLayer | Updating Lights | Computing tree
Fra:1 Mem:12.05M (Peak 12.13M) | Time:00:00.00 | Mem:0.10M, Peak:0.10M | Scene, ViewLayer | Updating Integrator
Fra:1 Mem:12.05M (Peak 12.13M) | Time:00:00.00 | Mem:0.10M, Peak:0.10M | Scene, ViewLayer | Updating Film
Fra:1 Mem:12.06M (Peak 12.13M) | Time:00:00.00 | Mem:0.02M, Peak:0.10M | Scene, ViewLayer | Updating Lookup Tables
Fra:1 Mem:12.06M (Peak 12.13M) | Time:00:00.00 | Mem:0.10M, Peak:0.10M | Scene, ViewLayer | Updating Baking
Fra:1 Mem:12.06M (Peak 12.13M) | Time:00:00.00 | Mem:0.10M, Peak:0.10M | Scene, ViewLayer | Updating Device | Writing constant memory
Fra:1 Mem:12.06M (Peak 12.13M) | Time:00:00.00 | Mem:0.10M, Peak:0.10M | Scene, ViewLayer | Sample 0/16
Fra:1 Mem:26.13M (Peak 26.13M) | Time:00:00.06 | Remaining:00:00.97 | Mem:14.16M, Peak:14.16M | Scene, ViewLayer | Sample 1/16
Fra:1 Mem:32.38M (Peak 44.88M) | Time:00:00.71 | Mem:14.16M, Peak:14.16M | Scene, ViewLayer | Sample 16/16
Fra:1 Mem:32.38M (Peak 44.88M) | Time:00:00.71 | Mem:14.16M, Peak:14.16M | Scene, ViewLayer | Finished
Saved: '/workspace/scratch/7c20b5ba4165/atlas-backlog-oct3/tools/assets/landmark-entrance-details/qa/previews/waterfront-window-recess-side.png'
Time: 00:00.78 (Saving: 00:00.06)

Extensions: writing cache failed ([Errno 30] Read-only file system: '/home/agent/.config/blender').
15:03:16 | INFO: Data are loaded, start creating Blender stuff
15:03:16 | INFO: Blender create Mesh node window-reveal.001
15:03:16 | INFO: glTF import finished in 0.00s
Fra:1 Mem:12.12M (Peak 12.12M) | Time:00:00.00 | Mem:0.00M, Peak:0.00M | Scene, ViewLayer | Synchronizing object | waterfront-window-recess
Fra:1 Mem:12.13M (Peak 12.13M) | Time:00:00.00 | Mem:0.00M, Peak:0.00M | Scene, ViewLayer | Initializing
Fra:1 Mem:11.96M (Peak 12.13M) | Time:00:00.00 | Mem:0.00M, Peak:0.00M | Scene, ViewLayer | Waiting for render to start
Fra:1 Mem:11.96M (Peak 12.13M) | Time:00:00.00 | Mem:0.00M, Peak:0.00M | Scene, ViewLayer | Loading render kernels (may take a few minutes the first time)
Fra:1 Mem:11.96M (Peak 12.13M) | Time:00:00.00 | Mem:0.00M, Peak:0.00M | Scene, ViewLayer | Updating Scene
Fra:1 Mem:11.96M (Peak 12.13M) | Time:00:00.00 | Mem:0.00M, Peak:0.00M | Scene, ViewLayer | Updating Shaders
Fra:1 Mem:12.04M (Peak 12.13M) | Time:00:00.00 | Mem:0.00M, Peak:0.00M | Scene, ViewLayer | Updating Procedurals
Fra:1 Mem:12.04M (Peak 12.13M) | Time:00:00.00 | Mem:0.00M, Peak:0.00M | Scene, ViewLayer | Updating Background
Fra:1 Mem:12.04M (Peak 12.13M) | Time:00:00.00 | Mem:0.00M, Peak:0.00M | Scene, ViewLayer | Updating Camera
Fra:1 Mem:12.04M (Peak 12.13M) | Time:00:00.00 | Mem:0.00M, Peak:0.00M | Scene, ViewLayer | Updating Meshes Flags
Fra:1 Mem:12.04M (Peak 12.13M) | Time:00:00.00 | Mem:0.00M, Peak:0.00M | Scene, ViewLayer | Updating Objects
Fra:1 Mem:12.04M (Peak 12.13M) | Time:00:00.00 | Mem:0.00M, Peak:0.00M | Scene, ViewLayer | Updating Objects | Copying Transformations to device
Fra:1 Mem:12.04M (Peak 12.13M) | Time:00:00.00 | Mem:0.00M, Peak:0.00M | Scene, ViewLayer | Updating Objects | Applying Static Transformations
Fra:1 Mem:12.04M (Peak 12.13M) | Time:00:00.00 | Mem:0.00M, Peak:0.00M | Scene, ViewLayer | Updating Particle Systems
Fra:1 Mem:12.04M (Peak 12.13M) | Time:00:00.00 | Mem:0.00M, Peak:0.00M | Scene, ViewLayer | Updating Particle Systems | Copying Particles to device
Fra:1 Mem:12.04M (Peak 12.13M) | Time:00:00.00 | Mem:0.00M, Peak:0.00M | Scene, ViewLayer | Updating Meshes
Fra:1 Mem:12.05M (Peak 12.13M) | Time:00:00.00 | Mem:0.00M, Peak:0.00M | Scene, ViewLayer | Updating Mesh | Computing attributes
Fra:1 Mem:12.05M (Peak 12.13M) | Time:00:00.00 | Mem:0.00M, Peak:0.00M | Scene, ViewLayer | Updating Mesh | Copying Attributes to device
Fra:1 Mem:12.05M (Peak 12.13M) | Time:00:00.00 | Mem:0.00M, Peak:0.00M | Scene, ViewLayer | Updating Scene BVH | Building
Fra:1 Mem:12.05M (Peak 12.13M) | Time:00:00.00 | Mem:0.00M, Peak:0.00M | Scene, ViewLayer | Updating Scene BVH | Building BVH
Fra:1 Mem:12.05M (Peak 12.13M) | Time:00:00.00 | Mem:0.01M, Peak:0.01M | Scene, ViewLayer | Updating Scene BVH | Building BVH 0%
Fra:1 Mem:12.05M (Peak 12.13M) | Time:00:00.00 | Mem:0.01M, Peak:0.01M | Scene, ViewLayer | Updating Scene BVH | Copying BVH to device
Fra:1 Mem:12.05M (Peak 12.13M) | Time:00:00.00 | Mem:0.01M, Peak:0.01M | Scene, ViewLayer | Updating Mesh | Computing normals
Fra:1 Mem:12.05M (Peak 12.13M) | Time:00:00.00 | Mem:0.01M, Peak:0.01M | Scene, ViewLayer | Updating Mesh | Copying Mesh to device
Fra:1 Mem:12.05M (Peak 12.13M) | Time:00:00.00 | Mem:0.02M, Peak:0.02M | Scene, ViewLayer | Updating Objects Flags
Fra:1 Mem:12.05M (Peak 12.13M) | Time:00:00.00 | Mem:0.02M, Peak:0.02M | Scene, ViewLayer | Updating Primitive Offsets
Fra:1 Mem:12.05M (Peak 12.13M) | Time:00:00.00 | Mem:0.02M, Peak:0.02M | Scene, ViewLayer | Updating Images
Fra:1 Mem:12.05M (Peak 12.13M) | Time:00:00.00 | Mem:0.02M, Peak:0.02M | Scene, ViewLayer | Updating Camera Volume
Fra:1 Mem:12.05M (Peak 12.13M) | Time:00:00.00 | Mem:0.02M, Peak:0.02M | Scene, ViewLayer | Updating Lookup Tables
Fra:1 Mem:12.05M (Peak 12.13M) | Time:00:00.00 | Mem:0.10M, Peak:0.10M | Scene, ViewLayer | Updating Lights
Fra:1 Mem:12.05M (Peak 12.13M) | Time:00:00.00 | Mem:0.10M, Peak:0.10M | Scene, ViewLayer | Updating Lights | Computing tree
Fra:1 Mem:12.06M (Peak 12.13M) | Time:00:00.00 | Mem:0.10M, Peak:0.10M | Scene, ViewLayer | Updating Integrator
Fra:1 Mem:12.06M (Peak 12.13M) | Time:00:00.00 | Mem:0.10M, Peak:0.10M | Scene, ViewLayer | Updating Film
Fra:1 Mem:12.06M (Peak 12.13M) | Time:00:00.00 | Mem:0.02M, Peak:0.10M | Scene, ViewLayer | Updating Lookup Tables
Fra:1 Mem:12.06M (Peak 12.13M) | Time:00:00.00 | Mem:0.10M, Peak:0.10M | Scene, ViewLayer | Updating Baking
Fra:1 Mem:12.06M (Peak 12.13M) | Time:00:00.00 | Mem:0.10M, Peak:0.10M | Scene, ViewLayer | Updating Device | Writing constant memory
Fra:1 Mem:12.06M (Peak 12.13M) | Time:00:00.00 | Mem:0.10M, Peak:0.10M | Scene, ViewLayer | Sample 0/16
Fra:1 Mem:26.13M (Peak 26.13M) | Time:00:00.06 | Remaining:00:00.98 | Mem:14.16M, Peak:14.16M | Scene, ViewLayer | Sample 1/16
Fra:1 Mem:32.38M (Peak 44.88M) | Time:00:00.68 | Mem:14.16M, Peak:14.16M | Scene, ViewLayer | Sample 16/16
Fra:1 Mem:32.38M (Peak 44.88M) | Time:00:00.68 | Mem:14.16M, Peak:14.16M | Scene, ViewLayer | Finished
Saved: '/workspace/scratch/7c20b5ba4165/atlas-backlog-oct3/tools/assets/landmark-entrance-details/qa/previews/waterfront-window-recess-back.png'
Time: 00:00.74 (Saving: 00:00.05)

Extensions: writing cache failed ([Errno 30] Read-only file system: '/home/agent/.config/blender').
15:03:17 | INFO: Data are loaded, start creating Blender stuff
15:03:17 | INFO: Blender create Mesh node window-reveal.001
15:03:17 | INFO: glTF import finished in 0.00s
Fra:1 Mem:12.12M (Peak 12.12M) | Time:00:00.00 | Mem:0.00M, Peak:0.00M | Scene, ViewLayer | Synchronizing object | waterfront-window-recess
Fra:1 Mem:12.13M (Peak 12.13M) | Time:00:00.00 | Mem:0.00M, Peak:0.00M | Scene, ViewLayer | Initializing
Fra:1 Mem:11.96M (Peak 12.13M) | Time:00:00.00 | Mem:0.00M, Peak:0.00M | Scene, ViewLayer | Waiting for render to start
Fra:1 Mem:11.96M (Peak 12.13M) | Time:00:00.00 | Mem:0.00M, Peak:0.00M | Scene, ViewLayer | Loading render kernels (may take a few minutes the first time)
Fra:1 Mem:11.96M (Peak 12.13M) | Time:00:00.00 | Mem:0.00M, Peak:0.00M | Scene, ViewLayer | Updating Scene
Fra:1 Mem:11.96M (Peak 12.13M) | Time:00:00.00 | Mem:0.00M, Peak:0.00M | Scene, ViewLayer | Updating Shaders
Fra:1 Mem:12.04M (Peak 12.13M) | Time:00:00.00 | Mem:0.00M, Peak:0.00M | Scene, ViewLayer | Updating Procedurals
Fra:1 Mem:12.04M (Peak 12.13M) | Time:00:00.00 | Mem:0.00M, Peak:0.00M | Scene, ViewLayer | Updating Background
Fra:1 Mem:12.04M (Peak 12.13M) | Time:00:00.00 | Mem:0.00M, Peak:0.00M | Scene, ViewLayer | Updating Camera
Fra:1 Mem:12.04M (Peak 12.13M) | Time:00:00.00 | Mem:0.00M, Peak:0.00M | Scene, ViewLayer | Updating Meshes Flags
Fra:1 Mem:12.04M (Peak 12.13M) | Time:00:00.00 | Mem:0.00M, Peak:0.00M | Scene, ViewLayer | Updating Objects
Fra:1 Mem:12.04M (Peak 12.13M) | Time:00:00.00 | Mem:0.00M, Peak:0.00M | Scene, ViewLayer | Updating Objects | Copying Transformations to device
Fra:1 Mem:12.04M (Peak 12.13M) | Time:00:00.00 | Mem:0.00M, Peak:0.00M | Scene, ViewLayer | Updating Objects | Applying Static Transformations
Fra:1 Mem:12.04M (Peak 12.13M) | Time:00:00.00 | Mem:0.00M, Peak:0.00M | Scene, ViewLayer | Updating Particle Systems
Fra:1 Mem:12.04M (Peak 12.13M) | Time:00:00.00 | Mem:0.00M, Peak:0.00M | Scene, ViewLayer | Updating Particle Systems | Copying Particles to device
Fra:1 Mem:12.04M (Peak 12.13M) | Time:00:00.00 | Mem:0.00M, Peak:0.00M | Scene, ViewLayer | Updating Meshes
Fra:1 Mem:12.05M (Peak 12.13M) | Time:00:00.00 | Mem:0.00M, Peak:0.00M | Scene, ViewLayer | Updating Mesh | Computing attributes
Fra:1 Mem:12.05M (Peak 12.13M) | Time:00:00.00 | Mem:0.00M, Peak:0.00M | Scene, ViewLayer | Updating Mesh | Copying Attributes to device
Fra:1 Mem:12.05M (Peak 12.13M) | Time:00:00.00 | Mem:0.00M, Peak:0.00M | Scene, ViewLayer | Updating Scene BVH | Building
Fra:1 Mem:12.05M (Peak 12.13M) | Time:00:00.00 | Mem:0.00M, Peak:0.00M | Scene, ViewLayer | Updating Scene BVH | Building BVH
Fra:1 Mem:12.05M (Peak 12.13M) | Time:00:00.00 | Mem:0.01M, Peak:0.01M | Scene, ViewLayer | Updating Scene BVH | Building BVH 0%
Fra:1 Mem:12.05M (Peak 12.13M) | Time:00:00.00 | Mem:0.01M, Peak:0.01M | Scene, ViewLayer | Updating Scene BVH | Copying BVH to device
Fra:1 Mem:12.05M (Peak 12.13M) | Time:00:00.00 | Mem:0.01M, Peak:0.01M | Scene, ViewLayer | Updating Mesh | Computing normals
Fra:1 Mem:12.05M (Peak 12.13M) | Time:00:00.00 | Mem:0.01M, Peak:0.01M | Scene, ViewLayer | Updating Mesh | Copying Mesh to device
Fra:1 Mem:12.05M (Peak 12.13M) | Time:00:00.00 | Mem:0.02M, Peak:0.02M | Scene, ViewLayer | Updating Objects Flags
Fra:1 Mem:12.05M (Peak 12.13M) | Time:00:00.00 | Mem:0.02M, Peak:0.02M | Scene, ViewLayer | Updating Primitive Offsets
Fra:1 Mem:12.05M (Peak 12.13M) | Time:00:00.00 | Mem:0.02M, Peak:0.02M | Scene, ViewLayer | Updating Images
Fra:1 Mem:12.05M (Peak 12.13M) | Time:00:00.00 | Mem:0.02M, Peak:0.02M | Scene, ViewLayer | Updating Camera Volume
Fra:1 Mem:12.05M (Peak 12.13M) | Time:00:00.00 | Mem:0.02M, Peak:0.02M | Scene, ViewLayer | Updating Lookup Tables
Fra:1 Mem:12.05M (Peak 12.13M) | Time:00:00.00 | Mem:0.10M, Peak:0.10M | Scene, ViewLayer | Updating Lights
Fra:1 Mem:12.05M (Peak 12.13M) | Time:00:00.00 | Mem:0.10M, Peak:0.10M | Scene, ViewLayer | Updating Lights | Computing tree
Fra:1 Mem:12.06M (Peak 12.13M) | Time:00:00.00 | Mem:0.10M, Peak:0.10M | Scene, ViewLayer | Updating Integrator
Fra:1 Mem:12.06M (Peak 12.13M) | Time:00:00.00 | Mem:0.10M, Peak:0.10M | Scene, ViewLayer | Updating Film
Fra:1 Mem:12.06M (Peak 12.13M) | Time:00:00.00 | Mem:0.02M, Peak:0.10M | Scene, ViewLayer | Updating Lookup Tables
Fra:1 Mem:12.06M (Peak 12.13M) | Time:00:00.00 | Mem:0.10M, Peak:0.10M | Scene, ViewLayer | Updating Baking
Fra:1 Mem:12.06M (Peak 12.13M) | Time:00:00.00 | Mem:0.10M, Peak:0.10M | Scene, ViewLayer | Updating Device | Writing constant memory
Fra:1 Mem:12.06M (Peak 12.13M) | Time:00:00.00 | Mem:0.10M, Peak:0.10M | Scene, ViewLayer | Sample 0/16
Fra:1 Mem:26.13M (Peak 26.13M) | Time:00:00.06 | Remaining:00:00.96 | Mem:14.16M, Peak:14.16M | Scene, ViewLayer | Sample 1/16
Fra:1 Mem:32.38M (Peak 44.88M) | Time:00:00.62 | Mem:14.16M, Peak:14.16M | Scene, ViewLayer | Sample 16/16
Fra:1 Mem:32.38M (Peak 44.88M) | Time:00:00.62 | Mem:14.16M, Peak:14.16M | Scene, ViewLayer | Finished
Saved: '/workspace/scratch/7c20b5ba4165/atlas-backlog-oct3/tools/assets/landmark-entrance-details/qa/previews/waterfront-window-recess-top.png'
Time: 00:00.68 (Saving: 00:00.06)

Extensions: writing cache failed ([Errno 30] Read-only file system: '/home/agent/.config/blender').
15:03:18 | INFO: Data are loaded, start creating Blender stuff
15:03:18 | INFO: Blender create Mesh node archivolt-0.001
15:03:18 | INFO: glTF import finished in 0.00s
Fra:1 Mem:14.39M (Peak 14.39M) | Time:00:00.00 | Mem:0.00M, Peak:0.00M | Scene, ViewLayer | Synchronizing object | marine-archivolt-relief
Fra:1 Mem:14.47M (Peak 14.47M) | Time:00:00.00 | Mem:0.00M, Peak:0.00M | Scene, ViewLayer | Synchronizing object | QA-ruler-tick-10
Fra:1 Mem:14.90M (Peak 14.90M) | Time:00:00.00 | Mem:0.00M, Peak:0.00M | Scene, ViewLayer | Synchronizing object | QA-ruler-tick-9
Fra:1 Mem:14.90M (Peak 14.90M) | Time:00:00.00 | Mem:0.00M, Peak:0.00M | Scene, ViewLayer | Synchronizing object | QA-ruler-tick-8
Fra:1 Mem:14.90M (Peak 14.90M) | Time:00:00.00 | Mem:0.00M, Peak:0.00M | Scene, ViewLayer | Synchronizing object | QA-ruler-tick-7
Fra:1 Mem:14.90M (Peak 14.90M) | Time:00:00.00 | Mem:0.00M, Peak:0.00M | Scene, ViewLayer | Synchronizing object | QA-ruler-tick-6
Fra:1 Mem:14.90M (Peak 14.90M) | Time:00:00.00 | Mem:0.00M, Peak:0.00M | Scene, ViewLayer | Synchronizing object | QA-ruler-tick-5
Fra:1 Mem:14.90M (Peak 14.90M) | Time:00:00.00 | Mem:0.00M, Peak:0.00M | Scene, ViewLayer | Synchronizing object | QA-ruler-tick-4
Fra:1 Mem:14.90M (Peak 14.90M) | Time:00:00.00 | Mem:0.00M, Peak:0.00M | Scene, ViewLayer | Synchronizing object | QA-ruler-tick-3
Fra:1 Mem:14.91M (Peak 14.91M) | Time:00:00.00 | Mem:0.00M, Peak:0.00M | Scene, ViewLayer | Synchronizing object | QA-ruler-tick-2
Fra:1 Mem:14.91M (Peak 14.91M) | Time:00:00.00 | Mem:0.00M, Peak:0.00M | Scene, ViewLayer | Synchronizing object | QA-ruler-tick-1
Fra:1 Mem:14.91M (Peak 14.91M) | Time:00:00.00 | Mem:0.00M, Peak:0.00M | Scene, ViewLayer | Synchronizing object | QA-ruler-tick-0
Fra:1 Mem:14.91M (Peak 14.91M) | Time:00:00.00 | Mem:0.00M, Peak:0.00M | Scene, ViewLayer | Synchronizing object | QA-one-metre-ruler
Fra:1 Mem:14.91M (Peak 14.91M) | Time:00:00.00 | Mem:0.00M, Peak:0.00M | Scene, ViewLayer | Synchronizing object | QA-human-1.81m-head
Fra:1 Mem:14.94M (Peak 14.94M) | Time:00:00.00 | Mem:0.00M, Peak:0.00M | Scene, ViewLayer | Synchronizing object | QA-human-1.81m-arm.001
Fra:1 Mem:14.95M (Peak 14.95M) | Time:00:00.00 | Mem:0.00M, Peak:0.00M | Scene, ViewLayer | Synchronizing object | QA-human-1.81m-arm
Fra:1 Mem:15.00M (Peak 15.00M) | Time:00:00.00 | Mem:0.00M, Peak:0.00M | Scene, ViewLayer | Synchronizing object | QA-human-1.81m-leg.001
Fra:1 Mem:15.00M (Peak 15.00M) | Time:00:00.00 | Mem:0.00M, Peak:0.00M | Scene, ViewLayer | Synchronizing object | QA-human-1.81m-leg
Fra:1 Mem:15.00M (Peak 15.00M) | Time:00:00.00 | Mem:0.00M, Peak:0.00M | Scene, ViewLayer | Synchronizing object | QA-human-1.81m-neck
Fra:1 Mem:15.01M (Peak 15.01M) | Time:00:00.00 | Mem:0.00M, Peak:0.00M | Scene, ViewLayer | Synchronizing object | QA-human-1.81m-body
Fra:1 Mem:15.03M (Peak 15.03M) | Time:00:00.00 | Mem:0.00M, Peak:0.00M | Scene, ViewLayer | Synchronizing object | QA-human-1.75m-head
Fra:1 Mem:15.04M (Peak 15.04M) | Time:00:00.00 | Mem:0.00M, Peak:0.00M | Scene, ViewLayer | Synchronizing object | QA-human-1.75m-arm.001
Fra:1 Mem:15.04M (Peak 15.04M) | Time:00:00.00 | Mem:0.00M, Peak:0.00M | Scene, ViewLayer | Synchronizing object | QA-human-1.75m-arm
Fra:1 Mem:15.02M (Peak 15.04M) | Time:00:00.00 | Mem:0.00M, Peak:0.00M | Scene, ViewLayer | Synchronizing object | QA-human-1.75m-leg.001
Fra:1 Mem:15.03M (Peak 15.04M) | Time:00:00.00 | Mem:0.00M, Peak:0.00M | Scene, ViewLayer | Synchronizing object | QA-human-1.75m-leg
Fra:1 Mem:15.03M (Peak 15.04M) | Time:00:00.00 | Mem:0.00M, Peak:0.00M | Scene, ViewLayer | Synchronizing object | QA-human-1.75m-neck
Fra:1 Mem:15.03M (Peak 15.04M) | Time:00:00.00 | Mem:0.00M, Peak:0.00M | Scene, ViewLayer | Synchronizing object | QA-human-1.75m-body
Fra:1 Mem:14.70M (Peak 15.04M) | Time:00:00.00 | Mem:0.00M, Peak:0.00M | Scene, ViewLayer | Initializing
Fra:1 Mem:13.64M (Peak 15.04M) | Time:00:00.00 | Mem:0.00M, Peak:0.00M | Scene, ViewLayer | Waiting for render to start
Fra:1 Mem:13.64M (Peak 15.04M) | Time:00:00.00 | Mem:0.00M, Peak:0.00M | Scene, ViewLayer | Loading render kernels (may take a few minutes the first time)
Fra:1 Mem:13.64M (Peak 15.04M) | Time:00:00.00 | Mem:0.00M, Peak:0.00M | Scene, ViewLayer | Updating Scene
Fra:1 Mem:13.64M (Peak 15.04M) | Time:00:00.00 | Mem:0.00M, Peak:0.00M | Scene, ViewLayer | Updating Shaders
Fra:1 Mem:13.72M (Peak 15.04M) | Time:00:00.00 | Mem:0.00M, Peak:0.00M | Scene, ViewLayer | Updating Procedurals
Fra:1 Mem:13.72M (Peak 15.04M) | Time:00:00.00 | Mem:0.00M, Peak:0.00M | Scene, ViewLayer | Updating Background
Fra:1 Mem:13.72M (Peak 15.04M) | Time:00:00.00 | Mem:0.00M, Peak:0.00M | Scene, ViewLayer | Updating Camera
Fra:1 Mem:13.72M (Peak 15.04M) | Time:00:00.00 | Mem:0.00M, Peak:0.00M | Scene, ViewLayer | Updating Meshes Flags
Fra:1 Mem:13.72M (Peak 15.04M) | Time:00:00.00 | Mem:0.00M, Peak:0.00M | Scene, ViewLayer | Updating Objects
Fra:1 Mem:13.72M (Peak 15.04M) | Time:00:00.00 | Mem:0.00M, Peak:0.00M | Scene, ViewLayer | Updating Objects | Copying Transformations to device
Fra:1 Mem:13.73M (Peak 15.04M) | Time:00:00.00 | Mem:0.01M, Peak:0.01M | Scene, ViewLayer | Updating Objects | Applying Static Transformations
Fra:1 Mem:13.73M (Peak 15.04M) | Time:00:00.00 | Mem:0.01M, Peak:0.01M | Scene, ViewLayer | Updating Particle Systems
Fra:1 Mem:13.73M (Peak 15.04M) | Time:00:00.00 | Mem:0.01M, Peak:0.01M | Scene, ViewLayer | Updating Particle Systems | Copying Particles to device
Fra:1 Mem:13.73M (Peak 15.04M) | Time:00:00.00 | Mem:0.01M, Peak:0.01M | Scene, ViewLayer | Updating Meshes
Fra:1 Mem:13.76M (Peak 15.04M) | Time:00:00.00 | Mem:0.01M, Peak:0.01M | Scene, ViewLayer | Updating Mesh | Computing attributes
Fra:1 Mem:13.82M (Peak 15.04M) | Time:00:00.00 | Mem:0.01M, Peak:0.01M | Scene, ViewLayer | Updating Mesh | Copying Attributes to device
Fra:1 Mem:13.81M (Peak 15.04M) | Time:00:00.00 | Mem:0.06M, Peak:0.06M | Scene, ViewLayer | Updating Scene BVH | Building
Fra:1 Mem:13.81M (Peak 15.04M) | Time:00:00.00 | Mem:0.06M, Peak:0.06M | Scene, ViewLayer | Updating Scene BVH | Building BVH
Fra:1 Mem:13.81M (Peak 15.04M) | Time:00:00.00 | Mem:0.12M, Peak:0.12M | Scene, ViewLayer | Updating Scene BVH | Building BVH 0%
Fra:1 Mem:13.81M (Peak 15.04M) | Time:00:00.00 | Mem:0.19M, Peak:0.25M | Scene, ViewLayer | Updating Scene BVH | Copying BVH to device
Fra:1 Mem:13.81M (Peak 15.04M) | Time:00:00.00 | Mem:0.19M, Peak:0.25M | Scene, ViewLayer | Updating Mesh | Computing normals
Fra:1 Mem:13.99M (Peak 15.04M) | Time:00:00.00 | Mem:0.19M, Peak:0.25M | Scene, ViewLayer | Updating Mesh | Copying Mesh to device
Fra:1 Mem:13.99M (Peak 15.04M) | Time:00:00.00 | Mem:0.37M, Peak:0.37M | Scene, ViewLayer | Updating Objects Flags
Fra:1 Mem:13.99M (Peak 15.04M) | Time:00:00.00 | Mem:0.37M, Peak:0.37M | Scene, ViewLayer | Updating Primitive Offsets
Fra:1 Mem:13.99M (Peak 15.04M) | Time:00:00.00 | Mem:0.37M, Peak:0.37M | Scene, ViewLayer | Updating Images
Fra:1 Mem:13.99M (Peak 15.04M) | Time:00:00.00 | Mem:0.37M, Peak:0.37M | Scene, ViewLayer | Updating Camera Volume
Fra:1 Mem:13.99M (Peak 15.04M) | Time:00:00.00 | Mem:0.37M, Peak:0.37M | Scene, ViewLayer | Updating Lookup Tables
Fra:1 Mem:13.99M (Peak 15.04M) | Time:00:00.00 | Mem:0.45M, Peak:0.45M | Scene, ViewLayer | Updating Lights
Fra:1 Mem:13.99M (Peak 15.04M) | Time:00:00.00 | Mem:0.45M, Peak:0.45M | Scene, ViewLayer | Updating Lights | Computing tree
Fra:1 Mem:13.99M (Peak 15.04M) | Time:00:00.00 | Mem:0.45M, Peak:0.45M | Scene, ViewLayer | Updating Integrator
Fra:1 Mem:13.99M (Peak 15.04M) | Time:00:00.00 | Mem:0.45M, Peak:0.45M | Scene, ViewLayer | Updating Film
Fra:1 Mem:14.00M (Peak 15.04M) | Time:00:00.00 | Mem:0.37M, Peak:0.45M | Scene, ViewLayer | Updating Lookup Tables
Fra:1 Mem:14.00M (Peak 15.04M) | Time:00:00.00 | Mem:0.45M, Peak:0.45M | Scene, ViewLayer | Updating Baking
Fra:1 Mem:14.00M (Peak 15.04M) | Time:00:00.00 | Mem:0.45M, Peak:0.45M | Scene, ViewLayer | Updating Device | Writing constant memory
Fra:1 Mem:14.00M (Peak 15.04M) | Time:00:00.00 | Mem:0.45M, Peak:0.45M | Scene, ViewLayer | Sample 0/16
Fra:1 Mem:28.07M (Peak 28.07M) | Time:00:00.10 | Remaining:00:01.45 | Mem:14.51M, Peak:14.51M | Scene, ViewLayer | Sample 1/16
Fra:1 Mem:34.32M (Peak 46.82M) | Time:00:01.17 | Mem:14.51M, Peak:14.51M | Scene, ViewLayer | Sample 16/16
Fra:1 Mem:34.32M (Peak 46.82M) | Time:00:01.17 | Mem:14.51M, Peak:14.51M | Scene, ViewLayer | Finished
Saved: '/workspace/scratch/7c20b5ba4165/atlas-backlog-oct3/tools/assets/landmark-entrance-details/qa/previews/marine-archivolt-relief-lod0-front.png'
Time: 00:01.24 (Saving: 00:00.06)

Extensions: writing cache failed ([Errno 30] Read-only file system: '/home/agent/.config/blender').
15:03:19 | INFO: Data are loaded, start creating Blender stuff
15:03:19 | INFO: Blender create Mesh node archivolt-0.001
15:03:19 | INFO: glTF import finished in 0.00s
Fra:1 Mem:14.25M (Peak 14.25M) | Time:00:00.00 | Mem:0.00M, Peak:0.00M | Scene, ViewLayer | Synchronizing object | marine-archivolt-relief
Fra:1 Mem:14.46M (Peak 14.46M) | Time:00:00.00 | Mem:0.00M, Peak:0.00M | Scene, ViewLayer | Synchronizing object | QA-ruler-tick-10
Fra:1 Mem:14.50M (Peak 14.50M) | Time:00:00.00 | Mem:0.00M, Peak:0.00M | Scene, ViewLayer | Synchronizing object | QA-ruler-tick-9
Fra:1 Mem:14.50M (Peak 14.50M) | Time:00:00.00 | Mem:0.00M, Peak:0.00M | Scene, ViewLayer | Synchronizing object | QA-ruler-tick-8
Fra:1 Mem:14.51M (Peak 14.51M) | Time:00:00.00 | Mem:0.00M, Peak:0.00M | Scene, ViewLayer | Synchronizing object | QA-ruler-tick-7
Fra:1 Mem:14.53M (Peak 14.53M) | Time:00:00.00 | Mem:0.00M, Peak:0.00M | Scene, ViewLayer | Synchronizing object | QA-ruler-tick-6
Fra:1 Mem:14.52M (Peak 14.53M) | Time:00:00.00 | Mem:0.00M, Peak:0.00M | Scene, ViewLayer | Synchronizing object | QA-ruler-tick-5
Fra:1 Mem:14.34M (Peak 14.53M) | Time:00:00.00 | Mem:0.00M, Peak:0.00M | Scene, ViewLayer | Synchronizing object | QA-ruler-tick-4
Fra:1 Mem:14.37M (Peak 14.53M) | Time:00:00.00 | Mem:0.00M, Peak:0.00M | Scene, ViewLayer | Synchronizing object | QA-ruler-tick-3
Fra:1 Mem:14.38M (Peak 14.53M) | Time:00:00.00 | Mem:0.00M, Peak:0.00M | Scene, ViewLayer | Synchronizing object | QA-ruler-tick-2
Fra:1 Mem:14.39M (Peak 14.53M) | Time:00:00.00 | Mem:0.00M, Peak:0.00M | Scene, ViewLayer | Synchronizing object | QA-ruler-tick-1
Fra:1 Mem:14.39M (Peak 14.53M) | Time:00:00.00 | Mem:0.00M, Peak:0.00M | Scene, ViewLayer | Synchronizing object | QA-ruler-tick-0
Fra:1 Mem:14.40M (Peak 14.53M) | Time:00:00.00 | Mem:0.00M, Peak:0.00M | Scene, ViewLayer | Synchronizing object | QA-one-metre-ruler
Fra:1 Mem:14.40M (Peak 14.53M) | Time:00:00.00 | Mem:0.00M, Peak:0.00M | Scene, ViewLayer | Synchronizing object | QA-human-1.81m-head
Fra:1 Mem:14.41M (Peak 14.53M) | Time:00:00.00 | Mem:0.00M, Peak:0.00M | Scene, ViewLayer | Synchronizing object | QA-human-1.81m-arm.001
Fra:1 Mem:14.43M (Peak 14.53M) | Time:00:00.00 | Mem:0.00M, Peak:0.00M | Scene, ViewLayer | Synchronizing object | QA-human-1.81m-arm
Fra:1 Mem:14.44M (Peak 14.53M) | Time:00:00.00 | Mem:0.00M, Peak:0.00M | Scene, ViewLayer | Synchronizing object | QA-human-1.81m-leg.001
Fra:1 Mem:14.51M (Peak 14.53M) | Time:00:00.00 | Mem:0.00M, Peak:0.00M | Scene, ViewLayer | Synchronizing object | QA-human-1.81m-leg
Fra:1 Mem:14.52M (Peak 14.53M) | Time:00:00.00 | Mem:0.00M, Peak:0.00M | Scene, ViewLayer | Synchronizing object | QA-human-1.81m-neck
Fra:1 Mem:14.52M (Peak 14.53M) | Time:00:00.00 | Mem:0.00M, Peak:0.00M | Scene, ViewLayer | Synchronizing object | QA-human-1.81m-body
Fra:1 Mem:14.52M (Peak 14.53M) | Time:00:00.00 | Mem:0.00M, Peak:0.00M | Scene, ViewLayer | Synchronizing object | QA-human-1.75m-head
Fra:1 Mem:14.53M (Peak 14.53M) | Time:00:00.00 | Mem:0.00M, Peak:0.00M | Scene, ViewLayer | Synchronizing object | QA-human-1.75m-arm.001
Fra:1 Mem:14.53M (Peak 14.53M) | Time:00:00.00 | Mem:0.00M, Peak:0.00M | Scene, ViewLayer | Synchronizing object | QA-human-1.75m-arm
Fra:1 Mem:14.53M (Peak 14.53M) | Time:00:00.00 | Mem:0.00M, Peak:0.00M | Scene, ViewLayer | Synchronizing object | QA-human-1.75m-leg.001
Fra:1 Mem:14.53M (Peak 14.53M) | Time:00:00.00 | Mem:0.00M, Peak:0.00M | Scene, ViewLayer | Synchronizing object | QA-human-1.75m-leg
Fra:1 Mem:14.53M (Peak 14.53M) | Time:00:00.00 | Mem:0.00M, Peak:0.00M | Scene, ViewLayer | Synchronizing object | QA-human-1.75m-neck
Fra:1 Mem:14.50M (Peak 14.53M) | Time:00:00.00 | Mem:0.00M, Peak:0.00M | Scene, ViewLayer | Synchronizing object | QA-human-1.75m-body
Fra:1 Mem:14.41M (Peak 14.53M) | Time:00:00.00 | Mem:0.00M, Peak:0.00M | Scene, ViewLayer | Initializing
Fra:1 Mem:13.34M (Peak 14.53M) | Time:00:00.00 | Mem:0.00M, Peak:0.00M | Scene, ViewLayer | Waiting for render to start
Fra:1 Mem:13.34M (Peak 14.53M) | Time:00:00.00 | Mem:0.00M, Peak:0.00M | Scene, ViewLayer | Loading render kernels (may take a few minutes the first time)
Fra:1 Mem:13.34M (Peak 14.53M) | Time:00:00.00 | Mem:0.00M, Peak:0.00M | Scene, ViewLayer | Updating Scene
Fra:1 Mem:13.34M (Peak 14.53M) | Time:00:00.00 | Mem:0.00M, Peak:0.00M | Scene, ViewLayer | Updating Shaders
Fra:1 Mem:13.43M (Peak 14.53M) | Time:00:00.00 | Mem:0.00M, Peak:0.00M | Scene, ViewLayer | Updating Procedurals
Fra:1 Mem:13.43M (Peak 14.53M) | Time:00:00.00 | Mem:0.00M, Peak:0.00M | Scene, ViewLayer | Updating Background
Fra:1 Mem:13.43M (Peak 14.53M) | Time:00:00.00 | Mem:0.00M, Peak:0.00M | Scene, ViewLayer | Updating Camera
Fra:1 Mem:13.43M (Peak 14.53M) | Time:00:00.00 | Mem:0.00M, Peak:0.00M | Scene, ViewLayer | Updating Meshes Flags
Fra:1 Mem:13.43M (Peak 14.53M) | Time:00:00.00 | Mem:0.00M, Peak:0.00M | Scene, ViewLayer | Updating Objects
Fra:1 Mem:13.43M (Peak 14.53M) | Time:00:00.00 | Mem:0.00M, Peak:0.00M | Scene, ViewLayer | Updating Objects | Copying Transformations to device
Fra:1 Mem:13.43M (Peak 14.53M) | Time:00:00.00 | Mem:0.01M, Peak:0.01M | Scene, ViewLayer | Updating Objects | Applying Static Transformations
Fra:1 Mem:13.43M (Peak 14.53M) | Time:00:00.00 | Mem:0.01M, Peak:0.01M | Scene, ViewLayer | Updating Particle Systems
Fra:1 Mem:13.43M (Peak 14.53M) | Time:00:00.00 | Mem:0.01M, Peak:0.01M | Scene, ViewLayer | Updating Particle Systems | Copying Particles to device
Fra:1 Mem:13.43M (Peak 14.53M) | Time:00:00.00 | Mem:0.01M, Peak:0.01M | Scene, ViewLayer | Updating Meshes
Fra:1 Mem:13.45M (Peak 14.53M) | Time:00:00.00 | Mem:0.01M, Peak:0.01M | Scene, ViewLayer | Updating Mesh | Computing attributes
Fra:1 Mem:13.48M (Peak 14.53M) | Time:00:00.00 | Mem:0.01M, Peak:0.01M | Scene, ViewLayer | Updating Mesh | Copying Attributes to device
Fra:1 Mem:13.47M (Peak 14.53M) | Time:00:00.00 | Mem:0.03M, Peak:0.03M | Scene, ViewLayer | Updating Scene BVH | Building
Fra:1 Mem:13.47M (Peak 14.53M) | Time:00:00.00 | Mem:0.03M, Peak:0.03M | Scene, ViewLayer | Updating Scene BVH | Building BVH
Fra:1 Mem:13.47M (Peak 14.53M) | Time:00:00.00 | Mem:0.07M, Peak:0.07M | Scene, ViewLayer | Updating Scene BVH | Building BVH 0%
Fra:1 Mem:13.47M (Peak 14.53M) | Time:00:00.00 | Mem:0.10M, Peak:0.14M | Scene, ViewLayer | Updating Scene BVH | Copying BVH to device
Fra:1 Mem:13.47M (Peak 14.53M) | Time:00:00.00 | Mem:0.10M, Peak:0.14M | Scene, ViewLayer | Updating Mesh | Computing normals
Fra:1 Mem:13.56M (Peak 14.53M) | Time:00:00.00 | Mem:0.10M, Peak:0.14M | Scene, ViewLayer | Updating Mesh | Copying Mesh to device
Fra:1 Mem:13.56M (Peak 14.53M) | Time:00:00.00 | Mem:0.19M, Peak:0.19M | Scene, ViewLayer | Updating Objects Flags
Fra:1 Mem:13.56M (Peak 14.53M) | Time:00:00.00 | Mem:0.19M, Peak:0.19M | Scene, ViewLayer | Updating Primitive Offsets
Fra:1 Mem:13.56M (Peak 14.53M) | Time:00:00.00 | Mem:0.19M, Peak:0.19M | Scene, ViewLayer | Updating Images
Fra:1 Mem:13.56M (Peak 14.53M) | Time:00:00.00 | Mem:0.19M, Peak:0.19M | Scene, ViewLayer | Updating Camera Volume
Fra:1 Mem:13.56M (Peak 14.53M) | Time:00:00.00 | Mem:0.19M, Peak:0.19M | Scene, ViewLayer | Updating Lookup Tables
Fra:1 Mem:13.56M (Peak 14.53M) | Time:00:00.00 | Mem:0.27M, Peak:0.27M | Scene, ViewLayer | Updating Lights
Fra:1 Mem:13.56M (Peak 14.53M) | Time:00:00.00 | Mem:0.27M, Peak:0.27M | Scene, ViewLayer | Updating Lights | Computing tree
Fra:1 Mem:13.56M (Peak 14.53M) | Time:00:00.00 | Mem:0.27M, Peak:0.27M | Scene, ViewLayer | Updating Integrator
Fra:1 Mem:13.56M (Peak 14.53M) | Time:00:00.00 | Mem:0.27M, Peak:0.27M | Scene, ViewLayer | Updating Film
Fra:1 Mem:13.56M (Peak 14.53M) | Time:00:00.00 | Mem:0.19M, Peak:0.27M | Scene, ViewLayer | Updating Lookup Tables
Fra:1 Mem:13.56M (Peak 14.53M) | Time:00:00.00 | Mem:0.27M, Peak:0.27M | Scene, ViewLayer | Updating Baking
Fra:1 Mem:13.56M (Peak 14.53M) | Time:00:00.00 | Mem:0.27M, Peak:0.27M | Scene, ViewLayer | Updating Device | Writing constant memory
Fra:1 Mem:13.56M (Peak 14.53M) | Time:00:00.00 | Mem:0.27M, Peak:0.27M | Scene, ViewLayer | Sample 0/16
Fra:1 Mem:27.63M (Peak 27.63M) | Time:00:00.09 | Remaining:00:01.43 | Mem:14.33M, Peak:14.33M | Scene, ViewLayer | Sample 1/16
Fra:1 Mem:33.88M (Peak 46.38M) | Time:00:01.19 | Mem:14.33M, Peak:14.33M | Scene, ViewLayer | Sample 16/16
Fra:1 Mem:33.88M (Peak 46.38M) | Time:00:01.19 | Mem:14.33M, Peak:14.33M | Scene, ViewLayer | Finished
Saved: '/workspace/scratch/7c20b5ba4165/atlas-backlog-oct3/tools/assets/landmark-entrance-details/qa/previews/marine-archivolt-relief-lod1-front.png'
Time: 00:01.26 (Saving: 00:00.06)

Extensions: writing cache failed ([Errno 30] Read-only file system: '/home/agent/.config/blender').
15:03:20 | INFO: Data are loaded, start creating Blender stuff
15:03:20 | INFO: Blender create Mesh node archivolt-0.001
15:03:20 | INFO: glTF import finished in 0.00s
Fra:1 Mem:14.19M (Peak 14.19M) | Time:00:00.00 | Mem:0.00M, Peak:0.00M | Scene, ViewLayer | Synchronizing object | marine-archivolt-relief
Fra:1 Mem:14.28M (Peak 14.28M) | Time:00:00.00 | Mem:0.00M, Peak:0.00M | Scene, ViewLayer | Synchronizing object | QA-ruler-tick-10
Fra:1 Mem:14.27M (Peak 14.28M) | Time:00:00.00 | Mem:0.00M, Peak:0.00M | Scene, ViewLayer | Synchronizing object | QA-ruler-tick-9
Fra:1 Mem:14.27M (Peak 14.28M) | Time:00:00.00 | Mem:0.00M, Peak:0.00M | Scene, ViewLayer | Synchronizing object | QA-ruler-tick-8
Fra:1 Mem:14.27M (Peak 14.28M) | Time:00:00.00 | Mem:0.00M, Peak:0.00M | Scene, ViewLayer | Synchronizing object | QA-ruler-tick-7
Fra:1 Mem:14.25M (Peak 14.28M) | Time:00:00.00 | Mem:0.00M, Peak:0.00M | Scene, ViewLayer | Synchronizing object | QA-ruler-tick-6
Fra:1 Mem:14.26M (Peak 14.28M) | Time:00:00.00 | Mem:0.00M, Peak:0.00M | Scene, ViewLayer | Synchronizing object | QA-ruler-tick-5
Fra:1 Mem:14.27M (Peak 14.28M) | Time:00:00.00 | Mem:0.00M, Peak:0.00M | Scene, ViewLayer | Synchronizing object | QA-ruler-tick-4
Fra:1 Mem:14.27M (Peak 14.28M) | Time:00:00.00 | Mem:0.00M, Peak:0.00M | Scene, ViewLayer | Synchronizing object | QA-ruler-tick-3
Fra:1 Mem:14.24M (Peak 14.28M) | Time:00:00.00 | Mem:0.00M, Peak:0.00M | Scene, ViewLayer | Synchronizing object | QA-ruler-tick-2
Fra:1 Mem:14.24M (Peak 14.28M) | Time:00:00.00 | Mem:0.00M, Peak:0.00M | Scene, ViewLayer | Synchronizing object | QA-ruler-tick-1
Fra:1 Mem:14.24M (Peak 14.28M) | Time:00:00.00 | Mem:0.00M, Peak:0.00M | Scene, ViewLayer | Synchronizing object | QA-ruler-tick-0
Fra:1 Mem:14.24M (Peak 14.28M) | Time:00:00.00 | Mem:0.00M, Peak:0.00M | Scene, ViewLayer | Synchronizing object | QA-one-metre-ruler
Fra:1 Mem:14.24M (Peak 14.28M) | Time:00:00.00 | Mem:0.00M, Peak:0.00M | Scene, ViewLayer | Synchronizing object | QA-human-1.75m-body
Fra:1 Mem:14.24M (Peak 14.28M) | Time:00:00.00 | Mem:0.00M, Peak:0.00M | Scene, ViewLayer | Synchronizing object | QA-human-1.81m-head
Fra:1 Mem:14.24M (Peak 14.28M) | Time:00:00.00 | Mem:0.00M, Peak:0.00M | Scene, ViewLayer | Synchronizing object | QA-human-1.75m-neck
Fra:1 Mem:14.25M (Peak 14.28M) | Time:00:00.00 | Mem:0.00M, Peak:0.00M | Scene, ViewLayer | Synchronizing object | QA-human-1.75m-leg
Fra:1 Mem:14.25M (Peak 14.28M) | Time:00:00.00 | Mem:0.00M, Peak:0.00M | Scene, ViewLayer | Synchronizing object | QA-human-1.81m-arm.001
Fra:1 Mem:14.25M (Peak 14.28M) | Time:00:00.00 | Mem:0.00M, Peak:0.00M | Scene, ViewLayer | Synchronizing object | QA-human-1.75m-leg.001
Fra:1 Mem:14.25M (Peak 14.28M) | Time:00:00.00 | Mem:0.00M, Peak:0.00M | Scene, ViewLayer | Synchronizing object | QA-human-1.81m-arm
Fra:1 Mem:14.25M (Peak 14.28M) | Time:00:00.00 | Mem:0.00M, Peak:0.00M | Scene, ViewLayer | Synchronizing object | QA-human-1.75m-arm
Fra:1 Mem:14.26M (Peak 14.28M) | Time:00:00.00 | Mem:0.00M, Peak:0.00M | Scene, ViewLayer | Synchronizing object | QA-human-1.81m-leg.001
Fra:1 Mem:14.26M (Peak 14.28M) | Time:00:00.00 | Mem:0.00M, Peak:0.00M | Scene, ViewLayer | Synchronizing object | QA-human-1.75m-arm.001
Fra:1 Mem:14.26M (Peak 14.28M) | Time:00:00.00 | Mem:0.00M, Peak:0.00M | Scene, ViewLayer | Synchronizing object | QA-human-1.81m-leg
Fra:1 Mem:14.26M (Peak 14.28M) | Time:00:00.00 | Mem:0.00M, Peak:0.00M | Scene, ViewLayer | Synchronizing object | QA-human-1.75m-head
Fra:1 Mem:14.26M (Peak 14.28M) | Time:00:00.00 | Mem:0.00M, Peak:0.00M | Scene, ViewLayer | Synchronizing object | QA-human-1.81m-neck
Fra:1 Mem:14.27M (Peak 14.28M) | Time:00:00.00 | Mem:0.00M, Peak:0.00M | Scene, ViewLayer | Synchronizing object | QA-human-1.81m-body
Fra:1 Mem:14.27M (Peak 14.28M) | Time:00:00.00 | Mem:0.00M, Peak:0.00M | Scene, ViewLayer | Initializing
Fra:1 Mem:13.21M (Peak 14.28M) | Time:00:00.00 | Mem:0.00M, Peak:0.00M | Scene, ViewLayer | Waiting for render to start
Fra:1 Mem:13.21M (Peak 14.28M) | Time:00:00.00 | Mem:0.00M, Peak:0.00M | Scene, ViewLayer | Loading render kernels (may take a few minutes the first time)
Fra:1 Mem:13.21M (Peak 14.28M) | Time:00:00.00 | Mem:0.00M, Peak:0.00M | Scene, ViewLayer | Updating Scene
Fra:1 Mem:13.21M (Peak 14.28M) | Time:00:00.00 | Mem:0.00M, Peak:0.00M | Scene, ViewLayer | Updating Shaders
Fra:1 Mem:13.29M (Peak 14.28M) | Time:00:00.00 | Mem:0.00M, Peak:0.00M | Scene, ViewLayer | Updating Procedurals
Fra:1 Mem:13.29M (Peak 14.28M) | Time:00:00.00 | Mem:0.00M, Peak:0.00M | Scene, ViewLayer | Updating Background
Fra:1 Mem:13.29M (Peak 14.28M) | Time:00:00.00 | Mem:0.00M, Peak:0.00M | Scene, ViewLayer | Updating Camera
Fra:1 Mem:13.29M (Peak 14.28M) | Time:00:00.00 | Mem:0.00M, Peak:0.00M | Scene, ViewLayer | Updating Meshes Flags
Fra:1 Mem:13.29M (Peak 14.28M) | Time:00:00.00 | Mem:0.00M, Peak:0.00M | Scene, ViewLayer | Updating Objects
Fra:1 Mem:13.29M (Peak 14.28M) | Time:00:00.00 | Mem:0.00M, Peak:0.00M | Scene, ViewLayer | Updating Objects | Copying Transformations to device
Fra:1 Mem:13.30M (Peak 14.28M) | Time:00:00.00 | Mem:0.01M, Peak:0.01M | Scene, ViewLayer | Updating Objects | Applying Static Transformations
Fra:1 Mem:13.30M (Peak 14.28M) | Time:00:00.00 | Mem:0.01M, Peak:0.01M | Scene, ViewLayer | Updating Particle Systems
Fra:1 Mem:13.30M (Peak 14.28M) | Time:00:00.00 | Mem:0.01M, Peak:0.01M | Scene, ViewLayer | Updating Particle Systems | Copying Particles to device
Fra:1 Mem:13.30M (Peak 14.28M) | Time:00:00.00 | Mem:0.01M, Peak:0.01M | Scene, ViewLayer | Updating Meshes
Fra:1 Mem:13.31M (Peak 14.28M) | Time:00:00.00 | Mem:0.01M, Peak:0.01M | Scene, ViewLayer | Updating Mesh | Computing attributes
Fra:1 Mem:13.33M (Peak 14.28M) | Time:00:00.00 | Mem:0.01M, Peak:0.01M | Scene, ViewLayer | Updating Mesh | Copying Attributes to device
Fra:1 Mem:13.32M (Peak 14.28M) | Time:00:00.00 | Mem:0.02M, Peak:0.02M | Scene, ViewLayer | Updating Scene BVH | Building
Fra:1 Mem:13.32M (Peak 14.28M) | Time:00:00.00 | Mem:0.02M, Peak:0.02M | Scene, ViewLayer | Updating Scene BVH | Building BVH
Fra:1 Mem:13.32M (Peak 14.28M) | Time:00:00.00 | Mem:0.04M, Peak:0.04M | Scene, ViewLayer | Updating Scene BVH | Building BVH 0%
Fra:1 Mem:13.32M (Peak 14.28M) | Time:00:00.00 | Mem:0.07M, Peak:0.09M | Scene, ViewLayer | Updating Scene BVH | Copying BVH to device
Fra:1 Mem:13.32M (Peak 14.28M) | Time:00:00.00 | Mem:0.07M, Peak:0.09M | Scene, ViewLayer | Updating Mesh | Computing normals
Fra:1 Mem:13.36M (Peak 14.28M) | Time:00:00.00 | Mem:0.07M, Peak:0.09M | Scene, ViewLayer | Updating Mesh | Copying Mesh to device
Fra:1 Mem:13.36M (Peak 14.28M) | Time:00:00.00 | Mem:0.11M, Peak:0.11M | Scene, ViewLayer | Updating Objects Flags
Fra:1 Mem:13.36M (Peak 14.28M) | Time:00:00.00 | Mem:0.11M, Peak:0.11M | Scene, ViewLayer | Updating Primitive Offsets
Fra:1 Mem:13.36M (Peak 14.28M) | Time:00:00.00 | Mem:0.11M, Peak:0.11M | Scene, ViewLayer | Updating Images
Fra:1 Mem:13.36M (Peak 14.28M) | Time:00:00.00 | Mem:0.11M, Peak:0.11M | Scene, ViewLayer | Updating Camera Volume
Fra:1 Mem:13.36M (Peak 14.28M) | Time:00:00.00 | Mem:0.11M, Peak:0.11M | Scene, ViewLayer | Updating Lookup Tables
Fra:1 Mem:13.36M (Peak 14.28M) | Time:00:00.00 | Mem:0.19M, Peak:0.19M | Scene, ViewLayer | Updating Lights
Fra:1 Mem:13.36M (Peak 14.28M) | Time:00:00.00 | Mem:0.19M, Peak:0.19M | Scene, ViewLayer | Updating Lights | Computing tree
Fra:1 Mem:13.36M (Peak 14.28M) | Time:00:00.00 | Mem:0.19M, Peak:0.19M | Scene, ViewLayer | Updating Integrator
Fra:1 Mem:13.36M (Peak 14.28M) | Time:00:00.00 | Mem:0.19M, Peak:0.19M | Scene, ViewLayer | Updating Film
Fra:1 Mem:13.37M (Peak 14.28M) | Time:00:00.00 | Mem:0.11M, Peak:0.19M | Scene, ViewLayer | Updating Lookup Tables
Fra:1 Mem:13.37M (Peak 14.28M) | Time:00:00.00 | Mem:0.20M, Peak:0.20M | Scene, ViewLayer | Updating Baking
Fra:1 Mem:13.37M (Peak 14.28M) | Time:00:00.00 | Mem:0.20M, Peak:0.20M | Scene, ViewLayer | Updating Device | Writing constant memory
Fra:1 Mem:13.37M (Peak 14.28M) | Time:00:00.00 | Mem:0.20M, Peak:0.20M | Scene, ViewLayer | Sample 0/16
Fra:1 Mem:27.44M (Peak 27.44M) | Time:00:00.10 | Remaining:00:01.54 | Mem:14.26M, Peak:14.26M | Scene, ViewLayer | Sample 1/16
Fra:1 Mem:33.69M (Peak 46.19M) | Time:00:01.24 | Mem:14.26M, Peak:14.26M | Scene, ViewLayer | Sample 16/16
Fra:1 Mem:33.69M (Peak 46.19M) | Time:00:01.24 | Mem:14.26M, Peak:14.26M | Scene, ViewLayer | Finished
Saved: '/workspace/scratch/7c20b5ba4165/atlas-backlog-oct3/tools/assets/landmark-entrance-details/qa/previews/marine-archivolt-relief-lod2-front.png'
Time: 00:01.30 (Saving: 00:00.06)

Extensions: writing cache failed ([Errno 30] Read-only file system: '/home/agent/.config/blender').
15:03:22 | INFO: Data are loaded, start creating Blender stuff
15:03:22 | INFO: Blender create Mesh node archivolt-0.001
15:03:22 | INFO: glTF import finished in 0.00s
Fra:1 Mem:12.35M (Peak 12.35M) | Time:00:00.00 | Mem:0.00M, Peak:0.00M | Scene, ViewLayer | Synchronizing object | marine-archivolt-relief
Fra:1 Mem:12.61M (Peak 12.61M) | Time:00:00.00 | Mem:0.00M, Peak:0.00M | Scene, ViewLayer | Initializing
Fra:1 Mem:12.43M (Peak 12.61M) | Time:00:00.00 | Mem:0.00M, Peak:0.00M | Scene, ViewLayer | Waiting for render to start
Fra:1 Mem:12.43M (Peak 12.61M) | Time:00:00.00 | Mem:0.00M, Peak:0.00M | Scene, ViewLayer | Loading render kernels (may take a few minutes the first time)
Fra:1 Mem:12.43M (Peak 12.61M) | Time:00:00.00 | Mem:0.00M, Peak:0.00M | Scene, ViewLayer | Updating Scene
Fra:1 Mem:12.43M (Peak 12.61M) | Time:00:00.00 | Mem:0.00M, Peak:0.00M | Scene, ViewLayer | Updating Shaders
Fra:1 Mem:12.52M (Peak 12.61M) | Time:00:00.00 | Mem:0.00M, Peak:0.00M | Scene, ViewLayer | Updating Procedurals
Fra:1 Mem:12.52M (Peak 12.61M) | Time:00:00.00 | Mem:0.00M, Peak:0.00M | Scene, ViewLayer | Updating Background
Fra:1 Mem:12.52M (Peak 12.61M) | Time:00:00.00 | Mem:0.00M, Peak:0.00M | Scene, ViewLayer | Updating Camera
Fra:1 Mem:12.52M (Peak 12.61M) | Time:00:00.00 | Mem:0.00M, Peak:0.00M | Scene, ViewLayer | Updating Meshes Flags
Fra:1 Mem:12.52M (Peak 12.61M) | Time:00:00.00 | Mem:0.00M, Peak:0.00M | Scene, ViewLayer | Updating Objects
Fra:1 Mem:12.52M (Peak 12.61M) | Time:00:00.00 | Mem:0.00M, Peak:0.00M | Scene, ViewLayer | Updating Objects | Copying Transformations to device
Fra:1 Mem:12.52M (Peak 12.61M) | Time:00:00.00 | Mem:0.00M, Peak:0.00M | Scene, ViewLayer | Updating Objects | Applying Static Transformations
Fra:1 Mem:12.52M (Peak 12.61M) | Time:00:00.00 | Mem:0.00M, Peak:0.00M | Scene, ViewLayer | Updating Particle Systems
Fra:1 Mem:12.52M (Peak 12.61M) | Time:00:00.00 | Mem:0.00M, Peak:0.00M | Scene, ViewLayer | Updating Particle Systems | Copying Particles to device
Fra:1 Mem:12.52M (Peak 12.61M) | Time:00:00.00 | Mem:0.00M, Peak:0.00M | Scene, ViewLayer | Updating Meshes
Fra:1 Mem:12.54M (Peak 12.61M) | Time:00:00.00 | Mem:0.00M, Peak:0.00M | Scene, ViewLayer | Updating Mesh | Computing attributes
Fra:1 Mem:12.59M (Peak 12.61M) | Time:00:00.00 | Mem:0.00M, Peak:0.00M | Scene, ViewLayer | Updating Mesh | Copying Attributes to device
Fra:1 Mem:12.59M (Peak 12.61M) | Time:00:00.00 | Mem:0.05M, Peak:0.05M | Scene, ViewLayer | Updating Scene BVH | Building
Fra:1 Mem:12.59M (Peak 12.61M) | Time:00:00.00 | Mem:0.05M, Peak:0.05M | Scene, ViewLayer | Updating Scene BVH | Building BVH
Fra:1 Mem:12.59M (Peak 12.61M) | Time:00:00.00 | Mem:0.10M, Peak:0.10M | Scene, ViewLayer | Updating Scene BVH | Building BVH 0%
Fra:1 Mem:12.59M (Peak 12.61M) | Time:00:00.00 | Mem:0.14M, Peak:0.19M | Scene, ViewLayer | Updating Scene BVH | Copying BVH to device
Fra:1 Mem:12.59M (Peak 12.61M) | Time:00:00.00 | Mem:0.14M, Peak:0.19M | Scene, ViewLayer | Updating Mesh | Computing normals
Fra:1 Mem:12.75M (Peak 12.75M) | Time:00:00.00 | Mem:0.14M, Peak:0.19M | Scene, ViewLayer | Updating Mesh | Copying Mesh to device
Fra:1 Mem:12.75M (Peak 12.75M) | Time:00:00.00 | Mem:0.30M, Peak:0.30M | Scene, ViewLayer | Updating Objects Flags
Fra:1 Mem:12.75M (Peak 12.75M) | Time:00:00.00 | Mem:0.30M, Peak:0.30M | Scene, ViewLayer | Updating Primitive Offsets
Fra:1 Mem:12.75M (Peak 12.75M) | Time:00:00.00 | Mem:0.30M, Peak:0.30M | Scene, ViewLayer | Updating Images
Fra:1 Mem:12.75M (Peak 12.75M) | Time:00:00.00 | Mem:0.30M, Peak:0.30M | Scene, ViewLayer | Updating Camera Volume
Fra:1 Mem:12.75M (Peak 12.75M) | Time:00:00.00 | Mem:0.30M, Peak:0.30M | Scene, ViewLayer | Updating Lookup Tables
Fra:1 Mem:12.75M (Peak 12.75M) | Time:00:00.00 | Mem:0.38M, Peak:0.38M | Scene, ViewLayer | Updating Lights
Fra:1 Mem:12.75M (Peak 12.75M) | Time:00:00.00 | Mem:0.38M, Peak:0.38M | Scene, ViewLayer | Updating Lights | Computing tree
Fra:1 Mem:12.75M (Peak 12.75M) | Time:00:00.00 | Mem:0.38M, Peak:0.38M | Scene, ViewLayer | Updating Integrator
Fra:1 Mem:12.75M (Peak 12.75M) | Time:00:00.00 | Mem:0.38M, Peak:0.38M | Scene, ViewLayer | Updating Film
Fra:1 Mem:12.75M (Peak 12.75M) | Time:00:00.00 | Mem:0.30M, Peak:0.38M | Scene, ViewLayer | Updating Lookup Tables
Fra:1 Mem:12.75M (Peak 12.75M) | Time:00:00.00 | Mem:0.39M, Peak:0.39M | Scene, ViewLayer | Updating Baking
Fra:1 Mem:12.75M (Peak 12.75M) | Time:00:00.00 | Mem:0.39M, Peak:0.39M | Scene, ViewLayer | Updating Device | Writing constant memory
Fra:1 Mem:12.75M (Peak 12.75M) | Time:00:00.00 | Mem:0.39M, Peak:0.39M | Scene, ViewLayer | Sample 0/16
Fra:1 Mem:26.82M (Peak 26.82M) | Time:00:00.08 | Remaining:00:01.25 | Mem:14.45M, Peak:14.45M | Scene, ViewLayer | Sample 1/16
Fra:1 Mem:33.07M (Peak 45.58M) | Time:00:00.77 | Mem:14.45M, Peak:14.45M | Scene, ViewLayer | Sample 16/16
Fra:1 Mem:33.07M (Peak 45.58M) | Time:00:00.77 | Mem:14.45M, Peak:14.45M | Scene, ViewLayer | Finished
Saved: '/workspace/scratch/7c20b5ba4165/atlas-backlog-oct3/tools/assets/landmark-entrance-details/qa/previews/marine-archivolt-relief-side.png'
Time: 00:00.84 (Saving: 00:00.06)

Extensions: writing cache failed ([Errno 30] Read-only file system: '/home/agent/.config/blender').
15:03:22 | INFO: Data are loaded, start creating Blender stuff
15:03:22 | INFO: Blender create Mesh node archivolt-0.001
15:03:23 | INFO: glTF import finished in 0.00s
Fra:1 Mem:12.35M (Peak 12.35M) | Time:00:00.00 | Mem:0.00M, Peak:0.00M | Scene, ViewLayer | Synchronizing object | marine-archivolt-relief
Fra:1 Mem:12.61M (Peak 12.61M) | Time:00:00.00 | Mem:0.00M, Peak:0.00M | Scene, ViewLayer | Initializing
Fra:1 Mem:12.43M (Peak 12.61M) | Time:00:00.00 | Mem:0.00M, Peak:0.00M | Scene, ViewLayer | Waiting for render to start
Fra:1 Mem:12.43M (Peak 12.61M) | Time:00:00.00 | Mem:0.00M, Peak:0.00M | Scene, ViewLayer | Loading render kernels (may take a few minutes the first time)
Fra:1 Mem:12.43M (Peak 12.61M) | Time:00:00.00 | Mem:0.00M, Peak:0.00M | Scene, ViewLayer | Updating Scene
Fra:1 Mem:12.43M (Peak 12.61M) | Time:00:00.00 | Mem:0.00M, Peak:0.00M | Scene, ViewLayer | Updating Shaders
Fra:1 Mem:12.52M (Peak 12.61M) | Time:00:00.00 | Mem:0.00M, Peak:0.00M | Scene, ViewLayer | Updating Procedurals
Fra:1 Mem:12.52M (Peak 12.61M) | Time:00:00.00 | Mem:0.00M, Peak:0.00M | Scene, ViewLayer | Updating Background
Fra:1 Mem:12.52M (Peak 12.61M) | Time:00:00.00 | Mem:0.00M, Peak:0.00M | Scene, ViewLayer | Updating Camera
Fra:1 Mem:12.52M (Peak 12.61M) | Time:00:00.00 | Mem:0.00M, Peak:0.00M | Scene, ViewLayer | Updating Meshes Flags
Fra:1 Mem:12.52M (Peak 12.61M) | Time:00:00.00 | Mem:0.00M, Peak:0.00M | Scene, ViewLayer | Updating Objects
Fra:1 Mem:12.52M (Peak 12.61M) | Time:00:00.00 | Mem:0.00M, Peak:0.00M | Scene, ViewLayer | Updating Objects | Copying Transformations to device
Fra:1 Mem:12.52M (Peak 12.61M) | Time:00:00.00 | Mem:0.00M, Peak:0.00M | Scene, ViewLayer | Updating Objects | Applying Static Transformations
Fra:1 Mem:12.52M (Peak 12.61M) | Time:00:00.00 | Mem:0.00M, Peak:0.00M | Scene, ViewLayer | Updating Particle Systems
Fra:1 Mem:12.52M (Peak 12.61M) | Time:00:00.00 | Mem:0.00M, Peak:0.00M | Scene, ViewLayer | Updating Particle Systems | Copying Particles to device
Fra:1 Mem:12.52M (Peak 12.61M) | Time:00:00.00 | Mem:0.00M, Peak:0.00M | Scene, ViewLayer | Updating Meshes
Fra:1 Mem:12.54M (Peak 12.61M) | Time:00:00.00 | Mem:0.00M, Peak:0.00M | Scene, ViewLayer | Updating Mesh | Computing attributes
Fra:1 Mem:12.59M (Peak 12.61M) | Time:00:00.00 | Mem:0.00M, Peak:0.00M | Scene, ViewLayer | Updating Mesh | Copying Attributes to device
Fra:1 Mem:12.59M (Peak 12.61M) | Time:00:00.00 | Mem:0.05M, Peak:0.05M | Scene, ViewLayer | Updating Scene BVH | Building
Fra:1 Mem:12.59M (Peak 12.61M) | Time:00:00.00 | Mem:0.05M, Peak:0.05M | Scene, ViewLayer | Updating Scene BVH | Building BVH
Fra:1 Mem:12.59M (Peak 12.61M) | Time:00:00.00 | Mem:0.10M, Peak:0.10M | Scene, ViewLayer | Updating Scene BVH | Building BVH 0%
Fra:1 Mem:12.59M (Peak 12.61M) | Time:00:00.00 | Mem:0.14M, Peak:0.19M | Scene, ViewLayer | Updating Scene BVH | Copying BVH to device
Fra:1 Mem:12.59M (Peak 12.61M) | Time:00:00.00 | Mem:0.14M, Peak:0.19M | Scene, ViewLayer | Updating Mesh | Computing normals
Fra:1 Mem:12.75M (Peak 12.75M) | Time:00:00.00 | Mem:0.14M, Peak:0.19M | Scene, ViewLayer | Updating Mesh | Copying Mesh to device
Fra:1 Mem:12.75M (Peak 12.75M) | Time:00:00.00 | Mem:0.30M, Peak:0.30M | Scene, ViewLayer | Updating Objects Flags
Fra:1 Mem:12.75M (Peak 12.75M) | Time:00:00.00 | Mem:0.30M, Peak:0.30M | Scene, ViewLayer | Updating Primitive Offsets
Fra:1 Mem:12.75M (Peak 12.75M) | Time:00:00.00 | Mem:0.30M, Peak:0.30M | Scene, ViewLayer | Updating Images
Fra:1 Mem:12.75M (Peak 12.75M) | Time:00:00.00 | Mem:0.30M, Peak:0.30M | Scene, ViewLayer | Updating Camera Volume
Fra:1 Mem:12.75M (Peak 12.75M) | Time:00:00.00 | Mem:0.30M, Peak:0.30M | Scene, ViewLayer | Updating Lookup Tables
Fra:1 Mem:12.75M (Peak 12.75M) | Time:00:00.00 | Mem:0.38M, Peak:0.38M | Scene, ViewLayer | Updating Lights
Fra:1 Mem:12.75M (Peak 12.75M) | Time:00:00.00 | Mem:0.38M, Peak:0.38M | Scene, ViewLayer | Updating Lights | Computing tree
Fra:1 Mem:12.75M (Peak 12.75M) | Time:00:00.00 | Mem:0.38M, Peak:0.38M | Scene, ViewLayer | Updating Integrator
Fra:1 Mem:12.75M (Peak 12.75M) | Time:00:00.00 | Mem:0.38M, Peak:0.38M | Scene, ViewLayer | Updating Film
Fra:1 Mem:12.75M (Peak 12.75M) | Time:00:00.00 | Mem:0.30M, Peak:0.38M | Scene, ViewLayer | Updating Lookup Tables
Fra:1 Mem:12.75M (Peak 12.75M) | Time:00:00.00 | Mem:0.39M, Peak:0.39M | Scene, ViewLayer | Updating Baking
Fra:1 Mem:12.75M (Peak 12.75M) | Time:00:00.00 | Mem:0.39M, Peak:0.39M | Scene, ViewLayer | Updating Device | Writing constant memory
Fra:1 Mem:12.75M (Peak 12.75M) | Time:00:00.00 | Mem:0.39M, Peak:0.39M | Scene, ViewLayer | Sample 0/16
Fra:1 Mem:26.82M (Peak 26.82M) | Time:00:00.09 | Remaining:00:01.37 | Mem:14.45M, Peak:14.45M | Scene, ViewLayer | Sample 1/16
Fra:1 Mem:33.07M (Peak 45.58M) | Time:00:01.03 | Mem:14.45M, Peak:14.45M | Scene, ViewLayer | Sample 16/16
Fra:1 Mem:33.07M (Peak 45.58M) | Time:00:01.03 | Mem:14.45M, Peak:14.45M | Scene, ViewLayer | Finished
Saved: '/workspace/scratch/7c20b5ba4165/atlas-backlog-oct3/tools/assets/landmark-entrance-details/qa/previews/marine-archivolt-relief-back.png'
Time: 00:01.09 (Saving: 00:00.06)

Extensions: writing cache failed ([Errno 30] Read-only file system: '/home/agent/.config/blender').
15:03:24 | INFO: Data are loaded, start creating Blender stuff
15:03:24 | INFO: Blender create Mesh node archivolt-0.001
15:03:24 | INFO: glTF import finished in 0.00s
Fra:1 Mem:12.35M (Peak 12.35M) | Time:00:00.00 | Mem:0.00M, Peak:0.00M | Scene, ViewLayer | Synchronizing object | marine-archivolt-relief
Fra:1 Mem:12.61M (Peak 12.61M) | Time:00:00.00 | Mem:0.00M, Peak:0.00M | Scene, ViewLayer | Initializing
Fra:1 Mem:12.43M (Peak 12.61M) | Time:00:00.00 | Mem:0.00M, Peak:0.00M | Scene, ViewLayer | Waiting for render to start
Fra:1 Mem:12.43M (Peak 12.61M) | Time:00:00.00 | Mem:0.00M, Peak:0.00M | Scene, ViewLayer | Loading render kernels (may take a few minutes the first time)
Fra:1 Mem:12.43M (Peak 12.61M) | Time:00:00.00 | Mem:0.00M, Peak:0.00M | Scene, ViewLayer | Updating Scene
Fra:1 Mem:12.43M (Peak 12.61M) | Time:00:00.00 | Mem:0.00M, Peak:0.00M | Scene, ViewLayer | Updating Shaders
Fra:1 Mem:12.52M (Peak 12.61M) | Time:00:00.00 | Mem:0.00M, Peak:0.00M | Scene, ViewLayer | Updating Procedurals
Fra:1 Mem:12.52M (Peak 12.61M) | Time:00:00.00 | Mem:0.00M, Peak:0.00M | Scene, ViewLayer | Updating Background
Fra:1 Mem:12.52M (Peak 12.61M) | Time:00:00.00 | Mem:0.00M, Peak:0.00M | Scene, ViewLayer | Updating Camera
Fra:1 Mem:12.52M (Peak 12.61M) | Time:00:00.00 | Mem:0.00M, Peak:0.00M | Scene, ViewLayer | Updating Meshes Flags
Fra:1 Mem:12.52M (Peak 12.61M) | Time:00:00.00 | Mem:0.00M, Peak:0.00M | Scene, ViewLayer | Updating Objects
Fra:1 Mem:12.52M (Peak 12.61M) | Time:00:00.00 | Mem:0.00M, Peak:0.00M | Scene, ViewLayer | Updating Objects | Copying Transformations to device
Fra:1 Mem:12.52M (Peak 12.61M) | Time:00:00.00 | Mem:0.00M, Peak:0.00M | Scene, ViewLayer | Updating Objects | Applying Static Transformations
Fra:1 Mem:12.52M (Peak 12.61M) | Time:00:00.00 | Mem:0.00M, Peak:0.00M | Scene, ViewLayer | Updating Particle Systems
Fra:1 Mem:12.52M (Peak 12.61M) | Time:00:00.00 | Mem:0.00M, Peak:0.00M | Scene, ViewLayer | Updating Particle Systems | Copying Particles to device
Fra:1 Mem:12.52M (Peak 12.61M) | Time:00:00.00 | Mem:0.00M, Peak:0.00M | Scene, ViewLayer | Updating Meshes
Fra:1 Mem:12.54M (Peak 12.61M) | Time:00:00.00 | Mem:0.00M, Peak:0.00M | Scene, ViewLayer | Updating Mesh | Computing attributes
Fra:1 Mem:12.59M (Peak 12.61M) | Time:00:00.00 | Mem:0.00M, Peak:0.00M | Scene, ViewLayer | Updating Mesh | Copying Attributes to device
Fra:1 Mem:12.59M (Peak 12.61M) | Time:00:00.00 | Mem:0.05M, Peak:0.05M | Scene, ViewLayer | Updating Scene BVH | Building
Fra:1 Mem:12.59M (Peak 12.61M) | Time:00:00.00 | Mem:0.05M, Peak:0.05M | Scene, ViewLayer | Updating Scene BVH | Building BVH
Fra:1 Mem:12.59M (Peak 12.61M) | Time:00:00.00 | Mem:0.10M, Peak:0.10M | Scene, ViewLayer | Updating Scene BVH | Building BVH 0%
Fra:1 Mem:12.59M (Peak 12.61M) | Time:00:00.00 | Mem:0.14M, Peak:0.19M | Scene, ViewLayer | Updating Scene BVH | Copying BVH to device
Fra:1 Mem:12.59M (Peak 12.61M) | Time:00:00.00 | Mem:0.14M, Peak:0.19M | Scene, ViewLayer | Updating Mesh | Computing normals
Fra:1 Mem:12.75M (Peak 12.75M) | Time:00:00.00 | Mem:0.14M, Peak:0.19M | Scene, ViewLayer | Updating Mesh | Copying Mesh to device
Fra:1 Mem:12.75M (Peak 12.75M) | Time:00:00.00 | Mem:0.30M, Peak:0.30M | Scene, ViewLayer | Updating Objects Flags
Fra:1 Mem:12.75M (Peak 12.75M) | Time:00:00.00 | Mem:0.30M, Peak:0.30M | Scene, ViewLayer | Updating Primitive Offsets
Fra:1 Mem:12.75M (Peak 12.75M) | Time:00:00.00 | Mem:0.30M, Peak:0.30M | Scene, ViewLayer | Updating Images
Fra:1 Mem:12.75M (Peak 12.75M) | Time:00:00.00 | Mem:0.30M, Peak:0.30M | Scene, ViewLayer | Updating Camera Volume
Fra:1 Mem:12.75M (Peak 12.75M) | Time:00:00.00 | Mem:0.30M, Peak:0.30M | Scene, ViewLayer | Updating Lookup Tables
Fra:1 Mem:12.75M (Peak 12.75M) | Time:00:00.00 | Mem:0.38M, Peak:0.38M | Scene, ViewLayer | Updating Lights
Fra:1 Mem:12.75M (Peak 12.75M) | Time:00:00.00 | Mem:0.38M, Peak:0.38M | Scene, ViewLayer | Updating Lights | Computing tree
Fra:1 Mem:12.75M (Peak 12.75M) | Time:00:00.00 | Mem:0.38M, Peak:0.38M | Scene, ViewLayer | Updating Integrator
Fra:1 Mem:12.75M (Peak 12.75M) | Time:00:00.00 | Mem:0.38M, Peak:0.38M | Scene, ViewLayer | Updating Film
Fra:1 Mem:12.75M (Peak 12.75M) | Time:00:00.00 | Mem:0.30M, Peak:0.38M | Scene, ViewLayer | Updating Lookup Tables
Fra:1 Mem:12.75M (Peak 12.75M) | Time:00:00.00 | Mem:0.39M, Peak:0.39M | Scene, ViewLayer | Updating Baking
Fra:1 Mem:12.75M (Peak 12.75M) | Time:00:00.00 | Mem:0.39M, Peak:0.39M | Scene, ViewLayer | Updating Device | Writing constant memory
Fra:1 Mem:12.75M (Peak 12.75M) | Time:00:00.00 | Mem:0.39M, Peak:0.39M | Scene, ViewLayer | Sample 0/16
Fra:1 Mem:26.82M (Peak 26.82M) | Time:00:00.06 | Remaining:00:00.98 | Mem:14.45M, Peak:14.45M | Scene, ViewLayer | Sample 1/16
Fra:1 Mem:33.07M (Peak 45.58M) | Time:00:00.66 | Mem:14.45M, Peak:14.45M | Scene, ViewLayer | Sample 16/16
Fra:1 Mem:33.07M (Peak 45.58M) | Time:00:00.66 | Mem:14.45M, Peak:14.45M | Scene, ViewLayer | Finished
Saved: '/workspace/scratch/7c20b5ba4165/atlas-backlog-oct3/tools/assets/landmark-entrance-details/qa/previews/marine-archivolt-relief-top.png'
Time: 00:00.72 (Saving: 00:00.05)

Extensions: writing cache failed ([Errno 30] Read-only file system: '/home/agent/.config/blender').
15:03:24 | INFO: Data are loaded, start creating Blender stuff
15:03:24 | INFO: Blender create Mesh node grille-arch-frame.001
15:03:24 | INFO: glTF import finished in 0.00s
Fra:1 Mem:14.24M (Peak 14.24M) | Time:00:00.00 | Mem:0.00M, Peak:0.00M | Scene, ViewLayer | Synchronizing object | marine-copper-grille
Fra:1 Mem:14.43M (Peak 14.43M) | Time:00:00.00 | Mem:0.00M, Peak:0.00M | Scene, ViewLayer | Synchronizing object | QA-ruler-tick-10
Fra:1 Mem:14.47M (Peak 14.47M) | Time:00:00.00 | Mem:0.00M, Peak:0.00M | Scene, ViewLayer | Synchronizing object | QA-ruler-tick-9
Fra:1 Mem:14.46M (Peak 14.47M) | Time:00:00.00 | Mem:0.00M, Peak:0.00M | Scene, ViewLayer | Synchronizing object | QA-ruler-tick-8
Fra:1 Mem:14.31M (Peak 14.47M) | Time:00:00.00 | Mem:0.00M, Peak:0.00M | Scene, ViewLayer | Synchronizing object | QA-ruler-tick-7
Fra:1 Mem:14.33M (Peak 14.47M) | Time:00:00.00 | Mem:0.00M, Peak:0.00M | Scene, ViewLayer | Synchronizing object | QA-ruler-tick-6
Fra:1 Mem:14.34M (Peak 14.47M) | Time:00:00.00 | Mem:0.00M, Peak:0.00M | Scene, ViewLayer | Synchronizing object | QA-ruler-tick-5
Fra:1 Mem:14.35M (Peak 14.47M) | Time:00:00.00 | Mem:0.00M, Peak:0.00M | Scene, ViewLayer | Synchronizing object | QA-ruler-tick-4
Fra:1 Mem:14.35M (Peak 14.47M) | Time:00:00.00 | Mem:0.00M, Peak:0.00M | Scene, ViewLayer | Synchronizing object | QA-ruler-tick-3
Fra:1 Mem:14.36M (Peak 14.47M) | Time:00:00.00 | Mem:0.00M, Peak:0.00M | Scene, ViewLayer | Synchronizing object | QA-ruler-tick-2
Fra:1 Mem:14.36M (Peak 14.47M) | Time:00:00.00 | Mem:0.00M, Peak:0.00M | Scene, ViewLayer | Synchronizing object | QA-ruler-tick-1
Fra:1 Mem:14.36M (Peak 14.47M) | Time:00:00.00 | Mem:0.00M, Peak:0.00M | Scene, ViewLayer | Synchronizing object | QA-ruler-tick-0
Fra:1 Mem:14.37M (Peak 14.47M) | Time:00:00.00 | Mem:0.00M, Peak:0.00M | Scene, ViewLayer | Synchronizing object | QA-one-metre-ruler
Fra:1 Mem:14.38M (Peak 14.47M) | Time:00:00.00 | Mem:0.00M, Peak:0.00M | Scene, ViewLayer | Synchronizing object | QA-human-1.81m-head
Fra:1 Mem:14.46M (Peak 14.47M) | Time:00:00.00 | Mem:0.00M, Peak:0.00M | Scene, ViewLayer | Synchronizing object | QA-human-1.81m-arm.001
Fra:1 Mem:14.46M (Peak 14.47M) | Time:00:00.00 | Mem:0.00M, Peak:0.00M | Scene, ViewLayer | Synchronizing object | QA-human-1.81m-arm
Fra:1 Mem:14.46M (Peak 14.47M) | Time:00:00.00 | Mem:0.00M, Peak:0.00M | Scene, ViewLayer | Synchronizing object | QA-human-1.81m-leg.001
Fra:1 Mem:14.46M (Peak 14.47M) | Time:00:00.00 | Mem:0.00M, Peak:0.00M | Scene, ViewLayer | Synchronizing object | QA-human-1.81m-leg
Fra:1 Mem:14.46M (Peak 14.47M) | Time:00:00.00 | Mem:0.00M, Peak:0.00M | Scene, ViewLayer | Synchronizing object | QA-human-1.81m-neck
Fra:1 Mem:14.46M (Peak 14.47M) | Time:00:00.00 | Mem:0.00M, Peak:0.00M | Scene, ViewLayer | Synchronizing object | QA-human-1.81m-body
Fra:1 Mem:14.41M (Peak 14.47M) | Time:00:00.00 | Mem:0.00M, Peak:0.00M | Scene, ViewLayer | Synchronizing object | QA-human-1.75m-head
Fra:1 Mem:14.42M (Peak 14.47M) | Time:00:00.00 | Mem:0.00M, Peak:0.00M | Scene, ViewLayer | Synchronizing object | QA-human-1.75m-arm.001
Fra:1 Mem:14.44M (Peak 14.47M) | Time:00:00.00 | Mem:0.00M, Peak:0.00M | Scene, ViewLayer | Synchronizing object | QA-human-1.75m-arm
Fra:1 Mem:14.47M (Peak 14.47M) | Time:00:00.00 | Mem:0.00M, Peak:0.00M | Scene, ViewLayer | Synchronizing object | QA-human-1.75m-leg.001
Fra:1 Mem:14.47M (Peak 14.47M) | Time:00:00.00 | Mem:0.00M, Peak:0.00M | Scene, ViewLayer | Synchronizing object | QA-human-1.75m-leg
Fra:1 Mem:14.44M (Peak 14.47M) | Time:00:00.00 | Mem:0.00M, Peak:0.00M | Scene, ViewLayer | Synchronizing object | QA-human-1.75m-neck
Fra:1 Mem:14.39M (Peak 14.47M) | Time:00:00.00 | Mem:0.00M, Peak:0.00M | Scene, ViewLayer | Synchronizing object | QA-human-1.75m-body
Fra:1 Mem:14.37M (Peak 14.47M) | Time:00:00.00 | Mem:0.00M, Peak:0.00M | Scene, ViewLayer | Initializing
Fra:1 Mem:13.31M (Peak 14.47M) | Time:00:00.00 | Mem:0.00M, Peak:0.00M | Scene, ViewLayer | Waiting for render to start
Fra:1 Mem:13.31M (Peak 14.47M) | Time:00:00.00 | Mem:0.00M, Peak:0.00M | Scene, ViewLayer | Loading render kernels (may take a few minutes the first time)
Fra:1 Mem:13.31M (Peak 14.47M) | Time:00:00.00 | Mem:0.00M, Peak:0.00M | Scene, ViewLayer | Updating Scene
Fra:1 Mem:13.31M (Peak 14.47M) | Time:00:00.00 | Mem:0.00M, Peak:0.00M | Scene, ViewLayer | Updating Shaders
Fra:1 Mem:13.39M (Peak 14.47M) | Time:00:00.00 | Mem:0.00M, Peak:0.00M | Scene, ViewLayer | Updating Procedurals
Fra:1 Mem:13.39M (Peak 14.47M) | Time:00:00.00 | Mem:0.00M, Peak:0.00M | Scene, ViewLayer | Updating Background
Fra:1 Mem:13.39M (Peak 14.47M) | Time:00:00.00 | Mem:0.00M, Peak:0.00M | Scene, ViewLayer | Updating Camera
Fra:1 Mem:13.39M (Peak 14.47M) | Time:00:00.00 | Mem:0.00M, Peak:0.00M | Scene, ViewLayer | Updating Meshes Flags
Fra:1 Mem:13.39M (Peak 14.47M) | Time:00:00.00 | Mem:0.00M, Peak:0.00M | Scene, ViewLayer | Updating Objects
Fra:1 Mem:13.39M (Peak 14.47M) | Time:00:00.00 | Mem:0.00M, Peak:0.00M | Scene, ViewLayer | Updating Objects | Copying Transformations to device
Fra:1 Mem:13.40M (Peak 14.47M) | Time:00:00.00 | Mem:0.01M, Peak:0.01M | Scene, ViewLayer | Updating Objects | Applying Static Transformations
Fra:1 Mem:13.40M (Peak 14.47M) | Time:00:00.00 | Mem:0.01M, Peak:0.01M | Scene, ViewLayer | Updating Particle Systems
Fra:1 Mem:13.40M (Peak 14.47M) | Time:00:00.00 | Mem:0.01M, Peak:0.01M | Scene, ViewLayer | Updating Particle Systems | Copying Particles to device
Fra:1 Mem:13.40M (Peak 14.47M) | Time:00:00.00 | Mem:0.01M, Peak:0.01M | Scene, ViewLayer | Updating Meshes
Fra:1 Mem:13.42M (Peak 14.47M) | Time:00:00.00 | Mem:0.01M, Peak:0.01M | Scene, ViewLayer | Updating Mesh | Computing attributes
Fra:1 Mem:13.44M (Peak 14.47M) | Time:00:00.00 | Mem:0.01M, Peak:0.01M | Scene, ViewLayer | Updating Mesh | Copying Attributes to device
Fra:1 Mem:13.44M (Peak 14.47M) | Time:00:00.00 | Mem:0.03M, Peak:0.03M | Scene, ViewLayer | Updating Scene BVH | Building
Fra:1 Mem:13.44M (Peak 14.47M) | Time:00:00.00 | Mem:0.03M, Peak:0.03M | Scene, ViewLayer | Updating Scene BVH | Building BVH
Fra:1 Mem:13.44M (Peak 14.47M) | Time:00:00.00 | Mem:0.06M, Peak:0.06M | Scene, ViewLayer | Updating Scene BVH | Building BVH 0%
Fra:1 Mem:13.44M (Peak 14.47M) | Time:00:00.00 | Mem:0.10M, Peak:0.13M | Scene, ViewLayer | Updating Scene BVH | Copying BVH to device
Fra:1 Mem:13.44M (Peak 14.47M) | Time:00:00.00 | Mem:0.10M, Peak:0.13M | Scene, ViewLayer | Updating Mesh | Computing normals
Fra:1 Mem:13.51M (Peak 14.47M) | Time:00:00.00 | Mem:0.10M, Peak:0.13M | Scene, ViewLayer | Updating Mesh | Copying Mesh to device
Fra:1 Mem:13.51M (Peak 14.47M) | Time:00:00.00 | Mem:0.17M, Peak:0.17M | Scene, ViewLayer | Updating Objects Flags
Fra:1 Mem:13.51M (Peak 14.47M) | Time:00:00.00 | Mem:0.17M, Peak:0.17M | Scene, ViewLayer | Updating Primitive Offsets
Fra:1 Mem:13.51M (Peak 14.47M) | Time:00:00.00 | Mem:0.17M, Peak:0.17M | Scene, ViewLayer | Updating Images
Fra:1 Mem:13.51M (Peak 14.47M) | Time:00:00.00 | Mem:0.17M, Peak:0.17M | Scene, ViewLayer | Updating Camera Volume
Fra:1 Mem:13.51M (Peak 14.47M) | Time:00:00.00 | Mem:0.17M, Peak:0.17M | Scene, ViewLayer | Updating Lookup Tables
Fra:1 Mem:13.51M (Peak 14.47M) | Time:00:00.00 | Mem:0.25M, Peak:0.25M | Scene, ViewLayer | Updating Lights
Fra:1 Mem:13.51M (Peak 14.47M) | Time:00:00.00 | Mem:0.25M, Peak:0.25M | Scene, ViewLayer | Updating Lights | Computing tree
Fra:1 Mem:13.51M (Peak 14.47M) | Time:00:00.00 | Mem:0.25M, Peak:0.25M | Scene, ViewLayer | Updating Integrator
Fra:1 Mem:13.51M (Peak 14.47M) | Time:00:00.00 | Mem:0.25M, Peak:0.25M | Scene, ViewLayer | Updating Film
Fra:1 Mem:13.51M (Peak 14.47M) | Time:00:00.00 | Mem:0.17M, Peak:0.25M | Scene, ViewLayer | Updating Lookup Tables
Fra:1 Mem:13.51M (Peak 14.47M) | Time:00:00.00 | Mem:0.26M, Peak:0.26M | Scene, ViewLayer | Updating Baking
Fra:1 Mem:13.51M (Peak 14.47M) | Time:00:00.00 | Mem:0.26M, Peak:0.26M | Scene, ViewLayer | Updating Device | Writing constant memory
Fra:1 Mem:13.51M (Peak 14.47M) | Time:00:00.00 | Mem:0.26M, Peak:0.26M | Scene, ViewLayer | Sample 0/16
Fra:1 Mem:27.58M (Peak 27.58M) | Time:00:00.07 | Remaining:00:01.10 | Mem:14.32M, Peak:14.32M | Scene, ViewLayer | Sample 1/16
Fra:1 Mem:33.84M (Peak 46.34M) | Time:00:00.78 | Mem:14.32M, Peak:14.32M | Scene, ViewLayer | Sample 16/16
Fra:1 Mem:33.84M (Peak 46.34M) | Time:00:00.78 | Mem:14.32M, Peak:14.32M | Scene, ViewLayer | Finished
Saved: '/workspace/scratch/7c20b5ba4165/atlas-backlog-oct3/tools/assets/landmark-entrance-details/qa/previews/marine-copper-grille-lod0-front.png'
Time: 00:00.85 (Saving: 00:00.06)

Extensions: writing cache failed ([Errno 30] Read-only file system: '/home/agent/.config/blender').
15:03:25 | INFO: Data are loaded, start creating Blender stuff
15:03:25 | INFO: Blender create Mesh node grille-arch-frame.001
15:03:25 | INFO: glTF import finished in 0.00s
Fra:1 Mem:14.21M (Peak 14.21M) | Time:00:00.00 | Mem:0.00M, Peak:0.00M | Scene, ViewLayer | Synchronizing object | marine-copper-grille
Fra:1 Mem:14.35M (Peak 14.35M) | Time:00:00.00 | Mem:0.00M, Peak:0.00M | Scene, ViewLayer | Synchronizing object | QA-ruler-tick-10
Fra:1 Mem:14.29M (Peak 14.35M) | Time:00:00.00 | Mem:0.00M, Peak:0.00M | Scene, ViewLayer | Synchronizing object | QA-ruler-tick-9
Fra:1 Mem:14.29M (Peak 14.35M) | Time:00:00.00 | Mem:0.00M, Peak:0.00M | Scene, ViewLayer | Synchronizing object | QA-ruler-tick-8
Fra:1 Mem:14.30M (Peak 14.35M) | Time:00:00.00 | Mem:0.00M, Peak:0.00M | Scene, ViewLayer | Synchronizing object | QA-ruler-tick-7
Fra:1 Mem:14.34M (Peak 14.35M) | Time:00:00.00 | Mem:0.00M, Peak:0.00M | Scene, ViewLayer | Synchronizing object | QA-ruler-tick-6
Fra:1 Mem:14.34M (Peak 14.35M) | Time:00:00.00 | Mem:0.00M, Peak:0.00M | Scene, ViewLayer | Synchronizing object | QA-ruler-tick-5
Fra:1 Mem:14.34M (Peak 14.35M) | Time:00:00.00 | Mem:0.00M, Peak:0.00M | Scene, ViewLayer | Synchronizing object | QA-ruler-tick-4
Fra:1 Mem:14.35M (Peak 14.35M) | Time:00:00.00 | Mem:0.00M, Peak:0.00M | Scene, ViewLayer | Synchronizing object | QA-ruler-tick-3
Fra:1 Mem:14.35M (Peak 14.35M) | Time:00:00.00 | Mem:0.00M, Peak:0.00M | Scene, ViewLayer | Synchronizing object | QA-ruler-tick-2
Fra:1 Mem:14.30M (Peak 14.35M) | Time:00:00.00 | Mem:0.00M, Peak:0.00M | Scene, ViewLayer | Synchronizing object | QA-ruler-tick-1
Fra:1 Mem:14.31M (Peak 14.35M) | Time:00:00.00 | Mem:0.00M, Peak:0.00M | Scene, ViewLayer | Synchronizing object | QA-ruler-tick-0
Fra:1 Mem:14.33M (Peak 14.35M) | Time:00:00.00 | Mem:0.00M, Peak:0.00M | Scene, ViewLayer | Synchronizing object | QA-one-metre-ruler
Fra:1 Mem:14.35M (Peak 14.35M) | Time:00:00.00 | Mem:0.00M, Peak:0.00M | Scene, ViewLayer | Synchronizing object | QA-human-1.81m-head
Fra:1 Mem:14.29M (Peak 14.35M) | Time:00:00.00 | Mem:0.00M, Peak:0.00M | Scene, ViewLayer | Synchronizing object | QA-human-1.81m-arm.001
Fra:1 Mem:14.31M (Peak 14.35M) | Time:00:00.00 | Mem:0.00M, Peak:0.00M | Scene, ViewLayer | Synchronizing object | QA-human-1.81m-arm
Fra:1 Mem:14.29M (Peak 14.35M) | Time:00:00.00 | Mem:0.00M, Peak:0.00M | Scene, ViewLayer | Synchronizing object | QA-human-1.81m-leg.001
Fra:1 Mem:14.29M (Peak 14.35M) | Time:00:00.00 | Mem:0.00M, Peak:0.00M | Scene, ViewLayer | Synchronizing object | QA-human-1.75m-neck
Fra:1 Mem:14.30M (Peak 14.35M) | Time:00:00.00 | Mem:0.00M, Peak:0.00M | Scene, ViewLayer | Synchronizing object | QA-human-1.81m-leg
Fra:1 Mem:14.30M (Peak 14.35M) | Time:00:00.00 | Mem:0.00M, Peak:0.00M | Scene, ViewLayer | Synchronizing object | QA-human-1.75m-leg
Fra:1 Mem:14.30M (Peak 14.35M) | Time:00:00.00 | Mem:0.00M, Peak:0.00M | Scene, ViewLayer | Synchronizing object | QA-human-1.81m-neck
Fra:1 Mem:14.30M (Peak 14.35M) | Time:00:00.00 | Mem:0.00M, Peak:0.00M | Scene, ViewLayer | Synchronizing object | QA-human-1.75m-leg.001
Fra:1 Mem:14.30M (Peak 14.35M) | Time:00:00.00 | Mem:0.00M, Peak:0.00M | Scene, ViewLayer | Synchronizing object | QA-human-1.81m-body
Fra:1 Mem:14.30M (Peak 14.35M) | Time:00:00.00 | Mem:0.00M, Peak:0.00M | Scene, ViewLayer | Synchronizing object | QA-human-1.75m-arm
Fra:1 Mem:14.30M (Peak 14.35M) | Time:00:00.00 | Mem:0.00M, Peak:0.00M | Scene, ViewLayer | Synchronizing object | QA-human-1.75m-head
Fra:1 Mem:14.31M (Peak 14.35M) | Time:00:00.00 | Mem:0.00M, Peak:0.00M | Scene, ViewLayer | Synchronizing object | QA-human-1.75m-arm.001
Fra:1 Mem:14.31M (Peak 14.35M) | Time:00:00.00 | Mem:0.00M, Peak:0.00M | Scene, ViewLayer | Initializing
Fra:1 Mem:13.25M (Peak 14.35M) | Time:00:00.00 | Mem:0.00M, Peak:0.00M | Scene, ViewLayer | Waiting for render to start
Fra:1 Mem:13.25M (Peak 14.35M) | Time:00:00.00 | Mem:0.00M, Peak:0.00M | Scene, ViewLayer | Loading render kernels (may take a few minutes the first time)
Fra:1 Mem:13.25M (Peak 14.35M) | Time:00:00.00 | Mem:0.00M, Peak:0.00M | Scene, ViewLayer | Updating Scene
Fra:1 Mem:13.25M (Peak 14.35M) | Time:00:00.00 | Mem:0.00M, Peak:0.00M | Scene, ViewLayer | Updating Shaders
Fra:1 Mem:13.33M (Peak 14.35M) | Time:00:00.00 | Mem:0.00M, Peak:0.00M | Scene, ViewLayer | Updating Procedurals
Fra:1 Mem:13.33M (Peak 14.35M) | Time:00:00.00 | Mem:0.00M, Peak:0.00M | Scene, ViewLayer | Updating Background
Fra:1 Mem:13.33M (Peak 14.35M) | Time:00:00.00 | Mem:0.00M, Peak:0.00M | Scene, ViewLayer | Updating Camera
Fra:1 Mem:13.33M (Peak 14.35M) | Time:00:00.00 | Mem:0.00M, Peak:0.00M | Scene, ViewLayer | Updating Meshes Flags
Fra:1 Mem:13.33M (Peak 14.35M) | Time:00:00.00 | Mem:0.00M, Peak:0.00M | Scene, ViewLayer | Updating Objects
Fra:1 Mem:13.33M (Peak 14.35M) | Time:00:00.00 | Mem:0.00M, Peak:0.00M | Scene, ViewLayer | Updating Objects | Copying Transformations to device
Fra:1 Mem:13.34M (Peak 14.35M) | Time:00:00.00 | Mem:0.01M, Peak:0.01M | Scene, ViewLayer | Updating Objects | Applying Static Transformations
Fra:1 Mem:13.34M (Peak 14.35M) | Time:00:00.00 | Mem:0.01M, Peak:0.01M | Scene, ViewLayer | Updating Particle Systems
Fra:1 Mem:13.34M (Peak 14.35M) | Time:00:00.00 | Mem:0.01M, Peak:0.01M | Scene, ViewLayer | Updating Particle Systems | Copying Particles to device
Fra:1 Mem:13.34M (Peak 14.35M) | Time:00:00.00 | Mem:0.01M, Peak:0.01M | Scene, ViewLayer | Updating Meshes
Fra:1 Mem:13.35M (Peak 14.35M) | Time:00:00.00 | Mem:0.01M, Peak:0.01M | Scene, ViewLayer | Updating Mesh | Computing attributes
Fra:1 Mem:13.37M (Peak 14.35M) | Time:00:00.00 | Mem:0.01M, Peak:0.01M | Scene, ViewLayer | Updating Mesh | Copying Attributes to device
Fra:1 Mem:13.37M (Peak 14.35M) | Time:00:00.00 | Mem:0.02M, Peak:0.02M | Scene, ViewLayer | Updating Scene BVH | Building
Fra:1 Mem:13.37M (Peak 14.35M) | Time:00:00.00 | Mem:0.02M, Peak:0.02M | Scene, ViewLayer | Updating Scene BVH | Building BVH
Fra:1 Mem:13.37M (Peak 14.35M) | Time:00:00.00 | Mem:0.05M, Peak:0.05M | Scene, ViewLayer | Updating Scene BVH | Building BVH 0%
Fra:1 Mem:13.37M (Peak 14.35M) | Time:00:00.00 | Mem:0.08M, Peak:0.11M | Scene, ViewLayer | Updating Scene BVH | Copying BVH to device
Fra:1 Mem:13.37M (Peak 14.35M) | Time:00:00.00 | Mem:0.08M, Peak:0.11M | Scene, ViewLayer | Updating Mesh | Computing normals
Fra:1 Mem:13.42M (Peak 14.35M) | Time:00:00.00 | Mem:0.08M, Peak:0.11M | Scene, ViewLayer | Updating Mesh | Copying Mesh to device
Fra:1 Mem:13.42M (Peak 14.35M) | Time:00:00.00 | Mem:0.13M, Peak:0.13M | Scene, ViewLayer | Updating Objects Flags
Fra:1 Mem:13.42M (Peak 14.35M) | Time:00:00.00 | Mem:0.13M, Peak:0.13M | Scene, ViewLayer | Updating Primitive Offsets
Fra:1 Mem:13.42M (Peak 14.35M) | Time:00:00.00 | Mem:0.13M, Peak:0.13M | Scene, ViewLayer | Updating Images
Fra:1 Mem:13.42M (Peak 14.35M) | Time:00:00.00 | Mem:0.13M, Peak:0.13M | Scene, ViewLayer | Updating Camera Volume
Fra:1 Mem:13.42M (Peak 14.35M) | Time:00:00.00 | Mem:0.13M, Peak:0.13M | Scene, ViewLayer | Updating Lookup Tables
Fra:1 Mem:13.42M (Peak 14.35M) | Time:00:00.00 | Mem:0.21M, Peak:0.21M | Scene, ViewLayer | Updating Lights
Fra:1 Mem:13.42M (Peak 14.35M) | Time:00:00.00 | Mem:0.22M, Peak:0.22M | Scene, ViewLayer | Updating Lights | Computing tree
Fra:1 Mem:13.42M (Peak 14.35M) | Time:00:00.00 | Mem:0.22M, Peak:0.22M | Scene, ViewLayer | Updating Integrator
Fra:1 Mem:13.42M (Peak 14.35M) | Time:00:00.00 | Mem:0.22M, Peak:0.22M | Scene, ViewLayer | Updating Film
Fra:1 Mem:13.43M (Peak 14.35M) | Time:00:00.00 | Mem:0.13M, Peak:0.22M | Scene, ViewLayer | Updating Lookup Tables
Fra:1 Mem:13.43M (Peak 14.35M) | Time:00:00.00 | Mem:0.22M, Peak:0.22M | Scene, ViewLayer | Updating Baking
Fra:1 Mem:13.43M (Peak 14.35M) | Time:00:00.00 | Mem:0.22M, Peak:0.22M | Scene, ViewLayer | Updating Device | Writing constant memory
Fra:1 Mem:13.43M (Peak 14.35M) | Time:00:00.00 | Mem:0.22M, Peak:0.22M | Scene, ViewLayer | Sample 0/16
Fra:1 Mem:27.50M (Peak 27.50M) | Time:00:00.07 | Remaining:00:01.04 | Mem:14.28M, Peak:14.28M | Scene, ViewLayer | Sample 1/16
Fra:1 Mem:33.75M (Peak 46.25M) | Time:00:00.73 | Mem:14.28M, Peak:14.28M | Scene, ViewLayer | Sample 16/16
Fra:1 Mem:33.75M (Peak 46.25M) | Time:00:00.73 | Mem:14.28M, Peak:14.28M | Scene, ViewLayer | Finished
Saved: '/workspace/scratch/7c20b5ba4165/atlas-backlog-oct3/tools/assets/landmark-entrance-details/qa/previews/marine-copper-grille-lod1-front.png'
Time: 00:00.80 (Saving: 00:00.06)

Extensions: writing cache failed ([Errno 30] Read-only file system: '/home/agent/.config/blender').
15:03:26 | INFO: Data are loaded, start creating Blender stuff
15:03:26 | INFO: Blender create Mesh node grille-arch-frame.001
15:03:26 | INFO: glTF import finished in 0.00s
Fra:1 Mem:14.18M (Peak 14.18M) | Time:00:00.00 | Mem:0.00M, Peak:0.00M | Scene, ViewLayer | Synchronizing object | marine-copper-grille
Fra:1 Mem:14.27M (Peak 14.27M) | Time:00:00.00 | Mem:0.00M, Peak:0.00M | Scene, ViewLayer | Synchronizing object | QA-ruler-tick-10
Fra:1 Mem:14.26M (Peak 14.27M) | Time:00:00.00 | Mem:0.00M, Peak:0.00M | Scene, ViewLayer | Synchronizing object | QA-ruler-tick-9
Fra:1 Mem:14.26M (Peak 14.27M) | Time:00:00.00 | Mem:0.00M, Peak:0.00M | Scene, ViewLayer | Synchronizing object | QA-ruler-tick-8
Fra:1 Mem:14.25M (Peak 14.27M) | Time:00:00.00 | Mem:0.00M, Peak:0.00M | Scene, ViewLayer | Synchronizing object | QA-ruler-tick-7
Fra:1 Mem:14.26M (Peak 14.27M) | Time:00:00.00 | Mem:0.00M, Peak:0.00M | Scene, ViewLayer | Synchronizing object | QA-ruler-tick-6
Fra:1 Mem:14.26M (Peak 14.27M) | Time:00:00.00 | Mem:0.00M, Peak:0.00M | Scene, ViewLayer | Synchronizing object | QA-ruler-tick-5
Fra:1 Mem:14.26M (Peak 14.27M) | Time:00:00.00 | Mem:0.00M, Peak:0.00M | Scene, ViewLayer | Synchronizing object | QA-ruler-tick-4
Fra:1 Mem:14.23M (Peak 14.27M) | Time:00:00.00 | Mem:0.00M, Peak:0.00M | Scene, ViewLayer | Synchronizing object | QA-ruler-tick-3
Fra:1 Mem:14.23M (Peak 14.27M) | Time:00:00.00 | Mem:0.00M, Peak:0.00M | Scene, ViewLayer | Synchronizing object | QA-ruler-tick-2
Fra:1 Mem:14.23M (Peak 14.27M) | Time:00:00.00 | Mem:0.00M, Peak:0.00M | Scene, ViewLayer | Synchronizing object | QA-ruler-tick-1
Fra:1 Mem:14.23M (Peak 14.27M) | Time:00:00.00 | Mem:0.00M, Peak:0.00M | Scene, ViewLayer | Synchronizing object | QA-ruler-tick-0
Fra:1 Mem:14.23M (Peak 14.27M) | Time:00:00.00 | Mem:0.00M, Peak:0.00M | Scene, ViewLayer | Synchronizing object | QA-one-metre-ruler
Fra:1 Mem:14.23M (Peak 14.27M) | Time:00:00.00 | Mem:0.00M, Peak:0.00M | Scene, ViewLayer | Synchronizing object | QA-human-1.75m-neck
Fra:1 Mem:14.23M (Peak 14.27M) | Time:00:00.00 | Mem:0.00M, Peak:0.00M | Scene, ViewLayer | Synchronizing object | QA-human-1.75m-leg
Fra:1 Mem:14.23M (Peak 14.27M) | Time:00:00.00 | Mem:0.00M, Peak:0.00M | Scene, ViewLayer | Synchronizing object | QA-human-1.75m-leg.001
Fra:1 Mem:14.24M (Peak 14.27M) | Time:00:00.00 | Mem:0.00M, Peak:0.00M | Scene, ViewLayer | Synchronizing object | QA-human-1.81m-arm.001
Fra:1 Mem:14.25M (Peak 14.27M) | Time:00:00.00 | Mem:0.00M, Peak:0.00M | Scene, ViewLayer | Synchronizing object | QA-human-1.81m-arm
Fra:1 Mem:14.25M (Peak 14.27M) | Time:00:00.00 | Mem:0.00M, Peak:0.00M | Scene, ViewLayer | Synchronizing object | QA-human-1.75m-arm
Fra:1 Mem:14.25M (Peak 14.27M) | Time:00:00.00 | Mem:0.00M, Peak:0.00M | Scene, ViewLayer | Synchronizing object | QA-human-1.81m-leg.001
Fra:1 Mem:14.25M (Peak 14.27M) | Time:00:00.00 | Mem:0.00M, Peak:0.00M | Scene, ViewLayer | Synchronizing object | QA-human-1.75m-arm.001
Fra:1 Mem:14.25M (Peak 14.27M) | Time:00:00.00 | Mem:0.00M, Peak:0.00M | Scene, ViewLayer | Synchronizing object | QA-human-1.81m-leg
Fra:1 Mem:14.25M (Peak 14.27M) | Time:00:00.00 | Mem:0.00M, Peak:0.00M | Scene, ViewLayer | Synchronizing object | QA-human-1.75m-head
Fra:1 Mem:14.26M (Peak 14.27M) | Time:00:00.00 | Mem:0.00M, Peak:0.00M | Scene, ViewLayer | Synchronizing object | QA-human-1.81m-neck
Fra:1 Mem:14.26M (Peak 14.27M) | Time:00:00.00 | Mem:0.00M, Peak:0.00M | Scene, ViewLayer | Synchronizing object | QA-human-1.81m-body
Fra:1 Mem:14.26M (Peak 14.27M) | Time:00:00.00 | Mem:0.00M, Peak:0.00M | Scene, ViewLayer | Initializing
Fra:1 Mem:13.20M (Peak 14.27M) | Time:00:00.00 | Mem:0.00M, Peak:0.00M | Scene, ViewLayer | Waiting for render to start
Fra:1 Mem:13.20M (Peak 14.27M) | Time:00:00.00 | Mem:0.00M, Peak:0.00M | Scene, ViewLayer | Loading render kernels (may take a few minutes the first time)
Fra:1 Mem:13.20M (Peak 14.27M) | Time:00:00.00 | Mem:0.00M, Peak:0.00M | Scene, ViewLayer | Updating Scene
Fra:1 Mem:13.20M (Peak 14.27M) | Time:00:00.00 | Mem:0.00M, Peak:0.00M | Scene, ViewLayer | Updating Shaders
Fra:1 Mem:13.29M (Peak 14.27M) | Time:00:00.00 | Mem:0.00M, Peak:0.00M | Scene, ViewLayer | Updating Procedurals
Fra:1 Mem:13.29M (Peak 14.27M) | Time:00:00.00 | Mem:0.00M, Peak:0.00M | Scene, ViewLayer | Updating Background
Fra:1 Mem:13.29M (Peak 14.27M) | Time:00:00.00 | Mem:0.00M, Peak:0.00M | Scene, ViewLayer | Updating Camera
Fra:1 Mem:13.29M (Peak 14.27M) | Time:00:00.00 | Mem:0.00M, Peak:0.00M | Scene, ViewLayer | Updating Meshes Flags
Fra:1 Mem:13.29M (Peak 14.27M) | Time:00:00.00 | Mem:0.00M, Peak:0.00M | Scene, ViewLayer | Updating Objects
Fra:1 Mem:13.29M (Peak 14.27M) | Time:00:00.00 | Mem:0.00M, Peak:0.00M | Scene, ViewLayer | Updating Objects | Copying Transformations to device
Fra:1 Mem:13.29M (Peak 14.27M) | Time:00:00.00 | Mem:0.01M, Peak:0.01M | Scene, ViewLayer | Updating Objects | Applying Static Transformations
Fra:1 Mem:13.29M (Peak 14.27M) | Time:00:00.00 | Mem:0.01M, Peak:0.01M | Scene, ViewLayer | Updating Particle Systems
Fra:1 Mem:13.29M (Peak 14.27M) | Time:00:00.00 | Mem:0.01M, Peak:0.01M | Scene, ViewLayer | Updating Particle Systems | Copying Particles to device
Fra:1 Mem:13.29M (Peak 14.27M) | Time:00:00.00 | Mem:0.01M, Peak:0.01M | Scene, ViewLayer | Updating Meshes
Fra:1 Mem:13.30M (Peak 14.27M) | Time:00:00.00 | Mem:0.01M, Peak:0.01M | Scene, ViewLayer | Updating Mesh | Computing attributes
Fra:1 Mem:13.32M (Peak 14.27M) | Time:00:00.00 | Mem:0.01M, Peak:0.01M | Scene, ViewLayer | Updating Mesh | Copying Attributes to device
Fra:1 Mem:13.31M (Peak 14.27M) | Time:00:00.00 | Mem:0.02M, Peak:0.02M | Scene, ViewLayer | Updating Scene BVH | Building
Fra:1 Mem:13.31M (Peak 14.27M) | Time:00:00.00 | Mem:0.02M, Peak:0.02M | Scene, ViewLayer | Updating Scene BVH | Building BVH
Fra:1 Mem:13.31M (Peak 14.27M) | Time:00:00.00 | Mem:0.04M, Peak:0.04M | Scene, ViewLayer | Updating Scene BVH | Building BVH 0%
Fra:1 Mem:13.31M (Peak 14.27M) | Time:00:00.00 | Mem:0.07M, Peak:0.09M | Scene, ViewLayer | Updating Scene BVH | Copying BVH to device
Fra:1 Mem:13.31M (Peak 14.27M) | Time:00:00.00 | Mem:0.07M, Peak:0.09M | Scene, ViewLayer | Updating Mesh | Computing normals
Fra:1 Mem:13.35M (Peak 14.27M) | Time:00:00.00 | Mem:0.07M, Peak:0.09M | Scene, ViewLayer | Updating Mesh | Copying Mesh to device
Fra:1 Mem:13.35M (Peak 14.27M) | Time:00:00.00 | Mem:0.11M, Peak:0.11M | Scene, ViewLayer | Updating Objects Flags
Fra:1 Mem:13.35M (Peak 14.27M) | Time:00:00.00 | Mem:0.11M, Peak:0.11M | Scene, ViewLayer | Updating Primitive Offsets
Fra:1 Mem:13.35M (Peak 14.27M) | Time:00:00.00 | Mem:0.11M, Peak:0.11M | Scene, ViewLayer | Updating Images
Fra:1 Mem:13.35M (Peak 14.27M) | Time:00:00.00 | Mem:0.11M, Peak:0.11M | Scene, ViewLayer | Updating Camera Volume
Fra:1 Mem:13.35M (Peak 14.27M) | Time:00:00.00 | Mem:0.11M, Peak:0.11M | Scene, ViewLayer | Updating Lookup Tables
Fra:1 Mem:13.35M (Peak 14.27M) | Time:00:00.00 | Mem:0.19M, Peak:0.19M | Scene, ViewLayer | Updating Lights
Fra:1 Mem:13.35M (Peak 14.27M) | Time:00:00.00 | Mem:0.19M, Peak:0.19M | Scene, ViewLayer | Updating Lights | Computing tree
Fra:1 Mem:13.35M (Peak 14.27M) | Time:00:00.00 | Mem:0.19M, Peak:0.19M | Scene, ViewLayer | Updating Integrator
Fra:1 Mem:13.35M (Peak 14.27M) | Time:00:00.00 | Mem:0.19M, Peak:0.19M | Scene, ViewLayer | Updating Film
Fra:1 Mem:13.36M (Peak 14.27M) | Time:00:00.00 | Mem:0.11M, Peak:0.19M | Scene, ViewLayer | Updating Lookup Tables
Fra:1 Mem:13.36M (Peak 14.27M) | Time:00:00.00 | Mem:0.19M, Peak:0.19M | Scene, ViewLayer | Updating Baking
Fra:1 Mem:13.36M (Peak 14.27M) | Time:00:00.00 | Mem:0.19M, Peak:0.19M | Scene, ViewLayer | Updating Device | Writing constant memory
Fra:1 Mem:13.36M (Peak 14.27M) | Time:00:00.00 | Mem:0.19M, Peak:0.19M | Scene, ViewLayer | Sample 0/16
Fra:1 Mem:27.43M (Peak 27.43M) | Time:00:00.06 | Remaining:00:00.94 | Mem:14.26M, Peak:14.26M | Scene, ViewLayer | Sample 1/16
Fra:1 Mem:33.68M (Peak 46.18M) | Time:00:00.66 | Mem:14.26M, Peak:14.26M | Scene, ViewLayer | Sample 16/16
Fra:1 Mem:33.68M (Peak 46.18M) | Time:00:00.66 | Mem:14.26M, Peak:14.26M | Scene, ViewLayer | Finished
Saved: '/workspace/scratch/7c20b5ba4165/atlas-backlog-oct3/tools/assets/landmark-entrance-details/qa/previews/marine-copper-grille-lod2-front.png'
Time: 00:00.72 (Saving: 00:00.05)

Extensions: writing cache failed ([Errno 30] Read-only file system: '/home/agent/.config/blender').
15:03:27 | INFO: Data are loaded, start creating Blender stuff
15:03:27 | INFO: Blender create Mesh node grille-arch-frame.001
15:03:27 | INFO: glTF import finished in 0.00s
Fra:1 Mem:12.19M (Peak 12.19M) | Time:00:00.00 | Mem:0.00M, Peak:0.00M | Scene, ViewLayer | Synchronizing object | marine-copper-grille
Fra:1 Mem:12.28M (Peak 12.28M) | Time:00:00.00 | Mem:0.00M, Peak:0.00M | Scene, ViewLayer | Initializing
Fra:1 Mem:12.10M (Peak 12.28M) | Time:00:00.00 | Mem:0.00M, Peak:0.00M | Scene, ViewLayer | Waiting for render to start
Fra:1 Mem:12.11M (Peak 12.28M) | Time:00:00.00 | Mem:0.00M, Peak:0.00M | Scene, ViewLayer | Loading render kernels (may take a few minutes the first time)
Fra:1 Mem:12.11M (Peak 12.28M) | Time:00:00.00 | Mem:0.00M, Peak:0.00M | Scene, ViewLayer | Updating Scene
Fra:1 Mem:12.11M (Peak 12.28M) | Time:00:00.00 | Mem:0.00M, Peak:0.00M | Scene, ViewLayer | Updating Shaders
Fra:1 Mem:12.19M (Peak 12.28M) | Time:00:00.00 | Mem:0.00M, Peak:0.00M | Scene, ViewLayer | Updating Procedurals
Fra:1 Mem:12.19M (Peak 12.28M) | Time:00:00.00 | Mem:0.00M, Peak:0.00M | Scene, ViewLayer | Updating Background
Fra:1 Mem:12.19M (Peak 12.28M) | Time:00:00.00 | Mem:0.00M, Peak:0.00M | Scene, ViewLayer | Updating Camera
Fra:1 Mem:12.19M (Peak 12.28M) | Time:00:00.00 | Mem:0.00M, Peak:0.00M | Scene, ViewLayer | Updating Meshes Flags
Fra:1 Mem:12.19M (Peak 12.28M) | Time:00:00.00 | Mem:0.00M, Peak:0.00M | Scene, ViewLayer | Updating Objects
Fra:1 Mem:12.19M (Peak 12.28M) | Time:00:00.00 | Mem:0.00M, Peak:0.00M | Scene, ViewLayer | Updating Objects | Copying Transformations to device
Fra:1 Mem:12.19M (Peak 12.28M) | Time:00:00.00 | Mem:0.00M, Peak:0.00M | Scene, ViewLayer | Updating Objects | Applying Static Transformations
Fra:1 Mem:12.19M (Peak 12.28M) | Time:00:00.00 | Mem:0.00M, Peak:0.00M | Scene, ViewLayer | Updating Particle Systems
Fra:1 Mem:12.19M (Peak 12.28M) | Time:00:00.00 | Mem:0.00M, Peak:0.00M | Scene, ViewLayer | Updating Particle Systems | Copying Particles to device
Fra:1 Mem:12.19M (Peak 12.28M) | Time:00:00.00 | Mem:0.00M, Peak:0.00M | Scene, ViewLayer | Updating Meshes
Fra:1 Mem:12.20M (Peak 12.28M) | Time:00:00.00 | Mem:0.00M, Peak:0.00M | Scene, ViewLayer | Updating Mesh | Computing attributes
Fra:1 Mem:12.21M (Peak 12.28M) | Time:00:00.00 | Mem:0.00M, Peak:0.00M | Scene, ViewLayer | Updating Mesh | Copying Attributes to device
Fra:1 Mem:12.21M (Peak 12.28M) | Time:00:00.00 | Mem:0.02M, Peak:0.02M | Scene, ViewLayer | Updating Scene BVH | Building
Fra:1 Mem:12.21M (Peak 12.28M) | Time:00:00.00 | Mem:0.02M, Peak:0.02M | Scene, ViewLayer | Updating Scene BVH | Building BVH
Fra:1 Mem:12.21M (Peak 12.28M) | Time:00:00.00 | Mem:0.03M, Peak:0.03M | Scene, ViewLayer | Updating Scene BVH | Building BVH 0%
Fra:1 Mem:12.21M (Peak 12.28M) | Time:00:00.00 | Mem:0.05M, Peak:0.07M | Scene, ViewLayer | Updating Scene BVH | Copying BVH to device
Fra:1 Mem:12.21M (Peak 12.28M) | Time:00:00.00 | Mem:0.05M, Peak:0.07M | Scene, ViewLayer | Updating Mesh | Computing normals
Fra:1 Mem:12.26M (Peak 12.28M) | Time:00:00.00 | Mem:0.05M, Peak:0.07M | Scene, ViewLayer | Updating Mesh | Copying Mesh to device
Fra:1 Mem:12.26M (Peak 12.28M) | Time:00:00.00 | Mem:0.10M, Peak:0.10M | Scene, ViewLayer | Updating Objects Flags
Fra:1 Mem:12.26M (Peak 12.28M) | Time:00:00.00 | Mem:0.10M, Peak:0.10M | Scene, ViewLayer | Updating Primitive Offsets
Fra:1 Mem:12.26M (Peak 12.28M) | Time:00:00.00 | Mem:0.10M, Peak:0.10M | Scene, ViewLayer | Updating Images
Fra:1 Mem:12.26M (Peak 12.28M) | Time:00:00.00 | Mem:0.10M, Peak:0.10M | Scene, ViewLayer | Updating Camera Volume
Fra:1 Mem:12.26M (Peak 12.28M) | Time:00:00.00 | Mem:0.10M, Peak:0.10M | Scene, ViewLayer | Updating Lookup Tables
Fra:1 Mem:12.26M (Peak 12.28M) | Time:00:00.00 | Mem:0.18M, Peak:0.18M | Scene, ViewLayer | Updating Lights
Fra:1 Mem:12.26M (Peak 12.28M) | Time:00:00.00 | Mem:0.18M, Peak:0.18M | Scene, ViewLayer | Updating Lights | Computing tree
Fra:1 Mem:12.26M (Peak 12.28M) | Time:00:00.00 | Mem:0.19M, Peak:0.19M | Scene, ViewLayer | Updating Integrator
Fra:1 Mem:12.26M (Peak 12.28M) | Time:00:00.00 | Mem:0.19M, Peak:0.19M | Scene, ViewLayer | Updating Film
Fra:1 Mem:12.27M (Peak 12.28M) | Time:00:00.00 | Mem:0.10M, Peak:0.19M | Scene, ViewLayer | Updating Lookup Tables
Fra:1 Mem:12.27M (Peak 12.28M) | Time:00:00.00 | Mem:0.19M, Peak:0.19M | Scene, ViewLayer | Updating Baking
Fra:1 Mem:12.27M (Peak 12.28M) | Time:00:00.00 | Mem:0.19M, Peak:0.19M | Scene, ViewLayer | Updating Device | Writing constant memory
Fra:1 Mem:12.27M (Peak 12.28M) | Time:00:00.00 | Mem:0.19M, Peak:0.19M | Scene, ViewLayer | Sample 0/16
Fra:1 Mem:26.34M (Peak 26.34M) | Time:00:00.06 | Remaining:00:00.93 | Mem:14.25M, Peak:14.25M | Scene, ViewLayer | Sample 1/16
Fra:1 Mem:32.59M (Peak 45.09M) | Time:00:00.64 | Mem:14.25M, Peak:14.25M | Scene, ViewLayer | Sample 16/16
Fra:1 Mem:32.59M (Peak 45.09M) | Time:00:00.64 | Mem:14.25M, Peak:14.25M | Scene, ViewLayer | Finished
Saved: '/workspace/scratch/7c20b5ba4165/atlas-backlog-oct3/tools/assets/landmark-entrance-details/qa/previews/marine-copper-grille-side.png'
Time: 00:00.70 (Saving: 00:00.06)

Extensions: writing cache failed ([Errno 30] Read-only file system: '/home/agent/.config/blender').
15:03:28 | INFO: Data are loaded, start creating Blender stuff
15:03:28 | INFO: Blender create Mesh node grille-arch-frame.001
15:03:28 | INFO: glTF import finished in 0.00s
Fra:1 Mem:12.19M (Peak 12.19M) | Time:00:00.00 | Mem:0.00M, Peak:0.00M | Scene, ViewLayer | Synchronizing object | marine-copper-grille
Fra:1 Mem:12.28M (Peak 12.28M) | Time:00:00.00 | Mem:0.00M, Peak:0.00M | Scene, ViewLayer | Initializing
Fra:1 Mem:12.10M (Peak 12.28M) | Time:00:00.00 | Mem:0.00M, Peak:0.00M | Scene, ViewLayer | Waiting for render to start
Fra:1 Mem:12.11M (Peak 12.28M) | Time:00:00.00 | Mem:0.00M, Peak:0.00M | Scene, ViewLayer | Loading render kernels (may take a few minutes the first time)
Fra:1 Mem:12.11M (Peak 12.28M) | Time:00:00.00 | Mem:0.00M, Peak:0.00M | Scene, ViewLayer | Updating Scene
Fra:1 Mem:12.11M (Peak 12.28M) | Time:00:00.00 | Mem:0.00M, Peak:0.00M | Scene, ViewLayer | Updating Shaders
Fra:1 Mem:12.19M (Peak 12.28M) | Time:00:00.00 | Mem:0.00M, Peak:0.00M | Scene, ViewLayer | Updating Procedurals
Fra:1 Mem:12.19M (Peak 12.28M) | Time:00:00.00 | Mem:0.00M, Peak:0.00M | Scene, ViewLayer | Updating Background
Fra:1 Mem:12.19M (Peak 12.28M) | Time:00:00.00 | Mem:0.00M, Peak:0.00M | Scene, ViewLayer | Updating Camera
Fra:1 Mem:12.19M (Peak 12.28M) | Time:00:00.00 | Mem:0.00M, Peak:0.00M | Scene, ViewLayer | Updating Meshes Flags
Fra:1 Mem:12.19M (Peak 12.28M) | Time:00:00.00 | Mem:0.00M, Peak:0.00M | Scene, ViewLayer | Updating Objects
Fra:1 Mem:12.19M (Peak 12.28M) | Time:00:00.00 | Mem:0.00M, Peak:0.00M | Scene, ViewLayer | Updating Objects | Copying Transformations to device
Fra:1 Mem:12.19M (Peak 12.28M) | Time:00:00.00 | Mem:0.00M, Peak:0.00M | Scene, ViewLayer | Updating Objects | Applying Static Transformations
Fra:1 Mem:12.19M (Peak 12.28M) | Time:00:00.00 | Mem:0.00M, Peak:0.00M | Scene, ViewLayer | Updating Particle Systems
Fra:1 Mem:12.19M (Peak 12.28M) | Time:00:00.00 | Mem:0.00M, Peak:0.00M | Scene, ViewLayer | Updating Particle Systems | Copying Particles to device
Fra:1 Mem:12.19M (Peak 12.28M) | Time:00:00.00 | Mem:0.00M, Peak:0.00M | Scene, ViewLayer | Updating Meshes
Fra:1 Mem:12.20M (Peak 12.28M) | Time:00:00.00 | Mem:0.00M, Peak:0.00M | Scene, ViewLayer | Updating Mesh | Computing attributes
Fra:1 Mem:12.21M (Peak 12.28M) | Time:00:00.00 | Mem:0.00M, Peak:0.00M | Scene, ViewLayer | Updating Mesh | Copying Attributes to device
Fra:1 Mem:12.21M (Peak 12.28M) | Time:00:00.00 | Mem:0.02M, Peak:0.02M | Scene, ViewLayer | Updating Scene BVH | Building
Fra:1 Mem:12.21M (Peak 12.28M) | Time:00:00.00 | Mem:0.02M, Peak:0.02M | Scene, ViewLayer | Updating Scene BVH | Building BVH
Fra:1 Mem:12.21M (Peak 12.28M) | Time:00:00.00 | Mem:0.03M, Peak:0.03M | Scene, ViewLayer | Updating Scene BVH | Building BVH 0%
Fra:1 Mem:12.21M (Peak 12.28M) | Time:00:00.00 | Mem:0.05M, Peak:0.07M | Scene, ViewLayer | Updating Scene BVH | Copying BVH to device
Fra:1 Mem:12.21M (Peak 12.28M) | Time:00:00.00 | Mem:0.05M, Peak:0.07M | Scene, ViewLayer | Updating Mesh | Computing normals
Fra:1 Mem:12.26M (Peak 12.28M) | Time:00:00.00 | Mem:0.05M, Peak:0.07M | Scene, ViewLayer | Updating Mesh | Copying Mesh to device
Fra:1 Mem:12.26M (Peak 12.28M) | Time:00:00.00 | Mem:0.10M, Peak:0.10M | Scene, ViewLayer | Updating Objects Flags
Fra:1 Mem:12.26M (Peak 12.28M) | Time:00:00.00 | Mem:0.10M, Peak:0.10M | Scene, ViewLayer | Updating Primitive Offsets
Fra:1 Mem:12.26M (Peak 12.28M) | Time:00:00.00 | Mem:0.10M, Peak:0.10M | Scene, ViewLayer | Updating Images
Fra:1 Mem:12.26M (Peak 12.28M) | Time:00:00.00 | Mem:0.10M, Peak:0.10M | Scene, ViewLayer | Updating Camera Volume
Fra:1 Mem:12.26M (Peak 12.28M) | Time:00:00.00 | Mem:0.10M, Peak:0.10M | Scene, ViewLayer | Updating Lookup Tables
Fra:1 Mem:12.26M (Peak 12.28M) | Time:00:00.00 | Mem:0.18M, Peak:0.18M | Scene, ViewLayer | Updating Lights
Fra:1 Mem:12.26M (Peak 12.28M) | Time:00:00.00 | Mem:0.18M, Peak:0.18M | Scene, ViewLayer | Updating Lights | Computing tree
Fra:1 Mem:12.26M (Peak 12.28M) | Time:00:00.00 | Mem:0.19M, Peak:0.19M | Scene, ViewLayer | Updating Integrator
Fra:1 Mem:12.26M (Peak 12.28M) | Time:00:00.00 | Mem:0.19M, Peak:0.19M | Scene, ViewLayer | Updating Film
Fra:1 Mem:12.27M (Peak 12.28M) | Time:00:00.00 | Mem:0.10M, Peak:0.19M | Scene, ViewLayer | Updating Lookup Tables
Fra:1 Mem:12.27M (Peak 12.28M) | Time:00:00.00 | Mem:0.19M, Peak:0.19M | Scene, ViewLayer | Updating Baking
Fra:1 Mem:12.27M (Peak 12.28M) | Time:00:00.00 | Mem:0.19M, Peak:0.19M | Scene, ViewLayer | Updating Device | Writing constant memory
Fra:1 Mem:12.27M (Peak 12.28M) | Time:00:00.00 | Mem:0.19M, Peak:0.19M | Scene, ViewLayer | Sample 0/16
Fra:1 Mem:26.34M (Peak 26.34M) | Time:00:00.07 | Remaining:00:01.05 | Mem:14.25M, Peak:14.25M | Scene, ViewLayer | Sample 1/16
Fra:1 Mem:32.59M (Peak 45.09M) | Time:00:00.76 | Mem:14.25M, Peak:14.25M | Scene, ViewLayer | Sample 16/16
Fra:1 Mem:32.59M (Peak 45.09M) | Time:00:00.76 | Mem:14.25M, Peak:14.25M | Scene, ViewLayer | Finished
Saved: '/workspace/scratch/7c20b5ba4165/atlas-backlog-oct3/tools/assets/landmark-entrance-details/qa/previews/marine-copper-grille-back.png'
Time: 00:00.82 (Saving: 00:00.06)

Extensions: writing cache failed ([Errno 30] Read-only file system: '/home/agent/.config/blender').
15:03:29 | INFO: Data are loaded, start creating Blender stuff
15:03:29 | INFO: Blender create Mesh node grille-arch-frame.001
15:03:29 | INFO: glTF import finished in 0.00s
Fra:1 Mem:12.19M (Peak 12.19M) | Time:00:00.00 | Mem:0.00M, Peak:0.00M | Scene, ViewLayer | Synchronizing object | marine-copper-grille
Fra:1 Mem:12.28M (Peak 12.28M) | Time:00:00.00 | Mem:0.00M, Peak:0.00M | Scene, ViewLayer | Initializing
Fra:1 Mem:12.10M (Peak 12.28M) | Time:00:00.00 | Mem:0.00M, Peak:0.00M | Scene, ViewLayer | Waiting for render to start
Fra:1 Mem:12.11M (Peak 12.28M) | Time:00:00.00 | Mem:0.00M, Peak:0.00M | Scene, ViewLayer | Loading render kernels (may take a few minutes the first time)
Fra:1 Mem:12.11M (Peak 12.28M) | Time:00:00.00 | Mem:0.00M, Peak:0.00M | Scene, ViewLayer | Updating Scene
Fra:1 Mem:12.11M (Peak 12.28M) | Time:00:00.00 | Mem:0.00M, Peak:0.00M | Scene, ViewLayer | Updating Shaders
Fra:1 Mem:12.19M (Peak 12.28M) | Time:00:00.00 | Mem:0.00M, Peak:0.00M | Scene, ViewLayer | Updating Procedurals
Fra:1 Mem:12.19M (Peak 12.28M) | Time:00:00.00 | Mem:0.00M, Peak:0.00M | Scene, ViewLayer | Updating Background
Fra:1 Mem:12.19M (Peak 12.28M) | Time:00:00.00 | Mem:0.00M, Peak:0.00M | Scene, ViewLayer | Updating Camera
Fra:1 Mem:12.19M (Peak 12.28M) | Time:00:00.00 | Mem:0.00M, Peak:0.00M | Scene, ViewLayer | Updating Meshes Flags
Fra:1 Mem:12.19M (Peak 12.28M) | Time:00:00.00 | Mem:0.00M, Peak:0.00M | Scene, ViewLayer | Updating Objects
Fra:1 Mem:12.19M (Peak 12.28M) | Time:00:00.00 | Mem:0.00M, Peak:0.00M | Scene, ViewLayer | Updating Objects | Copying Transformations to device
Fra:1 Mem:12.19M (Peak 12.28M) | Time:00:00.00 | Mem:0.00M, Peak:0.00M | Scene, ViewLayer | Updating Objects | Applying Static Transformations
Fra:1 Mem:12.19M (Peak 12.28M) | Time:00:00.00 | Mem:0.00M, Peak:0.00M | Scene, ViewLayer | Updating Particle Systems
Fra:1 Mem:12.19M (Peak 12.28M) | Time:00:00.00 | Mem:0.00M, Peak:0.00M | Scene, ViewLayer | Updating Particle Systems | Copying Particles to device
Fra:1 Mem:12.19M (Peak 12.28M) | Time:00:00.00 | Mem:0.00M, Peak:0.00M | Scene, ViewLayer | Updating Meshes
Fra:1 Mem:12.20M (Peak 12.28M) | Time:00:00.00 | Mem:0.00M, Peak:0.00M | Scene, ViewLayer | Updating Mesh | Computing attributes
Fra:1 Mem:12.21M (Peak 12.28M) | Time:00:00.00 | Mem:0.00M, Peak:0.00M | Scene, ViewLayer | Updating Mesh | Copying Attributes to device
Fra:1 Mem:12.21M (Peak 12.28M) | Time:00:00.00 | Mem:0.02M, Peak:0.02M | Scene, ViewLayer | Updating Scene BVH | Building
Fra:1 Mem:12.21M (Peak 12.28M) | Time:00:00.00 | Mem:0.02M, Peak:0.02M | Scene, ViewLayer | Updating Scene BVH | Building BVH
Fra:1 Mem:12.21M (Peak 12.28M) | Time:00:00.00 | Mem:0.03M, Peak:0.03M | Scene, ViewLayer | Updating Scene BVH | Building BVH 0%
Fra:1 Mem:12.21M (Peak 12.28M) | Time:00:00.00 | Mem:0.05M, Peak:0.07M | Scene, ViewLayer | Updating Scene BVH | Copying BVH to device
Fra:1 Mem:12.21M (Peak 12.28M) | Time:00:00.00 | Mem:0.05M, Peak:0.07M | Scene, ViewLayer | Updating Mesh | Computing normals
Fra:1 Mem:12.26M (Peak 12.28M) | Time:00:00.00 | Mem:0.05M, Peak:0.07M | Scene, ViewLayer | Updating Mesh | Copying Mesh to device
Fra:1 Mem:12.26M (Peak 12.28M) | Time:00:00.00 | Mem:0.10M, Peak:0.10M | Scene, ViewLayer | Updating Objects Flags
Fra:1 Mem:12.26M (Peak 12.28M) | Time:00:00.00 | Mem:0.10M, Peak:0.10M | Scene, ViewLayer | Updating Primitive Offsets
Fra:1 Mem:12.26M (Peak 12.28M) | Time:00:00.00 | Mem:0.10M, Peak:0.10M | Scene, ViewLayer | Updating Images
Fra:1 Mem:12.26M (Peak 12.28M) | Time:00:00.00 | Mem:0.10M, Peak:0.10M | Scene, ViewLayer | Updating Camera Volume
Fra:1 Mem:12.26M (Peak 12.28M) | Time:00:00.00 | Mem:0.10M, Peak:0.10M | Scene, ViewLayer | Updating Lookup Tables
Fra:1 Mem:12.26M (Peak 12.28M) | Time:00:00.00 | Mem:0.18M, Peak:0.18M | Scene, ViewLayer | Updating Lights
Fra:1 Mem:12.26M (Peak 12.28M) | Time:00:00.00 | Mem:0.18M, Peak:0.18M | Scene, ViewLayer | Updating Lights | Computing tree
Fra:1 Mem:12.26M (Peak 12.28M) | Time:00:00.00 | Mem:0.19M, Peak:0.19M | Scene, ViewLayer | Updating Integrator
Fra:1 Mem:12.26M (Peak 12.28M) | Time:00:00.00 | Mem:0.19M, Peak:0.19M | Scene, ViewLayer | Updating Film
Fra:1 Mem:12.27M (Peak 12.28M) | Time:00:00.00 | Mem:0.10M, Peak:0.19M | Scene, ViewLayer | Updating Lookup Tables
Fra:1 Mem:12.27M (Peak 12.28M) | Time:00:00.00 | Mem:0.19M, Peak:0.19M | Scene, ViewLayer | Updating Baking
Fra:1 Mem:12.27M (Peak 12.28M) | Time:00:00.00 | Mem:0.19M, Peak:0.19M | Scene, ViewLayer | Updating Device | Writing constant memory
Fra:1 Mem:12.27M (Peak 12.28M) | Time:00:00.00 | Mem:0.19M, Peak:0.19M | Scene, ViewLayer | Sample 0/16
Fra:1 Mem:26.34M (Peak 26.34M) | Time:00:00.06 | Remaining:00:00.92 | Mem:14.25M, Peak:14.25M | Scene, ViewLayer | Sample 1/16
Fra:1 Mem:32.59M (Peak 45.09M) | Time:00:00.58 | Mem:14.25M, Peak:14.25M | Scene, ViewLayer | Sample 16/16
Fra:1 Mem:32.59M (Peak 45.09M) | Time:00:00.58 | Mem:14.25M, Peak:14.25M | Scene, ViewLayer | Finished
Saved: '/workspace/scratch/7c20b5ba4165/atlas-backlog-oct3/tools/assets/landmark-entrance-details/qa/previews/marine-copper-grille-top.png'
Time: 00:00.65 (Saving: 00:00.06)

Extensions: writing cache failed ([Errno 30] Read-only file system: '/home/agent/.config/blender').
15:03:29 | INFO: Data are loaded, start creating Blender stuff
15:03:29 | INFO: Blender create Mesh node column-shaft.001
15:03:29 | INFO: glTF import finished in 0.00s
15:03:29 | INFO: Data are loaded, start creating Blender stuff
15:03:29 | INFO: Blender create Mesh node capital-necking.001
15:03:29 | INFO: glTF import finished in 0.00s
15:03:29 | INFO: Data are loaded, start creating Blender stuff
15:03:29 | INFO: Blender create Mesh node column-shaft.001
15:03:29 | INFO: glTF import finished in 0.00s
15:03:29 | INFO: Data are loaded, start creating Blender stuff
15:03:29 | INFO: Blender create Mesh node capital-necking.001
15:03:29 | INFO: glTF import finished in 0.00s
15:03:29 | INFO: Data are loaded, start creating Blender stuff
15:03:29 | INFO: Blender create Mesh node column-shaft.001
15:03:29 | INFO: glTF import finished in 0.00s
15:03:29 | INFO: Data are loaded, start creating Blender stuff
15:03:29 | INFO: Blender create Mesh node capital-necking.001
15:03:29 | INFO: glTF import finished in 0.00s
15:03:29 | INFO: Data are loaded, start creating Blender stuff
15:03:29 | INFO: Blender create Mesh node column-shaft.001
15:03:29 | INFO: glTF import finished in 0.00s
15:03:29 | INFO: Data are loaded, start creating Blender stuff
15:03:29 | INFO: Blender create Mesh node capital-necking.001
15:03:29 | INFO: glTF import finished in 0.00s
15:03:29 | INFO: Data are loaded, start creating Blender stuff
15:03:29 | INFO: Blender create Mesh node column-shaft.001
15:03:29 | INFO: glTF import finished in 0.00s
15:03:29 | INFO: Data are loaded, start creating Blender stuff
15:03:29 | INFO: Blender create Mesh node capital-necking.001
15:03:29 | INFO: glTF import finished in 0.00s
15:03:29 | INFO: Data are loaded, start creating Blender stuff
15:03:29 | INFO: Blender create Mesh node column-shaft.001
15:03:29 | INFO: glTF import finished in 0.00s
15:03:29 | INFO: Data are loaded, start creating Blender stuff
15:03:29 | INFO: Blender create Mesh node capital-necking.001
15:03:29 | INFO: glTF import finished in 0.00s
15:03:29 | INFO: Data are loaded, start creating Blender stuff
15:03:29 | INFO: Blender create Mesh node pediment-main-moulding.001
15:03:29 | INFO: glTF import finished in 0.00s
Fra:1 Mem:17.78M (Peak 17.78M) | Time:00:00.00 | Mem:0.00M, Peak:0.00M | Scene, ViewLayer | Synchronizing object | waterfront-column
Fra:1 Mem:18.25M (Peak 18.25M) | Time:00:00.00 | Mem:0.00M, Peak:0.00M | Scene, ViewLayer | Synchronizing object | QA-ruler-tick-10
Fra:1 Mem:17.94M (Peak 18.25M) | Time:00:00.00 | Mem:0.00M, Peak:0.00M | Scene, ViewLayer | Synchronizing object | QA-ruler-tick-9
Fra:1 Mem:17.96M (Peak 18.25M) | Time:00:00.00 | Mem:0.00M, Peak:0.00M | Scene, ViewLayer | Synchronizing object | QA-ruler-tick-8
Fra:1 Mem:17.96M (Peak 18.25M) | Time:00:00.00 | Mem:0.00M, Peak:0.00M | Scene, ViewLayer | Synchronizing object | QA-ruler-tick-7
Fra:1 Mem:17.96M (Peak 18.25M) | Time:00:00.00 | Mem:0.00M, Peak:0.00M | Scene, ViewLayer | Synchronizing object | QA-ruler-tick-6
Fra:1 Mem:17.97M (Peak 18.25M) | Time:00:00.00 | Mem:0.00M, Peak:0.00M | Scene, ViewLayer | Synchronizing object | QA-ruler-tick-5
Fra:1 Mem:17.97M (Peak 18.25M) | Time:00:00.00 | Mem:0.00M, Peak:0.00M | Scene, ViewLayer | Synchronizing object | QA-ruler-tick-4
Fra:1 Mem:17.97M (Peak 18.25M) | Time:00:00.00 | Mem:0.00M, Peak:0.00M | Scene, ViewLayer | Synchronizing object | QA-ruler-tick-3
Fra:1 Mem:17.99M (Peak 18.25M) | Time:00:00.00 | Mem:0.00M, Peak:0.00M | Scene, ViewLayer | Synchronizing object | QA-ruler-tick-2
Fra:1 Mem:18.00M (Peak 18.25M) | Time:00:00.00 | Mem:0.00M, Peak:0.00M | Scene, ViewLayer | Synchronizing object | QA-ruler-tick-1
Fra:1 Mem:18.11M (Peak 18.25M) | Time:00:00.00 | Mem:0.00M, Peak:0.00M | Scene, ViewLayer | Synchronizing object | QA-ruler-tick-0
Fra:1 Mem:18.11M (Peak 18.25M) | Time:00:00.00 | Mem:0.00M, Peak:0.00M | Scene, ViewLayer | Synchronizing object | QA-one-metre-ruler
Fra:1 Mem:18.11M (Peak 18.25M) | Time:00:00.00 | Mem:0.00M, Peak:0.00M | Scene, ViewLayer | Synchronizing object | QA-human-1.81m-head
Fra:1 Mem:18.12M (Peak 18.25M) | Time:00:00.00 | Mem:0.00M, Peak:0.00M | Scene, ViewLayer | Synchronizing object | QA-human-1.81m-arm.001
Fra:1 Mem:18.12M (Peak 18.25M) | Time:00:00.00 | Mem:0.00M, Peak:0.00M | Scene, ViewLayer | Synchronizing object | QA-human-1.81m-arm
Fra:1 Mem:18.12M (Peak 18.25M) | Time:00:00.00 | Mem:0.00M, Peak:0.00M | Scene, ViewLayer | Synchronizing object | QA-human-1.81m-leg.001
Fra:1 Mem:18.12M (Peak 18.25M) | Time:00:00.00 | Mem:0.00M, Peak:0.00M | Scene, ViewLayer | Synchronizing object | QA-human-1.81m-leg
Fra:1 Mem:18.12M (Peak 18.25M) | Time:00:00.00 | Mem:0.00M, Peak:0.00M | Scene, ViewLayer | Synchronizing object | QA-human-1.81m-neck
Fra:1 Mem:18.13M (Peak 18.25M) | Time:00:00.00 | Mem:0.00M, Peak:0.00M | Scene, ViewLayer | Synchronizing object | QA-human-1.81m-body
Fra:1 Mem:18.13M (Peak 18.25M) | Time:00:00.00 | Mem:0.00M, Peak:0.00M | Scene, ViewLayer | Synchronizing object | QA-human-1.75m-head
Fra:1 Mem:18.08M (Peak 18.25M) | Time:00:00.00 | Mem:0.00M, Peak:0.00M | Scene, ViewLayer | Synchronizing object | QA-human-1.75m-arm.001
Fra:1 Mem:18.08M (Peak 18.25M) | Time:00:00.00 | Mem:0.00M, Peak:0.00M | Scene, ViewLayer | Synchronizing object | QA-human-1.75m-arm
Fra:1 Mem:18.12M (Peak 18.25M) | Time:00:00.00 | Mem:0.00M, Peak:0.00M | Scene, ViewLayer | Synchronizing object | QA-human-1.75m-leg.001
Fra:1 Mem:18.12M (Peak 18.25M) | Time:00:00.00 | Mem:0.00M, Peak:0.00M | Scene, ViewLayer | Synchronizing object | QA-human-1.75m-leg
Fra:1 Mem:18.12M (Peak 18.25M) | Time:00:00.00 | Mem:0.00M, Peak:0.00M | Scene, ViewLayer | Synchronizing object | QA-human-1.75m-neck
Fra:1 Mem:18.08M (Peak 18.25M) | Time:00:00.00 | Mem:0.00M, Peak:0.00M | Scene, ViewLayer | Synchronizing object | QA-human-1.75m-body
Fra:1 Mem:17.97M (Peak 18.25M) | Time:00:00.00 | Mem:0.00M, Peak:0.00M | Scene, ViewLayer | Synchronizing object | waterfront-pediment-moulding
Fra:1 Mem:17.97M (Peak 18.25M) | Time:00:00.00 | Mem:0.00M, Peak:0.00M | Scene, ViewLayer | Synchronizing object | waterfront-capital
Fra:1 Mem:18.22M (Peak 18.25M) | Time:00:00.00 | Mem:0.00M, Peak:0.00M | Scene, ViewLayer | Synchronizing object | waterfront-column.001
Fra:1 Mem:18.15M (Peak 18.25M) | Time:00:00.00 | Mem:0.00M, Peak:0.00M | Scene, ViewLayer | Synchronizing object | waterfront-capital.005
Fra:1 Mem:18.37M (Peak 18.37M) | Time:00:00.00 | Mem:0.00M, Peak:0.00M | Scene, ViewLayer | Synchronizing object | waterfront-column.005
Fra:1 Mem:18.76M (Peak 18.76M) | Time:00:00.00 | Mem:0.00M, Peak:0.00M | Scene, ViewLayer | Synchronizing object | waterfront-capital.001
Fra:1 Mem:18.69M (Peak 18.76M) | Time:00:00.00 | Mem:0.00M, Peak:0.00M | Scene, ViewLayer | Synchronizing object | waterfront-column.002
Fra:1 Mem:18.56M (Peak 18.76M) | Time:00:00.00 | Mem:0.00M, Peak:0.00M | Scene, ViewLayer | Synchronizing object | waterfront-capital.004
Fra:1 Mem:18.76M (Peak 18.76M) | Time:00:00.00 | Mem:0.00M, Peak:0.00M | Scene, ViewLayer | Synchronizing object | waterfront-column.004
Fra:1 Mem:18.90M (Peak 18.90M) | Time:00:00.00 | Mem:0.00M, Peak:0.00M | Scene, ViewLayer | Synchronizing object | waterfront-capital.002
Fra:1 Mem:18.99M (Peak 18.99M) | Time:00:00.00 | Mem:0.00M, Peak:0.00M | Scene, ViewLayer | Synchronizing object | waterfront-column.003
Fra:1 Mem:19.33M (Peak 19.33M) | Time:00:00.00 | Mem:0.00M, Peak:0.00M | Scene, ViewLayer | Synchronizing object | waterfront-capital.003
Fra:1 Mem:19.16M (Peak 19.33M) | Time:00:00.00 | Mem:0.00M, Peak:0.00M | Scene, ViewLayer | Initializing
Fra:1 Mem:17.21M (Peak 19.33M) | Time:00:00.00 | Mem:0.00M, Peak:0.00M | Scene, ViewLayer | Waiting for render to start
Fra:1 Mem:17.21M (Peak 19.33M) | Time:00:00.00 | Mem:0.00M, Peak:0.00M | Scene, ViewLayer | Loading render kernels (may take a few minutes the first time)
Fra:1 Mem:17.21M (Peak 19.33M) | Time:00:00.00 | Mem:0.00M, Peak:0.00M | Scene, ViewLayer | Updating Scene
Fra:1 Mem:17.21M (Peak 19.33M) | Time:00:00.00 | Mem:0.00M, Peak:0.00M | Scene, ViewLayer | Updating Shaders
Fra:1 Mem:17.31M (Peak 19.33M) | Time:00:00.00 | Mem:0.01M, Peak:0.01M | Scene, ViewLayer | Updating Procedurals
Fra:1 Mem:17.31M (Peak 19.33M) | Time:00:00.00 | Mem:0.01M, Peak:0.01M | Scene, ViewLayer | Updating Background
Fra:1 Mem:17.31M (Peak 19.33M) | Time:00:00.00 | Mem:0.01M, Peak:0.01M | Scene, ViewLayer | Updating Camera
Fra:1 Mem:17.31M (Peak 19.33M) | Time:00:00.00 | Mem:0.01M, Peak:0.01M | Scene, ViewLayer | Updating Meshes Flags
Fra:1 Mem:17.31M (Peak 19.33M) | Time:00:00.00 | Mem:0.01M, Peak:0.01M | Scene, ViewLayer | Updating Objects
Fra:1 Mem:17.31M (Peak 19.33M) | Time:00:00.00 | Mem:0.01M, Peak:0.01M | Scene, ViewLayer | Updating Objects | Copying Transformations to device
Fra:1 Mem:17.32M (Peak 19.33M) | Time:00:00.00 | Mem:0.02M, Peak:0.02M | Scene, ViewLayer | Updating Objects | Applying Static Transformations
Fra:1 Mem:17.32M (Peak 19.33M) | Time:00:00.00 | Mem:0.02M, Peak:0.02M | Scene, ViewLayer | Updating Particle Systems
Fra:1 Mem:17.32M (Peak 19.33M) | Time:00:00.00 | Mem:0.02M, Peak:0.02M | Scene, ViewLayer | Updating Particle Systems | Copying Particles to device
Fra:1 Mem:17.32M (Peak 19.33M) | Time:00:00.00 | Mem:0.02M, Peak:0.02M | Scene, ViewLayer | Updating Meshes
Fra:1 Mem:17.44M (Peak 19.33M) | Time:00:00.00 | Mem:0.02M, Peak:0.02M | Scene, ViewLayer | Updating Mesh | Computing attributes
Fra:1 Mem:17.70M (Peak 19.33M) | Time:00:00.00 | Mem:0.02M, Peak:0.02M | Scene, ViewLayer | Updating Mesh | Copying Attributes to device
Fra:1 Mem:17.70M (Peak 19.33M) | Time:00:00.00 | Mem:0.28M, Peak:0.28M | Scene, ViewLayer | Updating Scene BVH | Building
Fra:1 Mem:17.70M (Peak 19.33M) | Time:00:00.00 | Mem:0.28M, Peak:0.28M | Scene, ViewLayer | Updating Scene BVH | Building BVH
Fra:1 Mem:17.70M (Peak 19.33M) | Time:00:00.00 | Mem:0.52M, Peak:0.52M | Scene, ViewLayer | Updating Scene BVH | Building BVH 0%
Fra:1 Mem:17.70M (Peak 19.33M) | Time:00:00.01 | Mem:0.84M, Peak:1.08M | Scene, ViewLayer | Updating Scene BVH | Copying BVH to device
Fra:1 Mem:17.70M (Peak 19.33M) | Time:00:00.01 | Mem:0.84M, Peak:1.08M | Scene, ViewLayer | Updating Mesh | Computing normals
Fra:1 Mem:18.53M (Peak 19.33M) | Time:00:00.01 | Mem:0.84M, Peak:1.08M | Scene, ViewLayer | Updating Mesh | Copying Mesh to device
Fra:1 Mem:18.53M (Peak 19.33M) | Time:00:00.01 | Mem:1.67M, Peak:1.67M | Scene, ViewLayer | Updating Objects Flags
Fra:1 Mem:18.53M (Peak 19.33M) | Time:00:00.01 | Mem:1.67M, Peak:1.67M | Scene, ViewLayer | Updating Primitive Offsets
Fra:1 Mem:18.53M (Peak 19.33M) | Time:00:00.01 | Mem:1.67M, Peak:1.67M | Scene, ViewLayer | Updating Images
Fra:1 Mem:18.53M (Peak 19.33M) | Time:00:00.01 | Mem:1.67M, Peak:1.67M | Scene, ViewLayer | Updating Camera Volume
Fra:1 Mem:18.53M (Peak 19.33M) | Time:00:00.01 | Mem:1.67M, Peak:1.67M | Scene, ViewLayer | Updating Lookup Tables
Fra:1 Mem:18.53M (Peak 19.33M) | Time:00:00.01 | Mem:1.75M, Peak:1.75M | Scene, ViewLayer | Updating Lights
Fra:1 Mem:18.53M (Peak 19.33M) | Time:00:00.01 | Mem:1.75M, Peak:1.75M | Scene, ViewLayer | Updating Lights | Computing tree
Fra:1 Mem:18.53M (Peak 19.33M) | Time:00:00.01 | Mem:1.75M, Peak:1.75M | Scene, ViewLayer | Updating Integrator
Fra:1 Mem:18.53M (Peak 19.33M) | Time:00:00.01 | Mem:1.75M, Peak:1.75M | Scene, ViewLayer | Updating Film
Fra:1 Mem:18.54M (Peak 19.33M) | Time:00:00.01 | Mem:1.67M, Peak:1.75M | Scene, ViewLayer | Updating Lookup Tables
Fra:1 Mem:18.54M (Peak 19.33M) | Time:00:00.01 | Mem:1.76M, Peak:1.76M | Scene, ViewLayer | Updating Baking
Fra:1 Mem:18.54M (Peak 19.33M) | Time:00:00.01 | Mem:1.76M, Peak:1.76M | Scene, ViewLayer | Updating Device | Writing constant memory
Fra:1 Mem:18.54M (Peak 19.33M) | Time:00:00.01 | Mem:1.76M, Peak:1.76M | Scene, ViewLayer | Sample 0/16
Fra:1 Mem:39.64M (Peak 39.64M) | Time:00:00.13 | Remaining:00:01.85 | Mem:22.85M, Peak:22.85M | Scene, ViewLayer | Sample 1/16
Fra:1 Mem:49.01M (Peak 67.76M) | Time:00:01.46 | Mem:22.85M, Peak:22.85M | Scene, ViewLayer | Sample 16/16
Fra:1 Mem:49.01M (Peak 67.76M) | Time:00:01.46 | Mem:22.85M, Peak:22.85M | Scene, ViewLayer | Finished
Saved: '/workspace/scratch/7c20b5ba4165/atlas-backlog-oct3/tools/assets/landmark-entrance-details/qa/previews/waterfront-sunny.png'
Time: 00:01.57 (Saving: 00:00.10)

Extensions: writing cache failed ([Errno 30] Read-only file system: '/home/agent/.config/blender').
15:03:31 | INFO: Data are loaded, start creating Blender stuff
15:03:31 | INFO: Blender create Mesh node column-shaft.001
15:03:31 | INFO: glTF import finished in 0.00s
15:03:31 | INFO: Data are loaded, start creating Blender stuff
15:03:31 | INFO: Blender create Mesh node capital-necking.001
15:03:31 | INFO: glTF import finished in 0.00s
15:03:31 | INFO: Data are loaded, start creating Blender stuff
15:03:31 | INFO: Blender create Mesh node column-shaft.001
15:03:31 | INFO: glTF import finished in 0.00s
15:03:31 | INFO: Data are loaded, start creating Blender stuff
15:03:31 | INFO: Blender create Mesh node capital-necking.001
15:03:31 | INFO: glTF import finished in 0.00s
15:03:31 | INFO: Data are loaded, start creating Blender stuff
15:03:31 | INFO: Blender create Mesh node column-shaft.001
15:03:31 | INFO: glTF import finished in 0.00s
15:03:31 | INFO: Data are loaded, start creating Blender stuff
15:03:31 | INFO: Blender create Mesh node capital-necking.001
15:03:31 | INFO: glTF import finished in 0.00s
15:03:31 | INFO: Data are loaded, start creating Blender stuff
15:03:31 | INFO: Blender create Mesh node column-shaft.001
15:03:31 | INFO: glTF import finished in 0.00s
15:03:31 | INFO: Data are loaded, start creating Blender stuff
15:03:31 | INFO: Blender create Mesh node capital-necking.001
15:03:31 | INFO: glTF import finished in 0.00s
15:03:31 | INFO: Data are loaded, start creating Blender stuff
15:03:31 | INFO: Blender create Mesh node column-shaft.001
15:03:31 | INFO: glTF import finished in 0.00s
15:03:31 | INFO: Data are loaded, start creating Blender stuff
15:03:31 | INFO: Blender create Mesh node capital-necking.001
15:03:31 | INFO: glTF import finished in 0.00s
15:03:31 | INFO: Data are loaded, start creating Blender stuff
15:03:31 | INFO: Blender create Mesh node column-shaft.001
15:03:31 | INFO: glTF import finished in 0.00s
15:03:31 | INFO: Data are loaded, start creating Blender stuff
15:03:31 | INFO: Blender create Mesh node capital-necking.001
15:03:31 | INFO: glTF import finished in 0.00s
15:03:31 | INFO: Data are loaded, start creating Blender stuff
15:03:31 | INFO: Blender create Mesh node pediment-main-moulding.001
15:03:31 | INFO: glTF import finished in 0.00s
Fra:1 Mem:17.78M (Peak 17.78M) | Time:00:00.00 | Mem:0.00M, Peak:0.00M | Scene, ViewLayer | Synchronizing object | waterfront-column
Fra:1 Mem:18.21M (Peak 18.21M) | Time:00:00.00 | Mem:0.00M, Peak:0.00M | Scene, ViewLayer | Synchronizing object | QA-ruler-tick-10
Fra:1 Mem:18.22M (Peak 18.22M) | Time:00:00.00 | Mem:0.00M, Peak:0.00M | Scene, ViewLayer | Synchronizing object | QA-ruler-tick-9
Fra:1 Mem:18.22M (Peak 18.22M) | Time:00:00.00 | Mem:0.00M, Peak:0.00M | Scene, ViewLayer | Synchronizing object | QA-ruler-tick-8
Fra:1 Mem:18.25M (Peak 18.25M) | Time:00:00.00 | Mem:0.00M, Peak:0.00M | Scene, ViewLayer | Synchronizing object | QA-ruler-tick-7
Fra:1 Mem:18.23M (Peak 18.25M) | Time:00:00.00 | Mem:0.00M, Peak:0.00M | Scene, ViewLayer | Synchronizing object | QA-ruler-tick-6
Fra:1 Mem:17.89M (Peak 18.25M) | Time:00:00.00 | Mem:0.00M, Peak:0.00M | Scene, ViewLayer | Synchronizing object | QA-ruler-tick-5
Fra:1 Mem:17.89M (Peak 18.25M) | Time:00:00.00 | Mem:0.00M, Peak:0.00M | Scene, ViewLayer | Synchronizing object | QA-ruler-tick-4
Fra:1 Mem:17.92M (Peak 18.25M) | Time:00:00.00 | Mem:0.00M, Peak:0.00M | Scene, ViewLayer | Synchronizing object | QA-ruler-tick-3
Fra:1 Mem:17.94M (Peak 18.25M) | Time:00:00.00 | Mem:0.00M, Peak:0.00M | Scene, ViewLayer | Synchronizing object | QA-ruler-tick-2
Fra:1 Mem:17.95M (Peak 18.25M) | Time:00:00.00 | Mem:0.00M, Peak:0.00M | Scene, ViewLayer | Synchronizing object | QA-ruler-tick-1
Fra:1 Mem:17.97M (Peak 18.25M) | Time:00:00.00 | Mem:0.00M, Peak:0.00M | Scene, ViewLayer | Synchronizing object | QA-ruler-tick-0
Fra:1 Mem:17.97M (Peak 18.25M) | Time:00:00.00 | Mem:0.00M, Peak:0.00M | Scene, ViewLayer | Synchronizing object | QA-one-metre-ruler
Fra:1 Mem:17.97M (Peak 18.25M) | Time:00:00.00 | Mem:0.00M, Peak:0.00M | Scene, ViewLayer | Synchronizing object | QA-human-1.81m-head
Fra:1 Mem:17.98M (Peak 18.25M) | Time:00:00.00 | Mem:0.00M, Peak:0.00M | Scene, ViewLayer | Synchronizing object | QA-human-1.81m-arm.001
Fra:1 Mem:17.98M (Peak 18.25M) | Time:00:00.00 | Mem:0.00M, Peak:0.00M | Scene, ViewLayer | Synchronizing object | QA-human-1.81m-arm
Fra:1 Mem:18.00M (Peak 18.25M) | Time:00:00.00 | Mem:0.00M, Peak:0.00M | Scene, ViewLayer | Synchronizing object | QA-human-1.81m-leg.001
Fra:1 Mem:18.01M (Peak 18.25M) | Time:00:00.00 | Mem:0.00M, Peak:0.00M | Scene, ViewLayer | Synchronizing object | QA-human-1.81m-leg
Fra:1 Mem:18.12M (Peak 18.25M) | Time:00:00.00 | Mem:0.00M, Peak:0.00M | Scene, ViewLayer | Synchronizing object | QA-human-1.81m-neck
Fra:1 Mem:18.13M (Peak 18.25M) | Time:00:00.00 | Mem:0.00M, Peak:0.00M | Scene, ViewLayer | Synchronizing object | QA-human-1.81m-body
Fra:1 Mem:18.13M (Peak 18.25M) | Time:00:00.00 | Mem:0.00M, Peak:0.00M | Scene, ViewLayer | Synchronizing object | QA-human-1.75m-head
Fra:1 Mem:18.14M (Peak 18.25M) | Time:00:00.00 | Mem:0.00M, Peak:0.00M | Scene, ViewLayer | Synchronizing object | QA-human-1.75m-arm.001
Fra:1 Mem:18.14M (Peak 18.25M) | Time:00:00.00 | Mem:0.00M, Peak:0.00M | Scene, ViewLayer | Synchronizing object | QA-human-1.75m-arm
Fra:1 Mem:18.14M (Peak 18.25M) | Time:00:00.00 | Mem:0.00M, Peak:0.00M | Scene, ViewLayer | Synchronizing object | QA-human-1.75m-leg.001
Fra:1 Mem:18.14M (Peak 18.25M) | Time:00:00.00 | Mem:0.00M, Peak:0.00M | Scene, ViewLayer | Synchronizing object | QA-human-1.75m-leg
Fra:1 Mem:18.14M (Peak 18.25M) | Time:00:00.00 | Mem:0.00M, Peak:0.00M | Scene, ViewLayer | Synchronizing object | QA-human-1.75m-neck
Fra:1 Mem:18.14M (Peak 18.25M) | Time:00:00.00 | Mem:0.00M, Peak:0.00M | Scene, ViewLayer | Synchronizing object | QA-human-1.75m-body
Fra:1 Mem:18.14M (Peak 18.25M) | Time:00:00.00 | Mem:0.00M, Peak:0.00M | Scene, ViewLayer | Synchronizing object | waterfront-pediment-moulding
Fra:1 Mem:18.19M (Peak 18.25M) | Time:00:00.00 | Mem:0.00M, Peak:0.00M | Scene, ViewLayer | Synchronizing object | waterfront-capital
Fra:1 Mem:18.21M (Peak 18.25M) | Time:00:00.00 | Mem:0.00M, Peak:0.00M | Scene, ViewLayer | Synchronizing object | waterfront-capital.005
Fra:1 Mem:18.28M (Peak 18.28M) | Time:00:00.00 | Mem:0.00M, Peak:0.00M | Scene, ViewLayer | Synchronizing object | waterfront-column.001
Fra:1 Mem:18.32M (Peak 18.32M) | Time:00:00.00 | Mem:0.00M, Peak:0.00M | Scene, ViewLayer | Synchronizing object | waterfront-column.005
Fra:1 Mem:18.50M (Peak 18.50M) | Time:00:00.00 | Mem:0.00M, Peak:0.00M | Scene, ViewLayer | Synchronizing object | waterfront-capital.001
Fra:1 Mem:18.63M (Peak 18.63M) | Time:00:00.00 | Mem:0.00M, Peak:0.00M | Scene, ViewLayer | Synchronizing object | waterfront-capital.004
Fra:1 Mem:18.68M (Peak 18.68M) | Time:00:00.00 | Mem:0.00M, Peak:0.00M | Scene, ViewLayer | Synchronizing object | waterfront-column.002
Fra:1 Mem:18.76M (Peak 18.76M) | Time:00:00.00 | Mem:0.00M, Peak:0.00M | Scene, ViewLayer | Synchronizing object | waterfront-column.004
Fra:1 Mem:18.90M (Peak 18.90M) | Time:00:00.00 | Mem:0.00M, Peak:0.00M | Scene, ViewLayer | Synchronizing object | waterfront-capital.002
Fra:1 Mem:18.99M (Peak 18.99M) | Time:00:00.00 | Mem:0.00M, Peak:0.00M | Scene, ViewLayer | Synchronizing object | waterfront-column.003
Fra:1 Mem:18.98M (Peak 18.99M) | Time:00:00.00 | Mem:0.00M, Peak:0.00M | Scene, ViewLayer | Synchronizing object | waterfront-capital.003
Fra:1 Mem:19.16M (Peak 19.16M) | Time:00:00.00 | Mem:0.00M, Peak:0.00M | Scene, ViewLayer | Initializing
Fra:1 Mem:17.21M (Peak 19.16M) | Time:00:00.00 | Mem:0.00M, Peak:0.00M | Scene, ViewLayer | Waiting for render to start
Fra:1 Mem:17.21M (Peak 19.16M) | Time:00:00.00 | Mem:0.00M, Peak:0.00M | Scene, ViewLayer | Loading render kernels (may take a few minutes the first time)
Fra:1 Mem:17.21M (Peak 19.16M) | Time:00:00.00 | Mem:0.00M, Peak:0.00M | Scene, ViewLayer | Updating Scene
Fra:1 Mem:17.21M (Peak 19.16M) | Time:00:00.00 | Mem:0.00M, Peak:0.00M | Scene, ViewLayer | Updating Shaders
Fra:1 Mem:17.31M (Peak 19.16M) | Time:00:00.00 | Mem:0.01M, Peak:0.01M | Scene, ViewLayer | Updating Procedurals
Fra:1 Mem:17.31M (Peak 19.16M) | Time:00:00.00 | Mem:0.01M, Peak:0.01M | Scene, ViewLayer | Updating Background
Fra:1 Mem:17.31M (Peak 19.16M) | Time:00:00.00 | Mem:0.01M, Peak:0.01M | Scene, ViewLayer | Updating Camera
Fra:1 Mem:17.31M (Peak 19.16M) | Time:00:00.00 | Mem:0.01M, Peak:0.01M | Scene, ViewLayer | Updating Meshes Flags
Fra:1 Mem:17.31M (Peak 19.16M) | Time:00:00.00 | Mem:0.01M, Peak:0.01M | Scene, ViewLayer | Updating Objects
Fra:1 Mem:17.31M (Peak 19.16M) | Time:00:00.00 | Mem:0.01M, Peak:0.01M | Scene, ViewLayer | Updating Objects | Copying Transformations to device
Fra:1 Mem:17.32M (Peak 19.16M) | Time:00:00.00 | Mem:0.02M, Peak:0.02M | Scene, ViewLayer | Updating Objects | Applying Static Transformations
Fra:1 Mem:17.32M (Peak 19.16M) | Time:00:00.00 | Mem:0.02M, Peak:0.02M | Scene, ViewLayer | Updating Particle Systems
Fra:1 Mem:17.32M (Peak 19.16M) | Time:00:00.00 | Mem:0.02M, Peak:0.02M | Scene, ViewLayer | Updating Particle Systems | Copying Particles to device
Fra:1 Mem:17.32M (Peak 19.16M) | Time:00:00.00 | Mem:0.02M, Peak:0.02M | Scene, ViewLayer | Updating Meshes
Fra:1 Mem:17.44M (Peak 19.16M) | Time:00:00.00 | Mem:0.02M, Peak:0.02M | Scene, ViewLayer | Updating Mesh | Computing attributes
Fra:1 Mem:17.70M (Peak 19.16M) | Time:00:00.00 | Mem:0.02M, Peak:0.02M | Scene, ViewLayer | Updating Mesh | Copying Attributes to device
Fra:1 Mem:17.70M (Peak 19.16M) | Time:00:00.00 | Mem:0.28M, Peak:0.28M | Scene, ViewLayer | Updating Scene BVH | Building
Fra:1 Mem:17.70M (Peak 19.16M) | Time:00:00.00 | Mem:0.28M, Peak:0.28M | Scene, ViewLayer | Updating Scene BVH | Building BVH
Fra:1 Mem:17.70M (Peak 19.16M) | Time:00:00.00 | Mem:0.52M, Peak:0.52M | Scene, ViewLayer | Updating Scene BVH | Building BVH 0%
Fra:1 Mem:17.70M (Peak 19.16M) | Time:00:00.00 | Mem:0.84M, Peak:1.08M | Scene, ViewLayer | Updating Scene BVH | Copying BVH to device
Fra:1 Mem:17.70M (Peak 19.16M) | Time:00:00.00 | Mem:0.84M, Peak:1.08M | Scene, ViewLayer | Updating Mesh | Computing normals
Fra:1 Mem:18.53M (Peak 19.16M) | Time:00:00.00 | Mem:0.84M, Peak:1.08M | Scene, ViewLayer | Updating Mesh | Copying Mesh to device
Fra:1 Mem:18.53M (Peak 19.16M) | Time:00:00.00 | Mem:1.67M, Peak:1.67M | Scene, ViewLayer | Updating Objects Flags
Fra:1 Mem:18.53M (Peak 19.16M) | Time:00:00.00 | Mem:1.67M, Peak:1.67M | Scene, ViewLayer | Updating Primitive Offsets
Fra:1 Mem:18.53M (Peak 19.16M) | Time:00:00.00 | Mem:1.67M, Peak:1.67M | Scene, ViewLayer | Updating Images
Fra:1 Mem:18.53M (Peak 19.16M) | Time:00:00.00 | Mem:1.67M, Peak:1.67M | Scene, ViewLayer | Updating Camera Volume
Fra:1 Mem:18.53M (Peak 19.16M) | Time:00:00.00 | Mem:1.67M, Peak:1.67M | Scene, ViewLayer | Updating Lookup Tables
Fra:1 Mem:18.53M (Peak 19.16M) | Time:00:00.00 | Mem:1.75M, Peak:1.75M | Scene, ViewLayer | Updating Lights
Fra:1 Mem:18.53M (Peak 19.16M) | Time:00:00.00 | Mem:1.75M, Peak:1.75M | Scene, ViewLayer | Updating Lights | Computing tree
Fra:1 Mem:18.53M (Peak 19.16M) | Time:00:00.00 | Mem:1.75M, Peak:1.75M | Scene, ViewLayer | Updating Integrator
Fra:1 Mem:18.53M (Peak 19.16M) | Time:00:00.00 | Mem:1.75M, Peak:1.75M | Scene, ViewLayer | Updating Film
Fra:1 Mem:18.54M (Peak 19.16M) | Time:00:00.00 | Mem:1.67M, Peak:1.75M | Scene, ViewLayer | Updating Lookup Tables
Fra:1 Mem:18.54M (Peak 19.16M) | Time:00:00.00 | Mem:1.76M, Peak:1.76M | Scene, ViewLayer | Updating Baking
Fra:1 Mem:18.54M (Peak 19.16M) | Time:00:00.00 | Mem:1.76M, Peak:1.76M | Scene, ViewLayer | Updating Device | Writing constant memory
Fra:1 Mem:18.54M (Peak 19.16M) | Time:00:00.00 | Mem:1.76M, Peak:1.76M | Scene, ViewLayer | Sample 0/16
Fra:1 Mem:39.64M (Peak 39.64M) | Time:00:00.13 | Remaining:00:01.83 | Mem:22.85M, Peak:22.85M | Scene, ViewLayer | Sample 1/16
Fra:1 Mem:49.01M (Peak 67.77M) | Time:00:01.45 | Mem:22.85M, Peak:22.85M | Scene, ViewLayer | Sample 16/16
Fra:1 Mem:49.01M (Peak 67.77M) | Time:00:01.45 | Mem:22.85M, Peak:22.85M | Scene, ViewLayer | Finished
Saved: '/workspace/scratch/7c20b5ba4165/atlas-backlog-oct3/tools/assets/landmark-entrance-details/qa/previews/waterfront-overcast.png'
Time: 00:01.55 (Saving: 00:00.09)

Extensions: writing cache failed ([Errno 30] Read-only file system: '/home/agent/.config/blender').
15:03:33 | INFO: Data are loaded, start creating Blender stuff
15:03:33 | INFO: Blender create Mesh node column-shaft.001
15:03:33 | INFO: glTF import finished in 0.00s
15:03:33 | INFO: Data are loaded, start creating Blender stuff
15:03:33 | INFO: Blender create Mesh node capital-necking.001
15:03:33 | INFO: glTF import finished in 0.00s
15:03:33 | INFO: Data are loaded, start creating Blender stuff
15:03:33 | INFO: Blender create Mesh node column-shaft.001
15:03:33 | INFO: glTF import finished in 0.00s
15:03:33 | INFO: Data are loaded, start creating Blender stuff
15:03:33 | INFO: Blender create Mesh node capital-necking.001
15:03:33 | INFO: glTF import finished in 0.00s
15:03:33 | INFO: Data are loaded, start creating Blender stuff
15:03:33 | INFO: Blender create Mesh node column-shaft.001
15:03:33 | INFO: glTF import finished in 0.00s
15:03:33 | INFO: Data are loaded, start creating Blender stuff
15:03:33 | INFO: Blender create Mesh node capital-necking.001
15:03:33 | INFO: glTF import finished in 0.00s
15:03:33 | INFO: Data are loaded, start creating Blender stuff
15:03:33 | INFO: Blender create Mesh node column-shaft.001
15:03:33 | INFO: glTF import finished in 0.00s
15:03:33 | INFO: Data are loaded, start creating Blender stuff
15:03:33 | INFO: Blender create Mesh node capital-necking.001
15:03:33 | INFO: glTF import finished in 0.00s
15:03:33 | INFO: Data are loaded, start creating Blender stuff
15:03:33 | INFO: Blender create Mesh node column-shaft.001
15:03:33 | INFO: glTF import finished in 0.00s
15:03:33 | INFO: Data are loaded, start creating Blender stuff
15:03:33 | INFO: Blender create Mesh node capital-necking.001
15:03:33 | INFO: glTF import finished in 0.00s
15:03:33 | INFO: Data are loaded, start creating Blender stuff
15:03:33 | INFO: Blender create Mesh node column-shaft.001
15:03:33 | INFO: glTF import finished in 0.00s
15:03:33 | INFO: Data are loaded, start creating Blender stuff
15:03:33 | INFO: Blender create Mesh node capital-necking.001
15:03:33 | INFO: glTF import finished in 0.00s
15:03:33 | INFO: Data are loaded, start creating Blender stuff
15:03:33 | INFO: Blender create Mesh node pediment-main-moulding.001
15:03:33 | INFO: glTF import finished in 0.00s
Fra:1 Mem:17.78M (Peak 17.78M) | Time:00:00.00 | Mem:0.00M, Peak:0.00M | Scene, ViewLayer | Synchronizing object | waterfront-column
Fra:1 Mem:18.22M (Peak 18.22M) | Time:00:00.00 | Mem:0.00M, Peak:0.00M | Scene, ViewLayer | Synchronizing object | QA-ruler-tick-10
Fra:1 Mem:18.22M (Peak 18.22M) | Time:00:00.00 | Mem:0.00M, Peak:0.00M | Scene, ViewLayer | Synchronizing object | QA-ruler-tick-9
Fra:1 Mem:18.24M (Peak 18.24M) | Time:00:00.00 | Mem:0.00M, Peak:0.00M | Scene, ViewLayer | Synchronizing object | QA-ruler-tick-8
Fra:1 Mem:18.22M (Peak 18.24M) | Time:00:00.00 | Mem:0.00M, Peak:0.00M | Scene, ViewLayer | Synchronizing object | QA-ruler-tick-7
Fra:1 Mem:18.25M (Peak 18.25M) | Time:00:00.00 | Mem:0.00M, Peak:0.00M | Scene, ViewLayer | Synchronizing object | QA-ruler-tick-6
Fra:1 Mem:18.23M (Peak 18.25M) | Time:00:00.00 | Mem:0.00M, Peak:0.00M | Scene, ViewLayer | Synchronizing object | QA-ruler-tick-5
Fra:1 Mem:17.89M (Peak 18.25M) | Time:00:00.00 | Mem:0.00M, Peak:0.00M | Scene, ViewLayer | Synchronizing object | QA-ruler-tick-4
Fra:1 Mem:17.92M (Peak 18.25M) | Time:00:00.00 | Mem:0.00M, Peak:0.00M | Scene, ViewLayer | Synchronizing object | QA-ruler-tick-3
Fra:1 Mem:17.95M (Peak 18.25M) | Time:00:00.00 | Mem:0.00M, Peak:0.00M | Scene, ViewLayer | Synchronizing object | QA-ruler-tick-2
Fra:1 Mem:17.95M (Peak 18.25M) | Time:00:00.00 | Mem:0.00M, Peak:0.00M | Scene, ViewLayer | Synchronizing object | QA-ruler-tick-1
Fra:1 Mem:17.94M (Peak 18.25M) | Time:00:00.00 | Mem:0.00M, Peak:0.00M | Scene, ViewLayer | Synchronizing object | QA-ruler-tick-0
Fra:1 Mem:17.97M (Peak 18.25M) | Time:00:00.00 | Mem:0.00M, Peak:0.00M | Scene, ViewLayer | Synchronizing object | QA-one-metre-ruler
Fra:1 Mem:17.97M (Peak 18.25M) | Time:00:00.00 | Mem:0.00M, Peak:0.00M | Scene, ViewLayer | Synchronizing object | QA-human-1.81m-head
Fra:1 Mem:17.98M (Peak 18.25M) | Time:00:00.00 | Mem:0.00M, Peak:0.00M | Scene, ViewLayer | Synchronizing object | QA-human-1.81m-arm.001
Fra:1 Mem:17.98M (Peak 18.25M) | Time:00:00.00 | Mem:0.00M, Peak:0.00M | Scene, ViewLayer | Synchronizing object | QA-human-1.81m-arm
Fra:1 Mem:17.98M (Peak 18.25M) | Time:00:00.00 | Mem:0.00M, Peak:0.00M | Scene, ViewLayer | Synchronizing object | QA-human-1.81m-leg.001
Fra:1 Mem:17.99M (Peak 18.25M) | Time:00:00.00 | Mem:0.00M, Peak:0.00M | Scene, ViewLayer | Synchronizing object | QA-human-1.81m-leg
Fra:1 Mem:17.99M (Peak 18.25M) | Time:00:00.00 | Mem:0.00M, Peak:0.00M | Scene, ViewLayer | Synchronizing object | QA-human-1.81m-neck
Fra:1 Mem:17.99M (Peak 18.25M) | Time:00:00.00 | Mem:0.00M, Peak:0.00M | Scene, ViewLayer | Synchronizing object | QA-human-1.81m-body
Fra:1 Mem:17.99M (Peak 18.25M) | Time:00:00.00 | Mem:0.00M, Peak:0.00M | Scene, ViewLayer | Synchronizing object | QA-human-1.75m-head
Fra:1 Mem:18.00M (Peak 18.25M) | Time:00:00.00 | Mem:0.00M, Peak:0.00M | Scene, ViewLayer | Synchronizing object | QA-human-1.75m-arm.001
Fra:1 Mem:18.00M (Peak 18.25M) | Time:00:00.00 | Mem:0.00M, Peak:0.00M | Scene, ViewLayer | Synchronizing object | QA-human-1.75m-arm
Fra:1 Mem:18.02M (Peak 18.25M) | Time:00:00.00 | Mem:0.00M, Peak:0.00M | Scene, ViewLayer | Synchronizing object | QA-human-1.75m-leg.001
Fra:1 Mem:18.03M (Peak 18.25M) | Time:00:00.00 | Mem:0.00M, Peak:0.00M | Scene, ViewLayer | Synchronizing object | QA-human-1.75m-leg
Fra:1 Mem:18.14M (Peak 18.25M) | Time:00:00.00 | Mem:0.00M, Peak:0.00M | Scene, ViewLayer | Synchronizing object | QA-human-1.75m-neck
Fra:1 Mem:18.14M (Peak 18.25M) | Time:00:00.00 | Mem:0.00M, Peak:0.00M | Scene, ViewLayer | Synchronizing object | QA-human-1.75m-body
Fra:1 Mem:18.14M (Peak 18.25M) | Time:00:00.00 | Mem:0.00M, Peak:0.00M | Scene, ViewLayer | Synchronizing object | waterfront-pediment-moulding
Fra:1 Mem:18.21M (Peak 18.25M) | Time:00:00.00 | Mem:0.00M, Peak:0.00M | Scene, ViewLayer | Synchronizing object | waterfront-capital
Fra:1 Mem:18.15M (Peak 18.25M) | Time:00:00.00 | Mem:0.00M, Peak:0.00M | Scene, ViewLayer | Synchronizing object | waterfront-capital.005
Fra:1 Mem:18.30M (Peak 18.30M) | Time:00:00.00 | Mem:0.00M, Peak:0.00M | Scene, ViewLayer | Synchronizing object | waterfront-column.001
Fra:1 Mem:18.63M (Peak 18.63M) | Time:00:00.00 | Mem:0.00M, Peak:0.00M | Scene, ViewLayer | Synchronizing object | waterfront-column.005
Fra:1 Mem:18.50M (Peak 18.63M) | Time:00:00.00 | Mem:0.00M, Peak:0.00M | Scene, ViewLayer | Synchronizing object | waterfront-capital.001
Fra:1 Mem:18.55M (Peak 18.63M) | Time:00:00.00 | Mem:0.00M, Peak:0.00M | Scene, ViewLayer | Synchronizing object | waterfront-capital.004
Fra:1 Mem:18.63M (Peak 18.63M) | Time:00:00.00 | Mem:0.00M, Peak:0.00M | Scene, ViewLayer | Synchronizing object | waterfront-column.002
Fra:1 Mem:18.98M (Peak 18.98M) | Time:00:00.00 | Mem:0.00M, Peak:0.00M | Scene, ViewLayer | Synchronizing object | waterfront-column.004
Fra:1 Mem:19.06M (Peak 19.06M) | Time:00:00.00 | Mem:0.00M, Peak:0.00M | Scene, ViewLayer | Synchronizing object | waterfront-capital.002
Fra:1 Mem:19.07M (Peak 19.07M) | Time:00:00.00 | Mem:0.00M, Peak:0.00M | Scene, ViewLayer | Synchronizing object | waterfront-capital.003
Fra:1 Mem:19.05M (Peak 19.07M) | Time:00:00.00 | Mem:0.00M, Peak:0.00M | Scene, ViewLayer | Synchronizing object | waterfront-column.003
Fra:1 Mem:19.16M (Peak 19.16M) | Time:00:00.00 | Mem:0.00M, Peak:0.00M | Scene, ViewLayer | Initializing
Fra:1 Mem:17.21M (Peak 19.16M) | Time:00:00.00 | Mem:0.00M, Peak:0.00M | Scene, ViewLayer | Waiting for render to start
Fra:1 Mem:17.21M (Peak 19.16M) | Time:00:00.00 | Mem:0.00M, Peak:0.00M | Scene, ViewLayer | Loading render kernels (may take a few minutes the first time)
Fra:1 Mem:17.21M (Peak 19.16M) | Time:00:00.00 | Mem:0.00M, Peak:0.00M | Scene, ViewLayer | Updating Scene
Fra:1 Mem:17.21M (Peak 19.16M) | Time:00:00.00 | Mem:0.00M, Peak:0.00M | Scene, ViewLayer | Updating Shaders
Fra:1 Mem:17.31M (Peak 19.16M) | Time:00:00.00 | Mem:0.01M, Peak:0.01M | Scene, ViewLayer | Updating Procedurals
Fra:1 Mem:17.31M (Peak 19.16M) | Time:00:00.00 | Mem:0.01M, Peak:0.01M | Scene, ViewLayer | Updating Background
Fra:1 Mem:17.31M (Peak 19.16M) | Time:00:00.00 | Mem:0.01M, Peak:0.01M | Scene, ViewLayer | Updating Camera
Fra:1 Mem:17.31M (Peak 19.16M) | Time:00:00.00 | Mem:0.01M, Peak:0.01M | Scene, ViewLayer | Updating Meshes Flags
Fra:1 Mem:17.31M (Peak 19.16M) | Time:00:00.00 | Mem:0.01M, Peak:0.01M | Scene, ViewLayer | Updating Objects
Fra:1 Mem:17.31M (Peak 19.16M) | Time:00:00.00 | Mem:0.01M, Peak:0.01M | Scene, ViewLayer | Updating Objects | Copying Transformations to device
Fra:1 Mem:17.32M (Peak 19.16M) | Time:00:00.00 | Mem:0.02M, Peak:0.02M | Scene, ViewLayer | Updating Objects | Applying Static Transformations
Fra:1 Mem:17.32M (Peak 19.16M) | Time:00:00.00 | Mem:0.02M, Peak:0.02M | Scene, ViewLayer | Updating Particle Systems
Fra:1 Mem:17.32M (Peak 19.16M) | Time:00:00.00 | Mem:0.02M, Peak:0.02M | Scene, ViewLayer | Updating Particle Systems | Copying Particles to device
Fra:1 Mem:17.32M (Peak 19.16M) | Time:00:00.00 | Mem:0.02M, Peak:0.02M | Scene, ViewLayer | Updating Meshes
Fra:1 Mem:17.44M (Peak 19.16M) | Time:00:00.00 | Mem:0.02M, Peak:0.02M | Scene, ViewLayer | Updating Mesh | Computing attributes
Fra:1 Mem:17.70M (Peak 19.16M) | Time:00:00.00 | Mem:0.02M, Peak:0.02M | Scene, ViewLayer | Updating Mesh | Copying Attributes to device
Fra:1 Mem:17.70M (Peak 19.16M) | Time:00:00.00 | Mem:0.28M, Peak:0.28M | Scene, ViewLayer | Updating Scene BVH | Building
Fra:1 Mem:17.70M (Peak 19.16M) | Time:00:00.00 | Mem:0.28M, Peak:0.28M | Scene, ViewLayer | Updating Scene BVH | Building BVH
Fra:1 Mem:17.70M (Peak 19.16M) | Time:00:00.00 | Mem:0.52M, Peak:0.52M | Scene, ViewLayer | Updating Scene BVH | Building BVH 0%
Fra:1 Mem:17.70M (Peak 19.16M) | Time:00:00.00 | Mem:0.84M, Peak:1.08M | Scene, ViewLayer | Updating Scene BVH | Copying BVH to device
Fra:1 Mem:17.70M (Peak 19.16M) | Time:00:00.00 | Mem:0.84M, Peak:1.08M | Scene, ViewLayer | Updating Mesh | Computing normals
Fra:1 Mem:18.53M (Peak 19.16M) | Time:00:00.00 | Mem:0.84M, Peak:1.08M | Scene, ViewLayer | Updating Mesh | Copying Mesh to device
Fra:1 Mem:18.53M (Peak 19.16M) | Time:00:00.00 | Mem:1.67M, Peak:1.67M | Scene, ViewLayer | Updating Objects Flags
Fra:1 Mem:18.53M (Peak 19.16M) | Time:00:00.00 | Mem:1.67M, Peak:1.67M | Scene, ViewLayer | Updating Primitive Offsets
Fra:1 Mem:18.53M (Peak 19.16M) | Time:00:00.00 | Mem:1.67M, Peak:1.67M | Scene, ViewLayer | Updating Images
Fra:1 Mem:18.53M (Peak 19.16M) | Time:00:00.00 | Mem:1.67M, Peak:1.67M | Scene, ViewLayer | Updating Camera Volume
Fra:1 Mem:18.53M (Peak 19.16M) | Time:00:00.00 | Mem:1.67M, Peak:1.67M | Scene, ViewLayer | Updating Lookup Tables
Fra:1 Mem:18.53M (Peak 19.16M) | Time:00:00.00 | Mem:1.75M, Peak:1.75M | Scene, ViewLayer | Updating Lights
Fra:1 Mem:18.53M (Peak 19.16M) | Time:00:00.00 | Mem:1.75M, Peak:1.75M | Scene, ViewLayer | Updating Lights | Computing tree
Fra:1 Mem:18.53M (Peak 19.16M) | Time:00:00.00 | Mem:1.75M, Peak:1.75M | Scene, ViewLayer | Updating Integrator
Fra:1 Mem:18.53M (Peak 19.16M) | Time:00:00.00 | Mem:1.75M, Peak:1.75M | Scene, ViewLayer | Updating Film
Fra:1 Mem:18.54M (Peak 19.16M) | Time:00:00.00 | Mem:1.67M, Peak:1.75M | Scene, ViewLayer | Updating Lookup Tables
Fra:1 Mem:18.54M (Peak 19.16M) | Time:00:00.00 | Mem:1.76M, Peak:1.76M | Scene, ViewLayer | Updating Baking
Fra:1 Mem:18.54M (Peak 19.16M) | Time:00:00.00 | Mem:1.76M, Peak:1.76M | Scene, ViewLayer | Updating Device | Writing constant memory
Fra:1 Mem:18.54M (Peak 19.16M) | Time:00:00.00 | Mem:1.76M, Peak:1.76M | Scene, ViewLayer | Sample 0/16
Fra:1 Mem:39.64M (Peak 39.64M) | Time:00:00.16 | Remaining:00:02.30 | Mem:22.85M, Peak:22.85M | Scene, ViewLayer | Sample 1/16
Fra:1 Mem:49.01M (Peak 67.77M) | Time:00:01.53 | Mem:22.85M, Peak:22.85M | Scene, ViewLayer | Sample 16/16
Fra:1 Mem:49.01M (Peak 67.77M) | Time:00:01.53 | Mem:22.85M, Peak:22.85M | Scene, ViewLayer | Finished
Saved: '/workspace/scratch/7c20b5ba4165/atlas-backlog-oct3/tools/assets/landmark-entrance-details/qa/previews/waterfront-dusk.png'
Time: 00:01.64 (Saving: 00:00.10)

Extensions: writing cache failed ([Errno 30] Read-only file system: '/home/agent/.config/blender').
15:03:34 | INFO: Data are loaded, start creating Blender stuff
15:03:34 | INFO: Blender create Mesh node column-shaft.001
15:03:34 | INFO: glTF import finished in 0.00s
15:03:34 | INFO: Data are loaded, start creating Blender stuff
15:03:34 | INFO: Blender create Mesh node capital-necking.001
15:03:34 | INFO: glTF import finished in 0.00s
15:03:34 | INFO: Data are loaded, start creating Blender stuff
15:03:34 | INFO: Blender create Mesh node column-shaft.001
15:03:34 | INFO: glTF import finished in 0.00s
15:03:35 | INFO: Data are loaded, start creating Blender stuff
15:03:35 | INFO: Blender create Mesh node capital-necking.001
15:03:35 | INFO: glTF import finished in 0.00s
15:03:35 | INFO: Data are loaded, start creating Blender stuff
15:03:35 | INFO: Blender create Mesh node column-shaft.001
15:03:35 | INFO: glTF import finished in 0.00s
15:03:35 | INFO: Data are loaded, start creating Blender stuff
15:03:35 | INFO: Blender create Mesh node capital-necking.001
15:03:35 | INFO: glTF import finished in 0.00s
15:03:35 | INFO: Data are loaded, start creating Blender stuff
15:03:35 | INFO: Blender create Mesh node column-shaft.001
15:03:35 | INFO: glTF import finished in 0.00s
15:03:35 | INFO: Data are loaded, start creating Blender stuff
15:03:35 | INFO: Blender create Mesh node capital-necking.001
15:03:35 | INFO: glTF import finished in 0.00s
15:03:35 | INFO: Data are loaded, start creating Blender stuff
15:03:35 | INFO: Blender create Mesh node column-shaft.001
15:03:35 | INFO: glTF import finished in 0.00s
15:03:35 | INFO: Data are loaded, start creating Blender stuff
15:03:35 | INFO: Blender create Mesh node capital-necking.001
15:03:35 | INFO: glTF import finished in 0.00s
15:03:35 | INFO: Data are loaded, start creating Blender stuff
15:03:35 | INFO: Blender create Mesh node column-shaft.001
15:03:35 | INFO: glTF import finished in 0.00s
15:03:35 | INFO: Data are loaded, start creating Blender stuff
15:03:35 | INFO: Blender create Mesh node capital-necking.001
15:03:35 | INFO: glTF import finished in 0.00s
15:03:35 | INFO: Data are loaded, start creating Blender stuff
15:03:35 | INFO: Blender create Mesh node pediment-main-moulding.001
15:03:35 | INFO: glTF import finished in 0.00s
Fra:1 Mem:17.81M (Peak 17.81M) | Time:00:00.00 | Mem:0.00M, Peak:0.00M | Scene, ViewLayer | Synchronizing object | waterfront-column
Fra:1 Mem:18.25M (Peak 18.25M) | Time:00:00.00 | Mem:0.00M, Peak:0.00M | Scene, ViewLayer | Synchronizing object | QA-ruler-tick-10
Fra:1 Mem:18.25M (Peak 18.25M) | Time:00:00.00 | Mem:0.00M, Peak:0.00M | Scene, ViewLayer | Synchronizing object | QA-ruler-tick-9
Fra:1 Mem:18.25M (Peak 18.25M) | Time:00:00.00 | Mem:0.00M, Peak:0.00M | Scene, ViewLayer | Synchronizing object | QA-ruler-tick-8
Fra:1 Mem:18.25M (Peak 18.25M) | Time:00:00.00 | Mem:0.00M, Peak:0.00M | Scene, ViewLayer | Synchronizing object | QA-ruler-tick-7
Fra:1 Mem:18.26M (Peak 18.26M) | Time:00:00.00 | Mem:0.00M, Peak:0.00M | Scene, ViewLayer | Synchronizing object | QA-ruler-tick-6
Fra:1 Mem:18.29M (Peak 18.29M) | Time:00:00.00 | Mem:0.00M, Peak:0.00M | Scene, ViewLayer | Synchronizing object | QA-ruler-tick-5
Fra:1 Mem:18.29M (Peak 18.29M) | Time:00:00.00 | Mem:0.00M, Peak:0.00M | Scene, ViewLayer | Synchronizing object | QA-ruler-tick-4
Fra:1 Mem:17.92M (Peak 18.29M) | Time:00:00.00 | Mem:0.00M, Peak:0.00M | Scene, ViewLayer | Synchronizing object | QA-ruler-tick-3
Fra:1 Mem:17.96M (Peak 18.29M) | Time:00:00.00 | Mem:0.00M, Peak:0.00M | Scene, ViewLayer | Synchronizing object | QA-ruler-tick-2
Fra:1 Mem:17.97M (Peak 18.29M) | Time:00:00.00 | Mem:0.00M, Peak:0.00M | Scene, ViewLayer | Synchronizing object | QA-ruler-tick-1
Fra:1 Mem:17.99M (Peak 18.29M) | Time:00:00.00 | Mem:0.00M, Peak:0.00M | Scene, ViewLayer | Synchronizing object | QA-ruler-tick-0
Fra:1 Mem:17.99M (Peak 18.29M) | Time:00:00.00 | Mem:0.00M, Peak:0.00M | Scene, ViewLayer | Synchronizing object | QA-one-metre-ruler
Fra:1 Mem:18.01M (Peak 18.29M) | Time:00:00.00 | Mem:0.00M, Peak:0.00M | Scene, ViewLayer | Synchronizing object | QA-human-1.81m-head
Fra:1 Mem:18.01M (Peak 18.29M) | Time:00:00.00 | Mem:0.00M, Peak:0.00M | Scene, ViewLayer | Synchronizing object | QA-human-1.81m-arm.001
Fra:1 Mem:18.02M (Peak 18.29M) | Time:00:00.00 | Mem:0.00M, Peak:0.00M | Scene, ViewLayer | Synchronizing object | QA-human-1.81m-arm
Fra:1 Mem:18.02M (Peak 18.29M) | Time:00:00.00 | Mem:0.00M, Peak:0.00M | Scene, ViewLayer | Synchronizing object | QA-human-1.81m-leg.001
Fra:1 Mem:18.02M (Peak 18.29M) | Time:00:00.00 | Mem:0.00M, Peak:0.00M | Scene, ViewLayer | Synchronizing object | QA-human-1.81m-leg
Fra:1 Mem:18.04M (Peak 18.29M) | Time:00:00.00 | Mem:0.00M, Peak:0.00M | Scene, ViewLayer | Synchronizing object | QA-human-1.81m-neck
Fra:1 Mem:18.04M (Peak 18.29M) | Time:00:00.00 | Mem:0.00M, Peak:0.00M | Scene, ViewLayer | Synchronizing object | QA-human-1.81m-body
Fra:1 Mem:18.05M (Peak 18.29M) | Time:00:00.00 | Mem:0.00M, Peak:0.00M | Scene, ViewLayer | Synchronizing object | QA-human-1.75m-head
Fra:1 Mem:18.17M (Peak 18.29M) | Time:00:00.00 | Mem:0.00M, Peak:0.00M | Scene, ViewLayer | Synchronizing object | QA-human-1.75m-arm.001
Fra:1 Mem:18.17M (Peak 18.29M) | Time:00:00.00 | Mem:0.00M, Peak:0.00M | Scene, ViewLayer | Synchronizing object | QA-human-1.75m-arm
Fra:1 Mem:18.17M (Peak 18.29M) | Time:00:00.00 | Mem:0.00M, Peak:0.00M | Scene, ViewLayer | Synchronizing object | QA-human-1.75m-leg.001
Fra:1 Mem:18.17M (Peak 18.29M) | Time:00:00.00 | Mem:0.00M, Peak:0.00M | Scene, ViewLayer | Synchronizing object | QA-human-1.75m-leg
Fra:1 Mem:18.17M (Peak 18.29M) | Time:00:00.00 | Mem:0.00M, Peak:0.00M | Scene, ViewLayer | Synchronizing object | QA-human-1.75m-neck
Fra:1 Mem:18.17M (Peak 18.29M) | Time:00:00.00 | Mem:0.00M, Peak:0.00M | Scene, ViewLayer | Synchronizing object | QA-human-1.75m-body
Fra:1 Mem:18.17M (Peak 18.29M) | Time:00:00.00 | Mem:0.00M, Peak:0.00M | Scene, ViewLayer | Synchronizing object | waterfront-pediment-moulding
Fra:1 Mem:18.23M (Peak 18.29M) | Time:00:00.00 | Mem:0.00M, Peak:0.00M | Scene, ViewLayer | Synchronizing object | waterfront-capital
Fra:1 Mem:18.24M (Peak 18.29M) | Time:00:00.00 | Mem:0.00M, Peak:0.00M | Scene, ViewLayer | Synchronizing object | waterfront-capital.005
Fra:1 Mem:18.33M (Peak 18.33M) | Time:00:00.00 | Mem:0.00M, Peak:0.00M | Scene, ViewLayer | Synchronizing object | waterfront-column.001
Fra:1 Mem:18.67M (Peak 18.67M) | Time:00:00.00 | Mem:0.00M, Peak:0.00M | Scene, ViewLayer | Synchronizing object | waterfront-column.005
Fra:1 Mem:18.54M (Peak 18.67M) | Time:00:00.00 | Mem:0.00M, Peak:0.00M | Scene, ViewLayer | Synchronizing object | waterfront-capital.001
Fra:1 Mem:18.66M (Peak 18.67M) | Time:00:00.00 | Mem:0.00M, Peak:0.00M | Scene, ViewLayer | Synchronizing object | waterfront-capital.004
Fra:1 Mem:18.72M (Peak 18.72M) | Time:00:00.00 | Mem:0.00M, Peak:0.00M | Scene, ViewLayer | Synchronizing object | waterfront-column.002
Fra:1 Mem:18.76M (Peak 18.76M) | Time:00:00.00 | Mem:0.00M, Peak:0.00M | Scene, ViewLayer | Synchronizing object | waterfront-column.004
Fra:1 Mem:18.95M (Peak 18.95M) | Time:00:00.00 | Mem:0.00M, Peak:0.00M | Scene, ViewLayer | Synchronizing object | waterfront-capital.002
Fra:1 Mem:19.01M (Peak 19.01M) | Time:00:00.00 | Mem:0.00M, Peak:0.00M | Scene, ViewLayer | Synchronizing object | waterfront-capital.003
Fra:1 Mem:18.99M (Peak 19.01M) | Time:00:00.00 | Mem:0.00M, Peak:0.00M | Scene, ViewLayer | Synchronizing object | waterfront-column.003
Fra:1 Mem:19.19M (Peak 19.19M) | Time:00:00.00 | Mem:0.00M, Peak:0.00M | Scene, ViewLayer | Initializing
Fra:1 Mem:17.23M (Peak 19.19M) | Time:00:00.00 | Mem:0.00M, Peak:0.00M | Scene, ViewLayer | Waiting for render to start
Fra:1 Mem:17.23M (Peak 19.19M) | Time:00:00.00 | Mem:0.00M, Peak:0.00M | Scene, ViewLayer | Loading render kernels (may take a few minutes the first time)
Fra:1 Mem:17.23M (Peak 19.19M) | Time:00:00.00 | Mem:0.00M, Peak:0.00M | Scene, ViewLayer | Updating Scene
Fra:1 Mem:17.23M (Peak 19.19M) | Time:00:00.00 | Mem:0.00M, Peak:0.00M | Scene, ViewLayer | Updating Shaders
Fra:1 Mem:17.32M (Peak 19.19M) | Time:00:00.00 | Mem:0.01M, Peak:0.01M | Scene, ViewLayer | Updating Procedurals
Fra:1 Mem:17.32M (Peak 19.19M) | Time:00:00.00 | Mem:0.01M, Peak:0.01M | Scene, ViewLayer | Updating Background
Fra:1 Mem:17.32M (Peak 19.19M) | Time:00:00.00 | Mem:0.01M, Peak:0.01M | Scene, ViewLayer | Updating Camera
Fra:1 Mem:17.32M (Peak 19.19M) | Time:00:00.00 | Mem:0.01M, Peak:0.01M | Scene, ViewLayer | Updating Meshes Flags
Fra:1 Mem:17.32M (Peak 19.19M) | Time:00:00.00 | Mem:0.01M, Peak:0.01M | Scene, ViewLayer | Updating Objects
Fra:1 Mem:17.32M (Peak 19.19M) | Time:00:00.00 | Mem:0.01M, Peak:0.01M | Scene, ViewLayer | Updating Objects | Copying Transformations to device
Fra:1 Mem:17.33M (Peak 19.19M) | Time:00:00.00 | Mem:0.02M, Peak:0.02M | Scene, ViewLayer | Updating Objects | Applying Static Transformations
Fra:1 Mem:17.33M (Peak 19.19M) | Time:00:00.00 | Mem:0.02M, Peak:0.02M | Scene, ViewLayer | Updating Particle Systems
Fra:1 Mem:17.33M (Peak 19.19M) | Time:00:00.00 | Mem:0.02M, Peak:0.02M | Scene, ViewLayer | Updating Particle Systems | Copying Particles to device
Fra:1 Mem:17.33M (Peak 19.19M) | Time:00:00.00 | Mem:0.02M, Peak:0.02M | Scene, ViewLayer | Updating Meshes
Fra:1 Mem:17.45M (Peak 19.19M) | Time:00:00.00 | Mem:0.02M, Peak:0.02M | Scene, ViewLayer | Updating Mesh | Computing attributes
Fra:1 Mem:17.72M (Peak 19.19M) | Time:00:00.00 | Mem:0.02M, Peak:0.02M | Scene, ViewLayer | Updating Mesh | Copying Attributes to device
Fra:1 Mem:17.71M (Peak 19.19M) | Time:00:00.00 | Mem:0.28M, Peak:0.28M | Scene, ViewLayer | Updating Scene BVH | Building
Fra:1 Mem:17.71M (Peak 19.19M) | Time:00:00.00 | Mem:0.28M, Peak:0.28M | Scene, ViewLayer | Updating Scene BVH | Building BVH
Fra:1 Mem:17.71M (Peak 19.19M) | Time:00:00.00 | Mem:0.52M, Peak:0.52M | Scene, ViewLayer | Updating Scene BVH | Building BVH 0%
Fra:1 Mem:17.71M (Peak 19.19M) | Time:00:00.00 | Mem:0.84M, Peak:1.08M | Scene, ViewLayer | Updating Scene BVH | Copying BVH to device
Fra:1 Mem:17.71M (Peak 19.19M) | Time:00:00.00 | Mem:0.84M, Peak:1.08M | Scene, ViewLayer | Updating Mesh | Computing normals
Fra:1 Mem:18.55M (Peak 19.19M) | Time:00:00.00 | Mem:0.84M, Peak:1.08M | Scene, ViewLayer | Updating Mesh | Copying Mesh to device
Fra:1 Mem:18.55M (Peak 19.19M) | Time:00:00.00 | Mem:1.67M, Peak:1.67M | Scene, ViewLayer | Updating Objects Flags
Fra:1 Mem:18.55M (Peak 19.19M) | Time:00:00.00 | Mem:1.67M, Peak:1.67M | Scene, ViewLayer | Updating Primitive Offsets
Fra:1 Mem:18.55M (Peak 19.19M) | Time:00:00.00 | Mem:1.67M, Peak:1.67M | Scene, ViewLayer | Updating Images
Fra:1 Mem:18.55M (Peak 19.19M) | Time:00:00.00 | Mem:1.67M, Peak:1.67M | Scene, ViewLayer | Updating Camera Volume
Fra:1 Mem:18.55M (Peak 19.19M) | Time:00:00.00 | Mem:1.67M, Peak:1.67M | Scene, ViewLayer | Updating Lookup Tables
Fra:1 Mem:18.55M (Peak 19.19M) | Time:00:00.00 | Mem:1.75M, Peak:1.75M | Scene, ViewLayer | Updating Lights
Fra:1 Mem:18.55M (Peak 19.19M) | Time:00:00.00 | Mem:1.75M, Peak:1.75M | Scene, ViewLayer | Updating Lights | Computing tree
Fra:1 Mem:18.55M (Peak 19.19M) | Time:00:00.00 | Mem:1.75M, Peak:1.75M | Scene, ViewLayer | Updating Integrator
Fra:1 Mem:18.55M (Peak 19.19M) | Time:00:00.00 | Mem:1.75M, Peak:1.75M | Scene, ViewLayer | Updating Film
Fra:1 Mem:18.55M (Peak 19.19M) | Time:00:00.00 | Mem:1.67M, Peak:1.75M | Scene, ViewLayer | Updating Lookup Tables
Fra:1 Mem:18.55M (Peak 19.19M) | Time:00:00.00 | Mem:1.76M, Peak:1.76M | Scene, ViewLayer | Updating Baking
Fra:1 Mem:18.55M (Peak 19.19M) | Time:00:00.00 | Mem:1.76M, Peak:1.76M | Scene, ViewLayer | Updating Device | Writing constant memory
Fra:1 Mem:18.55M (Peak 19.19M) | Time:00:00.00 | Mem:1.76M, Peak:1.76M | Scene, ViewLayer | Sample 0/16
Fra:1 Mem:39.66M (Peak 39.66M) | Time:00:00.14 | Remaining:00:02.03 | Mem:22.85M, Peak:22.85M | Scene, ViewLayer | Sample 1/16
Fra:1 Mem:49.03M (Peak 67.78M) | Time:00:01.68 | Mem:22.85M, Peak:22.85M | Scene, ViewLayer | Sample 16/16
Fra:1 Mem:49.03M (Peak 67.78M) | Time:00:01.68 | Mem:22.85M, Peak:22.85M | Scene, ViewLayer | Finished
Saved: '/workspace/scratch/7c20b5ba4165/atlas-backlog-oct3/tools/assets/landmark-entrance-details/qa/previews/waterfront-night.png'
Time: 00:01.78 (Saving: 00:00.09)

Extensions: writing cache failed ([Errno 30] Read-only file system: '/home/agent/.config/blender').
15:03:36 | INFO: Data are loaded, start creating Blender stuff
15:03:36 | INFO: Blender create Mesh node archivolt-0.001
15:03:36 | INFO: glTF import finished in 0.00s
15:03:36 | INFO: Data are loaded, start creating Blender stuff
15:03:36 | INFO: Blender create Mesh node grille-arch-frame.001
15:03:36 | INFO: glTF import finished in 0.00s
Fra:1 Mem:14.68M (Peak 14.68M) | Time:00:00.00 | Mem:0.00M, Peak:0.00M | Scene, ViewLayer | Synchronizing object | marine-archivolt-relief
Fra:1 Mem:15.19M (Peak 15.19M) | Time:00:00.00 | Mem:0.00M, Peak:0.00M | Scene, ViewLayer | Synchronizing object | QA-ruler-tick-10
Fra:1 Mem:15.19M (Peak 15.19M) | Time:00:00.00 | Mem:0.00M, Peak:0.00M | Scene, ViewLayer | Synchronizing object | QA-ruler-tick-9
Fra:1 Mem:15.19M (Peak 15.19M) | Time:00:00.00 | Mem:0.00M, Peak:0.00M | Scene, ViewLayer | Synchronizing object | QA-ruler-tick-8
Fra:1 Mem:15.19M (Peak 15.19M) | Time:00:00.00 | Mem:0.00M, Peak:0.00M | Scene, ViewLayer | Synchronizing object | QA-ruler-tick-7
Fra:1 Mem:15.19M (Peak 15.19M) | Time:00:00.00 | Mem:0.00M, Peak:0.00M | Scene, ViewLayer | Synchronizing object | QA-ruler-tick-6
Fra:1 Mem:15.19M (Peak 15.19M) | Time:00:00.00 | Mem:0.00M, Peak:0.00M | Scene, ViewLayer | Synchronizing object | QA-ruler-tick-5
Fra:1 Mem:15.20M (Peak 15.20M) | Time:00:00.00 | Mem:0.00M, Peak:0.00M | Scene, ViewLayer | Synchronizing object | QA-ruler-tick-4
Fra:1 Mem:15.20M (Peak 15.20M) | Time:00:00.00 | Mem:0.00M, Peak:0.00M | Scene, ViewLayer | Synchronizing object | QA-ruler-tick-3
Fra:1 Mem:15.20M (Peak 15.20M) | Time:00:00.00 | Mem:0.00M, Peak:0.00M | Scene, ViewLayer | Synchronizing object | QA-ruler-tick-2
Fra:1 Mem:15.21M (Peak 15.21M) | Time:00:00.00 | Mem:0.00M, Peak:0.00M | Scene, ViewLayer | Synchronizing object | QA-ruler-tick-1
Fra:1 Mem:15.22M (Peak 15.22M) | Time:00:00.00 | Mem:0.00M, Peak:0.00M | Scene, ViewLayer | Synchronizing object | QA-ruler-tick-0
Fra:1 Mem:15.25M (Peak 15.25M) | Time:00:00.00 | Mem:0.00M, Peak:0.00M | Scene, ViewLayer | Synchronizing object | QA-one-metre-ruler
Fra:1 Mem:15.29M (Peak 15.29M) | Time:00:00.00 | Mem:0.00M, Peak:0.00M | Scene, ViewLayer | Synchronizing object | QA-human-1.81m-head
Fra:1 Mem:15.32M (Peak 15.32M) | Time:00:00.00 | Mem:0.00M, Peak:0.00M | Scene, ViewLayer | Synchronizing object | QA-human-1.81m-arm.001
Fra:1 Mem:15.32M (Peak 15.32M) | Time:00:00.00 | Mem:0.00M, Peak:0.00M | Scene, ViewLayer | Synchronizing object | QA-human-1.81m-arm
Fra:1 Mem:15.30M (Peak 15.32M) | Time:00:00.00 | Mem:0.00M, Peak:0.00M | Scene, ViewLayer | Synchronizing object | QA-human-1.81m-leg.001
Fra:1 Mem:15.30M (Peak 15.32M) | Time:00:00.00 | Mem:0.00M, Peak:0.00M | Scene, ViewLayer | Synchronizing object | QA-human-1.81m-leg
Fra:1 Mem:15.31M (Peak 15.32M) | Time:00:00.00 | Mem:0.00M, Peak:0.00M | Scene, ViewLayer | Synchronizing object | QA-human-1.81m-neck
Fra:1 Mem:15.31M (Peak 15.32M) | Time:00:00.00 | Mem:0.00M, Peak:0.00M | Scene, ViewLayer | Synchronizing object | QA-human-1.81m-body
Fra:1 Mem:15.32M (Peak 15.32M) | Time:00:00.00 | Mem:0.00M, Peak:0.00M | Scene, ViewLayer | Synchronizing object | QA-human-1.75m-head
Fra:1 Mem:15.39M (Peak 15.39M) | Time:00:00.00 | Mem:0.00M, Peak:0.00M | Scene, ViewLayer | Synchronizing object | QA-human-1.75m-arm.001
Fra:1 Mem:15.35M (Peak 15.39M) | Time:00:00.00 | Mem:0.00M, Peak:0.00M | Scene, ViewLayer | Synchronizing object | QA-human-1.75m-arm
Fra:1 Mem:14.91M (Peak 15.39M) | Time:00:00.00 | Mem:0.00M, Peak:0.00M | Scene, ViewLayer | Synchronizing object | QA-human-1.75m-leg.001
Fra:1 Mem:14.91M (Peak 15.39M) | Time:00:00.00 | Mem:0.00M, Peak:0.00M | Scene, ViewLayer | Synchronizing object | QA-human-1.75m-leg
Fra:1 Mem:14.91M (Peak 15.39M) | Time:00:00.00 | Mem:0.00M, Peak:0.00M | Scene, ViewLayer | Synchronizing object | QA-human-1.75m-neck
Fra:1 Mem:14.98M (Peak 15.39M) | Time:00:00.00 | Mem:0.00M, Peak:0.00M | Scene, ViewLayer | Synchronizing object | QA-human-1.75m-body
Fra:1 Mem:14.98M (Peak 15.39M) | Time:00:00.00 | Mem:0.00M, Peak:0.00M | Scene, ViewLayer | Synchronizing object | marine-copper-grille
Fra:1 Mem:15.08M (Peak 15.39M) | Time:00:00.00 | Mem:0.00M, Peak:0.00M | Scene, ViewLayer | Initializing
Fra:1 Mem:13.93M (Peak 15.39M) | Time:00:00.00 | Mem:0.00M, Peak:0.00M | Scene, ViewLayer | Waiting for render to start
Fra:1 Mem:13.93M (Peak 15.39M) | Time:00:00.00 | Mem:0.00M, Peak:0.00M | Scene, ViewLayer | Loading render kernels (may take a few minutes the first time)
Fra:1 Mem:13.93M (Peak 15.39M) | Time:00:00.00 | Mem:0.00M, Peak:0.00M | Scene, ViewLayer | Updating Scene
Fra:1 Mem:13.93M (Peak 15.39M) | Time:00:00.00 | Mem:0.00M, Peak:0.00M | Scene, ViewLayer | Updating Shaders
Fra:1 Mem:14.02M (Peak 15.39M) | Time:00:00.00 | Mem:0.00M, Peak:0.00M | Scene, ViewLayer | Updating Procedurals
Fra:1 Mem:14.02M (Peak 15.39M) | Time:00:00.00 | Mem:0.00M, Peak:0.00M | Scene, ViewLayer | Updating Background
Fra:1 Mem:14.02M (Peak 15.39M) | Time:00:00.00 | Mem:0.00M, Peak:0.00M | Scene, ViewLayer | Updating Camera
Fra:1 Mem:14.02M (Peak 15.39M) | Time:00:00.00 | Mem:0.00M, Peak:0.00M | Scene, ViewLayer | Updating Meshes Flags
Fra:1 Mem:14.02M (Peak 15.39M) | Time:00:00.00 | Mem:0.00M, Peak:0.00M | Scene, ViewLayer | Updating Objects
Fra:1 Mem:14.02M (Peak 15.39M) | Time:00:00.00 | Mem:0.00M, Peak:0.00M | Scene, ViewLayer | Updating Objects | Copying Transformations to device
Fra:1 Mem:14.02M (Peak 15.39M) | Time:00:00.00 | Mem:0.01M, Peak:0.01M | Scene, ViewLayer | Updating Objects | Applying Static Transformations
Fra:1 Mem:14.02M (Peak 15.39M) | Time:00:00.00 | Mem:0.01M, Peak:0.01M | Scene, ViewLayer | Updating Particle Systems
Fra:1 Mem:14.02M (Peak 15.39M) | Time:00:00.00 | Mem:0.01M, Peak:0.01M | Scene, ViewLayer | Updating Particle Systems | Copying Particles to device
Fra:1 Mem:14.02M (Peak 15.39M) | Time:00:00.00 | Mem:0.01M, Peak:0.01M | Scene, ViewLayer | Updating Meshes
Fra:1 Mem:14.06M (Peak 15.39M) | Time:00:00.00 | Mem:0.01M, Peak:0.01M | Scene, ViewLayer | Updating Mesh | Computing attributes
Fra:1 Mem:14.14M (Peak 15.39M) | Time:00:00.00 | Mem:0.01M, Peak:0.01M | Scene, ViewLayer | Updating Mesh | Copying Attributes to device
Fra:1 Mem:14.13M (Peak 15.39M) | Time:00:00.00 | Mem:0.08M, Peak:0.08M | Scene, ViewLayer | Updating Scene BVH | Building
Fra:1 Mem:14.13M (Peak 15.39M) | Time:00:00.00 | Mem:0.08M, Peak:0.08M | Scene, ViewLayer | Updating Scene BVH | Building BVH
Fra:1 Mem:14.13M (Peak 15.39M) | Time:00:00.00 | Mem:0.16M, Peak:0.16M | Scene, ViewLayer | Updating Scene BVH | Building BVH 0%
Fra:1 Mem:14.13M (Peak 15.39M) | Time:00:00.00 | Mem:0.24M, Peak:0.31M | Scene, ViewLayer | Updating Scene BVH | Copying BVH to device
Fra:1 Mem:14.13M (Peak 15.39M) | Time:00:00.00 | Mem:0.24M, Peak:0.31M | Scene, ViewLayer | Updating Mesh | Computing normals
Fra:1 Mem:14.36M (Peak 15.39M) | Time:00:00.00 | Mem:0.24M, Peak:0.31M | Scene, ViewLayer | Updating Mesh | Copying Mesh to device
Fra:1 Mem:14.36M (Peak 15.39M) | Time:00:00.00 | Mem:0.47M, Peak:0.47M | Scene, ViewLayer | Updating Objects Flags
Fra:1 Mem:14.36M (Peak 15.39M) | Time:00:00.00 | Mem:0.47M, Peak:0.47M | Scene, ViewLayer | Updating Primitive Offsets
Fra:1 Mem:14.36M (Peak 15.39M) | Time:00:00.00 | Mem:0.47M, Peak:0.47M | Scene, ViewLayer | Updating Images
Fra:1 Mem:14.36M (Peak 15.39M) | Time:00:00.00 | Mem:0.47M, Peak:0.47M | Scene, ViewLayer | Updating Camera Volume
Fra:1 Mem:14.36M (Peak 15.39M) | Time:00:00.00 | Mem:0.47M, Peak:0.47M | Scene, ViewLayer | Updating Lookup Tables
Fra:1 Mem:14.36M (Peak 15.39M) | Time:00:00.00 | Mem:0.55M, Peak:0.55M | Scene, ViewLayer | Updating Lights
Fra:1 Mem:14.36M (Peak 15.39M) | Time:00:00.00 | Mem:0.55M, Peak:0.55M | Scene, ViewLayer | Updating Lights | Computing tree
Fra:1 Mem:14.36M (Peak 15.39M) | Time:00:00.00 | Mem:0.55M, Peak:0.55M | Scene, ViewLayer | Updating Integrator
Fra:1 Mem:14.36M (Peak 15.39M) | Time:00:00.00 | Mem:0.55M, Peak:0.55M | Scene, ViewLayer | Updating Film
Fra:1 Mem:14.37M (Peak 15.39M) | Time:00:00.00 | Mem:0.47M, Peak:0.55M | Scene, ViewLayer | Updating Lookup Tables
Fra:1 Mem:14.37M (Peak 15.39M) | Time:00:00.00 | Mem:0.56M, Peak:0.56M | Scene, ViewLayer | Updating Baking
Fra:1 Mem:14.37M (Peak 15.39M) | Time:00:00.00 | Mem:0.56M, Peak:0.56M | Scene, ViewLayer | Updating Device | Writing constant memory
Fra:1 Mem:14.37M (Peak 15.39M) | Time:00:00.00 | Mem:0.56M, Peak:0.56M | Scene, ViewLayer | Sample 0/16
Fra:1 Mem:35.47M (Peak 35.47M) | Time:00:00.18 | Remaining:00:02.69 | Mem:21.65M, Peak:21.65M | Scene, ViewLayer | Sample 1/16
Fra:1 Mem:44.85M (Peak 63.60M) | Time:00:02.27 | Mem:21.65M, Peak:21.65M | Scene, ViewLayer | Sample 16/16
Fra:1 Mem:44.85M (Peak 63.60M) | Time:00:02.27 | Mem:21.65M, Peak:21.65M | Scene, ViewLayer | Finished
Saved: '/workspace/scratch/7c20b5ba4165/atlas-backlog-oct3/tools/assets/landmark-entrance-details/qa/previews/marine-sunny.png'
Time: 00:02.37 (Saving: 00:00.09)

Extensions: writing cache failed ([Errno 30] Read-only file system: '/home/agent/.config/blender').
15:03:39 | INFO: Data are loaded, start creating Blender stuff
15:03:39 | INFO: Blender create Mesh node archivolt-0.001
15:03:39 | INFO: glTF import finished in 0.00s
15:03:39 | INFO: Data are loaded, start creating Blender stuff
15:03:39 | INFO: Blender create Mesh node grille-arch-frame.001
15:03:39 | INFO: glTF import finished in 0.00s
Fra:1 Mem:14.68M (Peak 14.68M) | Time:00:00.00 | Mem:0.00M, Peak:0.00M | Scene, ViewLayer | Synchronizing object | marine-archivolt-relief
Fra:1 Mem:14.76M (Peak 14.76M) | Time:00:00.00 | Mem:0.00M, Peak:0.00M | Scene, ViewLayer | Synchronizing object | QA-ruler-tick-10
Fra:1 Mem:15.19M (Peak 15.19M) | Time:00:00.00 | Mem:0.00M, Peak:0.00M | Scene, ViewLayer | Synchronizing object | QA-ruler-tick-9
Fra:1 Mem:15.19M (Peak 15.19M) | Time:00:00.00 | Mem:0.00M, Peak:0.00M | Scene, ViewLayer | Synchronizing object | QA-ruler-tick-8
Fra:1 Mem:15.19M (Peak 15.19M) | Time:00:00.00 | Mem:0.00M, Peak:0.00M | Scene, ViewLayer | Synchronizing object | QA-ruler-tick-7
Fra:1 Mem:15.19M (Peak 15.19M) | Time:00:00.00 | Mem:0.00M, Peak:0.00M | Scene, ViewLayer | Synchronizing object | QA-ruler-tick-6
Fra:1 Mem:15.19M (Peak 15.19M) | Time:00:00.00 | Mem:0.00M, Peak:0.00M | Scene, ViewLayer | Synchronizing object | QA-ruler-tick-5
Fra:1 Mem:15.20M (Peak 15.20M) | Time:00:00.00 | Mem:0.00M, Peak:0.00M | Scene, ViewLayer | Synchronizing object | QA-ruler-tick-4
Fra:1 Mem:15.20M (Peak 15.20M) | Time:00:00.00 | Mem:0.00M, Peak:0.00M | Scene, ViewLayer | Synchronizing object | QA-ruler-tick-3
Fra:1 Mem:15.20M (Peak 15.20M) | Time:00:00.00 | Mem:0.00M, Peak:0.00M | Scene, ViewLayer | Synchronizing object | QA-ruler-tick-2
Fra:1 Mem:15.21M (Peak 15.21M) | Time:00:00.00 | Mem:0.00M, Peak:0.00M | Scene, ViewLayer | Synchronizing object | QA-ruler-tick-1
Fra:1 Mem:15.22M (Peak 15.22M) | Time:00:00.00 | Mem:0.00M, Peak:0.00M | Scene, ViewLayer | Synchronizing object | QA-ruler-tick-0
Fra:1 Mem:15.28M (Peak 15.28M) | Time:00:00.00 | Mem:0.00M, Peak:0.00M | Scene, ViewLayer | Synchronizing object | QA-one-metre-ruler
Fra:1 Mem:15.31M (Peak 15.31M) | Time:00:00.00 | Mem:0.00M, Peak:0.00M | Scene, ViewLayer | Synchronizing object | QA-human-1.81m-head
Fra:1 Mem:15.30M (Peak 15.31M) | Time:00:00.00 | Mem:0.00M, Peak:0.00M | Scene, ViewLayer | Synchronizing object | QA-human-1.81m-arm.001
Fra:1 Mem:15.30M (Peak 15.31M) | Time:00:00.00 | Mem:0.00M, Peak:0.00M | Scene, ViewLayer | Synchronizing object | QA-human-1.81m-arm
Fra:1 Mem:15.31M (Peak 15.31M) | Time:00:00.00 | Mem:0.00M, Peak:0.00M | Scene, ViewLayer | Synchronizing object | QA-human-1.81m-leg.001
Fra:1 Mem:15.32M (Peak 15.32M) | Time:00:00.00 | Mem:0.00M, Peak:0.00M | Scene, ViewLayer | Synchronizing object | QA-human-1.81m-leg
Fra:1 Mem:15.33M (Peak 15.33M) | Time:00:00.00 | Mem:0.00M, Peak:0.00M | Scene, ViewLayer | Synchronizing object | QA-human-1.81m-neck
Fra:1 Mem:15.38M (Peak 15.38M) | Time:00:00.00 | Mem:0.00M, Peak:0.00M | Scene, ViewLayer | Synchronizing object | QA-human-1.81m-body
Fra:1 Mem:15.38M (Peak 15.38M) | Time:00:00.00 | Mem:0.00M, Peak:0.00M | Scene, ViewLayer | Synchronizing object | QA-human-1.75m-head
Fra:1 Mem:14.91M (Peak 15.38M) | Time:00:00.00 | Mem:0.00M, Peak:0.00M | Scene, ViewLayer | Synchronizing object | QA-human-1.75m-arm.001
Fra:1 Mem:14.91M (Peak 15.38M) | Time:00:00.00 | Mem:0.00M, Peak:0.00M | Scene, ViewLayer | Synchronizing object | QA-human-1.75m-arm
Fra:1 Mem:14.98M (Peak 15.38M) | Time:00:00.00 | Mem:0.00M, Peak:0.00M | Scene, ViewLayer | Synchronizing object | QA-human-1.75m-leg.001
Fra:1 Mem:14.98M (Peak 15.38M) | Time:00:00.00 | Mem:0.00M, Peak:0.00M | Scene, ViewLayer | Synchronizing object | QA-human-1.75m-leg
Fra:1 Mem:14.99M (Peak 15.38M) | Time:00:00.00 | Mem:0.00M, Peak:0.00M | Scene, ViewLayer | Synchronizing object | QA-human-1.75m-neck
Fra:1 Mem:15.03M (Peak 15.38M) | Time:00:00.00 | Mem:0.00M, Peak:0.00M | Scene, ViewLayer | Synchronizing object | QA-human-1.75m-body
Fra:1 Mem:15.03M (Peak 15.38M) | Time:00:00.00 | Mem:0.00M, Peak:0.00M | Scene, ViewLayer | Synchronizing object | marine-copper-grille
Fra:1 Mem:15.08M (Peak 15.38M) | Time:00:00.00 | Mem:0.00M, Peak:0.00M | Scene, ViewLayer | Initializing
Fra:1 Mem:13.93M (Peak 15.38M) | Time:00:00.00 | Mem:0.00M, Peak:0.00M | Scene, ViewLayer | Waiting for render to start
Fra:1 Mem:13.93M (Peak 15.38M) | Time:00:00.00 | Mem:0.00M, Peak:0.00M | Scene, ViewLayer | Loading render kernels (may take a few minutes the first time)
Fra:1 Mem:13.93M (Peak 15.38M) | Time:00:00.00 | Mem:0.00M, Peak:0.00M | Scene, ViewLayer | Updating Scene
Fra:1 Mem:13.93M (Peak 15.38M) | Time:00:00.00 | Mem:0.00M, Peak:0.00M | Scene, ViewLayer | Updating Shaders
Fra:1 Mem:14.02M (Peak 15.38M) | Time:00:00.00 | Mem:0.00M, Peak:0.00M | Scene, ViewLayer | Updating Procedurals
Fra:1 Mem:14.02M (Peak 15.38M) | Time:00:00.00 | Mem:0.00M, Peak:0.00M | Scene, ViewLayer | Updating Background
Fra:1 Mem:14.02M (Peak 15.38M) | Time:00:00.00 | Mem:0.00M, Peak:0.00M | Scene, ViewLayer | Updating Camera
Fra:1 Mem:14.02M (Peak 15.38M) | Time:00:00.00 | Mem:0.00M, Peak:0.00M | Scene, ViewLayer | Updating Meshes Flags
Fra:1 Mem:14.02M (Peak 15.38M) | Time:00:00.00 | Mem:0.00M, Peak:0.00M | Scene, ViewLayer | Updating Objects
Fra:1 Mem:14.02M (Peak 15.38M) | Time:00:00.00 | Mem:0.00M, Peak:0.00M | Scene, ViewLayer | Updating Objects | Copying Transformations to device
Fra:1 Mem:14.02M (Peak 15.38M) | Time:00:00.00 | Mem:0.01M, Peak:0.01M | Scene, ViewLayer | Updating Objects | Applying Static Transformations
Fra:1 Mem:14.02M (Peak 15.38M) | Time:00:00.00 | Mem:0.01M, Peak:0.01M | Scene, ViewLayer | Updating Particle Systems
Fra:1 Mem:14.02M (Peak 15.38M) | Time:00:00.00 | Mem:0.01M, Peak:0.01M | Scene, ViewLayer | Updating Particle Systems | Copying Particles to device
Fra:1 Mem:14.02M (Peak 15.38M) | Time:00:00.00 | Mem:0.01M, Peak:0.01M | Scene, ViewLayer | Updating Meshes
Fra:1 Mem:14.06M (Peak 15.38M) | Time:00:00.00 | Mem:0.01M, Peak:0.01M | Scene, ViewLayer | Updating Mesh | Computing attributes
Fra:1 Mem:14.14M (Peak 15.38M) | Time:00:00.00 | Mem:0.01M, Peak:0.01M | Scene, ViewLayer | Updating Mesh | Copying Attributes to device
Fra:1 Mem:14.13M (Peak 15.38M) | Time:00:00.00 | Mem:0.08M, Peak:0.08M | Scene, ViewLayer | Updating Scene BVH | Building
Fra:1 Mem:14.13M (Peak 15.38M) | Time:00:00.00 | Mem:0.08M, Peak:0.08M | Scene, ViewLayer | Updating Scene BVH | Building BVH
Fra:1 Mem:14.13M (Peak 15.38M) | Time:00:00.00 | Mem:0.16M, Peak:0.16M | Scene, ViewLayer | Updating Scene BVH | Building BVH 0%
Fra:1 Mem:14.13M (Peak 15.38M) | Time:00:00.00 | Mem:0.24M, Peak:0.31M | Scene, ViewLayer | Updating Scene BVH | Copying BVH to device
Fra:1 Mem:14.13M (Peak 15.38M) | Time:00:00.00 | Mem:0.24M, Peak:0.31M | Scene, ViewLayer | Updating Mesh | Computing normals
Fra:1 Mem:14.36M (Peak 15.38M) | Time:00:00.00 | Mem:0.24M, Peak:0.31M | Scene, ViewLayer | Updating Mesh | Copying Mesh to device
Fra:1 Mem:14.36M (Peak 15.38M) | Time:00:00.00 | Mem:0.47M, Peak:0.47M | Scene, ViewLayer | Updating Objects Flags
Fra:1 Mem:14.36M (Peak 15.38M) | Time:00:00.00 | Mem:0.47M, Peak:0.47M | Scene, ViewLayer | Updating Primitive Offsets
Fra:1 Mem:14.36M (Peak 15.38M) | Time:00:00.00 | Mem:0.47M, Peak:0.47M | Scene, ViewLayer | Updating Images
Fra:1 Mem:14.36M (Peak 15.38M) | Time:00:00.00 | Mem:0.47M, Peak:0.47M | Scene, ViewLayer | Updating Camera Volume
Fra:1 Mem:14.36M (Peak 15.38M) | Time:00:00.00 | Mem:0.47M, Peak:0.47M | Scene, ViewLayer | Updating Lookup Tables
Fra:1 Mem:14.36M (Peak 15.38M) | Time:00:00.00 | Mem:0.55M, Peak:0.55M | Scene, ViewLayer | Updating Lights
Fra:1 Mem:14.36M (Peak 15.38M) | Time:00:00.00 | Mem:0.55M, Peak:0.55M | Scene, ViewLayer | Updating Lights | Computing tree
Fra:1 Mem:14.36M (Peak 15.38M) | Time:00:00.00 | Mem:0.55M, Peak:0.55M | Scene, ViewLayer | Updating Integrator
Fra:1 Mem:14.36M (Peak 15.38M) | Time:00:00.00 | Mem:0.55M, Peak:0.55M | Scene, ViewLayer | Updating Film
Fra:1 Mem:14.37M (Peak 15.38M) | Time:00:00.00 | Mem:0.47M, Peak:0.55M | Scene, ViewLayer | Updating Lookup Tables
Fra:1 Mem:14.37M (Peak 15.38M) | Time:00:00.00 | Mem:0.56M, Peak:0.56M | Scene, ViewLayer | Updating Baking
Fra:1 Mem:14.37M (Peak 15.38M) | Time:00:00.00 | Mem:0.56M, Peak:0.56M | Scene, ViewLayer | Updating Device | Writing constant memory
Fra:1 Mem:14.37M (Peak 15.38M) | Time:00:00.00 | Mem:0.56M, Peak:0.56M | Scene, ViewLayer | Sample 0/16
Fra:1 Mem:35.47M (Peak 35.47M) | Time:00:00.17 | Remaining:00:02.60 | Mem:21.65M, Peak:21.65M | Scene, ViewLayer | Sample 1/16
Fra:1 Mem:44.85M (Peak 63.60M) | Time:00:02.23 | Mem:21.65M, Peak:21.65M | Scene, ViewLayer | Sample 16/16
Fra:1 Mem:44.85M (Peak 63.60M) | Time:00:02.23 | Mem:21.65M, Peak:21.65M | Scene, ViewLayer | Finished
Saved: '/workspace/scratch/7c20b5ba4165/atlas-backlog-oct3/tools/assets/landmark-entrance-details/qa/previews/marine-overcast.png'
Time: 00:02.33 (Saving: 00:00.09)

Extensions: writing cache failed ([Errno 30] Read-only file system: '/home/agent/.config/blender').
15:03:41 | INFO: Data are loaded, start creating Blender stuff
15:03:41 | INFO: Blender create Mesh node archivolt-0.001
15:03:41 | INFO: glTF import finished in 0.01s
15:03:41 | INFO: Data are loaded, start creating Blender stuff
15:03:41 | INFO: Blender create Mesh node grille-arch-frame.001
15:03:41 | INFO: glTF import finished in 0.00s
Fra:1 Mem:14.69M (Peak 14.69M) | Time:00:00.00 | Mem:0.00M, Peak:0.00M | Scene, ViewLayer | Synchronizing object | marine-archivolt-relief
Fra:1 Mem:14.76M (Peak 14.76M) | Time:00:00.00 | Mem:0.00M, Peak:0.00M | Scene, ViewLayer | Synchronizing object | QA-ruler-tick-10
Fra:1 Mem:15.19M (Peak 15.19M) | Time:00:00.00 | Mem:0.00M, Peak:0.00M | Scene, ViewLayer | Synchronizing object | QA-ruler-tick-9
Fra:1 Mem:15.19M (Peak 15.19M) | Time:00:00.00 | Mem:0.00M, Peak:0.00M | Scene, ViewLayer | Synchronizing object | QA-ruler-tick-8
Fra:1 Mem:15.19M (Peak 15.19M) | Time:00:00.00 | Mem:0.00M, Peak:0.00M | Scene, ViewLayer | Synchronizing object | QA-ruler-tick-7
Fra:1 Mem:15.19M (Peak 15.19M) | Time:00:00.00 | Mem:0.00M, Peak:0.00M | Scene, ViewLayer | Synchronizing object | QA-ruler-tick-6
Fra:1 Mem:15.19M (Peak 15.19M) | Time:00:00.00 | Mem:0.00M, Peak:0.00M | Scene, ViewLayer | Synchronizing object | QA-ruler-tick-5
Fra:1 Mem:15.20M (Peak 15.20M) | Time:00:00.00 | Mem:0.00M, Peak:0.00M | Scene, ViewLayer | Synchronizing object | QA-ruler-tick-4
Fra:1 Mem:15.20M (Peak 15.20M) | Time:00:00.00 | Mem:0.00M, Peak:0.00M | Scene, ViewLayer | Synchronizing object | QA-ruler-tick-3
Fra:1 Mem:15.20M (Peak 15.20M) | Time:00:00.00 | Mem:0.00M, Peak:0.00M | Scene, ViewLayer | Synchronizing object | QA-ruler-tick-2
Fra:1 Mem:15.21M (Peak 15.21M) | Time:00:00.00 | Mem:0.00M, Peak:0.00M | Scene, ViewLayer | Synchronizing object | QA-ruler-tick-1
Fra:1 Mem:15.22M (Peak 15.22M) | Time:00:00.00 | Mem:0.00M, Peak:0.00M | Scene, ViewLayer | Synchronizing object | QA-ruler-tick-0
Fra:1 Mem:15.24M (Peak 15.24M) | Time:00:00.00 | Mem:0.00M, Peak:0.00M | Scene, ViewLayer | Synchronizing object | QA-one-metre-ruler
Fra:1 Mem:15.28M (Peak 15.28M) | Time:00:00.00 | Mem:0.00M, Peak:0.00M | Scene, ViewLayer | Synchronizing object | QA-human-1.81m-head
Fra:1 Mem:15.32M (Peak 15.32M) | Time:00:00.00 | Mem:0.00M, Peak:0.00M | Scene, ViewLayer | Synchronizing object | QA-human-1.81m-arm.001
Fra:1 Mem:15.32M (Peak 15.32M) | Time:00:00.00 | Mem:0.00M, Peak:0.00M | Scene, ViewLayer | Synchronizing object | QA-human-1.81m-arm
Fra:1 Mem:15.32M (Peak 15.32M) | Time:00:00.00 | Mem:0.00M, Peak:0.00M | Scene, ViewLayer | Synchronizing object | QA-human-1.81m-leg.001
Fra:1 Mem:15.30M (Peak 15.32M) | Time:00:00.00 | Mem:0.00M, Peak:0.00M | Scene, ViewLayer | Synchronizing object | QA-human-1.81m-leg
Fra:1 Mem:15.31M (Peak 15.32M) | Time:00:00.00 | Mem:0.00M, Peak:0.00M | Scene, ViewLayer | Synchronizing object | QA-human-1.81m-neck
Fra:1 Mem:15.31M (Peak 15.32M) | Time:00:00.00 | Mem:0.00M, Peak:0.00M | Scene, ViewLayer | Synchronizing object | QA-human-1.81m-body
Fra:1 Mem:15.32M (Peak 15.32M) | Time:00:00.00 | Mem:0.00M, Peak:0.00M | Scene, ViewLayer | Synchronizing object | QA-human-1.75m-head
Fra:1 Mem:15.39M (Peak 15.39M) | Time:00:00.00 | Mem:0.00M, Peak:0.00M | Scene, ViewLayer | Synchronizing object | QA-human-1.75m-arm.001
Fra:1 Mem:15.39M (Peak 15.39M) | Time:00:00.00 | Mem:0.00M, Peak:0.00M | Scene, ViewLayer | Synchronizing object | QA-human-1.75m-arm
Fra:1 Mem:15.35M (Peak 15.39M) | Time:00:00.00 | Mem:0.00M, Peak:0.00M | Scene, ViewLayer | Synchronizing object | QA-human-1.75m-leg.001
Fra:1 Mem:14.91M (Peak 15.39M) | Time:00:00.00 | Mem:0.00M, Peak:0.00M | Scene, ViewLayer | Synchronizing object | QA-human-1.75m-leg
Fra:1 Mem:14.91M (Peak 15.39M) | Time:00:00.00 | Mem:0.00M, Peak:0.00M | Scene, ViewLayer | Synchronizing object | QA-human-1.75m-neck
Fra:1 Mem:14.98M (Peak 15.39M) | Time:00:00.00 | Mem:0.00M, Peak:0.00M | Scene, ViewLayer | Synchronizing object | QA-human-1.75m-body
Fra:1 Mem:14.98M (Peak 15.39M) | Time:00:00.00 | Mem:0.00M, Peak:0.00M | Scene, ViewLayer | Synchronizing object | marine-copper-grille
Fra:1 Mem:15.08M (Peak 15.39M) | Time:00:00.00 | Mem:0.00M, Peak:0.00M | Scene, ViewLayer | Initializing
Fra:1 Mem:13.93M (Peak 15.39M) | Time:00:00.00 | Mem:0.00M, Peak:0.00M | Scene, ViewLayer | Waiting for render to start
Fra:1 Mem:13.93M (Peak 15.39M) | Time:00:00.00 | Mem:0.00M, Peak:0.00M | Scene, ViewLayer | Loading render kernels (may take a few minutes the first time)
Fra:1 Mem:13.93M (Peak 15.39M) | Time:00:00.00 | Mem:0.00M, Peak:0.00M | Scene, ViewLayer | Updating Scene
Fra:1 Mem:13.93M (Peak 15.39M) | Time:00:00.00 | Mem:0.00M, Peak:0.00M | Scene, ViewLayer | Updating Shaders
Fra:1 Mem:14.02M (Peak 15.39M) | Time:00:00.00 | Mem:0.00M, Peak:0.00M | Scene, ViewLayer | Updating Procedurals
Fra:1 Mem:14.02M (Peak 15.39M) | Time:00:00.00 | Mem:0.00M, Peak:0.00M | Scene, ViewLayer | Updating Background
Fra:1 Mem:14.02M (Peak 15.39M) | Time:00:00.00 | Mem:0.00M, Peak:0.00M | Scene, ViewLayer | Updating Camera
Fra:1 Mem:14.02M (Peak 15.39M) | Time:00:00.00 | Mem:0.00M, Peak:0.00M | Scene, ViewLayer | Updating Meshes Flags
Fra:1 Mem:14.02M (Peak 15.39M) | Time:00:00.00 | Mem:0.00M, Peak:0.00M | Scene, ViewLayer | Updating Objects
Fra:1 Mem:14.02M (Peak 15.39M) | Time:00:00.00 | Mem:0.00M, Peak:0.00M | Scene, ViewLayer | Updating Objects | Copying Transformations to device
Fra:1 Mem:14.02M (Peak 15.39M) | Time:00:00.00 | Mem:0.01M, Peak:0.01M | Scene, ViewLayer | Updating Objects | Applying Static Transformations
Fra:1 Mem:14.02M (Peak 15.39M) | Time:00:00.00 | Mem:0.01M, Peak:0.01M | Scene, ViewLayer | Updating Particle Systems
Fra:1 Mem:14.02M (Peak 15.39M) | Time:00:00.00 | Mem:0.01M, Peak:0.01M | Scene, ViewLayer | Updating Particle Systems | Copying Particles to device
Fra:1 Mem:14.02M (Peak 15.39M) | Time:00:00.00 | Mem:0.01M, Peak:0.01M | Scene, ViewLayer | Updating Meshes
Fra:1 Mem:14.06M (Peak 15.39M) | Time:00:00.00 | Mem:0.01M, Peak:0.01M | Scene, ViewLayer | Updating Mesh | Computing attributes
Fra:1 Mem:14.14M (Peak 15.39M) | Time:00:00.00 | Mem:0.01M, Peak:0.01M | Scene, ViewLayer | Updating Mesh | Copying Attributes to device
Fra:1 Mem:14.13M (Peak 15.39M) | Time:00:00.00 | Mem:0.08M, Peak:0.08M | Scene, ViewLayer | Updating Scene BVH | Building
Fra:1 Mem:14.13M (Peak 15.39M) | Time:00:00.00 | Mem:0.08M, Peak:0.08M | Scene, ViewLayer | Updating Scene BVH | Building BVH
Fra:1 Mem:14.13M (Peak 15.39M) | Time:00:00.00 | Mem:0.16M, Peak:0.16M | Scene, ViewLayer | Updating Scene BVH | Building BVH 0%
Fra:1 Mem:14.13M (Peak 15.39M) | Time:00:00.00 | Mem:0.24M, Peak:0.31M | Scene, ViewLayer | Updating Scene BVH | Copying BVH to device
Fra:1 Mem:14.13M (Peak 15.39M) | Time:00:00.00 | Mem:0.24M, Peak:0.31M | Scene, ViewLayer | Updating Mesh | Computing normals
Fra:1 Mem:14.36M (Peak 15.39M) | Time:00:00.00 | Mem:0.24M, Peak:0.31M | Scene, ViewLayer | Updating Mesh | Copying Mesh to device
Fra:1 Mem:14.36M (Peak 15.39M) | Time:00:00.00 | Mem:0.47M, Peak:0.47M | Scene, ViewLayer | Updating Objects Flags
Fra:1 Mem:14.36M (Peak 15.39M) | Time:00:00.00 | Mem:0.47M, Peak:0.47M | Scene, ViewLayer | Updating Primitive Offsets
Fra:1 Mem:14.36M (Peak 15.39M) | Time:00:00.00 | Mem:0.47M, Peak:0.47M | Scene, ViewLayer | Updating Images
Fra:1 Mem:14.36M (Peak 15.39M) | Time:00:00.00 | Mem:0.47M, Peak:0.47M | Scene, ViewLayer | Updating Camera Volume
Fra:1 Mem:14.36M (Peak 15.39M) | Time:00:00.00 | Mem:0.47M, Peak:0.47M | Scene, ViewLayer | Updating Lookup Tables
Fra:1 Mem:14.36M (Peak 15.39M) | Time:00:00.00 | Mem:0.55M, Peak:0.55M | Scene, ViewLayer | Updating Lights
Fra:1 Mem:14.36M (Peak 15.39M) | Time:00:00.00 | Mem:0.55M, Peak:0.55M | Scene, ViewLayer | Updating Lights | Computing tree
Fra:1 Mem:14.36M (Peak 15.39M) | Time:00:00.00 | Mem:0.55M, Peak:0.55M | Scene, ViewLayer | Updating Integrator
Fra:1 Mem:14.36M (Peak 15.39M) | Time:00:00.00 | Mem:0.55M, Peak:0.55M | Scene, ViewLayer | Updating Film
Fra:1 Mem:14.37M (Peak 15.39M) | Time:00:00.00 | Mem:0.47M, Peak:0.55M | Scene, ViewLayer | Updating Lookup Tables
Fra:1 Mem:14.37M (Peak 15.39M) | Time:00:00.00 | Mem:0.56M, Peak:0.56M | Scene, ViewLayer | Updating Baking
Fra:1 Mem:14.37M (Peak 15.39M) | Time:00:00.00 | Mem:0.56M, Peak:0.56M | Scene, ViewLayer | Updating Device | Writing constant memory
Fra:1 Mem:14.37M (Peak 15.39M) | Time:00:00.00 | Mem:0.56M, Peak:0.56M | Scene, ViewLayer | Sample 0/16
Fra:1 Mem:35.47M (Peak 35.47M) | Time:00:00.18 | Remaining:00:02.62 | Mem:21.65M, Peak:21.65M | Scene, ViewLayer | Sample 1/16
Fra:1 Mem:44.85M (Peak 63.60M) | Time:00:02.23 | Mem:21.65M, Peak:21.65M | Scene, ViewLayer | Sample 16/16
Fra:1 Mem:44.85M (Peak 63.60M) | Time:00:02.23 | Mem:21.65M, Peak:21.65M | Scene, ViewLayer | Finished
Saved: '/workspace/scratch/7c20b5ba4165/atlas-backlog-oct3/tools/assets/landmark-entrance-details/qa/previews/marine-dusk.png'
Time: 00:02.33 (Saving: 00:00.10)

Extensions: writing cache failed ([Errno 30] Read-only file system: '/home/agent/.config/blender').
15:03:44 | INFO: Data are loaded, start creating Blender stuff
15:03:44 | INFO: Blender create Mesh node archivolt-0.001
15:03:44 | INFO: glTF import finished in 0.00s
15:03:44 | INFO: Data are loaded, start creating Blender stuff
15:03:44 | INFO: Blender create Mesh node grille-arch-frame.001
15:03:44 | INFO: glTF import finished in 0.00s
Fra:1 Mem:14.72M (Peak 14.72M) | Time:00:00.00 | Mem:0.00M, Peak:0.00M | Scene, ViewLayer | Synchronizing object | marine-archivolt-relief
Fra:1 Mem:14.79M (Peak 14.79M) | Time:00:00.00 | Mem:0.00M, Peak:0.00M | Scene, ViewLayer | Synchronizing object | QA-ruler-tick-10
Fra:1 Mem:15.22M (Peak 15.22M) | Time:00:00.00 | Mem:0.00M, Peak:0.00M | Scene, ViewLayer | Synchronizing object | QA-ruler-tick-9
Fra:1 Mem:15.22M (Peak 15.22M) | Time:00:00.00 | Mem:0.00M, Peak:0.00M | Scene, ViewLayer | Synchronizing object | QA-ruler-tick-8
Fra:1 Mem:15.22M (Peak 15.22M) | Time:00:00.00 | Mem:0.00M, Peak:0.00M | Scene, ViewLayer | Synchronizing object | QA-ruler-tick-7
Fra:1 Mem:15.23M (Peak 15.23M) | Time:00:00.00 | Mem:0.00M, Peak:0.00M | Scene, ViewLayer | Synchronizing object | QA-ruler-tick-6
Fra:1 Mem:15.24M (Peak 15.24M) | Time:00:00.00 | Mem:0.00M, Peak:0.00M | Scene, ViewLayer | Synchronizing object | QA-ruler-tick-5
Fra:1 Mem:15.25M (Peak 15.25M) | Time:00:00.00 | Mem:0.00M, Peak:0.00M | Scene, ViewLayer | Synchronizing object | QA-ruler-tick-4
Fra:1 Mem:15.27M (Peak 15.27M) | Time:00:00.00 | Mem:0.00M, Peak:0.00M | Scene, ViewLayer | Synchronizing object | QA-ruler-tick-3
Fra:1 Mem:15.31M (Peak 15.31M) | Time:00:00.00 | Mem:0.00M, Peak:0.00M | Scene, ViewLayer | Synchronizing object | QA-ruler-tick-2
Fra:1 Mem:15.33M (Peak 15.33M) | Time:00:00.00 | Mem:0.00M, Peak:0.00M | Scene, ViewLayer | Synchronizing object | QA-ruler-tick-1
Fra:1 Mem:15.34M (Peak 15.34M) | Time:00:00.00 | Mem:0.00M, Peak:0.00M | Scene, ViewLayer | Synchronizing object | QA-ruler-tick-0
Fra:1 Mem:15.34M (Peak 15.34M) | Time:00:00.00 | Mem:0.00M, Peak:0.00M | Scene, ViewLayer | Synchronizing object | QA-one-metre-ruler
Fra:1 Mem:15.34M (Peak 15.34M) | Time:00:00.00 | Mem:0.00M, Peak:0.00M | Scene, ViewLayer | Synchronizing object | QA-human-1.81m-head
Fra:1 Mem:15.33M (Peak 15.34M) | Time:00:00.00 | Mem:0.00M, Peak:0.00M | Scene, ViewLayer | Synchronizing object | QA-human-1.81m-arm.001
Fra:1 Mem:15.33M (Peak 15.34M) | Time:00:00.00 | Mem:0.00M, Peak:0.00M | Scene, ViewLayer | Synchronizing object | QA-human-1.81m-arm
Fra:1 Mem:15.34M (Peak 15.34M) | Time:00:00.00 | Mem:0.00M, Peak:0.00M | Scene, ViewLayer | Synchronizing object | QA-human-1.81m-leg.001
Fra:1 Mem:15.35M (Peak 15.35M) | Time:00:00.00 | Mem:0.00M, Peak:0.00M | Scene, ViewLayer | Synchronizing object | QA-human-1.81m-leg
Fra:1 Mem:15.35M (Peak 15.35M) | Time:00:00.00 | Mem:0.00M, Peak:0.00M | Scene, ViewLayer | Synchronizing object | QA-human-1.81m-neck
Fra:1 Mem:15.36M (Peak 15.36M) | Time:00:00.00 | Mem:0.00M, Peak:0.00M | Scene, ViewLayer | Synchronizing object | QA-human-1.81m-body
Fra:1 Mem:15.42M (Peak 15.42M) | Time:00:00.00 | Mem:0.00M, Peak:0.00M | Scene, ViewLayer | Synchronizing object | QA-human-1.75m-head
Fra:1 Mem:14.98M (Peak 15.42M) | Time:00:00.00 | Mem:0.00M, Peak:0.00M | Scene, ViewLayer | Synchronizing object | QA-human-1.75m-arm.001
Fra:1 Mem:14.94M (Peak 15.42M) | Time:00:00.00 | Mem:0.00M, Peak:0.00M | Scene, ViewLayer | Synchronizing object | QA-human-1.75m-arm
Fra:1 Mem:14.94M (Peak 15.42M) | Time:00:00.00 | Mem:0.00M, Peak:0.00M | Scene, ViewLayer | Synchronizing object | QA-human-1.75m-leg.001
Fra:1 Mem:15.01M (Peak 15.42M) | Time:00:00.00 | Mem:0.00M, Peak:0.00M | Scene, ViewLayer | Synchronizing object | QA-human-1.75m-leg
Fra:1 Mem:15.01M (Peak 15.42M) | Time:00:00.00 | Mem:0.00M, Peak:0.00M | Scene, ViewLayer | Synchronizing object | QA-human-1.75m-neck
Fra:1 Mem:15.03M (Peak 15.42M) | Time:00:00.00 | Mem:0.00M, Peak:0.00M | Scene, ViewLayer | Synchronizing object | QA-human-1.75m-body
Fra:1 Mem:15.06M (Peak 15.42M) | Time:00:00.00 | Mem:0.00M, Peak:0.00M | Scene, ViewLayer | Synchronizing object | marine-copper-grille
Fra:1 Mem:15.11M (Peak 15.42M) | Time:00:00.00 | Mem:0.00M, Peak:0.00M | Scene, ViewLayer | Initializing
Fra:1 Mem:13.95M (Peak 15.42M) | Time:00:00.00 | Mem:0.00M, Peak:0.00M | Scene, ViewLayer | Waiting for render to start
Fra:1 Mem:13.95M (Peak 15.42M) | Time:00:00.00 | Mem:0.00M, Peak:0.00M | Scene, ViewLayer | Loading render kernels (may take a few minutes the first time)
Fra:1 Mem:13.95M (Peak 15.42M) | Time:00:00.00 | Mem:0.00M, Peak:0.00M | Scene, ViewLayer | Updating Scene
Fra:1 Mem:13.95M (Peak 15.42M) | Time:00:00.00 | Mem:0.00M, Peak:0.00M | Scene, ViewLayer | Updating Shaders
Fra:1 Mem:14.03M (Peak 15.42M) | Time:00:00.00 | Mem:0.00M, Peak:0.00M | Scene, ViewLayer | Updating Procedurals
Fra:1 Mem:14.03M (Peak 15.42M) | Time:00:00.00 | Mem:0.00M, Peak:0.00M | Scene, ViewLayer | Updating Background
Fra:1 Mem:14.03M (Peak 15.42M) | Time:00:00.00 | Mem:0.00M, Peak:0.00M | Scene, ViewLayer | Updating Camera
Fra:1 Mem:14.03M (Peak 15.42M) | Time:00:00.00 | Mem:0.00M, Peak:0.00M | Scene, ViewLayer | Updating Meshes Flags
Fra:1 Mem:14.03M (Peak 15.42M) | Time:00:00.00 | Mem:0.00M, Peak:0.00M | Scene, ViewLayer | Updating Objects
Fra:1 Mem:14.03M (Peak 15.42M) | Time:00:00.00 | Mem:0.00M, Peak:0.00M | Scene, ViewLayer | Updating Objects | Copying Transformations to device
Fra:1 Mem:14.04M (Peak 15.42M) | Time:00:00.00 | Mem:0.01M, Peak:0.01M | Scene, ViewLayer | Updating Objects | Applying Static Transformations
Fra:1 Mem:14.04M (Peak 15.42M) | Time:00:00.00 | Mem:0.01M, Peak:0.01M | Scene, ViewLayer | Updating Particle Systems
Fra:1 Mem:14.04M (Peak 15.42M) | Time:00:00.00 | Mem:0.01M, Peak:0.01M | Scene, ViewLayer | Updating Particle Systems | Copying Particles to device
Fra:1 Mem:14.04M (Peak 15.42M) | Time:00:00.00 | Mem:0.01M, Peak:0.01M | Scene, ViewLayer | Updating Meshes
Fra:1 Mem:14.08M (Peak 15.42M) | Time:00:00.00 | Mem:0.01M, Peak:0.01M | Scene, ViewLayer | Updating Mesh | Computing attributes
Fra:1 Mem:14.15M (Peak 15.42M) | Time:00:00.00 | Mem:0.01M, Peak:0.01M | Scene, ViewLayer | Updating Mesh | Copying Attributes to device
Fra:1 Mem:14.15M (Peak 15.42M) | Time:00:00.00 | Mem:0.08M, Peak:0.08M | Scene, ViewLayer | Updating Scene BVH | Building
Fra:1 Mem:14.15M (Peak 15.42M) | Time:00:00.00 | Mem:0.08M, Peak:0.08M | Scene, ViewLayer | Updating Scene BVH | Building BVH
Fra:1 Mem:14.15M (Peak 15.42M) | Time:00:00.00 | Mem:0.16M, Peak:0.16M | Scene, ViewLayer | Updating Scene BVH | Building BVH 0%
Fra:1 Mem:14.15M (Peak 15.42M) | Time:00:00.00 | Mem:0.24M, Peak:0.31M | Scene, ViewLayer | Updating Scene BVH | Copying BVH to device
Fra:1 Mem:14.15M (Peak 15.42M) | Time:00:00.00 | Mem:0.24M, Peak:0.31M | Scene, ViewLayer | Updating Mesh | Computing normals
Fra:1 Mem:14.38M (Peak 15.42M) | Time:00:00.00 | Mem:0.24M, Peak:0.31M | Scene, ViewLayer | Updating Mesh | Copying Mesh to device
Fra:1 Mem:14.38M (Peak 15.42M) | Time:00:00.00 | Mem:0.47M, Peak:0.47M | Scene, ViewLayer | Updating Objects Flags
Fra:1 Mem:14.38M (Peak 15.42M) | Time:00:00.00 | Mem:0.47M, Peak:0.47M | Scene, ViewLayer | Updating Primitive Offsets
Fra:1 Mem:14.38M (Peak 15.42M) | Time:00:00.00 | Mem:0.47M, Peak:0.47M | Scene, ViewLayer | Updating Images
Fra:1 Mem:14.38M (Peak 15.42M) | Time:00:00.00 | Mem:0.47M, Peak:0.47M | Scene, ViewLayer | Updating Camera Volume
Fra:1 Mem:14.38M (Peak 15.42M) | Time:00:00.00 | Mem:0.47M, Peak:0.47M | Scene, ViewLayer | Updating Lookup Tables
Fra:1 Mem:14.38M (Peak 15.42M) | Time:00:00.00 | Mem:0.55M, Peak:0.55M | Scene, ViewLayer | Updating Lights
Fra:1 Mem:14.38M (Peak 15.42M) | Time:00:00.00 | Mem:0.55M, Peak:0.55M | Scene, ViewLayer | Updating Lights | Computing tree
Fra:1 Mem:14.38M (Peak 15.42M) | Time:00:00.00 | Mem:0.55M, Peak:0.55M | Scene, ViewLayer | Updating Integrator
Fra:1 Mem:14.38M (Peak 15.42M) | Time:00:00.00 | Mem:0.55M, Peak:0.55M | Scene, ViewLayer | Updating Film
Fra:1 Mem:14.39M (Peak 15.42M) | Time:00:00.00 | Mem:0.47M, Peak:0.55M | Scene, ViewLayer | Updating Lookup Tables
Fra:1 Mem:14.39M (Peak 15.42M) | Time:00:00.00 | Mem:0.56M, Peak:0.56M | Scene, ViewLayer | Updating Baking
Fra:1 Mem:14.39M (Peak 15.42M) | Time:00:00.00 | Mem:0.56M, Peak:0.56M | Scene, ViewLayer | Updating Device | Writing constant memory
Fra:1 Mem:14.39M (Peak 15.42M) | Time:00:00.00 | Mem:0.56M, Peak:0.56M | Scene, ViewLayer | Sample 0/16
Fra:1 Mem:35.49M (Peak 35.49M) | Time:00:00.19 | Remaining:00:02.85 | Mem:21.65M, Peak:21.65M | Scene, ViewLayer | Sample 1/16
Fra:1 Mem:44.86M (Peak 63.61M) | Time:00:02.50 | Mem:21.65M, Peak:21.65M | Scene, ViewLayer | Sample 16/16
Fra:1 Mem:44.86M (Peak 63.61M) | Time:00:02.50 | Mem:21.65M, Peak:21.65M | Scene, ViewLayer | Finished
Saved: '/workspace/scratch/7c20b5ba4165/atlas-backlog-oct3/tools/assets/landmark-entrance-details/qa/previews/marine-night.png'
Time: 00:02.61 (Saving: 00:00.10)

B04_CYCLES_CPU_REIMPORT_PREVIEWS_DONE

Blender quit
