Extensions: writing cache failed ([Errno 30] Read-only file system: '/home/agent/.config/blender').
08:16:00 | INFO: Data are loaded, start creating Blender stuff
08:16:00 | INFO: Blender create Mesh node Cube.030
08:16:00 | INFO: Blender create Mesh node Cube
08:16:00 | INFO: Blender create Mesh node Cube.142
08:16:00 | INFO: Blender create Mesh node Cube.141
08:16:00 | INFO: Blender create Mesh node Cube.143
08:16:00 | INFO: Blender create Mesh node Cube.144
08:16:00 | INFO: Blender create Mesh node Cube.140
08:16:00 | INFO: Blender create Mesh node Cube.075
08:16:00 | INFO: Blender create Mesh node Cube.080
08:16:00 | INFO: Blender create Mesh node Cube.085
08:16:00 | INFO: Blender create Mesh node Cube.090
08:16:00 | INFO: Blender create Mesh node Cube.095
08:16:00 | INFO: Blender create Mesh node Cube.100
08:16:00 | INFO: Blender create Mesh node Cube.105
08:16:00 | INFO: Blender create Mesh node Cube.110
08:16:00 | INFO: Blender create Mesh node Cube.115
08:16:00 | INFO: Blender create Mesh node Cube.120
08:16:00 | INFO: Blender create Mesh node Cube.125
08:16:00 | INFO: Blender create Mesh node Cube.130
08:16:00 | INFO: Blender create Mesh node Cube.138
08:16:00 | INFO: Blender create Mesh node Cube.139
08:16:00 | INFO: Blender create Mesh node Cube.069
08:16:00 | INFO: Blender create Mesh node Cube.002
08:16:00 | INFO: Blender create Mesh node Cylinder.007
08:16:00 | INFO: Blender create Mesh node Cylinder.006
08:16:00 | INFO: Blender create Mesh node Cylinder.005
08:16:00 | INFO: Blender create Mesh node Cylinder.004
08:16:00 | INFO: Blender create Mesh node Cylinder.003
08:16:00 | INFO: Blender create Mesh node Cylinder.002
08:16:00 | INFO: Blender create Mesh node Cylinder.001
08:16:00 | INFO: Blender create Mesh node Cylinder
08:16:00 | INFO: glTF import finished in 0.06s
08:16:00 | INFO: Data are loaded, start creating Blender stuff
08:16:00 | INFO: Blender create Mesh node interior-batch-canada-wall
08:16:00 | INFO: Blender create Mesh node interior-batch-canada-floor
08:16:00 | INFO: Blender create Mesh node interior-batch-canada-rail
08:16:00 | INFO: Blender create Mesh node interior-batch-canada-sign
08:16:00 | INFO: Blender create Mesh node interior-batch-canada-seat
08:16:00 | INFO: Blender create Mesh node interior-batch-canada-priority
08:16:00 | INFO: glTF import finished in 0.04s
08:16:00 | INFO: Data are loaded, start creating Blender stuff
08:16:00 | INFO: Blender create Mesh node Cube.030
08:16:00 | INFO: Blender create Mesh node Cube
08:16:00 | INFO: Blender create Mesh node Cube.142
08:16:00 | INFO: Blender create Mesh node Cube.141
08:16:00 | INFO: Blender create Mesh node Cube.143
08:16:00 | INFO: Blender create Mesh node Cube.144
08:16:00 | INFO: Blender create Mesh node Cube.140
08:16:00 | INFO: Blender create Mesh node Cube.075
08:16:00 | INFO: Blender create Mesh node Cube.080
08:16:00 | INFO: Blender create Mesh node Cube.085
08:16:00 | INFO: Blender create Mesh node Cube.090
08:16:00 | INFO: Blender create Mesh node Cube.095
08:16:00 | INFO: Blender create Mesh node Cube.100
08:16:00 | INFO: Blender create Mesh node Cube.105
08:16:00 | INFO: Blender create Mesh node Cube.110
08:16:00 | INFO: Blender create Mesh node Cube.115
08:16:00 | INFO: Blender create Mesh node Cube.120
08:16:00 | INFO: Blender create Mesh node Cube.125
08:16:00 | INFO: Blender create Mesh node Cube.130
08:16:00 | INFO: Blender create Mesh node Cube.138
08:16:00 | INFO: Blender create Mesh node Cube.139
08:16:00 | INFO: Blender create Mesh node Cube.069
08:16:00 | INFO: Blender create Mesh node Cube.002
08:16:00 | INFO: Blender create Mesh node Cylinder.007
08:16:00 | INFO: Blender create Mesh node Cylinder.006
08:16:00 | INFO: Blender create Mesh node Cylinder.005
08:16:00 | INFO: Blender create Mesh node Cylinder.004
08:16:00 | INFO: Blender create Mesh node Cylinder.003
08:16:00 | INFO: Blender create Mesh node Cylinder.002
08:16:00 | INFO: Blender create Mesh node Cylinder.001
08:16:00 | INFO: Blender create Mesh node Cylinder
08:16:00 | INFO: glTF import finished in 0.07s
08:16:00 | INFO: Data are loaded, start creating Blender stuff
08:16:00 | INFO: Blender create Mesh node interior-batch-canada-wall
08:16:00 | INFO: Blender create Mesh node interior-batch-canada-floor
08:16:00 | INFO: Blender create Mesh node interior-batch-canada-rail
08:16:00 | INFO: Blender create Mesh node interior-batch-canada-sign
08:16:00 | INFO: Blender create Mesh node interior-batch-canada-seat
08:16:00 | INFO: Blender create Mesh node interior-batch-canada-priority
08:16:00 | INFO: glTF import finished in 0.04s
Blender 4.3.2
Fra:1 Mem:23.83M (Peak 23.83M) | Time:00:00.01 | Mem:0.00M, Peak:0.00M | Scene, ViewLayer | Synchronizing object | blue-fascia
Fra:1 Mem:25.85M (Peak 25.85M) | Time:00:00.02 | Mem:0.00M, Peak:0.00M | Scene, ViewLayer | Synchronizing object | QA-ground
Fra:1 Mem:25.85M (Peak 25.85M) | Time:00:00.02 | Mem:0.00M, Peak:0.00M | Scene, ViewLayer | Synchronizing object | interior-batch-canada-priority.001
Fra:1 Mem:25.90M (Peak 25.90M) | Time:00:00.02 | Mem:0.00M, Peak:0.00M | Scene, ViewLayer | Synchronizing object | body-shell
Fra:1 Mem:26.20M (Peak 26.20M) | Time:00:00.02 | Mem:0.00M, Peak:0.00M | Scene, ViewLayer | Synchronizing object | interior-batch-canada-seat.001
Fra:1 Mem:26.10M (Peak 26.20M) | Time:00:00.02 | Mem:0.00M, Peak:0.00M | Scene, ViewLayer | Synchronizing object | interior-batch-canada-sign.001
Fra:1 Mem:26.09M (Peak 26.20M) | Time:00:00.02 | Mem:0.00M, Peak:0.00M | Scene, ViewLayer | Synchronizing object | bogie-front-frame
Fra:1 Mem:26.08M (Peak 26.20M) | Time:00:00.02 | Mem:0.00M, Peak:0.00M | Scene, ViewLayer | Synchronizing object | bogie-rear-frame
Fra:1 Mem:26.08M (Peak 26.20M) | Time:00:00.02 | Mem:0.00M, Peak:0.00M | Scene, ViewLayer | Synchronizing object | interior-batch-canada-rail.001
Fra:1 Mem:26.09M (Peak 26.20M) | Time:00:00.02 | Mem:0.00M, Peak:0.00M | Scene, ViewLayer | Synchronizing object | coupler-mesh
Fra:1 Mem:26.10M (Peak 26.20M) | Time:00:00.02 | Mem:0.00M, Peak:0.00M | Scene, ViewLayer | Synchronizing object | coupler-mesh.001
Fra:1 Mem:26.11M (Peak 26.20M) | Time:00:00.02 | Mem:0.00M, Peak:0.00M | Scene, ViewLayer | Synchronizing object | destination-panel
Fra:1 Mem:26.31M (Peak 26.31M) | Time:00:00.02 | Mem:0.00M, Peak:0.00M | Scene, ViewLayer | Synchronizing object | door-left-1-a
Fra:1 Mem:26.36M (Peak 26.36M) | Time:00:00.02 | Mem:0.00M, Peak:0.00M | Scene, ViewLayer | Synchronizing object | door-left-1-b
Fra:1 Mem:26.18M (Peak 26.36M) | Time:00:00.02 | Mem:0.00M, Peak:0.00M | Scene, ViewLayer | Synchronizing object | door-left-2-a
Fra:1 Mem:26.25M (Peak 26.36M) | Time:00:00.02 | Mem:0.00M, Peak:0.00M | Scene, ViewLayer | Synchronizing object | door-left-2-b
Fra:1 Mem:26.26M (Peak 26.36M) | Time:00:00.02 | Mem:0.00M, Peak:0.00M | Scene, ViewLayer | Synchronizing object | interior-batch-canada-floor.001
Fra:1 Mem:26.25M (Peak 26.36M) | Time:00:00.02 | Mem:0.00M, Peak:0.00M | Scene, ViewLayer | Synchronizing object | interior-batch-canada-wall.001
Fra:1 Mem:26.24M (Peak 26.36M) | Time:00:00.02 | Mem:0.00M, Peak:0.00M | Scene, ViewLayer | Synchronizing object | door-left-3-a
Fra:1 Mem:26.34M (Peak 26.36M) | Time:00:00.02 | Mem:0.00M, Peak:0.00M | Scene, ViewLayer | Synchronizing object | door-left-3-b
Fra:1 Mem:26.31M (Peak 26.36M) | Time:00:00.02 | Mem:0.00M, Peak:0.00M | Scene, ViewLayer | Synchronizing object | door-right-1-a
Fra:1 Mem:26.36M (Peak 26.36M) | Time:00:00.02 | Mem:0.00M, Peak:0.00M | Scene, ViewLayer | Synchronizing object | door-right-1-b
Fra:1 Mem:26.35M (Peak 26.36M) | Time:00:00.02 | Mem:0.00M, Peak:0.00M | Scene, ViewLayer | Synchronizing object | door-right-2-a
Fra:1 Mem:26.33M (Peak 26.36M) | Time:00:00.02 | Mem:0.00M, Peak:0.00M | Scene, ViewLayer | Synchronizing object | wheel-rear-rear-right.001
Fra:1 Mem:26.33M (Peak 26.36M) | Time:00:00.02 | Mem:0.00M, Peak:0.00M | Scene, ViewLayer | Synchronizing object | door-right-2-b
Fra:1 Mem:26.37M (Peak 26.37M) | Time:00:00.02 | Mem:0.00M, Peak:0.00M | Scene, ViewLayer | Synchronizing object | door-right-3-a
Fra:1 Mem:26.38M (Peak 26.38M) | Time:00:00.02 | Mem:0.00M, Peak:0.00M | Scene, ViewLayer | Synchronizing object | wheel-rear-rear-left.001
Fra:1 Mem:26.39M (Peak 26.39M) | Time:00:00.02 | Mem:0.00M, Peak:0.00M | Scene, ViewLayer | Synchronizing object | door-right-3-b
Fra:1 Mem:26.40M (Peak 26.40M) | Time:00:00.02 | Mem:0.00M, Peak:0.00M | Scene, ViewLayer | Synchronizing object | wheel-rear-front-right.001
Fra:1 Mem:26.40M (Peak 26.40M) | Time:00:00.02 | Mem:0.00M, Peak:0.00M | Scene, ViewLayer | Synchronizing object | front-lamp--1
Fra:1 Mem:26.39M (Peak 26.40M) | Time:00:00.02 | Mem:0.00M, Peak:0.00M | Scene, ViewLayer | Synchronizing object | wheel-rear-front-left.001
Fra:1 Mem:26.42M (Peak 26.42M) | Time:00:00.02 | Mem:0.00M, Peak:0.00M | Scene, ViewLayer | Synchronizing object | front-lamp-1
Fra:1 Mem:26.43M (Peak 26.43M) | Time:00:00.02 | Mem:0.00M, Peak:0.00M | Scene, ViewLayer | Synchronizing object | gangway-rubber
Fra:1 Mem:26.44M (Peak 26.44M) | Time:00:00.02 | Mem:0.00M, Peak:0.00M | Scene, ViewLayer | Synchronizing object | glass
Fra:1 Mem:26.46M (Peak 26.46M) | Time:00:00.02 | Mem:0.00M, Peak:0.00M | Scene, ViewLayer | Synchronizing object | wheel-front-front-left
Fra:1 Mem:26.48M (Peak 26.48M) | Time:00:00.02 | Mem:0.00M, Peak:0.00M | Scene, ViewLayer | Synchronizing object | wheel-front-front-right
Fra:1 Mem:26.46M (Peak 26.48M) | Time:00:00.02 | Mem:0.00M, Peak:0.00M | Scene, ViewLayer | Synchronizing object | wheel-front-rear-right.001
Fra:1 Mem:26.47M (Peak 26.48M) | Time:00:00.02 | Mem:0.00M, Peak:0.00M | Scene, ViewLayer | Synchronizing object | wheel-front-rear-left
Fra:1 Mem:26.50M (Peak 26.50M) | Time:00:00.02 | Mem:0.00M, Peak:0.00M | Scene, ViewLayer | Synchronizing object | wheel-front-rear-right
Fra:1 Mem:26.51M (Peak 26.51M) | Time:00:00.02 | Mem:0.00M, Peak:0.00M | Scene, ViewLayer | Synchronizing object | wheel-front-rear-left.001
Fra:1 Mem:26.53M (Peak 26.53M) | Time:00:00.02 | Mem:0.00M, Peak:0.00M | Scene, ViewLayer | Synchronizing object | wheel-rear-front-left
Fra:1 Mem:26.53M (Peak 26.53M) | Time:00:00.02 | Mem:0.00M, Peak:0.00M | Scene, ViewLayer | Synchronizing object | wheel-front-front-right.001
Fra:1 Mem:26.52M (Peak 26.53M) | Time:00:00.02 | Mem:0.00M, Peak:0.00M | Scene, ViewLayer | Synchronizing object | wheel-rear-front-right
Fra:1 Mem:26.56M (Peak 26.56M) | Time:00:00.02 | Mem:0.00M, Peak:0.00M | Scene, ViewLayer | Synchronizing object | wheel-rear-rear-left
Fra:1 Mem:26.57M (Peak 26.57M) | Time:00:00.02 | Mem:0.00M, Peak:0.00M | Scene, ViewLayer | Synchronizing object | wheel-front-front-left.001
Fra:1 Mem:26.58M (Peak 26.58M) | Time:00:00.02 | Mem:0.00M, Peak:0.00M | Scene, ViewLayer | Synchronizing object | wheel-rear-rear-right
Fra:1 Mem:26.59M (Peak 26.59M) | Time:00:00.02 | Mem:0.00M, Peak:0.00M | Scene, ViewLayer | Synchronizing object | glass.001
Fra:1 Mem:26.58M (Peak 26.59M) | Time:00:00.02 | Mem:0.00M, Peak:0.00M | Scene, ViewLayer | Synchronizing object | interior-batch-canada-wall
Fra:1 Mem:26.65M (Peak 26.65M) | Time:00:00.02 | Mem:0.00M, Peak:0.00M | Scene, ViewLayer | Synchronizing object | interior-batch-canada-floor
Fra:1 Mem:26.68M (Peak 26.68M) | Time:00:00.02 | Mem:0.00M, Peak:0.00M | Scene, ViewLayer | Synchronizing object | interior-batch-canada-rail
Fra:1 Mem:26.90M (Peak 26.90M) | Time:00:00.02 | Mem:0.00M, Peak:0.00M | Scene, ViewLayer | Synchronizing object | gangway-rubber.001
Fra:1 Mem:26.78M (Peak 26.90M) | Time:00:00.02 | Mem:0.00M, Peak:0.00M | Scene, ViewLayer | Synchronizing object | front-lamp-1.001
Fra:1 Mem:26.84M (Peak 26.90M) | Time:00:00.02 | Mem:0.00M, Peak:0.00M | Scene, ViewLayer | Synchronizing object | front-lamp--1.001
Fra:1 Mem:26.75M (Peak 26.90M) | Time:00:00.02 | Mem:0.00M, Peak:0.00M | Scene, ViewLayer | Synchronizing object | interior-batch-canada-sign
Fra:1 Mem:26.76M (Peak 26.90M) | Time:00:00.02 | Mem:0.00M, Peak:0.00M | Scene, ViewLayer | Synchronizing object | door-right-3-b.001
Fra:1 Mem:26.78M (Peak 26.90M) | Time:00:00.02 | Mem:0.00M, Peak:0.00M | Scene, ViewLayer | Synchronizing object | door-right-3-a.001
Fra:1 Mem:26.80M (Peak 26.90M) | Time:00:00.02 | Mem:0.00M, Peak:0.00M | Scene, ViewLayer | Synchronizing object | interior-batch-canada-seat
Fra:1 Mem:26.95M (Peak 26.95M) | Time:00:00.02 | Mem:0.00M, Peak:0.00M | Scene, ViewLayer | Synchronizing object | door-right-2-b.001
Fra:1 Mem:26.88M (Peak 26.95M) | Time:00:00.02 | Mem:0.00M, Peak:0.00M | Scene, ViewLayer | Synchronizing object | door-right-2-a.001
Fra:1 Mem:26.97M (Peak 26.97M) | Time:00:00.02 | Mem:0.00M, Peak:0.00M | Scene, ViewLayer | Synchronizing object | door-right-1-b.001
Fra:1 Mem:26.91M (Peak 26.97M) | Time:00:00.02 | Mem:0.00M, Peak:0.00M | Scene, ViewLayer | Synchronizing object | interior-batch-canada-priority
Fra:1 Mem:26.91M (Peak 26.97M) | Time:00:00.02 | Mem:0.00M, Peak:0.00M | Scene, ViewLayer | Synchronizing object | door-right-1-a.001
Fra:1 Mem:26.94M (Peak 26.97M) | Time:00:00.02 | Mem:0.00M, Peak:0.00M | Scene, ViewLayer | Synchronizing object | blue-fascia.001
Fra:1 Mem:26.95M (Peak 26.97M) | Time:00:00.02 | Mem:0.00M, Peak:0.00M | Scene, ViewLayer | Synchronizing object | door-left-3-b.001
Fra:1 Mem:26.93M (Peak 26.97M) | Time:00:00.02 | Mem:0.00M, Peak:0.00M | Scene, ViewLayer | Synchronizing object | body-shell.001
Fra:1 Mem:26.98M (Peak 26.98M) | Time:00:00.02 | Mem:0.00M, Peak:0.00M | Scene, ViewLayer | Synchronizing object | door-left-3-a.001
Fra:1 Mem:27.23M (Peak 27.23M) | Time:00:00.02 | Mem:0.00M, Peak:0.00M | Scene, ViewLayer | Synchronizing object | door-left-2-b.001
Fra:1 Mem:27.08M (Peak 27.23M) | Time:00:00.02 | Mem:0.00M, Peak:0.00M | Scene, ViewLayer | Synchronizing object | door-left-2-a.001
Fra:1 Mem:27.11M (Peak 27.23M) | Time:00:00.02 | Mem:0.00M, Peak:0.00M | Scene, ViewLayer | Synchronizing object | door-left-1-b.001
Fra:1 Mem:27.25M (Peak 27.25M) | Time:00:00.02 | Mem:0.00M, Peak:0.00M | Scene, ViewLayer | Synchronizing object | door-left-1-a.001
Fra:1 Mem:27.19M (Peak 27.25M) | Time:00:00.02 | Mem:0.00M, Peak:0.00M | Scene, ViewLayer | Synchronizing object | destination-panel.001
Fra:1 Mem:27.15M (Peak 27.25M) | Time:00:00.02 | Mem:0.00M, Peak:0.00M | Scene, ViewLayer | Synchronizing object | coupler-mesh.003
Fra:1 Mem:27.13M (Peak 27.25M) | Time:00:00.02 | Mem:0.00M, Peak:0.00M | Scene, ViewLayer | Synchronizing object | bogie-front-frame.001
Fra:1 Mem:27.12M (Peak 27.25M) | Time:00:00.02 | Mem:0.00M, Peak:0.00M | Scene, ViewLayer | Synchronizing object | coupler-mesh.002
Fra:1 Mem:27.13M (Peak 27.25M) | Time:00:00.02 | Mem:0.00M, Peak:0.00M | Scene, ViewLayer | Synchronizing object | bogie-rear-frame.001
Fra:1 Mem:27.12M (Peak 27.25M) | Time:00:00.02 | Mem:0.00M, Peak:0.00M | Scene, ViewLayer | Initializing
Fra:1 Mem:21.67M (Peak 27.25M) | Time:00:00.03 | Mem:0.00M, Peak:0.00M | Scene, ViewLayer | Waiting for render to start
Fra:1 Mem:21.67M (Peak 27.25M) | Time:00:00.03 | Mem:0.00M, Peak:0.00M | Scene, ViewLayer | Loading render kernels (may take a few minutes the first time)
Fra:1 Mem:21.67M (Peak 27.25M) | Time:00:00.03 | Mem:0.00M, Peak:0.00M | Scene, ViewLayer | Updating Scene
Fra:1 Mem:21.67M (Peak 27.25M) | Time:00:00.03 | Mem:0.00M, Peak:0.00M | Scene, ViewLayer | Updating Shaders
Fra:1 Mem:21.77M (Peak 27.25M) | Time:00:00.03 | Mem:0.02M, Peak:0.02M | Scene, ViewLayer | Updating Procedurals
Fra:1 Mem:21.77M (Peak 27.25M) | Time:00:00.03 | Mem:0.02M, Peak:0.02M | Scene, ViewLayer | Updating Background
Fra:1 Mem:21.77M (Peak 27.25M) | Time:00:00.03 | Mem:0.02M, Peak:0.02M | Scene, ViewLayer | Updating Camera
Fra:1 Mem:21.77M (Peak 27.25M) | Time:00:00.03 | Mem:0.02M, Peak:0.02M | Scene, ViewLayer | Updating Meshes Flags
Fra:1 Mem:21.77M (Peak 27.25M) | Time:00:00.03 | Mem:0.02M, Peak:0.02M | Scene, ViewLayer | Updating Objects
Fra:1 Mem:21.77M (Peak 27.25M) | Time:00:00.03 | Mem:0.02M, Peak:0.02M | Scene, ViewLayer | Updating Objects | Copying Transformations to device
Fra:1 Mem:21.78M (Peak 27.25M) | Time:00:00.03 | Mem:0.04M, Peak:0.04M | Scene, ViewLayer | Updating Objects | Applying Static Transformations
Fra:1 Mem:21.78M (Peak 27.25M) | Time:00:00.03 | Mem:0.04M, Peak:0.04M | Scene, ViewLayer | Updating Particle Systems
Fra:1 Mem:21.78M (Peak 27.25M) | Time:00:00.03 | Mem:0.04M, Peak:0.04M | Scene, ViewLayer | Updating Particle Systems | Copying Particles to device
Fra:1 Mem:21.78M (Peak 27.25M) | Time:00:00.03 | Mem:0.04M, Peak:0.04M | Scene, ViewLayer | Updating Meshes
Fra:1 Mem:21.89M (Peak 27.25M) | Time:00:00.03 | Mem:0.04M, Peak:0.04M | Scene, ViewLayer | Updating Mesh | Computing attributes
Fra:1 Mem:22.15M (Peak 27.25M) | Time:00:00.03 | Mem:0.04M, Peak:0.04M | Scene, ViewLayer | Updating Mesh | Copying Attributes to device
Fra:1 Mem:22.14M (Peak 27.25M) | Time:00:00.03 | Mem:0.28M, Peak:0.28M | Scene, ViewLayer | Updating Scene BVH | Building
Fra:1 Mem:22.14M (Peak 27.25M) | Time:00:00.03 | Mem:0.28M, Peak:0.28M | Scene, ViewLayer | Updating Scene BVH | Building BVH
Fra:1 Mem:22.14M (Peak 27.25M) | Time:00:00.03 | Mem:0.50M, Peak:0.50M | Scene, ViewLayer | Updating Scene BVH | Building BVH 0%
Fra:1 Mem:22.14M (Peak 27.25M) | Time:00:00.03 | Mem:0.76M, Peak:0.98M | Scene, ViewLayer | Updating Scene BVH | Copying BVH to device
Fra:1 Mem:22.14M (Peak 27.25M) | Time:00:00.03 | Mem:0.76M, Peak:0.98M | Scene, ViewLayer | Updating Mesh | Computing normals
Fra:1 Mem:22.92M (Peak 27.25M) | Time:00:00.03 | Mem:0.76M, Peak:0.98M | Scene, ViewLayer | Updating Mesh | Copying Mesh to device
Fra:1 Mem:22.92M (Peak 27.25M) | Time:00:00.03 | Mem:1.54M, Peak:1.54M | Scene, ViewLayer | Updating Objects Flags
Fra:1 Mem:22.92M (Peak 27.25M) | Time:00:00.03 | Mem:1.54M, Peak:1.54M | Scene, ViewLayer | Updating Primitive Offsets
Fra:1 Mem:22.92M (Peak 27.25M) | Time:00:00.03 | Mem:1.54M, Peak:1.54M | Scene, ViewLayer | Updating Images
Fra:1 Mem:22.92M (Peak 27.25M) | Time:00:00.03 | Mem:1.54M, Peak:1.54M | Scene, ViewLayer | Updating Camera Volume
Fra:1 Mem:22.92M (Peak 27.25M) | Time:00:00.03 | Mem:1.54M, Peak:1.54M | Scene, ViewLayer | Updating Lookup Tables
Fra:1 Mem:22.92M (Peak 27.25M) | Time:00:00.03 | Mem:1.63M, Peak:1.63M | Scene, ViewLayer | Updating Lights
Fra:1 Mem:22.93M (Peak 27.25M) | Time:00:00.03 | Mem:1.63M, Peak:1.63M | Scene, ViewLayer | Updating Lights | Computing tree
Fra:1 Mem:22.93M (Peak 27.25M) | Time:00:00.03 | Mem:1.63M, Peak:1.63M | Scene, ViewLayer | Updating Integrator
Fra:1 Mem:22.93M (Peak 27.25M) | Time:00:00.03 | Mem:1.63M, Peak:1.63M | Scene, ViewLayer | Updating Film
Fra:1 Mem:22.93M (Peak 27.25M) | Time:00:00.03 | Mem:1.55M, Peak:1.63M | Scene, ViewLayer | Updating Lookup Tables
Fra:1 Mem:22.93M (Peak 27.25M) | Time:00:00.03 | Mem:1.63M, Peak:1.63M | Scene, ViewLayer | Updating Baking
Fra:1 Mem:22.93M (Peak 27.25M) | Time:00:00.03 | Mem:1.63M, Peak:1.63M | Scene, ViewLayer | Updating Device | Writing constant memory
Fra:1 Mem:22.93M (Peak 27.25M) | Time:00:00.03 | Mem:1.63M, Peak:1.63M | Scene, ViewLayer | Sample 0/32
Fra:1 Mem:36.12M (Peak 36.12M) | Time:00:00.39 | Remaining:00:10.98 | Mem:14.82M, Peak:14.82M | Scene, ViewLayer | Sample 1/32
Fra:1 Mem:41.98M (Peak 53.70M) | Time:00:12.10 | Mem:14.82M, Peak:14.82M | Scene, ViewLayer | Sample 32/32
Fra:1 Mem:41.98M (Peak 53.70M) | Time:00:12.10 | Mem:14.82M, Peak:14.82M | Scene, ViewLayer | Finished
Saved: '/workspace/scratch/7c20b5ba4165/atlas-stage2-recovery/tools/assets/canada-line-stage2/qa/previews/two-car-consist.png'
Time: 00:12.62 (Saving: 00:00.50)

Extensions: writing cache failed ([Errno 30] Read-only file system: '/home/agent/.config/blender').
08:16:13 | INFO: Data are loaded, start creating Blender stuff
08:16:13 | INFO: Blender create Mesh node Cube.030
08:16:13 | INFO: Blender create Mesh node Cube
08:16:13 | INFO: Blender create Mesh node Cube.142
08:16:13 | INFO: Blender create Mesh node Cube.141
08:16:13 | INFO: Blender create Mesh node Cube.143
08:16:13 | INFO: Blender create Mesh node Cube.144
08:16:13 | INFO: Blender create Mesh node Cube.140
08:16:13 | INFO: Blender create Mesh node Cube.075
08:16:13 | INFO: Blender create Mesh node Cube.080
08:16:13 | INFO: Blender create Mesh node Cube.085
08:16:13 | INFO: Blender create Mesh node Cube.090
08:16:13 | INFO: Blender create Mesh node Cube.095
08:16:13 | INFO: Blender create Mesh node Cube.100
08:16:13 | INFO: Blender create Mesh node Cube.105
08:16:13 | INFO: Blender create Mesh node Cube.110
08:16:13 | INFO: Blender create Mesh node Cube.115
08:16:13 | INFO: Blender create Mesh node Cube.120
08:16:13 | INFO: Blender create Mesh node Cube.125
08:16:13 | INFO: Blender create Mesh node Cube.130
08:16:13 | INFO: Blender create Mesh node Cube.138
08:16:13 | INFO: Blender create Mesh node Cube.139
08:16:13 | INFO: Blender create Mesh node Cube.069
08:16:13 | INFO: Blender create Mesh node Cube.002
08:16:13 | INFO: Blender create Mesh node Cylinder.007
08:16:13 | INFO: Blender create Mesh node Cylinder.006
08:16:13 | INFO: Blender create Mesh node Cylinder.005
08:16:13 | INFO: Blender create Mesh node Cylinder.004
08:16:13 | INFO: Blender create Mesh node Cylinder.003
08:16:13 | INFO: Blender create Mesh node Cylinder.002
08:16:13 | INFO: Blender create Mesh node Cylinder.001
08:16:13 | INFO: Blender create Mesh node Cylinder
08:16:13 | INFO: glTF import finished in 0.08s
Fra:1 Mem:15.68M (Peak 15.68M) | Time:00:00.02 | Mem:0.00M, Peak:0.00M | Scene, ViewLayer | Synchronizing object | blue-fascia
Fra:1 Mem:15.71M (Peak 15.71M) | Time:00:00.02 | Mem:0.00M, Peak:0.00M | Scene, ViewLayer | Synchronizing object | QA-ground
Fra:1 Mem:15.70M (Peak 15.71M) | Time:00:00.02 | Mem:0.00M, Peak:0.00M | Scene, ViewLayer | Synchronizing object | wheel-rear-rear-right
Fra:1 Mem:15.73M (Peak 15.73M) | Time:00:00.02 | Mem:0.00M, Peak:0.00M | Scene, ViewLayer | Synchronizing object | wheel-rear-rear-left
Fra:1 Mem:16.00M (Peak 16.00M) | Time:00:00.02 | Mem:0.00M, Peak:0.00M | Scene, ViewLayer | Synchronizing object | wheel-rear-front-right
Fra:1 Mem:15.87M (Peak 16.00M) | Time:00:00.02 | Mem:0.00M, Peak:0.00M | Scene, ViewLayer | Synchronizing object | wheel-rear-front-left
Fra:1 Mem:15.95M (Peak 16.00M) | Time:00:00.02 | Mem:0.00M, Peak:0.00M | Scene, ViewLayer | Synchronizing object | wheel-front-rear-right
Fra:1 Mem:15.87M (Peak 16.00M) | Time:00:00.02 | Mem:0.00M, Peak:0.00M | Scene, ViewLayer | Synchronizing object | bogie-front-frame
Fra:1 Mem:15.89M (Peak 16.00M) | Time:00:00.02 | Mem:0.00M, Peak:0.00M | Scene, ViewLayer | Synchronizing object | bogie-rear-frame
Fra:1 Mem:15.90M (Peak 16.00M) | Time:00:00.02 | Mem:0.00M, Peak:0.00M | Scene, ViewLayer | Synchronizing object | coupler-mesh
Fra:1 Mem:15.89M (Peak 16.00M) | Time:00:00.02 | Mem:0.00M, Peak:0.00M | Scene, ViewLayer | Synchronizing object | coupler-mesh.001
Fra:1 Mem:15.89M (Peak 16.00M) | Time:00:00.02 | Mem:0.00M, Peak:0.00M | Scene, ViewLayer | Synchronizing object | destination-panel
Fra:1 Mem:15.90M (Peak 16.00M) | Time:00:00.02 | Mem:0.00M, Peak:0.00M | Scene, ViewLayer | Synchronizing object | wheel-front-rear-left
Fra:1 Mem:15.89M (Peak 16.00M) | Time:00:00.02 | Mem:0.00M, Peak:0.00M | Scene, ViewLayer | Synchronizing object | door-left-1-a
Fra:1 Mem:15.91M (Peak 16.00M) | Time:00:00.02 | Mem:0.00M, Peak:0.00M | Scene, ViewLayer | Synchronizing object | door-left-1-b
Fra:1 Mem:15.91M (Peak 16.00M) | Time:00:00.02 | Mem:0.00M, Peak:0.00M | Scene, ViewLayer | Synchronizing object | wheel-front-front-right
Fra:1 Mem:15.94M (Peak 16.00M) | Time:00:00.02 | Mem:0.00M, Peak:0.00M | Scene, ViewLayer | Synchronizing object | door-left-2-a
Fra:1 Mem:15.95M (Peak 16.00M) | Time:00:00.02 | Mem:0.00M, Peak:0.00M | Scene, ViewLayer | Synchronizing object | wheel-front-front-left
Fra:1 Mem:15.97M (Peak 16.00M) | Time:00:00.02 | Mem:0.00M, Peak:0.00M | Scene, ViewLayer | Synchronizing object | door-left-2-b
Fra:1 Mem:15.96M (Peak 16.00M) | Time:00:00.02 | Mem:0.00M, Peak:0.00M | Scene, ViewLayer | Synchronizing object | glass
Fra:1 Mem:15.96M (Peak 16.00M) | Time:00:00.02 | Mem:0.00M, Peak:0.00M | Scene, ViewLayer | Synchronizing object | door-left-3-a
Fra:1 Mem:15.98M (Peak 16.00M) | Time:00:00.02 | Mem:0.00M, Peak:0.00M | Scene, ViewLayer | Synchronizing object | door-left-3-b
Fra:1 Mem:16.06M (Peak 16.06M) | Time:00:00.02 | Mem:0.00M, Peak:0.00M | Scene, ViewLayer | Synchronizing object | door-right-1-a
Fra:1 Mem:16.03M (Peak 16.06M) | Time:00:00.02 | Mem:0.00M, Peak:0.00M | Scene, ViewLayer | Synchronizing object | door-right-1-b
Fra:1 Mem:16.07M (Peak 16.07M) | Time:00:00.02 | Mem:0.00M, Peak:0.00M | Scene, ViewLayer | Synchronizing object | door-right-2-a
Fra:1 Mem:16.05M (Peak 16.07M) | Time:00:00.02 | Mem:0.00M, Peak:0.00M | Scene, ViewLayer | Synchronizing object | gangway-rubber
Fra:1 Mem:16.07M (Peak 16.07M) | Time:00:00.02 | Mem:0.00M, Peak:0.00M | Scene, ViewLayer | Synchronizing object | door-right-2-b
Fra:1 Mem:16.08M (Peak 16.08M) | Time:00:00.02 | Mem:0.00M, Peak:0.00M | Scene, ViewLayer | Synchronizing object | front-lamp-1
Fra:1 Mem:16.07M (Peak 16.08M) | Time:00:00.02 | Mem:0.00M, Peak:0.00M | Scene, ViewLayer | Synchronizing object | door-right-3-a
Fra:1 Mem:16.09M (Peak 16.09M) | Time:00:00.02 | Mem:0.00M, Peak:0.00M | Scene, ViewLayer | Synchronizing object | front-lamp--1
Fra:1 Mem:16.10M (Peak 16.10M) | Time:00:00.02 | Mem:0.00M, Peak:0.00M | Scene, ViewLayer | Synchronizing object | door-right-3-b
Fra:1 Mem:16.09M (Peak 16.10M) | Time:00:00.02 | Mem:0.00M, Peak:0.00M | Scene, ViewLayer | Initializing
Fra:1 Mem:14.55M (Peak 16.10M) | Time:00:00.03 | Mem:0.00M, Peak:0.00M | Scene, ViewLayer | Waiting for render to start
Fra:1 Mem:14.55M (Peak 16.10M) | Time:00:00.03 | Mem:0.00M, Peak:0.00M | Scene, ViewLayer | Loading render kernels (may take a few minutes the first time)
Fra:1 Mem:14.55M (Peak 16.10M) | Time:00:00.03 | Mem:0.00M, Peak:0.00M | Scene, ViewLayer | Updating Scene
Fra:1 Mem:14.55M (Peak 16.10M) | Time:00:00.03 | Mem:0.00M, Peak:0.00M | Scene, ViewLayer | Updating Shaders
Fra:1 Mem:14.64M (Peak 16.10M) | Time:00:00.03 | Mem:0.01M, Peak:0.01M | Scene, ViewLayer | Updating Procedurals
Fra:1 Mem:14.64M (Peak 16.10M) | Time:00:00.03 | Mem:0.01M, Peak:0.01M | Scene, ViewLayer | Updating Background
Fra:1 Mem:14.64M (Peak 16.10M) | Time:00:00.03 | Mem:0.01M, Peak:0.01M | Scene, ViewLayer | Updating Camera
Fra:1 Mem:14.64M (Peak 16.10M) | Time:00:00.03 | Mem:0.01M, Peak:0.01M | Scene, ViewLayer | Updating Meshes Flags
Fra:1 Mem:14.64M (Peak 16.10M) | Time:00:00.03 | Mem:0.01M, Peak:0.01M | Scene, ViewLayer | Updating Objects
Fra:1 Mem:14.64M (Peak 16.10M) | Time:00:00.03 | Mem:0.01M, Peak:0.01M | Scene, ViewLayer | Updating Objects | Copying Transformations to device
Fra:1 Mem:14.65M (Peak 16.10M) | Time:00:00.03 | Mem:0.01M, Peak:0.01M | Scene, ViewLayer | Updating Objects | Applying Static Transformations
Fra:1 Mem:14.65M (Peak 16.10M) | Time:00:00.03 | Mem:0.01M, Peak:0.01M | Scene, ViewLayer | Updating Particle Systems
Fra:1 Mem:14.65M (Peak 16.10M) | Time:00:00.03 | Mem:0.01M, Peak:0.01M | Scene, ViewLayer | Updating Particle Systems | Copying Particles to device
Fra:1 Mem:14.65M (Peak 16.10M) | Time:00:00.03 | Mem:0.01M, Peak:0.01M | Scene, ViewLayer | Updating Meshes
Fra:1 Mem:14.68M (Peak 16.10M) | Time:00:00.03 | Mem:0.01M, Peak:0.01M | Scene, ViewLayer | Updating Mesh | Computing attributes
Fra:1 Mem:14.77M (Peak 16.10M) | Time:00:00.03 | Mem:0.01M, Peak:0.01M | Scene, ViewLayer | Updating Mesh | Copying Attributes to device
Fra:1 Mem:14.76M (Peak 16.10M) | Time:00:00.03 | Mem:0.09M, Peak:0.09M | Scene, ViewLayer | Updating Scene BVH | Building
Fra:1 Mem:14.76M (Peak 16.10M) | Time:00:00.03 | Mem:0.09M, Peak:0.09M | Scene, ViewLayer | Updating Scene BVH | Building BVH
Fra:1 Mem:14.76M (Peak 16.10M) | Time:00:00.03 | Mem:0.16M, Peak:0.16M | Scene, ViewLayer | Updating Scene BVH | Building BVH 0%
Fra:1 Mem:14.76M (Peak 16.10M) | Time:00:00.03 | Mem:0.23M, Peak:0.30M | Scene, ViewLayer | Updating Scene BVH | Copying BVH to device
Fra:1 Mem:14.76M (Peak 16.10M) | Time:00:00.03 | Mem:0.23M, Peak:0.30M | Scene, ViewLayer | Updating Mesh | Computing normals
Fra:1 Mem:15.01M (Peak 16.10M) | Time:00:00.03 | Mem:0.23M, Peak:0.30M | Scene, ViewLayer | Updating Mesh | Copying Mesh to device
Fra:1 Mem:15.01M (Peak 16.10M) | Time:00:00.03 | Mem:0.48M, Peak:0.48M | Scene, ViewLayer | Updating Objects Flags
Fra:1 Mem:15.01M (Peak 16.10M) | Time:00:00.03 | Mem:0.48M, Peak:0.48M | Scene, ViewLayer | Updating Primitive Offsets
Fra:1 Mem:15.01M (Peak 16.10M) | Time:00:00.03 | Mem:0.48M, Peak:0.48M | Scene, ViewLayer | Updating Images
Fra:1 Mem:15.01M (Peak 16.10M) | Time:00:00.03 | Mem:0.48M, Peak:0.48M | Scene, ViewLayer | Updating Camera Volume
Fra:1 Mem:15.01M (Peak 16.10M) | Time:00:00.03 | Mem:0.48M, Peak:0.48M | Scene, ViewLayer | Updating Lookup Tables
Fra:1 Mem:15.01M (Peak 16.10M) | Time:00:00.03 | Mem:0.56M, Peak:0.56M | Scene, ViewLayer | Updating Lights
Fra:1 Mem:15.01M (Peak 16.10M) | Time:00:00.03 | Mem:0.56M, Peak:0.56M | Scene, ViewLayer | Updating Lights | Computing tree
Fra:1 Mem:15.01M (Peak 16.10M) | Time:00:00.03 | Mem:0.56M, Peak:0.56M | Scene, ViewLayer | Updating Integrator
Fra:1 Mem:15.01M (Peak 16.10M) | Time:00:00.03 | Mem:0.56M, Peak:0.56M | Scene, ViewLayer | Updating Film
Fra:1 Mem:15.01M (Peak 16.10M) | Time:00:00.03 | Mem:0.48M, Peak:0.56M | Scene, ViewLayer | Updating Lookup Tables
Fra:1 Mem:15.01M (Peak 16.10M) | Time:00:00.03 | Mem:0.56M, Peak:0.56M | Scene, ViewLayer | Updating Baking
Fra:1 Mem:15.01M (Peak 16.10M) | Time:00:00.03 | Mem:0.56M, Peak:0.56M | Scene, ViewLayer | Updating Device | Writing constant memory
Fra:1 Mem:15.01M (Peak 16.10M) | Time:00:00.03 | Mem:0.56M, Peak:0.56M | Scene, ViewLayer | Sample 0/32
Fra:1 Mem:28.20M (Peak 28.20M) | Time:00:00.52 | Remaining:00:14.94 | Mem:13.75M, Peak:13.75M | Scene, ViewLayer | Sample 1/32
Fra:1 Mem:34.06M (Peak 45.78M) | Time:00:15.35 | Mem:13.75M, Peak:13.75M | Scene, ViewLayer | Sample 32/32
Fra:1 Mem:34.06M (Peak 45.78M) | Time:00:15.35 | Mem:13.75M, Peak:13.75M | Scene, ViewLayer | Finished
Saved: '/workspace/scratch/7c20b5ba4165/atlas-stage2-recovery/tools/assets/canada-line-stage2/qa/previews/exterior-lod0.png'
Time: 00:15.46 (Saving: 00:00.10)

Extensions: writing cache failed ([Errno 30] Read-only file system: '/home/agent/.config/blender').
08:16:28 | INFO: Data are loaded, start creating Blender stuff
08:16:28 | INFO: Blender create Mesh node Cube.030
08:16:28 | INFO: Blender create Mesh node Cube
08:16:28 | INFO: Blender create Mesh node Cube.142
08:16:28 | INFO: Blender create Mesh node Cube.141
08:16:28 | INFO: Blender create Mesh node Cube.143
08:16:28 | INFO: Blender create Mesh node Cube.144
08:16:28 | INFO: Blender create Mesh node Cube.140
08:16:28 | INFO: Blender create Mesh node Cube.075
08:16:28 | INFO: Blender create Mesh node Cube.080
08:16:28 | INFO: Blender create Mesh node Cube.085
08:16:28 | INFO: Blender create Mesh node Cube.090
08:16:28 | INFO: Blender create Mesh node Cube.095
08:16:28 | INFO: Blender create Mesh node Cube.100
08:16:28 | INFO: Blender create Mesh node Cube.105
08:16:28 | INFO: Blender create Mesh node Cube.110
08:16:28 | INFO: Blender create Mesh node Cube.115
08:16:28 | INFO: Blender create Mesh node Cube.120
08:16:28 | INFO: Blender create Mesh node Cube.125
08:16:28 | INFO: Blender create Mesh node Cube.130
08:16:28 | INFO: Blender create Mesh node Cube.138
08:16:28 | INFO: Blender create Mesh node Cube.139
08:16:28 | INFO: Blender create Mesh node Cube.069
08:16:28 | INFO: Blender create Mesh node Cube.002
08:16:28 | INFO: Blender create Mesh node Cylinder.007
08:16:28 | INFO: Blender create Mesh node Cylinder.006
08:16:28 | INFO: Blender create Mesh node Cylinder.005
08:16:28 | INFO: Blender create Mesh node Cylinder.004
08:16:28 | INFO: Blender create Mesh node Cylinder.003
08:16:28 | INFO: Blender create Mesh node Cylinder.002
08:16:28 | INFO: Blender create Mesh node Cylinder.001
08:16:28 | INFO: Blender create Mesh node Cylinder
08:16:28 | INFO: glTF import finished in 0.06s
Fra:1 Mem:15.64M (Peak 15.64M) | Time:00:00.00 | Mem:0.00M, Peak:0.00M | Scene, ViewLayer | Synchronizing object | blue-fascia
Fra:1 Mem:15.66M (Peak 15.66M) | Time:00:00.00 | Mem:0.00M, Peak:0.00M | Scene, ViewLayer | Synchronizing object | body-shell
Fra:1 Mem:15.70M (Peak 15.70M) | Time:00:00.00 | Mem:0.00M, Peak:0.00M | Scene, ViewLayer | Synchronizing object | QA-ground
Fra:1 Mem:15.94M (Peak 15.94M) | Time:00:00.00 | Mem:0.00M, Peak:0.00M | Scene, ViewLayer | Synchronizing object | wheel-rear-rear-right
Fra:1 Mem:15.80M (Peak 15.94M) | Time:00:00.00 | Mem:0.00M, Peak:0.00M | Scene, ViewLayer | Synchronizing object | wheel-rear-rear-left
Fra:1 Mem:15.94M (Peak 15.94M) | Time:00:00.00 | Mem:0.00M, Peak:0.00M | Scene, ViewLayer | Synchronizing object | wheel-rear-front-right
Fra:1 Mem:15.95M (Peak 15.95M) | Time:00:00.00 | Mem:0.00M, Peak:0.00M | Scene, ViewLayer | Synchronizing object | wheel-rear-front-left
Fra:1 Mem:15.83M (Peak 15.95M) | Time:00:00.00 | Mem:0.00M, Peak:0.00M | Scene, ViewLayer | Synchronizing object | wheel-front-rear-right
Fra:1 Mem:15.81M (Peak 15.95M) | Time:00:00.00 | Mem:0.00M, Peak:0.00M | Scene, ViewLayer | Synchronizing object | bogie-front-frame
Fra:1 Mem:15.82M (Peak 15.95M) | Time:00:00.00 | Mem:0.00M, Peak:0.00M | Scene, ViewLayer | Synchronizing object | bogie-rear-frame
Fra:1 Mem:15.82M (Peak 15.95M) | Time:00:00.00 | Mem:0.00M, Peak:0.00M | Scene, ViewLayer | Synchronizing object | wheel-front-rear-left
Fra:1 Mem:15.82M (Peak 15.95M) | Time:00:00.00 | Mem:0.00M, Peak:0.00M | Scene, ViewLayer | Synchronizing object | coupler-mesh
Fra:1 Mem:15.82M (Peak 15.95M) | Time:00:00.00 | Mem:0.00M, Peak:0.00M | Scene, ViewLayer | Synchronizing object | coupler-mesh.001
Fra:1 Mem:15.82M (Peak 15.95M) | Time:00:00.00 | Mem:0.00M, Peak:0.00M | Scene, ViewLayer | Synchronizing object | destination-panel
Fra:1 Mem:15.83M (Peak 15.95M) | Time:00:00.00 | Mem:0.00M, Peak:0.00M | Scene, ViewLayer | Synchronizing object | wheel-front-front-right
Fra:1 Mem:15.84M (Peak 15.95M) | Time:00:00.00 | Mem:0.00M, Peak:0.00M | Scene, ViewLayer | Synchronizing object | door-left-1-a
Fra:1 Mem:15.85M (Peak 15.95M) | Time:00:00.00 | Mem:0.00M, Peak:0.00M | Scene, ViewLayer | Synchronizing object | wheel-front-front-left
Fra:1 Mem:15.85M (Peak 15.95M) | Time:00:00.00 | Mem:0.00M, Peak:0.00M | Scene, ViewLayer | Synchronizing object | door-left-1-b
Fra:1 Mem:15.86M (Peak 15.95M) | Time:00:00.00 | Mem:0.00M, Peak:0.00M | Scene, ViewLayer | Synchronizing object | glass
Fra:1 Mem:15.87M (Peak 15.95M) | Time:00:00.00 | Mem:0.00M, Peak:0.00M | Scene, ViewLayer | Synchronizing object | door-left-2-a
Fra:1 Mem:15.90M (Peak 15.95M) | Time:00:00.00 | Mem:0.00M, Peak:0.00M | Scene, ViewLayer | Synchronizing object | door-left-2-b
Fra:1 Mem:15.92M (Peak 15.95M) | Time:00:00.00 | Mem:0.00M, Peak:0.00M | Scene, ViewLayer | Synchronizing object | gangway-rubber
Fra:1 Mem:15.91M (Peak 15.95M) | Time:00:00.00 | Mem:0.00M, Peak:0.00M | Scene, ViewLayer | Synchronizing object | door-left-3-a
Fra:1 Mem:15.93M (Peak 15.95M) | Time:00:00.00 | Mem:0.00M, Peak:0.00M | Scene, ViewLayer | Synchronizing object | door-left-3-b
Fra:1 Mem:15.93M (Peak 15.95M) | Time:00:00.00 | Mem:0.00M, Peak:0.00M | Scene, ViewLayer | Synchronizing object | front-lamp-1
Fra:1 Mem:15.95M (Peak 15.95M) | Time:00:00.00 | Mem:0.00M, Peak:0.00M | Scene, ViewLayer | Synchronizing object | front-lamp--1
Fra:1 Mem:15.94M (Peak 15.95M) | Time:00:00.00 | Mem:0.00M, Peak:0.00M | Scene, ViewLayer | Synchronizing object | door-right-1-a
Fra:1 Mem:15.95M (Peak 15.95M) | Time:00:00.00 | Mem:0.00M, Peak:0.00M | Scene, ViewLayer | Synchronizing object | door-right-3-b
Fra:1 Mem:15.98M (Peak 15.98M) | Time:00:00.00 | Mem:0.00M, Peak:0.00M | Scene, ViewLayer | Synchronizing object | door-right-1-b
Fra:1 Mem:15.99M (Peak 15.99M) | Time:00:00.00 | Mem:0.00M, Peak:0.00M | Scene, ViewLayer | Synchronizing object | door-right-2-a
Fra:1 Mem:16.00M (Peak 16.00M) | Time:00:00.00 | Mem:0.00M, Peak:0.00M | Scene, ViewLayer | Synchronizing object | door-right-3-a
Fra:1 Mem:16.01M (Peak 16.01M) | Time:00:00.00 | Mem:0.00M, Peak:0.00M | Scene, ViewLayer | Synchronizing object | door-right-2-b
Fra:1 Mem:16.00M (Peak 16.01M) | Time:00:00.00 | Mem:0.00M, Peak:0.00M | Scene, ViewLayer | Initializing
Fra:1 Mem:14.47M (Peak 16.01M) | Time:00:00.00 | Mem:0.00M, Peak:0.00M | Scene, ViewLayer | Waiting for render to start
Fra:1 Mem:14.47M (Peak 16.01M) | Time:00:00.00 | Mem:0.00M, Peak:0.00M | Scene, ViewLayer | Loading render kernels (may take a few minutes the first time)
Fra:1 Mem:14.47M (Peak 16.01M) | Time:00:00.00 | Mem:0.00M, Peak:0.00M | Scene, ViewLayer | Updating Scene
Fra:1 Mem:14.47M (Peak 16.01M) | Time:00:00.00 | Mem:0.00M, Peak:0.00M | Scene, ViewLayer | Updating Shaders
Fra:1 Mem:14.55M (Peak 16.01M) | Time:00:00.00 | Mem:0.01M, Peak:0.01M | Scene, ViewLayer | Updating Procedurals
Fra:1 Mem:14.55M (Peak 16.01M) | Time:00:00.00 | Mem:0.01M, Peak:0.01M | Scene, ViewLayer | Updating Background
Fra:1 Mem:14.55M (Peak 16.01M) | Time:00:00.00 | Mem:0.01M, Peak:0.01M | Scene, ViewLayer | Updating Camera
Fra:1 Mem:14.55M (Peak 16.01M) | Time:00:00.00 | Mem:0.01M, Peak:0.01M | Scene, ViewLayer | Updating Meshes Flags
Fra:1 Mem:14.55M (Peak 16.01M) | Time:00:00.00 | Mem:0.01M, Peak:0.01M | Scene, ViewLayer | Updating Objects
Fra:1 Mem:14.55M (Peak 16.01M) | Time:00:00.00 | Mem:0.01M, Peak:0.01M | Scene, ViewLayer | Updating Objects | Copying Transformations to device
Fra:1 Mem:14.56M (Peak 16.01M) | Time:00:00.00 | Mem:0.01M, Peak:0.01M | Scene, ViewLayer | Updating Objects | Applying Static Transformations
Fra:1 Mem:14.56M (Peak 16.01M) | Time:00:00.00 | Mem:0.01M, Peak:0.01M | Scene, ViewLayer | Updating Particle Systems
Fra:1 Mem:14.56M (Peak 16.01M) | Time:00:00.00 | Mem:0.01M, Peak:0.01M | Scene, ViewLayer | Updating Particle Systems | Copying Particles to device
Fra:1 Mem:14.56M (Peak 16.01M) | Time:00:00.00 | Mem:0.01M, Peak:0.01M | Scene, ViewLayer | Updating Meshes
Fra:1 Mem:14.59M (Peak 16.01M) | Time:00:00.00 | Mem:0.01M, Peak:0.01M | Scene, ViewLayer | Updating Mesh | Computing attributes
Fra:1 Mem:14.66M (Peak 16.01M) | Time:00:00.00 | Mem:0.01M, Peak:0.01M | Scene, ViewLayer | Updating Mesh | Copying Attributes to device
Fra:1 Mem:14.66M (Peak 16.01M) | Time:00:00.01 | Mem:0.08M, Peak:0.08M | Scene, ViewLayer | Updating Scene BVH | Building
Fra:1 Mem:14.66M (Peak 16.01M) | Time:00:00.01 | Mem:0.08M, Peak:0.08M | Scene, ViewLayer | Updating Scene BVH | Building BVH
Fra:1 Mem:14.66M (Peak 16.01M) | Time:00:00.01 | Mem:0.14M, Peak:0.14M | Scene, ViewLayer | Updating Scene BVH | Building BVH 0%
Fra:1 Mem:14.66M (Peak 16.01M) | Time:00:00.01 | Mem:0.21M, Peak:0.27M | Scene, ViewLayer | Updating Scene BVH | Copying BVH to device
Fra:1 Mem:14.66M (Peak 16.01M) | Time:00:00.01 | Mem:0.21M, Peak:0.27M | Scene, ViewLayer | Updating Mesh | Computing normals
Fra:1 Mem:14.87M (Peak 16.01M) | Time:00:00.01 | Mem:0.21M, Peak:0.27M | Scene, ViewLayer | Updating Mesh | Copying Mesh to device
Fra:1 Mem:14.87M (Peak 16.01M) | Time:00:00.01 | Mem:0.43M, Peak:0.43M | Scene, ViewLayer | Updating Objects Flags
Fra:1 Mem:14.87M (Peak 16.01M) | Time:00:00.01 | Mem:0.43M, Peak:0.43M | Scene, ViewLayer | Updating Primitive Offsets
Fra:1 Mem:14.87M (Peak 16.01M) | Time:00:00.01 | Mem:0.43M, Peak:0.43M | Scene, ViewLayer | Updating Images
Fra:1 Mem:14.87M (Peak 16.01M) | Time:00:00.01 | Mem:0.43M, Peak:0.43M | Scene, ViewLayer | Updating Camera Volume
Fra:1 Mem:14.87M (Peak 16.01M) | Time:00:00.01 | Mem:0.43M, Peak:0.43M | Scene, ViewLayer | Updating Lookup Tables
Fra:1 Mem:14.87M (Peak 16.01M) | Time:00:00.01 | Mem:0.51M, Peak:0.51M | Scene, ViewLayer | Updating Lights
Fra:1 Mem:14.88M (Peak 16.01M) | Time:00:00.01 | Mem:0.51M, Peak:0.51M | Scene, ViewLayer | Updating Lights | Computing tree
Fra:1 Mem:14.88M (Peak 16.01M) | Time:00:00.01 | Mem:0.51M, Peak:0.51M | Scene, ViewLayer | Updating Integrator
Fra:1 Mem:14.88M (Peak 16.01M) | Time:00:00.01 | Mem:0.51M, Peak:0.51M | Scene, ViewLayer | Updating Film
Fra:1 Mem:14.88M (Peak 16.01M) | Time:00:00.01 | Mem:0.43M, Peak:0.51M | Scene, ViewLayer | Updating Lookup Tables
Fra:1 Mem:14.88M (Peak 16.01M) | Time:00:00.01 | Mem:0.51M, Peak:0.51M | Scene, ViewLayer | Updating Baking
Fra:1 Mem:14.88M (Peak 16.01M) | Time:00:00.01 | Mem:0.51M, Peak:0.51M | Scene, ViewLayer | Updating Device | Writing constant memory
Fra:1 Mem:14.88M (Peak 16.01M) | Time:00:00.01 | Mem:0.51M, Peak:0.51M | Scene, ViewLayer | Sample 0/32
Fra:1 Mem:28.07M (Peak 28.07M) | Time:00:00.38 | Remaining:00:11.49 | Mem:13.70M, Peak:13.70M | Scene, ViewLayer | Sample 1/32
Fra:1 Mem:33.93M (Peak 45.65M) | Time:00:13.49 | Mem:13.70M, Peak:13.70M | Scene, ViewLayer | Sample 32/32
Fra:1 Mem:33.93M (Peak 45.65M) | Time:00:13.49 | Mem:13.70M, Peak:13.70M | Scene, ViewLayer | Finished
Saved: '/workspace/scratch/7c20b5ba4165/atlas-stage2-recovery/tools/assets/canada-line-stage2/qa/previews/exterior-lod1.png'
Time: 00:13.64 (Saving: 00:00.14)

Extensions: writing cache failed ([Errno 30] Read-only file system: '/home/agent/.config/blender').
08:16:42 | INFO: Data are loaded, start creating Blender stuff
08:16:42 | INFO: Blender create Mesh node Cube.003
08:16:42 | INFO: Blender create Mesh node Cube
08:16:42 | INFO: Blender create Mesh node Cube.014
08:16:42 | INFO: Blender create Mesh node Cube.013
08:16:42 | INFO: Blender create Mesh node Cube.015
08:16:42 | INFO: Blender create Mesh node Cube.016
08:16:42 | INFO: Blender create Mesh node Cube.001
08:16:42 | INFO: Blender create Mesh node Cylinder.007
08:16:42 | INFO: Blender create Mesh node Cylinder.006
08:16:42 | INFO: Blender create Mesh node Cylinder.005
08:16:42 | INFO: Blender create Mesh node Cylinder.004
08:16:42 | INFO: Blender create Mesh node Cylinder.003
08:16:42 | INFO: Blender create Mesh node Cylinder.002
08:16:42 | INFO: Blender create Mesh node Cylinder.001
08:16:42 | INFO: Blender create Mesh node Cylinder
08:16:42 | INFO: glTF import finished in 0.03s
Fra:1 Mem:13.89M (Peak 13.89M) | Time:00:00.00 | Mem:0.00M, Peak:0.00M | Scene, ViewLayer | Synchronizing object | QA-ground
Fra:1 Mem:13.89M (Peak 13.89M) | Time:00:00.00 | Mem:0.00M, Peak:0.00M | Scene, ViewLayer | Synchronizing object | wheel-rear-rear-right
Fra:1 Mem:13.90M (Peak 13.90M) | Time:00:00.00 | Mem:0.00M, Peak:0.00M | Scene, ViewLayer | Synchronizing object | wheel-rear-rear-left
Fra:1 Mem:13.90M (Peak 13.90M) | Time:00:00.00 | Mem:0.00M, Peak:0.00M | Scene, ViewLayer | Synchronizing object | wheel-rear-front-right
Fra:1 Mem:13.91M (Peak 13.91M) | Time:00:00.00 | Mem:0.00M, Peak:0.00M | Scene, ViewLayer | Synchronizing object | wheel-rear-front-left
Fra:1 Mem:13.91M (Peak 13.91M) | Time:00:00.00 | Mem:0.00M, Peak:0.00M | Scene, ViewLayer | Synchronizing object | wheel-front-rear-right
Fra:1 Mem:13.91M (Peak 13.91M) | Time:00:00.00 | Mem:0.00M, Peak:0.00M | Scene, ViewLayer | Synchronizing object | wheel-front-rear-left
Fra:1 Mem:13.92M (Peak 13.92M) | Time:00:00.00 | Mem:0.00M, Peak:0.00M | Scene, ViewLayer | Synchronizing object | wheel-front-front-right
Fra:1 Mem:13.92M (Peak 13.92M) | Time:00:00.00 | Mem:0.00M, Peak:0.00M | Scene, ViewLayer | Synchronizing object | wheel-front-front-left
Fra:1 Mem:13.92M (Peak 13.92M) | Time:00:00.00 | Mem:0.00M, Peak:0.00M | Scene, ViewLayer | Synchronizing object | glass
Fra:1 Mem:13.93M (Peak 13.93M) | Time:00:00.00 | Mem:0.00M, Peak:0.00M | Scene, ViewLayer | Synchronizing object | coupler-mesh.001
Fra:1 Mem:13.93M (Peak 13.93M) | Time:00:00.00 | Mem:0.00M, Peak:0.00M | Scene, ViewLayer | Synchronizing object | coupler-mesh
Fra:1 Mem:13.94M (Peak 13.94M) | Time:00:00.00 | Mem:0.00M, Peak:0.00M | Scene, ViewLayer | Synchronizing object | blue-fascia
Fra:1 Mem:13.94M (Peak 13.94M) | Time:00:00.00 | Mem:0.00M, Peak:0.00M | Scene, ViewLayer | Synchronizing object | bogie-rear-frame
Fra:1 Mem:13.94M (Peak 13.94M) | Time:00:00.00 | Mem:0.00M, Peak:0.00M | Scene, ViewLayer | Synchronizing object | bogie-front-frame
Fra:1 Mem:13.95M (Peak 13.95M) | Time:00:00.00 | Mem:0.00M, Peak:0.00M | Scene, ViewLayer | Synchronizing object | body-shell
Fra:1 Mem:13.96M (Peak 13.96M) | Time:00:00.00 | Mem:0.00M, Peak:0.00M | Scene, ViewLayer | Initializing
Fra:1 Mem:13.05M (Peak 13.96M) | Time:00:00.00 | Mem:0.00M, Peak:0.00M | Scene, ViewLayer | Waiting for render to start
Fra:1 Mem:13.05M (Peak 13.96M) | Time:00:00.00 | Mem:0.00M, Peak:0.00M | Scene, ViewLayer | Loading render kernels (may take a few minutes the first time)
Fra:1 Mem:13.05M (Peak 13.96M) | Time:00:00.00 | Mem:0.00M, Peak:0.00M | Scene, ViewLayer | Updating Scene
Fra:1 Mem:13.05M (Peak 13.96M) | Time:00:00.00 | Mem:0.00M, Peak:0.00M | Scene, ViewLayer | Updating Shaders
Fra:1 Mem:13.13M (Peak 13.96M) | Time:00:00.00 | Mem:0.00M, Peak:0.00M | Scene, ViewLayer | Updating Procedurals
Fra:1 Mem:13.13M (Peak 13.96M) | Time:00:00.00 | Mem:0.00M, Peak:0.00M | Scene, ViewLayer | Updating Background
Fra:1 Mem:13.13M (Peak 13.96M) | Time:00:00.00 | Mem:0.00M, Peak:0.00M | Scene, ViewLayer | Updating Camera
Fra:1 Mem:13.13M (Peak 13.96M) | Time:00:00.00 | Mem:0.00M, Peak:0.00M | Scene, ViewLayer | Updating Meshes Flags
Fra:1 Mem:13.13M (Peak 13.96M) | Time:00:00.00 | Mem:0.00M, Peak:0.00M | Scene, ViewLayer | Updating Objects
Fra:1 Mem:13.13M (Peak 13.96M) | Time:00:00.00 | Mem:0.00M, Peak:0.00M | Scene, ViewLayer | Updating Objects | Copying Transformations to device
Fra:1 Mem:13.14M (Peak 13.96M) | Time:00:00.00 | Mem:0.01M, Peak:0.01M | Scene, ViewLayer | Updating Objects | Applying Static Transformations
Fra:1 Mem:13.14M (Peak 13.96M) | Time:00:00.00 | Mem:0.01M, Peak:0.01M | Scene, ViewLayer | Updating Particle Systems
Fra:1 Mem:13.14M (Peak 13.96M) | Time:00:00.00 | Mem:0.01M, Peak:0.01M | Scene, ViewLayer | Updating Particle Systems | Copying Particles to device
Fra:1 Mem:13.14M (Peak 13.96M) | Time:00:00.00 | Mem:0.01M, Peak:0.01M | Scene, ViewLayer | Updating Meshes
Fra:1 Mem:13.14M (Peak 13.96M) | Time:00:00.00 | Mem:0.01M, Peak:0.01M | Scene, ViewLayer | Updating Mesh | Computing attributes
Fra:1 Mem:13.16M (Peak 13.96M) | Time:00:00.00 | Mem:0.01M, Peak:0.01M | Scene, ViewLayer | Updating Mesh | Copying Attributes to device
Fra:1 Mem:13.16M (Peak 13.96M) | Time:00:00.00 | Mem:0.02M, Peak:0.02M | Scene, ViewLayer | Updating Scene BVH | Building
Fra:1 Mem:13.16M (Peak 13.96M) | Time:00:00.00 | Mem:0.02M, Peak:0.02M | Scene, ViewLayer | Updating Scene BVH | Building BVH
Fra:1 Mem:13.16M (Peak 13.96M) | Time:00:00.00 | Mem:0.03M, Peak:0.03M | Scene, ViewLayer | Updating Scene BVH | Building BVH 0%
Fra:1 Mem:13.16M (Peak 13.96M) | Time:00:00.00 | Mem:0.05M, Peak:0.06M | Scene, ViewLayer | Updating Scene BVH | Copying BVH to device
Fra:1 Mem:13.16M (Peak 13.96M) | Time:00:00.00 | Mem:0.05M, Peak:0.06M | Scene, ViewLayer | Updating Mesh | Computing normals
Fra:1 Mem:13.20M (Peak 13.96M) | Time:00:00.00 | Mem:0.05M, Peak:0.06M | Scene, ViewLayer | Updating Mesh | Copying Mesh to device
Fra:1 Mem:13.20M (Peak 13.96M) | Time:00:00.00 | Mem:0.09M, Peak:0.09M | Scene, ViewLayer | Updating Objects Flags
Fra:1 Mem:13.20M (Peak 13.96M) | Time:00:00.00 | Mem:0.09M, Peak:0.09M | Scene, ViewLayer | Updating Primitive Offsets
Fra:1 Mem:13.20M (Peak 13.96M) | Time:00:00.00 | Mem:0.09M, Peak:0.09M | Scene, ViewLayer | Updating Images
Fra:1 Mem:13.20M (Peak 13.96M) | Time:00:00.00 | Mem:0.09M, Peak:0.09M | Scene, ViewLayer | Updating Camera Volume
Fra:1 Mem:13.20M (Peak 13.96M) | Time:00:00.00 | Mem:0.09M, Peak:0.09M | Scene, ViewLayer | Updating Lookup Tables
Fra:1 Mem:13.20M (Peak 13.96M) | Time:00:00.00 | Mem:0.17M, Peak:0.17M | Scene, ViewLayer | Updating Lights
Fra:1 Mem:13.20M (Peak 13.96M) | Time:00:00.00 | Mem:0.17M, Peak:0.17M | Scene, ViewLayer | Updating Lights | Computing tree
Fra:1 Mem:13.20M (Peak 13.96M) | Time:00:00.00 | Mem:0.17M, Peak:0.17M | Scene, ViewLayer | Updating Integrator
Fra:1 Mem:13.20M (Peak 13.96M) | Time:00:00.00 | Mem:0.17M, Peak:0.17M | Scene, ViewLayer | Updating Film
Fra:1 Mem:13.20M (Peak 13.96M) | Time:00:00.00 | Mem:0.09M, Peak:0.17M | Scene, ViewLayer | Updating Lookup Tables
Fra:1 Mem:13.20M (Peak 13.96M) | Time:00:00.00 | Mem:0.17M, Peak:0.17M | Scene, ViewLayer | Updating Baking
Fra:1 Mem:13.20M (Peak 13.96M) | Time:00:00.00 | Mem:0.17M, Peak:0.17M | Scene, ViewLayer | Updating Device | Writing constant memory
Fra:1 Mem:13.20M (Peak 13.96M) | Time:00:00.00 | Mem:0.17M, Peak:0.17M | Scene, ViewLayer | Sample 0/32
Fra:1 Mem:26.39M (Peak 26.39M) | Time:00:00.62 | Remaining:00:19.20 | Mem:13.36M, Peak:13.36M | Scene, ViewLayer | Sample 1/32
Fra:1 Mem:32.25M (Peak 43.97M) | Time:00:28.31 | Mem:13.36M, Peak:13.36M | Scene, ViewLayer | Sample 32/32
Fra:1 Mem:32.25M (Peak 43.97M) | Time:00:28.31 | Mem:13.36M, Peak:13.36M | Scene, ViewLayer | Finished
Saved: '/workspace/scratch/7c20b5ba4165/atlas-stage2-recovery/tools/assets/canada-line-stage2/qa/previews/exterior-lod2.png'
Time: 00:28.60 (Saving: 00:00.28)

Extensions: writing cache failed ([Errno 30] Read-only file system: '/home/agent/.config/blender').
08:17:11 | INFO: Data are loaded, start creating Blender stuff
08:17:11 | INFO: Blender create Mesh node Cube.030
08:17:11 | INFO: Blender create Mesh node Cube
08:17:11 | INFO: Blender create Mesh node Cube.142
08:17:11 | INFO: Blender create Mesh node Cube.141
08:17:11 | INFO: Blender create Mesh node Cube.143
08:17:11 | INFO: Blender create Mesh node Cube.144
08:17:11 | INFO: Blender create Mesh node Cube.140
08:17:11 | INFO: Blender create Mesh node Cube.075
08:17:11 | INFO: Blender create Mesh node Cube.080
08:17:11 | INFO: Blender create Mesh node Cube.085
08:17:11 | INFO: Blender create Mesh node Cube.090
08:17:11 | INFO: Blender create Mesh node Cube.095
08:17:11 | INFO: Blender create Mesh node Cube.100
08:17:11 | INFO: Blender create Mesh node Cube.105
08:17:11 | INFO: Blender create Mesh node Cube.110
08:17:11 | INFO: Blender create Mesh node Cube.115
08:17:11 | INFO: Blender create Mesh node Cube.120
08:17:11 | INFO: Blender create Mesh node Cube.125
08:17:11 | INFO: Blender create Mesh node Cube.130
08:17:11 | INFO: Blender create Mesh node Cube.138
08:17:11 | INFO: Blender create Mesh node Cube.139
08:17:11 | INFO: Blender create Mesh node Cube.069
08:17:11 | INFO: Blender create Mesh node Cube.002
08:17:11 | INFO: Blender create Mesh node Cylinder.007
08:17:11 | INFO: Blender create Mesh node Cylinder.006
08:17:11 | INFO: Blender create Mesh node Cylinder.005
08:17:11 | INFO: Blender create Mesh node Cylinder.004
08:17:11 | INFO: Blender create Mesh node Cylinder.003
08:17:11 | INFO: Blender create Mesh node Cylinder.002
08:17:11 | INFO: Blender create Mesh node Cylinder.001
08:17:11 | INFO: Blender create Mesh node Cylinder
08:17:11 | INFO: glTF import finished in 0.16s
08:17:11 | INFO: Data are loaded, start creating Blender stuff
08:17:11 | INFO: Blender create Mesh node interior-batch-canada-wall
08:17:11 | INFO: Blender create Mesh node interior-batch-canada-floor
08:17:11 | INFO: Blender create Mesh node interior-batch-canada-rail
08:17:11 | INFO: Blender create Mesh node interior-batch-canada-sign
08:17:11 | INFO: Blender create Mesh node interior-batch-canada-seat
08:17:11 | INFO: Blender create Mesh node interior-batch-canada-priority
08:17:11 | INFO: glTF import finished in 0.12s
Fra:1 Mem:19.02M (Peak 19.02M) | Time:00:00.02 | Mem:0.00M, Peak:0.00M | Scene, ViewLayer | Synchronizing object | QA-ground
Fra:1 Mem:19.02M (Peak 19.02M) | Time:00:00.02 | Mem:0.00M, Peak:0.00M | Scene, ViewLayer | Synchronizing object | interior-batch-canada-priority
Fra:1 Mem:19.03M (Peak 19.03M) | Time:00:00.02 | Mem:0.00M, Peak:0.00M | Scene, ViewLayer | Synchronizing object | interior-batch-canada-seat
Fra:1 Mem:19.10M (Peak 19.10M) | Time:00:00.02 | Mem:0.00M, Peak:0.00M | Scene, ViewLayer | Synchronizing object | interior-batch-canada-sign
Fra:1 Mem:19.11M (Peak 19.11M) | Time:00:00.02 | Mem:0.00M, Peak:0.00M | Scene, ViewLayer | Synchronizing object | blue-fascia
Fra:1 Mem:19.12M (Peak 19.12M) | Time:00:00.02 | Mem:0.00M, Peak:0.00M | Scene, ViewLayer | Synchronizing object | body-shell
Fra:1 Mem:19.24M (Peak 19.24M) | Time:00:00.02 | Mem:0.00M, Peak:0.00M | Scene, ViewLayer | Synchronizing object | bogie-front-frame
Fra:1 Mem:19.25M (Peak 19.25M) | Time:00:00.02 | Mem:0.00M, Peak:0.00M | Scene, ViewLayer | Synchronizing object | bogie-rear-frame
Fra:1 Mem:19.25M (Peak 19.25M) | Time:00:00.02 | Mem:0.00M, Peak:0.00M | Scene, ViewLayer | Synchronizing object | coupler-mesh
Fra:1 Mem:19.25M (Peak 19.25M) | Time:00:00.02 | Mem:0.00M, Peak:0.00M | Scene, ViewLayer | Synchronizing object | coupler-mesh.001
Fra:1 Mem:19.25M (Peak 19.25M) | Time:00:00.02 | Mem:0.00M, Peak:0.00M | Scene, ViewLayer | Synchronizing object | destination-panel
Fra:1 Mem:19.26M (Peak 19.26M) | Time:00:00.02 | Mem:0.00M, Peak:0.00M | Scene, ViewLayer | Synchronizing object | door-left-1-a
Fra:1 Mem:19.27M (Peak 19.27M) | Time:00:00.02 | Mem:0.00M, Peak:0.00M | Scene, ViewLayer | Synchronizing object | door-left-1-b
Fra:1 Mem:19.28M (Peak 19.28M) | Time:00:00.02 | Mem:0.00M, Peak:0.00M | Scene, ViewLayer | Synchronizing object | door-left-2-a
Fra:1 Mem:19.29M (Peak 19.29M) | Time:00:00.02 | Mem:0.00M, Peak:0.00M | Scene, ViewLayer | Synchronizing object | door-left-2-b
Fra:1 Mem:19.30M (Peak 19.30M) | Time:00:00.02 | Mem:0.00M, Peak:0.00M | Scene, ViewLayer | Synchronizing object | door-left-3-a
Fra:1 Mem:19.31M (Peak 19.31M) | Time:00:00.02 | Mem:0.00M, Peak:0.00M | Scene, ViewLayer | Synchronizing object | door-left-3-b
Fra:1 Mem:19.32M (Peak 19.32M) | Time:00:00.02 | Mem:0.00M, Peak:0.00M | Scene, ViewLayer | Synchronizing object | door-right-1-a
Fra:1 Mem:19.33M (Peak 19.33M) | Time:00:00.02 | Mem:0.00M, Peak:0.00M | Scene, ViewLayer | Synchronizing object | door-right-1-b
Fra:1 Mem:19.34M (Peak 19.34M) | Time:00:00.02 | Mem:0.00M, Peak:0.00M | Scene, ViewLayer | Synchronizing object | door-right-2-a
Fra:1 Mem:19.35M (Peak 19.35M) | Time:00:00.02 | Mem:0.00M, Peak:0.00M | Scene, ViewLayer | Synchronizing object | door-right-2-b
Fra:1 Mem:19.36M (Peak 19.36M) | Time:00:00.02 | Mem:0.00M, Peak:0.00M | Scene, ViewLayer | Synchronizing object | door-right-3-a
Fra:1 Mem:19.37M (Peak 19.37M) | Time:00:00.02 | Mem:0.00M, Peak:0.00M | Scene, ViewLayer | Synchronizing object | door-right-3-b
Fra:1 Mem:19.39M (Peak 19.39M) | Time:00:00.02 | Mem:0.00M, Peak:0.00M | Scene, ViewLayer | Synchronizing object | front-lamp--1
Fra:1 Mem:19.39M (Peak 19.39M) | Time:00:00.02 | Mem:0.00M, Peak:0.00M | Scene, ViewLayer | Synchronizing object | front-lamp-1
Fra:1 Mem:19.39M (Peak 19.39M) | Time:00:00.02 | Mem:0.00M, Peak:0.00M | Scene, ViewLayer | Synchronizing object | gangway-rubber
Fra:1 Mem:19.40M (Peak 19.40M) | Time:00:00.02 | Mem:0.00M, Peak:0.00M | Scene, ViewLayer | Synchronizing object | glass
Fra:1 Mem:19.42M (Peak 19.42M) | Time:00:00.02 | Mem:0.00M, Peak:0.00M | Scene, ViewLayer | Synchronizing object | wheel-front-front-left
Fra:1 Mem:19.43M (Peak 19.43M) | Time:00:00.02 | Mem:0.00M, Peak:0.00M | Scene, ViewLayer | Synchronizing object | wheel-front-front-right
Fra:1 Mem:19.45M (Peak 19.45M) | Time:00:00.02 | Mem:0.00M, Peak:0.00M | Scene, ViewLayer | Synchronizing object | wheel-front-rear-left
Fra:1 Mem:19.46M (Peak 19.46M) | Time:00:00.02 | Mem:0.00M, Peak:0.00M | Scene, ViewLayer | Synchronizing object | wheel-front-rear-right
Fra:1 Mem:19.47M (Peak 19.47M) | Time:00:00.02 | Mem:0.00M, Peak:0.00M | Scene, ViewLayer | Synchronizing object | wheel-rear-front-left
Fra:1 Mem:19.48M (Peak 19.48M) | Time:00:00.02 | Mem:0.00M, Peak:0.00M | Scene, ViewLayer | Synchronizing object | wheel-rear-front-right
Fra:1 Mem:19.49M (Peak 19.49M) | Time:00:00.02 | Mem:0.00M, Peak:0.00M | Scene, ViewLayer | Synchronizing object | wheel-rear-rear-left
Fra:1 Mem:19.50M (Peak 19.50M) | Time:00:00.02 | Mem:0.00M, Peak:0.00M | Scene, ViewLayer | Synchronizing object | wheel-rear-rear-right
Fra:1 Mem:19.51M (Peak 19.51M) | Time:00:00.02 | Mem:0.00M, Peak:0.00M | Scene, ViewLayer | Synchronizing object | interior-batch-canada-wall
Fra:1 Mem:19.55M (Peak 19.55M) | Time:00:00.02 | Mem:0.00M, Peak:0.00M | Scene, ViewLayer | Synchronizing object | interior-batch-canada-floor
Fra:1 Mem:19.55M (Peak 19.55M) | Time:00:00.02 | Mem:0.00M, Peak:0.00M | Scene, ViewLayer | Synchronizing object | interior-batch-canada-rail
Fra:1 Mem:19.66M (Peak 19.66M) | Time:00:00.04 | Mem:0.00M, Peak:0.00M | Scene, ViewLayer | Initializing
Fra:1 Mem:16.83M (Peak 19.66M) | Time:00:00.04 | Mem:0.00M, Peak:0.00M | Scene, ViewLayer | Waiting for render to start
Fra:1 Mem:16.83M (Peak 19.66M) | Time:00:00.04 | Mem:0.00M, Peak:0.00M | Scene, ViewLayer | Loading render kernels (may take a few minutes the first time)
Fra:1 Mem:16.83M (Peak 19.66M) | Time:00:00.04 | Mem:0.00M, Peak:0.00M | Scene, ViewLayer | Updating Scene
Fra:1 Mem:16.83M (Peak 19.66M) | Time:00:00.04 | Mem:0.00M, Peak:0.00M | Scene, ViewLayer | Updating Shaders
Fra:1 Mem:16.92M (Peak 19.66M) | Time:00:00.04 | Mem:0.01M, Peak:0.01M | Scene, ViewLayer | Updating Procedurals
Fra:1 Mem:16.92M (Peak 19.66M) | Time:00:00.04 | Mem:0.01M, Peak:0.01M | Scene, ViewLayer | Updating Background
Fra:1 Mem:16.92M (Peak 19.66M) | Time:00:00.04 | Mem:0.01M, Peak:0.01M | Scene, ViewLayer | Updating Camera
Fra:1 Mem:16.92M (Peak 19.66M) | Time:00:00.04 | Mem:0.01M, Peak:0.01M | Scene, ViewLayer | Updating Meshes Flags
Fra:1 Mem:16.92M (Peak 19.66M) | Time:00:00.04 | Mem:0.01M, Peak:0.01M | Scene, ViewLayer | Updating Objects
Fra:1 Mem:16.92M (Peak 19.66M) | Time:00:00.04 | Mem:0.01M, Peak:0.01M | Scene, ViewLayer | Updating Objects | Copying Transformations to device
Fra:1 Mem:16.93M (Peak 19.66M) | Time:00:00.04 | Mem:0.02M, Peak:0.02M | Scene, ViewLayer | Updating Objects | Applying Static Transformations
Fra:1 Mem:16.93M (Peak 19.66M) | Time:00:00.04 | Mem:0.02M, Peak:0.02M | Scene, ViewLayer | Updating Particle Systems
Fra:1 Mem:16.93M (Peak 19.66M) | Time:00:00.04 | Mem:0.02M, Peak:0.02M | Scene, ViewLayer | Updating Particle Systems | Copying Particles to device
Fra:1 Mem:16.93M (Peak 19.66M) | Time:00:00.04 | Mem:0.02M, Peak:0.02M | Scene, ViewLayer | Updating Meshes
Fra:1 Mem:16.99M (Peak 19.66M) | Time:00:00.04 | Mem:0.02M, Peak:0.02M | Scene, ViewLayer | Updating Mesh | Computing attributes
Fra:1 Mem:17.12M (Peak 19.66M) | Time:00:00.04 | Mem:0.02M, Peak:0.02M | Scene, ViewLayer | Updating Mesh | Copying Attributes to device
Fra:1 Mem:17.11M (Peak 19.66M) | Time:00:00.04 | Mem:0.14M, Peak:0.14M | Scene, ViewLayer | Updating Scene BVH | Building
Fra:1 Mem:17.11M (Peak 19.66M) | Time:00:00.04 | Mem:0.14M, Peak:0.14M | Scene, ViewLayer | Updating Scene BVH | Building BVH
Fra:1 Mem:17.11M (Peak 19.66M) | Time:00:00.04 | Mem:0.25M, Peak:0.25M | Scene, ViewLayer | Updating Scene BVH | Building BVH 0%
Fra:1 Mem:17.11M (Peak 19.66M) | Time:00:00.04 | Mem:0.37M, Peak:0.48M | Scene, ViewLayer | Updating Scene BVH | Copying BVH to device
Fra:1 Mem:17.11M (Peak 19.66M) | Time:00:00.04 | Mem:0.37M, Peak:0.48M | Scene, ViewLayer | Updating Mesh | Computing normals
Fra:1 Mem:17.50M (Peak 19.66M) | Time:00:00.04 | Mem:0.37M, Peak:0.48M | Scene, ViewLayer | Updating Mesh | Copying Mesh to device
Fra:1 Mem:17.50M (Peak 19.66M) | Time:00:00.04 | Mem:0.76M, Peak:0.76M | Scene, ViewLayer | Updating Objects Flags
Fra:1 Mem:17.50M (Peak 19.66M) | Time:00:00.04 | Mem:0.76M, Peak:0.76M | Scene, ViewLayer | Updating Primitive Offsets
Fra:1 Mem:17.50M (Peak 19.66M) | Time:00:00.04 | Mem:0.76M, Peak:0.76M | Scene, ViewLayer | Updating Images
Fra:1 Mem:17.50M (Peak 19.66M) | Time:00:00.04 | Mem:0.76M, Peak:0.76M | Scene, ViewLayer | Updating Camera Volume
Fra:1 Mem:17.50M (Peak 19.66M) | Time:00:00.04 | Mem:0.76M, Peak:0.76M | Scene, ViewLayer | Updating Lookup Tables
Fra:1 Mem:17.50M (Peak 19.66M) | Time:00:00.04 | Mem:0.85M, Peak:0.85M | Scene, ViewLayer | Updating Lights
Fra:1 Mem:17.51M (Peak 19.66M) | Time:00:00.04 | Mem:0.85M, Peak:0.85M | Scene, ViewLayer | Updating Lights | Computing tree
Fra:1 Mem:17.51M (Peak 19.66M) | Time:00:00.04 | Mem:0.85M, Peak:0.85M | Scene, ViewLayer | Updating Integrator
Fra:1 Mem:17.51M (Peak 19.66M) | Time:00:00.04 | Mem:0.85M, Peak:0.85M | Scene, ViewLayer | Updating Film
Fra:1 Mem:17.51M (Peak 19.66M) | Time:00:00.04 | Mem:0.77M, Peak:0.85M | Scene, ViewLayer | Updating Lookup Tables
Fra:1 Mem:17.51M (Peak 19.66M) | Time:00:00.04 | Mem:0.85M, Peak:0.85M | Scene, ViewLayer | Updating Baking
Fra:1 Mem:17.51M (Peak 19.66M) | Time:00:00.04 | Mem:0.85M, Peak:0.85M | Scene, ViewLayer | Updating Device | Writing constant memory
Fra:1 Mem:17.51M (Peak 19.66M) | Time:00:00.04 | Mem:0.85M, Peak:0.85M | Scene, ViewLayer | Sample 0/32
Fra:1 Mem:30.70M (Peak 30.70M) | Time:00:01.29 | Remaining:00:38.70 | Mem:14.03M, Peak:14.03M | Scene, ViewLayer | Sample 1/32
Fra:1 Mem:36.56M (Peak 48.28M) | Time:00:41.71 | Mem:14.03M, Peak:14.03M | Scene, ViewLayer | Sample 32/32
Fra:1 Mem:36.56M (Peak 48.28M) | Time:00:41.71 | Mem:14.03M, Peak:14.03M | Scene, ViewLayer | Finished
Saved: '/workspace/scratch/7c20b5ba4165/atlas-stage2-recovery/tools/assets/canada-line-stage2/qa/previews/observation-front.png'
Time: 00:41.86 (Saving: 00:00.14)

Extensions: writing cache failed ([Errno 30] Read-only file system: '/home/agent/.config/blender').
08:17:53 | INFO: Data are loaded, start creating Blender stuff
08:17:53 | INFO: Blender create Mesh node Cube.030
08:17:53 | INFO: Blender create Mesh node Cube
08:17:53 | INFO: Blender create Mesh node Cube.142
08:17:53 | INFO: Blender create Mesh node Cube.141
08:17:53 | INFO: Blender create Mesh node Cube.143
08:17:53 | INFO: Blender create Mesh node Cube.144
08:17:53 | INFO: Blender create Mesh node Cube.140
08:17:53 | INFO: Blender create Mesh node Cube.075
08:17:53 | INFO: Blender create Mesh node Cube.080
08:17:53 | INFO: Blender create Mesh node Cube.085
08:17:53 | INFO: Blender create Mesh node Cube.090
08:17:53 | INFO: Blender create Mesh node Cube.095
08:17:53 | INFO: Blender create Mesh node Cube.100
08:17:53 | INFO: Blender create Mesh node Cube.105
08:17:53 | INFO: Blender create Mesh node Cube.110
08:17:53 | INFO: Blender create Mesh node Cube.115
08:17:53 | INFO: Blender create Mesh node Cube.120
08:17:53 | INFO: Blender create Mesh node Cube.125
08:17:53 | INFO: Blender create Mesh node Cube.130
08:17:53 | INFO: Blender create Mesh node Cube.138
08:17:53 | INFO: Blender create Mesh node Cube.139
08:17:53 | INFO: Blender create Mesh node Cube.069
08:17:53 | INFO: Blender create Mesh node Cube.002
08:17:53 | INFO: Blender create Mesh node Cylinder.007
08:17:53 | INFO: Blender create Mesh node Cylinder.006
08:17:53 | INFO: Blender create Mesh node Cylinder.005
08:17:53 | INFO: Blender create Mesh node Cylinder.004
08:17:53 | INFO: Blender create Mesh node Cylinder.003
08:17:53 | INFO: Blender create Mesh node Cylinder.002
08:17:53 | INFO: Blender create Mesh node Cylinder.001
08:17:53 | INFO: Blender create Mesh node Cylinder
08:17:53 | INFO: glTF import finished in 0.06s
08:17:53 | INFO: Data are loaded, start creating Blender stuff
08:17:53 | INFO: Blender create Mesh node interior-batch-canada-wall
08:17:53 | INFO: Blender create Mesh node interior-batch-canada-floor
08:17:53 | INFO: Blender create Mesh node interior-batch-canada-rail
08:17:53 | INFO: Blender create Mesh node interior-batch-canada-sign
08:17:53 | INFO: Blender create Mesh node interior-batch-canada-seat
08:17:53 | INFO: Blender create Mesh node interior-batch-canada-priority
08:17:53 | INFO: glTF import finished in 0.03s
Fra:1 Mem:19.01M (Peak 19.01M) | Time:00:00.01 | Mem:0.00M, Peak:0.00M | Scene, ViewLayer | Synchronizing object | blue-fascia
Fra:1 Mem:19.03M (Peak 19.03M) | Time:00:00.01 | Mem:0.00M, Peak:0.00M | Scene, ViewLayer | Synchronizing object | body-shell
Fra:1 Mem:19.05M (Peak 19.05M) | Time:00:00.01 | Mem:0.00M, Peak:0.00M | Scene, ViewLayer | Synchronizing object | QA-ground
Fra:1 Mem:19.31M (Peak 19.31M) | Time:00:00.01 | Mem:0.00M, Peak:0.00M | Scene, ViewLayer | Synchronizing object | interior-batch-canada-priority
Fra:1 Mem:19.13M (Peak 19.31M) | Time:00:00.01 | Mem:0.00M, Peak:0.00M | Scene, ViewLayer | Synchronizing object | interior-batch-canada-seat
Fra:1 Mem:19.32M (Peak 19.32M) | Time:00:00.01 | Mem:0.00M, Peak:0.00M | Scene, ViewLayer | Synchronizing object | bogie-front-frame
Fra:1 Mem:19.24M (Peak 19.32M) | Time:00:00.01 | Mem:0.00M, Peak:0.00M | Scene, ViewLayer | Synchronizing object | interior-batch-canada-sign
Fra:1 Mem:19.25M (Peak 19.32M) | Time:00:00.01 | Mem:0.00M, Peak:0.00M | Scene, ViewLayer | Synchronizing object | interior-batch-canada-rail
Fra:1 Mem:19.51M (Peak 19.51M) | Time:00:00.01 | Mem:0.00M, Peak:0.00M | Scene, ViewLayer | Synchronizing object | bogie-rear-frame
Fra:1 Mem:19.32M (Peak 19.51M) | Time:00:00.01 | Mem:0.00M, Peak:0.00M | Scene, ViewLayer | Synchronizing object | coupler-mesh
Fra:1 Mem:19.37M (Peak 19.51M) | Time:00:00.01 | Mem:0.00M, Peak:0.00M | Scene, ViewLayer | Synchronizing object | coupler-mesh.001
Fra:1 Mem:19.39M (Peak 19.51M) | Time:00:00.01 | Mem:0.00M, Peak:0.00M | Scene, ViewLayer | Synchronizing object | destination-panel
Fra:1 Mem:19.40M (Peak 19.51M) | Time:00:00.01 | Mem:0.00M, Peak:0.00M | Scene, ViewLayer | Synchronizing object | door-left-1-a
Fra:1 Mem:19.50M (Peak 19.51M) | Time:00:00.01 | Mem:0.00M, Peak:0.00M | Scene, ViewLayer | Synchronizing object | door-left-1-b
Fra:1 Mem:19.50M (Peak 19.51M) | Time:00:00.01 | Mem:0.00M, Peak:0.00M | Scene, ViewLayer | Synchronizing object | door-left-2-a
Fra:1 Mem:19.39M (Peak 19.51M) | Time:00:00.01 | Mem:0.00M, Peak:0.00M | Scene, ViewLayer | Synchronizing object | interior-batch-canada-floor
Fra:1 Mem:19.40M (Peak 19.51M) | Time:00:00.01 | Mem:0.00M, Peak:0.00M | Scene, ViewLayer | Synchronizing object | door-left-2-b
Fra:1 Mem:19.41M (Peak 19.51M) | Time:00:00.01 | Mem:0.00M, Peak:0.00M | Scene, ViewLayer | Synchronizing object | interior-batch-canada-wall
Fra:1 Mem:19.42M (Peak 19.51M) | Time:00:00.01 | Mem:0.00M, Peak:0.00M | Scene, ViewLayer | Synchronizing object | door-left-3-a
Fra:1 Mem:19.45M (Peak 19.51M) | Time:00:00.01 | Mem:0.00M, Peak:0.00M | Scene, ViewLayer | Synchronizing object | door-left-3-b
Fra:1 Mem:19.46M (Peak 19.51M) | Time:00:00.01 | Mem:0.00M, Peak:0.00M | Scene, ViewLayer | Synchronizing object | wheel-rear-rear-right
Fra:1 Mem:19.47M (Peak 19.51M) | Time:00:00.01 | Mem:0.00M, Peak:0.00M | Scene, ViewLayer | Synchronizing object | wheel-rear-rear-left
Fra:1 Mem:19.48M (Peak 19.51M) | Time:00:00.01 | Mem:0.00M, Peak:0.00M | Scene, ViewLayer | Synchronizing object | wheel-rear-front-right
Fra:1 Mem:19.51M (Peak 19.51M) | Time:00:00.01 | Mem:0.00M, Peak:0.00M | Scene, ViewLayer | Synchronizing object | wheel-rear-front-left
Fra:1 Mem:19.53M (Peak 19.53M) | Time:00:00.01 | Mem:0.00M, Peak:0.00M | Scene, ViewLayer | Synchronizing object | door-right-1-a
Fra:1 Mem:19.52M (Peak 19.53M) | Time:00:00.01 | Mem:0.00M, Peak:0.00M | Scene, ViewLayer | Synchronizing object | wheel-front-rear-right
Fra:1 Mem:19.55M (Peak 19.55M) | Time:00:00.01 | Mem:0.00M, Peak:0.00M | Scene, ViewLayer | Synchronizing object | door-right-1-b
Fra:1 Mem:19.55M (Peak 19.55M) | Time:00:00.01 | Mem:0.00M, Peak:0.00M | Scene, ViewLayer | Synchronizing object | wheel-front-rear-left
Fra:1 Mem:19.57M (Peak 19.57M) | Time:00:00.01 | Mem:0.00M, Peak:0.00M | Scene, ViewLayer | Synchronizing object | wheel-front-front-right
Fra:1 Mem:19.58M (Peak 19.58M) | Time:00:00.01 | Mem:0.00M, Peak:0.00M | Scene, ViewLayer | Synchronizing object | door-right-2-a
Fra:1 Mem:19.57M (Peak 19.58M) | Time:00:00.01 | Mem:0.00M, Peak:0.00M | Scene, ViewLayer | Synchronizing object | wheel-front-front-left
Fra:1 Mem:19.60M (Peak 19.60M) | Time:00:00.01 | Mem:0.00M, Peak:0.00M | Scene, ViewLayer | Synchronizing object | glass
Fra:1 Mem:19.59M (Peak 19.60M) | Time:00:00.01 | Mem:0.00M, Peak:0.00M | Scene, ViewLayer | Synchronizing object | door-right-2-b
Fra:1 Mem:19.63M (Peak 19.63M) | Time:00:00.01 | Mem:0.00M, Peak:0.00M | Scene, ViewLayer | Synchronizing object | gangway-rubber
Fra:1 Mem:19.65M (Peak 19.65M) | Time:00:00.01 | Mem:0.00M, Peak:0.00M | Scene, ViewLayer | Synchronizing object | front-lamp-1
Fra:1 Mem:19.63M (Peak 19.65M) | Time:00:00.01 | Mem:0.00M, Peak:0.00M | Scene, ViewLayer | Synchronizing object | front-lamp--1
Fra:1 Mem:19.64M (Peak 19.65M) | Time:00:00.01 | Mem:0.00M, Peak:0.00M | Scene, ViewLayer | Synchronizing object | door-right-3-a
Fra:1 Mem:19.66M (Peak 19.66M) | Time:00:00.01 | Mem:0.00M, Peak:0.00M | Scene, ViewLayer | Synchronizing object | door-right-3-b
Fra:1 Mem:19.66M (Peak 19.66M) | Time:00:00.01 | Mem:0.00M, Peak:0.00M | Scene, ViewLayer | Initializing
Fra:1 Mem:16.83M (Peak 19.66M) | Time:00:00.01 | Mem:0.00M, Peak:0.00M | Scene, ViewLayer | Waiting for render to start
Fra:1 Mem:16.83M (Peak 19.66M) | Time:00:00.01 | Mem:0.00M, Peak:0.00M | Scene, ViewLayer | Loading render kernels (may take a few minutes the first time)
Fra:1 Mem:16.83M (Peak 19.66M) | Time:00:00.01 | Mem:0.00M, Peak:0.00M | Scene, ViewLayer | Updating Scene
Fra:1 Mem:16.83M (Peak 19.66M) | Time:00:00.01 | Mem:0.00M, Peak:0.00M | Scene, ViewLayer | Updating Shaders
Fra:1 Mem:16.92M (Peak 19.66M) | Time:00:00.01 | Mem:0.01M, Peak:0.01M | Scene, ViewLayer | Updating Procedurals
Fra:1 Mem:16.92M (Peak 19.66M) | Time:00:00.01 | Mem:0.01M, Peak:0.01M | Scene, ViewLayer | Updating Background
Fra:1 Mem:16.92M (Peak 19.66M) | Time:00:00.01 | Mem:0.01M, Peak:0.01M | Scene, ViewLayer | Updating Camera
Fra:1 Mem:16.92M (Peak 19.66M) | Time:00:00.01 | Mem:0.01M, Peak:0.01M | Scene, ViewLayer | Updating Meshes Flags
Fra:1 Mem:16.92M (Peak 19.66M) | Time:00:00.01 | Mem:0.01M, Peak:0.01M | Scene, ViewLayer | Updating Objects
Fra:1 Mem:16.92M (Peak 19.66M) | Time:00:00.01 | Mem:0.01M, Peak:0.01M | Scene, ViewLayer | Updating Objects | Copying Transformations to device
Fra:1 Mem:16.93M (Peak 19.66M) | Time:00:00.01 | Mem:0.02M, Peak:0.02M | Scene, ViewLayer | Updating Objects | Applying Static Transformations
Fra:1 Mem:16.93M (Peak 19.66M) | Time:00:00.01 | Mem:0.02M, Peak:0.02M | Scene, ViewLayer | Updating Particle Systems
Fra:1 Mem:16.93M (Peak 19.66M) | Time:00:00.01 | Mem:0.02M, Peak:0.02M | Scene, ViewLayer | Updating Particle Systems | Copying Particles to device
Fra:1 Mem:16.93M (Peak 19.66M) | Time:00:00.01 | Mem:0.02M, Peak:0.02M | Scene, ViewLayer | Updating Meshes
Fra:1 Mem:16.99M (Peak 19.66M) | Time:00:00.01 | Mem:0.02M, Peak:0.02M | Scene, ViewLayer | Updating Mesh | Computing attributes
Fra:1 Mem:17.12M (Peak 19.66M) | Time:00:00.01 | Mem:0.02M, Peak:0.02M | Scene, ViewLayer | Updating Mesh | Copying Attributes to device
Fra:1 Mem:17.11M (Peak 19.66M) | Time:00:00.01 | Mem:0.14M, Peak:0.14M | Scene, ViewLayer | Updating Scene BVH | Building
Fra:1 Mem:17.11M (Peak 19.66M) | Time:00:00.01 | Mem:0.14M, Peak:0.14M | Scene, ViewLayer | Updating Scene BVH | Building BVH
Fra:1 Mem:17.11M (Peak 19.66M) | Time:00:00.01 | Mem:0.25M, Peak:0.25M | Scene, ViewLayer | Updating Scene BVH | Building BVH 0%
Fra:1 Mem:17.11M (Peak 19.66M) | Time:00:00.02 | Mem:0.38M, Peak:0.49M | Scene, ViewLayer | Updating Scene BVH | Copying BVH to device
Fra:1 Mem:17.11M (Peak 19.66M) | Time:00:00.02 | Mem:0.38M, Peak:0.49M | Scene, ViewLayer | Updating Mesh | Computing normals
Fra:1 Mem:17.50M (Peak 19.66M) | Time:00:00.02 | Mem:0.38M, Peak:0.49M | Scene, ViewLayer | Updating Mesh | Copying Mesh to device
Fra:1 Mem:17.50M (Peak 19.66M) | Time:00:00.02 | Mem:0.78M, Peak:0.78M | Scene, ViewLayer | Updating Objects Flags
Fra:1 Mem:17.50M (Peak 19.66M) | Time:00:00.02 | Mem:0.78M, Peak:0.78M | Scene, ViewLayer | Updating Primitive Offsets
Fra:1 Mem:17.50M (Peak 19.66M) | Time:00:00.02 | Mem:0.78M, Peak:0.78M | Scene, ViewLayer | Updating Images
Fra:1 Mem:17.50M (Peak 19.66M) | Time:00:00.02 | Mem:0.78M, Peak:0.78M | Scene, ViewLayer | Updating Camera Volume
Fra:1 Mem:17.50M (Peak 19.66M) | Time:00:00.02 | Mem:0.78M, Peak:0.78M | Scene, ViewLayer | Updating Lookup Tables
Fra:1 Mem:17.50M (Peak 19.66M) | Time:00:00.02 | Mem:0.86M, Peak:0.86M | Scene, ViewLayer | Updating Lights
Fra:1 Mem:17.51M (Peak 19.66M) | Time:00:00.02 | Mem:0.86M, Peak:0.86M | Scene, ViewLayer | Updating Lights | Computing tree
Fra:1 Mem:17.51M (Peak 19.66M) | Time:00:00.02 | Mem:0.86M, Peak:0.86M | Scene, ViewLayer | Updating Integrator
Fra:1 Mem:17.51M (Peak 19.66M) | Time:00:00.02 | Mem:0.86M, Peak:0.86M | Scene, ViewLayer | Updating Film
Fra:1 Mem:17.51M (Peak 19.66M) | Time:00:00.02 | Mem:0.78M, Peak:0.86M | Scene, ViewLayer | Updating Lookup Tables
Fra:1 Mem:17.51M (Peak 19.66M) | Time:00:00.02 | Mem:0.86M, Peak:0.86M | Scene, ViewLayer | Updating Baking
Fra:1 Mem:17.51M (Peak 19.66M) | Time:00:00.02 | Mem:0.86M, Peak:0.86M | Scene, ViewLayer | Updating Device | Writing constant memory
Fra:1 Mem:17.51M (Peak 19.66M) | Time:00:00.02 | Mem:0.86M, Peak:0.86M | Scene, ViewLayer | Sample 0/32
Fra:1 Mem:30.70M (Peak 30.70M) | Time:00:01.81 | Remaining:00:55.46 | Mem:14.05M, Peak:14.05M | Scene, ViewLayer | Sample 1/32
Fra:1 Mem:30.70M (Peak 30.70M) | Time:00:29.03 | Remaining:00:25.60 | Mem:14.05M, Peak:14.05M | Scene, ViewLayer | Sample 17/32
Fra:1 Mem:36.56M (Peak 48.28M) | Time:00:49.85 | Mem:14.05M, Peak:14.05M | Scene, ViewLayer | Sample 32/32
Fra:1 Mem:36.56M (Peak 48.28M) | Time:00:49.85 | Mem:14.05M, Peak:14.05M | Scene, ViewLayer | Finished
Saved: '/workspace/scratch/7c20b5ba4165/atlas-stage2-recovery/tools/assets/canada-line-stage2/qa/previews/interior-aisle.png'
Time: 00:49.98 (Saving: 00:00.12)

Extensions: writing cache failed ([Errno 30] Read-only file system: '/home/agent/.config/blender').
08:18:44 | INFO: Data are loaded, start creating Blender stuff
08:18:44 | INFO: Blender create Mesh node Cube.030
08:18:44 | INFO: Blender create Mesh node Cube
08:18:44 | INFO: Blender create Mesh node Cube.142
08:18:44 | INFO: Blender create Mesh node Cube.141
08:18:44 | INFO: Blender create Mesh node Cube.143
08:18:44 | INFO: Blender create Mesh node Cube.144
08:18:44 | INFO: Blender create Mesh node Cube.140
08:18:44 | INFO: Blender create Mesh node Cube.075
08:18:44 | INFO: Blender create Mesh node Cube.080
08:18:44 | INFO: Blender create Mesh node Cube.085
08:18:44 | INFO: Blender create Mesh node Cube.090
08:18:44 | INFO: Blender create Mesh node Cube.095
08:18:44 | INFO: Blender create Mesh node Cube.100
08:18:44 | INFO: Blender create Mesh node Cube.105
08:18:44 | INFO: Blender create Mesh node Cube.110
08:18:44 | INFO: Blender create Mesh node Cube.115
08:18:44 | INFO: Blender create Mesh node Cube.120
08:18:44 | INFO: Blender create Mesh node Cube.125
08:18:44 | INFO: Blender create Mesh node Cube.130
08:18:44 | INFO: Blender create Mesh node Cube.138
08:18:44 | INFO: Blender create Mesh node Cube.139
08:18:44 | INFO: Blender create Mesh node Cube.069
08:18:44 | INFO: Blender create Mesh node Cube.002
08:18:44 | INFO: Blender create Mesh node Cylinder.007
08:18:44 | INFO: Blender create Mesh node Cylinder.006
08:18:44 | INFO: Blender create Mesh node Cylinder.005
08:18:44 | INFO: Blender create Mesh node Cylinder.004
08:18:44 | INFO: Blender create Mesh node Cylinder.003
08:18:44 | INFO: Blender create Mesh node Cylinder.002
08:18:44 | INFO: Blender create Mesh node Cylinder.001
08:18:44 | INFO: Blender create Mesh node Cylinder
08:18:44 | INFO: glTF import finished in 0.10s
08:18:44 | INFO: Data are loaded, start creating Blender stuff
08:18:44 | INFO: Blender create Mesh node interior-batch-canada-wall
08:18:44 | INFO: Blender create Mesh node interior-batch-canada-floor
08:18:44 | INFO: Blender create Mesh node interior-batch-canada-rail
08:18:44 | INFO: Blender create Mesh node interior-batch-canada-sign
08:18:44 | INFO: Blender create Mesh node interior-batch-canada-seat
08:18:44 | INFO: Blender create Mesh node interior-batch-canada-priority
08:18:44 | INFO: glTF import finished in 0.03s
Fra:1 Mem:18.68M (Peak 18.68M) | Time:00:00.00 | Mem:0.00M, Peak:0.00M | Scene, ViewLayer | Synchronizing object | blue-fascia
Fra:1 Mem:18.69M (Peak 18.69M) | Time:00:00.00 | Mem:0.00M, Peak:0.00M | Scene, ViewLayer | Synchronizing object | body-shell
Fra:1 Mem:18.85M (Peak 18.85M) | Time:00:00.00 | Mem:0.00M, Peak:0.00M | Scene, ViewLayer | Synchronizing object | QA-ground
Fra:1 Mem:18.88M (Peak 18.88M) | Time:00:00.00 | Mem:0.00M, Peak:0.00M | Scene, ViewLayer | Synchronizing object | interior-batch-canada-priority
Fra:1 Mem:18.86M (Peak 18.88M) | Time:00:00.00 | Mem:0.00M, Peak:0.00M | Scene, ViewLayer | Synchronizing object | interior-batch-canada-seat
Fra:1 Mem:18.81M (Peak 18.88M) | Time:00:00.00 | Mem:0.00M, Peak:0.00M | Scene, ViewLayer | Synchronizing object | bogie-front-frame
Fra:1 Mem:18.86M (Peak 18.88M) | Time:00:00.00 | Mem:0.00M, Peak:0.00M | Scene, ViewLayer | Synchronizing object | bogie-rear-frame
Fra:1 Mem:18.86M (Peak 18.88M) | Time:00:00.00 | Mem:0.00M, Peak:0.00M | Scene, ViewLayer | Synchronizing object | coupler-mesh
Fra:1 Mem:18.83M (Peak 18.88M) | Time:00:00.00 | Mem:0.00M, Peak:0.00M | Scene, ViewLayer | Synchronizing object | interior-batch-canada-sign
Fra:1 Mem:18.83M (Peak 18.88M) | Time:00:00.00 | Mem:0.00M, Peak:0.00M | Scene, ViewLayer | Synchronizing object | coupler-mesh.001
Fra:1 Mem:18.83M (Peak 18.88M) | Time:00:00.00 | Mem:0.00M, Peak:0.00M | Scene, ViewLayer | Synchronizing object | destination-panel
Fra:1 Mem:18.83M (Peak 18.88M) | Time:00:00.00 | Mem:0.00M, Peak:0.00M | Scene, ViewLayer | Synchronizing object | interior-batch-canada-rail
Fra:1 Mem:18.84M (Peak 18.88M) | Time:00:00.00 | Mem:0.00M, Peak:0.00M | Scene, ViewLayer | Synchronizing object | door-left-1-a
Fra:1 Mem:18.90M (Peak 18.90M) | Time:00:00.00 | Mem:0.00M, Peak:0.00M | Scene, ViewLayer | Synchronizing object | door-left-1-b
Fra:1 Mem:18.97M (Peak 18.97M) | Time:00:00.00 | Mem:0.00M, Peak:0.00M | Scene, ViewLayer | Synchronizing object | door-left-2-a
Fra:1 Mem:18.92M (Peak 18.97M) | Time:00:00.00 | Mem:0.00M, Peak:0.00M | Scene, ViewLayer | Synchronizing object | interior-batch-canada-floor
Fra:1 Mem:18.92M (Peak 18.97M) | Time:00:00.00 | Mem:0.00M, Peak:0.00M | Scene, ViewLayer | Synchronizing object | door-left-2-b
Fra:1 Mem:18.93M (Peak 18.97M) | Time:00:00.00 | Mem:0.00M, Peak:0.00M | Scene, ViewLayer | Synchronizing object | interior-batch-canada-wall
Fra:1 Mem:18.93M (Peak 18.97M) | Time:00:00.00 | Mem:0.00M, Peak:0.00M | Scene, ViewLayer | Synchronizing object | door-left-3-a
Fra:1 Mem:18.99M (Peak 18.99M) | Time:00:00.00 | Mem:0.00M, Peak:0.00M | Scene, ViewLayer | Synchronizing object | door-left-3-b
Fra:1 Mem:18.98M (Peak 18.99M) | Time:00:00.01 | Mem:0.00M, Peak:0.00M | Scene, ViewLayer | Synchronizing object | door-right-1-a
Fra:1 Mem:19.00M (Peak 19.00M) | Time:00:00.01 | Mem:0.00M, Peak:0.00M | Scene, ViewLayer | Synchronizing object | door-right-1-b
Fra:1 Mem:19.00M (Peak 19.00M) | Time:00:00.01 | Mem:0.00M, Peak:0.00M | Scene, ViewLayer | Synchronizing object | door-right-2-a
Fra:1 Mem:19.00M (Peak 19.00M) | Time:00:00.01 | Mem:0.00M, Peak:0.00M | Scene, ViewLayer | Synchronizing object | door-right-2-b
Fra:1 Mem:18.98M (Peak 19.00M) | Time:00:00.01 | Mem:0.00M, Peak:0.00M | Scene, ViewLayer | Synchronizing object | door-right-3-a
Fra:1 Mem:18.99M (Peak 19.00M) | Time:00:00.01 | Mem:0.00M, Peak:0.00M | Scene, ViewLayer | Synchronizing object | door-right-3-b
Fra:1 Mem:18.99M (Peak 19.00M) | Time:00:00.01 | Mem:0.00M, Peak:0.00M | Scene, ViewLayer | Synchronizing object | front-lamp--1
Fra:1 Mem:18.98M (Peak 19.00M) | Time:00:00.01 | Mem:0.00M, Peak:0.00M | Scene, ViewLayer | Synchronizing object | front-lamp-1
Fra:1 Mem:18.98M (Peak 19.00M) | Time:00:00.01 | Mem:0.00M, Peak:0.00M | Scene, ViewLayer | Synchronizing object | wheel-rear-rear-right
Fra:1 Mem:18.97M (Peak 19.00M) | Time:00:00.01 | Mem:0.00M, Peak:0.00M | Scene, ViewLayer | Synchronizing object | wheel-rear-rear-left
Fra:1 Mem:18.98M (Peak 19.00M) | Time:00:00.01 | Mem:0.00M, Peak:0.00M | Scene, ViewLayer | Synchronizing object | gangway-rubber
Fra:1 Mem:19.00M (Peak 19.00M) | Time:00:00.01 | Mem:0.00M, Peak:0.00M | Scene, ViewLayer | Synchronizing object | glass
Fra:1 Mem:19.00M (Peak 19.00M) | Time:00:00.01 | Mem:0.00M, Peak:0.00M | Scene, ViewLayer | Synchronizing object | wheel-rear-front-right
Fra:1 Mem:19.03M (Peak 19.03M) | Time:00:00.01 | Mem:0.00M, Peak:0.00M | Scene, ViewLayer | Synchronizing object | wheel-rear-front-left
Fra:1 Mem:19.02M (Peak 19.03M) | Time:00:00.01 | Mem:0.00M, Peak:0.00M | Scene, ViewLayer | Synchronizing object | wheel-front-rear-right
Fra:1 Mem:19.02M (Peak 19.03M) | Time:00:00.01 | Mem:0.00M, Peak:0.00M | Scene, ViewLayer | Synchronizing object | wheel-front-rear-left
Fra:1 Mem:19.03M (Peak 19.03M) | Time:00:00.01 | Mem:0.00M, Peak:0.00M | Scene, ViewLayer | Synchronizing object | wheel-front-front-left
Fra:1 Mem:19.06M (Peak 19.06M) | Time:00:00.01 | Mem:0.00M, Peak:0.00M | Scene, ViewLayer | Synchronizing object | wheel-front-front-right
Fra:1 Mem:19.04M (Peak 19.06M) | Time:00:00.01 | Mem:0.00M, Peak:0.00M | Scene, ViewLayer | Initializing
Fra:1 Mem:16.24M (Peak 19.06M) | Time:00:00.01 | Mem:0.00M, Peak:0.00M | Scene, ViewLayer | Waiting for render to start
Fra:1 Mem:16.24M (Peak 19.06M) | Time:00:00.01 | Mem:0.00M, Peak:0.00M | Scene, ViewLayer | Loading render kernels (may take a few minutes the first time)
Fra:1 Mem:16.24M (Peak 19.06M) | Time:00:00.01 | Mem:0.00M, Peak:0.00M | Scene, ViewLayer | Updating Scene
Fra:1 Mem:16.24M (Peak 19.06M) | Time:00:00.01 | Mem:0.00M, Peak:0.00M | Scene, ViewLayer | Updating Shaders
Fra:1 Mem:16.34M (Peak 19.06M) | Time:00:00.01 | Mem:0.01M, Peak:0.01M | Scene, ViewLayer | Updating Procedurals
Fra:1 Mem:16.34M (Peak 19.06M) | Time:00:00.01 | Mem:0.01M, Peak:0.01M | Scene, ViewLayer | Updating Background
Fra:1 Mem:16.34M (Peak 19.06M) | Time:00:00.01 | Mem:0.01M, Peak:0.01M | Scene, ViewLayer | Updating Camera
Fra:1 Mem:16.34M (Peak 19.06M) | Time:00:00.01 | Mem:0.01M, Peak:0.01M | Scene, ViewLayer | Updating Meshes Flags
Fra:1 Mem:16.34M (Peak 19.06M) | Time:00:00.01 | Mem:0.01M, Peak:0.01M | Scene, ViewLayer | Updating Objects
Fra:1 Mem:16.34M (Peak 19.06M) | Time:00:00.01 | Mem:0.01M, Peak:0.01M | Scene, ViewLayer | Updating Objects | Copying Transformations to device
Fra:1 Mem:16.34M (Peak 19.06M) | Time:00:00.01 | Mem:0.02M, Peak:0.02M | Scene, ViewLayer | Updating Objects | Applying Static Transformations
Fra:1 Mem:16.34M (Peak 19.06M) | Time:00:00.01 | Mem:0.02M, Peak:0.02M | Scene, ViewLayer | Updating Particle Systems
Fra:1 Mem:16.34M (Peak 19.06M) | Time:00:00.01 | Mem:0.02M, Peak:0.02M | Scene, ViewLayer | Updating Particle Systems | Copying Particles to device
Fra:1 Mem:16.34M (Peak 19.06M) | Time:00:00.01 | Mem:0.02M, Peak:0.02M | Scene, ViewLayer | Updating Meshes
Fra:1 Mem:16.37M (Peak 19.06M) | Time:00:00.01 | Mem:0.02M, Peak:0.02M | Scene, ViewLayer | Updating Mesh | Computing attributes
Fra:1 Mem:16.45M (Peak 19.06M) | Time:00:00.01 | Mem:0.02M, Peak:0.02M | Scene, ViewLayer | Updating Mesh | Copying Attributes to device
Fra:1 Mem:16.44M (Peak 19.06M) | Time:00:00.01 | Mem:0.09M, Peak:0.09M | Scene, ViewLayer | Updating Scene BVH | Building
Fra:1 Mem:16.44M (Peak 19.06M) | Time:00:00.01 | Mem:0.09M, Peak:0.09M | Scene, ViewLayer | Updating Scene BVH | Building BVH
Fra:1 Mem:16.44M (Peak 19.06M) | Time:00:00.01 | Mem:0.14M, Peak:0.14M | Scene, ViewLayer | Updating Scene BVH | Building BVH 0%
Fra:1 Mem:16.44M (Peak 19.06M) | Time:00:00.01 | Mem:0.22M, Peak:0.28M | Scene, ViewLayer | Updating Scene BVH | Copying BVH to device
Fra:1 Mem:16.44M (Peak 19.06M) | Time:00:00.01 | Mem:0.22M, Peak:0.28M | Scene, ViewLayer | Updating Mesh | Computing normals
Fra:1 Mem:16.65M (Peak 19.06M) | Time:00:00.01 | Mem:0.22M, Peak:0.28M | Scene, ViewLayer | Updating Mesh | Copying Mesh to device
Fra:1 Mem:16.65M (Peak 19.06M) | Time:00:00.01 | Mem:0.43M, Peak:0.43M | Scene, ViewLayer | Updating Objects Flags
Fra:1 Mem:16.65M (Peak 19.06M) | Time:00:00.01 | Mem:0.43M, Peak:0.43M | Scene, ViewLayer | Updating Primitive Offsets
Fra:1 Mem:16.65M (Peak 19.06M) | Time:00:00.01 | Mem:0.43M, Peak:0.43M | Scene, ViewLayer | Updating Images
Fra:1 Mem:16.65M (Peak 19.06M) | Time:00:00.01 | Mem:0.43M, Peak:0.43M | Scene, ViewLayer | Updating Camera Volume
Fra:1 Mem:16.65M (Peak 19.06M) | Time:00:00.01 | Mem:0.43M, Peak:0.43M | Scene, ViewLayer | Updating Lookup Tables
Fra:1 Mem:16.65M (Peak 19.06M) | Time:00:00.01 | Mem:0.51M, Peak:0.51M | Scene, ViewLayer | Updating Lights
Fra:1 Mem:16.65M (Peak 19.06M) | Time:00:00.01 | Mem:0.51M, Peak:0.51M | Scene, ViewLayer | Updating Lights | Computing tree
Fra:1 Mem:16.65M (Peak 19.06M) | Time:00:00.01 | Mem:0.51M, Peak:0.51M | Scene, ViewLayer | Updating Integrator
Fra:1 Mem:16.65M (Peak 19.06M) | Time:00:00.01 | Mem:0.51M, Peak:0.51M | Scene, ViewLayer | Updating Film
Fra:1 Mem:16.65M (Peak 19.06M) | Time:00:00.01 | Mem:0.43M, Peak:0.51M | Scene, ViewLayer | Updating Lookup Tables
Fra:1 Mem:16.65M (Peak 19.06M) | Time:00:00.01 | Mem:0.52M, Peak:0.52M | Scene, ViewLayer | Updating Baking
Fra:1 Mem:16.65M (Peak 19.06M) | Time:00:00.01 | Mem:0.52M, Peak:0.52M | Scene, ViewLayer | Updating Device | Writing constant memory
Fra:1 Mem:16.65M (Peak 19.06M) | Time:00:00.01 | Mem:0.52M, Peak:0.52M | Scene, ViewLayer | Sample 0/32
Fra:1 Mem:29.85M (Peak 29.85M) | Time:00:00.49 | Remaining:00:14.98 | Mem:13.70M, Peak:13.70M | Scene, ViewLayer | Sample 1/32
Fra:1 Mem:35.71M (Peak 47.43M) | Time:00:13.03 | Mem:13.70M, Peak:13.70M | Scene, ViewLayer | Sample 32/32
Fra:1 Mem:35.71M (Peak 47.43M) | Time:00:13.03 | Mem:13.70M, Peak:13.70M | Scene, ViewLayer | Finished
Saved: '/workspace/scratch/7c20b5ba4165/atlas-stage2-recovery/tools/assets/canada-line-stage2/qa/previews/longitudinal-section.png'
Time: 00:13.15 (Saving: 00:00.11)

Extensions: writing cache failed ([Errno 30] Read-only file system: '/home/agent/.config/blender').
08:18:57 | INFO: Data are loaded, start creating Blender stuff
08:18:57 | INFO: Blender create Mesh node Cube.030
08:18:57 | INFO: Blender create Mesh node Cube
08:18:57 | INFO: Blender create Mesh node Cube.142
08:18:57 | INFO: Blender create Mesh node Cube.141
08:18:57 | INFO: Blender create Mesh node Cube.143
08:18:57 | INFO: Blender create Mesh node Cube.144
08:18:57 | INFO: Blender create Mesh node Cube.140
08:18:57 | INFO: Blender create Mesh node Cube.075
08:18:57 | INFO: Blender create Mesh node Cube.080
08:18:57 | INFO: Blender create Mesh node Cube.085
08:18:57 | INFO: Blender create Mesh node Cube.090
08:18:57 | INFO: Blender create Mesh node Cube.095
08:18:57 | INFO: Blender create Mesh node Cube.100
08:18:57 | INFO: Blender create Mesh node Cube.105
08:18:57 | INFO: Blender create Mesh node Cube.110
08:18:57 | INFO: Blender create Mesh node Cube.115
08:18:57 | INFO: Blender create Mesh node Cube.120
08:18:57 | INFO: Blender create Mesh node Cube.125
08:18:57 | INFO: Blender create Mesh node Cube.130
08:18:57 | INFO: Blender create Mesh node Cube.138
08:18:57 | INFO: Blender create Mesh node Cube.139
08:18:57 | INFO: Blender create Mesh node Cube.069
08:18:57 | INFO: Blender create Mesh node Cube.002
08:18:57 | INFO: Blender create Mesh node Cylinder.007
08:18:57 | INFO: Blender create Mesh node Cylinder.006
08:18:57 | INFO: Blender create Mesh node Cylinder.005
08:18:57 | INFO: Blender create Mesh node Cylinder.004
08:18:57 | INFO: Blender create Mesh node Cylinder.003
08:18:57 | INFO: Blender create Mesh node Cylinder.002
08:18:57 | INFO: Blender create Mesh node Cylinder.001
08:18:57 | INFO: Blender create Mesh node Cylinder
08:18:57 | INFO: glTF import finished in 0.06s
08:18:57 | INFO: Data are loaded, start creating Blender stuff
08:18:57 | INFO: Blender create Mesh node interior-batch-canada-wall
08:18:57 | INFO: Blender create Mesh node interior-batch-canada-floor
08:18:57 | INFO: Blender create Mesh node interior-batch-canada-rail
08:18:57 | INFO: Blender create Mesh node interior-batch-canada-sign
08:18:57 | INFO: Blender create Mesh node interior-batch-canada-seat
08:18:57 | INFO: Blender create Mesh node interior-batch-canada-priority
08:18:57 | INFO: glTF import finished in 0.03s
Fra:1 Mem:19.01M (Peak 19.01M) | Time:00:00.00 | Mem:0.00M, Peak:0.00M | Scene, ViewLayer | Synchronizing object | blue-fascia
Fra:1 Mem:19.03M (Peak 19.03M) | Time:00:00.00 | Mem:0.00M, Peak:0.00M | Scene, ViewLayer | Synchronizing object | body-shell
Fra:1 Mem:19.35M (Peak 19.35M) | Time:00:00.01 | Mem:0.00M, Peak:0.00M | Scene, ViewLayer | Synchronizing object | QA-ground
Fra:1 Mem:19.38M (Peak 19.38M) | Time:00:00.01 | Mem:0.00M, Peak:0.00M | Scene, ViewLayer | Synchronizing object | interior-batch-canada-priority
Fra:1 Mem:19.32M (Peak 19.38M) | Time:00:00.01 | Mem:0.00M, Peak:0.00M | Scene, ViewLayer | Synchronizing object | interior-batch-canada-seat
Fra:1 Mem:19.18M (Peak 19.38M) | Time:00:00.01 | Mem:0.00M, Peak:0.00M | Scene, ViewLayer | Synchronizing object | bogie-front-frame
Fra:1 Mem:19.19M (Peak 19.38M) | Time:00:00.01 | Mem:0.00M, Peak:0.00M | Scene, ViewLayer | Synchronizing object | bogie-rear-frame
Fra:1 Mem:19.19M (Peak 19.38M) | Time:00:00.01 | Mem:0.00M, Peak:0.00M | Scene, ViewLayer | Synchronizing object | coupler-mesh
Fra:1 Mem:19.20M (Peak 19.38M) | Time:00:00.01 | Mem:0.00M, Peak:0.00M | Scene, ViewLayer | Synchronizing object | coupler-mesh.001
Fra:1 Mem:19.34M (Peak 19.38M) | Time:00:00.01 | Mem:0.00M, Peak:0.00M | Scene, ViewLayer | Synchronizing object | destination-panel
Fra:1 Mem:19.34M (Peak 19.38M) | Time:00:00.01 | Mem:0.00M, Peak:0.00M | Scene, ViewLayer | Synchronizing object | door-left-1-a
Fra:1 Mem:19.24M (Peak 19.38M) | Time:00:00.01 | Mem:0.00M, Peak:0.00M | Scene, ViewLayer | Synchronizing object | door-left-1-b
Fra:1 Mem:19.29M (Peak 19.38M) | Time:00:00.01 | Mem:0.00M, Peak:0.00M | Scene, ViewLayer | Synchronizing object | door-left-2-a
Fra:1 Mem:19.37M (Peak 19.38M) | Time:00:00.01 | Mem:0.00M, Peak:0.00M | Scene, ViewLayer | Synchronizing object | door-left-2-b
Fra:1 Mem:19.38M (Peak 19.38M) | Time:00:00.01 | Mem:0.00M, Peak:0.00M | Scene, ViewLayer | Synchronizing object | door-left-3-a
Fra:1 Mem:19.38M (Peak 19.38M) | Time:00:00.01 | Mem:0.00M, Peak:0.00M | Scene, ViewLayer | Synchronizing object | door-left-3-b
Fra:1 Mem:19.33M (Peak 19.38M) | Time:00:00.01 | Mem:0.00M, Peak:0.00M | Scene, ViewLayer | Synchronizing object | door-right-1-a
Fra:1 Mem:19.34M (Peak 19.38M) | Time:00:00.01 | Mem:0.00M, Peak:0.00M | Scene, ViewLayer | Synchronizing object | interior-batch-canada-sign
Fra:1 Mem:19.35M (Peak 19.38M) | Time:00:00.01 | Mem:0.00M, Peak:0.00M | Scene, ViewLayer | Synchronizing object | door-right-1-b
Fra:1 Mem:19.36M (Peak 19.38M) | Time:00:00.01 | Mem:0.00M, Peak:0.00M | Scene, ViewLayer | Synchronizing object | door-right-2-a
Fra:1 Mem:19.37M (Peak 19.38M) | Time:00:00.01 | Mem:0.00M, Peak:0.00M | Scene, ViewLayer | Synchronizing object | interior-batch-canada-rail
Fra:1 Mem:19.37M (Peak 19.38M) | Time:00:00.01 | Mem:0.00M, Peak:0.00M | Scene, ViewLayer | Synchronizing object | door-right-2-b
Fra:1 Mem:19.63M (Peak 19.63M) | Time:00:00.01 | Mem:0.00M, Peak:0.00M | Scene, ViewLayer | Synchronizing object | door-right-3-a
Fra:1 Mem:19.64M (Peak 19.64M) | Time:00:00.01 | Mem:0.00M, Peak:0.00M | Scene, ViewLayer | Synchronizing object | door-right-3-b
Fra:1 Mem:19.65M (Peak 19.65M) | Time:00:00.01 | Mem:0.00M, Peak:0.00M | Scene, ViewLayer | Synchronizing object | front-lamp--1
Fra:1 Mem:19.65M (Peak 19.65M) | Time:00:00.01 | Mem:0.00M, Peak:0.00M | Scene, ViewLayer | Synchronizing object | front-lamp-1
Fra:1 Mem:19.66M (Peak 19.66M) | Time:00:00.01 | Mem:0.00M, Peak:0.00M | Scene, ViewLayer | Synchronizing object | gangway-rubber
Fra:1 Mem:19.66M (Peak 19.66M) | Time:00:00.01 | Mem:0.00M, Peak:0.00M | Scene, ViewLayer | Synchronizing object | glass
Fra:1 Mem:19.69M (Peak 19.69M) | Time:00:00.01 | Mem:0.00M, Peak:0.00M | Scene, ViewLayer | Synchronizing object | wheel-front-front-left
Fra:1 Mem:19.70M (Peak 19.70M) | Time:00:00.01 | Mem:0.00M, Peak:0.00M | Scene, ViewLayer | Synchronizing object | wheel-front-front-right
Fra:1 Mem:19.71M (Peak 19.71M) | Time:00:00.01 | Mem:0.00M, Peak:0.00M | Scene, ViewLayer | Synchronizing object | wheel-front-rear-left
Fra:1 Mem:19.72M (Peak 19.72M) | Time:00:00.01 | Mem:0.00M, Peak:0.00M | Scene, ViewLayer | Synchronizing object | wheel-front-rear-right
Fra:1 Mem:19.73M (Peak 19.73M) | Time:00:00.01 | Mem:0.00M, Peak:0.00M | Scene, ViewLayer | Synchronizing object | wheel-rear-front-left
Fra:1 Mem:19.75M (Peak 19.75M) | Time:00:00.01 | Mem:0.00M, Peak:0.00M | Scene, ViewLayer | Synchronizing object | wheel-rear-front-right
Fra:1 Mem:19.56M (Peak 19.75M) | Time:00:00.01 | Mem:0.00M, Peak:0.00M | Scene, ViewLayer | Synchronizing object | wheel-rear-rear-left
Fra:1 Mem:19.63M (Peak 19.75M) | Time:00:00.01 | Mem:0.00M, Peak:0.00M | Scene, ViewLayer | Synchronizing object | wheel-rear-rear-right
Fra:1 Mem:19.66M (Peak 19.75M) | Time:00:00.01 | Mem:0.00M, Peak:0.00M | Scene, ViewLayer | Synchronizing object | interior-batch-canada-wall
Fra:1 Mem:19.69M (Peak 19.75M) | Time:00:00.01 | Mem:0.00M, Peak:0.00M | Scene, ViewLayer | Synchronizing object | interior-batch-canada-floor
Fra:1 Mem:19.66M (Peak 19.75M) | Time:00:00.01 | Mem:0.00M, Peak:0.00M | Scene, ViewLayer | Initializing
Fra:1 Mem:16.83M (Peak 19.75M) | Time:00:00.01 | Mem:0.00M, Peak:0.00M | Scene, ViewLayer | Waiting for render to start
Fra:1 Mem:16.83M (Peak 19.75M) | Time:00:00.01 | Mem:0.00M, Peak:0.00M | Scene, ViewLayer | Loading render kernels (may take a few minutes the first time)
Fra:1 Mem:16.83M (Peak 19.75M) | Time:00:00.01 | Mem:0.00M, Peak:0.00M | Scene, ViewLayer | Updating Scene
Fra:1 Mem:16.83M (Peak 19.75M) | Time:00:00.01 | Mem:0.00M, Peak:0.00M | Scene, ViewLayer | Updating Shaders
Fra:1 Mem:16.92M (Peak 19.75M) | Time:00:00.01 | Mem:0.01M, Peak:0.01M | Scene, ViewLayer | Updating Procedurals
Fra:1 Mem:16.92M (Peak 19.75M) | Time:00:00.01 | Mem:0.01M, Peak:0.01M | Scene, ViewLayer | Updating Background
Fra:1 Mem:16.92M (Peak 19.75M) | Time:00:00.01 | Mem:0.01M, Peak:0.01M | Scene, ViewLayer | Updating Camera
Fra:1 Mem:16.92M (Peak 19.75M) | Time:00:00.01 | Mem:0.01M, Peak:0.01M | Scene, ViewLayer | Updating Meshes Flags
Fra:1 Mem:16.92M (Peak 19.75M) | Time:00:00.01 | Mem:0.01M, Peak:0.01M | Scene, ViewLayer | Updating Objects
Fra:1 Mem:16.92M (Peak 19.75M) | Time:00:00.01 | Mem:0.01M, Peak:0.01M | Scene, ViewLayer | Updating Objects | Copying Transformations to device
Fra:1 Mem:16.93M (Peak 19.75M) | Time:00:00.01 | Mem:0.02M, Peak:0.02M | Scene, ViewLayer | Updating Objects | Applying Static Transformations
Fra:1 Mem:16.93M (Peak 19.75M) | Time:00:00.01 | Mem:0.02M, Peak:0.02M | Scene, ViewLayer | Updating Particle Systems
Fra:1 Mem:16.93M (Peak 19.75M) | Time:00:00.01 | Mem:0.02M, Peak:0.02M | Scene, ViewLayer | Updating Particle Systems | Copying Particles to device
Fra:1 Mem:16.93M (Peak 19.75M) | Time:00:00.01 | Mem:0.02M, Peak:0.02M | Scene, ViewLayer | Updating Meshes
Fra:1 Mem:16.99M (Peak 19.75M) | Time:00:00.01 | Mem:0.02M, Peak:0.02M | Scene, ViewLayer | Updating Mesh | Computing attributes
Fra:1 Mem:17.12M (Peak 19.75M) | Time:00:00.01 | Mem:0.02M, Peak:0.02M | Scene, ViewLayer | Updating Mesh | Copying Attributes to device
Fra:1 Mem:17.11M (Peak 19.75M) | Time:00:00.01 | Mem:0.14M, Peak:0.14M | Scene, ViewLayer | Updating Scene BVH | Building
Fra:1 Mem:17.11M (Peak 19.75M) | Time:00:00.01 | Mem:0.14M, Peak:0.14M | Scene, ViewLayer | Updating Scene BVH | Building BVH
Fra:1 Mem:17.11M (Peak 19.75M) | Time:00:00.01 | Mem:0.25M, Peak:0.25M | Scene, ViewLayer | Updating Scene BVH | Building BVH 0%
Fra:1 Mem:17.11M (Peak 19.75M) | Time:00:00.01 | Mem:0.37M, Peak:0.48M | Scene, ViewLayer | Updating Scene BVH | Copying BVH to device
Fra:1 Mem:17.11M (Peak 19.75M) | Time:00:00.01 | Mem:0.37M, Peak:0.48M | Scene, ViewLayer | Updating Mesh | Computing normals
Fra:1 Mem:17.50M (Peak 19.75M) | Time:00:00.01 | Mem:0.37M, Peak:0.48M | Scene, ViewLayer | Updating Mesh | Copying Mesh to device
Fra:1 Mem:17.50M (Peak 19.75M) | Time:00:00.01 | Mem:0.76M, Peak:0.76M | Scene, ViewLayer | Updating Objects Flags
Fra:1 Mem:17.50M (Peak 19.75M) | Time:00:00.01 | Mem:0.76M, Peak:0.76M | Scene, ViewLayer | Updating Primitive Offsets
Fra:1 Mem:17.50M (Peak 19.75M) | Time:00:00.01 | Mem:0.76M, Peak:0.76M | Scene, ViewLayer | Updating Images
Fra:1 Mem:17.50M (Peak 19.75M) | Time:00:00.01 | Mem:0.76M, Peak:0.76M | Scene, ViewLayer | Updating Camera Volume
Fra:1 Mem:17.50M (Peak 19.75M) | Time:00:00.01 | Mem:0.76M, Peak:0.76M | Scene, ViewLayer | Updating Lookup Tables
Fra:1 Mem:17.50M (Peak 19.75M) | Time:00:00.01 | Mem:0.85M, Peak:0.85M | Scene, ViewLayer | Updating Lights
Fra:1 Mem:17.51M (Peak 19.75M) | Time:00:00.01 | Mem:0.85M, Peak:0.85M | Scene, ViewLayer | Updating Lights | Computing tree
Fra:1 Mem:17.51M (Peak 19.75M) | Time:00:00.01 | Mem:0.85M, Peak:0.85M | Scene, ViewLayer | Updating Integrator
Fra:1 Mem:17.51M (Peak 19.75M) | Time:00:00.01 | Mem:0.85M, Peak:0.85M | Scene, ViewLayer | Updating Film
Fra:1 Mem:17.51M (Peak 19.75M) | Time:00:00.01 | Mem:0.77M, Peak:0.85M | Scene, ViewLayer | Updating Lookup Tables
Fra:1 Mem:17.51M (Peak 19.75M) | Time:00:00.01 | Mem:0.85M, Peak:0.85M | Scene, ViewLayer | Updating Baking
Fra:1 Mem:17.51M (Peak 19.75M) | Time:00:00.01 | Mem:0.85M, Peak:0.85M | Scene, ViewLayer | Updating Device | Writing constant memory
Fra:1 Mem:17.51M (Peak 19.75M) | Time:00:00.01 | Mem:0.85M, Peak:0.85M | Scene, ViewLayer | Sample 0/32
Fra:1 Mem:30.70M (Peak 30.70M) | Time:00:01.43 | Remaining:00:43.87 | Mem:14.03M, Peak:14.03M | Scene, ViewLayer | Sample 1/32
Fra:1 Mem:30.70M (Peak 30.70M) | Time:00:21.34 | Remaining:00:18.81 | Mem:14.03M, Peak:14.03M | Scene, ViewLayer | Sample 17/32
Fra:1 Mem:36.56M (Peak 48.28M) | Time:00:43.13 | Mem:14.03M, Peak:14.03M | Scene, ViewLayer | Sample 32/32
Fra:1 Mem:36.56M (Peak 48.28M) | Time:00:43.13 | Mem:14.03M, Peak:14.03M | Scene, ViewLayer | Finished
Saved: '/workspace/scratch/7c20b5ba4165/atlas-stage2-recovery/tools/assets/canada-line-stage2/qa/previews/door-closed.png'
Time: 00:43.32 (Saving: 00:00.18)

Extensions: writing cache failed ([Errno 30] Read-only file system: '/home/agent/.config/blender').
08:19:40 | INFO: Data are loaded, start creating Blender stuff
08:19:40 | INFO: Blender create Mesh node Cube.030
08:19:40 | INFO: Blender create Mesh node Cube
08:19:40 | INFO: Blender create Mesh node Cube.142
08:19:40 | INFO: Blender create Mesh node Cube.141
08:19:40 | INFO: Blender create Mesh node Cube.143
08:19:41 | INFO: Blender create Mesh node Cube.144
08:19:41 | INFO: Blender create Mesh node Cube.140
08:19:41 | INFO: Blender create Mesh node Cube.075
08:19:41 | INFO: Blender create Mesh node Cube.080
08:19:41 | INFO: Blender create Mesh node Cube.085
08:19:41 | INFO: Blender create Mesh node Cube.090
08:19:41 | INFO: Blender create Mesh node Cube.095
08:19:41 | INFO: Blender create Mesh node Cube.100
08:19:41 | INFO: Blender create Mesh node Cube.105
08:19:41 | INFO: Blender create Mesh node Cube.110
08:19:41 | INFO: Blender create Mesh node Cube.115
08:19:41 | INFO: Blender create Mesh node Cube.120
08:19:41 | INFO: Blender create Mesh node Cube.125
08:19:41 | INFO: Blender create Mesh node Cube.130
08:19:41 | INFO: Blender create Mesh node Cube.138
08:19:41 | INFO: Blender create Mesh node Cube.139
08:19:41 | INFO: Blender create Mesh node Cube.069
08:19:41 | INFO: Blender create Mesh node Cube.002
08:19:41 | INFO: Blender create Mesh node Cylinder.007
08:19:41 | INFO: Blender create Mesh node Cylinder.006
08:19:41 | INFO: Blender create Mesh node Cylinder.005
08:19:41 | INFO: Blender create Mesh node Cylinder.004
08:19:41 | INFO: Blender create Mesh node Cylinder.003
08:19:41 | INFO: Blender create Mesh node Cylinder.002
08:19:41 | INFO: Blender create Mesh node Cylinder.001
08:19:41 | INFO: Blender create Mesh node Cylinder
08:19:41 | INFO: glTF import finished in 0.04s
08:19:41 | INFO: Data are loaded, start creating Blender stuff
08:19:41 | INFO: Blender create Mesh node interior-batch-canada-wall
08:19:41 | INFO: Blender create Mesh node interior-batch-canada-floor
08:19:41 | INFO: Blender create Mesh node interior-batch-canada-rail
08:19:41 | INFO: Blender create Mesh node interior-batch-canada-sign
08:19:41 | INFO: Blender create Mesh node interior-batch-canada-seat
08:19:41 | INFO: Blender create Mesh node interior-batch-canada-priority
08:19:41 | INFO: glTF import finished in 0.04s
Fra:1 Mem:19.02M (Peak 19.02M) | Time:00:00.05 | Mem:0.00M, Peak:0.00M | Scene, ViewLayer | Synchronizing object | QA-ground
Fra:1 Mem:19.02M (Peak 19.02M) | Time:00:00.05 | Mem:0.00M, Peak:0.00M | Scene, ViewLayer | Synchronizing object | interior-batch-canada-priority
Fra:1 Mem:19.03M (Peak 19.03M) | Time:00:00.05 | Mem:0.00M, Peak:0.00M | Scene, ViewLayer | Synchronizing object | interior-batch-canada-seat
Fra:1 Mem:19.10M (Peak 19.10M) | Time:00:00.05 | Mem:0.00M, Peak:0.00M | Scene, ViewLayer | Synchronizing object | interior-batch-canada-sign
Fra:1 Mem:19.11M (Peak 19.11M) | Time:00:00.05 | Mem:0.00M, Peak:0.00M | Scene, ViewLayer | Synchronizing object | interior-batch-canada-rail
Fra:1 Mem:19.22M (Peak 19.22M) | Time:00:00.05 | Mem:0.00M, Peak:0.00M | Scene, ViewLayer | Synchronizing object | interior-batch-canada-floor
Fra:1 Mem:19.22M (Peak 19.22M) | Time:00:00.05 | Mem:0.00M, Peak:0.00M | Scene, ViewLayer | Synchronizing object | interior-batch-canada-wall
Fra:1 Mem:19.26M (Peak 19.26M) | Time:00:00.05 | Mem:0.00M, Peak:0.00M | Scene, ViewLayer | Synchronizing object | wheel-rear-rear-right
Fra:1 Mem:19.27M (Peak 19.27M) | Time:00:00.05 | Mem:0.00M, Peak:0.00M | Scene, ViewLayer | Synchronizing object | wheel-rear-rear-left
Fra:1 Mem:19.28M (Peak 19.28M) | Time:00:00.05 | Mem:0.00M, Peak:0.00M | Scene, ViewLayer | Synchronizing object | wheel-rear-front-right
Fra:1 Mem:19.30M (Peak 19.30M) | Time:00:00.05 | Mem:0.00M, Peak:0.00M | Scene, ViewLayer | Synchronizing object | blue-fascia
Fra:1 Mem:19.31M (Peak 19.31M) | Time:00:00.05 | Mem:0.00M, Peak:0.00M | Scene, ViewLayer | Synchronizing object | body-shell
Fra:1 Mem:19.57M (Peak 19.57M) | Time:00:00.05 | Mem:0.00M, Peak:0.00M | Scene, ViewLayer | Synchronizing object | wheel-rear-front-left
Fra:1 Mem:19.57M (Peak 19.57M) | Time:00:00.05 | Mem:0.00M, Peak:0.00M | Scene, ViewLayer | Synchronizing object | wheel-front-rear-right
Fra:1 Mem:19.44M (Peak 19.57M) | Time:00:00.05 | Mem:0.00M, Peak:0.00M | Scene, ViewLayer | Synchronizing object | wheel-front-rear-left
Fra:1 Mem:19.45M (Peak 19.57M) | Time:00:00.05 | Mem:0.00M, Peak:0.00M | Scene, ViewLayer | Synchronizing object | wheel-front-front-right
Fra:1 Mem:19.47M (Peak 19.57M) | Time:00:00.05 | Mem:0.00M, Peak:0.00M | Scene, ViewLayer | Synchronizing object | wheel-front-front-left
Fra:1 Mem:19.48M (Peak 19.57M) | Time:00:00.05 | Mem:0.00M, Peak:0.00M | Scene, ViewLayer | Synchronizing object | glass
Fra:1 Mem:19.50M (Peak 19.57M) | Time:00:00.05 | Mem:0.00M, Peak:0.00M | Scene, ViewLayer | Synchronizing object | gangway-rubber
Fra:1 Mem:19.51M (Peak 19.57M) | Time:00:00.05 | Mem:0.00M, Peak:0.00M | Scene, ViewLayer | Synchronizing object | front-lamp-1
Fra:1 Mem:19.51M (Peak 19.57M) | Time:00:00.05 | Mem:0.00M, Peak:0.00M | Scene, ViewLayer | Synchronizing object | front-lamp--1
Fra:1 Mem:19.51M (Peak 19.57M) | Time:00:00.05 | Mem:0.00M, Peak:0.00M | Scene, ViewLayer | Synchronizing object | door-right-3-b
Fra:1 Mem:19.53M (Peak 19.57M) | Time:00:00.05 | Mem:0.00M, Peak:0.00M | Scene, ViewLayer | Synchronizing object | door-right-3-a
Fra:1 Mem:19.54M (Peak 19.57M) | Time:00:00.05 | Mem:0.00M, Peak:0.00M | Scene, ViewLayer | Synchronizing object | door-right-2-b
Fra:1 Mem:19.55M (Peak 19.57M) | Time:00:00.05 | Mem:0.00M, Peak:0.00M | Scene, ViewLayer | Synchronizing object | door-right-2-a
Fra:1 Mem:19.56M (Peak 19.57M) | Time:00:00.05 | Mem:0.00M, Peak:0.00M | Scene, ViewLayer | Synchronizing object | door-right-1-b
Fra:1 Mem:19.57M (Peak 19.57M) | Time:00:00.05 | Mem:0.00M, Peak:0.00M | Scene, ViewLayer | Synchronizing object | door-right-1-a
Fra:1 Mem:19.58M (Peak 19.58M) | Time:00:00.05 | Mem:0.00M, Peak:0.00M | Scene, ViewLayer | Synchronizing object | door-left-3-b
Fra:1 Mem:19.59M (Peak 19.59M) | Time:00:00.05 | Mem:0.00M, Peak:0.00M | Scene, ViewLayer | Synchronizing object | door-left-3-a
Fra:1 Mem:19.60M (Peak 19.60M) | Time:00:00.05 | Mem:0.00M, Peak:0.00M | Scene, ViewLayer | Synchronizing object | door-left-2-b
Fra:1 Mem:19.61M (Peak 19.61M) | Time:00:00.05 | Mem:0.00M, Peak:0.00M | Scene, ViewLayer | Synchronizing object | door-left-2-a
Fra:1 Mem:19.62M (Peak 19.62M) | Time:00:00.05 | Mem:0.00M, Peak:0.00M | Scene, ViewLayer | Synchronizing object | door-left-1-b
Fra:1 Mem:19.63M (Peak 19.63M) | Time:00:00.05 | Mem:0.00M, Peak:0.00M | Scene, ViewLayer | Synchronizing object | door-left-1-a
Fra:1 Mem:19.64M (Peak 19.64M) | Time:00:00.05 | Mem:0.00M, Peak:0.00M | Scene, ViewLayer | Synchronizing object | destination-panel
Fra:1 Mem:19.65M (Peak 19.65M) | Time:00:00.05 | Mem:0.00M, Peak:0.00M | Scene, ViewLayer | Synchronizing object | coupler-mesh.001
Fra:1 Mem:19.65M (Peak 19.65M) | Time:00:00.05 | Mem:0.00M, Peak:0.00M | Scene, ViewLayer | Synchronizing object | coupler-mesh
Fra:1 Mem:19.65M (Peak 19.65M) | Time:00:00.05 | Mem:0.00M, Peak:0.00M | Scene, ViewLayer | Synchronizing object | bogie-rear-frame
Fra:1 Mem:19.65M (Peak 19.65M) | Time:00:00.05 | Mem:0.00M, Peak:0.00M | Scene, ViewLayer | Synchronizing object | bogie-front-frame
Fra:1 Mem:19.66M (Peak 19.66M) | Time:00:00.05 | Mem:0.00M, Peak:0.00M | Scene, ViewLayer | Initializing
Fra:1 Mem:16.83M (Peak 19.66M) | Time:00:00.06 | Mem:0.00M, Peak:0.00M | Scene, ViewLayer | Waiting for render to start
Fra:1 Mem:16.83M (Peak 19.66M) | Time:00:00.06 | Mem:0.00M, Peak:0.00M | Scene, ViewLayer | Loading render kernels (may take a few minutes the first time)
Fra:1 Mem:16.83M (Peak 19.66M) | Time:00:00.06 | Mem:0.00M, Peak:0.00M | Scene, ViewLayer | Updating Scene
Fra:1 Mem:16.83M (Peak 19.66M) | Time:00:00.06 | Mem:0.00M, Peak:0.00M | Scene, ViewLayer | Updating Shaders
Fra:1 Mem:16.92M (Peak 19.66M) | Time:00:00.06 | Mem:0.01M, Peak:0.01M | Scene, ViewLayer | Updating Procedurals
Fra:1 Mem:16.92M (Peak 19.66M) | Time:00:00.06 | Mem:0.01M, Peak:0.01M | Scene, ViewLayer | Updating Background
Fra:1 Mem:16.92M (Peak 19.66M) | Time:00:00.06 | Mem:0.01M, Peak:0.01M | Scene, ViewLayer | Updating Camera
Fra:1 Mem:16.92M (Peak 19.66M) | Time:00:00.06 | Mem:0.01M, Peak:0.01M | Scene, ViewLayer | Updating Meshes Flags
Fra:1 Mem:16.92M (Peak 19.66M) | Time:00:00.06 | Mem:0.01M, Peak:0.01M | Scene, ViewLayer | Updating Objects
Fra:1 Mem:16.92M (Peak 19.66M) | Time:00:00.06 | Mem:0.01M, Peak:0.01M | Scene, ViewLayer | Updating Objects | Copying Transformations to device
Fra:1 Mem:16.93M (Peak 19.66M) | Time:00:00.06 | Mem:0.02M, Peak:0.02M | Scene, ViewLayer | Updating Objects | Applying Static Transformations
Fra:1 Mem:16.93M (Peak 19.66M) | Time:00:00.06 | Mem:0.02M, Peak:0.02M | Scene, ViewLayer | Updating Particle Systems
Fra:1 Mem:16.93M (Peak 19.66M) | Time:00:00.06 | Mem:0.02M, Peak:0.02M | Scene, ViewLayer | Updating Particle Systems | Copying Particles to device
Fra:1 Mem:16.93M (Peak 19.66M) | Time:00:00.06 | Mem:0.02M, Peak:0.02M | Scene, ViewLayer | Updating Meshes
Fra:1 Mem:16.99M (Peak 19.66M) | Time:00:00.06 | Mem:0.02M, Peak:0.02M | Scene, ViewLayer | Updating Mesh | Computing attributes
Fra:1 Mem:17.12M (Peak 19.66M) | Time:00:00.06 | Mem:0.02M, Peak:0.02M | Scene, ViewLayer | Updating Mesh | Copying Attributes to device
Fra:1 Mem:17.11M (Peak 19.66M) | Time:00:00.06 | Mem:0.14M, Peak:0.14M | Scene, ViewLayer | Updating Scene BVH | Building
Fra:1 Mem:17.11M (Peak 19.66M) | Time:00:00.06 | Mem:0.14M, Peak:0.14M | Scene, ViewLayer | Updating Scene BVH | Building BVH
Fra:1 Mem:17.11M (Peak 19.66M) | Time:00:00.06 | Mem:0.25M, Peak:0.25M | Scene, ViewLayer | Updating Scene BVH | Building BVH 0%
Fra:1 Mem:17.11M (Peak 19.66M) | Time:00:00.07 | Mem:0.38M, Peak:0.49M | Scene, ViewLayer | Updating Scene BVH | Copying BVH to device
Fra:1 Mem:17.11M (Peak 19.66M) | Time:00:00.07 | Mem:0.38M, Peak:0.49M | Scene, ViewLayer | Updating Mesh | Computing normals
Fra:1 Mem:17.50M (Peak 19.66M) | Time:00:00.08 | Mem:0.38M, Peak:0.49M | Scene, ViewLayer | Updating Mesh | Copying Mesh to device
Fra:1 Mem:17.50M (Peak 19.66M) | Time:00:00.08 | Mem:0.78M, Peak:0.78M | Scene, ViewLayer | Updating Objects Flags
Fra:1 Mem:17.50M (Peak 19.66M) | Time:00:00.08 | Mem:0.78M, Peak:0.78M | Scene, ViewLayer | Updating Primitive Offsets
Fra:1 Mem:17.50M (Peak 19.66M) | Time:00:00.08 | Mem:0.78M, Peak:0.78M | Scene, ViewLayer | Updating Images
Fra:1 Mem:17.50M (Peak 19.66M) | Time:00:00.08 | Mem:0.78M, Peak:0.78M | Scene, ViewLayer | Updating Camera Volume
Fra:1 Mem:17.50M (Peak 19.66M) | Time:00:00.08 | Mem:0.78M, Peak:0.78M | Scene, ViewLayer | Updating Lookup Tables
Fra:1 Mem:17.50M (Peak 19.66M) | Time:00:00.08 | Mem:0.86M, Peak:0.86M | Scene, ViewLayer | Updating Lights
Fra:1 Mem:17.51M (Peak 19.66M) | Time:00:00.08 | Mem:0.86M, Peak:0.86M | Scene, ViewLayer | Updating Lights | Computing tree
Fra:1 Mem:17.51M (Peak 19.66M) | Time:00:00.08 | Mem:0.86M, Peak:0.86M | Scene, ViewLayer | Updating Integrator
Fra:1 Mem:17.51M (Peak 19.66M) | Time:00:00.08 | Mem:0.86M, Peak:0.86M | Scene, ViewLayer | Updating Film
Fra:1 Mem:17.51M (Peak 19.66M) | Time:00:00.08 | Mem:0.78M, Peak:0.86M | Scene, ViewLayer | Updating Lookup Tables
Fra:1 Mem:17.51M (Peak 19.66M) | Time:00:00.08 | Mem:0.86M, Peak:0.86M | Scene, ViewLayer | Updating Baking
Fra:1 Mem:17.51M (Peak 19.66M) | Time:00:00.08 | Mem:0.86M, Peak:0.86M | Scene, ViewLayer | Updating Device | Writing constant memory
Fra:1 Mem:17.51M (Peak 19.66M) | Time:00:00.08 | Mem:0.86M, Peak:0.86M | Scene, ViewLayer | Sample 0/32
Fra:1 Mem:30.70M (Peak 30.70M) | Time:00:02.40 | Remaining:01:11.96 | Mem:14.05M, Peak:14.05M | Scene, ViewLayer | Sample 1/32
Fra:1 Mem:30.70M (Peak 30.70M) | Time:00:20.33 | Remaining:00:17.86 | Mem:14.05M, Peak:14.05M | Scene, ViewLayer | Sample 17/32
Fra:1 Mem:36.56M (Peak 48.28M) | Time:00:36.55 | Mem:14.05M, Peak:14.05M | Scene, ViewLayer | Sample 32/32
Fra:1 Mem:36.56M (Peak 48.28M) | Time:00:36.55 | Mem:14.05M, Peak:14.05M | Scene, ViewLayer | Finished
Saved: '/workspace/scratch/7c20b5ba4165/atlas-stage2-recovery/tools/assets/canada-line-stage2/qa/previews/door-open.png'
Time: 00:36.70 (Saving: 00:00.13)

Extensions: writing cache failed ([Errno 30] Read-only file system: '/home/agent/.config/blender').
08:20:17 | INFO: Data are loaded, start creating Blender stuff
08:20:17 | INFO: Blender create Mesh node Cube.030
08:20:17 | INFO: Blender create Mesh node Cube
08:20:17 | INFO: Blender create Mesh node Cube.142
08:20:17 | INFO: Blender create Mesh node Cube.141
08:20:17 | INFO: Blender create Mesh node Cube.143
08:20:17 | INFO: Blender create Mesh node Cube.144
08:20:17 | INFO: Blender create Mesh node Cube.140
08:20:17 | INFO: Blender create Mesh node Cube.075
08:20:17 | INFO: Blender create Mesh node Cube.080
08:20:17 | INFO: Blender create Mesh node Cube.085
08:20:17 | INFO: Blender create Mesh node Cube.090
08:20:17 | INFO: Blender create Mesh node Cube.095
08:20:17 | INFO: Blender create Mesh node Cube.100
08:20:17 | INFO: Blender create Mesh node Cube.105
08:20:17 | INFO: Blender create Mesh node Cube.110
08:20:17 | INFO: Blender create Mesh node Cube.115
08:20:17 | INFO: Blender create Mesh node Cube.120
08:20:17 | INFO: Blender create Mesh node Cube.125
08:20:17 | INFO: Blender create Mesh node Cube.130
08:20:17 | INFO: Blender create Mesh node Cube.138
08:20:17 | INFO: Blender create Mesh node Cube.139
08:20:17 | INFO: Blender create Mesh node Cube.069
08:20:17 | INFO: Blender create Mesh node Cube.002
08:20:17 | INFO: Blender create Mesh node Cylinder.007
08:20:17 | INFO: Blender create Mesh node Cylinder.006
08:20:17 | INFO: Blender create Mesh node Cylinder.005
08:20:17 | INFO: Blender create Mesh node Cylinder.004
08:20:17 | INFO: Blender create Mesh node Cylinder.003
08:20:17 | INFO: Blender create Mesh node Cylinder.002
08:20:17 | INFO: Blender create Mesh node Cylinder.001
08:20:17 | INFO: Blender create Mesh node Cylinder
08:20:18 | INFO: glTF import finished in 0.07s
08:20:18 | INFO: Data are loaded, start creating Blender stuff
08:20:18 | INFO: Blender create Mesh node interior-batch-canada-wall
08:20:18 | INFO: Blender create Mesh node interior-batch-canada-floor
08:20:18 | INFO: Blender create Mesh node interior-batch-canada-rail
08:20:18 | INFO: Blender create Mesh node interior-batch-canada-sign
08:20:18 | INFO: Blender create Mesh node interior-batch-canada-seat
08:20:18 | INFO: Blender create Mesh node interior-batch-canada-priority
08:20:18 | INFO: glTF import finished in 0.04s
Fra:1 Mem:19.48M (Peak 19.48M) | Time:00:00.00 | Mem:0.00M, Peak:0.00M | Scene, ViewLayer | Synchronizing object | blue-fascia
Fra:1 Mem:19.50M (Peak 19.50M) | Time:00:00.01 | Mem:0.00M, Peak:0.00M | Scene, ViewLayer | Synchronizing object | body-shell
Fra:1 Mem:19.78M (Peak 19.78M) | Time:00:00.01 | Mem:0.00M, Peak:0.00M | Scene, ViewLayer | Synchronizing object | Cube.006
Fra:1 Mem:19.79M (Peak 19.79M) | Time:00:00.01 | Mem:0.00M, Peak:0.00M | Scene, ViewLayer | Synchronizing object | Cube.005
Fra:1 Mem:19.79M (Peak 19.79M) | Time:00:00.01 | Mem:0.00M, Peak:0.00M | Scene, ViewLayer | Synchronizing object | Cube.004
Fra:1 Mem:19.80M (Peak 19.80M) | Time:00:00.01 | Mem:0.00M, Peak:0.00M | Scene, ViewLayer | Synchronizing object | Cube.003
Fra:1 Mem:19.84M (Peak 19.84M) | Time:00:00.01 | Mem:0.00M, Peak:0.00M | Scene, ViewLayer | Synchronizing object | Cube.002
Fra:1 Mem:19.84M (Peak 19.84M) | Time:00:00.01 | Mem:0.00M, Peak:0.00M | Scene, ViewLayer | Synchronizing object | Cube.001
Fra:1 Mem:19.84M (Peak 19.84M) | Time:00:00.01 | Mem:0.00M, Peak:0.00M | Scene, ViewLayer | Synchronizing object | Cube
Fra:1 Mem:19.84M (Peak 19.84M) | Time:00:00.01 | Mem:0.00M, Peak:0.00M | Scene, ViewLayer | Synchronizing object | QA-ground
Fra:1 Mem:19.87M (Peak 19.87M) | Time:00:00.01 | Mem:0.00M, Peak:0.00M | Scene, ViewLayer | Synchronizing object | interior-batch-canada-priority
Fra:1 Mem:19.80M (Peak 19.87M) | Time:00:00.01 | Mem:0.00M, Peak:0.00M | Scene, ViewLayer | Synchronizing object | interior-batch-canada-seat
Fra:1 Mem:19.75M (Peak 19.87M) | Time:00:00.01 | Mem:0.00M, Peak:0.00M | Scene, ViewLayer | Synchronizing object | bogie-front-frame
Fra:1 Mem:19.81M (Peak 19.87M) | Time:00:00.01 | Mem:0.00M, Peak:0.00M | Scene, ViewLayer | Synchronizing object | bogie-rear-frame
Fra:1 Mem:19.80M (Peak 19.87M) | Time:00:00.01 | Mem:0.00M, Peak:0.00M | Scene, ViewLayer | Synchronizing object | coupler-mesh
Fra:1 Mem:19.74M (Peak 19.87M) | Time:00:00.01 | Mem:0.00M, Peak:0.00M | Scene, ViewLayer | Synchronizing object | coupler-mesh.001
Fra:1 Mem:19.74M (Peak 19.87M) | Time:00:00.01 | Mem:0.00M, Peak:0.00M | Scene, ViewLayer | Synchronizing object | interior-batch-canada-sign
Fra:1 Mem:19.75M (Peak 19.87M) | Time:00:00.01 | Mem:0.00M, Peak:0.00M | Scene, ViewLayer | Synchronizing object | destination-panel
Fra:1 Mem:19.75M (Peak 19.87M) | Time:00:00.01 | Mem:0.00M, Peak:0.00M | Scene, ViewLayer | Synchronizing object | door-left-1-a
Fra:1 Mem:19.77M (Peak 19.87M) | Time:00:00.01 | Mem:0.00M, Peak:0.00M | Scene, ViewLayer | Synchronizing object | interior-batch-canada-rail
Fra:1 Mem:19.78M (Peak 19.87M) | Time:00:00.01 | Mem:0.00M, Peak:0.00M | Scene, ViewLayer | Synchronizing object | door-left-1-b
Fra:1 Mem:20.02M (Peak 20.02M) | Time:00:00.01 | Mem:0.00M, Peak:0.00M | Scene, ViewLayer | Synchronizing object | door-left-2-a
Fra:1 Mem:19.87M (Peak 20.02M) | Time:00:00.01 | Mem:0.00M, Peak:0.00M | Scene, ViewLayer | Synchronizing object | door-left-2-b
Fra:1 Mem:19.92M (Peak 20.02M) | Time:00:00.01 | Mem:0.00M, Peak:0.00M | Scene, ViewLayer | Synchronizing object | door-left-3-a
Fra:1 Mem:20.03M (Peak 20.03M) | Time:00:00.01 | Mem:0.00M, Peak:0.00M | Scene, ViewLayer | Synchronizing object | door-left-3-b
Fra:1 Mem:20.00M (Peak 20.03M) | Time:00:00.01 | Mem:0.00M, Peak:0.00M | Scene, ViewLayer | Synchronizing object | door-right-1-a
Fra:1 Mem:19.95M (Peak 20.03M) | Time:00:00.01 | Mem:0.00M, Peak:0.00M | Scene, ViewLayer | Synchronizing object | door-right-1-b
Fra:1 Mem:19.94M (Peak 20.03M) | Time:00:00.01 | Mem:0.00M, Peak:0.00M | Scene, ViewLayer | Synchronizing object | interior-batch-canada-floor
Fra:1 Mem:19.94M (Peak 20.03M) | Time:00:00.01 | Mem:0.00M, Peak:0.00M | Scene, ViewLayer | Synchronizing object | door-right-2-a
Fra:1 Mem:19.96M (Peak 20.03M) | Time:00:00.01 | Mem:0.00M, Peak:0.00M | Scene, ViewLayer | Synchronizing object | interior-batch-canada-wall
Fra:1 Mem:20.03M (Peak 20.03M) | Time:00:00.01 | Mem:0.00M, Peak:0.00M | Scene, ViewLayer | Synchronizing object | door-right-2-b
Fra:1 Mem:20.04M (Peak 20.04M) | Time:00:00.01 | Mem:0.00M, Peak:0.00M | Scene, ViewLayer | Synchronizing object | door-right-3-a
Fra:1 Mem:20.01M (Peak 20.04M) | Time:00:00.01 | Mem:0.00M, Peak:0.00M | Scene, ViewLayer | Synchronizing object | wheel-rear-rear-right
Fra:1 Mem:20.03M (Peak 20.04M) | Time:00:00.01 | Mem:0.00M, Peak:0.00M | Scene, ViewLayer | Synchronizing object | door-right-3-b
Fra:1 Mem:20.04M (Peak 20.04M) | Time:00:00.01 | Mem:0.00M, Peak:0.00M | Scene, ViewLayer | Synchronizing object | wheel-rear-rear-left
Fra:1 Mem:20.03M (Peak 20.04M) | Time:00:00.01 | Mem:0.00M, Peak:0.00M | Scene, ViewLayer | Synchronizing object | wheel-rear-front-right
Fra:1 Mem:20.04M (Peak 20.04M) | Time:00:00.01 | Mem:0.00M, Peak:0.00M | Scene, ViewLayer | Synchronizing object | front-lamp--1
Fra:1 Mem:20.06M (Peak 20.06M) | Time:00:00.01 | Mem:0.00M, Peak:0.00M | Scene, ViewLayer | Synchronizing object | front-lamp-1
Fra:1 Mem:20.06M (Peak 20.06M) | Time:00:00.01 | Mem:0.00M, Peak:0.00M | Scene, ViewLayer | Synchronizing object | wheel-rear-front-left
Fra:1 Mem:20.07M (Peak 20.07M) | Time:00:00.01 | Mem:0.00M, Peak:0.00M | Scene, ViewLayer | Synchronizing object | gangway-rubber
Fra:1 Mem:20.06M (Peak 20.07M) | Time:00:00.01 | Mem:0.00M, Peak:0.00M | Scene, ViewLayer | Synchronizing object | wheel-front-rear-right
Fra:1 Mem:20.08M (Peak 20.08M) | Time:00:00.01 | Mem:0.00M, Peak:0.00M | Scene, ViewLayer | Synchronizing object | glass
Fra:1 Mem:20.09M (Peak 20.09M) | Time:00:00.01 | Mem:0.00M, Peak:0.00M | Scene, ViewLayer | Synchronizing object | wheel-front-rear-left
Fra:1 Mem:20.15M (Peak 20.15M) | Time:00:00.01 | Mem:0.00M, Peak:0.00M | Scene, ViewLayer | Synchronizing object | wheel-front-front-right
Fra:1 Mem:20.13M (Peak 20.15M) | Time:00:00.01 | Mem:0.00M, Peak:0.00M | Scene, ViewLayer | Synchronizing object | wheel-front-front-left
Fra:1 Mem:20.14M (Peak 20.15M) | Time:00:00.01 | Mem:0.00M, Peak:0.00M | Scene, ViewLayer | Initializing
Fra:1 Mem:17.10M (Peak 20.15M) | Time:00:00.01 | Mem:0.00M, Peak:0.00M | Scene, ViewLayer | Waiting for render to start
Fra:1 Mem:17.10M (Peak 20.15M) | Time:00:00.01 | Mem:0.00M, Peak:0.00M | Scene, ViewLayer | Loading render kernels (may take a few minutes the first time)
Fra:1 Mem:17.10M (Peak 20.15M) | Time:00:00.01 | Mem:0.00M, Peak:0.00M | Scene, ViewLayer | Updating Scene
Fra:1 Mem:17.10M (Peak 20.15M) | Time:00:00.01 | Mem:0.00M, Peak:0.00M | Scene, ViewLayer | Updating Shaders
Fra:1 Mem:17.19M (Peak 20.15M) | Time:00:00.01 | Mem:0.01M, Peak:0.01M | Scene, ViewLayer | Updating Procedurals
Fra:1 Mem:17.19M (Peak 20.15M) | Time:00:00.01 | Mem:0.01M, Peak:0.01M | Scene, ViewLayer | Updating Background
Fra:1 Mem:17.19M (Peak 20.15M) | Time:00:00.01 | Mem:0.01M, Peak:0.01M | Scene, ViewLayer | Updating Camera
Fra:1 Mem:17.19M (Peak 20.15M) | Time:00:00.01 | Mem:0.01M, Peak:0.01M | Scene, ViewLayer | Updating Meshes Flags
Fra:1 Mem:17.19M (Peak 20.15M) | Time:00:00.01 | Mem:0.01M, Peak:0.01M | Scene, ViewLayer | Updating Objects
Fra:1 Mem:17.19M (Peak 20.15M) | Time:00:00.01 | Mem:0.01M, Peak:0.01M | Scene, ViewLayer | Updating Objects | Copying Transformations to device
Fra:1 Mem:17.20M (Peak 20.15M) | Time:00:00.01 | Mem:0.02M, Peak:0.02M | Scene, ViewLayer | Updating Objects | Applying Static Transformations
Fra:1 Mem:17.20M (Peak 20.15M) | Time:00:00.01 | Mem:0.02M, Peak:0.02M | Scene, ViewLayer | Updating Particle Systems
Fra:1 Mem:17.20M (Peak 20.15M) | Time:00:00.01 | Mem:0.02M, Peak:0.02M | Scene, ViewLayer | Updating Particle Systems | Copying Particles to device
Fra:1 Mem:17.20M (Peak 20.15M) | Time:00:00.01 | Mem:0.02M, Peak:0.02M | Scene, ViewLayer | Updating Meshes
Fra:1 Mem:17.26M (Peak 20.15M) | Time:00:00.01 | Mem:0.02M, Peak:0.02M | Scene, ViewLayer | Updating Mesh | Computing attributes
Fra:1 Mem:17.39M (Peak 20.15M) | Time:00:00.01 | Mem:0.02M, Peak:0.02M | Scene, ViewLayer | Updating Mesh | Copying Attributes to device
Fra:1 Mem:17.38M (Peak 20.15M) | Time:00:00.01 | Mem:0.14M, Peak:0.14M | Scene, ViewLayer | Updating Scene BVH | Building
Fra:1 Mem:17.38M (Peak 20.15M) | Time:00:00.01 | Mem:0.14M, Peak:0.14M | Scene, ViewLayer | Updating Scene BVH | Building BVH
Fra:1 Mem:17.38M (Peak 20.15M) | Time:00:00.01 | Mem:0.26M, Peak:0.26M | Scene, ViewLayer | Updating Scene BVH | Building BVH 0%
Fra:1 Mem:17.38M (Peak 20.15M) | Time:00:00.01 | Mem:0.39M, Peak:0.50M | Scene, ViewLayer | Updating Scene BVH | Copying BVH to device
Fra:1 Mem:17.38M (Peak 20.15M) | Time:00:00.01 | Mem:0.39M, Peak:0.50M | Scene, ViewLayer | Updating Mesh | Computing normals
Fra:1 Mem:17.78M (Peak 20.15M) | Time:00:00.01 | Mem:0.39M, Peak:0.50M | Scene, ViewLayer | Updating Mesh | Copying Mesh to device
Fra:1 Mem:17.78M (Peak 20.15M) | Time:00:00.01 | Mem:0.79M, Peak:0.79M | Scene, ViewLayer | Updating Objects Flags
Fra:1 Mem:17.78M (Peak 20.15M) | Time:00:00.01 | Mem:0.79M, Peak:0.79M | Scene, ViewLayer | Updating Primitive Offsets
Fra:1 Mem:17.78M (Peak 20.15M) | Time:00:00.01 | Mem:0.79M, Peak:0.79M | Scene, ViewLayer | Updating Images
Fra:1 Mem:17.78M (Peak 20.15M) | Time:00:00.01 | Mem:0.79M, Peak:0.79M | Scene, ViewLayer | Updating Camera Volume
Fra:1 Mem:17.78M (Peak 20.15M) | Time:00:00.01 | Mem:0.79M, Peak:0.79M | Scene, ViewLayer | Updating Lookup Tables
Fra:1 Mem:17.78M (Peak 20.15M) | Time:00:00.01 | Mem:0.87M, Peak:0.87M | Scene, ViewLayer | Updating Lights
Fra:1 Mem:17.78M (Peak 20.15M) | Time:00:00.01 | Mem:0.87M, Peak:0.87M | Scene, ViewLayer | Updating Lights | Computing tree
Fra:1 Mem:17.78M (Peak 20.15M) | Time:00:00.01 | Mem:0.87M, Peak:0.87M | Scene, ViewLayer | Updating Integrator
Fra:1 Mem:17.78M (Peak 20.15M) | Time:00:00.01 | Mem:0.87M, Peak:0.87M | Scene, ViewLayer | Updating Film
Fra:1 Mem:17.78M (Peak 20.15M) | Time:00:00.01 | Mem:0.79M, Peak:0.87M | Scene, ViewLayer | Updating Lookup Tables
Fra:1 Mem:17.78M (Peak 20.15M) | Time:00:00.01 | Mem:0.87M, Peak:0.87M | Scene, ViewLayer | Updating Baking
Fra:1 Mem:17.78M (Peak 20.15M) | Time:00:00.01 | Mem:0.87M, Peak:0.87M | Scene, ViewLayer | Updating Device | Writing constant memory
Fra:1 Mem:17.79M (Peak 20.15M) | Time:00:00.01 | Mem:0.87M, Peak:0.87M | Scene, ViewLayer | Sample 0/32
Fra:1 Mem:30.98M (Peak 30.98M) | Time:00:01.22 | Remaining:00:37.44 | Mem:14.06M, Peak:14.06M | Scene, ViewLayer | Sample 1/32
Fra:1 Mem:36.84M (Peak 48.56M) | Time:00:42.48 | Mem:14.06M, Peak:14.06M | Scene, ViewLayer | Sample 32/32
Fra:1 Mem:36.84M (Peak 48.56M) | Time:00:42.48 | Mem:14.06M, Peak:14.06M | Scene, ViewLayer | Finished
Saved: '/workspace/scratch/7c20b5ba4165/atlas-stage2-recovery/tools/assets/canada-line-stage2/qa/previews/boarding-human-scale.png'
Time: 00:42.57 (Saving: 00:00.08)

Extensions: writing cache failed ([Errno 30] Read-only file system: '/home/agent/.config/blender').
08:21:00 | INFO: Data are loaded, start creating Blender stuff
08:21:00 | INFO: Blender create Mesh node Cube.030
08:21:00 | INFO: Blender create Mesh node Cube
08:21:00 | INFO: Blender create Mesh node Cube.142
08:21:00 | INFO: Blender create Mesh node Cube.141
08:21:00 | INFO: Blender create Mesh node Cube.143
08:21:00 | INFO: Blender create Mesh node Cube.144
08:21:00 | INFO: Blender create Mesh node Cube.140
08:21:00 | INFO: Blender create Mesh node Cube.075
08:21:00 | INFO: Blender create Mesh node Cube.080
08:21:00 | INFO: Blender create Mesh node Cube.085
08:21:00 | INFO: Blender create Mesh node Cube.090
08:21:00 | INFO: Blender create Mesh node Cube.095
08:21:00 | INFO: Blender create Mesh node Cube.100
08:21:00 | INFO: Blender create Mesh node Cube.105
08:21:00 | INFO: Blender create Mesh node Cube.110
08:21:00 | INFO: Blender create Mesh node Cube.115
08:21:00 | INFO: Blender create Mesh node Cube.120
08:21:00 | INFO: Blender create Mesh node Cube.125
08:21:00 | INFO: Blender create Mesh node Cube.130
08:21:00 | INFO: Blender create Mesh node Cube.138
08:21:00 | INFO: Blender create Mesh node Cube.139
08:21:00 | INFO: Blender create Mesh node Cube.069
08:21:00 | INFO: Blender create Mesh node Cube.002
08:21:00 | INFO: Blender create Mesh node Cylinder.007
08:21:00 | INFO: Blender create Mesh node Cylinder.006
08:21:00 | INFO: Blender create Mesh node Cylinder.005
08:21:00 | INFO: Blender create Mesh node Cylinder.004
08:21:00 | INFO: Blender create Mesh node Cylinder.003
08:21:00 | INFO: Blender create Mesh node Cylinder.002
08:21:00 | INFO: Blender create Mesh node Cylinder.001
08:21:00 | INFO: Blender create Mesh node Cylinder
08:21:00 | INFO: glTF import finished in 0.04s
08:21:00 | INFO: Data are loaded, start creating Blender stuff
08:21:00 | INFO: Blender create Mesh node interior-batch-canada-wall
08:21:00 | INFO: Blender create Mesh node interior-batch-canada-floor
08:21:00 | INFO: Blender create Mesh node interior-batch-canada-rail
08:21:00 | INFO: Blender create Mesh node interior-batch-canada-sign
08:21:00 | INFO: Blender create Mesh node interior-batch-canada-seat
08:21:00 | INFO: Blender create Mesh node interior-batch-canada-priority
08:21:00 | INFO: glTF import finished in 0.02s
Fra:1 Mem:19.01M (Peak 19.01M) | Time:00:00.00 | Mem:0.00M, Peak:0.00M | Scene, ViewLayer | Synchronizing object | blue-fascia
Fra:1 Mem:19.03M (Peak 19.03M) | Time:00:00.00 | Mem:0.00M, Peak:0.00M | Scene, ViewLayer | Synchronizing object | body-shell
Fra:1 Mem:19.06M (Peak 19.06M) | Time:00:00.00 | Mem:0.00M, Peak:0.00M | Scene, ViewLayer | Synchronizing object | QA-ground
Fra:1 Mem:19.31M (Peak 19.31M) | Time:00:00.00 | Mem:0.00M, Peak:0.00M | Scene, ViewLayer | Synchronizing object | interior-batch-canada-priority
Fra:1 Mem:19.20M (Peak 19.31M) | Time:00:00.00 | Mem:0.00M, Peak:0.00M | Scene, ViewLayer | Synchronizing object | interior-batch-canada-seat
Fra:1 Mem:19.33M (Peak 19.33M) | Time:00:00.00 | Mem:0.00M, Peak:0.00M | Scene, ViewLayer | Synchronizing object | bogie-front-frame
Fra:1 Mem:19.32M (Peak 19.33M) | Time:00:00.00 | Mem:0.00M, Peak:0.00M | Scene, ViewLayer | Synchronizing object | bogie-rear-frame
Fra:1 Mem:19.25M (Peak 19.33M) | Time:00:00.00 | Mem:0.00M, Peak:0.00M | Scene, ViewLayer | Synchronizing object | interior-batch-canada-sign
Fra:1 Mem:19.25M (Peak 19.33M) | Time:00:00.00 | Mem:0.00M, Peak:0.00M | Scene, ViewLayer | Synchronizing object | coupler-mesh
Fra:1 Mem:19.27M (Peak 19.33M) | Time:00:00.00 | Mem:0.00M, Peak:0.00M | Scene, ViewLayer | Synchronizing object | coupler-mesh.001
Fra:1 Mem:19.26M (Peak 19.33M) | Time:00:00.00 | Mem:0.00M, Peak:0.00M | Scene, ViewLayer | Synchronizing object | destination-panel
Fra:1 Mem:19.27M (Peak 19.33M) | Time:00:00.00 | Mem:0.00M, Peak:0.00M | Scene, ViewLayer | Synchronizing object | door-left-1-a
Fra:1 Mem:19.27M (Peak 19.33M) | Time:00:00.00 | Mem:0.00M, Peak:0.00M | Scene, ViewLayer | Synchronizing object | door-left-1-b
Fra:1 Mem:19.28M (Peak 19.33M) | Time:00:00.00 | Mem:0.00M, Peak:0.00M | Scene, ViewLayer | Synchronizing object | door-left-2-a
Fra:1 Mem:19.31M (Peak 19.33M) | Time:00:00.00 | Mem:0.00M, Peak:0.00M | Scene, ViewLayer | Synchronizing object | interior-batch-canada-rail
Fra:1 Mem:19.31M (Peak 19.33M) | Time:00:00.00 | Mem:0.00M, Peak:0.00M | Scene, ViewLayer | Synchronizing object | door-left-2-b
Fra:1 Mem:19.52M (Peak 19.52M) | Time:00:00.00 | Mem:0.00M, Peak:0.00M | Scene, ViewLayer | Synchronizing object | door-left-3-a
Fra:1 Mem:19.57M (Peak 19.57M) | Time:00:00.00 | Mem:0.00M, Peak:0.00M | Scene, ViewLayer | Synchronizing object | door-left-3-b
Fra:1 Mem:19.44M (Peak 19.57M) | Time:00:00.00 | Mem:0.00M, Peak:0.00M | Scene, ViewLayer | Synchronizing object | door-right-1-a
Fra:1 Mem:19.47M (Peak 19.57M) | Time:00:00.00 | Mem:0.00M, Peak:0.00M | Scene, ViewLayer | Synchronizing object | door-right-1-b
Fra:1 Mem:19.58M (Peak 19.58M) | Time:00:00.00 | Mem:0.00M, Peak:0.00M | Scene, ViewLayer | Synchronizing object | door-right-2-a
Fra:1 Mem:19.59M (Peak 19.59M) | Time:00:00.00 | Mem:0.00M, Peak:0.00M | Scene, ViewLayer | Synchronizing object | door-right-2-b
Fra:1 Mem:19.53M (Peak 19.59M) | Time:00:00.00 | Mem:0.00M, Peak:0.00M | Scene, ViewLayer | Synchronizing object | door-right-3-a
Fra:1 Mem:19.60M (Peak 19.60M) | Time:00:00.00 | Mem:0.00M, Peak:0.00M | Scene, ViewLayer | Synchronizing object | door-right-3-b
Fra:1 Mem:19.49M (Peak 19.60M) | Time:00:00.00 | Mem:0.00M, Peak:0.00M | Scene, ViewLayer | Synchronizing object | interior-batch-canada-floor
Fra:1 Mem:19.50M (Peak 19.60M) | Time:00:00.00 | Mem:0.00M, Peak:0.00M | Scene, ViewLayer | Synchronizing object | front-lamp--1
Fra:1 Mem:19.50M (Peak 19.60M) | Time:00:00.00 | Mem:0.00M, Peak:0.00M | Scene, ViewLayer | Synchronizing object | interior-batch-canada-wall
Fra:1 Mem:19.50M (Peak 19.60M) | Time:00:00.00 | Mem:0.00M, Peak:0.00M | Scene, ViewLayer | Synchronizing object | front-lamp-1
Fra:1 Mem:19.59M (Peak 19.60M) | Time:00:00.00 | Mem:0.00M, Peak:0.00M | Scene, ViewLayer | Synchronizing object | gangway-rubber
Fra:1 Mem:19.55M (Peak 19.60M) | Time:00:00.00 | Mem:0.00M, Peak:0.00M | Scene, ViewLayer | Synchronizing object | glass
Fra:1 Mem:19.58M (Peak 19.60M) | Time:00:00.00 | Mem:0.00M, Peak:0.00M | Scene, ViewLayer | Synchronizing object | wheel-rear-rear-right
Fra:1 Mem:19.62M (Peak 19.62M) | Time:00:00.00 | Mem:0.00M, Peak:0.00M | Scene, ViewLayer | Synchronizing object | wheel-rear-rear-left
Fra:1 Mem:19.63M (Peak 19.63M) | Time:00:00.00 | Mem:0.00M, Peak:0.00M | Scene, ViewLayer | Synchronizing object | wheel-rear-front-right
Fra:1 Mem:19.62M (Peak 19.63M) | Time:00:00.00 | Mem:0.00M, Peak:0.00M | Scene, ViewLayer | Synchronizing object | wheel-front-front-left
Fra:1 Mem:19.60M (Peak 19.63M) | Time:00:00.00 | Mem:0.00M, Peak:0.00M | Scene, ViewLayer | Synchronizing object | wheel-rear-front-left
Fra:1 Mem:19.64M (Peak 19.64M) | Time:00:00.00 | Mem:0.00M, Peak:0.00M | Scene, ViewLayer | Synchronizing object | wheel-front-rear-right
Fra:1 Mem:19.63M (Peak 19.64M) | Time:00:00.00 | Mem:0.00M, Peak:0.00M | Scene, ViewLayer | Synchronizing object | wheel-front-front-right
Fra:1 Mem:19.66M (Peak 19.66M) | Time:00:00.00 | Mem:0.00M, Peak:0.00M | Scene, ViewLayer | Synchronizing object | wheel-front-rear-left
Fra:1 Mem:19.66M (Peak 19.66M) | Time:00:00.00 | Mem:0.00M, Peak:0.00M | Scene, ViewLayer | Initializing
Fra:1 Mem:16.83M (Peak 19.66M) | Time:00:00.01 | Mem:0.00M, Peak:0.00M | Scene, ViewLayer | Waiting for render to start
Fra:1 Mem:16.83M (Peak 19.66M) | Time:00:00.01 | Mem:0.00M, Peak:0.00M | Scene, ViewLayer | Loading render kernels (may take a few minutes the first time)
Fra:1 Mem:16.83M (Peak 19.66M) | Time:00:00.01 | Mem:0.00M, Peak:0.00M | Scene, ViewLayer | Updating Scene
Fra:1 Mem:16.83M (Peak 19.66M) | Time:00:00.01 | Mem:0.00M, Peak:0.00M | Scene, ViewLayer | Updating Shaders
Fra:1 Mem:16.92M (Peak 19.66M) | Time:00:00.01 | Mem:0.01M, Peak:0.01M | Scene, ViewLayer | Updating Procedurals
Fra:1 Mem:16.92M (Peak 19.66M) | Time:00:00.01 | Mem:0.01M, Peak:0.01M | Scene, ViewLayer | Updating Background
Fra:1 Mem:16.92M (Peak 19.66M) | Time:00:00.01 | Mem:0.01M, Peak:0.01M | Scene, ViewLayer | Updating Camera
Fra:1 Mem:16.92M (Peak 19.66M) | Time:00:00.01 | Mem:0.01M, Peak:0.01M | Scene, ViewLayer | Updating Meshes Flags
Fra:1 Mem:16.92M (Peak 19.66M) | Time:00:00.01 | Mem:0.01M, Peak:0.01M | Scene, ViewLayer | Updating Objects
Fra:1 Mem:16.92M (Peak 19.66M) | Time:00:00.01 | Mem:0.01M, Peak:0.01M | Scene, ViewLayer | Updating Objects | Copying Transformations to device
Fra:1 Mem:16.93M (Peak 19.66M) | Time:00:00.01 | Mem:0.02M, Peak:0.02M | Scene, ViewLayer | Updating Objects | Applying Static Transformations
Fra:1 Mem:16.93M (Peak 19.66M) | Time:00:00.01 | Mem:0.02M, Peak:0.02M | Scene, ViewLayer | Updating Particle Systems
Fra:1 Mem:16.93M (Peak 19.66M) | Time:00:00.01 | Mem:0.02M, Peak:0.02M | Scene, ViewLayer | Updating Particle Systems | Copying Particles to device
Fra:1 Mem:16.93M (Peak 19.66M) | Time:00:00.01 | Mem:0.02M, Peak:0.02M | Scene, ViewLayer | Updating Meshes
Fra:1 Mem:16.99M (Peak 19.66M) | Time:00:00.01 | Mem:0.02M, Peak:0.02M | Scene, ViewLayer | Updating Mesh | Computing attributes
Fra:1 Mem:17.12M (Peak 19.66M) | Time:00:00.01 | Mem:0.02M, Peak:0.02M | Scene, ViewLayer | Updating Mesh | Copying Attributes to device
Fra:1 Mem:17.11M (Peak 19.66M) | Time:00:00.01 | Mem:0.14M, Peak:0.14M | Scene, ViewLayer | Updating Scene BVH | Building
Fra:1 Mem:17.11M (Peak 19.66M) | Time:00:00.01 | Mem:0.14M, Peak:0.14M | Scene, ViewLayer | Updating Scene BVH | Building BVH
Fra:1 Mem:17.11M (Peak 19.66M) | Time:00:00.01 | Mem:0.25M, Peak:0.25M | Scene, ViewLayer | Updating Scene BVH | Building BVH 0%
Fra:1 Mem:17.11M (Peak 19.66M) | Time:00:00.01 | Mem:0.38M, Peak:0.49M | Scene, ViewLayer | Updating Scene BVH | Copying BVH to device
Fra:1 Mem:17.11M (Peak 19.66M) | Time:00:00.01 | Mem:0.38M, Peak:0.49M | Scene, ViewLayer | Updating Mesh | Computing normals
Fra:1 Mem:17.50M (Peak 19.66M) | Time:00:00.01 | Mem:0.38M, Peak:0.49M | Scene, ViewLayer | Updating Mesh | Copying Mesh to device
Fra:1 Mem:17.50M (Peak 19.66M) | Time:00:00.01 | Mem:0.78M, Peak:0.78M | Scene, ViewLayer | Updating Objects Flags
Fra:1 Mem:17.50M (Peak 19.66M) | Time:00:00.01 | Mem:0.78M, Peak:0.78M | Scene, ViewLayer | Updating Primitive Offsets
Fra:1 Mem:17.50M (Peak 19.66M) | Time:00:00.01 | Mem:0.78M, Peak:0.78M | Scene, ViewLayer | Updating Images
Fra:1 Mem:17.50M (Peak 19.66M) | Time:00:00.01 | Mem:0.78M, Peak:0.78M | Scene, ViewLayer | Updating Camera Volume
Fra:1 Mem:17.50M (Peak 19.66M) | Time:00:00.01 | Mem:0.78M, Peak:0.78M | Scene, ViewLayer | Updating Lookup Tables
Fra:1 Mem:17.50M (Peak 19.66M) | Time:00:00.01 | Mem:0.86M, Peak:0.86M | Scene, ViewLayer | Updating Lights
Fra:1 Mem:17.51M (Peak 19.66M) | Time:00:00.01 | Mem:0.86M, Peak:0.86M | Scene, ViewLayer | Updating Lights | Computing tree
Fra:1 Mem:17.51M (Peak 19.66M) | Time:00:00.01 | Mem:0.86M, Peak:0.86M | Scene, ViewLayer | Updating Integrator
Fra:1 Mem:17.51M (Peak 19.66M) | Time:00:00.01 | Mem:0.86M, Peak:0.86M | Scene, ViewLayer | Updating Film
Fra:1 Mem:17.51M (Peak 19.66M) | Time:00:00.01 | Mem:0.78M, Peak:0.86M | Scene, ViewLayer | Updating Lookup Tables
Fra:1 Mem:17.51M (Peak 19.66M) | Time:00:00.01 | Mem:0.86M, Peak:0.86M | Scene, ViewLayer | Updating Baking
Fra:1 Mem:17.51M (Peak 19.66M) | Time:00:00.01 | Mem:0.86M, Peak:0.86M | Scene, ViewLayer | Updating Device | Writing constant memory
Fra:1 Mem:17.51M (Peak 19.66M) | Time:00:00.01 | Mem:0.86M, Peak:0.86M | Scene, ViewLayer | Sample 0/32
Fra:1 Mem:30.70M (Peak 30.70M) | Time:00:01.21 | Remaining:00:37.23 | Mem:14.05M, Peak:14.05M | Scene, ViewLayer | Sample 1/32
Fra:1 Mem:36.56M (Peak 48.28M) | Time:00:33.10 | Mem:14.05M, Peak:14.05M | Scene, ViewLayer | Sample 32/32
Fra:1 Mem:36.56M (Peak 48.28M) | Time:00:33.10 | Mem:14.05M, Peak:14.05M | Scene, ViewLayer | Finished
Saved: '/workspace/scratch/7c20b5ba4165/atlas-stage2-recovery/tools/assets/canada-line-stage2/qa/previews/gangway.png'
Time: 00:33.21 (Saving: 00:00.10)


Blender quit
