Extensions: writing cache failed ([Errno 30] Read-only file system: '/home/agent/.config/blender').
16:24:35 | INFO: Data are loaded, start creating Blender stuff
16:24:35 | INFO: Blender create Mesh node Cube
16:24:35 | INFO: Blender create Mesh node Cube.158
16:24:36 | INFO: Blender create Mesh node Cube.157
16:24:36 | INFO: Blender create Mesh node Cube.135
16:24:36 | INFO: Blender create Mesh node Cube.140
16:24:36 | INFO: Blender create Mesh node Cube.145
16:24:36 | INFO: Blender create Mesh node Cube.150
16:24:36 | INFO: Blender create Mesh node Cube.125
16:24:36 | INFO: Blender create Mesh node Cube.130
16:24:36 | INFO: Blender create Mesh node Cube.105
16:24:36 | INFO: Blender create Mesh node Cube.110
16:24:36 | INFO: Blender create Mesh node Cube.115
16:24:36 | INFO: Blender create Mesh node Cube.120
16:24:36 | INFO: Blender create Mesh node Cube.095
16:24:36 | INFO: Blender create Mesh node Cube.100
16:24:36 | INFO: Blender create Mesh node Cube.004
16:24:36 | INFO: Blender create Mesh node Cube.092
16:24:36 | INFO: Blender create Mesh node Cylinder.007
16:24:36 | INFO: Blender create Mesh node Cylinder.006
16:24:36 | INFO: Blender create Mesh node Cylinder.005
16:24:36 | INFO: Blender create Mesh node Cylinder.004
16:24:36 | INFO: Blender create Mesh node Cylinder.003
16:24:36 | INFO: Blender create Mesh node Cylinder.002
16:24:36 | INFO: Blender create Mesh node Cylinder.001
16:24:36 | INFO: Blender create Mesh node Cylinder
16:24:36 | INFO: glTF import finished in 0.02s
Extensions: writing cache failed ([Errno 30] Read-only file system: '/home/agent/.config/blender').
16:24:36 | INFO: Data are loaded, start creating Blender stuff
16:24:36 | INFO: Blender create Mesh node Cube
16:24:36 | INFO: Blender create Mesh node Cube.142
16:24:36 | INFO: Blender create Mesh node Cube.141
16:24:36 | INFO: Blender create Mesh node Cube.119
16:24:36 | INFO: Blender create Mesh node Cube.124
16:24:36 | INFO: Blender create Mesh node Cube.129
16:24:36 | INFO: Blender create Mesh node Cube.134
16:24:36 | INFO: Blender create Mesh node Cube.109
16:24:36 | INFO: Blender create Mesh node Cube.114
16:24:36 | INFO: Blender create Mesh node Cube.089
16:24:36 | INFO: Blender create Mesh node Cube.094
16:24:36 | INFO: Blender create Mesh node Cube.099
16:24:36 | INFO: Blender create Mesh node Cube.104
16:24:36 | INFO: Blender create Mesh node Cube.079
16:24:36 | INFO: Blender create Mesh node Cube.084
16:24:36 | INFO: Blender create Mesh node Cube.004
16:24:36 | INFO: Blender create Mesh node Cube.076
16:24:36 | INFO: Blender create Mesh node Cylinder.007
16:24:36 | INFO: Blender create Mesh node Cylinder.006
16:24:36 | INFO: Blender create Mesh node Cylinder.005
16:24:36 | INFO: Blender create Mesh node Cylinder.004
16:24:36 | INFO: Blender create Mesh node Cylinder.003
16:24:36 | INFO: Blender create Mesh node Cylinder.002
16:24:36 | INFO: Blender create Mesh node Cylinder.001
16:24:36 | INFO: Blender create Mesh node Cylinder
16:24:36 | INFO: glTF import finished in 0.02s
Extensions: writing cache failed ([Errno 30] Read-only file system: '/home/agent/.config/blender').
16:24:36 | INFO: Data are loaded, start creating Blender stuff
16:24:36 | INFO: Blender create Mesh node Cube
16:24:36 | INFO: Blender create Mesh node Cube.013
16:24:36 | INFO: Blender create Mesh node Cube.012
16:24:36 | INFO: Blender create Mesh node Cube.002
16:24:36 | INFO: Blender create Mesh node Cylinder.007
16:24:36 | INFO: Blender create Mesh node Cylinder.006
16:24:36 | INFO: Blender create Mesh node Cylinder.005
16:24:36 | INFO: Blender create Mesh node Cylinder.004
16:24:36 | INFO: Blender create Mesh node Cylinder.003
16:24:36 | INFO: Blender create Mesh node Cylinder.002
16:24:36 | INFO: Blender create Mesh node Cylinder.001
16:24:36 | INFO: Blender create Mesh node Cylinder
16:24:36 | INFO: glTF import finished in 0.01s
Extensions: writing cache failed ([Errno 30] Read-only file system: '/home/agent/.config/blender').
16:24:36 | INFO: Data are loaded, start creating Blender stuff
16:24:36 | INFO: Blender create Mesh node Cube
16:24:36 | INFO: Blender create Mesh node Cube.158
16:24:36 | INFO: Blender create Mesh node Cube.157
16:24:36 | INFO: Blender create Mesh node Cube.135
16:24:36 | INFO: Blender create Mesh node Cube.140
16:24:36 | INFO: Blender create Mesh node Cube.145
16:24:36 | INFO: Blender create Mesh node Cube.150
16:24:36 | INFO: Blender create Mesh node Cube.125
16:24:36 | INFO: Blender create Mesh node Cube.130
16:24:36 | INFO: Blender create Mesh node Cube.105
16:24:36 | INFO: Blender create Mesh node Cube.110
16:24:36 | INFO: Blender create Mesh node Cube.115
16:24:36 | INFO: Blender create Mesh node Cube.120
16:24:36 | INFO: Blender create Mesh node Cube.095
16:24:36 | INFO: Blender create Mesh node Cube.100
16:24:36 | INFO: Blender create Mesh node Cube.004
16:24:36 | INFO: Blender create Mesh node Cube.092
16:24:36 | INFO: Blender create Mesh node Cylinder.007
16:24:36 | INFO: Blender create Mesh node Cylinder.006
16:24:36 | INFO: Blender create Mesh node Cylinder.005
16:24:36 | INFO: Blender create Mesh node Cylinder.004
16:24:36 | INFO: Blender create Mesh node Cylinder.003
16:24:36 | INFO: Blender create Mesh node Cylinder.002
16:24:36 | INFO: Blender create Mesh node Cylinder.001
16:24:36 | INFO: Blender create Mesh node Cylinder
16:24:36 | INFO: glTF import finished in 0.02s
16:24:36 | INFO: Data are loaded, start creating Blender stuff
16:24:36 | INFO: Blender create Mesh node interior-batch-metro-wall
16:24:36 | INFO: Blender create Mesh node interior-batch-metro-floor
16:24:36 | INFO: Blender create Mesh node interior-batch-metro-rail
16:24:36 | INFO: Blender create Mesh node interior-batch-metro-screen
16:24:36 | INFO: Blender create Mesh node interior-batch-metro-priority-seat
16:24:36 | INFO: Blender create Mesh node interior-batch-metro-seat
16:24:36 | INFO: glTF import finished in 0.01s
Blender 4.3.2
Fra:1 Mem:16.55M (Peak 16.55M) | Time:00:00.00 | Mem:0.00M, Peak:0.00M | Scene, ViewLayer | Synchronizing object | body-shell
Fra:1 Mem:18.57M (Peak 18.57M) | Time:00:00.00 | Mem:0.00M, Peak:0.00M | Scene, ViewLayer | Synchronizing object | QA-ground
Fra:1 Mem:18.57M (Peak 18.57M) | Time:00:00.00 | Mem:0.00M, Peak:0.00M | Scene, ViewLayer | Synchronizing object | interior-batch-metro-seat
Fra:1 Mem:19.01M (Peak 19.01M) | Time:00:00.00 | Mem:0.00M, Peak:0.00M | Scene, ViewLayer | Synchronizing object | interior-batch-metro-priority-seat
Fra:1 Mem:19.09M (Peak 19.09M) | Time:00:00.00 | Mem:0.00M, Peak:0.00M | Scene, ViewLayer | Synchronizing object | interior-batch-metro-screen
Fra:1 Mem:19.14M (Peak 19.14M) | Time:00:00.00 | Mem:0.00M, Peak:0.00M | Scene, ViewLayer | Synchronizing object | interior-batch-metro-rail
Fra:1 Mem:19.08M (Peak 19.14M) | Time:00:00.00 | Mem:0.00M, Peak:0.00M | Scene, ViewLayer | Synchronizing object | interior-batch-metro-floor
Fra:1 Mem:19.10M (Peak 19.14M) | Time:00:00.00 | Mem:0.00M, Peak:0.00M | Scene, ViewLayer | Synchronizing object | interior-batch-metro-wall
Fra:1 Mem:18.94M (Peak 19.14M) | Time:00:00.00 | Mem:0.00M, Peak:0.00M | Scene, ViewLayer | Synchronizing object | bogie-front-frame
Fra:1 Mem:18.98M (Peak 19.14M) | Time:00:00.00 | Mem:0.00M, Peak:0.00M | Scene, ViewLayer | Synchronizing object | bogie-rear-frame
Fra:1 Mem:18.95M (Peak 19.14M) | Time:00:00.00 | Mem:0.00M, Peak:0.00M | Scene, ViewLayer | Synchronizing object | wheel-rear-rear-right
Fra:1 Mem:18.96M (Peak 19.14M) | Time:00:00.00 | Mem:0.00M, Peak:0.00M | Scene, ViewLayer | Synchronizing object | door-left-center-a
Fra:1 Mem:18.98M (Peak 19.14M) | Time:00:00.00 | Mem:0.00M, Peak:0.00M | Scene, ViewLayer | Synchronizing object | wheel-rear-rear-left
Fra:1 Mem:18.97M (Peak 19.14M) | Time:00:00.00 | Mem:0.00M, Peak:0.00M | Scene, ViewLayer | Synchronizing object | door-left-center-b
Fra:1 Mem:19.00M (Peak 19.14M) | Time:00:00.00 | Mem:0.00M, Peak:0.00M | Scene, ViewLayer | Synchronizing object | wheel-rear-front-right
Fra:1 Mem:19.01M (Peak 19.14M) | Time:00:00.00 | Mem:0.00M, Peak:0.00M | Scene, ViewLayer | Synchronizing object | door-left-front-a
Fra:1 Mem:19.01M (Peak 19.14M) | Time:00:00.00 | Mem:0.00M, Peak:0.00M | Scene, ViewLayer | Synchronizing object | wheel-rear-front-left
Fra:1 Mem:19.04M (Peak 19.14M) | Time:00:00.00 | Mem:0.00M, Peak:0.00M | Scene, ViewLayer | Synchronizing object | door-left-front-b
Fra:1 Mem:19.05M (Peak 19.14M) | Time:00:00.00 | Mem:0.00M, Peak:0.00M | Scene, ViewLayer | Synchronizing object | wheel-front-rear-right
Fra:1 Mem:19.06M (Peak 19.14M) | Time:00:00.00 | Mem:0.00M, Peak:0.00M | Scene, ViewLayer | Synchronizing object | wheel-front-rear-left
Fra:1 Mem:19.05M (Peak 19.14M) | Time:00:00.00 | Mem:0.00M, Peak:0.00M | Scene, ViewLayer | Synchronizing object | wheel-front-front-right
Fra:1 Mem:19.08M (Peak 19.14M) | Time:00:00.00 | Mem:0.00M, Peak:0.00M | Scene, ViewLayer | Synchronizing object | wheel-front-front-left
Fra:1 Mem:19.10M (Peak 19.14M) | Time:00:00.00 | Mem:0.00M, Peak:0.00M | Scene, ViewLayer | Synchronizing object | door-left-rear-b
Fra:1 Mem:19.12M (Peak 19.14M) | Time:00:00.00 | Mem:0.00M, Peak:0.00M | Scene, ViewLayer | Synchronizing object | lights
Fra:1 Mem:19.10M (Peak 19.14M) | Time:00:00.00 | Mem:0.00M, Peak:0.00M | Scene, ViewLayer | Synchronizing object | glass
Fra:1 Mem:19.11M (Peak 19.14M) | Time:00:00.00 | Mem:0.00M, Peak:0.00M | Scene, ViewLayer | Synchronizing object | door-right-center-a
Fra:1 Mem:19.18M (Peak 19.18M) | Time:00:00.00 | Mem:0.00M, Peak:0.00M | Scene, ViewLayer | Synchronizing object | door-right-center-b
Fra:1 Mem:19.17M (Peak 19.18M) | Time:00:00.00 | Mem:0.00M, Peak:0.00M | Scene, ViewLayer | Synchronizing object | door-right-rear-b
Fra:1 Mem:19.17M (Peak 19.18M) | Time:00:00.00 | Mem:0.00M, Peak:0.00M | Scene, ViewLayer | Synchronizing object | door-right-front-a
Fra:1 Mem:19.20M (Peak 19.20M) | Time:00:00.00 | Mem:0.00M, Peak:0.00M | Scene, ViewLayer | Synchronizing object | door-right-rear-a
Fra:1 Mem:19.20M (Peak 19.20M) | Time:00:00.00 | Mem:0.00M, Peak:0.00M | Scene, ViewLayer | Synchronizing object | door-right-front-b
Fra:1 Mem:19.20M (Peak 19.20M) | Time:00:00.00 | Mem:0.00M, Peak:0.00M | Scene, ViewLayer | Initializing
Fra:1 Mem:16.59M (Peak 19.20M) | Time:00:00.00 | Mem:0.00M, Peak:0.00M | Scene, ViewLayer | Waiting for render to start
Fra:1 Mem:16.59M (Peak 19.20M) | Time:00:00.00 | Mem:0.00M, Peak:0.00M | Scene, ViewLayer | Loading render kernels (may take a few minutes the first time)
Fra:1 Mem:16.59M (Peak 19.20M) | Time:00:00.00 | Mem:0.00M, Peak:0.00M | Scene, ViewLayer | Updating Scene
Fra:1 Mem:16.59M (Peak 19.20M) | Time:00:00.00 | Mem:0.00M, Peak:0.00M | Scene, ViewLayer | Updating Shaders
Fra:1 Mem:16.68M (Peak 19.20M) | Time:00:00.00 | Mem:0.01M, Peak:0.01M | Scene, ViewLayer | Updating Procedurals
Fra:1 Mem:16.68M (Peak 19.20M) | Time:00:00.00 | Mem:0.01M, Peak:0.01M | Scene, ViewLayer | Updating Background
Fra:1 Mem:16.68M (Peak 19.20M) | Time:00:00.00 | Mem:0.01M, Peak:0.01M | Scene, ViewLayer | Updating Camera
Fra:1 Mem:16.68M (Peak 19.20M) | Time:00:00.00 | Mem:0.01M, Peak:0.01M | Scene, ViewLayer | Updating Meshes Flags
Fra:1 Mem:16.68M (Peak 19.20M) | Time:00:00.00 | Mem:0.01M, Peak:0.01M | Scene, ViewLayer | Updating Objects
Fra:1 Mem:16.68M (Peak 19.20M) | Time:00:00.00 | Mem:0.01M, Peak:0.01M | Scene, ViewLayer | Updating Objects | Copying Transformations to device
Fra:1 Mem:16.69M (Peak 19.20M) | Time:00:00.00 | Mem:0.02M, Peak:0.02M | Scene, ViewLayer | Updating Objects | Applying Static Transformations
Fra:1 Mem:16.69M (Peak 19.20M) | Time:00:00.00 | Mem:0.02M, Peak:0.02M | Scene, ViewLayer | Updating Particle Systems
Fra:1 Mem:16.69M (Peak 19.20M) | Time:00:00.00 | Mem:0.02M, Peak:0.02M | Scene, ViewLayer | Updating Particle Systems | Copying Particles to device
Fra:1 Mem:16.69M (Peak 19.20M) | Time:00:00.00 | Mem:0.02M, Peak:0.02M | Scene, ViewLayer | Updating Meshes
Fra:1 Mem:16.74M (Peak 19.20M) | Time:00:00.00 | Mem:0.02M, Peak:0.02M | Scene, ViewLayer | Updating Mesh | Computing attributes
Fra:1 Mem:16.88M (Peak 19.20M) | Time:00:00.00 | Mem:0.02M, Peak:0.02M | Scene, ViewLayer | Updating Mesh | Copying Attributes to device
Fra:1 Mem:16.88M (Peak 19.20M) | Time:00:00.00 | Mem:0.16M, Peak:0.16M | Scene, ViewLayer | Updating Scene BVH | Building
Fra:1 Mem:16.88M (Peak 19.20M) | Time:00:00.01 | Mem:0.16M, Peak:0.16M | Scene, ViewLayer | Updating Scene BVH | Building BVH
Fra:1 Mem:16.88M (Peak 19.20M) | Time:00:00.01 | Mem:0.26M, Peak:0.26M | Scene, ViewLayer | Updating Scene BVH | Building BVH 0%
Fra:1 Mem:16.88M (Peak 19.20M) | Time:00:00.01 | Mem:0.38M, Peak:0.48M | Scene, ViewLayer | Updating Scene BVH | Copying BVH to device
Fra:1 Mem:16.88M (Peak 19.20M) | Time:00:00.01 | Mem:0.38M, Peak:0.48M | Scene, ViewLayer | Updating Mesh | Computing normals
Fra:1 Mem:17.26M (Peak 19.20M) | Time:00:00.01 | Mem:0.38M, Peak:0.48M | Scene, ViewLayer | Updating Mesh | Copying Mesh to device
Fra:1 Mem:17.26M (Peak 19.20M) | Time:00:00.01 | Mem:0.76M, Peak:0.76M | Scene, ViewLayer | Updating Objects Flags
Fra:1 Mem:17.26M (Peak 19.20M) | Time:00:00.01 | Mem:0.76M, Peak:0.76M | Scene, ViewLayer | Updating Primitive Offsets
Fra:1 Mem:17.26M (Peak 19.20M) | Time:00:00.01 | Mem:0.76M, Peak:0.76M | Scene, ViewLayer | Updating Images
Fra:1 Mem:17.26M (Peak 19.20M) | Time:00:00.01 | Mem:0.76M, Peak:0.76M | Scene, ViewLayer | Updating Camera Volume
Fra:1 Mem:17.26M (Peak 19.20M) | Time:00:00.01 | Mem:0.76M, Peak:0.76M | Scene, ViewLayer | Updating Lookup Tables
Fra:1 Mem:17.26M (Peak 19.20M) | Time:00:00.01 | Mem:0.84M, Peak:0.84M | Scene, ViewLayer | Updating Lights
Fra:1 Mem:17.26M (Peak 19.20M) | Time:00:00.01 | Mem:0.84M, Peak:0.84M | Scene, ViewLayer | Updating Lights | Computing tree
Fra:1 Mem:17.26M (Peak 19.20M) | Time:00:00.01 | Mem:0.84M, Peak:0.84M | Scene, ViewLayer | Updating Integrator
Fra:1 Mem:17.26M (Peak 19.20M) | Time:00:00.01 | Mem:0.84M, Peak:0.84M | Scene, ViewLayer | Updating Film
Fra:1 Mem:17.27M (Peak 19.20M) | Time:00:00.01 | Mem:0.76M, Peak:0.84M | Scene, ViewLayer | Updating Lookup Tables
Fra:1 Mem:17.27M (Peak 19.20M) | Time:00:00.01 | Mem:0.85M, Peak:0.85M | Scene, ViewLayer | Updating Baking
Fra:1 Mem:17.27M (Peak 19.20M) | Time:00:00.01 | Mem:0.85M, Peak:0.85M | Scene, ViewLayer | Updating Device | Writing constant memory
Fra:1 Mem:17.27M (Peak 19.20M) | Time:00:00.01 | Mem:0.85M, Peak:0.85M | Scene, ViewLayer | Sample 0/8
Fra:1 Mem:26.06M (Peak 26.06M) | Time:00:00.25 | Remaining:00:01.66 | Mem:9.64M, Peak:9.64M | Scene, ViewLayer | Sample 1/8
Fra:1 Mem:29.97M (Peak 37.79M) | Time:00:01.73 | Mem:9.64M, Peak:9.64M | Scene, ViewLayer | Sample 8/8
Fra:1 Mem:29.97M (Peak 37.79M) | Time:00:01.73 | Mem:9.64M, Peak:9.64M | Scene, ViewLayer | Finished
Saved: '/workspace/scratch/7c20b5ba4165/atlas-backlog-oct3/tools/assets/boardable-metro/qa/previews/lead-clear.png'
Time: 00:01.87 (Saving: 00:00.13)

Extensions: writing cache failed ([Errno 30] Read-only file system: '/home/agent/.config/blender').
16:24:38 | INFO: Data are loaded, start creating Blender stuff
16:24:38 | INFO: Blender create Mesh node Cube
16:24:38 | INFO: Blender create Mesh node Cube.158
16:24:38 | INFO: Blender create Mesh node Cube.157
16:24:38 | INFO: Blender create Mesh node Cube.135
16:24:38 | INFO: Blender create Mesh node Cube.140
16:24:38 | INFO: Blender create Mesh node Cube.145
16:24:38 | INFO: Blender create Mesh node Cube.150
16:24:38 | INFO: Blender create Mesh node Cube.125
16:24:38 | INFO: Blender create Mesh node Cube.130
16:24:38 | INFO: Blender create Mesh node Cube.105
16:24:38 | INFO: Blender create Mesh node Cube.110
16:24:38 | INFO: Blender create Mesh node Cube.115
16:24:38 | INFO: Blender create Mesh node Cube.120
16:24:38 | INFO: Blender create Mesh node Cube.095
16:24:38 | INFO: Blender create Mesh node Cube.100
16:24:38 | INFO: Blender create Mesh node Cube.004
16:24:38 | INFO: Blender create Mesh node Cube.092
16:24:38 | INFO: Blender create Mesh node Cylinder.007
16:24:38 | INFO: Blender create Mesh node Cylinder.006
16:24:38 | INFO: Blender create Mesh node Cylinder.005
16:24:38 | INFO: Blender create Mesh node Cylinder.004
16:24:38 | INFO: Blender create Mesh node Cylinder.003
16:24:38 | INFO: Blender create Mesh node Cylinder.002
16:24:38 | INFO: Blender create Mesh node Cylinder.001
16:24:38 | INFO: Blender create Mesh node Cylinder
16:24:38 | INFO: glTF import finished in 0.02s
16:24:38 | INFO: Data are loaded, start creating Blender stuff
16:24:38 | INFO: Blender create Mesh node interior-batch-metro-wall
16:24:38 | INFO: Blender create Mesh node interior-batch-metro-floor
16:24:38 | INFO: Blender create Mesh node interior-batch-metro-rail
16:24:38 | INFO: Blender create Mesh node interior-batch-metro-screen
16:24:38 | INFO: Blender create Mesh node interior-batch-metro-priority-seat
16:24:38 | INFO: Blender create Mesh node interior-batch-metro-seat
16:24:38 | INFO: glTF import finished in 0.01s
Fra:1 Mem:18.55M (Peak 18.55M) | Time:00:00.00 | Mem:0.00M, Peak:0.00M | Scene, ViewLayer | Synchronizing object | body-shell
Fra:1 Mem:18.97M (Peak 18.97M) | Time:00:00.00 | Mem:0.00M, Peak:0.00M | Scene, ViewLayer | Synchronizing object | QA-ground
Fra:1 Mem:19.00M (Peak 19.00M) | Time:00:00.00 | Mem:0.00M, Peak:0.00M | Scene, ViewLayer | Synchronizing object | interior-batch-metro-seat
Fra:1 Mem:18.83M (Peak 19.00M) | Time:00:00.00 | Mem:0.00M, Peak:0.00M | Scene, ViewLayer | Synchronizing object | interior-batch-metro-priority-seat
Fra:1 Mem:19.01M (Peak 19.01M) | Time:00:00.00 | Mem:0.00M, Peak:0.00M | Scene, ViewLayer | Synchronizing object | interior-batch-metro-screen
Fra:1 Mem:19.02M (Peak 19.02M) | Time:00:00.00 | Mem:0.00M, Peak:0.00M | Scene, ViewLayer | Synchronizing object | interior-batch-metro-rail
Fra:1 Mem:18.92M (Peak 19.02M) | Time:00:00.00 | Mem:0.00M, Peak:0.00M | Scene, ViewLayer | Synchronizing object | bogie-front-frame
Fra:1 Mem:19.01M (Peak 19.02M) | Time:00:00.00 | Mem:0.00M, Peak:0.00M | Scene, ViewLayer | Synchronizing object | bogie-rear-frame
Fra:1 Mem:19.01M (Peak 19.02M) | Time:00:00.00 | Mem:0.00M, Peak:0.00M | Scene, ViewLayer | Synchronizing object | door-left-center-a
Fra:1 Mem:18.91M (Peak 19.02M) | Time:00:00.00 | Mem:0.00M, Peak:0.00M | Scene, ViewLayer | Synchronizing object | door-left-center-b
Fra:1 Mem:18.93M (Peak 19.02M) | Time:00:00.00 | Mem:0.00M, Peak:0.00M | Scene, ViewLayer | Synchronizing object | interior-batch-metro-floor
Fra:1 Mem:18.93M (Peak 19.02M) | Time:00:00.00 | Mem:0.00M, Peak:0.00M | Scene, ViewLayer | Synchronizing object | door-left-front-a
Fra:1 Mem:18.93M (Peak 19.02M) | Time:00:00.00 | Mem:0.00M, Peak:0.00M | Scene, ViewLayer | Synchronizing object | interior-batch-metro-wall
Fra:1 Mem:19.04M (Peak 19.04M) | Time:00:00.00 | Mem:0.00M, Peak:0.00M | Scene, ViewLayer | Synchronizing object | door-left-front-b
Fra:1 Mem:19.04M (Peak 19.04M) | Time:00:00.00 | Mem:0.00M, Peak:0.00M | Scene, ViewLayer | Synchronizing object | door-left-rear-a
Fra:1 Mem:19.01M (Peak 19.04M) | Time:00:00.00 | Mem:0.00M, Peak:0.00M | Scene, ViewLayer | Synchronizing object | wheel-rear-rear-right
Fra:1 Mem:19.00M (Peak 19.04M) | Time:00:00.00 | Mem:0.00M, Peak:0.00M | Scene, ViewLayer | Synchronizing object | door-left-rear-b
Fra:1 Mem:19.04M (Peak 19.04M) | Time:00:00.00 | Mem:0.00M, Peak:0.00M | Scene, ViewLayer | Synchronizing object | door-right-center-a
Fra:1 Mem:19.02M (Peak 19.04M) | Time:00:00.00 | Mem:0.00M, Peak:0.00M | Scene, ViewLayer | Synchronizing object | wheel-rear-rear-left
Fra:1 Mem:19.06M (Peak 19.06M) | Time:00:00.00 | Mem:0.00M, Peak:0.00M | Scene, ViewLayer | Synchronizing object | door-right-center-b
Fra:1 Mem:19.05M (Peak 19.06M) | Time:00:00.00 | Mem:0.00M, Peak:0.00M | Scene, ViewLayer | Synchronizing object | wheel-rear-front-right
Fra:1 Mem:19.08M (Peak 19.08M) | Time:00:00.00 | Mem:0.00M, Peak:0.00M | Scene, ViewLayer | Synchronizing object | door-right-front-a
Fra:1 Mem:19.07M (Peak 19.08M) | Time:00:00.00 | Mem:0.00M, Peak:0.00M | Scene, ViewLayer | Synchronizing object | wheel-rear-front-left
Fra:1 Mem:19.10M (Peak 19.10M) | Time:00:00.00 | Mem:0.00M, Peak:0.00M | Scene, ViewLayer | Synchronizing object | door-right-front-b
Fra:1 Mem:19.09M (Peak 19.10M) | Time:00:00.00 | Mem:0.00M, Peak:0.00M | Scene, ViewLayer | Synchronizing object | wheel-front-rear-right
Fra:1 Mem:19.12M (Peak 19.12M) | Time:00:00.00 | Mem:0.00M, Peak:0.00M | Scene, ViewLayer | Synchronizing object | door-right-rear-a
Fra:1 Mem:19.11M (Peak 19.12M) | Time:00:00.00 | Mem:0.00M, Peak:0.00M | Scene, ViewLayer | Synchronizing object | wheel-front-rear-left
Fra:1 Mem:19.13M (Peak 19.13M) | Time:00:00.00 | Mem:0.00M, Peak:0.00M | Scene, ViewLayer | Synchronizing object | door-right-rear-b
Fra:1 Mem:19.13M (Peak 19.13M) | Time:00:00.00 | Mem:0.00M, Peak:0.00M | Scene, ViewLayer | Synchronizing object | wheel-front-front-right
Fra:1 Mem:19.15M (Peak 19.15M) | Time:00:00.00 | Mem:0.00M, Peak:0.00M | Scene, ViewLayer | Synchronizing object | glass
Fra:1 Mem:19.16M (Peak 19.16M) | Time:00:00.00 | Mem:0.00M, Peak:0.00M | Scene, ViewLayer | Synchronizing object | wheel-front-front-left
Fra:1 Mem:19.19M (Peak 19.19M) | Time:00:00.00 | Mem:0.00M, Peak:0.00M | Scene, ViewLayer | Synchronizing object | lights
Fra:1 Mem:19.20M (Peak 19.20M) | Time:00:00.00 | Mem:0.00M, Peak:0.00M | Scene, ViewLayer | Initializing
Fra:1 Mem:16.59M (Peak 19.20M) | Time:00:00.00 | Mem:0.00M, Peak:0.00M | Scene, ViewLayer | Waiting for render to start
Fra:1 Mem:16.59M (Peak 19.20M) | Time:00:00.00 | Mem:0.00M, Peak:0.00M | Scene, ViewLayer | Loading render kernels (may take a few minutes the first time)
Fra:1 Mem:16.59M (Peak 19.20M) | Time:00:00.00 | Mem:0.00M, Peak:0.00M | Scene, ViewLayer | Updating Scene
Fra:1 Mem:16.59M (Peak 19.20M) | Time:00:00.00 | Mem:0.00M, Peak:0.00M | Scene, ViewLayer | Updating Shaders
Fra:1 Mem:16.68M (Peak 19.20M) | Time:00:00.00 | Mem:0.01M, Peak:0.01M | Scene, ViewLayer | Updating Procedurals
Fra:1 Mem:16.68M (Peak 19.20M) | Time:00:00.00 | Mem:0.01M, Peak:0.01M | Scene, ViewLayer | Updating Background
Fra:1 Mem:16.68M (Peak 19.20M) | Time:00:00.00 | Mem:0.01M, Peak:0.01M | Scene, ViewLayer | Updating Camera
Fra:1 Mem:16.68M (Peak 19.20M) | Time:00:00.00 | Mem:0.01M, Peak:0.01M | Scene, ViewLayer | Updating Meshes Flags
Fra:1 Mem:16.68M (Peak 19.20M) | Time:00:00.00 | Mem:0.01M, Peak:0.01M | Scene, ViewLayer | Updating Objects
Fra:1 Mem:16.68M (Peak 19.20M) | Time:00:00.00 | Mem:0.01M, Peak:0.01M | Scene, ViewLayer | Updating Objects | Copying Transformations to device
Fra:1 Mem:16.69M (Peak 19.20M) | Time:00:00.00 | Mem:0.02M, Peak:0.02M | Scene, ViewLayer | Updating Objects | Applying Static Transformations
Fra:1 Mem:16.69M (Peak 19.20M) | Time:00:00.00 | Mem:0.02M, Peak:0.02M | Scene, ViewLayer | Updating Particle Systems
Fra:1 Mem:16.69M (Peak 19.20M) | Time:00:00.00 | Mem:0.02M, Peak:0.02M | Scene, ViewLayer | Updating Particle Systems | Copying Particles to device
Fra:1 Mem:16.69M (Peak 19.20M) | Time:00:00.00 | Mem:0.02M, Peak:0.02M | Scene, ViewLayer | Updating Meshes
Fra:1 Mem:16.74M (Peak 19.20M) | Time:00:00.00 | Mem:0.02M, Peak:0.02M | Scene, ViewLayer | Updating Mesh | Computing attributes
Fra:1 Mem:16.88M (Peak 19.20M) | Time:00:00.00 | Mem:0.02M, Peak:0.02M | Scene, ViewLayer | Updating Mesh | Copying Attributes to device
Fra:1 Mem:16.88M (Peak 19.20M) | Time:00:00.00 | Mem:0.16M, Peak:0.16M | Scene, ViewLayer | Updating Scene BVH | Building
Fra:1 Mem:16.88M (Peak 19.20M) | Time:00:00.00 | Mem:0.16M, Peak:0.16M | Scene, ViewLayer | Updating Scene BVH | Building BVH
Fra:1 Mem:16.88M (Peak 19.20M) | Time:00:00.00 | Mem:0.26M, Peak:0.26M | Scene, ViewLayer | Updating Scene BVH | Building BVH 0%
Fra:1 Mem:16.88M (Peak 19.20M) | Time:00:00.00 | Mem:0.38M, Peak:0.48M | Scene, ViewLayer | Updating Scene BVH | Copying BVH to device
Fra:1 Mem:16.88M (Peak 19.20M) | Time:00:00.00 | Mem:0.38M, Peak:0.48M | Scene, ViewLayer | Updating Mesh | Computing normals
Fra:1 Mem:17.26M (Peak 19.20M) | Time:00:00.00 | Mem:0.38M, Peak:0.48M | Scene, ViewLayer | Updating Mesh | Copying Mesh to device
Fra:1 Mem:17.26M (Peak 19.20M) | Time:00:00.00 | Mem:0.76M, Peak:0.76M | Scene, ViewLayer | Updating Objects Flags
Fra:1 Mem:17.26M (Peak 19.20M) | Time:00:00.00 | Mem:0.76M, Peak:0.76M | Scene, ViewLayer | Updating Primitive Offsets
Fra:1 Mem:17.26M (Peak 19.20M) | Time:00:00.00 | Mem:0.76M, Peak:0.76M | Scene, ViewLayer | Updating Images
Fra:1 Mem:17.26M (Peak 19.20M) | Time:00:00.00 | Mem:0.76M, Peak:0.76M | Scene, ViewLayer | Updating Camera Volume
Fra:1 Mem:17.26M (Peak 19.20M) | Time:00:00.00 | Mem:0.76M, Peak:0.76M | Scene, ViewLayer | Updating Lookup Tables
Fra:1 Mem:17.26M (Peak 19.20M) | Time:00:00.00 | Mem:0.84M, Peak:0.84M | Scene, ViewLayer | Updating Lights
Fra:1 Mem:17.26M (Peak 19.20M) | Time:00:00.00 | Mem:0.84M, Peak:0.84M | Scene, ViewLayer | Updating Lights | Computing tree
Fra:1 Mem:17.26M (Peak 19.20M) | Time:00:00.00 | Mem:0.84M, Peak:0.84M | Scene, ViewLayer | Updating Integrator
Fra:1 Mem:17.26M (Peak 19.20M) | Time:00:00.00 | Mem:0.84M, Peak:0.84M | Scene, ViewLayer | Updating Film
Fra:1 Mem:17.27M (Peak 19.20M) | Time:00:00.00 | Mem:0.76M, Peak:0.84M | Scene, ViewLayer | Updating Lookup Tables
Fra:1 Mem:17.27M (Peak 19.20M) | Time:00:00.00 | Mem:0.85M, Peak:0.85M | Scene, ViewLayer | Updating Baking
Fra:1 Mem:17.27M (Peak 19.20M) | Time:00:00.00 | Mem:0.85M, Peak:0.85M | Scene, ViewLayer | Updating Device | Writing constant memory
Fra:1 Mem:17.27M (Peak 19.20M) | Time:00:00.00 | Mem:0.85M, Peak:0.85M | Scene, ViewLayer | Sample 0/8
Fra:1 Mem:26.07M (Peak 26.07M) | Time:00:00.24 | Remaining:00:01.64 | Mem:9.64M, Peak:9.64M | Scene, ViewLayer | Sample 1/8
Fra:1 Mem:29.97M (Peak 37.79M) | Time:00:01.83 | Mem:9.64M, Peak:9.64M | Scene, ViewLayer | Sample 8/8
Fra:1 Mem:29.97M (Peak 37.79M) | Time:00:01.83 | Mem:9.64M, Peak:9.64M | Scene, ViewLayer | Finished
Saved: '/workspace/scratch/7c20b5ba4165/atlas-backlog-oct3/tools/assets/boardable-metro/qa/previews/lead-overcast.png'
Time: 00:01.88 (Saving: 00:00.04)

Extensions: writing cache failed ([Errno 30] Read-only file system: '/home/agent/.config/blender').
16:24:40 | INFO: Data are loaded, start creating Blender stuff
16:24:40 | INFO: Blender create Mesh node Cube
16:24:40 | INFO: Blender create Mesh node Cube.158
16:24:40 | INFO: Blender create Mesh node Cube.157
16:24:40 | INFO: Blender create Mesh node Cube.135
16:24:40 | INFO: Blender create Mesh node Cube.140
16:24:40 | INFO: Blender create Mesh node Cube.145
16:24:40 | INFO: Blender create Mesh node Cube.150
16:24:40 | INFO: Blender create Mesh node Cube.125
16:24:40 | INFO: Blender create Mesh node Cube.130
16:24:40 | INFO: Blender create Mesh node Cube.105
16:24:40 | INFO: Blender create Mesh node Cube.110
16:24:40 | INFO: Blender create Mesh node Cube.115
16:24:40 | INFO: Blender create Mesh node Cube.120
16:24:40 | INFO: Blender create Mesh node Cube.095
16:24:40 | INFO: Blender create Mesh node Cube.100
16:24:40 | INFO: Blender create Mesh node Cube.004
16:24:40 | INFO: Blender create Mesh node Cube.092
16:24:40 | INFO: Blender create Mesh node Cylinder.007
16:24:40 | INFO: Blender create Mesh node Cylinder.006
16:24:40 | INFO: Blender create Mesh node Cylinder.005
16:24:40 | INFO: Blender create Mesh node Cylinder.004
16:24:40 | INFO: Blender create Mesh node Cylinder.003
16:24:40 | INFO: Blender create Mesh node Cylinder.002
16:24:40 | INFO: Blender create Mesh node Cylinder.001
16:24:40 | INFO: Blender create Mesh node Cylinder
16:24:40 | INFO: glTF import finished in 0.03s
16:24:40 | INFO: Data are loaded, start creating Blender stuff
16:24:40 | INFO: Blender create Mesh node interior-batch-metro-wall
16:24:40 | INFO: Blender create Mesh node interior-batch-metro-floor
16:24:40 | INFO: Blender create Mesh node interior-batch-metro-rail
16:24:40 | INFO: Blender create Mesh node interior-batch-metro-screen
16:24:40 | INFO: Blender create Mesh node interior-batch-metro-priority-seat
16:24:40 | INFO: Blender create Mesh node interior-batch-metro-seat
16:24:40 | INFO: glTF import finished in 0.02s
Fra:1 Mem:18.56M (Peak 18.56M) | Time:00:00.00 | Mem:0.00M, Peak:0.00M | Scene, ViewLayer | Synchronizing object | body-shell
Fra:1 Mem:18.97M (Peak 18.97M) | Time:00:00.00 | Mem:0.00M, Peak:0.00M | Scene, ViewLayer | Synchronizing object | QA-ground
Fra:1 Mem:19.03M (Peak 19.03M) | Time:00:00.00 | Mem:0.00M, Peak:0.00M | Scene, ViewLayer | Synchronizing object | interior-batch-metro-seat
Fra:1 Mem:19.00M (Peak 19.03M) | Time:00:00.00 | Mem:0.00M, Peak:0.00M | Scene, ViewLayer | Synchronizing object | interior-batch-metro-priority-seat
Fra:1 Mem:18.84M (Peak 19.03M) | Time:00:00.00 | Mem:0.00M, Peak:0.00M | Scene, ViewLayer | Synchronizing object | interior-batch-metro-screen
Fra:1 Mem:18.83M (Peak 19.03M) | Time:00:00.00 | Mem:0.00M, Peak:0.00M | Scene, ViewLayer | Synchronizing object | bogie-front-frame
Fra:1 Mem:18.82M (Peak 19.03M) | Time:00:00.00 | Mem:0.00M, Peak:0.00M | Scene, ViewLayer | Synchronizing object | interior-batch-metro-rail
Fra:1 Mem:18.81M (Peak 19.03M) | Time:00:00.00 | Mem:0.00M, Peak:0.00M | Scene, ViewLayer | Synchronizing object | bogie-rear-frame
Fra:1 Mem:18.83M (Peak 19.03M) | Time:00:00.00 | Mem:0.00M, Peak:0.00M | Scene, ViewLayer | Synchronizing object | door-left-center-a
Fra:1 Mem:19.01M (Peak 19.03M) | Time:00:00.00 | Mem:0.00M, Peak:0.00M | Scene, ViewLayer | Synchronizing object | door-left-center-b
Fra:1 Mem:19.06M (Peak 19.06M) | Time:00:00.00 | Mem:0.00M, Peak:0.00M | Scene, ViewLayer | Synchronizing object | door-left-front-a
Fra:1 Mem:18.96M (Peak 19.06M) | Time:00:00.00 | Mem:0.00M, Peak:0.00M | Scene, ViewLayer | Synchronizing object | door-left-front-b
Fra:1 Mem:19.06M (Peak 19.06M) | Time:00:00.00 | Mem:0.00M, Peak:0.00M | Scene, ViewLayer | Synchronizing object | door-left-rear-a
Fra:1 Mem:19.06M (Peak 19.06M) | Time:00:00.00 | Mem:0.00M, Peak:0.00M | Scene, ViewLayer | Synchronizing object | door-left-rear-b
Fra:1 Mem:18.98M (Peak 19.06M) | Time:00:00.00 | Mem:0.00M, Peak:0.00M | Scene, ViewLayer | Synchronizing object | interior-batch-metro-floor
Fra:1 Mem:18.98M (Peak 19.06M) | Time:00:00.00 | Mem:0.00M, Peak:0.00M | Scene, ViewLayer | Synchronizing object | door-right-center-a
Fra:1 Mem:19.01M (Peak 19.06M) | Time:00:00.00 | Mem:0.00M, Peak:0.00M | Scene, ViewLayer | Synchronizing object | interior-batch-metro-wall
Fra:1 Mem:19.09M (Peak 19.09M) | Time:00:00.00 | Mem:0.00M, Peak:0.00M | Scene, ViewLayer | Synchronizing object | door-right-center-b
Fra:1 Mem:19.08M (Peak 19.09M) | Time:00:00.00 | Mem:0.00M, Peak:0.00M | Scene, ViewLayer | Synchronizing object | door-right-front-a
Fra:1 Mem:19.05M (Peak 19.09M) | Time:00:00.00 | Mem:0.00M, Peak:0.00M | Scene, ViewLayer | Synchronizing object | wheel-rear-rear-right
Fra:1 Mem:19.08M (Peak 19.09M) | Time:00:00.00 | Mem:0.00M, Peak:0.00M | Scene, ViewLayer | Synchronizing object | door-right-front-b
Fra:1 Mem:19.07M (Peak 19.09M) | Time:00:00.00 | Mem:0.00M, Peak:0.00M | Scene, ViewLayer | Synchronizing object | wheel-rear-rear-left
Fra:1 Mem:19.10M (Peak 19.10M) | Time:00:00.00 | Mem:0.00M, Peak:0.00M | Scene, ViewLayer | Synchronizing object | door-right-rear-a
Fra:1 Mem:19.09M (Peak 19.10M) | Time:00:00.00 | Mem:0.00M, Peak:0.00M | Scene, ViewLayer | Synchronizing object | door-right-rear-b
Fra:1 Mem:19.11M (Peak 19.11M) | Time:00:00.00 | Mem:0.00M, Peak:0.00M | Scene, ViewLayer | Synchronizing object | wheel-rear-front-right
Fra:1 Mem:19.10M (Peak 19.11M) | Time:00:00.00 | Mem:0.00M, Peak:0.00M | Scene, ViewLayer | Synchronizing object | glass
Fra:1 Mem:19.14M (Peak 19.14M) | Time:00:00.00 | Mem:0.00M, Peak:0.00M | Scene, ViewLayer | Synchronizing object | wheel-rear-front-left
Fra:1 Mem:19.17M (Peak 19.17M) | Time:00:00.00 | Mem:0.00M, Peak:0.00M | Scene, ViewLayer | Synchronizing object | lights
Fra:1 Mem:19.18M (Peak 19.18M) | Time:00:00.00 | Mem:0.00M, Peak:0.00M | Scene, ViewLayer | Synchronizing object | wheel-front-front-left
Fra:1 Mem:19.17M (Peak 19.18M) | Time:00:00.00 | Mem:0.00M, Peak:0.00M | Scene, ViewLayer | Synchronizing object | wheel-front-rear-right
Fra:1 Mem:19.20M (Peak 19.20M) | Time:00:00.00 | Mem:0.00M, Peak:0.00M | Scene, ViewLayer | Synchronizing object | wheel-front-front-right
Fra:1 Mem:19.19M (Peak 19.20M) | Time:00:00.00 | Mem:0.00M, Peak:0.00M | Scene, ViewLayer | Synchronizing object | wheel-front-rear-left
Fra:1 Mem:19.20M (Peak 19.20M) | Time:00:00.00 | Mem:0.00M, Peak:0.00M | Scene, ViewLayer | Initializing
Fra:1 Mem:16.59M (Peak 19.20M) | Time:00:00.00 | Mem:0.00M, Peak:0.00M | Scene, ViewLayer | Waiting for render to start
Fra:1 Mem:16.59M (Peak 19.20M) | Time:00:00.00 | Mem:0.00M, Peak:0.00M | Scene, ViewLayer | Loading render kernels (may take a few minutes the first time)
Fra:1 Mem:16.59M (Peak 19.20M) | Time:00:00.00 | Mem:0.00M, Peak:0.00M | Scene, ViewLayer | Updating Scene
Fra:1 Mem:16.59M (Peak 19.20M) | Time:00:00.00 | Mem:0.00M, Peak:0.00M | Scene, ViewLayer | Updating Shaders
Fra:1 Mem:16.68M (Peak 19.20M) | Time:00:00.00 | Mem:0.01M, Peak:0.01M | Scene, ViewLayer | Updating Procedurals
Fra:1 Mem:16.68M (Peak 19.20M) | Time:00:00.00 | Mem:0.01M, Peak:0.01M | Scene, ViewLayer | Updating Background
Fra:1 Mem:16.68M (Peak 19.20M) | Time:00:00.00 | Mem:0.01M, Peak:0.01M | Scene, ViewLayer | Updating Camera
Fra:1 Mem:16.68M (Peak 19.20M) | Time:00:00.00 | Mem:0.01M, Peak:0.01M | Scene, ViewLayer | Updating Meshes Flags
Fra:1 Mem:16.68M (Peak 19.20M) | Time:00:00.00 | Mem:0.01M, Peak:0.01M | Scene, ViewLayer | Updating Objects
Fra:1 Mem:16.68M (Peak 19.20M) | Time:00:00.00 | Mem:0.01M, Peak:0.01M | Scene, ViewLayer | Updating Objects | Copying Transformations to device
Fra:1 Mem:16.69M (Peak 19.20M) | Time:00:00.00 | Mem:0.02M, Peak:0.02M | Scene, ViewLayer | Updating Objects | Applying Static Transformations
Fra:1 Mem:16.69M (Peak 19.20M) | Time:00:00.00 | Mem:0.02M, Peak:0.02M | Scene, ViewLayer | Updating Particle Systems
Fra:1 Mem:16.69M (Peak 19.20M) | Time:00:00.00 | Mem:0.02M, Peak:0.02M | Scene, ViewLayer | Updating Particle Systems | Copying Particles to device
Fra:1 Mem:16.69M (Peak 19.20M) | Time:00:00.00 | Mem:0.02M, Peak:0.02M | Scene, ViewLayer | Updating Meshes
Fra:1 Mem:16.74M (Peak 19.20M) | Time:00:00.00 | Mem:0.02M, Peak:0.02M | Scene, ViewLayer | Updating Mesh | Computing attributes
Fra:1 Mem:16.89M (Peak 19.20M) | Time:00:00.00 | Mem:0.02M, Peak:0.02M | Scene, ViewLayer | Updating Mesh | Copying Attributes to device
Fra:1 Mem:16.88M (Peak 19.20M) | Time:00:00.00 | Mem:0.16M, Peak:0.16M | Scene, ViewLayer | Updating Scene BVH | Building
Fra:1 Mem:16.88M (Peak 19.20M) | Time:00:00.00 | Mem:0.16M, Peak:0.16M | Scene, ViewLayer | Updating Scene BVH | Building BVH
Fra:1 Mem:16.88M (Peak 19.20M) | Time:00:00.00 | Mem:0.26M, Peak:0.26M | Scene, ViewLayer | Updating Scene BVH | Building BVH 0%
Fra:1 Mem:16.88M (Peak 19.20M) | Time:00:00.00 | Mem:0.38M, Peak:0.48M | Scene, ViewLayer | Updating Scene BVH | Copying BVH to device
Fra:1 Mem:16.88M (Peak 19.20M) | Time:00:00.00 | Mem:0.38M, Peak:0.48M | Scene, ViewLayer | Updating Mesh | Computing normals
Fra:1 Mem:17.26M (Peak 19.20M) | Time:00:00.00 | Mem:0.38M, Peak:0.48M | Scene, ViewLayer | Updating Mesh | Copying Mesh to device
Fra:1 Mem:17.26M (Peak 19.20M) | Time:00:00.00 | Mem:0.76M, Peak:0.76M | Scene, ViewLayer | Updating Objects Flags
Fra:1 Mem:17.26M (Peak 19.20M) | Time:00:00.00 | Mem:0.76M, Peak:0.76M | Scene, ViewLayer | Updating Primitive Offsets
Fra:1 Mem:17.26M (Peak 19.20M) | Time:00:00.00 | Mem:0.76M, Peak:0.76M | Scene, ViewLayer | Updating Images
Fra:1 Mem:17.26M (Peak 19.20M) | Time:00:00.00 | Mem:0.76M, Peak:0.76M | Scene, ViewLayer | Updating Camera Volume
Fra:1 Mem:17.26M (Peak 19.20M) | Time:00:00.00 | Mem:0.76M, Peak:0.76M | Scene, ViewLayer | Updating Lookup Tables
Fra:1 Mem:17.26M (Peak 19.20M) | Time:00:00.00 | Mem:0.84M, Peak:0.84M | Scene, ViewLayer | Updating Lights
Fra:1 Mem:17.26M (Peak 19.20M) | Time:00:00.00 | Mem:0.84M, Peak:0.84M | Scene, ViewLayer | Updating Lights | Computing tree
Fra:1 Mem:17.26M (Peak 19.20M) | Time:00:00.00 | Mem:0.84M, Peak:0.84M | Scene, ViewLayer | Updating Integrator
Fra:1 Mem:17.26M (Peak 19.20M) | Time:00:00.00 | Mem:0.84M, Peak:0.84M | Scene, ViewLayer | Updating Film
Fra:1 Mem:17.27M (Peak 19.20M) | Time:00:00.00 | Mem:0.76M, Peak:0.84M | Scene, ViewLayer | Updating Lookup Tables
Fra:1 Mem:17.27M (Peak 19.20M) | Time:00:00.00 | Mem:0.85M, Peak:0.85M | Scene, ViewLayer | Updating Baking
Fra:1 Mem:17.27M (Peak 19.20M) | Time:00:00.00 | Mem:0.85M, Peak:0.85M | Scene, ViewLayer | Updating Device | Writing constant memory
Fra:1 Mem:17.27M (Peak 19.20M) | Time:00:00.00 | Mem:0.85M, Peak:0.85M | Scene, ViewLayer | Sample 0/8
Fra:1 Mem:26.07M (Peak 26.07M) | Time:00:00.24 | Remaining:00:01.64 | Mem:9.64M, Peak:9.64M | Scene, ViewLayer | Sample 1/8
Fra:1 Mem:29.97M (Peak 37.79M) | Time:00:01.88 | Mem:9.64M, Peak:9.64M | Scene, ViewLayer | Sample 8/8
Fra:1 Mem:29.97M (Peak 37.79M) | Time:00:01.88 | Mem:9.64M, Peak:9.64M | Scene, ViewLayer | Finished
Saved: '/workspace/scratch/7c20b5ba4165/atlas-backlog-oct3/tools/assets/boardable-metro/qa/previews/lead-dusk.png'
Time: 00:01.92 (Saving: 00:00.03)

Extensions: writing cache failed ([Errno 30] Read-only file system: '/home/agent/.config/blender').
16:24:42 | INFO: Data are loaded, start creating Blender stuff
16:24:42 | INFO: Blender create Mesh node Cube
16:24:42 | INFO: Blender create Mesh node Cube.158
16:24:42 | INFO: Blender create Mesh node Cube.157
16:24:42 | INFO: Blender create Mesh node Cube.135
16:24:42 | INFO: Blender create Mesh node Cube.140
16:24:42 | INFO: Blender create Mesh node Cube.145
16:24:42 | INFO: Blender create Mesh node Cube.150
16:24:42 | INFO: Blender create Mesh node Cube.125
16:24:42 | INFO: Blender create Mesh node Cube.130
16:24:42 | INFO: Blender create Mesh node Cube.105
16:24:42 | INFO: Blender create Mesh node Cube.110
16:24:42 | INFO: Blender create Mesh node Cube.115
16:24:42 | INFO: Blender create Mesh node Cube.120
16:24:42 | INFO: Blender create Mesh node Cube.095
16:24:42 | INFO: Blender create Mesh node Cube.100
16:24:42 | INFO: Blender create Mesh node Cube.004
16:24:42 | INFO: Blender create Mesh node Cube.092
16:24:42 | INFO: Blender create Mesh node Cylinder.007
16:24:42 | INFO: Blender create Mesh node Cylinder.006
16:24:42 | INFO: Blender create Mesh node Cylinder.005
16:24:42 | INFO: Blender create Mesh node Cylinder.004
16:24:42 | INFO: Blender create Mesh node Cylinder.003
16:24:42 | INFO: Blender create Mesh node Cylinder.002
16:24:42 | INFO: Blender create Mesh node Cylinder.001
16:24:42 | INFO: Blender create Mesh node Cylinder
16:24:42 | INFO: glTF import finished in 0.02s
16:24:42 | INFO: Data are loaded, start creating Blender stuff
16:24:42 | INFO: Blender create Mesh node interior-batch-metro-wall
16:24:42 | INFO: Blender create Mesh node interior-batch-metro-floor
16:24:42 | INFO: Blender create Mesh node interior-batch-metro-rail
16:24:42 | INFO: Blender create Mesh node interior-batch-metro-screen
16:24:42 | INFO: Blender create Mesh node interior-batch-metro-priority-seat
16:24:42 | INFO: Blender create Mesh node interior-batch-metro-seat
16:24:42 | INFO: glTF import finished in 0.01s
Fra:1 Mem:18.55M (Peak 18.55M) | Time:00:00.00 | Mem:0.00M, Peak:0.00M | Scene, ViewLayer | Synchronizing object | body-shell
Fra:1 Mem:18.97M (Peak 18.97M) | Time:00:00.00 | Mem:0.00M, Peak:0.00M | Scene, ViewLayer | Synchronizing object | QA-ground
Fra:1 Mem:19.04M (Peak 19.04M) | Time:00:00.00 | Mem:0.00M, Peak:0.00M | Scene, ViewLayer | Synchronizing object | interior-batch-metro-seat
Fra:1 Mem:18.83M (Peak 19.04M) | Time:00:00.00 | Mem:0.00M, Peak:0.00M | Scene, ViewLayer | Synchronizing object | interior-batch-metro-priority-seat
Fra:1 Mem:19.01M (Peak 19.04M) | Time:00:00.00 | Mem:0.00M, Peak:0.00M | Scene, ViewLayer | Synchronizing object | interior-batch-metro-screen
Fra:1 Mem:19.02M (Peak 19.04M) | Time:00:00.00 | Mem:0.00M, Peak:0.00M | Scene, ViewLayer | Synchronizing object | interior-batch-metro-rail
Fra:1 Mem:18.92M (Peak 19.04M) | Time:00:00.00 | Mem:0.00M, Peak:0.00M | Scene, ViewLayer | Synchronizing object | bogie-front-frame
Fra:1 Mem:19.01M (Peak 19.04M) | Time:00:00.00 | Mem:0.00M, Peak:0.00M | Scene, ViewLayer | Synchronizing object | bogie-rear-frame
Fra:1 Mem:19.01M (Peak 19.04M) | Time:00:00.00 | Mem:0.00M, Peak:0.00M | Scene, ViewLayer | Synchronizing object | door-left-center-a
Fra:1 Mem:18.94M (Peak 19.04M) | Time:00:00.00 | Mem:0.00M, Peak:0.00M | Scene, ViewLayer | Synchronizing object | door-left-center-b
Fra:1 Mem:18.92M (Peak 19.04M) | Time:00:00.00 | Mem:0.00M, Peak:0.00M | Scene, ViewLayer | Synchronizing object | interior-batch-metro-floor
Fra:1 Mem:18.93M (Peak 19.04M) | Time:00:00.00 | Mem:0.00M, Peak:0.00M | Scene, ViewLayer | Synchronizing object | interior-batch-metro-wall
Fra:1 Mem:19.01M (Peak 19.04M) | Time:00:00.00 | Mem:0.00M, Peak:0.00M | Scene, ViewLayer | Synchronizing object | door-left-front-a
Fra:1 Mem:19.02M (Peak 19.04M) | Time:00:00.00 | Mem:0.00M, Peak:0.00M | Scene, ViewLayer | Synchronizing object | door-left-front-b
Fra:1 Mem:19.00M (Peak 19.04M) | Time:00:00.00 | Mem:0.00M, Peak:0.00M | Scene, ViewLayer | Synchronizing object | wheel-rear-rear-right
Fra:1 Mem:18.99M (Peak 19.04M) | Time:00:00.00 | Mem:0.00M, Peak:0.00M | Scene, ViewLayer | Synchronizing object | door-left-rear-a
Fra:1 Mem:19.01M (Peak 19.04M) | Time:00:00.00 | Mem:0.00M, Peak:0.00M | Scene, ViewLayer | Synchronizing object | wheel-rear-rear-left
Fra:1 Mem:19.01M (Peak 19.04M) | Time:00:00.00 | Mem:0.00M, Peak:0.00M | Scene, ViewLayer | Synchronizing object | door-left-rear-b
Fra:1 Mem:19.05M (Peak 19.05M) | Time:00:00.00 | Mem:0.00M, Peak:0.00M | Scene, ViewLayer | Synchronizing object | door-right-center-a
Fra:1 Mem:19.04M (Peak 19.05M) | Time:00:00.00 | Mem:0.00M, Peak:0.00M | Scene, ViewLayer | Synchronizing object | wheel-rear-front-right
Fra:1 Mem:19.06M (Peak 19.06M) | Time:00:00.00 | Mem:0.00M, Peak:0.00M | Scene, ViewLayer | Synchronizing object | door-right-center-b
Fra:1 Mem:19.05M (Peak 19.06M) | Time:00:00.00 | Mem:0.00M, Peak:0.00M | Scene, ViewLayer | Synchronizing object | wheel-rear-front-left
Fra:1 Mem:19.08M (Peak 19.08M) | Time:00:00.00 | Mem:0.00M, Peak:0.00M | Scene, ViewLayer | Synchronizing object | door-right-front-a
Fra:1 Mem:19.10M (Peak 19.10M) | Time:00:00.00 | Mem:0.00M, Peak:0.00M | Scene, ViewLayer | Synchronizing object | wheel-front-rear-right
Fra:1 Mem:19.10M (Peak 19.10M) | Time:00:00.00 | Mem:0.00M, Peak:0.00M | Scene, ViewLayer | Synchronizing object | door-right-front-b
Fra:1 Mem:19.10M (Peak 19.10M) | Time:00:00.00 | Mem:0.00M, Peak:0.00M | Scene, ViewLayer | Synchronizing object | wheel-front-rear-left
Fra:1 Mem:19.12M (Peak 19.12M) | Time:00:00.00 | Mem:0.00M, Peak:0.00M | Scene, ViewLayer | Synchronizing object | door-right-rear-a
Fra:1 Mem:19.15M (Peak 19.15M) | Time:00:00.00 | Mem:0.00M, Peak:0.00M | Scene, ViewLayer | Synchronizing object | wheel-front-front-right
Fra:1 Mem:19.16M (Peak 19.16M) | Time:00:00.00 | Mem:0.00M, Peak:0.00M | Scene, ViewLayer | Synchronizing object | door-right-rear-b
Fra:1 Mem:19.15M (Peak 19.16M) | Time:00:00.00 | Mem:0.00M, Peak:0.00M | Scene, ViewLayer | Synchronizing object | wheel-front-front-left
Fra:1 Mem:19.17M (Peak 19.17M) | Time:00:00.00 | Mem:0.00M, Peak:0.00M | Scene, ViewLayer | Synchronizing object | glass
Fra:1 Mem:19.17M (Peak 19.17M) | Time:00:00.00 | Mem:0.00M, Peak:0.00M | Scene, ViewLayer | Synchronizing object | lights
Fra:1 Mem:19.20M (Peak 19.20M) | Time:00:00.00 | Mem:0.00M, Peak:0.00M | Scene, ViewLayer | Initializing
Fra:1 Mem:16.59M (Peak 19.20M) | Time:00:00.00 | Mem:0.00M, Peak:0.00M | Scene, ViewLayer | Waiting for render to start
Fra:1 Mem:16.59M (Peak 19.20M) | Time:00:00.00 | Mem:0.00M, Peak:0.00M | Scene, ViewLayer | Loading render kernels (may take a few minutes the first time)
Fra:1 Mem:16.59M (Peak 19.20M) | Time:00:00.00 | Mem:0.00M, Peak:0.00M | Scene, ViewLayer | Updating Scene
Fra:1 Mem:16.59M (Peak 19.20M) | Time:00:00.00 | Mem:0.00M, Peak:0.00M | Scene, ViewLayer | Updating Shaders
Fra:1 Mem:16.68M (Peak 19.20M) | Time:00:00.00 | Mem:0.01M, Peak:0.01M | Scene, ViewLayer | Updating Procedurals
Fra:1 Mem:16.68M (Peak 19.20M) | Time:00:00.00 | Mem:0.01M, Peak:0.01M | Scene, ViewLayer | Updating Background
Fra:1 Mem:16.68M (Peak 19.20M) | Time:00:00.00 | Mem:0.01M, Peak:0.01M | Scene, ViewLayer | Updating Camera
Fra:1 Mem:16.68M (Peak 19.20M) | Time:00:00.00 | Mem:0.01M, Peak:0.01M | Scene, ViewLayer | Updating Meshes Flags
Fra:1 Mem:16.68M (Peak 19.20M) | Time:00:00.00 | Mem:0.01M, Peak:0.01M | Scene, ViewLayer | Updating Objects
Fra:1 Mem:16.68M (Peak 19.20M) | Time:00:00.00 | Mem:0.01M, Peak:0.01M | Scene, ViewLayer | Updating Objects | Copying Transformations to device
Fra:1 Mem:16.69M (Peak 19.20M) | Time:00:00.00 | Mem:0.02M, Peak:0.02M | Scene, ViewLayer | Updating Objects | Applying Static Transformations
Fra:1 Mem:16.69M (Peak 19.20M) | Time:00:00.00 | Mem:0.02M, Peak:0.02M | Scene, ViewLayer | Updating Particle Systems
Fra:1 Mem:16.69M (Peak 19.20M) | Time:00:00.00 | Mem:0.02M, Peak:0.02M | Scene, ViewLayer | Updating Particle Systems | Copying Particles to device
Fra:1 Mem:16.69M (Peak 19.20M) | Time:00:00.00 | Mem:0.02M, Peak:0.02M | Scene, ViewLayer | Updating Meshes
Fra:1 Mem:16.74M (Peak 19.20M) | Time:00:00.00 | Mem:0.02M, Peak:0.02M | Scene, ViewLayer | Updating Mesh | Computing attributes
Fra:1 Mem:16.89M (Peak 19.20M) | Time:00:00.00 | Mem:0.02M, Peak:0.02M | Scene, ViewLayer | Updating Mesh | Copying Attributes to device
Fra:1 Mem:16.88M (Peak 19.20M) | Time:00:00.00 | Mem:0.16M, Peak:0.16M | Scene, ViewLayer | Updating Scene BVH | Building
Fra:1 Mem:16.88M (Peak 19.20M) | Time:00:00.00 | Mem:0.16M, Peak:0.16M | Scene, ViewLayer | Updating Scene BVH | Building BVH
Fra:1 Mem:16.88M (Peak 19.20M) | Time:00:00.00 | Mem:0.26M, Peak:0.26M | Scene, ViewLayer | Updating Scene BVH | Building BVH 0%
Fra:1 Mem:16.88M (Peak 19.20M) | Time:00:00.00 | Mem:0.38M, Peak:0.48M | Scene, ViewLayer | Updating Scene BVH | Copying BVH to device
Fra:1 Mem:16.88M (Peak 19.20M) | Time:00:00.00 | Mem:0.38M, Peak:0.48M | Scene, ViewLayer | Updating Mesh | Computing normals
Fra:1 Mem:17.26M (Peak 19.20M) | Time:00:00.00 | Mem:0.38M, Peak:0.48M | Scene, ViewLayer | Updating Mesh | Copying Mesh to device
Fra:1 Mem:17.26M (Peak 19.20M) | Time:00:00.00 | Mem:0.76M, Peak:0.76M | Scene, ViewLayer | Updating Objects Flags
Fra:1 Mem:17.26M (Peak 19.20M) | Time:00:00.00 | Mem:0.76M, Peak:0.76M | Scene, ViewLayer | Updating Primitive Offsets
Fra:1 Mem:17.26M (Peak 19.20M) | Time:00:00.00 | Mem:0.76M, Peak:0.76M | Scene, ViewLayer | Updating Images
Fra:1 Mem:17.26M (Peak 19.20M) | Time:00:00.00 | Mem:0.76M, Peak:0.76M | Scene, ViewLayer | Updating Camera Volume
Fra:1 Mem:17.26M (Peak 19.20M) | Time:00:00.00 | Mem:0.76M, Peak:0.76M | Scene, ViewLayer | Updating Lookup Tables
Fra:1 Mem:17.26M (Peak 19.20M) | Time:00:00.00 | Mem:0.84M, Peak:0.84M | Scene, ViewLayer | Updating Lights
Fra:1 Mem:17.26M (Peak 19.20M) | Time:00:00.00 | Mem:0.84M, Peak:0.84M | Scene, ViewLayer | Updating Lights | Computing tree
Fra:1 Mem:17.26M (Peak 19.20M) | Time:00:00.00 | Mem:0.84M, Peak:0.84M | Scene, ViewLayer | Updating Integrator
Fra:1 Mem:17.26M (Peak 19.20M) | Time:00:00.00 | Mem:0.84M, Peak:0.84M | Scene, ViewLayer | Updating Film
Fra:1 Mem:17.27M (Peak 19.20M) | Time:00:00.00 | Mem:0.76M, Peak:0.84M | Scene, ViewLayer | Updating Lookup Tables
Fra:1 Mem:17.27M (Peak 19.20M) | Time:00:00.00 | Mem:0.85M, Peak:0.85M | Scene, ViewLayer | Updating Baking
Fra:1 Mem:17.27M (Peak 19.20M) | Time:00:00.00 | Mem:0.85M, Peak:0.85M | Scene, ViewLayer | Updating Device | Writing constant memory
Fra:1 Mem:17.27M (Peak 19.20M) | Time:00:00.00 | Mem:0.85M, Peak:0.85M | Scene, ViewLayer | Sample 0/8
Fra:1 Mem:26.07M (Peak 26.07M) | Time:00:00.25 | Remaining:00:01.71 | Mem:9.64M, Peak:9.64M | Scene, ViewLayer | Sample 1/8
Fra:1 Mem:29.97M (Peak 37.79M) | Time:00:01.87 | Mem:9.64M, Peak:9.64M | Scene, ViewLayer | Sample 8/8
Fra:1 Mem:29.97M (Peak 37.79M) | Time:00:01.87 | Mem:9.64M, Peak:9.64M | Scene, ViewLayer | Finished
Saved: '/workspace/scratch/7c20b5ba4165/atlas-backlog-oct3/tools/assets/boardable-metro/qa/previews/lead-night.png'
Time: 00:01.91 (Saving: 00:00.03)

Extensions: writing cache failed ([Errno 30] Read-only file system: '/home/agent/.config/blender').
16:24:44 | INFO: Data are loaded, start creating Blender stuff
16:24:44 | INFO: Blender create Mesh node Cube
16:24:44 | INFO: Blender create Mesh node Cube.158
16:24:44 | INFO: Blender create Mesh node Cube.157
16:24:44 | INFO: Blender create Mesh node Cube.135
16:24:44 | INFO: Blender create Mesh node Cube.140
16:24:44 | INFO: Blender create Mesh node Cube.145
16:24:44 | INFO: Blender create Mesh node Cube.150
16:24:44 | INFO: Blender create Mesh node Cube.125
16:24:44 | INFO: Blender create Mesh node Cube.130
16:24:44 | INFO: Blender create Mesh node Cube.105
16:24:44 | INFO: Blender create Mesh node Cube.110
16:24:44 | INFO: Blender create Mesh node Cube.115
16:24:44 | INFO: Blender create Mesh node Cube.120
16:24:44 | INFO: Blender create Mesh node Cube.095
16:24:44 | INFO: Blender create Mesh node Cube.100
16:24:44 | INFO: Blender create Mesh node Cube.004
16:24:44 | INFO: Blender create Mesh node Cube.092
16:24:44 | INFO: Blender create Mesh node Cylinder.007
16:24:44 | INFO: Blender create Mesh node Cylinder.006
16:24:44 | INFO: Blender create Mesh node Cylinder.005
16:24:44 | INFO: Blender create Mesh node Cylinder.004
16:24:44 | INFO: Blender create Mesh node Cylinder.003
16:24:44 | INFO: Blender create Mesh node Cylinder.002
16:24:44 | INFO: Blender create Mesh node Cylinder.001
16:24:44 | INFO: Blender create Mesh node Cylinder
16:24:44 | INFO: glTF import finished in 0.02s
16:24:44 | INFO: Data are loaded, start creating Blender stuff
16:24:44 | INFO: Blender create Mesh node interior-batch-metro-wall
16:24:44 | INFO: Blender create Mesh node interior-batch-metro-floor
16:24:44 | INFO: Blender create Mesh node interior-batch-metro-rail
16:24:44 | INFO: Blender create Mesh node interior-batch-metro-screen
16:24:44 | INFO: Blender create Mesh node interior-batch-metro-priority-seat
16:24:44 | INFO: Blender create Mesh node interior-batch-metro-seat
16:24:44 | INFO: glTF import finished in 0.01s
Fra:1 Mem:18.56M (Peak 18.56M) | Time:00:00.00 | Mem:0.00M, Peak:0.00M | Scene, ViewLayer | Synchronizing object | body-shell
Fra:1 Mem:18.97M (Peak 18.97M) | Time:00:00.00 | Mem:0.00M, Peak:0.00M | Scene, ViewLayer | Synchronizing object | QA-ground
Fra:1 Mem:18.99M (Peak 18.99M) | Time:00:00.00 | Mem:0.00M, Peak:0.00M | Scene, ViewLayer | Synchronizing object | interior-batch-metro-seat
Fra:1 Mem:18.83M (Peak 18.99M) | Time:00:00.00 | Mem:0.00M, Peak:0.00M | Scene, ViewLayer | Synchronizing object | interior-batch-metro-priority-seat
Fra:1 Mem:19.01M (Peak 19.01M) | Time:00:00.00 | Mem:0.00M, Peak:0.00M | Scene, ViewLayer | Synchronizing object | interior-batch-metro-screen
Fra:1 Mem:19.02M (Peak 19.02M) | Time:00:00.00 | Mem:0.00M, Peak:0.00M | Scene, ViewLayer | Synchronizing object | interior-batch-metro-rail
Fra:1 Mem:18.90M (Peak 19.02M) | Time:00:00.00 | Mem:0.00M, Peak:0.00M | Scene, ViewLayer | Synchronizing object | bogie-front-frame
Fra:1 Mem:18.91M (Peak 19.02M) | Time:00:00.00 | Mem:0.00M, Peak:0.00M | Scene, ViewLayer | Synchronizing object | interior-batch-metro-floor
Fra:1 Mem:18.90M (Peak 19.02M) | Time:00:00.00 | Mem:0.00M, Peak:0.00M | Scene, ViewLayer | Synchronizing object | interior-batch-metro-wall
Fra:1 Mem:18.92M (Peak 19.02M) | Time:00:00.00 | Mem:0.00M, Peak:0.00M | Scene, ViewLayer | Synchronizing object | bogie-rear-frame
Fra:1 Mem:18.95M (Peak 19.02M) | Time:00:00.00 | Mem:0.00M, Peak:0.00M | Scene, ViewLayer | Synchronizing object | door-left-center-a
Fra:1 Mem:18.95M (Peak 19.02M) | Time:00:00.00 | Mem:0.00M, Peak:0.00M | Scene, ViewLayer | Synchronizing object | wheel-rear-rear-right
Fra:1 Mem:18.96M (Peak 19.02M) | Time:00:00.00 | Mem:0.00M, Peak:0.00M | Scene, ViewLayer | Synchronizing object | door-left-center-b
Fra:1 Mem:18.98M (Peak 19.02M) | Time:00:00.00 | Mem:0.00M, Peak:0.00M | Scene, ViewLayer | Synchronizing object | wheel-rear-rear-left
Fra:1 Mem:18.98M (Peak 19.02M) | Time:00:00.00 | Mem:0.00M, Peak:0.00M | Scene, ViewLayer | Synchronizing object | door-left-front-a
Fra:1 Mem:19.01M (Peak 19.02M) | Time:00:00.00 | Mem:0.00M, Peak:0.00M | Scene, ViewLayer | Synchronizing object | wheel-rear-front-right
Fra:1 Mem:19.00M (Peak 19.02M) | Time:00:00.00 | Mem:0.00M, Peak:0.00M | Scene, ViewLayer | Synchronizing object | door-left-front-b
Fra:1 Mem:19.03M (Peak 19.03M) | Time:00:00.00 | Mem:0.00M, Peak:0.00M | Scene, ViewLayer | Synchronizing object | wheel-rear-front-left
Fra:1 Mem:19.03M (Peak 19.03M) | Time:00:00.00 | Mem:0.00M, Peak:0.00M | Scene, ViewLayer | Synchronizing object | door-left-rear-a
Fra:1 Mem:19.06M (Peak 19.06M) | Time:00:00.00 | Mem:0.00M, Peak:0.00M | Scene, ViewLayer | Synchronizing object | wheel-front-rear-right
Fra:1 Mem:19.07M (Peak 19.07M) | Time:00:00.00 | Mem:0.00M, Peak:0.00M | Scene, ViewLayer | Synchronizing object | door-left-rear-b
Fra:1 Mem:19.07M (Peak 19.07M) | Time:00:00.00 | Mem:0.00M, Peak:0.00M | Scene, ViewLayer | Synchronizing object | wheel-front-rear-left
Fra:1 Mem:19.10M (Peak 19.10M) | Time:00:00.00 | Mem:0.00M, Peak:0.00M | Scene, ViewLayer | Synchronizing object | door-right-center-a
Fra:1 Mem:19.09M (Peak 19.10M) | Time:00:00.00 | Mem:0.00M, Peak:0.00M | Scene, ViewLayer | Synchronizing object | wheel-front-front-right
Fra:1 Mem:19.10M (Peak 19.10M) | Time:00:00.00 | Mem:0.00M, Peak:0.00M | Scene, ViewLayer | Synchronizing object | door-right-center-b
Fra:1 Mem:19.10M (Peak 19.10M) | Time:00:00.00 | Mem:0.00M, Peak:0.00M | Scene, ViewLayer | Synchronizing object | wheel-front-front-left
Fra:1 Mem:19.14M (Peak 19.14M) | Time:00:00.00 | Mem:0.00M, Peak:0.00M | Scene, ViewLayer | Synchronizing object | lights
Fra:1 Mem:19.14M (Peak 19.14M) | Time:00:00.00 | Mem:0.00M, Peak:0.00M | Scene, ViewLayer | Synchronizing object | glass
Fra:1 Mem:19.21M (Peak 19.21M) | Time:00:00.00 | Mem:0.00M, Peak:0.00M | Scene, ViewLayer | Synchronizing object | door-right-front-a
Fra:1 Mem:19.17M (Peak 19.21M) | Time:00:00.00 | Mem:0.00M, Peak:0.00M | Scene, ViewLayer | Synchronizing object | door-right-front-b
Fra:1 Mem:19.17M (Peak 19.21M) | Time:00:00.00 | Mem:0.00M, Peak:0.00M | Scene, ViewLayer | Synchronizing object | door-right-rear-b
Fra:1 Mem:19.20M (Peak 19.21M) | Time:00:00.00 | Mem:0.00M, Peak:0.00M | Scene, ViewLayer | Synchronizing object | door-right-rear-a
Fra:1 Mem:19.20M (Peak 19.21M) | Time:00:00.00 | Mem:0.00M, Peak:0.00M | Scene, ViewLayer | Initializing
Fra:1 Mem:16.59M (Peak 19.21M) | Time:00:00.00 | Mem:0.00M, Peak:0.00M | Scene, ViewLayer | Waiting for render to start
Fra:1 Mem:16.59M (Peak 19.21M) | Time:00:00.00 | Mem:0.00M, Peak:0.00M | Scene, ViewLayer | Loading render kernels (may take a few minutes the first time)
Fra:1 Mem:16.59M (Peak 19.21M) | Time:00:00.00 | Mem:0.00M, Peak:0.00M | Scene, ViewLayer | Updating Scene
Fra:1 Mem:16.59M (Peak 19.21M) | Time:00:00.00 | Mem:0.00M, Peak:0.00M | Scene, ViewLayer | Updating Shaders
Fra:1 Mem:16.68M (Peak 19.21M) | Time:00:00.00 | Mem:0.01M, Peak:0.01M | Scene, ViewLayer | Updating Procedurals
Fra:1 Mem:16.68M (Peak 19.21M) | Time:00:00.00 | Mem:0.01M, Peak:0.01M | Scene, ViewLayer | Updating Background
Fra:1 Mem:16.68M (Peak 19.21M) | Time:00:00.00 | Mem:0.01M, Peak:0.01M | Scene, ViewLayer | Updating Camera
Fra:1 Mem:16.68M (Peak 19.21M) | Time:00:00.00 | Mem:0.01M, Peak:0.01M | Scene, ViewLayer | Updating Meshes Flags
Fra:1 Mem:16.68M (Peak 19.21M) | Time:00:00.00 | Mem:0.01M, Peak:0.01M | Scene, ViewLayer | Updating Objects
Fra:1 Mem:16.68M (Peak 19.21M) | Time:00:00.00 | Mem:0.01M, Peak:0.01M | Scene, ViewLayer | Updating Objects | Copying Transformations to device
Fra:1 Mem:16.69M (Peak 19.21M) | Time:00:00.00 | Mem:0.02M, Peak:0.02M | Scene, ViewLayer | Updating Objects | Applying Static Transformations
Fra:1 Mem:16.69M (Peak 19.21M) | Time:00:00.00 | Mem:0.02M, Peak:0.02M | Scene, ViewLayer | Updating Particle Systems
Fra:1 Mem:16.69M (Peak 19.21M) | Time:00:00.00 | Mem:0.02M, Peak:0.02M | Scene, ViewLayer | Updating Particle Systems | Copying Particles to device
Fra:1 Mem:16.69M (Peak 19.21M) | Time:00:00.00 | Mem:0.02M, Peak:0.02M | Scene, ViewLayer | Updating Meshes
Fra:1 Mem:16.74M (Peak 19.21M) | Time:00:00.00 | Mem:0.02M, Peak:0.02M | Scene, ViewLayer | Updating Mesh | Computing attributes
Fra:1 Mem:16.89M (Peak 19.21M) | Time:00:00.00 | Mem:0.02M, Peak:0.02M | Scene, ViewLayer | Updating Mesh | Copying Attributes to device
Fra:1 Mem:16.88M (Peak 19.21M) | Time:00:00.00 | Mem:0.16M, Peak:0.16M | Scene, ViewLayer | Updating Scene BVH | Building
Fra:1 Mem:16.88M (Peak 19.21M) | Time:00:00.00 | Mem:0.16M, Peak:0.16M | Scene, ViewLayer | Updating Scene BVH | Building BVH
Fra:1 Mem:16.88M (Peak 19.21M) | Time:00:00.00 | Mem:0.26M, Peak:0.26M | Scene, ViewLayer | Updating Scene BVH | Building BVH 0%
Fra:1 Mem:16.88M (Peak 19.21M) | Time:00:00.00 | Mem:0.38M, Peak:0.48M | Scene, ViewLayer | Updating Scene BVH | Copying BVH to device
Fra:1 Mem:16.88M (Peak 19.21M) | Time:00:00.00 | Mem:0.38M, Peak:0.48M | Scene, ViewLayer | Updating Mesh | Computing normals
Fra:1 Mem:17.26M (Peak 19.21M) | Time:00:00.00 | Mem:0.38M, Peak:0.48M | Scene, ViewLayer | Updating Mesh | Copying Mesh to device
Fra:1 Mem:17.26M (Peak 19.21M) | Time:00:00.00 | Mem:0.76M, Peak:0.76M | Scene, ViewLayer | Updating Objects Flags
Fra:1 Mem:17.26M (Peak 19.21M) | Time:00:00.00 | Mem:0.76M, Peak:0.76M | Scene, ViewLayer | Updating Primitive Offsets
Fra:1 Mem:17.26M (Peak 19.21M) | Time:00:00.00 | Mem:0.76M, Peak:0.76M | Scene, ViewLayer | Updating Images
Fra:1 Mem:17.26M (Peak 19.21M) | Time:00:00.00 | Mem:0.76M, Peak:0.76M | Scene, ViewLayer | Updating Camera Volume
Fra:1 Mem:17.26M (Peak 19.21M) | Time:00:00.00 | Mem:0.76M, Peak:0.76M | Scene, ViewLayer | Updating Lookup Tables
Fra:1 Mem:17.26M (Peak 19.21M) | Time:00:00.00 | Mem:0.84M, Peak:0.84M | Scene, ViewLayer | Updating Lights
Fra:1 Mem:17.26M (Peak 19.21M) | Time:00:00.00 | Mem:0.84M, Peak:0.84M | Scene, ViewLayer | Updating Lights | Computing tree
Fra:1 Mem:17.26M (Peak 19.21M) | Time:00:00.00 | Mem:0.84M, Peak:0.84M | Scene, ViewLayer | Updating Integrator
Fra:1 Mem:17.26M (Peak 19.21M) | Time:00:00.00 | Mem:0.84M, Peak:0.84M | Scene, ViewLayer | Updating Film
Fra:1 Mem:17.27M (Peak 19.21M) | Time:00:00.00 | Mem:0.76M, Peak:0.84M | Scene, ViewLayer | Updating Lookup Tables
Fra:1 Mem:17.27M (Peak 19.21M) | Time:00:00.00 | Mem:0.85M, Peak:0.85M | Scene, ViewLayer | Updating Baking
Fra:1 Mem:17.27M (Peak 19.21M) | Time:00:00.00 | Mem:0.85M, Peak:0.85M | Scene, ViewLayer | Updating Device | Writing constant memory
Fra:1 Mem:17.27M (Peak 19.21M) | Time:00:00.00 | Mem:0.85M, Peak:0.85M | Scene, ViewLayer | Sample 0/8
Fra:1 Mem:26.07M (Peak 26.07M) | Time:00:00.44 | Remaining:00:03.08 | Mem:9.64M, Peak:9.64M | Scene, ViewLayer | Sample 1/8
Fra:1 Mem:29.97M (Peak 37.79M) | Time:00:03.44 | Mem:9.64M, Peak:9.64M | Scene, ViewLayer | Sample 8/8
Fra:1 Mem:29.97M (Peak 37.79M) | Time:00:03.44 | Mem:9.64M, Peak:9.64M | Scene, ViewLayer | Finished
Saved: '/workspace/scratch/7c20b5ba4165/atlas-backlog-oct3/tools/assets/boardable-metro/qa/previews/lead-doors-closed.png'
Time: 00:03.48 (Saving: 00:00.04)

Extensions: writing cache failed ([Errno 30] Read-only file system: '/home/agent/.config/blender').
16:24:47 | INFO: Data are loaded, start creating Blender stuff
16:24:47 | INFO: Blender create Mesh node Cube
16:24:47 | INFO: Blender create Mesh node Cube.158
16:24:47 | INFO: Blender create Mesh node Cube.157
16:24:47 | INFO: Blender create Mesh node Cube.135
16:24:47 | INFO: Blender create Mesh node Cube.140
16:24:47 | INFO: Blender create Mesh node Cube.145
16:24:47 | INFO: Blender create Mesh node Cube.150
16:24:47 | INFO: Blender create Mesh node Cube.125
16:24:47 | INFO: Blender create Mesh node Cube.130
16:24:47 | INFO: Blender create Mesh node Cube.105
16:24:47 | INFO: Blender create Mesh node Cube.110
16:24:47 | INFO: Blender create Mesh node Cube.115
16:24:47 | INFO: Blender create Mesh node Cube.120
16:24:47 | INFO: Blender create Mesh node Cube.095
16:24:47 | INFO: Blender create Mesh node Cube.100
16:24:47 | INFO: Blender create Mesh node Cube.004
16:24:47 | INFO: Blender create Mesh node Cube.092
16:24:47 | INFO: Blender create Mesh node Cylinder.007
16:24:47 | INFO: Blender create Mesh node Cylinder.006
16:24:47 | INFO: Blender create Mesh node Cylinder.005
16:24:47 | INFO: Blender create Mesh node Cylinder.004
16:24:47 | INFO: Blender create Mesh node Cylinder.003
16:24:47 | INFO: Blender create Mesh node Cylinder.002
16:24:47 | INFO: Blender create Mesh node Cylinder.001
16:24:47 | INFO: Blender create Mesh node Cylinder
16:24:47 | INFO: glTF import finished in 0.03s
16:24:47 | INFO: Data are loaded, start creating Blender stuff
16:24:47 | INFO: Blender create Mesh node interior-batch-metro-wall
16:24:47 | INFO: Blender create Mesh node interior-batch-metro-floor
16:24:47 | INFO: Blender create Mesh node interior-batch-metro-rail
16:24:47 | INFO: Blender create Mesh node interior-batch-metro-screen
16:24:47 | INFO: Blender create Mesh node interior-batch-metro-priority-seat
16:24:47 | INFO: Blender create Mesh node interior-batch-metro-seat
16:24:47 | INFO: glTF import finished in 0.01s
Fra:1 Mem:18.56M (Peak 18.56M) | Time:00:00.00 | Mem:0.00M, Peak:0.00M | Scene, ViewLayer | Synchronizing object | body-shell
Fra:1 Mem:18.97M (Peak 18.97M) | Time:00:00.00 | Mem:0.00M, Peak:0.00M | Scene, ViewLayer | Synchronizing object | QA-ground
Fra:1 Mem:18.97M (Peak 18.97M) | Time:00:00.00 | Mem:0.00M, Peak:0.00M | Scene, ViewLayer | Synchronizing object | interior-batch-metro-seat
Fra:1 Mem:18.81M (Peak 18.97M) | Time:00:00.00 | Mem:0.00M, Peak:0.00M | Scene, ViewLayer | Synchronizing object | interior-batch-metro-priority-seat
Fra:1 Mem:18.84M (Peak 18.97M) | Time:00:00.00 | Mem:0.00M, Peak:0.00M | Scene, ViewLayer | Synchronizing object | interior-batch-metro-screen
Fra:1 Mem:19.02M (Peak 19.02M) | Time:00:00.00 | Mem:0.00M, Peak:0.00M | Scene, ViewLayer | Synchronizing object | interior-batch-metro-rail
Fra:1 Mem:19.00M (Peak 19.02M) | Time:00:00.00 | Mem:0.00M, Peak:0.00M | Scene, ViewLayer | Synchronizing object | bogie-front-frame
Fra:1 Mem:18.90M (Peak 19.02M) | Time:00:00.00 | Mem:0.00M, Peak:0.00M | Scene, ViewLayer | Synchronizing object | interior-batch-metro-floor
Fra:1 Mem:18.91M (Peak 19.02M) | Time:00:00.00 | Mem:0.00M, Peak:0.00M | Scene, ViewLayer | Synchronizing object | interior-batch-metro-wall
Fra:1 Mem:18.92M (Peak 19.02M) | Time:00:00.00 | Mem:0.00M, Peak:0.00M | Scene, ViewLayer | Synchronizing object | bogie-rear-frame
Fra:1 Mem:18.93M (Peak 19.02M) | Time:00:00.00 | Mem:0.00M, Peak:0.00M | Scene, ViewLayer | Synchronizing object | door-left-center-a
Fra:1 Mem:19.00M (Peak 19.02M) | Time:00:00.00 | Mem:0.00M, Peak:0.00M | Scene, ViewLayer | Synchronizing object | door-left-center-b
Fra:1 Mem:18.98M (Peak 19.02M) | Time:00:00.00 | Mem:0.00M, Peak:0.00M | Scene, ViewLayer | Synchronizing object | wheel-rear-rear-right
Fra:1 Mem:18.96M (Peak 19.02M) | Time:00:00.00 | Mem:0.00M, Peak:0.00M | Scene, ViewLayer | Synchronizing object | door-left-front-a
Fra:1 Mem:19.00M (Peak 19.02M) | Time:00:00.00 | Mem:0.00M, Peak:0.00M | Scene, ViewLayer | Synchronizing object | door-left-front-b
Fra:1 Mem:19.01M (Peak 19.02M) | Time:00:00.00 | Mem:0.00M, Peak:0.00M | Scene, ViewLayer | Synchronizing object | wheel-rear-rear-left
Fra:1 Mem:19.03M (Peak 19.03M) | Time:00:00.00 | Mem:0.00M, Peak:0.00M | Scene, ViewLayer | Synchronizing object | door-left-rear-a
Fra:1 Mem:19.04M (Peak 19.04M) | Time:00:00.00 | Mem:0.00M, Peak:0.00M | Scene, ViewLayer | Synchronizing object | wheel-rear-front-right
Fra:1 Mem:19.05M (Peak 19.05M) | Time:00:00.00 | Mem:0.00M, Peak:0.00M | Scene, ViewLayer | Synchronizing object | door-left-rear-b
Fra:1 Mem:19.06M (Peak 19.06M) | Time:00:00.00 | Mem:0.00M, Peak:0.00M | Scene, ViewLayer | Synchronizing object | wheel-rear-front-left
Fra:1 Mem:19.07M (Peak 19.07M) | Time:00:00.00 | Mem:0.00M, Peak:0.00M | Scene, ViewLayer | Synchronizing object | door-right-center-a
Fra:1 Mem:19.08M (Peak 19.08M) | Time:00:00.00 | Mem:0.00M, Peak:0.00M | Scene, ViewLayer | Synchronizing object | wheel-front-rear-right
Fra:1 Mem:19.09M (Peak 19.09M) | Time:00:00.00 | Mem:0.00M, Peak:0.00M | Scene, ViewLayer | Synchronizing object | door-right-center-b
Fra:1 Mem:19.10M (Peak 19.10M) | Time:00:00.00 | Mem:0.00M, Peak:0.00M | Scene, ViewLayer | Synchronizing object | wheel-front-rear-left
Fra:1 Mem:19.10M (Peak 19.10M) | Time:00:00.00 | Mem:0.00M, Peak:0.00M | Scene, ViewLayer | Synchronizing object | door-right-front-a
Fra:1 Mem:19.13M (Peak 19.13M) | Time:00:00.00 | Mem:0.00M, Peak:0.00M | Scene, ViewLayer | Synchronizing object | wheel-front-front-right
Fra:1 Mem:19.13M (Peak 19.13M) | Time:00:00.00 | Mem:0.00M, Peak:0.00M | Scene, ViewLayer | Synchronizing object | door-right-front-b
Fra:1 Mem:19.15M (Peak 19.15M) | Time:00:00.00 | Mem:0.00M, Peak:0.00M | Scene, ViewLayer | Synchronizing object | wheel-front-front-left
Fra:1 Mem:19.16M (Peak 19.16M) | Time:00:00.00 | Mem:0.00M, Peak:0.00M | Scene, ViewLayer | Synchronizing object | door-right-rear-a
Fra:1 Mem:19.15M (Peak 19.16M) | Time:00:00.00 | Mem:0.00M, Peak:0.00M | Scene, ViewLayer | Synchronizing object | lights
Fra:1 Mem:19.17M (Peak 19.17M) | Time:00:00.00 | Mem:0.00M, Peak:0.00M | Scene, ViewLayer | Synchronizing object | glass
Fra:1 Mem:19.17M (Peak 19.17M) | Time:00:00.00 | Mem:0.00M, Peak:0.00M | Scene, ViewLayer | Synchronizing object | door-right-rear-b
Fra:1 Mem:19.20M (Peak 19.20M) | Time:00:00.00 | Mem:0.00M, Peak:0.00M | Scene, ViewLayer | Initializing
Fra:1 Mem:16.59M (Peak 19.20M) | Time:00:00.00 | Mem:0.00M, Peak:0.00M | Scene, ViewLayer | Waiting for render to start
Fra:1 Mem:16.59M (Peak 19.20M) | Time:00:00.00 | Mem:0.00M, Peak:0.00M | Scene, ViewLayer | Loading render kernels (may take a few minutes the first time)
Fra:1 Mem:16.59M (Peak 19.20M) | Time:00:00.00 | Mem:0.00M, Peak:0.00M | Scene, ViewLayer | Updating Scene
Fra:1 Mem:16.59M (Peak 19.20M) | Time:00:00.00 | Mem:0.00M, Peak:0.00M | Scene, ViewLayer | Updating Shaders
Fra:1 Mem:16.68M (Peak 19.20M) | Time:00:00.00 | Mem:0.01M, Peak:0.01M | Scene, ViewLayer | Updating Procedurals
Fra:1 Mem:16.68M (Peak 19.20M) | Time:00:00.00 | Mem:0.01M, Peak:0.01M | Scene, ViewLayer | Updating Background
Fra:1 Mem:16.68M (Peak 19.20M) | Time:00:00.00 | Mem:0.01M, Peak:0.01M | Scene, ViewLayer | Updating Camera
Fra:1 Mem:16.68M (Peak 19.20M) | Time:00:00.00 | Mem:0.01M, Peak:0.01M | Scene, ViewLayer | Updating Meshes Flags
Fra:1 Mem:16.68M (Peak 19.20M) | Time:00:00.00 | Mem:0.01M, Peak:0.01M | Scene, ViewLayer | Updating Objects
Fra:1 Mem:16.68M (Peak 19.20M) | Time:00:00.00 | Mem:0.01M, Peak:0.01M | Scene, ViewLayer | Updating Objects | Copying Transformations to device
Fra:1 Mem:16.69M (Peak 19.20M) | Time:00:00.00 | Mem:0.02M, Peak:0.02M | Scene, ViewLayer | Updating Objects | Applying Static Transformations
Fra:1 Mem:16.69M (Peak 19.20M) | Time:00:00.00 | Mem:0.02M, Peak:0.02M | Scene, ViewLayer | Updating Particle Systems
Fra:1 Mem:16.69M (Peak 19.20M) | Time:00:00.00 | Mem:0.02M, Peak:0.02M | Scene, ViewLayer | Updating Particle Systems | Copying Particles to device
Fra:1 Mem:16.69M (Peak 19.20M) | Time:00:00.00 | Mem:0.02M, Peak:0.02M | Scene, ViewLayer | Updating Meshes
Fra:1 Mem:16.74M (Peak 19.20M) | Time:00:00.00 | Mem:0.02M, Peak:0.02M | Scene, ViewLayer | Updating Mesh | Computing attributes
Fra:1 Mem:16.89M (Peak 19.20M) | Time:00:00.00 | Mem:0.02M, Peak:0.02M | Scene, ViewLayer | Updating Mesh | Copying Attributes to device
Fra:1 Mem:16.88M (Peak 19.20M) | Time:00:00.00 | Mem:0.16M, Peak:0.16M | Scene, ViewLayer | Updating Scene BVH | Building
Fra:1 Mem:16.88M (Peak 19.20M) | Time:00:00.00 | Mem:0.16M, Peak:0.16M | Scene, ViewLayer | Updating Scene BVH | Building BVH
Fra:1 Mem:16.88M (Peak 19.20M) | Time:00:00.00 | Mem:0.26M, Peak:0.26M | Scene, ViewLayer | Updating Scene BVH | Building BVH 0%
Fra:1 Mem:16.88M (Peak 19.20M) | Time:00:00.00 | Mem:0.39M, Peak:0.49M | Scene, ViewLayer | Updating Scene BVH | Copying BVH to device
Fra:1 Mem:16.88M (Peak 19.20M) | Time:00:00.00 | Mem:0.39M, Peak:0.49M | Scene, ViewLayer | Updating Mesh | Computing normals
Fra:1 Mem:17.26M (Peak 19.20M) | Time:00:00.00 | Mem:0.39M, Peak:0.49M | Scene, ViewLayer | Updating Mesh | Copying Mesh to device
Fra:1 Mem:17.26M (Peak 19.20M) | Time:00:00.00 | Mem:0.77M, Peak:0.77M | Scene, ViewLayer | Updating Objects Flags
Fra:1 Mem:17.26M (Peak 19.20M) | Time:00:00.00 | Mem:0.77M, Peak:0.77M | Scene, ViewLayer | Updating Primitive Offsets
Fra:1 Mem:17.26M (Peak 19.20M) | Time:00:00.00 | Mem:0.77M, Peak:0.77M | Scene, ViewLayer | Updating Images
Fra:1 Mem:17.26M (Peak 19.20M) | Time:00:00.00 | Mem:0.77M, Peak:0.77M | Scene, ViewLayer | Updating Camera Volume
Fra:1 Mem:17.26M (Peak 19.20M) | Time:00:00.00 | Mem:0.77M, Peak:0.77M | Scene, ViewLayer | Updating Lookup Tables
Fra:1 Mem:17.26M (Peak 19.20M) | Time:00:00.00 | Mem:0.85M, Peak:0.85M | Scene, ViewLayer | Updating Lights
Fra:1 Mem:17.26M (Peak 19.20M) | Time:00:00.00 | Mem:0.85M, Peak:0.85M | Scene, ViewLayer | Updating Lights | Computing tree
Fra:1 Mem:17.26M (Peak 19.20M) | Time:00:00.00 | Mem:0.86M, Peak:0.86M | Scene, ViewLayer | Updating Integrator
Fra:1 Mem:17.26M (Peak 19.20M) | Time:00:00.00 | Mem:0.86M, Peak:0.86M | Scene, ViewLayer | Updating Film
Fra:1 Mem:17.27M (Peak 19.20M) | Time:00:00.00 | Mem:0.77M, Peak:0.86M | Scene, ViewLayer | Updating Lookup Tables
Fra:1 Mem:17.27M (Peak 19.20M) | Time:00:00.00 | Mem:0.86M, Peak:0.86M | Scene, ViewLayer | Updating Baking
Fra:1 Mem:17.27M (Peak 19.20M) | Time:00:00.00 | Mem:0.86M, Peak:0.86M | Scene, ViewLayer | Updating Device | Writing constant memory
Fra:1 Mem:17.27M (Peak 19.20M) | Time:00:00.00 | Mem:0.86M, Peak:0.86M | Scene, ViewLayer | Sample 0/8
Fra:1 Mem:26.07M (Peak 26.07M) | Time:00:00.42 | Remaining:00:02.89 | Mem:9.65M, Peak:9.65M | Scene, ViewLayer | Sample 1/8
Fra:1 Mem:29.97M (Peak 37.79M) | Time:00:03.16 | Mem:9.65M, Peak:9.65M | Scene, ViewLayer | Sample 8/8
Fra:1 Mem:29.97M (Peak 37.79M) | Time:00:03.16 | Mem:9.65M, Peak:9.65M | Scene, ViewLayer | Finished
Saved: '/workspace/scratch/7c20b5ba4165/atlas-backlog-oct3/tools/assets/boardable-metro/qa/previews/lead-doors-open.png'
Time: 00:03.20 (Saving: 00:00.03)

Extensions: writing cache failed ([Errno 30] Read-only file system: '/home/agent/.config/blender').
16:24:51 | INFO: Data are loaded, start creating Blender stuff
16:24:51 | INFO: Blender create Mesh node Cube
16:24:51 | INFO: Blender create Mesh node Cube.158
16:24:51 | INFO: Blender create Mesh node Cube.157
16:24:51 | INFO: Blender create Mesh node Cube.135
16:24:51 | INFO: Blender create Mesh node Cube.140
16:24:51 | INFO: Blender create Mesh node Cube.145
16:24:51 | INFO: Blender create Mesh node Cube.150
16:24:51 | INFO: Blender create Mesh node Cube.125
16:24:51 | INFO: Blender create Mesh node Cube.130
16:24:51 | INFO: Blender create Mesh node Cube.105
16:24:51 | INFO: Blender create Mesh node Cube.110
16:24:51 | INFO: Blender create Mesh node Cube.115
16:24:51 | INFO: Blender create Mesh node Cube.120
16:24:51 | INFO: Blender create Mesh node Cube.095
16:24:51 | INFO: Blender create Mesh node Cube.100
16:24:51 | INFO: Blender create Mesh node Cube.004
16:24:51 | INFO: Blender create Mesh node Cube.092
16:24:51 | INFO: Blender create Mesh node Cylinder.007
16:24:51 | INFO: Blender create Mesh node Cylinder.006
16:24:51 | INFO: Blender create Mesh node Cylinder.005
16:24:51 | INFO: Blender create Mesh node Cylinder.004
16:24:51 | INFO: Blender create Mesh node Cylinder.003
16:24:51 | INFO: Blender create Mesh node Cylinder.002
16:24:51 | INFO: Blender create Mesh node Cylinder.001
16:24:51 | INFO: Blender create Mesh node Cylinder
16:24:51 | INFO: glTF import finished in 0.02s
16:24:51 | INFO: Data are loaded, start creating Blender stuff
16:24:51 | INFO: Blender create Mesh node interior-batch-metro-wall
16:24:51 | INFO: Blender create Mesh node interior-batch-metro-floor
16:24:51 | INFO: Blender create Mesh node interior-batch-metro-rail
16:24:51 | INFO: Blender create Mesh node interior-batch-metro-screen
16:24:51 | INFO: Blender create Mesh node interior-batch-metro-priority-seat
16:24:51 | INFO: Blender create Mesh node interior-batch-metro-seat
16:24:51 | INFO: glTF import finished in 0.01s
Fra:1 Mem:18.56M (Peak 18.56M) | Time:00:00.00 | Mem:0.00M, Peak:0.00M | Scene, ViewLayer | Synchronizing object | body-shell
Fra:1 Mem:18.97M (Peak 18.97M) | Time:00:00.00 | Mem:0.00M, Peak:0.00M | Scene, ViewLayer | Synchronizing object | QA-ground
Fra:1 Mem:18.97M (Peak 18.97M) | Time:00:00.00 | Mem:0.00M, Peak:0.00M | Scene, ViewLayer | Synchronizing object | interior-batch-metro-seat
Fra:1 Mem:18.83M (Peak 18.97M) | Time:00:00.00 | Mem:0.00M, Peak:0.00M | Scene, ViewLayer | Synchronizing object | interior-batch-metro-priority-seat
Fra:1 Mem:19.01M (Peak 19.01M) | Time:00:00.00 | Mem:0.00M, Peak:0.00M | Scene, ViewLayer | Synchronizing object | interior-batch-metro-screen
Fra:1 Mem:19.02M (Peak 19.02M) | Time:00:00.00 | Mem:0.00M, Peak:0.00M | Scene, ViewLayer | Synchronizing object | interior-batch-metro-rail
Fra:1 Mem:18.92M (Peak 19.02M) | Time:00:00.00 | Mem:0.00M, Peak:0.00M | Scene, ViewLayer | Synchronizing object | bogie-front-frame
Fra:1 Mem:19.01M (Peak 19.02M) | Time:00:00.00 | Mem:0.00M, Peak:0.00M | Scene, ViewLayer | Synchronizing object | bogie-rear-frame
Fra:1 Mem:19.01M (Peak 19.02M) | Time:00:00.00 | Mem:0.00M, Peak:0.00M | Scene, ViewLayer | Synchronizing object | door-left-center-a
Fra:1 Mem:19.01M (Peak 19.02M) | Time:00:00.00 | Mem:0.00M, Peak:0.00M | Scene, ViewLayer | Synchronizing object | door-left-center-b
Fra:1 Mem:18.94M (Peak 19.02M) | Time:00:00.00 | Mem:0.00M, Peak:0.00M | Scene, ViewLayer | Synchronizing object | interior-batch-metro-floor
Fra:1 Mem:18.94M (Peak 19.02M) | Time:00:00.00 | Mem:0.00M, Peak:0.00M | Scene, ViewLayer | Synchronizing object | door-left-front-a
Fra:1 Mem:18.94M (Peak 19.02M) | Time:00:00.00 | Mem:0.00M, Peak:0.00M | Scene, ViewLayer | Synchronizing object | interior-batch-metro-wall
Fra:1 Mem:19.03M (Peak 19.03M) | Time:00:00.00 | Mem:0.00M, Peak:0.00M | Scene, ViewLayer | Synchronizing object | door-left-front-b
Fra:1 Mem:19.00M (Peak 19.03M) | Time:00:00.00 | Mem:0.00M, Peak:0.00M | Scene, ViewLayer | Synchronizing object | door-left-rear-a
Fra:1 Mem:19.05M (Peak 19.05M) | Time:00:00.00 | Mem:0.00M, Peak:0.00M | Scene, ViewLayer | Synchronizing object | door-left-rear-b
Fra:1 Mem:19.03M (Peak 19.05M) | Time:00:00.00 | Mem:0.00M, Peak:0.00M | Scene, ViewLayer | Synchronizing object | wheel-rear-rear-right
Fra:1 Mem:19.04M (Peak 19.05M) | Time:00:00.00 | Mem:0.00M, Peak:0.00M | Scene, ViewLayer | Synchronizing object | door-right-center-a
Fra:1 Mem:19.05M (Peak 19.05M) | Time:00:00.00 | Mem:0.00M, Peak:0.00M | Scene, ViewLayer | Synchronizing object | wheel-rear-rear-left
Fra:1 Mem:19.06M (Peak 19.06M) | Time:00:00.00 | Mem:0.00M, Peak:0.00M | Scene, ViewLayer | Synchronizing object | door-right-center-b
Fra:1 Mem:19.07M (Peak 19.07M) | Time:00:00.00 | Mem:0.00M, Peak:0.00M | Scene, ViewLayer | Synchronizing object | wheel-rear-front-right
Fra:1 Mem:19.06M (Peak 19.07M) | Time:00:00.00 | Mem:0.00M, Peak:0.00M | Scene, ViewLayer | Synchronizing object | door-right-front-a
Fra:1 Mem:19.08M (Peak 19.08M) | Time:00:00.00 | Mem:0.00M, Peak:0.00M | Scene, ViewLayer | Synchronizing object | door-right-front-b
Fra:1 Mem:19.08M (Peak 19.08M) | Time:00:00.00 | Mem:0.00M, Peak:0.00M | Scene, ViewLayer | Synchronizing object | wheel-rear-front-left
Fra:1 Mem:19.10M (Peak 19.10M) | Time:00:00.00 | Mem:0.00M, Peak:0.00M | Scene, ViewLayer | Synchronizing object | door-right-rear-a
Fra:1 Mem:19.13M (Peak 19.13M) | Time:00:00.00 | Mem:0.00M, Peak:0.00M | Scene, ViewLayer | Synchronizing object | wheel-front-rear-right
Fra:1 Mem:19.13M (Peak 19.13M) | Time:00:00.00 | Mem:0.00M, Peak:0.00M | Scene, ViewLayer | Synchronizing object | wheel-front-rear-left
Fra:1 Mem:19.16M (Peak 19.16M) | Time:00:00.00 | Mem:0.00M, Peak:0.00M | Scene, ViewLayer | Synchronizing object | door-right-rear-b
Fra:1 Mem:19.14M (Peak 19.16M) | Time:00:00.00 | Mem:0.00M, Peak:0.00M | Scene, ViewLayer | Synchronizing object | wheel-front-front-right
Fra:1 Mem:19.15M (Peak 19.16M) | Time:00:00.00 | Mem:0.00M, Peak:0.00M | Scene, ViewLayer | Synchronizing object | wheel-front-front-left
Fra:1 Mem:19.18M (Peak 19.18M) | Time:00:00.00 | Mem:0.00M, Peak:0.00M | Scene, ViewLayer | Synchronizing object | glass
Fra:1 Mem:19.23M (Peak 19.23M) | Time:00:00.00 | Mem:0.00M, Peak:0.00M | Scene, ViewLayer | Synchronizing object | lights
Fra:1 Mem:19.20M (Peak 19.23M) | Time:00:00.00 | Mem:0.00M, Peak:0.00M | Scene, ViewLayer | Initializing
Fra:1 Mem:16.59M (Peak 19.23M) | Time:00:00.00 | Mem:0.00M, Peak:0.00M | Scene, ViewLayer | Waiting for render to start
Fra:1 Mem:16.59M (Peak 19.23M) | Time:00:00.00 | Mem:0.00M, Peak:0.00M | Scene, ViewLayer | Loading render kernels (may take a few minutes the first time)
Fra:1 Mem:16.59M (Peak 19.23M) | Time:00:00.00 | Mem:0.00M, Peak:0.00M | Scene, ViewLayer | Updating Scene
Fra:1 Mem:16.59M (Peak 19.23M) | Time:00:00.00 | Mem:0.00M, Peak:0.00M | Scene, ViewLayer | Updating Shaders
Fra:1 Mem:16.68M (Peak 19.23M) | Time:00:00.00 | Mem:0.01M, Peak:0.01M | Scene, ViewLayer | Updating Procedurals
Fra:1 Mem:16.68M (Peak 19.23M) | Time:00:00.00 | Mem:0.01M, Peak:0.01M | Scene, ViewLayer | Updating Background
Fra:1 Mem:16.68M (Peak 19.23M) | Time:00:00.00 | Mem:0.01M, Peak:0.01M | Scene, ViewLayer | Updating Camera
Fra:1 Mem:16.68M (Peak 19.23M) | Time:00:00.00 | Mem:0.01M, Peak:0.01M | Scene, ViewLayer | Updating Meshes Flags
Fra:1 Mem:16.68M (Peak 19.23M) | Time:00:00.00 | Mem:0.01M, Peak:0.01M | Scene, ViewLayer | Updating Objects
Fra:1 Mem:16.68M (Peak 19.23M) | Time:00:00.00 | Mem:0.01M, Peak:0.01M | Scene, ViewLayer | Updating Objects | Copying Transformations to device
Fra:1 Mem:16.69M (Peak 19.23M) | Time:00:00.00 | Mem:0.02M, Peak:0.02M | Scene, ViewLayer | Updating Objects | Applying Static Transformations
Fra:1 Mem:16.69M (Peak 19.23M) | Time:00:00.00 | Mem:0.02M, Peak:0.02M | Scene, ViewLayer | Updating Particle Systems
Fra:1 Mem:16.69M (Peak 19.23M) | Time:00:00.00 | Mem:0.02M, Peak:0.02M | Scene, ViewLayer | Updating Particle Systems | Copying Particles to device
Fra:1 Mem:16.69M (Peak 19.23M) | Time:00:00.00 | Mem:0.02M, Peak:0.02M | Scene, ViewLayer | Updating Meshes
Fra:1 Mem:16.74M (Peak 19.23M) | Time:00:00.00 | Mem:0.02M, Peak:0.02M | Scene, ViewLayer | Updating Mesh | Computing attributes
Fra:1 Mem:16.89M (Peak 19.23M) | Time:00:00.00 | Mem:0.02M, Peak:0.02M | Scene, ViewLayer | Updating Mesh | Copying Attributes to device
Fra:1 Mem:16.88M (Peak 19.23M) | Time:00:00.00 | Mem:0.16M, Peak:0.16M | Scene, ViewLayer | Updating Scene BVH | Building
Fra:1 Mem:16.88M (Peak 19.23M) | Time:00:00.00 | Mem:0.16M, Peak:0.16M | Scene, ViewLayer | Updating Scene BVH | Building BVH
Fra:1 Mem:16.88M (Peak 19.23M) | Time:00:00.00 | Mem:0.26M, Peak:0.26M | Scene, ViewLayer | Updating Scene BVH | Building BVH 0%
Fra:1 Mem:16.88M (Peak 19.23M) | Time:00:00.00 | Mem:0.39M, Peak:0.49M | Scene, ViewLayer | Updating Scene BVH | Copying BVH to device
Fra:1 Mem:16.88M (Peak 19.23M) | Time:00:00.00 | Mem:0.39M, Peak:0.49M | Scene, ViewLayer | Updating Mesh | Computing normals
Fra:1 Mem:17.26M (Peak 19.23M) | Time:00:00.00 | Mem:0.39M, Peak:0.49M | Scene, ViewLayer | Updating Mesh | Copying Mesh to device
Fra:1 Mem:17.26M (Peak 19.23M) | Time:00:00.00 | Mem:0.77M, Peak:0.77M | Scene, ViewLayer | Updating Objects Flags
Fra:1 Mem:17.26M (Peak 19.23M) | Time:00:00.00 | Mem:0.77M, Peak:0.77M | Scene, ViewLayer | Updating Primitive Offsets
Fra:1 Mem:17.26M (Peak 19.23M) | Time:00:00.00 | Mem:0.77M, Peak:0.77M | Scene, ViewLayer | Updating Images
Fra:1 Mem:17.26M (Peak 19.23M) | Time:00:00.00 | Mem:0.77M, Peak:0.77M | Scene, ViewLayer | Updating Camera Volume
Fra:1 Mem:17.26M (Peak 19.23M) | Time:00:00.00 | Mem:0.77M, Peak:0.77M | Scene, ViewLayer | Updating Lookup Tables
Fra:1 Mem:17.26M (Peak 19.23M) | Time:00:00.00 | Mem:0.85M, Peak:0.85M | Scene, ViewLayer | Updating Lights
Fra:1 Mem:17.26M (Peak 19.23M) | Time:00:00.00 | Mem:0.85M, Peak:0.85M | Scene, ViewLayer | Updating Lights | Computing tree
Fra:1 Mem:17.26M (Peak 19.23M) | Time:00:00.00 | Mem:0.86M, Peak:0.86M | Scene, ViewLayer | Updating Integrator
Fra:1 Mem:17.26M (Peak 19.23M) | Time:00:00.00 | Mem:0.86M, Peak:0.86M | Scene, ViewLayer | Updating Film
Fra:1 Mem:17.27M (Peak 19.23M) | Time:00:00.00 | Mem:0.77M, Peak:0.86M | Scene, ViewLayer | Updating Lookup Tables
Fra:1 Mem:17.27M (Peak 19.23M) | Time:00:00.00 | Mem:0.86M, Peak:0.86M | Scene, ViewLayer | Updating Baking
Fra:1 Mem:17.27M (Peak 19.23M) | Time:00:00.00 | Mem:0.86M, Peak:0.86M | Scene, ViewLayer | Updating Device | Writing constant memory
Fra:1 Mem:17.27M (Peak 19.23M) | Time:00:00.00 | Mem:0.86M, Peak:0.86M | Scene, ViewLayer | Sample 0/8
Fra:1 Mem:26.07M (Peak 26.07M) | Time:00:00.74 | Remaining:00:05.17 | Mem:9.65M, Peak:9.65M | Scene, ViewLayer | Sample 1/8
Fra:1 Mem:29.97M (Peak 37.79M) | Time:00:05.63 | Mem:9.65M, Peak:9.65M | Scene, ViewLayer | Sample 8/8
Fra:1 Mem:29.97M (Peak 37.79M) | Time:00:05.63 | Mem:9.65M, Peak:9.65M | Scene, ViewLayer | Finished
Saved: '/workspace/scratch/7c20b5ba4165/atlas-backlog-oct3/tools/assets/boardable-metro/qa/previews/lead-aisle.png'
Time: 00:05.67 (Saving: 00:00.03)

Extensions: writing cache failed ([Errno 30] Read-only file system: '/home/agent/.config/blender').
16:24:56 | INFO: Data are loaded, start creating Blender stuff
16:24:56 | INFO: Blender create Mesh node Cube
16:24:56 | INFO: Blender create Mesh node Cube.158
16:24:56 | INFO: Blender create Mesh node Cube.157
16:24:56 | INFO: Blender create Mesh node Cube.135
16:24:56 | INFO: Blender create Mesh node Cube.140
16:24:56 | INFO: Blender create Mesh node Cube.145
16:24:56 | INFO: Blender create Mesh node Cube.150
16:24:56 | INFO: Blender create Mesh node Cube.125
16:24:56 | INFO: Blender create Mesh node Cube.130
16:24:56 | INFO: Blender create Mesh node Cube.105
16:24:56 | INFO: Blender create Mesh node Cube.110
16:24:56 | INFO: Blender create Mesh node Cube.115
16:24:56 | INFO: Blender create Mesh node Cube.120
16:24:56 | INFO: Blender create Mesh node Cube.095
16:24:56 | INFO: Blender create Mesh node Cube.100
16:24:56 | INFO: Blender create Mesh node Cube.004
16:24:56 | INFO: Blender create Mesh node Cube.092
16:24:56 | INFO: Blender create Mesh node Cylinder.007
16:24:56 | INFO: Blender create Mesh node Cylinder.006
16:24:56 | INFO: Blender create Mesh node Cylinder.005
16:24:56 | INFO: Blender create Mesh node Cylinder.004
16:24:56 | INFO: Blender create Mesh node Cylinder.003
16:24:56 | INFO: Blender create Mesh node Cylinder.002
16:24:56 | INFO: Blender create Mesh node Cylinder.001
16:24:56 | INFO: Blender create Mesh node Cylinder
16:24:56 | INFO: glTF import finished in 0.02s
16:24:56 | INFO: Data are loaded, start creating Blender stuff
16:24:56 | INFO: Blender create Mesh node interior-batch-metro-wall
16:24:56 | INFO: Blender create Mesh node interior-batch-metro-floor
16:24:56 | INFO: Blender create Mesh node interior-batch-metro-rail
16:24:56 | INFO: Blender create Mesh node interior-batch-metro-screen
16:24:56 | INFO: Blender create Mesh node interior-batch-metro-priority-seat
16:24:56 | INFO: Blender create Mesh node interior-batch-metro-seat
16:24:56 | INFO: glTF import finished in 0.01s
Fra:1 Mem:18.23M (Peak 18.23M) | Time:00:00.00 | Mem:0.00M, Peak:0.00M | Scene, ViewLayer | Synchronizing object | body-shell
Fra:1 Mem:18.51M (Peak 18.51M) | Time:00:00.00 | Mem:0.00M, Peak:0.00M | Scene, ViewLayer | Synchronizing object | QA-ground
Fra:1 Mem:18.36M (Peak 18.51M) | Time:00:00.00 | Mem:0.00M, Peak:0.00M | Scene, ViewLayer | Synchronizing object | interior-batch-metro-seat
Fra:1 Mem:18.48M (Peak 18.51M) | Time:00:00.00 | Mem:0.00M, Peak:0.00M | Scene, ViewLayer | Synchronizing object | interior-batch-metro-priority-seat
Fra:1 Mem:18.49M (Peak 18.51M) | Time:00:00.00 | Mem:0.00M, Peak:0.00M | Scene, ViewLayer | Synchronizing object | interior-batch-metro-screen
Fra:1 Mem:18.39M (Peak 18.51M) | Time:00:00.00 | Mem:0.00M, Peak:0.00M | Scene, ViewLayer | Synchronizing object | bogie-front-frame
Fra:1 Mem:18.38M (Peak 18.51M) | Time:00:00.00 | Mem:0.00M, Peak:0.00M | Scene, ViewLayer | Synchronizing object | interior-batch-metro-rail
Fra:1 Mem:18.48M (Peak 18.51M) | Time:00:00.00 | Mem:0.00M, Peak:0.00M | Scene, ViewLayer | Synchronizing object | bogie-rear-frame
Fra:1 Mem:18.50M (Peak 18.51M) | Time:00:00.00 | Mem:0.00M, Peak:0.00M | Scene, ViewLayer | Synchronizing object | door-left-center-a
Fra:1 Mem:18.49M (Peak 18.51M) | Time:00:00.00 | Mem:0.00M, Peak:0.00M | Scene, ViewLayer | Synchronizing object | door-left-center-b
Fra:1 Mem:18.47M (Peak 18.51M) | Time:00:00.00 | Mem:0.00M, Peak:0.00M | Scene, ViewLayer | Synchronizing object | interior-batch-metro-floor
Fra:1 Mem:18.47M (Peak 18.51M) | Time:00:00.00 | Mem:0.00M, Peak:0.00M | Scene, ViewLayer | Synchronizing object | interior-batch-metro-wall
Fra:1 Mem:18.47M (Peak 18.51M) | Time:00:00.00 | Mem:0.00M, Peak:0.00M | Scene, ViewLayer | Synchronizing object | door-left-front-a
Fra:1 Mem:18.51M (Peak 18.51M) | Time:00:00.00 | Mem:0.00M, Peak:0.00M | Scene, ViewLayer | Synchronizing object | door-left-front-b
Fra:1 Mem:18.50M (Peak 18.51M) | Time:00:00.00 | Mem:0.00M, Peak:0.00M | Scene, ViewLayer | Synchronizing object | wheel-rear-rear-right
Fra:1 Mem:18.53M (Peak 18.53M) | Time:00:00.00 | Mem:0.00M, Peak:0.00M | Scene, ViewLayer | Synchronizing object | wheel-rear-rear-left
Fra:1 Mem:18.52M (Peak 18.53M) | Time:00:00.00 | Mem:0.00M, Peak:0.00M | Scene, ViewLayer | Synchronizing object | door-left-rear-a
Fra:1 Mem:18.55M (Peak 18.55M) | Time:00:00.00 | Mem:0.00M, Peak:0.00M | Scene, ViewLayer | Synchronizing object | wheel-rear-front-right
Fra:1 Mem:18.52M (Peak 18.55M) | Time:00:00.00 | Mem:0.00M, Peak:0.00M | Scene, ViewLayer | Synchronizing object | wheel-rear-front-left
Fra:1 Mem:18.54M (Peak 18.55M) | Time:00:00.00 | Mem:0.00M, Peak:0.00M | Scene, ViewLayer | Synchronizing object | door-left-rear-b
Fra:1 Mem:18.56M (Peak 18.56M) | Time:00:00.00 | Mem:0.00M, Peak:0.00M | Scene, ViewLayer | Synchronizing object | wheel-front-rear-right
Fra:1 Mem:18.57M (Peak 18.57M) | Time:00:00.00 | Mem:0.00M, Peak:0.00M | Scene, ViewLayer | Synchronizing object | wheel-front-rear-left
Fra:1 Mem:18.58M (Peak 18.58M) | Time:00:00.00 | Mem:0.00M, Peak:0.00M | Scene, ViewLayer | Synchronizing object | door-right-center-a
Fra:1 Mem:18.57M (Peak 18.58M) | Time:00:00.00 | Mem:0.00M, Peak:0.00M | Scene, ViewLayer | Synchronizing object | door-right-center-b
Fra:1 Mem:18.56M (Peak 18.58M) | Time:00:00.00 | Mem:0.00M, Peak:0.00M | Scene, ViewLayer | Synchronizing object | door-right-front-a
Fra:1 Mem:18.56M (Peak 18.58M) | Time:00:00.00 | Mem:0.00M, Peak:0.00M | Scene, ViewLayer | Synchronizing object | door-right-front-b
Fra:1 Mem:18.56M (Peak 18.58M) | Time:00:00.00 | Mem:0.00M, Peak:0.00M | Scene, ViewLayer | Synchronizing object | door-right-rear-a
Fra:1 Mem:18.56M (Peak 18.58M) | Time:00:00.00 | Mem:0.00M, Peak:0.00M | Scene, ViewLayer | Synchronizing object | door-right-rear-b
Fra:1 Mem:18.56M (Peak 18.58M) | Time:00:00.00 | Mem:0.00M, Peak:0.00M | Scene, ViewLayer | Synchronizing object | wheel-front-front-left
Fra:1 Mem:18.56M (Peak 18.58M) | Time:00:00.00 | Mem:0.00M, Peak:0.00M | Scene, ViewLayer | Synchronizing object | glass
Fra:1 Mem:18.61M (Peak 18.61M) | Time:00:00.00 | Mem:0.00M, Peak:0.00M | Scene, ViewLayer | Synchronizing object | lights
Fra:1 Mem:18.59M (Peak 18.61M) | Time:00:00.00 | Mem:0.00M, Peak:0.00M | Scene, ViewLayer | Initializing
Fra:1 Mem:16.00M (Peak 18.61M) | Time:00:00.00 | Mem:0.00M, Peak:0.00M | Scene, ViewLayer | Waiting for render to start
Fra:1 Mem:16.00M (Peak 18.61M) | Time:00:00.00 | Mem:0.00M, Peak:0.00M | Scene, ViewLayer | Loading render kernels (may take a few minutes the first time)
Fra:1 Mem:16.00M (Peak 18.61M) | Time:00:00.00 | Mem:0.00M, Peak:0.00M | Scene, ViewLayer | Updating Scene
Fra:1 Mem:16.00M (Peak 18.61M) | Time:00:00.00 | Mem:0.00M, Peak:0.00M | Scene, ViewLayer | Updating Shaders
Fra:1 Mem:16.10M (Peak 18.61M) | Time:00:00.00 | Mem:0.01M, Peak:0.01M | Scene, ViewLayer | Updating Procedurals
Fra:1 Mem:16.10M (Peak 18.61M) | Time:00:00.00 | Mem:0.01M, Peak:0.01M | Scene, ViewLayer | Updating Background
Fra:1 Mem:16.10M (Peak 18.61M) | Time:00:00.00 | Mem:0.01M, Peak:0.01M | Scene, ViewLayer | Updating Camera
Fra:1 Mem:16.10M (Peak 18.61M) | Time:00:00.00 | Mem:0.01M, Peak:0.01M | Scene, ViewLayer | Updating Meshes Flags
Fra:1 Mem:16.10M (Peak 18.61M) | Time:00:00.00 | Mem:0.01M, Peak:0.01M | Scene, ViewLayer | Updating Objects
Fra:1 Mem:16.10M (Peak 18.61M) | Time:00:00.00 | Mem:0.01M, Peak:0.01M | Scene, ViewLayer | Updating Objects | Copying Transformations to device
Fra:1 Mem:16.10M (Peak 18.61M) | Time:00:00.00 | Mem:0.02M, Peak:0.02M | Scene, ViewLayer | Updating Objects | Applying Static Transformations
Fra:1 Mem:16.10M (Peak 18.61M) | Time:00:00.00 | Mem:0.02M, Peak:0.02M | Scene, ViewLayer | Updating Particle Systems
Fra:1 Mem:16.10M (Peak 18.61M) | Time:00:00.00 | Mem:0.02M, Peak:0.02M | Scene, ViewLayer | Updating Particle Systems | Copying Particles to device
Fra:1 Mem:16.10M (Peak 18.61M) | Time:00:00.00 | Mem:0.02M, Peak:0.02M | Scene, ViewLayer | Updating Meshes
Fra:1 Mem:16.13M (Peak 18.61M) | Time:00:00.00 | Mem:0.02M, Peak:0.02M | Scene, ViewLayer | Updating Mesh | Computing attributes
Fra:1 Mem:16.21M (Peak 18.61M) | Time:00:00.00 | Mem:0.02M, Peak:0.02M | Scene, ViewLayer | Updating Mesh | Copying Attributes to device
Fra:1 Mem:16.21M (Peak 18.61M) | Time:00:00.00 | Mem:0.09M, Peak:0.09M | Scene, ViewLayer | Updating Scene BVH | Building
Fra:1 Mem:16.21M (Peak 18.61M) | Time:00:00.00 | Mem:0.09M, Peak:0.09M | Scene, ViewLayer | Updating Scene BVH | Building BVH
Fra:1 Mem:16.21M (Peak 18.61M) | Time:00:00.00 | Mem:0.15M, Peak:0.15M | Scene, ViewLayer | Updating Scene BVH | Building BVH 0%
Fra:1 Mem:16.21M (Peak 18.61M) | Time:00:00.00 | Mem:0.22M, Peak:0.27M | Scene, ViewLayer | Updating Scene BVH | Copying BVH to device
Fra:1 Mem:16.21M (Peak 18.61M) | Time:00:00.00 | Mem:0.22M, Peak:0.27M | Scene, ViewLayer | Updating Mesh | Computing normals
Fra:1 Mem:16.41M (Peak 18.61M) | Time:00:00.00 | Mem:0.22M, Peak:0.27M | Scene, ViewLayer | Updating Mesh | Copying Mesh to device
Fra:1 Mem:16.41M (Peak 18.61M) | Time:00:00.00 | Mem:0.42M, Peak:0.42M | Scene, ViewLayer | Updating Objects Flags
Fra:1 Mem:16.41M (Peak 18.61M) | Time:00:00.00 | Mem:0.42M, Peak:0.42M | Scene, ViewLayer | Updating Primitive Offsets
Fra:1 Mem:16.41M (Peak 18.61M) | Time:00:00.00 | Mem:0.42M, Peak:0.42M | Scene, ViewLayer | Updating Images
Fra:1 Mem:16.41M (Peak 18.61M) | Time:00:00.00 | Mem:0.42M, Peak:0.42M | Scene, ViewLayer | Updating Camera Volume
Fra:1 Mem:16.41M (Peak 18.61M) | Time:00:00.00 | Mem:0.42M, Peak:0.42M | Scene, ViewLayer | Updating Lookup Tables
Fra:1 Mem:16.41M (Peak 18.61M) | Time:00:00.00 | Mem:0.50M, Peak:0.50M | Scene, ViewLayer | Updating Lights
Fra:1 Mem:16.41M (Peak 18.61M) | Time:00:00.00 | Mem:0.50M, Peak:0.50M | Scene, ViewLayer | Updating Lights | Computing tree
Fra:1 Mem:16.41M (Peak 18.61M) | Time:00:00.00 | Mem:0.50M, Peak:0.50M | Scene, ViewLayer | Updating Integrator
Fra:1 Mem:16.41M (Peak 18.61M) | Time:00:00.00 | Mem:0.50M, Peak:0.50M | Scene, ViewLayer | Updating Film
Fra:1 Mem:16.41M (Peak 18.61M) | Time:00:00.00 | Mem:0.42M, Peak:0.50M | Scene, ViewLayer | Updating Lookup Tables
Fra:1 Mem:16.41M (Peak 18.61M) | Time:00:00.00 | Mem:0.51M, Peak:0.51M | Scene, ViewLayer | Updating Baking
Fra:1 Mem:16.41M (Peak 18.61M) | Time:00:00.00 | Mem:0.51M, Peak:0.51M | Scene, ViewLayer | Updating Device | Writing constant memory
Fra:1 Mem:16.41M (Peak 18.61M) | Time:00:00.00 | Mem:0.51M, Peak:0.51M | Scene, ViewLayer | Sample 0/8
Fra:1 Mem:25.21M (Peak 25.21M) | Time:00:00.21 | Remaining:00:01.47 | Mem:9.29M, Peak:9.29M | Scene, ViewLayer | Sample 1/8
Fra:1 Mem:29.12M (Peak 36.93M) | Time:00:01.63 | Mem:9.29M, Peak:9.29M | Scene, ViewLayer | Sample 8/8
Fra:1 Mem:29.12M (Peak 36.93M) | Time:00:01.63 | Mem:9.29M, Peak:9.29M | Scene, ViewLayer | Finished
Saved: '/workspace/scratch/7c20b5ba4165/atlas-backlog-oct3/tools/assets/boardable-metro/qa/previews/lead-section.png'
Time: 00:01.66 (Saving: 00:00.03)

Extensions: writing cache failed ([Errno 30] Read-only file system: '/home/agent/.config/blender').
16:24:58 | INFO: Data are loaded, start creating Blender stuff
16:24:58 | INFO: Blender create Mesh node Cube
16:24:58 | INFO: Blender create Mesh node Cube.158
16:24:58 | INFO: Blender create Mesh node Cube.157
16:24:58 | INFO: Blender create Mesh node Cube.135
16:24:58 | INFO: Blender create Mesh node Cube.140
16:24:58 | INFO: Blender create Mesh node Cube.145
16:24:58 | INFO: Blender create Mesh node Cube.150
16:24:58 | INFO: Blender create Mesh node Cube.125
16:24:58 | INFO: Blender create Mesh node Cube.130
16:24:58 | INFO: Blender create Mesh node Cube.105
16:24:58 | INFO: Blender create Mesh node Cube.110
16:24:58 | INFO: Blender create Mesh node Cube.115
16:24:58 | INFO: Blender create Mesh node Cube.120
16:24:58 | INFO: Blender create Mesh node Cube.095
16:24:58 | INFO: Blender create Mesh node Cube.100
16:24:58 | INFO: Blender create Mesh node Cube.004
16:24:58 | INFO: Blender create Mesh node Cube.092
16:24:58 | INFO: Blender create Mesh node Cylinder.007
16:24:58 | INFO: Blender create Mesh node Cylinder.006
16:24:58 | INFO: Blender create Mesh node Cylinder.005
16:24:58 | INFO: Blender create Mesh node Cylinder.004
16:24:58 | INFO: Blender create Mesh node Cylinder.003
16:24:58 | INFO: Blender create Mesh node Cylinder.002
16:24:58 | INFO: Blender create Mesh node Cylinder.001
16:24:58 | INFO: Blender create Mesh node Cylinder
16:24:58 | INFO: glTF import finished in 0.02s
16:24:58 | INFO: Data are loaded, start creating Blender stuff
16:24:58 | INFO: Blender create Mesh node interior-batch-metro-wall
16:24:58 | INFO: Blender create Mesh node interior-batch-metro-floor
16:24:58 | INFO: Blender create Mesh node interior-batch-metro-rail
16:24:58 | INFO: Blender create Mesh node interior-batch-metro-screen
16:24:58 | INFO: Blender create Mesh node interior-batch-metro-priority-seat
16:24:58 | INFO: Blender create Mesh node interior-batch-metro-seat
16:24:58 | INFO: glTF import finished in 0.01s
Fra:1 Mem:18.56M (Peak 18.56M) | Time:00:00.00 | Mem:0.00M, Peak:0.00M | Scene, ViewLayer | Synchronizing object | body-shell
Fra:1 Mem:18.98M (Peak 18.98M) | Time:00:00.00 | Mem:0.00M, Peak:0.00M | Scene, ViewLayer | Synchronizing object | QA-ground
Fra:1 Mem:19.03M (Peak 19.03M) | Time:00:00.00 | Mem:0.00M, Peak:0.00M | Scene, ViewLayer | Synchronizing object | interior-batch-metro-seat
Fra:1 Mem:19.00M (Peak 19.03M) | Time:00:00.00 | Mem:0.00M, Peak:0.00M | Scene, ViewLayer | Synchronizing object | interior-batch-metro-priority-seat
Fra:1 Mem:19.00M (Peak 19.03M) | Time:00:00.00 | Mem:0.00M, Peak:0.00M | Scene, ViewLayer | Synchronizing object | interior-batch-metro-screen
Fra:1 Mem:18.82M (Peak 19.03M) | Time:00:00.00 | Mem:0.00M, Peak:0.00M | Scene, ViewLayer | Synchronizing object | interior-batch-metro-rail
Fra:1 Mem:18.81M (Peak 19.03M) | Time:00:00.00 | Mem:0.00M, Peak:0.00M | Scene, ViewLayer | Synchronizing object | bogie-front-frame
Fra:1 Mem:19.00M (Peak 19.03M) | Time:00:00.00 | Mem:0.00M, Peak:0.00M | Scene, ViewLayer | Synchronizing object | bogie-rear-frame
Fra:1 Mem:19.03M (Peak 19.03M) | Time:00:00.00 | Mem:0.00M, Peak:0.00M | Scene, ViewLayer | Synchronizing object | door-left-center-a
Fra:1 Mem:18.93M (Peak 19.03M) | Time:00:00.00 | Mem:0.00M, Peak:0.00M | Scene, ViewLayer | Synchronizing object | door-left-center-b
Fra:1 Mem:19.03M (Peak 19.03M) | Time:00:00.00 | Mem:0.00M, Peak:0.00M | Scene, ViewLayer | Synchronizing object | door-left-front-a
Fra:1 Mem:19.05M (Peak 19.05M) | Time:00:00.00 | Mem:0.00M, Peak:0.00M | Scene, ViewLayer | Synchronizing object | door-left-front-b
Fra:1 Mem:18.95M (Peak 19.05M) | Time:00:00.00 | Mem:0.00M, Peak:0.00M | Scene, ViewLayer | Synchronizing object | interior-batch-metro-floor
Fra:1 Mem:18.95M (Peak 19.05M) | Time:00:00.00 | Mem:0.00M, Peak:0.00M | Scene, ViewLayer | Synchronizing object | door-left-rear-a
Fra:1 Mem:18.99M (Peak 19.05M) | Time:00:00.00 | Mem:0.00M, Peak:0.00M | Scene, ViewLayer | Synchronizing object | interior-batch-metro-wall
Fra:1 Mem:19.05M (Peak 19.05M) | Time:00:00.00 | Mem:0.00M, Peak:0.00M | Scene, ViewLayer | Synchronizing object | door-left-rear-b
Fra:1 Mem:19.06M (Peak 19.06M) | Time:00:00.00 | Mem:0.00M, Peak:0.00M | Scene, ViewLayer | Synchronizing object | door-right-center-a
Fra:1 Mem:19.04M (Peak 19.06M) | Time:00:00.00 | Mem:0.00M, Peak:0.00M | Scene, ViewLayer | Synchronizing object | wheel-rear-rear-right
Fra:1 Mem:19.03M (Peak 19.06M) | Time:00:00.00 | Mem:0.00M, Peak:0.00M | Scene, ViewLayer | Synchronizing object | door-right-center-b
Fra:1 Mem:19.05M (Peak 19.06M) | Time:00:00.00 | Mem:0.00M, Peak:0.00M | Scene, ViewLayer | Synchronizing object | door-right-front-a
Fra:1 Mem:19.05M (Peak 19.06M) | Time:00:00.00 | Mem:0.00M, Peak:0.00M | Scene, ViewLayer | Synchronizing object | wheel-rear-rear-left
Fra:1 Mem:19.08M (Peak 19.08M) | Time:00:00.00 | Mem:0.00M, Peak:0.00M | Scene, ViewLayer | Synchronizing object | door-right-front-b
Fra:1 Mem:19.07M (Peak 19.08M) | Time:00:00.00 | Mem:0.00M, Peak:0.00M | Scene, ViewLayer | Synchronizing object | wheel-rear-front-right
Fra:1 Mem:19.09M (Peak 19.09M) | Time:00:00.00 | Mem:0.00M, Peak:0.00M | Scene, ViewLayer | Synchronizing object | wheel-rear-front-left
Fra:1 Mem:19.09M (Peak 19.09M) | Time:00:00.00 | Mem:0.00M, Peak:0.00M | Scene, ViewLayer | Synchronizing object | door-right-rear-a
Fra:1 Mem:19.13M (Peak 19.13M) | Time:00:00.00 | Mem:0.00M, Peak:0.00M | Scene, ViewLayer | Synchronizing object | wheel-front-rear-right
Fra:1 Mem:19.14M (Peak 19.14M) | Time:00:00.00 | Mem:0.00M, Peak:0.00M | Scene, ViewLayer | Synchronizing object | door-right-rear-b
Fra:1 Mem:19.15M (Peak 19.15M) | Time:00:00.00 | Mem:0.00M, Peak:0.00M | Scene, ViewLayer | Synchronizing object | wheel-front-rear-left
Fra:1 Mem:19.16M (Peak 19.16M) | Time:00:00.00 | Mem:0.00M, Peak:0.00M | Scene, ViewLayer | Synchronizing object | glass
Fra:1 Mem:19.18M (Peak 19.18M) | Time:00:00.00 | Mem:0.00M, Peak:0.00M | Scene, ViewLayer | Synchronizing object | wheel-front-front-right
Fra:1 Mem:19.20M (Peak 19.20M) | Time:00:00.00 | Mem:0.00M, Peak:0.00M | Scene, ViewLayer | Synchronizing object | lights
Fra:1 Mem:19.19M (Peak 19.20M) | Time:00:00.00 | Mem:0.00M, Peak:0.00M | Scene, ViewLayer | Synchronizing object | wheel-front-front-left
Fra:1 Mem:19.20M (Peak 19.20M) | Time:00:00.00 | Mem:0.00M, Peak:0.00M | Scene, ViewLayer | Initializing
Fra:1 Mem:16.59M (Peak 19.20M) | Time:00:00.00 | Mem:0.00M, Peak:0.00M | Scene, ViewLayer | Waiting for render to start
Fra:1 Mem:16.59M (Peak 19.20M) | Time:00:00.00 | Mem:0.00M, Peak:0.00M | Scene, ViewLayer | Loading render kernels (may take a few minutes the first time)
Fra:1 Mem:16.59M (Peak 19.20M) | Time:00:00.00 | Mem:0.00M, Peak:0.00M | Scene, ViewLayer | Updating Scene
Fra:1 Mem:16.59M (Peak 19.20M) | Time:00:00.00 | Mem:0.00M, Peak:0.00M | Scene, ViewLayer | Updating Shaders
Fra:1 Mem:16.68M (Peak 19.20M) | Time:00:00.00 | Mem:0.01M, Peak:0.01M | Scene, ViewLayer | Updating Procedurals
Fra:1 Mem:16.68M (Peak 19.20M) | Time:00:00.00 | Mem:0.01M, Peak:0.01M | Scene, ViewLayer | Updating Background
Fra:1 Mem:16.68M (Peak 19.20M) | Time:00:00.00 | Mem:0.01M, Peak:0.01M | Scene, ViewLayer | Updating Camera
Fra:1 Mem:16.68M (Peak 19.20M) | Time:00:00.00 | Mem:0.01M, Peak:0.01M | Scene, ViewLayer | Updating Meshes Flags
Fra:1 Mem:16.68M (Peak 19.20M) | Time:00:00.00 | Mem:0.01M, Peak:0.01M | Scene, ViewLayer | Updating Objects
Fra:1 Mem:16.68M (Peak 19.20M) | Time:00:00.00 | Mem:0.01M, Peak:0.01M | Scene, ViewLayer | Updating Objects | Copying Transformations to device
Fra:1 Mem:16.69M (Peak 19.20M) | Time:00:00.00 | Mem:0.02M, Peak:0.02M | Scene, ViewLayer | Updating Objects | Applying Static Transformations
Fra:1 Mem:16.69M (Peak 19.20M) | Time:00:00.00 | Mem:0.02M, Peak:0.02M | Scene, ViewLayer | Updating Particle Systems
Fra:1 Mem:16.69M (Peak 19.20M) | Time:00:00.00 | Mem:0.02M, Peak:0.02M | Scene, ViewLayer | Updating Particle Systems | Copying Particles to device
Fra:1 Mem:16.69M (Peak 19.20M) | Time:00:00.00 | Mem:0.02M, Peak:0.02M | Scene, ViewLayer | Updating Meshes
Fra:1 Mem:16.74M (Peak 19.20M) | Time:00:00.00 | Mem:0.02M, Peak:0.02M | Scene, ViewLayer | Updating Mesh | Computing attributes
Fra:1 Mem:16.89M (Peak 19.20M) | Time:00:00.00 | Mem:0.02M, Peak:0.02M | Scene, ViewLayer | Updating Mesh | Copying Attributes to device
Fra:1 Mem:16.88M (Peak 19.20M) | Time:00:00.00 | Mem:0.16M, Peak:0.16M | Scene, ViewLayer | Updating Scene BVH | Building
Fra:1 Mem:16.88M (Peak 19.20M) | Time:00:00.00 | Mem:0.16M, Peak:0.16M | Scene, ViewLayer | Updating Scene BVH | Building BVH
Fra:1 Mem:16.88M (Peak 19.20M) | Time:00:00.00 | Mem:0.26M, Peak:0.26M | Scene, ViewLayer | Updating Scene BVH | Building BVH 0%
Fra:1 Mem:16.88M (Peak 19.20M) | Time:00:00.00 | Mem:0.39M, Peak:0.49M | Scene, ViewLayer | Updating Scene BVH | Copying BVH to device
Fra:1 Mem:16.88M (Peak 19.20M) | Time:00:00.00 | Mem:0.39M, Peak:0.49M | Scene, ViewLayer | Updating Mesh | Computing normals
Fra:1 Mem:17.26M (Peak 19.20M) | Time:00:00.00 | Mem:0.39M, Peak:0.49M | Scene, ViewLayer | Updating Mesh | Copying Mesh to device
Fra:1 Mem:17.26M (Peak 19.20M) | Time:00:00.00 | Mem:0.77M, Peak:0.77M | Scene, ViewLayer | Updating Objects Flags
Fra:1 Mem:17.26M (Peak 19.20M) | Time:00:00.00 | Mem:0.77M, Peak:0.77M | Scene, ViewLayer | Updating Primitive Offsets
Fra:1 Mem:17.26M (Peak 19.20M) | Time:00:00.00 | Mem:0.77M, Peak:0.77M | Scene, ViewLayer | Updating Images
Fra:1 Mem:17.26M (Peak 19.20M) | Time:00:00.00 | Mem:0.77M, Peak:0.77M | Scene, ViewLayer | Updating Camera Volume
Fra:1 Mem:17.26M (Peak 19.20M) | Time:00:00.00 | Mem:0.77M, Peak:0.77M | Scene, ViewLayer | Updating Lookup Tables
Fra:1 Mem:17.26M (Peak 19.20M) | Time:00:00.00 | Mem:0.85M, Peak:0.85M | Scene, ViewLayer | Updating Lights
Fra:1 Mem:17.26M (Peak 19.20M) | Time:00:00.00 | Mem:0.85M, Peak:0.85M | Scene, ViewLayer | Updating Lights | Computing tree
Fra:1 Mem:17.26M (Peak 19.20M) | Time:00:00.00 | Mem:0.86M, Peak:0.86M | Scene, ViewLayer | Updating Integrator
Fra:1 Mem:17.26M (Peak 19.20M) | Time:00:00.00 | Mem:0.86M, Peak:0.86M | Scene, ViewLayer | Updating Film
Fra:1 Mem:17.27M (Peak 19.20M) | Time:00:00.00 | Mem:0.77M, Peak:0.86M | Scene, ViewLayer | Updating Lookup Tables
Fra:1 Mem:17.27M (Peak 19.20M) | Time:00:00.00 | Mem:0.86M, Peak:0.86M | Scene, ViewLayer | Updating Baking
Fra:1 Mem:17.27M (Peak 19.20M) | Time:00:00.00 | Mem:0.86M, Peak:0.86M | Scene, ViewLayer | Updating Device | Writing constant memory
Fra:1 Mem:17.27M (Peak 19.20M) | Time:00:00.00 | Mem:0.86M, Peak:0.86M | Scene, ViewLayer | Sample 0/8
Fra:1 Mem:26.07M (Peak 26.07M) | Time:00:00.69 | Remaining:00:04.78 | Mem:9.65M, Peak:9.65M | Scene, ViewLayer | Sample 1/8
Fra:1 Mem:29.97M (Peak 37.79M) | Time:00:05.62 | Mem:9.65M, Peak:9.65M | Scene, ViewLayer | Sample 8/8
Fra:1 Mem:29.97M (Peak 37.79M) | Time:00:05.62 | Mem:9.65M, Peak:9.65M | Scene, ViewLayer | Finished
Saved: '/workspace/scratch/7c20b5ba4165/atlas-backlog-oct3/tools/assets/boardable-metro/qa/previews/lead-entry-right-rear.png'
Time: 00:05.67 (Saving: 00:00.04)

Fra:1 Mem:18.65M (Peak 18.65M) | Time:00:00.00 | Mem:0.00M, Peak:0.00M | Scene, ViewLayer | Synchronizing object | body-shell
Fra:1 Mem:19.11M (Peak 19.11M) | Time:00:00.00 | Mem:0.00M, Peak:0.00M | Scene, ViewLayer | Synchronizing object | QA-ground
Fra:1 Mem:19.11M (Peak 19.11M) | Time:00:00.00 | Mem:0.00M, Peak:0.00M | Scene, ViewLayer | Synchronizing object | interior-batch-metro-seat
Fra:1 Mem:19.07M (Peak 19.11M) | Time:00:00.00 | Mem:0.00M, Peak:0.00M | Scene, ViewLayer | Synchronizing object | interior-batch-metro-priority-seat
Fra:1 Mem:19.07M (Peak 19.11M) | Time:00:00.00 | Mem:0.00M, Peak:0.00M | Scene, ViewLayer | Synchronizing object | interior-batch-metro-screen
Fra:1 Mem:19.08M (Peak 19.11M) | Time:00:00.00 | Mem:0.00M, Peak:0.00M | Scene, ViewLayer | Synchronizing object | interior-batch-metro-rail
Fra:1 Mem:18.96M (Peak 19.11M) | Time:00:00.00 | Mem:0.00M, Peak:0.00M | Scene, ViewLayer | Synchronizing object | bogie-front-frame
Fra:1 Mem:18.99M (Peak 19.11M) | Time:00:00.00 | Mem:0.00M, Peak:0.00M | Scene, ViewLayer | Synchronizing object | bogie-rear-frame
Fra:1 Mem:19.06M (Peak 19.11M) | Time:00:00.00 | Mem:0.00M, Peak:0.00M | Scene, ViewLayer | Synchronizing object | door-left-center-a
Fra:1 Mem:19.06M (Peak 19.11M) | Time:00:00.00 | Mem:0.00M, Peak:0.00M | Scene, ViewLayer | Synchronizing object | door-left-center-b
Fra:1 Mem:18.97M (Peak 19.11M) | Time:00:00.00 | Mem:0.00M, Peak:0.00M | Scene, ViewLayer | Synchronizing object | interior-batch-metro-floor
Fra:1 Mem:18.97M (Peak 19.11M) | Time:00:00.00 | Mem:0.00M, Peak:0.00M | Scene, ViewLayer | Synchronizing object | door-left-front-a
Fra:1 Mem:18.97M (Peak 19.11M) | Time:00:00.00 | Mem:0.00M, Peak:0.00M | Scene, ViewLayer | Synchronizing object | interior-batch-metro-wall
Fra:1 Mem:19.01M (Peak 19.11M) | Time:00:00.00 | Mem:0.00M, Peak:0.00M | Scene, ViewLayer | Synchronizing object | door-left-front-b
Fra:1 Mem:19.07M (Peak 19.11M) | Time:00:00.00 | Mem:0.00M, Peak:0.00M | Scene, ViewLayer | Synchronizing object | door-left-rear-a
Fra:1 Mem:19.03M (Peak 19.11M) | Time:00:00.00 | Mem:0.00M, Peak:0.00M | Scene, ViewLayer | Synchronizing object | wheel-rear-rear-right
Fra:1 Mem:19.06M (Peak 19.11M) | Time:00:00.00 | Mem:0.00M, Peak:0.00M | Scene, ViewLayer | Synchronizing object | door-left-rear-b
Fra:1 Mem:19.06M (Peak 19.11M) | Time:00:00.00 | Mem:0.00M, Peak:0.00M | Scene, ViewLayer | Synchronizing object | wheel-rear-rear-left
Fra:1 Mem:19.08M (Peak 19.11M) | Time:00:00.00 | Mem:0.00M, Peak:0.00M | Scene, ViewLayer | Synchronizing object | door-right-center-a
Fra:1 Mem:19.08M (Peak 19.11M) | Time:00:00.00 | Mem:0.00M, Peak:0.00M | Scene, ViewLayer | Synchronizing object | wheel-rear-front-right
Fra:1 Mem:19.10M (Peak 19.11M) | Time:00:00.00 | Mem:0.00M, Peak:0.00M | Scene, ViewLayer | Synchronizing object | door-right-center-b
Fra:1 Mem:19.10M (Peak 19.11M) | Time:00:00.00 | Mem:0.00M, Peak:0.00M | Scene, ViewLayer | Synchronizing object | wheel-rear-front-left
Fra:1 Mem:19.12M (Peak 19.12M) | Time:00:00.00 | Mem:0.00M, Peak:0.00M | Scene, ViewLayer | Synchronizing object | door-right-front-a
Fra:1 Mem:19.11M (Peak 19.12M) | Time:00:00.00 | Mem:0.00M, Peak:0.00M | Scene, ViewLayer | Synchronizing object | wheel-front-rear-right
Fra:1 Mem:19.14M (Peak 19.14M) | Time:00:00.00 | Mem:0.00M, Peak:0.00M | Scene, ViewLayer | Synchronizing object | door-right-front-b
Fra:1 Mem:19.13M (Peak 19.14M) | Time:00:00.00 | Mem:0.00M, Peak:0.00M | Scene, ViewLayer | Synchronizing object | wheel-front-rear-left
Fra:1 Mem:19.16M (Peak 19.16M) | Time:00:00.00 | Mem:0.00M, Peak:0.00M | Scene, ViewLayer | Synchronizing object | door-right-rear-a
Fra:1 Mem:19.15M (Peak 19.16M) | Time:00:00.00 | Mem:0.00M, Peak:0.00M | Scene, ViewLayer | Synchronizing object | wheel-front-front-right
Fra:1 Mem:19.15M (Peak 19.16M) | Time:00:00.00 | Mem:0.00M, Peak:0.00M | Scene, ViewLayer | Synchronizing object | door-right-rear-b
Fra:1 Mem:19.17M (Peak 19.17M) | Time:00:00.00 | Mem:0.00M, Peak:0.00M | Scene, ViewLayer | Synchronizing object | wheel-front-front-left
Fra:1 Mem:19.18M (Peak 19.18M) | Time:00:00.00 | Mem:0.00M, Peak:0.00M | Scene, ViewLayer | Synchronizing object | glass
Fra:1 Mem:19.24M (Peak 19.24M) | Time:00:00.00 | Mem:0.00M, Peak:0.00M | Scene, ViewLayer | Synchronizing object | lights
Fra:1 Mem:19.20M (Peak 19.24M) | Time:00:00.00 | Mem:0.00M, Peak:0.00M | Scene, ViewLayer | Initializing
Fra:1 Mem:16.59M (Peak 19.24M) | Time:00:00.00 | Mem:0.00M, Peak:0.00M | Scene, ViewLayer | Waiting for render to start
Fra:1 Mem:16.59M (Peak 19.24M) | Time:00:00.00 | Mem:0.00M, Peak:0.00M | Scene, ViewLayer | Loading render kernels (may take a few minutes the first time)
Fra:1 Mem:16.59M (Peak 19.24M) | Time:00:00.00 | Mem:0.00M, Peak:0.00M | Scene, ViewLayer | Updating Scene
Fra:1 Mem:16.59M (Peak 19.24M) | Time:00:00.00 | Mem:0.00M, Peak:0.00M | Scene, ViewLayer | Updating Shaders
Fra:1 Mem:16.68M (Peak 19.24M) | Time:00:00.00 | Mem:0.01M, Peak:0.01M | Scene, ViewLayer | Updating Procedurals
Fra:1 Mem:16.68M (Peak 19.24M) | Time:00:00.00 | Mem:0.01M, Peak:0.01M | Scene, ViewLayer | Updating Background
Fra:1 Mem:16.68M (Peak 19.24M) | Time:00:00.00 | Mem:0.01M, Peak:0.01M | Scene, ViewLayer | Updating Camera
Fra:1 Mem:16.68M (Peak 19.24M) | Time:00:00.00 | Mem:0.01M, Peak:0.01M | Scene, ViewLayer | Updating Meshes Flags
Fra:1 Mem:16.68M (Peak 19.24M) | Time:00:00.00 | Mem:0.01M, Peak:0.01M | Scene, ViewLayer | Updating Objects
Fra:1 Mem:16.68M (Peak 19.24M) | Time:00:00.00 | Mem:0.01M, Peak:0.01M | Scene, ViewLayer | Updating Objects | Copying Transformations to device
Fra:1 Mem:16.69M (Peak 19.24M) | Time:00:00.00 | Mem:0.02M, Peak:0.02M | Scene, ViewLayer | Updating Objects | Applying Static Transformations
Fra:1 Mem:16.69M (Peak 19.24M) | Time:00:00.00 | Mem:0.02M, Peak:0.02M | Scene, ViewLayer | Updating Particle Systems
Fra:1 Mem:16.69M (Peak 19.24M) | Time:00:00.00 | Mem:0.02M, Peak:0.02M | Scene, ViewLayer | Updating Particle Systems | Copying Particles to device
Fra:1 Mem:16.69M (Peak 19.24M) | Time:00:00.00 | Mem:0.02M, Peak:0.02M | Scene, ViewLayer | Updating Meshes
Fra:1 Mem:16.74M (Peak 19.24M) | Time:00:00.00 | Mem:0.02M, Peak:0.02M | Scene, ViewLayer | Updating Mesh | Computing attributes
Fra:1 Mem:16.89M (Peak 19.24M) | Time:00:00.00 | Mem:0.02M, Peak:0.02M | Scene, ViewLayer | Updating Mesh | Copying Attributes to device
Fra:1 Mem:16.88M (Peak 19.24M) | Time:00:00.00 | Mem:0.16M, Peak:0.16M | Scene, ViewLayer | Updating Scene BVH | Building
Fra:1 Mem:16.88M (Peak 19.24M) | Time:00:00.00 | Mem:0.16M, Peak:0.16M | Scene, ViewLayer | Updating Scene BVH | Building BVH
Fra:1 Mem:16.88M (Peak 19.24M) | Time:00:00.00 | Mem:0.26M, Peak:0.26M | Scene, ViewLayer | Updating Scene BVH | Building BVH 0%
Fra:1 Mem:16.88M (Peak 19.24M) | Time:00:00.00 | Mem:0.39M, Peak:0.49M | Scene, ViewLayer | Updating Scene BVH | Copying BVH to device
Fra:1 Mem:16.88M (Peak 19.24M) | Time:00:00.00 | Mem:0.39M, Peak:0.49M | Scene, ViewLayer | Updating Mesh | Computing normals
Fra:1 Mem:17.26M (Peak 19.24M) | Time:00:00.00 | Mem:0.39M, Peak:0.49M | Scene, ViewLayer | Updating Mesh | Copying Mesh to device
Fra:1 Mem:17.26M (Peak 19.24M) | Time:00:00.00 | Mem:0.77M, Peak:0.77M | Scene, ViewLayer | Updating Objects Flags
Fra:1 Mem:17.26M (Peak 19.24M) | Time:00:00.00 | Mem:0.77M, Peak:0.77M | Scene, ViewLayer | Updating Primitive Offsets
Fra:1 Mem:17.26M (Peak 19.24M) | Time:00:00.00 | Mem:0.77M, Peak:0.77M | Scene, ViewLayer | Updating Images
Fra:1 Mem:17.26M (Peak 19.24M) | Time:00:00.00 | Mem:0.77M, Peak:0.77M | Scene, ViewLayer | Updating Camera Volume
Fra:1 Mem:17.26M (Peak 19.24M) | Time:00:00.00 | Mem:0.77M, Peak:0.77M | Scene, ViewLayer | Updating Lookup Tables
Fra:1 Mem:17.26M (Peak 19.24M) | Time:00:00.00 | Mem:0.85M, Peak:0.85M | Scene, ViewLayer | Updating Lights
Fra:1 Mem:17.26M (Peak 19.24M) | Time:00:00.00 | Mem:0.85M, Peak:0.85M | Scene, ViewLayer | Updating Lights | Computing tree
Fra:1 Mem:17.27M (Peak 19.24M) | Time:00:00.00 | Mem:0.86M, Peak:0.86M | Scene, ViewLayer | Updating Integrator
Fra:1 Mem:17.27M (Peak 19.24M) | Time:00:00.00 | Mem:0.86M, Peak:0.86M | Scene, ViewLayer | Updating Film
Fra:1 Mem:17.27M (Peak 19.24M) | Time:00:00.00 | Mem:0.77M, Peak:0.86M | Scene, ViewLayer | Updating Lookup Tables
Fra:1 Mem:17.27M (Peak 19.24M) | Time:00:00.00 | Mem:0.86M, Peak:0.86M | Scene, ViewLayer | Updating Baking
Fra:1 Mem:17.27M (Peak 19.24M) | Time:00:00.00 | Mem:0.86M, Peak:0.86M | Scene, ViewLayer | Updating Device | Writing constant memory
Fra:1 Mem:17.27M (Peak 19.24M) | Time:00:00.00 | Mem:0.86M, Peak:0.86M | Scene, ViewLayer | Sample 0/8
Fra:1 Mem:26.07M (Peak 26.07M) | Time:00:00.71 | Remaining:00:04.92 | Mem:9.65M, Peak:9.65M | Scene, ViewLayer | Sample 1/8
Fra:1 Mem:29.97M (Peak 37.79M) | Time:00:05.51 | Mem:9.65M, Peak:9.65M | Scene, ViewLayer | Sample 8/8
Fra:1 Mem:29.97M (Peak 37.79M) | Time:00:05.51 | Mem:9.65M, Peak:9.65M | Scene, ViewLayer | Finished
Saved: '/workspace/scratch/7c20b5ba4165/atlas-backlog-oct3/tools/assets/boardable-metro/qa/previews/lead-entry-right-center.png'
Time: 00:05.55 (Saving: 00:00.04)

Fra:1 Mem:18.65M (Peak 18.65M) | Time:00:00.00 | Mem:0.00M, Peak:0.00M | Scene, ViewLayer | Synchronizing object | body-shell
Fra:1 Mem:18.66M (Peak 18.66M) | Time:00:00.00 | Mem:0.00M, Peak:0.00M | Scene, ViewLayer | Synchronizing object | QA-ground
Fra:1 Mem:18.67M (Peak 18.67M) | Time:00:00.00 | Mem:0.00M, Peak:0.00M | Scene, ViewLayer | Synchronizing object | interior-batch-metro-seat
Fra:1 Mem:19.14M (Peak 19.14M) | Time:00:00.00 | Mem:0.00M, Peak:0.00M | Scene, ViewLayer | Synchronizing object | interior-batch-metro-priority-seat
Fra:1 Mem:19.16M (Peak 19.16M) | Time:00:00.00 | Mem:0.00M, Peak:0.00M | Scene, ViewLayer | Synchronizing object | interior-batch-metro-screen
Fra:1 Mem:19.15M (Peak 19.16M) | Time:00:00.00 | Mem:0.00M, Peak:0.00M | Scene, ViewLayer | Synchronizing object | interior-batch-metro-rail
Fra:1 Mem:18.98M (Peak 19.16M) | Time:00:00.00 | Mem:0.00M, Peak:0.00M | Scene, ViewLayer | Synchronizing object | interior-batch-metro-floor
Fra:1 Mem:18.98M (Peak 19.16M) | Time:00:00.00 | Mem:0.00M, Peak:0.00M | Scene, ViewLayer | Synchronizing object | interior-batch-metro-wall
Fra:1 Mem:19.19M (Peak 19.19M) | Time:00:00.00 | Mem:0.00M, Peak:0.00M | Scene, ViewLayer | Synchronizing object | wheel-rear-rear-right
Fra:1 Mem:19.20M (Peak 19.20M) | Time:00:00.00 | Mem:0.00M, Peak:0.00M | Scene, ViewLayer | Synchronizing object | wheel-rear-rear-left
Fra:1 Mem:19.21M (Peak 19.21M) | Time:00:00.00 | Mem:0.00M, Peak:0.00M | Scene, ViewLayer | Synchronizing object | wheel-rear-front-right
Fra:1 Mem:19.22M (Peak 19.22M) | Time:00:00.00 | Mem:0.00M, Peak:0.00M | Scene, ViewLayer | Synchronizing object | wheel-rear-front-left
Fra:1 Mem:19.16M (Peak 19.22M) | Time:00:00.00 | Mem:0.00M, Peak:0.00M | Scene, ViewLayer | Synchronizing object | wheel-front-rear-right
Fra:1 Mem:19.21M (Peak 19.22M) | Time:00:00.00 | Mem:0.00M, Peak:0.00M | Scene, ViewLayer | Synchronizing object | wheel-front-rear-left
Fra:1 Mem:19.23M (Peak 19.23M) | Time:00:00.00 | Mem:0.00M, Peak:0.00M | Scene, ViewLayer | Synchronizing object | wheel-front-front-right
Fra:1 Mem:19.09M (Peak 19.23M) | Time:00:00.00 | Mem:0.00M, Peak:0.00M | Scene, ViewLayer | Synchronizing object | wheel-front-front-left
Fra:1 Mem:19.07M (Peak 19.23M) | Time:00:00.00 | Mem:0.00M, Peak:0.00M | Scene, ViewLayer | Synchronizing object | bogie-front-frame
Fra:1 Mem:19.07M (Peak 19.23M) | Time:00:00.00 | Mem:0.00M, Peak:0.00M | Scene, ViewLayer | Synchronizing object | bogie-rear-frame
Fra:1 Mem:19.07M (Peak 19.23M) | Time:00:00.00 | Mem:0.00M, Peak:0.00M | Scene, ViewLayer | Synchronizing object | door-left-center-a
Fra:1 Mem:19.09M (Peak 19.23M) | Time:00:00.00 | Mem:0.00M, Peak:0.00M | Scene, ViewLayer | Synchronizing object | lights
Fra:1 Mem:19.07M (Peak 19.23M) | Time:00:00.00 | Mem:0.00M, Peak:0.00M | Scene, ViewLayer | Synchronizing object | glass
Fra:1 Mem:19.13M (Peak 19.23M) | Time:00:00.00 | Mem:0.00M, Peak:0.00M | Scene, ViewLayer | Synchronizing object | door-left-center-b
Fra:1 Mem:19.12M (Peak 19.23M) | Time:00:00.00 | Mem:0.00M, Peak:0.00M | Scene, ViewLayer | Synchronizing object | door-right-rear-b
Fra:1 Mem:19.13M (Peak 19.23M) | Time:00:00.00 | Mem:0.00M, Peak:0.00M | Scene, ViewLayer | Synchronizing object | door-left-front-a
Fra:1 Mem:19.14M (Peak 19.23M) | Time:00:00.00 | Mem:0.00M, Peak:0.00M | Scene, ViewLayer | Synchronizing object | door-right-rear-a
Fra:1 Mem:19.14M (Peak 19.23M) | Time:00:00.00 | Mem:0.00M, Peak:0.00M | Scene, ViewLayer | Synchronizing object | door-right-front-b
Fra:1 Mem:19.15M (Peak 19.23M) | Time:00:00.00 | Mem:0.00M, Peak:0.00M | Scene, ViewLayer | Synchronizing object | door-right-front-a
Fra:1 Mem:19.17M (Peak 19.23M) | Time:00:00.00 | Mem:0.00M, Peak:0.00M | Scene, ViewLayer | Synchronizing object | door-left-front-b
Fra:1 Mem:19.15M (Peak 19.23M) | Time:00:00.00 | Mem:0.00M, Peak:0.00M | Scene, ViewLayer | Synchronizing object | door-right-center-b
Fra:1 Mem:19.20M (Peak 19.23M) | Time:00:00.00 | Mem:0.00M, Peak:0.00M | Scene, ViewLayer | Synchronizing object | door-right-center-a
Fra:1 Mem:19.18M (Peak 19.23M) | Time:00:00.00 | Mem:0.00M, Peak:0.00M | Scene, ViewLayer | Synchronizing object | door-left-rear-b
Fra:1 Mem:19.20M (Peak 19.23M) | Time:00:00.00 | Mem:0.00M, Peak:0.00M | Scene, ViewLayer | Initializing
Fra:1 Mem:16.59M (Peak 19.23M) | Time:00:00.00 | Mem:0.00M, Peak:0.00M | Scene, ViewLayer | Waiting for render to start
Fra:1 Mem:16.59M (Peak 19.23M) | Time:00:00.00 | Mem:0.00M, Peak:0.00M | Scene, ViewLayer | Loading render kernels (may take a few minutes the first time)
Fra:1 Mem:16.59M (Peak 19.23M) | Time:00:00.00 | Mem:0.00M, Peak:0.00M | Scene, ViewLayer | Updating Scene
Fra:1 Mem:16.59M (Peak 19.23M) | Time:00:00.00 | Mem:0.00M, Peak:0.00M | Scene, ViewLayer | Updating Shaders
Fra:1 Mem:16.68M (Peak 19.23M) | Time:00:00.00 | Mem:0.01M, Peak:0.01M | Scene, ViewLayer | Updating Procedurals
Fra:1 Mem:16.68M (Peak 19.23M) | Time:00:00.00 | Mem:0.01M, Peak:0.01M | Scene, ViewLayer | Updating Background
Fra:1 Mem:16.68M (Peak 19.23M) | Time:00:00.00 | Mem:0.01M, Peak:0.01M | Scene, ViewLayer | Updating Camera
Fra:1 Mem:16.68M (Peak 19.23M) | Time:00:00.00 | Mem:0.01M, Peak:0.01M | Scene, ViewLayer | Updating Meshes Flags
Fra:1 Mem:16.68M (Peak 19.23M) | Time:00:00.00 | Mem:0.01M, Peak:0.01M | Scene, ViewLayer | Updating Objects
Fra:1 Mem:16.68M (Peak 19.23M) | Time:00:00.00 | Mem:0.01M, Peak:0.01M | Scene, ViewLayer | Updating Objects | Copying Transformations to device
Fra:1 Mem:16.69M (Peak 19.23M) | Time:00:00.00 | Mem:0.02M, Peak:0.02M | Scene, ViewLayer | Updating Objects | Applying Static Transformations
Fra:1 Mem:16.69M (Peak 19.23M) | Time:00:00.00 | Mem:0.02M, Peak:0.02M | Scene, ViewLayer | Updating Particle Systems
Fra:1 Mem:16.69M (Peak 19.23M) | Time:00:00.00 | Mem:0.02M, Peak:0.02M | Scene, ViewLayer | Updating Particle Systems | Copying Particles to device
Fra:1 Mem:16.69M (Peak 19.23M) | Time:00:00.00 | Mem:0.02M, Peak:0.02M | Scene, ViewLayer | Updating Meshes
Fra:1 Mem:16.74M (Peak 19.23M) | Time:00:00.00 | Mem:0.02M, Peak:0.02M | Scene, ViewLayer | Updating Mesh | Computing attributes
Fra:1 Mem:16.89M (Peak 19.23M) | Time:00:00.00 | Mem:0.02M, Peak:0.02M | Scene, ViewLayer | Updating Mesh | Copying Attributes to device
Fra:1 Mem:16.88M (Peak 19.23M) | Time:00:00.00 | Mem:0.16M, Peak:0.16M | Scene, ViewLayer | Updating Scene BVH | Building
Fra:1 Mem:16.88M (Peak 19.23M) | Time:00:00.00 | Mem:0.16M, Peak:0.16M | Scene, ViewLayer | Updating Scene BVH | Building BVH
Fra:1 Mem:16.88M (Peak 19.23M) | Time:00:00.00 | Mem:0.26M, Peak:0.26M | Scene, ViewLayer | Updating Scene BVH | Building BVH 0%
Fra:1 Mem:16.88M (Peak 19.23M) | Time:00:00.00 | Mem:0.39M, Peak:0.49M | Scene, ViewLayer | Updating Scene BVH | Copying BVH to device
Fra:1 Mem:16.88M (Peak 19.23M) | Time:00:00.00 | Mem:0.39M, Peak:0.49M | Scene, ViewLayer | Updating Mesh | Computing normals
Fra:1 Mem:17.26M (Peak 19.23M) | Time:00:00.00 | Mem:0.39M, Peak:0.49M | Scene, ViewLayer | Updating Mesh | Copying Mesh to device
Fra:1 Mem:17.26M (Peak 19.23M) | Time:00:00.00 | Mem:0.77M, Peak:0.77M | Scene, ViewLayer | Updating Objects Flags
Fra:1 Mem:17.26M (Peak 19.23M) | Time:00:00.00 | Mem:0.77M, Peak:0.77M | Scene, ViewLayer | Updating Primitive Offsets
Fra:1 Mem:17.26M (Peak 19.23M) | Time:00:00.00 | Mem:0.77M, Peak:0.77M | Scene, ViewLayer | Updating Images
Fra:1 Mem:17.26M (Peak 19.23M) | Time:00:00.00 | Mem:0.77M, Peak:0.77M | Scene, ViewLayer | Updating Camera Volume
Fra:1 Mem:17.26M (Peak 19.23M) | Time:00:00.00 | Mem:0.77M, Peak:0.77M | Scene, ViewLayer | Updating Lookup Tables
Fra:1 Mem:17.26M (Peak 19.23M) | Time:00:00.00 | Mem:0.85M, Peak:0.85M | Scene, ViewLayer | Updating Lights
Fra:1 Mem:17.26M (Peak 19.23M) | Time:00:00.00 | Mem:0.85M, Peak:0.85M | Scene, ViewLayer | Updating Lights | Computing tree
Fra:1 Mem:17.27M (Peak 19.23M) | Time:00:00.00 | Mem:0.86M, Peak:0.86M | Scene, ViewLayer | Updating Integrator
Fra:1 Mem:17.27M (Peak 19.23M) | Time:00:00.00 | Mem:0.86M, Peak:0.86M | Scene, ViewLayer | Updating Film
Fra:1 Mem:17.27M (Peak 19.23M) | Time:00:00.00 | Mem:0.77M, Peak:0.86M | Scene, ViewLayer | Updating Lookup Tables
Fra:1 Mem:17.27M (Peak 19.23M) | Time:00:00.00 | Mem:0.86M, Peak:0.86M | Scene, ViewLayer | Updating Baking
Fra:1 Mem:17.27M (Peak 19.23M) | Time:00:00.00 | Mem:0.86M, Peak:0.86M | Scene, ViewLayer | Updating Device | Writing constant memory
Fra:1 Mem:17.27M (Peak 19.23M) | Time:00:00.00 | Mem:0.86M, Peak:0.86M | Scene, ViewLayer | Sample 0/8
Fra:1 Mem:26.07M (Peak 26.07M) | Time:00:00.72 | Remaining:00:05.01 | Mem:9.65M, Peak:9.65M | Scene, ViewLayer | Sample 1/8
Fra:1 Mem:29.98M (Peak 37.79M) | Time:00:05.31 | Mem:9.65M, Peak:9.65M | Scene, ViewLayer | Sample 8/8
Fra:1 Mem:29.98M (Peak 37.79M) | Time:00:05.31 | Mem:9.65M, Peak:9.65M | Scene, ViewLayer | Finished
Saved: '/workspace/scratch/7c20b5ba4165/atlas-backlog-oct3/tools/assets/boardable-metro/qa/previews/lead-entry-right-front.png'
Time: 00:05.35 (Saving: 00:00.04)

Fra:1 Mem:18.65M (Peak 18.65M) | Time:00:00.00 | Mem:0.00M, Peak:0.00M | Scene, ViewLayer | Synchronizing object | body-shell
Fra:1 Mem:19.04M (Peak 19.04M) | Time:00:00.00 | Mem:0.00M, Peak:0.00M | Scene, ViewLayer | Synchronizing object | QA-ground
Fra:1 Mem:19.10M (Peak 19.10M) | Time:00:00.00 | Mem:0.00M, Peak:0.00M | Scene, ViewLayer | Synchronizing object | interior-batch-metro-seat
Fra:1 Mem:18.93M (Peak 19.10M) | Time:00:00.00 | Mem:0.00M, Peak:0.00M | Scene, ViewLayer | Synchronizing object | interior-batch-metro-priority-seat
Fra:1 Mem:19.08M (Peak 19.10M) | Time:00:00.00 | Mem:0.00M, Peak:0.00M | Scene, ViewLayer | Synchronizing object | interior-batch-metro-screen
Fra:1 Mem:19.08M (Peak 19.10M) | Time:00:00.00 | Mem:0.00M, Peak:0.00M | Scene, ViewLayer | Synchronizing object | interior-batch-metro-rail
Fra:1 Mem:19.08M (Peak 19.10M) | Time:00:00.00 | Mem:0.00M, Peak:0.00M | Scene, ViewLayer | Synchronizing object | bogie-front-frame
Fra:1 Mem:18.97M (Peak 19.10M) | Time:00:00.00 | Mem:0.00M, Peak:0.00M | Scene, ViewLayer | Synchronizing object | bogie-rear-frame
Fra:1 Mem:18.97M (Peak 19.10M) | Time:00:00.00 | Mem:0.00M, Peak:0.00M | Scene, ViewLayer | Synchronizing object | door-left-center-a
Fra:1 Mem:19.07M (Peak 19.10M) | Time:00:00.00 | Mem:0.00M, Peak:0.00M | Scene, ViewLayer | Synchronizing object | door-left-center-b
Fra:1 Mem:18.97M (Peak 19.10M) | Time:00:00.00 | Mem:0.00M, Peak:0.00M | Scene, ViewLayer | Synchronizing object | door-left-front-a
Fra:1 Mem:18.99M (Peak 19.10M) | Time:00:00.00 | Mem:0.00M, Peak:0.00M | Scene, ViewLayer | Synchronizing object | interior-batch-metro-floor
Fra:1 Mem:18.98M (Peak 19.10M) | Time:00:00.00 | Mem:0.00M, Peak:0.00M | Scene, ViewLayer | Synchronizing object | interior-batch-metro-wall
Fra:1 Mem:18.98M (Peak 19.10M) | Time:00:00.00 | Mem:0.00M, Peak:0.00M | Scene, ViewLayer | Synchronizing object | door-left-front-b
Fra:1 Mem:19.03M (Peak 19.10M) | Time:00:00.00 | Mem:0.00M, Peak:0.00M | Scene, ViewLayer | Synchronizing object | door-left-rear-a
Fra:1 Mem:19.08M (Peak 19.10M) | Time:00:00.00 | Mem:0.00M, Peak:0.00M | Scene, ViewLayer | Synchronizing object | door-left-rear-b
Fra:1 Mem:19.04M (Peak 19.10M) | Time:00:00.00 | Mem:0.00M, Peak:0.00M | Scene, ViewLayer | Synchronizing object | wheel-rear-rear-right
Fra:1 Mem:19.07M (Peak 19.10M) | Time:00:00.00 | Mem:0.00M, Peak:0.00M | Scene, ViewLayer | Synchronizing object | door-right-center-a
Fra:1 Mem:19.08M (Peak 19.10M) | Time:00:00.00 | Mem:0.00M, Peak:0.00M | Scene, ViewLayer | Synchronizing object | wheel-rear-rear-left
Fra:1 Mem:19.08M (Peak 19.10M) | Time:00:00.00 | Mem:0.00M, Peak:0.00M | Scene, ViewLayer | Synchronizing object | door-right-center-b
Fra:1 Mem:19.07M (Peak 19.10M) | Time:00:00.00 | Mem:0.00M, Peak:0.00M | Scene, ViewLayer | Synchronizing object | wheel-rear-front-right
Fra:1 Mem:19.09M (Peak 19.10M) | Time:00:00.00 | Mem:0.00M, Peak:0.00M | Scene, ViewLayer | Synchronizing object | door-right-front-a
Fra:1 Mem:19.09M (Peak 19.10M) | Time:00:00.00 | Mem:0.00M, Peak:0.00M | Scene, ViewLayer | Synchronizing object | wheel-rear-front-left
Fra:1 Mem:19.11M (Peak 19.11M) | Time:00:00.00 | Mem:0.00M, Peak:0.00M | Scene, ViewLayer | Synchronizing object | door-right-front-b
Fra:1 Mem:19.11M (Peak 19.11M) | Time:00:00.00 | Mem:0.00M, Peak:0.00M | Scene, ViewLayer | Synchronizing object | wheel-front-rear-right
Fra:1 Mem:19.14M (Peak 19.14M) | Time:00:00.00 | Mem:0.00M, Peak:0.00M | Scene, ViewLayer | Synchronizing object | door-right-rear-a
Fra:1 Mem:19.13M (Peak 19.14M) | Time:00:00.00 | Mem:0.00M, Peak:0.00M | Scene, ViewLayer | Synchronizing object | wheel-front-rear-left
Fra:1 Mem:19.16M (Peak 19.16M) | Time:00:00.00 | Mem:0.00M, Peak:0.00M | Scene, ViewLayer | Synchronizing object | door-right-rear-b
Fra:1 Mem:19.15M (Peak 19.16M) | Time:00:00.00 | Mem:0.00M, Peak:0.00M | Scene, ViewLayer | Synchronizing object | wheel-front-front-right
Fra:1 Mem:19.16M (Peak 19.16M) | Time:00:00.00 | Mem:0.00M, Peak:0.00M | Scene, ViewLayer | Synchronizing object | glass
Fra:1 Mem:19.17M (Peak 19.17M) | Time:00:00.00 | Mem:0.00M, Peak:0.00M | Scene, ViewLayer | Synchronizing object | wheel-front-front-left
Fra:1 Mem:19.21M (Peak 19.21M) | Time:00:00.00 | Mem:0.00M, Peak:0.00M | Scene, ViewLayer | Synchronizing object | lights
Fra:1 Mem:19.20M (Peak 19.21M) | Time:00:00.00 | Mem:0.00M, Peak:0.00M | Scene, ViewLayer | Initializing
Fra:1 Mem:16.59M (Peak 19.21M) | Time:00:00.00 | Mem:0.00M, Peak:0.00M | Scene, ViewLayer | Waiting for render to start
Fra:1 Mem:16.59M (Peak 19.21M) | Time:00:00.00 | Mem:0.00M, Peak:0.00M | Scene, ViewLayer | Loading render kernels (may take a few minutes the first time)
Fra:1 Mem:16.59M (Peak 19.21M) | Time:00:00.00 | Mem:0.00M, Peak:0.00M | Scene, ViewLayer | Updating Scene
Fra:1 Mem:16.59M (Peak 19.21M) | Time:00:00.00 | Mem:0.00M, Peak:0.00M | Scene, ViewLayer | Updating Shaders
Fra:1 Mem:16.68M (Peak 19.21M) | Time:00:00.00 | Mem:0.01M, Peak:0.01M | Scene, ViewLayer | Updating Procedurals
Fra:1 Mem:16.68M (Peak 19.21M) | Time:00:00.00 | Mem:0.01M, Peak:0.01M | Scene, ViewLayer | Updating Background
Fra:1 Mem:16.68M (Peak 19.21M) | Time:00:00.00 | Mem:0.01M, Peak:0.01M | Scene, ViewLayer | Updating Camera
Fra:1 Mem:16.68M (Peak 19.21M) | Time:00:00.00 | Mem:0.01M, Peak:0.01M | Scene, ViewLayer | Updating Meshes Flags
Fra:1 Mem:16.68M (Peak 19.21M) | Time:00:00.00 | Mem:0.01M, Peak:0.01M | Scene, ViewLayer | Updating Objects
Fra:1 Mem:16.68M (Peak 19.21M) | Time:00:00.00 | Mem:0.01M, Peak:0.01M | Scene, ViewLayer | Updating Objects | Copying Transformations to device
Fra:1 Mem:16.69M (Peak 19.21M) | Time:00:00.00 | Mem:0.02M, Peak:0.02M | Scene, ViewLayer | Updating Objects | Applying Static Transformations
Fra:1 Mem:16.69M (Peak 19.21M) | Time:00:00.00 | Mem:0.02M, Peak:0.02M | Scene, ViewLayer | Updating Particle Systems
Fra:1 Mem:16.69M (Peak 19.21M) | Time:00:00.00 | Mem:0.02M, Peak:0.02M | Scene, ViewLayer | Updating Particle Systems | Copying Particles to device
Fra:1 Mem:16.69M (Peak 19.21M) | Time:00:00.00 | Mem:0.02M, Peak:0.02M | Scene, ViewLayer | Updating Meshes
Fra:1 Mem:16.74M (Peak 19.21M) | Time:00:00.00 | Mem:0.02M, Peak:0.02M | Scene, ViewLayer | Updating Mesh | Computing attributes
Fra:1 Mem:16.89M (Peak 19.21M) | Time:00:00.00 | Mem:0.02M, Peak:0.02M | Scene, ViewLayer | Updating Mesh | Copying Attributes to device
Fra:1 Mem:16.88M (Peak 19.21M) | Time:00:00.00 | Mem:0.16M, Peak:0.16M | Scene, ViewLayer | Updating Scene BVH | Building
Fra:1 Mem:16.88M (Peak 19.21M) | Time:00:00.00 | Mem:0.16M, Peak:0.16M | Scene, ViewLayer | Updating Scene BVH | Building BVH
Fra:1 Mem:16.88M (Peak 19.21M) | Time:00:00.00 | Mem:0.26M, Peak:0.26M | Scene, ViewLayer | Updating Scene BVH | Building BVH 0%
Fra:1 Mem:16.88M (Peak 19.21M) | Time:00:00.00 | Mem:0.39M, Peak:0.49M | Scene, ViewLayer | Updating Scene BVH | Copying BVH to device
Fra:1 Mem:16.88M (Peak 19.21M) | Time:00:00.00 | Mem:0.39M, Peak:0.49M | Scene, ViewLayer | Updating Mesh | Computing normals
Fra:1 Mem:17.26M (Peak 19.21M) | Time:00:00.00 | Mem:0.39M, Peak:0.49M | Scene, ViewLayer | Updating Mesh | Copying Mesh to device
Fra:1 Mem:17.26M (Peak 19.21M) | Time:00:00.00 | Mem:0.77M, Peak:0.77M | Scene, ViewLayer | Updating Objects Flags
Fra:1 Mem:17.26M (Peak 19.21M) | Time:00:00.00 | Mem:0.77M, Peak:0.77M | Scene, ViewLayer | Updating Primitive Offsets
Fra:1 Mem:17.26M (Peak 19.21M) | Time:00:00.00 | Mem:0.77M, Peak:0.77M | Scene, ViewLayer | Updating Images
Fra:1 Mem:17.26M (Peak 19.21M) | Time:00:00.00 | Mem:0.77M, Peak:0.77M | Scene, ViewLayer | Updating Camera Volume
Fra:1 Mem:17.26M (Peak 19.21M) | Time:00:00.00 | Mem:0.77M, Peak:0.77M | Scene, ViewLayer | Updating Lookup Tables
Fra:1 Mem:17.26M (Peak 19.21M) | Time:00:00.00 | Mem:0.85M, Peak:0.85M | Scene, ViewLayer | Updating Lights
Fra:1 Mem:17.26M (Peak 19.21M) | Time:00:00.00 | Mem:0.85M, Peak:0.85M | Scene, ViewLayer | Updating Lights | Computing tree
Fra:1 Mem:17.27M (Peak 19.21M) | Time:00:00.00 | Mem:0.86M, Peak:0.86M | Scene, ViewLayer | Updating Integrator
Fra:1 Mem:17.27M (Peak 19.21M) | Time:00:00.00 | Mem:0.86M, Peak:0.86M | Scene, ViewLayer | Updating Film
Fra:1 Mem:17.27M (Peak 19.21M) | Time:00:00.00 | Mem:0.77M, Peak:0.86M | Scene, ViewLayer | Updating Lookup Tables
Fra:1 Mem:17.27M (Peak 19.21M) | Time:00:00.00 | Mem:0.86M, Peak:0.86M | Scene, ViewLayer | Updating Baking
Fra:1 Mem:17.27M (Peak 19.21M) | Time:00:00.00 | Mem:0.86M, Peak:0.86M | Scene, ViewLayer | Updating Device | Writing constant memory
Fra:1 Mem:17.27M (Peak 19.21M) | Time:00:00.00 | Mem:0.86M, Peak:0.86M | Scene, ViewLayer | Sample 0/8
Fra:1 Mem:26.07M (Peak 26.07M) | Time:00:00.69 | Remaining:00:04.82 | Mem:9.65M, Peak:9.65M | Scene, ViewLayer | Sample 1/8
Fra:1 Mem:29.98M (Peak 37.79M) | Time:00:05.20 | Mem:9.65M, Peak:9.65M | Scene, ViewLayer | Sample 8/8
Fra:1 Mem:29.98M (Peak 37.79M) | Time:00:05.20 | Mem:9.65M, Peak:9.65M | Scene, ViewLayer | Finished
Saved: '/workspace/scratch/7c20b5ba4165/atlas-backlog-oct3/tools/assets/boardable-metro/qa/previews/lead-entry-left-rear.png'
Time: 00:05.24 (Saving: 00:00.04)

Fra:1 Mem:18.65M (Peak 18.65M) | Time:00:00.00 | Mem:0.00M, Peak:0.00M | Scene, ViewLayer | Synchronizing object | body-shell
Fra:1 Mem:19.12M (Peak 19.12M) | Time:00:00.00 | Mem:0.00M, Peak:0.00M | Scene, ViewLayer | Synchronizing object | QA-ground
Fra:1 Mem:19.12M (Peak 19.12M) | Time:00:00.00 | Mem:0.00M, Peak:0.00M | Scene, ViewLayer | Synchronizing object | interior-batch-metro-seat
Fra:1 Mem:19.07M (Peak 19.12M) | Time:00:00.00 | Mem:0.00M, Peak:0.00M | Scene, ViewLayer | Synchronizing object | interior-batch-metro-priority-seat
Fra:1 Mem:19.08M (Peak 19.12M) | Time:00:00.00 | Mem:0.00M, Peak:0.00M | Scene, ViewLayer | Synchronizing object | interior-batch-metro-screen
Fra:1 Mem:18.97M (Peak 19.12M) | Time:00:00.00 | Mem:0.00M, Peak:0.00M | Scene, ViewLayer | Synchronizing object | interior-batch-metro-rail
Fra:1 Mem:18.96M (Peak 19.12M) | Time:00:00.00 | Mem:0.00M, Peak:0.00M | Scene, ViewLayer | Synchronizing object | bogie-front-frame
Fra:1 Mem:19.06M (Peak 19.12M) | Time:00:00.00 | Mem:0.00M, Peak:0.00M | Scene, ViewLayer | Synchronizing object | bogie-rear-frame
Fra:1 Mem:19.06M (Peak 19.12M) | Time:00:00.00 | Mem:0.00M, Peak:0.00M | Scene, ViewLayer | Synchronizing object | door-left-center-a
Fra:1 Mem:18.98M (Peak 19.12M) | Time:00:00.00 | Mem:0.00M, Peak:0.00M | Scene, ViewLayer | Synchronizing object | door-left-center-b
Fra:1 Mem:18.99M (Peak 19.12M) | Time:00:00.00 | Mem:0.00M, Peak:0.00M | Scene, ViewLayer | Synchronizing object | interior-batch-metro-floor
Fra:1 Mem:18.98M (Peak 19.12M) | Time:00:00.00 | Mem:0.00M, Peak:0.00M | Scene, ViewLayer | Synchronizing object | interior-batch-metro-wall
Fra:1 Mem:18.98M (Peak 19.12M) | Time:00:00.00 | Mem:0.00M, Peak:0.00M | Scene, ViewLayer | Synchronizing object | door-left-front-a
Fra:1 Mem:19.03M (Peak 19.12M) | Time:00:00.00 | Mem:0.00M, Peak:0.00M | Scene, ViewLayer | Synchronizing object | door-left-front-b
Fra:1 Mem:19.03M (Peak 19.12M) | Time:00:00.00 | Mem:0.00M, Peak:0.00M | Scene, ViewLayer | Synchronizing object | door-left-rear-a
Fra:1 Mem:19.02M (Peak 19.12M) | Time:00:00.00 | Mem:0.00M, Peak:0.00M | Scene, ViewLayer | Synchronizing object | wheel-rear-rear-right
Fra:1 Mem:19.06M (Peak 19.12M) | Time:00:00.00 | Mem:0.00M, Peak:0.00M | Scene, ViewLayer | Synchronizing object | door-left-rear-b
Fra:1 Mem:19.04M (Peak 19.12M) | Time:00:00.00 | Mem:0.00M, Peak:0.00M | Scene, ViewLayer | Synchronizing object | wheel-rear-rear-left
Fra:1 Mem:19.06M (Peak 19.12M) | Time:00:00.00 | Mem:0.00M, Peak:0.00M | Scene, ViewLayer | Synchronizing object | wheel-rear-front-right
Fra:1 Mem:19.09M (Peak 19.12M) | Time:00:00.00 | Mem:0.00M, Peak:0.00M | Scene, ViewLayer | Synchronizing object | door-right-center-a
Fra:1 Mem:19.08M (Peak 19.12M) | Time:00:00.00 | Mem:0.00M, Peak:0.00M | Scene, ViewLayer | Synchronizing object | wheel-rear-front-left
Fra:1 Mem:19.10M (Peak 19.12M) | Time:00:00.00 | Mem:0.00M, Peak:0.00M | Scene, ViewLayer | Synchronizing object | door-right-center-b
Fra:1 Mem:19.12M (Peak 19.12M) | Time:00:00.00 | Mem:0.00M, Peak:0.00M | Scene, ViewLayer | Synchronizing object | wheel-front-rear-right
Fra:1 Mem:19.13M (Peak 19.13M) | Time:00:00.00 | Mem:0.00M, Peak:0.00M | Scene, ViewLayer | Synchronizing object | door-right-front-a
Fra:1 Mem:19.11M (Peak 19.13M) | Time:00:00.00 | Mem:0.00M, Peak:0.00M | Scene, ViewLayer | Synchronizing object | wheel-front-rear-left
Fra:1 Mem:19.13M (Peak 19.13M) | Time:00:00.00 | Mem:0.00M, Peak:0.00M | Scene, ViewLayer | Synchronizing object | door-right-front-b
Fra:1 Mem:19.13M (Peak 19.13M) | Time:00:00.00 | Mem:0.00M, Peak:0.00M | Scene, ViewLayer | Synchronizing object | wheel-front-front-right
Fra:1 Mem:19.15M (Peak 19.15M) | Time:00:00.00 | Mem:0.00M, Peak:0.00M | Scene, ViewLayer | Synchronizing object | door-right-rear-a
Fra:1 Mem:19.18M (Peak 19.18M) | Time:00:00.00 | Mem:0.00M, Peak:0.00M | Scene, ViewLayer | Synchronizing object | wheel-front-front-left
Fra:1 Mem:19.17M (Peak 19.18M) | Time:00:00.00 | Mem:0.00M, Peak:0.00M | Scene, ViewLayer | Synchronizing object | door-right-rear-b
Fra:1 Mem:19.20M (Peak 19.20M) | Time:00:00.00 | Mem:0.00M, Peak:0.00M | Scene, ViewLayer | Synchronizing object | lights
Fra:1 Mem:19.18M (Peak 19.20M) | Time:00:00.00 | Mem:0.00M, Peak:0.00M | Scene, ViewLayer | Synchronizing object | glass
Fra:1 Mem:19.20M (Peak 19.20M) | Time:00:00.00 | Mem:0.00M, Peak:0.00M | Scene, ViewLayer | Initializing
Fra:1 Mem:16.59M (Peak 19.20M) | Time:00:00.00 | Mem:0.00M, Peak:0.00M | Scene, ViewLayer | Waiting for render to start
Fra:1 Mem:16.59M (Peak 19.20M) | Time:00:00.00 | Mem:0.00M, Peak:0.00M | Scene, ViewLayer | Loading render kernels (may take a few minutes the first time)
Fra:1 Mem:16.59M (Peak 19.20M) | Time:00:00.00 | Mem:0.00M, Peak:0.00M | Scene, ViewLayer | Updating Scene
Fra:1 Mem:16.59M (Peak 19.20M) | Time:00:00.00 | Mem:0.00M, Peak:0.00M | Scene, ViewLayer | Updating Shaders
Fra:1 Mem:16.69M (Peak 19.20M) | Time:00:00.00 | Mem:0.01M, Peak:0.01M | Scene, ViewLayer | Updating Procedurals
Fra:1 Mem:16.69M (Peak 19.20M) | Time:00:00.00 | Mem:0.01M, Peak:0.01M | Scene, ViewLayer | Updating Background
Fra:1 Mem:16.69M (Peak 19.20M) | Time:00:00.00 | Mem:0.01M, Peak:0.01M | Scene, ViewLayer | Updating Camera
Fra:1 Mem:16.69M (Peak 19.20M) | Time:00:00.00 | Mem:0.01M, Peak:0.01M | Scene, ViewLayer | Updating Meshes Flags
Fra:1 Mem:16.69M (Peak 19.20M) | Time:00:00.00 | Mem:0.01M, Peak:0.01M | Scene, ViewLayer | Updating Objects
Fra:1 Mem:16.69M (Peak 19.20M) | Time:00:00.00 | Mem:0.01M, Peak:0.01M | Scene, ViewLayer | Updating Objects | Copying Transformations to device
Fra:1 Mem:16.69M (Peak 19.20M) | Time:00:00.00 | Mem:0.02M, Peak:0.02M | Scene, ViewLayer | Updating Objects | Applying Static Transformations
Fra:1 Mem:16.69M (Peak 19.20M) | Time:00:00.00 | Mem:0.02M, Peak:0.02M | Scene, ViewLayer | Updating Particle Systems
Fra:1 Mem:16.69M (Peak 19.20M) | Time:00:00.00 | Mem:0.02M, Peak:0.02M | Scene, ViewLayer | Updating Particle Systems | Copying Particles to device
Fra:1 Mem:16.69M (Peak 19.20M) | Time:00:00.00 | Mem:0.02M, Peak:0.02M | Scene, ViewLayer | Updating Meshes
Fra:1 Mem:16.75M (Peak 19.20M) | Time:00:00.00 | Mem:0.02M, Peak:0.02M | Scene, ViewLayer | Updating Mesh | Computing attributes
Fra:1 Mem:16.89M (Peak 19.20M) | Time:00:00.00 | Mem:0.02M, Peak:0.02M | Scene, ViewLayer | Updating Mesh | Copying Attributes to device
Fra:1 Mem:16.88M (Peak 19.20M) | Time:00:00.00 | Mem:0.16M, Peak:0.16M | Scene, ViewLayer | Updating Scene BVH | Building
Fra:1 Mem:16.88M (Peak 19.20M) | Time:00:00.00 | Mem:0.16M, Peak:0.16M | Scene, ViewLayer | Updating Scene BVH | Building BVH
Fra:1 Mem:16.88M (Peak 19.20M) | Time:00:00.00 | Mem:0.26M, Peak:0.26M | Scene, ViewLayer | Updating Scene BVH | Building BVH 0%
Fra:1 Mem:16.88M (Peak 19.20M) | Time:00:00.00 | Mem:0.39M, Peak:0.49M | Scene, ViewLayer | Updating Scene BVH | Copying BVH to device
Fra:1 Mem:16.88M (Peak 19.20M) | Time:00:00.00 | Mem:0.39M, Peak:0.49M | Scene, ViewLayer | Updating Mesh | Computing normals
Fra:1 Mem:17.26M (Peak 19.20M) | Time:00:00.00 | Mem:0.39M, Peak:0.49M | Scene, ViewLayer | Updating Mesh | Copying Mesh to device
Fra:1 Mem:17.26M (Peak 19.20M) | Time:00:00.00 | Mem:0.77M, Peak:0.77M | Scene, ViewLayer | Updating Objects Flags
Fra:1 Mem:17.26M (Peak 19.20M) | Time:00:00.00 | Mem:0.77M, Peak:0.77M | Scene, ViewLayer | Updating Primitive Offsets
Fra:1 Mem:17.26M (Peak 19.20M) | Time:00:00.00 | Mem:0.77M, Peak:0.77M | Scene, ViewLayer | Updating Images
Fra:1 Mem:17.26M (Peak 19.20M) | Time:00:00.00 | Mem:0.77M, Peak:0.77M | Scene, ViewLayer | Updating Camera Volume
Fra:1 Mem:17.26M (Peak 19.20M) | Time:00:00.00 | Mem:0.77M, Peak:0.77M | Scene, ViewLayer | Updating Lookup Tables
Fra:1 Mem:17.26M (Peak 19.20M) | Time:00:00.00 | Mem:0.85M, Peak:0.85M | Scene, ViewLayer | Updating Lights
Fra:1 Mem:17.26M (Peak 19.20M) | Time:00:00.00 | Mem:0.85M, Peak:0.85M | Scene, ViewLayer | Updating Lights | Computing tree
Fra:1 Mem:17.27M (Peak 19.20M) | Time:00:00.00 | Mem:0.86M, Peak:0.86M | Scene, ViewLayer | Updating Integrator
Fra:1 Mem:17.27M (Peak 19.20M) | Time:00:00.00 | Mem:0.86M, Peak:0.86M | Scene, ViewLayer | Updating Film
Fra:1 Mem:17.27M (Peak 19.20M) | Time:00:00.00 | Mem:0.77M, Peak:0.86M | Scene, ViewLayer | Updating Lookup Tables
Fra:1 Mem:17.27M (Peak 19.20M) | Time:00:00.00 | Mem:0.86M, Peak:0.86M | Scene, ViewLayer | Updating Baking
Fra:1 Mem:17.27M (Peak 19.20M) | Time:00:00.00 | Mem:0.86M, Peak:0.86M | Scene, ViewLayer | Updating Device | Writing constant memory
Fra:1 Mem:17.27M (Peak 19.20M) | Time:00:00.00 | Mem:0.86M, Peak:0.86M | Scene, ViewLayer | Sample 0/8
Fra:1 Mem:26.07M (Peak 26.07M) | Time:00:00.67 | Remaining:00:04.64 | Mem:9.65M, Peak:9.65M | Scene, ViewLayer | Sample 1/8
Fra:1 Mem:29.98M (Peak 37.79M) | Time:00:05.14 | Mem:9.65M, Peak:9.65M | Scene, ViewLayer | Sample 8/8
Fra:1 Mem:29.98M (Peak 37.79M) | Time:00:05.14 | Mem:9.65M, Peak:9.65M | Scene, ViewLayer | Finished
Saved: '/workspace/scratch/7c20b5ba4165/atlas-backlog-oct3/tools/assets/boardable-metro/qa/previews/lead-entry-left-center.png'
Time: 00:05.18 (Saving: 00:00.04)

Fra:1 Mem:18.65M (Peak 18.65M) | Time:00:00.00 | Mem:0.00M, Peak:0.00M | Scene, ViewLayer | Synchronizing object | body-shell
Fra:1 Mem:19.04M (Peak 19.04M) | Time:00:00.00 | Mem:0.00M, Peak:0.00M | Scene, ViewLayer | Synchronizing object | QA-ground
Fra:1 Mem:19.11M (Peak 19.11M) | Time:00:00.00 | Mem:0.00M, Peak:0.00M | Scene, ViewLayer | Synchronizing object | interior-batch-metro-seat
Fra:1 Mem:19.07M (Peak 19.11M) | Time:00:00.00 | Mem:0.00M, Peak:0.00M | Scene, ViewLayer | Synchronizing object | interior-batch-metro-priority-seat
Fra:1 Mem:19.08M (Peak 19.11M) | Time:00:00.00 | Mem:0.00M, Peak:0.00M | Scene, ViewLayer | Synchronizing object | interior-batch-metro-screen
Fra:1 Mem:19.09M (Peak 19.11M) | Time:00:00.00 | Mem:0.00M, Peak:0.00M | Scene, ViewLayer | Synchronizing object | interior-batch-metro-rail
Fra:1 Mem:18.98M (Peak 19.11M) | Time:00:00.00 | Mem:0.00M, Peak:0.00M | Scene, ViewLayer | Synchronizing object | bogie-front-frame
Fra:1 Mem:19.06M (Peak 19.11M) | Time:00:00.00 | Mem:0.00M, Peak:0.00M | Scene, ViewLayer | Synchronizing object | bogie-rear-frame
Fra:1 Mem:19.01M (Peak 19.11M) | Time:00:00.00 | Mem:0.00M, Peak:0.00M | Scene, ViewLayer | Synchronizing object | door-left-center-a
Fra:1 Mem:18.97M (Peak 19.11M) | Time:00:00.00 | Mem:0.00M, Peak:0.00M | Scene, ViewLayer | Synchronizing object | interior-batch-metro-floor
Fra:1 Mem:18.97M (Peak 19.11M) | Time:00:00.00 | Mem:0.00M, Peak:0.00M | Scene, ViewLayer | Synchronizing object | door-left-center-b
Fra:1 Mem:18.97M (Peak 19.11M) | Time:00:00.00 | Mem:0.00M, Peak:0.00M | Scene, ViewLayer | Synchronizing object | interior-batch-metro-wall
Fra:1 Mem:19.08M (Peak 19.11M) | Time:00:00.00 | Mem:0.00M, Peak:0.00M | Scene, ViewLayer | Synchronizing object | door-left-front-a
Fra:1 Mem:19.06M (Peak 19.11M) | Time:00:00.00 | Mem:0.00M, Peak:0.00M | Scene, ViewLayer | Synchronizing object | door-left-front-b
Fra:1 Mem:19.04M (Peak 19.11M) | Time:00:00.00 | Mem:0.00M, Peak:0.00M | Scene, ViewLayer | Synchronizing object | wheel-rear-rear-right
Fra:1 Mem:19.05M (Peak 19.11M) | Time:00:00.00 | Mem:0.00M, Peak:0.00M | Scene, ViewLayer | Synchronizing object | door-left-rear-a
Fra:1 Mem:19.06M (Peak 19.11M) | Time:00:00.00 | Mem:0.00M, Peak:0.00M | Scene, ViewLayer | Synchronizing object | wheel-rear-rear-left
Fra:1 Mem:19.07M (Peak 19.11M) | Time:00:00.00 | Mem:0.00M, Peak:0.00M | Scene, ViewLayer | Synchronizing object | door-left-rear-b
Fra:1 Mem:19.07M (Peak 19.11M) | Time:00:00.00 | Mem:0.00M, Peak:0.00M | Scene, ViewLayer | Synchronizing object | wheel-rear-front-right
Fra:1 Mem:19.09M (Peak 19.11M) | Time:00:00.00 | Mem:0.00M, Peak:0.00M | Scene, ViewLayer | Synchronizing object | door-right-center-a
Fra:1 Mem:19.10M (Peak 19.11M) | Time:00:00.00 | Mem:0.00M, Peak:0.00M | Scene, ViewLayer | Synchronizing object | wheel-rear-front-left
Fra:1 Mem:19.10M (Peak 19.11M) | Time:00:00.00 | Mem:0.00M, Peak:0.00M | Scene, ViewLayer | Synchronizing object | door-right-center-b
Fra:1 Mem:19.12M (Peak 19.12M) | Time:00:00.00 | Mem:0.00M, Peak:0.00M | Scene, ViewLayer | Synchronizing object | wheel-front-rear-right
Fra:1 Mem:19.12M (Peak 19.12M) | Time:00:00.00 | Mem:0.00M, Peak:0.00M | Scene, ViewLayer | Synchronizing object | door-right-front-a
Fra:1 Mem:19.14M (Peak 19.14M) | Time:00:00.00 | Mem:0.00M, Peak:0.00M | Scene, ViewLayer | Synchronizing object | wheel-front-rear-left
Fra:1 Mem:19.15M (Peak 19.15M) | Time:00:00.00 | Mem:0.00M, Peak:0.00M | Scene, ViewLayer | Synchronizing object | door-right-front-b
Fra:1 Mem:19.14M (Peak 19.15M) | Time:00:00.00 | Mem:0.00M, Peak:0.00M | Scene, ViewLayer | Synchronizing object | wheel-front-front-right
Fra:1 Mem:19.17M (Peak 19.17M) | Time:00:00.00 | Mem:0.00M, Peak:0.00M | Scene, ViewLayer | Synchronizing object | door-right-rear-a
Fra:1 Mem:19.16M (Peak 19.17M) | Time:00:00.00 | Mem:0.00M, Peak:0.00M | Scene, ViewLayer | Synchronizing object | wheel-front-front-left
Fra:1 Mem:19.18M (Peak 19.18M) | Time:00:00.00 | Mem:0.00M, Peak:0.00M | Scene, ViewLayer | Synchronizing object | door-right-rear-b
Fra:1 Mem:19.20M (Peak 19.20M) | Time:00:00.00 | Mem:0.00M, Peak:0.00M | Scene, ViewLayer | Synchronizing object | lights
Fra:1 Mem:19.18M (Peak 19.20M) | Time:00:00.00 | Mem:0.00M, Peak:0.00M | Scene, ViewLayer | Synchronizing object | glass
Fra:1 Mem:19.20M (Peak 19.20M) | Time:00:00.00 | Mem:0.00M, Peak:0.00M | Scene, ViewLayer | Initializing
Fra:1 Mem:16.59M (Peak 19.20M) | Time:00:00.00 | Mem:0.00M, Peak:0.00M | Scene, ViewLayer | Waiting for render to start
Fra:1 Mem:16.59M (Peak 19.20M) | Time:00:00.00 | Mem:0.00M, Peak:0.00M | Scene, ViewLayer | Loading render kernels (may take a few minutes the first time)
Fra:1 Mem:16.59M (Peak 19.20M) | Time:00:00.00 | Mem:0.00M, Peak:0.00M | Scene, ViewLayer | Updating Scene
Fra:1 Mem:16.59M (Peak 19.20M) | Time:00:00.00 | Mem:0.00M, Peak:0.00M | Scene, ViewLayer | Updating Shaders
Fra:1 Mem:16.69M (Peak 19.20M) | Time:00:00.00 | Mem:0.01M, Peak:0.01M | Scene, ViewLayer | Updating Procedurals
Fra:1 Mem:16.69M (Peak 19.20M) | Time:00:00.00 | Mem:0.01M, Peak:0.01M | Scene, ViewLayer | Updating Background
Fra:1 Mem:16.69M (Peak 19.20M) | Time:00:00.00 | Mem:0.01M, Peak:0.01M | Scene, ViewLayer | Updating Camera
Fra:1 Mem:16.69M (Peak 19.20M) | Time:00:00.00 | Mem:0.01M, Peak:0.01M | Scene, ViewLayer | Updating Meshes Flags
Fra:1 Mem:16.69M (Peak 19.20M) | Time:00:00.00 | Mem:0.01M, Peak:0.01M | Scene, ViewLayer | Updating Objects
Fra:1 Mem:16.69M (Peak 19.20M) | Time:00:00.00 | Mem:0.01M, Peak:0.01M | Scene, ViewLayer | Updating Objects | Copying Transformations to device
Fra:1 Mem:16.69M (Peak 19.20M) | Time:00:00.00 | Mem:0.02M, Peak:0.02M | Scene, ViewLayer | Updating Objects | Applying Static Transformations
Fra:1 Mem:16.69M (Peak 19.20M) | Time:00:00.00 | Mem:0.02M, Peak:0.02M | Scene, ViewLayer | Updating Particle Systems
Fra:1 Mem:16.69M (Peak 19.20M) | Time:00:00.00 | Mem:0.02M, Peak:0.02M | Scene, ViewLayer | Updating Particle Systems | Copying Particles to device
Fra:1 Mem:16.69M (Peak 19.20M) | Time:00:00.00 | Mem:0.02M, Peak:0.02M | Scene, ViewLayer | Updating Meshes
Fra:1 Mem:16.75M (Peak 19.20M) | Time:00:00.00 | Mem:0.02M, Peak:0.02M | Scene, ViewLayer | Updating Mesh | Computing attributes
Fra:1 Mem:16.89M (Peak 19.20M) | Time:00:00.00 | Mem:0.02M, Peak:0.02M | Scene, ViewLayer | Updating Mesh | Copying Attributes to device
Fra:1 Mem:16.89M (Peak 19.20M) | Time:00:00.00 | Mem:0.16M, Peak:0.16M | Scene, ViewLayer | Updating Scene BVH | Building
Fra:1 Mem:16.89M (Peak 19.20M) | Time:00:00.00 | Mem:0.16M, Peak:0.16M | Scene, ViewLayer | Updating Scene BVH | Building BVH
Fra:1 Mem:16.89M (Peak 19.20M) | Time:00:00.00 | Mem:0.26M, Peak:0.26M | Scene, ViewLayer | Updating Scene BVH | Building BVH 0%
Fra:1 Mem:16.89M (Peak 19.20M) | Time:00:00.00 | Mem:0.39M, Peak:0.49M | Scene, ViewLayer | Updating Scene BVH | Copying BVH to device
Fra:1 Mem:16.89M (Peak 19.20M) | Time:00:00.00 | Mem:0.39M, Peak:0.49M | Scene, ViewLayer | Updating Mesh | Computing normals
Fra:1 Mem:17.26M (Peak 19.20M) | Time:00:00.00 | Mem:0.39M, Peak:0.49M | Scene, ViewLayer | Updating Mesh | Copying Mesh to device
Fra:1 Mem:17.26M (Peak 19.20M) | Time:00:00.00 | Mem:0.77M, Peak:0.77M | Scene, ViewLayer | Updating Objects Flags
Fra:1 Mem:17.26M (Peak 19.20M) | Time:00:00.00 | Mem:0.77M, Peak:0.77M | Scene, ViewLayer | Updating Primitive Offsets
Fra:1 Mem:17.26M (Peak 19.20M) | Time:00:00.00 | Mem:0.77M, Peak:0.77M | Scene, ViewLayer | Updating Images
Fra:1 Mem:17.26M (Peak 19.20M) | Time:00:00.00 | Mem:0.77M, Peak:0.77M | Scene, ViewLayer | Updating Camera Volume
Fra:1 Mem:17.26M (Peak 19.20M) | Time:00:00.00 | Mem:0.77M, Peak:0.77M | Scene, ViewLayer | Updating Lookup Tables
Fra:1 Mem:17.26M (Peak 19.20M) | Time:00:00.00 | Mem:0.85M, Peak:0.85M | Scene, ViewLayer | Updating Lights
Fra:1 Mem:17.27M (Peak 19.20M) | Time:00:00.00 | Mem:0.85M, Peak:0.85M | Scene, ViewLayer | Updating Lights | Computing tree
Fra:1 Mem:17.27M (Peak 19.20M) | Time:00:00.00 | Mem:0.86M, Peak:0.86M | Scene, ViewLayer | Updating Integrator
Fra:1 Mem:17.27M (Peak 19.20M) | Time:00:00.00 | Mem:0.86M, Peak:0.86M | Scene, ViewLayer | Updating Film
Fra:1 Mem:17.27M (Peak 19.20M) | Time:00:00.00 | Mem:0.77M, Peak:0.86M | Scene, ViewLayer | Updating Lookup Tables
Fra:1 Mem:17.27M (Peak 19.20M) | Time:00:00.00 | Mem:0.86M, Peak:0.86M | Scene, ViewLayer | Updating Baking
Fra:1 Mem:17.27M (Peak 19.20M) | Time:00:00.00 | Mem:0.86M, Peak:0.86M | Scene, ViewLayer | Updating Device | Writing constant memory
Fra:1 Mem:17.27M (Peak 19.20M) | Time:00:00.00 | Mem:0.86M, Peak:0.86M | Scene, ViewLayer | Sample 0/8
Fra:1 Mem:26.07M (Peak 26.07M) | Time:00:00.69 | Remaining:00:04.79 | Mem:9.65M, Peak:9.65M | Scene, ViewLayer | Sample 1/8
Fra:1 Mem:29.98M (Peak 37.79M) | Time:00:05.20 | Mem:9.65M, Peak:9.65M | Scene, ViewLayer | Sample 8/8
Fra:1 Mem:29.98M (Peak 37.79M) | Time:00:05.20 | Mem:9.65M, Peak:9.65M | Scene, ViewLayer | Finished
Saved: '/workspace/scratch/7c20b5ba4165/atlas-backlog-oct3/tools/assets/boardable-metro/qa/previews/lead-entry-left-front.png'
Time: 00:05.25 (Saving: 00:00.04)

Fra:1 Mem:18.65M (Peak 18.65M) | Time:00:00.00 | Mem:0.00M, Peak:0.00M | Scene, ViewLayer | Synchronizing object | body-shell
Fra:1 Mem:19.04M (Peak 19.04M) | Time:00:00.00 | Mem:0.00M, Peak:0.00M | Scene, ViewLayer | Synchronizing object | QA-ground
Fra:1 Mem:19.11M (Peak 19.11M) | Time:00:00.00 | Mem:0.00M, Peak:0.00M | Scene, ViewLayer | Synchronizing object | interior-batch-metro-seat
Fra:1 Mem:19.07M (Peak 19.11M) | Time:00:00.00 | Mem:0.00M, Peak:0.00M | Scene, ViewLayer | Synchronizing object | interior-batch-metro-priority-seat
Fra:1 Mem:19.08M (Peak 19.11M) | Time:00:00.00 | Mem:0.00M, Peak:0.00M | Scene, ViewLayer | Synchronizing object | interior-batch-metro-screen
Fra:1 Mem:19.09M (Peak 19.11M) | Time:00:00.00 | Mem:0.00M, Peak:0.00M | Scene, ViewLayer | Synchronizing object | interior-batch-metro-rail
Fra:1 Mem:19.05M (Peak 19.11M) | Time:00:00.00 | Mem:0.00M, Peak:0.00M | Scene, ViewLayer | Synchronizing object | bogie-front-frame
Fra:1 Mem:19.08M (Peak 19.11M) | Time:00:00.00 | Mem:0.00M, Peak:0.00M | Scene, ViewLayer | Synchronizing object | bogie-rear-frame
Fra:1 Mem:18.95M (Peak 19.11M) | Time:00:00.00 | Mem:0.00M, Peak:0.00M | Scene, ViewLayer | Synchronizing object | door-left-center-a
Fra:1 Mem:19.01M (Peak 19.11M) | Time:00:00.00 | Mem:0.00M, Peak:0.00M | Scene, ViewLayer | Synchronizing object | door-left-center-b
Fra:1 Mem:19.08M (Peak 19.11M) | Time:00:00.00 | Mem:0.00M, Peak:0.00M | Scene, ViewLayer | Synchronizing object | door-left-front-a
Fra:1 Mem:19.00M (Peak 19.11M) | Time:00:00.00 | Mem:0.00M, Peak:0.00M | Scene, ViewLayer | Synchronizing object | door-left-front-b
Fra:1 Mem:19.01M (Peak 19.11M) | Time:00:00.00 | Mem:0.00M, Peak:0.00M | Scene, ViewLayer | Synchronizing object | interior-batch-metro-floor
Fra:1 Mem:18.99M (Peak 19.11M) | Time:00:00.00 | Mem:0.00M, Peak:0.00M | Scene, ViewLayer | Synchronizing object | interior-batch-metro-wall
Fra:1 Mem:19.03M (Peak 19.11M) | Time:00:00.00 | Mem:0.00M, Peak:0.00M | Scene, ViewLayer | Synchronizing object | door-left-rear-b
Fra:1 Mem:19.07M (Peak 19.11M) | Time:00:00.00 | Mem:0.00M, Peak:0.00M | Scene, ViewLayer | Synchronizing object | door-right-center-a
Fra:1 Mem:19.08M (Peak 19.11M) | Time:00:00.00 | Mem:0.00M, Peak:0.00M | Scene, ViewLayer | Synchronizing object | wheel-rear-rear-right
Fra:1 Mem:19.09M (Peak 19.11M) | Time:00:00.00 | Mem:0.00M, Peak:0.00M | Scene, ViewLayer | Synchronizing object | door-right-center-b
Fra:1 Mem:19.09M (Peak 19.11M) | Time:00:00.00 | Mem:0.00M, Peak:0.00M | Scene, ViewLayer | Synchronizing object | wheel-rear-rear-left
Fra:1 Mem:19.10M (Peak 19.11M) | Time:00:00.00 | Mem:0.00M, Peak:0.00M | Scene, ViewLayer | Synchronizing object | door-right-front-a
Fra:1 Mem:19.11M (Peak 19.11M) | Time:00:00.00 | Mem:0.00M, Peak:0.00M | Scene, ViewLayer | Synchronizing object | door-right-front-b
Fra:1 Mem:19.12M (Peak 19.12M) | Time:00:00.00 | Mem:0.00M, Peak:0.00M | Scene, ViewLayer | Synchronizing object | door-right-rear-a
Fra:1 Mem:19.13M (Peak 19.13M) | Time:00:00.00 | Mem:0.00M, Peak:0.00M | Scene, ViewLayer | Synchronizing object | door-right-rear-b
Fra:1 Mem:19.14M (Peak 19.14M) | Time:00:00.00 | Mem:0.00M, Peak:0.00M | Scene, ViewLayer | Synchronizing object | glass
Fra:1 Mem:19.15M (Peak 19.15M) | Time:00:00.00 | Mem:0.00M, Peak:0.00M | Scene, ViewLayer | Synchronizing object | wheel-rear-front-right
Fra:1 Mem:19.17M (Peak 19.17M) | Time:00:00.00 | Mem:0.00M, Peak:0.00M | Scene, ViewLayer | Synchronizing object | lights
Fra:1 Mem:19.17M (Peak 19.17M) | Time:00:00.00 | Mem:0.00M, Peak:0.00M | Scene, ViewLayer | Synchronizing object | wheel-rear-front-left
Fra:1 Mem:19.19M (Peak 19.19M) | Time:00:00.00 | Mem:0.00M, Peak:0.00M | Scene, ViewLayer | Synchronizing object | wheel-front-front-left
Fra:1 Mem:19.18M (Peak 19.19M) | Time:00:00.00 | Mem:0.00M, Peak:0.00M | Scene, ViewLayer | Synchronizing object | wheel-front-rear-right
Fra:1 Mem:19.19M (Peak 19.19M) | Time:00:00.00 | Mem:0.00M, Peak:0.00M | Scene, ViewLayer | Synchronizing object | wheel-front-front-right
Fra:1 Mem:19.22M (Peak 19.22M) | Time:00:00.00 | Mem:0.00M, Peak:0.00M | Scene, ViewLayer | Synchronizing object | wheel-front-rear-left
Fra:1 Mem:19.20M (Peak 19.22M) | Time:00:00.00 | Mem:0.00M, Peak:0.00M | Scene, ViewLayer | Initializing
Fra:1 Mem:16.59M (Peak 19.22M) | Time:00:00.00 | Mem:0.00M, Peak:0.00M | Scene, ViewLayer | Waiting for render to start
Fra:1 Mem:16.60M (Peak 19.22M) | Time:00:00.00 | Mem:0.00M, Peak:0.00M | Scene, ViewLayer | Loading render kernels (may take a few minutes the first time)
Fra:1 Mem:16.60M (Peak 19.22M) | Time:00:00.00 | Mem:0.00M, Peak:0.00M | Scene, ViewLayer | Updating Scene
Fra:1 Mem:16.60M (Peak 19.22M) | Time:00:00.00 | Mem:0.00M, Peak:0.00M | Scene, ViewLayer | Updating Shaders
Fra:1 Mem:16.69M (Peak 19.22M) | Time:00:00.00 | Mem:0.01M, Peak:0.01M | Scene, ViewLayer | Updating Procedurals
Fra:1 Mem:16.69M (Peak 19.22M) | Time:00:00.00 | Mem:0.01M, Peak:0.01M | Scene, ViewLayer | Updating Background
Fra:1 Mem:16.69M (Peak 19.22M) | Time:00:00.00 | Mem:0.01M, Peak:0.01M | Scene, ViewLayer | Updating Camera
Fra:1 Mem:16.69M (Peak 19.22M) | Time:00:00.00 | Mem:0.01M, Peak:0.01M | Scene, ViewLayer | Updating Meshes Flags
Fra:1 Mem:16.69M (Peak 19.22M) | Time:00:00.00 | Mem:0.01M, Peak:0.01M | Scene, ViewLayer | Updating Objects
Fra:1 Mem:16.69M (Peak 19.22M) | Time:00:00.00 | Mem:0.01M, Peak:0.01M | Scene, ViewLayer | Updating Objects | Copying Transformations to device
Fra:1 Mem:16.69M (Peak 19.22M) | Time:00:00.00 | Mem:0.02M, Peak:0.02M | Scene, ViewLayer | Updating Objects | Applying Static Transformations
Fra:1 Mem:16.69M (Peak 19.22M) | Time:00:00.00 | Mem:0.02M, Peak:0.02M | Scene, ViewLayer | Updating Particle Systems
Fra:1 Mem:16.69M (Peak 19.22M) | Time:00:00.00 | Mem:0.02M, Peak:0.02M | Scene, ViewLayer | Updating Particle Systems | Copying Particles to device
Fra:1 Mem:16.69M (Peak 19.22M) | Time:00:00.00 | Mem:0.02M, Peak:0.02M | Scene, ViewLayer | Updating Meshes
Fra:1 Mem:16.75M (Peak 19.22M) | Time:00:00.00 | Mem:0.02M, Peak:0.02M | Scene, ViewLayer | Updating Mesh | Computing attributes
Fra:1 Mem:16.89M (Peak 19.22M) | Time:00:00.00 | Mem:0.02M, Peak:0.02M | Scene, ViewLayer | Updating Mesh | Copying Attributes to device
Fra:1 Mem:16.89M (Peak 19.22M) | Time:00:00.00 | Mem:0.16M, Peak:0.16M | Scene, ViewLayer | Updating Scene BVH | Building
Fra:1 Mem:16.89M (Peak 19.22M) | Time:00:00.00 | Mem:0.16M, Peak:0.16M | Scene, ViewLayer | Updating Scene BVH | Building BVH
Fra:1 Mem:16.89M (Peak 19.22M) | Time:00:00.00 | Mem:0.26M, Peak:0.26M | Scene, ViewLayer | Updating Scene BVH | Building BVH 0%
Fra:1 Mem:16.89M (Peak 19.22M) | Time:00:00.00 | Mem:0.39M, Peak:0.49M | Scene, ViewLayer | Updating Scene BVH | Copying BVH to device
Fra:1 Mem:16.89M (Peak 19.22M) | Time:00:00.00 | Mem:0.39M, Peak:0.49M | Scene, ViewLayer | Updating Mesh | Computing normals
Fra:1 Mem:17.26M (Peak 19.22M) | Time:00:00.00 | Mem:0.39M, Peak:0.49M | Scene, ViewLayer | Updating Mesh | Copying Mesh to device
Fra:1 Mem:17.26M (Peak 19.22M) | Time:00:00.00 | Mem:0.77M, Peak:0.77M | Scene, ViewLayer | Updating Objects Flags
Fra:1 Mem:17.26M (Peak 19.22M) | Time:00:00.00 | Mem:0.77M, Peak:0.77M | Scene, ViewLayer | Updating Primitive Offsets
Fra:1 Mem:17.26M (Peak 19.22M) | Time:00:00.00 | Mem:0.77M, Peak:0.77M | Scene, ViewLayer | Updating Images
Fra:1 Mem:17.26M (Peak 19.22M) | Time:00:00.00 | Mem:0.77M, Peak:0.77M | Scene, ViewLayer | Updating Camera Volume
Fra:1 Mem:17.26M (Peak 19.22M) | Time:00:00.00 | Mem:0.77M, Peak:0.77M | Scene, ViewLayer | Updating Lookup Tables
Fra:1 Mem:17.26M (Peak 19.22M) | Time:00:00.00 | Mem:0.85M, Peak:0.85M | Scene, ViewLayer | Updating Lights
Fra:1 Mem:17.27M (Peak 19.22M) | Time:00:00.00 | Mem:0.85M, Peak:0.85M | Scene, ViewLayer | Updating Lights | Computing tree
Fra:1 Mem:17.27M (Peak 19.22M) | Time:00:00.00 | Mem:0.86M, Peak:0.86M | Scene, ViewLayer | Updating Integrator
Fra:1 Mem:17.27M (Peak 19.22M) | Time:00:00.00 | Mem:0.86M, Peak:0.86M | Scene, ViewLayer | Updating Film
Fra:1 Mem:17.27M (Peak 19.22M) | Time:00:00.00 | Mem:0.77M, Peak:0.86M | Scene, ViewLayer | Updating Lookup Tables
Fra:1 Mem:17.27M (Peak 19.22M) | Time:00:00.00 | Mem:0.86M, Peak:0.86M | Scene, ViewLayer | Updating Baking
Fra:1 Mem:17.27M (Peak 19.22M) | Time:00:00.00 | Mem:0.86M, Peak:0.86M | Scene, ViewLayer | Updating Device | Writing constant memory
Fra:1 Mem:17.27M (Peak 19.22M) | Time:00:00.00 | Mem:0.86M, Peak:0.86M | Scene, ViewLayer | Sample 0/8
Fra:1 Mem:26.07M (Peak 26.07M) | Time:00:00.60 | Remaining:00:04.14 | Mem:9.65M, Peak:9.65M | Scene, ViewLayer | Sample 1/8
Fra:1 Mem:29.98M (Peak 37.79M) | Time:00:04.59 | Mem:9.65M, Peak:9.65M | Scene, ViewLayer | Sample 8/8
Fra:1 Mem:29.98M (Peak 37.79M) | Time:00:04.59 | Mem:9.65M, Peak:9.65M | Scene, ViewLayer | Finished
Saved: '/workspace/scratch/7c20b5ba4165/atlas-backlog-oct3/tools/assets/boardable-metro/qa/previews/lead-seat-right-01-eye.png'
Time: 00:04.64 (Saving: 00:00.04)

Fra:1 Mem:18.65M (Peak 18.65M) | Time:00:00.00 | Mem:0.00M, Peak:0.00M | Scene, ViewLayer | Synchronizing object | body-shell
Fra:1 Mem:19.07M (Peak 19.07M) | Time:00:00.00 | Mem:0.00M, Peak:0.00M | Scene, ViewLayer | Synchronizing object | QA-ground
Fra:1 Mem:19.15M (Peak 19.15M) | Time:00:00.00 | Mem:0.00M, Peak:0.00M | Scene, ViewLayer | Synchronizing object | interior-batch-metro-seat
Fra:1 Mem:19.07M (Peak 19.15M) | Time:00:00.00 | Mem:0.00M, Peak:0.00M | Scene, ViewLayer | Synchronizing object | interior-batch-metro-priority-seat
Fra:1 Mem:19.08M (Peak 19.15M) | Time:00:00.00 | Mem:0.00M, Peak:0.00M | Scene, ViewLayer | Synchronizing object | interior-batch-metro-screen
Fra:1 Mem:19.09M (Peak 19.15M) | Time:00:00.00 | Mem:0.00M, Peak:0.00M | Scene, ViewLayer | Synchronizing object | interior-batch-metro-rail
Fra:1 Mem:18.97M (Peak 19.15M) | Time:00:00.00 | Mem:0.00M, Peak:0.00M | Scene, ViewLayer | Synchronizing object | bogie-front-frame
Fra:1 Mem:19.06M (Peak 19.15M) | Time:00:00.00 | Mem:0.00M, Peak:0.00M | Scene, ViewLayer | Synchronizing object | bogie-rear-frame
Fra:1 Mem:19.06M (Peak 19.15M) | Time:00:00.00 | Mem:0.00M, Peak:0.00M | Scene, ViewLayer | Synchronizing object | door-left-center-a
Fra:1 Mem:18.98M (Peak 19.15M) | Time:00:00.00 | Mem:0.00M, Peak:0.00M | Scene, ViewLayer | Synchronizing object | interior-batch-metro-floor
Fra:1 Mem:18.97M (Peak 19.15M) | Time:00:00.00 | Mem:0.00M, Peak:0.00M | Scene, ViewLayer | Synchronizing object | door-left-center-b
Fra:1 Mem:19.00M (Peak 19.15M) | Time:00:00.00 | Mem:0.00M, Peak:0.00M | Scene, ViewLayer | Synchronizing object | interior-batch-metro-wall
Fra:1 Mem:19.07M (Peak 19.15M) | Time:00:00.00 | Mem:0.00M, Peak:0.00M | Scene, ViewLayer | Synchronizing object | door-left-front-a
Fra:1 Mem:19.06M (Peak 19.15M) | Time:00:00.00 | Mem:0.00M, Peak:0.00M | Scene, ViewLayer | Synchronizing object | door-left-front-b
Fra:1 Mem:19.03M (Peak 19.15M) | Time:00:00.00 | Mem:0.00M, Peak:0.00M | Scene, ViewLayer | Synchronizing object | wheel-rear-rear-right
Fra:1 Mem:19.05M (Peak 19.15M) | Time:00:00.00 | Mem:0.00M, Peak:0.00M | Scene, ViewLayer | Synchronizing object | door-left-rear-a
Fra:1 Mem:19.06M (Peak 19.15M) | Time:00:00.00 | Mem:0.00M, Peak:0.00M | Scene, ViewLayer | Synchronizing object | wheel-rear-rear-left
Fra:1 Mem:19.07M (Peak 19.15M) | Time:00:00.00 | Mem:0.00M, Peak:0.00M | Scene, ViewLayer | Synchronizing object | door-left-rear-b
Fra:1 Mem:19.08M (Peak 19.15M) | Time:00:00.00 | Mem:0.00M, Peak:0.00M | Scene, ViewLayer | Synchronizing object | wheel-rear-front-right
Fra:1 Mem:19.09M (Peak 19.15M) | Time:00:00.00 | Mem:0.00M, Peak:0.00M | Scene, ViewLayer | Synchronizing object | door-right-center-a
Fra:1 Mem:19.09M (Peak 19.15M) | Time:00:00.00 | Mem:0.00M, Peak:0.00M | Scene, ViewLayer | Synchronizing object | wheel-rear-front-left
Fra:1 Mem:19.11M (Peak 19.15M) | Time:00:00.00 | Mem:0.00M, Peak:0.00M | Scene, ViewLayer | Synchronizing object | door-right-center-b
Fra:1 Mem:19.12M (Peak 19.15M) | Time:00:00.00 | Mem:0.00M, Peak:0.00M | Scene, ViewLayer | Synchronizing object | wheel-front-rear-right
Fra:1 Mem:19.12M (Peak 19.15M) | Time:00:00.00 | Mem:0.00M, Peak:0.00M | Scene, ViewLayer | Synchronizing object | door-right-front-a
Fra:1 Mem:19.13M (Peak 19.15M) | Time:00:00.00 | Mem:0.00M, Peak:0.00M | Scene, ViewLayer | Synchronizing object | wheel-front-rear-left
Fra:1 Mem:19.14M (Peak 19.15M) | Time:00:00.00 | Mem:0.00M, Peak:0.00M | Scene, ViewLayer | Synchronizing object | door-right-front-b
Fra:1 Mem:19.16M (Peak 19.16M) | Time:00:00.00 | Mem:0.00M, Peak:0.00M | Scene, ViewLayer | Synchronizing object | wheel-front-front-right
Fra:1 Mem:19.17M (Peak 19.17M) | Time:00:00.00 | Mem:0.00M, Peak:0.00M | Scene, ViewLayer | Synchronizing object | door-right-rear-a
Fra:1 Mem:19.16M (Peak 19.17M) | Time:00:00.00 | Mem:0.00M, Peak:0.00M | Scene, ViewLayer | Synchronizing object | wheel-front-front-left
Fra:1 Mem:19.19M (Peak 19.19M) | Time:00:00.00 | Mem:0.00M, Peak:0.00M | Scene, ViewLayer | Synchronizing object | door-right-rear-b
Fra:1 Mem:19.18M (Peak 19.19M) | Time:00:00.00 | Mem:0.00M, Peak:0.00M | Scene, ViewLayer | Synchronizing object | lights
Fra:1 Mem:19.19M (Peak 19.19M) | Time:00:00.00 | Mem:0.00M, Peak:0.00M | Scene, ViewLayer | Synchronizing object | glass
Fra:1 Mem:19.20M (Peak 19.20M) | Time:00:00.00 | Mem:0.00M, Peak:0.00M | Scene, ViewLayer | Initializing
Fra:1 Mem:16.59M (Peak 19.20M) | Time:00:00.00 | Mem:0.00M, Peak:0.00M | Scene, ViewLayer | Waiting for render to start
Fra:1 Mem:16.60M (Peak 19.20M) | Time:00:00.00 | Mem:0.00M, Peak:0.00M | Scene, ViewLayer | Loading render kernels (may take a few minutes the first time)
Fra:1 Mem:16.60M (Peak 19.20M) | Time:00:00.00 | Mem:0.00M, Peak:0.00M | Scene, ViewLayer | Updating Scene
Fra:1 Mem:16.60M (Peak 19.20M) | Time:00:00.00 | Mem:0.00M, Peak:0.00M | Scene, ViewLayer | Updating Shaders
Fra:1 Mem:16.69M (Peak 19.20M) | Time:00:00.00 | Mem:0.01M, Peak:0.01M | Scene, ViewLayer | Updating Procedurals
Fra:1 Mem:16.69M (Peak 19.20M) | Time:00:00.00 | Mem:0.01M, Peak:0.01M | Scene, ViewLayer | Updating Background
Fra:1 Mem:16.69M (Peak 19.20M) | Time:00:00.00 | Mem:0.01M, Peak:0.01M | Scene, ViewLayer | Updating Camera
Fra:1 Mem:16.69M (Peak 19.20M) | Time:00:00.00 | Mem:0.01M, Peak:0.01M | Scene, ViewLayer | Updating Meshes Flags
Fra:1 Mem:16.69M (Peak 19.20M) | Time:00:00.00 | Mem:0.01M, Peak:0.01M | Scene, ViewLayer | Updating Objects
Fra:1 Mem:16.69M (Peak 19.20M) | Time:00:00.00 | Mem:0.01M, Peak:0.01M | Scene, ViewLayer | Updating Objects | Copying Transformations to device
Fra:1 Mem:16.70M (Peak 19.20M) | Time:00:00.00 | Mem:0.02M, Peak:0.02M | Scene, ViewLayer | Updating Objects | Applying Static Transformations
Fra:1 Mem:16.70M (Peak 19.20M) | Time:00:00.00 | Mem:0.02M, Peak:0.02M | Scene, ViewLayer | Updating Particle Systems
Fra:1 Mem:16.70M (Peak 19.20M) | Time:00:00.00 | Mem:0.02M, Peak:0.02M | Scene, ViewLayer | Updating Particle Systems | Copying Particles to device
Fra:1 Mem:16.70M (Peak 19.20M) | Time:00:00.00 | Mem:0.02M, Peak:0.02M | Scene, ViewLayer | Updating Meshes
Fra:1 Mem:16.75M (Peak 19.20M) | Time:00:00.00 | Mem:0.02M, Peak:0.02M | Scene, ViewLayer | Updating Mesh | Computing attributes
Fra:1 Mem:16.89M (Peak 19.20M) | Time:00:00.00 | Mem:0.02M, Peak:0.02M | Scene, ViewLayer | Updating Mesh | Copying Attributes to device
Fra:1 Mem:16.89M (Peak 19.20M) | Time:00:00.00 | Mem:0.16M, Peak:0.16M | Scene, ViewLayer | Updating Scene BVH | Building
Fra:1 Mem:16.89M (Peak 19.20M) | Time:00:00.00 | Mem:0.16M, Peak:0.16M | Scene, ViewLayer | Updating Scene BVH | Building BVH
Fra:1 Mem:16.89M (Peak 19.20M) | Time:00:00.00 | Mem:0.26M, Peak:0.26M | Scene, ViewLayer | Updating Scene BVH | Building BVH 0%
Fra:1 Mem:16.89M (Peak 19.20M) | Time:00:00.00 | Mem:0.39M, Peak:0.49M | Scene, ViewLayer | Updating Scene BVH | Copying BVH to device
Fra:1 Mem:16.89M (Peak 19.20M) | Time:00:00.00 | Mem:0.39M, Peak:0.49M | Scene, ViewLayer | Updating Mesh | Computing normals
Fra:1 Mem:17.27M (Peak 19.20M) | Time:00:00.00 | Mem:0.39M, Peak:0.49M | Scene, ViewLayer | Updating Mesh | Copying Mesh to device
Fra:1 Mem:17.27M (Peak 19.20M) | Time:00:00.00 | Mem:0.77M, Peak:0.77M | Scene, ViewLayer | Updating Objects Flags
Fra:1 Mem:17.27M (Peak 19.20M) | Time:00:00.00 | Mem:0.77M, Peak:0.77M | Scene, ViewLayer | Updating Primitive Offsets
Fra:1 Mem:17.27M (Peak 19.20M) | Time:00:00.00 | Mem:0.77M, Peak:0.77M | Scene, ViewLayer | Updating Images
Fra:1 Mem:17.27M (Peak 19.20M) | Time:00:00.00 | Mem:0.77M, Peak:0.77M | Scene, ViewLayer | Updating Camera Volume
Fra:1 Mem:17.27M (Peak 19.20M) | Time:00:00.00 | Mem:0.77M, Peak:0.77M | Scene, ViewLayer | Updating Lookup Tables
Fra:1 Mem:17.27M (Peak 19.20M) | Time:00:00.00 | Mem:0.85M, Peak:0.85M | Scene, ViewLayer | Updating Lights
Fra:1 Mem:17.27M (Peak 19.20M) | Time:00:00.00 | Mem:0.85M, Peak:0.85M | Scene, ViewLayer | Updating Lights | Computing tree
Fra:1 Mem:17.27M (Peak 19.20M) | Time:00:00.00 | Mem:0.86M, Peak:0.86M | Scene, ViewLayer | Updating Integrator
Fra:1 Mem:17.27M (Peak 19.20M) | Time:00:00.00 | Mem:0.86M, Peak:0.86M | Scene, ViewLayer | Updating Film
Fra:1 Mem:17.27M (Peak 19.20M) | Time:00:00.00 | Mem:0.77M, Peak:0.86M | Scene, ViewLayer | Updating Lookup Tables
Fra:1 Mem:17.27M (Peak 19.20M) | Time:00:00.00 | Mem:0.86M, Peak:0.86M | Scene, ViewLayer | Updating Baking
Fra:1 Mem:17.27M (Peak 19.20M) | Time:00:00.00 | Mem:0.86M, Peak:0.86M | Scene, ViewLayer | Updating Device | Writing constant memory
Fra:1 Mem:17.28M (Peak 19.20M) | Time:00:00.00 | Mem:0.86M, Peak:0.86M | Scene, ViewLayer | Sample 0/8
Fra:1 Mem:26.07M (Peak 26.07M) | Time:00:00.74 | Remaining:00:05.12 | Mem:9.65M, Peak:9.65M | Scene, ViewLayer | Sample 1/8
Fra:1 Mem:29.98M (Peak 37.79M) | Time:00:05.64 | Mem:9.65M, Peak:9.65M | Scene, ViewLayer | Sample 8/8
Fra:1 Mem:29.98M (Peak 37.79M) | Time:00:05.64 | Mem:9.65M, Peak:9.65M | Scene, ViewLayer | Finished
Saved: '/workspace/scratch/7c20b5ba4165/atlas-backlog-oct3/tools/assets/boardable-metro/qa/previews/lead-seat-right-02-eye.png'
Time: 00:05.70 (Saving: 00:00.05)

Fra:1 Mem:18.65M (Peak 18.65M) | Time:00:00.00 | Mem:0.00M, Peak:0.00M | Scene, ViewLayer | Synchronizing object | body-shell
Fra:1 Mem:19.10M (Peak 19.10M) | Time:00:00.00 | Mem:0.00M, Peak:0.00M | Scene, ViewLayer | Synchronizing object | QA-ground
Fra:1 Mem:19.13M (Peak 19.13M) | Time:00:00.00 | Mem:0.00M, Peak:0.00M | Scene, ViewLayer | Synchronizing object | interior-batch-metro-seat
Fra:1 Mem:18.94M (Peak 19.13M) | Time:00:00.00 | Mem:0.00M, Peak:0.00M | Scene, ViewLayer | Synchronizing object | interior-batch-metro-priority-seat
Fra:1 Mem:19.08M (Peak 19.13M) | Time:00:00.00 | Mem:0.00M, Peak:0.00M | Scene, ViewLayer | Synchronizing object | interior-batch-metro-screen
Fra:1 Mem:19.09M (Peak 19.13M) | Time:00:00.00 | Mem:0.00M, Peak:0.00M | Scene, ViewLayer | Synchronizing object | interior-batch-metro-rail
Fra:1 Mem:18.98M (Peak 19.13M) | Time:00:00.00 | Mem:0.00M, Peak:0.00M | Scene, ViewLayer | Synchronizing object | bogie-front-frame
Fra:1 Mem:19.06M (Peak 19.13M) | Time:00:00.00 | Mem:0.00M, Peak:0.00M | Scene, ViewLayer | Synchronizing object | bogie-rear-frame
Fra:1 Mem:19.06M (Peak 19.13M) | Time:00:00.00 | Mem:0.00M, Peak:0.00M | Scene, ViewLayer | Synchronizing object | door-left-center-a
Fra:1 Mem:19.06M (Peak 19.13M) | Time:00:00.00 | Mem:0.00M, Peak:0.00M | Scene, ViewLayer | Synchronizing object | door-left-center-b
Fra:1 Mem:19.00M (Peak 19.13M) | Time:00:00.00 | Mem:0.00M, Peak:0.00M | Scene, ViewLayer | Synchronizing object | interior-batch-metro-floor
Fra:1 Mem:18.98M (Peak 19.13M) | Time:00:00.00 | Mem:0.00M, Peak:0.00M | Scene, ViewLayer | Synchronizing object | interior-batch-metro-wall
Fra:1 Mem:18.98M (Peak 19.13M) | Time:00:00.00 | Mem:0.00M, Peak:0.00M | Scene, ViewLayer | Synchronizing object | door-left-front-a
Fra:1 Mem:19.03M (Peak 19.13M) | Time:00:00.00 | Mem:0.00M, Peak:0.00M | Scene, ViewLayer | Synchronizing object | door-left-front-b
Fra:1 Mem:19.07M (Peak 19.13M) | Time:00:00.00 | Mem:0.00M, Peak:0.00M | Scene, ViewLayer | Synchronizing object | door-left-rear-a
Fra:1 Mem:19.06M (Peak 19.13M) | Time:00:00.00 | Mem:0.00M, Peak:0.00M | Scene, ViewLayer | Synchronizing object | wheel-rear-rear-right
Fra:1 Mem:19.05M (Peak 19.13M) | Time:00:00.00 | Mem:0.00M, Peak:0.00M | Scene, ViewLayer | Synchronizing object | door-left-rear-b
Fra:1 Mem:19.06M (Peak 19.13M) | Time:00:00.00 | Mem:0.00M, Peak:0.00M | Scene, ViewLayer | Synchronizing object | wheel-rear-rear-left
Fra:1 Mem:19.07M (Peak 19.13M) | Time:00:00.00 | Mem:0.00M, Peak:0.00M | Scene, ViewLayer | Synchronizing object | door-right-center-a
Fra:1 Mem:19.08M (Peak 19.13M) | Time:00:00.00 | Mem:0.00M, Peak:0.00M | Scene, ViewLayer | Synchronizing object | wheel-rear-front-right
Fra:1 Mem:19.09M (Peak 19.13M) | Time:00:00.00 | Mem:0.00M, Peak:0.00M | Scene, ViewLayer | Synchronizing object | door-right-center-b
Fra:1 Mem:19.09M (Peak 19.13M) | Time:00:00.00 | Mem:0.00M, Peak:0.00M | Scene, ViewLayer | Synchronizing object | wheel-rear-front-left
Fra:1 Mem:19.11M (Peak 19.13M) | Time:00:00.00 | Mem:0.00M, Peak:0.00M | Scene, ViewLayer | Synchronizing object | door-right-front-a
Fra:1 Mem:19.14M (Peak 19.14M) | Time:00:00.00 | Mem:0.00M, Peak:0.00M | Scene, ViewLayer | Synchronizing object | wheel-front-rear-right
Fra:1 Mem:19.13M (Peak 19.14M) | Time:00:00.00 | Mem:0.00M, Peak:0.00M | Scene, ViewLayer | Synchronizing object | door-right-front-b
Fra:1 Mem:19.16M (Peak 19.16M) | Time:00:00.00 | Mem:0.00M, Peak:0.00M | Scene, ViewLayer | Synchronizing object | wheel-front-rear-left
Fra:1 Mem:19.15M (Peak 19.16M) | Time:00:00.00 | Mem:0.00M, Peak:0.00M | Scene, ViewLayer | Synchronizing object | door-right-rear-a
Fra:1 Mem:19.18M (Peak 19.18M) | Time:00:00.00 | Mem:0.00M, Peak:0.00M | Scene, ViewLayer | Synchronizing object | wheel-front-front-right
Fra:1 Mem:19.17M (Peak 19.18M) | Time:00:00.00 | Mem:0.00M, Peak:0.00M | Scene, ViewLayer | Synchronizing object | door-right-rear-b
Fra:1 Mem:19.19M (Peak 19.19M) | Time:00:00.00 | Mem:0.00M, Peak:0.00M | Scene, ViewLayer | Synchronizing object | wheel-front-front-left
Fra:1 Mem:19.19M (Peak 19.19M) | Time:00:00.00 | Mem:0.00M, Peak:0.00M | Scene, ViewLayer | Synchronizing object | glass
Fra:1 Mem:19.24M (Peak 19.24M) | Time:00:00.00 | Mem:0.00M, Peak:0.00M | Scene, ViewLayer | Synchronizing object | lights
Fra:1 Mem:19.21M (Peak 19.24M) | Time:00:00.00 | Mem:0.00M, Peak:0.00M | Scene, ViewLayer | Initializing
Fra:1 Mem:16.60M (Peak 19.24M) | Time:00:00.00 | Mem:0.00M, Peak:0.00M | Scene, ViewLayer | Waiting for render to start
Fra:1 Mem:16.60M (Peak 19.24M) | Time:00:00.00 | Mem:0.00M, Peak:0.00M | Scene, ViewLayer | Loading render kernels (may take a few minutes the first time)
Fra:1 Mem:16.60M (Peak 19.24M) | Time:00:00.00 | Mem:0.00M, Peak:0.00M | Scene, ViewLayer | Updating Scene
Fra:1 Mem:16.60M (Peak 19.24M) | Time:00:00.00 | Mem:0.00M, Peak:0.00M | Scene, ViewLayer | Updating Shaders
Fra:1 Mem:16.69M (Peak 19.24M) | Time:00:00.00 | Mem:0.01M, Peak:0.01M | Scene, ViewLayer | Updating Procedurals
Fra:1 Mem:16.69M (Peak 19.24M) | Time:00:00.00 | Mem:0.01M, Peak:0.01M | Scene, ViewLayer | Updating Background
Fra:1 Mem:16.69M (Peak 19.24M) | Time:00:00.00 | Mem:0.01M, Peak:0.01M | Scene, ViewLayer | Updating Camera
Fra:1 Mem:16.69M (Peak 19.24M) | Time:00:00.00 | Mem:0.01M, Peak:0.01M | Scene, ViewLayer | Updating Meshes Flags
Fra:1 Mem:16.69M (Peak 19.24M) | Time:00:00.00 | Mem:0.01M, Peak:0.01M | Scene, ViewLayer | Updating Objects
Fra:1 Mem:16.69M (Peak 19.24M) | Time:00:00.00 | Mem:0.01M, Peak:0.01M | Scene, ViewLayer | Updating Objects | Copying Transformations to device
Fra:1 Mem:16.70M (Peak 19.24M) | Time:00:00.00 | Mem:0.02M, Peak:0.02M | Scene, ViewLayer | Updating Objects | Applying Static Transformations
Fra:1 Mem:16.70M (Peak 19.24M) | Time:00:00.00 | Mem:0.02M, Peak:0.02M | Scene, ViewLayer | Updating Particle Systems
Fra:1 Mem:16.70M (Peak 19.24M) | Time:00:00.00 | Mem:0.02M, Peak:0.02M | Scene, ViewLayer | Updating Particle Systems | Copying Particles to device
Fra:1 Mem:16.70M (Peak 19.24M) | Time:00:00.00 | Mem:0.02M, Peak:0.02M | Scene, ViewLayer | Updating Meshes
Fra:1 Mem:16.75M (Peak 19.24M) | Time:00:00.00 | Mem:0.02M, Peak:0.02M | Scene, ViewLayer | Updating Mesh | Computing attributes
Fra:1 Mem:16.89M (Peak 19.24M) | Time:00:00.00 | Mem:0.02M, Peak:0.02M | Scene, ViewLayer | Updating Mesh | Copying Attributes to device
Fra:1 Mem:16.89M (Peak 19.24M) | Time:00:00.00 | Mem:0.16M, Peak:0.16M | Scene, ViewLayer | Updating Scene BVH | Building
Fra:1 Mem:16.89M (Peak 19.24M) | Time:00:00.00 | Mem:0.16M, Peak:0.16M | Scene, ViewLayer | Updating Scene BVH | Building BVH
Fra:1 Mem:16.89M (Peak 19.24M) | Time:00:00.00 | Mem:0.26M, Peak:0.26M | Scene, ViewLayer | Updating Scene BVH | Building BVH 0%
Fra:1 Mem:16.89M (Peak 19.24M) | Time:00:00.00 | Mem:0.39M, Peak:0.49M | Scene, ViewLayer | Updating Scene BVH | Copying BVH to device
Fra:1 Mem:16.89M (Peak 19.24M) | Time:00:00.00 | Mem:0.39M, Peak:0.49M | Scene, ViewLayer | Updating Mesh | Computing normals
Fra:1 Mem:17.27M (Peak 19.24M) | Time:00:00.00 | Mem:0.39M, Peak:0.49M | Scene, ViewLayer | Updating Mesh | Copying Mesh to device
Fra:1 Mem:17.27M (Peak 19.24M) | Time:00:00.00 | Mem:0.77M, Peak:0.77M | Scene, ViewLayer | Updating Objects Flags
Fra:1 Mem:17.27M (Peak 19.24M) | Time:00:00.00 | Mem:0.77M, Peak:0.77M | Scene, ViewLayer | Updating Primitive Offsets
Fra:1 Mem:17.27M (Peak 19.24M) | Time:00:00.00 | Mem:0.77M, Peak:0.77M | Scene, ViewLayer | Updating Images
Fra:1 Mem:17.27M (Peak 19.24M) | Time:00:00.00 | Mem:0.77M, Peak:0.77M | Scene, ViewLayer | Updating Camera Volume
Fra:1 Mem:17.27M (Peak 19.24M) | Time:00:00.00 | Mem:0.77M, Peak:0.77M | Scene, ViewLayer | Updating Lookup Tables
Fra:1 Mem:17.27M (Peak 19.24M) | Time:00:00.00 | Mem:0.85M, Peak:0.85M | Scene, ViewLayer | Updating Lights
Fra:1 Mem:17.27M (Peak 19.24M) | Time:00:00.00 | Mem:0.85M, Peak:0.85M | Scene, ViewLayer | Updating Lights | Computing tree
Fra:1 Mem:17.27M (Peak 19.24M) | Time:00:00.00 | Mem:0.86M, Peak:0.86M | Scene, ViewLayer | Updating Integrator
Fra:1 Mem:17.27M (Peak 19.24M) | Time:00:00.00 | Mem:0.86M, Peak:0.86M | Scene, ViewLayer | Updating Film
Fra:1 Mem:17.28M (Peak 19.24M) | Time:00:00.00 | Mem:0.77M, Peak:0.86M | Scene, ViewLayer | Updating Lookup Tables
Fra:1 Mem:17.28M (Peak 19.24M) | Time:00:00.00 | Mem:0.86M, Peak:0.86M | Scene, ViewLayer | Updating Baking
Fra:1 Mem:17.28M (Peak 19.24M) | Time:00:00.00 | Mem:0.86M, Peak:0.86M | Scene, ViewLayer | Updating Device | Writing constant memory
Fra:1 Mem:17.28M (Peak 19.24M) | Time:00:00.00 | Mem:0.86M, Peak:0.86M | Scene, ViewLayer | Sample 0/8
Fra:1 Mem:26.07M (Peak 26.07M) | Time:00:00.64 | Remaining:00:04.45 | Mem:9.65M, Peak:9.65M | Scene, ViewLayer | Sample 1/8
Fra:1 Mem:29.98M (Peak 37.79M) | Time:00:04.91 | Mem:9.65M, Peak:9.65M | Scene, ViewLayer | Sample 8/8
Fra:1 Mem:29.98M (Peak 37.79M) | Time:00:04.91 | Mem:9.65M, Peak:9.65M | Scene, ViewLayer | Finished
Saved: '/workspace/scratch/7c20b5ba4165/atlas-backlog-oct3/tools/assets/boardable-metro/qa/previews/lead-seat-right-03-eye.png'
Time: 00:04.95 (Saving: 00:00.03)

Fra:1 Mem:18.66M (Peak 18.66M) | Time:00:00.00 | Mem:0.00M, Peak:0.00M | Scene, ViewLayer | Synchronizing object | body-shell
Fra:1 Mem:19.07M (Peak 19.07M) | Time:00:00.00 | Mem:0.00M, Peak:0.00M | Scene, ViewLayer | Synchronizing object | QA-ground
Fra:1 Mem:19.11M (Peak 19.11M) | Time:00:00.00 | Mem:0.00M, Peak:0.00M | Scene, ViewLayer | Synchronizing object | interior-batch-metro-seat
Fra:1 Mem:18.92M (Peak 19.11M) | Time:00:00.00 | Mem:0.00M, Peak:0.00M | Scene, ViewLayer | Synchronizing object | interior-batch-metro-priority-seat
Fra:1 Mem:19.08M (Peak 19.11M) | Time:00:00.00 | Mem:0.00M, Peak:0.00M | Scene, ViewLayer | Synchronizing object | interior-batch-metro-screen
Fra:1 Mem:19.09M (Peak 19.11M) | Time:00:00.00 | Mem:0.00M, Peak:0.00M | Scene, ViewLayer | Synchronizing object | interior-batch-metro-rail
Fra:1 Mem:18.98M (Peak 19.11M) | Time:00:00.00 | Mem:0.00M, Peak:0.00M | Scene, ViewLayer | Synchronizing object | bogie-front-frame
Fra:1 Mem:19.06M (Peak 19.11M) | Time:00:00.00 | Mem:0.00M, Peak:0.00M | Scene, ViewLayer | Synchronizing object | bogie-rear-frame
Fra:1 Mem:19.07M (Peak 19.11M) | Time:00:00.00 | Mem:0.00M, Peak:0.00M | Scene, ViewLayer | Synchronizing object | door-left-center-a
Fra:1 Mem:18.98M (Peak 19.11M) | Time:00:00.00 | Mem:0.00M, Peak:0.00M | Scene, ViewLayer | Synchronizing object | interior-batch-metro-floor
Fra:1 Mem:18.97M (Peak 19.11M) | Time:00:00.00 | Mem:0.00M, Peak:0.00M | Scene, ViewLayer | Synchronizing object | door-left-center-b
Fra:1 Mem:19.00M (Peak 19.11M) | Time:00:00.00 | Mem:0.00M, Peak:0.00M | Scene, ViewLayer | Synchronizing object | interior-batch-metro-wall
Fra:1 Mem:19.07M (Peak 19.11M) | Time:00:00.00 | Mem:0.00M, Peak:0.00M | Scene, ViewLayer | Synchronizing object | door-left-front-a
Fra:1 Mem:19.07M (Peak 19.11M) | Time:00:00.00 | Mem:0.00M, Peak:0.00M | Scene, ViewLayer | Synchronizing object | door-left-front-b
Fra:1 Mem:19.04M (Peak 19.11M) | Time:00:00.00 | Mem:0.00M, Peak:0.00M | Scene, ViewLayer | Synchronizing object | wheel-rear-rear-right
Fra:1 Mem:19.06M (Peak 19.11M) | Time:00:00.00 | Mem:0.00M, Peak:0.00M | Scene, ViewLayer | Synchronizing object | door-left-rear-a
Fra:1 Mem:19.06M (Peak 19.11M) | Time:00:00.00 | Mem:0.00M, Peak:0.00M | Scene, ViewLayer | Synchronizing object | wheel-rear-rear-left
Fra:1 Mem:19.07M (Peak 19.11M) | Time:00:00.00 | Mem:0.00M, Peak:0.00M | Scene, ViewLayer | Synchronizing object | door-left-rear-b
Fra:1 Mem:19.08M (Peak 19.11M) | Time:00:00.00 | Mem:0.00M, Peak:0.00M | Scene, ViewLayer | Synchronizing object | wheel-rear-front-right
Fra:1 Mem:19.09M (Peak 19.11M) | Time:00:00.00 | Mem:0.00M, Peak:0.00M | Scene, ViewLayer | Synchronizing object | door-right-center-a
Fra:1 Mem:19.10M (Peak 19.11M) | Time:00:00.00 | Mem:0.00M, Peak:0.00M | Scene, ViewLayer | Synchronizing object | wheel-rear-front-left
Fra:1 Mem:19.11M (Peak 19.11M) | Time:00:00.00 | Mem:0.00M, Peak:0.00M | Scene, ViewLayer | Synchronizing object | door-right-center-b
Fra:1 Mem:19.12M (Peak 19.12M) | Time:00:00.00 | Mem:0.00M, Peak:0.00M | Scene, ViewLayer | Synchronizing object | wheel-front-rear-right
Fra:1 Mem:19.13M (Peak 19.13M) | Time:00:00.00 | Mem:0.00M, Peak:0.00M | Scene, ViewLayer | Synchronizing object | door-right-front-a
Fra:1 Mem:19.12M (Peak 19.13M) | Time:00:00.00 | Mem:0.00M, Peak:0.00M | Scene, ViewLayer | Synchronizing object | wheel-front-rear-left
Fra:1 Mem:19.13M (Peak 19.13M) | Time:00:00.00 | Mem:0.00M, Peak:0.00M | Scene, ViewLayer | Synchronizing object | door-right-front-b
Fra:1 Mem:19.13M (Peak 19.13M) | Time:00:00.00 | Mem:0.00M, Peak:0.00M | Scene, ViewLayer | Synchronizing object | wheel-front-front-right
Fra:1 Mem:19.15M (Peak 19.15M) | Time:00:00.00 | Mem:0.00M, Peak:0.00M | Scene, ViewLayer | Synchronizing object | wheel-front-front-left
Fra:1 Mem:19.18M (Peak 19.18M) | Time:00:00.00 | Mem:0.00M, Peak:0.00M | Scene, ViewLayer | Synchronizing object | door-right-rear-a
Fra:1 Mem:19.17M (Peak 19.18M) | Time:00:00.00 | Mem:0.00M, Peak:0.00M | Scene, ViewLayer | Synchronizing object | lights
Fra:1 Mem:19.17M (Peak 19.18M) | Time:00:00.00 | Mem:0.00M, Peak:0.00M | Scene, ViewLayer | Synchronizing object | door-right-rear-b
Fra:1 Mem:19.18M (Peak 19.18M) | Time:00:00.00 | Mem:0.00M, Peak:0.00M | Scene, ViewLayer | Synchronizing object | glass
Fra:1 Mem:19.21M (Peak 19.21M) | Time:00:00.00 | Mem:0.00M, Peak:0.00M | Scene, ViewLayer | Initializing
Fra:1 Mem:16.60M (Peak 19.21M) | Time:00:00.00 | Mem:0.00M, Peak:0.00M | Scene, ViewLayer | Waiting for render to start
Fra:1 Mem:16.60M (Peak 19.21M) | Time:00:00.00 | Mem:0.00M, Peak:0.00M | Scene, ViewLayer | Loading render kernels (may take a few minutes the first time)
Fra:1 Mem:16.60M (Peak 19.21M) | Time:00:00.00 | Mem:0.00M, Peak:0.00M | Scene, ViewLayer | Updating Scene
Fra:1 Mem:16.60M (Peak 19.21M) | Time:00:00.00 | Mem:0.00M, Peak:0.00M | Scene, ViewLayer | Updating Shaders
Fra:1 Mem:16.69M (Peak 19.21M) | Time:00:00.00 | Mem:0.01M, Peak:0.01M | Scene, ViewLayer | Updating Procedurals
Fra:1 Mem:16.69M (Peak 19.21M) | Time:00:00.00 | Mem:0.01M, Peak:0.01M | Scene, ViewLayer | Updating Background
Fra:1 Mem:16.69M (Peak 19.21M) | Time:00:00.00 | Mem:0.01M, Peak:0.01M | Scene, ViewLayer | Updating Camera
Fra:1 Mem:16.69M (Peak 19.21M) | Time:00:00.00 | Mem:0.01M, Peak:0.01M | Scene, ViewLayer | Updating Meshes Flags
Fra:1 Mem:16.69M (Peak 19.21M) | Time:00:00.00 | Mem:0.01M, Peak:0.01M | Scene, ViewLayer | Updating Objects
Fra:1 Mem:16.69M (Peak 19.21M) | Time:00:00.00 | Mem:0.01M, Peak:0.01M | Scene, ViewLayer | Updating Objects | Copying Transformations to device
Fra:1 Mem:16.70M (Peak 19.21M) | Time:00:00.00 | Mem:0.02M, Peak:0.02M | Scene, ViewLayer | Updating Objects | Applying Static Transformations
Fra:1 Mem:16.70M (Peak 19.21M) | Time:00:00.00 | Mem:0.02M, Peak:0.02M | Scene, ViewLayer | Updating Particle Systems
Fra:1 Mem:16.70M (Peak 19.21M) | Time:00:00.00 | Mem:0.02M, Peak:0.02M | Scene, ViewLayer | Updating Particle Systems | Copying Particles to device
Fra:1 Mem:16.70M (Peak 19.21M) | Time:00:00.00 | Mem:0.02M, Peak:0.02M | Scene, ViewLayer | Updating Meshes
Fra:1 Mem:16.75M (Peak 19.21M) | Time:00:00.00 | Mem:0.02M, Peak:0.02M | Scene, ViewLayer | Updating Mesh | Computing attributes
Fra:1 Mem:16.89M (Peak 19.21M) | Time:00:00.00 | Mem:0.02M, Peak:0.02M | Scene, ViewLayer | Updating Mesh | Copying Attributes to device
Fra:1 Mem:16.89M (Peak 19.21M) | Time:00:00.00 | Mem:0.16M, Peak:0.16M | Scene, ViewLayer | Updating Scene BVH | Building
Fra:1 Mem:16.89M (Peak 19.21M) | Time:00:00.00 | Mem:0.16M, Peak:0.16M | Scene, ViewLayer | Updating Scene BVH | Building BVH
Fra:1 Mem:16.89M (Peak 19.21M) | Time:00:00.00 | Mem:0.26M, Peak:0.26M | Scene, ViewLayer | Updating Scene BVH | Building BVH 0%
Fra:1 Mem:16.89M (Peak 19.21M) | Time:00:00.00 | Mem:0.39M, Peak:0.49M | Scene, ViewLayer | Updating Scene BVH | Copying BVH to device
Fra:1 Mem:16.89M (Peak 19.21M) | Time:00:00.00 | Mem:0.39M, Peak:0.49M | Scene, ViewLayer | Updating Mesh | Computing normals
Fra:1 Mem:17.27M (Peak 19.21M) | Time:00:00.00 | Mem:0.39M, Peak:0.49M | Scene, ViewLayer | Updating Mesh | Copying Mesh to device
Fra:1 Mem:17.27M (Peak 19.21M) | Time:00:00.00 | Mem:0.77M, Peak:0.77M | Scene, ViewLayer | Updating Objects Flags
Fra:1 Mem:17.27M (Peak 19.21M) | Time:00:00.00 | Mem:0.77M, Peak:0.77M | Scene, ViewLayer | Updating Primitive Offsets
Fra:1 Mem:17.27M (Peak 19.21M) | Time:00:00.00 | Mem:0.77M, Peak:0.77M | Scene, ViewLayer | Updating Images
Fra:1 Mem:17.27M (Peak 19.21M) | Time:00:00.00 | Mem:0.77M, Peak:0.77M | Scene, ViewLayer | Updating Camera Volume
Fra:1 Mem:17.27M (Peak 19.21M) | Time:00:00.00 | Mem:0.77M, Peak:0.77M | Scene, ViewLayer | Updating Lookup Tables
Fra:1 Mem:17.27M (Peak 19.21M) | Time:00:00.00 | Mem:0.85M, Peak:0.85M | Scene, ViewLayer | Updating Lights
Fra:1 Mem:17.27M (Peak 19.21M) | Time:00:00.00 | Mem:0.85M, Peak:0.85M | Scene, ViewLayer | Updating Lights | Computing tree
Fra:1 Mem:17.27M (Peak 19.21M) | Time:00:00.00 | Mem:0.86M, Peak:0.86M | Scene, ViewLayer | Updating Integrator
Fra:1 Mem:17.27M (Peak 19.21M) | Time:00:00.00 | Mem:0.86M, Peak:0.86M | Scene, ViewLayer | Updating Film
Fra:1 Mem:17.28M (Peak 19.21M) | Time:00:00.00 | Mem:0.77M, Peak:0.86M | Scene, ViewLayer | Updating Lookup Tables
Fra:1 Mem:17.28M (Peak 19.21M) | Time:00:00.00 | Mem:0.86M, Peak:0.86M | Scene, ViewLayer | Updating Baking
Fra:1 Mem:17.28M (Peak 19.21M) | Time:00:00.00 | Mem:0.86M, Peak:0.86M | Scene, ViewLayer | Updating Device | Writing constant memory
Fra:1 Mem:17.28M (Peak 19.21M) | Time:00:00.00 | Mem:0.86M, Peak:0.86M | Scene, ViewLayer | Sample 0/8
Fra:1 Mem:26.07M (Peak 26.07M) | Time:00:00.70 | Remaining:00:04.85 | Mem:9.65M, Peak:9.65M | Scene, ViewLayer | Sample 1/8
Fra:1 Mem:29.98M (Peak 37.80M) | Time:00:05.51 | Mem:9.65M, Peak:9.65M | Scene, ViewLayer | Sample 8/8
Fra:1 Mem:29.98M (Peak 37.80M) | Time:00:05.51 | Mem:9.65M, Peak:9.65M | Scene, ViewLayer | Finished
Saved: '/workspace/scratch/7c20b5ba4165/atlas-backlog-oct3/tools/assets/boardable-metro/qa/previews/lead-seat-right-04-eye.png'
Time: 00:05.56 (Saving: 00:00.04)

Fra:1 Mem:18.66M (Peak 18.66M) | Time:00:00.00 | Mem:0.00M, Peak:0.00M | Scene, ViewLayer | Synchronizing object | body-shell
Fra:1 Mem:19.05M (Peak 19.05M) | Time:00:00.00 | Mem:0.00M, Peak:0.00M | Scene, ViewLayer | Synchronizing object | QA-ground
Fra:1 Mem:19.11M (Peak 19.11M) | Time:00:00.00 | Mem:0.00M, Peak:0.00M | Scene, ViewLayer | Synchronizing object | interior-batch-metro-seat
Fra:1 Mem:18.92M (Peak 19.11M) | Time:00:00.00 | Mem:0.00M, Peak:0.00M | Scene, ViewLayer | Synchronizing object | interior-batch-metro-priority-seat
Fra:1 Mem:19.08M (Peak 19.11M) | Time:00:00.00 | Mem:0.00M, Peak:0.00M | Scene, ViewLayer | Synchronizing object | interior-batch-metro-screen
Fra:1 Mem:19.09M (Peak 19.11M) | Time:00:00.00 | Mem:0.00M, Peak:0.00M | Scene, ViewLayer | Synchronizing object | interior-batch-metro-rail
Fra:1 Mem:19.15M (Peak 19.15M) | Time:00:00.00 | Mem:0.00M, Peak:0.00M | Scene, ViewLayer | Synchronizing object | interior-batch-metro-floor
Fra:1 Mem:19.00M (Peak 19.15M) | Time:00:00.00 | Mem:0.00M, Peak:0.00M | Scene, ViewLayer | Synchronizing object | interior-batch-metro-wall
Fra:1 Mem:19.00M (Peak 19.15M) | Time:00:00.00 | Mem:0.00M, Peak:0.00M | Scene, ViewLayer | Synchronizing object | bogie-front-frame
Fra:1 Mem:18.99M (Peak 19.15M) | Time:00:00.00 | Mem:0.00M, Peak:0.00M | Scene, ViewLayer | Synchronizing object | bogie-rear-frame
Fra:1 Mem:19.00M (Peak 19.15M) | Time:00:00.00 | Mem:0.00M, Peak:0.00M | Scene, ViewLayer | Synchronizing object | wheel-rear-rear-right
Fra:1 Mem:19.01M (Peak 19.15M) | Time:00:00.00 | Mem:0.00M, Peak:0.00M | Scene, ViewLayer | Synchronizing object | door-left-center-a
Fra:1 Mem:19.02M (Peak 19.15M) | Time:00:00.00 | Mem:0.00M, Peak:0.00M | Scene, ViewLayer | Synchronizing object | wheel-rear-rear-left
Fra:1 Mem:19.01M (Peak 19.15M) | Time:00:00.00 | Mem:0.00M, Peak:0.00M | Scene, ViewLayer | Synchronizing object | door-left-center-b
Fra:1 Mem:19.03M (Peak 19.15M) | Time:00:00.00 | Mem:0.00M, Peak:0.00M | Scene, ViewLayer | Synchronizing object | wheel-rear-front-right
Fra:1 Mem:19.03M (Peak 19.15M) | Time:00:00.00 | Mem:0.00M, Peak:0.00M | Scene, ViewLayer | Synchronizing object | door-left-front-a
Fra:1 Mem:19.05M (Peak 19.15M) | Time:00:00.00 | Mem:0.00M, Peak:0.00M | Scene, ViewLayer | Synchronizing object | wheel-rear-front-left
Fra:1 Mem:19.07M (Peak 19.15M) | Time:00:00.00 | Mem:0.00M, Peak:0.00M | Scene, ViewLayer | Synchronizing object | door-left-front-b
Fra:1 Mem:19.07M (Peak 19.15M) | Time:00:00.00 | Mem:0.00M, Peak:0.00M | Scene, ViewLayer | Synchronizing object | wheel-front-rear-right
Fra:1 Mem:19.09M (Peak 19.15M) | Time:00:00.00 | Mem:0.00M, Peak:0.00M | Scene, ViewLayer | Synchronizing object | door-left-rear-a
Fra:1 Mem:19.09M (Peak 19.15M) | Time:00:00.00 | Mem:0.00M, Peak:0.00M | Scene, ViewLayer | Synchronizing object | wheel-front-rear-left
Fra:1 Mem:19.11M (Peak 19.15M) | Time:00:00.00 | Mem:0.00M, Peak:0.00M | Scene, ViewLayer | Synchronizing object | door-left-rear-b
Fra:1 Mem:19.11M (Peak 19.15M) | Time:00:00.00 | Mem:0.00M, Peak:0.00M | Scene, ViewLayer | Synchronizing object | wheel-front-front-right
Fra:1 Mem:19.13M (Peak 19.15M) | Time:00:00.00 | Mem:0.00M, Peak:0.00M | Scene, ViewLayer | Synchronizing object | door-right-center-a
Fra:1 Mem:19.13M (Peak 19.15M) | Time:00:00.00 | Mem:0.00M, Peak:0.00M | Scene, ViewLayer | Synchronizing object | wheel-front-front-left
Fra:1 Mem:19.15M (Peak 19.15M) | Time:00:00.00 | Mem:0.00M, Peak:0.00M | Scene, ViewLayer | Synchronizing object | door-right-center-b
Fra:1 Mem:19.15M (Peak 19.15M) | Time:00:00.00 | Mem:0.00M, Peak:0.00M | Scene, ViewLayer | Synchronizing object | lights
Fra:1 Mem:19.15M (Peak 19.15M) | Time:00:00.00 | Mem:0.00M, Peak:0.00M | Scene, ViewLayer | Synchronizing object | door-right-front-a
Fra:1 Mem:19.15M (Peak 19.15M) | Time:00:00.00 | Mem:0.00M, Peak:0.00M | Scene, ViewLayer | Synchronizing object | glass
Fra:1 Mem:19.18M (Peak 19.18M) | Time:00:00.00 | Mem:0.00M, Peak:0.00M | Scene, ViewLayer | Synchronizing object | door-right-front-b
Fra:1 Mem:19.22M (Peak 19.22M) | Time:00:00.00 | Mem:0.00M, Peak:0.00M | Scene, ViewLayer | Synchronizing object | door-right-rear-a
Fra:1 Mem:19.19M (Peak 19.22M) | Time:00:00.00 | Mem:0.00M, Peak:0.00M | Scene, ViewLayer | Synchronizing object | door-right-rear-b
Fra:1 Mem:19.21M (Peak 19.22M) | Time:00:00.00 | Mem:0.00M, Peak:0.00M | Scene, ViewLayer | Initializing
Fra:1 Mem:16.60M (Peak 19.22M) | Time:00:00.00 | Mem:0.00M, Peak:0.00M | Scene, ViewLayer | Waiting for render to start
Fra:1 Mem:16.60M (Peak 19.22M) | Time:00:00.00 | Mem:0.00M, Peak:0.00M | Scene, ViewLayer | Loading render kernels (may take a few minutes the first time)
Fra:1 Mem:16.60M (Peak 19.22M) | Time:00:00.00 | Mem:0.00M, Peak:0.00M | Scene, ViewLayer | Updating Scene
Fra:1 Mem:16.60M (Peak 19.22M) | Time:00:00.00 | Mem:0.00M, Peak:0.00M | Scene, ViewLayer | Updating Shaders
Fra:1 Mem:16.69M (Peak 19.22M) | Time:00:00.00 | Mem:0.01M, Peak:0.01M | Scene, ViewLayer | Updating Procedurals
Fra:1 Mem:16.69M (Peak 19.22M) | Time:00:00.00 | Mem:0.01M, Peak:0.01M | Scene, ViewLayer | Updating Background
Fra:1 Mem:16.69M (Peak 19.22M) | Time:00:00.00 | Mem:0.01M, Peak:0.01M | Scene, ViewLayer | Updating Camera
Fra:1 Mem:16.69M (Peak 19.22M) | Time:00:00.00 | Mem:0.01M, Peak:0.01M | Scene, ViewLayer | Updating Meshes Flags
Fra:1 Mem:16.69M (Peak 19.22M) | Time:00:00.00 | Mem:0.01M, Peak:0.01M | Scene, ViewLayer | Updating Objects
Fra:1 Mem:16.69M (Peak 19.22M) | Time:00:00.00 | Mem:0.01M, Peak:0.01M | Scene, ViewLayer | Updating Objects | Copying Transformations to device
Fra:1 Mem:16.70M (Peak 19.22M) | Time:00:00.00 | Mem:0.02M, Peak:0.02M | Scene, ViewLayer | Updating Objects | Applying Static Transformations
Fra:1 Mem:16.70M (Peak 19.22M) | Time:00:00.00 | Mem:0.02M, Peak:0.02M | Scene, ViewLayer | Updating Particle Systems
Fra:1 Mem:16.70M (Peak 19.22M) | Time:00:00.00 | Mem:0.02M, Peak:0.02M | Scene, ViewLayer | Updating Particle Systems | Copying Particles to device
Fra:1 Mem:16.70M (Peak 19.22M) | Time:00:00.00 | Mem:0.02M, Peak:0.02M | Scene, ViewLayer | Updating Meshes
Fra:1 Mem:16.75M (Peak 19.22M) | Time:00:00.00 | Mem:0.02M, Peak:0.02M | Scene, ViewLayer | Updating Mesh | Computing attributes
Fra:1 Mem:16.90M (Peak 19.22M) | Time:00:00.00 | Mem:0.02M, Peak:0.02M | Scene, ViewLayer | Updating Mesh | Copying Attributes to device
Fra:1 Mem:16.89M (Peak 19.22M) | Time:00:00.00 | Mem:0.16M, Peak:0.16M | Scene, ViewLayer | Updating Scene BVH | Building
Fra:1 Mem:16.89M (Peak 19.22M) | Time:00:00.00 | Mem:0.16M, Peak:0.16M | Scene, ViewLayer | Updating Scene BVH | Building BVH
Fra:1 Mem:16.89M (Peak 19.22M) | Time:00:00.00 | Mem:0.26M, Peak:0.26M | Scene, ViewLayer | Updating Scene BVH | Building BVH 0%
Fra:1 Mem:16.89M (Peak 19.22M) | Time:00:00.00 | Mem:0.39M, Peak:0.49M | Scene, ViewLayer | Updating Scene BVH | Copying BVH to device
Fra:1 Mem:16.89M (Peak 19.22M) | Time:00:00.00 | Mem:0.39M, Peak:0.49M | Scene, ViewLayer | Updating Mesh | Computing normals
Fra:1 Mem:17.27M (Peak 19.22M) | Time:00:00.00 | Mem:0.39M, Peak:0.49M | Scene, ViewLayer | Updating Mesh | Copying Mesh to device
Fra:1 Mem:17.27M (Peak 19.22M) | Time:00:00.00 | Mem:0.77M, Peak:0.77M | Scene, ViewLayer | Updating Objects Flags
Fra:1 Mem:17.27M (Peak 19.22M) | Time:00:00.00 | Mem:0.77M, Peak:0.77M | Scene, ViewLayer | Updating Primitive Offsets
Fra:1 Mem:17.27M (Peak 19.22M) | Time:00:00.00 | Mem:0.77M, Peak:0.77M | Scene, ViewLayer | Updating Images
Fra:1 Mem:17.27M (Peak 19.22M) | Time:00:00.00 | Mem:0.77M, Peak:0.77M | Scene, ViewLayer | Updating Camera Volume
Fra:1 Mem:17.27M (Peak 19.22M) | Time:00:00.00 | Mem:0.77M, Peak:0.77M | Scene, ViewLayer | Updating Lookup Tables
Fra:1 Mem:17.27M (Peak 19.22M) | Time:00:00.00 | Mem:0.85M, Peak:0.85M | Scene, ViewLayer | Updating Lights
Fra:1 Mem:17.27M (Peak 19.22M) | Time:00:00.00 | Mem:0.85M, Peak:0.85M | Scene, ViewLayer | Updating Lights | Computing tree
Fra:1 Mem:17.27M (Peak 19.22M) | Time:00:00.00 | Mem:0.86M, Peak:0.86M | Scene, ViewLayer | Updating Integrator
Fra:1 Mem:17.27M (Peak 19.22M) | Time:00:00.00 | Mem:0.86M, Peak:0.86M | Scene, ViewLayer | Updating Film
Fra:1 Mem:17.28M (Peak 19.22M) | Time:00:00.00 | Mem:0.77M, Peak:0.86M | Scene, ViewLayer | Updating Lookup Tables
Fra:1 Mem:17.28M (Peak 19.22M) | Time:00:00.00 | Mem:0.86M, Peak:0.86M | Scene, ViewLayer | Updating Baking
Fra:1 Mem:17.28M (Peak 19.22M) | Time:00:00.00 | Mem:0.86M, Peak:0.86M | Scene, ViewLayer | Updating Device | Writing constant memory
Fra:1 Mem:17.28M (Peak 19.22M) | Time:00:00.00 | Mem:0.86M, Peak:0.86M | Scene, ViewLayer | Sample 0/8
Fra:1 Mem:26.08M (Peak 26.08M) | Time:00:00.68 | Remaining:00:04.76 | Mem:9.65M, Peak:9.65M | Scene, ViewLayer | Sample 1/8
Fra:1 Mem:29.98M (Peak 37.80M) | Time:00:05.30 | Mem:9.65M, Peak:9.65M | Scene, ViewLayer | Sample 8/8
Fra:1 Mem:29.98M (Peak 37.80M) | Time:00:05.30 | Mem:9.65M, Peak:9.65M | Scene, ViewLayer | Finished
Saved: '/workspace/scratch/7c20b5ba4165/atlas-backlog-oct3/tools/assets/boardable-metro/qa/previews/lead-seat-right-05-eye.png'
Time: 00:05.35 (Saving: 00:00.04)

Fra:1 Mem:18.66M (Peak 18.66M) | Time:00:00.00 | Mem:0.00M, Peak:0.00M | Scene, ViewLayer | Synchronizing object | body-shell
Fra:1 Mem:19.16M (Peak 19.16M) | Time:00:00.00 | Mem:0.00M, Peak:0.00M | Scene, ViewLayer | Synchronizing object | QA-ground
Fra:1 Mem:18.84M (Peak 19.16M) | Time:00:00.00 | Mem:0.00M, Peak:0.00M | Scene, ViewLayer | Synchronizing object | interior-batch-metro-seat
Fra:1 Mem:18.92M (Peak 19.16M) | Time:00:00.00 | Mem:0.00M, Peak:0.00M | Scene, ViewLayer | Synchronizing object | bogie-front-frame
Fra:1 Mem:18.87M (Peak 19.16M) | Time:00:00.00 | Mem:0.00M, Peak:0.00M | Scene, ViewLayer | Synchronizing object | bogie-rear-frame
Fra:1 Mem:18.87M (Peak 19.16M) | Time:00:00.00 | Mem:0.00M, Peak:0.00M | Scene, ViewLayer | Synchronizing object | interior-batch-metro-priority-seat
Fra:1 Mem:18.89M (Peak 19.16M) | Time:00:00.00 | Mem:0.00M, Peak:0.00M | Scene, ViewLayer | Synchronizing object | door-left-center-a
Fra:1 Mem:18.90M (Peak 19.16M) | Time:00:00.00 | Mem:0.00M, Peak:0.00M | Scene, ViewLayer | Synchronizing object | interior-batch-metro-screen
Fra:1 Mem:18.89M (Peak 19.16M) | Time:00:00.00 | Mem:0.00M, Peak:0.00M | Scene, ViewLayer | Synchronizing object | door-left-center-b
Fra:1 Mem:18.92M (Peak 19.16M) | Time:00:00.00 | Mem:0.00M, Peak:0.00M | Scene, ViewLayer | Synchronizing object | interior-batch-metro-rail
Fra:1 Mem:18.91M (Peak 19.16M) | Time:00:00.00 | Mem:0.00M, Peak:0.00M | Scene, ViewLayer | Synchronizing object | door-left-front-a
Fra:1 Mem:19.11M (Peak 19.16M) | Time:00:00.00 | Mem:0.00M, Peak:0.00M | Scene, ViewLayer | Synchronizing object | door-left-front-b
Fra:1 Mem:19.01M (Peak 19.16M) | Time:00:00.00 | Mem:0.00M, Peak:0.00M | Scene, ViewLayer | Synchronizing object | door-left-rear-a
Fra:1 Mem:19.12M (Peak 19.16M) | Time:00:00.00 | Mem:0.00M, Peak:0.00M | Scene, ViewLayer | Synchronizing object | door-left-rear-b
Fra:1 Mem:19.13M (Peak 19.16M) | Time:00:00.00 | Mem:0.00M, Peak:0.00M | Scene, ViewLayer | Synchronizing object | door-right-center-a
Fra:1 Mem:19.05M (Peak 19.16M) | Time:00:00.00 | Mem:0.00M, Peak:0.00M | Scene, ViewLayer | Synchronizing object | door-right-center-b
Fra:1 Mem:19.03M (Peak 19.16M) | Time:00:00.00 | Mem:0.00M, Peak:0.00M | Scene, ViewLayer | Synchronizing object | interior-batch-metro-floor
Fra:1 Mem:19.05M (Peak 19.16M) | Time:00:00.00 | Mem:0.00M, Peak:0.00M | Scene, ViewLayer | Synchronizing object | interior-batch-metro-wall
Fra:1 Mem:19.12M (Peak 19.16M) | Time:00:00.00 | Mem:0.00M, Peak:0.00M | Scene, ViewLayer | Synchronizing object | door-right-front-a
Fra:1 Mem:19.10M (Peak 19.16M) | Time:00:00.00 | Mem:0.00M, Peak:0.00M | Scene, ViewLayer | Synchronizing object | door-right-front-b
Fra:1 Mem:19.09M (Peak 19.16M) | Time:00:00.00 | Mem:0.00M, Peak:0.00M | Scene, ViewLayer | Synchronizing object | wheel-rear-rear-right
Fra:1 Mem:19.11M (Peak 19.16M) | Time:00:00.00 | Mem:0.00M, Peak:0.00M | Scene, ViewLayer | Synchronizing object | door-right-rear-a
Fra:1 Mem:19.12M (Peak 19.16M) | Time:00:00.00 | Mem:0.00M, Peak:0.00M | Scene, ViewLayer | Synchronizing object | wheel-rear-rear-left
Fra:1 Mem:19.11M (Peak 19.16M) | Time:00:00.00 | Mem:0.00M, Peak:0.00M | Scene, ViewLayer | Synchronizing object | door-right-rear-b
Fra:1 Mem:19.15M (Peak 19.16M) | Time:00:00.00 | Mem:0.00M, Peak:0.00M | Scene, ViewLayer | Synchronizing object | glass
Fra:1 Mem:19.19M (Peak 19.19M) | Time:00:00.00 | Mem:0.00M, Peak:0.00M | Scene, ViewLayer | Synchronizing object | wheel-rear-front-right
Fra:1 Mem:19.18M (Peak 19.19M) | Time:00:00.00 | Mem:0.00M, Peak:0.00M | Scene, ViewLayer | Synchronizing object | lights
Fra:1 Mem:19.18M (Peak 19.19M) | Time:00:00.00 | Mem:0.00M, Peak:0.00M | Scene, ViewLayer | Synchronizing object | wheel-front-front-left
Fra:1 Mem:19.19M (Peak 19.19M) | Time:00:00.00 | Mem:0.00M, Peak:0.00M | Scene, ViewLayer | Synchronizing object | wheel-rear-front-left
Fra:1 Mem:19.20M (Peak 19.20M) | Time:00:00.00 | Mem:0.00M, Peak:0.00M | Scene, ViewLayer | Synchronizing object | wheel-front-front-right
Fra:1 Mem:19.19M (Peak 19.20M) | Time:00:00.00 | Mem:0.00M, Peak:0.00M | Scene, ViewLayer | Synchronizing object | wheel-front-rear-right
Fra:1 Mem:19.20M (Peak 19.20M) | Time:00:00.00 | Mem:0.00M, Peak:0.00M | Scene, ViewLayer | Synchronizing object | wheel-front-rear-left
Fra:1 Mem:19.21M (Peak 19.21M) | Time:00:00.00 | Mem:0.00M, Peak:0.00M | Scene, ViewLayer | Initializing
Fra:1 Mem:16.60M (Peak 19.21M) | Time:00:00.00 | Mem:0.00M, Peak:0.00M | Scene, ViewLayer | Waiting for render to start
Fra:1 Mem:16.60M (Peak 19.21M) | Time:00:00.00 | Mem:0.00M, Peak:0.00M | Scene, ViewLayer | Loading render kernels (may take a few minutes the first time)
Fra:1 Mem:16.60M (Peak 19.21M) | Time:00:00.00 | Mem:0.00M, Peak:0.00M | Scene, ViewLayer | Updating Scene
Fra:1 Mem:16.60M (Peak 19.21M) | Time:00:00.00 | Mem:0.00M, Peak:0.00M | Scene, ViewLayer | Updating Shaders
Fra:1 Mem:16.69M (Peak 19.21M) | Time:00:00.00 | Mem:0.01M, Peak:0.01M | Scene, ViewLayer | Updating Procedurals
Fra:1 Mem:16.69M (Peak 19.21M) | Time:00:00.00 | Mem:0.01M, Peak:0.01M | Scene, ViewLayer | Updating Background
Fra:1 Mem:16.69M (Peak 19.21M) | Time:00:00.00 | Mem:0.01M, Peak:0.01M | Scene, ViewLayer | Updating Camera
Fra:1 Mem:16.69M (Peak 19.21M) | Time:00:00.00 | Mem:0.01M, Peak:0.01M | Scene, ViewLayer | Updating Meshes Flags
Fra:1 Mem:16.69M (Peak 19.21M) | Time:00:00.00 | Mem:0.01M, Peak:0.01M | Scene, ViewLayer | Updating Objects
Fra:1 Mem:16.69M (Peak 19.21M) | Time:00:00.00 | Mem:0.01M, Peak:0.01M | Scene, ViewLayer | Updating Objects | Copying Transformations to device
Fra:1 Mem:16.70M (Peak 19.21M) | Time:00:00.00 | Mem:0.02M, Peak:0.02M | Scene, ViewLayer | Updating Objects | Applying Static Transformations
Fra:1 Mem:16.70M (Peak 19.21M) | Time:00:00.00 | Mem:0.02M, Peak:0.02M | Scene, ViewLayer | Updating Particle Systems
Fra:1 Mem:16.70M (Peak 19.21M) | Time:00:00.00 | Mem:0.02M, Peak:0.02M | Scene, ViewLayer | Updating Particle Systems | Copying Particles to device
Fra:1 Mem:16.70M (Peak 19.21M) | Time:00:00.00 | Mem:0.02M, Peak:0.02M | Scene, ViewLayer | Updating Meshes
Fra:1 Mem:16.75M (Peak 19.21M) | Time:00:00.00 | Mem:0.02M, Peak:0.02M | Scene, ViewLayer | Updating Mesh | Computing attributes
Fra:1 Mem:16.90M (Peak 19.21M) | Time:00:00.00 | Mem:0.02M, Peak:0.02M | Scene, ViewLayer | Updating Mesh | Copying Attributes to device
Fra:1 Mem:16.89M (Peak 19.21M) | Time:00:00.00 | Mem:0.16M, Peak:0.16M | Scene, ViewLayer | Updating Scene BVH | Building
Fra:1 Mem:16.89M (Peak 19.21M) | Time:00:00.00 | Mem:0.16M, Peak:0.16M | Scene, ViewLayer | Updating Scene BVH | Building BVH
Fra:1 Mem:16.89M (Peak 19.21M) | Time:00:00.00 | Mem:0.26M, Peak:0.26M | Scene, ViewLayer | Updating Scene BVH | Building BVH 0%
Fra:1 Mem:16.89M (Peak 19.21M) | Time:00:00.00 | Mem:0.39M, Peak:0.49M | Scene, ViewLayer | Updating Scene BVH | Copying BVH to device
Fra:1 Mem:16.89M (Peak 19.21M) | Time:00:00.00 | Mem:0.39M, Peak:0.49M | Scene, ViewLayer | Updating Mesh | Computing normals
Fra:1 Mem:17.27M (Peak 19.21M) | Time:00:00.01 | Mem:0.39M, Peak:0.49M | Scene, ViewLayer | Updating Mesh | Copying Mesh to device
Fra:1 Mem:17.27M (Peak 19.21M) | Time:00:00.01 | Mem:0.77M, Peak:0.77M | Scene, ViewLayer | Updating Objects Flags
Fra:1 Mem:17.27M (Peak 19.21M) | Time:00:00.01 | Mem:0.77M, Peak:0.77M | Scene, ViewLayer | Updating Primitive Offsets
Fra:1 Mem:17.27M (Peak 19.21M) | Time:00:00.01 | Mem:0.77M, Peak:0.77M | Scene, ViewLayer | Updating Images
Fra:1 Mem:17.27M (Peak 19.21M) | Time:00:00.01 | Mem:0.77M, Peak:0.77M | Scene, ViewLayer | Updating Camera Volume
Fra:1 Mem:17.27M (Peak 19.21M) | Time:00:00.01 | Mem:0.77M, Peak:0.77M | Scene, ViewLayer | Updating Lookup Tables
Fra:1 Mem:17.27M (Peak 19.21M) | Time:00:00.01 | Mem:0.85M, Peak:0.85M | Scene, ViewLayer | Updating Lights
Fra:1 Mem:17.27M (Peak 19.21M) | Time:00:00.01 | Mem:0.85M, Peak:0.85M | Scene, ViewLayer | Updating Lights | Computing tree
Fra:1 Mem:17.27M (Peak 19.21M) | Time:00:00.01 | Mem:0.86M, Peak:0.86M | Scene, ViewLayer | Updating Integrator
Fra:1 Mem:17.27M (Peak 19.21M) | Time:00:00.01 | Mem:0.86M, Peak:0.86M | Scene, ViewLayer | Updating Film
Fra:1 Mem:17.28M (Peak 19.21M) | Time:00:00.01 | Mem:0.77M, Peak:0.86M | Scene, ViewLayer | Updating Lookup Tables
Fra:1 Mem:17.28M (Peak 19.21M) | Time:00:00.01 | Mem:0.86M, Peak:0.86M | Scene, ViewLayer | Updating Baking
Fra:1 Mem:17.28M (Peak 19.21M) | Time:00:00.01 | Mem:0.86M, Peak:0.86M | Scene, ViewLayer | Updating Device | Writing constant memory
Fra:1 Mem:17.28M (Peak 19.21M) | Time:00:00.01 | Mem:0.86M, Peak:0.86M | Scene, ViewLayer | Sample 0/8
Fra:1 Mem:26.08M (Peak 26.08M) | Time:00:00.63 | Remaining:00:04.34 | Mem:9.65M, Peak:9.65M | Scene, ViewLayer | Sample 1/8
Fra:1 Mem:29.98M (Peak 37.80M) | Time:00:04.61 | Mem:9.65M, Peak:9.65M | Scene, ViewLayer | Sample 8/8
Fra:1 Mem:29.98M (Peak 37.80M) | Time:00:04.61 | Mem:9.65M, Peak:9.65M | Scene, ViewLayer | Finished
Saved: '/workspace/scratch/7c20b5ba4165/atlas-backlog-oct3/tools/assets/boardable-metro/qa/previews/lead-seat-right-06-eye.png'
Time: 00:04.65 (Saving: 00:00.03)

Fra:1 Mem:18.66M (Peak 18.66M) | Time:00:00.00 | Mem:0.00M, Peak:0.00M | Scene, ViewLayer | Synchronizing object | body-shell
Fra:1 Mem:19.07M (Peak 19.07M) | Time:00:00.00 | Mem:0.00M, Peak:0.00M | Scene, ViewLayer | Synchronizing object | QA-ground
Fra:1 Mem:19.12M (Peak 19.12M) | Time:00:00.00 | Mem:0.00M, Peak:0.00M | Scene, ViewLayer | Synchronizing object | interior-batch-metro-seat
Fra:1 Mem:19.08M (Peak 19.12M) | Time:00:00.00 | Mem:0.00M, Peak:0.00M | Scene, ViewLayer | Synchronizing object | interior-batch-metro-priority-seat
Fra:1 Mem:19.08M (Peak 19.12M) | Time:00:00.00 | Mem:0.00M, Peak:0.00M | Scene, ViewLayer | Synchronizing object | interior-batch-metro-screen
Fra:1 Mem:19.02M (Peak 19.12M) | Time:00:00.00 | Mem:0.00M, Peak:0.00M | Scene, ViewLayer | Synchronizing object | interior-batch-metro-rail
Fra:1 Mem:18.95M (Peak 19.12M) | Time:00:00.00 | Mem:0.00M, Peak:0.00M | Scene, ViewLayer | Synchronizing object | bogie-front-frame
Fra:1 Mem:18.98M (Peak 19.12M) | Time:00:00.00 | Mem:0.00M, Peak:0.00M | Scene, ViewLayer | Synchronizing object | bogie-rear-frame
Fra:1 Mem:19.07M (Peak 19.12M) | Time:00:00.00 | Mem:0.00M, Peak:0.00M | Scene, ViewLayer | Synchronizing object | door-left-center-a
Fra:1 Mem:19.04M (Peak 19.12M) | Time:00:00.00 | Mem:0.00M, Peak:0.00M | Scene, ViewLayer | Synchronizing object | door-left-center-b
Fra:1 Mem:18.98M (Peak 19.12M) | Time:00:00.00 | Mem:0.00M, Peak:0.00M | Scene, ViewLayer | Synchronizing object | interior-batch-metro-floor
Fra:1 Mem:18.98M (Peak 19.12M) | Time:00:00.00 | Mem:0.00M, Peak:0.00M | Scene, ViewLayer | Synchronizing object | door-left-front-a
Fra:1 Mem:18.98M (Peak 19.12M) | Time:00:00.00 | Mem:0.00M, Peak:0.00M | Scene, ViewLayer | Synchronizing object | interior-batch-metro-wall
Fra:1 Mem:19.01M (Peak 19.12M) | Time:00:00.00 | Mem:0.00M, Peak:0.00M | Scene, ViewLayer | Synchronizing object | door-left-front-b
Fra:1 Mem:19.08M (Peak 19.12M) | Time:00:00.00 | Mem:0.00M, Peak:0.00M | Scene, ViewLayer | Synchronizing object | door-left-rear-a
Fra:1 Mem:19.05M (Peak 19.12M) | Time:00:00.00 | Mem:0.00M, Peak:0.00M | Scene, ViewLayer | Synchronizing object | wheel-rear-rear-right
Fra:1 Mem:19.07M (Peak 19.12M) | Time:00:00.00 | Mem:0.00M, Peak:0.00M | Scene, ViewLayer | Synchronizing object | door-left-rear-b
Fra:1 Mem:19.08M (Peak 19.12M) | Time:00:00.00 | Mem:0.00M, Peak:0.00M | Scene, ViewLayer | Synchronizing object | wheel-rear-rear-left
Fra:1 Mem:19.09M (Peak 19.12M) | Time:00:00.00 | Mem:0.00M, Peak:0.00M | Scene, ViewLayer | Synchronizing object | door-right-center-a
Fra:1 Mem:19.08M (Peak 19.12M) | Time:00:00.00 | Mem:0.00M, Peak:0.00M | Scene, ViewLayer | Synchronizing object | wheel-rear-front-right
Fra:1 Mem:19.11M (Peak 19.12M) | Time:00:00.00 | Mem:0.00M, Peak:0.00M | Scene, ViewLayer | Synchronizing object | door-right-center-b
Fra:1 Mem:19.10M (Peak 19.12M) | Time:00:00.00 | Mem:0.00M, Peak:0.00M | Scene, ViewLayer | Synchronizing object | wheel-rear-front-left
Fra:1 Mem:19.11M (Peak 19.12M) | Time:00:00.00 | Mem:0.00M, Peak:0.00M | Scene, ViewLayer | Synchronizing object | door-right-front-a
Fra:1 Mem:19.14M (Peak 19.14M) | Time:00:00.00 | Mem:0.00M, Peak:0.00M | Scene, ViewLayer | Synchronizing object | wheel-front-rear-right
Fra:1 Mem:19.13M (Peak 19.14M) | Time:00:00.00 | Mem:0.00M, Peak:0.00M | Scene, ViewLayer | Synchronizing object | door-right-front-b
Fra:1 Mem:19.16M (Peak 19.16M) | Time:00:00.00 | Mem:0.00M, Peak:0.00M | Scene, ViewLayer | Synchronizing object | wheel-front-rear-left
Fra:1 Mem:19.16M (Peak 19.16M) | Time:00:00.00 | Mem:0.00M, Peak:0.00M | Scene, ViewLayer | Synchronizing object | door-right-rear-a
Fra:1 Mem:19.17M (Peak 19.17M) | Time:00:00.00 | Mem:0.00M, Peak:0.00M | Scene, ViewLayer | Synchronizing object | wheel-front-front-right
Fra:1 Mem:19.18M (Peak 19.18M) | Time:00:00.00 | Mem:0.00M, Peak:0.00M | Scene, ViewLayer | Synchronizing object | door-right-rear-b
Fra:1 Mem:19.17M (Peak 19.18M) | Time:00:00.00 | Mem:0.00M, Peak:0.00M | Scene, ViewLayer | Synchronizing object | wheel-front-front-left
Fra:1 Mem:19.20M (Peak 19.20M) | Time:00:00.00 | Mem:0.00M, Peak:0.00M | Scene, ViewLayer | Synchronizing object | lights
Fra:1 Mem:19.20M (Peak 19.20M) | Time:00:00.00 | Mem:0.00M, Peak:0.00M | Scene, ViewLayer | Synchronizing object | glass
Fra:1 Mem:19.21M (Peak 19.21M) | Time:00:00.00 | Mem:0.00M, Peak:0.00M | Scene, ViewLayer | Initializing
Fra:1 Mem:16.60M (Peak 19.21M) | Time:00:00.00 | Mem:0.00M, Peak:0.00M | Scene, ViewLayer | Waiting for render to start
Fra:1 Mem:16.60M (Peak 19.21M) | Time:00:00.00 | Mem:0.00M, Peak:0.00M | Scene, ViewLayer | Loading render kernels (may take a few minutes the first time)
Fra:1 Mem:16.60M (Peak 19.21M) | Time:00:00.00 | Mem:0.00M, Peak:0.00M | Scene, ViewLayer | Updating Scene
Fra:1 Mem:16.60M (Peak 19.21M) | Time:00:00.00 | Mem:0.00M, Peak:0.00M | Scene, ViewLayer | Updating Shaders
Fra:1 Mem:16.69M (Peak 19.21M) | Time:00:00.00 | Mem:0.01M, Peak:0.01M | Scene, ViewLayer | Updating Procedurals
Fra:1 Mem:16.69M (Peak 19.21M) | Time:00:00.00 | Mem:0.01M, Peak:0.01M | Scene, ViewLayer | Updating Background
Fra:1 Mem:16.69M (Peak 19.21M) | Time:00:00.00 | Mem:0.01M, Peak:0.01M | Scene, ViewLayer | Updating Camera
Fra:1 Mem:16.69M (Peak 19.21M) | Time:00:00.00 | Mem:0.01M, Peak:0.01M | Scene, ViewLayer | Updating Meshes Flags
Fra:1 Mem:16.69M (Peak 19.21M) | Time:00:00.00 | Mem:0.01M, Peak:0.01M | Scene, ViewLayer | Updating Objects
Fra:1 Mem:16.69M (Peak 19.21M) | Time:00:00.00 | Mem:0.01M, Peak:0.01M | Scene, ViewLayer | Updating Objects | Copying Transformations to device
Fra:1 Mem:16.70M (Peak 19.21M) | Time:00:00.00 | Mem:0.02M, Peak:0.02M | Scene, ViewLayer | Updating Objects | Applying Static Transformations
Fra:1 Mem:16.70M (Peak 19.21M) | Time:00:00.00 | Mem:0.02M, Peak:0.02M | Scene, ViewLayer | Updating Particle Systems
Fra:1 Mem:16.70M (Peak 19.21M) | Time:00:00.00 | Mem:0.02M, Peak:0.02M | Scene, ViewLayer | Updating Particle Systems | Copying Particles to device
Fra:1 Mem:16.70M (Peak 19.21M) | Time:00:00.00 | Mem:0.02M, Peak:0.02M | Scene, ViewLayer | Updating Meshes
Fra:1 Mem:16.75M (Peak 19.21M) | Time:00:00.00 | Mem:0.02M, Peak:0.02M | Scene, ViewLayer | Updating Mesh | Computing attributes
Fra:1 Mem:16.90M (Peak 19.21M) | Time:00:00.00 | Mem:0.02M, Peak:0.02M | Scene, ViewLayer | Updating Mesh | Copying Attributes to device
Fra:1 Mem:16.89M (Peak 19.21M) | Time:00:00.00 | Mem:0.16M, Peak:0.16M | Scene, ViewLayer | Updating Scene BVH | Building
Fra:1 Mem:16.89M (Peak 19.21M) | Time:00:00.00 | Mem:0.16M, Peak:0.16M | Scene, ViewLayer | Updating Scene BVH | Building BVH
Fra:1 Mem:16.89M (Peak 19.21M) | Time:00:00.00 | Mem:0.26M, Peak:0.26M | Scene, ViewLayer | Updating Scene BVH | Building BVH 0%
Fra:1 Mem:16.89M (Peak 19.21M) | Time:00:00.00 | Mem:0.39M, Peak:0.49M | Scene, ViewLayer | Updating Scene BVH | Copying BVH to device
Fra:1 Mem:16.89M (Peak 19.21M) | Time:00:00.00 | Mem:0.39M, Peak:0.49M | Scene, ViewLayer | Updating Mesh | Computing normals
Fra:1 Mem:17.27M (Peak 19.21M) | Time:00:00.00 | Mem:0.39M, Peak:0.49M | Scene, ViewLayer | Updating Mesh | Copying Mesh to device
Fra:1 Mem:17.27M (Peak 19.21M) | Time:00:00.00 | Mem:0.77M, Peak:0.77M | Scene, ViewLayer | Updating Objects Flags
Fra:1 Mem:17.27M (Peak 19.21M) | Time:00:00.00 | Mem:0.77M, Peak:0.77M | Scene, ViewLayer | Updating Primitive Offsets
Fra:1 Mem:17.27M (Peak 19.21M) | Time:00:00.00 | Mem:0.77M, Peak:0.77M | Scene, ViewLayer | Updating Images
Fra:1 Mem:17.27M (Peak 19.21M) | Time:00:00.00 | Mem:0.77M, Peak:0.77M | Scene, ViewLayer | Updating Camera Volume
Fra:1 Mem:17.27M (Peak 19.21M) | Time:00:00.00 | Mem:0.77M, Peak:0.77M | Scene, ViewLayer | Updating Lookup Tables
Fra:1 Mem:17.27M (Peak 19.21M) | Time:00:00.00 | Mem:0.85M, Peak:0.85M | Scene, ViewLayer | Updating Lights
Fra:1 Mem:17.27M (Peak 19.21M) | Time:00:00.00 | Mem:0.85M, Peak:0.85M | Scene, ViewLayer | Updating Lights | Computing tree
Fra:1 Mem:17.28M (Peak 19.21M) | Time:00:00.00 | Mem:0.86M, Peak:0.86M | Scene, ViewLayer | Updating Integrator
Fra:1 Mem:17.28M (Peak 19.21M) | Time:00:00.00 | Mem:0.86M, Peak:0.86M | Scene, ViewLayer | Updating Film
Fra:1 Mem:17.28M (Peak 19.21M) | Time:00:00.00 | Mem:0.77M, Peak:0.86M | Scene, ViewLayer | Updating Lookup Tables
Fra:1 Mem:17.28M (Peak 19.21M) | Time:00:00.00 | Mem:0.86M, Peak:0.86M | Scene, ViewLayer | Updating Baking
Fra:1 Mem:17.28M (Peak 19.21M) | Time:00:00.00 | Mem:0.86M, Peak:0.86M | Scene, ViewLayer | Updating Device | Writing constant memory
Fra:1 Mem:17.28M (Peak 19.21M) | Time:00:00.00 | Mem:0.86M, Peak:0.86M | Scene, ViewLayer | Sample 0/8
Fra:1 Mem:26.08M (Peak 26.08M) | Time:00:00.64 | Remaining:00:04.44 | Mem:9.65M, Peak:9.65M | Scene, ViewLayer | Sample 1/8
Fra:1 Mem:29.98M (Peak 37.80M) | Time:00:04.92 | Mem:9.65M, Peak:9.65M | Scene, ViewLayer | Sample 8/8
Fra:1 Mem:29.98M (Peak 37.80M) | Time:00:04.92 | Mem:9.65M, Peak:9.65M | Scene, ViewLayer | Finished
Saved: '/workspace/scratch/7c20b5ba4165/atlas-backlog-oct3/tools/assets/boardable-metro/qa/previews/lead-seat-left-01-eye.png'
Time: 00:04.97 (Saving: 00:00.04)

Fra:1 Mem:18.66M (Peak 18.66M) | Time:00:00.00 | Mem:0.00M, Peak:0.00M | Scene, ViewLayer | Synchronizing object | body-shell
Fra:1 Mem:19.12M (Peak 19.12M) | Time:00:00.00 | Mem:0.00M, Peak:0.00M | Scene, ViewLayer | Synchronizing object | QA-ground
Fra:1 Mem:19.12M (Peak 19.12M) | Time:00:00.00 | Mem:0.00M, Peak:0.00M | Scene, ViewLayer | Synchronizing object | interior-batch-metro-seat
Fra:1 Mem:19.08M (Peak 19.12M) | Time:00:00.00 | Mem:0.00M, Peak:0.00M | Scene, ViewLayer | Synchronizing object | interior-batch-metro-priority-seat
Fra:1 Mem:19.08M (Peak 19.12M) | Time:00:00.00 | Mem:0.00M, Peak:0.00M | Scene, ViewLayer | Synchronizing object | interior-batch-metro-screen
Fra:1 Mem:19.09M (Peak 19.12M) | Time:00:00.00 | Mem:0.00M, Peak:0.00M | Scene, ViewLayer | Synchronizing object | interior-batch-metro-rail
Fra:1 Mem:18.98M (Peak 19.12M) | Time:00:00.00 | Mem:0.00M, Peak:0.00M | Scene, ViewLayer | Synchronizing object | bogie-front-frame
Fra:1 Mem:19.07M (Peak 19.12M) | Time:00:00.00 | Mem:0.00M, Peak:0.00M | Scene, ViewLayer | Synchronizing object | bogie-rear-frame
Fra:1 Mem:19.07M (Peak 19.12M) | Time:00:00.00 | Mem:0.00M, Peak:0.00M | Scene, ViewLayer | Synchronizing object | door-left-center-a
Fra:1 Mem:18.97M (Peak 19.12M) | Time:00:00.00 | Mem:0.00M, Peak:0.00M | Scene, ViewLayer | Synchronizing object | door-left-center-b
Fra:1 Mem:18.99M (Peak 19.12M) | Time:00:00.00 | Mem:0.00M, Peak:0.00M | Scene, ViewLayer | Synchronizing object | interior-batch-metro-floor
Fra:1 Mem:18.99M (Peak 19.12M) | Time:00:00.00 | Mem:0.00M, Peak:0.00M | Scene, ViewLayer | Synchronizing object | interior-batch-metro-wall
Fra:1 Mem:18.98M (Peak 19.12M) | Time:00:00.00 | Mem:0.00M, Peak:0.00M | Scene, ViewLayer | Synchronizing object | door-left-front-a
Fra:1 Mem:19.03M (Peak 19.12M) | Time:00:00.00 | Mem:0.00M, Peak:0.00M | Scene, ViewLayer | Synchronizing object | door-left-front-b
Fra:1 Mem:19.07M (Peak 19.12M) | Time:00:00.00 | Mem:0.00M, Peak:0.00M | Scene, ViewLayer | Synchronizing object | door-left-rear-a
Fra:1 Mem:19.06M (Peak 19.12M) | Time:00:00.00 | Mem:0.00M, Peak:0.00M | Scene, ViewLayer | Synchronizing object | wheel-rear-rear-right
Fra:1 Mem:19.06M (Peak 19.12M) | Time:00:00.00 | Mem:0.00M, Peak:0.00M | Scene, ViewLayer | Synchronizing object | door-left-rear-b
Fra:1 Mem:19.08M (Peak 19.12M) | Time:00:00.00 | Mem:0.00M, Peak:0.00M | Scene, ViewLayer | Synchronizing object | wheel-rear-rear-left
Fra:1 Mem:19.08M (Peak 19.12M) | Time:00:00.00 | Mem:0.00M, Peak:0.00M | Scene, ViewLayer | Synchronizing object | door-right-center-a
Fra:1 Mem:19.10M (Peak 19.12M) | Time:00:00.00 | Mem:0.00M, Peak:0.00M | Scene, ViewLayer | Synchronizing object | wheel-rear-front-right
Fra:1 Mem:19.10M (Peak 19.12M) | Time:00:00.00 | Mem:0.00M, Peak:0.00M | Scene, ViewLayer | Synchronizing object | door-right-center-b
Fra:1 Mem:19.12M (Peak 19.12M) | Time:00:00.00 | Mem:0.00M, Peak:0.00M | Scene, ViewLayer | Synchronizing object | wheel-rear-front-left
Fra:1 Mem:19.12M (Peak 19.12M) | Time:00:00.00 | Mem:0.00M, Peak:0.00M | Scene, ViewLayer | Synchronizing object | door-right-front-a
Fra:1 Mem:19.14M (Peak 19.14M) | Time:00:00.00 | Mem:0.00M, Peak:0.00M | Scene, ViewLayer | Synchronizing object | wheel-front-rear-right
Fra:1 Mem:19.13M (Peak 19.14M) | Time:00:00.00 | Mem:0.00M, Peak:0.00M | Scene, ViewLayer | Synchronizing object | door-right-front-b
Fra:1 Mem:19.14M (Peak 19.14M) | Time:00:00.00 | Mem:0.00M, Peak:0.00M | Scene, ViewLayer | Synchronizing object | wheel-front-rear-left
Fra:1 Mem:19.17M (Peak 19.17M) | Time:00:00.00 | Mem:0.00M, Peak:0.00M | Scene, ViewLayer | Synchronizing object | door-right-rear-a
Fra:1 Mem:19.16M (Peak 19.17M) | Time:00:00.00 | Mem:0.00M, Peak:0.00M | Scene, ViewLayer | Synchronizing object | wheel-front-front-right
Fra:1 Mem:19.18M (Peak 19.18M) | Time:00:00.00 | Mem:0.00M, Peak:0.00M | Scene, ViewLayer | Synchronizing object | door-right-rear-b
Fra:1 Mem:19.18M (Peak 19.18M) | Time:00:00.00 | Mem:0.00M, Peak:0.00M | Scene, ViewLayer | Synchronizing object | wheel-front-front-left
Fra:1 Mem:19.21M (Peak 19.21M) | Time:00:00.00 | Mem:0.00M, Peak:0.00M | Scene, ViewLayer | Synchronizing object | glass
Fra:1 Mem:19.26M (Peak 19.26M) | Time:00:00.00 | Mem:0.00M, Peak:0.00M | Scene, ViewLayer | Synchronizing object | lights
Fra:1 Mem:19.21M (Peak 19.26M) | Time:00:00.00 | Mem:0.00M, Peak:0.00M | Scene, ViewLayer | Initializing
Fra:1 Mem:16.60M (Peak 19.26M) | Time:00:00.00 | Mem:0.00M, Peak:0.00M | Scene, ViewLayer | Waiting for render to start
Fra:1 Mem:16.60M (Peak 19.26M) | Time:00:00.00 | Mem:0.00M, Peak:0.00M | Scene, ViewLayer | Loading render kernels (may take a few minutes the first time)
Fra:1 Mem:16.60M (Peak 19.26M) | Time:00:00.00 | Mem:0.00M, Peak:0.00M | Scene, ViewLayer | Updating Scene
Fra:1 Mem:16.60M (Peak 19.26M) | Time:00:00.00 | Mem:0.00M, Peak:0.00M | Scene, ViewLayer | Updating Shaders
Fra:1 Mem:16.69M (Peak 19.26M) | Time:00:00.00 | Mem:0.01M, Peak:0.01M | Scene, ViewLayer | Updating Procedurals
Fra:1 Mem:16.69M (Peak 19.26M) | Time:00:00.00 | Mem:0.01M, Peak:0.01M | Scene, ViewLayer | Updating Background
Fra:1 Mem:16.69M (Peak 19.26M) | Time:00:00.00 | Mem:0.01M, Peak:0.01M | Scene, ViewLayer | Updating Camera
Fra:1 Mem:16.69M (Peak 19.26M) | Time:00:00.00 | Mem:0.01M, Peak:0.01M | Scene, ViewLayer | Updating Meshes Flags
Fra:1 Mem:16.69M (Peak 19.26M) | Time:00:00.00 | Mem:0.01M, Peak:0.01M | Scene, ViewLayer | Updating Objects
Fra:1 Mem:16.69M (Peak 19.26M) | Time:00:00.00 | Mem:0.01M, Peak:0.01M | Scene, ViewLayer | Updating Objects | Copying Transformations to device
Fra:1 Mem:16.70M (Peak 19.26M) | Time:00:00.00 | Mem:0.02M, Peak:0.02M | Scene, ViewLayer | Updating Objects | Applying Static Transformations
Fra:1 Mem:16.70M (Peak 19.26M) | Time:00:00.00 | Mem:0.02M, Peak:0.02M | Scene, ViewLayer | Updating Particle Systems
Fra:1 Mem:16.70M (Peak 19.26M) | Time:00:00.00 | Mem:0.02M, Peak:0.02M | Scene, ViewLayer | Updating Particle Systems | Copying Particles to device
Fra:1 Mem:16.70M (Peak 19.26M) | Time:00:00.00 | Mem:0.02M, Peak:0.02M | Scene, ViewLayer | Updating Meshes
Fra:1 Mem:16.75M (Peak 19.26M) | Time:00:00.00 | Mem:0.02M, Peak:0.02M | Scene, ViewLayer | Updating Mesh | Computing attributes
Fra:1 Mem:16.90M (Peak 19.26M) | Time:00:00.00 | Mem:0.02M, Peak:0.02M | Scene, ViewLayer | Updating Mesh | Copying Attributes to device
Fra:1 Mem:16.89M (Peak 19.26M) | Time:00:00.00 | Mem:0.16M, Peak:0.16M | Scene, ViewLayer | Updating Scene BVH | Building
Fra:1 Mem:16.89M (Peak 19.26M) | Time:00:00.00 | Mem:0.16M, Peak:0.16M | Scene, ViewLayer | Updating Scene BVH | Building BVH
Fra:1 Mem:16.89M (Peak 19.26M) | Time:00:00.00 | Mem:0.26M, Peak:0.26M | Scene, ViewLayer | Updating Scene BVH | Building BVH 0%
Fra:1 Mem:16.89M (Peak 19.26M) | Time:00:00.00 | Mem:0.39M, Peak:0.49M | Scene, ViewLayer | Updating Scene BVH | Copying BVH to device
Fra:1 Mem:16.89M (Peak 19.26M) | Time:00:00.00 | Mem:0.39M, Peak:0.49M | Scene, ViewLayer | Updating Mesh | Computing normals
Fra:1 Mem:17.27M (Peak 19.26M) | Time:00:00.00 | Mem:0.39M, Peak:0.49M | Scene, ViewLayer | Updating Mesh | Copying Mesh to device
Fra:1 Mem:17.27M (Peak 19.26M) | Time:00:00.00 | Mem:0.77M, Peak:0.77M | Scene, ViewLayer | Updating Objects Flags
Fra:1 Mem:17.27M (Peak 19.26M) | Time:00:00.00 | Mem:0.77M, Peak:0.77M | Scene, ViewLayer | Updating Primitive Offsets
Fra:1 Mem:17.27M (Peak 19.26M) | Time:00:00.00 | Mem:0.77M, Peak:0.77M | Scene, ViewLayer | Updating Images
Fra:1 Mem:17.27M (Peak 19.26M) | Time:00:00.00 | Mem:0.77M, Peak:0.77M | Scene, ViewLayer | Updating Camera Volume
Fra:1 Mem:17.27M (Peak 19.26M) | Time:00:00.00 | Mem:0.77M, Peak:0.77M | Scene, ViewLayer | Updating Lookup Tables
Fra:1 Mem:17.27M (Peak 19.26M) | Time:00:00.00 | Mem:0.85M, Peak:0.85M | Scene, ViewLayer | Updating Lights
Fra:1 Mem:17.27M (Peak 19.26M) | Time:00:00.00 | Mem:0.85M, Peak:0.85M | Scene, ViewLayer | Updating Lights | Computing tree
Fra:1 Mem:17.28M (Peak 19.26M) | Time:00:00.00 | Mem:0.86M, Peak:0.86M | Scene, ViewLayer | Updating Integrator
Fra:1 Mem:17.28M (Peak 19.26M) | Time:00:00.00 | Mem:0.86M, Peak:0.86M | Scene, ViewLayer | Updating Film
Fra:1 Mem:17.28M (Peak 19.26M) | Time:00:00.00 | Mem:0.77M, Peak:0.86M | Scene, ViewLayer | Updating Lookup Tables
Fra:1 Mem:17.28M (Peak 19.26M) | Time:00:00.00 | Mem:0.86M, Peak:0.86M | Scene, ViewLayer | Updating Baking
Fra:1 Mem:17.28M (Peak 19.26M) | Time:00:00.00 | Mem:0.86M, Peak:0.86M | Scene, ViewLayer | Updating Device | Writing constant memory
Fra:1 Mem:17.28M (Peak 19.26M) | Time:00:00.00 | Mem:0.86M, Peak:0.86M | Scene, ViewLayer | Sample 0/8
Fra:1 Mem:26.08M (Peak 26.08M) | Time:00:00.78 | Remaining:00:05.46 | Mem:9.65M, Peak:9.65M | Scene, ViewLayer | Sample 1/8
Fra:1 Mem:29.99M (Peak 37.80M) | Time:00:06.12 | Mem:9.65M, Peak:9.65M | Scene, ViewLayer | Sample 8/8
Fra:1 Mem:29.99M (Peak 37.80M) | Time:00:06.12 | Mem:9.65M, Peak:9.65M | Scene, ViewLayer | Finished
Saved: '/workspace/scratch/7c20b5ba4165/atlas-backlog-oct3/tools/assets/boardable-metro/qa/previews/lead-seat-left-02-eye.png'
Time: 00:06.16 (Saving: 00:00.04)

Fra:1 Mem:18.66M (Peak 18.66M) | Time:00:00.00 | Mem:0.00M, Peak:0.00M | Scene, ViewLayer | Synchronizing object | body-shell
Fra:1 Mem:19.08M (Peak 19.08M) | Time:00:00.00 | Mem:0.00M, Peak:0.00M | Scene, ViewLayer | Synchronizing object | QA-ground
Fra:1 Mem:19.12M (Peak 19.12M) | Time:00:00.00 | Mem:0.00M, Peak:0.00M | Scene, ViewLayer | Synchronizing object | interior-batch-metro-seat
Fra:1 Mem:19.08M (Peak 19.12M) | Time:00:00.00 | Mem:0.00M, Peak:0.00M | Scene, ViewLayer | Synchronizing object | interior-batch-metro-priority-seat
Fra:1 Mem:19.09M (Peak 19.12M) | Time:00:00.00 | Mem:0.00M, Peak:0.00M | Scene, ViewLayer | Synchronizing object | interior-batch-metro-screen
Fra:1 Mem:19.09M (Peak 19.12M) | Time:00:00.00 | Mem:0.00M, Peak:0.00M | Scene, ViewLayer | Synchronizing object | interior-batch-metro-rail
Fra:1 Mem:18.98M (Peak 19.12M) | Time:00:00.00 | Mem:0.00M, Peak:0.00M | Scene, ViewLayer | Synchronizing object | bogie-front-frame
Fra:1 Mem:19.07M (Peak 19.12M) | Time:00:00.00 | Mem:0.00M, Peak:0.00M | Scene, ViewLayer | Synchronizing object | bogie-rear-frame
Fra:1 Mem:19.07M (Peak 19.12M) | Time:00:00.00 | Mem:0.00M, Peak:0.00M | Scene, ViewLayer | Synchronizing object | door-left-center-a
Fra:1 Mem:18.98M (Peak 19.12M) | Time:00:00.00 | Mem:0.00M, Peak:0.00M | Scene, ViewLayer | Synchronizing object | interior-batch-metro-floor
Fra:1 Mem:18.98M (Peak 19.12M) | Time:00:00.00 | Mem:0.00M, Peak:0.00M | Scene, ViewLayer | Synchronizing object | door-left-center-b
Fra:1 Mem:19.00M (Peak 19.12M) | Time:00:00.00 | Mem:0.00M, Peak:0.00M | Scene, ViewLayer | Synchronizing object | interior-batch-metro-wall
Fra:1 Mem:19.08M (Peak 19.12M) | Time:00:00.00 | Mem:0.00M, Peak:0.00M | Scene, ViewLayer | Synchronizing object | door-left-front-a
Fra:1 Mem:19.07M (Peak 19.12M) | Time:00:00.00 | Mem:0.00M, Peak:0.00M | Scene, ViewLayer | Synchronizing object | door-left-front-b
Fra:1 Mem:19.04M (Peak 19.12M) | Time:00:00.00 | Mem:0.00M, Peak:0.00M | Scene, ViewLayer | Synchronizing object | wheel-rear-rear-right
Fra:1 Mem:19.06M (Peak 19.12M) | Time:00:00.00 | Mem:0.00M, Peak:0.00M | Scene, ViewLayer | Synchronizing object | door-left-rear-a
Fra:1 Mem:19.07M (Peak 19.12M) | Time:00:00.00 | Mem:0.00M, Peak:0.00M | Scene, ViewLayer | Synchronizing object | wheel-rear-rear-left
Fra:1 Mem:19.08M (Peak 19.12M) | Time:00:00.00 | Mem:0.00M, Peak:0.00M | Scene, ViewLayer | Synchronizing object | door-left-rear-b
Fra:1 Mem:19.08M (Peak 19.12M) | Time:00:00.00 | Mem:0.00M, Peak:0.00M | Scene, ViewLayer | Synchronizing object | wheel-rear-front-right
Fra:1 Mem:19.10M (Peak 19.12M) | Time:00:00.00 | Mem:0.00M, Peak:0.00M | Scene, ViewLayer | Synchronizing object | door-right-center-a
Fra:1 Mem:19.10M (Peak 19.12M) | Time:00:00.00 | Mem:0.00M, Peak:0.00M | Scene, ViewLayer | Synchronizing object | wheel-rear-front-left
Fra:1 Mem:19.12M (Peak 19.12M) | Time:00:00.00 | Mem:0.00M, Peak:0.00M | Scene, ViewLayer | Synchronizing object | door-right-center-b
Fra:1 Mem:19.12M (Peak 19.12M) | Time:00:00.00 | Mem:0.00M, Peak:0.00M | Scene, ViewLayer | Synchronizing object | wheel-front-rear-right
Fra:1 Mem:19.11M (Peak 19.12M) | Time:00:00.00 | Mem:0.00M, Peak:0.00M | Scene, ViewLayer | Synchronizing object | door-right-front-a
Fra:1 Mem:19.13M (Peak 19.13M) | Time:00:00.00 | Mem:0.00M, Peak:0.00M | Scene, ViewLayer | Synchronizing object | door-right-front-b
Fra:1 Mem:19.14M (Peak 19.14M) | Time:00:00.00 | Mem:0.00M, Peak:0.00M | Scene, ViewLayer | Synchronizing object | wheel-front-rear-left
Fra:1 Mem:19.14M (Peak 19.14M) | Time:00:00.00 | Mem:0.00M, Peak:0.00M | Scene, ViewLayer | Synchronizing object | door-right-rear-a
Fra:1 Mem:19.16M (Peak 19.16M) | Time:00:00.00 | Mem:0.00M, Peak:0.00M | Scene, ViewLayer | Synchronizing object | wheel-front-front-right
Fra:1 Mem:19.16M (Peak 19.16M) | Time:00:00.00 | Mem:0.00M, Peak:0.00M | Scene, ViewLayer | Synchronizing object | door-right-rear-b
Fra:1 Mem:19.19M (Peak 19.19M) | Time:00:00.00 | Mem:0.00M, Peak:0.00M | Scene, ViewLayer | Synchronizing object | wheel-front-front-left
Fra:1 Mem:19.18M (Peak 19.19M) | Time:00:00.00 | Mem:0.00M, Peak:0.00M | Scene, ViewLayer | Synchronizing object | glass
Fra:1 Mem:19.21M (Peak 19.21M) | Time:00:00.00 | Mem:0.00M, Peak:0.00M | Scene, ViewLayer | Synchronizing object | lights
Fra:1 Mem:19.21M (Peak 19.21M) | Time:00:00.00 | Mem:0.00M, Peak:0.00M | Scene, ViewLayer | Initializing
Fra:1 Mem:16.60M (Peak 19.21M) | Time:00:00.00 | Mem:0.00M, Peak:0.00M | Scene, ViewLayer | Waiting for render to start
Fra:1 Mem:16.60M (Peak 19.21M) | Time:00:00.00 | Mem:0.00M, Peak:0.00M | Scene, ViewLayer | Loading render kernels (may take a few minutes the first time)
Fra:1 Mem:16.60M (Peak 19.21M) | Time:00:00.00 | Mem:0.00M, Peak:0.00M | Scene, ViewLayer | Updating Scene
Fra:1 Mem:16.60M (Peak 19.21M) | Time:00:00.00 | Mem:0.00M, Peak:0.00M | Scene, ViewLayer | Updating Shaders
Fra:1 Mem:16.69M (Peak 19.21M) | Time:00:00.00 | Mem:0.01M, Peak:0.01M | Scene, ViewLayer | Updating Procedurals
Fra:1 Mem:16.69M (Peak 19.21M) | Time:00:00.00 | Mem:0.01M, Peak:0.01M | Scene, ViewLayer | Updating Background
Fra:1 Mem:16.69M (Peak 19.21M) | Time:00:00.00 | Mem:0.01M, Peak:0.01M | Scene, ViewLayer | Updating Camera
Fra:1 Mem:16.69M (Peak 19.21M) | Time:00:00.00 | Mem:0.01M, Peak:0.01M | Scene, ViewLayer | Updating Meshes Flags
Fra:1 Mem:16.69M (Peak 19.21M) | Time:00:00.00 | Mem:0.01M, Peak:0.01M | Scene, ViewLayer | Updating Objects
Fra:1 Mem:16.69M (Peak 19.21M) | Time:00:00.00 | Mem:0.01M, Peak:0.01M | Scene, ViewLayer | Updating Objects | Copying Transformations to device
Fra:1 Mem:16.70M (Peak 19.21M) | Time:00:00.00 | Mem:0.02M, Peak:0.02M | Scene, ViewLayer | Updating Objects | Applying Static Transformations
Fra:1 Mem:16.70M (Peak 19.21M) | Time:00:00.00 | Mem:0.02M, Peak:0.02M | Scene, ViewLayer | Updating Particle Systems
Fra:1 Mem:16.70M (Peak 19.21M) | Time:00:00.00 | Mem:0.02M, Peak:0.02M | Scene, ViewLayer | Updating Particle Systems | Copying Particles to device
Fra:1 Mem:16.70M (Peak 19.21M) | Time:00:00.00 | Mem:0.02M, Peak:0.02M | Scene, ViewLayer | Updating Meshes
Fra:1 Mem:16.75M (Peak 19.21M) | Time:00:00.00 | Mem:0.02M, Peak:0.02M | Scene, ViewLayer | Updating Mesh | Computing attributes
Fra:1 Mem:16.90M (Peak 19.21M) | Time:00:00.00 | Mem:0.02M, Peak:0.02M | Scene, ViewLayer | Updating Mesh | Copying Attributes to device
Fra:1 Mem:16.89M (Peak 19.21M) | Time:00:00.00 | Mem:0.16M, Peak:0.16M | Scene, ViewLayer | Updating Scene BVH | Building
Fra:1 Mem:16.89M (Peak 19.21M) | Time:00:00.00 | Mem:0.16M, Peak:0.16M | Scene, ViewLayer | Updating Scene BVH | Building BVH
Fra:1 Mem:16.89M (Peak 19.21M) | Time:00:00.00 | Mem:0.26M, Peak:0.26M | Scene, ViewLayer | Updating Scene BVH | Building BVH 0%
Fra:1 Mem:16.89M (Peak 19.21M) | Time:00:00.00 | Mem:0.39M, Peak:0.49M | Scene, ViewLayer | Updating Scene BVH | Copying BVH to device
Fra:1 Mem:16.89M (Peak 19.21M) | Time:00:00.00 | Mem:0.39M, Peak:0.49M | Scene, ViewLayer | Updating Mesh | Computing normals
Fra:1 Mem:17.27M (Peak 19.21M) | Time:00:00.00 | Mem:0.39M, Peak:0.49M | Scene, ViewLayer | Updating Mesh | Copying Mesh to device
Fra:1 Mem:17.27M (Peak 19.21M) | Time:00:00.00 | Mem:0.77M, Peak:0.77M | Scene, ViewLayer | Updating Objects Flags
Fra:1 Mem:17.27M (Peak 19.21M) | Time:00:00.00 | Mem:0.77M, Peak:0.77M | Scene, ViewLayer | Updating Primitive Offsets
Fra:1 Mem:17.27M (Peak 19.21M) | Time:00:00.00 | Mem:0.77M, Peak:0.77M | Scene, ViewLayer | Updating Images
Fra:1 Mem:17.27M (Peak 19.21M) | Time:00:00.00 | Mem:0.77M, Peak:0.77M | Scene, ViewLayer | Updating Camera Volume
Fra:1 Mem:17.27M (Peak 19.21M) | Time:00:00.00 | Mem:0.77M, Peak:0.77M | Scene, ViewLayer | Updating Lookup Tables
Fra:1 Mem:17.27M (Peak 19.21M) | Time:00:00.00 | Mem:0.85M, Peak:0.85M | Scene, ViewLayer | Updating Lights
Fra:1 Mem:17.27M (Peak 19.21M) | Time:00:00.00 | Mem:0.85M, Peak:0.85M | Scene, ViewLayer | Updating Lights | Computing tree
Fra:1 Mem:17.28M (Peak 19.21M) | Time:00:00.00 | Mem:0.86M, Peak:0.86M | Scene, ViewLayer | Updating Integrator
Fra:1 Mem:17.28M (Peak 19.21M) | Time:00:00.00 | Mem:0.86M, Peak:0.86M | Scene, ViewLayer | Updating Film
Fra:1 Mem:17.28M (Peak 19.21M) | Time:00:00.00 | Mem:0.77M, Peak:0.86M | Scene, ViewLayer | Updating Lookup Tables
Fra:1 Mem:17.28M (Peak 19.21M) | Time:00:00.00 | Mem:0.86M, Peak:0.86M | Scene, ViewLayer | Updating Baking
Fra:1 Mem:17.28M (Peak 19.21M) | Time:00:00.00 | Mem:0.86M, Peak:0.86M | Scene, ViewLayer | Updating Device | Writing constant memory
Fra:1 Mem:17.28M (Peak 19.21M) | Time:00:00.00 | Mem:0.86M, Peak:0.86M | Scene, ViewLayer | Sample 0/8
Fra:1 Mem:26.08M (Peak 26.08M) | Time:00:00.71 | Remaining:00:04.97 | Mem:9.65M, Peak:9.65M | Scene, ViewLayer | Sample 1/8
Fra:1 Mem:29.99M (Peak 37.80M) | Time:00:05.47 | Mem:9.65M, Peak:9.65M | Scene, ViewLayer | Sample 8/8
Fra:1 Mem:29.99M (Peak 37.80M) | Time:00:05.47 | Mem:9.65M, Peak:9.65M | Scene, ViewLayer | Finished
Saved: '/workspace/scratch/7c20b5ba4165/atlas-backlog-oct3/tools/assets/boardable-metro/qa/previews/lead-seat-left-03-eye.png'
Time: 00:05.51 (Saving: 00:00.04)

Fra:1 Mem:18.66M (Peak 18.66M) | Time:00:00.00 | Mem:0.00M, Peak:0.00M | Scene, ViewLayer | Synchronizing object | body-shell
Fra:1 Mem:19.05M (Peak 19.05M) | Time:00:00.00 | Mem:0.00M, Peak:0.00M | Scene, ViewLayer | Synchronizing object | QA-ground
Fra:1 Mem:19.12M (Peak 19.12M) | Time:00:00.00 | Mem:0.00M, Peak:0.00M | Scene, ViewLayer | Synchronizing object | interior-batch-metro-seat
Fra:1 Mem:19.08M (Peak 19.12M) | Time:00:00.00 | Mem:0.00M, Peak:0.00M | Scene, ViewLayer | Synchronizing object | interior-batch-metro-priority-seat
Fra:1 Mem:19.09M (Peak 19.12M) | Time:00:00.00 | Mem:0.00M, Peak:0.00M | Scene, ViewLayer | Synchronizing object | interior-batch-metro-screen
Fra:1 Mem:19.03M (Peak 19.12M) | Time:00:00.00 | Mem:0.00M, Peak:0.00M | Scene, ViewLayer | Synchronizing object | interior-batch-metro-rail
Fra:1 Mem:19.09M (Peak 19.12M) | Time:00:00.00 | Mem:0.00M, Peak:0.00M | Scene, ViewLayer | Synchronizing object | bogie-front-frame
Fra:1 Mem:18.98M (Peak 19.12M) | Time:00:00.00 | Mem:0.00M, Peak:0.00M | Scene, ViewLayer | Synchronizing object | bogie-rear-frame
Fra:1 Mem:19.00M (Peak 19.12M) | Time:00:00.00 | Mem:0.00M, Peak:0.00M | Scene, ViewLayer | Synchronizing object | door-left-center-a
Fra:1 Mem:19.08M (Peak 19.12M) | Time:00:00.00 | Mem:0.00M, Peak:0.00M | Scene, ViewLayer | Synchronizing object | door-left-center-b
Fra:1 Mem:19.00M (Peak 19.12M) | Time:00:00.00 | Mem:0.00M, Peak:0.00M | Scene, ViewLayer | Synchronizing object | door-left-front-a
Fra:1 Mem:18.99M (Peak 19.12M) | Time:00:00.00 | Mem:0.00M, Peak:0.00M | Scene, ViewLayer | Synchronizing object | interior-batch-metro-floor
Fra:1 Mem:19.00M (Peak 19.12M) | Time:00:00.00 | Mem:0.00M, Peak:0.00M | Scene, ViewLayer | Synchronizing object | door-left-front-b
Fra:1 Mem:18.99M (Peak 19.12M) | Time:00:00.00 | Mem:0.00M, Peak:0.00M | Scene, ViewLayer | Synchronizing object | interior-batch-metro-wall
Fra:1 Mem:19.10M (Peak 19.12M) | Time:00:00.00 | Mem:0.00M, Peak:0.00M | Scene, ViewLayer | Synchronizing object | door-left-rear-a
Fra:1 Mem:19.09M (Peak 19.12M) | Time:00:00.00 | Mem:0.00M, Peak:0.00M | Scene, ViewLayer | Synchronizing object | door-left-rear-b
Fra:1 Mem:19.06M (Peak 19.12M) | Time:00:00.00 | Mem:0.00M, Peak:0.00M | Scene, ViewLayer | Synchronizing object | wheel-rear-rear-right
Fra:1 Mem:19.08M (Peak 19.12M) | Time:00:00.00 | Mem:0.00M, Peak:0.00M | Scene, ViewLayer | Synchronizing object | door-right-center-a
Fra:1 Mem:19.09M (Peak 19.12M) | Time:00:00.00 | Mem:0.00M, Peak:0.00M | Scene, ViewLayer | Synchronizing object | wheel-rear-rear-left
Fra:1 Mem:19.09M (Peak 19.12M) | Time:00:00.00 | Mem:0.00M, Peak:0.00M | Scene, ViewLayer | Synchronizing object | door-right-center-b
Fra:1 Mem:19.11M (Peak 19.12M) | Time:00:00.00 | Mem:0.00M, Peak:0.00M | Scene, ViewLayer | Synchronizing object | wheel-rear-front-right
Fra:1 Mem:19.11M (Peak 19.12M) | Time:00:00.00 | Mem:0.00M, Peak:0.00M | Scene, ViewLayer | Synchronizing object | door-right-front-a
Fra:1 Mem:19.13M (Peak 19.13M) | Time:00:00.00 | Mem:0.00M, Peak:0.00M | Scene, ViewLayer | Synchronizing object | wheel-rear-front-left
Fra:1 Mem:19.13M (Peak 19.13M) | Time:00:00.00 | Mem:0.00M, Peak:0.00M | Scene, ViewLayer | Synchronizing object | door-right-front-b
Fra:1 Mem:19.14M (Peak 19.14M) | Time:00:00.00 | Mem:0.00M, Peak:0.00M | Scene, ViewLayer | Synchronizing object | wheel-front-rear-right
Fra:1 Mem:19.15M (Peak 19.15M) | Time:00:00.00 | Mem:0.00M, Peak:0.00M | Scene, ViewLayer | Synchronizing object | door-right-rear-a
Fra:1 Mem:19.16M (Peak 19.16M) | Time:00:00.00 | Mem:0.00M, Peak:0.00M | Scene, ViewLayer | Synchronizing object | wheel-front-rear-left
Fra:1 Mem:19.18M (Peak 19.18M) | Time:00:00.00 | Mem:0.00M, Peak:0.00M | Scene, ViewLayer | Synchronizing object | door-right-rear-b
Fra:1 Mem:19.17M (Peak 19.18M) | Time:00:00.00 | Mem:0.00M, Peak:0.00M | Scene, ViewLayer | Synchronizing object | glass
Fra:1 Mem:19.20M (Peak 19.20M) | Time:00:00.00 | Mem:0.00M, Peak:0.00M | Scene, ViewLayer | Synchronizing object | wheel-front-front-right
Fra:1 Mem:19.21M (Peak 19.21M) | Time:00:00.00 | Mem:0.00M, Peak:0.00M | Scene, ViewLayer | Synchronizing object | lights
Fra:1 Mem:19.21M (Peak 19.21M) | Time:00:00.00 | Mem:0.00M, Peak:0.00M | Scene, ViewLayer | Synchronizing object | wheel-front-front-left
Fra:1 Mem:19.21M (Peak 19.21M) | Time:00:00.00 | Mem:0.00M, Peak:0.00M | Scene, ViewLayer | Initializing
Fra:1 Mem:16.60M (Peak 19.21M) | Time:00:00.00 | Mem:0.00M, Peak:0.00M | Scene, ViewLayer | Waiting for render to start
Fra:1 Mem:16.60M (Peak 19.21M) | Time:00:00.00 | Mem:0.00M, Peak:0.00M | Scene, ViewLayer | Loading render kernels (may take a few minutes the first time)
Fra:1 Mem:16.60M (Peak 19.21M) | Time:00:00.00 | Mem:0.00M, Peak:0.00M | Scene, ViewLayer | Updating Scene
Fra:1 Mem:16.60M (Peak 19.21M) | Time:00:00.00 | Mem:0.00M, Peak:0.00M | Scene, ViewLayer | Updating Shaders
Fra:1 Mem:16.69M (Peak 19.21M) | Time:00:00.00 | Mem:0.01M, Peak:0.01M | Scene, ViewLayer | Updating Procedurals
Fra:1 Mem:16.69M (Peak 19.21M) | Time:00:00.00 | Mem:0.01M, Peak:0.01M | Scene, ViewLayer | Updating Background
Fra:1 Mem:16.69M (Peak 19.21M) | Time:00:00.00 | Mem:0.01M, Peak:0.01M | Scene, ViewLayer | Updating Camera
Fra:1 Mem:16.69M (Peak 19.21M) | Time:00:00.00 | Mem:0.01M, Peak:0.01M | Scene, ViewLayer | Updating Meshes Flags
Fra:1 Mem:16.69M (Peak 19.21M) | Time:00:00.00 | Mem:0.01M, Peak:0.01M | Scene, ViewLayer | Updating Objects
Fra:1 Mem:16.69M (Peak 19.21M) | Time:00:00.00 | Mem:0.01M, Peak:0.01M | Scene, ViewLayer | Updating Objects | Copying Transformations to device
Fra:1 Mem:16.70M (Peak 19.21M) | Time:00:00.00 | Mem:0.02M, Peak:0.02M | Scene, ViewLayer | Updating Objects | Applying Static Transformations
Fra:1 Mem:16.70M (Peak 19.21M) | Time:00:00.00 | Mem:0.02M, Peak:0.02M | Scene, ViewLayer | Updating Particle Systems
Fra:1 Mem:16.70M (Peak 19.21M) | Time:00:00.00 | Mem:0.02M, Peak:0.02M | Scene, ViewLayer | Updating Particle Systems | Copying Particles to device
Fra:1 Mem:16.70M (Peak 19.21M) | Time:00:00.00 | Mem:0.02M, Peak:0.02M | Scene, ViewLayer | Updating Meshes
Fra:1 Mem:16.75M (Peak 19.21M) | Time:00:00.00 | Mem:0.02M, Peak:0.02M | Scene, ViewLayer | Updating Mesh | Computing attributes
Fra:1 Mem:16.90M (Peak 19.21M) | Time:00:00.00 | Mem:0.02M, Peak:0.02M | Scene, ViewLayer | Updating Mesh | Copying Attributes to device
Fra:1 Mem:16.89M (Peak 19.21M) | Time:00:00.00 | Mem:0.16M, Peak:0.16M | Scene, ViewLayer | Updating Scene BVH | Building
Fra:1 Mem:16.89M (Peak 19.21M) | Time:00:00.00 | Mem:0.16M, Peak:0.16M | Scene, ViewLayer | Updating Scene BVH | Building BVH
Fra:1 Mem:16.89M (Peak 19.21M) | Time:00:00.00 | Mem:0.26M, Peak:0.26M | Scene, ViewLayer | Updating Scene BVH | Building BVH 0%
Fra:1 Mem:16.89M (Peak 19.21M) | Time:00:00.00 | Mem:0.39M, Peak:0.49M | Scene, ViewLayer | Updating Scene BVH | Copying BVH to device
Fra:1 Mem:16.89M (Peak 19.21M) | Time:00:00.00 | Mem:0.39M, Peak:0.49M | Scene, ViewLayer | Updating Mesh | Computing normals
Fra:1 Mem:17.27M (Peak 19.21M) | Time:00:00.00 | Mem:0.39M, Peak:0.49M | Scene, ViewLayer | Updating Mesh | Copying Mesh to device
Fra:1 Mem:17.27M (Peak 19.21M) | Time:00:00.00 | Mem:0.77M, Peak:0.77M | Scene, ViewLayer | Updating Objects Flags
Fra:1 Mem:17.27M (Peak 19.21M) | Time:00:00.00 | Mem:0.77M, Peak:0.77M | Scene, ViewLayer | Updating Primitive Offsets
Fra:1 Mem:17.27M (Peak 19.21M) | Time:00:00.00 | Mem:0.77M, Peak:0.77M | Scene, ViewLayer | Updating Images
Fra:1 Mem:17.27M (Peak 19.21M) | Time:00:00.00 | Mem:0.77M, Peak:0.77M | Scene, ViewLayer | Updating Camera Volume
Fra:1 Mem:17.27M (Peak 19.21M) | Time:00:00.00 | Mem:0.77M, Peak:0.77M | Scene, ViewLayer | Updating Lookup Tables
Fra:1 Mem:17.27M (Peak 19.21M) | Time:00:00.00 | Mem:0.85M, Peak:0.85M | Scene, ViewLayer | Updating Lights
Fra:1 Mem:17.27M (Peak 19.21M) | Time:00:00.00 | Mem:0.85M, Peak:0.85M | Scene, ViewLayer | Updating Lights | Computing tree
Fra:1 Mem:17.28M (Peak 19.21M) | Time:00:00.00 | Mem:0.86M, Peak:0.86M | Scene, ViewLayer | Updating Integrator
Fra:1 Mem:17.28M (Peak 19.21M) | Time:00:00.00 | Mem:0.86M, Peak:0.86M | Scene, ViewLayer | Updating Film
Fra:1 Mem:17.28M (Peak 19.21M) | Time:00:00.00 | Mem:0.77M, Peak:0.86M | Scene, ViewLayer | Updating Lookup Tables
Fra:1 Mem:17.28M (Peak 19.21M) | Time:00:00.00 | Mem:0.86M, Peak:0.86M | Scene, ViewLayer | Updating Baking
Fra:1 Mem:17.28M (Peak 19.21M) | Time:00:00.00 | Mem:0.86M, Peak:0.86M | Scene, ViewLayer | Updating Device | Writing constant memory
Fra:1 Mem:17.28M (Peak 19.21M) | Time:00:00.00 | Mem:0.86M, Peak:0.86M | Scene, ViewLayer | Sample 0/8
Fra:1 Mem:26.08M (Peak 26.08M) | Time:00:01.17 | Remaining:00:08.15 | Mem:9.65M, Peak:9.65M | Scene, ViewLayer | Sample 1/8
Fra:1 Mem:29.99M (Peak 37.80M) | Time:00:07.02 | Mem:9.65M, Peak:9.65M | Scene, ViewLayer | Sample 8/8
Fra:1 Mem:29.99M (Peak 37.80M) | Time:00:07.02 | Mem:9.65M, Peak:9.65M | Scene, ViewLayer | Finished
Saved: '/workspace/scratch/7c20b5ba4165/atlas-backlog-oct3/tools/assets/boardable-metro/qa/previews/lead-seat-left-04-eye.png'
Time: 00:07.09 (Saving: 00:00.06)

Fra:1 Mem:18.66M (Peak 18.66M) | Time:00:00.00 | Mem:0.00M, Peak:0.00M | Scene, ViewLayer | Synchronizing object | body-shell
Fra:1 Mem:19.17M (Peak 19.17M) | Time:00:00.00 | Mem:0.00M, Peak:0.00M | Scene, ViewLayer | Synchronizing object | QA-ground
Fra:1 Mem:18.85M (Peak 19.17M) | Time:00:00.00 | Mem:0.00M, Peak:0.00M | Scene, ViewLayer | Synchronizing object | interior-batch-metro-seat
Fra:1 Mem:18.87M (Peak 19.17M) | Time:00:00.00 | Mem:0.00M, Peak:0.00M | Scene, ViewLayer | Synchronizing object | bogie-front-frame
Fra:1 Mem:18.87M (Peak 19.17M) | Time:00:00.00 | Mem:0.00M, Peak:0.00M | Scene, ViewLayer | Synchronizing object | interior-batch-metro-priority-seat
Fra:1 Mem:18.88M (Peak 19.17M) | Time:00:00.00 | Mem:0.00M, Peak:0.00M | Scene, ViewLayer | Synchronizing object | bogie-rear-frame
Fra:1 Mem:18.90M (Peak 19.17M) | Time:00:00.00 | Mem:0.00M, Peak:0.00M | Scene, ViewLayer | Synchronizing object | door-left-center-a
Fra:1 Mem:18.90M (Peak 19.17M) | Time:00:00.00 | Mem:0.00M, Peak:0.00M | Scene, ViewLayer | Synchronizing object | door-left-center-b
Fra:1 Mem:18.92M (Peak 19.17M) | Time:00:00.00 | Mem:0.00M, Peak:0.00M | Scene, ViewLayer | Synchronizing object | interior-batch-metro-screen
Fra:1 Mem:18.93M (Peak 19.17M) | Time:00:00.00 | Mem:0.00M, Peak:0.00M | Scene, ViewLayer | Synchronizing object | door-left-front-a
Fra:1 Mem:18.93M (Peak 19.17M) | Time:00:00.00 | Mem:0.00M, Peak:0.00M | Scene, ViewLayer | Synchronizing object | interior-batch-metro-rail
Fra:1 Mem:18.92M (Peak 19.17M) | Time:00:00.00 | Mem:0.00M, Peak:0.00M | Scene, ViewLayer | Synchronizing object | door-left-front-b
Fra:1 Mem:19.10M (Peak 19.17M) | Time:00:00.00 | Mem:0.00M, Peak:0.00M | Scene, ViewLayer | Synchronizing object | door-left-rear-a
Fra:1 Mem:19.14M (Peak 19.17M) | Time:00:00.00 | Mem:0.00M, Peak:0.00M | Scene, ViewLayer | Synchronizing object | door-left-rear-b
Fra:1 Mem:19.03M (Peak 19.17M) | Time:00:00.00 | Mem:0.00M, Peak:0.00M | Scene, ViewLayer | Synchronizing object | door-right-center-a
Fra:1 Mem:19.06M (Peak 19.17M) | Time:00:00.00 | Mem:0.00M, Peak:0.00M | Scene, ViewLayer | Synchronizing object | door-right-center-b
Fra:1 Mem:19.15M (Peak 19.17M) | Time:00:00.00 | Mem:0.00M, Peak:0.00M | Scene, ViewLayer | Synchronizing object | door-right-front-a
Fra:1 Mem:19.16M (Peak 19.17M) | Time:00:00.00 | Mem:0.00M, Peak:0.00M | Scene, ViewLayer | Synchronizing object | door-right-front-b
Fra:1 Mem:19.17M (Peak 19.17M) | Time:00:00.00 | Mem:0.00M, Peak:0.00M | Scene, ViewLayer | Synchronizing object | door-right-rear-a
Fra:1 Mem:19.17M (Peak 19.17M) | Time:00:00.00 | Mem:0.00M, Peak:0.00M | Scene, ViewLayer | Synchronizing object | door-right-rear-b
Fra:1 Mem:19.10M (Peak 19.17M) | Time:00:00.00 | Mem:0.00M, Peak:0.00M | Scene, ViewLayer | Synchronizing object | glass
Fra:1 Mem:19.09M (Peak 19.17M) | Time:00:00.00 | Mem:0.00M, Peak:0.00M | Scene, ViewLayer | Synchronizing object | interior-batch-metro-floor
Fra:1 Mem:19.12M (Peak 19.17M) | Time:00:00.00 | Mem:0.00M, Peak:0.00M | Scene, ViewLayer | Synchronizing object | interior-batch-metro-wall
Fra:1 Mem:19.21M (Peak 19.21M) | Time:00:00.00 | Mem:0.00M, Peak:0.00M | Scene, ViewLayer | Synchronizing object | lights
Fra:1 Mem:19.15M (Peak 19.21M) | Time:00:00.00 | Mem:0.00M, Peak:0.00M | Scene, ViewLayer | Synchronizing object | wheel-front-front-left
Fra:1 Mem:19.20M (Peak 19.21M) | Time:00:00.00 | Mem:0.00M, Peak:0.00M | Scene, ViewLayer | Synchronizing object | wheel-front-front-right
Fra:1 Mem:19.16M (Peak 19.21M) | Time:00:00.00 | Mem:0.00M, Peak:0.00M | Scene, ViewLayer | Synchronizing object | wheel-rear-rear-right
Fra:1 Mem:19.18M (Peak 19.21M) | Time:00:00.00 | Mem:0.00M, Peak:0.00M | Scene, ViewLayer | Synchronizing object | wheel-front-rear-left
Fra:1 Mem:19.19M (Peak 19.21M) | Time:00:00.00 | Mem:0.00M, Peak:0.00M | Scene, ViewLayer | Synchronizing object | wheel-front-rear-right
Fra:1 Mem:19.18M (Peak 19.21M) | Time:00:00.00 | Mem:0.00M, Peak:0.00M | Scene, ViewLayer | Synchronizing object | wheel-rear-rear-left
Fra:1 Mem:19.20M (Peak 19.21M) | Time:00:00.00 | Mem:0.00M, Peak:0.00M | Scene, ViewLayer | Synchronizing object | wheel-rear-front-left
Fra:1 Mem:19.21M (Peak 19.21M) | Time:00:00.00 | Mem:0.00M, Peak:0.00M | Scene, ViewLayer | Synchronizing object | wheel-rear-front-right
Fra:1 Mem:19.22M (Peak 19.22M) | Time:00:00.00 | Mem:0.00M, Peak:0.00M | Scene, ViewLayer | Initializing
Fra:1 Mem:16.61M (Peak 19.22M) | Time:00:00.00 | Mem:0.00M, Peak:0.00M | Scene, ViewLayer | Waiting for render to start
Fra:1 Mem:16.61M (Peak 19.22M) | Time:00:00.00 | Mem:0.00M, Peak:0.00M | Scene, ViewLayer | Loading render kernels (may take a few minutes the first time)
Fra:1 Mem:16.61M (Peak 19.22M) | Time:00:00.00 | Mem:0.00M, Peak:0.00M | Scene, ViewLayer | Updating Scene
Fra:1 Mem:16.61M (Peak 19.22M) | Time:00:00.00 | Mem:0.00M, Peak:0.00M | Scene, ViewLayer | Updating Shaders
Fra:1 Mem:16.70M (Peak 19.22M) | Time:00:00.00 | Mem:0.01M, Peak:0.01M | Scene, ViewLayer | Updating Procedurals
Fra:1 Mem:16.70M (Peak 19.22M) | Time:00:00.00 | Mem:0.01M, Peak:0.01M | Scene, ViewLayer | Updating Background
Fra:1 Mem:16.70M (Peak 19.22M) | Time:00:00.00 | Mem:0.01M, Peak:0.01M | Scene, ViewLayer | Updating Camera
Fra:1 Mem:16.70M (Peak 19.22M) | Time:00:00.00 | Mem:0.01M, Peak:0.01M | Scene, ViewLayer | Updating Meshes Flags
Fra:1 Mem:16.70M (Peak 19.22M) | Time:00:00.00 | Mem:0.01M, Peak:0.01M | Scene, ViewLayer | Updating Objects
Fra:1 Mem:16.70M (Peak 19.22M) | Time:00:00.00 | Mem:0.01M, Peak:0.01M | Scene, ViewLayer | Updating Objects | Copying Transformations to device
Fra:1 Mem:16.71M (Peak 19.22M) | Time:00:00.00 | Mem:0.02M, Peak:0.02M | Scene, ViewLayer | Updating Objects | Applying Static Transformations
Fra:1 Mem:16.71M (Peak 19.22M) | Time:00:00.00 | Mem:0.02M, Peak:0.02M | Scene, ViewLayer | Updating Particle Systems
Fra:1 Mem:16.71M (Peak 19.22M) | Time:00:00.00 | Mem:0.02M, Peak:0.02M | Scene, ViewLayer | Updating Particle Systems | Copying Particles to device
Fra:1 Mem:16.71M (Peak 19.22M) | Time:00:00.00 | Mem:0.02M, Peak:0.02M | Scene, ViewLayer | Updating Meshes
Fra:1 Mem:16.76M (Peak 19.22M) | Time:00:00.00 | Mem:0.02M, Peak:0.02M | Scene, ViewLayer | Updating Mesh | Computing attributes
Fra:1 Mem:16.90M (Peak 19.22M) | Time:00:00.00 | Mem:0.02M, Peak:0.02M | Scene, ViewLayer | Updating Mesh | Copying Attributes to device
Fra:1 Mem:16.90M (Peak 19.22M) | Time:00:00.00 | Mem:0.16M, Peak:0.16M | Scene, ViewLayer | Updating Scene BVH | Building
Fra:1 Mem:16.90M (Peak 19.22M) | Time:00:00.00 | Mem:0.16M, Peak:0.16M | Scene, ViewLayer | Updating Scene BVH | Building BVH
Fra:1 Mem:16.90M (Peak 19.22M) | Time:00:00.00 | Mem:0.26M, Peak:0.26M | Scene, ViewLayer | Updating Scene BVH | Building BVH 0%
Fra:1 Mem:16.90M (Peak 19.22M) | Time:00:00.01 | Mem:0.39M, Peak:0.49M | Scene, ViewLayer | Updating Scene BVH | Copying BVH to device
Fra:1 Mem:16.90M (Peak 19.22M) | Time:00:00.01 | Mem:0.39M, Peak:0.49M | Scene, ViewLayer | Updating Mesh | Computing normals
Fra:1 Mem:17.28M (Peak 19.22M) | Time:00:00.01 | Mem:0.39M, Peak:0.49M | Scene, ViewLayer | Updating Mesh | Copying Mesh to device
Fra:1 Mem:17.28M (Peak 19.22M) | Time:00:00.01 | Mem:0.77M, Peak:0.77M | Scene, ViewLayer | Updating Objects Flags
Fra:1 Mem:17.28M (Peak 19.22M) | Time:00:00.01 | Mem:0.77M, Peak:0.77M | Scene, ViewLayer | Updating Primitive Offsets
Fra:1 Mem:17.28M (Peak 19.22M) | Time:00:00.01 | Mem:0.77M, Peak:0.77M | Scene, ViewLayer | Updating Images
Fra:1 Mem:17.28M (Peak 19.22M) | Time:00:00.01 | Mem:0.77M, Peak:0.77M | Scene, ViewLayer | Updating Camera Volume
Fra:1 Mem:17.28M (Peak 19.22M) | Time:00:00.01 | Mem:0.77M, Peak:0.77M | Scene, ViewLayer | Updating Lookup Tables
Fra:1 Mem:17.28M (Peak 19.22M) | Time:00:00.01 | Mem:0.85M, Peak:0.85M | Scene, ViewLayer | Updating Lights
Fra:1 Mem:17.28M (Peak 19.22M) | Time:00:00.01 | Mem:0.85M, Peak:0.85M | Scene, ViewLayer | Updating Lights | Computing tree
Fra:1 Mem:17.28M (Peak 19.22M) | Time:00:00.01 | Mem:0.86M, Peak:0.86M | Scene, ViewLayer | Updating Integrator
Fra:1 Mem:17.28M (Peak 19.22M) | Time:00:00.01 | Mem:0.86M, Peak:0.86M | Scene, ViewLayer | Updating Film
Fra:1 Mem:17.29M (Peak 19.22M) | Time:00:00.01 | Mem:0.77M, Peak:0.86M | Scene, ViewLayer | Updating Lookup Tables
Fra:1 Mem:17.29M (Peak 19.22M) | Time:00:00.01 | Mem:0.86M, Peak:0.86M | Scene, ViewLayer | Updating Baking
Fra:1 Mem:17.29M (Peak 19.22M) | Time:00:00.01 | Mem:0.86M, Peak:0.86M | Scene, ViewLayer | Updating Device | Writing constant memory
Fra:1 Mem:17.29M (Peak 19.22M) | Time:00:00.01 | Mem:0.86M, Peak:0.86M | Scene, ViewLayer | Sample 0/8
Fra:1 Mem:26.08M (Peak 26.08M) | Time:00:00.73 | Remaining:00:05.08 | Mem:9.65M, Peak:9.65M | Scene, ViewLayer | Sample 1/8
Fra:1 Mem:29.99M (Peak 37.80M) | Time:00:05.81 | Mem:9.65M, Peak:9.65M | Scene, ViewLayer | Sample 8/8
Fra:1 Mem:29.99M (Peak 37.80M) | Time:00:05.81 | Mem:9.65M, Peak:9.65M | Scene, ViewLayer | Finished
Saved: '/workspace/scratch/7c20b5ba4165/atlas-backlog-oct3/tools/assets/boardable-metro/qa/previews/lead-seat-left-05-eye.png'
Time: 00:05.85 (Saving: 00:00.03)

Fra:1 Mem:18.66M (Peak 18.66M) | Time:00:00.00 | Mem:0.00M, Peak:0.00M | Scene, ViewLayer | Synchronizing object | body-shell
Fra:1 Mem:19.06M (Peak 19.06M) | Time:00:00.00 | Mem:0.00M, Peak:0.00M | Scene, ViewLayer | Synchronizing object | QA-ground
Fra:1 Mem:19.13M (Peak 19.13M) | Time:00:00.00 | Mem:0.00M, Peak:0.00M | Scene, ViewLayer | Synchronizing object | interior-batch-metro-seat
Fra:1 Mem:18.91M (Peak 19.13M) | Time:00:00.00 | Mem:0.00M, Peak:0.00M | Scene, ViewLayer | Synchronizing object | interior-batch-metro-priority-seat
Fra:1 Mem:18.92M (Peak 19.13M) | Time:00:00.00 | Mem:0.00M, Peak:0.00M | Scene, ViewLayer | Synchronizing object | interior-batch-metro-screen
Fra:1 Mem:19.10M (Peak 19.13M) | Time:00:00.00 | Mem:0.00M, Peak:0.00M | Scene, ViewLayer | Synchronizing object | interior-batch-metro-rail
Fra:1 Mem:19.04M (Peak 19.13M) | Time:00:00.00 | Mem:0.00M, Peak:0.00M | Scene, ViewLayer | Synchronizing object | bogie-front-frame
Fra:1 Mem:18.97M (Peak 19.13M) | Time:00:00.00 | Mem:0.00M, Peak:0.00M | Scene, ViewLayer | Synchronizing object | interior-batch-metro-floor
Fra:1 Mem:18.97M (Peak 19.13M) | Time:00:00.00 | Mem:0.00M, Peak:0.00M | Scene, ViewLayer | Synchronizing object | bogie-rear-frame
Fra:1 Mem:18.97M (Peak 19.13M) | Time:00:00.00 | Mem:0.00M, Peak:0.00M | Scene, ViewLayer | Synchronizing object | interior-batch-metro-wall
Fra:1 Mem:19.05M (Peak 19.13M) | Time:00:00.00 | Mem:0.00M, Peak:0.00M | Scene, ViewLayer | Synchronizing object | door-left-center-a
Fra:1 Mem:19.06M (Peak 19.13M) | Time:00:00.00 | Mem:0.00M, Peak:0.00M | Scene, ViewLayer | Synchronizing object | door-left-center-b
Fra:1 Mem:19.04M (Peak 19.13M) | Time:00:00.00 | Mem:0.00M, Peak:0.00M | Scene, ViewLayer | Synchronizing object | wheel-rear-rear-right
Fra:1 Mem:19.03M (Peak 19.13M) | Time:00:00.00 | Mem:0.00M, Peak:0.00M | Scene, ViewLayer | Synchronizing object | door-left-front-a
Fra:1 Mem:19.06M (Peak 19.13M) | Time:00:00.00 | Mem:0.00M, Peak:0.00M | Scene, ViewLayer | Synchronizing object | wheel-rear-rear-left
Fra:1 Mem:19.06M (Peak 19.13M) | Time:00:00.00 | Mem:0.00M, Peak:0.00M | Scene, ViewLayer | Synchronizing object | door-left-front-b
Fra:1 Mem:19.08M (Peak 19.13M) | Time:00:00.00 | Mem:0.00M, Peak:0.00M | Scene, ViewLayer | Synchronizing object | wheel-rear-front-right
Fra:1 Mem:19.08M (Peak 19.13M) | Time:00:00.00 | Mem:0.00M, Peak:0.00M | Scene, ViewLayer | Synchronizing object | door-left-rear-a
Fra:1 Mem:19.07M (Peak 19.13M) | Time:00:00.00 | Mem:0.00M, Peak:0.00M | Scene, ViewLayer | Synchronizing object | wheel-rear-front-left
Fra:1 Mem:19.08M (Peak 19.13M) | Time:00:00.00 | Mem:0.00M, Peak:0.00M | Scene, ViewLayer | Synchronizing object | door-left-rear-b
Fra:1 Mem:19.08M (Peak 19.13M) | Time:00:00.00 | Mem:0.00M, Peak:0.00M | Scene, ViewLayer | Synchronizing object | wheel-front-rear-right
Fra:1 Mem:19.12M (Peak 19.13M) | Time:00:00.00 | Mem:0.00M, Peak:0.00M | Scene, ViewLayer | Synchronizing object | wheel-front-rear-left
Fra:1 Mem:19.11M (Peak 19.13M) | Time:00:00.00 | Mem:0.00M, Peak:0.00M | Scene, ViewLayer | Synchronizing object | door-right-center-a
Fra:1 Mem:19.14M (Peak 19.14M) | Time:00:00.00 | Mem:0.00M, Peak:0.00M | Scene, ViewLayer | Synchronizing object | wheel-front-front-right
Fra:1 Mem:19.15M (Peak 19.15M) | Time:00:00.00 | Mem:0.00M, Peak:0.00M | Scene, ViewLayer | Synchronizing object | door-right-center-b
Fra:1 Mem:19.16M (Peak 19.16M) | Time:00:00.00 | Mem:0.00M, Peak:0.00M | Scene, ViewLayer | Synchronizing object | wheel-front-front-left
Fra:1 Mem:19.17M (Peak 19.17M) | Time:00:00.00 | Mem:0.00M, Peak:0.00M | Scene, ViewLayer | Synchronizing object | door-right-front-a
Fra:1 Mem:19.16M (Peak 19.17M) | Time:00:00.00 | Mem:0.00M, Peak:0.00M | Scene, ViewLayer | Synchronizing object | lights
Fra:1 Mem:19.17M (Peak 19.17M) | Time:00:00.00 | Mem:0.00M, Peak:0.00M | Scene, ViewLayer | Synchronizing object | door-right-front-b
Fra:1 Mem:19.17M (Peak 19.17M) | Time:00:00.00 | Mem:0.00M, Peak:0.00M | Scene, ViewLayer | Synchronizing object | glass
Fra:1 Mem:19.20M (Peak 19.20M) | Time:00:00.00 | Mem:0.00M, Peak:0.00M | Scene, ViewLayer | Synchronizing object | door-right-rear-a
Fra:1 Mem:19.21M (Peak 19.21M) | Time:00:00.00 | Mem:0.00M, Peak:0.00M | Scene, ViewLayer | Synchronizing object | door-right-rear-b
Fra:1 Mem:19.22M (Peak 19.22M) | Time:00:00.00 | Mem:0.00M, Peak:0.00M | Scene, ViewLayer | Initializing
Fra:1 Mem:16.61M (Peak 19.22M) | Time:00:00.00 | Mem:0.00M, Peak:0.00M | Scene, ViewLayer | Waiting for render to start
Fra:1 Mem:16.61M (Peak 19.22M) | Time:00:00.00 | Mem:0.00M, Peak:0.00M | Scene, ViewLayer | Loading render kernels (may take a few minutes the first time)
Fra:1 Mem:16.61M (Peak 19.22M) | Time:00:00.00 | Mem:0.00M, Peak:0.00M | Scene, ViewLayer | Updating Scene
Fra:1 Mem:16.61M (Peak 19.22M) | Time:00:00.00 | Mem:0.00M, Peak:0.00M | Scene, ViewLayer | Updating Shaders
Fra:1 Mem:16.70M (Peak 19.22M) | Time:00:00.00 | Mem:0.01M, Peak:0.01M | Scene, ViewLayer | Updating Procedurals
Fra:1 Mem:16.70M (Peak 19.22M) | Time:00:00.00 | Mem:0.01M, Peak:0.01M | Scene, ViewLayer | Updating Background
Fra:1 Mem:16.70M (Peak 19.22M) | Time:00:00.00 | Mem:0.01M, Peak:0.01M | Scene, ViewLayer | Updating Camera
Fra:1 Mem:16.70M (Peak 19.22M) | Time:00:00.00 | Mem:0.01M, Peak:0.01M | Scene, ViewLayer | Updating Meshes Flags
Fra:1 Mem:16.70M (Peak 19.22M) | Time:00:00.00 | Mem:0.01M, Peak:0.01M | Scene, ViewLayer | Updating Objects
Fra:1 Mem:16.70M (Peak 19.22M) | Time:00:00.00 | Mem:0.01M, Peak:0.01M | Scene, ViewLayer | Updating Objects | Copying Transformations to device
Fra:1 Mem:16.71M (Peak 19.22M) | Time:00:00.00 | Mem:0.02M, Peak:0.02M | Scene, ViewLayer | Updating Objects | Applying Static Transformations
Fra:1 Mem:16.71M (Peak 19.22M) | Time:00:00.00 | Mem:0.02M, Peak:0.02M | Scene, ViewLayer | Updating Particle Systems
Fra:1 Mem:16.71M (Peak 19.22M) | Time:00:00.00 | Mem:0.02M, Peak:0.02M | Scene, ViewLayer | Updating Particle Systems | Copying Particles to device
Fra:1 Mem:16.71M (Peak 19.22M) | Time:00:00.00 | Mem:0.02M, Peak:0.02M | Scene, ViewLayer | Updating Meshes
Fra:1 Mem:16.76M (Peak 19.22M) | Time:00:00.00 | Mem:0.02M, Peak:0.02M | Scene, ViewLayer | Updating Mesh | Computing attributes
Fra:1 Mem:16.90M (Peak 19.22M) | Time:00:00.00 | Mem:0.02M, Peak:0.02M | Scene, ViewLayer | Updating Mesh | Copying Attributes to device
Fra:1 Mem:16.90M (Peak 19.22M) | Time:00:00.00 | Mem:0.16M, Peak:0.16M | Scene, ViewLayer | Updating Scene BVH | Building
Fra:1 Mem:16.90M (Peak 19.22M) | Time:00:00.00 | Mem:0.16M, Peak:0.16M | Scene, ViewLayer | Updating Scene BVH | Building BVH
Fra:1 Mem:16.90M (Peak 19.22M) | Time:00:00.00 | Mem:0.26M, Peak:0.26M | Scene, ViewLayer | Updating Scene BVH | Building BVH 0%
Fra:1 Mem:16.90M (Peak 19.22M) | Time:00:00.00 | Mem:0.39M, Peak:0.49M | Scene, ViewLayer | Updating Scene BVH | Copying BVH to device
Fra:1 Mem:16.90M (Peak 19.22M) | Time:00:00.00 | Mem:0.39M, Peak:0.49M | Scene, ViewLayer | Updating Mesh | Computing normals
Fra:1 Mem:17.28M (Peak 19.22M) | Time:00:00.00 | Mem:0.39M, Peak:0.49M | Scene, ViewLayer | Updating Mesh | Copying Mesh to device
Fra:1 Mem:17.28M (Peak 19.22M) | Time:00:00.00 | Mem:0.77M, Peak:0.77M | Scene, ViewLayer | Updating Objects Flags
Fra:1 Mem:17.28M (Peak 19.22M) | Time:00:00.00 | Mem:0.77M, Peak:0.77M | Scene, ViewLayer | Updating Primitive Offsets
Fra:1 Mem:17.28M (Peak 19.22M) | Time:00:00.00 | Mem:0.77M, Peak:0.77M | Scene, ViewLayer | Updating Images
Fra:1 Mem:17.28M (Peak 19.22M) | Time:00:00.00 | Mem:0.77M, Peak:0.77M | Scene, ViewLayer | Updating Camera Volume
Fra:1 Mem:17.28M (Peak 19.22M) | Time:00:00.00 | Mem:0.77M, Peak:0.77M | Scene, ViewLayer | Updating Lookup Tables
Fra:1 Mem:17.28M (Peak 19.22M) | Time:00:00.00 | Mem:0.85M, Peak:0.85M | Scene, ViewLayer | Updating Lights
Fra:1 Mem:17.28M (Peak 19.22M) | Time:00:00.00 | Mem:0.85M, Peak:0.85M | Scene, ViewLayer | Updating Lights | Computing tree
Fra:1 Mem:17.28M (Peak 19.22M) | Time:00:00.00 | Mem:0.86M, Peak:0.86M | Scene, ViewLayer | Updating Integrator
Fra:1 Mem:17.28M (Peak 19.22M) | Time:00:00.00 | Mem:0.86M, Peak:0.86M | Scene, ViewLayer | Updating Film
Fra:1 Mem:17.29M (Peak 19.22M) | Time:00:00.00 | Mem:0.77M, Peak:0.86M | Scene, ViewLayer | Updating Lookup Tables
Fra:1 Mem:17.29M (Peak 19.22M) | Time:00:00.00 | Mem:0.86M, Peak:0.86M | Scene, ViewLayer | Updating Baking
Fra:1 Mem:17.29M (Peak 19.22M) | Time:00:00.00 | Mem:0.86M, Peak:0.86M | Scene, ViewLayer | Updating Device | Writing constant memory
Fra:1 Mem:17.29M (Peak 19.22M) | Time:00:00.00 | Mem:0.86M, Peak:0.86M | Scene, ViewLayer | Sample 0/8
Fra:1 Mem:26.08M (Peak 26.08M) | Time:00:00.63 | Remaining:00:04.35 | Mem:9.65M, Peak:9.65M | Scene, ViewLayer | Sample 1/8
Fra:1 Mem:29.99M (Peak 37.80M) | Time:00:04.95 | Mem:9.65M, Peak:9.65M | Scene, ViewLayer | Sample 8/8
Fra:1 Mem:29.99M (Peak 37.80M) | Time:00:04.95 | Mem:9.65M, Peak:9.65M | Scene, ViewLayer | Finished
Saved: '/workspace/scratch/7c20b5ba4165/atlas-backlog-oct3/tools/assets/boardable-metro/qa/previews/lead-seat-left-06-eye.png'
Time: 00:05.00 (Saving: 00:00.04)

Extensions: writing cache failed ([Errno 30] Read-only file system: '/home/agent/.config/blender').
16:26:36 | INFO: Data are loaded, start creating Blender stuff
16:26:36 | INFO: Blender create Mesh node Cube
16:26:36 | INFO: Blender create Mesh node Cube.158
16:26:36 | INFO: Blender create Mesh node Cube.157
16:26:36 | INFO: Blender create Mesh node Cube.135
16:26:36 | INFO: Blender create Mesh node Cube.140
16:26:36 | INFO: Blender create Mesh node Cube.145
16:26:36 | INFO: Blender create Mesh node Cube.150
16:26:36 | INFO: Blender create Mesh node Cube.125
16:26:36 | INFO: Blender create Mesh node Cube.130
16:26:36 | INFO: Blender create Mesh node Cube.105
16:26:36 | INFO: Blender create Mesh node Cube.110
16:26:36 | INFO: Blender create Mesh node Cube.115
16:26:36 | INFO: Blender create Mesh node Cube.120
16:26:36 | INFO: Blender create Mesh node Cube.095
16:26:36 | INFO: Blender create Mesh node Cube.100
16:26:36 | INFO: Blender create Mesh node Cube.004
16:26:36 | INFO: Blender create Mesh node Cube.092
16:26:36 | INFO: Blender create Mesh node Cylinder.007
16:26:36 | INFO: Blender create Mesh node Cylinder.006
16:26:36 | INFO: Blender create Mesh node Cylinder.005
16:26:36 | INFO: Blender create Mesh node Cylinder.004
16:26:36 | INFO: Blender create Mesh node Cylinder.003
16:26:36 | INFO: Blender create Mesh node Cylinder.002
16:26:36 | INFO: Blender create Mesh node Cylinder.001
16:26:36 | INFO: Blender create Mesh node Cylinder
16:26:36 | INFO: glTF import finished in 0.03s
16:26:36 | INFO: Data are loaded, start creating Blender stuff
16:26:36 | INFO: Blender create Mesh node interior-batch-metro-wall
16:26:36 | INFO: Blender create Mesh node interior-batch-metro-floor
16:26:36 | INFO: Blender create Mesh node interior-batch-metro-rail
16:26:36 | INFO: Blender create Mesh node interior-batch-metro-screen
16:26:36 | INFO: Blender create Mesh node interior-batch-metro-priority-seat
16:26:36 | INFO: Blender create Mesh node interior-batch-metro-seat
16:26:36 | INFO: glTF import finished in 0.01s
Fra:1 Mem:20.10M (Peak 20.10M) | Time:00:00.00 | Mem:0.00M, Peak:0.00M | Scene, ViewLayer | Synchronizing object | body-shell
Fra:1 Mem:20.23M (Peak 20.23M) | Time:00:00.00 | Mem:0.00M, Peak:0.00M | Scene, ViewLayer | Synchronizing object | Cube.022
Fra:1 Mem:20.33M (Peak 20.33M) | Time:00:00.00 | Mem:0.00M, Peak:0.00M | Scene, ViewLayer | Synchronizing object | Cube.021
Fra:1 Mem:20.33M (Peak 20.33M) | Time:00:00.00 | Mem:0.00M, Peak:0.00M | Scene, ViewLayer | Synchronizing object | Cube.020
Fra:1 Mem:20.34M (Peak 20.34M) | Time:00:00.00 | Mem:0.00M, Peak:0.00M | Scene, ViewLayer | Synchronizing object | Cube.019
Fra:1 Mem:20.34M (Peak 20.34M) | Time:00:00.00 | Mem:0.00M, Peak:0.00M | Scene, ViewLayer | Synchronizing object | Cube.018
Fra:1 Mem:20.34M (Peak 20.34M) | Time:00:00.00 | Mem:0.00M, Peak:0.00M | Scene, ViewLayer | Synchronizing object | Cube.017
Fra:1 Mem:20.34M (Peak 20.34M) | Time:00:00.00 | Mem:0.00M, Peak:0.00M | Scene, ViewLayer | Synchronizing object | Cube.016
Fra:1 Mem:20.36M (Peak 20.36M) | Time:00:00.00 | Mem:0.00M, Peak:0.00M | Scene, ViewLayer | Synchronizing object | Cube.015
Fra:1 Mem:20.36M (Peak 20.36M) | Time:00:00.00 | Mem:0.00M, Peak:0.00M | Scene, ViewLayer | Synchronizing object | Cube.014
Fra:1 Mem:20.38M (Peak 20.38M) | Time:00:00.00 | Mem:0.00M, Peak:0.00M | Scene, ViewLayer | Synchronizing object | Cube.013
Fra:1 Mem:20.52M (Peak 20.52M) | Time:00:00.00 | Mem:0.00M, Peak:0.00M | Scene, ViewLayer | Synchronizing object | Cube.012
Fra:1 Mem:20.52M (Peak 20.52M) | Time:00:00.00 | Mem:0.00M, Peak:0.00M | Scene, ViewLayer | Synchronizing object | Cube.011
Fra:1 Mem:20.52M (Peak 20.52M) | Time:00:00.00 | Mem:0.00M, Peak:0.00M | Scene, ViewLayer | Synchronizing object | Cube.010
Fra:1 Mem:20.52M (Peak 20.52M) | Time:00:00.00 | Mem:0.00M, Peak:0.00M | Scene, ViewLayer | Synchronizing object | Cube.009
Fra:1 Mem:20.52M (Peak 20.52M) | Time:00:00.00 | Mem:0.00M, Peak:0.00M | Scene, ViewLayer | Synchronizing object | Cube.008
Fra:1 Mem:20.52M (Peak 20.52M) | Time:00:00.00 | Mem:0.00M, Peak:0.00M | Scene, ViewLayer | Synchronizing object | Cube.007
Fra:1 Mem:20.52M (Peak 20.52M) | Time:00:00.00 | Mem:0.00M, Peak:0.00M | Scene, ViewLayer | Synchronizing object | Cube.006
Fra:1 Mem:20.52M (Peak 20.52M) | Time:00:00.00 | Mem:0.00M, Peak:0.00M | Scene, ViewLayer | Synchronizing object | Cube.005
Fra:1 Mem:20.52M (Peak 20.52M) | Time:00:00.00 | Mem:0.00M, Peak:0.00M | Scene, ViewLayer | Synchronizing object | Cube.004
Fra:1 Mem:20.52M (Peak 20.52M) | Time:00:00.00 | Mem:0.00M, Peak:0.00M | Scene, ViewLayer | Synchronizing object | Cube.003
Fra:1 Mem:20.52M (Peak 20.52M) | Time:00:00.00 | Mem:0.00M, Peak:0.00M | Scene, ViewLayer | Synchronizing object | Cube.002
Fra:1 Mem:20.53M (Peak 20.53M) | Time:00:00.00 | Mem:0.00M, Peak:0.00M | Scene, ViewLayer | Synchronizing object | Cube.001
Fra:1 Mem:20.53M (Peak 20.53M) | Time:00:00.00 | Mem:0.00M, Peak:0.00M | Scene, ViewLayer | Synchronizing object | Cube
Fra:1 Mem:20.53M (Peak 20.53M) | Time:00:00.00 | Mem:0.00M, Peak:0.00M | Scene, ViewLayer | Synchronizing object | QA-ground
Fra:1 Mem:20.53M (Peak 20.53M) | Time:00:00.00 | Mem:0.00M, Peak:0.00M | Scene, ViewLayer | Synchronizing object | interior-batch-metro-seat
Fra:1 Mem:20.42M (Peak 20.53M) | Time:00:00.00 | Mem:0.00M, Peak:0.00M | Scene, ViewLayer | Synchronizing object | bogie-front-frame
Fra:1 Mem:20.38M (Peak 20.53M) | Time:00:00.00 | Mem:0.00M, Peak:0.00M | Scene, ViewLayer | Synchronizing object | bogie-rear-frame
Fra:1 Mem:20.36M (Peak 20.53M) | Time:00:00.00 | Mem:0.00M, Peak:0.00M | Scene, ViewLayer | Synchronizing object | interior-batch-metro-priority-seat
Fra:1 Mem:20.37M (Peak 20.53M) | Time:00:00.00 | Mem:0.00M, Peak:0.00M | Scene, ViewLayer | Synchronizing object | interior-batch-metro-screen
Fra:1 Mem:20.38M (Peak 20.53M) | Time:00:00.00 | Mem:0.00M, Peak:0.00M | Scene, ViewLayer | Synchronizing object | interior-batch-metro-rail
Fra:1 Mem:20.48M (Peak 20.53M) | Time:00:00.00 | Mem:0.00M, Peak:0.00M | Scene, ViewLayer | Synchronizing object | interior-batch-metro-floor
Fra:1 Mem:20.48M (Peak 20.53M) | Time:00:00.00 | Mem:0.00M, Peak:0.00M | Scene, ViewLayer | Synchronizing object | door-left-center-a
Fra:1 Mem:20.48M (Peak 20.53M) | Time:00:00.00 | Mem:0.00M, Peak:0.00M | Scene, ViewLayer | Synchronizing object | interior-batch-metro-wall
Fra:1 Mem:20.53M (Peak 20.53M) | Time:00:00.00 | Mem:0.00M, Peak:0.00M | Scene, ViewLayer | Synchronizing object | door-left-center-b
Fra:1 Mem:20.58M (Peak 20.58M) | Time:00:00.00 | Mem:0.00M, Peak:0.00M | Scene, ViewLayer | Synchronizing object | door-left-front-a
Fra:1 Mem:20.54M (Peak 20.58M) | Time:00:00.00 | Mem:0.00M, Peak:0.00M | Scene, ViewLayer | Synchronizing object | wheel-rear-rear-right
Fra:1 Mem:20.57M (Peak 20.58M) | Time:00:00.00 | Mem:0.00M, Peak:0.00M | Scene, ViewLayer | Synchronizing object | door-left-front-b
Fra:1 Mem:20.58M (Peak 20.58M) | Time:00:00.00 | Mem:0.00M, Peak:0.00M | Scene, ViewLayer | Synchronizing object | wheel-rear-rear-left
Fra:1 Mem:20.59M (Peak 20.59M) | Time:00:00.00 | Mem:0.00M, Peak:0.00M | Scene, ViewLayer | Synchronizing object | door-left-rear-a
Fra:1 Mem:20.61M (Peak 20.61M) | Time:00:00.00 | Mem:0.00M, Peak:0.00M | Scene, ViewLayer | Synchronizing object | wheel-rear-front-right
Fra:1 Mem:20.60M (Peak 20.61M) | Time:00:00.00 | Mem:0.00M, Peak:0.00M | Scene, ViewLayer | Synchronizing object | door-left-rear-b
Fra:1 Mem:20.64M (Peak 20.64M) | Time:00:00.00 | Mem:0.00M, Peak:0.00M | Scene, ViewLayer | Synchronizing object | wheel-rear-front-left
Fra:1 Mem:20.63M (Peak 20.64M) | Time:00:00.00 | Mem:0.00M, Peak:0.00M | Scene, ViewLayer | Synchronizing object | door-right-center-a
Fra:1 Mem:20.66M (Peak 20.66M) | Time:00:00.00 | Mem:0.00M, Peak:0.00M | Scene, ViewLayer | Synchronizing object | wheel-front-rear-right
Fra:1 Mem:20.66M (Peak 20.66M) | Time:00:00.00 | Mem:0.00M, Peak:0.00M | Scene, ViewLayer | Synchronizing object | door-right-center-b
Fra:1 Mem:20.67M (Peak 20.67M) | Time:00:00.00 | Mem:0.00M, Peak:0.00M | Scene, ViewLayer | Synchronizing object | wheel-front-rear-left
Fra:1 Mem:20.68M (Peak 20.68M) | Time:00:00.00 | Mem:0.00M, Peak:0.00M | Scene, ViewLayer | Synchronizing object | door-right-front-a
Fra:1 Mem:20.67M (Peak 20.68M) | Time:00:00.00 | Mem:0.00M, Peak:0.00M | Scene, ViewLayer | Synchronizing object | wheel-front-front-right
Fra:1 Mem:20.70M (Peak 20.70M) | Time:00:00.00 | Mem:0.00M, Peak:0.00M | Scene, ViewLayer | Synchronizing object | door-right-front-b
Fra:1 Mem:20.69M (Peak 20.70M) | Time:00:00.00 | Mem:0.00M, Peak:0.00M | Scene, ViewLayer | Synchronizing object | wheel-front-front-left
Fra:1 Mem:20.71M (Peak 20.71M) | Time:00:00.00 | Mem:0.00M, Peak:0.00M | Scene, ViewLayer | Synchronizing object | door-right-rear-a
Fra:1 Mem:20.71M (Peak 20.71M) | Time:00:00.00 | Mem:0.00M, Peak:0.00M | Scene, ViewLayer | Synchronizing object | lights
Fra:1 Mem:20.74M (Peak 20.74M) | Time:00:00.00 | Mem:0.00M, Peak:0.00M | Scene, ViewLayer | Synchronizing object | glass
Fra:1 Mem:20.74M (Peak 20.74M) | Time:00:00.00 | Mem:0.00M, Peak:0.00M | Scene, ViewLayer | Synchronizing object | door-right-rear-b
Fra:1 Mem:20.77M (Peak 20.77M) | Time:00:00.00 | Mem:0.00M, Peak:0.00M | Scene, ViewLayer | Initializing
Fra:1 Mem:17.46M (Peak 20.77M) | Time:00:00.00 | Mem:0.00M, Peak:0.00M | Scene, ViewLayer | Waiting for render to start
Fra:1 Mem:17.46M (Peak 20.77M) | Time:00:00.00 | Mem:0.00M, Peak:0.00M | Scene, ViewLayer | Loading render kernels (may take a few minutes the first time)
Fra:1 Mem:17.46M (Peak 20.77M) | Time:00:00.00 | Mem:0.00M, Peak:0.00M | Scene, ViewLayer | Updating Scene
Fra:1 Mem:17.46M (Peak 20.77M) | Time:00:00.00 | Mem:0.00M, Peak:0.00M | Scene, ViewLayer | Updating Shaders
Fra:1 Mem:17.55M (Peak 20.77M) | Time:00:00.00 | Mem:0.01M, Peak:0.01M | Scene, ViewLayer | Updating Procedurals
Fra:1 Mem:17.55M (Peak 20.77M) | Time:00:00.00 | Mem:0.01M, Peak:0.01M | Scene, ViewLayer | Updating Background
Fra:1 Mem:17.55M (Peak 20.77M) | Time:00:00.00 | Mem:0.01M, Peak:0.01M | Scene, ViewLayer | Updating Camera
Fra:1 Mem:17.55M (Peak 20.77M) | Time:00:00.00 | Mem:0.01M, Peak:0.01M | Scene, ViewLayer | Updating Meshes Flags
Fra:1 Mem:17.55M (Peak 20.77M) | Time:00:00.00 | Mem:0.01M, Peak:0.01M | Scene, ViewLayer | Updating Objects
Fra:1 Mem:17.55M (Peak 20.77M) | Time:00:00.00 | Mem:0.01M, Peak:0.01M | Scene, ViewLayer | Updating Objects | Copying Transformations to device
Fra:1 Mem:17.57M (Peak 20.77M) | Time:00:00.00 | Mem:0.02M, Peak:0.02M | Scene, ViewLayer | Updating Objects | Applying Static Transformations
Fra:1 Mem:17.57M (Peak 20.77M) | Time:00:00.00 | Mem:0.02M, Peak:0.02M | Scene, ViewLayer | Updating Particle Systems
Fra:1 Mem:17.57M (Peak 20.77M) | Time:00:00.00 | Mem:0.02M, Peak:0.02M | Scene, ViewLayer | Updating Particle Systems | Copying Particles to device
Fra:1 Mem:17.57M (Peak 20.77M) | Time:00:00.00 | Mem:0.02M, Peak:0.02M | Scene, ViewLayer | Updating Meshes
Fra:1 Mem:17.62M (Peak 20.77M) | Time:00:00.00 | Mem:0.02M, Peak:0.02M | Scene, ViewLayer | Updating Mesh | Computing attributes
Fra:1 Mem:17.77M (Peak 20.77M) | Time:00:00.00 | Mem:0.03M, Peak:0.03M | Scene, ViewLayer | Updating Mesh | Copying Attributes to device
Fra:1 Mem:17.76M (Peak 20.77M) | Time:00:00.00 | Mem:0.16M, Peak:0.16M | Scene, ViewLayer | Updating Scene BVH | Building
Fra:1 Mem:17.76M (Peak 20.77M) | Time:00:00.00 | Mem:0.16M, Peak:0.16M | Scene, ViewLayer | Updating Scene BVH | Building BVH
Fra:1 Mem:17.76M (Peak 20.77M) | Time:00:00.00 | Mem:0.28M, Peak:0.28M | Scene, ViewLayer | Updating Scene BVH | Building BVH 0%
Fra:1 Mem:17.76M (Peak 20.77M) | Time:00:00.01 | Mem:0.43M, Peak:0.54M | Scene, ViewLayer | Updating Scene BVH | Copying BVH to device
Fra:1 Mem:17.76M (Peak 20.77M) | Time:00:00.01 | Mem:0.43M, Peak:0.54M | Scene, ViewLayer | Updating Mesh | Computing normals
Fra:1 Mem:18.15M (Peak 20.77M) | Time:00:00.01 | Mem:0.43M, Peak:0.54M | Scene, ViewLayer | Updating Mesh | Copying Mesh to device
Fra:1 Mem:18.15M (Peak 20.77M) | Time:00:00.01 | Mem:0.82M, Peak:0.82M | Scene, ViewLayer | Updating Objects Flags
Fra:1 Mem:18.15M (Peak 20.77M) | Time:00:00.01 | Mem:0.82M, Peak:0.82M | Scene, ViewLayer | Updating Primitive Offsets
Fra:1 Mem:18.15M (Peak 20.77M) | Time:00:00.01 | Mem:0.82M, Peak:0.82M | Scene, ViewLayer | Updating Images
Fra:1 Mem:18.15M (Peak 20.77M) | Time:00:00.01 | Mem:0.82M, Peak:0.82M | Scene, ViewLayer | Updating Camera Volume
Fra:1 Mem:18.15M (Peak 20.77M) | Time:00:00.01 | Mem:0.82M, Peak:0.82M | Scene, ViewLayer | Updating Lookup Tables
Fra:1 Mem:18.15M (Peak 20.77M) | Time:00:00.01 | Mem:0.90M, Peak:0.90M | Scene, ViewLayer | Updating Lights
Fra:1 Mem:18.15M (Peak 20.77M) | Time:00:00.01 | Mem:0.90M, Peak:0.90M | Scene, ViewLayer | Updating Lights | Computing tree
Fra:1 Mem:18.16M (Peak 20.77M) | Time:00:00.01 | Mem:0.90M, Peak:0.90M | Scene, ViewLayer | Updating Integrator
Fra:1 Mem:18.16M (Peak 20.77M) | Time:00:00.01 | Mem:0.90M, Peak:0.90M | Scene, ViewLayer | Updating Film
Fra:1 Mem:18.16M (Peak 20.77M) | Time:00:00.01 | Mem:0.82M, Peak:0.90M | Scene, ViewLayer | Updating Lookup Tables
Fra:1 Mem:18.16M (Peak 20.77M) | Time:00:00.01 | Mem:0.91M, Peak:0.91M | Scene, ViewLayer | Updating Baking
Fra:1 Mem:18.16M (Peak 20.77M) | Time:00:00.01 | Mem:0.91M, Peak:0.91M | Scene, ViewLayer | Updating Device | Writing constant memory
Fra:1 Mem:18.16M (Peak 20.77M) | Time:00:00.01 | Mem:0.91M, Peak:0.91M | Scene, ViewLayer | Sample 0/8
Fra:1 Mem:26.96M (Peak 26.96M) | Time:00:00.46 | Remaining:00:03.14 | Mem:9.70M, Peak:9.70M | Scene, ViewLayer | Sample 1/8
Fra:1 Mem:30.87M (Peak 38.68M) | Time:00:03.32 | Mem:9.70M, Peak:9.70M | Scene, ViewLayer | Sample 8/8
Fra:1 Mem:30.87M (Peak 38.68M) | Time:00:03.32 | Mem:9.70M, Peak:9.70M | Scene, ViewLayer | Finished
Saved: '/workspace/scratch/7c20b5ba4165/atlas-backlog-oct3/tools/assets/boardable-metro/qa/previews/lead-scale-reference.png'
Time: 00:03.37 (Saving: 00:00.05)

Extensions: writing cache failed ([Errno 30] Read-only file system: '/home/agent/.config/blender').
16:26:40 | INFO: Data are loaded, start creating Blender stuff
16:26:40 | INFO: Blender create Mesh node Cube
16:26:40 | INFO: Blender create Mesh node Cube.158
16:26:40 | INFO: Blender create Mesh node Cube.157
16:26:40 | INFO: Blender create Mesh node Cube.135
16:26:40 | INFO: Blender create Mesh node Cube.140
16:26:40 | INFO: Blender create Mesh node Cube.145
16:26:40 | INFO: Blender create Mesh node Cube.150
16:26:40 | INFO: Blender create Mesh node Cube.125
16:26:40 | INFO: Blender create Mesh node Cube.130
16:26:40 | INFO: Blender create Mesh node Cube.105
16:26:40 | INFO: Blender create Mesh node Cube.110
16:26:40 | INFO: Blender create Mesh node Cube.115
16:26:40 | INFO: Blender create Mesh node Cube.120
16:26:40 | INFO: Blender create Mesh node Cube.095
16:26:40 | INFO: Blender create Mesh node Cube.100
16:26:40 | INFO: Blender create Mesh node Cube.004
16:26:40 | INFO: Blender create Mesh node Cylinder.007
16:26:40 | INFO: Blender create Mesh node Cylinder.006
16:26:40 | INFO: Blender create Mesh node Cylinder.005
16:26:40 | INFO: Blender create Mesh node Cylinder.004
16:26:40 | INFO: Blender create Mesh node Cylinder.003
16:26:40 | INFO: Blender create Mesh node Cylinder.002
16:26:40 | INFO: Blender create Mesh node Cylinder.001
16:26:40 | INFO: Blender create Mesh node Cylinder
16:26:40 | INFO: glTF import finished in 0.02s
Extensions: writing cache failed ([Errno 30] Read-only file system: '/home/agent/.config/blender').
16:26:40 | INFO: Data are loaded, start creating Blender stuff
16:26:40 | INFO: Blender create Mesh node Cube
16:26:40 | INFO: Blender create Mesh node Cube.142
16:26:40 | INFO: Blender create Mesh node Cube.141
16:26:40 | INFO: Blender create Mesh node Cube.119
16:26:40 | INFO: Blender create Mesh node Cube.124
16:26:40 | INFO: Blender create Mesh node Cube.129
16:26:40 | INFO: Blender create Mesh node Cube.134
16:26:40 | INFO: Blender create Mesh node Cube.109
16:26:40 | INFO: Blender create Mesh node Cube.114
16:26:40 | INFO: Blender create Mesh node Cube.089
16:26:40 | INFO: Blender create Mesh node Cube.094
16:26:40 | INFO: Blender create Mesh node Cube.099
16:26:40 | INFO: Blender create Mesh node Cube.104
16:26:40 | INFO: Blender create Mesh node Cube.079
16:26:40 | INFO: Blender create Mesh node Cube.084
16:26:40 | INFO: Blender create Mesh node Cube.004
16:26:40 | INFO: Blender create Mesh node Cylinder.007
16:26:40 | INFO: Blender create Mesh node Cylinder.006
16:26:40 | INFO: Blender create Mesh node Cylinder.005
16:26:40 | INFO: Blender create Mesh node Cylinder.004
16:26:40 | INFO: Blender create Mesh node Cylinder.003
16:26:40 | INFO: Blender create Mesh node Cylinder.002
16:26:40 | INFO: Blender create Mesh node Cylinder.001
16:26:40 | INFO: Blender create Mesh node Cylinder
16:26:40 | INFO: glTF import finished in 0.02s
Extensions: writing cache failed ([Errno 30] Read-only file system: '/home/agent/.config/blender').
16:26:40 | INFO: Data are loaded, start creating Blender stuff
16:26:40 | INFO: Blender create Mesh node Cube
16:26:40 | INFO: Blender create Mesh node Cube.013
16:26:40 | INFO: Blender create Mesh node Cube.012
16:26:40 | INFO: Blender create Mesh node Cube.002
16:26:40 | INFO: Blender create Mesh node Cylinder.007
16:26:40 | INFO: Blender create Mesh node Cylinder.006
16:26:40 | INFO: Blender create Mesh node Cylinder.005
16:26:40 | INFO: Blender create Mesh node Cylinder.004
16:26:40 | INFO: Blender create Mesh node Cylinder.003
16:26:40 | INFO: Blender create Mesh node Cylinder.002
16:26:40 | INFO: Blender create Mesh node Cylinder.001
16:26:40 | INFO: Blender create Mesh node Cylinder
16:26:40 | INFO: glTF import finished in 0.01s
Extensions: writing cache failed ([Errno 30] Read-only file system: '/home/agent/.config/blender').
16:26:40 | INFO: Data are loaded, start creating Blender stuff
16:26:40 | INFO: Blender create Mesh node Cube
16:26:40 | INFO: Blender create Mesh node Cube.158
16:26:40 | INFO: Blender create Mesh node Cube.157
16:26:40 | INFO: Blender create Mesh node Cube.135
16:26:40 | INFO: Blender create Mesh node Cube.140
16:26:40 | INFO: Blender create Mesh node Cube.145
16:26:40 | INFO: Blender create Mesh node Cube.150
16:26:40 | INFO: Blender create Mesh node Cube.125
16:26:40 | INFO: Blender create Mesh node Cube.130
16:26:40 | INFO: Blender create Mesh node Cube.105
16:26:40 | INFO: Blender create Mesh node Cube.110
16:26:40 | INFO: Blender create Mesh node Cube.115
16:26:40 | INFO: Blender create Mesh node Cube.120
16:26:40 | INFO: Blender create Mesh node Cube.095
16:26:40 | INFO: Blender create Mesh node Cube.100
16:26:40 | INFO: Blender create Mesh node Cube.004
16:26:40 | INFO: Blender create Mesh node Cylinder.007
16:26:40 | INFO: Blender create Mesh node Cylinder.006
16:26:40 | INFO: Blender create Mesh node Cylinder.005
16:26:40 | INFO: Blender create Mesh node Cylinder.004
16:26:40 | INFO: Blender create Mesh node Cylinder.003
16:26:40 | INFO: Blender create Mesh node Cylinder.002
16:26:40 | INFO: Blender create Mesh node Cylinder.001
16:26:40 | INFO: Blender create Mesh node Cylinder
16:26:40 | INFO: glTF import finished in 0.02s
16:26:40 | INFO: Data are loaded, start creating Blender stuff
16:26:40 | INFO: Blender create Mesh node interior-batch-metro-wall
16:26:40 | INFO: Blender create Mesh node interior-batch-metro-floor
16:26:40 | INFO: Blender create Mesh node interior-batch-metro-rail
16:26:40 | INFO: Blender create Mesh node interior-batch-metro-screen
16:26:40 | INFO: Blender create Mesh node interior-batch-metro-priority-seat
16:26:40 | INFO: Blender create Mesh node interior-batch-metro-seat
16:26:40 | INFO: glTF import finished in 0.01s
Fra:1 Mem:18.39M (Peak 18.39M) | Time:00:00.00 | Mem:0.00M, Peak:0.00M | Scene, ViewLayer | Synchronizing object | body-shell
Fra:1 Mem:18.82M (Peak 18.82M) | Time:00:00.00 | Mem:0.00M, Peak:0.00M | Scene, ViewLayer | Synchronizing object | QA-ground
Fra:1 Mem:18.83M (Peak 18.83M) | Time:00:00.00 | Mem:0.00M, Peak:0.00M | Scene, ViewLayer | Synchronizing object | interior-batch-metro-seat
Fra:1 Mem:18.68M (Peak 18.83M) | Time:00:00.00 | Mem:0.00M, Peak:0.00M | Scene, ViewLayer | Synchronizing object | interior-batch-metro-priority-seat
Fra:1 Mem:18.86M (Peak 18.86M) | Time:00:00.00 | Mem:0.00M, Peak:0.00M | Scene, ViewLayer | Synchronizing object | interior-batch-metro-screen
Fra:1 Mem:18.87M (Peak 18.87M) | Time:00:00.00 | Mem:0.00M, Peak:0.00M | Scene, ViewLayer | Synchronizing object | interior-batch-metro-rail
Fra:1 Mem:18.79M (Peak 18.87M) | Time:00:00.00 | Mem:0.00M, Peak:0.00M | Scene, ViewLayer | Synchronizing object | bogie-front-frame
Fra:1 Mem:18.85M (Peak 18.87M) | Time:00:00.00 | Mem:0.00M, Peak:0.00M | Scene, ViewLayer | Synchronizing object | bogie-rear-frame
Fra:1 Mem:18.86M (Peak 18.87M) | Time:00:00.00 | Mem:0.00M, Peak:0.00M | Scene, ViewLayer | Synchronizing object | door-left-center-a
Fra:1 Mem:18.76M (Peak 18.87M) | Time:00:00.00 | Mem:0.00M, Peak:0.00M | Scene, ViewLayer | Synchronizing object | door-left-center-b
Fra:1 Mem:18.79M (Peak 18.87M) | Time:00:00.00 | Mem:0.00M, Peak:0.00M | Scene, ViewLayer | Synchronizing object | interior-batch-metro-floor
Fra:1 Mem:18.78M (Peak 18.87M) | Time:00:00.00 | Mem:0.00M, Peak:0.00M | Scene, ViewLayer | Synchronizing object | door-left-front-a
Fra:1 Mem:18.78M (Peak 18.87M) | Time:00:00.00 | Mem:0.00M, Peak:0.00M | Scene, ViewLayer | Synchronizing object | interior-batch-metro-wall
Fra:1 Mem:18.88M (Peak 18.88M) | Time:00:00.00 | Mem:0.00M, Peak:0.00M | Scene, ViewLayer | Synchronizing object | door-left-front-b
Fra:1 Mem:18.88M (Peak 18.88M) | Time:00:00.00 | Mem:0.00M, Peak:0.00M | Scene, ViewLayer | Synchronizing object | door-left-rear-a
Fra:1 Mem:18.84M (Peak 18.88M) | Time:00:00.00 | Mem:0.00M, Peak:0.00M | Scene, ViewLayer | Synchronizing object | wheel-rear-rear-right
Fra:1 Mem:18.87M (Peak 18.88M) | Time:00:00.00 | Mem:0.00M, Peak:0.00M | Scene, ViewLayer | Synchronizing object | door-left-rear-b
Fra:1 Mem:18.88M (Peak 18.88M) | Time:00:00.00 | Mem:0.00M, Peak:0.00M | Scene, ViewLayer | Synchronizing object | wheel-rear-rear-left
Fra:1 Mem:18.89M (Peak 18.89M) | Time:00:00.00 | Mem:0.00M, Peak:0.00M | Scene, ViewLayer | Synchronizing object | door-right-center-a
Fra:1 Mem:18.90M (Peak 18.90M) | Time:00:00.00 | Mem:0.00M, Peak:0.00M | Scene, ViewLayer | Synchronizing object | wheel-rear-front-right
Fra:1 Mem:18.90M (Peak 18.90M) | Time:00:00.00 | Mem:0.00M, Peak:0.00M | Scene, ViewLayer | Synchronizing object | door-right-center-b
Fra:1 Mem:18.92M (Peak 18.92M) | Time:00:00.00 | Mem:0.00M, Peak:0.00M | Scene, ViewLayer | Synchronizing object | wheel-rear-front-left
Fra:1 Mem:18.92M (Peak 18.92M) | Time:00:00.00 | Mem:0.00M, Peak:0.00M | Scene, ViewLayer | Synchronizing object | door-right-front-a
Fra:1 Mem:18.95M (Peak 18.95M) | Time:00:00.00 | Mem:0.00M, Peak:0.00M | Scene, ViewLayer | Synchronizing object | wheel-front-rear-right
Fra:1 Mem:18.94M (Peak 18.95M) | Time:00:00.00 | Mem:0.00M, Peak:0.00M | Scene, ViewLayer | Synchronizing object | door-right-front-b
Fra:1 Mem:18.97M (Peak 18.97M) | Time:00:00.00 | Mem:0.00M, Peak:0.00M | Scene, ViewLayer | Synchronizing object | wheel-front-rear-left
Fra:1 Mem:18.99M (Peak 18.99M) | Time:00:00.00 | Mem:0.00M, Peak:0.00M | Scene, ViewLayer | Synchronizing object | door-right-rear-a
Fra:1 Mem:18.98M (Peak 18.99M) | Time:00:00.00 | Mem:0.00M, Peak:0.00M | Scene, ViewLayer | Synchronizing object | wheel-front-front-right
Fra:1 Mem:19.01M (Peak 19.01M) | Time:00:00.00 | Mem:0.00M, Peak:0.00M | Scene, ViewLayer | Synchronizing object | door-right-rear-b
Fra:1 Mem:19.00M (Peak 19.01M) | Time:00:00.00 | Mem:0.00M, Peak:0.00M | Scene, ViewLayer | Synchronizing object | wheel-front-front-left
Fra:1 Mem:19.03M (Peak 19.03M) | Time:00:00.00 | Mem:0.00M, Peak:0.00M | Scene, ViewLayer | Synchronizing object | glass
Fra:1 Mem:19.04M (Peak 19.04M) | Time:00:00.00 | Mem:0.00M, Peak:0.00M | Scene, ViewLayer | Initializing
Fra:1 Mem:16.49M (Peak 19.04M) | Time:00:00.00 | Mem:0.00M, Peak:0.00M | Scene, ViewLayer | Waiting for render to start
Fra:1 Mem:16.49M (Peak 19.04M) | Time:00:00.00 | Mem:0.00M, Peak:0.00M | Scene, ViewLayer | Loading render kernels (may take a few minutes the first time)
Fra:1 Mem:16.49M (Peak 19.04M) | Time:00:00.00 | Mem:0.00M, Peak:0.00M | Scene, ViewLayer | Updating Scene
Fra:1 Mem:16.49M (Peak 19.04M) | Time:00:00.00 | Mem:0.00M, Peak:0.00M | Scene, ViewLayer | Updating Shaders
Fra:1 Mem:16.58M (Peak 19.04M) | Time:00:00.00 | Mem:0.01M, Peak:0.01M | Scene, ViewLayer | Updating Procedurals
Fra:1 Mem:16.58M (Peak 19.04M) | Time:00:00.00 | Mem:0.01M, Peak:0.01M | Scene, ViewLayer | Updating Background
Fra:1 Mem:16.58M (Peak 19.04M) | Time:00:00.00 | Mem:0.01M, Peak:0.01M | Scene, ViewLayer | Updating Camera
Fra:1 Mem:16.58M (Peak 19.04M) | Time:00:00.00 | Mem:0.01M, Peak:0.01M | Scene, ViewLayer | Updating Meshes Flags
Fra:1 Mem:16.58M (Peak 19.04M) | Time:00:00.00 | Mem:0.01M, Peak:0.01M | Scene, ViewLayer | Updating Objects
Fra:1 Mem:16.58M (Peak 19.04M) | Time:00:00.00 | Mem:0.01M, Peak:0.01M | Scene, ViewLayer | Updating Objects | Copying Transformations to device
Fra:1 Mem:16.59M (Peak 19.04M) | Time:00:00.00 | Mem:0.02M, Peak:0.02M | Scene, ViewLayer | Updating Objects | Applying Static Transformations
Fra:1 Mem:16.59M (Peak 19.04M) | Time:00:00.00 | Mem:0.02M, Peak:0.02M | Scene, ViewLayer | Updating Particle Systems
Fra:1 Mem:16.59M (Peak 19.04M) | Time:00:00.00 | Mem:0.02M, Peak:0.02M | Scene, ViewLayer | Updating Particle Systems | Copying Particles to device
Fra:1 Mem:16.59M (Peak 19.04M) | Time:00:00.00 | Mem:0.02M, Peak:0.02M | Scene, ViewLayer | Updating Meshes
Fra:1 Mem:16.64M (Peak 19.04M) | Time:00:00.00 | Mem:0.02M, Peak:0.02M | Scene, ViewLayer | Updating Mesh | Computing attributes
Fra:1 Mem:16.78M (Peak 19.04M) | Time:00:00.00 | Mem:0.02M, Peak:0.02M | Scene, ViewLayer | Updating Mesh | Copying Attributes to device
Fra:1 Mem:16.78M (Peak 19.04M) | Time:00:00.00 | Mem:0.16M, Peak:0.16M | Scene, ViewLayer | Updating Scene BVH | Building
Fra:1 Mem:16.78M (Peak 19.04M) | Time:00:00.00 | Mem:0.16M, Peak:0.16M | Scene, ViewLayer | Updating Scene BVH | Building BVH
Fra:1 Mem:16.78M (Peak 19.04M) | Time:00:00.00 | Mem:0.26M, Peak:0.26M | Scene, ViewLayer | Updating Scene BVH | Building BVH 0%
Fra:1 Mem:16.78M (Peak 19.04M) | Time:00:00.00 | Mem:0.39M, Peak:0.49M | Scene, ViewLayer | Updating Scene BVH | Copying BVH to device
Fra:1 Mem:16.78M (Peak 19.04M) | Time:00:00.00 | Mem:0.39M, Peak:0.49M | Scene, ViewLayer | Updating Mesh | Computing normals
Fra:1 Mem:17.16M (Peak 19.04M) | Time:00:00.00 | Mem:0.39M, Peak:0.49M | Scene, ViewLayer | Updating Mesh | Copying Mesh to device
Fra:1 Mem:17.16M (Peak 19.04M) | Time:00:00.00 | Mem:0.77M, Peak:0.77M | Scene, ViewLayer | Updating Objects Flags
Fra:1 Mem:17.16M (Peak 19.04M) | Time:00:00.00 | Mem:0.77M, Peak:0.77M | Scene, ViewLayer | Updating Primitive Offsets
Fra:1 Mem:17.16M (Peak 19.04M) | Time:00:00.00 | Mem:0.77M, Peak:0.77M | Scene, ViewLayer | Updating Images
Fra:1 Mem:17.16M (Peak 19.04M) | Time:00:00.00 | Mem:0.77M, Peak:0.77M | Scene, ViewLayer | Updating Camera Volume
Fra:1 Mem:17.16M (Peak 19.04M) | Time:00:00.00 | Mem:0.77M, Peak:0.77M | Scene, ViewLayer | Updating Lookup Tables
Fra:1 Mem:17.16M (Peak 19.04M) | Time:00:00.00 | Mem:0.85M, Peak:0.85M | Scene, ViewLayer | Updating Lights
Fra:1 Mem:17.16M (Peak 19.04M) | Time:00:00.00 | Mem:0.85M, Peak:0.85M | Scene, ViewLayer | Updating Lights | Computing tree
Fra:1 Mem:17.16M (Peak 19.04M) | Time:00:00.00 | Mem:0.85M, Peak:0.85M | Scene, ViewLayer | Updating Integrator
Fra:1 Mem:17.16M (Peak 19.04M) | Time:00:00.00 | Mem:0.85M, Peak:0.85M | Scene, ViewLayer | Updating Film
Fra:1 Mem:17.16M (Peak 19.04M) | Time:00:00.00 | Mem:0.77M, Peak:0.85M | Scene, ViewLayer | Updating Lookup Tables
Fra:1 Mem:17.16M (Peak 19.04M) | Time:00:00.00 | Mem:0.85M, Peak:0.85M | Scene, ViewLayer | Updating Baking
Fra:1 Mem:17.16M (Peak 19.04M) | Time:00:00.00 | Mem:0.85M, Peak:0.85M | Scene, ViewLayer | Updating Device | Writing constant memory
Fra:1 Mem:17.16M (Peak 19.04M) | Time:00:00.00 | Mem:0.85M, Peak:0.85M | Scene, ViewLayer | Sample 0/8
Fra:1 Mem:25.96M (Peak 25.96M) | Time:00:00.28 | Remaining:00:01.91 | Mem:9.64M, Peak:9.64M | Scene, ViewLayer | Sample 1/8
Fra:1 Mem:29.87M (Peak 37.68M) | Time:00:01.65 | Mem:9.64M, Peak:9.64M | Scene, ViewLayer | Sample 8/8
Fra:1 Mem:29.87M (Peak 37.68M) | Time:00:01.65 | Mem:9.64M, Peak:9.64M | Scene, ViewLayer | Finished
Saved: '/workspace/scratch/7c20b5ba4165/atlas-backlog-oct3/tools/assets/boardable-metro/qa/previews/middle-clear.png'
Time: 00:01.70 (Saving: 00:00.03)

Extensions: writing cache failed ([Errno 30] Read-only file system: '/home/agent/.config/blender').
16:26:42 | INFO: Data are loaded, start creating Blender stuff
16:26:42 | INFO: Blender create Mesh node Cube
16:26:42 | INFO: Blender create Mesh node Cube.158
16:26:42 | INFO: Blender create Mesh node Cube.157
16:26:42 | INFO: Blender create Mesh node Cube.135
16:26:42 | INFO: Blender create Mesh node Cube.140
16:26:42 | INFO: Blender create Mesh node Cube.145
16:26:42 | INFO: Blender create Mesh node Cube.150
16:26:42 | INFO: Blender create Mesh node Cube.125
16:26:42 | INFO: Blender create Mesh node Cube.130
16:26:42 | INFO: Blender create Mesh node Cube.105
16:26:42 | INFO: Blender create Mesh node Cube.110
16:26:42 | INFO: Blender create Mesh node Cube.115
16:26:42 | INFO: Blender create Mesh node Cube.120
16:26:42 | INFO: Blender create Mesh node Cube.095
16:26:42 | INFO: Blender create Mesh node Cube.100
16:26:42 | INFO: Blender create Mesh node Cube.004
16:26:42 | INFO: Blender create Mesh node Cylinder.007
16:26:42 | INFO: Blender create Mesh node Cylinder.006
16:26:42 | INFO: Blender create Mesh node Cylinder.005
16:26:42 | INFO: Blender create Mesh node Cylinder.004
16:26:42 | INFO: Blender create Mesh node Cylinder.003
16:26:42 | INFO: Blender create Mesh node Cylinder.002
16:26:42 | INFO: Blender create Mesh node Cylinder.001
16:26:42 | INFO: Blender create Mesh node Cylinder
16:26:42 | INFO: glTF import finished in 0.02s
16:26:42 | INFO: Data are loaded, start creating Blender stuff
16:26:42 | INFO: Blender create Mesh node interior-batch-metro-wall
16:26:42 | INFO: Blender create Mesh node interior-batch-metro-floor
16:26:42 | INFO: Blender create Mesh node interior-batch-metro-rail
16:26:42 | INFO: Blender create Mesh node interior-batch-metro-screen
16:26:42 | INFO: Blender create Mesh node interior-batch-metro-priority-seat
16:26:42 | INFO: Blender create Mesh node interior-batch-metro-seat
16:26:42 | INFO: glTF import finished in 0.01s
Fra:1 Mem:18.39M (Peak 18.39M) | Time:00:00.00 | Mem:0.00M, Peak:0.00M | Scene, ViewLayer | Synchronizing object | body-shell
Fra:1 Mem:18.82M (Peak 18.82M) | Time:00:00.00 | Mem:0.00M, Peak:0.00M | Scene, ViewLayer | Synchronizing object | QA-ground
Fra:1 Mem:18.90M (Peak 18.90M) | Time:00:00.00 | Mem:0.00M, Peak:0.00M | Scene, ViewLayer | Synchronizing object | interior-batch-metro-seat
Fra:1 Mem:18.68M (Peak 18.90M) | Time:00:00.00 | Mem:0.00M, Peak:0.00M | Scene, ViewLayer | Synchronizing object | interior-batch-metro-priority-seat
Fra:1 Mem:18.86M (Peak 18.90M) | Time:00:00.00 | Mem:0.00M, Peak:0.00M | Scene, ViewLayer | Synchronizing object | interior-batch-metro-screen
Fra:1 Mem:18.87M (Peak 18.90M) | Time:00:00.00 | Mem:0.00M, Peak:0.00M | Scene, ViewLayer | Synchronizing object | interior-batch-metro-rail
Fra:1 Mem:18.85M (Peak 18.90M) | Time:00:00.00 | Mem:0.00M, Peak:0.00M | Scene, ViewLayer | Synchronizing object | bogie-front-frame
Fra:1 Mem:18.85M (Peak 18.90M) | Time:00:00.00 | Mem:0.00M, Peak:0.00M | Scene, ViewLayer | Synchronizing object | bogie-rear-frame
Fra:1 Mem:18.85M (Peak 18.90M) | Time:00:00.00 | Mem:0.00M, Peak:0.00M | Scene, ViewLayer | Synchronizing object | door-left-center-a
Fra:1 Mem:18.78M (Peak 18.90M) | Time:00:00.00 | Mem:0.00M, Peak:0.00M | Scene, ViewLayer | Synchronizing object | interior-batch-metro-floor
Fra:1 Mem:18.77M (Peak 18.90M) | Time:00:00.00 | Mem:0.00M, Peak:0.00M | Scene, ViewLayer | Synchronizing object | interior-batch-metro-wall
Fra:1 Mem:18.77M (Peak 18.90M) | Time:00:00.00 | Mem:0.00M, Peak:0.00M | Scene, ViewLayer | Synchronizing object | door-left-center-b
Fra:1 Mem:18.82M (Peak 18.90M) | Time:00:00.00 | Mem:0.00M, Peak:0.00M | Scene, ViewLayer | Synchronizing object | door-left-front-a
Fra:1 Mem:18.83M (Peak 18.90M) | Time:00:00.00 | Mem:0.00M, Peak:0.00M | Scene, ViewLayer | Synchronizing object | door-left-front-b
Fra:1 Mem:18.82M (Peak 18.90M) | Time:00:00.00 | Mem:0.00M, Peak:0.00M | Scene, ViewLayer | Synchronizing object | wheel-rear-rear-right
Fra:1 Mem:18.85M (Peak 18.90M) | Time:00:00.00 | Mem:0.00M, Peak:0.00M | Scene, ViewLayer | Synchronizing object | door-left-rear-a
Fra:1 Mem:18.85M (Peak 18.90M) | Time:00:00.00 | Mem:0.00M, Peak:0.00M | Scene, ViewLayer | Synchronizing object | wheel-rear-rear-left
Fra:1 Mem:18.88M (Peak 18.90M) | Time:00:00.00 | Mem:0.00M, Peak:0.00M | Scene, ViewLayer | Synchronizing object | door-left-rear-b
Fra:1 Mem:18.87M (Peak 18.90M) | Time:00:00.00 | Mem:0.00M, Peak:0.00M | Scene, ViewLayer | Synchronizing object | wheel-rear-front-right
Fra:1 Mem:18.90M (Peak 18.90M) | Time:00:00.00 | Mem:0.00M, Peak:0.00M | Scene, ViewLayer | Synchronizing object | door-right-center-a
Fra:1 Mem:18.89M (Peak 18.90M) | Time:00:00.00 | Mem:0.00M, Peak:0.00M | Scene, ViewLayer | Synchronizing object | wheel-rear-front-left
Fra:1 Mem:18.91M (Peak 18.91M) | Time:00:00.00 | Mem:0.00M, Peak:0.00M | Scene, ViewLayer | Synchronizing object | door-right-center-b
Fra:1 Mem:18.91M (Peak 18.91M) | Time:00:00.00 | Mem:0.00M, Peak:0.00M | Scene, ViewLayer | Synchronizing object | wheel-front-rear-right
Fra:1 Mem:18.94M (Peak 18.94M) | Time:00:00.00 | Mem:0.00M, Peak:0.00M | Scene, ViewLayer | Synchronizing object | door-right-front-a
Fra:1 Mem:18.94M (Peak 18.94M) | Time:00:00.00 | Mem:0.00M, Peak:0.00M | Scene, ViewLayer | Synchronizing object | wheel-front-rear-left
Fra:1 Mem:18.97M (Peak 18.97M) | Time:00:00.00 | Mem:0.00M, Peak:0.00M | Scene, ViewLayer | Synchronizing object | door-right-front-b
Fra:1 Mem:18.96M (Peak 18.97M) | Time:00:00.00 | Mem:0.00M, Peak:0.00M | Scene, ViewLayer | Synchronizing object | wheel-front-front-right
Fra:1 Mem:18.99M (Peak 18.99M) | Time:00:00.00 | Mem:0.00M, Peak:0.00M | Scene, ViewLayer | Synchronizing object | door-right-rear-a
Fra:1 Mem:18.98M (Peak 18.99M) | Time:00:00.00 | Mem:0.00M, Peak:0.00M | Scene, ViewLayer | Synchronizing object | wheel-front-front-left
Fra:1 Mem:19.00M (Peak 19.00M) | Time:00:00.00 | Mem:0.00M, Peak:0.00M | Scene, ViewLayer | Synchronizing object | door-right-rear-b
Fra:1 Mem:19.00M (Peak 19.00M) | Time:00:00.00 | Mem:0.00M, Peak:0.00M | Scene, ViewLayer | Synchronizing object | glass
Fra:1 Mem:19.04M (Peak 19.04M) | Time:00:00.00 | Mem:0.00M, Peak:0.00M | Scene, ViewLayer | Initializing
Fra:1 Mem:16.49M (Peak 19.04M) | Time:00:00.00 | Mem:0.00M, Peak:0.00M | Scene, ViewLayer | Waiting for render to start
Fra:1 Mem:16.49M (Peak 19.04M) | Time:00:00.00 | Mem:0.00M, Peak:0.00M | Scene, ViewLayer | Loading render kernels (may take a few minutes the first time)
Fra:1 Mem:16.49M (Peak 19.04M) | Time:00:00.00 | Mem:0.00M, Peak:0.00M | Scene, ViewLayer | Updating Scene
Fra:1 Mem:16.49M (Peak 19.04M) | Time:00:00.00 | Mem:0.00M, Peak:0.00M | Scene, ViewLayer | Updating Shaders
Fra:1 Mem:16.58M (Peak 19.04M) | Time:00:00.00 | Mem:0.01M, Peak:0.01M | Scene, ViewLayer | Updating Procedurals
Fra:1 Mem:16.58M (Peak 19.04M) | Time:00:00.00 | Mem:0.01M, Peak:0.01M | Scene, ViewLayer | Updating Background
Fra:1 Mem:16.58M (Peak 19.04M) | Time:00:00.00 | Mem:0.01M, Peak:0.01M | Scene, ViewLayer | Updating Camera
Fra:1 Mem:16.58M (Peak 19.04M) | Time:00:00.00 | Mem:0.01M, Peak:0.01M | Scene, ViewLayer | Updating Meshes Flags
Fra:1 Mem:16.58M (Peak 19.04M) | Time:00:00.00 | Mem:0.01M, Peak:0.01M | Scene, ViewLayer | Updating Objects
Fra:1 Mem:16.58M (Peak 19.04M) | Time:00:00.00 | Mem:0.01M, Peak:0.01M | Scene, ViewLayer | Updating Objects | Copying Transformations to device
Fra:1 Mem:16.59M (Peak 19.04M) | Time:00:00.00 | Mem:0.02M, Peak:0.02M | Scene, ViewLayer | Updating Objects | Applying Static Transformations
Fra:1 Mem:16.59M (Peak 19.04M) | Time:00:00.00 | Mem:0.02M, Peak:0.02M | Scene, ViewLayer | Updating Particle Systems
Fra:1 Mem:16.59M (Peak 19.04M) | Time:00:00.00 | Mem:0.02M, Peak:0.02M | Scene, ViewLayer | Updating Particle Systems | Copying Particles to device
Fra:1 Mem:16.59M (Peak 19.04M) | Time:00:00.00 | Mem:0.02M, Peak:0.02M | Scene, ViewLayer | Updating Meshes
Fra:1 Mem:16.64M (Peak 19.04M) | Time:00:00.00 | Mem:0.02M, Peak:0.02M | Scene, ViewLayer | Updating Mesh | Computing attributes
Fra:1 Mem:16.78M (Peak 19.04M) | Time:00:00.00 | Mem:0.02M, Peak:0.02M | Scene, ViewLayer | Updating Mesh | Copying Attributes to device
Fra:1 Mem:16.78M (Peak 19.04M) | Time:00:00.00 | Mem:0.16M, Peak:0.16M | Scene, ViewLayer | Updating Scene BVH | Building
Fra:1 Mem:16.78M (Peak 19.04M) | Time:00:00.00 | Mem:0.16M, Peak:0.16M | Scene, ViewLayer | Updating Scene BVH | Building BVH
Fra:1 Mem:16.78M (Peak 19.04M) | Time:00:00.00 | Mem:0.26M, Peak:0.26M | Scene, ViewLayer | Updating Scene BVH | Building BVH 0%
Fra:1 Mem:16.78M (Peak 19.04M) | Time:00:00.00 | Mem:0.39M, Peak:0.49M | Scene, ViewLayer | Updating Scene BVH | Copying BVH to device
Fra:1 Mem:16.78M (Peak 19.04M) | Time:00:00.00 | Mem:0.39M, Peak:0.49M | Scene, ViewLayer | Updating Mesh | Computing normals
Fra:1 Mem:17.16M (Peak 19.04M) | Time:00:00.00 | Mem:0.39M, Peak:0.49M | Scene, ViewLayer | Updating Mesh | Copying Mesh to device
Fra:1 Mem:17.16M (Peak 19.04M) | Time:00:00.00 | Mem:0.77M, Peak:0.77M | Scene, ViewLayer | Updating Objects Flags
Fra:1 Mem:17.16M (Peak 19.04M) | Time:00:00.00 | Mem:0.77M, Peak:0.77M | Scene, ViewLayer | Updating Primitive Offsets
Fra:1 Mem:17.16M (Peak 19.04M) | Time:00:00.00 | Mem:0.77M, Peak:0.77M | Scene, ViewLayer | Updating Images
Fra:1 Mem:17.16M (Peak 19.04M) | Time:00:00.00 | Mem:0.77M, Peak:0.77M | Scene, ViewLayer | Updating Camera Volume
Fra:1 Mem:17.16M (Peak 19.04M) | Time:00:00.00 | Mem:0.77M, Peak:0.77M | Scene, ViewLayer | Updating Lookup Tables
Fra:1 Mem:17.16M (Peak 19.04M) | Time:00:00.00 | Mem:0.85M, Peak:0.85M | Scene, ViewLayer | Updating Lights
Fra:1 Mem:17.16M (Peak 19.04M) | Time:00:00.00 | Mem:0.85M, Peak:0.85M | Scene, ViewLayer | Updating Lights | Computing tree
Fra:1 Mem:17.16M (Peak 19.04M) | Time:00:00.00 | Mem:0.85M, Peak:0.85M | Scene, ViewLayer | Updating Integrator
Fra:1 Mem:17.16M (Peak 19.04M) | Time:00:00.00 | Mem:0.85M, Peak:0.85M | Scene, ViewLayer | Updating Film
Fra:1 Mem:17.16M (Peak 19.04M) | Time:00:00.00 | Mem:0.77M, Peak:0.85M | Scene, ViewLayer | Updating Lookup Tables
Fra:1 Mem:17.16M (Peak 19.04M) | Time:00:00.00 | Mem:0.85M, Peak:0.85M | Scene, ViewLayer | Updating Baking
Fra:1 Mem:17.16M (Peak 19.04M) | Time:00:00.00 | Mem:0.85M, Peak:0.85M | Scene, ViewLayer | Updating Device | Writing constant memory
Fra:1 Mem:17.16M (Peak 19.04M) | Time:00:00.00 | Mem:0.85M, Peak:0.85M | Scene, ViewLayer | Sample 0/8
Fra:1 Mem:25.96M (Peak 25.96M) | Time:00:00.23 | Remaining:00:01.58 | Mem:9.64M, Peak:9.64M | Scene, ViewLayer | Sample 1/8
Fra:1 Mem:29.87M (Peak 37.68M) | Time:00:01.66 | Mem:9.64M, Peak:9.64M | Scene, ViewLayer | Sample 8/8
Fra:1 Mem:29.87M (Peak 37.68M) | Time:00:01.66 | Mem:9.64M, Peak:9.64M | Scene, ViewLayer | Finished
Saved: '/workspace/scratch/7c20b5ba4165/atlas-backlog-oct3/tools/assets/boardable-metro/qa/previews/middle-overcast.png'
Time: 00:01.70 (Saving: 00:00.03)

Extensions: writing cache failed ([Errno 30] Read-only file system: '/home/agent/.config/blender').
16:26:43 | INFO: Data are loaded, start creating Blender stuff
16:26:43 | INFO: Blender create Mesh node Cube
16:26:43 | INFO: Blender create Mesh node Cube.158
16:26:43 | INFO: Blender create Mesh node Cube.157
16:26:43 | INFO: Blender create Mesh node Cube.135
16:26:43 | INFO: Blender create Mesh node Cube.140
16:26:43 | INFO: Blender create Mesh node Cube.145
16:26:43 | INFO: Blender create Mesh node Cube.150
16:26:43 | INFO: Blender create Mesh node Cube.125
16:26:43 | INFO: Blender create Mesh node Cube.130
16:26:43 | INFO: Blender create Mesh node Cube.105
16:26:43 | INFO: Blender create Mesh node Cube.110
16:26:43 | INFO: Blender create Mesh node Cube.115
16:26:43 | INFO: Blender create Mesh node Cube.120
16:26:43 | INFO: Blender create Mesh node Cube.095
16:26:43 | INFO: Blender create Mesh node Cube.100
16:26:43 | INFO: Blender create Mesh node Cube.004
16:26:43 | INFO: Blender create Mesh node Cylinder.007
16:26:43 | INFO: Blender create Mesh node Cylinder.006
16:26:43 | INFO: Blender create Mesh node Cylinder.005
16:26:43 | INFO: Blender create Mesh node Cylinder.004
16:26:43 | INFO: Blender create Mesh node Cylinder.003
16:26:43 | INFO: Blender create Mesh node Cylinder.002
16:26:43 | INFO: Blender create Mesh node Cylinder.001
16:26:43 | INFO: Blender create Mesh node Cylinder
16:26:43 | INFO: glTF import finished in 0.02s
16:26:43 | INFO: Data are loaded, start creating Blender stuff
16:26:43 | INFO: Blender create Mesh node interior-batch-metro-wall
16:26:43 | INFO: Blender create Mesh node interior-batch-metro-floor
16:26:43 | INFO: Blender create Mesh node interior-batch-metro-rail
16:26:43 | INFO: Blender create Mesh node interior-batch-metro-screen
16:26:43 | INFO: Blender create Mesh node interior-batch-metro-priority-seat
16:26:43 | INFO: Blender create Mesh node interior-batch-metro-seat
16:26:43 | INFO: glTF import finished in 0.01s
Fra:1 Mem:18.39M (Peak 18.39M) | Time:00:00.00 | Mem:0.00M, Peak:0.00M | Scene, ViewLayer | Synchronizing object | body-shell
Fra:1 Mem:18.82M (Peak 18.82M) | Time:00:00.00 | Mem:0.00M, Peak:0.00M | Scene, ViewLayer | Synchronizing object | QA-ground
Fra:1 Mem:18.86M (Peak 18.86M) | Time:00:00.00 | Mem:0.00M, Peak:0.00M | Scene, ViewLayer | Synchronizing object | interior-batch-metro-seat
Fra:1 Mem:18.68M (Peak 18.86M) | Time:00:00.00 | Mem:0.00M, Peak:0.00M | Scene, ViewLayer | Synchronizing object | interior-batch-metro-priority-seat
Fra:1 Mem:18.86M (Peak 18.86M) | Time:00:00.00 | Mem:0.00M, Peak:0.00M | Scene, ViewLayer | Synchronizing object | interior-batch-metro-screen
Fra:1 Mem:18.87M (Peak 18.87M) | Time:00:00.00 | Mem:0.00M, Peak:0.00M | Scene, ViewLayer | Synchronizing object | interior-batch-metro-rail
Fra:1 Mem:18.85M (Peak 18.87M) | Time:00:00.00 | Mem:0.00M, Peak:0.00M | Scene, ViewLayer | Synchronizing object | bogie-front-frame
Fra:1 Mem:18.82M (Peak 18.87M) | Time:00:00.00 | Mem:0.00M, Peak:0.00M | Scene, ViewLayer | Synchronizing object | bogie-rear-frame
Fra:1 Mem:18.77M (Peak 18.87M) | Time:00:00.00 | Mem:0.00M, Peak:0.00M | Scene, ViewLayer | Synchronizing object | door-left-center-a
Fra:1 Mem:18.75M (Peak 18.87M) | Time:00:00.00 | Mem:0.00M, Peak:0.00M | Scene, ViewLayer | Synchronizing object | interior-batch-metro-floor
Fra:1 Mem:18.77M (Peak 18.87M) | Time:00:00.00 | Mem:0.00M, Peak:0.00M | Scene, ViewLayer | Synchronizing object | interior-batch-metro-wall
Fra:1 Mem:18.76M (Peak 18.87M) | Time:00:00.00 | Mem:0.00M, Peak:0.00M | Scene, ViewLayer | Synchronizing object | door-left-center-b
Fra:1 Mem:18.78M (Peak 18.87M) | Time:00:00.00 | Mem:0.00M, Peak:0.00M | Scene, ViewLayer | Synchronizing object | door-left-front-a
Fra:1 Mem:18.89M (Peak 18.89M) | Time:00:00.00 | Mem:0.00M, Peak:0.00M | Scene, ViewLayer | Synchronizing object | door-left-front-b
Fra:1 Mem:18.88M (Peak 18.89M) | Time:00:00.00 | Mem:0.00M, Peak:0.00M | Scene, ViewLayer | Synchronizing object | door-left-rear-a
Fra:1 Mem:18.85M (Peak 18.89M) | Time:00:00.00 | Mem:0.00M, Peak:0.00M | Scene, ViewLayer | Synchronizing object | wheel-rear-rear-right
Fra:1 Mem:18.87M (Peak 18.89M) | Time:00:00.00 | Mem:0.00M, Peak:0.00M | Scene, ViewLayer | Synchronizing object | door-left-rear-b
Fra:1 Mem:18.88M (Peak 18.89M) | Time:00:00.00 | Mem:0.00M, Peak:0.00M | Scene, ViewLayer | Synchronizing object | wheel-rear-rear-left
Fra:1 Mem:18.89M (Peak 18.89M) | Time:00:00.00 | Mem:0.00M, Peak:0.00M | Scene, ViewLayer | Synchronizing object | door-right-center-a
Fra:1 Mem:18.91M (Peak 18.91M) | Time:00:00.00 | Mem:0.00M, Peak:0.00M | Scene, ViewLayer | Synchronizing object | wheel-rear-front-right
Fra:1 Mem:18.89M (Peak 18.91M) | Time:00:00.00 | Mem:0.00M, Peak:0.00M | Scene, ViewLayer | Synchronizing object | door-right-center-b
Fra:1 Mem:18.91M (Peak 18.91M) | Time:00:00.00 | Mem:0.00M, Peak:0.00M | Scene, ViewLayer | Synchronizing object | door-right-front-a
Fra:1 Mem:18.91M (Peak 18.91M) | Time:00:00.00 | Mem:0.00M, Peak:0.00M | Scene, ViewLayer | Synchronizing object | wheel-rear-front-left
Fra:1 Mem:18.95M (Peak 18.95M) | Time:00:00.00 | Mem:0.00M, Peak:0.00M | Scene, ViewLayer | Synchronizing object | door-right-front-b
Fra:1 Mem:18.94M (Peak 18.95M) | Time:00:00.00 | Mem:0.00M, Peak:0.00M | Scene, ViewLayer | Synchronizing object | wheel-front-rear-right
Fra:1 Mem:18.97M (Peak 18.97M) | Time:00:00.00 | Mem:0.00M, Peak:0.00M | Scene, ViewLayer | Synchronizing object | door-right-rear-a
Fra:1 Mem:18.99M (Peak 18.99M) | Time:00:00.00 | Mem:0.00M, Peak:0.00M | Scene, ViewLayer | Synchronizing object | wheel-front-rear-left
Fra:1 Mem:19.00M (Peak 19.00M) | Time:00:00.00 | Mem:0.00M, Peak:0.00M | Scene, ViewLayer | Synchronizing object | door-right-rear-b
Fra:1 Mem:19.00M (Peak 19.00M) | Time:00:00.00 | Mem:0.00M, Peak:0.00M | Scene, ViewLayer | Synchronizing object | wheel-front-front-right
Fra:1 Mem:19.02M (Peak 19.02M) | Time:00:00.00 | Mem:0.00M, Peak:0.00M | Scene, ViewLayer | Synchronizing object | glass
Fra:1 Mem:19.07M (Peak 19.07M) | Time:00:00.00 | Mem:0.00M, Peak:0.00M | Scene, ViewLayer | Synchronizing object | wheel-front-front-left
Fra:1 Mem:19.04M (Peak 19.07M) | Time:00:00.00 | Mem:0.00M, Peak:0.00M | Scene, ViewLayer | Initializing
Fra:1 Mem:16.49M (Peak 19.07M) | Time:00:00.00 | Mem:0.00M, Peak:0.00M | Scene, ViewLayer | Waiting for render to start
Fra:1 Mem:16.49M (Peak 19.07M) | Time:00:00.00 | Mem:0.00M, Peak:0.00M | Scene, ViewLayer | Loading render kernels (may take a few minutes the first time)
Fra:1 Mem:16.49M (Peak 19.07M) | Time:00:00.00 | Mem:0.00M, Peak:0.00M | Scene, ViewLayer | Updating Scene
Fra:1 Mem:16.49M (Peak 19.07M) | Time:00:00.00 | Mem:0.00M, Peak:0.00M | Scene, ViewLayer | Updating Shaders
Fra:1 Mem:16.58M (Peak 19.07M) | Time:00:00.00 | Mem:0.01M, Peak:0.01M | Scene, ViewLayer | Updating Procedurals
Fra:1 Mem:16.58M (Peak 19.07M) | Time:00:00.00 | Mem:0.01M, Peak:0.01M | Scene, ViewLayer | Updating Background
Fra:1 Mem:16.58M (Peak 19.07M) | Time:00:00.00 | Mem:0.01M, Peak:0.01M | Scene, ViewLayer | Updating Camera
Fra:1 Mem:16.58M (Peak 19.07M) | Time:00:00.00 | Mem:0.01M, Peak:0.01M | Scene, ViewLayer | Updating Meshes Flags
Fra:1 Mem:16.58M (Peak 19.07M) | Time:00:00.00 | Mem:0.01M, Peak:0.01M | Scene, ViewLayer | Updating Objects
Fra:1 Mem:16.58M (Peak 19.07M) | Time:00:00.00 | Mem:0.01M, Peak:0.01M | Scene, ViewLayer | Updating Objects | Copying Transformations to device
Fra:1 Mem:16.59M (Peak 19.07M) | Time:00:00.00 | Mem:0.02M, Peak:0.02M | Scene, ViewLayer | Updating Objects | Applying Static Transformations
Fra:1 Mem:16.59M (Peak 19.07M) | Time:00:00.00 | Mem:0.02M, Peak:0.02M | Scene, ViewLayer | Updating Particle Systems
Fra:1 Mem:16.59M (Peak 19.07M) | Time:00:00.00 | Mem:0.02M, Peak:0.02M | Scene, ViewLayer | Updating Particle Systems | Copying Particles to device
Fra:1 Mem:16.59M (Peak 19.07M) | Time:00:00.00 | Mem:0.02M, Peak:0.02M | Scene, ViewLayer | Updating Meshes
Fra:1 Mem:16.64M (Peak 19.07M) | Time:00:00.00 | Mem:0.02M, Peak:0.02M | Scene, ViewLayer | Updating Mesh | Computing attributes
Fra:1 Mem:16.78M (Peak 19.07M) | Time:00:00.00 | Mem:0.02M, Peak:0.02M | Scene, ViewLayer | Updating Mesh | Copying Attributes to device
Fra:1 Mem:16.78M (Peak 19.07M) | Time:00:00.00 | Mem:0.16M, Peak:0.16M | Scene, ViewLayer | Updating Scene BVH | Building
Fra:1 Mem:16.78M (Peak 19.07M) | Time:00:00.00 | Mem:0.16M, Peak:0.16M | Scene, ViewLayer | Updating Scene BVH | Building BVH
Fra:1 Mem:16.78M (Peak 19.07M) | Time:00:00.00 | Mem:0.26M, Peak:0.26M | Scene, ViewLayer | Updating Scene BVH | Building BVH 0%
Fra:1 Mem:16.78M (Peak 19.07M) | Time:00:00.00 | Mem:0.39M, Peak:0.49M | Scene, ViewLayer | Updating Scene BVH | Copying BVH to device
Fra:1 Mem:16.78M (Peak 19.07M) | Time:00:00.00 | Mem:0.39M, Peak:0.49M | Scene, ViewLayer | Updating Mesh | Computing normals
Fra:1 Mem:17.16M (Peak 19.07M) | Time:00:00.00 | Mem:0.39M, Peak:0.49M | Scene, ViewLayer | Updating Mesh | Copying Mesh to device
Fra:1 Mem:17.16M (Peak 19.07M) | Time:00:00.00 | Mem:0.77M, Peak:0.77M | Scene, ViewLayer | Updating Objects Flags
Fra:1 Mem:17.16M (Peak 19.07M) | Time:00:00.00 | Mem:0.77M, Peak:0.77M | Scene, ViewLayer | Updating Primitive Offsets
Fra:1 Mem:17.16M (Peak 19.07M) | Time:00:00.00 | Mem:0.77M, Peak:0.77M | Scene, ViewLayer | Updating Images
Fra:1 Mem:17.16M (Peak 19.07M) | Time:00:00.00 | Mem:0.77M, Peak:0.77M | Scene, ViewLayer | Updating Camera Volume
Fra:1 Mem:17.16M (Peak 19.07M) | Time:00:00.00 | Mem:0.77M, Peak:0.77M | Scene, ViewLayer | Updating Lookup Tables
Fra:1 Mem:17.16M (Peak 19.07M) | Time:00:00.00 | Mem:0.85M, Peak:0.85M | Scene, ViewLayer | Updating Lights
Fra:1 Mem:17.16M (Peak 19.07M) | Time:00:00.00 | Mem:0.85M, Peak:0.85M | Scene, ViewLayer | Updating Lights | Computing tree
Fra:1 Mem:17.16M (Peak 19.07M) | Time:00:00.00 | Mem:0.85M, Peak:0.85M | Scene, ViewLayer | Updating Integrator
Fra:1 Mem:17.16M (Peak 19.07M) | Time:00:00.00 | Mem:0.85M, Peak:0.85M | Scene, ViewLayer | Updating Film
Fra:1 Mem:17.16M (Peak 19.07M) | Time:00:00.00 | Mem:0.77M, Peak:0.85M | Scene, ViewLayer | Updating Lookup Tables
Fra:1 Mem:17.16M (Peak 19.07M) | Time:00:00.00 | Mem:0.85M, Peak:0.85M | Scene, ViewLayer | Updating Baking
Fra:1 Mem:17.16M (Peak 19.07M) | Time:00:00.00 | Mem:0.85M, Peak:0.85M | Scene, ViewLayer | Updating Device | Writing constant memory
Fra:1 Mem:17.16M (Peak 19.07M) | Time:00:00.00 | Mem:0.85M, Peak:0.85M | Scene, ViewLayer | Sample 0/8
Fra:1 Mem:25.96M (Peak 25.96M) | Time:00:00.24 | Remaining:00:01.61 | Mem:9.64M, Peak:9.64M | Scene, ViewLayer | Sample 1/8
Fra:1 Mem:29.87M (Peak 37.68M) | Time:00:01.68 | Mem:9.64M, Peak:9.64M | Scene, ViewLayer | Sample 8/8
Fra:1 Mem:29.87M (Peak 37.68M) | Time:00:01.68 | Mem:9.64M, Peak:9.64M | Scene, ViewLayer | Finished
Saved: '/workspace/scratch/7c20b5ba4165/atlas-backlog-oct3/tools/assets/boardable-metro/qa/previews/middle-dusk.png'
Time: 00:01.72 (Saving: 00:00.03)

Extensions: writing cache failed ([Errno 30] Read-only file system: '/home/agent/.config/blender').
16:26:45 | INFO: Data are loaded, start creating Blender stuff
16:26:45 | INFO: Blender create Mesh node Cube
16:26:45 | INFO: Blender create Mesh node Cube.158
16:26:45 | INFO: Blender create Mesh node Cube.157
16:26:45 | INFO: Blender create Mesh node Cube.135
16:26:45 | INFO: Blender create Mesh node Cube.140
16:26:45 | INFO: Blender create Mesh node Cube.145
16:26:45 | INFO: Blender create Mesh node Cube.150
16:26:45 | INFO: Blender create Mesh node Cube.125
16:26:45 | INFO: Blender create Mesh node Cube.130
16:26:45 | INFO: Blender create Mesh node Cube.105
16:26:45 | INFO: Blender create Mesh node Cube.110
16:26:45 | INFO: Blender create Mesh node Cube.115
16:26:45 | INFO: Blender create Mesh node Cube.120
16:26:45 | INFO: Blender create Mesh node Cube.095
16:26:45 | INFO: Blender create Mesh node Cube.100
16:26:45 | INFO: Blender create Mesh node Cube.004
16:26:45 | INFO: Blender create Mesh node Cylinder.007
16:26:45 | INFO: Blender create Mesh node Cylinder.006
16:26:45 | INFO: Blender create Mesh node Cylinder.005
16:26:45 | INFO: Blender create Mesh node Cylinder.004
16:26:45 | INFO: Blender create Mesh node Cylinder.003
16:26:45 | INFO: Blender create Mesh node Cylinder.002
16:26:45 | INFO: Blender create Mesh node Cylinder.001
16:26:45 | INFO: Blender create Mesh node Cylinder
16:26:45 | INFO: glTF import finished in 0.02s
16:26:45 | INFO: Data are loaded, start creating Blender stuff
16:26:45 | INFO: Blender create Mesh node interior-batch-metro-wall
16:26:45 | INFO: Blender create Mesh node interior-batch-metro-floor
16:26:45 | INFO: Blender create Mesh node interior-batch-metro-rail
16:26:45 | INFO: Blender create Mesh node interior-batch-metro-screen
16:26:45 | INFO: Blender create Mesh node interior-batch-metro-priority-seat
16:26:45 | INFO: Blender create Mesh node interior-batch-metro-seat
16:26:45 | INFO: glTF import finished in 0.01s
Fra:1 Mem:18.39M (Peak 18.39M) | Time:00:00.00 | Mem:0.00M, Peak:0.00M | Scene, ViewLayer | Synchronizing object | body-shell
Fra:1 Mem:18.63M (Peak 18.63M) | Time:00:00.00 | Mem:0.00M, Peak:0.00M | Scene, ViewLayer | Synchronizing object | QA-ground
Fra:1 Mem:18.63M (Peak 18.63M) | Time:00:00.00 | Mem:0.00M, Peak:0.00M | Scene, ViewLayer | Synchronizing object | interior-batch-metro-seat
Fra:1 Mem:18.83M (Peak 18.83M) | Time:00:00.00 | Mem:0.00M, Peak:0.00M | Scene, ViewLayer | Synchronizing object | interior-batch-metro-priority-seat
Fra:1 Mem:18.69M (Peak 18.83M) | Time:00:00.00 | Mem:0.00M, Peak:0.00M | Scene, ViewLayer | Synchronizing object | interior-batch-metro-screen
Fra:1 Mem:18.68M (Peak 18.83M) | Time:00:00.00 | Mem:0.00M, Peak:0.00M | Scene, ViewLayer | Synchronizing object | bogie-front-frame
Fra:1 Mem:18.67M (Peak 18.83M) | Time:00:00.00 | Mem:0.00M, Peak:0.00M | Scene, ViewLayer | Synchronizing object | interior-batch-metro-rail
Fra:1 Mem:18.67M (Peak 18.83M) | Time:00:00.00 | Mem:0.00M, Peak:0.00M | Scene, ViewLayer | Synchronizing object | bogie-rear-frame
Fra:1 Mem:18.84M (Peak 18.84M) | Time:00:00.00 | Mem:0.00M, Peak:0.00M | Scene, ViewLayer | Synchronizing object | door-left-center-a
Fra:1 Mem:18.76M (Peak 18.84M) | Time:00:00.00 | Mem:0.00M, Peak:0.00M | Scene, ViewLayer | Synchronizing object | door-left-center-b
Fra:1 Mem:18.88M (Peak 18.88M) | Time:00:00.00 | Mem:0.00M, Peak:0.00M | Scene, ViewLayer | Synchronizing object | door-left-front-a
Fra:1 Mem:18.89M (Peak 18.89M) | Time:00:00.00 | Mem:0.00M, Peak:0.00M | Scene, ViewLayer | Synchronizing object | door-left-front-b
Fra:1 Mem:18.82M (Peak 18.89M) | Time:00:00.00 | Mem:0.00M, Peak:0.00M | Scene, ViewLayer | Synchronizing object | door-left-rear-a
Fra:1 Mem:18.80M (Peak 18.89M) | Time:00:00.00 | Mem:0.00M, Peak:0.00M | Scene, ViewLayer | Synchronizing object | interior-batch-metro-floor
Fra:1 Mem:18.82M (Peak 18.89M) | Time:00:00.00 | Mem:0.00M, Peak:0.00M | Scene, ViewLayer | Synchronizing object | interior-batch-metro-wall
Fra:1 Mem:18.82M (Peak 18.89M) | Time:00:00.00 | Mem:0.00M, Peak:0.00M | Scene, ViewLayer | Synchronizing object | door-left-rear-b
Fra:1 Mem:18.87M (Peak 18.89M) | Time:00:00.00 | Mem:0.00M, Peak:0.00M | Scene, ViewLayer | Synchronizing object | door-right-center-a
Fra:1 Mem:18.87M (Peak 18.89M) | Time:00:00.00 | Mem:0.00M, Peak:0.00M | Scene, ViewLayer | Synchronizing object | wheel-rear-rear-right
Fra:1 Mem:18.87M (Peak 18.89M) | Time:00:00.00 | Mem:0.00M, Peak:0.00M | Scene, ViewLayer | Synchronizing object | door-right-center-b
Fra:1 Mem:18.90M (Peak 18.90M) | Time:00:00.00 | Mem:0.00M, Peak:0.00M | Scene, ViewLayer | Synchronizing object | door-right-front-a
Fra:1 Mem:18.90M (Peak 18.90M) | Time:00:00.00 | Mem:0.00M, Peak:0.00M | Scene, ViewLayer | Synchronizing object | wheel-rear-rear-left
Fra:1 Mem:18.93M (Peak 18.93M) | Time:00:00.00 | Mem:0.00M, Peak:0.00M | Scene, ViewLayer | Synchronizing object | door-right-front-b
Fra:1 Mem:18.94M (Peak 18.94M) | Time:00:00.00 | Mem:0.00M, Peak:0.00M | Scene, ViewLayer | Synchronizing object | wheel-rear-front-right
Fra:1 Mem:18.94M (Peak 18.94M) | Time:00:00.00 | Mem:0.00M, Peak:0.00M | Scene, ViewLayer | Synchronizing object | door-right-rear-a
Fra:1 Mem:18.94M (Peak 18.94M) | Time:00:00.00 | Mem:0.00M, Peak:0.00M | Scene, ViewLayer | Synchronizing object | wheel-rear-front-left
Fra:1 Mem:18.97M (Peak 18.97M) | Time:00:00.00 | Mem:0.00M, Peak:0.00M | Scene, ViewLayer | Synchronizing object | door-right-rear-b
Fra:1 Mem:18.96M (Peak 18.97M) | Time:00:00.00 | Mem:0.00M, Peak:0.00M | Scene, ViewLayer | Synchronizing object | wheel-front-rear-right
Fra:1 Mem:18.99M (Peak 18.99M) | Time:00:00.00 | Mem:0.00M, Peak:0.00M | Scene, ViewLayer | Synchronizing object | glass
Fra:1 Mem:18.98M (Peak 18.99M) | Time:00:00.00 | Mem:0.00M, Peak:0.00M | Scene, ViewLayer | Synchronizing object | wheel-front-rear-left
Fra:1 Mem:19.03M (Peak 19.03M) | Time:00:00.00 | Mem:0.00M, Peak:0.00M | Scene, ViewLayer | Synchronizing object | wheel-front-front-right
Fra:1 Mem:19.04M (Peak 19.04M) | Time:00:00.00 | Mem:0.00M, Peak:0.00M | Scene, ViewLayer | Synchronizing object | wheel-front-front-left
Fra:1 Mem:19.04M (Peak 19.04M) | Time:00:00.00 | Mem:0.00M, Peak:0.00M | Scene, ViewLayer | Initializing
Fra:1 Mem:16.49M (Peak 19.04M) | Time:00:00.00 | Mem:0.00M, Peak:0.00M | Scene, ViewLayer | Waiting for render to start
Fra:1 Mem:16.49M (Peak 19.04M) | Time:00:00.00 | Mem:0.00M, Peak:0.00M | Scene, ViewLayer | Loading render kernels (may take a few minutes the first time)
Fra:1 Mem:16.49M (Peak 19.04M) | Time:00:00.00 | Mem:0.00M, Peak:0.00M | Scene, ViewLayer | Updating Scene
Fra:1 Mem:16.49M (Peak 19.04M) | Time:00:00.00 | Mem:0.00M, Peak:0.00M | Scene, ViewLayer | Updating Shaders
Fra:1 Mem:16.58M (Peak 19.04M) | Time:00:00.00 | Mem:0.01M, Peak:0.01M | Scene, ViewLayer | Updating Procedurals
Fra:1 Mem:16.58M (Peak 19.04M) | Time:00:00.00 | Mem:0.01M, Peak:0.01M | Scene, ViewLayer | Updating Background
Fra:1 Mem:16.58M (Peak 19.04M) | Time:00:00.00 | Mem:0.01M, Peak:0.01M | Scene, ViewLayer | Updating Camera
Fra:1 Mem:16.58M (Peak 19.04M) | Time:00:00.00 | Mem:0.01M, Peak:0.01M | Scene, ViewLayer | Updating Meshes Flags
Fra:1 Mem:16.58M (Peak 19.04M) | Time:00:00.00 | Mem:0.01M, Peak:0.01M | Scene, ViewLayer | Updating Objects
Fra:1 Mem:16.58M (Peak 19.04M) | Time:00:00.00 | Mem:0.01M, Peak:0.01M | Scene, ViewLayer | Updating Objects | Copying Transformations to device
Fra:1 Mem:16.59M (Peak 19.04M) | Time:00:00.00 | Mem:0.02M, Peak:0.02M | Scene, ViewLayer | Updating Objects | Applying Static Transformations
Fra:1 Mem:16.59M (Peak 19.04M) | Time:00:00.00 | Mem:0.02M, Peak:0.02M | Scene, ViewLayer | Updating Particle Systems
Fra:1 Mem:16.59M (Peak 19.04M) | Time:00:00.00 | Mem:0.02M, Peak:0.02M | Scene, ViewLayer | Updating Particle Systems | Copying Particles to device
Fra:1 Mem:16.59M (Peak 19.04M) | Time:00:00.00 | Mem:0.02M, Peak:0.02M | Scene, ViewLayer | Updating Meshes
Fra:1 Mem:16.64M (Peak 19.04M) | Time:00:00.00 | Mem:0.02M, Peak:0.02M | Scene, ViewLayer | Updating Mesh | Computing attributes
Fra:1 Mem:16.78M (Peak 19.04M) | Time:00:00.00 | Mem:0.02M, Peak:0.02M | Scene, ViewLayer | Updating Mesh | Copying Attributes to device
Fra:1 Mem:16.78M (Peak 19.04M) | Time:00:00.00 | Mem:0.16M, Peak:0.16M | Scene, ViewLayer | Updating Scene BVH | Building
Fra:1 Mem:16.78M (Peak 19.04M) | Time:00:00.00 | Mem:0.16M, Peak:0.16M | Scene, ViewLayer | Updating Scene BVH | Building BVH
Fra:1 Mem:16.78M (Peak 19.04M) | Time:00:00.00 | Mem:0.26M, Peak:0.26M | Scene, ViewLayer | Updating Scene BVH | Building BVH 0%
Fra:1 Mem:16.78M (Peak 19.04M) | Time:00:00.00 | Mem:0.39M, Peak:0.49M | Scene, ViewLayer | Updating Scene BVH | Copying BVH to device
Fra:1 Mem:16.78M (Peak 19.04M) | Time:00:00.00 | Mem:0.39M, Peak:0.49M | Scene, ViewLayer | Updating Mesh | Computing normals
Fra:1 Mem:17.16M (Peak 19.04M) | Time:00:00.00 | Mem:0.39M, Peak:0.49M | Scene, ViewLayer | Updating Mesh | Copying Mesh to device
Fra:1 Mem:17.16M (Peak 19.04M) | Time:00:00.00 | Mem:0.77M, Peak:0.77M | Scene, ViewLayer | Updating Objects Flags
Fra:1 Mem:17.16M (Peak 19.04M) | Time:00:00.00 | Mem:0.77M, Peak:0.77M | Scene, ViewLayer | Updating Primitive Offsets
Fra:1 Mem:17.16M (Peak 19.04M) | Time:00:00.00 | Mem:0.77M, Peak:0.77M | Scene, ViewLayer | Updating Images
Fra:1 Mem:17.16M (Peak 19.04M) | Time:00:00.00 | Mem:0.77M, Peak:0.77M | Scene, ViewLayer | Updating Camera Volume
Fra:1 Mem:17.16M (Peak 19.04M) | Time:00:00.00 | Mem:0.77M, Peak:0.77M | Scene, ViewLayer | Updating Lookup Tables
Fra:1 Mem:17.16M (Peak 19.04M) | Time:00:00.00 | Mem:0.85M, Peak:0.85M | Scene, ViewLayer | Updating Lights
Fra:1 Mem:17.16M (Peak 19.04M) | Time:00:00.00 | Mem:0.85M, Peak:0.85M | Scene, ViewLayer | Updating Lights | Computing tree
Fra:1 Mem:17.16M (Peak 19.04M) | Time:00:00.00 | Mem:0.85M, Peak:0.85M | Scene, ViewLayer | Updating Integrator
Fra:1 Mem:17.16M (Peak 19.04M) | Time:00:00.00 | Mem:0.85M, Peak:0.85M | Scene, ViewLayer | Updating Film
Fra:1 Mem:17.16M (Peak 19.04M) | Time:00:00.00 | Mem:0.77M, Peak:0.85M | Scene, ViewLayer | Updating Lookup Tables
Fra:1 Mem:17.16M (Peak 19.04M) | Time:00:00.00 | Mem:0.85M, Peak:0.85M | Scene, ViewLayer | Updating Baking
Fra:1 Mem:17.16M (Peak 19.04M) | Time:00:00.00 | Mem:0.85M, Peak:0.85M | Scene, ViewLayer | Updating Device | Writing constant memory
Fra:1 Mem:17.16M (Peak 19.04M) | Time:00:00.00 | Mem:0.85M, Peak:0.85M | Scene, ViewLayer | Sample 0/8
Fra:1 Mem:25.96M (Peak 25.96M) | Time:00:00.23 | Remaining:00:01.61 | Mem:9.64M, Peak:9.64M | Scene, ViewLayer | Sample 1/8
Fra:1 Mem:29.87M (Peak 37.68M) | Time:00:01.78 | Mem:9.64M, Peak:9.64M | Scene, ViewLayer | Sample 8/8
Fra:1 Mem:29.87M (Peak 37.68M) | Time:00:01.78 | Mem:9.64M, Peak:9.64M | Scene, ViewLayer | Finished
Saved: '/workspace/scratch/7c20b5ba4165/atlas-backlog-oct3/tools/assets/boardable-metro/qa/previews/middle-night.png'
Time: 00:01.82 (Saving: 00:00.03)

Extensions: writing cache failed ([Errno 30] Read-only file system: '/home/agent/.config/blender').
16:26:47 | INFO: Data are loaded, start creating Blender stuff
16:26:47 | INFO: Blender create Mesh node Cube
16:26:47 | INFO: Blender create Mesh node Cube.158
16:26:47 | INFO: Blender create Mesh node Cube.157
16:26:47 | INFO: Blender create Mesh node Cube.135
16:26:47 | INFO: Blender create Mesh node Cube.140
16:26:47 | INFO: Blender create Mesh node Cube.145
16:26:47 | INFO: Blender create Mesh node Cube.150
16:26:47 | INFO: Blender create Mesh node Cube.125
16:26:47 | INFO: Blender create Mesh node Cube.130
16:26:47 | INFO: Blender create Mesh node Cube.105
16:26:47 | INFO: Blender create Mesh node Cube.110
16:26:47 | INFO: Blender create Mesh node Cube.115
16:26:47 | INFO: Blender create Mesh node Cube.120
16:26:47 | INFO: Blender create Mesh node Cube.095
16:26:47 | INFO: Blender create Mesh node Cube.100
16:26:47 | INFO: Blender create Mesh node Cube.004
16:26:47 | INFO: Blender create Mesh node Cylinder.007
16:26:47 | INFO: Blender create Mesh node Cylinder.006
16:26:47 | INFO: Blender create Mesh node Cylinder.005
16:26:47 | INFO: Blender create Mesh node Cylinder.004
16:26:47 | INFO: Blender create Mesh node Cylinder.003
16:26:47 | INFO: Blender create Mesh node Cylinder.002
16:26:47 | INFO: Blender create Mesh node Cylinder.001
16:26:47 | INFO: Blender create Mesh node Cylinder
16:26:47 | INFO: glTF import finished in 0.02s
16:26:47 | INFO: Data are loaded, start creating Blender stuff
16:26:47 | INFO: Blender create Mesh node interior-batch-metro-wall
16:26:47 | INFO: Blender create Mesh node interior-batch-metro-floor
16:26:47 | INFO: Blender create Mesh node interior-batch-metro-rail
16:26:47 | INFO: Blender create Mesh node interior-batch-metro-screen
16:26:47 | INFO: Blender create Mesh node interior-batch-metro-priority-seat
16:26:47 | INFO: Blender create Mesh node interior-batch-metro-seat
16:26:47 | INFO: glTF import finished in 0.01s
Fra:1 Mem:18.39M (Peak 18.39M) | Time:00:00.00 | Mem:0.00M, Peak:0.00M | Scene, ViewLayer | Synchronizing object | body-shell
Fra:1 Mem:18.45M (Peak 18.45M) | Time:00:00.00 | Mem:0.00M, Peak:0.00M | Scene, ViewLayer | Synchronizing object | QA-ground
Fra:1 Mem:18.82M (Peak 18.82M) | Time:00:00.00 | Mem:0.00M, Peak:0.00M | Scene, ViewLayer | Synchronizing object | interior-batch-metro-seat
Fra:1 Mem:18.94M (Peak 18.94M) | Time:00:00.00 | Mem:0.00M, Peak:0.00M | Scene, ViewLayer | Synchronizing object | interior-batch-metro-priority-seat
Fra:1 Mem:18.63M (Peak 18.94M) | Time:00:00.00 | Mem:0.00M, Peak:0.00M | Scene, ViewLayer | Synchronizing object | interior-batch-metro-screen
Fra:1 Mem:18.67M (Peak 18.94M) | Time:00:00.00 | Mem:0.00M, Peak:0.00M | Scene, ViewLayer | Synchronizing object | interior-batch-metro-rail
Fra:1 Mem:18.96M (Peak 18.96M) | Time:00:00.00 | Mem:0.00M, Peak:0.00M | Scene, ViewLayer | Synchronizing object | interior-batch-metro-floor
Fra:1 Mem:18.96M (Peak 18.96M) | Time:00:00.00 | Mem:0.00M, Peak:0.00M | Scene, ViewLayer | Synchronizing object | interior-batch-metro-wall
Fra:1 Mem:18.99M (Peak 18.99M) | Time:00:00.00 | Mem:0.00M, Peak:0.00M | Scene, ViewLayer | Synchronizing object | wheel-rear-rear-right
Fra:1 Mem:18.84M (Peak 18.99M) | Time:00:00.00 | Mem:0.00M, Peak:0.00M | Scene, ViewLayer | Synchronizing object | wheel-rear-rear-left
Fra:1 Mem:18.82M (Peak 18.99M) | Time:00:00.00 | Mem:0.00M, Peak:0.00M | Scene, ViewLayer | Synchronizing object | bogie-front-frame
Fra:1 Mem:18.82M (Peak 18.99M) | Time:00:00.00 | Mem:0.00M, Peak:0.00M | Scene, ViewLayer | Synchronizing object | wheel-rear-front-right
Fra:1 Mem:18.83M (Peak 18.99M) | Time:00:00.00 | Mem:0.00M, Peak:0.00M | Scene, ViewLayer | Synchronizing object | bogie-rear-frame
Fra:1 Mem:18.83M (Peak 18.99M) | Time:00:00.00 | Mem:0.00M, Peak:0.00M | Scene, ViewLayer | Synchronizing object | wheel-rear-front-left
Fra:1 Mem:18.85M (Peak 18.99M) | Time:00:00.00 | Mem:0.00M, Peak:0.00M | Scene, ViewLayer | Synchronizing object | door-left-center-a
Fra:1 Mem:18.84M (Peak 18.99M) | Time:00:00.00 | Mem:0.00M, Peak:0.00M | Scene, ViewLayer | Synchronizing object | wheel-front-rear-right
Fra:1 Mem:18.87M (Peak 18.99M) | Time:00:00.00 | Mem:0.00M, Peak:0.00M | Scene, ViewLayer | Synchronizing object | wheel-front-rear-left
Fra:1 Mem:18.87M (Peak 18.99M) | Time:00:00.00 | Mem:0.00M, Peak:0.00M | Scene, ViewLayer | Synchronizing object | door-left-center-b
Fra:1 Mem:18.89M (Peak 18.99M) | Time:00:00.00 | Mem:0.00M, Peak:0.00M | Scene, ViewLayer | Synchronizing object | wheel-front-front-right
Fra:1 Mem:18.90M (Peak 18.99M) | Time:00:00.00 | Mem:0.00M, Peak:0.00M | Scene, ViewLayer | Synchronizing object | wheel-front-front-left
Fra:1 Mem:18.92M (Peak 18.99M) | Time:00:00.00 | Mem:0.00M, Peak:0.00M | Scene, ViewLayer | Synchronizing object | door-left-front-a
Fra:1 Mem:18.93M (Peak 18.99M) | Time:00:00.00 | Mem:0.00M, Peak:0.00M | Scene, ViewLayer | Synchronizing object | glass
Fra:1 Mem:18.97M (Peak 18.99M) | Time:00:00.00 | Mem:0.00M, Peak:0.00M | Scene, ViewLayer | Synchronizing object | door-left-front-b
Fra:1 Mem:18.97M (Peak 18.99M) | Time:00:00.00 | Mem:0.00M, Peak:0.00M | Scene, ViewLayer | Synchronizing object | door-right-rear-b
Fra:1 Mem:18.97M (Peak 18.99M) | Time:00:00.00 | Mem:0.00M, Peak:0.00M | Scene, ViewLayer | Synchronizing object | door-right-rear-a
Fra:1 Mem:18.97M (Peak 18.99M) | Time:00:00.00 | Mem:0.00M, Peak:0.00M | Scene, ViewLayer | Synchronizing object | door-left-rear-a
Fra:1 Mem:19.00M (Peak 19.00M) | Time:00:00.00 | Mem:0.00M, Peak:0.00M | Scene, ViewLayer | Synchronizing object | door-right-front-b
Fra:1 Mem:19.01M (Peak 19.01M) | Time:00:00.00 | Mem:0.00M, Peak:0.00M | Scene, ViewLayer | Synchronizing object | door-right-front-a
Fra:1 Mem:19.02M (Peak 19.02M) | Time:00:00.00 | Mem:0.00M, Peak:0.00M | Scene, ViewLayer | Synchronizing object | door-left-rear-b
Fra:1 Mem:19.04M (Peak 19.04M) | Time:00:00.00 | Mem:0.00M, Peak:0.00M | Scene, ViewLayer | Synchronizing object | door-right-center-b
Fra:1 Mem:19.03M (Peak 19.04M) | Time:00:00.00 | Mem:0.00M, Peak:0.00M | Scene, ViewLayer | Synchronizing object | door-right-center-a
Fra:1 Mem:19.04M (Peak 19.04M) | Time:00:00.00 | Mem:0.00M, Peak:0.00M | Scene, ViewLayer | Initializing
Fra:1 Mem:16.49M (Peak 19.04M) | Time:00:00.00 | Mem:0.00M, Peak:0.00M | Scene, ViewLayer | Waiting for render to start
Fra:1 Mem:16.49M (Peak 19.04M) | Time:00:00.00 | Mem:0.00M, Peak:0.00M | Scene, ViewLayer | Loading render kernels (may take a few minutes the first time)
Fra:1 Mem:16.49M (Peak 19.04M) | Time:00:00.00 | Mem:0.00M, Peak:0.00M | Scene, ViewLayer | Updating Scene
Fra:1 Mem:16.49M (Peak 19.04M) | Time:00:00.00 | Mem:0.00M, Peak:0.00M | Scene, ViewLayer | Updating Shaders
Fra:1 Mem:16.58M (Peak 19.04M) | Time:00:00.00 | Mem:0.01M, Peak:0.01M | Scene, ViewLayer | Updating Procedurals
Fra:1 Mem:16.58M (Peak 19.04M) | Time:00:00.00 | Mem:0.01M, Peak:0.01M | Scene, ViewLayer | Updating Background
Fra:1 Mem:16.58M (Peak 19.04M) | Time:00:00.00 | Mem:0.01M, Peak:0.01M | Scene, ViewLayer | Updating Camera
Fra:1 Mem:16.58M (Peak 19.04M) | Time:00:00.00 | Mem:0.01M, Peak:0.01M | Scene, ViewLayer | Updating Meshes Flags
Fra:1 Mem:16.58M (Peak 19.04M) | Time:00:00.00 | Mem:0.01M, Peak:0.01M | Scene, ViewLayer | Updating Objects
Fra:1 Mem:16.58M (Peak 19.04M) | Time:00:00.00 | Mem:0.01M, Peak:0.01M | Scene, ViewLayer | Updating Objects | Copying Transformations to device
Fra:1 Mem:16.59M (Peak 19.04M) | Time:00:00.00 | Mem:0.02M, Peak:0.02M | Scene, ViewLayer | Updating Objects | Applying Static Transformations
Fra:1 Mem:16.59M (Peak 19.04M) | Time:00:00.00 | Mem:0.02M, Peak:0.02M | Scene, ViewLayer | Updating Particle Systems
Fra:1 Mem:16.59M (Peak 19.04M) | Time:00:00.00 | Mem:0.02M, Peak:0.02M | Scene, ViewLayer | Updating Particle Systems | Copying Particles to device
Fra:1 Mem:16.59M (Peak 19.04M) | Time:00:00.00 | Mem:0.02M, Peak:0.02M | Scene, ViewLayer | Updating Meshes
Fra:1 Mem:16.64M (Peak 19.04M) | Time:00:00.00 | Mem:0.02M, Peak:0.02M | Scene, ViewLayer | Updating Mesh | Computing attributes
Fra:1 Mem:16.78M (Peak 19.04M) | Time:00:00.00 | Mem:0.02M, Peak:0.02M | Scene, ViewLayer | Updating Mesh | Copying Attributes to device
Fra:1 Mem:16.78M (Peak 19.04M) | Time:00:00.00 | Mem:0.16M, Peak:0.16M | Scene, ViewLayer | Updating Scene BVH | Building
Fra:1 Mem:16.78M (Peak 19.04M) | Time:00:00.00 | Mem:0.16M, Peak:0.16M | Scene, ViewLayer | Updating Scene BVH | Building BVH
Fra:1 Mem:16.78M (Peak 19.04M) | Time:00:00.00 | Mem:0.26M, Peak:0.26M | Scene, ViewLayer | Updating Scene BVH | Building BVH 0%
Fra:1 Mem:16.78M (Peak 19.04M) | Time:00:00.00 | Mem:0.39M, Peak:0.49M | Scene, ViewLayer | Updating Scene BVH | Copying BVH to device
Fra:1 Mem:16.78M (Peak 19.04M) | Time:00:00.00 | Mem:0.39M, Peak:0.49M | Scene, ViewLayer | Updating Mesh | Computing normals
Fra:1 Mem:17.16M (Peak 19.04M) | Time:00:00.00 | Mem:0.39M, Peak:0.49M | Scene, ViewLayer | Updating Mesh | Copying Mesh to device
Fra:1 Mem:17.16M (Peak 19.04M) | Time:00:00.00 | Mem:0.77M, Peak:0.77M | Scene, ViewLayer | Updating Objects Flags
Fra:1 Mem:17.16M (Peak 19.04M) | Time:00:00.00 | Mem:0.77M, Peak:0.77M | Scene, ViewLayer | Updating Primitive Offsets
Fra:1 Mem:17.16M (Peak 19.04M) | Time:00:00.00 | Mem:0.77M, Peak:0.77M | Scene, ViewLayer | Updating Images
Fra:1 Mem:17.16M (Peak 19.04M) | Time:00:00.00 | Mem:0.77M, Peak:0.77M | Scene, ViewLayer | Updating Camera Volume
Fra:1 Mem:17.16M (Peak 19.04M) | Time:00:00.00 | Mem:0.77M, Peak:0.77M | Scene, ViewLayer | Updating Lookup Tables
Fra:1 Mem:17.16M (Peak 19.04M) | Time:00:00.00 | Mem:0.85M, Peak:0.85M | Scene, ViewLayer | Updating Lights
Fra:1 Mem:17.16M (Peak 19.04M) | Time:00:00.00 | Mem:0.85M, Peak:0.85M | Scene, ViewLayer | Updating Lights | Computing tree
Fra:1 Mem:17.16M (Peak 19.04M) | Time:00:00.00 | Mem:0.85M, Peak:0.85M | Scene, ViewLayer | Updating Integrator
Fra:1 Mem:17.16M (Peak 19.04M) | Time:00:00.00 | Mem:0.85M, Peak:0.85M | Scene, ViewLayer | Updating Film
Fra:1 Mem:17.16M (Peak 19.04M) | Time:00:00.00 | Mem:0.77M, Peak:0.85M | Scene, ViewLayer | Updating Lookup Tables
Fra:1 Mem:17.16M (Peak 19.04M) | Time:00:00.00 | Mem:0.85M, Peak:0.85M | Scene, ViewLayer | Updating Baking
Fra:1 Mem:17.16M (Peak 19.04M) | Time:00:00.00 | Mem:0.85M, Peak:0.85M | Scene, ViewLayer | Updating Device | Writing constant memory
Fra:1 Mem:17.16M (Peak 19.04M) | Time:00:00.00 | Mem:0.85M, Peak:0.85M | Scene, ViewLayer | Sample 0/8
Fra:1 Mem:25.96M (Peak 25.96M) | Time:00:00.46 | Remaining:00:03.20 | Mem:9.64M, Peak:9.64M | Scene, ViewLayer | Sample 1/8
Fra:1 Mem:29.87M (Peak 37.68M) | Time:00:03.46 | Mem:9.64M, Peak:9.64M | Scene, ViewLayer | Sample 8/8
Fra:1 Mem:29.87M (Peak 37.68M) | Time:00:03.46 | Mem:9.64M, Peak:9.64M | Scene, ViewLayer | Finished
Saved: '/workspace/scratch/7c20b5ba4165/atlas-backlog-oct3/tools/assets/boardable-metro/qa/previews/middle-doors-closed.png'
Time: 00:03.50 (Saving: 00:00.03)

Extensions: writing cache failed ([Errno 30] Read-only file system: '/home/agent/.config/blender').
16:26:51 | INFO: Data are loaded, start creating Blender stuff
16:26:51 | INFO: Blender create Mesh node Cube
16:26:51 | INFO: Blender create Mesh node Cube.158
16:26:51 | INFO: Blender create Mesh node Cube.157
16:26:51 | INFO: Blender create Mesh node Cube.135
16:26:51 | INFO: Blender create Mesh node Cube.140
16:26:51 | INFO: Blender create Mesh node Cube.145
16:26:51 | INFO: Blender create Mesh node Cube.150
16:26:51 | INFO: Blender create Mesh node Cube.125
16:26:51 | INFO: Blender create Mesh node Cube.130
16:26:51 | INFO: Blender create Mesh node Cube.105
16:26:51 | INFO: Blender create Mesh node Cube.110
16:26:51 | INFO: Blender create Mesh node Cube.115
16:26:51 | INFO: Blender create Mesh node Cube.120
16:26:51 | INFO: Blender create Mesh node Cube.095
16:26:51 | INFO: Blender create Mesh node Cube.100
16:26:51 | INFO: Blender create Mesh node Cube.004
16:26:51 | INFO: Blender create Mesh node Cylinder.007
16:26:51 | INFO: Blender create Mesh node Cylinder.006
16:26:51 | INFO: Blender create Mesh node Cylinder.005
16:26:51 | INFO: Blender create Mesh node Cylinder.004
16:26:51 | INFO: Blender create Mesh node Cylinder.003
16:26:51 | INFO: Blender create Mesh node Cylinder.002
16:26:51 | INFO: Blender create Mesh node Cylinder.001
16:26:51 | INFO: Blender create Mesh node Cylinder
16:26:51 | INFO: glTF import finished in 0.03s
16:26:51 | INFO: Data are loaded, start creating Blender stuff
16:26:51 | INFO: Blender create Mesh node interior-batch-metro-wall
16:26:51 | INFO: Blender create Mesh node interior-batch-metro-floor
16:26:51 | INFO: Blender create Mesh node interior-batch-metro-rail
16:26:51 | INFO: Blender create Mesh node interior-batch-metro-screen
16:26:51 | INFO: Blender create Mesh node interior-batch-metro-priority-seat
16:26:51 | INFO: Blender create Mesh node interior-batch-metro-seat
16:26:51 | INFO: glTF import finished in 0.01s
Fra:1 Mem:18.39M (Peak 18.39M) | Time:00:00.00 | Mem:0.00M, Peak:0.00M | Scene, ViewLayer | Synchronizing object | body-shell
Fra:1 Mem:18.86M (Peak 18.86M) | Time:00:00.00 | Mem:0.00M, Peak:0.00M | Scene, ViewLayer | Synchronizing object | QA-ground
Fra:1 Mem:18.90M (Peak 18.90M) | Time:00:00.00 | Mem:0.00M, Peak:0.00M | Scene, ViewLayer | Synchronizing object | interior-batch-metro-seat
Fra:1 Mem:18.68M (Peak 18.90M) | Time:00:00.00 | Mem:0.00M, Peak:0.00M | Scene, ViewLayer | Synchronizing object | interior-batch-metro-priority-seat
Fra:1 Mem:18.86M (Peak 18.90M) | Time:00:00.00 | Mem:0.00M, Peak:0.00M | Scene, ViewLayer | Synchronizing object | interior-batch-metro-screen
Fra:1 Mem:18.87M (Peak 18.90M) | Time:00:00.00 | Mem:0.00M, Peak:0.00M | Scene, ViewLayer | Synchronizing object | interior-batch-metro-rail
Fra:1 Mem:18.78M (Peak 18.90M) | Time:00:00.00 | Mem:0.00M, Peak:0.00M | Scene, ViewLayer | Synchronizing object | bogie-front-frame
Fra:1 Mem:18.86M (Peak 18.90M) | Time:00:00.00 | Mem:0.00M, Peak:0.00M | Scene, ViewLayer | Synchronizing object | bogie-rear-frame
Fra:1 Mem:18.82M (Peak 18.90M) | Time:00:00.00 | Mem:0.00M, Peak:0.00M | Scene, ViewLayer | Synchronizing object | door-left-center-a
Fra:1 Mem:18.76M (Peak 18.90M) | Time:00:00.00 | Mem:0.00M, Peak:0.00M | Scene, ViewLayer | Synchronizing object | interior-batch-metro-floor
Fra:1 Mem:18.77M (Peak 18.90M) | Time:00:00.00 | Mem:0.00M, Peak:0.00M | Scene, ViewLayer | Synchronizing object | door-left-center-b
Fra:1 Mem:18.76M (Peak 18.90M) | Time:00:00.00 | Mem:0.00M, Peak:0.00M | Scene, ViewLayer | Synchronizing object | interior-batch-metro-wall
Fra:1 Mem:18.88M (Peak 18.90M) | Time:00:00.00 | Mem:0.00M, Peak:0.00M | Scene, ViewLayer | Synchronizing object | door-left-front-a
Fra:1 Mem:18.87M (Peak 18.90M) | Time:00:00.00 | Mem:0.00M, Peak:0.00M | Scene, ViewLayer | Synchronizing object | door-left-front-b
Fra:1 Mem:18.84M (Peak 18.90M) | Time:00:00.00 | Mem:0.00M, Peak:0.00M | Scene, ViewLayer | Synchronizing object | wheel-rear-rear-right
Fra:1 Mem:18.86M (Peak 18.90M) | Time:00:00.00 | Mem:0.00M, Peak:0.00M | Scene, ViewLayer | Synchronizing object | door-left-rear-a
Fra:1 Mem:18.87M (Peak 18.90M) | Time:00:00.00 | Mem:0.00M, Peak:0.00M | Scene, ViewLayer | Synchronizing object | wheel-rear-rear-left
Fra:1 Mem:18.89M (Peak 18.90M) | Time:00:00.00 | Mem:0.00M, Peak:0.00M | Scene, ViewLayer | Synchronizing object | door-left-rear-b
Fra:1 Mem:18.89M (Peak 18.90M) | Time:00:00.00 | Mem:0.00M, Peak:0.00M | Scene, ViewLayer | Synchronizing object | wheel-rear-front-right
Fra:1 Mem:18.90M (Peak 18.90M) | Time:00:00.00 | Mem:0.00M, Peak:0.00M | Scene, ViewLayer | Synchronizing object | door-right-center-a
Fra:1 Mem:18.92M (Peak 18.92M) | Time:00:00.00 | Mem:0.00M, Peak:0.00M | Scene, ViewLayer | Synchronizing object | wheel-rear-front-left
Fra:1 Mem:18.92M (Peak 18.92M) | Time:00:00.00 | Mem:0.00M, Peak:0.00M | Scene, ViewLayer | Synchronizing object | door-right-center-b
Fra:1 Mem:18.95M (Peak 18.95M) | Time:00:00.00 | Mem:0.00M, Peak:0.00M | Scene, ViewLayer | Synchronizing object | wheel-front-rear-right
Fra:1 Mem:18.94M (Peak 18.95M) | Time:00:00.00 | Mem:0.00M, Peak:0.00M | Scene, ViewLayer | Synchronizing object | door-right-front-a
Fra:1 Mem:18.97M (Peak 18.97M) | Time:00:00.00 | Mem:0.00M, Peak:0.00M | Scene, ViewLayer | Synchronizing object | wheel-front-rear-left
Fra:1 Mem:18.96M (Peak 18.97M) | Time:00:00.00 | Mem:0.00M, Peak:0.00M | Scene, ViewLayer | Synchronizing object | door-right-front-b
Fra:1 Mem:18.99M (Peak 18.99M) | Time:00:00.00 | Mem:0.00M, Peak:0.00M | Scene, ViewLayer | Synchronizing object | wheel-front-front-right
Fra:1 Mem:18.98M (Peak 18.99M) | Time:00:00.00 | Mem:0.00M, Peak:0.00M | Scene, ViewLayer | Synchronizing object | door-right-rear-a
Fra:1 Mem:19.01M (Peak 19.01M) | Time:00:00.00 | Mem:0.00M, Peak:0.00M | Scene, ViewLayer | Synchronizing object | wheel-front-front-left
Fra:1 Mem:19.01M (Peak 19.01M) | Time:00:00.00 | Mem:0.00M, Peak:0.00M | Scene, ViewLayer | Synchronizing object | door-right-rear-b
Fra:1 Mem:19.03M (Peak 19.03M) | Time:00:00.00 | Mem:0.00M, Peak:0.00M | Scene, ViewLayer | Synchronizing object | glass
Fra:1 Mem:19.04M (Peak 19.04M) | Time:00:00.00 | Mem:0.00M, Peak:0.00M | Scene, ViewLayer | Initializing
Fra:1 Mem:16.49M (Peak 19.04M) | Time:00:00.00 | Mem:0.00M, Peak:0.00M | Scene, ViewLayer | Waiting for render to start
Fra:1 Mem:16.49M (Peak 19.04M) | Time:00:00.00 | Mem:0.00M, Peak:0.00M | Scene, ViewLayer | Loading render kernels (may take a few minutes the first time)
Fra:1 Mem:16.49M (Peak 19.04M) | Time:00:00.00 | Mem:0.00M, Peak:0.00M | Scene, ViewLayer | Updating Scene
Fra:1 Mem:16.49M (Peak 19.04M) | Time:00:00.00 | Mem:0.00M, Peak:0.00M | Scene, ViewLayer | Updating Shaders
Fra:1 Mem:16.58M (Peak 19.04M) | Time:00:00.00 | Mem:0.01M, Peak:0.01M | Scene, ViewLayer | Updating Procedurals
Fra:1 Mem:16.58M (Peak 19.04M) | Time:00:00.00 | Mem:0.01M, Peak:0.01M | Scene, ViewLayer | Updating Background
Fra:1 Mem:16.58M (Peak 19.04M) | Time:00:00.00 | Mem:0.01M, Peak:0.01M | Scene, ViewLayer | Updating Camera
Fra:1 Mem:16.58M (Peak 19.04M) | Time:00:00.00 | Mem:0.01M, Peak:0.01M | Scene, ViewLayer | Updating Meshes Flags
Fra:1 Mem:16.58M (Peak 19.04M) | Time:00:00.00 | Mem:0.01M, Peak:0.01M | Scene, ViewLayer | Updating Objects
Fra:1 Mem:16.58M (Peak 19.04M) | Time:00:00.00 | Mem:0.01M, Peak:0.01M | Scene, ViewLayer | Updating Objects | Copying Transformations to device
Fra:1 Mem:16.59M (Peak 19.04M) | Time:00:00.00 | Mem:0.02M, Peak:0.02M | Scene, ViewLayer | Updating Objects | Applying Static Transformations
Fra:1 Mem:16.59M (Peak 19.04M) | Time:00:00.00 | Mem:0.02M, Peak:0.02M | Scene, ViewLayer | Updating Particle Systems
Fra:1 Mem:16.59M (Peak 19.04M) | Time:00:00.00 | Mem:0.02M, Peak:0.02M | Scene, ViewLayer | Updating Particle Systems | Copying Particles to device
Fra:1 Mem:16.59M (Peak 19.04M) | Time:00:00.00 | Mem:0.02M, Peak:0.02M | Scene, ViewLayer | Updating Meshes
Fra:1 Mem:16.64M (Peak 19.04M) | Time:00:00.00 | Mem:0.02M, Peak:0.02M | Scene, ViewLayer | Updating Mesh | Computing attributes
Fra:1 Mem:16.78M (Peak 19.04M) | Time:00:00.00 | Mem:0.02M, Peak:0.02M | Scene, ViewLayer | Updating Mesh | Copying Attributes to device
Fra:1 Mem:16.78M (Peak 19.04M) | Time:00:00.00 | Mem:0.16M, Peak:0.16M | Scene, ViewLayer | Updating Scene BVH | Building
Fra:1 Mem:16.78M (Peak 19.04M) | Time:00:00.00 | Mem:0.16M, Peak:0.16M | Scene, ViewLayer | Updating Scene BVH | Building BVH
Fra:1 Mem:16.78M (Peak 19.04M) | Time:00:00.00 | Mem:0.26M, Peak:0.26M | Scene, ViewLayer | Updating Scene BVH | Building BVH 0%
Fra:1 Mem:16.78M (Peak 19.04M) | Time:00:00.00 | Mem:0.39M, Peak:0.49M | Scene, ViewLayer | Updating Scene BVH | Copying BVH to device
Fra:1 Mem:16.78M (Peak 19.04M) | Time:00:00.00 | Mem:0.39M, Peak:0.49M | Scene, ViewLayer | Updating Mesh | Computing normals
Fra:1 Mem:17.16M (Peak 19.04M) | Time:00:00.00 | Mem:0.39M, Peak:0.49M | Scene, ViewLayer | Updating Mesh | Copying Mesh to device
Fra:1 Mem:17.16M (Peak 19.04M) | Time:00:00.00 | Mem:0.77M, Peak:0.77M | Scene, ViewLayer | Updating Objects Flags
Fra:1 Mem:17.16M (Peak 19.04M) | Time:00:00.00 | Mem:0.77M, Peak:0.77M | Scene, ViewLayer | Updating Primitive Offsets
Fra:1 Mem:17.16M (Peak 19.04M) | Time:00:00.00 | Mem:0.77M, Peak:0.77M | Scene, ViewLayer | Updating Images
Fra:1 Mem:17.16M (Peak 19.04M) | Time:00:00.00 | Mem:0.77M, Peak:0.77M | Scene, ViewLayer | Updating Camera Volume
Fra:1 Mem:17.16M (Peak 19.04M) | Time:00:00.00 | Mem:0.77M, Peak:0.77M | Scene, ViewLayer | Updating Lookup Tables
Fra:1 Mem:17.16M (Peak 19.04M) | Time:00:00.00 | Mem:0.85M, Peak:0.85M | Scene, ViewLayer | Updating Lights
Fra:1 Mem:17.16M (Peak 19.04M) | Time:00:00.00 | Mem:0.85M, Peak:0.85M | Scene, ViewLayer | Updating Lights | Computing tree
Fra:1 Mem:17.16M (Peak 19.04M) | Time:00:00.00 | Mem:0.85M, Peak:0.85M | Scene, ViewLayer | Updating Integrator
Fra:1 Mem:17.16M (Peak 19.04M) | Time:00:00.00 | Mem:0.85M, Peak:0.85M | Scene, ViewLayer | Updating Film
Fra:1 Mem:17.16M (Peak 19.04M) | Time:00:00.00 | Mem:0.77M, Peak:0.85M | Scene, ViewLayer | Updating Lookup Tables
Fra:1 Mem:17.16M (Peak 19.04M) | Time:00:00.00 | Mem:0.85M, Peak:0.85M | Scene, ViewLayer | Updating Baking
Fra:1 Mem:17.16M (Peak 19.04M) | Time:00:00.00 | Mem:0.85M, Peak:0.85M | Scene, ViewLayer | Updating Device | Writing constant memory
Fra:1 Mem:17.16M (Peak 19.04M) | Time:00:00.00 | Mem:0.85M, Peak:0.85M | Scene, ViewLayer | Sample 0/8
Fra:1 Mem:25.96M (Peak 25.96M) | Time:00:00.44 | Remaining:00:03.05 | Mem:9.64M, Peak:9.64M | Scene, ViewLayer | Sample 1/8
Fra:1 Mem:29.87M (Peak 37.68M) | Time:00:03.09 | Mem:9.64M, Peak:9.64M | Scene, ViewLayer | Sample 8/8
Fra:1 Mem:29.87M (Peak 37.68M) | Time:00:03.09 | Mem:9.64M, Peak:9.64M | Scene, ViewLayer | Finished
Saved: '/workspace/scratch/7c20b5ba4165/atlas-backlog-oct3/tools/assets/boardable-metro/qa/previews/middle-doors-open.png'
Time: 00:03.14 (Saving: 00:00.04)

Extensions: writing cache failed ([Errno 30] Read-only file system: '/home/agent/.config/blender').
16:26:54 | INFO: Data are loaded, start creating Blender stuff
16:26:54 | INFO: Blender create Mesh node Cube
16:26:54 | INFO: Blender create Mesh node Cube.158
16:26:54 | INFO: Blender create Mesh node Cube.157
16:26:54 | INFO: Blender create Mesh node Cube.135
16:26:54 | INFO: Blender create Mesh node Cube.140
16:26:54 | INFO: Blender create Mesh node Cube.145
16:26:54 | INFO: Blender create Mesh node Cube.150
16:26:54 | INFO: Blender create Mesh node Cube.125
16:26:54 | INFO: Blender create Mesh node Cube.130
16:26:54 | INFO: Blender create Mesh node Cube.105
16:26:54 | INFO: Blender create Mesh node Cube.110
16:26:54 | INFO: Blender create Mesh node Cube.115
16:26:54 | INFO: Blender create Mesh node Cube.120
16:26:54 | INFO: Blender create Mesh node Cube.095
16:26:54 | INFO: Blender create Mesh node Cube.100
16:26:54 | INFO: Blender create Mesh node Cube.004
16:26:54 | INFO: Blender create Mesh node Cylinder.007
16:26:54 | INFO: Blender create Mesh node Cylinder.006
16:26:54 | INFO: Blender create Mesh node Cylinder.005
16:26:54 | INFO: Blender create Mesh node Cylinder.004
16:26:54 | INFO: Blender create Mesh node Cylinder.003
16:26:54 | INFO: Blender create Mesh node Cylinder.002
16:26:54 | INFO: Blender create Mesh node Cylinder.001
16:26:54 | INFO: Blender create Mesh node Cylinder
16:26:54 | INFO: glTF import finished in 0.02s
16:26:54 | INFO: Data are loaded, start creating Blender stuff
16:26:54 | INFO: Blender create Mesh node interior-batch-metro-wall
16:26:54 | INFO: Blender create Mesh node interior-batch-metro-floor
16:26:54 | INFO: Blender create Mesh node interior-batch-metro-rail
16:26:54 | INFO: Blender create Mesh node interior-batch-metro-screen
16:26:54 | INFO: Blender create Mesh node interior-batch-metro-priority-seat
16:26:54 | INFO: Blender create Mesh node interior-batch-metro-seat
16:26:54 | INFO: glTF import finished in 0.01s
Fra:1 Mem:18.39M (Peak 18.39M) | Time:00:00.00 | Mem:0.00M, Peak:0.00M | Scene, ViewLayer | Synchronizing object | body-shell
Fra:1 Mem:18.82M (Peak 18.82M) | Time:00:00.00 | Mem:0.00M, Peak:0.00M | Scene, ViewLayer | Synchronizing object | QA-ground
Fra:1 Mem:18.82M (Peak 18.82M) | Time:00:00.00 | Mem:0.00M, Peak:0.00M | Scene, ViewLayer | Synchronizing object | interior-batch-metro-seat
Fra:1 Mem:18.68M (Peak 18.82M) | Time:00:00.00 | Mem:0.00M, Peak:0.00M | Scene, ViewLayer | Synchronizing object | interior-batch-metro-priority-seat
Fra:1 Mem:18.71M (Peak 18.82M) | Time:00:00.00 | Mem:0.00M, Peak:0.00M | Scene, ViewLayer | Synchronizing object | interior-batch-metro-screen
Fra:1 Mem:18.87M (Peak 18.87M) | Time:00:00.00 | Mem:0.00M, Peak:0.00M | Scene, ViewLayer | Synchronizing object | interior-batch-metro-rail
Fra:1 Mem:18.85M (Peak 18.87M) | Time:00:00.00 | Mem:0.00M, Peak:0.00M | Scene, ViewLayer | Synchronizing object | bogie-front-frame
Fra:1 Mem:18.86M (Peak 18.87M) | Time:00:00.00 | Mem:0.00M, Peak:0.00M | Scene, ViewLayer | Synchronizing object | bogie-rear-frame
Fra:1 Mem:18.86M (Peak 18.87M) | Time:00:00.00 | Mem:0.00M, Peak:0.00M | Scene, ViewLayer | Synchronizing object | door-left-center-a
Fra:1 Mem:18.78M (Peak 18.87M) | Time:00:00.00 | Mem:0.00M, Peak:0.00M | Scene, ViewLayer | Synchronizing object | door-left-center-b
Fra:1 Mem:18.79M (Peak 18.87M) | Time:00:00.00 | Mem:0.00M, Peak:0.00M | Scene, ViewLayer | Synchronizing object | interior-batch-metro-floor
Fra:1 Mem:18.79M (Peak 18.87M) | Time:00:00.00 | Mem:0.00M, Peak:0.00M | Scene, ViewLayer | Synchronizing object | interior-batch-metro-wall
Fra:1 Mem:18.78M (Peak 18.87M) | Time:00:00.00 | Mem:0.00M, Peak:0.00M | Scene, ViewLayer | Synchronizing object | door-left-front-a
Fra:1 Mem:18.83M (Peak 18.87M) | Time:00:00.00 | Mem:0.00M, Peak:0.00M | Scene, ViewLayer | Synchronizing object | door-left-front-b
Fra:1 Mem:18.88M (Peak 18.88M) | Time:00:00.00 | Mem:0.00M, Peak:0.00M | Scene, ViewLayer | Synchronizing object | door-left-rear-a
Fra:1 Mem:18.85M (Peak 18.88M) | Time:00:00.00 | Mem:0.00M, Peak:0.00M | Scene, ViewLayer | Synchronizing object | wheel-rear-rear-right
Fra:1 Mem:18.88M (Peak 18.88M) | Time:00:00.00 | Mem:0.00M, Peak:0.00M | Scene, ViewLayer | Synchronizing object | door-left-rear-b
Fra:1 Mem:18.87M (Peak 18.88M) | Time:00:00.00 | Mem:0.00M, Peak:0.00M | Scene, ViewLayer | Synchronizing object | wheel-rear-rear-left
Fra:1 Mem:18.90M (Peak 18.90M) | Time:00:00.00 | Mem:0.00M, Peak:0.00M | Scene, ViewLayer | Synchronizing object | door-right-center-a
Fra:1 Mem:18.89M (Peak 18.90M) | Time:00:00.00 | Mem:0.00M, Peak:0.00M | Scene, ViewLayer | Synchronizing object | wheel-rear-front-right
Fra:1 Mem:18.92M (Peak 18.92M) | Time:00:00.00 | Mem:0.00M, Peak:0.00M | Scene, ViewLayer | Synchronizing object | door-right-center-b
Fra:1 Mem:18.93M (Peak 18.93M) | Time:00:00.00 | Mem:0.00M, Peak:0.00M | Scene, ViewLayer | Synchronizing object | wheel-rear-front-left
Fra:1 Mem:18.94M (Peak 18.94M) | Time:00:00.00 | Mem:0.00M, Peak:0.00M | Scene, ViewLayer | Synchronizing object | door-right-front-a
Fra:1 Mem:18.95M (Peak 18.95M) | Time:00:00.00 | Mem:0.00M, Peak:0.00M | Scene, ViewLayer | Synchronizing object | wheel-front-rear-right
Fra:1 Mem:18.96M (Peak 18.96M) | Time:00:00.00 | Mem:0.00M, Peak:0.00M | Scene, ViewLayer | Synchronizing object | door-right-front-b
Fra:1 Mem:18.97M (Peak 18.97M) | Time:00:00.00 | Mem:0.00M, Peak:0.00M | Scene, ViewLayer | Synchronizing object | wheel-front-rear-left
Fra:1 Mem:18.98M (Peak 18.98M) | Time:00:00.00 | Mem:0.00M, Peak:0.00M | Scene, ViewLayer | Synchronizing object | door-right-rear-a
Fra:1 Mem:18.99M (Peak 18.99M) | Time:00:00.00 | Mem:0.00M, Peak:0.00M | Scene, ViewLayer | Synchronizing object | wheel-front-front-right
Fra:1 Mem:19.00M (Peak 19.00M) | Time:00:00.00 | Mem:0.00M, Peak:0.00M | Scene, ViewLayer | Synchronizing object | door-right-rear-b
Fra:1 Mem:19.02M (Peak 19.02M) | Time:00:00.00 | Mem:0.00M, Peak:0.00M | Scene, ViewLayer | Synchronizing object | wheel-front-front-left
Fra:1 Mem:19.03M (Peak 19.03M) | Time:00:00.00 | Mem:0.00M, Peak:0.00M | Scene, ViewLayer | Synchronizing object | glass
Fra:1 Mem:19.04M (Peak 19.04M) | Time:00:00.00 | Mem:0.00M, Peak:0.00M | Scene, ViewLayer | Initializing
Fra:1 Mem:16.49M (Peak 19.04M) | Time:00:00.00 | Mem:0.00M, Peak:0.00M | Scene, ViewLayer | Waiting for render to start
Fra:1 Mem:16.49M (Peak 19.04M) | Time:00:00.00 | Mem:0.00M, Peak:0.00M | Scene, ViewLayer | Loading render kernels (may take a few minutes the first time)
Fra:1 Mem:16.49M (Peak 19.04M) | Time:00:00.00 | Mem:0.00M, Peak:0.00M | Scene, ViewLayer | Updating Scene
Fra:1 Mem:16.49M (Peak 19.04M) | Time:00:00.00 | Mem:0.00M, Peak:0.00M | Scene, ViewLayer | Updating Shaders
Fra:1 Mem:16.58M (Peak 19.04M) | Time:00:00.00 | Mem:0.01M, Peak:0.01M | Scene, ViewLayer | Updating Procedurals
Fra:1 Mem:16.58M (Peak 19.04M) | Time:00:00.00 | Mem:0.01M, Peak:0.01M | Scene, ViewLayer | Updating Background
Fra:1 Mem:16.58M (Peak 19.04M) | Time:00:00.00 | Mem:0.01M, Peak:0.01M | Scene, ViewLayer | Updating Camera
Fra:1 Mem:16.58M (Peak 19.04M) | Time:00:00.00 | Mem:0.01M, Peak:0.01M | Scene, ViewLayer | Updating Meshes Flags
Fra:1 Mem:16.58M (Peak 19.04M) | Time:00:00.00 | Mem:0.01M, Peak:0.01M | Scene, ViewLayer | Updating Objects
Fra:1 Mem:16.58M (Peak 19.04M) | Time:00:00.00 | Mem:0.01M, Peak:0.01M | Scene, ViewLayer | Updating Objects | Copying Transformations to device
Fra:1 Mem:16.59M (Peak 19.04M) | Time:00:00.00 | Mem:0.02M, Peak:0.02M | Scene, ViewLayer | Updating Objects | Applying Static Transformations
Fra:1 Mem:16.59M (Peak 19.04M) | Time:00:00.00 | Mem:0.02M, Peak:0.02M | Scene, ViewLayer | Updating Particle Systems
Fra:1 Mem:16.59M (Peak 19.04M) | Time:00:00.00 | Mem:0.02M, Peak:0.02M | Scene, ViewLayer | Updating Particle Systems | Copying Particles to device
Fra:1 Mem:16.59M (Peak 19.04M) | Time:00:00.00 | Mem:0.02M, Peak:0.02M | Scene, ViewLayer | Updating Meshes
Fra:1 Mem:16.64M (Peak 19.04M) | Time:00:00.00 | Mem:0.02M, Peak:0.02M | Scene, ViewLayer | Updating Mesh | Computing attributes
Fra:1 Mem:16.78M (Peak 19.04M) | Time:00:00.00 | Mem:0.02M, Peak:0.02M | Scene, ViewLayer | Updating Mesh | Copying Attributes to device
Fra:1 Mem:16.78M (Peak 19.04M) | Time:00:00.00 | Mem:0.16M, Peak:0.16M | Scene, ViewLayer | Updating Scene BVH | Building
Fra:1 Mem:16.78M (Peak 19.04M) | Time:00:00.00 | Mem:0.16M, Peak:0.16M | Scene, ViewLayer | Updating Scene BVH | Building BVH
Fra:1 Mem:16.78M (Peak 19.04M) | Time:00:00.00 | Mem:0.26M, Peak:0.26M | Scene, ViewLayer | Updating Scene BVH | Building BVH 0%
Fra:1 Mem:16.78M (Peak 19.04M) | Time:00:00.00 | Mem:0.39M, Peak:0.49M | Scene, ViewLayer | Updating Scene BVH | Copying BVH to device
Fra:1 Mem:16.78M (Peak 19.04M) | Time:00:00.00 | Mem:0.39M, Peak:0.49M | Scene, ViewLayer | Updating Mesh | Computing normals
Fra:1 Mem:17.16M (Peak 19.04M) | Time:00:00.00 | Mem:0.39M, Peak:0.49M | Scene, ViewLayer | Updating Mesh | Copying Mesh to device
Fra:1 Mem:17.16M (Peak 19.04M) | Time:00:00.00 | Mem:0.77M, Peak:0.77M | Scene, ViewLayer | Updating Objects Flags
Fra:1 Mem:17.16M (Peak 19.04M) | Time:00:00.00 | Mem:0.77M, Peak:0.77M | Scene, ViewLayer | Updating Primitive Offsets
Fra:1 Mem:17.16M (Peak 19.04M) | Time:00:00.00 | Mem:0.77M, Peak:0.77M | Scene, ViewLayer | Updating Images
Fra:1 Mem:17.16M (Peak 19.04M) | Time:00:00.00 | Mem:0.77M, Peak:0.77M | Scene, ViewLayer | Updating Camera Volume
Fra:1 Mem:17.16M (Peak 19.04M) | Time:00:00.00 | Mem:0.77M, Peak:0.77M | Scene, ViewLayer | Updating Lookup Tables
Fra:1 Mem:17.16M (Peak 19.04M) | Time:00:00.00 | Mem:0.85M, Peak:0.85M | Scene, ViewLayer | Updating Lights
Fra:1 Mem:17.16M (Peak 19.04M) | Time:00:00.00 | Mem:0.85M, Peak:0.85M | Scene, ViewLayer | Updating Lights | Computing tree
Fra:1 Mem:17.16M (Peak 19.04M) | Time:00:00.00 | Mem:0.85M, Peak:0.85M | Scene, ViewLayer | Updating Integrator
Fra:1 Mem:17.16M (Peak 19.04M) | Time:00:00.00 | Mem:0.85M, Peak:0.85M | Scene, ViewLayer | Updating Film
Fra:1 Mem:17.16M (Peak 19.04M) | Time:00:00.00 | Mem:0.77M, Peak:0.85M | Scene, ViewLayer | Updating Lookup Tables
Fra:1 Mem:17.16M (Peak 19.04M) | Time:00:00.00 | Mem:0.85M, Peak:0.85M | Scene, ViewLayer | Updating Baking
Fra:1 Mem:17.16M (Peak 19.04M) | Time:00:00.00 | Mem:0.85M, Peak:0.85M | Scene, ViewLayer | Updating Device | Writing constant memory
Fra:1 Mem:17.16M (Peak 19.04M) | Time:00:00.00 | Mem:0.85M, Peak:0.85M | Scene, ViewLayer | Sample 0/8
Fra:1 Mem:25.96M (Peak 25.96M) | Time:00:00.60 | Remaining:00:04.17 | Mem:9.64M, Peak:9.64M | Scene, ViewLayer | Sample 1/8
Fra:1 Mem:29.87M (Peak 37.68M) | Time:00:04.72 | Mem:9.64M, Peak:9.64M | Scene, ViewLayer | Sample 8/8
Fra:1 Mem:29.87M (Peak 37.68M) | Time:00:04.72 | Mem:9.64M, Peak:9.64M | Scene, ViewLayer | Finished
Saved: '/workspace/scratch/7c20b5ba4165/atlas-backlog-oct3/tools/assets/boardable-metro/qa/previews/middle-aisle.png'
Time: 00:04.76 (Saving: 00:00.04)

Extensions: writing cache failed ([Errno 30] Read-only file system: '/home/agent/.config/blender').
16:26:59 | INFO: Data are loaded, start creating Blender stuff
16:26:59 | INFO: Blender create Mesh node Cube
16:26:59 | INFO: Blender create Mesh node Cube.158
16:26:59 | INFO: Blender create Mesh node Cube.157
16:26:59 | INFO: Blender create Mesh node Cube.135
16:26:59 | INFO: Blender create Mesh node Cube.140
16:26:59 | INFO: Blender create Mesh node Cube.145
16:26:59 | INFO: Blender create Mesh node Cube.150
16:26:59 | INFO: Blender create Mesh node Cube.125
16:26:59 | INFO: Blender create Mesh node Cube.130
16:26:59 | INFO: Blender create Mesh node Cube.105
16:26:59 | INFO: Blender create Mesh node Cube.110
16:26:59 | INFO: Blender create Mesh node Cube.115
16:26:59 | INFO: Blender create Mesh node Cube.120
16:26:59 | INFO: Blender create Mesh node Cube.095
16:26:59 | INFO: Blender create Mesh node Cube.100
16:26:59 | INFO: Blender create Mesh node Cube.004
16:26:59 | INFO: Blender create Mesh node Cylinder.007
16:26:59 | INFO: Blender create Mesh node Cylinder.006
16:26:59 | INFO: Blender create Mesh node Cylinder.005
16:26:59 | INFO: Blender create Mesh node Cylinder.004
16:26:59 | INFO: Blender create Mesh node Cylinder.003
16:26:59 | INFO: Blender create Mesh node Cylinder.002
16:26:59 | INFO: Blender create Mesh node Cylinder.001
16:26:59 | INFO: Blender create Mesh node Cylinder
16:26:59 | INFO: glTF import finished in 0.02s
16:26:59 | INFO: Data are loaded, start creating Blender stuff
16:26:59 | INFO: Blender create Mesh node interior-batch-metro-wall
16:26:59 | INFO: Blender create Mesh node interior-batch-metro-floor
16:26:59 | INFO: Blender create Mesh node interior-batch-metro-rail
16:26:59 | INFO: Blender create Mesh node interior-batch-metro-screen
16:26:59 | INFO: Blender create Mesh node interior-batch-metro-priority-seat
16:26:59 | INFO: Blender create Mesh node interior-batch-metro-seat
16:26:59 | INFO: glTF import finished in 0.01s
Fra:1 Mem:18.07M (Peak 18.07M) | Time:00:00.00 | Mem:0.00M, Peak:0.00M | Scene, ViewLayer | Synchronizing object | body-shell
Fra:1 Mem:18.36M (Peak 18.36M) | Time:00:00.00 | Mem:0.00M, Peak:0.00M | Scene, ViewLayer | Synchronizing object | QA-ground
Fra:1 Mem:18.18M (Peak 18.36M) | Time:00:00.00 | Mem:0.00M, Peak:0.00M | Scene, ViewLayer | Synchronizing object | interior-batch-metro-seat
Fra:1 Mem:18.33M (Peak 18.36M) | Time:00:00.00 | Mem:0.00M, Peak:0.00M | Scene, ViewLayer | Synchronizing object | interior-batch-metro-priority-seat
Fra:1 Mem:18.33M (Peak 18.36M) | Time:00:00.00 | Mem:0.00M, Peak:0.00M | Scene, ViewLayer | Synchronizing object | interior-batch-metro-screen
Fra:1 Mem:18.25M (Peak 18.36M) | Time:00:00.00 | Mem:0.00M, Peak:0.00M | Scene, ViewLayer | Synchronizing object | interior-batch-metro-rail
Fra:1 Mem:18.24M (Peak 18.36M) | Time:00:00.00 | Mem:0.00M, Peak:0.00M | Scene, ViewLayer | Synchronizing object | bogie-front-frame
Fra:1 Mem:18.27M (Peak 18.36M) | Time:00:00.00 | Mem:0.00M, Peak:0.00M | Scene, ViewLayer | Synchronizing object | bogie-rear-frame
Fra:1 Mem:18.33M (Peak 18.36M) | Time:00:00.00 | Mem:0.00M, Peak:0.00M | Scene, ViewLayer | Synchronizing object | door-left-center-a
Fra:1 Mem:18.30M (Peak 18.36M) | Time:00:00.00 | Mem:0.00M, Peak:0.00M | Scene, ViewLayer | Synchronizing object | interior-batch-metro-floor
Fra:1 Mem:18.29M (Peak 18.36M) | Time:00:00.00 | Mem:0.00M, Peak:0.00M | Scene, ViewLayer | Synchronizing object | door-left-center-b
Fra:1 Mem:18.29M (Peak 18.36M) | Time:00:00.00 | Mem:0.00M, Peak:0.00M | Scene, ViewLayer | Synchronizing object | interior-batch-metro-wall
Fra:1 Mem:18.33M (Peak 18.36M) | Time:00:00.00 | Mem:0.00M, Peak:0.00M | Scene, ViewLayer | Synchronizing object | door-left-front-a
Fra:1 Mem:18.34M (Peak 18.36M) | Time:00:00.00 | Mem:0.00M, Peak:0.00M | Scene, ViewLayer | Synchronizing object | wheel-rear-rear-right
Fra:1 Mem:18.34M (Peak 18.36M) | Time:00:00.00 | Mem:0.00M, Peak:0.00M | Scene, ViewLayer | Synchronizing object | wheel-rear-rear-left
Fra:1 Mem:18.37M (Peak 18.37M) | Time:00:00.00 | Mem:0.00M, Peak:0.00M | Scene, ViewLayer | Synchronizing object | door-left-front-b
Fra:1 Mem:18.36M (Peak 18.37M) | Time:00:00.00 | Mem:0.00M, Peak:0.00M | Scene, ViewLayer | Synchronizing object | wheel-rear-front-right
Fra:1 Mem:18.36M (Peak 18.37M) | Time:00:00.00 | Mem:0.00M, Peak:0.00M | Scene, ViewLayer | Synchronizing object | wheel-rear-front-left
Fra:1 Mem:18.39M (Peak 18.39M) | Time:00:00.00 | Mem:0.00M, Peak:0.00M | Scene, ViewLayer | Synchronizing object | door-left-rear-a
Fra:1 Mem:18.38M (Peak 18.39M) | Time:00:00.00 | Mem:0.00M, Peak:0.00M | Scene, ViewLayer | Synchronizing object | wheel-front-rear-right
Fra:1 Mem:18.38M (Peak 18.39M) | Time:00:00.00 | Mem:0.00M, Peak:0.00M | Scene, ViewLayer | Synchronizing object | wheel-front-rear-left
Fra:1 Mem:18.39M (Peak 18.39M) | Time:00:00.00 | Mem:0.00M, Peak:0.00M | Scene, ViewLayer | Synchronizing object | door-left-rear-b
Fra:1 Mem:18.40M (Peak 18.40M) | Time:00:00.00 | Mem:0.00M, Peak:0.00M | Scene, ViewLayer | Synchronizing object | wheel-front-front-right
Fra:1 Mem:18.41M (Peak 18.41M) | Time:00:00.00 | Mem:0.00M, Peak:0.00M | Scene, ViewLayer | Synchronizing object | wheel-front-front-left
Fra:1 Mem:18.42M (Peak 18.42M) | Time:00:00.00 | Mem:0.00M, Peak:0.00M | Scene, ViewLayer | Synchronizing object | door-right-center-a
Fra:1 Mem:18.43M (Peak 18.43M) | Time:00:00.00 | Mem:0.00M, Peak:0.00M | Scene, ViewLayer | Synchronizing object | door-right-center-b
Fra:1 Mem:18.43M (Peak 18.43M) | Time:00:00.00 | Mem:0.00M, Peak:0.00M | Scene, ViewLayer | Synchronizing object | door-right-front-a
Fra:1 Mem:18.43M (Peak 18.43M) | Time:00:00.00 | Mem:0.00M, Peak:0.00M | Scene, ViewLayer | Synchronizing object | door-right-front-b
Fra:1 Mem:18.41M (Peak 18.43M) | Time:00:00.00 | Mem:0.00M, Peak:0.00M | Scene, ViewLayer | Synchronizing object | glass
Fra:1 Mem:18.42M (Peak 18.43M) | Time:00:00.00 | Mem:0.00M, Peak:0.00M | Scene, ViewLayer | Synchronizing object | door-right-rear-a
Fra:1 Mem:18.45M (Peak 18.45M) | Time:00:00.00 | Mem:0.00M, Peak:0.00M | Scene, ViewLayer | Synchronizing object | door-right-rear-b
Fra:1 Mem:18.43M (Peak 18.45M) | Time:00:00.00 | Mem:0.00M, Peak:0.00M | Scene, ViewLayer | Initializing
Fra:1 Mem:15.90M (Peak 18.45M) | Time:00:00.00 | Mem:0.00M, Peak:0.00M | Scene, ViewLayer | Waiting for render to start
Fra:1 Mem:15.90M (Peak 18.45M) | Time:00:00.00 | Mem:0.00M, Peak:0.00M | Scene, ViewLayer | Loading render kernels (may take a few minutes the first time)
Fra:1 Mem:15.90M (Peak 18.45M) | Time:00:00.00 | Mem:0.00M, Peak:0.00M | Scene, ViewLayer | Updating Scene
Fra:1 Mem:15.90M (Peak 18.45M) | Time:00:00.00 | Mem:0.00M, Peak:0.00M | Scene, ViewLayer | Updating Shaders
Fra:1 Mem:15.99M (Peak 18.45M) | Time:00:00.00 | Mem:0.01M, Peak:0.01M | Scene, ViewLayer | Updating Procedurals
Fra:1 Mem:15.99M (Peak 18.45M) | Time:00:00.00 | Mem:0.01M, Peak:0.01M | Scene, ViewLayer | Updating Background
Fra:1 Mem:15.99M (Peak 18.45M) | Time:00:00.00 | Mem:0.01M, Peak:0.01M | Scene, ViewLayer | Updating Camera
Fra:1 Mem:15.99M (Peak 18.45M) | Time:00:00.00 | Mem:0.01M, Peak:0.01M | Scene, ViewLayer | Updating Meshes Flags
Fra:1 Mem:15.99M (Peak 18.45M) | Time:00:00.00 | Mem:0.01M, Peak:0.01M | Scene, ViewLayer | Updating Objects
Fra:1 Mem:15.99M (Peak 18.45M) | Time:00:00.00 | Mem:0.01M, Peak:0.01M | Scene, ViewLayer | Updating Objects | Copying Transformations to device
Fra:1 Mem:16.00M (Peak 18.45M) | Time:00:00.00 | Mem:0.02M, Peak:0.02M | Scene, ViewLayer | Updating Objects | Applying Static Transformations
Fra:1 Mem:16.00M (Peak 18.45M) | Time:00:00.00 | Mem:0.02M, Peak:0.02M | Scene, ViewLayer | Updating Particle Systems
Fra:1 Mem:16.00M (Peak 18.45M) | Time:00:00.00 | Mem:0.02M, Peak:0.02M | Scene, ViewLayer | Updating Particle Systems | Copying Particles to device
Fra:1 Mem:16.00M (Peak 18.45M) | Time:00:00.00 | Mem:0.02M, Peak:0.02M | Scene, ViewLayer | Updating Meshes
Fra:1 Mem:16.03M (Peak 18.45M) | Time:00:00.00 | Mem:0.02M, Peak:0.02M | Scene, ViewLayer | Updating Mesh | Computing attributes
Fra:1 Mem:16.11M (Peak 18.45M) | Time:00:00.00 | Mem:0.02M, Peak:0.02M | Scene, ViewLayer | Updating Mesh | Copying Attributes to device
Fra:1 Mem:16.10M (Peak 18.45M) | Time:00:00.00 | Mem:0.09M, Peak:0.09M | Scene, ViewLayer | Updating Scene BVH | Building
Fra:1 Mem:16.11M (Peak 18.45M) | Time:00:00.00 | Mem:0.09M, Peak:0.09M | Scene, ViewLayer | Updating Scene BVH | Building BVH
Fra:1 Mem:16.11M (Peak 18.45M) | Time:00:00.00 | Mem:0.15M, Peak:0.15M | Scene, ViewLayer | Updating Scene BVH | Building BVH 0%
Fra:1 Mem:16.11M (Peak 18.45M) | Time:00:00.00 | Mem:0.22M, Peak:0.27M | Scene, ViewLayer | Updating Scene BVH | Copying BVH to device
Fra:1 Mem:16.11M (Peak 18.45M) | Time:00:00.00 | Mem:0.22M, Peak:0.27M | Scene, ViewLayer | Updating Mesh | Computing normals
Fra:1 Mem:16.30M (Peak 18.45M) | Time:00:00.00 | Mem:0.22M, Peak:0.27M | Scene, ViewLayer | Updating Mesh | Copying Mesh to device
Fra:1 Mem:16.30M (Peak 18.45M) | Time:00:00.00 | Mem:0.42M, Peak:0.42M | Scene, ViewLayer | Updating Objects Flags
Fra:1 Mem:16.30M (Peak 18.45M) | Time:00:00.00 | Mem:0.42M, Peak:0.42M | Scene, ViewLayer | Updating Primitive Offsets
Fra:1 Mem:16.30M (Peak 18.45M) | Time:00:00.00 | Mem:0.42M, Peak:0.42M | Scene, ViewLayer | Updating Images
Fra:1 Mem:16.30M (Peak 18.45M) | Time:00:00.00 | Mem:0.42M, Peak:0.42M | Scene, ViewLayer | Updating Camera Volume
Fra:1 Mem:16.30M (Peak 18.45M) | Time:00:00.00 | Mem:0.42M, Peak:0.42M | Scene, ViewLayer | Updating Lookup Tables
Fra:1 Mem:16.30M (Peak 18.45M) | Time:00:00.00 | Mem:0.50M, Peak:0.50M | Scene, ViewLayer | Updating Lights
Fra:1 Mem:16.31M (Peak 18.45M) | Time:00:00.00 | Mem:0.50M, Peak:0.50M | Scene, ViewLayer | Updating Lights | Computing tree
Fra:1 Mem:16.31M (Peak 18.45M) | Time:00:00.00 | Mem:0.50M, Peak:0.50M | Scene, ViewLayer | Updating Integrator
Fra:1 Mem:16.31M (Peak 18.45M) | Time:00:00.00 | Mem:0.50M, Peak:0.50M | Scene, ViewLayer | Updating Film
Fra:1 Mem:16.31M (Peak 18.45M) | Time:00:00.00 | Mem:0.42M, Peak:0.50M | Scene, ViewLayer | Updating Lookup Tables
Fra:1 Mem:16.31M (Peak 18.45M) | Time:00:00.00 | Mem:0.50M, Peak:0.50M | Scene, ViewLayer | Updating Baking
Fra:1 Mem:16.31M (Peak 18.45M) | Time:00:00.00 | Mem:0.50M, Peak:0.50M | Scene, ViewLayer | Updating Device | Writing constant memory
Fra:1 Mem:16.31M (Peak 18.45M) | Time:00:00.00 | Mem:0.50M, Peak:0.50M | Scene, ViewLayer | Sample 0/8
Fra:1 Mem:25.11M (Peak 25.11M) | Time:00:00.21 | Remaining:00:01.45 | Mem:9.29M, Peak:9.29M | Scene, ViewLayer | Sample 1/8
Fra:1 Mem:29.02M (Peak 36.83M) | Time:00:01.62 | Mem:9.29M, Peak:9.29M | Scene, ViewLayer | Sample 8/8
Fra:1 Mem:29.02M (Peak 36.83M) | Time:00:01.62 | Mem:9.29M, Peak:9.29M | Scene, ViewLayer | Finished
Saved: '/workspace/scratch/7c20b5ba4165/atlas-backlog-oct3/tools/assets/boardable-metro/qa/previews/middle-section.png'
Time: 00:01.66 (Saving: 00:00.03)

Extensions: writing cache failed ([Errno 30] Read-only file system: '/home/agent/.config/blender').
16:27:01 | INFO: Data are loaded, start creating Blender stuff
16:27:01 | INFO: Blender create Mesh node Cube
16:27:01 | INFO: Blender create Mesh node Cube.158
16:27:01 | INFO: Blender create Mesh node Cube.157
16:27:01 | INFO: Blender create Mesh node Cube.135
16:27:01 | INFO: Blender create Mesh node Cube.140
16:27:01 | INFO: Blender create Mesh node Cube.145
16:27:01 | INFO: Blender create Mesh node Cube.150
16:27:01 | INFO: Blender create Mesh node Cube.125
16:27:01 | INFO: Blender create Mesh node Cube.130
16:27:01 | INFO: Blender create Mesh node Cube.105
16:27:01 | INFO: Blender create Mesh node Cube.110
16:27:01 | INFO: Blender create Mesh node Cube.115
16:27:01 | INFO: Blender create Mesh node Cube.120
16:27:01 | INFO: Blender create Mesh node Cube.095
16:27:01 | INFO: Blender create Mesh node Cube.100
16:27:01 | INFO: Blender create Mesh node Cube.004
16:27:01 | INFO: Blender create Mesh node Cylinder.007
16:27:01 | INFO: Blender create Mesh node Cylinder.006
16:27:01 | INFO: Blender create Mesh node Cylinder.005
16:27:01 | INFO: Blender create Mesh node Cylinder.004
16:27:01 | INFO: Blender create Mesh node Cylinder.003
16:27:01 | INFO: Blender create Mesh node Cylinder.002
16:27:01 | INFO: Blender create Mesh node Cylinder.001
16:27:01 | INFO: Blender create Mesh node Cylinder
16:27:01 | INFO: glTF import finished in 0.02s
16:27:01 | INFO: Data are loaded, start creating Blender stuff
16:27:01 | INFO: Blender create Mesh node interior-batch-metro-wall
16:27:01 | INFO: Blender create Mesh node interior-batch-metro-floor
16:27:01 | INFO: Blender create Mesh node interior-batch-metro-rail
16:27:01 | INFO: Blender create Mesh node interior-batch-metro-screen
16:27:01 | INFO: Blender create Mesh node interior-batch-metro-priority-seat
16:27:01 | INFO: Blender create Mesh node interior-batch-metro-seat
16:27:01 | INFO: glTF import finished in 0.01s
Fra:1 Mem:18.39M (Peak 18.39M) | Time:00:00.00 | Mem:0.00M, Peak:0.00M | Scene, ViewLayer | Synchronizing object | body-shell
Fra:1 Mem:18.84M (Peak 18.84M) | Time:00:00.00 | Mem:0.00M, Peak:0.00M | Scene, ViewLayer | Synchronizing object | QA-ground
Fra:1 Mem:18.89M (Peak 18.89M) | Time:00:00.00 | Mem:0.00M, Peak:0.00M | Scene, ViewLayer | Synchronizing object | interior-batch-metro-seat
Fra:1 Mem:18.86M (Peak 18.89M) | Time:00:00.00 | Mem:0.00M, Peak:0.00M | Scene, ViewLayer | Synchronizing object | interior-batch-metro-priority-seat
Fra:1 Mem:18.86M (Peak 18.89M) | Time:00:00.00 | Mem:0.00M, Peak:0.00M | Scene, ViewLayer | Synchronizing object | interior-batch-metro-screen
Fra:1 Mem:18.85M (Peak 18.89M) | Time:00:00.00 | Mem:0.00M, Peak:0.00M | Scene, ViewLayer | Synchronizing object | interior-batch-metro-rail
Fra:1 Mem:18.84M (Peak 18.89M) | Time:00:00.00 | Mem:0.00M, Peak:0.00M | Scene, ViewLayer | Synchronizing object | bogie-front-frame
Fra:1 Mem:18.89M (Peak 18.89M) | Time:00:00.00 | Mem:0.00M, Peak:0.00M | Scene, ViewLayer | Synchronizing object | bogie-rear-frame
Fra:1 Mem:18.77M (Peak 18.89M) | Time:00:00.00 | Mem:0.00M, Peak:0.00M | Scene, ViewLayer | Synchronizing object | door-left-center-a
Fra:1 Mem:18.87M (Peak 18.89M) | Time:00:00.00 | Mem:0.00M, Peak:0.00M | Scene, ViewLayer | Synchronizing object | door-left-center-b
Fra:1 Mem:18.85M (Peak 18.89M) | Time:00:00.00 | Mem:0.00M, Peak:0.00M | Scene, ViewLayer | Synchronizing object | door-left-front-a
Fra:1 Mem:18.79M (Peak 18.89M) | Time:00:00.00 | Mem:0.00M, Peak:0.00M | Scene, ViewLayer | Synchronizing object | interior-batch-metro-floor
Fra:1 Mem:18.79M (Peak 18.89M) | Time:00:00.00 | Mem:0.00M, Peak:0.00M | Scene, ViewLayer | Synchronizing object | door-left-front-b
Fra:1 Mem:18.82M (Peak 18.89M) | Time:00:00.00 | Mem:0.00M, Peak:0.00M | Scene, ViewLayer | Synchronizing object | interior-batch-metro-wall
Fra:1 Mem:18.89M (Peak 18.89M) | Time:00:00.00 | Mem:0.00M, Peak:0.00M | Scene, ViewLayer | Synchronizing object | door-left-rear-a
Fra:1 Mem:18.89M (Peak 18.89M) | Time:00:00.00 | Mem:0.00M, Peak:0.00M | Scene, ViewLayer | Synchronizing object | door-left-rear-b
Fra:1 Mem:18.87M (Peak 18.89M) | Time:00:00.00 | Mem:0.00M, Peak:0.00M | Scene, ViewLayer | Synchronizing object | wheel-rear-rear-right
Fra:1 Mem:18.86M (Peak 18.89M) | Time:00:00.00 | Mem:0.00M, Peak:0.00M | Scene, ViewLayer | Synchronizing object | door-right-center-a
Fra:1 Mem:18.88M (Peak 18.89M) | Time:00:00.00 | Mem:0.00M, Peak:0.00M | Scene, ViewLayer | Synchronizing object | wheel-rear-rear-left
Fra:1 Mem:18.88M (Peak 18.89M) | Time:00:00.00 | Mem:0.00M, Peak:0.00M | Scene, ViewLayer | Synchronizing object | door-right-center-b
Fra:1 Mem:18.90M (Peak 18.90M) | Time:00:00.00 | Mem:0.00M, Peak:0.00M | Scene, ViewLayer | Synchronizing object | wheel-rear-front-right
Fra:1 Mem:18.90M (Peak 18.90M) | Time:00:00.00 | Mem:0.00M, Peak:0.00M | Scene, ViewLayer | Synchronizing object | door-right-front-a
Fra:1 Mem:18.94M (Peak 18.94M) | Time:00:00.00 | Mem:0.00M, Peak:0.00M | Scene, ViewLayer | Synchronizing object | wheel-rear-front-left
Fra:1 Mem:18.93M (Peak 18.94M) | Time:00:00.00 | Mem:0.00M, Peak:0.00M | Scene, ViewLayer | Synchronizing object | door-right-front-b
Fra:1 Mem:18.96M (Peak 18.96M) | Time:00:00.00 | Mem:0.00M, Peak:0.00M | Scene, ViewLayer | Synchronizing object | wheel-front-rear-right
Fra:1 Mem:18.95M (Peak 18.96M) | Time:00:00.00 | Mem:0.00M, Peak:0.00M | Scene, ViewLayer | Synchronizing object | door-right-rear-a
Fra:1 Mem:18.98M (Peak 18.98M) | Time:00:00.00 | Mem:0.00M, Peak:0.00M | Scene, ViewLayer | Synchronizing object | wheel-front-rear-left
Fra:1 Mem:18.97M (Peak 18.98M) | Time:00:00.00 | Mem:0.00M, Peak:0.00M | Scene, ViewLayer | Synchronizing object | door-right-rear-b
Fra:1 Mem:19.01M (Peak 19.01M) | Time:00:00.00 | Mem:0.00M, Peak:0.00M | Scene, ViewLayer | Synchronizing object | wheel-front-front-right
Fra:1 Mem:18.99M (Peak 19.01M) | Time:00:00.00 | Mem:0.00M, Peak:0.00M | Scene, ViewLayer | Synchronizing object | glass
Fra:1 Mem:19.03M (Peak 19.03M) | Time:00:00.00 | Mem:0.00M, Peak:0.00M | Scene, ViewLayer | Synchronizing object | wheel-front-front-left
Fra:1 Mem:19.04M (Peak 19.04M) | Time:00:00.00 | Mem:0.00M, Peak:0.00M | Scene, ViewLayer | Initializing
Fra:1 Mem:16.49M (Peak 19.04M) | Time:00:00.00 | Mem:0.00M, Peak:0.00M | Scene, ViewLayer | Waiting for render to start
Fra:1 Mem:16.49M (Peak 19.04M) | Time:00:00.00 | Mem:0.00M, Peak:0.00M | Scene, ViewLayer | Loading render kernels (may take a few minutes the first time)
Fra:1 Mem:16.49M (Peak 19.04M) | Time:00:00.00 | Mem:0.00M, Peak:0.00M | Scene, ViewLayer | Updating Scene
Fra:1 Mem:16.49M (Peak 19.04M) | Time:00:00.00 | Mem:0.00M, Peak:0.00M | Scene, ViewLayer | Updating Shaders
Fra:1 Mem:16.58M (Peak 19.04M) | Time:00:00.00 | Mem:0.01M, Peak:0.01M | Scene, ViewLayer | Updating Procedurals
Fra:1 Mem:16.58M (Peak 19.04M) | Time:00:00.00 | Mem:0.01M, Peak:0.01M | Scene, ViewLayer | Updating Background
Fra:1 Mem:16.58M (Peak 19.04M) | Time:00:00.00 | Mem:0.01M, Peak:0.01M | Scene, ViewLayer | Updating Camera
Fra:1 Mem:16.58M (Peak 19.04M) | Time:00:00.00 | Mem:0.01M, Peak:0.01M | Scene, ViewLayer | Updating Meshes Flags
Fra:1 Mem:16.58M (Peak 19.04M) | Time:00:00.00 | Mem:0.01M, Peak:0.01M | Scene, ViewLayer | Updating Objects
Fra:1 Mem:16.58M (Peak 19.04M) | Time:00:00.00 | Mem:0.01M, Peak:0.01M | Scene, ViewLayer | Updating Objects | Copying Transformations to device
Fra:1 Mem:16.59M (Peak 19.04M) | Time:00:00.00 | Mem:0.02M, Peak:0.02M | Scene, ViewLayer | Updating Objects | Applying Static Transformations
Fra:1 Mem:16.59M (Peak 19.04M) | Time:00:00.00 | Mem:0.02M, Peak:0.02M | Scene, ViewLayer | Updating Particle Systems
Fra:1 Mem:16.59M (Peak 19.04M) | Time:00:00.00 | Mem:0.02M, Peak:0.02M | Scene, ViewLayer | Updating Particle Systems | Copying Particles to device
Fra:1 Mem:16.59M (Peak 19.04M) | Time:00:00.00 | Mem:0.02M, Peak:0.02M | Scene, ViewLayer | Updating Meshes
Fra:1 Mem:16.64M (Peak 19.04M) | Time:00:00.00 | Mem:0.02M, Peak:0.02M | Scene, ViewLayer | Updating Mesh | Computing attributes
Fra:1 Mem:16.78M (Peak 19.04M) | Time:00:00.00 | Mem:0.02M, Peak:0.02M | Scene, ViewLayer | Updating Mesh | Copying Attributes to device
Fra:1 Mem:16.78M (Peak 19.04M) | Time:00:00.00 | Mem:0.16M, Peak:0.16M | Scene, ViewLayer | Updating Scene BVH | Building
Fra:1 Mem:16.78M (Peak 19.04M) | Time:00:00.00 | Mem:0.16M, Peak:0.16M | Scene, ViewLayer | Updating Scene BVH | Building BVH
Fra:1 Mem:16.78M (Peak 19.04M) | Time:00:00.00 | Mem:0.26M, Peak:0.26M | Scene, ViewLayer | Updating Scene BVH | Building BVH 0%
Fra:1 Mem:16.78M (Peak 19.04M) | Time:00:00.00 | Mem:0.39M, Peak:0.49M | Scene, ViewLayer | Updating Scene BVH | Copying BVH to device
Fra:1 Mem:16.78M (Peak 19.04M) | Time:00:00.00 | Mem:0.39M, Peak:0.49M | Scene, ViewLayer | Updating Mesh | Computing normals
Fra:1 Mem:17.16M (Peak 19.04M) | Time:00:00.00 | Mem:0.39M, Peak:0.49M | Scene, ViewLayer | Updating Mesh | Copying Mesh to device
Fra:1 Mem:17.16M (Peak 19.04M) | Time:00:00.00 | Mem:0.77M, Peak:0.77M | Scene, ViewLayer | Updating Objects Flags
Fra:1 Mem:17.16M (Peak 19.04M) | Time:00:00.00 | Mem:0.77M, Peak:0.77M | Scene, ViewLayer | Updating Primitive Offsets
Fra:1 Mem:17.16M (Peak 19.04M) | Time:00:00.00 | Mem:0.77M, Peak:0.77M | Scene, ViewLayer | Updating Images
Fra:1 Mem:17.16M (Peak 19.04M) | Time:00:00.00 | Mem:0.77M, Peak:0.77M | Scene, ViewLayer | Updating Camera Volume
Fra:1 Mem:17.16M (Peak 19.04M) | Time:00:00.00 | Mem:0.77M, Peak:0.77M | Scene, ViewLayer | Updating Lookup Tables
Fra:1 Mem:17.16M (Peak 19.04M) | Time:00:00.00 | Mem:0.85M, Peak:0.85M | Scene, ViewLayer | Updating Lights
Fra:1 Mem:17.16M (Peak 19.04M) | Time:00:00.00 | Mem:0.85M, Peak:0.85M | Scene, ViewLayer | Updating Lights | Computing tree
Fra:1 Mem:17.16M (Peak 19.04M) | Time:00:00.00 | Mem:0.85M, Peak:0.85M | Scene, ViewLayer | Updating Integrator
Fra:1 Mem:17.16M (Peak 19.04M) | Time:00:00.00 | Mem:0.85M, Peak:0.85M | Scene, ViewLayer | Updating Film
Fra:1 Mem:17.16M (Peak 19.04M) | Time:00:00.00 | Mem:0.77M, Peak:0.85M | Scene, ViewLayer | Updating Lookup Tables
Fra:1 Mem:17.16M (Peak 19.04M) | Time:00:00.00 | Mem:0.85M, Peak:0.85M | Scene, ViewLayer | Updating Baking
Fra:1 Mem:17.16M (Peak 19.04M) | Time:00:00.00 | Mem:0.85M, Peak:0.85M | Scene, ViewLayer | Updating Device | Writing constant memory
Fra:1 Mem:17.16M (Peak 19.04M) | Time:00:00.00 | Mem:0.85M, Peak:0.85M | Scene, ViewLayer | Sample 0/8
Fra:1 Mem:25.96M (Peak 25.96M) | Time:00:00.59 | Remaining:00:04.11 | Mem:9.64M, Peak:9.64M | Scene, ViewLayer | Sample 1/8
Fra:1 Mem:29.87M (Peak 37.68M) | Time:00:04.62 | Mem:9.64M, Peak:9.64M | Scene, ViewLayer | Sample 8/8
Fra:1 Mem:29.87M (Peak 37.68M) | Time:00:04.62 | Mem:9.64M, Peak:9.64M | Scene, ViewLayer | Finished
Saved: '/workspace/scratch/7c20b5ba4165/atlas-backlog-oct3/tools/assets/boardable-metro/qa/previews/middle-entry-right-rear.png'
Time: 00:04.66 (Saving: 00:00.04)

Fra:1 Mem:18.49M (Peak 18.49M) | Time:00:00.00 | Mem:0.00M, Peak:0.00M | Scene, ViewLayer | Synchronizing object | body-shell
Fra:1 Mem:18.91M (Peak 18.91M) | Time:00:00.00 | Mem:0.00M, Peak:0.00M | Scene, ViewLayer | Synchronizing object | QA-ground
Fra:1 Mem:18.96M (Peak 18.96M) | Time:00:00.00 | Mem:0.00M, Peak:0.00M | Scene, ViewLayer | Synchronizing object | interior-batch-metro-seat
Fra:1 Mem:18.92M (Peak 18.96M) | Time:00:00.00 | Mem:0.00M, Peak:0.00M | Scene, ViewLayer | Synchronizing object | interior-batch-metro-priority-seat
Fra:1 Mem:18.93M (Peak 18.96M) | Time:00:00.00 | Mem:0.00M, Peak:0.00M | Scene, ViewLayer | Synchronizing object | interior-batch-metro-screen
Fra:1 Mem:18.91M (Peak 18.96M) | Time:00:00.00 | Mem:0.00M, Peak:0.00M | Scene, ViewLayer | Synchronizing object | interior-batch-metro-rail
Fra:1 Mem:18.92M (Peak 18.96M) | Time:00:00.00 | Mem:0.00M, Peak:0.00M | Scene, ViewLayer | Synchronizing object | bogie-front-frame
Fra:1 Mem:18.77M (Peak 18.96M) | Time:00:00.00 | Mem:0.00M, Peak:0.00M | Scene, ViewLayer | Synchronizing object | bogie-rear-frame
Fra:1 Mem:18.82M (Peak 18.96M) | Time:00:00.00 | Mem:0.00M, Peak:0.00M | Scene, ViewLayer | Synchronizing object | door-left-center-a
Fra:1 Mem:18.91M (Peak 18.96M) | Time:00:00.00 | Mem:0.00M, Peak:0.00M | Scene, ViewLayer | Synchronizing object | door-left-center-b
Fra:1 Mem:18.91M (Peak 18.96M) | Time:00:00.00 | Mem:0.00M, Peak:0.00M | Scene, ViewLayer | Synchronizing object | door-left-front-a
Fra:1 Mem:18.82M (Peak 18.96M) | Time:00:00.00 | Mem:0.00M, Peak:0.00M | Scene, ViewLayer | Synchronizing object | interior-batch-metro-floor
Fra:1 Mem:18.83M (Peak 18.96M) | Time:00:00.00 | Mem:0.00M, Peak:0.00M | Scene, ViewLayer | Synchronizing object | door-left-front-b
Fra:1 Mem:18.83M (Peak 18.96M) | Time:00:00.00 | Mem:0.00M, Peak:0.00M | Scene, ViewLayer | Synchronizing object | interior-batch-metro-wall
Fra:1 Mem:18.87M (Peak 18.96M) | Time:00:00.00 | Mem:0.00M, Peak:0.00M | Scene, ViewLayer | Synchronizing object | door-left-rear-a
Fra:1 Mem:18.92M (Peak 18.96M) | Time:00:00.00 | Mem:0.00M, Peak:0.00M | Scene, ViewLayer | Synchronizing object | door-left-rear-b
Fra:1 Mem:18.90M (Peak 18.96M) | Time:00:00.00 | Mem:0.00M, Peak:0.00M | Scene, ViewLayer | Synchronizing object | wheel-rear-rear-right
Fra:1 Mem:18.91M (Peak 18.96M) | Time:00:00.00 | Mem:0.00M, Peak:0.00M | Scene, ViewLayer | Synchronizing object | door-right-center-a
Fra:1 Mem:18.92M (Peak 18.96M) | Time:00:00.00 | Mem:0.00M, Peak:0.00M | Scene, ViewLayer | Synchronizing object | wheel-rear-rear-left
Fra:1 Mem:18.93M (Peak 18.96M) | Time:00:00.00 | Mem:0.00M, Peak:0.00M | Scene, ViewLayer | Synchronizing object | door-right-center-b
Fra:1 Mem:18.94M (Peak 18.96M) | Time:00:00.00 | Mem:0.00M, Peak:0.00M | Scene, ViewLayer | Synchronizing object | wheel-rear-front-right
Fra:1 Mem:18.94M (Peak 18.96M) | Time:00:00.00 | Mem:0.00M, Peak:0.00M | Scene, ViewLayer | Synchronizing object | door-right-front-a
Fra:1 Mem:18.94M (Peak 18.96M) | Time:00:00.00 | Mem:0.00M, Peak:0.00M | Scene, ViewLayer | Synchronizing object | wheel-rear-front-left
Fra:1 Mem:18.97M (Peak 18.97M) | Time:00:00.00 | Mem:0.00M, Peak:0.00M | Scene, ViewLayer | Synchronizing object | door-right-front-b
Fra:1 Mem:18.95M (Peak 18.97M) | Time:00:00.00 | Mem:0.00M, Peak:0.00M | Scene, ViewLayer | Synchronizing object | wheel-front-rear-right
Fra:1 Mem:18.97M (Peak 18.97M) | Time:00:00.00 | Mem:0.00M, Peak:0.00M | Scene, ViewLayer | Synchronizing object | wheel-front-rear-left
Fra:1 Mem:18.99M (Peak 18.99M) | Time:00:00.00 | Mem:0.00M, Peak:0.00M | Scene, ViewLayer | Synchronizing object | door-right-rear-b
Fra:1 Mem:18.99M (Peak 18.99M) | Time:00:00.00 | Mem:0.00M, Peak:0.00M | Scene, ViewLayer | Synchronizing object | wheel-front-front-right
Fra:1 Mem:19.01M (Peak 19.01M) | Time:00:00.00 | Mem:0.00M, Peak:0.00M | Scene, ViewLayer | Synchronizing object | wheel-front-front-left
Fra:1 Mem:19.01M (Peak 19.01M) | Time:00:00.00 | Mem:0.00M, Peak:0.00M | Scene, ViewLayer | Synchronizing object | glass
Fra:1 Mem:19.04M (Peak 19.04M) | Time:00:00.00 | Mem:0.00M, Peak:0.00M | Scene, ViewLayer | Initializing
Fra:1 Mem:16.49M (Peak 19.04M) | Time:00:00.00 | Mem:0.00M, Peak:0.00M | Scene, ViewLayer | Waiting for render to start
Fra:1 Mem:16.49M (Peak 19.04M) | Time:00:00.00 | Mem:0.00M, Peak:0.00M | Scene, ViewLayer | Loading render kernels (may take a few minutes the first time)
Fra:1 Mem:16.49M (Peak 19.04M) | Time:00:00.00 | Mem:0.00M, Peak:0.00M | Scene, ViewLayer | Updating Scene
Fra:1 Mem:16.49M (Peak 19.04M) | Time:00:00.00 | Mem:0.00M, Peak:0.00M | Scene, ViewLayer | Updating Shaders
Fra:1 Mem:16.58M (Peak 19.04M) | Time:00:00.00 | Mem:0.01M, Peak:0.01M | Scene, ViewLayer | Updating Procedurals
Fra:1 Mem:16.58M (Peak 19.04M) | Time:00:00.00 | Mem:0.01M, Peak:0.01M | Scene, ViewLayer | Updating Background
Fra:1 Mem:16.58M (Peak 19.04M) | Time:00:00.00 | Mem:0.01M, Peak:0.01M | Scene, ViewLayer | Updating Camera
Fra:1 Mem:16.58M (Peak 19.04M) | Time:00:00.00 | Mem:0.01M, Peak:0.01M | Scene, ViewLayer | Updating Meshes Flags
Fra:1 Mem:16.58M (Peak 19.04M) | Time:00:00.00 | Mem:0.01M, Peak:0.01M | Scene, ViewLayer | Updating Objects
Fra:1 Mem:16.58M (Peak 19.04M) | Time:00:00.00 | Mem:0.01M, Peak:0.01M | Scene, ViewLayer | Updating Objects | Copying Transformations to device
Fra:1 Mem:16.59M (Peak 19.04M) | Time:00:00.00 | Mem:0.02M, Peak:0.02M | Scene, ViewLayer | Updating Objects | Applying Static Transformations
Fra:1 Mem:16.59M (Peak 19.04M) | Time:00:00.00 | Mem:0.02M, Peak:0.02M | Scene, ViewLayer | Updating Particle Systems
Fra:1 Mem:16.59M (Peak 19.04M) | Time:00:00.00 | Mem:0.02M, Peak:0.02M | Scene, ViewLayer | Updating Particle Systems | Copying Particles to device
Fra:1 Mem:16.59M (Peak 19.04M) | Time:00:00.00 | Mem:0.02M, Peak:0.02M | Scene, ViewLayer | Updating Meshes
Fra:1 Mem:16.64M (Peak 19.04M) | Time:00:00.00 | Mem:0.02M, Peak:0.02M | Scene, ViewLayer | Updating Mesh | Computing attributes
Fra:1 Mem:16.79M (Peak 19.04M) | Time:00:00.00 | Mem:0.02M, Peak:0.02M | Scene, ViewLayer | Updating Mesh | Copying Attributes to device
Fra:1 Mem:16.78M (Peak 19.04M) | Time:00:00.00 | Mem:0.16M, Peak:0.16M | Scene, ViewLayer | Updating Scene BVH | Building
Fra:1 Mem:16.78M (Peak 19.04M) | Time:00:00.00 | Mem:0.16M, Peak:0.16M | Scene, ViewLayer | Updating Scene BVH | Building BVH
Fra:1 Mem:16.78M (Peak 19.04M) | Time:00:00.00 | Mem:0.26M, Peak:0.26M | Scene, ViewLayer | Updating Scene BVH | Building BVH 0%
Fra:1 Mem:16.78M (Peak 19.04M) | Time:00:00.00 | Mem:0.39M, Peak:0.49M | Scene, ViewLayer | Updating Scene BVH | Copying BVH to device
Fra:1 Mem:16.78M (Peak 19.04M) | Time:00:00.00 | Mem:0.39M, Peak:0.49M | Scene, ViewLayer | Updating Mesh | Computing normals
Fra:1 Mem:17.16M (Peak 19.04M) | Time:00:00.00 | Mem:0.39M, Peak:0.49M | Scene, ViewLayer | Updating Mesh | Copying Mesh to device
Fra:1 Mem:17.16M (Peak 19.04M) | Time:00:00.00 | Mem:0.77M, Peak:0.77M | Scene, ViewLayer | Updating Objects Flags
Fra:1 Mem:17.16M (Peak 19.04M) | Time:00:00.00 | Mem:0.77M, Peak:0.77M | Scene, ViewLayer | Updating Primitive Offsets
Fra:1 Mem:17.16M (Peak 19.04M) | Time:00:00.00 | Mem:0.77M, Peak:0.77M | Scene, ViewLayer | Updating Images
Fra:1 Mem:17.16M (Peak 19.04M) | Time:00:00.00 | Mem:0.77M, Peak:0.77M | Scene, ViewLayer | Updating Camera Volume
Fra:1 Mem:17.16M (Peak 19.04M) | Time:00:00.00 | Mem:0.77M, Peak:0.77M | Scene, ViewLayer | Updating Lookup Tables
Fra:1 Mem:17.16M (Peak 19.04M) | Time:00:00.00 | Mem:0.85M, Peak:0.85M | Scene, ViewLayer | Updating Lights
Fra:1 Mem:17.16M (Peak 19.04M) | Time:00:00.00 | Mem:0.85M, Peak:0.85M | Scene, ViewLayer | Updating Lights | Computing tree
Fra:1 Mem:17.16M (Peak 19.04M) | Time:00:00.00 | Mem:0.85M, Peak:0.85M | Scene, ViewLayer | Updating Integrator
Fra:1 Mem:17.16M (Peak 19.04M) | Time:00:00.00 | Mem:0.85M, Peak:0.85M | Scene, ViewLayer | Updating Film
Fra:1 Mem:17.16M (Peak 19.04M) | Time:00:00.00 | Mem:0.77M, Peak:0.85M | Scene, ViewLayer | Updating Lookup Tables
Fra:1 Mem:17.16M (Peak 19.04M) | Time:00:00.00 | Mem:0.85M, Peak:0.85M | Scene, ViewLayer | Updating Baking
Fra:1 Mem:17.16M (Peak 19.04M) | Time:00:00.00 | Mem:0.85M, Peak:0.85M | Scene, ViewLayer | Updating Device | Writing constant memory
Fra:1 Mem:17.17M (Peak 19.04M) | Time:00:00.00 | Mem:0.85M, Peak:0.85M | Scene, ViewLayer | Sample 0/8
Fra:1 Mem:25.96M (Peak 25.96M) | Time:00:00.60 | Remaining:00:04.17 | Mem:9.64M, Peak:9.64M | Scene, ViewLayer | Sample 1/8
Fra:1 Mem:29.87M (Peak 37.68M) | Time:00:04.63 | Mem:9.64M, Peak:9.64M | Scene, ViewLayer | Sample 8/8
Fra:1 Mem:29.87M (Peak 37.68M) | Time:00:04.63 | Mem:9.64M, Peak:9.64M | Scene, ViewLayer | Finished
Saved: '/workspace/scratch/7c20b5ba4165/atlas-backlog-oct3/tools/assets/boardable-metro/qa/previews/middle-entry-right-center.png'
Time: 00:04.67 (Saving: 00:00.03)

Fra:1 Mem:18.49M (Peak 18.49M) | Time:00:00.00 | Mem:0.00M, Peak:0.00M | Scene, ViewLayer | Synchronizing object | body-shell
Fra:1 Mem:18.95M (Peak 18.95M) | Time:00:00.00 | Mem:0.00M, Peak:0.00M | Scene, ViewLayer | Synchronizing object | QA-ground
Fra:1 Mem:18.66M (Peak 18.95M) | Time:00:00.00 | Mem:0.00M, Peak:0.00M | Scene, ViewLayer | Synchronizing object | interior-batch-metro-seat
Fra:1 Mem:18.92M (Peak 18.95M) | Time:00:00.00 | Mem:0.00M, Peak:0.00M | Scene, ViewLayer | Synchronizing object | interior-batch-metro-priority-seat
Fra:1 Mem:18.93M (Peak 18.95M) | Time:00:00.00 | Mem:0.00M, Peak:0.00M | Scene, ViewLayer | Synchronizing object | interior-batch-metro-screen
Fra:1 Mem:18.91M (Peak 18.95M) | Time:00:00.00 | Mem:0.00M, Peak:0.00M | Scene, ViewLayer | Synchronizing object | interior-batch-metro-rail
Fra:1 Mem:18.91M (Peak 18.95M) | Time:00:00.00 | Mem:0.00M, Peak:0.00M | Scene, ViewLayer | Synchronizing object | bogie-front-frame
Fra:1 Mem:18.81M (Peak 18.95M) | Time:00:00.00 | Mem:0.00M, Peak:0.00M | Scene, ViewLayer | Synchronizing object | bogie-rear-frame
Fra:1 Mem:18.82M (Peak 18.95M) | Time:00:00.00 | Mem:0.00M, Peak:0.00M | Scene, ViewLayer | Synchronizing object | door-left-center-a
Fra:1 Mem:18.91M (Peak 18.95M) | Time:00:00.00 | Mem:0.00M, Peak:0.00M | Scene, ViewLayer | Synchronizing object | door-left-center-b
Fra:1 Mem:18.83M (Peak 18.95M) | Time:00:00.00 | Mem:0.00M, Peak:0.00M | Scene, ViewLayer | Synchronizing object | interior-batch-metro-floor
Fra:1 Mem:18.82M (Peak 18.95M) | Time:00:00.00 | Mem:0.00M, Peak:0.00M | Scene, ViewLayer | Synchronizing object | door-left-front-a
Fra:1 Mem:18.85M (Peak 18.95M) | Time:00:00.00 | Mem:0.00M, Peak:0.00M | Scene, ViewLayer | Synchronizing object | interior-batch-metro-wall
Fra:1 Mem:18.92M (Peak 18.95M) | Time:00:00.00 | Mem:0.00M, Peak:0.00M | Scene, ViewLayer | Synchronizing object | door-left-front-b
Fra:1 Mem:18.88M (Peak 18.95M) | Time:00:00.00 | Mem:0.00M, Peak:0.00M | Scene, ViewLayer | Synchronizing object | door-left-rear-a
Fra:1 Mem:18.87M (Peak 18.95M) | Time:00:00.00 | Mem:0.00M, Peak:0.00M | Scene, ViewLayer | Synchronizing object | door-left-rear-b
Fra:1 Mem:18.88M (Peak 18.95M) | Time:00:00.00 | Mem:0.00M, Peak:0.00M | Scene, ViewLayer | Synchronizing object | wheel-rear-rear-right
Fra:1 Mem:18.91M (Peak 18.95M) | Time:00:00.00 | Mem:0.00M, Peak:0.00M | Scene, ViewLayer | Synchronizing object | door-right-center-a
Fra:1 Mem:18.92M (Peak 18.95M) | Time:00:00.00 | Mem:0.00M, Peak:0.00M | Scene, ViewLayer | Synchronizing object | wheel-rear-rear-left
Fra:1 Mem:18.93M (Peak 18.95M) | Time:00:00.00 | Mem:0.00M, Peak:0.00M | Scene, ViewLayer | Synchronizing object | door-right-center-b
Fra:1 Mem:18.94M (Peak 18.95M) | Time:00:00.00 | Mem:0.00M, Peak:0.00M | Scene, ViewLayer | Synchronizing object | wheel-rear-front-right
Fra:1 Mem:18.95M (Peak 18.95M) | Time:00:00.00 | Mem:0.00M, Peak:0.00M | Scene, ViewLayer | Synchronizing object | door-right-front-a
Fra:1 Mem:18.95M (Peak 18.95M) | Time:00:00.00 | Mem:0.00M, Peak:0.00M | Scene, ViewLayer | Synchronizing object | wheel-rear-front-left
Fra:1 Mem:18.96M (Peak 18.96M) | Time:00:00.00 | Mem:0.00M, Peak:0.00M | Scene, ViewLayer | Synchronizing object | door-right-front-b
Fra:1 Mem:18.99M (Peak 18.99M) | Time:00:00.00 | Mem:0.00M, Peak:0.00M | Scene, ViewLayer | Synchronizing object | wheel-front-rear-right
Fra:1 Mem:18.99M (Peak 18.99M) | Time:00:00.00 | Mem:0.00M, Peak:0.00M | Scene, ViewLayer | Synchronizing object | door-right-rear-a
Fra:1 Mem:18.99M (Peak 18.99M) | Time:00:00.00 | Mem:0.00M, Peak:0.00M | Scene, ViewLayer | Synchronizing object | wheel-front-rear-left
Fra:1 Mem:18.99M (Peak 18.99M) | Time:00:00.00 | Mem:0.00M, Peak:0.00M | Scene, ViewLayer | Synchronizing object | wheel-front-front-right
Fra:1 Mem:19.00M (Peak 19.00M) | Time:00:00.00 | Mem:0.00M, Peak:0.00M | Scene, ViewLayer | Synchronizing object | wheel-front-front-left
Fra:1 Mem:19.01M (Peak 19.01M) | Time:00:00.00 | Mem:0.00M, Peak:0.00M | Scene, ViewLayer | Synchronizing object | glass
Fra:1 Mem:19.04M (Peak 19.04M) | Time:00:00.00 | Mem:0.00M, Peak:0.00M | Scene, ViewLayer | Initializing
Fra:1 Mem:16.49M (Peak 19.04M) | Time:00:00.00 | Mem:0.00M, Peak:0.00M | Scene, ViewLayer | Waiting for render to start
Fra:1 Mem:16.49M (Peak 19.04M) | Time:00:00.00 | Mem:0.00M, Peak:0.00M | Scene, ViewLayer | Loading render kernels (may take a few minutes the first time)
Fra:1 Mem:16.49M (Peak 19.04M) | Time:00:00.00 | Mem:0.00M, Peak:0.00M | Scene, ViewLayer | Updating Scene
Fra:1 Mem:16.49M (Peak 19.04M) | Time:00:00.00 | Mem:0.00M, Peak:0.00M | Scene, ViewLayer | Updating Shaders
Fra:1 Mem:16.58M (Peak 19.04M) | Time:00:00.00 | Mem:0.01M, Peak:0.01M | Scene, ViewLayer | Updating Procedurals
Fra:1 Mem:16.58M (Peak 19.04M) | Time:00:00.00 | Mem:0.01M, Peak:0.01M | Scene, ViewLayer | Updating Background
Fra:1 Mem:16.58M (Peak 19.04M) | Time:00:00.00 | Mem:0.01M, Peak:0.01M | Scene, ViewLayer | Updating Camera
Fra:1 Mem:16.58M (Peak 19.04M) | Time:00:00.00 | Mem:0.01M, Peak:0.01M | Scene, ViewLayer | Updating Meshes Flags
Fra:1 Mem:16.58M (Peak 19.04M) | Time:00:00.00 | Mem:0.01M, Peak:0.01M | Scene, ViewLayer | Updating Objects
Fra:1 Mem:16.58M (Peak 19.04M) | Time:00:00.00 | Mem:0.01M, Peak:0.01M | Scene, ViewLayer | Updating Objects | Copying Transformations to device
Fra:1 Mem:16.59M (Peak 19.04M) | Time:00:00.00 | Mem:0.02M, Peak:0.02M | Scene, ViewLayer | Updating Objects | Applying Static Transformations
Fra:1 Mem:16.59M (Peak 19.04M) | Time:00:00.00 | Mem:0.02M, Peak:0.02M | Scene, ViewLayer | Updating Particle Systems
Fra:1 Mem:16.59M (Peak 19.04M) | Time:00:00.00 | Mem:0.02M, Peak:0.02M | Scene, ViewLayer | Updating Particle Systems | Copying Particles to device
Fra:1 Mem:16.59M (Peak 19.04M) | Time:00:00.00 | Mem:0.02M, Peak:0.02M | Scene, ViewLayer | Updating Meshes
Fra:1 Mem:16.64M (Peak 19.04M) | Time:00:00.00 | Mem:0.02M, Peak:0.02M | Scene, ViewLayer | Updating Mesh | Computing attributes
Fra:1 Mem:16.79M (Peak 19.04M) | Time:00:00.00 | Mem:0.02M, Peak:0.02M | Scene, ViewLayer | Updating Mesh | Copying Attributes to device
Fra:1 Mem:16.78M (Peak 19.04M) | Time:00:00.00 | Mem:0.16M, Peak:0.16M | Scene, ViewLayer | Updating Scene BVH | Building
Fra:1 Mem:16.78M (Peak 19.04M) | Time:00:00.00 | Mem:0.16M, Peak:0.16M | Scene, ViewLayer | Updating Scene BVH | Building BVH
Fra:1 Mem:16.78M (Peak 19.04M) | Time:00:00.00 | Mem:0.26M, Peak:0.26M | Scene, ViewLayer | Updating Scene BVH | Building BVH 0%
Fra:1 Mem:16.78M (Peak 19.04M) | Time:00:00.00 | Mem:0.39M, Peak:0.49M | Scene, ViewLayer | Updating Scene BVH | Copying BVH to device
Fra:1 Mem:16.78M (Peak 19.04M) | Time:00:00.00 | Mem:0.39M, Peak:0.49M | Scene, ViewLayer | Updating Mesh | Computing normals
Fra:1 Mem:17.16M (Peak 19.04M) | Time:00:00.00 | Mem:0.39M, Peak:0.49M | Scene, ViewLayer | Updating Mesh | Copying Mesh to device
Fra:1 Mem:17.16M (Peak 19.04M) | Time:00:00.00 | Mem:0.77M, Peak:0.77M | Scene, ViewLayer | Updating Objects Flags
Fra:1 Mem:17.16M (Peak 19.04M) | Time:00:00.00 | Mem:0.77M, Peak:0.77M | Scene, ViewLayer | Updating Primitive Offsets
Fra:1 Mem:17.16M (Peak 19.04M) | Time:00:00.00 | Mem:0.77M, Peak:0.77M | Scene, ViewLayer | Updating Images
Fra:1 Mem:17.16M (Peak 19.04M) | Time:00:00.00 | Mem:0.77M, Peak:0.77M | Scene, ViewLayer | Updating Camera Volume
Fra:1 Mem:17.16M (Peak 19.04M) | Time:00:00.00 | Mem:0.77M, Peak:0.77M | Scene, ViewLayer | Updating Lookup Tables
Fra:1 Mem:17.16M (Peak 19.04M) | Time:00:00.00 | Mem:0.85M, Peak:0.85M | Scene, ViewLayer | Updating Lights
Fra:1 Mem:17.16M (Peak 19.04M) | Time:00:00.00 | Mem:0.85M, Peak:0.85M | Scene, ViewLayer | Updating Lights | Computing tree
Fra:1 Mem:17.16M (Peak 19.04M) | Time:00:00.00 | Mem:0.85M, Peak:0.85M | Scene, ViewLayer | Updating Integrator
Fra:1 Mem:17.16M (Peak 19.04M) | Time:00:00.00 | Mem:0.85M, Peak:0.85M | Scene, ViewLayer | Updating Film
Fra:1 Mem:17.16M (Peak 19.04M) | Time:00:00.00 | Mem:0.77M, Peak:0.85M | Scene, ViewLayer | Updating Lookup Tables
Fra:1 Mem:17.16M (Peak 19.04M) | Time:00:00.00 | Mem:0.85M, Peak:0.85M | Scene, ViewLayer | Updating Baking
Fra:1 Mem:17.16M (Peak 19.04M) | Time:00:00.00 | Mem:0.85M, Peak:0.85M | Scene, ViewLayer | Updating Device | Writing constant memory
Fra:1 Mem:17.17M (Peak 19.04M) | Time:00:00.00 | Mem:0.85M, Peak:0.85M | Scene, ViewLayer | Sample 0/8
Fra:1 Mem:25.96M (Peak 25.96M) | Time:00:00.63 | Remaining:00:04.38 | Mem:9.64M, Peak:9.64M | Scene, ViewLayer | Sample 1/8
Fra:1 Mem:29.87M (Peak 37.68M) | Time:00:04.69 | Mem:9.64M, Peak:9.64M | Scene, ViewLayer | Sample 8/8
Fra:1 Mem:29.87M (Peak 37.68M) | Time:00:04.69 | Mem:9.64M, Peak:9.64M | Scene, ViewLayer | Finished
Saved: '/workspace/scratch/7c20b5ba4165/atlas-backlog-oct3/tools/assets/boardable-metro/qa/previews/middle-entry-right-front.png'
Time: 00:04.73 (Saving: 00:00.03)

Fra:1 Mem:18.49M (Peak 18.49M) | Time:00:00.00 | Mem:0.00M, Peak:0.00M | Scene, ViewLayer | Synchronizing object | body-shell
Fra:1 Mem:18.95M (Peak 18.95M) | Time:00:00.00 | Mem:0.00M, Peak:0.00M | Scene, ViewLayer | Synchronizing object | QA-ground
Fra:1 Mem:19.00M (Peak 19.00M) | Time:00:00.00 | Mem:0.00M, Peak:0.00M | Scene, ViewLayer | Synchronizing object | interior-batch-metro-seat
Fra:1 Mem:18.92M (Peak 19.00M) | Time:00:00.00 | Mem:0.00M, Peak:0.00M | Scene, ViewLayer | Synchronizing object | interior-batch-metro-priority-seat
Fra:1 Mem:18.93M (Peak 19.00M) | Time:00:00.00 | Mem:0.00M, Peak:0.00M | Scene, ViewLayer | Synchronizing object | interior-batch-metro-screen
Fra:1 Mem:18.93M (Peak 19.00M) | Time:00:00.00 | Mem:0.00M, Peak:0.00M | Scene, ViewLayer | Synchronizing object | interior-batch-metro-rail
Fra:1 Mem:18.82M (Peak 19.00M) | Time:00:00.00 | Mem:0.00M, Peak:0.00M | Scene, ViewLayer | Synchronizing object | bogie-front-frame
Fra:1 Mem:18.90M (Peak 19.00M) | Time:00:00.00 | Mem:0.00M, Peak:0.00M | Scene, ViewLayer | Synchronizing object | bogie-rear-frame
Fra:1 Mem:18.90M (Peak 19.00M) | Time:00:00.00 | Mem:0.00M, Peak:0.00M | Scene, ViewLayer | Synchronizing object | door-left-center-a
Fra:1 Mem:18.81M (Peak 19.00M) | Time:00:00.00 | Mem:0.00M, Peak:0.00M | Scene, ViewLayer | Synchronizing object | interior-batch-metro-floor
Fra:1 Mem:18.81M (Peak 19.00M) | Time:00:00.00 | Mem:0.00M, Peak:0.00M | Scene, ViewLayer | Synchronizing object | door-left-center-b
Fra:1 Mem:18.84M (Peak 19.00M) | Time:00:00.00 | Mem:0.00M, Peak:0.00M | Scene, ViewLayer | Synchronizing object | interior-batch-metro-wall
Fra:1 Mem:18.91M (Peak 19.00M) | Time:00:00.00 | Mem:0.00M, Peak:0.00M | Scene, ViewLayer | Synchronizing object | door-left-front-a
Fra:1 Mem:18.91M (Peak 19.00M) | Time:00:00.00 | Mem:0.00M, Peak:0.00M | Scene, ViewLayer | Synchronizing object | door-left-front-b
Fra:1 Mem:18.87M (Peak 19.00M) | Time:00:00.00 | Mem:0.00M, Peak:0.00M | Scene, ViewLayer | Synchronizing object | wheel-rear-rear-right
Fra:1 Mem:18.89M (Peak 19.00M) | Time:00:00.00 | Mem:0.00M, Peak:0.00M | Scene, ViewLayer | Synchronizing object | door-left-rear-a
Fra:1 Mem:18.90M (Peak 19.00M) | Time:00:00.00 | Mem:0.00M, Peak:0.00M | Scene, ViewLayer | Synchronizing object | wheel-rear-rear-left
Fra:1 Mem:18.91M (Peak 19.00M) | Time:00:00.00 | Mem:0.00M, Peak:0.00M | Scene, ViewLayer | Synchronizing object | door-left-rear-b
Fra:1 Mem:18.92M (Peak 19.00M) | Time:00:00.00 | Mem:0.00M, Peak:0.00M | Scene, ViewLayer | Synchronizing object | wheel-rear-front-right
Fra:1 Mem:18.93M (Peak 19.00M) | Time:00:00.00 | Mem:0.00M, Peak:0.00M | Scene, ViewLayer | Synchronizing object | wheel-rear-front-left
Fra:1 Mem:18.92M (Peak 19.00M) | Time:00:00.00 | Mem:0.00M, Peak:0.00M | Scene, ViewLayer | Synchronizing object | door-right-center-a
Fra:1 Mem:18.95M (Peak 19.00M) | Time:00:00.00 | Mem:0.00M, Peak:0.00M | Scene, ViewLayer | Synchronizing object | wheel-front-rear-right
Fra:1 Mem:18.94M (Peak 19.00M) | Time:00:00.00 | Mem:0.00M, Peak:0.00M | Scene, ViewLayer | Synchronizing object | door-right-center-b
Fra:1 Mem:18.94M (Peak 19.00M) | Time:00:00.00 | Mem:0.00M, Peak:0.00M | Scene, ViewLayer | Synchronizing object | wheel-front-rear-left
Fra:1 Mem:18.98M (Peak 19.00M) | Time:00:00.00 | Mem:0.00M, Peak:0.00M | Scene, ViewLayer | Synchronizing object | wheel-front-front-right
Fra:1 Mem:18.97M (Peak 19.00M) | Time:00:00.00 | Mem:0.00M, Peak:0.00M | Scene, ViewLayer | Synchronizing object | door-right-front-a
Fra:1 Mem:18.99M (Peak 19.00M) | Time:00:00.00 | Mem:0.00M, Peak:0.00M | Scene, ViewLayer | Synchronizing object | wheel-front-front-left
Fra:1 Mem:19.01M (Peak 19.01M) | Time:00:00.00 | Mem:0.00M, Peak:0.00M | Scene, ViewLayer | Synchronizing object | door-right-front-b
Fra:1 Mem:19.02M (Peak 19.02M) | Time:00:00.00 | Mem:0.00M, Peak:0.00M | Scene, ViewLayer | Synchronizing object | glass
Fra:1 Mem:19.07M (Peak 19.07M) | Time:00:00.00 | Mem:0.00M, Peak:0.00M | Scene, ViewLayer | Synchronizing object | door-right-rear-a
Fra:1 Mem:19.03M (Peak 19.07M) | Time:00:00.00 | Mem:0.00M, Peak:0.00M | Scene, ViewLayer | Synchronizing object | door-right-rear-b
Fra:1 Mem:19.04M (Peak 19.07M) | Time:00:00.00 | Mem:0.00M, Peak:0.00M | Scene, ViewLayer | Initializing
Fra:1 Mem:16.49M (Peak 19.07M) | Time:00:00.00 | Mem:0.00M, Peak:0.00M | Scene, ViewLayer | Waiting for render to start
Fra:1 Mem:16.49M (Peak 19.07M) | Time:00:00.00 | Mem:0.00M, Peak:0.00M | Scene, ViewLayer | Loading render kernels (may take a few minutes the first time)
Fra:1 Mem:16.49M (Peak 19.07M) | Time:00:00.00 | Mem:0.00M, Peak:0.00M | Scene, ViewLayer | Updating Scene
Fra:1 Mem:16.49M (Peak 19.07M) | Time:00:00.00 | Mem:0.00M, Peak:0.00M | Scene, ViewLayer | Updating Shaders
Fra:1 Mem:16.58M (Peak 19.07M) | Time:00:00.00 | Mem:0.01M, Peak:0.01M | Scene, ViewLayer | Updating Procedurals
Fra:1 Mem:16.58M (Peak 19.07M) | Time:00:00.00 | Mem:0.01M, Peak:0.01M | Scene, ViewLayer | Updating Background
Fra:1 Mem:16.58M (Peak 19.07M) | Time:00:00.00 | Mem:0.01M, Peak:0.01M | Scene, ViewLayer | Updating Camera
Fra:1 Mem:16.58M (Peak 19.07M) | Time:00:00.00 | Mem:0.01M, Peak:0.01M | Scene, ViewLayer | Updating Meshes Flags
Fra:1 Mem:16.58M (Peak 19.07M) | Time:00:00.00 | Mem:0.01M, Peak:0.01M | Scene, ViewLayer | Updating Objects
Fra:1 Mem:16.58M (Peak 19.07M) | Time:00:00.00 | Mem:0.01M, Peak:0.01M | Scene, ViewLayer | Updating Objects | Copying Transformations to device
Fra:1 Mem:16.59M (Peak 19.07M) | Time:00:00.00 | Mem:0.02M, Peak:0.02M | Scene, ViewLayer | Updating Objects | Applying Static Transformations
Fra:1 Mem:16.59M (Peak 19.07M) | Time:00:00.00 | Mem:0.02M, Peak:0.02M | Scene, ViewLayer | Updating Particle Systems
Fra:1 Mem:16.59M (Peak 19.07M) | Time:00:00.00 | Mem:0.02M, Peak:0.02M | Scene, ViewLayer | Updating Particle Systems | Copying Particles to device
Fra:1 Mem:16.59M (Peak 19.07M) | Time:00:00.00 | Mem:0.02M, Peak:0.02M | Scene, ViewLayer | Updating Meshes
Fra:1 Mem:16.64M (Peak 19.07M) | Time:00:00.00 | Mem:0.02M, Peak:0.02M | Scene, ViewLayer | Updating Mesh | Computing attributes
Fra:1 Mem:16.79M (Peak 19.07M) | Time:00:00.00 | Mem:0.02M, Peak:0.02M | Scene, ViewLayer | Updating Mesh | Copying Attributes to device
Fra:1 Mem:16.78M (Peak 19.07M) | Time:00:00.00 | Mem:0.16M, Peak:0.16M | Scene, ViewLayer | Updating Scene BVH | Building
Fra:1 Mem:16.78M (Peak 19.07M) | Time:00:00.00 | Mem:0.16M, Peak:0.16M | Scene, ViewLayer | Updating Scene BVH | Building BVH
Fra:1 Mem:16.78M (Peak 19.07M) | Time:00:00.00 | Mem:0.26M, Peak:0.26M | Scene, ViewLayer | Updating Scene BVH | Building BVH 0%
Fra:1 Mem:16.78M (Peak 19.07M) | Time:00:00.00 | Mem:0.39M, Peak:0.49M | Scene, ViewLayer | Updating Scene BVH | Copying BVH to device
Fra:1 Mem:16.78M (Peak 19.07M) | Time:00:00.00 | Mem:0.39M, Peak:0.49M | Scene, ViewLayer | Updating Mesh | Computing normals
Fra:1 Mem:17.16M (Peak 19.07M) | Time:00:00.00 | Mem:0.39M, Peak:0.49M | Scene, ViewLayer | Updating Mesh | Copying Mesh to device
Fra:1 Mem:17.16M (Peak 19.07M) | Time:00:00.00 | Mem:0.77M, Peak:0.77M | Scene, ViewLayer | Updating Objects Flags
Fra:1 Mem:17.16M (Peak 19.07M) | Time:00:00.00 | Mem:0.77M, Peak:0.77M | Scene, ViewLayer | Updating Primitive Offsets
Fra:1 Mem:17.16M (Peak 19.07M) | Time:00:00.00 | Mem:0.77M, Peak:0.77M | Scene, ViewLayer | Updating Images
Fra:1 Mem:17.16M (Peak 19.07M) | Time:00:00.00 | Mem:0.77M, Peak:0.77M | Scene, ViewLayer | Updating Camera Volume
Fra:1 Mem:17.16M (Peak 19.07M) | Time:00:00.00 | Mem:0.77M, Peak:0.77M | Scene, ViewLayer | Updating Lookup Tables
Fra:1 Mem:17.16M (Peak 19.07M) | Time:00:00.00 | Mem:0.85M, Peak:0.85M | Scene, ViewLayer | Updating Lights
Fra:1 Mem:17.16M (Peak 19.07M) | Time:00:00.00 | Mem:0.85M, Peak:0.85M | Scene, ViewLayer | Updating Lights | Computing tree
Fra:1 Mem:17.16M (Peak 19.07M) | Time:00:00.00 | Mem:0.85M, Peak:0.85M | Scene, ViewLayer | Updating Integrator
Fra:1 Mem:17.16M (Peak 19.07M) | Time:00:00.00 | Mem:0.85M, Peak:0.85M | Scene, ViewLayer | Updating Film
Fra:1 Mem:17.17M (Peak 19.07M) | Time:00:00.00 | Mem:0.77M, Peak:0.85M | Scene, ViewLayer | Updating Lookup Tables
Fra:1 Mem:17.17M (Peak 19.07M) | Time:00:00.00 | Mem:0.85M, Peak:0.85M | Scene, ViewLayer | Updating Baking
Fra:1 Mem:17.17M (Peak 19.07M) | Time:00:00.00 | Mem:0.85M, Peak:0.85M | Scene, ViewLayer | Updating Device | Writing constant memory
Fra:1 Mem:17.17M (Peak 19.07M) | Time:00:00.00 | Mem:0.85M, Peak:0.85M | Scene, ViewLayer | Sample 0/8
Fra:1 Mem:25.96M (Peak 25.96M) | Time:00:00.63 | Remaining:00:04.39 | Mem:9.64M, Peak:9.64M | Scene, ViewLayer | Sample 1/8
Fra:1 Mem:29.87M (Peak 37.68M) | Time:00:04.56 | Mem:9.64M, Peak:9.64M | Scene, ViewLayer | Sample 8/8
Fra:1 Mem:29.87M (Peak 37.68M) | Time:00:04.56 | Mem:9.64M, Peak:9.64M | Scene, ViewLayer | Finished
Saved: '/workspace/scratch/7c20b5ba4165/atlas-backlog-oct3/tools/assets/boardable-metro/qa/previews/middle-entry-left-rear.png'
Time: 00:04.61 (Saving: 00:00.04)

Fra:1 Mem:18.49M (Peak 18.49M) | Time:00:00.00 | Mem:0.00M, Peak:0.00M | Scene, ViewLayer | Synchronizing object | body-shell
Fra:1 Mem:18.71M (Peak 18.71M) | Time:00:00.00 | Mem:0.00M, Peak:0.00M | Scene, ViewLayer | Synchronizing object | QA-ground
Fra:1 Mem:18.71M (Peak 18.71M) | Time:00:00.00 | Mem:0.00M, Peak:0.00M | Scene, ViewLayer | Synchronizing object | interior-batch-metro-seat
Fra:1 Mem:18.90M (Peak 18.90M) | Time:00:00.00 | Mem:0.00M, Peak:0.00M | Scene, ViewLayer | Synchronizing object | interior-batch-metro-priority-seat
Fra:1 Mem:18.76M (Peak 18.90M) | Time:00:00.00 | Mem:0.00M, Peak:0.00M | Scene, ViewLayer | Synchronizing object | interior-batch-metro-screen
Fra:1 Mem:18.72M (Peak 18.90M) | Time:00:00.00 | Mem:0.00M, Peak:0.00M | Scene, ViewLayer | Synchronizing object | bogie-front-frame
Fra:1 Mem:18.72M (Peak 18.90M) | Time:00:00.00 | Mem:0.00M, Peak:0.00M | Scene, ViewLayer | Synchronizing object | interior-batch-metro-rail
Fra:1 Mem:18.89M (Peak 18.90M) | Time:00:00.00 | Mem:0.00M, Peak:0.00M | Scene, ViewLayer | Synchronizing object | bogie-rear-frame
Fra:1 Mem:18.90M (Peak 18.90M) | Time:00:00.00 | Mem:0.00M, Peak:0.00M | Scene, ViewLayer | Synchronizing object | door-left-center-a
Fra:1 Mem:18.82M (Peak 18.90M) | Time:00:00.00 | Mem:0.00M, Peak:0.00M | Scene, ViewLayer | Synchronizing object | door-left-center-b
Fra:1 Mem:18.93M (Peak 18.93M) | Time:00:00.00 | Mem:0.00M, Peak:0.00M | Scene, ViewLayer | Synchronizing object | door-left-front-a
Fra:1 Mem:18.94M (Peak 18.94M) | Time:00:00.00 | Mem:0.00M, Peak:0.00M | Scene, ViewLayer | Synchronizing object | door-left-front-b
Fra:1 Mem:18.85M (Peak 18.94M) | Time:00:00.00 | Mem:0.00M, Peak:0.00M | Scene, ViewLayer | Synchronizing object | interior-batch-metro-floor
Fra:1 Mem:18.84M (Peak 18.94M) | Time:00:00.00 | Mem:0.00M, Peak:0.00M | Scene, ViewLayer | Synchronizing object | door-left-rear-a
Fra:1 Mem:18.87M (Peak 18.94M) | Time:00:00.00 | Mem:0.00M, Peak:0.00M | Scene, ViewLayer | Synchronizing object | interior-batch-metro-wall
Fra:1 Mem:18.93M (Peak 18.94M) | Time:00:00.00 | Mem:0.00M, Peak:0.00M | Scene, ViewLayer | Synchronizing object | door-left-rear-b
Fra:1 Mem:18.94M (Peak 18.94M) | Time:00:00.00 | Mem:0.00M, Peak:0.00M | Scene, ViewLayer | Synchronizing object | door-right-center-a
Fra:1 Mem:18.91M (Peak 18.94M) | Time:00:00.00 | Mem:0.00M, Peak:0.00M | Scene, ViewLayer | Synchronizing object | wheel-rear-rear-right
Fra:1 Mem:18.90M (Peak 18.94M) | Time:00:00.00 | Mem:0.00M, Peak:0.00M | Scene, ViewLayer | Synchronizing object | door-right-center-b
Fra:1 Mem:18.92M (Peak 18.94M) | Time:00:00.00 | Mem:0.00M, Peak:0.00M | Scene, ViewLayer | Synchronizing object | wheel-rear-rear-left
Fra:1 Mem:18.94M (Peak 18.94M) | Time:00:00.00 | Mem:0.00M, Peak:0.00M | Scene, ViewLayer | Synchronizing object | door-right-front-a
Fra:1 Mem:18.93M (Peak 18.94M) | Time:00:00.00 | Mem:0.00M, Peak:0.00M | Scene, ViewLayer | Synchronizing object | wheel-rear-front-right
Fra:1 Mem:18.95M (Peak 18.95M) | Time:00:00.00 | Mem:0.00M, Peak:0.00M | Scene, ViewLayer | Synchronizing object | door-right-front-b
Fra:1 Mem:18.98M (Peak 18.98M) | Time:00:00.00 | Mem:0.00M, Peak:0.00M | Scene, ViewLayer | Synchronizing object | wheel-rear-front-left
Fra:1 Mem:18.98M (Peak 18.98M) | Time:00:00.00 | Mem:0.00M, Peak:0.00M | Scene, ViewLayer | Synchronizing object | door-right-rear-a
Fra:1 Mem:18.99M (Peak 18.99M) | Time:00:00.00 | Mem:0.00M, Peak:0.00M | Scene, ViewLayer | Synchronizing object | wheel-front-rear-right
Fra:1 Mem:19.00M (Peak 19.00M) | Time:00:00.00 | Mem:0.00M, Peak:0.00M | Scene, ViewLayer | Synchronizing object | door-right-rear-b
Fra:1 Mem:18.99M (Peak 19.00M) | Time:00:00.00 | Mem:0.00M, Peak:0.00M | Scene, ViewLayer | Synchronizing object | wheel-front-rear-left
Fra:1 Mem:19.02M (Peak 19.02M) | Time:00:00.00 | Mem:0.00M, Peak:0.00M | Scene, ViewLayer | Synchronizing object | glass
Fra:1 Mem:19.00M (Peak 19.02M) | Time:00:00.00 | Mem:0.00M, Peak:0.00M | Scene, ViewLayer | Synchronizing object | wheel-front-front-right
Fra:1 Mem:19.04M (Peak 19.04M) | Time:00:00.00 | Mem:0.00M, Peak:0.00M | Scene, ViewLayer | Synchronizing object | wheel-front-front-left
Fra:1 Mem:19.04M (Peak 19.04M) | Time:00:00.00 | Mem:0.00M, Peak:0.00M | Scene, ViewLayer | Initializing
Fra:1 Mem:16.49M (Peak 19.04M) | Time:00:00.00 | Mem:0.00M, Peak:0.00M | Scene, ViewLayer | Waiting for render to start
Fra:1 Mem:16.49M (Peak 19.04M) | Time:00:00.00 | Mem:0.00M, Peak:0.00M | Scene, ViewLayer | Loading render kernels (may take a few minutes the first time)
Fra:1 Mem:16.49M (Peak 19.04M) | Time:00:00.00 | Mem:0.00M, Peak:0.00M | Scene, ViewLayer | Updating Scene
Fra:1 Mem:16.49M (Peak 19.04M) | Time:00:00.00 | Mem:0.00M, Peak:0.00M | Scene, ViewLayer | Updating Shaders
Fra:1 Mem:16.58M (Peak 19.04M) | Time:00:00.00 | Mem:0.01M, Peak:0.01M | Scene, ViewLayer | Updating Procedurals
Fra:1 Mem:16.58M (Peak 19.04M) | Time:00:00.00 | Mem:0.01M, Peak:0.01M | Scene, ViewLayer | Updating Background
Fra:1 Mem:16.58M (Peak 19.04M) | Time:00:00.00 | Mem:0.01M, Peak:0.01M | Scene, ViewLayer | Updating Camera
Fra:1 Mem:16.58M (Peak 19.04M) | Time:00:00.00 | Mem:0.01M, Peak:0.01M | Scene, ViewLayer | Updating Meshes Flags
Fra:1 Mem:16.58M (Peak 19.04M) | Time:00:00.00 | Mem:0.01M, Peak:0.01M | Scene, ViewLayer | Updating Objects
Fra:1 Mem:16.58M (Peak 19.04M) | Time:00:00.00 | Mem:0.01M, Peak:0.01M | Scene, ViewLayer | Updating Objects | Copying Transformations to device
Fra:1 Mem:16.59M (Peak 19.04M) | Time:00:00.00 | Mem:0.02M, Peak:0.02M | Scene, ViewLayer | Updating Objects | Applying Static Transformations
Fra:1 Mem:16.59M (Peak 19.04M) | Time:00:00.00 | Mem:0.02M, Peak:0.02M | Scene, ViewLayer | Updating Particle Systems
Fra:1 Mem:16.59M (Peak 19.04M) | Time:00:00.00 | Mem:0.02M, Peak:0.02M | Scene, ViewLayer | Updating Particle Systems | Copying Particles to device
Fra:1 Mem:16.59M (Peak 19.04M) | Time:00:00.00 | Mem:0.02M, Peak:0.02M | Scene, ViewLayer | Updating Meshes
Fra:1 Mem:16.64M (Peak 19.04M) | Time:00:00.00 | Mem:0.02M, Peak:0.02M | Scene, ViewLayer | Updating Mesh | Computing attributes
Fra:1 Mem:16.79M (Peak 19.04M) | Time:00:00.00 | Mem:0.02M, Peak:0.02M | Scene, ViewLayer | Updating Mesh | Copying Attributes to device
Fra:1 Mem:16.78M (Peak 19.04M) | Time:00:00.00 | Mem:0.16M, Peak:0.16M | Scene, ViewLayer | Updating Scene BVH | Building
Fra:1 Mem:16.78M (Peak 19.04M) | Time:00:00.00 | Mem:0.16M, Peak:0.16M | Scene, ViewLayer | Updating Scene BVH | Building BVH
Fra:1 Mem:16.78M (Peak 19.04M) | Time:00:00.00 | Mem:0.26M, Peak:0.26M | Scene, ViewLayer | Updating Scene BVH | Building BVH 0%
Fra:1 Mem:16.78M (Peak 19.04M) | Time:00:00.00 | Mem:0.39M, Peak:0.49M | Scene, ViewLayer | Updating Scene BVH | Copying BVH to device
Fra:1 Mem:16.78M (Peak 19.04M) | Time:00:00.00 | Mem:0.39M, Peak:0.49M | Scene, ViewLayer | Updating Mesh | Computing normals
Fra:1 Mem:17.16M (Peak 19.04M) | Time:00:00.00 | Mem:0.39M, Peak:0.49M | Scene, ViewLayer | Updating Mesh | Copying Mesh to device
Fra:1 Mem:17.16M (Peak 19.04M) | Time:00:00.00 | Mem:0.77M, Peak:0.77M | Scene, ViewLayer | Updating Objects Flags
Fra:1 Mem:17.16M (Peak 19.04M) | Time:00:00.00 | Mem:0.77M, Peak:0.77M | Scene, ViewLayer | Updating Primitive Offsets
Fra:1 Mem:17.16M (Peak 19.04M) | Time:00:00.00 | Mem:0.77M, Peak:0.77M | Scene, ViewLayer | Updating Images
Fra:1 Mem:17.16M (Peak 19.04M) | Time:00:00.00 | Mem:0.77M, Peak:0.77M | Scene, ViewLayer | Updating Camera Volume
Fra:1 Mem:17.16M (Peak 19.04M) | Time:00:00.00 | Mem:0.77M, Peak:0.77M | Scene, ViewLayer | Updating Lookup Tables
Fra:1 Mem:17.16M (Peak 19.04M) | Time:00:00.00 | Mem:0.85M, Peak:0.85M | Scene, ViewLayer | Updating Lights
Fra:1 Mem:17.16M (Peak 19.04M) | Time:00:00.00 | Mem:0.85M, Peak:0.85M | Scene, ViewLayer | Updating Lights | Computing tree
Fra:1 Mem:17.16M (Peak 19.04M) | Time:00:00.00 | Mem:0.85M, Peak:0.85M | Scene, ViewLayer | Updating Integrator
Fra:1 Mem:17.16M (Peak 19.04M) | Time:00:00.00 | Mem:0.85M, Peak:0.85M | Scene, ViewLayer | Updating Film
Fra:1 Mem:17.17M (Peak 19.04M) | Time:00:00.00 | Mem:0.77M, Peak:0.85M | Scene, ViewLayer | Updating Lookup Tables
Fra:1 Mem:17.17M (Peak 19.04M) | Time:00:00.00 | Mem:0.85M, Peak:0.85M | Scene, ViewLayer | Updating Baking
Fra:1 Mem:17.17M (Peak 19.04M) | Time:00:00.00 | Mem:0.85M, Peak:0.85M | Scene, ViewLayer | Updating Device | Writing constant memory
Fra:1 Mem:17.17M (Peak 19.04M) | Time:00:00.00 | Mem:0.85M, Peak:0.85M | Scene, ViewLayer | Sample 0/8
Fra:1 Mem:25.97M (Peak 25.97M) | Time:00:00.59 | Remaining:00:04.09 | Mem:9.64M, Peak:9.64M | Scene, ViewLayer | Sample 1/8
Fra:1 Mem:29.87M (Peak 37.69M) | Time:00:04.57 | Mem:9.64M, Peak:9.64M | Scene, ViewLayer | Sample 8/8
Fra:1 Mem:29.87M (Peak 37.69M) | Time:00:04.57 | Mem:9.64M, Peak:9.64M | Scene, ViewLayer | Finished
Saved: '/workspace/scratch/7c20b5ba4165/atlas-backlog-oct3/tools/assets/boardable-metro/qa/previews/middle-entry-left-center.png'
Time: 00:04.61 (Saving: 00:00.03)

Fra:1 Mem:18.49M (Peak 18.49M) | Time:00:00.00 | Mem:0.00M, Peak:0.00M | Scene, ViewLayer | Synchronizing object | body-shell
Fra:1 Mem:18.90M (Peak 18.90M) | Time:00:00.00 | Mem:0.00M, Peak:0.00M | Scene, ViewLayer | Synchronizing object | QA-ground
Fra:1 Mem:18.97M (Peak 18.97M) | Time:00:00.00 | Mem:0.00M, Peak:0.00M | Scene, ViewLayer | Synchronizing object | interior-batch-metro-seat
Fra:1 Mem:18.77M (Peak 18.97M) | Time:00:00.00 | Mem:0.00M, Peak:0.00M | Scene, ViewLayer | Synchronizing object | interior-batch-metro-priority-seat
Fra:1 Mem:18.93M (Peak 18.97M) | Time:00:00.00 | Mem:0.00M, Peak:0.00M | Scene, ViewLayer | Synchronizing object | interior-batch-metro-screen
Fra:1 Mem:18.94M (Peak 18.97M) | Time:00:00.00 | Mem:0.00M, Peak:0.00M | Scene, ViewLayer | Synchronizing object | interior-batch-metro-rail
Fra:1 Mem:18.83M (Peak 18.97M) | Time:00:00.00 | Mem:0.00M, Peak:0.00M | Scene, ViewLayer | Synchronizing object | bogie-front-frame
Fra:1 Mem:18.90M (Peak 18.97M) | Time:00:00.00 | Mem:0.00M, Peak:0.00M | Scene, ViewLayer | Synchronizing object | bogie-rear-frame
Fra:1 Mem:18.87M (Peak 18.97M) | Time:00:00.00 | Mem:0.00M, Peak:0.00M | Scene, ViewLayer | Synchronizing object | door-left-center-a
Fra:1 Mem:18.81M (Peak 18.97M) | Time:00:00.00 | Mem:0.00M, Peak:0.00M | Scene, ViewLayer | Synchronizing object | interior-batch-metro-floor
Fra:1 Mem:18.81M (Peak 18.97M) | Time:00:00.00 | Mem:0.00M, Peak:0.00M | Scene, ViewLayer | Synchronizing object | door-left-center-b
Fra:1 Mem:18.81M (Peak 18.97M) | Time:00:00.00 | Mem:0.00M, Peak:0.00M | Scene, ViewLayer | Synchronizing object | interior-batch-metro-wall
Fra:1 Mem:18.84M (Peak 18.97M) | Time:00:00.00 | Mem:0.00M, Peak:0.00M | Scene, ViewLayer | Synchronizing object | door-left-front-a
Fra:1 Mem:18.87M (Peak 18.97M) | Time:00:00.00 | Mem:0.00M, Peak:0.00M | Scene, ViewLayer | Synchronizing object | door-left-front-b
Fra:1 Mem:18.88M (Peak 18.97M) | Time:00:00.00 | Mem:0.00M, Peak:0.00M | Scene, ViewLayer | Synchronizing object | wheel-rear-rear-right
Fra:1 Mem:18.89M (Peak 18.97M) | Time:00:00.00 | Mem:0.00M, Peak:0.00M | Scene, ViewLayer | Synchronizing object | door-left-rear-a
Fra:1 Mem:18.88M (Peak 18.97M) | Time:00:00.00 | Mem:0.00M, Peak:0.00M | Scene, ViewLayer | Synchronizing object | wheel-rear-rear-left
Fra:1 Mem:18.91M (Peak 18.97M) | Time:00:00.00 | Mem:0.00M, Peak:0.00M | Scene, ViewLayer | Synchronizing object | door-left-rear-b
Fra:1 Mem:18.90M (Peak 18.97M) | Time:00:00.00 | Mem:0.00M, Peak:0.00M | Scene, ViewLayer | Synchronizing object | wheel-rear-front-right
Fra:1 Mem:18.91M (Peak 18.97M) | Time:00:00.00 | Mem:0.00M, Peak:0.00M | Scene, ViewLayer | Synchronizing object | door-right-center-a
Fra:1 Mem:18.92M (Peak 18.97M) | Time:00:00.00 | Mem:0.00M, Peak:0.00M | Scene, ViewLayer | Synchronizing object | wheel-rear-front-left
Fra:1 Mem:18.95M (Peak 18.97M) | Time:00:00.00 | Mem:0.00M, Peak:0.00M | Scene, ViewLayer | Synchronizing object | door-right-center-b
Fra:1 Mem:18.94M (Peak 18.97M) | Time:00:00.00 | Mem:0.00M, Peak:0.00M | Scene, ViewLayer | Synchronizing object | wheel-front-rear-right
Fra:1 Mem:18.95M (Peak 18.97M) | Time:00:00.00 | Mem:0.00M, Peak:0.00M | Scene, ViewLayer | Synchronizing object | door-right-front-a
Fra:1 Mem:18.96M (Peak 18.97M) | Time:00:00.00 | Mem:0.00M, Peak:0.00M | Scene, ViewLayer | Synchronizing object | wheel-front-rear-left
Fra:1 Mem:18.98M (Peak 18.98M) | Time:00:00.00 | Mem:0.00M, Peak:0.00M | Scene, ViewLayer | Synchronizing object | door-right-front-b
Fra:1 Mem:18.97M (Peak 18.98M) | Time:00:00.00 | Mem:0.00M, Peak:0.00M | Scene, ViewLayer | Synchronizing object | wheel-front-front-right
Fra:1 Mem:19.02M (Peak 19.02M) | Time:00:00.00 | Mem:0.00M, Peak:0.00M | Scene, ViewLayer | Synchronizing object | wheel-front-front-left
Fra:1 Mem:19.03M (Peak 19.03M) | Time:00:00.00 | Mem:0.00M, Peak:0.00M | Scene, ViewLayer | Synchronizing object | glass
Fra:1 Mem:19.06M (Peak 19.06M) | Time:00:00.00 | Mem:0.00M, Peak:0.00M | Scene, ViewLayer | Synchronizing object | door-right-rear-a
Fra:1 Mem:19.05M (Peak 19.06M) | Time:00:00.00 | Mem:0.00M, Peak:0.00M | Scene, ViewLayer | Synchronizing object | door-right-rear-b
Fra:1 Mem:19.04M (Peak 19.06M) | Time:00:00.00 | Mem:0.00M, Peak:0.00M | Scene, ViewLayer | Initializing
Fra:1 Mem:16.49M (Peak 19.06M) | Time:00:00.00 | Mem:0.00M, Peak:0.00M | Scene, ViewLayer | Waiting for render to start
Fra:1 Mem:16.49M (Peak 19.06M) | Time:00:00.00 | Mem:0.00M, Peak:0.00M | Scene, ViewLayer | Loading render kernels (may take a few minutes the first time)
Fra:1 Mem:16.49M (Peak 19.06M) | Time:00:00.00 | Mem:0.00M, Peak:0.00M | Scene, ViewLayer | Updating Scene
Fra:1 Mem:16.49M (Peak 19.06M) | Time:00:00.00 | Mem:0.00M, Peak:0.00M | Scene, ViewLayer | Updating Shaders
Fra:1 Mem:16.58M (Peak 19.06M) | Time:00:00.00 | Mem:0.01M, Peak:0.01M | Scene, ViewLayer | Updating Procedurals
Fra:1 Mem:16.58M (Peak 19.06M) | Time:00:00.00 | Mem:0.01M, Peak:0.01M | Scene, ViewLayer | Updating Background
Fra:1 Mem:16.58M (Peak 19.06M) | Time:00:00.00 | Mem:0.01M, Peak:0.01M | Scene, ViewLayer | Updating Camera
Fra:1 Mem:16.58M (Peak 19.06M) | Time:00:00.00 | Mem:0.01M, Peak:0.01M | Scene, ViewLayer | Updating Meshes Flags
Fra:1 Mem:16.58M (Peak 19.06M) | Time:00:00.00 | Mem:0.01M, Peak:0.01M | Scene, ViewLayer | Updating Objects
Fra:1 Mem:16.58M (Peak 19.06M) | Time:00:00.00 | Mem:0.01M, Peak:0.01M | Scene, ViewLayer | Updating Objects | Copying Transformations to device
Fra:1 Mem:16.59M (Peak 19.06M) | Time:00:00.00 | Mem:0.02M, Peak:0.02M | Scene, ViewLayer | Updating Objects | Applying Static Transformations
Fra:1 Mem:16.59M (Peak 19.06M) | Time:00:00.00 | Mem:0.02M, Peak:0.02M | Scene, ViewLayer | Updating Particle Systems
Fra:1 Mem:16.59M (Peak 19.06M) | Time:00:00.00 | Mem:0.02M, Peak:0.02M | Scene, ViewLayer | Updating Particle Systems | Copying Particles to device
Fra:1 Mem:16.59M (Peak 19.06M) | Time:00:00.00 | Mem:0.02M, Peak:0.02M | Scene, ViewLayer | Updating Meshes
Fra:1 Mem:16.64M (Peak 19.06M) | Time:00:00.00 | Mem:0.02M, Peak:0.02M | Scene, ViewLayer | Updating Mesh | Computing attributes
Fra:1 Mem:16.79M (Peak 19.06M) | Time:00:00.00 | Mem:0.02M, Peak:0.02M | Scene, ViewLayer | Updating Mesh | Copying Attributes to device
Fra:1 Mem:16.78M (Peak 19.06M) | Time:00:00.00 | Mem:0.16M, Peak:0.16M | Scene, ViewLayer | Updating Scene BVH | Building
Fra:1 Mem:16.78M (Peak 19.06M) | Time:00:00.00 | Mem:0.16M, Peak:0.16M | Scene, ViewLayer | Updating Scene BVH | Building BVH
Fra:1 Mem:16.78M (Peak 19.06M) | Time:00:00.00 | Mem:0.26M, Peak:0.26M | Scene, ViewLayer | Updating Scene BVH | Building BVH 0%
Fra:1 Mem:16.78M (Peak 19.06M) | Time:00:00.00 | Mem:0.39M, Peak:0.49M | Scene, ViewLayer | Updating Scene BVH | Copying BVH to device
Fra:1 Mem:16.78M (Peak 19.06M) | Time:00:00.00 | Mem:0.39M, Peak:0.49M | Scene, ViewLayer | Updating Mesh | Computing normals
Fra:1 Mem:17.16M (Peak 19.06M) | Time:00:00.00 | Mem:0.39M, Peak:0.49M | Scene, ViewLayer | Updating Mesh | Copying Mesh to device
Fra:1 Mem:17.16M (Peak 19.06M) | Time:00:00.00 | Mem:0.77M, Peak:0.77M | Scene, ViewLayer | Updating Objects Flags
Fra:1 Mem:17.16M (Peak 19.06M) | Time:00:00.00 | Mem:0.77M, Peak:0.77M | Scene, ViewLayer | Updating Primitive Offsets
Fra:1 Mem:17.16M (Peak 19.06M) | Time:00:00.00 | Mem:0.77M, Peak:0.77M | Scene, ViewLayer | Updating Images
Fra:1 Mem:17.16M (Peak 19.06M) | Time:00:00.00 | Mem:0.77M, Peak:0.77M | Scene, ViewLayer | Updating Camera Volume
Fra:1 Mem:17.16M (Peak 19.06M) | Time:00:00.00 | Mem:0.77M, Peak:0.77M | Scene, ViewLayer | Updating Lookup Tables
Fra:1 Mem:17.16M (Peak 19.06M) | Time:00:00.00 | Mem:0.85M, Peak:0.85M | Scene, ViewLayer | Updating Lights
Fra:1 Mem:17.16M (Peak 19.06M) | Time:00:00.00 | Mem:0.85M, Peak:0.85M | Scene, ViewLayer | Updating Lights | Computing tree
Fra:1 Mem:17.16M (Peak 19.06M) | Time:00:00.00 | Mem:0.85M, Peak:0.85M | Scene, ViewLayer | Updating Integrator
Fra:1 Mem:17.16M (Peak 19.06M) | Time:00:00.00 | Mem:0.85M, Peak:0.85M | Scene, ViewLayer | Updating Film
Fra:1 Mem:17.17M (Peak 19.06M) | Time:00:00.00 | Mem:0.77M, Peak:0.85M | Scene, ViewLayer | Updating Lookup Tables
Fra:1 Mem:17.17M (Peak 19.06M) | Time:00:00.00 | Mem:0.85M, Peak:0.85M | Scene, ViewLayer | Updating Baking
Fra:1 Mem:17.17M (Peak 19.06M) | Time:00:00.00 | Mem:0.85M, Peak:0.85M | Scene, ViewLayer | Updating Device | Writing constant memory
Fra:1 Mem:17.17M (Peak 19.06M) | Time:00:00.00 | Mem:0.85M, Peak:0.85M | Scene, ViewLayer | Sample 0/8
Fra:1 Mem:25.97M (Peak 25.97M) | Time:00:00.58 | Remaining:00:04.05 | Mem:9.64M, Peak:9.64M | Scene, ViewLayer | Sample 1/8
Fra:1 Mem:29.87M (Peak 37.69M) | Time:00:04.48 | Mem:9.64M, Peak:9.64M | Scene, ViewLayer | Sample 8/8
Fra:1 Mem:29.87M (Peak 37.69M) | Time:00:04.48 | Mem:9.64M, Peak:9.64M | Scene, ViewLayer | Finished
Saved: '/workspace/scratch/7c20b5ba4165/atlas-backlog-oct3/tools/assets/boardable-metro/qa/previews/middle-entry-left-front.png'
Time: 00:04.53 (Saving: 00:00.04)

Fra:1 Mem:18.49M (Peak 18.49M) | Time:00:00.00 | Mem:0.00M, Peak:0.00M | Scene, ViewLayer | Synchronizing object | body-shell
Fra:1 Mem:18.97M (Peak 18.97M) | Time:00:00.00 | Mem:0.00M, Peak:0.00M | Scene, ViewLayer | Synchronizing object | QA-ground
Fra:1 Mem:19.01M (Peak 19.01M) | Time:00:00.00 | Mem:0.00M, Peak:0.00M | Scene, ViewLayer | Synchronizing object | interior-batch-metro-seat
Fra:1 Mem:18.92M (Peak 19.01M) | Time:00:00.00 | Mem:0.00M, Peak:0.00M | Scene, ViewLayer | Synchronizing object | interior-batch-metro-priority-seat
Fra:1 Mem:18.93M (Peak 19.01M) | Time:00:00.00 | Mem:0.00M, Peak:0.00M | Scene, ViewLayer | Synchronizing object | interior-batch-metro-screen
Fra:1 Mem:18.94M (Peak 19.01M) | Time:00:00.00 | Mem:0.00M, Peak:0.00M | Scene, ViewLayer | Synchronizing object | interior-batch-metro-rail
Fra:1 Mem:18.82M (Peak 19.01M) | Time:00:00.00 | Mem:0.00M, Peak:0.00M | Scene, ViewLayer | Synchronizing object | bogie-front-frame
Fra:1 Mem:18.91M (Peak 19.01M) | Time:00:00.00 | Mem:0.00M, Peak:0.00M | Scene, ViewLayer | Synchronizing object | bogie-rear-frame
Fra:1 Mem:18.91M (Peak 19.01M) | Time:00:00.00 | Mem:0.00M, Peak:0.00M | Scene, ViewLayer | Synchronizing object | door-left-center-a
Fra:1 Mem:18.82M (Peak 19.01M) | Time:00:00.00 | Mem:0.00M, Peak:0.00M | Scene, ViewLayer | Synchronizing object | interior-batch-metro-floor
Fra:1 Mem:18.81M (Peak 19.01M) | Time:00:00.00 | Mem:0.00M, Peak:0.00M | Scene, ViewLayer | Synchronizing object | door-left-center-b
Fra:1 Mem:18.83M (Peak 19.01M) | Time:00:00.00 | Mem:0.00M, Peak:0.00M | Scene, ViewLayer | Synchronizing object | interior-batch-metro-wall
Fra:1 Mem:18.92M (Peak 19.01M) | Time:00:00.00 | Mem:0.00M, Peak:0.00M | Scene, ViewLayer | Synchronizing object | door-left-front-a
Fra:1 Mem:18.91M (Peak 19.01M) | Time:00:00.00 | Mem:0.00M, Peak:0.00M | Scene, ViewLayer | Synchronizing object | door-left-front-b
Fra:1 Mem:18.89M (Peak 19.01M) | Time:00:00.00 | Mem:0.00M, Peak:0.00M | Scene, ViewLayer | Synchronizing object | wheel-rear-rear-right
Fra:1 Mem:18.88M (Peak 19.01M) | Time:00:00.00 | Mem:0.00M, Peak:0.00M | Scene, ViewLayer | Synchronizing object | door-left-rear-a
Fra:1 Mem:18.89M (Peak 19.01M) | Time:00:00.00 | Mem:0.00M, Peak:0.00M | Scene, ViewLayer | Synchronizing object | wheel-rear-rear-left
Fra:1 Mem:18.90M (Peak 19.01M) | Time:00:00.00 | Mem:0.00M, Peak:0.00M | Scene, ViewLayer | Synchronizing object | door-left-rear-b
Fra:1 Mem:18.93M (Peak 19.01M) | Time:00:00.00 | Mem:0.00M, Peak:0.00M | Scene, ViewLayer | Synchronizing object | wheel-rear-front-right
Fra:1 Mem:18.93M (Peak 19.01M) | Time:00:00.00 | Mem:0.00M, Peak:0.00M | Scene, ViewLayer | Synchronizing object | door-right-center-a
Fra:1 Mem:18.95M (Peak 19.01M) | Time:00:00.00 | Mem:0.00M, Peak:0.00M | Scene, ViewLayer | Synchronizing object | wheel-rear-front-left
Fra:1 Mem:18.95M (Peak 19.01M) | Time:00:00.00 | Mem:0.00M, Peak:0.00M | Scene, ViewLayer | Synchronizing object | door-right-center-b
Fra:1 Mem:18.94M (Peak 19.01M) | Time:00:00.00 | Mem:0.00M, Peak:0.00M | Scene, ViewLayer | Synchronizing object | wheel-front-rear-right
Fra:1 Mem:18.97M (Peak 19.01M) | Time:00:00.00 | Mem:0.00M, Peak:0.00M | Scene, ViewLayer | Synchronizing object | door-right-front-a
Fra:1 Mem:18.96M (Peak 19.01M) | Time:00:00.00 | Mem:0.00M, Peak:0.00M | Scene, ViewLayer | Synchronizing object | wheel-front-rear-left
Fra:1 Mem:18.97M (Peak 19.01M) | Time:00:00.00 | Mem:0.00M, Peak:0.00M | Scene, ViewLayer | Synchronizing object | door-right-front-b
Fra:1 Mem:18.98M (Peak 19.01M) | Time:00:00.00 | Mem:0.00M, Peak:0.00M | Scene, ViewLayer | Synchronizing object | door-right-rear-a
Fra:1 Mem:18.99M (Peak 19.01M) | Time:00:00.00 | Mem:0.00M, Peak:0.00M | Scene, ViewLayer | Synchronizing object | door-right-rear-b
Fra:1 Mem:19.00M (Peak 19.01M) | Time:00:00.00 | Mem:0.00M, Peak:0.00M | Scene, ViewLayer | Synchronizing object | glass
Fra:1 Mem:19.05M (Peak 19.05M) | Time:00:00.00 | Mem:0.00M, Peak:0.00M | Scene, ViewLayer | Synchronizing object | wheel-front-front-left
Fra:1 Mem:19.04M (Peak 19.05M) | Time:00:00.00 | Mem:0.00M, Peak:0.00M | Scene, ViewLayer | Initializing
Fra:1 Mem:16.49M (Peak 19.05M) | Time:00:00.00 | Mem:0.00M, Peak:0.00M | Scene, ViewLayer | Waiting for render to start
Fra:1 Mem:16.49M (Peak 19.05M) | Time:00:00.00 | Mem:0.00M, Peak:0.00M | Scene, ViewLayer | Loading render kernels (may take a few minutes the first time)
Fra:1 Mem:16.49M (Peak 19.05M) | Time:00:00.00 | Mem:0.00M, Peak:0.00M | Scene, ViewLayer | Updating Scene
Fra:1 Mem:16.49M (Peak 19.05M) | Time:00:00.00 | Mem:0.00M, Peak:0.00M | Scene, ViewLayer | Updating Shaders
Fra:1 Mem:16.59M (Peak 19.05M) | Time:00:00.00 | Mem:0.01M, Peak:0.01M | Scene, ViewLayer | Updating Procedurals
Fra:1 Mem:16.59M (Peak 19.05M) | Time:00:00.00 | Mem:0.01M, Peak:0.01M | Scene, ViewLayer | Updating Background
Fra:1 Mem:16.59M (Peak 19.05M) | Time:00:00.00 | Mem:0.01M, Peak:0.01M | Scene, ViewLayer | Updating Camera
Fra:1 Mem:16.59M (Peak 19.05M) | Time:00:00.00 | Mem:0.01M, Peak:0.01M | Scene, ViewLayer | Updating Meshes Flags
Fra:1 Mem:16.59M (Peak 19.05M) | Time:00:00.00 | Mem:0.01M, Peak:0.01M | Scene, ViewLayer | Updating Objects
Fra:1 Mem:16.59M (Peak 19.05M) | Time:00:00.00 | Mem:0.01M, Peak:0.01M | Scene, ViewLayer | Updating Objects | Copying Transformations to device
Fra:1 Mem:16.59M (Peak 19.05M) | Time:00:00.00 | Mem:0.02M, Peak:0.02M | Scene, ViewLayer | Updating Objects | Applying Static Transformations
Fra:1 Mem:16.59M (Peak 19.05M) | Time:00:00.00 | Mem:0.02M, Peak:0.02M | Scene, ViewLayer | Updating Particle Systems
Fra:1 Mem:16.59M (Peak 19.05M) | Time:00:00.00 | Mem:0.02M, Peak:0.02M | Scene, ViewLayer | Updating Particle Systems | Copying Particles to device
Fra:1 Mem:16.59M (Peak 19.05M) | Time:00:00.00 | Mem:0.02M, Peak:0.02M | Scene, ViewLayer | Updating Meshes
Fra:1 Mem:16.64M (Peak 19.05M) | Time:00:00.00 | Mem:0.02M, Peak:0.02M | Scene, ViewLayer | Updating Mesh | Computing attributes
Fra:1 Mem:16.79M (Peak 19.05M) | Time:00:00.00 | Mem:0.02M, Peak:0.02M | Scene, ViewLayer | Updating Mesh | Copying Attributes to device
Fra:1 Mem:16.78M (Peak 19.05M) | Time:00:00.00 | Mem:0.16M, Peak:0.16M | Scene, ViewLayer | Updating Scene BVH | Building
Fra:1 Mem:16.78M (Peak 19.05M) | Time:00:00.00 | Mem:0.16M, Peak:0.16M | Scene, ViewLayer | Updating Scene BVH | Building BVH
Fra:1 Mem:16.78M (Peak 19.05M) | Time:00:00.00 | Mem:0.26M, Peak:0.26M | Scene, ViewLayer | Updating Scene BVH | Building BVH 0%
Fra:1 Mem:16.78M (Peak 19.05M) | Time:00:00.00 | Mem:0.39M, Peak:0.49M | Scene, ViewLayer | Updating Scene BVH | Copying BVH to device
Fra:1 Mem:16.78M (Peak 19.05M) | Time:00:00.00 | Mem:0.39M, Peak:0.49M | Scene, ViewLayer | Updating Mesh | Computing normals
Fra:1 Mem:17.16M (Peak 19.05M) | Time:00:00.00 | Mem:0.39M, Peak:0.49M | Scene, ViewLayer | Updating Mesh | Copying Mesh to device
Fra:1 Mem:17.16M (Peak 19.05M) | Time:00:00.00 | Mem:0.77M, Peak:0.77M | Scene, ViewLayer | Updating Objects Flags
Fra:1 Mem:17.16M (Peak 19.05M) | Time:00:00.00 | Mem:0.77M, Peak:0.77M | Scene, ViewLayer | Updating Primitive Offsets
Fra:1 Mem:17.16M (Peak 19.05M) | Time:00:00.00 | Mem:0.77M, Peak:0.77M | Scene, ViewLayer | Updating Images
Fra:1 Mem:17.16M (Peak 19.05M) | Time:00:00.00 | Mem:0.77M, Peak:0.77M | Scene, ViewLayer | Updating Camera Volume
Fra:1 Mem:17.16M (Peak 19.05M) | Time:00:00.00 | Mem:0.77M, Peak:0.77M | Scene, ViewLayer | Updating Lookup Tables
Fra:1 Mem:17.16M (Peak 19.05M) | Time:00:00.00 | Mem:0.85M, Peak:0.85M | Scene, ViewLayer | Updating Lights
Fra:1 Mem:17.16M (Peak 19.05M) | Time:00:00.00 | Mem:0.85M, Peak:0.85M | Scene, ViewLayer | Updating Lights | Computing tree
Fra:1 Mem:17.16M (Peak 19.05M) | Time:00:00.00 | Mem:0.85M, Peak:0.85M | Scene, ViewLayer | Updating Integrator
Fra:1 Mem:17.16M (Peak 19.05M) | Time:00:00.00 | Mem:0.85M, Peak:0.85M | Scene, ViewLayer | Updating Film
Fra:1 Mem:17.17M (Peak 19.05M) | Time:00:00.00 | Mem:0.77M, Peak:0.85M | Scene, ViewLayer | Updating Lookup Tables
Fra:1 Mem:17.17M (Peak 19.05M) | Time:00:00.00 | Mem:0.85M, Peak:0.85M | Scene, ViewLayer | Updating Baking
Fra:1 Mem:17.17M (Peak 19.05M) | Time:00:00.00 | Mem:0.85M, Peak:0.85M | Scene, ViewLayer | Updating Device | Writing constant memory
Fra:1 Mem:17.17M (Peak 19.05M) | Time:00:00.00 | Mem:0.85M, Peak:0.85M | Scene, ViewLayer | Sample 0/8
Fra:1 Mem:25.97M (Peak 25.97M) | Time:00:00.53 | Remaining:00:03.69 | Mem:9.64M, Peak:9.64M | Scene, ViewLayer | Sample 1/8
Fra:1 Mem:29.87M (Peak 37.69M) | Time:00:04.09 | Mem:9.64M, Peak:9.64M | Scene, ViewLayer | Sample 8/8
Fra:1 Mem:29.87M (Peak 37.69M) | Time:00:04.09 | Mem:9.64M, Peak:9.64M | Scene, ViewLayer | Finished
Saved: '/workspace/scratch/7c20b5ba4165/atlas-backlog-oct3/tools/assets/boardable-metro/qa/previews/middle-seat-right-01-eye.png'
Time: 00:04.13 (Saving: 00:00.04)

Fra:1 Mem:18.49M (Peak 18.49M) | Time:00:00.00 | Mem:0.00M, Peak:0.00M | Scene, ViewLayer | Synchronizing object | body-shell
Fra:1 Mem:18.90M (Peak 18.90M) | Time:00:00.00 | Mem:0.00M, Peak:0.00M | Scene, ViewLayer | Synchronizing object | QA-ground
Fra:1 Mem:18.90M (Peak 18.90M) | Time:00:00.00 | Mem:0.00M, Peak:0.00M | Scene, ViewLayer | Synchronizing object | interior-batch-metro-seat
Fra:1 Mem:18.74M (Peak 18.90M) | Time:00:00.00 | Mem:0.00M, Peak:0.00M | Scene, ViewLayer | Synchronizing object | interior-batch-metro-priority-seat
Fra:1 Mem:18.93M (Peak 18.93M) | Time:00:00.00 | Mem:0.00M, Peak:0.00M | Scene, ViewLayer | Synchronizing object | interior-batch-metro-screen
Fra:1 Mem:18.94M (Peak 18.94M) | Time:00:00.00 | Mem:0.00M, Peak:0.00M | Scene, ViewLayer | Synchronizing object | interior-batch-metro-rail
Fra:1 Mem:18.82M (Peak 18.94M) | Time:00:00.00 | Mem:0.00M, Peak:0.00M | Scene, ViewLayer | Synchronizing object | bogie-front-frame
Fra:1 Mem:18.91M (Peak 18.94M) | Time:00:00.00 | Mem:0.00M, Peak:0.00M | Scene, ViewLayer | Synchronizing object | bogie-rear-frame
Fra:1 Mem:18.91M (Peak 18.94M) | Time:00:00.00 | Mem:0.00M, Peak:0.00M | Scene, ViewLayer | Synchronizing object | door-left-center-a
Fra:1 Mem:18.91M (Peak 18.94M) | Time:00:00.00 | Mem:0.00M, Peak:0.00M | Scene, ViewLayer | Synchronizing object | door-left-center-b
Fra:1 Mem:18.82M (Peak 18.94M) | Time:00:00.00 | Mem:0.00M, Peak:0.00M | Scene, ViewLayer | Synchronizing object | interior-batch-metro-floor
Fra:1 Mem:18.82M (Peak 18.94M) | Time:00:00.00 | Mem:0.00M, Peak:0.00M | Scene, ViewLayer | Synchronizing object | door-left-front-a
Fra:1 Mem:18.83M (Peak 18.94M) | Time:00:00.00 | Mem:0.00M, Peak:0.00M | Scene, ViewLayer | Synchronizing object | interior-batch-metro-wall
Fra:1 Mem:18.91M (Peak 18.94M) | Time:00:00.00 | Mem:0.00M, Peak:0.00M | Scene, ViewLayer | Synchronizing object | door-left-front-b
Fra:1 Mem:18.88M (Peak 18.94M) | Time:00:00.00 | Mem:0.00M, Peak:0.00M | Scene, ViewLayer | Synchronizing object | door-left-rear-a
Fra:1 Mem:18.88M (Peak 18.94M) | Time:00:00.00 | Mem:0.00M, Peak:0.00M | Scene, ViewLayer | Synchronizing object | wheel-rear-rear-right
Fra:1 Mem:18.91M (Peak 18.94M) | Time:00:00.00 | Mem:0.00M, Peak:0.00M | Scene, ViewLayer | Synchronizing object | door-left-rear-b
Fra:1 Mem:18.91M (Peak 18.94M) | Time:00:00.00 | Mem:0.00M, Peak:0.00M | Scene, ViewLayer | Synchronizing object | wheel-rear-rear-left
Fra:1 Mem:18.90M (Peak 18.94M) | Time:00:00.00 | Mem:0.00M, Peak:0.00M | Scene, ViewLayer | Synchronizing object | door-right-center-a
Fra:1 Mem:18.93M (Peak 18.94M) | Time:00:00.00 | Mem:0.00M, Peak:0.00M | Scene, ViewLayer | Synchronizing object | wheel-rear-front-right
Fra:1 Mem:18.92M (Peak 18.94M) | Time:00:00.00 | Mem:0.00M, Peak:0.00M | Scene, ViewLayer | Synchronizing object | door-right-center-b
Fra:1 Mem:18.94M (Peak 18.94M) | Time:00:00.00 | Mem:0.00M, Peak:0.00M | Scene, ViewLayer | Synchronizing object | door-right-front-a
Fra:1 Mem:18.94M (Peak 18.94M) | Time:00:00.00 | Mem:0.00M, Peak:0.00M | Scene, ViewLayer | Synchronizing object | wheel-rear-front-left
Fra:1 Mem:18.97M (Peak 18.97M) | Time:00:00.00 | Mem:0.00M, Peak:0.00M | Scene, ViewLayer | Synchronizing object | door-right-front-b
Fra:1 Mem:18.98M (Peak 18.98M) | Time:00:00.00 | Mem:0.00M, Peak:0.00M | Scene, ViewLayer | Synchronizing object | wheel-front-rear-right
Fra:1 Mem:18.99M (Peak 18.99M) | Time:00:00.00 | Mem:0.00M, Peak:0.00M | Scene, ViewLayer | Synchronizing object | door-right-rear-a
Fra:1 Mem:19.01M (Peak 19.01M) | Time:00:00.00 | Mem:0.00M, Peak:0.00M | Scene, ViewLayer | Synchronizing object | wheel-front-rear-left
Fra:1 Mem:19.00M (Peak 19.01M) | Time:00:00.00 | Mem:0.00M, Peak:0.00M | Scene, ViewLayer | Synchronizing object | door-right-rear-b
Fra:1 Mem:19.03M (Peak 19.03M) | Time:00:00.00 | Mem:0.00M, Peak:0.00M | Scene, ViewLayer | Synchronizing object | wheel-front-front-right
Fra:1 Mem:19.03M (Peak 19.03M) | Time:00:00.00 | Mem:0.00M, Peak:0.00M | Scene, ViewLayer | Synchronizing object | glass
Fra:1 Mem:19.07M (Peak 19.07M) | Time:00:00.00 | Mem:0.00M, Peak:0.00M | Scene, ViewLayer | Synchronizing object | wheel-front-front-left
Fra:1 Mem:19.04M (Peak 19.07M) | Time:00:00.00 | Mem:0.00M, Peak:0.00M | Scene, ViewLayer | Initializing
Fra:1 Mem:16.49M (Peak 19.07M) | Time:00:00.00 | Mem:0.00M, Peak:0.00M | Scene, ViewLayer | Waiting for render to start
Fra:1 Mem:16.50M (Peak 19.07M) | Time:00:00.00 | Mem:0.00M, Peak:0.00M | Scene, ViewLayer | Loading render kernels (may take a few minutes the first time)
Fra:1 Mem:16.50M (Peak 19.07M) | Time:00:00.00 | Mem:0.00M, Peak:0.00M | Scene, ViewLayer | Updating Scene
Fra:1 Mem:16.50M (Peak 19.07M) | Time:00:00.00 | Mem:0.00M, Peak:0.00M | Scene, ViewLayer | Updating Shaders
Fra:1 Mem:16.59M (Peak 19.07M) | Time:00:00.00 | Mem:0.01M, Peak:0.01M | Scene, ViewLayer | Updating Procedurals
Fra:1 Mem:16.59M (Peak 19.07M) | Time:00:00.00 | Mem:0.01M, Peak:0.01M | Scene, ViewLayer | Updating Background
Fra:1 Mem:16.59M (Peak 19.07M) | Time:00:00.00 | Mem:0.01M, Peak:0.01M | Scene, ViewLayer | Updating Camera
Fra:1 Mem:16.59M (Peak 19.07M) | Time:00:00.00 | Mem:0.01M, Peak:0.01M | Scene, ViewLayer | Updating Meshes Flags
Fra:1 Mem:16.59M (Peak 19.07M) | Time:00:00.00 | Mem:0.01M, Peak:0.01M | Scene, ViewLayer | Updating Objects
Fra:1 Mem:16.59M (Peak 19.07M) | Time:00:00.00 | Mem:0.01M, Peak:0.01M | Scene, ViewLayer | Updating Objects | Copying Transformations to device
Fra:1 Mem:16.59M (Peak 19.07M) | Time:00:00.00 | Mem:0.02M, Peak:0.02M | Scene, ViewLayer | Updating Objects | Applying Static Transformations
Fra:1 Mem:16.59M (Peak 19.07M) | Time:00:00.00 | Mem:0.02M, Peak:0.02M | Scene, ViewLayer | Updating Particle Systems
Fra:1 Mem:16.59M (Peak 19.07M) | Time:00:00.00 | Mem:0.02M, Peak:0.02M | Scene, ViewLayer | Updating Particle Systems | Copying Particles to device
Fra:1 Mem:16.59M (Peak 19.07M) | Time:00:00.00 | Mem:0.02M, Peak:0.02M | Scene, ViewLayer | Updating Meshes
Fra:1 Mem:16.65M (Peak 19.07M) | Time:00:00.00 | Mem:0.02M, Peak:0.02M | Scene, ViewLayer | Updating Mesh | Computing attributes
Fra:1 Mem:16.79M (Peak 19.07M) | Time:00:00.00 | Mem:0.02M, Peak:0.02M | Scene, ViewLayer | Updating Mesh | Copying Attributes to device
Fra:1 Mem:16.79M (Peak 19.07M) | Time:00:00.00 | Mem:0.16M, Peak:0.16M | Scene, ViewLayer | Updating Scene BVH | Building
Fra:1 Mem:16.79M (Peak 19.07M) | Time:00:00.00 | Mem:0.16M, Peak:0.16M | Scene, ViewLayer | Updating Scene BVH | Building BVH
Fra:1 Mem:16.79M (Peak 19.07M) | Time:00:00.00 | Mem:0.26M, Peak:0.26M | Scene, ViewLayer | Updating Scene BVH | Building BVH 0%
Fra:1 Mem:16.79M (Peak 19.07M) | Time:00:00.00 | Mem:0.39M, Peak:0.49M | Scene, ViewLayer | Updating Scene BVH | Copying BVH to device
Fra:1 Mem:16.79M (Peak 19.07M) | Time:00:00.00 | Mem:0.39M, Peak:0.49M | Scene, ViewLayer | Updating Mesh | Computing normals
Fra:1 Mem:17.16M (Peak 19.07M) | Time:00:00.00 | Mem:0.39M, Peak:0.49M | Scene, ViewLayer | Updating Mesh | Copying Mesh to device
Fra:1 Mem:17.16M (Peak 19.07M) | Time:00:00.00 | Mem:0.77M, Peak:0.77M | Scene, ViewLayer | Updating Objects Flags
Fra:1 Mem:17.16M (Peak 19.07M) | Time:00:00.00 | Mem:0.77M, Peak:0.77M | Scene, ViewLayer | Updating Primitive Offsets
Fra:1 Mem:17.16M (Peak 19.07M) | Time:00:00.00 | Mem:0.77M, Peak:0.77M | Scene, ViewLayer | Updating Images
Fra:1 Mem:17.16M (Peak 19.07M) | Time:00:00.00 | Mem:0.77M, Peak:0.77M | Scene, ViewLayer | Updating Camera Volume
Fra:1 Mem:17.16M (Peak 19.07M) | Time:00:00.00 | Mem:0.77M, Peak:0.77M | Scene, ViewLayer | Updating Lookup Tables
Fra:1 Mem:17.16M (Peak 19.07M) | Time:00:00.00 | Mem:0.85M, Peak:0.85M | Scene, ViewLayer | Updating Lights
Fra:1 Mem:17.17M (Peak 19.07M) | Time:00:00.00 | Mem:0.85M, Peak:0.85M | Scene, ViewLayer | Updating Lights | Computing tree
Fra:1 Mem:17.17M (Peak 19.07M) | Time:00:00.00 | Mem:0.85M, Peak:0.85M | Scene, ViewLayer | Updating Integrator
Fra:1 Mem:17.17M (Peak 19.07M) | Time:00:00.00 | Mem:0.85M, Peak:0.85M | Scene, ViewLayer | Updating Film
Fra:1 Mem:17.17M (Peak 19.07M) | Time:00:00.00 | Mem:0.77M, Peak:0.85M | Scene, ViewLayer | Updating Lookup Tables
Fra:1 Mem:17.17M (Peak 19.07M) | Time:00:00.00 | Mem:0.85M, Peak:0.85M | Scene, ViewLayer | Updating Baking
Fra:1 Mem:17.17M (Peak 19.07M) | Time:00:00.00 | Mem:0.85M, Peak:0.85M | Scene, ViewLayer | Updating Device | Writing constant memory
Fra:1 Mem:17.17M (Peak 19.07M) | Time:00:00.00 | Mem:0.85M, Peak:0.85M | Scene, ViewLayer | Sample 0/8
Fra:1 Mem:25.97M (Peak 25.97M) | Time:00:00.64 | Remaining:00:04.48 | Mem:9.64M, Peak:9.64M | Scene, ViewLayer | Sample 1/8
Fra:1 Mem:29.87M (Peak 37.69M) | Time:00:04.94 | Mem:9.64M, Peak:9.64M | Scene, ViewLayer | Sample 8/8
Fra:1 Mem:29.87M (Peak 37.69M) | Time:00:04.94 | Mem:9.64M, Peak:9.64M | Scene, ViewLayer | Finished
Saved: '/workspace/scratch/7c20b5ba4165/atlas-backlog-oct3/tools/assets/boardable-metro/qa/previews/middle-seat-right-02-eye.png'
Time: 00:04.98 (Saving: 00:00.04)

Fra:1 Mem:18.49M (Peak 18.49M) | Time:00:00.00 | Mem:0.00M, Peak:0.00M | Scene, ViewLayer | Synchronizing object | body-shell
Fra:1 Mem:18.98M (Peak 18.98M) | Time:00:00.00 | Mem:0.00M, Peak:0.00M | Scene, ViewLayer | Synchronizing object | QA-ground
Fra:1 Mem:18.99M (Peak 18.99M) | Time:00:00.00 | Mem:0.00M, Peak:0.00M | Scene, ViewLayer | Synchronizing object | interior-batch-metro-seat
Fra:1 Mem:18.93M (Peak 18.99M) | Time:00:00.00 | Mem:0.00M, Peak:0.00M | Scene, ViewLayer | Synchronizing object | interior-batch-metro-priority-seat
Fra:1 Mem:18.93M (Peak 18.99M) | Time:00:00.00 | Mem:0.00M, Peak:0.00M | Scene, ViewLayer | Synchronizing object | interior-batch-metro-screen
Fra:1 Mem:18.82M (Peak 18.99M) | Time:00:00.00 | Mem:0.00M, Peak:0.00M | Scene, ViewLayer | Synchronizing object | interior-batch-metro-rail
Fra:1 Mem:18.79M (Peak 18.99M) | Time:00:00.00 | Mem:0.00M, Peak:0.00M | Scene, ViewLayer | Synchronizing object | bogie-front-frame
Fra:1 Mem:18.82M (Peak 18.99M) | Time:00:00.00 | Mem:0.00M, Peak:0.00M | Scene, ViewLayer | Synchronizing object | bogie-rear-frame
Fra:1 Mem:18.84M (Peak 18.99M) | Time:00:00.00 | Mem:0.00M, Peak:0.00M | Scene, ViewLayer | Synchronizing object | door-left-center-a
Fra:1 Mem:18.92M (Peak 18.99M) | Time:00:00.00 | Mem:0.00M, Peak:0.00M | Scene, ViewLayer | Synchronizing object | door-left-center-b
Fra:1 Mem:18.92M (Peak 18.99M) | Time:00:00.00 | Mem:0.00M, Peak:0.00M | Scene, ViewLayer | Synchronizing object | door-left-front-a
Fra:1 Mem:18.84M (Peak 18.99M) | Time:00:00.00 | Mem:0.00M, Peak:0.00M | Scene, ViewLayer | Synchronizing object | interior-batch-metro-floor
Fra:1 Mem:18.84M (Peak 18.99M) | Time:00:00.00 | Mem:0.00M, Peak:0.00M | Scene, ViewLayer | Synchronizing object | door-left-front-b
Fra:1 Mem:18.86M (Peak 18.99M) | Time:00:00.00 | Mem:0.00M, Peak:0.00M | Scene, ViewLayer | Synchronizing object | interior-batch-metro-wall
Fra:1 Mem:18.92M (Peak 18.99M) | Time:00:00.00 | Mem:0.00M, Peak:0.00M | Scene, ViewLayer | Synchronizing object | door-left-rear-a
Fra:1 Mem:18.89M (Peak 18.99M) | Time:00:00.00 | Mem:0.00M, Peak:0.00M | Scene, ViewLayer | Synchronizing object | door-left-rear-b
Fra:1 Mem:18.94M (Peak 18.99M) | Time:00:00.00 | Mem:0.00M, Peak:0.00M | Scene, ViewLayer | Synchronizing object | door-right-center-a
Fra:1 Mem:18.92M (Peak 18.99M) | Time:00:00.00 | Mem:0.00M, Peak:0.00M | Scene, ViewLayer | Synchronizing object | wheel-rear-rear-right
Fra:1 Mem:18.91M (Peak 18.99M) | Time:00:00.00 | Mem:0.00M, Peak:0.00M | Scene, ViewLayer | Synchronizing object | door-right-center-b
Fra:1 Mem:18.93M (Peak 18.99M) | Time:00:00.00 | Mem:0.00M, Peak:0.00M | Scene, ViewLayer | Synchronizing object | wheel-rear-rear-left
Fra:1 Mem:18.95M (Peak 18.99M) | Time:00:00.00 | Mem:0.00M, Peak:0.00M | Scene, ViewLayer | Synchronizing object | door-right-front-a
Fra:1 Mem:18.94M (Peak 18.99M) | Time:00:00.00 | Mem:0.00M, Peak:0.00M | Scene, ViewLayer | Synchronizing object | wheel-rear-front-right
Fra:1 Mem:18.97M (Peak 18.99M) | Time:00:00.00 | Mem:0.00M, Peak:0.00M | Scene, ViewLayer | Synchronizing object | door-right-front-b
Fra:1 Mem:18.96M (Peak 18.99M) | Time:00:00.00 | Mem:0.00M, Peak:0.00M | Scene, ViewLayer | Synchronizing object | wheel-rear-front-left
Fra:1 Mem:18.99M (Peak 18.99M) | Time:00:00.00 | Mem:0.00M, Peak:0.00M | Scene, ViewLayer | Synchronizing object | door-right-rear-a
Fra:1 Mem:18.99M (Peak 18.99M) | Time:00:00.00 | Mem:0.00M, Peak:0.00M | Scene, ViewLayer | Synchronizing object | wheel-front-rear-right
Fra:1 Mem:19.00M (Peak 19.00M) | Time:00:00.00 | Mem:0.00M, Peak:0.00M | Scene, ViewLayer | Synchronizing object | door-right-rear-b
Fra:1 Mem:19.01M (Peak 19.01M) | Time:00:00.00 | Mem:0.00M, Peak:0.00M | Scene, ViewLayer | Synchronizing object | wheel-front-rear-left
Fra:1 Mem:19.00M (Peak 19.01M) | Time:00:00.00 | Mem:0.00M, Peak:0.00M | Scene, ViewLayer | Synchronizing object | glass
Fra:1 Mem:19.08M (Peak 19.08M) | Time:00:00.00 | Mem:0.00M, Peak:0.00M | Scene, ViewLayer | Synchronizing object | wheel-front-front-right
Fra:1 Mem:19.09M (Peak 19.09M) | Time:00:00.00 | Mem:0.00M, Peak:0.00M | Scene, ViewLayer | Synchronizing object | wheel-front-front-left
Fra:1 Mem:19.05M (Peak 19.09M) | Time:00:00.00 | Mem:0.00M, Peak:0.00M | Scene, ViewLayer | Initializing
Fra:1 Mem:16.50M (Peak 19.09M) | Time:00:00.00 | Mem:0.00M, Peak:0.00M | Scene, ViewLayer | Waiting for render to start
Fra:1 Mem:16.50M (Peak 19.09M) | Time:00:00.00 | Mem:0.00M, Peak:0.00M | Scene, ViewLayer | Loading render kernels (may take a few minutes the first time)
Fra:1 Mem:16.50M (Peak 19.09M) | Time:00:00.00 | Mem:0.00M, Peak:0.00M | Scene, ViewLayer | Updating Scene
Fra:1 Mem:16.50M (Peak 19.09M) | Time:00:00.00 | Mem:0.00M, Peak:0.00M | Scene, ViewLayer | Updating Shaders
Fra:1 Mem:16.59M (Peak 19.09M) | Time:00:00.00 | Mem:0.01M, Peak:0.01M | Scene, ViewLayer | Updating Procedurals
Fra:1 Mem:16.59M (Peak 19.09M) | Time:00:00.00 | Mem:0.01M, Peak:0.01M | Scene, ViewLayer | Updating Background
Fra:1 Mem:16.59M (Peak 19.09M) | Time:00:00.00 | Mem:0.01M, Peak:0.01M | Scene, ViewLayer | Updating Camera
Fra:1 Mem:16.59M (Peak 19.09M) | Time:00:00.00 | Mem:0.01M, Peak:0.01M | Scene, ViewLayer | Updating Meshes Flags
Fra:1 Mem:16.59M (Peak 19.09M) | Time:00:00.00 | Mem:0.01M, Peak:0.01M | Scene, ViewLayer | Updating Objects
Fra:1 Mem:16.59M (Peak 19.09M) | Time:00:00.00 | Mem:0.01M, Peak:0.01M | Scene, ViewLayer | Updating Objects | Copying Transformations to device
Fra:1 Mem:16.60M (Peak 19.09M) | Time:00:00.00 | Mem:0.02M, Peak:0.02M | Scene, ViewLayer | Updating Objects | Applying Static Transformations
Fra:1 Mem:16.60M (Peak 19.09M) | Time:00:00.00 | Mem:0.02M, Peak:0.02M | Scene, ViewLayer | Updating Particle Systems
Fra:1 Mem:16.60M (Peak 19.09M) | Time:00:00.00 | Mem:0.02M, Peak:0.02M | Scene, ViewLayer | Updating Particle Systems | Copying Particles to device
Fra:1 Mem:16.60M (Peak 19.09M) | Time:00:00.00 | Mem:0.02M, Peak:0.02M | Scene, ViewLayer | Updating Meshes
Fra:1 Mem:16.65M (Peak 19.09M) | Time:00:00.00 | Mem:0.02M, Peak:0.02M | Scene, ViewLayer | Updating Mesh | Computing attributes
Fra:1 Mem:16.79M (Peak 19.09M) | Time:00:00.00 | Mem:0.02M, Peak:0.02M | Scene, ViewLayer | Updating Mesh | Copying Attributes to device
Fra:1 Mem:16.79M (Peak 19.09M) | Time:00:00.00 | Mem:0.16M, Peak:0.16M | Scene, ViewLayer | Updating Scene BVH | Building
Fra:1 Mem:16.79M (Peak 19.09M) | Time:00:00.00 | Mem:0.16M, Peak:0.16M | Scene, ViewLayer | Updating Scene BVH | Building BVH
Fra:1 Mem:16.79M (Peak 19.09M) | Time:00:00.00 | Mem:0.26M, Peak:0.26M | Scene, ViewLayer | Updating Scene BVH | Building BVH 0%
Fra:1 Mem:16.79M (Peak 19.09M) | Time:00:00.00 | Mem:0.39M, Peak:0.49M | Scene, ViewLayer | Updating Scene BVH | Copying BVH to device
Fra:1 Mem:16.79M (Peak 19.09M) | Time:00:00.00 | Mem:0.39M, Peak:0.49M | Scene, ViewLayer | Updating Mesh | Computing normals
Fra:1 Mem:17.17M (Peak 19.09M) | Time:00:00.00 | Mem:0.39M, Peak:0.49M | Scene, ViewLayer | Updating Mesh | Copying Mesh to device
Fra:1 Mem:17.17M (Peak 19.09M) | Time:00:00.00 | Mem:0.77M, Peak:0.77M | Scene, ViewLayer | Updating Objects Flags
Fra:1 Mem:17.17M (Peak 19.09M) | Time:00:00.00 | Mem:0.77M, Peak:0.77M | Scene, ViewLayer | Updating Primitive Offsets
Fra:1 Mem:17.17M (Peak 19.09M) | Time:00:00.00 | Mem:0.77M, Peak:0.77M | Scene, ViewLayer | Updating Images
Fra:1 Mem:17.17M (Peak 19.09M) | Time:00:00.00 | Mem:0.77M, Peak:0.77M | Scene, ViewLayer | Updating Camera Volume
Fra:1 Mem:17.17M (Peak 19.09M) | Time:00:00.00 | Mem:0.77M, Peak:0.77M | Scene, ViewLayer | Updating Lookup Tables
Fra:1 Mem:17.17M (Peak 19.09M) | Time:00:00.00 | Mem:0.85M, Peak:0.85M | Scene, ViewLayer | Updating Lights
Fra:1 Mem:17.17M (Peak 19.09M) | Time:00:00.00 | Mem:0.85M, Peak:0.85M | Scene, ViewLayer | Updating Lights | Computing tree
Fra:1 Mem:17.17M (Peak 19.09M) | Time:00:00.00 | Mem:0.85M, Peak:0.85M | Scene, ViewLayer | Updating Integrator
Fra:1 Mem:17.17M (Peak 19.09M) | Time:00:00.00 | Mem:0.85M, Peak:0.85M | Scene, ViewLayer | Updating Film
Fra:1 Mem:17.17M (Peak 19.09M) | Time:00:00.00 | Mem:0.77M, Peak:0.85M | Scene, ViewLayer | Updating Lookup Tables
Fra:1 Mem:17.17M (Peak 19.09M) | Time:00:00.00 | Mem:0.85M, Peak:0.85M | Scene, ViewLayer | Updating Baking
Fra:1 Mem:17.17M (Peak 19.09M) | Time:00:00.00 | Mem:0.85M, Peak:0.85M | Scene, ViewLayer | Updating Device | Writing constant memory
Fra:1 Mem:17.17M (Peak 19.09M) | Time:00:00.00 | Mem:0.85M, Peak:0.85M | Scene, ViewLayer | Sample 0/8
Fra:1 Mem:25.97M (Peak 25.97M) | Time:00:00.57 | Remaining:00:03.96 | Mem:9.64M, Peak:9.64M | Scene, ViewLayer | Sample 1/8
Fra:1 Mem:29.88M (Peak 37.69M) | Time:00:04.46 | Mem:9.64M, Peak:9.64M | Scene, ViewLayer | Sample 8/8
Fra:1 Mem:29.88M (Peak 37.69M) | Time:00:04.46 | Mem:9.64M, Peak:9.64M | Scene, ViewLayer | Finished
Saved: '/workspace/scratch/7c20b5ba4165/atlas-backlog-oct3/tools/assets/boardable-metro/qa/previews/middle-seat-right-03-eye.png'
Time: 00:04.50 (Saving: 00:00.03)

Fra:1 Mem:18.49M (Peak 18.49M) | Time:00:00.00 | Mem:0.00M, Peak:0.00M | Scene, ViewLayer | Synchronizing object | body-shell
Fra:1 Mem:18.98M (Peak 18.98M) | Time:00:00.00 | Mem:0.00M, Peak:0.00M | Scene, ViewLayer | Synchronizing object | QA-ground
Fra:1 Mem:19.01M (Peak 19.01M) | Time:00:00.00 | Mem:0.00M, Peak:0.00M | Scene, ViewLayer | Synchronizing object | interior-batch-metro-seat
Fra:1 Mem:18.93M (Peak 19.01M) | Time:00:00.00 | Mem:0.00M, Peak:0.00M | Scene, ViewLayer | Synchronizing object | interior-batch-metro-priority-seat
Fra:1 Mem:18.93M (Peak 19.01M) | Time:00:00.00 | Mem:0.00M, Peak:0.00M | Scene, ViewLayer | Synchronizing object | interior-batch-metro-screen
Fra:1 Mem:18.87M (Peak 19.01M) | Time:00:00.00 | Mem:0.00M, Peak:0.00M | Scene, ViewLayer | Synchronizing object | interior-batch-metro-rail
Fra:1 Mem:18.77M (Peak 19.01M) | Time:00:00.00 | Mem:0.00M, Peak:0.00M | Scene, ViewLayer | Synchronizing object | bogie-front-frame
Fra:1 Mem:18.82M (Peak 19.01M) | Time:00:00.00 | Mem:0.00M, Peak:0.00M | Scene, ViewLayer | Synchronizing object | bogie-rear-frame
Fra:1 Mem:18.91M (Peak 19.01M) | Time:00:00.00 | Mem:0.00M, Peak:0.00M | Scene, ViewLayer | Synchronizing object | door-left-center-a
Fra:1 Mem:18.92M (Peak 19.01M) | Time:00:00.00 | Mem:0.00M, Peak:0.00M | Scene, ViewLayer | Synchronizing object | door-left-center-b
Fra:1 Mem:18.88M (Peak 19.01M) | Time:00:00.00 | Mem:0.00M, Peak:0.00M | Scene, ViewLayer | Synchronizing object | door-left-front-a
Fra:1 Mem:18.85M (Peak 19.01M) | Time:00:00.00 | Mem:0.00M, Peak:0.00M | Scene, ViewLayer | Synchronizing object | interior-batch-metro-floor
Fra:1 Mem:18.84M (Peak 19.01M) | Time:00:00.00 | Mem:0.00M, Peak:0.00M | Scene, ViewLayer | Synchronizing object | door-left-front-b
Fra:1 Mem:18.86M (Peak 19.01M) | Time:00:00.00 | Mem:0.00M, Peak:0.00M | Scene, ViewLayer | Synchronizing object | interior-batch-metro-wall
Fra:1 Mem:18.92M (Peak 19.01M) | Time:00:00.00 | Mem:0.00M, Peak:0.00M | Scene, ViewLayer | Synchronizing object | door-left-rear-a
Fra:1 Mem:18.90M (Peak 19.01M) | Time:00:00.00 | Mem:0.00M, Peak:0.00M | Scene, ViewLayer | Synchronizing object | door-left-rear-b
Fra:1 Mem:18.89M (Peak 19.01M) | Time:00:00.00 | Mem:0.00M, Peak:0.00M | Scene, ViewLayer | Synchronizing object | wheel-rear-rear-right
Fra:1 Mem:18.92M (Peak 19.01M) | Time:00:00.00 | Mem:0.00M, Peak:0.00M | Scene, ViewLayer | Synchronizing object | door-right-center-a
Fra:1 Mem:18.92M (Peak 19.01M) | Time:00:00.00 | Mem:0.00M, Peak:0.00M | Scene, ViewLayer | Synchronizing object | wheel-rear-rear-left
Fra:1 Mem:18.92M (Peak 19.01M) | Time:00:00.00 | Mem:0.00M, Peak:0.00M | Scene, ViewLayer | Synchronizing object | door-right-center-b
Fra:1 Mem:18.95M (Peak 19.01M) | Time:00:00.00 | Mem:0.00M, Peak:0.00M | Scene, ViewLayer | Synchronizing object | wheel-rear-front-right
Fra:1 Mem:18.96M (Peak 19.01M) | Time:00:00.00 | Mem:0.00M, Peak:0.00M | Scene, ViewLayer | Synchronizing object | door-right-front-a
Fra:1 Mem:18.97M (Peak 19.01M) | Time:00:00.00 | Mem:0.00M, Peak:0.00M | Scene, ViewLayer | Synchronizing object | wheel-rear-front-left
Fra:1 Mem:18.98M (Peak 19.01M) | Time:00:00.00 | Mem:0.00M, Peak:0.00M | Scene, ViewLayer | Synchronizing object | door-right-front-b
Fra:1 Mem:18.99M (Peak 19.01M) | Time:00:00.00 | Mem:0.00M, Peak:0.00M | Scene, ViewLayer | Synchronizing object | wheel-front-rear-right
Fra:1 Mem:18.99M (Peak 19.01M) | Time:00:00.00 | Mem:0.00M, Peak:0.00M | Scene, ViewLayer | Synchronizing object | door-right-rear-a
Fra:1 Mem:19.01M (Peak 19.01M) | Time:00:00.00 | Mem:0.00M, Peak:0.00M | Scene, ViewLayer | Synchronizing object | wheel-front-rear-left
Fra:1 Mem:19.00M (Peak 19.01M) | Time:00:00.00 | Mem:0.00M, Peak:0.00M | Scene, ViewLayer | Synchronizing object | door-right-rear-b
Fra:1 Mem:19.03M (Peak 19.03M) | Time:00:00.00 | Mem:0.00M, Peak:0.00M | Scene, ViewLayer | Synchronizing object | wheel-front-front-right
Fra:1 Mem:19.02M (Peak 19.03M) | Time:00:00.00 | Mem:0.00M, Peak:0.00M | Scene, ViewLayer | Synchronizing object | glass
Fra:1 Mem:19.07M (Peak 19.07M) | Time:00:00.00 | Mem:0.00M, Peak:0.00M | Scene, ViewLayer | Synchronizing object | wheel-front-front-left
Fra:1 Mem:19.05M (Peak 19.07M) | Time:00:00.00 | Mem:0.00M, Peak:0.00M | Scene, ViewLayer | Initializing
Fra:1 Mem:16.50M (Peak 19.07M) | Time:00:00.00 | Mem:0.00M, Peak:0.00M | Scene, ViewLayer | Waiting for render to start
Fra:1 Mem:16.50M (Peak 19.07M) | Time:00:00.00 | Mem:0.00M, Peak:0.00M | Scene, ViewLayer | Loading render kernels (may take a few minutes the first time)
Fra:1 Mem:16.50M (Peak 19.07M) | Time:00:00.00 | Mem:0.00M, Peak:0.00M | Scene, ViewLayer | Updating Scene
Fra:1 Mem:16.50M (Peak 19.07M) | Time:00:00.00 | Mem:0.00M, Peak:0.00M | Scene, ViewLayer | Updating Shaders
Fra:1 Mem:16.59M (Peak 19.07M) | Time:00:00.00 | Mem:0.01M, Peak:0.01M | Scene, ViewLayer | Updating Procedurals
Fra:1 Mem:16.59M (Peak 19.07M) | Time:00:00.00 | Mem:0.01M, Peak:0.01M | Scene, ViewLayer | Updating Background
Fra:1 Mem:16.59M (Peak 19.07M) | Time:00:00.00 | Mem:0.01M, Peak:0.01M | Scene, ViewLayer | Updating Camera
Fra:1 Mem:16.59M (Peak 19.07M) | Time:00:00.00 | Mem:0.01M, Peak:0.01M | Scene, ViewLayer | Updating Meshes Flags
Fra:1 Mem:16.59M (Peak 19.07M) | Time:00:00.00 | Mem:0.01M, Peak:0.01M | Scene, ViewLayer | Updating Objects
Fra:1 Mem:16.59M (Peak 19.07M) | Time:00:00.00 | Mem:0.01M, Peak:0.01M | Scene, ViewLayer | Updating Objects | Copying Transformations to device
Fra:1 Mem:16.60M (Peak 19.07M) | Time:00:00.00 | Mem:0.02M, Peak:0.02M | Scene, ViewLayer | Updating Objects | Applying Static Transformations
Fra:1 Mem:16.60M (Peak 19.07M) | Time:00:00.00 | Mem:0.02M, Peak:0.02M | Scene, ViewLayer | Updating Particle Systems
Fra:1 Mem:16.60M (Peak 19.07M) | Time:00:00.00 | Mem:0.02M, Peak:0.02M | Scene, ViewLayer | Updating Particle Systems | Copying Particles to device
Fra:1 Mem:16.60M (Peak 19.07M) | Time:00:00.00 | Mem:0.02M, Peak:0.02M | Scene, ViewLayer | Updating Meshes
Fra:1 Mem:16.65M (Peak 19.07M) | Time:00:00.00 | Mem:0.02M, Peak:0.02M | Scene, ViewLayer | Updating Mesh | Computing attributes
Fra:1 Mem:16.79M (Peak 19.07M) | Time:00:00.00 | Mem:0.02M, Peak:0.02M | Scene, ViewLayer | Updating Mesh | Copying Attributes to device
Fra:1 Mem:16.79M (Peak 19.07M) | Time:00:00.00 | Mem:0.16M, Peak:0.16M | Scene, ViewLayer | Updating Scene BVH | Building
Fra:1 Mem:16.79M (Peak 19.07M) | Time:00:00.00 | Mem:0.16M, Peak:0.16M | Scene, ViewLayer | Updating Scene BVH | Building BVH
Fra:1 Mem:16.79M (Peak 19.07M) | Time:00:00.00 | Mem:0.26M, Peak:0.26M | Scene, ViewLayer | Updating Scene BVH | Building BVH 0%
Fra:1 Mem:16.79M (Peak 19.07M) | Time:00:00.00 | Mem:0.39M, Peak:0.49M | Scene, ViewLayer | Updating Scene BVH | Copying BVH to device
Fra:1 Mem:16.79M (Peak 19.07M) | Time:00:00.00 | Mem:0.39M, Peak:0.49M | Scene, ViewLayer | Updating Mesh | Computing normals
Fra:1 Mem:17.17M (Peak 19.07M) | Time:00:00.00 | Mem:0.39M, Peak:0.49M | Scene, ViewLayer | Updating Mesh | Copying Mesh to device
Fra:1 Mem:17.17M (Peak 19.07M) | Time:00:00.00 | Mem:0.77M, Peak:0.77M | Scene, ViewLayer | Updating Objects Flags
Fra:1 Mem:17.17M (Peak 19.07M) | Time:00:00.00 | Mem:0.77M, Peak:0.77M | Scene, ViewLayer | Updating Primitive Offsets
Fra:1 Mem:17.17M (Peak 19.07M) | Time:00:00.00 | Mem:0.77M, Peak:0.77M | Scene, ViewLayer | Updating Images
Fra:1 Mem:17.17M (Peak 19.07M) | Time:00:00.00 | Mem:0.77M, Peak:0.77M | Scene, ViewLayer | Updating Camera Volume
Fra:1 Mem:17.17M (Peak 19.07M) | Time:00:00.00 | Mem:0.77M, Peak:0.77M | Scene, ViewLayer | Updating Lookup Tables
Fra:1 Mem:17.17M (Peak 19.07M) | Time:00:00.00 | Mem:0.85M, Peak:0.85M | Scene, ViewLayer | Updating Lights
Fra:1 Mem:17.17M (Peak 19.07M) | Time:00:00.00 | Mem:0.85M, Peak:0.85M | Scene, ViewLayer | Updating Lights | Computing tree
Fra:1 Mem:17.17M (Peak 19.07M) | Time:00:00.00 | Mem:0.85M, Peak:0.85M | Scene, ViewLayer | Updating Integrator
Fra:1 Mem:17.17M (Peak 19.07M) | Time:00:00.00 | Mem:0.85M, Peak:0.85M | Scene, ViewLayer | Updating Film
Fra:1 Mem:17.17M (Peak 19.07M) | Time:00:00.00 | Mem:0.77M, Peak:0.85M | Scene, ViewLayer | Updating Lookup Tables
Fra:1 Mem:17.17M (Peak 19.07M) | Time:00:00.00 | Mem:0.85M, Peak:0.85M | Scene, ViewLayer | Updating Baking
Fra:1 Mem:17.17M (Peak 19.07M) | Time:00:00.00 | Mem:0.85M, Peak:0.85M | Scene, ViewLayer | Updating Device | Writing constant memory
Fra:1 Mem:17.17M (Peak 19.07M) | Time:00:00.00 | Mem:0.85M, Peak:0.85M | Scene, ViewLayer | Sample 0/8
Fra:1 Mem:25.97M (Peak 25.97M) | Time:00:00.62 | Remaining:00:04.29 | Mem:9.64M, Peak:9.64M | Scene, ViewLayer | Sample 1/8
Fra:1 Mem:29.88M (Peak 37.69M) | Time:00:04.85 | Mem:9.64M, Peak:9.64M | Scene, ViewLayer | Sample 8/8
Fra:1 Mem:29.88M (Peak 37.69M) | Time:00:04.85 | Mem:9.64M, Peak:9.64M | Scene, ViewLayer | Finished
Saved: '/workspace/scratch/7c20b5ba4165/atlas-backlog-oct3/tools/assets/boardable-metro/qa/previews/middle-seat-right-04-eye.png'
Time: 00:04.89 (Saving: 00:00.04)

Fra:1 Mem:18.50M (Peak 18.50M) | Time:00:00.00 | Mem:0.00M, Peak:0.00M | Scene, ViewLayer | Synchronizing object | body-shell
Fra:1 Mem:18.98M (Peak 18.98M) | Time:00:00.00 | Mem:0.00M, Peak:0.00M | Scene, ViewLayer | Synchronizing object | QA-ground
Fra:1 Mem:18.97M (Peak 18.98M) | Time:00:00.00 | Mem:0.00M, Peak:0.00M | Scene, ViewLayer | Synchronizing object | interior-batch-metro-seat
Fra:1 Mem:18.79M (Peak 18.98M) | Time:00:00.00 | Mem:0.00M, Peak:0.00M | Scene, ViewLayer | Synchronizing object | interior-batch-metro-priority-seat
Fra:1 Mem:18.93M (Peak 18.98M) | Time:00:00.00 | Mem:0.00M, Peak:0.00M | Scene, ViewLayer | Synchronizing object | interior-batch-metro-screen
Fra:1 Mem:18.94M (Peak 18.98M) | Time:00:00.00 | Mem:0.00M, Peak:0.00M | Scene, ViewLayer | Synchronizing object | interior-batch-metro-rail
Fra:1 Mem:18.81M (Peak 18.98M) | Time:00:00.00 | Mem:0.00M, Peak:0.00M | Scene, ViewLayer | Synchronizing object | bogie-front-frame
Fra:1 Mem:18.91M (Peak 18.98M) | Time:00:00.00 | Mem:0.00M, Peak:0.00M | Scene, ViewLayer | Synchronizing object | bogie-rear-frame
Fra:1 Mem:18.91M (Peak 18.98M) | Time:00:00.00 | Mem:0.00M, Peak:0.00M | Scene, ViewLayer | Synchronizing object | door-left-center-a
Fra:1 Mem:18.89M (Peak 18.98M) | Time:00:00.00 | Mem:0.00M, Peak:0.00M | Scene, ViewLayer | Synchronizing object | door-left-center-b
Fra:1 Mem:18.84M (Peak 18.98M) | Time:00:00.00 | Mem:0.00M, Peak:0.00M | Scene, ViewLayer | Synchronizing object | interior-batch-metro-floor
Fra:1 Mem:18.82M (Peak 18.98M) | Time:00:00.00 | Mem:0.00M, Peak:0.00M | Scene, ViewLayer | Synchronizing object | door-left-front-a
Fra:1 Mem:18.83M (Peak 18.98M) | Time:00:00.00 | Mem:0.00M, Peak:0.00M | Scene, ViewLayer | Synchronizing object | interior-batch-metro-wall
Fra:1 Mem:18.94M (Peak 18.98M) | Time:00:00.00 | Mem:0.00M, Peak:0.00M | Scene, ViewLayer | Synchronizing object | door-left-front-b
Fra:1 Mem:18.92M (Peak 18.98M) | Time:00:00.00 | Mem:0.00M, Peak:0.00M | Scene, ViewLayer | Synchronizing object | door-left-rear-a
Fra:1 Mem:18.91M (Peak 18.98M) | Time:00:00.00 | Mem:0.00M, Peak:0.00M | Scene, ViewLayer | Synchronizing object | wheel-rear-rear-right
Fra:1 Mem:18.91M (Peak 18.98M) | Time:00:00.00 | Mem:0.00M, Peak:0.00M | Scene, ViewLayer | Synchronizing object | door-left-rear-b
Fra:1 Mem:18.91M (Peak 18.98M) | Time:00:00.00 | Mem:0.00M, Peak:0.00M | Scene, ViewLayer | Synchronizing object | wheel-rear-rear-left
Fra:1 Mem:18.93M (Peak 18.98M) | Time:00:00.00 | Mem:0.00M, Peak:0.00M | Scene, ViewLayer | Synchronizing object | door-right-center-a
Fra:1 Mem:18.94M (Peak 18.98M) | Time:00:00.00 | Mem:0.00M, Peak:0.00M | Scene, ViewLayer | Synchronizing object | wheel-rear-front-right
Fra:1 Mem:18.94M (Peak 18.98M) | Time:00:00.00 | Mem:0.00M, Peak:0.00M | Scene, ViewLayer | Synchronizing object | door-right-center-b
Fra:1 Mem:18.94M (Peak 18.98M) | Time:00:00.00 | Mem:0.00M, Peak:0.00M | Scene, ViewLayer | Synchronizing object | wheel-rear-front-left
Fra:1 Mem:18.94M (Peak 18.98M) | Time:00:00.00 | Mem:0.00M, Peak:0.00M | Scene, ViewLayer | Synchronizing object | door-right-front-a
Fra:1 Mem:18.96M (Peak 18.98M) | Time:00:00.00 | Mem:0.00M, Peak:0.00M | Scene, ViewLayer | Synchronizing object | wheel-front-rear-right
Fra:1 Mem:18.96M (Peak 18.98M) | Time:00:00.00 | Mem:0.00M, Peak:0.00M | Scene, ViewLayer | Synchronizing object | door-right-front-b
Fra:1 Mem:18.99M (Peak 18.99M) | Time:00:00.00 | Mem:0.00M, Peak:0.00M | Scene, ViewLayer | Synchronizing object | wheel-front-rear-left
Fra:1 Mem:18.98M (Peak 18.99M) | Time:00:00.00 | Mem:0.00M, Peak:0.00M | Scene, ViewLayer | Synchronizing object | door-right-rear-a
Fra:1 Mem:19.01M (Peak 19.01M) | Time:00:00.00 | Mem:0.00M, Peak:0.00M | Scene, ViewLayer | Synchronizing object | wheel-front-front-right
Fra:1 Mem:19.00M (Peak 19.01M) | Time:00:00.00 | Mem:0.00M, Peak:0.00M | Scene, ViewLayer | Synchronizing object | door-right-rear-b
Fra:1 Mem:19.03M (Peak 19.03M) | Time:00:00.00 | Mem:0.00M, Peak:0.00M | Scene, ViewLayer | Synchronizing object | wheel-front-front-left
Fra:1 Mem:19.02M (Peak 19.03M) | Time:00:00.00 | Mem:0.00M, Peak:0.00M | Scene, ViewLayer | Synchronizing object | glass
Fra:1 Mem:19.05M (Peak 19.05M) | Time:00:00.00 | Mem:0.00M, Peak:0.00M | Scene, ViewLayer | Initializing
Fra:1 Mem:16.50M (Peak 19.05M) | Time:00:00.00 | Mem:0.00M, Peak:0.00M | Scene, ViewLayer | Waiting for render to start
Fra:1 Mem:16.50M (Peak 19.05M) | Time:00:00.00 | Mem:0.00M, Peak:0.00M | Scene, ViewLayer | Loading render kernels (may take a few minutes the first time)
Fra:1 Mem:16.50M (Peak 19.05M) | Time:00:00.00 | Mem:0.00M, Peak:0.00M | Scene, ViewLayer | Updating Scene
Fra:1 Mem:16.50M (Peak 19.05M) | Time:00:00.00 | Mem:0.00M, Peak:0.00M | Scene, ViewLayer | Updating Shaders
Fra:1 Mem:16.59M (Peak 19.05M) | Time:00:00.00 | Mem:0.01M, Peak:0.01M | Scene, ViewLayer | Updating Procedurals
Fra:1 Mem:16.59M (Peak 19.05M) | Time:00:00.00 | Mem:0.01M, Peak:0.01M | Scene, ViewLayer | Updating Background
Fra:1 Mem:16.59M (Peak 19.05M) | Time:00:00.00 | Mem:0.01M, Peak:0.01M | Scene, ViewLayer | Updating Camera
Fra:1 Mem:16.59M (Peak 19.05M) | Time:00:00.00 | Mem:0.01M, Peak:0.01M | Scene, ViewLayer | Updating Meshes Flags
Fra:1 Mem:16.59M (Peak 19.05M) | Time:00:00.00 | Mem:0.01M, Peak:0.01M | Scene, ViewLayer | Updating Objects
Fra:1 Mem:16.59M (Peak 19.05M) | Time:00:00.00 | Mem:0.01M, Peak:0.01M | Scene, ViewLayer | Updating Objects | Copying Transformations to device
Fra:1 Mem:16.60M (Peak 19.05M) | Time:00:00.00 | Mem:0.02M, Peak:0.02M | Scene, ViewLayer | Updating Objects | Applying Static Transformations
Fra:1 Mem:16.60M (Peak 19.05M) | Time:00:00.00 | Mem:0.02M, Peak:0.02M | Scene, ViewLayer | Updating Particle Systems
Fra:1 Mem:16.60M (Peak 19.05M) | Time:00:00.00 | Mem:0.02M, Peak:0.02M | Scene, ViewLayer | Updating Particle Systems | Copying Particles to device
Fra:1 Mem:16.60M (Peak 19.05M) | Time:00:00.00 | Mem:0.02M, Peak:0.02M | Scene, ViewLayer | Updating Meshes
Fra:1 Mem:16.65M (Peak 19.05M) | Time:00:00.00 | Mem:0.02M, Peak:0.02M | Scene, ViewLayer | Updating Mesh | Computing attributes
Fra:1 Mem:16.79M (Peak 19.05M) | Time:00:00.00 | Mem:0.02M, Peak:0.02M | Scene, ViewLayer | Updating Mesh | Copying Attributes to device
Fra:1 Mem:16.79M (Peak 19.05M) | Time:00:00.00 | Mem:0.16M, Peak:0.16M | Scene, ViewLayer | Updating Scene BVH | Building
Fra:1 Mem:16.79M (Peak 19.05M) | Time:00:00.00 | Mem:0.16M, Peak:0.16M | Scene, ViewLayer | Updating Scene BVH | Building BVH
Fra:1 Mem:16.79M (Peak 19.05M) | Time:00:00.00 | Mem:0.26M, Peak:0.26M | Scene, ViewLayer | Updating Scene BVH | Building BVH 0%
Fra:1 Mem:16.79M (Peak 19.05M) | Time:00:00.00 | Mem:0.39M, Peak:0.49M | Scene, ViewLayer | Updating Scene BVH | Copying BVH to device
Fra:1 Mem:16.79M (Peak 19.05M) | Time:00:00.00 | Mem:0.39M, Peak:0.49M | Scene, ViewLayer | Updating Mesh | Computing normals
Fra:1 Mem:17.17M (Peak 19.05M) | Time:00:00.00 | Mem:0.39M, Peak:0.49M | Scene, ViewLayer | Updating Mesh | Copying Mesh to device
Fra:1 Mem:17.17M (Peak 19.05M) | Time:00:00.00 | Mem:0.77M, Peak:0.77M | Scene, ViewLayer | Updating Objects Flags
Fra:1 Mem:17.17M (Peak 19.05M) | Time:00:00.00 | Mem:0.77M, Peak:0.77M | Scene, ViewLayer | Updating Primitive Offsets
Fra:1 Mem:17.17M (Peak 19.05M) | Time:00:00.00 | Mem:0.77M, Peak:0.77M | Scene, ViewLayer | Updating Images
Fra:1 Mem:17.17M (Peak 19.05M) | Time:00:00.00 | Mem:0.77M, Peak:0.77M | Scene, ViewLayer | Updating Camera Volume
Fra:1 Mem:17.17M (Peak 19.05M) | Time:00:00.00 | Mem:0.77M, Peak:0.77M | Scene, ViewLayer | Updating Lookup Tables
Fra:1 Mem:17.17M (Peak 19.05M) | Time:00:00.00 | Mem:0.85M, Peak:0.85M | Scene, ViewLayer | Updating Lights
Fra:1 Mem:17.17M (Peak 19.05M) | Time:00:00.00 | Mem:0.85M, Peak:0.85M | Scene, ViewLayer | Updating Lights | Computing tree
Fra:1 Mem:17.17M (Peak 19.05M) | Time:00:00.00 | Mem:0.85M, Peak:0.85M | Scene, ViewLayer | Updating Integrator
Fra:1 Mem:17.17M (Peak 19.05M) | Time:00:00.00 | Mem:0.85M, Peak:0.85M | Scene, ViewLayer | Updating Film
Fra:1 Mem:17.17M (Peak 19.05M) | Time:00:00.00 | Mem:0.77M, Peak:0.85M | Scene, ViewLayer | Updating Lookup Tables
Fra:1 Mem:17.17M (Peak 19.05M) | Time:00:00.00 | Mem:0.85M, Peak:0.85M | Scene, ViewLayer | Updating Baking
Fra:1 Mem:17.17M (Peak 19.05M) | Time:00:00.00 | Mem:0.85M, Peak:0.85M | Scene, ViewLayer | Updating Device | Writing constant memory
Fra:1 Mem:17.17M (Peak 19.05M) | Time:00:00.00 | Mem:0.85M, Peak:0.85M | Scene, ViewLayer | Sample 0/8
Fra:1 Mem:25.97M (Peak 25.97M) | Time:00:00.62 | Remaining:00:04.34 | Mem:9.64M, Peak:9.64M | Scene, ViewLayer | Sample 1/8
Fra:1 Mem:29.88M (Peak 37.69M) | Time:00:04.94 | Mem:9.64M, Peak:9.64M | Scene, ViewLayer | Sample 8/8
Fra:1 Mem:29.88M (Peak 37.69M) | Time:00:04.94 | Mem:9.64M, Peak:9.64M | Scene, ViewLayer | Finished
Saved: '/workspace/scratch/7c20b5ba4165/atlas-backlog-oct3/tools/assets/boardable-metro/qa/previews/middle-seat-right-05-eye.png'
Time: 00:04.98 (Saving: 00:00.03)

Fra:1 Mem:18.50M (Peak 18.50M) | Time:00:00.00 | Mem:0.00M, Peak:0.00M | Scene, ViewLayer | Synchronizing object | body-shell
Fra:1 Mem:18.90M (Peak 18.90M) | Time:00:00.00 | Mem:0.00M, Peak:0.00M | Scene, ViewLayer | Synchronizing object | QA-ground
Fra:1 Mem:18.98M (Peak 18.98M) | Time:00:00.00 | Mem:0.00M, Peak:0.00M | Scene, ViewLayer | Synchronizing object | interior-batch-metro-seat
Fra:1 Mem:18.77M (Peak 18.98M) | Time:00:00.00 | Mem:0.00M, Peak:0.00M | Scene, ViewLayer | Synchronizing object | interior-batch-metro-priority-seat
Fra:1 Mem:18.93M (Peak 18.98M) | Time:00:00.00 | Mem:0.00M, Peak:0.00M | Scene, ViewLayer | Synchronizing object | interior-batch-metro-screen
Fra:1 Mem:18.94M (Peak 18.98M) | Time:00:00.00 | Mem:0.00M, Peak:0.00M | Scene, ViewLayer | Synchronizing object | interior-batch-metro-rail
Fra:1 Mem:18.91M (Peak 18.98M) | Time:00:00.00 | Mem:0.00M, Peak:0.00M | Scene, ViewLayer | Synchronizing object | bogie-front-frame
Fra:1 Mem:18.91M (Peak 18.98M) | Time:00:00.00 | Mem:0.00M, Peak:0.00M | Scene, ViewLayer | Synchronizing object | bogie-rear-frame
Fra:1 Mem:18.82M (Peak 18.98M) | Time:00:00.00 | Mem:0.00M, Peak:0.00M | Scene, ViewLayer | Synchronizing object | door-left-center-a
Fra:1 Mem:18.83M (Peak 18.98M) | Time:00:00.00 | Mem:0.00M, Peak:0.00M | Scene, ViewLayer | Synchronizing object | interior-batch-metro-floor
Fra:1 Mem:18.83M (Peak 18.98M) | Time:00:00.00 | Mem:0.00M, Peak:0.00M | Scene, ViewLayer | Synchronizing object | interior-batch-metro-wall
Fra:1 Mem:18.89M (Peak 18.98M) | Time:00:00.00 | Mem:0.00M, Peak:0.00M | Scene, ViewLayer | Synchronizing object | door-left-center-b
Fra:1 Mem:18.90M (Peak 18.98M) | Time:00:00.00 | Mem:0.00M, Peak:0.00M | Scene, ViewLayer | Synchronizing object | door-left-front-a
Fra:1 Mem:18.87M (Peak 18.98M) | Time:00:00.00 | Mem:0.00M, Peak:0.00M | Scene, ViewLayer | Synchronizing object | wheel-rear-rear-right
Fra:1 Mem:18.89M (Peak 18.98M) | Time:00:00.00 | Mem:0.00M, Peak:0.00M | Scene, ViewLayer | Synchronizing object | door-left-front-b
Fra:1 Mem:18.88M (Peak 18.98M) | Time:00:00.00 | Mem:0.00M, Peak:0.00M | Scene, ViewLayer | Synchronizing object | wheel-rear-rear-left
Fra:1 Mem:18.89M (Peak 18.98M) | Time:00:00.00 | Mem:0.00M, Peak:0.00M | Scene, ViewLayer | Synchronizing object | door-left-rear-a
Fra:1 Mem:18.91M (Peak 18.98M) | Time:00:00.00 | Mem:0.00M, Peak:0.00M | Scene, ViewLayer | Synchronizing object | wheel-rear-front-right
Fra:1 Mem:18.93M (Peak 18.98M) | Time:00:00.00 | Mem:0.00M, Peak:0.00M | Scene, ViewLayer | Synchronizing object | door-left-rear-b
Fra:1 Mem:18.94M (Peak 18.98M) | Time:00:00.00 | Mem:0.00M, Peak:0.00M | Scene, ViewLayer | Synchronizing object | wheel-rear-front-left
Fra:1 Mem:18.95M (Peak 18.98M) | Time:00:00.00 | Mem:0.00M, Peak:0.00M | Scene, ViewLayer | Synchronizing object | door-right-center-a
Fra:1 Mem:18.94M (Peak 18.98M) | Time:00:00.00 | Mem:0.00M, Peak:0.00M | Scene, ViewLayer | Synchronizing object | wheel-front-rear-right
Fra:1 Mem:18.96M (Peak 18.98M) | Time:00:00.00 | Mem:0.00M, Peak:0.00M | Scene, ViewLayer | Synchronizing object | door-right-center-b
Fra:1 Mem:18.98M (Peak 18.98M) | Time:00:00.00 | Mem:0.00M, Peak:0.00M | Scene, ViewLayer | Synchronizing object | wheel-front-rear-left
Fra:1 Mem:18.99M (Peak 18.99M) | Time:00:00.00 | Mem:0.00M, Peak:0.00M | Scene, ViewLayer | Synchronizing object | door-right-front-a
Fra:1 Mem:18.97M (Peak 18.99M) | Time:00:00.00 | Mem:0.00M, Peak:0.00M | Scene, ViewLayer | Synchronizing object | wheel-front-front-right
Fra:1 Mem:18.99M (Peak 18.99M) | Time:00:00.00 | Mem:0.00M, Peak:0.00M | Scene, ViewLayer | Synchronizing object | door-right-front-b
Fra:1 Mem:18.99M (Peak 18.99M) | Time:00:00.00 | Mem:0.00M, Peak:0.00M | Scene, ViewLayer | Synchronizing object | wheel-front-front-left
Fra:1 Mem:19.01M (Peak 19.01M) | Time:00:00.00 | Mem:0.00M, Peak:0.00M | Scene, ViewLayer | Synchronizing object | glass
Fra:1 Mem:19.01M (Peak 19.01M) | Time:00:00.00 | Mem:0.00M, Peak:0.00M | Scene, ViewLayer | Synchronizing object | door-right-rear-a
Fra:1 Mem:19.07M (Peak 19.07M) | Time:00:00.00 | Mem:0.00M, Peak:0.00M | Scene, ViewLayer | Synchronizing object | door-right-rear-b
Fra:1 Mem:19.05M (Peak 19.07M) | Time:00:00.00 | Mem:0.00M, Peak:0.00M | Scene, ViewLayer | Initializing
Fra:1 Mem:16.50M (Peak 19.07M) | Time:00:00.00 | Mem:0.00M, Peak:0.00M | Scene, ViewLayer | Waiting for render to start
Fra:1 Mem:16.50M (Peak 19.07M) | Time:00:00.00 | Mem:0.00M, Peak:0.00M | Scene, ViewLayer | Loading render kernels (may take a few minutes the first time)
Fra:1 Mem:16.50M (Peak 19.07M) | Time:00:00.00 | Mem:0.00M, Peak:0.00M | Scene, ViewLayer | Updating Scene
Fra:1 Mem:16.50M (Peak 19.07M) | Time:00:00.00 | Mem:0.00M, Peak:0.00M | Scene, ViewLayer | Updating Shaders
Fra:1 Mem:16.59M (Peak 19.07M) | Time:00:00.00 | Mem:0.01M, Peak:0.01M | Scene, ViewLayer | Updating Procedurals
Fra:1 Mem:16.59M (Peak 19.07M) | Time:00:00.00 | Mem:0.01M, Peak:0.01M | Scene, ViewLayer | Updating Background
Fra:1 Mem:16.59M (Peak 19.07M) | Time:00:00.00 | Mem:0.01M, Peak:0.01M | Scene, ViewLayer | Updating Camera
Fra:1 Mem:16.59M (Peak 19.07M) | Time:00:00.00 | Mem:0.01M, Peak:0.01M | Scene, ViewLayer | Updating Meshes Flags
Fra:1 Mem:16.59M (Peak 19.07M) | Time:00:00.00 | Mem:0.01M, Peak:0.01M | Scene, ViewLayer | Updating Objects
Fra:1 Mem:16.59M (Peak 19.07M) | Time:00:00.00 | Mem:0.01M, Peak:0.01M | Scene, ViewLayer | Updating Objects | Copying Transformations to device
Fra:1 Mem:16.60M (Peak 19.07M) | Time:00:00.00 | Mem:0.02M, Peak:0.02M | Scene, ViewLayer | Updating Objects | Applying Static Transformations
Fra:1 Mem:16.60M (Peak 19.07M) | Time:00:00.00 | Mem:0.02M, Peak:0.02M | Scene, ViewLayer | Updating Particle Systems
Fra:1 Mem:16.60M (Peak 19.07M) | Time:00:00.00 | Mem:0.02M, Peak:0.02M | Scene, ViewLayer | Updating Particle Systems | Copying Particles to device
Fra:1 Mem:16.60M (Peak 19.07M) | Time:00:00.00 | Mem:0.02M, Peak:0.02M | Scene, ViewLayer | Updating Meshes
Fra:1 Mem:16.65M (Peak 19.07M) | Time:00:00.00 | Mem:0.02M, Peak:0.02M | Scene, ViewLayer | Updating Mesh | Computing attributes
Fra:1 Mem:16.79M (Peak 19.07M) | Time:00:00.00 | Mem:0.02M, Peak:0.02M | Scene, ViewLayer | Updating Mesh | Copying Attributes to device
Fra:1 Mem:16.79M (Peak 19.07M) | Time:00:00.00 | Mem:0.16M, Peak:0.16M | Scene, ViewLayer | Updating Scene BVH | Building
Fra:1 Mem:16.79M (Peak 19.07M) | Time:00:00.00 | Mem:0.16M, Peak:0.16M | Scene, ViewLayer | Updating Scene BVH | Building BVH
Fra:1 Mem:16.79M (Peak 19.07M) | Time:00:00.00 | Mem:0.26M, Peak:0.26M | Scene, ViewLayer | Updating Scene BVH | Building BVH 0%
Fra:1 Mem:16.79M (Peak 19.07M) | Time:00:00.00 | Mem:0.39M, Peak:0.49M | Scene, ViewLayer | Updating Scene BVH | Copying BVH to device
Fra:1 Mem:16.79M (Peak 19.07M) | Time:00:00.00 | Mem:0.39M, Peak:0.49M | Scene, ViewLayer | Updating Mesh | Computing normals
Fra:1 Mem:17.17M (Peak 19.07M) | Time:00:00.00 | Mem:0.39M, Peak:0.49M | Scene, ViewLayer | Updating Mesh | Copying Mesh to device
Fra:1 Mem:17.17M (Peak 19.07M) | Time:00:00.00 | Mem:0.77M, Peak:0.77M | Scene, ViewLayer | Updating Objects Flags
Fra:1 Mem:17.17M (Peak 19.07M) | Time:00:00.00 | Mem:0.77M, Peak:0.77M | Scene, ViewLayer | Updating Primitive Offsets
Fra:1 Mem:17.17M (Peak 19.07M) | Time:00:00.00 | Mem:0.77M, Peak:0.77M | Scene, ViewLayer | Updating Images
Fra:1 Mem:17.17M (Peak 19.07M) | Time:00:00.00 | Mem:0.77M, Peak:0.77M | Scene, ViewLayer | Updating Camera Volume
Fra:1 Mem:17.17M (Peak 19.07M) | Time:00:00.00 | Mem:0.77M, Peak:0.77M | Scene, ViewLayer | Updating Lookup Tables
Fra:1 Mem:17.17M (Peak 19.07M) | Time:00:00.00 | Mem:0.85M, Peak:0.85M | Scene, ViewLayer | Updating Lights
Fra:1 Mem:17.17M (Peak 19.07M) | Time:00:00.00 | Mem:0.85M, Peak:0.85M | Scene, ViewLayer | Updating Lights | Computing tree
Fra:1 Mem:17.17M (Peak 19.07M) | Time:00:00.00 | Mem:0.85M, Peak:0.85M | Scene, ViewLayer | Updating Integrator
Fra:1 Mem:17.17M (Peak 19.07M) | Time:00:00.00 | Mem:0.85M, Peak:0.85M | Scene, ViewLayer | Updating Film
Fra:1 Mem:17.17M (Peak 19.07M) | Time:00:00.00 | Mem:0.77M, Peak:0.85M | Scene, ViewLayer | Updating Lookup Tables
Fra:1 Mem:17.17M (Peak 19.07M) | Time:00:00.00 | Mem:0.85M, Peak:0.85M | Scene, ViewLayer | Updating Baking
Fra:1 Mem:17.17M (Peak 19.07M) | Time:00:00.00 | Mem:0.85M, Peak:0.85M | Scene, ViewLayer | Updating Device | Writing constant memory
Fra:1 Mem:17.17M (Peak 19.07M) | Time:00:00.00 | Mem:0.85M, Peak:0.85M | Scene, ViewLayer | Sample 0/8
Fra:1 Mem:25.97M (Peak 25.97M) | Time:00:00.52 | Remaining:00:03.61 | Mem:9.64M, Peak:9.64M | Scene, ViewLayer | Sample 1/8
Fra:1 Mem:29.88M (Peak 37.69M) | Time:00:03.94 | Mem:9.64M, Peak:9.64M | Scene, ViewLayer | Sample 8/8
Fra:1 Mem:29.88M (Peak 37.69M) | Time:00:03.94 | Mem:9.64M, Peak:9.64M | Scene, ViewLayer | Finished
Saved: '/workspace/scratch/7c20b5ba4165/atlas-backlog-oct3/tools/assets/boardable-metro/qa/previews/middle-seat-right-06-eye.png'
Time: 00:03.98 (Saving: 00:00.03)

Fra:1 Mem:18.50M (Peak 18.50M) | Time:00:00.00 | Mem:0.00M, Peak:0.00M | Scene, ViewLayer | Synchronizing object | body-shell
Fra:1 Mem:18.90M (Peak 18.90M) | Time:00:00.00 | Mem:0.00M, Peak:0.00M | Scene, ViewLayer | Synchronizing object | QA-ground
Fra:1 Mem:18.97M (Peak 18.97M) | Time:00:00.00 | Mem:0.00M, Peak:0.00M | Scene, ViewLayer | Synchronizing object | interior-batch-metro-seat
Fra:1 Mem:18.93M (Peak 18.97M) | Time:00:00.00 | Mem:0.00M, Peak:0.00M | Scene, ViewLayer | Synchronizing object | interior-batch-metro-priority-seat
Fra:1 Mem:18.94M (Peak 18.97M) | Time:00:00.00 | Mem:0.00M, Peak:0.00M | Scene, ViewLayer | Synchronizing object | interior-batch-metro-screen
Fra:1 Mem:18.94M (Peak 18.97M) | Time:00:00.00 | Mem:0.00M, Peak:0.00M | Scene, ViewLayer | Synchronizing object | interior-batch-metro-rail
Fra:1 Mem:18.82M (Peak 18.97M) | Time:00:00.00 | Mem:0.00M, Peak:0.00M | Scene, ViewLayer | Synchronizing object | bogie-front-frame
Fra:1 Mem:18.84M (Peak 18.97M) | Time:00:00.00 | Mem:0.00M, Peak:0.00M | Scene, ViewLayer | Synchronizing object | bogie-rear-frame
Fra:1 Mem:18.91M (Peak 18.97M) | Time:00:00.00 | Mem:0.00M, Peak:0.00M | Scene, ViewLayer | Synchronizing object | door-left-center-a
Fra:1 Mem:18.85M (Peak 18.97M) | Time:00:00.00 | Mem:0.00M, Peak:0.00M | Scene, ViewLayer | Synchronizing object | door-left-center-b
Fra:1 Mem:18.84M (Peak 18.97M) | Time:00:00.00 | Mem:0.00M, Peak:0.00M | Scene, ViewLayer | Synchronizing object | door-left-front-a
Fra:1 Mem:18.85M (Peak 18.97M) | Time:00:00.00 | Mem:0.00M, Peak:0.00M | Scene, ViewLayer | Synchronizing object | interior-batch-metro-floor
Fra:1 Mem:18.83M (Peak 18.97M) | Time:00:00.00 | Mem:0.00M, Peak:0.00M | Scene, ViewLayer | Synchronizing object | door-left-front-b
Fra:1 Mem:18.84M (Peak 18.97M) | Time:00:00.00 | Mem:0.00M, Peak:0.00M | Scene, ViewLayer | Synchronizing object | interior-batch-metro-wall
Fra:1 Mem:18.93M (Peak 18.97M) | Time:00:00.00 | Mem:0.00M, Peak:0.00M | Scene, ViewLayer | Synchronizing object | door-left-rear-a
Fra:1 Mem:18.90M (Peak 18.97M) | Time:00:00.00 | Mem:0.00M, Peak:0.00M | Scene, ViewLayer | Synchronizing object | door-left-rear-b
Fra:1 Mem:18.89M (Peak 18.97M) | Time:00:00.00 | Mem:0.00M, Peak:0.00M | Scene, ViewLayer | Synchronizing object | wheel-rear-rear-right
Fra:1 Mem:18.92M (Peak 18.97M) | Time:00:00.00 | Mem:0.00M, Peak:0.00M | Scene, ViewLayer | Synchronizing object | door-right-center-a
Fra:1 Mem:18.93M (Peak 18.97M) | Time:00:00.00 | Mem:0.00M, Peak:0.00M | Scene, ViewLayer | Synchronizing object | wheel-rear-rear-left
Fra:1 Mem:18.92M (Peak 18.97M) | Time:00:00.00 | Mem:0.00M, Peak:0.00M | Scene, ViewLayer | Synchronizing object | door-right-center-b
Fra:1 Mem:18.95M (Peak 18.97M) | Time:00:00.00 | Mem:0.00M, Peak:0.00M | Scene, ViewLayer | Synchronizing object | wheel-rear-front-right
Fra:1 Mem:18.96M (Peak 18.97M) | Time:00:00.00 | Mem:0.00M, Peak:0.00M | Scene, ViewLayer | Synchronizing object | door-right-front-a
Fra:1 Mem:18.97M (Peak 18.97M) | Time:00:00.00 | Mem:0.00M, Peak:0.00M | Scene, ViewLayer | Synchronizing object | wheel-rear-front-left
Fra:1 Mem:18.98M (Peak 18.98M) | Time:00:00.00 | Mem:0.00M, Peak:0.00M | Scene, ViewLayer | Synchronizing object | door-right-front-b
Fra:1 Mem:18.98M (Peak 18.98M) | Time:00:00.00 | Mem:0.00M, Peak:0.00M | Scene, ViewLayer | Synchronizing object | wheel-front-rear-right
Fra:1 Mem:19.00M (Peak 19.00M) | Time:00:00.00 | Mem:0.00M, Peak:0.00M | Scene, ViewLayer | Synchronizing object | door-right-rear-a
Fra:1 Mem:19.00M (Peak 19.00M) | Time:00:00.00 | Mem:0.00M, Peak:0.00M | Scene, ViewLayer | Synchronizing object | wheel-front-rear-left
Fra:1 Mem:19.02M (Peak 19.02M) | Time:00:00.00 | Mem:0.00M, Peak:0.00M | Scene, ViewLayer | Synchronizing object | door-right-rear-b
Fra:1 Mem:19.01M (Peak 19.02M) | Time:00:00.00 | Mem:0.00M, Peak:0.00M | Scene, ViewLayer | Synchronizing object | wheel-front-front-right
Fra:1 Mem:19.04M (Peak 19.04M) | Time:00:00.00 | Mem:0.00M, Peak:0.00M | Scene, ViewLayer | Synchronizing object | glass
Fra:1 Mem:19.09M (Peak 19.09M) | Time:00:00.00 | Mem:0.00M, Peak:0.00M | Scene, ViewLayer | Synchronizing object | wheel-front-front-left
Fra:1 Mem:19.05M (Peak 19.09M) | Time:00:00.00 | Mem:0.00M, Peak:0.00M | Scene, ViewLayer | Initializing
Fra:1 Mem:16.50M (Peak 19.09M) | Time:00:00.00 | Mem:0.00M, Peak:0.00M | Scene, ViewLayer | Waiting for render to start
Fra:1 Mem:16.50M (Peak 19.09M) | Time:00:00.00 | Mem:0.00M, Peak:0.00M | Scene, ViewLayer | Loading render kernels (may take a few minutes the first time)
Fra:1 Mem:16.50M (Peak 19.09M) | Time:00:00.00 | Mem:0.00M, Peak:0.00M | Scene, ViewLayer | Updating Scene
Fra:1 Mem:16.50M (Peak 19.09M) | Time:00:00.00 | Mem:0.00M, Peak:0.00M | Scene, ViewLayer | Updating Shaders
Fra:1 Mem:16.59M (Peak 19.09M) | Time:00:00.00 | Mem:0.01M, Peak:0.01M | Scene, ViewLayer | Updating Procedurals
Fra:1 Mem:16.59M (Peak 19.09M) | Time:00:00.00 | Mem:0.01M, Peak:0.01M | Scene, ViewLayer | Updating Background
Fra:1 Mem:16.59M (Peak 19.09M) | Time:00:00.00 | Mem:0.01M, Peak:0.01M | Scene, ViewLayer | Updating Camera
Fra:1 Mem:16.59M (Peak 19.09M) | Time:00:00.00 | Mem:0.01M, Peak:0.01M | Scene, ViewLayer | Updating Meshes Flags
Fra:1 Mem:16.59M (Peak 19.09M) | Time:00:00.00 | Mem:0.01M, Peak:0.01M | Scene, ViewLayer | Updating Objects
Fra:1 Mem:16.59M (Peak 19.09M) | Time:00:00.00 | Mem:0.01M, Peak:0.01M | Scene, ViewLayer | Updating Objects | Copying Transformations to device
Fra:1 Mem:16.60M (Peak 19.09M) | Time:00:00.00 | Mem:0.02M, Peak:0.02M | Scene, ViewLayer | Updating Objects | Applying Static Transformations
Fra:1 Mem:16.60M (Peak 19.09M) | Time:00:00.00 | Mem:0.02M, Peak:0.02M | Scene, ViewLayer | Updating Particle Systems
Fra:1 Mem:16.60M (Peak 19.09M) | Time:00:00.00 | Mem:0.02M, Peak:0.02M | Scene, ViewLayer | Updating Particle Systems | Copying Particles to device
Fra:1 Mem:16.60M (Peak 19.09M) | Time:00:00.00 | Mem:0.02M, Peak:0.02M | Scene, ViewLayer | Updating Meshes
Fra:1 Mem:16.65M (Peak 19.09M) | Time:00:00.00 | Mem:0.02M, Peak:0.02M | Scene, ViewLayer | Updating Mesh | Computing attributes
Fra:1 Mem:16.80M (Peak 19.09M) | Time:00:00.00 | Mem:0.02M, Peak:0.02M | Scene, ViewLayer | Updating Mesh | Copying Attributes to device
Fra:1 Mem:16.79M (Peak 19.09M) | Time:00:00.00 | Mem:0.16M, Peak:0.16M | Scene, ViewLayer | Updating Scene BVH | Building
Fra:1 Mem:16.79M (Peak 19.09M) | Time:00:00.00 | Mem:0.16M, Peak:0.16M | Scene, ViewLayer | Updating Scene BVH | Building BVH
Fra:1 Mem:16.79M (Peak 19.09M) | Time:00:00.00 | Mem:0.26M, Peak:0.26M | Scene, ViewLayer | Updating Scene BVH | Building BVH 0%
Fra:1 Mem:16.79M (Peak 19.09M) | Time:00:00.00 | Mem:0.39M, Peak:0.49M | Scene, ViewLayer | Updating Scene BVH | Copying BVH to device
Fra:1 Mem:16.79M (Peak 19.09M) | Time:00:00.00 | Mem:0.39M, Peak:0.49M | Scene, ViewLayer | Updating Mesh | Computing normals
Fra:1 Mem:17.17M (Peak 19.09M) | Time:00:00.00 | Mem:0.39M, Peak:0.49M | Scene, ViewLayer | Updating Mesh | Copying Mesh to device
Fra:1 Mem:17.17M (Peak 19.09M) | Time:00:00.00 | Mem:0.77M, Peak:0.77M | Scene, ViewLayer | Updating Objects Flags
Fra:1 Mem:17.17M (Peak 19.09M) | Time:00:00.00 | Mem:0.77M, Peak:0.77M | Scene, ViewLayer | Updating Primitive Offsets
Fra:1 Mem:17.17M (Peak 19.09M) | Time:00:00.00 | Mem:0.77M, Peak:0.77M | Scene, ViewLayer | Updating Images
Fra:1 Mem:17.17M (Peak 19.09M) | Time:00:00.00 | Mem:0.77M, Peak:0.77M | Scene, ViewLayer | Updating Camera Volume
Fra:1 Mem:17.17M (Peak 19.09M) | Time:00:00.00 | Mem:0.77M, Peak:0.77M | Scene, ViewLayer | Updating Lookup Tables
Fra:1 Mem:17.17M (Peak 19.09M) | Time:00:00.00 | Mem:0.85M, Peak:0.85M | Scene, ViewLayer | Updating Lights
Fra:1 Mem:17.17M (Peak 19.09M) | Time:00:00.00 | Mem:0.85M, Peak:0.85M | Scene, ViewLayer | Updating Lights | Computing tree
Fra:1 Mem:17.17M (Peak 19.09M) | Time:00:00.00 | Mem:0.85M, Peak:0.85M | Scene, ViewLayer | Updating Integrator
Fra:1 Mem:17.17M (Peak 19.09M) | Time:00:00.00 | Mem:0.85M, Peak:0.85M | Scene, ViewLayer | Updating Film
Fra:1 Mem:17.17M (Peak 19.09M) | Time:00:00.00 | Mem:0.77M, Peak:0.85M | Scene, ViewLayer | Updating Lookup Tables
Fra:1 Mem:17.17M (Peak 19.09M) | Time:00:00.00 | Mem:0.85M, Peak:0.85M | Scene, ViewLayer | Updating Baking
Fra:1 Mem:17.17M (Peak 19.09M) | Time:00:00.00 | Mem:0.85M, Peak:0.85M | Scene, ViewLayer | Updating Device | Writing constant memory
Fra:1 Mem:17.18M (Peak 19.09M) | Time:00:00.00 | Mem:0.85M, Peak:0.85M | Scene, ViewLayer | Sample 0/8
Fra:1 Mem:25.97M (Peak 25.97M) | Time:00:00.58 | Remaining:00:04.05 | Mem:9.64M, Peak:9.64M | Scene, ViewLayer | Sample 1/8
Fra:1 Mem:29.88M (Peak 37.69M) | Time:00:04.56 | Mem:9.64M, Peak:9.64M | Scene, ViewLayer | Sample 8/8
Fra:1 Mem:29.88M (Peak 37.69M) | Time:00:04.56 | Mem:9.64M, Peak:9.64M | Scene, ViewLayer | Finished
Saved: '/workspace/scratch/7c20b5ba4165/atlas-backlog-oct3/tools/assets/boardable-metro/qa/previews/middle-seat-left-01-eye.png'
Time: 00:04.60 (Saving: 00:00.03)

Fra:1 Mem:18.50M (Peak 18.50M) | Time:00:00.00 | Mem:0.00M, Peak:0.00M | Scene, ViewLayer | Synchronizing object | body-shell
Fra:1 Mem:18.91M (Peak 18.91M) | Time:00:00.00 | Mem:0.00M, Peak:0.00M | Scene, ViewLayer | Synchronizing object | QA-ground
Fra:1 Mem:18.98M (Peak 18.98M) | Time:00:00.00 | Mem:0.00M, Peak:0.00M | Scene, ViewLayer | Synchronizing object | interior-batch-metro-seat
Fra:1 Mem:18.93M (Peak 18.98M) | Time:00:00.00 | Mem:0.00M, Peak:0.00M | Scene, ViewLayer | Synchronizing object | interior-batch-metro-priority-seat
Fra:1 Mem:18.94M (Peak 18.98M) | Time:00:00.00 | Mem:0.00M, Peak:0.00M | Scene, ViewLayer | Synchronizing object | interior-batch-metro-screen
Fra:1 Mem:18.94M (Peak 18.98M) | Time:00:00.00 | Mem:0.00M, Peak:0.00M | Scene, ViewLayer | Synchronizing object | interior-batch-metro-rail
Fra:1 Mem:18.82M (Peak 18.98M) | Time:00:00.00 | Mem:0.00M, Peak:0.00M | Scene, ViewLayer | Synchronizing object | bogie-front-frame
Fra:1 Mem:18.91M (Peak 18.98M) | Time:00:00.00 | Mem:0.00M, Peak:0.00M | Scene, ViewLayer | Synchronizing object | bogie-rear-frame
Fra:1 Mem:18.91M (Peak 18.98M) | Time:00:00.00 | Mem:0.00M, Peak:0.00M | Scene, ViewLayer | Synchronizing object | door-left-center-a
Fra:1 Mem:18.84M (Peak 18.98M) | Time:00:00.00 | Mem:0.00M, Peak:0.00M | Scene, ViewLayer | Synchronizing object | door-left-center-b
Fra:1 Mem:18.84M (Peak 18.98M) | Time:00:00.00 | Mem:0.00M, Peak:0.00M | Scene, ViewLayer | Synchronizing object | interior-batch-metro-floor
Fra:1 Mem:18.82M (Peak 18.98M) | Time:00:00.00 | Mem:0.00M, Peak:0.00M | Scene, ViewLayer | Synchronizing object | door-left-front-a
Fra:1 Mem:18.83M (Peak 18.98M) | Time:00:00.00 | Mem:0.00M, Peak:0.00M | Scene, ViewLayer | Synchronizing object | interior-batch-metro-wall
Fra:1 Mem:18.94M (Peak 18.98M) | Time:00:00.00 | Mem:0.00M, Peak:0.00M | Scene, ViewLayer | Synchronizing object | door-left-front-b
Fra:1 Mem:18.92M (Peak 18.98M) | Time:00:00.00 | Mem:0.00M, Peak:0.00M | Scene, ViewLayer | Synchronizing object | door-left-rear-a
Fra:1 Mem:18.89M (Peak 18.98M) | Time:00:00.00 | Mem:0.00M, Peak:0.00M | Scene, ViewLayer | Synchronizing object | wheel-rear-rear-right
Fra:1 Mem:18.91M (Peak 18.98M) | Time:00:00.00 | Mem:0.00M, Peak:0.00M | Scene, ViewLayer | Synchronizing object | door-left-rear-b
Fra:1 Mem:18.92M (Peak 18.98M) | Time:00:00.00 | Mem:0.00M, Peak:0.00M | Scene, ViewLayer | Synchronizing object | wheel-rear-rear-left
Fra:1 Mem:18.93M (Peak 18.98M) | Time:00:00.00 | Mem:0.00M, Peak:0.00M | Scene, ViewLayer | Synchronizing object | door-right-center-a
Fra:1 Mem:18.94M (Peak 18.98M) | Time:00:00.00 | Mem:0.00M, Peak:0.00M | Scene, ViewLayer | Synchronizing object | wheel-rear-front-right
Fra:1 Mem:18.95M (Peak 18.98M) | Time:00:00.00 | Mem:0.00M, Peak:0.00M | Scene, ViewLayer | Synchronizing object | door-right-center-b
Fra:1 Mem:18.95M (Peak 18.98M) | Time:00:00.00 | Mem:0.00M, Peak:0.00M | Scene, ViewLayer | Synchronizing object | wheel-rear-front-left
Fra:1 Mem:18.95M (Peak 18.98M) | Time:00:00.00 | Mem:0.00M, Peak:0.00M | Scene, ViewLayer | Synchronizing object | wheel-front-rear-right
Fra:1 Mem:18.96M (Peak 18.98M) | Time:00:00.00 | Mem:0.00M, Peak:0.00M | Scene, ViewLayer | Synchronizing object | wheel-front-rear-left
Fra:1 Mem:18.99M (Peak 18.99M) | Time:00:00.00 | Mem:0.00M, Peak:0.00M | Scene, ViewLayer | Synchronizing object | door-right-front-a
Fra:1 Mem:19.00M (Peak 19.00M) | Time:00:00.00 | Mem:0.00M, Peak:0.00M | Scene, ViewLayer | Synchronizing object | wheel-front-front-right
Fra:1 Mem:19.00M (Peak 19.00M) | Time:00:00.00 | Mem:0.00M, Peak:0.00M | Scene, ViewLayer | Synchronizing object | door-right-front-b
Fra:1 Mem:18.99M (Peak 19.00M) | Time:00:00.00 | Mem:0.00M, Peak:0.00M | Scene, ViewLayer | Synchronizing object | wheel-front-front-left
Fra:1 Mem:19.01M (Peak 19.01M) | Time:00:00.00 | Mem:0.00M, Peak:0.00M | Scene, ViewLayer | Synchronizing object | door-right-rear-a
Fra:1 Mem:19.01M (Peak 19.01M) | Time:00:00.00 | Mem:0.00M, Peak:0.00M | Scene, ViewLayer | Synchronizing object | glass
Fra:1 Mem:19.05M (Peak 19.05M) | Time:00:00.00 | Mem:0.00M, Peak:0.00M | Scene, ViewLayer | Synchronizing object | door-right-rear-b
Fra:1 Mem:19.05M (Peak 19.05M) | Time:00:00.00 | Mem:0.00M, Peak:0.00M | Scene, ViewLayer | Initializing
Fra:1 Mem:16.50M (Peak 19.05M) | Time:00:00.00 | Mem:0.00M, Peak:0.00M | Scene, ViewLayer | Waiting for render to start
Fra:1 Mem:16.50M (Peak 19.05M) | Time:00:00.00 | Mem:0.00M, Peak:0.00M | Scene, ViewLayer | Loading render kernels (may take a few minutes the first time)
Fra:1 Mem:16.50M (Peak 19.05M) | Time:00:00.00 | Mem:0.00M, Peak:0.00M | Scene, ViewLayer | Updating Scene
Fra:1 Mem:16.50M (Peak 19.05M) | Time:00:00.00 | Mem:0.00M, Peak:0.00M | Scene, ViewLayer | Updating Shaders
Fra:1 Mem:16.59M (Peak 19.05M) | Time:00:00.00 | Mem:0.01M, Peak:0.01M | Scene, ViewLayer | Updating Procedurals
Fra:1 Mem:16.59M (Peak 19.05M) | Time:00:00.00 | Mem:0.01M, Peak:0.01M | Scene, ViewLayer | Updating Background
Fra:1 Mem:16.59M (Peak 19.05M) | Time:00:00.00 | Mem:0.01M, Peak:0.01M | Scene, ViewLayer | Updating Camera
Fra:1 Mem:16.59M (Peak 19.05M) | Time:00:00.00 | Mem:0.01M, Peak:0.01M | Scene, ViewLayer | Updating Meshes Flags
Fra:1 Mem:16.59M (Peak 19.05M) | Time:00:00.00 | Mem:0.01M, Peak:0.01M | Scene, ViewLayer | Updating Objects
Fra:1 Mem:16.59M (Peak 19.05M) | Time:00:00.00 | Mem:0.01M, Peak:0.01M | Scene, ViewLayer | Updating Objects | Copying Transformations to device
Fra:1 Mem:16.60M (Peak 19.05M) | Time:00:00.00 | Mem:0.02M, Peak:0.02M | Scene, ViewLayer | Updating Objects | Applying Static Transformations
Fra:1 Mem:16.60M (Peak 19.05M) | Time:00:00.00 | Mem:0.02M, Peak:0.02M | Scene, ViewLayer | Updating Particle Systems
Fra:1 Mem:16.60M (Peak 19.05M) | Time:00:00.00 | Mem:0.02M, Peak:0.02M | Scene, ViewLayer | Updating Particle Systems | Copying Particles to device
Fra:1 Mem:16.60M (Peak 19.05M) | Time:00:00.00 | Mem:0.02M, Peak:0.02M | Scene, ViewLayer | Updating Meshes
Fra:1 Mem:16.65M (Peak 19.05M) | Time:00:00.00 | Mem:0.02M, Peak:0.02M | Scene, ViewLayer | Updating Mesh | Computing attributes
Fra:1 Mem:16.80M (Peak 19.05M) | Time:00:00.00 | Mem:0.02M, Peak:0.02M | Scene, ViewLayer | Updating Mesh | Copying Attributes to device
Fra:1 Mem:16.79M (Peak 19.05M) | Time:00:00.00 | Mem:0.16M, Peak:0.16M | Scene, ViewLayer | Updating Scene BVH | Building
Fra:1 Mem:16.79M (Peak 19.05M) | Time:00:00.00 | Mem:0.16M, Peak:0.16M | Scene, ViewLayer | Updating Scene BVH | Building BVH
Fra:1 Mem:16.79M (Peak 19.05M) | Time:00:00.00 | Mem:0.26M, Peak:0.26M | Scene, ViewLayer | Updating Scene BVH | Building BVH 0%
Fra:1 Mem:16.79M (Peak 19.05M) | Time:00:00.00 | Mem:0.39M, Peak:0.49M | Scene, ViewLayer | Updating Scene BVH | Copying BVH to device
Fra:1 Mem:16.79M (Peak 19.05M) | Time:00:00.00 | Mem:0.39M, Peak:0.49M | Scene, ViewLayer | Updating Mesh | Computing normals
Fra:1 Mem:17.17M (Peak 19.05M) | Time:00:00.00 | Mem:0.39M, Peak:0.49M | Scene, ViewLayer | Updating Mesh | Copying Mesh to device
Fra:1 Mem:17.17M (Peak 19.05M) | Time:00:00.00 | Mem:0.77M, Peak:0.77M | Scene, ViewLayer | Updating Objects Flags
Fra:1 Mem:17.17M (Peak 19.05M) | Time:00:00.00 | Mem:0.77M, Peak:0.77M | Scene, ViewLayer | Updating Primitive Offsets
Fra:1 Mem:17.17M (Peak 19.05M) | Time:00:00.00 | Mem:0.77M, Peak:0.77M | Scene, ViewLayer | Updating Images
Fra:1 Mem:17.17M (Peak 19.05M) | Time:00:00.00 | Mem:0.77M, Peak:0.77M | Scene, ViewLayer | Updating Camera Volume
Fra:1 Mem:17.17M (Peak 19.05M) | Time:00:00.00 | Mem:0.77M, Peak:0.77M | Scene, ViewLayer | Updating Lookup Tables
Fra:1 Mem:17.17M (Peak 19.05M) | Time:00:00.00 | Mem:0.85M, Peak:0.85M | Scene, ViewLayer | Updating Lights
Fra:1 Mem:17.17M (Peak 19.05M) | Time:00:00.00 | Mem:0.85M, Peak:0.85M | Scene, ViewLayer | Updating Lights | Computing tree
Fra:1 Mem:17.17M (Peak 19.05M) | Time:00:00.00 | Mem:0.85M, Peak:0.85M | Scene, ViewLayer | Updating Integrator
Fra:1 Mem:17.17M (Peak 19.05M) | Time:00:00.00 | Mem:0.85M, Peak:0.85M | Scene, ViewLayer | Updating Film
Fra:1 Mem:17.18M (Peak 19.05M) | Time:00:00.00 | Mem:0.77M, Peak:0.85M | Scene, ViewLayer | Updating Lookup Tables
Fra:1 Mem:17.18M (Peak 19.05M) | Time:00:00.00 | Mem:0.85M, Peak:0.85M | Scene, ViewLayer | Updating Baking
Fra:1 Mem:17.18M (Peak 19.05M) | Time:00:00.00 | Mem:0.85M, Peak:0.85M | Scene, ViewLayer | Updating Device | Writing constant memory
Fra:1 Mem:17.18M (Peak 19.05M) | Time:00:00.00 | Mem:0.85M, Peak:0.85M | Scene, ViewLayer | Sample 0/8
Fra:1 Mem:25.97M (Peak 25.97M) | Time:00:00.69 | Remaining:00:04.80 | Mem:9.64M, Peak:9.64M | Scene, ViewLayer | Sample 1/8
Fra:1 Mem:29.88M (Peak 37.69M) | Time:00:05.29 | Mem:9.64M, Peak:9.64M | Scene, ViewLayer | Sample 8/8
Fra:1 Mem:29.88M (Peak 37.69M) | Time:00:05.29 | Mem:9.64M, Peak:9.64M | Scene, ViewLayer | Finished
Saved: '/workspace/scratch/7c20b5ba4165/atlas-backlog-oct3/tools/assets/boardable-metro/qa/previews/middle-seat-left-02-eye.png'
Time: 00:05.34 (Saving: 00:00.05)

Fra:1 Mem:18.50M (Peak 18.50M) | Time:00:00.00 | Mem:0.00M, Peak:0.00M | Scene, ViewLayer | Synchronizing object | body-shell
Fra:1 Mem:18.97M (Peak 18.97M) | Time:00:00.00 | Mem:0.00M, Peak:0.00M | Scene, ViewLayer | Synchronizing object | QA-ground
Fra:1 Mem:18.61M (Peak 18.97M) | Time:00:00.00 | Mem:0.00M, Peak:0.00M | Scene, ViewLayer | Synchronizing object | interior-batch-metro-seat
Fra:1 Mem:18.86M (Peak 18.97M) | Time:00:00.00 | Mem:0.00M, Peak:0.00M | Scene, ViewLayer | Synchronizing object | interior-batch-metro-priority-seat
Fra:1 Mem:18.76M (Peak 18.97M) | Time:00:00.00 | Mem:0.00M, Peak:0.00M | Scene, ViewLayer | Synchronizing object | interior-batch-metro-screen
Fra:1 Mem:18.75M (Peak 18.97M) | Time:00:00.00 | Mem:0.00M, Peak:0.00M | Scene, ViewLayer | Synchronizing object | bogie-front-frame
Fra:1 Mem:18.73M (Peak 18.97M) | Time:00:00.00 | Mem:0.00M, Peak:0.00M | Scene, ViewLayer | Synchronizing object | interior-batch-metro-rail
Fra:1 Mem:18.73M (Peak 18.97M) | Time:00:00.00 | Mem:0.00M, Peak:0.00M | Scene, ViewLayer | Synchronizing object | bogie-rear-frame
Fra:1 Mem:18.90M (Peak 18.97M) | Time:00:00.00 | Mem:0.00M, Peak:0.00M | Scene, ViewLayer | Synchronizing object | door-left-center-a
Fra:1 Mem:18.95M (Peak 18.97M) | Time:00:00.00 | Mem:0.00M, Peak:0.00M | Scene, ViewLayer | Synchronizing object | door-left-center-b
Fra:1 Mem:18.83M (Peak 18.97M) | Time:00:00.00 | Mem:0.00M, Peak:0.00M | Scene, ViewLayer | Synchronizing object | door-left-front-a
Fra:1 Mem:18.86M (Peak 18.97M) | Time:00:00.00 | Mem:0.00M, Peak:0.00M | Scene, ViewLayer | Synchronizing object | door-left-front-b
Fra:1 Mem:18.95M (Peak 18.97M) | Time:00:00.00 | Mem:0.00M, Peak:0.00M | Scene, ViewLayer | Synchronizing object | door-left-rear-a
Fra:1 Mem:18.96M (Peak 18.97M) | Time:00:00.00 | Mem:0.00M, Peak:0.00M | Scene, ViewLayer | Synchronizing object | door-left-rear-b
Fra:1 Mem:18.96M (Peak 18.97M) | Time:00:00.00 | Mem:0.00M, Peak:0.00M | Scene, ViewLayer | Synchronizing object | door-right-center-a
Fra:1 Mem:18.89M (Peak 18.97M) | Time:00:00.00 | Mem:0.00M, Peak:0.00M | Scene, ViewLayer | Synchronizing object | interior-batch-metro-floor
Fra:1 Mem:18.88M (Peak 18.97M) | Time:00:00.00 | Mem:0.00M, Peak:0.00M | Scene, ViewLayer | Synchronizing object | door-right-center-b
Fra:1 Mem:18.90M (Peak 18.97M) | Time:00:00.00 | Mem:0.00M, Peak:0.00M | Scene, ViewLayer | Synchronizing object | interior-batch-metro-wall
Fra:1 Mem:18.89M (Peak 18.97M) | Time:00:00.00 | Mem:0.00M, Peak:0.00M | Scene, ViewLayer | Synchronizing object | door-right-front-a
Fra:1 Mem:18.92M (Peak 18.97M) | Time:00:00.00 | Mem:0.00M, Peak:0.00M | Scene, ViewLayer | Synchronizing object | door-right-front-b
Fra:1 Mem:18.98M (Peak 18.98M) | Time:00:00.00 | Mem:0.00M, Peak:0.00M | Scene, ViewLayer | Synchronizing object | door-right-rear-a
Fra:1 Mem:18.94M (Peak 18.98M) | Time:00:00.00 | Mem:0.00M, Peak:0.00M | Scene, ViewLayer | Synchronizing object | door-right-rear-b
Fra:1 Mem:18.98M (Peak 18.98M) | Time:00:00.00 | Mem:0.00M, Peak:0.00M | Scene, ViewLayer | Synchronizing object | wheel-rear-rear-right
Fra:1 Mem:18.99M (Peak 18.99M) | Time:00:00.00 | Mem:0.00M, Peak:0.00M | Scene, ViewLayer | Synchronizing object | glass
Fra:1 Mem:19.00M (Peak 19.00M) | Time:00:00.00 | Mem:0.00M, Peak:0.00M | Scene, ViewLayer | Synchronizing object | wheel-rear-rear-left
Fra:1 Mem:19.00M (Peak 19.00M) | Time:00:00.00 | Mem:0.00M, Peak:0.00M | Scene, ViewLayer | Synchronizing object | wheel-front-front-left
Fra:1 Mem:19.03M (Peak 19.03M) | Time:00:00.00 | Mem:0.00M, Peak:0.00M | Scene, ViewLayer | Synchronizing object | wheel-rear-front-right
Fra:1 Mem:19.01M (Peak 19.03M) | Time:00:00.00 | Mem:0.00M, Peak:0.00M | Scene, ViewLayer | Synchronizing object | wheel-front-front-right
Fra:1 Mem:19.04M (Peak 19.04M) | Time:00:00.00 | Mem:0.00M, Peak:0.00M | Scene, ViewLayer | Synchronizing object | wheel-rear-front-left
Fra:1 Mem:19.05M (Peak 19.05M) | Time:00:00.00 | Mem:0.00M, Peak:0.00M | Scene, ViewLayer | Synchronizing object | wheel-front-rear-left
Fra:1 Mem:19.06M (Peak 19.06M) | Time:00:00.00 | Mem:0.00M, Peak:0.00M | Scene, ViewLayer | Synchronizing object | wheel-front-rear-right
Fra:1 Mem:19.05M (Peak 19.06M) | Time:00:00.00 | Mem:0.00M, Peak:0.00M | Scene, ViewLayer | Initializing
Fra:1 Mem:16.50M (Peak 19.06M) | Time:00:00.00 | Mem:0.00M, Peak:0.00M | Scene, ViewLayer | Waiting for render to start
Fra:1 Mem:16.50M (Peak 19.06M) | Time:00:00.00 | Mem:0.00M, Peak:0.00M | Scene, ViewLayer | Loading render kernels (may take a few minutes the first time)
Fra:1 Mem:16.50M (Peak 19.06M) | Time:00:00.00 | Mem:0.00M, Peak:0.00M | Scene, ViewLayer | Updating Scene
Fra:1 Mem:16.50M (Peak 19.06M) | Time:00:00.00 | Mem:0.00M, Peak:0.00M | Scene, ViewLayer | Updating Shaders
Fra:1 Mem:16.59M (Peak 19.06M) | Time:00:00.00 | Mem:0.01M, Peak:0.01M | Scene, ViewLayer | Updating Procedurals
Fra:1 Mem:16.59M (Peak 19.06M) | Time:00:00.00 | Mem:0.01M, Peak:0.01M | Scene, ViewLayer | Updating Background
Fra:1 Mem:16.59M (Peak 19.06M) | Time:00:00.00 | Mem:0.01M, Peak:0.01M | Scene, ViewLayer | Updating Camera
Fra:1 Mem:16.59M (Peak 19.06M) | Time:00:00.00 | Mem:0.01M, Peak:0.01M | Scene, ViewLayer | Updating Meshes Flags
Fra:1 Mem:16.59M (Peak 19.06M) | Time:00:00.00 | Mem:0.01M, Peak:0.01M | Scene, ViewLayer | Updating Objects
Fra:1 Mem:16.59M (Peak 19.06M) | Time:00:00.00 | Mem:0.01M, Peak:0.01M | Scene, ViewLayer | Updating Objects | Copying Transformations to device
Fra:1 Mem:16.60M (Peak 19.06M) | Time:00:00.00 | Mem:0.02M, Peak:0.02M | Scene, ViewLayer | Updating Objects | Applying Static Transformations
Fra:1 Mem:16.60M (Peak 19.06M) | Time:00:00.00 | Mem:0.02M, Peak:0.02M | Scene, ViewLayer | Updating Particle Systems
Fra:1 Mem:16.60M (Peak 19.06M) | Time:00:00.00 | Mem:0.02M, Peak:0.02M | Scene, ViewLayer | Updating Particle Systems | Copying Particles to device
Fra:1 Mem:16.60M (Peak 19.06M) | Time:00:00.00 | Mem:0.02M, Peak:0.02M | Scene, ViewLayer | Updating Meshes
Fra:1 Mem:16.65M (Peak 19.06M) | Time:00:00.00 | Mem:0.02M, Peak:0.02M | Scene, ViewLayer | Updating Mesh | Computing attributes
Fra:1 Mem:16.80M (Peak 19.06M) | Time:00:00.00 | Mem:0.02M, Peak:0.02M | Scene, ViewLayer | Updating Mesh | Copying Attributes to device
Fra:1 Mem:16.79M (Peak 19.06M) | Time:00:00.00 | Mem:0.16M, Peak:0.16M | Scene, ViewLayer | Updating Scene BVH | Building
Fra:1 Mem:16.79M (Peak 19.06M) | Time:00:00.00 | Mem:0.16M, Peak:0.16M | Scene, ViewLayer | Updating Scene BVH | Building BVH
Fra:1 Mem:16.79M (Peak 19.06M) | Time:00:00.00 | Mem:0.26M, Peak:0.26M | Scene, ViewLayer | Updating Scene BVH | Building BVH 0%
Fra:1 Mem:16.79M (Peak 19.06M) | Time:00:00.01 | Mem:0.39M, Peak:0.49M | Scene, ViewLayer | Updating Scene BVH | Copying BVH to device
Fra:1 Mem:16.79M (Peak 19.06M) | Time:00:00.01 | Mem:0.39M, Peak:0.49M | Scene, ViewLayer | Updating Mesh | Computing normals
Fra:1 Mem:17.17M (Peak 19.06M) | Time:00:00.01 | Mem:0.39M, Peak:0.49M | Scene, ViewLayer | Updating Mesh | Copying Mesh to device
Fra:1 Mem:17.17M (Peak 19.06M) | Time:00:00.01 | Mem:0.77M, Peak:0.77M | Scene, ViewLayer | Updating Objects Flags
Fra:1 Mem:17.17M (Peak 19.06M) | Time:00:00.01 | Mem:0.77M, Peak:0.77M | Scene, ViewLayer | Updating Primitive Offsets
Fra:1 Mem:17.17M (Peak 19.06M) | Time:00:00.01 | Mem:0.77M, Peak:0.77M | Scene, ViewLayer | Updating Images
Fra:1 Mem:17.17M (Peak 19.06M) | Time:00:00.01 | Mem:0.77M, Peak:0.77M | Scene, ViewLayer | Updating Camera Volume
Fra:1 Mem:17.17M (Peak 19.06M) | Time:00:00.01 | Mem:0.77M, Peak:0.77M | Scene, ViewLayer | Updating Lookup Tables
Fra:1 Mem:17.17M (Peak 19.06M) | Time:00:00.01 | Mem:0.85M, Peak:0.85M | Scene, ViewLayer | Updating Lights
Fra:1 Mem:17.17M (Peak 19.06M) | Time:00:00.01 | Mem:0.85M, Peak:0.85M | Scene, ViewLayer | Updating Lights | Computing tree
Fra:1 Mem:17.17M (Peak 19.06M) | Time:00:00.01 | Mem:0.85M, Peak:0.85M | Scene, ViewLayer | Updating Integrator
Fra:1 Mem:17.17M (Peak 19.06M) | Time:00:00.01 | Mem:0.85M, Peak:0.85M | Scene, ViewLayer | Updating Film
Fra:1 Mem:17.18M (Peak 19.06M) | Time:00:00.01 | Mem:0.77M, Peak:0.85M | Scene, ViewLayer | Updating Lookup Tables
Fra:1 Mem:17.18M (Peak 19.06M) | Time:00:00.01 | Mem:0.85M, Peak:0.85M | Scene, ViewLayer | Updating Baking
Fra:1 Mem:17.18M (Peak 19.06M) | Time:00:00.01 | Mem:0.85M, Peak:0.85M | Scene, ViewLayer | Updating Device | Writing constant memory
Fra:1 Mem:17.18M (Peak 19.06M) | Time:00:00.01 | Mem:0.85M, Peak:0.85M | Scene, ViewLayer | Sample 0/8
Fra:1 Mem:25.97M (Peak 25.97M) | Time:00:00.59 | Remaining:00:04.11 | Mem:9.64M, Peak:9.64M | Scene, ViewLayer | Sample 1/8
Fra:1 Mem:29.88M (Peak 37.69M) | Time:00:04.57 | Mem:9.64M, Peak:9.64M | Scene, ViewLayer | Sample 8/8
Fra:1 Mem:29.88M (Peak 37.69M) | Time:00:04.57 | Mem:9.64M, Peak:9.64M | Scene, ViewLayer | Finished
Saved: '/workspace/scratch/7c20b5ba4165/atlas-backlog-oct3/tools/assets/boardable-metro/qa/previews/middle-seat-left-03-eye.png'
Time: 00:04.61 (Saving: 00:00.03)

Fra:1 Mem:18.50M (Peak 18.50M) | Time:00:00.00 | Mem:0.00M, Peak:0.00M | Scene, ViewLayer | Synchronizing object | body-shell
Fra:1 Mem:18.92M (Peak 18.92M) | Time:00:00.00 | Mem:0.00M, Peak:0.00M | Scene, ViewLayer | Synchronizing object | QA-ground
Fra:1 Mem:18.97M (Peak 18.97M) | Time:00:00.00 | Mem:0.00M, Peak:0.00M | Scene, ViewLayer | Synchronizing object | interior-batch-metro-seat
Fra:1 Mem:18.75M (Peak 18.97M) | Time:00:00.00 | Mem:0.00M, Peak:0.00M | Scene, ViewLayer | Synchronizing object | interior-batch-metro-priority-seat
Fra:1 Mem:18.94M (Peak 18.97M) | Time:00:00.00 | Mem:0.00M, Peak:0.00M | Scene, ViewLayer | Synchronizing object | interior-batch-metro-screen
Fra:1 Mem:18.95M (Peak 18.97M) | Time:00:00.00 | Mem:0.00M, Peak:0.00M | Scene, ViewLayer | Synchronizing object | interior-batch-metro-rail
Fra:1 Mem:18.91M (Peak 18.97M) | Time:00:00.00 | Mem:0.00M, Peak:0.00M | Scene, ViewLayer | Synchronizing object | bogie-front-frame
Fra:1 Mem:18.91M (Peak 18.97M) | Time:00:00.00 | Mem:0.00M, Peak:0.00M | Scene, ViewLayer | Synchronizing object | bogie-rear-frame
Fra:1 Mem:18.85M (Peak 18.97M) | Time:00:00.00 | Mem:0.00M, Peak:0.00M | Scene, ViewLayer | Synchronizing object | door-left-center-a
Fra:1 Mem:18.84M (Peak 18.97M) | Time:00:00.00 | Mem:0.00M, Peak:0.00M | Scene, ViewLayer | Synchronizing object | interior-batch-metro-floor
Fra:1 Mem:18.82M (Peak 18.97M) | Time:00:00.00 | Mem:0.00M, Peak:0.00M | Scene, ViewLayer | Synchronizing object | interior-batch-metro-wall
Fra:1 Mem:18.90M (Peak 18.97M) | Time:00:00.00 | Mem:0.00M, Peak:0.00M | Scene, ViewLayer | Synchronizing object | door-left-center-b
Fra:1 Mem:18.88M (Peak 18.97M) | Time:00:00.00 | Mem:0.00M, Peak:0.00M | Scene, ViewLayer | Synchronizing object | door-left-front-a
Fra:1 Mem:18.87M (Peak 18.97M) | Time:00:00.00 | Mem:0.00M, Peak:0.00M | Scene, ViewLayer | Synchronizing object | wheel-rear-rear-right
Fra:1 Mem:18.90M (Peak 18.97M) | Time:00:00.00 | Mem:0.00M, Peak:0.00M | Scene, ViewLayer | Synchronizing object | door-left-front-b
Fra:1 Mem:18.89M (Peak 18.97M) | Time:00:00.00 | Mem:0.00M, Peak:0.00M | Scene, ViewLayer | Synchronizing object | wheel-rear-rear-left
Fra:1 Mem:18.92M (Peak 18.97M) | Time:00:00.00 | Mem:0.00M, Peak:0.00M | Scene, ViewLayer | Synchronizing object | door-left-rear-a
Fra:1 Mem:18.91M (Peak 18.97M) | Time:00:00.00 | Mem:0.00M, Peak:0.00M | Scene, ViewLayer | Synchronizing object | wheel-rear-front-right
Fra:1 Mem:18.92M (Peak 18.97M) | Time:00:00.00 | Mem:0.00M, Peak:0.00M | Scene, ViewLayer | Synchronizing object | door-left-rear-b
Fra:1 Mem:18.95M (Peak 18.97M) | Time:00:00.00 | Mem:0.00M, Peak:0.00M | Scene, ViewLayer | Synchronizing object | wheel-rear-front-left
Fra:1 Mem:18.94M (Peak 18.97M) | Time:00:00.00 | Mem:0.00M, Peak:0.00M | Scene, ViewLayer | Synchronizing object | door-right-center-a
Fra:1 Mem:18.96M (Peak 18.97M) | Time:00:00.00 | Mem:0.00M, Peak:0.00M | Scene, ViewLayer | Synchronizing object | wheel-front-rear-right
Fra:1 Mem:18.97M (Peak 18.97M) | Time:00:00.00 | Mem:0.00M, Peak:0.00M | Scene, ViewLayer | Synchronizing object | door-right-center-b
Fra:1 Mem:18.96M (Peak 18.97M) | Time:00:00.00 | Mem:0.00M, Peak:0.00M | Scene, ViewLayer | Synchronizing object | wheel-front-rear-left
Fra:1 Mem:18.97M (Peak 18.97M) | Time:00:00.00 | Mem:0.00M, Peak:0.00M | Scene, ViewLayer | Synchronizing object | door-right-front-a
Fra:1 Mem:18.98M (Peak 18.98M) | Time:00:00.00 | Mem:0.00M, Peak:0.00M | Scene, ViewLayer | Synchronizing object | wheel-front-front-right
Fra:1 Mem:19.01M (Peak 19.01M) | Time:00:00.00 | Mem:0.00M, Peak:0.00M | Scene, ViewLayer | Synchronizing object | door-right-front-b
Fra:1 Mem:18.99M (Peak 19.01M) | Time:00:00.00 | Mem:0.00M, Peak:0.00M | Scene, ViewLayer | Synchronizing object | wheel-front-front-left
Fra:1 Mem:19.01M (Peak 19.01M) | Time:00:00.00 | Mem:0.00M, Peak:0.00M | Scene, ViewLayer | Synchronizing object | door-right-rear-a
Fra:1 Mem:19.01M (Peak 19.01M) | Time:00:00.00 | Mem:0.00M, Peak:0.00M | Scene, ViewLayer | Synchronizing object | glass
Fra:1 Mem:19.05M (Peak 19.05M) | Time:00:00.00 | Mem:0.00M, Peak:0.00M | Scene, ViewLayer | Synchronizing object | door-right-rear-b
Fra:1 Mem:19.05M (Peak 19.05M) | Time:00:00.00 | Mem:0.00M, Peak:0.00M | Scene, ViewLayer | Initializing
Fra:1 Mem:16.50M (Peak 19.05M) | Time:00:00.00 | Mem:0.00M, Peak:0.00M | Scene, ViewLayer | Waiting for render to start
Fra:1 Mem:16.50M (Peak 19.05M) | Time:00:00.00 | Mem:0.00M, Peak:0.00M | Scene, ViewLayer | Loading render kernels (may take a few minutes the first time)
Fra:1 Mem:16.50M (Peak 19.05M) | Time:00:00.00 | Mem:0.00M, Peak:0.00M | Scene, ViewLayer | Updating Scene
Fra:1 Mem:16.50M (Peak 19.05M) | Time:00:00.00 | Mem:0.00M, Peak:0.00M | Scene, ViewLayer | Updating Shaders
Fra:1 Mem:16.59M (Peak 19.05M) | Time:00:00.00 | Mem:0.01M, Peak:0.01M | Scene, ViewLayer | Updating Procedurals
Fra:1 Mem:16.59M (Peak 19.05M) | Time:00:00.00 | Mem:0.01M, Peak:0.01M | Scene, ViewLayer | Updating Background
Fra:1 Mem:16.59M (Peak 19.05M) | Time:00:00.00 | Mem:0.01M, Peak:0.01M | Scene, ViewLayer | Updating Camera
Fra:1 Mem:16.59M (Peak 19.05M) | Time:00:00.00 | Mem:0.01M, Peak:0.01M | Scene, ViewLayer | Updating Meshes Flags
Fra:1 Mem:16.59M (Peak 19.05M) | Time:00:00.00 | Mem:0.01M, Peak:0.01M | Scene, ViewLayer | Updating Objects
Fra:1 Mem:16.59M (Peak 19.05M) | Time:00:00.00 | Mem:0.01M, Peak:0.01M | Scene, ViewLayer | Updating Objects | Copying Transformations to device
Fra:1 Mem:16.60M (Peak 19.05M) | Time:00:00.00 | Mem:0.02M, Peak:0.02M | Scene, ViewLayer | Updating Objects | Applying Static Transformations
Fra:1 Mem:16.60M (Peak 19.05M) | Time:00:00.00 | Mem:0.02M, Peak:0.02M | Scene, ViewLayer | Updating Particle Systems
Fra:1 Mem:16.60M (Peak 19.05M) | Time:00:00.00 | Mem:0.02M, Peak:0.02M | Scene, ViewLayer | Updating Particle Systems | Copying Particles to device
Fra:1 Mem:16.60M (Peak 19.05M) | Time:00:00.00 | Mem:0.02M, Peak:0.02M | Scene, ViewLayer | Updating Meshes
Fra:1 Mem:16.65M (Peak 19.05M) | Time:00:00.00 | Mem:0.02M, Peak:0.02M | Scene, ViewLayer | Updating Mesh | Computing attributes
Fra:1 Mem:16.80M (Peak 19.05M) | Time:00:00.00 | Mem:0.02M, Peak:0.02M | Scene, ViewLayer | Updating Mesh | Copying Attributes to device
Fra:1 Mem:16.79M (Peak 19.05M) | Time:00:00.00 | Mem:0.16M, Peak:0.16M | Scene, ViewLayer | Updating Scene BVH | Building
Fra:1 Mem:16.79M (Peak 19.05M) | Time:00:00.00 | Mem:0.16M, Peak:0.16M | Scene, ViewLayer | Updating Scene BVH | Building BVH
Fra:1 Mem:16.79M (Peak 19.05M) | Time:00:00.00 | Mem:0.26M, Peak:0.26M | Scene, ViewLayer | Updating Scene BVH | Building BVH 0%
Fra:1 Mem:16.79M (Peak 19.05M) | Time:00:00.00 | Mem:0.39M, Peak:0.49M | Scene, ViewLayer | Updating Scene BVH | Copying BVH to device
Fra:1 Mem:16.79M (Peak 19.05M) | Time:00:00.00 | Mem:0.39M, Peak:0.49M | Scene, ViewLayer | Updating Mesh | Computing normals
Fra:1 Mem:17.17M (Peak 19.05M) | Time:00:00.00 | Mem:0.39M, Peak:0.49M | Scene, ViewLayer | Updating Mesh | Copying Mesh to device
Fra:1 Mem:17.17M (Peak 19.05M) | Time:00:00.00 | Mem:0.77M, Peak:0.77M | Scene, ViewLayer | Updating Objects Flags
Fra:1 Mem:17.17M (Peak 19.05M) | Time:00:00.00 | Mem:0.77M, Peak:0.77M | Scene, ViewLayer | Updating Primitive Offsets
Fra:1 Mem:17.17M (Peak 19.05M) | Time:00:00.00 | Mem:0.77M, Peak:0.77M | Scene, ViewLayer | Updating Images
Fra:1 Mem:17.17M (Peak 19.05M) | Time:00:00.00 | Mem:0.77M, Peak:0.77M | Scene, ViewLayer | Updating Camera Volume
Fra:1 Mem:17.17M (Peak 19.05M) | Time:00:00.00 | Mem:0.77M, Peak:0.77M | Scene, ViewLayer | Updating Lookup Tables
Fra:1 Mem:17.17M (Peak 19.05M) | Time:00:00.00 | Mem:0.85M, Peak:0.85M | Scene, ViewLayer | Updating Lights
Fra:1 Mem:17.17M (Peak 19.05M) | Time:00:00.00 | Mem:0.85M, Peak:0.85M | Scene, ViewLayer | Updating Lights | Computing tree
Fra:1 Mem:17.17M (Peak 19.05M) | Time:00:00.00 | Mem:0.85M, Peak:0.85M | Scene, ViewLayer | Updating Integrator
Fra:1 Mem:17.17M (Peak 19.05M) | Time:00:00.00 | Mem:0.85M, Peak:0.85M | Scene, ViewLayer | Updating Film
Fra:1 Mem:17.18M (Peak 19.05M) | Time:00:00.00 | Mem:0.77M, Peak:0.85M | Scene, ViewLayer | Updating Lookup Tables
Fra:1 Mem:17.18M (Peak 19.05M) | Time:00:00.00 | Mem:0.85M, Peak:0.85M | Scene, ViewLayer | Updating Baking
Fra:1 Mem:17.18M (Peak 19.05M) | Time:00:00.00 | Mem:0.85M, Peak:0.85M | Scene, ViewLayer | Updating Device | Writing constant memory
Fra:1 Mem:17.18M (Peak 19.05M) | Time:00:00.00 | Mem:0.85M, Peak:0.85M | Scene, ViewLayer | Sample 0/8
Fra:1 Mem:25.97M (Peak 25.97M) | Time:00:00.65 | Remaining:00:04.53 | Mem:9.64M, Peak:9.64M | Scene, ViewLayer | Sample 1/8
Fra:1 Mem:29.88M (Peak 37.69M) | Time:00:05.11 | Mem:9.64M, Peak:9.64M | Scene, ViewLayer | Sample 8/8
Fra:1 Mem:29.88M (Peak 37.69M) | Time:00:05.11 | Mem:9.64M, Peak:9.64M | Scene, ViewLayer | Finished
Saved: '/workspace/scratch/7c20b5ba4165/atlas-backlog-oct3/tools/assets/boardable-metro/qa/previews/middle-seat-left-04-eye.png'
Time: 00:05.15 (Saving: 00:00.03)

Fra:1 Mem:18.50M (Peak 18.50M) | Time:00:00.00 | Mem:0.00M, Peak:0.00M | Scene, ViewLayer | Synchronizing object | body-shell
Fra:1 Mem:18.91M (Peak 18.91M) | Time:00:00.00 | Mem:0.00M, Peak:0.00M | Scene, ViewLayer | Synchronizing object | QA-ground
Fra:1 Mem:18.97M (Peak 18.97M) | Time:00:00.00 | Mem:0.00M, Peak:0.00M | Scene, ViewLayer | Synchronizing object | interior-batch-metro-seat
Fra:1 Mem:18.79M (Peak 18.97M) | Time:00:00.00 | Mem:0.00M, Peak:0.00M | Scene, ViewLayer | Synchronizing object | interior-batch-metro-priority-seat
Fra:1 Mem:18.94M (Peak 18.97M) | Time:00:00.00 | Mem:0.00M, Peak:0.00M | Scene, ViewLayer | Synchronizing object | interior-batch-metro-screen
Fra:1 Mem:18.95M (Peak 18.97M) | Time:00:00.00 | Mem:0.00M, Peak:0.00M | Scene, ViewLayer | Synchronizing object | interior-batch-metro-rail
Fra:1 Mem:18.91M (Peak 18.97M) | Time:00:00.00 | Mem:0.00M, Peak:0.00M | Scene, ViewLayer | Synchronizing object | bogie-front-frame
Fra:1 Mem:18.92M (Peak 18.97M) | Time:00:00.00 | Mem:0.00M, Peak:0.00M | Scene, ViewLayer | Synchronizing object | bogie-rear-frame
Fra:1 Mem:18.91M (Peak 18.97M) | Time:00:00.00 | Mem:0.00M, Peak:0.00M | Scene, ViewLayer | Synchronizing object | door-left-center-a
Fra:1 Mem:18.84M (Peak 18.97M) | Time:00:00.00 | Mem:0.00M, Peak:0.00M | Scene, ViewLayer | Synchronizing object | interior-batch-metro-floor
Fra:1 Mem:18.83M (Peak 18.97M) | Time:00:00.00 | Mem:0.00M, Peak:0.00M | Scene, ViewLayer | Synchronizing object | interior-batch-metro-wall
Fra:1 Mem:18.83M (Peak 18.97M) | Time:00:00.00 | Mem:0.00M, Peak:0.00M | Scene, ViewLayer | Synchronizing object | door-left-center-b
Fra:1 Mem:18.87M (Peak 18.97M) | Time:00:00.00 | Mem:0.00M, Peak:0.00M | Scene, ViewLayer | Synchronizing object | door-left-front-a
Fra:1 Mem:18.88M (Peak 18.97M) | Time:00:00.00 | Mem:0.00M, Peak:0.00M | Scene, ViewLayer | Synchronizing object | door-left-front-b
Fra:1 Mem:18.87M (Peak 18.97M) | Time:00:00.00 | Mem:0.00M, Peak:0.00M | Scene, ViewLayer | Synchronizing object | wheel-rear-rear-right
Fra:1 Mem:18.90M (Peak 18.97M) | Time:00:00.00 | Mem:0.00M, Peak:0.00M | Scene, ViewLayer | Synchronizing object | door-left-rear-a
Fra:1 Mem:18.89M (Peak 18.97M) | Time:00:00.00 | Mem:0.00M, Peak:0.00M | Scene, ViewLayer | Synchronizing object | wheel-rear-rear-left
Fra:1 Mem:18.91M (Peak 18.97M) | Time:00:00.00 | Mem:0.00M, Peak:0.00M | Scene, ViewLayer | Synchronizing object | door-left-rear-b
Fra:1 Mem:18.94M (Peak 18.97M) | Time:00:00.00 | Mem:0.00M, Peak:0.00M | Scene, ViewLayer | Synchronizing object | wheel-rear-front-right
Fra:1 Mem:18.93M (Peak 18.97M) | Time:00:00.00 | Mem:0.00M, Peak:0.00M | Scene, ViewLayer | Synchronizing object | door-right-center-a
Fra:1 Mem:18.96M (Peak 18.97M) | Time:00:00.00 | Mem:0.00M, Peak:0.00M | Scene, ViewLayer | Synchronizing object | wheel-rear-front-left
Fra:1 Mem:18.96M (Peak 18.97M) | Time:00:00.00 | Mem:0.00M, Peak:0.00M | Scene, ViewLayer | Synchronizing object | door-right-center-b
Fra:1 Mem:18.97M (Peak 18.97M) | Time:00:00.00 | Mem:0.00M, Peak:0.00M | Scene, ViewLayer | Synchronizing object | wheel-front-rear-right
Fra:1 Mem:18.96M (Peak 18.97M) | Time:00:00.00 | Mem:0.00M, Peak:0.00M | Scene, ViewLayer | Synchronizing object | door-right-front-a
Fra:1 Mem:18.97M (Peak 18.97M) | Time:00:00.00 | Mem:0.00M, Peak:0.00M | Scene, ViewLayer | Synchronizing object | wheel-front-rear-left
Fra:1 Mem:19.00M (Peak 19.00M) | Time:00:00.00 | Mem:0.00M, Peak:0.00M | Scene, ViewLayer | Synchronizing object | door-right-front-b
Fra:1 Mem:18.99M (Peak 19.00M) | Time:00:00.00 | Mem:0.00M, Peak:0.00M | Scene, ViewLayer | Synchronizing object | wheel-front-front-right
Fra:1 Mem:19.01M (Peak 19.01M) | Time:00:00.00 | Mem:0.00M, Peak:0.00M | Scene, ViewLayer | Synchronizing object | wheel-front-front-left
Fra:1 Mem:19.01M (Peak 19.01M) | Time:00:00.00 | Mem:0.00M, Peak:0.00M | Scene, ViewLayer | Synchronizing object | door-right-rear-a
Fra:1 Mem:19.03M (Peak 19.03M) | Time:00:00.00 | Mem:0.00M, Peak:0.00M | Scene, ViewLayer | Synchronizing object | glass
Fra:1 Mem:19.03M (Peak 19.03M) | Time:00:00.00 | Mem:0.00M, Peak:0.00M | Scene, ViewLayer | Synchronizing object | door-right-rear-b
Fra:1 Mem:19.05M (Peak 19.05M) | Time:00:00.00 | Mem:0.00M, Peak:0.00M | Scene, ViewLayer | Initializing
Fra:1 Mem:16.50M (Peak 19.05M) | Time:00:00.00 | Mem:0.00M, Peak:0.00M | Scene, ViewLayer | Waiting for render to start
Fra:1 Mem:16.50M (Peak 19.05M) | Time:00:00.00 | Mem:0.00M, Peak:0.00M | Scene, ViewLayer | Loading render kernels (may take a few minutes the first time)
Fra:1 Mem:16.50M (Peak 19.05M) | Time:00:00.00 | Mem:0.00M, Peak:0.00M | Scene, ViewLayer | Updating Scene
Fra:1 Mem:16.50M (Peak 19.05M) | Time:00:00.00 | Mem:0.00M, Peak:0.00M | Scene, ViewLayer | Updating Shaders
Fra:1 Mem:16.60M (Peak 19.05M) | Time:00:00.00 | Mem:0.01M, Peak:0.01M | Scene, ViewLayer | Updating Procedurals
Fra:1 Mem:16.60M (Peak 19.05M) | Time:00:00.00 | Mem:0.01M, Peak:0.01M | Scene, ViewLayer | Updating Background
Fra:1 Mem:16.60M (Peak 19.05M) | Time:00:00.00 | Mem:0.01M, Peak:0.01M | Scene, ViewLayer | Updating Camera
Fra:1 Mem:16.60M (Peak 19.05M) | Time:00:00.00 | Mem:0.01M, Peak:0.01M | Scene, ViewLayer | Updating Meshes Flags
Fra:1 Mem:16.60M (Peak 19.05M) | Time:00:00.00 | Mem:0.01M, Peak:0.01M | Scene, ViewLayer | Updating Objects
Fra:1 Mem:16.60M (Peak 19.05M) | Time:00:00.00 | Mem:0.01M, Peak:0.01M | Scene, ViewLayer | Updating Objects | Copying Transformations to device
Fra:1 Mem:16.60M (Peak 19.05M) | Time:00:00.00 | Mem:0.02M, Peak:0.02M | Scene, ViewLayer | Updating Objects | Applying Static Transformations
Fra:1 Mem:16.60M (Peak 19.05M) | Time:00:00.00 | Mem:0.02M, Peak:0.02M | Scene, ViewLayer | Updating Particle Systems
Fra:1 Mem:16.60M (Peak 19.05M) | Time:00:00.00 | Mem:0.02M, Peak:0.02M | Scene, ViewLayer | Updating Particle Systems | Copying Particles to device
Fra:1 Mem:16.60M (Peak 19.05M) | Time:00:00.00 | Mem:0.02M, Peak:0.02M | Scene, ViewLayer | Updating Meshes
Fra:1 Mem:16.66M (Peak 19.05M) | Time:00:00.00 | Mem:0.02M, Peak:0.02M | Scene, ViewLayer | Updating Mesh | Computing attributes
Fra:1 Mem:16.80M (Peak 19.05M) | Time:00:00.00 | Mem:0.02M, Peak:0.02M | Scene, ViewLayer | Updating Mesh | Copying Attributes to device
Fra:1 Mem:16.79M (Peak 19.05M) | Time:00:00.00 | Mem:0.16M, Peak:0.16M | Scene, ViewLayer | Updating Scene BVH | Building
Fra:1 Mem:16.80M (Peak 19.05M) | Time:00:00.00 | Mem:0.16M, Peak:0.16M | Scene, ViewLayer | Updating Scene BVH | Building BVH
Fra:1 Mem:16.80M (Peak 19.05M) | Time:00:00.00 | Mem:0.26M, Peak:0.26M | Scene, ViewLayer | Updating Scene BVH | Building BVH 0%
Fra:1 Mem:16.80M (Peak 19.05M) | Time:00:00.00 | Mem:0.39M, Peak:0.49M | Scene, ViewLayer | Updating Scene BVH | Copying BVH to device
Fra:1 Mem:16.80M (Peak 19.05M) | Time:00:00.00 | Mem:0.39M, Peak:0.49M | Scene, ViewLayer | Updating Mesh | Computing normals
Fra:1 Mem:17.17M (Peak 19.05M) | Time:00:00.00 | Mem:0.39M, Peak:0.49M | Scene, ViewLayer | Updating Mesh | Copying Mesh to device
Fra:1 Mem:17.17M (Peak 19.05M) | Time:00:00.00 | Mem:0.77M, Peak:0.77M | Scene, ViewLayer | Updating Objects Flags
Fra:1 Mem:17.17M (Peak 19.05M) | Time:00:00.00 | Mem:0.77M, Peak:0.77M | Scene, ViewLayer | Updating Primitive Offsets
Fra:1 Mem:17.17M (Peak 19.05M) | Time:00:00.00 | Mem:0.77M, Peak:0.77M | Scene, ViewLayer | Updating Images
Fra:1 Mem:17.17M (Peak 19.05M) | Time:00:00.00 | Mem:0.77M, Peak:0.77M | Scene, ViewLayer | Updating Camera Volume
Fra:1 Mem:17.17M (Peak 19.05M) | Time:00:00.00 | Mem:0.77M, Peak:0.77M | Scene, ViewLayer | Updating Lookup Tables
Fra:1 Mem:17.17M (Peak 19.05M) | Time:00:00.00 | Mem:0.85M, Peak:0.85M | Scene, ViewLayer | Updating Lights
Fra:1 Mem:17.17M (Peak 19.05M) | Time:00:00.00 | Mem:0.85M, Peak:0.85M | Scene, ViewLayer | Updating Lights | Computing tree
Fra:1 Mem:17.18M (Peak 19.05M) | Time:00:00.00 | Mem:0.85M, Peak:0.85M | Scene, ViewLayer | Updating Integrator
Fra:1 Mem:17.18M (Peak 19.05M) | Time:00:00.00 | Mem:0.85M, Peak:0.85M | Scene, ViewLayer | Updating Film
Fra:1 Mem:17.18M (Peak 19.05M) | Time:00:00.00 | Mem:0.77M, Peak:0.85M | Scene, ViewLayer | Updating Lookup Tables
Fra:1 Mem:17.18M (Peak 19.05M) | Time:00:00.00 | Mem:0.85M, Peak:0.85M | Scene, ViewLayer | Updating Baking
Fra:1 Mem:17.18M (Peak 19.05M) | Time:00:00.00 | Mem:0.85M, Peak:0.85M | Scene, ViewLayer | Updating Device | Writing constant memory
Fra:1 Mem:17.18M (Peak 19.05M) | Time:00:00.00 | Mem:0.85M, Peak:0.85M | Scene, ViewLayer | Sample 0/8
Fra:1 Mem:25.98M (Peak 25.98M) | Time:00:00.63 | Remaining:00:04.36 | Mem:9.64M, Peak:9.64M | Scene, ViewLayer | Sample 1/8
Fra:1 Mem:29.88M (Peak 37.70M) | Time:00:04.88 | Mem:9.64M, Peak:9.64M | Scene, ViewLayer | Sample 8/8
Fra:1 Mem:29.88M (Peak 37.70M) | Time:00:04.88 | Mem:9.64M, Peak:9.64M | Scene, ViewLayer | Finished
Saved: '/workspace/scratch/7c20b5ba4165/atlas-backlog-oct3/tools/assets/boardable-metro/qa/previews/middle-seat-left-05-eye.png'
Time: 00:04.92 (Saving: 00:00.03)

Fra:1 Mem:18.50M (Peak 18.50M) | Time:00:00.00 | Mem:0.00M, Peak:0.00M | Scene, ViewLayer | Synchronizing object | body-shell
Fra:1 Mem:18.98M (Peak 18.98M) | Time:00:00.00 | Mem:0.00M, Peak:0.00M | Scene, ViewLayer | Synchronizing object | QA-ground
Fra:1 Mem:18.98M (Peak 18.98M) | Time:00:00.00 | Mem:0.00M, Peak:0.00M | Scene, ViewLayer | Synchronizing object | interior-batch-metro-seat
Fra:1 Mem:18.93M (Peak 18.98M) | Time:00:00.00 | Mem:0.00M, Peak:0.00M | Scene, ViewLayer | Synchronizing object | interior-batch-metro-priority-seat
Fra:1 Mem:18.94M (Peak 18.98M) | Time:00:00.00 | Mem:0.00M, Peak:0.00M | Scene, ViewLayer | Synchronizing object | interior-batch-metro-screen
Fra:1 Mem:18.95M (Peak 18.98M) | Time:00:00.00 | Mem:0.00M, Peak:0.00M | Scene, ViewLayer | Synchronizing object | interior-batch-metro-rail
Fra:1 Mem:18.91M (Peak 18.98M) | Time:00:00.00 | Mem:0.00M, Peak:0.00M | Scene, ViewLayer | Synchronizing object | bogie-front-frame
Fra:1 Mem:18.92M (Peak 18.98M) | Time:00:00.00 | Mem:0.00M, Peak:0.00M | Scene, ViewLayer | Synchronizing object | bogie-rear-frame
Fra:1 Mem:18.92M (Peak 18.98M) | Time:00:00.00 | Mem:0.00M, Peak:0.00M | Scene, ViewLayer | Synchronizing object | door-left-center-a
Fra:1 Mem:18.92M (Peak 18.98M) | Time:00:00.00 | Mem:0.00M, Peak:0.00M | Scene, ViewLayer | Synchronizing object | door-left-center-b
Fra:1 Mem:18.85M (Peak 18.98M) | Time:00:00.00 | Mem:0.00M, Peak:0.00M | Scene, ViewLayer | Synchronizing object | door-left-front-a
Fra:1 Mem:18.84M (Peak 18.98M) | Time:00:00.00 | Mem:0.00M, Peak:0.00M | Scene, ViewLayer | Synchronizing object | interior-batch-metro-floor
Fra:1 Mem:18.85M (Peak 18.98M) | Time:00:00.00 | Mem:0.00M, Peak:0.00M | Scene, ViewLayer | Synchronizing object | door-left-front-b
Fra:1 Mem:18.84M (Peak 18.98M) | Time:00:00.00 | Mem:0.00M, Peak:0.00M | Scene, ViewLayer | Synchronizing object | interior-batch-metro-wall
Fra:1 Mem:18.93M (Peak 18.98M) | Time:00:00.00 | Mem:0.00M, Peak:0.00M | Scene, ViewLayer | Synchronizing object | door-left-rear-a
Fra:1 Mem:18.90M (Peak 18.98M) | Time:00:00.00 | Mem:0.00M, Peak:0.00M | Scene, ViewLayer | Synchronizing object | door-left-rear-b
Fra:1 Mem:18.91M (Peak 18.98M) | Time:00:00.00 | Mem:0.00M, Peak:0.00M | Scene, ViewLayer | Synchronizing object | door-right-center-a
Fra:1 Mem:18.90M (Peak 18.98M) | Time:00:00.00 | Mem:0.00M, Peak:0.00M | Scene, ViewLayer | Synchronizing object | wheel-rear-rear-right
Fra:1 Mem:18.94M (Peak 18.98M) | Time:00:00.00 | Mem:0.00M, Peak:0.00M | Scene, ViewLayer | Synchronizing object | door-right-center-b
Fra:1 Mem:18.95M (Peak 18.98M) | Time:00:00.00 | Mem:0.00M, Peak:0.00M | Scene, ViewLayer | Synchronizing object | wheel-rear-rear-left
Fra:1 Mem:18.96M (Peak 18.98M) | Time:00:00.00 | Mem:0.00M, Peak:0.00M | Scene, ViewLayer | Synchronizing object | door-right-front-a
Fra:1 Mem:18.96M (Peak 18.98M) | Time:00:00.00 | Mem:0.00M, Peak:0.00M | Scene, ViewLayer | Synchronizing object | wheel-rear-front-right
Fra:1 Mem:18.96M (Peak 18.98M) | Time:00:00.00 | Mem:0.00M, Peak:0.00M | Scene, ViewLayer | Synchronizing object | door-right-front-b
Fra:1 Mem:18.99M (Peak 18.99M) | Time:00:00.00 | Mem:0.00M, Peak:0.00M | Scene, ViewLayer | Synchronizing object | wheel-rear-front-left
Fra:1 Mem:18.98M (Peak 18.99M) | Time:00:00.00 | Mem:0.00M, Peak:0.00M | Scene, ViewLayer | Synchronizing object | door-right-rear-a
Fra:1 Mem:18.99M (Peak 18.99M) | Time:00:00.00 | Mem:0.00M, Peak:0.00M | Scene, ViewLayer | Synchronizing object | wheel-front-rear-right
Fra:1 Mem:19.02M (Peak 19.02M) | Time:00:00.00 | Mem:0.00M, Peak:0.00M | Scene, ViewLayer | Synchronizing object | door-right-rear-b
Fra:1 Mem:19.01M (Peak 19.02M) | Time:00:00.00 | Mem:0.00M, Peak:0.00M | Scene, ViewLayer | Synchronizing object | wheel-front-rear-left
Fra:1 Mem:19.03M (Peak 19.03M) | Time:00:00.00 | Mem:0.00M, Peak:0.00M | Scene, ViewLayer | Synchronizing object | glass
Fra:1 Mem:19.08M (Peak 19.08M) | Time:00:00.00 | Mem:0.00M, Peak:0.00M | Scene, ViewLayer | Synchronizing object | wheel-front-front-right
Fra:1 Mem:19.08M (Peak 19.08M) | Time:00:00.00 | Mem:0.00M, Peak:0.00M | Scene, ViewLayer | Synchronizing object | wheel-front-front-left
Fra:1 Mem:19.05M (Peak 19.08M) | Time:00:00.00 | Mem:0.00M, Peak:0.00M | Scene, ViewLayer | Initializing
Fra:1 Mem:16.50M (Peak 19.08M) | Time:00:00.00 | Mem:0.00M, Peak:0.00M | Scene, ViewLayer | Waiting for render to start
Fra:1 Mem:16.51M (Peak 19.08M) | Time:00:00.00 | Mem:0.00M, Peak:0.00M | Scene, ViewLayer | Loading render kernels (may take a few minutes the first time)
Fra:1 Mem:16.51M (Peak 19.08M) | Time:00:00.00 | Mem:0.00M, Peak:0.00M | Scene, ViewLayer | Updating Scene
Fra:1 Mem:16.51M (Peak 19.08M) | Time:00:00.00 | Mem:0.00M, Peak:0.00M | Scene, ViewLayer | Updating Shaders
Fra:1 Mem:16.60M (Peak 19.08M) | Time:00:00.00 | Mem:0.01M, Peak:0.01M | Scene, ViewLayer | Updating Procedurals
Fra:1 Mem:16.60M (Peak 19.08M) | Time:00:00.00 | Mem:0.01M, Peak:0.01M | Scene, ViewLayer | Updating Background
Fra:1 Mem:16.60M (Peak 19.08M) | Time:00:00.00 | Mem:0.01M, Peak:0.01M | Scene, ViewLayer | Updating Camera
Fra:1 Mem:16.60M (Peak 19.08M) | Time:00:00.00 | Mem:0.01M, Peak:0.01M | Scene, ViewLayer | Updating Meshes Flags
Fra:1 Mem:16.60M (Peak 19.08M) | Time:00:00.00 | Mem:0.01M, Peak:0.01M | Scene, ViewLayer | Updating Objects
Fra:1 Mem:16.60M (Peak 19.08M) | Time:00:00.00 | Mem:0.01M, Peak:0.01M | Scene, ViewLayer | Updating Objects | Copying Transformations to device
Fra:1 Mem:16.60M (Peak 19.08M) | Time:00:00.00 | Mem:0.02M, Peak:0.02M | Scene, ViewLayer | Updating Objects | Applying Static Transformations
Fra:1 Mem:16.60M (Peak 19.08M) | Time:00:00.00 | Mem:0.02M, Peak:0.02M | Scene, ViewLayer | Updating Particle Systems
Fra:1 Mem:16.60M (Peak 19.08M) | Time:00:00.00 | Mem:0.02M, Peak:0.02M | Scene, ViewLayer | Updating Particle Systems | Copying Particles to device
Fra:1 Mem:16.60M (Peak 19.08M) | Time:00:00.00 | Mem:0.02M, Peak:0.02M | Scene, ViewLayer | Updating Meshes
Fra:1 Mem:16.66M (Peak 19.08M) | Time:00:00.00 | Mem:0.02M, Peak:0.02M | Scene, ViewLayer | Updating Mesh | Computing attributes
Fra:1 Mem:16.80M (Peak 19.08M) | Time:00:00.00 | Mem:0.02M, Peak:0.02M | Scene, ViewLayer | Updating Mesh | Copying Attributes to device
Fra:1 Mem:16.80M (Peak 19.08M) | Time:00:00.00 | Mem:0.16M, Peak:0.16M | Scene, ViewLayer | Updating Scene BVH | Building
Fra:1 Mem:16.80M (Peak 19.08M) | Time:00:00.00 | Mem:0.16M, Peak:0.16M | Scene, ViewLayer | Updating Scene BVH | Building BVH
Fra:1 Mem:16.80M (Peak 19.08M) | Time:00:00.00 | Mem:0.26M, Peak:0.26M | Scene, ViewLayer | Updating Scene BVH | Building BVH 0%
Fra:1 Mem:16.80M (Peak 19.08M) | Time:00:00.00 | Mem:0.39M, Peak:0.49M | Scene, ViewLayer | Updating Scene BVH | Copying BVH to device
Fra:1 Mem:16.80M (Peak 19.08M) | Time:00:00.00 | Mem:0.39M, Peak:0.49M | Scene, ViewLayer | Updating Mesh | Computing normals
Fra:1 Mem:17.17M (Peak 19.08M) | Time:00:00.00 | Mem:0.39M, Peak:0.49M | Scene, ViewLayer | Updating Mesh | Copying Mesh to device
Fra:1 Mem:17.17M (Peak 19.08M) | Time:00:00.00 | Mem:0.77M, Peak:0.77M | Scene, ViewLayer | Updating Objects Flags
Fra:1 Mem:17.17M (Peak 19.08M) | Time:00:00.00 | Mem:0.77M, Peak:0.77M | Scene, ViewLayer | Updating Primitive Offsets
Fra:1 Mem:17.17M (Peak 19.08M) | Time:00:00.00 | Mem:0.77M, Peak:0.77M | Scene, ViewLayer | Updating Images
Fra:1 Mem:17.17M (Peak 19.08M) | Time:00:00.00 | Mem:0.77M, Peak:0.77M | Scene, ViewLayer | Updating Camera Volume
Fra:1 Mem:17.17M (Peak 19.08M) | Time:00:00.00 | Mem:0.77M, Peak:0.77M | Scene, ViewLayer | Updating Lookup Tables
Fra:1 Mem:17.17M (Peak 19.08M) | Time:00:00.00 | Mem:0.85M, Peak:0.85M | Scene, ViewLayer | Updating Lights
Fra:1 Mem:17.18M (Peak 19.08M) | Time:00:00.00 | Mem:0.85M, Peak:0.85M | Scene, ViewLayer | Updating Lights | Computing tree
Fra:1 Mem:17.18M (Peak 19.08M) | Time:00:00.00 | Mem:0.85M, Peak:0.85M | Scene, ViewLayer | Updating Integrator
Fra:1 Mem:17.18M (Peak 19.08M) | Time:00:00.00 | Mem:0.85M, Peak:0.85M | Scene, ViewLayer | Updating Film
Fra:1 Mem:17.18M (Peak 19.08M) | Time:00:00.00 | Mem:0.77M, Peak:0.85M | Scene, ViewLayer | Updating Lookup Tables
Fra:1 Mem:17.18M (Peak 19.08M) | Time:00:00.00 | Mem:0.85M, Peak:0.85M | Scene, ViewLayer | Updating Baking
Fra:1 Mem:17.18M (Peak 19.08M) | Time:00:00.00 | Mem:0.85M, Peak:0.85M | Scene, ViewLayer | Updating Device | Writing constant memory
Fra:1 Mem:17.18M (Peak 19.08M) | Time:00:00.00 | Mem:0.85M, Peak:0.85M | Scene, ViewLayer | Sample 0/8
Fra:1 Mem:25.98M (Peak 25.98M) | Time:00:00.51 | Remaining:00:03.58 | Mem:9.64M, Peak:9.64M | Scene, ViewLayer | Sample 1/8
Fra:1 Mem:29.89M (Peak 37.70M) | Time:00:04.01 | Mem:9.64M, Peak:9.64M | Scene, ViewLayer | Sample 8/8
Fra:1 Mem:29.89M (Peak 37.70M) | Time:00:04.01 | Mem:9.64M, Peak:9.64M | Scene, ViewLayer | Finished
Saved: '/workspace/scratch/7c20b5ba4165/atlas-backlog-oct3/tools/assets/boardable-metro/qa/previews/middle-seat-left-06-eye.png'
Time: 00:04.05 (Saving: 00:00.03)

Extensions: writing cache failed ([Errno 30] Read-only file system: '/home/agent/.config/blender').
16:28:25 | INFO: Data are loaded, start creating Blender stuff
16:28:25 | INFO: Blender create Mesh node Cube
16:28:25 | INFO: Blender create Mesh node Cube.158
16:28:25 | INFO: Blender create Mesh node Cube.157
16:28:25 | INFO: Blender create Mesh node Cube.135
16:28:25 | INFO: Blender create Mesh node Cube.140
16:28:25 | INFO: Blender create Mesh node Cube.145
16:28:25 | INFO: Blender create Mesh node Cube.150
16:28:25 | INFO: Blender create Mesh node Cube.125
16:28:25 | INFO: Blender create Mesh node Cube.130
16:28:25 | INFO: Blender create Mesh node Cube.105
16:28:25 | INFO: Blender create Mesh node Cube.110
16:28:25 | INFO: Blender create Mesh node Cube.115
16:28:25 | INFO: Blender create Mesh node Cube.120
16:28:25 | INFO: Blender create Mesh node Cube.095
16:28:25 | INFO: Blender create Mesh node Cube.100
16:28:25 | INFO: Blender create Mesh node Cube.004
16:28:25 | INFO: Blender create Mesh node Cylinder.007
16:28:25 | INFO: Blender create Mesh node Cylinder.006
16:28:25 | INFO: Blender create Mesh node Cylinder.005
16:28:25 | INFO: Blender create Mesh node Cylinder.004
16:28:25 | INFO: Blender create Mesh node Cylinder.003
16:28:25 | INFO: Blender create Mesh node Cylinder.002
16:28:25 | INFO: Blender create Mesh node Cylinder.001
16:28:25 | INFO: Blender create Mesh node Cylinder
16:28:25 | INFO: glTF import finished in 0.02s
16:28:25 | INFO: Data are loaded, start creating Blender stuff
16:28:25 | INFO: Blender create Mesh node interior-batch-metro-wall
16:28:25 | INFO: Blender create Mesh node interior-batch-metro-floor
16:28:25 | INFO: Blender create Mesh node interior-batch-metro-rail
16:28:25 | INFO: Blender create Mesh node interior-batch-metro-screen
16:28:25 | INFO: Blender create Mesh node interior-batch-metro-priority-seat
16:28:25 | INFO: Blender create Mesh node interior-batch-metro-seat
16:28:25 | INFO: glTF import finished in 0.01s
Fra:1 Mem:19.93M (Peak 19.93M) | Time:00:00.00 | Mem:0.00M, Peak:0.00M | Scene, ViewLayer | Synchronizing object | body-shell
Fra:1 Mem:20.48M (Peak 20.48M) | Time:00:00.00 | Mem:0.00M, Peak:0.00M | Scene, ViewLayer | Synchronizing object | Cube.022
Fra:1 Mem:20.16M (Peak 20.48M) | Time:00:00.00 | Mem:0.00M, Peak:0.00M | Scene, ViewLayer | Synchronizing object | Cube.021
Fra:1 Mem:20.16M (Peak 20.48M) | Time:00:00.00 | Mem:0.00M, Peak:0.00M | Scene, ViewLayer | Synchronizing object | Cube.020
Fra:1 Mem:20.16M (Peak 20.48M) | Time:00:00.00 | Mem:0.00M, Peak:0.00M | Scene, ViewLayer | Synchronizing object | Cube.019
Fra:1 Mem:20.16M (Peak 20.48M) | Time:00:00.00 | Mem:0.00M, Peak:0.00M | Scene, ViewLayer | Synchronizing object | Cube.018
Fra:1 Mem:20.18M (Peak 20.48M) | Time:00:00.00 | Mem:0.00M, Peak:0.00M | Scene, ViewLayer | Synchronizing object | Cube.017
Fra:1 Mem:20.19M (Peak 20.48M) | Time:00:00.00 | Mem:0.00M, Peak:0.00M | Scene, ViewLayer | Synchronizing object | Cube.016
Fra:1 Mem:20.19M (Peak 20.48M) | Time:00:00.00 | Mem:0.00M, Peak:0.00M | Scene, ViewLayer | Synchronizing object | Cube.015
Fra:1 Mem:20.19M (Peak 20.48M) | Time:00:00.00 | Mem:0.00M, Peak:0.00M | Scene, ViewLayer | Synchronizing object | Cube.014
Fra:1 Mem:20.19M (Peak 20.48M) | Time:00:00.00 | Mem:0.00M, Peak:0.00M | Scene, ViewLayer | Synchronizing object | Cube.013
Fra:1 Mem:20.19M (Peak 20.48M) | Time:00:00.00 | Mem:0.00M, Peak:0.00M | Scene, ViewLayer | Synchronizing object | Cube.012
Fra:1 Mem:20.19M (Peak 20.48M) | Time:00:00.00 | Mem:0.00M, Peak:0.00M | Scene, ViewLayer | Synchronizing object | Cube.011
Fra:1 Mem:20.19M (Peak 20.48M) | Time:00:00.00 | Mem:0.00M, Peak:0.00M | Scene, ViewLayer | Synchronizing object | Cube.010
Fra:1 Mem:20.22M (Peak 20.48M) | Time:00:00.00 | Mem:0.00M, Peak:0.00M | Scene, ViewLayer | Synchronizing object | Cube.009
Fra:1 Mem:20.22M (Peak 20.48M) | Time:00:00.00 | Mem:0.00M, Peak:0.00M | Scene, ViewLayer | Synchronizing object | Cube.008
Fra:1 Mem:20.23M (Peak 20.48M) | Time:00:00.00 | Mem:0.00M, Peak:0.00M | Scene, ViewLayer | Synchronizing object | Cube.007
Fra:1 Mem:20.37M (Peak 20.48M) | Time:00:00.00 | Mem:0.00M, Peak:0.00M | Scene, ViewLayer | Synchronizing object | Cube.006
Fra:1 Mem:20.37M (Peak 20.48M) | Time:00:00.00 | Mem:0.00M, Peak:0.00M | Scene, ViewLayer | Synchronizing object | Cube.005
Fra:1 Mem:20.38M (Peak 20.48M) | Time:00:00.00 | Mem:0.00M, Peak:0.00M | Scene, ViewLayer | Synchronizing object | Cube.004
Fra:1 Mem:20.38M (Peak 20.48M) | Time:00:00.00 | Mem:0.00M, Peak:0.00M | Scene, ViewLayer | Synchronizing object | Cube.003
Fra:1 Mem:20.38M (Peak 20.48M) | Time:00:00.00 | Mem:0.00M, Peak:0.00M | Scene, ViewLayer | Synchronizing object | Cube.002
Fra:1 Mem:20.38M (Peak 20.48M) | Time:00:00.00 | Mem:0.00M, Peak:0.00M | Scene, ViewLayer | Synchronizing object | Cube.001
Fra:1 Mem:20.38M (Peak 20.48M) | Time:00:00.00 | Mem:0.00M, Peak:0.00M | Scene, ViewLayer | Synchronizing object | Cube
Fra:1 Mem:20.38M (Peak 20.48M) | Time:00:00.00 | Mem:0.00M, Peak:0.00M | Scene, ViewLayer | Synchronizing object | QA-ground
Fra:1 Mem:20.38M (Peak 20.48M) | Time:00:00.00 | Mem:0.00M, Peak:0.00M | Scene, ViewLayer | Synchronizing object | interior-batch-metro-seat
Fra:1 Mem:20.24M (Peak 20.48M) | Time:00:00.00 | Mem:0.00M, Peak:0.00M | Scene, ViewLayer | Synchronizing object | bogie-front-frame
Fra:1 Mem:20.21M (Peak 20.48M) | Time:00:00.00 | Mem:0.00M, Peak:0.00M | Scene, ViewLayer | Synchronizing object | interior-batch-metro-priority-seat
Fra:1 Mem:20.22M (Peak 20.48M) | Time:00:00.00 | Mem:0.00M, Peak:0.00M | Scene, ViewLayer | Synchronizing object | bogie-rear-frame
Fra:1 Mem:20.23M (Peak 20.48M) | Time:00:00.00 | Mem:0.00M, Peak:0.00M | Scene, ViewLayer | Synchronizing object | interior-batch-metro-screen
Fra:1 Mem:20.22M (Peak 20.48M) | Time:00:00.00 | Mem:0.00M, Peak:0.00M | Scene, ViewLayer | Synchronizing object | door-left-center-a
Fra:1 Mem:20.26M (Peak 20.48M) | Time:00:00.00 | Mem:0.00M, Peak:0.00M | Scene, ViewLayer | Synchronizing object | interior-batch-metro-rail
Fra:1 Mem:20.26M (Peak 20.48M) | Time:00:00.00 | Mem:0.00M, Peak:0.00M | Scene, ViewLayer | Synchronizing object | door-left-center-b
Fra:1 Mem:20.46M (Peak 20.48M) | Time:00:00.00 | Mem:0.00M, Peak:0.00M | Scene, ViewLayer | Synchronizing object | door-left-front-a
Fra:1 Mem:20.35M (Peak 20.48M) | Time:00:00.00 | Mem:0.00M, Peak:0.00M | Scene, ViewLayer | Synchronizing object | door-left-front-b
Fra:1 Mem:20.40M (Peak 20.48M) | Time:00:00.00 | Mem:0.00M, Peak:0.00M | Scene, ViewLayer | Synchronizing object | door-left-rear-a
Fra:1 Mem:20.48M (Peak 20.48M) | Time:00:00.00 | Mem:0.00M, Peak:0.00M | Scene, ViewLayer | Synchronizing object | door-left-rear-b
Fra:1 Mem:20.48M (Peak 20.48M) | Time:00:00.00 | Mem:0.00M, Peak:0.00M | Scene, ViewLayer | Synchronizing object | door-right-center-a
Fra:1 Mem:20.41M (Peak 20.48M) | Time:00:00.00 | Mem:0.00M, Peak:0.00M | Scene, ViewLayer | Synchronizing object | interior-batch-metro-floor
Fra:1 Mem:20.41M (Peak 20.48M) | Time:00:00.00 | Mem:0.00M, Peak:0.00M | Scene, ViewLayer | Synchronizing object | door-right-center-b
Fra:1 Mem:20.43M (Peak 20.48M) | Time:00:00.00 | Mem:0.00M, Peak:0.00M | Scene, ViewLayer | Synchronizing object | interior-batch-metro-wall
Fra:1 Mem:20.50M (Peak 20.50M) | Time:00:00.00 | Mem:0.00M, Peak:0.00M | Scene, ViewLayer | Synchronizing object | door-right-front-a
Fra:1 Mem:20.47M (Peak 20.50M) | Time:00:00.00 | Mem:0.00M, Peak:0.00M | Scene, ViewLayer | Synchronizing object | door-right-front-b
Fra:1 Mem:20.47M (Peak 20.50M) | Time:00:00.00 | Mem:0.00M, Peak:0.00M | Scene, ViewLayer | Synchronizing object | wheel-rear-rear-right
Fra:1 Mem:20.48M (Peak 20.50M) | Time:00:00.00 | Mem:0.00M, Peak:0.00M | Scene, ViewLayer | Synchronizing object | door-right-rear-a
Fra:1 Mem:20.51M (Peak 20.51M) | Time:00:00.00 | Mem:0.00M, Peak:0.00M | Scene, ViewLayer | Synchronizing object | wheel-rear-rear-left
Fra:1 Mem:20.50M (Peak 20.51M) | Time:00:00.00 | Mem:0.00M, Peak:0.00M | Scene, ViewLayer | Synchronizing object | door-right-rear-b
Fra:1 Mem:20.51M (Peak 20.51M) | Time:00:00.00 | Mem:0.00M, Peak:0.00M | Scene, ViewLayer | Synchronizing object | glass
Fra:1 Mem:20.52M (Peak 20.52M) | Time:00:00.00 | Mem:0.00M, Peak:0.00M | Scene, ViewLayer | Synchronizing object | wheel-rear-front-right
Fra:1 Mem:20.59M (Peak 20.59M) | Time:00:00.00 | Mem:0.00M, Peak:0.00M | Scene, ViewLayer | Synchronizing object | wheel-rear-front-left
Fra:1 Mem:20.59M (Peak 20.59M) | Time:00:00.00 | Mem:0.00M, Peak:0.00M | Scene, ViewLayer | Synchronizing object | wheel-front-front-left
Fra:1 Mem:20.59M (Peak 20.59M) | Time:00:00.00 | Mem:0.00M, Peak:0.00M | Scene, ViewLayer | Synchronizing object | wheel-front-rear-right
Fra:1 Mem:20.59M (Peak 20.59M) | Time:00:00.00 | Mem:0.00M, Peak:0.00M | Scene, ViewLayer | Synchronizing object | wheel-front-front-right
Fra:1 Mem:20.61M (Peak 20.61M) | Time:00:00.00 | Mem:0.00M, Peak:0.00M | Scene, ViewLayer | Synchronizing object | wheel-front-rear-left
Fra:1 Mem:20.61M (Peak 20.61M) | Time:00:00.00 | Mem:0.00M, Peak:0.00M | Scene, ViewLayer | Initializing
Fra:1 Mem:17.36M (Peak 20.61M) | Time:00:00.00 | Mem:0.00M, Peak:0.00M | Scene, ViewLayer | Waiting for render to start
Fra:1 Mem:17.36M (Peak 20.61M) | Time:00:00.00 | Mem:0.00M, Peak:0.00M | Scene, ViewLayer | Loading render kernels (may take a few minutes the first time)
Fra:1 Mem:17.36M (Peak 20.61M) | Time:00:00.00 | Mem:0.00M, Peak:0.00M | Scene, ViewLayer | Updating Scene
Fra:1 Mem:17.36M (Peak 20.61M) | Time:00:00.00 | Mem:0.00M, Peak:0.00M | Scene, ViewLayer | Updating Shaders
Fra:1 Mem:17.45M (Peak 20.61M) | Time:00:00.00 | Mem:0.01M, Peak:0.01M | Scene, ViewLayer | Updating Procedurals
Fra:1 Mem:17.45M (Peak 20.61M) | Time:00:00.00 | Mem:0.01M, Peak:0.01M | Scene, ViewLayer | Updating Background
Fra:1 Mem:17.45M (Peak 20.61M) | Time:00:00.00 | Mem:0.01M, Peak:0.01M | Scene, ViewLayer | Updating Camera
Fra:1 Mem:17.45M (Peak 20.61M) | Time:00:00.00 | Mem:0.01M, Peak:0.01M | Scene, ViewLayer | Updating Meshes Flags
Fra:1 Mem:17.45M (Peak 20.61M) | Time:00:00.00 | Mem:0.01M, Peak:0.01M | Scene, ViewLayer | Updating Objects
Fra:1 Mem:17.45M (Peak 20.61M) | Time:00:00.00 | Mem:0.01M, Peak:0.01M | Scene, ViewLayer | Updating Objects | Copying Transformations to device
Fra:1 Mem:17.46M (Peak 20.61M) | Time:00:00.00 | Mem:0.02M, Peak:0.02M | Scene, ViewLayer | Updating Objects | Applying Static Transformations
Fra:1 Mem:17.46M (Peak 20.61M) | Time:00:00.00 | Mem:0.02M, Peak:0.02M | Scene, ViewLayer | Updating Particle Systems
Fra:1 Mem:17.46M (Peak 20.61M) | Time:00:00.00 | Mem:0.02M, Peak:0.02M | Scene, ViewLayer | Updating Particle Systems | Copying Particles to device
Fra:1 Mem:17.46M (Peak 20.61M) | Time:00:00.00 | Mem:0.02M, Peak:0.02M | Scene, ViewLayer | Updating Meshes
Fra:1 Mem:17.52M (Peak 20.61M) | Time:00:00.00 | Mem:0.02M, Peak:0.02M | Scene, ViewLayer | Updating Mesh | Computing attributes
Fra:1 Mem:17.67M (Peak 20.61M) | Time:00:00.00 | Mem:0.03M, Peak:0.03M | Scene, ViewLayer | Updating Mesh | Copying Attributes to device
Fra:1 Mem:17.66M (Peak 20.61M) | Time:00:00.00 | Mem:0.16M, Peak:0.16M | Scene, ViewLayer | Updating Scene BVH | Building
Fra:1 Mem:17.66M (Peak 20.61M) | Time:00:00.00 | Mem:0.16M, Peak:0.16M | Scene, ViewLayer | Updating Scene BVH | Building BVH
Fra:1 Mem:17.66M (Peak 20.61M) | Time:00:00.00 | Mem:0.28M, Peak:0.28M | Scene, ViewLayer | Updating Scene BVH | Building BVH 0%
Fra:1 Mem:17.66M (Peak 20.61M) | Time:00:00.01 | Mem:0.43M, Peak:0.54M | Scene, ViewLayer | Updating Scene BVH | Copying BVH to device
Fra:1 Mem:17.66M (Peak 20.61M) | Time:00:00.01 | Mem:0.43M, Peak:0.54M | Scene, ViewLayer | Updating Mesh | Computing normals
Fra:1 Mem:18.05M (Peak 20.61M) | Time:00:00.01 | Mem:0.43M, Peak:0.54M | Scene, ViewLayer | Updating Mesh | Copying Mesh to device
Fra:1 Mem:18.05M (Peak 20.61M) | Time:00:00.01 | Mem:0.82M, Peak:0.82M | Scene, ViewLayer | Updating Objects Flags
Fra:1 Mem:18.05M (Peak 20.61M) | Time:00:00.01 | Mem:0.82M, Peak:0.82M | Scene, ViewLayer | Updating Primitive Offsets
Fra:1 Mem:18.05M (Peak 20.61M) | Time:00:00.01 | Mem:0.82M, Peak:0.82M | Scene, ViewLayer | Updating Images
Fra:1 Mem:18.05M (Peak 20.61M) | Time:00:00.01 | Mem:0.82M, Peak:0.82M | Scene, ViewLayer | Updating Camera Volume
Fra:1 Mem:18.05M (Peak 20.61M) | Time:00:00.01 | Mem:0.82M, Peak:0.82M | Scene, ViewLayer | Updating Lookup Tables
Fra:1 Mem:18.05M (Peak 20.61M) | Time:00:00.01 | Mem:0.90M, Peak:0.90M | Scene, ViewLayer | Updating Lights
Fra:1 Mem:18.05M (Peak 20.61M) | Time:00:00.01 | Mem:0.90M, Peak:0.90M | Scene, ViewLayer | Updating Lights | Computing tree
Fra:1 Mem:18.05M (Peak 20.61M) | Time:00:00.01 | Mem:0.90M, Peak:0.90M | Scene, ViewLayer | Updating Integrator
Fra:1 Mem:18.05M (Peak 20.61M) | Time:00:00.01 | Mem:0.90M, Peak:0.90M | Scene, ViewLayer | Updating Film
Fra:1 Mem:18.06M (Peak 20.61M) | Time:00:00.01 | Mem:0.82M, Peak:0.90M | Scene, ViewLayer | Updating Lookup Tables
Fra:1 Mem:18.06M (Peak 20.61M) | Time:00:00.01 | Mem:0.90M, Peak:0.90M | Scene, ViewLayer | Updating Baking
Fra:1 Mem:18.06M (Peak 20.61M) | Time:00:00.01 | Mem:0.90M, Peak:0.90M | Scene, ViewLayer | Updating Device | Writing constant memory
Fra:1 Mem:18.06M (Peak 20.61M) | Time:00:00.01 | Mem:0.90M, Peak:0.90M | Scene, ViewLayer | Sample 0/8
Fra:1 Mem:26.86M (Peak 26.86M) | Time:00:00.44 | Remaining:00:03.07 | Mem:9.69M, Peak:9.69M | Scene, ViewLayer | Sample 1/8
Fra:1 Mem:30.76M (Peak 38.58M) | Time:00:03.26 | Mem:9.69M, Peak:9.69M | Scene, ViewLayer | Sample 8/8
Fra:1 Mem:30.76M (Peak 38.58M) | Time:00:03.26 | Mem:9.69M, Peak:9.69M | Scene, ViewLayer | Finished
Saved: '/workspace/scratch/7c20b5ba4165/atlas-backlog-oct3/tools/assets/boardable-metro/qa/previews/middle-scale-reference.png'
Time: 00:03.30 (Saving: 00:00.04)

Extensions: writing cache failed ([Errno 30] Read-only file system: '/home/agent/.config/blender').
16:28:28 | INFO: Data are loaded, start creating Blender stuff
16:28:28 | INFO: Blender create Mesh node Cube
16:28:28 | INFO: Blender create Mesh node Cube.158
16:28:28 | INFO: Blender create Mesh node Cube.157
16:28:28 | INFO: Blender create Mesh node Cube.135
16:28:28 | INFO: Blender create Mesh node Cube.140
16:28:28 | INFO: Blender create Mesh node Cube.145
16:28:28 | INFO: Blender create Mesh node Cube.150
16:28:28 | INFO: Blender create Mesh node Cube.125
16:28:28 | INFO: Blender create Mesh node Cube.130
16:28:28 | INFO: Blender create Mesh node Cube.105
16:28:28 | INFO: Blender create Mesh node Cube.110
16:28:28 | INFO: Blender create Mesh node Cube.115
16:28:28 | INFO: Blender create Mesh node Cube.120
16:28:28 | INFO: Blender create Mesh node Cube.095
16:28:28 | INFO: Blender create Mesh node Cube.100
16:28:28 | INFO: Blender create Mesh node Cube.004
16:28:28 | INFO: Blender create Mesh node Cube.084
16:28:28 | INFO: Blender create Mesh node Cylinder.007
16:28:28 | INFO: Blender create Mesh node Cylinder.006
16:28:28 | INFO: Blender create Mesh node Cylinder.005
16:28:28 | INFO: Blender create Mesh node Cylinder.004
16:28:28 | INFO: Blender create Mesh node Cylinder.003
16:28:28 | INFO: Blender create Mesh node Cylinder.002
16:28:28 | INFO: Blender create Mesh node Cylinder.001
16:28:28 | INFO: Blender create Mesh node Cylinder
16:28:28 | INFO: glTF import finished in 0.02s
Extensions: writing cache failed ([Errno 30] Read-only file system: '/home/agent/.config/blender').
16:28:28 | INFO: Data are loaded, start creating Blender stuff
16:28:28 | INFO: Blender create Mesh node Cube
16:28:28 | INFO: Blender create Mesh node Cube.142
16:28:28 | INFO: Blender create Mesh node Cube.141
16:28:28 | INFO: Blender create Mesh node Cube.119
16:28:28 | INFO: Blender create Mesh node Cube.124
16:28:28 | INFO: Blender create Mesh node Cube.129
16:28:28 | INFO: Blender create Mesh node Cube.134
16:28:28 | INFO: Blender create Mesh node Cube.109
16:28:28 | INFO: Blender create Mesh node Cube.114
16:28:28 | INFO: Blender create Mesh node Cube.089
16:28:28 | INFO: Blender create Mesh node Cube.094
16:28:28 | INFO: Blender create Mesh node Cube.099
16:28:28 | INFO: Blender create Mesh node Cube.104
16:28:28 | INFO: Blender create Mesh node Cube.079
16:28:28 | INFO: Blender create Mesh node Cube.084
16:28:28 | INFO: Blender create Mesh node Cube.004
16:28:28 | INFO: Blender create Mesh node Cube.068
16:28:28 | INFO: Blender create Mesh node Cylinder.007
16:28:28 | INFO: Blender create Mesh node Cylinder.006
16:28:28 | INFO: Blender create Mesh node Cylinder.005
16:28:28 | INFO: Blender create Mesh node Cylinder.004
16:28:28 | INFO: Blender create Mesh node Cylinder.003
16:28:28 | INFO: Blender create Mesh node Cylinder.002
16:28:28 | INFO: Blender create Mesh node Cylinder.001
16:28:28 | INFO: Blender create Mesh node Cylinder
16:28:28 | INFO: glTF import finished in 0.02s
Extensions: writing cache failed ([Errno 30] Read-only file system: '/home/agent/.config/blender').
16:28:28 | INFO: Data are loaded, start creating Blender stuff
16:28:28 | INFO: Blender create Mesh node Cube
16:28:28 | INFO: Blender create Mesh node Cube.013
16:28:28 | INFO: Blender create Mesh node Cube.012
16:28:28 | INFO: Blender create Mesh node Cube.002
16:28:28 | INFO: Blender create Mesh node Cylinder.007
16:28:28 | INFO: Blender create Mesh node Cylinder.006
16:28:28 | INFO: Blender create Mesh node Cylinder.005
16:28:28 | INFO: Blender create Mesh node Cylinder.004
16:28:28 | INFO: Blender create Mesh node Cylinder.003
16:28:28 | INFO: Blender create Mesh node Cylinder.002
16:28:28 | INFO: Blender create Mesh node Cylinder.001
16:28:28 | INFO: Blender create Mesh node Cylinder
16:28:28 | INFO: glTF import finished in 0.01s
Extensions: writing cache failed ([Errno 30] Read-only file system: '/home/agent/.config/blender').
16:28:28 | INFO: Data are loaded, start creating Blender stuff
16:28:28 | INFO: Blender create Mesh node Cube
16:28:28 | INFO: Blender create Mesh node Cube.158
16:28:28 | INFO: Blender create Mesh node Cube.157
16:28:29 | INFO: Blender create Mesh node Cube.135
16:28:29 | INFO: Blender create Mesh node Cube.140
16:28:29 | INFO: Blender create Mesh node Cube.145
16:28:29 | INFO: Blender create Mesh node Cube.150
16:28:29 | INFO: Blender create Mesh node Cube.125
16:28:29 | INFO: Blender create Mesh node Cube.130
16:28:29 | INFO: Blender create Mesh node Cube.105
16:28:29 | INFO: Blender create Mesh node Cube.110
16:28:29 | INFO: Blender create Mesh node Cube.115
16:28:29 | INFO: Blender create Mesh node Cube.120
16:28:29 | INFO: Blender create Mesh node Cube.095
16:28:29 | INFO: Blender create Mesh node Cube.100
16:28:29 | INFO: Blender create Mesh node Cube.004
16:28:29 | INFO: Blender create Mesh node Cube.084
16:28:29 | INFO: Blender create Mesh node Cylinder.007
16:28:29 | INFO: Blender create Mesh node Cylinder.006
16:28:29 | INFO: Blender create Mesh node Cylinder.005
16:28:29 | INFO: Blender create Mesh node Cylinder.004
16:28:29 | INFO: Blender create Mesh node Cylinder.003
16:28:29 | INFO: Blender create Mesh node Cylinder.002
16:28:29 | INFO: Blender create Mesh node Cylinder.001
16:28:29 | INFO: Blender create Mesh node Cylinder
16:28:29 | INFO: glTF import finished in 0.02s
16:28:29 | INFO: Data are loaded, start creating Blender stuff
16:28:29 | INFO: Blender create Mesh node interior-batch-metro-wall
16:28:29 | INFO: Blender create Mesh node interior-batch-metro-floor
16:28:29 | INFO: Blender create Mesh node interior-batch-metro-rail
16:28:29 | INFO: Blender create Mesh node interior-batch-metro-screen
16:28:29 | INFO: Blender create Mesh node interior-batch-metro-priority-seat
16:28:29 | INFO: Blender create Mesh node interior-batch-metro-seat
16:28:29 | INFO: glTF import finished in 0.01s
Fra:1 Mem:18.56M (Peak 18.56M) | Time:00:00.00 | Mem:0.00M, Peak:0.00M | Scene, ViewLayer | Synchronizing object | body-shell
Fra:1 Mem:18.99M (Peak 18.99M) | Time:00:00.00 | Mem:0.00M, Peak:0.00M | Scene, ViewLayer | Synchronizing object | QA-ground
Fra:1 Mem:19.06M (Peak 19.06M) | Time:00:00.00 | Mem:0.00M, Peak:0.00M | Scene, ViewLayer | Synchronizing object | interior-batch-metro-seat
Fra:1 Mem:19.00M (Peak 19.06M) | Time:00:00.00 | Mem:0.00M, Peak:0.00M | Scene, ViewLayer | Synchronizing object | interior-batch-metro-priority-seat
Fra:1 Mem:19.01M (Peak 19.06M) | Time:00:00.00 | Mem:0.00M, Peak:0.00M | Scene, ViewLayer | Synchronizing object | interior-batch-metro-screen
Fra:1 Mem:19.00M (Peak 19.06M) | Time:00:00.00 | Mem:0.00M, Peak:0.00M | Scene, ViewLayer | Synchronizing object | interior-batch-metro-rail
Fra:1 Mem:19.00M (Peak 19.06M) | Time:00:00.00 | Mem:0.00M, Peak:0.00M | Scene, ViewLayer | Synchronizing object | bogie-front-frame
Fra:1 Mem:19.05M (Peak 19.06M) | Time:00:00.00 | Mem:0.00M, Peak:0.00M | Scene, ViewLayer | Synchronizing object | bogie-rear-frame
Fra:1 Mem:18.92M (Peak 19.06M) | Time:00:00.00 | Mem:0.00M, Peak:0.00M | Scene, ViewLayer | Synchronizing object | door-left-center-a
Fra:1 Mem:19.02M (Peak 19.06M) | Time:00:00.00 | Mem:0.00M, Peak:0.00M | Scene, ViewLayer | Synchronizing object | door-left-center-b
Fra:1 Mem:19.04M (Peak 19.06M) | Time:00:00.00 | Mem:0.00M, Peak:0.00M | Scene, ViewLayer | Synchronizing object | door-left-front-a
Fra:1 Mem:19.04M (Peak 19.06M) | Time:00:00.00 | Mem:0.00M, Peak:0.00M | Scene, ViewLayer | Synchronizing object | door-left-front-b
Fra:1 Mem:18.97M (Peak 19.06M) | Time:00:00.00 | Mem:0.00M, Peak:0.00M | Scene, ViewLayer | Synchronizing object | interior-batch-metro-floor
Fra:1 Mem:18.96M (Peak 19.06M) | Time:00:00.00 | Mem:0.00M, Peak:0.00M | Scene, ViewLayer | Synchronizing object | door-left-rear-a
Fra:1 Mem:18.99M (Peak 19.06M) | Time:00:00.00 | Mem:0.00M, Peak:0.00M | Scene, ViewLayer | Synchronizing object | interior-batch-metro-wall
Fra:1 Mem:19.05M (Peak 19.06M) | Time:00:00.00 | Mem:0.00M, Peak:0.00M | Scene, ViewLayer | Synchronizing object | door-left-rear-b
Fra:1 Mem:19.08M (Peak 19.08M) | Time:00:00.00 | Mem:0.00M, Peak:0.00M | Scene, ViewLayer | Synchronizing object | door-right-center-a
Fra:1 Mem:19.07M (Peak 19.08M) | Time:00:00.00 | Mem:0.00M, Peak:0.00M | Scene, ViewLayer | Synchronizing object | door-right-center-b
Fra:1 Mem:19.04M (Peak 19.08M) | Time:00:00.00 | Mem:0.00M, Peak:0.00M | Scene, ViewLayer | Synchronizing object | wheel-rear-rear-right
Fra:1 Mem:19.07M (Peak 19.08M) | Time:00:00.00 | Mem:0.00M, Peak:0.00M | Scene, ViewLayer | Synchronizing object | door-right-front-a
Fra:1 Mem:19.07M (Peak 19.08M) | Time:00:00.00 | Mem:0.00M, Peak:0.00M | Scene, ViewLayer | Synchronizing object | wheel-rear-rear-left
Fra:1 Mem:19.06M (Peak 19.08M) | Time:00:00.00 | Mem:0.00M, Peak:0.00M | Scene, ViewLayer | Synchronizing object | door-right-front-b
Fra:1 Mem:19.10M (Peak 19.10M) | Time:00:00.00 | Mem:0.00M, Peak:0.00M | Scene, ViewLayer | Synchronizing object | wheel-rear-front-right
Fra:1 Mem:19.10M (Peak 19.10M) | Time:00:00.00 | Mem:0.00M, Peak:0.00M | Scene, ViewLayer | Synchronizing object | door-right-rear-a
Fra:1 Mem:19.11M (Peak 19.11M) | Time:00:00.00 | Mem:0.00M, Peak:0.00M | Scene, ViewLayer | Synchronizing object | wheel-rear-front-left
Fra:1 Mem:19.13M (Peak 19.13M) | Time:00:00.00 | Mem:0.00M, Peak:0.00M | Scene, ViewLayer | Synchronizing object | door-right-rear-b
Fra:1 Mem:19.15M (Peak 19.15M) | Time:00:00.00 | Mem:0.00M, Peak:0.00M | Scene, ViewLayer | Synchronizing object | wheel-front-rear-right
Fra:1 Mem:19.16M (Peak 19.16M) | Time:00:00.00 | Mem:0.00M, Peak:0.00M | Scene, ViewLayer | Synchronizing object | glass
Fra:1 Mem:19.20M (Peak 19.20M) | Time:00:00.00 | Mem:0.00M, Peak:0.00M | Scene, ViewLayer | Synchronizing object | wheel-front-rear-left
Fra:1 Mem:19.21M (Peak 19.21M) | Time:00:00.00 | Mem:0.00M, Peak:0.00M | Scene, ViewLayer | Synchronizing object | wheel-front-front-right
Fra:1 Mem:19.20M (Peak 19.21M) | Time:00:00.00 | Mem:0.00M, Peak:0.00M | Scene, ViewLayer | Synchronizing object | lights
Fra:1 Mem:19.20M (Peak 19.21M) | Time:00:00.00 | Mem:0.00M, Peak:0.00M | Scene, ViewLayer | Synchronizing object | wheel-front-front-left
Fra:1 Mem:19.20M (Peak 19.21M) | Time:00:00.00 | Mem:0.00M, Peak:0.00M | Scene, ViewLayer | Initializing
Fra:1 Mem:16.59M (Peak 19.21M) | Time:00:00.00 | Mem:0.00M, Peak:0.00M | Scene, ViewLayer | Waiting for render to start
Fra:1 Mem:16.59M (Peak 19.21M) | Time:00:00.00 | Mem:0.00M, Peak:0.00M | Scene, ViewLayer | Loading render kernels (may take a few minutes the first time)
Fra:1 Mem:16.59M (Peak 19.21M) | Time:00:00.00 | Mem:0.00M, Peak:0.00M | Scene, ViewLayer | Updating Scene
Fra:1 Mem:16.59M (Peak 19.21M) | Time:00:00.00 | Mem:0.00M, Peak:0.00M | Scene, ViewLayer | Updating Shaders
Fra:1 Mem:16.68M (Peak 19.21M) | Time:00:00.00 | Mem:0.01M, Peak:0.01M | Scene, ViewLayer | Updating Procedurals
Fra:1 Mem:16.68M (Peak 19.21M) | Time:00:00.00 | Mem:0.01M, Peak:0.01M | Scene, ViewLayer | Updating Background
Fra:1 Mem:16.68M (Peak 19.21M) | Time:00:00.00 | Mem:0.01M, Peak:0.01M | Scene, ViewLayer | Updating Camera
Fra:1 Mem:16.68M (Peak 19.21M) | Time:00:00.00 | Mem:0.01M, Peak:0.01M | Scene, ViewLayer | Updating Meshes Flags
Fra:1 Mem:16.68M (Peak 19.21M) | Time:00:00.00 | Mem:0.01M, Peak:0.01M | Scene, ViewLayer | Updating Objects
Fra:1 Mem:16.68M (Peak 19.21M) | Time:00:00.00 | Mem:0.01M, Peak:0.01M | Scene, ViewLayer | Updating Objects | Copying Transformations to device
Fra:1 Mem:16.69M (Peak 19.21M) | Time:00:00.00 | Mem:0.02M, Peak:0.02M | Scene, ViewLayer | Updating Objects | Applying Static Transformations
Fra:1 Mem:16.69M (Peak 19.21M) | Time:00:00.00 | Mem:0.02M, Peak:0.02M | Scene, ViewLayer | Updating Particle Systems
Fra:1 Mem:16.69M (Peak 19.21M) | Time:00:00.00 | Mem:0.02M, Peak:0.02M | Scene, ViewLayer | Updating Particle Systems | Copying Particles to device
Fra:1 Mem:16.69M (Peak 19.21M) | Time:00:00.00 | Mem:0.02M, Peak:0.02M | Scene, ViewLayer | Updating Meshes
Fra:1 Mem:16.74M (Peak 19.21M) | Time:00:00.00 | Mem:0.02M, Peak:0.02M | Scene, ViewLayer | Updating Mesh | Computing attributes
Fra:1 Mem:16.89M (Peak 19.21M) | Time:00:00.00 | Mem:0.02M, Peak:0.02M | Scene, ViewLayer | Updating Mesh | Copying Attributes to device
Fra:1 Mem:16.88M (Peak 19.21M) | Time:00:00.00 | Mem:0.16M, Peak:0.16M | Scene, ViewLayer | Updating Scene BVH | Building
Fra:1 Mem:16.88M (Peak 19.21M) | Time:00:00.00 | Mem:0.16M, Peak:0.16M | Scene, ViewLayer | Updating Scene BVH | Building BVH
Fra:1 Mem:16.88M (Peak 19.21M) | Time:00:00.00 | Mem:0.26M, Peak:0.26M | Scene, ViewLayer | Updating Scene BVH | Building BVH 0%
Fra:1 Mem:16.88M (Peak 19.21M) | Time:00:00.00 | Mem:0.38M, Peak:0.48M | Scene, ViewLayer | Updating Scene BVH | Copying BVH to device
Fra:1 Mem:16.88M (Peak 19.21M) | Time:00:00.00 | Mem:0.38M, Peak:0.48M | Scene, ViewLayer | Updating Mesh | Computing normals
Fra:1 Mem:17.26M (Peak 19.21M) | Time:00:00.00 | Mem:0.38M, Peak:0.48M | Scene, ViewLayer | Updating Mesh | Copying Mesh to device
Fra:1 Mem:17.26M (Peak 19.21M) | Time:00:00.00 | Mem:0.76M, Peak:0.76M | Scene, ViewLayer | Updating Objects Flags
Fra:1 Mem:17.26M (Peak 19.21M) | Time:00:00.00 | Mem:0.76M, Peak:0.76M | Scene, ViewLayer | Updating Primitive Offsets
Fra:1 Mem:17.26M (Peak 19.21M) | Time:00:00.00 | Mem:0.76M, Peak:0.76M | Scene, ViewLayer | Updating Images
Fra:1 Mem:17.26M (Peak 19.21M) | Time:00:00.00 | Mem:0.76M, Peak:0.76M | Scene, ViewLayer | Updating Camera Volume
Fra:1 Mem:17.26M (Peak 19.21M) | Time:00:00.00 | Mem:0.76M, Peak:0.76M | Scene, ViewLayer | Updating Lookup Tables
Fra:1 Mem:17.26M (Peak 19.21M) | Time:00:00.00 | Mem:0.84M, Peak:0.84M | Scene, ViewLayer | Updating Lights
Fra:1 Mem:17.26M (Peak 19.21M) | Time:00:00.00 | Mem:0.84M, Peak:0.84M | Scene, ViewLayer | Updating Lights | Computing tree
Fra:1 Mem:17.27M (Peak 19.21M) | Time:00:00.00 | Mem:0.84M, Peak:0.84M | Scene, ViewLayer | Updating Integrator
Fra:1 Mem:17.27M (Peak 19.21M) | Time:00:00.00 | Mem:0.84M, Peak:0.84M | Scene, ViewLayer | Updating Film
Fra:1 Mem:17.27M (Peak 19.21M) | Time:00:00.00 | Mem:0.76M, Peak:0.84M | Scene, ViewLayer | Updating Lookup Tables
Fra:1 Mem:17.27M (Peak 19.21M) | Time:00:00.00 | Mem:0.85M, Peak:0.85M | Scene, ViewLayer | Updating Baking
Fra:1 Mem:17.27M (Peak 19.21M) | Time:00:00.00 | Mem:0.85M, Peak:0.85M | Scene, ViewLayer | Updating Device | Writing constant memory
Fra:1 Mem:17.27M (Peak 19.21M) | Time:00:00.00 | Mem:0.85M, Peak:0.85M | Scene, ViewLayer | Sample 0/8
Fra:1 Mem:26.07M (Peak 26.07M) | Time:00:00.22 | Remaining:00:01.54 | Mem:9.64M, Peak:9.64M | Scene, ViewLayer | Sample 1/8
Fra:1 Mem:29.97M (Peak 37.79M) | Time:00:01.71 | Mem:9.64M, Peak:9.64M | Scene, ViewLayer | Sample 8/8
Fra:1 Mem:29.97M (Peak 37.79M) | Time:00:01.71 | Mem:9.64M, Peak:9.64M | Scene, ViewLayer | Finished
Saved: '/workspace/scratch/7c20b5ba4165/atlas-backlog-oct3/tools/assets/boardable-metro/qa/previews/tail-clear.png'
Time: 00:01.74 (Saving: 00:00.03)

Extensions: writing cache failed ([Errno 30] Read-only file system: '/home/agent/.config/blender').
16:28:30 | INFO: Data are loaded, start creating Blender stuff
16:28:30 | INFO: Blender create Mesh node Cube
16:28:30 | INFO: Blender create Mesh node Cube.158
16:28:30 | INFO: Blender create Mesh node Cube.157
16:28:30 | INFO: Blender create Mesh node Cube.135
16:28:30 | INFO: Blender create Mesh node Cube.140
16:28:30 | INFO: Blender create Mesh node Cube.145
16:28:30 | INFO: Blender create Mesh node Cube.150
16:28:30 | INFO: Blender create Mesh node Cube.125
16:28:30 | INFO: Blender create Mesh node Cube.130
16:28:30 | INFO: Blender create Mesh node Cube.105
16:28:30 | INFO: Blender create Mesh node Cube.110
16:28:30 | INFO: Blender create Mesh node Cube.115
16:28:30 | INFO: Blender create Mesh node Cube.120
16:28:30 | INFO: Blender create Mesh node Cube.095
16:28:30 | INFO: Blender create Mesh node Cube.100
16:28:30 | INFO: Blender create Mesh node Cube.004
16:28:30 | INFO: Blender create Mesh node Cube.084
16:28:30 | INFO: Blender create Mesh node Cylinder.007
16:28:30 | INFO: Blender create Mesh node Cylinder.006
16:28:30 | INFO: Blender create Mesh node Cylinder.005
16:28:30 | INFO: Blender create Mesh node Cylinder.004
16:28:30 | INFO: Blender create Mesh node Cylinder.003
16:28:30 | INFO: Blender create Mesh node Cylinder.002
16:28:30 | INFO: Blender create Mesh node Cylinder.001
16:28:30 | INFO: Blender create Mesh node Cylinder
16:28:30 | INFO: glTF import finished in 0.02s
16:28:30 | INFO: Data are loaded, start creating Blender stuff
16:28:30 | INFO: Blender create Mesh node interior-batch-metro-wall
16:28:30 | INFO: Blender create Mesh node interior-batch-metro-floor
16:28:30 | INFO: Blender create Mesh node interior-batch-metro-rail
16:28:30 | INFO: Blender create Mesh node interior-batch-metro-screen
16:28:30 | INFO: Blender create Mesh node interior-batch-metro-priority-seat
16:28:30 | INFO: Blender create Mesh node interior-batch-metro-seat
16:28:30 | INFO: glTF import finished in 0.01s
Fra:1 Mem:18.56M (Peak 18.56M) | Time:00:00.00 | Mem:0.00M, Peak:0.00M | Scene, ViewLayer | Synchronizing object | body-shell
Fra:1 Mem:18.97M (Peak 18.97M) | Time:00:00.00 | Mem:0.00M, Peak:0.00M | Scene, ViewLayer | Synchronizing object | QA-ground
Fra:1 Mem:19.04M (Peak 19.04M) | Time:00:00.00 | Mem:0.00M, Peak:0.00M | Scene, ViewLayer | Synchronizing object | interior-batch-metro-seat
Fra:1 Mem:18.85M (Peak 19.04M) | Time:00:00.00 | Mem:0.00M, Peak:0.00M | Scene, ViewLayer | Synchronizing object | interior-batch-metro-priority-seat
Fra:1 Mem:19.01M (Peak 19.04M) | Time:00:00.00 | Mem:0.00M, Peak:0.00M | Scene, ViewLayer | Synchronizing object | interior-batch-metro-screen
Fra:1 Mem:19.02M (Peak 19.04M) | Time:00:00.00 | Mem:0.00M, Peak:0.00M | Scene, ViewLayer | Synchronizing object | interior-batch-metro-rail
Fra:1 Mem:18.92M (Peak 19.04M) | Time:00:00.00 | Mem:0.00M, Peak:0.00M | Scene, ViewLayer | Synchronizing object | bogie-front-frame
Fra:1 Mem:19.01M (Peak 19.04M) | Time:00:00.00 | Mem:0.00M, Peak:0.00M | Scene, ViewLayer | Synchronizing object | bogie-rear-frame
Fra:1 Mem:19.01M (Peak 19.04M) | Time:00:00.00 | Mem:0.00M, Peak:0.00M | Scene, ViewLayer | Synchronizing object | door-left-center-a
Fra:1 Mem:19.02M (Peak 19.04M) | Time:00:00.00 | Mem:0.00M, Peak:0.00M | Scene, ViewLayer | Synchronizing object | door-left-center-b
Fra:1 Mem:19.03M (Peak 19.04M) | Time:00:00.00 | Mem:0.00M, Peak:0.00M | Scene, ViewLayer | Synchronizing object | door-left-front-a
Fra:1 Mem:18.94M (Peak 19.04M) | Time:00:00.00 | Mem:0.00M, Peak:0.00M | Scene, ViewLayer | Synchronizing object | interior-batch-metro-floor
Fra:1 Mem:18.95M (Peak 19.04M) | Time:00:00.00 | Mem:0.00M, Peak:0.00M | Scene, ViewLayer | Synchronizing object | door-left-front-b
Fra:1 Mem:18.97M (Peak 19.04M) | Time:00:00.00 | Mem:0.00M, Peak:0.00M | Scene, ViewLayer | Synchronizing object | interior-batch-metro-wall
Fra:1 Mem:19.04M (Peak 19.04M) | Time:00:00.00 | Mem:0.00M, Peak:0.00M | Scene, ViewLayer | Synchronizing object | door-left-rear-a
Fra:1 Mem:19.07M (Peak 19.07M) | Time:00:00.00 | Mem:0.00M, Peak:0.00M | Scene, ViewLayer | Synchronizing object | door-left-rear-b
Fra:1 Mem:19.06M (Peak 19.07M) | Time:00:00.00 | Mem:0.00M, Peak:0.00M | Scene, ViewLayer | Synchronizing object | door-right-center-a
Fra:1 Mem:19.03M (Peak 19.07M) | Time:00:00.00 | Mem:0.00M, Peak:0.00M | Scene, ViewLayer | Synchronizing object | wheel-rear-rear-right
Fra:1 Mem:19.05M (Peak 19.07M) | Time:00:00.00 | Mem:0.00M, Peak:0.00M | Scene, ViewLayer | Synchronizing object | door-right-center-b
Fra:1 Mem:19.06M (Peak 19.07M) | Time:00:00.00 | Mem:0.00M, Peak:0.00M | Scene, ViewLayer | Synchronizing object | wheel-rear-rear-left
Fra:1 Mem:19.07M (Peak 19.07M) | Time:00:00.00 | Mem:0.00M, Peak:0.00M | Scene, ViewLayer | Synchronizing object | door-right-front-a
Fra:1 Mem:19.08M (Peak 19.08M) | Time:00:00.00 | Mem:0.00M, Peak:0.00M | Scene, ViewLayer | Synchronizing object | wheel-rear-front-right
Fra:1 Mem:19.07M (Peak 19.08M) | Time:00:00.00 | Mem:0.00M, Peak:0.00M | Scene, ViewLayer | Synchronizing object | door-right-front-b
Fra:1 Mem:19.09M (Peak 19.09M) | Time:00:00.00 | Mem:0.00M, Peak:0.00M | Scene, ViewLayer | Synchronizing object | wheel-rear-front-left
Fra:1 Mem:19.09M (Peak 19.09M) | Time:00:00.00 | Mem:0.00M, Peak:0.00M | Scene, ViewLayer | Synchronizing object | door-right-rear-a
Fra:1 Mem:19.12M (Peak 19.12M) | Time:00:00.00 | Mem:0.00M, Peak:0.00M | Scene, ViewLayer | Synchronizing object | wheel-front-rear-right
Fra:1 Mem:19.12M (Peak 19.12M) | Time:00:00.00 | Mem:0.00M, Peak:0.00M | Scene, ViewLayer | Synchronizing object | door-right-rear-b
Fra:1 Mem:19.15M (Peak 19.15M) | Time:00:00.00 | Mem:0.00M, Peak:0.00M | Scene, ViewLayer | Synchronizing object | wheel-front-rear-left
Fra:1 Mem:19.14M (Peak 19.15M) | Time:00:00.00 | Mem:0.00M, Peak:0.00M | Scene, ViewLayer | Synchronizing object | glass
Fra:1 Mem:19.23M (Peak 19.23M) | Time:00:00.00 | Mem:0.00M, Peak:0.00M | Scene, ViewLayer | Synchronizing object | wheel-front-front-right
Fra:1 Mem:19.18M (Peak 19.23M) | Time:00:00.00 | Mem:0.00M, Peak:0.00M | Scene, ViewLayer | Synchronizing object | wheel-front-front-left
Fra:1 Mem:19.19M (Peak 19.23M) | Time:00:00.00 | Mem:0.00M, Peak:0.00M | Scene, ViewLayer | Synchronizing object | lights
Fra:1 Mem:19.20M (Peak 19.23M) | Time:00:00.00 | Mem:0.00M, Peak:0.00M | Scene, ViewLayer | Initializing
Fra:1 Mem:16.59M (Peak 19.23M) | Time:00:00.00 | Mem:0.00M, Peak:0.00M | Scene, ViewLayer | Waiting for render to start
Fra:1 Mem:16.59M (Peak 19.23M) | Time:00:00.00 | Mem:0.00M, Peak:0.00M | Scene, ViewLayer | Loading render kernels (may take a few minutes the first time)
Fra:1 Mem:16.59M (Peak 19.23M) | Time:00:00.00 | Mem:0.00M, Peak:0.00M | Scene, ViewLayer | Updating Scene
Fra:1 Mem:16.59M (Peak 19.23M) | Time:00:00.00 | Mem:0.00M, Peak:0.00M | Scene, ViewLayer | Updating Shaders
Fra:1 Mem:16.68M (Peak 19.23M) | Time:00:00.00 | Mem:0.01M, Peak:0.01M | Scene, ViewLayer | Updating Procedurals
Fra:1 Mem:16.68M (Peak 19.23M) | Time:00:00.00 | Mem:0.01M, Peak:0.01M | Scene, ViewLayer | Updating Background
Fra:1 Mem:16.68M (Peak 19.23M) | Time:00:00.00 | Mem:0.01M, Peak:0.01M | Scene, ViewLayer | Updating Camera
Fra:1 Mem:16.68M (Peak 19.23M) | Time:00:00.00 | Mem:0.01M, Peak:0.01M | Scene, ViewLayer | Updating Meshes Flags
Fra:1 Mem:16.68M (Peak 19.23M) | Time:00:00.00 | Mem:0.01M, Peak:0.01M | Scene, ViewLayer | Updating Objects
Fra:1 Mem:16.68M (Peak 19.23M) | Time:00:00.00 | Mem:0.01M, Peak:0.01M | Scene, ViewLayer | Updating Objects | Copying Transformations to device
Fra:1 Mem:16.69M (Peak 19.23M) | Time:00:00.00 | Mem:0.02M, Peak:0.02M | Scene, ViewLayer | Updating Objects | Applying Static Transformations
Fra:1 Mem:16.69M (Peak 19.23M) | Time:00:00.00 | Mem:0.02M, Peak:0.02M | Scene, ViewLayer | Updating Particle Systems
Fra:1 Mem:16.69M (Peak 19.23M) | Time:00:00.00 | Mem:0.02M, Peak:0.02M | Scene, ViewLayer | Updating Particle Systems | Copying Particles to device
Fra:1 Mem:16.69M (Peak 19.23M) | Time:00:00.00 | Mem:0.02M, Peak:0.02M | Scene, ViewLayer | Updating Meshes
Fra:1 Mem:16.74M (Peak 19.23M) | Time:00:00.00 | Mem:0.02M, Peak:0.02M | Scene, ViewLayer | Updating Mesh | Computing attributes
Fra:1 Mem:16.89M (Peak 19.23M) | Time:00:00.00 | Mem:0.02M, Peak:0.02M | Scene, ViewLayer | Updating Mesh | Copying Attributes to device
Fra:1 Mem:16.88M (Peak 19.23M) | Time:00:00.00 | Mem:0.16M, Peak:0.16M | Scene, ViewLayer | Updating Scene BVH | Building
Fra:1 Mem:16.88M (Peak 19.23M) | Time:00:00.00 | Mem:0.16M, Peak:0.16M | Scene, ViewLayer | Updating Scene BVH | Building BVH
Fra:1 Mem:16.88M (Peak 19.23M) | Time:00:00.00 | Mem:0.26M, Peak:0.26M | Scene, ViewLayer | Updating Scene BVH | Building BVH 0%
Fra:1 Mem:16.88M (Peak 19.23M) | Time:00:00.00 | Mem:0.38M, Peak:0.48M | Scene, ViewLayer | Updating Scene BVH | Copying BVH to device
Fra:1 Mem:16.88M (Peak 19.23M) | Time:00:00.00 | Mem:0.38M, Peak:0.48M | Scene, ViewLayer | Updating Mesh | Computing normals
Fra:1 Mem:17.26M (Peak 19.23M) | Time:00:00.00 | Mem:0.38M, Peak:0.48M | Scene, ViewLayer | Updating Mesh | Copying Mesh to device
Fra:1 Mem:17.26M (Peak 19.23M) | Time:00:00.00 | Mem:0.76M, Peak:0.76M | Scene, ViewLayer | Updating Objects Flags
Fra:1 Mem:17.26M (Peak 19.23M) | Time:00:00.00 | Mem:0.76M, Peak:0.76M | Scene, ViewLayer | Updating Primitive Offsets
Fra:1 Mem:17.26M (Peak 19.23M) | Time:00:00.00 | Mem:0.76M, Peak:0.76M | Scene, ViewLayer | Updating Images
Fra:1 Mem:17.26M (Peak 19.23M) | Time:00:00.00 | Mem:0.76M, Peak:0.76M | Scene, ViewLayer | Updating Camera Volume
Fra:1 Mem:17.26M (Peak 19.23M) | Time:00:00.00 | Mem:0.76M, Peak:0.76M | Scene, ViewLayer | Updating Lookup Tables
Fra:1 Mem:17.26M (Peak 19.23M) | Time:00:00.00 | Mem:0.84M, Peak:0.84M | Scene, ViewLayer | Updating Lights
Fra:1 Mem:17.26M (Peak 19.23M) | Time:00:00.00 | Mem:0.84M, Peak:0.84M | Scene, ViewLayer | Updating Lights | Computing tree
Fra:1 Mem:17.27M (Peak 19.23M) | Time:00:00.00 | Mem:0.84M, Peak:0.84M | Scene, ViewLayer | Updating Integrator
Fra:1 Mem:17.27M (Peak 19.23M) | Time:00:00.00 | Mem:0.84M, Peak:0.84M | Scene, ViewLayer | Updating Film
Fra:1 Mem:17.27M (Peak 19.23M) | Time:00:00.00 | Mem:0.76M, Peak:0.84M | Scene, ViewLayer | Updating Lookup Tables
Fra:1 Mem:17.27M (Peak 19.23M) | Time:00:00.00 | Mem:0.85M, Peak:0.85M | Scene, ViewLayer | Updating Baking
Fra:1 Mem:17.27M (Peak 19.23M) | Time:00:00.00 | Mem:0.85M, Peak:0.85M | Scene, ViewLayer | Updating Device | Writing constant memory
Fra:1 Mem:17.27M (Peak 19.23M) | Time:00:00.00 | Mem:0.85M, Peak:0.85M | Scene, ViewLayer | Sample 0/8
Fra:1 Mem:26.07M (Peak 26.07M) | Time:00:00.24 | Remaining:00:01.61 | Mem:9.64M, Peak:9.64M | Scene, ViewLayer | Sample 1/8
Fra:1 Mem:29.97M (Peak 37.79M) | Time:00:01.74 | Mem:9.64M, Peak:9.64M | Scene, ViewLayer | Sample 8/8
Fra:1 Mem:29.97M (Peak 37.79M) | Time:00:01.74 | Mem:9.64M, Peak:9.64M | Scene, ViewLayer | Finished
Saved: '/workspace/scratch/7c20b5ba4165/atlas-backlog-oct3/tools/assets/boardable-metro/qa/previews/tail-overcast.png'
Time: 00:01.78 (Saving: 00:00.03)

Extensions: writing cache failed ([Errno 30] Read-only file system: '/home/agent/.config/blender').
16:28:32 | INFO: Data are loaded, start creating Blender stuff
16:28:32 | INFO: Blender create Mesh node Cube
16:28:32 | INFO: Blender create Mesh node Cube.158
16:28:32 | INFO: Blender create Mesh node Cube.157
16:28:32 | INFO: Blender create Mesh node Cube.135
16:28:32 | INFO: Blender create Mesh node Cube.140
16:28:32 | INFO: Blender create Mesh node Cube.145
16:28:32 | INFO: Blender create Mesh node Cube.150
16:28:32 | INFO: Blender create Mesh node Cube.125
16:28:32 | INFO: Blender create Mesh node Cube.130
16:28:32 | INFO: Blender create Mesh node Cube.105
16:28:32 | INFO: Blender create Mesh node Cube.110
16:28:32 | INFO: Blender create Mesh node Cube.115
16:28:32 | INFO: Blender create Mesh node Cube.120
16:28:32 | INFO: Blender create Mesh node Cube.095
16:28:32 | INFO: Blender create Mesh node Cube.100
16:28:32 | INFO: Blender create Mesh node Cube.004
16:28:32 | INFO: Blender create Mesh node Cube.084
16:28:32 | INFO: Blender create Mesh node Cylinder.007
16:28:32 | INFO: Blender create Mesh node Cylinder.006
16:28:32 | INFO: Blender create Mesh node Cylinder.005
16:28:32 | INFO: Blender create Mesh node Cylinder.004
16:28:32 | INFO: Blender create Mesh node Cylinder.003
16:28:32 | INFO: Blender create Mesh node Cylinder.002
16:28:32 | INFO: Blender create Mesh node Cylinder.001
16:28:32 | INFO: Blender create Mesh node Cylinder
16:28:32 | INFO: glTF import finished in 0.02s
16:28:32 | INFO: Data are loaded, start creating Blender stuff
16:28:32 | INFO: Blender create Mesh node interior-batch-metro-wall
16:28:32 | INFO: Blender create Mesh node interior-batch-metro-floor
16:28:32 | INFO: Blender create Mesh node interior-batch-metro-rail
16:28:32 | INFO: Blender create Mesh node interior-batch-metro-screen
16:28:32 | INFO: Blender create Mesh node interior-batch-metro-priority-seat
16:28:32 | INFO: Blender create Mesh node interior-batch-metro-seat
16:28:32 | INFO: glTF import finished in 0.01s
Fra:1 Mem:18.56M (Peak 18.56M) | Time:00:00.00 | Mem:0.00M, Peak:0.00M | Scene, ViewLayer | Synchronizing object | body-shell
Fra:1 Mem:18.97M (Peak 18.97M) | Time:00:00.00 | Mem:0.00M, Peak:0.00M | Scene, ViewLayer | Synchronizing object | QA-ground
Fra:1 Mem:19.06M (Peak 19.06M) | Time:00:00.00 | Mem:0.00M, Peak:0.00M | Scene, ViewLayer | Synchronizing object | interior-batch-metro-seat
Fra:1 Mem:19.00M (Peak 19.06M) | Time:00:00.00 | Mem:0.00M, Peak:0.00M | Scene, ViewLayer | Synchronizing object | interior-batch-metro-priority-seat
Fra:1 Mem:19.01M (Peak 19.06M) | Time:00:00.00 | Mem:0.00M, Peak:0.00M | Scene, ViewLayer | Synchronizing object | interior-batch-metro-screen
Fra:1 Mem:19.02M (Peak 19.06M) | Time:00:00.00 | Mem:0.00M, Peak:0.00M | Scene, ViewLayer | Synchronizing object | interior-batch-metro-rail
Fra:1 Mem:18.91M (Peak 19.06M) | Time:00:00.00 | Mem:0.00M, Peak:0.00M | Scene, ViewLayer | Synchronizing object | bogie-front-frame
Fra:1 Mem:18.95M (Peak 19.06M) | Time:00:00.00 | Mem:0.00M, Peak:0.00M | Scene, ViewLayer | Synchronizing object | bogie-rear-frame
Fra:1 Mem:19.01M (Peak 19.06M) | Time:00:00.00 | Mem:0.00M, Peak:0.00M | Scene, ViewLayer | Synchronizing object | door-left-center-a
Fra:1 Mem:18.92M (Peak 19.06M) | Time:00:00.00 | Mem:0.00M, Peak:0.00M | Scene, ViewLayer | Synchronizing object | interior-batch-metro-floor
Fra:1 Mem:18.92M (Peak 19.06M) | Time:00:00.00 | Mem:0.00M, Peak:0.00M | Scene, ViewLayer | Synchronizing object | door-left-center-b
Fra:1 Mem:18.92M (Peak 19.06M) | Time:00:00.00 | Mem:0.00M, Peak:0.00M | Scene, ViewLayer | Synchronizing object | interior-batch-metro-wall
Fra:1 Mem:18.97M (Peak 19.06M) | Time:00:00.00 | Mem:0.00M, Peak:0.00M | Scene, ViewLayer | Synchronizing object | door-left-front-a
Fra:1 Mem:19.02M (Peak 19.06M) | Time:00:00.00 | Mem:0.00M, Peak:0.00M | Scene, ViewLayer | Synchronizing object | door-left-front-b
Fra:1 Mem:19.01M (Peak 19.06M) | Time:00:00.00 | Mem:0.00M, Peak:0.00M | Scene, ViewLayer | Synchronizing object | wheel-rear-rear-right
Fra:1 Mem:19.00M (Peak 19.06M) | Time:00:00.00 | Mem:0.00M, Peak:0.00M | Scene, ViewLayer | Synchronizing object | door-left-rear-a
Fra:1 Mem:19.03M (Peak 19.06M) | Time:00:00.00 | Mem:0.00M, Peak:0.00M | Scene, ViewLayer | Synchronizing object | wheel-rear-rear-left
Fra:1 Mem:19.03M (Peak 19.06M) | Time:00:00.00 | Mem:0.00M, Peak:0.00M | Scene, ViewLayer | Synchronizing object | door-left-rear-b
Fra:1 Mem:19.06M (Peak 19.06M) | Time:00:00.00 | Mem:0.00M, Peak:0.00M | Scene, ViewLayer | Synchronizing object | wheel-rear-front-right
Fra:1 Mem:19.05M (Peak 19.06M) | Time:00:00.00 | Mem:0.00M, Peak:0.00M | Scene, ViewLayer | Synchronizing object | door-right-center-a
Fra:1 Mem:19.08M (Peak 19.08M) | Time:00:00.00 | Mem:0.00M, Peak:0.00M | Scene, ViewLayer | Synchronizing object | wheel-rear-front-left
Fra:1 Mem:19.07M (Peak 19.08M) | Time:00:00.00 | Mem:0.00M, Peak:0.00M | Scene, ViewLayer | Synchronizing object | door-right-center-b
Fra:1 Mem:19.10M (Peak 19.10M) | Time:00:00.00 | Mem:0.00M, Peak:0.00M | Scene, ViewLayer | Synchronizing object | wheel-front-rear-right
Fra:1 Mem:19.10M (Peak 19.10M) | Time:00:00.00 | Mem:0.00M, Peak:0.00M | Scene, ViewLayer | Synchronizing object | door-right-front-a
Fra:1 Mem:19.12M (Peak 19.12M) | Time:00:00.00 | Mem:0.00M, Peak:0.00M | Scene, ViewLayer | Synchronizing object | wheel-front-rear-left
Fra:1 Mem:19.13M (Peak 19.13M) | Time:00:00.00 | Mem:0.00M, Peak:0.00M | Scene, ViewLayer | Synchronizing object | door-right-front-b
Fra:1 Mem:19.14M (Peak 19.14M) | Time:00:00.00 | Mem:0.00M, Peak:0.00M | Scene, ViewLayer | Synchronizing object | wheel-front-front-right
Fra:1 Mem:19.15M (Peak 19.15M) | Time:00:00.00 | Mem:0.00M, Peak:0.00M | Scene, ViewLayer | Synchronizing object | door-right-rear-a
Fra:1 Mem:19.14M (Peak 19.15M) | Time:00:00.00 | Mem:0.00M, Peak:0.00M | Scene, ViewLayer | Synchronizing object | wheel-front-front-left
Fra:1 Mem:19.17M (Peak 19.17M) | Time:00:00.00 | Mem:0.00M, Peak:0.00M | Scene, ViewLayer | Synchronizing object | door-right-rear-b
Fra:1 Mem:19.16M (Peak 19.17M) | Time:00:00.00 | Mem:0.00M, Peak:0.00M | Scene, ViewLayer | Synchronizing object | lights
Fra:1 Mem:19.19M (Peak 19.19M) | Time:00:00.00 | Mem:0.00M, Peak:0.00M | Scene, ViewLayer | Synchronizing object | glass
Fra:1 Mem:19.20M (Peak 19.20M) | Time:00:00.00 | Mem:0.00M, Peak:0.00M | Scene, ViewLayer | Initializing
Fra:1 Mem:16.59M (Peak 19.20M) | Time:00:00.00 | Mem:0.00M, Peak:0.00M | Scene, ViewLayer | Waiting for render to start
Fra:1 Mem:16.59M (Peak 19.20M) | Time:00:00.00 | Mem:0.00M, Peak:0.00M | Scene, ViewLayer | Loading render kernels (may take a few minutes the first time)
Fra:1 Mem:16.59M (Peak 19.20M) | Time:00:00.00 | Mem:0.00M, Peak:0.00M | Scene, ViewLayer | Updating Scene
Fra:1 Mem:16.59M (Peak 19.20M) | Time:00:00.00 | Mem:0.00M, Peak:0.00M | Scene, ViewLayer | Updating Shaders
Fra:1 Mem:16.68M (Peak 19.20M) | Time:00:00.00 | Mem:0.01M, Peak:0.01M | Scene, ViewLayer | Updating Procedurals
Fra:1 Mem:16.68M (Peak 19.20M) | Time:00:00.00 | Mem:0.01M, Peak:0.01M | Scene, ViewLayer | Updating Background
Fra:1 Mem:16.68M (Peak 19.20M) | Time:00:00.00 | Mem:0.01M, Peak:0.01M | Scene, ViewLayer | Updating Camera
Fra:1 Mem:16.68M (Peak 19.20M) | Time:00:00.00 | Mem:0.01M, Peak:0.01M | Scene, ViewLayer | Updating Meshes Flags
Fra:1 Mem:16.68M (Peak 19.20M) | Time:00:00.00 | Mem:0.01M, Peak:0.01M | Scene, ViewLayer | Updating Objects
Fra:1 Mem:16.68M (Peak 19.20M) | Time:00:00.00 | Mem:0.01M, Peak:0.01M | Scene, ViewLayer | Updating Objects | Copying Transformations to device
Fra:1 Mem:16.69M (Peak 19.20M) | Time:00:00.00 | Mem:0.02M, Peak:0.02M | Scene, ViewLayer | Updating Objects | Applying Static Transformations
Fra:1 Mem:16.69M (Peak 19.20M) | Time:00:00.00 | Mem:0.02M, Peak:0.02M | Scene, ViewLayer | Updating Particle Systems
Fra:1 Mem:16.69M (Peak 19.20M) | Time:00:00.00 | Mem:0.02M, Peak:0.02M | Scene, ViewLayer | Updating Particle Systems | Copying Particles to device
Fra:1 Mem:16.69M (Peak 19.20M) | Time:00:00.00 | Mem:0.02M, Peak:0.02M | Scene, ViewLayer | Updating Meshes
Fra:1 Mem:16.74M (Peak 19.20M) | Time:00:00.00 | Mem:0.02M, Peak:0.02M | Scene, ViewLayer | Updating Mesh | Computing attributes
Fra:1 Mem:16.89M (Peak 19.20M) | Time:00:00.00 | Mem:0.02M, Peak:0.02M | Scene, ViewLayer | Updating Mesh | Copying Attributes to device
Fra:1 Mem:16.88M (Peak 19.20M) | Time:00:00.00 | Mem:0.16M, Peak:0.16M | Scene, ViewLayer | Updating Scene BVH | Building
Fra:1 Mem:16.88M (Peak 19.20M) | Time:00:00.00 | Mem:0.16M, Peak:0.16M | Scene, ViewLayer | Updating Scene BVH | Building BVH
Fra:1 Mem:16.88M (Peak 19.20M) | Time:00:00.00 | Mem:0.26M, Peak:0.26M | Scene, ViewLayer | Updating Scene BVH | Building BVH 0%
Fra:1 Mem:16.88M (Peak 19.20M) | Time:00:00.00 | Mem:0.38M, Peak:0.48M | Scene, ViewLayer | Updating Scene BVH | Copying BVH to device
Fra:1 Mem:16.88M (Peak 19.20M) | Time:00:00.00 | Mem:0.38M, Peak:0.48M | Scene, ViewLayer | Updating Mesh | Computing normals
Fra:1 Mem:17.26M (Peak 19.20M) | Time:00:00.00 | Mem:0.38M, Peak:0.48M | Scene, ViewLayer | Updating Mesh | Copying Mesh to device
Fra:1 Mem:17.26M (Peak 19.20M) | Time:00:00.00 | Mem:0.76M, Peak:0.76M | Scene, ViewLayer | Updating Objects Flags
Fra:1 Mem:17.26M (Peak 19.20M) | Time:00:00.00 | Mem:0.76M, Peak:0.76M | Scene, ViewLayer | Updating Primitive Offsets
Fra:1 Mem:17.26M (Peak 19.20M) | Time:00:00.00 | Mem:0.76M, Peak:0.76M | Scene, ViewLayer | Updating Images
Fra:1 Mem:17.26M (Peak 19.20M) | Time:00:00.00 | Mem:0.76M, Peak:0.76M | Scene, ViewLayer | Updating Camera Volume
Fra:1 Mem:17.26M (Peak 19.20M) | Time:00:00.00 | Mem:0.76M, Peak:0.76M | Scene, ViewLayer | Updating Lookup Tables
Fra:1 Mem:17.26M (Peak 19.20M) | Time:00:00.00 | Mem:0.84M, Peak:0.84M | Scene, ViewLayer | Updating Lights
Fra:1 Mem:17.26M (Peak 19.20M) | Time:00:00.00 | Mem:0.84M, Peak:0.84M | Scene, ViewLayer | Updating Lights | Computing tree
Fra:1 Mem:17.27M (Peak 19.20M) | Time:00:00.00 | Mem:0.84M, Peak:0.84M | Scene, ViewLayer | Updating Integrator
Fra:1 Mem:17.27M (Peak 19.20M) | Time:00:00.00 | Mem:0.84M, Peak:0.84M | Scene, ViewLayer | Updating Film
Fra:1 Mem:17.27M (Peak 19.20M) | Time:00:00.00 | Mem:0.76M, Peak:0.84M | Scene, ViewLayer | Updating Lookup Tables
Fra:1 Mem:17.27M (Peak 19.20M) | Time:00:00.00 | Mem:0.85M, Peak:0.85M | Scene, ViewLayer | Updating Baking
Fra:1 Mem:17.27M (Peak 19.20M) | Time:00:00.00 | Mem:0.85M, Peak:0.85M | Scene, ViewLayer | Updating Device | Writing constant memory
Fra:1 Mem:17.27M (Peak 19.20M) | Time:00:00.00 | Mem:0.85M, Peak:0.85M | Scene, ViewLayer | Sample 0/8
Fra:1 Mem:26.07M (Peak 26.07M) | Time:00:00.24 | Remaining:00:01.63 | Mem:9.64M, Peak:9.64M | Scene, ViewLayer | Sample 1/8
Fra:1 Mem:29.97M (Peak 37.79M) | Time:00:01.73 | Mem:9.64M, Peak:9.64M | Scene, ViewLayer | Sample 8/8
Fra:1 Mem:29.97M (Peak 37.79M) | Time:00:01.73 | Mem:9.64M, Peak:9.64M | Scene, ViewLayer | Finished
Saved: '/workspace/scratch/7c20b5ba4165/atlas-backlog-oct3/tools/assets/boardable-metro/qa/previews/tail-dusk.png'
Time: 00:01.77 (Saving: 00:00.03)

Extensions: writing cache failed ([Errno 30] Read-only file system: '/home/agent/.config/blender').
16:28:34 | INFO: Data are loaded, start creating Blender stuff
16:28:34 | INFO: Blender create Mesh node Cube
16:28:34 | INFO: Blender create Mesh node Cube.158
16:28:34 | INFO: Blender create Mesh node Cube.157
16:28:34 | INFO: Blender create Mesh node Cube.135
16:28:34 | INFO: Blender create Mesh node Cube.140
16:28:34 | INFO: Blender create Mesh node Cube.145
16:28:34 | INFO: Blender create Mesh node Cube.150
16:28:34 | INFO: Blender create Mesh node Cube.125
16:28:34 | INFO: Blender create Mesh node Cube.130
16:28:34 | INFO: Blender create Mesh node Cube.105
16:28:34 | INFO: Blender create Mesh node Cube.110
16:28:34 | INFO: Blender create Mesh node Cube.115
16:28:34 | INFO: Blender create Mesh node Cube.120
16:28:34 | INFO: Blender create Mesh node Cube.095
16:28:34 | INFO: Blender create Mesh node Cube.100
16:28:34 | INFO: Blender create Mesh node Cube.004
16:28:34 | INFO: Blender create Mesh node Cube.084
16:28:34 | INFO: Blender create Mesh node Cylinder.007
16:28:34 | INFO: Blender create Mesh node Cylinder.006
16:28:34 | INFO: Blender create Mesh node Cylinder.005
16:28:34 | INFO: Blender create Mesh node Cylinder.004
16:28:34 | INFO: Blender create Mesh node Cylinder.003
16:28:34 | INFO: Blender create Mesh node Cylinder.002
16:28:34 | INFO: Blender create Mesh node Cylinder.001
16:28:34 | INFO: Blender create Mesh node Cylinder
16:28:34 | INFO: glTF import finished in 0.02s
16:28:34 | INFO: Data are loaded, start creating Blender stuff
16:28:34 | INFO: Blender create Mesh node interior-batch-metro-wall
16:28:34 | INFO: Blender create Mesh node interior-batch-metro-floor
16:28:34 | INFO: Blender create Mesh node interior-batch-metro-rail
16:28:34 | INFO: Blender create Mesh node interior-batch-metro-screen
16:28:34 | INFO: Blender create Mesh node interior-batch-metro-priority-seat
16:28:34 | INFO: Blender create Mesh node interior-batch-metro-seat
16:28:34 | INFO: glTF import finished in 0.01s
Fra:1 Mem:18.56M (Peak 18.56M) | Time:00:00.00 | Mem:0.00M, Peak:0.00M | Scene, ViewLayer | Synchronizing object | body-shell
Fra:1 Mem:18.97M (Peak 18.97M) | Time:00:00.00 | Mem:0.00M, Peak:0.00M | Scene, ViewLayer | Synchronizing object | QA-ground
Fra:1 Mem:19.03M (Peak 19.03M) | Time:00:00.00 | Mem:0.00M, Peak:0.00M | Scene, ViewLayer | Synchronizing object | interior-batch-metro-seat
Fra:1 Mem:19.00M (Peak 19.03M) | Time:00:00.00 | Mem:0.00M, Peak:0.00M | Scene, ViewLayer | Synchronizing object | interior-batch-metro-priority-seat
Fra:1 Mem:19.01M (Peak 19.03M) | Time:00:00.00 | Mem:0.00M, Peak:0.00M | Scene, ViewLayer | Synchronizing object | interior-batch-metro-screen
Fra:1 Mem:18.85M (Peak 19.03M) | Time:00:00.00 | Mem:0.00M, Peak:0.00M | Scene, ViewLayer | Synchronizing object | interior-batch-metro-rail
Fra:1 Mem:18.90M (Peak 19.03M) | Time:00:00.00 | Mem:0.00M, Peak:0.00M | Scene, ViewLayer | Synchronizing object | bogie-front-frame
Fra:1 Mem:18.93M (Peak 19.03M) | Time:00:00.00 | Mem:0.00M, Peak:0.00M | Scene, ViewLayer | Synchronizing object | bogie-rear-frame
Fra:1 Mem:19.01M (Peak 19.03M) | Time:00:00.00 | Mem:0.00M, Peak:0.00M | Scene, ViewLayer | Synchronizing object | door-left-center-a
Fra:1 Mem:18.99M (Peak 19.03M) | Time:00:00.00 | Mem:0.00M, Peak:0.00M | Scene, ViewLayer | Synchronizing object | door-left-center-b
Fra:1 Mem:18.93M (Peak 19.03M) | Time:00:00.00 | Mem:0.00M, Peak:0.00M | Scene, ViewLayer | Synchronizing object | interior-batch-metro-floor
Fra:1 Mem:18.93M (Peak 19.03M) | Time:00:00.00 | Mem:0.00M, Peak:0.00M | Scene, ViewLayer | Synchronizing object | door-left-front-a
Fra:1 Mem:18.93M (Peak 19.03M) | Time:00:00.00 | Mem:0.00M, Peak:0.00M | Scene, ViewLayer | Synchronizing object | interior-batch-metro-wall
Fra:1 Mem:19.05M (Peak 19.05M) | Time:00:00.00 | Mem:0.00M, Peak:0.00M | Scene, ViewLayer | Synchronizing object | door-left-front-b
Fra:1 Mem:19.04M (Peak 19.05M) | Time:00:00.00 | Mem:0.00M, Peak:0.00M | Scene, ViewLayer | Synchronizing object | door-left-rear-a
Fra:1 Mem:19.00M (Peak 19.05M) | Time:00:00.00 | Mem:0.00M, Peak:0.00M | Scene, ViewLayer | Synchronizing object | wheel-rear-rear-right
Fra:1 Mem:19.03M (Peak 19.05M) | Time:00:00.00 | Mem:0.00M, Peak:0.00M | Scene, ViewLayer | Synchronizing object | door-left-rear-b
Fra:1 Mem:19.03M (Peak 19.05M) | Time:00:00.00 | Mem:0.00M, Peak:0.00M | Scene, ViewLayer | Synchronizing object | wheel-rear-rear-left
Fra:1 Mem:19.05M (Peak 19.05M) | Time:00:00.00 | Mem:0.00M, Peak:0.00M | Scene, ViewLayer | Synchronizing object | door-right-center-a
Fra:1 Mem:19.05M (Peak 19.05M) | Time:00:00.00 | Mem:0.00M, Peak:0.00M | Scene, ViewLayer | Synchronizing object | wheel-rear-front-right
Fra:1 Mem:19.06M (Peak 19.06M) | Time:00:00.00 | Mem:0.00M, Peak:0.00M | Scene, ViewLayer | Synchronizing object | door-right-center-b
Fra:1 Mem:19.09M (Peak 19.09M) | Time:00:00.00 | Mem:0.00M, Peak:0.00M | Scene, ViewLayer | Synchronizing object | wheel-rear-front-left
Fra:1 Mem:19.08M (Peak 19.09M) | Time:00:00.00 | Mem:0.00M, Peak:0.00M | Scene, ViewLayer | Synchronizing object | door-right-front-a
Fra:1 Mem:19.11M (Peak 19.11M) | Time:00:00.00 | Mem:0.00M, Peak:0.00M | Scene, ViewLayer | Synchronizing object | wheel-front-rear-right
Fra:1 Mem:19.11M (Peak 19.11M) | Time:00:00.00 | Mem:0.00M, Peak:0.00M | Scene, ViewLayer | Synchronizing object | door-right-front-b
Fra:1 Mem:19.13M (Peak 19.13M) | Time:00:00.00 | Mem:0.00M, Peak:0.00M | Scene, ViewLayer | Synchronizing object | wheel-front-rear-left
Fra:1 Mem:19.13M (Peak 19.13M) | Time:00:00.00 | Mem:0.00M, Peak:0.00M | Scene, ViewLayer | Synchronizing object | door-right-rear-a
Fra:1 Mem:19.16M (Peak 19.16M) | Time:00:00.00 | Mem:0.00M, Peak:0.00M | Scene, ViewLayer | Synchronizing object | wheel-front-front-right
Fra:1 Mem:19.15M (Peak 19.16M) | Time:00:00.00 | Mem:0.00M, Peak:0.00M | Scene, ViewLayer | Synchronizing object | door-right-rear-b
Fra:1 Mem:19.18M (Peak 19.18M) | Time:00:00.00 | Mem:0.00M, Peak:0.00M | Scene, ViewLayer | Synchronizing object | wheel-front-front-left
Fra:1 Mem:19.18M (Peak 19.18M) | Time:00:00.00 | Mem:0.00M, Peak:0.00M | Scene, ViewLayer | Synchronizing object | glass
Fra:1 Mem:19.18M (Peak 19.18M) | Time:00:00.00 | Mem:0.00M, Peak:0.00M | Scene, ViewLayer | Synchronizing object | lights
Fra:1 Mem:19.20M (Peak 19.20M) | Time:00:00.00 | Mem:0.00M, Peak:0.00M | Scene, ViewLayer | Initializing
Fra:1 Mem:16.59M (Peak 19.20M) | Time:00:00.00 | Mem:0.00M, Peak:0.00M | Scene, ViewLayer | Waiting for render to start
Fra:1 Mem:16.59M (Peak 19.20M) | Time:00:00.00 | Mem:0.00M, Peak:0.00M | Scene, ViewLayer | Loading render kernels (may take a few minutes the first time)
Fra:1 Mem:16.59M (Peak 19.20M) | Time:00:00.00 | Mem:0.00M, Peak:0.00M | Scene, ViewLayer | Updating Scene
Fra:1 Mem:16.59M (Peak 19.20M) | Time:00:00.00 | Mem:0.00M, Peak:0.00M | Scene, ViewLayer | Updating Shaders
Fra:1 Mem:16.68M (Peak 19.20M) | Time:00:00.00 | Mem:0.01M, Peak:0.01M | Scene, ViewLayer | Updating Procedurals
Fra:1 Mem:16.68M (Peak 19.20M) | Time:00:00.00 | Mem:0.01M, Peak:0.01M | Scene, ViewLayer | Updating Background
Fra:1 Mem:16.68M (Peak 19.20M) | Time:00:00.00 | Mem:0.01M, Peak:0.01M | Scene, ViewLayer | Updating Camera
Fra:1 Mem:16.68M (Peak 19.20M) | Time:00:00.00 | Mem:0.01M, Peak:0.01M | Scene, ViewLayer | Updating Meshes Flags
Fra:1 Mem:16.68M (Peak 19.20M) | Time:00:00.00 | Mem:0.01M, Peak:0.01M | Scene, ViewLayer | Updating Objects
Fra:1 Mem:16.68M (Peak 19.20M) | Time:00:00.00 | Mem:0.01M, Peak:0.01M | Scene, ViewLayer | Updating Objects | Copying Transformations to device
Fra:1 Mem:16.69M (Peak 19.20M) | Time:00:00.00 | Mem:0.02M, Peak:0.02M | Scene, ViewLayer | Updating Objects | Applying Static Transformations
Fra:1 Mem:16.69M (Peak 19.20M) | Time:00:00.00 | Mem:0.02M, Peak:0.02M | Scene, ViewLayer | Updating Particle Systems
Fra:1 Mem:16.69M (Peak 19.20M) | Time:00:00.00 | Mem:0.02M, Peak:0.02M | Scene, ViewLayer | Updating Particle Systems | Copying Particles to device
Fra:1 Mem:16.69M (Peak 19.20M) | Time:00:00.00 | Mem:0.02M, Peak:0.02M | Scene, ViewLayer | Updating Meshes
Fra:1 Mem:16.74M (Peak 19.20M) | Time:00:00.00 | Mem:0.02M, Peak:0.02M | Scene, ViewLayer | Updating Mesh | Computing attributes
Fra:1 Mem:16.89M (Peak 19.20M) | Time:00:00.00 | Mem:0.02M, Peak:0.02M | Scene, ViewLayer | Updating Mesh | Copying Attributes to device
Fra:1 Mem:16.88M (Peak 19.20M) | Time:00:00.00 | Mem:0.16M, Peak:0.16M | Scene, ViewLayer | Updating Scene BVH | Building
Fra:1 Mem:16.88M (Peak 19.20M) | Time:00:00.00 | Mem:0.16M, Peak:0.16M | Scene, ViewLayer | Updating Scene BVH | Building BVH
Fra:1 Mem:16.88M (Peak 19.20M) | Time:00:00.00 | Mem:0.26M, Peak:0.26M | Scene, ViewLayer | Updating Scene BVH | Building BVH 0%
Fra:1 Mem:16.88M (Peak 19.20M) | Time:00:00.00 | Mem:0.38M, Peak:0.48M | Scene, ViewLayer | Updating Scene BVH | Copying BVH to device
Fra:1 Mem:16.88M (Peak 19.20M) | Time:00:00.00 | Mem:0.38M, Peak:0.48M | Scene, ViewLayer | Updating Mesh | Computing normals
Fra:1 Mem:17.26M (Peak 19.20M) | Time:00:00.00 | Mem:0.38M, Peak:0.48M | Scene, ViewLayer | Updating Mesh | Copying Mesh to device
Fra:1 Mem:17.26M (Peak 19.20M) | Time:00:00.00 | Mem:0.76M, Peak:0.76M | Scene, ViewLayer | Updating Objects Flags
Fra:1 Mem:17.26M (Peak 19.20M) | Time:00:00.00 | Mem:0.76M, Peak:0.76M | Scene, ViewLayer | Updating Primitive Offsets
Fra:1 Mem:17.26M (Peak 19.20M) | Time:00:00.00 | Mem:0.76M, Peak:0.76M | Scene, ViewLayer | Updating Images
Fra:1 Mem:17.26M (Peak 19.20M) | Time:00:00.00 | Mem:0.76M, Peak:0.76M | Scene, ViewLayer | Updating Camera Volume
Fra:1 Mem:17.26M (Peak 19.20M) | Time:00:00.00 | Mem:0.76M, Peak:0.76M | Scene, ViewLayer | Updating Lookup Tables
Fra:1 Mem:17.26M (Peak 19.20M) | Time:00:00.00 | Mem:0.84M, Peak:0.84M | Scene, ViewLayer | Updating Lights
Fra:1 Mem:17.26M (Peak 19.20M) | Time:00:00.00 | Mem:0.84M, Peak:0.84M | Scene, ViewLayer | Updating Lights | Computing tree
Fra:1 Mem:17.27M (Peak 19.20M) | Time:00:00.00 | Mem:0.84M, Peak:0.84M | Scene, ViewLayer | Updating Integrator
Fra:1 Mem:17.27M (Peak 19.20M) | Time:00:00.00 | Mem:0.84M, Peak:0.84M | Scene, ViewLayer | Updating Film
Fra:1 Mem:17.27M (Peak 19.20M) | Time:00:00.00 | Mem:0.76M, Peak:0.84M | Scene, ViewLayer | Updating Lookup Tables
Fra:1 Mem:17.27M (Peak 19.20M) | Time:00:00.00 | Mem:0.85M, Peak:0.85M | Scene, ViewLayer | Updating Baking
Fra:1 Mem:17.27M (Peak 19.20M) | Time:00:00.00 | Mem:0.85M, Peak:0.85M | Scene, ViewLayer | Updating Device | Writing constant memory
Fra:1 Mem:17.27M (Peak 19.20M) | Time:00:00.00 | Mem:0.85M, Peak:0.85M | Scene, ViewLayer | Sample 0/8
Fra:1 Mem:26.07M (Peak 26.07M) | Time:00:00.24 | Remaining:00:01.67 | Mem:9.64M, Peak:9.64M | Scene, ViewLayer | Sample 1/8
Fra:1 Mem:29.97M (Peak 37.79M) | Time:00:01.79 | Mem:9.64M, Peak:9.64M | Scene, ViewLayer | Sample 8/8
Fra:1 Mem:29.97M (Peak 37.79M) | Time:00:01.79 | Mem:9.64M, Peak:9.64M | Scene, ViewLayer | Finished
Saved: '/workspace/scratch/7c20b5ba4165/atlas-backlog-oct3/tools/assets/boardable-metro/qa/previews/tail-night.png'
Time: 00:01.82 (Saving: 00:00.03)

Extensions: writing cache failed ([Errno 30] Read-only file system: '/home/agent/.config/blender').
16:28:36 | INFO: Data are loaded, start creating Blender stuff
16:28:36 | INFO: Blender create Mesh node Cube
16:28:36 | INFO: Blender create Mesh node Cube.158
16:28:36 | INFO: Blender create Mesh node Cube.157
16:28:36 | INFO: Blender create Mesh node Cube.135
16:28:36 | INFO: Blender create Mesh node Cube.140
16:28:36 | INFO: Blender create Mesh node Cube.145
16:28:36 | INFO: Blender create Mesh node Cube.150
16:28:36 | INFO: Blender create Mesh node Cube.125
16:28:36 | INFO: Blender create Mesh node Cube.130
16:28:36 | INFO: Blender create Mesh node Cube.105
16:28:36 | INFO: Blender create Mesh node Cube.110
16:28:36 | INFO: Blender create Mesh node Cube.115
16:28:36 | INFO: Blender create Mesh node Cube.120
16:28:36 | INFO: Blender create Mesh node Cube.095
16:28:36 | INFO: Blender create Mesh node Cube.100
16:28:36 | INFO: Blender create Mesh node Cube.004
16:28:36 | INFO: Blender create Mesh node Cube.084
16:28:36 | INFO: Blender create Mesh node Cylinder.007
16:28:36 | INFO: Blender create Mesh node Cylinder.006
16:28:36 | INFO: Blender create Mesh node Cylinder.005
16:28:36 | INFO: Blender create Mesh node Cylinder.004
16:28:36 | INFO: Blender create Mesh node Cylinder.003
16:28:36 | INFO: Blender create Mesh node Cylinder.002
16:28:36 | INFO: Blender create Mesh node Cylinder.001
16:28:36 | INFO: Blender create Mesh node Cylinder
16:28:36 | INFO: glTF import finished in 0.02s
16:28:36 | INFO: Data are loaded, start creating Blender stuff
16:28:36 | INFO: Blender create Mesh node interior-batch-metro-wall
16:28:36 | INFO: Blender create Mesh node interior-batch-metro-floor
16:28:36 | INFO: Blender create Mesh node interior-batch-metro-rail
16:28:36 | INFO: Blender create Mesh node interior-batch-metro-screen
16:28:36 | INFO: Blender create Mesh node interior-batch-metro-priority-seat
16:28:36 | INFO: Blender create Mesh node interior-batch-metro-seat
16:28:36 | INFO: glTF import finished in 0.01s
Fra:1 Mem:18.56M (Peak 18.56M) | Time:00:00.00 | Mem:0.00M, Peak:0.00M | Scene, ViewLayer | Synchronizing object | body-shell
Fra:1 Mem:18.97M (Peak 18.97M) | Time:00:00.00 | Mem:0.00M, Peak:0.00M | Scene, ViewLayer | Synchronizing object | QA-ground
Fra:1 Mem:19.03M (Peak 19.03M) | Time:00:00.00 | Mem:0.00M, Peak:0.00M | Scene, ViewLayer | Synchronizing object | interior-batch-metro-seat
Fra:1 Mem:18.83M (Peak 19.03M) | Time:00:00.00 | Mem:0.00M, Peak:0.00M | Scene, ViewLayer | Synchronizing object | interior-batch-metro-priority-seat
Fra:1 Mem:19.01M (Peak 19.03M) | Time:00:00.00 | Mem:0.00M, Peak:0.00M | Scene, ViewLayer | Synchronizing object | interior-batch-metro-screen
Fra:1 Mem:19.02M (Peak 19.03M) | Time:00:00.00 | Mem:0.00M, Peak:0.00M | Scene, ViewLayer | Synchronizing object | interior-batch-metro-rail
Fra:1 Mem:18.92M (Peak 19.03M) | Time:00:00.00 | Mem:0.00M, Peak:0.00M | Scene, ViewLayer | Synchronizing object | bogie-front-frame
Fra:1 Mem:19.01M (Peak 19.03M) | Time:00:00.00 | Mem:0.00M, Peak:0.00M | Scene, ViewLayer | Synchronizing object | bogie-rear-frame
Fra:1 Mem:18.98M (Peak 19.03M) | Time:00:00.00 | Mem:0.00M, Peak:0.00M | Scene, ViewLayer | Synchronizing object | door-left-center-a
Fra:1 Mem:18.92M (Peak 19.03M) | Time:00:00.00 | Mem:0.00M, Peak:0.00M | Scene, ViewLayer | Synchronizing object | interior-batch-metro-floor
Fra:1 Mem:18.92M (Peak 19.03M) | Time:00:00.00 | Mem:0.00M, Peak:0.00M | Scene, ViewLayer | Synchronizing object | door-left-center-b
Fra:1 Mem:18.92M (Peak 19.03M) | Time:00:00.00 | Mem:0.00M, Peak:0.00M | Scene, ViewLayer | Synchronizing object | interior-batch-metro-wall
Fra:1 Mem:19.04M (Peak 19.04M) | Time:00:00.00 | Mem:0.00M, Peak:0.00M | Scene, ViewLayer | Synchronizing object | door-left-front-a
Fra:1 Mem:19.03M (Peak 19.04M) | Time:00:00.00 | Mem:0.00M, Peak:0.00M | Scene, ViewLayer | Synchronizing object | door-left-front-b
Fra:1 Mem:18.99M (Peak 19.04M) | Time:00:00.00 | Mem:0.00M, Peak:0.00M | Scene, ViewLayer | Synchronizing object | wheel-rear-rear-right
Fra:1 Mem:19.00M (Peak 19.04M) | Time:00:00.00 | Mem:0.00M, Peak:0.00M | Scene, ViewLayer | Synchronizing object | door-left-rear-a
Fra:1 Mem:19.04M (Peak 19.04M) | Time:00:00.00 | Mem:0.00M, Peak:0.00M | Scene, ViewLayer | Synchronizing object | wheel-rear-rear-left
Fra:1 Mem:19.03M (Peak 19.04M) | Time:00:00.00 | Mem:0.00M, Peak:0.00M | Scene, ViewLayer | Synchronizing object | door-left-rear-b
Fra:1 Mem:19.06M (Peak 19.06M) | Time:00:00.00 | Mem:0.00M, Peak:0.00M | Scene, ViewLayer | Synchronizing object | wheel-rear-front-right
Fra:1 Mem:19.05M (Peak 19.06M) | Time:00:00.00 | Mem:0.00M, Peak:0.00M | Scene, ViewLayer | Synchronizing object | door-right-center-a
Fra:1 Mem:19.07M (Peak 19.07M) | Time:00:00.00 | Mem:0.00M, Peak:0.00M | Scene, ViewLayer | Synchronizing object | wheel-rear-front-left
Fra:1 Mem:19.08M (Peak 19.08M) | Time:00:00.00 | Mem:0.00M, Peak:0.00M | Scene, ViewLayer | Synchronizing object | door-right-center-b
Fra:1 Mem:19.07M (Peak 19.08M) | Time:00:00.00 | Mem:0.00M, Peak:0.00M | Scene, ViewLayer | Synchronizing object | wheel-front-rear-right
Fra:1 Mem:19.09M (Peak 19.09M) | Time:00:00.00 | Mem:0.00M, Peak:0.00M | Scene, ViewLayer | Synchronizing object | door-right-front-a
Fra:1 Mem:19.09M (Peak 19.09M) | Time:00:00.00 | Mem:0.00M, Peak:0.00M | Scene, ViewLayer | Synchronizing object | wheel-front-rear-left
Fra:1 Mem:19.11M (Peak 19.11M) | Time:00:00.00 | Mem:0.00M, Peak:0.00M | Scene, ViewLayer | Synchronizing object | wheel-front-front-right
Fra:1 Mem:19.12M (Peak 19.12M) | Time:00:00.00 | Mem:0.00M, Peak:0.00M | Scene, ViewLayer | Synchronizing object | door-right-front-b
Fra:1 Mem:19.15M (Peak 19.15M) | Time:00:00.00 | Mem:0.00M, Peak:0.00M | Scene, ViewLayer | Synchronizing object | wheel-front-front-left
Fra:1 Mem:19.17M (Peak 19.17M) | Time:00:00.00 | Mem:0.00M, Peak:0.00M | Scene, ViewLayer | Synchronizing object | door-right-rear-a
Fra:1 Mem:19.16M (Peak 19.17M) | Time:00:00.00 | Mem:0.00M, Peak:0.00M | Scene, ViewLayer | Synchronizing object | lights
Fra:1 Mem:19.17M (Peak 19.17M) | Time:00:00.00 | Mem:0.00M, Peak:0.00M | Scene, ViewLayer | Synchronizing object | door-right-rear-b
Fra:1 Mem:19.16M (Peak 19.17M) | Time:00:00.00 | Mem:0.00M, Peak:0.00M | Scene, ViewLayer | Synchronizing object | glass
Fra:1 Mem:19.20M (Peak 19.20M) | Time:00:00.00 | Mem:0.00M, Peak:0.00M | Scene, ViewLayer | Initializing
Fra:1 Mem:16.59M (Peak 19.20M) | Time:00:00.00 | Mem:0.00M, Peak:0.00M | Scene, ViewLayer | Waiting for render to start
Fra:1 Mem:16.59M (Peak 19.20M) | Time:00:00.00 | Mem:0.00M, Peak:0.00M | Scene, ViewLayer | Loading render kernels (may take a few minutes the first time)
Fra:1 Mem:16.59M (Peak 19.20M) | Time:00:00.00 | Mem:0.00M, Peak:0.00M | Scene, ViewLayer | Updating Scene
Fra:1 Mem:16.59M (Peak 19.20M) | Time:00:00.00 | Mem:0.00M, Peak:0.00M | Scene, ViewLayer | Updating Shaders
Fra:1 Mem:16.68M (Peak 19.20M) | Time:00:00.00 | Mem:0.01M, Peak:0.01M | Scene, ViewLayer | Updating Procedurals
Fra:1 Mem:16.68M (Peak 19.20M) | Time:00:00.00 | Mem:0.01M, Peak:0.01M | Scene, ViewLayer | Updating Background
Fra:1 Mem:16.68M (Peak 19.20M) | Time:00:00.00 | Mem:0.01M, Peak:0.01M | Scene, ViewLayer | Updating Camera
Fra:1 Mem:16.68M (Peak 19.20M) | Time:00:00.00 | Mem:0.01M, Peak:0.01M | Scene, ViewLayer | Updating Meshes Flags
Fra:1 Mem:16.68M (Peak 19.20M) | Time:00:00.00 | Mem:0.01M, Peak:0.01M | Scene, ViewLayer | Updating Objects
Fra:1 Mem:16.68M (Peak 19.20M) | Time:00:00.00 | Mem:0.01M, Peak:0.01M | Scene, ViewLayer | Updating Objects | Copying Transformations to device
Fra:1 Mem:16.69M (Peak 19.20M) | Time:00:00.00 | Mem:0.02M, Peak:0.02M | Scene, ViewLayer | Updating Objects | Applying Static Transformations
Fra:1 Mem:16.69M (Peak 19.20M) | Time:00:00.00 | Mem:0.02M, Peak:0.02M | Scene, ViewLayer | Updating Particle Systems
Fra:1 Mem:16.69M (Peak 19.20M) | Time:00:00.00 | Mem:0.02M, Peak:0.02M | Scene, ViewLayer | Updating Particle Systems | Copying Particles to device
Fra:1 Mem:16.69M (Peak 19.20M) | Time:00:00.00 | Mem:0.02M, Peak:0.02M | Scene, ViewLayer | Updating Meshes
Fra:1 Mem:16.74M (Peak 19.20M) | Time:00:00.00 | Mem:0.02M, Peak:0.02M | Scene, ViewLayer | Updating Mesh | Computing attributes
Fra:1 Mem:16.89M (Peak 19.20M) | Time:00:00.00 | Mem:0.02M, Peak:0.02M | Scene, ViewLayer | Updating Mesh | Copying Attributes to device
Fra:1 Mem:16.88M (Peak 19.20M) | Time:00:00.00 | Mem:0.16M, Peak:0.16M | Scene, ViewLayer | Updating Scene BVH | Building
Fra:1 Mem:16.88M (Peak 19.20M) | Time:00:00.00 | Mem:0.16M, Peak:0.16M | Scene, ViewLayer | Updating Scene BVH | Building BVH
Fra:1 Mem:16.88M (Peak 19.20M) | Time:00:00.00 | Mem:0.26M, Peak:0.26M | Scene, ViewLayer | Updating Scene BVH | Building BVH 0%
Fra:1 Mem:16.88M (Peak 19.20M) | Time:00:00.00 | Mem:0.38M, Peak:0.48M | Scene, ViewLayer | Updating Scene BVH | Copying BVH to device
Fra:1 Mem:16.88M (Peak 19.20M) | Time:00:00.00 | Mem:0.38M, Peak:0.48M | Scene, ViewLayer | Updating Mesh | Computing normals
Fra:1 Mem:17.26M (Peak 19.20M) | Time:00:00.00 | Mem:0.38M, Peak:0.48M | Scene, ViewLayer | Updating Mesh | Copying Mesh to device
Fra:1 Mem:17.26M (Peak 19.20M) | Time:00:00.00 | Mem:0.76M, Peak:0.76M | Scene, ViewLayer | Updating Objects Flags
Fra:1 Mem:17.26M (Peak 19.20M) | Time:00:00.00 | Mem:0.76M, Peak:0.76M | Scene, ViewLayer | Updating Primitive Offsets
Fra:1 Mem:17.26M (Peak 19.20M) | Time:00:00.00 | Mem:0.76M, Peak:0.76M | Scene, ViewLayer | Updating Images
Fra:1 Mem:17.26M (Peak 19.20M) | Time:00:00.00 | Mem:0.76M, Peak:0.76M | Scene, ViewLayer | Updating Camera Volume
Fra:1 Mem:17.26M (Peak 19.20M) | Time:00:00.00 | Mem:0.76M, Peak:0.76M | Scene, ViewLayer | Updating Lookup Tables
Fra:1 Mem:17.26M (Peak 19.20M) | Time:00:00.00 | Mem:0.84M, Peak:0.84M | Scene, ViewLayer | Updating Lights
Fra:1 Mem:17.26M (Peak 19.20M) | Time:00:00.00 | Mem:0.84M, Peak:0.84M | Scene, ViewLayer | Updating Lights | Computing tree
Fra:1 Mem:17.27M (Peak 19.20M) | Time:00:00.00 | Mem:0.84M, Peak:0.84M | Scene, ViewLayer | Updating Integrator
Fra:1 Mem:17.27M (Peak 19.20M) | Time:00:00.00 | Mem:0.84M, Peak:0.84M | Scene, ViewLayer | Updating Film
Fra:1 Mem:17.27M (Peak 19.20M) | Time:00:00.00 | Mem:0.76M, Peak:0.84M | Scene, ViewLayer | Updating Lookup Tables
Fra:1 Mem:17.27M (Peak 19.20M) | Time:00:00.00 | Mem:0.85M, Peak:0.85M | Scene, ViewLayer | Updating Baking
Fra:1 Mem:17.27M (Peak 19.20M) | Time:00:00.00 | Mem:0.85M, Peak:0.85M | Scene, ViewLayer | Updating Device | Writing constant memory
Fra:1 Mem:17.27M (Peak 19.20M) | Time:00:00.00 | Mem:0.85M, Peak:0.85M | Scene, ViewLayer | Sample 0/8
Fra:1 Mem:26.07M (Peak 26.07M) | Time:00:00.44 | Remaining:00:03.03 | Mem:9.64M, Peak:9.64M | Scene, ViewLayer | Sample 1/8
Fra:1 Mem:29.97M (Peak 37.79M) | Time:00:03.34 | Mem:9.64M, Peak:9.64M | Scene, ViewLayer | Sample 8/8
Fra:1 Mem:29.97M (Peak 37.79M) | Time:00:03.34 | Mem:9.64M, Peak:9.64M | Scene, ViewLayer | Finished
Saved: '/workspace/scratch/7c20b5ba4165/atlas-backlog-oct3/tools/assets/boardable-metro/qa/previews/tail-doors-closed.png'
Time: 00:03.38 (Saving: 00:00.03)

Extensions: writing cache failed ([Errno 30] Read-only file system: '/home/agent/.config/blender').
16:28:39 | INFO: Data are loaded, start creating Blender stuff
16:28:39 | INFO: Blender create Mesh node Cube
16:28:39 | INFO: Blender create Mesh node Cube.158
16:28:39 | INFO: Blender create Mesh node Cube.157
16:28:39 | INFO: Blender create Mesh node Cube.135
16:28:39 | INFO: Blender create Mesh node Cube.140
16:28:39 | INFO: Blender create Mesh node Cube.145
16:28:39 | INFO: Blender create Mesh node Cube.150
16:28:39 | INFO: Blender create Mesh node Cube.125
16:28:39 | INFO: Blender create Mesh node Cube.130
16:28:39 | INFO: Blender create Mesh node Cube.105
16:28:39 | INFO: Blender create Mesh node Cube.110
16:28:39 | INFO: Blender create Mesh node Cube.115
16:28:39 | INFO: Blender create Mesh node Cube.120
16:28:39 | INFO: Blender create Mesh node Cube.095
16:28:39 | INFO: Blender create Mesh node Cube.100
16:28:39 | INFO: Blender create Mesh node Cube.004
16:28:39 | INFO: Blender create Mesh node Cube.084
16:28:39 | INFO: Blender create Mesh node Cylinder.007
16:28:39 | INFO: Blender create Mesh node Cylinder.006
16:28:39 | INFO: Blender create Mesh node Cylinder.005
16:28:39 | INFO: Blender create Mesh node Cylinder.004
16:28:39 | INFO: Blender create Mesh node Cylinder.003
16:28:39 | INFO: Blender create Mesh node Cylinder.002
16:28:40 | INFO: Blender create Mesh node Cylinder.001
16:28:40 | INFO: Blender create Mesh node Cylinder
16:28:40 | INFO: glTF import finished in 0.02s
16:28:40 | INFO: Data are loaded, start creating Blender stuff
16:28:40 | INFO: Blender create Mesh node interior-batch-metro-wall
16:28:40 | INFO: Blender create Mesh node interior-batch-metro-floor
16:28:40 | INFO: Blender create Mesh node interior-batch-metro-rail
16:28:40 | INFO: Blender create Mesh node interior-batch-metro-screen
16:28:40 | INFO: Blender create Mesh node interior-batch-metro-priority-seat
16:28:40 | INFO: Blender create Mesh node interior-batch-metro-seat
16:28:40 | INFO: glTF import finished in 0.01s
Fra:1 Mem:18.56M (Peak 18.56M) | Time:00:00.00 | Mem:0.00M, Peak:0.00M | Scene, ViewLayer | Synchronizing object | body-shell
Fra:1 Mem:18.97M (Peak 18.97M) | Time:00:00.00 | Mem:0.00M, Peak:0.00M | Scene, ViewLayer | Synchronizing object | QA-ground
Fra:1 Mem:18.97M (Peak 18.97M) | Time:00:00.00 | Mem:0.00M, Peak:0.00M | Scene, ViewLayer | Synchronizing object | interior-batch-metro-seat
Fra:1 Mem:19.00M (Peak 19.00M) | Time:00:00.00 | Mem:0.00M, Peak:0.00M | Scene, ViewLayer | Synchronizing object | interior-batch-metro-priority-seat
Fra:1 Mem:18.99M (Peak 19.00M) | Time:00:00.00 | Mem:0.00M, Peak:0.00M | Scene, ViewLayer | Synchronizing object | interior-batch-metro-screen
Fra:1 Mem:18.86M (Peak 19.00M) | Time:00:00.00 | Mem:0.00M, Peak:0.00M | Scene, ViewLayer | Synchronizing object | interior-batch-metro-rail
Fra:1 Mem:18.84M (Peak 19.00M) | Time:00:00.00 | Mem:0.00M, Peak:0.00M | Scene, ViewLayer | Synchronizing object | bogie-front-frame
Fra:1 Mem:19.03M (Peak 19.03M) | Time:00:00.00 | Mem:0.00M, Peak:0.00M | Scene, ViewLayer | Synchronizing object | bogie-rear-frame
Fra:1 Mem:18.88M (Peak 19.03M) | Time:00:00.00 | Mem:0.00M, Peak:0.00M | Scene, ViewLayer | Synchronizing object | door-left-center-a
Fra:1 Mem:18.95M (Peak 19.03M) | Time:00:00.00 | Mem:0.00M, Peak:0.00M | Scene, ViewLayer | Synchronizing object | door-left-center-b
Fra:1 Mem:19.04M (Peak 19.04M) | Time:00:00.00 | Mem:0.00M, Peak:0.00M | Scene, ViewLayer | Synchronizing object | door-left-front-a
Fra:1 Mem:19.02M (Peak 19.04M) | Time:00:00.00 | Mem:0.00M, Peak:0.00M | Scene, ViewLayer | Synchronizing object | door-left-front-b
Fra:1 Mem:18.97M (Peak 19.04M) | Time:00:00.00 | Mem:0.00M, Peak:0.00M | Scene, ViewLayer | Synchronizing object | interior-batch-metro-floor
Fra:1 Mem:18.95M (Peak 19.04M) | Time:00:00.00 | Mem:0.00M, Peak:0.00M | Scene, ViewLayer | Synchronizing object | door-left-rear-a
Fra:1 Mem:18.97M (Peak 19.04M) | Time:00:00.00 | Mem:0.00M, Peak:0.00M | Scene, ViewLayer | Synchronizing object | interior-batch-metro-wall
Fra:1 Mem:19.05M (Peak 19.05M) | Time:00:00.00 | Mem:0.00M, Peak:0.00M | Scene, ViewLayer | Synchronizing object | door-left-rear-b
Fra:1 Mem:19.03M (Peak 19.05M) | Time:00:00.00 | Mem:0.00M, Peak:0.00M | Scene, ViewLayer | Synchronizing object | door-right-center-a
Fra:1 Mem:19.02M (Peak 19.05M) | Time:00:00.00 | Mem:0.00M, Peak:0.00M | Scene, ViewLayer | Synchronizing object | door-right-center-b
Fra:1 Mem:19.03M (Peak 19.05M) | Time:00:00.00 | Mem:0.00M, Peak:0.00M | Scene, ViewLayer | Synchronizing object | wheel-rear-rear-right
Fra:1 Mem:19.05M (Peak 19.05M) | Time:00:00.00 | Mem:0.00M, Peak:0.00M | Scene, ViewLayer | Synchronizing object | door-right-front-a
Fra:1 Mem:19.06M (Peak 19.06M) | Time:00:00.00 | Mem:0.00M, Peak:0.00M | Scene, ViewLayer | Synchronizing object | wheel-rear-rear-left
Fra:1 Mem:19.09M (Peak 19.09M) | Time:00:00.00 | Mem:0.00M, Peak:0.00M | Scene, ViewLayer | Synchronizing object | door-right-front-b
Fra:1 Mem:19.09M (Peak 19.09M) | Time:00:00.00 | Mem:0.00M, Peak:0.00M | Scene, ViewLayer | Synchronizing object | wheel-rear-front-right
Fra:1 Mem:19.11M (Peak 19.11M) | Time:00:00.00 | Mem:0.00M, Peak:0.00M | Scene, ViewLayer | Synchronizing object | door-right-rear-a
Fra:1 Mem:19.11M (Peak 19.11M) | Time:00:00.00 | Mem:0.00M, Peak:0.00M | Scene, ViewLayer | Synchronizing object | wheel-rear-front-left
Fra:1 Mem:19.13M (Peak 19.13M) | Time:00:00.00 | Mem:0.00M, Peak:0.00M | Scene, ViewLayer | Synchronizing object | door-right-rear-b
Fra:1 Mem:19.13M (Peak 19.13M) | Time:00:00.00 | Mem:0.00M, Peak:0.00M | Scene, ViewLayer | Synchronizing object | wheel-front-rear-right
Fra:1 Mem:19.15M (Peak 19.15M) | Time:00:00.00 | Mem:0.00M, Peak:0.00M | Scene, ViewLayer | Synchronizing object | glass
Fra:1 Mem:19.21M (Peak 19.21M) | Time:00:00.00 | Mem:0.00M, Peak:0.00M | Scene, ViewLayer | Synchronizing object | wheel-front-rear-left
Fra:1 Mem:19.20M (Peak 19.21M) | Time:00:00.00 | Mem:0.00M, Peak:0.00M | Scene, ViewLayer | Synchronizing object | wheel-front-front-right
Fra:1 Mem:19.20M (Peak 19.21M) | Time:00:00.00 | Mem:0.00M, Peak:0.00M | Scene, ViewLayer | Synchronizing object | lights
Fra:1 Mem:19.19M (Peak 19.21M) | Time:00:00.00 | Mem:0.00M, Peak:0.00M | Scene, ViewLayer | Synchronizing object | wheel-front-front-left
Fra:1 Mem:19.20M (Peak 19.21M) | Time:00:00.00 | Mem:0.00M, Peak:0.00M | Scene, ViewLayer | Initializing
Fra:1 Mem:16.59M (Peak 19.21M) | Time:00:00.00 | Mem:0.00M, Peak:0.00M | Scene, ViewLayer | Waiting for render to start
Fra:1 Mem:16.59M (Peak 19.21M) | Time:00:00.00 | Mem:0.00M, Peak:0.00M | Scene, ViewLayer | Loading render kernels (may take a few minutes the first time)
Fra:1 Mem:16.59M (Peak 19.21M) | Time:00:00.00 | Mem:0.00M, Peak:0.00M | Scene, ViewLayer | Updating Scene
Fra:1 Mem:16.59M (Peak 19.21M) | Time:00:00.00 | Mem:0.00M, Peak:0.00M | Scene, ViewLayer | Updating Shaders
Fra:1 Mem:16.68M (Peak 19.21M) | Time:00:00.00 | Mem:0.01M, Peak:0.01M | Scene, ViewLayer | Updating Procedurals
Fra:1 Mem:16.68M (Peak 19.21M) | Time:00:00.00 | Mem:0.01M, Peak:0.01M | Scene, ViewLayer | Updating Background
Fra:1 Mem:16.68M (Peak 19.21M) | Time:00:00.00 | Mem:0.01M, Peak:0.01M | Scene, ViewLayer | Updating Camera
Fra:1 Mem:16.68M (Peak 19.21M) | Time:00:00.00 | Mem:0.01M, Peak:0.01M | Scene, ViewLayer | Updating Meshes Flags
Fra:1 Mem:16.68M (Peak 19.21M) | Time:00:00.00 | Mem:0.01M, Peak:0.01M | Scene, ViewLayer | Updating Objects
Fra:1 Mem:16.68M (Peak 19.21M) | Time:00:00.00 | Mem:0.01M, Peak:0.01M | Scene, ViewLayer | Updating Objects | Copying Transformations to device
Fra:1 Mem:16.69M (Peak 19.21M) | Time:00:00.00 | Mem:0.02M, Peak:0.02M | Scene, ViewLayer | Updating Objects | Applying Static Transformations
Fra:1 Mem:16.69M (Peak 19.21M) | Time:00:00.00 | Mem:0.02M, Peak:0.02M | Scene, ViewLayer | Updating Particle Systems
Fra:1 Mem:16.69M (Peak 19.21M) | Time:00:00.00 | Mem:0.02M, Peak:0.02M | Scene, ViewLayer | Updating Particle Systems | Copying Particles to device
Fra:1 Mem:16.69M (Peak 19.21M) | Time:00:00.00 | Mem:0.02M, Peak:0.02M | Scene, ViewLayer | Updating Meshes
Fra:1 Mem:16.74M (Peak 19.21M) | Time:00:00.00 | Mem:0.02M, Peak:0.02M | Scene, ViewLayer | Updating Mesh | Computing attributes
Fra:1 Mem:16.89M (Peak 19.21M) | Time:00:00.00 | Mem:0.02M, Peak:0.02M | Scene, ViewLayer | Updating Mesh | Copying Attributes to device
Fra:1 Mem:16.88M (Peak 19.21M) | Time:00:00.00 | Mem:0.16M, Peak:0.16M | Scene, ViewLayer | Updating Scene BVH | Building
Fra:1 Mem:16.88M (Peak 19.21M) | Time:00:00.00 | Mem:0.16M, Peak:0.16M | Scene, ViewLayer | Updating Scene BVH | Building BVH
Fra:1 Mem:16.88M (Peak 19.21M) | Time:00:00.00 | Mem:0.26M, Peak:0.26M | Scene, ViewLayer | Updating Scene BVH | Building BVH 0%
Fra:1 Mem:16.88M (Peak 19.21M) | Time:00:00.00 | Mem:0.39M, Peak:0.49M | Scene, ViewLayer | Updating Scene BVH | Copying BVH to device
Fra:1 Mem:16.88M (Peak 19.21M) | Time:00:00.00 | Mem:0.39M, Peak:0.49M | Scene, ViewLayer | Updating Mesh | Computing normals
Fra:1 Mem:17.26M (Peak 19.21M) | Time:00:00.00 | Mem:0.39M, Peak:0.49M | Scene, ViewLayer | Updating Mesh | Copying Mesh to device
Fra:1 Mem:17.26M (Peak 19.21M) | Time:00:00.00 | Mem:0.77M, Peak:0.77M | Scene, ViewLayer | Updating Objects Flags
Fra:1 Mem:17.26M (Peak 19.21M) | Time:00:00.00 | Mem:0.77M, Peak:0.77M | Scene, ViewLayer | Updating Primitive Offsets
Fra:1 Mem:17.26M (Peak 19.21M) | Time:00:00.00 | Mem:0.77M, Peak:0.77M | Scene, ViewLayer | Updating Images
Fra:1 Mem:17.26M (Peak 19.21M) | Time:00:00.00 | Mem:0.77M, Peak:0.77M | Scene, ViewLayer | Updating Camera Volume
Fra:1 Mem:17.26M (Peak 19.21M) | Time:00:00.00 | Mem:0.77M, Peak:0.77M | Scene, ViewLayer | Updating Lookup Tables
Fra:1 Mem:17.26M (Peak 19.21M) | Time:00:00.00 | Mem:0.85M, Peak:0.85M | Scene, ViewLayer | Updating Lights
Fra:1 Mem:17.26M (Peak 19.21M) | Time:00:00.00 | Mem:0.85M, Peak:0.85M | Scene, ViewLayer | Updating Lights | Computing tree
Fra:1 Mem:17.27M (Peak 19.21M) | Time:00:00.00 | Mem:0.86M, Peak:0.86M | Scene, ViewLayer | Updating Integrator
Fra:1 Mem:17.27M (Peak 19.21M) | Time:00:00.00 | Mem:0.86M, Peak:0.86M | Scene, ViewLayer | Updating Film
Fra:1 Mem:17.27M (Peak 19.21M) | Time:00:00.00 | Mem:0.77M, Peak:0.86M | Scene, ViewLayer | Updating Lookup Tables
Fra:1 Mem:17.27M (Peak 19.21M) | Time:00:00.00 | Mem:0.86M, Peak:0.86M | Scene, ViewLayer | Updating Baking
Fra:1 Mem:17.27M (Peak 19.21M) | Time:00:00.00 | Mem:0.86M, Peak:0.86M | Scene, ViewLayer | Updating Device | Writing constant memory
Fra:1 Mem:17.27M (Peak 19.21M) | Time:00:00.00 | Mem:0.86M, Peak:0.86M | Scene, ViewLayer | Sample 0/8
Fra:1 Mem:26.07M (Peak 26.07M) | Time:00:00.42 | Remaining:00:02.88 | Mem:9.65M, Peak:9.65M | Scene, ViewLayer | Sample 1/8
Fra:1 Mem:29.97M (Peak 37.79M) | Time:00:03.16 | Mem:9.65M, Peak:9.65M | Scene, ViewLayer | Sample 8/8
Fra:1 Mem:29.97M (Peak 37.79M) | Time:00:03.16 | Mem:9.65M, Peak:9.65M | Scene, ViewLayer | Finished
Saved: '/workspace/scratch/7c20b5ba4165/atlas-backlog-oct3/tools/assets/boardable-metro/qa/previews/tail-doors-open.png'
Time: 00:03.20 (Saving: 00:00.03)

Extensions: writing cache failed ([Errno 30] Read-only file system: '/home/agent/.config/blender').
16:28:43 | INFO: Data are loaded, start creating Blender stuff
16:28:43 | INFO: Blender create Mesh node Cube
16:28:43 | INFO: Blender create Mesh node Cube.158
16:28:43 | INFO: Blender create Mesh node Cube.157
16:28:43 | INFO: Blender create Mesh node Cube.135
16:28:43 | INFO: Blender create Mesh node Cube.140
16:28:43 | INFO: Blender create Mesh node Cube.145
16:28:43 | INFO: Blender create Mesh node Cube.150
16:28:43 | INFO: Blender create Mesh node Cube.125
16:28:43 | INFO: Blender create Mesh node Cube.130
16:28:43 | INFO: Blender create Mesh node Cube.105
16:28:43 | INFO: Blender create Mesh node Cube.110
16:28:43 | INFO: Blender create Mesh node Cube.115
16:28:43 | INFO: Blender create Mesh node Cube.120
16:28:43 | INFO: Blender create Mesh node Cube.095
16:28:43 | INFO: Blender create Mesh node Cube.100
16:28:43 | INFO: Blender create Mesh node Cube.004
16:28:43 | INFO: Blender create Mesh node Cube.084
16:28:43 | INFO: Blender create Mesh node Cylinder.007
16:28:43 | INFO: Blender create Mesh node Cylinder.006
16:28:43 | INFO: Blender create Mesh node Cylinder.005
16:28:43 | INFO: Blender create Mesh node Cylinder.004
16:28:43 | INFO: Blender create Mesh node Cylinder.003
16:28:43 | INFO: Blender create Mesh node Cylinder.002
16:28:43 | INFO: Blender create Mesh node Cylinder.001
16:28:43 | INFO: Blender create Mesh node Cylinder
16:28:43 | INFO: glTF import finished in 0.02s
16:28:43 | INFO: Data are loaded, start creating Blender stuff
16:28:43 | INFO: Blender create Mesh node interior-batch-metro-wall
16:28:43 | INFO: Blender create Mesh node interior-batch-metro-floor
16:28:43 | INFO: Blender create Mesh node interior-batch-metro-rail
16:28:43 | INFO: Blender create Mesh node interior-batch-metro-screen
16:28:43 | INFO: Blender create Mesh node interior-batch-metro-priority-seat
16:28:43 | INFO: Blender create Mesh node interior-batch-metro-seat
16:28:43 | INFO: glTF import finished in 0.01s
Fra:1 Mem:18.56M (Peak 18.56M) | Time:00:00.00 | Mem:0.00M, Peak:0.00M | Scene, ViewLayer | Synchronizing object | body-shell
Fra:1 Mem:19.04M (Peak 19.04M) | Time:00:00.00 | Mem:0.00M, Peak:0.00M | Scene, ViewLayer | Synchronizing object | QA-ground
Fra:1 Mem:19.08M (Peak 19.08M) | Time:00:00.00 | Mem:0.00M, Peak:0.00M | Scene, ViewLayer | Synchronizing object | interior-batch-metro-seat
Fra:1 Mem:19.00M (Peak 19.08M) | Time:00:00.00 | Mem:0.00M, Peak:0.00M | Scene, ViewLayer | Synchronizing object | interior-batch-metro-priority-seat
Fra:1 Mem:18.99M (Peak 19.08M) | Time:00:00.00 | Mem:0.00M, Peak:0.00M | Scene, ViewLayer | Synchronizing object | interior-batch-metro-screen
Fra:1 Mem:18.81M (Peak 19.08M) | Time:00:00.00 | Mem:0.00M, Peak:0.00M | Scene, ViewLayer | Synchronizing object | interior-batch-metro-rail
Fra:1 Mem:18.83M (Peak 19.08M) | Time:00:00.00 | Mem:0.00M, Peak:0.00M | Scene, ViewLayer | Synchronizing object | bogie-front-frame
Fra:1 Mem:19.03M (Peak 19.08M) | Time:00:00.00 | Mem:0.00M, Peak:0.00M | Scene, ViewLayer | Synchronizing object | bogie-rear-frame
Fra:1 Mem:19.04M (Peak 19.08M) | Time:00:00.00 | Mem:0.00M, Peak:0.00M | Scene, ViewLayer | Synchronizing object | door-left-center-a
Fra:1 Mem:18.92M (Peak 19.08M) | Time:00:00.00 | Mem:0.00M, Peak:0.00M | Scene, ViewLayer | Synchronizing object | door-left-center-b
Fra:1 Mem:19.04M (Peak 19.08M) | Time:00:00.00 | Mem:0.00M, Peak:0.00M | Scene, ViewLayer | Synchronizing object | door-left-front-a
Fra:1 Mem:19.05M (Peak 19.08M) | Time:00:00.00 | Mem:0.00M, Peak:0.00M | Scene, ViewLayer | Synchronizing object | door-left-front-b
Fra:1 Mem:18.95M (Peak 19.08M) | Time:00:00.00 | Mem:0.00M, Peak:0.00M | Scene, ViewLayer | Synchronizing object | interior-batch-metro-floor
Fra:1 Mem:18.95M (Peak 19.08M) | Time:00:00.00 | Mem:0.00M, Peak:0.00M | Scene, ViewLayer | Synchronizing object | door-left-rear-a
Fra:1 Mem:18.96M (Peak 19.08M) | Time:00:00.00 | Mem:0.00M, Peak:0.00M | Scene, ViewLayer | Synchronizing object | interior-batch-metro-wall
Fra:1 Mem:19.05M (Peak 19.08M) | Time:00:00.00 | Mem:0.00M, Peak:0.00M | Scene, ViewLayer | Synchronizing object | door-left-rear-b
Fra:1 Mem:19.02M (Peak 19.08M) | Time:00:00.00 | Mem:0.00M, Peak:0.00M | Scene, ViewLayer | Synchronizing object | door-right-center-a
Fra:1 Mem:19.05M (Peak 19.08M) | Time:00:00.00 | Mem:0.00M, Peak:0.00M | Scene, ViewLayer | Synchronizing object | door-right-center-b
Fra:1 Mem:19.04M (Peak 19.08M) | Time:00:00.00 | Mem:0.00M, Peak:0.00M | Scene, ViewLayer | Synchronizing object | wheel-rear-rear-right
Fra:1 Mem:19.06M (Peak 19.08M) | Time:00:00.00 | Mem:0.00M, Peak:0.00M | Scene, ViewLayer | Synchronizing object | door-right-front-a
Fra:1 Mem:19.07M (Peak 19.08M) | Time:00:00.00 | Mem:0.00M, Peak:0.00M | Scene, ViewLayer | Synchronizing object | wheel-rear-rear-left
Fra:1 Mem:19.06M (Peak 19.08M) | Time:00:00.00 | Mem:0.00M, Peak:0.00M | Scene, ViewLayer | Synchronizing object | door-right-front-b
Fra:1 Mem:19.10M (Peak 19.10M) | Time:00:00.00 | Mem:0.00M, Peak:0.00M | Scene, ViewLayer | Synchronizing object | wheel-rear-front-right
Fra:1 Mem:19.11M (Peak 19.11M) | Time:00:00.00 | Mem:0.00M, Peak:0.00M | Scene, ViewLayer | Synchronizing object | door-right-rear-a
Fra:1 Mem:19.11M (Peak 19.11M) | Time:00:00.00 | Mem:0.00M, Peak:0.00M | Scene, ViewLayer | Synchronizing object | wheel-rear-front-left
Fra:1 Mem:19.13M (Peak 19.13M) | Time:00:00.00 | Mem:0.00M, Peak:0.00M | Scene, ViewLayer | Synchronizing object | door-right-rear-b
Fra:1 Mem:19.13M (Peak 19.13M) | Time:00:00.00 | Mem:0.00M, Peak:0.00M | Scene, ViewLayer | Synchronizing object | wheel-front-rear-right
Fra:1 Mem:19.16M (Peak 19.16M) | Time:00:00.00 | Mem:0.00M, Peak:0.00M | Scene, ViewLayer | Synchronizing object | glass
Fra:1 Mem:19.20M (Peak 19.20M) | Time:00:00.00 | Mem:0.00M, Peak:0.00M | Scene, ViewLayer | Synchronizing object | wheel-front-rear-left
Fra:1 Mem:19.18M (Peak 19.20M) | Time:00:00.00 | Mem:0.00M, Peak:0.00M | Scene, ViewLayer | Synchronizing object | wheel-front-front-right
Fra:1 Mem:19.19M (Peak 19.20M) | Time:00:00.00 | Mem:0.00M, Peak:0.00M | Scene, ViewLayer | Synchronizing object | wheel-front-front-left
Fra:1 Mem:19.19M (Peak 19.20M) | Time:00:00.00 | Mem:0.00M, Peak:0.00M | Scene, ViewLayer | Synchronizing object | lights
Fra:1 Mem:19.20M (Peak 19.20M) | Time:00:00.00 | Mem:0.00M, Peak:0.00M | Scene, ViewLayer | Initializing
Fra:1 Mem:16.59M (Peak 19.20M) | Time:00:00.00 | Mem:0.00M, Peak:0.00M | Scene, ViewLayer | Waiting for render to start
Fra:1 Mem:16.59M (Peak 19.20M) | Time:00:00.00 | Mem:0.00M, Peak:0.00M | Scene, ViewLayer | Loading render kernels (may take a few minutes the first time)
Fra:1 Mem:16.59M (Peak 19.20M) | Time:00:00.00 | Mem:0.00M, Peak:0.00M | Scene, ViewLayer | Updating Scene
Fra:1 Mem:16.59M (Peak 19.20M) | Time:00:00.00 | Mem:0.00M, Peak:0.00M | Scene, ViewLayer | Updating Shaders
Fra:1 Mem:16.68M (Peak 19.20M) | Time:00:00.00 | Mem:0.01M, Peak:0.01M | Scene, ViewLayer | Updating Procedurals
Fra:1 Mem:16.68M (Peak 19.20M) | Time:00:00.00 | Mem:0.01M, Peak:0.01M | Scene, ViewLayer | Updating Background
Fra:1 Mem:16.68M (Peak 19.20M) | Time:00:00.00 | Mem:0.01M, Peak:0.01M | Scene, ViewLayer | Updating Camera
Fra:1 Mem:16.68M (Peak 19.20M) | Time:00:00.00 | Mem:0.01M, Peak:0.01M | Scene, ViewLayer | Updating Meshes Flags
Fra:1 Mem:16.68M (Peak 19.20M) | Time:00:00.00 | Mem:0.01M, Peak:0.01M | Scene, ViewLayer | Updating Objects
Fra:1 Mem:16.68M (Peak 19.20M) | Time:00:00.00 | Mem:0.01M, Peak:0.01M | Scene, ViewLayer | Updating Objects | Copying Transformations to device
Fra:1 Mem:16.69M (Peak 19.20M) | Time:00:00.00 | Mem:0.02M, Peak:0.02M | Scene, ViewLayer | Updating Objects | Applying Static Transformations
Fra:1 Mem:16.69M (Peak 19.20M) | Time:00:00.00 | Mem:0.02M, Peak:0.02M | Scene, ViewLayer | Updating Particle Systems
Fra:1 Mem:16.69M (Peak 19.20M) | Time:00:00.00 | Mem:0.02M, Peak:0.02M | Scene, ViewLayer | Updating Particle Systems | Copying Particles to device
Fra:1 Mem:16.69M (Peak 19.20M) | Time:00:00.00 | Mem:0.02M, Peak:0.02M | Scene, ViewLayer | Updating Meshes
Fra:1 Mem:16.74M (Peak 19.20M) | Time:00:00.00 | Mem:0.02M, Peak:0.02M | Scene, ViewLayer | Updating Mesh | Computing attributes
Fra:1 Mem:16.89M (Peak 19.20M) | Time:00:00.00 | Mem:0.02M, Peak:0.02M | Scene, ViewLayer | Updating Mesh | Copying Attributes to device
Fra:1 Mem:16.88M (Peak 19.20M) | Time:00:00.00 | Mem:0.16M, Peak:0.16M | Scene, ViewLayer | Updating Scene BVH | Building
Fra:1 Mem:16.88M (Peak 19.20M) | Time:00:00.00 | Mem:0.16M, Peak:0.16M | Scene, ViewLayer | Updating Scene BVH | Building BVH
Fra:1 Mem:16.88M (Peak 19.20M) | Time:00:00.00 | Mem:0.26M, Peak:0.26M | Scene, ViewLayer | Updating Scene BVH | Building BVH 0%
Fra:1 Mem:16.88M (Peak 19.20M) | Time:00:00.00 | Mem:0.39M, Peak:0.49M | Scene, ViewLayer | Updating Scene BVH | Copying BVH to device
Fra:1 Mem:16.88M (Peak 19.20M) | Time:00:00.00 | Mem:0.39M, Peak:0.49M | Scene, ViewLayer | Updating Mesh | Computing normals
Fra:1 Mem:17.26M (Peak 19.20M) | Time:00:00.00 | Mem:0.39M, Peak:0.49M | Scene, ViewLayer | Updating Mesh | Copying Mesh to device
Fra:1 Mem:17.26M (Peak 19.20M) | Time:00:00.00 | Mem:0.77M, Peak:0.77M | Scene, ViewLayer | Updating Objects Flags
Fra:1 Mem:17.26M (Peak 19.20M) | Time:00:00.00 | Mem:0.77M, Peak:0.77M | Scene, ViewLayer | Updating Primitive Offsets
Fra:1 Mem:17.26M (Peak 19.20M) | Time:00:00.00 | Mem:0.77M, Peak:0.77M | Scene, ViewLayer | Updating Images
Fra:1 Mem:17.26M (Peak 19.20M) | Time:00:00.00 | Mem:0.77M, Peak:0.77M | Scene, ViewLayer | Updating Camera Volume
Fra:1 Mem:17.26M (Peak 19.20M) | Time:00:00.00 | Mem:0.77M, Peak:0.77M | Scene, ViewLayer | Updating Lookup Tables
Fra:1 Mem:17.26M (Peak 19.20M) | Time:00:00.00 | Mem:0.85M, Peak:0.85M | Scene, ViewLayer | Updating Lights
Fra:1 Mem:17.26M (Peak 19.20M) | Time:00:00.00 | Mem:0.85M, Peak:0.85M | Scene, ViewLayer | Updating Lights | Computing tree
Fra:1 Mem:17.27M (Peak 19.20M) | Time:00:00.00 | Mem:0.86M, Peak:0.86M | Scene, ViewLayer | Updating Integrator
Fra:1 Mem:17.27M (Peak 19.20M) | Time:00:00.00 | Mem:0.86M, Peak:0.86M | Scene, ViewLayer | Updating Film
Fra:1 Mem:17.27M (Peak 19.20M) | Time:00:00.00 | Mem:0.77M, Peak:0.86M | Scene, ViewLayer | Updating Lookup Tables
Fra:1 Mem:17.27M (Peak 19.20M) | Time:00:00.00 | Mem:0.86M, Peak:0.86M | Scene, ViewLayer | Updating Baking
Fra:1 Mem:17.27M (Peak 19.20M) | Time:00:00.00 | Mem:0.86M, Peak:0.86M | Scene, ViewLayer | Updating Device | Writing constant memory
Fra:1 Mem:17.27M (Peak 19.20M) | Time:00:00.00 | Mem:0.86M, Peak:0.86M | Scene, ViewLayer | Sample 0/8
Fra:1 Mem:26.07M (Peak 26.07M) | Time:00:00.71 | Remaining:00:04.96 | Mem:9.65M, Peak:9.65M | Scene, ViewLayer | Sample 1/8
Fra:1 Mem:29.98M (Peak 37.79M) | Time:00:05.51 | Mem:9.65M, Peak:9.65M | Scene, ViewLayer | Sample 8/8
Fra:1 Mem:29.98M (Peak 37.79M) | Time:00:05.51 | Mem:9.65M, Peak:9.65M | Scene, ViewLayer | Finished
Saved: '/workspace/scratch/7c20b5ba4165/atlas-backlog-oct3/tools/assets/boardable-metro/qa/previews/tail-aisle.png'
Time: 00:05.55 (Saving: 00:00.04)

Extensions: writing cache failed ([Errno 30] Read-only file system: '/home/agent/.config/blender').
16:28:48 | INFO: Data are loaded, start creating Blender stuff
16:28:48 | INFO: Blender create Mesh node Cube
16:28:48 | INFO: Blender create Mesh node Cube.158
16:28:48 | INFO: Blender create Mesh node Cube.157
16:28:48 | INFO: Blender create Mesh node Cube.135
16:28:48 | INFO: Blender create Mesh node Cube.140
16:28:48 | INFO: Blender create Mesh node Cube.145
16:28:48 | INFO: Blender create Mesh node Cube.150
16:28:48 | INFO: Blender create Mesh node Cube.125
16:28:48 | INFO: Blender create Mesh node Cube.130
16:28:48 | INFO: Blender create Mesh node Cube.105
16:28:48 | INFO: Blender create Mesh node Cube.110
16:28:48 | INFO: Blender create Mesh node Cube.115
16:28:48 | INFO: Blender create Mesh node Cube.120
16:28:48 | INFO: Blender create Mesh node Cube.095
16:28:48 | INFO: Blender create Mesh node Cube.100
16:28:48 | INFO: Blender create Mesh node Cube.004
16:28:48 | INFO: Blender create Mesh node Cube.084
16:28:48 | INFO: Blender create Mesh node Cylinder.007
16:28:48 | INFO: Blender create Mesh node Cylinder.006
16:28:48 | INFO: Blender create Mesh node Cylinder.005
16:28:48 | INFO: Blender create Mesh node Cylinder.004
16:28:48 | INFO: Blender create Mesh node Cylinder.003
16:28:48 | INFO: Blender create Mesh node Cylinder.002
16:28:48 | INFO: Blender create Mesh node Cylinder.001
16:28:48 | INFO: Blender create Mesh node Cylinder
16:28:48 | INFO: glTF import finished in 0.02s
16:28:48 | INFO: Data are loaded, start creating Blender stuff
16:28:48 | INFO: Blender create Mesh node interior-batch-metro-wall
16:28:48 | INFO: Blender create Mesh node interior-batch-metro-floor
16:28:48 | INFO: Blender create Mesh node interior-batch-metro-rail
16:28:48 | INFO: Blender create Mesh node interior-batch-metro-screen
16:28:48 | INFO: Blender create Mesh node interior-batch-metro-priority-seat
16:28:48 | INFO: Blender create Mesh node interior-batch-metro-seat
16:28:48 | INFO: glTF import finished in 0.01s
Fra:1 Mem:18.23M (Peak 18.23M) | Time:00:00.00 | Mem:0.00M, Peak:0.00M | Scene, ViewLayer | Synchronizing object | body-shell
Fra:1 Mem:18.51M (Peak 18.51M) | Time:00:00.00 | Mem:0.00M, Peak:0.00M | Scene, ViewLayer | Synchronizing object | QA-ground
Fra:1 Mem:18.35M (Peak 18.51M) | Time:00:00.00 | Mem:0.00M, Peak:0.00M | Scene, ViewLayer | Synchronizing object | interior-batch-metro-seat
Fra:1 Mem:18.49M (Peak 18.51M) | Time:00:00.00 | Mem:0.00M, Peak:0.00M | Scene, ViewLayer | Synchronizing object | interior-batch-metro-priority-seat
Fra:1 Mem:18.48M (Peak 18.51M) | Time:00:00.00 | Mem:0.00M, Peak:0.00M | Scene, ViewLayer | Synchronizing object | interior-batch-metro-screen
Fra:1 Mem:18.38M (Peak 18.51M) | Time:00:00.00 | Mem:0.00M, Peak:0.00M | Scene, ViewLayer | Synchronizing object | interior-batch-metro-rail
Fra:1 Mem:18.48M (Peak 18.51M) | Time:00:00.00 | Mem:0.00M, Peak:0.00M | Scene, ViewLayer | Synchronizing object | bogie-front-frame
Fra:1 Mem:18.43M (Peak 18.51M) | Time:00:00.00 | Mem:0.00M, Peak:0.00M | Scene, ViewLayer | Synchronizing object | bogie-rear-frame
Fra:1 Mem:18.49M (Peak 18.51M) | Time:00:00.00 | Mem:0.00M, Peak:0.00M | Scene, ViewLayer | Synchronizing object | door-left-center-a
Fra:1 Mem:18.45M (Peak 18.51M) | Time:00:00.00 | Mem:0.00M, Peak:0.00M | Scene, ViewLayer | Synchronizing object | interior-batch-metro-floor
Fra:1 Mem:18.45M (Peak 18.51M) | Time:00:00.00 | Mem:0.00M, Peak:0.00M | Scene, ViewLayer | Synchronizing object | door-left-center-b
Fra:1 Mem:18.45M (Peak 18.51M) | Time:00:00.00 | Mem:0.00M, Peak:0.00M | Scene, ViewLayer | Synchronizing object | interior-batch-metro-wall
Fra:1 Mem:18.51M (Peak 18.51M) | Time:00:00.00 | Mem:0.00M, Peak:0.00M | Scene, ViewLayer | Synchronizing object | door-left-front-a
Fra:1 Mem:18.51M (Peak 18.51M) | Time:00:00.00 | Mem:0.00M, Peak:0.00M | Scene, ViewLayer | Synchronizing object | wheel-rear-rear-right
Fra:1 Mem:18.51M (Peak 18.51M) | Time:00:00.00 | Mem:0.00M, Peak:0.00M | Scene, ViewLayer | Synchronizing object | wheel-rear-rear-left
Fra:1 Mem:18.52M (Peak 18.52M) | Time:00:00.00 | Mem:0.00M, Peak:0.00M | Scene, ViewLayer | Synchronizing object | door-left-front-b
Fra:1 Mem:18.53M (Peak 18.53M) | Time:00:00.00 | Mem:0.00M, Peak:0.00M | Scene, ViewLayer | Synchronizing object | wheel-rear-front-right
Fra:1 Mem:18.54M (Peak 18.54M) | Time:00:00.00 | Mem:0.00M, Peak:0.00M | Scene, ViewLayer | Synchronizing object | wheel-rear-front-left
Fra:1 Mem:18.54M (Peak 18.54M) | Time:00:00.00 | Mem:0.00M, Peak:0.00M | Scene, ViewLayer | Synchronizing object | door-left-rear-a
Fra:1 Mem:18.56M (Peak 18.56M) | Time:00:00.00 | Mem:0.00M, Peak:0.00M | Scene, ViewLayer | Synchronizing object | wheel-front-rear-right
Fra:1 Mem:18.56M (Peak 18.56M) | Time:00:00.00 | Mem:0.00M, Peak:0.00M | Scene, ViewLayer | Synchronizing object | wheel-front-rear-left
Fra:1 Mem:18.57M (Peak 18.57M) | Time:00:00.00 | Mem:0.00M, Peak:0.00M | Scene, ViewLayer | Synchronizing object | door-left-rear-b
Fra:1 Mem:18.58M (Peak 18.58M) | Time:00:00.00 | Mem:0.00M, Peak:0.00M | Scene, ViewLayer | Synchronizing object | wheel-front-front-right
Fra:1 Mem:18.58M (Peak 18.58M) | Time:00:00.00 | Mem:0.00M, Peak:0.00M | Scene, ViewLayer | Synchronizing object | wheel-front-front-left
Fra:1 Mem:18.59M (Peak 18.59M) | Time:00:00.00 | Mem:0.00M, Peak:0.00M | Scene, ViewLayer | Synchronizing object | door-right-center-a
Fra:1 Mem:18.57M (Peak 18.59M) | Time:00:00.00 | Mem:0.00M, Peak:0.00M | Scene, ViewLayer | Synchronizing object | door-right-center-b
Fra:1 Mem:18.57M (Peak 18.59M) | Time:00:00.00 | Mem:0.00M, Peak:0.00M | Scene, ViewLayer | Synchronizing object | lights
Fra:1 Mem:18.58M (Peak 18.59M) | Time:00:00.00 | Mem:0.00M, Peak:0.00M | Scene, ViewLayer | Synchronizing object | door-right-front-a
Fra:1 Mem:18.57M (Peak 18.59M) | Time:00:00.00 | Mem:0.00M, Peak:0.00M | Scene, ViewLayer | Synchronizing object | door-right-front-b
Fra:1 Mem:18.58M (Peak 18.59M) | Time:00:00.00 | Mem:0.00M, Peak:0.00M | Scene, ViewLayer | Synchronizing object | door-right-rear-a
Fra:1 Mem:18.58M (Peak 18.59M) | Time:00:00.00 | Mem:0.00M, Peak:0.00M | Scene, ViewLayer | Synchronizing object | door-right-rear-b
Fra:1 Mem:18.59M (Peak 18.59M) | Time:00:00.00 | Mem:0.00M, Peak:0.00M | Scene, ViewLayer | Initializing
Fra:1 Mem:16.01M (Peak 18.59M) | Time:00:00.00 | Mem:0.00M, Peak:0.00M | Scene, ViewLayer | Waiting for render to start
Fra:1 Mem:16.01M (Peak 18.59M) | Time:00:00.00 | Mem:0.00M, Peak:0.00M | Scene, ViewLayer | Loading render kernels (may take a few minutes the first time)
Fra:1 Mem:16.01M (Peak 18.59M) | Time:00:00.00 | Mem:0.00M, Peak:0.00M | Scene, ViewLayer | Updating Scene
Fra:1 Mem:16.01M (Peak 18.59M) | Time:00:00.00 | Mem:0.00M, Peak:0.00M | Scene, ViewLayer | Updating Shaders
Fra:1 Mem:16.10M (Peak 18.59M) | Time:00:00.00 | Mem:0.01M, Peak:0.01M | Scene, ViewLayer | Updating Procedurals
Fra:1 Mem:16.10M (Peak 18.59M) | Time:00:00.00 | Mem:0.01M, Peak:0.01M | Scene, ViewLayer | Updating Background
Fra:1 Mem:16.10M (Peak 18.59M) | Time:00:00.00 | Mem:0.01M, Peak:0.01M | Scene, ViewLayer | Updating Camera
Fra:1 Mem:16.10M (Peak 18.59M) | Time:00:00.00 | Mem:0.01M, Peak:0.01M | Scene, ViewLayer | Updating Meshes Flags
Fra:1 Mem:16.10M (Peak 18.59M) | Time:00:00.00 | Mem:0.01M, Peak:0.01M | Scene, ViewLayer | Updating Objects
Fra:1 Mem:16.10M (Peak 18.59M) | Time:00:00.00 | Mem:0.01M, Peak:0.01M | Scene, ViewLayer | Updating Objects | Copying Transformations to device
Fra:1 Mem:16.11M (Peak 18.59M) | Time:00:00.00 | Mem:0.02M, Peak:0.02M | Scene, ViewLayer | Updating Objects | Applying Static Transformations
Fra:1 Mem:16.11M (Peak 18.59M) | Time:00:00.00 | Mem:0.02M, Peak:0.02M | Scene, ViewLayer | Updating Particle Systems
Fra:1 Mem:16.11M (Peak 18.59M) | Time:00:00.00 | Mem:0.02M, Peak:0.02M | Scene, ViewLayer | Updating Particle Systems | Copying Particles to device
Fra:1 Mem:16.11M (Peak 18.59M) | Time:00:00.00 | Mem:0.02M, Peak:0.02M | Scene, ViewLayer | Updating Meshes
Fra:1 Mem:16.13M (Peak 18.59M) | Time:00:00.00 | Mem:0.02M, Peak:0.02M | Scene, ViewLayer | Updating Mesh | Computing attributes
Fra:1 Mem:16.21M (Peak 18.59M) | Time:00:00.00 | Mem:0.02M, Peak:0.02M | Scene, ViewLayer | Updating Mesh | Copying Attributes to device
Fra:1 Mem:16.21M (Peak 18.59M) | Time:00:00.00 | Mem:0.09M, Peak:0.09M | Scene, ViewLayer | Updating Scene BVH | Building
Fra:1 Mem:16.21M (Peak 18.59M) | Time:00:00.00 | Mem:0.09M, Peak:0.09M | Scene, ViewLayer | Updating Scene BVH | Building BVH
Fra:1 Mem:16.21M (Peak 18.59M) | Time:00:00.00 | Mem:0.15M, Peak:0.15M | Scene, ViewLayer | Updating Scene BVH | Building BVH 0%
Fra:1 Mem:16.21M (Peak 18.59M) | Time:00:00.00 | Mem:0.22M, Peak:0.28M | Scene, ViewLayer | Updating Scene BVH | Copying BVH to device
Fra:1 Mem:16.21M (Peak 18.59M) | Time:00:00.00 | Mem:0.22M, Peak:0.28M | Scene, ViewLayer | Updating Mesh | Computing normals
Fra:1 Mem:16.41M (Peak 18.59M) | Time:00:00.00 | Mem:0.22M, Peak:0.28M | Scene, ViewLayer | Updating Mesh | Copying Mesh to device
Fra:1 Mem:16.41M (Peak 18.59M) | Time:00:00.00 | Mem:0.42M, Peak:0.42M | Scene, ViewLayer | Updating Objects Flags
Fra:1 Mem:16.41M (Peak 18.59M) | Time:00:00.00 | Mem:0.42M, Peak:0.42M | Scene, ViewLayer | Updating Primitive Offsets
Fra:1 Mem:16.41M (Peak 18.59M) | Time:00:00.00 | Mem:0.42M, Peak:0.42M | Scene, ViewLayer | Updating Images
Fra:1 Mem:16.41M (Peak 18.59M) | Time:00:00.00 | Mem:0.42M, Peak:0.42M | Scene, ViewLayer | Updating Camera Volume
Fra:1 Mem:16.41M (Peak 18.59M) | Time:00:00.00 | Mem:0.42M, Peak:0.42M | Scene, ViewLayer | Updating Lookup Tables
Fra:1 Mem:16.41M (Peak 18.59M) | Time:00:00.00 | Mem:0.50M, Peak:0.50M | Scene, ViewLayer | Updating Lights
Fra:1 Mem:16.41M (Peak 18.59M) | Time:00:00.00 | Mem:0.50M, Peak:0.50M | Scene, ViewLayer | Updating Lights | Computing tree
Fra:1 Mem:16.41M (Peak 18.59M) | Time:00:00.00 | Mem:0.51M, Peak:0.51M | Scene, ViewLayer | Updating Integrator
Fra:1 Mem:16.41M (Peak 18.59M) | Time:00:00.00 | Mem:0.51M, Peak:0.51M | Scene, ViewLayer | Updating Film
Fra:1 Mem:16.42M (Peak 18.59M) | Time:00:00.00 | Mem:0.43M, Peak:0.51M | Scene, ViewLayer | Updating Lookup Tables
Fra:1 Mem:16.42M (Peak 18.59M) | Time:00:00.00 | Mem:0.51M, Peak:0.51M | Scene, ViewLayer | Updating Baking
Fra:1 Mem:16.42M (Peak 18.59M) | Time:00:00.00 | Mem:0.51M, Peak:0.51M | Scene, ViewLayer | Updating Device | Writing constant memory
Fra:1 Mem:16.42M (Peak 18.59M) | Time:00:00.00 | Mem:0.51M, Peak:0.51M | Scene, ViewLayer | Sample 0/8
Fra:1 Mem:25.21M (Peak 25.21M) | Time:00:00.21 | Remaining:00:01.47 | Mem:9.30M, Peak:9.30M | Scene, ViewLayer | Sample 1/8
Fra:1 Mem:29.12M (Peak 36.93M) | Time:00:01.58 | Mem:9.30M, Peak:9.30M | Scene, ViewLayer | Sample 8/8
Fra:1 Mem:29.12M (Peak 36.93M) | Time:00:01.58 | Mem:9.30M, Peak:9.30M | Scene, ViewLayer | Finished
Saved: '/workspace/scratch/7c20b5ba4165/atlas-backlog-oct3/tools/assets/boardable-metro/qa/previews/tail-section.png'
Time: 00:01.62 (Saving: 00:00.03)

Extensions: writing cache failed ([Errno 30] Read-only file system: '/home/agent/.config/blender').
16:28:50 | INFO: Data are loaded, start creating Blender stuff
16:28:50 | INFO: Blender create Mesh node Cube
16:28:50 | INFO: Blender create Mesh node Cube.158
16:28:50 | INFO: Blender create Mesh node Cube.157
16:28:50 | INFO: Blender create Mesh node Cube.135
16:28:50 | INFO: Blender create Mesh node Cube.140
16:28:50 | INFO: Blender create Mesh node Cube.145
16:28:50 | INFO: Blender create Mesh node Cube.150
16:28:50 | INFO: Blender create Mesh node Cube.125
16:28:50 | INFO: Blender create Mesh node Cube.130
16:28:50 | INFO: Blender create Mesh node Cube.105
16:28:50 | INFO: Blender create Mesh node Cube.110
16:28:50 | INFO: Blender create Mesh node Cube.115
16:28:50 | INFO: Blender create Mesh node Cube.120
16:28:50 | INFO: Blender create Mesh node Cube.095
16:28:50 | INFO: Blender create Mesh node Cube.100
16:28:50 | INFO: Blender create Mesh node Cube.004
16:28:50 | INFO: Blender create Mesh node Cube.084
16:28:50 | INFO: Blender create Mesh node Cylinder.007
16:28:50 | INFO: Blender create Mesh node Cylinder.006
16:28:50 | INFO: Blender create Mesh node Cylinder.005
16:28:50 | INFO: Blender create Mesh node Cylinder.004
16:28:50 | INFO: Blender create Mesh node Cylinder.003
16:28:50 | INFO: Blender create Mesh node Cylinder.002
16:28:50 | INFO: Blender create Mesh node Cylinder.001
16:28:50 | INFO: Blender create Mesh node Cylinder
16:28:50 | INFO: glTF import finished in 0.02s
16:28:50 | INFO: Data are loaded, start creating Blender stuff
16:28:50 | INFO: Blender create Mesh node interior-batch-metro-wall
16:28:50 | INFO: Blender create Mesh node interior-batch-metro-floor
16:28:50 | INFO: Blender create Mesh node interior-batch-metro-rail
16:28:50 | INFO: Blender create Mesh node interior-batch-metro-screen
16:28:50 | INFO: Blender create Mesh node interior-batch-metro-priority-seat
16:28:50 | INFO: Blender create Mesh node interior-batch-metro-seat
16:28:50 | INFO: glTF import finished in 0.01s
Fra:1 Mem:18.56M (Peak 18.56M) | Time:00:00.00 | Mem:0.00M, Peak:0.00M | Scene, ViewLayer | Synchronizing object | body-shell
Fra:1 Mem:18.97M (Peak 18.97M) | Time:00:00.00 | Mem:0.00M, Peak:0.00M | Scene, ViewLayer | Synchronizing object | QA-ground
Fra:1 Mem:19.05M (Peak 19.05M) | Time:00:00.00 | Mem:0.00M, Peak:0.00M | Scene, ViewLayer | Synchronizing object | interior-batch-metro-seat
Fra:1 Mem:19.00M (Peak 19.05M) | Time:00:00.00 | Mem:0.00M, Peak:0.00M | Scene, ViewLayer | Synchronizing object | interior-batch-metro-priority-seat
Fra:1 Mem:19.01M (Peak 19.05M) | Time:00:00.00 | Mem:0.00M, Peak:0.00M | Scene, ViewLayer | Synchronizing object | interior-batch-metro-screen
Fra:1 Mem:18.95M (Peak 19.05M) | Time:00:00.00 | Mem:0.00M, Peak:0.00M | Scene, ViewLayer | Synchronizing object | interior-batch-metro-rail
Fra:1 Mem:19.03M (Peak 19.05M) | Time:00:00.00 | Mem:0.00M, Peak:0.00M | Scene, ViewLayer | Synchronizing object | bogie-front-frame
Fra:1 Mem:18.93M (Peak 19.05M) | Time:00:00.00 | Mem:0.00M, Peak:0.00M | Scene, ViewLayer | Synchronizing object | bogie-rear-frame
Fra:1 Mem:18.94M (Peak 19.05M) | Time:00:00.00 | Mem:0.00M, Peak:0.00M | Scene, ViewLayer | Synchronizing object | door-left-center-a
Fra:1 Mem:19.03M (Peak 19.05M) | Time:00:00.00 | Mem:0.00M, Peak:0.00M | Scene, ViewLayer | Synchronizing object | door-left-center-b
Fra:1 Mem:18.95M (Peak 19.05M) | Time:00:00.00 | Mem:0.00M, Peak:0.00M | Scene, ViewLayer | Synchronizing object | door-left-front-a
Fra:1 Mem:18.96M (Peak 19.05M) | Time:00:00.00 | Mem:0.00M, Peak:0.00M | Scene, ViewLayer | Synchronizing object | interior-batch-metro-floor
Fra:1 Mem:18.94M (Peak 19.05M) | Time:00:00.00 | Mem:0.00M, Peak:0.00M | Scene, ViewLayer | Synchronizing object | door-left-front-b
Fra:1 Mem:18.95M (Peak 19.05M) | Time:00:00.00 | Mem:0.00M, Peak:0.00M | Scene, ViewLayer | Synchronizing object | interior-batch-metro-wall
Fra:1 Mem:19.05M (Peak 19.05M) | Time:00:00.00 | Mem:0.00M, Peak:0.00M | Scene, ViewLayer | Synchronizing object | door-left-rear-a
Fra:1 Mem:19.05M (Peak 19.05M) | Time:00:00.00 | Mem:0.00M, Peak:0.00M | Scene, ViewLayer | Synchronizing object | door-left-rear-b
Fra:1 Mem:19.02M (Peak 19.05M) | Time:00:00.00 | Mem:0.00M, Peak:0.00M | Scene, ViewLayer | Synchronizing object | door-right-center-a
Fra:1 Mem:19.02M (Peak 19.05M) | Time:00:00.00 | Mem:0.00M, Peak:0.00M | Scene, ViewLayer | Synchronizing object | wheel-rear-rear-right
Fra:1 Mem:19.04M (Peak 19.05M) | Time:00:00.00 | Mem:0.00M, Peak:0.00M | Scene, ViewLayer | Synchronizing object | door-right-center-b
Fra:1 Mem:19.07M (Peak 19.07M) | Time:00:00.00 | Mem:0.00M, Peak:0.00M | Scene, ViewLayer | Synchronizing object | wheel-rear-rear-left
Fra:1 Mem:19.06M (Peak 19.07M) | Time:00:00.00 | Mem:0.00M, Peak:0.00M | Scene, ViewLayer | Synchronizing object | door-right-front-a
Fra:1 Mem:19.09M (Peak 19.09M) | Time:00:00.00 | Mem:0.00M, Peak:0.00M | Scene, ViewLayer | Synchronizing object | wheel-rear-front-right
Fra:1 Mem:19.10M (Peak 19.10M) | Time:00:00.00 | Mem:0.00M, Peak:0.00M | Scene, ViewLayer | Synchronizing object | door-right-front-b
Fra:1 Mem:19.10M (Peak 19.10M) | Time:00:00.00 | Mem:0.00M, Peak:0.00M | Scene, ViewLayer | Synchronizing object | wheel-rear-front-left
Fra:1 Mem:19.12M (Peak 19.12M) | Time:00:00.00 | Mem:0.00M, Peak:0.00M | Scene, ViewLayer | Synchronizing object | door-right-rear-a
Fra:1 Mem:19.12M (Peak 19.12M) | Time:00:00.00 | Mem:0.00M, Peak:0.00M | Scene, ViewLayer | Synchronizing object | wheel-front-rear-right
Fra:1 Mem:19.14M (Peak 19.14M) | Time:00:00.00 | Mem:0.00M, Peak:0.00M | Scene, ViewLayer | Synchronizing object | door-right-rear-b
Fra:1 Mem:19.14M (Peak 19.14M) | Time:00:00.00 | Mem:0.00M, Peak:0.00M | Scene, ViewLayer | Synchronizing object | wheel-front-rear-left
Fra:1 Mem:19.16M (Peak 19.16M) | Time:00:00.00 | Mem:0.00M, Peak:0.00M | Scene, ViewLayer | Synchronizing object | glass
Fra:1 Mem:19.22M (Peak 19.22M) | Time:00:00.00 | Mem:0.00M, Peak:0.00M | Scene, ViewLayer | Synchronizing object | wheel-front-front-right
Fra:1 Mem:19.20M (Peak 19.22M) | Time:00:00.00 | Mem:0.00M, Peak:0.00M | Scene, ViewLayer | Synchronizing object | wheel-front-front-left
Fra:1 Mem:19.21M (Peak 19.22M) | Time:00:00.00 | Mem:0.00M, Peak:0.00M | Scene, ViewLayer | Synchronizing object | lights
Fra:1 Mem:19.20M (Peak 19.22M) | Time:00:00.00 | Mem:0.00M, Peak:0.00M | Scene, ViewLayer | Initializing
Fra:1 Mem:16.59M (Peak 19.22M) | Time:00:00.00 | Mem:0.00M, Peak:0.00M | Scene, ViewLayer | Waiting for render to start
Fra:1 Mem:16.59M (Peak 19.22M) | Time:00:00.00 | Mem:0.00M, Peak:0.00M | Scene, ViewLayer | Loading render kernels (may take a few minutes the first time)
Fra:1 Mem:16.59M (Peak 19.22M) | Time:00:00.00 | Mem:0.00M, Peak:0.00M | Scene, ViewLayer | Updating Scene
Fra:1 Mem:16.59M (Peak 19.22M) | Time:00:00.00 | Mem:0.00M, Peak:0.00M | Scene, ViewLayer | Updating Shaders
Fra:1 Mem:16.68M (Peak 19.22M) | Time:00:00.00 | Mem:0.01M, Peak:0.01M | Scene, ViewLayer | Updating Procedurals
Fra:1 Mem:16.68M (Peak 19.22M) | Time:00:00.00 | Mem:0.01M, Peak:0.01M | Scene, ViewLayer | Updating Background
Fra:1 Mem:16.68M (Peak 19.22M) | Time:00:00.00 | Mem:0.01M, Peak:0.01M | Scene, ViewLayer | Updating Camera
Fra:1 Mem:16.68M (Peak 19.22M) | Time:00:00.00 | Mem:0.01M, Peak:0.01M | Scene, ViewLayer | Updating Meshes Flags
Fra:1 Mem:16.68M (Peak 19.22M) | Time:00:00.00 | Mem:0.01M, Peak:0.01M | Scene, ViewLayer | Updating Objects
Fra:1 Mem:16.68M (Peak 19.22M) | Time:00:00.00 | Mem:0.01M, Peak:0.01M | Scene, ViewLayer | Updating Objects | Copying Transformations to device
Fra:1 Mem:16.69M (Peak 19.22M) | Time:00:00.00 | Mem:0.02M, Peak:0.02M | Scene, ViewLayer | Updating Objects | Applying Static Transformations
Fra:1 Mem:16.69M (Peak 19.22M) | Time:00:00.00 | Mem:0.02M, Peak:0.02M | Scene, ViewLayer | Updating Particle Systems
Fra:1 Mem:16.69M (Peak 19.22M) | Time:00:00.00 | Mem:0.02M, Peak:0.02M | Scene, ViewLayer | Updating Particle Systems | Copying Particles to device
Fra:1 Mem:16.69M (Peak 19.22M) | Time:00:00.00 | Mem:0.02M, Peak:0.02M | Scene, ViewLayer | Updating Meshes
Fra:1 Mem:16.74M (Peak 19.22M) | Time:00:00.00 | Mem:0.02M, Peak:0.02M | Scene, ViewLayer | Updating Mesh | Computing attributes
Fra:1 Mem:16.89M (Peak 19.22M) | Time:00:00.00 | Mem:0.02M, Peak:0.02M | Scene, ViewLayer | Updating Mesh | Copying Attributes to device
Fra:1 Mem:16.88M (Peak 19.22M) | Time:00:00.00 | Mem:0.16M, Peak:0.16M | Scene, ViewLayer | Updating Scene BVH | Building
Fra:1 Mem:16.88M (Peak 19.22M) | Time:00:00.00 | Mem:0.16M, Peak:0.16M | Scene, ViewLayer | Updating Scene BVH | Building BVH
Fra:1 Mem:16.88M (Peak 19.22M) | Time:00:00.00 | Mem:0.26M, Peak:0.26M | Scene, ViewLayer | Updating Scene BVH | Building BVH 0%
Fra:1 Mem:16.88M (Peak 19.22M) | Time:00:00.00 | Mem:0.39M, Peak:0.49M | Scene, ViewLayer | Updating Scene BVH | Copying BVH to device
Fra:1 Mem:16.88M (Peak 19.22M) | Time:00:00.00 | Mem:0.39M, Peak:0.49M | Scene, ViewLayer | Updating Mesh | Computing normals
Fra:1 Mem:17.26M (Peak 19.22M) | Time:00:00.00 | Mem:0.39M, Peak:0.49M | Scene, ViewLayer | Updating Mesh | Copying Mesh to device
Fra:1 Mem:17.26M (Peak 19.22M) | Time:00:00.00 | Mem:0.77M, Peak:0.77M | Scene, ViewLayer | Updating Objects Flags
Fra:1 Mem:17.26M (Peak 19.22M) | Time:00:00.00 | Mem:0.77M, Peak:0.77M | Scene, ViewLayer | Updating Primitive Offsets
Fra:1 Mem:17.26M (Peak 19.22M) | Time:00:00.00 | Mem:0.77M, Peak:0.77M | Scene, ViewLayer | Updating Images
Fra:1 Mem:17.26M (Peak 19.22M) | Time:00:00.00 | Mem:0.77M, Peak:0.77M | Scene, ViewLayer | Updating Camera Volume
Fra:1 Mem:17.26M (Peak 19.22M) | Time:00:00.00 | Mem:0.77M, Peak:0.77M | Scene, ViewLayer | Updating Lookup Tables
Fra:1 Mem:17.26M (Peak 19.22M) | Time:00:00.00 | Mem:0.85M, Peak:0.85M | Scene, ViewLayer | Updating Lights
Fra:1 Mem:17.26M (Peak 19.22M) | Time:00:00.00 | Mem:0.85M, Peak:0.85M | Scene, ViewLayer | Updating Lights | Computing tree
Fra:1 Mem:17.27M (Peak 19.22M) | Time:00:00.00 | Mem:0.86M, Peak:0.86M | Scene, ViewLayer | Updating Integrator
Fra:1 Mem:17.27M (Peak 19.22M) | Time:00:00.00 | Mem:0.86M, Peak:0.86M | Scene, ViewLayer | Updating Film
Fra:1 Mem:17.27M (Peak 19.22M) | Time:00:00.00 | Mem:0.77M, Peak:0.86M | Scene, ViewLayer | Updating Lookup Tables
Fra:1 Mem:17.27M (Peak 19.22M) | Time:00:00.00 | Mem:0.86M, Peak:0.86M | Scene, ViewLayer | Updating Baking
Fra:1 Mem:17.27M (Peak 19.22M) | Time:00:00.00 | Mem:0.86M, Peak:0.86M | Scene, ViewLayer | Updating Device | Writing constant memory
Fra:1 Mem:17.27M (Peak 19.22M) | Time:00:00.00 | Mem:0.86M, Peak:0.86M | Scene, ViewLayer | Sample 0/8
Fra:1 Mem:26.07M (Peak 26.07M) | Time:00:00.67 | Remaining:00:04.69 | Mem:9.65M, Peak:9.65M | Scene, ViewLayer | Sample 1/8
Fra:1 Mem:29.98M (Peak 37.79M) | Time:00:05.27 | Mem:9.65M, Peak:9.65M | Scene, ViewLayer | Sample 8/8
Fra:1 Mem:29.98M (Peak 37.79M) | Time:00:05.27 | Mem:9.65M, Peak:9.65M | Scene, ViewLayer | Finished
Saved: '/workspace/scratch/7c20b5ba4165/atlas-backlog-oct3/tools/assets/boardable-metro/qa/previews/tail-entry-right-rear.png'
Time: 00:05.31 (Saving: 00:00.04)

Fra:1 Mem:18.65M (Peak 18.65M) | Time:00:00.00 | Mem:0.00M, Peak:0.00M | Scene, ViewLayer | Synchronizing object | body-shell
Fra:1 Mem:19.04M (Peak 19.04M) | Time:00:00.00 | Mem:0.00M, Peak:0.00M | Scene, ViewLayer | Synchronizing object | QA-ground
Fra:1 Mem:19.12M (Peak 19.12M) | Time:00:00.00 | Mem:0.00M, Peak:0.00M | Scene, ViewLayer | Synchronizing object | interior-batch-metro-seat
Fra:1 Mem:18.92M (Peak 19.12M) | Time:00:00.00 | Mem:0.00M, Peak:0.00M | Scene, ViewLayer | Synchronizing object | interior-batch-metro-priority-seat
Fra:1 Mem:19.01M (Peak 19.12M) | Time:00:00.00 | Mem:0.00M, Peak:0.00M | Scene, ViewLayer | Synchronizing object | interior-batch-metro-screen
Fra:1 Mem:18.92M (Peak 19.12M) | Time:00:00.00 | Mem:0.00M, Peak:0.00M | Scene, ViewLayer | Synchronizing object | interior-batch-metro-rail
Fra:1 Mem:19.04M (Peak 19.12M) | Time:00:00.00 | Mem:0.00M, Peak:0.00M | Scene, ViewLayer | Synchronizing object | bogie-front-frame
Fra:1 Mem:19.08M (Peak 19.12M) | Time:00:00.00 | Mem:0.00M, Peak:0.00M | Scene, ViewLayer | Synchronizing object | bogie-rear-frame
Fra:1 Mem:18.95M (Peak 19.12M) | Time:00:00.00 | Mem:0.00M, Peak:0.00M | Scene, ViewLayer | Synchronizing object | door-left-center-a
Fra:1 Mem:19.07M (Peak 19.12M) | Time:00:00.00 | Mem:0.00M, Peak:0.00M | Scene, ViewLayer | Synchronizing object | door-left-center-b
Fra:1 Mem:19.08M (Peak 19.12M) | Time:00:00.00 | Mem:0.00M, Peak:0.00M | Scene, ViewLayer | Synchronizing object | door-left-front-a
Fra:1 Mem:19.08M (Peak 19.12M) | Time:00:00.00 | Mem:0.00M, Peak:0.00M | Scene, ViewLayer | Synchronizing object | door-left-front-b
Fra:1 Mem:19.00M (Peak 19.12M) | Time:00:00.00 | Mem:0.00M, Peak:0.00M | Scene, ViewLayer | Synchronizing object | interior-batch-metro-floor
Fra:1 Mem:18.99M (Peak 19.12M) | Time:00:00.00 | Mem:0.00M, Peak:0.00M | Scene, ViewLayer | Synchronizing object | door-left-rear-a
Fra:1 Mem:19.00M (Peak 19.12M) | Time:00:00.00 | Mem:0.00M, Peak:0.00M | Scene, ViewLayer | Synchronizing object | interior-batch-metro-wall
Fra:1 Mem:19.08M (Peak 19.12M) | Time:00:00.00 | Mem:0.00M, Peak:0.00M | Scene, ViewLayer | Synchronizing object | door-left-rear-b
Fra:1 Mem:19.05M (Peak 19.12M) | Time:00:00.00 | Mem:0.00M, Peak:0.00M | Scene, ViewLayer | Synchronizing object | door-right-center-a
Fra:1 Mem:19.06M (Peak 19.12M) | Time:00:00.00 | Mem:0.00M, Peak:0.00M | Scene, ViewLayer | Synchronizing object | door-right-center-b
Fra:1 Mem:19.05M (Peak 19.12M) | Time:00:00.00 | Mem:0.00M, Peak:0.00M | Scene, ViewLayer | Synchronizing object | wheel-rear-rear-right
Fra:1 Mem:19.08M (Peak 19.12M) | Time:00:00.00 | Mem:0.00M, Peak:0.00M | Scene, ViewLayer | Synchronizing object | door-right-front-a
Fra:1 Mem:19.08M (Peak 19.12M) | Time:00:00.00 | Mem:0.00M, Peak:0.00M | Scene, ViewLayer | Synchronizing object | wheel-rear-rear-left
Fra:1 Mem:19.11M (Peak 19.12M) | Time:00:00.00 | Mem:0.00M, Peak:0.00M | Scene, ViewLayer | Synchronizing object | door-right-front-b
Fra:1 Mem:19.12M (Peak 19.12M) | Time:00:00.00 | Mem:0.00M, Peak:0.00M | Scene, ViewLayer | Synchronizing object | wheel-rear-front-right
Fra:1 Mem:19.12M (Peak 19.12M) | Time:00:00.00 | Mem:0.00M, Peak:0.00M | Scene, ViewLayer | Synchronizing object | door-right-rear-a
Fra:1 Mem:19.13M (Peak 19.13M) | Time:00:00.00 | Mem:0.00M, Peak:0.00M | Scene, ViewLayer | Synchronizing object | wheel-rear-front-left
Fra:1 Mem:19.14M (Peak 19.14M) | Time:00:00.00 | Mem:0.00M, Peak:0.00M | Scene, ViewLayer | Synchronizing object | door-right-rear-b
Fra:1 Mem:19.15M (Peak 19.15M) | Time:00:00.00 | Mem:0.00M, Peak:0.00M | Scene, ViewLayer | Synchronizing object | wheel-front-rear-right
Fra:1 Mem:19.16M (Peak 19.16M) | Time:00:00.00 | Mem:0.00M, Peak:0.00M | Scene, ViewLayer | Synchronizing object | glass
Fra:1 Mem:19.17M (Peak 19.17M) | Time:00:00.00 | Mem:0.00M, Peak:0.00M | Scene, ViewLayer | Synchronizing object | lights
Fra:1 Mem:19.18M (Peak 19.18M) | Time:00:00.00 | Mem:0.00M, Peak:0.00M | Scene, ViewLayer | Synchronizing object | wheel-front-front-left
Fra:1 Mem:19.19M (Peak 19.19M) | Time:00:00.00 | Mem:0.00M, Peak:0.00M | Scene, ViewLayer | Synchronizing object | wheel-front-front-right
Fra:1 Mem:19.18M (Peak 19.19M) | Time:00:00.00 | Mem:0.00M, Peak:0.00M | Scene, ViewLayer | Synchronizing object | wheel-front-rear-left
Fra:1 Mem:19.20M (Peak 19.20M) | Time:00:00.00 | Mem:0.00M, Peak:0.00M | Scene, ViewLayer | Initializing
Fra:1 Mem:16.59M (Peak 19.20M) | Time:00:00.00 | Mem:0.00M, Peak:0.00M | Scene, ViewLayer | Waiting for render to start
Fra:1 Mem:16.59M (Peak 19.20M) | Time:00:00.00 | Mem:0.00M, Peak:0.00M | Scene, ViewLayer | Loading render kernels (may take a few minutes the first time)
Fra:1 Mem:16.59M (Peak 19.20M) | Time:00:00.00 | Mem:0.00M, Peak:0.00M | Scene, ViewLayer | Updating Scene
Fra:1 Mem:16.59M (Peak 19.20M) | Time:00:00.00 | Mem:0.00M, Peak:0.00M | Scene, ViewLayer | Updating Shaders
Fra:1 Mem:16.68M (Peak 19.20M) | Time:00:00.00 | Mem:0.01M, Peak:0.01M | Scene, ViewLayer | Updating Procedurals
Fra:1 Mem:16.68M (Peak 19.20M) | Time:00:00.00 | Mem:0.01M, Peak:0.01M | Scene, ViewLayer | Updating Background
Fra:1 Mem:16.68M (Peak 19.20M) | Time:00:00.00 | Mem:0.01M, Peak:0.01M | Scene, ViewLayer | Updating Camera
Fra:1 Mem:16.68M (Peak 19.20M) | Time:00:00.00 | Mem:0.01M, Peak:0.01M | Scene, ViewLayer | Updating Meshes Flags
Fra:1 Mem:16.68M (Peak 19.20M) | Time:00:00.00 | Mem:0.01M, Peak:0.01M | Scene, ViewLayer | Updating Objects
Fra:1 Mem:16.68M (Peak 19.20M) | Time:00:00.00 | Mem:0.01M, Peak:0.01M | Scene, ViewLayer | Updating Objects | Copying Transformations to device
Fra:1 Mem:16.69M (Peak 19.20M) | Time:00:00.00 | Mem:0.02M, Peak:0.02M | Scene, ViewLayer | Updating Objects | Applying Static Transformations
Fra:1 Mem:16.69M (Peak 19.20M) | Time:00:00.00 | Mem:0.02M, Peak:0.02M | Scene, ViewLayer | Updating Particle Systems
Fra:1 Mem:16.69M (Peak 19.20M) | Time:00:00.00 | Mem:0.02M, Peak:0.02M | Scene, ViewLayer | Updating Particle Systems | Copying Particles to device
Fra:1 Mem:16.69M (Peak 19.20M) | Time:00:00.00 | Mem:0.02M, Peak:0.02M | Scene, ViewLayer | Updating Meshes
Fra:1 Mem:16.74M (Peak 19.20M) | Time:00:00.00 | Mem:0.02M, Peak:0.02M | Scene, ViewLayer | Updating Mesh | Computing attributes
Fra:1 Mem:16.89M (Peak 19.20M) | Time:00:00.00 | Mem:0.02M, Peak:0.02M | Scene, ViewLayer | Updating Mesh | Copying Attributes to device
Fra:1 Mem:16.88M (Peak 19.20M) | Time:00:00.00 | Mem:0.16M, Peak:0.16M | Scene, ViewLayer | Updating Scene BVH | Building
Fra:1 Mem:16.88M (Peak 19.20M) | Time:00:00.00 | Mem:0.16M, Peak:0.16M | Scene, ViewLayer | Updating Scene BVH | Building BVH
Fra:1 Mem:16.88M (Peak 19.20M) | Time:00:00.00 | Mem:0.26M, Peak:0.26M | Scene, ViewLayer | Updating Scene BVH | Building BVH 0%
Fra:1 Mem:16.88M (Peak 19.20M) | Time:00:00.00 | Mem:0.39M, Peak:0.49M | Scene, ViewLayer | Updating Scene BVH | Copying BVH to device
Fra:1 Mem:16.88M (Peak 19.20M) | Time:00:00.00 | Mem:0.39M, Peak:0.49M | Scene, ViewLayer | Updating Mesh | Computing normals
Fra:1 Mem:17.26M (Peak 19.20M) | Time:00:00.00 | Mem:0.39M, Peak:0.49M | Scene, ViewLayer | Updating Mesh | Copying Mesh to device
Fra:1 Mem:17.26M (Peak 19.20M) | Time:00:00.00 | Mem:0.77M, Peak:0.77M | Scene, ViewLayer | Updating Objects Flags
Fra:1 Mem:17.26M (Peak 19.20M) | Time:00:00.00 | Mem:0.77M, Peak:0.77M | Scene, ViewLayer | Updating Primitive Offsets
Fra:1 Mem:17.26M (Peak 19.20M) | Time:00:00.00 | Mem:0.77M, Peak:0.77M | Scene, ViewLayer | Updating Images
Fra:1 Mem:17.26M (Peak 19.20M) | Time:00:00.00 | Mem:0.77M, Peak:0.77M | Scene, ViewLayer | Updating Camera Volume
Fra:1 Mem:17.26M (Peak 19.20M) | Time:00:00.00 | Mem:0.77M, Peak:0.77M | Scene, ViewLayer | Updating Lookup Tables
Fra:1 Mem:17.26M (Peak 19.20M) | Time:00:00.00 | Mem:0.85M, Peak:0.85M | Scene, ViewLayer | Updating Lights
Fra:1 Mem:17.26M (Peak 19.20M) | Time:00:00.00 | Mem:0.85M, Peak:0.85M | Scene, ViewLayer | Updating Lights | Computing tree
Fra:1 Mem:17.27M (Peak 19.20M) | Time:00:00.00 | Mem:0.86M, Peak:0.86M | Scene, ViewLayer | Updating Integrator
Fra:1 Mem:17.27M (Peak 19.20M) | Time:00:00.00 | Mem:0.86M, Peak:0.86M | Scene, ViewLayer | Updating Film
Fra:1 Mem:17.27M (Peak 19.20M) | Time:00:00.00 | Mem:0.77M, Peak:0.86M | Scene, ViewLayer | Updating Lookup Tables
Fra:1 Mem:17.27M (Peak 19.20M) | Time:00:00.00 | Mem:0.86M, Peak:0.86M | Scene, ViewLayer | Updating Baking
Fra:1 Mem:17.27M (Peak 19.20M) | Time:00:00.00 | Mem:0.86M, Peak:0.86M | Scene, ViewLayer | Updating Device | Writing constant memory
Fra:1 Mem:17.27M (Peak 19.20M) | Time:00:00.00 | Mem:0.86M, Peak:0.86M | Scene, ViewLayer | Sample 0/8
Fra:1 Mem:26.07M (Peak 26.07M) | Time:00:00.68 | Remaining:00:04.70 | Mem:9.65M, Peak:9.65M | Scene, ViewLayer | Sample 1/8
Fra:1 Mem:29.98M (Peak 37.79M) | Time:00:05.24 | Mem:9.65M, Peak:9.65M | Scene, ViewLayer | Sample 8/8
Fra:1 Mem:29.98M (Peak 37.79M) | Time:00:05.24 | Mem:9.65M, Peak:9.65M | Scene, ViewLayer | Finished
Saved: '/workspace/scratch/7c20b5ba4165/atlas-backlog-oct3/tools/assets/boardable-metro/qa/previews/tail-entry-right-center.png'
Time: 00:05.29 (Saving: 00:00.04)

Fra:1 Mem:18.65M (Peak 18.65M) | Time:00:00.00 | Mem:0.00M, Peak:0.00M | Scene, ViewLayer | Synchronizing object | body-shell
Fra:1 Mem:19.12M (Peak 19.12M) | Time:00:00.00 | Mem:0.00M, Peak:0.00M | Scene, ViewLayer | Synchronizing object | QA-ground
Fra:1 Mem:19.11M (Peak 19.12M) | Time:00:00.00 | Mem:0.00M, Peak:0.00M | Scene, ViewLayer | Synchronizing object | interior-batch-metro-seat
Fra:1 Mem:18.92M (Peak 19.12M) | Time:00:00.00 | Mem:0.00M, Peak:0.00M | Scene, ViewLayer | Synchronizing object | interior-batch-metro-priority-seat
Fra:1 Mem:19.08M (Peak 19.12M) | Time:00:00.00 | Mem:0.00M, Peak:0.00M | Scene, ViewLayer | Synchronizing object | interior-batch-metro-screen
Fra:1 Mem:19.08M (Peak 19.12M) | Time:00:00.00 | Mem:0.00M, Peak:0.00M | Scene, ViewLayer | Synchronizing object | interior-batch-metro-rail
Fra:1 Mem:18.94M (Peak 19.12M) | Time:00:00.00 | Mem:0.00M, Peak:0.00M | Scene, ViewLayer | Synchronizing object | bogie-front-frame
Fra:1 Mem:18.97M (Peak 19.12M) | Time:00:00.00 | Mem:0.00M, Peak:0.00M | Scene, ViewLayer | Synchronizing object | bogie-rear-frame
Fra:1 Mem:19.06M (Peak 19.12M) | Time:00:00.00 | Mem:0.00M, Peak:0.00M | Scene, ViewLayer | Synchronizing object | door-left-center-a
Fra:1 Mem:19.07M (Peak 19.12M) | Time:00:00.00 | Mem:0.00M, Peak:0.00M | Scene, ViewLayer | Synchronizing object | door-left-center-b
Fra:1 Mem:18.98M (Peak 19.12M) | Time:00:00.00 | Mem:0.00M, Peak:0.00M | Scene, ViewLayer | Synchronizing object | interior-batch-metro-floor
Fra:1 Mem:18.98M (Peak 19.12M) | Time:00:00.00 | Mem:0.00M, Peak:0.00M | Scene, ViewLayer | Synchronizing object | door-left-front-a
Fra:1 Mem:19.01M (Peak 19.12M) | Time:00:00.00 | Mem:0.00M, Peak:0.00M | Scene, ViewLayer | Synchronizing object | interior-batch-metro-wall
Fra:1 Mem:19.06M (Peak 19.12M) | Time:00:00.00 | Mem:0.00M, Peak:0.00M | Scene, ViewLayer | Synchronizing object | door-left-front-b
Fra:1 Mem:19.07M (Peak 19.12M) | Time:00:00.00 | Mem:0.00M, Peak:0.00M | Scene, ViewLayer | Synchronizing object | door-left-rear-a
Fra:1 Mem:19.03M (Peak 19.12M) | Time:00:00.00 | Mem:0.00M, Peak:0.00M | Scene, ViewLayer | Synchronizing object | wheel-rear-rear-right
Fra:1 Mem:19.06M (Peak 19.12M) | Time:00:00.00 | Mem:0.00M, Peak:0.00M | Scene, ViewLayer | Synchronizing object | door-left-rear-b
Fra:1 Mem:19.07M (Peak 19.12M) | Time:00:00.00 | Mem:0.00M, Peak:0.00M | Scene, ViewLayer | Synchronizing object | wheel-rear-rear-left
Fra:1 Mem:19.08M (Peak 19.12M) | Time:00:00.00 | Mem:0.00M, Peak:0.00M | Scene, ViewLayer | Synchronizing object | door-right-center-a
Fra:1 Mem:19.09M (Peak 19.12M) | Time:00:00.00 | Mem:0.00M, Peak:0.00M | Scene, ViewLayer | Synchronizing object | wheel-rear-front-right
Fra:1 Mem:19.10M (Peak 19.12M) | Time:00:00.00 | Mem:0.00M, Peak:0.00M | Scene, ViewLayer | Synchronizing object | door-right-center-b
Fra:1 Mem:19.11M (Peak 19.12M) | Time:00:00.00 | Mem:0.00M, Peak:0.00M | Scene, ViewLayer | Synchronizing object | wheel-rear-front-left
Fra:1 Mem:19.12M (Peak 19.12M) | Time:00:00.00 | Mem:0.00M, Peak:0.00M | Scene, ViewLayer | Synchronizing object | door-right-front-a
Fra:1 Mem:19.11M (Peak 19.12M) | Time:00:00.00 | Mem:0.00M, Peak:0.00M | Scene, ViewLayer | Synchronizing object | wheel-front-rear-right
Fra:1 Mem:19.14M (Peak 19.14M) | Time:00:00.00 | Mem:0.00M, Peak:0.00M | Scene, ViewLayer | Synchronizing object | door-right-front-b
Fra:1 Mem:19.13M (Peak 19.14M) | Time:00:00.00 | Mem:0.00M, Peak:0.00M | Scene, ViewLayer | Synchronizing object | wheel-front-rear-left
Fra:1 Mem:19.14M (Peak 19.14M) | Time:00:00.00 | Mem:0.00M, Peak:0.00M | Scene, ViewLayer | Synchronizing object | door-right-rear-a
Fra:1 Mem:19.15M (Peak 19.15M) | Time:00:00.00 | Mem:0.00M, Peak:0.00M | Scene, ViewLayer | Synchronizing object | wheel-front-front-right
Fra:1 Mem:19.16M (Peak 19.16M) | Time:00:00.00 | Mem:0.00M, Peak:0.00M | Scene, ViewLayer | Synchronizing object | door-right-rear-b
Fra:1 Mem:19.17M (Peak 19.17M) | Time:00:00.00 | Mem:0.00M, Peak:0.00M | Scene, ViewLayer | Synchronizing object | wheel-front-front-left
Fra:1 Mem:19.18M (Peak 19.18M) | Time:00:00.00 | Mem:0.00M, Peak:0.00M | Scene, ViewLayer | Synchronizing object | glass
Fra:1 Mem:19.24M (Peak 19.24M) | Time:00:00.00 | Mem:0.00M, Peak:0.00M | Scene, ViewLayer | Synchronizing object | lights
Fra:1 Mem:19.20M (Peak 19.24M) | Time:00:00.00 | Mem:0.00M, Peak:0.00M | Scene, ViewLayer | Initializing
Fra:1 Mem:16.59M (Peak 19.24M) | Time:00:00.00 | Mem:0.00M, Peak:0.00M | Scene, ViewLayer | Waiting for render to start
Fra:1 Mem:16.59M (Peak 19.24M) | Time:00:00.00 | Mem:0.00M, Peak:0.00M | Scene, ViewLayer | Loading render kernels (may take a few minutes the first time)
Fra:1 Mem:16.59M (Peak 19.24M) | Time:00:00.00 | Mem:0.00M, Peak:0.00M | Scene, ViewLayer | Updating Scene
Fra:1 Mem:16.59M (Peak 19.24M) | Time:00:00.00 | Mem:0.00M, Peak:0.00M | Scene, ViewLayer | Updating Shaders
Fra:1 Mem:16.68M (Peak 19.24M) | Time:00:00.00 | Mem:0.01M, Peak:0.01M | Scene, ViewLayer | Updating Procedurals
Fra:1 Mem:16.68M (Peak 19.24M) | Time:00:00.00 | Mem:0.01M, Peak:0.01M | Scene, ViewLayer | Updating Background
Fra:1 Mem:16.68M (Peak 19.24M) | Time:00:00.00 | Mem:0.01M, Peak:0.01M | Scene, ViewLayer | Updating Camera
Fra:1 Mem:16.68M (Peak 19.24M) | Time:00:00.00 | Mem:0.01M, Peak:0.01M | Scene, ViewLayer | Updating Meshes Flags
Fra:1 Mem:16.68M (Peak 19.24M) | Time:00:00.00 | Mem:0.01M, Peak:0.01M | Scene, ViewLayer | Updating Objects
Fra:1 Mem:16.68M (Peak 19.24M) | Time:00:00.00 | Mem:0.01M, Peak:0.01M | Scene, ViewLayer | Updating Objects | Copying Transformations to device
Fra:1 Mem:16.69M (Peak 19.24M) | Time:00:00.00 | Mem:0.02M, Peak:0.02M | Scene, ViewLayer | Updating Objects | Applying Static Transformations
Fra:1 Mem:16.69M (Peak 19.24M) | Time:00:00.00 | Mem:0.02M, Peak:0.02M | Scene, ViewLayer | Updating Particle Systems
Fra:1 Mem:16.69M (Peak 19.24M) | Time:00:00.00 | Mem:0.02M, Peak:0.02M | Scene, ViewLayer | Updating Particle Systems | Copying Particles to device
Fra:1 Mem:16.69M (Peak 19.24M) | Time:00:00.00 | Mem:0.02M, Peak:0.02M | Scene, ViewLayer | Updating Meshes
Fra:1 Mem:16.74M (Peak 19.24M) | Time:00:00.00 | Mem:0.02M, Peak:0.02M | Scene, ViewLayer | Updating Mesh | Computing attributes
Fra:1 Mem:16.89M (Peak 19.24M) | Time:00:00.00 | Mem:0.02M, Peak:0.02M | Scene, ViewLayer | Updating Mesh | Copying Attributes to device
Fra:1 Mem:16.88M (Peak 19.24M) | Time:00:00.00 | Mem:0.16M, Peak:0.16M | Scene, ViewLayer | Updating Scene BVH | Building
Fra:1 Mem:16.88M (Peak 19.24M) | Time:00:00.00 | Mem:0.16M, Peak:0.16M | Scene, ViewLayer | Updating Scene BVH | Building BVH
Fra:1 Mem:16.88M (Peak 19.24M) | Time:00:00.00 | Mem:0.26M, Peak:0.26M | Scene, ViewLayer | Updating Scene BVH | Building BVH 0%
Fra:1 Mem:16.88M (Peak 19.24M) | Time:00:00.00 | Mem:0.39M, Peak:0.49M | Scene, ViewLayer | Updating Scene BVH | Copying BVH to device
Fra:1 Mem:16.88M (Peak 19.24M) | Time:00:00.00 | Mem:0.39M, Peak:0.49M | Scene, ViewLayer | Updating Mesh | Computing normals
Fra:1 Mem:17.26M (Peak 19.24M) | Time:00:00.00 | Mem:0.39M, Peak:0.49M | Scene, ViewLayer | Updating Mesh | Copying Mesh to device
Fra:1 Mem:17.26M (Peak 19.24M) | Time:00:00.00 | Mem:0.77M, Peak:0.77M | Scene, ViewLayer | Updating Objects Flags
Fra:1 Mem:17.26M (Peak 19.24M) | Time:00:00.00 | Mem:0.77M, Peak:0.77M | Scene, ViewLayer | Updating Primitive Offsets
Fra:1 Mem:17.26M (Peak 19.24M) | Time:00:00.00 | Mem:0.77M, Peak:0.77M | Scene, ViewLayer | Updating Images
Fra:1 Mem:17.26M (Peak 19.24M) | Time:00:00.00 | Mem:0.77M, Peak:0.77M | Scene, ViewLayer | Updating Camera Volume
Fra:1 Mem:17.26M (Peak 19.24M) | Time:00:00.00 | Mem:0.77M, Peak:0.77M | Scene, ViewLayer | Updating Lookup Tables
Fra:1 Mem:17.26M (Peak 19.24M) | Time:00:00.00 | Mem:0.85M, Peak:0.85M | Scene, ViewLayer | Updating Lights
Fra:1 Mem:17.26M (Peak 19.24M) | Time:00:00.00 | Mem:0.85M, Peak:0.85M | Scene, ViewLayer | Updating Lights | Computing tree
Fra:1 Mem:17.27M (Peak 19.24M) | Time:00:00.00 | Mem:0.86M, Peak:0.86M | Scene, ViewLayer | Updating Integrator
Fra:1 Mem:17.27M (Peak 19.24M) | Time:00:00.00 | Mem:0.86M, Peak:0.86M | Scene, ViewLayer | Updating Film
Fra:1 Mem:17.27M (Peak 19.24M) | Time:00:00.00 | Mem:0.77M, Peak:0.86M | Scene, ViewLayer | Updating Lookup Tables
Fra:1 Mem:17.27M (Peak 19.24M) | Time:00:00.00 | Mem:0.86M, Peak:0.86M | Scene, ViewLayer | Updating Baking
Fra:1 Mem:17.27M (Peak 19.24M) | Time:00:00.00 | Mem:0.86M, Peak:0.86M | Scene, ViewLayer | Updating Device | Writing constant memory
Fra:1 Mem:17.27M (Peak 19.24M) | Time:00:00.00 | Mem:0.86M, Peak:0.86M | Scene, ViewLayer | Sample 0/8
Fra:1 Mem:26.07M (Peak 26.07M) | Time:00:00.67 | Remaining:00:04.66 | Mem:9.65M, Peak:9.65M | Scene, ViewLayer | Sample 1/8
Fra:1 Mem:29.98M (Peak 37.79M) | Time:00:05.10 | Mem:9.65M, Peak:9.65M | Scene, ViewLayer | Sample 8/8
Fra:1 Mem:29.98M (Peak 37.79M) | Time:00:05.10 | Mem:9.65M, Peak:9.65M | Scene, ViewLayer | Finished
Saved: '/workspace/scratch/7c20b5ba4165/atlas-backlog-oct3/tools/assets/boardable-metro/qa/previews/tail-entry-right-front.png'
Time: 00:05.15 (Saving: 00:00.04)

Fra:1 Mem:18.65M (Peak 18.65M) | Time:00:00.00 | Mem:0.00M, Peak:0.00M | Scene, ViewLayer | Synchronizing object | body-shell
Fra:1 Mem:19.12M (Peak 19.12M) | Time:00:00.00 | Mem:0.00M, Peak:0.00M | Scene, ViewLayer | Synchronizing object | QA-ground
Fra:1 Mem:19.15M (Peak 19.15M) | Time:00:00.00 | Mem:0.00M, Peak:0.00M | Scene, ViewLayer | Synchronizing object | interior-batch-metro-seat
Fra:1 Mem:19.07M (Peak 19.15M) | Time:00:00.00 | Mem:0.00M, Peak:0.00M | Scene, ViewLayer | Synchronizing object | interior-batch-metro-priority-seat
Fra:1 Mem:19.08M (Peak 19.15M) | Time:00:00.00 | Mem:0.00M, Peak:0.00M | Scene, ViewLayer | Synchronizing object | interior-batch-metro-screen
Fra:1 Mem:19.02M (Peak 19.15M) | Time:00:00.00 | Mem:0.00M, Peak:0.00M | Scene, ViewLayer | Synchronizing object | interior-batch-metro-rail
Fra:1 Mem:19.08M (Peak 19.15M) | Time:00:00.00 | Mem:0.00M, Peak:0.00M | Scene, ViewLayer | Synchronizing object | bogie-front-frame
Fra:1 Mem:18.96M (Peak 19.15M) | Time:00:00.00 | Mem:0.00M, Peak:0.00M | Scene, ViewLayer | Synchronizing object | bogie-rear-frame
Fra:1 Mem:18.98M (Peak 19.15M) | Time:00:00.00 | Mem:0.00M, Peak:0.00M | Scene, ViewLayer | Synchronizing object | door-left-center-a
Fra:1 Mem:19.07M (Peak 19.15M) | Time:00:00.00 | Mem:0.00M, Peak:0.00M | Scene, ViewLayer | Synchronizing object | door-left-center-b
Fra:1 Mem:19.05M (Peak 19.15M) | Time:00:00.00 | Mem:0.00M, Peak:0.00M | Scene, ViewLayer | Synchronizing object | door-left-front-a
Fra:1 Mem:18.99M (Peak 19.15M) | Time:00:00.00 | Mem:0.00M, Peak:0.00M | Scene, ViewLayer | Synchronizing object | interior-batch-metro-floor
Fra:1 Mem:18.99M (Peak 19.15M) | Time:00:00.00 | Mem:0.00M, Peak:0.00M | Scene, ViewLayer | Synchronizing object | door-left-front-b
Fra:1 Mem:18.99M (Peak 19.15M) | Time:00:00.00 | Mem:0.00M, Peak:0.00M | Scene, ViewLayer | Synchronizing object | interior-batch-metro-wall
Fra:1 Mem:19.10M (Peak 19.15M) | Time:00:00.00 | Mem:0.00M, Peak:0.00M | Scene, ViewLayer | Synchronizing object | door-left-rear-a
Fra:1 Mem:19.08M (Peak 19.15M) | Time:00:00.00 | Mem:0.00M, Peak:0.00M | Scene, ViewLayer | Synchronizing object | door-left-rear-b
Fra:1 Mem:19.05M (Peak 19.15M) | Time:00:00.00 | Mem:0.00M, Peak:0.00M | Scene, ViewLayer | Synchronizing object | wheel-rear-rear-right
Fra:1 Mem:19.07M (Peak 19.15M) | Time:00:00.00 | Mem:0.00M, Peak:0.00M | Scene, ViewLayer | Synchronizing object | door-right-center-a
Fra:1 Mem:19.07M (Peak 19.15M) | Time:00:00.00 | Mem:0.00M, Peak:0.00M | Scene, ViewLayer | Synchronizing object | wheel-rear-rear-left
Fra:1 Mem:19.07M (Peak 19.15M) | Time:00:00.00 | Mem:0.00M, Peak:0.00M | Scene, ViewLayer | Synchronizing object | door-right-center-b
Fra:1 Mem:19.08M (Peak 19.15M) | Time:00:00.00 | Mem:0.00M, Peak:0.00M | Scene, ViewLayer | Synchronizing object | door-right-front-a
Fra:1 Mem:19.08M (Peak 19.15M) | Time:00:00.00 | Mem:0.00M, Peak:0.00M | Scene, ViewLayer | Synchronizing object | wheel-rear-front-right
Fra:1 Mem:19.12M (Peak 19.15M) | Time:00:00.00 | Mem:0.00M, Peak:0.00M | Scene, ViewLayer | Synchronizing object | door-right-front-b
Fra:1 Mem:19.13M (Peak 19.15M) | Time:00:00.00 | Mem:0.00M, Peak:0.00M | Scene, ViewLayer | Synchronizing object | wheel-rear-front-left
Fra:1 Mem:19.12M (Peak 19.15M) | Time:00:00.00 | Mem:0.00M, Peak:0.00M | Scene, ViewLayer | Synchronizing object | door-right-rear-a
Fra:1 Mem:19.13M (Peak 19.15M) | Time:00:00.00 | Mem:0.00M, Peak:0.00M | Scene, ViewLayer | Synchronizing object | wheel-front-rear-right
Fra:1 Mem:19.16M (Peak 19.16M) | Time:00:00.00 | Mem:0.00M, Peak:0.00M | Scene, ViewLayer | Synchronizing object | door-right-rear-b
Fra:1 Mem:19.16M (Peak 19.16M) | Time:00:00.00 | Mem:0.00M, Peak:0.00M | Scene, ViewLayer | Synchronizing object | wheel-front-rear-left
Fra:1 Mem:19.15M (Peak 19.16M) | Time:00:00.00 | Mem:0.00M, Peak:0.00M | Scene, ViewLayer | Synchronizing object | glass
Fra:1 Mem:19.19M (Peak 19.19M) | Time:00:00.00 | Mem:0.00M, Peak:0.00M | Scene, ViewLayer | Synchronizing object | wheel-front-front-right
Fra:1 Mem:19.19M (Peak 19.19M) | Time:00:00.00 | Mem:0.00M, Peak:0.00M | Scene, ViewLayer | Synchronizing object | lights
Fra:1 Mem:19.20M (Peak 19.20M) | Time:00:00.00 | Mem:0.00M, Peak:0.00M | Scene, ViewLayer | Synchronizing object | wheel-front-front-left
Fra:1 Mem:19.20M (Peak 19.20M) | Time:00:00.00 | Mem:0.00M, Peak:0.00M | Scene, ViewLayer | Initializing
Fra:1 Mem:16.59M (Peak 19.20M) | Time:00:00.00 | Mem:0.00M, Peak:0.00M | Scene, ViewLayer | Waiting for render to start
Fra:1 Mem:16.59M (Peak 19.20M) | Time:00:00.00 | Mem:0.00M, Peak:0.00M | Scene, ViewLayer | Loading render kernels (may take a few minutes the first time)
Fra:1 Mem:16.59M (Peak 19.20M) | Time:00:00.00 | Mem:0.00M, Peak:0.00M | Scene, ViewLayer | Updating Scene
Fra:1 Mem:16.59M (Peak 19.20M) | Time:00:00.00 | Mem:0.00M, Peak:0.00M | Scene, ViewLayer | Updating Shaders
Fra:1 Mem:16.69M (Peak 19.20M) | Time:00:00.00 | Mem:0.01M, Peak:0.01M | Scene, ViewLayer | Updating Procedurals
Fra:1 Mem:16.69M (Peak 19.20M) | Time:00:00.00 | Mem:0.01M, Peak:0.01M | Scene, ViewLayer | Updating Background
Fra:1 Mem:16.69M (Peak 19.20M) | Time:00:00.00 | Mem:0.01M, Peak:0.01M | Scene, ViewLayer | Updating Camera
Fra:1 Mem:16.69M (Peak 19.20M) | Time:00:00.00 | Mem:0.01M, Peak:0.01M | Scene, ViewLayer | Updating Meshes Flags
Fra:1 Mem:16.69M (Peak 19.20M) | Time:00:00.00 | Mem:0.01M, Peak:0.01M | Scene, ViewLayer | Updating Objects
Fra:1 Mem:16.69M (Peak 19.20M) | Time:00:00.00 | Mem:0.01M, Peak:0.01M | Scene, ViewLayer | Updating Objects | Copying Transformations to device
Fra:1 Mem:16.69M (Peak 19.20M) | Time:00:00.00 | Mem:0.02M, Peak:0.02M | Scene, ViewLayer | Updating Objects | Applying Static Transformations
Fra:1 Mem:16.69M (Peak 19.20M) | Time:00:00.00 | Mem:0.02M, Peak:0.02M | Scene, ViewLayer | Updating Particle Systems
Fra:1 Mem:16.69M (Peak 19.20M) | Time:00:00.00 | Mem:0.02M, Peak:0.02M | Scene, ViewLayer | Updating Particle Systems | Copying Particles to device
Fra:1 Mem:16.69M (Peak 19.20M) | Time:00:00.00 | Mem:0.02M, Peak:0.02M | Scene, ViewLayer | Updating Meshes
Fra:1 Mem:16.75M (Peak 19.20M) | Time:00:00.00 | Mem:0.02M, Peak:0.02M | Scene, ViewLayer | Updating Mesh | Computing attributes
Fra:1 Mem:16.89M (Peak 19.20M) | Time:00:00.00 | Mem:0.02M, Peak:0.02M | Scene, ViewLayer | Updating Mesh | Copying Attributes to device
Fra:1 Mem:16.88M (Peak 19.20M) | Time:00:00.00 | Mem:0.16M, Peak:0.16M | Scene, ViewLayer | Updating Scene BVH | Building
Fra:1 Mem:16.89M (Peak 19.20M) | Time:00:00.00 | Mem:0.16M, Peak:0.16M | Scene, ViewLayer | Updating Scene BVH | Building BVH
Fra:1 Mem:16.89M (Peak 19.20M) | Time:00:00.00 | Mem:0.26M, Peak:0.26M | Scene, ViewLayer | Updating Scene BVH | Building BVH 0%
Fra:1 Mem:16.89M (Peak 19.20M) | Time:00:00.00 | Mem:0.39M, Peak:0.49M | Scene, ViewLayer | Updating Scene BVH | Copying BVH to device
Fra:1 Mem:16.89M (Peak 19.20M) | Time:00:00.00 | Mem:0.39M, Peak:0.49M | Scene, ViewLayer | Updating Mesh | Computing normals
Fra:1 Mem:17.26M (Peak 19.20M) | Time:00:00.00 | Mem:0.39M, Peak:0.49M | Scene, ViewLayer | Updating Mesh | Copying Mesh to device
Fra:1 Mem:17.26M (Peak 19.20M) | Time:00:00.00 | Mem:0.77M, Peak:0.77M | Scene, ViewLayer | Updating Objects Flags
Fra:1 Mem:17.26M (Peak 19.20M) | Time:00:00.00 | Mem:0.77M, Peak:0.77M | Scene, ViewLayer | Updating Primitive Offsets
Fra:1 Mem:17.26M (Peak 19.20M) | Time:00:00.00 | Mem:0.77M, Peak:0.77M | Scene, ViewLayer | Updating Images
Fra:1 Mem:17.26M (Peak 19.20M) | Time:00:00.00 | Mem:0.77M, Peak:0.77M | Scene, ViewLayer | Updating Camera Volume
Fra:1 Mem:17.26M (Peak 19.20M) | Time:00:00.00 | Mem:0.77M, Peak:0.77M | Scene, ViewLayer | Updating Lookup Tables
Fra:1 Mem:17.26M (Peak 19.20M) | Time:00:00.00 | Mem:0.85M, Peak:0.85M | Scene, ViewLayer | Updating Lights
Fra:1 Mem:17.26M (Peak 19.20M) | Time:00:00.00 | Mem:0.85M, Peak:0.85M | Scene, ViewLayer | Updating Lights | Computing tree
Fra:1 Mem:17.27M (Peak 19.20M) | Time:00:00.00 | Mem:0.86M, Peak:0.86M | Scene, ViewLayer | Updating Integrator
Fra:1 Mem:17.27M (Peak 19.20M) | Time:00:00.00 | Mem:0.86M, Peak:0.86M | Scene, ViewLayer | Updating Film
Fra:1 Mem:17.27M (Peak 19.20M) | Time:00:00.00 | Mem:0.77M, Peak:0.86M | Scene, ViewLayer | Updating Lookup Tables
Fra:1 Mem:17.27M (Peak 19.20M) | Time:00:00.00 | Mem:0.86M, Peak:0.86M | Scene, ViewLayer | Updating Baking
Fra:1 Mem:17.27M (Peak 19.20M) | Time:00:00.00 | Mem:0.86M, Peak:0.86M | Scene, ViewLayer | Updating Device | Writing constant memory
Fra:1 Mem:17.27M (Peak 19.20M) | Time:00:00.00 | Mem:0.86M, Peak:0.86M | Scene, ViewLayer | Sample 0/8
Fra:1 Mem:26.07M (Peak 26.07M) | Time:00:00.66 | Remaining:00:04.57 | Mem:9.65M, Peak:9.65M | Scene, ViewLayer | Sample 1/8
Fra:1 Mem:29.98M (Peak 37.79M) | Time:00:05.11 | Mem:9.65M, Peak:9.65M | Scene, ViewLayer | Sample 8/8
Fra:1 Mem:29.98M (Peak 37.79M) | Time:00:05.11 | Mem:9.65M, Peak:9.65M | Scene, ViewLayer | Finished
Saved: '/workspace/scratch/7c20b5ba4165/atlas-backlog-oct3/tools/assets/boardable-metro/qa/previews/tail-entry-left-rear.png'
Time: 00:05.15 (Saving: 00:00.04)

Fra:1 Mem:18.65M (Peak 18.65M) | Time:00:00.00 | Mem:0.00M, Peak:0.00M | Scene, ViewLayer | Synchronizing object | body-shell
Fra:1 Mem:19.12M (Peak 19.12M) | Time:00:00.00 | Mem:0.00M, Peak:0.00M | Scene, ViewLayer | Synchronizing object | QA-ground
Fra:1 Mem:18.81M (Peak 19.12M) | Time:00:00.00 | Mem:0.00M, Peak:0.00M | Scene, ViewLayer | Synchronizing object | interior-batch-metro-seat
Fra:1 Mem:19.07M (Peak 19.12M) | Time:00:00.00 | Mem:0.00M, Peak:0.00M | Scene, ViewLayer | Synchronizing object | interior-batch-metro-priority-seat
Fra:1 Mem:19.08M (Peak 19.12M) | Time:00:00.00 | Mem:0.00M, Peak:0.00M | Scene, ViewLayer | Synchronizing object | interior-batch-metro-screen
Fra:1 Mem:19.06M (Peak 19.12M) | Time:00:00.00 | Mem:0.00M, Peak:0.00M | Scene, ViewLayer | Synchronizing object | interior-batch-metro-rail
Fra:1 Mem:19.05M (Peak 19.12M) | Time:00:00.00 | Mem:0.00M, Peak:0.00M | Scene, ViewLayer | Synchronizing object | bogie-front-frame
Fra:1 Mem:19.09M (Peak 19.12M) | Time:00:00.00 | Mem:0.00M, Peak:0.00M | Scene, ViewLayer | Synchronizing object | bogie-rear-frame
Fra:1 Mem:18.98M (Peak 19.12M) | Time:00:00.00 | Mem:0.00M, Peak:0.00M | Scene, ViewLayer | Synchronizing object | door-left-center-a
Fra:1 Mem:19.07M (Peak 19.12M) | Time:00:00.00 | Mem:0.00M, Peak:0.00M | Scene, ViewLayer | Synchronizing object | door-left-center-b
Fra:1 Mem:19.05M (Peak 19.12M) | Time:00:00.00 | Mem:0.00M, Peak:0.00M | Scene, ViewLayer | Synchronizing object | door-left-front-a
Fra:1 Mem:19.00M (Peak 19.12M) | Time:00:00.00 | Mem:0.00M, Peak:0.00M | Scene, ViewLayer | Synchronizing object | interior-batch-metro-floor
Fra:1 Mem:18.99M (Peak 19.12M) | Time:00:00.00 | Mem:0.00M, Peak:0.00M | Scene, ViewLayer | Synchronizing object | door-left-front-b
Fra:1 Mem:19.01M (Peak 19.12M) | Time:00:00.00 | Mem:0.00M, Peak:0.00M | Scene, ViewLayer | Synchronizing object | interior-batch-metro-wall
Fra:1 Mem:19.09M (Peak 19.12M) | Time:00:00.00 | Mem:0.00M, Peak:0.00M | Scene, ViewLayer | Synchronizing object | door-left-rear-a
Fra:1 Mem:19.08M (Peak 19.12M) | Time:00:00.00 | Mem:0.00M, Peak:0.00M | Scene, ViewLayer | Synchronizing object | door-left-rear-b
Fra:1 Mem:19.05M (Peak 19.12M) | Time:00:00.00 | Mem:0.00M, Peak:0.00M | Scene, ViewLayer | Synchronizing object | wheel-rear-rear-right
Fra:1 Mem:19.05M (Peak 19.12M) | Time:00:00.00 | Mem:0.00M, Peak:0.00M | Scene, ViewLayer | Synchronizing object | door-right-center-a
Fra:1 Mem:19.06M (Peak 19.12M) | Time:00:00.00 | Mem:0.00M, Peak:0.00M | Scene, ViewLayer | Synchronizing object | door-right-center-b
Fra:1 Mem:19.09M (Peak 19.12M) | Time:00:00.00 | Mem:0.00M, Peak:0.00M | Scene, ViewLayer | Synchronizing object | wheel-rear-rear-left
Fra:1 Mem:19.09M (Peak 19.12M) | Time:00:00.00 | Mem:0.00M, Peak:0.00M | Scene, ViewLayer | Synchronizing object | door-right-front-a
Fra:1 Mem:19.09M (Peak 19.12M) | Time:00:00.00 | Mem:0.00M, Peak:0.00M | Scene, ViewLayer | Synchronizing object | wheel-rear-front-right
Fra:1 Mem:19.10M (Peak 19.12M) | Time:00:00.00 | Mem:0.00M, Peak:0.00M | Scene, ViewLayer | Synchronizing object | door-right-front-b
Fra:1 Mem:19.12M (Peak 19.12M) | Time:00:00.00 | Mem:0.00M, Peak:0.00M | Scene, ViewLayer | Synchronizing object | wheel-rear-front-left
Fra:1 Mem:19.14M (Peak 19.14M) | Time:00:00.00 | Mem:0.00M, Peak:0.00M | Scene, ViewLayer | Synchronizing object | door-right-rear-a
Fra:1 Mem:19.14M (Peak 19.14M) | Time:00:00.00 | Mem:0.00M, Peak:0.00M | Scene, ViewLayer | Synchronizing object | wheel-front-rear-right
Fra:1 Mem:19.16M (Peak 19.16M) | Time:00:00.00 | Mem:0.00M, Peak:0.00M | Scene, ViewLayer | Synchronizing object | door-right-rear-b
Fra:1 Mem:19.16M (Peak 19.16M) | Time:00:00.00 | Mem:0.00M, Peak:0.00M | Scene, ViewLayer | Synchronizing object | wheel-front-rear-left
Fra:1 Mem:19.17M (Peak 19.17M) | Time:00:00.00 | Mem:0.00M, Peak:0.00M | Scene, ViewLayer | Synchronizing object | glass
Fra:1 Mem:19.20M (Peak 19.20M) | Time:00:00.00 | Mem:0.00M, Peak:0.00M | Scene, ViewLayer | Synchronizing object | wheel-front-front-right
Fra:1 Mem:19.20M (Peak 19.20M) | Time:00:00.00 | Mem:0.00M, Peak:0.00M | Scene, ViewLayer | Synchronizing object | lights
Fra:1 Mem:19.20M (Peak 19.20M) | Time:00:00.00 | Mem:0.00M, Peak:0.00M | Scene, ViewLayer | Synchronizing object | wheel-front-front-left
Fra:1 Mem:19.20M (Peak 19.20M) | Time:00:00.00 | Mem:0.00M, Peak:0.00M | Scene, ViewLayer | Initializing
Fra:1 Mem:16.59M (Peak 19.20M) | Time:00:00.00 | Mem:0.00M, Peak:0.00M | Scene, ViewLayer | Waiting for render to start
Fra:1 Mem:16.60M (Peak 19.20M) | Time:00:00.00 | Mem:0.00M, Peak:0.00M | Scene, ViewLayer | Loading render kernels (may take a few minutes the first time)
Fra:1 Mem:16.60M (Peak 19.20M) | Time:00:00.00 | Mem:0.00M, Peak:0.00M | Scene, ViewLayer | Updating Scene
Fra:1 Mem:16.60M (Peak 19.20M) | Time:00:00.00 | Mem:0.00M, Peak:0.00M | Scene, ViewLayer | Updating Shaders
Fra:1 Mem:16.69M (Peak 19.20M) | Time:00:00.00 | Mem:0.01M, Peak:0.01M | Scene, ViewLayer | Updating Procedurals
Fra:1 Mem:16.69M (Peak 19.20M) | Time:00:00.00 | Mem:0.01M, Peak:0.01M | Scene, ViewLayer | Updating Background
Fra:1 Mem:16.69M (Peak 19.20M) | Time:00:00.00 | Mem:0.01M, Peak:0.01M | Scene, ViewLayer | Updating Camera
Fra:1 Mem:16.69M (Peak 19.20M) | Time:00:00.00 | Mem:0.01M, Peak:0.01M | Scene, ViewLayer | Updating Meshes Flags
Fra:1 Mem:16.69M (Peak 19.20M) | Time:00:00.00 | Mem:0.01M, Peak:0.01M | Scene, ViewLayer | Updating Objects
Fra:1 Mem:16.69M (Peak 19.20M) | Time:00:00.00 | Mem:0.01M, Peak:0.01M | Scene, ViewLayer | Updating Objects | Copying Transformations to device
Fra:1 Mem:16.69M (Peak 19.20M) | Time:00:00.00 | Mem:0.02M, Peak:0.02M | Scene, ViewLayer | Updating Objects | Applying Static Transformations
Fra:1 Mem:16.69M (Peak 19.20M) | Time:00:00.00 | Mem:0.02M, Peak:0.02M | Scene, ViewLayer | Updating Particle Systems
Fra:1 Mem:16.69M (Peak 19.20M) | Time:00:00.00 | Mem:0.02M, Peak:0.02M | Scene, ViewLayer | Updating Particle Systems | Copying Particles to device
Fra:1 Mem:16.69M (Peak 19.20M) | Time:00:00.00 | Mem:0.02M, Peak:0.02M | Scene, ViewLayer | Updating Meshes
Fra:1 Mem:16.75M (Peak 19.20M) | Time:00:00.00 | Mem:0.02M, Peak:0.02M | Scene, ViewLayer | Updating Mesh | Computing attributes
Fra:1 Mem:16.89M (Peak 19.20M) | Time:00:00.00 | Mem:0.02M, Peak:0.02M | Scene, ViewLayer | Updating Mesh | Copying Attributes to device
Fra:1 Mem:16.89M (Peak 19.20M) | Time:00:00.00 | Mem:0.16M, Peak:0.16M | Scene, ViewLayer | Updating Scene BVH | Building
Fra:1 Mem:16.89M (Peak 19.20M) | Time:00:00.00 | Mem:0.16M, Peak:0.16M | Scene, ViewLayer | Updating Scene BVH | Building BVH
Fra:1 Mem:16.89M (Peak 19.20M) | Time:00:00.00 | Mem:0.26M, Peak:0.26M | Scene, ViewLayer | Updating Scene BVH | Building BVH 0%
Fra:1 Mem:16.89M (Peak 19.20M) | Time:00:00.00 | Mem:0.39M, Peak:0.49M | Scene, ViewLayer | Updating Scene BVH | Copying BVH to device
Fra:1 Mem:16.89M (Peak 19.20M) | Time:00:00.00 | Mem:0.39M, Peak:0.49M | Scene, ViewLayer | Updating Mesh | Computing normals
Fra:1 Mem:17.27M (Peak 19.20M) | Time:00:00.00 | Mem:0.39M, Peak:0.49M | Scene, ViewLayer | Updating Mesh | Copying Mesh to device
Fra:1 Mem:17.27M (Peak 19.20M) | Time:00:00.00 | Mem:0.77M, Peak:0.77M | Scene, ViewLayer | Updating Objects Flags
Fra:1 Mem:17.27M (Peak 19.20M) | Time:00:00.00 | Mem:0.77M, Peak:0.77M | Scene, ViewLayer | Updating Primitive Offsets
Fra:1 Mem:17.27M (Peak 19.20M) | Time:00:00.00 | Mem:0.77M, Peak:0.77M | Scene, ViewLayer | Updating Images
Fra:1 Mem:17.27M (Peak 19.20M) | Time:00:00.00 | Mem:0.77M, Peak:0.77M | Scene, ViewLayer | Updating Camera Volume
Fra:1 Mem:17.27M (Peak 19.20M) | Time:00:00.00 | Mem:0.77M, Peak:0.77M | Scene, ViewLayer | Updating Lookup Tables
Fra:1 Mem:17.27M (Peak 19.20M) | Time:00:00.00 | Mem:0.85M, Peak:0.85M | Scene, ViewLayer | Updating Lights
Fra:1 Mem:17.27M (Peak 19.20M) | Time:00:00.00 | Mem:0.85M, Peak:0.85M | Scene, ViewLayer | Updating Lights | Computing tree
Fra:1 Mem:17.27M (Peak 19.20M) | Time:00:00.00 | Mem:0.86M, Peak:0.86M | Scene, ViewLayer | Updating Integrator
Fra:1 Mem:17.27M (Peak 19.20M) | Time:00:00.00 | Mem:0.86M, Peak:0.86M | Scene, ViewLayer | Updating Film
Fra:1 Mem:17.27M (Peak 19.20M) | Time:00:00.00 | Mem:0.77M, Peak:0.86M | Scene, ViewLayer | Updating Lookup Tables
Fra:1 Mem:17.27M (Peak 19.20M) | Time:00:00.00 | Mem:0.86M, Peak:0.86M | Scene, ViewLayer | Updating Baking
Fra:1 Mem:17.27M (Peak 19.20M) | Time:00:00.00 | Mem:0.86M, Peak:0.86M | Scene, ViewLayer | Updating Device | Writing constant memory
Fra:1 Mem:17.28M (Peak 19.20M) | Time:00:00.00 | Mem:0.86M, Peak:0.86M | Scene, ViewLayer | Sample 0/8
Fra:1 Mem:26.07M (Peak 26.07M) | Time:00:00.66 | Remaining:00:04.58 | Mem:9.65M, Peak:9.65M | Scene, ViewLayer | Sample 1/8
Fra:1 Mem:29.98M (Peak 37.79M) | Time:00:05.17 | Mem:9.65M, Peak:9.65M | Scene, ViewLayer | Sample 8/8
Fra:1 Mem:29.98M (Peak 37.79M) | Time:00:05.17 | Mem:9.65M, Peak:9.65M | Scene, ViewLayer | Finished
Saved: '/workspace/scratch/7c20b5ba4165/atlas-backlog-oct3/tools/assets/boardable-metro/qa/previews/tail-entry-left-center.png'
Time: 00:05.21 (Saving: 00:00.04)

Fra:1 Mem:18.65M (Peak 18.65M) | Time:00:00.00 | Mem:0.00M, Peak:0.00M | Scene, ViewLayer | Synchronizing object | body-shell
Fra:1 Mem:18.81M (Peak 18.81M) | Time:00:00.00 | Mem:0.00M, Peak:0.00M | Scene, ViewLayer | Synchronizing object | QA-ground
Fra:1 Mem:18.86M (Peak 18.86M) | Time:00:00.00 | Mem:0.00M, Peak:0.00M | Scene, ViewLayer | Synchronizing object | interior-batch-metro-seat
Fra:1 Mem:19.07M (Peak 19.07M) | Time:00:00.00 | Mem:0.00M, Peak:0.00M | Scene, ViewLayer | Synchronizing object | interior-batch-metro-priority-seat
Fra:1 Mem:19.06M (Peak 19.07M) | Time:00:00.00 | Mem:0.00M, Peak:0.00M | Scene, ViewLayer | Synchronizing object | interior-batch-metro-screen
Fra:1 Mem:18.92M (Peak 19.07M) | Time:00:00.00 | Mem:0.00M, Peak:0.00M | Scene, ViewLayer | Synchronizing object | interior-batch-metro-rail
Fra:1 Mem:18.88M (Peak 19.07M) | Time:00:00.00 | Mem:0.00M, Peak:0.00M | Scene, ViewLayer | Synchronizing object | bogie-front-frame
Fra:1 Mem:19.05M (Peak 19.07M) | Time:00:00.00 | Mem:0.00M, Peak:0.00M | Scene, ViewLayer | Synchronizing object | bogie-rear-frame
Fra:1 Mem:19.08M (Peak 19.08M) | Time:00:00.00 | Mem:0.00M, Peak:0.00M | Scene, ViewLayer | Synchronizing object | door-left-center-a
Fra:1 Mem:18.99M (Peak 19.08M) | Time:00:00.00 | Mem:0.00M, Peak:0.00M | Scene, ViewLayer | Synchronizing object | door-left-center-b
Fra:1 Mem:19.08M (Peak 19.08M) | Time:00:00.00 | Mem:0.00M, Peak:0.00M | Scene, ViewLayer | Synchronizing object | door-left-front-a
Fra:1 Mem:19.06M (Peak 19.08M) | Time:00:00.00 | Mem:0.00M, Peak:0.00M | Scene, ViewLayer | Synchronizing object | door-left-front-b
Fra:1 Mem:19.01M (Peak 19.08M) | Time:00:00.00 | Mem:0.00M, Peak:0.00M | Scene, ViewLayer | Synchronizing object | interior-batch-metro-floor
Fra:1 Mem:19.00M (Peak 19.08M) | Time:00:00.00 | Mem:0.00M, Peak:0.00M | Scene, ViewLayer | Synchronizing object | door-left-rear-a
Fra:1 Mem:19.02M (Peak 19.08M) | Time:00:00.00 | Mem:0.00M, Peak:0.00M | Scene, ViewLayer | Synchronizing object | interior-batch-metro-wall
Fra:1 Mem:19.10M (Peak 19.10M) | Time:00:00.00 | Mem:0.00M, Peak:0.00M | Scene, ViewLayer | Synchronizing object | door-left-rear-b
Fra:1 Mem:19.10M (Peak 19.10M) | Time:00:00.00 | Mem:0.00M, Peak:0.00M | Scene, ViewLayer | Synchronizing object | door-right-center-a
Fra:1 Mem:19.06M (Peak 19.10M) | Time:00:00.00 | Mem:0.00M, Peak:0.00M | Scene, ViewLayer | Synchronizing object | wheel-rear-rear-right
Fra:1 Mem:19.06M (Peak 19.10M) | Time:00:00.00 | Mem:0.00M, Peak:0.00M | Scene, ViewLayer | Synchronizing object | door-right-center-b
Fra:1 Mem:19.08M (Peak 19.10M) | Time:00:00.00 | Mem:0.00M, Peak:0.00M | Scene, ViewLayer | Synchronizing object | wheel-rear-rear-left
Fra:1 Mem:19.08M (Peak 19.10M) | Time:00:00.00 | Mem:0.00M, Peak:0.00M | Scene, ViewLayer | Synchronizing object | door-right-front-a
Fra:1 Mem:19.09M (Peak 19.10M) | Time:00:00.00 | Mem:0.00M, Peak:0.00M | Scene, ViewLayer | Synchronizing object | wheel-rear-front-right
Fra:1 Mem:19.12M (Peak 19.12M) | Time:00:00.00 | Mem:0.00M, Peak:0.00M | Scene, ViewLayer | Synchronizing object | door-right-front-b
Fra:1 Mem:19.14M (Peak 19.14M) | Time:00:00.00 | Mem:0.00M, Peak:0.00M | Scene, ViewLayer | Synchronizing object | wheel-rear-front-left
Fra:1 Mem:19.14M (Peak 19.14M) | Time:00:00.00 | Mem:0.00M, Peak:0.00M | Scene, ViewLayer | Synchronizing object | door-right-rear-a
Fra:1 Mem:19.13M (Peak 19.14M) | Time:00:00.00 | Mem:0.00M, Peak:0.00M | Scene, ViewLayer | Synchronizing object | door-right-rear-b
Fra:1 Mem:19.13M (Peak 19.14M) | Time:00:00.00 | Mem:0.00M, Peak:0.00M | Scene, ViewLayer | Synchronizing object | wheel-front-rear-right
Fra:1 Mem:19.17M (Peak 19.17M) | Time:00:00.00 | Mem:0.00M, Peak:0.00M | Scene, ViewLayer | Synchronizing object | glass
Fra:1 Mem:19.16M (Peak 19.17M) | Time:00:00.00 | Mem:0.00M, Peak:0.00M | Scene, ViewLayer | Synchronizing object | wheel-front-rear-left
Fra:1 Mem:19.19M (Peak 19.19M) | Time:00:00.00 | Mem:0.00M, Peak:0.00M | Scene, ViewLayer | Synchronizing object | lights
Fra:1 Mem:19.20M (Peak 19.20M) | Time:00:00.00 | Mem:0.00M, Peak:0.00M | Scene, ViewLayer | Synchronizing object | wheel-front-front-right
Fra:1 Mem:19.21M (Peak 19.21M) | Time:00:00.00 | Mem:0.00M, Peak:0.00M | Scene, ViewLayer | Synchronizing object | wheel-front-front-left
Fra:1 Mem:19.21M (Peak 19.21M) | Time:00:00.00 | Mem:0.00M, Peak:0.00M | Scene, ViewLayer | Initializing
Fra:1 Mem:16.60M (Peak 19.21M) | Time:00:00.00 | Mem:0.00M, Peak:0.00M | Scene, ViewLayer | Waiting for render to start
Fra:1 Mem:16.60M (Peak 19.21M) | Time:00:00.00 | Mem:0.00M, Peak:0.00M | Scene, ViewLayer | Loading render kernels (may take a few minutes the first time)
Fra:1 Mem:16.60M (Peak 19.21M) | Time:00:00.00 | Mem:0.00M, Peak:0.00M | Scene, ViewLayer | Updating Scene
Fra:1 Mem:16.60M (Peak 19.21M) | Time:00:00.00 | Mem:0.00M, Peak:0.00M | Scene, ViewLayer | Updating Shaders
Fra:1 Mem:16.69M (Peak 19.21M) | Time:00:00.00 | Mem:0.01M, Peak:0.01M | Scene, ViewLayer | Updating Procedurals
Fra:1 Mem:16.69M (Peak 19.21M) | Time:00:00.00 | Mem:0.01M, Peak:0.01M | Scene, ViewLayer | Updating Background
Fra:1 Mem:16.69M (Peak 19.21M) | Time:00:00.00 | Mem:0.01M, Peak:0.01M | Scene, ViewLayer | Updating Camera
Fra:1 Mem:16.69M (Peak 19.21M) | Time:00:00.00 | Mem:0.01M, Peak:0.01M | Scene, ViewLayer | Updating Meshes Flags
Fra:1 Mem:16.69M (Peak 19.21M) | Time:00:00.00 | Mem:0.01M, Peak:0.01M | Scene, ViewLayer | Updating Objects
Fra:1 Mem:16.69M (Peak 19.21M) | Time:00:00.00 | Mem:0.01M, Peak:0.01M | Scene, ViewLayer | Updating Objects | Copying Transformations to device
Fra:1 Mem:16.70M (Peak 19.21M) | Time:00:00.00 | Mem:0.02M, Peak:0.02M | Scene, ViewLayer | Updating Objects | Applying Static Transformations
Fra:1 Mem:16.70M (Peak 19.21M) | Time:00:00.00 | Mem:0.02M, Peak:0.02M | Scene, ViewLayer | Updating Particle Systems
Fra:1 Mem:16.70M (Peak 19.21M) | Time:00:00.00 | Mem:0.02M, Peak:0.02M | Scene, ViewLayer | Updating Particle Systems | Copying Particles to device
Fra:1 Mem:16.70M (Peak 19.21M) | Time:00:00.00 | Mem:0.02M, Peak:0.02M | Scene, ViewLayer | Updating Meshes
Fra:1 Mem:16.75M (Peak 19.21M) | Time:00:00.00 | Mem:0.02M, Peak:0.02M | Scene, ViewLayer | Updating Mesh | Computing attributes
Fra:1 Mem:16.89M (Peak 19.21M) | Time:00:00.00 | Mem:0.02M, Peak:0.02M | Scene, ViewLayer | Updating Mesh | Copying Attributes to device
Fra:1 Mem:16.89M (Peak 19.21M) | Time:00:00.00 | Mem:0.16M, Peak:0.16M | Scene, ViewLayer | Updating Scene BVH | Building
Fra:1 Mem:16.89M (Peak 19.21M) | Time:00:00.00 | Mem:0.16M, Peak:0.16M | Scene, ViewLayer | Updating Scene BVH | Building BVH
Fra:1 Mem:16.89M (Peak 19.21M) | Time:00:00.00 | Mem:0.26M, Peak:0.26M | Scene, ViewLayer | Updating Scene BVH | Building BVH 0%
Fra:1 Mem:16.89M (Peak 19.21M) | Time:00:00.00 | Mem:0.39M, Peak:0.49M | Scene, ViewLayer | Updating Scene BVH | Copying BVH to device
Fra:1 Mem:16.89M (Peak 19.21M) | Time:00:00.00 | Mem:0.39M, Peak:0.49M | Scene, ViewLayer | Updating Mesh | Computing normals
Fra:1 Mem:17.27M (Peak 19.21M) | Time:00:00.00 | Mem:0.39M, Peak:0.49M | Scene, ViewLayer | Updating Mesh | Copying Mesh to device
Fra:1 Mem:17.27M (Peak 19.21M) | Time:00:00.00 | Mem:0.77M, Peak:0.77M | Scene, ViewLayer | Updating Objects Flags
Fra:1 Mem:17.27M (Peak 19.21M) | Time:00:00.00 | Mem:0.77M, Peak:0.77M | Scene, ViewLayer | Updating Primitive Offsets
Fra:1 Mem:17.27M (Peak 19.21M) | Time:00:00.00 | Mem:0.77M, Peak:0.77M | Scene, ViewLayer | Updating Images
Fra:1 Mem:17.27M (Peak 19.21M) | Time:00:00.00 | Mem:0.77M, Peak:0.77M | Scene, ViewLayer | Updating Camera Volume
Fra:1 Mem:17.27M (Peak 19.21M) | Time:00:00.00 | Mem:0.77M, Peak:0.77M | Scene, ViewLayer | Updating Lookup Tables
Fra:1 Mem:17.27M (Peak 19.21M) | Time:00:00.00 | Mem:0.85M, Peak:0.85M | Scene, ViewLayer | Updating Lights
Fra:1 Mem:17.27M (Peak 19.21M) | Time:00:00.00 | Mem:0.85M, Peak:0.85M | Scene, ViewLayer | Updating Lights | Computing tree
Fra:1 Mem:17.27M (Peak 19.21M) | Time:00:00.00 | Mem:0.86M, Peak:0.86M | Scene, ViewLayer | Updating Integrator
Fra:1 Mem:17.27M (Peak 19.21M) | Time:00:00.00 | Mem:0.86M, Peak:0.86M | Scene, ViewLayer | Updating Film
Fra:1 Mem:17.28M (Peak 19.21M) | Time:00:00.00 | Mem:0.77M, Peak:0.86M | Scene, ViewLayer | Updating Lookup Tables
Fra:1 Mem:17.28M (Peak 19.21M) | Time:00:00.00 | Mem:0.86M, Peak:0.86M | Scene, ViewLayer | Updating Baking
Fra:1 Mem:17.28M (Peak 19.21M) | Time:00:00.00 | Mem:0.86M, Peak:0.86M | Scene, ViewLayer | Updating Device | Writing constant memory
Fra:1 Mem:17.28M (Peak 19.21M) | Time:00:00.00 | Mem:0.86M, Peak:0.86M | Scene, ViewLayer | Sample 0/8
Fra:1 Mem:26.07M (Peak 26.07M) | Time:00:00.67 | Remaining:00:04.68 | Mem:9.65M, Peak:9.65M | Scene, ViewLayer | Sample 1/8
Fra:1 Mem:29.98M (Peak 37.79M) | Time:00:05.18 | Mem:9.65M, Peak:9.65M | Scene, ViewLayer | Sample 8/8
Fra:1 Mem:29.98M (Peak 37.79M) | Time:00:05.18 | Mem:9.65M, Peak:9.65M | Scene, ViewLayer | Finished
Saved: '/workspace/scratch/7c20b5ba4165/atlas-backlog-oct3/tools/assets/boardable-metro/qa/previews/tail-entry-left-front.png'
Time: 00:05.22 (Saving: 00:00.03)

Fra:1 Mem:18.65M (Peak 18.65M) | Time:00:00.00 | Mem:0.00M, Peak:0.00M | Scene, ViewLayer | Synchronizing object | body-shell
Fra:1 Mem:19.12M (Peak 19.12M) | Time:00:00.00 | Mem:0.00M, Peak:0.00M | Scene, ViewLayer | Synchronizing object | QA-ground
Fra:1 Mem:19.12M (Peak 19.12M) | Time:00:00.00 | Mem:0.00M, Peak:0.00M | Scene, ViewLayer | Synchronizing object | interior-batch-metro-seat
Fra:1 Mem:18.92M (Peak 19.12M) | Time:00:00.00 | Mem:0.00M, Peak:0.00M | Scene, ViewLayer | Synchronizing object | interior-batch-metro-priority-seat
Fra:1 Mem:19.08M (Peak 19.12M) | Time:00:00.00 | Mem:0.00M, Peak:0.00M | Scene, ViewLayer | Synchronizing object | interior-batch-metro-screen
Fra:1 Mem:19.09M (Peak 19.12M) | Time:00:00.00 | Mem:0.00M, Peak:0.00M | Scene, ViewLayer | Synchronizing object | interior-batch-metro-rail
Fra:1 Mem:18.99M (Peak 19.12M) | Time:00:00.00 | Mem:0.00M, Peak:0.00M | Scene, ViewLayer | Synchronizing object | bogie-front-frame
Fra:1 Mem:19.06M (Peak 19.12M) | Time:00:00.00 | Mem:0.00M, Peak:0.00M | Scene, ViewLayer | Synchronizing object | bogie-rear-frame
Fra:1 Mem:19.01M (Peak 19.12M) | Time:00:00.00 | Mem:0.00M, Peak:0.00M | Scene, ViewLayer | Synchronizing object | door-left-center-a
Fra:1 Mem:18.98M (Peak 19.12M) | Time:00:00.00 | Mem:0.00M, Peak:0.00M | Scene, ViewLayer | Synchronizing object | interior-batch-metro-floor
Fra:1 Mem:18.97M (Peak 19.12M) | Time:00:00.00 | Mem:0.00M, Peak:0.00M | Scene, ViewLayer | Synchronizing object | door-left-center-b
Fra:1 Mem:18.99M (Peak 19.12M) | Time:00:00.00 | Mem:0.00M, Peak:0.00M | Scene, ViewLayer | Synchronizing object | interior-batch-metro-wall
Fra:1 Mem:19.07M (Peak 19.12M) | Time:00:00.00 | Mem:0.00M, Peak:0.00M | Scene, ViewLayer | Synchronizing object | door-left-front-a
Fra:1 Mem:19.07M (Peak 19.12M) | Time:00:00.00 | Mem:0.00M, Peak:0.00M | Scene, ViewLayer | Synchronizing object | door-left-front-b
Fra:1 Mem:19.03M (Peak 19.12M) | Time:00:00.00 | Mem:0.00M, Peak:0.00M | Scene, ViewLayer | Synchronizing object | wheel-rear-rear-right
Fra:1 Mem:19.03M (Peak 19.12M) | Time:00:00.00 | Mem:0.00M, Peak:0.00M | Scene, ViewLayer | Synchronizing object | door-left-rear-a
Fra:1 Mem:19.05M (Peak 19.12M) | Time:00:00.00 | Mem:0.00M, Peak:0.00M | Scene, ViewLayer | Synchronizing object | door-left-rear-b
Fra:1 Mem:19.05M (Peak 19.12M) | Time:00:00.00 | Mem:0.00M, Peak:0.00M | Scene, ViewLayer | Synchronizing object | wheel-rear-rear-left
Fra:1 Mem:19.08M (Peak 19.12M) | Time:00:00.00 | Mem:0.00M, Peak:0.00M | Scene, ViewLayer | Synchronizing object | door-right-center-a
Fra:1 Mem:19.07M (Peak 19.12M) | Time:00:00.00 | Mem:0.00M, Peak:0.00M | Scene, ViewLayer | Synchronizing object | wheel-rear-front-right
Fra:1 Mem:19.09M (Peak 19.12M) | Time:00:00.00 | Mem:0.00M, Peak:0.00M | Scene, ViewLayer | Synchronizing object | door-right-center-b
Fra:1 Mem:19.08M (Peak 19.12M) | Time:00:00.00 | Mem:0.00M, Peak:0.00M | Scene, ViewLayer | Synchronizing object | wheel-rear-front-left
Fra:1 Mem:19.10M (Peak 19.12M) | Time:00:00.00 | Mem:0.00M, Peak:0.00M | Scene, ViewLayer | Synchronizing object | wheel-front-rear-right
Fra:1 Mem:19.13M (Peak 19.13M) | Time:00:00.00 | Mem:0.00M, Peak:0.00M | Scene, ViewLayer | Synchronizing object | door-right-front-a
Fra:1 Mem:19.15M (Peak 19.15M) | Time:00:00.00 | Mem:0.00M, Peak:0.00M | Scene, ViewLayer | Synchronizing object | wheel-front-rear-left
Fra:1 Mem:19.14M (Peak 19.15M) | Time:00:00.00 | Mem:0.00M, Peak:0.00M | Scene, ViewLayer | Synchronizing object | door-right-front-b
Fra:1 Mem:19.14M (Peak 19.15M) | Time:00:00.00 | Mem:0.00M, Peak:0.00M | Scene, ViewLayer | Synchronizing object | wheel-front-front-right
Fra:1 Mem:19.17M (Peak 19.17M) | Time:00:00.00 | Mem:0.00M, Peak:0.00M | Scene, ViewLayer | Synchronizing object | wheel-front-front-left
Fra:1 Mem:19.16M (Peak 19.17M) | Time:00:00.00 | Mem:0.00M, Peak:0.00M | Scene, ViewLayer | Synchronizing object | lights
Fra:1 Mem:19.17M (Peak 19.17M) | Time:00:00.00 | Mem:0.00M, Peak:0.00M | Scene, ViewLayer | Synchronizing object | glass
Fra:1 Mem:19.19M (Peak 19.19M) | Time:00:00.00 | Mem:0.00M, Peak:0.00M | Scene, ViewLayer | Synchronizing object | door-right-rear-b
Fra:1 Mem:19.20M (Peak 19.20M) | Time:00:00.00 | Mem:0.00M, Peak:0.00M | Scene, ViewLayer | Synchronizing object | door-right-rear-a
Fra:1 Mem:19.21M (Peak 19.21M) | Time:00:00.00 | Mem:0.00M, Peak:0.00M | Scene, ViewLayer | Initializing
Fra:1 Mem:16.60M (Peak 19.21M) | Time:00:00.00 | Mem:0.00M, Peak:0.00M | Scene, ViewLayer | Waiting for render to start
Fra:1 Mem:16.60M (Peak 19.21M) | Time:00:00.00 | Mem:0.00M, Peak:0.00M | Scene, ViewLayer | Loading render kernels (may take a few minutes the first time)
Fra:1 Mem:16.60M (Peak 19.21M) | Time:00:00.00 | Mem:0.00M, Peak:0.00M | Scene, ViewLayer | Updating Scene
Fra:1 Mem:16.60M (Peak 19.21M) | Time:00:00.00 | Mem:0.00M, Peak:0.00M | Scene, ViewLayer | Updating Shaders
Fra:1 Mem:16.69M (Peak 19.21M) | Time:00:00.00 | Mem:0.01M, Peak:0.01M | Scene, ViewLayer | Updating Procedurals
Fra:1 Mem:16.69M (Peak 19.21M) | Time:00:00.00 | Mem:0.01M, Peak:0.01M | Scene, ViewLayer | Updating Background
Fra:1 Mem:16.69M (Peak 19.21M) | Time:00:00.00 | Mem:0.01M, Peak:0.01M | Scene, ViewLayer | Updating Camera
Fra:1 Mem:16.69M (Peak 19.21M) | Time:00:00.00 | Mem:0.01M, Peak:0.01M | Scene, ViewLayer | Updating Meshes Flags
Fra:1 Mem:16.69M (Peak 19.21M) | Time:00:00.00 | Mem:0.01M, Peak:0.01M | Scene, ViewLayer | Updating Objects
Fra:1 Mem:16.69M (Peak 19.21M) | Time:00:00.00 | Mem:0.01M, Peak:0.01M | Scene, ViewLayer | Updating Objects | Copying Transformations to device
Fra:1 Mem:16.70M (Peak 19.21M) | Time:00:00.00 | Mem:0.02M, Peak:0.02M | Scene, ViewLayer | Updating Objects | Applying Static Transformations
Fra:1 Mem:16.70M (Peak 19.21M) | Time:00:00.00 | Mem:0.02M, Peak:0.02M | Scene, ViewLayer | Updating Particle Systems
Fra:1 Mem:16.70M (Peak 19.21M) | Time:00:00.00 | Mem:0.02M, Peak:0.02M | Scene, ViewLayer | Updating Particle Systems | Copying Particles to device
Fra:1 Mem:16.70M (Peak 19.21M) | Time:00:00.00 | Mem:0.02M, Peak:0.02M | Scene, ViewLayer | Updating Meshes
Fra:1 Mem:16.75M (Peak 19.21M) | Time:00:00.00 | Mem:0.02M, Peak:0.02M | Scene, ViewLayer | Updating Mesh | Computing attributes
Fra:1 Mem:16.89M (Peak 19.21M) | Time:00:00.00 | Mem:0.02M, Peak:0.02M | Scene, ViewLayer | Updating Mesh | Copying Attributes to device
Fra:1 Mem:16.89M (Peak 19.21M) | Time:00:00.00 | Mem:0.16M, Peak:0.16M | Scene, ViewLayer | Updating Scene BVH | Building
Fra:1 Mem:16.89M (Peak 19.21M) | Time:00:00.00 | Mem:0.16M, Peak:0.16M | Scene, ViewLayer | Updating Scene BVH | Building BVH
Fra:1 Mem:16.89M (Peak 19.21M) | Time:00:00.00 | Mem:0.26M, Peak:0.26M | Scene, ViewLayer | Updating Scene BVH | Building BVH 0%
Fra:1 Mem:16.89M (Peak 19.21M) | Time:00:00.00 | Mem:0.39M, Peak:0.49M | Scene, ViewLayer | Updating Scene BVH | Copying BVH to device
Fra:1 Mem:16.89M (Peak 19.21M) | Time:00:00.00 | Mem:0.39M, Peak:0.49M | Scene, ViewLayer | Updating Mesh | Computing normals
Fra:1 Mem:17.27M (Peak 19.21M) | Time:00:00.00 | Mem:0.39M, Peak:0.49M | Scene, ViewLayer | Updating Mesh | Copying Mesh to device
Fra:1 Mem:17.27M (Peak 19.21M) | Time:00:00.00 | Mem:0.77M, Peak:0.77M | Scene, ViewLayer | Updating Objects Flags
Fra:1 Mem:17.27M (Peak 19.21M) | Time:00:00.00 | Mem:0.77M, Peak:0.77M | Scene, ViewLayer | Updating Primitive Offsets
Fra:1 Mem:17.27M (Peak 19.21M) | Time:00:00.00 | Mem:0.77M, Peak:0.77M | Scene, ViewLayer | Updating Images
Fra:1 Mem:17.27M (Peak 19.21M) | Time:00:00.00 | Mem:0.77M, Peak:0.77M | Scene, ViewLayer | Updating Camera Volume
Fra:1 Mem:17.27M (Peak 19.21M) | Time:00:00.00 | Mem:0.77M, Peak:0.77M | Scene, ViewLayer | Updating Lookup Tables
Fra:1 Mem:17.27M (Peak 19.21M) | Time:00:00.00 | Mem:0.85M, Peak:0.85M | Scene, ViewLayer | Updating Lights
Fra:1 Mem:17.27M (Peak 19.21M) | Time:00:00.00 | Mem:0.85M, Peak:0.85M | Scene, ViewLayer | Updating Lights | Computing tree
Fra:1 Mem:17.27M (Peak 19.21M) | Time:00:00.00 | Mem:0.86M, Peak:0.86M | Scene, ViewLayer | Updating Integrator
Fra:1 Mem:17.27M (Peak 19.21M) | Time:00:00.00 | Mem:0.86M, Peak:0.86M | Scene, ViewLayer | Updating Film
Fra:1 Mem:17.28M (Peak 19.21M) | Time:00:00.00 | Mem:0.77M, Peak:0.86M | Scene, ViewLayer | Updating Lookup Tables
Fra:1 Mem:17.28M (Peak 19.21M) | Time:00:00.00 | Mem:0.86M, Peak:0.86M | Scene, ViewLayer | Updating Baking
Fra:1 Mem:17.28M (Peak 19.21M) | Time:00:00.00 | Mem:0.86M, Peak:0.86M | Scene, ViewLayer | Updating Device | Writing constant memory
Fra:1 Mem:17.28M (Peak 19.21M) | Time:00:00.00 | Mem:0.86M, Peak:0.86M | Scene, ViewLayer | Sample 0/8
Fra:1 Mem:26.07M (Peak 26.07M) | Time:00:00.60 | Remaining:00:04.17 | Mem:9.65M, Peak:9.65M | Scene, ViewLayer | Sample 1/8
Fra:1 Mem:29.98M (Peak 37.79M) | Time:00:04.57 | Mem:9.65M, Peak:9.65M | Scene, ViewLayer | Sample 8/8
Fra:1 Mem:29.98M (Peak 37.79M) | Time:00:04.57 | Mem:9.65M, Peak:9.65M | Scene, ViewLayer | Finished
Saved: '/workspace/scratch/7c20b5ba4165/atlas-backlog-oct3/tools/assets/boardable-metro/qa/previews/tail-seat-right-01-eye.png'
Time: 00:04.61 (Saving: 00:00.04)

Fra:1 Mem:18.66M (Peak 18.66M) | Time:00:00.00 | Mem:0.00M, Peak:0.00M | Scene, ViewLayer | Synchronizing object | body-shell
Fra:1 Mem:19.05M (Peak 19.05M) | Time:00:00.00 | Mem:0.00M, Peak:0.00M | Scene, ViewLayer | Synchronizing object | QA-ground
Fra:1 Mem:19.10M (Peak 19.10M) | Time:00:00.00 | Mem:0.00M, Peak:0.00M | Scene, ViewLayer | Synchronizing object | interior-batch-metro-seat
Fra:1 Mem:18.90M (Peak 19.10M) | Time:00:00.00 | Mem:0.00M, Peak:0.00M | Scene, ViewLayer | Synchronizing object | interior-batch-metro-priority-seat
Fra:1 Mem:19.08M (Peak 19.10M) | Time:00:00.00 | Mem:0.00M, Peak:0.00M | Scene, ViewLayer | Synchronizing object | interior-batch-metro-screen
Fra:1 Mem:19.09M (Peak 19.10M) | Time:00:00.00 | Mem:0.00M, Peak:0.00M | Scene, ViewLayer | Synchronizing object | interior-batch-metro-rail
Fra:1 Mem:19.06M (Peak 19.10M) | Time:00:00.00 | Mem:0.00M, Peak:0.00M | Scene, ViewLayer | Synchronizing object | bogie-front-frame
Fra:1 Mem:19.06M (Peak 19.10M) | Time:00:00.00 | Mem:0.00M, Peak:0.00M | Scene, ViewLayer | Synchronizing object | bogie-rear-frame
Fra:1 Mem:18.98M (Peak 19.10M) | Time:00:00.00 | Mem:0.00M, Peak:0.00M | Scene, ViewLayer | Synchronizing object | door-left-center-a
Fra:1 Mem:18.96M (Peak 19.10M) | Time:00:00.00 | Mem:0.00M, Peak:0.00M | Scene, ViewLayer | Synchronizing object | interior-batch-metro-floor
Fra:1 Mem:18.97M (Peak 19.10M) | Time:00:00.00 | Mem:0.00M, Peak:0.00M | Scene, ViewLayer | Synchronizing object | interior-batch-metro-wall
Fra:1 Mem:19.05M (Peak 19.10M) | Time:00:00.00 | Mem:0.00M, Peak:0.00M | Scene, ViewLayer | Synchronizing object | door-left-center-b
Fra:1 Mem:19.03M (Peak 19.10M) | Time:00:00.00 | Mem:0.00M, Peak:0.00M | Scene, ViewLayer | Synchronizing object | door-left-front-a
Fra:1 Mem:19.07M (Peak 19.10M) | Time:00:00.00 | Mem:0.00M, Peak:0.00M | Scene, ViewLayer | Synchronizing object | door-left-front-b
Fra:1 Mem:19.05M (Peak 19.10M) | Time:00:00.00 | Mem:0.00M, Peak:0.00M | Scene, ViewLayer | Synchronizing object | door-left-rear-a
Fra:1 Mem:19.05M (Peak 19.10M) | Time:00:00.00 | Mem:0.00M, Peak:0.00M | Scene, ViewLayer | Synchronizing object | wheel-rear-rear-right
Fra:1 Mem:19.05M (Peak 19.10M) | Time:00:00.00 | Mem:0.00M, Peak:0.00M | Scene, ViewLayer | Synchronizing object | door-left-rear-b
Fra:1 Mem:19.06M (Peak 19.10M) | Time:00:00.00 | Mem:0.00M, Peak:0.00M | Scene, ViewLayer | Synchronizing object | wheel-rear-rear-left
Fra:1 Mem:19.09M (Peak 19.10M) | Time:00:00.00 | Mem:0.00M, Peak:0.00M | Scene, ViewLayer | Synchronizing object | door-right-center-a
Fra:1 Mem:19.10M (Peak 19.10M) | Time:00:00.00 | Mem:0.00M, Peak:0.00M | Scene, ViewLayer | Synchronizing object | wheel-rear-front-right
Fra:1 Mem:19.09M (Peak 19.10M) | Time:00:00.00 | Mem:0.00M, Peak:0.00M | Scene, ViewLayer | Synchronizing object | door-right-center-b
Fra:1 Mem:19.12M (Peak 19.12M) | Time:00:00.00 | Mem:0.00M, Peak:0.00M | Scene, ViewLayer | Synchronizing object | wheel-rear-front-left
Fra:1 Mem:19.12M (Peak 19.12M) | Time:00:00.00 | Mem:0.00M, Peak:0.00M | Scene, ViewLayer | Synchronizing object | door-right-front-a
Fra:1 Mem:19.13M (Peak 19.13M) | Time:00:00.00 | Mem:0.00M, Peak:0.00M | Scene, ViewLayer | Synchronizing object | wheel-front-rear-right
Fra:1 Mem:19.14M (Peak 19.14M) | Time:00:00.00 | Mem:0.00M, Peak:0.00M | Scene, ViewLayer | Synchronizing object | door-right-front-b
Fra:1 Mem:19.15M (Peak 19.15M) | Time:00:00.00 | Mem:0.00M, Peak:0.00M | Scene, ViewLayer | Synchronizing object | wheel-front-rear-left
Fra:1 Mem:19.15M (Peak 19.15M) | Time:00:00.00 | Mem:0.00M, Peak:0.00M | Scene, ViewLayer | Synchronizing object | door-right-rear-a
Fra:1 Mem:19.15M (Peak 19.15M) | Time:00:00.00 | Mem:0.00M, Peak:0.00M | Scene, ViewLayer | Synchronizing object | wheel-front-front-right
Fra:1 Mem:19.17M (Peak 19.17M) | Time:00:00.00 | Mem:0.00M, Peak:0.00M | Scene, ViewLayer | Synchronizing object | door-right-rear-b
Fra:1 Mem:19.19M (Peak 19.19M) | Time:00:00.00 | Mem:0.00M, Peak:0.00M | Scene, ViewLayer | Synchronizing object | wheel-front-front-left
Fra:1 Mem:19.20M (Peak 19.20M) | Time:00:00.00 | Mem:0.00M, Peak:0.00M | Scene, ViewLayer | Synchronizing object | glass
Fra:1 Mem:19.19M (Peak 19.20M) | Time:00:00.00 | Mem:0.00M, Peak:0.00M | Scene, ViewLayer | Synchronizing object | lights
Fra:1 Mem:19.21M (Peak 19.21M) | Time:00:00.00 | Mem:0.00M, Peak:0.00M | Scene, ViewLayer | Initializing
Fra:1 Mem:16.60M (Peak 19.21M) | Time:00:00.00 | Mem:0.00M, Peak:0.00M | Scene, ViewLayer | Waiting for render to start
Fra:1 Mem:16.60M (Peak 19.21M) | Time:00:00.00 | Mem:0.00M, Peak:0.00M | Scene, ViewLayer | Loading render kernels (may take a few minutes the first time)
Fra:1 Mem:16.60M (Peak 19.21M) | Time:00:00.00 | Mem:0.00M, Peak:0.00M | Scene, ViewLayer | Updating Scene
Fra:1 Mem:16.60M (Peak 19.21M) | Time:00:00.00 | Mem:0.00M, Peak:0.00M | Scene, ViewLayer | Updating Shaders
Fra:1 Mem:16.69M (Peak 19.21M) | Time:00:00.00 | Mem:0.01M, Peak:0.01M | Scene, ViewLayer | Updating Procedurals
Fra:1 Mem:16.69M (Peak 19.21M) | Time:00:00.00 | Mem:0.01M, Peak:0.01M | Scene, ViewLayer | Updating Background
Fra:1 Mem:16.69M (Peak 19.21M) | Time:00:00.00 | Mem:0.01M, Peak:0.01M | Scene, ViewLayer | Updating Camera
Fra:1 Mem:16.69M (Peak 19.21M) | Time:00:00.00 | Mem:0.01M, Peak:0.01M | Scene, ViewLayer | Updating Meshes Flags
Fra:1 Mem:16.69M (Peak 19.21M) | Time:00:00.00 | Mem:0.01M, Peak:0.01M | Scene, ViewLayer | Updating Objects
Fra:1 Mem:16.69M (Peak 19.21M) | Time:00:00.00 | Mem:0.01M, Peak:0.01M | Scene, ViewLayer | Updating Objects | Copying Transformations to device
Fra:1 Mem:16.70M (Peak 19.21M) | Time:00:00.00 | Mem:0.02M, Peak:0.02M | Scene, ViewLayer | Updating Objects | Applying Static Transformations
Fra:1 Mem:16.70M (Peak 19.21M) | Time:00:00.00 | Mem:0.02M, Peak:0.02M | Scene, ViewLayer | Updating Particle Systems
Fra:1 Mem:16.70M (Peak 19.21M) | Time:00:00.00 | Mem:0.02M, Peak:0.02M | Scene, ViewLayer | Updating Particle Systems | Copying Particles to device
Fra:1 Mem:16.70M (Peak 19.21M) | Time:00:00.00 | Mem:0.02M, Peak:0.02M | Scene, ViewLayer | Updating Meshes
Fra:1 Mem:16.75M (Peak 19.21M) | Time:00:00.00 | Mem:0.02M, Peak:0.02M | Scene, ViewLayer | Updating Mesh | Computing attributes
Fra:1 Mem:16.89M (Peak 19.21M) | Time:00:00.00 | Mem:0.02M, Peak:0.02M | Scene, ViewLayer | Updating Mesh | Copying Attributes to device
Fra:1 Mem:16.89M (Peak 19.21M) | Time:00:00.00 | Mem:0.16M, Peak:0.16M | Scene, ViewLayer | Updating Scene BVH | Building
Fra:1 Mem:16.89M (Peak 19.21M) | Time:00:00.00 | Mem:0.16M, Peak:0.16M | Scene, ViewLayer | Updating Scene BVH | Building BVH
Fra:1 Mem:16.89M (Peak 19.21M) | Time:00:00.00 | Mem:0.26M, Peak:0.26M | Scene, ViewLayer | Updating Scene BVH | Building BVH 0%
Fra:1 Mem:16.89M (Peak 19.21M) | Time:00:00.00 | Mem:0.39M, Peak:0.49M | Scene, ViewLayer | Updating Scene BVH | Copying BVH to device
Fra:1 Mem:16.89M (Peak 19.21M) | Time:00:00.00 | Mem:0.39M, Peak:0.49M | Scene, ViewLayer | Updating Mesh | Computing normals
Fra:1 Mem:17.27M (Peak 19.21M) | Time:00:00.00 | Mem:0.39M, Peak:0.49M | Scene, ViewLayer | Updating Mesh | Copying Mesh to device
Fra:1 Mem:17.27M (Peak 19.21M) | Time:00:00.00 | Mem:0.77M, Peak:0.77M | Scene, ViewLayer | Updating Objects Flags
Fra:1 Mem:17.27M (Peak 19.21M) | Time:00:00.00 | Mem:0.77M, Peak:0.77M | Scene, ViewLayer | Updating Primitive Offsets
Fra:1 Mem:17.27M (Peak 19.21M) | Time:00:00.00 | Mem:0.77M, Peak:0.77M | Scene, ViewLayer | Updating Images
Fra:1 Mem:17.27M (Peak 19.21M) | Time:00:00.00 | Mem:0.77M, Peak:0.77M | Scene, ViewLayer | Updating Camera Volume
Fra:1 Mem:17.27M (Peak 19.21M) | Time:00:00.00 | Mem:0.77M, Peak:0.77M | Scene, ViewLayer | Updating Lookup Tables
Fra:1 Mem:17.27M (Peak 19.21M) | Time:00:00.00 | Mem:0.85M, Peak:0.85M | Scene, ViewLayer | Updating Lights
Fra:1 Mem:17.27M (Peak 19.21M) | Time:00:00.00 | Mem:0.85M, Peak:0.85M | Scene, ViewLayer | Updating Lights | Computing tree
Fra:1 Mem:17.27M (Peak 19.21M) | Time:00:00.00 | Mem:0.86M, Peak:0.86M | Scene, ViewLayer | Updating Integrator
Fra:1 Mem:17.27M (Peak 19.21M) | Time:00:00.00 | Mem:0.86M, Peak:0.86M | Scene, ViewLayer | Updating Film
Fra:1 Mem:17.28M (Peak 19.21M) | Time:00:00.00 | Mem:0.77M, Peak:0.86M | Scene, ViewLayer | Updating Lookup Tables
Fra:1 Mem:17.28M (Peak 19.21M) | Time:00:00.00 | Mem:0.86M, Peak:0.86M | Scene, ViewLayer | Updating Baking
Fra:1 Mem:17.28M (Peak 19.21M) | Time:00:00.00 | Mem:0.86M, Peak:0.86M | Scene, ViewLayer | Updating Device | Writing constant memory
Fra:1 Mem:17.28M (Peak 19.21M) | Time:00:00.00 | Mem:0.86M, Peak:0.86M | Scene, ViewLayer | Sample 0/8
Fra:1 Mem:26.07M (Peak 26.07M) | Time:00:00.73 | Remaining:00:05.07 | Mem:9.65M, Peak:9.65M | Scene, ViewLayer | Sample 1/8
Fra:1 Mem:29.98M (Peak 37.79M) | Time:00:05.67 | Mem:9.65M, Peak:9.65M | Scene, ViewLayer | Sample 8/8
Fra:1 Mem:29.98M (Peak 37.79M) | Time:00:05.67 | Mem:9.65M, Peak:9.65M | Scene, ViewLayer | Finished
Saved: '/workspace/scratch/7c20b5ba4165/atlas-backlog-oct3/tools/assets/boardable-metro/qa/previews/tail-seat-right-02-eye.png'
Time: 00:05.72 (Saving: 00:00.04)

Fra:1 Mem:18.66M (Peak 18.66M) | Time:00:00.00 | Mem:0.00M, Peak:0.00M | Scene, ViewLayer | Synchronizing object | body-shell
Fra:1 Mem:19.09M (Peak 19.09M) | Time:00:00.00 | Mem:0.00M, Peak:0.00M | Scene, ViewLayer | Synchronizing object | QA-ground
Fra:1 Mem:19.12M (Peak 19.12M) | Time:00:00.00 | Mem:0.00M, Peak:0.00M | Scene, ViewLayer | Synchronizing object | interior-batch-metro-seat
Fra:1 Mem:18.90M (Peak 19.12M) | Time:00:00.00 | Mem:0.00M, Peak:0.00M | Scene, ViewLayer | Synchronizing object | interior-batch-metro-priority-seat
Fra:1 Mem:19.08M (Peak 19.12M) | Time:00:00.00 | Mem:0.00M, Peak:0.00M | Scene, ViewLayer | Synchronizing object | interior-batch-metro-screen
Fra:1 Mem:19.09M (Peak 19.12M) | Time:00:00.00 | Mem:0.00M, Peak:0.00M | Scene, ViewLayer | Synchronizing object | interior-batch-metro-rail
Fra:1 Mem:19.06M (Peak 19.12M) | Time:00:00.00 | Mem:0.00M, Peak:0.00M | Scene, ViewLayer | Synchronizing object | bogie-front-frame
Fra:1 Mem:19.06M (Peak 19.12M) | Time:00:00.00 | Mem:0.00M, Peak:0.00M | Scene, ViewLayer | Synchronizing object | bogie-rear-frame
Fra:1 Mem:19.07M (Peak 19.12M) | Time:00:00.00 | Mem:0.00M, Peak:0.00M | Scene, ViewLayer | Synchronizing object | door-left-center-a
Fra:1 Mem:18.97M (Peak 19.12M) | Time:00:00.00 | Mem:0.00M, Peak:0.00M | Scene, ViewLayer | Synchronizing object | interior-batch-metro-floor
Fra:1 Mem:18.97M (Peak 19.12M) | Time:00:00.00 | Mem:0.00M, Peak:0.00M | Scene, ViewLayer | Synchronizing object | door-left-center-b
Fra:1 Mem:18.98M (Peak 19.12M) | Time:00:00.00 | Mem:0.00M, Peak:0.00M | Scene, ViewLayer | Synchronizing object | interior-batch-metro-wall
Fra:1 Mem:19.06M (Peak 19.12M) | Time:00:00.00 | Mem:0.00M, Peak:0.00M | Scene, ViewLayer | Synchronizing object | door-left-front-a
Fra:1 Mem:19.04M (Peak 19.12M) | Time:00:00.00 | Mem:0.00M, Peak:0.00M | Scene, ViewLayer | Synchronizing object | door-left-front-b
Fra:1 Mem:19.03M (Peak 19.12M) | Time:00:00.00 | Mem:0.00M, Peak:0.00M | Scene, ViewLayer | Synchronizing object | wheel-rear-rear-right
Fra:1 Mem:19.03M (Peak 19.12M) | Time:00:00.00 | Mem:0.00M, Peak:0.00M | Scene, ViewLayer | Synchronizing object | door-left-rear-a
Fra:1 Mem:19.05M (Peak 19.12M) | Time:00:00.00 | Mem:0.00M, Peak:0.00M | Scene, ViewLayer | Synchronizing object | wheel-rear-rear-left
Fra:1 Mem:19.05M (Peak 19.12M) | Time:00:00.00 | Mem:0.00M, Peak:0.00M | Scene, ViewLayer | Synchronizing object | door-left-rear-b
Fra:1 Mem:19.07M (Peak 19.12M) | Time:00:00.00 | Mem:0.00M, Peak:0.00M | Scene, ViewLayer | Synchronizing object | wheel-rear-front-right
Fra:1 Mem:19.07M (Peak 19.12M) | Time:00:00.00 | Mem:0.00M, Peak:0.00M | Scene, ViewLayer | Synchronizing object | door-right-center-a
Fra:1 Mem:19.09M (Peak 19.12M) | Time:00:00.00 | Mem:0.00M, Peak:0.00M | Scene, ViewLayer | Synchronizing object | wheel-rear-front-left
Fra:1 Mem:19.11M (Peak 19.12M) | Time:00:00.00 | Mem:0.00M, Peak:0.00M | Scene, ViewLayer | Synchronizing object | door-right-center-b
Fra:1 Mem:19.12M (Peak 19.12M) | Time:00:00.00 | Mem:0.00M, Peak:0.00M | Scene, ViewLayer | Synchronizing object | wheel-front-rear-right
Fra:1 Mem:19.11M (Peak 19.12M) | Time:00:00.00 | Mem:0.00M, Peak:0.00M | Scene, ViewLayer | Synchronizing object | door-right-front-a
Fra:1 Mem:19.13M (Peak 19.13M) | Time:00:00.00 | Mem:0.00M, Peak:0.00M | Scene, ViewLayer | Synchronizing object | wheel-front-rear-left
Fra:1 Mem:19.13M (Peak 19.13M) | Time:00:00.00 | Mem:0.00M, Peak:0.00M | Scene, ViewLayer | Synchronizing object | door-right-front-b
Fra:1 Mem:19.15M (Peak 19.15M) | Time:00:00.00 | Mem:0.00M, Peak:0.00M | Scene, ViewLayer | Synchronizing object | wheel-front-front-right
Fra:1 Mem:19.14M (Peak 19.15M) | Time:00:00.00 | Mem:0.00M, Peak:0.00M | Scene, ViewLayer | Synchronizing object | door-right-rear-a
Fra:1 Mem:19.16M (Peak 19.16M) | Time:00:00.00 | Mem:0.00M, Peak:0.00M | Scene, ViewLayer | Synchronizing object | wheel-front-front-left
Fra:1 Mem:19.17M (Peak 19.17M) | Time:00:00.00 | Mem:0.00M, Peak:0.00M | Scene, ViewLayer | Synchronizing object | door-right-rear-b
Fra:1 Mem:19.18M (Peak 19.18M) | Time:00:00.00 | Mem:0.00M, Peak:0.00M | Scene, ViewLayer | Synchronizing object | lights
Fra:1 Mem:19.18M (Peak 19.18M) | Time:00:00.00 | Mem:0.00M, Peak:0.00M | Scene, ViewLayer | Synchronizing object | glass
Fra:1 Mem:19.21M (Peak 19.21M) | Time:00:00.00 | Mem:0.00M, Peak:0.00M | Scene, ViewLayer | Initializing
Fra:1 Mem:16.60M (Peak 19.21M) | Time:00:00.00 | Mem:0.00M, Peak:0.00M | Scene, ViewLayer | Waiting for render to start
Fra:1 Mem:16.60M (Peak 19.21M) | Time:00:00.00 | Mem:0.00M, Peak:0.00M | Scene, ViewLayer | Loading render kernels (may take a few minutes the first time)
Fra:1 Mem:16.60M (Peak 19.21M) | Time:00:00.00 | Mem:0.00M, Peak:0.00M | Scene, ViewLayer | Updating Scene
Fra:1 Mem:16.60M (Peak 19.21M) | Time:00:00.00 | Mem:0.00M, Peak:0.00M | Scene, ViewLayer | Updating Shaders
Fra:1 Mem:16.69M (Peak 19.21M) | Time:00:00.00 | Mem:0.01M, Peak:0.01M | Scene, ViewLayer | Updating Procedurals
Fra:1 Mem:16.69M (Peak 19.21M) | Time:00:00.00 | Mem:0.01M, Peak:0.01M | Scene, ViewLayer | Updating Background
Fra:1 Mem:16.69M (Peak 19.21M) | Time:00:00.00 | Mem:0.01M, Peak:0.01M | Scene, ViewLayer | Updating Camera
Fra:1 Mem:16.69M (Peak 19.21M) | Time:00:00.00 | Mem:0.01M, Peak:0.01M | Scene, ViewLayer | Updating Meshes Flags
Fra:1 Mem:16.69M (Peak 19.21M) | Time:00:00.00 | Mem:0.01M, Peak:0.01M | Scene, ViewLayer | Updating Objects
Fra:1 Mem:16.69M (Peak 19.21M) | Time:00:00.00 | Mem:0.01M, Peak:0.01M | Scene, ViewLayer | Updating Objects | Copying Transformations to device
Fra:1 Mem:16.70M (Peak 19.21M) | Time:00:00.00 | Mem:0.02M, Peak:0.02M | Scene, ViewLayer | Updating Objects | Applying Static Transformations
Fra:1 Mem:16.70M (Peak 19.21M) | Time:00:00.00 | Mem:0.02M, Peak:0.02M | Scene, ViewLayer | Updating Particle Systems
Fra:1 Mem:16.70M (Peak 19.21M) | Time:00:00.00 | Mem:0.02M, Peak:0.02M | Scene, ViewLayer | Updating Particle Systems | Copying Particles to device
Fra:1 Mem:16.70M (Peak 19.21M) | Time:00:00.00 | Mem:0.02M, Peak:0.02M | Scene, ViewLayer | Updating Meshes
Fra:1 Mem:16.75M (Peak 19.21M) | Time:00:00.00 | Mem:0.02M, Peak:0.02M | Scene, ViewLayer | Updating Mesh | Computing attributes
Fra:1 Mem:16.90M (Peak 19.21M) | Time:00:00.00 | Mem:0.02M, Peak:0.02M | Scene, ViewLayer | Updating Mesh | Copying Attributes to device
Fra:1 Mem:16.89M (Peak 19.21M) | Time:00:00.00 | Mem:0.16M, Peak:0.16M | Scene, ViewLayer | Updating Scene BVH | Building
Fra:1 Mem:16.89M (Peak 19.21M) | Time:00:00.00 | Mem:0.16M, Peak:0.16M | Scene, ViewLayer | Updating Scene BVH | Building BVH
Fra:1 Mem:16.89M (Peak 19.21M) | Time:00:00.00 | Mem:0.26M, Peak:0.26M | Scene, ViewLayer | Updating Scene BVH | Building BVH 0%
Fra:1 Mem:16.89M (Peak 19.21M) | Time:00:00.00 | Mem:0.39M, Peak:0.49M | Scene, ViewLayer | Updating Scene BVH | Copying BVH to device
Fra:1 Mem:16.89M (Peak 19.21M) | Time:00:00.00 | Mem:0.39M, Peak:0.49M | Scene, ViewLayer | Updating Mesh | Computing normals
Fra:1 Mem:17.27M (Peak 19.21M) | Time:00:00.00 | Mem:0.39M, Peak:0.49M | Scene, ViewLayer | Updating Mesh | Copying Mesh to device
Fra:1 Mem:17.27M (Peak 19.21M) | Time:00:00.00 | Mem:0.77M, Peak:0.77M | Scene, ViewLayer | Updating Objects Flags
Fra:1 Mem:17.27M (Peak 19.21M) | Time:00:00.00 | Mem:0.77M, Peak:0.77M | Scene, ViewLayer | Updating Primitive Offsets
Fra:1 Mem:17.27M (Peak 19.21M) | Time:00:00.00 | Mem:0.77M, Peak:0.77M | Scene, ViewLayer | Updating Images
Fra:1 Mem:17.27M (Peak 19.21M) | Time:00:00.00 | Mem:0.77M, Peak:0.77M | Scene, ViewLayer | Updating Camera Volume
Fra:1 Mem:17.27M (Peak 19.21M) | Time:00:00.00 | Mem:0.77M, Peak:0.77M | Scene, ViewLayer | Updating Lookup Tables
Fra:1 Mem:17.27M (Peak 19.21M) | Time:00:00.00 | Mem:0.85M, Peak:0.85M | Scene, ViewLayer | Updating Lights
Fra:1 Mem:17.27M (Peak 19.21M) | Time:00:00.00 | Mem:0.85M, Peak:0.85M | Scene, ViewLayer | Updating Lights | Computing tree
Fra:1 Mem:17.27M (Peak 19.21M) | Time:00:00.00 | Mem:0.86M, Peak:0.86M | Scene, ViewLayer | Updating Integrator
Fra:1 Mem:17.27M (Peak 19.21M) | Time:00:00.00 | Mem:0.86M, Peak:0.86M | Scene, ViewLayer | Updating Film
Fra:1 Mem:17.28M (Peak 19.21M) | Time:00:00.00 | Mem:0.77M, Peak:0.86M | Scene, ViewLayer | Updating Lookup Tables
Fra:1 Mem:17.28M (Peak 19.21M) | Time:00:00.00 | Mem:0.86M, Peak:0.86M | Scene, ViewLayer | Updating Baking
Fra:1 Mem:17.28M (Peak 19.21M) | Time:00:00.00 | Mem:0.86M, Peak:0.86M | Scene, ViewLayer | Updating Device | Writing constant memory
Fra:1 Mem:17.28M (Peak 19.21M) | Time:00:00.00 | Mem:0.86M, Peak:0.86M | Scene, ViewLayer | Sample 0/8
Fra:1 Mem:26.08M (Peak 26.08M) | Time:00:00.64 | Remaining:00:04.48 | Mem:9.65M, Peak:9.65M | Scene, ViewLayer | Sample 1/8
Fra:1 Mem:29.98M (Peak 37.80M) | Time:00:05.04 | Mem:9.65M, Peak:9.65M | Scene, ViewLayer | Sample 8/8
Fra:1 Mem:29.98M (Peak 37.80M) | Time:00:05.04 | Mem:9.65M, Peak:9.65M | Scene, ViewLayer | Finished
Saved: '/workspace/scratch/7c20b5ba4165/atlas-backlog-oct3/tools/assets/boardable-metro/qa/previews/tail-seat-right-03-eye.png'
Time: 00:05.08 (Saving: 00:00.04)

Fra:1 Mem:18.66M (Peak 18.66M) | Time:00:00.00 | Mem:0.00M, Peak:0.00M | Scene, ViewLayer | Synchronizing object | body-shell
Fra:1 Mem:19.07M (Peak 19.07M) | Time:00:00.00 | Mem:0.00M, Peak:0.00M | Scene, ViewLayer | Synchronizing object | QA-ground
Fra:1 Mem:19.12M (Peak 19.12M) | Time:00:00.00 | Mem:0.00M, Peak:0.00M | Scene, ViewLayer | Synchronizing object | interior-batch-metro-seat
Fra:1 Mem:18.88M (Peak 19.12M) | Time:00:00.00 | Mem:0.00M, Peak:0.00M | Scene, ViewLayer | Synchronizing object | interior-batch-metro-priority-seat
Fra:1 Mem:18.91M (Peak 19.12M) | Time:00:00.00 | Mem:0.00M, Peak:0.00M | Scene, ViewLayer | Synchronizing object | interior-batch-metro-screen
Fra:1 Mem:18.96M (Peak 19.12M) | Time:00:00.00 | Mem:0.00M, Peak:0.00M | Scene, ViewLayer | Synchronizing object | interior-batch-metro-rail
Fra:1 Mem:19.05M (Peak 19.12M) | Time:00:00.00 | Mem:0.00M, Peak:0.00M | Scene, ViewLayer | Synchronizing object | bogie-front-frame
Fra:1 Mem:18.96M (Peak 19.12M) | Time:00:00.00 | Mem:0.00M, Peak:0.00M | Scene, ViewLayer | Synchronizing object | interior-batch-metro-floor
Fra:1 Mem:18.96M (Peak 19.12M) | Time:00:00.00 | Mem:0.00M, Peak:0.00M | Scene, ViewLayer | Synchronizing object | bogie-rear-frame
Fra:1 Mem:18.96M (Peak 19.12M) | Time:00:00.00 | Mem:0.00M, Peak:0.00M | Scene, ViewLayer | Synchronizing object | interior-batch-metro-wall
Fra:1 Mem:19.04M (Peak 19.12M) | Time:00:00.00 | Mem:0.00M, Peak:0.00M | Scene, ViewLayer | Synchronizing object | door-left-center-a
Fra:1 Mem:19.05M (Peak 19.12M) | Time:00:00.00 | Mem:0.00M, Peak:0.00M | Scene, ViewLayer | Synchronizing object | door-left-center-b
Fra:1 Mem:19.02M (Peak 19.12M) | Time:00:00.00 | Mem:0.00M, Peak:0.00M | Scene, ViewLayer | Synchronizing object | wheel-rear-rear-right
Fra:1 Mem:19.03M (Peak 19.12M) | Time:00:00.00 | Mem:0.00M, Peak:0.00M | Scene, ViewLayer | Synchronizing object | door-left-front-a
Fra:1 Mem:19.05M (Peak 19.12M) | Time:00:00.00 | Mem:0.00M, Peak:0.00M | Scene, ViewLayer | Synchronizing object | wheel-rear-rear-left
Fra:1 Mem:19.04M (Peak 19.12M) | Time:00:00.00 | Mem:0.00M, Peak:0.00M | Scene, ViewLayer | Synchronizing object | door-left-front-b
Fra:1 Mem:19.07M (Peak 19.12M) | Time:00:00.00 | Mem:0.00M, Peak:0.00M | Scene, ViewLayer | Synchronizing object | wheel-rear-front-right
Fra:1 Mem:19.06M (Peak 19.12M) | Time:00:00.00 | Mem:0.00M, Peak:0.00M | Scene, ViewLayer | Synchronizing object | door-left-rear-a
Fra:1 Mem:19.09M (Peak 19.12M) | Time:00:00.00 | Mem:0.00M, Peak:0.00M | Scene, ViewLayer | Synchronizing object | wheel-rear-front-left
Fra:1 Mem:19.09M (Peak 19.12M) | Time:00:00.00 | Mem:0.00M, Peak:0.00M | Scene, ViewLayer | Synchronizing object | door-left-rear-b
Fra:1 Mem:19.10M (Peak 19.12M) | Time:00:00.00 | Mem:0.00M, Peak:0.00M | Scene, ViewLayer | Synchronizing object | wheel-front-rear-right
Fra:1 Mem:19.11M (Peak 19.12M) | Time:00:00.00 | Mem:0.00M, Peak:0.00M | Scene, ViewLayer | Synchronizing object | door-right-center-a
Fra:1 Mem:19.10M (Peak 19.12M) | Time:00:00.00 | Mem:0.00M, Peak:0.00M | Scene, ViewLayer | Synchronizing object | wheel-front-rear-left
Fra:1 Mem:19.13M (Peak 19.13M) | Time:00:00.00 | Mem:0.00M, Peak:0.00M | Scene, ViewLayer | Synchronizing object | door-right-center-b
Fra:1 Mem:19.12M (Peak 19.13M) | Time:00:00.00 | Mem:0.00M, Peak:0.00M | Scene, ViewLayer | Synchronizing object | wheel-front-front-right
Fra:1 Mem:19.13M (Peak 19.13M) | Time:00:00.00 | Mem:0.00M, Peak:0.00M | Scene, ViewLayer | Synchronizing object | wheel-front-front-left
Fra:1 Mem:19.14M (Peak 19.14M) | Time:00:00.00 | Mem:0.00M, Peak:0.00M | Scene, ViewLayer | Synchronizing object | door-right-front-a
Fra:1 Mem:19.17M (Peak 19.17M) | Time:00:00.00 | Mem:0.00M, Peak:0.00M | Scene, ViewLayer | Synchronizing object | lights
Fra:1 Mem:19.17M (Peak 19.17M) | Time:00:00.00 | Mem:0.00M, Peak:0.00M | Scene, ViewLayer | Synchronizing object | door-right-front-b
Fra:1 Mem:19.19M (Peak 19.19M) | Time:00:00.00 | Mem:0.00M, Peak:0.00M | Scene, ViewLayer | Synchronizing object | glass
Fra:1 Mem:19.25M (Peak 19.25M) | Time:00:00.00 | Mem:0.00M, Peak:0.00M | Scene, ViewLayer | Synchronizing object | door-right-rear-a
Fra:1 Mem:19.23M (Peak 19.25M) | Time:00:00.00 | Mem:0.00M, Peak:0.00M | Scene, ViewLayer | Synchronizing object | door-right-rear-b
Fra:1 Mem:19.21M (Peak 19.25M) | Time:00:00.00 | Mem:0.00M, Peak:0.00M | Scene, ViewLayer | Initializing
Fra:1 Mem:16.60M (Peak 19.25M) | Time:00:00.00 | Mem:0.00M, Peak:0.00M | Scene, ViewLayer | Waiting for render to start
Fra:1 Mem:16.60M (Peak 19.25M) | Time:00:00.00 | Mem:0.00M, Peak:0.00M | Scene, ViewLayer | Loading render kernels (may take a few minutes the first time)
Fra:1 Mem:16.60M (Peak 19.25M) | Time:00:00.00 | Mem:0.00M, Peak:0.00M | Scene, ViewLayer | Updating Scene
Fra:1 Mem:16.60M (Peak 19.25M) | Time:00:00.00 | Mem:0.00M, Peak:0.00M | Scene, ViewLayer | Updating Shaders
Fra:1 Mem:16.69M (Peak 19.25M) | Time:00:00.00 | Mem:0.01M, Peak:0.01M | Scene, ViewLayer | Updating Procedurals
Fra:1 Mem:16.69M (Peak 19.25M) | Time:00:00.00 | Mem:0.01M, Peak:0.01M | Scene, ViewLayer | Updating Background
Fra:1 Mem:16.69M (Peak 19.25M) | Time:00:00.00 | Mem:0.01M, Peak:0.01M | Scene, ViewLayer | Updating Camera
Fra:1 Mem:16.69M (Peak 19.25M) | Time:00:00.00 | Mem:0.01M, Peak:0.01M | Scene, ViewLayer | Updating Meshes Flags
Fra:1 Mem:16.69M (Peak 19.25M) | Time:00:00.00 | Mem:0.01M, Peak:0.01M | Scene, ViewLayer | Updating Objects
Fra:1 Mem:16.69M (Peak 19.25M) | Time:00:00.00 | Mem:0.01M, Peak:0.01M | Scene, ViewLayer | Updating Objects | Copying Transformations to device
Fra:1 Mem:16.70M (Peak 19.25M) | Time:00:00.00 | Mem:0.02M, Peak:0.02M | Scene, ViewLayer | Updating Objects | Applying Static Transformations
Fra:1 Mem:16.70M (Peak 19.25M) | Time:00:00.00 | Mem:0.02M, Peak:0.02M | Scene, ViewLayer | Updating Particle Systems
Fra:1 Mem:16.70M (Peak 19.25M) | Time:00:00.00 | Mem:0.02M, Peak:0.02M | Scene, ViewLayer | Updating Particle Systems | Copying Particles to device
Fra:1 Mem:16.70M (Peak 19.25M) | Time:00:00.00 | Mem:0.02M, Peak:0.02M | Scene, ViewLayer | Updating Meshes
Fra:1 Mem:16.75M (Peak 19.25M) | Time:00:00.00 | Mem:0.02M, Peak:0.02M | Scene, ViewLayer | Updating Mesh | Computing attributes
Fra:1 Mem:16.90M (Peak 19.25M) | Time:00:00.00 | Mem:0.02M, Peak:0.02M | Scene, ViewLayer | Updating Mesh | Copying Attributes to device
Fra:1 Mem:16.89M (Peak 19.25M) | Time:00:00.00 | Mem:0.16M, Peak:0.16M | Scene, ViewLayer | Updating Scene BVH | Building
Fra:1 Mem:16.89M (Peak 19.25M) | Time:00:00.00 | Mem:0.16M, Peak:0.16M | Scene, ViewLayer | Updating Scene BVH | Building BVH
Fra:1 Mem:16.89M (Peak 19.25M) | Time:00:00.00 | Mem:0.26M, Peak:0.26M | Scene, ViewLayer | Updating Scene BVH | Building BVH 0%
Fra:1 Mem:16.89M (Peak 19.25M) | Time:00:00.00 | Mem:0.39M, Peak:0.49M | Scene, ViewLayer | Updating Scene BVH | Copying BVH to device
Fra:1 Mem:16.89M (Peak 19.25M) | Time:00:00.00 | Mem:0.39M, Peak:0.49M | Scene, ViewLayer | Updating Mesh | Computing normals
Fra:1 Mem:17.27M (Peak 19.25M) | Time:00:00.00 | Mem:0.39M, Peak:0.49M | Scene, ViewLayer | Updating Mesh | Copying Mesh to device
Fra:1 Mem:17.27M (Peak 19.25M) | Time:00:00.00 | Mem:0.77M, Peak:0.77M | Scene, ViewLayer | Updating Objects Flags
Fra:1 Mem:17.27M (Peak 19.25M) | Time:00:00.00 | Mem:0.77M, Peak:0.77M | Scene, ViewLayer | Updating Primitive Offsets
Fra:1 Mem:17.27M (Peak 19.25M) | Time:00:00.00 | Mem:0.77M, Peak:0.77M | Scene, ViewLayer | Updating Images
Fra:1 Mem:17.27M (Peak 19.25M) | Time:00:00.00 | Mem:0.77M, Peak:0.77M | Scene, ViewLayer | Updating Camera Volume
Fra:1 Mem:17.27M (Peak 19.25M) | Time:00:00.00 | Mem:0.77M, Peak:0.77M | Scene, ViewLayer | Updating Lookup Tables
Fra:1 Mem:17.27M (Peak 19.25M) | Time:00:00.00 | Mem:0.85M, Peak:0.85M | Scene, ViewLayer | Updating Lights
Fra:1 Mem:17.27M (Peak 19.25M) | Time:00:00.00 | Mem:0.85M, Peak:0.85M | Scene, ViewLayer | Updating Lights | Computing tree
Fra:1 Mem:17.28M (Peak 19.25M) | Time:00:00.00 | Mem:0.86M, Peak:0.86M | Scene, ViewLayer | Updating Integrator
Fra:1 Mem:17.28M (Peak 19.25M) | Time:00:00.00 | Mem:0.86M, Peak:0.86M | Scene, ViewLayer | Updating Film
Fra:1 Mem:17.28M (Peak 19.25M) | Time:00:00.00 | Mem:0.77M, Peak:0.86M | Scene, ViewLayer | Updating Lookup Tables
Fra:1 Mem:17.28M (Peak 19.25M) | Time:00:00.00 | Mem:0.86M, Peak:0.86M | Scene, ViewLayer | Updating Baking
Fra:1 Mem:17.28M (Peak 19.25M) | Time:00:00.00 | Mem:0.86M, Peak:0.86M | Scene, ViewLayer | Updating Device | Writing constant memory
Fra:1 Mem:17.28M (Peak 19.25M) | Time:00:00.00 | Mem:0.86M, Peak:0.86M | Scene, ViewLayer | Sample 0/8
Fra:1 Mem:26.08M (Peak 26.08M) | Time:00:00.71 | Remaining:00:04.91 | Mem:9.65M, Peak:9.65M | Scene, ViewLayer | Sample 1/8
Fra:1 Mem:29.98M (Peak 37.80M) | Time:00:05.61 | Mem:9.65M, Peak:9.65M | Scene, ViewLayer | Sample 8/8
Fra:1 Mem:29.98M (Peak 37.80M) | Time:00:05.61 | Mem:9.65M, Peak:9.65M | Scene, ViewLayer | Finished
Saved: '/workspace/scratch/7c20b5ba4165/atlas-backlog-oct3/tools/assets/boardable-metro/qa/previews/tail-seat-right-04-eye.png'
Time: 00:05.66 (Saving: 00:00.04)

Fra:1 Mem:18.66M (Peak 18.66M) | Time:00:00.00 | Mem:0.00M, Peak:0.00M | Scene, ViewLayer | Synchronizing object | body-shell
Fra:1 Mem:18.70M (Peak 18.70M) | Time:00:00.00 | Mem:0.00M, Peak:0.00M | Scene, ViewLayer | Synchronizing object | QA-ground
Fra:1 Mem:19.05M (Peak 19.05M) | Time:00:00.00 | Mem:0.00M, Peak:0.00M | Scene, ViewLayer | Synchronizing object | interior-batch-metro-seat
Fra:1 Mem:19.17M (Peak 19.17M) | Time:00:00.00 | Mem:0.00M, Peak:0.00M | Scene, ViewLayer | Synchronizing object | interior-batch-metro-priority-seat
Fra:1 Mem:19.17M (Peak 19.17M) | Time:00:00.00 | Mem:0.00M, Peak:0.00M | Scene, ViewLayer | Synchronizing object | interior-batch-metro-screen
Fra:1 Mem:19.19M (Peak 19.19M) | Time:00:00.00 | Mem:0.00M, Peak:0.00M | Scene, ViewLayer | Synchronizing object | interior-batch-metro-rail
Fra:1 Mem:19.17M (Peak 19.19M) | Time:00:00.00 | Mem:0.00M, Peak:0.00M | Scene, ViewLayer | Synchronizing object | interior-batch-metro-floor
Fra:1 Mem:19.10M (Peak 19.19M) | Time:00:00.00 | Mem:0.00M, Peak:0.00M | Scene, ViewLayer | Synchronizing object | interior-batch-metro-wall
Fra:1 Mem:19.02M (Peak 19.19M) | Time:00:00.00 | Mem:0.00M, Peak:0.00M | Scene, ViewLayer | Synchronizing object | bogie-front-frame
Fra:1 Mem:18.99M (Peak 19.19M) | Time:00:00.00 | Mem:0.00M, Peak:0.00M | Scene, ViewLayer | Synchronizing object | wheel-rear-rear-right
Fra:1 Mem:19.00M (Peak 19.19M) | Time:00:00.00 | Mem:0.00M, Peak:0.00M | Scene, ViewLayer | Synchronizing object | bogie-rear-frame
Fra:1 Mem:19.01M (Peak 19.19M) | Time:00:00.00 | Mem:0.00M, Peak:0.00M | Scene, ViewLayer | Synchronizing object | wheel-rear-rear-left
Fra:1 Mem:19.03M (Peak 19.19M) | Time:00:00.00 | Mem:0.00M, Peak:0.00M | Scene, ViewLayer | Synchronizing object | door-left-center-a
Fra:1 Mem:19.02M (Peak 19.19M) | Time:00:00.00 | Mem:0.00M, Peak:0.00M | Scene, ViewLayer | Synchronizing object | wheel-rear-front-right
Fra:1 Mem:19.03M (Peak 19.19M) | Time:00:00.00 | Mem:0.00M, Peak:0.00M | Scene, ViewLayer | Synchronizing object | door-left-center-b
Fra:1 Mem:19.06M (Peak 19.19M) | Time:00:00.00 | Mem:0.00M, Peak:0.00M | Scene, ViewLayer | Synchronizing object | wheel-rear-front-left
Fra:1 Mem:19.06M (Peak 19.19M) | Time:00:00.00 | Mem:0.00M, Peak:0.00M | Scene, ViewLayer | Synchronizing object | door-left-front-a
Fra:1 Mem:19.08M (Peak 19.19M) | Time:00:00.00 | Mem:0.00M, Peak:0.00M | Scene, ViewLayer | Synchronizing object | wheel-front-rear-right
Fra:1 Mem:19.07M (Peak 19.19M) | Time:00:00.00 | Mem:0.00M, Peak:0.00M | Scene, ViewLayer | Synchronizing object | door-left-front-b
Fra:1 Mem:19.10M (Peak 19.19M) | Time:00:00.00 | Mem:0.00M, Peak:0.00M | Scene, ViewLayer | Synchronizing object | wheel-front-rear-left
Fra:1 Mem:19.09M (Peak 19.19M) | Time:00:00.00 | Mem:0.00M, Peak:0.00M | Scene, ViewLayer | Synchronizing object | door-left-rear-a
Fra:1 Mem:19.12M (Peak 19.19M) | Time:00:00.00 | Mem:0.00M, Peak:0.00M | Scene, ViewLayer | Synchronizing object | wheel-front-front-right
Fra:1 Mem:19.12M (Peak 19.19M) | Time:00:00.00 | Mem:0.00M, Peak:0.00M | Scene, ViewLayer | Synchronizing object | door-left-rear-b
Fra:1 Mem:19.14M (Peak 19.19M) | Time:00:00.00 | Mem:0.00M, Peak:0.00M | Scene, ViewLayer | Synchronizing object | wheel-front-front-left
Fra:1 Mem:19.14M (Peak 19.19M) | Time:00:00.00 | Mem:0.00M, Peak:0.00M | Scene, ViewLayer | Synchronizing object | door-right-center-a
Fra:1 Mem:19.15M (Peak 19.19M) | Time:00:00.00 | Mem:0.00M, Peak:0.00M | Scene, ViewLayer | Synchronizing object | lights
Fra:1 Mem:19.15M (Peak 19.19M) | Time:00:00.00 | Mem:0.00M, Peak:0.00M | Scene, ViewLayer | Synchronizing object | glass
Fra:1 Mem:19.15M (Peak 19.19M) | Time:00:00.00 | Mem:0.00M, Peak:0.00M | Scene, ViewLayer | Synchronizing object | door-right-center-b
Fra:1 Mem:19.20M (Peak 19.20M) | Time:00:00.00 | Mem:0.00M, Peak:0.00M | Scene, ViewLayer | Synchronizing object | door-right-front-a
Fra:1 Mem:19.20M (Peak 19.20M) | Time:00:00.00 | Mem:0.00M, Peak:0.00M | Scene, ViewLayer | Synchronizing object | door-right-rear-b
Fra:1 Mem:19.21M (Peak 19.21M) | Time:00:00.00 | Mem:0.00M, Peak:0.00M | Scene, ViewLayer | Synchronizing object | door-right-front-b
Fra:1 Mem:19.22M (Peak 19.22M) | Time:00:00.00 | Mem:0.00M, Peak:0.00M | Scene, ViewLayer | Synchronizing object | door-right-rear-a
Fra:1 Mem:19.21M (Peak 19.22M) | Time:00:00.00 | Mem:0.00M, Peak:0.00M | Scene, ViewLayer | Initializing
Fra:1 Mem:16.60M (Peak 19.22M) | Time:00:00.00 | Mem:0.00M, Peak:0.00M | Scene, ViewLayer | Waiting for render to start
Fra:1 Mem:16.60M (Peak 19.22M) | Time:00:00.00 | Mem:0.00M, Peak:0.00M | Scene, ViewLayer | Loading render kernels (may take a few minutes the first time)
Fra:1 Mem:16.60M (Peak 19.22M) | Time:00:00.00 | Mem:0.00M, Peak:0.00M | Scene, ViewLayer | Updating Scene
Fra:1 Mem:16.60M (Peak 19.22M) | Time:00:00.00 | Mem:0.00M, Peak:0.00M | Scene, ViewLayer | Updating Shaders
Fra:1 Mem:16.69M (Peak 19.22M) | Time:00:00.00 | Mem:0.01M, Peak:0.01M | Scene, ViewLayer | Updating Procedurals
Fra:1 Mem:16.69M (Peak 19.22M) | Time:00:00.00 | Mem:0.01M, Peak:0.01M | Scene, ViewLayer | Updating Background
Fra:1 Mem:16.69M (Peak 19.22M) | Time:00:00.00 | Mem:0.01M, Peak:0.01M | Scene, ViewLayer | Updating Camera
Fra:1 Mem:16.69M (Peak 19.22M) | Time:00:00.00 | Mem:0.01M, Peak:0.01M | Scene, ViewLayer | Updating Meshes Flags
Fra:1 Mem:16.69M (Peak 19.22M) | Time:00:00.00 | Mem:0.01M, Peak:0.01M | Scene, ViewLayer | Updating Objects
Fra:1 Mem:16.69M (Peak 19.22M) | Time:00:00.00 | Mem:0.01M, Peak:0.01M | Scene, ViewLayer | Updating Objects | Copying Transformations to device
Fra:1 Mem:16.70M (Peak 19.22M) | Time:00:00.00 | Mem:0.02M, Peak:0.02M | Scene, ViewLayer | Updating Objects | Applying Static Transformations
Fra:1 Mem:16.70M (Peak 19.22M) | Time:00:00.00 | Mem:0.02M, Peak:0.02M | Scene, ViewLayer | Updating Particle Systems
Fra:1 Mem:16.70M (Peak 19.22M) | Time:00:00.00 | Mem:0.02M, Peak:0.02M | Scene, ViewLayer | Updating Particle Systems | Copying Particles to device
Fra:1 Mem:16.70M (Peak 19.22M) | Time:00:00.00 | Mem:0.02M, Peak:0.02M | Scene, ViewLayer | Updating Meshes
Fra:1 Mem:16.75M (Peak 19.22M) | Time:00:00.00 | Mem:0.02M, Peak:0.02M | Scene, ViewLayer | Updating Mesh | Computing attributes
Fra:1 Mem:16.90M (Peak 19.22M) | Time:00:00.00 | Mem:0.02M, Peak:0.02M | Scene, ViewLayer | Updating Mesh | Copying Attributes to device
Fra:1 Mem:16.89M (Peak 19.22M) | Time:00:00.00 | Mem:0.16M, Peak:0.16M | Scene, ViewLayer | Updating Scene BVH | Building
Fra:1 Mem:16.89M (Peak 19.22M) | Time:00:00.00 | Mem:0.16M, Peak:0.16M | Scene, ViewLayer | Updating Scene BVH | Building BVH
Fra:1 Mem:16.89M (Peak 19.22M) | Time:00:00.00 | Mem:0.26M, Peak:0.26M | Scene, ViewLayer | Updating Scene BVH | Building BVH 0%
Fra:1 Mem:16.89M (Peak 19.22M) | Time:00:00.00 | Mem:0.39M, Peak:0.49M | Scene, ViewLayer | Updating Scene BVH | Copying BVH to device
Fra:1 Mem:16.89M (Peak 19.22M) | Time:00:00.00 | Mem:0.39M, Peak:0.49M | Scene, ViewLayer | Updating Mesh | Computing normals
Fra:1 Mem:17.27M (Peak 19.22M) | Time:00:00.00 | Mem:0.39M, Peak:0.49M | Scene, ViewLayer | Updating Mesh | Copying Mesh to device
Fra:1 Mem:17.27M (Peak 19.22M) | Time:00:00.00 | Mem:0.77M, Peak:0.77M | Scene, ViewLayer | Updating Objects Flags
Fra:1 Mem:17.27M (Peak 19.22M) | Time:00:00.00 | Mem:0.77M, Peak:0.77M | Scene, ViewLayer | Updating Primitive Offsets
Fra:1 Mem:17.27M (Peak 19.22M) | Time:00:00.00 | Mem:0.77M, Peak:0.77M | Scene, ViewLayer | Updating Images
Fra:1 Mem:17.27M (Peak 19.22M) | Time:00:00.00 | Mem:0.77M, Peak:0.77M | Scene, ViewLayer | Updating Camera Volume
Fra:1 Mem:17.27M (Peak 19.22M) | Time:00:00.00 | Mem:0.77M, Peak:0.77M | Scene, ViewLayer | Updating Lookup Tables
Fra:1 Mem:17.27M (Peak 19.22M) | Time:00:00.00 | Mem:0.85M, Peak:0.85M | Scene, ViewLayer | Updating Lights
Fra:1 Mem:17.27M (Peak 19.22M) | Time:00:00.00 | Mem:0.85M, Peak:0.85M | Scene, ViewLayer | Updating Lights | Computing tree
Fra:1 Mem:17.28M (Peak 19.22M) | Time:00:00.00 | Mem:0.86M, Peak:0.86M | Scene, ViewLayer | Updating Integrator
Fra:1 Mem:17.28M (Peak 19.22M) | Time:00:00.00 | Mem:0.86M, Peak:0.86M | Scene, ViewLayer | Updating Film
Fra:1 Mem:17.28M (Peak 19.22M) | Time:00:00.00 | Mem:0.77M, Peak:0.86M | Scene, ViewLayer | Updating Lookup Tables
Fra:1 Mem:17.28M (Peak 19.22M) | Time:00:00.00 | Mem:0.86M, Peak:0.86M | Scene, ViewLayer | Updating Baking
Fra:1 Mem:17.28M (Peak 19.22M) | Time:00:00.00 | Mem:0.86M, Peak:0.86M | Scene, ViewLayer | Updating Device | Writing constant memory
Fra:1 Mem:17.28M (Peak 19.22M) | Time:00:00.00 | Mem:0.86M, Peak:0.86M | Scene, ViewLayer | Sample 0/8
Fra:1 Mem:26.08M (Peak 26.08M) | Time:00:00.68 | Remaining:00:04.72 | Mem:9.65M, Peak:9.65M | Scene, ViewLayer | Sample 1/8
Fra:1 Mem:29.99M (Peak 37.80M) | Time:00:05.20 | Mem:9.65M, Peak:9.65M | Scene, ViewLayer | Sample 8/8
Fra:1 Mem:29.99M (Peak 37.80M) | Time:00:05.20 | Mem:9.65M, Peak:9.65M | Scene, ViewLayer | Finished
Saved: '/workspace/scratch/7c20b5ba4165/atlas-backlog-oct3/tools/assets/boardable-metro/qa/previews/tail-seat-right-05-eye.png'
Time: 00:05.24 (Saving: 00:00.04)

Fra:1 Mem:18.66M (Peak 18.66M) | Time:00:00.00 | Mem:0.00M, Peak:0.00M | Scene, ViewLayer | Synchronizing object | body-shell
Fra:1 Mem:19.16M (Peak 19.16M) | Time:00:00.00 | Mem:0.00M, Peak:0.00M | Scene, ViewLayer | Synchronizing object | QA-ground
Fra:1 Mem:18.81M (Peak 19.16M) | Time:00:00.00 | Mem:0.00M, Peak:0.00M | Scene, ViewLayer | Synchronizing object | interior-batch-metro-seat
Fra:1 Mem:19.08M (Peak 19.16M) | Time:00:00.00 | Mem:0.00M, Peak:0.00M | Scene, ViewLayer | Synchronizing object | interior-batch-metro-priority-seat
Fra:1 Mem:19.09M (Peak 19.16M) | Time:00:00.00 | Mem:0.00M, Peak:0.00M | Scene, ViewLayer | Synchronizing object | interior-batch-metro-screen
Fra:1 Mem:18.88M (Peak 19.16M) | Time:00:00.00 | Mem:0.00M, Peak:0.00M | Scene, ViewLayer | Synchronizing object | interior-batch-metro-rail
Fra:1 Mem:18.89M (Peak 19.16M) | Time:00:00.00 | Mem:0.00M, Peak:0.00M | Scene, ViewLayer | Synchronizing object | bogie-front-frame
Fra:1 Mem:19.05M (Peak 19.16M) | Time:00:00.00 | Mem:0.00M, Peak:0.00M | Scene, ViewLayer | Synchronizing object | bogie-rear-frame
Fra:1 Mem:19.09M (Peak 19.16M) | Time:00:00.00 | Mem:0.00M, Peak:0.00M | Scene, ViewLayer | Synchronizing object | door-left-center-a
Fra:1 Mem:18.99M (Peak 19.16M) | Time:00:00.00 | Mem:0.00M, Peak:0.00M | Scene, ViewLayer | Synchronizing object | door-left-center-b
Fra:1 Mem:19.09M (Peak 19.16M) | Time:00:00.00 | Mem:0.00M, Peak:0.00M | Scene, ViewLayer | Synchronizing object | door-left-front-a
Fra:1 Mem:19.09M (Peak 19.16M) | Time:00:00.00 | Mem:0.00M, Peak:0.00M | Scene, ViewLayer | Synchronizing object | door-left-front-b
Fra:1 Mem:19.00M (Peak 19.16M) | Time:00:00.00 | Mem:0.00M, Peak:0.00M | Scene, ViewLayer | Synchronizing object | interior-batch-metro-floor
Fra:1 Mem:19.01M (Peak 19.16M) | Time:00:00.00 | Mem:0.00M, Peak:0.00M | Scene, ViewLayer | Synchronizing object | door-left-rear-a
Fra:1 Mem:19.00M (Peak 19.16M) | Time:00:00.00 | Mem:0.00M, Peak:0.00M | Scene, ViewLayer | Synchronizing object | interior-batch-metro-wall
Fra:1 Mem:19.12M (Peak 19.16M) | Time:00:00.00 | Mem:0.00M, Peak:0.00M | Scene, ViewLayer | Synchronizing object | door-left-rear-b
Fra:1 Mem:19.10M (Peak 19.16M) | Time:00:00.00 | Mem:0.00M, Peak:0.00M | Scene, ViewLayer | Synchronizing object | door-right-center-a
Fra:1 Mem:19.07M (Peak 19.16M) | Time:00:00.00 | Mem:0.00M, Peak:0.00M | Scene, ViewLayer | Synchronizing object | wheel-rear-rear-right
Fra:1 Mem:19.09M (Peak 19.16M) | Time:00:00.00 | Mem:0.00M, Peak:0.00M | Scene, ViewLayer | Synchronizing object | door-right-center-b
Fra:1 Mem:19.09M (Peak 19.16M) | Time:00:00.00 | Mem:0.00M, Peak:0.00M | Scene, ViewLayer | Synchronizing object | wheel-rear-rear-left
Fra:1 Mem:19.09M (Peak 19.16M) | Time:00:00.00 | Mem:0.00M, Peak:0.00M | Scene, ViewLayer | Synchronizing object | door-right-front-a
Fra:1 Mem:19.12M (Peak 19.16M) | Time:00:00.00 | Mem:0.00M, Peak:0.00M | Scene, ViewLayer | Synchronizing object | wheel-rear-front-right
Fra:1 Mem:19.13M (Peak 19.16M) | Time:00:00.00 | Mem:0.00M, Peak:0.00M | Scene, ViewLayer | Synchronizing object | door-right-front-b
Fra:1 Mem:19.12M (Peak 19.16M) | Time:00:00.00 | Mem:0.00M, Peak:0.00M | Scene, ViewLayer | Synchronizing object | door-right-rear-a
Fra:1 Mem:19.12M (Peak 19.16M) | Time:00:00.00 | Mem:0.00M, Peak:0.00M | Scene, ViewLayer | Synchronizing object | wheel-rear-front-left
Fra:1 Mem:19.14M (Peak 19.16M) | Time:00:00.00 | Mem:0.00M, Peak:0.00M | Scene, ViewLayer | Synchronizing object | door-right-rear-b
Fra:1 Mem:19.16M (Peak 19.16M) | Time:00:00.00 | Mem:0.00M, Peak:0.00M | Scene, ViewLayer | Synchronizing object | glass
Fra:1 Mem:19.22M (Peak 19.22M) | Time:00:00.00 | Mem:0.00M, Peak:0.00M | Scene, ViewLayer | Synchronizing object | wheel-front-rear-right
Fra:1 Mem:19.18M (Peak 19.22M) | Time:00:00.00 | Mem:0.00M, Peak:0.00M | Scene, ViewLayer | Synchronizing object | wheel-front-rear-left
Fra:1 Mem:19.18M (Peak 19.22M) | Time:00:00.00 | Mem:0.00M, Peak:0.00M | Scene, ViewLayer | Synchronizing object | lights
Fra:1 Mem:19.21M (Peak 19.22M) | Time:00:00.00 | Mem:0.00M, Peak:0.00M | Scene, ViewLayer | Synchronizing object | wheel-front-front-left
Fra:1 Mem:19.20M (Peak 19.22M) | Time:00:00.00 | Mem:0.00M, Peak:0.00M | Scene, ViewLayer | Synchronizing object | wheel-front-front-right
Fra:1 Mem:19.21M (Peak 19.22M) | Time:00:00.00 | Mem:0.00M, Peak:0.00M | Scene, ViewLayer | Initializing
Fra:1 Mem:16.60M (Peak 19.22M) | Time:00:00.00 | Mem:0.00M, Peak:0.00M | Scene, ViewLayer | Waiting for render to start
Fra:1 Mem:16.60M (Peak 19.22M) | Time:00:00.00 | Mem:0.00M, Peak:0.00M | Scene, ViewLayer | Loading render kernels (may take a few minutes the first time)
Fra:1 Mem:16.60M (Peak 19.22M) | Time:00:00.00 | Mem:0.00M, Peak:0.00M | Scene, ViewLayer | Updating Scene
Fra:1 Mem:16.60M (Peak 19.22M) | Time:00:00.00 | Mem:0.00M, Peak:0.00M | Scene, ViewLayer | Updating Shaders
Fra:1 Mem:16.69M (Peak 19.22M) | Time:00:00.00 | Mem:0.01M, Peak:0.01M | Scene, ViewLayer | Updating Procedurals
Fra:1 Mem:16.69M (Peak 19.22M) | Time:00:00.00 | Mem:0.01M, Peak:0.01M | Scene, ViewLayer | Updating Background
Fra:1 Mem:16.69M (Peak 19.22M) | Time:00:00.00 | Mem:0.01M, Peak:0.01M | Scene, ViewLayer | Updating Camera
Fra:1 Mem:16.69M (Peak 19.22M) | Time:00:00.00 | Mem:0.01M, Peak:0.01M | Scene, ViewLayer | Updating Meshes Flags
Fra:1 Mem:16.69M (Peak 19.22M) | Time:00:00.00 | Mem:0.01M, Peak:0.01M | Scene, ViewLayer | Updating Objects
Fra:1 Mem:16.69M (Peak 19.22M) | Time:00:00.00 | Mem:0.01M, Peak:0.01M | Scene, ViewLayer | Updating Objects | Copying Transformations to device
Fra:1 Mem:16.70M (Peak 19.22M) | Time:00:00.00 | Mem:0.02M, Peak:0.02M | Scene, ViewLayer | Updating Objects | Applying Static Transformations
Fra:1 Mem:16.70M (Peak 19.22M) | Time:00:00.00 | Mem:0.02M, Peak:0.02M | Scene, ViewLayer | Updating Particle Systems
Fra:1 Mem:16.70M (Peak 19.22M) | Time:00:00.00 | Mem:0.02M, Peak:0.02M | Scene, ViewLayer | Updating Particle Systems | Copying Particles to device
Fra:1 Mem:16.70M (Peak 19.22M) | Time:00:00.00 | Mem:0.02M, Peak:0.02M | Scene, ViewLayer | Updating Meshes
Fra:1 Mem:16.75M (Peak 19.22M) | Time:00:00.00 | Mem:0.02M, Peak:0.02M | Scene, ViewLayer | Updating Mesh | Computing attributes
Fra:1 Mem:16.90M (Peak 19.22M) | Time:00:00.00 | Mem:0.02M, Peak:0.02M | Scene, ViewLayer | Updating Mesh | Copying Attributes to device
Fra:1 Mem:16.89M (Peak 19.22M) | Time:00:00.00 | Mem:0.16M, Peak:0.16M | Scene, ViewLayer | Updating Scene BVH | Building
Fra:1 Mem:16.89M (Peak 19.22M) | Time:00:00.00 | Mem:0.16M, Peak:0.16M | Scene, ViewLayer | Updating Scene BVH | Building BVH
Fra:1 Mem:16.89M (Peak 19.22M) | Time:00:00.00 | Mem:0.26M, Peak:0.26M | Scene, ViewLayer | Updating Scene BVH | Building BVH 0%
Fra:1 Mem:16.89M (Peak 19.22M) | Time:00:00.00 | Mem:0.39M, Peak:0.49M | Scene, ViewLayer | Updating Scene BVH | Copying BVH to device
Fra:1 Mem:16.89M (Peak 19.22M) | Time:00:00.00 | Mem:0.39M, Peak:0.49M | Scene, ViewLayer | Updating Mesh | Computing normals
Fra:1 Mem:17.27M (Peak 19.22M) | Time:00:00.00 | Mem:0.39M, Peak:0.49M | Scene, ViewLayer | Updating Mesh | Copying Mesh to device
Fra:1 Mem:17.27M (Peak 19.22M) | Time:00:00.00 | Mem:0.77M, Peak:0.77M | Scene, ViewLayer | Updating Objects Flags
Fra:1 Mem:17.27M (Peak 19.22M) | Time:00:00.00 | Mem:0.77M, Peak:0.77M | Scene, ViewLayer | Updating Primitive Offsets
Fra:1 Mem:17.27M (Peak 19.22M) | Time:00:00.00 | Mem:0.77M, Peak:0.77M | Scene, ViewLayer | Updating Images
Fra:1 Mem:17.27M (Peak 19.22M) | Time:00:00.00 | Mem:0.77M, Peak:0.77M | Scene, ViewLayer | Updating Camera Volume
Fra:1 Mem:17.27M (Peak 19.22M) | Time:00:00.00 | Mem:0.77M, Peak:0.77M | Scene, ViewLayer | Updating Lookup Tables
Fra:1 Mem:17.27M (Peak 19.22M) | Time:00:00.00 | Mem:0.85M, Peak:0.85M | Scene, ViewLayer | Updating Lights
Fra:1 Mem:17.27M (Peak 19.22M) | Time:00:00.00 | Mem:0.85M, Peak:0.85M | Scene, ViewLayer | Updating Lights | Computing tree
Fra:1 Mem:17.28M (Peak 19.22M) | Time:00:00.00 | Mem:0.86M, Peak:0.86M | Scene, ViewLayer | Updating Integrator
Fra:1 Mem:17.28M (Peak 19.22M) | Time:00:00.00 | Mem:0.86M, Peak:0.86M | Scene, ViewLayer | Updating Film
Fra:1 Mem:17.28M (Peak 19.22M) | Time:00:00.00 | Mem:0.77M, Peak:0.86M | Scene, ViewLayer | Updating Lookup Tables
Fra:1 Mem:17.28M (Peak 19.22M) | Time:00:00.00 | Mem:0.86M, Peak:0.86M | Scene, ViewLayer | Updating Baking
Fra:1 Mem:17.28M (Peak 19.22M) | Time:00:00.00 | Mem:0.86M, Peak:0.86M | Scene, ViewLayer | Updating Device | Writing constant memory
Fra:1 Mem:17.28M (Peak 19.22M) | Time:00:00.00 | Mem:0.86M, Peak:0.86M | Scene, ViewLayer | Sample 0/8
Fra:1 Mem:26.08M (Peak 26.08M) | Time:00:00.55 | Remaining:00:03.83 | Mem:9.65M, Peak:9.65M | Scene, ViewLayer | Sample 1/8
Fra:1 Mem:29.99M (Peak 37.80M) | Time:00:04.23 | Mem:9.65M, Peak:9.65M | Scene, ViewLayer | Sample 8/8
Fra:1 Mem:29.99M (Peak 37.80M) | Time:00:04.23 | Mem:9.65M, Peak:9.65M | Scene, ViewLayer | Finished
Saved: '/workspace/scratch/7c20b5ba4165/atlas-backlog-oct3/tools/assets/boardable-metro/qa/previews/tail-seat-right-06-eye.png'
Time: 00:04.27 (Saving: 00:00.04)

Fra:1 Mem:18.66M (Peak 18.66M) | Time:00:00.00 | Mem:0.00M, Peak:0.00M | Scene, ViewLayer | Synchronizing object | body-shell
Fra:1 Mem:19.05M (Peak 19.05M) | Time:00:00.00 | Mem:0.00M, Peak:0.00M | Scene, ViewLayer | Synchronizing object | QA-ground
Fra:1 Mem:19.11M (Peak 19.11M) | Time:00:00.00 | Mem:0.00M, Peak:0.00M | Scene, ViewLayer | Synchronizing object | interior-batch-metro-seat
Fra:1 Mem:18.94M (Peak 19.11M) | Time:00:00.00 | Mem:0.00M, Peak:0.00M | Scene, ViewLayer | Synchronizing object | interior-batch-metro-priority-seat
Fra:1 Mem:19.09M (Peak 19.11M) | Time:00:00.00 | Mem:0.00M, Peak:0.00M | Scene, ViewLayer | Synchronizing object | interior-batch-metro-screen
Fra:1 Mem:19.09M (Peak 19.11M) | Time:00:00.00 | Mem:0.00M, Peak:0.00M | Scene, ViewLayer | Synchronizing object | interior-batch-metro-rail
Fra:1 Mem:18.98M (Peak 19.11M) | Time:00:00.00 | Mem:0.00M, Peak:0.00M | Scene, ViewLayer | Synchronizing object | bogie-front-frame
Fra:1 Mem:19.07M (Peak 19.11M) | Time:00:00.00 | Mem:0.00M, Peak:0.00M | Scene, ViewLayer | Synchronizing object | bogie-rear-frame
Fra:1 Mem:19.07M (Peak 19.11M) | Time:00:00.00 | Mem:0.00M, Peak:0.00M | Scene, ViewLayer | Synchronizing object | door-left-center-a
Fra:1 Mem:18.99M (Peak 19.11M) | Time:00:00.00 | Mem:0.00M, Peak:0.00M | Scene, ViewLayer | Synchronizing object | door-left-center-b
Fra:1 Mem:18.97M (Peak 19.11M) | Time:00:00.00 | Mem:0.00M, Peak:0.00M | Scene, ViewLayer | Synchronizing object | interior-batch-metro-floor
Fra:1 Mem:19.00M (Peak 19.11M) | Time:00:00.00 | Mem:0.00M, Peak:0.00M | Scene, ViewLayer | Synchronizing object | interior-batch-metro-wall
Fra:1 Mem:19.06M (Peak 19.11M) | Time:00:00.00 | Mem:0.00M, Peak:0.00M | Scene, ViewLayer | Synchronizing object | door-left-front-a
Fra:1 Mem:19.04M (Peak 19.11M) | Time:00:00.00 | Mem:0.00M, Peak:0.00M | Scene, ViewLayer | Synchronizing object | door-left-front-b
Fra:1 Mem:19.05M (Peak 19.11M) | Time:00:00.00 | Mem:0.00M, Peak:0.00M | Scene, ViewLayer | Synchronizing object | wheel-rear-rear-right
Fra:1 Mem:19.06M (Peak 19.11M) | Time:00:00.00 | Mem:0.00M, Peak:0.00M | Scene, ViewLayer | Synchronizing object | door-left-rear-a
Fra:1 Mem:19.06M (Peak 19.11M) | Time:00:00.00 | Mem:0.00M, Peak:0.00M | Scene, ViewLayer | Synchronizing object | wheel-rear-rear-left
Fra:1 Mem:19.07M (Peak 19.11M) | Time:00:00.00 | Mem:0.00M, Peak:0.00M | Scene, ViewLayer | Synchronizing object | door-left-rear-b
Fra:1 Mem:19.09M (Peak 19.11M) | Time:00:00.00 | Mem:0.00M, Peak:0.00M | Scene, ViewLayer | Synchronizing object | wheel-rear-front-right
Fra:1 Mem:19.10M (Peak 19.11M) | Time:00:00.00 | Mem:0.00M, Peak:0.00M | Scene, ViewLayer | Synchronizing object | door-right-center-a
Fra:1 Mem:19.09M (Peak 19.11M) | Time:00:00.00 | Mem:0.00M, Peak:0.00M | Scene, ViewLayer | Synchronizing object | wheel-rear-front-left
Fra:1 Mem:19.12M (Peak 19.12M) | Time:00:00.00 | Mem:0.00M, Peak:0.00M | Scene, ViewLayer | Synchronizing object | door-right-center-b
Fra:1 Mem:19.11M (Peak 19.12M) | Time:00:00.00 | Mem:0.00M, Peak:0.00M | Scene, ViewLayer | Synchronizing object | wheel-front-rear-right
Fra:1 Mem:19.12M (Peak 19.12M) | Time:00:00.00 | Mem:0.00M, Peak:0.00M | Scene, ViewLayer | Synchronizing object | door-right-front-a
Fra:1 Mem:19.15M (Peak 19.15M) | Time:00:00.00 | Mem:0.00M, Peak:0.00M | Scene, ViewLayer | Synchronizing object | wheel-front-rear-left
Fra:1 Mem:19.15M (Peak 19.15M) | Time:00:00.00 | Mem:0.00M, Peak:0.00M | Scene, ViewLayer | Synchronizing object | door-right-front-b
Fra:1 Mem:19.16M (Peak 19.16M) | Time:00:00.00 | Mem:0.00M, Peak:0.00M | Scene, ViewLayer | Synchronizing object | wheel-front-front-right
Fra:1 Mem:19.17M (Peak 19.17M) | Time:00:00.00 | Mem:0.00M, Peak:0.00M | Scene, ViewLayer | Synchronizing object | door-right-rear-a
Fra:1 Mem:19.16M (Peak 19.17M) | Time:00:00.00 | Mem:0.00M, Peak:0.00M | Scene, ViewLayer | Synchronizing object | wheel-front-front-left
Fra:1 Mem:19.17M (Peak 19.17M) | Time:00:00.00 | Mem:0.00M, Peak:0.00M | Scene, ViewLayer | Synchronizing object | door-right-rear-b
Fra:1 Mem:19.18M (Peak 19.18M) | Time:00:00.00 | Mem:0.00M, Peak:0.00M | Scene, ViewLayer | Synchronizing object | lights
Fra:1 Mem:19.20M (Peak 19.20M) | Time:00:00.00 | Mem:0.00M, Peak:0.00M | Scene, ViewLayer | Synchronizing object | glass
Fra:1 Mem:19.21M (Peak 19.21M) | Time:00:00.00 | Mem:0.00M, Peak:0.00M | Scene, ViewLayer | Initializing
Fra:1 Mem:16.60M (Peak 19.21M) | Time:00:00.00 | Mem:0.00M, Peak:0.00M | Scene, ViewLayer | Waiting for render to start
Fra:1 Mem:16.60M (Peak 19.21M) | Time:00:00.00 | Mem:0.00M, Peak:0.00M | Scene, ViewLayer | Loading render kernels (may take a few minutes the first time)
Fra:1 Mem:16.60M (Peak 19.21M) | Time:00:00.00 | Mem:0.00M, Peak:0.00M | Scene, ViewLayer | Updating Scene
Fra:1 Mem:16.60M (Peak 19.21M) | Time:00:00.00 | Mem:0.00M, Peak:0.00M | Scene, ViewLayer | Updating Shaders
Fra:1 Mem:16.69M (Peak 19.21M) | Time:00:00.00 | Mem:0.01M, Peak:0.01M | Scene, ViewLayer | Updating Procedurals
Fra:1 Mem:16.69M (Peak 19.21M) | Time:00:00.00 | Mem:0.01M, Peak:0.01M | Scene, ViewLayer | Updating Background
Fra:1 Mem:16.69M (Peak 19.21M) | Time:00:00.00 | Mem:0.01M, Peak:0.01M | Scene, ViewLayer | Updating Camera
Fra:1 Mem:16.69M (Peak 19.21M) | Time:00:00.00 | Mem:0.01M, Peak:0.01M | Scene, ViewLayer | Updating Meshes Flags
Fra:1 Mem:16.69M (Peak 19.21M) | Time:00:00.00 | Mem:0.01M, Peak:0.01M | Scene, ViewLayer | Updating Objects
Fra:1 Mem:16.69M (Peak 19.21M) | Time:00:00.00 | Mem:0.01M, Peak:0.01M | Scene, ViewLayer | Updating Objects | Copying Transformations to device
Fra:1 Mem:16.70M (Peak 19.21M) | Time:00:00.00 | Mem:0.02M, Peak:0.02M | Scene, ViewLayer | Updating Objects | Applying Static Transformations
Fra:1 Mem:16.70M (Peak 19.21M) | Time:00:00.00 | Mem:0.02M, Peak:0.02M | Scene, ViewLayer | Updating Particle Systems
Fra:1 Mem:16.70M (Peak 19.21M) | Time:00:00.00 | Mem:0.02M, Peak:0.02M | Scene, ViewLayer | Updating Particle Systems | Copying Particles to device
Fra:1 Mem:16.70M (Peak 19.21M) | Time:00:00.00 | Mem:0.02M, Peak:0.02M | Scene, ViewLayer | Updating Meshes
Fra:1 Mem:16.75M (Peak 19.21M) | Time:00:00.00 | Mem:0.02M, Peak:0.02M | Scene, ViewLayer | Updating Mesh | Computing attributes
Fra:1 Mem:16.90M (Peak 19.21M) | Time:00:00.00 | Mem:0.02M, Peak:0.02M | Scene, ViewLayer | Updating Mesh | Copying Attributes to device
Fra:1 Mem:16.89M (Peak 19.21M) | Time:00:00.00 | Mem:0.16M, Peak:0.16M | Scene, ViewLayer | Updating Scene BVH | Building
Fra:1 Mem:16.89M (Peak 19.21M) | Time:00:00.00 | Mem:0.16M, Peak:0.16M | Scene, ViewLayer | Updating Scene BVH | Building BVH
Fra:1 Mem:16.89M (Peak 19.21M) | Time:00:00.00 | Mem:0.26M, Peak:0.26M | Scene, ViewLayer | Updating Scene BVH | Building BVH 0%
Fra:1 Mem:16.89M (Peak 19.21M) | Time:00:00.00 | Mem:0.39M, Peak:0.49M | Scene, ViewLayer | Updating Scene BVH | Copying BVH to device
Fra:1 Mem:16.89M (Peak 19.21M) | Time:00:00.00 | Mem:0.39M, Peak:0.49M | Scene, ViewLayer | Updating Mesh | Computing normals
Fra:1 Mem:17.27M (Peak 19.21M) | Time:00:00.00 | Mem:0.39M, Peak:0.49M | Scene, ViewLayer | Updating Mesh | Copying Mesh to device
Fra:1 Mem:17.27M (Peak 19.21M) | Time:00:00.00 | Mem:0.77M, Peak:0.77M | Scene, ViewLayer | Updating Objects Flags
Fra:1 Mem:17.27M (Peak 19.21M) | Time:00:00.00 | Mem:0.77M, Peak:0.77M | Scene, ViewLayer | Updating Primitive Offsets
Fra:1 Mem:17.27M (Peak 19.21M) | Time:00:00.00 | Mem:0.77M, Peak:0.77M | Scene, ViewLayer | Updating Images
Fra:1 Mem:17.27M (Peak 19.21M) | Time:00:00.00 | Mem:0.77M, Peak:0.77M | Scene, ViewLayer | Updating Camera Volume
Fra:1 Mem:17.27M (Peak 19.21M) | Time:00:00.00 | Mem:0.77M, Peak:0.77M | Scene, ViewLayer | Updating Lookup Tables
Fra:1 Mem:17.27M (Peak 19.21M) | Time:00:00.00 | Mem:0.85M, Peak:0.85M | Scene, ViewLayer | Updating Lights
Fra:1 Mem:17.27M (Peak 19.21M) | Time:00:00.00 | Mem:0.85M, Peak:0.85M | Scene, ViewLayer | Updating Lights | Computing tree
Fra:1 Mem:17.28M (Peak 19.21M) | Time:00:00.00 | Mem:0.86M, Peak:0.86M | Scene, ViewLayer | Updating Integrator
Fra:1 Mem:17.28M (Peak 19.21M) | Time:00:00.00 | Mem:0.86M, Peak:0.86M | Scene, ViewLayer | Updating Film
Fra:1 Mem:17.28M (Peak 19.21M) | Time:00:00.00 | Mem:0.77M, Peak:0.86M | Scene, ViewLayer | Updating Lookup Tables
Fra:1 Mem:17.28M (Peak 19.21M) | Time:00:00.00 | Mem:0.86M, Peak:0.86M | Scene, ViewLayer | Updating Baking
Fra:1 Mem:17.28M (Peak 19.21M) | Time:00:00.00 | Mem:0.86M, Peak:0.86M | Scene, ViewLayer | Updating Device | Writing constant memory
Fra:1 Mem:17.28M (Peak 19.21M) | Time:00:00.00 | Mem:0.86M, Peak:0.86M | Scene, ViewLayer | Sample 0/8
Fra:1 Mem:26.08M (Peak 26.08M) | Time:00:00.63 | Remaining:00:04.41 | Mem:9.65M, Peak:9.65M | Scene, ViewLayer | Sample 1/8
Fra:1 Mem:29.99M (Peak 37.80M) | Time:00:04.98 | Mem:9.65M, Peak:9.65M | Scene, ViewLayer | Sample 8/8
Fra:1 Mem:29.99M (Peak 37.80M) | Time:00:04.98 | Mem:9.65M, Peak:9.65M | Scene, ViewLayer | Finished
Saved: '/workspace/scratch/7c20b5ba4165/atlas-backlog-oct3/tools/assets/boardable-metro/qa/previews/tail-seat-left-01-eye.png'
Time: 00:05.02 (Saving: 00:00.04)

Fra:1 Mem:18.66M (Peak 18.66M) | Time:00:00.00 | Mem:0.00M, Peak:0.00M | Scene, ViewLayer | Synchronizing object | body-shell
Fra:1 Mem:19.12M (Peak 19.12M) | Time:00:00.00 | Mem:0.00M, Peak:0.00M | Scene, ViewLayer | Synchronizing object | QA-ground
Fra:1 Mem:18.80M (Peak 19.12M) | Time:00:00.00 | Mem:0.00M, Peak:0.00M | Scene, ViewLayer | Synchronizing object | interior-batch-metro-seat
Fra:1 Mem:19.08M (Peak 19.12M) | Time:00:00.00 | Mem:0.00M, Peak:0.00M | Scene, ViewLayer | Synchronizing object | interior-batch-metro-priority-seat
Fra:1 Mem:19.02M (Peak 19.12M) | Time:00:00.00 | Mem:0.00M, Peak:0.00M | Scene, ViewLayer | Synchronizing object | interior-batch-metro-screen
Fra:1 Mem:19.08M (Peak 19.12M) | Time:00:00.00 | Mem:0.00M, Peak:0.00M | Scene, ViewLayer | Synchronizing object | interior-batch-metro-rail
Fra:1 Mem:19.06M (Peak 19.12M) | Time:00:00.00 | Mem:0.00M, Peak:0.00M | Scene, ViewLayer | Synchronizing object | bogie-front-frame
Fra:1 Mem:18.97M (Peak 19.12M) | Time:00:00.00 | Mem:0.00M, Peak:0.00M | Scene, ViewLayer | Synchronizing object | bogie-rear-frame
Fra:1 Mem:18.99M (Peak 19.12M) | Time:00:00.00 | Mem:0.00M, Peak:0.00M | Scene, ViewLayer | Synchronizing object | door-left-center-a
Fra:1 Mem:19.08M (Peak 19.12M) | Time:00:00.00 | Mem:0.00M, Peak:0.00M | Scene, ViewLayer | Synchronizing object | door-left-center-b
Fra:1 Mem:19.00M (Peak 19.12M) | Time:00:00.00 | Mem:0.00M, Peak:0.00M | Scene, ViewLayer | Synchronizing object | door-left-front-a
Fra:1 Mem:18.98M (Peak 19.12M) | Time:00:00.00 | Mem:0.00M, Peak:0.00M | Scene, ViewLayer | Synchronizing object | interior-batch-metro-floor
Fra:1 Mem:19.01M (Peak 19.12M) | Time:00:00.00 | Mem:0.00M, Peak:0.00M | Scene, ViewLayer | Synchronizing object | interior-batch-metro-wall
Fra:1 Mem:19.00M (Peak 19.12M) | Time:00:00.00 | Mem:0.00M, Peak:0.00M | Scene, ViewLayer | Synchronizing object | door-left-front-b
Fra:1 Mem:19.05M (Peak 19.12M) | Time:00:00.00 | Mem:0.00M, Peak:0.00M | Scene, ViewLayer | Synchronizing object | door-left-rear-a
Fra:1 Mem:19.04M (Peak 19.12M) | Time:00:00.00 | Mem:0.00M, Peak:0.00M | Scene, ViewLayer | Synchronizing object | door-left-rear-b
Fra:1 Mem:19.05M (Peak 19.12M) | Time:00:00.00 | Mem:0.00M, Peak:0.00M | Scene, ViewLayer | Synchronizing object | wheel-rear-rear-right
Fra:1 Mem:19.08M (Peak 19.12M) | Time:00:00.00 | Mem:0.00M, Peak:0.00M | Scene, ViewLayer | Synchronizing object | door-right-center-a
Fra:1 Mem:19.09M (Peak 19.12M) | Time:00:00.00 | Mem:0.00M, Peak:0.00M | Scene, ViewLayer | Synchronizing object | wheel-rear-rear-left
Fra:1 Mem:19.09M (Peak 19.12M) | Time:00:00.00 | Mem:0.00M, Peak:0.00M | Scene, ViewLayer | Synchronizing object | door-right-center-b
Fra:1 Mem:19.11M (Peak 19.12M) | Time:00:00.00 | Mem:0.00M, Peak:0.00M | Scene, ViewLayer | Synchronizing object | wheel-rear-front-right
Fra:1 Mem:19.12M (Peak 19.12M) | Time:00:00.00 | Mem:0.00M, Peak:0.00M | Scene, ViewLayer | Synchronizing object | door-right-front-a
Fra:1 Mem:19.13M (Peak 19.13M) | Time:00:00.00 | Mem:0.00M, Peak:0.00M | Scene, ViewLayer | Synchronizing object | wheel-rear-front-left
Fra:1 Mem:19.14M (Peak 19.14M) | Time:00:00.00 | Mem:0.00M, Peak:0.00M | Scene, ViewLayer | Synchronizing object | door-right-front-b
Fra:1 Mem:19.15M (Peak 19.15M) | Time:00:00.00 | Mem:0.00M, Peak:0.00M | Scene, ViewLayer | Synchronizing object | wheel-front-rear-right
Fra:1 Mem:19.15M (Peak 19.15M) | Time:00:00.00 | Mem:0.00M, Peak:0.00M | Scene, ViewLayer | Synchronizing object | door-right-rear-a
Fra:1 Mem:19.14M (Peak 19.15M) | Time:00:00.00 | Mem:0.00M, Peak:0.00M | Scene, ViewLayer | Synchronizing object | wheel-front-rear-left
Fra:1 Mem:19.18M (Peak 19.18M) | Time:00:00.00 | Mem:0.00M, Peak:0.00M | Scene, ViewLayer | Synchronizing object | door-right-rear-b
Fra:1 Mem:19.19M (Peak 19.19M) | Time:00:00.00 | Mem:0.00M, Peak:0.00M | Scene, ViewLayer | Synchronizing object | glass
Fra:1 Mem:19.20M (Peak 19.20M) | Time:00:00.00 | Mem:0.00M, Peak:0.00M | Scene, ViewLayer | Synchronizing object | wheel-front-front-right
Fra:1 Mem:19.21M (Peak 19.21M) | Time:00:00.00 | Mem:0.00M, Peak:0.00M | Scene, ViewLayer | Synchronizing object | lights
Fra:1 Mem:19.22M (Peak 19.22M) | Time:00:00.00 | Mem:0.00M, Peak:0.00M | Scene, ViewLayer | Synchronizing object | wheel-front-front-left
Fra:1 Mem:19.21M (Peak 19.22M) | Time:00:00.00 | Mem:0.00M, Peak:0.00M | Scene, ViewLayer | Initializing
Fra:1 Mem:16.60M (Peak 19.22M) | Time:00:00.00 | Mem:0.00M, Peak:0.00M | Scene, ViewLayer | Waiting for render to start
Fra:1 Mem:16.60M (Peak 19.22M) | Time:00:00.00 | Mem:0.00M, Peak:0.00M | Scene, ViewLayer | Loading render kernels (may take a few minutes the first time)
Fra:1 Mem:16.60M (Peak 19.22M) | Time:00:00.00 | Mem:0.00M, Peak:0.00M | Scene, ViewLayer | Updating Scene
Fra:1 Mem:16.60M (Peak 19.22M) | Time:00:00.00 | Mem:0.00M, Peak:0.00M | Scene, ViewLayer | Updating Shaders
Fra:1 Mem:16.69M (Peak 19.22M) | Time:00:00.00 | Mem:0.01M, Peak:0.01M | Scene, ViewLayer | Updating Procedurals
Fra:1 Mem:16.69M (Peak 19.22M) | Time:00:00.00 | Mem:0.01M, Peak:0.01M | Scene, ViewLayer | Updating Background
Fra:1 Mem:16.69M (Peak 19.22M) | Time:00:00.00 | Mem:0.01M, Peak:0.01M | Scene, ViewLayer | Updating Camera
Fra:1 Mem:16.69M (Peak 19.22M) | Time:00:00.00 | Mem:0.01M, Peak:0.01M | Scene, ViewLayer | Updating Meshes Flags
Fra:1 Mem:16.69M (Peak 19.22M) | Time:00:00.00 | Mem:0.01M, Peak:0.01M | Scene, ViewLayer | Updating Objects
Fra:1 Mem:16.69M (Peak 19.22M) | Time:00:00.00 | Mem:0.01M, Peak:0.01M | Scene, ViewLayer | Updating Objects | Copying Transformations to device
Fra:1 Mem:16.70M (Peak 19.22M) | Time:00:00.00 | Mem:0.02M, Peak:0.02M | Scene, ViewLayer | Updating Objects | Applying Static Transformations
Fra:1 Mem:16.70M (Peak 19.22M) | Time:00:00.00 | Mem:0.02M, Peak:0.02M | Scene, ViewLayer | Updating Particle Systems
Fra:1 Mem:16.70M (Peak 19.22M) | Time:00:00.00 | Mem:0.02M, Peak:0.02M | Scene, ViewLayer | Updating Particle Systems | Copying Particles to device
Fra:1 Mem:16.70M (Peak 19.22M) | Time:00:00.00 | Mem:0.02M, Peak:0.02M | Scene, ViewLayer | Updating Meshes
Fra:1 Mem:16.75M (Peak 19.22M) | Time:00:00.00 | Mem:0.02M, Peak:0.02M | Scene, ViewLayer | Updating Mesh | Computing attributes
Fra:1 Mem:16.90M (Peak 19.22M) | Time:00:00.00 | Mem:0.02M, Peak:0.02M | Scene, ViewLayer | Updating Mesh | Copying Attributes to device
Fra:1 Mem:16.89M (Peak 19.22M) | Time:00:00.00 | Mem:0.16M, Peak:0.16M | Scene, ViewLayer | Updating Scene BVH | Building
Fra:1 Mem:16.89M (Peak 19.22M) | Time:00:00.00 | Mem:0.16M, Peak:0.16M | Scene, ViewLayer | Updating Scene BVH | Building BVH
Fra:1 Mem:16.89M (Peak 19.22M) | Time:00:00.00 | Mem:0.26M, Peak:0.26M | Scene, ViewLayer | Updating Scene BVH | Building BVH 0%
Fra:1 Mem:16.89M (Peak 19.22M) | Time:00:00.00 | Mem:0.39M, Peak:0.49M | Scene, ViewLayer | Updating Scene BVH | Copying BVH to device
Fra:1 Mem:16.89M (Peak 19.22M) | Time:00:00.00 | Mem:0.39M, Peak:0.49M | Scene, ViewLayer | Updating Mesh | Computing normals
Fra:1 Mem:17.27M (Peak 19.22M) | Time:00:00.00 | Mem:0.39M, Peak:0.49M | Scene, ViewLayer | Updating Mesh | Copying Mesh to device
Fra:1 Mem:17.27M (Peak 19.22M) | Time:00:00.00 | Mem:0.77M, Peak:0.77M | Scene, ViewLayer | Updating Objects Flags
Fra:1 Mem:17.27M (Peak 19.22M) | Time:00:00.00 | Mem:0.77M, Peak:0.77M | Scene, ViewLayer | Updating Primitive Offsets
Fra:1 Mem:17.27M (Peak 19.22M) | Time:00:00.00 | Mem:0.77M, Peak:0.77M | Scene, ViewLayer | Updating Images
Fra:1 Mem:17.27M (Peak 19.22M) | Time:00:00.00 | Mem:0.77M, Peak:0.77M | Scene, ViewLayer | Updating Camera Volume
Fra:1 Mem:17.27M (Peak 19.22M) | Time:00:00.00 | Mem:0.77M, Peak:0.77M | Scene, ViewLayer | Updating Lookup Tables
Fra:1 Mem:17.27M (Peak 19.22M) | Time:00:00.00 | Mem:0.85M, Peak:0.85M | Scene, ViewLayer | Updating Lights
Fra:1 Mem:17.27M (Peak 19.22M) | Time:00:00.00 | Mem:0.85M, Peak:0.85M | Scene, ViewLayer | Updating Lights | Computing tree
Fra:1 Mem:17.28M (Peak 19.22M) | Time:00:00.00 | Mem:0.86M, Peak:0.86M | Scene, ViewLayer | Updating Integrator
Fra:1 Mem:17.28M (Peak 19.22M) | Time:00:00.00 | Mem:0.86M, Peak:0.86M | Scene, ViewLayer | Updating Film
Fra:1 Mem:17.28M (Peak 19.22M) | Time:00:00.00 | Mem:0.77M, Peak:0.86M | Scene, ViewLayer | Updating Lookup Tables
Fra:1 Mem:17.28M (Peak 19.22M) | Time:00:00.00 | Mem:0.86M, Peak:0.86M | Scene, ViewLayer | Updating Baking
Fra:1 Mem:17.28M (Peak 19.22M) | Time:00:00.00 | Mem:0.86M, Peak:0.86M | Scene, ViewLayer | Updating Device | Writing constant memory
Fra:1 Mem:17.28M (Peak 19.22M) | Time:00:00.00 | Mem:0.86M, Peak:0.86M | Scene, ViewLayer | Sample 0/8
Fra:1 Mem:26.08M (Peak 26.08M) | Time:00:00.82 | Remaining:00:05.68 | Mem:9.65M, Peak:9.65M | Scene, ViewLayer | Sample 1/8
Fra:1 Mem:29.99M (Peak 37.80M) | Time:00:06.41 | Mem:9.65M, Peak:9.65M | Scene, ViewLayer | Sample 8/8
Fra:1 Mem:29.99M (Peak 37.80M) | Time:00:06.41 | Mem:9.65M, Peak:9.65M | Scene, ViewLayer | Finished
Saved: '/workspace/scratch/7c20b5ba4165/atlas-backlog-oct3/tools/assets/boardable-metro/qa/previews/tail-seat-left-02-eye.png'
Time: 00:06.45 (Saving: 00:00.03)

Fra:1 Mem:18.66M (Peak 18.66M) | Time:00:00.00 | Mem:0.00M, Peak:0.00M | Scene, ViewLayer | Synchronizing object | body-shell
Fra:1 Mem:19.06M (Peak 19.06M) | Time:00:00.00 | Mem:0.00M, Peak:0.00M | Scene, ViewLayer | Synchronizing object | QA-ground
Fra:1 Mem:19.11M (Peak 19.11M) | Time:00:00.00 | Mem:0.00M, Peak:0.00M | Scene, ViewLayer | Synchronizing object | interior-batch-metro-seat
Fra:1 Mem:19.08M (Peak 19.11M) | Time:00:00.00 | Mem:0.00M, Peak:0.00M | Scene, ViewLayer | Synchronizing object | interior-batch-metro-priority-seat
Fra:1 Mem:19.09M (Peak 19.11M) | Time:00:00.00 | Mem:0.00M, Peak:0.00M | Scene, ViewLayer | Synchronizing object | interior-batch-metro-screen
Fra:1 Mem:19.09M (Peak 19.11M) | Time:00:00.00 | Mem:0.00M, Peak:0.00M | Scene, ViewLayer | Synchronizing object | interior-batch-metro-rail
Fra:1 Mem:18.97M (Peak 19.11M) | Time:00:00.00 | Mem:0.00M, Peak:0.00M | Scene, ViewLayer | Synchronizing object | bogie-front-frame
Fra:1 Mem:19.00M (Peak 19.11M) | Time:00:00.00 | Mem:0.00M, Peak:0.00M | Scene, ViewLayer | Synchronizing object | bogie-rear-frame
Fra:1 Mem:19.07M (Peak 19.11M) | Time:00:00.00 | Mem:0.00M, Peak:0.00M | Scene, ViewLayer | Synchronizing object | door-left-center-a
Fra:1 Mem:19.05M (Peak 19.11M) | Time:00:00.00 | Mem:0.00M, Peak:0.00M | Scene, ViewLayer | Synchronizing object | door-left-center-b
Fra:1 Mem:19.00M (Peak 19.11M) | Time:00:00.00 | Mem:0.00M, Peak:0.00M | Scene, ViewLayer | Synchronizing object | door-left-front-a
Fra:1 Mem:18.98M (Peak 19.11M) | Time:00:00.00 | Mem:0.00M, Peak:0.00M | Scene, ViewLayer | Synchronizing object | interior-batch-metro-floor
Fra:1 Mem:19.01M (Peak 19.11M) | Time:00:00.00 | Mem:0.00M, Peak:0.00M | Scene, ViewLayer | Synchronizing object | interior-batch-metro-wall
Fra:1 Mem:19.00M (Peak 19.11M) | Time:00:00.00 | Mem:0.00M, Peak:0.00M | Scene, ViewLayer | Synchronizing object | door-left-front-b
Fra:1 Mem:19.05M (Peak 19.11M) | Time:00:00.00 | Mem:0.00M, Peak:0.00M | Scene, ViewLayer | Synchronizing object | door-left-rear-a
Fra:1 Mem:19.09M (Peak 19.11M) | Time:00:00.00 | Mem:0.00M, Peak:0.00M | Scene, ViewLayer | Synchronizing object | door-left-rear-b
Fra:1 Mem:19.07M (Peak 19.11M) | Time:00:00.00 | Mem:0.00M, Peak:0.00M | Scene, ViewLayer | Synchronizing object | wheel-rear-rear-right
Fra:1 Mem:19.07M (Peak 19.11M) | Time:00:00.00 | Mem:0.00M, Peak:0.00M | Scene, ViewLayer | Synchronizing object | door-right-center-a
Fra:1 Mem:19.07M (Peak 19.11M) | Time:00:00.00 | Mem:0.00M, Peak:0.00M | Scene, ViewLayer | Synchronizing object | wheel-rear-rear-left
Fra:1 Mem:19.10M (Peak 19.11M) | Time:00:00.00 | Mem:0.00M, Peak:0.00M | Scene, ViewLayer | Synchronizing object | door-right-center-b
Fra:1 Mem:19.09M (Peak 19.11M) | Time:00:00.00 | Mem:0.00M, Peak:0.00M | Scene, ViewLayer | Synchronizing object | wheel-rear-front-right
Fra:1 Mem:19.11M (Peak 19.11M) | Time:00:00.00 | Mem:0.00M, Peak:0.00M | Scene, ViewLayer | Synchronizing object | door-right-front-a
Fra:1 Mem:19.13M (Peak 19.13M) | Time:00:00.00 | Mem:0.00M, Peak:0.00M | Scene, ViewLayer | Synchronizing object | wheel-rear-front-left
Fra:1 Mem:19.13M (Peak 19.13M) | Time:00:00.00 | Mem:0.00M, Peak:0.00M | Scene, ViewLayer | Synchronizing object | door-right-front-b
Fra:1 Mem:19.15M (Peak 19.15M) | Time:00:00.00 | Mem:0.00M, Peak:0.00M | Scene, ViewLayer | Synchronizing object | wheel-front-rear-right
Fra:1 Mem:19.15M (Peak 19.15M) | Time:00:00.00 | Mem:0.00M, Peak:0.00M | Scene, ViewLayer | Synchronizing object | door-right-rear-a
Fra:1 Mem:19.16M (Peak 19.16M) | Time:00:00.00 | Mem:0.00M, Peak:0.00M | Scene, ViewLayer | Synchronizing object | wheel-front-rear-left
Fra:1 Mem:19.17M (Peak 19.17M) | Time:00:00.00 | Mem:0.00M, Peak:0.00M | Scene, ViewLayer | Synchronizing object | door-right-rear-b
Fra:1 Mem:19.18M (Peak 19.18M) | Time:00:00.00 | Mem:0.00M, Peak:0.00M | Scene, ViewLayer | Synchronizing object | wheel-front-front-right
Fra:1 Mem:19.20M (Peak 19.20M) | Time:00:00.00 | Mem:0.00M, Peak:0.00M | Scene, ViewLayer | Synchronizing object | glass
Fra:1 Mem:19.24M (Peak 19.24M) | Time:00:00.00 | Mem:0.00M, Peak:0.00M | Scene, ViewLayer | Synchronizing object | wheel-front-front-left
Fra:1 Mem:19.22M (Peak 19.24M) | Time:00:00.00 | Mem:0.00M, Peak:0.00M | Scene, ViewLayer | Synchronizing object | lights
Fra:1 Mem:19.21M (Peak 19.24M) | Time:00:00.00 | Mem:0.00M, Peak:0.00M | Scene, ViewLayer | Initializing
Fra:1 Mem:16.60M (Peak 19.24M) | Time:00:00.00 | Mem:0.00M, Peak:0.00M | Scene, ViewLayer | Waiting for render to start
Fra:1 Mem:16.60M (Peak 19.24M) | Time:00:00.00 | Mem:0.00M, Peak:0.00M | Scene, ViewLayer | Loading render kernels (may take a few minutes the first time)
Fra:1 Mem:16.60M (Peak 19.24M) | Time:00:00.00 | Mem:0.00M, Peak:0.00M | Scene, ViewLayer | Updating Scene
Fra:1 Mem:16.60M (Peak 19.24M) | Time:00:00.00 | Mem:0.00M, Peak:0.00M | Scene, ViewLayer | Updating Shaders
Fra:1 Mem:16.70M (Peak 19.24M) | Time:00:00.00 | Mem:0.01M, Peak:0.01M | Scene, ViewLayer | Updating Procedurals
Fra:1 Mem:16.70M (Peak 19.24M) | Time:00:00.00 | Mem:0.01M, Peak:0.01M | Scene, ViewLayer | Updating Background
Fra:1 Mem:16.70M (Peak 19.24M) | Time:00:00.00 | Mem:0.01M, Peak:0.01M | Scene, ViewLayer | Updating Camera
Fra:1 Mem:16.70M (Peak 19.24M) | Time:00:00.00 | Mem:0.01M, Peak:0.01M | Scene, ViewLayer | Updating Meshes Flags
Fra:1 Mem:16.70M (Peak 19.24M) | Time:00:00.00 | Mem:0.01M, Peak:0.01M | Scene, ViewLayer | Updating Objects
Fra:1 Mem:16.70M (Peak 19.24M) | Time:00:00.00 | Mem:0.01M, Peak:0.01M | Scene, ViewLayer | Updating Objects | Copying Transformations to device
Fra:1 Mem:16.70M (Peak 19.24M) | Time:00:00.00 | Mem:0.02M, Peak:0.02M | Scene, ViewLayer | Updating Objects | Applying Static Transformations
Fra:1 Mem:16.70M (Peak 19.24M) | Time:00:00.00 | Mem:0.02M, Peak:0.02M | Scene, ViewLayer | Updating Particle Systems
Fra:1 Mem:16.70M (Peak 19.24M) | Time:00:00.00 | Mem:0.02M, Peak:0.02M | Scene, ViewLayer | Updating Particle Systems | Copying Particles to device
Fra:1 Mem:16.70M (Peak 19.24M) | Time:00:00.00 | Mem:0.02M, Peak:0.02M | Scene, ViewLayer | Updating Meshes
Fra:1 Mem:16.76M (Peak 19.24M) | Time:00:00.00 | Mem:0.02M, Peak:0.02M | Scene, ViewLayer | Updating Mesh | Computing attributes
Fra:1 Mem:16.90M (Peak 19.24M) | Time:00:00.00 | Mem:0.02M, Peak:0.02M | Scene, ViewLayer | Updating Mesh | Copying Attributes to device
Fra:1 Mem:16.89M (Peak 19.24M) | Time:00:00.00 | Mem:0.16M, Peak:0.16M | Scene, ViewLayer | Updating Scene BVH | Building
Fra:1 Mem:16.90M (Peak 19.24M) | Time:00:00.00 | Mem:0.16M, Peak:0.16M | Scene, ViewLayer | Updating Scene BVH | Building BVH
Fra:1 Mem:16.90M (Peak 19.24M) | Time:00:00.00 | Mem:0.26M, Peak:0.26M | Scene, ViewLayer | Updating Scene BVH | Building BVH 0%
Fra:1 Mem:16.90M (Peak 19.24M) | Time:00:00.00 | Mem:0.39M, Peak:0.49M | Scene, ViewLayer | Updating Scene BVH | Copying BVH to device
Fra:1 Mem:16.90M (Peak 19.24M) | Time:00:00.00 | Mem:0.39M, Peak:0.49M | Scene, ViewLayer | Updating Mesh | Computing normals
Fra:1 Mem:17.27M (Peak 19.24M) | Time:00:00.00 | Mem:0.39M, Peak:0.49M | Scene, ViewLayer | Updating Mesh | Copying Mesh to device
Fra:1 Mem:17.27M (Peak 19.24M) | Time:00:00.00 | Mem:0.77M, Peak:0.77M | Scene, ViewLayer | Updating Objects Flags
Fra:1 Mem:17.27M (Peak 19.24M) | Time:00:00.00 | Mem:0.77M, Peak:0.77M | Scene, ViewLayer | Updating Primitive Offsets
Fra:1 Mem:17.27M (Peak 19.24M) | Time:00:00.00 | Mem:0.77M, Peak:0.77M | Scene, ViewLayer | Updating Images
Fra:1 Mem:17.27M (Peak 19.24M) | Time:00:00.00 | Mem:0.77M, Peak:0.77M | Scene, ViewLayer | Updating Camera Volume
Fra:1 Mem:17.27M (Peak 19.24M) | Time:00:00.00 | Mem:0.77M, Peak:0.77M | Scene, ViewLayer | Updating Lookup Tables
Fra:1 Mem:17.27M (Peak 19.24M) | Time:00:00.00 | Mem:0.85M, Peak:0.85M | Scene, ViewLayer | Updating Lights
Fra:1 Mem:17.27M (Peak 19.24M) | Time:00:00.00 | Mem:0.85M, Peak:0.85M | Scene, ViewLayer | Updating Lights | Computing tree
Fra:1 Mem:17.28M (Peak 19.24M) | Time:00:00.00 | Mem:0.86M, Peak:0.86M | Scene, ViewLayer | Updating Integrator
Fra:1 Mem:17.28M (Peak 19.24M) | Time:00:00.00 | Mem:0.86M, Peak:0.86M | Scene, ViewLayer | Updating Film
Fra:1 Mem:17.28M (Peak 19.24M) | Time:00:00.00 | Mem:0.77M, Peak:0.86M | Scene, ViewLayer | Updating Lookup Tables
Fra:1 Mem:17.28M (Peak 19.24M) | Time:00:00.00 | Mem:0.86M, Peak:0.86M | Scene, ViewLayer | Updating Baking
Fra:1 Mem:17.28M (Peak 19.24M) | Time:00:00.00 | Mem:0.86M, Peak:0.86M | Scene, ViewLayer | Updating Device | Writing constant memory
Fra:1 Mem:17.28M (Peak 19.24M) | Time:00:00.00 | Mem:0.86M, Peak:0.86M | Scene, ViewLayer | Sample 0/8
Fra:1 Mem:26.08M (Peak 26.08M) | Time:00:00.72 | Remaining:00:05.01 | Mem:9.65M, Peak:9.65M | Scene, ViewLayer | Sample 1/8
Fra:1 Mem:29.99M (Peak 37.80M) | Time:00:05.42 | Mem:9.65M, Peak:9.65M | Scene, ViewLayer | Sample 8/8
Fra:1 Mem:29.99M (Peak 37.80M) | Time:00:05.42 | Mem:9.65M, Peak:9.65M | Scene, ViewLayer | Finished
Saved: '/workspace/scratch/7c20b5ba4165/atlas-backlog-oct3/tools/assets/boardable-metro/qa/previews/tail-seat-left-03-eye.png'
Time: 00:05.46 (Saving: 00:00.04)

Fra:1 Mem:18.66M (Peak 18.66M) | Time:00:00.00 | Mem:0.00M, Peak:0.00M | Scene, ViewLayer | Synchronizing object | body-shell
Fra:1 Mem:19.05M (Peak 19.05M) | Time:00:00.00 | Mem:0.00M, Peak:0.00M | Scene, ViewLayer | Synchronizing object | QA-ground
Fra:1 Mem:19.05M (Peak 19.05M) | Time:00:00.00 | Mem:0.00M, Peak:0.00M | Scene, ViewLayer | Synchronizing object | interior-batch-metro-seat
Fra:1 Mem:18.81M (Peak 19.05M) | Time:00:00.00 | Mem:0.00M, Peak:0.00M | Scene, ViewLayer | Synchronizing object | interior-batch-metro-priority-seat
Fra:1 Mem:18.91M (Peak 19.05M) | Time:00:00.00 | Mem:0.00M, Peak:0.00M | Scene, ViewLayer | Synchronizing object | interior-batch-metro-screen
Fra:1 Mem:18.92M (Peak 19.05M) | Time:00:00.00 | Mem:0.00M, Peak:0.00M | Scene, ViewLayer | Synchronizing object | interior-batch-metro-rail
Fra:1 Mem:18.96M (Peak 19.05M) | Time:00:00.00 | Mem:0.00M, Peak:0.00M | Scene, ViewLayer | Synchronizing object | bogie-front-frame
Fra:1 Mem:18.96M (Peak 19.05M) | Time:00:00.00 | Mem:0.00M, Peak:0.00M | Scene, ViewLayer | Synchronizing object | interior-batch-metro-floor
Fra:1 Mem:18.96M (Peak 19.05M) | Time:00:00.00 | Mem:0.00M, Peak:0.00M | Scene, ViewLayer | Synchronizing object | interior-batch-metro-wall
Fra:1 Mem:18.97M (Peak 19.05M) | Time:00:00.00 | Mem:0.00M, Peak:0.00M | Scene, ViewLayer | Synchronizing object | bogie-rear-frame
Fra:1 Mem:19.05M (Peak 19.05M) | Time:00:00.00 | Mem:0.00M, Peak:0.00M | Scene, ViewLayer | Synchronizing object | door-left-center-a
Fra:1 Mem:19.02M (Peak 19.05M) | Time:00:00.00 | Mem:0.00M, Peak:0.00M | Scene, ViewLayer | Synchronizing object | door-left-center-b
Fra:1 Mem:19.01M (Peak 19.05M) | Time:00:00.00 | Mem:0.00M, Peak:0.00M | Scene, ViewLayer | Synchronizing object | door-left-front-a
Fra:1 Mem:19.04M (Peak 19.05M) | Time:00:00.00 | Mem:0.00M, Peak:0.00M | Scene, ViewLayer | Synchronizing object | wheel-rear-rear-right
Fra:1 Mem:19.05M (Peak 19.05M) | Time:00:00.00 | Mem:0.00M, Peak:0.00M | Scene, ViewLayer | Synchronizing object | door-left-front-b
Fra:1 Mem:19.06M (Peak 19.06M) | Time:00:00.00 | Mem:0.00M, Peak:0.00M | Scene, ViewLayer | Synchronizing object | wheel-rear-rear-left
Fra:1 Mem:19.07M (Peak 19.07M) | Time:00:00.00 | Mem:0.00M, Peak:0.00M | Scene, ViewLayer | Synchronizing object | door-left-rear-a
Fra:1 Mem:19.06M (Peak 19.07M) | Time:00:00.00 | Mem:0.00M, Peak:0.00M | Scene, ViewLayer | Synchronizing object | wheel-rear-front-right
Fra:1 Mem:19.08M (Peak 19.08M) | Time:00:00.00 | Mem:0.00M, Peak:0.00M | Scene, ViewLayer | Synchronizing object | door-left-rear-b
Fra:1 Mem:19.10M (Peak 19.10M) | Time:00:00.00 | Mem:0.00M, Peak:0.00M | Scene, ViewLayer | Synchronizing object | wheel-rear-front-left
Fra:1 Mem:19.11M (Peak 19.11M) | Time:00:00.00 | Mem:0.00M, Peak:0.00M | Scene, ViewLayer | Synchronizing object | door-right-center-a
Fra:1 Mem:19.12M (Peak 19.12M) | Time:00:00.00 | Mem:0.00M, Peak:0.00M | Scene, ViewLayer | Synchronizing object | wheel-front-rear-right
Fra:1 Mem:19.13M (Peak 19.13M) | Time:00:00.00 | Mem:0.00M, Peak:0.00M | Scene, ViewLayer | Synchronizing object | door-right-center-b
Fra:1 Mem:19.12M (Peak 19.13M) | Time:00:00.00 | Mem:0.00M, Peak:0.00M | Scene, ViewLayer | Synchronizing object | wheel-front-rear-left
Fra:1 Mem:19.15M (Peak 19.15M) | Time:00:00.00 | Mem:0.00M, Peak:0.00M | Scene, ViewLayer | Synchronizing object | door-right-front-a
Fra:1 Mem:19.16M (Peak 19.16M) | Time:00:00.00 | Mem:0.00M, Peak:0.00M | Scene, ViewLayer | Synchronizing object | wheel-front-front-right
Fra:1 Mem:19.16M (Peak 19.16M) | Time:00:00.00 | Mem:0.00M, Peak:0.00M | Scene, ViewLayer | Synchronizing object | door-right-front-b
Fra:1 Mem:19.18M (Peak 19.18M) | Time:00:00.00 | Mem:0.00M, Peak:0.00M | Scene, ViewLayer | Synchronizing object | wheel-front-front-left
Fra:1 Mem:19.18M (Peak 19.18M) | Time:00:00.00 | Mem:0.00M, Peak:0.00M | Scene, ViewLayer | Synchronizing object | door-right-rear-a
Fra:1 Mem:19.20M (Peak 19.20M) | Time:00:00.00 | Mem:0.00M, Peak:0.00M | Scene, ViewLayer | Synchronizing object | lights
Fra:1 Mem:19.20M (Peak 19.20M) | Time:00:00.00 | Mem:0.00M, Peak:0.00M | Scene, ViewLayer | Synchronizing object | glass
Fra:1 Mem:19.18M (Peak 19.20M) | Time:00:00.00 | Mem:0.00M, Peak:0.00M | Scene, ViewLayer | Synchronizing object | door-right-rear-b
Fra:1 Mem:19.21M (Peak 19.21M) | Time:00:00.00 | Mem:0.00M, Peak:0.00M | Scene, ViewLayer | Initializing
Fra:1 Mem:16.60M (Peak 19.21M) | Time:00:00.00 | Mem:0.00M, Peak:0.00M | Scene, ViewLayer | Waiting for render to start
Fra:1 Mem:16.60M (Peak 19.21M) | Time:00:00.00 | Mem:0.00M, Peak:0.00M | Scene, ViewLayer | Loading render kernels (may take a few minutes the first time)
Fra:1 Mem:16.60M (Peak 19.21M) | Time:00:00.00 | Mem:0.00M, Peak:0.00M | Scene, ViewLayer | Updating Scene
Fra:1 Mem:16.60M (Peak 19.21M) | Time:00:00.00 | Mem:0.00M, Peak:0.00M | Scene, ViewLayer | Updating Shaders
Fra:1 Mem:16.70M (Peak 19.21M) | Time:00:00.00 | Mem:0.01M, Peak:0.01M | Scene, ViewLayer | Updating Procedurals
Fra:1 Mem:16.70M (Peak 19.21M) | Time:00:00.00 | Mem:0.01M, Peak:0.01M | Scene, ViewLayer | Updating Background
Fra:1 Mem:16.70M (Peak 19.21M) | Time:00:00.00 | Mem:0.01M, Peak:0.01M | Scene, ViewLayer | Updating Camera
Fra:1 Mem:16.70M (Peak 19.21M) | Time:00:00.00 | Mem:0.01M, Peak:0.01M | Scene, ViewLayer | Updating Meshes Flags
Fra:1 Mem:16.70M (Peak 19.21M) | Time:00:00.00 | Mem:0.01M, Peak:0.01M | Scene, ViewLayer | Updating Objects
Fra:1 Mem:16.70M (Peak 19.21M) | Time:00:00.00 | Mem:0.01M, Peak:0.01M | Scene, ViewLayer | Updating Objects | Copying Transformations to device
Fra:1 Mem:16.70M (Peak 19.21M) | Time:00:00.00 | Mem:0.02M, Peak:0.02M | Scene, ViewLayer | Updating Objects | Applying Static Transformations
Fra:1 Mem:16.70M (Peak 19.21M) | Time:00:00.00 | Mem:0.02M, Peak:0.02M | Scene, ViewLayer | Updating Particle Systems
Fra:1 Mem:16.70M (Peak 19.21M) | Time:00:00.00 | Mem:0.02M, Peak:0.02M | Scene, ViewLayer | Updating Particle Systems | Copying Particles to device
Fra:1 Mem:16.70M (Peak 19.21M) | Time:00:00.00 | Mem:0.02M, Peak:0.02M | Scene, ViewLayer | Updating Meshes
Fra:1 Mem:16.76M (Peak 19.21M) | Time:00:00.00 | Mem:0.02M, Peak:0.02M | Scene, ViewLayer | Updating Mesh | Computing attributes
Fra:1 Mem:16.90M (Peak 19.21M) | Time:00:00.00 | Mem:0.02M, Peak:0.02M | Scene, ViewLayer | Updating Mesh | Copying Attributes to device
Fra:1 Mem:16.90M (Peak 19.21M) | Time:00:00.00 | Mem:0.16M, Peak:0.16M | Scene, ViewLayer | Updating Scene BVH | Building
Fra:1 Mem:16.90M (Peak 19.21M) | Time:00:00.00 | Mem:0.16M, Peak:0.16M | Scene, ViewLayer | Updating Scene BVH | Building BVH
Fra:1 Mem:16.90M (Peak 19.21M) | Time:00:00.00 | Mem:0.26M, Peak:0.26M | Scene, ViewLayer | Updating Scene BVH | Building BVH 0%
Fra:1 Mem:16.90M (Peak 19.21M) | Time:00:00.00 | Mem:0.39M, Peak:0.49M | Scene, ViewLayer | Updating Scene BVH | Copying BVH to device
Fra:1 Mem:16.90M (Peak 19.21M) | Time:00:00.00 | Mem:0.39M, Peak:0.49M | Scene, ViewLayer | Updating Mesh | Computing normals
Fra:1 Mem:17.27M (Peak 19.21M) | Time:00:00.00 | Mem:0.39M, Peak:0.49M | Scene, ViewLayer | Updating Mesh | Copying Mesh to device
Fra:1 Mem:17.27M (Peak 19.21M) | Time:00:00.00 | Mem:0.77M, Peak:0.77M | Scene, ViewLayer | Updating Objects Flags
Fra:1 Mem:17.27M (Peak 19.21M) | Time:00:00.00 | Mem:0.77M, Peak:0.77M | Scene, ViewLayer | Updating Primitive Offsets
Fra:1 Mem:17.27M (Peak 19.21M) | Time:00:00.00 | Mem:0.77M, Peak:0.77M | Scene, ViewLayer | Updating Images
Fra:1 Mem:17.27M (Peak 19.21M) | Time:00:00.00 | Mem:0.77M, Peak:0.77M | Scene, ViewLayer | Updating Camera Volume
Fra:1 Mem:17.27M (Peak 19.21M) | Time:00:00.00 | Mem:0.77M, Peak:0.77M | Scene, ViewLayer | Updating Lookup Tables
Fra:1 Mem:17.27M (Peak 19.21M) | Time:00:00.00 | Mem:0.85M, Peak:0.85M | Scene, ViewLayer | Updating Lights
Fra:1 Mem:17.28M (Peak 19.21M) | Time:00:00.00 | Mem:0.85M, Peak:0.85M | Scene, ViewLayer | Updating Lights | Computing tree
Fra:1 Mem:17.28M (Peak 19.21M) | Time:00:00.00 | Mem:0.86M, Peak:0.86M | Scene, ViewLayer | Updating Integrator
Fra:1 Mem:17.28M (Peak 19.21M) | Time:00:00.00 | Mem:0.86M, Peak:0.86M | Scene, ViewLayer | Updating Film
Fra:1 Mem:17.28M (Peak 19.21M) | Time:00:00.00 | Mem:0.77M, Peak:0.86M | Scene, ViewLayer | Updating Lookup Tables
Fra:1 Mem:17.28M (Peak 19.21M) | Time:00:00.00 | Mem:0.86M, Peak:0.86M | Scene, ViewLayer | Updating Baking
Fra:1 Mem:17.28M (Peak 19.21M) | Time:00:00.00 | Mem:0.86M, Peak:0.86M | Scene, ViewLayer | Updating Device | Writing constant memory
Fra:1 Mem:17.28M (Peak 19.21M) | Time:00:00.00 | Mem:0.86M, Peak:0.86M | Scene, ViewLayer | Sample 0/8
Fra:1 Mem:26.08M (Peak 26.08M) | Time:00:00.77 | Remaining:00:05.36 | Mem:9.65M, Peak:9.65M | Scene, ViewLayer | Sample 1/8
Fra:1 Mem:29.99M (Peak 37.80M) | Time:00:05.98 | Mem:9.65M, Peak:9.65M | Scene, ViewLayer | Sample 8/8
Fra:1 Mem:29.99M (Peak 37.80M) | Time:00:05.98 | Mem:9.65M, Peak:9.65M | Scene, ViewLayer | Finished
Saved: '/workspace/scratch/7c20b5ba4165/atlas-backlog-oct3/tools/assets/boardable-metro/qa/previews/tail-seat-left-04-eye.png'
Time: 00:06.02 (Saving: 00:00.03)

Fra:1 Mem:18.67M (Peak 18.67M) | Time:00:00.00 | Mem:0.00M, Peak:0.00M | Scene, ViewLayer | Synchronizing object | body-shell
Fra:1 Mem:19.13M (Peak 19.13M) | Time:00:00.00 | Mem:0.00M, Peak:0.00M | Scene, ViewLayer | Synchronizing object | QA-ground
Fra:1 Mem:19.12M (Peak 19.13M) | Time:00:00.00 | Mem:0.00M, Peak:0.00M | Scene, ViewLayer | Synchronizing object | interior-batch-metro-seat
Fra:1 Mem:19.08M (Peak 19.13M) | Time:00:00.00 | Mem:0.00M, Peak:0.00M | Scene, ViewLayer | Synchronizing object | interior-batch-metro-priority-seat
Fra:1 Mem:19.09M (Peak 19.13M) | Time:00:00.00 | Mem:0.00M, Peak:0.00M | Scene, ViewLayer | Synchronizing object | interior-batch-metro-screen
Fra:1 Mem:18.99M (Peak 19.13M) | Time:00:00.00 | Mem:0.00M, Peak:0.00M | Scene, ViewLayer | Synchronizing object | interior-batch-metro-rail
Fra:1 Mem:18.98M (Peak 19.13M) | Time:00:00.00 | Mem:0.00M, Peak:0.00M | Scene, ViewLayer | Synchronizing object | bogie-front-frame
Fra:1 Mem:18.99M (Peak 19.13M) | Time:00:00.00 | Mem:0.00M, Peak:0.00M | Scene, ViewLayer | Synchronizing object | bogie-rear-frame
Fra:1 Mem:19.08M (Peak 19.13M) | Time:00:00.00 | Mem:0.00M, Peak:0.00M | Scene, ViewLayer | Synchronizing object | door-left-center-a
Fra:1 Mem:19.09M (Peak 19.13M) | Time:00:00.00 | Mem:0.00M, Peak:0.00M | Scene, ViewLayer | Synchronizing object | door-left-center-b
Fra:1 Mem:19.01M (Peak 19.13M) | Time:00:00.00 | Mem:0.00M, Peak:0.00M | Scene, ViewLayer | Synchronizing object | door-left-front-a
Fra:1 Mem:19.00M (Peak 19.13M) | Time:00:00.00 | Mem:0.00M, Peak:0.00M | Scene, ViewLayer | Synchronizing object | interior-batch-metro-floor
Fra:1 Mem:19.00M (Peak 19.13M) | Time:00:00.00 | Mem:0.00M, Peak:0.00M | Scene, ViewLayer | Synchronizing object | door-left-front-b
Fra:1 Mem:19.00M (Peak 19.13M) | Time:00:00.00 | Mem:0.00M, Peak:0.00M | Scene, ViewLayer | Synchronizing object | interior-batch-metro-wall
Fra:1 Mem:19.09M (Peak 19.13M) | Time:00:00.00 | Mem:0.00M, Peak:0.00M | Scene, ViewLayer | Synchronizing object | door-left-rear-a
Fra:1 Mem:19.10M (Peak 19.13M) | Time:00:00.00 | Mem:0.00M, Peak:0.00M | Scene, ViewLayer | Synchronizing object | door-left-rear-b
Fra:1 Mem:19.06M (Peak 19.13M) | Time:00:00.00 | Mem:0.00M, Peak:0.00M | Scene, ViewLayer | Synchronizing object | wheel-rear-rear-right
Fra:1 Mem:19.09M (Peak 19.13M) | Time:00:00.00 | Mem:0.00M, Peak:0.00M | Scene, ViewLayer | Synchronizing object | door-right-center-a
Fra:1 Mem:19.08M (Peak 19.13M) | Time:00:00.00 | Mem:0.00M, Peak:0.00M | Scene, ViewLayer | Synchronizing object | wheel-rear-rear-left
Fra:1 Mem:19.11M (Peak 19.13M) | Time:00:00.00 | Mem:0.00M, Peak:0.00M | Scene, ViewLayer | Synchronizing object | door-right-center-b
Fra:1 Mem:19.11M (Peak 19.13M) | Time:00:00.00 | Mem:0.00M, Peak:0.00M | Scene, ViewLayer | Synchronizing object | wheel-rear-front-right
Fra:1 Mem:19.12M (Peak 19.13M) | Time:00:00.00 | Mem:0.00M, Peak:0.00M | Scene, ViewLayer | Synchronizing object | door-right-front-a
Fra:1 Mem:19.13M (Peak 19.13M) | Time:00:00.00 | Mem:0.00M, Peak:0.00M | Scene, ViewLayer | Synchronizing object | wheel-rear-front-left
Fra:1 Mem:19.14M (Peak 19.14M) | Time:00:00.00 | Mem:0.00M, Peak:0.00M | Scene, ViewLayer | Synchronizing object | door-right-front-b
Fra:1 Mem:19.15M (Peak 19.15M) | Time:00:00.00 | Mem:0.00M, Peak:0.00M | Scene, ViewLayer | Synchronizing object | wheel-front-rear-right
Fra:1 Mem:19.16M (Peak 19.16M) | Time:00:00.00 | Mem:0.00M, Peak:0.00M | Scene, ViewLayer | Synchronizing object | door-right-rear-a
Fra:1 Mem:19.17M (Peak 19.17M) | Time:00:00.00 | Mem:0.00M, Peak:0.00M | Scene, ViewLayer | Synchronizing object | wheel-front-rear-left
Fra:1 Mem:19.18M (Peak 19.18M) | Time:00:00.00 | Mem:0.00M, Peak:0.00M | Scene, ViewLayer | Synchronizing object | door-right-rear-b
Fra:1 Mem:19.18M (Peak 19.18M) | Time:00:00.00 | Mem:0.00M, Peak:0.00M | Scene, ViewLayer | Synchronizing object | wheel-front-front-right
Fra:1 Mem:19.20M (Peak 19.20M) | Time:00:00.00 | Mem:0.00M, Peak:0.00M | Scene, ViewLayer | Synchronizing object | glass
Fra:1 Mem:19.26M (Peak 19.26M) | Time:00:00.00 | Mem:0.00M, Peak:0.00M | Scene, ViewLayer | Synchronizing object | wheel-front-front-left
Fra:1 Mem:19.24M (Peak 19.26M) | Time:00:00.00 | Mem:0.00M, Peak:0.00M | Scene, ViewLayer | Synchronizing object | lights
Fra:1 Mem:19.22M (Peak 19.26M) | Time:00:00.00 | Mem:0.00M, Peak:0.00M | Scene, ViewLayer | Initializing
Fra:1 Mem:16.61M (Peak 19.26M) | Time:00:00.00 | Mem:0.00M, Peak:0.00M | Scene, ViewLayer | Waiting for render to start
Fra:1 Mem:16.61M (Peak 19.26M) | Time:00:00.00 | Mem:0.00M, Peak:0.00M | Scene, ViewLayer | Loading render kernels (may take a few minutes the first time)
Fra:1 Mem:16.61M (Peak 19.26M) | Time:00:00.00 | Mem:0.00M, Peak:0.00M | Scene, ViewLayer | Updating Scene
Fra:1 Mem:16.61M (Peak 19.26M) | Time:00:00.00 | Mem:0.00M, Peak:0.00M | Scene, ViewLayer | Updating Shaders
Fra:1 Mem:16.70M (Peak 19.26M) | Time:00:00.00 | Mem:0.01M, Peak:0.01M | Scene, ViewLayer | Updating Procedurals
Fra:1 Mem:16.70M (Peak 19.26M) | Time:00:00.00 | Mem:0.01M, Peak:0.01M | Scene, ViewLayer | Updating Background
Fra:1 Mem:16.70M (Peak 19.26M) | Time:00:00.00 | Mem:0.01M, Peak:0.01M | Scene, ViewLayer | Updating Camera
Fra:1 Mem:16.70M (Peak 19.26M) | Time:00:00.00 | Mem:0.01M, Peak:0.01M | Scene, ViewLayer | Updating Meshes Flags
Fra:1 Mem:16.70M (Peak 19.26M) | Time:00:00.00 | Mem:0.01M, Peak:0.01M | Scene, ViewLayer | Updating Objects
Fra:1 Mem:16.70M (Peak 19.26M) | Time:00:00.00 | Mem:0.01M, Peak:0.01M | Scene, ViewLayer | Updating Objects | Copying Transformations to device
Fra:1 Mem:16.71M (Peak 19.26M) | Time:00:00.00 | Mem:0.02M, Peak:0.02M | Scene, ViewLayer | Updating Objects | Applying Static Transformations
Fra:1 Mem:16.71M (Peak 19.26M) | Time:00:00.00 | Mem:0.02M, Peak:0.02M | Scene, ViewLayer | Updating Particle Systems
Fra:1 Mem:16.71M (Peak 19.26M) | Time:00:00.00 | Mem:0.02M, Peak:0.02M | Scene, ViewLayer | Updating Particle Systems | Copying Particles to device
Fra:1 Mem:16.71M (Peak 19.26M) | Time:00:00.00 | Mem:0.02M, Peak:0.02M | Scene, ViewLayer | Updating Meshes
Fra:1 Mem:16.76M (Peak 19.26M) | Time:00:00.00 | Mem:0.02M, Peak:0.02M | Scene, ViewLayer | Updating Mesh | Computing attributes
Fra:1 Mem:16.90M (Peak 19.26M) | Time:00:00.00 | Mem:0.02M, Peak:0.02M | Scene, ViewLayer | Updating Mesh | Copying Attributes to device
Fra:1 Mem:16.90M (Peak 19.26M) | Time:00:00.00 | Mem:0.16M, Peak:0.16M | Scene, ViewLayer | Updating Scene BVH | Building
Fra:1 Mem:16.90M (Peak 19.26M) | Time:00:00.00 | Mem:0.16M, Peak:0.16M | Scene, ViewLayer | Updating Scene BVH | Building BVH
Fra:1 Mem:16.90M (Peak 19.26M) | Time:00:00.00 | Mem:0.26M, Peak:0.26M | Scene, ViewLayer | Updating Scene BVH | Building BVH 0%
Fra:1 Mem:16.90M (Peak 19.26M) | Time:00:00.00 | Mem:0.39M, Peak:0.49M | Scene, ViewLayer | Updating Scene BVH | Copying BVH to device
Fra:1 Mem:16.90M (Peak 19.26M) | Time:00:00.00 | Mem:0.39M, Peak:0.49M | Scene, ViewLayer | Updating Mesh | Computing normals
Fra:1 Mem:17.28M (Peak 19.26M) | Time:00:00.00 | Mem:0.39M, Peak:0.49M | Scene, ViewLayer | Updating Mesh | Copying Mesh to device
Fra:1 Mem:17.28M (Peak 19.26M) | Time:00:00.00 | Mem:0.77M, Peak:0.77M | Scene, ViewLayer | Updating Objects Flags
Fra:1 Mem:17.28M (Peak 19.26M) | Time:00:00.00 | Mem:0.77M, Peak:0.77M | Scene, ViewLayer | Updating Primitive Offsets
Fra:1 Mem:17.28M (Peak 19.26M) | Time:00:00.00 | Mem:0.77M, Peak:0.77M | Scene, ViewLayer | Updating Images
Fra:1 Mem:17.28M (Peak 19.26M) | Time:00:00.00 | Mem:0.77M, Peak:0.77M | Scene, ViewLayer | Updating Camera Volume
Fra:1 Mem:17.28M (Peak 19.26M) | Time:00:00.00 | Mem:0.77M, Peak:0.77M | Scene, ViewLayer | Updating Lookup Tables
Fra:1 Mem:17.28M (Peak 19.26M) | Time:00:00.00 | Mem:0.85M, Peak:0.85M | Scene, ViewLayer | Updating Lights
Fra:1 Mem:17.28M (Peak 19.26M) | Time:00:00.00 | Mem:0.85M, Peak:0.85M | Scene, ViewLayer | Updating Lights | Computing tree
Fra:1 Mem:17.28M (Peak 19.26M) | Time:00:00.00 | Mem:0.86M, Peak:0.86M | Scene, ViewLayer | Updating Integrator
Fra:1 Mem:17.28M (Peak 19.26M) | Time:00:00.00 | Mem:0.86M, Peak:0.86M | Scene, ViewLayer | Updating Film
Fra:1 Mem:17.29M (Peak 19.26M) | Time:00:00.00 | Mem:0.77M, Peak:0.86M | Scene, ViewLayer | Updating Lookup Tables
Fra:1 Mem:17.29M (Peak 19.26M) | Time:00:00.00 | Mem:0.86M, Peak:0.86M | Scene, ViewLayer | Updating Baking
Fra:1 Mem:17.29M (Peak 19.26M) | Time:00:00.00 | Mem:0.86M, Peak:0.86M | Scene, ViewLayer | Updating Device | Writing constant memory
Fra:1 Mem:17.29M (Peak 19.26M) | Time:00:00.00 | Mem:0.86M, Peak:0.86M | Scene, ViewLayer | Sample 0/8
Fra:1 Mem:26.08M (Peak 26.08M) | Time:00:00.73 | Remaining:00:05.09 | Mem:9.65M, Peak:9.65M | Scene, ViewLayer | Sample 1/8
Fra:1 Mem:29.99M (Peak 37.81M) | Time:00:05.65 | Mem:9.65M, Peak:9.65M | Scene, ViewLayer | Sample 8/8
Fra:1 Mem:29.99M (Peak 37.81M) | Time:00:05.65 | Mem:9.65M, Peak:9.65M | Scene, ViewLayer | Finished
Saved: '/workspace/scratch/7c20b5ba4165/atlas-backlog-oct3/tools/assets/boardable-metro/qa/previews/tail-seat-left-05-eye.png'
Time: 00:05.69 (Saving: 00:00.04)

Fra:1 Mem:18.67M (Peak 18.67M) | Time:00:00.00 | Mem:0.00M, Peak:0.00M | Scene, ViewLayer | Synchronizing object | body-shell
Fra:1 Mem:19.13M (Peak 19.13M) | Time:00:00.00 | Mem:0.00M, Peak:0.00M | Scene, ViewLayer | Synchronizing object | QA-ground
Fra:1 Mem:19.13M (Peak 19.13M) | Time:00:00.00 | Mem:0.00M, Peak:0.00M | Scene, ViewLayer | Synchronizing object | interior-batch-metro-seat
Fra:1 Mem:19.09M (Peak 19.13M) | Time:00:00.00 | Mem:0.00M, Peak:0.00M | Scene, ViewLayer | Synchronizing object | interior-batch-metro-priority-seat
Fra:1 Mem:19.09M (Peak 19.13M) | Time:00:00.00 | Mem:0.00M, Peak:0.00M | Scene, ViewLayer | Synchronizing object | interior-batch-metro-screen
Fra:1 Mem:18.93M (Peak 19.13M) | Time:00:00.00 | Mem:0.00M, Peak:0.00M | Scene, ViewLayer | Synchronizing object | interior-batch-metro-rail
Fra:1 Mem:18.89M (Peak 19.13M) | Time:00:00.00 | Mem:0.00M, Peak:0.00M | Scene, ViewLayer | Synchronizing object | bogie-front-frame
Fra:1 Mem:19.06M (Peak 19.13M) | Time:00:00.00 | Mem:0.00M, Peak:0.00M | Scene, ViewLayer | Synchronizing object | bogie-rear-frame
Fra:1 Mem:19.10M (Peak 19.13M) | Time:00:00.00 | Mem:0.00M, Peak:0.00M | Scene, ViewLayer | Synchronizing object | door-left-center-a
Fra:1 Mem:18.98M (Peak 19.13M) | Time:00:00.00 | Mem:0.00M, Peak:0.00M | Scene, ViewLayer | Synchronizing object | door-left-center-b
Fra:1 Mem:19.01M (Peak 19.13M) | Time:00:00.00 | Mem:0.00M, Peak:0.00M | Scene, ViewLayer | Synchronizing object | door-left-front-a
Fra:1 Mem:19.11M (Peak 19.13M) | Time:00:00.00 | Mem:0.00M, Peak:0.00M | Scene, ViewLayer | Synchronizing object | door-left-front-b
Fra:1 Mem:19.10M (Peak 19.13M) | Time:00:00.00 | Mem:0.00M, Peak:0.00M | Scene, ViewLayer | Synchronizing object | door-left-rear-a
Fra:1 Mem:19.03M (Peak 19.13M) | Time:00:00.00 | Mem:0.00M, Peak:0.00M | Scene, ViewLayer | Synchronizing object | interior-batch-metro-floor
Fra:1 Mem:19.02M (Peak 19.13M) | Time:00:00.00 | Mem:0.00M, Peak:0.00M | Scene, ViewLayer | Synchronizing object | door-left-rear-b
Fra:1 Mem:19.05M (Peak 19.13M) | Time:00:00.00 | Mem:0.00M, Peak:0.00M | Scene, ViewLayer | Synchronizing object | interior-batch-metro-wall
Fra:1 Mem:19.11M (Peak 19.13M) | Time:00:00.00 | Mem:0.00M, Peak:0.00M | Scene, ViewLayer | Synchronizing object | door-right-center-a
Fra:1 Mem:19.14M (Peak 19.14M) | Time:00:00.00 | Mem:0.00M, Peak:0.00M | Scene, ViewLayer | Synchronizing object | door-right-center-b
Fra:1 Mem:19.13M (Peak 19.14M) | Time:00:00.00 | Mem:0.00M, Peak:0.00M | Scene, ViewLayer | Synchronizing object | door-right-front-a
Fra:1 Mem:19.09M (Peak 19.14M) | Time:00:00.00 | Mem:0.00M, Peak:0.00M | Scene, ViewLayer | Synchronizing object | wheel-rear-rear-right
Fra:1 Mem:19.12M (Peak 19.14M) | Time:00:00.00 | Mem:0.00M, Peak:0.00M | Scene, ViewLayer | Synchronizing object | door-right-front-b
Fra:1 Mem:19.12M (Peak 19.14M) | Time:00:00.00 | Mem:0.00M, Peak:0.00M | Scene, ViewLayer | Synchronizing object | wheel-rear-rear-left
Fra:1 Mem:19.13M (Peak 19.14M) | Time:00:00.00 | Mem:0.00M, Peak:0.00M | Scene, ViewLayer | Synchronizing object | door-right-rear-a
Fra:1 Mem:19.14M (Peak 19.14M) | Time:00:00.00 | Mem:0.00M, Peak:0.00M | Scene, ViewLayer | Synchronizing object | wheel-rear-front-right
Fra:1 Mem:19.15M (Peak 19.15M) | Time:00:00.00 | Mem:0.00M, Peak:0.00M | Scene, ViewLayer | Synchronizing object | door-right-rear-b
Fra:1 Mem:19.15M (Peak 19.15M) | Time:00:00.00 | Mem:0.00M, Peak:0.00M | Scene, ViewLayer | Synchronizing object | wheel-rear-front-left
Fra:1 Mem:19.15M (Peak 19.15M) | Time:00:00.00 | Mem:0.00M, Peak:0.00M | Scene, ViewLayer | Synchronizing object | glass
Fra:1 Mem:19.19M (Peak 19.19M) | Time:00:00.00 | Mem:0.00M, Peak:0.00M | Scene, ViewLayer | Synchronizing object | wheel-front-rear-right
Fra:1 Mem:19.20M (Peak 19.20M) | Time:00:00.00 | Mem:0.00M, Peak:0.00M | Scene, ViewLayer | Synchronizing object | lights
Fra:1 Mem:19.19M (Peak 19.20M) | Time:00:00.00 | Mem:0.00M, Peak:0.00M | Scene, ViewLayer | Synchronizing object | wheel-front-rear-left
Fra:1 Mem:19.21M (Peak 19.21M) | Time:00:00.00 | Mem:0.00M, Peak:0.00M | Scene, ViewLayer | Synchronizing object | wheel-front-front-left
Fra:1 Mem:19.23M (Peak 19.23M) | Time:00:00.00 | Mem:0.00M, Peak:0.00M | Scene, ViewLayer | Synchronizing object | wheel-front-front-right
Fra:1 Mem:19.22M (Peak 19.23M) | Time:00:00.00 | Mem:0.00M, Peak:0.00M | Scene, ViewLayer | Initializing
Fra:1 Mem:16.61M (Peak 19.23M) | Time:00:00.00 | Mem:0.00M, Peak:0.00M | Scene, ViewLayer | Waiting for render to start
Fra:1 Mem:16.61M (Peak 19.23M) | Time:00:00.00 | Mem:0.00M, Peak:0.00M | Scene, ViewLayer | Loading render kernels (may take a few minutes the first time)
Fra:1 Mem:16.61M (Peak 19.23M) | Time:00:00.00 | Mem:0.00M, Peak:0.00M | Scene, ViewLayer | Updating Scene
Fra:1 Mem:16.61M (Peak 19.23M) | Time:00:00.00 | Mem:0.00M, Peak:0.00M | Scene, ViewLayer | Updating Shaders
Fra:1 Mem:16.70M (Peak 19.23M) | Time:00:00.00 | Mem:0.01M, Peak:0.01M | Scene, ViewLayer | Updating Procedurals
Fra:1 Mem:16.70M (Peak 19.23M) | Time:00:00.00 | Mem:0.01M, Peak:0.01M | Scene, ViewLayer | Updating Background
Fra:1 Mem:16.70M (Peak 19.23M) | Time:00:00.00 | Mem:0.01M, Peak:0.01M | Scene, ViewLayer | Updating Camera
Fra:1 Mem:16.70M (Peak 19.23M) | Time:00:00.00 | Mem:0.01M, Peak:0.01M | Scene, ViewLayer | Updating Meshes Flags
Fra:1 Mem:16.70M (Peak 19.23M) | Time:00:00.00 | Mem:0.01M, Peak:0.01M | Scene, ViewLayer | Updating Objects
Fra:1 Mem:16.70M (Peak 19.23M) | Time:00:00.00 | Mem:0.01M, Peak:0.01M | Scene, ViewLayer | Updating Objects | Copying Transformations to device
Fra:1 Mem:16.71M (Peak 19.23M) | Time:00:00.00 | Mem:0.02M, Peak:0.02M | Scene, ViewLayer | Updating Objects | Applying Static Transformations
Fra:1 Mem:16.71M (Peak 19.23M) | Time:00:00.00 | Mem:0.02M, Peak:0.02M | Scene, ViewLayer | Updating Particle Systems
Fra:1 Mem:16.71M (Peak 19.23M) | Time:00:00.00 | Mem:0.02M, Peak:0.02M | Scene, ViewLayer | Updating Particle Systems | Copying Particles to device
Fra:1 Mem:16.71M (Peak 19.23M) | Time:00:00.00 | Mem:0.02M, Peak:0.02M | Scene, ViewLayer | Updating Meshes
Fra:1 Mem:16.76M (Peak 19.23M) | Time:00:00.00 | Mem:0.02M, Peak:0.02M | Scene, ViewLayer | Updating Mesh | Computing attributes
Fra:1 Mem:16.91M (Peak 19.23M) | Time:00:00.00 | Mem:0.02M, Peak:0.02M | Scene, ViewLayer | Updating Mesh | Copying Attributes to device
Fra:1 Mem:16.90M (Peak 19.23M) | Time:00:00.00 | Mem:0.16M, Peak:0.16M | Scene, ViewLayer | Updating Scene BVH | Building
Fra:1 Mem:16.90M (Peak 19.23M) | Time:00:00.00 | Mem:0.16M, Peak:0.16M | Scene, ViewLayer | Updating Scene BVH | Building BVH
Fra:1 Mem:16.90M (Peak 19.23M) | Time:00:00.00 | Mem:0.26M, Peak:0.26M | Scene, ViewLayer | Updating Scene BVH | Building BVH 0%
Fra:1 Mem:16.90M (Peak 19.23M) | Time:00:00.00 | Mem:0.39M, Peak:0.49M | Scene, ViewLayer | Updating Scene BVH | Copying BVH to device
Fra:1 Mem:16.90M (Peak 19.23M) | Time:00:00.00 | Mem:0.39M, Peak:0.49M | Scene, ViewLayer | Updating Mesh | Computing normals
Fra:1 Mem:17.28M (Peak 19.23M) | Time:00:00.00 | Mem:0.39M, Peak:0.49M | Scene, ViewLayer | Updating Mesh | Copying Mesh to device
Fra:1 Mem:17.28M (Peak 19.23M) | Time:00:00.00 | Mem:0.77M, Peak:0.77M | Scene, ViewLayer | Updating Objects Flags
Fra:1 Mem:17.28M (Peak 19.23M) | Time:00:00.00 | Mem:0.77M, Peak:0.77M | Scene, ViewLayer | Updating Primitive Offsets
Fra:1 Mem:17.28M (Peak 19.23M) | Time:00:00.00 | Mem:0.77M, Peak:0.77M | Scene, ViewLayer | Updating Images
Fra:1 Mem:17.28M (Peak 19.23M) | Time:00:00.00 | Mem:0.77M, Peak:0.77M | Scene, ViewLayer | Updating Camera Volume
Fra:1 Mem:17.28M (Peak 19.23M) | Time:00:00.00 | Mem:0.77M, Peak:0.77M | Scene, ViewLayer | Updating Lookup Tables
Fra:1 Mem:17.28M (Peak 19.23M) | Time:00:00.00 | Mem:0.85M, Peak:0.85M | Scene, ViewLayer | Updating Lights
Fra:1 Mem:17.28M (Peak 19.23M) | Time:00:00.00 | Mem:0.85M, Peak:0.85M | Scene, ViewLayer | Updating Lights | Computing tree
Fra:1 Mem:17.28M (Peak 19.23M) | Time:00:00.00 | Mem:0.86M, Peak:0.86M | Scene, ViewLayer | Updating Integrator
Fra:1 Mem:17.28M (Peak 19.23M) | Time:00:00.00 | Mem:0.86M, Peak:0.86M | Scene, ViewLayer | Updating Film
Fra:1 Mem:17.29M (Peak 19.23M) | Time:00:00.00 | Mem:0.77M, Peak:0.86M | Scene, ViewLayer | Updating Lookup Tables
Fra:1 Mem:17.29M (Peak 19.23M) | Time:00:00.00 | Mem:0.86M, Peak:0.86M | Scene, ViewLayer | Updating Baking
Fra:1 Mem:17.29M (Peak 19.23M) | Time:00:00.00 | Mem:0.86M, Peak:0.86M | Scene, ViewLayer | Updating Device | Writing constant memory
Fra:1 Mem:17.29M (Peak 19.23M) | Time:00:00.00 | Mem:0.86M, Peak:0.86M | Scene, ViewLayer | Sample 0/8
Fra:1 Mem:26.09M (Peak 26.09M) | Time:00:00.59 | Remaining:00:04.14 | Mem:9.65M, Peak:9.65M | Scene, ViewLayer | Sample 1/8
Fra:1 Mem:29.99M (Peak 37.81M) | Time:00:04.64 | Mem:9.65M, Peak:9.65M | Scene, ViewLayer | Sample 8/8
Fra:1 Mem:29.99M (Peak 37.81M) | Time:00:04.64 | Mem:9.65M, Peak:9.65M | Scene, ViewLayer | Finished
Saved: '/workspace/scratch/7c20b5ba4165/atlas-backlog-oct3/tools/assets/boardable-metro/qa/previews/tail-seat-left-06-eye.png'
Time: 00:04.69 (Saving: 00:00.04)

Extensions: writing cache failed ([Errno 30] Read-only file system: '/home/agent/.config/blender').
16:30:26 | INFO: Data are loaded, start creating Blender stuff
16:30:26 | INFO: Blender create Mesh node Cube
16:30:26 | INFO: Blender create Mesh node Cube.158
16:30:26 | INFO: Blender create Mesh node Cube.157
16:30:26 | INFO: Blender create Mesh node Cube.135
16:30:26 | INFO: Blender create Mesh node Cube.140
16:30:26 | INFO: Blender create Mesh node Cube.145
16:30:26 | INFO: Blender create Mesh node Cube.150
16:30:26 | INFO: Blender create Mesh node Cube.125
16:30:26 | INFO: Blender create Mesh node Cube.130
16:30:26 | INFO: Blender create Mesh node Cube.105
16:30:26 | INFO: Blender create Mesh node Cube.110
16:30:26 | INFO: Blender create Mesh node Cube.115
16:30:26 | INFO: Blender create Mesh node Cube.120
16:30:26 | INFO: Blender create Mesh node Cube.095
16:30:26 | INFO: Blender create Mesh node Cube.100
16:30:26 | INFO: Blender create Mesh node Cube.004
16:30:26 | INFO: Blender create Mesh node Cube.084
16:30:26 | INFO: Blender create Mesh node Cylinder.007
16:30:26 | INFO: Blender create Mesh node Cylinder.006
16:30:26 | INFO: Blender create Mesh node Cylinder.005
16:30:26 | INFO: Blender create Mesh node Cylinder.004
16:30:26 | INFO: Blender create Mesh node Cylinder.003
16:30:26 | INFO: Blender create Mesh node Cylinder.002
16:30:26 | INFO: Blender create Mesh node Cylinder.001
16:30:26 | INFO: Blender create Mesh node Cylinder
16:30:26 | INFO: glTF import finished in 0.02s
16:30:26 | INFO: Data are loaded, start creating Blender stuff
16:30:26 | INFO: Blender create Mesh node interior-batch-metro-wall
16:30:26 | INFO: Blender create Mesh node interior-batch-metro-floor
16:30:26 | INFO: Blender create Mesh node interior-batch-metro-rail
16:30:26 | INFO: Blender create Mesh node interior-batch-metro-screen
16:30:26 | INFO: Blender create Mesh node interior-batch-metro-priority-seat
16:30:26 | INFO: Blender create Mesh node interior-batch-metro-seat
16:30:26 | INFO: glTF import finished in 0.01s
Fra:1 Mem:20.10M (Peak 20.10M) | Time:00:00.00 | Mem:0.00M, Peak:0.00M | Scene, ViewLayer | Synchronizing object | body-shell
Fra:1 Mem:20.52M (Peak 20.52M) | Time:00:00.00 | Mem:0.00M, Peak:0.00M | Scene, ViewLayer | Synchronizing object | Cube.022
Fra:1 Mem:20.58M (Peak 20.58M) | Time:00:00.00 | Mem:0.00M, Peak:0.00M | Scene, ViewLayer | Synchronizing object | Cube.021
Fra:1 Mem:20.59M (Peak 20.59M) | Time:00:00.00 | Mem:0.00M, Peak:0.00M | Scene, ViewLayer | Synchronizing object | Cube.020
Fra:1 Mem:20.59M (Peak 20.59M) | Time:00:00.00 | Mem:0.00M, Peak:0.00M | Scene, ViewLayer | Synchronizing object | Cube.019
Fra:1 Mem:20.60M (Peak 20.60M) | Time:00:00.00 | Mem:0.00M, Peak:0.00M | Scene, ViewLayer | Synchronizing object | Cube.018
Fra:1 Mem:20.58M (Peak 20.60M) | Time:00:00.00 | Mem:0.00M, Peak:0.00M | Scene, ViewLayer | Synchronizing object | Cube.017
Fra:1 Mem:20.59M (Peak 20.60M) | Time:00:00.00 | Mem:0.00M, Peak:0.00M | Scene, ViewLayer | Synchronizing object | Cube.016
Fra:1 Mem:20.59M (Peak 20.60M) | Time:00:00.00 | Mem:0.00M, Peak:0.00M | Scene, ViewLayer | Synchronizing object | Cube.015
Fra:1 Mem:20.64M (Peak 20.64M) | Time:00:00.00 | Mem:0.00M, Peak:0.00M | Scene, ViewLayer | Synchronizing object | Cube.014
Fra:1 Mem:20.24M (Peak 20.64M) | Time:00:00.00 | Mem:0.00M, Peak:0.00M | Scene, ViewLayer | Synchronizing object | Cube.013
Fra:1 Mem:20.34M (Peak 20.64M) | Time:00:00.00 | Mem:0.00M, Peak:0.00M | Scene, ViewLayer | Synchronizing object | Cube.012
Fra:1 Mem:20.35M (Peak 20.64M) | Time:00:00.00 | Mem:0.00M, Peak:0.00M | Scene, ViewLayer | Synchronizing object | Cube.011
Fra:1 Mem:20.35M (Peak 20.64M) | Time:00:00.00 | Mem:0.00M, Peak:0.00M | Scene, ViewLayer | Synchronizing object | Cube.010
Fra:1 Mem:20.35M (Peak 20.64M) | Time:00:00.00 | Mem:0.00M, Peak:0.00M | Scene, ViewLayer | Synchronizing object | Cube.009
Fra:1 Mem:20.35M (Peak 20.64M) | Time:00:00.00 | Mem:0.00M, Peak:0.00M | Scene, ViewLayer | Synchronizing object | Cube.008
Fra:1 Mem:20.35M (Peak 20.64M) | Time:00:00.00 | Mem:0.00M, Peak:0.00M | Scene, ViewLayer | Synchronizing object | Cube.007
Fra:1 Mem:20.37M (Peak 20.64M) | Time:00:00.00 | Mem:0.00M, Peak:0.00M | Scene, ViewLayer | Synchronizing object | Cube.006
Fra:1 Mem:20.38M (Peak 20.64M) | Time:00:00.00 | Mem:0.00M, Peak:0.00M | Scene, ViewLayer | Synchronizing object | Cube.005
Fra:1 Mem:20.53M (Peak 20.64M) | Time:00:00.00 | Mem:0.00M, Peak:0.00M | Scene, ViewLayer | Synchronizing object | Cube.004
Fra:1 Mem:20.53M (Peak 20.64M) | Time:00:00.00 | Mem:0.00M, Peak:0.00M | Scene, ViewLayer | Synchronizing object | Cube.003
Fra:1 Mem:20.53M (Peak 20.64M) | Time:00:00.00 | Mem:0.00M, Peak:0.00M | Scene, ViewLayer | Synchronizing object | Cube.002
Fra:1 Mem:20.53M (Peak 20.64M) | Time:00:00.00 | Mem:0.00M, Peak:0.00M | Scene, ViewLayer | Synchronizing object | Cube.001
Fra:1 Mem:20.53M (Peak 20.64M) | Time:00:00.00 | Mem:0.00M, Peak:0.00M | Scene, ViewLayer | Synchronizing object | Cube
Fra:1 Mem:20.53M (Peak 20.64M) | Time:00:00.00 | Mem:0.00M, Peak:0.00M | Scene, ViewLayer | Synchronizing object | QA-ground
Fra:1 Mem:20.53M (Peak 20.64M) | Time:00:00.00 | Mem:0.00M, Peak:0.00M | Scene, ViewLayer | Synchronizing object | interior-batch-metro-seat
Fra:1 Mem:20.40M (Peak 20.64M) | Time:00:00.00 | Mem:0.00M, Peak:0.00M | Scene, ViewLayer | Synchronizing object | bogie-front-frame
Fra:1 Mem:20.38M (Peak 20.64M) | Time:00:00.00 | Mem:0.00M, Peak:0.00M | Scene, ViewLayer | Synchronizing object | interior-batch-metro-priority-seat
Fra:1 Mem:20.39M (Peak 20.64M) | Time:00:00.00 | Mem:0.00M, Peak:0.00M | Scene, ViewLayer | Synchronizing object | bogie-rear-frame
Fra:1 Mem:20.39M (Peak 20.64M) | Time:00:00.00 | Mem:0.00M, Peak:0.00M | Scene, ViewLayer | Synchronizing object | door-left-center-a
Fra:1 Mem:20.38M (Peak 20.64M) | Time:00:00.00 | Mem:0.00M, Peak:0.00M | Scene, ViewLayer | Synchronizing object | interior-batch-metro-screen
Fra:1 Mem:20.40M (Peak 20.64M) | Time:00:00.00 | Mem:0.00M, Peak:0.00M | Scene, ViewLayer | Synchronizing object | door-left-center-b
Fra:1 Mem:20.40M (Peak 20.64M) | Time:00:00.00 | Mem:0.00M, Peak:0.00M | Scene, ViewLayer | Synchronizing object | interior-batch-metro-rail
Fra:1 Mem:20.59M (Peak 20.64M) | Time:00:00.00 | Mem:0.00M, Peak:0.00M | Scene, ViewLayer | Synchronizing object | door-left-front-a
Fra:1 Mem:20.64M (Peak 20.64M) | Time:00:00.00 | Mem:0.00M, Peak:0.00M | Scene, ViewLayer | Synchronizing object | door-left-front-b
Fra:1 Mem:20.54M (Peak 20.64M) | Time:00:00.00 | Mem:0.00M, Peak:0.00M | Scene, ViewLayer | Synchronizing object | door-left-rear-a
Fra:1 Mem:20.64M (Peak 20.64M) | Time:00:00.00 | Mem:0.00M, Peak:0.00M | Scene, ViewLayer | Synchronizing object | door-left-rear-b
Fra:1 Mem:20.65M (Peak 20.65M) | Time:00:00.00 | Mem:0.00M, Peak:0.00M | Scene, ViewLayer | Synchronizing object | door-right-center-a
Fra:1 Mem:20.65M (Peak 20.65M) | Time:00:00.00 | Mem:0.00M, Peak:0.00M | Scene, ViewLayer | Synchronizing object | door-right-center-b
Fra:1 Mem:20.56M (Peak 20.65M) | Time:00:00.00 | Mem:0.00M, Peak:0.00M | Scene, ViewLayer | Synchronizing object | door-right-front-a
Fra:1 Mem:20.57M (Peak 20.65M) | Time:00:00.00 | Mem:0.00M, Peak:0.00M | Scene, ViewLayer | Synchronizing object | interior-batch-metro-floor
Fra:1 Mem:20.59M (Peak 20.65M) | Time:00:00.00 | Mem:0.00M, Peak:0.00M | Scene, ViewLayer | Synchronizing object | interior-batch-metro-wall
Fra:1 Mem:20.58M (Peak 20.65M) | Time:00:00.00 | Mem:0.00M, Peak:0.00M | Scene, ViewLayer | Synchronizing object | door-right-front-b
Fra:1 Mem:20.64M (Peak 20.65M) | Time:00:00.00 | Mem:0.00M, Peak:0.00M | Scene, ViewLayer | Synchronizing object | door-right-rear-a
Fra:1 Mem:20.69M (Peak 20.69M) | Time:00:00.00 | Mem:0.00M, Peak:0.00M | Scene, ViewLayer | Synchronizing object | door-right-rear-b
Fra:1 Mem:20.65M (Peak 20.69M) | Time:00:00.00 | Mem:0.00M, Peak:0.00M | Scene, ViewLayer | Synchronizing object | wheel-rear-rear-right
Fra:1 Mem:20.68M (Peak 20.69M) | Time:00:00.00 | Mem:0.00M, Peak:0.00M | Scene, ViewLayer | Synchronizing object | glass
Fra:1 Mem:20.74M (Peak 20.74M) | Time:00:00.00 | Mem:0.00M, Peak:0.00M | Scene, ViewLayer | Synchronizing object | wheel-rear-rear-left
Fra:1 Mem:20.72M (Peak 20.74M) | Time:00:00.00 | Mem:0.00M, Peak:0.00M | Scene, ViewLayer | Synchronizing object | wheel-rear-front-right
Fra:1 Mem:20.72M (Peak 20.74M) | Time:00:00.00 | Mem:0.00M, Peak:0.00M | Scene, ViewLayer | Synchronizing object | lights
Fra:1 Mem:20.71M (Peak 20.74M) | Time:00:00.00 | Mem:0.00M, Peak:0.00M | Scene, ViewLayer | Synchronizing object | wheel-front-front-left
Fra:1 Mem:20.72M (Peak 20.74M) | Time:00:00.00 | Mem:0.00M, Peak:0.00M | Scene, ViewLayer | Synchronizing object | wheel-rear-front-left
Fra:1 Mem:20.75M (Peak 20.75M) | Time:00:00.00 | Mem:0.00M, Peak:0.00M | Scene, ViewLayer | Synchronizing object | wheel-front-front-right
Fra:1 Mem:20.74M (Peak 20.75M) | Time:00:00.00 | Mem:0.00M, Peak:0.00M | Scene, ViewLayer | Synchronizing object | wheel-front-rear-right
Fra:1 Mem:20.77M (Peak 20.77M) | Time:00:00.00 | Mem:0.00M, Peak:0.00M | Scene, ViewLayer | Synchronizing object | wheel-front-rear-left
Fra:1 Mem:20.77M (Peak 20.77M) | Time:00:00.00 | Mem:0.00M, Peak:0.00M | Scene, ViewLayer | Initializing
Fra:1 Mem:17.46M (Peak 20.77M) | Time:00:00.00 | Mem:0.00M, Peak:0.00M | Scene, ViewLayer | Waiting for render to start
Fra:1 Mem:17.46M (Peak 20.77M) | Time:00:00.00 | Mem:0.00M, Peak:0.00M | Scene, ViewLayer | Loading render kernels (may take a few minutes the first time)
Fra:1 Mem:17.46M (Peak 20.77M) | Time:00:00.00 | Mem:0.00M, Peak:0.00M | Scene, ViewLayer | Updating Scene
Fra:1 Mem:17.46M (Peak 20.77M) | Time:00:00.00 | Mem:0.00M, Peak:0.00M | Scene, ViewLayer | Updating Shaders
Fra:1 Mem:17.56M (Peak 20.77M) | Time:00:00.00 | Mem:0.01M, Peak:0.01M | Scene, ViewLayer | Updating Procedurals
Fra:1 Mem:17.56M (Peak 20.77M) | Time:00:00.00 | Mem:0.01M, Peak:0.01M | Scene, ViewLayer | Updating Background
Fra:1 Mem:17.56M (Peak 20.77M) | Time:00:00.00 | Mem:0.01M, Peak:0.01M | Scene, ViewLayer | Updating Camera
Fra:1 Mem:17.56M (Peak 20.77M) | Time:00:00.00 | Mem:0.01M, Peak:0.01M | Scene, ViewLayer | Updating Meshes Flags
Fra:1 Mem:17.56M (Peak 20.77M) | Time:00:00.00 | Mem:0.01M, Peak:0.01M | Scene, ViewLayer | Updating Objects
Fra:1 Mem:17.56M (Peak 20.77M) | Time:00:00.00 | Mem:0.01M, Peak:0.01M | Scene, ViewLayer | Updating Objects | Copying Transformations to device
Fra:1 Mem:17.57M (Peak 20.77M) | Time:00:00.00 | Mem:0.02M, Peak:0.02M | Scene, ViewLayer | Updating Objects | Applying Static Transformations
Fra:1 Mem:17.57M (Peak 20.77M) | Time:00:00.00 | Mem:0.02M, Peak:0.02M | Scene, ViewLayer | Updating Particle Systems
Fra:1 Mem:17.57M (Peak 20.77M) | Time:00:00.00 | Mem:0.02M, Peak:0.02M | Scene, ViewLayer | Updating Particle Systems | Copying Particles to device
Fra:1 Mem:17.57M (Peak 20.77M) | Time:00:00.00 | Mem:0.02M, Peak:0.02M | Scene, ViewLayer | Updating Meshes
Fra:1 Mem:17.63M (Peak 20.77M) | Time:00:00.00 | Mem:0.02M, Peak:0.02M | Scene, ViewLayer | Updating Mesh | Computing attributes
Fra:1 Mem:17.77M (Peak 20.77M) | Time:00:00.00 | Mem:0.03M, Peak:0.03M | Scene, ViewLayer | Updating Mesh | Copying Attributes to device
Fra:1 Mem:17.77M (Peak 20.77M) | Time:00:00.00 | Mem:0.16M, Peak:0.16M | Scene, ViewLayer | Updating Scene BVH | Building
Fra:1 Mem:17.77M (Peak 20.77M) | Time:00:00.00 | Mem:0.16M, Peak:0.16M | Scene, ViewLayer | Updating Scene BVH | Building BVH
Fra:1 Mem:17.77M (Peak 20.77M) | Time:00:00.00 | Mem:0.28M, Peak:0.28M | Scene, ViewLayer | Updating Scene BVH | Building BVH 0%
Fra:1 Mem:17.77M (Peak 20.77M) | Time:00:00.00 | Mem:0.43M, Peak:0.54M | Scene, ViewLayer | Updating Scene BVH | Copying BVH to device
Fra:1 Mem:17.77M (Peak 20.77M) | Time:00:00.00 | Mem:0.43M, Peak:0.54M | Scene, ViewLayer | Updating Mesh | Computing normals
Fra:1 Mem:18.16M (Peak 20.77M) | Time:00:00.00 | Mem:0.43M, Peak:0.54M | Scene, ViewLayer | Updating Mesh | Copying Mesh to device
Fra:1 Mem:18.16M (Peak 20.77M) | Time:00:00.00 | Mem:0.82M, Peak:0.82M | Scene, ViewLayer | Updating Objects Flags
Fra:1 Mem:18.16M (Peak 20.77M) | Time:00:00.00 | Mem:0.82M, Peak:0.82M | Scene, ViewLayer | Updating Primitive Offsets
Fra:1 Mem:18.16M (Peak 20.77M) | Time:00:00.00 | Mem:0.82M, Peak:0.82M | Scene, ViewLayer | Updating Images
Fra:1 Mem:18.16M (Peak 20.77M) | Time:00:00.00 | Mem:0.82M, Peak:0.82M | Scene, ViewLayer | Updating Camera Volume
Fra:1 Mem:18.16M (Peak 20.77M) | Time:00:00.00 | Mem:0.82M, Peak:0.82M | Scene, ViewLayer | Updating Lookup Tables
Fra:1 Mem:18.16M (Peak 20.77M) | Time:00:00.00 | Mem:0.90M, Peak:0.90M | Scene, ViewLayer | Updating Lights
Fra:1 Mem:18.16M (Peak 20.77M) | Time:00:00.00 | Mem:0.90M, Peak:0.90M | Scene, ViewLayer | Updating Lights | Computing tree
Fra:1 Mem:18.16M (Peak 20.77M) | Time:00:00.00 | Mem:0.90M, Peak:0.90M | Scene, ViewLayer | Updating Integrator
Fra:1 Mem:18.16M (Peak 20.77M) | Time:00:00.00 | Mem:0.90M, Peak:0.90M | Scene, ViewLayer | Updating Film
Fra:1 Mem:18.16M (Peak 20.77M) | Time:00:00.00 | Mem:0.82M, Peak:0.90M | Scene, ViewLayer | Updating Lookup Tables
Fra:1 Mem:18.16M (Peak 20.77M) | Time:00:00.00 | Mem:0.91M, Peak:0.91M | Scene, ViewLayer | Updating Baking
Fra:1 Mem:18.16M (Peak 20.77M) | Time:00:00.00 | Mem:0.91M, Peak:0.91M | Scene, ViewLayer | Updating Device | Writing constant memory
Fra:1 Mem:18.17M (Peak 20.77M) | Time:00:00.00 | Mem:0.91M, Peak:0.91M | Scene, ViewLayer | Sample 0/8
Fra:1 Mem:26.96M (Peak 26.96M) | Time:00:00.49 | Remaining:00:03.37 | Mem:9.70M, Peak:9.70M | Scene, ViewLayer | Sample 1/8
Fra:1 Mem:30.87M (Peak 38.68M) | Time:00:03.48 | Mem:9.70M, Peak:9.70M | Scene, ViewLayer | Sample 8/8
Fra:1 Mem:30.87M (Peak 38.68M) | Time:00:03.48 | Mem:9.70M, Peak:9.70M | Scene, ViewLayer | Finished
Saved: '/workspace/scratch/7c20b5ba4165/atlas-backlog-oct3/tools/assets/boardable-metro/qa/previews/tail-scale-reference.png'
Time: 00:03.52 (Saving: 00:00.03)

Extensions: writing cache failed ([Errno 30] Read-only file system: '/home/agent/.config/blender').
16:30:29 | INFO: Data are loaded, start creating Blender stuff
16:30:29 | INFO: Blender create Mesh node Cube
16:30:29 | INFO: Blender create Mesh node Cube.158
16:30:29 | INFO: Blender create Mesh node Cube.157
16:30:29 | INFO: Blender create Mesh node Cube.135
16:30:29 | INFO: Blender create Mesh node Cube.140
16:30:29 | INFO: Blender create Mesh node Cube.145
16:30:29 | INFO: Blender create Mesh node Cube.150
16:30:29 | INFO: Blender create Mesh node Cube.125
16:30:29 | INFO: Blender create Mesh node Cube.130
16:30:29 | INFO: Blender create Mesh node Cube.105
16:30:29 | INFO: Blender create Mesh node Cube.110
16:30:29 | INFO: Blender create Mesh node Cube.115
16:30:29 | INFO: Blender create Mesh node Cube.120
16:30:29 | INFO: Blender create Mesh node Cube.095
16:30:29 | INFO: Blender create Mesh node Cube.100
16:30:29 | INFO: Blender create Mesh node Cube.004
16:30:29 | INFO: Blender create Mesh node Cylinder.007
16:30:29 | INFO: Blender create Mesh node Cylinder.006
16:30:29 | INFO: Blender create Mesh node Cylinder.005
16:30:29 | INFO: Blender create Mesh node Cylinder.004
16:30:29 | INFO: Blender create Mesh node Cylinder.003
16:30:29 | INFO: Blender create Mesh node Cylinder.002
16:30:29 | INFO: Blender create Mesh node Cylinder.001
16:30:29 | INFO: Blender create Mesh node Cylinder
16:30:29 | INFO: glTF import finished in 0.02s
16:30:29 | INFO: Data are loaded, start creating Blender stuff
16:30:29 | INFO: Blender create Mesh node interior-batch-metro-wall
16:30:29 | INFO: Blender create Mesh node interior-batch-metro-floor
16:30:29 | INFO: Blender create Mesh node interior-batch-metro-rail
16:30:29 | INFO: Blender create Mesh node interior-batch-metro-screen
16:30:29 | INFO: Blender create Mesh node interior-batch-metro-priority-seat
16:30:29 | INFO: Blender create Mesh node interior-batch-metro-seat
16:30:29 | INFO: glTF import finished in 0.01s
Fra:1 Mem:18.40M (Peak 18.40M) | Time:00:00.00 | Mem:0.00M, Peak:0.00M | Scene, ViewLayer | Synchronizing object | body-shell
Fra:1 Mem:18.82M (Peak 18.82M) | Time:00:00.00 | Mem:0.00M, Peak:0.00M | Scene, ViewLayer | Synchronizing object | QA-ground
Fra:1 Mem:18.84M (Peak 18.84M) | Time:00:00.00 | Mem:0.00M, Peak:0.00M | Scene, ViewLayer | Synchronizing object | interior-batch-metro-seat
Fra:1 Mem:18.68M (Peak 18.84M) | Time:00:00.00 | Mem:0.00M, Peak:0.00M | Scene, ViewLayer | Synchronizing object | interior-batch-metro-priority-seat
Fra:1 Mem:18.86M (Peak 18.86M) | Time:00:00.00 | Mem:0.00M, Peak:0.00M | Scene, ViewLayer | Synchronizing object | interior-batch-metro-screen
Fra:1 Mem:18.87M (Peak 18.87M) | Time:00:00.00 | Mem:0.00M, Peak:0.00M | Scene, ViewLayer | Synchronizing object | interior-batch-metro-rail
Fra:1 Mem:18.79M (Peak 18.87M) | Time:00:00.00 | Mem:0.00M, Peak:0.00M | Scene, ViewLayer | Synchronizing object | bogie-front-frame
Fra:1 Mem:18.86M (Peak 18.87M) | Time:00:00.00 | Mem:0.00M, Peak:0.00M | Scene, ViewLayer | Synchronizing object | bogie-rear-frame
Fra:1 Mem:18.86M (Peak 18.87M) | Time:00:00.00 | Mem:0.00M, Peak:0.00M | Scene, ViewLayer | Synchronizing object | door-left-center-a
Fra:1 Mem:18.76M (Peak 18.87M) | Time:00:00.00 | Mem:0.00M, Peak:0.00M | Scene, ViewLayer | Synchronizing object | interior-batch-metro-floor
Fra:1 Mem:18.76M (Peak 18.87M) | Time:00:00.00 | Mem:0.00M, Peak:0.00M | Scene, ViewLayer | Synchronizing object | door-left-center-b
Fra:1 Mem:18.76M (Peak 18.87M) | Time:00:00.00 | Mem:0.00M, Peak:0.00M | Scene, ViewLayer | Synchronizing object | interior-batch-metro-wall
Fra:1 Mem:18.86M (Peak 18.87M) | Time:00:00.00 | Mem:0.00M, Peak:0.00M | Scene, ViewLayer | Synchronizing object | door-left-front-a
Fra:1 Mem:18.84M (Peak 18.87M) | Time:00:00.00 | Mem:0.00M, Peak:0.00M | Scene, ViewLayer | Synchronizing object | wheel-rear-rear-right
Fra:1 Mem:18.84M (Peak 18.87M) | Time:00:00.00 | Mem:0.00M, Peak:0.00M | Scene, ViewLayer | Synchronizing object | wheel-rear-rear-left
Fra:1 Mem:18.86M (Peak 18.87M) | Time:00:00.00 | Mem:0.00M, Peak:0.00M | Scene, ViewLayer | Synchronizing object | door-left-front-b
Fra:1 Mem:18.85M (Peak 18.87M) | Time:00:00.00 | Mem:0.00M, Peak:0.00M | Scene, ViewLayer | Synchronizing object | wheel-rear-front-right
Fra:1 Mem:18.88M (Peak 18.88M) | Time:00:00.00 | Mem:0.00M, Peak:0.00M | Scene, ViewLayer | Synchronizing object | wheel-rear-front-left
Fra:1 Mem:18.89M (Peak 18.89M) | Time:00:00.00 | Mem:0.00M, Peak:0.00M | Scene, ViewLayer | Synchronizing object | door-left-rear-a
Fra:1 Mem:18.89M (Peak 18.89M) | Time:00:00.00 | Mem:0.00M, Peak:0.00M | Scene, ViewLayer | Synchronizing object | wheel-front-rear-right
Fra:1 Mem:18.92M (Peak 18.92M) | Time:00:00.00 | Mem:0.00M, Peak:0.00M | Scene, ViewLayer | Synchronizing object | door-left-rear-b
Fra:1 Mem:18.92M (Peak 18.92M) | Time:00:00.00 | Mem:0.00M, Peak:0.00M | Scene, ViewLayer | Synchronizing object | wheel-front-rear-left
Fra:1 Mem:18.94M (Peak 18.94M) | Time:00:00.00 | Mem:0.00M, Peak:0.00M | Scene, ViewLayer | Synchronizing object | door-right-center-a
Fra:1 Mem:18.94M (Peak 18.94M) | Time:00:00.00 | Mem:0.00M, Peak:0.00M | Scene, ViewLayer | Synchronizing object | wheel-front-front-right
Fra:1 Mem:18.96M (Peak 18.96M) | Time:00:00.00 | Mem:0.00M, Peak:0.00M | Scene, ViewLayer | Synchronizing object | door-right-center-b
Fra:1 Mem:18.96M (Peak 18.96M) | Time:00:00.00 | Mem:0.00M, Peak:0.00M | Scene, ViewLayer | Synchronizing object | wheel-front-front-left
Fra:1 Mem:18.99M (Peak 18.99M) | Time:00:00.00 | Mem:0.00M, Peak:0.00M | Scene, ViewLayer | Synchronizing object | door-right-front-a
Fra:1 Mem:18.99M (Peak 18.99M) | Time:00:00.00 | Mem:0.00M, Peak:0.00M | Scene, ViewLayer | Synchronizing object | glass
Fra:1 Mem:19.04M (Peak 19.04M) | Time:00:00.00 | Mem:0.00M, Peak:0.00M | Scene, ViewLayer | Synchronizing object | door-right-front-b
Fra:1 Mem:19.03M (Peak 19.04M) | Time:00:00.00 | Mem:0.00M, Peak:0.00M | Scene, ViewLayer | Synchronizing object | door-right-rear-a
Fra:1 Mem:19.06M (Peak 19.06M) | Time:00:00.00 | Mem:0.00M, Peak:0.00M | Scene, ViewLayer | Synchronizing object | door-right-rear-b
Fra:1 Mem:19.04M (Peak 19.06M) | Time:00:00.00 | Mem:0.00M, Peak:0.00M | Scene, ViewLayer | Initializing
Fra:1 Mem:16.49M (Peak 19.06M) | Time:00:00.00 | Mem:0.00M, Peak:0.00M | Scene, ViewLayer | Waiting for render to start
Fra:1 Mem:16.49M (Peak 19.06M) | Time:00:00.00 | Mem:0.00M, Peak:0.00M | Scene, ViewLayer | Loading render kernels (may take a few minutes the first time)
Fra:1 Mem:16.49M (Peak 19.06M) | Time:00:00.00 | Mem:0.00M, Peak:0.00M | Scene, ViewLayer | Updating Scene
Fra:1 Mem:16.49M (Peak 19.06M) | Time:00:00.00 | Mem:0.00M, Peak:0.00M | Scene, ViewLayer | Updating Shaders
Fra:1 Mem:16.58M (Peak 19.06M) | Time:00:00.00 | Mem:0.01M, Peak:0.01M | Scene, ViewLayer | Updating Procedurals
Fra:1 Mem:16.58M (Peak 19.06M) | Time:00:00.00 | Mem:0.01M, Peak:0.01M | Scene, ViewLayer | Updating Background
Fra:1 Mem:16.58M (Peak 19.06M) | Time:00:00.00 | Mem:0.01M, Peak:0.01M | Scene, ViewLayer | Updating Camera
Fra:1 Mem:16.58M (Peak 19.06M) | Time:00:00.00 | Mem:0.01M, Peak:0.01M | Scene, ViewLayer | Updating Meshes Flags
Fra:1 Mem:16.58M (Peak 19.06M) | Time:00:00.00 | Mem:0.01M, Peak:0.01M | Scene, ViewLayer | Updating Objects
Fra:1 Mem:16.58M (Peak 19.06M) | Time:00:00.00 | Mem:0.01M, Peak:0.01M | Scene, ViewLayer | Updating Objects | Copying Transformations to device
Fra:1 Mem:16.59M (Peak 19.06M) | Time:00:00.00 | Mem:0.02M, Peak:0.02M | Scene, ViewLayer | Updating Objects | Applying Static Transformations
Fra:1 Mem:16.59M (Peak 19.06M) | Time:00:00.00 | Mem:0.02M, Peak:0.02M | Scene, ViewLayer | Updating Particle Systems
Fra:1 Mem:16.59M (Peak 19.06M) | Time:00:00.00 | Mem:0.02M, Peak:0.02M | Scene, ViewLayer | Updating Particle Systems | Copying Particles to device
Fra:1 Mem:16.59M (Peak 19.06M) | Time:00:00.00 | Mem:0.02M, Peak:0.02M | Scene, ViewLayer | Updating Meshes
Fra:1 Mem:16.64M (Peak 19.06M) | Time:00:00.00 | Mem:0.02M, Peak:0.02M | Scene, ViewLayer | Updating Mesh | Computing attributes
Fra:1 Mem:16.79M (Peak 19.06M) | Time:00:00.00 | Mem:0.02M, Peak:0.02M | Scene, ViewLayer | Updating Mesh | Copying Attributes to device
Fra:1 Mem:16.78M (Peak 19.06M) | Time:00:00.00 | Mem:0.16M, Peak:0.16M | Scene, ViewLayer | Updating Scene BVH | Building
Fra:1 Mem:16.78M (Peak 19.06M) | Time:00:00.00 | Mem:0.16M, Peak:0.16M | Scene, ViewLayer | Updating Scene BVH | Building BVH
Fra:1 Mem:16.78M (Peak 19.06M) | Time:00:00.00 | Mem:0.26M, Peak:0.26M | Scene, ViewLayer | Updating Scene BVH | Building BVH 0%
Fra:1 Mem:16.78M (Peak 19.06M) | Time:00:00.00 | Mem:0.39M, Peak:0.49M | Scene, ViewLayer | Updating Scene BVH | Copying BVH to device
Fra:1 Mem:16.78M (Peak 19.06M) | Time:00:00.00 | Mem:0.39M, Peak:0.49M | Scene, ViewLayer | Updating Mesh | Computing normals
Fra:1 Mem:17.16M (Peak 19.06M) | Time:00:00.00 | Mem:0.39M, Peak:0.49M | Scene, ViewLayer | Updating Mesh | Copying Mesh to device
Fra:1 Mem:17.16M (Peak 19.06M) | Time:00:00.00 | Mem:0.77M, Peak:0.77M | Scene, ViewLayer | Updating Objects Flags
Fra:1 Mem:17.16M (Peak 19.06M) | Time:00:00.00 | Mem:0.77M, Peak:0.77M | Scene, ViewLayer | Updating Primitive Offsets
Fra:1 Mem:17.16M (Peak 19.06M) | Time:00:00.00 | Mem:0.77M, Peak:0.77M | Scene, ViewLayer | Updating Images
Fra:1 Mem:17.16M (Peak 19.06M) | Time:00:00.00 | Mem:0.77M, Peak:0.77M | Scene, ViewLayer | Updating Camera Volume
Fra:1 Mem:17.16M (Peak 19.06M) | Time:00:00.00 | Mem:0.77M, Peak:0.77M | Scene, ViewLayer | Updating Lookup Tables
Fra:1 Mem:17.16M (Peak 19.06M) | Time:00:00.00 | Mem:0.85M, Peak:0.85M | Scene, ViewLayer | Updating Lights
Fra:1 Mem:17.16M (Peak 19.06M) | Time:00:00.00 | Mem:0.85M, Peak:0.85M | Scene, ViewLayer | Updating Lights | Computing tree
Fra:1 Mem:17.16M (Peak 19.06M) | Time:00:00.00 | Mem:0.85M, Peak:0.85M | Scene, ViewLayer | Updating Integrator
Fra:1 Mem:17.16M (Peak 19.06M) | Time:00:00.00 | Mem:0.85M, Peak:0.85M | Scene, ViewLayer | Updating Film
Fra:1 Mem:17.16M (Peak 19.06M) | Time:00:00.00 | Mem:0.77M, Peak:0.85M | Scene, ViewLayer | Updating Lookup Tables
Fra:1 Mem:17.16M (Peak 19.06M) | Time:00:00.00 | Mem:0.85M, Peak:0.85M | Scene, ViewLayer | Updating Baking
Fra:1 Mem:17.16M (Peak 19.06M) | Time:00:00.00 | Mem:0.85M, Peak:0.85M | Scene, ViewLayer | Updating Device | Writing constant memory
Fra:1 Mem:17.17M (Peak 19.06M) | Time:00:00.00 | Mem:0.85M, Peak:0.85M | Scene, ViewLayer | Sample 0/8
Fra:1 Mem:25.96M (Peak 25.96M) | Time:00:00.61 | Remaining:00:04.25 | Mem:9.64M, Peak:9.64M | Scene, ViewLayer | Sample 1/8
Fra:1 Mem:29.87M (Peak 37.68M) | Time:00:04.95 | Mem:9.64M, Peak:9.64M | Scene, ViewLayer | Sample 8/8
Fra:1 Mem:29.87M (Peak 37.68M) | Time:00:04.95 | Mem:9.64M, Peak:9.64M | Scene, ViewLayer | Finished
Saved: '/workspace/scratch/7c20b5ba4165/atlas-backlog-oct3/tools/assets/boardable-metro/qa/previews/interior-lod0-aisle.png'
Time: 00:05.01 (Saving: 00:00.06)

Extensions: writing cache failed ([Errno 30] Read-only file system: '/home/agent/.config/blender').
16:30:34 | INFO: Data are loaded, start creating Blender stuff
16:30:34 | INFO: Blender create Mesh node Cube
16:30:34 | INFO: Blender create Mesh node Cube.142
16:30:34 | INFO: Blender create Mesh node Cube.141
16:30:34 | INFO: Blender create Mesh node Cube.119
16:30:34 | INFO: Blender create Mesh node Cube.124
16:30:34 | INFO: Blender create Mesh node Cube.129
16:30:34 | INFO: Blender create Mesh node Cube.134
16:30:35 | INFO: Blender create Mesh node Cube.109
16:30:35 | INFO: Blender create Mesh node Cube.114
16:30:35 | INFO: Blender create Mesh node Cube.089
16:30:35 | INFO: Blender create Mesh node Cube.094
16:30:35 | INFO: Blender create Mesh node Cube.099
16:30:35 | INFO: Blender create Mesh node Cube.104
16:30:35 | INFO: Blender create Mesh node Cube.079
16:30:35 | INFO: Blender create Mesh node Cube.084
16:30:35 | INFO: Blender create Mesh node Cube.004
16:30:35 | INFO: Blender create Mesh node Cylinder.007
16:30:35 | INFO: Blender create Mesh node Cylinder.006
16:30:35 | INFO: Blender create Mesh node Cylinder.005
16:30:35 | INFO: Blender create Mesh node Cylinder.004
16:30:35 | INFO: Blender create Mesh node Cylinder.003
16:30:35 | INFO: Blender create Mesh node Cylinder.002
16:30:35 | INFO: Blender create Mesh node Cylinder.001
16:30:35 | INFO: Blender create Mesh node Cylinder
16:30:35 | INFO: glTF import finished in 0.02s
16:30:35 | INFO: Data are loaded, start creating Blender stuff
16:30:35 | INFO: Blender create Mesh node interior-batch-metro-wall
16:30:35 | INFO: Blender create Mesh node interior-batch-metro-floor
16:30:35 | INFO: Blender create Mesh node interior-batch-metro-rail
16:30:35 | INFO: Blender create Mesh node interior-batch-metro-screen
16:30:35 | INFO: Blender create Mesh node interior-batch-metro-priority-seat
16:30:35 | INFO: Blender create Mesh node interior-batch-metro-seat
16:30:35 | INFO: glTF import finished in 0.02s
Fra:1 Mem:18.19M (Peak 18.19M) | Time:00:00.00 | Mem:0.00M, Peak:0.00M | Scene, ViewLayer | Synchronizing object | body-shell
Fra:1 Mem:18.60M (Peak 18.60M) | Time:00:00.00 | Mem:0.00M, Peak:0.00M | Scene, ViewLayer | Synchronizing object | QA-ground
Fra:1 Mem:18.30M (Peak 18.60M) | Time:00:00.00 | Mem:0.00M, Peak:0.00M | Scene, ViewLayer | Synchronizing object | interior-batch-metro-seat
Fra:1 Mem:18.44M (Peak 18.60M) | Time:00:00.00 | Mem:0.00M, Peak:0.00M | Scene, ViewLayer | Synchronizing object | interior-batch-metro-priority-seat
Fra:1 Mem:18.43M (Peak 18.60M) | Time:00:00.00 | Mem:0.00M, Peak:0.00M | Scene, ViewLayer | Synchronizing object | bogie-front-frame
Fra:1 Mem:18.42M (Peak 18.60M) | Time:00:00.00 | Mem:0.00M, Peak:0.00M | Scene, ViewLayer | Synchronizing object | interior-batch-metro-screen
Fra:1 Mem:18.42M (Peak 18.60M) | Time:00:00.00 | Mem:0.00M, Peak:0.00M | Scene, ViewLayer | Synchronizing object | bogie-rear-frame
Fra:1 Mem:18.43M (Peak 18.60M) | Time:00:00.00 | Mem:0.00M, Peak:0.00M | Scene, ViewLayer | Synchronizing object | interior-batch-metro-rail
Fra:1 Mem:18.42M (Peak 18.60M) | Time:00:00.00 | Mem:0.00M, Peak:0.00M | Scene, ViewLayer | Synchronizing object | door-left-center-a
Fra:1 Mem:18.50M (Peak 18.60M) | Time:00:00.00 | Mem:0.00M, Peak:0.00M | Scene, ViewLayer | Synchronizing object | door-left-center-b
Fra:1 Mem:18.49M (Peak 18.60M) | Time:00:00.00 | Mem:0.00M, Peak:0.00M | Scene, ViewLayer | Synchronizing object | interior-batch-metro-floor
Fra:1 Mem:18.48M (Peak 18.60M) | Time:00:00.00 | Mem:0.00M, Peak:0.00M | Scene, ViewLayer | Synchronizing object | door-left-front-a
Fra:1 Mem:18.48M (Peak 18.60M) | Time:00:00.00 | Mem:0.00M, Peak:0.00M | Scene, ViewLayer | Synchronizing object | interior-batch-metro-wall
Fra:1 Mem:18.59M (Peak 18.60M) | Time:00:00.00 | Mem:0.00M, Peak:0.00M | Scene, ViewLayer | Synchronizing object | door-left-front-b
Fra:1 Mem:18.58M (Peak 18.60M) | Time:00:00.00 | Mem:0.00M, Peak:0.00M | Scene, ViewLayer | Synchronizing object | door-left-rear-a
Fra:1 Mem:18.54M (Peak 18.60M) | Time:00:00.00 | Mem:0.00M, Peak:0.00M | Scene, ViewLayer | Synchronizing object | door-left-rear-b
Fra:1 Mem:18.55M (Peak 18.60M) | Time:00:00.00 | Mem:0.00M, Peak:0.00M | Scene, ViewLayer | Synchronizing object | wheel-rear-rear-right
Fra:1 Mem:18.57M (Peak 18.60M) | Time:00:00.00 | Mem:0.00M, Peak:0.00M | Scene, ViewLayer | Synchronizing object | door-right-center-a
Fra:1 Mem:18.57M (Peak 18.60M) | Time:00:00.00 | Mem:0.00M, Peak:0.00M | Scene, ViewLayer | Synchronizing object | wheel-rear-rear-left
Fra:1 Mem:18.59M (Peak 18.60M) | Time:00:00.00 | Mem:0.00M, Peak:0.00M | Scene, ViewLayer | Synchronizing object | wheel-rear-front-right
Fra:1 Mem:18.59M (Peak 18.60M) | Time:00:00.00 | Mem:0.00M, Peak:0.00M | Scene, ViewLayer | Synchronizing object | door-right-center-b
Fra:1 Mem:18.62M (Peak 18.62M) | Time:00:00.00 | Mem:0.00M, Peak:0.00M | Scene, ViewLayer | Synchronizing object | wheel-rear-front-left
Fra:1 Mem:18.60M (Peak 18.62M) | Time:00:00.00 | Mem:0.00M, Peak:0.00M | Scene, ViewLayer | Synchronizing object | door-right-front-a
Fra:1 Mem:18.60M (Peak 18.62M) | Time:00:00.00 | Mem:0.00M, Peak:0.00M | Scene, ViewLayer | Synchronizing object | wheel-front-rear-right
Fra:1 Mem:18.62M (Peak 18.62M) | Time:00:00.00 | Mem:0.00M, Peak:0.00M | Scene, ViewLayer | Synchronizing object | wheel-front-rear-left
Fra:1 Mem:18.63M (Peak 18.63M) | Time:00:00.00 | Mem:0.00M, Peak:0.00M | Scene, ViewLayer | Synchronizing object | door-right-front-b
Fra:1 Mem:18.63M (Peak 18.63M) | Time:00:00.00 | Mem:0.00M, Peak:0.00M | Scene, ViewLayer | Synchronizing object | wheel-front-front-right
Fra:1 Mem:18.65M (Peak 18.65M) | Time:00:00.00 | Mem:0.00M, Peak:0.00M | Scene, ViewLayer | Synchronizing object | wheel-front-front-left
Fra:1 Mem:18.65M (Peak 18.65M) | Time:00:00.00 | Mem:0.00M, Peak:0.00M | Scene, ViewLayer | Synchronizing object | door-right-rear-a
Fra:1 Mem:18.67M (Peak 18.67M) | Time:00:00.00 | Mem:0.00M, Peak:0.00M | Scene, ViewLayer | Synchronizing object | glass
Fra:1 Mem:18.73M (Peak 18.73M) | Time:00:00.00 | Mem:0.00M, Peak:0.00M | Scene, ViewLayer | Synchronizing object | door-right-rear-b
Fra:1 Mem:18.69M (Peak 18.73M) | Time:00:00.00 | Mem:0.00M, Peak:0.00M | Scene, ViewLayer | Initializing
Fra:1 Mem:16.17M (Peak 18.73M) | Time:00:00.00 | Mem:0.00M, Peak:0.00M | Scene, ViewLayer | Waiting for render to start
Fra:1 Mem:16.17M (Peak 18.73M) | Time:00:00.00 | Mem:0.00M, Peak:0.00M | Scene, ViewLayer | Loading render kernels (may take a few minutes the first time)
Fra:1 Mem:16.17M (Peak 18.73M) | Time:00:00.00 | Mem:0.00M, Peak:0.00M | Scene, ViewLayer | Updating Scene
Fra:1 Mem:16.17M (Peak 18.73M) | Time:00:00.00 | Mem:0.00M, Peak:0.00M | Scene, ViewLayer | Updating Shaders
Fra:1 Mem:16.26M (Peak 18.73M) | Time:00:00.00 | Mem:0.01M, Peak:0.01M | Scene, ViewLayer | Updating Procedurals
Fra:1 Mem:16.26M (Peak 18.73M) | Time:00:00.00 | Mem:0.01M, Peak:0.01M | Scene, ViewLayer | Updating Background
Fra:1 Mem:16.26M (Peak 18.73M) | Time:00:00.00 | Mem:0.01M, Peak:0.01M | Scene, ViewLayer | Updating Camera
Fra:1 Mem:16.26M (Peak 18.73M) | Time:00:00.00 | Mem:0.01M, Peak:0.01M | Scene, ViewLayer | Updating Meshes Flags
Fra:1 Mem:16.26M (Peak 18.73M) | Time:00:00.00 | Mem:0.01M, Peak:0.01M | Scene, ViewLayer | Updating Objects
Fra:1 Mem:16.26M (Peak 18.73M) | Time:00:00.00 | Mem:0.01M, Peak:0.01M | Scene, ViewLayer | Updating Objects | Copying Transformations to device
Fra:1 Mem:16.27M (Peak 18.73M) | Time:00:00.00 | Mem:0.02M, Peak:0.02M | Scene, ViewLayer | Updating Objects | Applying Static Transformations
Fra:1 Mem:16.27M (Peak 18.73M) | Time:00:00.00 | Mem:0.02M, Peak:0.02M | Scene, ViewLayer | Updating Particle Systems
Fra:1 Mem:16.27M (Peak 18.73M) | Time:00:00.00 | Mem:0.02M, Peak:0.02M | Scene, ViewLayer | Updating Particle Systems | Copying Particles to device
Fra:1 Mem:16.27M (Peak 18.73M) | Time:00:00.00 | Mem:0.02M, Peak:0.02M | Scene, ViewLayer | Updating Meshes
Fra:1 Mem:16.31M (Peak 18.73M) | Time:00:00.00 | Mem:0.02M, Peak:0.02M | Scene, ViewLayer | Updating Mesh | Computing attributes
Fra:1 Mem:16.43M (Peak 18.73M) | Time:00:00.00 | Mem:0.02M, Peak:0.02M | Scene, ViewLayer | Updating Mesh | Copying Attributes to device
Fra:1 Mem:16.42M (Peak 18.73M) | Time:00:00.00 | Mem:0.13M, Peak:0.13M | Scene, ViewLayer | Updating Scene BVH | Building
Fra:1 Mem:16.42M (Peak 18.73M) | Time:00:00.00 | Mem:0.13M, Peak:0.13M | Scene, ViewLayer | Updating Scene BVH | Building BVH
Fra:1 Mem:16.42M (Peak 18.73M) | Time:00:00.00 | Mem:0.21M, Peak:0.21M | Scene, ViewLayer | Updating Scene BVH | Building BVH 0%
Fra:1 Mem:16.42M (Peak 18.73M) | Time:00:00.00 | Mem:0.32M, Peak:0.40M | Scene, ViewLayer | Updating Scene BVH | Copying BVH to device
Fra:1 Mem:16.42M (Peak 18.73M) | Time:00:00.00 | Mem:0.32M, Peak:0.40M | Scene, ViewLayer | Updating Mesh | Computing normals
Fra:1 Mem:16.71M (Peak 18.73M) | Time:00:00.00 | Mem:0.32M, Peak:0.40M | Scene, ViewLayer | Updating Mesh | Copying Mesh to device
Fra:1 Mem:16.71M (Peak 18.73M) | Time:00:00.00 | Mem:0.61M, Peak:0.61M | Scene, ViewLayer | Updating Objects Flags
Fra:1 Mem:16.71M (Peak 18.73M) | Time:00:00.00 | Mem:0.61M, Peak:0.61M | Scene, ViewLayer | Updating Primitive Offsets
Fra:1 Mem:16.71M (Peak 18.73M) | Time:00:00.00 | Mem:0.61M, Peak:0.61M | Scene, ViewLayer | Updating Images
Fra:1 Mem:16.71M (Peak 18.73M) | Time:00:00.00 | Mem:0.61M, Peak:0.61M | Scene, ViewLayer | Updating Camera Volume
Fra:1 Mem:16.71M (Peak 18.73M) | Time:00:00.00 | Mem:0.61M, Peak:0.61M | Scene, ViewLayer | Updating Lookup Tables
Fra:1 Mem:16.71M (Peak 18.73M) | Time:00:00.00 | Mem:0.69M, Peak:0.69M | Scene, ViewLayer | Updating Lights
Fra:1 Mem:16.71M (Peak 18.73M) | Time:00:00.00 | Mem:0.69M, Peak:0.69M | Scene, ViewLayer | Updating Lights | Computing tree
Fra:1 Mem:16.72M (Peak 18.73M) | Time:00:00.00 | Mem:0.69M, Peak:0.69M | Scene, ViewLayer | Updating Integrator
Fra:1 Mem:16.72M (Peak 18.73M) | Time:00:00.00 | Mem:0.69M, Peak:0.69M | Scene, ViewLayer | Updating Film
Fra:1 Mem:16.72M (Peak 18.73M) | Time:00:00.00 | Mem:0.61M, Peak:0.69M | Scene, ViewLayer | Updating Lookup Tables
Fra:1 Mem:16.72M (Peak 18.73M) | Time:00:00.00 | Mem:0.70M, Peak:0.70M | Scene, ViewLayer | Updating Baking
Fra:1 Mem:16.72M (Peak 18.73M) | Time:00:00.00 | Mem:0.70M, Peak:0.70M | Scene, ViewLayer | Updating Device | Writing constant memory
Fra:1 Mem:16.72M (Peak 18.73M) | Time:00:00.00 | Mem:0.70M, Peak:0.70M | Scene, ViewLayer | Sample 0/8
Fra:1 Mem:25.52M (Peak 25.52M) | Time:00:00.61 | Remaining:00:04.27 | Mem:9.49M, Peak:9.49M | Scene, ViewLayer | Sample 1/8
Fra:1 Mem:29.42M (Peak 37.24M) | Time:00:04.73 | Mem:9.49M, Peak:9.49M | Scene, ViewLayer | Sample 8/8
Fra:1 Mem:29.42M (Peak 37.24M) | Time:00:04.73 | Mem:9.49M, Peak:9.49M | Scene, ViewLayer | Finished
Saved: '/workspace/scratch/7c20b5ba4165/atlas-backlog-oct3/tools/assets/boardable-metro/qa/previews/interior-lod1-aisle.png'
Time: 00:04.78 (Saving: 00:00.04)


Blender quit
