QA_WORK /tmp/street-furniture-qa-4q7zi_2_
ERROR Draco mesh compression is not available because library could not be found at /usr/bin/4.3/python/lib/python3.13/site-packages/libextern_draco.so
15:54:18 | INFO: Starting glTF 2.0 export
15:54:18 | INFO: Extracting primitive: Cylinder
15:54:18 | INFO: Primitives created: 1
15:54:18 | INFO: Extracting primitive: Cube
15:54:18 | INFO: Primitives created: 1
15:54:18 | INFO: Finished glTF 2.0 export in 0.008727312088012695 s

15:54:18 | INFO: Starting glTF 2.0 export
15:54:18 | INFO: Extracting primitive: grounded-splayed-leg
15:54:18 | INFO: Primitives created: 1
15:54:18 | INFO: Extracting primitive: Cube
15:54:18 | INFO: Primitives created: 1
15:54:18 | INFO: Finished glTF 2.0 export in 0.006619453430175781 s

15:54:18 | INFO: Starting glTF 2.0 export
15:54:18 | INFO: Extracting primitive: Cast lamp pedestal
15:54:18 | INFO: Primitives created: 1
15:54:18 | INFO: Extracting primitive: Warm frosted lantern
15:54:18 | INFO: Primitives created: 1
15:54:18 | INFO: Finished glTF 2.0 export in 0.008740901947021484 s

15:54:18 | INFO: Starting glTF 2.0 export
15:54:18 | INFO: Extracting primitive: heritage-post
15:54:18 | INFO: Primitives created: 1
15:54:18 | INFO: Extracting primitive: diffuser
15:54:18 | INFO: Primitives created: 1
15:54:18 | INFO: Finished glTF 2.0 export in 0.006494998931884766 s

Warning: No mesh data to join
15:54:18 | INFO: Starting glTF 2.0 export
15:54:18 | INFO: Extracting primitive: Cube
15:54:18 | INFO: Primitives created: 1
15:54:18 | INFO: Extracting primitive: Cube.008
15:54:18 | INFO: Primitives created: 1
15:54:18 | INFO: Extracting primitive: Cube.050
15:54:18 | INFO: Primitives created: 1
15:54:18 | INFO: Extracting primitive: Cube.051
15:54:18 | INFO: Primitives created: 1
15:54:18 | INFO: Finished glTF 2.0 export in 0.017344951629638672 s

Warning: No mesh data to join
15:54:18 | INFO: Starting glTF 2.0 export
15:54:18 | INFO: Extracting primitive: Cube
15:54:18 | INFO: Primitives created: 1
15:54:18 | INFO: Extracting primitive: Cube.008
15:54:18 | INFO: Primitives created: 1
15:54:18 | INFO: Extracting primitive: Cube.023
15:54:18 | INFO: Primitives created: 1
15:54:18 | INFO: Extracting primitive: Cube.024
15:54:18 | INFO: Primitives created: 1
15:54:18 | INFO: Finished glTF 2.0 export in 0.013567209243774414 s

Warning: No mesh data to join
15:54:18 | INFO: Starting glTF 2.0 export
15:54:18 | INFO: Extracting primitive: arterial-tapered-pole
15:54:18 | INFO: Primitives created: 1
15:54:18 | INFO: Extracting primitive: Cube.002
15:54:18 | INFO: Primitives created: 1
15:54:18 | INFO: Finished glTF 2.0 export in 0.006581544876098633 s

Warning: No mesh data to join
15:54:18 | INFO: Starting glTF 2.0 export
15:54:18 | INFO: Extracting primitive: arterial-tapered-pole
15:54:18 | INFO: Primitives created: 1
15:54:18 | INFO: Extracting primitive: Cube.002
15:54:18 | INFO: Primitives created: 1
15:54:18 | INFO: Finished glTF 2.0 export in 0.006288766860961914 s

15:54:18 | INFO: Starting glTF 2.0 export
15:54:18 | INFO: Extracting primitive: Cube
15:54:18 | INFO: Primitives created: 1
15:54:18 | INFO: Finished glTF 2.0 export in 0.0042154788970947266 s

15:54:18 | INFO: Starting glTF 2.0 export
15:54:18 | INFO: Extracting primitive: Cube
15:54:18 | INFO: Primitives created: 1
15:54:18 | INFO: Finished glTF 2.0 export in 0.003573179244995117 s

15:54:18 | INFO: Starting glTF 2.0 export
15:54:18 | INFO: Extracting primitive: hydrant-body
15:54:18 | INFO: Primitives created: 1
15:54:18 | INFO: Finished glTF 2.0 export in 0.0037479400634765625 s

15:54:18 | INFO: Starting glTF 2.0 export
15:54:18 | INFO: Extracting primitive: hydrant-body
15:54:18 | INFO: Primitives created: 1
15:54:18 | INFO: Finished glTF 2.0 export in 0.0038421154022216797 s

15:54:18 | INFO: Starting glTF 2.0 export
15:54:18 | INFO: Extracting primitive: Cylinder
15:54:18 | INFO: Primitives created: 1
15:54:18 | INFO: Finished glTF 2.0 export in 0.005335330963134766 s

15:54:18 | INFO: Starting glTF 2.0 export
15:54:18 | INFO: Extracting primitive: Cylinder
15:54:18 | INFO: Primitives created: 1
15:54:18 | INFO: Finished glTF 2.0 export in 0.0034837722778320312 s

Warning: No mesh data to join
Warning: No mesh data to join
15:54:18 | INFO: Starting glTF 2.0 export
15:54:18 | INFO: Extracting primitive: bollard-shell
15:54:18 | INFO: Primitives created: 1
15:54:18 | INFO: Extracting primitive: reflective-band
15:54:18 | INFO: Primitives created: 1
15:54:18 | INFO: Finished glTF 2.0 export in 0.006493806838989258 s

Warning: No mesh data to join
Warning: No mesh data to join
15:54:18 | INFO: Starting glTF 2.0 export
15:54:18 | INFO: Extracting primitive: bollard-shell
15:54:18 | INFO: Primitives created: 1
15:54:18 | INFO: Extracting primitive: reflective-band
15:54:18 | INFO: Primitives created: 1
15:54:18 | INFO: Finished glTF 2.0 export in 0.0073130130767822266 s

Info: Saved "artist-edited.blend"
15:54:18 | INFO: Starting glTF 2.0 export
15:54:18 | INFO: Extracting primitive: grounded-splayed-leg
15:54:18 | INFO: Primitives created: 1
15:54:18 | INFO: Extracting primitive: Cube
15:54:18 | INFO: Primitives created: 1
15:54:18 | INFO: Finished glTF 2.0 export in 0.006516456604003906 s

Extensions: writing cache failed ([Errno 30] Read-only file system: '/home/agent/.config/blender').
15:54:18 | INFO: Data are loaded, start creating Blender stuff
15:54:18 | INFO: Blender create Mesh node grounded-splayed-leg
15:54:18 | INFO: Blender create Mesh node Cube
15:54:18 | INFO: glTF import finished in 0.00s
Info: Saved "unsupported.blend"
Extensions: writing cache failed ([Errno 30] Read-only file system: '/home/agent/.config/blender').
15:54:18 | INFO: Data are loaded, start creating Blender stuff
15:54:18 | INFO: Blender create Mesh node Cylinder
15:54:18 | INFO: Blender create Mesh node Cube
15:54:18 | INFO: glTF import finished in 0.00s
Extensions: writing cache failed ([Errno 30] Read-only file system: '/home/agent/.config/blender').
15:54:18 | INFO: Data are loaded, start creating Blender stuff
15:54:18 | INFO: Blender create Mesh node grounded-splayed-leg
15:54:18 | INFO: Blender create Mesh node Cube
15:54:18 | INFO: glTF import finished in 0.00s
Extensions: writing cache failed ([Errno 30] Read-only file system: '/home/agent/.config/blender').
15:54:18 | INFO: Data are loaded, start creating Blender stuff
15:54:18 | INFO: Blender create Mesh node Cast lamp pedestal
15:54:18 | INFO: Blender create Mesh node Warm frosted lantern
15:54:19 | INFO: glTF import finished in 0.01s
Extensions: writing cache failed ([Errno 30] Read-only file system: '/home/agent/.config/blender').
15:54:19 | INFO: Data are loaded, start creating Blender stuff
15:54:19 | INFO: Blender create Mesh node heritage-post
15:54:19 | INFO: Blender create Mesh node diffuser
15:54:19 | INFO: glTF import finished in 0.00s
Extensions: writing cache failed ([Errno 30] Read-only file system: '/home/agent/.config/blender').
15:54:19 | INFO: Data are loaded, start creating Blender stuff
15:54:19 | INFO: Blender create Mesh node Cube
15:54:19 | INFO: Blender create Mesh node Cube.008
15:54:19 | INFO: Blender create Mesh node Cube.050
15:54:19 | INFO: Blender create Mesh node Cube.051
15:54:19 | INFO: glTF import finished in 0.01s
Extensions: writing cache failed ([Errno 30] Read-only file system: '/home/agent/.config/blender').
15:54:19 | INFO: Data are loaded, start creating Blender stuff
15:54:19 | INFO: Blender create Mesh node Cube
15:54:19 | INFO: Blender create Mesh node Cube.008
15:54:19 | INFO: Blender create Mesh node Cube.023
15:54:19 | INFO: Blender create Mesh node Cube.024
15:54:19 | INFO: glTF import finished in 0.01s
Extensions: writing cache failed ([Errno 30] Read-only file system: '/home/agent/.config/blender').
15:54:19 | INFO: Data are loaded, start creating Blender stuff
15:54:19 | INFO: Blender create Mesh node arterial-tapered-pole
15:54:19 | INFO: Blender create Mesh node Cube.002
15:54:19 | INFO: glTF import finished in 0.00s
Extensions: writing cache failed ([Errno 30] Read-only file system: '/home/agent/.config/blender').
15:54:19 | INFO: Data are loaded, start creating Blender stuff
15:54:19 | INFO: Blender create Mesh node arterial-tapered-pole
15:54:19 | INFO: Blender create Mesh node Cube.002
15:54:19 | INFO: glTF import finished in 0.00s
Extensions: writing cache failed ([Errno 30] Read-only file system: '/home/agent/.config/blender').
15:54:19 | INFO: Data are loaded, start creating Blender stuff
15:54:19 | INFO: Blender create Mesh node Cube
15:54:19 | INFO: glTF import finished in 0.00s
Extensions: writing cache failed ([Errno 30] Read-only file system: '/home/agent/.config/blender').
15:54:19 | INFO: Data are loaded, start creating Blender stuff
15:54:19 | INFO: Blender create Mesh node Cube
15:54:19 | INFO: glTF import finished in 0.00s
Extensions: writing cache failed ([Errno 30] Read-only file system: '/home/agent/.config/blender').
15:54:19 | INFO: Data are loaded, start creating Blender stuff
15:54:19 | INFO: Blender create Mesh node hydrant-body
15:54:19 | INFO: glTF import finished in 0.00s
Extensions: writing cache failed ([Errno 30] Read-only file system: '/home/agent/.config/blender').
15:54:19 | INFO: Data are loaded, start creating Blender stuff
15:54:19 | INFO: Blender create Mesh node hydrant-body
15:54:19 | INFO: glTF import finished in 0.00s
Extensions: writing cache failed ([Errno 30] Read-only file system: '/home/agent/.config/blender').
15:54:19 | INFO: Data are loaded, start creating Blender stuff
15:54:19 | INFO: Blender create Mesh node Cylinder
15:54:19 | INFO: glTF import finished in 0.00s
Extensions: writing cache failed ([Errno 30] Read-only file system: '/home/agent/.config/blender').
15:54:19 | INFO: Data are loaded, start creating Blender stuff
15:54:19 | INFO: Blender create Mesh node Cylinder
15:54:19 | INFO: glTF import finished in 0.00s
Extensions: writing cache failed ([Errno 30] Read-only file system: '/home/agent/.config/blender').
15:54:19 | INFO: Data are loaded, start creating Blender stuff
15:54:19 | INFO: Blender create Mesh node bollard-shell
15:54:19 | INFO: Blender create Mesh node reflective-band
15:54:19 | INFO: glTF import finished in 0.00s
Extensions: writing cache failed ([Errno 30] Read-only file system: '/home/agent/.config/blender').
15:54:19 | INFO: Data are loaded, start creating Blender stuff
15:54:19 | INFO: Blender create Mesh node bollard-shell
15:54:19 | INFO: Blender create Mesh node reflective-band
15:54:19 | INFO: glTF import finished in 0.00s
BLENDER_GEOMETRY_AND_EDIT_PASS
Extensions: writing cache failed ([Errno 30] Read-only file system: '/home/agent/.config/blender').
15:54:19 | INFO: Data are loaded, start creating Blender stuff
15:54:19 | INFO: Blender create Mesh node Cylinder
15:54:19 | INFO: Blender create Mesh node Cube
15:54:19 | INFO: glTF import finished in 0.00s
Blender 4.3.2
Read blend: "/workspace/scratch/7c20b5ba4165/atlas-backlog-oct3/tools/assets/street-furniture-expansion/source/cedar-bench.lod0.blend"
Read blend: "/workspace/scratch/7c20b5ba4165/atlas-backlog-oct3/tools/assets/street-furniture-expansion/source/cedar-bench.lod1.blend"
Read blend: "/workspace/scratch/7c20b5ba4165/atlas-backlog-oct3/tools/assets/street-furniture-expansion/source/heritage-lamp.lod0.blend"
Read blend: "/workspace/scratch/7c20b5ba4165/atlas-backlog-oct3/tools/assets/street-furniture-expansion/source/heritage-lamp.lod1.blend"
Read blend: "/workspace/scratch/7c20b5ba4165/atlas-backlog-oct3/tools/assets/street-furniture-expansion/source/transit-shelter.lod0.blend"
Read blend: "/workspace/scratch/7c20b5ba4165/atlas-backlog-oct3/tools/assets/street-furniture-expansion/source/transit-shelter.lod1.blend"
Read blend: "/workspace/scratch/7c20b5ba4165/atlas-backlog-oct3/tools/assets/street-furniture-expansion/source/arterial-lamp-8m.lod0.blend"
Read blend: "/workspace/scratch/7c20b5ba4165/atlas-backlog-oct3/tools/assets/street-furniture-expansion/source/arterial-lamp-8m.lod1.blend"
Read blend: "/workspace/scratch/7c20b5ba4165/atlas-backlog-oct3/tools/assets/street-furniture-expansion/source/garbage-bin.lod0.blend"
Read blend: "/workspace/scratch/7c20b5ba4165/atlas-backlog-oct3/tools/assets/street-furniture-expansion/source/garbage-bin.lod1.blend"
Read blend: "/workspace/scratch/7c20b5ba4165/atlas-backlog-oct3/tools/assets/street-furniture-expansion/source/fire-hydrant.lod0.blend"
Read blend: "/workspace/scratch/7c20b5ba4165/atlas-backlog-oct3/tools/assets/street-furniture-expansion/source/fire-hydrant.lod1.blend"
Read blend: "/workspace/scratch/7c20b5ba4165/atlas-backlog-oct3/tools/assets/street-furniture-expansion/source/bicycle-rack.lod0.blend"
Read blend: "/workspace/scratch/7c20b5ba4165/atlas-backlog-oct3/tools/assets/street-furniture-expansion/source/bicycle-rack.lod1.blend"
Read blend: "/workspace/scratch/7c20b5ba4165/atlas-backlog-oct3/tools/assets/street-furniture-expansion/source/bollard.lod0.blend"
Read blend: "/workspace/scratch/7c20b5ba4165/atlas-backlog-oct3/tools/assets/street-furniture-expansion/source/bollard.lod1.blend"
Read blend: "/tmp/street-furniture-qa-4q7zi_2_/artist-edited.blend"
Read blend: "/tmp/street-furniture-qa-4q7zi_2_/artist-edited.blend"
Read blend: "/tmp/street-furniture-qa-4q7zi_2_/artist-edited.blend"
Read blend: "/tmp/street-furniture-qa-4q7zi_2_/unsupported.blend"
Read blend: "/workspace/scratch/7c20b5ba4165/atlas-backlog-oct3/tools/assets/street-furniture-expansion/source/cedar-bench.lod0.blend"
Read blend: "/workspace/scratch/7c20b5ba4165/atlas-backlog-oct3/tools/assets/street-furniture-expansion/source/heritage-lamp.lod0.blend"
Read blend: "/workspace/scratch/7c20b5ba4165/atlas-backlog-oct3/tools/assets/street-furniture-expansion/source/transit-shelter.lod0.blend"
Read blend: "/workspace/scratch/7c20b5ba4165/atlas-backlog-oct3/tools/assets/street-furniture-expansion/source/arterial-lamp-8m.lod0.blend"
Read blend: "/workspace/scratch/7c20b5ba4165/atlas-backlog-oct3/tools/assets/street-furniture-expansion/source/garbage-bin.lod0.blend"
Read blend: "/workspace/scratch/7c20b5ba4165/atlas-backlog-oct3/tools/assets/street-furniture-expansion/source/fire-hydrant.lod0.blend"
Read blend: "/workspace/scratch/7c20b5ba4165/atlas-backlog-oct3/tools/assets/street-furniture-expansion/source/bicycle-rack.lod0.blend"
Read blend: "/workspace/scratch/7c20b5ba4165/atlas-backlog-oct3/tools/assets/street-furniture-expansion/source/bollard.lod0.blend"
Fra:1 Mem:12.83M (Peak 12.83M) | Time:00:00.00 | Mem:0.00M, Peak:0.00M | Scene, ViewLayer | Synchronizing object | metal
Fra:1 Mem:14.84M (Peak 14.84M) | Time:00:00.00 | Mem:0.00M, Peak:0.00M | Scene, ViewLayer | Synchronizing object | QA-ground-plane
Fra:1 Mem:14.85M (Peak 14.85M) | Time:00:00.00 | Mem:0.00M, Peak:0.00M | Scene, ViewLayer | Synchronizing object | QA-1m-ruler-tenth.009
Fra:1 Mem:14.85M (Peak 14.85M) | Time:00:00.00 | Mem:0.00M, Peak:0.00M | Scene, ViewLayer | Synchronizing object | QA-1m-ruler-tenth.008
Fra:1 Mem:14.85M (Peak 14.85M) | Time:00:00.00 | Mem:0.00M, Peak:0.00M | Scene, ViewLayer | Synchronizing object | QA-1m-ruler-tenth.007
Fra:1 Mem:14.85M (Peak 14.85M) | Time:00:00.00 | Mem:0.00M, Peak:0.00M | Scene, ViewLayer | Synchronizing object | QA-1m-ruler-tenth.006
Fra:1 Mem:14.85M (Peak 14.85M) | Time:00:00.00 | Mem:0.00M, Peak:0.00M | Scene, ViewLayer | Synchronizing object | QA-1m-ruler-tenth.005
Fra:1 Mem:14.85M (Peak 14.85M) | Time:00:00.00 | Mem:0.00M, Peak:0.00M | Scene, ViewLayer | Synchronizing object | QA-1m-ruler-tenth.004
Fra:1 Mem:14.85M (Peak 14.85M) | Time:00:00.00 | Mem:0.00M, Peak:0.00M | Scene, ViewLayer | Synchronizing object | QA-1m-ruler-tenth.003
Fra:1 Mem:14.85M (Peak 14.85M) | Time:00:00.00 | Mem:0.00M, Peak:0.00M | Scene, ViewLayer | Synchronizing object | QA-1m-ruler-tenth.002
Fra:1 Mem:14.85M (Peak 14.85M) | Time:00:00.00 | Mem:0.00M, Peak:0.00M | Scene, ViewLayer | Synchronizing object | QA-1m-ruler-tenth.001
Fra:1 Mem:14.85M (Peak 14.85M) | Time:00:00.00 | Mem:0.00M, Peak:0.00M | Scene, ViewLayer | Synchronizing object | QA-1m-ruler-tenth
Fra:1 Mem:14.86M (Peak 14.86M) | Time:00:00.00 | Mem:0.00M, Peak:0.00M | Scene, ViewLayer | Synchronizing object | Sphere.001
Fra:1 Mem:14.87M (Peak 14.87M) | Time:00:00.00 | Mem:0.00M, Peak:0.00M | Scene, ViewLayer | Synchronizing object | QA-human-arm.003
Fra:1 Mem:14.87M (Peak 14.87M) | Time:00:00.00 | Mem:0.00M, Peak:0.00M | Scene, ViewLayer | Synchronizing object | QA-human-arm.002
Fra:1 Mem:14.87M (Peak 14.87M) | Time:00:00.00 | Mem:0.00M, Peak:0.00M | Scene, ViewLayer | Synchronizing object | QA-human-leg.003
Fra:1 Mem:14.87M (Peak 14.87M) | Time:00:00.00 | Mem:0.00M, Peak:0.00M | Scene, ViewLayer | Synchronizing object | QA-human-leg.002
Fra:1 Mem:14.87M (Peak 14.87M) | Time:00:00.00 | Mem:0.00M, Peak:0.00M | Scene, ViewLayer | Synchronizing object | QA-human-neck.001
Fra:1 Mem:14.87M (Peak 14.87M) | Time:00:00.00 | Mem:0.00M, Peak:0.00M | Scene, ViewLayer | Synchronizing object | QA-human-torso.001
Fra:1 Mem:14.87M (Peak 14.87M) | Time:00:00.00 | Mem:0.00M, Peak:0.00M | Scene, ViewLayer | Synchronizing object | Sphere
Fra:1 Mem:14.88M (Peak 14.88M) | Time:00:00.00 | Mem:0.00M, Peak:0.00M | Scene, ViewLayer | Synchronizing object | QA-human-arm.001
Fra:1 Mem:14.88M (Peak 14.88M) | Time:00:00.00 | Mem:0.00M, Peak:0.00M | Scene, ViewLayer | Synchronizing object | QA-human-arm
Fra:1 Mem:14.88M (Peak 14.88M) | Time:00:00.00 | Mem:0.00M, Peak:0.00M | Scene, ViewLayer | Synchronizing object | QA-human-leg.001
Fra:1 Mem:14.88M (Peak 14.88M) | Time:00:00.00 | Mem:0.00M, Peak:0.00M | Scene, ViewLayer | Synchronizing object | QA-human-leg
Fra:1 Mem:14.88M (Peak 14.88M) | Time:00:00.00 | Mem:0.00M, Peak:0.00M | Scene, ViewLayer | Synchronizing object | QA-human-neck
Fra:1 Mem:14.89M (Peak 14.89M) | Time:00:00.00 | Mem:0.00M, Peak:0.00M | Scene, ViewLayer | Synchronizing object | QA-human-torso
Fra:1 Mem:14.89M (Peak 14.89M) | Time:00:00.00 | Mem:0.00M, Peak:0.00M | Scene, ViewLayer | Synchronizing object | wood
Fra:1 Mem:15.01M (Peak 15.01M) | Time:00:00.00 | Mem:0.00M, Peak:0.00M | Scene, ViewLayer | Initializing
Fra:1 Mem:13.76M (Peak 15.01M) | Time:00:00.00 | Mem:0.00M, Peak:0.00M | Scene, ViewLayer | Waiting for render to start
Fra:1 Mem:13.76M (Peak 15.01M) | Time:00:00.00 | Mem:0.00M, Peak:0.00M | Scene, ViewLayer | Loading render kernels (may take a few minutes the first time)
Fra:1 Mem:13.76M (Peak 15.01M) | Time:00:00.00 | Mem:0.00M, Peak:0.00M | Scene, ViewLayer | Updating Scene
Fra:1 Mem:13.76M (Peak 15.01M) | Time:00:00.00 | Mem:0.00M, Peak:0.00M | Scene, ViewLayer | Updating Shaders
Fra:1 Mem:13.85M (Peak 15.01M) | Time:00:00.00 | Mem:0.01M, Peak:0.01M | Scene, ViewLayer | Updating Procedurals
Fra:1 Mem:13.85M (Peak 15.01M) | Time:00:00.00 | Mem:0.01M, Peak:0.01M | Scene, ViewLayer | Updating Background
Fra:1 Mem:13.85M (Peak 15.01M) | Time:00:00.00 | Mem:0.01M, Peak:0.01M | Scene, ViewLayer | Updating Camera
Fra:1 Mem:13.85M (Peak 15.01M) | Time:00:00.00 | Mem:0.01M, Peak:0.01M | Scene, ViewLayer | Updating Meshes Flags
Fra:1 Mem:13.85M (Peak 15.01M) | Time:00:00.00 | Mem:0.01M, Peak:0.01M | Scene, ViewLayer | Updating Objects
Fra:1 Mem:13.85M (Peak 15.01M) | Time:00:00.00 | Mem:0.01M, Peak:0.01M | Scene, ViewLayer | Updating Objects | Copying Transformations to device
Fra:1 Mem:13.85M (Peak 15.01M) | Time:00:00.00 | Mem:0.01M, Peak:0.01M | Scene, ViewLayer | Updating Objects | Applying Static Transformations
Fra:1 Mem:13.85M (Peak 15.01M) | Time:00:00.00 | Mem:0.01M, Peak:0.01M | Scene, ViewLayer | Updating Particle Systems
Fra:1 Mem:13.85M (Peak 15.01M) | Time:00:00.00 | Mem:0.01M, Peak:0.01M | Scene, ViewLayer | Updating Particle Systems | Copying Particles to device
Fra:1 Mem:13.85M (Peak 15.01M) | Time:00:00.00 | Mem:0.01M, Peak:0.01M | Scene, ViewLayer | Updating Meshes
Fra:1 Mem:13.87M (Peak 15.01M) | Time:00:00.00 | Mem:0.01M, Peak:0.01M | Scene, ViewLayer | Updating Mesh | Computing attributes
Fra:1 Mem:13.91M (Peak 15.01M) | Time:00:00.00 | Mem:0.01M, Peak:0.01M | Scene, ViewLayer | Updating Mesh | Copying Attributes to device
Fra:1 Mem:13.90M (Peak 15.01M) | Time:00:00.00 | Mem:0.04M, Peak:0.04M | Scene, ViewLayer | Updating Scene BVH | Building
Fra:1 Mem:13.90M (Peak 15.01M) | Time:00:00.00 | Mem:0.04M, Peak:0.04M | Scene, ViewLayer | Updating Scene BVH | Building BVH
Fra:1 Mem:13.90M (Peak 15.01M) | Time:00:00.00 | Mem:0.08M, Peak:0.08M | Scene, ViewLayer | Updating Scene BVH | Building BVH 0%
Fra:1 Mem:13.90M (Peak 15.01M) | Time:00:00.00 | Mem:0.13M, Peak:0.16M | Scene, ViewLayer | Updating Scene BVH | Copying BVH to device
Fra:1 Mem:13.90M (Peak 15.01M) | Time:00:00.00 | Mem:0.13M, Peak:0.16M | Scene, ViewLayer | Updating Mesh | Computing normals
Fra:1 Mem:14.00M (Peak 15.01M) | Time:00:00.00 | Mem:0.13M, Peak:0.16M | Scene, ViewLayer | Updating Mesh | Copying Mesh to device
Fra:1 Mem:14.00M (Peak 15.01M) | Time:00:00.00 | Mem:0.22M, Peak:0.22M | Scene, ViewLayer | Updating Objects Flags
Fra:1 Mem:14.00M (Peak 15.01M) | Time:00:00.00 | Mem:0.22M, Peak:0.22M | Scene, ViewLayer | Updating Primitive Offsets
Fra:1 Mem:14.00M (Peak 15.01M) | Time:00:00.00 | Mem:0.22M, Peak:0.22M | Scene, ViewLayer | Updating Images
Fra:1 Mem:14.00M (Peak 15.01M) | Time:00:00.00 | Mem:0.22M, Peak:0.22M | Scene, ViewLayer | Updating Camera Volume
Fra:1 Mem:14.00M (Peak 15.01M) | Time:00:00.00 | Mem:0.22M, Peak:0.22M | Scene, ViewLayer | Updating Lookup Tables
Fra:1 Mem:14.00M (Peak 15.01M) | Time:00:00.00 | Mem:0.30M, Peak:0.30M | Scene, ViewLayer | Updating Lights
Fra:1 Mem:14.00M (Peak 15.01M) | Time:00:00.00 | Mem:0.30M, Peak:0.30M | Scene, ViewLayer | Updating Lights | Computing tree
Fra:1 Mem:14.00M (Peak 15.01M) | Time:00:00.00 | Mem:0.30M, Peak:0.30M | Scene, ViewLayer | Updating Integrator
Fra:1 Mem:14.00M (Peak 15.01M) | Time:00:00.00 | Mem:0.30M, Peak:0.30M | Scene, ViewLayer | Updating Film
Fra:1 Mem:14.00M (Peak 15.01M) | Time:00:00.00 | Mem:0.22M, Peak:0.30M | Scene, ViewLayer | Updating Lookup Tables
Fra:1 Mem:14.00M (Peak 15.01M) | Time:00:00.00 | Mem:0.31M, Peak:0.31M | Scene, ViewLayer | Updating Baking
Fra:1 Mem:14.00M (Peak 15.01M) | Time:00:00.00 | Mem:0.31M, Peak:0.31M | Scene, ViewLayer | Updating Device | Writing constant memory
Fra:1 Mem:14.00M (Peak 15.01M) | Time:00:00.00 | Mem:0.31M, Peak:0.31M | Scene, ViewLayer | Sample 0/16
Fra:1 Mem:16.26M (Peak 16.26M) | Time:00:00.02 | Remaining:00:00.28 | Mem:2.56M, Peak:2.56M | Scene, ViewLayer | Sample 1/16
Fra:1 Mem:17.26M (Peak 19.27M) | Time:00:00.24 | Mem:2.56M, Peak:2.56M | Scene, ViewLayer | Sample 16/16
Fra:1 Mem:17.26M (Peak 19.27M) | Time:00:00.24 | Mem:2.56M, Peak:2.56M | Scene, ViewLayer | Finished
Saved: '/tmp/street-furniture-qa-4q7zi_2_/cedar-bench.lod0.front.png'
Time: 00:00.36 (Saving: 00:00.11)

Extensions: writing cache failed ([Errno 30] Read-only file system: '/home/agent/.config/blender').
15:54:20 | INFO: Data are loaded, start creating Blender stuff
15:54:20 | INFO: Blender create Mesh node Cylinder
15:54:20 | INFO: Blender create Mesh node Cube
15:54:20 | INFO: glTF import finished in 0.00s
Fra:1 Mem:14.83M (Peak 14.83M) | Time:00:00.00 | Mem:0.00M, Peak:0.00M | Scene, ViewLayer | Synchronizing object | metal
Fra:1 Mem:14.99M (Peak 14.99M) | Time:00:00.00 | Mem:0.00M, Peak:0.00M | Scene, ViewLayer | Synchronizing object | QA-ground-plane
Fra:1 Mem:14.93M (Peak 14.99M) | Time:00:00.00 | Mem:0.00M, Peak:0.00M | Scene, ViewLayer | Synchronizing object | QA-1m-ruler-tenth.009
Fra:1 Mem:14.93M (Peak 14.99M) | Time:00:00.00 | Mem:0.00M, Peak:0.00M | Scene, ViewLayer | Synchronizing object | QA-1m-ruler-tenth.008
Fra:1 Mem:14.93M (Peak 14.99M) | Time:00:00.00 | Mem:0.00M, Peak:0.00M | Scene, ViewLayer | Synchronizing object | QA-1m-ruler-tenth.007
Fra:1 Mem:14.93M (Peak 14.99M) | Time:00:00.00 | Mem:0.00M, Peak:0.00M | Scene, ViewLayer | Synchronizing object | QA-1m-ruler-tenth.006
Fra:1 Mem:14.93M (Peak 14.99M) | Time:00:00.00 | Mem:0.00M, Peak:0.00M | Scene, ViewLayer | Synchronizing object | QA-1m-ruler-tenth.005
Fra:1 Mem:14.93M (Peak 14.99M) | Time:00:00.00 | Mem:0.00M, Peak:0.00M | Scene, ViewLayer | Synchronizing object | QA-1m-ruler-tenth.004
Fra:1 Mem:14.93M (Peak 14.99M) | Time:00:00.00 | Mem:0.00M, Peak:0.00M | Scene, ViewLayer | Synchronizing object | QA-1m-ruler-tenth.003
Fra:1 Mem:14.94M (Peak 14.99M) | Time:00:00.00 | Mem:0.00M, Peak:0.00M | Scene, ViewLayer | Synchronizing object | QA-1m-ruler-tenth.002
Fra:1 Mem:14.94M (Peak 14.99M) | Time:00:00.00 | Mem:0.00M, Peak:0.00M | Scene, ViewLayer | Synchronizing object | QA-1m-ruler-tenth.001
Fra:1 Mem:14.94M (Peak 14.99M) | Time:00:00.00 | Mem:0.00M, Peak:0.00M | Scene, ViewLayer | Synchronizing object | QA-1m-ruler-tenth
Fra:1 Mem:14.95M (Peak 14.99M) | Time:00:00.00 | Mem:0.00M, Peak:0.00M | Scene, ViewLayer | Synchronizing object | Sphere.001
Fra:1 Mem:15.01M (Peak 15.01M) | Time:00:00.00 | Mem:0.00M, Peak:0.00M | Scene, ViewLayer | Synchronizing object | QA-human-arm.003
Fra:1 Mem:15.01M (Peak 15.01M) | Time:00:00.00 | Mem:0.00M, Peak:0.00M | Scene, ViewLayer | Synchronizing object | QA-human-arm.002
Fra:1 Mem:15.01M (Peak 15.01M) | Time:00:00.00 | Mem:0.00M, Peak:0.00M | Scene, ViewLayer | Synchronizing object | QA-human-leg.003
Fra:1 Mem:15.01M (Peak 15.01M) | Time:00:00.00 | Mem:0.00M, Peak:0.00M | Scene, ViewLayer | Synchronizing object | QA-human-leg.002
Fra:1 Mem:15.01M (Peak 15.01M) | Time:00:00.00 | Mem:0.00M, Peak:0.00M | Scene, ViewLayer | Synchronizing object | QA-human-neck.001
Fra:1 Mem:15.01M (Peak 15.01M) | Time:00:00.00 | Mem:0.00M, Peak:0.00M | Scene, ViewLayer | Synchronizing object | QA-human-torso.001
Fra:1 Mem:15.01M (Peak 15.01M) | Time:00:00.00 | Mem:0.00M, Peak:0.00M | Scene, ViewLayer | Synchronizing object | Sphere
Fra:1 Mem:14.99M (Peak 15.01M) | Time:00:00.00 | Mem:0.00M, Peak:0.00M | Scene, ViewLayer | Synchronizing object | QA-human-arm.001
Fra:1 Mem:15.00M (Peak 15.01M) | Time:00:00.00 | Mem:0.00M, Peak:0.00M | Scene, ViewLayer | Synchronizing object | QA-human-arm
Fra:1 Mem:15.02M (Peak 15.02M) | Time:00:00.00 | Mem:0.00M, Peak:0.00M | Scene, ViewLayer | Synchronizing object | QA-human-leg.001
Fra:1 Mem:15.02M (Peak 15.02M) | Time:00:00.00 | Mem:0.00M, Peak:0.00M | Scene, ViewLayer | Synchronizing object | QA-human-leg
Fra:1 Mem:14.94M (Peak 15.02M) | Time:00:00.00 | Mem:0.00M, Peak:0.00M | Scene, ViewLayer | Synchronizing object | QA-human-neck
Fra:1 Mem:14.94M (Peak 15.02M) | Time:00:00.00 | Mem:0.00M, Peak:0.00M | Scene, ViewLayer | Synchronizing object | QA-human-torso
Fra:1 Mem:14.95M (Peak 15.02M) | Time:00:00.00 | Mem:0.00M, Peak:0.00M | Scene, ViewLayer | Synchronizing object | wood
Fra:1 Mem:15.01M (Peak 15.02M) | Time:00:00.00 | Mem:0.00M, Peak:0.00M | Scene, ViewLayer | Initializing
Fra:1 Mem:13.76M (Peak 15.02M) | Time:00:00.00 | Mem:0.00M, Peak:0.00M | Scene, ViewLayer | Waiting for render to start
Fra:1 Mem:13.76M (Peak 15.02M) | Time:00:00.00 | Mem:0.00M, Peak:0.00M | Scene, ViewLayer | Loading render kernels (may take a few minutes the first time)
Fra:1 Mem:13.76M (Peak 15.02M) | Time:00:00.00 | Mem:0.00M, Peak:0.00M | Scene, ViewLayer | Updating Scene
Fra:1 Mem:13.76M (Peak 15.02M) | Time:00:00.00 | Mem:0.00M, Peak:0.00M | Scene, ViewLayer | Updating Shaders
Fra:1 Mem:13.85M (Peak 15.02M) | Time:00:00.00 | Mem:0.01M, Peak:0.01M | Scene, ViewLayer | Updating Procedurals
Fra:1 Mem:13.85M (Peak 15.02M) | Time:00:00.00 | Mem:0.01M, Peak:0.01M | Scene, ViewLayer | Updating Background
Fra:1 Mem:13.85M (Peak 15.02M) | Time:00:00.00 | Mem:0.01M, Peak:0.01M | Scene, ViewLayer | Updating Camera
Fra:1 Mem:13.85M (Peak 15.02M) | Time:00:00.00 | Mem:0.01M, Peak:0.01M | Scene, ViewLayer | Updating Meshes Flags
Fra:1 Mem:13.85M (Peak 15.02M) | Time:00:00.00 | Mem:0.01M, Peak:0.01M | Scene, ViewLayer | Updating Objects
Fra:1 Mem:13.85M (Peak 15.02M) | Time:00:00.00 | Mem:0.01M, Peak:0.01M | Scene, ViewLayer | Updating Objects | Copying Transformations to device
Fra:1 Mem:13.85M (Peak 15.02M) | Time:00:00.00 | Mem:0.01M, Peak:0.01M | Scene, ViewLayer | Updating Objects | Applying Static Transformations
Fra:1 Mem:13.85M (Peak 15.02M) | Time:00:00.00 | Mem:0.01M, Peak:0.01M | Scene, ViewLayer | Updating Particle Systems
Fra:1 Mem:13.85M (Peak 15.02M) | Time:00:00.00 | Mem:0.01M, Peak:0.01M | Scene, ViewLayer | Updating Particle Systems | Copying Particles to device
Fra:1 Mem:13.85M (Peak 15.02M) | Time:00:00.00 | Mem:0.01M, Peak:0.01M | Scene, ViewLayer | Updating Meshes
Fra:1 Mem:13.87M (Peak 15.02M) | Time:00:00.00 | Mem:0.01M, Peak:0.01M | Scene, ViewLayer | Updating Mesh | Computing attributes
Fra:1 Mem:13.91M (Peak 15.02M) | Time:00:00.00 | Mem:0.01M, Peak:0.01M | Scene, ViewLayer | Updating Mesh | Copying Attributes to device
Fra:1 Mem:13.90M (Peak 15.02M) | Time:00:00.00 | Mem:0.04M, Peak:0.04M | Scene, ViewLayer | Updating Scene BVH | Building
Fra:1 Mem:13.90M (Peak 15.02M) | Time:00:00.00 | Mem:0.04M, Peak:0.04M | Scene, ViewLayer | Updating Scene BVH | Building BVH
Fra:1 Mem:13.90M (Peak 15.02M) | Time:00:00.00 | Mem:0.08M, Peak:0.08M | Scene, ViewLayer | Updating Scene BVH | Building BVH 0%
Fra:1 Mem:13.90M (Peak 15.02M) | Time:00:00.00 | Mem:0.13M, Peak:0.16M | Scene, ViewLayer | Updating Scene BVH | Copying BVH to device
Fra:1 Mem:13.90M (Peak 15.02M) | Time:00:00.00 | Mem:0.13M, Peak:0.16M | Scene, ViewLayer | Updating Mesh | Computing normals
Fra:1 Mem:14.00M (Peak 15.02M) | Time:00:00.00 | Mem:0.13M, Peak:0.16M | Scene, ViewLayer | Updating Mesh | Copying Mesh to device
Fra:1 Mem:14.00M (Peak 15.02M) | Time:00:00.00 | Mem:0.22M, Peak:0.22M | Scene, ViewLayer | Updating Objects Flags
Fra:1 Mem:14.00M (Peak 15.02M) | Time:00:00.00 | Mem:0.22M, Peak:0.22M | Scene, ViewLayer | Updating Primitive Offsets
Fra:1 Mem:14.00M (Peak 15.02M) | Time:00:00.00 | Mem:0.22M, Peak:0.22M | Scene, ViewLayer | Updating Images
Fra:1 Mem:14.00M (Peak 15.02M) | Time:00:00.00 | Mem:0.22M, Peak:0.22M | Scene, ViewLayer | Updating Camera Volume
Fra:1 Mem:14.00M (Peak 15.02M) | Time:00:00.00 | Mem:0.22M, Peak:0.22M | Scene, ViewLayer | Updating Lookup Tables
Fra:1 Mem:14.00M (Peak 15.02M) | Time:00:00.00 | Mem:0.30M, Peak:0.30M | Scene, ViewLayer | Updating Lights
Fra:1 Mem:14.00M (Peak 15.02M) | Time:00:00.00 | Mem:0.30M, Peak:0.30M | Scene, ViewLayer | Updating Lights | Computing tree
Fra:1 Mem:14.00M (Peak 15.02M) | Time:00:00.00 | Mem:0.30M, Peak:0.30M | Scene, ViewLayer | Updating Integrator
Fra:1 Mem:14.00M (Peak 15.02M) | Time:00:00.00 | Mem:0.30M, Peak:0.30M | Scene, ViewLayer | Updating Film
Fra:1 Mem:14.00M (Peak 15.02M) | Time:00:00.00 | Mem:0.22M, Peak:0.30M | Scene, ViewLayer | Updating Lookup Tables
Fra:1 Mem:14.00M (Peak 15.02M) | Time:00:00.00 | Mem:0.31M, Peak:0.31M | Scene, ViewLayer | Updating Baking
Fra:1 Mem:14.00M (Peak 15.02M) | Time:00:00.00 | Mem:0.31M, Peak:0.31M | Scene, ViewLayer | Updating Device | Writing constant memory
Fra:1 Mem:14.00M (Peak 15.02M) | Time:00:00.00 | Mem:0.31M, Peak:0.31M | Scene, ViewLayer | Sample 0/16
Fra:1 Mem:16.26M (Peak 16.26M) | Time:00:00.02 | Remaining:00:00.25 | Mem:2.56M, Peak:2.56M | Scene, ViewLayer | Sample 1/16
Fra:1 Mem:17.26M (Peak 19.27M) | Time:00:00.21 | Mem:2.56M, Peak:2.56M | Scene, ViewLayer | Sample 16/16
Fra:1 Mem:17.26M (Peak 19.27M) | Time:00:00.21 | Mem:2.56M, Peak:2.56M | Scene, ViewLayer | Finished
Saved: '/tmp/street-furniture-qa-4q7zi_2_/cedar-bench.lod0.side.png'
Time: 00:00.22 (Saving: 00:00.00)

Extensions: writing cache failed ([Errno 30] Read-only file system: '/home/agent/.config/blender').
15:54:20 | INFO: Data are loaded, start creating Blender stuff
15:54:20 | INFO: Blender create Mesh node Cylinder
15:54:20 | INFO: Blender create Mesh node Cube
15:54:20 | INFO: glTF import finished in 0.00s
Fra:1 Mem:14.83M (Peak 14.83M) | Time:00:00.00 | Mem:0.00M, Peak:0.00M | Scene, ViewLayer | Synchronizing object | metal
Fra:1 Mem:14.98M (Peak 14.98M) | Time:00:00.00 | Mem:0.00M, Peak:0.00M | Scene, ViewLayer | Synchronizing object | QA-ground-plane
Fra:1 Mem:14.89M (Peak 14.98M) | Time:00:00.00 | Mem:0.00M, Peak:0.00M | Scene, ViewLayer | Synchronizing object | QA-1m-ruler-tenth.009
Fra:1 Mem:14.92M (Peak 14.98M) | Time:00:00.00 | Mem:0.00M, Peak:0.00M | Scene, ViewLayer | Synchronizing object | QA-1m-ruler-tenth.008
Fra:1 Mem:14.92M (Peak 14.98M) | Time:00:00.00 | Mem:0.00M, Peak:0.00M | Scene, ViewLayer | Synchronizing object | QA-1m-ruler-tenth.007
Fra:1 Mem:14.93M (Peak 14.98M) | Time:00:00.00 | Mem:0.00M, Peak:0.00M | Scene, ViewLayer | Synchronizing object | QA-1m-ruler-tenth.006
Fra:1 Mem:14.93M (Peak 14.98M) | Time:00:00.00 | Mem:0.00M, Peak:0.00M | Scene, ViewLayer | Synchronizing object | QA-1m-ruler-tenth.005
Fra:1 Mem:14.93M (Peak 14.98M) | Time:00:00.00 | Mem:0.00M, Peak:0.00M | Scene, ViewLayer | Synchronizing object | QA-1m-ruler-tenth.004
Fra:1 Mem:14.99M (Peak 14.99M) | Time:00:00.00 | Mem:0.00M, Peak:0.00M | Scene, ViewLayer | Synchronizing object | QA-1m-ruler-tenth.003
Fra:1 Mem:14.99M (Peak 14.99M) | Time:00:00.00 | Mem:0.00M, Peak:0.00M | Scene, ViewLayer | Synchronizing object | QA-1m-ruler-tenth.002
Fra:1 Mem:15.00M (Peak 15.00M) | Time:00:00.00 | Mem:0.00M, Peak:0.00M | Scene, ViewLayer | Synchronizing object | QA-1m-ruler-tenth.001
Fra:1 Mem:15.00M (Peak 15.00M) | Time:00:00.00 | Mem:0.00M, Peak:0.00M | Scene, ViewLayer | Synchronizing object | QA-1m-ruler-tenth
Fra:1 Mem:15.00M (Peak 15.00M) | Time:00:00.00 | Mem:0.00M, Peak:0.00M | Scene, ViewLayer | Synchronizing object | Sphere.001
Fra:1 Mem:15.01M (Peak 15.01M) | Time:00:00.00 | Mem:0.00M, Peak:0.00M | Scene, ViewLayer | Synchronizing object | QA-human-arm.003
Fra:1 Mem:14.95M (Peak 15.01M) | Time:00:00.00 | Mem:0.00M, Peak:0.00M | Scene, ViewLayer | Synchronizing object | QA-human-arm.002
Fra:1 Mem:14.97M (Peak 15.01M) | Time:00:00.00 | Mem:0.00M, Peak:0.00M | Scene, ViewLayer | Synchronizing object | QA-human-leg.003
Fra:1 Mem:14.99M (Peak 15.01M) | Time:00:00.00 | Mem:0.00M, Peak:0.00M | Scene, ViewLayer | Synchronizing object | QA-human-leg.002
Fra:1 Mem:15.00M (Peak 15.01M) | Time:00:00.00 | Mem:0.00M, Peak:0.00M | Scene, ViewLayer | Synchronizing object | QA-human-neck.001
Fra:1 Mem:14.97M (Peak 15.01M) | Time:00:00.00 | Mem:0.00M, Peak:0.00M | Scene, ViewLayer | Synchronizing object | QA-human-torso.001
Fra:1 Mem:14.95M (Peak 15.01M) | Time:00:00.00 | Mem:0.00M, Peak:0.00M | Scene, ViewLayer | Synchronizing object | Sphere
Fra:1 Mem:14.94M (Peak 15.01M) | Time:00:00.00 | Mem:0.00M, Peak:0.00M | Scene, ViewLayer | Synchronizing object | wood
Fra:1 Mem:14.94M (Peak 15.01M) | Time:00:00.00 | Mem:0.00M, Peak:0.00M | Scene, ViewLayer | Synchronizing object | QA-human-arm.001
Fra:1 Mem:14.95M (Peak 15.01M) | Time:00:00.00 | Mem:0.00M, Peak:0.00M | Scene, ViewLayer | Synchronizing object | QA-human-arm
Fra:1 Mem:14.96M (Peak 15.01M) | Time:00:00.00 | Mem:0.00M, Peak:0.00M | Scene, ViewLayer | Synchronizing object | QA-human-leg.001
Fra:1 Mem:15.09M (Peak 15.09M) | Time:00:00.00 | Mem:0.00M, Peak:0.00M | Scene, ViewLayer | Synchronizing object | QA-human-leg
Fra:1 Mem:15.10M (Peak 15.10M) | Time:00:00.00 | Mem:0.00M, Peak:0.00M | Scene, ViewLayer | Synchronizing object | QA-human-neck
Fra:1 Mem:15.10M (Peak 15.10M) | Time:00:00.00 | Mem:0.00M, Peak:0.00M | Scene, ViewLayer | Synchronizing object | QA-human-torso
Fra:1 Mem:15.01M (Peak 15.10M) | Time:00:00.00 | Mem:0.00M, Peak:0.00M | Scene, ViewLayer | Initializing
Fra:1 Mem:13.76M (Peak 15.10M) | Time:00:00.00 | Mem:0.00M, Peak:0.00M | Scene, ViewLayer | Waiting for render to start
Fra:1 Mem:13.76M (Peak 15.10M) | Time:00:00.00 | Mem:0.00M, Peak:0.00M | Scene, ViewLayer | Loading render kernels (may take a few minutes the first time)
Fra:1 Mem:13.76M (Peak 15.10M) | Time:00:00.00 | Mem:0.00M, Peak:0.00M | Scene, ViewLayer | Updating Scene
Fra:1 Mem:13.76M (Peak 15.10M) | Time:00:00.00 | Mem:0.00M, Peak:0.00M | Scene, ViewLayer | Updating Shaders
Fra:1 Mem:13.85M (Peak 15.10M) | Time:00:00.00 | Mem:0.01M, Peak:0.01M | Scene, ViewLayer | Updating Procedurals
Fra:1 Mem:13.85M (Peak 15.10M) | Time:00:00.00 | Mem:0.01M, Peak:0.01M | Scene, ViewLayer | Updating Background
Fra:1 Mem:13.85M (Peak 15.10M) | Time:00:00.00 | Mem:0.01M, Peak:0.01M | Scene, ViewLayer | Updating Camera
Fra:1 Mem:13.85M (Peak 15.10M) | Time:00:00.00 | Mem:0.01M, Peak:0.01M | Scene, ViewLayer | Updating Meshes Flags
Fra:1 Mem:13.85M (Peak 15.10M) | Time:00:00.00 | Mem:0.01M, Peak:0.01M | Scene, ViewLayer | Updating Objects
Fra:1 Mem:13.85M (Peak 15.10M) | Time:00:00.00 | Mem:0.01M, Peak:0.01M | Scene, ViewLayer | Updating Objects | Copying Transformations to device
Fra:1 Mem:13.85M (Peak 15.10M) | Time:00:00.00 | Mem:0.01M, Peak:0.01M | Scene, ViewLayer | Updating Objects | Applying Static Transformations
Fra:1 Mem:13.85M (Peak 15.10M) | Time:00:00.00 | Mem:0.01M, Peak:0.01M | Scene, ViewLayer | Updating Particle Systems
Fra:1 Mem:13.85M (Peak 15.10M) | Time:00:00.00 | Mem:0.01M, Peak:0.01M | Scene, ViewLayer | Updating Particle Systems | Copying Particles to device
Fra:1 Mem:13.85M (Peak 15.10M) | Time:00:00.00 | Mem:0.01M, Peak:0.01M | Scene, ViewLayer | Updating Meshes
Fra:1 Mem:13.87M (Peak 15.10M) | Time:00:00.00 | Mem:0.01M, Peak:0.01M | Scene, ViewLayer | Updating Mesh | Computing attributes
Fra:1 Mem:13.91M (Peak 15.10M) | Time:00:00.00 | Mem:0.01M, Peak:0.01M | Scene, ViewLayer | Updating Mesh | Copying Attributes to device
Fra:1 Mem:13.90M (Peak 15.10M) | Time:00:00.00 | Mem:0.04M, Peak:0.04M | Scene, ViewLayer | Updating Scene BVH | Building
Fra:1 Mem:13.90M (Peak 15.10M) | Time:00:00.00 | Mem:0.04M, Peak:0.04M | Scene, ViewLayer | Updating Scene BVH | Building BVH
Fra:1 Mem:13.90M (Peak 15.10M) | Time:00:00.00 | Mem:0.08M, Peak:0.08M | Scene, ViewLayer | Updating Scene BVH | Building BVH 0%
Fra:1 Mem:13.90M (Peak 15.10M) | Time:00:00.00 | Mem:0.13M, Peak:0.16M | Scene, ViewLayer | Updating Scene BVH | Copying BVH to device
Fra:1 Mem:13.90M (Peak 15.10M) | Time:00:00.00 | Mem:0.13M, Peak:0.16M | Scene, ViewLayer | Updating Mesh | Computing normals
Fra:1 Mem:14.00M (Peak 15.10M) | Time:00:00.00 | Mem:0.13M, Peak:0.16M | Scene, ViewLayer | Updating Mesh | Copying Mesh to device
Fra:1 Mem:14.00M (Peak 15.10M) | Time:00:00.00 | Mem:0.22M, Peak:0.22M | Scene, ViewLayer | Updating Objects Flags
Fra:1 Mem:14.00M (Peak 15.10M) | Time:00:00.00 | Mem:0.22M, Peak:0.22M | Scene, ViewLayer | Updating Primitive Offsets
Fra:1 Mem:14.00M (Peak 15.10M) | Time:00:00.00 | Mem:0.22M, Peak:0.22M | Scene, ViewLayer | Updating Images
Fra:1 Mem:14.00M (Peak 15.10M) | Time:00:00.00 | Mem:0.22M, Peak:0.22M | Scene, ViewLayer | Updating Camera Volume
Fra:1 Mem:14.00M (Peak 15.10M) | Time:00:00.00 | Mem:0.22M, Peak:0.22M | Scene, ViewLayer | Updating Lookup Tables
Fra:1 Mem:14.00M (Peak 15.10M) | Time:00:00.00 | Mem:0.30M, Peak:0.30M | Scene, ViewLayer | Updating Lights
Fra:1 Mem:14.00M (Peak 15.10M) | Time:00:00.00 | Mem:0.30M, Peak:0.30M | Scene, ViewLayer | Updating Lights | Computing tree
Fra:1 Mem:14.00M (Peak 15.10M) | Time:00:00.00 | Mem:0.30M, Peak:0.30M | Scene, ViewLayer | Updating Integrator
Fra:1 Mem:14.00M (Peak 15.10M) | Time:00:00.00 | Mem:0.30M, Peak:0.30M | Scene, ViewLayer | Updating Film
Fra:1 Mem:14.00M (Peak 15.10M) | Time:00:00.00 | Mem:0.22M, Peak:0.30M | Scene, ViewLayer | Updating Lookup Tables
Fra:1 Mem:14.00M (Peak 15.10M) | Time:00:00.00 | Mem:0.31M, Peak:0.31M | Scene, ViewLayer | Updating Baking
Fra:1 Mem:14.00M (Peak 15.10M) | Time:00:00.00 | Mem:0.31M, Peak:0.31M | Scene, ViewLayer | Updating Device | Writing constant memory
Fra:1 Mem:14.01M (Peak 15.10M) | Time:00:00.00 | Mem:0.31M, Peak:0.31M | Scene, ViewLayer | Sample 0/16
Fra:1 Mem:16.26M (Peak 16.26M) | Time:00:00.02 | Remaining:00:00.27 | Mem:2.56M, Peak:2.56M | Scene, ViewLayer | Sample 1/16
Fra:1 Mem:17.26M (Peak 19.27M) | Time:00:00.23 | Mem:2.56M, Peak:2.56M | Scene, ViewLayer | Sample 16/16
Fra:1 Mem:17.26M (Peak 19.27M) | Time:00:00.23 | Mem:2.56M, Peak:2.56M | Scene, ViewLayer | Finished
Saved: '/tmp/street-furniture-qa-4q7zi_2_/cedar-bench.lod0.rear.png'
Time: 00:00.24 (Saving: 00:00.01)

Extensions: writing cache failed ([Errno 30] Read-only file system: '/home/agent/.config/blender').
15:54:20 | INFO: Data are loaded, start creating Blender stuff
15:54:20 | INFO: Blender create Mesh node Cylinder
15:54:20 | INFO: Blender create Mesh node Cube
15:54:20 | INFO: glTF import finished in 0.00s
Fra:1 Mem:14.83M (Peak 14.83M) | Time:00:00.00 | Mem:0.00M, Peak:0.00M | Scene, ViewLayer | Synchronizing object | metal
Fra:1 Mem:14.99M (Peak 14.99M) | Time:00:00.00 | Mem:0.00M, Peak:0.00M | Scene, ViewLayer | Synchronizing object | QA-ground-plane
Fra:1 Mem:14.93M (Peak 14.99M) | Time:00:00.00 | Mem:0.00M, Peak:0.00M | Scene, ViewLayer | Synchronizing object | QA-1m-ruler-tenth.009
Fra:1 Mem:14.93M (Peak 14.99M) | Time:00:00.00 | Mem:0.00M, Peak:0.00M | Scene, ViewLayer | Synchronizing object | QA-1m-ruler-tenth.008
Fra:1 Mem:14.93M (Peak 14.99M) | Time:00:00.00 | Mem:0.00M, Peak:0.00M | Scene, ViewLayer | Synchronizing object | QA-1m-ruler-tenth.007
Fra:1 Mem:14.94M (Peak 14.99M) | Time:00:00.00 | Mem:0.00M, Peak:0.00M | Scene, ViewLayer | Synchronizing object | QA-1m-ruler-tenth.006
Fra:1 Mem:14.94M (Peak 14.99M) | Time:00:00.00 | Mem:0.00M, Peak:0.00M | Scene, ViewLayer | Synchronizing object | QA-1m-ruler-tenth.005
Fra:1 Mem:14.99M (Peak 14.99M) | Time:00:00.00 | Mem:0.00M, Peak:0.00M | Scene, ViewLayer | Synchronizing object | QA-1m-ruler-tenth.004
Fra:1 Mem:14.99M (Peak 14.99M) | Time:00:00.00 | Mem:0.00M, Peak:0.00M | Scene, ViewLayer | Synchronizing object | QA-1m-ruler-tenth.003
Fra:1 Mem:14.99M (Peak 14.99M) | Time:00:00.00 | Mem:0.00M, Peak:0.00M | Scene, ViewLayer | Synchronizing object | QA-1m-ruler-tenth.002
Fra:1 Mem:15.00M (Peak 15.00M) | Time:00:00.00 | Mem:0.00M, Peak:0.00M | Scene, ViewLayer | Synchronizing object | QA-1m-ruler-tenth.001
Fra:1 Mem:15.00M (Peak 15.00M) | Time:00:00.00 | Mem:0.00M, Peak:0.00M | Scene, ViewLayer | Synchronizing object | QA-1m-ruler-tenth
Fra:1 Mem:15.00M (Peak 15.00M) | Time:00:00.00 | Mem:0.00M, Peak:0.00M | Scene, ViewLayer | Synchronizing object | Sphere.001
Fra:1 Mem:14.96M (Peak 15.00M) | Time:00:00.00 | Mem:0.00M, Peak:0.00M | Scene, ViewLayer | Synchronizing object | QA-human-arm.003
Fra:1 Mem:14.99M (Peak 15.00M) | Time:00:00.00 | Mem:0.00M, Peak:0.00M | Scene, ViewLayer | Synchronizing object | QA-human-arm.002
Fra:1 Mem:15.00M (Peak 15.00M) | Time:00:00.00 | Mem:0.00M, Peak:0.00M | Scene, ViewLayer | Synchronizing object | QA-human-leg.003
Fra:1 Mem:15.00M (Peak 15.00M) | Time:00:00.00 | Mem:0.00M, Peak:0.00M | Scene, ViewLayer | Synchronizing object | QA-human-leg.002
Fra:1 Mem:14.93M (Peak 15.00M) | Time:00:00.00 | Mem:0.00M, Peak:0.00M | Scene, ViewLayer | Synchronizing object | QA-human-neck.001
Fra:1 Mem:14.94M (Peak 15.00M) | Time:00:00.00 | Mem:0.00M, Peak:0.00M | Scene, ViewLayer | Synchronizing object | QA-human-torso.001
Fra:1 Mem:14.93M (Peak 15.00M) | Time:00:00.00 | Mem:0.00M, Peak:0.00M | Scene, ViewLayer | Synchronizing object | wood
Fra:1 Mem:14.93M (Peak 15.00M) | Time:00:00.00 | Mem:0.00M, Peak:0.00M | Scene, ViewLayer | Synchronizing object | Sphere
Fra:1 Mem:14.95M (Peak 15.00M) | Time:00:00.00 | Mem:0.00M, Peak:0.00M | Scene, ViewLayer | Synchronizing object | QA-human-arm.001
Fra:1 Mem:14.96M (Peak 15.00M) | Time:00:00.00 | Mem:0.00M, Peak:0.00M | Scene, ViewLayer | Synchronizing object | QA-human-arm
Fra:1 Mem:15.09M (Peak 15.09M) | Time:00:00.00 | Mem:0.00M, Peak:0.00M | Scene, ViewLayer | Synchronizing object | QA-human-leg.001
Fra:1 Mem:15.09M (Peak 15.09M) | Time:00:00.00 | Mem:0.00M, Peak:0.00M | Scene, ViewLayer | Synchronizing object | QA-human-leg
Fra:1 Mem:15.10M (Peak 15.10M) | Time:00:00.00 | Mem:0.00M, Peak:0.00M | Scene, ViewLayer | Synchronizing object | QA-human-neck
Fra:1 Mem:15.10M (Peak 15.10M) | Time:00:00.00 | Mem:0.00M, Peak:0.00M | Scene, ViewLayer | Synchronizing object | QA-human-torso
Fra:1 Mem:15.01M (Peak 15.10M) | Time:00:00.00 | Mem:0.00M, Peak:0.00M | Scene, ViewLayer | Initializing
Fra:1 Mem:13.76M (Peak 15.10M) | Time:00:00.00 | Mem:0.00M, Peak:0.00M | Scene, ViewLayer | Waiting for render to start
Fra:1 Mem:13.76M (Peak 15.10M) | Time:00:00.00 | Mem:0.00M, Peak:0.00M | Scene, ViewLayer | Loading render kernels (may take a few minutes the first time)
Fra:1 Mem:13.76M (Peak 15.10M) | Time:00:00.00 | Mem:0.00M, Peak:0.00M | Scene, ViewLayer | Updating Scene
Fra:1 Mem:13.76M (Peak 15.10M) | Time:00:00.00 | Mem:0.00M, Peak:0.00M | Scene, ViewLayer | Updating Shaders
Fra:1 Mem:13.85M (Peak 15.10M) | Time:00:00.00 | Mem:0.01M, Peak:0.01M | Scene, ViewLayer | Updating Procedurals
Fra:1 Mem:13.85M (Peak 15.10M) | Time:00:00.00 | Mem:0.01M, Peak:0.01M | Scene, ViewLayer | Updating Background
Fra:1 Mem:13.85M (Peak 15.10M) | Time:00:00.00 | Mem:0.01M, Peak:0.01M | Scene, ViewLayer | Updating Camera
Fra:1 Mem:13.85M (Peak 15.10M) | Time:00:00.00 | Mem:0.01M, Peak:0.01M | Scene, ViewLayer | Updating Meshes Flags
Fra:1 Mem:13.85M (Peak 15.10M) | Time:00:00.00 | Mem:0.01M, Peak:0.01M | Scene, ViewLayer | Updating Objects
Fra:1 Mem:13.85M (Peak 15.10M) | Time:00:00.00 | Mem:0.01M, Peak:0.01M | Scene, ViewLayer | Updating Objects | Copying Transformations to device
Fra:1 Mem:13.85M (Peak 15.10M) | Time:00:00.00 | Mem:0.01M, Peak:0.01M | Scene, ViewLayer | Updating Objects | Applying Static Transformations
Fra:1 Mem:13.85M (Peak 15.10M) | Time:00:00.00 | Mem:0.01M, Peak:0.01M | Scene, ViewLayer | Updating Particle Systems
Fra:1 Mem:13.85M (Peak 15.10M) | Time:00:00.00 | Mem:0.01M, Peak:0.01M | Scene, ViewLayer | Updating Particle Systems | Copying Particles to device
Fra:1 Mem:13.85M (Peak 15.10M) | Time:00:00.00 | Mem:0.01M, Peak:0.01M | Scene, ViewLayer | Updating Meshes
Fra:1 Mem:13.87M (Peak 15.10M) | Time:00:00.00 | Mem:0.01M, Peak:0.01M | Scene, ViewLayer | Updating Mesh | Computing attributes
Fra:1 Mem:13.91M (Peak 15.10M) | Time:00:00.00 | Mem:0.01M, Peak:0.01M | Scene, ViewLayer | Updating Mesh | Copying Attributes to device
Fra:1 Mem:13.90M (Peak 15.10M) | Time:00:00.00 | Mem:0.04M, Peak:0.04M | Scene, ViewLayer | Updating Scene BVH | Building
Fra:1 Mem:13.90M (Peak 15.10M) | Time:00:00.00 | Mem:0.04M, Peak:0.04M | Scene, ViewLayer | Updating Scene BVH | Building BVH
Fra:1 Mem:13.90M (Peak 15.10M) | Time:00:00.00 | Mem:0.08M, Peak:0.08M | Scene, ViewLayer | Updating Scene BVH | Building BVH 0%
Fra:1 Mem:13.90M (Peak 15.10M) | Time:00:00.00 | Mem:0.13M, Peak:0.16M | Scene, ViewLayer | Updating Scene BVH | Copying BVH to device
Fra:1 Mem:13.90M (Peak 15.10M) | Time:00:00.00 | Mem:0.13M, Peak:0.16M | Scene, ViewLayer | Updating Mesh | Computing normals
Fra:1 Mem:14.00M (Peak 15.10M) | Time:00:00.00 | Mem:0.13M, Peak:0.16M | Scene, ViewLayer | Updating Mesh | Copying Mesh to device
Fra:1 Mem:14.00M (Peak 15.10M) | Time:00:00.00 | Mem:0.22M, Peak:0.22M | Scene, ViewLayer | Updating Objects Flags
Fra:1 Mem:14.00M (Peak 15.10M) | Time:00:00.00 | Mem:0.22M, Peak:0.22M | Scene, ViewLayer | Updating Primitive Offsets
Fra:1 Mem:14.00M (Peak 15.10M) | Time:00:00.00 | Mem:0.22M, Peak:0.22M | Scene, ViewLayer | Updating Images
Fra:1 Mem:14.00M (Peak 15.10M) | Time:00:00.00 | Mem:0.22M, Peak:0.22M | Scene, ViewLayer | Updating Camera Volume
Fra:1 Mem:14.00M (Peak 15.10M) | Time:00:00.00 | Mem:0.22M, Peak:0.22M | Scene, ViewLayer | Updating Lookup Tables
Fra:1 Mem:14.00M (Peak 15.10M) | Time:00:00.00 | Mem:0.30M, Peak:0.30M | Scene, ViewLayer | Updating Lights
Fra:1 Mem:14.00M (Peak 15.10M) | Time:00:00.00 | Mem:0.30M, Peak:0.30M | Scene, ViewLayer | Updating Lights | Computing tree
Fra:1 Mem:14.00M (Peak 15.10M) | Time:00:00.00 | Mem:0.30M, Peak:0.30M | Scene, ViewLayer | Updating Integrator
Fra:1 Mem:14.00M (Peak 15.10M) | Time:00:00.00 | Mem:0.30M, Peak:0.30M | Scene, ViewLayer | Updating Film
Fra:1 Mem:14.00M (Peak 15.10M) | Time:00:00.00 | Mem:0.22M, Peak:0.30M | Scene, ViewLayer | Updating Lookup Tables
Fra:1 Mem:14.00M (Peak 15.10M) | Time:00:00.00 | Mem:0.31M, Peak:0.31M | Scene, ViewLayer | Updating Baking
Fra:1 Mem:14.00M (Peak 15.10M) | Time:00:00.00 | Mem:0.31M, Peak:0.31M | Scene, ViewLayer | Updating Device | Writing constant memory
Fra:1 Mem:14.01M (Peak 15.10M) | Time:00:00.00 | Mem:0.31M, Peak:0.31M | Scene, ViewLayer | Sample 0/16
Fra:1 Mem:16.26M (Peak 16.26M) | Time:00:00.06 | Remaining:00:00.85 | Mem:2.56M, Peak:2.56M | Scene, ViewLayer | Sample 1/16
Fra:1 Mem:17.26M (Peak 19.27M) | Time:00:00.88 | Mem:2.56M, Peak:2.56M | Scene, ViewLayer | Sample 16/16
Fra:1 Mem:17.26M (Peak 19.27M) | Time:00:00.88 | Mem:2.56M, Peak:2.56M | Scene, ViewLayer | Finished
Saved: '/tmp/street-furniture-qa-4q7zi_2_/cedar-bench.lod0.top.png'
Time: 00:00.89 (Saving: 00:00.00)

Extensions: writing cache failed ([Errno 30] Read-only file system: '/home/agent/.config/blender').
15:54:21 | INFO: Data are loaded, start creating Blender stuff
15:54:21 | INFO: Blender create Mesh node grounded-splayed-leg
15:54:21 | INFO: Blender create Mesh node Cube
15:54:21 | INFO: glTF import finished in 0.00s
Fra:1 Mem:14.73M (Peak 14.73M) | Time:00:00.00 | Mem:0.00M, Peak:0.00M | Scene, ViewLayer | Synchronizing object | metal
Fra:1 Mem:14.81M (Peak 14.81M) | Time:00:00.00 | Mem:0.00M, Peak:0.00M | Scene, ViewLayer | Synchronizing object | QA-ground-plane
Fra:1 Mem:14.78M (Peak 14.81M) | Time:00:00.00 | Mem:0.00M, Peak:0.00M | Scene, ViewLayer | Synchronizing object | QA-1m-ruler-tenth.009
Fra:1 Mem:14.78M (Peak 14.81M) | Time:00:00.00 | Mem:0.00M, Peak:0.00M | Scene, ViewLayer | Synchronizing object | QA-1m-ruler-tenth.008
Fra:1 Mem:14.78M (Peak 14.81M) | Time:00:00.00 | Mem:0.00M, Peak:0.00M | Scene, ViewLayer | Synchronizing object | QA-1m-ruler-tenth.007
Fra:1 Mem:14.79M (Peak 14.81M) | Time:00:00.00 | Mem:0.00M, Peak:0.00M | Scene, ViewLayer | Synchronizing object | QA-1m-ruler-tenth.006
Fra:1 Mem:14.81M (Peak 14.81M) | Time:00:00.00 | Mem:0.00M, Peak:0.00M | Scene, ViewLayer | Synchronizing object | QA-1m-ruler-tenth.005
Fra:1 Mem:14.81M (Peak 14.81M) | Time:00:00.00 | Mem:0.00M, Peak:0.00M | Scene, ViewLayer | Synchronizing object | QA-1m-ruler-tenth.004
Fra:1 Mem:14.79M (Peak 14.81M) | Time:00:00.00 | Mem:0.00M, Peak:0.00M | Scene, ViewLayer | Synchronizing object | QA-1m-ruler-tenth.003
Fra:1 Mem:14.80M (Peak 14.81M) | Time:00:00.00 | Mem:0.00M, Peak:0.00M | Scene, ViewLayer | Synchronizing object | QA-1m-ruler-tenth.002
Fra:1 Mem:14.81M (Peak 14.81M) | Time:00:00.00 | Mem:0.00M, Peak:0.00M | Scene, ViewLayer | Synchronizing object | QA-1m-ruler-tenth.001
Fra:1 Mem:14.81M (Peak 14.81M) | Time:00:00.00 | Mem:0.00M, Peak:0.00M | Scene, ViewLayer | Synchronizing object | QA-1m-ruler-tenth
Fra:1 Mem:14.78M (Peak 14.81M) | Time:00:00.00 | Mem:0.00M, Peak:0.00M | Scene, ViewLayer | Synchronizing object | Sphere.001
Fra:1 Mem:14.79M (Peak 14.81M) | Time:00:00.00 | Mem:0.00M, Peak:0.00M | Scene, ViewLayer | Synchronizing object | wood
Fra:1 Mem:14.79M (Peak 14.81M) | Time:00:00.00 | Mem:0.00M, Peak:0.00M | Scene, ViewLayer | Synchronizing object | QA-human-arm.003
Fra:1 Mem:14.79M (Peak 14.81M) | Time:00:00.00 | Mem:0.00M, Peak:0.00M | Scene, ViewLayer | Synchronizing object | QA-human-arm.002
Fra:1 Mem:14.82M (Peak 14.82M) | Time:00:00.00 | Mem:0.00M, Peak:0.00M | Scene, ViewLayer | Synchronizing object | QA-human-leg.003
Fra:1 Mem:14.82M (Peak 14.82M) | Time:00:00.00 | Mem:0.00M, Peak:0.00M | Scene, ViewLayer | Synchronizing object | QA-human-leg.002
Fra:1 Mem:14.80M (Peak 14.82M) | Time:00:00.00 | Mem:0.00M, Peak:0.00M | Scene, ViewLayer | Synchronizing object | QA-human-neck.001
Fra:1 Mem:14.81M (Peak 14.82M) | Time:00:00.00 | Mem:0.00M, Peak:0.00M | Scene, ViewLayer | Synchronizing object | QA-human-torso.001
Fra:1 Mem:14.82M (Peak 14.82M) | Time:00:00.00 | Mem:0.00M, Peak:0.00M | Scene, ViewLayer | Synchronizing object | Sphere
Fra:1 Mem:14.83M (Peak 14.83M) | Time:00:00.00 | Mem:0.00M, Peak:0.00M | Scene, ViewLayer | Synchronizing object | QA-human-arm.001
Fra:1 Mem:14.83M (Peak 14.83M) | Time:00:00.00 | Mem:0.00M, Peak:0.00M | Scene, ViewLayer | Synchronizing object | QA-human-arm
Fra:1 Mem:14.83M (Peak 14.83M) | Time:00:00.00 | Mem:0.00M, Peak:0.00M | Scene, ViewLayer | Synchronizing object | QA-human-leg.001
Fra:1 Mem:14.82M (Peak 14.83M) | Time:00:00.00 | Mem:0.00M, Peak:0.00M | Scene, ViewLayer | Synchronizing object | QA-human-leg
Fra:1 Mem:14.82M (Peak 14.83M) | Time:00:00.00 | Mem:0.00M, Peak:0.00M | Scene, ViewLayer | Synchronizing object | QA-human-torso
Fra:1 Mem:14.82M (Peak 14.83M) | Time:00:00.00 | Mem:0.00M, Peak:0.00M | Scene, ViewLayer | Synchronizing object | QA-human-neck
Fra:1 Mem:14.82M (Peak 14.83M) | Time:00:00.00 | Mem:0.00M, Peak:0.00M | Scene, ViewLayer | Initializing
Fra:1 Mem:13.57M (Peak 14.83M) | Time:00:00.00 | Mem:0.00M, Peak:0.00M | Scene, ViewLayer | Waiting for render to start
Fra:1 Mem:13.57M (Peak 14.83M) | Time:00:00.00 | Mem:0.00M, Peak:0.00M | Scene, ViewLayer | Loading render kernels (may take a few minutes the first time)
Fra:1 Mem:13.57M (Peak 14.83M) | Time:00:00.00 | Mem:0.00M, Peak:0.00M | Scene, ViewLayer | Updating Scene
Fra:1 Mem:13.57M (Peak 14.83M) | Time:00:00.00 | Mem:0.00M, Peak:0.00M | Scene, ViewLayer | Updating Shaders
Fra:1 Mem:13.66M (Peak 14.83M) | Time:00:00.00 | Mem:0.01M, Peak:0.01M | Scene, ViewLayer | Updating Procedurals
Fra:1 Mem:13.66M (Peak 14.83M) | Time:00:00.00 | Mem:0.01M, Peak:0.01M | Scene, ViewLayer | Updating Background
Fra:1 Mem:13.66M (Peak 14.83M) | Time:00:00.00 | Mem:0.01M, Peak:0.01M | Scene, ViewLayer | Updating Camera
Fra:1 Mem:13.66M (Peak 14.83M) | Time:00:00.00 | Mem:0.01M, Peak:0.01M | Scene, ViewLayer | Updating Meshes Flags
Fra:1 Mem:13.66M (Peak 14.83M) | Time:00:00.00 | Mem:0.01M, Peak:0.01M | Scene, ViewLayer | Updating Objects
Fra:1 Mem:13.66M (Peak 14.83M) | Time:00:00.00 | Mem:0.01M, Peak:0.01M | Scene, ViewLayer | Updating Objects | Copying Transformations to device
Fra:1 Mem:13.66M (Peak 14.83M) | Time:00:00.00 | Mem:0.01M, Peak:0.01M | Scene, ViewLayer | Updating Objects | Applying Static Transformations
Fra:1 Mem:13.66M (Peak 14.83M) | Time:00:00.00 | Mem:0.01M, Peak:0.01M | Scene, ViewLayer | Updating Particle Systems
Fra:1 Mem:13.66M (Peak 14.83M) | Time:00:00.00 | Mem:0.01M, Peak:0.01M | Scene, ViewLayer | Updating Particle Systems | Copying Particles to device
Fra:1 Mem:13.66M (Peak 14.83M) | Time:00:00.00 | Mem:0.01M, Peak:0.01M | Scene, ViewLayer | Updating Meshes
Fra:1 Mem:13.68M (Peak 14.83M) | Time:00:00.00 | Mem:0.01M, Peak:0.01M | Scene, ViewLayer | Updating Mesh | Computing attributes
Fra:1 Mem:13.69M (Peak 14.83M) | Time:00:00.00 | Mem:0.01M, Peak:0.01M | Scene, ViewLayer | Updating Mesh | Copying Attributes to device
Fra:1 Mem:13.69M (Peak 14.83M) | Time:00:00.00 | Mem:0.02M, Peak:0.02M | Scene, ViewLayer | Updating Scene BVH | Building
Fra:1 Mem:13.69M (Peak 14.83M) | Time:00:00.00 | Mem:0.02M, Peak:0.02M | Scene, ViewLayer | Updating Scene BVH | Building BVH
Fra:1 Mem:13.69M (Peak 14.83M) | Time:00:00.00 | Mem:0.05M, Peak:0.05M | Scene, ViewLayer | Updating Scene BVH | Building BVH 0%
Fra:1 Mem:13.69M (Peak 14.83M) | Time:00:00.00 | Mem:0.08M, Peak:0.10M | Scene, ViewLayer | Updating Scene BVH | Copying BVH to device
Fra:1 Mem:13.69M (Peak 14.83M) | Time:00:00.00 | Mem:0.08M, Peak:0.10M | Scene, ViewLayer | Updating Mesh | Computing normals
Fra:1 Mem:13.73M (Peak 14.83M) | Time:00:00.00 | Mem:0.08M, Peak:0.10M | Scene, ViewLayer | Updating Mesh | Copying Mesh to device
Fra:1 Mem:13.73M (Peak 14.83M) | Time:00:00.00 | Mem:0.12M, Peak:0.12M | Scene, ViewLayer | Updating Objects Flags
Fra:1 Mem:13.73M (Peak 14.83M) | Time:00:00.00 | Mem:0.12M, Peak:0.12M | Scene, ViewLayer | Updating Primitive Offsets
Fra:1 Mem:13.73M (Peak 14.83M) | Time:00:00.00 | Mem:0.12M, Peak:0.12M | Scene, ViewLayer | Updating Images
Fra:1 Mem:13.73M (Peak 14.83M) | Time:00:00.00 | Mem:0.12M, Peak:0.12M | Scene, ViewLayer | Updating Camera Volume
Fra:1 Mem:13.73M (Peak 14.83M) | Time:00:00.00 | Mem:0.12M, Peak:0.12M | Scene, ViewLayer | Updating Lookup Tables
Fra:1 Mem:13.73M (Peak 14.83M) | Time:00:00.00 | Mem:0.20M, Peak:0.20M | Scene, ViewLayer | Updating Lights
Fra:1 Mem:13.73M (Peak 14.83M) | Time:00:00.00 | Mem:0.20M, Peak:0.20M | Scene, ViewLayer | Updating Lights | Computing tree
Fra:1 Mem:13.73M (Peak 14.83M) | Time:00:00.00 | Mem:0.20M, Peak:0.20M | Scene, ViewLayer | Updating Integrator
Fra:1 Mem:13.73M (Peak 14.83M) | Time:00:00.00 | Mem:0.20M, Peak:0.20M | Scene, ViewLayer | Updating Film
Fra:1 Mem:13.73M (Peak 14.83M) | Time:00:00.00 | Mem:0.12M, Peak:0.20M | Scene, ViewLayer | Updating Lookup Tables
Fra:1 Mem:13.73M (Peak 14.83M) | Time:00:00.00 | Mem:0.20M, Peak:0.20M | Scene, ViewLayer | Updating Baking
Fra:1 Mem:13.73M (Peak 14.83M) | Time:00:00.00 | Mem:0.20M, Peak:0.20M | Scene, ViewLayer | Updating Device | Writing constant memory
Fra:1 Mem:13.73M (Peak 14.83M) | Time:00:00.00 | Mem:0.20M, Peak:0.20M | Scene, ViewLayer | Sample 0/16
Fra:1 Mem:15.99M (Peak 15.99M) | Time:00:00.03 | Remaining:00:00.39 | Mem:2.45M, Peak:2.45M | Scene, ViewLayer | Sample 1/16
Fra:1 Mem:16.99M (Peak 19.00M) | Time:00:00.26 | Mem:2.45M, Peak:2.45M | Scene, ViewLayer | Sample 16/16
Fra:1 Mem:16.99M (Peak 19.00M) | Time:00:00.26 | Mem:2.45M, Peak:2.45M | Scene, ViewLayer | Finished
Saved: '/tmp/street-furniture-qa-4q7zi_2_/cedar-bench.lod1.front.png'
Time: 00:00.27 (Saving: 00:00.00)

Extensions: writing cache failed ([Errno 30] Read-only file system: '/home/agent/.config/blender').
15:54:22 | INFO: Data are loaded, start creating Blender stuff
15:54:22 | INFO: Blender create Mesh node grounded-splayed-leg
15:54:22 | INFO: Blender create Mesh node Cube
15:54:22 | INFO: glTF import finished in 0.00s
Fra:1 Mem:14.73M (Peak 14.73M) | Time:00:00.00 | Mem:0.00M, Peak:0.00M | Scene, ViewLayer | Synchronizing object | metal
Fra:1 Mem:14.76M (Peak 14.76M) | Time:00:00.00 | Mem:0.00M, Peak:0.00M | Scene, ViewLayer | Synchronizing object | QA-ground-plane
Fra:1 Mem:14.80M (Peak 14.80M) | Time:00:00.00 | Mem:0.00M, Peak:0.00M | Scene, ViewLayer | Synchronizing object | QA-1m-ruler-tenth.009
Fra:1 Mem:14.80M (Peak 14.80M) | Time:00:00.00 | Mem:0.00M, Peak:0.00M | Scene, ViewLayer | Synchronizing object | QA-1m-ruler-tenth.008
Fra:1 Mem:14.80M (Peak 14.80M) | Time:00:00.00 | Mem:0.00M, Peak:0.00M | Scene, ViewLayer | Synchronizing object | QA-1m-ruler-tenth.007
Fra:1 Mem:14.78M (Peak 14.80M) | Time:00:00.00 | Mem:0.00M, Peak:0.00M | Scene, ViewLayer | Synchronizing object | QA-1m-ruler-tenth.006
Fra:1 Mem:14.77M (Peak 14.80M) | Time:00:00.00 | Mem:0.00M, Peak:0.00M | Scene, ViewLayer | Synchronizing object | wood
Fra:1 Mem:14.78M (Peak 14.80M) | Time:00:00.00 | Mem:0.00M, Peak:0.00M | Scene, ViewLayer | Synchronizing object | QA-1m-ruler-tenth.005
Fra:1 Mem:14.80M (Peak 14.80M) | Time:00:00.00 | Mem:0.00M, Peak:0.00M | Scene, ViewLayer | Synchronizing object | QA-1m-ruler-tenth.004
Fra:1 Mem:14.80M (Peak 14.80M) | Time:00:00.00 | Mem:0.00M, Peak:0.00M | Scene, ViewLayer | Synchronizing object | QA-1m-ruler-tenth.003
Fra:1 Mem:14.79M (Peak 14.80M) | Time:00:00.00 | Mem:0.00M, Peak:0.00M | Scene, ViewLayer | Synchronizing object | QA-1m-ruler-tenth.002
Fra:1 Mem:14.79M (Peak 14.80M) | Time:00:00.00 | Mem:0.00M, Peak:0.00M | Scene, ViewLayer | Synchronizing object | QA-1m-ruler-tenth.001
Fra:1 Mem:14.80M (Peak 14.80M) | Time:00:00.00 | Mem:0.00M, Peak:0.00M | Scene, ViewLayer | Synchronizing object | QA-1m-ruler-tenth
Fra:1 Mem:14.79M (Peak 14.80M) | Time:00:00.00 | Mem:0.00M, Peak:0.00M | Scene, ViewLayer | Synchronizing object | Sphere.001
Fra:1 Mem:14.79M (Peak 14.80M) | Time:00:00.00 | Mem:0.00M, Peak:0.00M | Scene, ViewLayer | Synchronizing object | QA-human-torso
Fra:1 Mem:14.80M (Peak 14.80M) | Time:00:00.00 | Mem:0.00M, Peak:0.00M | Scene, ViewLayer | Synchronizing object | QA-human-arm.003
Fra:1 Mem:14.80M (Peak 14.80M) | Time:00:00.00 | Mem:0.00M, Peak:0.00M | Scene, ViewLayer | Synchronizing object | QA-human-neck
Fra:1 Mem:14.80M (Peak 14.80M) | Time:00:00.00 | Mem:0.00M, Peak:0.00M | Scene, ViewLayer | Synchronizing object | QA-human-arm.002
Fra:1 Mem:14.80M (Peak 14.80M) | Time:00:00.00 | Mem:0.00M, Peak:0.00M | Scene, ViewLayer | Synchronizing object | QA-human-leg
Fra:1 Mem:14.80M (Peak 14.80M) | Time:00:00.00 | Mem:0.00M, Peak:0.00M | Scene, ViewLayer | Synchronizing object | QA-human-leg.003
Fra:1 Mem:14.80M (Peak 14.80M) | Time:00:00.00 | Mem:0.00M, Peak:0.00M | Scene, ViewLayer | Synchronizing object | QA-human-leg.001
Fra:1 Mem:14.80M (Peak 14.80M) | Time:00:00.00 | Mem:0.00M, Peak:0.00M | Scene, ViewLayer | Synchronizing object | QA-human-arm
Fra:1 Mem:14.81M (Peak 14.81M) | Time:00:00.00 | Mem:0.00M, Peak:0.00M | Scene, ViewLayer | Synchronizing object | QA-human-arm.001
Fra:1 Mem:14.81M (Peak 14.81M) | Time:00:00.00 | Mem:0.00M, Peak:0.00M | Scene, ViewLayer | Synchronizing object | QA-human-neck.001
Fra:1 Mem:14.81M (Peak 14.81M) | Time:00:00.00 | Mem:0.00M, Peak:0.00M | Scene, ViewLayer | Synchronizing object | Sphere
Fra:1 Mem:14.81M (Peak 14.81M) | Time:00:00.00 | Mem:0.00M, Peak:0.00M | Scene, ViewLayer | Synchronizing object | QA-human-torso.001
Fra:1 Mem:14.82M (Peak 14.82M) | Time:00:00.00 | Mem:0.00M, Peak:0.00M | Scene, ViewLayer | Initializing
Fra:1 Mem:13.57M (Peak 14.82M) | Time:00:00.00 | Mem:0.00M, Peak:0.00M | Scene, ViewLayer | Waiting for render to start
Fra:1 Mem:13.57M (Peak 14.82M) | Time:00:00.00 | Mem:0.00M, Peak:0.00M | Scene, ViewLayer | Loading render kernels (may take a few minutes the first time)
Fra:1 Mem:13.57M (Peak 14.82M) | Time:00:00.00 | Mem:0.00M, Peak:0.00M | Scene, ViewLayer | Updating Scene
Fra:1 Mem:13.57M (Peak 14.82M) | Time:00:00.00 | Mem:0.00M, Peak:0.00M | Scene, ViewLayer | Updating Shaders
Fra:1 Mem:13.66M (Peak 14.82M) | Time:00:00.00 | Mem:0.01M, Peak:0.01M | Scene, ViewLayer | Updating Procedurals
Fra:1 Mem:13.66M (Peak 14.82M) | Time:00:00.00 | Mem:0.01M, Peak:0.01M | Scene, ViewLayer | Updating Background
Fra:1 Mem:13.66M (Peak 14.82M) | Time:00:00.00 | Mem:0.01M, Peak:0.01M | Scene, ViewLayer | Updating Camera
Fra:1 Mem:13.66M (Peak 14.82M) | Time:00:00.00 | Mem:0.01M, Peak:0.01M | Scene, ViewLayer | Updating Meshes Flags
Fra:1 Mem:13.66M (Peak 14.82M) | Time:00:00.00 | Mem:0.01M, Peak:0.01M | Scene, ViewLayer | Updating Objects
Fra:1 Mem:13.66M (Peak 14.82M) | Time:00:00.00 | Mem:0.01M, Peak:0.01M | Scene, ViewLayer | Updating Objects | Copying Transformations to device
Fra:1 Mem:13.66M (Peak 14.82M) | Time:00:00.00 | Mem:0.01M, Peak:0.01M | Scene, ViewLayer | Updating Objects | Applying Static Transformations
Fra:1 Mem:13.66M (Peak 14.82M) | Time:00:00.00 | Mem:0.01M, Peak:0.01M | Scene, ViewLayer | Updating Particle Systems
Fra:1 Mem:13.66M (Peak 14.82M) | Time:00:00.00 | Mem:0.01M, Peak:0.01M | Scene, ViewLayer | Updating Particle Systems | Copying Particles to device
Fra:1 Mem:13.66M (Peak 14.82M) | Time:00:00.00 | Mem:0.01M, Peak:0.01M | Scene, ViewLayer | Updating Meshes
Fra:1 Mem:13.68M (Peak 14.82M) | Time:00:00.00 | Mem:0.01M, Peak:0.01M | Scene, ViewLayer | Updating Mesh | Computing attributes
Fra:1 Mem:13.69M (Peak 14.82M) | Time:00:00.00 | Mem:0.01M, Peak:0.01M | Scene, ViewLayer | Updating Mesh | Copying Attributes to device
Fra:1 Mem:13.69M (Peak 14.82M) | Time:00:00.00 | Mem:0.02M, Peak:0.02M | Scene, ViewLayer | Updating Scene BVH | Building
Fra:1 Mem:13.69M (Peak 14.82M) | Time:00:00.00 | Mem:0.02M, Peak:0.02M | Scene, ViewLayer | Updating Scene BVH | Building BVH
Fra:1 Mem:13.69M (Peak 14.82M) | Time:00:00.00 | Mem:0.05M, Peak:0.05M | Scene, ViewLayer | Updating Scene BVH | Building BVH 0%
Fra:1 Mem:13.69M (Peak 14.82M) | Time:00:00.00 | Mem:0.08M, Peak:0.10M | Scene, ViewLayer | Updating Scene BVH | Copying BVH to device
Fra:1 Mem:13.69M (Peak 14.82M) | Time:00:00.00 | Mem:0.08M, Peak:0.10M | Scene, ViewLayer | Updating Mesh | Computing normals
Fra:1 Mem:13.73M (Peak 14.82M) | Time:00:00.00 | Mem:0.08M, Peak:0.10M | Scene, ViewLayer | Updating Mesh | Copying Mesh to device
Fra:1 Mem:13.73M (Peak 14.82M) | Time:00:00.00 | Mem:0.12M, Peak:0.12M | Scene, ViewLayer | Updating Objects Flags
Fra:1 Mem:13.73M (Peak 14.82M) | Time:00:00.00 | Mem:0.12M, Peak:0.12M | Scene, ViewLayer | Updating Primitive Offsets
Fra:1 Mem:13.73M (Peak 14.82M) | Time:00:00.00 | Mem:0.12M, Peak:0.12M | Scene, ViewLayer | Updating Images
Fra:1 Mem:13.73M (Peak 14.82M) | Time:00:00.00 | Mem:0.12M, Peak:0.12M | Scene, ViewLayer | Updating Camera Volume
Fra:1 Mem:13.73M (Peak 14.82M) | Time:00:00.00 | Mem:0.12M, Peak:0.12M | Scene, ViewLayer | Updating Lookup Tables
Fra:1 Mem:13.73M (Peak 14.82M) | Time:00:00.00 | Mem:0.20M, Peak:0.20M | Scene, ViewLayer | Updating Lights
Fra:1 Mem:13.73M (Peak 14.82M) | Time:00:00.00 | Mem:0.20M, Peak:0.20M | Scene, ViewLayer | Updating Lights | Computing tree
Fra:1 Mem:13.73M (Peak 14.82M) | Time:00:00.00 | Mem:0.20M, Peak:0.20M | Scene, ViewLayer | Updating Integrator
Fra:1 Mem:13.73M (Peak 14.82M) | Time:00:00.00 | Mem:0.20M, Peak:0.20M | Scene, ViewLayer | Updating Film
Fra:1 Mem:13.73M (Peak 14.82M) | Time:00:00.00 | Mem:0.12M, Peak:0.20M | Scene, ViewLayer | Updating Lookup Tables
Fra:1 Mem:13.73M (Peak 14.82M) | Time:00:00.00 | Mem:0.21M, Peak:0.21M | Scene, ViewLayer | Updating Baking
Fra:1 Mem:13.73M (Peak 14.82M) | Time:00:00.00 | Mem:0.21M, Peak:0.21M | Scene, ViewLayer | Updating Device | Writing constant memory
Fra:1 Mem:13.73M (Peak 14.82M) | Time:00:00.00 | Mem:0.21M, Peak:0.21M | Scene, ViewLayer | Sample 0/16
Fra:1 Mem:15.99M (Peak 15.99M) | Time:00:00.02 | Remaining:00:00.24 | Mem:2.46M, Peak:2.46M | Scene, ViewLayer | Sample 1/16
Fra:1 Mem:16.99M (Peak 19.00M) | Time:00:00.21 | Mem:2.46M, Peak:2.46M | Scene, ViewLayer | Sample 16/16
Fra:1 Mem:16.99M (Peak 19.00M) | Time:00:00.21 | Mem:2.46M, Peak:2.46M | Scene, ViewLayer | Finished
Saved: '/tmp/street-furniture-qa-4q7zi_2_/cedar-bench.lod1.side.png'
Time: 00:00.22 (Saving: 00:00.00)

Extensions: writing cache failed ([Errno 30] Read-only file system: '/home/agent/.config/blender').
15:54:22 | INFO: Data are loaded, start creating Blender stuff
15:54:22 | INFO: Blender create Mesh node grounded-splayed-leg
15:54:22 | INFO: Blender create Mesh node Cube
15:54:22 | INFO: glTF import finished in 0.00s
Fra:1 Mem:14.73M (Peak 14.73M) | Time:00:00.00 | Mem:0.00M, Peak:0.00M | Scene, ViewLayer | Synchronizing object | metal
Fra:1 Mem:14.77M (Peak 14.77M) | Time:00:00.00 | Mem:0.00M, Peak:0.00M | Scene, ViewLayer | Synchronizing object | QA-ground-plane
Fra:1 Mem:14.81M (Peak 14.81M) | Time:00:00.00 | Mem:0.00M, Peak:0.00M | Scene, ViewLayer | Synchronizing object | QA-1m-ruler-tenth.009
Fra:1 Mem:14.80M (Peak 14.81M) | Time:00:00.00 | Mem:0.00M, Peak:0.00M | Scene, ViewLayer | Synchronizing object | QA-1m-ruler-tenth.008
Fra:1 Mem:14.80M (Peak 14.81M) | Time:00:00.00 | Mem:0.00M, Peak:0.00M | Scene, ViewLayer | Synchronizing object | QA-1m-ruler-tenth.007
Fra:1 Mem:14.81M (Peak 14.81M) | Time:00:00.00 | Mem:0.00M, Peak:0.00M | Scene, ViewLayer | Synchronizing object | QA-1m-ruler-tenth.006
Fra:1 Mem:14.77M (Peak 14.81M) | Time:00:00.00 | Mem:0.00M, Peak:0.00M | Scene, ViewLayer | Synchronizing object | QA-1m-ruler-tenth.005
Fra:1 Mem:14.77M (Peak 14.81M) | Time:00:00.00 | Mem:0.00M, Peak:0.00M | Scene, ViewLayer | Synchronizing object | QA-1m-ruler-tenth.004
Fra:1 Mem:14.77M (Peak 14.81M) | Time:00:00.00 | Mem:0.00M, Peak:0.00M | Scene, ViewLayer | Synchronizing object | wood
Fra:1 Mem:14.77M (Peak 14.81M) | Time:00:00.00 | Mem:0.00M, Peak:0.00M | Scene, ViewLayer | Synchronizing object | QA-1m-ruler-tenth.003
Fra:1 Mem:14.78M (Peak 14.81M) | Time:00:00.00 | Mem:0.00M, Peak:0.00M | Scene, ViewLayer | Synchronizing object | QA-1m-ruler-tenth.002
Fra:1 Mem:14.80M (Peak 14.81M) | Time:00:00.00 | Mem:0.00M, Peak:0.00M | Scene, ViewLayer | Synchronizing object | QA-1m-ruler-tenth.001
Fra:1 Mem:14.81M (Peak 14.81M) | Time:00:00.00 | Mem:0.00M, Peak:0.00M | Scene, ViewLayer | Synchronizing object | QA-1m-ruler-tenth
Fra:1 Mem:14.79M (Peak 14.81M) | Time:00:00.00 | Mem:0.00M, Peak:0.00M | Scene, ViewLayer | Synchronizing object | Sphere.001
Fra:1 Mem:14.80M (Peak 14.81M) | Time:00:00.00 | Mem:0.00M, Peak:0.00M | Scene, ViewLayer | Synchronizing object | QA-human-arm.003
Fra:1 Mem:14.80M (Peak 14.81M) | Time:00:00.00 | Mem:0.00M, Peak:0.00M | Scene, ViewLayer | Synchronizing object | QA-human-torso
Fra:1 Mem:14.80M (Peak 14.81M) | Time:00:00.00 | Mem:0.00M, Peak:0.00M | Scene, ViewLayer | Synchronizing object | QA-human-arm.002
Fra:1 Mem:14.80M (Peak 14.81M) | Time:00:00.00 | Mem:0.00M, Peak:0.00M | Scene, ViewLayer | Synchronizing object | QA-human-neck
Fra:1 Mem:14.80M (Peak 14.81M) | Time:00:00.00 | Mem:0.00M, Peak:0.00M | Scene, ViewLayer | Synchronizing object | QA-human-leg.003
Fra:1 Mem:14.80M (Peak 14.81M) | Time:00:00.00 | Mem:0.00M, Peak:0.00M | Scene, ViewLayer | Synchronizing object | QA-human-leg
Fra:1 Mem:14.80M (Peak 14.81M) | Time:00:00.00 | Mem:0.00M, Peak:0.00M | Scene, ViewLayer | Synchronizing object | QA-human-leg.002
Fra:1 Mem:14.80M (Peak 14.81M) | Time:00:00.00 | Mem:0.00M, Peak:0.00M | Scene, ViewLayer | Synchronizing object | QA-human-leg.001
Fra:1 Mem:14.80M (Peak 14.81M) | Time:00:00.00 | Mem:0.00M, Peak:0.00M | Scene, ViewLayer | Synchronizing object | QA-human-neck.001
Fra:1 Mem:14.81M (Peak 14.81M) | Time:00:00.00 | Mem:0.00M, Peak:0.00M | Scene, ViewLayer | Synchronizing object | QA-human-arm
Fra:1 Mem:14.81M (Peak 14.81M) | Time:00:00.00 | Mem:0.00M, Peak:0.00M | Scene, ViewLayer | Synchronizing object | QA-human-torso.001
Fra:1 Mem:14.81M (Peak 14.81M) | Time:00:00.00 | Mem:0.00M, Peak:0.00M | Scene, ViewLayer | Synchronizing object | Sphere
Fra:1 Mem:14.82M (Peak 14.82M) | Time:00:00.00 | Mem:0.00M, Peak:0.00M | Scene, ViewLayer | Synchronizing object | QA-human-arm.001
Fra:1 Mem:14.82M (Peak 14.82M) | Time:00:00.00 | Mem:0.00M, Peak:0.00M | Scene, ViewLayer | Initializing
Fra:1 Mem:13.57M (Peak 14.82M) | Time:00:00.00 | Mem:0.00M, Peak:0.00M | Scene, ViewLayer | Waiting for render to start
Fra:1 Mem:13.57M (Peak 14.82M) | Time:00:00.00 | Mem:0.00M, Peak:0.00M | Scene, ViewLayer | Loading render kernels (may take a few minutes the first time)
Fra:1 Mem:13.57M (Peak 14.82M) | Time:00:00.00 | Mem:0.00M, Peak:0.00M | Scene, ViewLayer | Updating Scene
Fra:1 Mem:13.57M (Peak 14.82M) | Time:00:00.00 | Mem:0.00M, Peak:0.00M | Scene, ViewLayer | Updating Shaders
Fra:1 Mem:13.66M (Peak 14.82M) | Time:00:00.00 | Mem:0.01M, Peak:0.01M | Scene, ViewLayer | Updating Procedurals
Fra:1 Mem:13.66M (Peak 14.82M) | Time:00:00.00 | Mem:0.01M, Peak:0.01M | Scene, ViewLayer | Updating Background
Fra:1 Mem:13.66M (Peak 14.82M) | Time:00:00.00 | Mem:0.01M, Peak:0.01M | Scene, ViewLayer | Updating Camera
Fra:1 Mem:13.66M (Peak 14.82M) | Time:00:00.00 | Mem:0.01M, Peak:0.01M | Scene, ViewLayer | Updating Meshes Flags
Fra:1 Mem:13.66M (Peak 14.82M) | Time:00:00.00 | Mem:0.01M, Peak:0.01M | Scene, ViewLayer | Updating Objects
Fra:1 Mem:13.66M (Peak 14.82M) | Time:00:00.00 | Mem:0.01M, Peak:0.01M | Scene, ViewLayer | Updating Objects | Copying Transformations to device
Fra:1 Mem:13.66M (Peak 14.82M) | Time:00:00.00 | Mem:0.01M, Peak:0.01M | Scene, ViewLayer | Updating Objects | Applying Static Transformations
Fra:1 Mem:13.66M (Peak 14.82M) | Time:00:00.00 | Mem:0.01M, Peak:0.01M | Scene, ViewLayer | Updating Particle Systems
Fra:1 Mem:13.66M (Peak 14.82M) | Time:00:00.00 | Mem:0.01M, Peak:0.01M | Scene, ViewLayer | Updating Particle Systems | Copying Particles to device
Fra:1 Mem:13.66M (Peak 14.82M) | Time:00:00.00 | Mem:0.01M, Peak:0.01M | Scene, ViewLayer | Updating Meshes
Fra:1 Mem:13.68M (Peak 14.82M) | Time:00:00.00 | Mem:0.01M, Peak:0.01M | Scene, ViewLayer | Updating Mesh | Computing attributes
Fra:1 Mem:13.69M (Peak 14.82M) | Time:00:00.00 | Mem:0.01M, Peak:0.01M | Scene, ViewLayer | Updating Mesh | Copying Attributes to device
Fra:1 Mem:13.69M (Peak 14.82M) | Time:00:00.00 | Mem:0.02M, Peak:0.02M | Scene, ViewLayer | Updating Scene BVH | Building
Fra:1 Mem:13.69M (Peak 14.82M) | Time:00:00.00 | Mem:0.02M, Peak:0.02M | Scene, ViewLayer | Updating Scene BVH | Building BVH
Fra:1 Mem:13.69M (Peak 14.82M) | Time:00:00.00 | Mem:0.05M, Peak:0.05M | Scene, ViewLayer | Updating Scene BVH | Building BVH 0%
Fra:1 Mem:13.69M (Peak 14.82M) | Time:00:00.00 | Mem:0.08M, Peak:0.10M | Scene, ViewLayer | Updating Scene BVH | Copying BVH to device
Fra:1 Mem:13.69M (Peak 14.82M) | Time:00:00.00 | Mem:0.08M, Peak:0.10M | Scene, ViewLayer | Updating Mesh | Computing normals
Fra:1 Mem:13.73M (Peak 14.82M) | Time:00:00.00 | Mem:0.08M, Peak:0.10M | Scene, ViewLayer | Updating Mesh | Copying Mesh to device
Fra:1 Mem:13.73M (Peak 14.82M) | Time:00:00.00 | Mem:0.12M, Peak:0.12M | Scene, ViewLayer | Updating Objects Flags
Fra:1 Mem:13.73M (Peak 14.82M) | Time:00:00.00 | Mem:0.12M, Peak:0.12M | Scene, ViewLayer | Updating Primitive Offsets
Fra:1 Mem:13.73M (Peak 14.82M) | Time:00:00.00 | Mem:0.12M, Peak:0.12M | Scene, ViewLayer | Updating Images
Fra:1 Mem:13.73M (Peak 14.82M) | Time:00:00.00 | Mem:0.12M, Peak:0.12M | Scene, ViewLayer | Updating Camera Volume
Fra:1 Mem:13.73M (Peak 14.82M) | Time:00:00.00 | Mem:0.12M, Peak:0.12M | Scene, ViewLayer | Updating Lookup Tables
Fra:1 Mem:13.73M (Peak 14.82M) | Time:00:00.00 | Mem:0.20M, Peak:0.20M | Scene, ViewLayer | Updating Lights
Fra:1 Mem:13.73M (Peak 14.82M) | Time:00:00.00 | Mem:0.20M, Peak:0.20M | Scene, ViewLayer | Updating Lights | Computing tree
Fra:1 Mem:13.73M (Peak 14.82M) | Time:00:00.00 | Mem:0.20M, Peak:0.20M | Scene, ViewLayer | Updating Integrator
Fra:1 Mem:13.73M (Peak 14.82M) | Time:00:00.00 | Mem:0.20M, Peak:0.20M | Scene, ViewLayer | Updating Film
Fra:1 Mem:13.73M (Peak 14.82M) | Time:00:00.00 | Mem:0.12M, Peak:0.20M | Scene, ViewLayer | Updating Lookup Tables
Fra:1 Mem:13.73M (Peak 14.82M) | Time:00:00.00 | Mem:0.20M, Peak:0.20M | Scene, ViewLayer | Updating Baking
Fra:1 Mem:13.73M (Peak 14.82M) | Time:00:00.00 | Mem:0.20M, Peak:0.20M | Scene, ViewLayer | Updating Device | Writing constant memory
Fra:1 Mem:13.73M (Peak 14.82M) | Time:00:00.00 | Mem:0.20M, Peak:0.20M | Scene, ViewLayer | Sample 0/16
Fra:1 Mem:15.99M (Peak 15.99M) | Time:00:00.02 | Remaining:00:00.24 | Mem:2.45M, Peak:2.45M | Scene, ViewLayer | Sample 1/16
Fra:1 Mem:16.99M (Peak 19.00M) | Time:00:00.21 | Mem:2.45M, Peak:2.45M | Scene, ViewLayer | Sample 16/16
Fra:1 Mem:16.99M (Peak 19.00M) | Time:00:00.21 | Mem:2.45M, Peak:2.45M | Scene, ViewLayer | Finished
Saved: '/tmp/street-furniture-qa-4q7zi_2_/cedar-bench.lod1.rear.png'
Time: 00:00.21 (Saving: 00:00.00)

Extensions: writing cache failed ([Errno 30] Read-only file system: '/home/agent/.config/blender').
15:54:22 | INFO: Data are loaded, start creating Blender stuff
15:54:22 | INFO: Blender create Mesh node grounded-splayed-leg
15:54:22 | INFO: Blender create Mesh node Cube
15:54:22 | INFO: glTF import finished in 0.00s
Fra:1 Mem:14.73M (Peak 14.73M) | Time:00:00.00 | Mem:0.00M, Peak:0.00M | Scene, ViewLayer | Synchronizing object | metal
Fra:1 Mem:14.80M (Peak 14.80M) | Time:00:00.00 | Mem:0.00M, Peak:0.00M | Scene, ViewLayer | Synchronizing object | QA-ground-plane
Fra:1 Mem:14.78M (Peak 14.80M) | Time:00:00.00 | Mem:0.00M, Peak:0.00M | Scene, ViewLayer | Synchronizing object | QA-1m-ruler-tenth.009
Fra:1 Mem:14.77M (Peak 14.80M) | Time:00:00.00 | Mem:0.00M, Peak:0.00M | Scene, ViewLayer | Synchronizing object | wood
Fra:1 Mem:14.78M (Peak 14.80M) | Time:00:00.00 | Mem:0.00M, Peak:0.00M | Scene, ViewLayer | Synchronizing object | QA-1m-ruler-tenth.008
Fra:1 Mem:14.79M (Peak 14.80M) | Time:00:00.00 | Mem:0.00M, Peak:0.00M | Scene, ViewLayer | Synchronizing object | QA-1m-ruler-tenth.007
Fra:1 Mem:14.80M (Peak 14.80M) | Time:00:00.00 | Mem:0.00M, Peak:0.00M | Scene, ViewLayer | Synchronizing object | QA-1m-ruler-tenth.006
Fra:1 Mem:14.78M (Peak 14.80M) | Time:00:00.00 | Mem:0.00M, Peak:0.00M | Scene, ViewLayer | Synchronizing object | QA-1m-ruler-tenth.005
Fra:1 Mem:14.80M (Peak 14.80M) | Time:00:00.00 | Mem:0.00M, Peak:0.00M | Scene, ViewLayer | Synchronizing object | QA-1m-ruler-tenth.004
Fra:1 Mem:14.79M (Peak 14.80M) | Time:00:00.00 | Mem:0.00M, Peak:0.00M | Scene, ViewLayer | Synchronizing object | QA-1m-ruler-tenth.003
Fra:1 Mem:14.78M (Peak 14.80M) | Time:00:00.00 | Mem:0.00M, Peak:0.00M | Scene, ViewLayer | Synchronizing object | QA-1m-ruler-tenth.002
Fra:1 Mem:14.78M (Peak 14.80M) | Time:00:00.00 | Mem:0.00M, Peak:0.00M | Scene, ViewLayer | Synchronizing object | QA-human-torso
Fra:1 Mem:14.79M (Peak 14.80M) | Time:00:00.00 | Mem:0.00M, Peak:0.00M | Scene, ViewLayer | Synchronizing object | QA-1m-ruler-tenth.001
Fra:1 Mem:14.79M (Peak 14.80M) | Time:00:00.00 | Mem:0.00M, Peak:0.00M | Scene, ViewLayer | Synchronizing object | QA-human-neck
Fra:1 Mem:14.79M (Peak 14.80M) | Time:00:00.00 | Mem:0.00M, Peak:0.00M | Scene, ViewLayer | Synchronizing object | QA-1m-ruler-tenth
Fra:1 Mem:14.79M (Peak 14.80M) | Time:00:00.00 | Mem:0.00M, Peak:0.00M | Scene, ViewLayer | Synchronizing object | QA-human-leg
Fra:1 Mem:14.79M (Peak 14.80M) | Time:00:00.00 | Mem:0.00M, Peak:0.00M | Scene, ViewLayer | Synchronizing object | Sphere.001
Fra:1 Mem:14.80M (Peak 14.80M) | Time:00:00.00 | Mem:0.00M, Peak:0.00M | Scene, ViewLayer | Synchronizing object | QA-human-leg.001
Fra:1 Mem:14.80M (Peak 14.80M) | Time:00:00.00 | Mem:0.00M, Peak:0.00M | Scene, ViewLayer | Synchronizing object | QA-human-arm
Fra:1 Mem:14.80M (Peak 14.80M) | Time:00:00.00 | Mem:0.00M, Peak:0.00M | Scene, ViewLayer | Synchronizing object | QA-human-arm.003
Fra:1 Mem:14.80M (Peak 14.80M) | Time:00:00.00 | Mem:0.00M, Peak:0.00M | Scene, ViewLayer | Synchronizing object | QA-human-arm.001
Fra:1 Mem:14.80M (Peak 14.80M) | Time:00:00.00 | Mem:0.00M, Peak:0.00M | Scene, ViewLayer | Synchronizing object | QA-human-arm.002
Fra:1 Mem:14.81M (Peak 14.81M) | Time:00:00.00 | Mem:0.00M, Peak:0.00M | Scene, ViewLayer | Synchronizing object | Sphere
Fra:1 Mem:14.81M (Peak 14.81M) | Time:00:00.00 | Mem:0.00M, Peak:0.00M | Scene, ViewLayer | Synchronizing object | QA-human-leg.003
Fra:1 Mem:14.82M (Peak 14.82M) | Time:00:00.00 | Mem:0.00M, Peak:0.00M | Scene, ViewLayer | Synchronizing object | QA-human-leg.002
Fra:1 Mem:14.82M (Peak 14.82M) | Time:00:00.00 | Mem:0.00M, Peak:0.00M | Scene, ViewLayer | Synchronizing object | QA-human-torso.001
Fra:1 Mem:14.82M (Peak 14.82M) | Time:00:00.00 | Mem:0.00M, Peak:0.00M | Scene, ViewLayer | Synchronizing object | QA-human-neck.001
Fra:1 Mem:14.82M (Peak 14.82M) | Time:00:00.00 | Mem:0.00M, Peak:0.00M | Scene, ViewLayer | Initializing
Fra:1 Mem:13.57M (Peak 14.82M) | Time:00:00.00 | Mem:0.00M, Peak:0.00M | Scene, ViewLayer | Waiting for render to start
Fra:1 Mem:13.57M (Peak 14.82M) | Time:00:00.00 | Mem:0.00M, Peak:0.00M | Scene, ViewLayer | Loading render kernels (may take a few minutes the first time)
Fra:1 Mem:13.57M (Peak 14.82M) | Time:00:00.00 | Mem:0.00M, Peak:0.00M | Scene, ViewLayer | Updating Scene
Fra:1 Mem:13.57M (Peak 14.82M) | Time:00:00.00 | Mem:0.00M, Peak:0.00M | Scene, ViewLayer | Updating Shaders
Fra:1 Mem:13.66M (Peak 14.82M) | Time:00:00.00 | Mem:0.01M, Peak:0.01M | Scene, ViewLayer | Updating Procedurals
Fra:1 Mem:13.66M (Peak 14.82M) | Time:00:00.00 | Mem:0.01M, Peak:0.01M | Scene, ViewLayer | Updating Background
Fra:1 Mem:13.66M (Peak 14.82M) | Time:00:00.00 | Mem:0.01M, Peak:0.01M | Scene, ViewLayer | Updating Camera
Fra:1 Mem:13.66M (Peak 14.82M) | Time:00:00.00 | Mem:0.01M, Peak:0.01M | Scene, ViewLayer | Updating Meshes Flags
Fra:1 Mem:13.66M (Peak 14.82M) | Time:00:00.00 | Mem:0.01M, Peak:0.01M | Scene, ViewLayer | Updating Objects
Fra:1 Mem:13.66M (Peak 14.82M) | Time:00:00.00 | Mem:0.01M, Peak:0.01M | Scene, ViewLayer | Updating Objects | Copying Transformations to device
Fra:1 Mem:13.66M (Peak 14.82M) | Time:00:00.00 | Mem:0.01M, Peak:0.01M | Scene, ViewLayer | Updating Objects | Applying Static Transformations
Fra:1 Mem:13.66M (Peak 14.82M) | Time:00:00.00 | Mem:0.01M, Peak:0.01M | Scene, ViewLayer | Updating Particle Systems
Fra:1 Mem:13.66M (Peak 14.82M) | Time:00:00.00 | Mem:0.01M, Peak:0.01M | Scene, ViewLayer | Updating Particle Systems | Copying Particles to device
Fra:1 Mem:13.66M (Peak 14.82M) | Time:00:00.00 | Mem:0.01M, Peak:0.01M | Scene, ViewLayer | Updating Meshes
Fra:1 Mem:13.68M (Peak 14.82M) | Time:00:00.00 | Mem:0.01M, Peak:0.01M | Scene, ViewLayer | Updating Mesh | Computing attributes
Fra:1 Mem:13.69M (Peak 14.82M) | Time:00:00.00 | Mem:0.01M, Peak:0.01M | Scene, ViewLayer | Updating Mesh | Copying Attributes to device
Fra:1 Mem:13.69M (Peak 14.82M) | Time:00:00.00 | Mem:0.02M, Peak:0.02M | Scene, ViewLayer | Updating Scene BVH | Building
Fra:1 Mem:13.69M (Peak 14.82M) | Time:00:00.00 | Mem:0.02M, Peak:0.02M | Scene, ViewLayer | Updating Scene BVH | Building BVH
Fra:1 Mem:13.69M (Peak 14.82M) | Time:00:00.00 | Mem:0.05M, Peak:0.05M | Scene, ViewLayer | Updating Scene BVH | Building BVH 0%
Fra:1 Mem:13.69M (Peak 14.82M) | Time:00:00.00 | Mem:0.08M, Peak:0.10M | Scene, ViewLayer | Updating Scene BVH | Copying BVH to device
Fra:1 Mem:13.69M (Peak 14.82M) | Time:00:00.00 | Mem:0.08M, Peak:0.10M | Scene, ViewLayer | Updating Mesh | Computing normals
Fra:1 Mem:13.73M (Peak 14.82M) | Time:00:00.00 | Mem:0.08M, Peak:0.10M | Scene, ViewLayer | Updating Mesh | Copying Mesh to device
Fra:1 Mem:13.73M (Peak 14.82M) | Time:00:00.00 | Mem:0.12M, Peak:0.12M | Scene, ViewLayer | Updating Objects Flags
Fra:1 Mem:13.73M (Peak 14.82M) | Time:00:00.00 | Mem:0.12M, Peak:0.12M | Scene, ViewLayer | Updating Primitive Offsets
Fra:1 Mem:13.73M (Peak 14.82M) | Time:00:00.00 | Mem:0.12M, Peak:0.12M | Scene, ViewLayer | Updating Images
Fra:1 Mem:13.73M (Peak 14.82M) | Time:00:00.00 | Mem:0.12M, Peak:0.12M | Scene, ViewLayer | Updating Camera Volume
Fra:1 Mem:13.73M (Peak 14.82M) | Time:00:00.00 | Mem:0.12M, Peak:0.12M | Scene, ViewLayer | Updating Lookup Tables
Fra:1 Mem:13.73M (Peak 14.82M) | Time:00:00.00 | Mem:0.20M, Peak:0.20M | Scene, ViewLayer | Updating Lights
Fra:1 Mem:13.73M (Peak 14.82M) | Time:00:00.00 | Mem:0.20M, Peak:0.20M | Scene, ViewLayer | Updating Lights | Computing tree
Fra:1 Mem:13.73M (Peak 14.82M) | Time:00:00.00 | Mem:0.20M, Peak:0.20M | Scene, ViewLayer | Updating Integrator
Fra:1 Mem:13.73M (Peak 14.82M) | Time:00:00.00 | Mem:0.20M, Peak:0.20M | Scene, ViewLayer | Updating Film
Fra:1 Mem:13.73M (Peak 14.82M) | Time:00:00.00 | Mem:0.12M, Peak:0.20M | Scene, ViewLayer | Updating Lookup Tables
Fra:1 Mem:13.73M (Peak 14.82M) | Time:00:00.00 | Mem:0.20M, Peak:0.20M | Scene, ViewLayer | Updating Baking
Fra:1 Mem:13.73M (Peak 14.82M) | Time:00:00.00 | Mem:0.20M, Peak:0.20M | Scene, ViewLayer | Updating Device | Writing constant memory
Fra:1 Mem:13.73M (Peak 14.82M) | Time:00:00.00 | Mem:0.20M, Peak:0.20M | Scene, ViewLayer | Sample 0/16
Fra:1 Mem:15.99M (Peak 15.99M) | Time:00:00.06 | Remaining:00:00.98 | Mem:2.45M, Peak:2.45M | Scene, ViewLayer | Sample 1/16
Fra:1 Mem:16.99M (Peak 19.00M) | Time:00:00.87 | Mem:2.45M, Peak:2.45M | Scene, ViewLayer | Sample 16/16
Fra:1 Mem:16.99M (Peak 19.00M) | Time:00:00.87 | Mem:2.45M, Peak:2.45M | Scene, ViewLayer | Finished
Saved: '/tmp/street-furniture-qa-4q7zi_2_/cedar-bench.lod1.top.png'
Time: 00:00.88 (Saving: 00:00.00)

Extensions: writing cache failed ([Errno 30] Read-only file system: '/home/agent/.config/blender').
15:54:23 | INFO: Data are loaded, start creating Blender stuff
15:54:23 | INFO: Blender create Mesh node Cylinder
15:54:23 | INFO: Blender create Mesh node Cube
15:54:23 | INFO: glTF import finished in 0.00s
Fra:1 Mem:14.83M (Peak 14.83M) | Time:00:00.00 | Mem:0.00M, Peak:0.00M | Scene, ViewLayer | Synchronizing object | metal
Fra:1 Mem:14.96M (Peak 14.96M) | Time:00:00.00 | Mem:0.00M, Peak:0.00M | Scene, ViewLayer | Synchronizing object | QA-ground-plane
Fra:1 Mem:14.99M (Peak 14.99M) | Time:00:00.00 | Mem:0.00M, Peak:0.00M | Scene, ViewLayer | Synchronizing object | QA-1m-ruler-tenth.009
Fra:1 Mem:15.01M (Peak 15.01M) | Time:00:00.00 | Mem:0.00M, Peak:0.00M | Scene, ViewLayer | Synchronizing object | QA-1m-ruler-tenth.008
Fra:1 Mem:15.01M (Peak 15.01M) | Time:00:00.00 | Mem:0.00M, Peak:0.00M | Scene, ViewLayer | Synchronizing object | QA-1m-ruler-tenth.007
Fra:1 Mem:14.89M (Peak 15.01M) | Time:00:00.00 | Mem:0.00M, Peak:0.00M | Scene, ViewLayer | Synchronizing object | QA-1m-ruler-tenth.006
Fra:1 Mem:14.89M (Peak 15.01M) | Time:00:00.00 | Mem:0.00M, Peak:0.00M | Scene, ViewLayer | Synchronizing object | QA-1m-ruler-tenth.005
Fra:1 Mem:14.92M (Peak 15.01M) | Time:00:00.00 | Mem:0.00M, Peak:0.00M | Scene, ViewLayer | Synchronizing object | QA-1m-ruler-tenth.004
Fra:1 Mem:14.93M (Peak 15.01M) | Time:00:00.00 | Mem:0.00M, Peak:0.00M | Scene, ViewLayer | Synchronizing object | QA-1m-ruler-tenth.003
Fra:1 Mem:14.94M (Peak 15.01M) | Time:00:00.00 | Mem:0.00M, Peak:0.00M | Scene, ViewLayer | Synchronizing object | QA-1m-ruler-tenth.002
Fra:1 Mem:14.94M (Peak 15.01M) | Time:00:00.00 | Mem:0.00M, Peak:0.00M | Scene, ViewLayer | Synchronizing object | QA-1m-ruler-tenth.001
Fra:1 Mem:14.94M (Peak 15.01M) | Time:00:00.00 | Mem:0.00M, Peak:0.00M | Scene, ViewLayer | Synchronizing object | QA-1m-ruler-tenth
Fra:1 Mem:14.94M (Peak 15.01M) | Time:00:00.00 | Mem:0.00M, Peak:0.00M | Scene, ViewLayer | Synchronizing object | Sphere.001
Fra:1 Mem:15.01M (Peak 15.01M) | Time:00:00.00 | Mem:0.00M, Peak:0.00M | Scene, ViewLayer | Synchronizing object | QA-human-arm.003
Fra:1 Mem:15.01M (Peak 15.01M) | Time:00:00.00 | Mem:0.00M, Peak:0.00M | Scene, ViewLayer | Synchronizing object | QA-human-arm.002
Fra:1 Mem:15.01M (Peak 15.01M) | Time:00:00.00 | Mem:0.00M, Peak:0.00M | Scene, ViewLayer | Synchronizing object | QA-human-leg.003
Fra:1 Mem:15.01M (Peak 15.01M) | Time:00:00.00 | Mem:0.00M, Peak:0.00M | Scene, ViewLayer | Synchronizing object | QA-human-leg.002
Fra:1 Mem:15.01M (Peak 15.01M) | Time:00:00.00 | Mem:0.00M, Peak:0.00M | Scene, ViewLayer | Synchronizing object | QA-human-neck.001
Fra:1 Mem:15.01M (Peak 15.01M) | Time:00:00.00 | Mem:0.00M, Peak:0.00M | Scene, ViewLayer | Synchronizing object | QA-human-torso.001
Fra:1 Mem:15.01M (Peak 15.01M) | Time:00:00.00 | Mem:0.00M, Peak:0.00M | Scene, ViewLayer | Synchronizing object | Sphere
Fra:1 Mem:15.00M (Peak 15.01M) | Time:00:00.00 | Mem:0.00M, Peak:0.00M | Scene, ViewLayer | Synchronizing object | QA-human-arm.001
Fra:1 Mem:15.02M (Peak 15.02M) | Time:00:00.00 | Mem:0.00M, Peak:0.00M | Scene, ViewLayer | Synchronizing object | QA-human-arm
Fra:1 Mem:15.02M (Peak 15.02M) | Time:00:00.00 | Mem:0.00M, Peak:0.00M | Scene, ViewLayer | Synchronizing object | QA-human-leg.001
Fra:1 Mem:14.94M (Peak 15.02M) | Time:00:00.00 | Mem:0.00M, Peak:0.00M | Scene, ViewLayer | Synchronizing object | QA-human-leg
Fra:1 Mem:14.96M (Peak 15.02M) | Time:00:00.00 | Mem:0.00M, Peak:0.00M | Scene, ViewLayer | Synchronizing object | QA-human-neck
Fra:1 Mem:14.95M (Peak 15.02M) | Time:00:00.00 | Mem:0.00M, Peak:0.00M | Scene, ViewLayer | Synchronizing object | wood
Fra:1 Mem:14.95M (Peak 15.02M) | Time:00:00.00 | Mem:0.00M, Peak:0.00M | Scene, ViewLayer | Synchronizing object | QA-human-torso
Fra:1 Mem:15.01M (Peak 15.02M) | Time:00:00.00 | Mem:0.00M, Peak:0.00M | Scene, ViewLayer | Initializing
Fra:1 Mem:13.76M (Peak 15.02M) | Time:00:00.00 | Mem:0.00M, Peak:0.00M | Scene, ViewLayer | Waiting for render to start
Fra:1 Mem:13.76M (Peak 15.02M) | Time:00:00.00 | Mem:0.00M, Peak:0.00M | Scene, ViewLayer | Loading render kernels (may take a few minutes the first time)
Fra:1 Mem:13.76M (Peak 15.02M) | Time:00:00.00 | Mem:0.00M, Peak:0.00M | Scene, ViewLayer | Updating Scene
Fra:1 Mem:13.76M (Peak 15.02M) | Time:00:00.00 | Mem:0.00M, Peak:0.00M | Scene, ViewLayer | Updating Shaders
Fra:1 Mem:13.85M (Peak 15.02M) | Time:00:00.00 | Mem:0.01M, Peak:0.01M | Scene, ViewLayer | Updating Procedurals
Fra:1 Mem:13.85M (Peak 15.02M) | Time:00:00.00 | Mem:0.01M, Peak:0.01M | Scene, ViewLayer | Updating Background
Fra:1 Mem:13.85M (Peak 15.02M) | Time:00:00.00 | Mem:0.01M, Peak:0.01M | Scene, ViewLayer | Updating Camera
Fra:1 Mem:13.85M (Peak 15.02M) | Time:00:00.00 | Mem:0.01M, Peak:0.01M | Scene, ViewLayer | Updating Meshes Flags
Fra:1 Mem:13.85M (Peak 15.02M) | Time:00:00.00 | Mem:0.01M, Peak:0.01M | Scene, ViewLayer | Updating Objects
Fra:1 Mem:13.85M (Peak 15.02M) | Time:00:00.00 | Mem:0.01M, Peak:0.01M | Scene, ViewLayer | Updating Objects | Copying Transformations to device
Fra:1 Mem:13.86M (Peak 15.02M) | Time:00:00.00 | Mem:0.01M, Peak:0.01M | Scene, ViewLayer | Updating Objects | Applying Static Transformations
Fra:1 Mem:13.86M (Peak 15.02M) | Time:00:00.00 | Mem:0.01M, Peak:0.01M | Scene, ViewLayer | Updating Particle Systems
Fra:1 Mem:13.86M (Peak 15.02M) | Time:00:00.00 | Mem:0.01M, Peak:0.01M | Scene, ViewLayer | Updating Particle Systems | Copying Particles to device
Fra:1 Mem:13.86M (Peak 15.02M) | Time:00:00.00 | Mem:0.01M, Peak:0.01M | Scene, ViewLayer | Updating Meshes
Fra:1 Mem:13.87M (Peak 15.02M) | Time:00:00.00 | Mem:0.01M, Peak:0.01M | Scene, ViewLayer | Updating Mesh | Computing attributes
Fra:1 Mem:13.91M (Peak 15.02M) | Time:00:00.00 | Mem:0.01M, Peak:0.01M | Scene, ViewLayer | Updating Mesh | Copying Attributes to device
Fra:1 Mem:13.90M (Peak 15.02M) | Time:00:00.00 | Mem:0.04M, Peak:0.04M | Scene, ViewLayer | Updating Scene BVH | Building
Fra:1 Mem:13.90M (Peak 15.02M) | Time:00:00.00 | Mem:0.04M, Peak:0.04M | Scene, ViewLayer | Updating Scene BVH | Building BVH
Fra:1 Mem:13.90M (Peak 15.02M) | Time:00:00.00 | Mem:0.08M, Peak:0.08M | Scene, ViewLayer | Updating Scene BVH | Building BVH 0%
Fra:1 Mem:13.90M (Peak 15.02M) | Time:00:00.00 | Mem:0.13M, Peak:0.16M | Scene, ViewLayer | Updating Scene BVH | Copying BVH to device
Fra:1 Mem:13.90M (Peak 15.02M) | Time:00:00.00 | Mem:0.13M, Peak:0.16M | Scene, ViewLayer | Updating Mesh | Computing normals
Fra:1 Mem:14.00M (Peak 15.02M) | Time:00:00.00 | Mem:0.13M, Peak:0.16M | Scene, ViewLayer | Updating Mesh | Copying Mesh to device
Fra:1 Mem:14.00M (Peak 15.02M) | Time:00:00.00 | Mem:0.22M, Peak:0.22M | Scene, ViewLayer | Updating Objects Flags
Fra:1 Mem:14.00M (Peak 15.02M) | Time:00:00.00 | Mem:0.22M, Peak:0.22M | Scene, ViewLayer | Updating Primitive Offsets
Fra:1 Mem:14.00M (Peak 15.02M) | Time:00:00.00 | Mem:0.22M, Peak:0.22M | Scene, ViewLayer | Updating Images
Fra:1 Mem:14.00M (Peak 15.02M) | Time:00:00.00 | Mem:0.22M, Peak:0.22M | Scene, ViewLayer | Updating Camera Volume
Fra:1 Mem:14.00M (Peak 15.02M) | Time:00:00.00 | Mem:0.22M, Peak:0.22M | Scene, ViewLayer | Updating Lookup Tables
Fra:1 Mem:14.00M (Peak 15.02M) | Time:00:00.00 | Mem:0.30M, Peak:0.30M | Scene, ViewLayer | Updating Lights
Fra:1 Mem:14.00M (Peak 15.02M) | Time:00:00.00 | Mem:0.30M, Peak:0.30M | Scene, ViewLayer | Updating Lights | Computing tree
Fra:1 Mem:14.00M (Peak 15.02M) | Time:00:00.00 | Mem:0.30M, Peak:0.30M | Scene, ViewLayer | Updating Integrator
Fra:1 Mem:14.00M (Peak 15.02M) | Time:00:00.00 | Mem:0.30M, Peak:0.30M | Scene, ViewLayer | Updating Film
Fra:1 Mem:14.00M (Peak 15.02M) | Time:00:00.00 | Mem:0.22M, Peak:0.30M | Scene, ViewLayer | Updating Lookup Tables
Fra:1 Mem:14.00M (Peak 15.02M) | Time:00:00.00 | Mem:0.31M, Peak:0.31M | Scene, ViewLayer | Updating Baking
Fra:1 Mem:14.00M (Peak 15.02M) | Time:00:00.00 | Mem:0.31M, Peak:0.31M | Scene, ViewLayer | Updating Device | Writing constant memory
Fra:1 Mem:14.01M (Peak 15.02M) | Time:00:00.00 | Mem:0.31M, Peak:0.31M | Scene, ViewLayer | Sample 0/16
Fra:1 Mem:16.26M (Peak 16.26M) | Time:00:00.02 | Remaining:00:00.32 | Mem:2.56M, Peak:2.56M | Scene, ViewLayer | Sample 1/16
Fra:1 Mem:17.26M (Peak 19.27M) | Time:00:00.26 | Mem:2.56M, Peak:2.56M | Scene, ViewLayer | Sample 16/16
Fra:1 Mem:17.26M (Peak 19.27M) | Time:00:00.26 | Mem:2.56M, Peak:2.56M | Scene, ViewLayer | Finished
Saved: '/tmp/street-furniture-qa-4q7zi_2_/cedar-bench.lod0.overcast.png'
Time: 00:00.27 (Saving: 00:00.00)

Extensions: writing cache failed ([Errno 30] Read-only file system: '/home/agent/.config/blender').
15:54:23 | INFO: Data are loaded, start creating Blender stuff
15:54:23 | INFO: Blender create Mesh node Cylinder
15:54:23 | INFO: Blender create Mesh node Cube
15:54:23 | INFO: glTF import finished in 0.00s
Fra:1 Mem:14.83M (Peak 14.83M) | Time:00:00.00 | Mem:0.00M, Peak:0.00M | Scene, ViewLayer | Synchronizing object | metal
Fra:1 Mem:14.99M (Peak 14.99M) | Time:00:00.00 | Mem:0.00M, Peak:0.00M | Scene, ViewLayer | Synchronizing object | QA-ground-plane
Fra:1 Mem:14.89M (Peak 14.99M) | Time:00:00.00 | Mem:0.00M, Peak:0.00M | Scene, ViewLayer | Synchronizing object | QA-1m-ruler-tenth.009
Fra:1 Mem:14.91M (Peak 14.99M) | Time:00:00.00 | Mem:0.00M, Peak:0.00M | Scene, ViewLayer | Synchronizing object | QA-1m-ruler-tenth.008
Fra:1 Mem:14.92M (Peak 14.99M) | Time:00:00.00 | Mem:0.00M, Peak:0.00M | Scene, ViewLayer | Synchronizing object | QA-1m-ruler-tenth.007
Fra:1 Mem:14.93M (Peak 14.99M) | Time:00:00.00 | Mem:0.00M, Peak:0.00M | Scene, ViewLayer | Synchronizing object | QA-1m-ruler-tenth.006
Fra:1 Mem:14.93M (Peak 14.99M) | Time:00:00.00 | Mem:0.00M, Peak:0.00M | Scene, ViewLayer | Synchronizing object | QA-1m-ruler-tenth.005
Fra:1 Mem:14.93M (Peak 14.99M) | Time:00:00.00 | Mem:0.00M, Peak:0.00M | Scene, ViewLayer | Synchronizing object | QA-1m-ruler-tenth.004
Fra:1 Mem:14.94M (Peak 14.99M) | Time:00:00.00 | Mem:0.00M, Peak:0.00M | Scene, ViewLayer | Synchronizing object | QA-1m-ruler-tenth.003
Fra:1 Mem:14.95M (Peak 14.99M) | Time:00:00.00 | Mem:0.00M, Peak:0.00M | Scene, ViewLayer | Synchronizing object | QA-1m-ruler-tenth.002
Fra:1 Mem:14.99M (Peak 14.99M) | Time:00:00.00 | Mem:0.00M, Peak:0.00M | Scene, ViewLayer | Synchronizing object | QA-1m-ruler-tenth.001
Fra:1 Mem:15.00M (Peak 15.00M) | Time:00:00.00 | Mem:0.00M, Peak:0.00M | Scene, ViewLayer | Synchronizing object | QA-1m-ruler-tenth
Fra:1 Mem:15.00M (Peak 15.00M) | Time:00:00.00 | Mem:0.00M, Peak:0.00M | Scene, ViewLayer | Synchronizing object | Sphere.001
Fra:1 Mem:15.01M (Peak 15.01M) | Time:00:00.00 | Mem:0.00M, Peak:0.00M | Scene, ViewLayer | Synchronizing object | QA-human-arm.003
Fra:1 Mem:15.01M (Peak 15.01M) | Time:00:00.00 | Mem:0.00M, Peak:0.00M | Scene, ViewLayer | Synchronizing object | QA-human-arm.002
Fra:1 Mem:15.01M (Peak 15.01M) | Time:00:00.00 | Mem:0.00M, Peak:0.00M | Scene, ViewLayer | Synchronizing object | QA-human-leg.003
Fra:1 Mem:14.95M (Peak 15.01M) | Time:00:00.00 | Mem:0.00M, Peak:0.00M | Scene, ViewLayer | Synchronizing object | QA-human-leg.002
Fra:1 Mem:14.97M (Peak 15.01M) | Time:00:00.00 | Mem:0.00M, Peak:0.00M | Scene, ViewLayer | Synchronizing object | QA-human-neck.001
Fra:1 Mem:14.99M (Peak 15.01M) | Time:00:00.00 | Mem:0.00M, Peak:0.00M | Scene, ViewLayer | Synchronizing object | QA-human-torso.001
Fra:1 Mem:15.01M (Peak 15.01M) | Time:00:00.00 | Mem:0.00M, Peak:0.00M | Scene, ViewLayer | Synchronizing object | Sphere
Fra:1 Mem:14.96M (Peak 15.01M) | Time:00:00.00 | Mem:0.00M, Peak:0.00M | Scene, ViewLayer | Synchronizing object | QA-human-arm.001
Fra:1 Mem:14.94M (Peak 15.01M) | Time:00:00.00 | Mem:0.00M, Peak:0.00M | Scene, ViewLayer | Synchronizing object | QA-human-arm
Fra:1 Mem:14.94M (Peak 15.01M) | Time:00:00.00 | Mem:0.00M, Peak:0.00M | Scene, ViewLayer | Synchronizing object | wood
Fra:1 Mem:14.95M (Peak 15.01M) | Time:00:00.00 | Mem:0.00M, Peak:0.00M | Scene, ViewLayer | Synchronizing object | QA-human-leg.001
Fra:1 Mem:14.95M (Peak 15.01M) | Time:00:00.00 | Mem:0.00M, Peak:0.00M | Scene, ViewLayer | Synchronizing object | QA-human-leg
Fra:1 Mem:14.96M (Peak 15.01M) | Time:00:00.00 | Mem:0.00M, Peak:0.00M | Scene, ViewLayer | Synchronizing object | QA-human-neck
Fra:1 Mem:15.10M (Peak 15.10M) | Time:00:00.00 | Mem:0.00M, Peak:0.00M | Scene, ViewLayer | Synchronizing object | QA-human-torso
Fra:1 Mem:15.01M (Peak 15.10M) | Time:00:00.00 | Mem:0.00M, Peak:0.00M | Scene, ViewLayer | Initializing
Fra:1 Mem:13.76M (Peak 15.10M) | Time:00:00.00 | Mem:0.00M, Peak:0.00M | Scene, ViewLayer | Waiting for render to start
Fra:1 Mem:13.76M (Peak 15.10M) | Time:00:00.00 | Mem:0.00M, Peak:0.00M | Scene, ViewLayer | Loading render kernels (may take a few minutes the first time)
Fra:1 Mem:13.76M (Peak 15.10M) | Time:00:00.00 | Mem:0.00M, Peak:0.00M | Scene, ViewLayer | Updating Scene
Fra:1 Mem:13.76M (Peak 15.10M) | Time:00:00.00 | Mem:0.00M, Peak:0.00M | Scene, ViewLayer | Updating Shaders
Fra:1 Mem:13.85M (Peak 15.10M) | Time:00:00.00 | Mem:0.01M, Peak:0.01M | Scene, ViewLayer | Updating Procedurals
Fra:1 Mem:13.85M (Peak 15.10M) | Time:00:00.00 | Mem:0.01M, Peak:0.01M | Scene, ViewLayer | Updating Background
Fra:1 Mem:13.85M (Peak 15.10M) | Time:00:00.00 | Mem:0.01M, Peak:0.01M | Scene, ViewLayer | Updating Camera
Fra:1 Mem:13.85M (Peak 15.10M) | Time:00:00.00 | Mem:0.01M, Peak:0.01M | Scene, ViewLayer | Updating Meshes Flags
Fra:1 Mem:13.85M (Peak 15.10M) | Time:00:00.00 | Mem:0.01M, Peak:0.01M | Scene, ViewLayer | Updating Objects
Fra:1 Mem:13.85M (Peak 15.10M) | Time:00:00.00 | Mem:0.01M, Peak:0.01M | Scene, ViewLayer | Updating Objects | Copying Transformations to device
Fra:1 Mem:13.86M (Peak 15.10M) | Time:00:00.00 | Mem:0.01M, Peak:0.01M | Scene, ViewLayer | Updating Objects | Applying Static Transformations
Fra:1 Mem:13.86M (Peak 15.10M) | Time:00:00.00 | Mem:0.01M, Peak:0.01M | Scene, ViewLayer | Updating Particle Systems
Fra:1 Mem:13.86M (Peak 15.10M) | Time:00:00.00 | Mem:0.01M, Peak:0.01M | Scene, ViewLayer | Updating Particle Systems | Copying Particles to device
Fra:1 Mem:13.86M (Peak 15.10M) | Time:00:00.00 | Mem:0.01M, Peak:0.01M | Scene, ViewLayer | Updating Meshes
Fra:1 Mem:13.87M (Peak 15.10M) | Time:00:00.00 | Mem:0.01M, Peak:0.01M | Scene, ViewLayer | Updating Mesh | Computing attributes
Fra:1 Mem:13.91M (Peak 15.10M) | Time:00:00.00 | Mem:0.01M, Peak:0.01M | Scene, ViewLayer | Updating Mesh | Copying Attributes to device
Fra:1 Mem:13.90M (Peak 15.10M) | Time:00:00.00 | Mem:0.04M, Peak:0.04M | Scene, ViewLayer | Updating Scene BVH | Building
Fra:1 Mem:13.90M (Peak 15.10M) | Time:00:00.00 | Mem:0.04M, Peak:0.04M | Scene, ViewLayer | Updating Scene BVH | Building BVH
Fra:1 Mem:13.90M (Peak 15.10M) | Time:00:00.00 | Mem:0.08M, Peak:0.08M | Scene, ViewLayer | Updating Scene BVH | Building BVH 0%
Fra:1 Mem:13.90M (Peak 15.10M) | Time:00:00.00 | Mem:0.13M, Peak:0.16M | Scene, ViewLayer | Updating Scene BVH | Copying BVH to device
Fra:1 Mem:13.90M (Peak 15.10M) | Time:00:00.00 | Mem:0.13M, Peak:0.16M | Scene, ViewLayer | Updating Mesh | Computing normals
Fra:1 Mem:14.00M (Peak 15.10M) | Time:00:00.00 | Mem:0.13M, Peak:0.16M | Scene, ViewLayer | Updating Mesh | Copying Mesh to device
Fra:1 Mem:14.00M (Peak 15.10M) | Time:00:00.00 | Mem:0.22M, Peak:0.22M | Scene, ViewLayer | Updating Objects Flags
Fra:1 Mem:14.00M (Peak 15.10M) | Time:00:00.00 | Mem:0.22M, Peak:0.22M | Scene, ViewLayer | Updating Primitive Offsets
Fra:1 Mem:14.00M (Peak 15.10M) | Time:00:00.00 | Mem:0.22M, Peak:0.22M | Scene, ViewLayer | Updating Images
Fra:1 Mem:14.00M (Peak 15.10M) | Time:00:00.00 | Mem:0.22M, Peak:0.22M | Scene, ViewLayer | Updating Camera Volume
Fra:1 Mem:14.00M (Peak 15.10M) | Time:00:00.00 | Mem:0.22M, Peak:0.22M | Scene, ViewLayer | Updating Lookup Tables
Fra:1 Mem:14.00M (Peak 15.10M) | Time:00:00.00 | Mem:0.30M, Peak:0.30M | Scene, ViewLayer | Updating Lights
Fra:1 Mem:14.00M (Peak 15.10M) | Time:00:00.00 | Mem:0.30M, Peak:0.30M | Scene, ViewLayer | Updating Lights | Computing tree
Fra:1 Mem:14.00M (Peak 15.10M) | Time:00:00.00 | Mem:0.30M, Peak:0.30M | Scene, ViewLayer | Updating Integrator
Fra:1 Mem:14.00M (Peak 15.10M) | Time:00:00.00 | Mem:0.30M, Peak:0.30M | Scene, ViewLayer | Updating Film
Fra:1 Mem:14.00M (Peak 15.10M) | Time:00:00.00 | Mem:0.22M, Peak:0.30M | Scene, ViewLayer | Updating Lookup Tables
Fra:1 Mem:14.00M (Peak 15.10M) | Time:00:00.00 | Mem:0.31M, Peak:0.31M | Scene, ViewLayer | Updating Baking
Fra:1 Mem:14.00M (Peak 15.10M) | Time:00:00.00 | Mem:0.31M, Peak:0.31M | Scene, ViewLayer | Updating Device | Writing constant memory
Fra:1 Mem:14.01M (Peak 15.10M) | Time:00:00.00 | Mem:0.31M, Peak:0.31M | Scene, ViewLayer | Sample 0/16
Fra:1 Mem:16.26M (Peak 16.26M) | Time:00:00.02 | Remaining:00:00.27 | Mem:2.56M, Peak:2.56M | Scene, ViewLayer | Sample 1/16
Fra:1 Mem:17.26M (Peak 19.27M) | Time:00:00.25 | Mem:2.56M, Peak:2.56M | Scene, ViewLayer | Sample 16/16
Fra:1 Mem:17.26M (Peak 19.27M) | Time:00:00.25 | Mem:2.56M, Peak:2.56M | Scene, ViewLayer | Finished
Saved: '/tmp/street-furniture-qa-4q7zi_2_/cedar-bench.lod0.dusk.png'
Time: 00:00.25 (Saving: 00:00.00)

Extensions: writing cache failed ([Errno 30] Read-only file system: '/home/agent/.config/blender').
15:54:24 | INFO: Data are loaded, start creating Blender stuff
15:54:24 | INFO: Blender create Mesh node Cylinder
15:54:24 | INFO: Blender create Mesh node Cube
15:54:24 | INFO: glTF import finished in 0.00s
Fra:1 Mem:14.83M (Peak 14.83M) | Time:00:00.00 | Mem:0.00M, Peak:0.00M | Scene, ViewLayer | Synchronizing object | metal
Fra:1 Mem:14.92M (Peak 14.92M) | Time:00:00.00 | Mem:0.00M, Peak:0.00M | Scene, ViewLayer | Synchronizing object | QA-ground-plane
Fra:1 Mem:14.99M (Peak 14.99M) | Time:00:00.00 | Mem:0.00M, Peak:0.00M | Scene, ViewLayer | Synchronizing object | QA-1m-ruler-tenth.009
Fra:1 Mem:14.99M (Peak 14.99M) | Time:00:00.00 | Mem:0.00M, Peak:0.00M | Scene, ViewLayer | Synchronizing object | QA-1m-ruler-tenth.008
Fra:1 Mem:14.99M (Peak 14.99M) | Time:00:00.00 | Mem:0.00M, Peak:0.00M | Scene, ViewLayer | Synchronizing object | QA-1m-ruler-tenth.007
Fra:1 Mem:14.99M (Peak 14.99M) | Time:00:00.00 | Mem:0.00M, Peak:0.00M | Scene, ViewLayer | Synchronizing object | QA-1m-ruler-tenth.006
Fra:1 Mem:14.99M (Peak 14.99M) | Time:00:00.00 | Mem:0.00M, Peak:0.00M | Scene, ViewLayer | Synchronizing object | QA-1m-ruler-tenth.005
Fra:1 Mem:14.99M (Peak 14.99M) | Time:00:00.00 | Mem:0.00M, Peak:0.00M | Scene, ViewLayer | Synchronizing object | QA-1m-ruler-tenth.004
Fra:1 Mem:14.94M (Peak 14.99M) | Time:00:00.00 | Mem:0.00M, Peak:0.00M | Scene, ViewLayer | Synchronizing object | QA-1m-ruler-tenth.003
Fra:1 Mem:14.97M (Peak 14.99M) | Time:00:00.00 | Mem:0.00M, Peak:0.00M | Scene, ViewLayer | Synchronizing object | QA-1m-ruler-tenth.002
Fra:1 Mem:14.97M (Peak 14.99M) | Time:00:00.00 | Mem:0.00M, Peak:0.00M | Scene, ViewLayer | Synchronizing object | QA-1m-ruler-tenth.001
Fra:1 Mem:14.99M (Peak 14.99M) | Time:00:00.00 | Mem:0.00M, Peak:0.00M | Scene, ViewLayer | Synchronizing object | QA-1m-ruler-tenth
Fra:1 Mem:14.99M (Peak 14.99M) | Time:00:00.00 | Mem:0.00M, Peak:0.00M | Scene, ViewLayer | Synchronizing object | Sphere.001
Fra:1 Mem:14.94M (Peak 14.99M) | Time:00:00.00 | Mem:0.00M, Peak:0.00M | Scene, ViewLayer | Synchronizing object | QA-human-arm.003
Fra:1 Mem:14.93M (Peak 14.99M) | Time:00:00.00 | Mem:0.00M, Peak:0.00M | Scene, ViewLayer | Synchronizing object | wood
Fra:1 Mem:14.93M (Peak 14.99M) | Time:00:00.00 | Mem:0.00M, Peak:0.00M | Scene, ViewLayer | Synchronizing object | QA-human-arm.002
Fra:1 Mem:14.95M (Peak 14.99M) | Time:00:00.00 | Mem:0.00M, Peak:0.00M | Scene, ViewLayer | Synchronizing object | QA-human-leg.003
Fra:1 Mem:15.08M (Peak 15.08M) | Time:00:00.00 | Mem:0.00M, Peak:0.00M | Scene, ViewLayer | Synchronizing object | QA-human-leg.002
Fra:1 Mem:15.08M (Peak 15.08M) | Time:00:00.00 | Mem:0.00M, Peak:0.00M | Scene, ViewLayer | Synchronizing object | QA-human-neck.001
Fra:1 Mem:15.08M (Peak 15.08M) | Time:00:00.00 | Mem:0.00M, Peak:0.00M | Scene, ViewLayer | Synchronizing object | QA-human-torso.001
Fra:1 Mem:15.10M (Peak 15.10M) | Time:00:00.00 | Mem:0.00M, Peak:0.00M | Scene, ViewLayer | Synchronizing object | Sphere
Fra:1 Mem:15.12M (Peak 15.12M) | Time:00:00.00 | Mem:0.00M, Peak:0.00M | Scene, ViewLayer | Synchronizing object | QA-human-arm.001
Fra:1 Mem:15.13M (Peak 15.13M) | Time:00:00.00 | Mem:0.00M, Peak:0.00M | Scene, ViewLayer | Synchronizing object | QA-human-arm
Fra:1 Mem:14.99M (Peak 15.13M) | Time:00:00.00 | Mem:0.00M, Peak:0.00M | Scene, ViewLayer | Synchronizing object | QA-human-leg.001
Fra:1 Mem:15.01M (Peak 15.13M) | Time:00:00.00 | Mem:0.00M, Peak:0.00M | Scene, ViewLayer | Synchronizing object | QA-human-leg
Fra:1 Mem:15.02M (Peak 15.13M) | Time:00:00.00 | Mem:0.00M, Peak:0.00M | Scene, ViewLayer | Synchronizing object | QA-human-neck
Fra:1 Mem:15.03M (Peak 15.13M) | Time:00:00.00 | Mem:0.00M, Peak:0.00M | Scene, ViewLayer | Synchronizing object | QA-human-torso
Fra:1 Mem:15.01M (Peak 15.13M) | Time:00:00.00 | Mem:0.00M, Peak:0.00M | Scene, ViewLayer | Initializing
Fra:1 Mem:13.76M (Peak 15.13M) | Time:00:00.00 | Mem:0.00M, Peak:0.00M | Scene, ViewLayer | Waiting for render to start
Fra:1 Mem:13.76M (Peak 15.13M) | Time:00:00.00 | Mem:0.00M, Peak:0.00M | Scene, ViewLayer | Loading render kernels (may take a few minutes the first time)
Fra:1 Mem:13.76M (Peak 15.13M) | Time:00:00.00 | Mem:0.00M, Peak:0.00M | Scene, ViewLayer | Updating Scene
Fra:1 Mem:13.76M (Peak 15.13M) | Time:00:00.00 | Mem:0.00M, Peak:0.00M | Scene, ViewLayer | Updating Shaders
Fra:1 Mem:13.85M (Peak 15.13M) | Time:00:00.00 | Mem:0.01M, Peak:0.01M | Scene, ViewLayer | Updating Procedurals
Fra:1 Mem:13.85M (Peak 15.13M) | Time:00:00.00 | Mem:0.01M, Peak:0.01M | Scene, ViewLayer | Updating Background
Fra:1 Mem:13.85M (Peak 15.13M) | Time:00:00.00 | Mem:0.01M, Peak:0.01M | Scene, ViewLayer | Updating Camera
Fra:1 Mem:13.85M (Peak 15.13M) | Time:00:00.00 | Mem:0.01M, Peak:0.01M | Scene, ViewLayer | Updating Meshes Flags
Fra:1 Mem:13.85M (Peak 15.13M) | Time:00:00.00 | Mem:0.01M, Peak:0.01M | Scene, ViewLayer | Updating Objects
Fra:1 Mem:13.85M (Peak 15.13M) | Time:00:00.00 | Mem:0.01M, Peak:0.01M | Scene, ViewLayer | Updating Objects | Copying Transformations to device
Fra:1 Mem:13.86M (Peak 15.13M) | Time:00:00.00 | Mem:0.01M, Peak:0.01M | Scene, ViewLayer | Updating Objects | Applying Static Transformations
Fra:1 Mem:13.86M (Peak 15.13M) | Time:00:00.00 | Mem:0.01M, Peak:0.01M | Scene, ViewLayer | Updating Particle Systems
Fra:1 Mem:13.86M (Peak 15.13M) | Time:00:00.00 | Mem:0.01M, Peak:0.01M | Scene, ViewLayer | Updating Particle Systems | Copying Particles to device
Fra:1 Mem:13.86M (Peak 15.13M) | Time:00:00.00 | Mem:0.01M, Peak:0.01M | Scene, ViewLayer | Updating Meshes
Fra:1 Mem:13.87M (Peak 15.13M) | Time:00:00.00 | Mem:0.01M, Peak:0.01M | Scene, ViewLayer | Updating Mesh | Computing attributes
Fra:1 Mem:13.91M (Peak 15.13M) | Time:00:00.00 | Mem:0.01M, Peak:0.01M | Scene, ViewLayer | Updating Mesh | Copying Attributes to device
Fra:1 Mem:13.90M (Peak 15.13M) | Time:00:00.00 | Mem:0.04M, Peak:0.04M | Scene, ViewLayer | Updating Scene BVH | Building
Fra:1 Mem:13.90M (Peak 15.13M) | Time:00:00.00 | Mem:0.04M, Peak:0.04M | Scene, ViewLayer | Updating Scene BVH | Building BVH
Fra:1 Mem:13.90M (Peak 15.13M) | Time:00:00.00 | Mem:0.08M, Peak:0.08M | Scene, ViewLayer | Updating Scene BVH | Building BVH 0%
Fra:1 Mem:13.90M (Peak 15.13M) | Time:00:00.00 | Mem:0.13M, Peak:0.16M | Scene, ViewLayer | Updating Scene BVH | Copying BVH to device
Fra:1 Mem:13.90M (Peak 15.13M) | Time:00:00.00 | Mem:0.13M, Peak:0.16M | Scene, ViewLayer | Updating Mesh | Computing normals
Fra:1 Mem:14.00M (Peak 15.13M) | Time:00:00.00 | Mem:0.13M, Peak:0.16M | Scene, ViewLayer | Updating Mesh | Copying Mesh to device
Fra:1 Mem:14.00M (Peak 15.13M) | Time:00:00.00 | Mem:0.22M, Peak:0.22M | Scene, ViewLayer | Updating Objects Flags
Fra:1 Mem:14.00M (Peak 15.13M) | Time:00:00.00 | Mem:0.22M, Peak:0.22M | Scene, ViewLayer | Updating Primitive Offsets
Fra:1 Mem:14.00M (Peak 15.13M) | Time:00:00.00 | Mem:0.22M, Peak:0.22M | Scene, ViewLayer | Updating Images
Fra:1 Mem:14.00M (Peak 15.13M) | Time:00:00.00 | Mem:0.22M, Peak:0.22M | Scene, ViewLayer | Updating Camera Volume
Fra:1 Mem:14.00M (Peak 15.13M) | Time:00:00.00 | Mem:0.22M, Peak:0.22M | Scene, ViewLayer | Updating Lookup Tables
Fra:1 Mem:14.00M (Peak 15.13M) | Time:00:00.00 | Mem:0.30M, Peak:0.30M | Scene, ViewLayer | Updating Lights
Fra:1 Mem:14.00M (Peak 15.13M) | Time:00:00.00 | Mem:0.30M, Peak:0.30M | Scene, ViewLayer | Updating Lights | Computing tree
Fra:1 Mem:14.00M (Peak 15.13M) | Time:00:00.00 | Mem:0.30M, Peak:0.30M | Scene, ViewLayer | Updating Integrator
Fra:1 Mem:14.00M (Peak 15.13M) | Time:00:00.00 | Mem:0.30M, Peak:0.30M | Scene, ViewLayer | Updating Film
Fra:1 Mem:14.00M (Peak 15.13M) | Time:00:00.00 | Mem:0.22M, Peak:0.30M | Scene, ViewLayer | Updating Lookup Tables
Fra:1 Mem:14.00M (Peak 15.13M) | Time:00:00.00 | Mem:0.31M, Peak:0.31M | Scene, ViewLayer | Updating Baking
Fra:1 Mem:14.00M (Peak 15.13M) | Time:00:00.00 | Mem:0.31M, Peak:0.31M | Scene, ViewLayer | Updating Device | Writing constant memory
Fra:1 Mem:14.01M (Peak 15.13M) | Time:00:00.00 | Mem:0.31M, Peak:0.31M | Scene, ViewLayer | Sample 0/16
Fra:1 Mem:16.26M (Peak 16.26M) | Time:00:00.02 | Remaining:00:00.28 | Mem:2.56M, Peak:2.56M | Scene, ViewLayer | Sample 1/16
Fra:1 Mem:17.26M (Peak 19.27M) | Time:00:00.25 | Mem:2.56M, Peak:2.56M | Scene, ViewLayer | Sample 16/16
Fra:1 Mem:17.26M (Peak 19.27M) | Time:00:00.25 | Mem:2.56M, Peak:2.56M | Scene, ViewLayer | Finished
Saved: '/tmp/street-furniture-qa-4q7zi_2_/cedar-bench.lod0.night.png'
Time: 00:00.26 (Saving: 00:00.00)

RENDERED cedar-bench
Extensions: writing cache failed ([Errno 30] Read-only file system: '/home/agent/.config/blender').
15:54:24 | INFO: Data are loaded, start creating Blender stuff
15:54:24 | INFO: Blender create Mesh node Cast lamp pedestal
15:54:24 | INFO: Blender create Mesh node Warm frosted lantern
15:54:24 | INFO: glTF import finished in 0.01s
Fra:1 Mem:14.94M (Peak 14.94M) | Time:00:00.00 | Mem:0.00M, Peak:0.00M | Scene, ViewLayer | Synchronizing object | metal
Fra:1 Mem:15.01M (Peak 15.01M) | Time:00:00.00 | Mem:0.00M, Peak:0.00M | Scene, ViewLayer | Synchronizing object | QA-ground-plane
Fra:1 Mem:15.43M (Peak 15.43M) | Time:00:00.00 | Mem:0.00M, Peak:0.00M | Scene, ViewLayer | Synchronizing object | QA-1m-ruler-tenth.009
Fra:1 Mem:15.43M (Peak 15.43M) | Time:00:00.00 | Mem:0.00M, Peak:0.00M | Scene, ViewLayer | Synchronizing object | QA-1m-ruler-tenth.008
Fra:1 Mem:15.43M (Peak 15.43M) | Time:00:00.00 | Mem:0.00M, Peak:0.00M | Scene, ViewLayer | Synchronizing object | QA-1m-ruler-tenth.007
Fra:1 Mem:15.43M (Peak 15.43M) | Time:00:00.00 | Mem:0.00M, Peak:0.00M | Scene, ViewLayer | Synchronizing object | QA-1m-ruler-tenth.006
Fra:1 Mem:15.43M (Peak 15.43M) | Time:00:00.00 | Mem:0.00M, Peak:0.00M | Scene, ViewLayer | Synchronizing object | QA-1m-ruler-tenth.005
Fra:1 Mem:15.43M (Peak 15.43M) | Time:00:00.00 | Mem:0.00M, Peak:0.00M | Scene, ViewLayer | Synchronizing object | QA-1m-ruler-tenth.004
Fra:1 Mem:15.44M (Peak 15.44M) | Time:00:00.00 | Mem:0.00M, Peak:0.00M | Scene, ViewLayer | Synchronizing object | QA-1m-ruler-tenth.003
Fra:1 Mem:15.44M (Peak 15.44M) | Time:00:00.00 | Mem:0.00M, Peak:0.00M | Scene, ViewLayer | Synchronizing object | QA-1m-ruler-tenth.002
Fra:1 Mem:15.44M (Peak 15.44M) | Time:00:00.00 | Mem:0.00M, Peak:0.00M | Scene, ViewLayer | Synchronizing object | QA-1m-ruler-tenth.001
Fra:1 Mem:15.44M (Peak 15.44M) | Time:00:00.00 | Mem:0.00M, Peak:0.00M | Scene, ViewLayer | Synchronizing object | QA-1m-ruler-tenth
Fra:1 Mem:15.54M (Peak 15.54M) | Time:00:00.00 | Mem:0.00M, Peak:0.00M | Scene, ViewLayer | Synchronizing object | Sphere.001
Fra:1 Mem:15.53M (Peak 15.54M) | Time:00:00.00 | Mem:0.00M, Peak:0.00M | Scene, ViewLayer | Synchronizing object | QA-human-arm.003
Fra:1 Mem:15.53M (Peak 15.54M) | Time:00:00.00 | Mem:0.00M, Peak:0.00M | Scene, ViewLayer | Synchronizing object | QA-human-arm.002
Fra:1 Mem:15.54M (Peak 15.54M) | Time:00:00.00 | Mem:0.00M, Peak:0.00M | Scene, ViewLayer | Synchronizing object | QA-human-leg.003
Fra:1 Mem:15.55M (Peak 15.55M) | Time:00:00.00 | Mem:0.00M, Peak:0.00M | Scene, ViewLayer | Synchronizing object | QA-human-leg.002
Fra:1 Mem:15.55M (Peak 15.55M) | Time:00:00.00 | Mem:0.00M, Peak:0.00M | Scene, ViewLayer | Synchronizing object | QA-human-neck.001
Fra:1 Mem:15.59M (Peak 15.59M) | Time:00:00.00 | Mem:0.00M, Peak:0.00M | Scene, ViewLayer | Synchronizing object | QA-human-torso.001
Fra:1 Mem:15.60M (Peak 15.60M) | Time:00:00.00 | Mem:0.00M, Peak:0.00M | Scene, ViewLayer | Synchronizing object | Sphere
Fra:1 Mem:15.13M (Peak 15.60M) | Time:00:00.00 | Mem:0.00M, Peak:0.00M | Scene, ViewLayer | Synchronizing object | QA-human-arm.001
Fra:1 Mem:15.13M (Peak 15.60M) | Time:00:00.00 | Mem:0.00M, Peak:0.00M | Scene, ViewLayer | Synchronizing object | QA-human-arm
Fra:1 Mem:15.19M (Peak 15.60M) | Time:00:00.00 | Mem:0.00M, Peak:0.00M | Scene, ViewLayer | Synchronizing object | QA-human-leg.001
Fra:1 Mem:15.21M (Peak 15.60M) | Time:00:00.00 | Mem:0.00M, Peak:0.00M | Scene, ViewLayer | Synchronizing object | QA-human-leg
Fra:1 Mem:15.24M (Peak 15.60M) | Time:00:00.00 | Mem:0.00M, Peak:0.00M | Scene, ViewLayer | Synchronizing object | QA-human-neck
Fra:1 Mem:15.24M (Peak 15.60M) | Time:00:00.00 | Mem:0.00M, Peak:0.00M | Scene, ViewLayer | Synchronizing object | QA-human-torso
Fra:1 Mem:15.24M (Peak 15.60M) | Time:00:00.00 | Mem:0.00M, Peak:0.00M | Scene, ViewLayer | Synchronizing object | diffuser
Fra:1 Mem:15.21M (Peak 15.60M) | Time:00:00.00 | Mem:0.00M, Peak:0.00M | Scene, ViewLayer | Initializing
Fra:1 Mem:13.96M (Peak 15.60M) | Time:00:00.00 | Mem:0.00M, Peak:0.00M | Scene, ViewLayer | Waiting for render to start
Fra:1 Mem:13.96M (Peak 15.60M) | Time:00:00.00 | Mem:0.00M, Peak:0.00M | Scene, ViewLayer | Loading render kernels (may take a few minutes the first time)
Fra:1 Mem:13.96M (Peak 15.60M) | Time:00:00.00 | Mem:0.00M, Peak:0.00M | Scene, ViewLayer | Updating Scene
Fra:1 Mem:13.96M (Peak 15.60M) | Time:00:00.00 | Mem:0.00M, Peak:0.00M | Scene, ViewLayer | Updating Shaders
Fra:1 Mem:14.05M (Peak 15.60M) | Time:00:00.00 | Mem:0.01M, Peak:0.01M | Scene, ViewLayer | Updating Procedurals
Fra:1 Mem:14.05M (Peak 15.60M) | Time:00:00.00 | Mem:0.01M, Peak:0.01M | Scene, ViewLayer | Updating Background
Fra:1 Mem:14.05M (Peak 15.60M) | Time:00:00.00 | Mem:0.01M, Peak:0.01M | Scene, ViewLayer | Updating Camera
Fra:1 Mem:14.05M (Peak 15.60M) | Time:00:00.00 | Mem:0.01M, Peak:0.01M | Scene, ViewLayer | Updating Meshes Flags
Fra:1 Mem:14.05M (Peak 15.60M) | Time:00:00.00 | Mem:0.01M, Peak:0.01M | Scene, ViewLayer | Updating Objects
Fra:1 Mem:14.05M (Peak 15.60M) | Time:00:00.00 | Mem:0.01M, Peak:0.01M | Scene, ViewLayer | Updating Objects | Copying Transformations to device
Fra:1 Mem:14.06M (Peak 15.60M) | Time:00:00.00 | Mem:0.01M, Peak:0.01M | Scene, ViewLayer | Updating Objects | Applying Static Transformations
Fra:1 Mem:14.06M (Peak 15.60M) | Time:00:00.00 | Mem:0.01M, Peak:0.01M | Scene, ViewLayer | Updating Particle Systems
Fra:1 Mem:14.06M (Peak 15.60M) | Time:00:00.00 | Mem:0.01M, Peak:0.01M | Scene, ViewLayer | Updating Particle Systems | Copying Particles to device
Fra:1 Mem:14.06M (Peak 15.60M) | Time:00:00.00 | Mem:0.01M, Peak:0.01M | Scene, ViewLayer | Updating Meshes
Fra:1 Mem:14.08M (Peak 15.60M) | Time:00:00.00 | Mem:0.01M, Peak:0.01M | Scene, ViewLayer | Updating Mesh | Computing attributes
Fra:1 Mem:14.13M (Peak 15.60M) | Time:00:00.00 | Mem:0.01M, Peak:0.01M | Scene, ViewLayer | Updating Mesh | Copying Attributes to device
Fra:1 Mem:14.13M (Peak 15.60M) | Time:00:00.00 | Mem:0.06M, Peak:0.06M | Scene, ViewLayer | Updating Scene BVH | Building
Fra:1 Mem:14.13M (Peak 15.60M) | Time:00:00.00 | Mem:0.06M, Peak:0.06M | Scene, ViewLayer | Updating Scene BVH | Building BVH
Fra:1 Mem:14.13M (Peak 15.60M) | Time:00:00.00 | Mem:0.11M, Peak:0.11M | Scene, ViewLayer | Updating Scene BVH | Building BVH 0%
Fra:1 Mem:14.13M (Peak 15.60M) | Time:00:00.00 | Mem:0.18M, Peak:0.23M | Scene, ViewLayer | Updating Scene BVH | Copying BVH to device
Fra:1 Mem:14.13M (Peak 15.60M) | Time:00:00.00 | Mem:0.18M, Peak:0.23M | Scene, ViewLayer | Updating Mesh | Computing normals
Fra:1 Mem:14.29M (Peak 15.60M) | Time:00:00.00 | Mem:0.18M, Peak:0.23M | Scene, ViewLayer | Updating Mesh | Copying Mesh to device
Fra:1 Mem:14.29M (Peak 15.60M) | Time:00:00.00 | Mem:0.33M, Peak:0.33M | Scene, ViewLayer | Updating Objects Flags
Fra:1 Mem:14.29M (Peak 15.60M) | Time:00:00.00 | Mem:0.33M, Peak:0.33M | Scene, ViewLayer | Updating Primitive Offsets
Fra:1 Mem:14.29M (Peak 15.60M) | Time:00:00.00 | Mem:0.33M, Peak:0.33M | Scene, ViewLayer | Updating Images
Fra:1 Mem:14.29M (Peak 15.60M) | Time:00:00.00 | Mem:0.33M, Peak:0.33M | Scene, ViewLayer | Updating Camera Volume
Fra:1 Mem:14.29M (Peak 15.60M) | Time:00:00.00 | Mem:0.33M, Peak:0.33M | Scene, ViewLayer | Updating Lookup Tables
Fra:1 Mem:14.29M (Peak 15.60M) | Time:00:00.00 | Mem:0.42M, Peak:0.42M | Scene, ViewLayer | Updating Lights
Fra:1 Mem:14.29M (Peak 15.60M) | Time:00:00.00 | Mem:0.42M, Peak:0.42M | Scene, ViewLayer | Updating Lights | Computing tree
Fra:1 Mem:14.29M (Peak 15.60M) | Time:00:00.00 | Mem:0.42M, Peak:0.42M | Scene, ViewLayer | Updating Integrator
Fra:1 Mem:14.29M (Peak 15.60M) | Time:00:00.00 | Mem:0.42M, Peak:0.42M | Scene, ViewLayer | Updating Film
Fra:1 Mem:14.29M (Peak 15.60M) | Time:00:00.00 | Mem:0.34M, Peak:0.42M | Scene, ViewLayer | Updating Lookup Tables
Fra:1 Mem:14.29M (Peak 15.60M) | Time:00:00.00 | Mem:0.42M, Peak:0.42M | Scene, ViewLayer | Updating Baking
Fra:1 Mem:14.29M (Peak 15.60M) | Time:00:00.00 | Mem:0.42M, Peak:0.42M | Scene, ViewLayer | Updating Device | Writing constant memory
Fra:1 Mem:14.29M (Peak 15.60M) | Time:00:00.00 | Mem:0.42M, Peak:0.42M | Scene, ViewLayer | Sample 0/16
Fra:1 Mem:16.55M (Peak 16.55M) | Time:00:00.02 | Remaining:00:00.29 | Mem:2.67M, Peak:2.67M | Scene, ViewLayer | Sample 1/16
Fra:1 Mem:17.55M (Peak 19.55M) | Time:00:00.28 | Mem:2.67M, Peak:2.67M | Scene, ViewLayer | Sample 16/16
Fra:1 Mem:17.55M (Peak 19.55M) | Time:00:00.28 | Mem:2.67M, Peak:2.67M | Scene, ViewLayer | Finished
Saved: '/tmp/street-furniture-qa-4q7zi_2_/heritage-lamp.lod0.front.png'
Time: 00:00.29 (Saving: 00:00.00)

Extensions: writing cache failed ([Errno 30] Read-only file system: '/home/agent/.config/blender').
15:54:25 | INFO: Data are loaded, start creating Blender stuff
15:54:25 | INFO: Blender create Mesh node Cast lamp pedestal
15:54:25 | INFO: Blender create Mesh node Warm frosted lantern
15:54:25 | INFO: glTF import finished in 0.01s
Fra:1 Mem:14.94M (Peak 14.94M) | Time:00:00.00 | Mem:0.00M, Peak:0.00M | Scene, ViewLayer | Synchronizing object | metal
Fra:1 Mem:14.98M (Peak 14.98M) | Time:00:00.00 | Mem:0.00M, Peak:0.00M | Scene, ViewLayer | Synchronizing object | QA-ground-plane
Fra:1 Mem:15.01M (Peak 15.01M) | Time:00:00.00 | Mem:0.00M, Peak:0.00M | Scene, ViewLayer | Synchronizing object | QA-1m-ruler-tenth.009
Fra:1 Mem:15.01M (Peak 15.01M) | Time:00:00.00 | Mem:0.00M, Peak:0.00M | Scene, ViewLayer | Synchronizing object | QA-1m-ruler-tenth.008
Fra:1 Mem:15.01M (Peak 15.01M) | Time:00:00.00 | Mem:0.00M, Peak:0.00M | Scene, ViewLayer | Synchronizing object | QA-1m-ruler-tenth.007
Fra:1 Mem:15.01M (Peak 15.01M) | Time:00:00.00 | Mem:0.00M, Peak:0.00M | Scene, ViewLayer | Synchronizing object | QA-1m-ruler-tenth.006
Fra:1 Mem:15.43M (Peak 15.43M) | Time:00:00.00 | Mem:0.00M, Peak:0.00M | Scene, ViewLayer | Synchronizing object | QA-1m-ruler-tenth.005
Fra:1 Mem:15.43M (Peak 15.43M) | Time:00:00.00 | Mem:0.00M, Peak:0.00M | Scene, ViewLayer | Synchronizing object | QA-1m-ruler-tenth.004
Fra:1 Mem:15.44M (Peak 15.44M) | Time:00:00.00 | Mem:0.00M, Peak:0.00M | Scene, ViewLayer | Synchronizing object | QA-1m-ruler-tenth.003
Fra:1 Mem:15.44M (Peak 15.44M) | Time:00:00.00 | Mem:0.00M, Peak:0.00M | Scene, ViewLayer | Synchronizing object | QA-1m-ruler-tenth.002
Fra:1 Mem:15.44M (Peak 15.44M) | Time:00:00.00 | Mem:0.00M, Peak:0.00M | Scene, ViewLayer | Synchronizing object | QA-1m-ruler-tenth.001
Fra:1 Mem:15.44M (Peak 15.44M) | Time:00:00.00 | Mem:0.00M, Peak:0.00M | Scene, ViewLayer | Synchronizing object | QA-1m-ruler-tenth
Fra:1 Mem:15.44M (Peak 15.44M) | Time:00:00.00 | Mem:0.00M, Peak:0.00M | Scene, ViewLayer | Synchronizing object | Sphere.001
Fra:1 Mem:15.45M (Peak 15.45M) | Time:00:00.00 | Mem:0.00M, Peak:0.00M | Scene, ViewLayer | Synchronizing object | QA-human-arm.003
Fra:1 Mem:15.46M (Peak 15.46M) | Time:00:00.00 | Mem:0.00M, Peak:0.00M | Scene, ViewLayer | Synchronizing object | QA-human-arm.002
Fra:1 Mem:15.48M (Peak 15.48M) | Time:00:00.00 | Mem:0.00M, Peak:0.00M | Scene, ViewLayer | Synchronizing object | QA-human-leg.003
Fra:1 Mem:15.51M (Peak 15.51M) | Time:00:00.00 | Mem:0.00M, Peak:0.00M | Scene, ViewLayer | Synchronizing object | QA-human-leg.002
Fra:1 Mem:15.53M (Peak 15.53M) | Time:00:00.00 | Mem:0.00M, Peak:0.00M | Scene, ViewLayer | Synchronizing object | QA-human-neck.001
Fra:1 Mem:15.55M (Peak 15.55M) | Time:00:00.00 | Mem:0.00M, Peak:0.00M | Scene, ViewLayer | Synchronizing object | QA-human-torso.001
Fra:1 Mem:15.55M (Peak 15.55M) | Time:00:00.00 | Mem:0.00M, Peak:0.00M | Scene, ViewLayer | Synchronizing object | Sphere
Fra:1 Mem:15.56M (Peak 15.56M) | Time:00:00.00 | Mem:0.00M, Peak:0.00M | Scene, ViewLayer | Synchronizing object | QA-human-arm.001
Fra:1 Mem:15.55M (Peak 15.56M) | Time:00:00.00 | Mem:0.00M, Peak:0.00M | Scene, ViewLayer | Synchronizing object | QA-human-arm
Fra:1 Mem:15.55M (Peak 15.56M) | Time:00:00.00 | Mem:0.00M, Peak:0.00M | Scene, ViewLayer | Synchronizing object | QA-human-leg.001
Fra:1 Mem:15.55M (Peak 15.56M) | Time:00:00.00 | Mem:0.00M, Peak:0.00M | Scene, ViewLayer | Synchronizing object | QA-human-leg
Fra:1 Mem:15.55M (Peak 15.56M) | Time:00:00.00 | Mem:0.00M, Peak:0.00M | Scene, ViewLayer | Synchronizing object | QA-human-neck
Fra:1 Mem:15.56M (Peak 15.56M) | Time:00:00.00 | Mem:0.00M, Peak:0.00M | Scene, ViewLayer | Synchronizing object | QA-human-torso
Fra:1 Mem:15.57M (Peak 15.57M) | Time:00:00.00 | Mem:0.00M, Peak:0.00M | Scene, ViewLayer | Synchronizing object | diffuser
Fra:1 Mem:15.21M (Peak 15.57M) | Time:00:00.00 | Mem:0.00M, Peak:0.00M | Scene, ViewLayer | Initializing
Fra:1 Mem:13.96M (Peak 15.57M) | Time:00:00.00 | Mem:0.00M, Peak:0.00M | Scene, ViewLayer | Waiting for render to start
Fra:1 Mem:13.96M (Peak 15.57M) | Time:00:00.00 | Mem:0.00M, Peak:0.00M | Scene, ViewLayer | Loading render kernels (may take a few minutes the first time)
Fra:1 Mem:13.96M (Peak 15.57M) | Time:00:00.00 | Mem:0.00M, Peak:0.00M | Scene, ViewLayer | Updating Scene
Fra:1 Mem:13.96M (Peak 15.57M) | Time:00:00.00 | Mem:0.00M, Peak:0.00M | Scene, ViewLayer | Updating Shaders
Fra:1 Mem:14.05M (Peak 15.57M) | Time:00:00.00 | Mem:0.01M, Peak:0.01M | Scene, ViewLayer | Updating Procedurals
Fra:1 Mem:14.05M (Peak 15.57M) | Time:00:00.00 | Mem:0.01M, Peak:0.01M | Scene, ViewLayer | Updating Background
Fra:1 Mem:14.05M (Peak 15.57M) | Time:00:00.00 | Mem:0.01M, Peak:0.01M | Scene, ViewLayer | Updating Camera
Fra:1 Mem:14.05M (Peak 15.57M) | Time:00:00.00 | Mem:0.01M, Peak:0.01M | Scene, ViewLayer | Updating Meshes Flags
Fra:1 Mem:14.05M (Peak 15.57M) | Time:00:00.00 | Mem:0.01M, Peak:0.01M | Scene, ViewLayer | Updating Objects
Fra:1 Mem:14.05M (Peak 15.57M) | Time:00:00.00 | Mem:0.01M, Peak:0.01M | Scene, ViewLayer | Updating Objects | Copying Transformations to device
Fra:1 Mem:14.06M (Peak 15.57M) | Time:00:00.00 | Mem:0.01M, Peak:0.01M | Scene, ViewLayer | Updating Objects | Applying Static Transformations
Fra:1 Mem:14.06M (Peak 15.57M) | Time:00:00.00 | Mem:0.01M, Peak:0.01M | Scene, ViewLayer | Updating Particle Systems
Fra:1 Mem:14.06M (Peak 15.57M) | Time:00:00.00 | Mem:0.01M, Peak:0.01M | Scene, ViewLayer | Updating Particle Systems | Copying Particles to device
Fra:1 Mem:14.06M (Peak 15.57M) | Time:00:00.00 | Mem:0.01M, Peak:0.01M | Scene, ViewLayer | Updating Meshes
Fra:1 Mem:14.08M (Peak 15.57M) | Time:00:00.00 | Mem:0.01M, Peak:0.01M | Scene, ViewLayer | Updating Mesh | Computing attributes
Fra:1 Mem:14.13M (Peak 15.57M) | Time:00:00.00 | Mem:0.01M, Peak:0.01M | Scene, ViewLayer | Updating Mesh | Copying Attributes to device
Fra:1 Mem:14.13M (Peak 15.57M) | Time:00:00.00 | Mem:0.06M, Peak:0.06M | Scene, ViewLayer | Updating Scene BVH | Building
Fra:1 Mem:14.13M (Peak 15.57M) | Time:00:00.00 | Mem:0.06M, Peak:0.06M | Scene, ViewLayer | Updating Scene BVH | Building BVH
Fra:1 Mem:14.13M (Peak 15.57M) | Time:00:00.00 | Mem:0.11M, Peak:0.11M | Scene, ViewLayer | Updating Scene BVH | Building BVH 0%
Fra:1 Mem:14.13M (Peak 15.57M) | Time:00:00.00 | Mem:0.18M, Peak:0.23M | Scene, ViewLayer | Updating Scene BVH | Copying BVH to device
Fra:1 Mem:14.13M (Peak 15.57M) | Time:00:00.00 | Mem:0.18M, Peak:0.23M | Scene, ViewLayer | Updating Mesh | Computing normals
Fra:1 Mem:14.29M (Peak 15.57M) | Time:00:00.00 | Mem:0.18M, Peak:0.23M | Scene, ViewLayer | Updating Mesh | Copying Mesh to device
Fra:1 Mem:14.29M (Peak 15.57M) | Time:00:00.00 | Mem:0.33M, Peak:0.33M | Scene, ViewLayer | Updating Objects Flags
Fra:1 Mem:14.29M (Peak 15.57M) | Time:00:00.00 | Mem:0.33M, Peak:0.33M | Scene, ViewLayer | Updating Primitive Offsets
Fra:1 Mem:14.29M (Peak 15.57M) | Time:00:00.00 | Mem:0.33M, Peak:0.33M | Scene, ViewLayer | Updating Images
Fra:1 Mem:14.29M (Peak 15.57M) | Time:00:00.00 | Mem:0.33M, Peak:0.33M | Scene, ViewLayer | Updating Camera Volume
Fra:1 Mem:14.29M (Peak 15.57M) | Time:00:00.00 | Mem:0.33M, Peak:0.33M | Scene, ViewLayer | Updating Lookup Tables
Fra:1 Mem:14.29M (Peak 15.57M) | Time:00:00.00 | Mem:0.42M, Peak:0.42M | Scene, ViewLayer | Updating Lights
Fra:1 Mem:14.29M (Peak 15.57M) | Time:00:00.00 | Mem:0.42M, Peak:0.42M | Scene, ViewLayer | Updating Lights | Computing tree
Fra:1 Mem:14.29M (Peak 15.57M) | Time:00:00.00 | Mem:0.42M, Peak:0.42M | Scene, ViewLayer | Updating Integrator
Fra:1 Mem:14.29M (Peak 15.57M) | Time:00:00.00 | Mem:0.42M, Peak:0.42M | Scene, ViewLayer | Updating Film
Fra:1 Mem:14.29M (Peak 15.57M) | Time:00:00.00 | Mem:0.34M, Peak:0.42M | Scene, ViewLayer | Updating Lookup Tables
Fra:1 Mem:14.29M (Peak 15.57M) | Time:00:00.00 | Mem:0.42M, Peak:0.42M | Scene, ViewLayer | Updating Baking
Fra:1 Mem:14.29M (Peak 15.57M) | Time:00:00.00 | Mem:0.42M, Peak:0.42M | Scene, ViewLayer | Updating Device | Writing constant memory
Fra:1 Mem:14.29M (Peak 15.57M) | Time:00:00.00 | Mem:0.42M, Peak:0.42M | Scene, ViewLayer | Sample 0/16
Fra:1 Mem:16.55M (Peak 16.55M) | Time:00:00.01 | Remaining:00:00.22 | Mem:2.67M, Peak:2.67M | Scene, ViewLayer | Sample 1/16
Fra:1 Mem:17.55M (Peak 19.55M) | Time:00:00.19 | Mem:2.67M, Peak:2.67M | Scene, ViewLayer | Sample 16/16
Fra:1 Mem:17.55M (Peak 19.55M) | Time:00:00.19 | Mem:2.67M, Peak:2.67M | Scene, ViewLayer | Finished
Saved: '/tmp/street-furniture-qa-4q7zi_2_/heritage-lamp.lod0.side.png'
Time: 00:00.20 (Saving: 00:00.00)

Extensions: writing cache failed ([Errno 30] Read-only file system: '/home/agent/.config/blender').
15:54:25 | INFO: Data are loaded, start creating Blender stuff
15:54:25 | INFO: Blender create Mesh node Cast lamp pedestal
15:54:25 | INFO: Blender create Mesh node Warm frosted lantern
15:54:25 | INFO: glTF import finished in 0.01s
Fra:1 Mem:14.94M (Peak 14.94M) | Time:00:00.00 | Mem:0.00M, Peak:0.00M | Scene, ViewLayer | Synchronizing object | metal
Fra:1 Mem:15.01M (Peak 15.01M) | Time:00:00.00 | Mem:0.00M, Peak:0.00M | Scene, ViewLayer | Synchronizing object | QA-ground-plane
Fra:1 Mem:15.43M (Peak 15.43M) | Time:00:00.00 | Mem:0.00M, Peak:0.00M | Scene, ViewLayer | Synchronizing object | QA-1m-ruler-tenth.009
Fra:1 Mem:15.43M (Peak 15.43M) | Time:00:00.00 | Mem:0.00M, Peak:0.00M | Scene, ViewLayer | Synchronizing object | QA-1m-ruler-tenth.008
Fra:1 Mem:15.43M (Peak 15.43M) | Time:00:00.00 | Mem:0.00M, Peak:0.00M | Scene, ViewLayer | Synchronizing object | QA-1m-ruler-tenth.007
Fra:1 Mem:15.43M (Peak 15.43M) | Time:00:00.00 | Mem:0.00M, Peak:0.00M | Scene, ViewLayer | Synchronizing object | QA-1m-ruler-tenth.006
Fra:1 Mem:15.43M (Peak 15.43M) | Time:00:00.00 | Mem:0.00M, Peak:0.00M | Scene, ViewLayer | Synchronizing object | QA-1m-ruler-tenth.005
Fra:1 Mem:15.43M (Peak 15.43M) | Time:00:00.00 | Mem:0.00M, Peak:0.00M | Scene, ViewLayer | Synchronizing object | QA-1m-ruler-tenth.004
Fra:1 Mem:15.44M (Peak 15.44M) | Time:00:00.00 | Mem:0.00M, Peak:0.00M | Scene, ViewLayer | Synchronizing object | QA-1m-ruler-tenth.003
Fra:1 Mem:15.44M (Peak 15.44M) | Time:00:00.00 | Mem:0.00M, Peak:0.00M | Scene, ViewLayer | Synchronizing object | QA-1m-ruler-tenth.002
Fra:1 Mem:15.44M (Peak 15.44M) | Time:00:00.00 | Mem:0.00M, Peak:0.00M | Scene, ViewLayer | Synchronizing object | QA-1m-ruler-tenth.001
Fra:1 Mem:15.44M (Peak 15.44M) | Time:00:00.00 | Mem:0.00M, Peak:0.00M | Scene, ViewLayer | Synchronizing object | QA-1m-ruler-tenth
Fra:1 Mem:15.44M (Peak 15.44M) | Time:00:00.00 | Mem:0.00M, Peak:0.00M | Scene, ViewLayer | Synchronizing object | Sphere.001
Fra:1 Mem:15.45M (Peak 15.45M) | Time:00:00.00 | Mem:0.00M, Peak:0.00M | Scene, ViewLayer | Synchronizing object | QA-human-arm.003
Fra:1 Mem:15.45M (Peak 15.45M) | Time:00:00.00 | Mem:0.00M, Peak:0.00M | Scene, ViewLayer | Synchronizing object | QA-human-arm.002
Fra:1 Mem:15.46M (Peak 15.46M) | Time:00:00.00 | Mem:0.00M, Peak:0.00M | Scene, ViewLayer | Synchronizing object | QA-human-leg.003
Fra:1 Mem:15.47M (Peak 15.47M) | Time:00:00.00 | Mem:0.00M, Peak:0.00M | Scene, ViewLayer | Synchronizing object | QA-human-leg.002
Fra:1 Mem:15.48M (Peak 15.48M) | Time:00:00.00 | Mem:0.00M, Peak:0.00M | Scene, ViewLayer | Synchronizing object | QA-human-neck.001
Fra:1 Mem:15.48M (Peak 15.48M) | Time:00:00.00 | Mem:0.00M, Peak:0.00M | Scene, ViewLayer | Synchronizing object | QA-human-torso.001
Fra:1 Mem:15.53M (Peak 15.53M) | Time:00:00.00 | Mem:0.00M, Peak:0.00M | Scene, ViewLayer | Synchronizing object | Sphere
Fra:1 Mem:15.56M (Peak 15.56M) | Time:00:00.00 | Mem:0.00M, Peak:0.00M | Scene, ViewLayer | Synchronizing object | QA-human-arm.001
Fra:1 Mem:15.56M (Peak 15.56M) | Time:00:00.00 | Mem:0.00M, Peak:0.00M | Scene, ViewLayer | Synchronizing object | QA-human-arm
Fra:1 Mem:15.56M (Peak 15.56M) | Time:00:00.00 | Mem:0.00M, Peak:0.00M | Scene, ViewLayer | Synchronizing object | QA-human-leg.001
Fra:1 Mem:15.55M (Peak 15.56M) | Time:00:00.00 | Mem:0.00M, Peak:0.00M | Scene, ViewLayer | Synchronizing object | QA-human-leg
Fra:1 Mem:15.55M (Peak 15.56M) | Time:00:00.00 | Mem:0.00M, Peak:0.00M | Scene, ViewLayer | Synchronizing object | QA-human-neck
Fra:1 Mem:15.56M (Peak 15.56M) | Time:00:00.00 | Mem:0.00M, Peak:0.00M | Scene, ViewLayer | Synchronizing object | QA-human-torso
Fra:1 Mem:15.59M (Peak 15.59M) | Time:00:00.00 | Mem:0.00M, Peak:0.00M | Scene, ViewLayer | Synchronizing object | diffuser
Fra:1 Mem:15.21M (Peak 15.59M) | Time:00:00.00 | Mem:0.00M, Peak:0.00M | Scene, ViewLayer | Initializing
Fra:1 Mem:13.96M (Peak 15.59M) | Time:00:00.00 | Mem:0.00M, Peak:0.00M | Scene, ViewLayer | Waiting for render to start
Fra:1 Mem:13.96M (Peak 15.59M) | Time:00:00.00 | Mem:0.00M, Peak:0.00M | Scene, ViewLayer | Loading render kernels (may take a few minutes the first time)
Fra:1 Mem:13.96M (Peak 15.59M) | Time:00:00.00 | Mem:0.00M, Peak:0.00M | Scene, ViewLayer | Updating Scene
Fra:1 Mem:13.96M (Peak 15.59M) | Time:00:00.00 | Mem:0.00M, Peak:0.00M | Scene, ViewLayer | Updating Shaders
Fra:1 Mem:14.05M (Peak 15.59M) | Time:00:00.00 | Mem:0.01M, Peak:0.01M | Scene, ViewLayer | Updating Procedurals
Fra:1 Mem:14.05M (Peak 15.59M) | Time:00:00.00 | Mem:0.01M, Peak:0.01M | Scene, ViewLayer | Updating Background
Fra:1 Mem:14.05M (Peak 15.59M) | Time:00:00.00 | Mem:0.01M, Peak:0.01M | Scene, ViewLayer | Updating Camera
Fra:1 Mem:14.05M (Peak 15.59M) | Time:00:00.00 | Mem:0.01M, Peak:0.01M | Scene, ViewLayer | Updating Meshes Flags
Fra:1 Mem:14.05M (Peak 15.59M) | Time:00:00.00 | Mem:0.01M, Peak:0.01M | Scene, ViewLayer | Updating Objects
Fra:1 Mem:14.05M (Peak 15.59M) | Time:00:00.00 | Mem:0.01M, Peak:0.01M | Scene, ViewLayer | Updating Objects | Copying Transformations to device
Fra:1 Mem:14.06M (Peak 15.59M) | Time:00:00.00 | Mem:0.01M, Peak:0.01M | Scene, ViewLayer | Updating Objects | Applying Static Transformations
Fra:1 Mem:14.06M (Peak 15.59M) | Time:00:00.00 | Mem:0.01M, Peak:0.01M | Scene, ViewLayer | Updating Particle Systems
Fra:1 Mem:14.06M (Peak 15.59M) | Time:00:00.00 | Mem:0.01M, Peak:0.01M | Scene, ViewLayer | Updating Particle Systems | Copying Particles to device
Fra:1 Mem:14.06M (Peak 15.59M) | Time:00:00.00 | Mem:0.01M, Peak:0.01M | Scene, ViewLayer | Updating Meshes
Fra:1 Mem:14.08M (Peak 15.59M) | Time:00:00.00 | Mem:0.01M, Peak:0.01M | Scene, ViewLayer | Updating Mesh | Computing attributes
Fra:1 Mem:14.13M (Peak 15.59M) | Time:00:00.00 | Mem:0.01M, Peak:0.01M | Scene, ViewLayer | Updating Mesh | Copying Attributes to device
Fra:1 Mem:14.13M (Peak 15.59M) | Time:00:00.00 | Mem:0.06M, Peak:0.06M | Scene, ViewLayer | Updating Scene BVH | Building
Fra:1 Mem:14.13M (Peak 15.59M) | Time:00:00.00 | Mem:0.06M, Peak:0.06M | Scene, ViewLayer | Updating Scene BVH | Building BVH
Fra:1 Mem:14.13M (Peak 15.59M) | Time:00:00.00 | Mem:0.11M, Peak:0.11M | Scene, ViewLayer | Updating Scene BVH | Building BVH 0%
Fra:1 Mem:14.13M (Peak 15.59M) | Time:00:00.00 | Mem:0.18M, Peak:0.23M | Scene, ViewLayer | Updating Scene BVH | Copying BVH to device
Fra:1 Mem:14.13M (Peak 15.59M) | Time:00:00.00 | Mem:0.18M, Peak:0.23M | Scene, ViewLayer | Updating Mesh | Computing normals
Fra:1 Mem:14.29M (Peak 15.59M) | Time:00:00.00 | Mem:0.18M, Peak:0.23M | Scene, ViewLayer | Updating Mesh | Copying Mesh to device
Fra:1 Mem:14.29M (Peak 15.59M) | Time:00:00.00 | Mem:0.33M, Peak:0.33M | Scene, ViewLayer | Updating Objects Flags
Fra:1 Mem:14.29M (Peak 15.59M) | Time:00:00.00 | Mem:0.33M, Peak:0.33M | Scene, ViewLayer | Updating Primitive Offsets
Fra:1 Mem:14.29M (Peak 15.59M) | Time:00:00.00 | Mem:0.33M, Peak:0.33M | Scene, ViewLayer | Updating Images
Fra:1 Mem:14.29M (Peak 15.59M) | Time:00:00.00 | Mem:0.33M, Peak:0.33M | Scene, ViewLayer | Updating Camera Volume
Fra:1 Mem:14.29M (Peak 15.59M) | Time:00:00.00 | Mem:0.33M, Peak:0.33M | Scene, ViewLayer | Updating Lookup Tables
Fra:1 Mem:14.29M (Peak 15.59M) | Time:00:00.00 | Mem:0.42M, Peak:0.42M | Scene, ViewLayer | Updating Lights
Fra:1 Mem:14.29M (Peak 15.59M) | Time:00:00.00 | Mem:0.42M, Peak:0.42M | Scene, ViewLayer | Updating Lights | Computing tree
Fra:1 Mem:14.29M (Peak 15.59M) | Time:00:00.00 | Mem:0.42M, Peak:0.42M | Scene, ViewLayer | Updating Integrator
Fra:1 Mem:14.29M (Peak 15.59M) | Time:00:00.00 | Mem:0.42M, Peak:0.42M | Scene, ViewLayer | Updating Film
Fra:1 Mem:14.29M (Peak 15.59M) | Time:00:00.00 | Mem:0.34M, Peak:0.42M | Scene, ViewLayer | Updating Lookup Tables
Fra:1 Mem:14.29M (Peak 15.59M) | Time:00:00.00 | Mem:0.42M, Peak:0.42M | Scene, ViewLayer | Updating Baking
Fra:1 Mem:14.29M (Peak 15.59M) | Time:00:00.00 | Mem:0.42M, Peak:0.42M | Scene, ViewLayer | Updating Device | Writing constant memory
Fra:1 Mem:14.29M (Peak 15.59M) | Time:00:00.00 | Mem:0.42M, Peak:0.42M | Scene, ViewLayer | Sample 0/16
Fra:1 Mem:16.55M (Peak 16.55M) | Time:00:00.02 | Remaining:00:00.27 | Mem:2.67M, Peak:2.67M | Scene, ViewLayer | Sample 1/16
Fra:1 Mem:17.55M (Peak 19.55M) | Time:00:00.24 | Mem:2.67M, Peak:2.67M | Scene, ViewLayer | Sample 16/16
Fra:1 Mem:17.55M (Peak 19.55M) | Time:00:00.24 | Mem:2.67M, Peak:2.67M | Scene, ViewLayer | Finished
Saved: '/tmp/street-furniture-qa-4q7zi_2_/heritage-lamp.lod0.rear.png'
Time: 00:00.25 (Saving: 00:00.00)

Extensions: writing cache failed ([Errno 30] Read-only file system: '/home/agent/.config/blender').
15:54:25 | INFO: Data are loaded, start creating Blender stuff
15:54:25 | INFO: Blender create Mesh node Cast lamp pedestal
15:54:25 | INFO: Blender create Mesh node Warm frosted lantern
15:54:25 | INFO: glTF import finished in 0.01s
Fra:1 Mem:14.94M (Peak 14.94M) | Time:00:00.00 | Mem:0.00M, Peak:0.00M | Scene, ViewLayer | Synchronizing object | metal
Fra:1 Mem:15.01M (Peak 15.01M) | Time:00:00.00 | Mem:0.00M, Peak:0.00M | Scene, ViewLayer | Synchronizing object | QA-ground-plane
Fra:1 Mem:15.43M (Peak 15.43M) | Time:00:00.00 | Mem:0.00M, Peak:0.00M | Scene, ViewLayer | Synchronizing object | QA-1m-ruler-tenth.009
Fra:1 Mem:15.43M (Peak 15.43M) | Time:00:00.00 | Mem:0.00M, Peak:0.00M | Scene, ViewLayer | Synchronizing object | QA-1m-ruler-tenth.008
Fra:1 Mem:15.43M (Peak 15.43M) | Time:00:00.00 | Mem:0.00M, Peak:0.00M | Scene, ViewLayer | Synchronizing object | QA-1m-ruler-tenth.007
Fra:1 Mem:15.43M (Peak 15.43M) | Time:00:00.00 | Mem:0.00M, Peak:0.00M | Scene, ViewLayer | Synchronizing object | QA-1m-ruler-tenth.006
Fra:1 Mem:15.43M (Peak 15.43M) | Time:00:00.00 | Mem:0.00M, Peak:0.00M | Scene, ViewLayer | Synchronizing object | QA-1m-ruler-tenth.005
Fra:1 Mem:15.44M (Peak 15.44M) | Time:00:00.00 | Mem:0.00M, Peak:0.00M | Scene, ViewLayer | Synchronizing object | QA-1m-ruler-tenth.004
Fra:1 Mem:15.44M (Peak 15.44M) | Time:00:00.00 | Mem:0.00M, Peak:0.00M | Scene, ViewLayer | Synchronizing object | QA-1m-ruler-tenth.003
Fra:1 Mem:15.44M (Peak 15.44M) | Time:00:00.00 | Mem:0.00M, Peak:0.00M | Scene, ViewLayer | Synchronizing object | QA-1m-ruler-tenth.002
Fra:1 Mem:15.45M (Peak 15.45M) | Time:00:00.00 | Mem:0.00M, Peak:0.00M | Scene, ViewLayer | Synchronizing object | QA-1m-ruler-tenth.001
Fra:1 Mem:15.47M (Peak 15.47M) | Time:00:00.00 | Mem:0.00M, Peak:0.00M | Scene, ViewLayer | Synchronizing object | QA-1m-ruler-tenth
Fra:1 Mem:15.47M (Peak 15.47M) | Time:00:00.00 | Mem:0.00M, Peak:0.00M | Scene, ViewLayer | Synchronizing object | Sphere.001
Fra:1 Mem:15.55M (Peak 15.55M) | Time:00:00.00 | Mem:0.00M, Peak:0.00M | Scene, ViewLayer | Synchronizing object | QA-human-arm.003
Fra:1 Mem:15.55M (Peak 15.55M) | Time:00:00.00 | Mem:0.00M, Peak:0.00M | Scene, ViewLayer | Synchronizing object | QA-human-arm.002
Fra:1 Mem:15.55M (Peak 15.55M) | Time:00:00.00 | Mem:0.00M, Peak:0.00M | Scene, ViewLayer | Synchronizing object | QA-human-leg.003
Fra:1 Mem:15.55M (Peak 15.55M) | Time:00:00.00 | Mem:0.00M, Peak:0.00M | Scene, ViewLayer | Synchronizing object | QA-human-leg.002
Fra:1 Mem:15.55M (Peak 15.55M) | Time:00:00.00 | Mem:0.00M, Peak:0.00M | Scene, ViewLayer | Synchronizing object | QA-human-neck.001
Fra:1 Mem:15.54M (Peak 15.55M) | Time:00:00.00 | Mem:0.00M, Peak:0.00M | Scene, ViewLayer | Synchronizing object | QA-human-torso.001
Fra:1 Mem:15.54M (Peak 15.55M) | Time:00:00.00 | Mem:0.00M, Peak:0.00M | Scene, ViewLayer | Synchronizing object | Sphere
Fra:1 Mem:15.55M (Peak 15.55M) | Time:00:00.00 | Mem:0.00M, Peak:0.00M | Scene, ViewLayer | Synchronizing object | QA-human-arm.001
Fra:1 Mem:15.58M (Peak 15.58M) | Time:00:00.00 | Mem:0.00M, Peak:0.00M | Scene, ViewLayer | Synchronizing object | QA-human-arm
Fra:1 Mem:15.56M (Peak 15.58M) | Time:00:00.00 | Mem:0.00M, Peak:0.00M | Scene, ViewLayer | Synchronizing object | QA-human-leg.001
Fra:1 Mem:15.57M (Peak 15.58M) | Time:00:00.00 | Mem:0.00M, Peak:0.00M | Scene, ViewLayer | Synchronizing object | QA-human-leg
Fra:1 Mem:15.61M (Peak 15.61M) | Time:00:00.00 | Mem:0.00M, Peak:0.00M | Scene, ViewLayer | Synchronizing object | QA-human-neck
Fra:1 Mem:15.61M (Peak 15.61M) | Time:00:00.00 | Mem:0.00M, Peak:0.00M | Scene, ViewLayer | Synchronizing object | QA-human-torso
Fra:1 Mem:15.58M (Peak 15.61M) | Time:00:00.00 | Mem:0.00M, Peak:0.00M | Scene, ViewLayer | Synchronizing object | diffuser
Fra:1 Mem:15.21M (Peak 15.61M) | Time:00:00.00 | Mem:0.00M, Peak:0.00M | Scene, ViewLayer | Initializing
Fra:1 Mem:13.96M (Peak 15.61M) | Time:00:00.00 | Mem:0.00M, Peak:0.00M | Scene, ViewLayer | Waiting for render to start
Fra:1 Mem:13.96M (Peak 15.61M) | Time:00:00.00 | Mem:0.00M, Peak:0.00M | Scene, ViewLayer | Loading render kernels (may take a few minutes the first time)
Fra:1 Mem:13.96M (Peak 15.61M) | Time:00:00.00 | Mem:0.00M, Peak:0.00M | Scene, ViewLayer | Updating Scene
Fra:1 Mem:13.96M (Peak 15.61M) | Time:00:00.00 | Mem:0.00M, Peak:0.00M | Scene, ViewLayer | Updating Shaders
Fra:1 Mem:14.05M (Peak 15.61M) | Time:00:00.00 | Mem:0.01M, Peak:0.01M | Scene, ViewLayer | Updating Procedurals
Fra:1 Mem:14.05M (Peak 15.61M) | Time:00:00.00 | Mem:0.01M, Peak:0.01M | Scene, ViewLayer | Updating Background
Fra:1 Mem:14.05M (Peak 15.61M) | Time:00:00.00 | Mem:0.01M, Peak:0.01M | Scene, ViewLayer | Updating Camera
Fra:1 Mem:14.05M (Peak 15.61M) | Time:00:00.00 | Mem:0.01M, Peak:0.01M | Scene, ViewLayer | Updating Meshes Flags
Fra:1 Mem:14.05M (Peak 15.61M) | Time:00:00.00 | Mem:0.01M, Peak:0.01M | Scene, ViewLayer | Updating Objects
Fra:1 Mem:14.05M (Peak 15.61M) | Time:00:00.00 | Mem:0.01M, Peak:0.01M | Scene, ViewLayer | Updating Objects | Copying Transformations to device
Fra:1 Mem:14.06M (Peak 15.61M) | Time:00:00.00 | Mem:0.01M, Peak:0.01M | Scene, ViewLayer | Updating Objects | Applying Static Transformations
Fra:1 Mem:14.06M (Peak 15.61M) | Time:00:00.00 | Mem:0.01M, Peak:0.01M | Scene, ViewLayer | Updating Particle Systems
Fra:1 Mem:14.06M (Peak 15.61M) | Time:00:00.00 | Mem:0.01M, Peak:0.01M | Scene, ViewLayer | Updating Particle Systems | Copying Particles to device
Fra:1 Mem:14.06M (Peak 15.61M) | Time:00:00.00 | Mem:0.01M, Peak:0.01M | Scene, ViewLayer | Updating Meshes
Fra:1 Mem:14.08M (Peak 15.61M) | Time:00:00.00 | Mem:0.01M, Peak:0.01M | Scene, ViewLayer | Updating Mesh | Computing attributes
Fra:1 Mem:14.13M (Peak 15.61M) | Time:00:00.00 | Mem:0.01M, Peak:0.01M | Scene, ViewLayer | Updating Mesh | Copying Attributes to device
Fra:1 Mem:14.13M (Peak 15.61M) | Time:00:00.00 | Mem:0.06M, Peak:0.06M | Scene, ViewLayer | Updating Scene BVH | Building
Fra:1 Mem:14.13M (Peak 15.61M) | Time:00:00.00 | Mem:0.06M, Peak:0.06M | Scene, ViewLayer | Updating Scene BVH | Building BVH
Fra:1 Mem:14.13M (Peak 15.61M) | Time:00:00.00 | Mem:0.11M, Peak:0.11M | Scene, ViewLayer | Updating Scene BVH | Building BVH 0%
Fra:1 Mem:14.13M (Peak 15.61M) | Time:00:00.00 | Mem:0.18M, Peak:0.23M | Scene, ViewLayer | Updating Scene BVH | Copying BVH to device
Fra:1 Mem:14.13M (Peak 15.61M) | Time:00:00.00 | Mem:0.18M, Peak:0.23M | Scene, ViewLayer | Updating Mesh | Computing normals
Fra:1 Mem:14.29M (Peak 15.61M) | Time:00:00.00 | Mem:0.18M, Peak:0.23M | Scene, ViewLayer | Updating Mesh | Copying Mesh to device
Fra:1 Mem:14.29M (Peak 15.61M) | Time:00:00.00 | Mem:0.33M, Peak:0.33M | Scene, ViewLayer | Updating Objects Flags
Fra:1 Mem:14.29M (Peak 15.61M) | Time:00:00.00 | Mem:0.33M, Peak:0.33M | Scene, ViewLayer | Updating Primitive Offsets
Fra:1 Mem:14.29M (Peak 15.61M) | Time:00:00.00 | Mem:0.33M, Peak:0.33M | Scene, ViewLayer | Updating Images
Fra:1 Mem:14.29M (Peak 15.61M) | Time:00:00.00 | Mem:0.33M, Peak:0.33M | Scene, ViewLayer | Updating Camera Volume
Fra:1 Mem:14.29M (Peak 15.61M) | Time:00:00.00 | Mem:0.33M, Peak:0.33M | Scene, ViewLayer | Updating Lookup Tables
Fra:1 Mem:14.29M (Peak 15.61M) | Time:00:00.00 | Mem:0.42M, Peak:0.42M | Scene, ViewLayer | Updating Lights
Fra:1 Mem:14.29M (Peak 15.61M) | Time:00:00.00 | Mem:0.42M, Peak:0.42M | Scene, ViewLayer | Updating Lights | Computing tree
Fra:1 Mem:14.29M (Peak 15.61M) | Time:00:00.00 | Mem:0.42M, Peak:0.42M | Scene, ViewLayer | Updating Integrator
Fra:1 Mem:14.29M (Peak 15.61M) | Time:00:00.00 | Mem:0.42M, Peak:0.42M | Scene, ViewLayer | Updating Film
Fra:1 Mem:14.29M (Peak 15.61M) | Time:00:00.00 | Mem:0.34M, Peak:0.42M | Scene, ViewLayer | Updating Lookup Tables
Fra:1 Mem:14.29M (Peak 15.61M) | Time:00:00.00 | Mem:0.42M, Peak:0.42M | Scene, ViewLayer | Updating Baking
Fra:1 Mem:14.29M (Peak 15.61M) | Time:00:00.00 | Mem:0.42M, Peak:0.42M | Scene, ViewLayer | Updating Device | Writing constant memory
Fra:1 Mem:14.29M (Peak 15.61M) | Time:00:00.00 | Mem:0.42M, Peak:0.42M | Scene, ViewLayer | Sample 0/16
Fra:1 Mem:16.55M (Peak 16.55M) | Time:00:00.06 | Remaining:00:00.84 | Mem:2.67M, Peak:2.67M | Scene, ViewLayer | Sample 1/16
Fra:1 Mem:17.55M (Peak 19.55M) | Time:00:00.83 | Mem:2.67M, Peak:2.67M | Scene, ViewLayer | Sample 16/16
Fra:1 Mem:17.55M (Peak 19.55M) | Time:00:00.83 | Mem:2.67M, Peak:2.67M | Scene, ViewLayer | Finished
Saved: '/tmp/street-furniture-qa-4q7zi_2_/heritage-lamp.lod0.top.png'
Time: 00:00.84 (Saving: 00:00.00)

Extensions: writing cache failed ([Errno 30] Read-only file system: '/home/agent/.config/blender').
15:54:26 | INFO: Data are loaded, start creating Blender stuff
15:54:26 | INFO: Blender create Mesh node heritage-post
15:54:26 | INFO: Blender create Mesh node diffuser
15:54:26 | INFO: glTF import finished in 0.00s
Fra:1 Mem:14.74M (Peak 14.74M) | Time:00:00.00 | Mem:0.00M, Peak:0.00M | Scene, ViewLayer | Synchronizing object | metal
Fra:1 Mem:14.78M (Peak 14.78M) | Time:00:00.00 | Mem:0.00M, Peak:0.00M | Scene, ViewLayer | Synchronizing object | QA-ground-plane
Fra:1 Mem:14.84M (Peak 14.84M) | Time:00:00.00 | Mem:0.00M, Peak:0.00M | Scene, ViewLayer | Synchronizing object | QA-1m-ruler-tenth.009
Fra:1 Mem:14.81M (Peak 14.84M) | Time:00:00.00 | Mem:0.00M, Peak:0.00M | Scene, ViewLayer | Synchronizing object | QA-1m-ruler-tenth.008
Fra:1 Mem:14.82M (Peak 14.84M) | Time:00:00.00 | Mem:0.00M, Peak:0.00M | Scene, ViewLayer | Synchronizing object | QA-1m-ruler-tenth.007
Fra:1 Mem:14.83M (Peak 14.84M) | Time:00:00.00 | Mem:0.00M, Peak:0.00M | Scene, ViewLayer | Synchronizing object | QA-1m-ruler-tenth.006
Fra:1 Mem:14.82M (Peak 14.84M) | Time:00:00.00 | Mem:0.00M, Peak:0.00M | Scene, ViewLayer | Synchronizing object | QA-1m-ruler-tenth.005
Fra:1 Mem:14.80M (Peak 14.84M) | Time:00:00.00 | Mem:0.00M, Peak:0.00M | Scene, ViewLayer | Synchronizing object | QA-1m-ruler-tenth.004
Fra:1 Mem:14.79M (Peak 14.84M) | Time:00:00.00 | Mem:0.00M, Peak:0.00M | Scene, ViewLayer | Synchronizing object | diffuser
Fra:1 Mem:14.80M (Peak 14.84M) | Time:00:00.00 | Mem:0.00M, Peak:0.00M | Scene, ViewLayer | Synchronizing object | QA-1m-ruler-tenth.003
Fra:1 Mem:14.81M (Peak 14.84M) | Time:00:00.00 | Mem:0.00M, Peak:0.00M | Scene, ViewLayer | Synchronizing object | QA-1m-ruler-tenth.002
Fra:1 Mem:14.80M (Peak 14.84M) | Time:00:00.00 | Mem:0.00M, Peak:0.00M | Scene, ViewLayer | Synchronizing object | QA-1m-ruler-tenth.001
Fra:1 Mem:14.81M (Peak 14.84M) | Time:00:00.00 | Mem:0.00M, Peak:0.00M | Scene, ViewLayer | Synchronizing object | QA-1m-ruler-tenth
Fra:1 Mem:14.80M (Peak 14.84M) | Time:00:00.00 | Mem:0.00M, Peak:0.00M | Scene, ViewLayer | Synchronizing object | QA-human-torso
Fra:1 Mem:14.80M (Peak 14.84M) | Time:00:00.00 | Mem:0.00M, Peak:0.00M | Scene, ViewLayer | Synchronizing object | Sphere.001
Fra:1 Mem:14.81M (Peak 14.84M) | Time:00:00.00 | Mem:0.00M, Peak:0.00M | Scene, ViewLayer | Synchronizing object | QA-human-neck
Fra:1 Mem:14.81M (Peak 14.84M) | Time:00:00.00 | Mem:0.00M, Peak:0.00M | Scene, ViewLayer | Synchronizing object | QA-human-leg
Fra:1 Mem:14.81M (Peak 14.84M) | Time:00:00.00 | Mem:0.00M, Peak:0.00M | Scene, ViewLayer | Synchronizing object | QA-human-arm.003
Fra:1 Mem:14.81M (Peak 14.84M) | Time:00:00.00 | Mem:0.00M, Peak:0.00M | Scene, ViewLayer | Synchronizing object | QA-human-leg.001
Fra:1 Mem:14.81M (Peak 14.84M) | Time:00:00.00 | Mem:0.00M, Peak:0.00M | Scene, ViewLayer | Synchronizing object | QA-human-arm.002
Fra:1 Mem:14.82M (Peak 14.84M) | Time:00:00.00 | Mem:0.00M, Peak:0.00M | Scene, ViewLayer | Synchronizing object | QA-human-arm
Fra:1 Mem:14.82M (Peak 14.84M) | Time:00:00.00 | Mem:0.00M, Peak:0.00M | Scene, ViewLayer | Synchronizing object | QA-human-leg.003
Fra:1 Mem:14.82M (Peak 14.84M) | Time:00:00.00 | Mem:0.00M, Peak:0.00M | Scene, ViewLayer | Synchronizing object | QA-human-arm.001
Fra:1 Mem:14.82M (Peak 14.84M) | Time:00:00.00 | Mem:0.00M, Peak:0.00M | Scene, ViewLayer | Synchronizing object | QA-human-leg.002
Fra:1 Mem:14.82M (Peak 14.84M) | Time:00:00.00 | Mem:0.00M, Peak:0.00M | Scene, ViewLayer | Synchronizing object | Sphere
Fra:1 Mem:14.82M (Peak 14.84M) | Time:00:00.00 | Mem:0.00M, Peak:0.00M | Scene, ViewLayer | Synchronizing object | QA-human-neck.001
Fra:1 Mem:14.83M (Peak 14.84M) | Time:00:00.00 | Mem:0.00M, Peak:0.00M | Scene, ViewLayer | Synchronizing object | QA-human-torso.001
Fra:1 Mem:14.83M (Peak 14.84M) | Time:00:00.00 | Mem:0.00M, Peak:0.00M | Scene, ViewLayer | Initializing
Fra:1 Mem:13.58M (Peak 14.84M) | Time:00:00.00 | Mem:0.00M, Peak:0.00M | Scene, ViewLayer | Waiting for render to start
Fra:1 Mem:13.58M (Peak 14.84M) | Time:00:00.00 | Mem:0.00M, Peak:0.00M | Scene, ViewLayer | Loading render kernels (may take a few minutes the first time)
Fra:1 Mem:13.58M (Peak 14.84M) | Time:00:00.00 | Mem:0.00M, Peak:0.00M | Scene, ViewLayer | Updating Scene
Fra:1 Mem:13.58M (Peak 14.84M) | Time:00:00.00 | Mem:0.00M, Peak:0.00M | Scene, ViewLayer | Updating Shaders
Fra:1 Mem:13.67M (Peak 14.84M) | Time:00:00.00 | Mem:0.01M, Peak:0.01M | Scene, ViewLayer | Updating Procedurals
Fra:1 Mem:13.67M (Peak 14.84M) | Time:00:00.00 | Mem:0.01M, Peak:0.01M | Scene, ViewLayer | Updating Background
Fra:1 Mem:13.67M (Peak 14.84M) | Time:00:00.00 | Mem:0.01M, Peak:0.01M | Scene, ViewLayer | Updating Camera
Fra:1 Mem:13.67M (Peak 14.84M) | Time:00:00.00 | Mem:0.01M, Peak:0.01M | Scene, ViewLayer | Updating Meshes Flags
Fra:1 Mem:13.67M (Peak 14.84M) | Time:00:00.00 | Mem:0.01M, Peak:0.01M | Scene, ViewLayer | Updating Objects
Fra:1 Mem:13.67M (Peak 14.84M) | Time:00:00.00 | Mem:0.01M, Peak:0.01M | Scene, ViewLayer | Updating Objects | Copying Transformations to device
Fra:1 Mem:13.68M (Peak 14.84M) | Time:00:00.00 | Mem:0.01M, Peak:0.01M | Scene, ViewLayer | Updating Objects | Applying Static Transformations
Fra:1 Mem:13.68M (Peak 14.84M) | Time:00:00.00 | Mem:0.01M, Peak:0.01M | Scene, ViewLayer | Updating Particle Systems
Fra:1 Mem:13.68M (Peak 14.84M) | Time:00:00.00 | Mem:0.01M, Peak:0.01M | Scene, ViewLayer | Updating Particle Systems | Copying Particles to device
Fra:1 Mem:13.68M (Peak 14.84M) | Time:00:00.00 | Mem:0.01M, Peak:0.01M | Scene, ViewLayer | Updating Meshes
Fra:1 Mem:13.69M (Peak 14.84M) | Time:00:00.00 | Mem:0.01M, Peak:0.01M | Scene, ViewLayer | Updating Mesh | Computing attributes
Fra:1 Mem:13.71M (Peak 14.84M) | Time:00:00.00 | Mem:0.01M, Peak:0.01M | Scene, ViewLayer | Updating Mesh | Copying Attributes to device
Fra:1 Mem:13.70M (Peak 14.84M) | Time:00:00.00 | Mem:0.02M, Peak:0.02M | Scene, ViewLayer | Updating Scene BVH | Building
Fra:1 Mem:13.70M (Peak 14.84M) | Time:00:00.00 | Mem:0.02M, Peak:0.02M | Scene, ViewLayer | Updating Scene BVH | Building BVH
Fra:1 Mem:13.70M (Peak 14.84M) | Time:00:00.00 | Mem:0.05M, Peak:0.05M | Scene, ViewLayer | Updating Scene BVH | Building BVH 0%
Fra:1 Mem:13.70M (Peak 14.84M) | Time:00:00.00 | Mem:0.08M, Peak:0.10M | Scene, ViewLayer | Updating Scene BVH | Copying BVH to device
Fra:1 Mem:13.70M (Peak 14.84M) | Time:00:00.00 | Mem:0.08M, Peak:0.10M | Scene, ViewLayer | Updating Mesh | Computing normals
Fra:1 Mem:13.75M (Peak 14.84M) | Time:00:00.00 | Mem:0.08M, Peak:0.10M | Scene, ViewLayer | Updating Mesh | Copying Mesh to device
Fra:1 Mem:13.75M (Peak 14.84M) | Time:00:00.00 | Mem:0.12M, Peak:0.12M | Scene, ViewLayer | Updating Objects Flags
Fra:1 Mem:13.75M (Peak 14.84M) | Time:00:00.00 | Mem:0.12M, Peak:0.12M | Scene, ViewLayer | Updating Primitive Offsets
Fra:1 Mem:13.75M (Peak 14.84M) | Time:00:00.00 | Mem:0.12M, Peak:0.12M | Scene, ViewLayer | Updating Images
Fra:1 Mem:13.75M (Peak 14.84M) | Time:00:00.00 | Mem:0.12M, Peak:0.12M | Scene, ViewLayer | Updating Camera Volume
Fra:1 Mem:13.75M (Peak 14.84M) | Time:00:00.00 | Mem:0.12M, Peak:0.12M | Scene, ViewLayer | Updating Lookup Tables
Fra:1 Mem:13.75M (Peak 14.84M) | Time:00:00.00 | Mem:0.20M, Peak:0.20M | Scene, ViewLayer | Updating Lights
Fra:1 Mem:13.75M (Peak 14.84M) | Time:00:00.00 | Mem:0.20M, Peak:0.20M | Scene, ViewLayer | Updating Lights | Computing tree
Fra:1 Mem:13.75M (Peak 14.84M) | Time:00:00.00 | Mem:0.20M, Peak:0.20M | Scene, ViewLayer | Updating Integrator
Fra:1 Mem:13.75M (Peak 14.84M) | Time:00:00.00 | Mem:0.20M, Peak:0.20M | Scene, ViewLayer | Updating Film
Fra:1 Mem:13.75M (Peak 14.84M) | Time:00:00.00 | Mem:0.12M, Peak:0.20M | Scene, ViewLayer | Updating Lookup Tables
Fra:1 Mem:13.75M (Peak 14.84M) | Time:00:00.00 | Mem:0.21M, Peak:0.21M | Scene, ViewLayer | Updating Baking
Fra:1 Mem:13.75M (Peak 14.84M) | Time:00:00.00 | Mem:0.21M, Peak:0.21M | Scene, ViewLayer | Updating Device | Writing constant memory
Fra:1 Mem:13.75M (Peak 14.84M) | Time:00:00.00 | Mem:0.21M, Peak:0.21M | Scene, ViewLayer | Sample 0/16
Fra:1 Mem:16.01M (Peak 16.01M) | Time:00:00.02 | Remaining:00:00.27 | Mem:2.46M, Peak:2.46M | Scene, ViewLayer | Sample 1/16
Fra:1 Mem:17.01M (Peak 19.01M) | Time:00:00.24 | Mem:2.46M, Peak:2.46M | Scene, ViewLayer | Sample 16/16
Fra:1 Mem:17.01M (Peak 19.01M) | Time:00:00.24 | Mem:2.46M, Peak:2.46M | Scene, ViewLayer | Finished
Saved: '/tmp/street-furniture-qa-4q7zi_2_/heritage-lamp.lod1.front.png'
Time: 00:00.25 (Saving: 00:00.00)

Extensions: writing cache failed ([Errno 30] Read-only file system: '/home/agent/.config/blender').
15:54:26 | INFO: Data are loaded, start creating Blender stuff
15:54:26 | INFO: Blender create Mesh node heritage-post
15:54:26 | INFO: Blender create Mesh node diffuser
15:54:26 | INFO: glTF import finished in 0.00s
Fra:1 Mem:14.74M (Peak 14.74M) | Time:00:00.00 | Mem:0.00M, Peak:0.00M | Scene, ViewLayer | Synchronizing object | metal
Fra:1 Mem:14.86M (Peak 14.86M) | Time:00:00.00 | Mem:0.00M, Peak:0.00M | Scene, ViewLayer | Synchronizing object | QA-ground-plane
Fra:1 Mem:14.81M (Peak 14.86M) | Time:00:00.00 | Mem:0.00M, Peak:0.00M | Scene, ViewLayer | Synchronizing object | QA-1m-ruler-tenth.009
Fra:1 Mem:14.84M (Peak 14.86M) | Time:00:00.00 | Mem:0.00M, Peak:0.00M | Scene, ViewLayer | Synchronizing object | QA-1m-ruler-tenth.008
Fra:1 Mem:14.84M (Peak 14.86M) | Time:00:00.00 | Mem:0.00M, Peak:0.00M | Scene, ViewLayer | Synchronizing object | QA-1m-ruler-tenth.007
Fra:1 Mem:14.84M (Peak 14.86M) | Time:00:00.00 | Mem:0.00M, Peak:0.00M | Scene, ViewLayer | Synchronizing object | QA-1m-ruler-tenth.006
Fra:1 Mem:14.80M (Peak 14.86M) | Time:00:00.00 | Mem:0.00M, Peak:0.00M | Scene, ViewLayer | Synchronizing object | QA-1m-ruler-tenth.005
Fra:1 Mem:14.83M (Peak 14.86M) | Time:00:00.00 | Mem:0.00M, Peak:0.00M | Scene, ViewLayer | Synchronizing object | QA-1m-ruler-tenth.004
Fra:1 Mem:14.84M (Peak 14.86M) | Time:00:00.00 | Mem:0.00M, Peak:0.00M | Scene, ViewLayer | Synchronizing object | QA-1m-ruler-tenth.003
Fra:1 Mem:14.84M (Peak 14.86M) | Time:00:00.00 | Mem:0.00M, Peak:0.00M | Scene, ViewLayer | Synchronizing object | QA-1m-ruler-tenth.002
Fra:1 Mem:14.82M (Peak 14.86M) | Time:00:00.00 | Mem:0.00M, Peak:0.00M | Scene, ViewLayer | Synchronizing object | QA-1m-ruler-tenth.001
Fra:1 Mem:14.80M (Peak 14.86M) | Time:00:00.00 | Mem:0.00M, Peak:0.00M | Scene, ViewLayer | Synchronizing object | QA-1m-ruler-tenth
Fra:1 Mem:14.80M (Peak 14.86M) | Time:00:00.00 | Mem:0.00M, Peak:0.00M | Scene, ViewLayer | Synchronizing object | diffuser
Fra:1 Mem:14.80M (Peak 14.86M) | Time:00:00.00 | Mem:0.00M, Peak:0.00M | Scene, ViewLayer | Synchronizing object | Sphere.001
Fra:1 Mem:14.82M (Peak 14.86M) | Time:00:00.00 | Mem:0.00M, Peak:0.00M | Scene, ViewLayer | Synchronizing object | QA-human-arm.003
Fra:1 Mem:14.82M (Peak 14.86M) | Time:00:00.00 | Mem:0.00M, Peak:0.00M | Scene, ViewLayer | Synchronizing object | QA-human-arm.002
Fra:1 Mem:14.81M (Peak 14.86M) | Time:00:00.00 | Mem:0.00M, Peak:0.00M | Scene, ViewLayer | Synchronizing object | QA-human-torso
Fra:1 Mem:14.81M (Peak 14.86M) | Time:00:00.00 | Mem:0.00M, Peak:0.00M | Scene, ViewLayer | Synchronizing object | QA-human-leg.003
Fra:1 Mem:14.81M (Peak 14.86M) | Time:00:00.00 | Mem:0.00M, Peak:0.00M | Scene, ViewLayer | Synchronizing object | QA-human-neck
Fra:1 Mem:14.82M (Peak 14.86M) | Time:00:00.00 | Mem:0.00M, Peak:0.00M | Scene, ViewLayer | Synchronizing object | QA-human-leg.002
Fra:1 Mem:14.82M (Peak 14.86M) | Time:00:00.00 | Mem:0.00M, Peak:0.00M | Scene, ViewLayer | Synchronizing object | QA-human-leg
Fra:1 Mem:14.82M (Peak 14.86M) | Time:00:00.00 | Mem:0.00M, Peak:0.00M | Scene, ViewLayer | Synchronizing object | QA-human-neck.001
Fra:1 Mem:14.82M (Peak 14.86M) | Time:00:00.00 | Mem:0.00M, Peak:0.00M | Scene, ViewLayer | Synchronizing object | QA-human-leg.001
Fra:1 Mem:14.82M (Peak 14.86M) | Time:00:00.00 | Mem:0.00M, Peak:0.00M | Scene, ViewLayer | Synchronizing object | QA-human-torso.001
Fra:1 Mem:14.82M (Peak 14.86M) | Time:00:00.00 | Mem:0.00M, Peak:0.00M | Scene, ViewLayer | Synchronizing object | QA-human-arm
Fra:1 Mem:14.82M (Peak 14.86M) | Time:00:00.00 | Mem:0.00M, Peak:0.00M | Scene, ViewLayer | Synchronizing object | Sphere
Fra:1 Mem:14.83M (Peak 14.86M) | Time:00:00.00 | Mem:0.00M, Peak:0.00M | Scene, ViewLayer | Synchronizing object | QA-human-arm.001
Fra:1 Mem:14.83M (Peak 14.86M) | Time:00:00.00 | Mem:0.00M, Peak:0.00M | Scene, ViewLayer | Initializing
Fra:1 Mem:13.58M (Peak 14.86M) | Time:00:00.00 | Mem:0.00M, Peak:0.00M | Scene, ViewLayer | Waiting for render to start
Fra:1 Mem:13.58M (Peak 14.86M) | Time:00:00.00 | Mem:0.00M, Peak:0.00M | Scene, ViewLayer | Loading render kernels (may take a few minutes the first time)
Fra:1 Mem:13.58M (Peak 14.86M) | Time:00:00.00 | Mem:0.00M, Peak:0.00M | Scene, ViewLayer | Updating Scene
Fra:1 Mem:13.58M (Peak 14.86M) | Time:00:00.00 | Mem:0.00M, Peak:0.00M | Scene, ViewLayer | Updating Shaders
Fra:1 Mem:13.67M (Peak 14.86M) | Time:00:00.00 | Mem:0.01M, Peak:0.01M | Scene, ViewLayer | Updating Procedurals
Fra:1 Mem:13.67M (Peak 14.86M) | Time:00:00.00 | Mem:0.01M, Peak:0.01M | Scene, ViewLayer | Updating Background
Fra:1 Mem:13.67M (Peak 14.86M) | Time:00:00.00 | Mem:0.01M, Peak:0.01M | Scene, ViewLayer | Updating Camera
Fra:1 Mem:13.67M (Peak 14.86M) | Time:00:00.00 | Mem:0.01M, Peak:0.01M | Scene, ViewLayer | Updating Meshes Flags
Fra:1 Mem:13.67M (Peak 14.86M) | Time:00:00.00 | Mem:0.01M, Peak:0.01M | Scene, ViewLayer | Updating Objects
Fra:1 Mem:13.67M (Peak 14.86M) | Time:00:00.00 | Mem:0.01M, Peak:0.01M | Scene, ViewLayer | Updating Objects | Copying Transformations to device
Fra:1 Mem:13.68M (Peak 14.86M) | Time:00:00.00 | Mem:0.01M, Peak:0.01M | Scene, ViewLayer | Updating Objects | Applying Static Transformations
Fra:1 Mem:13.68M (Peak 14.86M) | Time:00:00.00 | Mem:0.01M, Peak:0.01M | Scene, ViewLayer | Updating Particle Systems
Fra:1 Mem:13.68M (Peak 14.86M) | Time:00:00.00 | Mem:0.01M, Peak:0.01M | Scene, ViewLayer | Updating Particle Systems | Copying Particles to device
Fra:1 Mem:13.68M (Peak 14.86M) | Time:00:00.00 | Mem:0.01M, Peak:0.01M | Scene, ViewLayer | Updating Meshes
Fra:1 Mem:13.69M (Peak 14.86M) | Time:00:00.00 | Mem:0.01M, Peak:0.01M | Scene, ViewLayer | Updating Mesh | Computing attributes
Fra:1 Mem:13.71M (Peak 14.86M) | Time:00:00.00 | Mem:0.01M, Peak:0.01M | Scene, ViewLayer | Updating Mesh | Copying Attributes to device
Fra:1 Mem:13.70M (Peak 14.86M) | Time:00:00.00 | Mem:0.02M, Peak:0.02M | Scene, ViewLayer | Updating Scene BVH | Building
Fra:1 Mem:13.70M (Peak 14.86M) | Time:00:00.00 | Mem:0.02M, Peak:0.02M | Scene, ViewLayer | Updating Scene BVH | Building BVH
Fra:1 Mem:13.70M (Peak 14.86M) | Time:00:00.00 | Mem:0.05M, Peak:0.05M | Scene, ViewLayer | Updating Scene BVH | Building BVH 0%
Fra:1 Mem:13.70M (Peak 14.86M) | Time:00:00.00 | Mem:0.08M, Peak:0.10M | Scene, ViewLayer | Updating Scene BVH | Copying BVH to device
Fra:1 Mem:13.70M (Peak 14.86M) | Time:00:00.00 | Mem:0.08M, Peak:0.10M | Scene, ViewLayer | Updating Mesh | Computing normals
Fra:1 Mem:13.75M (Peak 14.86M) | Time:00:00.00 | Mem:0.08M, Peak:0.10M | Scene, ViewLayer | Updating Mesh | Copying Mesh to device
Fra:1 Mem:13.75M (Peak 14.86M) | Time:00:00.00 | Mem:0.12M, Peak:0.12M | Scene, ViewLayer | Updating Objects Flags
Fra:1 Mem:13.75M (Peak 14.86M) | Time:00:00.00 | Mem:0.12M, Peak:0.12M | Scene, ViewLayer | Updating Primitive Offsets
Fra:1 Mem:13.75M (Peak 14.86M) | Time:00:00.00 | Mem:0.12M, Peak:0.12M | Scene, ViewLayer | Updating Images
Fra:1 Mem:13.75M (Peak 14.86M) | Time:00:00.00 | Mem:0.12M, Peak:0.12M | Scene, ViewLayer | Updating Camera Volume
Fra:1 Mem:13.75M (Peak 14.86M) | Time:00:00.00 | Mem:0.12M, Peak:0.12M | Scene, ViewLayer | Updating Lookup Tables
Fra:1 Mem:13.75M (Peak 14.86M) | Time:00:00.00 | Mem:0.20M, Peak:0.20M | Scene, ViewLayer | Updating Lights
Fra:1 Mem:13.75M (Peak 14.86M) | Time:00:00.00 | Mem:0.20M, Peak:0.20M | Scene, ViewLayer | Updating Lights | Computing tree
Fra:1 Mem:13.75M (Peak 14.86M) | Time:00:00.00 | Mem:0.20M, Peak:0.20M | Scene, ViewLayer | Updating Integrator
Fra:1 Mem:13.75M (Peak 14.86M) | Time:00:00.00 | Mem:0.20M, Peak:0.20M | Scene, ViewLayer | Updating Film
Fra:1 Mem:13.75M (Peak 14.86M) | Time:00:00.00 | Mem:0.12M, Peak:0.20M | Scene, ViewLayer | Updating Lookup Tables
Fra:1 Mem:13.75M (Peak 14.86M) | Time:00:00.00 | Mem:0.21M, Peak:0.21M | Scene, ViewLayer | Updating Baking
Fra:1 Mem:13.75M (Peak 14.86M) | Time:00:00.00 | Mem:0.21M, Peak:0.21M | Scene, ViewLayer | Updating Device | Writing constant memory
Fra:1 Mem:13.75M (Peak 14.86M) | Time:00:00.00 | Mem:0.21M, Peak:0.21M | Scene, ViewLayer | Sample 0/16
Fra:1 Mem:16.01M (Peak 16.01M) | Time:00:00.01 | Remaining:00:00.21 | Mem:2.46M, Peak:2.46M | Scene, ViewLayer | Sample 1/16
Fra:1 Mem:17.01M (Peak 19.01M) | Time:00:00.18 | Mem:2.46M, Peak:2.46M | Scene, ViewLayer | Sample 16/16
Fra:1 Mem:17.01M (Peak 19.01M) | Time:00:00.18 | Mem:2.46M, Peak:2.46M | Scene, ViewLayer | Finished
Saved: '/tmp/street-furniture-qa-4q7zi_2_/heritage-lamp.lod1.side.png'
Time: 00:00.19 (Saving: 00:00.01)

Extensions: writing cache failed ([Errno 30] Read-only file system: '/home/agent/.config/blender').
15:54:27 | INFO: Data are loaded, start creating Blender stuff
15:54:27 | INFO: Blender create Mesh node heritage-post
15:54:27 | INFO: Blender create Mesh node diffuser
15:54:27 | INFO: glTF import finished in 0.00s
Fra:1 Mem:14.74M (Peak 14.74M) | Time:00:00.00 | Mem:0.00M, Peak:0.00M | Scene, ViewLayer | Synchronizing object | metal
Fra:1 Mem:14.85M (Peak 14.85M) | Time:00:00.00 | Mem:0.00M, Peak:0.00M | Scene, ViewLayer | Synchronizing object | QA-ground-plane
Fra:1 Mem:14.84M (Peak 14.85M) | Time:00:00.00 | Mem:0.00M, Peak:0.00M | Scene, ViewLayer | Synchronizing object | QA-1m-ruler-tenth.009
Fra:1 Mem:14.84M (Peak 14.85M) | Time:00:00.00 | Mem:0.00M, Peak:0.00M | Scene, ViewLayer | Synchronizing object | QA-1m-ruler-tenth.008
Fra:1 Mem:14.82M (Peak 14.85M) | Time:00:00.00 | Mem:0.00M, Peak:0.00M | Scene, ViewLayer | Synchronizing object | QA-1m-ruler-tenth.007
Fra:1 Mem:14.83M (Peak 14.85M) | Time:00:00.00 | Mem:0.00M, Peak:0.00M | Scene, ViewLayer | Synchronizing object | QA-1m-ruler-tenth.006
Fra:1 Mem:14.84M (Peak 14.85M) | Time:00:00.00 | Mem:0.00M, Peak:0.00M | Scene, ViewLayer | Synchronizing object | QA-1m-ruler-tenth.005
Fra:1 Mem:14.79M (Peak 14.85M) | Time:00:00.00 | Mem:0.00M, Peak:0.00M | Scene, ViewLayer | Synchronizing object | QA-1m-ruler-tenth.004
Fra:1 Mem:14.79M (Peak 14.85M) | Time:00:00.00 | Mem:0.00M, Peak:0.00M | Scene, ViewLayer | Synchronizing object | QA-1m-ruler-tenth.003
Fra:1 Mem:14.79M (Peak 14.85M) | Time:00:00.00 | Mem:0.00M, Peak:0.00M | Scene, ViewLayer | Synchronizing object | diffuser
Fra:1 Mem:14.79M (Peak 14.85M) | Time:00:00.00 | Mem:0.00M, Peak:0.00M | Scene, ViewLayer | Synchronizing object | QA-1m-ruler-tenth.002
Fra:1 Mem:14.80M (Peak 14.85M) | Time:00:00.00 | Mem:0.00M, Peak:0.00M | Scene, ViewLayer | Synchronizing object | QA-1m-ruler-tenth.001
Fra:1 Mem:14.81M (Peak 14.85M) | Time:00:00.00 | Mem:0.00M, Peak:0.00M | Scene, ViewLayer | Synchronizing object | QA-1m-ruler-tenth
Fra:1 Mem:14.81M (Peak 14.85M) | Time:00:00.00 | Mem:0.00M, Peak:0.00M | Scene, ViewLayer | Synchronizing object | Sphere.001
Fra:1 Mem:14.81M (Peak 14.85M) | Time:00:00.00 | Mem:0.00M, Peak:0.00M | Scene, ViewLayer | Synchronizing object | QA-human-torso
Fra:1 Mem:14.81M (Peak 14.85M) | Time:00:00.00 | Mem:0.00M, Peak:0.00M | Scene, ViewLayer | Synchronizing object | QA-human-arm.003
Fra:1 Mem:14.81M (Peak 14.85M) | Time:00:00.00 | Mem:0.00M, Peak:0.00M | Scene, ViewLayer | Synchronizing object | QA-human-arm.002
Fra:1 Mem:14.81M (Peak 14.85M) | Time:00:00.00 | Mem:0.00M, Peak:0.00M | Scene, ViewLayer | Synchronizing object | QA-human-neck
Fra:1 Mem:14.81M (Peak 14.85M) | Time:00:00.00 | Mem:0.00M, Peak:0.00M | Scene, ViewLayer | Synchronizing object | QA-human-leg.003
Fra:1 Mem:14.82M (Peak 14.85M) | Time:00:00.00 | Mem:0.00M, Peak:0.00M | Scene, ViewLayer | Synchronizing object | QA-human-leg
Fra:1 Mem:14.82M (Peak 14.85M) | Time:00:00.00 | Mem:0.00M, Peak:0.00M | Scene, ViewLayer | Synchronizing object | QA-human-leg.002
Fra:1 Mem:14.82M (Peak 14.85M) | Time:00:00.00 | Mem:0.00M, Peak:0.00M | Scene, ViewLayer | Synchronizing object | QA-human-leg.001
Fra:1 Mem:14.82M (Peak 14.85M) | Time:00:00.00 | Mem:0.00M, Peak:0.00M | Scene, ViewLayer | Synchronizing object | QA-human-neck.001
Fra:1 Mem:14.82M (Peak 14.85M) | Time:00:00.00 | Mem:0.00M, Peak:0.00M | Scene, ViewLayer | Synchronizing object | QA-human-arm
Fra:1 Mem:14.82M (Peak 14.85M) | Time:00:00.00 | Mem:0.00M, Peak:0.00M | Scene, ViewLayer | Synchronizing object | QA-human-arm.001
Fra:1 Mem:14.82M (Peak 14.85M) | Time:00:00.00 | Mem:0.00M, Peak:0.00M | Scene, ViewLayer | Synchronizing object | Sphere
Fra:1 Mem:14.83M (Peak 14.85M) | Time:00:00.00 | Mem:0.00M, Peak:0.00M | Scene, ViewLayer | Initializing
Fra:1 Mem:13.58M (Peak 14.85M) | Time:00:00.00 | Mem:0.00M, Peak:0.00M | Scene, ViewLayer | Waiting for render to start
Fra:1 Mem:13.58M (Peak 14.85M) | Time:00:00.00 | Mem:0.00M, Peak:0.00M | Scene, ViewLayer | Loading render kernels (may take a few minutes the first time)
Fra:1 Mem:13.58M (Peak 14.85M) | Time:00:00.00 | Mem:0.00M, Peak:0.00M | Scene, ViewLayer | Updating Scene
Fra:1 Mem:13.58M (Peak 14.85M) | Time:00:00.00 | Mem:0.00M, Peak:0.00M | Scene, ViewLayer | Updating Shaders
Fra:1 Mem:13.67M (Peak 14.85M) | Time:00:00.00 | Mem:0.01M, Peak:0.01M | Scene, ViewLayer | Updating Procedurals
Fra:1 Mem:13.67M (Peak 14.85M) | Time:00:00.00 | Mem:0.01M, Peak:0.01M | Scene, ViewLayer | Updating Background
Fra:1 Mem:13.67M (Peak 14.85M) | Time:00:00.00 | Mem:0.01M, Peak:0.01M | Scene, ViewLayer | Updating Camera
Fra:1 Mem:13.67M (Peak 14.85M) | Time:00:00.00 | Mem:0.01M, Peak:0.01M | Scene, ViewLayer | Updating Meshes Flags
Fra:1 Mem:13.67M (Peak 14.85M) | Time:00:00.00 | Mem:0.01M, Peak:0.01M | Scene, ViewLayer | Updating Objects
Fra:1 Mem:13.67M (Peak 14.85M) | Time:00:00.00 | Mem:0.01M, Peak:0.01M | Scene, ViewLayer | Updating Objects | Copying Transformations to device
Fra:1 Mem:13.68M (Peak 14.85M) | Time:00:00.00 | Mem:0.01M, Peak:0.01M | Scene, ViewLayer | Updating Objects | Applying Static Transformations
Fra:1 Mem:13.68M (Peak 14.85M) | Time:00:00.00 | Mem:0.01M, Peak:0.01M | Scene, ViewLayer | Updating Particle Systems
Fra:1 Mem:13.68M (Peak 14.85M) | Time:00:00.00 | Mem:0.01M, Peak:0.01M | Scene, ViewLayer | Updating Particle Systems | Copying Particles to device
Fra:1 Mem:13.68M (Peak 14.85M) | Time:00:00.00 | Mem:0.01M, Peak:0.01M | Scene, ViewLayer | Updating Meshes
Fra:1 Mem:13.69M (Peak 14.85M) | Time:00:00.00 | Mem:0.01M, Peak:0.01M | Scene, ViewLayer | Updating Mesh | Computing attributes
Fra:1 Mem:13.71M (Peak 14.85M) | Time:00:00.00 | Mem:0.01M, Peak:0.01M | Scene, ViewLayer | Updating Mesh | Copying Attributes to device
Fra:1 Mem:13.70M (Peak 14.85M) | Time:00:00.00 | Mem:0.02M, Peak:0.02M | Scene, ViewLayer | Updating Scene BVH | Building
Fra:1 Mem:13.70M (Peak 14.85M) | Time:00:00.00 | Mem:0.02M, Peak:0.02M | Scene, ViewLayer | Updating Scene BVH | Building BVH
Fra:1 Mem:13.70M (Peak 14.85M) | Time:00:00.00 | Mem:0.05M, Peak:0.05M | Scene, ViewLayer | Updating Scene BVH | Building BVH 0%
Fra:1 Mem:13.70M (Peak 14.85M) | Time:00:00.00 | Mem:0.08M, Peak:0.10M | Scene, ViewLayer | Updating Scene BVH | Copying BVH to device
Fra:1 Mem:13.70M (Peak 14.85M) | Time:00:00.00 | Mem:0.08M, Peak:0.10M | Scene, ViewLayer | Updating Mesh | Computing normals
Fra:1 Mem:13.75M (Peak 14.85M) | Time:00:00.00 | Mem:0.08M, Peak:0.10M | Scene, ViewLayer | Updating Mesh | Copying Mesh to device
Fra:1 Mem:13.75M (Peak 14.85M) | Time:00:00.00 | Mem:0.12M, Peak:0.12M | Scene, ViewLayer | Updating Objects Flags
Fra:1 Mem:13.75M (Peak 14.85M) | Time:00:00.00 | Mem:0.12M, Peak:0.12M | Scene, ViewLayer | Updating Primitive Offsets
Fra:1 Mem:13.75M (Peak 14.85M) | Time:00:00.00 | Mem:0.12M, Peak:0.12M | Scene, ViewLayer | Updating Images
Fra:1 Mem:13.75M (Peak 14.85M) | Time:00:00.00 | Mem:0.12M, Peak:0.12M | Scene, ViewLayer | Updating Camera Volume
Fra:1 Mem:13.75M (Peak 14.85M) | Time:00:00.00 | Mem:0.12M, Peak:0.12M | Scene, ViewLayer | Updating Lookup Tables
Fra:1 Mem:13.75M (Peak 14.85M) | Time:00:00.00 | Mem:0.20M, Peak:0.20M | Scene, ViewLayer | Updating Lights
Fra:1 Mem:13.75M (Peak 14.85M) | Time:00:00.00 | Mem:0.20M, Peak:0.20M | Scene, ViewLayer | Updating Lights | Computing tree
Fra:1 Mem:13.75M (Peak 14.85M) | Time:00:00.00 | Mem:0.20M, Peak:0.20M | Scene, ViewLayer | Updating Integrator
Fra:1 Mem:13.75M (Peak 14.85M) | Time:00:00.00 | Mem:0.20M, Peak:0.20M | Scene, ViewLayer | Updating Film
Fra:1 Mem:13.75M (Peak 14.85M) | Time:00:00.00 | Mem:0.12M, Peak:0.20M | Scene, ViewLayer | Updating Lookup Tables
Fra:1 Mem:13.75M (Peak 14.85M) | Time:00:00.00 | Mem:0.21M, Peak:0.21M | Scene, ViewLayer | Updating Baking
Fra:1 Mem:13.75M (Peak 14.85M) | Time:00:00.00 | Mem:0.21M, Peak:0.21M | Scene, ViewLayer | Updating Device | Writing constant memory
Fra:1 Mem:13.75M (Peak 14.85M) | Time:00:00.00 | Mem:0.21M, Peak:0.21M | Scene, ViewLayer | Sample 0/16
Fra:1 Mem:16.01M (Peak 16.01M) | Time:00:00.02 | Remaining:00:00.25 | Mem:2.46M, Peak:2.46M | Scene, ViewLayer | Sample 1/16
Fra:1 Mem:17.01M (Peak 19.01M) | Time:00:00.22 | Mem:2.46M, Peak:2.46M | Scene, ViewLayer | Sample 16/16
Fra:1 Mem:17.01M (Peak 19.01M) | Time:00:00.22 | Mem:2.46M, Peak:2.46M | Scene, ViewLayer | Finished
Saved: '/tmp/street-furniture-qa-4q7zi_2_/heritage-lamp.lod1.rear.png'
Time: 00:00.23 (Saving: 00:00.00)

Extensions: writing cache failed ([Errno 30] Read-only file system: '/home/agent/.config/blender').
15:54:27 | INFO: Data are loaded, start creating Blender stuff
15:54:27 | INFO: Blender create Mesh node heritage-post
15:54:27 | INFO: Blender create Mesh node diffuser
15:54:27 | INFO: glTF import finished in 0.00s
Fra:1 Mem:14.74M (Peak 14.74M) | Time:00:00.00 | Mem:0.00M, Peak:0.00M | Scene, ViewLayer | Synchronizing object | metal
Fra:1 Mem:14.86M (Peak 14.86M) | Time:00:00.00 | Mem:0.00M, Peak:0.00M | Scene, ViewLayer | Synchronizing object | QA-ground-plane
Fra:1 Mem:14.80M (Peak 14.86M) | Time:00:00.00 | Mem:0.00M, Peak:0.00M | Scene, ViewLayer | Synchronizing object | QA-1m-ruler-tenth.009
Fra:1 Mem:14.84M (Peak 14.86M) | Time:00:00.00 | Mem:0.00M, Peak:0.00M | Scene, ViewLayer | Synchronizing object | QA-1m-ruler-tenth.008
Fra:1 Mem:14.84M (Peak 14.86M) | Time:00:00.00 | Mem:0.00M, Peak:0.00M | Scene, ViewLayer | Synchronizing object | QA-1m-ruler-tenth.007
Fra:1 Mem:14.84M (Peak 14.86M) | Time:00:00.00 | Mem:0.00M, Peak:0.00M | Scene, ViewLayer | Synchronizing object | QA-1m-ruler-tenth.006
Fra:1 Mem:14.82M (Peak 14.86M) | Time:00:00.00 | Mem:0.00M, Peak:0.00M | Scene, ViewLayer | Synchronizing object | QA-1m-ruler-tenth.005
Fra:1 Mem:14.83M (Peak 14.86M) | Time:00:00.00 | Mem:0.00M, Peak:0.00M | Scene, ViewLayer | Synchronizing object | QA-1m-ruler-tenth.004
Fra:1 Mem:14.84M (Peak 14.86M) | Time:00:00.00 | Mem:0.00M, Peak:0.00M | Scene, ViewLayer | Synchronizing object | QA-1m-ruler-tenth.003
Fra:1 Mem:14.84M (Peak 14.86M) | Time:00:00.00 | Mem:0.00M, Peak:0.00M | Scene, ViewLayer | Synchronizing object | QA-1m-ruler-tenth.002
Fra:1 Mem:14.80M (Peak 14.86M) | Time:00:00.00 | Mem:0.00M, Peak:0.00M | Scene, ViewLayer | Synchronizing object | QA-1m-ruler-tenth.001
Fra:1 Mem:14.80M (Peak 14.86M) | Time:00:00.00 | Mem:0.00M, Peak:0.00M | Scene, ViewLayer | Synchronizing object | QA-1m-ruler-tenth
Fra:1 Mem:14.80M (Peak 14.86M) | Time:00:00.00 | Mem:0.00M, Peak:0.00M | Scene, ViewLayer | Synchronizing object | diffuser
Fra:1 Mem:14.80M (Peak 14.86M) | Time:00:00.00 | Mem:0.00M, Peak:0.00M | Scene, ViewLayer | Synchronizing object | Sphere.001
Fra:1 Mem:14.82M (Peak 14.86M) | Time:00:00.00 | Mem:0.00M, Peak:0.00M | Scene, ViewLayer | Synchronizing object | QA-human-arm.003
Fra:1 Mem:14.82M (Peak 14.86M) | Time:00:00.00 | Mem:0.00M, Peak:0.00M | Scene, ViewLayer | Synchronizing object | QA-human-arm.002
Fra:1 Mem:14.81M (Peak 14.86M) | Time:00:00.00 | Mem:0.00M, Peak:0.00M | Scene, ViewLayer | Synchronizing object | QA-human-torso
Fra:1 Mem:14.81M (Peak 14.86M) | Time:00:00.00 | Mem:0.00M, Peak:0.00M | Scene, ViewLayer | Synchronizing object | QA-human-leg.003
Fra:1 Mem:14.81M (Peak 14.86M) | Time:00:00.00 | Mem:0.00M, Peak:0.00M | Scene, ViewLayer | Synchronizing object | QA-human-neck
Fra:1 Mem:14.81M (Peak 14.86M) | Time:00:00.00 | Mem:0.00M, Peak:0.00M | Scene, ViewLayer | Synchronizing object | QA-human-leg.002
Fra:1 Mem:14.82M (Peak 14.86M) | Time:00:00.00 | Mem:0.00M, Peak:0.00M | Scene, ViewLayer | Synchronizing object | QA-human-neck.001
Fra:1 Mem:14.82M (Peak 14.86M) | Time:00:00.00 | Mem:0.00M, Peak:0.00M | Scene, ViewLayer | Synchronizing object | QA-human-torso.001
Fra:1 Mem:14.82M (Peak 14.86M) | Time:00:00.00 | Mem:0.00M, Peak:0.00M | Scene, ViewLayer | Synchronizing object | Sphere
Fra:1 Mem:14.83M (Peak 14.86M) | Time:00:00.00 | Mem:0.00M, Peak:0.00M | Scene, ViewLayer | Synchronizing object | QA-human-leg.001
Fra:1 Mem:14.83M (Peak 14.86M) | Time:00:00.00 | Mem:0.00M, Peak:0.00M | Scene, ViewLayer | Synchronizing object | QA-human-arm.001
Fra:1 Mem:14.83M (Peak 14.86M) | Time:00:00.00 | Mem:0.00M, Peak:0.00M | Scene, ViewLayer | Synchronizing object | QA-human-arm
Fra:1 Mem:14.83M (Peak 14.86M) | Time:00:00.00 | Mem:0.00M, Peak:0.00M | Scene, ViewLayer | Initializing
Fra:1 Mem:13.58M (Peak 14.86M) | Time:00:00.00 | Mem:0.00M, Peak:0.00M | Scene, ViewLayer | Waiting for render to start
Fra:1 Mem:13.58M (Peak 14.86M) | Time:00:00.00 | Mem:0.00M, Peak:0.00M | Scene, ViewLayer | Loading render kernels (may take a few minutes the first time)
Fra:1 Mem:13.58M (Peak 14.86M) | Time:00:00.00 | Mem:0.00M, Peak:0.00M | Scene, ViewLayer | Updating Scene
Fra:1 Mem:13.58M (Peak 14.86M) | Time:00:00.00 | Mem:0.00M, Peak:0.00M | Scene, ViewLayer | Updating Shaders
Fra:1 Mem:13.67M (Peak 14.86M) | Time:00:00.00 | Mem:0.01M, Peak:0.01M | Scene, ViewLayer | Updating Procedurals
Fra:1 Mem:13.67M (Peak 14.86M) | Time:00:00.00 | Mem:0.01M, Peak:0.01M | Scene, ViewLayer | Updating Background
Fra:1 Mem:13.67M (Peak 14.86M) | Time:00:00.00 | Mem:0.01M, Peak:0.01M | Scene, ViewLayer | Updating Camera
Fra:1 Mem:13.67M (Peak 14.86M) | Time:00:00.00 | Mem:0.01M, Peak:0.01M | Scene, ViewLayer | Updating Meshes Flags
Fra:1 Mem:13.67M (Peak 14.86M) | Time:00:00.00 | Mem:0.01M, Peak:0.01M | Scene, ViewLayer | Updating Objects
Fra:1 Mem:13.67M (Peak 14.86M) | Time:00:00.00 | Mem:0.01M, Peak:0.01M | Scene, ViewLayer | Updating Objects | Copying Transformations to device
Fra:1 Mem:13.68M (Peak 14.86M) | Time:00:00.00 | Mem:0.01M, Peak:0.01M | Scene, ViewLayer | Updating Objects | Applying Static Transformations
Fra:1 Mem:13.68M (Peak 14.86M) | Time:00:00.00 | Mem:0.01M, Peak:0.01M | Scene, ViewLayer | Updating Particle Systems
Fra:1 Mem:13.68M (Peak 14.86M) | Time:00:00.00 | Mem:0.01M, Peak:0.01M | Scene, ViewLayer | Updating Particle Systems | Copying Particles to device
Fra:1 Mem:13.68M (Peak 14.86M) | Time:00:00.00 | Mem:0.01M, Peak:0.01M | Scene, ViewLayer | Updating Meshes
Fra:1 Mem:13.69M (Peak 14.86M) | Time:00:00.00 | Mem:0.01M, Peak:0.01M | Scene, ViewLayer | Updating Mesh | Computing attributes
Fra:1 Mem:13.71M (Peak 14.86M) | Time:00:00.00 | Mem:0.01M, Peak:0.01M | Scene, ViewLayer | Updating Mesh | Copying Attributes to device
Fra:1 Mem:13.70M (Peak 14.86M) | Time:00:00.00 | Mem:0.02M, Peak:0.02M | Scene, ViewLayer | Updating Scene BVH | Building
Fra:1 Mem:13.70M (Peak 14.86M) | Time:00:00.00 | Mem:0.02M, Peak:0.02M | Scene, ViewLayer | Updating Scene BVH | Building BVH
Fra:1 Mem:13.70M (Peak 14.86M) | Time:00:00.00 | Mem:0.05M, Peak:0.05M | Scene, ViewLayer | Updating Scene BVH | Building BVH 0%
Fra:1 Mem:13.70M (Peak 14.86M) | Time:00:00.00 | Mem:0.08M, Peak:0.10M | Scene, ViewLayer | Updating Scene BVH | Copying BVH to device
Fra:1 Mem:13.70M (Peak 14.86M) | Time:00:00.00 | Mem:0.08M, Peak:0.10M | Scene, ViewLayer | Updating Mesh | Computing normals
Fra:1 Mem:13.75M (Peak 14.86M) | Time:00:00.00 | Mem:0.08M, Peak:0.10M | Scene, ViewLayer | Updating Mesh | Copying Mesh to device
Fra:1 Mem:13.75M (Peak 14.86M) | Time:00:00.00 | Mem:0.12M, Peak:0.12M | Scene, ViewLayer | Updating Objects Flags
Fra:1 Mem:13.75M (Peak 14.86M) | Time:00:00.00 | Mem:0.12M, Peak:0.12M | Scene, ViewLayer | Updating Primitive Offsets
Fra:1 Mem:13.75M (Peak 14.86M) | Time:00:00.00 | Mem:0.12M, Peak:0.12M | Scene, ViewLayer | Updating Images
Fra:1 Mem:13.75M (Peak 14.86M) | Time:00:00.00 | Mem:0.12M, Peak:0.12M | Scene, ViewLayer | Updating Camera Volume
Fra:1 Mem:13.75M (Peak 14.86M) | Time:00:00.00 | Mem:0.12M, Peak:0.12M | Scene, ViewLayer | Updating Lookup Tables
Fra:1 Mem:13.75M (Peak 14.86M) | Time:00:00.00 | Mem:0.20M, Peak:0.20M | Scene, ViewLayer | Updating Lights
Fra:1 Mem:13.75M (Peak 14.86M) | Time:00:00.00 | Mem:0.20M, Peak:0.20M | Scene, ViewLayer | Updating Lights | Computing tree
Fra:1 Mem:13.75M (Peak 14.86M) | Time:00:00.00 | Mem:0.20M, Peak:0.20M | Scene, ViewLayer | Updating Integrator
Fra:1 Mem:13.75M (Peak 14.86M) | Time:00:00.00 | Mem:0.20M, Peak:0.20M | Scene, ViewLayer | Updating Film
Fra:1 Mem:13.75M (Peak 14.86M) | Time:00:00.00 | Mem:0.12M, Peak:0.20M | Scene, ViewLayer | Updating Lookup Tables
Fra:1 Mem:13.75M (Peak 14.86M) | Time:00:00.00 | Mem:0.21M, Peak:0.21M | Scene, ViewLayer | Updating Baking
Fra:1 Mem:13.75M (Peak 14.86M) | Time:00:00.00 | Mem:0.21M, Peak:0.21M | Scene, ViewLayer | Updating Device | Writing constant memory
Fra:1 Mem:13.75M (Peak 14.86M) | Time:00:00.00 | Mem:0.21M, Peak:0.21M | Scene, ViewLayer | Sample 0/16
Fra:1 Mem:16.01M (Peak 16.01M) | Time:00:00.06 | Remaining:00:00.84 | Mem:2.46M, Peak:2.46M | Scene, ViewLayer | Sample 1/16
Fra:1 Mem:17.01M (Peak 19.01M) | Time:00:00.83 | Mem:2.46M, Peak:2.46M | Scene, ViewLayer | Sample 16/16
Fra:1 Mem:17.01M (Peak 19.01M) | Time:00:00.83 | Mem:2.46M, Peak:2.46M | Scene, ViewLayer | Finished
Saved: '/tmp/street-furniture-qa-4q7zi_2_/heritage-lamp.lod1.top.png'
Time: 00:00.84 (Saving: 00:00.00)

Extensions: writing cache failed ([Errno 30] Read-only file system: '/home/agent/.config/blender').
15:54:28 | INFO: Data are loaded, start creating Blender stuff
15:54:28 | INFO: Blender create Mesh node Cast lamp pedestal
15:54:28 | INFO: Blender create Mesh node Warm frosted lantern
15:54:28 | INFO: glTF import finished in 0.00s
Fra:1 Mem:14.94M (Peak 14.94M) | Time:00:00.00 | Mem:0.00M, Peak:0.00M | Scene, ViewLayer | Synchronizing object | metal
Fra:1 Mem:15.01M (Peak 15.01M) | Time:00:00.00 | Mem:0.00M, Peak:0.00M | Scene, ViewLayer | Synchronizing object | QA-ground-plane
Fra:1 Mem:15.43M (Peak 15.43M) | Time:00:00.00 | Mem:0.00M, Peak:0.00M | Scene, ViewLayer | Synchronizing object | QA-1m-ruler-tenth.009
Fra:1 Mem:15.43M (Peak 15.43M) | Time:00:00.00 | Mem:0.00M, Peak:0.00M | Scene, ViewLayer | Synchronizing object | QA-1m-ruler-tenth.008
Fra:1 Mem:15.43M (Peak 15.43M) | Time:00:00.00 | Mem:0.00M, Peak:0.00M | Scene, ViewLayer | Synchronizing object | QA-1m-ruler-tenth.007
Fra:1 Mem:15.43M (Peak 15.43M) | Time:00:00.00 | Mem:0.00M, Peak:0.00M | Scene, ViewLayer | Synchronizing object | QA-1m-ruler-tenth.006
Fra:1 Mem:15.44M (Peak 15.44M) | Time:00:00.00 | Mem:0.00M, Peak:0.00M | Scene, ViewLayer | Synchronizing object | QA-1m-ruler-tenth.005
Fra:1 Mem:15.44M (Peak 15.44M) | Time:00:00.00 | Mem:0.00M, Peak:0.00M | Scene, ViewLayer | Synchronizing object | QA-1m-ruler-tenth.004
Fra:1 Mem:15.44M (Peak 15.44M) | Time:00:00.00 | Mem:0.00M, Peak:0.00M | Scene, ViewLayer | Synchronizing object | QA-1m-ruler-tenth.003
Fra:1 Mem:15.45M (Peak 15.45M) | Time:00:00.00 | Mem:0.00M, Peak:0.00M | Scene, ViewLayer | Synchronizing object | QA-1m-ruler-tenth.002
Fra:1 Mem:15.47M (Peak 15.47M) | Time:00:00.00 | Mem:0.00M, Peak:0.00M | Scene, ViewLayer | Synchronizing object | QA-1m-ruler-tenth.001
Fra:1 Mem:15.47M (Peak 15.47M) | Time:00:00.00 | Mem:0.00M, Peak:0.00M | Scene, ViewLayer | Synchronizing object | QA-1m-ruler-tenth
Fra:1 Mem:15.52M (Peak 15.52M) | Time:00:00.00 | Mem:0.00M, Peak:0.00M | Scene, ViewLayer | Synchronizing object | Sphere.001
Fra:1 Mem:15.55M (Peak 15.55M) | Time:00:00.00 | Mem:0.00M, Peak:0.00M | Scene, ViewLayer | Synchronizing object | QA-human-arm.003
Fra:1 Mem:15.55M (Peak 15.55M) | Time:00:00.00 | Mem:0.00M, Peak:0.00M | Scene, ViewLayer | Synchronizing object | QA-human-arm.002
Fra:1 Mem:15.55M (Peak 15.55M) | Time:00:00.00 | Mem:0.00M, Peak:0.00M | Scene, ViewLayer | Synchronizing object | QA-human-leg.003
Fra:1 Mem:15.53M (Peak 15.55M) | Time:00:00.00 | Mem:0.00M, Peak:0.00M | Scene, ViewLayer | Synchronizing object | QA-human-leg.002
Fra:1 Mem:15.54M (Peak 15.55M) | Time:00:00.00 | Mem:0.00M, Peak:0.00M | Scene, ViewLayer | Synchronizing object | QA-human-neck.001
Fra:1 Mem:15.54M (Peak 15.55M) | Time:00:00.00 | Mem:0.00M, Peak:0.00M | Scene, ViewLayer | Synchronizing object | QA-human-torso.001
Fra:1 Mem:15.54M (Peak 15.55M) | Time:00:00.00 | Mem:0.00M, Peak:0.00M | Scene, ViewLayer | Synchronizing object | Sphere
Fra:1 Mem:15.56M (Peak 15.56M) | Time:00:00.00 | Mem:0.00M, Peak:0.00M | Scene, ViewLayer | Synchronizing object | QA-human-arm.001
Fra:1 Mem:15.56M (Peak 15.56M) | Time:00:00.00 | Mem:0.00M, Peak:0.00M | Scene, ViewLayer | Synchronizing object | QA-human-arm
Fra:1 Mem:15.61M (Peak 15.61M) | Time:00:00.00 | Mem:0.00M, Peak:0.00M | Scene, ViewLayer | Synchronizing object | QA-human-leg.001
Fra:1 Mem:15.58M (Peak 15.61M) | Time:00:00.00 | Mem:0.00M, Peak:0.00M | Scene, ViewLayer | Synchronizing object | QA-human-leg
Fra:1 Mem:15.58M (Peak 15.61M) | Time:00:00.00 | Mem:0.00M, Peak:0.00M | Scene, ViewLayer | Synchronizing object | QA-human-neck
Fra:1 Mem:15.14M (Peak 15.61M) | Time:00:00.00 | Mem:0.00M, Peak:0.00M | Scene, ViewLayer | Synchronizing object | QA-human-torso
Fra:1 Mem:15.14M (Peak 15.61M) | Time:00:00.00 | Mem:0.00M, Peak:0.00M | Scene, ViewLayer | Synchronizing object | diffuser
Fra:1 Mem:15.21M (Peak 15.61M) | Time:00:00.00 | Mem:0.00M, Peak:0.00M | Scene, ViewLayer | Initializing
Fra:1 Mem:13.96M (Peak 15.61M) | Time:00:00.00 | Mem:0.00M, Peak:0.00M | Scene, ViewLayer | Waiting for render to start
Fra:1 Mem:13.96M (Peak 15.61M) | Time:00:00.00 | Mem:0.00M, Peak:0.00M | Scene, ViewLayer | Loading render kernels (may take a few minutes the first time)
Fra:1 Mem:13.96M (Peak 15.61M) | Time:00:00.00 | Mem:0.00M, Peak:0.00M | Scene, ViewLayer | Updating Scene
Fra:1 Mem:13.96M (Peak 15.61M) | Time:00:00.00 | Mem:0.00M, Peak:0.00M | Scene, ViewLayer | Updating Shaders
Fra:1 Mem:14.05M (Peak 15.61M) | Time:00:00.00 | Mem:0.01M, Peak:0.01M | Scene, ViewLayer | Updating Procedurals
Fra:1 Mem:14.05M (Peak 15.61M) | Time:00:00.00 | Mem:0.01M, Peak:0.01M | Scene, ViewLayer | Updating Background
Fra:1 Mem:14.05M (Peak 15.61M) | Time:00:00.00 | Mem:0.01M, Peak:0.01M | Scene, ViewLayer | Updating Camera
Fra:1 Mem:14.05M (Peak 15.61M) | Time:00:00.00 | Mem:0.01M, Peak:0.01M | Scene, ViewLayer | Updating Meshes Flags
Fra:1 Mem:14.05M (Peak 15.61M) | Time:00:00.00 | Mem:0.01M, Peak:0.01M | Scene, ViewLayer | Updating Objects
Fra:1 Mem:14.05M (Peak 15.61M) | Time:00:00.00 | Mem:0.01M, Peak:0.01M | Scene, ViewLayer | Updating Objects | Copying Transformations to device
Fra:1 Mem:14.06M (Peak 15.61M) | Time:00:00.00 | Mem:0.01M, Peak:0.01M | Scene, ViewLayer | Updating Objects | Applying Static Transformations
Fra:1 Mem:14.06M (Peak 15.61M) | Time:00:00.00 | Mem:0.01M, Peak:0.01M | Scene, ViewLayer | Updating Particle Systems
Fra:1 Mem:14.06M (Peak 15.61M) | Time:00:00.00 | Mem:0.01M, Peak:0.01M | Scene, ViewLayer | Updating Particle Systems | Copying Particles to device
Fra:1 Mem:14.06M (Peak 15.61M) | Time:00:00.00 | Mem:0.01M, Peak:0.01M | Scene, ViewLayer | Updating Meshes
Fra:1 Mem:14.08M (Peak 15.61M) | Time:00:00.00 | Mem:0.01M, Peak:0.01M | Scene, ViewLayer | Updating Mesh | Computing attributes
Fra:1 Mem:14.13M (Peak 15.61M) | Time:00:00.00 | Mem:0.01M, Peak:0.01M | Scene, ViewLayer | Updating Mesh | Copying Attributes to device
Fra:1 Mem:14.13M (Peak 15.61M) | Time:00:00.00 | Mem:0.06M, Peak:0.06M | Scene, ViewLayer | Updating Scene BVH | Building
Fra:1 Mem:14.13M (Peak 15.61M) | Time:00:00.00 | Mem:0.06M, Peak:0.06M | Scene, ViewLayer | Updating Scene BVH | Building BVH
Fra:1 Mem:14.13M (Peak 15.61M) | Time:00:00.00 | Mem:0.11M, Peak:0.11M | Scene, ViewLayer | Updating Scene BVH | Building BVH 0%
Fra:1 Mem:14.13M (Peak 15.61M) | Time:00:00.00 | Mem:0.18M, Peak:0.23M | Scene, ViewLayer | Updating Scene BVH | Copying BVH to device
Fra:1 Mem:14.13M (Peak 15.61M) | Time:00:00.00 | Mem:0.18M, Peak:0.23M | Scene, ViewLayer | Updating Mesh | Computing normals
Fra:1 Mem:14.29M (Peak 15.61M) | Time:00:00.00 | Mem:0.18M, Peak:0.23M | Scene, ViewLayer | Updating Mesh | Copying Mesh to device
Fra:1 Mem:14.29M (Peak 15.61M) | Time:00:00.00 | Mem:0.33M, Peak:0.33M | Scene, ViewLayer | Updating Objects Flags
Fra:1 Mem:14.29M (Peak 15.61M) | Time:00:00.00 | Mem:0.33M, Peak:0.33M | Scene, ViewLayer | Updating Primitive Offsets
Fra:1 Mem:14.29M (Peak 15.61M) | Time:00:00.00 | Mem:0.33M, Peak:0.33M | Scene, ViewLayer | Updating Images
Fra:1 Mem:14.29M (Peak 15.61M) | Time:00:00.00 | Mem:0.33M, Peak:0.33M | Scene, ViewLayer | Updating Camera Volume
Fra:1 Mem:14.29M (Peak 15.61M) | Time:00:00.00 | Mem:0.33M, Peak:0.33M | Scene, ViewLayer | Updating Lookup Tables
Fra:1 Mem:14.29M (Peak 15.61M) | Time:00:00.00 | Mem:0.42M, Peak:0.42M | Scene, ViewLayer | Updating Lights
Fra:1 Mem:14.29M (Peak 15.61M) | Time:00:00.00 | Mem:0.42M, Peak:0.42M | Scene, ViewLayer | Updating Lights | Computing tree
Fra:1 Mem:14.29M (Peak 15.61M) | Time:00:00.00 | Mem:0.42M, Peak:0.42M | Scene, ViewLayer | Updating Integrator
Fra:1 Mem:14.29M (Peak 15.61M) | Time:00:00.00 | Mem:0.42M, Peak:0.42M | Scene, ViewLayer | Updating Film
Fra:1 Mem:14.29M (Peak 15.61M) | Time:00:00.00 | Mem:0.34M, Peak:0.42M | Scene, ViewLayer | Updating Lookup Tables
Fra:1 Mem:14.29M (Peak 15.61M) | Time:00:00.00 | Mem:0.42M, Peak:0.42M | Scene, ViewLayer | Updating Baking
Fra:1 Mem:14.29M (Peak 15.61M) | Time:00:00.00 | Mem:0.42M, Peak:0.42M | Scene, ViewLayer | Updating Device | Writing constant memory
Fra:1 Mem:14.29M (Peak 15.61M) | Time:00:00.00 | Mem:0.42M, Peak:0.42M | Scene, ViewLayer | Sample 0/16
Fra:1 Mem:16.55M (Peak 16.55M) | Time:00:00.02 | Remaining:00:00.29 | Mem:2.67M, Peak:2.67M | Scene, ViewLayer | Sample 1/16
Fra:1 Mem:17.55M (Peak 19.55M) | Time:00:00.26 | Mem:2.67M, Peak:2.67M | Scene, ViewLayer | Sample 16/16
Fra:1 Mem:17.55M (Peak 19.55M) | Time:00:00.26 | Mem:2.67M, Peak:2.67M | Scene, ViewLayer | Finished
Saved: '/tmp/street-furniture-qa-4q7zi_2_/heritage-lamp.lod0.overcast.png'
Time: 00:00.27 (Saving: 00:00.00)

Extensions: writing cache failed ([Errno 30] Read-only file system: '/home/agent/.config/blender').
15:54:28 | INFO: Data are loaded, start creating Blender stuff
15:54:28 | INFO: Blender create Mesh node Cast lamp pedestal
15:54:28 | INFO: Blender create Mesh node Warm frosted lantern
15:54:28 | INFO: glTF import finished in 0.00s
Fra:1 Mem:14.94M (Peak 14.94M) | Time:00:00.00 | Mem:0.00M, Peak:0.00M | Scene, ViewLayer | Synchronizing object | metal
Fra:1 Mem:15.01M (Peak 15.01M) | Time:00:00.00 | Mem:0.00M, Peak:0.00M | Scene, ViewLayer | Synchronizing object | QA-ground-plane
Fra:1 Mem:15.43M (Peak 15.43M) | Time:00:00.00 | Mem:0.00M, Peak:0.00M | Scene, ViewLayer | Synchronizing object | QA-1m-ruler-tenth.009
Fra:1 Mem:15.43M (Peak 15.43M) | Time:00:00.00 | Mem:0.00M, Peak:0.00M | Scene, ViewLayer | Synchronizing object | QA-1m-ruler-tenth.008
Fra:1 Mem:15.43M (Peak 15.43M) | Time:00:00.00 | Mem:0.00M, Peak:0.00M | Scene, ViewLayer | Synchronizing object | QA-1m-ruler-tenth.007
Fra:1 Mem:15.43M (Peak 15.43M) | Time:00:00.00 | Mem:0.00M, Peak:0.00M | Scene, ViewLayer | Synchronizing object | QA-1m-ruler-tenth.006
Fra:1 Mem:15.44M (Peak 15.44M) | Time:00:00.00 | Mem:0.00M, Peak:0.00M | Scene, ViewLayer | Synchronizing object | QA-1m-ruler-tenth.005
Fra:1 Mem:15.44M (Peak 15.44M) | Time:00:00.00 | Mem:0.00M, Peak:0.00M | Scene, ViewLayer | Synchronizing object | QA-1m-ruler-tenth.004
Fra:1 Mem:15.45M (Peak 15.45M) | Time:00:00.00 | Mem:0.00M, Peak:0.00M | Scene, ViewLayer | Synchronizing object | QA-1m-ruler-tenth.003
Fra:1 Mem:15.47M (Peak 15.47M) | Time:00:00.00 | Mem:0.00M, Peak:0.00M | Scene, ViewLayer | Synchronizing object | QA-1m-ruler-tenth.002
Fra:1 Mem:15.53M (Peak 15.53M) | Time:00:00.00 | Mem:0.00M, Peak:0.00M | Scene, ViewLayer | Synchronizing object | QA-1m-ruler-tenth.001
Fra:1 Mem:15.54M (Peak 15.54M) | Time:00:00.00 | Mem:0.00M, Peak:0.00M | Scene, ViewLayer | Synchronizing object | QA-1m-ruler-tenth
Fra:1 Mem:15.54M (Peak 15.54M) | Time:00:00.00 | Mem:0.00M, Peak:0.00M | Scene, ViewLayer | Synchronizing object | Sphere.001
Fra:1 Mem:15.54M (Peak 15.54M) | Time:00:00.00 | Mem:0.00M, Peak:0.00M | Scene, ViewLayer | Synchronizing object | QA-human-arm.003
Fra:1 Mem:15.53M (Peak 15.54M) | Time:00:00.00 | Mem:0.00M, Peak:0.00M | Scene, ViewLayer | Synchronizing object | QA-human-arm.002
Fra:1 Mem:15.53M (Peak 15.54M) | Time:00:00.00 | Mem:0.00M, Peak:0.00M | Scene, ViewLayer | Synchronizing object | QA-human-leg.003
Fra:1 Mem:15.54M (Peak 15.54M) | Time:00:00.00 | Mem:0.00M, Peak:0.00M | Scene, ViewLayer | Synchronizing object | QA-human-leg.002
Fra:1 Mem:15.54M (Peak 15.54M) | Time:00:00.00 | Mem:0.00M, Peak:0.00M | Scene, ViewLayer | Synchronizing object | QA-human-neck.001
Fra:1 Mem:15.57M (Peak 15.57M) | Time:00:00.00 | Mem:0.00M, Peak:0.00M | Scene, ViewLayer | Synchronizing object | QA-human-torso.001
Fra:1 Mem:15.55M (Peak 15.57M) | Time:00:00.00 | Mem:0.00M, Peak:0.00M | Scene, ViewLayer | Synchronizing object | Sphere
Fra:1 Mem:15.60M (Peak 15.60M) | Time:00:00.00 | Mem:0.00M, Peak:0.00M | Scene, ViewLayer | Synchronizing object | QA-human-arm.001
Fra:1 Mem:15.61M (Peak 15.61M) | Time:00:00.00 | Mem:0.00M, Peak:0.00M | Scene, ViewLayer | Synchronizing object | QA-human-arm
Fra:1 Mem:15.58M (Peak 15.61M) | Time:00:00.00 | Mem:0.00M, Peak:0.00M | Scene, ViewLayer | Synchronizing object | QA-human-leg.001
Fra:1 Mem:15.17M (Peak 15.61M) | Time:00:00.00 | Mem:0.00M, Peak:0.00M | Scene, ViewLayer | Synchronizing object | QA-human-leg
Fra:1 Mem:15.14M (Peak 15.61M) | Time:00:00.00 | Mem:0.00M, Peak:0.00M | Scene, ViewLayer | Synchronizing object | QA-human-neck
Fra:1 Mem:15.20M (Peak 15.61M) | Time:00:00.00 | Mem:0.00M, Peak:0.00M | Scene, ViewLayer | Synchronizing object | QA-human-torso
Fra:1 Mem:15.20M (Peak 15.61M) | Time:00:00.00 | Mem:0.00M, Peak:0.00M | Scene, ViewLayer | Synchronizing object | diffuser
Fra:1 Mem:15.21M (Peak 15.61M) | Time:00:00.00 | Mem:0.00M, Peak:0.00M | Scene, ViewLayer | Initializing
Fra:1 Mem:13.96M (Peak 15.61M) | Time:00:00.00 | Mem:0.00M, Peak:0.00M | Scene, ViewLayer | Waiting for render to start
Fra:1 Mem:13.96M (Peak 15.61M) | Time:00:00.00 | Mem:0.00M, Peak:0.00M | Scene, ViewLayer | Loading render kernels (may take a few minutes the first time)
Fra:1 Mem:13.96M (Peak 15.61M) | Time:00:00.00 | Mem:0.00M, Peak:0.00M | Scene, ViewLayer | Updating Scene
Fra:1 Mem:13.96M (Peak 15.61M) | Time:00:00.00 | Mem:0.00M, Peak:0.00M | Scene, ViewLayer | Updating Shaders
Fra:1 Mem:14.05M (Peak 15.61M) | Time:00:00.00 | Mem:0.01M, Peak:0.01M | Scene, ViewLayer | Updating Procedurals
Fra:1 Mem:14.05M (Peak 15.61M) | Time:00:00.00 | Mem:0.01M, Peak:0.01M | Scene, ViewLayer | Updating Background
Fra:1 Mem:14.05M (Peak 15.61M) | Time:00:00.00 | Mem:0.01M, Peak:0.01M | Scene, ViewLayer | Updating Camera
Fra:1 Mem:14.05M (Peak 15.61M) | Time:00:00.00 | Mem:0.01M, Peak:0.01M | Scene, ViewLayer | Updating Meshes Flags
Fra:1 Mem:14.05M (Peak 15.61M) | Time:00:00.00 | Mem:0.01M, Peak:0.01M | Scene, ViewLayer | Updating Objects
Fra:1 Mem:14.05M (Peak 15.61M) | Time:00:00.00 | Mem:0.01M, Peak:0.01M | Scene, ViewLayer | Updating Objects | Copying Transformations to device
Fra:1 Mem:14.06M (Peak 15.61M) | Time:00:00.00 | Mem:0.01M, Peak:0.01M | Scene, ViewLayer | Updating Objects | Applying Static Transformations
Fra:1 Mem:14.06M (Peak 15.61M) | Time:00:00.00 | Mem:0.01M, Peak:0.01M | Scene, ViewLayer | Updating Particle Systems
Fra:1 Mem:14.06M (Peak 15.61M) | Time:00:00.00 | Mem:0.01M, Peak:0.01M | Scene, ViewLayer | Updating Particle Systems | Copying Particles to device
Fra:1 Mem:14.06M (Peak 15.61M) | Time:00:00.00 | Mem:0.01M, Peak:0.01M | Scene, ViewLayer | Updating Meshes
Fra:1 Mem:14.08M (Peak 15.61M) | Time:00:00.00 | Mem:0.01M, Peak:0.01M | Scene, ViewLayer | Updating Mesh | Computing attributes
Fra:1 Mem:14.14M (Peak 15.61M) | Time:00:00.00 | Mem:0.01M, Peak:0.01M | Scene, ViewLayer | Updating Mesh | Copying Attributes to device
Fra:1 Mem:14.13M (Peak 15.61M) | Time:00:00.00 | Mem:0.06M, Peak:0.06M | Scene, ViewLayer | Updating Scene BVH | Building
Fra:1 Mem:14.13M (Peak 15.61M) | Time:00:00.00 | Mem:0.06M, Peak:0.06M | Scene, ViewLayer | Updating Scene BVH | Building BVH
Fra:1 Mem:14.13M (Peak 15.61M) | Time:00:00.00 | Mem:0.11M, Peak:0.11M | Scene, ViewLayer | Updating Scene BVH | Building BVH 0%
Fra:1 Mem:14.13M (Peak 15.61M) | Time:00:00.00 | Mem:0.18M, Peak:0.23M | Scene, ViewLayer | Updating Scene BVH | Copying BVH to device
Fra:1 Mem:14.13M (Peak 15.61M) | Time:00:00.00 | Mem:0.18M, Peak:0.23M | Scene, ViewLayer | Updating Mesh | Computing normals
Fra:1 Mem:14.29M (Peak 15.61M) | Time:00:00.00 | Mem:0.18M, Peak:0.23M | Scene, ViewLayer | Updating Mesh | Copying Mesh to device
Fra:1 Mem:14.29M (Peak 15.61M) | Time:00:00.00 | Mem:0.33M, Peak:0.33M | Scene, ViewLayer | Updating Objects Flags
Fra:1 Mem:14.29M (Peak 15.61M) | Time:00:00.00 | Mem:0.33M, Peak:0.33M | Scene, ViewLayer | Updating Primitive Offsets
Fra:1 Mem:14.29M (Peak 15.61M) | Time:00:00.00 | Mem:0.33M, Peak:0.33M | Scene, ViewLayer | Updating Images
Fra:1 Mem:14.29M (Peak 15.61M) | Time:00:00.00 | Mem:0.33M, Peak:0.33M | Scene, ViewLayer | Updating Camera Volume
Fra:1 Mem:14.29M (Peak 15.61M) | Time:00:00.00 | Mem:0.33M, Peak:0.33M | Scene, ViewLayer | Updating Lookup Tables
Fra:1 Mem:14.29M (Peak 15.61M) | Time:00:00.00 | Mem:0.42M, Peak:0.42M | Scene, ViewLayer | Updating Lights
Fra:1 Mem:14.29M (Peak 15.61M) | Time:00:00.00 | Mem:0.42M, Peak:0.42M | Scene, ViewLayer | Updating Lights | Computing tree
Fra:1 Mem:14.29M (Peak 15.61M) | Time:00:00.00 | Mem:0.42M, Peak:0.42M | Scene, ViewLayer | Updating Integrator
Fra:1 Mem:14.29M (Peak 15.61M) | Time:00:00.00 | Mem:0.42M, Peak:0.42M | Scene, ViewLayer | Updating Film
Fra:1 Mem:14.29M (Peak 15.61M) | Time:00:00.00 | Mem:0.34M, Peak:0.42M | Scene, ViewLayer | Updating Lookup Tables
Fra:1 Mem:14.29M (Peak 15.61M) | Time:00:00.00 | Mem:0.42M, Peak:0.42M | Scene, ViewLayer | Updating Baking
Fra:1 Mem:14.29M (Peak 15.61M) | Time:00:00.00 | Mem:0.42M, Peak:0.42M | Scene, ViewLayer | Updating Device | Writing constant memory
Fra:1 Mem:14.29M (Peak 15.61M) | Time:00:00.00 | Mem:0.42M, Peak:0.42M | Scene, ViewLayer | Sample 0/16
Fra:1 Mem:16.55M (Peak 16.55M) | Time:00:00.03 | Remaining:00:00.38 | Mem:2.67M, Peak:2.67M | Scene, ViewLayer | Sample 1/16
Fra:1 Mem:17.55M (Peak 19.55M) | Time:00:00.27 | Mem:2.67M, Peak:2.67M | Scene, ViewLayer | Sample 16/16
Fra:1 Mem:17.55M (Peak 19.55M) | Time:00:00.27 | Mem:2.67M, Peak:2.67M | Scene, ViewLayer | Finished
Saved: '/tmp/street-furniture-qa-4q7zi_2_/heritage-lamp.lod0.dusk.png'
Time: 00:00.28 (Saving: 00:00.00)

Extensions: writing cache failed ([Errno 30] Read-only file system: '/home/agent/.config/blender').
15:54:29 | INFO: Data are loaded, start creating Blender stuff
15:54:29 | INFO: Blender create Mesh node Cast lamp pedestal
15:54:29 | INFO: Blender create Mesh node Warm frosted lantern
15:54:29 | INFO: glTF import finished in 0.00s
Fra:1 Mem:14.94M (Peak 14.94M) | Time:00:00.00 | Mem:0.00M, Peak:0.00M | Scene, ViewLayer | Synchronizing object | metal
Fra:1 Mem:15.01M (Peak 15.01M) | Time:00:00.00 | Mem:0.00M, Peak:0.00M | Scene, ViewLayer | Synchronizing object | QA-ground-plane
Fra:1 Mem:15.43M (Peak 15.43M) | Time:00:00.00 | Mem:0.00M, Peak:0.00M | Scene, ViewLayer | Synchronizing object | QA-1m-ruler-tenth.009
Fra:1 Mem:15.43M (Peak 15.43M) | Time:00:00.00 | Mem:0.00M, Peak:0.00M | Scene, ViewLayer | Synchronizing object | QA-1m-ruler-tenth.008
Fra:1 Mem:15.43M (Peak 15.43M) | Time:00:00.00 | Mem:0.00M, Peak:0.00M | Scene, ViewLayer | Synchronizing object | QA-1m-ruler-tenth.007
Fra:1 Mem:15.43M (Peak 15.43M) | Time:00:00.00 | Mem:0.00M, Peak:0.00M | Scene, ViewLayer | Synchronizing object | QA-1m-ruler-tenth.006
Fra:1 Mem:15.44M (Peak 15.44M) | Time:00:00.00 | Mem:0.00M, Peak:0.00M | Scene, ViewLayer | Synchronizing object | QA-1m-ruler-tenth.005
Fra:1 Mem:15.44M (Peak 15.44M) | Time:00:00.00 | Mem:0.00M, Peak:0.00M | Scene, ViewLayer | Synchronizing object | QA-1m-ruler-tenth.004
Fra:1 Mem:15.45M (Peak 15.45M) | Time:00:00.00 | Mem:0.00M, Peak:0.00M | Scene, ViewLayer | Synchronizing object | QA-1m-ruler-tenth.003
Fra:1 Mem:15.47M (Peak 15.47M) | Time:00:00.00 | Mem:0.00M, Peak:0.00M | Scene, ViewLayer | Synchronizing object | QA-1m-ruler-tenth.002
Fra:1 Mem:15.47M (Peak 15.47M) | Time:00:00.00 | Mem:0.00M, Peak:0.00M | Scene, ViewLayer | Synchronizing object | QA-1m-ruler-tenth.001
Fra:1 Mem:15.52M (Peak 15.52M) | Time:00:00.00 | Mem:0.00M, Peak:0.00M | Scene, ViewLayer | Synchronizing object | QA-1m-ruler-tenth
Fra:1 Mem:15.54M (Peak 15.54M) | Time:00:00.00 | Mem:0.00M, Peak:0.00M | Scene, ViewLayer | Synchronizing object | Sphere.001
Fra:1 Mem:15.55M (Peak 15.55M) | Time:00:00.00 | Mem:0.00M, Peak:0.00M | Scene, ViewLayer | Synchronizing object | QA-human-arm.003
Fra:1 Mem:15.55M (Peak 15.55M) | Time:00:00.00 | Mem:0.00M, Peak:0.00M | Scene, ViewLayer | Synchronizing object | QA-human-arm.002
Fra:1 Mem:15.55M (Peak 15.55M) | Time:00:00.00 | Mem:0.00M, Peak:0.00M | Scene, ViewLayer | Synchronizing object | QA-human-leg.003
Fra:1 Mem:15.54M (Peak 15.55M) | Time:00:00.00 | Mem:0.00M, Peak:0.00M | Scene, ViewLayer | Synchronizing object | QA-human-leg.002
Fra:1 Mem:15.54M (Peak 15.55M) | Time:00:00.00 | Mem:0.00M, Peak:0.00M | Scene, ViewLayer | Synchronizing object | QA-human-neck.001
Fra:1 Mem:15.54M (Peak 15.55M) | Time:00:00.00 | Mem:0.00M, Peak:0.00M | Scene, ViewLayer | Synchronizing object | QA-human-torso.001
Fra:1 Mem:15.54M (Peak 15.55M) | Time:00:00.00 | Mem:0.00M, Peak:0.00M | Scene, ViewLayer | Synchronizing object | Sphere
Fra:1 Mem:15.56M (Peak 15.56M) | Time:00:00.00 | Mem:0.00M, Peak:0.00M | Scene, ViewLayer | Synchronizing object | QA-human-arm.001
Fra:1 Mem:15.56M (Peak 15.56M) | Time:00:00.00 | Mem:0.00M, Peak:0.00M | Scene, ViewLayer | Synchronizing object | QA-human-arm
Fra:1 Mem:15.61M (Peak 15.61M) | Time:00:00.00 | Mem:0.00M, Peak:0.00M | Scene, ViewLayer | Synchronizing object | QA-human-leg.001
Fra:1 Mem:15.61M (Peak 15.61M) | Time:00:00.00 | Mem:0.00M, Peak:0.00M | Scene, ViewLayer | Synchronizing object | QA-human-leg
Fra:1 Mem:15.58M (Peak 15.61M) | Time:00:00.00 | Mem:0.00M, Peak:0.00M | Scene, ViewLayer | Synchronizing object | QA-human-neck
Fra:1 Mem:15.14M (Peak 15.61M) | Time:00:00.00 | Mem:0.00M, Peak:0.00M | Scene, ViewLayer | Synchronizing object | QA-human-torso
Fra:1 Mem:15.14M (Peak 15.61M) | Time:00:00.00 | Mem:0.00M, Peak:0.00M | Scene, ViewLayer | Synchronizing object | diffuser
Fra:1 Mem:15.21M (Peak 15.61M) | Time:00:00.00 | Mem:0.00M, Peak:0.00M | Scene, ViewLayer | Initializing
Fra:1 Mem:13.96M (Peak 15.61M) | Time:00:00.00 | Mem:0.00M, Peak:0.00M | Scene, ViewLayer | Waiting for render to start
Fra:1 Mem:13.96M (Peak 15.61M) | Time:00:00.00 | Mem:0.00M, Peak:0.00M | Scene, ViewLayer | Loading render kernels (may take a few minutes the first time)
Fra:1 Mem:13.96M (Peak 15.61M) | Time:00:00.00 | Mem:0.00M, Peak:0.00M | Scene, ViewLayer | Updating Scene
Fra:1 Mem:13.96M (Peak 15.61M) | Time:00:00.00 | Mem:0.00M, Peak:0.00M | Scene, ViewLayer | Updating Shaders
Fra:1 Mem:14.05M (Peak 15.61M) | Time:00:00.00 | Mem:0.01M, Peak:0.01M | Scene, ViewLayer | Updating Procedurals
Fra:1 Mem:14.05M (Peak 15.61M) | Time:00:00.00 | Mem:0.01M, Peak:0.01M | Scene, ViewLayer | Updating Background
Fra:1 Mem:14.05M (Peak 15.61M) | Time:00:00.00 | Mem:0.01M, Peak:0.01M | Scene, ViewLayer | Updating Camera
Fra:1 Mem:14.05M (Peak 15.61M) | Time:00:00.00 | Mem:0.01M, Peak:0.01M | Scene, ViewLayer | Updating Meshes Flags
Fra:1 Mem:14.05M (Peak 15.61M) | Time:00:00.00 | Mem:0.01M, Peak:0.01M | Scene, ViewLayer | Updating Objects
Fra:1 Mem:14.05M (Peak 15.61M) | Time:00:00.00 | Mem:0.01M, Peak:0.01M | Scene, ViewLayer | Updating Objects | Copying Transformations to device
Fra:1 Mem:14.06M (Peak 15.61M) | Time:00:00.00 | Mem:0.01M, Peak:0.01M | Scene, ViewLayer | Updating Objects | Applying Static Transformations
Fra:1 Mem:14.06M (Peak 15.61M) | Time:00:00.00 | Mem:0.01M, Peak:0.01M | Scene, ViewLayer | Updating Particle Systems
Fra:1 Mem:14.06M (Peak 15.61M) | Time:00:00.00 | Mem:0.01M, Peak:0.01M | Scene, ViewLayer | Updating Particle Systems | Copying Particles to device
Fra:1 Mem:14.06M (Peak 15.61M) | Time:00:00.00 | Mem:0.01M, Peak:0.01M | Scene, ViewLayer | Updating Meshes
Fra:1 Mem:14.08M (Peak 15.61M) | Time:00:00.00 | Mem:0.01M, Peak:0.01M | Scene, ViewLayer | Updating Mesh | Computing attributes
Fra:1 Mem:14.14M (Peak 15.61M) | Time:00:00.00 | Mem:0.01M, Peak:0.01M | Scene, ViewLayer | Updating Mesh | Copying Attributes to device
Fra:1 Mem:14.13M (Peak 15.61M) | Time:00:00.00 | Mem:0.06M, Peak:0.06M | Scene, ViewLayer | Updating Scene BVH | Building
Fra:1 Mem:14.13M (Peak 15.61M) | Time:00:00.00 | Mem:0.06M, Peak:0.06M | Scene, ViewLayer | Updating Scene BVH | Building BVH
Fra:1 Mem:14.13M (Peak 15.61M) | Time:00:00.00 | Mem:0.11M, Peak:0.11M | Scene, ViewLayer | Updating Scene BVH | Building BVH 0%
Fra:1 Mem:14.13M (Peak 15.61M) | Time:00:00.00 | Mem:0.18M, Peak:0.23M | Scene, ViewLayer | Updating Scene BVH | Copying BVH to device
Fra:1 Mem:14.13M (Peak 15.61M) | Time:00:00.00 | Mem:0.18M, Peak:0.23M | Scene, ViewLayer | Updating Mesh | Computing normals
Fra:1 Mem:14.29M (Peak 15.61M) | Time:00:00.00 | Mem:0.18M, Peak:0.23M | Scene, ViewLayer | Updating Mesh | Copying Mesh to device
Fra:1 Mem:14.29M (Peak 15.61M) | Time:00:00.00 | Mem:0.33M, Peak:0.33M | Scene, ViewLayer | Updating Objects Flags
Fra:1 Mem:14.29M (Peak 15.61M) | Time:00:00.00 | Mem:0.33M, Peak:0.33M | Scene, ViewLayer | Updating Primitive Offsets
Fra:1 Mem:14.29M (Peak 15.61M) | Time:00:00.00 | Mem:0.33M, Peak:0.33M | Scene, ViewLayer | Updating Images
Fra:1 Mem:14.29M (Peak 15.61M) | Time:00:00.00 | Mem:0.33M, Peak:0.33M | Scene, ViewLayer | Updating Camera Volume
Fra:1 Mem:14.29M (Peak 15.61M) | Time:00:00.00 | Mem:0.33M, Peak:0.33M | Scene, ViewLayer | Updating Lookup Tables
Fra:1 Mem:14.29M (Peak 15.61M) | Time:00:00.00 | Mem:0.42M, Peak:0.42M | Scene, ViewLayer | Updating Lights
Fra:1 Mem:14.29M (Peak 15.61M) | Time:00:00.00 | Mem:0.42M, Peak:0.42M | Scene, ViewLayer | Updating Lights | Computing tree
Fra:1 Mem:14.29M (Peak 15.61M) | Time:00:00.00 | Mem:0.42M, Peak:0.42M | Scene, ViewLayer | Updating Integrator
Fra:1 Mem:14.29M (Peak 15.61M) | Time:00:00.00 | Mem:0.42M, Peak:0.42M | Scene, ViewLayer | Updating Film
Fra:1 Mem:14.29M (Peak 15.61M) | Time:00:00.00 | Mem:0.34M, Peak:0.42M | Scene, ViewLayer | Updating Lookup Tables
Fra:1 Mem:14.29M (Peak 15.61M) | Time:00:00.00 | Mem:0.42M, Peak:0.42M | Scene, ViewLayer | Updating Baking
Fra:1 Mem:14.29M (Peak 15.61M) | Time:00:00.00 | Mem:0.42M, Peak:0.42M | Scene, ViewLayer | Updating Device | Writing constant memory
Fra:1 Mem:14.29M (Peak 15.61M) | Time:00:00.00 | Mem:0.42M, Peak:0.42M | Scene, ViewLayer | Sample 0/16
Fra:1 Mem:16.55M (Peak 16.55M) | Time:00:00.02 | Remaining:00:00.30 | Mem:2.67M, Peak:2.67M | Scene, ViewLayer | Sample 1/16
Fra:1 Mem:17.55M (Peak 19.55M) | Time:00:00.29 | Mem:2.67M, Peak:2.67M | Scene, ViewLayer | Sample 16/16
Fra:1 Mem:17.55M (Peak 19.55M) | Time:00:00.29 | Mem:2.67M, Peak:2.67M | Scene, ViewLayer | Finished
Saved: '/tmp/street-furniture-qa-4q7zi_2_/heritage-lamp.lod0.night.png'
Time: 00:00.30 (Saving: 00:00.00)

RENDERED heritage-lamp
Extensions: writing cache failed ([Errno 30] Read-only file system: '/home/agent/.config/blender').
15:54:29 | INFO: Data are loaded, start creating Blender stuff
15:54:29 | INFO: Blender create Mesh node Cube
15:54:29 | INFO: Blender create Mesh node Cube.008
15:54:29 | INFO: Blender create Mesh node Cube.050
15:54:29 | INFO: Blender create Mesh node Cube.051
15:54:29 | INFO: glTF import finished in 0.01s
Fra:1 Mem:15.49M (Peak 15.49M) | Time:00:00.00 | Mem:0.00M, Peak:0.00M | Scene, ViewLayer | Synchronizing object | metal
Fra:1 Mem:15.58M (Peak 15.58M) | Time:00:00.00 | Mem:0.00M, Peak:0.00M | Scene, ViewLayer | Synchronizing object | QA-ground-plane
Fra:1 Mem:16.15M (Peak 16.15M) | Time:00:00.00 | Mem:0.00M, Peak:0.00M | Scene, ViewLayer | Synchronizing object | QA-1m-ruler-tenth.009
Fra:1 Mem:16.15M (Peak 16.15M) | Time:00:00.00 | Mem:0.00M, Peak:0.00M | Scene, ViewLayer | Synchronizing object | QA-1m-ruler-tenth.008
Fra:1 Mem:16.15M (Peak 16.15M) | Time:00:00.00 | Mem:0.00M, Peak:0.00M | Scene, ViewLayer | Synchronizing object | QA-1m-ruler-tenth.007
Fra:1 Mem:16.16M (Peak 16.16M) | Time:00:00.00 | Mem:0.00M, Peak:0.00M | Scene, ViewLayer | Synchronizing object | QA-1m-ruler-tenth.006
Fra:1 Mem:16.16M (Peak 16.16M) | Time:00:00.00 | Mem:0.00M, Peak:0.00M | Scene, ViewLayer | Synchronizing object | QA-1m-ruler-tenth.005
Fra:1 Mem:16.16M (Peak 16.16M) | Time:00:00.00 | Mem:0.00M, Peak:0.00M | Scene, ViewLayer | Synchronizing object | QA-1m-ruler-tenth.004
Fra:1 Mem:16.16M (Peak 16.16M) | Time:00:00.00 | Mem:0.00M, Peak:0.00M | Scene, ViewLayer | Synchronizing object | QA-1m-ruler-tenth.003
Fra:1 Mem:16.16M (Peak 16.16M) | Time:00:00.00 | Mem:0.00M, Peak:0.00M | Scene, ViewLayer | Synchronizing object | QA-1m-ruler-tenth.002
Fra:1 Mem:16.18M (Peak 16.18M) | Time:00:00.00 | Mem:0.00M, Peak:0.00M | Scene, ViewLayer | Synchronizing object | QA-1m-ruler-tenth.001
Fra:1 Mem:16.20M (Peak 16.20M) | Time:00:00.00 | Mem:0.00M, Peak:0.00M | Scene, ViewLayer | Synchronizing object | QA-1m-ruler-tenth
Fra:1 Mem:16.20M (Peak 16.20M) | Time:00:00.00 | Mem:0.00M, Peak:0.00M | Scene, ViewLayer | Synchronizing object | Sphere.001
Fra:1 Mem:16.30M (Peak 16.30M) | Time:00:00.00 | Mem:0.00M, Peak:0.00M | Scene, ViewLayer | Synchronizing object | QA-human-arm.003
Fra:1 Mem:16.30M (Peak 16.30M) | Time:00:00.00 | Mem:0.00M, Peak:0.00M | Scene, ViewLayer | Synchronizing object | QA-human-arm.002
Fra:1 Mem:16.30M (Peak 16.30M) | Time:00:00.00 | Mem:0.00M, Peak:0.00M | Scene, ViewLayer | Synchronizing object | QA-human-leg.003
Fra:1 Mem:16.30M (Peak 16.30M) | Time:00:00.00 | Mem:0.00M, Peak:0.00M | Scene, ViewLayer | Synchronizing object | QA-human-leg.002
Fra:1 Mem:16.30M (Peak 16.30M) | Time:00:00.00 | Mem:0.00M, Peak:0.00M | Scene, ViewLayer | Synchronizing object | QA-human-neck.001
Fra:1 Mem:16.28M (Peak 16.30M) | Time:00:00.00 | Mem:0.00M, Peak:0.00M | Scene, ViewLayer | Synchronizing object | QA-human-torso.001
Fra:1 Mem:16.29M (Peak 16.30M) | Time:00:00.00 | Mem:0.00M, Peak:0.00M | Scene, ViewLayer | Synchronizing object | Sphere
Fra:1 Mem:16.30M (Peak 16.30M) | Time:00:00.00 | Mem:0.00M, Peak:0.00M | Scene, ViewLayer | Synchronizing object | QA-human-arm.001
Fra:1 Mem:16.30M (Peak 16.30M) | Time:00:00.00 | Mem:0.00M, Peak:0.00M | Scene, ViewLayer | Synchronizing object | QA-human-arm
Fra:1 Mem:16.31M (Peak 16.31M) | Time:00:00.00 | Mem:0.00M, Peak:0.00M | Scene, ViewLayer | Synchronizing object | QA-human-leg.001
Fra:1 Mem:16.31M (Peak 16.31M) | Time:00:00.00 | Mem:0.00M, Peak:0.00M | Scene, ViewLayer | Synchronizing object | QA-human-leg
Fra:1 Mem:16.32M (Peak 16.32M) | Time:00:00.00 | Mem:0.00M, Peak:0.00M | Scene, ViewLayer | Synchronizing object | QA-human-neck
Fra:1 Mem:16.38M (Peak 16.38M) | Time:00:00.00 | Mem:0.00M, Peak:0.00M | Scene, ViewLayer | Synchronizing object | QA-human-torso
Fra:1 Mem:16.38M (Peak 16.38M) | Time:00:00.00 | Mem:0.00M, Peak:0.00M | Scene, ViewLayer | Synchronizing object | wood
Fra:1 Mem:16.27M (Peak 16.38M) | Time:00:00.00 | Mem:0.00M, Peak:0.00M | Scene, ViewLayer | Synchronizing object | diffuser
Fra:1 Mem:16.28M (Peak 16.38M) | Time:00:00.00 | Mem:0.00M, Peak:0.00M | Scene, ViewLayer | Synchronizing object | glass
Fra:1 Mem:15.92M (Peak 16.38M) | Time:00:00.00 | Mem:0.00M, Peak:0.00M | Scene, ViewLayer | Initializing
Fra:1 Mem:14.52M (Peak 16.38M) | Time:00:00.00 | Mem:0.00M, Peak:0.00M | Scene, ViewLayer | Waiting for render to start
Fra:1 Mem:14.53M (Peak 16.38M) | Time:00:00.00 | Mem:0.00M, Peak:0.00M | Scene, ViewLayer | Loading render kernels (may take a few minutes the first time)
Fra:1 Mem:14.53M (Peak 16.38M) | Time:00:00.00 | Mem:0.00M, Peak:0.00M | Scene, ViewLayer | Updating Scene
Fra:1 Mem:14.53M (Peak 16.38M) | Time:00:00.00 | Mem:0.00M, Peak:0.00M | Scene, ViewLayer | Updating Shaders
Fra:1 Mem:14.61M (Peak 16.38M) | Time:00:00.00 | Mem:0.01M, Peak:0.01M | Scene, ViewLayer | Updating Procedurals
Fra:1 Mem:14.61M (Peak 16.38M) | Time:00:00.00 | Mem:0.01M, Peak:0.01M | Scene, ViewLayer | Updating Background
Fra:1 Mem:14.61M (Peak 16.38M) | Time:00:00.00 | Mem:0.01M, Peak:0.01M | Scene, ViewLayer | Updating Camera
Fra:1 Mem:14.61M (Peak 16.38M) | Time:00:00.00 | Mem:0.01M, Peak:0.01M | Scene, ViewLayer | Updating Meshes Flags
Fra:1 Mem:14.61M (Peak 16.38M) | Time:00:00.00 | Mem:0.01M, Peak:0.01M | Scene, ViewLayer | Updating Objects
Fra:1 Mem:14.61M (Peak 16.38M) | Time:00:00.00 | Mem:0.01M, Peak:0.01M | Scene, ViewLayer | Updating Objects | Copying Transformations to device
Fra:1 Mem:14.62M (Peak 16.38M) | Time:00:00.00 | Mem:0.01M, Peak:0.01M | Scene, ViewLayer | Updating Objects | Applying Static Transformations
Fra:1 Mem:14.62M (Peak 16.38M) | Time:00:00.00 | Mem:0.01M, Peak:0.01M | Scene, ViewLayer | Updating Particle Systems
Fra:1 Mem:14.62M (Peak 16.38M) | Time:00:00.00 | Mem:0.01M, Peak:0.01M | Scene, ViewLayer | Updating Particle Systems | Copying Particles to device
Fra:1 Mem:14.62M (Peak 16.38M) | Time:00:00.00 | Mem:0.01M, Peak:0.01M | Scene, ViewLayer | Updating Meshes
Fra:1 Mem:14.66M (Peak 16.38M) | Time:00:00.00 | Mem:0.01M, Peak:0.01M | Scene, ViewLayer | Updating Mesh | Computing attributes
Fra:1 Mem:14.74M (Peak 16.38M) | Time:00:00.00 | Mem:0.02M, Peak:0.02M | Scene, ViewLayer | Updating Mesh | Copying Attributes to device
Fra:1 Mem:14.74M (Peak 16.38M) | Time:00:00.00 | Mem:0.09M, Peak:0.09M | Scene, ViewLayer | Updating Scene BVH | Building
Fra:1 Mem:14.74M (Peak 16.38M) | Time:00:00.00 | Mem:0.09M, Peak:0.09M | Scene, ViewLayer | Updating Scene BVH | Building BVH
Fra:1 Mem:14.74M (Peak 16.38M) | Time:00:00.00 | Mem:0.17M, Peak:0.17M | Scene, ViewLayer | Updating Scene BVH | Building BVH 0%
Fra:1 Mem:14.74M (Peak 16.38M) | Time:00:00.00 | Mem:0.27M, Peak:0.35M | Scene, ViewLayer | Updating Scene BVH | Copying BVH to device
Fra:1 Mem:14.74M (Peak 16.38M) | Time:00:00.00 | Mem:0.27M, Peak:0.35M | Scene, ViewLayer | Updating Mesh | Computing normals
Fra:1 Mem:14.99M (Peak 16.38M) | Time:00:00.00 | Mem:0.27M, Peak:0.35M | Scene, ViewLayer | Updating Mesh | Copying Mesh to device
Fra:1 Mem:14.99M (Peak 16.38M) | Time:00:00.00 | Mem:0.52M, Peak:0.52M | Scene, ViewLayer | Updating Objects Flags
Fra:1 Mem:14.99M (Peak 16.38M) | Time:00:00.00 | Mem:0.52M, Peak:0.52M | Scene, ViewLayer | Updating Primitive Offsets
Fra:1 Mem:14.99M (Peak 16.38M) | Time:00:00.00 | Mem:0.52M, Peak:0.52M | Scene, ViewLayer | Updating Images
Fra:1 Mem:14.99M (Peak 16.38M) | Time:00:00.00 | Mem:0.52M, Peak:0.52M | Scene, ViewLayer | Updating Camera Volume
Fra:1 Mem:14.99M (Peak 16.38M) | Time:00:00.00 | Mem:0.52M, Peak:0.52M | Scene, ViewLayer | Updating Lookup Tables
Fra:1 Mem:14.99M (Peak 16.38M) | Time:00:00.00 | Mem:0.61M, Peak:0.61M | Scene, ViewLayer | Updating Lights
Fra:1 Mem:14.99M (Peak 16.38M) | Time:00:00.00 | Mem:0.61M, Peak:0.61M | Scene, ViewLayer | Updating Lights | Computing tree
Fra:1 Mem:14.99M (Peak 16.38M) | Time:00:00.00 | Mem:0.61M, Peak:0.61M | Scene, ViewLayer | Updating Integrator
Fra:1 Mem:14.99M (Peak 16.38M) | Time:00:00.00 | Mem:0.61M, Peak:0.61M | Scene, ViewLayer | Updating Film
Fra:1 Mem:15.00M (Peak 16.38M) | Time:00:00.00 | Mem:0.53M, Peak:0.61M | Scene, ViewLayer | Updating Lookup Tables
Fra:1 Mem:15.00M (Peak 16.38M) | Time:00:00.00 | Mem:0.61M, Peak:0.61M | Scene, ViewLayer | Updating Baking
Fra:1 Mem:15.00M (Peak 16.38M) | Time:00:00.00 | Mem:0.61M, Peak:0.61M | Scene, ViewLayer | Updating Device | Writing constant memory
Fra:1 Mem:15.00M (Peak 16.38M) | Time:00:00.00 | Mem:0.61M, Peak:0.61M | Scene, ViewLayer | Sample 0/16
Fra:1 Mem:17.25M (Peak 17.25M) | Time:00:00.04 | Remaining:00:00.63 | Mem:2.86M, Peak:2.86M | Scene, ViewLayer | Sample 1/16
Fra:1 Mem:18.26M (Peak 20.26M) | Time:00:00.46 | Mem:2.86M, Peak:2.86M | Scene, ViewLayer | Sample 16/16
Fra:1 Mem:18.26M (Peak 20.26M) | Time:00:00.46 | Mem:2.86M, Peak:2.86M | Scene, ViewLayer | Finished
Saved: '/tmp/street-furniture-qa-4q7zi_2_/transit-shelter.lod0.front.png'
Time: 00:00.47 (Saving: 00:00.00)

Extensions: writing cache failed ([Errno 30] Read-only file system: '/home/agent/.config/blender').
15:54:30 | INFO: Data are loaded, start creating Blender stuff
15:54:30 | INFO: Blender create Mesh node Cube
15:54:30 | INFO: Blender create Mesh node Cube.008
15:54:30 | INFO: Blender create Mesh node Cube.050
15:54:30 | INFO: Blender create Mesh node Cube.051
15:54:30 | INFO: glTF import finished in 0.01s
Fra:1 Mem:15.49M (Peak 15.49M) | Time:00:00.00 | Mem:0.00M, Peak:0.00M | Scene, ViewLayer | Synchronizing object | metal
Fra:1 Mem:15.58M (Peak 15.58M) | Time:00:00.00 | Mem:0.00M, Peak:0.00M | Scene, ViewLayer | Synchronizing object | QA-ground-plane
Fra:1 Mem:16.15M (Peak 16.15M) | Time:00:00.00 | Mem:0.00M, Peak:0.00M | Scene, ViewLayer | Synchronizing object | QA-1m-ruler-tenth.009
Fra:1 Mem:16.15M (Peak 16.15M) | Time:00:00.00 | Mem:0.00M, Peak:0.00M | Scene, ViewLayer | Synchronizing object | QA-1m-ruler-tenth.008
Fra:1 Mem:16.16M (Peak 16.16M) | Time:00:00.00 | Mem:0.00M, Peak:0.00M | Scene, ViewLayer | Synchronizing object | QA-1m-ruler-tenth.007
Fra:1 Mem:16.16M (Peak 16.16M) | Time:00:00.00 | Mem:0.00M, Peak:0.00M | Scene, ViewLayer | Synchronizing object | QA-1m-ruler-tenth.006
Fra:1 Mem:16.16M (Peak 16.16M) | Time:00:00.00 | Mem:0.00M, Peak:0.00M | Scene, ViewLayer | Synchronizing object | QA-1m-ruler-tenth.005
Fra:1 Mem:16.16M (Peak 16.16M) | Time:00:00.00 | Mem:0.00M, Peak:0.00M | Scene, ViewLayer | Synchronizing object | QA-1m-ruler-tenth.004
Fra:1 Mem:16.16M (Peak 16.16M) | Time:00:00.00 | Mem:0.00M, Peak:0.00M | Scene, ViewLayer | Synchronizing object | QA-1m-ruler-tenth.003
Fra:1 Mem:16.16M (Peak 16.16M) | Time:00:00.00 | Mem:0.00M, Peak:0.00M | Scene, ViewLayer | Synchronizing object | QA-1m-ruler-tenth.002
Fra:1 Mem:16.16M (Peak 16.16M) | Time:00:00.00 | Mem:0.00M, Peak:0.00M | Scene, ViewLayer | Synchronizing object | QA-1m-ruler-tenth.001
Fra:1 Mem:16.16M (Peak 16.16M) | Time:00:00.00 | Mem:0.00M, Peak:0.00M | Scene, ViewLayer | Synchronizing object | QA-1m-ruler-tenth
Fra:1 Mem:16.18M (Peak 16.18M) | Time:00:00.00 | Mem:0.00M, Peak:0.00M | Scene, ViewLayer | Synchronizing object | Sphere.001
Fra:1 Mem:16.21M (Peak 16.21M) | Time:00:00.00 | Mem:0.00M, Peak:0.00M | Scene, ViewLayer | Synchronizing object | QA-human-arm.003
Fra:1 Mem:16.27M (Peak 16.27M) | Time:00:00.00 | Mem:0.00M, Peak:0.00M | Scene, ViewLayer | Synchronizing object | QA-human-arm.002
Fra:1 Mem:16.28M (Peak 16.28M) | Time:00:00.00 | Mem:0.00M, Peak:0.00M | Scene, ViewLayer | Synchronizing object | QA-human-leg.003
Fra:1 Mem:16.30M (Peak 16.30M) | Time:00:00.00 | Mem:0.00M, Peak:0.00M | Scene, ViewLayer | Synchronizing object | QA-human-leg.002
Fra:1 Mem:16.30M (Peak 16.30M) | Time:00:00.00 | Mem:0.00M, Peak:0.00M | Scene, ViewLayer | Synchronizing object | QA-human-neck.001
Fra:1 Mem:16.30M (Peak 16.30M) | Time:00:00.00 | Mem:0.00M, Peak:0.00M | Scene, ViewLayer | Synchronizing object | QA-human-torso.001
Fra:1 Mem:16.30M (Peak 16.30M) | Time:00:00.00 | Mem:0.00M, Peak:0.00M | Scene, ViewLayer | Synchronizing object | Sphere
Fra:1 Mem:16.29M (Peak 16.30M) | Time:00:00.00 | Mem:0.00M, Peak:0.00M | Scene, ViewLayer | Synchronizing object | QA-human-arm.001
Fra:1 Mem:16.30M (Peak 16.30M) | Time:00:00.00 | Mem:0.00M, Peak:0.00M | Scene, ViewLayer | Synchronizing object | QA-human-arm
Fra:1 Mem:16.30M (Peak 16.30M) | Time:00:00.00 | Mem:0.00M, Peak:0.00M | Scene, ViewLayer | Synchronizing object | QA-human-leg.001
Fra:1 Mem:16.30M (Peak 16.30M) | Time:00:00.00 | Mem:0.00M, Peak:0.00M | Scene, ViewLayer | Synchronizing object | QA-human-leg
Fra:1 Mem:16.30M (Peak 16.30M) | Time:00:00.00 | Mem:0.00M, Peak:0.00M | Scene, ViewLayer | Synchronizing object | QA-human-neck
Fra:1 Mem:16.31M (Peak 16.31M) | Time:00:00.00 | Mem:0.00M, Peak:0.00M | Scene, ViewLayer | Synchronizing object | QA-human-torso
Fra:1 Mem:16.32M (Peak 16.32M) | Time:00:00.00 | Mem:0.00M, Peak:0.00M | Scene, ViewLayer | Synchronizing object | wood
Fra:1 Mem:16.27M (Peak 16.32M) | Time:00:00.00 | Mem:0.00M, Peak:0.00M | Scene, ViewLayer | Synchronizing object | diffuser
Fra:1 Mem:16.28M (Peak 16.32M) | Time:00:00.00 | Mem:0.00M, Peak:0.00M | Scene, ViewLayer | Synchronizing object | glass
Fra:1 Mem:15.92M (Peak 16.32M) | Time:00:00.00 | Mem:0.00M, Peak:0.00M | Scene, ViewLayer | Initializing
Fra:1 Mem:14.53M (Peak 16.32M) | Time:00:00.00 | Mem:0.00M, Peak:0.00M | Scene, ViewLayer | Waiting for render to start
Fra:1 Mem:14.53M (Peak 16.32M) | Time:00:00.00 | Mem:0.00M, Peak:0.00M | Scene, ViewLayer | Loading render kernels (may take a few minutes the first time)
Fra:1 Mem:14.53M (Peak 16.32M) | Time:00:00.00 | Mem:0.00M, Peak:0.00M | Scene, ViewLayer | Updating Scene
Fra:1 Mem:14.53M (Peak 16.32M) | Time:00:00.00 | Mem:0.00M, Peak:0.00M | Scene, ViewLayer | Updating Shaders
Fra:1 Mem:14.61M (Peak 16.32M) | Time:00:00.00 | Mem:0.01M, Peak:0.01M | Scene, ViewLayer | Updating Procedurals
Fra:1 Mem:14.61M (Peak 16.32M) | Time:00:00.00 | Mem:0.01M, Peak:0.01M | Scene, ViewLayer | Updating Background
Fra:1 Mem:14.61M (Peak 16.32M) | Time:00:00.00 | Mem:0.01M, Peak:0.01M | Scene, ViewLayer | Updating Camera
Fra:1 Mem:14.61M (Peak 16.32M) | Time:00:00.00 | Mem:0.01M, Peak:0.01M | Scene, ViewLayer | Updating Meshes Flags
Fra:1 Mem:14.61M (Peak 16.32M) | Time:00:00.00 | Mem:0.01M, Peak:0.01M | Scene, ViewLayer | Updating Objects
Fra:1 Mem:14.61M (Peak 16.32M) | Time:00:00.00 | Mem:0.01M, Peak:0.01M | Scene, ViewLayer | Updating Objects | Copying Transformations to device
Fra:1 Mem:14.62M (Peak 16.32M) | Time:00:00.00 | Mem:0.01M, Peak:0.01M | Scene, ViewLayer | Updating Objects | Applying Static Transformations
Fra:1 Mem:14.62M (Peak 16.32M) | Time:00:00.00 | Mem:0.01M, Peak:0.01M | Scene, ViewLayer | Updating Particle Systems
Fra:1 Mem:14.62M (Peak 16.32M) | Time:00:00.00 | Mem:0.01M, Peak:0.01M | Scene, ViewLayer | Updating Particle Systems | Copying Particles to device
Fra:1 Mem:14.62M (Peak 16.32M) | Time:00:00.00 | Mem:0.01M, Peak:0.01M | Scene, ViewLayer | Updating Meshes
Fra:1 Mem:14.66M (Peak 16.32M) | Time:00:00.00 | Mem:0.01M, Peak:0.01M | Scene, ViewLayer | Updating Mesh | Computing attributes
Fra:1 Mem:14.74M (Peak 16.32M) | Time:00:00.00 | Mem:0.02M, Peak:0.02M | Scene, ViewLayer | Updating Mesh | Copying Attributes to device
Fra:1 Mem:14.74M (Peak 16.32M) | Time:00:00.00 | Mem:0.09M, Peak:0.09M | Scene, ViewLayer | Updating Scene BVH | Building
Fra:1 Mem:14.74M (Peak 16.32M) | Time:00:00.00 | Mem:0.09M, Peak:0.09M | Scene, ViewLayer | Updating Scene BVH | Building BVH
Fra:1 Mem:14.74M (Peak 16.32M) | Time:00:00.00 | Mem:0.17M, Peak:0.17M | Scene, ViewLayer | Updating Scene BVH | Building BVH 0%
Fra:1 Mem:14.74M (Peak 16.32M) | Time:00:00.00 | Mem:0.27M, Peak:0.35M | Scene, ViewLayer | Updating Scene BVH | Copying BVH to device
Fra:1 Mem:14.74M (Peak 16.32M) | Time:00:00.00 | Mem:0.27M, Peak:0.35M | Scene, ViewLayer | Updating Mesh | Computing normals
Fra:1 Mem:14.99M (Peak 16.32M) | Time:00:00.00 | Mem:0.27M, Peak:0.35M | Scene, ViewLayer | Updating Mesh | Copying Mesh to device
Fra:1 Mem:14.99M (Peak 16.32M) | Time:00:00.00 | Mem:0.52M, Peak:0.52M | Scene, ViewLayer | Updating Objects Flags
Fra:1 Mem:14.99M (Peak 16.32M) | Time:00:00.00 | Mem:0.52M, Peak:0.52M | Scene, ViewLayer | Updating Primitive Offsets
Fra:1 Mem:14.99M (Peak 16.32M) | Time:00:00.00 | Mem:0.52M, Peak:0.52M | Scene, ViewLayer | Updating Images
Fra:1 Mem:14.99M (Peak 16.32M) | Time:00:00.00 | Mem:0.52M, Peak:0.52M | Scene, ViewLayer | Updating Camera Volume
Fra:1 Mem:14.99M (Peak 16.32M) | Time:00:00.00 | Mem:0.52M, Peak:0.52M | Scene, ViewLayer | Updating Lookup Tables
Fra:1 Mem:14.99M (Peak 16.32M) | Time:00:00.00 | Mem:0.61M, Peak:0.61M | Scene, ViewLayer | Updating Lights
Fra:1 Mem:14.99M (Peak 16.32M) | Time:00:00.00 | Mem:0.61M, Peak:0.61M | Scene, ViewLayer | Updating Lights | Computing tree
Fra:1 Mem:14.99M (Peak 16.32M) | Time:00:00.00 | Mem:0.61M, Peak:0.61M | Scene, ViewLayer | Updating Integrator
Fra:1 Mem:14.99M (Peak 16.32M) | Time:00:00.00 | Mem:0.61M, Peak:0.61M | Scene, ViewLayer | Updating Film
Fra:1 Mem:15.00M (Peak 16.32M) | Time:00:00.00 | Mem:0.53M, Peak:0.61M | Scene, ViewLayer | Updating Lookup Tables
Fra:1 Mem:15.00M (Peak 16.32M) | Time:00:00.00 | Mem:0.61M, Peak:0.61M | Scene, ViewLayer | Updating Baking
Fra:1 Mem:15.00M (Peak 16.32M) | Time:00:00.00 | Mem:0.61M, Peak:0.61M | Scene, ViewLayer | Updating Device | Writing constant memory
Fra:1 Mem:15.00M (Peak 16.32M) | Time:00:00.00 | Mem:0.61M, Peak:0.61M | Scene, ViewLayer | Sample 0/16
Fra:1 Mem:17.25M (Peak 17.25M) | Time:00:00.03 | Remaining:00:00.44 | Mem:2.86M, Peak:2.86M | Scene, ViewLayer | Sample 1/16
Fra:1 Mem:18.26M (Peak 20.26M) | Time:00:00.44 | Mem:2.86M, Peak:2.86M | Scene, ViewLayer | Sample 16/16
Fra:1 Mem:18.26M (Peak 20.26M) | Time:00:00.44 | Mem:2.86M, Peak:2.86M | Scene, ViewLayer | Finished
Saved: '/tmp/street-furniture-qa-4q7zi_2_/transit-shelter.lod0.side.png'
Time: 00:00.45 (Saving: 00:00.00)

Extensions: writing cache failed ([Errno 30] Read-only file system: '/home/agent/.config/blender').
15:54:30 | INFO: Data are loaded, start creating Blender stuff
15:54:30 | INFO: Blender create Mesh node Cube
15:54:30 | INFO: Blender create Mesh node Cube.008
15:54:30 | INFO: Blender create Mesh node Cube.050
15:54:30 | INFO: Blender create Mesh node Cube.051
15:54:30 | INFO: glTF import finished in 0.01s
Fra:1 Mem:15.49M (Peak 15.49M) | Time:00:00.00 | Mem:0.00M, Peak:0.00M | Scene, ViewLayer | Synchronizing object | metal
Fra:1 Mem:15.58M (Peak 15.58M) | Time:00:00.00 | Mem:0.00M, Peak:0.00M | Scene, ViewLayer | Synchronizing object | QA-ground-plane
Fra:1 Mem:16.15M (Peak 16.15M) | Time:00:00.00 | Mem:0.00M, Peak:0.00M | Scene, ViewLayer | Synchronizing object | QA-1m-ruler-tenth.009
Fra:1 Mem:16.15M (Peak 16.15M) | Time:00:00.00 | Mem:0.00M, Peak:0.00M | Scene, ViewLayer | Synchronizing object | QA-1m-ruler-tenth.008
Fra:1 Mem:16.16M (Peak 16.16M) | Time:00:00.00 | Mem:0.00M, Peak:0.00M | Scene, ViewLayer | Synchronizing object | QA-1m-ruler-tenth.007
Fra:1 Mem:16.16M (Peak 16.16M) | Time:00:00.00 | Mem:0.00M, Peak:0.00M | Scene, ViewLayer | Synchronizing object | QA-1m-ruler-tenth.006
Fra:1 Mem:16.16M (Peak 16.16M) | Time:00:00.00 | Mem:0.00M, Peak:0.00M | Scene, ViewLayer | Synchronizing object | QA-1m-ruler-tenth.005
Fra:1 Mem:16.16M (Peak 16.16M) | Time:00:00.00 | Mem:0.00M, Peak:0.00M | Scene, ViewLayer | Synchronizing object | QA-1m-ruler-tenth.004
Fra:1 Mem:16.16M (Peak 16.16M) | Time:00:00.00 | Mem:0.00M, Peak:0.00M | Scene, ViewLayer | Synchronizing object | QA-1m-ruler-tenth.003
Fra:1 Mem:16.16M (Peak 16.16M) | Time:00:00.00 | Mem:0.00M, Peak:0.00M | Scene, ViewLayer | Synchronizing object | QA-1m-ruler-tenth.002
Fra:1 Mem:16.16M (Peak 16.16M) | Time:00:00.00 | Mem:0.00M, Peak:0.00M | Scene, ViewLayer | Synchronizing object | QA-1m-ruler-tenth.001
Fra:1 Mem:16.16M (Peak 16.16M) | Time:00:00.00 | Mem:0.00M, Peak:0.00M | Scene, ViewLayer | Synchronizing object | QA-1m-ruler-tenth
Fra:1 Mem:16.17M (Peak 16.17M) | Time:00:00.00 | Mem:0.00M, Peak:0.00M | Scene, ViewLayer | Synchronizing object | Sphere.001
Fra:1 Mem:16.21M (Peak 16.21M) | Time:00:00.00 | Mem:0.00M, Peak:0.00M | Scene, ViewLayer | Synchronizing object | QA-human-arm.003
Fra:1 Mem:16.21M (Peak 16.21M) | Time:00:00.00 | Mem:0.00M, Peak:0.00M | Scene, ViewLayer | Synchronizing object | QA-human-arm.002
Fra:1 Mem:16.27M (Peak 16.27M) | Time:00:00.00 | Mem:0.00M, Peak:0.00M | Scene, ViewLayer | Synchronizing object | QA-human-leg.003
Fra:1 Mem:16.28M (Peak 16.28M) | Time:00:00.00 | Mem:0.00M, Peak:0.00M | Scene, ViewLayer | Synchronizing object | QA-human-leg.002
Fra:1 Mem:16.30M (Peak 16.30M) | Time:00:00.00 | Mem:0.00M, Peak:0.00M | Scene, ViewLayer | Synchronizing object | QA-human-neck.001
Fra:1 Mem:16.30M (Peak 16.30M) | Time:00:00.00 | Mem:0.00M, Peak:0.00M | Scene, ViewLayer | Synchronizing object | QA-human-torso.001
Fra:1 Mem:16.30M (Peak 16.30M) | Time:00:00.00 | Mem:0.00M, Peak:0.00M | Scene, ViewLayer | Synchronizing object | Sphere
Fra:1 Mem:16.31M (Peak 16.31M) | Time:00:00.00 | Mem:0.00M, Peak:0.00M | Scene, ViewLayer | Synchronizing object | QA-human-arm.001
Fra:1 Mem:16.30M (Peak 16.31M) | Time:00:00.00 | Mem:0.00M, Peak:0.00M | Scene, ViewLayer | Synchronizing object | QA-human-arm
Fra:1 Mem:16.30M (Peak 16.31M) | Time:00:00.00 | Mem:0.00M, Peak:0.00M | Scene, ViewLayer | Synchronizing object | QA-human-leg.001
Fra:1 Mem:16.30M (Peak 16.31M) | Time:00:00.00 | Mem:0.00M, Peak:0.00M | Scene, ViewLayer | Synchronizing object | QA-human-leg
Fra:1 Mem:16.31M (Peak 16.31M) | Time:00:00.00 | Mem:0.00M, Peak:0.00M | Scene, ViewLayer | Synchronizing object | QA-human-neck
Fra:1 Mem:16.32M (Peak 16.32M) | Time:00:00.00 | Mem:0.00M, Peak:0.00M | Scene, ViewLayer | Synchronizing object | QA-human-torso
Fra:1 Mem:16.38M (Peak 16.38M) | Time:00:00.00 | Mem:0.00M, Peak:0.00M | Scene, ViewLayer | Synchronizing object | wood
Fra:1 Mem:16.05M (Peak 16.38M) | Time:00:00.00 | Mem:0.00M, Peak:0.00M | Scene, ViewLayer | Synchronizing object | diffuser
Fra:1 Mem:16.28M (Peak 16.38M) | Time:00:00.00 | Mem:0.00M, Peak:0.00M | Scene, ViewLayer | Synchronizing object | glass
Fra:1 Mem:15.92M (Peak 16.38M) | Time:00:00.00 | Mem:0.00M, Peak:0.00M | Scene, ViewLayer | Initializing
Fra:1 Mem:14.53M (Peak 16.38M) | Time:00:00.00 | Mem:0.00M, Peak:0.00M | Scene, ViewLayer | Waiting for render to start
Fra:1 Mem:14.53M (Peak 16.38M) | Time:00:00.00 | Mem:0.00M, Peak:0.00M | Scene, ViewLayer | Loading render kernels (may take a few minutes the first time)
Fra:1 Mem:14.53M (Peak 16.38M) | Time:00:00.00 | Mem:0.00M, Peak:0.00M | Scene, ViewLayer | Updating Scene
Fra:1 Mem:14.53M (Peak 16.38M) | Time:00:00.00 | Mem:0.00M, Peak:0.00M | Scene, ViewLayer | Updating Shaders
Fra:1 Mem:14.61M (Peak 16.38M) | Time:00:00.00 | Mem:0.01M, Peak:0.01M | Scene, ViewLayer | Updating Procedurals
Fra:1 Mem:14.61M (Peak 16.38M) | Time:00:00.00 | Mem:0.01M, Peak:0.01M | Scene, ViewLayer | Updating Background
Fra:1 Mem:14.61M (Peak 16.38M) | Time:00:00.00 | Mem:0.01M, Peak:0.01M | Scene, ViewLayer | Updating Camera
Fra:1 Mem:14.61M (Peak 16.38M) | Time:00:00.00 | Mem:0.01M, Peak:0.01M | Scene, ViewLayer | Updating Meshes Flags
Fra:1 Mem:14.61M (Peak 16.38M) | Time:00:00.00 | Mem:0.01M, Peak:0.01M | Scene, ViewLayer | Updating Objects
Fra:1 Mem:14.61M (Peak 16.38M) | Time:00:00.00 | Mem:0.01M, Peak:0.01M | Scene, ViewLayer | Updating Objects | Copying Transformations to device
Fra:1 Mem:14.62M (Peak 16.38M) | Time:00:00.00 | Mem:0.01M, Peak:0.01M | Scene, ViewLayer | Updating Objects | Applying Static Transformations
Fra:1 Mem:14.62M (Peak 16.38M) | Time:00:00.00 | Mem:0.01M, Peak:0.01M | Scene, ViewLayer | Updating Particle Systems
Fra:1 Mem:14.62M (Peak 16.38M) | Time:00:00.00 | Mem:0.01M, Peak:0.01M | Scene, ViewLayer | Updating Particle Systems | Copying Particles to device
Fra:1 Mem:14.62M (Peak 16.38M) | Time:00:00.00 | Mem:0.01M, Peak:0.01M | Scene, ViewLayer | Updating Meshes
Fra:1 Mem:14.66M (Peak 16.38M) | Time:00:00.00 | Mem:0.01M, Peak:0.01M | Scene, ViewLayer | Updating Mesh | Computing attributes
Fra:1 Mem:14.74M (Peak 16.38M) | Time:00:00.00 | Mem:0.02M, Peak:0.02M | Scene, ViewLayer | Updating Mesh | Copying Attributes to device
Fra:1 Mem:14.74M (Peak 16.38M) | Time:00:00.00 | Mem:0.09M, Peak:0.09M | Scene, ViewLayer | Updating Scene BVH | Building
Fra:1 Mem:14.74M (Peak 16.38M) | Time:00:00.00 | Mem:0.09M, Peak:0.09M | Scene, ViewLayer | Updating Scene BVH | Building BVH
Fra:1 Mem:14.74M (Peak 16.38M) | Time:00:00.00 | Mem:0.17M, Peak:0.17M | Scene, ViewLayer | Updating Scene BVH | Building BVH 0%
Fra:1 Mem:14.74M (Peak 16.38M) | Time:00:00.00 | Mem:0.27M, Peak:0.35M | Scene, ViewLayer | Updating Scene BVH | Copying BVH to device
Fra:1 Mem:14.74M (Peak 16.38M) | Time:00:00.00 | Mem:0.27M, Peak:0.35M | Scene, ViewLayer | Updating Mesh | Computing normals
Fra:1 Mem:14.99M (Peak 16.38M) | Time:00:00.00 | Mem:0.27M, Peak:0.35M | Scene, ViewLayer | Updating Mesh | Copying Mesh to device
Fra:1 Mem:14.99M (Peak 16.38M) | Time:00:00.00 | Mem:0.52M, Peak:0.52M | Scene, ViewLayer | Updating Objects Flags
Fra:1 Mem:14.99M (Peak 16.38M) | Time:00:00.00 | Mem:0.52M, Peak:0.52M | Scene, ViewLayer | Updating Primitive Offsets
Fra:1 Mem:14.99M (Peak 16.38M) | Time:00:00.00 | Mem:0.52M, Peak:0.52M | Scene, ViewLayer | Updating Images
Fra:1 Mem:14.99M (Peak 16.38M) | Time:00:00.00 | Mem:0.52M, Peak:0.52M | Scene, ViewLayer | Updating Camera Volume
Fra:1 Mem:14.99M (Peak 16.38M) | Time:00:00.00 | Mem:0.52M, Peak:0.52M | Scene, ViewLayer | Updating Lookup Tables
Fra:1 Mem:14.99M (Peak 16.38M) | Time:00:00.00 | Mem:0.61M, Peak:0.61M | Scene, ViewLayer | Updating Lights
Fra:1 Mem:14.99M (Peak 16.38M) | Time:00:00.00 | Mem:0.61M, Peak:0.61M | Scene, ViewLayer | Updating Lights | Computing tree
Fra:1 Mem:14.99M (Peak 16.38M) | Time:00:00.00 | Mem:0.61M, Peak:0.61M | Scene, ViewLayer | Updating Integrator
Fra:1 Mem:14.99M (Peak 16.38M) | Time:00:00.00 | Mem:0.61M, Peak:0.61M | Scene, ViewLayer | Updating Film
Fra:1 Mem:15.00M (Peak 16.38M) | Time:00:00.00 | Mem:0.53M, Peak:0.61M | Scene, ViewLayer | Updating Lookup Tables
Fra:1 Mem:15.00M (Peak 16.38M) | Time:00:00.00 | Mem:0.61M, Peak:0.61M | Scene, ViewLayer | Updating Baking
Fra:1 Mem:15.00M (Peak 16.38M) | Time:00:00.00 | Mem:0.61M, Peak:0.61M | Scene, ViewLayer | Updating Device | Writing constant memory
Fra:1 Mem:15.00M (Peak 16.38M) | Time:00:00.00 | Mem:0.61M, Peak:0.61M | Scene, ViewLayer | Sample 0/16
Fra:1 Mem:17.25M (Peak 17.25M) | Time:00:00.03 | Remaining:00:00.38 | Mem:2.86M, Peak:2.86M | Scene, ViewLayer | Sample 1/16
Fra:1 Mem:18.26M (Peak 20.26M) | Time:00:00.36 | Mem:2.86M, Peak:2.86M | Scene, ViewLayer | Sample 16/16
Fra:1 Mem:18.26M (Peak 20.26M) | Time:00:00.36 | Mem:2.86M, Peak:2.86M | Scene, ViewLayer | Finished
Saved: '/tmp/street-furniture-qa-4q7zi_2_/transit-shelter.lod0.rear.png'
Time: 00:00.37 (Saving: 00:00.00)

Extensions: writing cache failed ([Errno 30] Read-only file system: '/home/agent/.config/blender').
15:54:31 | INFO: Data are loaded, start creating Blender stuff
15:54:31 | INFO: Blender create Mesh node Cube
15:54:31 | INFO: Blender create Mesh node Cube.008
15:54:31 | INFO: Blender create Mesh node Cube.050
15:54:31 | INFO: Blender create Mesh node Cube.051
15:54:31 | INFO: glTF import finished in 0.01s
Fra:1 Mem:15.49M (Peak 15.49M) | Time:00:00.00 | Mem:0.00M, Peak:0.00M | Scene, ViewLayer | Synchronizing object | metal
Fra:1 Mem:15.58M (Peak 15.58M) | Time:00:00.00 | Mem:0.00M, Peak:0.00M | Scene, ViewLayer | Synchronizing object | QA-ground-plane
Fra:1 Mem:16.15M (Peak 16.15M) | Time:00:00.00 | Mem:0.00M, Peak:0.00M | Scene, ViewLayer | Synchronizing object | QA-1m-ruler-tenth.009
Fra:1 Mem:16.15M (Peak 16.15M) | Time:00:00.00 | Mem:0.00M, Peak:0.00M | Scene, ViewLayer | Synchronizing object | QA-1m-ruler-tenth.008
Fra:1 Mem:16.16M (Peak 16.16M) | Time:00:00.00 | Mem:0.00M, Peak:0.00M | Scene, ViewLayer | Synchronizing object | QA-1m-ruler-tenth.007
Fra:1 Mem:16.16M (Peak 16.16M) | Time:00:00.00 | Mem:0.00M, Peak:0.00M | Scene, ViewLayer | Synchronizing object | QA-1m-ruler-tenth.006
Fra:1 Mem:16.16M (Peak 16.16M) | Time:00:00.00 | Mem:0.00M, Peak:0.00M | Scene, ViewLayer | Synchronizing object | QA-1m-ruler-tenth.005
Fra:1 Mem:16.16M (Peak 16.16M) | Time:00:00.00 | Mem:0.00M, Peak:0.00M | Scene, ViewLayer | Synchronizing object | QA-1m-ruler-tenth.004
Fra:1 Mem:16.16M (Peak 16.16M) | Time:00:00.00 | Mem:0.00M, Peak:0.00M | Scene, ViewLayer | Synchronizing object | QA-1m-ruler-tenth.003
Fra:1 Mem:16.16M (Peak 16.16M) | Time:00:00.00 | Mem:0.00M, Peak:0.00M | Scene, ViewLayer | Synchronizing object | QA-1m-ruler-tenth.002
Fra:1 Mem:16.16M (Peak 16.16M) | Time:00:00.00 | Mem:0.00M, Peak:0.00M | Scene, ViewLayer | Synchronizing object | QA-1m-ruler-tenth.001
Fra:1 Mem:16.16M (Peak 16.16M) | Time:00:00.00 | Mem:0.00M, Peak:0.00M | Scene, ViewLayer | Synchronizing object | QA-1m-ruler-tenth
Fra:1 Mem:16.16M (Peak 16.16M) | Time:00:00.00 | Mem:0.00M, Peak:0.00M | Scene, ViewLayer | Synchronizing object | Sphere.001
Fra:1 Mem:16.17M (Peak 16.17M) | Time:00:00.00 | Mem:0.00M, Peak:0.00M | Scene, ViewLayer | Synchronizing object | QA-human-arm.003
Fra:1 Mem:16.17M (Peak 16.17M) | Time:00:00.00 | Mem:0.00M, Peak:0.00M | Scene, ViewLayer | Synchronizing object | QA-human-arm.002
Fra:1 Mem:16.18M (Peak 16.18M) | Time:00:00.00 | Mem:0.00M, Peak:0.00M | Scene, ViewLayer | Synchronizing object | QA-human-leg.003
Fra:1 Mem:16.18M (Peak 16.18M) | Time:00:00.00 | Mem:0.00M, Peak:0.00M | Scene, ViewLayer | Synchronizing object | QA-human-leg.002
Fra:1 Mem:16.18M (Peak 16.18M) | Time:00:00.00 | Mem:0.00M, Peak:0.00M | Scene, ViewLayer | Synchronizing object | QA-human-neck.001
Fra:1 Mem:16.18M (Peak 16.18M) | Time:00:00.00 | Mem:0.00M, Peak:0.00M | Scene, ViewLayer | Synchronizing object | QA-human-torso.001
Fra:1 Mem:16.18M (Peak 16.18M) | Time:00:00.00 | Mem:0.00M, Peak:0.00M | Scene, ViewLayer | Synchronizing object | Sphere
Fra:1 Mem:16.19M (Peak 16.19M) | Time:00:00.00 | Mem:0.00M, Peak:0.00M | Scene, ViewLayer | Synchronizing object | QA-human-arm.001
Fra:1 Mem:16.19M (Peak 16.19M) | Time:00:00.00 | Mem:0.00M, Peak:0.00M | Scene, ViewLayer | Synchronizing object | QA-human-arm
Fra:1 Mem:16.19M (Peak 16.19M) | Time:00:00.00 | Mem:0.00M, Peak:0.00M | Scene, ViewLayer | Synchronizing object | QA-human-leg.001
Fra:1 Mem:16.19M (Peak 16.19M) | Time:00:00.00 | Mem:0.00M, Peak:0.00M | Scene, ViewLayer | Synchronizing object | QA-human-leg
Fra:1 Mem:16.19M (Peak 16.19M) | Time:00:00.00 | Mem:0.00M, Peak:0.00M | Scene, ViewLayer | Synchronizing object | QA-human-neck
Fra:1 Mem:16.20M (Peak 16.20M) | Time:00:00.00 | Mem:0.00M, Peak:0.00M | Scene, ViewLayer | Synchronizing object | QA-human-torso
Fra:1 Mem:16.20M (Peak 16.20M) | Time:00:00.00 | Mem:0.00M, Peak:0.00M | Scene, ViewLayer | Synchronizing object | wood
Fra:1 Mem:15.98M (Peak 16.20M) | Time:00:00.00 | Mem:0.00M, Peak:0.00M | Scene, ViewLayer | Synchronizing object | diffuser
Fra:1 Mem:16.02M (Peak 16.20M) | Time:00:00.00 | Mem:0.00M, Peak:0.00M | Scene, ViewLayer | Synchronizing object | glass
Fra:1 Mem:15.92M (Peak 16.20M) | Time:00:00.00 | Mem:0.00M, Peak:0.00M | Scene, ViewLayer | Initializing
Fra:1 Mem:14.53M (Peak 16.20M) | Time:00:00.00 | Mem:0.00M, Peak:0.00M | Scene, ViewLayer | Waiting for render to start
Fra:1 Mem:14.53M (Peak 16.20M) | Time:00:00.00 | Mem:0.00M, Peak:0.00M | Scene, ViewLayer | Loading render kernels (may take a few minutes the first time)
Fra:1 Mem:14.53M (Peak 16.20M) | Time:00:00.00 | Mem:0.00M, Peak:0.00M | Scene, ViewLayer | Updating Scene
Fra:1 Mem:14.53M (Peak 16.20M) | Time:00:00.00 | Mem:0.00M, Peak:0.00M | Scene, ViewLayer | Updating Shaders
Fra:1 Mem:14.61M (Peak 16.20M) | Time:00:00.00 | Mem:0.01M, Peak:0.01M | Scene, ViewLayer | Updating Procedurals
Fra:1 Mem:14.61M (Peak 16.20M) | Time:00:00.00 | Mem:0.01M, Peak:0.01M | Scene, ViewLayer | Updating Background
Fra:1 Mem:14.61M (Peak 16.20M) | Time:00:00.00 | Mem:0.01M, Peak:0.01M | Scene, ViewLayer | Updating Camera
Fra:1 Mem:14.61M (Peak 16.20M) | Time:00:00.00 | Mem:0.01M, Peak:0.01M | Scene, ViewLayer | Updating Meshes Flags
Fra:1 Mem:14.61M (Peak 16.20M) | Time:00:00.00 | Mem:0.01M, Peak:0.01M | Scene, ViewLayer | Updating Objects
Fra:1 Mem:14.61M (Peak 16.20M) | Time:00:00.00 | Mem:0.01M, Peak:0.01M | Scene, ViewLayer | Updating Objects | Copying Transformations to device
Fra:1 Mem:14.62M (Peak 16.20M) | Time:00:00.00 | Mem:0.01M, Peak:0.01M | Scene, ViewLayer | Updating Objects | Applying Static Transformations
Fra:1 Mem:14.62M (Peak 16.20M) | Time:00:00.00 | Mem:0.01M, Peak:0.01M | Scene, ViewLayer | Updating Particle Systems
Fra:1 Mem:14.62M (Peak 16.20M) | Time:00:00.00 | Mem:0.01M, Peak:0.01M | Scene, ViewLayer | Updating Particle Systems | Copying Particles to device
Fra:1 Mem:14.62M (Peak 16.20M) | Time:00:00.00 | Mem:0.01M, Peak:0.01M | Scene, ViewLayer | Updating Meshes
Fra:1 Mem:14.66M (Peak 16.20M) | Time:00:00.00 | Mem:0.01M, Peak:0.01M | Scene, ViewLayer | Updating Mesh | Computing attributes
Fra:1 Mem:14.74M (Peak 16.20M) | Time:00:00.00 | Mem:0.02M, Peak:0.02M | Scene, ViewLayer | Updating Mesh | Copying Attributes to device
Fra:1 Mem:14.74M (Peak 16.20M) | Time:00:00.00 | Mem:0.09M, Peak:0.09M | Scene, ViewLayer | Updating Scene BVH | Building
Fra:1 Mem:14.74M (Peak 16.20M) | Time:00:00.00 | Mem:0.09M, Peak:0.09M | Scene, ViewLayer | Updating Scene BVH | Building BVH
Fra:1 Mem:14.74M (Peak 16.20M) | Time:00:00.00 | Mem:0.17M, Peak:0.17M | Scene, ViewLayer | Updating Scene BVH | Building BVH 0%
Fra:1 Mem:14.74M (Peak 16.20M) | Time:00:00.00 | Mem:0.27M, Peak:0.35M | Scene, ViewLayer | Updating Scene BVH | Copying BVH to device
Fra:1 Mem:14.74M (Peak 16.20M) | Time:00:00.00 | Mem:0.27M, Peak:0.35M | Scene, ViewLayer | Updating Mesh | Computing normals
Fra:1 Mem:14.99M (Peak 16.20M) | Time:00:00.00 | Mem:0.27M, Peak:0.35M | Scene, ViewLayer | Updating Mesh | Copying Mesh to device
Fra:1 Mem:14.99M (Peak 16.20M) | Time:00:00.00 | Mem:0.52M, Peak:0.52M | Scene, ViewLayer | Updating Objects Flags
Fra:1 Mem:14.99M (Peak 16.20M) | Time:00:00.00 | Mem:0.52M, Peak:0.52M | Scene, ViewLayer | Updating Primitive Offsets
Fra:1 Mem:14.99M (Peak 16.20M) | Time:00:00.00 | Mem:0.52M, Peak:0.52M | Scene, ViewLayer | Updating Images
Fra:1 Mem:14.99M (Peak 16.20M) | Time:00:00.00 | Mem:0.52M, Peak:0.52M | Scene, ViewLayer | Updating Camera Volume
Fra:1 Mem:14.99M (Peak 16.20M) | Time:00:00.00 | Mem:0.52M, Peak:0.52M | Scene, ViewLayer | Updating Lookup Tables
Fra:1 Mem:14.99M (Peak 16.20M) | Time:00:00.00 | Mem:0.61M, Peak:0.61M | Scene, ViewLayer | Updating Lights
Fra:1 Mem:14.99M (Peak 16.20M) | Time:00:00.00 | Mem:0.61M, Peak:0.61M | Scene, ViewLayer | Updating Lights | Computing tree
Fra:1 Mem:14.99M (Peak 16.20M) | Time:00:00.00 | Mem:0.61M, Peak:0.61M | Scene, ViewLayer | Updating Integrator
Fra:1 Mem:14.99M (Peak 16.20M) | Time:00:00.00 | Mem:0.61M, Peak:0.61M | Scene, ViewLayer | Updating Film
Fra:1 Mem:15.00M (Peak 16.20M) | Time:00:00.00 | Mem:0.53M, Peak:0.61M | Scene, ViewLayer | Updating Lookup Tables
Fra:1 Mem:15.00M (Peak 16.20M) | Time:00:00.00 | Mem:0.61M, Peak:0.61M | Scene, ViewLayer | Updating Baking
Fra:1 Mem:15.00M (Peak 16.20M) | Time:00:00.00 | Mem:0.61M, Peak:0.61M | Scene, ViewLayer | Updating Device | Writing constant memory
Fra:1 Mem:15.00M (Peak 16.20M) | Time:00:00.00 | Mem:0.61M, Peak:0.61M | Scene, ViewLayer | Sample 0/16
Fra:1 Mem:17.25M (Peak 17.25M) | Time:00:00.06 | Remaining:00:00.92 | Mem:2.86M, Peak:2.86M | Scene, ViewLayer | Sample 1/16
Fra:1 Mem:18.26M (Peak 20.26M) | Time:00:00.92 | Mem:2.86M, Peak:2.86M | Scene, ViewLayer | Sample 16/16
Fra:1 Mem:18.26M (Peak 20.26M) | Time:00:00.92 | Mem:2.86M, Peak:2.86M | Scene, ViewLayer | Finished
Saved: '/tmp/street-furniture-qa-4q7zi_2_/transit-shelter.lod0.top.png'
Time: 00:00.93 (Saving: 00:00.01)

Extensions: writing cache failed ([Errno 30] Read-only file system: '/home/agent/.config/blender').
15:54:32 | INFO: Data are loaded, start creating Blender stuff
15:54:32 | INFO: Blender create Mesh node Cube
15:54:32 | INFO: Blender create Mesh node Cube.008
15:54:32 | INFO: Blender create Mesh node Cube.023
15:54:32 | INFO: Blender create Mesh node Cube.024
15:54:32 | INFO: glTF import finished in 0.01s
Fra:1 Mem:15.19M (Peak 15.19M) | Time:00:00.00 | Mem:0.00M, Peak:0.00M | Scene, ViewLayer | Synchronizing object | metal
Fra:1 Mem:15.41M (Peak 15.41M) | Time:00:00.00 | Mem:0.00M, Peak:0.00M | Scene, ViewLayer | Synchronizing object | QA-ground-plane
Fra:1 Mem:15.25M (Peak 15.41M) | Time:00:00.00 | Mem:0.00M, Peak:0.00M | Scene, ViewLayer | Synchronizing object | QA-1m-ruler-tenth.009
Fra:1 Mem:15.27M (Peak 15.41M) | Time:00:00.00 | Mem:0.00M, Peak:0.00M | Scene, ViewLayer | Synchronizing object | QA-1m-ruler-tenth.008
Fra:1 Mem:15.29M (Peak 15.41M) | Time:00:00.00 | Mem:0.00M, Peak:0.00M | Scene, ViewLayer | Synchronizing object | QA-1m-ruler-tenth.007
Fra:1 Mem:15.29M (Peak 15.41M) | Time:00:00.00 | Mem:0.00M, Peak:0.00M | Scene, ViewLayer | Synchronizing object | QA-1m-ruler-tenth.006
Fra:1 Mem:15.30M (Peak 15.41M) | Time:00:00.00 | Mem:0.00M, Peak:0.00M | Scene, ViewLayer | Synchronizing object | QA-1m-ruler-tenth.005
Fra:1 Mem:15.30M (Peak 15.41M) | Time:00:00.00 | Mem:0.00M, Peak:0.00M | Scene, ViewLayer | Synchronizing object | QA-1m-ruler-tenth.004
Fra:1 Mem:15.30M (Peak 15.41M) | Time:00:00.00 | Mem:0.00M, Peak:0.00M | Scene, ViewLayer | Synchronizing object | QA-1m-ruler-tenth.003
Fra:1 Mem:15.32M (Peak 15.41M) | Time:00:00.00 | Mem:0.00M, Peak:0.00M | Scene, ViewLayer | Synchronizing object | QA-1m-ruler-tenth.002
Fra:1 Mem:15.39M (Peak 15.41M) | Time:00:00.00 | Mem:0.00M, Peak:0.00M | Scene, ViewLayer | Synchronizing object | QA-1m-ruler-tenth.001
Fra:1 Mem:15.39M (Peak 15.41M) | Time:00:00.00 | Mem:0.00M, Peak:0.00M | Scene, ViewLayer | Synchronizing object | QA-1m-ruler-tenth
Fra:1 Mem:15.39M (Peak 15.41M) | Time:00:00.00 | Mem:0.00M, Peak:0.00M | Scene, ViewLayer | Synchronizing object | Sphere.001
Fra:1 Mem:15.40M (Peak 15.41M) | Time:00:00.00 | Mem:0.00M, Peak:0.00M | Scene, ViewLayer | Synchronizing object | QA-human-arm.003
Fra:1 Mem:15.40M (Peak 15.41M) | Time:00:00.00 | Mem:0.00M, Peak:0.00M | Scene, ViewLayer | Synchronizing object | QA-human-arm.002
Fra:1 Mem:15.40M (Peak 15.41M) | Time:00:00.00 | Mem:0.00M, Peak:0.00M | Scene, ViewLayer | Synchronizing object | QA-human-leg.003
Fra:1 Mem:15.32M (Peak 15.41M) | Time:00:00.00 | Mem:0.00M, Peak:0.00M | Scene, ViewLayer | Synchronizing object | QA-human-leg.002
Fra:1 Mem:15.37M (Peak 15.41M) | Time:00:00.00 | Mem:0.00M, Peak:0.00M | Scene, ViewLayer | Synchronizing object | QA-human-neck.001
Fra:1 Mem:15.37M (Peak 15.41M) | Time:00:00.00 | Mem:0.00M, Peak:0.00M | Scene, ViewLayer | Synchronizing object | QA-human-torso.001
Fra:1 Mem:15.39M (Peak 15.41M) | Time:00:00.00 | Mem:0.00M, Peak:0.00M | Scene, ViewLayer | Synchronizing object | Sphere
Fra:1 Mem:15.31M (Peak 15.41M) | Time:00:00.00 | Mem:0.00M, Peak:0.00M | Scene, ViewLayer | Synchronizing object | QA-human-arm.001
Fra:1 Mem:15.33M (Peak 15.41M) | Time:00:00.00 | Mem:0.00M, Peak:0.00M | Scene, ViewLayer | Synchronizing object | QA-human-arm
Fra:1 Mem:15.31M (Peak 15.41M) | Time:00:00.00 | Mem:0.00M, Peak:0.00M | Scene, ViewLayer | Synchronizing object | QA-human-leg.001
Fra:1 Mem:15.31M (Peak 15.41M) | Time:00:00.00 | Mem:0.00M, Peak:0.00M | Scene, ViewLayer | Synchronizing object | glass
Fra:1 Mem:15.31M (Peak 15.41M) | Time:00:00.00 | Mem:0.00M, Peak:0.00M | Scene, ViewLayer | Synchronizing object | QA-human-leg
Fra:1 Mem:15.32M (Peak 15.41M) | Time:00:00.00 | Mem:0.00M, Peak:0.00M | Scene, ViewLayer | Synchronizing object | QA-human-neck
Fra:1 Mem:15.35M (Peak 15.41M) | Time:00:00.00 | Mem:0.00M, Peak:0.00M | Scene, ViewLayer | Synchronizing object | QA-human-torso
Fra:1 Mem:15.36M (Peak 15.41M) | Time:00:00.00 | Mem:0.00M, Peak:0.00M | Scene, ViewLayer | Synchronizing object | wood
Fra:1 Mem:15.36M (Peak 15.41M) | Time:00:00.00 | Mem:0.00M, Peak:0.00M | Scene, ViewLayer | Synchronizing object | diffuser
Fra:1 Mem:15.34M (Peak 15.41M) | Time:00:00.00 | Mem:0.00M, Peak:0.00M | Scene, ViewLayer | Initializing
Fra:1 Mem:13.95M (Peak 15.41M) | Time:00:00.00 | Mem:0.00M, Peak:0.00M | Scene, ViewLayer | Waiting for render to start
Fra:1 Mem:13.95M (Peak 15.41M) | Time:00:00.00 | Mem:0.00M, Peak:0.00M | Scene, ViewLayer | Loading render kernels (may take a few minutes the first time)
Fra:1 Mem:13.95M (Peak 15.41M) | Time:00:00.00 | Mem:0.00M, Peak:0.00M | Scene, ViewLayer | Updating Scene
Fra:1 Mem:13.95M (Peak 15.41M) | Time:00:00.00 | Mem:0.00M, Peak:0.00M | Scene, ViewLayer | Updating Shaders
Fra:1 Mem:14.04M (Peak 15.41M) | Time:00:00.00 | Mem:0.01M, Peak:0.01M | Scene, ViewLayer | Updating Procedurals
Fra:1 Mem:14.04M (Peak 15.41M) | Time:00:00.00 | Mem:0.01M, Peak:0.01M | Scene, ViewLayer | Updating Background
Fra:1 Mem:14.04M (Peak 15.41M) | Time:00:00.00 | Mem:0.01M, Peak:0.01M | Scene, ViewLayer | Updating Camera
Fra:1 Mem:14.04M (Peak 15.41M) | Time:00:00.00 | Mem:0.01M, Peak:0.01M | Scene, ViewLayer | Updating Meshes Flags
Fra:1 Mem:14.04M (Peak 15.41M) | Time:00:00.00 | Mem:0.01M, Peak:0.01M | Scene, ViewLayer | Updating Objects
Fra:1 Mem:14.04M (Peak 15.41M) | Time:00:00.00 | Mem:0.01M, Peak:0.01M | Scene, ViewLayer | Updating Objects | Copying Transformations to device
Fra:1 Mem:14.04M (Peak 15.41M) | Time:00:00.00 | Mem:0.01M, Peak:0.01M | Scene, ViewLayer | Updating Objects | Applying Static Transformations
Fra:1 Mem:14.04M (Peak 15.41M) | Time:00:00.00 | Mem:0.01M, Peak:0.01M | Scene, ViewLayer | Updating Particle Systems
Fra:1 Mem:14.04M (Peak 15.41M) | Time:00:00.00 | Mem:0.01M, Peak:0.01M | Scene, ViewLayer | Updating Particle Systems | Copying Particles to device
Fra:1 Mem:14.05M (Peak 15.41M) | Time:00:00.00 | Mem:0.01M, Peak:0.01M | Scene, ViewLayer | Updating Meshes
Fra:1 Mem:14.06M (Peak 15.41M) | Time:00:00.00 | Mem:0.01M, Peak:0.01M | Scene, ViewLayer | Updating Mesh | Computing attributes
Fra:1 Mem:14.09M (Peak 15.41M) | Time:00:00.00 | Mem:0.02M, Peak:0.02M | Scene, ViewLayer | Updating Mesh | Copying Attributes to device
Fra:1 Mem:14.09M (Peak 15.41M) | Time:00:00.00 | Mem:0.04M, Peak:0.04M | Scene, ViewLayer | Updating Scene BVH | Building
Fra:1 Mem:14.09M (Peak 15.41M) | Time:00:00.00 | Mem:0.04M, Peak:0.04M | Scene, ViewLayer | Updating Scene BVH | Building BVH
Fra:1 Mem:14.09M (Peak 15.41M) | Time:00:00.00 | Mem:0.07M, Peak:0.07M | Scene, ViewLayer | Updating Scene BVH | Building BVH 0%
Fra:1 Mem:14.09M (Peak 15.41M) | Time:00:00.00 | Mem:0.11M, Peak:0.15M | Scene, ViewLayer | Updating Scene BVH | Copying BVH to device
Fra:1 Mem:14.09M (Peak 15.41M) | Time:00:00.00 | Mem:0.11M, Peak:0.15M | Scene, ViewLayer | Updating Mesh | Computing normals
Fra:1 Mem:14.17M (Peak 15.41M) | Time:00:00.00 | Mem:0.11M, Peak:0.15M | Scene, ViewLayer | Updating Mesh | Copying Mesh to device
Fra:1 Mem:14.17M (Peak 15.41M) | Time:00:00.00 | Mem:0.20M, Peak:0.20M | Scene, ViewLayer | Updating Objects Flags
Fra:1 Mem:14.17M (Peak 15.41M) | Time:00:00.00 | Mem:0.20M, Peak:0.20M | Scene, ViewLayer | Updating Primitive Offsets
Fra:1 Mem:14.17M (Peak 15.41M) | Time:00:00.00 | Mem:0.20M, Peak:0.20M | Scene, ViewLayer | Updating Images
Fra:1 Mem:14.17M (Peak 15.41M) | Time:00:00.00 | Mem:0.20M, Peak:0.20M | Scene, ViewLayer | Updating Camera Volume
Fra:1 Mem:14.17M (Peak 15.41M) | Time:00:00.00 | Mem:0.20M, Peak:0.20M | Scene, ViewLayer | Updating Lookup Tables
Fra:1 Mem:14.17M (Peak 15.41M) | Time:00:00.00 | Mem:0.28M, Peak:0.28M | Scene, ViewLayer | Updating Lights
Fra:1 Mem:14.17M (Peak 15.41M) | Time:00:00.00 | Mem:0.28M, Peak:0.28M | Scene, ViewLayer | Updating Lights | Computing tree
Fra:1 Mem:14.17M (Peak 15.41M) | Time:00:00.00 | Mem:0.28M, Peak:0.28M | Scene, ViewLayer | Updating Integrator
Fra:1 Mem:14.17M (Peak 15.41M) | Time:00:00.00 | Mem:0.28M, Peak:0.28M | Scene, ViewLayer | Updating Film
Fra:1 Mem:14.18M (Peak 15.41M) | Time:00:00.00 | Mem:0.20M, Peak:0.28M | Scene, ViewLayer | Updating Lookup Tables
Fra:1 Mem:14.18M (Peak 15.41M) | Time:00:00.00 | Mem:0.28M, Peak:0.28M | Scene, ViewLayer | Updating Baking
Fra:1 Mem:14.18M (Peak 15.41M) | Time:00:00.00 | Mem:0.28M, Peak:0.28M | Scene, ViewLayer | Updating Device | Writing constant memory
Fra:1 Mem:14.18M (Peak 15.41M) | Time:00:00.00 | Mem:0.28M, Peak:0.28M | Scene, ViewLayer | Sample 0/16
Fra:1 Mem:16.43M (Peak 16.43M) | Time:00:00.04 | Remaining:00:00.67 | Mem:2.53M, Peak:2.53M | Scene, ViewLayer | Sample 1/16
Fra:1 Mem:17.44M (Peak 19.44M) | Time:00:00.47 | Mem:2.53M, Peak:2.53M | Scene, ViewLayer | Sample 16/16
Fra:1 Mem:17.44M (Peak 19.44M) | Time:00:00.47 | Mem:2.53M, Peak:2.53M | Scene, ViewLayer | Finished
Saved: '/tmp/street-furniture-qa-4q7zi_2_/transit-shelter.lod1.front.png'
Time: 00:00.48 (Saving: 00:00.00)

Extensions: writing cache failed ([Errno 30] Read-only file system: '/home/agent/.config/blender').
15:54:32 | INFO: Data are loaded, start creating Blender stuff
15:54:32 | INFO: Blender create Mesh node Cube
15:54:32 | INFO: Blender create Mesh node Cube.008
15:54:32 | INFO: Blender create Mesh node Cube.023
15:54:32 | INFO: Blender create Mesh node Cube.024
15:54:32 | INFO: glTF import finished in 0.01s
Fra:1 Mem:15.18M (Peak 15.18M) | Time:00:00.00 | Mem:0.00M, Peak:0.00M | Scene, ViewLayer | Synchronizing object | metal
Fra:1 Mem:15.41M (Peak 15.41M) | Time:00:00.00 | Mem:0.00M, Peak:0.00M | Scene, ViewLayer | Synchronizing object | QA-ground-plane
Fra:1 Mem:15.25M (Peak 15.41M) | Time:00:00.00 | Mem:0.00M, Peak:0.00M | Scene, ViewLayer | Synchronizing object | QA-1m-ruler-tenth.009
Fra:1 Mem:15.27M (Peak 15.41M) | Time:00:00.00 | Mem:0.00M, Peak:0.00M | Scene, ViewLayer | Synchronizing object | QA-1m-ruler-tenth.008
Fra:1 Mem:15.29M (Peak 15.41M) | Time:00:00.00 | Mem:0.00M, Peak:0.00M | Scene, ViewLayer | Synchronizing object | QA-1m-ruler-tenth.007
Fra:1 Mem:15.30M (Peak 15.41M) | Time:00:00.00 | Mem:0.00M, Peak:0.00M | Scene, ViewLayer | Synchronizing object | QA-1m-ruler-tenth.006
Fra:1 Mem:15.30M (Peak 15.41M) | Time:00:00.00 | Mem:0.00M, Peak:0.00M | Scene, ViewLayer | Synchronizing object | QA-1m-ruler-tenth.005
Fra:1 Mem:15.30M (Peak 15.41M) | Time:00:00.00 | Mem:0.00M, Peak:0.00M | Scene, ViewLayer | Synchronizing object | QA-1m-ruler-tenth.004
Fra:1 Mem:15.31M (Peak 15.41M) | Time:00:00.00 | Mem:0.00M, Peak:0.00M | Scene, ViewLayer | Synchronizing object | QA-1m-ruler-tenth.003
Fra:1 Mem:15.32M (Peak 15.41M) | Time:00:00.00 | Mem:0.00M, Peak:0.00M | Scene, ViewLayer | Synchronizing object | QA-1m-ruler-tenth.002
Fra:1 Mem:15.39M (Peak 15.41M) | Time:00:00.00 | Mem:0.00M, Peak:0.00M | Scene, ViewLayer | Synchronizing object | QA-1m-ruler-tenth.001
Fra:1 Mem:15.39M (Peak 15.41M) | Time:00:00.00 | Mem:0.00M, Peak:0.00M | Scene, ViewLayer | Synchronizing object | QA-1m-ruler-tenth
Fra:1 Mem:15.39M (Peak 15.41M) | Time:00:00.00 | Mem:0.00M, Peak:0.00M | Scene, ViewLayer | Synchronizing object | Sphere.001
Fra:1 Mem:15.40M (Peak 15.41M) | Time:00:00.00 | Mem:0.00M, Peak:0.00M | Scene, ViewLayer | Synchronizing object | QA-human-arm.003
Fra:1 Mem:15.40M (Peak 15.41M) | Time:00:00.00 | Mem:0.00M, Peak:0.00M | Scene, ViewLayer | Synchronizing object | QA-human-arm.002
Fra:1 Mem:15.40M (Peak 15.41M) | Time:00:00.00 | Mem:0.00M, Peak:0.00M | Scene, ViewLayer | Synchronizing object | QA-human-leg.003
Fra:1 Mem:15.40M (Peak 15.41M) | Time:00:00.00 | Mem:0.00M, Peak:0.00M | Scene, ViewLayer | Synchronizing object | QA-human-leg.002
Fra:1 Mem:15.35M (Peak 15.41M) | Time:00:00.00 | Mem:0.00M, Peak:0.00M | Scene, ViewLayer | Synchronizing object | QA-human-neck.001
Fra:1 Mem:15.37M (Peak 15.41M) | Time:00:00.00 | Mem:0.00M, Peak:0.00M | Scene, ViewLayer | Synchronizing object | QA-human-torso.001
Fra:1 Mem:15.39M (Peak 15.41M) | Time:00:00.00 | Mem:0.00M, Peak:0.00M | Scene, ViewLayer | Synchronizing object | Sphere
Fra:1 Mem:15.39M (Peak 15.41M) | Time:00:00.00 | Mem:0.00M, Peak:0.00M | Scene, ViewLayer | Synchronizing object | QA-human-arm.001
Fra:1 Mem:15.33M (Peak 15.41M) | Time:00:00.00 | Mem:0.00M, Peak:0.00M | Scene, ViewLayer | Synchronizing object | QA-human-arm
Fra:1 Mem:15.31M (Peak 15.41M) | Time:00:00.00 | Mem:0.00M, Peak:0.00M | Scene, ViewLayer | Synchronizing object | QA-human-leg.001
Fra:1 Mem:15.31M (Peak 15.41M) | Time:00:00.00 | Mem:0.00M, Peak:0.00M | Scene, ViewLayer | Synchronizing object | glass
Fra:1 Mem:15.31M (Peak 15.41M) | Time:00:00.00 | Mem:0.00M, Peak:0.00M | Scene, ViewLayer | Synchronizing object | QA-human-leg
Fra:1 Mem:15.32M (Peak 15.41M) | Time:00:00.00 | Mem:0.00M, Peak:0.00M | Scene, ViewLayer | Synchronizing object | QA-human-neck
Fra:1 Mem:15.35M (Peak 15.41M) | Time:00:00.00 | Mem:0.00M, Peak:0.00M | Scene, ViewLayer | Synchronizing object | QA-human-torso
Fra:1 Mem:15.36M (Peak 15.41M) | Time:00:00.00 | Mem:0.00M, Peak:0.00M | Scene, ViewLayer | Synchronizing object | wood
Fra:1 Mem:15.36M (Peak 15.41M) | Time:00:00.00 | Mem:0.00M, Peak:0.00M | Scene, ViewLayer | Synchronizing object | diffuser
Fra:1 Mem:15.34M (Peak 15.41M) | Time:00:00.00 | Mem:0.00M, Peak:0.00M | Scene, ViewLayer | Initializing
Fra:1 Mem:13.95M (Peak 15.41M) | Time:00:00.00 | Mem:0.00M, Peak:0.00M | Scene, ViewLayer | Waiting for render to start
Fra:1 Mem:13.95M (Peak 15.41M) | Time:00:00.00 | Mem:0.00M, Peak:0.00M | Scene, ViewLayer | Loading render kernels (may take a few minutes the first time)
Fra:1 Mem:13.95M (Peak 15.41M) | Time:00:00.00 | Mem:0.00M, Peak:0.00M | Scene, ViewLayer | Updating Scene
Fra:1 Mem:13.95M (Peak 15.41M) | Time:00:00.00 | Mem:0.00M, Peak:0.00M | Scene, ViewLayer | Updating Shaders
Fra:1 Mem:14.04M (Peak 15.41M) | Time:00:00.00 | Mem:0.01M, Peak:0.01M | Scene, ViewLayer | Updating Procedurals
Fra:1 Mem:14.04M (Peak 15.41M) | Time:00:00.00 | Mem:0.01M, Peak:0.01M | Scene, ViewLayer | Updating Background
Fra:1 Mem:14.04M (Peak 15.41M) | Time:00:00.00 | Mem:0.01M, Peak:0.01M | Scene, ViewLayer | Updating Camera
Fra:1 Mem:14.04M (Peak 15.41M) | Time:00:00.00 | Mem:0.01M, Peak:0.01M | Scene, ViewLayer | Updating Meshes Flags
Fra:1 Mem:14.04M (Peak 15.41M) | Time:00:00.00 | Mem:0.01M, Peak:0.01M | Scene, ViewLayer | Updating Objects
Fra:1 Mem:14.04M (Peak 15.41M) | Time:00:00.00 | Mem:0.01M, Peak:0.01M | Scene, ViewLayer | Updating Objects | Copying Transformations to device
Fra:1 Mem:14.05M (Peak 15.41M) | Time:00:00.00 | Mem:0.01M, Peak:0.01M | Scene, ViewLayer | Updating Objects | Applying Static Transformations
Fra:1 Mem:14.05M (Peak 15.41M) | Time:00:00.00 | Mem:0.01M, Peak:0.01M | Scene, ViewLayer | Updating Particle Systems
Fra:1 Mem:14.05M (Peak 15.41M) | Time:00:00.00 | Mem:0.01M, Peak:0.01M | Scene, ViewLayer | Updating Particle Systems | Copying Particles to device
Fra:1 Mem:14.05M (Peak 15.41M) | Time:00:00.00 | Mem:0.01M, Peak:0.01M | Scene, ViewLayer | Updating Meshes
Fra:1 Mem:14.06M (Peak 15.41M) | Time:00:00.00 | Mem:0.01M, Peak:0.01M | Scene, ViewLayer | Updating Mesh | Computing attributes
Fra:1 Mem:14.09M (Peak 15.41M) | Time:00:00.00 | Mem:0.02M, Peak:0.02M | Scene, ViewLayer | Updating Mesh | Copying Attributes to device
Fra:1 Mem:14.09M (Peak 15.41M) | Time:00:00.00 | Mem:0.04M, Peak:0.04M | Scene, ViewLayer | Updating Scene BVH | Building
Fra:1 Mem:14.09M (Peak 15.41M) | Time:00:00.00 | Mem:0.04M, Peak:0.04M | Scene, ViewLayer | Updating Scene BVH | Building BVH
Fra:1 Mem:14.09M (Peak 15.41M) | Time:00:00.00 | Mem:0.07M, Peak:0.07M | Scene, ViewLayer | Updating Scene BVH | Building BVH 0%
Fra:1 Mem:14.09M (Peak 15.41M) | Time:00:00.00 | Mem:0.11M, Peak:0.15M | Scene, ViewLayer | Updating Scene BVH | Copying BVH to device
Fra:1 Mem:14.09M (Peak 15.41M) | Time:00:00.00 | Mem:0.11M, Peak:0.15M | Scene, ViewLayer | Updating Mesh | Computing normals
Fra:1 Mem:14.17M (Peak 15.41M) | Time:00:00.00 | Mem:0.11M, Peak:0.15M | Scene, ViewLayer | Updating Mesh | Copying Mesh to device
Fra:1 Mem:14.17M (Peak 15.41M) | Time:00:00.00 | Mem:0.20M, Peak:0.20M | Scene, ViewLayer | Updating Objects Flags
Fra:1 Mem:14.17M (Peak 15.41M) | Time:00:00.00 | Mem:0.20M, Peak:0.20M | Scene, ViewLayer | Updating Primitive Offsets
Fra:1 Mem:14.17M (Peak 15.41M) | Time:00:00.00 | Mem:0.20M, Peak:0.20M | Scene, ViewLayer | Updating Images
Fra:1 Mem:14.17M (Peak 15.41M) | Time:00:00.00 | Mem:0.20M, Peak:0.20M | Scene, ViewLayer | Updating Camera Volume
Fra:1 Mem:14.17M (Peak 15.41M) | Time:00:00.00 | Mem:0.20M, Peak:0.20M | Scene, ViewLayer | Updating Lookup Tables
Fra:1 Mem:14.17M (Peak 15.41M) | Time:00:00.00 | Mem:0.28M, Peak:0.28M | Scene, ViewLayer | Updating Lights
Fra:1 Mem:14.17M (Peak 15.41M) | Time:00:00.00 | Mem:0.28M, Peak:0.28M | Scene, ViewLayer | Updating Lights | Computing tree
Fra:1 Mem:14.17M (Peak 15.41M) | Time:00:00.00 | Mem:0.28M, Peak:0.28M | Scene, ViewLayer | Updating Integrator
Fra:1 Mem:14.17M (Peak 15.41M) | Time:00:00.00 | Mem:0.28M, Peak:0.28M | Scene, ViewLayer | Updating Film
Fra:1 Mem:14.18M (Peak 15.41M) | Time:00:00.00 | Mem:0.20M, Peak:0.28M | Scene, ViewLayer | Updating Lookup Tables
Fra:1 Mem:14.18M (Peak 15.41M) | Time:00:00.00 | Mem:0.28M, Peak:0.28M | Scene, ViewLayer | Updating Baking
Fra:1 Mem:14.18M (Peak 15.41M) | Time:00:00.00 | Mem:0.28M, Peak:0.28M | Scene, ViewLayer | Updating Device | Writing constant memory
Fra:1 Mem:14.18M (Peak 15.41M) | Time:00:00.00 | Mem:0.28M, Peak:0.28M | Scene, ViewLayer | Sample 0/16
Fra:1 Mem:16.43M (Peak 16.43M) | Time:00:00.03 | Remaining:00:00.43 | Mem:2.53M, Peak:2.53M | Scene, ViewLayer | Sample 1/16
Fra:1 Mem:17.44M (Peak 19.44M) | Time:00:00.40 | Mem:2.53M, Peak:2.53M | Scene, ViewLayer | Sample 16/16
Fra:1 Mem:17.44M (Peak 19.44M) | Time:00:00.40 | Mem:2.53M, Peak:2.53M | Scene, ViewLayer | Finished
Saved: '/tmp/street-furniture-qa-4q7zi_2_/transit-shelter.lod1.side.png'
Time: 00:00.41 (Saving: 00:00.00)

Extensions: writing cache failed ([Errno 30] Read-only file system: '/home/agent/.config/blender').
15:54:33 | INFO: Data are loaded, start creating Blender stuff
15:54:33 | INFO: Blender create Mesh node Cube
15:54:33 | INFO: Blender create Mesh node Cube.008
15:54:33 | INFO: Blender create Mesh node Cube.023
15:54:33 | INFO: Blender create Mesh node Cube.024
15:54:33 | INFO: glTF import finished in 0.01s
Fra:1 Mem:15.19M (Peak 15.19M) | Time:00:00.00 | Mem:0.00M, Peak:0.00M | Scene, ViewLayer | Synchronizing object | metal
Fra:1 Mem:15.41M (Peak 15.41M) | Time:00:00.00 | Mem:0.00M, Peak:0.00M | Scene, ViewLayer | Synchronizing object | QA-ground-plane
Fra:1 Mem:15.25M (Peak 15.41M) | Time:00:00.00 | Mem:0.00M, Peak:0.00M | Scene, ViewLayer | Synchronizing object | QA-1m-ruler-tenth.009
Fra:1 Mem:15.28M (Peak 15.41M) | Time:00:00.00 | Mem:0.00M, Peak:0.00M | Scene, ViewLayer | Synchronizing object | QA-1m-ruler-tenth.008
Fra:1 Mem:15.29M (Peak 15.41M) | Time:00:00.00 | Mem:0.00M, Peak:0.00M | Scene, ViewLayer | Synchronizing object | QA-1m-ruler-tenth.007
Fra:1 Mem:15.30M (Peak 15.41M) | Time:00:00.00 | Mem:0.00M, Peak:0.00M | Scene, ViewLayer | Synchronizing object | QA-1m-ruler-tenth.006
Fra:1 Mem:15.30M (Peak 15.41M) | Time:00:00.00 | Mem:0.00M, Peak:0.00M | Scene, ViewLayer | Synchronizing object | QA-1m-ruler-tenth.005
Fra:1 Mem:15.30M (Peak 15.41M) | Time:00:00.00 | Mem:0.00M, Peak:0.00M | Scene, ViewLayer | Synchronizing object | QA-1m-ruler-tenth.004
Fra:1 Mem:15.31M (Peak 15.41M) | Time:00:00.00 | Mem:0.00M, Peak:0.00M | Scene, ViewLayer | Synchronizing object | QA-1m-ruler-tenth.003
Fra:1 Mem:15.32M (Peak 15.41M) | Time:00:00.00 | Mem:0.00M, Peak:0.00M | Scene, ViewLayer | Synchronizing object | QA-1m-ruler-tenth.002
Fra:1 Mem:15.39M (Peak 15.41M) | Time:00:00.00 | Mem:0.00M, Peak:0.00M | Scene, ViewLayer | Synchronizing object | QA-1m-ruler-tenth.001
Fra:1 Mem:15.39M (Peak 15.41M) | Time:00:00.00 | Mem:0.00M, Peak:0.00M | Scene, ViewLayer | Synchronizing object | QA-1m-ruler-tenth
Fra:1 Mem:15.39M (Peak 15.41M) | Time:00:00.00 | Mem:0.00M, Peak:0.00M | Scene, ViewLayer | Synchronizing object | Sphere.001
Fra:1 Mem:15.40M (Peak 15.41M) | Time:00:00.00 | Mem:0.00M, Peak:0.00M | Scene, ViewLayer | Synchronizing object | QA-human-arm.003
Fra:1 Mem:15.40M (Peak 15.41M) | Time:00:00.00 | Mem:0.00M, Peak:0.00M | Scene, ViewLayer | Synchronizing object | QA-human-arm.002
Fra:1 Mem:15.40M (Peak 15.41M) | Time:00:00.00 | Mem:0.00M, Peak:0.00M | Scene, ViewLayer | Synchronizing object | QA-human-leg.003
Fra:1 Mem:15.35M (Peak 15.41M) | Time:00:00.00 | Mem:0.00M, Peak:0.00M | Scene, ViewLayer | Synchronizing object | QA-human-leg.002
Fra:1 Mem:15.37M (Peak 15.41M) | Time:00:00.00 | Mem:0.00M, Peak:0.00M | Scene, ViewLayer | Synchronizing object | QA-human-neck.001
Fra:1 Mem:15.39M (Peak 15.41M) | Time:00:00.00 | Mem:0.00M, Peak:0.00M | Scene, ViewLayer | Synchronizing object | QA-human-torso.001
Fra:1 Mem:15.40M (Peak 15.41M) | Time:00:00.00 | Mem:0.00M, Peak:0.00M | Scene, ViewLayer | Synchronizing object | Sphere
Fra:1 Mem:15.33M (Peak 15.41M) | Time:00:00.00 | Mem:0.00M, Peak:0.00M | Scene, ViewLayer | Synchronizing object | QA-human-arm.001
Fra:1 Mem:15.33M (Peak 15.41M) | Time:00:00.00 | Mem:0.00M, Peak:0.00M | Scene, ViewLayer | Synchronizing object | QA-human-arm
Fra:1 Mem:15.31M (Peak 15.41M) | Time:00:00.00 | Mem:0.00M, Peak:0.00M | Scene, ViewLayer | Synchronizing object | glass
Fra:1 Mem:15.32M (Peak 15.41M) | Time:00:00.00 | Mem:0.00M, Peak:0.00M | Scene, ViewLayer | Synchronizing object | QA-human-leg.001
Fra:1 Mem:15.35M (Peak 15.41M) | Time:00:00.00 | Mem:0.00M, Peak:0.00M | Scene, ViewLayer | Synchronizing object | QA-human-leg
Fra:1 Mem:15.36M (Peak 15.41M) | Time:00:00.00 | Mem:0.00M, Peak:0.00M | Scene, ViewLayer | Synchronizing object | QA-human-neck
Fra:1 Mem:15.33M (Peak 15.41M) | Time:00:00.00 | Mem:0.00M, Peak:0.00M | Scene, ViewLayer | Synchronizing object | QA-human-torso
Fra:1 Mem:15.35M (Peak 15.41M) | Time:00:00.00 | Mem:0.00M, Peak:0.00M | Scene, ViewLayer | Synchronizing object | wood
Fra:1 Mem:15.34M (Peak 15.41M) | Time:00:00.00 | Mem:0.00M, Peak:0.00M | Scene, ViewLayer | Synchronizing object | diffuser
Fra:1 Mem:15.34M (Peak 15.41M) | Time:00:00.00 | Mem:0.00M, Peak:0.00M | Scene, ViewLayer | Initializing
Fra:1 Mem:13.95M (Peak 15.41M) | Time:00:00.00 | Mem:0.00M, Peak:0.00M | Scene, ViewLayer | Waiting for render to start
Fra:1 Mem:13.95M (Peak 15.41M) | Time:00:00.00 | Mem:0.00M, Peak:0.00M | Scene, ViewLayer | Loading render kernels (may take a few minutes the first time)
Fra:1 Mem:13.95M (Peak 15.41M) | Time:00:00.00 | Mem:0.00M, Peak:0.00M | Scene, ViewLayer | Updating Scene
Fra:1 Mem:13.95M (Peak 15.41M) | Time:00:00.00 | Mem:0.00M, Peak:0.00M | Scene, ViewLayer | Updating Shaders
Fra:1 Mem:14.04M (Peak 15.41M) | Time:00:00.00 | Mem:0.01M, Peak:0.01M | Scene, ViewLayer | Updating Procedurals
Fra:1 Mem:14.04M (Peak 15.41M) | Time:00:00.00 | Mem:0.01M, Peak:0.01M | Scene, ViewLayer | Updating Background
Fra:1 Mem:14.04M (Peak 15.41M) | Time:00:00.00 | Mem:0.01M, Peak:0.01M | Scene, ViewLayer | Updating Camera
Fra:1 Mem:14.04M (Peak 15.41M) | Time:00:00.00 | Mem:0.01M, Peak:0.01M | Scene, ViewLayer | Updating Meshes Flags
Fra:1 Mem:14.04M (Peak 15.41M) | Time:00:00.00 | Mem:0.01M, Peak:0.01M | Scene, ViewLayer | Updating Objects
Fra:1 Mem:14.04M (Peak 15.41M) | Time:00:00.00 | Mem:0.01M, Peak:0.01M | Scene, ViewLayer | Updating Objects | Copying Transformations to device
Fra:1 Mem:14.05M (Peak 15.41M) | Time:00:00.00 | Mem:0.01M, Peak:0.01M | Scene, ViewLayer | Updating Objects | Applying Static Transformations
Fra:1 Mem:14.05M (Peak 15.41M) | Time:00:00.00 | Mem:0.01M, Peak:0.01M | Scene, ViewLayer | Updating Particle Systems
Fra:1 Mem:14.05M (Peak 15.41M) | Time:00:00.00 | Mem:0.01M, Peak:0.01M | Scene, ViewLayer | Updating Particle Systems | Copying Particles to device
Fra:1 Mem:14.05M (Peak 15.41M) | Time:00:00.00 | Mem:0.01M, Peak:0.01M | Scene, ViewLayer | Updating Meshes
Fra:1 Mem:14.06M (Peak 15.41M) | Time:00:00.00 | Mem:0.01M, Peak:0.01M | Scene, ViewLayer | Updating Mesh | Computing attributes
Fra:1 Mem:14.09M (Peak 15.41M) | Time:00:00.00 | Mem:0.02M, Peak:0.02M | Scene, ViewLayer | Updating Mesh | Copying Attributes to device
Fra:1 Mem:14.09M (Peak 15.41M) | Time:00:00.00 | Mem:0.04M, Peak:0.04M | Scene, ViewLayer | Updating Scene BVH | Building
Fra:1 Mem:14.09M (Peak 15.41M) | Time:00:00.00 | Mem:0.04M, Peak:0.04M | Scene, ViewLayer | Updating Scene BVH | Building BVH
Fra:1 Mem:14.09M (Peak 15.41M) | Time:00:00.00 | Mem:0.07M, Peak:0.07M | Scene, ViewLayer | Updating Scene BVH | Building BVH 0%
Fra:1 Mem:14.09M (Peak 15.41M) | Time:00:00.00 | Mem:0.11M, Peak:0.15M | Scene, ViewLayer | Updating Scene BVH | Copying BVH to device
Fra:1 Mem:14.09M (Peak 15.41M) | Time:00:00.00 | Mem:0.11M, Peak:0.15M | Scene, ViewLayer | Updating Mesh | Computing normals
Fra:1 Mem:14.17M (Peak 15.41M) | Time:00:00.00 | Mem:0.11M, Peak:0.15M | Scene, ViewLayer | Updating Mesh | Copying Mesh to device
Fra:1 Mem:14.17M (Peak 15.41M) | Time:00:00.00 | Mem:0.20M, Peak:0.20M | Scene, ViewLayer | Updating Objects Flags
Fra:1 Mem:14.17M (Peak 15.41M) | Time:00:00.00 | Mem:0.20M, Peak:0.20M | Scene, ViewLayer | Updating Primitive Offsets
Fra:1 Mem:14.17M (Peak 15.41M) | Time:00:00.00 | Mem:0.20M, Peak:0.20M | Scene, ViewLayer | Updating Images
Fra:1 Mem:14.17M (Peak 15.41M) | Time:00:00.00 | Mem:0.20M, Peak:0.20M | Scene, ViewLayer | Updating Camera Volume
Fra:1 Mem:14.17M (Peak 15.41M) | Time:00:00.00 | Mem:0.20M, Peak:0.20M | Scene, ViewLayer | Updating Lookup Tables
Fra:1 Mem:14.17M (Peak 15.41M) | Time:00:00.00 | Mem:0.28M, Peak:0.28M | Scene, ViewLayer | Updating Lights
Fra:1 Mem:14.17M (Peak 15.41M) | Time:00:00.00 | Mem:0.28M, Peak:0.28M | Scene, ViewLayer | Updating Lights | Computing tree
Fra:1 Mem:14.17M (Peak 15.41M) | Time:00:00.00 | Mem:0.28M, Peak:0.28M | Scene, ViewLayer | Updating Integrator
Fra:1 Mem:14.17M (Peak 15.41M) | Time:00:00.00 | Mem:0.28M, Peak:0.28M | Scene, ViewLayer | Updating Film
Fra:1 Mem:14.18M (Peak 15.41M) | Time:00:00.00 | Mem:0.20M, Peak:0.28M | Scene, ViewLayer | Updating Lookup Tables
Fra:1 Mem:14.18M (Peak 15.41M) | Time:00:00.00 | Mem:0.28M, Peak:0.28M | Scene, ViewLayer | Updating Baking
Fra:1 Mem:14.18M (Peak 15.41M) | Time:00:00.00 | Mem:0.28M, Peak:0.28M | Scene, ViewLayer | Updating Device | Writing constant memory
Fra:1 Mem:14.18M (Peak 15.41M) | Time:00:00.00 | Mem:0.28M, Peak:0.28M | Scene, ViewLayer | Sample 0/16
Fra:1 Mem:16.43M (Peak 16.43M) | Time:00:00.02 | Remaining:00:00.37 | Mem:2.53M, Peak:2.53M | Scene, ViewLayer | Sample 1/16
Fra:1 Mem:17.44M (Peak 19.44M) | Time:00:00.36 | Mem:2.53M, Peak:2.53M | Scene, ViewLayer | Sample 16/16
Fra:1 Mem:17.44M (Peak 19.44M) | Time:00:00.36 | Mem:2.53M, Peak:2.53M | Scene, ViewLayer | Finished
Saved: '/tmp/street-furniture-qa-4q7zi_2_/transit-shelter.lod1.rear.png'
Time: 00:00.37 (Saving: 00:00.00)

Extensions: writing cache failed ([Errno 30] Read-only file system: '/home/agent/.config/blender').
15:54:33 | INFO: Data are loaded, start creating Blender stuff
15:54:33 | INFO: Blender create Mesh node Cube
15:54:33 | INFO: Blender create Mesh node Cube.008
15:54:33 | INFO: Blender create Mesh node Cube.023
15:54:33 | INFO: Blender create Mesh node Cube.024
15:54:33 | INFO: glTF import finished in 0.01s
Fra:1 Mem:15.19M (Peak 15.19M) | Time:00:00.00 | Mem:0.00M, Peak:0.00M | Scene, ViewLayer | Synchronizing object | metal
Fra:1 Mem:15.40M (Peak 15.40M) | Time:00:00.00 | Mem:0.00M, Peak:0.00M | Scene, ViewLayer | Synchronizing object | QA-ground-plane
Fra:1 Mem:15.42M (Peak 15.42M) | Time:00:00.00 | Mem:0.00M, Peak:0.00M | Scene, ViewLayer | Synchronizing object | QA-1m-ruler-tenth.009
Fra:1 Mem:15.25M (Peak 15.42M) | Time:00:00.00 | Mem:0.00M, Peak:0.00M | Scene, ViewLayer | Synchronizing object | QA-1m-ruler-tenth.008
Fra:1 Mem:15.28M (Peak 15.42M) | Time:00:00.00 | Mem:0.00M, Peak:0.00M | Scene, ViewLayer | Synchronizing object | QA-1m-ruler-tenth.007
Fra:1 Mem:15.29M (Peak 15.42M) | Time:00:00.00 | Mem:0.00M, Peak:0.00M | Scene, ViewLayer | Synchronizing object | QA-1m-ruler-tenth.006
Fra:1 Mem:15.29M (Peak 15.42M) | Time:00:00.00 | Mem:0.00M, Peak:0.00M | Scene, ViewLayer | Synchronizing object | QA-1m-ruler-tenth.005
Fra:1 Mem:15.30M (Peak 15.42M) | Time:00:00.00 | Mem:0.00M, Peak:0.00M | Scene, ViewLayer | Synchronizing object | QA-1m-ruler-tenth.004
Fra:1 Mem:15.31M (Peak 15.42M) | Time:00:00.00 | Mem:0.00M, Peak:0.00M | Scene, ViewLayer | Synchronizing object | QA-1m-ruler-tenth.003
Fra:1 Mem:15.31M (Peak 15.42M) | Time:00:00.00 | Mem:0.00M, Peak:0.00M | Scene, ViewLayer | Synchronizing object | QA-1m-ruler-tenth.002
Fra:1 Mem:15.32M (Peak 15.42M) | Time:00:00.00 | Mem:0.00M, Peak:0.00M | Scene, ViewLayer | Synchronizing object | QA-1m-ruler-tenth.001
Fra:1 Mem:15.32M (Peak 15.42M) | Time:00:00.00 | Mem:0.00M, Peak:0.00M | Scene, ViewLayer | Synchronizing object | QA-1m-ruler-tenth
Fra:1 Mem:15.39M (Peak 15.42M) | Time:00:00.00 | Mem:0.00M, Peak:0.00M | Scene, ViewLayer | Synchronizing object | Sphere.001
Fra:1 Mem:15.40M (Peak 15.42M) | Time:00:00.00 | Mem:0.00M, Peak:0.00M | Scene, ViewLayer | Synchronizing object | QA-human-arm.003
Fra:1 Mem:15.40M (Peak 15.42M) | Time:00:00.00 | Mem:0.00M, Peak:0.00M | Scene, ViewLayer | Synchronizing object | QA-human-arm.002
Fra:1 Mem:15.40M (Peak 15.42M) | Time:00:00.00 | Mem:0.00M, Peak:0.00M | Scene, ViewLayer | Synchronizing object | QA-human-leg.003
Fra:1 Mem:15.40M (Peak 15.42M) | Time:00:00.00 | Mem:0.00M, Peak:0.00M | Scene, ViewLayer | Synchronizing object | QA-human-leg.002
Fra:1 Mem:15.40M (Peak 15.42M) | Time:00:00.00 | Mem:0.00M, Peak:0.00M | Scene, ViewLayer | Synchronizing object | QA-human-neck.001
Fra:1 Mem:15.35M (Peak 15.42M) | Time:00:00.00 | Mem:0.00M, Peak:0.00M | Scene, ViewLayer | Synchronizing object | QA-human-torso.001
Fra:1 Mem:15.37M (Peak 15.42M) | Time:00:00.00 | Mem:0.00M, Peak:0.00M | Scene, ViewLayer | Synchronizing object | Sphere
Fra:1 Mem:15.41M (Peak 15.42M) | Time:00:00.00 | Mem:0.00M, Peak:0.00M | Scene, ViewLayer | Synchronizing object | QA-human-arm.001
Fra:1 Mem:15.37M (Peak 15.42M) | Time:00:00.00 | Mem:0.00M, Peak:0.00M | Scene, ViewLayer | Synchronizing object | QA-human-arm
Fra:1 Mem:15.33M (Peak 15.42M) | Time:00:00.00 | Mem:0.00M, Peak:0.00M | Scene, ViewLayer | Synchronizing object | QA-human-leg.001
Fra:1 Mem:15.31M (Peak 15.42M) | Time:00:00.00 | Mem:0.00M, Peak:0.00M | Scene, ViewLayer | Synchronizing object | glass
Fra:1 Mem:15.32M (Peak 15.42M) | Time:00:00.00 | Mem:0.00M, Peak:0.00M | Scene, ViewLayer | Synchronizing object | QA-human-leg
Fra:1 Mem:15.32M (Peak 15.42M) | Time:00:00.00 | Mem:0.00M, Peak:0.00M | Scene, ViewLayer | Synchronizing object | QA-human-neck
Fra:1 Mem:15.35M (Peak 15.42M) | Time:00:00.00 | Mem:0.00M, Peak:0.00M | Scene, ViewLayer | Synchronizing object | QA-human-torso
Fra:1 Mem:15.36M (Peak 15.42M) | Time:00:00.00 | Mem:0.00M, Peak:0.00M | Scene, ViewLayer | Synchronizing object | wood
Fra:1 Mem:15.36M (Peak 15.42M) | Time:00:00.00 | Mem:0.00M, Peak:0.00M | Scene, ViewLayer | Synchronizing object | diffuser
Fra:1 Mem:15.34M (Peak 15.42M) | Time:00:00.00 | Mem:0.00M, Peak:0.00M | Scene, ViewLayer | Initializing
Fra:1 Mem:13.95M (Peak 15.42M) | Time:00:00.00 | Mem:0.00M, Peak:0.00M | Scene, ViewLayer | Waiting for render to start
Fra:1 Mem:13.95M (Peak 15.42M) | Time:00:00.00 | Mem:0.00M, Peak:0.00M | Scene, ViewLayer | Loading render kernels (may take a few minutes the first time)
Fra:1 Mem:13.95M (Peak 15.42M) | Time:00:00.00 | Mem:0.00M, Peak:0.00M | Scene, ViewLayer | Updating Scene
Fra:1 Mem:13.95M (Peak 15.42M) | Time:00:00.00 | Mem:0.00M, Peak:0.00M | Scene, ViewLayer | Updating Shaders
Fra:1 Mem:14.04M (Peak 15.42M) | Time:00:00.00 | Mem:0.01M, Peak:0.01M | Scene, ViewLayer | Updating Procedurals
Fra:1 Mem:14.04M (Peak 15.42M) | Time:00:00.00 | Mem:0.01M, Peak:0.01M | Scene, ViewLayer | Updating Background
Fra:1 Mem:14.04M (Peak 15.42M) | Time:00:00.00 | Mem:0.01M, Peak:0.01M | Scene, ViewLayer | Updating Camera
Fra:1 Mem:14.04M (Peak 15.42M) | Time:00:00.00 | Mem:0.01M, Peak:0.01M | Scene, ViewLayer | Updating Meshes Flags
Fra:1 Mem:14.04M (Peak 15.42M) | Time:00:00.00 | Mem:0.01M, Peak:0.01M | Scene, ViewLayer | Updating Objects
Fra:1 Mem:14.04M (Peak 15.42M) | Time:00:00.00 | Mem:0.01M, Peak:0.01M | Scene, ViewLayer | Updating Objects | Copying Transformations to device
Fra:1 Mem:14.05M (Peak 15.42M) | Time:00:00.00 | Mem:0.01M, Peak:0.01M | Scene, ViewLayer | Updating Objects | Applying Static Transformations
Fra:1 Mem:14.05M (Peak 15.42M) | Time:00:00.00 | Mem:0.01M, Peak:0.01M | Scene, ViewLayer | Updating Particle Systems
Fra:1 Mem:14.05M (Peak 15.42M) | Time:00:00.00 | Mem:0.01M, Peak:0.01M | Scene, ViewLayer | Updating Particle Systems | Copying Particles to device
Fra:1 Mem:14.05M (Peak 15.42M) | Time:00:00.00 | Mem:0.01M, Peak:0.01M | Scene, ViewLayer | Updating Meshes
Fra:1 Mem:14.06M (Peak 15.42M) | Time:00:00.00 | Mem:0.01M, Peak:0.01M | Scene, ViewLayer | Updating Mesh | Computing attributes
Fra:1 Mem:14.09M (Peak 15.42M) | Time:00:00.00 | Mem:0.02M, Peak:0.02M | Scene, ViewLayer | Updating Mesh | Copying Attributes to device
Fra:1 Mem:14.09M (Peak 15.42M) | Time:00:00.00 | Mem:0.04M, Peak:0.04M | Scene, ViewLayer | Updating Scene BVH | Building
Fra:1 Mem:14.09M (Peak 15.42M) | Time:00:00.00 | Mem:0.04M, Peak:0.04M | Scene, ViewLayer | Updating Scene BVH | Building BVH
Fra:1 Mem:14.09M (Peak 15.42M) | Time:00:00.00 | Mem:0.07M, Peak:0.07M | Scene, ViewLayer | Updating Scene BVH | Building BVH 0%
Fra:1 Mem:14.09M (Peak 15.42M) | Time:00:00.00 | Mem:0.11M, Peak:0.15M | Scene, ViewLayer | Updating Scene BVH | Copying BVH to device
Fra:1 Mem:14.09M (Peak 15.42M) | Time:00:00.00 | Mem:0.11M, Peak:0.15M | Scene, ViewLayer | Updating Mesh | Computing normals
Fra:1 Mem:14.17M (Peak 15.42M) | Time:00:00.00 | Mem:0.11M, Peak:0.15M | Scene, ViewLayer | Updating Mesh | Copying Mesh to device
Fra:1 Mem:14.17M (Peak 15.42M) | Time:00:00.00 | Mem:0.20M, Peak:0.20M | Scene, ViewLayer | Updating Objects Flags
Fra:1 Mem:14.17M (Peak 15.42M) | Time:00:00.00 | Mem:0.20M, Peak:0.20M | Scene, ViewLayer | Updating Primitive Offsets
Fra:1 Mem:14.17M (Peak 15.42M) | Time:00:00.00 | Mem:0.20M, Peak:0.20M | Scene, ViewLayer | Updating Images
Fra:1 Mem:14.17M (Peak 15.42M) | Time:00:00.00 | Mem:0.20M, Peak:0.20M | Scene, ViewLayer | Updating Camera Volume
Fra:1 Mem:14.17M (Peak 15.42M) | Time:00:00.00 | Mem:0.20M, Peak:0.20M | Scene, ViewLayer | Updating Lookup Tables
Fra:1 Mem:14.17M (Peak 15.42M) | Time:00:00.00 | Mem:0.28M, Peak:0.28M | Scene, ViewLayer | Updating Lights
Fra:1 Mem:14.17M (Peak 15.42M) | Time:00:00.00 | Mem:0.28M, Peak:0.28M | Scene, ViewLayer | Updating Lights | Computing tree
Fra:1 Mem:14.17M (Peak 15.42M) | Time:00:00.00 | Mem:0.28M, Peak:0.28M | Scene, ViewLayer | Updating Integrator
Fra:1 Mem:14.17M (Peak 15.42M) | Time:00:00.00 | Mem:0.28M, Peak:0.28M | Scene, ViewLayer | Updating Film
Fra:1 Mem:14.18M (Peak 15.42M) | Time:00:00.00 | Mem:0.20M, Peak:0.28M | Scene, ViewLayer | Updating Lookup Tables
Fra:1 Mem:14.18M (Peak 15.42M) | Time:00:00.00 | Mem:0.28M, Peak:0.28M | Scene, ViewLayer | Updating Baking
Fra:1 Mem:14.18M (Peak 15.42M) | Time:00:00.00 | Mem:0.28M, Peak:0.28M | Scene, ViewLayer | Updating Device | Writing constant memory
Fra:1 Mem:14.18M (Peak 15.42M) | Time:00:00.00 | Mem:0.28M, Peak:0.28M | Scene, ViewLayer | Sample 0/16
Fra:1 Mem:16.43M (Peak 16.43M) | Time:00:00.06 | Remaining:00:00.93 | Mem:2.53M, Peak:2.53M | Scene, ViewLayer | Sample 1/16
Fra:1 Mem:17.44M (Peak 19.44M) | Time:00:01.00 | Mem:2.53M, Peak:2.53M | Scene, ViewLayer | Sample 16/16
Fra:1 Mem:17.44M (Peak 19.44M) | Time:00:01.00 | Mem:2.53M, Peak:2.53M | Scene, ViewLayer | Finished
Saved: '/tmp/street-furniture-qa-4q7zi_2_/transit-shelter.lod1.top.png'
Time: 00:01.01 (Saving: 00:00.00)

Extensions: writing cache failed ([Errno 30] Read-only file system: '/home/agent/.config/blender').
15:54:34 | INFO: Data are loaded, start creating Blender stuff
15:54:34 | INFO: Blender create Mesh node Cube
15:54:34 | INFO: Blender create Mesh node Cube.008
15:54:34 | INFO: Blender create Mesh node Cube.050
15:54:34 | INFO: Blender create Mesh node Cube.051
15:54:34 | INFO: glTF import finished in 0.01s
Fra:1 Mem:15.49M (Peak 15.49M) | Time:00:00.00 | Mem:0.00M, Peak:0.00M | Scene, ViewLayer | Synchronizing object | metal
Fra:1 Mem:15.51M (Peak 15.51M) | Time:00:00.00 | Mem:0.00M, Peak:0.00M | Scene, ViewLayer | Synchronizing object | QA-ground-plane
Fra:1 Mem:15.54M (Peak 15.54M) | Time:00:00.00 | Mem:0.00M, Peak:0.00M | Scene, ViewLayer | Synchronizing object | QA-1m-ruler-tenth.009
Fra:1 Mem:15.54M (Peak 15.54M) | Time:00:00.00 | Mem:0.00M, Peak:0.00M | Scene, ViewLayer | Synchronizing object | QA-1m-ruler-tenth.008
Fra:1 Mem:15.54M (Peak 15.54M) | Time:00:00.00 | Mem:0.00M, Peak:0.00M | Scene, ViewLayer | Synchronizing object | QA-1m-ruler-tenth.007
Fra:1 Mem:15.54M (Peak 15.54M) | Time:00:00.00 | Mem:0.00M, Peak:0.00M | Scene, ViewLayer | Synchronizing object | QA-1m-ruler-tenth.006
Fra:1 Mem:15.54M (Peak 15.54M) | Time:00:00.00 | Mem:0.00M, Peak:0.00M | Scene, ViewLayer | Synchronizing object | QA-1m-ruler-tenth.005
Fra:1 Mem:15.55M (Peak 15.55M) | Time:00:00.00 | Mem:0.00M, Peak:0.00M | Scene, ViewLayer | Synchronizing object | QA-1m-ruler-tenth.004
Fra:1 Mem:15.58M (Peak 15.58M) | Time:00:00.00 | Mem:0.00M, Peak:0.00M | Scene, ViewLayer | Synchronizing object | QA-1m-ruler-tenth.003
Fra:1 Mem:15.59M (Peak 15.59M) | Time:00:00.00 | Mem:0.00M, Peak:0.00M | Scene, ViewLayer | Synchronizing object | QA-1m-ruler-tenth.002
Fra:1 Mem:15.59M (Peak 15.59M) | Time:00:00.00 | Mem:0.00M, Peak:0.00M | Scene, ViewLayer | Synchronizing object | QA-1m-ruler-tenth.001
Fra:1 Mem:15.59M (Peak 15.59M) | Time:00:00.00 | Mem:0.00M, Peak:0.00M | Scene, ViewLayer | Synchronizing object | QA-1m-ruler-tenth
Fra:1 Mem:15.59M (Peak 15.59M) | Time:00:00.00 | Mem:0.00M, Peak:0.00M | Scene, ViewLayer | Synchronizing object | Sphere.001
Fra:1 Mem:16.17M (Peak 16.17M) | Time:00:00.00 | Mem:0.00M, Peak:0.00M | Scene, ViewLayer | Synchronizing object | QA-human-arm.003
Fra:1 Mem:16.17M (Peak 16.17M) | Time:00:00.00 | Mem:0.00M, Peak:0.00M | Scene, ViewLayer | Synchronizing object | QA-human-arm.002
Fra:1 Mem:16.18M (Peak 16.18M) | Time:00:00.00 | Mem:0.00M, Peak:0.00M | Scene, ViewLayer | Synchronizing object | QA-human-leg.003
Fra:1 Mem:16.18M (Peak 16.18M) | Time:00:00.00 | Mem:0.00M, Peak:0.00M | Scene, ViewLayer | Synchronizing object | QA-human-leg.002
Fra:1 Mem:16.18M (Peak 16.18M) | Time:00:00.00 | Mem:0.00M, Peak:0.00M | Scene, ViewLayer | Synchronizing object | QA-human-neck.001
Fra:1 Mem:16.18M (Peak 16.18M) | Time:00:00.00 | Mem:0.00M, Peak:0.00M | Scene, ViewLayer | Synchronizing object | QA-human-torso.001
Fra:1 Mem:16.18M (Peak 16.18M) | Time:00:00.00 | Mem:0.00M, Peak:0.00M | Scene, ViewLayer | Synchronizing object | Sphere
Fra:1 Mem:16.19M (Peak 16.19M) | Time:00:00.00 | Mem:0.00M, Peak:0.00M | Scene, ViewLayer | Synchronizing object | QA-human-arm.001
Fra:1 Mem:16.19M (Peak 16.19M) | Time:00:00.00 | Mem:0.00M, Peak:0.00M | Scene, ViewLayer | Synchronizing object | QA-human-arm
Fra:1 Mem:16.19M (Peak 16.19M) | Time:00:00.00 | Mem:0.00M, Peak:0.00M | Scene, ViewLayer | Synchronizing object | QA-human-leg.001
Fra:1 Mem:16.19M (Peak 16.19M) | Time:00:00.00 | Mem:0.00M, Peak:0.00M | Scene, ViewLayer | Synchronizing object | QA-human-leg
Fra:1 Mem:16.19M (Peak 16.19M) | Time:00:00.00 | Mem:0.00M, Peak:0.00M | Scene, ViewLayer | Synchronizing object | QA-human-neck
Fra:1 Mem:16.19M (Peak 16.19M) | Time:00:00.00 | Mem:0.00M, Peak:0.00M | Scene, ViewLayer | Synchronizing object | QA-human-torso
Fra:1 Mem:16.20M (Peak 16.20M) | Time:00:00.00 | Mem:0.00M, Peak:0.00M | Scene, ViewLayer | Synchronizing object | wood
Fra:1 Mem:16.39M (Peak 16.39M) | Time:00:00.00 | Mem:0.00M, Peak:0.00M | Scene, ViewLayer | Synchronizing object | diffuser
Fra:1 Mem:15.89M (Peak 16.39M) | Time:00:00.00 | Mem:0.00M, Peak:0.00M | Scene, ViewLayer | Synchronizing object | glass
Fra:1 Mem:15.92M (Peak 16.39M) | Time:00:00.00 | Mem:0.00M, Peak:0.00M | Scene, ViewLayer | Initializing
Fra:1 Mem:14.53M (Peak 16.39M) | Time:00:00.00 | Mem:0.00M, Peak:0.00M | Scene, ViewLayer | Waiting for render to start
Fra:1 Mem:14.53M (Peak 16.39M) | Time:00:00.00 | Mem:0.00M, Peak:0.00M | Scene, ViewLayer | Loading render kernels (may take a few minutes the first time)
Fra:1 Mem:14.53M (Peak 16.39M) | Time:00:00.00 | Mem:0.00M, Peak:0.00M | Scene, ViewLayer | Updating Scene
Fra:1 Mem:14.53M (Peak 16.39M) | Time:00:00.00 | Mem:0.00M, Peak:0.00M | Scene, ViewLayer | Updating Shaders
Fra:1 Mem:14.61M (Peak 16.39M) | Time:00:00.00 | Mem:0.01M, Peak:0.01M | Scene, ViewLayer | Updating Procedurals
Fra:1 Mem:14.61M (Peak 16.39M) | Time:00:00.00 | Mem:0.01M, Peak:0.01M | Scene, ViewLayer | Updating Background
Fra:1 Mem:14.61M (Peak 16.39M) | Time:00:00.00 | Mem:0.01M, Peak:0.01M | Scene, ViewLayer | Updating Camera
Fra:1 Mem:14.61M (Peak 16.39M) | Time:00:00.00 | Mem:0.01M, Peak:0.01M | Scene, ViewLayer | Updating Meshes Flags
Fra:1 Mem:14.61M (Peak 16.39M) | Time:00:00.00 | Mem:0.01M, Peak:0.01M | Scene, ViewLayer | Updating Objects
Fra:1 Mem:14.61M (Peak 16.39M) | Time:00:00.00 | Mem:0.01M, Peak:0.01M | Scene, ViewLayer | Updating Objects | Copying Transformations to device
Fra:1 Mem:14.62M (Peak 16.39M) | Time:00:00.00 | Mem:0.01M, Peak:0.01M | Scene, ViewLayer | Updating Objects | Applying Static Transformations
Fra:1 Mem:14.62M (Peak 16.39M) | Time:00:00.00 | Mem:0.01M, Peak:0.01M | Scene, ViewLayer | Updating Particle Systems
Fra:1 Mem:14.62M (Peak 16.39M) | Time:00:00.00 | Mem:0.01M, Peak:0.01M | Scene, ViewLayer | Updating Particle Systems | Copying Particles to device
Fra:1 Mem:14.62M (Peak 16.39M) | Time:00:00.00 | Mem:0.01M, Peak:0.01M | Scene, ViewLayer | Updating Meshes
Fra:1 Mem:14.66M (Peak 16.39M) | Time:00:00.00 | Mem:0.01M, Peak:0.01M | Scene, ViewLayer | Updating Mesh | Computing attributes
Fra:1 Mem:14.74M (Peak 16.39M) | Time:00:00.00 | Mem:0.02M, Peak:0.02M | Scene, ViewLayer | Updating Mesh | Copying Attributes to device
Fra:1 Mem:14.74M (Peak 16.39M) | Time:00:00.00 | Mem:0.09M, Peak:0.09M | Scene, ViewLayer | Updating Scene BVH | Building
Fra:1 Mem:14.74M (Peak 16.39M) | Time:00:00.00 | Mem:0.09M, Peak:0.09M | Scene, ViewLayer | Updating Scene BVH | Building BVH
Fra:1 Mem:14.74M (Peak 16.39M) | Time:00:00.00 | Mem:0.17M, Peak:0.17M | Scene, ViewLayer | Updating Scene BVH | Building BVH 0%
Fra:1 Mem:14.74M (Peak 16.39M) | Time:00:00.00 | Mem:0.27M, Peak:0.35M | Scene, ViewLayer | Updating Scene BVH | Copying BVH to device
Fra:1 Mem:14.74M (Peak 16.39M) | Time:00:00.00 | Mem:0.27M, Peak:0.35M | Scene, ViewLayer | Updating Mesh | Computing normals
Fra:1 Mem:14.99M (Peak 16.39M) | Time:00:00.00 | Mem:0.27M, Peak:0.35M | Scene, ViewLayer | Updating Mesh | Copying Mesh to device
Fra:1 Mem:14.99M (Peak 16.39M) | Time:00:00.00 | Mem:0.52M, Peak:0.52M | Scene, ViewLayer | Updating Objects Flags
Fra:1 Mem:14.99M (Peak 16.39M) | Time:00:00.00 | Mem:0.52M, Peak:0.52M | Scene, ViewLayer | Updating Primitive Offsets
Fra:1 Mem:14.99M (Peak 16.39M) | Time:00:00.00 | Mem:0.52M, Peak:0.52M | Scene, ViewLayer | Updating Images
Fra:1 Mem:14.99M (Peak 16.39M) | Time:00:00.00 | Mem:0.52M, Peak:0.52M | Scene, ViewLayer | Updating Camera Volume
Fra:1 Mem:14.99M (Peak 16.39M) | Time:00:00.00 | Mem:0.52M, Peak:0.52M | Scene, ViewLayer | Updating Lookup Tables
Fra:1 Mem:14.99M (Peak 16.39M) | Time:00:00.00 | Mem:0.61M, Peak:0.61M | Scene, ViewLayer | Updating Lights
Fra:1 Mem:14.99M (Peak 16.39M) | Time:00:00.00 | Mem:0.61M, Peak:0.61M | Scene, ViewLayer | Updating Lights | Computing tree
Fra:1 Mem:14.99M (Peak 16.39M) | Time:00:00.00 | Mem:0.61M, Peak:0.61M | Scene, ViewLayer | Updating Integrator
Fra:1 Mem:14.99M (Peak 16.39M) | Time:00:00.00 | Mem:0.61M, Peak:0.61M | Scene, ViewLayer | Updating Film
Fra:1 Mem:15.00M (Peak 16.39M) | Time:00:00.00 | Mem:0.53M, Peak:0.61M | Scene, ViewLayer | Updating Lookup Tables
Fra:1 Mem:15.00M (Peak 16.39M) | Time:00:00.00 | Mem:0.61M, Peak:0.61M | Scene, ViewLayer | Updating Baking
Fra:1 Mem:15.00M (Peak 16.39M) | Time:00:00.00 | Mem:0.61M, Peak:0.61M | Scene, ViewLayer | Updating Device | Writing constant memory
Fra:1 Mem:15.00M (Peak 16.39M) | Time:00:00.00 | Mem:0.61M, Peak:0.61M | Scene, ViewLayer | Sample 0/16
Fra:1 Mem:17.25M (Peak 17.25M) | Time:00:00.03 | Remaining:00:00.49 | Mem:2.86M, Peak:2.86M | Scene, ViewLayer | Sample 1/16
Fra:1 Mem:18.26M (Peak 20.26M) | Time:00:00.46 | Mem:2.86M, Peak:2.86M | Scene, ViewLayer | Sample 16/16
Fra:1 Mem:18.26M (Peak 20.26M) | Time:00:00.46 | Mem:2.86M, Peak:2.86M | Scene, ViewLayer | Finished
Saved: '/tmp/street-furniture-qa-4q7zi_2_/transit-shelter.lod0.overcast.png'
Time: 00:00.47 (Saving: 00:00.00)

Extensions: writing cache failed ([Errno 30] Read-only file system: '/home/agent/.config/blender').
15:54:35 | INFO: Data are loaded, start creating Blender stuff
15:54:35 | INFO: Blender create Mesh node Cube
15:54:35 | INFO: Blender create Mesh node Cube.008
15:54:35 | INFO: Blender create Mesh node Cube.050
15:54:35 | INFO: Blender create Mesh node Cube.051
15:54:35 | INFO: glTF import finished in 0.01s
Fra:1 Mem:15.49M (Peak 15.49M) | Time:00:00.00 | Mem:0.00M, Peak:0.00M | Scene, ViewLayer | Synchronizing object | metal
Fra:1 Mem:15.58M (Peak 15.58M) | Time:00:00.00 | Mem:0.00M, Peak:0.00M | Scene, ViewLayer | Synchronizing object | QA-ground-plane
Fra:1 Mem:16.15M (Peak 16.15M) | Time:00:00.00 | Mem:0.00M, Peak:0.00M | Scene, ViewLayer | Synchronizing object | QA-1m-ruler-tenth.009
Fra:1 Mem:16.15M (Peak 16.15M) | Time:00:00.00 | Mem:0.00M, Peak:0.00M | Scene, ViewLayer | Synchronizing object | QA-1m-ruler-tenth.008
Fra:1 Mem:16.16M (Peak 16.16M) | Time:00:00.00 | Mem:0.00M, Peak:0.00M | Scene, ViewLayer | Synchronizing object | QA-1m-ruler-tenth.007
Fra:1 Mem:16.16M (Peak 16.16M) | Time:00:00.00 | Mem:0.00M, Peak:0.00M | Scene, ViewLayer | Synchronizing object | QA-1m-ruler-tenth.006
Fra:1 Mem:16.16M (Peak 16.16M) | Time:00:00.00 | Mem:0.00M, Peak:0.00M | Scene, ViewLayer | Synchronizing object | QA-1m-ruler-tenth.005
Fra:1 Mem:16.16M (Peak 16.16M) | Time:00:00.00 | Mem:0.00M, Peak:0.00M | Scene, ViewLayer | Synchronizing object | QA-1m-ruler-tenth.004
Fra:1 Mem:16.16M (Peak 16.16M) | Time:00:00.00 | Mem:0.00M, Peak:0.00M | Scene, ViewLayer | Synchronizing object | QA-1m-ruler-tenth.003
Fra:1 Mem:16.16M (Peak 16.16M) | Time:00:00.00 | Mem:0.00M, Peak:0.00M | Scene, ViewLayer | Synchronizing object | QA-1m-ruler-tenth.002
Fra:1 Mem:16.18M (Peak 16.18M) | Time:00:00.00 | Mem:0.00M, Peak:0.00M | Scene, ViewLayer | Synchronizing object | QA-1m-ruler-tenth.001
Fra:1 Mem:16.20M (Peak 16.20M) | Time:00:00.00 | Mem:0.00M, Peak:0.00M | Scene, ViewLayer | Synchronizing object | QA-1m-ruler-tenth
Fra:1 Mem:16.20M (Peak 16.20M) | Time:00:00.00 | Mem:0.00M, Peak:0.00M | Scene, ViewLayer | Synchronizing object | Sphere.001
Fra:1 Mem:16.27M (Peak 16.27M) | Time:00:00.00 | Mem:0.00M, Peak:0.00M | Scene, ViewLayer | Synchronizing object | QA-human-arm.003
Fra:1 Mem:16.30M (Peak 16.30M) | Time:00:00.00 | Mem:0.00M, Peak:0.00M | Scene, ViewLayer | Synchronizing object | QA-human-arm.002
Fra:1 Mem:16.30M (Peak 16.30M) | Time:00:00.00 | Mem:0.00M, Peak:0.00M | Scene, ViewLayer | Synchronizing object | QA-human-leg.003
Fra:1 Mem:16.30M (Peak 16.30M) | Time:00:00.00 | Mem:0.00M, Peak:0.00M | Scene, ViewLayer | Synchronizing object | QA-human-leg.002
Fra:1 Mem:16.30M (Peak 16.30M) | Time:00:00.00 | Mem:0.00M, Peak:0.00M | Scene, ViewLayer | Synchronizing object | QA-human-neck.001
Fra:1 Mem:16.30M (Peak 16.30M) | Time:00:00.00 | Mem:0.00M, Peak:0.00M | Scene, ViewLayer | Synchronizing object | QA-human-torso.001
Fra:1 Mem:16.29M (Peak 16.30M) | Time:00:00.00 | Mem:0.00M, Peak:0.00M | Scene, ViewLayer | Synchronizing object | Sphere
Fra:1 Mem:16.30M (Peak 16.30M) | Time:00:00.00 | Mem:0.00M, Peak:0.00M | Scene, ViewLayer | Synchronizing object | QA-human-arm.001
Fra:1 Mem:16.30M (Peak 16.30M) | Time:00:00.00 | Mem:0.00M, Peak:0.00M | Scene, ViewLayer | Synchronizing object | QA-human-arm
Fra:1 Mem:16.30M (Peak 16.30M) | Time:00:00.00 | Mem:0.00M, Peak:0.00M | Scene, ViewLayer | Synchronizing object | QA-human-leg.001
Fra:1 Mem:16.31M (Peak 16.31M) | Time:00:00.00 | Mem:0.00M, Peak:0.00M | Scene, ViewLayer | Synchronizing object | QA-human-leg
Fra:1 Mem:16.32M (Peak 16.32M) | Time:00:00.00 | Mem:0.00M, Peak:0.00M | Scene, ViewLayer | Synchronizing object | QA-human-neck
Fra:1 Mem:16.32M (Peak 16.32M) | Time:00:00.00 | Mem:0.00M, Peak:0.00M | Scene, ViewLayer | Synchronizing object | QA-human-torso
Fra:1 Mem:16.38M (Peak 16.38M) | Time:00:00.00 | Mem:0.00M, Peak:0.00M | Scene, ViewLayer | Synchronizing object | wood
Fra:1 Mem:15.98M (Peak 16.38M) | Time:00:00.00 | Mem:0.00M, Peak:0.00M | Scene, ViewLayer | Synchronizing object | diffuser
Fra:1 Mem:16.28M (Peak 16.38M) | Time:00:00.00 | Mem:0.00M, Peak:0.00M | Scene, ViewLayer | Synchronizing object | glass
Fra:1 Mem:15.92M (Peak 16.38M) | Time:00:00.00 | Mem:0.00M, Peak:0.00M | Scene, ViewLayer | Initializing
Fra:1 Mem:14.53M (Peak 16.38M) | Time:00:00.00 | Mem:0.00M, Peak:0.00M | Scene, ViewLayer | Waiting for render to start
Fra:1 Mem:14.53M (Peak 16.38M) | Time:00:00.00 | Mem:0.00M, Peak:0.00M | Scene, ViewLayer | Loading render kernels (may take a few minutes the first time)
Fra:1 Mem:14.53M (Peak 16.38M) | Time:00:00.00 | Mem:0.00M, Peak:0.00M | Scene, ViewLayer | Updating Scene
Fra:1 Mem:14.53M (Peak 16.38M) | Time:00:00.00 | Mem:0.00M, Peak:0.00M | Scene, ViewLayer | Updating Shaders
Fra:1 Mem:14.61M (Peak 16.38M) | Time:00:00.00 | Mem:0.01M, Peak:0.01M | Scene, ViewLayer | Updating Procedurals
Fra:1 Mem:14.61M (Peak 16.38M) | Time:00:00.00 | Mem:0.01M, Peak:0.01M | Scene, ViewLayer | Updating Background
Fra:1 Mem:14.61M (Peak 16.38M) | Time:00:00.00 | Mem:0.01M, Peak:0.01M | Scene, ViewLayer | Updating Camera
Fra:1 Mem:14.61M (Peak 16.38M) | Time:00:00.00 | Mem:0.01M, Peak:0.01M | Scene, ViewLayer | Updating Meshes Flags
Fra:1 Mem:14.61M (Peak 16.38M) | Time:00:00.00 | Mem:0.01M, Peak:0.01M | Scene, ViewLayer | Updating Objects
Fra:1 Mem:14.61M (Peak 16.38M) | Time:00:00.00 | Mem:0.01M, Peak:0.01M | Scene, ViewLayer | Updating Objects | Copying Transformations to device
Fra:1 Mem:14.62M (Peak 16.38M) | Time:00:00.00 | Mem:0.01M, Peak:0.01M | Scene, ViewLayer | Updating Objects | Applying Static Transformations
Fra:1 Mem:14.62M (Peak 16.38M) | Time:00:00.00 | Mem:0.01M, Peak:0.01M | Scene, ViewLayer | Updating Particle Systems
Fra:1 Mem:14.62M (Peak 16.38M) | Time:00:00.00 | Mem:0.01M, Peak:0.01M | Scene, ViewLayer | Updating Particle Systems | Copying Particles to device
Fra:1 Mem:14.62M (Peak 16.38M) | Time:00:00.00 | Mem:0.01M, Peak:0.01M | Scene, ViewLayer | Updating Meshes
Fra:1 Mem:14.66M (Peak 16.38M) | Time:00:00.00 | Mem:0.01M, Peak:0.01M | Scene, ViewLayer | Updating Mesh | Computing attributes
Fra:1 Mem:14.74M (Peak 16.38M) | Time:00:00.00 | Mem:0.02M, Peak:0.02M | Scene, ViewLayer | Updating Mesh | Copying Attributes to device
Fra:1 Mem:14.74M (Peak 16.38M) | Time:00:00.00 | Mem:0.09M, Peak:0.09M | Scene, ViewLayer | Updating Scene BVH | Building
Fra:1 Mem:14.74M (Peak 16.38M) | Time:00:00.00 | Mem:0.09M, Peak:0.09M | Scene, ViewLayer | Updating Scene BVH | Building BVH
Fra:1 Mem:14.74M (Peak 16.38M) | Time:00:00.00 | Mem:0.17M, Peak:0.17M | Scene, ViewLayer | Updating Scene BVH | Building BVH 0%
Fra:1 Mem:14.74M (Peak 16.38M) | Time:00:00.00 | Mem:0.27M, Peak:0.35M | Scene, ViewLayer | Updating Scene BVH | Copying BVH to device
Fra:1 Mem:14.74M (Peak 16.38M) | Time:00:00.00 | Mem:0.27M, Peak:0.35M | Scene, ViewLayer | Updating Mesh | Computing normals
Fra:1 Mem:14.99M (Peak 16.38M) | Time:00:00.00 | Mem:0.27M, Peak:0.35M | Scene, ViewLayer | Updating Mesh | Copying Mesh to device
Fra:1 Mem:14.99M (Peak 16.38M) | Time:00:00.00 | Mem:0.52M, Peak:0.52M | Scene, ViewLayer | Updating Objects Flags
Fra:1 Mem:14.99M (Peak 16.38M) | Time:00:00.00 | Mem:0.52M, Peak:0.52M | Scene, ViewLayer | Updating Primitive Offsets
Fra:1 Mem:14.99M (Peak 16.38M) | Time:00:00.00 | Mem:0.52M, Peak:0.52M | Scene, ViewLayer | Updating Images
Fra:1 Mem:14.99M (Peak 16.38M) | Time:00:00.00 | Mem:0.52M, Peak:0.52M | Scene, ViewLayer | Updating Camera Volume
Fra:1 Mem:14.99M (Peak 16.38M) | Time:00:00.00 | Mem:0.52M, Peak:0.52M | Scene, ViewLayer | Updating Lookup Tables
Fra:1 Mem:14.99M (Peak 16.38M) | Time:00:00.00 | Mem:0.61M, Peak:0.61M | Scene, ViewLayer | Updating Lights
Fra:1 Mem:14.99M (Peak 16.38M) | Time:00:00.00 | Mem:0.61M, Peak:0.61M | Scene, ViewLayer | Updating Lights | Computing tree
Fra:1 Mem:14.99M (Peak 16.38M) | Time:00:00.00 | Mem:0.61M, Peak:0.61M | Scene, ViewLayer | Updating Integrator
Fra:1 Mem:14.99M (Peak 16.38M) | Time:00:00.00 | Mem:0.61M, Peak:0.61M | Scene, ViewLayer | Updating Film
Fra:1 Mem:15.00M (Peak 16.38M) | Time:00:00.00 | Mem:0.53M, Peak:0.61M | Scene, ViewLayer | Updating Lookup Tables
Fra:1 Mem:15.00M (Peak 16.38M) | Time:00:00.00 | Mem:0.61M, Peak:0.61M | Scene, ViewLayer | Updating Baking
Fra:1 Mem:15.00M (Peak 16.38M) | Time:00:00.00 | Mem:0.61M, Peak:0.61M | Scene, ViewLayer | Updating Device | Writing constant memory
Fra:1 Mem:15.00M (Peak 16.38M) | Time:00:00.00 | Mem:0.61M, Peak:0.61M | Scene, ViewLayer | Sample 0/16
Fra:1 Mem:17.26M (Peak 17.26M) | Time:00:00.03 | Remaining:00:00.49 | Mem:2.86M, Peak:2.86M | Scene, ViewLayer | Sample 1/16
Fra:1 Mem:18.26M (Peak 20.26M) | Time:00:00.47 | Mem:2.86M, Peak:2.86M | Scene, ViewLayer | Sample 16/16
Fra:1 Mem:18.26M (Peak 20.26M) | Time:00:00.47 | Mem:2.86M, Peak:2.86M | Scene, ViewLayer | Finished
Saved: '/tmp/street-furniture-qa-4q7zi_2_/transit-shelter.lod0.dusk.png'
Time: 00:00.48 (Saving: 00:00.00)

Extensions: writing cache failed ([Errno 30] Read-only file system: '/home/agent/.config/blender').
15:54:35 | INFO: Data are loaded, start creating Blender stuff
15:54:35 | INFO: Blender create Mesh node Cube
15:54:35 | INFO: Blender create Mesh node Cube.008
15:54:35 | INFO: Blender create Mesh node Cube.050
15:54:35 | INFO: Blender create Mesh node Cube.051
15:54:35 | INFO: glTF import finished in 0.01s
Fra:1 Mem:15.49M (Peak 15.49M) | Time:00:00.00 | Mem:0.00M, Peak:0.00M | Scene, ViewLayer | Synchronizing object | metal
Fra:1 Mem:15.58M (Peak 15.58M) | Time:00:00.00 | Mem:0.00M, Peak:0.00M | Scene, ViewLayer | Synchronizing object | QA-ground-plane
Fra:1 Mem:16.15M (Peak 16.15M) | Time:00:00.00 | Mem:0.00M, Peak:0.00M | Scene, ViewLayer | Synchronizing object | QA-1m-ruler-tenth.009
Fra:1 Mem:16.15M (Peak 16.15M) | Time:00:00.00 | Mem:0.00M, Peak:0.00M | Scene, ViewLayer | Synchronizing object | QA-1m-ruler-tenth.008
Fra:1 Mem:16.16M (Peak 16.16M) | Time:00:00.00 | Mem:0.00M, Peak:0.00M | Scene, ViewLayer | Synchronizing object | QA-1m-ruler-tenth.007
Fra:1 Mem:16.16M (Peak 16.16M) | Time:00:00.00 | Mem:0.00M, Peak:0.00M | Scene, ViewLayer | Synchronizing object | QA-1m-ruler-tenth.006
Fra:1 Mem:16.16M (Peak 16.16M) | Time:00:00.00 | Mem:0.00M, Peak:0.00M | Scene, ViewLayer | Synchronizing object | QA-1m-ruler-tenth.005
Fra:1 Mem:16.16M (Peak 16.16M) | Time:00:00.00 | Mem:0.00M, Peak:0.00M | Scene, ViewLayer | Synchronizing object | QA-1m-ruler-tenth.004
Fra:1 Mem:16.16M (Peak 16.16M) | Time:00:00.00 | Mem:0.00M, Peak:0.00M | Scene, ViewLayer | Synchronizing object | QA-1m-ruler-tenth.003
Fra:1 Mem:16.16M (Peak 16.16M) | Time:00:00.00 | Mem:0.00M, Peak:0.00M | Scene, ViewLayer | Synchronizing object | QA-1m-ruler-tenth.002
Fra:1 Mem:16.16M (Peak 16.16M) | Time:00:00.00 | Mem:0.00M, Peak:0.00M | Scene, ViewLayer | Synchronizing object | QA-1m-ruler-tenth.001
Fra:1 Mem:16.16M (Peak 16.16M) | Time:00:00.00 | Mem:0.00M, Peak:0.00M | Scene, ViewLayer | Synchronizing object | QA-1m-ruler-tenth
Fra:1 Mem:16.17M (Peak 16.17M) | Time:00:00.00 | Mem:0.00M, Peak:0.00M | Scene, ViewLayer | Synchronizing object | Sphere.001
Fra:1 Mem:16.21M (Peak 16.21M) | Time:00:00.00 | Mem:0.00M, Peak:0.00M | Scene, ViewLayer | Synchronizing object | QA-human-arm.003
Fra:1 Mem:16.22M (Peak 16.22M) | Time:00:00.00 | Mem:0.00M, Peak:0.00M | Scene, ViewLayer | Synchronizing object | QA-human-arm.002
Fra:1 Mem:16.28M (Peak 16.28M) | Time:00:00.00 | Mem:0.00M, Peak:0.00M | Scene, ViewLayer | Synchronizing object | QA-human-leg.003
Fra:1 Mem:16.30M (Peak 16.30M) | Time:00:00.00 | Mem:0.00M, Peak:0.00M | Scene, ViewLayer | Synchronizing object | QA-human-leg.002
Fra:1 Mem:16.30M (Peak 16.30M) | Time:00:00.00 | Mem:0.00M, Peak:0.00M | Scene, ViewLayer | Synchronizing object | QA-human-neck.001
Fra:1 Mem:16.30M (Peak 16.30M) | Time:00:00.00 | Mem:0.00M, Peak:0.00M | Scene, ViewLayer | Synchronizing object | QA-human-torso.001
Fra:1 Mem:16.30M (Peak 16.30M) | Time:00:00.00 | Mem:0.00M, Peak:0.00M | Scene, ViewLayer | Synchronizing object | Sphere
Fra:1 Mem:16.31M (Peak 16.31M) | Time:00:00.00 | Mem:0.00M, Peak:0.00M | Scene, ViewLayer | Synchronizing object | QA-human-arm.001
Fra:1 Mem:16.30M (Peak 16.31M) | Time:00:00.00 | Mem:0.00M, Peak:0.00M | Scene, ViewLayer | Synchronizing object | QA-human-arm
Fra:1 Mem:16.30M (Peak 16.31M) | Time:00:00.00 | Mem:0.00M, Peak:0.00M | Scene, ViewLayer | Synchronizing object | QA-human-leg.001
Fra:1 Mem:16.30M (Peak 16.31M) | Time:00:00.00 | Mem:0.00M, Peak:0.00M | Scene, ViewLayer | Synchronizing object | QA-human-leg
Fra:1 Mem:16.30M (Peak 16.31M) | Time:00:00.00 | Mem:0.00M, Peak:0.00M | Scene, ViewLayer | Synchronizing object | QA-human-neck
Fra:1 Mem:16.30M (Peak 16.31M) | Time:00:00.00 | Mem:0.00M, Peak:0.00M | Scene, ViewLayer | Synchronizing object | QA-human-torso
Fra:1 Mem:16.34M (Peak 16.34M) | Time:00:00.00 | Mem:0.00M, Peak:0.00M | Scene, ViewLayer | Synchronizing object | wood
Fra:1 Mem:16.01M (Peak 16.34M) | Time:00:00.00 | Mem:0.00M, Peak:0.00M | Scene, ViewLayer | Synchronizing object | diffuser
Fra:1 Mem:16.28M (Peak 16.34M) | Time:00:00.00 | Mem:0.00M, Peak:0.00M | Scene, ViewLayer | Synchronizing object | glass
Fra:1 Mem:15.92M (Peak 16.34M) | Time:00:00.00 | Mem:0.00M, Peak:0.00M | Scene, ViewLayer | Initializing
Fra:1 Mem:14.53M (Peak 16.34M) | Time:00:00.00 | Mem:0.00M, Peak:0.00M | Scene, ViewLayer | Waiting for render to start
Fra:1 Mem:14.53M (Peak 16.34M) | Time:00:00.00 | Mem:0.00M, Peak:0.00M | Scene, ViewLayer | Loading render kernels (may take a few minutes the first time)
Fra:1 Mem:14.53M (Peak 16.34M) | Time:00:00.00 | Mem:0.00M, Peak:0.00M | Scene, ViewLayer | Updating Scene
Fra:1 Mem:14.53M (Peak 16.34M) | Time:00:00.00 | Mem:0.00M, Peak:0.00M | Scene, ViewLayer | Updating Shaders
Fra:1 Mem:14.61M (Peak 16.34M) | Time:00:00.00 | Mem:0.01M, Peak:0.01M | Scene, ViewLayer | Updating Procedurals
Fra:1 Mem:14.61M (Peak 16.34M) | Time:00:00.00 | Mem:0.01M, Peak:0.01M | Scene, ViewLayer | Updating Background
Fra:1 Mem:14.61M (Peak 16.34M) | Time:00:00.00 | Mem:0.01M, Peak:0.01M | Scene, ViewLayer | Updating Camera
Fra:1 Mem:14.61M (Peak 16.34M) | Time:00:00.00 | Mem:0.01M, Peak:0.01M | Scene, ViewLayer | Updating Meshes Flags
Fra:1 Mem:14.61M (Peak 16.34M) | Time:00:00.00 | Mem:0.01M, Peak:0.01M | Scene, ViewLayer | Updating Objects
Fra:1 Mem:14.61M (Peak 16.34M) | Time:00:00.00 | Mem:0.01M, Peak:0.01M | Scene, ViewLayer | Updating Objects | Copying Transformations to device
Fra:1 Mem:14.62M (Peak 16.34M) | Time:00:00.00 | Mem:0.01M, Peak:0.01M | Scene, ViewLayer | Updating Objects | Applying Static Transformations
Fra:1 Mem:14.62M (Peak 16.34M) | Time:00:00.00 | Mem:0.01M, Peak:0.01M | Scene, ViewLayer | Updating Particle Systems
Fra:1 Mem:14.62M (Peak 16.34M) | Time:00:00.00 | Mem:0.01M, Peak:0.01M | Scene, ViewLayer | Updating Particle Systems | Copying Particles to device
Fra:1 Mem:14.62M (Peak 16.34M) | Time:00:00.00 | Mem:0.01M, Peak:0.01M | Scene, ViewLayer | Updating Meshes
Fra:1 Mem:14.66M (Peak 16.34M) | Time:00:00.00 | Mem:0.01M, Peak:0.01M | Scene, ViewLayer | Updating Mesh | Computing attributes
Fra:1 Mem:14.74M (Peak 16.34M) | Time:00:00.00 | Mem:0.02M, Peak:0.02M | Scene, ViewLayer | Updating Mesh | Copying Attributes to device
Fra:1 Mem:14.74M (Peak 16.34M) | Time:00:00.00 | Mem:0.09M, Peak:0.09M | Scene, ViewLayer | Updating Scene BVH | Building
Fra:1 Mem:14.74M (Peak 16.34M) | Time:00:00.00 | Mem:0.09M, Peak:0.09M | Scene, ViewLayer | Updating Scene BVH | Building BVH
Fra:1 Mem:14.74M (Peak 16.34M) | Time:00:00.00 | Mem:0.17M, Peak:0.17M | Scene, ViewLayer | Updating Scene BVH | Building BVH 0%
Fra:1 Mem:14.74M (Peak 16.34M) | Time:00:00.00 | Mem:0.27M, Peak:0.35M | Scene, ViewLayer | Updating Scene BVH | Copying BVH to device
Fra:1 Mem:14.74M (Peak 16.34M) | Time:00:00.00 | Mem:0.27M, Peak:0.35M | Scene, ViewLayer | Updating Mesh | Computing normals
Fra:1 Mem:14.99M (Peak 16.34M) | Time:00:00.00 | Mem:0.27M, Peak:0.35M | Scene, ViewLayer | Updating Mesh | Copying Mesh to device
Fra:1 Mem:14.99M (Peak 16.34M) | Time:00:00.00 | Mem:0.52M, Peak:0.52M | Scene, ViewLayer | Updating Objects Flags
Fra:1 Mem:14.99M (Peak 16.34M) | Time:00:00.00 | Mem:0.52M, Peak:0.52M | Scene, ViewLayer | Updating Primitive Offsets
Fra:1 Mem:14.99M (Peak 16.34M) | Time:00:00.00 | Mem:0.52M, Peak:0.52M | Scene, ViewLayer | Updating Images
Fra:1 Mem:14.99M (Peak 16.34M) | Time:00:00.00 | Mem:0.52M, Peak:0.52M | Scene, ViewLayer | Updating Camera Volume
Fra:1 Mem:14.99M (Peak 16.34M) | Time:00:00.00 | Mem:0.52M, Peak:0.52M | Scene, ViewLayer | Updating Lookup Tables
Fra:1 Mem:14.99M (Peak 16.34M) | Time:00:00.00 | Mem:0.61M, Peak:0.61M | Scene, ViewLayer | Updating Lights
Fra:1 Mem:14.99M (Peak 16.34M) | Time:00:00.00 | Mem:0.61M, Peak:0.61M | Scene, ViewLayer | Updating Lights | Computing tree
Fra:1 Mem:14.99M (Peak 16.34M) | Time:00:00.00 | Mem:0.61M, Peak:0.61M | Scene, ViewLayer | Updating Integrator
Fra:1 Mem:14.99M (Peak 16.34M) | Time:00:00.00 | Mem:0.61M, Peak:0.61M | Scene, ViewLayer | Updating Film
Fra:1 Mem:15.00M (Peak 16.34M) | Time:00:00.00 | Mem:0.53M, Peak:0.61M | Scene, ViewLayer | Updating Lookup Tables
Fra:1 Mem:15.00M (Peak 16.34M) | Time:00:00.00 | Mem:0.61M, Peak:0.61M | Scene, ViewLayer | Updating Baking
Fra:1 Mem:15.00M (Peak 16.34M) | Time:00:00.00 | Mem:0.61M, Peak:0.61M | Scene, ViewLayer | Updating Device | Writing constant memory
Fra:1 Mem:15.00M (Peak 16.34M) | Time:00:00.00 | Mem:0.61M, Peak:0.61M | Scene, ViewLayer | Sample 0/16
Fra:1 Mem:17.26M (Peak 17.26M) | Time:00:00.03 | Remaining:00:00.46 | Mem:2.86M, Peak:2.86M | Scene, ViewLayer | Sample 1/16
Fra:1 Mem:18.26M (Peak 20.26M) | Time:00:00.49 | Mem:2.86M, Peak:2.86M | Scene, ViewLayer | Sample 16/16
Fra:1 Mem:18.26M (Peak 20.26M) | Time:00:00.49 | Mem:2.86M, Peak:2.86M | Scene, ViewLayer | Finished
Saved: '/tmp/street-furniture-qa-4q7zi_2_/transit-shelter.lod0.night.png'
Time: 00:00.50 (Saving: 00:00.01)

RENDERED transit-shelter
Extensions: writing cache failed ([Errno 30] Read-only file system: '/home/agent/.config/blender').
15:54:36 | INFO: Data are loaded, start creating Blender stuff
15:54:36 | INFO: Blender create Mesh node arterial-tapered-pole
15:54:36 | INFO: Blender create Mesh node Cube.002
15:54:36 | INFO: glTF import finished in 0.00s
Fra:1 Mem:14.75M (Peak 14.75M) | Time:00:00.00 | Mem:0.00M, Peak:0.00M | Scene, ViewLayer | Synchronizing object | metal
Fra:1 Mem:14.85M (Peak 14.85M) | Time:00:00.00 | Mem:0.00M, Peak:0.00M | Scene, ViewLayer | Synchronizing object | QA-ground-plane
Fra:1 Mem:14.80M (Peak 14.85M) | Time:00:00.00 | Mem:0.00M, Peak:0.00M | Scene, ViewLayer | Synchronizing object | QA-1m-ruler-tenth.009
Fra:1 Mem:14.81M (Peak 14.85M) | Time:00:00.00 | Mem:0.00M, Peak:0.00M | Scene, ViewLayer | Synchronizing object | QA-1m-ruler-tenth.008
Fra:1 Mem:14.84M (Peak 14.85M) | Time:00:00.00 | Mem:0.00M, Peak:0.00M | Scene, ViewLayer | Synchronizing object | QA-1m-ruler-tenth.007
Fra:1 Mem:14.84M (Peak 14.85M) | Time:00:00.00 | Mem:0.00M, Peak:0.00M | Scene, ViewLayer | Synchronizing object | QA-1m-ruler-tenth.006
Fra:1 Mem:14.85M (Peak 14.85M) | Time:00:00.00 | Mem:0.00M, Peak:0.00M | Scene, ViewLayer | Synchronizing object | QA-1m-ruler-tenth.005
Fra:1 Mem:14.85M (Peak 14.85M) | Time:00:00.00 | Mem:0.00M, Peak:0.00M | Scene, ViewLayer | Synchronizing object | QA-1m-ruler-tenth.004
Fra:1 Mem:14.82M (Peak 14.85M) | Time:00:00.00 | Mem:0.00M, Peak:0.00M | Scene, ViewLayer | Synchronizing object | QA-1m-ruler-tenth.003
Fra:1 Mem:14.83M (Peak 14.85M) | Time:00:00.00 | Mem:0.00M, Peak:0.00M | Scene, ViewLayer | Synchronizing object | QA-1m-ruler-tenth.002
Fra:1 Mem:14.84M (Peak 14.85M) | Time:00:00.00 | Mem:0.00M, Peak:0.00M | Scene, ViewLayer | Synchronizing object | QA-1m-ruler-tenth.001
Fra:1 Mem:14.85M (Peak 14.85M) | Time:00:00.00 | Mem:0.00M, Peak:0.00M | Scene, ViewLayer | Synchronizing object | QA-1m-ruler-tenth
Fra:1 Mem:14.80M (Peak 14.85M) | Time:00:00.00 | Mem:0.00M, Peak:0.00M | Scene, ViewLayer | Synchronizing object | Sphere.001
Fra:1 Mem:14.81M (Peak 14.85M) | Time:00:00.00 | Mem:0.00M, Peak:0.00M | Scene, ViewLayer | Synchronizing object | diffuser
Fra:1 Mem:14.81M (Peak 14.85M) | Time:00:00.00 | Mem:0.00M, Peak:0.00M | Scene, ViewLayer | Synchronizing object | QA-human-arm.003
Fra:1 Mem:14.82M (Peak 14.85M) | Time:00:00.00 | Mem:0.00M, Peak:0.00M | Scene, ViewLayer | Synchronizing object | QA-human-arm.002
Fra:1 Mem:14.84M (Peak 14.85M) | Time:00:00.00 | Mem:0.00M, Peak:0.00M | Scene, ViewLayer | Synchronizing object | QA-human-leg.003
Fra:1 Mem:14.84M (Peak 14.85M) | Time:00:00.00 | Mem:0.00M, Peak:0.00M | Scene, ViewLayer | Synchronizing object | QA-human-leg.002
Fra:1 Mem:14.83M (Peak 14.85M) | Time:00:00.00 | Mem:0.00M, Peak:0.00M | Scene, ViewLayer | Synchronizing object | QA-human-neck.001
Fra:1 Mem:14.84M (Peak 14.85M) | Time:00:00.00 | Mem:0.00M, Peak:0.00M | Scene, ViewLayer | Synchronizing object | QA-human-torso.001
Fra:1 Mem:14.84M (Peak 14.85M) | Time:00:00.00 | Mem:0.00M, Peak:0.00M | Scene, ViewLayer | Synchronizing object | Sphere
Fra:1 Mem:14.83M (Peak 14.85M) | Time:00:00.00 | Mem:0.00M, Peak:0.00M | Scene, ViewLayer | Synchronizing object | QA-human-torso
Fra:1 Mem:14.84M (Peak 14.85M) | Time:00:00.00 | Mem:0.00M, Peak:0.00M | Scene, ViewLayer | Synchronizing object | QA-human-arm.001
Fra:1 Mem:14.84M (Peak 14.85M) | Time:00:00.00 | Mem:0.00M, Peak:0.00M | Scene, ViewLayer | Synchronizing object | QA-human-neck
Fra:1 Mem:14.84M (Peak 14.85M) | Time:00:00.00 | Mem:0.00M, Peak:0.00M | Scene, ViewLayer | Synchronizing object | QA-human-arm
Fra:1 Mem:14.84M (Peak 14.85M) | Time:00:00.00 | Mem:0.00M, Peak:0.00M | Scene, ViewLayer | Synchronizing object | QA-human-leg
Fra:1 Mem:14.84M (Peak 14.85M) | Time:00:00.00 | Mem:0.00M, Peak:0.00M | Scene, ViewLayer | Synchronizing object | QA-human-leg.001
Fra:1 Mem:14.84M (Peak 14.85M) | Time:00:00.00 | Mem:0.00M, Peak:0.00M | Scene, ViewLayer | Initializing
Fra:1 Mem:13.59M (Peak 14.85M) | Time:00:00.00 | Mem:0.00M, Peak:0.00M | Scene, ViewLayer | Waiting for render to start
Fra:1 Mem:13.59M (Peak 14.85M) | Time:00:00.00 | Mem:0.00M, Peak:0.00M | Scene, ViewLayer | Loading render kernels (may take a few minutes the first time)
Fra:1 Mem:13.59M (Peak 14.85M) | Time:00:00.00 | Mem:0.00M, Peak:0.00M | Scene, ViewLayer | Updating Scene
Fra:1 Mem:13.59M (Peak 14.85M) | Time:00:00.00 | Mem:0.00M, Peak:0.00M | Scene, ViewLayer | Updating Shaders
Fra:1 Mem:13.68M (Peak 14.85M) | Time:00:00.00 | Mem:0.01M, Peak:0.01M | Scene, ViewLayer | Updating Procedurals
Fra:1 Mem:13.68M (Peak 14.85M) | Time:00:00.00 | Mem:0.01M, Peak:0.01M | Scene, ViewLayer | Updating Background
Fra:1 Mem:13.68M (Peak 14.85M) | Time:00:00.00 | Mem:0.01M, Peak:0.01M | Scene, ViewLayer | Updating Camera
Fra:1 Mem:13.68M (Peak 14.85M) | Time:00:00.00 | Mem:0.01M, Peak:0.01M | Scene, ViewLayer | Updating Meshes Flags
Fra:1 Mem:13.68M (Peak 14.85M) | Time:00:00.00 | Mem:0.01M, Peak:0.01M | Scene, ViewLayer | Updating Objects
Fra:1 Mem:13.68M (Peak 14.85M) | Time:00:00.00 | Mem:0.01M, Peak:0.01M | Scene, ViewLayer | Updating Objects | Copying Transformations to device
Fra:1 Mem:13.69M (Peak 14.85M) | Time:00:00.00 | Mem:0.01M, Peak:0.01M | Scene, ViewLayer | Updating Objects | Applying Static Transformations
Fra:1 Mem:13.69M (Peak 14.85M) | Time:00:00.00 | Mem:0.01M, Peak:0.01M | Scene, ViewLayer | Updating Particle Systems
Fra:1 Mem:13.69M (Peak 14.85M) | Time:00:00.00 | Mem:0.01M, Peak:0.01M | Scene, ViewLayer | Updating Particle Systems | Copying Particles to device
Fra:1 Mem:13.69M (Peak 14.85M) | Time:00:00.00 | Mem:0.01M, Peak:0.01M | Scene, ViewLayer | Updating Meshes
Fra:1 Mem:13.70M (Peak 14.85M) | Time:00:00.00 | Mem:0.01M, Peak:0.01M | Scene, ViewLayer | Updating Mesh | Computing attributes
Fra:1 Mem:13.72M (Peak 14.85M) | Time:00:00.00 | Mem:0.01M, Peak:0.01M | Scene, ViewLayer | Updating Mesh | Copying Attributes to device
Fra:1 Mem:13.71M (Peak 14.85M) | Time:00:00.00 | Mem:0.03M, Peak:0.03M | Scene, ViewLayer | Updating Scene BVH | Building
Fra:1 Mem:13.71M (Peak 14.85M) | Time:00:00.00 | Mem:0.03M, Peak:0.03M | Scene, ViewLayer | Updating Scene BVH | Building BVH
Fra:1 Mem:13.71M (Peak 14.85M) | Time:00:00.00 | Mem:0.05M, Peak:0.05M | Scene, ViewLayer | Updating Scene BVH | Building BVH 0%
Fra:1 Mem:13.71M (Peak 14.85M) | Time:00:00.00 | Mem:0.08M, Peak:0.10M | Scene, ViewLayer | Updating Scene BVH | Copying BVH to device
Fra:1 Mem:13.71M (Peak 14.85M) | Time:00:00.00 | Mem:0.08M, Peak:0.10M | Scene, ViewLayer | Updating Mesh | Computing normals
Fra:1 Mem:13.76M (Peak 14.85M) | Time:00:00.00 | Mem:0.08M, Peak:0.10M | Scene, ViewLayer | Updating Mesh | Copying Mesh to device
Fra:1 Mem:13.76M (Peak 14.85M) | Time:00:00.00 | Mem:0.13M, Peak:0.13M | Scene, ViewLayer | Updating Objects Flags
Fra:1 Mem:13.76M (Peak 14.85M) | Time:00:00.00 | Mem:0.13M, Peak:0.13M | Scene, ViewLayer | Updating Primitive Offsets
Fra:1 Mem:13.76M (Peak 14.85M) | Time:00:00.00 | Mem:0.13M, Peak:0.13M | Scene, ViewLayer | Updating Images
Fra:1 Mem:13.76M (Peak 14.85M) | Time:00:00.00 | Mem:0.13M, Peak:0.13M | Scene, ViewLayer | Updating Camera Volume
Fra:1 Mem:13.76M (Peak 14.85M) | Time:00:00.00 | Mem:0.13M, Peak:0.13M | Scene, ViewLayer | Updating Lookup Tables
Fra:1 Mem:13.76M (Peak 14.85M) | Time:00:00.00 | Mem:0.21M, Peak:0.21M | Scene, ViewLayer | Updating Lights
Fra:1 Mem:13.76M (Peak 14.85M) | Time:00:00.00 | Mem:0.21M, Peak:0.21M | Scene, ViewLayer | Updating Lights | Computing tree
Fra:1 Mem:13.76M (Peak 14.85M) | Time:00:00.00 | Mem:0.21M, Peak:0.21M | Scene, ViewLayer | Updating Integrator
Fra:1 Mem:13.76M (Peak 14.85M) | Time:00:00.00 | Mem:0.21M, Peak:0.21M | Scene, ViewLayer | Updating Film
Fra:1 Mem:13.76M (Peak 14.85M) | Time:00:00.00 | Mem:0.13M, Peak:0.21M | Scene, ViewLayer | Updating Lookup Tables
Fra:1 Mem:13.76M (Peak 14.85M) | Time:00:00.00 | Mem:0.21M, Peak:0.21M | Scene, ViewLayer | Updating Baking
Fra:1 Mem:13.76M (Peak 14.85M) | Time:00:00.00 | Mem:0.21M, Peak:0.21M | Scene, ViewLayer | Updating Device | Writing constant memory
Fra:1 Mem:13.77M (Peak 14.85M) | Time:00:00.00 | Mem:0.21M, Peak:0.21M | Scene, ViewLayer | Sample 0/16
Fra:1 Mem:16.02M (Peak 16.02M) | Time:00:00.01 | Remaining:00:00.19 | Mem:2.46M, Peak:2.46M | Scene, ViewLayer | Sample 1/16
Fra:1 Mem:17.02M (Peak 19.03M) | Time:00:00.15 | Mem:2.46M, Peak:2.46M | Scene, ViewLayer | Sample 16/16
Fra:1 Mem:17.02M (Peak 19.03M) | Time:00:00.15 | Mem:2.46M, Peak:2.46M | Scene, ViewLayer | Finished
Saved: '/tmp/street-furniture-qa-4q7zi_2_/arterial-lamp-8m.lod0.front.png'
Time: 00:00.16 (Saving: 00:00.00)

Extensions: writing cache failed ([Errno 30] Read-only file system: '/home/agent/.config/blender').
15:54:36 | INFO: Data are loaded, start creating Blender stuff
15:54:36 | INFO: Blender create Mesh node arterial-tapered-pole
15:54:36 | INFO: Blender create Mesh node Cube.002
15:54:36 | INFO: glTF import finished in 0.00s
Fra:1 Mem:14.75M (Peak 14.75M) | Time:00:00.00 | Mem:0.00M, Peak:0.00M | Scene, ViewLayer | Synchronizing object | metal
Fra:1 Mem:14.85M (Peak 14.85M) | Time:00:00.00 | Mem:0.00M, Peak:0.00M | Scene, ViewLayer | Synchronizing object | QA-ground-plane
Fra:1 Mem:14.80M (Peak 14.85M) | Time:00:00.00 | Mem:0.00M, Peak:0.00M | Scene, ViewLayer | Synchronizing object | QA-1m-ruler-tenth.009
Fra:1 Mem:14.81M (Peak 14.85M) | Time:00:00.00 | Mem:0.00M, Peak:0.00M | Scene, ViewLayer | Synchronizing object | QA-1m-ruler-tenth.008
Fra:1 Mem:14.84M (Peak 14.85M) | Time:00:00.00 | Mem:0.00M, Peak:0.00M | Scene, ViewLayer | Synchronizing object | QA-1m-ruler-tenth.007
Fra:1 Mem:14.84M (Peak 14.85M) | Time:00:00.00 | Mem:0.00M, Peak:0.00M | Scene, ViewLayer | Synchronizing object | QA-1m-ruler-tenth.006
Fra:1 Mem:14.85M (Peak 14.85M) | Time:00:00.00 | Mem:0.00M, Peak:0.00M | Scene, ViewLayer | Synchronizing object | QA-1m-ruler-tenth.005
Fra:1 Mem:14.82M (Peak 14.85M) | Time:00:00.00 | Mem:0.00M, Peak:0.00M | Scene, ViewLayer | Synchronizing object | QA-1m-ruler-tenth.004
Fra:1 Mem:14.83M (Peak 14.85M) | Time:00:00.00 | Mem:0.00M, Peak:0.00M | Scene, ViewLayer | Synchronizing object | QA-1m-ruler-tenth.003
Fra:1 Mem:14.84M (Peak 14.85M) | Time:00:00.00 | Mem:0.00M, Peak:0.00M | Scene, ViewLayer | Synchronizing object | QA-1m-ruler-tenth.002
Fra:1 Mem:14.85M (Peak 14.85M) | Time:00:00.00 | Mem:0.00M, Peak:0.00M | Scene, ViewLayer | Synchronizing object | QA-1m-ruler-tenth.001
Fra:1 Mem:14.80M (Peak 14.85M) | Time:00:00.00 | Mem:0.00M, Peak:0.00M | Scene, ViewLayer | Synchronizing object | QA-1m-ruler-tenth
Fra:1 Mem:14.80M (Peak 14.85M) | Time:00:00.00 | Mem:0.00M, Peak:0.00M | Scene, ViewLayer | Synchronizing object | Sphere.001
Fra:1 Mem:14.81M (Peak 14.85M) | Time:00:00.00 | Mem:0.00M, Peak:0.00M | Scene, ViewLayer | Synchronizing object | diffuser
Fra:1 Mem:14.82M (Peak 14.85M) | Time:00:00.00 | Mem:0.00M, Peak:0.00M | Scene, ViewLayer | Synchronizing object | QA-human-arm.003
Fra:1 Mem:14.84M (Peak 14.85M) | Time:00:00.00 | Mem:0.00M, Peak:0.00M | Scene, ViewLayer | Synchronizing object | QA-human-arm.002
Fra:1 Mem:14.84M (Peak 14.85M) | Time:00:00.00 | Mem:0.00M, Peak:0.00M | Scene, ViewLayer | Synchronizing object | QA-human-leg.003
Fra:1 Mem:14.83M (Peak 14.85M) | Time:00:00.00 | Mem:0.00M, Peak:0.00M | Scene, ViewLayer | Synchronizing object | QA-human-leg.002
Fra:1 Mem:14.84M (Peak 14.85M) | Time:00:00.00 | Mem:0.00M, Peak:0.00M | Scene, ViewLayer | Synchronizing object | QA-human-neck.001
Fra:1 Mem:14.84M (Peak 14.85M) | Time:00:00.00 | Mem:0.00M, Peak:0.00M | Scene, ViewLayer | Synchronizing object | QA-human-torso.001
Fra:1 Mem:14.83M (Peak 14.85M) | Time:00:00.00 | Mem:0.00M, Peak:0.00M | Scene, ViewLayer | Synchronizing object | Sphere
Fra:1 Mem:14.83M (Peak 14.85M) | Time:00:00.00 | Mem:0.00M, Peak:0.00M | Scene, ViewLayer | Synchronizing object | QA-human-neck
Fra:1 Mem:14.84M (Peak 14.85M) | Time:00:00.00 | Mem:0.00M, Peak:0.00M | Scene, ViewLayer | Synchronizing object | QA-human-leg
Fra:1 Mem:14.84M (Peak 14.85M) | Time:00:00.00 | Mem:0.00M, Peak:0.00M | Scene, ViewLayer | Synchronizing object | QA-human-arm.001
Fra:1 Mem:14.84M (Peak 14.85M) | Time:00:00.00 | Mem:0.00M, Peak:0.00M | Scene, ViewLayer | Synchronizing object | QA-human-leg.001
Fra:1 Mem:14.84M (Peak 14.85M) | Time:00:00.00 | Mem:0.00M, Peak:0.00M | Scene, ViewLayer | Synchronizing object | QA-human-arm
Fra:1 Mem:14.84M (Peak 14.85M) | Time:00:00.00 | Mem:0.00M, Peak:0.00M | Scene, ViewLayer | Initializing
Fra:1 Mem:13.59M (Peak 14.85M) | Time:00:00.00 | Mem:0.00M, Peak:0.00M | Scene, ViewLayer | Waiting for render to start
Fra:1 Mem:13.59M (Peak 14.85M) | Time:00:00.00 | Mem:0.00M, Peak:0.00M | Scene, ViewLayer | Loading render kernels (may take a few minutes the first time)
Fra:1 Mem:13.59M (Peak 14.85M) | Time:00:00.00 | Mem:0.00M, Peak:0.00M | Scene, ViewLayer | Updating Scene
Fra:1 Mem:13.59M (Peak 14.85M) | Time:00:00.00 | Mem:0.00M, Peak:0.00M | Scene, ViewLayer | Updating Shaders
Fra:1 Mem:13.68M (Peak 14.85M) | Time:00:00.00 | Mem:0.01M, Peak:0.01M | Scene, ViewLayer | Updating Procedurals
Fra:1 Mem:13.68M (Peak 14.85M) | Time:00:00.00 | Mem:0.01M, Peak:0.01M | Scene, ViewLayer | Updating Background
Fra:1 Mem:13.68M (Peak 14.85M) | Time:00:00.00 | Mem:0.01M, Peak:0.01M | Scene, ViewLayer | Updating Camera
Fra:1 Mem:13.68M (Peak 14.85M) | Time:00:00.00 | Mem:0.01M, Peak:0.01M | Scene, ViewLayer | Updating Meshes Flags
Fra:1 Mem:13.68M (Peak 14.85M) | Time:00:00.00 | Mem:0.01M, Peak:0.01M | Scene, ViewLayer | Updating Objects
Fra:1 Mem:13.68M (Peak 14.85M) | Time:00:00.00 | Mem:0.01M, Peak:0.01M | Scene, ViewLayer | Updating Objects | Copying Transformations to device
Fra:1 Mem:13.69M (Peak 14.85M) | Time:00:00.00 | Mem:0.01M, Peak:0.01M | Scene, ViewLayer | Updating Objects | Applying Static Transformations
Fra:1 Mem:13.69M (Peak 14.85M) | Time:00:00.00 | Mem:0.01M, Peak:0.01M | Scene, ViewLayer | Updating Particle Systems
Fra:1 Mem:13.69M (Peak 14.85M) | Time:00:00.00 | Mem:0.01M, Peak:0.01M | Scene, ViewLayer | Updating Particle Systems | Copying Particles to device
Fra:1 Mem:13.69M (Peak 14.85M) | Time:00:00.00 | Mem:0.01M, Peak:0.01M | Scene, ViewLayer | Updating Meshes
Fra:1 Mem:13.70M (Peak 14.85M) | Time:00:00.00 | Mem:0.01M, Peak:0.01M | Scene, ViewLayer | Updating Mesh | Computing attributes
Fra:1 Mem:13.72M (Peak 14.85M) | Time:00:00.00 | Mem:0.01M, Peak:0.01M | Scene, ViewLayer | Updating Mesh | Copying Attributes to device
Fra:1 Mem:13.71M (Peak 14.85M) | Time:00:00.00 | Mem:0.03M, Peak:0.03M | Scene, ViewLayer | Updating Scene BVH | Building
Fra:1 Mem:13.71M (Peak 14.85M) | Time:00:00.00 | Mem:0.03M, Peak:0.03M | Scene, ViewLayer | Updating Scene BVH | Building BVH
Fra:1 Mem:13.71M (Peak 14.85M) | Time:00:00.00 | Mem:0.08M, Peak:0.10M | Scene, ViewLayer | Updating Scene BVH | Copying BVH to device
Fra:1 Mem:13.71M (Peak 14.85M) | Time:00:00.00 | Mem:0.08M, Peak:0.10M | Scene, ViewLayer | Updating Mesh | Computing normals
Fra:1 Mem:13.76M (Peak 14.85M) | Time:00:00.00 | Mem:0.08M, Peak:0.10M | Scene, ViewLayer | Updating Mesh | Copying Mesh to device
Fra:1 Mem:13.76M (Peak 14.85M) | Time:00:00.00 | Mem:0.12M, Peak:0.12M | Scene, ViewLayer | Updating Objects Flags
Fra:1 Mem:13.76M (Peak 14.85M) | Time:00:00.00 | Mem:0.12M, Peak:0.12M | Scene, ViewLayer | Updating Primitive Offsets
Fra:1 Mem:13.76M (Peak 14.85M) | Time:00:00.00 | Mem:0.12M, Peak:0.12M | Scene, ViewLayer | Updating Images
Fra:1 Mem:13.76M (Peak 14.85M) | Time:00:00.00 | Mem:0.12M, Peak:0.12M | Scene, ViewLayer | Updating Camera Volume
Fra:1 Mem:13.76M (Peak 14.85M) | Time:00:00.00 | Mem:0.12M, Peak:0.12M | Scene, ViewLayer | Updating Lookup Tables
Fra:1 Mem:13.76M (Peak 14.85M) | Time:00:00.00 | Mem:0.21M, Peak:0.21M | Scene, ViewLayer | Updating Lights
Fra:1 Mem:13.76M (Peak 14.85M) | Time:00:00.00 | Mem:0.21M, Peak:0.21M | Scene, ViewLayer | Updating Lights | Computing tree
Fra:1 Mem:13.76M (Peak 14.85M) | Time:00:00.00 | Mem:0.21M, Peak:0.21M | Scene, ViewLayer | Updating Integrator
Fra:1 Mem:13.76M (Peak 14.85M) | Time:00:00.00 | Mem:0.21M, Peak:0.21M | Scene, ViewLayer | Updating Film
Fra:1 Mem:13.76M (Peak 14.85M) | Time:00:00.00 | Mem:0.13M, Peak:0.21M | Scene, ViewLayer | Updating Lookup Tables
Fra:1 Mem:13.76M (Peak 14.85M) | Time:00:00.00 | Mem:0.21M, Peak:0.21M | Scene, ViewLayer | Updating Baking
Fra:1 Mem:13.76M (Peak 14.85M) | Time:00:00.00 | Mem:0.21M, Peak:0.21M | Scene, ViewLayer | Updating Device | Writing constant memory
Fra:1 Mem:13.77M (Peak 14.85M) | Time:00:00.00 | Mem:0.21M, Peak:0.21M | Scene, ViewLayer | Sample 0/16
Fra:1 Mem:16.02M (Peak 16.02M) | Time:00:00.01 | Remaining:00:00.17 | Mem:2.46M, Peak:2.46M | Scene, ViewLayer | Sample 1/16
Fra:1 Mem:17.02M (Peak 19.03M) | Time:00:00.14 | Mem:2.46M, Peak:2.46M | Scene, ViewLayer | Sample 16/16
Fra:1 Mem:17.02M (Peak 19.03M) | Time:00:00.14 | Mem:2.46M, Peak:2.46M | Scene, ViewLayer | Finished
Saved: '/tmp/street-furniture-qa-4q7zi_2_/arterial-lamp-8m.lod0.side.png'
Time: 00:00.15 (Saving: 00:00.00)

Extensions: writing cache failed ([Errno 30] Read-only file system: '/home/agent/.config/blender').
15:54:37 | INFO: Data are loaded, start creating Blender stuff
15:54:37 | INFO: Blender create Mesh node arterial-tapered-pole
15:54:37 | INFO: Blender create Mesh node Cube.002
15:54:37 | INFO: glTF import finished in 0.00s
Fra:1 Mem:14.75M (Peak 14.75M) | Time:00:00.00 | Mem:0.00M, Peak:0.00M | Scene, ViewLayer | Synchronizing object | metal
Fra:1 Mem:14.85M (Peak 14.85M) | Time:00:00.00 | Mem:0.00M, Peak:0.00M | Scene, ViewLayer | Synchronizing object | QA-ground-plane
Fra:1 Mem:14.84M (Peak 14.85M) | Time:00:00.00 | Mem:0.00M, Peak:0.00M | Scene, ViewLayer | Synchronizing object | QA-1m-ruler-tenth.009
Fra:1 Mem:14.84M (Peak 14.85M) | Time:00:00.00 | Mem:0.00M, Peak:0.00M | Scene, ViewLayer | Synchronizing object | QA-1m-ruler-tenth.008
Fra:1 Mem:14.84M (Peak 14.85M) | Time:00:00.00 | Mem:0.00M, Peak:0.00M | Scene, ViewLayer | Synchronizing object | QA-1m-ruler-tenth.007
Fra:1 Mem:14.81M (Peak 14.85M) | Time:00:00.00 | Mem:0.00M, Peak:0.00M | Scene, ViewLayer | Synchronizing object | QA-1m-ruler-tenth.006
Fra:1 Mem:14.82M (Peak 14.85M) | Time:00:00.00 | Mem:0.00M, Peak:0.00M | Scene, ViewLayer | Synchronizing object | QA-1m-ruler-tenth.005
Fra:1 Mem:14.84M (Peak 14.85M) | Time:00:00.00 | Mem:0.00M, Peak:0.00M | Scene, ViewLayer | Synchronizing object | QA-1m-ruler-tenth.004
Fra:1 Mem:14.84M (Peak 14.85M) | Time:00:00.00 | Mem:0.00M, Peak:0.00M | Scene, ViewLayer | Synchronizing object | QA-1m-ruler-tenth.003
Fra:1 Mem:14.80M (Peak 14.85M) | Time:00:00.00 | Mem:0.00M, Peak:0.00M | Scene, ViewLayer | Synchronizing object | QA-1m-ruler-tenth.002
Fra:1 Mem:14.80M (Peak 14.85M) | Time:00:00.00 | Mem:0.00M, Peak:0.00M | Scene, ViewLayer | Synchronizing object | QA-1m-ruler-tenth.001
Fra:1 Mem:14.80M (Peak 14.85M) | Time:00:00.00 | Mem:0.00M, Peak:0.00M | Scene, ViewLayer | Synchronizing object | diffuser
Fra:1 Mem:14.80M (Peak 14.85M) | Time:00:00.00 | Mem:0.00M, Peak:0.00M | Scene, ViewLayer | Synchronizing object | QA-1m-ruler-tenth
Fra:1 Mem:14.81M (Peak 14.85M) | Time:00:00.00 | Mem:0.00M, Peak:0.00M | Scene, ViewLayer | Synchronizing object | Sphere.001
Fra:1 Mem:14.84M (Peak 14.85M) | Time:00:00.00 | Mem:0.00M, Peak:0.00M | Scene, ViewLayer | Synchronizing object | QA-human-arm.003
Fra:1 Mem:14.83M (Peak 14.85M) | Time:00:00.00 | Mem:0.00M, Peak:0.00M | Scene, ViewLayer | Synchronizing object | QA-human-arm.002
Fra:1 Mem:14.83M (Peak 14.85M) | Time:00:00.00 | Mem:0.00M, Peak:0.00M | Scene, ViewLayer | Synchronizing object | QA-human-leg.003
Fra:1 Mem:14.82M (Peak 14.85M) | Time:00:00.00 | Mem:0.00M, Peak:0.00M | Scene, ViewLayer | Synchronizing object | QA-human-leg.002
Fra:1 Mem:14.82M (Peak 14.85M) | Time:00:00.00 | Mem:0.00M, Peak:0.00M | Scene, ViewLayer | Synchronizing object | QA-human-torso
Fra:1 Mem:14.82M (Peak 14.85M) | Time:00:00.00 | Mem:0.00M, Peak:0.00M | Scene, ViewLayer | Synchronizing object | QA-human-neck.001
Fra:1 Mem:14.83M (Peak 14.85M) | Time:00:00.00 | Mem:0.00M, Peak:0.00M | Scene, ViewLayer | Synchronizing object | QA-human-neck
Fra:1 Mem:14.83M (Peak 14.85M) | Time:00:00.00 | Mem:0.00M, Peak:0.00M | Scene, ViewLayer | Synchronizing object | QA-human-torso.001
Fra:1 Mem:14.83M (Peak 14.85M) | Time:00:00.00 | Mem:0.00M, Peak:0.00M | Scene, ViewLayer | Synchronizing object | QA-human-leg
Fra:1 Mem:14.83M (Peak 14.85M) | Time:00:00.00 | Mem:0.00M, Peak:0.00M | Scene, ViewLayer | Synchronizing object | Sphere
Fra:1 Mem:14.83M (Peak 14.85M) | Time:00:00.00 | Mem:0.00M, Peak:0.00M | Scene, ViewLayer | Synchronizing object | QA-human-leg.001
Fra:1 Mem:14.84M (Peak 14.85M) | Time:00:00.00 | Mem:0.00M, Peak:0.00M | Scene, ViewLayer | Synchronizing object | QA-human-arm
Fra:1 Mem:14.84M (Peak 14.85M) | Time:00:00.00 | Mem:0.00M, Peak:0.00M | Scene, ViewLayer | Synchronizing object | QA-human-arm.001
Fra:1 Mem:14.84M (Peak 14.85M) | Time:00:00.00 | Mem:0.00M, Peak:0.00M | Scene, ViewLayer | Initializing
Fra:1 Mem:13.59M (Peak 14.85M) | Time:00:00.00 | Mem:0.00M, Peak:0.00M | Scene, ViewLayer | Waiting for render to start
Fra:1 Mem:13.59M (Peak 14.85M) | Time:00:00.00 | Mem:0.00M, Peak:0.00M | Scene, ViewLayer | Loading render kernels (may take a few minutes the first time)
Fra:1 Mem:13.59M (Peak 14.85M) | Time:00:00.00 | Mem:0.00M, Peak:0.00M | Scene, ViewLayer | Updating Scene
Fra:1 Mem:13.59M (Peak 14.85M) | Time:00:00.00 | Mem:0.00M, Peak:0.00M | Scene, ViewLayer | Updating Shaders
Fra:1 Mem:13.68M (Peak 14.85M) | Time:00:00.00 | Mem:0.01M, Peak:0.01M | Scene, ViewLayer | Updating Procedurals
Fra:1 Mem:13.68M (Peak 14.85M) | Time:00:00.00 | Mem:0.01M, Peak:0.01M | Scene, ViewLayer | Updating Background
Fra:1 Mem:13.68M (Peak 14.85M) | Time:00:00.00 | Mem:0.01M, Peak:0.01M | Scene, ViewLayer | Updating Camera
Fra:1 Mem:13.68M (Peak 14.85M) | Time:00:00.00 | Mem:0.01M, Peak:0.01M | Scene, ViewLayer | Updating Meshes Flags
Fra:1 Mem:13.68M (Peak 14.85M) | Time:00:00.00 | Mem:0.01M, Peak:0.01M | Scene, ViewLayer | Updating Objects
Fra:1 Mem:13.68M (Peak 14.85M) | Time:00:00.00 | Mem:0.01M, Peak:0.01M | Scene, ViewLayer | Updating Objects | Copying Transformations to device
Fra:1 Mem:13.69M (Peak 14.85M) | Time:00:00.00 | Mem:0.01M, Peak:0.01M | Scene, ViewLayer | Updating Objects | Applying Static Transformations
Fra:1 Mem:13.69M (Peak 14.85M) | Time:00:00.00 | Mem:0.01M, Peak:0.01M | Scene, ViewLayer | Updating Particle Systems
Fra:1 Mem:13.69M (Peak 14.85M) | Time:00:00.00 | Mem:0.01M, Peak:0.01M | Scene, ViewLayer | Updating Particle Systems | Copying Particles to device
Fra:1 Mem:13.69M (Peak 14.85M) | Time:00:00.00 | Mem:0.01M, Peak:0.01M | Scene, ViewLayer | Updating Meshes
Fra:1 Mem:13.70M (Peak 14.85M) | Time:00:00.00 | Mem:0.01M, Peak:0.01M | Scene, ViewLayer | Updating Mesh | Computing attributes
Fra:1 Mem:13.72M (Peak 14.85M) | Time:00:00.00 | Mem:0.01M, Peak:0.01M | Scene, ViewLayer | Updating Mesh | Copying Attributes to device
Fra:1 Mem:13.71M (Peak 14.85M) | Time:00:00.00 | Mem:0.03M, Peak:0.03M | Scene, ViewLayer | Updating Scene BVH | Building
Fra:1 Mem:13.71M (Peak 14.85M) | Time:00:00.00 | Mem:0.03M, Peak:0.03M | Scene, ViewLayer | Updating Scene BVH | Building BVH
Fra:1 Mem:13.71M (Peak 14.85M) | Time:00:00.00 | Mem:0.05M, Peak:0.05M | Scene, ViewLayer | Updating Scene BVH | Building BVH 0%
Fra:1 Mem:13.71M (Peak 14.85M) | Time:00:00.00 | Mem:0.08M, Peak:0.10M | Scene, ViewLayer | Updating Scene BVH | Copying BVH to device
Fra:1 Mem:13.71M (Peak 14.85M) | Time:00:00.00 | Mem:0.08M, Peak:0.10M | Scene, ViewLayer | Updating Mesh | Computing normals
Fra:1 Mem:13.76M (Peak 14.85M) | Time:00:00.00 | Mem:0.08M, Peak:0.10M | Scene, ViewLayer | Updating Mesh | Copying Mesh to device
Fra:1 Mem:13.76M (Peak 14.85M) | Time:00:00.00 | Mem:0.13M, Peak:0.13M | Scene, ViewLayer | Updating Objects Flags
Fra:1 Mem:13.76M (Peak 14.85M) | Time:00:00.00 | Mem:0.13M, Peak:0.13M | Scene, ViewLayer | Updating Primitive Offsets
Fra:1 Mem:13.76M (Peak 14.85M) | Time:00:00.00 | Mem:0.13M, Peak:0.13M | Scene, ViewLayer | Updating Images
Fra:1 Mem:13.76M (Peak 14.85M) | Time:00:00.00 | Mem:0.13M, Peak:0.13M | Scene, ViewLayer | Updating Camera Volume
Fra:1 Mem:13.76M (Peak 14.85M) | Time:00:00.00 | Mem:0.13M, Peak:0.13M | Scene, ViewLayer | Updating Lookup Tables
Fra:1 Mem:13.76M (Peak 14.85M) | Time:00:00.00 | Mem:0.21M, Peak:0.21M | Scene, ViewLayer | Updating Lights
Fra:1 Mem:13.76M (Peak 14.85M) | Time:00:00.00 | Mem:0.21M, Peak:0.21M | Scene, ViewLayer | Updating Lights | Computing tree
Fra:1 Mem:13.76M (Peak 14.85M) | Time:00:00.00 | Mem:0.21M, Peak:0.21M | Scene, ViewLayer | Updating Integrator
Fra:1 Mem:13.76M (Peak 14.85M) | Time:00:00.00 | Mem:0.21M, Peak:0.21M | Scene, ViewLayer | Updating Film
Fra:1 Mem:13.76M (Peak 14.85M) | Time:00:00.00 | Mem:0.13M, Peak:0.21M | Scene, ViewLayer | Updating Lookup Tables
Fra:1 Mem:13.76M (Peak 14.85M) | Time:00:00.00 | Mem:0.21M, Peak:0.21M | Scene, ViewLayer | Updating Baking
Fra:1 Mem:13.76M (Peak 14.85M) | Time:00:00.00 | Mem:0.21M, Peak:0.21M | Scene, ViewLayer | Updating Device | Writing constant memory
Fra:1 Mem:13.77M (Peak 14.85M) | Time:00:00.00 | Mem:0.21M, Peak:0.21M | Scene, ViewLayer | Sample 0/16
Fra:1 Mem:16.02M (Peak 16.02M) | Time:00:00.01 | Remaining:00:00.18 | Mem:2.46M, Peak:2.46M | Scene, ViewLayer | Sample 1/16
Fra:1 Mem:17.02M (Peak 19.03M) | Time:00:00.14 | Mem:2.46M, Peak:2.46M | Scene, ViewLayer | Sample 16/16
Fra:1 Mem:17.02M (Peak 19.03M) | Time:00:00.14 | Mem:2.46M, Peak:2.46M | Scene, ViewLayer | Finished
Saved: '/tmp/street-furniture-qa-4q7zi_2_/arterial-lamp-8m.lod0.rear.png'
Time: 00:00.15 (Saving: 00:00.00)

Extensions: writing cache failed ([Errno 30] Read-only file system: '/home/agent/.config/blender').
15:54:37 | INFO: Data are loaded, start creating Blender stuff
15:54:37 | INFO: Blender create Mesh node arterial-tapered-pole
15:54:37 | INFO: Blender create Mesh node Cube.002
15:54:37 | INFO: glTF import finished in 0.00s
Fra:1 Mem:14.75M (Peak 14.75M) | Time:00:00.00 | Mem:0.00M, Peak:0.00M | Scene, ViewLayer | Synchronizing object | metal
Fra:1 Mem:14.85M (Peak 14.85M) | Time:00:00.00 | Mem:0.00M, Peak:0.00M | Scene, ViewLayer | Synchronizing object | QA-ground-plane
Fra:1 Mem:14.81M (Peak 14.85M) | Time:00:00.00 | Mem:0.00M, Peak:0.00M | Scene, ViewLayer | Synchronizing object | QA-1m-ruler-tenth.009
Fra:1 Mem:14.84M (Peak 14.85M) | Time:00:00.00 | Mem:0.00M, Peak:0.00M | Scene, ViewLayer | Synchronizing object | QA-1m-ruler-tenth.008
Fra:1 Mem:14.84M (Peak 14.85M) | Time:00:00.00 | Mem:0.00M, Peak:0.00M | Scene, ViewLayer | Synchronizing object | QA-1m-ruler-tenth.007
Fra:1 Mem:14.85M (Peak 14.85M) | Time:00:00.00 | Mem:0.00M, Peak:0.00M | Scene, ViewLayer | Synchronizing object | QA-1m-ruler-tenth.006
Fra:1 Mem:14.82M (Peak 14.85M) | Time:00:00.00 | Mem:0.00M, Peak:0.00M | Scene, ViewLayer | Synchronizing object | QA-1m-ruler-tenth.005
Fra:1 Mem:14.83M (Peak 14.85M) | Time:00:00.00 | Mem:0.00M, Peak:0.00M | Scene, ViewLayer | Synchronizing object | QA-1m-ruler-tenth.004
Fra:1 Mem:14.84M (Peak 14.85M) | Time:00:00.00 | Mem:0.00M, Peak:0.00M | Scene, ViewLayer | Synchronizing object | QA-1m-ruler-tenth.003
Fra:1 Mem:14.84M (Peak 14.85M) | Time:00:00.00 | Mem:0.00M, Peak:0.00M | Scene, ViewLayer | Synchronizing object | QA-1m-ruler-tenth.002
Fra:1 Mem:14.81M (Peak 14.85M) | Time:00:00.00 | Mem:0.00M, Peak:0.00M | Scene, ViewLayer | Synchronizing object | QA-1m-ruler-tenth.001
Fra:1 Mem:14.80M (Peak 14.85M) | Time:00:00.00 | Mem:0.00M, Peak:0.00M | Scene, ViewLayer | Synchronizing object | QA-1m-ruler-tenth
Fra:1 Mem:14.80M (Peak 14.85M) | Time:00:00.00 | Mem:0.00M, Peak:0.00M | Scene, ViewLayer | Synchronizing object | Sphere.001
Fra:1 Mem:14.84M (Peak 14.85M) | Time:00:00.00 | Mem:0.00M, Peak:0.00M | Scene, ViewLayer | Synchronizing object | QA-human-arm.003
Fra:1 Mem:14.84M (Peak 14.85M) | Time:00:00.00 | Mem:0.00M, Peak:0.00M | Scene, ViewLayer | Synchronizing object | QA-human-arm.002
Fra:1 Mem:14.82M (Peak 14.85M) | Time:00:00.00 | Mem:0.00M, Peak:0.00M | Scene, ViewLayer | Synchronizing object | QA-human-leg.003
Fra:1 Mem:14.83M (Peak 14.85M) | Time:00:00.00 | Mem:0.00M, Peak:0.00M | Scene, ViewLayer | Synchronizing object | QA-human-leg.002
Fra:1 Mem:14.84M (Peak 14.85M) | Time:00:00.00 | Mem:0.00M, Peak:0.00M | Scene, ViewLayer | Synchronizing object | QA-human-neck.001
Fra:1 Mem:14.82M (Peak 14.85M) | Time:00:00.00 | Mem:0.00M, Peak:0.00M | Scene, ViewLayer | Synchronizing object | QA-human-torso.001
Fra:1 Mem:14.83M (Peak 14.85M) | Time:00:00.00 | Mem:0.00M, Peak:0.00M | Scene, ViewLayer | Synchronizing object | Sphere
Fra:1 Mem:14.84M (Peak 14.85M) | Time:00:00.00 | Mem:0.00M, Peak:0.00M | Scene, ViewLayer | Synchronizing object | QA-human-arm.001
Fra:1 Mem:14.84M (Peak 14.85M) | Time:00:00.00 | Mem:0.00M, Peak:0.00M | Scene, ViewLayer | Synchronizing object | QA-human-neck
Fra:1 Mem:14.84M (Peak 14.85M) | Time:00:00.00 | Mem:0.00M, Peak:0.00M | Scene, ViewLayer | Synchronizing object | QA-human-leg
Fra:1 Mem:14.84M (Peak 14.85M) | Time:00:00.00 | Mem:0.00M, Peak:0.00M | Scene, ViewLayer | Synchronizing object | QA-human-leg.001
Fra:1 Mem:14.84M (Peak 14.85M) | Time:00:00.00 | Mem:0.00M, Peak:0.00M | Scene, ViewLayer | Initializing
Fra:1 Mem:13.59M (Peak 14.85M) | Time:00:00.00 | Mem:0.00M, Peak:0.00M | Scene, ViewLayer | Waiting for render to start
Fra:1 Mem:13.59M (Peak 14.85M) | Time:00:00.00 | Mem:0.00M, Peak:0.00M | Scene, ViewLayer | Loading render kernels (may take a few minutes the first time)
Fra:1 Mem:13.59M (Peak 14.85M) | Time:00:00.00 | Mem:0.00M, Peak:0.00M | Scene, ViewLayer | Updating Scene
Fra:1 Mem:13.59M (Peak 14.85M) | Time:00:00.00 | Mem:0.00M, Peak:0.00M | Scene, ViewLayer | Updating Shaders
Fra:1 Mem:13.68M (Peak 14.85M) | Time:00:00.00 | Mem:0.01M, Peak:0.01M | Scene, ViewLayer | Updating Procedurals
Fra:1 Mem:13.68M (Peak 14.85M) | Time:00:00.00 | Mem:0.01M, Peak:0.01M | Scene, ViewLayer | Updating Background
Fra:1 Mem:13.68M (Peak 14.85M) | Time:00:00.00 | Mem:0.01M, Peak:0.01M | Scene, ViewLayer | Updating Camera
Fra:1 Mem:13.68M (Peak 14.85M) | Time:00:00.00 | Mem:0.01M, Peak:0.01M | Scene, ViewLayer | Updating Meshes Flags
Fra:1 Mem:13.68M (Peak 14.85M) | Time:00:00.00 | Mem:0.01M, Peak:0.01M | Scene, ViewLayer | Updating Objects
Fra:1 Mem:13.68M (Peak 14.85M) | Time:00:00.00 | Mem:0.01M, Peak:0.01M | Scene, ViewLayer | Updating Objects | Copying Transformations to device
Fra:1 Mem:13.69M (Peak 14.85M) | Time:00:00.00 | Mem:0.01M, Peak:0.01M | Scene, ViewLayer | Updating Objects | Applying Static Transformations
Fra:1 Mem:13.69M (Peak 14.85M) | Time:00:00.00 | Mem:0.01M, Peak:0.01M | Scene, ViewLayer | Updating Particle Systems
Fra:1 Mem:13.69M (Peak 14.85M) | Time:00:00.00 | Mem:0.01M, Peak:0.01M | Scene, ViewLayer | Updating Particle Systems | Copying Particles to device
Fra:1 Mem:13.69M (Peak 14.85M) | Time:00:00.00 | Mem:0.01M, Peak:0.01M | Scene, ViewLayer | Updating Meshes
Fra:1 Mem:13.70M (Peak 14.85M) | Time:00:00.00 | Mem:0.01M, Peak:0.01M | Scene, ViewLayer | Updating Mesh | Computing attributes
Fra:1 Mem:13.72M (Peak 14.85M) | Time:00:00.00 | Mem:0.01M, Peak:0.01M | Scene, ViewLayer | Updating Mesh | Copying Attributes to device
Fra:1 Mem:13.71M (Peak 14.85M) | Time:00:00.00 | Mem:0.03M, Peak:0.03M | Scene, ViewLayer | Updating Scene BVH | Building
Fra:1 Mem:13.71M (Peak 14.85M) | Time:00:00.00 | Mem:0.03M, Peak:0.03M | Scene, ViewLayer | Updating Scene BVH | Building BVH
Fra:1 Mem:13.71M (Peak 14.85M) | Time:00:00.00 | Mem:0.08M, Peak:0.10M | Scene, ViewLayer | Updating Scene BVH | Copying BVH to device
Fra:1 Mem:13.71M (Peak 14.85M) | Time:00:00.00 | Mem:0.08M, Peak:0.10M | Scene, ViewLayer | Updating Mesh | Computing normals
Fra:1 Mem:13.76M (Peak 14.85M) | Time:00:00.00 | Mem:0.08M, Peak:0.10M | Scene, ViewLayer | Updating Mesh | Copying Mesh to device
Fra:1 Mem:13.76M (Peak 14.85M) | Time:00:00.00 | Mem:0.13M, Peak:0.13M | Scene, ViewLayer | Updating Objects Flags
Fra:1 Mem:13.76M (Peak 14.85M) | Time:00:00.00 | Mem:0.13M, Peak:0.13M | Scene, ViewLayer | Updating Primitive Offsets
Fra:1 Mem:13.76M (Peak 14.85M) | Time:00:00.00 | Mem:0.13M, Peak:0.13M | Scene, ViewLayer | Updating Images
Fra:1 Mem:13.76M (Peak 14.85M) | Time:00:00.00 | Mem:0.13M, Peak:0.13M | Scene, ViewLayer | Updating Camera Volume
Fra:1 Mem:13.76M (Peak 14.85M) | Time:00:00.00 | Mem:0.13M, Peak:0.13M | Scene, ViewLayer | Updating Lookup Tables
Fra:1 Mem:13.76M (Peak 14.85M) | Time:00:00.00 | Mem:0.21M, Peak:0.21M | Scene, ViewLayer | Updating Lights
Fra:1 Mem:13.76M (Peak 14.85M) | Time:00:00.00 | Mem:0.21M, Peak:0.21M | Scene, ViewLayer | Updating Lights | Computing tree
Fra:1 Mem:13.76M (Peak 14.85M) | Time:00:00.00 | Mem:0.21M, Peak:0.21M | Scene, ViewLayer | Updating Integrator
Fra:1 Mem:13.76M (Peak 14.85M) | Time:00:00.00 | Mem:0.21M, Peak:0.21M | Scene, ViewLayer | Updating Film
Fra:1 Mem:13.77M (Peak 14.85M) | Time:00:00.00 | Mem:0.13M, Peak:0.21M | Scene, ViewLayer | Updating Lookup Tables
Fra:1 Mem:13.77M (Peak 14.85M) | Time:00:00.00 | Mem:0.21M, Peak:0.21M | Scene, ViewLayer | Updating Baking
Fra:1 Mem:13.77M (Peak 14.85M) | Time:00:00.00 | Mem:0.21M, Peak:0.21M | Scene, ViewLayer | Updating Device | Writing constant memory
Fra:1 Mem:13.77M (Peak 14.85M) | Time:00:00.00 | Mem:0.21M, Peak:0.21M | Scene, ViewLayer | Sample 0/16
Fra:1 Mem:16.02M (Peak 16.02M) | Time:00:00.05 | Remaining:00:00.80 | Mem:2.46M, Peak:2.46M | Scene, ViewLayer | Sample 1/16
Fra:1 Mem:17.02M (Peak 19.03M) | Time:00:00.80 | Mem:2.46M, Peak:2.46M | Scene, ViewLayer | Sample 16/16
Fra:1 Mem:17.02M (Peak 19.03M) | Time:00:00.81 | Mem:2.46M, Peak:2.46M | Scene, ViewLayer | Finished
Saved: '/tmp/street-furniture-qa-4q7zi_2_/arterial-lamp-8m.lod0.top.png'
Time: 00:00.81 (Saving: 00:00.00)

Extensions: writing cache failed ([Errno 30] Read-only file system: '/home/agent/.config/blender').
15:54:38 | INFO: Data are loaded, start creating Blender stuff
15:54:38 | INFO: Blender create Mesh node arterial-tapered-pole
15:54:38 | INFO: Blender create Mesh node Cube.002
15:54:38 | INFO: glTF import finished in 0.00s
Fra:1 Mem:14.72M (Peak 14.72M) | Time:00:00.00 | Mem:0.00M, Peak:0.00M | Scene, ViewLayer | Synchronizing object | metal
Fra:1 Mem:14.74M (Peak 14.74M) | Time:00:00.00 | Mem:0.00M, Peak:0.00M | Scene, ViewLayer | Synchronizing object | QA-ground-plane
Fra:1 Mem:14.77M (Peak 14.77M) | Time:00:00.00 | Mem:0.00M, Peak:0.00M | Scene, ViewLayer | Synchronizing object | QA-1m-ruler-tenth.009
Fra:1 Mem:14.74M (Peak 14.77M) | Time:00:00.00 | Mem:0.00M, Peak:0.00M | Scene, ViewLayer | Synchronizing object | QA-1m-ruler-tenth.008
Fra:1 Mem:14.74M (Peak 14.77M) | Time:00:00.00 | Mem:0.00M, Peak:0.00M | Scene, ViewLayer | Synchronizing object | diffuser
Fra:1 Mem:14.76M (Peak 14.77M) | Time:00:00.00 | Mem:0.00M, Peak:0.00M | Scene, ViewLayer | Synchronizing object | QA-1m-ruler-tenth.007
Fra:1 Mem:14.75M (Peak 14.77M) | Time:00:00.00 | Mem:0.00M, Peak:0.00M | Scene, ViewLayer | Synchronizing object | QA-1m-ruler-tenth.006
Fra:1 Mem:14.75M (Peak 14.77M) | Time:00:00.00 | Mem:0.00M, Peak:0.00M | Scene, ViewLayer | Synchronizing object | QA-human-torso
Fra:1 Mem:14.75M (Peak 14.77M) | Time:00:00.00 | Mem:0.00M, Peak:0.00M | Scene, ViewLayer | Synchronizing object | QA-1m-ruler-tenth.005
Fra:1 Mem:14.75M (Peak 14.77M) | Time:00:00.00 | Mem:0.00M, Peak:0.00M | Scene, ViewLayer | Synchronizing object | QA-human-neck
Fra:1 Mem:14.75M (Peak 14.77M) | Time:00:00.00 | Mem:0.00M, Peak:0.00M | Scene, ViewLayer | Synchronizing object | QA-1m-ruler-tenth.004
Fra:1 Mem:14.75M (Peak 14.77M) | Time:00:00.00 | Mem:0.00M, Peak:0.00M | Scene, ViewLayer | Synchronizing object | QA-human-leg
Fra:1 Mem:14.75M (Peak 14.77M) | Time:00:00.00 | Mem:0.00M, Peak:0.00M | Scene, ViewLayer | Synchronizing object | QA-1m-ruler-tenth.003
Fra:1 Mem:14.76M (Peak 14.77M) | Time:00:00.00 | Mem:0.00M, Peak:0.00M | Scene, ViewLayer | Synchronizing object | QA-human-leg.001
Fra:1 Mem:14.76M (Peak 14.77M) | Time:00:00.00 | Mem:0.00M, Peak:0.00M | Scene, ViewLayer | Synchronizing object | QA-1m-ruler-tenth.002
Fra:1 Mem:14.76M (Peak 14.77M) | Time:00:00.00 | Mem:0.00M, Peak:0.00M | Scene, ViewLayer | Synchronizing object | QA-human-arm
Fra:1 Mem:14.76M (Peak 14.77M) | Time:00:00.00 | Mem:0.00M, Peak:0.00M | Scene, ViewLayer | Synchronizing object | QA-1m-ruler-tenth.001
Fra:1 Mem:14.76M (Peak 14.77M) | Time:00:00.00 | Mem:0.00M, Peak:0.00M | Scene, ViewLayer | Synchronizing object | QA-human-arm.001
Fra:1 Mem:14.76M (Peak 14.77M) | Time:00:00.00 | Mem:0.00M, Peak:0.00M | Scene, ViewLayer | Synchronizing object | QA-1m-ruler-tenth
Fra:1 Mem:14.76M (Peak 14.77M) | Time:00:00.00 | Mem:0.00M, Peak:0.00M | Scene, ViewLayer | Synchronizing object | Sphere
Fra:1 Mem:14.77M (Peak 14.77M) | Time:00:00.00 | Mem:0.00M, Peak:0.00M | Scene, ViewLayer | Synchronizing object | Sphere.001
Fra:1 Mem:14.78M (Peak 14.78M) | Time:00:00.00 | Mem:0.00M, Peak:0.00M | Scene, ViewLayer | Synchronizing object | QA-human-torso.001
Fra:1 Mem:14.78M (Peak 14.78M) | Time:00:00.00 | Mem:0.00M, Peak:0.00M | Scene, ViewLayer | Synchronizing object | QA-human-arm.003
Fra:1 Mem:14.78M (Peak 14.78M) | Time:00:00.00 | Mem:0.00M, Peak:0.00M | Scene, ViewLayer | Synchronizing object | QA-human-neck.001
Fra:1 Mem:14.78M (Peak 14.78M) | Time:00:00.00 | Mem:0.00M, Peak:0.00M | Scene, ViewLayer | Synchronizing object | QA-human-arm.002
Fra:1 Mem:14.79M (Peak 14.79M) | Time:00:00.00 | Mem:0.00M, Peak:0.00M | Scene, ViewLayer | Synchronizing object | QA-human-leg.002
Fra:1 Mem:14.79M (Peak 14.79M) | Time:00:00.00 | Mem:0.00M, Peak:0.00M | Scene, ViewLayer | Synchronizing object | QA-human-leg.003
Fra:1 Mem:14.79M (Peak 14.79M) | Time:00:00.00 | Mem:0.00M, Peak:0.00M | Scene, ViewLayer | Initializing
Fra:1 Mem:13.54M (Peak 14.79M) | Time:00:00.00 | Mem:0.00M, Peak:0.00M | Scene, ViewLayer | Waiting for render to start
Fra:1 Mem:13.54M (Peak 14.79M) | Time:00:00.00 | Mem:0.00M, Peak:0.00M | Scene, ViewLayer | Loading render kernels (may take a few minutes the first time)
Fra:1 Mem:13.54M (Peak 14.79M) | Time:00:00.00 | Mem:0.00M, Peak:0.00M | Scene, ViewLayer | Updating Scene
Fra:1 Mem:13.54M (Peak 14.79M) | Time:00:00.00 | Mem:0.00M, Peak:0.00M | Scene, ViewLayer | Updating Shaders
Fra:1 Mem:13.63M (Peak 14.79M) | Time:00:00.00 | Mem:0.01M, Peak:0.01M | Scene, ViewLayer | Updating Procedurals
Fra:1 Mem:13.63M (Peak 14.79M) | Time:00:00.00 | Mem:0.01M, Peak:0.01M | Scene, ViewLayer | Updating Background
Fra:1 Mem:13.63M (Peak 14.79M) | Time:00:00.00 | Mem:0.01M, Peak:0.01M | Scene, ViewLayer | Updating Camera
Fra:1 Mem:13.63M (Peak 14.79M) | Time:00:00.00 | Mem:0.01M, Peak:0.01M | Scene, ViewLayer | Updating Meshes Flags
Fra:1 Mem:13.63M (Peak 14.79M) | Time:00:00.00 | Mem:0.01M, Peak:0.01M | Scene, ViewLayer | Updating Objects
Fra:1 Mem:13.63M (Peak 14.79M) | Time:00:00.00 | Mem:0.01M, Peak:0.01M | Scene, ViewLayer | Updating Objects | Copying Transformations to device
Fra:1 Mem:13.63M (Peak 14.79M) | Time:00:00.00 | Mem:0.01M, Peak:0.01M | Scene, ViewLayer | Updating Objects | Applying Static Transformations
Fra:1 Mem:13.63M (Peak 14.79M) | Time:00:00.00 | Mem:0.01M, Peak:0.01M | Scene, ViewLayer | Updating Particle Systems
Fra:1 Mem:13.63M (Peak 14.79M) | Time:00:00.00 | Mem:0.01M, Peak:0.01M | Scene, ViewLayer | Updating Particle Systems | Copying Particles to device
Fra:1 Mem:13.63M (Peak 14.79M) | Time:00:00.00 | Mem:0.01M, Peak:0.01M | Scene, ViewLayer | Updating Meshes
Fra:1 Mem:13.64M (Peak 14.79M) | Time:00:00.00 | Mem:0.01M, Peak:0.01M | Scene, ViewLayer | Updating Mesh | Computing attributes
Fra:1 Mem:13.66M (Peak 14.79M) | Time:00:00.00 | Mem:0.01M, Peak:0.01M | Scene, ViewLayer | Updating Mesh | Copying Attributes to device
Fra:1 Mem:13.65M (Peak 14.79M) | Time:00:00.00 | Mem:0.02M, Peak:0.02M | Scene, ViewLayer | Updating Scene BVH | Building
Fra:1 Mem:13.65M (Peak 14.79M) | Time:00:00.00 | Mem:0.02M, Peak:0.02M | Scene, ViewLayer | Updating Scene BVH | Building BVH
Fra:1 Mem:13.65M (Peak 14.79M) | Time:00:00.00 | Mem:0.04M, Peak:0.04M | Scene, ViewLayer | Updating Scene BVH | Building BVH 0%
Fra:1 Mem:13.65M (Peak 14.79M) | Time:00:00.00 | Mem:0.06M, Peak:0.08M | Scene, ViewLayer | Updating Scene BVH | Copying BVH to device
Fra:1 Mem:13.65M (Peak 14.79M) | Time:00:00.00 | Mem:0.06M, Peak:0.08M | Scene, ViewLayer | Updating Mesh | Computing normals
Fra:1 Mem:13.68M (Peak 14.79M) | Time:00:00.00 | Mem:0.06M, Peak:0.08M | Scene, ViewLayer | Updating Mesh | Copying Mesh to device
Fra:1 Mem:13.68M (Peak 14.79M) | Time:00:00.00 | Mem:0.10M, Peak:0.10M | Scene, ViewLayer | Updating Objects Flags
Fra:1 Mem:13.68M (Peak 14.79M) | Time:00:00.00 | Mem:0.10M, Peak:0.10M | Scene, ViewLayer | Updating Primitive Offsets
Fra:1 Mem:13.68M (Peak 14.79M) | Time:00:00.00 | Mem:0.10M, Peak:0.10M | Scene, ViewLayer | Updating Images
Fra:1 Mem:13.68M (Peak 14.79M) | Time:00:00.00 | Mem:0.10M, Peak:0.10M | Scene, ViewLayer | Updating Camera Volume
Fra:1 Mem:13.68M (Peak 14.79M) | Time:00:00.00 | Mem:0.10M, Peak:0.10M | Scene, ViewLayer | Updating Lookup Tables
Fra:1 Mem:13.68M (Peak 14.79M) | Time:00:00.00 | Mem:0.18M, Peak:0.18M | Scene, ViewLayer | Updating Lights
Fra:1 Mem:13.68M (Peak 14.79M) | Time:00:00.00 | Mem:0.18M, Peak:0.18M | Scene, ViewLayer | Updating Lights | Computing tree
Fra:1 Mem:13.68M (Peak 14.79M) | Time:00:00.00 | Mem:0.18M, Peak:0.18M | Scene, ViewLayer | Updating Integrator
Fra:1 Mem:13.68M (Peak 14.79M) | Time:00:00.00 | Mem:0.18M, Peak:0.18M | Scene, ViewLayer | Updating Film
Fra:1 Mem:13.69M (Peak 14.79M) | Time:00:00.00 | Mem:0.10M, Peak:0.18M | Scene, ViewLayer | Updating Lookup Tables
Fra:1 Mem:13.69M (Peak 14.79M) | Time:00:00.00 | Mem:0.18M, Peak:0.18M | Scene, ViewLayer | Updating Baking
Fra:1 Mem:13.69M (Peak 14.79M) | Time:00:00.00 | Mem:0.18M, Peak:0.18M | Scene, ViewLayer | Updating Device | Writing constant memory
Fra:1 Mem:13.69M (Peak 14.79M) | Time:00:00.00 | Mem:0.18M, Peak:0.18M | Scene, ViewLayer | Sample 0/16
Fra:1 Mem:15.95M (Peak 15.95M) | Time:00:00.01 | Remaining:00:00.19 | Mem:2.43M, Peak:2.43M | Scene, ViewLayer | Sample 1/16
Fra:1 Mem:16.95M (Peak 18.95M) | Time:00:00.15 | Mem:2.43M, Peak:2.43M | Scene, ViewLayer | Sample 16/16
Fra:1 Mem:16.95M (Peak 18.95M) | Time:00:00.15 | Mem:2.43M, Peak:2.43M | Scene, ViewLayer | Finished
Saved: '/tmp/street-furniture-qa-4q7zi_2_/arterial-lamp-8m.lod1.front.png'
Time: 00:00.16 (Saving: 00:00.00)

Extensions: writing cache failed ([Errno 30] Read-only file system: '/home/agent/.config/blender').
15:54:38 | INFO: Data are loaded, start creating Blender stuff
15:54:38 | INFO: Blender create Mesh node arterial-tapered-pole
15:54:38 | INFO: Blender create Mesh node Cube.002
15:54:38 | INFO: glTF import finished in 0.00s
Fra:1 Mem:14.72M (Peak 14.72M) | Time:00:00.00 | Mem:0.00M, Peak:0.00M | Scene, ViewLayer | Synchronizing object | metal
Fra:1 Mem:14.75M (Peak 14.75M) | Time:00:00.00 | Mem:0.00M, Peak:0.00M | Scene, ViewLayer | Synchronizing object | QA-ground-plane
Fra:1 Mem:14.77M (Peak 14.77M) | Time:00:00.00 | Mem:0.00M, Peak:0.00M | Scene, ViewLayer | Synchronizing object | QA-1m-ruler-tenth.009
Fra:1 Mem:14.74M (Peak 14.77M) | Time:00:00.00 | Mem:0.00M, Peak:0.00M | Scene, ViewLayer | Synchronizing object | QA-1m-ruler-tenth.008
Fra:1 Mem:14.75M (Peak 14.77M) | Time:00:00.00 | Mem:0.00M, Peak:0.00M | Scene, ViewLayer | Synchronizing object | QA-1m-ruler-tenth.007
Fra:1 Mem:14.75M (Peak 14.77M) | Time:00:00.00 | Mem:0.00M, Peak:0.00M | Scene, ViewLayer | Synchronizing object | diffuser
Fra:1 Mem:14.75M (Peak 14.77M) | Time:00:00.00 | Mem:0.00M, Peak:0.00M | Scene, ViewLayer | Synchronizing object | QA-1m-ruler-tenth.006
Fra:1 Mem:14.76M (Peak 14.77M) | Time:00:00.00 | Mem:0.00M, Peak:0.00M | Scene, ViewLayer | Synchronizing object | QA-1m-ruler-tenth.005
Fra:1 Mem:14.76M (Peak 14.77M) | Time:00:00.00 | Mem:0.00M, Peak:0.00M | Scene, ViewLayer | Synchronizing object | QA-1m-ruler-tenth.004
Fra:1 Mem:14.76M (Peak 14.77M) | Time:00:00.00 | Mem:0.00M, Peak:0.00M | Scene, ViewLayer | Synchronizing object | QA-1m-ruler-tenth.003
Fra:1 Mem:14.75M (Peak 14.77M) | Time:00:00.00 | Mem:0.00M, Peak:0.00M | Scene, ViewLayer | Synchronizing object | QA-1m-ruler-tenth.002
Fra:1 Mem:14.75M (Peak 14.77M) | Time:00:00.00 | Mem:0.00M, Peak:0.00M | Scene, ViewLayer | Synchronizing object | QA-human-neck
Fra:1 Mem:14.75M (Peak 14.77M) | Time:00:00.00 | Mem:0.00M, Peak:0.00M | Scene, ViewLayer | Synchronizing object | QA-1m-ruler-tenth.001
Fra:1 Mem:14.76M (Peak 14.77M) | Time:00:00.00 | Mem:0.00M, Peak:0.00M | Scene, ViewLayer | Synchronizing object | QA-human-leg
Fra:1 Mem:14.76M (Peak 14.77M) | Time:00:00.00 | Mem:0.00M, Peak:0.00M | Scene, ViewLayer | Synchronizing object | QA-1m-ruler-tenth
Fra:1 Mem:14.76M (Peak 14.77M) | Time:00:00.00 | Mem:0.00M, Peak:0.00M | Scene, ViewLayer | Synchronizing object | QA-human-leg.001
Fra:1 Mem:14.76M (Peak 14.77M) | Time:00:00.00 | Mem:0.00M, Peak:0.00M | Scene, ViewLayer | Synchronizing object | Sphere.001
Fra:1 Mem:14.77M (Peak 14.77M) | Time:00:00.00 | Mem:0.00M, Peak:0.00M | Scene, ViewLayer | Synchronizing object | QA-human-arm
Fra:1 Mem:14.77M (Peak 14.77M) | Time:00:00.00 | Mem:0.00M, Peak:0.00M | Scene, ViewLayer | Synchronizing object | QA-human-arm.003
Fra:1 Mem:14.77M (Peak 14.77M) | Time:00:00.00 | Mem:0.00M, Peak:0.00M | Scene, ViewLayer | Synchronizing object | QA-human-arm.001
Fra:1 Mem:14.77M (Peak 14.77M) | Time:00:00.00 | Mem:0.00M, Peak:0.00M | Scene, ViewLayer | Synchronizing object | QA-human-arm.002
Fra:1 Mem:14.77M (Peak 14.77M) | Time:00:00.00 | Mem:0.00M, Peak:0.00M | Scene, ViewLayer | Synchronizing object | Sphere
Fra:1 Mem:14.78M (Peak 14.78M) | Time:00:00.00 | Mem:0.00M, Peak:0.00M | Scene, ViewLayer | Synchronizing object | QA-human-leg.003
Fra:1 Mem:14.78M (Peak 14.78M) | Time:00:00.00 | Mem:0.00M, Peak:0.00M | Scene, ViewLayer | Synchronizing object | QA-human-leg.002
Fra:1 Mem:14.79M (Peak 14.79M) | Time:00:00.00 | Mem:0.00M, Peak:0.00M | Scene, ViewLayer | Synchronizing object | QA-human-torso.001
Fra:1 Mem:14.79M (Peak 14.79M) | Time:00:00.00 | Mem:0.00M, Peak:0.00M | Scene, ViewLayer | Synchronizing object | QA-human-neck.001
Fra:1 Mem:14.79M (Peak 14.79M) | Time:00:00.00 | Mem:0.00M, Peak:0.00M | Scene, ViewLayer | Initializing
Fra:1 Mem:13.54M (Peak 14.79M) | Time:00:00.00 | Mem:0.00M, Peak:0.00M | Scene, ViewLayer | Waiting for render to start
Fra:1 Mem:13.54M (Peak 14.79M) | Time:00:00.00 | Mem:0.00M, Peak:0.00M | Scene, ViewLayer | Loading render kernels (may take a few minutes the first time)
Fra:1 Mem:13.54M (Peak 14.79M) | Time:00:00.00 | Mem:0.00M, Peak:0.00M | Scene, ViewLayer | Updating Scene
Fra:1 Mem:13.54M (Peak 14.79M) | Time:00:00.00 | Mem:0.00M, Peak:0.00M | Scene, ViewLayer | Updating Shaders
Fra:1 Mem:13.63M (Peak 14.79M) | Time:00:00.00 | Mem:0.01M, Peak:0.01M | Scene, ViewLayer | Updating Procedurals
Fra:1 Mem:13.63M (Peak 14.79M) | Time:00:00.00 | Mem:0.01M, Peak:0.01M | Scene, ViewLayer | Updating Background
Fra:1 Mem:13.63M (Peak 14.79M) | Time:00:00.00 | Mem:0.01M, Peak:0.01M | Scene, ViewLayer | Updating Camera
Fra:1 Mem:13.63M (Peak 14.79M) | Time:00:00.00 | Mem:0.01M, Peak:0.01M | Scene, ViewLayer | Updating Meshes Flags
Fra:1 Mem:13.63M (Peak 14.79M) | Time:00:00.00 | Mem:0.01M, Peak:0.01M | Scene, ViewLayer | Updating Objects
Fra:1 Mem:13.63M (Peak 14.79M) | Time:00:00.00 | Mem:0.01M, Peak:0.01M | Scene, ViewLayer | Updating Objects | Copying Transformations to device
Fra:1 Mem:13.63M (Peak 14.79M) | Time:00:00.00 | Mem:0.01M, Peak:0.01M | Scene, ViewLayer | Updating Objects | Applying Static Transformations
Fra:1 Mem:13.63M (Peak 14.79M) | Time:00:00.00 | Mem:0.01M, Peak:0.01M | Scene, ViewLayer | Updating Particle Systems
Fra:1 Mem:13.63M (Peak 14.79M) | Time:00:00.00 | Mem:0.01M, Peak:0.01M | Scene, ViewLayer | Updating Particle Systems | Copying Particles to device
Fra:1 Mem:13.63M (Peak 14.79M) | Time:00:00.00 | Mem:0.01M, Peak:0.01M | Scene, ViewLayer | Updating Meshes
Fra:1 Mem:13.64M (Peak 14.79M) | Time:00:00.00 | Mem:0.01M, Peak:0.01M | Scene, ViewLayer | Updating Mesh | Computing attributes
Fra:1 Mem:13.66M (Peak 14.79M) | Time:00:00.00 | Mem:0.01M, Peak:0.01M | Scene, ViewLayer | Updating Mesh | Copying Attributes to device
Fra:1 Mem:13.65M (Peak 14.79M) | Time:00:00.00 | Mem:0.02M, Peak:0.02M | Scene, ViewLayer | Updating Scene BVH | Building
Fra:1 Mem:13.65M (Peak 14.79M) | Time:00:00.00 | Mem:0.02M, Peak:0.02M | Scene, ViewLayer | Updating Scene BVH | Building BVH
Fra:1 Mem:13.65M (Peak 14.79M) | Time:00:00.00 | Mem:0.06M, Peak:0.08M | Scene, ViewLayer | Updating Scene BVH | Copying BVH to device
Fra:1 Mem:13.65M (Peak 14.79M) | Time:00:00.00 | Mem:0.06M, Peak:0.08M | Scene, ViewLayer | Updating Mesh | Computing normals
Fra:1 Mem:13.68M (Peak 14.79M) | Time:00:00.00 | Mem:0.06M, Peak:0.08M | Scene, ViewLayer | Updating Mesh | Copying Mesh to device
Fra:1 Mem:13.68M (Peak 14.79M) | Time:00:00.00 | Mem:0.10M, Peak:0.10M | Scene, ViewLayer | Updating Objects Flags
Fra:1 Mem:13.68M (Peak 14.79M) | Time:00:00.00 | Mem:0.10M, Peak:0.10M | Scene, ViewLayer | Updating Primitive Offsets
Fra:1 Mem:13.68M (Peak 14.79M) | Time:00:00.00 | Mem:0.10M, Peak:0.10M | Scene, ViewLayer | Updating Images
Fra:1 Mem:13.68M (Peak 14.79M) | Time:00:00.00 | Mem:0.10M, Peak:0.10M | Scene, ViewLayer | Updating Camera Volume
Fra:1 Mem:13.68M (Peak 14.79M) | Time:00:00.00 | Mem:0.10M, Peak:0.10M | Scene, ViewLayer | Updating Lookup Tables
Fra:1 Mem:13.68M (Peak 14.79M) | Time:00:00.00 | Mem:0.18M, Peak:0.18M | Scene, ViewLayer | Updating Lights
Fra:1 Mem:13.68M (Peak 14.79M) | Time:00:00.00 | Mem:0.18M, Peak:0.18M | Scene, ViewLayer | Updating Lights | Computing tree
Fra:1 Mem:13.68M (Peak 14.79M) | Time:00:00.00 | Mem:0.18M, Peak:0.18M | Scene, ViewLayer | Updating Integrator
Fra:1 Mem:13.68M (Peak 14.79M) | Time:00:00.00 | Mem:0.18M, Peak:0.18M | Scene, ViewLayer | Updating Film
Fra:1 Mem:13.69M (Peak 14.79M) | Time:00:00.00 | Mem:0.10M, Peak:0.18M | Scene, ViewLayer | Updating Lookup Tables
Fra:1 Mem:13.69M (Peak 14.79M) | Time:00:00.00 | Mem:0.18M, Peak:0.18M | Scene, ViewLayer | Updating Baking
Fra:1 Mem:13.69M (Peak 14.79M) | Time:00:00.00 | Mem:0.18M, Peak:0.18M | Scene, ViewLayer | Updating Device | Writing constant memory
Fra:1 Mem:13.69M (Peak 14.79M) | Time:00:00.00 | Mem:0.18M, Peak:0.18M | Scene, ViewLayer | Sample 0/16
Fra:1 Mem:15.95M (Peak 15.95M) | Time:00:00.01 | Remaining:00:00.17 | Mem:2.43M, Peak:2.43M | Scene, ViewLayer | Sample 1/16
Fra:1 Mem:16.95M (Peak 18.95M) | Time:00:00.13 | Mem:2.43M, Peak:2.43M | Scene, ViewLayer | Sample 16/16
Fra:1 Mem:16.95M (Peak 18.95M) | Time:00:00.13 | Mem:2.43M, Peak:2.43M | Scene, ViewLayer | Finished
Saved: '/tmp/street-furniture-qa-4q7zi_2_/arterial-lamp-8m.lod1.side.png'
Time: 00:00.14 (Saving: 00:00.00)

Extensions: writing cache failed ([Errno 30] Read-only file system: '/home/agent/.config/blender').
15:54:38 | INFO: Data are loaded, start creating Blender stuff
15:54:38 | INFO: Blender create Mesh node arterial-tapered-pole
15:54:38 | INFO: Blender create Mesh node Cube.002
15:54:38 | INFO: glTF import finished in 0.00s
Fra:1 Mem:14.72M (Peak 14.72M) | Time:00:00.00 | Mem:0.00M, Peak:0.00M | Scene, ViewLayer | Synchronizing object | metal
Fra:1 Mem:14.75M (Peak 14.75M) | Time:00:00.00 | Mem:0.00M, Peak:0.00M | Scene, ViewLayer | Synchronizing object | QA-ground-plane
Fra:1 Mem:14.77M (Peak 14.77M) | Time:00:00.00 | Mem:0.00M, Peak:0.00M | Scene, ViewLayer | Synchronizing object | QA-1m-ruler-tenth.009
Fra:1 Mem:14.74M (Peak 14.77M) | Time:00:00.00 | Mem:0.00M, Peak:0.00M | Scene, ViewLayer | Synchronizing object | QA-1m-ruler-tenth.008
Fra:1 Mem:14.74M (Peak 14.77M) | Time:00:00.00 | Mem:0.00M, Peak:0.00M | Scene, ViewLayer | Synchronizing object | diffuser
Fra:1 Mem:14.75M (Peak 14.77M) | Time:00:00.00 | Mem:0.00M, Peak:0.00M | Scene, ViewLayer | Synchronizing object | QA-1m-ruler-tenth.007
Fra:1 Mem:14.76M (Peak 14.77M) | Time:00:00.00 | Mem:0.00M, Peak:0.00M | Scene, ViewLayer | Synchronizing object | QA-1m-ruler-tenth.006
Fra:1 Mem:14.76M (Peak 14.77M) | Time:00:00.00 | Mem:0.00M, Peak:0.00M | Scene, ViewLayer | Synchronizing object | QA-1m-ruler-tenth.005
Fra:1 Mem:14.76M (Peak 14.77M) | Time:00:00.00 | Mem:0.00M, Peak:0.00M | Scene, ViewLayer | Synchronizing object | QA-1m-ruler-tenth.004
Fra:1 Mem:14.75M (Peak 14.77M) | Time:00:00.00 | Mem:0.00M, Peak:0.00M | Scene, ViewLayer | Synchronizing object | QA-human-torso
Fra:1 Mem:14.75M (Peak 14.77M) | Time:00:00.00 | Mem:0.00M, Peak:0.00M | Scene, ViewLayer | Synchronizing object | QA-1m-ruler-tenth.003
Fra:1 Mem:14.75M (Peak 14.77M) | Time:00:00.00 | Mem:0.00M, Peak:0.00M | Scene, ViewLayer | Synchronizing object | QA-human-neck
Fra:1 Mem:14.75M (Peak 14.77M) | Time:00:00.00 | Mem:0.00M, Peak:0.00M | Scene, ViewLayer | Synchronizing object | QA-1m-ruler-tenth.002
Fra:1 Mem:14.76M (Peak 14.77M) | Time:00:00.00 | Mem:0.00M, Peak:0.00M | Scene, ViewLayer | Synchronizing object | QA-human-leg
Fra:1 Mem:14.76M (Peak 14.77M) | Time:00:00.00 | Mem:0.00M, Peak:0.00M | Scene, ViewLayer | Synchronizing object | QA-1m-ruler-tenth.001
Fra:1 Mem:14.76M (Peak 14.77M) | Time:00:00.00 | Mem:0.00M, Peak:0.00M | Scene, ViewLayer | Synchronizing object | QA-human-leg.001
Fra:1 Mem:14.76M (Peak 14.77M) | Time:00:00.00 | Mem:0.00M, Peak:0.00M | Scene, ViewLayer | Synchronizing object | QA-1m-ruler-tenth
Fra:1 Mem:14.76M (Peak 14.77M) | Time:00:00.00 | Mem:0.00M, Peak:0.00M | Scene, ViewLayer | Synchronizing object | QA-human-arm
Fra:1 Mem:14.76M (Peak 14.77M) | Time:00:00.00 | Mem:0.00M, Peak:0.00M | Scene, ViewLayer | Synchronizing object | Sphere.001
Fra:1 Mem:14.77M (Peak 14.77M) | Time:00:00.00 | Mem:0.00M, Peak:0.00M | Scene, ViewLayer | Synchronizing object | QA-human-arm.001
Fra:1 Mem:14.77M (Peak 14.77M) | Time:00:00.00 | Mem:0.00M, Peak:0.00M | Scene, ViewLayer | Synchronizing object | Sphere
Fra:1 Mem:14.77M (Peak 14.77M) | Time:00:00.00 | Mem:0.00M, Peak:0.00M | Scene, ViewLayer | Synchronizing object | QA-human-arm.003
Fra:1 Mem:14.78M (Peak 14.78M) | Time:00:00.00 | Mem:0.00M, Peak:0.00M | Scene, ViewLayer | Synchronizing object | QA-human-arm.002
Fra:1 Mem:14.78M (Peak 14.78M) | Time:00:00.00 | Mem:0.00M, Peak:0.00M | Scene, ViewLayer | Synchronizing object | QA-human-torso.001
Fra:1 Mem:14.78M (Peak 14.78M) | Time:00:00.00 | Mem:0.00M, Peak:0.00M | Scene, ViewLayer | Synchronizing object | QA-human-leg.003
Fra:1 Mem:14.79M (Peak 14.79M) | Time:00:00.00 | Mem:0.00M, Peak:0.00M | Scene, ViewLayer | Synchronizing object | QA-human-neck.001
Fra:1 Mem:14.79M (Peak 14.79M) | Time:00:00.00 | Mem:0.00M, Peak:0.00M | Scene, ViewLayer | Synchronizing object | QA-human-leg.002
Fra:1 Mem:14.79M (Peak 14.79M) | Time:00:00.00 | Mem:0.00M, Peak:0.00M | Scene, ViewLayer | Initializing
Fra:1 Mem:13.54M (Peak 14.79M) | Time:00:00.00 | Mem:0.00M, Peak:0.00M | Scene, ViewLayer | Waiting for render to start
Fra:1 Mem:13.54M (Peak 14.79M) | Time:00:00.00 | Mem:0.00M, Peak:0.00M | Scene, ViewLayer | Loading render kernels (may take a few minutes the first time)
Fra:1 Mem:13.54M (Peak 14.79M) | Time:00:00.00 | Mem:0.00M, Peak:0.00M | Scene, ViewLayer | Updating Scene
Fra:1 Mem:13.54M (Peak 14.79M) | Time:00:00.00 | Mem:0.00M, Peak:0.00M | Scene, ViewLayer | Updating Shaders
Fra:1 Mem:13.63M (Peak 14.79M) | Time:00:00.00 | Mem:0.01M, Peak:0.01M | Scene, ViewLayer | Updating Procedurals
Fra:1 Mem:13.63M (Peak 14.79M) | Time:00:00.00 | Mem:0.01M, Peak:0.01M | Scene, ViewLayer | Updating Background
Fra:1 Mem:13.63M (Peak 14.79M) | Time:00:00.00 | Mem:0.01M, Peak:0.01M | Scene, ViewLayer | Updating Camera
Fra:1 Mem:13.63M (Peak 14.79M) | Time:00:00.00 | Mem:0.01M, Peak:0.01M | Scene, ViewLayer | Updating Meshes Flags
Fra:1 Mem:13.63M (Peak 14.79M) | Time:00:00.00 | Mem:0.01M, Peak:0.01M | Scene, ViewLayer | Updating Objects
Fra:1 Mem:13.63M (Peak 14.79M) | Time:00:00.00 | Mem:0.01M, Peak:0.01M | Scene, ViewLayer | Updating Objects | Copying Transformations to device
Fra:1 Mem:13.63M (Peak 14.79M) | Time:00:00.00 | Mem:0.01M, Peak:0.01M | Scene, ViewLayer | Updating Objects | Applying Static Transformations
Fra:1 Mem:13.63M (Peak 14.79M) | Time:00:00.00 | Mem:0.01M, Peak:0.01M | Scene, ViewLayer | Updating Particle Systems
Fra:1 Mem:13.63M (Peak 14.79M) | Time:00:00.00 | Mem:0.01M, Peak:0.01M | Scene, ViewLayer | Updating Particle Systems | Copying Particles to device
Fra:1 Mem:13.63M (Peak 14.79M) | Time:00:00.00 | Mem:0.01M, Peak:0.01M | Scene, ViewLayer | Updating Meshes
Fra:1 Mem:13.64M (Peak 14.79M) | Time:00:00.00 | Mem:0.01M, Peak:0.01M | Scene, ViewLayer | Updating Mesh | Computing attributes
Fra:1 Mem:13.66M (Peak 14.79M) | Time:00:00.00 | Mem:0.01M, Peak:0.01M | Scene, ViewLayer | Updating Mesh | Copying Attributes to device
Fra:1 Mem:13.65M (Peak 14.79M) | Time:00:00.00 | Mem:0.02M, Peak:0.02M | Scene, ViewLayer | Updating Scene BVH | Building
Fra:1 Mem:13.65M (Peak 14.79M) | Time:00:00.00 | Mem:0.02M, Peak:0.02M | Scene, ViewLayer | Updating Scene BVH | Building BVH
Fra:1 Mem:13.65M (Peak 14.79M) | Time:00:00.00 | Mem:0.04M, Peak:0.04M | Scene, ViewLayer | Updating Scene BVH | Building BVH 0%
Fra:1 Mem:13.65M (Peak 14.79M) | Time:00:00.00 | Mem:0.06M, Peak:0.08M | Scene, ViewLayer | Updating Scene BVH | Copying BVH to device
Fra:1 Mem:13.65M (Peak 14.79M) | Time:00:00.00 | Mem:0.06M, Peak:0.08M | Scene, ViewLayer | Updating Mesh | Computing normals
Fra:1 Mem:13.68M (Peak 14.79M) | Time:00:00.00 | Mem:0.06M, Peak:0.08M | Scene, ViewLayer | Updating Mesh | Copying Mesh to device
Fra:1 Mem:13.68M (Peak 14.79M) | Time:00:00.00 | Mem:0.10M, Peak:0.10M | Scene, ViewLayer | Updating Objects Flags
Fra:1 Mem:13.68M (Peak 14.79M) | Time:00:00.00 | Mem:0.10M, Peak:0.10M | Scene, ViewLayer | Updating Primitive Offsets
Fra:1 Mem:13.68M (Peak 14.79M) | Time:00:00.00 | Mem:0.10M, Peak:0.10M | Scene, ViewLayer | Updating Images
Fra:1 Mem:13.68M (Peak 14.79M) | Time:00:00.00 | Mem:0.10M, Peak:0.10M | Scene, ViewLayer | Updating Camera Volume
Fra:1 Mem:13.68M (Peak 14.79M) | Time:00:00.00 | Mem:0.10M, Peak:0.10M | Scene, ViewLayer | Updating Lookup Tables
Fra:1 Mem:13.68M (Peak 14.79M) | Time:00:00.00 | Mem:0.18M, Peak:0.18M | Scene, ViewLayer | Updating Lights
Fra:1 Mem:13.68M (Peak 14.79M) | Time:00:00.00 | Mem:0.18M, Peak:0.18M | Scene, ViewLayer | Updating Lights | Computing tree
Fra:1 Mem:13.68M (Peak 14.79M) | Time:00:00.00 | Mem:0.18M, Peak:0.18M | Scene, ViewLayer | Updating Integrator
Fra:1 Mem:13.68M (Peak 14.79M) | Time:00:00.00 | Mem:0.18M, Peak:0.18M | Scene, ViewLayer | Updating Film
Fra:1 Mem:13.69M (Peak 14.79M) | Time:00:00.00 | Mem:0.10M, Peak:0.18M | Scene, ViewLayer | Updating Lookup Tables
Fra:1 Mem:13.69M (Peak 14.79M) | Time:00:00.00 | Mem:0.18M, Peak:0.18M | Scene, ViewLayer | Updating Baking
Fra:1 Mem:13.69M (Peak 14.79M) | Time:00:00.00 | Mem:0.18M, Peak:0.18M | Scene, ViewLayer | Updating Device | Writing constant memory
Fra:1 Mem:13.69M (Peak 14.79M) | Time:00:00.00 | Mem:0.18M, Peak:0.18M | Scene, ViewLayer | Sample 0/16
Fra:1 Mem:15.95M (Peak 15.95M) | Time:00:00.01 | Remaining:00:00.17 | Mem:2.43M, Peak:2.43M | Scene, ViewLayer | Sample 1/16
Fra:1 Mem:16.95M (Peak 18.95M) | Time:00:00.14 | Mem:2.43M, Peak:2.43M | Scene, ViewLayer | Sample 16/16
Fra:1 Mem:16.95M (Peak 18.95M) | Time:00:00.14 | Mem:2.43M, Peak:2.43M | Scene, ViewLayer | Finished
Saved: '/tmp/street-furniture-qa-4q7zi_2_/arterial-lamp-8m.lod1.rear.png'
Time: 00:00.15 (Saving: 00:00.00)

Extensions: writing cache failed ([Errno 30] Read-only file system: '/home/agent/.config/blender').
15:54:38 | INFO: Data are loaded, start creating Blender stuff
15:54:38 | INFO: Blender create Mesh node arterial-tapered-pole
15:54:38 | INFO: Blender create Mesh node Cube.002
15:54:38 | INFO: glTF import finished in 0.00s
Fra:1 Mem:14.72M (Peak 14.72M) | Time:00:00.00 | Mem:0.00M, Peak:0.00M | Scene, ViewLayer | Synchronizing object | metal
Fra:1 Mem:14.75M (Peak 14.75M) | Time:00:00.00 | Mem:0.00M, Peak:0.00M | Scene, ViewLayer | Synchronizing object | QA-ground-plane
Fra:1 Mem:14.74M (Peak 14.75M) | Time:00:00.00 | Mem:0.00M, Peak:0.00M | Scene, ViewLayer | Synchronizing object | QA-1m-ruler-tenth.009
Fra:1 Mem:14.74M (Peak 14.75M) | Time:00:00.00 | Mem:0.00M, Peak:0.00M | Scene, ViewLayer | Synchronizing object | diffuser
Fra:1 Mem:14.75M (Peak 14.75M) | Time:00:00.00 | Mem:0.00M, Peak:0.00M | Scene, ViewLayer | Synchronizing object | QA-1m-ruler-tenth.008
Fra:1 Mem:14.76M (Peak 14.76M) | Time:00:00.00 | Mem:0.00M, Peak:0.00M | Scene, ViewLayer | Synchronizing object | QA-1m-ruler-tenth.007
Fra:1 Mem:14.76M (Peak 14.76M) | Time:00:00.00 | Mem:0.00M, Peak:0.00M | Scene, ViewLayer | Synchronizing object | QA-1m-ruler-tenth.006
Fra:1 Mem:14.76M (Peak 14.76M) | Time:00:00.00 | Mem:0.00M, Peak:0.00M | Scene, ViewLayer | Synchronizing object | QA-1m-ruler-tenth.005
Fra:1 Mem:14.75M (Peak 14.76M) | Time:00:00.00 | Mem:0.00M, Peak:0.00M | Scene, ViewLayer | Synchronizing object | QA-human-torso
Fra:1 Mem:14.75M (Peak 14.76M) | Time:00:00.00 | Mem:0.00M, Peak:0.00M | Scene, ViewLayer | Synchronizing object | QA-1m-ruler-tenth.004
Fra:1 Mem:14.75M (Peak 14.76M) | Time:00:00.00 | Mem:0.00M, Peak:0.00M | Scene, ViewLayer | Synchronizing object | QA-human-neck
Fra:1 Mem:14.75M (Peak 14.76M) | Time:00:00.00 | Mem:0.00M, Peak:0.00M | Scene, ViewLayer | Synchronizing object | QA-1m-ruler-tenth.003
Fra:1 Mem:14.75M (Peak 14.76M) | Time:00:00.00 | Mem:0.00M, Peak:0.00M | Scene, ViewLayer | Synchronizing object | QA-human-leg
Fra:1 Mem:14.76M (Peak 14.76M) | Time:00:00.00 | Mem:0.00M, Peak:0.00M | Scene, ViewLayer | Synchronizing object | QA-1m-ruler-tenth.002
Fra:1 Mem:14.76M (Peak 14.76M) | Time:00:00.00 | Mem:0.00M, Peak:0.00M | Scene, ViewLayer | Synchronizing object | QA-human-leg.001
Fra:1 Mem:14.76M (Peak 14.76M) | Time:00:00.00 | Mem:0.00M, Peak:0.00M | Scene, ViewLayer | Synchronizing object | QA-1m-ruler-tenth.001
Fra:1 Mem:14.76M (Peak 14.76M) | Time:00:00.00 | Mem:0.00M, Peak:0.00M | Scene, ViewLayer | Synchronizing object | QA-human-arm
Fra:1 Mem:14.76M (Peak 14.76M) | Time:00:00.00 | Mem:0.00M, Peak:0.00M | Scene, ViewLayer | Synchronizing object | QA-1m-ruler-tenth
Fra:1 Mem:14.76M (Peak 14.76M) | Time:00:00.00 | Mem:0.00M, Peak:0.00M | Scene, ViewLayer | Synchronizing object | QA-human-arm.001
Fra:1 Mem:14.76M (Peak 14.76M) | Time:00:00.00 | Mem:0.00M, Peak:0.00M | Scene, ViewLayer | Synchronizing object | Sphere
Fra:1 Mem:14.78M (Peak 14.78M) | Time:00:00.00 | Mem:0.00M, Peak:0.00M | Scene, ViewLayer | Synchronizing object | QA-human-torso.001
Fra:1 Mem:14.78M (Peak 14.78M) | Time:00:00.00 | Mem:0.00M, Peak:0.00M | Scene, ViewLayer | Synchronizing object | QA-human-arm.003
Fra:1 Mem:14.78M (Peak 14.78M) | Time:00:00.00 | Mem:0.00M, Peak:0.00M | Scene, ViewLayer | Synchronizing object | QA-human-neck.001
Fra:1 Mem:14.78M (Peak 14.78M) | Time:00:00.00 | Mem:0.00M, Peak:0.00M | Scene, ViewLayer | Synchronizing object | QA-human-arm.002
Fra:1 Mem:14.79M (Peak 14.79M) | Time:00:00.00 | Mem:0.00M, Peak:0.00M | Scene, ViewLayer | Synchronizing object | QA-human-leg.002
Fra:1 Mem:14.79M (Peak 14.79M) | Time:00:00.00 | Mem:0.00M, Peak:0.00M | Scene, ViewLayer | Synchronizing object | QA-human-leg.003
Fra:1 Mem:14.79M (Peak 14.79M) | Time:00:00.00 | Mem:0.00M, Peak:0.00M | Scene, ViewLayer | Initializing
Fra:1 Mem:13.54M (Peak 14.79M) | Time:00:00.00 | Mem:0.00M, Peak:0.00M | Scene, ViewLayer | Waiting for render to start
Fra:1 Mem:13.54M (Peak 14.79M) | Time:00:00.00 | Mem:0.00M, Peak:0.00M | Scene, ViewLayer | Loading render kernels (may take a few minutes the first time)
Fra:1 Mem:13.54M (Peak 14.79M) | Time:00:00.00 | Mem:0.00M, Peak:0.00M | Scene, ViewLayer | Updating Scene
Fra:1 Mem:13.54M (Peak 14.79M) | Time:00:00.00 | Mem:0.00M, Peak:0.00M | Scene, ViewLayer | Updating Shaders
Fra:1 Mem:13.63M (Peak 14.79M) | Time:00:00.00 | Mem:0.01M, Peak:0.01M | Scene, ViewLayer | Updating Procedurals
Fra:1 Mem:13.63M (Peak 14.79M) | Time:00:00.00 | Mem:0.01M, Peak:0.01M | Scene, ViewLayer | Updating Background
Fra:1 Mem:13.63M (Peak 14.79M) | Time:00:00.00 | Mem:0.01M, Peak:0.01M | Scene, ViewLayer | Updating Camera
Fra:1 Mem:13.63M (Peak 14.79M) | Time:00:00.00 | Mem:0.01M, Peak:0.01M | Scene, ViewLayer | Updating Meshes Flags
Fra:1 Mem:13.63M (Peak 14.79M) | Time:00:00.00 | Mem:0.01M, Peak:0.01M | Scene, ViewLayer | Updating Objects
Fra:1 Mem:13.63M (Peak 14.79M) | Time:00:00.00 | Mem:0.01M, Peak:0.01M | Scene, ViewLayer | Updating Objects | Copying Transformations to device
Fra:1 Mem:13.63M (Peak 14.79M) | Time:00:00.00 | Mem:0.01M, Peak:0.01M | Scene, ViewLayer | Updating Objects | Applying Static Transformations
Fra:1 Mem:13.63M (Peak 14.79M) | Time:00:00.00 | Mem:0.01M, Peak:0.01M | Scene, ViewLayer | Updating Particle Systems
Fra:1 Mem:13.63M (Peak 14.79M) | Time:00:00.00 | Mem:0.01M, Peak:0.01M | Scene, ViewLayer | Updating Particle Systems | Copying Particles to device
Fra:1 Mem:13.63M (Peak 14.79M) | Time:00:00.00 | Mem:0.01M, Peak:0.01M | Scene, ViewLayer | Updating Meshes
Fra:1 Mem:13.64M (Peak 14.79M) | Time:00:00.00 | Mem:0.01M, Peak:0.01M | Scene, ViewLayer | Updating Mesh | Computing attributes
Fra:1 Mem:13.66M (Peak 14.79M) | Time:00:00.00 | Mem:0.01M, Peak:0.01M | Scene, ViewLayer | Updating Mesh | Copying Attributes to device
Fra:1 Mem:13.65M (Peak 14.79M) | Time:00:00.00 | Mem:0.02M, Peak:0.02M | Scene, ViewLayer | Updating Scene BVH | Building
Fra:1 Mem:13.65M (Peak 14.79M) | Time:00:00.00 | Mem:0.02M, Peak:0.02M | Scene, ViewLayer | Updating Scene BVH | Building BVH
Fra:1 Mem:13.65M (Peak 14.79M) | Time:00:00.00 | Mem:0.06M, Peak:0.08M | Scene, ViewLayer | Updating Scene BVH | Copying BVH to device
Fra:1 Mem:13.65M (Peak 14.79M) | Time:00:00.00 | Mem:0.06M, Peak:0.08M | Scene, ViewLayer | Updating Mesh | Computing normals
Fra:1 Mem:13.68M (Peak 14.79M) | Time:00:00.00 | Mem:0.06M, Peak:0.08M | Scene, ViewLayer | Updating Mesh | Copying Mesh to device
Fra:1 Mem:13.68M (Peak 14.79M) | Time:00:00.00 | Mem:0.10M, Peak:0.10M | Scene, ViewLayer | Updating Objects Flags
Fra:1 Mem:13.68M (Peak 14.79M) | Time:00:00.00 | Mem:0.10M, Peak:0.10M | Scene, ViewLayer | Updating Primitive Offsets
Fra:1 Mem:13.68M (Peak 14.79M) | Time:00:00.00 | Mem:0.10M, Peak:0.10M | Scene, ViewLayer | Updating Images
Fra:1 Mem:13.68M (Peak 14.79M) | Time:00:00.00 | Mem:0.10M, Peak:0.10M | Scene, ViewLayer | Updating Camera Volume
Fra:1 Mem:13.68M (Peak 14.79M) | Time:00:00.00 | Mem:0.10M, Peak:0.10M | Scene, ViewLayer | Updating Lookup Tables
Fra:1 Mem:13.68M (Peak 14.79M) | Time:00:00.00 | Mem:0.18M, Peak:0.18M | Scene, ViewLayer | Updating Lights
Fra:1 Mem:13.68M (Peak 14.79M) | Time:00:00.00 | Mem:0.18M, Peak:0.18M | Scene, ViewLayer | Updating Lights | Computing tree
Fra:1 Mem:13.68M (Peak 14.79M) | Time:00:00.00 | Mem:0.18M, Peak:0.18M | Scene, ViewLayer | Updating Integrator
Fra:1 Mem:13.68M (Peak 14.79M) | Time:00:00.00 | Mem:0.18M, Peak:0.18M | Scene, ViewLayer | Updating Film
Fra:1 Mem:13.69M (Peak 14.79M) | Time:00:00.00 | Mem:0.10M, Peak:0.18M | Scene, ViewLayer | Updating Lookup Tables
Fra:1 Mem:13.69M (Peak 14.79M) | Time:00:00.00 | Mem:0.18M, Peak:0.18M | Scene, ViewLayer | Updating Baking
Fra:1 Mem:13.69M (Peak 14.79M) | Time:00:00.00 | Mem:0.18M, Peak:0.18M | Scene, ViewLayer | Updating Device | Writing constant memory
Fra:1 Mem:13.69M (Peak 14.79M) | Time:00:00.00 | Mem:0.18M, Peak:0.18M | Scene, ViewLayer | Sample 0/16
Fra:1 Mem:15.95M (Peak 15.95M) | Time:00:00.05 | Remaining:00:00.81 | Mem:2.43M, Peak:2.43M | Scene, ViewLayer | Sample 1/16
Fra:1 Mem:16.95M (Peak 18.95M) | Time:00:00.80 | Mem:2.43M, Peak:2.43M | Scene, ViewLayer | Sample 16/16
Fra:1 Mem:16.95M (Peak 18.95M) | Time:00:00.80 | Mem:2.43M, Peak:2.43M | Scene, ViewLayer | Finished
Saved: '/tmp/street-furniture-qa-4q7zi_2_/arterial-lamp-8m.lod1.top.png'
Time: 00:00.81 (Saving: 00:00.00)

Extensions: writing cache failed ([Errno 30] Read-only file system: '/home/agent/.config/blender').
15:54:39 | INFO: Data are loaded, start creating Blender stuff
15:54:39 | INFO: Blender create Mesh node arterial-tapered-pole
15:54:39 | INFO: Blender create Mesh node Cube.002
15:54:39 | INFO: glTF import finished in 0.00s
Fra:1 Mem:14.75M (Peak 14.75M) | Time:00:00.00 | Mem:0.00M, Peak:0.00M | Scene, ViewLayer | Synchronizing object | metal
Fra:1 Mem:14.78M (Peak 14.78M) | Time:00:00.00 | Mem:0.00M, Peak:0.00M | Scene, ViewLayer | Synchronizing object | QA-ground-plane
Fra:1 Mem:14.84M (Peak 14.84M) | Time:00:00.00 | Mem:0.00M, Peak:0.00M | Scene, ViewLayer | Synchronizing object | QA-1m-ruler-tenth.009
Fra:1 Mem:14.84M (Peak 14.84M) | Time:00:00.00 | Mem:0.00M, Peak:0.00M | Scene, ViewLayer | Synchronizing object | QA-1m-ruler-tenth.008
Fra:1 Mem:14.84M (Peak 14.84M) | Time:00:00.00 | Mem:0.00M, Peak:0.00M | Scene, ViewLayer | Synchronizing object | QA-1m-ruler-tenth.007
Fra:1 Mem:14.82M (Peak 14.84M) | Time:00:00.00 | Mem:0.00M, Peak:0.00M | Scene, ViewLayer | Synchronizing object | QA-1m-ruler-tenth.006
Fra:1 Mem:14.84M (Peak 14.84M) | Time:00:00.00 | Mem:0.00M, Peak:0.00M | Scene, ViewLayer | Synchronizing object | QA-1m-ruler-tenth.005
Fra:1 Mem:14.84M (Peak 14.84M) | Time:00:00.00 | Mem:0.00M, Peak:0.00M | Scene, ViewLayer | Synchronizing object | QA-1m-ruler-tenth.004
Fra:1 Mem:14.80M (Peak 14.84M) | Time:00:00.00 | Mem:0.00M, Peak:0.00M | Scene, ViewLayer | Synchronizing object | QA-1m-ruler-tenth.003
Fra:1 Mem:14.80M (Peak 14.84M) | Time:00:00.00 | Mem:0.00M, Peak:0.00M | Scene, ViewLayer | Synchronizing object | diffuser
Fra:1 Mem:14.82M (Peak 14.84M) | Time:00:00.00 | Mem:0.00M, Peak:0.00M | Scene, ViewLayer | Synchronizing object | QA-1m-ruler-tenth.002
Fra:1 Mem:14.81M (Peak 14.84M) | Time:00:00.00 | Mem:0.00M, Peak:0.00M | Scene, ViewLayer | Synchronizing object | QA-human-torso
Fra:1 Mem:14.81M (Peak 14.84M) | Time:00:00.00 | Mem:0.00M, Peak:0.00M | Scene, ViewLayer | Synchronizing object | QA-1m-ruler-tenth.001
Fra:1 Mem:14.81M (Peak 14.84M) | Time:00:00.00 | Mem:0.00M, Peak:0.00M | Scene, ViewLayer | Synchronizing object | QA-human-neck
Fra:1 Mem:14.81M (Peak 14.84M) | Time:00:00.00 | Mem:0.00M, Peak:0.00M | Scene, ViewLayer | Synchronizing object | QA-1m-ruler-tenth
Fra:1 Mem:14.81M (Peak 14.84M) | Time:00:00.00 | Mem:0.00M, Peak:0.00M | Scene, ViewLayer | Synchronizing object | QA-human-leg
Fra:1 Mem:14.81M (Peak 14.84M) | Time:00:00.00 | Mem:0.00M, Peak:0.00M | Scene, ViewLayer | Synchronizing object | Sphere.001
Fra:1 Mem:14.81M (Peak 14.84M) | Time:00:00.00 | Mem:0.00M, Peak:0.00M | Scene, ViewLayer | Synchronizing object | QA-human-leg.001
Fra:1 Mem:14.82M (Peak 14.84M) | Time:00:00.00 | Mem:0.00M, Peak:0.00M | Scene, ViewLayer | Synchronizing object | QA-human-arm
Fra:1 Mem:14.83M (Peak 14.84M) | Time:00:00.00 | Mem:0.00M, Peak:0.00M | Scene, ViewLayer | Synchronizing object | QA-human-arm.001
Fra:1 Mem:14.83M (Peak 14.84M) | Time:00:00.00 | Mem:0.00M, Peak:0.00M | Scene, ViewLayer | Synchronizing object | QA-human-arm.003
Fra:1 Mem:14.83M (Peak 14.84M) | Time:00:00.00 | Mem:0.00M, Peak:0.00M | Scene, ViewLayer | Synchronizing object | Sphere
Fra:1 Mem:14.83M (Peak 14.84M) | Time:00:00.00 | Mem:0.00M, Peak:0.00M | Scene, ViewLayer | Synchronizing object | QA-human-arm.002
Fra:1 Mem:14.84M (Peak 14.84M) | Time:00:00.00 | Mem:0.00M, Peak:0.00M | Scene, ViewLayer | Synchronizing object | QA-human-leg.003
Fra:1 Mem:14.84M (Peak 14.84M) | Time:00:00.00 | Mem:0.00M, Peak:0.00M | Scene, ViewLayer | Synchronizing object | QA-human-torso.001
Fra:1 Mem:14.84M (Peak 14.84M) | Time:00:00.00 | Mem:0.00M, Peak:0.00M | Scene, ViewLayer | Synchronizing object | QA-human-leg.002
Fra:1 Mem:14.84M (Peak 14.84M) | Time:00:00.00 | Mem:0.00M, Peak:0.00M | Scene, ViewLayer | Synchronizing object | QA-human-neck.001
Fra:1 Mem:14.84M (Peak 14.84M) | Time:00:00.00 | Mem:0.00M, Peak:0.00M | Scene, ViewLayer | Initializing
Fra:1 Mem:13.59M (Peak 14.84M) | Time:00:00.00 | Mem:0.00M, Peak:0.00M | Scene, ViewLayer | Waiting for render to start
Fra:1 Mem:13.59M (Peak 14.84M) | Time:00:00.00 | Mem:0.00M, Peak:0.00M | Scene, ViewLayer | Loading render kernels (may take a few minutes the first time)
Fra:1 Mem:13.59M (Peak 14.84M) | Time:00:00.00 | Mem:0.00M, Peak:0.00M | Scene, ViewLayer | Updating Scene
Fra:1 Mem:13.59M (Peak 14.84M) | Time:00:00.00 | Mem:0.00M, Peak:0.00M | Scene, ViewLayer | Updating Shaders
Fra:1 Mem:13.68M (Peak 14.84M) | Time:00:00.00 | Mem:0.01M, Peak:0.01M | Scene, ViewLayer | Updating Procedurals
Fra:1 Mem:13.68M (Peak 14.84M) | Time:00:00.00 | Mem:0.01M, Peak:0.01M | Scene, ViewLayer | Updating Background
Fra:1 Mem:13.68M (Peak 14.84M) | Time:00:00.00 | Mem:0.01M, Peak:0.01M | Scene, ViewLayer | Updating Camera
Fra:1 Mem:13.68M (Peak 14.84M) | Time:00:00.00 | Mem:0.01M, Peak:0.01M | Scene, ViewLayer | Updating Meshes Flags
Fra:1 Mem:13.68M (Peak 14.84M) | Time:00:00.00 | Mem:0.01M, Peak:0.01M | Scene, ViewLayer | Updating Objects
Fra:1 Mem:13.68M (Peak 14.84M) | Time:00:00.00 | Mem:0.01M, Peak:0.01M | Scene, ViewLayer | Updating Objects | Copying Transformations to device
Fra:1 Mem:13.69M (Peak 14.84M) | Time:00:00.00 | Mem:0.01M, Peak:0.01M | Scene, ViewLayer | Updating Objects | Applying Static Transformations
Fra:1 Mem:13.69M (Peak 14.84M) | Time:00:00.00 | Mem:0.01M, Peak:0.01M | Scene, ViewLayer | Updating Particle Systems
Fra:1 Mem:13.69M (Peak 14.84M) | Time:00:00.00 | Mem:0.01M, Peak:0.01M | Scene, ViewLayer | Updating Particle Systems | Copying Particles to device
Fra:1 Mem:13.69M (Peak 14.84M) | Time:00:00.00 | Mem:0.01M, Peak:0.01M | Scene, ViewLayer | Updating Meshes
Fra:1 Mem:13.70M (Peak 14.84M) | Time:00:00.00 | Mem:0.01M, Peak:0.01M | Scene, ViewLayer | Updating Mesh | Computing attributes
Fra:1 Mem:13.72M (Peak 14.84M) | Time:00:00.00 | Mem:0.01M, Peak:0.01M | Scene, ViewLayer | Updating Mesh | Copying Attributes to device
Fra:1 Mem:13.71M (Peak 14.84M) | Time:00:00.00 | Mem:0.03M, Peak:0.03M | Scene, ViewLayer | Updating Scene BVH | Building
Fra:1 Mem:13.71M (Peak 14.84M) | Time:00:00.00 | Mem:0.03M, Peak:0.03M | Scene, ViewLayer | Updating Scene BVH | Building BVH
Fra:1 Mem:13.71M (Peak 14.84M) | Time:00:00.00 | Mem:0.05M, Peak:0.05M | Scene, ViewLayer | Updating Scene BVH | Building BVH 0%
Fra:1 Mem:13.71M (Peak 14.84M) | Time:00:00.00 | Mem:0.08M, Peak:0.10M | Scene, ViewLayer | Updating Scene BVH | Copying BVH to device
Fra:1 Mem:13.71M (Peak 14.84M) | Time:00:00.00 | Mem:0.08M, Peak:0.10M | Scene, ViewLayer | Updating Mesh | Computing normals
Fra:1 Mem:13.76M (Peak 14.84M) | Time:00:00.00 | Mem:0.08M, Peak:0.10M | Scene, ViewLayer | Updating Mesh | Copying Mesh to device
Fra:1 Mem:13.76M (Peak 14.84M) | Time:00:00.00 | Mem:0.13M, Peak:0.13M | Scene, ViewLayer | Updating Objects Flags
Fra:1 Mem:13.76M (Peak 14.84M) | Time:00:00.00 | Mem:0.13M, Peak:0.13M | Scene, ViewLayer | Updating Primitive Offsets
Fra:1 Mem:13.76M (Peak 14.84M) | Time:00:00.00 | Mem:0.13M, Peak:0.13M | Scene, ViewLayer | Updating Images
Fra:1 Mem:13.76M (Peak 14.84M) | Time:00:00.00 | Mem:0.13M, Peak:0.13M | Scene, ViewLayer | Updating Camera Volume
Fra:1 Mem:13.76M (Peak 14.84M) | Time:00:00.00 | Mem:0.13M, Peak:0.13M | Scene, ViewLayer | Updating Lookup Tables
Fra:1 Mem:13.76M (Peak 14.84M) | Time:00:00.00 | Mem:0.21M, Peak:0.21M | Scene, ViewLayer | Updating Lights
Fra:1 Mem:13.76M (Peak 14.84M) | Time:00:00.00 | Mem:0.21M, Peak:0.21M | Scene, ViewLayer | Updating Lights | Computing tree
Fra:1 Mem:13.76M (Peak 14.84M) | Time:00:00.00 | Mem:0.21M, Peak:0.21M | Scene, ViewLayer | Updating Integrator
Fra:1 Mem:13.76M (Peak 14.84M) | Time:00:00.00 | Mem:0.21M, Peak:0.21M | Scene, ViewLayer | Updating Film
Fra:1 Mem:13.77M (Peak 14.84M) | Time:00:00.00 | Mem:0.13M, Peak:0.21M | Scene, ViewLayer | Updating Lookup Tables
Fra:1 Mem:13.77M (Peak 14.84M) | Time:00:00.00 | Mem:0.21M, Peak:0.21M | Scene, ViewLayer | Updating Baking
Fra:1 Mem:13.77M (Peak 14.84M) | Time:00:00.00 | Mem:0.21M, Peak:0.21M | Scene, ViewLayer | Updating Device | Writing constant memory
Fra:1 Mem:13.77M (Peak 14.84M) | Time:00:00.00 | Mem:0.21M, Peak:0.21M | Scene, ViewLayer | Sample 0/16
Fra:1 Mem:16.02M (Peak 16.02M) | Time:00:00.01 | Remaining:00:00.19 | Mem:2.46M, Peak:2.46M | Scene, ViewLayer | Sample 1/16
Fra:1 Mem:17.03M (Peak 19.03M) | Time:00:00.15 | Mem:2.46M, Peak:2.46M | Scene, ViewLayer | Sample 16/16
Fra:1 Mem:17.03M (Peak 19.03M) | Time:00:00.15 | Mem:2.46M, Peak:2.46M | Scene, ViewLayer | Finished
Saved: '/tmp/street-furniture-qa-4q7zi_2_/arterial-lamp-8m.lod0.overcast.png'
Time: 00:00.16 (Saving: 00:00.00)

Extensions: writing cache failed ([Errno 30] Read-only file system: '/home/agent/.config/blender').
15:54:40 | INFO: Data are loaded, start creating Blender stuff
15:54:40 | INFO: Blender create Mesh node arterial-tapered-pole
15:54:40 | INFO: Blender create Mesh node Cube.002
15:54:40 | INFO: glTF import finished in 0.00s
Fra:1 Mem:14.75M (Peak 14.75M) | Time:00:00.00 | Mem:0.00M, Peak:0.00M | Scene, ViewLayer | Synchronizing object | metal
Fra:1 Mem:14.83M (Peak 14.83M) | Time:00:00.00 | Mem:0.00M, Peak:0.00M | Scene, ViewLayer | Synchronizing object | QA-ground-plane
Fra:1 Mem:14.79M (Peak 14.83M) | Time:00:00.00 | Mem:0.00M, Peak:0.00M | Scene, ViewLayer | Synchronizing object | QA-1m-ruler-tenth.009
Fra:1 Mem:14.79M (Peak 14.83M) | Time:00:00.00 | Mem:0.00M, Peak:0.00M | Scene, ViewLayer | Synchronizing object | diffuser
Fra:1 Mem:14.79M (Peak 14.83M) | Time:00:00.00 | Mem:0.00M, Peak:0.00M | Scene, ViewLayer | Synchronizing object | QA-1m-ruler-tenth.008
Fra:1 Mem:14.80M (Peak 14.83M) | Time:00:00.00 | Mem:0.00M, Peak:0.00M | Scene, ViewLayer | Synchronizing object | QA-1m-ruler-tenth.007
Fra:1 Mem:14.82M (Peak 14.83M) | Time:00:00.00 | Mem:0.00M, Peak:0.00M | Scene, ViewLayer | Synchronizing object | QA-1m-ruler-tenth.006
Fra:1 Mem:14.83M (Peak 14.83M) | Time:00:00.00 | Mem:0.00M, Peak:0.00M | Scene, ViewLayer | Synchronizing object | QA-1m-ruler-tenth.005
Fra:1 Mem:14.82M (Peak 14.83M) | Time:00:00.00 | Mem:0.00M, Peak:0.00M | Scene, ViewLayer | Synchronizing object | QA-1m-ruler-tenth.004
Fra:1 Mem:14.82M (Peak 14.83M) | Time:00:00.00 | Mem:0.00M, Peak:0.00M | Scene, ViewLayer | Synchronizing object | QA-1m-ruler-tenth.003
Fra:1 Mem:14.81M (Peak 14.83M) | Time:00:00.00 | Mem:0.00M, Peak:0.00M | Scene, ViewLayer | Synchronizing object | QA-human-torso
Fra:1 Mem:14.81M (Peak 14.83M) | Time:00:00.00 | Mem:0.00M, Peak:0.00M | Scene, ViewLayer | Synchronizing object | QA-human-neck
Fra:1 Mem:14.81M (Peak 14.83M) | Time:00:00.00 | Mem:0.00M, Peak:0.00M | Scene, ViewLayer | Synchronizing object | QA-human-leg
Fra:1 Mem:14.81M (Peak 14.83M) | Time:00:00.00 | Mem:0.00M, Peak:0.00M | Scene, ViewLayer | Synchronizing object | QA-human-leg.001
Fra:1 Mem:14.81M (Peak 14.83M) | Time:00:00.00 | Mem:0.00M, Peak:0.00M | Scene, ViewLayer | Synchronizing object | QA-human-arm
Fra:1 Mem:14.81M (Peak 14.83M) | Time:00:00.00 | Mem:0.00M, Peak:0.00M | Scene, ViewLayer | Synchronizing object | QA-1m-ruler-tenth
Fra:1 Mem:14.81M (Peak 14.83M) | Time:00:00.00 | Mem:0.00M, Peak:0.00M | Scene, ViewLayer | Synchronizing object | QA-human-arm.001
Fra:1 Mem:14.82M (Peak 14.83M) | Time:00:00.00 | Mem:0.00M, Peak:0.00M | Scene, ViewLayer | Synchronizing object | Sphere.001
Fra:1 Mem:14.82M (Peak 14.83M) | Time:00:00.00 | Mem:0.00M, Peak:0.00M | Scene, ViewLayer | Synchronizing object | Sphere
Fra:1 Mem:14.83M (Peak 14.83M) | Time:00:00.00 | Mem:0.00M, Peak:0.00M | Scene, ViewLayer | Synchronizing object | QA-human-arm.003
Fra:1 Mem:14.84M (Peak 14.84M) | Time:00:00.00 | Mem:0.00M, Peak:0.00M | Scene, ViewLayer | Synchronizing object | QA-human-torso.001
Fra:1 Mem:14.84M (Peak 14.84M) | Time:00:00.00 | Mem:0.00M, Peak:0.00M | Scene, ViewLayer | Synchronizing object | QA-human-arm.002
Fra:1 Mem:14.84M (Peak 14.84M) | Time:00:00.00 | Mem:0.00M, Peak:0.00M | Scene, ViewLayer | Synchronizing object | QA-human-neck.001
Fra:1 Mem:14.84M (Peak 14.84M) | Time:00:00.00 | Mem:0.00M, Peak:0.00M | Scene, ViewLayer | Synchronizing object | QA-human-leg.003
Fra:1 Mem:14.84M (Peak 14.84M) | Time:00:00.00 | Mem:0.00M, Peak:0.00M | Scene, ViewLayer | Synchronizing object | QA-human-leg.002
Fra:1 Mem:14.84M (Peak 14.84M) | Time:00:00.00 | Mem:0.00M, Peak:0.00M | Scene, ViewLayer | Initializing
Fra:1 Mem:13.59M (Peak 14.84M) | Time:00:00.00 | Mem:0.00M, Peak:0.00M | Scene, ViewLayer | Waiting for render to start
Fra:1 Mem:13.59M (Peak 14.84M) | Time:00:00.00 | Mem:0.00M, Peak:0.00M | Scene, ViewLayer | Loading render kernels (may take a few minutes the first time)
Fra:1 Mem:13.59M (Peak 14.84M) | Time:00:00.00 | Mem:0.00M, Peak:0.00M | Scene, ViewLayer | Updating Scene
Fra:1 Mem:13.59M (Peak 14.84M) | Time:00:00.00 | Mem:0.00M, Peak:0.00M | Scene, ViewLayer | Updating Shaders
Fra:1 Mem:13.68M (Peak 14.84M) | Time:00:00.00 | Mem:0.01M, Peak:0.01M | Scene, ViewLayer | Updating Procedurals
Fra:1 Mem:13.68M (Peak 14.84M) | Time:00:00.00 | Mem:0.01M, Peak:0.01M | Scene, ViewLayer | Updating Background
Fra:1 Mem:13.68M (Peak 14.84M) | Time:00:00.00 | Mem:0.01M, Peak:0.01M | Scene, ViewLayer | Updating Camera
Fra:1 Mem:13.68M (Peak 14.84M) | Time:00:00.00 | Mem:0.01M, Peak:0.01M | Scene, ViewLayer | Updating Meshes Flags
Fra:1 Mem:13.68M (Peak 14.84M) | Time:00:00.00 | Mem:0.01M, Peak:0.01M | Scene, ViewLayer | Updating Objects
Fra:1 Mem:13.68M (Peak 14.84M) | Time:00:00.00 | Mem:0.01M, Peak:0.01M | Scene, ViewLayer | Updating Objects | Copying Transformations to device
Fra:1 Mem:13.69M (Peak 14.84M) | Time:00:00.00 | Mem:0.01M, Peak:0.01M | Scene, ViewLayer | Updating Objects | Applying Static Transformations
Fra:1 Mem:13.69M (Peak 14.84M) | Time:00:00.00 | Mem:0.01M, Peak:0.01M | Scene, ViewLayer | Updating Particle Systems
Fra:1 Mem:13.69M (Peak 14.84M) | Time:00:00.00 | Mem:0.01M, Peak:0.01M | Scene, ViewLayer | Updating Particle Systems | Copying Particles to device
Fra:1 Mem:13.69M (Peak 14.84M) | Time:00:00.00 | Mem:0.01M, Peak:0.01M | Scene, ViewLayer | Updating Meshes
Fra:1 Mem:13.70M (Peak 14.84M) | Time:00:00.00 | Mem:0.01M, Peak:0.01M | Scene, ViewLayer | Updating Mesh | Computing attributes
Fra:1 Mem:13.72M (Peak 14.84M) | Time:00:00.00 | Mem:0.01M, Peak:0.01M | Scene, ViewLayer | Updating Mesh | Copying Attributes to device
Fra:1 Mem:13.71M (Peak 14.84M) | Time:00:00.00 | Mem:0.03M, Peak:0.03M | Scene, ViewLayer | Updating Scene BVH | Building
Fra:1 Mem:13.71M (Peak 14.84M) | Time:00:00.00 | Mem:0.03M, Peak:0.03M | Scene, ViewLayer | Updating Scene BVH | Building BVH
Fra:1 Mem:13.71M (Peak 14.84M) | Time:00:00.00 | Mem:0.08M, Peak:0.10M | Scene, ViewLayer | Updating Scene BVH | Copying BVH to device
Fra:1 Mem:13.71M (Peak 14.84M) | Time:00:00.00 | Mem:0.08M, Peak:0.10M | Scene, ViewLayer | Updating Mesh | Computing normals
Fra:1 Mem:13.76M (Peak 14.84M) | Time:00:00.00 | Mem:0.08M, Peak:0.10M | Scene, ViewLayer | Updating Mesh | Copying Mesh to device
Fra:1 Mem:13.76M (Peak 14.84M) | Time:00:00.00 | Mem:0.13M, Peak:0.13M | Scene, ViewLayer | Updating Objects Flags
Fra:1 Mem:13.76M (Peak 14.84M) | Time:00:00.00 | Mem:0.13M, Peak:0.13M | Scene, ViewLayer | Updating Primitive Offsets
Fra:1 Mem:13.76M (Peak 14.84M) | Time:00:00.00 | Mem:0.13M, Peak:0.13M | Scene, ViewLayer | Updating Images
Fra:1 Mem:13.76M (Peak 14.84M) | Time:00:00.00 | Mem:0.13M, Peak:0.13M | Scene, ViewLayer | Updating Camera Volume
Fra:1 Mem:13.76M (Peak 14.84M) | Time:00:00.00 | Mem:0.13M, Peak:0.13M | Scene, ViewLayer | Updating Lookup Tables
Fra:1 Mem:13.76M (Peak 14.84M) | Time:00:00.00 | Mem:0.21M, Peak:0.21M | Scene, ViewLayer | Updating Lights
Fra:1 Mem:13.76M (Peak 14.84M) | Time:00:00.00 | Mem:0.21M, Peak:0.21M | Scene, ViewLayer | Updating Lights | Computing tree
Fra:1 Mem:13.76M (Peak 14.84M) | Time:00:00.00 | Mem:0.21M, Peak:0.21M | Scene, ViewLayer | Updating Integrator
Fra:1 Mem:13.76M (Peak 14.84M) | Time:00:00.00 | Mem:0.21M, Peak:0.21M | Scene, ViewLayer | Updating Film
Fra:1 Mem:13.77M (Peak 14.84M) | Time:00:00.00 | Mem:0.13M, Peak:0.21M | Scene, ViewLayer | Updating Lookup Tables
Fra:1 Mem:13.77M (Peak 14.84M) | Time:00:00.00 | Mem:0.21M, Peak:0.21M | Scene, ViewLayer | Updating Baking
Fra:1 Mem:13.77M (Peak 14.84M) | Time:00:00.00 | Mem:0.21M, Peak:0.21M | Scene, ViewLayer | Updating Device | Writing constant memory
Fra:1 Mem:13.77M (Peak 14.84M) | Time:00:00.00 | Mem:0.21M, Peak:0.21M | Scene, ViewLayer | Sample 0/16
Fra:1 Mem:16.02M (Peak 16.02M) | Time:00:00.01 | Remaining:00:00.19 | Mem:2.46M, Peak:2.46M | Scene, ViewLayer | Sample 1/16
Fra:1 Mem:17.03M (Peak 19.03M) | Time:00:00.15 | Mem:2.46M, Peak:2.46M | Scene, ViewLayer | Sample 16/16
Fra:1 Mem:17.03M (Peak 19.03M) | Time:00:00.15 | Mem:2.46M, Peak:2.46M | Scene, ViewLayer | Finished
Saved: '/tmp/street-furniture-qa-4q7zi_2_/arterial-lamp-8m.lod0.dusk.png'
Time: 00:00.16 (Saving: 00:00.00)

Extensions: writing cache failed ([Errno 30] Read-only file system: '/home/agent/.config/blender').
15:54:40 | INFO: Data are loaded, start creating Blender stuff
15:54:40 | INFO: Blender create Mesh node arterial-tapered-pole
15:54:40 | INFO: Blender create Mesh node Cube.002
15:54:40 | INFO: glTF import finished in 0.00s
Fra:1 Mem:14.75M (Peak 14.75M) | Time:00:00.00 | Mem:0.00M, Peak:0.00M | Scene, ViewLayer | Synchronizing object | metal
Fra:1 Mem:14.79M (Peak 14.79M) | Time:00:00.00 | Mem:0.00M, Peak:0.00M | Scene, ViewLayer | Synchronizing object | QA-ground-plane
Fra:1 Mem:14.84M (Peak 14.84M) | Time:00:00.00 | Mem:0.00M, Peak:0.00M | Scene, ViewLayer | Synchronizing object | QA-1m-ruler-tenth.009
Fra:1 Mem:14.84M (Peak 14.84M) | Time:00:00.00 | Mem:0.00M, Peak:0.00M | Scene, ViewLayer | Synchronizing object | QA-1m-ruler-tenth.008
Fra:1 Mem:14.81M (Peak 14.84M) | Time:00:00.00 | Mem:0.00M, Peak:0.00M | Scene, ViewLayer | Synchronizing object | QA-1m-ruler-tenth.007
Fra:1 Mem:14.83M (Peak 14.84M) | Time:00:00.00 | Mem:0.00M, Peak:0.00M | Scene, ViewLayer | Synchronizing object | QA-1m-ruler-tenth.006
Fra:1 Mem:14.84M (Peak 14.84M) | Time:00:00.00 | Mem:0.00M, Peak:0.00M | Scene, ViewLayer | Synchronizing object | QA-1m-ruler-tenth.005
Fra:1 Mem:14.81M (Peak 14.84M) | Time:00:00.00 | Mem:0.00M, Peak:0.00M | Scene, ViewLayer | Synchronizing object | QA-1m-ruler-tenth.004
Fra:1 Mem:14.80M (Peak 14.84M) | Time:00:00.00 | Mem:0.00M, Peak:0.00M | Scene, ViewLayer | Synchronizing object | QA-1m-ruler-tenth.003
Fra:1 Mem:14.80M (Peak 14.84M) | Time:00:00.00 | Mem:0.00M, Peak:0.00M | Scene, ViewLayer | Synchronizing object | QA-1m-ruler-tenth.002
Fra:1 Mem:14.80M (Peak 14.84M) | Time:00:00.00 | Mem:0.00M, Peak:0.00M | Scene, ViewLayer | Synchronizing object | diffuser
Fra:1 Mem:14.80M (Peak 14.84M) | Time:00:00.00 | Mem:0.00M, Peak:0.00M | Scene, ViewLayer | Synchronizing object | QA-1m-ruler-tenth.001
Fra:1 Mem:14.81M (Peak 14.84M) | Time:00:00.00 | Mem:0.00M, Peak:0.00M | Scene, ViewLayer | Synchronizing object | QA-1m-ruler-tenth
Fra:1 Mem:14.83M (Peak 14.84M) | Time:00:00.00 | Mem:0.00M, Peak:0.00M | Scene, ViewLayer | Synchronizing object | Sphere.001
Fra:1 Mem:14.83M (Peak 14.84M) | Time:00:00.00 | Mem:0.00M, Peak:0.00M | Scene, ViewLayer | Synchronizing object | QA-human-arm.003
Fra:1 Mem:14.84M (Peak 14.84M) | Time:00:00.00 | Mem:0.00M, Peak:0.00M | Scene, ViewLayer | Synchronizing object | QA-human-arm.002
Fra:1 Mem:14.82M (Peak 14.84M) | Time:00:00.00 | Mem:0.00M, Peak:0.00M | Scene, ViewLayer | Synchronizing object | QA-human-leg.003
Fra:1 Mem:14.82M (Peak 14.84M) | Time:00:00.00 | Mem:0.00M, Peak:0.00M | Scene, ViewLayer | Synchronizing object | QA-human-torso
Fra:1 Mem:14.82M (Peak 14.84M) | Time:00:00.00 | Mem:0.00M, Peak:0.00M | Scene, ViewLayer | Synchronizing object | QA-human-neck
Fra:1 Mem:14.83M (Peak 14.84M) | Time:00:00.00 | Mem:0.00M, Peak:0.00M | Scene, ViewLayer | Synchronizing object | QA-human-leg
Fra:1 Mem:14.83M (Peak 14.84M) | Time:00:00.00 | Mem:0.00M, Peak:0.00M | Scene, ViewLayer | Synchronizing object | QA-human-leg.002
Fra:1 Mem:14.83M (Peak 14.84M) | Time:00:00.00 | Mem:0.00M, Peak:0.00M | Scene, ViewLayer | Synchronizing object | QA-human-leg.001
Fra:1 Mem:14.83M (Peak 14.84M) | Time:00:00.00 | Mem:0.00M, Peak:0.00M | Scene, ViewLayer | Synchronizing object | QA-human-neck.001
Fra:1 Mem:14.83M (Peak 14.84M) | Time:00:00.00 | Mem:0.00M, Peak:0.00M | Scene, ViewLayer | Synchronizing object | QA-human-arm
Fra:1 Mem:14.83M (Peak 14.84M) | Time:00:00.00 | Mem:0.00M, Peak:0.00M | Scene, ViewLayer | Synchronizing object | QA-human-torso.001
Fra:1 Mem:14.83M (Peak 14.84M) | Time:00:00.00 | Mem:0.00M, Peak:0.00M | Scene, ViewLayer | Synchronizing object | QA-human-arm.001
Fra:1 Mem:14.83M (Peak 14.84M) | Time:00:00.00 | Mem:0.00M, Peak:0.00M | Scene, ViewLayer | Synchronizing object | Sphere
Fra:1 Mem:14.84M (Peak 14.84M) | Time:00:00.00 | Mem:0.00M, Peak:0.00M | Scene, ViewLayer | Initializing
Fra:1 Mem:13.59M (Peak 14.84M) | Time:00:00.00 | Mem:0.00M, Peak:0.00M | Scene, ViewLayer | Waiting for render to start
Fra:1 Mem:13.59M (Peak 14.84M) | Time:00:00.00 | Mem:0.00M, Peak:0.00M | Scene, ViewLayer | Loading render kernels (may take a few minutes the first time)
Fra:1 Mem:13.59M (Peak 14.84M) | Time:00:00.00 | Mem:0.00M, Peak:0.00M | Scene, ViewLayer | Updating Scene
Fra:1 Mem:13.59M (Peak 14.84M) | Time:00:00.00 | Mem:0.00M, Peak:0.00M | Scene, ViewLayer | Updating Shaders
Fra:1 Mem:13.68M (Peak 14.84M) | Time:00:00.00 | Mem:0.01M, Peak:0.01M | Scene, ViewLayer | Updating Procedurals
Fra:1 Mem:13.68M (Peak 14.84M) | Time:00:00.00 | Mem:0.01M, Peak:0.01M | Scene, ViewLayer | Updating Background
Fra:1 Mem:13.68M (Peak 14.84M) | Time:00:00.00 | Mem:0.01M, Peak:0.01M | Scene, ViewLayer | Updating Camera
Fra:1 Mem:13.68M (Peak 14.84M) | Time:00:00.00 | Mem:0.01M, Peak:0.01M | Scene, ViewLayer | Updating Meshes Flags
Fra:1 Mem:13.68M (Peak 14.84M) | Time:00:00.00 | Mem:0.01M, Peak:0.01M | Scene, ViewLayer | Updating Objects
Fra:1 Mem:13.68M (Peak 14.84M) | Time:00:00.00 | Mem:0.01M, Peak:0.01M | Scene, ViewLayer | Updating Objects | Copying Transformations to device
Fra:1 Mem:13.69M (Peak 14.84M) | Time:00:00.00 | Mem:0.01M, Peak:0.01M | Scene, ViewLayer | Updating Objects | Applying Static Transformations
Fra:1 Mem:13.69M (Peak 14.84M) | Time:00:00.00 | Mem:0.01M, Peak:0.01M | Scene, ViewLayer | Updating Particle Systems
Fra:1 Mem:13.69M (Peak 14.84M) | Time:00:00.00 | Mem:0.01M, Peak:0.01M | Scene, ViewLayer | Updating Particle Systems | Copying Particles to device
Fra:1 Mem:13.69M (Peak 14.84M) | Time:00:00.00 | Mem:0.01M, Peak:0.01M | Scene, ViewLayer | Updating Meshes
Fra:1 Mem:13.70M (Peak 14.84M) | Time:00:00.00 | Mem:0.01M, Peak:0.01M | Scene, ViewLayer | Updating Mesh | Computing attributes
Fra:1 Mem:13.72M (Peak 14.84M) | Time:00:00.00 | Mem:0.01M, Peak:0.01M | Scene, ViewLayer | Updating Mesh | Copying Attributes to device
Fra:1 Mem:13.71M (Peak 14.84M) | Time:00:00.00 | Mem:0.03M, Peak:0.03M | Scene, ViewLayer | Updating Scene BVH | Building
Fra:1 Mem:13.71M (Peak 14.84M) | Time:00:00.00 | Mem:0.03M, Peak:0.03M | Scene, ViewLayer | Updating Scene BVH | Building BVH
Fra:1 Mem:13.71M (Peak 14.84M) | Time:00:00.00 | Mem:0.05M, Peak:0.05M | Scene, ViewLayer | Updating Scene BVH | Building BVH 0%
Fra:1 Mem:13.71M (Peak 14.84M) | Time:00:00.00 | Mem:0.08M, Peak:0.10M | Scene, ViewLayer | Updating Scene BVH | Copying BVH to device
Fra:1 Mem:13.71M (Peak 14.84M) | Time:00:00.00 | Mem:0.08M, Peak:0.10M | Scene, ViewLayer | Updating Mesh | Computing normals
Fra:1 Mem:13.76M (Peak 14.84M) | Time:00:00.00 | Mem:0.08M, Peak:0.10M | Scene, ViewLayer | Updating Mesh | Copying Mesh to device
Fra:1 Mem:13.76M (Peak 14.84M) | Time:00:00.00 | Mem:0.13M, Peak:0.13M | Scene, ViewLayer | Updating Objects Flags
Fra:1 Mem:13.76M (Peak 14.84M) | Time:00:00.00 | Mem:0.13M, Peak:0.13M | Scene, ViewLayer | Updating Primitive Offsets
Fra:1 Mem:13.76M (Peak 14.84M) | Time:00:00.00 | Mem:0.13M, Peak:0.13M | Scene, ViewLayer | Updating Images
Fra:1 Mem:13.76M (Peak 14.84M) | Time:00:00.00 | Mem:0.13M, Peak:0.13M | Scene, ViewLayer | Updating Camera Volume
Fra:1 Mem:13.76M (Peak 14.84M) | Time:00:00.00 | Mem:0.13M, Peak:0.13M | Scene, ViewLayer | Updating Lookup Tables
Fra:1 Mem:13.76M (Peak 14.84M) | Time:00:00.00 | Mem:0.21M, Peak:0.21M | Scene, ViewLayer | Updating Lights
Fra:1 Mem:13.76M (Peak 14.84M) | Time:00:00.00 | Mem:0.21M, Peak:0.21M | Scene, ViewLayer | Updating Lights | Computing tree
Fra:1 Mem:13.76M (Peak 14.84M) | Time:00:00.00 | Mem:0.21M, Peak:0.21M | Scene, ViewLayer | Updating Integrator
Fra:1 Mem:13.76M (Peak 14.84M) | Time:00:00.00 | Mem:0.21M, Peak:0.21M | Scene, ViewLayer | Updating Film
Fra:1 Mem:13.77M (Peak 14.84M) | Time:00:00.00 | Mem:0.13M, Peak:0.21M | Scene, ViewLayer | Updating Lookup Tables
Fra:1 Mem:13.77M (Peak 14.84M) | Time:00:00.00 | Mem:0.21M, Peak:0.21M | Scene, ViewLayer | Updating Baking
Fra:1 Mem:13.77M (Peak 14.84M) | Time:00:00.00 | Mem:0.21M, Peak:0.21M | Scene, ViewLayer | Updating Device | Writing constant memory
Fra:1 Mem:13.77M (Peak 14.84M) | Time:00:00.00 | Mem:0.21M, Peak:0.21M | Scene, ViewLayer | Sample 0/16
Fra:1 Mem:16.02M (Peak 16.02M) | Time:00:00.01 | Remaining:00:00.19 | Mem:2.46M, Peak:2.46M | Scene, ViewLayer | Sample 1/16
Fra:1 Mem:17.03M (Peak 19.03M) | Time:00:00.15 | Mem:2.46M, Peak:2.46M | Scene, ViewLayer | Sample 16/16
Fra:1 Mem:17.03M (Peak 19.03M) | Time:00:00.15 | Mem:2.46M, Peak:2.46M | Scene, ViewLayer | Finished
Saved: '/tmp/street-furniture-qa-4q7zi_2_/arterial-lamp-8m.lod0.night.png'
Time: 00:00.16 (Saving: 00:00.00)

RENDERED arterial-lamp-8m
Extensions: writing cache failed ([Errno 30] Read-only file system: '/home/agent/.config/blender').
15:54:40 | INFO: Data are loaded, start creating Blender stuff
15:54:40 | INFO: Blender create Mesh node Cube
15:54:40 | INFO: glTF import finished in 0.00s
Fra:1 Mem:14.61M (Peak 14.61M) | Time:00:00.00 | Mem:0.00M, Peak:0.00M | Scene, ViewLayer | Synchronizing object | metal
Fra:1 Mem:14.88M (Peak 14.88M) | Time:00:00.00 | Mem:0.00M, Peak:0.00M | Scene, ViewLayer | Synchronizing object | QA-ground-plane
Fra:1 Mem:14.90M (Peak 14.90M) | Time:00:00.00 | Mem:0.00M, Peak:0.00M | Scene, ViewLayer | Synchronizing object | QA-1m-ruler-tenth.009
Fra:1 Mem:14.89M (Peak 14.90M) | Time:00:00.00 | Mem:0.00M, Peak:0.00M | Scene, ViewLayer | Synchronizing object | QA-1m-ruler-tenth.008
Fra:1 Mem:14.72M (Peak 14.90M) | Time:00:00.00 | Mem:0.00M, Peak:0.00M | Scene, ViewLayer | Synchronizing object | QA-1m-ruler-tenth.007
Fra:1 Mem:14.73M (Peak 14.90M) | Time:00:00.00 | Mem:0.00M, Peak:0.00M | Scene, ViewLayer | Synchronizing object | QA-1m-ruler-tenth.006
Fra:1 Mem:14.73M (Peak 14.90M) | Time:00:00.00 | Mem:0.00M, Peak:0.00M | Scene, ViewLayer | Synchronizing object | QA-1m-ruler-tenth.005
Fra:1 Mem:14.75M (Peak 14.90M) | Time:00:00.00 | Mem:0.00M, Peak:0.00M | Scene, ViewLayer | Synchronizing object | QA-1m-ruler-tenth.004
Fra:1 Mem:14.75M (Peak 14.90M) | Time:00:00.00 | Mem:0.00M, Peak:0.00M | Scene, ViewLayer | Synchronizing object | QA-1m-ruler-tenth.003
Fra:1 Mem:14.75M (Peak 14.90M) | Time:00:00.00 | Mem:0.00M, Peak:0.00M | Scene, ViewLayer | Synchronizing object | QA-1m-ruler-tenth.002
Fra:1 Mem:14.75M (Peak 14.90M) | Time:00:00.00 | Mem:0.00M, Peak:0.00M | Scene, ViewLayer | Synchronizing object | QA-1m-ruler-tenth.001
Fra:1 Mem:14.77M (Peak 14.90M) | Time:00:00.00 | Mem:0.00M, Peak:0.00M | Scene, ViewLayer | Synchronizing object | QA-1m-ruler-tenth
Fra:1 Mem:14.77M (Peak 14.90M) | Time:00:00.00 | Mem:0.00M, Peak:0.00M | Scene, ViewLayer | Synchronizing object | Sphere.001
Fra:1 Mem:14.86M (Peak 14.90M) | Time:00:00.00 | Mem:0.00M, Peak:0.00M | Scene, ViewLayer | Synchronizing object | QA-human-arm.003
Fra:1 Mem:14.86M (Peak 14.90M) | Time:00:00.00 | Mem:0.00M, Peak:0.00M | Scene, ViewLayer | Synchronizing object | QA-human-arm.002
Fra:1 Mem:14.86M (Peak 14.90M) | Time:00:00.00 | Mem:0.00M, Peak:0.00M | Scene, ViewLayer | Synchronizing object | QA-human-leg.003
Fra:1 Mem:14.86M (Peak 14.90M) | Time:00:00.00 | Mem:0.00M, Peak:0.00M | Scene, ViewLayer | Synchronizing object | QA-human-leg.002
Fra:1 Mem:14.86M (Peak 14.90M) | Time:00:00.00 | Mem:0.00M, Peak:0.00M | Scene, ViewLayer | Synchronizing object | QA-human-neck.001
Fra:1 Mem:14.86M (Peak 14.90M) | Time:00:00.00 | Mem:0.00M, Peak:0.00M | Scene, ViewLayer | Synchronizing object | QA-human-torso.001
Fra:1 Mem:14.86M (Peak 14.90M) | Time:00:00.00 | Mem:0.00M, Peak:0.00M | Scene, ViewLayer | Synchronizing object | Sphere
Fra:1 Mem:14.81M (Peak 14.90M) | Time:00:00.00 | Mem:0.00M, Peak:0.00M | Scene, ViewLayer | Synchronizing object | QA-human-arm.001
Fra:1 Mem:14.84M (Peak 14.90M) | Time:00:00.00 | Mem:0.00M, Peak:0.00M | Scene, ViewLayer | Synchronizing object | QA-human-arm
Fra:1 Mem:14.86M (Peak 14.90M) | Time:00:00.00 | Mem:0.00M, Peak:0.00M | Scene, ViewLayer | Synchronizing object | QA-human-leg.001
Fra:1 Mem:14.87M (Peak 14.90M) | Time:00:00.00 | Mem:0.00M, Peak:0.00M | Scene, ViewLayer | Synchronizing object | QA-human-leg
Fra:1 Mem:14.85M (Peak 14.90M) | Time:00:00.00 | Mem:0.00M, Peak:0.00M | Scene, ViewLayer | Synchronizing object | QA-human-neck
Fra:1 Mem:14.78M (Peak 14.90M) | Time:00:00.00 | Mem:0.00M, Peak:0.00M | Scene, ViewLayer | Synchronizing object | QA-human-torso
Fra:1 Mem:14.76M (Peak 14.90M) | Time:00:00.00 | Mem:0.00M, Peak:0.00M | Scene, ViewLayer | Initializing
Fra:1 Mem:13.58M (Peak 14.90M) | Time:00:00.00 | Mem:0.00M, Peak:0.00M | Scene, ViewLayer | Waiting for render to start
Fra:1 Mem:13.58M (Peak 14.90M) | Time:00:00.00 | Mem:0.00M, Peak:0.00M | Scene, ViewLayer | Loading render kernels (may take a few minutes the first time)
Fra:1 Mem:13.58M (Peak 14.90M) | Time:00:00.00 | Mem:0.00M, Peak:0.00M | Scene, ViewLayer | Updating Scene
Fra:1 Mem:13.58M (Peak 14.90M) | Time:00:00.00 | Mem:0.00M, Peak:0.00M | Scene, ViewLayer | Updating Shaders
Fra:1 Mem:13.67M (Peak 14.90M) | Time:00:00.00 | Mem:0.00M, Peak:0.00M | Scene, ViewLayer | Updating Procedurals
Fra:1 Mem:13.67M (Peak 14.90M) | Time:00:00.00 | Mem:0.00M, Peak:0.00M | Scene, ViewLayer | Updating Background
Fra:1 Mem:13.67M (Peak 14.90M) | Time:00:00.00 | Mem:0.00M, Peak:0.00M | Scene, ViewLayer | Updating Camera
Fra:1 Mem:13.67M (Peak 14.90M) | Time:00:00.00 | Mem:0.00M, Peak:0.00M | Scene, ViewLayer | Updating Meshes Flags
Fra:1 Mem:13.67M (Peak 14.90M) | Time:00:00.00 | Mem:0.00M, Peak:0.00M | Scene, ViewLayer | Updating Objects
Fra:1 Mem:13.67M (Peak 14.90M) | Time:00:00.00 | Mem:0.00M, Peak:0.00M | Scene, ViewLayer | Updating Objects | Copying Transformations to device
Fra:1 Mem:13.67M (Peak 14.90M) | Time:00:00.00 | Mem:0.01M, Peak:0.01M | Scene, ViewLayer | Updating Objects | Applying Static Transformations
Fra:1 Mem:13.67M (Peak 14.90M) | Time:00:00.00 | Mem:0.01M, Peak:0.01M | Scene, ViewLayer | Updating Particle Systems
Fra:1 Mem:13.67M (Peak 14.90M) | Time:00:00.00 | Mem:0.01M, Peak:0.01M | Scene, ViewLayer | Updating Particle Systems | Copying Particles to device
Fra:1 Mem:13.67M (Peak 14.90M) | Time:00:00.00 | Mem:0.01M, Peak:0.01M | Scene, ViewLayer | Updating Meshes
Fra:1 Mem:13.69M (Peak 14.90M) | Time:00:00.00 | Mem:0.01M, Peak:0.01M | Scene, ViewLayer | Updating Mesh | Computing attributes
Fra:1 Mem:13.72M (Peak 14.90M) | Time:00:00.00 | Mem:0.01M, Peak:0.01M | Scene, ViewLayer | Updating Mesh | Copying Attributes to device
Fra:1 Mem:13.71M (Peak 14.90M) | Time:00:00.00 | Mem:0.03M, Peak:0.03M | Scene, ViewLayer | Updating Scene BVH | Building
Fra:1 Mem:13.71M (Peak 14.90M) | Time:00:00.00 | Mem:0.03M, Peak:0.03M | Scene, ViewLayer | Updating Scene BVH | Building BVH
Fra:1 Mem:13.71M (Peak 14.90M) | Time:00:00.00 | Mem:0.11M, Peak:0.14M | Scene, ViewLayer | Updating Scene BVH | Copying BVH to device
Fra:1 Mem:13.71M (Peak 14.90M) | Time:00:00.00 | Mem:0.11M, Peak:0.14M | Scene, ViewLayer | Updating Mesh | Computing normals
Fra:1 Mem:13.79M (Peak 14.90M) | Time:00:00.00 | Mem:0.11M, Peak:0.14M | Scene, ViewLayer | Updating Mesh | Copying Mesh to device
Fra:1 Mem:13.79M (Peak 14.90M) | Time:00:00.00 | Mem:0.19M, Peak:0.19M | Scene, ViewLayer | Updating Objects Flags
Fra:1 Mem:13.79M (Peak 14.90M) | Time:00:00.00 | Mem:0.19M, Peak:0.19M | Scene, ViewLayer | Updating Primitive Offsets
Fra:1 Mem:13.79M (Peak 14.90M) | Time:00:00.00 | Mem:0.19M, Peak:0.19M | Scene, ViewLayer | Updating Images
Fra:1 Mem:13.79M (Peak 14.90M) | Time:00:00.00 | Mem:0.19M, Peak:0.19M | Scene, ViewLayer | Updating Camera Volume
Fra:1 Mem:13.79M (Peak 14.90M) | Time:00:00.00 | Mem:0.19M, Peak:0.19M | Scene, ViewLayer | Updating Lookup Tables
Fra:1 Mem:13.79M (Peak 14.90M) | Time:00:00.00 | Mem:0.27M, Peak:0.27M | Scene, ViewLayer | Updating Lights
Fra:1 Mem:13.79M (Peak 14.90M) | Time:00:00.00 | Mem:0.27M, Peak:0.27M | Scene, ViewLayer | Updating Lights | Computing tree
Fra:1 Mem:13.79M (Peak 14.90M) | Time:00:00.00 | Mem:0.27M, Peak:0.27M | Scene, ViewLayer | Updating Integrator
Fra:1 Mem:13.79M (Peak 14.90M) | Time:00:00.00 | Mem:0.27M, Peak:0.27M | Scene, ViewLayer | Updating Film
Fra:1 Mem:13.80M (Peak 14.90M) | Time:00:00.00 | Mem:0.19M, Peak:0.27M | Scene, ViewLayer | Updating Lookup Tables
Fra:1 Mem:13.80M (Peak 14.90M) | Time:00:00.00 | Mem:0.27M, Peak:0.27M | Scene, ViewLayer | Updating Baking
Fra:1 Mem:13.80M (Peak 14.90M) | Time:00:00.00 | Mem:0.27M, Peak:0.27M | Scene, ViewLayer | Updating Device | Writing constant memory
Fra:1 Mem:13.80M (Peak 14.90M) | Time:00:00.00 | Mem:0.27M, Peak:0.27M | Scene, ViewLayer | Sample 0/16
Fra:1 Mem:16.06M (Peak 16.06M) | Time:00:00.03 | Remaining:00:00.42 | Mem:2.52M, Peak:2.52M | Scene, ViewLayer | Sample 1/16
Fra:1 Mem:17.06M (Peak 19.06M) | Time:00:00.35 | Mem:2.52M, Peak:2.52M | Scene, ViewLayer | Sample 16/16
Fra:1 Mem:17.06M (Peak 19.06M) | Time:00:00.35 | Mem:2.52M, Peak:2.52M | Scene, ViewLayer | Finished
Saved: '/tmp/street-furniture-qa-4q7zi_2_/garbage-bin.lod0.front.png'
Time: 00:00.35 (Saving: 00:00.00)

Extensions: writing cache failed ([Errno 30] Read-only file system: '/home/agent/.config/blender').
15:54:40 | INFO: Data are loaded, start creating Blender stuff
15:54:40 | INFO: Blender create Mesh node Cube
15:54:40 | INFO: glTF import finished in 0.00s
Fra:1 Mem:14.61M (Peak 14.61M) | Time:00:00.00 | Mem:0.00M, Peak:0.00M | Scene, ViewLayer | Synchronizing object | metal
Fra:1 Mem:14.87M (Peak 14.87M) | Time:00:00.00 | Mem:0.00M, Peak:0.00M | Scene, ViewLayer | Synchronizing object | QA-ground-plane
Fra:1 Mem:14.88M (Peak 14.88M) | Time:00:00.00 | Mem:0.00M, Peak:0.00M | Scene, ViewLayer | Synchronizing object | QA-1m-ruler-tenth.009
Fra:1 Mem:14.69M (Peak 14.88M) | Time:00:00.00 | Mem:0.00M, Peak:0.00M | Scene, ViewLayer | Synchronizing object | QA-1m-ruler-tenth.008
Fra:1 Mem:14.72M (Peak 14.88M) | Time:00:00.00 | Mem:0.00M, Peak:0.00M | Scene, ViewLayer | Synchronizing object | QA-1m-ruler-tenth.007
Fra:1 Mem:14.73M (Peak 14.88M) | Time:00:00.00 | Mem:0.00M, Peak:0.00M | Scene, ViewLayer | Synchronizing object | QA-1m-ruler-tenth.006
Fra:1 Mem:14.74M (Peak 14.88M) | Time:00:00.00 | Mem:0.00M, Peak:0.00M | Scene, ViewLayer | Synchronizing object | QA-1m-ruler-tenth.005
Fra:1 Mem:14.75M (Peak 14.88M) | Time:00:00.00 | Mem:0.00M, Peak:0.00M | Scene, ViewLayer | Synchronizing object | QA-1m-ruler-tenth.004
Fra:1 Mem:14.75M (Peak 14.88M) | Time:00:00.00 | Mem:0.00M, Peak:0.00M | Scene, ViewLayer | Synchronizing object | QA-1m-ruler-tenth.003
Fra:1 Mem:14.75M (Peak 14.88M) | Time:00:00.00 | Mem:0.00M, Peak:0.00M | Scene, ViewLayer | Synchronizing object | QA-1m-ruler-tenth.002
Fra:1 Mem:14.75M (Peak 14.88M) | Time:00:00.00 | Mem:0.00M, Peak:0.00M | Scene, ViewLayer | Synchronizing object | QA-1m-ruler-tenth.001
Fra:1 Mem:14.75M (Peak 14.88M) | Time:00:00.00 | Mem:0.00M, Peak:0.00M | Scene, ViewLayer | Synchronizing object | QA-1m-ruler-tenth
Fra:1 Mem:14.77M (Peak 14.88M) | Time:00:00.00 | Mem:0.00M, Peak:0.00M | Scene, ViewLayer | Synchronizing object | Sphere.001
Fra:1 Mem:14.86M (Peak 14.88M) | Time:00:00.00 | Mem:0.00M, Peak:0.00M | Scene, ViewLayer | Synchronizing object | QA-human-arm.003
Fra:1 Mem:14.86M (Peak 14.88M) | Time:00:00.00 | Mem:0.00M, Peak:0.00M | Scene, ViewLayer | Synchronizing object | QA-human-arm.002
Fra:1 Mem:14.86M (Peak 14.88M) | Time:00:00.00 | Mem:0.00M, Peak:0.00M | Scene, ViewLayer | Synchronizing object | QA-human-leg.003
Fra:1 Mem:14.86M (Peak 14.88M) | Time:00:00.00 | Mem:0.00M, Peak:0.00M | Scene, ViewLayer | Synchronizing object | QA-human-leg.002
Fra:1 Mem:14.86M (Peak 14.88M) | Time:00:00.00 | Mem:0.00M, Peak:0.00M | Scene, ViewLayer | Synchronizing object | QA-human-neck.001
Fra:1 Mem:14.86M (Peak 14.88M) | Time:00:00.00 | Mem:0.00M, Peak:0.00M | Scene, ViewLayer | Synchronizing object | QA-human-torso.001
Fra:1 Mem:14.86M (Peak 14.88M) | Time:00:00.00 | Mem:0.00M, Peak:0.00M | Scene, ViewLayer | Synchronizing object | Sphere
Fra:1 Mem:14.81M (Peak 14.88M) | Time:00:00.00 | Mem:0.00M, Peak:0.00M | Scene, ViewLayer | Synchronizing object | QA-human-arm.001
Fra:1 Mem:14.84M (Peak 14.88M) | Time:00:00.00 | Mem:0.00M, Peak:0.00M | Scene, ViewLayer | Synchronizing object | QA-human-arm
Fra:1 Mem:14.86M (Peak 14.88M) | Time:00:00.00 | Mem:0.00M, Peak:0.00M | Scene, ViewLayer | Synchronizing object | QA-human-leg.001
Fra:1 Mem:14.87M (Peak 14.88M) | Time:00:00.00 | Mem:0.00M, Peak:0.00M | Scene, ViewLayer | Synchronizing object | QA-human-leg
Fra:1 Mem:14.78M (Peak 14.88M) | Time:00:00.00 | Mem:0.00M, Peak:0.00M | Scene, ViewLayer | Synchronizing object | QA-human-neck
Fra:1 Mem:14.78M (Peak 14.88M) | Time:00:00.00 | Mem:0.00M, Peak:0.00M | Scene, ViewLayer | Synchronizing object | QA-human-torso
Fra:1 Mem:14.76M (Peak 14.88M) | Time:00:00.00 | Mem:0.00M, Peak:0.00M | Scene, ViewLayer | Initializing
Fra:1 Mem:13.58M (Peak 14.88M) | Time:00:00.00 | Mem:0.00M, Peak:0.00M | Scene, ViewLayer | Waiting for render to start
Fra:1 Mem:13.58M (Peak 14.88M) | Time:00:00.00 | Mem:0.00M, Peak:0.00M | Scene, ViewLayer | Loading render kernels (may take a few minutes the first time)
Fra:1 Mem:13.58M (Peak 14.88M) | Time:00:00.00 | Mem:0.00M, Peak:0.00M | Scene, ViewLayer | Updating Scene
Fra:1 Mem:13.58M (Peak 14.88M) | Time:00:00.00 | Mem:0.00M, Peak:0.00M | Scene, ViewLayer | Updating Shaders
Fra:1 Mem:13.67M (Peak 14.88M) | Time:00:00.00 | Mem:0.00M, Peak:0.00M | Scene, ViewLayer | Updating Procedurals
Fra:1 Mem:13.67M (Peak 14.88M) | Time:00:00.00 | Mem:0.00M, Peak:0.00M | Scene, ViewLayer | Updating Background
Fra:1 Mem:13.67M (Peak 14.88M) | Time:00:00.00 | Mem:0.00M, Peak:0.00M | Scene, ViewLayer | Updating Camera
Fra:1 Mem:13.67M (Peak 14.88M) | Time:00:00.00 | Mem:0.00M, Peak:0.00M | Scene, ViewLayer | Updating Meshes Flags
Fra:1 Mem:13.67M (Peak 14.88M) | Time:00:00.00 | Mem:0.00M, Peak:0.00M | Scene, ViewLayer | Updating Objects
Fra:1 Mem:13.67M (Peak 14.88M) | Time:00:00.00 | Mem:0.00M, Peak:0.00M | Scene, ViewLayer | Updating Objects | Copying Transformations to device
Fra:1 Mem:13.67M (Peak 14.88M) | Time:00:00.00 | Mem:0.01M, Peak:0.01M | Scene, ViewLayer | Updating Objects | Applying Static Transformations
Fra:1 Mem:13.67M (Peak 14.88M) | Time:00:00.00 | Mem:0.01M, Peak:0.01M | Scene, ViewLayer | Updating Particle Systems
Fra:1 Mem:13.67M (Peak 14.88M) | Time:00:00.00 | Mem:0.01M, Peak:0.01M | Scene, ViewLayer | Updating Particle Systems | Copying Particles to device
Fra:1 Mem:13.68M (Peak 14.88M) | Time:00:00.00 | Mem:0.01M, Peak:0.01M | Scene, ViewLayer | Updating Meshes
Fra:1 Mem:13.69M (Peak 14.88M) | Time:00:00.00 | Mem:0.01M, Peak:0.01M | Scene, ViewLayer | Updating Mesh | Computing attributes
Fra:1 Mem:13.72M (Peak 14.88M) | Time:00:00.00 | Mem:0.01M, Peak:0.01M | Scene, ViewLayer | Updating Mesh | Copying Attributes to device
Fra:1 Mem:13.71M (Peak 14.88M) | Time:00:00.00 | Mem:0.03M, Peak:0.03M | Scene, ViewLayer | Updating Scene BVH | Building
Fra:1 Mem:13.71M (Peak 14.88M) | Time:00:00.00 | Mem:0.03M, Peak:0.03M | Scene, ViewLayer | Updating Scene BVH | Building BVH
Fra:1 Mem:13.71M (Peak 14.88M) | Time:00:00.00 | Mem:0.07M, Peak:0.07M | Scene, ViewLayer | Updating Scene BVH | Building BVH 0%
Fra:1 Mem:13.71M (Peak 14.88M) | Time:00:00.00 | Mem:0.11M, Peak:0.14M | Scene, ViewLayer | Updating Scene BVH | Copying BVH to device
Fra:1 Mem:13.71M (Peak 14.88M) | Time:00:00.00 | Mem:0.11M, Peak:0.14M | Scene, ViewLayer | Updating Mesh | Computing normals
Fra:1 Mem:13.79M (Peak 14.88M) | Time:00:00.00 | Mem:0.11M, Peak:0.14M | Scene, ViewLayer | Updating Mesh | Copying Mesh to device
Fra:1 Mem:13.79M (Peak 14.88M) | Time:00:00.00 | Mem:0.19M, Peak:0.19M | Scene, ViewLayer | Updating Objects Flags
Fra:1 Mem:13.79M (Peak 14.88M) | Time:00:00.00 | Mem:0.19M, Peak:0.19M | Scene, ViewLayer | Updating Primitive Offsets
Fra:1 Mem:13.79M (Peak 14.88M) | Time:00:00.00 | Mem:0.19M, Peak:0.19M | Scene, ViewLayer | Updating Images
Fra:1 Mem:13.79M (Peak 14.88M) | Time:00:00.00 | Mem:0.19M, Peak:0.19M | Scene, ViewLayer | Updating Camera Volume
Fra:1 Mem:13.79M (Peak 14.88M) | Time:00:00.00 | Mem:0.19M, Peak:0.19M | Scene, ViewLayer | Updating Lookup Tables
Fra:1 Mem:13.79M (Peak 14.88M) | Time:00:00.00 | Mem:0.27M, Peak:0.27M | Scene, ViewLayer | Updating Lights
Fra:1 Mem:13.79M (Peak 14.88M) | Time:00:00.00 | Mem:0.27M, Peak:0.27M | Scene, ViewLayer | Updating Lights | Computing tree
Fra:1 Mem:13.79M (Peak 14.88M) | Time:00:00.00 | Mem:0.27M, Peak:0.27M | Scene, ViewLayer | Updating Integrator
Fra:1 Mem:13.79M (Peak 14.88M) | Time:00:00.00 | Mem:0.27M, Peak:0.27M | Scene, ViewLayer | Updating Film
Fra:1 Mem:13.80M (Peak 14.88M) | Time:00:00.00 | Mem:0.19M, Peak:0.27M | Scene, ViewLayer | Updating Lookup Tables
Fra:1 Mem:13.80M (Peak 14.88M) | Time:00:00.00 | Mem:0.27M, Peak:0.27M | Scene, ViewLayer | Updating Baking
Fra:1 Mem:13.80M (Peak 14.88M) | Time:00:00.00 | Mem:0.27M, Peak:0.27M | Scene, ViewLayer | Updating Device | Writing constant memory
Fra:1 Mem:13.80M (Peak 14.88M) | Time:00:00.00 | Mem:0.27M, Peak:0.27M | Scene, ViewLayer | Sample 0/16
Fra:1 Mem:16.06M (Peak 16.06M) | Time:00:00.02 | Remaining:00:00.29 | Mem:2.52M, Peak:2.52M | Scene, ViewLayer | Sample 1/16
Fra:1 Mem:17.06M (Peak 19.06M) | Time:00:00.26 | Mem:2.52M, Peak:2.52M | Scene, ViewLayer | Sample 16/16
Fra:1 Mem:17.06M (Peak 19.06M) | Time:00:00.26 | Mem:2.52M, Peak:2.52M | Scene, ViewLayer | Finished
Saved: '/tmp/street-furniture-qa-4q7zi_2_/garbage-bin.lod0.side.png'
Time: 00:00.27 (Saving: 00:00.00)

Extensions: writing cache failed ([Errno 30] Read-only file system: '/home/agent/.config/blender').
15:54:41 | INFO: Data are loaded, start creating Blender stuff
15:54:41 | INFO: Blender create Mesh node Cube
15:54:41 | INFO: glTF import finished in 0.00s
Fra:1 Mem:14.61M (Peak 14.61M) | Time:00:00.00 | Mem:0.00M, Peak:0.00M | Scene, ViewLayer | Synchronizing object | metal
Fra:1 Mem:14.84M (Peak 14.84M) | Time:00:00.00 | Mem:0.00M, Peak:0.00M | Scene, ViewLayer | Synchronizing object | QA-ground-plane
Fra:1 Mem:14.88M (Peak 14.88M) | Time:00:00.00 | Mem:0.00M, Peak:0.00M | Scene, ViewLayer | Synchronizing object | QA-1m-ruler-tenth.009
Fra:1 Mem:14.90M (Peak 14.90M) | Time:00:00.00 | Mem:0.00M, Peak:0.00M | Scene, ViewLayer | Synchronizing object | QA-1m-ruler-tenth.008
Fra:1 Mem:14.89M (Peak 14.90M) | Time:00:00.00 | Mem:0.00M, Peak:0.00M | Scene, ViewLayer | Synchronizing object | QA-1m-ruler-tenth.007
Fra:1 Mem:14.69M (Peak 14.90M) | Time:00:00.00 | Mem:0.00M, Peak:0.00M | Scene, ViewLayer | Synchronizing object | QA-1m-ruler-tenth.006
Fra:1 Mem:14.72M (Peak 14.90M) | Time:00:00.00 | Mem:0.00M, Peak:0.00M | Scene, ViewLayer | Synchronizing object | QA-1m-ruler-tenth.005
Fra:1 Mem:14.73M (Peak 14.90M) | Time:00:00.00 | Mem:0.00M, Peak:0.00M | Scene, ViewLayer | Synchronizing object | QA-1m-ruler-tenth.004
Fra:1 Mem:14.74M (Peak 14.90M) | Time:00:00.00 | Mem:0.00M, Peak:0.00M | Scene, ViewLayer | Synchronizing object | QA-1m-ruler-tenth.003
Fra:1 Mem:14.74M (Peak 14.90M) | Time:00:00.00 | Mem:0.00M, Peak:0.00M | Scene, ViewLayer | Synchronizing object | QA-1m-ruler-tenth.002
Fra:1 Mem:14.75M (Peak 14.90M) | Time:00:00.00 | Mem:0.00M, Peak:0.00M | Scene, ViewLayer | Synchronizing object | QA-1m-ruler-tenth.001
Fra:1 Mem:14.75M (Peak 14.90M) | Time:00:00.00 | Mem:0.00M, Peak:0.00M | Scene, ViewLayer | Synchronizing object | QA-1m-ruler-tenth
Fra:1 Mem:14.75M (Peak 14.90M) | Time:00:00.00 | Mem:0.00M, Peak:0.00M | Scene, ViewLayer | Synchronizing object | Sphere.001
Fra:1 Mem:14.78M (Peak 14.90M) | Time:00:00.00 | Mem:0.00M, Peak:0.00M | Scene, ViewLayer | Synchronizing object | QA-human-arm.003
Fra:1 Mem:14.86M (Peak 14.90M) | Time:00:00.00 | Mem:0.00M, Peak:0.00M | Scene, ViewLayer | Synchronizing object | QA-human-arm.002
Fra:1 Mem:14.86M (Peak 14.90M) | Time:00:00.00 | Mem:0.00M, Peak:0.00M | Scene, ViewLayer | Synchronizing object | QA-human-leg.003
Fra:1 Mem:14.86M (Peak 14.90M) | Time:00:00.00 | Mem:0.00M, Peak:0.00M | Scene, ViewLayer | Synchronizing object | QA-human-leg.002
Fra:1 Mem:14.86M (Peak 14.90M) | Time:00:00.00 | Mem:0.00M, Peak:0.00M | Scene, ViewLayer | Synchronizing object | QA-human-neck.001
Fra:1 Mem:14.86M (Peak 14.90M) | Time:00:00.00 | Mem:0.00M, Peak:0.00M | Scene, ViewLayer | Synchronizing object | QA-human-torso.001
Fra:1 Mem:14.86M (Peak 14.90M) | Time:00:00.00 | Mem:0.00M, Peak:0.00M | Scene, ViewLayer | Synchronizing object | Sphere
Fra:1 Mem:14.87M (Peak 14.90M) | Time:00:00.00 | Mem:0.00M, Peak:0.00M | Scene, ViewLayer | Synchronizing object | QA-human-arm.001
Fra:1 Mem:14.87M (Peak 14.90M) | Time:00:00.00 | Mem:0.00M, Peak:0.00M | Scene, ViewLayer | Synchronizing object | QA-human-arm
Fra:1 Mem:14.87M (Peak 14.90M) | Time:00:00.00 | Mem:0.00M, Peak:0.00M | Scene, ViewLayer | Synchronizing object | QA-human-leg.001
Fra:1 Mem:14.84M (Peak 14.90M) | Time:00:00.00 | Mem:0.00M, Peak:0.00M | Scene, ViewLayer | Synchronizing object | QA-human-leg
Fra:1 Mem:14.86M (Peak 14.90M) | Time:00:00.00 | Mem:0.00M, Peak:0.00M | Scene, ViewLayer | Synchronizing object | QA-human-neck
Fra:1 Mem:14.87M (Peak 14.90M) | Time:00:00.00 | Mem:0.00M, Peak:0.00M | Scene, ViewLayer | Synchronizing object | QA-human-torso
Fra:1 Mem:14.76M (Peak 14.90M) | Time:00:00.00 | Mem:0.00M, Peak:0.00M | Scene, ViewLayer | Initializing
Fra:1 Mem:13.58M (Peak 14.90M) | Time:00:00.00 | Mem:0.00M, Peak:0.00M | Scene, ViewLayer | Waiting for render to start
Fra:1 Mem:13.58M (Peak 14.90M) | Time:00:00.00 | Mem:0.00M, Peak:0.00M | Scene, ViewLayer | Loading render kernels (may take a few minutes the first time)
Fra:1 Mem:13.58M (Peak 14.90M) | Time:00:00.00 | Mem:0.00M, Peak:0.00M | Scene, ViewLayer | Updating Scene
Fra:1 Mem:13.58M (Peak 14.90M) | Time:00:00.00 | Mem:0.00M, Peak:0.00M | Scene, ViewLayer | Updating Shaders
Fra:1 Mem:13.67M (Peak 14.90M) | Time:00:00.00 | Mem:0.00M, Peak:0.00M | Scene, ViewLayer | Updating Procedurals
Fra:1 Mem:13.67M (Peak 14.90M) | Time:00:00.00 | Mem:0.00M, Peak:0.00M | Scene, ViewLayer | Updating Background
Fra:1 Mem:13.67M (Peak 14.90M) | Time:00:00.00 | Mem:0.00M, Peak:0.00M | Scene, ViewLayer | Updating Camera
Fra:1 Mem:13.67M (Peak 14.90M) | Time:00:00.00 | Mem:0.00M, Peak:0.00M | Scene, ViewLayer | Updating Meshes Flags
Fra:1 Mem:13.67M (Peak 14.90M) | Time:00:00.00 | Mem:0.00M, Peak:0.00M | Scene, ViewLayer | Updating Objects
Fra:1 Mem:13.67M (Peak 14.90M) | Time:00:00.00 | Mem:0.00M, Peak:0.00M | Scene, ViewLayer | Updating Objects | Copying Transformations to device
Fra:1 Mem:13.68M (Peak 14.90M) | Time:00:00.00 | Mem:0.01M, Peak:0.01M | Scene, ViewLayer | Updating Objects | Applying Static Transformations
Fra:1 Mem:13.68M (Peak 14.90M) | Time:00:00.00 | Mem:0.01M, Peak:0.01M | Scene, ViewLayer | Updating Particle Systems
Fra:1 Mem:13.68M (Peak 14.90M) | Time:00:00.00 | Mem:0.01M, Peak:0.01M | Scene, ViewLayer | Updating Particle Systems | Copying Particles to device
Fra:1 Mem:13.68M (Peak 14.90M) | Time:00:00.00 | Mem:0.01M, Peak:0.01M | Scene, ViewLayer | Updating Meshes
Fra:1 Mem:13.69M (Peak 14.90M) | Time:00:00.00 | Mem:0.01M, Peak:0.01M | Scene, ViewLayer | Updating Mesh | Computing attributes
Fra:1 Mem:13.72M (Peak 14.90M) | Time:00:00.00 | Mem:0.01M, Peak:0.01M | Scene, ViewLayer | Updating Mesh | Copying Attributes to device
Fra:1 Mem:13.71M (Peak 14.90M) | Time:00:00.00 | Mem:0.03M, Peak:0.03M | Scene, ViewLayer | Updating Scene BVH | Building
Fra:1 Mem:13.71M (Peak 14.90M) | Time:00:00.00 | Mem:0.03M, Peak:0.03M | Scene, ViewLayer | Updating Scene BVH | Building BVH
Fra:1 Mem:13.71M (Peak 14.90M) | Time:00:00.00 | Mem:0.07M, Peak:0.07M | Scene, ViewLayer | Updating Scene BVH | Building BVH 0%
Fra:1 Mem:13.71M (Peak 14.90M) | Time:00:00.00 | Mem:0.11M, Peak:0.14M | Scene, ViewLayer | Updating Scene BVH | Copying BVH to device
Fra:1 Mem:13.71M (Peak 14.90M) | Time:00:00.00 | Mem:0.11M, Peak:0.14M | Scene, ViewLayer | Updating Mesh | Computing normals
Fra:1 Mem:13.79M (Peak 14.90M) | Time:00:00.00 | Mem:0.11M, Peak:0.14M | Scene, ViewLayer | Updating Mesh | Copying Mesh to device
Fra:1 Mem:13.79M (Peak 14.90M) | Time:00:00.00 | Mem:0.19M, Peak:0.19M | Scene, ViewLayer | Updating Objects Flags
Fra:1 Mem:13.79M (Peak 14.90M) | Time:00:00.00 | Mem:0.19M, Peak:0.19M | Scene, ViewLayer | Updating Primitive Offsets
Fra:1 Mem:13.79M (Peak 14.90M) | Time:00:00.00 | Mem:0.19M, Peak:0.19M | Scene, ViewLayer | Updating Images
Fra:1 Mem:13.79M (Peak 14.90M) | Time:00:00.00 | Mem:0.19M, Peak:0.19M | Scene, ViewLayer | Updating Camera Volume
Fra:1 Mem:13.79M (Peak 14.90M) | Time:00:00.00 | Mem:0.19M, Peak:0.19M | Scene, ViewLayer | Updating Lookup Tables
Fra:1 Mem:13.79M (Peak 14.90M) | Time:00:00.00 | Mem:0.27M, Peak:0.27M | Scene, ViewLayer | Updating Lights
Fra:1 Mem:13.79M (Peak 14.90M) | Time:00:00.00 | Mem:0.27M, Peak:0.27M | Scene, ViewLayer | Updating Lights | Computing tree
Fra:1 Mem:13.79M (Peak 14.90M) | Time:00:00.00 | Mem:0.27M, Peak:0.27M | Scene, ViewLayer | Updating Integrator
Fra:1 Mem:13.79M (Peak 14.90M) | Time:00:00.00 | Mem:0.27M, Peak:0.27M | Scene, ViewLayer | Updating Film
Fra:1 Mem:13.80M (Peak 14.90M) | Time:00:00.00 | Mem:0.19M, Peak:0.27M | Scene, ViewLayer | Updating Lookup Tables
Fra:1 Mem:13.80M (Peak 14.90M) | Time:00:00.00 | Mem:0.27M, Peak:0.27M | Scene, ViewLayer | Updating Baking
Fra:1 Mem:13.80M (Peak 14.90M) | Time:00:00.00 | Mem:0.27M, Peak:0.27M | Scene, ViewLayer | Updating Device | Writing constant memory
Fra:1 Mem:13.80M (Peak 14.90M) | Time:00:00.00 | Mem:0.27M, Peak:0.27M | Scene, ViewLayer | Sample 0/16
Fra:1 Mem:16.06M (Peak 16.06M) | Time:00:00.03 | Remaining:00:00.40 | Mem:2.52M, Peak:2.52M | Scene, ViewLayer | Sample 1/16
Fra:1 Mem:17.06M (Peak 19.06M) | Time:00:00.29 | Mem:2.52M, Peak:2.52M | Scene, ViewLayer | Sample 16/16
Fra:1 Mem:17.06M (Peak 19.06M) | Time:00:00.29 | Mem:2.52M, Peak:2.52M | Scene, ViewLayer | Finished
Saved: '/tmp/street-furniture-qa-4q7zi_2_/garbage-bin.lod0.rear.png'
Time: 00:00.30 (Saving: 00:00.00)

Extensions: writing cache failed ([Errno 30] Read-only file system: '/home/agent/.config/blender').
15:54:41 | INFO: Data are loaded, start creating Blender stuff
15:54:41 | INFO: Blender create Mesh node Cube
15:54:41 | INFO: glTF import finished in 0.00s
Fra:1 Mem:14.61M (Peak 14.61M) | Time:00:00.00 | Mem:0.00M, Peak:0.00M | Scene, ViewLayer | Synchronizing object | metal
Fra:1 Mem:14.88M (Peak 14.88M) | Time:00:00.00 | Mem:0.00M, Peak:0.00M | Scene, ViewLayer | Synchronizing object | QA-ground-plane
Fra:1 Mem:14.90M (Peak 14.90M) | Time:00:00.00 | Mem:0.00M, Peak:0.00M | Scene, ViewLayer | Synchronizing object | QA-1m-ruler-tenth.009
Fra:1 Mem:14.69M (Peak 14.90M) | Time:00:00.00 | Mem:0.00M, Peak:0.00M | Scene, ViewLayer | Synchronizing object | QA-1m-ruler-tenth.008
Fra:1 Mem:14.71M (Peak 14.90M) | Time:00:00.00 | Mem:0.00M, Peak:0.00M | Scene, ViewLayer | Synchronizing object | QA-1m-ruler-tenth.007
Fra:1 Mem:14.72M (Peak 14.90M) | Time:00:00.00 | Mem:0.00M, Peak:0.00M | Scene, ViewLayer | Synchronizing object | QA-1m-ruler-tenth.006
Fra:1 Mem:14.74M (Peak 14.90M) | Time:00:00.00 | Mem:0.00M, Peak:0.00M | Scene, ViewLayer | Synchronizing object | QA-1m-ruler-tenth.005
Fra:1 Mem:14.74M (Peak 14.90M) | Time:00:00.00 | Mem:0.00M, Peak:0.00M | Scene, ViewLayer | Synchronizing object | QA-1m-ruler-tenth.004
Fra:1 Mem:14.75M (Peak 14.90M) | Time:00:00.00 | Mem:0.00M, Peak:0.00M | Scene, ViewLayer | Synchronizing object | QA-1m-ruler-tenth.003
Fra:1 Mem:14.75M (Peak 14.90M) | Time:00:00.00 | Mem:0.00M, Peak:0.00M | Scene, ViewLayer | Synchronizing object | QA-1m-ruler-tenth.002
Fra:1 Mem:14.75M (Peak 14.90M) | Time:00:00.00 | Mem:0.00M, Peak:0.00M | Scene, ViewLayer | Synchronizing object | QA-1m-ruler-tenth.001
Fra:1 Mem:14.75M (Peak 14.90M) | Time:00:00.00 | Mem:0.00M, Peak:0.00M | Scene, ViewLayer | Synchronizing object | QA-1m-ruler-tenth
Fra:1 Mem:14.77M (Peak 14.90M) | Time:00:00.00 | Mem:0.00M, Peak:0.00M | Scene, ViewLayer | Synchronizing object | Sphere.001
Fra:1 Mem:14.86M (Peak 14.90M) | Time:00:00.00 | Mem:0.00M, Peak:0.00M | Scene, ViewLayer | Synchronizing object | QA-human-arm.003
Fra:1 Mem:14.86M (Peak 14.90M) | Time:00:00.00 | Mem:0.00M, Peak:0.00M | Scene, ViewLayer | Synchronizing object | QA-human-arm.002
Fra:1 Mem:14.86M (Peak 14.90M) | Time:00:00.00 | Mem:0.00M, Peak:0.00M | Scene, ViewLayer | Synchronizing object | QA-human-leg.003
Fra:1 Mem:14.86M (Peak 14.90M) | Time:00:00.00 | Mem:0.00M, Peak:0.00M | Scene, ViewLayer | Synchronizing object | QA-human-leg.002
Fra:1 Mem:14.86M (Peak 14.90M) | Time:00:00.00 | Mem:0.00M, Peak:0.00M | Scene, ViewLayer | Synchronizing object | QA-human-neck.001
Fra:1 Mem:14.86M (Peak 14.90M) | Time:00:00.00 | Mem:0.00M, Peak:0.00M | Scene, ViewLayer | Synchronizing object | QA-human-torso.001
Fra:1 Mem:14.86M (Peak 14.90M) | Time:00:00.00 | Mem:0.00M, Peak:0.00M | Scene, ViewLayer | Synchronizing object | Sphere
Fra:1 Mem:14.87M (Peak 14.90M) | Time:00:00.00 | Mem:0.00M, Peak:0.00M | Scene, ViewLayer | Synchronizing object | QA-human-arm.001
Fra:1 Mem:14.81M (Peak 14.90M) | Time:00:00.00 | Mem:0.00M, Peak:0.00M | Scene, ViewLayer | Synchronizing object | QA-human-arm
Fra:1 Mem:14.84M (Peak 14.90M) | Time:00:00.00 | Mem:0.00M, Peak:0.00M | Scene, ViewLayer | Synchronizing object | QA-human-leg.001
Fra:1 Mem:14.86M (Peak 14.90M) | Time:00:00.00 | Mem:0.00M, Peak:0.00M | Scene, ViewLayer | Synchronizing object | QA-human-leg
Fra:1 Mem:14.87M (Peak 14.90M) | Time:00:00.00 | Mem:0.00M, Peak:0.00M | Scene, ViewLayer | Synchronizing object | QA-human-neck
Fra:1 Mem:14.82M (Peak 14.90M) | Time:00:00.00 | Mem:0.00M, Peak:0.00M | Scene, ViewLayer | Synchronizing object | QA-human-torso
Fra:1 Mem:14.76M (Peak 14.90M) | Time:00:00.00 | Mem:0.00M, Peak:0.00M | Scene, ViewLayer | Initializing
Fra:1 Mem:13.58M (Peak 14.90M) | Time:00:00.00 | Mem:0.00M, Peak:0.00M | Scene, ViewLayer | Waiting for render to start
Fra:1 Mem:13.58M (Peak 14.90M) | Time:00:00.00 | Mem:0.00M, Peak:0.00M | Scene, ViewLayer | Loading render kernels (may take a few minutes the first time)
Fra:1 Mem:13.58M (Peak 14.90M) | Time:00:00.00 | Mem:0.00M, Peak:0.00M | Scene, ViewLayer | Updating Scene
Fra:1 Mem:13.58M (Peak 14.90M) | Time:00:00.00 | Mem:0.00M, Peak:0.00M | Scene, ViewLayer | Updating Shaders
Fra:1 Mem:13.67M (Peak 14.90M) | Time:00:00.00 | Mem:0.00M, Peak:0.00M | Scene, ViewLayer | Updating Procedurals
Fra:1 Mem:13.67M (Peak 14.90M) | Time:00:00.00 | Mem:0.00M, Peak:0.00M | Scene, ViewLayer | Updating Background
Fra:1 Mem:13.67M (Peak 14.90M) | Time:00:00.00 | Mem:0.00M, Peak:0.00M | Scene, ViewLayer | Updating Camera
Fra:1 Mem:13.67M (Peak 14.90M) | Time:00:00.00 | Mem:0.00M, Peak:0.00M | Scene, ViewLayer | Updating Meshes Flags
Fra:1 Mem:13.67M (Peak 14.90M) | Time:00:00.00 | Mem:0.00M, Peak:0.00M | Scene, ViewLayer | Updating Objects
Fra:1 Mem:13.67M (Peak 14.90M) | Time:00:00.00 | Mem:0.00M, Peak:0.00M | Scene, ViewLayer | Updating Objects | Copying Transformations to device
Fra:1 Mem:13.68M (Peak 14.90M) | Time:00:00.00 | Mem:0.01M, Peak:0.01M | Scene, ViewLayer | Updating Objects | Applying Static Transformations
Fra:1 Mem:13.68M (Peak 14.90M) | Time:00:00.00 | Mem:0.01M, Peak:0.01M | Scene, ViewLayer | Updating Particle Systems
Fra:1 Mem:13.68M (Peak 14.90M) | Time:00:00.00 | Mem:0.01M, Peak:0.01M | Scene, ViewLayer | Updating Particle Systems | Copying Particles to device
Fra:1 Mem:13.68M (Peak 14.90M) | Time:00:00.00 | Mem:0.01M, Peak:0.01M | Scene, ViewLayer | Updating Meshes
Fra:1 Mem:13.69M (Peak 14.90M) | Time:00:00.00 | Mem:0.01M, Peak:0.01M | Scene, ViewLayer | Updating Mesh | Computing attributes
Fra:1 Mem:13.72M (Peak 14.90M) | Time:00:00.00 | Mem:0.01M, Peak:0.01M | Scene, ViewLayer | Updating Mesh | Copying Attributes to device
Fra:1 Mem:13.71M (Peak 14.90M) | Time:00:00.00 | Mem:0.03M, Peak:0.03M | Scene, ViewLayer | Updating Scene BVH | Building
Fra:1 Mem:13.71M (Peak 14.90M) | Time:00:00.00 | Mem:0.03M, Peak:0.03M | Scene, ViewLayer | Updating Scene BVH | Building BVH
Fra:1 Mem:13.71M (Peak 14.90M) | Time:00:00.00 | Mem:0.07M, Peak:0.07M | Scene, ViewLayer | Updating Scene BVH | Building BVH 0%
Fra:1 Mem:13.71M (Peak 14.90M) | Time:00:00.00 | Mem:0.11M, Peak:0.14M | Scene, ViewLayer | Updating Scene BVH | Copying BVH to device
Fra:1 Mem:13.71M (Peak 14.90M) | Time:00:00.00 | Mem:0.11M, Peak:0.14M | Scene, ViewLayer | Updating Mesh | Computing normals
Fra:1 Mem:13.79M (Peak 14.90M) | Time:00:00.00 | Mem:0.11M, Peak:0.14M | Scene, ViewLayer | Updating Mesh | Copying Mesh to device
Fra:1 Mem:13.79M (Peak 14.90M) | Time:00:00.00 | Mem:0.19M, Peak:0.19M | Scene, ViewLayer | Updating Objects Flags
Fra:1 Mem:13.79M (Peak 14.90M) | Time:00:00.00 | Mem:0.19M, Peak:0.19M | Scene, ViewLayer | Updating Primitive Offsets
Fra:1 Mem:13.79M (Peak 14.90M) | Time:00:00.00 | Mem:0.19M, Peak:0.19M | Scene, ViewLayer | Updating Images
Fra:1 Mem:13.79M (Peak 14.90M) | Time:00:00.00 | Mem:0.19M, Peak:0.19M | Scene, ViewLayer | Updating Camera Volume
Fra:1 Mem:13.79M (Peak 14.90M) | Time:00:00.00 | Mem:0.19M, Peak:0.19M | Scene, ViewLayer | Updating Lookup Tables
Fra:1 Mem:13.79M (Peak 14.90M) | Time:00:00.00 | Mem:0.27M, Peak:0.27M | Scene, ViewLayer | Updating Lights
Fra:1 Mem:13.79M (Peak 14.90M) | Time:00:00.00 | Mem:0.27M, Peak:0.27M | Scene, ViewLayer | Updating Lights | Computing tree
Fra:1 Mem:13.79M (Peak 14.90M) | Time:00:00.00 | Mem:0.27M, Peak:0.27M | Scene, ViewLayer | Updating Integrator
Fra:1 Mem:13.79M (Peak 14.90M) | Time:00:00.00 | Mem:0.27M, Peak:0.27M | Scene, ViewLayer | Updating Film
Fra:1 Mem:13.80M (Peak 14.90M) | Time:00:00.00 | Mem:0.19M, Peak:0.27M | Scene, ViewLayer | Updating Lookup Tables
Fra:1 Mem:13.80M (Peak 14.90M) | Time:00:00.00 | Mem:0.27M, Peak:0.27M | Scene, ViewLayer | Updating Baking
Fra:1 Mem:13.80M (Peak 14.90M) | Time:00:00.00 | Mem:0.27M, Peak:0.27M | Scene, ViewLayer | Updating Device | Writing constant memory
Fra:1 Mem:13.80M (Peak 14.90M) | Time:00:00.00 | Mem:0.27M, Peak:0.27M | Scene, ViewLayer | Sample 0/16
Fra:1 Mem:16.06M (Peak 16.06M) | Time:00:00.06 | Remaining:00:00.87 | Mem:2.52M, Peak:2.52M | Scene, ViewLayer | Sample 1/16
Fra:1 Mem:17.06M (Peak 19.06M) | Time:00:00.89 | Mem:2.52M, Peak:2.52M | Scene, ViewLayer | Sample 16/16
Fra:1 Mem:17.06M (Peak 19.06M) | Time:00:00.89 | Mem:2.52M, Peak:2.52M | Scene, ViewLayer | Finished
Saved: '/tmp/street-furniture-qa-4q7zi_2_/garbage-bin.lod0.top.png'
Time: 00:00.90 (Saving: 00:00.01)

Extensions: writing cache failed ([Errno 30] Read-only file system: '/home/agent/.config/blender').
15:54:42 | INFO: Data are loaded, start creating Blender stuff
15:54:42 | INFO: Blender create Mesh node Cube
15:54:42 | INFO: glTF import finished in 0.00s
Fra:1 Mem:14.53M (Peak 14.53M) | Time:00:00.00 | Mem:0.00M, Peak:0.00M | Scene, ViewLayer | Synchronizing object | metal
Fra:1 Mem:14.58M (Peak 14.58M) | Time:00:00.00 | Mem:0.00M, Peak:0.00M | Scene, ViewLayer | Synchronizing object | QA-ground-plane
Fra:1 Mem:14.55M (Peak 14.58M) | Time:00:00.00 | Mem:0.00M, Peak:0.00M | Scene, ViewLayer | Synchronizing object | QA-1m-ruler-tenth.009
Fra:1 Mem:14.55M (Peak 14.58M) | Time:00:00.00 | Mem:0.00M, Peak:0.00M | Scene, ViewLayer | Synchronizing object | QA-human-torso
Fra:1 Mem:14.56M (Peak 14.58M) | Time:00:00.00 | Mem:0.00M, Peak:0.00M | Scene, ViewLayer | Synchronizing object | QA-1m-ruler-tenth.008
Fra:1 Mem:14.56M (Peak 14.58M) | Time:00:00.00 | Mem:0.00M, Peak:0.00M | Scene, ViewLayer | Synchronizing object | QA-human-neck
Fra:1 Mem:14.56M (Peak 14.58M) | Time:00:00.00 | Mem:0.00M, Peak:0.00M | Scene, ViewLayer | Synchronizing object | QA-1m-ruler-tenth.007
Fra:1 Mem:14.56M (Peak 14.58M) | Time:00:00.00 | Mem:0.00M, Peak:0.00M | Scene, ViewLayer | Synchronizing object | QA-human-leg
Fra:1 Mem:14.56M (Peak 14.58M) | Time:00:00.00 | Mem:0.00M, Peak:0.00M | Scene, ViewLayer | Synchronizing object | QA-1m-ruler-tenth.006
Fra:1 Mem:14.56M (Peak 14.58M) | Time:00:00.00 | Mem:0.00M, Peak:0.00M | Scene, ViewLayer | Synchronizing object | QA-human-leg.001
Fra:1 Mem:14.56M (Peak 14.58M) | Time:00:00.00 | Mem:0.00M, Peak:0.00M | Scene, ViewLayer | Synchronizing object | QA-1m-ruler-tenth.005
Fra:1 Mem:14.56M (Peak 14.58M) | Time:00:00.00 | Mem:0.00M, Peak:0.00M | Scene, ViewLayer | Synchronizing object | QA-human-arm
Fra:1 Mem:14.56M (Peak 14.58M) | Time:00:00.00 | Mem:0.00M, Peak:0.00M | Scene, ViewLayer | Synchronizing object | QA-1m-ruler-tenth.004
Fra:1 Mem:14.56M (Peak 14.58M) | Time:00:00.00 | Mem:0.00M, Peak:0.00M | Scene, ViewLayer | Synchronizing object | QA-human-arm.001
Fra:1 Mem:14.57M (Peak 14.58M) | Time:00:00.00 | Mem:0.00M, Peak:0.00M | Scene, ViewLayer | Synchronizing object | QA-1m-ruler-tenth.003
Fra:1 Mem:14.57M (Peak 14.58M) | Time:00:00.00 | Mem:0.00M, Peak:0.00M | Scene, ViewLayer | Synchronizing object | Sphere
Fra:1 Mem:14.57M (Peak 14.58M) | Time:00:00.00 | Mem:0.00M, Peak:0.00M | Scene, ViewLayer | Synchronizing object | QA-1m-ruler-tenth.002
Fra:1 Mem:14.58M (Peak 14.58M) | Time:00:00.00 | Mem:0.00M, Peak:0.00M | Scene, ViewLayer | Synchronizing object | QA-1m-ruler-tenth.001
Fra:1 Mem:14.58M (Peak 14.58M) | Time:00:00.00 | Mem:0.00M, Peak:0.00M | Scene, ViewLayer | Synchronizing object | QA-1m-ruler-tenth
Fra:1 Mem:14.58M (Peak 14.58M) | Time:00:00.00 | Mem:0.00M, Peak:0.00M | Scene, ViewLayer | Synchronizing object | QA-human-torso.001
Fra:1 Mem:14.58M (Peak 14.58M) | Time:00:00.00 | Mem:0.00M, Peak:0.00M | Scene, ViewLayer | Synchronizing object | Sphere.001
Fra:1 Mem:14.58M (Peak 14.58M) | Time:00:00.00 | Mem:0.00M, Peak:0.00M | Scene, ViewLayer | Synchronizing object | QA-human-neck.001
Fra:1 Mem:14.59M (Peak 14.59M) | Time:00:00.00 | Mem:0.00M, Peak:0.00M | Scene, ViewLayer | Synchronizing object | QA-human-leg.002
Fra:1 Mem:14.59M (Peak 14.59M) | Time:00:00.00 | Mem:0.00M, Peak:0.00M | Scene, ViewLayer | Synchronizing object | QA-human-arm.003
Fra:1 Mem:14.59M (Peak 14.59M) | Time:00:00.00 | Mem:0.00M, Peak:0.00M | Scene, ViewLayer | Synchronizing object | QA-human-leg.003
Fra:1 Mem:14.59M (Peak 14.59M) | Time:00:00.00 | Mem:0.00M, Peak:0.00M | Scene, ViewLayer | Synchronizing object | QA-human-arm.002
Fra:1 Mem:14.60M (Peak 14.60M) | Time:00:00.00 | Mem:0.00M, Peak:0.00M | Scene, ViewLayer | Initializing
Fra:1 Mem:13.42M (Peak 14.60M) | Time:00:00.00 | Mem:0.00M, Peak:0.00M | Scene, ViewLayer | Waiting for render to start
Fra:1 Mem:13.42M (Peak 14.60M) | Time:00:00.00 | Mem:0.00M, Peak:0.00M | Scene, ViewLayer | Loading render kernels (may take a few minutes the first time)
Fra:1 Mem:13.42M (Peak 14.60M) | Time:00:00.00 | Mem:0.00M, Peak:0.00M | Scene, ViewLayer | Updating Scene
Fra:1 Mem:13.42M (Peak 14.60M) | Time:00:00.00 | Mem:0.00M, Peak:0.00M | Scene, ViewLayer | Updating Shaders
Fra:1 Mem:13.51M (Peak 14.60M) | Time:00:00.00 | Mem:0.00M, Peak:0.00M | Scene, ViewLayer | Updating Procedurals
Fra:1 Mem:13.51M (Peak 14.60M) | Time:00:00.00 | Mem:0.00M, Peak:0.00M | Scene, ViewLayer | Updating Background
Fra:1 Mem:13.51M (Peak 14.60M) | Time:00:00.00 | Mem:0.00M, Peak:0.00M | Scene, ViewLayer | Updating Camera
Fra:1 Mem:13.51M (Peak 14.60M) | Time:00:00.00 | Mem:0.00M, Peak:0.00M | Scene, ViewLayer | Updating Meshes Flags
Fra:1 Mem:13.51M (Peak 14.60M) | Time:00:00.00 | Mem:0.00M, Peak:0.00M | Scene, ViewLayer | Updating Objects
Fra:1 Mem:13.51M (Peak 14.60M) | Time:00:00.00 | Mem:0.00M, Peak:0.00M | Scene, ViewLayer | Updating Objects | Copying Transformations to device
Fra:1 Mem:13.51M (Peak 14.60M) | Time:00:00.00 | Mem:0.01M, Peak:0.01M | Scene, ViewLayer | Updating Objects | Applying Static Transformations
Fra:1 Mem:13.51M (Peak 14.60M) | Time:00:00.00 | Mem:0.01M, Peak:0.01M | Scene, ViewLayer | Updating Particle Systems
Fra:1 Mem:13.51M (Peak 14.60M) | Time:00:00.00 | Mem:0.01M, Peak:0.01M | Scene, ViewLayer | Updating Particle Systems | Copying Particles to device
Fra:1 Mem:13.51M (Peak 14.60M) | Time:00:00.00 | Mem:0.01M, Peak:0.01M | Scene, ViewLayer | Updating Meshes
Fra:1 Mem:13.52M (Peak 14.60M) | Time:00:00.00 | Mem:0.01M, Peak:0.01M | Scene, ViewLayer | Updating Mesh | Computing attributes
Fra:1 Mem:13.53M (Peak 14.60M) | Time:00:00.00 | Mem:0.01M, Peak:0.01M | Scene, ViewLayer | Updating Mesh | Copying Attributes to device
Fra:1 Mem:13.53M (Peak 14.60M) | Time:00:00.00 | Mem:0.02M, Peak:0.02M | Scene, ViewLayer | Updating Scene BVH | Building
Fra:1 Mem:13.53M (Peak 14.60M) | Time:00:00.00 | Mem:0.02M, Peak:0.02M | Scene, ViewLayer | Updating Scene BVH | Building BVH
Fra:1 Mem:13.53M (Peak 14.60M) | Time:00:00.00 | Mem:0.04M, Peak:0.04M | Scene, ViewLayer | Updating Scene BVH | Building BVH 0%
Fra:1 Mem:13.53M (Peak 14.60M) | Time:00:00.00 | Mem:0.06M, Peak:0.08M | Scene, ViewLayer | Updating Scene BVH | Copying BVH to device
Fra:1 Mem:13.53M (Peak 14.60M) | Time:00:00.00 | Mem:0.06M, Peak:0.08M | Scene, ViewLayer | Updating Mesh | Computing normals
Fra:1 Mem:13.56M (Peak 14.60M) | Time:00:00.00 | Mem:0.06M, Peak:0.08M | Scene, ViewLayer | Updating Mesh | Copying Mesh to device
Fra:1 Mem:13.56M (Peak 14.60M) | Time:00:00.00 | Mem:0.09M, Peak:0.09M | Scene, ViewLayer | Updating Objects Flags
Fra:1 Mem:13.56M (Peak 14.60M) | Time:00:00.00 | Mem:0.09M, Peak:0.09M | Scene, ViewLayer | Updating Primitive Offsets
Fra:1 Mem:13.56M (Peak 14.60M) | Time:00:00.00 | Mem:0.09M, Peak:0.09M | Scene, ViewLayer | Updating Images
Fra:1 Mem:13.56M (Peak 14.60M) | Time:00:00.00 | Mem:0.09M, Peak:0.09M | Scene, ViewLayer | Updating Camera Volume
Fra:1 Mem:13.56M (Peak 14.60M) | Time:00:00.00 | Mem:0.09M, Peak:0.09M | Scene, ViewLayer | Updating Lookup Tables
Fra:1 Mem:13.56M (Peak 14.60M) | Time:00:00.00 | Mem:0.17M, Peak:0.17M | Scene, ViewLayer | Updating Lights
Fra:1 Mem:13.56M (Peak 14.60M) | Time:00:00.00 | Mem:0.17M, Peak:0.17M | Scene, ViewLayer | Updating Lights | Computing tree
Fra:1 Mem:13.56M (Peak 14.60M) | Time:00:00.00 | Mem:0.18M, Peak:0.18M | Scene, ViewLayer | Updating Integrator
Fra:1 Mem:13.56M (Peak 14.60M) | Time:00:00.00 | Mem:0.18M, Peak:0.18M | Scene, ViewLayer | Updating Film
Fra:1 Mem:13.56M (Peak 14.60M) | Time:00:00.00 | Mem:0.09M, Peak:0.18M | Scene, ViewLayer | Updating Lookup Tables
Fra:1 Mem:13.56M (Peak 14.60M) | Time:00:00.00 | Mem:0.18M, Peak:0.18M | Scene, ViewLayer | Updating Baking
Fra:1 Mem:13.56M (Peak 14.60M) | Time:00:00.00 | Mem:0.18M, Peak:0.18M | Scene, ViewLayer | Updating Device | Writing constant memory
Fra:1 Mem:13.57M (Peak 14.60M) | Time:00:00.00 | Mem:0.18M, Peak:0.18M | Scene, ViewLayer | Sample 0/16
Fra:1 Mem:15.82M (Peak 15.82M) | Time:00:00.02 | Remaining:00:00.38 | Mem:2.43M, Peak:2.43M | Scene, ViewLayer | Sample 1/16
Fra:1 Mem:16.82M (Peak 18.83M) | Time:00:00.34 | Mem:2.43M, Peak:2.43M | Scene, ViewLayer | Sample 16/16
Fra:1 Mem:16.82M (Peak 18.83M) | Time:00:00.34 | Mem:2.43M, Peak:2.43M | Scene, ViewLayer | Finished
Saved: '/tmp/street-furniture-qa-4q7zi_2_/garbage-bin.lod1.front.png'
Time: 00:00.35 (Saving: 00:00.00)

Extensions: writing cache failed ([Errno 30] Read-only file system: '/home/agent/.config/blender').
15:54:43 | INFO: Data are loaded, start creating Blender stuff
15:54:43 | INFO: Blender create Mesh node Cube
15:54:43 | INFO: glTF import finished in 0.00s
Fra:1 Mem:14.53M (Peak 14.53M) | Time:00:00.00 | Mem:0.00M, Peak:0.00M | Scene, ViewLayer | Synchronizing object | metal
Fra:1 Mem:14.57M (Peak 14.57M) | Time:00:00.00 | Mem:0.00M, Peak:0.00M | Scene, ViewLayer | Synchronizing object | QA-ground-plane
Fra:1 Mem:14.55M (Peak 14.57M) | Time:00:00.00 | Mem:0.00M, Peak:0.00M | Scene, ViewLayer | Synchronizing object | QA-human-torso
Fra:1 Mem:14.55M (Peak 14.57M) | Time:00:00.00 | Mem:0.00M, Peak:0.00M | Scene, ViewLayer | Synchronizing object | QA-1m-ruler-tenth.009
Fra:1 Mem:14.56M (Peak 14.57M) | Time:00:00.00 | Mem:0.00M, Peak:0.00M | Scene, ViewLayer | Synchronizing object | QA-human-neck
Fra:1 Mem:14.56M (Peak 14.57M) | Time:00:00.00 | Mem:0.00M, Peak:0.00M | Scene, ViewLayer | Synchronizing object | QA-1m-ruler-tenth.008
Fra:1 Mem:14.56M (Peak 14.57M) | Time:00:00.00 | Mem:0.00M, Peak:0.00M | Scene, ViewLayer | Synchronizing object | QA-human-leg
Fra:1 Mem:14.56M (Peak 14.57M) | Time:00:00.00 | Mem:0.00M, Peak:0.00M | Scene, ViewLayer | Synchronizing object | QA-human-leg.001
Fra:1 Mem:14.56M (Peak 14.57M) | Time:00:00.00 | Mem:0.00M, Peak:0.00M | Scene, ViewLayer | Synchronizing object | QA-human-arm
Fra:1 Mem:14.56M (Peak 14.57M) | Time:00:00.00 | Mem:0.00M, Peak:0.00M | Scene, ViewLayer | Synchronizing object | QA-1m-ruler-tenth.006
Fra:1 Mem:14.56M (Peak 14.57M) | Time:00:00.00 | Mem:0.00M, Peak:0.00M | Scene, ViewLayer | Synchronizing object | QA-human-arm.001
Fra:1 Mem:14.56M (Peak 14.57M) | Time:00:00.00 | Mem:0.00M, Peak:0.00M | Scene, ViewLayer | Synchronizing object | QA-1m-ruler-tenth.005
Fra:1 Mem:14.56M (Peak 14.57M) | Time:00:00.00 | Mem:0.00M, Peak:0.00M | Scene, ViewLayer | Synchronizing object | Sphere
Fra:1 Mem:14.57M (Peak 14.57M) | Time:00:00.00 | Mem:0.00M, Peak:0.00M | Scene, ViewLayer | Synchronizing object | QA-1m-ruler-tenth.004
Fra:1 Mem:14.57M (Peak 14.57M) | Time:00:00.00 | Mem:0.00M, Peak:0.00M | Scene, ViewLayer | Synchronizing object | QA-1m-ruler-tenth.003
Fra:1 Mem:14.58M (Peak 14.58M) | Time:00:00.00 | Mem:0.00M, Peak:0.00M | Scene, ViewLayer | Synchronizing object | QA-1m-ruler-tenth.002
Fra:1 Mem:14.58M (Peak 14.58M) | Time:00:00.00 | Mem:0.00M, Peak:0.00M | Scene, ViewLayer | Synchronizing object | QA-1m-ruler-tenth.001
Fra:1 Mem:14.58M (Peak 14.58M) | Time:00:00.00 | Mem:0.00M, Peak:0.00M | Scene, ViewLayer | Synchronizing object | QA-1m-ruler-tenth
Fra:1 Mem:14.58M (Peak 14.58M) | Time:00:00.00 | Mem:0.00M, Peak:0.00M | Scene, ViewLayer | Synchronizing object | Sphere.001
Fra:1 Mem:14.59M (Peak 14.59M) | Time:00:00.00 | Mem:0.00M, Peak:0.00M | Scene, ViewLayer | Synchronizing object | QA-human-neck.001
Fra:1 Mem:14.59M (Peak 14.59M) | Time:00:00.00 | Mem:0.00M, Peak:0.00M | Scene, ViewLayer | Synchronizing object | QA-human-arm.003
Fra:1 Mem:14.59M (Peak 14.59M) | Time:00:00.00 | Mem:0.00M, Peak:0.00M | Scene, ViewLayer | Synchronizing object | QA-human-leg.002
Fra:1 Mem:14.59M (Peak 14.59M) | Time:00:00.00 | Mem:0.00M, Peak:0.00M | Scene, ViewLayer | Synchronizing object | QA-human-arm.002
Fra:1 Mem:14.59M (Peak 14.59M) | Time:00:00.00 | Mem:0.00M, Peak:0.00M | Scene, ViewLayer | Synchronizing object | QA-human-leg.003
Fra:1 Mem:14.60M (Peak 14.60M) | Time:00:00.00 | Mem:0.00M, Peak:0.00M | Scene, ViewLayer | Initializing
Fra:1 Mem:13.42M (Peak 14.60M) | Time:00:00.00 | Mem:0.00M, Peak:0.00M | Scene, ViewLayer | Waiting for render to start
Fra:1 Mem:13.42M (Peak 14.60M) | Time:00:00.00 | Mem:0.00M, Peak:0.00M | Scene, ViewLayer | Loading render kernels (may take a few minutes the first time)
Fra:1 Mem:13.42M (Peak 14.60M) | Time:00:00.00 | Mem:0.00M, Peak:0.00M | Scene, ViewLayer | Updating Scene
Fra:1 Mem:13.42M (Peak 14.60M) | Time:00:00.00 | Mem:0.00M, Peak:0.00M | Scene, ViewLayer | Updating Shaders
Fra:1 Mem:13.51M (Peak 14.60M) | Time:00:00.00 | Mem:0.00M, Peak:0.00M | Scene, ViewLayer | Updating Procedurals
Fra:1 Mem:13.51M (Peak 14.60M) | Time:00:00.00 | Mem:0.00M, Peak:0.00M | Scene, ViewLayer | Updating Background
Fra:1 Mem:13.51M (Peak 14.60M) | Time:00:00.00 | Mem:0.00M, Peak:0.00M | Scene, ViewLayer | Updating Camera
Fra:1 Mem:13.51M (Peak 14.60M) | Time:00:00.00 | Mem:0.00M, Peak:0.00M | Scene, ViewLayer | Updating Meshes Flags
Fra:1 Mem:13.51M (Peak 14.60M) | Time:00:00.00 | Mem:0.00M, Peak:0.00M | Scene, ViewLayer | Updating Objects
Fra:1 Mem:13.51M (Peak 14.60M) | Time:00:00.00 | Mem:0.00M, Peak:0.00M | Scene, ViewLayer | Updating Objects | Copying Transformations to device
Fra:1 Mem:13.51M (Peak 14.60M) | Time:00:00.00 | Mem:0.01M, Peak:0.01M | Scene, ViewLayer | Updating Objects | Applying Static Transformations
Fra:1 Mem:13.51M (Peak 14.60M) | Time:00:00.00 | Mem:0.01M, Peak:0.01M | Scene, ViewLayer | Updating Particle Systems
Fra:1 Mem:13.51M (Peak 14.60M) | Time:00:00.00 | Mem:0.01M, Peak:0.01M | Scene, ViewLayer | Updating Particle Systems | Copying Particles to device
Fra:1 Mem:13.51M (Peak 14.60M) | Time:00:00.00 | Mem:0.01M, Peak:0.01M | Scene, ViewLayer | Updating Meshes
Fra:1 Mem:13.52M (Peak 14.60M) | Time:00:00.00 | Mem:0.01M, Peak:0.01M | Scene, ViewLayer | Updating Mesh | Computing attributes
Fra:1 Mem:13.53M (Peak 14.60M) | Time:00:00.00 | Mem:0.01M, Peak:0.01M | Scene, ViewLayer | Updating Mesh | Copying Attributes to device
Fra:1 Mem:13.53M (Peak 14.60M) | Time:00:00.00 | Mem:0.02M, Peak:0.02M | Scene, ViewLayer | Updating Scene BVH | Building
Fra:1 Mem:13.53M (Peak 14.60M) | Time:00:00.00 | Mem:0.02M, Peak:0.02M | Scene, ViewLayer | Updating Scene BVH | Building BVH
Fra:1 Mem:13.53M (Peak 14.60M) | Time:00:00.00 | Mem:0.04M, Peak:0.04M | Scene, ViewLayer | Updating Scene BVH | Building BVH 0%
Fra:1 Mem:13.53M (Peak 14.60M) | Time:00:00.00 | Mem:0.06M, Peak:0.08M | Scene, ViewLayer | Updating Scene BVH | Copying BVH to device
Fra:1 Mem:13.53M (Peak 14.60M) | Time:00:00.00 | Mem:0.06M, Peak:0.08M | Scene, ViewLayer | Updating Mesh | Computing normals
Fra:1 Mem:13.56M (Peak 14.60M) | Time:00:00.00 | Mem:0.06M, Peak:0.08M | Scene, ViewLayer | Updating Mesh | Copying Mesh to device
Fra:1 Mem:13.56M (Peak 14.60M) | Time:00:00.00 | Mem:0.09M, Peak:0.09M | Scene, ViewLayer | Updating Objects Flags
Fra:1 Mem:13.56M (Peak 14.60M) | Time:00:00.00 | Mem:0.09M, Peak:0.09M | Scene, ViewLayer | Updating Primitive Offsets
Fra:1 Mem:13.56M (Peak 14.60M) | Time:00:00.00 | Mem:0.09M, Peak:0.09M | Scene, ViewLayer | Updating Images
Fra:1 Mem:13.56M (Peak 14.60M) | Time:00:00.00 | Mem:0.09M, Peak:0.09M | Scene, ViewLayer | Updating Camera Volume
Fra:1 Mem:13.56M (Peak 14.60M) | Time:00:00.00 | Mem:0.09M, Peak:0.09M | Scene, ViewLayer | Updating Lookup Tables
Fra:1 Mem:13.56M (Peak 14.60M) | Time:00:00.00 | Mem:0.17M, Peak:0.17M | Scene, ViewLayer | Updating Lights
Fra:1 Mem:13.56M (Peak 14.60M) | Time:00:00.00 | Mem:0.17M, Peak:0.17M | Scene, ViewLayer | Updating Lights | Computing tree
Fra:1 Mem:13.56M (Peak 14.60M) | Time:00:00.00 | Mem:0.18M, Peak:0.18M | Scene, ViewLayer | Updating Integrator
Fra:1 Mem:13.56M (Peak 14.60M) | Time:00:00.00 | Mem:0.18M, Peak:0.18M | Scene, ViewLayer | Updating Film
Fra:1 Mem:13.56M (Peak 14.60M) | Time:00:00.00 | Mem:0.09M, Peak:0.18M | Scene, ViewLayer | Updating Lookup Tables
Fra:1 Mem:13.56M (Peak 14.60M) | Time:00:00.00 | Mem:0.18M, Peak:0.18M | Scene, ViewLayer | Updating Baking
Fra:1 Mem:13.56M (Peak 14.60M) | Time:00:00.00 | Mem:0.18M, Peak:0.18M | Scene, ViewLayer | Updating Device | Writing constant memory
Fra:1 Mem:13.57M (Peak 14.60M) | Time:00:00.00 | Mem:0.18M, Peak:0.18M | Scene, ViewLayer | Sample 0/16
Fra:1 Mem:15.82M (Peak 15.82M) | Time:00:00.02 | Remaining:00:00.27 | Mem:2.43M, Peak:2.43M | Scene, ViewLayer | Sample 1/16
Fra:1 Mem:16.82M (Peak 18.83M) | Time:00:00.24 | Mem:2.43M, Peak:2.43M | Scene, ViewLayer | Sample 16/16
Fra:1 Mem:16.82M (Peak 18.83M) | Time:00:00.24 | Mem:2.43M, Peak:2.43M | Scene, ViewLayer | Finished
Saved: '/tmp/street-furniture-qa-4q7zi_2_/garbage-bin.lod1.side.png'
Time: 00:00.25 (Saving: 00:00.00)

Extensions: writing cache failed ([Errno 30] Read-only file system: '/home/agent/.config/blender').
15:54:43 | INFO: Data are loaded, start creating Blender stuff
15:54:43 | INFO: Blender create Mesh node Cube
15:54:43 | INFO: glTF import finished in 0.00s
Fra:1 Mem:14.53M (Peak 14.53M) | Time:00:00.00 | Mem:0.00M, Peak:0.00M | Scene, ViewLayer | Synchronizing object | metal
Fra:1 Mem:14.55M (Peak 14.55M) | Time:00:00.00 | Mem:0.00M, Peak:0.00M | Scene, ViewLayer | Synchronizing object | QA-ground-plane
Fra:1 Mem:14.58M (Peak 14.58M) | Time:00:00.00 | Mem:0.00M, Peak:0.00M | Scene, ViewLayer | Synchronizing object | QA-1m-ruler-tenth.009
Fra:1 Mem:14.56M (Peak 14.58M) | Time:00:00.00 | Mem:0.00M, Peak:0.00M | Scene, ViewLayer | Synchronizing object | QA-1m-ruler-tenth.008
Fra:1 Mem:14.56M (Peak 14.58M) | Time:00:00.00 | Mem:0.00M, Peak:0.00M | Scene, ViewLayer | Synchronizing object | QA-human-torso
Fra:1 Mem:14.56M (Peak 14.58M) | Time:00:00.00 | Mem:0.00M, Peak:0.00M | Scene, ViewLayer | Synchronizing object | QA-human-neck
Fra:1 Mem:14.56M (Peak 14.58M) | Time:00:00.00 | Mem:0.00M, Peak:0.00M | Scene, ViewLayer | Synchronizing object | QA-human-leg
Fra:1 Mem:14.56M (Peak 14.58M) | Time:00:00.00 | Mem:0.00M, Peak:0.00M | Scene, ViewLayer | Synchronizing object | QA-human-leg.001
Fra:1 Mem:14.56M (Peak 14.58M) | Time:00:00.00 | Mem:0.00M, Peak:0.00M | Scene, ViewLayer | Synchronizing object | QA-human-arm
Fra:1 Mem:14.56M (Peak 14.58M) | Time:00:00.00 | Mem:0.00M, Peak:0.00M | Scene, ViewLayer | Synchronizing object | QA-human-arm.001
Fra:1 Mem:14.56M (Peak 14.58M) | Time:00:00.00 | Mem:0.00M, Peak:0.00M | Scene, ViewLayer | Synchronizing object | Sphere
Fra:1 Mem:14.57M (Peak 14.58M) | Time:00:00.00 | Mem:0.00M, Peak:0.00M | Scene, ViewLayer | Synchronizing object | QA-human-torso.001
Fra:1 Mem:14.57M (Peak 14.58M) | Time:00:00.00 | Mem:0.00M, Peak:0.00M | Scene, ViewLayer | Synchronizing object | QA-human-neck.001
Fra:1 Mem:14.57M (Peak 14.58M) | Time:00:00.00 | Mem:0.00M, Peak:0.00M | Scene, ViewLayer | Synchronizing object | QA-human-leg.002
Fra:1 Mem:14.57M (Peak 14.58M) | Time:00:00.00 | Mem:0.00M, Peak:0.00M | Scene, ViewLayer | Synchronizing object | QA-human-leg.003
Fra:1 Mem:14.58M (Peak 14.58M) | Time:00:00.00 | Mem:0.00M, Peak:0.00M | Scene, ViewLayer | Synchronizing object | QA-human-arm.002
Fra:1 Mem:14.58M (Peak 14.58M) | Time:00:00.00 | Mem:0.00M, Peak:0.00M | Scene, ViewLayer | Synchronizing object | QA-human-arm.003
Fra:1 Mem:14.58M (Peak 14.58M) | Time:00:00.00 | Mem:0.00M, Peak:0.00M | Scene, ViewLayer | Synchronizing object | Sphere.001
Fra:1 Mem:14.59M (Peak 14.59M) | Time:00:00.00 | Mem:0.00M, Peak:0.00M | Scene, ViewLayer | Synchronizing object | QA-1m-ruler-tenth
Fra:1 Mem:14.59M (Peak 14.59M) | Time:00:00.00 | Mem:0.00M, Peak:0.00M | Scene, ViewLayer | Synchronizing object | QA-1m-ruler-tenth.001
Fra:1 Mem:14.59M (Peak 14.59M) | Time:00:00.00 | Mem:0.00M, Peak:0.00M | Scene, ViewLayer | Synchronizing object | QA-1m-ruler-tenth.002
Fra:1 Mem:14.59M (Peak 14.59M) | Time:00:00.00 | Mem:0.00M, Peak:0.00M | Scene, ViewLayer | Synchronizing object | QA-1m-ruler-tenth.003
Fra:1 Mem:14.59M (Peak 14.59M) | Time:00:00.00 | Mem:0.00M, Peak:0.00M | Scene, ViewLayer | Synchronizing object | QA-1m-ruler-tenth.004
Fra:1 Mem:14.59M (Peak 14.59M) | Time:00:00.00 | Mem:0.00M, Peak:0.00M | Scene, ViewLayer | Synchronizing object | QA-1m-ruler-tenth.005
Fra:1 Mem:14.59M (Peak 14.59M) | Time:00:00.00 | Mem:0.00M, Peak:0.00M | Scene, ViewLayer | Synchronizing object | QA-1m-ruler-tenth.006
Fra:1 Mem:14.60M (Peak 14.60M) | Time:00:00.00 | Mem:0.00M, Peak:0.00M | Scene, ViewLayer | Initializing
Fra:1 Mem:13.42M (Peak 14.60M) | Time:00:00.00 | Mem:0.00M, Peak:0.00M | Scene, ViewLayer | Waiting for render to start
Fra:1 Mem:13.42M (Peak 14.60M) | Time:00:00.00 | Mem:0.00M, Peak:0.00M | Scene, ViewLayer | Loading render kernels (may take a few minutes the first time)
Fra:1 Mem:13.42M (Peak 14.60M) | Time:00:00.00 | Mem:0.00M, Peak:0.00M | Scene, ViewLayer | Updating Scene
Fra:1 Mem:13.42M (Peak 14.60M) | Time:00:00.00 | Mem:0.00M, Peak:0.00M | Scene, ViewLayer | Updating Shaders
Fra:1 Mem:13.51M (Peak 14.60M) | Time:00:00.00 | Mem:0.00M, Peak:0.00M | Scene, ViewLayer | Updating Procedurals
Fra:1 Mem:13.51M (Peak 14.60M) | Time:00:00.00 | Mem:0.00M, Peak:0.00M | Scene, ViewLayer | Updating Background
Fra:1 Mem:13.51M (Peak 14.60M) | Time:00:00.00 | Mem:0.00M, Peak:0.00M | Scene, ViewLayer | Updating Camera
Fra:1 Mem:13.51M (Peak 14.60M) | Time:00:00.00 | Mem:0.00M, Peak:0.00M | Scene, ViewLayer | Updating Meshes Flags
Fra:1 Mem:13.51M (Peak 14.60M) | Time:00:00.00 | Mem:0.00M, Peak:0.00M | Scene, ViewLayer | Updating Objects
Fra:1 Mem:13.51M (Peak 14.60M) | Time:00:00.00 | Mem:0.00M, Peak:0.00M | Scene, ViewLayer | Updating Objects | Copying Transformations to device
Fra:1 Mem:13.51M (Peak 14.60M) | Time:00:00.00 | Mem:0.01M, Peak:0.01M | Scene, ViewLayer | Updating Objects | Applying Static Transformations
Fra:1 Mem:13.51M (Peak 14.60M) | Time:00:00.00 | Mem:0.01M, Peak:0.01M | Scene, ViewLayer | Updating Particle Systems
Fra:1 Mem:13.51M (Peak 14.60M) | Time:00:00.00 | Mem:0.01M, Peak:0.01M | Scene, ViewLayer | Updating Particle Systems | Copying Particles to device
Fra:1 Mem:13.51M (Peak 14.60M) | Time:00:00.00 | Mem:0.01M, Peak:0.01M | Scene, ViewLayer | Updating Meshes
Fra:1 Mem:13.52M (Peak 14.60M) | Time:00:00.00 | Mem:0.01M, Peak:0.01M | Scene, ViewLayer | Updating Mesh | Computing attributes
Fra:1 Mem:13.53M (Peak 14.60M) | Time:00:00.00 | Mem:0.01M, Peak:0.01M | Scene, ViewLayer | Updating Mesh | Copying Attributes to device
Fra:1 Mem:13.53M (Peak 14.60M) | Time:00:00.00 | Mem:0.02M, Peak:0.02M | Scene, ViewLayer | Updating Scene BVH | Building
Fra:1 Mem:13.53M (Peak 14.60M) | Time:00:00.00 | Mem:0.02M, Peak:0.02M | Scene, ViewLayer | Updating Scene BVH | Building BVH
Fra:1 Mem:13.53M (Peak 14.60M) | Time:00:00.00 | Mem:0.04M, Peak:0.04M | Scene, ViewLayer | Updating Scene BVH | Building BVH 0%
Fra:1 Mem:13.53M (Peak 14.60M) | Time:00:00.00 | Mem:0.06M, Peak:0.08M | Scene, ViewLayer | Updating Scene BVH | Copying BVH to device
Fra:1 Mem:13.53M (Peak 14.60M) | Time:00:00.00 | Mem:0.06M, Peak:0.08M | Scene, ViewLayer | Updating Mesh | Computing normals
Fra:1 Mem:13.56M (Peak 14.60M) | Time:00:00.00 | Mem:0.06M, Peak:0.08M | Scene, ViewLayer | Updating Mesh | Copying Mesh to device
Fra:1 Mem:13.56M (Peak 14.60M) | Time:00:00.00 | Mem:0.09M, Peak:0.09M | Scene, ViewLayer | Updating Objects Flags
Fra:1 Mem:13.56M (Peak 14.60M) | Time:00:00.00 | Mem:0.09M, Peak:0.09M | Scene, ViewLayer | Updating Primitive Offsets
Fra:1 Mem:13.56M (Peak 14.60M) | Time:00:00.00 | Mem:0.09M, Peak:0.09M | Scene, ViewLayer | Updating Images
Fra:1 Mem:13.56M (Peak 14.60M) | Time:00:00.00 | Mem:0.09M, Peak:0.09M | Scene, ViewLayer | Updating Camera Volume
Fra:1 Mem:13.56M (Peak 14.60M) | Time:00:00.00 | Mem:0.09M, Peak:0.09M | Scene, ViewLayer | Updating Lookup Tables
Fra:1 Mem:13.56M (Peak 14.60M) | Time:00:00.00 | Mem:0.17M, Peak:0.17M | Scene, ViewLayer | Updating Lights
Fra:1 Mem:13.56M (Peak 14.60M) | Time:00:00.00 | Mem:0.17M, Peak:0.17M | Scene, ViewLayer | Updating Lights | Computing tree
Fra:1 Mem:13.56M (Peak 14.60M) | Time:00:00.00 | Mem:0.18M, Peak:0.18M | Scene, ViewLayer | Updating Integrator
Fra:1 Mem:13.56M (Peak 14.60M) | Time:00:00.00 | Mem:0.18M, Peak:0.18M | Scene, ViewLayer | Updating Film
Fra:1 Mem:13.56M (Peak 14.60M) | Time:00:00.00 | Mem:0.09M, Peak:0.18M | Scene, ViewLayer | Updating Lookup Tables
Fra:1 Mem:13.56M (Peak 14.60M) | Time:00:00.00 | Mem:0.18M, Peak:0.18M | Scene, ViewLayer | Updating Baking
Fra:1 Mem:13.56M (Peak 14.60M) | Time:00:00.00 | Mem:0.18M, Peak:0.18M | Scene, ViewLayer | Updating Device | Writing constant memory
Fra:1 Mem:13.57M (Peak 14.60M) | Time:00:00.00 | Mem:0.18M, Peak:0.18M | Scene, ViewLayer | Sample 0/16
Fra:1 Mem:15.82M (Peak 15.82M) | Time:00:00.02 | Remaining:00:00.32 | Mem:2.43M, Peak:2.43M | Scene, ViewLayer | Sample 1/16
Fra:1 Mem:16.82M (Peak 18.83M) | Time:00:00.29 | Mem:2.43M, Peak:2.43M | Scene, ViewLayer | Sample 16/16
Fra:1 Mem:16.82M (Peak 18.83M) | Time:00:00.29 | Mem:2.43M, Peak:2.43M | Scene, ViewLayer | Finished
Saved: '/tmp/street-furniture-qa-4q7zi_2_/garbage-bin.lod1.rear.png'
Time: 00:00.30 (Saving: 00:00.00)

Extensions: writing cache failed ([Errno 30] Read-only file system: '/home/agent/.config/blender').
15:54:43 | INFO: Data are loaded, start creating Blender stuff
15:54:43 | INFO: Blender create Mesh node Cube
15:54:43 | INFO: glTF import finished in 0.00s
Fra:1 Mem:14.53M (Peak 14.53M) | Time:00:00.00 | Mem:0.00M, Peak:0.00M | Scene, ViewLayer | Synchronizing object | metal
Fra:1 Mem:14.59M (Peak 14.59M) | Time:00:00.00 | Mem:0.00M, Peak:0.00M | Scene, ViewLayer | Synchronizing object | QA-ground-plane
Fra:1 Mem:14.58M (Peak 14.59M) | Time:00:00.00 | Mem:0.00M, Peak:0.00M | Scene, ViewLayer | Synchronizing object | QA-1m-ruler-tenth.009
Fra:1 Mem:14.57M (Peak 14.59M) | Time:00:00.00 | Mem:0.00M, Peak:0.00M | Scene, ViewLayer | Synchronizing object | QA-1m-ruler-tenth.008
Fra:1 Mem:14.57M (Peak 14.59M) | Time:00:00.00 | Mem:0.00M, Peak:0.00M | Scene, ViewLayer | Synchronizing object | QA-1m-ruler-tenth.007
Fra:1 Mem:14.58M (Peak 14.59M) | Time:00:00.00 | Mem:0.00M, Peak:0.00M | Scene, ViewLayer | Synchronizing object | QA-1m-ruler-tenth.006
Fra:1 Mem:14.58M (Peak 14.59M) | Time:00:00.00 | Mem:0.00M, Peak:0.00M | Scene, ViewLayer | Synchronizing object | QA-1m-ruler-tenth.005
Fra:1 Mem:14.58M (Peak 14.59M) | Time:00:00.00 | Mem:0.00M, Peak:0.00M | Scene, ViewLayer | Synchronizing object | QA-1m-ruler-tenth.004
Fra:1 Mem:14.56M (Peak 14.59M) | Time:00:00.00 | Mem:0.00M, Peak:0.00M | Scene, ViewLayer | Synchronizing object | QA-1m-ruler-tenth.003
Fra:1 Mem:14.57M (Peak 14.59M) | Time:00:00.00 | Mem:0.00M, Peak:0.00M | Scene, ViewLayer | Synchronizing object | QA-1m-ruler-tenth.002
Fra:1 Mem:14.56M (Peak 14.59M) | Time:00:00.00 | Mem:0.00M, Peak:0.00M | Scene, ViewLayer | Synchronizing object | QA-1m-ruler-tenth.001
Fra:1 Mem:14.56M (Peak 14.59M) | Time:00:00.00 | Mem:0.00M, Peak:0.00M | Scene, ViewLayer | Synchronizing object | QA-1m-ruler-tenth
Fra:1 Mem:14.57M (Peak 14.59M) | Time:00:00.00 | Mem:0.00M, Peak:0.00M | Scene, ViewLayer | Synchronizing object | Sphere.001
Fra:1 Mem:14.57M (Peak 14.59M) | Time:00:00.00 | Mem:0.00M, Peak:0.00M | Scene, ViewLayer | Synchronizing object | QA-human-neck
Fra:1 Mem:14.58M (Peak 14.59M) | Time:00:00.00 | Mem:0.00M, Peak:0.00M | Scene, ViewLayer | Synchronizing object | QA-human-arm.003
Fra:1 Mem:14.58M (Peak 14.59M) | Time:00:00.00 | Mem:0.00M, Peak:0.00M | Scene, ViewLayer | Synchronizing object | QA-human-leg
Fra:1 Mem:14.58M (Peak 14.59M) | Time:00:00.00 | Mem:0.00M, Peak:0.00M | Scene, ViewLayer | Synchronizing object | QA-human-arm.002
Fra:1 Mem:14.58M (Peak 14.59M) | Time:00:00.00 | Mem:0.00M, Peak:0.00M | Scene, ViewLayer | Synchronizing object | QA-human-leg.003
Fra:1 Mem:14.58M (Peak 14.59M) | Time:00:00.00 | Mem:0.00M, Peak:0.00M | Scene, ViewLayer | Synchronizing object | QA-human-leg.001
Fra:1 Mem:14.58M (Peak 14.59M) | Time:00:00.00 | Mem:0.00M, Peak:0.00M | Scene, ViewLayer | Synchronizing object | QA-human-leg.002
Fra:1 Mem:14.58M (Peak 14.59M) | Time:00:00.00 | Mem:0.00M, Peak:0.00M | Scene, ViewLayer | Synchronizing object | QA-human-neck.001
Fra:1 Mem:14.58M (Peak 14.59M) | Time:00:00.00 | Mem:0.00M, Peak:0.00M | Scene, ViewLayer | Synchronizing object | QA-human-arm
Fra:1 Mem:14.58M (Peak 14.59M) | Time:00:00.00 | Mem:0.00M, Peak:0.00M | Scene, ViewLayer | Synchronizing object | QA-human-torso.001
Fra:1 Mem:14.59M (Peak 14.59M) | Time:00:00.00 | Mem:0.00M, Peak:0.00M | Scene, ViewLayer | Synchronizing object | Sphere
Fra:1 Mem:14.59M (Peak 14.59M) | Time:00:00.00 | Mem:0.00M, Peak:0.00M | Scene, ViewLayer | Synchronizing object | QA-human-arm.001
Fra:1 Mem:14.60M (Peak 14.60M) | Time:00:00.00 | Mem:0.00M, Peak:0.00M | Scene, ViewLayer | Initializing
Fra:1 Mem:13.42M (Peak 14.60M) | Time:00:00.00 | Mem:0.00M, Peak:0.00M | Scene, ViewLayer | Waiting for render to start
Fra:1 Mem:13.42M (Peak 14.60M) | Time:00:00.00 | Mem:0.00M, Peak:0.00M | Scene, ViewLayer | Loading render kernels (may take a few minutes the first time)
Fra:1 Mem:13.42M (Peak 14.60M) | Time:00:00.00 | Mem:0.00M, Peak:0.00M | Scene, ViewLayer | Updating Scene
Fra:1 Mem:13.42M (Peak 14.60M) | Time:00:00.00 | Mem:0.00M, Peak:0.00M | Scene, ViewLayer | Updating Shaders
Fra:1 Mem:13.51M (Peak 14.60M) | Time:00:00.00 | Mem:0.00M, Peak:0.00M | Scene, ViewLayer | Updating Procedurals
Fra:1 Mem:13.51M (Peak 14.60M) | Time:00:00.00 | Mem:0.00M, Peak:0.00M | Scene, ViewLayer | Updating Background
Fra:1 Mem:13.51M (Peak 14.60M) | Time:00:00.00 | Mem:0.00M, Peak:0.00M | Scene, ViewLayer | Updating Camera
Fra:1 Mem:13.51M (Peak 14.60M) | Time:00:00.00 | Mem:0.00M, Peak:0.00M | Scene, ViewLayer | Updating Meshes Flags
Fra:1 Mem:13.51M (Peak 14.60M) | Time:00:00.00 | Mem:0.00M, Peak:0.00M | Scene, ViewLayer | Updating Objects
Fra:1 Mem:13.51M (Peak 14.60M) | Time:00:00.00 | Mem:0.00M, Peak:0.00M | Scene, ViewLayer | Updating Objects | Copying Transformations to device
Fra:1 Mem:13.51M (Peak 14.60M) | Time:00:00.00 | Mem:0.01M, Peak:0.01M | Scene, ViewLayer | Updating Objects | Applying Static Transformations
Fra:1 Mem:13.51M (Peak 14.60M) | Time:00:00.00 | Mem:0.01M, Peak:0.01M | Scene, ViewLayer | Updating Particle Systems
Fra:1 Mem:13.51M (Peak 14.60M) | Time:00:00.00 | Mem:0.01M, Peak:0.01M | Scene, ViewLayer | Updating Particle Systems | Copying Particles to device
Fra:1 Mem:13.51M (Peak 14.60M) | Time:00:00.00 | Mem:0.01M, Peak:0.01M | Scene, ViewLayer | Updating Meshes
Fra:1 Mem:13.52M (Peak 14.60M) | Time:00:00.00 | Mem:0.01M, Peak:0.01M | Scene, ViewLayer | Updating Mesh | Computing attributes
Fra:1 Mem:13.53M (Peak 14.60M) | Time:00:00.00 | Mem:0.01M, Peak:0.01M | Scene, ViewLayer | Updating Mesh | Copying Attributes to device
Fra:1 Mem:13.53M (Peak 14.60M) | Time:00:00.00 | Mem:0.02M, Peak:0.02M | Scene, ViewLayer | Updating Scene BVH | Building
Fra:1 Mem:13.53M (Peak 14.60M) | Time:00:00.00 | Mem:0.02M, Peak:0.02M | Scene, ViewLayer | Updating Scene BVH | Building BVH
Fra:1 Mem:13.53M (Peak 14.60M) | Time:00:00.00 | Mem:0.04M, Peak:0.04M | Scene, ViewLayer | Updating Scene BVH | Building BVH 0%
Fra:1 Mem:13.53M (Peak 14.60M) | Time:00:00.00 | Mem:0.06M, Peak:0.08M | Scene, ViewLayer | Updating Scene BVH | Copying BVH to device
Fra:1 Mem:13.53M (Peak 14.60M) | Time:00:00.00 | Mem:0.06M, Peak:0.08M | Scene, ViewLayer | Updating Mesh | Computing normals
Fra:1 Mem:13.56M (Peak 14.60M) | Time:00:00.00 | Mem:0.06M, Peak:0.08M | Scene, ViewLayer | Updating Mesh | Copying Mesh to device
Fra:1 Mem:13.56M (Peak 14.60M) | Time:00:00.00 | Mem:0.09M, Peak:0.09M | Scene, ViewLayer | Updating Objects Flags
Fra:1 Mem:13.56M (Peak 14.60M) | Time:00:00.00 | Mem:0.09M, Peak:0.09M | Scene, ViewLayer | Updating Primitive Offsets
Fra:1 Mem:13.56M (Peak 14.60M) | Time:00:00.00 | Mem:0.09M, Peak:0.09M | Scene, ViewLayer | Updating Images
Fra:1 Mem:13.56M (Peak 14.60M) | Time:00:00.00 | Mem:0.09M, Peak:0.09M | Scene, ViewLayer | Updating Camera Volume
Fra:1 Mem:13.56M (Peak 14.60M) | Time:00:00.00 | Mem:0.09M, Peak:0.09M | Scene, ViewLayer | Updating Lookup Tables
Fra:1 Mem:13.56M (Peak 14.60M) | Time:00:00.00 | Mem:0.17M, Peak:0.17M | Scene, ViewLayer | Updating Lights
Fra:1 Mem:13.56M (Peak 14.60M) | Time:00:00.00 | Mem:0.17M, Peak:0.17M | Scene, ViewLayer | Updating Lights | Computing tree
Fra:1 Mem:13.56M (Peak 14.60M) | Time:00:00.00 | Mem:0.18M, Peak:0.18M | Scene, ViewLayer | Updating Integrator
Fra:1 Mem:13.56M (Peak 14.60M) | Time:00:00.00 | Mem:0.18M, Peak:0.18M | Scene, ViewLayer | Updating Film
Fra:1 Mem:13.56M (Peak 14.60M) | Time:00:00.00 | Mem:0.09M, Peak:0.18M | Scene, ViewLayer | Updating Lookup Tables
Fra:1 Mem:13.56M (Peak 14.60M) | Time:00:00.00 | Mem:0.18M, Peak:0.18M | Scene, ViewLayer | Updating Baking
Fra:1 Mem:13.56M (Peak 14.60M) | Time:00:00.00 | Mem:0.18M, Peak:0.18M | Scene, ViewLayer | Updating Device | Writing constant memory
Fra:1 Mem:13.57M (Peak 14.60M) | Time:00:00.00 | Mem:0.18M, Peak:0.18M | Scene, ViewLayer | Sample 0/16
Fra:1 Mem:15.82M (Peak 15.82M) | Time:00:00.06 | Remaining:00:00.93 | Mem:2.43M, Peak:2.43M | Scene, ViewLayer | Sample 1/16
Fra:1 Mem:16.82M (Peak 18.83M) | Time:00:00.95 | Mem:2.43M, Peak:2.43M | Scene, ViewLayer | Sample 16/16
Fra:1 Mem:16.82M (Peak 18.83M) | Time:00:00.95 | Mem:2.43M, Peak:2.43M | Scene, ViewLayer | Finished
Saved: '/tmp/street-furniture-qa-4q7zi_2_/garbage-bin.lod1.top.png'
Time: 00:00.96 (Saving: 00:00.00)

Extensions: writing cache failed ([Errno 30] Read-only file system: '/home/agent/.config/blender').
15:54:44 | INFO: Data are loaded, start creating Blender stuff
15:54:44 | INFO: Blender create Mesh node Cube
15:54:44 | INFO: glTF import finished in 0.00s
Fra:1 Mem:14.61M (Peak 14.61M) | Time:00:00.00 | Mem:0.00M, Peak:0.00M | Scene, ViewLayer | Synchronizing object | metal
Fra:1 Mem:14.84M (Peak 14.84M) | Time:00:00.00 | Mem:0.00M, Peak:0.00M | Scene, ViewLayer | Synchronizing object | QA-ground-plane
Fra:1 Mem:14.87M (Peak 14.87M) | Time:00:00.00 | Mem:0.00M, Peak:0.00M | Scene, ViewLayer | Synchronizing object | QA-1m-ruler-tenth.009
Fra:1 Mem:14.88M (Peak 14.88M) | Time:00:00.00 | Mem:0.00M, Peak:0.00M | Scene, ViewLayer | Synchronizing object | QA-1m-ruler-tenth.008
Fra:1 Mem:14.88M (Peak 14.88M) | Time:00:00.00 | Mem:0.00M, Peak:0.00M | Scene, ViewLayer | Synchronizing object | QA-1m-ruler-tenth.007
Fra:1 Mem:14.88M (Peak 14.88M) | Time:00:00.00 | Mem:0.00M, Peak:0.00M | Scene, ViewLayer | Synchronizing object | QA-1m-ruler-tenth.006
Fra:1 Mem:14.91M (Peak 14.91M) | Time:00:00.00 | Mem:0.00M, Peak:0.00M | Scene, ViewLayer | Synchronizing object | QA-1m-ruler-tenth.005
Fra:1 Mem:14.89M (Peak 14.91M) | Time:00:00.00 | Mem:0.00M, Peak:0.00M | Scene, ViewLayer | Synchronizing object | QA-1m-ruler-tenth.004
Fra:1 Mem:14.70M (Peak 14.91M) | Time:00:00.00 | Mem:0.00M, Peak:0.00M | Scene, ViewLayer | Synchronizing object | QA-1m-ruler-tenth.003
Fra:1 Mem:14.70M (Peak 14.91M) | Time:00:00.00 | Mem:0.00M, Peak:0.00M | Scene, ViewLayer | Synchronizing object | QA-1m-ruler-tenth.002
Fra:1 Mem:14.72M (Peak 14.91M) | Time:00:00.00 | Mem:0.00M, Peak:0.00M | Scene, ViewLayer | Synchronizing object | QA-1m-ruler-tenth.001
Fra:1 Mem:14.74M (Peak 14.91M) | Time:00:00.00 | Mem:0.00M, Peak:0.00M | Scene, ViewLayer | Synchronizing object | QA-1m-ruler-tenth
Fra:1 Mem:14.74M (Peak 14.91M) | Time:00:00.00 | Mem:0.00M, Peak:0.00M | Scene, ViewLayer | Synchronizing object | Sphere.001
Fra:1 Mem:14.76M (Peak 14.91M) | Time:00:00.00 | Mem:0.00M, Peak:0.00M | Scene, ViewLayer | Synchronizing object | QA-human-arm.003
Fra:1 Mem:14.77M (Peak 14.91M) | Time:00:00.00 | Mem:0.00M, Peak:0.00M | Scene, ViewLayer | Synchronizing object | QA-human-arm.002
Fra:1 Mem:14.78M (Peak 14.91M) | Time:00:00.00 | Mem:0.00M, Peak:0.00M | Scene, ViewLayer | Synchronizing object | QA-human-leg.003
Fra:1 Mem:14.79M (Peak 14.91M) | Time:00:00.00 | Mem:0.00M, Peak:0.00M | Scene, ViewLayer | Synchronizing object | QA-human-leg.002
Fra:1 Mem:14.86M (Peak 14.91M) | Time:00:00.00 | Mem:0.00M, Peak:0.00M | Scene, ViewLayer | Synchronizing object | QA-human-neck.001
Fra:1 Mem:14.86M (Peak 14.91M) | Time:00:00.00 | Mem:0.00M, Peak:0.00M | Scene, ViewLayer | Synchronizing object | QA-human-torso.001
Fra:1 Mem:14.86M (Peak 14.91M) | Time:00:00.00 | Mem:0.00M, Peak:0.00M | Scene, ViewLayer | Synchronizing object | Sphere
Fra:1 Mem:14.87M (Peak 14.91M) | Time:00:00.00 | Mem:0.00M, Peak:0.00M | Scene, ViewLayer | Synchronizing object | QA-human-arm.001
Fra:1 Mem:14.87M (Peak 14.91M) | Time:00:00.00 | Mem:0.00M, Peak:0.00M | Scene, ViewLayer | Synchronizing object | QA-human-arm
Fra:1 Mem:14.87M (Peak 14.91M) | Time:00:00.00 | Mem:0.00M, Peak:0.00M | Scene, ViewLayer | Synchronizing object | QA-human-leg.001
Fra:1 Mem:14.82M (Peak 14.91M) | Time:00:00.00 | Mem:0.00M, Peak:0.00M | Scene, ViewLayer | Synchronizing object | QA-human-leg
Fra:1 Mem:14.84M (Peak 14.91M) | Time:00:00.00 | Mem:0.00M, Peak:0.00M | Scene, ViewLayer | Synchronizing object | QA-human-neck
Fra:1 Mem:14.84M (Peak 14.91M) | Time:00:00.00 | Mem:0.00M, Peak:0.00M | Scene, ViewLayer | Synchronizing object | QA-human-torso
Fra:1 Mem:14.76M (Peak 14.91M) | Time:00:00.00 | Mem:0.00M, Peak:0.00M | Scene, ViewLayer | Initializing
Fra:1 Mem:13.58M (Peak 14.91M) | Time:00:00.00 | Mem:0.00M, Peak:0.00M | Scene, ViewLayer | Waiting for render to start
Fra:1 Mem:13.58M (Peak 14.91M) | Time:00:00.00 | Mem:0.00M, Peak:0.00M | Scene, ViewLayer | Loading render kernels (may take a few minutes the first time)
Fra:1 Mem:13.58M (Peak 14.91M) | Time:00:00.00 | Mem:0.00M, Peak:0.00M | Scene, ViewLayer | Updating Scene
Fra:1 Mem:13.58M (Peak 14.91M) | Time:00:00.00 | Mem:0.00M, Peak:0.00M | Scene, ViewLayer | Updating Shaders
Fra:1 Mem:13.67M (Peak 14.91M) | Time:00:00.00 | Mem:0.00M, Peak:0.00M | Scene, ViewLayer | Updating Procedurals
Fra:1 Mem:13.67M (Peak 14.91M) | Time:00:00.00 | Mem:0.00M, Peak:0.00M | Scene, ViewLayer | Updating Background
Fra:1 Mem:13.67M (Peak 14.91M) | Time:00:00.00 | Mem:0.00M, Peak:0.00M | Scene, ViewLayer | Updating Camera
Fra:1 Mem:13.67M (Peak 14.91M) | Time:00:00.00 | Mem:0.00M, Peak:0.00M | Scene, ViewLayer | Updating Meshes Flags
Fra:1 Mem:13.67M (Peak 14.91M) | Time:00:00.00 | Mem:0.00M, Peak:0.00M | Scene, ViewLayer | Updating Objects
Fra:1 Mem:13.67M (Peak 14.91M) | Time:00:00.00 | Mem:0.00M, Peak:0.00M | Scene, ViewLayer | Updating Objects | Copying Transformations to device
Fra:1 Mem:13.68M (Peak 14.91M) | Time:00:00.00 | Mem:0.01M, Peak:0.01M | Scene, ViewLayer | Updating Objects | Applying Static Transformations
Fra:1 Mem:13.68M (Peak 14.91M) | Time:00:00.00 | Mem:0.01M, Peak:0.01M | Scene, ViewLayer | Updating Particle Systems
Fra:1 Mem:13.68M (Peak 14.91M) | Time:00:00.00 | Mem:0.01M, Peak:0.01M | Scene, ViewLayer | Updating Particle Systems | Copying Particles to device
Fra:1 Mem:13.68M (Peak 14.91M) | Time:00:00.00 | Mem:0.01M, Peak:0.01M | Scene, ViewLayer | Updating Meshes
Fra:1 Mem:13.69M (Peak 14.91M) | Time:00:00.00 | Mem:0.01M, Peak:0.01M | Scene, ViewLayer | Updating Mesh | Computing attributes
Fra:1 Mem:13.72M (Peak 14.91M) | Time:00:00.00 | Mem:0.01M, Peak:0.01M | Scene, ViewLayer | Updating Mesh | Copying Attributes to device
Fra:1 Mem:13.71M (Peak 14.91M) | Time:00:00.00 | Mem:0.03M, Peak:0.03M | Scene, ViewLayer | Updating Scene BVH | Building
Fra:1 Mem:13.72M (Peak 14.91M) | Time:00:00.00 | Mem:0.03M, Peak:0.03M | Scene, ViewLayer | Updating Scene BVH | Building BVH
Fra:1 Mem:13.72M (Peak 14.91M) | Time:00:00.00 | Mem:0.07M, Peak:0.07M | Scene, ViewLayer | Updating Scene BVH | Building BVH 0%
Fra:1 Mem:13.72M (Peak 14.91M) | Time:00:00.00 | Mem:0.11M, Peak:0.14M | Scene, ViewLayer | Updating Scene BVH | Copying BVH to device
Fra:1 Mem:13.72M (Peak 14.91M) | Time:00:00.00 | Mem:0.11M, Peak:0.14M | Scene, ViewLayer | Updating Mesh | Computing normals
Fra:1 Mem:13.79M (Peak 14.91M) | Time:00:00.00 | Mem:0.11M, Peak:0.14M | Scene, ViewLayer | Updating Mesh | Copying Mesh to device
Fra:1 Mem:13.79M (Peak 14.91M) | Time:00:00.00 | Mem:0.19M, Peak:0.19M | Scene, ViewLayer | Updating Objects Flags
Fra:1 Mem:13.79M (Peak 14.91M) | Time:00:00.00 | Mem:0.19M, Peak:0.19M | Scene, ViewLayer | Updating Primitive Offsets
Fra:1 Mem:13.79M (Peak 14.91M) | Time:00:00.00 | Mem:0.19M, Peak:0.19M | Scene, ViewLayer | Updating Images
Fra:1 Mem:13.79M (Peak 14.91M) | Time:00:00.00 | Mem:0.19M, Peak:0.19M | Scene, ViewLayer | Updating Camera Volume
Fra:1 Mem:13.79M (Peak 14.91M) | Time:00:00.00 | Mem:0.19M, Peak:0.19M | Scene, ViewLayer | Updating Lookup Tables
Fra:1 Mem:13.79M (Peak 14.91M) | Time:00:00.00 | Mem:0.27M, Peak:0.27M | Scene, ViewLayer | Updating Lights
Fra:1 Mem:13.79M (Peak 14.91M) | Time:00:00.00 | Mem:0.27M, Peak:0.27M | Scene, ViewLayer | Updating Lights | Computing tree
Fra:1 Mem:13.79M (Peak 14.91M) | Time:00:00.00 | Mem:0.27M, Peak:0.27M | Scene, ViewLayer | Updating Integrator
Fra:1 Mem:13.79M (Peak 14.91M) | Time:00:00.00 | Mem:0.27M, Peak:0.27M | Scene, ViewLayer | Updating Film
Fra:1 Mem:13.80M (Peak 14.91M) | Time:00:00.00 | Mem:0.19M, Peak:0.27M | Scene, ViewLayer | Updating Lookup Tables
Fra:1 Mem:13.80M (Peak 14.91M) | Time:00:00.00 | Mem:0.27M, Peak:0.27M | Scene, ViewLayer | Updating Baking
Fra:1 Mem:13.80M (Peak 14.91M) | Time:00:00.00 | Mem:0.27M, Peak:0.27M | Scene, ViewLayer | Updating Device | Writing constant memory
Fra:1 Mem:13.80M (Peak 14.91M) | Time:00:00.00 | Mem:0.27M, Peak:0.27M | Scene, ViewLayer | Sample 0/16
Fra:1 Mem:16.06M (Peak 16.06M) | Time:00:00.02 | Remaining:00:00.37 | Mem:2.52M, Peak:2.52M | Scene, ViewLayer | Sample 1/16
Fra:1 Mem:17.06M (Peak 19.06M) | Time:00:00.35 | Mem:2.52M, Peak:2.52M | Scene, ViewLayer | Sample 16/16
Fra:1 Mem:17.06M (Peak 19.06M) | Time:00:00.35 | Mem:2.52M, Peak:2.52M | Scene, ViewLayer | Finished
Saved: '/tmp/street-furniture-qa-4q7zi_2_/garbage-bin.lod0.overcast.png'
Time: 00:00.36 (Saving: 00:00.00)

Extensions: writing cache failed ([Errno 30] Read-only file system: '/home/agent/.config/blender').
15:54:45 | INFO: Data are loaded, start creating Blender stuff
15:54:45 | INFO: Blender create Mesh node Cube
15:54:45 | INFO: glTF import finished in 0.00s
Fra:1 Mem:14.61M (Peak 14.61M) | Time:00:00.00 | Mem:0.00M, Peak:0.00M | Scene, ViewLayer | Synchronizing object | metal
Fra:1 Mem:14.84M (Peak 14.84M) | Time:00:00.00 | Mem:0.00M, Peak:0.00M | Scene, ViewLayer | Synchronizing object | QA-ground-plane
Fra:1 Mem:14.87M (Peak 14.87M) | Time:00:00.00 | Mem:0.00M, Peak:0.00M | Scene, ViewLayer | Synchronizing object | QA-1m-ruler-tenth.009
Fra:1 Mem:14.88M (Peak 14.88M) | Time:00:00.00 | Mem:0.00M, Peak:0.00M | Scene, ViewLayer | Synchronizing object | QA-1m-ruler-tenth.008
Fra:1 Mem:14.88M (Peak 14.88M) | Time:00:00.00 | Mem:0.00M, Peak:0.00M | Scene, ViewLayer | Synchronizing object | QA-1m-ruler-tenth.007
Fra:1 Mem:14.90M (Peak 14.90M) | Time:00:00.00 | Mem:0.00M, Peak:0.00M | Scene, ViewLayer | Synchronizing object | QA-1m-ruler-tenth.006
Fra:1 Mem:14.89M (Peak 14.90M) | Time:00:00.00 | Mem:0.00M, Peak:0.00M | Scene, ViewLayer | Synchronizing object | QA-1m-ruler-tenth.005
Fra:1 Mem:14.70M (Peak 14.90M) | Time:00:00.00 | Mem:0.00M, Peak:0.00M | Scene, ViewLayer | Synchronizing object | QA-1m-ruler-tenth.004
Fra:1 Mem:14.71M (Peak 14.90M) | Time:00:00.00 | Mem:0.00M, Peak:0.00M | Scene, ViewLayer | Synchronizing object | QA-1m-ruler-tenth.003
Fra:1 Mem:14.72M (Peak 14.90M) | Time:00:00.00 | Mem:0.00M, Peak:0.00M | Scene, ViewLayer | Synchronizing object | QA-1m-ruler-tenth.002
Fra:1 Mem:14.74M (Peak 14.90M) | Time:00:00.00 | Mem:0.00M, Peak:0.00M | Scene, ViewLayer | Synchronizing object | QA-1m-ruler-tenth.001
Fra:1 Mem:14.74M (Peak 14.90M) | Time:00:00.00 | Mem:0.00M, Peak:0.00M | Scene, ViewLayer | Synchronizing object | QA-1m-ruler-tenth
Fra:1 Mem:14.75M (Peak 14.90M) | Time:00:00.00 | Mem:0.00M, Peak:0.00M | Scene, ViewLayer | Synchronizing object | Sphere.001
Fra:1 Mem:14.76M (Peak 14.90M) | Time:00:00.00 | Mem:0.00M, Peak:0.00M | Scene, ViewLayer | Synchronizing object | QA-human-arm.003
Fra:1 Mem:14.78M (Peak 14.90M) | Time:00:00.00 | Mem:0.00M, Peak:0.00M | Scene, ViewLayer | Synchronizing object | QA-human-arm.002
Fra:1 Mem:14.78M (Peak 14.90M) | Time:00:00.00 | Mem:0.00M, Peak:0.00M | Scene, ViewLayer | Synchronizing object | QA-human-leg.003
Fra:1 Mem:14.86M (Peak 14.90M) | Time:00:00.00 | Mem:0.00M, Peak:0.00M | Scene, ViewLayer | Synchronizing object | QA-human-leg.002
Fra:1 Mem:14.86M (Peak 14.90M) | Time:00:00.00 | Mem:0.00M, Peak:0.00M | Scene, ViewLayer | Synchronizing object | QA-human-neck.001
Fra:1 Mem:14.86M (Peak 14.90M) | Time:00:00.00 | Mem:0.00M, Peak:0.00M | Scene, ViewLayer | Synchronizing object | QA-human-torso.001
Fra:1 Mem:14.86M (Peak 14.90M) | Time:00:00.00 | Mem:0.00M, Peak:0.00M | Scene, ViewLayer | Synchronizing object | Sphere
Fra:1 Mem:14.87M (Peak 14.90M) | Time:00:00.00 | Mem:0.00M, Peak:0.00M | Scene, ViewLayer | Synchronizing object | QA-human-arm.001
Fra:1 Mem:14.87M (Peak 14.90M) | Time:00:00.00 | Mem:0.00M, Peak:0.00M | Scene, ViewLayer | Synchronizing object | QA-human-arm
Fra:1 Mem:14.81M (Peak 14.90M) | Time:00:00.00 | Mem:0.00M, Peak:0.00M | Scene, ViewLayer | Synchronizing object | QA-human-leg.001
Fra:1 Mem:14.84M (Peak 14.90M) | Time:00:00.00 | Mem:0.00M, Peak:0.00M | Scene, ViewLayer | Synchronizing object | QA-human-leg
Fra:1 Mem:14.84M (Peak 14.90M) | Time:00:00.00 | Mem:0.00M, Peak:0.00M | Scene, ViewLayer | Synchronizing object | QA-human-neck
Fra:1 Mem:14.87M (Peak 14.90M) | Time:00:00.00 | Mem:0.00M, Peak:0.00M | Scene, ViewLayer | Synchronizing object | QA-human-torso
Fra:1 Mem:14.76M (Peak 14.90M) | Time:00:00.00 | Mem:0.00M, Peak:0.00M | Scene, ViewLayer | Initializing
Fra:1 Mem:13.58M (Peak 14.90M) | Time:00:00.00 | Mem:0.00M, Peak:0.00M | Scene, ViewLayer | Waiting for render to start
Fra:1 Mem:13.58M (Peak 14.90M) | Time:00:00.00 | Mem:0.00M, Peak:0.00M | Scene, ViewLayer | Loading render kernels (may take a few minutes the first time)
Fra:1 Mem:13.58M (Peak 14.90M) | Time:00:00.00 | Mem:0.00M, Peak:0.00M | Scene, ViewLayer | Updating Scene
Fra:1 Mem:13.58M (Peak 14.90M) | Time:00:00.00 | Mem:0.00M, Peak:0.00M | Scene, ViewLayer | Updating Shaders
Fra:1 Mem:13.67M (Peak 14.90M) | Time:00:00.00 | Mem:0.00M, Peak:0.00M | Scene, ViewLayer | Updating Procedurals
Fra:1 Mem:13.67M (Peak 14.90M) | Time:00:00.00 | Mem:0.00M, Peak:0.00M | Scene, ViewLayer | Updating Background
Fra:1 Mem:13.67M (Peak 14.90M) | Time:00:00.00 | Mem:0.00M, Peak:0.00M | Scene, ViewLayer | Updating Camera
Fra:1 Mem:13.67M (Peak 14.90M) | Time:00:00.00 | Mem:0.00M, Peak:0.00M | Scene, ViewLayer | Updating Meshes Flags
Fra:1 Mem:13.67M (Peak 14.90M) | Time:00:00.00 | Mem:0.00M, Peak:0.00M | Scene, ViewLayer | Updating Objects
Fra:1 Mem:13.67M (Peak 14.90M) | Time:00:00.00 | Mem:0.00M, Peak:0.00M | Scene, ViewLayer | Updating Objects | Copying Transformations to device
Fra:1 Mem:13.68M (Peak 14.90M) | Time:00:00.00 | Mem:0.01M, Peak:0.01M | Scene, ViewLayer | Updating Objects | Applying Static Transformations
Fra:1 Mem:13.68M (Peak 14.90M) | Time:00:00.00 | Mem:0.01M, Peak:0.01M | Scene, ViewLayer | Updating Particle Systems
Fra:1 Mem:13.68M (Peak 14.90M) | Time:00:00.00 | Mem:0.01M, Peak:0.01M | Scene, ViewLayer | Updating Particle Systems | Copying Particles to device
Fra:1 Mem:13.68M (Peak 14.90M) | Time:00:00.00 | Mem:0.01M, Peak:0.01M | Scene, ViewLayer | Updating Meshes
Fra:1 Mem:13.69M (Peak 14.90M) | Time:00:00.00 | Mem:0.01M, Peak:0.01M | Scene, ViewLayer | Updating Mesh | Computing attributes
Fra:1 Mem:13.72M (Peak 14.90M) | Time:00:00.00 | Mem:0.01M, Peak:0.01M | Scene, ViewLayer | Updating Mesh | Copying Attributes to device
Fra:1 Mem:13.71M (Peak 14.90M) | Time:00:00.00 | Mem:0.03M, Peak:0.03M | Scene, ViewLayer | Updating Scene BVH | Building
Fra:1 Mem:13.72M (Peak 14.90M) | Time:00:00.00 | Mem:0.03M, Peak:0.03M | Scene, ViewLayer | Updating Scene BVH | Building BVH
Fra:1 Mem:13.72M (Peak 14.90M) | Time:00:00.00 | Mem:0.07M, Peak:0.07M | Scene, ViewLayer | Updating Scene BVH | Building BVH 0%
Fra:1 Mem:13.72M (Peak 14.90M) | Time:00:00.00 | Mem:0.11M, Peak:0.14M | Scene, ViewLayer | Updating Scene BVH | Copying BVH to device
Fra:1 Mem:13.72M (Peak 14.90M) | Time:00:00.00 | Mem:0.11M, Peak:0.14M | Scene, ViewLayer | Updating Mesh | Computing normals
Fra:1 Mem:13.79M (Peak 14.90M) | Time:00:00.00 | Mem:0.11M, Peak:0.14M | Scene, ViewLayer | Updating Mesh | Copying Mesh to device
Fra:1 Mem:13.79M (Peak 14.90M) | Time:00:00.00 | Mem:0.19M, Peak:0.19M | Scene, ViewLayer | Updating Objects Flags
Fra:1 Mem:13.79M (Peak 14.90M) | Time:00:00.00 | Mem:0.19M, Peak:0.19M | Scene, ViewLayer | Updating Primitive Offsets
Fra:1 Mem:13.79M (Peak 14.90M) | Time:00:00.00 | Mem:0.19M, Peak:0.19M | Scene, ViewLayer | Updating Images
Fra:1 Mem:13.79M (Peak 14.90M) | Time:00:00.00 | Mem:0.19M, Peak:0.19M | Scene, ViewLayer | Updating Camera Volume
Fra:1 Mem:13.79M (Peak 14.90M) | Time:00:00.00 | Mem:0.19M, Peak:0.19M | Scene, ViewLayer | Updating Lookup Tables
Fra:1 Mem:13.79M (Peak 14.90M) | Time:00:00.00 | Mem:0.27M, Peak:0.27M | Scene, ViewLayer | Updating Lights
Fra:1 Mem:13.79M (Peak 14.90M) | Time:00:00.00 | Mem:0.27M, Peak:0.27M | Scene, ViewLayer | Updating Lights | Computing tree
Fra:1 Mem:13.79M (Peak 14.90M) | Time:00:00.00 | Mem:0.27M, Peak:0.27M | Scene, ViewLayer | Updating Integrator
Fra:1 Mem:13.79M (Peak 14.90M) | Time:00:00.00 | Mem:0.27M, Peak:0.27M | Scene, ViewLayer | Updating Film
Fra:1 Mem:13.80M (Peak 14.90M) | Time:00:00.00 | Mem:0.19M, Peak:0.27M | Scene, ViewLayer | Updating Lookup Tables
Fra:1 Mem:13.80M (Peak 14.90M) | Time:00:00.00 | Mem:0.27M, Peak:0.27M | Scene, ViewLayer | Updating Baking
Fra:1 Mem:13.80M (Peak 14.90M) | Time:00:00.00 | Mem:0.27M, Peak:0.27M | Scene, ViewLayer | Updating Device | Writing constant memory
Fra:1 Mem:13.80M (Peak 14.90M) | Time:00:00.00 | Mem:0.27M, Peak:0.27M | Scene, ViewLayer | Sample 0/16
Fra:1 Mem:16.06M (Peak 16.06M) | Time:00:00.02 | Remaining:00:00.37 | Mem:2.52M, Peak:2.52M | Scene, ViewLayer | Sample 1/16
Fra:1 Mem:17.06M (Peak 19.06M) | Time:00:00.34 | Mem:2.52M, Peak:2.52M | Scene, ViewLayer | Sample 16/16
Fra:1 Mem:17.06M (Peak 19.06M) | Time:00:00.34 | Mem:2.52M, Peak:2.52M | Scene, ViewLayer | Finished
Saved: '/tmp/street-furniture-qa-4q7zi_2_/garbage-bin.lod0.dusk.png'
Time: 00:00.35 (Saving: 00:00.00)

Extensions: writing cache failed ([Errno 30] Read-only file system: '/home/agent/.config/blender').
15:54:45 | INFO: Data are loaded, start creating Blender stuff
15:54:45 | INFO: Blender create Mesh node Cube
15:54:45 | INFO: glTF import finished in 0.00s
Fra:1 Mem:14.61M (Peak 14.61M) | Time:00:00.00 | Mem:0.00M, Peak:0.00M | Scene, ViewLayer | Synchronizing object | metal
Fra:1 Mem:14.84M (Peak 14.84M) | Time:00:00.00 | Mem:0.00M, Peak:0.00M | Scene, ViewLayer | Synchronizing object | QA-ground-plane
Fra:1 Mem:14.87M (Peak 14.87M) | Time:00:00.00 | Mem:0.00M, Peak:0.00M | Scene, ViewLayer | Synchronizing object | QA-1m-ruler-tenth.009
Fra:1 Mem:14.89M (Peak 14.89M) | Time:00:00.00 | Mem:0.00M, Peak:0.00M | Scene, ViewLayer | Synchronizing object | QA-1m-ruler-tenth.008
Fra:1 Mem:14.88M (Peak 14.89M) | Time:00:00.00 | Mem:0.00M, Peak:0.00M | Scene, ViewLayer | Synchronizing object | QA-1m-ruler-tenth.007
Fra:1 Mem:14.90M (Peak 14.90M) | Time:00:00.00 | Mem:0.00M, Peak:0.00M | Scene, ViewLayer | Synchronizing object | QA-1m-ruler-tenth.006
Fra:1 Mem:14.91M (Peak 14.91M) | Time:00:00.00 | Mem:0.00M, Peak:0.00M | Scene, ViewLayer | Synchronizing object | QA-1m-ruler-tenth.005
Fra:1 Mem:14.70M (Peak 14.91M) | Time:00:00.00 | Mem:0.00M, Peak:0.00M | Scene, ViewLayer | Synchronizing object | QA-1m-ruler-tenth.004
Fra:1 Mem:14.70M (Peak 14.91M) | Time:00:00.00 | Mem:0.00M, Peak:0.00M | Scene, ViewLayer | Synchronizing object | QA-1m-ruler-tenth.003
Fra:1 Mem:14.72M (Peak 14.91M) | Time:00:00.00 | Mem:0.00M, Peak:0.00M | Scene, ViewLayer | Synchronizing object | QA-1m-ruler-tenth.002
Fra:1 Mem:14.73M (Peak 14.91M) | Time:00:00.00 | Mem:0.00M, Peak:0.00M | Scene, ViewLayer | Synchronizing object | QA-1m-ruler-tenth.001
Fra:1 Mem:14.74M (Peak 14.91M) | Time:00:00.00 | Mem:0.00M, Peak:0.00M | Scene, ViewLayer | Synchronizing object | QA-1m-ruler-tenth
Fra:1 Mem:14.75M (Peak 14.91M) | Time:00:00.00 | Mem:0.00M, Peak:0.00M | Scene, ViewLayer | Synchronizing object | Sphere.001
Fra:1 Mem:14.76M (Peak 14.91M) | Time:00:00.00 | Mem:0.00M, Peak:0.00M | Scene, ViewLayer | Synchronizing object | QA-human-arm.003
Fra:1 Mem:14.77M (Peak 14.91M) | Time:00:00.00 | Mem:0.00M, Peak:0.00M | Scene, ViewLayer | Synchronizing object | QA-human-arm.002
Fra:1 Mem:14.78M (Peak 14.91M) | Time:00:00.00 | Mem:0.00M, Peak:0.00M | Scene, ViewLayer | Synchronizing object | QA-human-leg.003
Fra:1 Mem:14.79M (Peak 14.91M) | Time:00:00.00 | Mem:0.00M, Peak:0.00M | Scene, ViewLayer | Synchronizing object | QA-human-leg.002
Fra:1 Mem:14.86M (Peak 14.91M) | Time:00:00.00 | Mem:0.00M, Peak:0.00M | Scene, ViewLayer | Synchronizing object | QA-human-neck.001
Fra:1 Mem:14.86M (Peak 14.91M) | Time:00:00.00 | Mem:0.00M, Peak:0.00M | Scene, ViewLayer | Synchronizing object | QA-human-torso.001
Fra:1 Mem:14.86M (Peak 14.91M) | Time:00:00.00 | Mem:0.00M, Peak:0.00M | Scene, ViewLayer | Synchronizing object | Sphere
Fra:1 Mem:14.87M (Peak 14.91M) | Time:00:00.00 | Mem:0.00M, Peak:0.00M | Scene, ViewLayer | Synchronizing object | QA-human-arm.001
Fra:1 Mem:14.87M (Peak 14.91M) | Time:00:00.00 | Mem:0.00M, Peak:0.00M | Scene, ViewLayer | Synchronizing object | QA-human-arm
Fra:1 Mem:14.87M (Peak 14.91M) | Time:00:00.00 | Mem:0.00M, Peak:0.00M | Scene, ViewLayer | Synchronizing object | QA-human-leg.001
Fra:1 Mem:14.82M (Peak 14.91M) | Time:00:00.00 | Mem:0.00M, Peak:0.00M | Scene, ViewLayer | Synchronizing object | QA-human-leg
Fra:1 Mem:14.84M (Peak 14.91M) | Time:00:00.00 | Mem:0.00M, Peak:0.00M | Scene, ViewLayer | Synchronizing object | QA-human-neck
Fra:1 Mem:14.87M (Peak 14.91M) | Time:00:00.00 | Mem:0.00M, Peak:0.00M | Scene, ViewLayer | Synchronizing object | QA-human-torso
Fra:1 Mem:14.76M (Peak 14.91M) | Time:00:00.00 | Mem:0.00M, Peak:0.00M | Scene, ViewLayer | Initializing
Fra:1 Mem:13.58M (Peak 14.91M) | Time:00:00.00 | Mem:0.00M, Peak:0.00M | Scene, ViewLayer | Waiting for render to start
Fra:1 Mem:13.58M (Peak 14.91M) | Time:00:00.00 | Mem:0.00M, Peak:0.00M | Scene, ViewLayer | Loading render kernels (may take a few minutes the first time)
Fra:1 Mem:13.58M (Peak 14.91M) | Time:00:00.00 | Mem:0.00M, Peak:0.00M | Scene, ViewLayer | Updating Scene
Fra:1 Mem:13.58M (Peak 14.91M) | Time:00:00.00 | Mem:0.00M, Peak:0.00M | Scene, ViewLayer | Updating Shaders
Fra:1 Mem:13.67M (Peak 14.91M) | Time:00:00.00 | Mem:0.00M, Peak:0.00M | Scene, ViewLayer | Updating Procedurals
Fra:1 Mem:13.67M (Peak 14.91M) | Time:00:00.00 | Mem:0.00M, Peak:0.00M | Scene, ViewLayer | Updating Background
Fra:1 Mem:13.67M (Peak 14.91M) | Time:00:00.00 | Mem:0.00M, Peak:0.00M | Scene, ViewLayer | Updating Camera
Fra:1 Mem:13.67M (Peak 14.91M) | Time:00:00.00 | Mem:0.00M, Peak:0.00M | Scene, ViewLayer | Updating Meshes Flags
Fra:1 Mem:13.67M (Peak 14.91M) | Time:00:00.00 | Mem:0.00M, Peak:0.00M | Scene, ViewLayer | Updating Objects
Fra:1 Mem:13.67M (Peak 14.91M) | Time:00:00.00 | Mem:0.00M, Peak:0.00M | Scene, ViewLayer | Updating Objects | Copying Transformations to device
Fra:1 Mem:13.68M (Peak 14.91M) | Time:00:00.00 | Mem:0.01M, Peak:0.01M | Scene, ViewLayer | Updating Objects | Applying Static Transformations
Fra:1 Mem:13.68M (Peak 14.91M) | Time:00:00.00 | Mem:0.01M, Peak:0.01M | Scene, ViewLayer | Updating Particle Systems
Fra:1 Mem:13.68M (Peak 14.91M) | Time:00:00.00 | Mem:0.01M, Peak:0.01M | Scene, ViewLayer | Updating Particle Systems | Copying Particles to device
Fra:1 Mem:13.68M (Peak 14.91M) | Time:00:00.00 | Mem:0.01M, Peak:0.01M | Scene, ViewLayer | Updating Meshes
Fra:1 Mem:13.69M (Peak 14.91M) | Time:00:00.00 | Mem:0.01M, Peak:0.01M | Scene, ViewLayer | Updating Mesh | Computing attributes
Fra:1 Mem:13.72M (Peak 14.91M) | Time:00:00.00 | Mem:0.01M, Peak:0.01M | Scene, ViewLayer | Updating Mesh | Copying Attributes to device
Fra:1 Mem:13.71M (Peak 14.91M) | Time:00:00.00 | Mem:0.03M, Peak:0.03M | Scene, ViewLayer | Updating Scene BVH | Building
Fra:1 Mem:13.72M (Peak 14.91M) | Time:00:00.00 | Mem:0.03M, Peak:0.03M | Scene, ViewLayer | Updating Scene BVH | Building BVH
Fra:1 Mem:13.72M (Peak 14.91M) | Time:00:00.00 | Mem:0.07M, Peak:0.07M | Scene, ViewLayer | Updating Scene BVH | Building BVH 0%
Fra:1 Mem:13.72M (Peak 14.91M) | Time:00:00.00 | Mem:0.11M, Peak:0.14M | Scene, ViewLayer | Updating Scene BVH | Copying BVH to device
Fra:1 Mem:13.72M (Peak 14.91M) | Time:00:00.00 | Mem:0.11M, Peak:0.14M | Scene, ViewLayer | Updating Mesh | Computing normals
Fra:1 Mem:13.79M (Peak 14.91M) | Time:00:00.00 | Mem:0.11M, Peak:0.14M | Scene, ViewLayer | Updating Mesh | Copying Mesh to device
Fra:1 Mem:13.79M (Peak 14.91M) | Time:00:00.00 | Mem:0.19M, Peak:0.19M | Scene, ViewLayer | Updating Objects Flags
Fra:1 Mem:13.79M (Peak 14.91M) | Time:00:00.00 | Mem:0.19M, Peak:0.19M | Scene, ViewLayer | Updating Primitive Offsets
Fra:1 Mem:13.79M (Peak 14.91M) | Time:00:00.00 | Mem:0.19M, Peak:0.19M | Scene, ViewLayer | Updating Images
Fra:1 Mem:13.79M (Peak 14.91M) | Time:00:00.00 | Mem:0.19M, Peak:0.19M | Scene, ViewLayer | Updating Camera Volume
Fra:1 Mem:13.79M (Peak 14.91M) | Time:00:00.00 | Mem:0.19M, Peak:0.19M | Scene, ViewLayer | Updating Lookup Tables
Fra:1 Mem:13.79M (Peak 14.91M) | Time:00:00.00 | Mem:0.27M, Peak:0.27M | Scene, ViewLayer | Updating Lights
Fra:1 Mem:13.79M (Peak 14.91M) | Time:00:00.00 | Mem:0.27M, Peak:0.27M | Scene, ViewLayer | Updating Lights | Computing tree
Fra:1 Mem:13.79M (Peak 14.91M) | Time:00:00.00 | Mem:0.27M, Peak:0.27M | Scene, ViewLayer | Updating Integrator
Fra:1 Mem:13.79M (Peak 14.91M) | Time:00:00.00 | Mem:0.27M, Peak:0.27M | Scene, ViewLayer | Updating Film
Fra:1 Mem:13.80M (Peak 14.91M) | Time:00:00.00 | Mem:0.19M, Peak:0.27M | Scene, ViewLayer | Updating Lookup Tables
Fra:1 Mem:13.80M (Peak 14.91M) | Time:00:00.00 | Mem:0.27M, Peak:0.27M | Scene, ViewLayer | Updating Baking
Fra:1 Mem:13.80M (Peak 14.91M) | Time:00:00.00 | Mem:0.27M, Peak:0.27M | Scene, ViewLayer | Updating Device | Writing constant memory
Fra:1 Mem:13.80M (Peak 14.91M) | Time:00:00.00 | Mem:0.27M, Peak:0.27M | Scene, ViewLayer | Sample 0/16
Fra:1 Mem:16.06M (Peak 16.06M) | Time:00:00.02 | Remaining:00:00.37 | Mem:2.52M, Peak:2.52M | Scene, ViewLayer | Sample 1/16
Fra:1 Mem:17.06M (Peak 19.06M) | Time:00:00.34 | Mem:2.52M, Peak:2.52M | Scene, ViewLayer | Sample 16/16
Fra:1 Mem:17.06M (Peak 19.06M) | Time:00:00.34 | Mem:2.52M, Peak:2.52M | Scene, ViewLayer | Finished
Saved: '/tmp/street-furniture-qa-4q7zi_2_/garbage-bin.lod0.night.png'
Time: 00:00.35 (Saving: 00:00.00)

RENDERED garbage-bin
Extensions: writing cache failed ([Errno 30] Read-only file system: '/home/agent/.config/blender').
15:54:46 | INFO: Data are loaded, start creating Blender stuff
15:54:46 | INFO: Blender create Mesh node hydrant-body
15:54:46 | INFO: glTF import finished in 0.00s
Fra:1 Mem:14.57M (Peak 14.57M) | Time:00:00.00 | Mem:0.00M, Peak:0.00M | Scene, ViewLayer | Synchronizing object | metal
Fra:1 Mem:14.74M (Peak 14.74M) | Time:00:00.00 | Mem:0.00M, Peak:0.00M | Scene, ViewLayer | Synchronizing object | QA-ground-plane
Fra:1 Mem:14.66M (Peak 14.74M) | Time:00:00.00 | Mem:0.00M, Peak:0.00M | Scene, ViewLayer | Synchronizing object | QA-1m-ruler-tenth.009
Fra:1 Mem:14.71M (Peak 14.74M) | Time:00:00.00 | Mem:0.00M, Peak:0.00M | Scene, ViewLayer | Synchronizing object | QA-1m-ruler-tenth.008
Fra:1 Mem:14.71M (Peak 14.74M) | Time:00:00.00 | Mem:0.00M, Peak:0.00M | Scene, ViewLayer | Synchronizing object | QA-1m-ruler-tenth.007
Fra:1 Mem:14.71M (Peak 14.74M) | Time:00:00.00 | Mem:0.00M, Peak:0.00M | Scene, ViewLayer | Synchronizing object | QA-1m-ruler-tenth.006
Fra:1 Mem:14.72M (Peak 14.74M) | Time:00:00.00 | Mem:0.00M, Peak:0.00M | Scene, ViewLayer | Synchronizing object | QA-1m-ruler-tenth.005
Fra:1 Mem:14.70M (Peak 14.74M) | Time:00:00.00 | Mem:0.00M, Peak:0.00M | Scene, ViewLayer | Synchronizing object | QA-1m-ruler-tenth.004
Fra:1 Mem:14.71M (Peak 14.74M) | Time:00:00.00 | Mem:0.00M, Peak:0.00M | Scene, ViewLayer | Synchronizing object | QA-1m-ruler-tenth.003
Fra:1 Mem:14.68M (Peak 14.74M) | Time:00:00.00 | Mem:0.00M, Peak:0.00M | Scene, ViewLayer | Synchronizing object | QA-1m-ruler-tenth.002
Fra:1 Mem:14.65M (Peak 14.74M) | Time:00:00.00 | Mem:0.00M, Peak:0.00M | Scene, ViewLayer | Synchronizing object | QA-1m-ruler-tenth.001
Fra:1 Mem:14.65M (Peak 14.74M) | Time:00:00.00 | Mem:0.00M, Peak:0.00M | Scene, ViewLayer | Synchronizing object | QA-human-torso
Fra:1 Mem:14.65M (Peak 14.74M) | Time:00:00.00 | Mem:0.00M, Peak:0.00M | Scene, ViewLayer | Synchronizing object | QA-1m-ruler-tenth
Fra:1 Mem:14.65M (Peak 14.74M) | Time:00:00.00 | Mem:0.00M, Peak:0.00M | Scene, ViewLayer | Synchronizing object | QA-human-neck
Fra:1 Mem:14.65M (Peak 14.74M) | Time:00:00.00 | Mem:0.00M, Peak:0.00M | Scene, ViewLayer | Synchronizing object | Sphere.001
Fra:1 Mem:14.65M (Peak 14.74M) | Time:00:00.00 | Mem:0.00M, Peak:0.00M | Scene, ViewLayer | Synchronizing object | QA-human-leg
Fra:1 Mem:14.66M (Peak 14.74M) | Time:00:00.00 | Mem:0.00M, Peak:0.00M | Scene, ViewLayer | Synchronizing object | QA-human-leg.001
Fra:1 Mem:14.66M (Peak 14.74M) | Time:00:00.00 | Mem:0.00M, Peak:0.00M | Scene, ViewLayer | Synchronizing object | QA-human-arm.003
Fra:1 Mem:14.66M (Peak 14.74M) | Time:00:00.00 | Mem:0.00M, Peak:0.00M | Scene, ViewLayer | Synchronizing object | QA-human-arm
Fra:1 Mem:14.66M (Peak 14.74M) | Time:00:00.00 | Mem:0.00M, Peak:0.00M | Scene, ViewLayer | Synchronizing object | QA-human-arm.002
Fra:1 Mem:14.66M (Peak 14.74M) | Time:00:00.00 | Mem:0.00M, Peak:0.00M | Scene, ViewLayer | Synchronizing object | QA-human-arm.001
Fra:1 Mem:14.67M (Peak 14.74M) | Time:00:00.00 | Mem:0.00M, Peak:0.00M | Scene, ViewLayer | Synchronizing object | QA-human-leg.003
Fra:1 Mem:14.67M (Peak 14.74M) | Time:00:00.00 | Mem:0.00M, Peak:0.00M | Scene, ViewLayer | Synchronizing object | QA-human-leg.002
Fra:1 Mem:14.68M (Peak 14.74M) | Time:00:00.00 | Mem:0.00M, Peak:0.00M | Scene, ViewLayer | Synchronizing object | QA-human-neck.001
Fra:1 Mem:14.68M (Peak 14.74M) | Time:00:00.00 | Mem:0.00M, Peak:0.00M | Scene, ViewLayer | Synchronizing object | QA-human-torso.001
Fra:1 Mem:14.68M (Peak 14.74M) | Time:00:00.00 | Mem:0.00M, Peak:0.00M | Scene, ViewLayer | Initializing
Fra:1 Mem:13.50M (Peak 14.74M) | Time:00:00.00 | Mem:0.00M, Peak:0.00M | Scene, ViewLayer | Waiting for render to start
Fra:1 Mem:13.50M (Peak 14.74M) | Time:00:00.00 | Mem:0.00M, Peak:0.00M | Scene, ViewLayer | Loading render kernels (may take a few minutes the first time)
Fra:1 Mem:13.50M (Peak 14.74M) | Time:00:00.00 | Mem:0.00M, Peak:0.00M | Scene, ViewLayer | Updating Scene
Fra:1 Mem:13.50M (Peak 14.74M) | Time:00:00.00 | Mem:0.00M, Peak:0.00M | Scene, ViewLayer | Updating Shaders
Fra:1 Mem:13.59M (Peak 14.74M) | Time:00:00.00 | Mem:0.00M, Peak:0.00M | Scene, ViewLayer | Updating Procedurals
Fra:1 Mem:13.59M (Peak 14.74M) | Time:00:00.00 | Mem:0.00M, Peak:0.00M | Scene, ViewLayer | Updating Background
Fra:1 Mem:13.59M (Peak 14.74M) | Time:00:00.00 | Mem:0.00M, Peak:0.00M | Scene, ViewLayer | Updating Camera
Fra:1 Mem:13.59M (Peak 14.74M) | Time:00:00.00 | Mem:0.00M, Peak:0.00M | Scene, ViewLayer | Updating Meshes Flags
Fra:1 Mem:13.59M (Peak 14.74M) | Time:00:00.00 | Mem:0.00M, Peak:0.00M | Scene, ViewLayer | Updating Objects
Fra:1 Mem:13.59M (Peak 14.74M) | Time:00:00.00 | Mem:0.00M, Peak:0.00M | Scene, ViewLayer | Updating Objects | Copying Transformations to device
Fra:1 Mem:13.60M (Peak 14.74M) | Time:00:00.00 | Mem:0.01M, Peak:0.01M | Scene, ViewLayer | Updating Objects | Applying Static Transformations
Fra:1 Mem:13.60M (Peak 14.74M) | Time:00:00.00 | Mem:0.01M, Peak:0.01M | Scene, ViewLayer | Updating Particle Systems
Fra:1 Mem:13.60M (Peak 14.74M) | Time:00:00.00 | Mem:0.01M, Peak:0.01M | Scene, ViewLayer | Updating Particle Systems | Copying Particles to device
Fra:1 Mem:13.60M (Peak 14.74M) | Time:00:00.00 | Mem:0.01M, Peak:0.01M | Scene, ViewLayer | Updating Meshes
Fra:1 Mem:13.61M (Peak 14.74M) | Time:00:00.00 | Mem:0.01M, Peak:0.01M | Scene, ViewLayer | Updating Mesh | Computing attributes
Fra:1 Mem:13.63M (Peak 14.74M) | Time:00:00.00 | Mem:0.01M, Peak:0.01M | Scene, ViewLayer | Updating Mesh | Copying Attributes to device
Fra:1 Mem:13.62M (Peak 14.74M) | Time:00:00.00 | Mem:0.03M, Peak:0.03M | Scene, ViewLayer | Updating Scene BVH | Building
Fra:1 Mem:13.63M (Peak 14.74M) | Time:00:00.00 | Mem:0.03M, Peak:0.03M | Scene, ViewLayer | Updating Scene BVH | Building BVH
Fra:1 Mem:13.63M (Peak 14.74M) | Time:00:00.00 | Mem:0.05M, Peak:0.05M | Scene, ViewLayer | Updating Scene BVH | Building BVH 0%
Fra:1 Mem:13.63M (Peak 14.74M) | Time:00:00.00 | Mem:0.08M, Peak:0.11M | Scene, ViewLayer | Updating Scene BVH | Copying BVH to device
Fra:1 Mem:13.63M (Peak 14.74M) | Time:00:00.00 | Mem:0.08M, Peak:0.11M | Scene, ViewLayer | Updating Mesh | Computing normals
Fra:1 Mem:13.68M (Peak 14.74M) | Time:00:00.00 | Mem:0.08M, Peak:0.11M | Scene, ViewLayer | Updating Mesh | Copying Mesh to device
Fra:1 Mem:13.68M (Peak 14.74M) | Time:00:00.00 | Mem:0.14M, Peak:0.14M | Scene, ViewLayer | Updating Objects Flags
Fra:1 Mem:13.68M (Peak 14.74M) | Time:00:00.00 | Mem:0.14M, Peak:0.14M | Scene, ViewLayer | Updating Primitive Offsets
Fra:1 Mem:13.68M (Peak 14.74M) | Time:00:00.00 | Mem:0.14M, Peak:0.14M | Scene, ViewLayer | Updating Images
Fra:1 Mem:13.68M (Peak 14.74M) | Time:00:00.00 | Mem:0.14M, Peak:0.14M | Scene, ViewLayer | Updating Camera Volume
Fra:1 Mem:13.68M (Peak 14.74M) | Time:00:00.00 | Mem:0.14M, Peak:0.14M | Scene, ViewLayer | Updating Lookup Tables
Fra:1 Mem:13.68M (Peak 14.74M) | Time:00:00.00 | Mem:0.22M, Peak:0.22M | Scene, ViewLayer | Updating Lights
Fra:1 Mem:13.68M (Peak 14.74M) | Time:00:00.00 | Mem:0.22M, Peak:0.22M | Scene, ViewLayer | Updating Lights | Computing tree
Fra:1 Mem:13.68M (Peak 14.74M) | Time:00:00.00 | Mem:0.22M, Peak:0.22M | Scene, ViewLayer | Updating Integrator
Fra:1 Mem:13.68M (Peak 14.74M) | Time:00:00.00 | Mem:0.22M, Peak:0.22M | Scene, ViewLayer | Updating Film
Fra:1 Mem:13.68M (Peak 14.74M) | Time:00:00.00 | Mem:0.14M, Peak:0.22M | Scene, ViewLayer | Updating Lookup Tables
Fra:1 Mem:13.68M (Peak 14.74M) | Time:00:00.00 | Mem:0.22M, Peak:0.22M | Scene, ViewLayer | Updating Baking
Fra:1 Mem:13.68M (Peak 14.74M) | Time:00:00.00 | Mem:0.22M, Peak:0.22M | Scene, ViewLayer | Updating Device | Writing constant memory
Fra:1 Mem:13.69M (Peak 14.74M) | Time:00:00.00 | Mem:0.22M, Peak:0.22M | Scene, ViewLayer | Sample 0/16
Fra:1 Mem:15.94M (Peak 15.94M) | Time:00:00.03 | Remaining:00:00.38 | Mem:2.47M, Peak:2.47M | Scene, ViewLayer | Sample 1/16
Fra:1 Mem:16.94M (Peak 18.95M) | Time:00:00.33 | Mem:2.47M, Peak:2.47M | Scene, ViewLayer | Sample 16/16
Fra:1 Mem:16.94M (Peak 18.95M) | Time:00:00.33 | Mem:2.47M, Peak:2.47M | Scene, ViewLayer | Finished
Saved: '/tmp/street-furniture-qa-4q7zi_2_/fire-hydrant.lod0.front.png'
Time: 00:00.35 (Saving: 00:00.01)

Extensions: writing cache failed ([Errno 30] Read-only file system: '/home/agent/.config/blender').
15:54:46 | INFO: Data are loaded, start creating Blender stuff
15:54:46 | INFO: Blender create Mesh node hydrant-body
15:54:46 | INFO: glTF import finished in 0.00s
Fra:1 Mem:14.57M (Peak 14.57M) | Time:00:00.00 | Mem:0.00M, Peak:0.00M | Scene, ViewLayer | Synchronizing object | metal
Fra:1 Mem:14.71M (Peak 14.71M) | Time:00:00.00 | Mem:0.00M, Peak:0.00M | Scene, ViewLayer | Synchronizing object | QA-ground-plane
Fra:1 Mem:14.74M (Peak 14.74M) | Time:00:00.00 | Mem:0.00M, Peak:0.00M | Scene, ViewLayer | Synchronizing object | QA-1m-ruler-tenth.009
Fra:1 Mem:14.75M (Peak 14.75M) | Time:00:00.00 | Mem:0.00M, Peak:0.00M | Scene, ViewLayer | Synchronizing object | QA-1m-ruler-tenth.008
Fra:1 Mem:14.63M (Peak 14.75M) | Time:00:00.00 | Mem:0.00M, Peak:0.00M | Scene, ViewLayer | Synchronizing object | QA-1m-ruler-tenth.007
Fra:1 Mem:14.63M (Peak 14.75M) | Time:00:00.00 | Mem:0.00M, Peak:0.00M | Scene, ViewLayer | Synchronizing object | QA-1m-ruler-tenth.006
Fra:1 Mem:14.64M (Peak 14.75M) | Time:00:00.00 | Mem:0.00M, Peak:0.00M | Scene, ViewLayer | Synchronizing object | QA-1m-ruler-tenth.005
Fra:1 Mem:14.65M (Peak 14.75M) | Time:00:00.00 | Mem:0.00M, Peak:0.00M | Scene, ViewLayer | Synchronizing object | QA-1m-ruler-tenth.004
Fra:1 Mem:14.66M (Peak 14.75M) | Time:00:00.00 | Mem:0.00M, Peak:0.00M | Scene, ViewLayer | Synchronizing object | QA-1m-ruler-tenth.003
Fra:1 Mem:14.66M (Peak 14.75M) | Time:00:00.00 | Mem:0.00M, Peak:0.00M | Scene, ViewLayer | Synchronizing object | QA-1m-ruler-tenth.002
Fra:1 Mem:14.66M (Peak 14.75M) | Time:00:00.00 | Mem:0.00M, Peak:0.00M | Scene, ViewLayer | Synchronizing object | QA-1m-ruler-tenth.001
Fra:1 Mem:14.67M (Peak 14.75M) | Time:00:00.00 | Mem:0.00M, Peak:0.00M | Scene, ViewLayer | Synchronizing object | QA-1m-ruler-tenth
Fra:1 Mem:14.72M (Peak 14.75M) | Time:00:00.00 | Mem:0.00M, Peak:0.00M | Scene, ViewLayer | Synchronizing object | Sphere.001
Fra:1 Mem:14.73M (Peak 14.75M) | Time:00:00.00 | Mem:0.00M, Peak:0.00M | Scene, ViewLayer | Synchronizing object | QA-human-arm.003
Fra:1 Mem:14.70M (Peak 14.75M) | Time:00:00.00 | Mem:0.00M, Peak:0.00M | Scene, ViewLayer | Synchronizing object | QA-human-arm.002
Fra:1 Mem:14.71M (Peak 14.75M) | Time:00:00.00 | Mem:0.00M, Peak:0.00M | Scene, ViewLayer | Synchronizing object | QA-human-leg.003
Fra:1 Mem:14.73M (Peak 14.75M) | Time:00:00.00 | Mem:0.00M, Peak:0.00M | Scene, ViewLayer | Synchronizing object | QA-human-leg.002
Fra:1 Mem:14.73M (Peak 14.75M) | Time:00:00.00 | Mem:0.00M, Peak:0.00M | Scene, ViewLayer | Synchronizing object | QA-human-neck.001
Fra:1 Mem:14.73M (Peak 14.75M) | Time:00:00.00 | Mem:0.00M, Peak:0.00M | Scene, ViewLayer | Synchronizing object | QA-human-torso.001
Fra:1 Mem:14.68M (Peak 14.75M) | Time:00:00.00 | Mem:0.00M, Peak:0.00M | Scene, ViewLayer | Synchronizing object | Sphere
Fra:1 Mem:14.67M (Peak 14.75M) | Time:00:00.00 | Mem:0.00M, Peak:0.00M | Scene, ViewLayer | Synchronizing object | QA-human-torso
Fra:1 Mem:14.67M (Peak 14.75M) | Time:00:00.00 | Mem:0.00M, Peak:0.00M | Scene, ViewLayer | Synchronizing object | QA-human-arm.001
Fra:1 Mem:14.68M (Peak 14.75M) | Time:00:00.00 | Mem:0.00M, Peak:0.00M | Scene, ViewLayer | Synchronizing object | QA-human-neck
Fra:1 Mem:14.68M (Peak 14.75M) | Time:00:00.00 | Mem:0.00M, Peak:0.00M | Scene, ViewLayer | Synchronizing object | QA-human-arm
Fra:1 Mem:14.68M (Peak 14.75M) | Time:00:00.00 | Mem:0.00M, Peak:0.00M | Scene, ViewLayer | Synchronizing object | QA-human-leg
Fra:1 Mem:14.68M (Peak 14.75M) | Time:00:00.00 | Mem:0.00M, Peak:0.00M | Scene, ViewLayer | Synchronizing object | QA-human-leg.001
Fra:1 Mem:14.68M (Peak 14.75M) | Time:00:00.00 | Mem:0.00M, Peak:0.00M | Scene, ViewLayer | Initializing
Fra:1 Mem:13.50M (Peak 14.75M) | Time:00:00.00 | Mem:0.00M, Peak:0.00M | Scene, ViewLayer | Waiting for render to start
Fra:1 Mem:13.50M (Peak 14.75M) | Time:00:00.00 | Mem:0.00M, Peak:0.00M | Scene, ViewLayer | Loading render kernels (may take a few minutes the first time)
Fra:1 Mem:13.50M (Peak 14.75M) | Time:00:00.00 | Mem:0.00M, Peak:0.00M | Scene, ViewLayer | Updating Scene
Fra:1 Mem:13.50M (Peak 14.75M) | Time:00:00.00 | Mem:0.00M, Peak:0.00M | Scene, ViewLayer | Updating Shaders
Fra:1 Mem:13.59M (Peak 14.75M) | Time:00:00.00 | Mem:0.00M, Peak:0.00M | Scene, ViewLayer | Updating Procedurals
Fra:1 Mem:13.59M (Peak 14.75M) | Time:00:00.00 | Mem:0.00M, Peak:0.00M | Scene, ViewLayer | Updating Background
Fra:1 Mem:13.59M (Peak 14.75M) | Time:00:00.00 | Mem:0.00M, Peak:0.00M | Scene, ViewLayer | Updating Camera
Fra:1 Mem:13.59M (Peak 14.75M) | Time:00:00.00 | Mem:0.00M, Peak:0.00M | Scene, ViewLayer | Updating Meshes Flags
Fra:1 Mem:13.59M (Peak 14.75M) | Time:00:00.00 | Mem:0.00M, Peak:0.00M | Scene, ViewLayer | Updating Objects
Fra:1 Mem:13.59M (Peak 14.75M) | Time:00:00.00 | Mem:0.00M, Peak:0.00M | Scene, ViewLayer | Updating Objects | Copying Transformations to device
Fra:1 Mem:13.60M (Peak 14.75M) | Time:00:00.00 | Mem:0.01M, Peak:0.01M | Scene, ViewLayer | Updating Objects | Applying Static Transformations
Fra:1 Mem:13.60M (Peak 14.75M) | Time:00:00.00 | Mem:0.01M, Peak:0.01M | Scene, ViewLayer | Updating Particle Systems
Fra:1 Mem:13.60M (Peak 14.75M) | Time:00:00.00 | Mem:0.01M, Peak:0.01M | Scene, ViewLayer | Updating Particle Systems | Copying Particles to device
Fra:1 Mem:13.60M (Peak 14.75M) | Time:00:00.00 | Mem:0.01M, Peak:0.01M | Scene, ViewLayer | Updating Meshes
Fra:1 Mem:13.61M (Peak 14.75M) | Time:00:00.00 | Mem:0.01M, Peak:0.01M | Scene, ViewLayer | Updating Mesh | Computing attributes
Fra:1 Mem:13.63M (Peak 14.75M) | Time:00:00.00 | Mem:0.01M, Peak:0.01M | Scene, ViewLayer | Updating Mesh | Copying Attributes to device
Fra:1 Mem:13.62M (Peak 14.75M) | Time:00:00.00 | Mem:0.03M, Peak:0.03M | Scene, ViewLayer | Updating Scene BVH | Building
Fra:1 Mem:13.63M (Peak 14.75M) | Time:00:00.00 | Mem:0.03M, Peak:0.03M | Scene, ViewLayer | Updating Scene BVH | Building BVH
Fra:1 Mem:13.63M (Peak 14.75M) | Time:00:00.00 | Mem:0.05M, Peak:0.05M | Scene, ViewLayer | Updating Scene BVH | Building BVH 0%
Fra:1 Mem:13.63M (Peak 14.75M) | Time:00:00.00 | Mem:0.08M, Peak:0.11M | Scene, ViewLayer | Updating Scene BVH | Copying BVH to device
Fra:1 Mem:13.63M (Peak 14.75M) | Time:00:00.00 | Mem:0.08M, Peak:0.11M | Scene, ViewLayer | Updating Mesh | Computing normals
Fra:1 Mem:13.68M (Peak 14.75M) | Time:00:00.00 | Mem:0.08M, Peak:0.11M | Scene, ViewLayer | Updating Mesh | Copying Mesh to device
Fra:1 Mem:13.68M (Peak 14.75M) | Time:00:00.00 | Mem:0.14M, Peak:0.14M | Scene, ViewLayer | Updating Objects Flags
Fra:1 Mem:13.68M (Peak 14.75M) | Time:00:00.00 | Mem:0.14M, Peak:0.14M | Scene, ViewLayer | Updating Primitive Offsets
Fra:1 Mem:13.68M (Peak 14.75M) | Time:00:00.00 | Mem:0.14M, Peak:0.14M | Scene, ViewLayer | Updating Images
Fra:1 Mem:13.68M (Peak 14.75M) | Time:00:00.00 | Mem:0.14M, Peak:0.14M | Scene, ViewLayer | Updating Camera Volume
Fra:1 Mem:13.68M (Peak 14.75M) | Time:00:00.00 | Mem:0.14M, Peak:0.14M | Scene, ViewLayer | Updating Lookup Tables
Fra:1 Mem:13.68M (Peak 14.75M) | Time:00:00.00 | Mem:0.22M, Peak:0.22M | Scene, ViewLayer | Updating Lights
Fra:1 Mem:13.68M (Peak 14.75M) | Time:00:00.00 | Mem:0.22M, Peak:0.22M | Scene, ViewLayer | Updating Lights | Computing tree
Fra:1 Mem:13.68M (Peak 14.75M) | Time:00:00.00 | Mem:0.22M, Peak:0.22M | Scene, ViewLayer | Updating Integrator
Fra:1 Mem:13.68M (Peak 14.75M) | Time:00:00.00 | Mem:0.22M, Peak:0.22M | Scene, ViewLayer | Updating Film
Fra:1 Mem:13.68M (Peak 14.75M) | Time:00:00.00 | Mem:0.14M, Peak:0.22M | Scene, ViewLayer | Updating Lookup Tables
Fra:1 Mem:13.68M (Peak 14.75M) | Time:00:00.00 | Mem:0.22M, Peak:0.22M | Scene, ViewLayer | Updating Baking
Fra:1 Mem:13.68M (Peak 14.75M) | Time:00:00.00 | Mem:0.22M, Peak:0.22M | Scene, ViewLayer | Updating Device | Writing constant memory
Fra:1 Mem:13.69M (Peak 14.75M) | Time:00:00.00 | Mem:0.22M, Peak:0.22M | Scene, ViewLayer | Sample 0/16
Fra:1 Mem:15.94M (Peak 15.94M) | Time:00:00.02 | Remaining:00:00.27 | Mem:2.47M, Peak:2.47M | Scene, ViewLayer | Sample 1/16
Fra:1 Mem:16.94M (Peak 18.95M) | Time:00:00.25 | Mem:2.47M, Peak:2.47M | Scene, ViewLayer | Sample 16/16
Fra:1 Mem:16.94M (Peak 18.95M) | Time:00:00.25 | Mem:2.47M, Peak:2.47M | Scene, ViewLayer | Finished
Saved: '/tmp/street-furniture-qa-4q7zi_2_/fire-hydrant.lod0.side.png'
Time: 00:00.26 (Saving: 00:00.00)

Extensions: writing cache failed ([Errno 30] Read-only file system: '/home/agent/.config/blender').
15:54:46 | INFO: Data are loaded, start creating Blender stuff
15:54:46 | INFO: Blender create Mesh node hydrant-body
15:54:46 | INFO: glTF import finished in 0.00s
Fra:1 Mem:14.57M (Peak 14.57M) | Time:00:00.00 | Mem:0.00M, Peak:0.00M | Scene, ViewLayer | Synchronizing object | metal
Fra:1 Mem:14.60M (Peak 14.60M) | Time:00:00.00 | Mem:0.00M, Peak:0.00M | Scene, ViewLayer | Synchronizing object | QA-ground-plane
Fra:1 Mem:14.73M (Peak 14.73M) | Time:00:00.00 | Mem:0.00M, Peak:0.00M | Scene, ViewLayer | Synchronizing object | QA-1m-ruler-tenth.009
Fra:1 Mem:14.74M (Peak 14.74M) | Time:00:00.00 | Mem:0.00M, Peak:0.00M | Scene, ViewLayer | Synchronizing object | QA-1m-ruler-tenth.008
Fra:1 Mem:14.74M (Peak 14.74M) | Time:00:00.00 | Mem:0.00M, Peak:0.00M | Scene, ViewLayer | Synchronizing object | QA-1m-ruler-tenth.007
Fra:1 Mem:14.74M (Peak 14.74M) | Time:00:00.00 | Mem:0.00M, Peak:0.00M | Scene, ViewLayer | Synchronizing object | QA-1m-ruler-tenth.006
Fra:1 Mem:14.74M (Peak 14.74M) | Time:00:00.00 | Mem:0.00M, Peak:0.00M | Scene, ViewLayer | Synchronizing object | QA-1m-ruler-tenth.005
Fra:1 Mem:14.74M (Peak 14.74M) | Time:00:00.00 | Mem:0.00M, Peak:0.00M | Scene, ViewLayer | Synchronizing object | QA-1m-ruler-tenth.004
Fra:1 Mem:14.74M (Peak 14.74M) | Time:00:00.00 | Mem:0.00M, Peak:0.00M | Scene, ViewLayer | Synchronizing object | QA-1m-ruler-tenth.003
Fra:1 Mem:14.76M (Peak 14.76M) | Time:00:00.00 | Mem:0.00M, Peak:0.00M | Scene, ViewLayer | Synchronizing object | QA-1m-ruler-tenth.002
Fra:1 Mem:14.76M (Peak 14.76M) | Time:00:00.00 | Mem:0.00M, Peak:0.00M | Scene, ViewLayer | Synchronizing object | QA-1m-ruler-tenth.001
Fra:1 Mem:14.63M (Peak 14.76M) | Time:00:00.00 | Mem:0.00M, Peak:0.00M | Scene, ViewLayer | Synchronizing object | QA-1m-ruler-tenth
Fra:1 Mem:14.63M (Peak 14.76M) | Time:00:00.00 | Mem:0.00M, Peak:0.00M | Scene, ViewLayer | Synchronizing object | Sphere.001
Fra:1 Mem:14.67M (Peak 14.76M) | Time:00:00.00 | Mem:0.00M, Peak:0.00M | Scene, ViewLayer | Synchronizing object | QA-human-arm.003
Fra:1 Mem:14.68M (Peak 14.76M) | Time:00:00.00 | Mem:0.00M, Peak:0.00M | Scene, ViewLayer | Synchronizing object | QA-human-arm.002
Fra:1 Mem:14.68M (Peak 14.76M) | Time:00:00.00 | Mem:0.00M, Peak:0.00M | Scene, ViewLayer | Synchronizing object | QA-human-leg.003
Fra:1 Mem:14.68M (Peak 14.76M) | Time:00:00.00 | Mem:0.00M, Peak:0.00M | Scene, ViewLayer | Synchronizing object | QA-human-leg.002
Fra:1 Mem:14.68M (Peak 14.76M) | Time:00:00.00 | Mem:0.00M, Peak:0.00M | Scene, ViewLayer | Synchronizing object | QA-human-neck.001
Fra:1 Mem:14.69M (Peak 14.76M) | Time:00:00.00 | Mem:0.00M, Peak:0.00M | Scene, ViewLayer | Synchronizing object | QA-human-torso.001
Fra:1 Mem:14.70M (Peak 14.76M) | Time:00:00.00 | Mem:0.00M, Peak:0.00M | Scene, ViewLayer | Synchronizing object | Sphere
Fra:1 Mem:14.75M (Peak 14.76M) | Time:00:00.00 | Mem:0.00M, Peak:0.00M | Scene, ViewLayer | Synchronizing object | QA-human-arm.001
Fra:1 Mem:14.75M (Peak 14.76M) | Time:00:00.00 | Mem:0.00M, Peak:0.00M | Scene, ViewLayer | Synchronizing object | QA-human-arm
Fra:1 Mem:14.75M (Peak 14.76M) | Time:00:00.00 | Mem:0.00M, Peak:0.00M | Scene, ViewLayer | Synchronizing object | QA-human-leg.001
Fra:1 Mem:14.75M (Peak 14.76M) | Time:00:00.00 | Mem:0.00M, Peak:0.00M | Scene, ViewLayer | Synchronizing object | QA-human-leg
Fra:1 Mem:14.75M (Peak 14.76M) | Time:00:00.00 | Mem:0.00M, Peak:0.00M | Scene, ViewLayer | Synchronizing object | QA-human-neck
Fra:1 Mem:14.75M (Peak 14.76M) | Time:00:00.00 | Mem:0.00M, Peak:0.00M | Scene, ViewLayer | Synchronizing object | QA-human-torso
Fra:1 Mem:14.68M (Peak 14.76M) | Time:00:00.00 | Mem:0.00M, Peak:0.00M | Scene, ViewLayer | Initializing
Fra:1 Mem:13.50M (Peak 14.76M) | Time:00:00.00 | Mem:0.00M, Peak:0.00M | Scene, ViewLayer | Waiting for render to start
Fra:1 Mem:13.50M (Peak 14.76M) | Time:00:00.00 | Mem:0.00M, Peak:0.00M | Scene, ViewLayer | Loading render kernels (may take a few minutes the first time)
Fra:1 Mem:13.50M (Peak 14.76M) | Time:00:00.00 | Mem:0.00M, Peak:0.00M | Scene, ViewLayer | Updating Scene
Fra:1 Mem:13.50M (Peak 14.76M) | Time:00:00.00 | Mem:0.00M, Peak:0.00M | Scene, ViewLayer | Updating Shaders
Fra:1 Mem:13.59M (Peak 14.76M) | Time:00:00.00 | Mem:0.00M, Peak:0.00M | Scene, ViewLayer | Updating Procedurals
Fra:1 Mem:13.59M (Peak 14.76M) | Time:00:00.00 | Mem:0.00M, Peak:0.00M | Scene, ViewLayer | Updating Background
Fra:1 Mem:13.59M (Peak 14.76M) | Time:00:00.00 | Mem:0.00M, Peak:0.00M | Scene, ViewLayer | Updating Camera
Fra:1 Mem:13.59M (Peak 14.76M) | Time:00:00.00 | Mem:0.00M, Peak:0.00M | Scene, ViewLayer | Updating Meshes Flags
Fra:1 Mem:13.59M (Peak 14.76M) | Time:00:00.00 | Mem:0.00M, Peak:0.00M | Scene, ViewLayer | Updating Objects
Fra:1 Mem:13.59M (Peak 14.76M) | Time:00:00.00 | Mem:0.00M, Peak:0.00M | Scene, ViewLayer | Updating Objects | Copying Transformations to device
Fra:1 Mem:13.60M (Peak 14.76M) | Time:00:00.00 | Mem:0.01M, Peak:0.01M | Scene, ViewLayer | Updating Objects | Applying Static Transformations
Fra:1 Mem:13.60M (Peak 14.76M) | Time:00:00.00 | Mem:0.01M, Peak:0.01M | Scene, ViewLayer | Updating Particle Systems
Fra:1 Mem:13.60M (Peak 14.76M) | Time:00:00.00 | Mem:0.01M, Peak:0.01M | Scene, ViewLayer | Updating Particle Systems | Copying Particles to device
Fra:1 Mem:13.60M (Peak 14.76M) | Time:00:00.00 | Mem:0.01M, Peak:0.01M | Scene, ViewLayer | Updating Meshes
Fra:1 Mem:13.61M (Peak 14.76M) | Time:00:00.00 | Mem:0.01M, Peak:0.01M | Scene, ViewLayer | Updating Mesh | Computing attributes
Fra:1 Mem:13.63M (Peak 14.76M) | Time:00:00.00 | Mem:0.01M, Peak:0.01M | Scene, ViewLayer | Updating Mesh | Copying Attributes to device
Fra:1 Mem:13.62M (Peak 14.76M) | Time:00:00.00 | Mem:0.03M, Peak:0.03M | Scene, ViewLayer | Updating Scene BVH | Building
Fra:1 Mem:13.63M (Peak 14.76M) | Time:00:00.00 | Mem:0.03M, Peak:0.03M | Scene, ViewLayer | Updating Scene BVH | Building BVH
Fra:1 Mem:13.63M (Peak 14.76M) | Time:00:00.00 | Mem:0.05M, Peak:0.05M | Scene, ViewLayer | Updating Scene BVH | Building BVH 0%
Fra:1 Mem:13.63M (Peak 14.76M) | Time:00:00.00 | Mem:0.08M, Peak:0.11M | Scene, ViewLayer | Updating Scene BVH | Copying BVH to device
Fra:1 Mem:13.63M (Peak 14.76M) | Time:00:00.00 | Mem:0.08M, Peak:0.11M | Scene, ViewLayer | Updating Mesh | Computing normals
Fra:1 Mem:13.68M (Peak 14.76M) | Time:00:00.00 | Mem:0.08M, Peak:0.11M | Scene, ViewLayer | Updating Mesh | Copying Mesh to device
Fra:1 Mem:13.68M (Peak 14.76M) | Time:00:00.00 | Mem:0.14M, Peak:0.14M | Scene, ViewLayer | Updating Objects Flags
Fra:1 Mem:13.68M (Peak 14.76M) | Time:00:00.00 | Mem:0.14M, Peak:0.14M | Scene, ViewLayer | Updating Primitive Offsets
Fra:1 Mem:13.68M (Peak 14.76M) | Time:00:00.00 | Mem:0.14M, Peak:0.14M | Scene, ViewLayer | Updating Images
Fra:1 Mem:13.68M (Peak 14.76M) | Time:00:00.00 | Mem:0.14M, Peak:0.14M | Scene, ViewLayer | Updating Camera Volume
Fra:1 Mem:13.68M (Peak 14.76M) | Time:00:00.00 | Mem:0.14M, Peak:0.14M | Scene, ViewLayer | Updating Lookup Tables
Fra:1 Mem:13.68M (Peak 14.76M) | Time:00:00.00 | Mem:0.22M, Peak:0.22M | Scene, ViewLayer | Updating Lights
Fra:1 Mem:13.68M (Peak 14.76M) | Time:00:00.00 | Mem:0.22M, Peak:0.22M | Scene, ViewLayer | Updating Lights | Computing tree
Fra:1 Mem:13.68M (Peak 14.76M) | Time:00:00.00 | Mem:0.22M, Peak:0.22M | Scene, ViewLayer | Updating Integrator
Fra:1 Mem:13.68M (Peak 14.76M) | Time:00:00.00 | Mem:0.22M, Peak:0.22M | Scene, ViewLayer | Updating Film
Fra:1 Mem:13.68M (Peak 14.76M) | Time:00:00.00 | Mem:0.14M, Peak:0.22M | Scene, ViewLayer | Updating Lookup Tables
Fra:1 Mem:13.68M (Peak 14.76M) | Time:00:00.00 | Mem:0.22M, Peak:0.22M | Scene, ViewLayer | Updating Baking
Fra:1 Mem:13.68M (Peak 14.76M) | Time:00:00.00 | Mem:0.22M, Peak:0.22M | Scene, ViewLayer | Updating Device | Writing constant memory
Fra:1 Mem:13.69M (Peak 14.76M) | Time:00:00.00 | Mem:0.22M, Peak:0.22M | Scene, ViewLayer | Sample 0/16
Fra:1 Mem:15.94M (Peak 15.94M) | Time:00:00.02 | Remaining:00:00.36 | Mem:2.47M, Peak:2.47M | Scene, ViewLayer | Sample 1/16
Fra:1 Mem:16.94M (Peak 18.95M) | Time:00:00.28 | Mem:2.47M, Peak:2.47M | Scene, ViewLayer | Sample 16/16
Fra:1 Mem:16.94M (Peak 18.95M) | Time:00:00.28 | Mem:2.47M, Peak:2.47M | Scene, ViewLayer | Finished
Saved: '/tmp/street-furniture-qa-4q7zi_2_/fire-hydrant.lod0.rear.png'
Time: 00:00.29 (Saving: 00:00.00)

Extensions: writing cache failed ([Errno 30] Read-only file system: '/home/agent/.config/blender').
15:54:47 | INFO: Data are loaded, start creating Blender stuff
15:54:47 | INFO: Blender create Mesh node hydrant-body
15:54:47 | INFO: glTF import finished in 0.00s
Fra:1 Mem:14.57M (Peak 14.57M) | Time:00:00.00 | Mem:0.00M, Peak:0.00M | Scene, ViewLayer | Synchronizing object | metal
Fra:1 Mem:14.71M (Peak 14.71M) | Time:00:00.00 | Mem:0.00M, Peak:0.00M | Scene, ViewLayer | Synchronizing object | QA-ground-plane
Fra:1 Mem:14.75M (Peak 14.75M) | Time:00:00.00 | Mem:0.00M, Peak:0.00M | Scene, ViewLayer | Synchronizing object | QA-1m-ruler-tenth.009
Fra:1 Mem:14.74M (Peak 14.75M) | Time:00:00.00 | Mem:0.00M, Peak:0.00M | Scene, ViewLayer | Synchronizing object | QA-1m-ruler-tenth.008
Fra:1 Mem:14.63M (Peak 14.75M) | Time:00:00.00 | Mem:0.00M, Peak:0.00M | Scene, ViewLayer | Synchronizing object | QA-1m-ruler-tenth.007
Fra:1 Mem:14.64M (Peak 14.75M) | Time:00:00.00 | Mem:0.00M, Peak:0.00M | Scene, ViewLayer | Synchronizing object | QA-1m-ruler-tenth.006
Fra:1 Mem:14.65M (Peak 14.75M) | Time:00:00.00 | Mem:0.00M, Peak:0.00M | Scene, ViewLayer | Synchronizing object | QA-1m-ruler-tenth.005
Fra:1 Mem:14.66M (Peak 14.75M) | Time:00:00.00 | Mem:0.00M, Peak:0.00M | Scene, ViewLayer | Synchronizing object | QA-1m-ruler-tenth.004
Fra:1 Mem:14.66M (Peak 14.75M) | Time:00:00.00 | Mem:0.00M, Peak:0.00M | Scene, ViewLayer | Synchronizing object | QA-1m-ruler-tenth.003
Fra:1 Mem:14.66M (Peak 14.75M) | Time:00:00.00 | Mem:0.00M, Peak:0.00M | Scene, ViewLayer | Synchronizing object | QA-1m-ruler-tenth.002
Fra:1 Mem:14.67M (Peak 14.75M) | Time:00:00.00 | Mem:0.00M, Peak:0.00M | Scene, ViewLayer | Synchronizing object | QA-1m-ruler-tenth.001
Fra:1 Mem:14.72M (Peak 14.75M) | Time:00:00.00 | Mem:0.00M, Peak:0.00M | Scene, ViewLayer | Synchronizing object | QA-1m-ruler-tenth
Fra:1 Mem:14.72M (Peak 14.75M) | Time:00:00.00 | Mem:0.00M, Peak:0.00M | Scene, ViewLayer | Synchronizing object | Sphere.001
Fra:1 Mem:14.73M (Peak 14.75M) | Time:00:00.00 | Mem:0.00M, Peak:0.00M | Scene, ViewLayer | Synchronizing object | QA-human-arm.003
Fra:1 Mem:14.73M (Peak 14.75M) | Time:00:00.00 | Mem:0.00M, Peak:0.00M | Scene, ViewLayer | Synchronizing object | QA-human-arm.002
Fra:1 Mem:14.70M (Peak 14.75M) | Time:00:00.00 | Mem:0.00M, Peak:0.00M | Scene, ViewLayer | Synchronizing object | QA-human-leg.003
Fra:1 Mem:14.71M (Peak 14.75M) | Time:00:00.00 | Mem:0.00M, Peak:0.00M | Scene, ViewLayer | Synchronizing object | QA-human-leg.002
Fra:1 Mem:14.73M (Peak 14.75M) | Time:00:00.00 | Mem:0.00M, Peak:0.00M | Scene, ViewLayer | Synchronizing object | QA-human-neck.001
Fra:1 Mem:14.73M (Peak 14.75M) | Time:00:00.00 | Mem:0.00M, Peak:0.00M | Scene, ViewLayer | Synchronizing object | QA-human-torso.001
Fra:1 Mem:14.70M (Peak 14.75M) | Time:00:00.00 | Mem:0.00M, Peak:0.00M | Scene, ViewLayer | Synchronizing object | Sphere
Fra:1 Mem:14.67M (Peak 14.75M) | Time:00:00.00 | Mem:0.00M, Peak:0.00M | Scene, ViewLayer | Synchronizing object | QA-human-torso
Fra:1 Mem:14.67M (Peak 14.75M) | Time:00:00.00 | Mem:0.00M, Peak:0.00M | Scene, ViewLayer | Synchronizing object | QA-human-arm.001
Fra:1 Mem:14.68M (Peak 14.75M) | Time:00:00.00 | Mem:0.00M, Peak:0.00M | Scene, ViewLayer | Synchronizing object | QA-human-neck
Fra:1 Mem:14.68M (Peak 14.75M) | Time:00:00.00 | Mem:0.00M, Peak:0.00M | Scene, ViewLayer | Synchronizing object | QA-human-arm
Fra:1 Mem:14.68M (Peak 14.75M) | Time:00:00.00 | Mem:0.00M, Peak:0.00M | Scene, ViewLayer | Synchronizing object | QA-human-leg
Fra:1 Mem:14.68M (Peak 14.75M) | Time:00:00.00 | Mem:0.00M, Peak:0.00M | Scene, ViewLayer | Synchronizing object | QA-human-leg.001
Fra:1 Mem:14.68M (Peak 14.75M) | Time:00:00.00 | Mem:0.00M, Peak:0.00M | Scene, ViewLayer | Initializing
Fra:1 Mem:13.50M (Peak 14.75M) | Time:00:00.00 | Mem:0.00M, Peak:0.00M | Scene, ViewLayer | Waiting for render to start
Fra:1 Mem:13.50M (Peak 14.75M) | Time:00:00.00 | Mem:0.00M, Peak:0.00M | Scene, ViewLayer | Loading render kernels (may take a few minutes the first time)
Fra:1 Mem:13.50M (Peak 14.75M) | Time:00:00.00 | Mem:0.00M, Peak:0.00M | Scene, ViewLayer | Updating Scene
Fra:1 Mem:13.50M (Peak 14.75M) | Time:00:00.00 | Mem:0.00M, Peak:0.00M | Scene, ViewLayer | Updating Shaders
Fra:1 Mem:13.59M (Peak 14.75M) | Time:00:00.00 | Mem:0.00M, Peak:0.00M | Scene, ViewLayer | Updating Procedurals
Fra:1 Mem:13.59M (Peak 14.75M) | Time:00:00.00 | Mem:0.00M, Peak:0.00M | Scene, ViewLayer | Updating Background
Fra:1 Mem:13.59M (Peak 14.75M) | Time:00:00.00 | Mem:0.00M, Peak:0.00M | Scene, ViewLayer | Updating Camera
Fra:1 Mem:13.59M (Peak 14.75M) | Time:00:00.00 | Mem:0.00M, Peak:0.00M | Scene, ViewLayer | Updating Meshes Flags
Fra:1 Mem:13.59M (Peak 14.75M) | Time:00:00.00 | Mem:0.00M, Peak:0.00M | Scene, ViewLayer | Updating Objects
Fra:1 Mem:13.59M (Peak 14.75M) | Time:00:00.00 | Mem:0.00M, Peak:0.00M | Scene, ViewLayer | Updating Objects | Copying Transformations to device
Fra:1 Mem:13.60M (Peak 14.75M) | Time:00:00.00 | Mem:0.01M, Peak:0.01M | Scene, ViewLayer | Updating Objects | Applying Static Transformations
Fra:1 Mem:13.60M (Peak 14.75M) | Time:00:00.00 | Mem:0.01M, Peak:0.01M | Scene, ViewLayer | Updating Particle Systems
Fra:1 Mem:13.60M (Peak 14.75M) | Time:00:00.00 | Mem:0.01M, Peak:0.01M | Scene, ViewLayer | Updating Particle Systems | Copying Particles to device
Fra:1 Mem:13.60M (Peak 14.75M) | Time:00:00.00 | Mem:0.01M, Peak:0.01M | Scene, ViewLayer | Updating Meshes
Fra:1 Mem:13.61M (Peak 14.75M) | Time:00:00.00 | Mem:0.01M, Peak:0.01M | Scene, ViewLayer | Updating Mesh | Computing attributes
Fra:1 Mem:13.63M (Peak 14.75M) | Time:00:00.00 | Mem:0.01M, Peak:0.01M | Scene, ViewLayer | Updating Mesh | Copying Attributes to device
Fra:1 Mem:13.63M (Peak 14.75M) | Time:00:00.00 | Mem:0.03M, Peak:0.03M | Scene, ViewLayer | Updating Scene BVH | Building
Fra:1 Mem:13.63M (Peak 14.75M) | Time:00:00.00 | Mem:0.03M, Peak:0.03M | Scene, ViewLayer | Updating Scene BVH | Building BVH
Fra:1 Mem:13.63M (Peak 14.75M) | Time:00:00.00 | Mem:0.05M, Peak:0.05M | Scene, ViewLayer | Updating Scene BVH | Building BVH 0%
Fra:1 Mem:13.63M (Peak 14.75M) | Time:00:00.00 | Mem:0.08M, Peak:0.11M | Scene, ViewLayer | Updating Scene BVH | Copying BVH to device
Fra:1 Mem:13.63M (Peak 14.75M) | Time:00:00.00 | Mem:0.08M, Peak:0.11M | Scene, ViewLayer | Updating Mesh | Computing normals
Fra:1 Mem:13.68M (Peak 14.75M) | Time:00:00.00 | Mem:0.08M, Peak:0.11M | Scene, ViewLayer | Updating Mesh | Copying Mesh to device
Fra:1 Mem:13.68M (Peak 14.75M) | Time:00:00.00 | Mem:0.14M, Peak:0.14M | Scene, ViewLayer | Updating Objects Flags
Fra:1 Mem:13.68M (Peak 14.75M) | Time:00:00.00 | Mem:0.14M, Peak:0.14M | Scene, ViewLayer | Updating Primitive Offsets
Fra:1 Mem:13.68M (Peak 14.75M) | Time:00:00.00 | Mem:0.14M, Peak:0.14M | Scene, ViewLayer | Updating Images
Fra:1 Mem:13.68M (Peak 14.75M) | Time:00:00.00 | Mem:0.14M, Peak:0.14M | Scene, ViewLayer | Updating Camera Volume
Fra:1 Mem:13.68M (Peak 14.75M) | Time:00:00.00 | Mem:0.14M, Peak:0.14M | Scene, ViewLayer | Updating Lookup Tables
Fra:1 Mem:13.68M (Peak 14.75M) | Time:00:00.00 | Mem:0.22M, Peak:0.22M | Scene, ViewLayer | Updating Lights
Fra:1 Mem:13.68M (Peak 14.75M) | Time:00:00.00 | Mem:0.22M, Peak:0.22M | Scene, ViewLayer | Updating Lights | Computing tree
Fra:1 Mem:13.68M (Peak 14.75M) | Time:00:00.00 | Mem:0.22M, Peak:0.22M | Scene, ViewLayer | Updating Integrator
Fra:1 Mem:13.68M (Peak 14.75M) | Time:00:00.00 | Mem:0.22M, Peak:0.22M | Scene, ViewLayer | Updating Film
Fra:1 Mem:13.68M (Peak 14.75M) | Time:00:00.00 | Mem:0.14M, Peak:0.22M | Scene, ViewLayer | Updating Lookup Tables
Fra:1 Mem:13.68M (Peak 14.75M) | Time:00:00.00 | Mem:0.22M, Peak:0.22M | Scene, ViewLayer | Updating Baking
Fra:1 Mem:13.68M (Peak 14.75M) | Time:00:00.00 | Mem:0.22M, Peak:0.22M | Scene, ViewLayer | Updating Device | Writing constant memory
Fra:1 Mem:13.69M (Peak 14.75M) | Time:00:00.00 | Mem:0.22M, Peak:0.22M | Scene, ViewLayer | Sample 0/16
Fra:1 Mem:15.94M (Peak 15.94M) | Time:00:00.06 | Remaining:00:00.87 | Mem:2.47M, Peak:2.47M | Scene, ViewLayer | Sample 1/16
Fra:1 Mem:16.94M (Peak 18.95M) | Time:00:00.88 | Mem:2.47M, Peak:2.47M | Scene, ViewLayer | Sample 16/16
Fra:1 Mem:16.94M (Peak 18.95M) | Time:00:00.88 | Mem:2.47M, Peak:2.47M | Scene, ViewLayer | Finished
Saved: '/tmp/street-furniture-qa-4q7zi_2_/fire-hydrant.lod0.top.png'
Time: 00:00.89 (Saving: 00:00.01)

Extensions: writing cache failed ([Errno 30] Read-only file system: '/home/agent/.config/blender').
15:54:48 | INFO: Data are loaded, start creating Blender stuff
15:54:48 | INFO: Blender create Mesh node hydrant-body
15:54:48 | INFO: glTF import finished in 0.00s
Fra:1 Mem:14.55M (Peak 14.55M) | Time:00:00.00 | Mem:0.00M, Peak:0.00M | Scene, ViewLayer | Synchronizing object | metal
Fra:1 Mem:14.64M (Peak 14.64M) | Time:00:00.00 | Mem:0.00M, Peak:0.00M | Scene, ViewLayer | Synchronizing object | QA-ground-plane
Fra:1 Mem:14.66M (Peak 14.66M) | Time:00:00.00 | Mem:0.00M, Peak:0.00M | Scene, ViewLayer | Synchronizing object | QA-1m-ruler-tenth.009
Fra:1 Mem:14.66M (Peak 14.66M) | Time:00:00.00 | Mem:0.00M, Peak:0.00M | Scene, ViewLayer | Synchronizing object | QA-1m-ruler-tenth.008
Fra:1 Mem:14.58M (Peak 14.66M) | Time:00:00.00 | Mem:0.00M, Peak:0.00M | Scene, ViewLayer | Synchronizing object | QA-1m-ruler-tenth.007
Fra:1 Mem:14.59M (Peak 14.66M) | Time:00:00.00 | Mem:0.00M, Peak:0.00M | Scene, ViewLayer | Synchronizing object | QA-1m-ruler-tenth.006
Fra:1 Mem:14.60M (Peak 14.66M) | Time:00:00.00 | Mem:0.00M, Peak:0.00M | Scene, ViewLayer | Synchronizing object | QA-1m-ruler-tenth.005
Fra:1 Mem:14.60M (Peak 14.66M) | Time:00:00.00 | Mem:0.00M, Peak:0.00M | Scene, ViewLayer | Synchronizing object | QA-1m-ruler-tenth.004
Fra:1 Mem:14.61M (Peak 14.66M) | Time:00:00.00 | Mem:0.00M, Peak:0.00M | Scene, ViewLayer | Synchronizing object | QA-1m-ruler-tenth.003
Fra:1 Mem:14.61M (Peak 14.66M) | Time:00:00.00 | Mem:0.00M, Peak:0.00M | Scene, ViewLayer | Synchronizing object | QA-1m-ruler-tenth.002
Fra:1 Mem:14.65M (Peak 14.66M) | Time:00:00.00 | Mem:0.00M, Peak:0.00M | Scene, ViewLayer | Synchronizing object | QA-1m-ruler-tenth.001
Fra:1 Mem:14.65M (Peak 14.66M) | Time:00:00.00 | Mem:0.00M, Peak:0.00M | Scene, ViewLayer | Synchronizing object | QA-1m-ruler-tenth
Fra:1 Mem:14.65M (Peak 14.66M) | Time:00:00.00 | Mem:0.00M, Peak:0.00M | Scene, ViewLayer | Synchronizing object | Sphere.001
Fra:1 Mem:14.66M (Peak 14.66M) | Time:00:00.00 | Mem:0.00M, Peak:0.00M | Scene, ViewLayer | Synchronizing object | QA-human-arm.003
Fra:1 Mem:14.64M (Peak 14.66M) | Time:00:00.00 | Mem:0.00M, Peak:0.00M | Scene, ViewLayer | Synchronizing object | QA-human-arm.002
Fra:1 Mem:14.65M (Peak 14.66M) | Time:00:00.00 | Mem:0.00M, Peak:0.00M | Scene, ViewLayer | Synchronizing object | QA-human-leg.003
Fra:1 Mem:14.65M (Peak 14.66M) | Time:00:00.00 | Mem:0.00M, Peak:0.00M | Scene, ViewLayer | Synchronizing object | QA-human-leg.002
Fra:1 Mem:14.66M (Peak 14.66M) | Time:00:00.00 | Mem:0.00M, Peak:0.00M | Scene, ViewLayer | Synchronizing object | QA-human-neck.001
Fra:1 Mem:14.66M (Peak 14.66M) | Time:00:00.00 | Mem:0.00M, Peak:0.00M | Scene, ViewLayer | Synchronizing object | QA-human-torso.001
Fra:1 Mem:14.62M (Peak 14.66M) | Time:00:00.00 | Mem:0.00M, Peak:0.00M | Scene, ViewLayer | Synchronizing object | Sphere
Fra:1 Mem:14.63M (Peak 14.66M) | Time:00:00.00 | Mem:0.00M, Peak:0.00M | Scene, ViewLayer | Synchronizing object | QA-human-torso
Fra:1 Mem:14.63M (Peak 14.66M) | Time:00:00.00 | Mem:0.00M, Peak:0.00M | Scene, ViewLayer | Synchronizing object | QA-human-arm.001
Fra:1 Mem:14.63M (Peak 14.66M) | Time:00:00.00 | Mem:0.00M, Peak:0.00M | Scene, ViewLayer | Synchronizing object | QA-human-arm
Fra:1 Mem:14.63M (Peak 14.66M) | Time:00:00.00 | Mem:0.00M, Peak:0.00M | Scene, ViewLayer | Synchronizing object | QA-human-leg.001
Fra:1 Mem:14.63M (Peak 14.66M) | Time:00:00.00 | Mem:0.00M, Peak:0.00M | Scene, ViewLayer | Synchronizing object | QA-human-leg
Fra:1 Mem:14.63M (Peak 14.66M) | Time:00:00.00 | Mem:0.00M, Peak:0.00M | Scene, ViewLayer | Initializing
Fra:1 Mem:13.45M (Peak 14.66M) | Time:00:00.00 | Mem:0.00M, Peak:0.00M | Scene, ViewLayer | Waiting for render to start
Fra:1 Mem:13.46M (Peak 14.66M) | Time:00:00.00 | Mem:0.00M, Peak:0.00M | Scene, ViewLayer | Loading render kernels (may take a few minutes the first time)
Fra:1 Mem:13.46M (Peak 14.66M) | Time:00:00.00 | Mem:0.00M, Peak:0.00M | Scene, ViewLayer | Updating Scene
Fra:1 Mem:13.46M (Peak 14.66M) | Time:00:00.00 | Mem:0.00M, Peak:0.00M | Scene, ViewLayer | Updating Shaders
Fra:1 Mem:13.54M (Peak 14.66M) | Time:00:00.00 | Mem:0.00M, Peak:0.00M | Scene, ViewLayer | Updating Procedurals
Fra:1 Mem:13.54M (Peak 14.66M) | Time:00:00.00 | Mem:0.00M, Peak:0.00M | Scene, ViewLayer | Updating Background
Fra:1 Mem:13.54M (Peak 14.66M) | Time:00:00.00 | Mem:0.00M, Peak:0.00M | Scene, ViewLayer | Updating Camera
Fra:1 Mem:13.54M (Peak 14.66M) | Time:00:00.00 | Mem:0.00M, Peak:0.00M | Scene, ViewLayer | Updating Meshes Flags
Fra:1 Mem:13.54M (Peak 14.66M) | Time:00:00.00 | Mem:0.00M, Peak:0.00M | Scene, ViewLayer | Updating Objects
Fra:1 Mem:13.54M (Peak 14.66M) | Time:00:00.00 | Mem:0.00M, Peak:0.00M | Scene, ViewLayer | Updating Objects | Copying Transformations to device
Fra:1 Mem:13.55M (Peak 14.66M) | Time:00:00.00 | Mem:0.01M, Peak:0.01M | Scene, ViewLayer | Updating Objects | Applying Static Transformations
Fra:1 Mem:13.55M (Peak 14.66M) | Time:00:00.00 | Mem:0.01M, Peak:0.01M | Scene, ViewLayer | Updating Particle Systems
Fra:1 Mem:13.55M (Peak 14.66M) | Time:00:00.00 | Mem:0.01M, Peak:0.01M | Scene, ViewLayer | Updating Particle Systems | Copying Particles to device
Fra:1 Mem:13.55M (Peak 14.66M) | Time:00:00.00 | Mem:0.01M, Peak:0.01M | Scene, ViewLayer | Updating Meshes
Fra:1 Mem:13.56M (Peak 14.66M) | Time:00:00.00 | Mem:0.01M, Peak:0.01M | Scene, ViewLayer | Updating Mesh | Computing attributes
Fra:1 Mem:13.57M (Peak 14.66M) | Time:00:00.00 | Mem:0.01M, Peak:0.01M | Scene, ViewLayer | Updating Mesh | Copying Attributes to device
Fra:1 Mem:13.57M (Peak 14.66M) | Time:00:00.00 | Mem:0.02M, Peak:0.02M | Scene, ViewLayer | Updating Scene BVH | Building
Fra:1 Mem:13.57M (Peak 14.66M) | Time:00:00.00 | Mem:0.02M, Peak:0.02M | Scene, ViewLayer | Updating Scene BVH | Building BVH
Fra:1 Mem:13.57M (Peak 14.66M) | Time:00:00.00 | Mem:0.04M, Peak:0.04M | Scene, ViewLayer | Updating Scene BVH | Building BVH 0%
Fra:1 Mem:13.57M (Peak 14.66M) | Time:00:00.00 | Mem:0.07M, Peak:0.10M | Scene, ViewLayer | Updating Scene BVH | Copying BVH to device
Fra:1 Mem:13.57M (Peak 14.66M) | Time:00:00.00 | Mem:0.07M, Peak:0.10M | Scene, ViewLayer | Updating Mesh | Computing normals
Fra:1 Mem:13.61M (Peak 14.66M) | Time:00:00.00 | Mem:0.07M, Peak:0.10M | Scene, ViewLayer | Updating Mesh | Copying Mesh to device
Fra:1 Mem:13.61M (Peak 14.66M) | Time:00:00.00 | Mem:0.11M, Peak:0.11M | Scene, ViewLayer | Updating Objects Flags
Fra:1 Mem:13.61M (Peak 14.66M) | Time:00:00.00 | Mem:0.11M, Peak:0.11M | Scene, ViewLayer | Updating Primitive Offsets
Fra:1 Mem:13.61M (Peak 14.66M) | Time:00:00.00 | Mem:0.11M, Peak:0.11M | Scene, ViewLayer | Updating Images
Fra:1 Mem:13.61M (Peak 14.66M) | Time:00:00.00 | Mem:0.11M, Peak:0.11M | Scene, ViewLayer | Updating Camera Volume
Fra:1 Mem:13.61M (Peak 14.66M) | Time:00:00.00 | Mem:0.11M, Peak:0.11M | Scene, ViewLayer | Updating Lookup Tables
Fra:1 Mem:13.61M (Peak 14.66M) | Time:00:00.00 | Mem:0.20M, Peak:0.20M | Scene, ViewLayer | Updating Lights
Fra:1 Mem:13.61M (Peak 14.66M) | Time:00:00.00 | Mem:0.20M, Peak:0.20M | Scene, ViewLayer | Updating Lights | Computing tree
Fra:1 Mem:13.61M (Peak 14.66M) | Time:00:00.00 | Mem:0.20M, Peak:0.20M | Scene, ViewLayer | Updating Integrator
Fra:1 Mem:13.61M (Peak 14.66M) | Time:00:00.00 | Mem:0.20M, Peak:0.20M | Scene, ViewLayer | Updating Film
Fra:1 Mem:13.62M (Peak 14.66M) | Time:00:00.00 | Mem:0.12M, Peak:0.20M | Scene, ViewLayer | Updating Lookup Tables
Fra:1 Mem:13.62M (Peak 14.66M) | Time:00:00.00 | Mem:0.20M, Peak:0.20M | Scene, ViewLayer | Updating Baking
Fra:1 Mem:13.62M (Peak 14.66M) | Time:00:00.00 | Mem:0.20M, Peak:0.20M | Scene, ViewLayer | Updating Device | Writing constant memory
Fra:1 Mem:13.62M (Peak 14.66M) | Time:00:00.00 | Mem:0.20M, Peak:0.20M | Scene, ViewLayer | Sample 0/16
Fra:1 Mem:15.87M (Peak 15.87M) | Time:00:00.02 | Remaining:00:00.35 | Mem:2.45M, Peak:2.45M | Scene, ViewLayer | Sample 1/16
Fra:1 Mem:16.88M (Peak 18.88M) | Time:00:00.31 | Mem:2.45M, Peak:2.45M | Scene, ViewLayer | Sample 16/16
Fra:1 Mem:16.88M (Peak 18.88M) | Time:00:00.31 | Mem:2.45M, Peak:2.45M | Scene, ViewLayer | Finished
Saved: '/tmp/street-furniture-qa-4q7zi_2_/fire-hydrant.lod1.front.png'
Time: 00:00.32 (Saving: 00:00.00)

Extensions: writing cache failed ([Errno 30] Read-only file system: '/home/agent/.config/blender').
15:54:48 | INFO: Data are loaded, start creating Blender stuff
15:54:48 | INFO: Blender create Mesh node hydrant-body
15:54:48 | INFO: glTF import finished in 0.00s
Fra:1 Mem:14.55M (Peak 14.55M) | Time:00:00.00 | Mem:0.00M, Peak:0.00M | Scene, ViewLayer | Synchronizing object | metal
Fra:1 Mem:14.65M (Peak 14.65M) | Time:00:00.00 | Mem:0.00M, Peak:0.00M | Scene, ViewLayer | Synchronizing object | QA-ground-plane
Fra:1 Mem:14.60M (Peak 14.65M) | Time:00:00.00 | Mem:0.00M, Peak:0.00M | Scene, ViewLayer | Synchronizing object | QA-1m-ruler-tenth.009
Fra:1 Mem:14.61M (Peak 14.65M) | Time:00:00.00 | Mem:0.00M, Peak:0.00M | Scene, ViewLayer | Synchronizing object | QA-1m-ruler-tenth.008
Fra:1 Mem:14.64M (Peak 14.65M) | Time:00:00.00 | Mem:0.00M, Peak:0.00M | Scene, ViewLayer | Synchronizing object | QA-1m-ruler-tenth.007
Fra:1 Mem:14.64M (Peak 14.65M) | Time:00:00.00 | Mem:0.00M, Peak:0.00M | Scene, ViewLayer | Synchronizing object | QA-1m-ruler-tenth.006
Fra:1 Mem:14.64M (Peak 14.65M) | Time:00:00.00 | Mem:0.00M, Peak:0.00M | Scene, ViewLayer | Synchronizing object | QA-1m-ruler-tenth.005
Fra:1 Mem:14.62M (Peak 14.65M) | Time:00:00.00 | Mem:0.00M, Peak:0.00M | Scene, ViewLayer | Synchronizing object | QA-1m-ruler-tenth.004
Fra:1 Mem:14.64M (Peak 14.65M) | Time:00:00.00 | Mem:0.00M, Peak:0.00M | Scene, ViewLayer | Synchronizing object | QA-1m-ruler-tenth.003
Fra:1 Mem:14.64M (Peak 14.65M) | Time:00:00.00 | Mem:0.00M, Peak:0.00M | Scene, ViewLayer | Synchronizing object | QA-1m-ruler-tenth.002
Fra:1 Mem:14.60M (Peak 14.65M) | Time:00:00.00 | Mem:0.00M, Peak:0.00M | Scene, ViewLayer | Synchronizing object | QA-1m-ruler-tenth.001
Fra:1 Mem:14.60M (Peak 14.65M) | Time:00:00.00 | Mem:0.00M, Peak:0.00M | Scene, ViewLayer | Synchronizing object | QA-1m-ruler-tenth
Fra:1 Mem:14.60M (Peak 14.65M) | Time:00:00.00 | Mem:0.00M, Peak:0.00M | Scene, ViewLayer | Synchronizing object | QA-human-torso
Fra:1 Mem:14.60M (Peak 14.65M) | Time:00:00.00 | Mem:0.00M, Peak:0.00M | Scene, ViewLayer | Synchronizing object | Sphere.001
Fra:1 Mem:14.61M (Peak 14.65M) | Time:00:00.00 | Mem:0.00M, Peak:0.00M | Scene, ViewLayer | Synchronizing object | QA-human-neck
Fra:1 Mem:14.61M (Peak 14.65M) | Time:00:00.00 | Mem:0.00M, Peak:0.00M | Scene, ViewLayer | Synchronizing object | QA-human-leg
Fra:1 Mem:14.61M (Peak 14.65M) | Time:00:00.00 | Mem:0.00M, Peak:0.00M | Scene, ViewLayer | Synchronizing object | QA-human-arm.003
Fra:1 Mem:14.61M (Peak 14.65M) | Time:00:00.00 | Mem:0.00M, Peak:0.00M | Scene, ViewLayer | Synchronizing object | QA-human-leg.001
Fra:1 Mem:14.61M (Peak 14.65M) | Time:00:00.00 | Mem:0.00M, Peak:0.00M | Scene, ViewLayer | Synchronizing object | QA-human-arm.002
Fra:1 Mem:14.62M (Peak 14.65M) | Time:00:00.00 | Mem:0.00M, Peak:0.00M | Scene, ViewLayer | Synchronizing object | QA-human-arm
Fra:1 Mem:14.62M (Peak 14.65M) | Time:00:00.00 | Mem:0.00M, Peak:0.00M | Scene, ViewLayer | Synchronizing object | QA-human-leg.003
Fra:1 Mem:14.62M (Peak 14.65M) | Time:00:00.00 | Mem:0.00M, Peak:0.00M | Scene, ViewLayer | Synchronizing object | QA-human-arm.001
Fra:1 Mem:14.62M (Peak 14.65M) | Time:00:00.00 | Mem:0.00M, Peak:0.00M | Scene, ViewLayer | Synchronizing object | QA-human-leg.002
Fra:1 Mem:14.62M (Peak 14.65M) | Time:00:00.00 | Mem:0.00M, Peak:0.00M | Scene, ViewLayer | Synchronizing object | Sphere
Fra:1 Mem:14.62M (Peak 14.65M) | Time:00:00.00 | Mem:0.00M, Peak:0.00M | Scene, ViewLayer | Synchronizing object | QA-human-neck.001
Fra:1 Mem:14.63M (Peak 14.65M) | Time:00:00.00 | Mem:0.00M, Peak:0.00M | Scene, ViewLayer | Synchronizing object | QA-human-torso.001
Fra:1 Mem:14.63M (Peak 14.65M) | Time:00:00.00 | Mem:0.00M, Peak:0.00M | Scene, ViewLayer | Initializing
Fra:1 Mem:13.45M (Peak 14.65M) | Time:00:00.00 | Mem:0.00M, Peak:0.00M | Scene, ViewLayer | Waiting for render to start
Fra:1 Mem:13.46M (Peak 14.65M) | Time:00:00.00 | Mem:0.00M, Peak:0.00M | Scene, ViewLayer | Loading render kernels (may take a few minutes the first time)
Fra:1 Mem:13.46M (Peak 14.65M) | Time:00:00.00 | Mem:0.00M, Peak:0.00M | Scene, ViewLayer | Updating Scene
Fra:1 Mem:13.46M (Peak 14.65M) | Time:00:00.00 | Mem:0.00M, Peak:0.00M | Scene, ViewLayer | Updating Shaders
Fra:1 Mem:13.54M (Peak 14.65M) | Time:00:00.00 | Mem:0.00M, Peak:0.00M | Scene, ViewLayer | Updating Procedurals
Fra:1 Mem:13.54M (Peak 14.65M) | Time:00:00.00 | Mem:0.00M, Peak:0.00M | Scene, ViewLayer | Updating Background
Fra:1 Mem:13.54M (Peak 14.65M) | Time:00:00.00 | Mem:0.00M, Peak:0.00M | Scene, ViewLayer | Updating Camera
Fra:1 Mem:13.54M (Peak 14.65M) | Time:00:00.00 | Mem:0.00M, Peak:0.00M | Scene, ViewLayer | Updating Meshes Flags
Fra:1 Mem:13.54M (Peak 14.65M) | Time:00:00.00 | Mem:0.00M, Peak:0.00M | Scene, ViewLayer | Updating Objects
Fra:1 Mem:13.54M (Peak 14.65M) | Time:00:00.00 | Mem:0.00M, Peak:0.00M | Scene, ViewLayer | Updating Objects | Copying Transformations to device
Fra:1 Mem:13.55M (Peak 14.65M) | Time:00:00.00 | Mem:0.01M, Peak:0.01M | Scene, ViewLayer | Updating Objects | Applying Static Transformations
Fra:1 Mem:13.55M (Peak 14.65M) | Time:00:00.00 | Mem:0.01M, Peak:0.01M | Scene, ViewLayer | Updating Particle Systems
Fra:1 Mem:13.55M (Peak 14.65M) | Time:00:00.00 | Mem:0.01M, Peak:0.01M | Scene, ViewLayer | Updating Particle Systems | Copying Particles to device
Fra:1 Mem:13.55M (Peak 14.65M) | Time:00:00.00 | Mem:0.01M, Peak:0.01M | Scene, ViewLayer | Updating Meshes
Fra:1 Mem:13.56M (Peak 14.65M) | Time:00:00.00 | Mem:0.01M, Peak:0.01M | Scene, ViewLayer | Updating Mesh | Computing attributes
Fra:1 Mem:13.57M (Peak 14.65M) | Time:00:00.00 | Mem:0.01M, Peak:0.01M | Scene, ViewLayer | Updating Mesh | Copying Attributes to device
Fra:1 Mem:13.57M (Peak 14.65M) | Time:00:00.00 | Mem:0.02M, Peak:0.02M | Scene, ViewLayer | Updating Scene BVH | Building
Fra:1 Mem:13.57M (Peak 14.65M) | Time:00:00.00 | Mem:0.02M, Peak:0.02M | Scene, ViewLayer | Updating Scene BVH | Building BVH
Fra:1 Mem:13.57M (Peak 14.65M) | Time:00:00.00 | Mem:0.04M, Peak:0.04M | Scene, ViewLayer | Updating Scene BVH | Building BVH 0%
Fra:1 Mem:13.57M (Peak 14.65M) | Time:00:00.00 | Mem:0.07M, Peak:0.10M | Scene, ViewLayer | Updating Scene BVH | Copying BVH to device
Fra:1 Mem:13.57M (Peak 14.65M) | Time:00:00.00 | Mem:0.07M, Peak:0.10M | Scene, ViewLayer | Updating Mesh | Computing normals
Fra:1 Mem:13.61M (Peak 14.65M) | Time:00:00.00 | Mem:0.07M, Peak:0.10M | Scene, ViewLayer | Updating Mesh | Copying Mesh to device
Fra:1 Mem:13.61M (Peak 14.65M) | Time:00:00.00 | Mem:0.11M, Peak:0.11M | Scene, ViewLayer | Updating Objects Flags
Fra:1 Mem:13.61M (Peak 14.65M) | Time:00:00.00 | Mem:0.11M, Peak:0.11M | Scene, ViewLayer | Updating Primitive Offsets
Fra:1 Mem:13.61M (Peak 14.65M) | Time:00:00.00 | Mem:0.11M, Peak:0.11M | Scene, ViewLayer | Updating Images
Fra:1 Mem:13.61M (Peak 14.65M) | Time:00:00.00 | Mem:0.11M, Peak:0.11M | Scene, ViewLayer | Updating Camera Volume
Fra:1 Mem:13.61M (Peak 14.65M) | Time:00:00.00 | Mem:0.11M, Peak:0.11M | Scene, ViewLayer | Updating Lookup Tables
Fra:1 Mem:13.61M (Peak 14.65M) | Time:00:00.00 | Mem:0.20M, Peak:0.20M | Scene, ViewLayer | Updating Lights
Fra:1 Mem:13.61M (Peak 14.65M) | Time:00:00.00 | Mem:0.20M, Peak:0.20M | Scene, ViewLayer | Updating Lights | Computing tree
Fra:1 Mem:13.61M (Peak 14.65M) | Time:00:00.00 | Mem:0.20M, Peak:0.20M | Scene, ViewLayer | Updating Integrator
Fra:1 Mem:13.61M (Peak 14.65M) | Time:00:00.00 | Mem:0.20M, Peak:0.20M | Scene, ViewLayer | Updating Film
Fra:1 Mem:13.62M (Peak 14.65M) | Time:00:00.00 | Mem:0.12M, Peak:0.20M | Scene, ViewLayer | Updating Lookup Tables
Fra:1 Mem:13.62M (Peak 14.65M) | Time:00:00.00 | Mem:0.20M, Peak:0.20M | Scene, ViewLayer | Updating Baking
Fra:1 Mem:13.62M (Peak 14.65M) | Time:00:00.00 | Mem:0.20M, Peak:0.20M | Scene, ViewLayer | Updating Device | Writing constant memory
Fra:1 Mem:13.62M (Peak 14.65M) | Time:00:00.00 | Mem:0.20M, Peak:0.20M | Scene, ViewLayer | Sample 0/16
Fra:1 Mem:15.87M (Peak 15.87M) | Time:00:00.02 | Remaining:00:00.26 | Mem:2.45M, Peak:2.45M | Scene, ViewLayer | Sample 1/16
Fra:1 Mem:16.88M (Peak 18.88M) | Time:00:00.23 | Mem:2.45M, Peak:2.45M | Scene, ViewLayer | Sample 16/16
Fra:1 Mem:16.88M (Peak 18.88M) | Time:00:00.23 | Mem:2.45M, Peak:2.45M | Scene, ViewLayer | Finished
Saved: '/tmp/street-furniture-qa-4q7zi_2_/fire-hydrant.lod1.side.png'
Time: 00:00.24 (Saving: 00:00.00)

Extensions: writing cache failed ([Errno 30] Read-only file system: '/home/agent/.config/blender').
15:54:48 | INFO: Data are loaded, start creating Blender stuff
15:54:48 | INFO: Blender create Mesh node hydrant-body
15:54:48 | INFO: glTF import finished in 0.00s
Fra:1 Mem:14.55M (Peak 14.55M) | Time:00:00.00 | Mem:0.00M, Peak:0.00M | Scene, ViewLayer | Synchronizing object | metal
Fra:1 Mem:14.65M (Peak 14.65M) | Time:00:00.00 | Mem:0.00M, Peak:0.00M | Scene, ViewLayer | Synchronizing object | QA-ground-plane
Fra:1 Mem:14.61M (Peak 14.65M) | Time:00:00.00 | Mem:0.00M, Peak:0.00M | Scene, ViewLayer | Synchronizing object | QA-1m-ruler-tenth.009
Fra:1 Mem:14.64M (Peak 14.65M) | Time:00:00.00 | Mem:0.00M, Peak:0.00M | Scene, ViewLayer | Synchronizing object | QA-1m-ruler-tenth.008
Fra:1 Mem:14.64M (Peak 14.65M) | Time:00:00.00 | Mem:0.00M, Peak:0.00M | Scene, ViewLayer | Synchronizing object | QA-1m-ruler-tenth.007
Fra:1 Mem:14.62M (Peak 14.65M) | Time:00:00.00 | Mem:0.00M, Peak:0.00M | Scene, ViewLayer | Synchronizing object | QA-1m-ruler-tenth.006
Fra:1 Mem:14.63M (Peak 14.65M) | Time:00:00.00 | Mem:0.00M, Peak:0.00M | Scene, ViewLayer | Synchronizing object | QA-1m-ruler-tenth.005
Fra:1 Mem:14.64M (Peak 14.65M) | Time:00:00.00 | Mem:0.00M, Peak:0.00M | Scene, ViewLayer | Synchronizing object | QA-1m-ruler-tenth.004
Fra:1 Mem:14.64M (Peak 14.65M) | Time:00:00.00 | Mem:0.00M, Peak:0.00M | Scene, ViewLayer | Synchronizing object | QA-1m-ruler-tenth.003
Fra:1 Mem:14.60M (Peak 14.65M) | Time:00:00.00 | Mem:0.00M, Peak:0.00M | Scene, ViewLayer | Synchronizing object | QA-1m-ruler-tenth.002
Fra:1 Mem:14.60M (Peak 14.65M) | Time:00:00.00 | Mem:0.00M, Peak:0.00M | Scene, ViewLayer | Synchronizing object | QA-1m-ruler-tenth.001
Fra:1 Mem:14.60M (Peak 14.65M) | Time:00:00.00 | Mem:0.00M, Peak:0.00M | Scene, ViewLayer | Synchronizing object | QA-human-torso
Fra:1 Mem:14.60M (Peak 14.65M) | Time:00:00.00 | Mem:0.00M, Peak:0.00M | Scene, ViewLayer | Synchronizing object | QA-1m-ruler-tenth
Fra:1 Mem:14.60M (Peak 14.65M) | Time:00:00.00 | Mem:0.00M, Peak:0.00M | Scene, ViewLayer | Synchronizing object | QA-human-neck
Fra:1 Mem:14.60M (Peak 14.65M) | Time:00:00.00 | Mem:0.00M, Peak:0.00M | Scene, ViewLayer | Synchronizing object | Sphere.001
Fra:1 Mem:14.61M (Peak 14.65M) | Time:00:00.00 | Mem:0.00M, Peak:0.00M | Scene, ViewLayer | Synchronizing object | QA-human-leg
Fra:1 Mem:14.61M (Peak 14.65M) | Time:00:00.00 | Mem:0.00M, Peak:0.00M | Scene, ViewLayer | Synchronizing object | QA-human-leg.001
Fra:1 Mem:14.61M (Peak 14.65M) | Time:00:00.00 | Mem:0.00M, Peak:0.00M | Scene, ViewLayer | Synchronizing object | QA-human-arm.003
Fra:1 Mem:14.62M (Peak 14.65M) | Time:00:00.00 | Mem:0.00M, Peak:0.00M | Scene, ViewLayer | Synchronizing object | QA-human-arm
Fra:1 Mem:14.62M (Peak 14.65M) | Time:00:00.00 | Mem:0.00M, Peak:0.00M | Scene, ViewLayer | Synchronizing object | QA-human-arm.002
Fra:1 Mem:14.62M (Peak 14.65M) | Time:00:00.00 | Mem:0.00M, Peak:0.00M | Scene, ViewLayer | Synchronizing object | QA-human-arm.001
Fra:1 Mem:14.62M (Peak 14.65M) | Time:00:00.00 | Mem:0.00M, Peak:0.00M | Scene, ViewLayer | Synchronizing object | QA-human-leg.003
Fra:1 Mem:14.62M (Peak 14.65M) | Time:00:00.00 | Mem:0.00M, Peak:0.00M | Scene, ViewLayer | Synchronizing object | Sphere
Fra:1 Mem:14.62M (Peak 14.65M) | Time:00:00.00 | Mem:0.00M, Peak:0.00M | Scene, ViewLayer | Synchronizing object | QA-human-leg.002
Fra:1 Mem:14.63M (Peak 14.65M) | Time:00:00.00 | Mem:0.00M, Peak:0.00M | Scene, ViewLayer | Synchronizing object | QA-human-neck.001
Fra:1 Mem:14.63M (Peak 14.65M) | Time:00:00.00 | Mem:0.00M, Peak:0.00M | Scene, ViewLayer | Synchronizing object | QA-human-torso.001
Fra:1 Mem:14.63M (Peak 14.65M) | Time:00:00.00 | Mem:0.00M, Peak:0.00M | Scene, ViewLayer | Initializing
Fra:1 Mem:13.45M (Peak 14.65M) | Time:00:00.00 | Mem:0.00M, Peak:0.00M | Scene, ViewLayer | Waiting for render to start
Fra:1 Mem:13.46M (Peak 14.65M) | Time:00:00.00 | Mem:0.00M, Peak:0.00M | Scene, ViewLayer | Loading render kernels (may take a few minutes the first time)
Fra:1 Mem:13.46M (Peak 14.65M) | Time:00:00.00 | Mem:0.00M, Peak:0.00M | Scene, ViewLayer | Updating Scene
Fra:1 Mem:13.46M (Peak 14.65M) | Time:00:00.00 | Mem:0.00M, Peak:0.00M | Scene, ViewLayer | Updating Shaders
Fra:1 Mem:13.54M (Peak 14.65M) | Time:00:00.00 | Mem:0.00M, Peak:0.00M | Scene, ViewLayer | Updating Procedurals
Fra:1 Mem:13.54M (Peak 14.65M) | Time:00:00.00 | Mem:0.00M, Peak:0.00M | Scene, ViewLayer | Updating Background
Fra:1 Mem:13.54M (Peak 14.65M) | Time:00:00.00 | Mem:0.00M, Peak:0.00M | Scene, ViewLayer | Updating Camera
Fra:1 Mem:13.54M (Peak 14.65M) | Time:00:00.00 | Mem:0.00M, Peak:0.00M | Scene, ViewLayer | Updating Meshes Flags
Fra:1 Mem:13.54M (Peak 14.65M) | Time:00:00.00 | Mem:0.00M, Peak:0.00M | Scene, ViewLayer | Updating Objects
Fra:1 Mem:13.54M (Peak 14.65M) | Time:00:00.00 | Mem:0.00M, Peak:0.00M | Scene, ViewLayer | Updating Objects | Copying Transformations to device
Fra:1 Mem:13.55M (Peak 14.65M) | Time:00:00.00 | Mem:0.01M, Peak:0.01M | Scene, ViewLayer | Updating Objects | Applying Static Transformations
Fra:1 Mem:13.55M (Peak 14.65M) | Time:00:00.00 | Mem:0.01M, Peak:0.01M | Scene, ViewLayer | Updating Particle Systems
Fra:1 Mem:13.55M (Peak 14.65M) | Time:00:00.00 | Mem:0.01M, Peak:0.01M | Scene, ViewLayer | Updating Particle Systems | Copying Particles to device
Fra:1 Mem:13.55M (Peak 14.65M) | Time:00:00.00 | Mem:0.01M, Peak:0.01M | Scene, ViewLayer | Updating Meshes
Fra:1 Mem:13.56M (Peak 14.65M) | Time:00:00.00 | Mem:0.01M, Peak:0.01M | Scene, ViewLayer | Updating Mesh | Computing attributes
Fra:1 Mem:13.57M (Peak 14.65M) | Time:00:00.00 | Mem:0.01M, Peak:0.01M | Scene, ViewLayer | Updating Mesh | Copying Attributes to device
Fra:1 Mem:13.57M (Peak 14.65M) | Time:00:00.00 | Mem:0.02M, Peak:0.02M | Scene, ViewLayer | Updating Scene BVH | Building
Fra:1 Mem:13.57M (Peak 14.65M) | Time:00:00.00 | Mem:0.02M, Peak:0.02M | Scene, ViewLayer | Updating Scene BVH | Building BVH
Fra:1 Mem:13.57M (Peak 14.65M) | Time:00:00.00 | Mem:0.04M, Peak:0.04M | Scene, ViewLayer | Updating Scene BVH | Building BVH 0%
Fra:1 Mem:13.57M (Peak 14.65M) | Time:00:00.00 | Mem:0.07M, Peak:0.10M | Scene, ViewLayer | Updating Scene BVH | Copying BVH to device
Fra:1 Mem:13.57M (Peak 14.65M) | Time:00:00.00 | Mem:0.07M, Peak:0.10M | Scene, ViewLayer | Updating Mesh | Computing normals
Fra:1 Mem:13.61M (Peak 14.65M) | Time:00:00.00 | Mem:0.07M, Peak:0.10M | Scene, ViewLayer | Updating Mesh | Copying Mesh to device
Fra:1 Mem:13.61M (Peak 14.65M) | Time:00:00.00 | Mem:0.11M, Peak:0.11M | Scene, ViewLayer | Updating Objects Flags
Fra:1 Mem:13.61M (Peak 14.65M) | Time:00:00.00 | Mem:0.11M, Peak:0.11M | Scene, ViewLayer | Updating Primitive Offsets
Fra:1 Mem:13.61M (Peak 14.65M) | Time:00:00.00 | Mem:0.11M, Peak:0.11M | Scene, ViewLayer | Updating Images
Fra:1 Mem:13.61M (Peak 14.65M) | Time:00:00.00 | Mem:0.11M, Peak:0.11M | Scene, ViewLayer | Updating Camera Volume
Fra:1 Mem:13.61M (Peak 14.65M) | Time:00:00.00 | Mem:0.11M, Peak:0.11M | Scene, ViewLayer | Updating Lookup Tables
Fra:1 Mem:13.61M (Peak 14.65M) | Time:00:00.00 | Mem:0.20M, Peak:0.20M | Scene, ViewLayer | Updating Lights
Fra:1 Mem:13.61M (Peak 14.65M) | Time:00:00.00 | Mem:0.20M, Peak:0.20M | Scene, ViewLayer | Updating Lights | Computing tree
Fra:1 Mem:13.61M (Peak 14.65M) | Time:00:00.00 | Mem:0.20M, Peak:0.20M | Scene, ViewLayer | Updating Integrator
Fra:1 Mem:13.61M (Peak 14.65M) | Time:00:00.00 | Mem:0.20M, Peak:0.20M | Scene, ViewLayer | Updating Film
Fra:1 Mem:13.62M (Peak 14.65M) | Time:00:00.00 | Mem:0.12M, Peak:0.20M | Scene, ViewLayer | Updating Lookup Tables
Fra:1 Mem:13.62M (Peak 14.65M) | Time:00:00.00 | Mem:0.20M, Peak:0.20M | Scene, ViewLayer | Updating Baking
Fra:1 Mem:13.62M (Peak 14.65M) | Time:00:00.00 | Mem:0.20M, Peak:0.20M | Scene, ViewLayer | Updating Device | Writing constant memory
Fra:1 Mem:13.62M (Peak 14.65M) | Time:00:00.00 | Mem:0.20M, Peak:0.20M | Scene, ViewLayer | Sample 0/16
Fra:1 Mem:15.87M (Peak 15.87M) | Time:00:00.02 | Remaining:00:00.30 | Mem:2.45M, Peak:2.45M | Scene, ViewLayer | Sample 1/16
Fra:1 Mem:16.88M (Peak 18.88M) | Time:00:00.27 | Mem:2.45M, Peak:2.45M | Scene, ViewLayer | Sample 16/16
Fra:1 Mem:16.88M (Peak 18.88M) | Time:00:00.27 | Mem:2.45M, Peak:2.45M | Scene, ViewLayer | Finished
Saved: '/tmp/street-furniture-qa-4q7zi_2_/fire-hydrant.lod1.rear.png'
Time: 00:00.28 (Saving: 00:00.00)

Extensions: writing cache failed ([Errno 30] Read-only file system: '/home/agent/.config/blender').
15:54:49 | INFO: Data are loaded, start creating Blender stuff
15:54:49 | INFO: Blender create Mesh node hydrant-body
15:54:49 | INFO: glTF import finished in 0.00s
Fra:1 Mem:14.55M (Peak 14.55M) | Time:00:00.00 | Mem:0.00M, Peak:0.00M | Scene, ViewLayer | Synchronizing object | metal
Fra:1 Mem:14.64M (Peak 14.64M) | Time:00:00.00 | Mem:0.00M, Peak:0.00M | Scene, ViewLayer | Synchronizing object | QA-ground-plane
Fra:1 Mem:14.66M (Peak 14.66M) | Time:00:00.00 | Mem:0.00M, Peak:0.00M | Scene, ViewLayer | Synchronizing object | QA-1m-ruler-tenth.009
Fra:1 Mem:14.58M (Peak 14.66M) | Time:00:00.00 | Mem:0.00M, Peak:0.00M | Scene, ViewLayer | Synchronizing object | QA-1m-ruler-tenth.008
Fra:1 Mem:14.60M (Peak 14.66M) | Time:00:00.00 | Mem:0.00M, Peak:0.00M | Scene, ViewLayer | Synchronizing object | QA-1m-ruler-tenth.007
Fra:1 Mem:14.61M (Peak 14.66M) | Time:00:00.00 | Mem:0.00M, Peak:0.00M | Scene, ViewLayer | Synchronizing object | QA-1m-ruler-tenth.006
Fra:1 Mem:14.61M (Peak 14.66M) | Time:00:00.00 | Mem:0.00M, Peak:0.00M | Scene, ViewLayer | Synchronizing object | QA-1m-ruler-tenth.005
Fra:1 Mem:14.64M (Peak 14.66M) | Time:00:00.00 | Mem:0.00M, Peak:0.00M | Scene, ViewLayer | Synchronizing object | QA-1m-ruler-tenth.004
Fra:1 Mem:14.64M (Peak 14.66M) | Time:00:00.00 | Mem:0.00M, Peak:0.00M | Scene, ViewLayer | Synchronizing object | QA-1m-ruler-tenth.003
Fra:1 Mem:14.64M (Peak 14.66M) | Time:00:00.00 | Mem:0.00M, Peak:0.00M | Scene, ViewLayer | Synchronizing object | QA-1m-ruler-tenth.002
Fra:1 Mem:14.65M (Peak 14.66M) | Time:00:00.00 | Mem:0.00M, Peak:0.00M | Scene, ViewLayer | Synchronizing object | QA-1m-ruler-tenth.001
Fra:1 Mem:14.62M (Peak 14.66M) | Time:00:00.00 | Mem:0.00M, Peak:0.00M | Scene, ViewLayer | Synchronizing object | QA-1m-ruler-tenth
Fra:1 Mem:14.63M (Peak 14.66M) | Time:00:00.00 | Mem:0.00M, Peak:0.00M | Scene, ViewLayer | Synchronizing object | Sphere.001
Fra:1 Mem:14.61M (Peak 14.66M) | Time:00:00.00 | Mem:0.00M, Peak:0.00M | Scene, ViewLayer | Synchronizing object | QA-human-arm.003
Fra:1 Mem:14.62M (Peak 14.66M) | Time:00:00.00 | Mem:0.00M, Peak:0.00M | Scene, ViewLayer | Synchronizing object | QA-human-arm.002
Fra:1 Mem:14.61M (Peak 14.66M) | Time:00:00.00 | Mem:0.00M, Peak:0.00M | Scene, ViewLayer | Synchronizing object | QA-human-torso
Fra:1 Mem:14.61M (Peak 14.66M) | Time:00:00.00 | Mem:0.00M, Peak:0.00M | Scene, ViewLayer | Synchronizing object | QA-human-leg.003
Fra:1 Mem:14.61M (Peak 14.66M) | Time:00:00.00 | Mem:0.00M, Peak:0.00M | Scene, ViewLayer | Synchronizing object | QA-human-neck
Fra:1 Mem:14.61M (Peak 14.66M) | Time:00:00.00 | Mem:0.00M, Peak:0.00M | Scene, ViewLayer | Synchronizing object | QA-human-leg.002
Fra:1 Mem:14.62M (Peak 14.66M) | Time:00:00.00 | Mem:0.00M, Peak:0.00M | Scene, ViewLayer | Synchronizing object | QA-human-neck.001
Fra:1 Mem:14.62M (Peak 14.66M) | Time:00:00.00 | Mem:0.00M, Peak:0.00M | Scene, ViewLayer | Synchronizing object | QA-human-leg
Fra:1 Mem:14.62M (Peak 14.66M) | Time:00:00.00 | Mem:0.00M, Peak:0.00M | Scene, ViewLayer | Synchronizing object | QA-human-torso.001
Fra:1 Mem:14.62M (Peak 14.66M) | Time:00:00.00 | Mem:0.00M, Peak:0.00M | Scene, ViewLayer | Synchronizing object | QA-human-leg.001
Fra:1 Mem:14.62M (Peak 14.66M) | Time:00:00.00 | Mem:0.00M, Peak:0.00M | Scene, ViewLayer | Synchronizing object | Sphere
Fra:1 Mem:14.63M (Peak 14.66M) | Time:00:00.00 | Mem:0.00M, Peak:0.00M | Scene, ViewLayer | Synchronizing object | QA-human-arm
Fra:1 Mem:14.63M (Peak 14.66M) | Time:00:00.00 | Mem:0.00M, Peak:0.00M | Scene, ViewLayer | Synchronizing object | QA-human-arm.001
Fra:1 Mem:14.63M (Peak 14.66M) | Time:00:00.00 | Mem:0.00M, Peak:0.00M | Scene, ViewLayer | Initializing
Fra:1 Mem:13.45M (Peak 14.66M) | Time:00:00.00 | Mem:0.00M, Peak:0.00M | Scene, ViewLayer | Waiting for render to start
Fra:1 Mem:13.46M (Peak 14.66M) | Time:00:00.00 | Mem:0.00M, Peak:0.00M | Scene, ViewLayer | Loading render kernels (may take a few minutes the first time)
Fra:1 Mem:13.46M (Peak 14.66M) | Time:00:00.00 | Mem:0.00M, Peak:0.00M | Scene, ViewLayer | Updating Scene
Fra:1 Mem:13.46M (Peak 14.66M) | Time:00:00.00 | Mem:0.00M, Peak:0.00M | Scene, ViewLayer | Updating Shaders
Fra:1 Mem:13.54M (Peak 14.66M) | Time:00:00.00 | Mem:0.00M, Peak:0.00M | Scene, ViewLayer | Updating Procedurals
Fra:1 Mem:13.54M (Peak 14.66M) | Time:00:00.00 | Mem:0.00M, Peak:0.00M | Scene, ViewLayer | Updating Background
Fra:1 Mem:13.54M (Peak 14.66M) | Time:00:00.00 | Mem:0.00M, Peak:0.00M | Scene, ViewLayer | Updating Camera
Fra:1 Mem:13.54M (Peak 14.66M) | Time:00:00.00 | Mem:0.00M, Peak:0.00M | Scene, ViewLayer | Updating Meshes Flags
Fra:1 Mem:13.54M (Peak 14.66M) | Time:00:00.00 | Mem:0.00M, Peak:0.00M | Scene, ViewLayer | Updating Objects
Fra:1 Mem:13.54M (Peak 14.66M) | Time:00:00.00 | Mem:0.00M, Peak:0.00M | Scene, ViewLayer | Updating Objects | Copying Transformations to device
Fra:1 Mem:13.55M (Peak 14.66M) | Time:00:00.00 | Mem:0.01M, Peak:0.01M | Scene, ViewLayer | Updating Objects | Applying Static Transformations
Fra:1 Mem:13.55M (Peak 14.66M) | Time:00:00.00 | Mem:0.01M, Peak:0.01M | Scene, ViewLayer | Updating Particle Systems
Fra:1 Mem:13.55M (Peak 14.66M) | Time:00:00.00 | Mem:0.01M, Peak:0.01M | Scene, ViewLayer | Updating Particle Systems | Copying Particles to device
Fra:1 Mem:13.55M (Peak 14.66M) | Time:00:00.00 | Mem:0.01M, Peak:0.01M | Scene, ViewLayer | Updating Meshes
Fra:1 Mem:13.56M (Peak 14.66M) | Time:00:00.00 | Mem:0.01M, Peak:0.01M | Scene, ViewLayer | Updating Mesh | Computing attributes
Fra:1 Mem:13.57M (Peak 14.66M) | Time:00:00.00 | Mem:0.01M, Peak:0.01M | Scene, ViewLayer | Updating Mesh | Copying Attributes to device
Fra:1 Mem:13.57M (Peak 14.66M) | Time:00:00.00 | Mem:0.02M, Peak:0.02M | Scene, ViewLayer | Updating Scene BVH | Building
Fra:1 Mem:13.57M (Peak 14.66M) | Time:00:00.00 | Mem:0.02M, Peak:0.02M | Scene, ViewLayer | Updating Scene BVH | Building BVH
Fra:1 Mem:13.57M (Peak 14.66M) | Time:00:00.00 | Mem:0.04M, Peak:0.04M | Scene, ViewLayer | Updating Scene BVH | Building BVH 0%
Fra:1 Mem:13.57M (Peak 14.66M) | Time:00:00.00 | Mem:0.07M, Peak:0.10M | Scene, ViewLayer | Updating Scene BVH | Copying BVH to device
Fra:1 Mem:13.57M (Peak 14.66M) | Time:00:00.00 | Mem:0.07M, Peak:0.10M | Scene, ViewLayer | Updating Mesh | Computing normals
Fra:1 Mem:13.61M (Peak 14.66M) | Time:00:00.00 | Mem:0.07M, Peak:0.10M | Scene, ViewLayer | Updating Mesh | Copying Mesh to device
Fra:1 Mem:13.61M (Peak 14.66M) | Time:00:00.00 | Mem:0.11M, Peak:0.11M | Scene, ViewLayer | Updating Objects Flags
Fra:1 Mem:13.61M (Peak 14.66M) | Time:00:00.00 | Mem:0.11M, Peak:0.11M | Scene, ViewLayer | Updating Primitive Offsets
Fra:1 Mem:13.61M (Peak 14.66M) | Time:00:00.00 | Mem:0.11M, Peak:0.11M | Scene, ViewLayer | Updating Images
Fra:1 Mem:13.61M (Peak 14.66M) | Time:00:00.00 | Mem:0.11M, Peak:0.11M | Scene, ViewLayer | Updating Camera Volume
Fra:1 Mem:13.61M (Peak 14.66M) | Time:00:00.00 | Mem:0.11M, Peak:0.11M | Scene, ViewLayer | Updating Lookup Tables
Fra:1 Mem:13.61M (Peak 14.66M) | Time:00:00.00 | Mem:0.20M, Peak:0.20M | Scene, ViewLayer | Updating Lights
Fra:1 Mem:13.61M (Peak 14.66M) | Time:00:00.00 | Mem:0.20M, Peak:0.20M | Scene, ViewLayer | Updating Lights | Computing tree
Fra:1 Mem:13.61M (Peak 14.66M) | Time:00:00.00 | Mem:0.20M, Peak:0.20M | Scene, ViewLayer | Updating Integrator
Fra:1 Mem:13.61M (Peak 14.66M) | Time:00:00.00 | Mem:0.20M, Peak:0.20M | Scene, ViewLayer | Updating Film
Fra:1 Mem:13.62M (Peak 14.66M) | Time:00:00.00 | Mem:0.12M, Peak:0.20M | Scene, ViewLayer | Updating Lookup Tables
Fra:1 Mem:13.62M (Peak 14.66M) | Time:00:00.00 | Mem:0.20M, Peak:0.20M | Scene, ViewLayer | Updating Baking
Fra:1 Mem:13.62M (Peak 14.66M) | Time:00:00.00 | Mem:0.20M, Peak:0.20M | Scene, ViewLayer | Updating Device | Writing constant memory
Fra:1 Mem:13.62M (Peak 14.66M) | Time:00:00.00 | Mem:0.20M, Peak:0.20M | Scene, ViewLayer | Sample 0/16
Fra:1 Mem:15.88M (Peak 15.88M) | Time:00:00.06 | Remaining:00:00.87 | Mem:2.45M, Peak:2.45M | Scene, ViewLayer | Sample 1/16
Fra:1 Mem:16.88M (Peak 18.88M) | Time:00:00.86 | Mem:2.45M, Peak:2.45M | Scene, ViewLayer | Sample 16/16
Fra:1 Mem:16.88M (Peak 18.88M) | Time:00:00.86 | Mem:2.45M, Peak:2.45M | Scene, ViewLayer | Finished
Saved: '/tmp/street-furniture-qa-4q7zi_2_/fire-hydrant.lod1.top.png'
Time: 00:00.87 (Saving: 00:00.00)

Extensions: writing cache failed ([Errno 30] Read-only file system: '/home/agent/.config/blender').
15:54:50 | INFO: Data are loaded, start creating Blender stuff
15:54:50 | INFO: Blender create Mesh node hydrant-body
15:54:50 | INFO: glTF import finished in 0.00s
Fra:1 Mem:14.57M (Peak 14.57M) | Time:00:00.00 | Mem:0.00M, Peak:0.00M | Scene, ViewLayer | Synchronizing object | metal
Fra:1 Mem:14.73M (Peak 14.73M) | Time:00:00.00 | Mem:0.00M, Peak:0.00M | Scene, ViewLayer | Synchronizing object | QA-ground-plane
Fra:1 Mem:14.62M (Peak 14.73M) | Time:00:00.00 | Mem:0.00M, Peak:0.00M | Scene, ViewLayer | Synchronizing object | QA-1m-ruler-tenth.009
Fra:1 Mem:14.64M (Peak 14.73M) | Time:00:00.00 | Mem:0.00M, Peak:0.00M | Scene, ViewLayer | Synchronizing object | QA-1m-ruler-tenth.008
Fra:1 Mem:14.65M (Peak 14.73M) | Time:00:00.00 | Mem:0.00M, Peak:0.00M | Scene, ViewLayer | Synchronizing object | QA-1m-ruler-tenth.007
Fra:1 Mem:14.66M (Peak 14.73M) | Time:00:00.00 | Mem:0.00M, Peak:0.00M | Scene, ViewLayer | Synchronizing object | QA-1m-ruler-tenth.006
Fra:1 Mem:14.66M (Peak 14.73M) | Time:00:00.00 | Mem:0.00M, Peak:0.00M | Scene, ViewLayer | Synchronizing object | QA-1m-ruler-tenth.005
Fra:1 Mem:14.66M (Peak 14.73M) | Time:00:00.00 | Mem:0.00M, Peak:0.00M | Scene, ViewLayer | Synchronizing object | QA-1m-ruler-tenth.004
Fra:1 Mem:14.67M (Peak 14.73M) | Time:00:00.00 | Mem:0.00M, Peak:0.00M | Scene, ViewLayer | Synchronizing object | QA-1m-ruler-tenth.003
Fra:1 Mem:14.72M (Peak 14.73M) | Time:00:00.00 | Mem:0.00M, Peak:0.00M | Scene, ViewLayer | Synchronizing object | QA-1m-ruler-tenth.002
Fra:1 Mem:14.72M (Peak 14.73M) | Time:00:00.00 | Mem:0.00M, Peak:0.00M | Scene, ViewLayer | Synchronizing object | QA-1m-ruler-tenth.001
Fra:1 Mem:14.72M (Peak 14.73M) | Time:00:00.00 | Mem:0.00M, Peak:0.00M | Scene, ViewLayer | Synchronizing object | QA-1m-ruler-tenth
Fra:1 Mem:14.72M (Peak 14.73M) | Time:00:00.00 | Mem:0.00M, Peak:0.00M | Scene, ViewLayer | Synchronizing object | Sphere.001
Fra:1 Mem:14.73M (Peak 14.73M) | Time:00:00.00 | Mem:0.00M, Peak:0.00M | Scene, ViewLayer | Synchronizing object | QA-human-arm.003
Fra:1 Mem:14.73M (Peak 14.73M) | Time:00:00.00 | Mem:0.00M, Peak:0.00M | Scene, ViewLayer | Synchronizing object | QA-human-arm.002
Fra:1 Mem:14.70M (Peak 14.73M) | Time:00:00.00 | Mem:0.00M, Peak:0.00M | Scene, ViewLayer | Synchronizing object | QA-human-leg.003
Fra:1 Mem:14.71M (Peak 14.73M) | Time:00:00.00 | Mem:0.00M, Peak:0.00M | Scene, ViewLayer | Synchronizing object | QA-human-leg.002
Fra:1 Mem:14.73M (Peak 14.73M) | Time:00:00.00 | Mem:0.00M, Peak:0.00M | Scene, ViewLayer | Synchronizing object | QA-human-neck.001
Fra:1 Mem:14.73M (Peak 14.73M) | Time:00:00.00 | Mem:0.00M, Peak:0.00M | Scene, ViewLayer | Synchronizing object | QA-human-torso.001
Fra:1 Mem:14.66M (Peak 14.73M) | Time:00:00.00 | Mem:0.00M, Peak:0.00M | Scene, ViewLayer | Synchronizing object | Sphere
Fra:1 Mem:14.67M (Peak 14.73M) | Time:00:00.00 | Mem:0.00M, Peak:0.00M | Scene, ViewLayer | Synchronizing object | QA-human-torso
Fra:1 Mem:14.68M (Peak 14.73M) | Time:00:00.00 | Mem:0.00M, Peak:0.00M | Scene, ViewLayer | Synchronizing object | QA-human-arm.001
Fra:1 Mem:14.68M (Peak 14.73M) | Time:00:00.00 | Mem:0.00M, Peak:0.00M | Scene, ViewLayer | Synchronizing object | QA-human-neck
Fra:1 Mem:14.68M (Peak 14.73M) | Time:00:00.00 | Mem:0.00M, Peak:0.00M | Scene, ViewLayer | Synchronizing object | QA-human-arm
Fra:1 Mem:14.68M (Peak 14.73M) | Time:00:00.00 | Mem:0.00M, Peak:0.00M | Scene, ViewLayer | Synchronizing object | QA-human-leg
Fra:1 Mem:14.68M (Peak 14.73M) | Time:00:00.00 | Mem:0.00M, Peak:0.00M | Scene, ViewLayer | Synchronizing object | QA-human-leg.001
Fra:1 Mem:14.68M (Peak 14.73M) | Time:00:00.00 | Mem:0.00M, Peak:0.00M | Scene, ViewLayer | Initializing
Fra:1 Mem:13.50M (Peak 14.73M) | Time:00:00.00 | Mem:0.00M, Peak:0.00M | Scene, ViewLayer | Waiting for render to start
Fra:1 Mem:13.50M (Peak 14.73M) | Time:00:00.00 | Mem:0.00M, Peak:0.00M | Scene, ViewLayer | Loading render kernels (may take a few minutes the first time)
Fra:1 Mem:13.50M (Peak 14.73M) | Time:00:00.00 | Mem:0.00M, Peak:0.00M | Scene, ViewLayer | Updating Scene
Fra:1 Mem:13.50M (Peak 14.73M) | Time:00:00.00 | Mem:0.00M, Peak:0.00M | Scene, ViewLayer | Updating Shaders
Fra:1 Mem:13.59M (Peak 14.73M) | Time:00:00.00 | Mem:0.00M, Peak:0.00M | Scene, ViewLayer | Updating Procedurals
Fra:1 Mem:13.59M (Peak 14.73M) | Time:00:00.00 | Mem:0.00M, Peak:0.00M | Scene, ViewLayer | Updating Background
Fra:1 Mem:13.59M (Peak 14.73M) | Time:00:00.00 | Mem:0.00M, Peak:0.00M | Scene, ViewLayer | Updating Camera
Fra:1 Mem:13.59M (Peak 14.73M) | Time:00:00.00 | Mem:0.00M, Peak:0.00M | Scene, ViewLayer | Updating Meshes Flags
Fra:1 Mem:13.59M (Peak 14.73M) | Time:00:00.00 | Mem:0.00M, Peak:0.00M | Scene, ViewLayer | Updating Objects
Fra:1 Mem:13.59M (Peak 14.73M) | Time:00:00.00 | Mem:0.00M, Peak:0.00M | Scene, ViewLayer | Updating Objects | Copying Transformations to device
Fra:1 Mem:13.60M (Peak 14.73M) | Time:00:00.00 | Mem:0.01M, Peak:0.01M | Scene, ViewLayer | Updating Objects | Applying Static Transformations
Fra:1 Mem:13.60M (Peak 14.73M) | Time:00:00.00 | Mem:0.01M, Peak:0.01M | Scene, ViewLayer | Updating Particle Systems
Fra:1 Mem:13.60M (Peak 14.73M) | Time:00:00.00 | Mem:0.01M, Peak:0.01M | Scene, ViewLayer | Updating Particle Systems | Copying Particles to device
Fra:1 Mem:13.60M (Peak 14.73M) | Time:00:00.00 | Mem:0.01M, Peak:0.01M | Scene, ViewLayer | Updating Meshes
Fra:1 Mem:13.61M (Peak 14.73M) | Time:00:00.00 | Mem:0.01M, Peak:0.01M | Scene, ViewLayer | Updating Mesh | Computing attributes
Fra:1 Mem:13.63M (Peak 14.73M) | Time:00:00.00 | Mem:0.01M, Peak:0.01M | Scene, ViewLayer | Updating Mesh | Copying Attributes to device
Fra:1 Mem:13.63M (Peak 14.73M) | Time:00:00.00 | Mem:0.03M, Peak:0.03M | Scene, ViewLayer | Updating Scene BVH | Building
Fra:1 Mem:13.63M (Peak 14.73M) | Time:00:00.00 | Mem:0.03M, Peak:0.03M | Scene, ViewLayer | Updating Scene BVH | Building BVH
Fra:1 Mem:13.63M (Peak 14.73M) | Time:00:00.00 | Mem:0.05M, Peak:0.05M | Scene, ViewLayer | Updating Scene BVH | Building BVH 0%
Fra:1 Mem:13.63M (Peak 14.73M) | Time:00:00.00 | Mem:0.08M, Peak:0.11M | Scene, ViewLayer | Updating Scene BVH | Copying BVH to device
Fra:1 Mem:13.63M (Peak 14.73M) | Time:00:00.00 | Mem:0.08M, Peak:0.11M | Scene, ViewLayer | Updating Mesh | Computing normals
Fra:1 Mem:13.68M (Peak 14.73M) | Time:00:00.00 | Mem:0.08M, Peak:0.11M | Scene, ViewLayer | Updating Mesh | Copying Mesh to device
Fra:1 Mem:13.68M (Peak 14.73M) | Time:00:00.00 | Mem:0.14M, Peak:0.14M | Scene, ViewLayer | Updating Objects Flags
Fra:1 Mem:13.68M (Peak 14.73M) | Time:00:00.00 | Mem:0.14M, Peak:0.14M | Scene, ViewLayer | Updating Primitive Offsets
Fra:1 Mem:13.68M (Peak 14.73M) | Time:00:00.00 | Mem:0.14M, Peak:0.14M | Scene, ViewLayer | Updating Images
Fra:1 Mem:13.68M (Peak 14.73M) | Time:00:00.00 | Mem:0.14M, Peak:0.14M | Scene, ViewLayer | Updating Camera Volume
Fra:1 Mem:13.68M (Peak 14.73M) | Time:00:00.00 | Mem:0.14M, Peak:0.14M | Scene, ViewLayer | Updating Lookup Tables
Fra:1 Mem:13.68M (Peak 14.73M) | Time:00:00.00 | Mem:0.22M, Peak:0.22M | Scene, ViewLayer | Updating Lights
Fra:1 Mem:13.68M (Peak 14.73M) | Time:00:00.00 | Mem:0.22M, Peak:0.22M | Scene, ViewLayer | Updating Lights | Computing tree
Fra:1 Mem:13.68M (Peak 14.73M) | Time:00:00.00 | Mem:0.22M, Peak:0.22M | Scene, ViewLayer | Updating Integrator
Fra:1 Mem:13.68M (Peak 14.73M) | Time:00:00.00 | Mem:0.22M, Peak:0.22M | Scene, ViewLayer | Updating Film
Fra:1 Mem:13.69M (Peak 14.73M) | Time:00:00.00 | Mem:0.14M, Peak:0.22M | Scene, ViewLayer | Updating Lookup Tables
Fra:1 Mem:13.69M (Peak 14.73M) | Time:00:00.00 | Mem:0.22M, Peak:0.22M | Scene, ViewLayer | Updating Baking
Fra:1 Mem:13.69M (Peak 14.73M) | Time:00:00.00 | Mem:0.22M, Peak:0.22M | Scene, ViewLayer | Updating Device | Writing constant memory
Fra:1 Mem:13.69M (Peak 14.73M) | Time:00:00.00 | Mem:0.22M, Peak:0.22M | Scene, ViewLayer | Sample 0/16
Fra:1 Mem:15.94M (Peak 15.94M) | Time:00:00.02 | Remaining:00:00.34 | Mem:2.47M, Peak:2.47M | Scene, ViewLayer | Sample 1/16
Fra:1 Mem:16.95M (Peak 18.95M) | Time:00:00.35 | Mem:2.47M, Peak:2.47M | Scene, ViewLayer | Sample 16/16
Fra:1 Mem:16.95M (Peak 18.95M) | Time:00:00.35 | Mem:2.47M, Peak:2.47M | Scene, ViewLayer | Finished
Saved: '/tmp/street-furniture-qa-4q7zi_2_/fire-hydrant.lod0.overcast.png'
Time: 00:00.36 (Saving: 00:00.00)

Extensions: writing cache failed ([Errno 30] Read-only file system: '/home/agent/.config/blender').
15:54:50 | INFO: Data are loaded, start creating Blender stuff
15:54:50 | INFO: Blender create Mesh node hydrant-body
15:54:50 | INFO: glTF import finished in 0.00s
Fra:1 Mem:14.57M (Peak 14.57M) | Time:00:00.00 | Mem:0.00M, Peak:0.00M | Scene, ViewLayer | Synchronizing object | metal
Fra:1 Mem:14.71M (Peak 14.71M) | Time:00:00.00 | Mem:0.00M, Peak:0.00M | Scene, ViewLayer | Synchronizing object | QA-ground-plane
Fra:1 Mem:14.73M (Peak 14.73M) | Time:00:00.00 | Mem:0.00M, Peak:0.00M | Scene, ViewLayer | Synchronizing object | QA-1m-ruler-tenth.009
Fra:1 Mem:14.74M (Peak 14.74M) | Time:00:00.00 | Mem:0.00M, Peak:0.00M | Scene, ViewLayer | Synchronizing object | QA-1m-ruler-tenth.008
Fra:1 Mem:14.74M (Peak 14.74M) | Time:00:00.00 | Mem:0.00M, Peak:0.00M | Scene, ViewLayer | Synchronizing object | QA-1m-ruler-tenth.007
Fra:1 Mem:14.74M (Peak 14.74M) | Time:00:00.00 | Mem:0.00M, Peak:0.00M | Scene, ViewLayer | Synchronizing object | QA-1m-ruler-tenth.006
Fra:1 Mem:14.74M (Peak 14.74M) | Time:00:00.00 | Mem:0.00M, Peak:0.00M | Scene, ViewLayer | Synchronizing object | QA-1m-ruler-tenth.005
Fra:1 Mem:14.74M (Peak 14.74M) | Time:00:00.00 | Mem:0.00M, Peak:0.00M | Scene, ViewLayer | Synchronizing object | QA-1m-ruler-tenth.004
Fra:1 Mem:14.76M (Peak 14.76M) | Time:00:00.00 | Mem:0.00M, Peak:0.00M | Scene, ViewLayer | Synchronizing object | QA-1m-ruler-tenth.003
Fra:1 Mem:14.76M (Peak 14.76M) | Time:00:00.00 | Mem:0.00M, Peak:0.00M | Scene, ViewLayer | Synchronizing object | QA-1m-ruler-tenth.002
Fra:1 Mem:14.64M (Peak 14.76M) | Time:00:00.00 | Mem:0.00M, Peak:0.00M | Scene, ViewLayer | Synchronizing object | QA-1m-ruler-tenth.001
Fra:1 Mem:14.63M (Peak 14.76M) | Time:00:00.00 | Mem:0.00M, Peak:0.00M | Scene, ViewLayer | Synchronizing object | QA-1m-ruler-tenth
Fra:1 Mem:14.63M (Peak 14.76M) | Time:00:00.00 | Mem:0.00M, Peak:0.00M | Scene, ViewLayer | Synchronizing object | Sphere.001
Fra:1 Mem:14.67M (Peak 14.76M) | Time:00:00.00 | Mem:0.00M, Peak:0.00M | Scene, ViewLayer | Synchronizing object | QA-human-arm.003
Fra:1 Mem:14.68M (Peak 14.76M) | Time:00:00.00 | Mem:0.00M, Peak:0.00M | Scene, ViewLayer | Synchronizing object | QA-human-arm.002
Fra:1 Mem:14.68M (Peak 14.76M) | Time:00:00.00 | Mem:0.00M, Peak:0.00M | Scene, ViewLayer | Synchronizing object | QA-human-leg.003
Fra:1 Mem:14.68M (Peak 14.76M) | Time:00:00.00 | Mem:0.00M, Peak:0.00M | Scene, ViewLayer | Synchronizing object | QA-human-leg.002
Fra:1 Mem:14.68M (Peak 14.76M) | Time:00:00.00 | Mem:0.00M, Peak:0.00M | Scene, ViewLayer | Synchronizing object | QA-human-neck.001
Fra:1 Mem:14.68M (Peak 14.76M) | Time:00:00.00 | Mem:0.00M, Peak:0.00M | Scene, ViewLayer | Synchronizing object | QA-human-torso.001
Fra:1 Mem:14.74M (Peak 14.76M) | Time:00:00.00 | Mem:0.00M, Peak:0.00M | Scene, ViewLayer | Synchronizing object | Sphere
Fra:1 Mem:14.73M (Peak 14.76M) | Time:00:00.00 | Mem:0.00M, Peak:0.00M | Scene, ViewLayer | Synchronizing object | QA-human-arm.001
Fra:1 Mem:14.74M (Peak 14.76M) | Time:00:00.00 | Mem:0.00M, Peak:0.00M | Scene, ViewLayer | Synchronizing object | QA-human-arm
Fra:1 Mem:14.74M (Peak 14.76M) | Time:00:00.00 | Mem:0.00M, Peak:0.00M | Scene, ViewLayer | Synchronizing object | QA-human-leg.001
Fra:1 Mem:14.75M (Peak 14.76M) | Time:00:00.00 | Mem:0.00M, Peak:0.00M | Scene, ViewLayer | Synchronizing object | QA-human-leg
Fra:1 Mem:14.68M (Peak 14.76M) | Time:00:00.00 | Mem:0.00M, Peak:0.00M | Scene, ViewLayer | Synchronizing object | QA-human-neck
Fra:1 Mem:14.69M (Peak 14.76M) | Time:00:00.00 | Mem:0.00M, Peak:0.00M | Scene, ViewLayer | Synchronizing object | QA-human-torso
Fra:1 Mem:14.68M (Peak 14.76M) | Time:00:00.00 | Mem:0.00M, Peak:0.00M | Scene, ViewLayer | Initializing
Fra:1 Mem:13.50M (Peak 14.76M) | Time:00:00.00 | Mem:0.00M, Peak:0.00M | Scene, ViewLayer | Waiting for render to start
Fra:1 Mem:13.50M (Peak 14.76M) | Time:00:00.00 | Mem:0.00M, Peak:0.00M | Scene, ViewLayer | Loading render kernels (may take a few minutes the first time)
Fra:1 Mem:13.50M (Peak 14.76M) | Time:00:00.00 | Mem:0.00M, Peak:0.00M | Scene, ViewLayer | Updating Scene
Fra:1 Mem:13.50M (Peak 14.76M) | Time:00:00.00 | Mem:0.00M, Peak:0.00M | Scene, ViewLayer | Updating Shaders
Fra:1 Mem:13.59M (Peak 14.76M) | Time:00:00.00 | Mem:0.00M, Peak:0.00M | Scene, ViewLayer | Updating Procedurals
Fra:1 Mem:13.59M (Peak 14.76M) | Time:00:00.00 | Mem:0.00M, Peak:0.00M | Scene, ViewLayer | Updating Background
Fra:1 Mem:13.59M (Peak 14.76M) | Time:00:00.00 | Mem:0.00M, Peak:0.00M | Scene, ViewLayer | Updating Camera
Fra:1 Mem:13.59M (Peak 14.76M) | Time:00:00.00 | Mem:0.00M, Peak:0.00M | Scene, ViewLayer | Updating Meshes Flags
Fra:1 Mem:13.59M (Peak 14.76M) | Time:00:00.00 | Mem:0.00M, Peak:0.00M | Scene, ViewLayer | Updating Objects
Fra:1 Mem:13.59M (Peak 14.76M) | Time:00:00.00 | Mem:0.00M, Peak:0.00M | Scene, ViewLayer | Updating Objects | Copying Transformations to device
Fra:1 Mem:13.60M (Peak 14.76M) | Time:00:00.00 | Mem:0.01M, Peak:0.01M | Scene, ViewLayer | Updating Objects | Applying Static Transformations
Fra:1 Mem:13.60M (Peak 14.76M) | Time:00:00.00 | Mem:0.01M, Peak:0.01M | Scene, ViewLayer | Updating Particle Systems
Fra:1 Mem:13.60M (Peak 14.76M) | Time:00:00.00 | Mem:0.01M, Peak:0.01M | Scene, ViewLayer | Updating Particle Systems | Copying Particles to device
Fra:1 Mem:13.60M (Peak 14.76M) | Time:00:00.00 | Mem:0.01M, Peak:0.01M | Scene, ViewLayer | Updating Meshes
Fra:1 Mem:13.61M (Peak 14.76M) | Time:00:00.00 | Mem:0.01M, Peak:0.01M | Scene, ViewLayer | Updating Mesh | Computing attributes
Fra:1 Mem:13.63M (Peak 14.76M) | Time:00:00.00 | Mem:0.01M, Peak:0.01M | Scene, ViewLayer | Updating Mesh | Copying Attributes to device
Fra:1 Mem:13.63M (Peak 14.76M) | Time:00:00.00 | Mem:0.03M, Peak:0.03M | Scene, ViewLayer | Updating Scene BVH | Building
Fra:1 Mem:13.63M (Peak 14.76M) | Time:00:00.00 | Mem:0.03M, Peak:0.03M | Scene, ViewLayer | Updating Scene BVH | Building BVH
Fra:1 Mem:13.63M (Peak 14.76M) | Time:00:00.00 | Mem:0.05M, Peak:0.05M | Scene, ViewLayer | Updating Scene BVH | Building BVH 0%
Fra:1 Mem:13.63M (Peak 14.76M) | Time:00:00.00 | Mem:0.08M, Peak:0.11M | Scene, ViewLayer | Updating Scene BVH | Copying BVH to device
Fra:1 Mem:13.63M (Peak 14.76M) | Time:00:00.00 | Mem:0.08M, Peak:0.11M | Scene, ViewLayer | Updating Mesh | Computing normals
Fra:1 Mem:13.68M (Peak 14.76M) | Time:00:00.00 | Mem:0.08M, Peak:0.11M | Scene, ViewLayer | Updating Mesh | Copying Mesh to device
Fra:1 Mem:13.68M (Peak 14.76M) | Time:00:00.00 | Mem:0.14M, Peak:0.14M | Scene, ViewLayer | Updating Objects Flags
Fra:1 Mem:13.68M (Peak 14.76M) | Time:00:00.00 | Mem:0.14M, Peak:0.14M | Scene, ViewLayer | Updating Primitive Offsets
Fra:1 Mem:13.68M (Peak 14.76M) | Time:00:00.00 | Mem:0.14M, Peak:0.14M | Scene, ViewLayer | Updating Images
Fra:1 Mem:13.68M (Peak 14.76M) | Time:00:00.00 | Mem:0.14M, Peak:0.14M | Scene, ViewLayer | Updating Camera Volume
Fra:1 Mem:13.68M (Peak 14.76M) | Time:00:00.00 | Mem:0.14M, Peak:0.14M | Scene, ViewLayer | Updating Lookup Tables
Fra:1 Mem:13.68M (Peak 14.76M) | Time:00:00.00 | Mem:0.22M, Peak:0.22M | Scene, ViewLayer | Updating Lights
Fra:1 Mem:13.68M (Peak 14.76M) | Time:00:00.00 | Mem:0.22M, Peak:0.22M | Scene, ViewLayer | Updating Lights | Computing tree
Fra:1 Mem:13.68M (Peak 14.76M) | Time:00:00.00 | Mem:0.22M, Peak:0.22M | Scene, ViewLayer | Updating Integrator
Fra:1 Mem:13.68M (Peak 14.76M) | Time:00:00.00 | Mem:0.22M, Peak:0.22M | Scene, ViewLayer | Updating Film
Fra:1 Mem:13.69M (Peak 14.76M) | Time:00:00.00 | Mem:0.14M, Peak:0.22M | Scene, ViewLayer | Updating Lookup Tables
Fra:1 Mem:13.69M (Peak 14.76M) | Time:00:00.00 | Mem:0.22M, Peak:0.22M | Scene, ViewLayer | Updating Baking
Fra:1 Mem:13.69M (Peak 14.76M) | Time:00:00.00 | Mem:0.22M, Peak:0.22M | Scene, ViewLayer | Updating Device | Writing constant memory
Fra:1 Mem:13.69M (Peak 14.76M) | Time:00:00.00 | Mem:0.22M, Peak:0.22M | Scene, ViewLayer | Sample 0/16
Fra:1 Mem:15.94M (Peak 15.94M) | Time:00:00.02 | Remaining:00:00.39 | Mem:2.47M, Peak:2.47M | Scene, ViewLayer | Sample 1/16
Fra:1 Mem:16.95M (Peak 18.95M) | Time:00:00.32 | Mem:2.47M, Peak:2.47M | Scene, ViewLayer | Sample 16/16
Fra:1 Mem:16.95M (Peak 18.95M) | Time:00:00.32 | Mem:2.47M, Peak:2.47M | Scene, ViewLayer | Finished
Saved: '/tmp/street-furniture-qa-4q7zi_2_/fire-hydrant.lod0.dusk.png'
Time: 00:00.33 (Saving: 00:00.00)

Extensions: writing cache failed ([Errno 30] Read-only file system: '/home/agent/.config/blender').
15:54:51 | INFO: Data are loaded, start creating Blender stuff
15:54:51 | INFO: Blender create Mesh node hydrant-body
15:54:51 | INFO: glTF import finished in 0.00s
Fra:1 Mem:14.57M (Peak 14.57M) | Time:00:00.00 | Mem:0.00M, Peak:0.00M | Scene, ViewLayer | Synchronizing object | metal
Fra:1 Mem:14.74M (Peak 14.74M) | Time:00:00.00 | Mem:0.00M, Peak:0.00M | Scene, ViewLayer | Synchronizing object | QA-ground-plane
Fra:1 Mem:14.66M (Peak 14.74M) | Time:00:00.00 | Mem:0.00M, Peak:0.00M | Scene, ViewLayer | Synchronizing object | QA-1m-ruler-tenth.009
Fra:1 Mem:14.66M (Peak 14.74M) | Time:00:00.00 | Mem:0.00M, Peak:0.00M | Scene, ViewLayer | Synchronizing object | QA-1m-ruler-tenth.008
Fra:1 Mem:14.67M (Peak 14.74M) | Time:00:00.00 | Mem:0.00M, Peak:0.00M | Scene, ViewLayer | Synchronizing object | QA-1m-ruler-tenth.007
Fra:1 Mem:14.71M (Peak 14.74M) | Time:00:00.00 | Mem:0.00M, Peak:0.00M | Scene, ViewLayer | Synchronizing object | QA-1m-ruler-tenth.006
Fra:1 Mem:14.72M (Peak 14.74M) | Time:00:00.00 | Mem:0.00M, Peak:0.00M | Scene, ViewLayer | Synchronizing object | QA-1m-ruler-tenth.005
Fra:1 Mem:14.72M (Peak 14.74M) | Time:00:00.00 | Mem:0.00M, Peak:0.00M | Scene, ViewLayer | Synchronizing object | QA-1m-ruler-tenth.004
Fra:1 Mem:14.72M (Peak 14.74M) | Time:00:00.00 | Mem:0.00M, Peak:0.00M | Scene, ViewLayer | Synchronizing object | QA-1m-ruler-tenth.003
Fra:1 Mem:14.72M (Peak 14.74M) | Time:00:00.00 | Mem:0.00M, Peak:0.00M | Scene, ViewLayer | Synchronizing object | QA-1m-ruler-tenth.002
Fra:1 Mem:14.68M (Peak 14.74M) | Time:00:00.00 | Mem:0.00M, Peak:0.00M | Scene, ViewLayer | Synchronizing object | QA-1m-ruler-tenth.001
Fra:1 Mem:14.70M (Peak 14.74M) | Time:00:00.00 | Mem:0.00M, Peak:0.00M | Scene, ViewLayer | Synchronizing object | QA-1m-ruler-tenth
Fra:1 Mem:14.72M (Peak 14.74M) | Time:00:00.00 | Mem:0.00M, Peak:0.00M | Scene, ViewLayer | Synchronizing object | Sphere.001
Fra:1 Mem:14.66M (Peak 14.74M) | Time:00:00.00 | Mem:0.00M, Peak:0.00M | Scene, ViewLayer | Synchronizing object | QA-human-arm.003
Fra:1 Mem:14.67M (Peak 14.74M) | Time:00:00.00 | Mem:0.00M, Peak:0.00M | Scene, ViewLayer | Synchronizing object | QA-human-arm.002
Fra:1 Mem:14.66M (Peak 14.74M) | Time:00:00.00 | Mem:0.00M, Peak:0.00M | Scene, ViewLayer | Synchronizing object | QA-human-torso
Fra:1 Mem:14.66M (Peak 14.74M) | Time:00:00.00 | Mem:0.00M, Peak:0.00M | Scene, ViewLayer | Synchronizing object | QA-human-leg.003
Fra:1 Mem:14.66M (Peak 14.74M) | Time:00:00.00 | Mem:0.00M, Peak:0.00M | Scene, ViewLayer | Synchronizing object | QA-human-neck
Fra:1 Mem:14.66M (Peak 14.74M) | Time:00:00.00 | Mem:0.00M, Peak:0.00M | Scene, ViewLayer | Synchronizing object | QA-human-leg.002
Fra:1 Mem:14.66M (Peak 14.74M) | Time:00:00.00 | Mem:0.00M, Peak:0.00M | Scene, ViewLayer | Synchronizing object | QA-human-leg
Fra:1 Mem:14.66M (Peak 14.74M) | Time:00:00.00 | Mem:0.00M, Peak:0.00M | Scene, ViewLayer | Synchronizing object | QA-human-neck.001
Fra:1 Mem:14.67M (Peak 14.74M) | Time:00:00.00 | Mem:0.00M, Peak:0.00M | Scene, ViewLayer | Synchronizing object | QA-human-torso.001
Fra:1 Mem:14.67M (Peak 14.74M) | Time:00:00.00 | Mem:0.00M, Peak:0.00M | Scene, ViewLayer | Synchronizing object | QA-human-leg.001
Fra:1 Mem:14.67M (Peak 14.74M) | Time:00:00.00 | Mem:0.00M, Peak:0.00M | Scene, ViewLayer | Synchronizing object | QA-human-arm
Fra:1 Mem:14.67M (Peak 14.74M) | Time:00:00.00 | Mem:0.00M, Peak:0.00M | Scene, ViewLayer | Synchronizing object | Sphere
Fra:1 Mem:14.67M (Peak 14.74M) | Time:00:00.00 | Mem:0.00M, Peak:0.00M | Scene, ViewLayer | Synchronizing object | QA-human-arm.001
Fra:1 Mem:14.68M (Peak 14.74M) | Time:00:00.00 | Mem:0.00M, Peak:0.00M | Scene, ViewLayer | Initializing
Fra:1 Mem:13.50M (Peak 14.74M) | Time:00:00.00 | Mem:0.00M, Peak:0.00M | Scene, ViewLayer | Waiting for render to start
Fra:1 Mem:13.50M (Peak 14.74M) | Time:00:00.00 | Mem:0.00M, Peak:0.00M | Scene, ViewLayer | Loading render kernels (may take a few minutes the first time)
Fra:1 Mem:13.50M (Peak 14.74M) | Time:00:00.00 | Mem:0.00M, Peak:0.00M | Scene, ViewLayer | Updating Scene
Fra:1 Mem:13.50M (Peak 14.74M) | Time:00:00.00 | Mem:0.00M, Peak:0.00M | Scene, ViewLayer | Updating Shaders
Fra:1 Mem:13.59M (Peak 14.74M) | Time:00:00.00 | Mem:0.00M, Peak:0.00M | Scene, ViewLayer | Updating Procedurals
Fra:1 Mem:13.59M (Peak 14.74M) | Time:00:00.00 | Mem:0.00M, Peak:0.00M | Scene, ViewLayer | Updating Background
Fra:1 Mem:13.59M (Peak 14.74M) | Time:00:00.00 | Mem:0.00M, Peak:0.00M | Scene, ViewLayer | Updating Camera
Fra:1 Mem:13.59M (Peak 14.74M) | Time:00:00.00 | Mem:0.00M, Peak:0.00M | Scene, ViewLayer | Updating Meshes Flags
Fra:1 Mem:13.59M (Peak 14.74M) | Time:00:00.00 | Mem:0.00M, Peak:0.00M | Scene, ViewLayer | Updating Objects
Fra:1 Mem:13.59M (Peak 14.74M) | Time:00:00.00 | Mem:0.00M, Peak:0.00M | Scene, ViewLayer | Updating Objects | Copying Transformations to device
Fra:1 Mem:13.60M (Peak 14.74M) | Time:00:00.00 | Mem:0.01M, Peak:0.01M | Scene, ViewLayer | Updating Objects | Applying Static Transformations
Fra:1 Mem:13.60M (Peak 14.74M) | Time:00:00.00 | Mem:0.01M, Peak:0.01M | Scene, ViewLayer | Updating Particle Systems
Fra:1 Mem:13.60M (Peak 14.74M) | Time:00:00.00 | Mem:0.01M, Peak:0.01M | Scene, ViewLayer | Updating Particle Systems | Copying Particles to device
Fra:1 Mem:13.60M (Peak 14.74M) | Time:00:00.00 | Mem:0.01M, Peak:0.01M | Scene, ViewLayer | Updating Meshes
Fra:1 Mem:13.61M (Peak 14.74M) | Time:00:00.00 | Mem:0.01M, Peak:0.01M | Scene, ViewLayer | Updating Mesh | Computing attributes
Fra:1 Mem:13.63M (Peak 14.74M) | Time:00:00.00 | Mem:0.01M, Peak:0.01M | Scene, ViewLayer | Updating Mesh | Copying Attributes to device
Fra:1 Mem:13.63M (Peak 14.74M) | Time:00:00.00 | Mem:0.03M, Peak:0.03M | Scene, ViewLayer | Updating Scene BVH | Building
Fra:1 Mem:13.63M (Peak 14.74M) | Time:00:00.00 | Mem:0.03M, Peak:0.03M | Scene, ViewLayer | Updating Scene BVH | Building BVH
Fra:1 Mem:13.63M (Peak 14.74M) | Time:00:00.00 | Mem:0.05M, Peak:0.05M | Scene, ViewLayer | Updating Scene BVH | Building BVH 0%
Fra:1 Mem:13.63M (Peak 14.74M) | Time:00:00.00 | Mem:0.08M, Peak:0.11M | Scene, ViewLayer | Updating Scene BVH | Copying BVH to device
Fra:1 Mem:13.63M (Peak 14.74M) | Time:00:00.00 | Mem:0.08M, Peak:0.11M | Scene, ViewLayer | Updating Mesh | Computing normals
Fra:1 Mem:13.68M (Peak 14.74M) | Time:00:00.00 | Mem:0.08M, Peak:0.11M | Scene, ViewLayer | Updating Mesh | Copying Mesh to device
Fra:1 Mem:13.68M (Peak 14.74M) | Time:00:00.00 | Mem:0.14M, Peak:0.14M | Scene, ViewLayer | Updating Objects Flags
Fra:1 Mem:13.68M (Peak 14.74M) | Time:00:00.00 | Mem:0.14M, Peak:0.14M | Scene, ViewLayer | Updating Primitive Offsets
Fra:1 Mem:13.68M (Peak 14.74M) | Time:00:00.00 | Mem:0.14M, Peak:0.14M | Scene, ViewLayer | Updating Images
Fra:1 Mem:13.68M (Peak 14.74M) | Time:00:00.00 | Mem:0.14M, Peak:0.14M | Scene, ViewLayer | Updating Camera Volume
Fra:1 Mem:13.68M (Peak 14.74M) | Time:00:00.00 | Mem:0.14M, Peak:0.14M | Scene, ViewLayer | Updating Lookup Tables
Fra:1 Mem:13.68M (Peak 14.74M) | Time:00:00.00 | Mem:0.22M, Peak:0.22M | Scene, ViewLayer | Updating Lights
Fra:1 Mem:13.68M (Peak 14.74M) | Time:00:00.00 | Mem:0.22M, Peak:0.22M | Scene, ViewLayer | Updating Lights | Computing tree
Fra:1 Mem:13.68M (Peak 14.74M) | Time:00:00.00 | Mem:0.22M, Peak:0.22M | Scene, ViewLayer | Updating Integrator
Fra:1 Mem:13.68M (Peak 14.74M) | Time:00:00.00 | Mem:0.22M, Peak:0.22M | Scene, ViewLayer | Updating Film
Fra:1 Mem:13.69M (Peak 14.74M) | Time:00:00.00 | Mem:0.14M, Peak:0.22M | Scene, ViewLayer | Updating Lookup Tables
Fra:1 Mem:13.69M (Peak 14.74M) | Time:00:00.00 | Mem:0.22M, Peak:0.22M | Scene, ViewLayer | Updating Baking
Fra:1 Mem:13.69M (Peak 14.74M) | Time:00:00.00 | Mem:0.22M, Peak:0.22M | Scene, ViewLayer | Updating Device | Writing constant memory
Fra:1 Mem:13.69M (Peak 14.74M) | Time:00:00.00 | Mem:0.22M, Peak:0.22M | Scene, ViewLayer | Sample 0/16
Fra:1 Mem:15.94M (Peak 15.94M) | Time:00:00.02 | Remaining:00:00.35 | Mem:2.47M, Peak:2.47M | Scene, ViewLayer | Sample 1/16
Fra:1 Mem:16.95M (Peak 18.95M) | Time:00:00.32 | Mem:2.47M, Peak:2.47M | Scene, ViewLayer | Sample 16/16
Fra:1 Mem:16.95M (Peak 18.95M) | Time:00:00.32 | Mem:2.47M, Peak:2.47M | Scene, ViewLayer | Finished
Saved: '/tmp/street-furniture-qa-4q7zi_2_/fire-hydrant.lod0.night.png'
Time: 00:00.33 (Saving: 00:00.01)

RENDERED fire-hydrant
Extensions: writing cache failed ([Errno 30] Read-only file system: '/home/agent/.config/blender').
15:54:51 | INFO: Data are loaded, start creating Blender stuff
15:54:51 | INFO: Blender create Mesh node Cylinder
15:54:51 | INFO: glTF import finished in 0.00s
Fra:1 Mem:14.55M (Peak 14.55M) | Time:00:00.00 | Mem:0.00M, Peak:0.00M | Scene, ViewLayer | Synchronizing object | metal
Fra:1 Mem:14.68M (Peak 14.68M) | Time:00:00.00 | Mem:0.00M, Peak:0.00M | Scene, ViewLayer | Synchronizing object | QA-ground-plane
Fra:1 Mem:14.62M (Peak 14.68M) | Time:00:00.00 | Mem:0.00M, Peak:0.00M | Scene, ViewLayer | Synchronizing object | QA-1m-ruler-tenth.009
Fra:1 Mem:14.62M (Peak 14.68M) | Time:00:00.00 | Mem:0.00M, Peak:0.00M | Scene, ViewLayer | Synchronizing object | QA-1m-ruler-tenth.008
Fra:1 Mem:14.66M (Peak 14.68M) | Time:00:00.00 | Mem:0.00M, Peak:0.00M | Scene, ViewLayer | Synchronizing object | QA-1m-ruler-tenth.007
Fra:1 Mem:14.66M (Peak 14.68M) | Time:00:00.00 | Mem:0.00M, Peak:0.00M | Scene, ViewLayer | Synchronizing object | QA-1m-ruler-tenth.006
Fra:1 Mem:14.66M (Peak 14.68M) | Time:00:00.00 | Mem:0.00M, Peak:0.00M | Scene, ViewLayer | Synchronizing object | QA-1m-ruler-tenth.005
Fra:1 Mem:14.66M (Peak 14.68M) | Time:00:00.00 | Mem:0.00M, Peak:0.00M | Scene, ViewLayer | Synchronizing object | QA-1m-ruler-tenth.004
Fra:1 Mem:14.64M (Peak 14.68M) | Time:00:00.00 | Mem:0.00M, Peak:0.00M | Scene, ViewLayer | Synchronizing object | QA-1m-ruler-tenth.003
Fra:1 Mem:14.66M (Peak 14.68M) | Time:00:00.00 | Mem:0.00M, Peak:0.00M | Scene, ViewLayer | Synchronizing object | QA-1m-ruler-tenth.002
Fra:1 Mem:14.66M (Peak 14.68M) | Time:00:00.00 | Mem:0.00M, Peak:0.00M | Scene, ViewLayer | Synchronizing object | QA-1m-ruler-tenth.001
Fra:1 Mem:14.61M (Peak 14.68M) | Time:00:00.00 | Mem:0.00M, Peak:0.00M | Scene, ViewLayer | Synchronizing object | QA-1m-ruler-tenth
Fra:1 Mem:14.61M (Peak 14.68M) | Time:00:00.00 | Mem:0.00M, Peak:0.00M | Scene, ViewLayer | Synchronizing object | QA-human-torso
Fra:1 Mem:14.61M (Peak 14.68M) | Time:00:00.00 | Mem:0.00M, Peak:0.00M | Scene, ViewLayer | Synchronizing object | Sphere.001
Fra:1 Mem:14.61M (Peak 14.68M) | Time:00:00.00 | Mem:0.00M, Peak:0.00M | Scene, ViewLayer | Synchronizing object | QA-human-neck
Fra:1 Mem:14.62M (Peak 14.68M) | Time:00:00.00 | Mem:0.00M, Peak:0.00M | Scene, ViewLayer | Synchronizing object | QA-human-leg
Fra:1 Mem:14.63M (Peak 14.68M) | Time:00:00.00 | Mem:0.00M, Peak:0.00M | Scene, ViewLayer | Synchronizing object | QA-human-leg.001
Fra:1 Mem:14.63M (Peak 14.68M) | Time:00:00.00 | Mem:0.00M, Peak:0.00M | Scene, ViewLayer | Synchronizing object | QA-human-arm.003
Fra:1 Mem:14.63M (Peak 14.68M) | Time:00:00.00 | Mem:0.00M, Peak:0.00M | Scene, ViewLayer | Synchronizing object | QA-human-arm
Fra:1 Mem:14.63M (Peak 14.68M) | Time:00:00.00 | Mem:0.00M, Peak:0.00M | Scene, ViewLayer | Synchronizing object | QA-human-arm.002
Fra:1 Mem:14.63M (Peak 14.68M) | Time:00:00.00 | Mem:0.00M, Peak:0.00M | Scene, ViewLayer | Synchronizing object | QA-human-arm.001
Fra:1 Mem:14.63M (Peak 14.68M) | Time:00:00.00 | Mem:0.00M, Peak:0.00M | Scene, ViewLayer | Synchronizing object | QA-human-leg.003
Fra:1 Mem:14.63M (Peak 14.68M) | Time:00:00.00 | Mem:0.00M, Peak:0.00M | Scene, ViewLayer | Synchronizing object | Sphere
Fra:1 Mem:14.63M (Peak 14.68M) | Time:00:00.00 | Mem:0.00M, Peak:0.00M | Scene, ViewLayer | Synchronizing object | QA-human-leg.002
Fra:1 Mem:14.64M (Peak 14.68M) | Time:00:00.00 | Mem:0.00M, Peak:0.00M | Scene, ViewLayer | Synchronizing object | QA-human-neck.001
Fra:1 Mem:14.64M (Peak 14.68M) | Time:00:00.00 | Mem:0.00M, Peak:0.00M | Scene, ViewLayer | Synchronizing object | QA-human-torso.001
Fra:1 Mem:14.64M (Peak 14.68M) | Time:00:00.00 | Mem:0.00M, Peak:0.00M | Scene, ViewLayer | Initializing
Fra:1 Mem:13.47M (Peak 14.68M) | Time:00:00.00 | Mem:0.00M, Peak:0.00M | Scene, ViewLayer | Waiting for render to start
Fra:1 Mem:13.47M (Peak 14.68M) | Time:00:00.00 | Mem:0.00M, Peak:0.00M | Scene, ViewLayer | Loading render kernels (may take a few minutes the first time)
Fra:1 Mem:13.47M (Peak 14.68M) | Time:00:00.00 | Mem:0.00M, Peak:0.00M | Scene, ViewLayer | Updating Scene
Fra:1 Mem:13.47M (Peak 14.68M) | Time:00:00.00 | Mem:0.00M, Peak:0.00M | Scene, ViewLayer | Updating Shaders
Fra:1 Mem:13.55M (Peak 14.68M) | Time:00:00.00 | Mem:0.00M, Peak:0.00M | Scene, ViewLayer | Updating Procedurals
Fra:1 Mem:13.55M (Peak 14.68M) | Time:00:00.00 | Mem:0.00M, Peak:0.00M | Scene, ViewLayer | Updating Background
Fra:1 Mem:13.55M (Peak 14.68M) | Time:00:00.00 | Mem:0.00M, Peak:0.00M | Scene, ViewLayer | Updating Camera
Fra:1 Mem:13.55M (Peak 14.68M) | Time:00:00.00 | Mem:0.00M, Peak:0.00M | Scene, ViewLayer | Updating Meshes Flags
Fra:1 Mem:13.55M (Peak 14.68M) | Time:00:00.00 | Mem:0.00M, Peak:0.00M | Scene, ViewLayer | Updating Objects
Fra:1 Mem:13.55M (Peak 14.68M) | Time:00:00.00 | Mem:0.00M, Peak:0.00M | Scene, ViewLayer | Updating Objects | Copying Transformations to device
Fra:1 Mem:13.56M (Peak 14.68M) | Time:00:00.00 | Mem:0.01M, Peak:0.01M | Scene, ViewLayer | Updating Objects | Applying Static Transformations
Fra:1 Mem:13.56M (Peak 14.68M) | Time:00:00.00 | Mem:0.01M, Peak:0.01M | Scene, ViewLayer | Updating Particle Systems
Fra:1 Mem:13.56M (Peak 14.68M) | Time:00:00.00 | Mem:0.01M, Peak:0.01M | Scene, ViewLayer | Updating Particle Systems | Copying Particles to device
Fra:1 Mem:13.56M (Peak 14.68M) | Time:00:00.00 | Mem:0.01M, Peak:0.01M | Scene, ViewLayer | Updating Meshes
Fra:1 Mem:13.57M (Peak 14.68M) | Time:00:00.00 | Mem:0.01M, Peak:0.01M | Scene, ViewLayer | Updating Mesh | Computing attributes
Fra:1 Mem:13.59M (Peak 14.68M) | Time:00:00.00 | Mem:0.01M, Peak:0.01M | Scene, ViewLayer | Updating Mesh | Copying Attributes to device
Fra:1 Mem:13.58M (Peak 14.68M) | Time:00:00.00 | Mem:0.02M, Peak:0.02M | Scene, ViewLayer | Updating Scene BVH | Building
Fra:1 Mem:13.59M (Peak 14.68M) | Time:00:00.00 | Mem:0.02M, Peak:0.02M | Scene, ViewLayer | Updating Scene BVH | Building BVH
Fra:1 Mem:13.59M (Peak 14.68M) | Time:00:00.00 | Mem:0.05M, Peak:0.05M | Scene, ViewLayer | Updating Scene BVH | Building BVH 0%
Fra:1 Mem:13.59M (Peak 14.68M) | Time:00:00.00 | Mem:0.08M, Peak:0.10M | Scene, ViewLayer | Updating Scene BVH | Copying BVH to device
Fra:1 Mem:13.59M (Peak 14.68M) | Time:00:00.00 | Mem:0.08M, Peak:0.10M | Scene, ViewLayer | Updating Mesh | Computing normals
Fra:1 Mem:13.63M (Peak 14.68M) | Time:00:00.00 | Mem:0.08M, Peak:0.10M | Scene, ViewLayer | Updating Mesh | Copying Mesh to device
Fra:1 Mem:13.63M (Peak 14.68M) | Time:00:00.00 | Mem:0.12M, Peak:0.12M | Scene, ViewLayer | Updating Objects Flags
Fra:1 Mem:13.63M (Peak 14.68M) | Time:00:00.00 | Mem:0.12M, Peak:0.12M | Scene, ViewLayer | Updating Primitive Offsets
Fra:1 Mem:13.63M (Peak 14.68M) | Time:00:00.00 | Mem:0.12M, Peak:0.12M | Scene, ViewLayer | Updating Images
Fra:1 Mem:13.63M (Peak 14.68M) | Time:00:00.00 | Mem:0.12M, Peak:0.12M | Scene, ViewLayer | Updating Camera Volume
Fra:1 Mem:13.63M (Peak 14.68M) | Time:00:00.00 | Mem:0.12M, Peak:0.12M | Scene, ViewLayer | Updating Lookup Tables
Fra:1 Mem:13.63M (Peak 14.68M) | Time:00:00.00 | Mem:0.20M, Peak:0.20M | Scene, ViewLayer | Updating Lights
Fra:1 Mem:13.63M (Peak 14.68M) | Time:00:00.00 | Mem:0.20M, Peak:0.20M | Scene, ViewLayer | Updating Lights | Computing tree
Fra:1 Mem:13.63M (Peak 14.68M) | Time:00:00.00 | Mem:0.20M, Peak:0.20M | Scene, ViewLayer | Updating Integrator
Fra:1 Mem:13.63M (Peak 14.68M) | Time:00:00.00 | Mem:0.20M, Peak:0.20M | Scene, ViewLayer | Updating Film
Fra:1 Mem:13.63M (Peak 14.68M) | Time:00:00.00 | Mem:0.12M, Peak:0.20M | Scene, ViewLayer | Updating Lookup Tables
Fra:1 Mem:13.63M (Peak 14.68M) | Time:00:00.00 | Mem:0.21M, Peak:0.21M | Scene, ViewLayer | Updating Baking
Fra:1 Mem:13.63M (Peak 14.68M) | Time:00:00.00 | Mem:0.21M, Peak:0.21M | Scene, ViewLayer | Updating Device | Writing constant memory
Fra:1 Mem:13.64M (Peak 14.68M) | Time:00:00.00 | Mem:0.21M, Peak:0.21M | Scene, ViewLayer | Sample 0/16
Fra:1 Mem:15.89M (Peak 15.89M) | Time:00:00.02 | Remaining:00:00.29 | Mem:2.46M, Peak:2.46M | Scene, ViewLayer | Sample 1/16
Fra:1 Mem:16.89M (Peak 18.90M) | Time:00:00.27 | Mem:2.46M, Peak:2.46M | Scene, ViewLayer | Sample 16/16
Fra:1 Mem:16.89M (Peak 18.90M) | Time:00:00.27 | Mem:2.46M, Peak:2.46M | Scene, ViewLayer | Finished
Saved: '/tmp/street-furniture-qa-4q7zi_2_/bicycle-rack.lod0.front.png'
Time: 00:00.27 (Saving: 00:00.00)

Extensions: writing cache failed ([Errno 30] Read-only file system: '/home/agent/.config/blender').
15:54:51 | INFO: Data are loaded, start creating Blender stuff
15:54:51 | INFO: Blender create Mesh node Cylinder
15:54:51 | INFO: glTF import finished in 0.00s
Fra:1 Mem:14.55M (Peak 14.55M) | Time:00:00.00 | Mem:0.00M, Peak:0.00M | Scene, ViewLayer | Synchronizing object | metal
Fra:1 Mem:14.60M (Peak 14.60M) | Time:00:00.00 | Mem:0.00M, Peak:0.00M | Scene, ViewLayer | Synchronizing object | QA-ground-plane
Fra:1 Mem:14.66M (Peak 14.66M) | Time:00:00.00 | Mem:0.00M, Peak:0.00M | Scene, ViewLayer | Synchronizing object | QA-1m-ruler-tenth.009
Fra:1 Mem:14.66M (Peak 14.66M) | Time:00:00.00 | Mem:0.00M, Peak:0.00M | Scene, ViewLayer | Synchronizing object | QA-1m-ruler-tenth.008
Fra:1 Mem:14.66M (Peak 14.66M) | Time:00:00.00 | Mem:0.00M, Peak:0.00M | Scene, ViewLayer | Synchronizing object | QA-1m-ruler-tenth.007
Fra:1 Mem:14.66M (Peak 14.66M) | Time:00:00.00 | Mem:0.00M, Peak:0.00M | Scene, ViewLayer | Synchronizing object | QA-1m-ruler-tenth.006
Fra:1 Mem:14.65M (Peak 14.66M) | Time:00:00.00 | Mem:0.00M, Peak:0.00M | Scene, ViewLayer | Synchronizing object | QA-1m-ruler-tenth.005
Fra:1 Mem:14.66M (Peak 14.66M) | Time:00:00.00 | Mem:0.00M, Peak:0.00M | Scene, ViewLayer | Synchronizing object | QA-1m-ruler-tenth.004
Fra:1 Mem:14.66M (Peak 14.66M) | Time:00:00.00 | Mem:0.00M, Peak:0.00M | Scene, ViewLayer | Synchronizing object | QA-1m-ruler-tenth.003
Fra:1 Mem:14.62M (Peak 14.66M) | Time:00:00.00 | Mem:0.00M, Peak:0.00M | Scene, ViewLayer | Synchronizing object | QA-1m-ruler-tenth.002
Fra:1 Mem:14.61M (Peak 14.66M) | Time:00:00.00 | Mem:0.00M, Peak:0.00M | Scene, ViewLayer | Synchronizing object | QA-human-torso
Fra:1 Mem:14.61M (Peak 14.66M) | Time:00:00.00 | Mem:0.00M, Peak:0.00M | Scene, ViewLayer | Synchronizing object | QA-1m-ruler-tenth.001
Fra:1 Mem:14.61M (Peak 14.66M) | Time:00:00.00 | Mem:0.00M, Peak:0.00M | Scene, ViewLayer | Synchronizing object | QA-human-neck
Fra:1 Mem:14.61M (Peak 14.66M) | Time:00:00.00 | Mem:0.00M, Peak:0.00M | Scene, ViewLayer | Synchronizing object | QA-1m-ruler-tenth
Fra:1 Mem:14.61M (Peak 14.66M) | Time:00:00.00 | Mem:0.00M, Peak:0.00M | Scene, ViewLayer | Synchronizing object | QA-human-leg
Fra:1 Mem:14.62M (Peak 14.66M) | Time:00:00.00 | Mem:0.00M, Peak:0.00M | Scene, ViewLayer | Synchronizing object | Sphere.001
Fra:1 Mem:14.62M (Peak 14.66M) | Time:00:00.00 | Mem:0.00M, Peak:0.00M | Scene, ViewLayer | Synchronizing object | QA-human-leg.001
Fra:1 Mem:14.63M (Peak 14.66M) | Time:00:00.00 | Mem:0.00M, Peak:0.00M | Scene, ViewLayer | Synchronizing object | QA-human-arm
Fra:1 Mem:14.63M (Peak 14.66M) | Time:00:00.00 | Mem:0.00M, Peak:0.00M | Scene, ViewLayer | Synchronizing object | QA-human-arm.003
Fra:1 Mem:14.63M (Peak 14.66M) | Time:00:00.00 | Mem:0.00M, Peak:0.00M | Scene, ViewLayer | Synchronizing object | QA-human-arm.001
Fra:1 Mem:14.63M (Peak 14.66M) | Time:00:00.00 | Mem:0.00M, Peak:0.00M | Scene, ViewLayer | Synchronizing object | QA-human-arm.002
Fra:1 Mem:14.63M (Peak 14.66M) | Time:00:00.00 | Mem:0.00M, Peak:0.00M | Scene, ViewLayer | Synchronizing object | Sphere
Fra:1 Mem:14.63M (Peak 14.66M) | Time:00:00.00 | Mem:0.00M, Peak:0.00M | Scene, ViewLayer | Synchronizing object | QA-human-leg.003
Fra:1 Mem:14.64M (Peak 14.66M) | Time:00:00.00 | Mem:0.00M, Peak:0.00M | Scene, ViewLayer | Synchronizing object | QA-human-leg.002
Fra:1 Mem:14.64M (Peak 14.66M) | Time:00:00.00 | Mem:0.00M, Peak:0.00M | Scene, ViewLayer | Synchronizing object | QA-human-torso.001
Fra:1 Mem:14.64M (Peak 14.66M) | Time:00:00.00 | Mem:0.00M, Peak:0.00M | Scene, ViewLayer | Synchronizing object | QA-human-neck.001
Fra:1 Mem:14.64M (Peak 14.66M) | Time:00:00.00 | Mem:0.00M, Peak:0.00M | Scene, ViewLayer | Initializing
Fra:1 Mem:13.47M (Peak 14.66M) | Time:00:00.00 | Mem:0.00M, Peak:0.00M | Scene, ViewLayer | Waiting for render to start
Fra:1 Mem:13.47M (Peak 14.66M) | Time:00:00.00 | Mem:0.00M, Peak:0.00M | Scene, ViewLayer | Loading render kernels (may take a few minutes the first time)
Fra:1 Mem:13.47M (Peak 14.66M) | Time:00:00.00 | Mem:0.00M, Peak:0.00M | Scene, ViewLayer | Updating Scene
Fra:1 Mem:13.47M (Peak 14.66M) | Time:00:00.00 | Mem:0.00M, Peak:0.00M | Scene, ViewLayer | Updating Shaders
Fra:1 Mem:13.55M (Peak 14.66M) | Time:00:00.00 | Mem:0.00M, Peak:0.00M | Scene, ViewLayer | Updating Procedurals
Fra:1 Mem:13.55M (Peak 14.66M) | Time:00:00.00 | Mem:0.00M, Peak:0.00M | Scene, ViewLayer | Updating Background
Fra:1 Mem:13.55M (Peak 14.66M) | Time:00:00.00 | Mem:0.00M, Peak:0.00M | Scene, ViewLayer | Updating Camera
Fra:1 Mem:13.55M (Peak 14.66M) | Time:00:00.00 | Mem:0.00M, Peak:0.00M | Scene, ViewLayer | Updating Meshes Flags
Fra:1 Mem:13.55M (Peak 14.66M) | Time:00:00.00 | Mem:0.00M, Peak:0.00M | Scene, ViewLayer | Updating Objects
Fra:1 Mem:13.55M (Peak 14.66M) | Time:00:00.00 | Mem:0.00M, Peak:0.00M | Scene, ViewLayer | Updating Objects | Copying Transformations to device
Fra:1 Mem:13.56M (Peak 14.66M) | Time:00:00.00 | Mem:0.01M, Peak:0.01M | Scene, ViewLayer | Updating Objects | Applying Static Transformations
Fra:1 Mem:13.56M (Peak 14.66M) | Time:00:00.00 | Mem:0.01M, Peak:0.01M | Scene, ViewLayer | Updating Particle Systems
Fra:1 Mem:13.56M (Peak 14.66M) | Time:00:00.00 | Mem:0.01M, Peak:0.01M | Scene, ViewLayer | Updating Particle Systems | Copying Particles to device
Fra:1 Mem:13.56M (Peak 14.66M) | Time:00:00.00 | Mem:0.01M, Peak:0.01M | Scene, ViewLayer | Updating Meshes
Fra:1 Mem:13.57M (Peak 14.66M) | Time:00:00.00 | Mem:0.01M, Peak:0.01M | Scene, ViewLayer | Updating Mesh | Computing attributes
Fra:1 Mem:13.59M (Peak 14.66M) | Time:00:00.00 | Mem:0.01M, Peak:0.01M | Scene, ViewLayer | Updating Mesh | Copying Attributes to device
Fra:1 Mem:13.58M (Peak 14.66M) | Time:00:00.00 | Mem:0.02M, Peak:0.02M | Scene, ViewLayer | Updating Scene BVH | Building
Fra:1 Mem:13.59M (Peak 14.66M) | Time:00:00.00 | Mem:0.02M, Peak:0.02M | Scene, ViewLayer | Updating Scene BVH | Building BVH
Fra:1 Mem:13.59M (Peak 14.66M) | Time:00:00.00 | Mem:0.05M, Peak:0.05M | Scene, ViewLayer | Updating Scene BVH | Building BVH 0%
Fra:1 Mem:13.59M (Peak 14.66M) | Time:00:00.00 | Mem:0.08M, Peak:0.10M | Scene, ViewLayer | Updating Scene BVH | Copying BVH to device
Fra:1 Mem:13.59M (Peak 14.66M) | Time:00:00.00 | Mem:0.08M, Peak:0.10M | Scene, ViewLayer | Updating Mesh | Computing normals
Fra:1 Mem:13.63M (Peak 14.66M) | Time:00:00.00 | Mem:0.08M, Peak:0.10M | Scene, ViewLayer | Updating Mesh | Copying Mesh to device
Fra:1 Mem:13.63M (Peak 14.66M) | Time:00:00.00 | Mem:0.12M, Peak:0.12M | Scene, ViewLayer | Updating Objects Flags
Fra:1 Mem:13.63M (Peak 14.66M) | Time:00:00.00 | Mem:0.12M, Peak:0.12M | Scene, ViewLayer | Updating Primitive Offsets
Fra:1 Mem:13.63M (Peak 14.66M) | Time:00:00.00 | Mem:0.12M, Peak:0.12M | Scene, ViewLayer | Updating Images
Fra:1 Mem:13.63M (Peak 14.66M) | Time:00:00.00 | Mem:0.12M, Peak:0.12M | Scene, ViewLayer | Updating Camera Volume
Fra:1 Mem:13.63M (Peak 14.66M) | Time:00:00.00 | Mem:0.12M, Peak:0.12M | Scene, ViewLayer | Updating Lookup Tables
Fra:1 Mem:13.63M (Peak 14.66M) | Time:00:00.00 | Mem:0.20M, Peak:0.20M | Scene, ViewLayer | Updating Lights
Fra:1 Mem:13.63M (Peak 14.66M) | Time:00:00.00 | Mem:0.20M, Peak:0.20M | Scene, ViewLayer | Updating Lights | Computing tree
Fra:1 Mem:13.63M (Peak 14.66M) | Time:00:00.00 | Mem:0.20M, Peak:0.20M | Scene, ViewLayer | Updating Integrator
Fra:1 Mem:13.63M (Peak 14.66M) | Time:00:00.00 | Mem:0.20M, Peak:0.20M | Scene, ViewLayer | Updating Film
Fra:1 Mem:13.63M (Peak 14.66M) | Time:00:00.00 | Mem:0.12M, Peak:0.20M | Scene, ViewLayer | Updating Lookup Tables
Fra:1 Mem:13.63M (Peak 14.66M) | Time:00:00.00 | Mem:0.21M, Peak:0.21M | Scene, ViewLayer | Updating Baking
Fra:1 Mem:13.63M (Peak 14.66M) | Time:00:00.00 | Mem:0.21M, Peak:0.21M | Scene, ViewLayer | Updating Device | Writing constant memory
Fra:1 Mem:13.64M (Peak 14.66M) | Time:00:00.00 | Mem:0.21M, Peak:0.21M | Scene, ViewLayer | Sample 0/16
Fra:1 Mem:15.89M (Peak 15.89M) | Time:00:00.02 | Remaining:00:00.26 | Mem:2.46M, Peak:2.46M | Scene, ViewLayer | Sample 1/16
Fra:1 Mem:16.89M (Peak 18.90M) | Time:00:00.23 | Mem:2.46M, Peak:2.46M | Scene, ViewLayer | Sample 16/16
Fra:1 Mem:16.89M (Peak 18.90M) | Time:00:00.23 | Mem:2.46M, Peak:2.46M | Scene, ViewLayer | Finished
Saved: '/tmp/street-furniture-qa-4q7zi_2_/bicycle-rack.lod0.side.png'
Time: 00:00.24 (Saving: 00:00.00)

Extensions: writing cache failed ([Errno 30] Read-only file system: '/home/agent/.config/blender').
15:54:52 | INFO: Data are loaded, start creating Blender stuff
15:54:52 | INFO: Blender create Mesh node Cylinder
15:54:52 | INFO: glTF import finished in 0.00s
Fra:1 Mem:14.55M (Peak 14.55M) | Time:00:00.00 | Mem:0.00M, Peak:0.00M | Scene, ViewLayer | Synchronizing object | metal
Fra:1 Mem:14.67M (Peak 14.67M) | Time:00:00.00 | Mem:0.00M, Peak:0.00M | Scene, ViewLayer | Synchronizing object | QA-ground-plane
Fra:1 Mem:14.61M (Peak 14.67M) | Time:00:00.00 | Mem:0.00M, Peak:0.00M | Scene, ViewLayer | Synchronizing object | QA-1m-ruler-tenth.009
Fra:1 Mem:14.62M (Peak 14.67M) | Time:00:00.00 | Mem:0.00M, Peak:0.00M | Scene, ViewLayer | Synchronizing object | QA-1m-ruler-tenth.008
Fra:1 Mem:14.62M (Peak 14.67M) | Time:00:00.00 | Mem:0.00M, Peak:0.00M | Scene, ViewLayer | Synchronizing object | QA-1m-ruler-tenth.007
Fra:1 Mem:14.63M (Peak 14.67M) | Time:00:00.00 | Mem:0.00M, Peak:0.00M | Scene, ViewLayer | Synchronizing object | QA-1m-ruler-tenth.006
Fra:1 Mem:14.66M (Peak 14.67M) | Time:00:00.00 | Mem:0.00M, Peak:0.00M | Scene, ViewLayer | Synchronizing object | QA-1m-ruler-tenth.005
Fra:1 Mem:14.66M (Peak 14.67M) | Time:00:00.00 | Mem:0.00M, Peak:0.00M | Scene, ViewLayer | Synchronizing object | QA-1m-ruler-tenth.004
Fra:1 Mem:14.66M (Peak 14.67M) | Time:00:00.00 | Mem:0.00M, Peak:0.00M | Scene, ViewLayer | Synchronizing object | QA-1m-ruler-tenth.003
Fra:1 Mem:14.66M (Peak 14.67M) | Time:00:00.00 | Mem:0.00M, Peak:0.00M | Scene, ViewLayer | Synchronizing object | QA-1m-ruler-tenth.002
Fra:1 Mem:14.67M (Peak 14.67M) | Time:00:00.00 | Mem:0.00M, Peak:0.00M | Scene, ViewLayer | Synchronizing object | QA-1m-ruler-tenth.001
Fra:1 Mem:14.64M (Peak 14.67M) | Time:00:00.00 | Mem:0.00M, Peak:0.00M | Scene, ViewLayer | Synchronizing object | QA-1m-ruler-tenth
Fra:1 Mem:14.66M (Peak 14.67M) | Time:00:00.00 | Mem:0.00M, Peak:0.00M | Scene, ViewLayer | Synchronizing object | Sphere.001
Fra:1 Mem:14.62M (Peak 14.67M) | Time:00:00.00 | Mem:0.00M, Peak:0.00M | Scene, ViewLayer | Synchronizing object | QA-human-arm.003
Fra:1 Mem:14.63M (Peak 14.67M) | Time:00:00.00 | Mem:0.00M, Peak:0.00M | Scene, ViewLayer | Synchronizing object | QA-human-arm.002
Fra:1 Mem:14.62M (Peak 14.67M) | Time:00:00.00 | Mem:0.00M, Peak:0.00M | Scene, ViewLayer | Synchronizing object | QA-human-torso
Fra:1 Mem:14.63M (Peak 14.67M) | Time:00:00.00 | Mem:0.00M, Peak:0.00M | Scene, ViewLayer | Synchronizing object | QA-human-leg.003
Fra:1 Mem:14.63M (Peak 14.67M) | Time:00:00.00 | Mem:0.00M, Peak:0.00M | Scene, ViewLayer | Synchronizing object | QA-human-neck
Fra:1 Mem:14.63M (Peak 14.67M) | Time:00:00.00 | Mem:0.00M, Peak:0.00M | Scene, ViewLayer | Synchronizing object | QA-human-leg.002
Fra:1 Mem:14.63M (Peak 14.67M) | Time:00:00.00 | Mem:0.00M, Peak:0.00M | Scene, ViewLayer | Synchronizing object | QA-human-leg
Fra:1 Mem:14.63M (Peak 14.67M) | Time:00:00.00 | Mem:0.00M, Peak:0.00M | Scene, ViewLayer | Synchronizing object | QA-human-neck.001
Fra:1 Mem:14.63M (Peak 14.67M) | Time:00:00.00 | Mem:0.00M, Peak:0.00M | Scene, ViewLayer | Synchronizing object | QA-human-leg.001
Fra:1 Mem:14.63M (Peak 14.67M) | Time:00:00.00 | Mem:0.00M, Peak:0.00M | Scene, ViewLayer | Synchronizing object | QA-human-torso.001
Fra:1 Mem:14.63M (Peak 14.67M) | Time:00:00.00 | Mem:0.00M, Peak:0.00M | Scene, ViewLayer | Synchronizing object | QA-human-arm
Fra:1 Mem:14.63M (Peak 14.67M) | Time:00:00.00 | Mem:0.00M, Peak:0.00M | Scene, ViewLayer | Synchronizing object | Sphere
Fra:1 Mem:14.64M (Peak 14.67M) | Time:00:00.00 | Mem:0.00M, Peak:0.00M | Scene, ViewLayer | Synchronizing object | QA-human-arm.001
Fra:1 Mem:14.64M (Peak 14.67M) | Time:00:00.00 | Mem:0.00M, Peak:0.00M | Scene, ViewLayer | Initializing
Fra:1 Mem:13.47M (Peak 14.67M) | Time:00:00.00 | Mem:0.00M, Peak:0.00M | Scene, ViewLayer | Waiting for render to start
Fra:1 Mem:13.47M (Peak 14.67M) | Time:00:00.00 | Mem:0.00M, Peak:0.00M | Scene, ViewLayer | Loading render kernels (may take a few minutes the first time)
Fra:1 Mem:13.47M (Peak 14.67M) | Time:00:00.00 | Mem:0.00M, Peak:0.00M | Scene, ViewLayer | Updating Scene
Fra:1 Mem:13.47M (Peak 14.67M) | Time:00:00.00 | Mem:0.00M, Peak:0.00M | Scene, ViewLayer | Updating Shaders
Fra:1 Mem:13.55M (Peak 14.67M) | Time:00:00.00 | Mem:0.00M, Peak:0.00M | Scene, ViewLayer | Updating Procedurals
Fra:1 Mem:13.55M (Peak 14.67M) | Time:00:00.00 | Mem:0.00M, Peak:0.00M | Scene, ViewLayer | Updating Background
Fra:1 Mem:13.55M (Peak 14.67M) | Time:00:00.00 | Mem:0.00M, Peak:0.00M | Scene, ViewLayer | Updating Camera
Fra:1 Mem:13.55M (Peak 14.67M) | Time:00:00.00 | Mem:0.00M, Peak:0.00M | Scene, ViewLayer | Updating Meshes Flags
Fra:1 Mem:13.55M (Peak 14.67M) | Time:00:00.00 | Mem:0.00M, Peak:0.00M | Scene, ViewLayer | Updating Objects
Fra:1 Mem:13.55M (Peak 14.67M) | Time:00:00.00 | Mem:0.00M, Peak:0.00M | Scene, ViewLayer | Updating Objects | Copying Transformations to device
Fra:1 Mem:13.56M (Peak 14.67M) | Time:00:00.00 | Mem:0.01M, Peak:0.01M | Scene, ViewLayer | Updating Objects | Applying Static Transformations
Fra:1 Mem:13.56M (Peak 14.67M) | Time:00:00.00 | Mem:0.01M, Peak:0.01M | Scene, ViewLayer | Updating Particle Systems
Fra:1 Mem:13.56M (Peak 14.67M) | Time:00:00.00 | Mem:0.01M, Peak:0.01M | Scene, ViewLayer | Updating Particle Systems | Copying Particles to device
Fra:1 Mem:13.56M (Peak 14.67M) | Time:00:00.00 | Mem:0.01M, Peak:0.01M | Scene, ViewLayer | Updating Meshes
Fra:1 Mem:13.57M (Peak 14.67M) | Time:00:00.00 | Mem:0.01M, Peak:0.01M | Scene, ViewLayer | Updating Mesh | Computing attributes
Fra:1 Mem:13.59M (Peak 14.67M) | Time:00:00.00 | Mem:0.01M, Peak:0.01M | Scene, ViewLayer | Updating Mesh | Copying Attributes to device
Fra:1 Mem:13.58M (Peak 14.67M) | Time:00:00.00 | Mem:0.02M, Peak:0.02M | Scene, ViewLayer | Updating Scene BVH | Building
Fra:1 Mem:13.59M (Peak 14.67M) | Time:00:00.00 | Mem:0.02M, Peak:0.02M | Scene, ViewLayer | Updating Scene BVH | Building BVH
Fra:1 Mem:13.59M (Peak 14.67M) | Time:00:00.00 | Mem:0.05M, Peak:0.05M | Scene, ViewLayer | Updating Scene BVH | Building BVH 0%
Fra:1 Mem:13.59M (Peak 14.67M) | Time:00:00.00 | Mem:0.08M, Peak:0.10M | Scene, ViewLayer | Updating Scene BVH | Copying BVH to device
Fra:1 Mem:13.59M (Peak 14.67M) | Time:00:00.00 | Mem:0.08M, Peak:0.10M | Scene, ViewLayer | Updating Mesh | Computing normals
Fra:1 Mem:13.63M (Peak 14.67M) | Time:00:00.00 | Mem:0.08M, Peak:0.10M | Scene, ViewLayer | Updating Mesh | Copying Mesh to device
Fra:1 Mem:13.63M (Peak 14.67M) | Time:00:00.00 | Mem:0.12M, Peak:0.12M | Scene, ViewLayer | Updating Objects Flags
Fra:1 Mem:13.63M (Peak 14.67M) | Time:00:00.00 | Mem:0.12M, Peak:0.12M | Scene, ViewLayer | Updating Primitive Offsets
Fra:1 Mem:13.63M (Peak 14.67M) | Time:00:00.00 | Mem:0.12M, Peak:0.12M | Scene, ViewLayer | Updating Images
Fra:1 Mem:13.63M (Peak 14.67M) | Time:00:00.00 | Mem:0.12M, Peak:0.12M | Scene, ViewLayer | Updating Camera Volume
Fra:1 Mem:13.63M (Peak 14.67M) | Time:00:00.00 | Mem:0.12M, Peak:0.12M | Scene, ViewLayer | Updating Lookup Tables
Fra:1 Mem:13.63M (Peak 14.67M) | Time:00:00.00 | Mem:0.20M, Peak:0.20M | Scene, ViewLayer | Updating Lights
Fra:1 Mem:13.63M (Peak 14.67M) | Time:00:00.00 | Mem:0.20M, Peak:0.20M | Scene, ViewLayer | Updating Lights | Computing tree
Fra:1 Mem:13.63M (Peak 14.67M) | Time:00:00.00 | Mem:0.20M, Peak:0.20M | Scene, ViewLayer | Updating Integrator
Fra:1 Mem:13.63M (Peak 14.67M) | Time:00:00.00 | Mem:0.20M, Peak:0.20M | Scene, ViewLayer | Updating Film
Fra:1 Mem:13.63M (Peak 14.67M) | Time:00:00.00 | Mem:0.12M, Peak:0.20M | Scene, ViewLayer | Updating Lookup Tables
Fra:1 Mem:13.63M (Peak 14.67M) | Time:00:00.00 | Mem:0.21M, Peak:0.21M | Scene, ViewLayer | Updating Baking
Fra:1 Mem:13.63M (Peak 14.67M) | Time:00:00.00 | Mem:0.21M, Peak:0.21M | Scene, ViewLayer | Updating Device | Writing constant memory
Fra:1 Mem:13.64M (Peak 14.67M) | Time:00:00.00 | Mem:0.21M, Peak:0.21M | Scene, ViewLayer | Sample 0/16
Fra:1 Mem:15.89M (Peak 15.89M) | Time:00:00.02 | Remaining:00:00.26 | Mem:2.46M, Peak:2.46M | Scene, ViewLayer | Sample 1/16
Fra:1 Mem:16.89M (Peak 18.90M) | Time:00:00.22 | Mem:2.46M, Peak:2.46M | Scene, ViewLayer | Sample 16/16
Fra:1 Mem:16.89M (Peak 18.90M) | Time:00:00.22 | Mem:2.46M, Peak:2.46M | Scene, ViewLayer | Finished
Saved: '/tmp/street-furniture-qa-4q7zi_2_/bicycle-rack.lod0.rear.png'
Time: 00:00.23 (Saving: 00:00.00)

Extensions: writing cache failed ([Errno 30] Read-only file system: '/home/agent/.config/blender').
15:54:52 | INFO: Data are loaded, start creating Blender stuff
15:54:52 | INFO: Blender create Mesh node Cylinder
15:54:52 | INFO: glTF import finished in 0.00s
Fra:1 Mem:14.55M (Peak 14.55M) | Time:00:00.00 | Mem:0.00M, Peak:0.00M | Scene, ViewLayer | Synchronizing object | metal
Fra:1 Mem:14.68M (Peak 14.68M) | Time:00:00.00 | Mem:0.00M, Peak:0.00M | Scene, ViewLayer | Synchronizing object | QA-ground-plane
Fra:1 Mem:14.66M (Peak 14.68M) | Time:00:00.00 | Mem:0.00M, Peak:0.00M | Scene, ViewLayer | Synchronizing object | QA-1m-ruler-tenth.009
Fra:1 Mem:14.66M (Peak 14.68M) | Time:00:00.00 | Mem:0.00M, Peak:0.00M | Scene, ViewLayer | Synchronizing object | QA-1m-ruler-tenth.008
Fra:1 Mem:14.66M (Peak 14.68M) | Time:00:00.00 | Mem:0.00M, Peak:0.00M | Scene, ViewLayer | Synchronizing object | QA-1m-ruler-tenth.007
Fra:1 Mem:14.66M (Peak 14.68M) | Time:00:00.00 | Mem:0.00M, Peak:0.00M | Scene, ViewLayer | Synchronizing object | QA-1m-ruler-tenth.006
Fra:1 Mem:14.63M (Peak 14.68M) | Time:00:00.00 | Mem:0.00M, Peak:0.00M | Scene, ViewLayer | Synchronizing object | QA-1m-ruler-tenth.005
Fra:1 Mem:14.65M (Peak 14.68M) | Time:00:00.00 | Mem:0.00M, Peak:0.00M | Scene, ViewLayer | Synchronizing object | QA-1m-ruler-tenth.004
Fra:1 Mem:14.66M (Peak 14.68M) | Time:00:00.00 | Mem:0.00M, Peak:0.00M | Scene, ViewLayer | Synchronizing object | QA-1m-ruler-tenth.003
Fra:1 Mem:14.66M (Peak 14.68M) | Time:00:00.00 | Mem:0.00M, Peak:0.00M | Scene, ViewLayer | Synchronizing object | QA-1m-ruler-tenth.002
Fra:1 Mem:14.62M (Peak 14.68M) | Time:00:00.00 | Mem:0.00M, Peak:0.00M | Scene, ViewLayer | Synchronizing object | QA-1m-ruler-tenth.001
Fra:1 Mem:14.61M (Peak 14.68M) | Time:00:00.00 | Mem:0.00M, Peak:0.00M | Scene, ViewLayer | Synchronizing object | QA-human-torso
Fra:1 Mem:14.61M (Peak 14.68M) | Time:00:00.00 | Mem:0.00M, Peak:0.00M | Scene, ViewLayer | Synchronizing object | QA-human-neck
Fra:1 Mem:14.61M (Peak 14.68M) | Time:00:00.00 | Mem:0.00M, Peak:0.00M | Scene, ViewLayer | Synchronizing object | QA-human-leg
Fra:1 Mem:14.62M (Peak 14.68M) | Time:00:00.00 | Mem:0.00M, Peak:0.00M | Scene, ViewLayer | Synchronizing object | QA-human-leg.001
Fra:1 Mem:14.62M (Peak 14.68M) | Time:00:00.00 | Mem:0.00M, Peak:0.00M | Scene, ViewLayer | Synchronizing object | QA-human-arm
Fra:1 Mem:14.62M (Peak 14.68M) | Time:00:00.00 | Mem:0.00M, Peak:0.00M | Scene, ViewLayer | Synchronizing object | QA-1m-ruler-tenth
Fra:1 Mem:14.62M (Peak 14.68M) | Time:00:00.00 | Mem:0.00M, Peak:0.00M | Scene, ViewLayer | Synchronizing object | QA-human-arm.001
Fra:1 Mem:14.62M (Peak 14.68M) | Time:00:00.00 | Mem:0.00M, Peak:0.00M | Scene, ViewLayer | Synchronizing object | Sphere.001
Fra:1 Mem:14.62M (Peak 14.68M) | Time:00:00.00 | Mem:0.00M, Peak:0.00M | Scene, ViewLayer | Synchronizing object | Sphere
Fra:1 Mem:14.64M (Peak 14.68M) | Time:00:00.00 | Mem:0.00M, Peak:0.00M | Scene, ViewLayer | Synchronizing object | QA-human-arm.003
Fra:1 Mem:14.64M (Peak 14.68M) | Time:00:00.00 | Mem:0.00M, Peak:0.00M | Scene, ViewLayer | Synchronizing object | QA-human-arm.002
Fra:1 Mem:14.64M (Peak 14.68M) | Time:00:00.00 | Mem:0.00M, Peak:0.00M | Scene, ViewLayer | Synchronizing object | QA-human-leg.003
Fra:1 Mem:14.64M (Peak 14.68M) | Time:00:00.00 | Mem:0.00M, Peak:0.00M | Scene, ViewLayer | Synchronizing object | QA-human-leg.002
Fra:1 Mem:14.64M (Peak 14.68M) | Time:00:00.00 | Mem:0.00M, Peak:0.00M | Scene, ViewLayer | Synchronizing object | QA-human-neck.001
Fra:1 Mem:14.64M (Peak 14.68M) | Time:00:00.00 | Mem:0.00M, Peak:0.00M | Scene, ViewLayer | Initializing
Fra:1 Mem:13.47M (Peak 14.68M) | Time:00:00.00 | Mem:0.00M, Peak:0.00M | Scene, ViewLayer | Waiting for render to start
Fra:1 Mem:13.47M (Peak 14.68M) | Time:00:00.00 | Mem:0.00M, Peak:0.00M | Scene, ViewLayer | Loading render kernels (may take a few minutes the first time)
Fra:1 Mem:13.47M (Peak 14.68M) | Time:00:00.00 | Mem:0.00M, Peak:0.00M | Scene, ViewLayer | Updating Scene
Fra:1 Mem:13.47M (Peak 14.68M) | Time:00:00.00 | Mem:0.00M, Peak:0.00M | Scene, ViewLayer | Updating Shaders
Fra:1 Mem:13.55M (Peak 14.68M) | Time:00:00.00 | Mem:0.00M, Peak:0.00M | Scene, ViewLayer | Updating Procedurals
Fra:1 Mem:13.55M (Peak 14.68M) | Time:00:00.00 | Mem:0.00M, Peak:0.00M | Scene, ViewLayer | Updating Background
Fra:1 Mem:13.55M (Peak 14.68M) | Time:00:00.00 | Mem:0.00M, Peak:0.00M | Scene, ViewLayer | Updating Camera
Fra:1 Mem:13.55M (Peak 14.68M) | Time:00:00.00 | Mem:0.00M, Peak:0.00M | Scene, ViewLayer | Updating Meshes Flags
Fra:1 Mem:13.55M (Peak 14.68M) | Time:00:00.00 | Mem:0.00M, Peak:0.00M | Scene, ViewLayer | Updating Objects
Fra:1 Mem:13.55M (Peak 14.68M) | Time:00:00.00 | Mem:0.00M, Peak:0.00M | Scene, ViewLayer | Updating Objects | Copying Transformations to device
Fra:1 Mem:13.56M (Peak 14.68M) | Time:00:00.00 | Mem:0.01M, Peak:0.01M | Scene, ViewLayer | Updating Objects | Applying Static Transformations
Fra:1 Mem:13.56M (Peak 14.68M) | Time:00:00.00 | Mem:0.01M, Peak:0.01M | Scene, ViewLayer | Updating Particle Systems
Fra:1 Mem:13.56M (Peak 14.68M) | Time:00:00.00 | Mem:0.01M, Peak:0.01M | Scene, ViewLayer | Updating Particle Systems | Copying Particles to device
Fra:1 Mem:13.56M (Peak 14.68M) | Time:00:00.00 | Mem:0.01M, Peak:0.01M | Scene, ViewLayer | Updating Meshes
Fra:1 Mem:13.57M (Peak 14.68M) | Time:00:00.00 | Mem:0.01M, Peak:0.01M | Scene, ViewLayer | Updating Mesh | Computing attributes
Fra:1 Mem:13.59M (Peak 14.68M) | Time:00:00.00 | Mem:0.01M, Peak:0.01M | Scene, ViewLayer | Updating Mesh | Copying Attributes to device
Fra:1 Mem:13.59M (Peak 14.68M) | Time:00:00.00 | Mem:0.02M, Peak:0.02M | Scene, ViewLayer | Updating Scene BVH | Building
Fra:1 Mem:13.59M (Peak 14.68M) | Time:00:00.00 | Mem:0.02M, Peak:0.02M | Scene, ViewLayer | Updating Scene BVH | Building BVH
Fra:1 Mem:13.59M (Peak 14.68M) | Time:00:00.00 | Mem:0.05M, Peak:0.05M | Scene, ViewLayer | Updating Scene BVH | Building BVH 0%
Fra:1 Mem:13.59M (Peak 14.68M) | Time:00:00.00 | Mem:0.08M, Peak:0.10M | Scene, ViewLayer | Updating Scene BVH | Copying BVH to device
Fra:1 Mem:13.59M (Peak 14.68M) | Time:00:00.00 | Mem:0.08M, Peak:0.10M | Scene, ViewLayer | Updating Mesh | Computing normals
Fra:1 Mem:13.63M (Peak 14.68M) | Time:00:00.00 | Mem:0.08M, Peak:0.10M | Scene, ViewLayer | Updating Mesh | Copying Mesh to device
Fra:1 Mem:13.63M (Peak 14.68M) | Time:00:00.00 | Mem:0.12M, Peak:0.12M | Scene, ViewLayer | Updating Objects Flags
Fra:1 Mem:13.63M (Peak 14.68M) | Time:00:00.00 | Mem:0.12M, Peak:0.12M | Scene, ViewLayer | Updating Primitive Offsets
Fra:1 Mem:13.63M (Peak 14.68M) | Time:00:00.00 | Mem:0.12M, Peak:0.12M | Scene, ViewLayer | Updating Images
Fra:1 Mem:13.63M (Peak 14.68M) | Time:00:00.00 | Mem:0.12M, Peak:0.12M | Scene, ViewLayer | Updating Camera Volume
Fra:1 Mem:13.63M (Peak 14.68M) | Time:00:00.00 | Mem:0.12M, Peak:0.12M | Scene, ViewLayer | Updating Lookup Tables
Fra:1 Mem:13.63M (Peak 14.68M) | Time:00:00.00 | Mem:0.20M, Peak:0.20M | Scene, ViewLayer | Updating Lights
Fra:1 Mem:13.63M (Peak 14.68M) | Time:00:00.00 | Mem:0.20M, Peak:0.20M | Scene, ViewLayer | Updating Lights | Computing tree
Fra:1 Mem:13.63M (Peak 14.68M) | Time:00:00.00 | Mem:0.20M, Peak:0.20M | Scene, ViewLayer | Updating Integrator
Fra:1 Mem:13.63M (Peak 14.68M) | Time:00:00.00 | Mem:0.20M, Peak:0.20M | Scene, ViewLayer | Updating Film
Fra:1 Mem:13.63M (Peak 14.68M) | Time:00:00.00 | Mem:0.12M, Peak:0.20M | Scene, ViewLayer | Updating Lookup Tables
Fra:1 Mem:13.63M (Peak 14.68M) | Time:00:00.00 | Mem:0.21M, Peak:0.21M | Scene, ViewLayer | Updating Baking
Fra:1 Mem:13.63M (Peak 14.68M) | Time:00:00.00 | Mem:0.21M, Peak:0.21M | Scene, ViewLayer | Updating Device | Writing constant memory
Fra:1 Mem:13.64M (Peak 14.68M) | Time:00:00.00 | Mem:0.21M, Peak:0.21M | Scene, ViewLayer | Sample 0/16
Fra:1 Mem:15.89M (Peak 15.89M) | Time:00:00.05 | Remaining:00:00.81 | Mem:2.46M, Peak:2.46M | Scene, ViewLayer | Sample 1/16
Fra:1 Mem:16.89M (Peak 18.90M) | Time:00:00.79 | Mem:2.46M, Peak:2.46M | Scene, ViewLayer | Sample 16/16
Fra:1 Mem:16.89M (Peak 18.90M) | Time:00:00.79 | Mem:2.46M, Peak:2.46M | Scene, ViewLayer | Finished
Saved: '/tmp/street-furniture-qa-4q7zi_2_/bicycle-rack.lod0.top.png'
Time: 00:00.80 (Saving: 00:00.00)

Extensions: writing cache failed ([Errno 30] Read-only file system: '/home/agent/.config/blender').
15:54:53 | INFO: Data are loaded, start creating Blender stuff
15:54:53 | INFO: Blender create Mesh node Cylinder
15:54:53 | INFO: glTF import finished in 0.00s
Fra:1 Mem:14.53M (Peak 14.53M) | Time:00:00.00 | Mem:0.00M, Peak:0.00M | Scene, ViewLayer | Synchronizing object | metal
Fra:1 Mem:14.55M (Peak 14.55M) | Time:00:00.00 | Mem:0.00M, Peak:0.00M | Scene, ViewLayer | Synchronizing object | QA-ground-plane
Fra:1 Mem:14.57M (Peak 14.57M) | Time:00:00.00 | Mem:0.00M, Peak:0.00M | Scene, ViewLayer | Synchronizing object | QA-1m-ruler-tenth.009
Fra:1 Mem:14.55M (Peak 14.57M) | Time:00:00.00 | Mem:0.00M, Peak:0.00M | Scene, ViewLayer | Synchronizing object | QA-1m-ruler-tenth.008
Fra:1 Mem:14.55M (Peak 14.57M) | Time:00:00.00 | Mem:0.00M, Peak:0.00M | Scene, ViewLayer | Synchronizing object | QA-1m-ruler-tenth.007
Fra:1 Mem:14.55M (Peak 14.57M) | Time:00:00.00 | Mem:0.00M, Peak:0.00M | Scene, ViewLayer | Synchronizing object | QA-human-torso
Fra:1 Mem:14.55M (Peak 14.57M) | Time:00:00.00 | Mem:0.00M, Peak:0.00M | Scene, ViewLayer | Synchronizing object | QA-1m-ruler-tenth.006
Fra:1 Mem:14.56M (Peak 14.57M) | Time:00:00.00 | Mem:0.00M, Peak:0.00M | Scene, ViewLayer | Synchronizing object | QA-1m-ruler-tenth.005
Fra:1 Mem:14.56M (Peak 14.57M) | Time:00:00.00 | Mem:0.00M, Peak:0.00M | Scene, ViewLayer | Synchronizing object | QA-human-neck
Fra:1 Mem:14.56M (Peak 14.57M) | Time:00:00.00 | Mem:0.00M, Peak:0.00M | Scene, ViewLayer | Synchronizing object | QA-1m-ruler-tenth.004
Fra:1 Mem:14.56M (Peak 14.57M) | Time:00:00.00 | Mem:0.00M, Peak:0.00M | Scene, ViewLayer | Synchronizing object | QA-human-leg
Fra:1 Mem:14.56M (Peak 14.57M) | Time:00:00.00 | Mem:0.00M, Peak:0.00M | Scene, ViewLayer | Synchronizing object | QA-human-leg.001
Fra:1 Mem:14.56M (Peak 14.57M) | Time:00:00.00 | Mem:0.00M, Peak:0.00M | Scene, ViewLayer | Synchronizing object | QA-human-arm
Fra:1 Mem:14.56M (Peak 14.57M) | Time:00:00.00 | Mem:0.00M, Peak:0.00M | Scene, ViewLayer | Synchronizing object | QA-human-arm.001
Fra:1 Mem:14.56M (Peak 14.57M) | Time:00:00.00 | Mem:0.00M, Peak:0.00M | Scene, ViewLayer | Synchronizing object | Sphere
Fra:1 Mem:14.57M (Peak 14.57M) | Time:00:00.00 | Mem:0.00M, Peak:0.00M | Scene, ViewLayer | Synchronizing object | QA-1m-ruler-tenth.002
Fra:1 Mem:14.57M (Peak 14.57M) | Time:00:00.00 | Mem:0.00M, Peak:0.00M | Scene, ViewLayer | Synchronizing object | QA-human-torso.001
Fra:1 Mem:14.58M (Peak 14.58M) | Time:00:00.00 | Mem:0.00M, Peak:0.00M | Scene, ViewLayer | Synchronizing object | QA-1m-ruler-tenth.001
Fra:1 Mem:14.58M (Peak 14.58M) | Time:00:00.00 | Mem:0.00M, Peak:0.00M | Scene, ViewLayer | Synchronizing object | QA-human-neck.001
Fra:1 Mem:14.58M (Peak 14.58M) | Time:00:00.00 | Mem:0.00M, Peak:0.00M | Scene, ViewLayer | Synchronizing object | QA-1m-ruler-tenth
Fra:1 Mem:14.58M (Peak 14.58M) | Time:00:00.00 | Mem:0.00M, Peak:0.00M | Scene, ViewLayer | Synchronizing object | QA-human-leg.002
Fra:1 Mem:14.58M (Peak 14.58M) | Time:00:00.00 | Mem:0.00M, Peak:0.00M | Scene, ViewLayer | Synchronizing object | Sphere.001
Fra:1 Mem:14.59M (Peak 14.59M) | Time:00:00.00 | Mem:0.00M, Peak:0.00M | Scene, ViewLayer | Synchronizing object | QA-human-leg.003
Fra:1 Mem:14.59M (Peak 14.59M) | Time:00:00.00 | Mem:0.00M, Peak:0.00M | Scene, ViewLayer | Synchronizing object | QA-human-arm.002
Fra:1 Mem:14.59M (Peak 14.59M) | Time:00:00.00 | Mem:0.00M, Peak:0.00M | Scene, ViewLayer | Synchronizing object | QA-human-arm.003
Fra:1 Mem:14.59M (Peak 14.59M) | Time:00:00.00 | Mem:0.00M, Peak:0.00M | Scene, ViewLayer | Initializing
Fra:1 Mem:13.42M (Peak 14.59M) | Time:00:00.00 | Mem:0.00M, Peak:0.00M | Scene, ViewLayer | Waiting for render to start
Fra:1 Mem:13.42M (Peak 14.59M) | Time:00:00.00 | Mem:0.00M, Peak:0.00M | Scene, ViewLayer | Loading render kernels (may take a few minutes the first time)
Fra:1 Mem:13.42M (Peak 14.59M) | Time:00:00.00 | Mem:0.00M, Peak:0.00M | Scene, ViewLayer | Updating Scene
Fra:1 Mem:13.42M (Peak 14.59M) | Time:00:00.00 | Mem:0.00M, Peak:0.00M | Scene, ViewLayer | Updating Shaders
Fra:1 Mem:13.50M (Peak 14.59M) | Time:00:00.00 | Mem:0.00M, Peak:0.00M | Scene, ViewLayer | Updating Procedurals
Fra:1 Mem:13.50M (Peak 14.59M) | Time:00:00.00 | Mem:0.00M, Peak:0.00M | Scene, ViewLayer | Updating Background
Fra:1 Mem:13.50M (Peak 14.59M) | Time:00:00.00 | Mem:0.00M, Peak:0.00M | Scene, ViewLayer | Updating Camera
Fra:1 Mem:13.50M (Peak 14.59M) | Time:00:00.00 | Mem:0.00M, Peak:0.00M | Scene, ViewLayer | Updating Meshes Flags
Fra:1 Mem:13.50M (Peak 14.59M) | Time:00:00.00 | Mem:0.00M, Peak:0.00M | Scene, ViewLayer | Updating Objects
Fra:1 Mem:13.50M (Peak 14.59M) | Time:00:00.00 | Mem:0.00M, Peak:0.00M | Scene, ViewLayer | Updating Objects | Copying Transformations to device
Fra:1 Mem:13.51M (Peak 14.59M) | Time:00:00.00 | Mem:0.01M, Peak:0.01M | Scene, ViewLayer | Updating Objects | Applying Static Transformations
Fra:1 Mem:13.51M (Peak 14.59M) | Time:00:00.00 | Mem:0.01M, Peak:0.01M | Scene, ViewLayer | Updating Particle Systems
Fra:1 Mem:13.51M (Peak 14.59M) | Time:00:00.00 | Mem:0.01M, Peak:0.01M | Scene, ViewLayer | Updating Particle Systems | Copying Particles to device
Fra:1 Mem:13.51M (Peak 14.59M) | Time:00:00.00 | Mem:0.01M, Peak:0.01M | Scene, ViewLayer | Updating Meshes
Fra:1 Mem:13.52M (Peak 14.59M) | Time:00:00.00 | Mem:0.01M, Peak:0.01M | Scene, ViewLayer | Updating Mesh | Computing attributes
Fra:1 Mem:13.53M (Peak 14.59M) | Time:00:00.00 | Mem:0.01M, Peak:0.01M | Scene, ViewLayer | Updating Mesh | Copying Attributes to device
Fra:1 Mem:13.53M (Peak 14.59M) | Time:00:00.00 | Mem:0.02M, Peak:0.02M | Scene, ViewLayer | Updating Scene BVH | Building
Fra:1 Mem:13.53M (Peak 14.59M) | Time:00:00.00 | Mem:0.02M, Peak:0.02M | Scene, ViewLayer | Updating Scene BVH | Building BVH
Fra:1 Mem:13.53M (Peak 14.59M) | Time:00:00.00 | Mem:0.04M, Peak:0.04M | Scene, ViewLayer | Updating Scene BVH | Building BVH 0%
Fra:1 Mem:13.53M (Peak 14.59M) | Time:00:00.00 | Mem:0.06M, Peak:0.08M | Scene, ViewLayer | Updating Scene BVH | Copying BVH to device
Fra:1 Mem:13.53M (Peak 14.59M) | Time:00:00.00 | Mem:0.06M, Peak:0.08M | Scene, ViewLayer | Updating Mesh | Computing normals
Fra:1 Mem:13.55M (Peak 14.59M) | Time:00:00.00 | Mem:0.06M, Peak:0.08M | Scene, ViewLayer | Updating Mesh | Copying Mesh to device
Fra:1 Mem:13.55M (Peak 14.59M) | Time:00:00.00 | Mem:0.09M, Peak:0.09M | Scene, ViewLayer | Updating Objects Flags
Fra:1 Mem:13.55M (Peak 14.59M) | Time:00:00.00 | Mem:0.09M, Peak:0.09M | Scene, ViewLayer | Updating Primitive Offsets
Fra:1 Mem:13.56M (Peak 14.59M) | Time:00:00.00 | Mem:0.09M, Peak:0.09M | Scene, ViewLayer | Updating Images
Fra:1 Mem:13.56M (Peak 14.59M) | Time:00:00.00 | Mem:0.09M, Peak:0.09M | Scene, ViewLayer | Updating Camera Volume
Fra:1 Mem:13.56M (Peak 14.59M) | Time:00:00.00 | Mem:0.09M, Peak:0.09M | Scene, ViewLayer | Updating Lookup Tables
Fra:1 Mem:13.56M (Peak 14.59M) | Time:00:00.00 | Mem:0.17M, Peak:0.17M | Scene, ViewLayer | Updating Lights
Fra:1 Mem:13.56M (Peak 14.59M) | Time:00:00.00 | Mem:0.17M, Peak:0.17M | Scene, ViewLayer | Updating Lights | Computing tree
Fra:1 Mem:13.56M (Peak 14.59M) | Time:00:00.00 | Mem:0.17M, Peak:0.17M | Scene, ViewLayer | Updating Integrator
Fra:1 Mem:13.56M (Peak 14.59M) | Time:00:00.00 | Mem:0.17M, Peak:0.17M | Scene, ViewLayer | Updating Film
Fra:1 Mem:13.56M (Peak 14.59M) | Time:00:00.00 | Mem:0.09M, Peak:0.17M | Scene, ViewLayer | Updating Lookup Tables
Fra:1 Mem:13.56M (Peak 14.59M) | Time:00:00.00 | Mem:0.18M, Peak:0.18M | Scene, ViewLayer | Updating Baking
Fra:1 Mem:13.56M (Peak 14.59M) | Time:00:00.00 | Mem:0.18M, Peak:0.18M | Scene, ViewLayer | Updating Device | Writing constant memory
Fra:1 Mem:13.56M (Peak 14.59M) | Time:00:00.00 | Mem:0.18M, Peak:0.18M | Scene, ViewLayer | Sample 0/16
Fra:1 Mem:15.82M (Peak 15.82M) | Time:00:00.02 | Remaining:00:00.29 | Mem:2.43M, Peak:2.43M | Scene, ViewLayer | Sample 1/16
Fra:1 Mem:16.82M (Peak 18.82M) | Time:00:00.26 | Mem:2.43M, Peak:2.43M | Scene, ViewLayer | Sample 16/16
Fra:1 Mem:16.82M (Peak 18.82M) | Time:00:00.26 | Mem:2.43M, Peak:2.43M | Scene, ViewLayer | Finished
Saved: '/tmp/street-furniture-qa-4q7zi_2_/bicycle-rack.lod1.front.png'
Time: 00:00.27 (Saving: 00:00.00)

Extensions: writing cache failed ([Errno 30] Read-only file system: '/home/agent/.config/blender').
15:54:53 | INFO: Data are loaded, start creating Blender stuff
15:54:53 | INFO: Blender create Mesh node Cylinder
15:54:53 | INFO: glTF import finished in 0.00s
Fra:1 Mem:14.53M (Peak 14.53M) | Time:00:00.00 | Mem:0.00M, Peak:0.00M | Scene, ViewLayer | Synchronizing object | metal
Fra:1 Mem:14.57M (Peak 14.57M) | Time:00:00.00 | Mem:0.00M, Peak:0.00M | Scene, ViewLayer | Synchronizing object | QA-ground-plane
Fra:1 Mem:14.55M (Peak 14.57M) | Time:00:00.00 | Mem:0.00M, Peak:0.00M | Scene, ViewLayer | Synchronizing object | QA-human-torso
Fra:1 Mem:14.55M (Peak 14.57M) | Time:00:00.00 | Mem:0.00M, Peak:0.00M | Scene, ViewLayer | Synchronizing object | QA-1m-ruler-tenth.009
Fra:1 Mem:14.55M (Peak 14.57M) | Time:00:00.00 | Mem:0.00M, Peak:0.00M | Scene, ViewLayer | Synchronizing object | QA-human-neck
Fra:1 Mem:14.55M (Peak 14.57M) | Time:00:00.00 | Mem:0.00M, Peak:0.00M | Scene, ViewLayer | Synchronizing object | QA-1m-ruler-tenth.008
Fra:1 Mem:14.55M (Peak 14.57M) | Time:00:00.00 | Mem:0.00M, Peak:0.00M | Scene, ViewLayer | Synchronizing object | QA-human-leg
Fra:1 Mem:14.56M (Peak 14.57M) | Time:00:00.00 | Mem:0.00M, Peak:0.00M | Scene, ViewLayer | Synchronizing object | QA-1m-ruler-tenth.007
Fra:1 Mem:14.56M (Peak 14.57M) | Time:00:00.00 | Mem:0.00M, Peak:0.00M | Scene, ViewLayer | Synchronizing object | QA-human-leg.001
Fra:1 Mem:14.56M (Peak 14.57M) | Time:00:00.00 | Mem:0.00M, Peak:0.00M | Scene, ViewLayer | Synchronizing object | QA-1m-ruler-tenth.006
Fra:1 Mem:14.56M (Peak 14.57M) | Time:00:00.00 | Mem:0.00M, Peak:0.00M | Scene, ViewLayer | Synchronizing object | QA-human-arm
Fra:1 Mem:14.56M (Peak 14.57M) | Time:00:00.00 | Mem:0.00M, Peak:0.00M | Scene, ViewLayer | Synchronizing object | QA-1m-ruler-tenth.005
Fra:1 Mem:14.56M (Peak 14.57M) | Time:00:00.00 | Mem:0.00M, Peak:0.00M | Scene, ViewLayer | Synchronizing object | QA-human-arm.001
Fra:1 Mem:14.56M (Peak 14.57M) | Time:00:00.00 | Mem:0.00M, Peak:0.00M | Scene, ViewLayer | Synchronizing object | QA-1m-ruler-tenth.004
Fra:1 Mem:14.56M (Peak 14.57M) | Time:00:00.00 | Mem:0.00M, Peak:0.00M | Scene, ViewLayer | Synchronizing object | Sphere
Fra:1 Mem:14.57M (Peak 14.57M) | Time:00:00.00 | Mem:0.00M, Peak:0.00M | Scene, ViewLayer | Synchronizing object | QA-1m-ruler-tenth.003
Fra:1 Mem:14.57M (Peak 14.57M) | Time:00:00.00 | Mem:0.00M, Peak:0.00M | Scene, ViewLayer | Synchronizing object | QA-1m-ruler-tenth.002
Fra:1 Mem:14.58M (Peak 14.58M) | Time:00:00.00 | Mem:0.00M, Peak:0.00M | Scene, ViewLayer | Synchronizing object | QA-1m-ruler-tenth.001
Fra:1 Mem:14.58M (Peak 14.58M) | Time:00:00.00 | Mem:0.00M, Peak:0.00M | Scene, ViewLayer | Synchronizing object | QA-human-torso.001
Fra:1 Mem:14.58M (Peak 14.58M) | Time:00:00.00 | Mem:0.00M, Peak:0.00M | Scene, ViewLayer | Synchronizing object | QA-1m-ruler-tenth
Fra:1 Mem:14.58M (Peak 14.58M) | Time:00:00.00 | Mem:0.00M, Peak:0.00M | Scene, ViewLayer | Synchronizing object | QA-human-neck.001
Fra:1 Mem:14.58M (Peak 14.58M) | Time:00:00.00 | Mem:0.00M, Peak:0.00M | Scene, ViewLayer | Synchronizing object | Sphere.001
Fra:1 Mem:14.59M (Peak 14.59M) | Time:00:00.00 | Mem:0.00M, Peak:0.00M | Scene, ViewLayer | Synchronizing object | QA-human-leg.002
Fra:1 Mem:14.59M (Peak 14.59M) | Time:00:00.00 | Mem:0.00M, Peak:0.00M | Scene, ViewLayer | Synchronizing object | QA-human-leg.003
Fra:1 Mem:14.59M (Peak 14.59M) | Time:00:00.00 | Mem:0.00M, Peak:0.00M | Scene, ViewLayer | Synchronizing object | QA-human-arm.003
Fra:1 Mem:14.59M (Peak 14.59M) | Time:00:00.00 | Mem:0.00M, Peak:0.00M | Scene, ViewLayer | Synchronizing object | QA-human-arm.002
Fra:1 Mem:14.59M (Peak 14.59M) | Time:00:00.00 | Mem:0.00M, Peak:0.00M | Scene, ViewLayer | Initializing
Fra:1 Mem:13.42M (Peak 14.59M) | Time:00:00.00 | Mem:0.00M, Peak:0.00M | Scene, ViewLayer | Waiting for render to start
Fra:1 Mem:13.42M (Peak 14.59M) | Time:00:00.00 | Mem:0.00M, Peak:0.00M | Scene, ViewLayer | Loading render kernels (may take a few minutes the first time)
Fra:1 Mem:13.42M (Peak 14.59M) | Time:00:00.00 | Mem:0.00M, Peak:0.00M | Scene, ViewLayer | Updating Scene
Fra:1 Mem:13.42M (Peak 14.59M) | Time:00:00.00 | Mem:0.00M, Peak:0.00M | Scene, ViewLayer | Updating Shaders
Fra:1 Mem:13.50M (Peak 14.59M) | Time:00:00.00 | Mem:0.00M, Peak:0.00M | Scene, ViewLayer | Updating Procedurals
Fra:1 Mem:13.50M (Peak 14.59M) | Time:00:00.00 | Mem:0.00M, Peak:0.00M | Scene, ViewLayer | Updating Background
Fra:1 Mem:13.50M (Peak 14.59M) | Time:00:00.00 | Mem:0.00M, Peak:0.00M | Scene, ViewLayer | Updating Camera
Fra:1 Mem:13.50M (Peak 14.59M) | Time:00:00.00 | Mem:0.00M, Peak:0.00M | Scene, ViewLayer | Updating Meshes Flags
Fra:1 Mem:13.50M (Peak 14.59M) | Time:00:00.00 | Mem:0.00M, Peak:0.00M | Scene, ViewLayer | Updating Objects
Fra:1 Mem:13.50M (Peak 14.59M) | Time:00:00.00 | Mem:0.00M, Peak:0.00M | Scene, ViewLayer | Updating Objects | Copying Transformations to device
Fra:1 Mem:13.51M (Peak 14.59M) | Time:00:00.00 | Mem:0.01M, Peak:0.01M | Scene, ViewLayer | Updating Objects | Applying Static Transformations
Fra:1 Mem:13.51M (Peak 14.59M) | Time:00:00.00 | Mem:0.01M, Peak:0.01M | Scene, ViewLayer | Updating Particle Systems
Fra:1 Mem:13.51M (Peak 14.59M) | Time:00:00.00 | Mem:0.01M, Peak:0.01M | Scene, ViewLayer | Updating Particle Systems | Copying Particles to device
Fra:1 Mem:13.51M (Peak 14.59M) | Time:00:00.00 | Mem:0.01M, Peak:0.01M | Scene, ViewLayer | Updating Meshes
Fra:1 Mem:13.52M (Peak 14.59M) | Time:00:00.00 | Mem:0.01M, Peak:0.01M | Scene, ViewLayer | Updating Mesh | Computing attributes
Fra:1 Mem:13.53M (Peak 14.59M) | Time:00:00.00 | Mem:0.01M, Peak:0.01M | Scene, ViewLayer | Updating Mesh | Copying Attributes to device
Fra:1 Mem:13.53M (Peak 14.59M) | Time:00:00.00 | Mem:0.02M, Peak:0.02M | Scene, ViewLayer | Updating Scene BVH | Building
Fra:1 Mem:13.53M (Peak 14.59M) | Time:00:00.00 | Mem:0.02M, Peak:0.02M | Scene, ViewLayer | Updating Scene BVH | Building BVH
Fra:1 Mem:13.53M (Peak 14.59M) | Time:00:00.00 | Mem:0.04M, Peak:0.04M | Scene, ViewLayer | Updating Scene BVH | Building BVH 0%
Fra:1 Mem:13.53M (Peak 14.59M) | Time:00:00.00 | Mem:0.06M, Peak:0.08M | Scene, ViewLayer | Updating Scene BVH | Copying BVH to device
Fra:1 Mem:13.53M (Peak 14.59M) | Time:00:00.00 | Mem:0.06M, Peak:0.08M | Scene, ViewLayer | Updating Mesh | Computing normals
Fra:1 Mem:13.56M (Peak 14.59M) | Time:00:00.00 | Mem:0.06M, Peak:0.08M | Scene, ViewLayer | Updating Mesh | Copying Mesh to device
Fra:1 Mem:13.56M (Peak 14.59M) | Time:00:00.00 | Mem:0.09M, Peak:0.09M | Scene, ViewLayer | Updating Objects Flags
Fra:1 Mem:13.56M (Peak 14.59M) | Time:00:00.00 | Mem:0.09M, Peak:0.09M | Scene, ViewLayer | Updating Primitive Offsets
Fra:1 Mem:13.56M (Peak 14.59M) | Time:00:00.00 | Mem:0.09M, Peak:0.09M | Scene, ViewLayer | Updating Images
Fra:1 Mem:13.56M (Peak 14.59M) | Time:00:00.00 | Mem:0.09M, Peak:0.09M | Scene, ViewLayer | Updating Camera Volume
Fra:1 Mem:13.56M (Peak 14.59M) | Time:00:00.00 | Mem:0.09M, Peak:0.09M | Scene, ViewLayer | Updating Lookup Tables
Fra:1 Mem:13.56M (Peak 14.59M) | Time:00:00.00 | Mem:0.17M, Peak:0.17M | Scene, ViewLayer | Updating Lights
Fra:1 Mem:13.56M (Peak 14.59M) | Time:00:00.00 | Mem:0.17M, Peak:0.17M | Scene, ViewLayer | Updating Lights | Computing tree
Fra:1 Mem:13.56M (Peak 14.59M) | Time:00:00.00 | Mem:0.18M, Peak:0.18M | Scene, ViewLayer | Updating Integrator
Fra:1 Mem:13.56M (Peak 14.59M) | Time:00:00.00 | Mem:0.18M, Peak:0.18M | Scene, ViewLayer | Updating Film
Fra:1 Mem:13.56M (Peak 14.59M) | Time:00:00.00 | Mem:0.09M, Peak:0.18M | Scene, ViewLayer | Updating Lookup Tables
Fra:1 Mem:13.56M (Peak 14.59M) | Time:00:00.00 | Mem:0.18M, Peak:0.18M | Scene, ViewLayer | Updating Baking
Fra:1 Mem:13.56M (Peak 14.59M) | Time:00:00.00 | Mem:0.18M, Peak:0.18M | Scene, ViewLayer | Updating Device | Writing constant memory
Fra:1 Mem:13.56M (Peak 14.59M) | Time:00:00.00 | Mem:0.18M, Peak:0.18M | Scene, ViewLayer | Sample 0/16
Fra:1 Mem:15.82M (Peak 15.82M) | Time:00:00.02 | Remaining:00:00.26 | Mem:2.43M, Peak:2.43M | Scene, ViewLayer | Sample 1/16
Fra:1 Mem:16.82M (Peak 18.82M) | Time:00:00.23 | Mem:2.43M, Peak:2.43M | Scene, ViewLayer | Sample 16/16
Fra:1 Mem:16.82M (Peak 18.82M) | Time:00:00.23 | Mem:2.43M, Peak:2.43M | Scene, ViewLayer | Finished
Saved: '/tmp/street-furniture-qa-4q7zi_2_/bicycle-rack.lod1.side.png'
Time: 00:00.25 (Saving: 00:00.01)

Extensions: writing cache failed ([Errno 30] Read-only file system: '/home/agent/.config/blender').
15:54:54 | INFO: Data are loaded, start creating Blender stuff
15:54:54 | INFO: Blender create Mesh node Cylinder
15:54:54 | INFO: glTF import finished in 0.01s
Fra:1 Mem:14.53M (Peak 14.53M) | Time:00:00.00 | Mem:0.00M, Peak:0.00M | Scene, ViewLayer | Synchronizing object | metal
Fra:1 Mem:14.55M (Peak 14.55M) | Time:00:00.00 | Mem:0.00M, Peak:0.00M | Scene, ViewLayer | Synchronizing object | QA-ground-plane
Fra:1 Mem:14.55M (Peak 14.55M) | Time:00:00.00 | Mem:0.00M, Peak:0.00M | Scene, ViewLayer | Synchronizing object | QA-1m-ruler-tenth.009
Fra:1 Mem:14.55M (Peak 14.55M) | Time:00:00.00 | Mem:0.00M, Peak:0.00M | Scene, ViewLayer | Synchronizing object | QA-1m-ruler-tenth.008
Fra:1 Mem:14.55M (Peak 14.55M) | Time:00:00.00 | Mem:0.00M, Peak:0.00M | Scene, ViewLayer | Synchronizing object | QA-1m-ruler-tenth.007
Fra:1 Mem:14.55M (Peak 14.55M) | Time:00:00.00 | Mem:0.00M, Peak:0.00M | Scene, ViewLayer | Synchronizing object | QA-1m-ruler-tenth.006
Fra:1 Mem:14.56M (Peak 14.56M) | Time:00:00.00 | Mem:0.00M, Peak:0.00M | Scene, ViewLayer | Synchronizing object | QA-1m-ruler-tenth.005
Fra:1 Mem:14.56M (Peak 14.56M) | Time:00:00.00 | Mem:0.00M, Peak:0.00M | Scene, ViewLayer | Synchronizing object | QA-human-neck
Fra:1 Mem:14.56M (Peak 14.56M) | Time:00:00.00 | Mem:0.00M, Peak:0.00M | Scene, ViewLayer | Synchronizing object | QA-human-leg
Fra:1 Mem:14.56M (Peak 14.56M) | Time:00:00.00 | Mem:0.00M, Peak:0.00M | Scene, ViewLayer | Synchronizing object | QA-human-leg.001
Fra:1 Mem:14.56M (Peak 14.56M) | Time:00:00.00 | Mem:0.00M, Peak:0.00M | Scene, ViewLayer | Synchronizing object | QA-1m-ruler-tenth.003
Fra:1 Mem:14.56M (Peak 14.56M) | Time:00:00.00 | Mem:0.00M, Peak:0.00M | Scene, ViewLayer | Synchronizing object | QA-human-arm
Fra:1 Mem:14.56M (Peak 14.56M) | Time:00:00.00 | Mem:0.00M, Peak:0.00M | Scene, ViewLayer | Synchronizing object | QA-1m-ruler-tenth.002
Fra:1 Mem:14.56M (Peak 14.56M) | Time:00:00.00 | Mem:0.00M, Peak:0.00M | Scene, ViewLayer | Synchronizing object | QA-human-arm.001
Fra:1 Mem:14.57M (Peak 14.57M) | Time:00:00.00 | Mem:0.00M, Peak:0.00M | Scene, ViewLayer | Synchronizing object | QA-1m-ruler-tenth.001
Fra:1 Mem:14.57M (Peak 14.57M) | Time:00:00.00 | Mem:0.00M, Peak:0.00M | Scene, ViewLayer | Synchronizing object | Sphere
Fra:1 Mem:14.58M (Peak 14.58M) | Time:00:00.00 | Mem:0.00M, Peak:0.00M | Scene, ViewLayer | Synchronizing object | QA-1m-ruler-tenth
Fra:1 Mem:14.58M (Peak 14.58M) | Time:00:00.00 | Mem:0.00M, Peak:0.00M | Scene, ViewLayer | Synchronizing object | QA-human-torso.001
Fra:1 Mem:14.58M (Peak 14.58M) | Time:00:00.00 | Mem:0.00M, Peak:0.00M | Scene, ViewLayer | Synchronizing object | Sphere.001
Fra:1 Mem:14.58M (Peak 14.58M) | Time:00:00.00 | Mem:0.00M, Peak:0.00M | Scene, ViewLayer | Synchronizing object | QA-human-neck.001
Fra:1 Mem:14.59M (Peak 14.59M) | Time:00:00.00 | Mem:0.00M, Peak:0.00M | Scene, ViewLayer | Synchronizing object | QA-human-leg.002
Fra:1 Mem:14.59M (Peak 14.59M) | Time:00:00.00 | Mem:0.00M, Peak:0.00M | Scene, ViewLayer | Synchronizing object | QA-human-arm.003
Fra:1 Mem:14.59M (Peak 14.59M) | Time:00:00.00 | Mem:0.00M, Peak:0.00M | Scene, ViewLayer | Synchronizing object | QA-human-arm.002
Fra:1 Mem:14.59M (Peak 14.59M) | Time:00:00.00 | Mem:0.00M, Peak:0.00M | Scene, ViewLayer | Synchronizing object | QA-human-leg.003
Fra:1 Mem:14.59M (Peak 14.59M) | Time:00:00.00 | Mem:0.00M, Peak:0.00M | Scene, ViewLayer | Initializing
Fra:1 Mem:13.42M (Peak 14.59M) | Time:00:00.00 | Mem:0.00M, Peak:0.00M | Scene, ViewLayer | Waiting for render to start
Fra:1 Mem:13.42M (Peak 14.59M) | Time:00:00.00 | Mem:0.00M, Peak:0.00M | Scene, ViewLayer | Loading render kernels (may take a few minutes the first time)
Fra:1 Mem:13.42M (Peak 14.59M) | Time:00:00.00 | Mem:0.00M, Peak:0.00M | Scene, ViewLayer | Updating Scene
Fra:1 Mem:13.42M (Peak 14.59M) | Time:00:00.00 | Mem:0.00M, Peak:0.00M | Scene, ViewLayer | Updating Shaders
Fra:1 Mem:13.50M (Peak 14.59M) | Time:00:00.00 | Mem:0.00M, Peak:0.00M | Scene, ViewLayer | Updating Procedurals
Fra:1 Mem:13.50M (Peak 14.59M) | Time:00:00.00 | Mem:0.00M, Peak:0.00M | Scene, ViewLayer | Updating Background
Fra:1 Mem:13.50M (Peak 14.59M) | Time:00:00.00 | Mem:0.00M, Peak:0.00M | Scene, ViewLayer | Updating Camera
Fra:1 Mem:13.50M (Peak 14.59M) | Time:00:00.00 | Mem:0.00M, Peak:0.00M | Scene, ViewLayer | Updating Meshes Flags
Fra:1 Mem:13.50M (Peak 14.59M) | Time:00:00.00 | Mem:0.00M, Peak:0.00M | Scene, ViewLayer | Updating Objects
Fra:1 Mem:13.50M (Peak 14.59M) | Time:00:00.00 | Mem:0.00M, Peak:0.00M | Scene, ViewLayer | Updating Objects | Copying Transformations to device
Fra:1 Mem:13.51M (Peak 14.59M) | Time:00:00.00 | Mem:0.01M, Peak:0.01M | Scene, ViewLayer | Updating Objects | Applying Static Transformations
Fra:1 Mem:13.51M (Peak 14.59M) | Time:00:00.00 | Mem:0.01M, Peak:0.01M | Scene, ViewLayer | Updating Particle Systems
Fra:1 Mem:13.51M (Peak 14.59M) | Time:00:00.00 | Mem:0.01M, Peak:0.01M | Scene, ViewLayer | Updating Particle Systems | Copying Particles to device
Fra:1 Mem:13.51M (Peak 14.59M) | Time:00:00.00 | Mem:0.01M, Peak:0.01M | Scene, ViewLayer | Updating Meshes
Fra:1 Mem:13.52M (Peak 14.59M) | Time:00:00.00 | Mem:0.01M, Peak:0.01M | Scene, ViewLayer | Updating Mesh | Computing attributes
Fra:1 Mem:13.53M (Peak 14.59M) | Time:00:00.00 | Mem:0.01M, Peak:0.01M | Scene, ViewLayer | Updating Mesh | Copying Attributes to device
Fra:1 Mem:13.53M (Peak 14.59M) | Time:00:00.00 | Mem:0.02M, Peak:0.02M | Scene, ViewLayer | Updating Scene BVH | Building
Fra:1 Mem:13.53M (Peak 14.59M) | Time:00:00.00 | Mem:0.02M, Peak:0.02M | Scene, ViewLayer | Updating Scene BVH | Building BVH
Fra:1 Mem:13.53M (Peak 14.59M) | Time:00:00.00 | Mem:0.04M, Peak:0.04M | Scene, ViewLayer | Updating Scene BVH | Building BVH 0%
Fra:1 Mem:13.53M (Peak 14.59M) | Time:00:00.00 | Mem:0.06M, Peak:0.08M | Scene, ViewLayer | Updating Scene BVH | Copying BVH to device
Fra:1 Mem:13.53M (Peak 14.59M) | Time:00:00.00 | Mem:0.06M, Peak:0.08M | Scene, ViewLayer | Updating Mesh | Computing normals
Fra:1 Mem:13.56M (Peak 14.59M) | Time:00:00.00 | Mem:0.06M, Peak:0.08M | Scene, ViewLayer | Updating Mesh | Copying Mesh to device
Fra:1 Mem:13.56M (Peak 14.59M) | Time:00:00.00 | Mem:0.09M, Peak:0.09M | Scene, ViewLayer | Updating Objects Flags
Fra:1 Mem:13.56M (Peak 14.59M) | Time:00:00.00 | Mem:0.09M, Peak:0.09M | Scene, ViewLayer | Updating Primitive Offsets
Fra:1 Mem:13.56M (Peak 14.59M) | Time:00:00.00 | Mem:0.09M, Peak:0.09M | Scene, ViewLayer | Updating Images
Fra:1 Mem:13.56M (Peak 14.59M) | Time:00:00.00 | Mem:0.09M, Peak:0.09M | Scene, ViewLayer | Updating Camera Volume
Fra:1 Mem:13.56M (Peak 14.59M) | Time:00:00.00 | Mem:0.09M, Peak:0.09M | Scene, ViewLayer | Updating Lookup Tables
Fra:1 Mem:13.56M (Peak 14.59M) | Time:00:00.00 | Mem:0.17M, Peak:0.17M | Scene, ViewLayer | Updating Lights
Fra:1 Mem:13.56M (Peak 14.59M) | Time:00:00.00 | Mem:0.17M, Peak:0.17M | Scene, ViewLayer | Updating Lights | Computing tree
Fra:1 Mem:13.56M (Peak 14.59M) | Time:00:00.00 | Mem:0.17M, Peak:0.17M | Scene, ViewLayer | Updating Integrator
Fra:1 Mem:13.56M (Peak 14.59M) | Time:00:00.00 | Mem:0.17M, Peak:0.17M | Scene, ViewLayer | Updating Film
Fra:1 Mem:13.56M (Peak 14.59M) | Time:00:00.00 | Mem:0.09M, Peak:0.17M | Scene, ViewLayer | Updating Lookup Tables
Fra:1 Mem:13.56M (Peak 14.59M) | Time:00:00.00 | Mem:0.18M, Peak:0.18M | Scene, ViewLayer | Updating Baking
Fra:1 Mem:13.56M (Peak 14.59M) | Time:00:00.00 | Mem:0.18M, Peak:0.18M | Scene, ViewLayer | Updating Device | Writing constant memory
Fra:1 Mem:13.56M (Peak 14.59M) | Time:00:00.00 | Mem:0.18M, Peak:0.18M | Scene, ViewLayer | Sample 0/16
Fra:1 Mem:15.82M (Peak 15.82M) | Time:00:00.02 | Remaining:00:00.31 | Mem:2.43M, Peak:2.43M | Scene, ViewLayer | Sample 1/16
Fra:1 Mem:16.82M (Peak 18.82M) | Time:00:00.24 | Mem:2.43M, Peak:2.43M | Scene, ViewLayer | Sample 16/16
Fra:1 Mem:16.82M (Peak 18.82M) | Time:00:00.24 | Mem:2.43M, Peak:2.43M | Scene, ViewLayer | Finished
Saved: '/tmp/street-furniture-qa-4q7zi_2_/bicycle-rack.lod1.rear.png'
Time: 00:00.25 (Saving: 00:00.00)

Extensions: writing cache failed ([Errno 30] Read-only file system: '/home/agent/.config/blender').
15:54:54 | INFO: Data are loaded, start creating Blender stuff
15:54:54 | INFO: Blender create Mesh node Cylinder
15:54:54 | INFO: glTF import finished in 0.00s
Fra:1 Mem:14.53M (Peak 14.53M) | Time:00:00.00 | Mem:0.00M, Peak:0.00M | Scene, ViewLayer | Synchronizing object | metal
Fra:1 Mem:14.56M (Peak 14.56M) | Time:00:00.00 | Mem:0.00M, Peak:0.00M | Scene, ViewLayer | Synchronizing object | QA-ground-plane
Fra:1 Mem:14.55M (Peak 14.56M) | Time:00:00.00 | Mem:0.00M, Peak:0.00M | Scene, ViewLayer | Synchronizing object | QA-1m-ruler-tenth.009
Fra:1 Mem:14.55M (Peak 14.56M) | Time:00:00.00 | Mem:0.00M, Peak:0.00M | Scene, ViewLayer | Synchronizing object | QA-human-torso
Fra:1 Mem:14.55M (Peak 14.56M) | Time:00:00.00 | Mem:0.00M, Peak:0.00M | Scene, ViewLayer | Synchronizing object | QA-1m-ruler-tenth.008
Fra:1 Mem:14.55M (Peak 14.56M) | Time:00:00.00 | Mem:0.00M, Peak:0.00M | Scene, ViewLayer | Synchronizing object | QA-1m-ruler-tenth.007
Fra:1 Mem:14.56M (Peak 14.56M) | Time:00:00.00 | Mem:0.00M, Peak:0.00M | Scene, ViewLayer | Synchronizing object | QA-1m-ruler-tenth.006
Fra:1 Mem:14.56M (Peak 14.56M) | Time:00:00.00 | Mem:0.00M, Peak:0.00M | Scene, ViewLayer | Synchronizing object | QA-human-leg
Fra:1 Mem:14.56M (Peak 14.56M) | Time:00:00.00 | Mem:0.00M, Peak:0.00M | Scene, ViewLayer | Synchronizing object | QA-1m-ruler-tenth.005
Fra:1 Mem:14.56M (Peak 14.56M) | Time:00:00.00 | Mem:0.00M, Peak:0.00M | Scene, ViewLayer | Synchronizing object | QA-human-leg.001
Fra:1 Mem:14.56M (Peak 14.56M) | Time:00:00.00 | Mem:0.00M, Peak:0.00M | Scene, ViewLayer | Synchronizing object | QA-1m-ruler-tenth.004
Fra:1 Mem:14.56M (Peak 14.56M) | Time:00:00.00 | Mem:0.00M, Peak:0.00M | Scene, ViewLayer | Synchronizing object | QA-human-arm
Fra:1 Mem:14.56M (Peak 14.56M) | Time:00:00.00 | Mem:0.00M, Peak:0.00M | Scene, ViewLayer | Synchronizing object | QA-1m-ruler-tenth.003
Fra:1 Mem:14.56M (Peak 14.56M) | Time:00:00.00 | Mem:0.00M, Peak:0.00M | Scene, ViewLayer | Synchronizing object | QA-human-arm.001
Fra:1 Mem:14.56M (Peak 14.56M) | Time:00:00.00 | Mem:0.00M, Peak:0.00M | Scene, ViewLayer | Synchronizing object | QA-1m-ruler-tenth.002
Fra:1 Mem:14.57M (Peak 14.57M) | Time:00:00.00 | Mem:0.00M, Peak:0.00M | Scene, ViewLayer | Synchronizing object | Sphere
Fra:1 Mem:14.57M (Peak 14.57M) | Time:00:00.00 | Mem:0.00M, Peak:0.00M | Scene, ViewLayer | Synchronizing object | QA-1m-ruler-tenth.001
Fra:1 Mem:14.57M (Peak 14.57M) | Time:00:00.00 | Mem:0.00M, Peak:0.00M | Scene, ViewLayer | Synchronizing object | QA-1m-ruler-tenth
Fra:1 Mem:14.58M (Peak 14.58M) | Time:00:00.00 | Mem:0.00M, Peak:0.00M | Scene, ViewLayer | Synchronizing object | Sphere.001
Fra:1 Mem:14.58M (Peak 14.58M) | Time:00:00.00 | Mem:0.00M, Peak:0.00M | Scene, ViewLayer | Synchronizing object | QA-human-torso.001
Fra:1 Mem:14.59M (Peak 14.59M) | Time:00:00.00 | Mem:0.00M, Peak:0.00M | Scene, ViewLayer | Synchronizing object | QA-human-neck.001
Fra:1 Mem:14.59M (Peak 14.59M) | Time:00:00.00 | Mem:0.00M, Peak:0.00M | Scene, ViewLayer | Synchronizing object | QA-human-arm.003
Fra:1 Mem:14.59M (Peak 14.59M) | Time:00:00.00 | Mem:0.00M, Peak:0.00M | Scene, ViewLayer | Synchronizing object | QA-human-leg.002
Fra:1 Mem:14.59M (Peak 14.59M) | Time:00:00.00 | Mem:0.00M, Peak:0.00M | Scene, ViewLayer | Synchronizing object | QA-human-arm.002
Fra:1 Mem:14.59M (Peak 14.59M) | Time:00:00.00 | Mem:0.00M, Peak:0.00M | Scene, ViewLayer | Synchronizing object | QA-human-leg.003
Fra:1 Mem:14.59M (Peak 14.59M) | Time:00:00.00 | Mem:0.00M, Peak:0.00M | Scene, ViewLayer | Initializing
Fra:1 Mem:13.42M (Peak 14.59M) | Time:00:00.00 | Mem:0.00M, Peak:0.00M | Scene, ViewLayer | Waiting for render to start
Fra:1 Mem:13.42M (Peak 14.59M) | Time:00:00.00 | Mem:0.00M, Peak:0.00M | Scene, ViewLayer | Loading render kernels (may take a few minutes the first time)
Fra:1 Mem:13.42M (Peak 14.59M) | Time:00:00.00 | Mem:0.00M, Peak:0.00M | Scene, ViewLayer | Updating Scene
Fra:1 Mem:13.42M (Peak 14.59M) | Time:00:00.00 | Mem:0.00M, Peak:0.00M | Scene, ViewLayer | Updating Shaders
Fra:1 Mem:13.50M (Peak 14.59M) | Time:00:00.00 | Mem:0.00M, Peak:0.00M | Scene, ViewLayer | Updating Procedurals
Fra:1 Mem:13.50M (Peak 14.59M) | Time:00:00.00 | Mem:0.00M, Peak:0.00M | Scene, ViewLayer | Updating Background
Fra:1 Mem:13.50M (Peak 14.59M) | Time:00:00.00 | Mem:0.00M, Peak:0.00M | Scene, ViewLayer | Updating Camera
Fra:1 Mem:13.50M (Peak 14.59M) | Time:00:00.00 | Mem:0.00M, Peak:0.00M | Scene, ViewLayer | Updating Meshes Flags
Fra:1 Mem:13.50M (Peak 14.59M) | Time:00:00.00 | Mem:0.00M, Peak:0.00M | Scene, ViewLayer | Updating Objects
Fra:1 Mem:13.50M (Peak 14.59M) | Time:00:00.00 | Mem:0.00M, Peak:0.00M | Scene, ViewLayer | Updating Objects | Copying Transformations to device
Fra:1 Mem:13.51M (Peak 14.59M) | Time:00:00.00 | Mem:0.01M, Peak:0.01M | Scene, ViewLayer | Updating Objects | Applying Static Transformations
Fra:1 Mem:13.51M (Peak 14.59M) | Time:00:00.00 | Mem:0.01M, Peak:0.01M | Scene, ViewLayer | Updating Particle Systems
Fra:1 Mem:13.51M (Peak 14.59M) | Time:00:00.00 | Mem:0.01M, Peak:0.01M | Scene, ViewLayer | Updating Particle Systems | Copying Particles to device
Fra:1 Mem:13.51M (Peak 14.59M) | Time:00:00.00 | Mem:0.01M, Peak:0.01M | Scene, ViewLayer | Updating Meshes
Fra:1 Mem:13.52M (Peak 14.59M) | Time:00:00.00 | Mem:0.01M, Peak:0.01M | Scene, ViewLayer | Updating Mesh | Computing attributes
Fra:1 Mem:13.53M (Peak 14.59M) | Time:00:00.00 | Mem:0.01M, Peak:0.01M | Scene, ViewLayer | Updating Mesh | Copying Attributes to device
Fra:1 Mem:13.53M (Peak 14.59M) | Time:00:00.00 | Mem:0.02M, Peak:0.02M | Scene, ViewLayer | Updating Scene BVH | Building
Fra:1 Mem:13.53M (Peak 14.59M) | Time:00:00.00 | Mem:0.02M, Peak:0.02M | Scene, ViewLayer | Updating Scene BVH | Building BVH
Fra:1 Mem:13.53M (Peak 14.59M) | Time:00:00.00 | Mem:0.04M, Peak:0.04M | Scene, ViewLayer | Updating Scene BVH | Building BVH 0%
Fra:1 Mem:13.53M (Peak 14.59M) | Time:00:00.00 | Mem:0.06M, Peak:0.08M | Scene, ViewLayer | Updating Scene BVH | Copying BVH to device
Fra:1 Mem:13.53M (Peak 14.59M) | Time:00:00.00 | Mem:0.06M, Peak:0.08M | Scene, ViewLayer | Updating Mesh | Computing normals
Fra:1 Mem:13.56M (Peak 14.59M) | Time:00:00.00 | Mem:0.06M, Peak:0.08M | Scene, ViewLayer | Updating Mesh | Copying Mesh to device
Fra:1 Mem:13.56M (Peak 14.59M) | Time:00:00.00 | Mem:0.09M, Peak:0.09M | Scene, ViewLayer | Updating Objects Flags
Fra:1 Mem:13.56M (Peak 14.59M) | Time:00:00.00 | Mem:0.09M, Peak:0.09M | Scene, ViewLayer | Updating Primitive Offsets
Fra:1 Mem:13.56M (Peak 14.59M) | Time:00:00.00 | Mem:0.09M, Peak:0.09M | Scene, ViewLayer | Updating Images
Fra:1 Mem:13.56M (Peak 14.59M) | Time:00:00.00 | Mem:0.09M, Peak:0.09M | Scene, ViewLayer | Updating Camera Volume
Fra:1 Mem:13.56M (Peak 14.59M) | Time:00:00.00 | Mem:0.09M, Peak:0.09M | Scene, ViewLayer | Updating Lookup Tables
Fra:1 Mem:13.56M (Peak 14.59M) | Time:00:00.00 | Mem:0.17M, Peak:0.17M | Scene, ViewLayer | Updating Lights
Fra:1 Mem:13.56M (Peak 14.59M) | Time:00:00.00 | Mem:0.17M, Peak:0.17M | Scene, ViewLayer | Updating Lights | Computing tree
Fra:1 Mem:13.56M (Peak 14.59M) | Time:00:00.00 | Mem:0.17M, Peak:0.17M | Scene, ViewLayer | Updating Integrator
Fra:1 Mem:13.56M (Peak 14.59M) | Time:00:00.00 | Mem:0.17M, Peak:0.17M | Scene, ViewLayer | Updating Film
Fra:1 Mem:13.56M (Peak 14.59M) | Time:00:00.00 | Mem:0.09M, Peak:0.17M | Scene, ViewLayer | Updating Lookup Tables
Fra:1 Mem:13.56M (Peak 14.59M) | Time:00:00.00 | Mem:0.18M, Peak:0.18M | Scene, ViewLayer | Updating Baking
Fra:1 Mem:13.56M (Peak 14.59M) | Time:00:00.00 | Mem:0.18M, Peak:0.18M | Scene, ViewLayer | Updating Device | Writing constant memory
Fra:1 Mem:13.56M (Peak 14.59M) | Time:00:00.00 | Mem:0.18M, Peak:0.18M | Scene, ViewLayer | Sample 0/16
Fra:1 Mem:15.82M (Peak 15.82M) | Time:00:00.06 | Remaining:00:00.85 | Mem:2.43M, Peak:2.43M | Scene, ViewLayer | Sample 1/16
Fra:1 Mem:16.82M (Peak 18.82M) | Time:00:00.85 | Mem:2.43M, Peak:2.43M | Scene, ViewLayer | Sample 16/16
Fra:1 Mem:16.82M (Peak 18.82M) | Time:00:00.85 | Mem:2.43M, Peak:2.43M | Scene, ViewLayer | Finished
Saved: '/tmp/street-furniture-qa-4q7zi_2_/bicycle-rack.lod1.top.png'
Time: 00:00.86 (Saving: 00:00.00)

Extensions: writing cache failed ([Errno 30] Read-only file system: '/home/agent/.config/blender').
15:54:55 | INFO: Data are loaded, start creating Blender stuff
15:54:55 | INFO: Blender create Mesh node Cylinder
15:54:55 | INFO: glTF import finished in 0.00s
Fra:1 Mem:14.55M (Peak 14.55M) | Time:00:00.00 | Mem:0.00M, Peak:0.00M | Scene, ViewLayer | Synchronizing object | metal
Fra:1 Mem:14.67M (Peak 14.67M) | Time:00:00.00 | Mem:0.00M, Peak:0.00M | Scene, ViewLayer | Synchronizing object | QA-ground-plane
Fra:1 Mem:14.62M (Peak 14.67M) | Time:00:00.00 | Mem:0.00M, Peak:0.00M | Scene, ViewLayer | Synchronizing object | QA-1m-ruler-tenth.009
Fra:1 Mem:14.62M (Peak 14.67M) | Time:00:00.00 | Mem:0.00M, Peak:0.00M | Scene, ViewLayer | Synchronizing object | QA-1m-ruler-tenth.008
Fra:1 Mem:14.63M (Peak 14.67M) | Time:00:00.00 | Mem:0.00M, Peak:0.00M | Scene, ViewLayer | Synchronizing object | QA-1m-ruler-tenth.007
Fra:1 Mem:14.66M (Peak 14.67M) | Time:00:00.00 | Mem:0.00M, Peak:0.00M | Scene, ViewLayer | Synchronizing object | QA-1m-ruler-tenth.006
Fra:1 Mem:14.66M (Peak 14.67M) | Time:00:00.00 | Mem:0.00M, Peak:0.00M | Scene, ViewLayer | Synchronizing object | QA-1m-ruler-tenth.005
Fra:1 Mem:14.66M (Peak 14.67M) | Time:00:00.00 | Mem:0.00M, Peak:0.00M | Scene, ViewLayer | Synchronizing object | QA-1m-ruler-tenth.004
Fra:1 Mem:14.66M (Peak 14.67M) | Time:00:00.00 | Mem:0.00M, Peak:0.00M | Scene, ViewLayer | Synchronizing object | QA-1m-ruler-tenth.003
Fra:1 Mem:14.62M (Peak 14.67M) | Time:00:00.00 | Mem:0.00M, Peak:0.00M | Scene, ViewLayer | Synchronizing object | QA-1m-ruler-tenth.002
Fra:1 Mem:14.66M (Peak 14.67M) | Time:00:00.00 | Mem:0.00M, Peak:0.00M | Scene, ViewLayer | Synchronizing object | QA-1m-ruler-tenth.001
Fra:1 Mem:14.66M (Peak 14.67M) | Time:00:00.00 | Mem:0.00M, Peak:0.00M | Scene, ViewLayer | Synchronizing object | QA-1m-ruler-tenth
Fra:1 Mem:14.62M (Peak 14.67M) | Time:00:00.00 | Mem:0.00M, Peak:0.00M | Scene, ViewLayer | Synchronizing object | Sphere.001
Fra:1 Mem:14.62M (Peak 14.67M) | Time:00:00.00 | Mem:0.00M, Peak:0.00M | Scene, ViewLayer | Synchronizing object | QA-human-torso
Fra:1 Mem:14.62M (Peak 14.67M) | Time:00:00.00 | Mem:0.00M, Peak:0.00M | Scene, ViewLayer | Synchronizing object | QA-human-arm.003
Fra:1 Mem:14.62M (Peak 14.67M) | Time:00:00.00 | Mem:0.00M, Peak:0.00M | Scene, ViewLayer | Synchronizing object | QA-human-neck
Fra:1 Mem:14.63M (Peak 14.67M) | Time:00:00.00 | Mem:0.00M, Peak:0.00M | Scene, ViewLayer | Synchronizing object | QA-human-arm.002
Fra:1 Mem:14.63M (Peak 14.67M) | Time:00:00.00 | Mem:0.00M, Peak:0.00M | Scene, ViewLayer | Synchronizing object | QA-human-leg
Fra:1 Mem:14.63M (Peak 14.67M) | Time:00:00.00 | Mem:0.00M, Peak:0.00M | Scene, ViewLayer | Synchronizing object | QA-human-leg.003
Fra:1 Mem:14.63M (Peak 14.67M) | Time:00:00.00 | Mem:0.00M, Peak:0.00M | Scene, ViewLayer | Synchronizing object | QA-human-leg.001
Fra:1 Mem:14.63M (Peak 14.67M) | Time:00:00.00 | Mem:0.00M, Peak:0.00M | Scene, ViewLayer | Synchronizing object | QA-human-leg.002
Fra:1 Mem:14.63M (Peak 14.67M) | Time:00:00.00 | Mem:0.00M, Peak:0.00M | Scene, ViewLayer | Synchronizing object | QA-human-arm
Fra:1 Mem:14.63M (Peak 14.67M) | Time:00:00.00 | Mem:0.00M, Peak:0.00M | Scene, ViewLayer | Synchronizing object | QA-human-neck.001
Fra:1 Mem:14.63M (Peak 14.67M) | Time:00:00.00 | Mem:0.00M, Peak:0.00M | Scene, ViewLayer | Synchronizing object | QA-human-arm.001
Fra:1 Mem:14.63M (Peak 14.67M) | Time:00:00.00 | Mem:0.00M, Peak:0.00M | Scene, ViewLayer | Synchronizing object | QA-human-torso.001
Fra:1 Mem:14.64M (Peak 14.67M) | Time:00:00.00 | Mem:0.00M, Peak:0.00M | Scene, ViewLayer | Synchronizing object | Sphere
Fra:1 Mem:14.64M (Peak 14.67M) | Time:00:00.00 | Mem:0.00M, Peak:0.00M | Scene, ViewLayer | Initializing
Fra:1 Mem:13.47M (Peak 14.67M) | Time:00:00.00 | Mem:0.00M, Peak:0.00M | Scene, ViewLayer | Waiting for render to start
Fra:1 Mem:13.47M (Peak 14.67M) | Time:00:00.00 | Mem:0.00M, Peak:0.00M | Scene, ViewLayer | Loading render kernels (may take a few minutes the first time)
Fra:1 Mem:13.47M (Peak 14.67M) | Time:00:00.00 | Mem:0.00M, Peak:0.00M | Scene, ViewLayer | Updating Scene
Fra:1 Mem:13.47M (Peak 14.67M) | Time:00:00.00 | Mem:0.00M, Peak:0.00M | Scene, ViewLayer | Updating Shaders
Fra:1 Mem:13.55M (Peak 14.67M) | Time:00:00.00 | Mem:0.00M, Peak:0.00M | Scene, ViewLayer | Updating Procedurals
Fra:1 Mem:13.55M (Peak 14.67M) | Time:00:00.00 | Mem:0.00M, Peak:0.00M | Scene, ViewLayer | Updating Background
Fra:1 Mem:13.55M (Peak 14.67M) | Time:00:00.00 | Mem:0.00M, Peak:0.00M | Scene, ViewLayer | Updating Camera
Fra:1 Mem:13.55M (Peak 14.67M) | Time:00:00.00 | Mem:0.00M, Peak:0.00M | Scene, ViewLayer | Updating Meshes Flags
Fra:1 Mem:13.55M (Peak 14.67M) | Time:00:00.00 | Mem:0.00M, Peak:0.00M | Scene, ViewLayer | Updating Objects
Fra:1 Mem:13.55M (Peak 14.67M) | Time:00:00.00 | Mem:0.00M, Peak:0.00M | Scene, ViewLayer | Updating Objects | Copying Transformations to device
Fra:1 Mem:13.56M (Peak 14.67M) | Time:00:00.00 | Mem:0.01M, Peak:0.01M | Scene, ViewLayer | Updating Objects | Applying Static Transformations
Fra:1 Mem:13.56M (Peak 14.67M) | Time:00:00.00 | Mem:0.01M, Peak:0.01M | Scene, ViewLayer | Updating Particle Systems
Fra:1 Mem:13.56M (Peak 14.67M) | Time:00:00.00 | Mem:0.01M, Peak:0.01M | Scene, ViewLayer | Updating Particle Systems | Copying Particles to device
Fra:1 Mem:13.56M (Peak 14.67M) | Time:00:00.00 | Mem:0.01M, Peak:0.01M | Scene, ViewLayer | Updating Meshes
Fra:1 Mem:13.57M (Peak 14.67M) | Time:00:00.00 | Mem:0.01M, Peak:0.01M | Scene, ViewLayer | Updating Mesh | Computing attributes
Fra:1 Mem:13.59M (Peak 14.67M) | Time:00:00.00 | Mem:0.01M, Peak:0.01M | Scene, ViewLayer | Updating Mesh | Copying Attributes to device
Fra:1 Mem:13.59M (Peak 14.67M) | Time:00:00.00 | Mem:0.02M, Peak:0.02M | Scene, ViewLayer | Updating Scene BVH | Building
Fra:1 Mem:13.59M (Peak 14.67M) | Time:00:00.00 | Mem:0.02M, Peak:0.02M | Scene, ViewLayer | Updating Scene BVH | Building BVH
Fra:1 Mem:13.59M (Peak 14.67M) | Time:00:00.00 | Mem:0.05M, Peak:0.05M | Scene, ViewLayer | Updating Scene BVH | Building BVH 0%
Fra:1 Mem:13.59M (Peak 14.67M) | Time:00:00.00 | Mem:0.08M, Peak:0.10M | Scene, ViewLayer | Updating Scene BVH | Copying BVH to device
Fra:1 Mem:13.59M (Peak 14.67M) | Time:00:00.00 | Mem:0.08M, Peak:0.10M | Scene, ViewLayer | Updating Mesh | Computing normals
Fra:1 Mem:13.63M (Peak 14.67M) | Time:00:00.00 | Mem:0.08M, Peak:0.10M | Scene, ViewLayer | Updating Mesh | Copying Mesh to device
Fra:1 Mem:13.63M (Peak 14.67M) | Time:00:00.00 | Mem:0.12M, Peak:0.12M | Scene, ViewLayer | Updating Objects Flags
Fra:1 Mem:13.63M (Peak 14.67M) | Time:00:00.00 | Mem:0.12M, Peak:0.12M | Scene, ViewLayer | Updating Primitive Offsets
Fra:1 Mem:13.63M (Peak 14.67M) | Time:00:00.00 | Mem:0.12M, Peak:0.12M | Scene, ViewLayer | Updating Images
Fra:1 Mem:13.63M (Peak 14.67M) | Time:00:00.00 | Mem:0.12M, Peak:0.12M | Scene, ViewLayer | Updating Camera Volume
Fra:1 Mem:13.63M (Peak 14.67M) | Time:00:00.00 | Mem:0.12M, Peak:0.12M | Scene, ViewLayer | Updating Lookup Tables
Fra:1 Mem:13.63M (Peak 14.67M) | Time:00:00.00 | Mem:0.20M, Peak:0.20M | Scene, ViewLayer | Updating Lights
Fra:1 Mem:13.63M (Peak 14.67M) | Time:00:00.00 | Mem:0.20M, Peak:0.20M | Scene, ViewLayer | Updating Lights | Computing tree
Fra:1 Mem:13.63M (Peak 14.67M) | Time:00:00.00 | Mem:0.20M, Peak:0.20M | Scene, ViewLayer | Updating Integrator
Fra:1 Mem:13.63M (Peak 14.67M) | Time:00:00.00 | Mem:0.20M, Peak:0.20M | Scene, ViewLayer | Updating Film
Fra:1 Mem:13.64M (Peak 14.67M) | Time:00:00.00 | Mem:0.12M, Peak:0.20M | Scene, ViewLayer | Updating Lookup Tables
Fra:1 Mem:13.64M (Peak 14.67M) | Time:00:00.00 | Mem:0.21M, Peak:0.21M | Scene, ViewLayer | Updating Baking
Fra:1 Mem:13.64M (Peak 14.67M) | Time:00:00.00 | Mem:0.21M, Peak:0.21M | Scene, ViewLayer | Updating Device | Writing constant memory
Fra:1 Mem:13.64M (Peak 14.67M) | Time:00:00.00 | Mem:0.21M, Peak:0.21M | Scene, ViewLayer | Sample 0/16
Fra:1 Mem:15.89M (Peak 15.89M) | Time:00:00.02 | Remaining:00:00.30 | Mem:2.46M, Peak:2.46M | Scene, ViewLayer | Sample 1/16
Fra:1 Mem:16.89M (Peak 18.90M) | Time:00:00.27 | Mem:2.46M, Peak:2.46M | Scene, ViewLayer | Sample 16/16
Fra:1 Mem:16.89M (Peak 18.90M) | Time:00:00.27 | Mem:2.46M, Peak:2.46M | Scene, ViewLayer | Finished
Saved: '/tmp/street-furniture-qa-4q7zi_2_/bicycle-rack.lod0.overcast.png'
Time: 00:00.28 (Saving: 00:00.00)

Extensions: writing cache failed ([Errno 30] Read-only file system: '/home/agent/.config/blender').
15:54:55 | INFO: Data are loaded, start creating Blender stuff
15:54:55 | INFO: Blender create Mesh node Cylinder
15:54:55 | INFO: glTF import finished in 0.00s
Fra:1 Mem:14.55M (Peak 14.55M) | Time:00:00.00 | Mem:0.00M, Peak:0.00M | Scene, ViewLayer | Synchronizing object | metal
Fra:1 Mem:14.59M (Peak 14.59M) | Time:00:00.00 | Mem:0.00M, Peak:0.00M | Scene, ViewLayer | Synchronizing object | QA-ground-plane
Fra:1 Mem:14.66M (Peak 14.66M) | Time:00:00.00 | Mem:0.00M, Peak:0.00M | Scene, ViewLayer | Synchronizing object | QA-1m-ruler-tenth.009
Fra:1 Mem:14.66M (Peak 14.66M) | Time:00:00.00 | Mem:0.00M, Peak:0.00M | Scene, ViewLayer | Synchronizing object | QA-1m-ruler-tenth.008
Fra:1 Mem:14.66M (Peak 14.66M) | Time:00:00.00 | Mem:0.00M, Peak:0.00M | Scene, ViewLayer | Synchronizing object | QA-1m-ruler-tenth.007
Fra:1 Mem:14.66M (Peak 14.66M) | Time:00:00.00 | Mem:0.00M, Peak:0.00M | Scene, ViewLayer | Synchronizing object | QA-1m-ruler-tenth.006
Fra:1 Mem:14.66M (Peak 14.66M) | Time:00:00.00 | Mem:0.00M, Peak:0.00M | Scene, ViewLayer | Synchronizing object | QA-1m-ruler-tenth.005
Fra:1 Mem:14.65M (Peak 14.66M) | Time:00:00.00 | Mem:0.00M, Peak:0.00M | Scene, ViewLayer | Synchronizing object | QA-1m-ruler-tenth.004
Fra:1 Mem:14.66M (Peak 14.66M) | Time:00:00.00 | Mem:0.00M, Peak:0.00M | Scene, ViewLayer | Synchronizing object | QA-1m-ruler-tenth.003
Fra:1 Mem:14.64M (Peak 14.66M) | Time:00:00.00 | Mem:0.00M, Peak:0.00M | Scene, ViewLayer | Synchronizing object | QA-1m-ruler-tenth.002
Fra:1 Mem:14.62M (Peak 14.66M) | Time:00:00.00 | Mem:0.00M, Peak:0.00M | Scene, ViewLayer | Synchronizing object | QA-1m-ruler-tenth.001
Fra:1 Mem:14.61M (Peak 14.66M) | Time:00:00.00 | Mem:0.00M, Peak:0.00M | Scene, ViewLayer | Synchronizing object | QA-human-torso
Fra:1 Mem:14.61M (Peak 14.66M) | Time:00:00.00 | Mem:0.00M, Peak:0.00M | Scene, ViewLayer | Synchronizing object | QA-human-neck
Fra:1 Mem:14.61M (Peak 14.66M) | Time:00:00.00 | Mem:0.00M, Peak:0.00M | Scene, ViewLayer | Synchronizing object | QA-human-leg
Fra:1 Mem:14.62M (Peak 14.66M) | Time:00:00.00 | Mem:0.00M, Peak:0.00M | Scene, ViewLayer | Synchronizing object | QA-human-leg.001
Fra:1 Mem:14.62M (Peak 14.66M) | Time:00:00.00 | Mem:0.00M, Peak:0.00M | Scene, ViewLayer | Synchronizing object | QA-human-arm
Fra:1 Mem:14.62M (Peak 14.66M) | Time:00:00.00 | Mem:0.00M, Peak:0.00M | Scene, ViewLayer | Synchronizing object | Sphere.001
Fra:1 Mem:14.63M (Peak 14.66M) | Time:00:00.00 | Mem:0.00M, Peak:0.00M | Scene, ViewLayer | Synchronizing object | QA-human-arm.001
Fra:1 Mem:14.63M (Peak 14.66M) | Time:00:00.00 | Mem:0.00M, Peak:0.00M | Scene, ViewLayer | Synchronizing object | QA-human-arm.003
Fra:1 Mem:14.63M (Peak 14.66M) | Time:00:00.00 | Mem:0.00M, Peak:0.00M | Scene, ViewLayer | Synchronizing object | Sphere
Fra:1 Mem:14.63M (Peak 14.66M) | Time:00:00.00 | Mem:0.00M, Peak:0.00M | Scene, ViewLayer | Synchronizing object | QA-human-arm.002
Fra:1 Mem:14.64M (Peak 14.66M) | Time:00:00.00 | Mem:0.00M, Peak:0.00M | Scene, ViewLayer | Synchronizing object | QA-human-leg.003
Fra:1 Mem:14.64M (Peak 14.66M) | Time:00:00.00 | Mem:0.00M, Peak:0.00M | Scene, ViewLayer | Synchronizing object | QA-human-leg.002
Fra:1 Mem:14.64M (Peak 14.66M) | Time:00:00.00 | Mem:0.00M, Peak:0.00M | Scene, ViewLayer | Synchronizing object | QA-human-torso.001
Fra:1 Mem:14.64M (Peak 14.66M) | Time:00:00.00 | Mem:0.00M, Peak:0.00M | Scene, ViewLayer | Synchronizing object | QA-human-neck.001
Fra:1 Mem:14.65M (Peak 14.66M) | Time:00:00.00 | Mem:0.00M, Peak:0.00M | Scene, ViewLayer | Initializing
Fra:1 Mem:13.47M (Peak 14.66M) | Time:00:00.00 | Mem:0.00M, Peak:0.00M | Scene, ViewLayer | Waiting for render to start
Fra:1 Mem:13.47M (Peak 14.66M) | Time:00:00.00 | Mem:0.00M, Peak:0.00M | Scene, ViewLayer | Loading render kernels (may take a few minutes the first time)
Fra:1 Mem:13.47M (Peak 14.66M) | Time:00:00.00 | Mem:0.00M, Peak:0.00M | Scene, ViewLayer | Updating Scene
Fra:1 Mem:13.47M (Peak 14.66M) | Time:00:00.00 | Mem:0.00M, Peak:0.00M | Scene, ViewLayer | Updating Shaders
Fra:1 Mem:13.55M (Peak 14.66M) | Time:00:00.00 | Mem:0.00M, Peak:0.00M | Scene, ViewLayer | Updating Procedurals
Fra:1 Mem:13.55M (Peak 14.66M) | Time:00:00.00 | Mem:0.00M, Peak:0.00M | Scene, ViewLayer | Updating Background
Fra:1 Mem:13.55M (Peak 14.66M) | Time:00:00.00 | Mem:0.00M, Peak:0.00M | Scene, ViewLayer | Updating Camera
Fra:1 Mem:13.55M (Peak 14.66M) | Time:00:00.00 | Mem:0.00M, Peak:0.00M | Scene, ViewLayer | Updating Meshes Flags
Fra:1 Mem:13.55M (Peak 14.66M) | Time:00:00.00 | Mem:0.00M, Peak:0.00M | Scene, ViewLayer | Updating Objects
Fra:1 Mem:13.55M (Peak 14.66M) | Time:00:00.00 | Mem:0.00M, Peak:0.00M | Scene, ViewLayer | Updating Objects | Copying Transformations to device
Fra:1 Mem:13.56M (Peak 14.66M) | Time:00:00.00 | Mem:0.01M, Peak:0.01M | Scene, ViewLayer | Updating Objects | Applying Static Transformations
Fra:1 Mem:13.56M (Peak 14.66M) | Time:00:00.00 | Mem:0.01M, Peak:0.01M | Scene, ViewLayer | Updating Particle Systems
Fra:1 Mem:13.56M (Peak 14.66M) | Time:00:00.00 | Mem:0.01M, Peak:0.01M | Scene, ViewLayer | Updating Particle Systems | Copying Particles to device
Fra:1 Mem:13.56M (Peak 14.66M) | Time:00:00.00 | Mem:0.01M, Peak:0.01M | Scene, ViewLayer | Updating Meshes
Fra:1 Mem:13.57M (Peak 14.66M) | Time:00:00.00 | Mem:0.01M, Peak:0.01M | Scene, ViewLayer | Updating Mesh | Computing attributes
Fra:1 Mem:13.59M (Peak 14.66M) | Time:00:00.00 | Mem:0.01M, Peak:0.01M | Scene, ViewLayer | Updating Mesh | Copying Attributes to device
Fra:1 Mem:13.59M (Peak 14.66M) | Time:00:00.00 | Mem:0.02M, Peak:0.02M | Scene, ViewLayer | Updating Scene BVH | Building
Fra:1 Mem:13.59M (Peak 14.66M) | Time:00:00.00 | Mem:0.02M, Peak:0.02M | Scene, ViewLayer | Updating Scene BVH | Building BVH
Fra:1 Mem:13.59M (Peak 14.66M) | Time:00:00.00 | Mem:0.05M, Peak:0.05M | Scene, ViewLayer | Updating Scene BVH | Building BVH 0%
Fra:1 Mem:13.59M (Peak 14.66M) | Time:00:00.00 | Mem:0.08M, Peak:0.10M | Scene, ViewLayer | Updating Scene BVH | Copying BVH to device
Fra:1 Mem:13.59M (Peak 14.66M) | Time:00:00.00 | Mem:0.08M, Peak:0.10M | Scene, ViewLayer | Updating Mesh | Computing normals
Fra:1 Mem:13.63M (Peak 14.66M) | Time:00:00.00 | Mem:0.08M, Peak:0.10M | Scene, ViewLayer | Updating Mesh | Copying Mesh to device
Fra:1 Mem:13.63M (Peak 14.66M) | Time:00:00.00 | Mem:0.12M, Peak:0.12M | Scene, ViewLayer | Updating Objects Flags
Fra:1 Mem:13.63M (Peak 14.66M) | Time:00:00.00 | Mem:0.12M, Peak:0.12M | Scene, ViewLayer | Updating Primitive Offsets
Fra:1 Mem:13.63M (Peak 14.66M) | Time:00:00.00 | Mem:0.12M, Peak:0.12M | Scene, ViewLayer | Updating Images
Fra:1 Mem:13.63M (Peak 14.66M) | Time:00:00.00 | Mem:0.12M, Peak:0.12M | Scene, ViewLayer | Updating Camera Volume
Fra:1 Mem:13.63M (Peak 14.66M) | Time:00:00.00 | Mem:0.12M, Peak:0.12M | Scene, ViewLayer | Updating Lookup Tables
Fra:1 Mem:13.63M (Peak 14.66M) | Time:00:00.00 | Mem:0.20M, Peak:0.20M | Scene, ViewLayer | Updating Lights
Fra:1 Mem:13.63M (Peak 14.66M) | Time:00:00.00 | Mem:0.20M, Peak:0.20M | Scene, ViewLayer | Updating Lights | Computing tree
Fra:1 Mem:13.63M (Peak 14.66M) | Time:00:00.00 | Mem:0.20M, Peak:0.20M | Scene, ViewLayer | Updating Integrator
Fra:1 Mem:13.63M (Peak 14.66M) | Time:00:00.00 | Mem:0.20M, Peak:0.20M | Scene, ViewLayer | Updating Film
Fra:1 Mem:13.64M (Peak 14.66M) | Time:00:00.00 | Mem:0.12M, Peak:0.20M | Scene, ViewLayer | Updating Lookup Tables
Fra:1 Mem:13.64M (Peak 14.66M) | Time:00:00.00 | Mem:0.21M, Peak:0.21M | Scene, ViewLayer | Updating Baking
Fra:1 Mem:13.64M (Peak 14.66M) | Time:00:00.00 | Mem:0.21M, Peak:0.21M | Scene, ViewLayer | Updating Device | Writing constant memory
Fra:1 Mem:13.64M (Peak 14.66M) | Time:00:00.00 | Mem:0.21M, Peak:0.21M | Scene, ViewLayer | Sample 0/16
Fra:1 Mem:15.89M (Peak 15.89M) | Time:00:00.02 | Remaining:00:00.30 | Mem:2.46M, Peak:2.46M | Scene, ViewLayer | Sample 1/16
Fra:1 Mem:16.89M (Peak 18.90M) | Time:00:00.28 | Mem:2.46M, Peak:2.46M | Scene, ViewLayer | Sample 16/16
Fra:1 Mem:16.89M (Peak 18.90M) | Time:00:00.28 | Mem:2.46M, Peak:2.46M | Scene, ViewLayer | Finished
Saved: '/tmp/street-furniture-qa-4q7zi_2_/bicycle-rack.lod0.dusk.png'
Time: 00:00.29 (Saving: 00:00.00)

Extensions: writing cache failed ([Errno 30] Read-only file system: '/home/agent/.config/blender').
15:54:56 | INFO: Data are loaded, start creating Blender stuff
15:54:56 | INFO: Blender create Mesh node Cylinder
15:54:56 | INFO: glTF import finished in 0.00s
Fra:1 Mem:14.55M (Peak 14.55M) | Time:00:00.00 | Mem:0.00M, Peak:0.00M | Scene, ViewLayer | Synchronizing object | metal
Fra:1 Mem:14.67M (Peak 14.67M) | Time:00:00.00 | Mem:0.00M, Peak:0.00M | Scene, ViewLayer | Synchronizing object | QA-ground-plane
Fra:1 Mem:14.62M (Peak 14.67M) | Time:00:00.00 | Mem:0.00M, Peak:0.00M | Scene, ViewLayer | Synchronizing object | QA-1m-ruler-tenth.009
Fra:1 Mem:14.66M (Peak 14.67M) | Time:00:00.00 | Mem:0.00M, Peak:0.00M | Scene, ViewLayer | Synchronizing object | QA-1m-ruler-tenth.008
Fra:1 Mem:14.66M (Peak 14.67M) | Time:00:00.00 | Mem:0.00M, Peak:0.00M | Scene, ViewLayer | Synchronizing object | QA-1m-ruler-tenth.007
Fra:1 Mem:14.66M (Peak 14.67M) | Time:00:00.00 | Mem:0.00M, Peak:0.00M | Scene, ViewLayer | Synchronizing object | QA-1m-ruler-tenth.006
Fra:1 Mem:14.66M (Peak 14.67M) | Time:00:00.00 | Mem:0.00M, Peak:0.00M | Scene, ViewLayer | Synchronizing object | QA-1m-ruler-tenth.005
Fra:1 Mem:14.64M (Peak 14.67M) | Time:00:00.00 | Mem:0.00M, Peak:0.00M | Scene, ViewLayer | Synchronizing object | QA-1m-ruler-tenth.004
Fra:1 Mem:14.65M (Peak 14.67M) | Time:00:00.00 | Mem:0.00M, Peak:0.00M | Scene, ViewLayer | Synchronizing object | QA-1m-ruler-tenth.003
Fra:1 Mem:14.66M (Peak 14.67M) | Time:00:00.00 | Mem:0.00M, Peak:0.00M | Scene, ViewLayer | Synchronizing object | QA-1m-ruler-tenth.002
Fra:1 Mem:14.66M (Peak 14.67M) | Time:00:00.00 | Mem:0.00M, Peak:0.00M | Scene, ViewLayer | Synchronizing object | QA-1m-ruler-tenth.001
Fra:1 Mem:14.62M (Peak 14.67M) | Time:00:00.00 | Mem:0.00M, Peak:0.00M | Scene, ViewLayer | Synchronizing object | QA-1m-ruler-tenth
Fra:1 Mem:14.61M (Peak 14.67M) | Time:00:00.00 | Mem:0.00M, Peak:0.00M | Scene, ViewLayer | Synchronizing object | Sphere.001
Fra:1 Mem:14.62M (Peak 14.67M) | Time:00:00.00 | Mem:0.00M, Peak:0.00M | Scene, ViewLayer | Synchronizing object | QA-human-torso
Fra:1 Mem:14.62M (Peak 14.67M) | Time:00:00.00 | Mem:0.00M, Peak:0.00M | Scene, ViewLayer | Synchronizing object | QA-human-arm.003
Fra:1 Mem:14.62M (Peak 14.67M) | Time:00:00.00 | Mem:0.00M, Peak:0.00M | Scene, ViewLayer | Synchronizing object | QA-human-neck
Fra:1 Mem:14.63M (Peak 14.67M) | Time:00:00.00 | Mem:0.00M, Peak:0.00M | Scene, ViewLayer | Synchronizing object | QA-human-arm.002
Fra:1 Mem:14.63M (Peak 14.67M) | Time:00:00.00 | Mem:0.00M, Peak:0.00M | Scene, ViewLayer | Synchronizing object | QA-human-leg
Fra:1 Mem:14.63M (Peak 14.67M) | Time:00:00.00 | Mem:0.00M, Peak:0.00M | Scene, ViewLayer | Synchronizing object | QA-human-leg.003
Fra:1 Mem:14.63M (Peak 14.67M) | Time:00:00.00 | Mem:0.00M, Peak:0.00M | Scene, ViewLayer | Synchronizing object | QA-human-leg.001
Fra:1 Mem:14.63M (Peak 14.67M) | Time:00:00.00 | Mem:0.00M, Peak:0.00M | Scene, ViewLayer | Synchronizing object | QA-human-arm
Fra:1 Mem:14.63M (Peak 14.67M) | Time:00:00.00 | Mem:0.00M, Peak:0.00M | Scene, ViewLayer | Synchronizing object | QA-human-arm.001
Fra:1 Mem:14.63M (Peak 14.67M) | Time:00:00.00 | Mem:0.00M, Peak:0.00M | Scene, ViewLayer | Synchronizing object | QA-human-neck.001
Fra:1 Mem:14.63M (Peak 14.67M) | Time:00:00.00 | Mem:0.00M, Peak:0.00M | Scene, ViewLayer | Synchronizing object | QA-human-torso.001
Fra:1 Mem:14.65M (Peak 14.67M) | Time:00:00.00 | Mem:0.00M, Peak:0.00M | Scene, ViewLayer | Initializing
Fra:1 Mem:13.47M (Peak 14.67M) | Time:00:00.00 | Mem:0.00M, Peak:0.00M | Scene, ViewLayer | Waiting for render to start
Fra:1 Mem:13.47M (Peak 14.67M) | Time:00:00.00 | Mem:0.00M, Peak:0.00M | Scene, ViewLayer | Loading render kernels (may take a few minutes the first time)
Fra:1 Mem:13.47M (Peak 14.67M) | Time:00:00.00 | Mem:0.00M, Peak:0.00M | Scene, ViewLayer | Updating Scene
Fra:1 Mem:13.47M (Peak 14.67M) | Time:00:00.00 | Mem:0.00M, Peak:0.00M | Scene, ViewLayer | Updating Shaders
Fra:1 Mem:13.56M (Peak 14.67M) | Time:00:00.00 | Mem:0.00M, Peak:0.00M | Scene, ViewLayer | Updating Procedurals
Fra:1 Mem:13.56M (Peak 14.67M) | Time:00:00.00 | Mem:0.00M, Peak:0.00M | Scene, ViewLayer | Updating Background
Fra:1 Mem:13.56M (Peak 14.67M) | Time:00:00.00 | Mem:0.00M, Peak:0.00M | Scene, ViewLayer | Updating Camera
Fra:1 Mem:13.56M (Peak 14.67M) | Time:00:00.00 | Mem:0.00M, Peak:0.00M | Scene, ViewLayer | Updating Meshes Flags
Fra:1 Mem:13.56M (Peak 14.67M) | Time:00:00.00 | Mem:0.00M, Peak:0.00M | Scene, ViewLayer | Updating Objects
Fra:1 Mem:13.56M (Peak 14.67M) | Time:00:00.00 | Mem:0.00M, Peak:0.00M | Scene, ViewLayer | Updating Objects | Copying Transformations to device
Fra:1 Mem:13.56M (Peak 14.67M) | Time:00:00.00 | Mem:0.01M, Peak:0.01M | Scene, ViewLayer | Updating Objects | Applying Static Transformations
Fra:1 Mem:13.56M (Peak 14.67M) | Time:00:00.00 | Mem:0.01M, Peak:0.01M | Scene, ViewLayer | Updating Particle Systems
Fra:1 Mem:13.56M (Peak 14.67M) | Time:00:00.00 | Mem:0.01M, Peak:0.01M | Scene, ViewLayer | Updating Particle Systems | Copying Particles to device
Fra:1 Mem:13.56M (Peak 14.67M) | Time:00:00.00 | Mem:0.01M, Peak:0.01M | Scene, ViewLayer | Updating Meshes
Fra:1 Mem:13.57M (Peak 14.67M) | Time:00:00.00 | Mem:0.01M, Peak:0.01M | Scene, ViewLayer | Updating Mesh | Computing attributes
Fra:1 Mem:13.59M (Peak 14.67M) | Time:00:00.00 | Mem:0.01M, Peak:0.01M | Scene, ViewLayer | Updating Mesh | Copying Attributes to device
Fra:1 Mem:13.59M (Peak 14.67M) | Time:00:00.00 | Mem:0.02M, Peak:0.02M | Scene, ViewLayer | Updating Scene BVH | Building
Fra:1 Mem:13.59M (Peak 14.67M) | Time:00:00.00 | Mem:0.02M, Peak:0.02M | Scene, ViewLayer | Updating Scene BVH | Building BVH
Fra:1 Mem:13.59M (Peak 14.67M) | Time:00:00.00 | Mem:0.05M, Peak:0.05M | Scene, ViewLayer | Updating Scene BVH | Building BVH 0%
Fra:1 Mem:13.59M (Peak 14.67M) | Time:00:00.00 | Mem:0.08M, Peak:0.10M | Scene, ViewLayer | Updating Scene BVH | Copying BVH to device
Fra:1 Mem:13.59M (Peak 14.67M) | Time:00:00.00 | Mem:0.08M, Peak:0.10M | Scene, ViewLayer | Updating Mesh | Computing normals
Fra:1 Mem:13.63M (Peak 14.67M) | Time:00:00.00 | Mem:0.08M, Peak:0.10M | Scene, ViewLayer | Updating Mesh | Copying Mesh to device
Fra:1 Mem:13.63M (Peak 14.67M) | Time:00:00.00 | Mem:0.12M, Peak:0.12M | Scene, ViewLayer | Updating Objects Flags
Fra:1 Mem:13.63M (Peak 14.67M) | Time:00:00.00 | Mem:0.12M, Peak:0.12M | Scene, ViewLayer | Updating Primitive Offsets
Fra:1 Mem:13.63M (Peak 14.67M) | Time:00:00.00 | Mem:0.12M, Peak:0.12M | Scene, ViewLayer | Updating Images
Fra:1 Mem:13.63M (Peak 14.67M) | Time:00:00.00 | Mem:0.12M, Peak:0.12M | Scene, ViewLayer | Updating Camera Volume
Fra:1 Mem:13.63M (Peak 14.67M) | Time:00:00.00 | Mem:0.12M, Peak:0.12M | Scene, ViewLayer | Updating Lookup Tables
Fra:1 Mem:13.63M (Peak 14.67M) | Time:00:00.00 | Mem:0.20M, Peak:0.20M | Scene, ViewLayer | Updating Lights
Fra:1 Mem:13.63M (Peak 14.67M) | Time:00:00.00 | Mem:0.20M, Peak:0.20M | Scene, ViewLayer | Updating Lights | Computing tree
Fra:1 Mem:13.63M (Peak 14.67M) | Time:00:00.00 | Mem:0.20M, Peak:0.20M | Scene, ViewLayer | Updating Integrator
Fra:1 Mem:13.63M (Peak 14.67M) | Time:00:00.00 | Mem:0.20M, Peak:0.20M | Scene, ViewLayer | Updating Film
Fra:1 Mem:13.64M (Peak 14.67M) | Time:00:00.00 | Mem:0.12M, Peak:0.20M | Scene, ViewLayer | Updating Lookup Tables
Fra:1 Mem:13.64M (Peak 14.67M) | Time:00:00.00 | Mem:0.21M, Peak:0.21M | Scene, ViewLayer | Updating Baking
Fra:1 Mem:13.64M (Peak 14.67M) | Time:00:00.00 | Mem:0.21M, Peak:0.21M | Scene, ViewLayer | Updating Device | Writing constant memory
Fra:1 Mem:13.64M (Peak 14.67M) | Time:00:00.00 | Mem:0.21M, Peak:0.21M | Scene, ViewLayer | Sample 0/16
Fra:1 Mem:15.89M (Peak 15.89M) | Time:00:00.02 | Remaining:00:00.31 | Mem:2.46M, Peak:2.46M | Scene, ViewLayer | Sample 1/16
Fra:1 Mem:16.90M (Peak 18.90M) | Time:00:00.27 | Mem:2.46M, Peak:2.46M | Scene, ViewLayer | Sample 16/16
Fra:1 Mem:16.90M (Peak 18.90M) | Time:00:00.27 | Mem:2.46M, Peak:2.46M | Scene, ViewLayer | Finished
Saved: '/tmp/street-furniture-qa-4q7zi_2_/bicycle-rack.lod0.night.png'
Time: 00:00.28 (Saving: 00:00.00)

RENDERED bicycle-rack
Extensions: writing cache failed ([Errno 30] Read-only file system: '/home/agent/.config/blender').
15:54:56 | INFO: Data are loaded, start creating Blender stuff
15:54:56 | INFO: Blender create Mesh node bollard-shell
15:54:56 | INFO: Blender create Mesh node reflective-band
15:54:56 | INFO: glTF import finished in 0.00s
Fra:1 Mem:14.73M (Peak 14.73M) | Time:00:00.00 | Mem:0.00M, Peak:0.00M | Scene, ViewLayer | Synchronizing object | metal
Fra:1 Mem:14.76M (Peak 14.76M) | Time:00:00.00 | Mem:0.00M, Peak:0.00M | Scene, ViewLayer | Synchronizing object | QA-ground-plane
Fra:1 Mem:14.79M (Peak 14.79M) | Time:00:00.00 | Mem:0.00M, Peak:0.00M | Scene, ViewLayer | Synchronizing object | QA-1m-ruler-tenth.009
Fra:1 Mem:14.79M (Peak 14.79M) | Time:00:00.00 | Mem:0.00M, Peak:0.00M | Scene, ViewLayer | Synchronizing object | QA-1m-ruler-tenth.008
Fra:1 Mem:14.76M (Peak 14.79M) | Time:00:00.00 | Mem:0.00M, Peak:0.00M | Scene, ViewLayer | Synchronizing object | QA-1m-ruler-tenth.007
Fra:1 Mem:14.76M (Peak 14.79M) | Time:00:00.00 | Mem:0.00M, Peak:0.00M | Scene, ViewLayer | Synchronizing object | QA-1m-ruler-tenth.006
Fra:1 Mem:14.76M (Peak 14.79M) | Time:00:00.00 | Mem:0.00M, Peak:0.00M | Scene, ViewLayer | Synchronizing object | diffuser
Fra:1 Mem:14.77M (Peak 14.79M) | Time:00:00.00 | Mem:0.00M, Peak:0.00M | Scene, ViewLayer | Synchronizing object | QA-human-torso
Fra:1 Mem:14.77M (Peak 14.79M) | Time:00:00.00 | Mem:0.00M, Peak:0.00M | Scene, ViewLayer | Synchronizing object | QA-human-neck
Fra:1 Mem:14.77M (Peak 14.79M) | Time:00:00.00 | Mem:0.00M, Peak:0.00M | Scene, ViewLayer | Synchronizing object | QA-human-leg
Fra:1 Mem:14.78M (Peak 14.79M) | Time:00:00.00 | Mem:0.00M, Peak:0.00M | Scene, ViewLayer | Synchronizing object | QA-human-leg.001
Fra:1 Mem:14.78M (Peak 14.79M) | Time:00:00.00 | Mem:0.00M, Peak:0.00M | Scene, ViewLayer | Synchronizing object | QA-human-arm
Fra:1 Mem:14.78M (Peak 14.79M) | Time:00:00.00 | Mem:0.00M, Peak:0.00M | Scene, ViewLayer | Synchronizing object | QA-human-arm.001
Fra:1 Mem:14.78M (Peak 14.79M) | Time:00:00.00 | Mem:0.00M, Peak:0.00M | Scene, ViewLayer | Synchronizing object | Sphere
Fra:1 Mem:14.79M (Peak 14.79M) | Time:00:00.00 | Mem:0.00M, Peak:0.00M | Scene, ViewLayer | Synchronizing object | QA-human-torso.001
Fra:1 Mem:14.79M (Peak 14.79M) | Time:00:00.00 | Mem:0.00M, Peak:0.00M | Scene, ViewLayer | Synchronizing object | QA-human-neck.001
Fra:1 Mem:14.79M (Peak 14.79M) | Time:00:00.00 | Mem:0.00M, Peak:0.00M | Scene, ViewLayer | Synchronizing object | QA-human-leg.002
Fra:1 Mem:14.79M (Peak 14.79M) | Time:00:00.00 | Mem:0.00M, Peak:0.00M | Scene, ViewLayer | Synchronizing object | QA-human-leg.003
Fra:1 Mem:14.79M (Peak 14.79M) | Time:00:00.00 | Mem:0.00M, Peak:0.00M | Scene, ViewLayer | Synchronizing object | QA-human-arm.002
Fra:1 Mem:14.79M (Peak 14.79M) | Time:00:00.00 | Mem:0.00M, Peak:0.00M | Scene, ViewLayer | Synchronizing object | QA-human-arm.003
Fra:1 Mem:14.79M (Peak 14.79M) | Time:00:00.00 | Mem:0.00M, Peak:0.00M | Scene, ViewLayer | Synchronizing object | Sphere.001
Fra:1 Mem:14.80M (Peak 14.80M) | Time:00:00.00 | Mem:0.00M, Peak:0.00M | Scene, ViewLayer | Synchronizing object | QA-1m-ruler-tenth
Fra:1 Mem:14.80M (Peak 14.80M) | Time:00:00.00 | Mem:0.00M, Peak:0.00M | Scene, ViewLayer | Synchronizing object | QA-1m-ruler-tenth.001
Fra:1 Mem:14.81M (Peak 14.81M) | Time:00:00.00 | Mem:0.00M, Peak:0.00M | Scene, ViewLayer | Synchronizing object | QA-1m-ruler-tenth.002
Fra:1 Mem:14.81M (Peak 14.81M) | Time:00:00.00 | Mem:0.00M, Peak:0.00M | Scene, ViewLayer | Synchronizing object | QA-1m-ruler-tenth.003
Fra:1 Mem:14.81M (Peak 14.81M) | Time:00:00.00 | Mem:0.00M, Peak:0.00M | Scene, ViewLayer | Synchronizing object | QA-1m-ruler-tenth.004
Fra:1 Mem:14.81M (Peak 14.81M) | Time:00:00.00 | Mem:0.00M, Peak:0.00M | Scene, ViewLayer | Initializing
Fra:1 Mem:13.56M (Peak 14.81M) | Time:00:00.00 | Mem:0.00M, Peak:0.00M | Scene, ViewLayer | Waiting for render to start
Fra:1 Mem:13.56M (Peak 14.81M) | Time:00:00.00 | Mem:0.00M, Peak:0.00M | Scene, ViewLayer | Loading render kernels (may take a few minutes the first time)
Fra:1 Mem:13.56M (Peak 14.81M) | Time:00:00.00 | Mem:0.00M, Peak:0.00M | Scene, ViewLayer | Updating Scene
Fra:1 Mem:13.56M (Peak 14.81M) | Time:00:00.00 | Mem:0.00M, Peak:0.00M | Scene, ViewLayer | Updating Shaders
Fra:1 Mem:13.65M (Peak 14.81M) | Time:00:00.00 | Mem:0.01M, Peak:0.01M | Scene, ViewLayer | Updating Procedurals
Fra:1 Mem:13.65M (Peak 14.81M) | Time:00:00.00 | Mem:0.01M, Peak:0.01M | Scene, ViewLayer | Updating Background
Fra:1 Mem:13.65M (Peak 14.81M) | Time:00:00.00 | Mem:0.01M, Peak:0.01M | Scene, ViewLayer | Updating Camera
Fra:1 Mem:13.65M (Peak 14.81M) | Time:00:00.00 | Mem:0.01M, Peak:0.01M | Scene, ViewLayer | Updating Meshes Flags
Fra:1 Mem:13.65M (Peak 14.81M) | Time:00:00.00 | Mem:0.01M, Peak:0.01M | Scene, ViewLayer | Updating Objects
Fra:1 Mem:13.65M (Peak 14.81M) | Time:00:00.00 | Mem:0.01M, Peak:0.01M | Scene, ViewLayer | Updating Objects | Copying Transformations to device
Fra:1 Mem:13.66M (Peak 14.81M) | Time:00:00.00 | Mem:0.01M, Peak:0.01M | Scene, ViewLayer | Updating Objects | Applying Static Transformations
Fra:1 Mem:13.66M (Peak 14.81M) | Time:00:00.00 | Mem:0.01M, Peak:0.01M | Scene, ViewLayer | Updating Particle Systems
Fra:1 Mem:13.66M (Peak 14.81M) | Time:00:00.00 | Mem:0.01M, Peak:0.01M | Scene, ViewLayer | Updating Particle Systems | Copying Particles to device
Fra:1 Mem:13.66M (Peak 14.81M) | Time:00:00.00 | Mem:0.01M, Peak:0.01M | Scene, ViewLayer | Updating Meshes
Fra:1 Mem:13.67M (Peak 14.81M) | Time:00:00.00 | Mem:0.01M, Peak:0.01M | Scene, ViewLayer | Updating Mesh | Computing attributes
Fra:1 Mem:13.68M (Peak 14.81M) | Time:00:00.00 | Mem:0.01M, Peak:0.01M | Scene, ViewLayer | Updating Mesh | Copying Attributes to device
Fra:1 Mem:13.68M (Peak 14.81M) | Time:00:00.00 | Mem:0.02M, Peak:0.02M | Scene, ViewLayer | Updating Scene BVH | Building
Fra:1 Mem:13.68M (Peak 14.81M) | Time:00:00.00 | Mem:0.02M, Peak:0.02M | Scene, ViewLayer | Updating Scene BVH | Building BVH
Fra:1 Mem:13.68M (Peak 14.81M) | Time:00:00.00 | Mem:0.04M, Peak:0.04M | Scene, ViewLayer | Updating Scene BVH | Building BVH 0%
Fra:1 Mem:13.68M (Peak 14.81M) | Time:00:00.00 | Mem:0.07M, Peak:0.09M | Scene, ViewLayer | Updating Scene BVH | Copying BVH to device
Fra:1 Mem:13.68M (Peak 14.81M) | Time:00:00.00 | Mem:0.07M, Peak:0.09M | Scene, ViewLayer | Updating Mesh | Computing normals
Fra:1 Mem:13.71M (Peak 14.81M) | Time:00:00.00 | Mem:0.07M, Peak:0.09M | Scene, ViewLayer | Updating Mesh | Copying Mesh to device
Fra:1 Mem:13.71M (Peak 14.81M) | Time:00:00.00 | Mem:0.11M, Peak:0.11M | Scene, ViewLayer | Updating Objects Flags
Fra:1 Mem:13.71M (Peak 14.81M) | Time:00:00.00 | Mem:0.11M, Peak:0.11M | Scene, ViewLayer | Updating Primitive Offsets
Fra:1 Mem:13.71M (Peak 14.81M) | Time:00:00.00 | Mem:0.11M, Peak:0.11M | Scene, ViewLayer | Updating Images
Fra:1 Mem:13.71M (Peak 14.81M) | Time:00:00.00 | Mem:0.11M, Peak:0.11M | Scene, ViewLayer | Updating Camera Volume
Fra:1 Mem:13.71M (Peak 14.81M) | Time:00:00.00 | Mem:0.11M, Peak:0.11M | Scene, ViewLayer | Updating Lookup Tables
Fra:1 Mem:13.71M (Peak 14.81M) | Time:00:00.00 | Mem:0.19M, Peak:0.19M | Scene, ViewLayer | Updating Lights
Fra:1 Mem:13.71M (Peak 14.81M) | Time:00:00.00 | Mem:0.19M, Peak:0.19M | Scene, ViewLayer | Updating Lights | Computing tree
Fra:1 Mem:13.71M (Peak 14.81M) | Time:00:00.00 | Mem:0.19M, Peak:0.19M | Scene, ViewLayer | Updating Integrator
Fra:1 Mem:13.71M (Peak 14.81M) | Time:00:00.00 | Mem:0.19M, Peak:0.19M | Scene, ViewLayer | Updating Film
Fra:1 Mem:13.72M (Peak 14.81M) | Time:00:00.00 | Mem:0.11M, Peak:0.19M | Scene, ViewLayer | Updating Lookup Tables
Fra:1 Mem:13.72M (Peak 14.81M) | Time:00:00.00 | Mem:0.19M, Peak:0.19M | Scene, ViewLayer | Updating Baking
Fra:1 Mem:13.72M (Peak 14.81M) | Time:00:00.00 | Mem:0.19M, Peak:0.19M | Scene, ViewLayer | Updating Device | Writing constant memory
Fra:1 Mem:13.72M (Peak 14.81M) | Time:00:00.00 | Mem:0.19M, Peak:0.19M | Scene, ViewLayer | Sample 0/16
Fra:1 Mem:15.98M (Peak 15.98M) | Time:00:00.03 | Remaining:00:00.37 | Mem:2.44M, Peak:2.44M | Scene, ViewLayer | Sample 1/16
Fra:1 Mem:16.98M (Peak 18.98M) | Time:00:00.35 | Mem:2.44M, Peak:2.44M | Scene, ViewLayer | Sample 16/16
Fra:1 Mem:16.98M (Peak 18.98M) | Time:00:00.35 | Mem:2.44M, Peak:2.44M | Scene, ViewLayer | Finished
Saved: '/tmp/street-furniture-qa-4q7zi_2_/bollard.lod0.front.png'
Time: 00:00.36 (Saving: 00:00.00)

Extensions: writing cache failed ([Errno 30] Read-only file system: '/home/agent/.config/blender').
15:54:56 | INFO: Data are loaded, start creating Blender stuff
15:54:56 | INFO: Blender create Mesh node bollard-shell
15:54:56 | INFO: Blender create Mesh node reflective-band
15:54:56 | INFO: glTF import finished in 0.00s
Fra:1 Mem:14.73M (Peak 14.73M) | Time:00:00.00 | Mem:0.00M, Peak:0.00M | Scene, ViewLayer | Synchronizing object | metal
Fra:1 Mem:14.80M (Peak 14.80M) | Time:00:00.00 | Mem:0.00M, Peak:0.00M | Scene, ViewLayer | Synchronizing object | QA-ground-plane
Fra:1 Mem:14.77M (Peak 14.80M) | Time:00:00.00 | Mem:0.00M, Peak:0.00M | Scene, ViewLayer | Synchronizing object | QA-1m-ruler-tenth.009
Fra:1 Mem:14.77M (Peak 14.80M) | Time:00:00.00 | Mem:0.00M, Peak:0.00M | Scene, ViewLayer | Synchronizing object | QA-1m-ruler-tenth.008
Fra:1 Mem:14.78M (Peak 14.80M) | Time:00:00.00 | Mem:0.00M, Peak:0.00M | Scene, ViewLayer | Synchronizing object | QA-1m-ruler-tenth.007
Fra:1 Mem:14.78M (Peak 14.80M) | Time:00:00.00 | Mem:0.00M, Peak:0.00M | Scene, ViewLayer | Synchronizing object | QA-1m-ruler-tenth.006
Fra:1 Mem:14.79M (Peak 14.80M) | Time:00:00.00 | Mem:0.00M, Peak:0.00M | Scene, ViewLayer | Synchronizing object | QA-1m-ruler-tenth.005
Fra:1 Mem:14.80M (Peak 14.80M) | Time:00:00.00 | Mem:0.00M, Peak:0.00M | Scene, ViewLayer | Synchronizing object | QA-1m-ruler-tenth.004
Fra:1 Mem:14.79M (Peak 14.80M) | Time:00:00.00 | Mem:0.00M, Peak:0.00M | Scene, ViewLayer | Synchronizing object | QA-1m-ruler-tenth.003
Fra:1 Mem:14.79M (Peak 14.80M) | Time:00:00.00 | Mem:0.00M, Peak:0.00M | Scene, ViewLayer | Synchronizing object | QA-1m-ruler-tenth.002
Fra:1 Mem:14.80M (Peak 14.80M) | Time:00:00.00 | Mem:0.00M, Peak:0.00M | Scene, ViewLayer | Synchronizing object | QA-1m-ruler-tenth.001
Fra:1 Mem:14.77M (Peak 14.80M) | Time:00:00.00 | Mem:0.00M, Peak:0.00M | Scene, ViewLayer | Synchronizing object | QA-1m-ruler-tenth
Fra:1 Mem:14.77M (Peak 14.80M) | Time:00:00.00 | Mem:0.00M, Peak:0.00M | Scene, ViewLayer | Synchronizing object | Sphere.001
Fra:1 Mem:14.78M (Peak 14.80M) | Time:00:00.00 | Mem:0.00M, Peak:0.00M | Scene, ViewLayer | Synchronizing object | diffuser
Fra:1 Mem:14.80M (Peak 14.80M) | Time:00:00.00 | Mem:0.00M, Peak:0.00M | Scene, ViewLayer | Synchronizing object | QA-human-arm.003
Fra:1 Mem:14.81M (Peak 14.81M) | Time:00:00.00 | Mem:0.00M, Peak:0.00M | Scene, ViewLayer | Synchronizing object | QA-human-arm.002
Fra:1 Mem:14.80M (Peak 14.81M) | Time:00:00.00 | Mem:0.00M, Peak:0.00M | Scene, ViewLayer | Synchronizing object | QA-human-leg.003
Fra:1 Mem:14.79M (Peak 14.81M) | Time:00:00.00 | Mem:0.00M, Peak:0.00M | Scene, ViewLayer | Synchronizing object | QA-human-torso
Fra:1 Mem:14.79M (Peak 14.81M) | Time:00:00.00 | Mem:0.00M, Peak:0.00M | Scene, ViewLayer | Synchronizing object | QA-human-neck
Fra:1 Mem:14.79M (Peak 14.81M) | Time:00:00.00 | Mem:0.00M, Peak:0.00M | Scene, ViewLayer | Synchronizing object | QA-human-leg
Fra:1 Mem:14.80M (Peak 14.81M) | Time:00:00.00 | Mem:0.00M, Peak:0.00M | Scene, ViewLayer | Synchronizing object | QA-human-neck.001
Fra:1 Mem:14.80M (Peak 14.81M) | Time:00:00.00 | Mem:0.00M, Peak:0.00M | Scene, ViewLayer | Synchronizing object | QA-human-leg.001
Fra:1 Mem:14.80M (Peak 14.81M) | Time:00:00.00 | Mem:0.00M, Peak:0.00M | Scene, ViewLayer | Synchronizing object | QA-human-torso.001
Fra:1 Mem:14.80M (Peak 14.81M) | Time:00:00.00 | Mem:0.00M, Peak:0.00M | Scene, ViewLayer | Synchronizing object | QA-human-arm
Fra:1 Mem:14.80M (Peak 14.81M) | Time:00:00.00 | Mem:0.00M, Peak:0.00M | Scene, ViewLayer | Synchronizing object | Sphere
Fra:1 Mem:14.81M (Peak 14.81M) | Time:00:00.00 | Mem:0.00M, Peak:0.00M | Scene, ViewLayer | Synchronizing object | QA-human-arm.001
Fra:1 Mem:14.81M (Peak 14.81M) | Time:00:00.00 | Mem:0.00M, Peak:0.00M | Scene, ViewLayer | Initializing
Fra:1 Mem:13.56M (Peak 14.81M) | Time:00:00.00 | Mem:0.00M, Peak:0.00M | Scene, ViewLayer | Waiting for render to start
Fra:1 Mem:13.56M (Peak 14.81M) | Time:00:00.00 | Mem:0.00M, Peak:0.00M | Scene, ViewLayer | Loading render kernels (may take a few minutes the first time)
Fra:1 Mem:13.56M (Peak 14.81M) | Time:00:00.00 | Mem:0.00M, Peak:0.00M | Scene, ViewLayer | Updating Scene
Fra:1 Mem:13.56M (Peak 14.81M) | Time:00:00.00 | Mem:0.00M, Peak:0.00M | Scene, ViewLayer | Updating Shaders
Fra:1 Mem:13.65M (Peak 14.81M) | Time:00:00.00 | Mem:0.01M, Peak:0.01M | Scene, ViewLayer | Updating Procedurals
Fra:1 Mem:13.65M (Peak 14.81M) | Time:00:00.00 | Mem:0.01M, Peak:0.01M | Scene, ViewLayer | Updating Background
Fra:1 Mem:13.65M (Peak 14.81M) | Time:00:00.00 | Mem:0.01M, Peak:0.01M | Scene, ViewLayer | Updating Camera
Fra:1 Mem:13.65M (Peak 14.81M) | Time:00:00.00 | Mem:0.01M, Peak:0.01M | Scene, ViewLayer | Updating Meshes Flags
Fra:1 Mem:13.65M (Peak 14.81M) | Time:00:00.00 | Mem:0.01M, Peak:0.01M | Scene, ViewLayer | Updating Objects
Fra:1 Mem:13.65M (Peak 14.81M) | Time:00:00.00 | Mem:0.01M, Peak:0.01M | Scene, ViewLayer | Updating Objects | Copying Transformations to device
Fra:1 Mem:13.66M (Peak 14.81M) | Time:00:00.00 | Mem:0.01M, Peak:0.01M | Scene, ViewLayer | Updating Objects | Applying Static Transformations
Fra:1 Mem:13.66M (Peak 14.81M) | Time:00:00.00 | Mem:0.01M, Peak:0.01M | Scene, ViewLayer | Updating Particle Systems
Fra:1 Mem:13.66M (Peak 14.81M) | Time:00:00.00 | Mem:0.01M, Peak:0.01M | Scene, ViewLayer | Updating Particle Systems | Copying Particles to device
Fra:1 Mem:13.66M (Peak 14.81M) | Time:00:00.00 | Mem:0.01M, Peak:0.01M | Scene, ViewLayer | Updating Meshes
Fra:1 Mem:13.67M (Peak 14.81M) | Time:00:00.00 | Mem:0.01M, Peak:0.01M | Scene, ViewLayer | Updating Mesh | Computing attributes
Fra:1 Mem:13.68M (Peak 14.81M) | Time:00:00.00 | Mem:0.01M, Peak:0.01M | Scene, ViewLayer | Updating Mesh | Copying Attributes to device
Fra:1 Mem:13.68M (Peak 14.81M) | Time:00:00.00 | Mem:0.02M, Peak:0.02M | Scene, ViewLayer | Updating Scene BVH | Building
Fra:1 Mem:13.68M (Peak 14.81M) | Time:00:00.00 | Mem:0.02M, Peak:0.02M | Scene, ViewLayer | Updating Scene BVH | Building BVH
Fra:1 Mem:13.68M (Peak 14.81M) | Time:00:00.00 | Mem:0.04M, Peak:0.04M | Scene, ViewLayer | Updating Scene BVH | Building BVH 0%
Fra:1 Mem:13.68M (Peak 14.81M) | Time:00:00.00 | Mem:0.07M, Peak:0.09M | Scene, ViewLayer | Updating Scene BVH | Copying BVH to device
Fra:1 Mem:13.68M (Peak 14.81M) | Time:00:00.00 | Mem:0.07M, Peak:0.09M | Scene, ViewLayer | Updating Mesh | Computing normals
Fra:1 Mem:13.71M (Peak 14.81M) | Time:00:00.00 | Mem:0.07M, Peak:0.09M | Scene, ViewLayer | Updating Mesh | Copying Mesh to device
Fra:1 Mem:13.71M (Peak 14.81M) | Time:00:00.00 | Mem:0.10M, Peak:0.10M | Scene, ViewLayer | Updating Objects Flags
Fra:1 Mem:13.71M (Peak 14.81M) | Time:00:00.00 | Mem:0.10M, Peak:0.10M | Scene, ViewLayer | Updating Primitive Offsets
Fra:1 Mem:13.71M (Peak 14.81M) | Time:00:00.00 | Mem:0.10M, Peak:0.10M | Scene, ViewLayer | Updating Images
Fra:1 Mem:13.71M (Peak 14.81M) | Time:00:00.00 | Mem:0.10M, Peak:0.10M | Scene, ViewLayer | Updating Camera Volume
Fra:1 Mem:13.71M (Peak 14.81M) | Time:00:00.00 | Mem:0.10M, Peak:0.10M | Scene, ViewLayer | Updating Lookup Tables
Fra:1 Mem:13.71M (Peak 14.81M) | Time:00:00.00 | Mem:0.18M, Peak:0.18M | Scene, ViewLayer | Updating Lights
Fra:1 Mem:13.71M (Peak 14.81M) | Time:00:00.00 | Mem:0.19M, Peak:0.19M | Scene, ViewLayer | Updating Lights | Computing tree
Fra:1 Mem:13.71M (Peak 14.81M) | Time:00:00.00 | Mem:0.19M, Peak:0.19M | Scene, ViewLayer | Updating Integrator
Fra:1 Mem:13.71M (Peak 14.81M) | Time:00:00.00 | Mem:0.19M, Peak:0.19M | Scene, ViewLayer | Updating Film
Fra:1 Mem:13.72M (Peak 14.81M) | Time:00:00.00 | Mem:0.10M, Peak:0.19M | Scene, ViewLayer | Updating Lookup Tables
Fra:1 Mem:13.72M (Peak 14.81M) | Time:00:00.00 | Mem:0.19M, Peak:0.19M | Scene, ViewLayer | Updating Baking
Fra:1 Mem:13.72M (Peak 14.81M) | Time:00:00.00 | Mem:0.19M, Peak:0.19M | Scene, ViewLayer | Updating Device | Writing constant memory
Fra:1 Mem:13.72M (Peak 14.81M) | Time:00:00.00 | Mem:0.19M, Peak:0.19M | Scene, ViewLayer | Sample 0/16
Fra:1 Mem:15.98M (Peak 15.98M) | Time:00:00.03 | Remaining:00:00.40 | Mem:2.44M, Peak:2.44M | Scene, ViewLayer | Sample 1/16
Fra:1 Mem:16.98M (Peak 18.98M) | Time:00:00.26 | Mem:2.44M, Peak:2.44M | Scene, ViewLayer | Sample 16/16
Fra:1 Mem:16.98M (Peak 18.98M) | Time:00:00.26 | Mem:2.44M, Peak:2.44M | Scene, ViewLayer | Finished
Saved: '/tmp/street-furniture-qa-4q7zi_2_/bollard.lod0.side.png'
Time: 00:00.27 (Saving: 00:00.00)

Extensions: writing cache failed ([Errno 30] Read-only file system: '/home/agent/.config/blender').
15:54:57 | INFO: Data are loaded, start creating Blender stuff
15:54:57 | INFO: Blender create Mesh node bollard-shell
15:54:57 | INFO: Blender create Mesh node reflective-band
15:54:57 | INFO: glTF import finished in 0.00s
Fra:1 Mem:14.73M (Peak 14.73M) | Time:00:00.00 | Mem:0.00M, Peak:0.00M | Scene, ViewLayer | Synchronizing object | metal
Fra:1 Mem:14.76M (Peak 14.76M) | Time:00:00.00 | Mem:0.00M, Peak:0.00M | Scene, ViewLayer | Synchronizing object | QA-ground-plane
Fra:1 Mem:14.79M (Peak 14.79M) | Time:00:00.00 | Mem:0.00M, Peak:0.00M | Scene, ViewLayer | Synchronizing object | QA-1m-ruler-tenth.009
Fra:1 Mem:14.79M (Peak 14.79M) | Time:00:00.00 | Mem:0.00M, Peak:0.00M | Scene, ViewLayer | Synchronizing object | QA-1m-ruler-tenth.008
Fra:1 Mem:14.77M (Peak 14.79M) | Time:00:00.00 | Mem:0.00M, Peak:0.00M | Scene, ViewLayer | Synchronizing object | QA-1m-ruler-tenth.007
Fra:1 Mem:14.76M (Peak 14.79M) | Time:00:00.00 | Mem:0.00M, Peak:0.00M | Scene, ViewLayer | Synchronizing object | diffuser
Fra:1 Mem:14.76M (Peak 14.79M) | Time:00:00.00 | Mem:0.00M, Peak:0.00M | Scene, ViewLayer | Synchronizing object | QA-1m-ruler-tenth.006
Fra:1 Mem:14.77M (Peak 14.79M) | Time:00:00.00 | Mem:0.00M, Peak:0.00M | Scene, ViewLayer | Synchronizing object | QA-1m-ruler-tenth.005
Fra:1 Mem:14.79M (Peak 14.79M) | Time:00:00.00 | Mem:0.00M, Peak:0.00M | Scene, ViewLayer | Synchronizing object | QA-1m-ruler-tenth.004
Fra:1 Mem:14.79M (Peak 14.79M) | Time:00:00.00 | Mem:0.00M, Peak:0.00M | Scene, ViewLayer | Synchronizing object | QA-1m-ruler-tenth.003
Fra:1 Mem:14.79M (Peak 14.79M) | Time:00:00.00 | Mem:0.00M, Peak:0.00M | Scene, ViewLayer | Synchronizing object | QA-1m-ruler-tenth.002
Fra:1 Mem:14.78M (Peak 14.79M) | Time:00:00.00 | Mem:0.00M, Peak:0.00M | Scene, ViewLayer | Synchronizing object | QA-1m-ruler-tenth.001
Fra:1 Mem:14.79M (Peak 14.79M) | Time:00:00.00 | Mem:0.00M, Peak:0.00M | Scene, ViewLayer | Synchronizing object | QA-1m-ruler-tenth
Fra:1 Mem:14.78M (Peak 14.79M) | Time:00:00.00 | Mem:0.00M, Peak:0.00M | Scene, ViewLayer | Synchronizing object | Sphere.001
Fra:1 Mem:14.78M (Peak 14.79M) | Time:00:00.00 | Mem:0.00M, Peak:0.00M | Scene, ViewLayer | Synchronizing object | QA-human-torso
Fra:1 Mem:14.79M (Peak 14.79M) | Time:00:00.00 | Mem:0.00M, Peak:0.00M | Scene, ViewLayer | Synchronizing object | QA-human-arm.003
Fra:1 Mem:14.79M (Peak 14.79M) | Time:00:00.00 | Mem:0.00M, Peak:0.00M | Scene, ViewLayer | Synchronizing object | QA-human-neck
Fra:1 Mem:14.79M (Peak 14.79M) | Time:00:00.00 | Mem:0.00M, Peak:0.00M | Scene, ViewLayer | Synchronizing object | QA-human-arm.002
Fra:1 Mem:14.79M (Peak 14.79M) | Time:00:00.00 | Mem:0.00M, Peak:0.00M | Scene, ViewLayer | Synchronizing object | QA-human-leg
Fra:1 Mem:14.79M (Peak 14.79M) | Time:00:00.00 | Mem:0.00M, Peak:0.00M | Scene, ViewLayer | Synchronizing object | QA-human-leg.003
Fra:1 Mem:14.79M (Peak 14.79M) | Time:00:00.00 | Mem:0.00M, Peak:0.00M | Scene, ViewLayer | Synchronizing object | QA-human-leg.001
Fra:1 Mem:14.80M (Peak 14.80M) | Time:00:00.00 | Mem:0.00M, Peak:0.00M | Scene, ViewLayer | Synchronizing object | QA-human-leg.002
Fra:1 Mem:14.80M (Peak 14.80M) | Time:00:00.00 | Mem:0.00M, Peak:0.00M | Scene, ViewLayer | Synchronizing object | QA-human-arm
Fra:1 Mem:14.80M (Peak 14.80M) | Time:00:00.00 | Mem:0.00M, Peak:0.00M | Scene, ViewLayer | Synchronizing object | QA-human-neck.001
Fra:1 Mem:14.80M (Peak 14.80M) | Time:00:00.00 | Mem:0.00M, Peak:0.00M | Scene, ViewLayer | Synchronizing object | QA-human-arm.001
Fra:1 Mem:14.80M (Peak 14.80M) | Time:00:00.00 | Mem:0.00M, Peak:0.00M | Scene, ViewLayer | Synchronizing object | QA-human-torso.001
Fra:1 Mem:14.80M (Peak 14.80M) | Time:00:00.00 | Mem:0.00M, Peak:0.00M | Scene, ViewLayer | Synchronizing object | Sphere
Fra:1 Mem:14.81M (Peak 14.81M) | Time:00:00.00 | Mem:0.00M, Peak:0.00M | Scene, ViewLayer | Initializing
Fra:1 Mem:13.56M (Peak 14.81M) | Time:00:00.00 | Mem:0.00M, Peak:0.00M | Scene, ViewLayer | Waiting for render to start
Fra:1 Mem:13.56M (Peak 14.81M) | Time:00:00.00 | Mem:0.00M, Peak:0.00M | Scene, ViewLayer | Loading render kernels (may take a few minutes the first time)
Fra:1 Mem:13.56M (Peak 14.81M) | Time:00:00.00 | Mem:0.00M, Peak:0.00M | Scene, ViewLayer | Updating Scene
Fra:1 Mem:13.56M (Peak 14.81M) | Time:00:00.00 | Mem:0.00M, Peak:0.00M | Scene, ViewLayer | Updating Shaders
Fra:1 Mem:13.65M (Peak 14.81M) | Time:00:00.00 | Mem:0.01M, Peak:0.01M | Scene, ViewLayer | Updating Procedurals
Fra:1 Mem:13.65M (Peak 14.81M) | Time:00:00.00 | Mem:0.01M, Peak:0.01M | Scene, ViewLayer | Updating Background
Fra:1 Mem:13.65M (Peak 14.81M) | Time:00:00.00 | Mem:0.01M, Peak:0.01M | Scene, ViewLayer | Updating Camera
Fra:1 Mem:13.65M (Peak 14.81M) | Time:00:00.00 | Mem:0.01M, Peak:0.01M | Scene, ViewLayer | Updating Meshes Flags
Fra:1 Mem:13.65M (Peak 14.81M) | Time:00:00.00 | Mem:0.01M, Peak:0.01M | Scene, ViewLayer | Updating Objects
Fra:1 Mem:13.65M (Peak 14.81M) | Time:00:00.00 | Mem:0.01M, Peak:0.01M | Scene, ViewLayer | Updating Objects | Copying Transformations to device
Fra:1 Mem:13.66M (Peak 14.81M) | Time:00:00.00 | Mem:0.01M, Peak:0.01M | Scene, ViewLayer | Updating Objects | Applying Static Transformations
Fra:1 Mem:13.66M (Peak 14.81M) | Time:00:00.00 | Mem:0.01M, Peak:0.01M | Scene, ViewLayer | Updating Particle Systems
Fra:1 Mem:13.66M (Peak 14.81M) | Time:00:00.00 | Mem:0.01M, Peak:0.01M | Scene, ViewLayer | Updating Particle Systems | Copying Particles to device
Fra:1 Mem:13.66M (Peak 14.81M) | Time:00:00.00 | Mem:0.01M, Peak:0.01M | Scene, ViewLayer | Updating Meshes
Fra:1 Mem:13.67M (Peak 14.81M) | Time:00:00.00 | Mem:0.01M, Peak:0.01M | Scene, ViewLayer | Updating Mesh | Computing attributes
Fra:1 Mem:13.68M (Peak 14.81M) | Time:00:00.00 | Mem:0.01M, Peak:0.01M | Scene, ViewLayer | Updating Mesh | Copying Attributes to device
Fra:1 Mem:13.68M (Peak 14.81M) | Time:00:00.00 | Mem:0.02M, Peak:0.02M | Scene, ViewLayer | Updating Scene BVH | Building
Fra:1 Mem:13.68M (Peak 14.81M) | Time:00:00.00 | Mem:0.02M, Peak:0.02M | Scene, ViewLayer | Updating Scene BVH | Building BVH
Fra:1 Mem:13.68M (Peak 14.81M) | Time:00:00.00 | Mem:0.04M, Peak:0.04M | Scene, ViewLayer | Updating Scene BVH | Building BVH 0%
Fra:1 Mem:13.68M (Peak 14.81M) | Time:00:00.00 | Mem:0.07M, Peak:0.09M | Scene, ViewLayer | Updating Scene BVH | Copying BVH to device
Fra:1 Mem:13.68M (Peak 14.81M) | Time:00:00.00 | Mem:0.07M, Peak:0.09M | Scene, ViewLayer | Updating Mesh | Computing normals
Fra:1 Mem:13.71M (Peak 14.81M) | Time:00:00.00 | Mem:0.07M, Peak:0.09M | Scene, ViewLayer | Updating Mesh | Copying Mesh to device
Fra:1 Mem:13.71M (Peak 14.81M) | Time:00:00.00 | Mem:0.11M, Peak:0.11M | Scene, ViewLayer | Updating Objects Flags
Fra:1 Mem:13.71M (Peak 14.81M) | Time:00:00.00 | Mem:0.11M, Peak:0.11M | Scene, ViewLayer | Updating Primitive Offsets
Fra:1 Mem:13.71M (Peak 14.81M) | Time:00:00.00 | Mem:0.11M, Peak:0.11M | Scene, ViewLayer | Updating Images
Fra:1 Mem:13.71M (Peak 14.81M) | Time:00:00.00 | Mem:0.11M, Peak:0.11M | Scene, ViewLayer | Updating Camera Volume
Fra:1 Mem:13.71M (Peak 14.81M) | Time:00:00.00 | Mem:0.11M, Peak:0.11M | Scene, ViewLayer | Updating Lookup Tables
Fra:1 Mem:13.71M (Peak 14.81M) | Time:00:00.00 | Mem:0.19M, Peak:0.19M | Scene, ViewLayer | Updating Lights
Fra:1 Mem:13.71M (Peak 14.81M) | Time:00:00.00 | Mem:0.19M, Peak:0.19M | Scene, ViewLayer | Updating Lights | Computing tree
Fra:1 Mem:13.71M (Peak 14.81M) | Time:00:00.00 | Mem:0.19M, Peak:0.19M | Scene, ViewLayer | Updating Integrator
Fra:1 Mem:13.71M (Peak 14.81M) | Time:00:00.00 | Mem:0.19M, Peak:0.19M | Scene, ViewLayer | Updating Film
Fra:1 Mem:13.72M (Peak 14.81M) | Time:00:00.00 | Mem:0.11M, Peak:0.19M | Scene, ViewLayer | Updating Lookup Tables
Fra:1 Mem:13.72M (Peak 14.81M) | Time:00:00.00 | Mem:0.19M, Peak:0.19M | Scene, ViewLayer | Updating Baking
Fra:1 Mem:13.72M (Peak 14.81M) | Time:00:00.00 | Mem:0.19M, Peak:0.19M | Scene, ViewLayer | Updating Device | Writing constant memory
Fra:1 Mem:13.72M (Peak 14.81M) | Time:00:00.00 | Mem:0.19M, Peak:0.19M | Scene, ViewLayer | Sample 0/16
Fra:1 Mem:15.98M (Peak 15.98M) | Time:00:00.02 | Remaining:00:00.38 | Mem:2.44M, Peak:2.44M | Scene, ViewLayer | Sample 1/16
Fra:1 Mem:16.98M (Peak 18.98M) | Time:00:00.31 | Mem:2.44M, Peak:2.44M | Scene, ViewLayer | Sample 16/16
Fra:1 Mem:16.98M (Peak 18.98M) | Time:00:00.31 | Mem:2.44M, Peak:2.44M | Scene, ViewLayer | Finished
Saved: '/tmp/street-furniture-qa-4q7zi_2_/bollard.lod0.rear.png'
Time: 00:00.32 (Saving: 00:00.00)

Extensions: writing cache failed ([Errno 30] Read-only file system: '/home/agent/.config/blender').
15:54:57 | INFO: Data are loaded, start creating Blender stuff
15:54:57 | INFO: Blender create Mesh node bollard-shell
15:54:57 | INFO: Blender create Mesh node reflective-band
15:54:57 | INFO: glTF import finished in 0.00s
Fra:1 Mem:14.73M (Peak 14.73M) | Time:00:00.00 | Mem:0.00M, Peak:0.00M | Scene, ViewLayer | Synchronizing object | metal
Fra:1 Mem:14.76M (Peak 14.76M) | Time:00:00.00 | Mem:0.00M, Peak:0.00M | Scene, ViewLayer | Synchronizing object | QA-ground-plane
Fra:1 Mem:14.79M (Peak 14.79M) | Time:00:00.00 | Mem:0.00M, Peak:0.00M | Scene, ViewLayer | Synchronizing object | QA-1m-ruler-tenth.009
Fra:1 Mem:14.79M (Peak 14.79M) | Time:00:00.00 | Mem:0.00M, Peak:0.00M | Scene, ViewLayer | Synchronizing object | QA-1m-ruler-tenth.008
Fra:1 Mem:14.78M (Peak 14.79M) | Time:00:00.00 | Mem:0.00M, Peak:0.00M | Scene, ViewLayer | Synchronizing object | QA-1m-ruler-tenth.007
Fra:1 Mem:14.79M (Peak 14.79M) | Time:00:00.00 | Mem:0.00M, Peak:0.00M | Scene, ViewLayer | Synchronizing object | QA-1m-ruler-tenth.006
Fra:1 Mem:14.79M (Peak 14.79M) | Time:00:00.00 | Mem:0.00M, Peak:0.00M | Scene, ViewLayer | Synchronizing object | QA-1m-ruler-tenth.005
Fra:1 Mem:14.77M (Peak 14.79M) | Time:00:00.00 | Mem:0.00M, Peak:0.00M | Scene, ViewLayer | Synchronizing object | QA-1m-ruler-tenth.004
Fra:1 Mem:14.77M (Peak 14.79M) | Time:00:00.00 | Mem:0.00M, Peak:0.00M | Scene, ViewLayer | Synchronizing object | diffuser
Fra:1 Mem:14.77M (Peak 14.79M) | Time:00:00.00 | Mem:0.00M, Peak:0.00M | Scene, ViewLayer | Synchronizing object | QA-1m-ruler-tenth.003
Fra:1 Mem:14.79M (Peak 14.79M) | Time:00:00.00 | Mem:0.00M, Peak:0.00M | Scene, ViewLayer | Synchronizing object | QA-1m-ruler-tenth.002
Fra:1 Mem:14.79M (Peak 14.79M) | Time:00:00.00 | Mem:0.00M, Peak:0.00M | Scene, ViewLayer | Synchronizing object | QA-1m-ruler-tenth.001
Fra:1 Mem:14.80M (Peak 14.80M) | Time:00:00.00 | Mem:0.00M, Peak:0.00M | Scene, ViewLayer | Synchronizing object | QA-1m-ruler-tenth
Fra:1 Mem:14.80M (Peak 14.80M) | Time:00:00.00 | Mem:0.00M, Peak:0.00M | Scene, ViewLayer | Synchronizing object | Sphere.001
Fra:1 Mem:14.80M (Peak 14.80M) | Time:00:00.00 | Mem:0.00M, Peak:0.00M | Scene, ViewLayer | Synchronizing object | QA-human-arm.003
Fra:1 Mem:14.80M (Peak 14.80M) | Time:00:00.00 | Mem:0.00M, Peak:0.00M | Scene, ViewLayer | Synchronizing object | QA-human-arm.002
Fra:1 Mem:14.80M (Peak 14.80M) | Time:00:00.00 | Mem:0.00M, Peak:0.00M | Scene, ViewLayer | Synchronizing object | QA-human-leg.003
Fra:1 Mem:14.79M (Peak 14.80M) | Time:00:00.00 | Mem:0.00M, Peak:0.00M | Scene, ViewLayer | Synchronizing object | QA-human-leg.002
Fra:1 Mem:14.79M (Peak 14.80M) | Time:00:00.00 | Mem:0.00M, Peak:0.00M | Scene, ViewLayer | Synchronizing object | QA-human-torso
Fra:1 Mem:14.79M (Peak 14.80M) | Time:00:00.00 | Mem:0.00M, Peak:0.00M | Scene, ViewLayer | Synchronizing object | QA-human-neck.001
Fra:1 Mem:14.79M (Peak 14.80M) | Time:00:00.00 | Mem:0.00M, Peak:0.00M | Scene, ViewLayer | Synchronizing object | QA-human-torso.001
Fra:1 Mem:14.79M (Peak 14.80M) | Time:00:00.00 | Mem:0.00M, Peak:0.00M | Scene, ViewLayer | Synchronizing object | QA-human-neck
Fra:1 Mem:14.80M (Peak 14.80M) | Time:00:00.00 | Mem:0.00M, Peak:0.00M | Scene, ViewLayer | Synchronizing object | Sphere
Fra:1 Mem:14.80M (Peak 14.80M) | Time:00:00.00 | Mem:0.00M, Peak:0.00M | Scene, ViewLayer | Synchronizing object | QA-human-leg
Fra:1 Mem:14.81M (Peak 14.81M) | Time:00:00.00 | Mem:0.00M, Peak:0.00M | Scene, ViewLayer | Synchronizing object | QA-human-arm.001
Fra:1 Mem:14.81M (Peak 14.81M) | Time:00:00.00 | Mem:0.00M, Peak:0.00M | Scene, ViewLayer | Synchronizing object | QA-human-leg.001
Fra:1 Mem:14.81M (Peak 14.81M) | Time:00:00.00 | Mem:0.00M, Peak:0.00M | Scene, ViewLayer | Synchronizing object | QA-human-arm
Fra:1 Mem:14.81M (Peak 14.81M) | Time:00:00.00 | Mem:0.00M, Peak:0.00M | Scene, ViewLayer | Initializing
Fra:1 Mem:13.56M (Peak 14.81M) | Time:00:00.00 | Mem:0.00M, Peak:0.00M | Scene, ViewLayer | Waiting for render to start
Fra:1 Mem:13.56M (Peak 14.81M) | Time:00:00.00 | Mem:0.00M, Peak:0.00M | Scene, ViewLayer | Loading render kernels (may take a few minutes the first time)
Fra:1 Mem:13.56M (Peak 14.81M) | Time:00:00.00 | Mem:0.00M, Peak:0.00M | Scene, ViewLayer | Updating Scene
Fra:1 Mem:13.56M (Peak 14.81M) | Time:00:00.00 | Mem:0.00M, Peak:0.00M | Scene, ViewLayer | Updating Shaders
Fra:1 Mem:13.65M (Peak 14.81M) | Time:00:00.00 | Mem:0.01M, Peak:0.01M | Scene, ViewLayer | Updating Procedurals
Fra:1 Mem:13.65M (Peak 14.81M) | Time:00:00.00 | Mem:0.01M, Peak:0.01M | Scene, ViewLayer | Updating Background
Fra:1 Mem:13.65M (Peak 14.81M) | Time:00:00.00 | Mem:0.01M, Peak:0.01M | Scene, ViewLayer | Updating Camera
Fra:1 Mem:13.65M (Peak 14.81M) | Time:00:00.00 | Mem:0.01M, Peak:0.01M | Scene, ViewLayer | Updating Meshes Flags
Fra:1 Mem:13.65M (Peak 14.81M) | Time:00:00.00 | Mem:0.01M, Peak:0.01M | Scene, ViewLayer | Updating Objects
Fra:1 Mem:13.65M (Peak 14.81M) | Time:00:00.00 | Mem:0.01M, Peak:0.01M | Scene, ViewLayer | Updating Objects | Copying Transformations to device
Fra:1 Mem:13.66M (Peak 14.81M) | Time:00:00.00 | Mem:0.01M, Peak:0.01M | Scene, ViewLayer | Updating Objects | Applying Static Transformations
Fra:1 Mem:13.66M (Peak 14.81M) | Time:00:00.00 | Mem:0.01M, Peak:0.01M | Scene, ViewLayer | Updating Particle Systems
Fra:1 Mem:13.66M (Peak 14.81M) | Time:00:00.00 | Mem:0.01M, Peak:0.01M | Scene, ViewLayer | Updating Particle Systems | Copying Particles to device
Fra:1 Mem:13.66M (Peak 14.81M) | Time:00:00.00 | Mem:0.01M, Peak:0.01M | Scene, ViewLayer | Updating Meshes
Fra:1 Mem:13.67M (Peak 14.81M) | Time:00:00.00 | Mem:0.01M, Peak:0.01M | Scene, ViewLayer | Updating Mesh | Computing attributes
Fra:1 Mem:13.68M (Peak 14.81M) | Time:00:00.00 | Mem:0.01M, Peak:0.01M | Scene, ViewLayer | Updating Mesh | Copying Attributes to device
Fra:1 Mem:13.68M (Peak 14.81M) | Time:00:00.00 | Mem:0.02M, Peak:0.02M | Scene, ViewLayer | Updating Scene BVH | Building
Fra:1 Mem:13.68M (Peak 14.81M) | Time:00:00.00 | Mem:0.02M, Peak:0.02M | Scene, ViewLayer | Updating Scene BVH | Building BVH
Fra:1 Mem:13.68M (Peak 14.81M) | Time:00:00.00 | Mem:0.04M, Peak:0.04M | Scene, ViewLayer | Updating Scene BVH | Building BVH 0%
Fra:1 Mem:13.68M (Peak 14.81M) | Time:00:00.00 | Mem:0.07M, Peak:0.09M | Scene, ViewLayer | Updating Scene BVH | Copying BVH to device
Fra:1 Mem:13.68M (Peak 14.81M) | Time:00:00.00 | Mem:0.07M, Peak:0.09M | Scene, ViewLayer | Updating Mesh | Computing normals
Fra:1 Mem:13.71M (Peak 14.81M) | Time:00:00.00 | Mem:0.07M, Peak:0.09M | Scene, ViewLayer | Updating Mesh | Copying Mesh to device
Fra:1 Mem:13.71M (Peak 14.81M) | Time:00:00.00 | Mem:0.11M, Peak:0.11M | Scene, ViewLayer | Updating Objects Flags
Fra:1 Mem:13.71M (Peak 14.81M) | Time:00:00.00 | Mem:0.11M, Peak:0.11M | Scene, ViewLayer | Updating Primitive Offsets
Fra:1 Mem:13.71M (Peak 14.81M) | Time:00:00.00 | Mem:0.11M, Peak:0.11M | Scene, ViewLayer | Updating Images
Fra:1 Mem:13.71M (Peak 14.81M) | Time:00:00.00 | Mem:0.11M, Peak:0.11M | Scene, ViewLayer | Updating Camera Volume
Fra:1 Mem:13.71M (Peak 14.81M) | Time:00:00.00 | Mem:0.11M, Peak:0.11M | Scene, ViewLayer | Updating Lookup Tables
Fra:1 Mem:13.71M (Peak 14.81M) | Time:00:00.00 | Mem:0.19M, Peak:0.19M | Scene, ViewLayer | Updating Lights
Fra:1 Mem:13.71M (Peak 14.81M) | Time:00:00.00 | Mem:0.19M, Peak:0.19M | Scene, ViewLayer | Updating Lights | Computing tree
Fra:1 Mem:13.72M (Peak 14.81M) | Time:00:00.00 | Mem:0.19M, Peak:0.19M | Scene, ViewLayer | Updating Integrator
Fra:1 Mem:13.72M (Peak 14.81M) | Time:00:00.00 | Mem:0.19M, Peak:0.19M | Scene, ViewLayer | Updating Film
Fra:1 Mem:13.72M (Peak 14.81M) | Time:00:00.00 | Mem:0.11M, Peak:0.19M | Scene, ViewLayer | Updating Lookup Tables
Fra:1 Mem:13.72M (Peak 14.81M) | Time:00:00.00 | Mem:0.19M, Peak:0.19M | Scene, ViewLayer | Updating Baking
Fra:1 Mem:13.72M (Peak 14.81M) | Time:00:00.00 | Mem:0.19M, Peak:0.19M | Scene, ViewLayer | Updating Device | Writing constant memory
Fra:1 Mem:13.72M (Peak 14.81M) | Time:00:00.00 | Mem:0.19M, Peak:0.19M | Scene, ViewLayer | Sample 0/16
Fra:1 Mem:15.98M (Peak 15.98M) | Time:00:00.07 | Remaining:00:01.08 | Mem:2.44M, Peak:2.44M | Scene, ViewLayer | Sample 1/16
Fra:1 Mem:16.98M (Peak 18.98M) | Time:00:00.88 | Mem:2.44M, Peak:2.44M | Scene, ViewLayer | Sample 16/16
Fra:1 Mem:16.98M (Peak 18.98M) | Time:00:00.88 | Mem:2.44M, Peak:2.44M | Scene, ViewLayer | Finished
Saved: '/tmp/street-furniture-qa-4q7zi_2_/bollard.lod0.top.png'
Time: 00:00.90 (Saving: 00:00.01)

Extensions: writing cache failed ([Errno 30] Read-only file system: '/home/agent/.config/blender').
15:54:58 | INFO: Data are loaded, start creating Blender stuff
15:54:58 | INFO: Blender create Mesh node bollard-shell
15:54:58 | INFO: Blender create Mesh node reflective-band
15:54:58 | INFO: glTF import finished in 0.00s
Fra:1 Mem:14.72M (Peak 14.72M) | Time:00:00.00 | Mem:0.00M, Peak:0.00M | Scene, ViewLayer | Synchronizing object | metal
Fra:1 Mem:14.75M (Peak 14.75M) | Time:00:00.00 | Mem:0.00M, Peak:0.00M | Scene, ViewLayer | Synchronizing object | QA-ground-plane
Fra:1 Mem:14.76M (Peak 14.76M) | Time:00:00.00 | Mem:0.00M, Peak:0.00M | Scene, ViewLayer | Synchronizing object | QA-1m-ruler-tenth.009
Fra:1 Mem:14.74M (Peak 14.76M) | Time:00:00.00 | Mem:0.00M, Peak:0.00M | Scene, ViewLayer | Synchronizing object | QA-1m-ruler-tenth.008
Fra:1 Mem:14.75M (Peak 14.76M) | Time:00:00.00 | Mem:0.00M, Peak:0.00M | Scene, ViewLayer | Synchronizing object | QA-1m-ruler-tenth.007
Fra:1 Mem:14.75M (Peak 14.76M) | Time:00:00.00 | Mem:0.00M, Peak:0.00M | Scene, ViewLayer | Synchronizing object | QA-1m-ruler-tenth.006
Fra:1 Mem:14.75M (Peak 14.76M) | Time:00:00.00 | Mem:0.00M, Peak:0.00M | Scene, ViewLayer | Synchronizing object | QA-1m-ruler-tenth.005
Fra:1 Mem:14.75M (Peak 14.76M) | Time:00:00.00 | Mem:0.00M, Peak:0.00M | Scene, ViewLayer | Synchronizing object | QA-1m-ruler-tenth.004
Fra:1 Mem:14.77M (Peak 14.77M) | Time:00:00.00 | Mem:0.00M, Peak:0.00M | Scene, ViewLayer | Synchronizing object | QA-1m-ruler-tenth.003
Fra:1 Mem:14.77M (Peak 14.77M) | Time:00:00.00 | Mem:0.00M, Peak:0.00M | Scene, ViewLayer | Synchronizing object | QA-1m-ruler-tenth.002
Fra:1 Mem:14.77M (Peak 14.77M) | Time:00:00.00 | Mem:0.00M, Peak:0.00M | Scene, ViewLayer | Synchronizing object | QA-1m-ruler-tenth.001
Fra:1 Mem:14.77M (Peak 14.77M) | Time:00:00.00 | Mem:0.00M, Peak:0.00M | Scene, ViewLayer | Synchronizing object | QA-1m-ruler-tenth
Fra:1 Mem:14.76M (Peak 14.77M) | Time:00:00.00 | Mem:0.00M, Peak:0.00M | Scene, ViewLayer | Synchronizing object | QA-human-torso
Fra:1 Mem:14.76M (Peak 14.77M) | Time:00:00.00 | Mem:0.00M, Peak:0.00M | Scene, ViewLayer | Synchronizing object | QA-human-neck
Fra:1 Mem:14.77M (Peak 14.77M) | Time:00:00.00 | Mem:0.00M, Peak:0.00M | Scene, ViewLayer | Synchronizing object | QA-human-leg
Fra:1 Mem:14.77M (Peak 14.77M) | Time:00:00.00 | Mem:0.00M, Peak:0.00M | Scene, ViewLayer | Synchronizing object | QA-human-leg.001
Fra:1 Mem:14.77M (Peak 14.77M) | Time:00:00.00 | Mem:0.00M, Peak:0.00M | Scene, ViewLayer | Synchronizing object | QA-human-arm.003
Fra:1 Mem:14.77M (Peak 14.77M) | Time:00:00.00 | Mem:0.00M, Peak:0.00M | Scene, ViewLayer | Synchronizing object | QA-human-arm
Fra:1 Mem:14.77M (Peak 14.77M) | Time:00:00.00 | Mem:0.00M, Peak:0.00M | Scene, ViewLayer | Synchronizing object | QA-human-arm.002
Fra:1 Mem:14.78M (Peak 14.78M) | Time:00:00.00 | Mem:0.00M, Peak:0.00M | Scene, ViewLayer | Synchronizing object | QA-human-arm.001
Fra:1 Mem:14.78M (Peak 14.78M) | Time:00:00.00 | Mem:0.00M, Peak:0.00M | Scene, ViewLayer | Synchronizing object | QA-human-leg.003
Fra:1 Mem:14.78M (Peak 14.78M) | Time:00:00.00 | Mem:0.00M, Peak:0.00M | Scene, ViewLayer | Synchronizing object | Sphere
Fra:1 Mem:14.78M (Peak 14.78M) | Time:00:00.00 | Mem:0.00M, Peak:0.00M | Scene, ViewLayer | Synchronizing object | QA-human-leg.002
Fra:1 Mem:14.79M (Peak 14.79M) | Time:00:00.00 | Mem:0.00M, Peak:0.00M | Scene, ViewLayer | Synchronizing object | QA-human-neck.001
Fra:1 Mem:14.79M (Peak 14.79M) | Time:00:00.00 | Mem:0.00M, Peak:0.00M | Scene, ViewLayer | Synchronizing object | QA-human-torso.001
Fra:1 Mem:14.79M (Peak 14.79M) | Time:00:00.00 | Mem:0.00M, Peak:0.00M | Scene, ViewLayer | Initializing
Fra:1 Mem:13.54M (Peak 14.79M) | Time:00:00.00 | Mem:0.00M, Peak:0.00M | Scene, ViewLayer | Waiting for render to start
Fra:1 Mem:13.54M (Peak 14.79M) | Time:00:00.00 | Mem:0.00M, Peak:0.00M | Scene, ViewLayer | Loading render kernels (may take a few minutes the first time)
Fra:1 Mem:13.54M (Peak 14.79M) | Time:00:00.00 | Mem:0.00M, Peak:0.00M | Scene, ViewLayer | Updating Scene
Fra:1 Mem:13.54M (Peak 14.79M) | Time:00:00.00 | Mem:0.00M, Peak:0.00M | Scene, ViewLayer | Updating Shaders
Fra:1 Mem:13.63M (Peak 14.79M) | Time:00:00.00 | Mem:0.01M, Peak:0.01M | Scene, ViewLayer | Updating Procedurals
Fra:1 Mem:13.63M (Peak 14.79M) | Time:00:00.00 | Mem:0.01M, Peak:0.01M | Scene, ViewLayer | Updating Background
Fra:1 Mem:13.63M (Peak 14.79M) | Time:00:00.00 | Mem:0.01M, Peak:0.01M | Scene, ViewLayer | Updating Camera
Fra:1 Mem:13.63M (Peak 14.79M) | Time:00:00.00 | Mem:0.01M, Peak:0.01M | Scene, ViewLayer | Updating Meshes Flags
Fra:1 Mem:13.63M (Peak 14.79M) | Time:00:00.00 | Mem:0.01M, Peak:0.01M | Scene, ViewLayer | Updating Objects
Fra:1 Mem:13.63M (Peak 14.79M) | Time:00:00.00 | Mem:0.01M, Peak:0.01M | Scene, ViewLayer | Updating Objects | Copying Transformations to device
Fra:1 Mem:13.64M (Peak 14.79M) | Time:00:00.00 | Mem:0.01M, Peak:0.01M | Scene, ViewLayer | Updating Objects | Applying Static Transformations
Fra:1 Mem:13.64M (Peak 14.79M) | Time:00:00.00 | Mem:0.01M, Peak:0.01M | Scene, ViewLayer | Updating Particle Systems
Fra:1 Mem:13.64M (Peak 14.79M) | Time:00:00.00 | Mem:0.01M, Peak:0.01M | Scene, ViewLayer | Updating Particle Systems | Copying Particles to device
Fra:1 Mem:13.64M (Peak 14.79M) | Time:00:00.00 | Mem:0.01M, Peak:0.01M | Scene, ViewLayer | Updating Meshes
Fra:1 Mem:13.65M (Peak 14.79M) | Time:00:00.00 | Mem:0.01M, Peak:0.01M | Scene, ViewLayer | Updating Mesh | Computing attributes
Fra:1 Mem:13.66M (Peak 14.79M) | Time:00:00.00 | Mem:0.01M, Peak:0.01M | Scene, ViewLayer | Updating Mesh | Copying Attributes to device
Fra:1 Mem:13.65M (Peak 14.79M) | Time:00:00.00 | Mem:0.02M, Peak:0.02M | Scene, ViewLayer | Updating Scene BVH | Building
Fra:1 Mem:13.65M (Peak 14.79M) | Time:00:00.00 | Mem:0.02M, Peak:0.02M | Scene, ViewLayer | Updating Scene BVH | Building BVH
Fra:1 Mem:13.65M (Peak 14.79M) | Time:00:00.00 | Mem:0.04M, Peak:0.04M | Scene, ViewLayer | Updating Scene BVH | Building BVH 0%
Fra:1 Mem:13.65M (Peak 14.79M) | Time:00:00.00 | Mem:0.06M, Peak:0.08M | Scene, ViewLayer | Updating Scene BVH | Copying BVH to device
Fra:1 Mem:13.65M (Peak 14.79M) | Time:00:00.00 | Mem:0.06M, Peak:0.08M | Scene, ViewLayer | Updating Mesh | Computing normals
Fra:1 Mem:13.69M (Peak 14.79M) | Time:00:00.00 | Mem:0.06M, Peak:0.08M | Scene, ViewLayer | Updating Mesh | Copying Mesh to device
Fra:1 Mem:13.69M (Peak 14.79M) | Time:00:00.00 | Mem:0.10M, Peak:0.10M | Scene, ViewLayer | Updating Objects Flags
Fra:1 Mem:13.69M (Peak 14.79M) | Time:00:00.00 | Mem:0.10M, Peak:0.10M | Scene, ViewLayer | Updating Primitive Offsets
Fra:1 Mem:13.69M (Peak 14.79M) | Time:00:00.00 | Mem:0.10M, Peak:0.10M | Scene, ViewLayer | Updating Images
Fra:1 Mem:13.69M (Peak 14.79M) | Time:00:00.00 | Mem:0.10M, Peak:0.10M | Scene, ViewLayer | Updating Camera Volume
Fra:1 Mem:13.69M (Peak 14.79M) | Time:00:00.00 | Mem:0.10M, Peak:0.10M | Scene, ViewLayer | Updating Lookup Tables
Fra:1 Mem:13.69M (Peak 14.79M) | Time:00:00.00 | Mem:0.18M, Peak:0.18M | Scene, ViewLayer | Updating Lights
Fra:1 Mem:13.69M (Peak 14.79M) | Time:00:00.00 | Mem:0.18M, Peak:0.18M | Scene, ViewLayer | Updating Lights | Computing tree
Fra:1 Mem:13.69M (Peak 14.79M) | Time:00:00.00 | Mem:0.18M, Peak:0.18M | Scene, ViewLayer | Updating Integrator
Fra:1 Mem:13.69M (Peak 14.79M) | Time:00:00.00 | Mem:0.18M, Peak:0.18M | Scene, ViewLayer | Updating Film
Fra:1 Mem:13.69M (Peak 14.79M) | Time:00:00.00 | Mem:0.10M, Peak:0.18M | Scene, ViewLayer | Updating Lookup Tables
Fra:1 Mem:13.69M (Peak 14.79M) | Time:00:00.00 | Mem:0.18M, Peak:0.18M | Scene, ViewLayer | Updating Baking
Fra:1 Mem:13.69M (Peak 14.79M) | Time:00:00.00 | Mem:0.18M, Peak:0.18M | Scene, ViewLayer | Updating Device | Writing constant memory
Fra:1 Mem:13.69M (Peak 14.79M) | Time:00:00.00 | Mem:0.18M, Peak:0.18M | Scene, ViewLayer | Sample 0/16
Fra:1 Mem:15.95M (Peak 15.95M) | Time:00:00.02 | Remaining:00:00.36 | Mem:2.43M, Peak:2.43M | Scene, ViewLayer | Sample 1/16
Fra:1 Mem:16.95M (Peak 18.95M) | Time:00:00.34 | Mem:2.43M, Peak:2.43M | Scene, ViewLayer | Sample 16/16
Fra:1 Mem:16.95M (Peak 18.95M) | Time:00:00.34 | Mem:2.43M, Peak:2.43M | Scene, ViewLayer | Finished
Saved: '/tmp/street-furniture-qa-4q7zi_2_/bollard.lod1.front.png'
Time: 00:00.35 (Saving: 00:00.00)

Extensions: writing cache failed ([Errno 30] Read-only file system: '/home/agent/.config/blender').
15:54:59 | INFO: Data are loaded, start creating Blender stuff
15:54:59 | INFO: Blender create Mesh node bollard-shell
15:54:59 | INFO: Blender create Mesh node reflective-band
15:54:59 | INFO: glTF import finished in 0.00s
Fra:1 Mem:14.72M (Peak 14.72M) | Time:00:00.00 | Mem:0.00M, Peak:0.00M | Scene, ViewLayer | Synchronizing object | metal
Fra:1 Mem:14.75M (Peak 14.75M) | Time:00:00.00 | Mem:0.00M, Peak:0.00M | Scene, ViewLayer | Synchronizing object | QA-ground-plane
Fra:1 Mem:14.74M (Peak 14.75M) | Time:00:00.00 | Mem:0.00M, Peak:0.00M | Scene, ViewLayer | Synchronizing object | QA-1m-ruler-tenth.009
Fra:1 Mem:14.74M (Peak 14.75M) | Time:00:00.00 | Mem:0.00M, Peak:0.00M | Scene, ViewLayer | Synchronizing object | diffuser
Fra:1 Mem:14.75M (Peak 14.75M) | Time:00:00.00 | Mem:0.00M, Peak:0.00M | Scene, ViewLayer | Synchronizing object | QA-1m-ruler-tenth.008
Fra:1 Mem:14.76M (Peak 14.76M) | Time:00:00.00 | Mem:0.00M, Peak:0.00M | Scene, ViewLayer | Synchronizing object | QA-1m-ruler-tenth.007
Fra:1 Mem:14.76M (Peak 14.76M) | Time:00:00.00 | Mem:0.00M, Peak:0.00M | Scene, ViewLayer | Synchronizing object | QA-1m-ruler-tenth.006
Fra:1 Mem:14.76M (Peak 14.76M) | Time:00:00.00 | Mem:0.00M, Peak:0.00M | Scene, ViewLayer | Synchronizing object | QA-1m-ruler-tenth.005
Fra:1 Mem:14.75M (Peak 14.76M) | Time:00:00.00 | Mem:0.00M, Peak:0.00M | Scene, ViewLayer | Synchronizing object | QA-human-torso
Fra:1 Mem:14.75M (Peak 14.76M) | Time:00:00.00 | Mem:0.00M, Peak:0.00M | Scene, ViewLayer | Synchronizing object | QA-human-neck
Fra:1 Mem:14.76M (Peak 14.76M) | Time:00:00.00 | Mem:0.00M, Peak:0.00M | Scene, ViewLayer | Synchronizing object | QA-human-leg
Fra:1 Mem:14.76M (Peak 14.76M) | Time:00:00.00 | Mem:0.00M, Peak:0.00M | Scene, ViewLayer | Synchronizing object | QA-1m-ruler-tenth.003
Fra:1 Mem:14.76M (Peak 14.76M) | Time:00:00.00 | Mem:0.00M, Peak:0.00M | Scene, ViewLayer | Synchronizing object | QA-human-leg.001
Fra:1 Mem:14.76M (Peak 14.76M) | Time:00:00.00 | Mem:0.00M, Peak:0.00M | Scene, ViewLayer | Synchronizing object | QA-1m-ruler-tenth.002
Fra:1 Mem:14.76M (Peak 14.76M) | Time:00:00.00 | Mem:0.00M, Peak:0.00M | Scene, ViewLayer | Synchronizing object | QA-human-arm
Fra:1 Mem:14.76M (Peak 14.76M) | Time:00:00.00 | Mem:0.00M, Peak:0.00M | Scene, ViewLayer | Synchronizing object | QA-1m-ruler-tenth.001
Fra:1 Mem:14.76M (Peak 14.76M) | Time:00:00.00 | Mem:0.00M, Peak:0.00M | Scene, ViewLayer | Synchronizing object | QA-human-arm.001
Fra:1 Mem:14.76M (Peak 14.76M) | Time:00:00.00 | Mem:0.00M, Peak:0.00M | Scene, ViewLayer | Synchronizing object | QA-1m-ruler-tenth
Fra:1 Mem:14.77M (Peak 14.77M) | Time:00:00.00 | Mem:0.00M, Peak:0.00M | Scene, ViewLayer | Synchronizing object | Sphere
Fra:1 Mem:14.77M (Peak 14.77M) | Time:00:00.00 | Mem:0.00M, Peak:0.00M | Scene, ViewLayer | Synchronizing object | Sphere.001
Fra:1 Mem:14.78M (Peak 14.78M) | Time:00:00.00 | Mem:0.00M, Peak:0.00M | Scene, ViewLayer | Synchronizing object | QA-human-torso.001
Fra:1 Mem:14.78M (Peak 14.78M) | Time:00:00.00 | Mem:0.00M, Peak:0.00M | Scene, ViewLayer | Synchronizing object | QA-human-arm.003
Fra:1 Mem:14.79M (Peak 14.79M) | Time:00:00.00 | Mem:0.00M, Peak:0.00M | Scene, ViewLayer | Synchronizing object | QA-human-neck.001
Fra:1 Mem:14.79M (Peak 14.79M) | Time:00:00.00 | Mem:0.00M, Peak:0.00M | Scene, ViewLayer | Synchronizing object | QA-human-arm.002
Fra:1 Mem:14.79M (Peak 14.79M) | Time:00:00.00 | Mem:0.00M, Peak:0.00M | Scene, ViewLayer | Synchronizing object | QA-human-leg.002
Fra:1 Mem:14.79M (Peak 14.79M) | Time:00:00.00 | Mem:0.00M, Peak:0.00M | Scene, ViewLayer | Synchronizing object | QA-human-leg.003
Fra:1 Mem:14.79M (Peak 14.79M) | Time:00:00.00 | Mem:0.00M, Peak:0.00M | Scene, ViewLayer | Initializing
Fra:1 Mem:13.54M (Peak 14.79M) | Time:00:00.00 | Mem:0.00M, Peak:0.00M | Scene, ViewLayer | Waiting for render to start
Fra:1 Mem:13.54M (Peak 14.79M) | Time:00:00.00 | Mem:0.00M, Peak:0.00M | Scene, ViewLayer | Loading render kernels (may take a few minutes the first time)
Fra:1 Mem:13.54M (Peak 14.79M) | Time:00:00.00 | Mem:0.00M, Peak:0.00M | Scene, ViewLayer | Updating Scene
Fra:1 Mem:13.54M (Peak 14.79M) | Time:00:00.00 | Mem:0.00M, Peak:0.00M | Scene, ViewLayer | Updating Shaders
Fra:1 Mem:13.63M (Peak 14.79M) | Time:00:00.00 | Mem:0.01M, Peak:0.01M | Scene, ViewLayer | Updating Procedurals
Fra:1 Mem:13.63M (Peak 14.79M) | Time:00:00.00 | Mem:0.01M, Peak:0.01M | Scene, ViewLayer | Updating Background
Fra:1 Mem:13.63M (Peak 14.79M) | Time:00:00.00 | Mem:0.01M, Peak:0.01M | Scene, ViewLayer | Updating Camera
Fra:1 Mem:13.63M (Peak 14.79M) | Time:00:00.00 | Mem:0.01M, Peak:0.01M | Scene, ViewLayer | Updating Meshes Flags
Fra:1 Mem:13.63M (Peak 14.79M) | Time:00:00.00 | Mem:0.01M, Peak:0.01M | Scene, ViewLayer | Updating Objects
Fra:1 Mem:13.63M (Peak 14.79M) | Time:00:00.00 | Mem:0.01M, Peak:0.01M | Scene, ViewLayer | Updating Objects | Copying Transformations to device
Fra:1 Mem:13.64M (Peak 14.79M) | Time:00:00.00 | Mem:0.01M, Peak:0.01M | Scene, ViewLayer | Updating Objects | Applying Static Transformations
Fra:1 Mem:13.64M (Peak 14.79M) | Time:00:00.00 | Mem:0.01M, Peak:0.01M | Scene, ViewLayer | Updating Particle Systems
Fra:1 Mem:13.64M (Peak 14.79M) | Time:00:00.00 | Mem:0.01M, Peak:0.01M | Scene, ViewLayer | Updating Particle Systems | Copying Particles to device
Fra:1 Mem:13.64M (Peak 14.79M) | Time:00:00.00 | Mem:0.01M, Peak:0.01M | Scene, ViewLayer | Updating Meshes
Fra:1 Mem:13.65M (Peak 14.79M) | Time:00:00.00 | Mem:0.01M, Peak:0.01M | Scene, ViewLayer | Updating Mesh | Computing attributes
Fra:1 Mem:13.66M (Peak 14.79M) | Time:00:00.00 | Mem:0.01M, Peak:0.01M | Scene, ViewLayer | Updating Mesh | Copying Attributes to device
Fra:1 Mem:13.65M (Peak 14.79M) | Time:00:00.00 | Mem:0.02M, Peak:0.02M | Scene, ViewLayer | Updating Scene BVH | Building
Fra:1 Mem:13.65M (Peak 14.79M) | Time:00:00.00 | Mem:0.02M, Peak:0.02M | Scene, ViewLayer | Updating Scene BVH | Building BVH
Fra:1 Mem:13.65M (Peak 14.79M) | Time:00:00.00 | Mem:0.04M, Peak:0.04M | Scene, ViewLayer | Updating Scene BVH | Building BVH 0%
Fra:1 Mem:13.65M (Peak 14.79M) | Time:00:00.00 | Mem:0.06M, Peak:0.08M | Scene, ViewLayer | Updating Scene BVH | Copying BVH to device
Fra:1 Mem:13.65M (Peak 14.79M) | Time:00:00.00 | Mem:0.06M, Peak:0.08M | Scene, ViewLayer | Updating Mesh | Computing normals
Fra:1 Mem:13.69M (Peak 14.79M) | Time:00:00.00 | Mem:0.06M, Peak:0.08M | Scene, ViewLayer | Updating Mesh | Copying Mesh to device
Fra:1 Mem:13.69M (Peak 14.79M) | Time:00:00.00 | Mem:0.10M, Peak:0.10M | Scene, ViewLayer | Updating Objects Flags
Fra:1 Mem:13.69M (Peak 14.79M) | Time:00:00.00 | Mem:0.10M, Peak:0.10M | Scene, ViewLayer | Updating Primitive Offsets
Fra:1 Mem:13.69M (Peak 14.79M) | Time:00:00.00 | Mem:0.10M, Peak:0.10M | Scene, ViewLayer | Updating Images
Fra:1 Mem:13.69M (Peak 14.79M) | Time:00:00.00 | Mem:0.10M, Peak:0.10M | Scene, ViewLayer | Updating Camera Volume
Fra:1 Mem:13.69M (Peak 14.79M) | Time:00:00.00 | Mem:0.10M, Peak:0.10M | Scene, ViewLayer | Updating Lookup Tables
Fra:1 Mem:13.69M (Peak 14.79M) | Time:00:00.00 | Mem:0.18M, Peak:0.18M | Scene, ViewLayer | Updating Lights
Fra:1 Mem:13.69M (Peak 14.79M) | Time:00:00.00 | Mem:0.18M, Peak:0.18M | Scene, ViewLayer | Updating Lights | Computing tree
Fra:1 Mem:13.69M (Peak 14.79M) | Time:00:00.00 | Mem:0.18M, Peak:0.18M | Scene, ViewLayer | Updating Integrator
Fra:1 Mem:13.69M (Peak 14.79M) | Time:00:00.00 | Mem:0.18M, Peak:0.18M | Scene, ViewLayer | Updating Film
Fra:1 Mem:13.69M (Peak 14.79M) | Time:00:00.00 | Mem:0.10M, Peak:0.18M | Scene, ViewLayer | Updating Lookup Tables
Fra:1 Mem:13.69M (Peak 14.79M) | Time:00:00.00 | Mem:0.18M, Peak:0.18M | Scene, ViewLayer | Updating Baking
Fra:1 Mem:13.69M (Peak 14.79M) | Time:00:00.00 | Mem:0.18M, Peak:0.18M | Scene, ViewLayer | Updating Device | Writing constant memory
Fra:1 Mem:13.69M (Peak 14.79M) | Time:00:00.00 | Mem:0.18M, Peak:0.18M | Scene, ViewLayer | Sample 0/16
Fra:1 Mem:15.95M (Peak 15.95M) | Time:00:00.02 | Remaining:00:00.27 | Mem:2.43M, Peak:2.43M | Scene, ViewLayer | Sample 1/16
Fra:1 Mem:16.95M (Peak 18.95M) | Time:00:00.24 | Mem:2.43M, Peak:2.43M | Scene, ViewLayer | Sample 16/16
Fra:1 Mem:16.95M (Peak 18.95M) | Time:00:00.24 | Mem:2.43M, Peak:2.43M | Scene, ViewLayer | Finished
Saved: '/tmp/street-furniture-qa-4q7zi_2_/bollard.lod1.side.png'
Time: 00:00.25 (Saving: 00:00.00)

Extensions: writing cache failed ([Errno 30] Read-only file system: '/home/agent/.config/blender').
15:54:59 | INFO: Data are loaded, start creating Blender stuff
15:54:59 | INFO: Blender create Mesh node bollard-shell
15:54:59 | INFO: Blender create Mesh node reflective-band
15:54:59 | INFO: glTF import finished in 0.00s
Fra:1 Mem:14.72M (Peak 14.72M) | Time:00:00.00 | Mem:0.00M, Peak:0.00M | Scene, ViewLayer | Synchronizing object | metal
Fra:1 Mem:14.74M (Peak 14.74M) | Time:00:00.00 | Mem:0.00M, Peak:0.00M | Scene, ViewLayer | Synchronizing object | QA-ground-plane
Fra:1 Mem:14.75M (Peak 14.75M) | Time:00:00.00 | Mem:0.00M, Peak:0.00M | Scene, ViewLayer | Synchronizing object | QA-1m-ruler-tenth.009
Fra:1 Mem:14.74M (Peak 14.75M) | Time:00:00.00 | Mem:0.00M, Peak:0.00M | Scene, ViewLayer | Synchronizing object | QA-1m-ruler-tenth.008
Fra:1 Mem:14.75M (Peak 14.75M) | Time:00:00.00 | Mem:0.00M, Peak:0.00M | Scene, ViewLayer | Synchronizing object | diffuser
Fra:1 Mem:14.75M (Peak 14.75M) | Time:00:00.00 | Mem:0.00M, Peak:0.00M | Scene, ViewLayer | Synchronizing object | QA-1m-ruler-tenth.007
Fra:1 Mem:14.76M (Peak 14.76M) | Time:00:00.00 | Mem:0.00M, Peak:0.00M | Scene, ViewLayer | Synchronizing object | QA-1m-ruler-tenth.006
Fra:1 Mem:14.76M (Peak 14.76M) | Time:00:00.00 | Mem:0.00M, Peak:0.00M | Scene, ViewLayer | Synchronizing object | QA-1m-ruler-tenth.005
Fra:1 Mem:14.76M (Peak 14.76M) | Time:00:00.00 | Mem:0.00M, Peak:0.00M | Scene, ViewLayer | Synchronizing object | QA-1m-ruler-tenth.004
Fra:1 Mem:14.77M (Peak 14.77M) | Time:00:00.00 | Mem:0.00M, Peak:0.00M | Scene, ViewLayer | Synchronizing object | QA-1m-ruler-tenth.003
Fra:1 Mem:14.76M (Peak 14.77M) | Time:00:00.00 | Mem:0.00M, Peak:0.00M | Scene, ViewLayer | Synchronizing object | QA-1m-ruler-tenth.002
Fra:1 Mem:14.76M (Peak 14.77M) | Time:00:00.00 | Mem:0.00M, Peak:0.00M | Scene, ViewLayer | Synchronizing object | QA-human-torso
Fra:1 Mem:14.76M (Peak 14.77M) | Time:00:00.00 | Mem:0.00M, Peak:0.00M | Scene, ViewLayer | Synchronizing object | QA-1m-ruler-tenth.001
Fra:1 Mem:14.76M (Peak 14.77M) | Time:00:00.00 | Mem:0.00M, Peak:0.00M | Scene, ViewLayer | Synchronizing object | QA-1m-ruler-tenth
Fra:1 Mem:14.76M (Peak 14.77M) | Time:00:00.00 | Mem:0.00M, Peak:0.00M | Scene, ViewLayer | Synchronizing object | QA-human-neck
Fra:1 Mem:14.76M (Peak 14.77M) | Time:00:00.00 | Mem:0.00M, Peak:0.00M | Scene, ViewLayer | Synchronizing object | Sphere.001
Fra:1 Mem:14.76M (Peak 14.77M) | Time:00:00.00 | Mem:0.00M, Peak:0.00M | Scene, ViewLayer | Synchronizing object | QA-human-leg
Fra:1 Mem:14.77M (Peak 14.77M) | Time:00:00.00 | Mem:0.00M, Peak:0.00M | Scene, ViewLayer | Synchronizing object | QA-human-leg.001
Fra:1 Mem:14.77M (Peak 14.77M) | Time:00:00.00 | Mem:0.00M, Peak:0.00M | Scene, ViewLayer | Synchronizing object | QA-human-arm.003
Fra:1 Mem:14.77M (Peak 14.77M) | Time:00:00.00 | Mem:0.00M, Peak:0.00M | Scene, ViewLayer | Synchronizing object | QA-human-arm
Fra:1 Mem:14.77M (Peak 14.77M) | Time:00:00.00 | Mem:0.00M, Peak:0.00M | Scene, ViewLayer | Synchronizing object | QA-human-arm.002
Fra:1 Mem:14.78M (Peak 14.78M) | Time:00:00.00 | Mem:0.00M, Peak:0.00M | Scene, ViewLayer | Synchronizing object | QA-human-arm.001
Fra:1 Mem:14.78M (Peak 14.78M) | Time:00:00.00 | Mem:0.00M, Peak:0.00M | Scene, ViewLayer | Synchronizing object | QA-human-leg.003
Fra:1 Mem:14.78M (Peak 14.78M) | Time:00:00.00 | Mem:0.00M, Peak:0.00M | Scene, ViewLayer | Synchronizing object | Sphere
Fra:1 Mem:14.78M (Peak 14.78M) | Time:00:00.00 | Mem:0.00M, Peak:0.00M | Scene, ViewLayer | Synchronizing object | QA-human-leg.002
Fra:1 Mem:14.79M (Peak 14.79M) | Time:00:00.00 | Mem:0.00M, Peak:0.00M | Scene, ViewLayer | Synchronizing object | QA-human-torso.001
Fra:1 Mem:14.79M (Peak 14.79M) | Time:00:00.00 | Mem:0.00M, Peak:0.00M | Scene, ViewLayer | Synchronizing object | QA-human-neck.001
Fra:1 Mem:14.79M (Peak 14.79M) | Time:00:00.00 | Mem:0.00M, Peak:0.00M | Scene, ViewLayer | Initializing
Fra:1 Mem:13.54M (Peak 14.79M) | Time:00:00.00 | Mem:0.00M, Peak:0.00M | Scene, ViewLayer | Waiting for render to start
Fra:1 Mem:13.54M (Peak 14.79M) | Time:00:00.00 | Mem:0.00M, Peak:0.00M | Scene, ViewLayer | Loading render kernels (may take a few minutes the first time)
Fra:1 Mem:13.54M (Peak 14.79M) | Time:00:00.00 | Mem:0.00M, Peak:0.00M | Scene, ViewLayer | Updating Scene
Fra:1 Mem:13.54M (Peak 14.79M) | Time:00:00.00 | Mem:0.00M, Peak:0.00M | Scene, ViewLayer | Updating Shaders
Fra:1 Mem:13.63M (Peak 14.79M) | Time:00:00.00 | Mem:0.01M, Peak:0.01M | Scene, ViewLayer | Updating Procedurals
Fra:1 Mem:13.63M (Peak 14.79M) | Time:00:00.00 | Mem:0.01M, Peak:0.01M | Scene, ViewLayer | Updating Background
Fra:1 Mem:13.63M (Peak 14.79M) | Time:00:00.00 | Mem:0.01M, Peak:0.01M | Scene, ViewLayer | Updating Camera
Fra:1 Mem:13.63M (Peak 14.79M) | Time:00:00.00 | Mem:0.01M, Peak:0.01M | Scene, ViewLayer | Updating Meshes Flags
Fra:1 Mem:13.63M (Peak 14.79M) | Time:00:00.00 | Mem:0.01M, Peak:0.01M | Scene, ViewLayer | Updating Objects
Fra:1 Mem:13.63M (Peak 14.79M) | Time:00:00.00 | Mem:0.01M, Peak:0.01M | Scene, ViewLayer | Updating Objects | Copying Transformations to device
Fra:1 Mem:13.64M (Peak 14.79M) | Time:00:00.00 | Mem:0.01M, Peak:0.01M | Scene, ViewLayer | Updating Objects | Applying Static Transformations
Fra:1 Mem:13.64M (Peak 14.79M) | Time:00:00.00 | Mem:0.01M, Peak:0.01M | Scene, ViewLayer | Updating Particle Systems
Fra:1 Mem:13.64M (Peak 14.79M) | Time:00:00.00 | Mem:0.01M, Peak:0.01M | Scene, ViewLayer | Updating Particle Systems | Copying Particles to device
Fra:1 Mem:13.64M (Peak 14.79M) | Time:00:00.00 | Mem:0.01M, Peak:0.01M | Scene, ViewLayer | Updating Meshes
Fra:1 Mem:13.65M (Peak 14.79M) | Time:00:00.00 | Mem:0.01M, Peak:0.01M | Scene, ViewLayer | Updating Mesh | Computing attributes
Fra:1 Mem:13.66M (Peak 14.79M) | Time:00:00.00 | Mem:0.01M, Peak:0.01M | Scene, ViewLayer | Updating Mesh | Copying Attributes to device
Fra:1 Mem:13.65M (Peak 14.79M) | Time:00:00.00 | Mem:0.02M, Peak:0.02M | Scene, ViewLayer | Updating Scene BVH | Building
Fra:1 Mem:13.65M (Peak 14.79M) | Time:00:00.00 | Mem:0.02M, Peak:0.02M | Scene, ViewLayer | Updating Scene BVH | Building BVH
Fra:1 Mem:13.65M (Peak 14.79M) | Time:00:00.00 | Mem:0.04M, Peak:0.04M | Scene, ViewLayer | Updating Scene BVH | Building BVH 0%
Fra:1 Mem:13.65M (Peak 14.79M) | Time:00:00.00 | Mem:0.06M, Peak:0.08M | Scene, ViewLayer | Updating Scene BVH | Copying BVH to device
Fra:1 Mem:13.65M (Peak 14.79M) | Time:00:00.00 | Mem:0.06M, Peak:0.08M | Scene, ViewLayer | Updating Mesh | Computing normals
Fra:1 Mem:13.69M (Peak 14.79M) | Time:00:00.00 | Mem:0.06M, Peak:0.08M | Scene, ViewLayer | Updating Mesh | Copying Mesh to device
Fra:1 Mem:13.69M (Peak 14.79M) | Time:00:00.00 | Mem:0.10M, Peak:0.10M | Scene, ViewLayer | Updating Objects Flags
Fra:1 Mem:13.69M (Peak 14.79M) | Time:00:00.00 | Mem:0.10M, Peak:0.10M | Scene, ViewLayer | Updating Primitive Offsets
Fra:1 Mem:13.69M (Peak 14.79M) | Time:00:00.00 | Mem:0.10M, Peak:0.10M | Scene, ViewLayer | Updating Images
Fra:1 Mem:13.69M (Peak 14.79M) | Time:00:00.00 | Mem:0.10M, Peak:0.10M | Scene, ViewLayer | Updating Camera Volume
Fra:1 Mem:13.69M (Peak 14.79M) | Time:00:00.00 | Mem:0.10M, Peak:0.10M | Scene, ViewLayer | Updating Lookup Tables
Fra:1 Mem:13.69M (Peak 14.79M) | Time:00:00.00 | Mem:0.18M, Peak:0.18M | Scene, ViewLayer | Updating Lights
Fra:1 Mem:13.69M (Peak 14.79M) | Time:00:00.00 | Mem:0.18M, Peak:0.18M | Scene, ViewLayer | Updating Lights | Computing tree
Fra:1 Mem:13.69M (Peak 14.79M) | Time:00:00.00 | Mem:0.18M, Peak:0.18M | Scene, ViewLayer | Updating Integrator
Fra:1 Mem:13.69M (Peak 14.79M) | Time:00:00.00 | Mem:0.18M, Peak:0.18M | Scene, ViewLayer | Updating Film
Fra:1 Mem:13.69M (Peak 14.79M) | Time:00:00.00 | Mem:0.10M, Peak:0.18M | Scene, ViewLayer | Updating Lookup Tables
Fra:1 Mem:13.69M (Peak 14.79M) | Time:00:00.00 | Mem:0.18M, Peak:0.18M | Scene, ViewLayer | Updating Baking
Fra:1 Mem:13.69M (Peak 14.79M) | Time:00:00.00 | Mem:0.18M, Peak:0.18M | Scene, ViewLayer | Updating Device | Writing constant memory
Fra:1 Mem:13.69M (Peak 14.79M) | Time:00:00.00 | Mem:0.18M, Peak:0.18M | Scene, ViewLayer | Sample 0/16
Fra:1 Mem:15.95M (Peak 15.95M) | Time:00:00.02 | Remaining:00:00.34 | Mem:2.43M, Peak:2.43M | Scene, ViewLayer | Sample 1/16
Fra:1 Mem:16.95M (Peak 18.95M) | Time:00:00.30 | Mem:2.43M, Peak:2.43M | Scene, ViewLayer | Sample 16/16
Fra:1 Mem:16.95M (Peak 18.95M) | Time:00:00.30 | Mem:2.43M, Peak:2.43M | Scene, ViewLayer | Finished
Saved: '/tmp/street-furniture-qa-4q7zi_2_/bollard.lod1.rear.png'
Time: 00:00.32 (Saving: 00:00.01)

Extensions: writing cache failed ([Errno 30] Read-only file system: '/home/agent/.config/blender').
15:54:59 | INFO: Data are loaded, start creating Blender stuff
15:54:59 | INFO: Blender create Mesh node bollard-shell
15:54:59 | INFO: Blender create Mesh node reflective-band
15:54:59 | INFO: glTF import finished in 0.00s
Fra:1 Mem:14.72M (Peak 14.72M) | Time:00:00.00 | Mem:0.00M, Peak:0.00M | Scene, ViewLayer | Synchronizing object | metal
Fra:1 Mem:14.74M (Peak 14.74M) | Time:00:00.00 | Mem:0.00M, Peak:0.00M | Scene, ViewLayer | Synchronizing object | QA-ground-plane
Fra:1 Mem:14.74M (Peak 14.74M) | Time:00:00.00 | Mem:0.00M, Peak:0.00M | Scene, ViewLayer | Synchronizing object | QA-1m-ruler-tenth.009
Fra:1 Mem:14.74M (Peak 14.74M) | Time:00:00.00 | Mem:0.00M, Peak:0.00M | Scene, ViewLayer | Synchronizing object | diffuser
Fra:1 Mem:14.76M (Peak 14.76M) | Time:00:00.00 | Mem:0.00M, Peak:0.00M | Scene, ViewLayer | Synchronizing object | QA-1m-ruler-tenth.008
Fra:1 Mem:14.76M (Peak 14.76M) | Time:00:00.00 | Mem:0.00M, Peak:0.00M | Scene, ViewLayer | Synchronizing object | QA-1m-ruler-tenth.007
Fra:1 Mem:14.76M (Peak 14.76M) | Time:00:00.00 | Mem:0.00M, Peak:0.00M | Scene, ViewLayer | Synchronizing object | QA-1m-ruler-tenth.006
Fra:1 Mem:14.76M (Peak 14.76M) | Time:00:00.00 | Mem:0.00M, Peak:0.00M | Scene, ViewLayer | Synchronizing object | QA-1m-ruler-tenth.005
Fra:1 Mem:14.75M (Peak 14.76M) | Time:00:00.00 | Mem:0.00M, Peak:0.00M | Scene, ViewLayer | Synchronizing object | QA-1m-ruler-tenth.004
Fra:1 Mem:14.76M (Peak 14.76M) | Time:00:00.00 | Mem:0.00M, Peak:0.00M | Scene, ViewLayer | Synchronizing object | QA-1m-ruler-tenth.003
Fra:1 Mem:14.76M (Peak 14.76M) | Time:00:00.00 | Mem:0.00M, Peak:0.00M | Scene, ViewLayer | Synchronizing object | QA-1m-ruler-tenth.002
Fra:1 Mem:14.76M (Peak 14.76M) | Time:00:00.00 | Mem:0.00M, Peak:0.00M | Scene, ViewLayer | Synchronizing object | QA-1m-ruler-tenth.001
Fra:1 Mem:14.76M (Peak 14.76M) | Time:00:00.00 | Mem:0.00M, Peak:0.00M | Scene, ViewLayer | Synchronizing object | QA-human-neck
Fra:1 Mem:14.76M (Peak 14.76M) | Time:00:00.00 | Mem:0.00M, Peak:0.00M | Scene, ViewLayer | Synchronizing object | QA-1m-ruler-tenth
Fra:1 Mem:14.76M (Peak 14.76M) | Time:00:00.00 | Mem:0.00M, Peak:0.00M | Scene, ViewLayer | Synchronizing object | QA-human-leg
Fra:1 Mem:14.76M (Peak 14.76M) | Time:00:00.00 | Mem:0.00M, Peak:0.00M | Scene, ViewLayer | Synchronizing object | Sphere.001
Fra:1 Mem:14.76M (Peak 14.76M) | Time:00:00.00 | Mem:0.00M, Peak:0.00M | Scene, ViewLayer | Synchronizing object | QA-human-leg.001
Fra:1 Mem:14.77M (Peak 14.77M) | Time:00:00.00 | Mem:0.00M, Peak:0.00M | Scene, ViewLayer | Synchronizing object | QA-human-arm
Fra:1 Mem:14.77M (Peak 14.77M) | Time:00:00.00 | Mem:0.00M, Peak:0.00M | Scene, ViewLayer | Synchronizing object | QA-human-arm.003
Fra:1 Mem:14.78M (Peak 14.78M) | Time:00:00.00 | Mem:0.00M, Peak:0.00M | Scene, ViewLayer | Synchronizing object | QA-human-arm.001
Fra:1 Mem:14.78M (Peak 14.78M) | Time:00:00.00 | Mem:0.00M, Peak:0.00M | Scene, ViewLayer | Synchronizing object | QA-human-arm.002
Fra:1 Mem:14.78M (Peak 14.78M) | Time:00:00.00 | Mem:0.00M, Peak:0.00M | Scene, ViewLayer | Synchronizing object | QA-human-leg.003
Fra:1 Mem:14.78M (Peak 14.78M) | Time:00:00.00 | Mem:0.00M, Peak:0.00M | Scene, ViewLayer | Synchronizing object | Sphere
Fra:1 Mem:14.78M (Peak 14.78M) | Time:00:00.00 | Mem:0.00M, Peak:0.00M | Scene, ViewLayer | Synchronizing object | QA-human-leg.002
Fra:1 Mem:14.79M (Peak 14.79M) | Time:00:00.00 | Mem:0.00M, Peak:0.00M | Scene, ViewLayer | Synchronizing object | QA-human-neck.001
Fra:1 Mem:14.79M (Peak 14.79M) | Time:00:00.00 | Mem:0.00M, Peak:0.00M | Scene, ViewLayer | Synchronizing object | QA-human-torso.001
Fra:1 Mem:14.79M (Peak 14.79M) | Time:00:00.00 | Mem:0.00M, Peak:0.00M | Scene, ViewLayer | Initializing
Fra:1 Mem:13.54M (Peak 14.79M) | Time:00:00.00 | Mem:0.00M, Peak:0.00M | Scene, ViewLayer | Waiting for render to start
Fra:1 Mem:13.54M (Peak 14.79M) | Time:00:00.00 | Mem:0.00M, Peak:0.00M | Scene, ViewLayer | Loading render kernels (may take a few minutes the first time)
Fra:1 Mem:13.54M (Peak 14.79M) | Time:00:00.00 | Mem:0.00M, Peak:0.00M | Scene, ViewLayer | Updating Scene
Fra:1 Mem:13.54M (Peak 14.79M) | Time:00:00.00 | Mem:0.00M, Peak:0.00M | Scene, ViewLayer | Updating Shaders
Fra:1 Mem:13.63M (Peak 14.79M) | Time:00:00.00 | Mem:0.01M, Peak:0.01M | Scene, ViewLayer | Updating Procedurals
Fra:1 Mem:13.63M (Peak 14.79M) | Time:00:00.00 | Mem:0.01M, Peak:0.01M | Scene, ViewLayer | Updating Background
Fra:1 Mem:13.63M (Peak 14.79M) | Time:00:00.00 | Mem:0.01M, Peak:0.01M | Scene, ViewLayer | Updating Camera
Fra:1 Mem:13.63M (Peak 14.79M) | Time:00:00.00 | Mem:0.01M, Peak:0.01M | Scene, ViewLayer | Updating Meshes Flags
Fra:1 Mem:13.63M (Peak 14.79M) | Time:00:00.00 | Mem:0.01M, Peak:0.01M | Scene, ViewLayer | Updating Objects
Fra:1 Mem:13.63M (Peak 14.79M) | Time:00:00.00 | Mem:0.01M, Peak:0.01M | Scene, ViewLayer | Updating Objects | Copying Transformations to device
Fra:1 Mem:13.64M (Peak 14.79M) | Time:00:00.00 | Mem:0.01M, Peak:0.01M | Scene, ViewLayer | Updating Objects | Applying Static Transformations
Fra:1 Mem:13.64M (Peak 14.79M) | Time:00:00.00 | Mem:0.01M, Peak:0.01M | Scene, ViewLayer | Updating Particle Systems
Fra:1 Mem:13.64M (Peak 14.79M) | Time:00:00.00 | Mem:0.01M, Peak:0.01M | Scene, ViewLayer | Updating Particle Systems | Copying Particles to device
Fra:1 Mem:13.64M (Peak 14.79M) | Time:00:00.00 | Mem:0.01M, Peak:0.01M | Scene, ViewLayer | Updating Meshes
Fra:1 Mem:13.65M (Peak 14.79M) | Time:00:00.00 | Mem:0.01M, Peak:0.01M | Scene, ViewLayer | Updating Mesh | Computing attributes
Fra:1 Mem:13.66M (Peak 14.79M) | Time:00:00.00 | Mem:0.01M, Peak:0.01M | Scene, ViewLayer | Updating Mesh | Copying Attributes to device
Fra:1 Mem:13.65M (Peak 14.79M) | Time:00:00.00 | Mem:0.02M, Peak:0.02M | Scene, ViewLayer | Updating Scene BVH | Building
Fra:1 Mem:13.65M (Peak 14.79M) | Time:00:00.00 | Mem:0.02M, Peak:0.02M | Scene, ViewLayer | Updating Scene BVH | Building BVH
Fra:1 Mem:13.65M (Peak 14.79M) | Time:00:00.00 | Mem:0.04M, Peak:0.04M | Scene, ViewLayer | Updating Scene BVH | Building BVH 0%
Fra:1 Mem:13.65M (Peak 14.79M) | Time:00:00.00 | Mem:0.06M, Peak:0.08M | Scene, ViewLayer | Updating Scene BVH | Copying BVH to device
Fra:1 Mem:13.65M (Peak 14.79M) | Time:00:00.00 | Mem:0.06M, Peak:0.08M | Scene, ViewLayer | Updating Mesh | Computing normals
Fra:1 Mem:13.69M (Peak 14.79M) | Time:00:00.00 | Mem:0.06M, Peak:0.08M | Scene, ViewLayer | Updating Mesh | Copying Mesh to device
Fra:1 Mem:13.69M (Peak 14.79M) | Time:00:00.00 | Mem:0.10M, Peak:0.10M | Scene, ViewLayer | Updating Objects Flags
Fra:1 Mem:13.69M (Peak 14.79M) | Time:00:00.00 | Mem:0.10M, Peak:0.10M | Scene, ViewLayer | Updating Primitive Offsets
Fra:1 Mem:13.69M (Peak 14.79M) | Time:00:00.00 | Mem:0.10M, Peak:0.10M | Scene, ViewLayer | Updating Images
Fra:1 Mem:13.69M (Peak 14.79M) | Time:00:00.00 | Mem:0.10M, Peak:0.10M | Scene, ViewLayer | Updating Camera Volume
Fra:1 Mem:13.69M (Peak 14.79M) | Time:00:00.00 | Mem:0.10M, Peak:0.10M | Scene, ViewLayer | Updating Lookup Tables
Fra:1 Mem:13.69M (Peak 14.79M) | Time:00:00.00 | Mem:0.18M, Peak:0.18M | Scene, ViewLayer | Updating Lights
Fra:1 Mem:13.69M (Peak 14.79M) | Time:00:00.00 | Mem:0.18M, Peak:0.18M | Scene, ViewLayer | Updating Lights | Computing tree
Fra:1 Mem:13.69M (Peak 14.79M) | Time:00:00.00 | Mem:0.18M, Peak:0.18M | Scene, ViewLayer | Updating Integrator
Fra:1 Mem:13.69M (Peak 14.79M) | Time:00:00.00 | Mem:0.18M, Peak:0.18M | Scene, ViewLayer | Updating Film
Fra:1 Mem:13.69M (Peak 14.79M) | Time:00:00.00 | Mem:0.10M, Peak:0.18M | Scene, ViewLayer | Updating Lookup Tables
Fra:1 Mem:13.69M (Peak 14.79M) | Time:00:00.00 | Mem:0.18M, Peak:0.18M | Scene, ViewLayer | Updating Baking
Fra:1 Mem:13.69M (Peak 14.79M) | Time:00:00.00 | Mem:0.18M, Peak:0.18M | Scene, ViewLayer | Updating Device | Writing constant memory
Fra:1 Mem:13.69M (Peak 14.79M) | Time:00:00.00 | Mem:0.18M, Peak:0.18M | Scene, ViewLayer | Sample 0/16
Fra:1 Mem:15.95M (Peak 15.95M) | Time:00:00.06 | Remaining:00:00.84 | Mem:2.43M, Peak:2.43M | Scene, ViewLayer | Sample 1/16
Fra:1 Mem:16.95M (Peak 18.95M) | Time:00:00.85 | Mem:2.43M, Peak:2.43M | Scene, ViewLayer | Sample 16/16
Fra:1 Mem:16.95M (Peak 18.95M) | Time:00:00.85 | Mem:2.43M, Peak:2.43M | Scene, ViewLayer | Finished
Saved: '/tmp/street-furniture-qa-4q7zi_2_/bollard.lod1.top.png'
Time: 00:00.86 (Saving: 00:00.00)

Extensions: writing cache failed ([Errno 30] Read-only file system: '/home/agent/.config/blender').
15:55:00 | INFO: Data are loaded, start creating Blender stuff
15:55:00 | INFO: Blender create Mesh node bollard-shell
15:55:00 | INFO: Blender create Mesh node reflective-band
15:55:00 | INFO: glTF import finished in 0.00s
Fra:1 Mem:14.73M (Peak 14.73M) | Time:00:00.00 | Mem:0.00M, Peak:0.00M | Scene, ViewLayer | Synchronizing object | metal
Fra:1 Mem:14.79M (Peak 14.79M) | Time:00:00.00 | Mem:0.00M, Peak:0.00M | Scene, ViewLayer | Synchronizing object | QA-ground-plane
Fra:1 Mem:14.76M (Peak 14.79M) | Time:00:00.00 | Mem:0.00M, Peak:0.00M | Scene, ViewLayer | Synchronizing object | diffuser
Fra:1 Mem:14.78M (Peak 14.79M) | Time:00:00.00 | Mem:0.00M, Peak:0.00M | Scene, ViewLayer | Synchronizing object | QA-1m-ruler-tenth.009
Fra:1 Mem:14.77M (Peak 14.79M) | Time:00:00.00 | Mem:0.00M, Peak:0.00M | Scene, ViewLayer | Synchronizing object | QA-1m-ruler-tenth.008
Fra:1 Mem:14.78M (Peak 14.79M) | Time:00:00.00 | Mem:0.00M, Peak:0.00M | Scene, ViewLayer | Synchronizing object | QA-1m-ruler-tenth.007
Fra:1 Mem:14.78M (Peak 14.79M) | Time:00:00.00 | Mem:0.00M, Peak:0.00M | Scene, ViewLayer | Synchronizing object | QA-1m-ruler-tenth.006
Fra:1 Mem:14.77M (Peak 14.79M) | Time:00:00.00 | Mem:0.00M, Peak:0.00M | Scene, ViewLayer | Synchronizing object | QA-human-torso
Fra:1 Mem:14.77M (Peak 14.79M) | Time:00:00.00 | Mem:0.00M, Peak:0.00M | Scene, ViewLayer | Synchronizing object | QA-1m-ruler-tenth.005
Fra:1 Mem:14.78M (Peak 14.79M) | Time:00:00.00 | Mem:0.00M, Peak:0.00M | Scene, ViewLayer | Synchronizing object | QA-human-neck
Fra:1 Mem:14.78M (Peak 14.79M) | Time:00:00.00 | Mem:0.00M, Peak:0.00M | Scene, ViewLayer | Synchronizing object | QA-1m-ruler-tenth.004
Fra:1 Mem:14.78M (Peak 14.79M) | Time:00:00.00 | Mem:0.00M, Peak:0.00M | Scene, ViewLayer | Synchronizing object | QA-human-leg
Fra:1 Mem:14.78M (Peak 14.79M) | Time:00:00.00 | Mem:0.00M, Peak:0.00M | Scene, ViewLayer | Synchronizing object | QA-1m-ruler-tenth.003
Fra:1 Mem:14.78M (Peak 14.79M) | Time:00:00.00 | Mem:0.00M, Peak:0.00M | Scene, ViewLayer | Synchronizing object | QA-human-leg.001
Fra:1 Mem:14.78M (Peak 14.79M) | Time:00:00.00 | Mem:0.00M, Peak:0.00M | Scene, ViewLayer | Synchronizing object | QA-1m-ruler-tenth.002
Fra:1 Mem:14.78M (Peak 14.79M) | Time:00:00.00 | Mem:0.00M, Peak:0.00M | Scene, ViewLayer | Synchronizing object | QA-human-arm
Fra:1 Mem:14.78M (Peak 14.79M) | Time:00:00.00 | Mem:0.00M, Peak:0.00M | Scene, ViewLayer | Synchronizing object | QA-1m-ruler-tenth.001
Fra:1 Mem:14.78M (Peak 14.79M) | Time:00:00.00 | Mem:0.00M, Peak:0.00M | Scene, ViewLayer | Synchronizing object | QA-human-arm.001
Fra:1 Mem:14.78M (Peak 14.79M) | Time:00:00.00 | Mem:0.00M, Peak:0.00M | Scene, ViewLayer | Synchronizing object | QA-1m-ruler-tenth
Fra:1 Mem:14.79M (Peak 14.79M) | Time:00:00.00 | Mem:0.00M, Peak:0.00M | Scene, ViewLayer | Synchronizing object | Sphere
Fra:1 Mem:14.79M (Peak 14.79M) | Time:00:00.00 | Mem:0.00M, Peak:0.00M | Scene, ViewLayer | Synchronizing object | Sphere.001
Fra:1 Mem:14.81M (Peak 14.81M) | Time:00:00.00 | Mem:0.00M, Peak:0.00M | Scene, ViewLayer | Synchronizing object | QA-human-torso.001
Fra:1 Mem:14.81M (Peak 14.81M) | Time:00:00.00 | Mem:0.00M, Peak:0.00M | Scene, ViewLayer | Synchronizing object | QA-human-arm.003
Fra:1 Mem:14.81M (Peak 14.81M) | Time:00:00.00 | Mem:0.00M, Peak:0.00M | Scene, ViewLayer | Synchronizing object | QA-human-neck.001
Fra:1 Mem:14.81M (Peak 14.81M) | Time:00:00.00 | Mem:0.00M, Peak:0.00M | Scene, ViewLayer | Synchronizing object | QA-human-arm.002
Fra:1 Mem:14.81M (Peak 14.81M) | Time:00:00.00 | Mem:0.00M, Peak:0.00M | Scene, ViewLayer | Synchronizing object | QA-human-leg.002
Fra:1 Mem:14.81M (Peak 14.81M) | Time:00:00.00 | Mem:0.00M, Peak:0.00M | Scene, ViewLayer | Synchronizing object | QA-human-leg.003
Fra:1 Mem:14.81M (Peak 14.81M) | Time:00:00.00 | Mem:0.00M, Peak:0.00M | Scene, ViewLayer | Initializing
Fra:1 Mem:13.56M (Peak 14.81M) | Time:00:00.00 | Mem:0.00M, Peak:0.00M | Scene, ViewLayer | Waiting for render to start
Fra:1 Mem:13.56M (Peak 14.81M) | Time:00:00.00 | Mem:0.00M, Peak:0.00M | Scene, ViewLayer | Loading render kernels (may take a few minutes the first time)
Fra:1 Mem:13.56M (Peak 14.81M) | Time:00:00.00 | Mem:0.00M, Peak:0.00M | Scene, ViewLayer | Updating Scene
Fra:1 Mem:13.56M (Peak 14.81M) | Time:00:00.00 | Mem:0.00M, Peak:0.00M | Scene, ViewLayer | Updating Shaders
Fra:1 Mem:13.65M (Peak 14.81M) | Time:00:00.00 | Mem:0.01M, Peak:0.01M | Scene, ViewLayer | Updating Procedurals
Fra:1 Mem:13.65M (Peak 14.81M) | Time:00:00.00 | Mem:0.01M, Peak:0.01M | Scene, ViewLayer | Updating Background
Fra:1 Mem:13.65M (Peak 14.81M) | Time:00:00.00 | Mem:0.01M, Peak:0.01M | Scene, ViewLayer | Updating Camera
Fra:1 Mem:13.65M (Peak 14.81M) | Time:00:00.00 | Mem:0.01M, Peak:0.01M | Scene, ViewLayer | Updating Meshes Flags
Fra:1 Mem:13.65M (Peak 14.81M) | Time:00:00.00 | Mem:0.01M, Peak:0.01M | Scene, ViewLayer | Updating Objects
Fra:1 Mem:13.65M (Peak 14.81M) | Time:00:00.00 | Mem:0.01M, Peak:0.01M | Scene, ViewLayer | Updating Objects | Copying Transformations to device
Fra:1 Mem:13.66M (Peak 14.81M) | Time:00:00.00 | Mem:0.01M, Peak:0.01M | Scene, ViewLayer | Updating Objects | Applying Static Transformations
Fra:1 Mem:13.66M (Peak 14.81M) | Time:00:00.00 | Mem:0.01M, Peak:0.01M | Scene, ViewLayer | Updating Particle Systems
Fra:1 Mem:13.66M (Peak 14.81M) | Time:00:00.00 | Mem:0.01M, Peak:0.01M | Scene, ViewLayer | Updating Particle Systems | Copying Particles to device
Fra:1 Mem:13.66M (Peak 14.81M) | Time:00:00.00 | Mem:0.01M, Peak:0.01M | Scene, ViewLayer | Updating Meshes
Fra:1 Mem:13.67M (Peak 14.81M) | Time:00:00.00 | Mem:0.01M, Peak:0.01M | Scene, ViewLayer | Updating Mesh | Computing attributes
Fra:1 Mem:13.68M (Peak 14.81M) | Time:00:00.00 | Mem:0.01M, Peak:0.01M | Scene, ViewLayer | Updating Mesh | Copying Attributes to device
Fra:1 Mem:13.68M (Peak 14.81M) | Time:00:00.00 | Mem:0.02M, Peak:0.02M | Scene, ViewLayer | Updating Scene BVH | Building
Fra:1 Mem:13.68M (Peak 14.81M) | Time:00:00.00 | Mem:0.02M, Peak:0.02M | Scene, ViewLayer | Updating Scene BVH | Building BVH
Fra:1 Mem:13.68M (Peak 14.81M) | Time:00:00.00 | Mem:0.04M, Peak:0.04M | Scene, ViewLayer | Updating Scene BVH | Building BVH 0%
Fra:1 Mem:13.68M (Peak 14.81M) | Time:00:00.00 | Mem:0.07M, Peak:0.09M | Scene, ViewLayer | Updating Scene BVH | Copying BVH to device
Fra:1 Mem:13.68M (Peak 14.81M) | Time:00:00.00 | Mem:0.07M, Peak:0.09M | Scene, ViewLayer | Updating Mesh | Computing normals
Fra:1 Mem:13.71M (Peak 14.81M) | Time:00:00.00 | Mem:0.07M, Peak:0.09M | Scene, ViewLayer | Updating Mesh | Copying Mesh to device
Fra:1 Mem:13.71M (Peak 14.81M) | Time:00:00.00 | Mem:0.11M, Peak:0.11M | Scene, ViewLayer | Updating Objects Flags
Fra:1 Mem:13.71M (Peak 14.81M) | Time:00:00.00 | Mem:0.11M, Peak:0.11M | Scene, ViewLayer | Updating Primitive Offsets
Fra:1 Mem:13.71M (Peak 14.81M) | Time:00:00.00 | Mem:0.11M, Peak:0.11M | Scene, ViewLayer | Updating Images
Fra:1 Mem:13.71M (Peak 14.81M) | Time:00:00.00 | Mem:0.11M, Peak:0.11M | Scene, ViewLayer | Updating Camera Volume
Fra:1 Mem:13.71M (Peak 14.81M) | Time:00:00.00 | Mem:0.11M, Peak:0.11M | Scene, ViewLayer | Updating Lookup Tables
Fra:1 Mem:13.71M (Peak 14.81M) | Time:00:00.00 | Mem:0.19M, Peak:0.19M | Scene, ViewLayer | Updating Lights
Fra:1 Mem:13.71M (Peak 14.81M) | Time:00:00.00 | Mem:0.19M, Peak:0.19M | Scene, ViewLayer | Updating Lights | Computing tree
Fra:1 Mem:13.72M (Peak 14.81M) | Time:00:00.00 | Mem:0.19M, Peak:0.19M | Scene, ViewLayer | Updating Integrator
Fra:1 Mem:13.72M (Peak 14.81M) | Time:00:00.00 | Mem:0.19M, Peak:0.19M | Scene, ViewLayer | Updating Film
Fra:1 Mem:13.72M (Peak 14.81M) | Time:00:00.00 | Mem:0.11M, Peak:0.19M | Scene, ViewLayer | Updating Lookup Tables
Fra:1 Mem:13.72M (Peak 14.81M) | Time:00:00.00 | Mem:0.19M, Peak:0.19M | Scene, ViewLayer | Updating Baking
Fra:1 Mem:13.72M (Peak 14.81M) | Time:00:00.00 | Mem:0.19M, Peak:0.19M | Scene, ViewLayer | Updating Device | Writing constant memory
Fra:1 Mem:13.72M (Peak 14.81M) | Time:00:00.00 | Mem:0.19M, Peak:0.19M | Scene, ViewLayer | Sample 0/16
Fra:1 Mem:15.98M (Peak 15.98M) | Time:00:00.03 | Remaining:00:00.39 | Mem:2.44M, Peak:2.44M | Scene, ViewLayer | Sample 1/16
Fra:1 Mem:16.98M (Peak 18.98M) | Time:00:00.35 | Mem:2.44M, Peak:2.44M | Scene, ViewLayer | Sample 16/16
Fra:1 Mem:16.98M (Peak 18.98M) | Time:00:00.35 | Mem:2.44M, Peak:2.44M | Scene, ViewLayer | Finished
Saved: '/tmp/street-furniture-qa-4q7zi_2_/bollard.lod0.overcast.png'
Time: 00:00.36 (Saving: 00:00.00)

Extensions: writing cache failed ([Errno 30] Read-only file system: '/home/agent/.config/blender').
15:55:01 | INFO: Data are loaded, start creating Blender stuff
15:55:01 | INFO: Blender create Mesh node bollard-shell
15:55:01 | INFO: Blender create Mesh node reflective-band
15:55:01 | INFO: glTF import finished in 0.00s
Fra:1 Mem:14.73M (Peak 14.73M) | Time:00:00.00 | Mem:0.00M, Peak:0.00M | Scene, ViewLayer | Synchronizing object | metal
Fra:1 Mem:14.77M (Peak 14.77M) | Time:00:00.00 | Mem:0.00M, Peak:0.00M | Scene, ViewLayer | Synchronizing object | QA-ground-plane
Fra:1 Mem:14.79M (Peak 14.79M) | Time:00:00.00 | Mem:0.00M, Peak:0.00M | Scene, ViewLayer | Synchronizing object | QA-1m-ruler-tenth.009
Fra:1 Mem:14.77M (Peak 14.79M) | Time:00:00.00 | Mem:0.00M, Peak:0.00M | Scene, ViewLayer | Synchronizing object | QA-1m-ruler-tenth.008
Fra:1 Mem:14.76M (Peak 14.79M) | Time:00:00.00 | Mem:0.00M, Peak:0.00M | Scene, ViewLayer | Synchronizing object | diffuser
Fra:1 Mem:14.76M (Peak 14.79M) | Time:00:00.00 | Mem:0.00M, Peak:0.00M | Scene, ViewLayer | Synchronizing object | QA-1m-ruler-tenth.007
Fra:1 Mem:14.77M (Peak 14.79M) | Time:00:00.00 | Mem:0.00M, Peak:0.00M | Scene, ViewLayer | Synchronizing object | QA-1m-ruler-tenth.006
Fra:1 Mem:14.79M (Peak 14.79M) | Time:00:00.00 | Mem:0.00M, Peak:0.00M | Scene, ViewLayer | Synchronizing object | QA-1m-ruler-tenth.005
Fra:1 Mem:14.79M (Peak 14.79M) | Time:00:00.00 | Mem:0.00M, Peak:0.00M | Scene, ViewLayer | Synchronizing object | QA-1m-ruler-tenth.004
Fra:1 Mem:14.79M (Peak 14.79M) | Time:00:00.00 | Mem:0.00M, Peak:0.00M | Scene, ViewLayer | Synchronizing object | QA-1m-ruler-tenth.003
Fra:1 Mem:14.79M (Peak 14.79M) | Time:00:00.00 | Mem:0.00M, Peak:0.00M | Scene, ViewLayer | Synchronizing object | QA-1m-ruler-tenth.002
Fra:1 Mem:14.78M (Peak 14.79M) | Time:00:00.00 | Mem:0.00M, Peak:0.00M | Scene, ViewLayer | Synchronizing object | QA-human-torso
Fra:1 Mem:14.78M (Peak 14.79M) | Time:00:00.00 | Mem:0.00M, Peak:0.00M | Scene, ViewLayer | Synchronizing object | QA-1m-ruler-tenth.001
Fra:1 Mem:14.78M (Peak 14.79M) | Time:00:00.00 | Mem:0.00M, Peak:0.00M | Scene, ViewLayer | Synchronizing object | QA-human-neck
Fra:1 Mem:14.78M (Peak 14.79M) | Time:00:00.00 | Mem:0.00M, Peak:0.00M | Scene, ViewLayer | Synchronizing object | QA-1m-ruler-tenth
Fra:1 Mem:14.78M (Peak 14.79M) | Time:00:00.00 | Mem:0.00M, Peak:0.00M | Scene, ViewLayer | Synchronizing object | QA-human-leg
Fra:1 Mem:14.78M (Peak 14.79M) | Time:00:00.00 | Mem:0.00M, Peak:0.00M | Scene, ViewLayer | Synchronizing object | Sphere.001
Fra:1 Mem:14.78M (Peak 14.79M) | Time:00:00.00 | Mem:0.00M, Peak:0.00M | Scene, ViewLayer | Synchronizing object | QA-human-leg.001
Fra:1 Mem:14.79M (Peak 14.79M) | Time:00:00.00 | Mem:0.00M, Peak:0.00M | Scene, ViewLayer | Synchronizing object | QA-human-arm
Fra:1 Mem:14.79M (Peak 14.79M) | Time:00:00.00 | Mem:0.00M, Peak:0.00M | Scene, ViewLayer | Synchronizing object | QA-human-arm.003
Fra:1 Mem:14.79M (Peak 14.79M) | Time:00:00.00 | Mem:0.00M, Peak:0.00M | Scene, ViewLayer | Synchronizing object | QA-human-arm.001
Fra:1 Mem:14.80M (Peak 14.80M) | Time:00:00.00 | Mem:0.00M, Peak:0.00M | Scene, ViewLayer | Synchronizing object | QA-human-arm.002
Fra:1 Mem:14.80M (Peak 14.80M) | Time:00:00.00 | Mem:0.00M, Peak:0.00M | Scene, ViewLayer | Synchronizing object | Sphere
Fra:1 Mem:14.80M (Peak 14.80M) | Time:00:00.00 | Mem:0.00M, Peak:0.00M | Scene, ViewLayer | Synchronizing object | QA-human-leg.003
Fra:1 Mem:14.81M (Peak 14.81M) | Time:00:00.00 | Mem:0.00M, Peak:0.00M | Scene, ViewLayer | Synchronizing object | QA-human-leg.002
Fra:1 Mem:14.81M (Peak 14.81M) | Time:00:00.00 | Mem:0.00M, Peak:0.00M | Scene, ViewLayer | Synchronizing object | QA-human-torso.001
Fra:1 Mem:14.81M (Peak 14.81M) | Time:00:00.00 | Mem:0.00M, Peak:0.00M | Scene, ViewLayer | Synchronizing object | QA-human-neck.001
Fra:1 Mem:14.81M (Peak 14.81M) | Time:00:00.00 | Mem:0.00M, Peak:0.00M | Scene, ViewLayer | Initializing
Fra:1 Mem:13.56M (Peak 14.81M) | Time:00:00.00 | Mem:0.00M, Peak:0.00M | Scene, ViewLayer | Waiting for render to start
Fra:1 Mem:13.56M (Peak 14.81M) | Time:00:00.00 | Mem:0.00M, Peak:0.00M | Scene, ViewLayer | Loading render kernels (may take a few minutes the first time)
Fra:1 Mem:13.56M (Peak 14.81M) | Time:00:00.00 | Mem:0.00M, Peak:0.00M | Scene, ViewLayer | Updating Scene
Fra:1 Mem:13.56M (Peak 14.81M) | Time:00:00.00 | Mem:0.00M, Peak:0.00M | Scene, ViewLayer | Updating Shaders
Fra:1 Mem:13.65M (Peak 14.81M) | Time:00:00.00 | Mem:0.01M, Peak:0.01M | Scene, ViewLayer | Updating Procedurals
Fra:1 Mem:13.65M (Peak 14.81M) | Time:00:00.00 | Mem:0.01M, Peak:0.01M | Scene, ViewLayer | Updating Background
Fra:1 Mem:13.65M (Peak 14.81M) | Time:00:00.00 | Mem:0.01M, Peak:0.01M | Scene, ViewLayer | Updating Camera
Fra:1 Mem:13.65M (Peak 14.81M) | Time:00:00.00 | Mem:0.01M, Peak:0.01M | Scene, ViewLayer | Updating Meshes Flags
Fra:1 Mem:13.65M (Peak 14.81M) | Time:00:00.00 | Mem:0.01M, Peak:0.01M | Scene, ViewLayer | Updating Objects
Fra:1 Mem:13.65M (Peak 14.81M) | Time:00:00.00 | Mem:0.01M, Peak:0.01M | Scene, ViewLayer | Updating Objects | Copying Transformations to device
Fra:1 Mem:13.66M (Peak 14.81M) | Time:00:00.00 | Mem:0.01M, Peak:0.01M | Scene, ViewLayer | Updating Objects | Applying Static Transformations
Fra:1 Mem:13.66M (Peak 14.81M) | Time:00:00.00 | Mem:0.01M, Peak:0.01M | Scene, ViewLayer | Updating Particle Systems
Fra:1 Mem:13.66M (Peak 14.81M) | Time:00:00.00 | Mem:0.01M, Peak:0.01M | Scene, ViewLayer | Updating Particle Systems | Copying Particles to device
Fra:1 Mem:13.66M (Peak 14.81M) | Time:00:00.00 | Mem:0.01M, Peak:0.01M | Scene, ViewLayer | Updating Meshes
Fra:1 Mem:13.67M (Peak 14.81M) | Time:00:00.00 | Mem:0.01M, Peak:0.01M | Scene, ViewLayer | Updating Mesh | Computing attributes
Fra:1 Mem:13.68M (Peak 14.81M) | Time:00:00.00 | Mem:0.01M, Peak:0.01M | Scene, ViewLayer | Updating Mesh | Copying Attributes to device
Fra:1 Mem:13.68M (Peak 14.81M) | Time:00:00.00 | Mem:0.02M, Peak:0.02M | Scene, ViewLayer | Updating Scene BVH | Building
Fra:1 Mem:13.68M (Peak 14.81M) | Time:00:00.00 | Mem:0.02M, Peak:0.02M | Scene, ViewLayer | Updating Scene BVH | Building BVH
Fra:1 Mem:13.68M (Peak 14.81M) | Time:00:00.00 | Mem:0.04M, Peak:0.04M | Scene, ViewLayer | Updating Scene BVH | Building BVH 0%
Fra:1 Mem:13.68M (Peak 14.81M) | Time:00:00.00 | Mem:0.07M, Peak:0.09M | Scene, ViewLayer | Updating Scene BVH | Copying BVH to device
Fra:1 Mem:13.68M (Peak 14.81M) | Time:00:00.00 | Mem:0.07M, Peak:0.09M | Scene, ViewLayer | Updating Mesh | Computing normals
Fra:1 Mem:13.71M (Peak 14.81M) | Time:00:00.00 | Mem:0.07M, Peak:0.09M | Scene, ViewLayer | Updating Mesh | Copying Mesh to device
Fra:1 Mem:13.71M (Peak 14.81M) | Time:00:00.00 | Mem:0.11M, Peak:0.11M | Scene, ViewLayer | Updating Objects Flags
Fra:1 Mem:13.71M (Peak 14.81M) | Time:00:00.00 | Mem:0.11M, Peak:0.11M | Scene, ViewLayer | Updating Primitive Offsets
Fra:1 Mem:13.71M (Peak 14.81M) | Time:00:00.00 | Mem:0.11M, Peak:0.11M | Scene, ViewLayer | Updating Images
Fra:1 Mem:13.71M (Peak 14.81M) | Time:00:00.00 | Mem:0.11M, Peak:0.11M | Scene, ViewLayer | Updating Camera Volume
Fra:1 Mem:13.71M (Peak 14.81M) | Time:00:00.00 | Mem:0.11M, Peak:0.11M | Scene, ViewLayer | Updating Lookup Tables
Fra:1 Mem:13.71M (Peak 14.81M) | Time:00:00.00 | Mem:0.19M, Peak:0.19M | Scene, ViewLayer | Updating Lights
Fra:1 Mem:13.72M (Peak 14.81M) | Time:00:00.00 | Mem:0.19M, Peak:0.19M | Scene, ViewLayer | Updating Lights | Computing tree
Fra:1 Mem:13.72M (Peak 14.81M) | Time:00:00.00 | Mem:0.19M, Peak:0.19M | Scene, ViewLayer | Updating Integrator
Fra:1 Mem:13.72M (Peak 14.81M) | Time:00:00.00 | Mem:0.19M, Peak:0.19M | Scene, ViewLayer | Updating Film
Fra:1 Mem:13.72M (Peak 14.81M) | Time:00:00.00 | Mem:0.11M, Peak:0.19M | Scene, ViewLayer | Updating Lookup Tables
Fra:1 Mem:13.72M (Peak 14.81M) | Time:00:00.00 | Mem:0.19M, Peak:0.19M | Scene, ViewLayer | Updating Baking
Fra:1 Mem:13.72M (Peak 14.81M) | Time:00:00.00 | Mem:0.19M, Peak:0.19M | Scene, ViewLayer | Updating Device | Writing constant memory
Fra:1 Mem:13.72M (Peak 14.81M) | Time:00:00.00 | Mem:0.19M, Peak:0.19M | Scene, ViewLayer | Sample 0/16
Fra:1 Mem:15.98M (Peak 15.98M) | Time:00:00.03 | Remaining:00:00.44 | Mem:2.44M, Peak:2.44M | Scene, ViewLayer | Sample 1/16
Fra:1 Mem:16.98M (Peak 18.98M) | Time:00:00.38 | Mem:2.44M, Peak:2.44M | Scene, ViewLayer | Sample 16/16
Fra:1 Mem:16.98M (Peak 18.98M) | Time:00:00.38 | Mem:2.44M, Peak:2.44M | Scene, ViewLayer | Finished
Saved: '/tmp/street-furniture-qa-4q7zi_2_/bollard.lod0.dusk.png'
Time: 00:00.39 (Saving: 00:00.00)

Extensions: writing cache failed ([Errno 30] Read-only file system: '/home/agent/.config/blender').
15:55:01 | INFO: Data are loaded, start creating Blender stuff
15:55:01 | INFO: Blender create Mesh node bollard-shell
15:55:01 | INFO: Blender create Mesh node reflective-band
15:55:01 | INFO: glTF import finished in 0.00s
Fra:1 Mem:14.73M (Peak 14.73M) | Time:00:00.00 | Mem:0.00M, Peak:0.00M | Scene, ViewLayer | Synchronizing object | metal
Fra:1 Mem:14.76M (Peak 14.76M) | Time:00:00.00 | Mem:0.00M, Peak:0.00M | Scene, ViewLayer | Synchronizing object | QA-ground-plane
Fra:1 Mem:14.79M (Peak 14.79M) | Time:00:00.00 | Mem:0.00M, Peak:0.00M | Scene, ViewLayer | Synchronizing object | QA-1m-ruler-tenth.009
Fra:1 Mem:14.79M (Peak 14.79M) | Time:00:00.00 | Mem:0.00M, Peak:0.00M | Scene, ViewLayer | Synchronizing object | QA-1m-ruler-tenth.008
Fra:1 Mem:14.76M (Peak 14.79M) | Time:00:00.00 | Mem:0.00M, Peak:0.00M | Scene, ViewLayer | Synchronizing object | QA-1m-ruler-tenth.007
Fra:1 Mem:14.76M (Peak 14.79M) | Time:00:00.00 | Mem:0.00M, Peak:0.00M | Scene, ViewLayer | Synchronizing object | QA-1m-ruler-tenth.006
Fra:1 Mem:14.76M (Peak 14.79M) | Time:00:00.00 | Mem:0.00M, Peak:0.00M | Scene, ViewLayer | Synchronizing object | diffuser
Fra:1 Mem:14.77M (Peak 14.79M) | Time:00:00.00 | Mem:0.00M, Peak:0.00M | Scene, ViewLayer | Synchronizing object | QA-1m-ruler-tenth.005
Fra:1 Mem:14.77M (Peak 14.79M) | Time:00:00.00 | Mem:0.00M, Peak:0.00M | Scene, ViewLayer | Synchronizing object | QA-1m-ruler-tenth.004
Fra:1 Mem:14.79M (Peak 14.79M) | Time:00:00.00 | Mem:0.00M, Peak:0.00M | Scene, ViewLayer | Synchronizing object | QA-1m-ruler-tenth.003
Fra:1 Mem:14.80M (Peak 14.80M) | Time:00:00.00 | Mem:0.00M, Peak:0.00M | Scene, ViewLayer | Synchronizing object | QA-1m-ruler-tenth.002
Fra:1 Mem:14.78M (Peak 14.80M) | Time:00:00.00 | Mem:0.00M, Peak:0.00M | Scene, ViewLayer | Synchronizing object | QA-1m-ruler-tenth.001
Fra:1 Mem:14.79M (Peak 14.80M) | Time:00:00.00 | Mem:0.00M, Peak:0.00M | Scene, ViewLayer | Synchronizing object | QA-1m-ruler-tenth
Fra:1 Mem:14.78M (Peak 14.80M) | Time:00:00.00 | Mem:0.00M, Peak:0.00M | Scene, ViewLayer | Synchronizing object | QA-human-torso
Fra:1 Mem:14.78M (Peak 14.80M) | Time:00:00.00 | Mem:0.00M, Peak:0.00M | Scene, ViewLayer | Synchronizing object | QA-human-neck
Fra:1 Mem:14.79M (Peak 14.80M) | Time:00:00.00 | Mem:0.00M, Peak:0.00M | Scene, ViewLayer | Synchronizing object | QA-human-leg
Fra:1 Mem:14.79M (Peak 14.80M) | Time:00:00.00 | Mem:0.00M, Peak:0.00M | Scene, ViewLayer | Synchronizing object | QA-human-leg.001
Fra:1 Mem:14.79M (Peak 14.80M) | Time:00:00.00 | Mem:0.00M, Peak:0.00M | Scene, ViewLayer | Synchronizing object | QA-human-arm.003
Fra:1 Mem:14.79M (Peak 14.80M) | Time:00:00.00 | Mem:0.00M, Peak:0.00M | Scene, ViewLayer | Synchronizing object | QA-human-arm
Fra:1 Mem:14.79M (Peak 14.80M) | Time:00:00.00 | Mem:0.00M, Peak:0.00M | Scene, ViewLayer | Synchronizing object | QA-human-arm.002
Fra:1 Mem:14.80M (Peak 14.80M) | Time:00:00.00 | Mem:0.00M, Peak:0.00M | Scene, ViewLayer | Synchronizing object | QA-human-arm.001
Fra:1 Mem:14.80M (Peak 14.80M) | Time:00:00.00 | Mem:0.00M, Peak:0.00M | Scene, ViewLayer | Synchronizing object | QA-human-leg.003
Fra:1 Mem:14.80M (Peak 14.80M) | Time:00:00.00 | Mem:0.00M, Peak:0.00M | Scene, ViewLayer | Synchronizing object | Sphere
Fra:1 Mem:14.80M (Peak 14.80M) | Time:00:00.00 | Mem:0.00M, Peak:0.00M | Scene, ViewLayer | Synchronizing object | QA-human-leg.002
Fra:1 Mem:14.81M (Peak 14.81M) | Time:00:00.00 | Mem:0.00M, Peak:0.00M | Scene, ViewLayer | Synchronizing object | QA-human-neck.001
Fra:1 Mem:14.81M (Peak 14.81M) | Time:00:00.00 | Mem:0.00M, Peak:0.00M | Scene, ViewLayer | Synchronizing object | QA-human-torso.001
Fra:1 Mem:14.81M (Peak 14.81M) | Time:00:00.00 | Mem:0.00M, Peak:0.00M | Scene, ViewLayer | Initializing
Fra:1 Mem:13.56M (Peak 14.81M) | Time:00:00.00 | Mem:0.00M, Peak:0.00M | Scene, ViewLayer | Waiting for render to start
Fra:1 Mem:13.56M (Peak 14.81M) | Time:00:00.00 | Mem:0.00M, Peak:0.00M | Scene, ViewLayer | Loading render kernels (may take a few minutes the first time)
Fra:1 Mem:13.56M (Peak 14.81M) | Time:00:00.00 | Mem:0.00M, Peak:0.00M | Scene, ViewLayer | Updating Scene
Fra:1 Mem:13.56M (Peak 14.81M) | Time:00:00.00 | Mem:0.00M, Peak:0.00M | Scene, ViewLayer | Updating Shaders
Fra:1 Mem:13.65M (Peak 14.81M) | Time:00:00.00 | Mem:0.01M, Peak:0.01M | Scene, ViewLayer | Updating Procedurals
Fra:1 Mem:13.65M (Peak 14.81M) | Time:00:00.00 | Mem:0.01M, Peak:0.01M | Scene, ViewLayer | Updating Background
Fra:1 Mem:13.65M (Peak 14.81M) | Time:00:00.00 | Mem:0.01M, Peak:0.01M | Scene, ViewLayer | Updating Camera
Fra:1 Mem:13.65M (Peak 14.81M) | Time:00:00.00 | Mem:0.01M, Peak:0.01M | Scene, ViewLayer | Updating Meshes Flags
Fra:1 Mem:13.65M (Peak 14.81M) | Time:00:00.00 | Mem:0.01M, Peak:0.01M | Scene, ViewLayer | Updating Objects
Fra:1 Mem:13.65M (Peak 14.81M) | Time:00:00.00 | Mem:0.01M, Peak:0.01M | Scene, ViewLayer | Updating Objects | Copying Transformations to device
Fra:1 Mem:13.66M (Peak 14.81M) | Time:00:00.00 | Mem:0.01M, Peak:0.01M | Scene, ViewLayer | Updating Objects | Applying Static Transformations
Fra:1 Mem:13.66M (Peak 14.81M) | Time:00:00.00 | Mem:0.01M, Peak:0.01M | Scene, ViewLayer | Updating Particle Systems
Fra:1 Mem:13.66M (Peak 14.81M) | Time:00:00.00 | Mem:0.01M, Peak:0.01M | Scene, ViewLayer | Updating Particle Systems | Copying Particles to device
Fra:1 Mem:13.66M (Peak 14.81M) | Time:00:00.00 | Mem:0.01M, Peak:0.01M | Scene, ViewLayer | Updating Meshes
Fra:1 Mem:13.67M (Peak 14.81M) | Time:00:00.00 | Mem:0.01M, Peak:0.01M | Scene, ViewLayer | Updating Mesh | Computing attributes
Fra:1 Mem:13.68M (Peak 14.81M) | Time:00:00.00 | Mem:0.01M, Peak:0.01M | Scene, ViewLayer | Updating Mesh | Copying Attributes to device
Fra:1 Mem:13.68M (Peak 14.81M) | Time:00:00.00 | Mem:0.02M, Peak:0.02M | Scene, ViewLayer | Updating Scene BVH | Building
Fra:1 Mem:13.68M (Peak 14.81M) | Time:00:00.00 | Mem:0.02M, Peak:0.02M | Scene, ViewLayer | Updating Scene BVH | Building BVH
Fra:1 Mem:13.68M (Peak 14.81M) | Time:00:00.00 | Mem:0.04M, Peak:0.04M | Scene, ViewLayer | Updating Scene BVH | Building BVH 0%
Fra:1 Mem:13.68M (Peak 14.81M) | Time:00:00.00 | Mem:0.07M, Peak:0.09M | Scene, ViewLayer | Updating Scene BVH | Copying BVH to device
Fra:1 Mem:13.68M (Peak 14.81M) | Time:00:00.00 | Mem:0.07M, Peak:0.09M | Scene, ViewLayer | Updating Mesh | Computing normals
Fra:1 Mem:13.71M (Peak 14.81M) | Time:00:00.00 | Mem:0.07M, Peak:0.09M | Scene, ViewLayer | Updating Mesh | Copying Mesh to device
Fra:1 Mem:13.71M (Peak 14.81M) | Time:00:00.00 | Mem:0.11M, Peak:0.11M | Scene, ViewLayer | Updating Objects Flags
Fra:1 Mem:13.71M (Peak 14.81M) | Time:00:00.00 | Mem:0.11M, Peak:0.11M | Scene, ViewLayer | Updating Primitive Offsets
Fra:1 Mem:13.71M (Peak 14.81M) | Time:00:00.00 | Mem:0.11M, Peak:0.11M | Scene, ViewLayer | Updating Images
Fra:1 Mem:13.71M (Peak 14.81M) | Time:00:00.00 | Mem:0.11M, Peak:0.11M | Scene, ViewLayer | Updating Camera Volume
Fra:1 Mem:13.71M (Peak 14.81M) | Time:00:00.00 | Mem:0.11M, Peak:0.11M | Scene, ViewLayer | Updating Lookup Tables
Fra:1 Mem:13.71M (Peak 14.81M) | Time:00:00.00 | Mem:0.19M, Peak:0.19M | Scene, ViewLayer | Updating Lights
Fra:1 Mem:13.72M (Peak 14.81M) | Time:00:00.00 | Mem:0.19M, Peak:0.19M | Scene, ViewLayer | Updating Lights | Computing tree
Fra:1 Mem:13.72M (Peak 14.81M) | Time:00:00.00 | Mem:0.19M, Peak:0.19M | Scene, ViewLayer | Updating Integrator
Fra:1 Mem:13.72M (Peak 14.81M) | Time:00:00.00 | Mem:0.19M, Peak:0.19M | Scene, ViewLayer | Updating Film
Fra:1 Mem:13.72M (Peak 14.81M) | Time:00:00.00 | Mem:0.11M, Peak:0.19M | Scene, ViewLayer | Updating Lookup Tables
Fra:1 Mem:13.72M (Peak 14.81M) | Time:00:00.00 | Mem:0.19M, Peak:0.19M | Scene, ViewLayer | Updating Baking
Fra:1 Mem:13.72M (Peak 14.81M) | Time:00:00.00 | Mem:0.19M, Peak:0.19M | Scene, ViewLayer | Updating Device | Writing constant memory
Fra:1 Mem:13.72M (Peak 14.81M) | Time:00:00.00 | Mem:0.19M, Peak:0.19M | Scene, ViewLayer | Sample 0/16
Fra:1 Mem:15.98M (Peak 15.98M) | Time:00:00.03 | Remaining:00:00.45 | Mem:2.44M, Peak:2.44M | Scene, ViewLayer | Sample 1/16
Fra:1 Mem:16.98M (Peak 18.98M) | Time:00:00.35 | Mem:2.44M, Peak:2.44M | Scene, ViewLayer | Sample 16/16
Fra:1 Mem:16.98M (Peak 18.98M) | Time:00:00.35 | Mem:2.44M, Peak:2.44M | Scene, ViewLayer | Finished
Saved: '/tmp/street-furniture-qa-4q7zi_2_/bollard.lod0.night.png'
Time: 00:00.36 (Saving: 00:00.00)

RENDERED bollard
FURNITURE_AUDIT_COMPLETE

Blender quit
