Extensions: writing cache failed ([Errno 30] Read-only file system: '/home/agent/.config/blender').
08:33:59 | INFO: Data are loaded, start creating Blender stuff
08:33:59 | INFO: Blender create Mesh node Cube.117
08:33:59 | INFO: Blender create Mesh node Cube.001
08:33:59 | INFO: Blender create Mesh node Cube.129
08:33:59 | INFO: Blender create Mesh node Cube.071
08:33:59 | INFO: Blender create Mesh node Cube.318
08:33:59 | INFO: Blender create Mesh node Cube.316
08:33:59 | INFO: Blender create Mesh node Cube.074
08:33:59 | INFO: Blender create Mesh node Cube.059
08:33:59 | INFO: Blender create Mesh node Cube.060
08:33:59 | INFO: Blender create Mesh node Cube.004
08:33:59 | INFO: Blender create Mesh node Cube.003
08:33:59 | INFO: Blender create Mesh node shared-threshold-bridge-canada
08:33:59 | INFO: Blender create Mesh node shared-threshold-bridge-expo
08:33:59 | INFO: Blender create Mesh node Cube.130
08:33:59 | INFO: Blender create Mesh node Cube.176
08:33:59 | INFO: Blender create Mesh node Cube.177
08:33:59 | INFO: Blender create Mesh node Cube.198
08:33:59 | INFO: Blender create Mesh node Cube.219
08:33:59 | INFO: Blender create Mesh node Cube.240
08:33:59 | INFO: Blender create Mesh node Cube.270
08:33:59 | INFO: Blender create Mesh node Cube.272
08:33:59 | INFO: Blender create Mesh node Cube.274
08:33:59 | INFO: Blender create Mesh node Cube.265
08:33:59 | INFO: Blender create Mesh node Cube.269
08:33:59 | INFO: Blender create Mesh node Cube.271
08:33:59 | INFO: Blender create Mesh node Cube.273
08:33:59 | INFO: Blender create Mesh node Cube.267
08:33:59 | INFO: Blender create Mesh node Cube.268
08:33:59 | INFO: Blender create Mesh node Cube.266
08:33:59 | INFO: Blender create Mesh node Cube
08:33:59 | INFO: Blender create Mesh node Cube.072
08:33:59 | INFO: Blender create Mesh node Cube.073
08:33:59 | INFO: Blender create Mesh node Cube.095
08:33:59 | INFO: Blender create Mesh node Cube.126
08:33:59 | INFO: Blender create Mesh node Cube.121
08:33:59 | INFO: Blender create Mesh node Cube.125
08:33:59 | INFO: Blender create Mesh node Cube.123
08:33:59 | INFO: Blender create Mesh node Cube.124
08:33:59 | INFO: Blender create Mesh node Cube.122
08:33:59 | INFO: Blender create Mesh node Cube.278
08:33:59 | INFO: Blender create Mesh node Cube.279
08:33:59 | INFO: glTF import finished in 0.06s
Blender 4.3.2
Fra:1 Mem:17.17M (Peak 17.17M) | Time:00:00.00 | Mem:0.00M, Peak:0.00M | Scene, ViewLayer | Synchronizing object | batch-lift-shaft-steel
Fra:1 Mem:19.19M (Peak 19.19M) | Time:00:00.00 | Mem:0.00M, Peak:0.00M | Scene, ViewLayer | Synchronizing object | qa-human-head
Fra:1 Mem:19.19M (Peak 19.19M) | Time:00:00.00 | Mem:0.00M, Peak:0.00M | Scene, ViewLayer | Synchronizing object | qa-human-leg2
Fra:1 Mem:19.19M (Peak 19.19M) | Time:00:00.00 | Mem:0.00M, Peak:0.00M | Scene, ViewLayer | Synchronizing object | qa-human-leg1
Fra:1 Mem:19.19M (Peak 19.19M) | Time:00:00.00 | Mem:0.00M, Peak:0.00M | Scene, ViewLayer | Synchronizing object | qa-human-body
Fra:1 Mem:19.19M (Peak 19.19M) | Time:00:00.00 | Mem:0.00M, Peak:0.00M | Scene, ViewLayer | Synchronizing object | floor-waterfront-lobby-transfer-northsouth
Fra:1 Mem:19.24M (Peak 19.24M) | Time:00:00.00 | Mem:0.00M, Peak:0.00M | Scene, ViewLayer | Synchronizing object | floor-waterfront-lobby-transfer-eastwest
Fra:1 Mem:19.22M (Peak 19.24M) | Time:00:00.00 | Mem:0.00M, Peak:0.00M | Scene, ViewLayer | Synchronizing object | floor-waterfront-expo-lift-upper
Fra:1 Mem:19.23M (Peak 19.24M) | Time:00:00.00 | Mem:0.00M, Peak:0.00M | Scene, ViewLayer | Synchronizing object | floor-waterfront-expo-lift-top
Fra:1 Mem:19.21M (Peak 19.24M) | Time:00:00.00 | Mem:0.00M, Peak:0.00M | Scene, ViewLayer | Synchronizing object | floor-waterfront-expo-lift-side
Fra:1 Mem:19.22M (Peak 19.24M) | Time:00:00.00 | Mem:0.00M, Peak:0.00M | Scene, ViewLayer | Synchronizing object | batch-rail-steel
Fra:1 Mem:19.22M (Peak 19.24M) | Time:00:00.00 | Mem:0.00M, Peak:0.00M | Scene, ViewLayer | Synchronizing object | floor-waterfront-expo-lift-mid-1
Fra:1 Mem:19.24M (Peak 19.24M) | Time:00:00.00 | Mem:0.00M, Peak:0.00M | Scene, ViewLayer | Synchronizing object | floor-waterfront-expo-lift-lower
Fra:1 Mem:19.25M (Peak 19.25M) | Time:00:00.00 | Mem:0.00M, Peak:0.00M | Scene, ViewLayer | Synchronizing object | floor-waterfront-expo-lift-corridor-1
Fra:1 Mem:19.27M (Peak 19.27M) | Time:00:00.00 | Mem:0.00M, Peak:0.00M | Scene, ViewLayer | Synchronizing object | floor-waterfront-expo-landing-2
Fra:1 Mem:19.29M (Peak 19.29M) | Time:00:00.00 | Mem:0.00M, Peak:0.00M | Scene, ViewLayer | Synchronizing object | floor-waterfront-expo-landing-1
Fra:1 Mem:19.66M (Peak 19.66M) | Time:00:00.00 | Mem:0.00M, Peak:0.00M | Scene, ViewLayer | Synchronizing object | floor-waterfront-expo-landing
Fra:1 Mem:19.66M (Peak 19.66M) | Time:00:00.00 | Mem:0.00M, Peak:0.00M | Scene, ViewLayer | Synchronizing object | floor-waterfront-expo
Fra:1 Mem:19.66M (Peak 19.66M) | Time:00:00.00 | Mem:0.00M, Peak:0.00M | Scene, ViewLayer | Synchronizing object | floor-waterfront-canada-lift-upper
Fra:1 Mem:19.67M (Peak 19.67M) | Time:00:00.00 | Mem:0.00M, Peak:0.00M | Scene, ViewLayer | Synchronizing object | floor-waterfront-canada-lift-top
Fra:1 Mem:19.67M (Peak 19.67M) | Time:00:00.00 | Mem:0.00M, Peak:0.00M | Scene, ViewLayer | Synchronizing object | floor-waterfront-canada-lift-side
Fra:1 Mem:19.67M (Peak 19.67M) | Time:00:00.00 | Mem:0.00M, Peak:0.00M | Scene, ViewLayer | Synchronizing object | floor-waterfront-canada-lift-mid-3
Fra:1 Mem:19.69M (Peak 19.69M) | Time:00:00.00 | Mem:0.00M, Peak:0.00M | Scene, ViewLayer | Synchronizing object | floor-waterfront-canada-lift-mid-2
Fra:1 Mem:19.74M (Peak 19.74M) | Time:00:00.00 | Mem:0.00M, Peak:0.00M | Scene, ViewLayer | Synchronizing object | floor-waterfront-canada-lift-mid-1
Fra:1 Mem:19.76M (Peak 19.76M) | Time:00:00.00 | Mem:0.00M, Peak:0.00M | Scene, ViewLayer | Synchronizing object | floor-waterfront-canada-lift-lower
Fra:1 Mem:19.76M (Peak 19.76M) | Time:00:00.00 | Mem:0.00M, Peak:0.00M | Scene, ViewLayer | Synchronizing object | floor-waterfront-canada-lift-corridor-3
Fra:1 Mem:19.80M (Peak 19.80M) | Time:00:00.00 | Mem:0.00M, Peak:0.00M | Scene, ViewLayer | Synchronizing object | floor-waterfront-canada-lift-corridor-2
Fra:1 Mem:19.44M (Peak 19.80M) | Time:00:00.00 | Mem:0.00M, Peak:0.00M | Scene, ViewLayer | Synchronizing object | floor-waterfront-canada-lift-corridor-1
Fra:1 Mem:19.45M (Peak 19.80M) | Time:00:00.00 | Mem:0.00M, Peak:0.00M | Scene, ViewLayer | Synchronizing object | floor-waterfront-canada-landing-4
Fra:1 Mem:19.47M (Peak 19.80M) | Time:00:00.00 | Mem:0.00M, Peak:0.00M | Scene, ViewLayer | Synchronizing object | floor-waterfront-canada-landing-3
Fra:1 Mem:19.47M (Peak 19.80M) | Time:00:00.00 | Mem:0.00M, Peak:0.00M | Scene, ViewLayer | Synchronizing object | floor-waterfront-canada-landing-2
Fra:1 Mem:19.50M (Peak 19.80M) | Time:00:00.00 | Mem:0.00M, Peak:0.00M | Scene, ViewLayer | Synchronizing object | floor-waterfront-canada-landing-1
Fra:1 Mem:19.50M (Peak 19.80M) | Time:00:00.00 | Mem:0.00M, Peak:0.00M | Scene, ViewLayer | Synchronizing object | floor-waterfront-canada-landing
Fra:1 Mem:19.53M (Peak 19.80M) | Time:00:00.00 | Mem:0.00M, Peak:0.00M | Scene, ViewLayer | Synchronizing object | floor-waterfront-canada
Fra:1 Mem:19.69M (Peak 19.80M) | Time:00:00.00 | Mem:0.00M, Peak:0.00M | Scene, ViewLayer | Synchronizing object | bridge-waterfront-expo-eastbound-car1-door1
Fra:1 Mem:19.69M (Peak 19.80M) | Time:00:00.00 | Mem:0.00M, Peak:0.00M | Scene, ViewLayer | Synchronizing object | bridge-waterfront-canada-northbound-car1-door1
Fra:1 Mem:19.69M (Peak 19.80M) | Time:00:00.00 | Mem:0.00M, Peak:0.00M | Scene, ViewLayer | Synchronizing object | batch-trackbed-concrete
Fra:1 Mem:19.70M (Peak 19.80M) | Time:00:00.00 | Mem:0.00M, Peak:0.00M | Scene, ViewLayer | Synchronizing object | batch-static-yellow
Fra:1 Mem:19.48M (Peak 19.80M) | Time:00:00.01 | Mem:0.00M, Peak:0.00M | Scene, ViewLayer | Synchronizing object | batch-static-wood
Fra:1 Mem:19.54M (Peak 19.80M) | Time:00:00.01 | Mem:0.00M, Peak:0.00M | Scene, ViewLayer | Synchronizing object | batch-sign-canada
Fra:1 Mem:19.50M (Peak 19.80M) | Time:00:00.01 | Mem:0.00M, Peak:0.00M | Scene, ViewLayer | Synchronizing object | batch-static-steel
Fra:1 Mem:19.50M (Peak 19.80M) | Time:00:00.01 | Mem:0.00M, Peak:0.00M | Scene, ViewLayer | Synchronizing object | batch-sign-expo
Fra:1 Mem:19.59M (Peak 19.80M) | Time:00:00.01 | Mem:0.00M, Peak:0.00M | Scene, ViewLayer | Synchronizing object | batch-stair-tread-concrete
Fra:1 Mem:19.80M (Peak 19.80M) | Time:00:00.01 | Mem:0.00M, Peak:0.00M | Scene, ViewLayer | Initializing
Fra:1 Mem:16.85M (Peak 19.80M) | Time:00:00.01 | Mem:0.00M, Peak:0.00M | Scene, ViewLayer | Waiting for render to start
Fra:1 Mem:16.85M (Peak 19.80M) | Time:00:00.01 | Mem:0.00M, Peak:0.00M | Scene, ViewLayer | Loading render kernels (may take a few minutes the first time)
Fra:1 Mem:16.85M (Peak 19.80M) | Time:00:00.01 | Mem:0.00M, Peak:0.00M | Scene, ViewLayer | Updating Scene
Fra:1 Mem:16.85M (Peak 19.80M) | Time:00:00.01 | Mem:0.00M, Peak:0.00M | Scene, ViewLayer | Updating Shaders
Fra:1 Mem:16.94M (Peak 19.80M) | Time:00:00.01 | Mem:0.01M, Peak:0.01M | Scene, ViewLayer | Updating Procedurals
Fra:1 Mem:16.94M (Peak 19.80M) | Time:00:00.01 | Mem:0.01M, Peak:0.01M | Scene, ViewLayer | Updating Background
Fra:1 Mem:16.94M (Peak 19.80M) | Time:00:00.01 | Mem:0.01M, Peak:0.01M | Scene, ViewLayer | Updating Camera
Fra:1 Mem:16.94M (Peak 19.80M) | Time:00:00.01 | Mem:0.01M, Peak:0.01M | Scene, ViewLayer | Updating Meshes Flags
Fra:1 Mem:16.94M (Peak 19.80M) | Time:00:00.01 | Mem:0.01M, Peak:0.01M | Scene, ViewLayer | Updating Objects
Fra:1 Mem:16.94M (Peak 19.80M) | Time:00:00.01 | Mem:0.01M, Peak:0.01M | Scene, ViewLayer | Updating Objects | Copying Transformations to device
Fra:1 Mem:16.96M (Peak 19.80M) | Time:00:00.01 | Mem:0.02M, Peak:0.02M | Scene, ViewLayer | Updating Objects | Applying Static Transformations
Fra:1 Mem:16.96M (Peak 19.80M) | Time:00:00.01 | Mem:0.02M, Peak:0.02M | Scene, ViewLayer | Updating Particle Systems
Fra:1 Mem:16.96M (Peak 19.80M) | Time:00:00.01 | Mem:0.02M, Peak:0.02M | Scene, ViewLayer | Updating Particle Systems | Copying Particles to device
Fra:1 Mem:16.96M (Peak 19.80M) | Time:00:00.01 | Mem:0.02M, Peak:0.02M | Scene, ViewLayer | Updating Meshes
Fra:1 Mem:17.01M (Peak 19.80M) | Time:00:00.01 | Mem:0.02M, Peak:0.02M | Scene, ViewLayer | Updating Mesh | Computing attributes
Fra:1 Mem:17.14M (Peak 19.80M) | Time:00:00.01 | Mem:0.03M, Peak:0.03M | Scene, ViewLayer | Updating Mesh | Copying Attributes to device
Fra:1 Mem:17.13M (Peak 19.80M) | Time:00:00.01 | Mem:0.14M, Peak:0.14M | Scene, ViewLayer | Updating Geometry BVH shared-threshold-bridge-expo 2/2 | Building BVH
Fra:1 Mem:17.13M (Peak 19.80M) | Time:00:00.01 | Mem:0.14M, Peak:0.14M | Scene, ViewLayer | Updating Geometry BVH shared-threshold-bridge-canada 1/2 | Building BVH
Fra:1 Mem:17.13M (Peak 19.80M) | Time:00:00.01 | Mem:0.14M, Peak:0.14M | Scene, ViewLayer | Updating Geometry BVH shared-threshold-bridge-canada 1/2 | Building BVH 0%
Fra:1 Mem:17.13M (Peak 19.80M) | Time:00:00.01 | Mem:0.14M, Peak:0.15M | Scene, ViewLayer | Updating Scene BVH | Building
Fra:1 Mem:17.13M (Peak 19.80M) | Time:00:00.01 | Mem:0.14M, Peak:0.15M | Scene, ViewLayer | Updating Scene BVH | Building BVH
Fra:1 Mem:17.13M (Peak 19.80M) | Time:00:00.01 | Mem:0.40M, Peak:0.50M | Scene, ViewLayer | Updating Scene BVH | Copying BVH to device
Fra:1 Mem:17.13M (Peak 19.80M) | Time:00:00.01 | Mem:0.40M, Peak:0.50M | Scene, ViewLayer | Updating Mesh | Computing normals
Fra:1 Mem:17.51M (Peak 19.80M) | Time:00:00.01 | Mem:0.40M, Peak:0.50M | Scene, ViewLayer | Updating Mesh | Copying Mesh to device
Fra:1 Mem:17.51M (Peak 19.80M) | Time:00:00.01 | Mem:0.78M, Peak:0.78M | Scene, ViewLayer | Updating Objects Flags
Fra:1 Mem:17.51M (Peak 19.80M) | Time:00:00.01 | Mem:0.78M, Peak:0.78M | Scene, ViewLayer | Updating Primitive Offsets
Fra:1 Mem:17.51M (Peak 19.80M) | Time:00:00.01 | Mem:0.78M, Peak:0.78M | Scene, ViewLayer | Updating Images
Fra:1 Mem:17.51M (Peak 19.80M) | Time:00:00.01 | Mem:0.78M, Peak:0.78M | Scene, ViewLayer | Updating Camera Volume
Fra:1 Mem:17.51M (Peak 19.80M) | Time:00:00.01 | Mem:0.78M, Peak:0.78M | Scene, ViewLayer | Updating Lookup Tables
Fra:1 Mem:17.51M (Peak 19.80M) | Time:00:00.01 | Mem:0.86M, Peak:0.86M | Scene, ViewLayer | Updating Lights
Fra:1 Mem:17.51M (Peak 19.80M) | Time:00:00.01 | Mem:0.86M, Peak:0.86M | Scene, ViewLayer | Updating Lights | Computing tree
Fra:1 Mem:17.51M (Peak 19.80M) | Time:00:00.01 | Mem:0.86M, Peak:0.86M | Scene, ViewLayer | Updating Integrator
Fra:1 Mem:17.51M (Peak 19.80M) | Time:00:00.01 | Mem:0.86M, Peak:0.86M | Scene, ViewLayer | Updating Film
Fra:1 Mem:17.51M (Peak 19.80M) | Time:00:00.01 | Mem:0.78M, Peak:0.86M | Scene, ViewLayer | Updating Lookup Tables
Fra:1 Mem:17.51M (Peak 19.80M) | Time:00:00.01 | Mem:0.86M, Peak:0.86M | Scene, ViewLayer | Updating Baking
Fra:1 Mem:17.51M (Peak 19.80M) | Time:00:00.01 | Mem:0.86M, Peak:0.86M | Scene, ViewLayer | Updating Device | Writing constant memory
Fra:1 Mem:17.51M (Peak 19.80M) | Time:00:00.01 | Mem:0.86M, Peak:0.86M | Scene, ViewLayer | Sample 0/20
Fra:1 Mem:43.96M (Peak 43.96M) | Time:00:00.20 | Remaining:00:03.59 | Mem:27.30M, Peak:27.30M | Scene, ViewLayer | Sample 1/20
Fra:1 Mem:55.71M (Peak 79.21M) | Time:00:03.46 | Mem:27.30M, Peak:27.30M | Scene, ViewLayer | Sample 20/20
Fra:1 Mem:55.71M (Peak 79.21M) | Time:00:03.46 | Mem:27.30M, Peak:27.30M | Scene, ViewLayer | Finished
Saved: '/workspace/scratch/7c20b5ba4165/atlas-stage2-recovery/tools/assets/skytrain-stations-stage2/qa/previews/waterfront-cutaway.png'
Time: 00:03.79 (Saving: 00:00.32)

Fra:1 Mem:19.26M (Peak 19.26M) | Time:00:00.00 | Mem:0.00M, Peak:0.00M | Scene, ViewLayer | Synchronizing object | batch-lift-shaft-steel
Fra:1 Mem:19.28M (Peak 19.28M) | Time:00:00.00 | Mem:0.00M, Peak:0.00M | Scene, ViewLayer | Synchronizing object | batch-rail-steel
Fra:1 Mem:19.46M (Peak 19.46M) | Time:00:00.00 | Mem:0.00M, Peak:0.00M | Scene, ViewLayer | Synchronizing object | qa-human-head
Fra:1 Mem:19.48M (Peak 19.48M) | Time:00:00.00 | Mem:0.00M, Peak:0.00M | Scene, ViewLayer | Synchronizing object | qa-human-leg2
Fra:1 Mem:19.48M (Peak 19.48M) | Time:00:00.00 | Mem:0.00M, Peak:0.00M | Scene, ViewLayer | Synchronizing object | qa-human-leg1
Fra:1 Mem:19.48M (Peak 19.48M) | Time:00:00.00 | Mem:0.00M, Peak:0.00M | Scene, ViewLayer | Synchronizing object | qa-human-body
Fra:1 Mem:19.51M (Peak 19.51M) | Time:00:00.00 | Mem:0.00M, Peak:0.00M | Scene, ViewLayer | Synchronizing object | floor-waterfront-lobby-transfer-northsouth
Fra:1 Mem:19.51M (Peak 19.51M) | Time:00:00.00 | Mem:0.00M, Peak:0.00M | Scene, ViewLayer | Synchronizing object | floor-waterfront-lobby-transfer-eastwest
Fra:1 Mem:19.51M (Peak 19.51M) | Time:00:00.00 | Mem:0.00M, Peak:0.00M | Scene, ViewLayer | Synchronizing object | floor-waterfront-expo-lift-upper
Fra:1 Mem:19.51M (Peak 19.51M) | Time:00:00.00 | Mem:0.00M, Peak:0.00M | Scene, ViewLayer | Synchronizing object | floor-waterfront-expo-lift-top
Fra:1 Mem:19.54M (Peak 19.54M) | Time:00:00.00 | Mem:0.00M, Peak:0.00M | Scene, ViewLayer | Synchronizing object | floor-waterfront-expo-lift-side
Fra:1 Mem:19.56M (Peak 19.56M) | Time:00:00.00 | Mem:0.00M, Peak:0.00M | Scene, ViewLayer | Synchronizing object | floor-waterfront-expo-lift-mid-1
Fra:1 Mem:19.70M (Peak 19.70M) | Time:00:00.00 | Mem:0.00M, Peak:0.00M | Scene, ViewLayer | Synchronizing object | floor-waterfront-expo-lift-lower
Fra:1 Mem:19.71M (Peak 19.71M) | Time:00:00.00 | Mem:0.00M, Peak:0.00M | Scene, ViewLayer | Synchronizing object | floor-waterfront-expo-lift-corridor-1
Fra:1 Mem:19.71M (Peak 19.71M) | Time:00:00.00 | Mem:0.00M, Peak:0.00M | Scene, ViewLayer | Synchronizing object | floor-waterfront-expo-landing-2
Fra:1 Mem:19.71M (Peak 19.71M) | Time:00:00.00 | Mem:0.00M, Peak:0.00M | Scene, ViewLayer | Synchronizing object | floor-waterfront-expo-landing-1
Fra:1 Mem:19.71M (Peak 19.71M) | Time:00:00.00 | Mem:0.00M, Peak:0.00M | Scene, ViewLayer | Synchronizing object | floor-waterfront-expo-landing
Fra:1 Mem:19.64M (Peak 19.71M) | Time:00:00.00 | Mem:0.00M, Peak:0.00M | Scene, ViewLayer | Synchronizing object | floor-waterfront-expo
Fra:1 Mem:19.69M (Peak 19.71M) | Time:00:00.00 | Mem:0.00M, Peak:0.00M | Scene, ViewLayer | Synchronizing object | floor-waterfront-canada-lift-upper
Fra:1 Mem:19.53M (Peak 19.71M) | Time:00:00.00 | Mem:0.00M, Peak:0.00M | Scene, ViewLayer | Synchronizing object | floor-waterfront-canada-lift-top
Fra:1 Mem:19.53M (Peak 19.71M) | Time:00:00.00 | Mem:0.00M, Peak:0.00M | Scene, ViewLayer | Synchronizing object | floor-waterfront-canada-lift-side
Fra:1 Mem:19.49M (Peak 19.71M) | Time:00:00.00 | Mem:0.00M, Peak:0.00M | Scene, ViewLayer | Synchronizing object | batch-sign-canada
Fra:1 Mem:19.49M (Peak 19.71M) | Time:00:00.00 | Mem:0.00M, Peak:0.00M | Scene, ViewLayer | Synchronizing object | floor-waterfront-canada-lift-mid-3
Fra:1 Mem:19.49M (Peak 19.71M) | Time:00:00.00 | Mem:0.00M, Peak:0.00M | Scene, ViewLayer | Synchronizing object | floor-waterfront-canada-lift-mid-2
Fra:1 Mem:19.49M (Peak 19.71M) | Time:00:00.00 | Mem:0.00M, Peak:0.00M | Scene, ViewLayer | Synchronizing object | batch-sign-expo
Fra:1 Mem:19.49M (Peak 19.71M) | Time:00:00.00 | Mem:0.00M, Peak:0.00M | Scene, ViewLayer | Synchronizing object | floor-waterfront-canada-lift-mid-1
Fra:1 Mem:19.50M (Peak 19.71M) | Time:00:00.00 | Mem:0.00M, Peak:0.00M | Scene, ViewLayer | Synchronizing object | batch-stair-tread-concrete
Fra:1 Mem:19.50M (Peak 19.71M) | Time:00:00.00 | Mem:0.00M, Peak:0.00M | Scene, ViewLayer | Synchronizing object | floor-waterfront-canada-lift-lower
Fra:1 Mem:19.55M (Peak 19.71M) | Time:00:00.00 | Mem:0.00M, Peak:0.00M | Scene, ViewLayer | Synchronizing object | floor-waterfront-canada-lift-corridor-3
Fra:1 Mem:19.55M (Peak 19.71M) | Time:00:00.00 | Mem:0.00M, Peak:0.00M | Scene, ViewLayer | Synchronizing object | floor-waterfront-canada-lift-corridor-2
Fra:1 Mem:20.07M (Peak 20.07M) | Time:00:00.00 | Mem:0.00M, Peak:0.00M | Scene, ViewLayer | Synchronizing object | floor-waterfront-canada-lift-corridor-1
Fra:1 Mem:20.07M (Peak 20.07M) | Time:00:00.00 | Mem:0.00M, Peak:0.00M | Scene, ViewLayer | Synchronizing object | floor-waterfront-canada-landing-4
Fra:1 Mem:20.07M (Peak 20.07M) | Time:00:00.00 | Mem:0.00M, Peak:0.00M | Scene, ViewLayer | Synchronizing object | floor-waterfront-canada-landing-3
Fra:1 Mem:20.07M (Peak 20.07M) | Time:00:00.00 | Mem:0.00M, Peak:0.00M | Scene, ViewLayer | Synchronizing object | floor-waterfront-canada-landing-2
Fra:1 Mem:20.16M (Peak 20.16M) | Time:00:00.00 | Mem:0.00M, Peak:0.00M | Scene, ViewLayer | Synchronizing object | floor-waterfront-canada-landing-1
Fra:1 Mem:20.19M (Peak 20.19M) | Time:00:00.00 | Mem:0.00M, Peak:0.00M | Scene, ViewLayer | Synchronizing object | floor-waterfront-canada-landing
Fra:1 Mem:20.21M (Peak 20.21M) | Time:00:00.00 | Mem:0.00M, Peak:0.00M | Scene, ViewLayer | Synchronizing object | floor-waterfront-canada
Fra:1 Mem:20.21M (Peak 20.21M) | Time:00:00.00 | Mem:0.00M, Peak:0.00M | Scene, ViewLayer | Synchronizing object | bridge-waterfront-expo-eastbound-car1-door1
Fra:1 Mem:19.73M (Peak 20.21M) | Time:00:00.00 | Mem:0.00M, Peak:0.00M | Scene, ViewLayer | Synchronizing object | bridge-waterfront-canada-northbound-car1-door1
Fra:1 Mem:19.78M (Peak 20.21M) | Time:00:00.00 | Mem:0.00M, Peak:0.00M | Scene, ViewLayer | Synchronizing object | batch-trackbed-concrete
Fra:1 Mem:19.82M (Peak 20.21M) | Time:00:00.00 | Mem:0.00M, Peak:0.00M | Scene, ViewLayer | Synchronizing object | batch-static-yellow
Fra:1 Mem:20.09M (Peak 20.21M) | Time:00:00.00 | Mem:0.00M, Peak:0.00M | Scene, ViewLayer | Synchronizing object | batch-static-wood
Fra:1 Mem:20.07M (Peak 20.21M) | Time:00:00.00 | Mem:0.00M, Peak:0.00M | Scene, ViewLayer | Synchronizing object | batch-static-steel
Fra:1 Mem:19.80M (Peak 20.21M) | Time:00:00.00 | Mem:0.00M, Peak:0.00M | Scene, ViewLayer | Initializing
Fra:1 Mem:16.85M (Peak 20.21M) | Time:00:00.01 | Mem:0.00M, Peak:0.00M | Scene, ViewLayer | Waiting for render to start
Fra:1 Mem:16.85M (Peak 20.21M) | Time:00:00.01 | Mem:0.00M, Peak:0.00M | Scene, ViewLayer | Loading render kernels (may take a few minutes the first time)
Fra:1 Mem:16.85M (Peak 20.21M) | Time:00:00.01 | Mem:0.00M, Peak:0.00M | Scene, ViewLayer | Updating Scene
Fra:1 Mem:16.85M (Peak 20.21M) | Time:00:00.01 | Mem:0.00M, Peak:0.00M | Scene, ViewLayer | Updating Shaders
Fra:1 Mem:16.94M (Peak 20.21M) | Time:00:00.01 | Mem:0.01M, Peak:0.01M | Scene, ViewLayer | Updating Procedurals
Fra:1 Mem:16.94M (Peak 20.21M) | Time:00:00.01 | Mem:0.01M, Peak:0.01M | Scene, ViewLayer | Updating Background
Fra:1 Mem:16.94M (Peak 20.21M) | Time:00:00.01 | Mem:0.01M, Peak:0.01M | Scene, ViewLayer | Updating Camera
Fra:1 Mem:16.94M (Peak 20.21M) | Time:00:00.01 | Mem:0.01M, Peak:0.01M | Scene, ViewLayer | Updating Meshes Flags
Fra:1 Mem:16.94M (Peak 20.21M) | Time:00:00.01 | Mem:0.01M, Peak:0.01M | Scene, ViewLayer | Updating Objects
Fra:1 Mem:16.94M (Peak 20.21M) | Time:00:00.01 | Mem:0.01M, Peak:0.01M | Scene, ViewLayer | Updating Objects | Copying Transformations to device
Fra:1 Mem:16.96M (Peak 20.21M) | Time:00:00.01 | Mem:0.02M, Peak:0.02M | Scene, ViewLayer | Updating Objects | Applying Static Transformations
Fra:1 Mem:16.96M (Peak 20.21M) | Time:00:00.01 | Mem:0.02M, Peak:0.02M | Scene, ViewLayer | Updating Particle Systems
Fra:1 Mem:16.96M (Peak 20.21M) | Time:00:00.01 | Mem:0.02M, Peak:0.02M | Scene, ViewLayer | Updating Particle Systems | Copying Particles to device
Fra:1 Mem:16.96M (Peak 20.21M) | Time:00:00.01 | Mem:0.02M, Peak:0.02M | Scene, ViewLayer | Updating Meshes
Fra:1 Mem:17.01M (Peak 20.21M) | Time:00:00.01 | Mem:0.02M, Peak:0.02M | Scene, ViewLayer | Updating Mesh | Computing attributes
Fra:1 Mem:17.14M (Peak 20.21M) | Time:00:00.01 | Mem:0.03M, Peak:0.03M | Scene, ViewLayer | Updating Mesh | Copying Attributes to device
Fra:1 Mem:17.13M (Peak 20.21M) | Time:00:00.01 | Mem:0.14M, Peak:0.14M | Scene, ViewLayer | Updating Geometry BVH shared-threshold-bridge-expo 2/2 | Building BVH
Fra:1 Mem:17.13M (Peak 20.21M) | Time:00:00.01 | Mem:0.14M, Peak:0.14M | Scene, ViewLayer | Updating Geometry BVH shared-threshold-bridge-canada 1/2 | Building BVH
Fra:1 Mem:17.13M (Peak 20.21M) | Time:00:00.01 | Mem:0.14M, Peak:0.14M | Scene, ViewLayer | Updating Geometry BVH shared-threshold-bridge-canada 1/2 | Building BVH 0%
Fra:1 Mem:17.13M (Peak 20.21M) | Time:00:00.01 | Mem:0.14M, Peak:0.14M | Scene, ViewLayer | Updating Scene BVH | Building
Fra:1 Mem:17.13M (Peak 20.21M) | Time:00:00.01 | Mem:0.14M, Peak:0.14M | Scene, ViewLayer | Updating Scene BVH | Building BVH
Fra:1 Mem:17.13M (Peak 20.21M) | Time:00:00.01 | Mem:0.40M, Peak:0.50M | Scene, ViewLayer | Updating Scene BVH | Copying BVH to device
Fra:1 Mem:17.13M (Peak 20.21M) | Time:00:00.01 | Mem:0.40M, Peak:0.50M | Scene, ViewLayer | Updating Mesh | Computing normals
Fra:1 Mem:17.51M (Peak 20.21M) | Time:00:00.01 | Mem:0.40M, Peak:0.50M | Scene, ViewLayer | Updating Mesh | Copying Mesh to device
Fra:1 Mem:17.51M (Peak 20.21M) | Time:00:00.01 | Mem:0.78M, Peak:0.78M | Scene, ViewLayer | Updating Objects Flags
Fra:1 Mem:17.51M (Peak 20.21M) | Time:00:00.01 | Mem:0.78M, Peak:0.78M | Scene, ViewLayer | Updating Primitive Offsets
Fra:1 Mem:17.51M (Peak 20.21M) | Time:00:00.01 | Mem:0.78M, Peak:0.78M | Scene, ViewLayer | Updating Images
Fra:1 Mem:17.51M (Peak 20.21M) | Time:00:00.01 | Mem:0.78M, Peak:0.78M | Scene, ViewLayer | Updating Camera Volume
Fra:1 Mem:17.51M (Peak 20.21M) | Time:00:00.01 | Mem:0.78M, Peak:0.78M | Scene, ViewLayer | Updating Lookup Tables
Fra:1 Mem:17.51M (Peak 20.21M) | Time:00:00.01 | Mem:0.86M, Peak:0.86M | Scene, ViewLayer | Updating Lights
Fra:1 Mem:17.51M (Peak 20.21M) | Time:00:00.01 | Mem:0.86M, Peak:0.86M | Scene, ViewLayer | Updating Lights | Computing tree
Fra:1 Mem:17.51M (Peak 20.21M) | Time:00:00.01 | Mem:0.86M, Peak:0.86M | Scene, ViewLayer | Updating Integrator
Fra:1 Mem:17.51M (Peak 20.21M) | Time:00:00.01 | Mem:0.86M, Peak:0.86M | Scene, ViewLayer | Updating Film
Fra:1 Mem:17.51M (Peak 20.21M) | Time:00:00.01 | Mem:0.78M, Peak:0.86M | Scene, ViewLayer | Updating Lookup Tables
Fra:1 Mem:17.51M (Peak 20.21M) | Time:00:00.01 | Mem:0.86M, Peak:0.86M | Scene, ViewLayer | Updating Baking
Fra:1 Mem:17.51M (Peak 20.21M) | Time:00:00.01 | Mem:0.86M, Peak:0.86M | Scene, ViewLayer | Updating Device | Writing constant memory
Fra:1 Mem:17.51M (Peak 20.21M) | Time:00:00.01 | Mem:0.86M, Peak:0.86M | Scene, ViewLayer | Sample 0/20
Fra:1 Mem:37.30M (Peak 37.30M) | Time:00:00.35 | Remaining:00:06.51 | Mem:20.64M, Peak:20.64M | Scene, ViewLayer | Sample 1/20
Fra:1 Mem:46.09M (Peak 63.67M) | Time:00:06.66 | Mem:20.64M, Peak:20.64M | Scene, ViewLayer | Sample 20/20
Fra:1 Mem:46.09M (Peak 63.67M) | Time:00:06.66 | Mem:20.64M, Peak:20.64M | Scene, ViewLayer | Finished
Saved: '/workspace/scratch/7c20b5ba4165/atlas-stage2-recovery/tools/assets/skytrain-stations-stage2/qa/previews/waterfront-platform.png'
Time: 00:06.78 (Saving: 00:00.12)

Extensions: writing cache failed ([Errno 30] Read-only file system: '/home/agent/.config/blender').
08:34:10 | INFO: Data are loaded, start creating Blender stuff
08:34:10 | INFO: Blender create Mesh node Cube.102
08:34:10 | INFO: Blender create Mesh node Cube.001
08:34:10 | INFO: Blender create Mesh node Cube.116
08:34:10 | INFO: Blender create Mesh node Cube.042
08:34:10 | INFO: Blender create Mesh node Cube.301
08:34:10 | INFO: Blender create Mesh node Cube.046
08:34:10 | INFO: Blender create Mesh node Cube.030
08:34:10 | INFO: Blender create Mesh node Cube.031
08:34:10 | INFO: Blender create Mesh node Cube.004
08:34:10 | INFO: Blender create Mesh node Cube.003
08:34:10 | INFO: Blender create Mesh node Cube.043
08:34:10 | INFO: Blender create Mesh node shared-threshold-bridge-expo
08:34:10 | INFO: Blender create Mesh node Cube.117
08:34:10 | INFO: Blender create Mesh node Cube.161
08:34:10 | INFO: Blender create Mesh node Cube.162
08:34:10 | INFO: Blender create Mesh node Cube.186
08:34:10 | INFO: Blender create Mesh node Cube.210
08:34:10 | INFO: Blender create Mesh node Cube.234
08:34:10 | INFO: Blender create Mesh node Cube.267
08:34:10 | INFO: Blender create Mesh node Cube.269
08:34:10 | INFO: Blender create Mesh node Cube.271
08:34:10 | INFO: Blender create Mesh node Cube.262
08:34:10 | INFO: Blender create Mesh node Cube.266
08:34:10 | INFO: Blender create Mesh node Cube.268
08:34:10 | INFO: Blender create Mesh node Cube.270
08:34:10 | INFO: Blender create Mesh node Cube.264
08:34:10 | INFO: Blender create Mesh node Cube.265
08:34:10 | INFO: Blender create Mesh node Cube.263
08:34:10 | INFO: Blender create Mesh node Cube.275
08:34:10 | INFO: Blender create Mesh node Cube.276
08:34:10 | INFO: Blender create Mesh node Cube
08:34:10 | INFO: Blender create Mesh node Cube.044
08:34:10 | INFO: Blender create Mesh node Cube.045
08:34:10 | INFO: Blender create Mesh node Cube.064
08:34:10 | INFO: Blender create Mesh node Cube.083
08:34:10 | INFO: Blender create Mesh node Cube.111
08:34:10 | INFO: Blender create Mesh node Cube.113
08:34:10 | INFO: Blender create Mesh node Cube.106
08:34:10 | INFO: Blender create Mesh node Cube.110
08:34:10 | INFO: Blender create Mesh node Cube.112
08:34:10 | INFO: Blender create Mesh node Cube.108
08:34:10 | INFO: Blender create Mesh node Cube.109
08:34:10 | INFO: Blender create Mesh node Cube.107
08:34:10 | INFO: glTF import finished in 0.07s
Fra:1 Mem:18.44M (Peak 18.44M) | Time:00:00.01 | Mem:0.00M, Peak:0.00M | Scene, ViewLayer | Synchronizing object | batch-lift-shaft-steel
Fra:1 Mem:18.46M (Peak 18.46M) | Time:00:00.01 | Mem:0.00M, Peak:0.00M | Scene, ViewLayer | Synchronizing object | batch-rail-steel
Fra:1 Mem:18.60M (Peak 18.60M) | Time:00:00.01 | Mem:0.00M, Peak:0.00M | Scene, ViewLayer | Synchronizing object | qa-human-head
Fra:1 Mem:18.61M (Peak 18.61M) | Time:00:00.01 | Mem:0.00M, Peak:0.00M | Scene, ViewLayer | Synchronizing object | qa-human-leg2
Fra:1 Mem:18.63M (Peak 18.63M) | Time:00:00.01 | Mem:0.00M, Peak:0.00M | Scene, ViewLayer | Synchronizing object | qa-human-leg1
Fra:1 Mem:18.73M (Peak 18.73M) | Time:00:00.01 | Mem:0.00M, Peak:0.00M | Scene, ViewLayer | Synchronizing object | qa-human-body
Fra:1 Mem:18.73M (Peak 18.73M) | Time:00:00.01 | Mem:0.00M, Peak:0.00M | Scene, ViewLayer | Synchronizing object | floor-burrard-upper-lift-upper
Fra:1 Mem:18.73M (Peak 18.73M) | Time:00:00.01 | Mem:0.00M, Peak:0.00M | Scene, ViewLayer | Synchronizing object | floor-burrard-upper-lift-top
Fra:1 Mem:18.68M (Peak 18.73M) | Time:00:00.01 | Mem:0.00M, Peak:0.00M | Scene, ViewLayer | Synchronizing object | floor-burrard-upper-lift-side
Fra:1 Mem:18.60M (Peak 18.73M) | Time:00:00.01 | Mem:0.00M, Peak:0.00M | Scene, ViewLayer | Synchronizing object | batch-sign-expo
Fra:1 Mem:18.61M (Peak 18.73M) | Time:00:00.01 | Mem:0.00M, Peak:0.00M | Scene, ViewLayer | Synchronizing object | floor-burrard-upper-lift-mid-2
Fra:1 Mem:18.60M (Peak 18.73M) | Time:00:00.01 | Mem:0.00M, Peak:0.00M | Scene, ViewLayer | Synchronizing object | floor-burrard-upper-lift-mid-1
Fra:1 Mem:18.60M (Peak 18.73M) | Time:00:00.01 | Mem:0.00M, Peak:0.00M | Scene, ViewLayer | Synchronizing object | batch-stair-tread-concrete
Fra:1 Mem:18.61M (Peak 18.73M) | Time:00:00.01 | Mem:0.00M, Peak:0.00M | Scene, ViewLayer | Synchronizing object | floor-burrard-upper-lift-lower
Fra:1 Mem:18.64M (Peak 18.73M) | Time:00:00.01 | Mem:0.00M, Peak:0.00M | Scene, ViewLayer | Synchronizing object | floor-burrard-upper-lift-corridor-2
Fra:1 Mem:18.65M (Peak 18.73M) | Time:00:00.01 | Mem:0.00M, Peak:0.00M | Scene, ViewLayer | Synchronizing object | floor-burrard-upper-lift-corridor-1
Fra:1 Mem:18.69M (Peak 18.73M) | Time:00:00.01 | Mem:0.00M, Peak:0.00M | Scene, ViewLayer | Synchronizing object | floor-burrard-upper-landing-3
Fra:1 Mem:18.69M (Peak 18.73M) | Time:00:00.01 | Mem:0.00M, Peak:0.00M | Scene, ViewLayer | Synchronizing object | floor-burrard-upper-landing-2
Fra:1 Mem:18.70M (Peak 18.73M) | Time:00:00.01 | Mem:0.00M, Peak:0.00M | Scene, ViewLayer | Synchronizing object | floor-burrard-upper-landing-1
Fra:1 Mem:19.33M (Peak 19.33M) | Time:00:00.01 | Mem:0.00M, Peak:0.00M | Scene, ViewLayer | Synchronizing object | floor-burrard-upper-landing
Fra:1 Mem:19.34M (Peak 19.34M) | Time:00:00.01 | Mem:0.00M, Peak:0.00M | Scene, ViewLayer | Synchronizing object | floor-burrard-upper
Fra:1 Mem:19.34M (Peak 19.34M) | Time:00:00.01 | Mem:0.00M, Peak:0.00M | Scene, ViewLayer | Synchronizing object | floor-burrard-street-plaza-northsouth
Fra:1 Mem:19.34M (Peak 19.34M) | Time:00:00.01 | Mem:0.00M, Peak:0.00M | Scene, ViewLayer | Synchronizing object | floor-burrard-street-plaza-eastwest
Fra:1 Mem:19.34M (Peak 19.34M) | Time:00:00.01 | Mem:0.00M, Peak:0.00M | Scene, ViewLayer | Synchronizing object | floor-burrard-lower-lift-upper
Fra:1 Mem:19.38M (Peak 19.38M) | Time:00:00.01 | Mem:0.00M, Peak:0.00M | Scene, ViewLayer | Synchronizing object | floor-burrard-lower-lift-top
Fra:1 Mem:19.48M (Peak 19.48M) | Time:00:00.01 | Mem:0.00M, Peak:0.00M | Scene, ViewLayer | Synchronizing object | floor-burrard-lower-lift-side
Fra:1 Mem:19.48M (Peak 19.48M) | Time:00:00.01 | Mem:0.00M, Peak:0.00M | Scene, ViewLayer | Synchronizing object | floor-burrard-lower-lift-mid-3
Fra:1 Mem:19.54M (Peak 19.54M) | Time:00:00.01 | Mem:0.00M, Peak:0.00M | Scene, ViewLayer | Synchronizing object | floor-burrard-lower-lift-mid-2
Fra:1 Mem:18.85M (Peak 19.54M) | Time:00:00.01 | Mem:0.00M, Peak:0.00M | Scene, ViewLayer | Synchronizing object | floor-burrard-lower-lift-mid-1
Fra:1 Mem:18.85M (Peak 19.54M) | Time:00:00.01 | Mem:0.00M, Peak:0.00M | Scene, ViewLayer | Synchronizing object | floor-burrard-lower-lift-lower
Fra:1 Mem:18.85M (Peak 19.54M) | Time:00:00.01 | Mem:0.00M, Peak:0.00M | Scene, ViewLayer | Synchronizing object | floor-burrard-lower-lift-corridor-3
Fra:1 Mem:18.85M (Peak 19.54M) | Time:00:00.01 | Mem:0.00M, Peak:0.00M | Scene, ViewLayer | Synchronizing object | floor-burrard-lower-lift-corridor-2
Fra:1 Mem:18.86M (Peak 19.54M) | Time:00:00.01 | Mem:0.00M, Peak:0.00M | Scene, ViewLayer | Synchronizing object | floor-burrard-lower-lift-corridor-1
Fra:1 Mem:18.94M (Peak 19.54M) | Time:00:00.01 | Mem:0.00M, Peak:0.00M | Scene, ViewLayer | Synchronizing object | floor-burrard-lower-landing-4
Fra:1 Mem:19.00M (Peak 19.54M) | Time:00:00.01 | Mem:0.00M, Peak:0.00M | Scene, ViewLayer | Synchronizing object | floor-burrard-lower-landing-3
Fra:1 Mem:19.00M (Peak 19.54M) | Time:00:00.01 | Mem:0.00M, Peak:0.00M | Scene, ViewLayer | Synchronizing object | floor-burrard-lower-landing-2
Fra:1 Mem:19.05M (Peak 19.54M) | Time:00:00.01 | Mem:0.00M, Peak:0.00M | Scene, ViewLayer | Synchronizing object | floor-burrard-lower-landing-1
Fra:1 Mem:19.05M (Peak 19.54M) | Time:00:00.01 | Mem:0.00M, Peak:0.00M | Scene, ViewLayer | Synchronizing object | floor-burrard-lower-landing
Fra:1 Mem:19.05M (Peak 19.54M) | Time:00:00.01 | Mem:0.00M, Peak:0.00M | Scene, ViewLayer | Synchronizing object | floor-burrard-lower
Fra:1 Mem:19.05M (Peak 19.54M) | Time:00:00.01 | Mem:0.00M, Peak:0.00M | Scene, ViewLayer | Synchronizing object | bridge-burrard-lower-eastbound-car1-door1
Fra:1 Mem:19.09M (Peak 19.54M) | Time:00:00.01 | Mem:0.00M, Peak:0.00M | Scene, ViewLayer | Synchronizing object | batch-trackbed-concrete
Fra:1 Mem:19.37M (Peak 19.54M) | Time:00:00.01 | Mem:0.00M, Peak:0.00M | Scene, ViewLayer | Synchronizing object | batch-static-yellow
Fra:1 Mem:19.37M (Peak 19.54M) | Time:00:00.01 | Mem:0.00M, Peak:0.00M | Scene, ViewLayer | Synchronizing object | batch-static-wood
Fra:1 Mem:19.20M (Peak 19.54M) | Time:00:00.01 | Mem:0.00M, Peak:0.00M | Scene, ViewLayer | Synchronizing object | batch-static-steel
Fra:1 Mem:19.04M (Peak 19.54M) | Time:00:00.01 | Mem:0.00M, Peak:0.00M | Scene, ViewLayer | Initializing
Fra:1 Mem:16.48M (Peak 19.54M) | Time:00:00.01 | Mem:0.00M, Peak:0.00M | Scene, ViewLayer | Waiting for render to start
Fra:1 Mem:16.48M (Peak 19.54M) | Time:00:00.01 | Mem:0.00M, Peak:0.00M | Scene, ViewLayer | Loading render kernels (may take a few minutes the first time)
Fra:1 Mem:16.48M (Peak 19.54M) | Time:00:00.01 | Mem:0.00M, Peak:0.00M | Scene, ViewLayer | Updating Scene
Fra:1 Mem:16.48M (Peak 19.54M) | Time:00:00.01 | Mem:0.00M, Peak:0.00M | Scene, ViewLayer | Updating Shaders
Fra:1 Mem:16.56M (Peak 19.54M) | Time:00:00.01 | Mem:0.00M, Peak:0.00M | Scene, ViewLayer | Updating Procedurals
Fra:1 Mem:16.56M (Peak 19.54M) | Time:00:00.01 | Mem:0.00M, Peak:0.00M | Scene, ViewLayer | Updating Background
Fra:1 Mem:16.56M (Peak 19.54M) | Time:00:00.01 | Mem:0.00M, Peak:0.00M | Scene, ViewLayer | Updating Camera
Fra:1 Mem:16.56M (Peak 19.54M) | Time:00:00.01 | Mem:0.00M, Peak:0.00M | Scene, ViewLayer | Updating Meshes Flags
Fra:1 Mem:16.56M (Peak 19.54M) | Time:00:00.01 | Mem:0.00M, Peak:0.00M | Scene, ViewLayer | Updating Objects
Fra:1 Mem:16.56M (Peak 19.54M) | Time:00:00.01 | Mem:0.00M, Peak:0.00M | Scene, ViewLayer | Updating Objects | Copying Transformations to device
Fra:1 Mem:16.58M (Peak 19.54M) | Time:00:00.01 | Mem:0.02M, Peak:0.02M | Scene, ViewLayer | Updating Objects | Applying Static Transformations
Fra:1 Mem:16.58M (Peak 19.54M) | Time:00:00.01 | Mem:0.02M, Peak:0.02M | Scene, ViewLayer | Updating Particle Systems
Fra:1 Mem:16.58M (Peak 19.54M) | Time:00:00.01 | Mem:0.02M, Peak:0.02M | Scene, ViewLayer | Updating Particle Systems | Copying Particles to device
Fra:1 Mem:16.58M (Peak 19.54M) | Time:00:00.01 | Mem:0.02M, Peak:0.02M | Scene, ViewLayer | Updating Meshes
Fra:1 Mem:16.63M (Peak 19.54M) | Time:00:00.01 | Mem:0.02M, Peak:0.02M | Scene, ViewLayer | Updating Mesh | Computing attributes
Fra:1 Mem:16.75M (Peak 19.54M) | Time:00:00.01 | Mem:0.02M, Peak:0.02M | Scene, ViewLayer | Updating Mesh | Copying Attributes to device
Fra:1 Mem:16.75M (Peak 19.54M) | Time:00:00.01 | Mem:0.14M, Peak:0.14M | Scene, ViewLayer | Updating Geometry BVH shared-threshold-bridge-expo 1/1 | Building BVH
Fra:1 Mem:16.75M (Peak 19.54M) | Time:00:00.01 | Mem:0.14M, Peak:0.14M | Scene, ViewLayer | Updating Geometry BVH shared-threshold-bridge-expo 1/1 | Building BVH 0%
Fra:1 Mem:16.75M (Peak 19.54M) | Time:00:00.01 | Mem:0.14M, Peak:0.14M | Scene, ViewLayer | Updating Scene BVH | Building
Fra:1 Mem:16.75M (Peak 19.54M) | Time:00:00.01 | Mem:0.14M, Peak:0.14M | Scene, ViewLayer | Updating Scene BVH | Building BVH
Fra:1 Mem:16.75M (Peak 19.54M) | Time:00:00.01 | Mem:0.38M, Peak:0.48M | Scene, ViewLayer | Updating Scene BVH | Copying BVH to device
Fra:1 Mem:16.75M (Peak 19.54M) | Time:00:00.01 | Mem:0.38M, Peak:0.48M | Scene, ViewLayer | Updating Mesh | Computing normals
Fra:1 Mem:17.11M (Peak 19.54M) | Time:00:00.01 | Mem:0.38M, Peak:0.48M | Scene, ViewLayer | Updating Mesh | Copying Mesh to device
Fra:1 Mem:17.11M (Peak 19.54M) | Time:00:00.01 | Mem:0.75M, Peak:0.75M | Scene, ViewLayer | Updating Objects Flags
Fra:1 Mem:17.11M (Peak 19.54M) | Time:00:00.01 | Mem:0.75M, Peak:0.75M | Scene, ViewLayer | Updating Primitive Offsets
Fra:1 Mem:17.11M (Peak 19.54M) | Time:00:00.01 | Mem:0.75M, Peak:0.75M | Scene, ViewLayer | Updating Images
Fra:1 Mem:17.11M (Peak 19.54M) | Time:00:00.01 | Mem:0.75M, Peak:0.75M | Scene, ViewLayer | Updating Camera Volume
Fra:1 Mem:17.11M (Peak 19.54M) | Time:00:00.01 | Mem:0.75M, Peak:0.75M | Scene, ViewLayer | Updating Lookup Tables
Fra:1 Mem:17.11M (Peak 19.54M) | Time:00:00.01 | Mem:0.83M, Peak:0.83M | Scene, ViewLayer | Updating Lights
Fra:1 Mem:17.11M (Peak 19.54M) | Time:00:00.01 | Mem:0.83M, Peak:0.83M | Scene, ViewLayer | Updating Lights | Computing tree
Fra:1 Mem:17.11M (Peak 19.54M) | Time:00:00.01 | Mem:0.83M, Peak:0.83M | Scene, ViewLayer | Updating Integrator
Fra:1 Mem:17.11M (Peak 19.54M) | Time:00:00.01 | Mem:0.83M, Peak:0.83M | Scene, ViewLayer | Updating Film
Fra:1 Mem:17.12M (Peak 19.54M) | Time:00:00.01 | Mem:0.75M, Peak:0.83M | Scene, ViewLayer | Updating Lookup Tables
Fra:1 Mem:17.12M (Peak 19.54M) | Time:00:00.01 | Mem:0.84M, Peak:0.84M | Scene, ViewLayer | Updating Baking
Fra:1 Mem:17.12M (Peak 19.54M) | Time:00:00.01 | Mem:0.84M, Peak:0.84M | Scene, ViewLayer | Updating Device | Writing constant memory
Fra:1 Mem:17.12M (Peak 19.54M) | Time:00:00.01 | Mem:0.84M, Peak:0.84M | Scene, ViewLayer | Sample 0/20
Fra:1 Mem:43.56M (Peak 43.56M) | Time:00:00.16 | Remaining:00:02.88 | Mem:27.27M, Peak:27.27M | Scene, ViewLayer | Sample 1/20
Fra:1 Mem:55.31M (Peak 78.81M) | Time:00:02.66 | Mem:27.27M, Peak:27.27M | Scene, ViewLayer | Sample 20/20
Fra:1 Mem:55.31M (Peak 78.81M) | Time:00:02.66 | Mem:27.27M, Peak:27.27M | Scene, ViewLayer | Finished
Saved: '/workspace/scratch/7c20b5ba4165/atlas-stage2-recovery/tools/assets/skytrain-stations-stage2/qa/previews/burrard-cutaway.png'
Time: 00:02.80 (Saving: 00:00.14)

Fra:1 Mem:18.53M (Peak 18.53M) | Time:00:00.00 | Mem:0.00M, Peak:0.00M | Scene, ViewLayer | Synchronizing object | batch-lift-shaft-steel
Fra:1 Mem:18.55M (Peak 18.55M) | Time:00:00.00 | Mem:0.00M, Peak:0.00M | Scene, ViewLayer | Synchronizing object | batch-rail-steel
Fra:1 Mem:18.81M (Peak 18.81M) | Time:00:00.00 | Mem:0.00M, Peak:0.00M | Scene, ViewLayer | Synchronizing object | qa-human-head
Fra:1 Mem:18.85M (Peak 18.85M) | Time:00:00.00 | Mem:0.00M, Peak:0.00M | Scene, ViewLayer | Synchronizing object | qa-human-leg2
Fra:1 Mem:18.86M (Peak 18.86M) | Time:00:00.00 | Mem:0.00M, Peak:0.00M | Scene, ViewLayer | Synchronizing object | qa-human-leg1
Fra:1 Mem:18.88M (Peak 18.88M) | Time:00:00.00 | Mem:0.00M, Peak:0.00M | Scene, ViewLayer | Synchronizing object | qa-human-body
Fra:1 Mem:18.86M (Peak 18.88M) | Time:00:00.00 | Mem:0.00M, Peak:0.00M | Scene, ViewLayer | Synchronizing object | floor-burrard-upper-lift-upper
Fra:1 Mem:18.69M (Peak 18.88M) | Time:00:00.00 | Mem:0.00M, Peak:0.00M | Scene, ViewLayer | Synchronizing object | floor-burrard-upper-lift-top
Fra:1 Mem:18.80M (Peak 18.88M) | Time:00:00.00 | Mem:0.00M, Peak:0.00M | Scene, ViewLayer | Synchronizing object | floor-burrard-upper-lift-side
Fra:1 Mem:18.81M (Peak 18.88M) | Time:00:00.00 | Mem:0.00M, Peak:0.00M | Scene, ViewLayer | Synchronizing object | floor-burrard-upper-lift-mid-2
Fra:1 Mem:18.81M (Peak 18.88M) | Time:00:00.00 | Mem:0.00M, Peak:0.00M | Scene, ViewLayer | Synchronizing object | floor-burrard-upper-lift-mid-1
Fra:1 Mem:18.81M (Peak 18.88M) | Time:00:00.00 | Mem:0.00M, Peak:0.00M | Scene, ViewLayer | Synchronizing object | floor-burrard-upper-lift-lower
Fra:1 Mem:18.80M (Peak 18.88M) | Time:00:00.00 | Mem:0.00M, Peak:0.00M | Scene, ViewLayer | Synchronizing object | floor-burrard-upper-lift-corridor-2
Fra:1 Mem:18.70M (Peak 18.88M) | Time:00:00.00 | Mem:0.00M, Peak:0.00M | Scene, ViewLayer | Synchronizing object | floor-burrard-upper-lift-corridor-1
Fra:1 Mem:18.70M (Peak 18.88M) | Time:00:00.00 | Mem:0.00M, Peak:0.00M | Scene, ViewLayer | Synchronizing object | floor-burrard-upper-landing-3
Fra:1 Mem:18.70M (Peak 18.88M) | Time:00:00.00 | Mem:0.00M, Peak:0.00M | Scene, ViewLayer | Synchronizing object | floor-burrard-upper-landing-2
Fra:1 Mem:18.68M (Peak 18.88M) | Time:00:00.00 | Mem:0.00M, Peak:0.00M | Scene, ViewLayer | Synchronizing object | batch-sign-expo
Fra:1 Mem:18.68M (Peak 18.88M) | Time:00:00.00 | Mem:0.00M, Peak:0.00M | Scene, ViewLayer | Synchronizing object | floor-burrard-upper-landing-1
Fra:1 Mem:18.69M (Peak 18.88M) | Time:00:00.00 | Mem:0.00M, Peak:0.00M | Scene, ViewLayer | Synchronizing object | floor-burrard-upper-landing
Fra:1 Mem:18.69M (Peak 18.88M) | Time:00:00.00 | Mem:0.00M, Peak:0.00M | Scene, ViewLayer | Synchronizing object | batch-stair-tread-concrete
Fra:1 Mem:18.69M (Peak 18.88M) | Time:00:00.00 | Mem:0.00M, Peak:0.00M | Scene, ViewLayer | Synchronizing object | floor-burrard-upper
Fra:1 Mem:18.74M (Peak 18.88M) | Time:00:00.00 | Mem:0.00M, Peak:0.00M | Scene, ViewLayer | Synchronizing object | floor-burrard-street-plaza-northsouth
Fra:1 Mem:18.75M (Peak 18.88M) | Time:00:00.00 | Mem:0.00M, Peak:0.00M | Scene, ViewLayer | Synchronizing object | floor-burrard-street-plaza-eastwest
Fra:1 Mem:18.75M (Peak 18.88M) | Time:00:00.00 | Mem:0.00M, Peak:0.00M | Scene, ViewLayer | Synchronizing object | floor-burrard-lower-lift-upper
Fra:1 Mem:19.37M (Peak 19.37M) | Time:00:00.00 | Mem:0.00M, Peak:0.00M | Scene, ViewLayer | Synchronizing object | floor-burrard-lower-lift-top
Fra:1 Mem:19.37M (Peak 19.37M) | Time:00:00.00 | Mem:0.00M, Peak:0.00M | Scene, ViewLayer | Synchronizing object | floor-burrard-lower-lift-side
Fra:1 Mem:19.37M (Peak 19.37M) | Time:00:00.00 | Mem:0.00M, Peak:0.00M | Scene, ViewLayer | Synchronizing object | floor-burrard-lower-lift-mid-3
Fra:1 Mem:19.37M (Peak 19.37M) | Time:00:00.00 | Mem:0.00M, Peak:0.00M | Scene, ViewLayer | Synchronizing object | floor-burrard-lower-lift-mid-2
Fra:1 Mem:19.38M (Peak 19.38M) | Time:00:00.00 | Mem:0.00M, Peak:0.00M | Scene, ViewLayer | Synchronizing object | floor-burrard-lower-lift-mid-1
Fra:1 Mem:19.41M (Peak 19.41M) | Time:00:00.00 | Mem:0.00M, Peak:0.00M | Scene, ViewLayer | Synchronizing object | floor-burrard-lower-lift-lower
Fra:1 Mem:19.41M (Peak 19.41M) | Time:00:00.00 | Mem:0.00M, Peak:0.00M | Scene, ViewLayer | Synchronizing object | floor-burrard-lower-lift-corridor-3
Fra:1 Mem:19.41M (Peak 19.41M) | Time:00:00.00 | Mem:0.00M, Peak:0.00M | Scene, ViewLayer | Synchronizing object | floor-burrard-lower-lift-corridor-2
Fra:1 Mem:19.51M (Peak 19.51M) | Time:00:00.00 | Mem:0.00M, Peak:0.00M | Scene, ViewLayer | Synchronizing object | floor-burrard-lower-lift-corridor-1
Fra:1 Mem:19.58M (Peak 19.58M) | Time:00:00.00 | Mem:0.00M, Peak:0.00M | Scene, ViewLayer | Synchronizing object | floor-burrard-lower-landing-4
Fra:1 Mem:19.54M (Peak 19.58M) | Time:00:00.00 | Mem:0.00M, Peak:0.00M | Scene, ViewLayer | Synchronizing object | floor-burrard-lower-landing-3
Fra:1 Mem:18.96M (Peak 19.58M) | Time:00:00.00 | Mem:0.00M, Peak:0.00M | Scene, ViewLayer | Synchronizing object | floor-burrard-lower-landing-2
Fra:1 Mem:19.02M (Peak 19.58M) | Time:00:00.00 | Mem:0.00M, Peak:0.00M | Scene, ViewLayer | Synchronizing object | floor-burrard-lower-landing-1
Fra:1 Mem:19.03M (Peak 19.58M) | Time:00:00.00 | Mem:0.00M, Peak:0.00M | Scene, ViewLayer | Synchronizing object | floor-burrard-lower-landing
Fra:1 Mem:19.03M (Peak 19.58M) | Time:00:00.00 | Mem:0.00M, Peak:0.00M | Scene, ViewLayer | Synchronizing object | floor-burrard-lower
Fra:1 Mem:19.07M (Peak 19.58M) | Time:00:00.00 | Mem:0.00M, Peak:0.00M | Scene, ViewLayer | Synchronizing object | bridge-burrard-lower-eastbound-car1-door1
Fra:1 Mem:19.07M (Peak 19.58M) | Time:00:00.00 | Mem:0.00M, Peak:0.00M | Scene, ViewLayer | Synchronizing object | batch-trackbed-concrete
Fra:1 Mem:19.08M (Peak 19.58M) | Time:00:00.00 | Mem:0.00M, Peak:0.00M | Scene, ViewLayer | Synchronizing object | batch-static-yellow
Fra:1 Mem:19.08M (Peak 19.58M) | Time:00:00.00 | Mem:0.00M, Peak:0.00M | Scene, ViewLayer | Synchronizing object | batch-static-wood
Fra:1 Mem:19.41M (Peak 19.58M) | Time:00:00.00 | Mem:0.00M, Peak:0.00M | Scene, ViewLayer | Synchronizing object | batch-static-steel
Fra:1 Mem:19.05M (Peak 19.58M) | Time:00:00.00 | Mem:0.00M, Peak:0.00M | Scene, ViewLayer | Initializing
Fra:1 Mem:16.48M (Peak 19.58M) | Time:00:00.01 | Mem:0.00M, Peak:0.00M | Scene, ViewLayer | Waiting for render to start
Fra:1 Mem:16.48M (Peak 19.58M) | Time:00:00.01 | Mem:0.00M, Peak:0.00M | Scene, ViewLayer | Loading render kernels (may take a few minutes the first time)
Fra:1 Mem:16.48M (Peak 19.58M) | Time:00:00.01 | Mem:0.00M, Peak:0.00M | Scene, ViewLayer | Updating Scene
Fra:1 Mem:16.48M (Peak 19.58M) | Time:00:00.01 | Mem:0.00M, Peak:0.00M | Scene, ViewLayer | Updating Shaders
Fra:1 Mem:16.56M (Peak 19.58M) | Time:00:00.01 | Mem:0.00M, Peak:0.00M | Scene, ViewLayer | Updating Procedurals
Fra:1 Mem:16.56M (Peak 19.58M) | Time:00:00.01 | Mem:0.00M, Peak:0.00M | Scene, ViewLayer | Updating Background
Fra:1 Mem:16.56M (Peak 19.58M) | Time:00:00.01 | Mem:0.00M, Peak:0.00M | Scene, ViewLayer | Updating Camera
Fra:1 Mem:16.56M (Peak 19.58M) | Time:00:00.01 | Mem:0.00M, Peak:0.00M | Scene, ViewLayer | Updating Meshes Flags
Fra:1 Mem:16.56M (Peak 19.58M) | Time:00:00.01 | Mem:0.00M, Peak:0.00M | Scene, ViewLayer | Updating Objects
Fra:1 Mem:16.56M (Peak 19.58M) | Time:00:00.01 | Mem:0.00M, Peak:0.00M | Scene, ViewLayer | Updating Objects | Copying Transformations to device
Fra:1 Mem:16.58M (Peak 19.58M) | Time:00:00.01 | Mem:0.02M, Peak:0.02M | Scene, ViewLayer | Updating Objects | Applying Static Transformations
Fra:1 Mem:16.58M (Peak 19.58M) | Time:00:00.01 | Mem:0.02M, Peak:0.02M | Scene, ViewLayer | Updating Particle Systems
Fra:1 Mem:16.58M (Peak 19.58M) | Time:00:00.01 | Mem:0.02M, Peak:0.02M | Scene, ViewLayer | Updating Particle Systems | Copying Particles to device
Fra:1 Mem:16.58M (Peak 19.58M) | Time:00:00.01 | Mem:0.02M, Peak:0.02M | Scene, ViewLayer | Updating Meshes
Fra:1 Mem:16.63M (Peak 19.58M) | Time:00:00.01 | Mem:0.02M, Peak:0.02M | Scene, ViewLayer | Updating Mesh | Computing attributes
Fra:1 Mem:16.76M (Peak 19.58M) | Time:00:00.01 | Mem:0.02M, Peak:0.02M | Scene, ViewLayer | Updating Mesh | Copying Attributes to device
Fra:1 Mem:16.75M (Peak 19.58M) | Time:00:00.01 | Mem:0.14M, Peak:0.14M | Scene, ViewLayer | Updating Geometry BVH shared-threshold-bridge-expo 1/1 | Building BVH
Fra:1 Mem:16.75M (Peak 19.58M) | Time:00:00.01 | Mem:0.14M, Peak:0.14M | Scene, ViewLayer | Updating Geometry BVH shared-threshold-bridge-expo 1/1 | Building BVH 0%
Fra:1 Mem:16.75M (Peak 19.58M) | Time:00:00.01 | Mem:0.14M, Peak:0.14M | Scene, ViewLayer | Updating Scene BVH | Building
Fra:1 Mem:16.75M (Peak 19.58M) | Time:00:00.01 | Mem:0.14M, Peak:0.14M | Scene, ViewLayer | Updating Scene BVH | Building BVH
Fra:1 Mem:16.75M (Peak 19.58M) | Time:00:00.01 | Mem:0.38M, Peak:0.48M | Scene, ViewLayer | Updating Scene BVH | Copying BVH to device
Fra:1 Mem:16.75M (Peak 19.58M) | Time:00:00.01 | Mem:0.38M, Peak:0.48M | Scene, ViewLayer | Updating Mesh | Computing normals
Fra:1 Mem:17.11M (Peak 19.58M) | Time:00:00.01 | Mem:0.38M, Peak:0.48M | Scene, ViewLayer | Updating Mesh | Copying Mesh to device
Fra:1 Mem:17.11M (Peak 19.58M) | Time:00:00.01 | Mem:0.75M, Peak:0.75M | Scene, ViewLayer | Updating Objects Flags
Fra:1 Mem:17.11M (Peak 19.58M) | Time:00:00.01 | Mem:0.75M, Peak:0.75M | Scene, ViewLayer | Updating Primitive Offsets
Fra:1 Mem:17.11M (Peak 19.58M) | Time:00:00.01 | Mem:0.75M, Peak:0.75M | Scene, ViewLayer | Updating Images
Fra:1 Mem:17.11M (Peak 19.58M) | Time:00:00.01 | Mem:0.75M, Peak:0.75M | Scene, ViewLayer | Updating Camera Volume
Fra:1 Mem:17.11M (Peak 19.58M) | Time:00:00.01 | Mem:0.75M, Peak:0.75M | Scene, ViewLayer | Updating Lookup Tables
Fra:1 Mem:17.11M (Peak 19.58M) | Time:00:00.01 | Mem:0.83M, Peak:0.83M | Scene, ViewLayer | Updating Lights
Fra:1 Mem:17.11M (Peak 19.58M) | Time:00:00.01 | Mem:0.83M, Peak:0.83M | Scene, ViewLayer | Updating Lights | Computing tree
Fra:1 Mem:17.11M (Peak 19.58M) | Time:00:00.01 | Mem:0.83M, Peak:0.83M | Scene, ViewLayer | Updating Integrator
Fra:1 Mem:17.11M (Peak 19.58M) | Time:00:00.01 | Mem:0.83M, Peak:0.83M | Scene, ViewLayer | Updating Film
Fra:1 Mem:17.12M (Peak 19.58M) | Time:00:00.01 | Mem:0.75M, Peak:0.83M | Scene, ViewLayer | Updating Lookup Tables
Fra:1 Mem:17.12M (Peak 19.58M) | Time:00:00.01 | Mem:0.84M, Peak:0.84M | Scene, ViewLayer | Updating Baking
Fra:1 Mem:17.12M (Peak 19.58M) | Time:00:00.01 | Mem:0.84M, Peak:0.84M | Scene, ViewLayer | Updating Device | Writing constant memory
Fra:1 Mem:17.12M (Peak 19.58M) | Time:00:00.01 | Mem:0.84M, Peak:0.84M | Scene, ViewLayer | Sample 0/20
Fra:1 Mem:36.90M (Peak 36.90M) | Time:00:00.34 | Remaining:00:06.41 | Mem:20.61M, Peak:20.61M | Scene, ViewLayer | Sample 1/20
Fra:1 Mem:45.69M (Peak 63.27M) | Time:00:06.03 | Mem:20.61M, Peak:20.61M | Scene, ViewLayer | Sample 20/20
Fra:1 Mem:45.69M (Peak 63.27M) | Time:00:06.03 | Mem:20.61M, Peak:20.61M | Scene, ViewLayer | Finished
Saved: '/workspace/scratch/7c20b5ba4165/atlas-stage2-recovery/tools/assets/skytrain-stations-stage2/qa/previews/burrard-platform.png'
Time: 00:06.17 (Saving: 00:00.14)

Extensions: writing cache failed ([Errno 30] Read-only file system: '/home/agent/.config/blender').
08:34:19 | INFO: Data are loaded, start creating Blender stuff
08:34:19 | INFO: Blender create Mesh node Cube.171
08:34:19 | INFO: Blender create Mesh node Cube.001
08:34:19 | INFO: Blender create Mesh node Cube.191
08:34:19 | INFO: Blender create Mesh node Cube.042
08:34:19 | INFO: Blender create Mesh node Cube.447
08:34:19 | INFO: Blender create Mesh node Cube.046
08:34:19 | INFO: Blender create Mesh node Cube.030
08:34:19 | INFO: Blender create Mesh node Cube.031
08:34:19 | INFO: Blender create Mesh node Cube.004
08:34:19 | INFO: Blender create Mesh node Cube.003
08:34:19 | INFO: Blender create Mesh node Cube.043
08:34:19 | INFO: Blender create Mesh node shared-threshold-bridge-expo
08:34:19 | INFO: Blender create Mesh node Cube.192
08:34:19 | INFO: Blender create Mesh node Cube.236
08:34:19 | INFO: Blender create Mesh node Cube.237
08:34:19 | INFO: Blender create Mesh node Cube.260
08:34:19 | INFO: Blender create Mesh node Cube.283
08:34:19 | INFO: Blender create Mesh node Cube.306
08:34:19 | INFO: Blender create Mesh node Cube.329
08:34:19 | INFO: Blender create Mesh node Cube.352
08:34:19 | INFO: Blender create Mesh node Cube.375
08:34:19 | INFO: Blender create Mesh node Cube.407
08:34:19 | INFO: Blender create Mesh node Cube.409
08:34:19 | INFO: Blender create Mesh node Cube.411
08:34:19 | INFO: Blender create Mesh node Cube.413
08:34:19 | INFO: Blender create Mesh node Cube.415
08:34:19 | INFO: Blender create Mesh node Cube.417
08:34:19 | INFO: Blender create Mesh node Cube.402
08:34:19 | INFO: Blender create Mesh node Cube.406
08:34:19 | INFO: Blender create Mesh node Cube.408
08:34:19 | INFO: Blender create Mesh node Cube.410
08:34:19 | INFO: Blender create Mesh node Cube.412
08:34:19 | INFO: Blender create Mesh node Cube.414
08:34:19 | INFO: Blender create Mesh node Cube.416
08:34:19 | INFO: Blender create Mesh node Cube.404
08:34:19 | INFO: Blender create Mesh node Cube.405
08:34:19 | INFO: Blender create Mesh node Cube.403
08:34:19 | INFO: Blender create Mesh node Cube.421
08:34:19 | INFO: Blender create Mesh node Cube.422
08:34:19 | INFO: Blender create Mesh node Cube
08:34:19 | INFO: Blender create Mesh node Cube.044
08:34:19 | INFO: Blender create Mesh node Cube.045
08:34:19 | INFO: Blender create Mesh node Cube.066
08:34:19 | INFO: Blender create Mesh node Cube.087
08:34:19 | INFO: Blender create Mesh node Cube.108
08:34:19 | INFO: Blender create Mesh node Cube.129
08:34:19 | INFO: Blender create Mesh node Cube.150
08:34:19 | INFO: Blender create Mesh node Cube.180
08:34:19 | INFO: Blender create Mesh node Cube.182
08:34:19 | INFO: Blender create Mesh node Cube.184
08:34:19 | INFO: Blender create Mesh node Cube.186
08:34:19 | INFO: Blender create Mesh node Cube.188
08:34:19 | INFO: Blender create Mesh node Cube.175
08:34:19 | INFO: Blender create Mesh node Cube.179
08:34:19 | INFO: Blender create Mesh node Cube.181
08:34:19 | INFO: Blender create Mesh node Cube.183
08:34:19 | INFO: Blender create Mesh node Cube.185
08:34:19 | INFO: Blender create Mesh node Cube.187
08:34:19 | INFO: Blender create Mesh node Cube.177
08:34:19 | INFO: Blender create Mesh node Cube.178
08:34:19 | INFO: Blender create Mesh node Cube.176
08:34:19 | INFO: glTF import finished in 0.08s
Fra:1 Mem:20.03M (Peak 20.03M) | Time:00:00.00 | Mem:0.00M, Peak:0.00M | Scene, ViewLayer | Synchronizing object | batch-lift-shaft-steel
Fra:1 Mem:20.06M (Peak 20.06M) | Time:00:00.00 | Mem:0.00M, Peak:0.00M | Scene, ViewLayer | Synchronizing object | batch-rail-steel
Fra:1 Mem:20.21M (Peak 20.21M) | Time:00:00.00 | Mem:0.00M, Peak:0.00M | Scene, ViewLayer | Synchronizing object | qa-human-head
Fra:1 Mem:20.33M (Peak 20.33M) | Time:00:00.00 | Mem:0.00M, Peak:0.00M | Scene, ViewLayer | Synchronizing object | qa-human-leg2
Fra:1 Mem:20.33M (Peak 20.33M) | Time:00:00.00 | Mem:0.00M, Peak:0.00M | Scene, ViewLayer | Synchronizing object | qa-human-leg1
Fra:1 Mem:20.33M (Peak 20.33M) | Time:00:00.00 | Mem:0.00M, Peak:0.00M | Scene, ViewLayer | Synchronizing object | qa-human-body
Fra:1 Mem:20.33M (Peak 20.33M) | Time:00:00.00 | Mem:0.00M, Peak:0.00M | Scene, ViewLayer | Synchronizing object | floor-granville-upper-lift-upper
Fra:1 Mem:20.22M (Peak 20.33M) | Time:00:00.00 | Mem:0.00M, Peak:0.00M | Scene, ViewLayer | Synchronizing object | floor-granville-upper-lift-top
Fra:1 Mem:20.19M (Peak 20.33M) | Time:00:00.00 | Mem:0.00M, Peak:0.00M | Scene, ViewLayer | Synchronizing object | batch-sign-expo
Fra:1 Mem:20.19M (Peak 20.33M) | Time:00:00.00 | Mem:0.00M, Peak:0.00M | Scene, ViewLayer | Synchronizing object | floor-granville-upper-lift-side
Fra:1 Mem:20.21M (Peak 20.33M) | Time:00:00.00 | Mem:0.00M, Peak:0.00M | Scene, ViewLayer | Synchronizing object | floor-granville-upper-lift-mid-5
Fra:1 Mem:20.21M (Peak 20.33M) | Time:00:00.00 | Mem:0.00M, Peak:0.00M | Scene, ViewLayer | Synchronizing object | batch-stair-tread-concrete
Fra:1 Mem:20.21M (Peak 20.33M) | Time:00:00.00 | Mem:0.00M, Peak:0.00M | Scene, ViewLayer | Synchronizing object | floor-granville-upper-lift-mid-4
Fra:1 Mem:20.21M (Peak 20.33M) | Time:00:00.00 | Mem:0.00M, Peak:0.00M | Scene, ViewLayer | Synchronizing object | floor-granville-upper-lift-mid-3
Fra:1 Mem:20.28M (Peak 20.33M) | Time:00:00.00 | Mem:0.00M, Peak:0.00M | Scene, ViewLayer | Synchronizing object | floor-granville-upper-lift-mid-2
Fra:1 Mem:20.28M (Peak 20.33M) | Time:00:00.00 | Mem:0.00M, Peak:0.00M | Scene, ViewLayer | Synchronizing object | floor-granville-upper-lift-mid-1
Fra:1 Mem:20.28M (Peak 20.33M) | Time:00:00.00 | Mem:0.00M, Peak:0.00M | Scene, ViewLayer | Synchronizing object | floor-granville-upper-lift-lower
Fra:1 Mem:20.28M (Peak 20.33M) | Time:00:00.00 | Mem:0.00M, Peak:0.00M | Scene, ViewLayer | Synchronizing object | floor-granville-upper-lift-corridor-5
Fra:1 Mem:20.29M (Peak 20.33M) | Time:00:00.00 | Mem:0.00M, Peak:0.00M | Scene, ViewLayer | Synchronizing object | floor-granville-upper-lift-corridor-4
Fra:1 Mem:20.36M (Peak 20.36M) | Time:00:00.00 | Mem:0.00M, Peak:0.00M | Scene, ViewLayer | Synchronizing object | floor-granville-upper-lift-corridor-3
Fra:1 Mem:20.37M (Peak 20.37M) | Time:00:00.00 | Mem:0.00M, Peak:0.00M | Scene, ViewLayer | Synchronizing object | floor-granville-upper-lift-corridor-2
Fra:1 Mem:20.37M (Peak 20.37M) | Time:00:00.00 | Mem:0.00M, Peak:0.00M | Scene, ViewLayer | Synchronizing object | floor-granville-upper-lift-corridor-1
Fra:1 Mem:20.37M (Peak 20.37M) | Time:00:00.00 | Mem:0.00M, Peak:0.00M | Scene, ViewLayer | Synchronizing object | floor-granville-upper-landing-6
Fra:1 Mem:20.42M (Peak 20.42M) | Time:00:00.00 | Mem:0.00M, Peak:0.00M | Scene, ViewLayer | Synchronizing object | floor-granville-upper-landing-5
Fra:1 Mem:21.57M (Peak 21.57M) | Time:00:00.01 | Mem:0.00M, Peak:0.00M | Scene, ViewLayer | Synchronizing object | floor-granville-upper-landing-4
Fra:1 Mem:21.57M (Peak 21.57M) | Time:00:00.01 | Mem:0.00M, Peak:0.00M | Scene, ViewLayer | Synchronizing object | floor-granville-upper-landing-3
Fra:1 Mem:21.58M (Peak 21.58M) | Time:00:00.01 | Mem:0.00M, Peak:0.00M | Scene, ViewLayer | Synchronizing object | floor-granville-upper-landing-2
Fra:1 Mem:21.58M (Peak 21.58M) | Time:00:00.01 | Mem:0.00M, Peak:0.00M | Scene, ViewLayer | Synchronizing object | floor-granville-upper-landing-1
Fra:1 Mem:21.58M (Peak 21.58M) | Time:00:00.01 | Mem:0.00M, Peak:0.00M | Scene, ViewLayer | Synchronizing object | floor-granville-upper-landing
Fra:1 Mem:21.58M (Peak 21.58M) | Time:00:00.01 | Mem:0.00M, Peak:0.00M | Scene, ViewLayer | Synchronizing object | floor-granville-upper
Fra:1 Mem:21.59M (Peak 21.59M) | Time:00:00.01 | Mem:0.00M, Peak:0.00M | Scene, ViewLayer | Synchronizing object | floor-granville-surface-link-northsouth
Fra:1 Mem:21.59M (Peak 21.59M) | Time:00:00.01 | Mem:0.00M, Peak:0.00M | Scene, ViewLayer | Synchronizing object | floor-granville-surface-link-eastwest
Fra:1 Mem:21.59M (Peak 21.59M) | Time:00:00.01 | Mem:0.00M, Peak:0.00M | Scene, ViewLayer | Synchronizing object | floor-granville-lower-lift-upper
Fra:1 Mem:21.59M (Peak 21.59M) | Time:00:00.01 | Mem:0.00M, Peak:0.00M | Scene, ViewLayer | Synchronizing object | floor-granville-lower-lift-top
Fra:1 Mem:21.59M (Peak 21.59M) | Time:00:00.01 | Mem:0.00M, Peak:0.00M | Scene, ViewLayer | Synchronizing object | floor-granville-lower-lift-side
Fra:1 Mem:21.60M (Peak 21.60M) | Time:00:00.01 | Mem:0.00M, Peak:0.00M | Scene, ViewLayer | Synchronizing object | floor-granville-lower-lift-mid-6
Fra:1 Mem:21.60M (Peak 21.60M) | Time:00:00.01 | Mem:0.00M, Peak:0.00M | Scene, ViewLayer | Synchronizing object | floor-granville-lower-lift-mid-5
Fra:1 Mem:21.60M (Peak 21.60M) | Time:00:00.01 | Mem:0.00M, Peak:0.00M | Scene, ViewLayer | Synchronizing object | floor-granville-lower-lift-mid-4
Fra:1 Mem:21.60M (Peak 21.60M) | Time:00:00.01 | Mem:0.00M, Peak:0.00M | Scene, ViewLayer | Synchronizing object | floor-granville-lower-lift-mid-3
Fra:1 Mem:21.60M (Peak 21.60M) | Time:00:00.01 | Mem:0.00M, Peak:0.00M | Scene, ViewLayer | Synchronizing object | floor-granville-lower-lift-mid-2
Fra:1 Mem:21.61M (Peak 21.61M) | Time:00:00.01 | Mem:0.00M, Peak:0.00M | Scene, ViewLayer | Synchronizing object | floor-granville-lower-lift-mid-1
Fra:1 Mem:21.63M (Peak 21.63M) | Time:00:00.01 | Mem:0.00M, Peak:0.00M | Scene, ViewLayer | Synchronizing object | floor-granville-lower-lift-lower
Fra:1 Mem:21.67M (Peak 21.67M) | Time:00:00.01 | Mem:0.00M, Peak:0.00M | Scene, ViewLayer | Synchronizing object | floor-granville-lower-lift-corridor-6
Fra:1 Mem:21.81M (Peak 21.81M) | Time:00:00.01 | Mem:0.00M, Peak:0.00M | Scene, ViewLayer | Synchronizing object | floor-granville-lower-lift-corridor-5
Fra:1 Mem:21.86M (Peak 21.86M) | Time:00:00.01 | Mem:0.00M, Peak:0.00M | Scene, ViewLayer | Synchronizing object | floor-granville-lower-lift-corridor-4
Fra:1 Mem:21.87M (Peak 21.87M) | Time:00:00.01 | Mem:0.00M, Peak:0.00M | Scene, ViewLayer | Synchronizing object | floor-granville-lower-lift-corridor-3
Fra:1 Mem:21.87M (Peak 21.87M) | Time:00:00.01 | Mem:0.00M, Peak:0.00M | Scene, ViewLayer | Synchronizing object | floor-granville-lower-lift-corridor-2
Fra:1 Mem:21.84M (Peak 21.87M) | Time:00:00.01 | Mem:0.00M, Peak:0.00M | Scene, ViewLayer | Synchronizing object | floor-granville-lower-lift-corridor-1
Fra:1 Mem:21.98M (Peak 21.98M) | Time:00:00.01 | Mem:0.00M, Peak:0.00M | Scene, ViewLayer | Synchronizing object | floor-granville-lower-landing-7
Fra:1 Mem:21.91M (Peak 21.98M) | Time:00:00.01 | Mem:0.00M, Peak:0.00M | Scene, ViewLayer | Synchronizing object | floor-granville-lower-landing-6
Fra:1 Mem:20.72M (Peak 21.98M) | Time:00:00.01 | Mem:0.00M, Peak:0.00M | Scene, ViewLayer | Synchronizing object | floor-granville-lower-landing-5
Fra:1 Mem:20.83M (Peak 21.98M) | Time:00:00.01 | Mem:0.00M, Peak:0.00M | Scene, ViewLayer | Synchronizing object | floor-granville-lower-landing-4
Fra:1 Mem:20.83M (Peak 21.98M) | Time:00:00.01 | Mem:0.00M, Peak:0.00M | Scene, ViewLayer | Synchronizing object | floor-granville-lower-landing-3
Fra:1 Mem:20.91M (Peak 21.98M) | Time:00:00.01 | Mem:0.00M, Peak:0.00M | Scene, ViewLayer | Synchronizing object | floor-granville-lower-landing-2
Fra:1 Mem:20.95M (Peak 21.98M) | Time:00:00.01 | Mem:0.00M, Peak:0.00M | Scene, ViewLayer | Synchronizing object | floor-granville-lower-landing-1
Fra:1 Mem:20.95M (Peak 21.98M) | Time:00:00.01 | Mem:0.00M, Peak:0.00M | Scene, ViewLayer | Synchronizing object | floor-granville-lower-landing
Fra:1 Mem:20.96M (Peak 21.98M) | Time:00:00.01 | Mem:0.00M, Peak:0.00M | Scene, ViewLayer | Synchronizing object | floor-granville-lower
Fra:1 Mem:20.96M (Peak 21.98M) | Time:00:00.01 | Mem:0.00M, Peak:0.00M | Scene, ViewLayer | Synchronizing object | bridge-granville-lower-eastbound-car1-door1
Fra:1 Mem:21.04M (Peak 21.98M) | Time:00:00.01 | Mem:0.00M, Peak:0.00M | Scene, ViewLayer | Synchronizing object | batch-trackbed-concrete
Fra:1 Mem:21.04M (Peak 21.98M) | Time:00:00.01 | Mem:0.00M, Peak:0.00M | Scene, ViewLayer | Synchronizing object | batch-static-yellow
Fra:1 Mem:21.04M (Peak 21.98M) | Time:00:00.01 | Mem:0.00M, Peak:0.00M | Scene, ViewLayer | Synchronizing object | batch-static-wood
Fra:1 Mem:21.15M (Peak 21.98M) | Time:00:00.01 | Mem:0.00M, Peak:0.00M | Scene, ViewLayer | Synchronizing object | batch-static-steel
Fra:1 Mem:20.96M (Peak 21.98M) | Time:00:00.01 | Mem:0.00M, Peak:0.00M | Scene, ViewLayer | Initializing
Fra:1 Mem:17.81M (Peak 21.98M) | Time:00:00.01 | Mem:0.00M, Peak:0.00M | Scene, ViewLayer | Waiting for render to start
Fra:1 Mem:17.81M (Peak 21.98M) | Time:00:00.01 | Mem:0.00M, Peak:0.00M | Scene, ViewLayer | Loading render kernels (may take a few minutes the first time)
Fra:1 Mem:17.81M (Peak 21.98M) | Time:00:00.01 | Mem:0.00M, Peak:0.00M | Scene, ViewLayer | Updating Scene
Fra:1 Mem:17.81M (Peak 21.98M) | Time:00:00.01 | Mem:0.00M, Peak:0.00M | Scene, ViewLayer | Updating Shaders
Fra:1 Mem:17.90M (Peak 21.98M) | Time:00:00.01 | Mem:0.00M, Peak:0.00M | Scene, ViewLayer | Updating Procedurals
Fra:1 Mem:17.90M (Peak 21.98M) | Time:00:00.01 | Mem:0.00M, Peak:0.00M | Scene, ViewLayer | Updating Background
Fra:1 Mem:17.90M (Peak 21.98M) | Time:00:00.01 | Mem:0.00M, Peak:0.00M | Scene, ViewLayer | Updating Camera
Fra:1 Mem:17.90M (Peak 21.98M) | Time:00:00.01 | Mem:0.00M, Peak:0.00M | Scene, ViewLayer | Updating Meshes Flags
Fra:1 Mem:17.90M (Peak 21.98M) | Time:00:00.01 | Mem:0.00M, Peak:0.00M | Scene, ViewLayer | Updating Objects
Fra:1 Mem:17.90M (Peak 21.98M) | Time:00:00.01 | Mem:0.00M, Peak:0.00M | Scene, ViewLayer | Updating Objects | Copying Transformations to device
Fra:1 Mem:17.92M (Peak 21.98M) | Time:00:00.01 | Mem:0.02M, Peak:0.02M | Scene, ViewLayer | Updating Objects | Applying Static Transformations
Fra:1 Mem:17.92M (Peak 21.98M) | Time:00:00.01 | Mem:0.02M, Peak:0.02M | Scene, ViewLayer | Updating Particle Systems
Fra:1 Mem:17.92M (Peak 21.98M) | Time:00:00.01 | Mem:0.02M, Peak:0.02M | Scene, ViewLayer | Updating Particle Systems | Copying Particles to device
Fra:1 Mem:17.92M (Peak 21.98M) | Time:00:00.01 | Mem:0.02M, Peak:0.02M | Scene, ViewLayer | Updating Meshes
Fra:1 Mem:18.00M (Peak 21.98M) | Time:00:00.01 | Mem:0.02M, Peak:0.02M | Scene, ViewLayer | Updating Mesh | Computing attributes
Fra:1 Mem:18.19M (Peak 21.98M) | Time:00:00.01 | Mem:0.03M, Peak:0.03M | Scene, ViewLayer | Updating Mesh | Copying Attributes to device
Fra:1 Mem:18.18M (Peak 21.98M) | Time:00:00.01 | Mem:0.20M, Peak:0.20M | Scene, ViewLayer | Updating Geometry BVH shared-threshold-bridge-expo 1/1 | Building BVH
Fra:1 Mem:18.18M (Peak 21.98M) | Time:00:00.01 | Mem:0.20M, Peak:0.20M | Scene, ViewLayer | Updating Geometry BVH shared-threshold-bridge-expo 1/1 | Building BVH 0%
Fra:1 Mem:18.18M (Peak 21.98M) | Time:00:00.01 | Mem:0.20M, Peak:0.20M | Scene, ViewLayer | Updating Scene BVH | Building
Fra:1 Mem:18.18M (Peak 21.98M) | Time:00:00.01 | Mem:0.20M, Peak:0.20M | Scene, ViewLayer | Updating Scene BVH | Building BVH
Fra:1 Mem:18.18M (Peak 21.98M) | Time:00:00.01 | Mem:0.57M, Peak:0.73M | Scene, ViewLayer | Updating Scene BVH | Copying BVH to device
Fra:1 Mem:18.18M (Peak 21.98M) | Time:00:00.01 | Mem:0.57M, Peak:0.73M | Scene, ViewLayer | Updating Mesh | Computing normals
Fra:1 Mem:18.74M (Peak 21.98M) | Time:00:00.01 | Mem:0.57M, Peak:0.73M | Scene, ViewLayer | Updating Mesh | Copying Mesh to device
Fra:1 Mem:18.74M (Peak 21.98M) | Time:00:00.01 | Mem:1.13M, Peak:1.13M | Scene, ViewLayer | Updating Objects Flags
Fra:1 Mem:18.74M (Peak 21.98M) | Time:00:00.01 | Mem:1.13M, Peak:1.13M | Scene, ViewLayer | Updating Primitive Offsets
Fra:1 Mem:18.74M (Peak 21.98M) | Time:00:00.01 | Mem:1.13M, Peak:1.13M | Scene, ViewLayer | Updating Images
Fra:1 Mem:18.74M (Peak 21.98M) | Time:00:00.01 | Mem:1.13M, Peak:1.13M | Scene, ViewLayer | Updating Camera Volume
Fra:1 Mem:18.74M (Peak 21.98M) | Time:00:00.01 | Mem:1.13M, Peak:1.13M | Scene, ViewLayer | Updating Lookup Tables
Fra:1 Mem:18.74M (Peak 21.98M) | Time:00:00.01 | Mem:1.21M, Peak:1.21M | Scene, ViewLayer | Updating Lights
Fra:1 Mem:18.74M (Peak 21.98M) | Time:00:00.01 | Mem:1.21M, Peak:1.21M | Scene, ViewLayer | Updating Lights | Computing tree
Fra:1 Mem:18.74M (Peak 21.98M) | Time:00:00.01 | Mem:1.21M, Peak:1.21M | Scene, ViewLayer | Updating Integrator
Fra:1 Mem:18.74M (Peak 21.98M) | Time:00:00.01 | Mem:1.21M, Peak:1.21M | Scene, ViewLayer | Updating Film
Fra:1 Mem:18.74M (Peak 21.98M) | Time:00:00.01 | Mem:1.13M, Peak:1.21M | Scene, ViewLayer | Updating Lookup Tables
Fra:1 Mem:18.74M (Peak 21.98M) | Time:00:00.01 | Mem:1.22M, Peak:1.22M | Scene, ViewLayer | Updating Baking
Fra:1 Mem:18.74M (Peak 21.98M) | Time:00:00.01 | Mem:1.22M, Peak:1.22M | Scene, ViewLayer | Updating Device | Writing constant memory
Fra:1 Mem:18.74M (Peak 21.98M) | Time:00:00.01 | Mem:1.22M, Peak:1.22M | Scene, ViewLayer | Sample 0/20
Fra:1 Mem:45.19M (Peak 45.19M) | Time:00:00.20 | Remaining:00:03.50 | Mem:27.65M, Peak:27.65M | Scene, ViewLayer | Sample 1/20
Fra:1 Mem:56.94M (Peak 80.44M) | Time:00:02.58 | Mem:27.65M, Peak:27.65M | Scene, ViewLayer | Sample 20/20
Fra:1 Mem:56.94M (Peak 80.44M) | Time:00:02.58 | Mem:27.65M, Peak:27.65M | Scene, ViewLayer | Finished
Saved: '/workspace/scratch/7c20b5ba4165/atlas-stage2-recovery/tools/assets/skytrain-stations-stage2/qa/previews/granville-cutaway.png'
Time: 00:02.73 (Saving: 00:00.14)

Fra:1 Mem:20.17M (Peak 20.17M) | Time:00:00.00 | Mem:0.00M, Peak:0.00M | Scene, ViewLayer | Synchronizing object | batch-lift-shaft-steel
Fra:1 Mem:20.19M (Peak 20.19M) | Time:00:00.00 | Mem:0.00M, Peak:0.00M | Scene, ViewLayer | Synchronizing object | batch-rail-steel
Fra:1 Mem:20.52M (Peak 20.52M) | Time:00:00.00 | Mem:0.00M, Peak:0.00M | Scene, ViewLayer | Synchronizing object | qa-human-head
Fra:1 Mem:20.32M (Peak 20.52M) | Time:00:00.00 | Mem:0.00M, Peak:0.00M | Scene, ViewLayer | Synchronizing object | qa-human-leg2
Fra:1 Mem:20.33M (Peak 20.52M) | Time:00:00.00 | Mem:0.00M, Peak:0.00M | Scene, ViewLayer | Synchronizing object | qa-human-leg1
Fra:1 Mem:20.33M (Peak 20.52M) | Time:00:00.00 | Mem:0.00M, Peak:0.00M | Scene, ViewLayer | Synchronizing object | qa-human-body
Fra:1 Mem:20.33M (Peak 20.52M) | Time:00:00.00 | Mem:0.00M, Peak:0.00M | Scene, ViewLayer | Synchronizing object | floor-granville-upper-lift-upper
Fra:1 Mem:20.45M (Peak 20.52M) | Time:00:00.00 | Mem:0.00M, Peak:0.00M | Scene, ViewLayer | Synchronizing object | floor-granville-upper-lift-top
Fra:1 Mem:20.45M (Peak 20.52M) | Time:00:00.00 | Mem:0.00M, Peak:0.00M | Scene, ViewLayer | Synchronizing object | floor-granville-upper-lift-side
Fra:1 Mem:20.41M (Peak 20.52M) | Time:00:00.00 | Mem:0.00M, Peak:0.00M | Scene, ViewLayer | Synchronizing object | floor-granville-upper-lift-mid-5
Fra:1 Mem:20.44M (Peak 20.52M) | Time:00:00.00 | Mem:0.00M, Peak:0.00M | Scene, ViewLayer | Synchronizing object | floor-granville-upper-lift-mid-4
Fra:1 Mem:20.44M (Peak 20.52M) | Time:00:00.00 | Mem:0.00M, Peak:0.00M | Scene, ViewLayer | Synchronizing object | floor-granville-upper-lift-mid-3
Fra:1 Mem:20.44M (Peak 20.52M) | Time:00:00.00 | Mem:0.00M, Peak:0.00M | Scene, ViewLayer | Synchronizing object | floor-granville-upper-lift-mid-2
Fra:1 Mem:20.45M (Peak 20.52M) | Time:00:00.00 | Mem:0.00M, Peak:0.00M | Scene, ViewLayer | Synchronizing object | floor-granville-upper-lift-mid-1
Fra:1 Mem:20.45M (Peak 20.52M) | Time:00:00.00 | Mem:0.00M, Peak:0.00M | Scene, ViewLayer | Synchronizing object | floor-granville-upper-lift-lower
Fra:1 Mem:20.32M (Peak 20.52M) | Time:00:00.00 | Mem:0.00M, Peak:0.00M | Scene, ViewLayer | Synchronizing object | floor-granville-upper-lift-corridor-5
Fra:1 Mem:20.35M (Peak 20.52M) | Time:00:00.00 | Mem:0.00M, Peak:0.00M | Scene, ViewLayer | Synchronizing object | floor-granville-upper-lift-corridor-4
Fra:1 Mem:20.35M (Peak 20.52M) | Time:00:00.00 | Mem:0.00M, Peak:0.00M | Scene, ViewLayer | Synchronizing object | floor-granville-upper-lift-corridor-3
Fra:1 Mem:20.35M (Peak 20.52M) | Time:00:00.00 | Mem:0.00M, Peak:0.00M | Scene, ViewLayer | Synchronizing object | floor-granville-upper-lift-corridor-2
Fra:1 Mem:20.32M (Peak 20.52M) | Time:00:00.00 | Mem:0.00M, Peak:0.00M | Scene, ViewLayer | Synchronizing object | batch-sign-expo
Fra:1 Mem:20.33M (Peak 20.52M) | Time:00:00.00 | Mem:0.00M, Peak:0.00M | Scene, ViewLayer | Synchronizing object | floor-granville-upper-lift-corridor-1
Fra:1 Mem:20.33M (Peak 20.52M) | Time:00:00.00 | Mem:0.00M, Peak:0.00M | Scene, ViewLayer | Synchronizing object | floor-granville-upper-landing-6
Fra:1 Mem:20.33M (Peak 20.52M) | Time:00:00.00 | Mem:0.00M, Peak:0.00M | Scene, ViewLayer | Synchronizing object | batch-stair-tread-concrete
Fra:1 Mem:20.34M (Peak 20.52M) | Time:00:00.00 | Mem:0.00M, Peak:0.00M | Scene, ViewLayer | Synchronizing object | floor-granville-upper-landing-5
Fra:1 Mem:20.35M (Peak 20.52M) | Time:00:00.00 | Mem:0.00M, Peak:0.00M | Scene, ViewLayer | Synchronizing object | floor-granville-upper-landing-4
Fra:1 Mem:20.38M (Peak 20.52M) | Time:00:00.00 | Mem:0.00M, Peak:0.00M | Scene, ViewLayer | Synchronizing object | floor-granville-upper-landing-3
Fra:1 Mem:20.45M (Peak 20.52M) | Time:00:00.00 | Mem:0.00M, Peak:0.00M | Scene, ViewLayer | Synchronizing object | floor-granville-upper-landing-2
Fra:1 Mem:20.45M (Peak 20.52M) | Time:00:00.00 | Mem:0.00M, Peak:0.00M | Scene, ViewLayer | Synchronizing object | floor-granville-upper-landing-1
Fra:1 Mem:20.45M (Peak 20.52M) | Time:00:00.00 | Mem:0.00M, Peak:0.00M | Scene, ViewLayer | Synchronizing object | floor-granville-upper-landing
Fra:1 Mem:20.45M (Peak 20.52M) | Time:00:00.00 | Mem:0.00M, Peak:0.00M | Scene, ViewLayer | Synchronizing object | floor-granville-upper
Fra:1 Mem:21.62M (Peak 21.62M) | Time:00:00.00 | Mem:0.00M, Peak:0.00M | Scene, ViewLayer | Synchronizing object | floor-granville-surface-link-northsouth
Fra:1 Mem:21.62M (Peak 21.62M) | Time:00:00.00 | Mem:0.00M, Peak:0.00M | Scene, ViewLayer | Synchronizing object | floor-granville-surface-link-eastwest
Fra:1 Mem:21.62M (Peak 21.62M) | Time:00:00.00 | Mem:0.00M, Peak:0.00M | Scene, ViewLayer | Synchronizing object | floor-granville-lower-lift-upper
Fra:1 Mem:21.62M (Peak 21.62M) | Time:00:00.00 | Mem:0.00M, Peak:0.00M | Scene, ViewLayer | Synchronizing object | floor-granville-lower-lift-top
Fra:1 Mem:21.62M (Peak 21.62M) | Time:00:00.00 | Mem:0.00M, Peak:0.00M | Scene, ViewLayer | Synchronizing object | floor-granville-lower-lift-side
Fra:1 Mem:21.63M (Peak 21.63M) | Time:00:00.00 | Mem:0.00M, Peak:0.00M | Scene, ViewLayer | Synchronizing object | floor-granville-lower-lift-mid-6
Fra:1 Mem:21.63M (Peak 21.63M) | Time:00:00.00 | Mem:0.00M, Peak:0.00M | Scene, ViewLayer | Synchronizing object | floor-granville-lower-lift-mid-5
Fra:1 Mem:21.63M (Peak 21.63M) | Time:00:00.00 | Mem:0.00M, Peak:0.00M | Scene, ViewLayer | Synchronizing object | floor-granville-lower-lift-mid-4
Fra:1 Mem:21.63M (Peak 21.63M) | Time:00:00.00 | Mem:0.00M, Peak:0.00M | Scene, ViewLayer | Synchronizing object | floor-granville-lower-lift-mid-3
Fra:1 Mem:21.66M (Peak 21.66M) | Time:00:00.00 | Mem:0.00M, Peak:0.00M | Scene, ViewLayer | Synchronizing object | floor-granville-lower-lift-mid-2
Fra:1 Mem:21.70M (Peak 21.70M) | Time:00:00.00 | Mem:0.00M, Peak:0.00M | Scene, ViewLayer | Synchronizing object | floor-granville-lower-lift-mid-1
Fra:1 Mem:21.83M (Peak 21.83M) | Time:00:00.00 | Mem:0.00M, Peak:0.00M | Scene, ViewLayer | Synchronizing object | floor-granville-lower-lift-lower
Fra:1 Mem:21.89M (Peak 21.89M) | Time:00:00.00 | Mem:0.00M, Peak:0.00M | Scene, ViewLayer | Synchronizing object | floor-granville-lower-lift-corridor-6
Fra:1 Mem:20.84M (Peak 21.89M) | Time:00:00.00 | Mem:0.00M, Peak:0.00M | Scene, ViewLayer | Synchronizing object | floor-granville-lower-lift-corridor-5
Fra:1 Mem:20.92M (Peak 21.89M) | Time:00:00.00 | Mem:0.00M, Peak:0.00M | Scene, ViewLayer | Synchronizing object | floor-granville-lower-lift-corridor-4
Fra:1 Mem:21.03M (Peak 21.89M) | Time:00:00.00 | Mem:0.00M, Peak:0.00M | Scene, ViewLayer | Synchronizing object | floor-granville-lower-lift-corridor-3
Fra:1 Mem:21.04M (Peak 21.89M) | Time:00:00.00 | Mem:0.00M, Peak:0.00M | Scene, ViewLayer | Synchronizing object | floor-granville-lower-lift-corridor-2
Fra:1 Mem:21.04M (Peak 21.89M) | Time:00:00.00 | Mem:0.00M, Peak:0.00M | Scene, ViewLayer | Synchronizing object | floor-granville-lower-lift-corridor-1
Fra:1 Mem:21.04M (Peak 21.89M) | Time:00:00.00 | Mem:0.00M, Peak:0.00M | Scene, ViewLayer | Synchronizing object | floor-granville-lower-landing-7
Fra:1 Mem:21.04M (Peak 21.89M) | Time:00:00.00 | Mem:0.00M, Peak:0.00M | Scene, ViewLayer | Synchronizing object | floor-granville-lower-landing-6
Fra:1 Mem:21.04M (Peak 21.89M) | Time:00:00.00 | Mem:0.00M, Peak:0.00M | Scene, ViewLayer | Synchronizing object | floor-granville-lower-landing-5
Fra:1 Mem:21.05M (Peak 21.89M) | Time:00:00.00 | Mem:0.00M, Peak:0.00M | Scene, ViewLayer | Synchronizing object | floor-granville-lower-landing-4
Fra:1 Mem:21.05M (Peak 21.89M) | Time:00:00.00 | Mem:0.00M, Peak:0.00M | Scene, ViewLayer | Synchronizing object | floor-granville-lower-landing-3
Fra:1 Mem:21.05M (Peak 21.89M) | Time:00:00.00 | Mem:0.00M, Peak:0.00M | Scene, ViewLayer | Synchronizing object | floor-granville-lower-landing-2
Fra:1 Mem:21.05M (Peak 21.89M) | Time:00:00.00 | Mem:0.00M, Peak:0.00M | Scene, ViewLayer | Synchronizing object | floor-granville-lower-landing-1
Fra:1 Mem:21.05M (Peak 21.89M) | Time:00:00.00 | Mem:0.00M, Peak:0.00M | Scene, ViewLayer | Synchronizing object | floor-granville-lower-landing
Fra:1 Mem:21.05M (Peak 21.89M) | Time:00:00.00 | Mem:0.00M, Peak:0.00M | Scene, ViewLayer | Synchronizing object | floor-granville-lower
Fra:1 Mem:21.06M (Peak 21.89M) | Time:00:00.00 | Mem:0.00M, Peak:0.00M | Scene, ViewLayer | Synchronizing object | bridge-granville-lower-eastbound-car1-door1
Fra:1 Mem:21.06M (Peak 21.89M) | Time:00:00.00 | Mem:0.00M, Peak:0.00M | Scene, ViewLayer | Synchronizing object | batch-trackbed-concrete
Fra:1 Mem:21.14M (Peak 21.89M) | Time:00:00.00 | Mem:0.00M, Peak:0.00M | Scene, ViewLayer | Synchronizing object | batch-static-yellow
Fra:1 Mem:21.65M (Peak 21.89M) | Time:00:00.00 | Mem:0.00M, Peak:0.00M | Scene, ViewLayer | Synchronizing object | batch-static-wood
Fra:1 Mem:21.68M (Peak 21.89M) | Time:00:00.01 | Mem:0.00M, Peak:0.00M | Scene, ViewLayer | Synchronizing object | batch-static-steel
Fra:1 Mem:20.96M (Peak 21.89M) | Time:00:00.01 | Mem:0.00M, Peak:0.00M | Scene, ViewLayer | Initializing
Fra:1 Mem:17.81M (Peak 21.89M) | Time:00:00.01 | Mem:0.00M, Peak:0.00M | Scene, ViewLayer | Waiting for render to start
Fra:1 Mem:17.81M (Peak 21.89M) | Time:00:00.01 | Mem:0.00M, Peak:0.00M | Scene, ViewLayer | Loading render kernels (may take a few minutes the first time)
Fra:1 Mem:17.81M (Peak 21.89M) | Time:00:00.01 | Mem:0.00M, Peak:0.00M | Scene, ViewLayer | Updating Scene
Fra:1 Mem:17.81M (Peak 21.89M) | Time:00:00.01 | Mem:0.00M, Peak:0.00M | Scene, ViewLayer | Updating Shaders
Fra:1 Mem:17.90M (Peak 21.89M) | Time:00:00.01 | Mem:0.00M, Peak:0.00M | Scene, ViewLayer | Updating Procedurals
Fra:1 Mem:17.90M (Peak 21.89M) | Time:00:00.01 | Mem:0.00M, Peak:0.00M | Scene, ViewLayer | Updating Background
Fra:1 Mem:17.90M (Peak 21.89M) | Time:00:00.01 | Mem:0.00M, Peak:0.00M | Scene, ViewLayer | Updating Camera
Fra:1 Mem:17.90M (Peak 21.89M) | Time:00:00.01 | Mem:0.00M, Peak:0.00M | Scene, ViewLayer | Updating Meshes Flags
Fra:1 Mem:17.90M (Peak 21.89M) | Time:00:00.01 | Mem:0.00M, Peak:0.00M | Scene, ViewLayer | Updating Objects
Fra:1 Mem:17.90M (Peak 21.89M) | Time:00:00.01 | Mem:0.00M, Peak:0.00M | Scene, ViewLayer | Updating Objects | Copying Transformations to device
Fra:1 Mem:17.92M (Peak 21.89M) | Time:00:00.01 | Mem:0.02M, Peak:0.02M | Scene, ViewLayer | Updating Objects | Applying Static Transformations
Fra:1 Mem:17.92M (Peak 21.89M) | Time:00:00.01 | Mem:0.02M, Peak:0.02M | Scene, ViewLayer | Updating Particle Systems
Fra:1 Mem:17.92M (Peak 21.89M) | Time:00:00.01 | Mem:0.02M, Peak:0.02M | Scene, ViewLayer | Updating Particle Systems | Copying Particles to device
Fra:1 Mem:17.92M (Peak 21.89M) | Time:00:00.01 | Mem:0.02M, Peak:0.02M | Scene, ViewLayer | Updating Meshes
Fra:1 Mem:18.00M (Peak 21.89M) | Time:00:00.01 | Mem:0.02M, Peak:0.02M | Scene, ViewLayer | Updating Mesh | Computing attributes
Fra:1 Mem:18.19M (Peak 21.89M) | Time:00:00.01 | Mem:0.03M, Peak:0.03M | Scene, ViewLayer | Updating Mesh | Copying Attributes to device
Fra:1 Mem:18.18M (Peak 21.89M) | Time:00:00.01 | Mem:0.20M, Peak:0.20M | Scene, ViewLayer | Updating Geometry BVH shared-threshold-bridge-expo 1/1 | Building BVH
Fra:1 Mem:18.18M (Peak 21.89M) | Time:00:00.01 | Mem:0.20M, Peak:0.20M | Scene, ViewLayer | Updating Geometry BVH shared-threshold-bridge-expo 1/1 | Building BVH 0%
Fra:1 Mem:18.18M (Peak 21.89M) | Time:00:00.01 | Mem:0.20M, Peak:0.20M | Scene, ViewLayer | Updating Scene BVH | Building
Fra:1 Mem:18.18M (Peak 21.89M) | Time:00:00.01 | Mem:0.20M, Peak:0.20M | Scene, ViewLayer | Updating Scene BVH | Building BVH
Fra:1 Mem:18.18M (Peak 21.89M) | Time:00:00.01 | Mem:0.57M, Peak:0.73M | Scene, ViewLayer | Updating Scene BVH | Copying BVH to device
Fra:1 Mem:18.18M (Peak 21.89M) | Time:00:00.01 | Mem:0.57M, Peak:0.73M | Scene, ViewLayer | Updating Mesh | Computing normals
Fra:1 Mem:18.74M (Peak 21.89M) | Time:00:00.01 | Mem:0.57M, Peak:0.73M | Scene, ViewLayer | Updating Mesh | Copying Mesh to device
Fra:1 Mem:18.74M (Peak 21.89M) | Time:00:00.01 | Mem:1.13M, Peak:1.13M | Scene, ViewLayer | Updating Objects Flags
Fra:1 Mem:18.74M (Peak 21.89M) | Time:00:00.01 | Mem:1.13M, Peak:1.13M | Scene, ViewLayer | Updating Primitive Offsets
Fra:1 Mem:18.74M (Peak 21.89M) | Time:00:00.01 | Mem:1.13M, Peak:1.13M | Scene, ViewLayer | Updating Images
Fra:1 Mem:18.74M (Peak 21.89M) | Time:00:00.01 | Mem:1.13M, Peak:1.13M | Scene, ViewLayer | Updating Camera Volume
Fra:1 Mem:18.74M (Peak 21.89M) | Time:00:00.01 | Mem:1.13M, Peak:1.13M | Scene, ViewLayer | Updating Lookup Tables
Fra:1 Mem:18.74M (Peak 21.89M) | Time:00:00.01 | Mem:1.21M, Peak:1.21M | Scene, ViewLayer | Updating Lights
Fra:1 Mem:18.74M (Peak 21.89M) | Time:00:00.01 | Mem:1.21M, Peak:1.21M | Scene, ViewLayer | Updating Lights | Computing tree
Fra:1 Mem:18.74M (Peak 21.89M) | Time:00:00.01 | Mem:1.21M, Peak:1.21M | Scene, ViewLayer | Updating Integrator
Fra:1 Mem:18.74M (Peak 21.89M) | Time:00:00.01 | Mem:1.21M, Peak:1.21M | Scene, ViewLayer | Updating Film
Fra:1 Mem:18.74M (Peak 21.89M) | Time:00:00.01 | Mem:1.13M, Peak:1.21M | Scene, ViewLayer | Updating Lookup Tables
Fra:1 Mem:18.74M (Peak 21.89M) | Time:00:00.01 | Mem:1.22M, Peak:1.22M | Scene, ViewLayer | Updating Baking
Fra:1 Mem:18.74M (Peak 21.89M) | Time:00:00.01 | Mem:1.22M, Peak:1.22M | Scene, ViewLayer | Updating Device | Writing constant memory
Fra:1 Mem:18.74M (Peak 21.89M) | Time:00:00.01 | Mem:1.22M, Peak:1.22M | Scene, ViewLayer | Sample 0/20
Fra:1 Mem:38.53M (Peak 38.53M) | Time:00:00.27 | Remaining:00:04.94 | Mem:20.99M, Peak:20.99M | Scene, ViewLayer | Sample 1/20
Fra:1 Mem:47.32M (Peak 64.90M) | Time:00:05.44 | Mem:20.99M, Peak:20.99M | Scene, ViewLayer | Sample 20/20
Fra:1 Mem:47.32M (Peak 64.90M) | Time:00:05.44 | Mem:20.99M, Peak:20.99M | Scene, ViewLayer | Finished
Saved: '/workspace/scratch/7c20b5ba4165/atlas-stage2-recovery/tools/assets/skytrain-stations-stage2/qa/previews/granville-platform.png'
Time: 00:05.58 (Saving: 00:00.14)

Extensions: writing cache failed ([Errno 30] Read-only file system: '/home/agent/.config/blender').
08:34:28 | INFO: Data are loaded, start creating Blender stuff
08:34:28 | INFO: Blender create Mesh node Cube.105
08:34:28 | INFO: Blender create Mesh node Cube.001
08:34:28 | INFO: Blender create Mesh node Cube.117
08:34:28 | INFO: Blender create Mesh node Cube.071
08:34:28 | INFO: Blender create Mesh node Cube.171
08:34:28 | INFO: Blender create Mesh node Cube.074
08:34:28 | INFO: Blender create Mesh node Cube.059
08:34:28 | INFO: Blender create Mesh node Cube.060
08:34:28 | INFO: Blender create Mesh node Cube.004
08:34:28 | INFO: Blender create Mesh node Cube.003
08:34:28 | INFO: Blender create Mesh node shared-threshold-bridge-expo
08:34:28 | INFO: Blender create Mesh node Cube.118
08:34:28 | INFO: Blender create Mesh node Cube.120
08:34:28 | INFO: Blender create Mesh node Cube.119
08:34:28 | INFO: Blender create Mesh node Cube
08:34:28 | INFO: Blender create Mesh node Cube.072
08:34:28 | INFO: Blender create Mesh node Cube.073
08:34:28 | INFO: Blender create Mesh node Cube.089
08:34:28 | INFO: Blender create Mesh node Cube.114
08:34:28 | INFO: Blender create Mesh node Cube.109
08:34:28 | INFO: Blender create Mesh node Cube.113
08:34:28 | INFO: Blender create Mesh node Cube.111
08:34:28 | INFO: Blender create Mesh node Cube.112
08:34:28 | INFO: Blender create Mesh node Cube.110
08:34:28 | INFO: glTF import finished in 0.03s
Fra:1 Mem:16.76M (Peak 16.76M) | Time:00:00.00 | Mem:0.00M, Peak:0.00M | Scene, ViewLayer | Synchronizing object | batch-lift-shaft-steel
Fra:1 Mem:16.77M (Peak 16.77M) | Time:00:00.00 | Mem:0.00M, Peak:0.00M | Scene, ViewLayer | Synchronizing object | batch-rail-steel
Fra:1 Mem:16.89M (Peak 16.89M) | Time:00:00.00 | Mem:0.00M, Peak:0.00M | Scene, ViewLayer | Synchronizing object | batch-sign-expo
Fra:1 Mem:16.90M (Peak 16.90M) | Time:00:00.00 | Mem:0.00M, Peak:0.00M | Scene, ViewLayer | Synchronizing object | batch-stair-tread-concrete
Fra:1 Mem:16.92M (Peak 16.92M) | Time:00:00.00 | Mem:0.00M, Peak:0.00M | Scene, ViewLayer | Synchronizing object | qa-human-head
Fra:1 Mem:17.17M (Peak 17.17M) | Time:00:00.00 | Mem:0.00M, Peak:0.00M | Scene, ViewLayer | Synchronizing object | qa-human-leg2
Fra:1 Mem:17.17M (Peak 17.17M) | Time:00:00.00 | Mem:0.00M, Peak:0.00M | Scene, ViewLayer | Synchronizing object | qa-human-leg1
Fra:1 Mem:17.17M (Peak 17.17M) | Time:00:00.00 | Mem:0.00M, Peak:0.00M | Scene, ViewLayer | Synchronizing object | qa-human-body
Fra:1 Mem:17.21M (Peak 17.21M) | Time:00:00.00 | Mem:0.00M, Peak:0.00M | Scene, ViewLayer | Synchronizing object | floor-stadium-expo-lift-upper
Fra:1 Mem:17.05M (Peak 17.21M) | Time:00:00.00 | Mem:0.00M, Peak:0.00M | Scene, ViewLayer | Synchronizing object | floor-stadium-expo-lift-top
Fra:1 Mem:17.08M (Peak 17.21M) | Time:00:00.00 | Mem:0.00M, Peak:0.00M | Scene, ViewLayer | Synchronizing object | floor-stadium-expo-lift-side
Fra:1 Mem:17.17M (Peak 17.21M) | Time:00:00.00 | Mem:0.00M, Peak:0.00M | Scene, ViewLayer | Synchronizing object | floor-stadium-expo-lift-mid-1
Fra:1 Mem:17.17M (Peak 17.21M) | Time:00:00.00 | Mem:0.00M, Peak:0.00M | Scene, ViewLayer | Synchronizing object | floor-stadium-expo-lift-lower
Fra:1 Mem:17.17M (Peak 17.21M) | Time:00:00.00 | Mem:0.00M, Peak:0.00M | Scene, ViewLayer | Synchronizing object | floor-stadium-expo-lift-corridor-1
Fra:1 Mem:17.16M (Peak 17.21M) | Time:00:00.00 | Mem:0.00M, Peak:0.00M | Scene, ViewLayer | Synchronizing object | floor-stadium-expo-landing-2
Fra:1 Mem:17.06M (Peak 17.21M) | Time:00:00.00 | Mem:0.00M, Peak:0.00M | Scene, ViewLayer | Synchronizing object | floor-stadium-expo-landing-1
Fra:1 Mem:17.05M (Peak 17.21M) | Time:00:00.00 | Mem:0.00M, Peak:0.00M | Scene, ViewLayer | Synchronizing object | batch-static-steel
Fra:1 Mem:17.04M (Peak 17.21M) | Time:00:00.00 | Mem:0.00M, Peak:0.00M | Scene, ViewLayer | Synchronizing object | floor-stadium-expo-landing
Fra:1 Mem:17.09M (Peak 17.21M) | Time:00:00.00 | Mem:0.00M, Peak:0.00M | Scene, ViewLayer | Synchronizing object | floor-stadium-expo
Fra:1 Mem:17.07M (Peak 17.21M) | Time:00:00.00 | Mem:0.00M, Peak:0.00M | Scene, ViewLayer | Synchronizing object | floor-pacific-upper-landing
Fra:1 Mem:17.06M (Peak 17.21M) | Time:00:00.00 | Mem:0.00M, Peak:0.00M | Scene, ViewLayer | Synchronizing object | floor-pacific-lift-upper
Fra:1 Mem:17.06M (Peak 17.21M) | Time:00:00.00 | Mem:0.00M, Peak:0.00M | Scene, ViewLayer | Synchronizing object | batch-static-wood
Fra:1 Mem:17.10M (Peak 17.21M) | Time:00:00.00 | Mem:0.00M, Peak:0.00M | Scene, ViewLayer | Synchronizing object | floor-pacific-entry
Fra:1 Mem:17.09M (Peak 17.21M) | Time:00:00.00 | Mem:0.00M, Peak:0.00M | Scene, ViewLayer | Synchronizing object | bridge-stadium-expo-eastbound-car1-door1
Fra:1 Mem:17.09M (Peak 17.21M) | Time:00:00.00 | Mem:0.00M, Peak:0.00M | Scene, ViewLayer | Synchronizing object | batch-static-yellow
Fra:1 Mem:17.09M (Peak 17.21M) | Time:00:00.00 | Mem:0.00M, Peak:0.00M | Scene, ViewLayer | Synchronizing object | batch-trackbed-concrete
Fra:1 Mem:17.09M (Peak 17.21M) | Time:00:00.00 | Mem:0.00M, Peak:0.00M | Scene, ViewLayer | Initializing
Fra:1 Mem:15.10M (Peak 17.21M) | Time:00:00.00 | Mem:0.00M, Peak:0.00M | Scene, ViewLayer | Waiting for render to start
Fra:1 Mem:15.10M (Peak 17.21M) | Time:00:00.00 | Mem:0.00M, Peak:0.00M | Scene, ViewLayer | Loading render kernels (may take a few minutes the first time)
Fra:1 Mem:15.10M (Peak 17.21M) | Time:00:00.00 | Mem:0.00M, Peak:0.00M | Scene, ViewLayer | Updating Scene
Fra:1 Mem:15.10M (Peak 17.21M) | Time:00:00.00 | Mem:0.00M, Peak:0.00M | Scene, ViewLayer | Updating Shaders
Fra:1 Mem:15.19M (Peak 17.21M) | Time:00:00.00 | Mem:0.00M, Peak:0.00M | Scene, ViewLayer | Updating Procedurals
Fra:1 Mem:15.19M (Peak 17.21M) | Time:00:00.00 | Mem:0.00M, Peak:0.00M | Scene, ViewLayer | Updating Background
Fra:1 Mem:15.19M (Peak 17.21M) | Time:00:00.00 | Mem:0.00M, Peak:0.00M | Scene, ViewLayer | Updating Camera
Fra:1 Mem:15.19M (Peak 17.21M) | Time:00:00.00 | Mem:0.00M, Peak:0.00M | Scene, ViewLayer | Updating Meshes Flags
Fra:1 Mem:15.19M (Peak 17.21M) | Time:00:00.00 | Mem:0.00M, Peak:0.00M | Scene, ViewLayer | Updating Objects
Fra:1 Mem:15.19M (Peak 17.21M) | Time:00:00.00 | Mem:0.00M, Peak:0.00M | Scene, ViewLayer | Updating Objects | Copying Transformations to device
Fra:1 Mem:15.20M (Peak 17.21M) | Time:00:00.00 | Mem:0.02M, Peak:0.02M | Scene, ViewLayer | Updating Objects | Applying Static Transformations
Fra:1 Mem:15.20M (Peak 17.21M) | Time:00:00.00 | Mem:0.02M, Peak:0.02M | Scene, ViewLayer | Updating Particle Systems
Fra:1 Mem:15.20M (Peak 17.21M) | Time:00:00.00 | Mem:0.02M, Peak:0.02M | Scene, ViewLayer | Updating Particle Systems | Copying Particles to device
Fra:1 Mem:15.20M (Peak 17.21M) | Time:00:00.00 | Mem:0.02M, Peak:0.02M | Scene, ViewLayer | Updating Meshes
Fra:1 Mem:15.23M (Peak 17.21M) | Time:00:00.00 | Mem:0.02M, Peak:0.02M | Scene, ViewLayer | Updating Mesh | Computing attributes
Fra:1 Mem:15.30M (Peak 17.21M) | Time:00:00.00 | Mem:0.02M, Peak:0.02M | Scene, ViewLayer | Updating Mesh | Copying Attributes to device
Fra:1 Mem:15.29M (Peak 17.21M) | Time:00:00.00 | Mem:0.08M, Peak:0.08M | Scene, ViewLayer | Updating Geometry BVH shared-threshold-bridge-expo 1/1 | Building BVH
Fra:1 Mem:15.29M (Peak 17.21M) | Time:00:00.00 | Mem:0.08M, Peak:0.08M | Scene, ViewLayer | Updating Geometry BVH shared-threshold-bridge-expo 1/1 | Building BVH 0%
Fra:1 Mem:15.29M (Peak 17.21M) | Time:00:00.00 | Mem:0.08M, Peak:0.08M | Scene, ViewLayer | Updating Scene BVH | Building
Fra:1 Mem:15.29M (Peak 17.21M) | Time:00:00.00 | Mem:0.08M, Peak:0.08M | Scene, ViewLayer | Updating Scene BVH | Building BVH
Fra:1 Mem:15.29M (Peak 17.21M) | Time:00:00.00 | Mem:0.22M, Peak:0.28M | Scene, ViewLayer | Updating Scene BVH | Copying BVH to device
Fra:1 Mem:15.29M (Peak 17.21M) | Time:00:00.00 | Mem:0.22M, Peak:0.28M | Scene, ViewLayer | Updating Mesh | Computing normals
Fra:1 Mem:15.49M (Peak 17.21M) | Time:00:00.00 | Mem:0.22M, Peak:0.28M | Scene, ViewLayer | Updating Mesh | Copying Mesh to device
Fra:1 Mem:15.49M (Peak 17.21M) | Time:00:00.00 | Mem:0.42M, Peak:0.42M | Scene, ViewLayer | Updating Objects Flags
Fra:1 Mem:15.49M (Peak 17.21M) | Time:00:00.00 | Mem:0.42M, Peak:0.42M | Scene, ViewLayer | Updating Primitive Offsets
Fra:1 Mem:15.49M (Peak 17.21M) | Time:00:00.00 | Mem:0.42M, Peak:0.42M | Scene, ViewLayer | Updating Images
Fra:1 Mem:15.49M (Peak 17.21M) | Time:00:00.00 | Mem:0.42M, Peak:0.42M | Scene, ViewLayer | Updating Camera Volume
Fra:1 Mem:15.49M (Peak 17.21M) | Time:00:00.00 | Mem:0.42M, Peak:0.42M | Scene, ViewLayer | Updating Lookup Tables
Fra:1 Mem:15.49M (Peak 17.21M) | Time:00:00.00 | Mem:0.50M, Peak:0.50M | Scene, ViewLayer | Updating Lights
Fra:1 Mem:15.49M (Peak 17.21M) | Time:00:00.00 | Mem:0.50M, Peak:0.50M | Scene, ViewLayer | Updating Lights | Computing tree
Fra:1 Mem:15.49M (Peak 17.21M) | Time:00:00.00 | Mem:0.50M, Peak:0.50M | Scene, ViewLayer | Updating Integrator
Fra:1 Mem:15.49M (Peak 17.21M) | Time:00:00.00 | Mem:0.50M, Peak:0.50M | Scene, ViewLayer | Updating Film
Fra:1 Mem:15.50M (Peak 17.21M) | Time:00:00.00 | Mem:0.42M, Peak:0.50M | Scene, ViewLayer | Updating Lookup Tables
Fra:1 Mem:15.50M (Peak 17.21M) | Time:00:00.00 | Mem:0.51M, Peak:0.51M | Scene, ViewLayer | Updating Baking
Fra:1 Mem:15.50M (Peak 17.21M) | Time:00:00.00 | Mem:0.51M, Peak:0.51M | Scene, ViewLayer | Updating Device | Writing constant memory
Fra:1 Mem:15.50M (Peak 17.21M) | Time:00:00.00 | Mem:0.51M, Peak:0.51M | Scene, ViewLayer | Sample 0/20
Fra:1 Mem:41.94M (Peak 41.94M) | Time:00:00.16 | Remaining:00:02.94 | Mem:26.94M, Peak:26.94M | Scene, ViewLayer | Sample 1/20
Fra:1 Mem:53.69M (Peak 77.19M) | Time:00:02.83 | Mem:26.94M, Peak:26.94M | Scene, ViewLayer | Sample 20/20
Fra:1 Mem:53.69M (Peak 77.19M) | Time:00:02.83 | Mem:26.94M, Peak:26.94M | Scene, ViewLayer | Finished
Saved: '/workspace/scratch/7c20b5ba4165/atlas-stage2-recovery/tools/assets/skytrain-stations-stage2/qa/previews/stadium-chinatown-cutaway.png'
Time: 00:02.97 (Saving: 00:00.14)

Fra:1 Mem:16.81M (Peak 16.81M) | Time:00:00.00 | Mem:0.00M, Peak:0.00M | Scene, ViewLayer | Synchronizing object | batch-lift-shaft-steel
Fra:1 Mem:16.82M (Peak 16.82M) | Time:00:00.00 | Mem:0.00M, Peak:0.00M | Scene, ViewLayer | Synchronizing object | batch-rail-steel
Fra:1 Mem:17.08M (Peak 17.08M) | Time:00:00.00 | Mem:0.00M, Peak:0.00M | Scene, ViewLayer | Synchronizing object | qa-human-head
Fra:1 Mem:17.13M (Peak 17.13M) | Time:00:00.00 | Mem:0.00M, Peak:0.00M | Scene, ViewLayer | Synchronizing object | qa-human-leg2
Fra:1 Mem:17.15M (Peak 17.15M) | Time:00:00.00 | Mem:0.00M, Peak:0.00M | Scene, ViewLayer | Synchronizing object | qa-human-leg1
Fra:1 Mem:17.14M (Peak 17.15M) | Time:00:00.00 | Mem:0.00M, Peak:0.00M | Scene, ViewLayer | Synchronizing object | qa-human-body
Fra:1 Mem:16.92M (Peak 17.15M) | Time:00:00.00 | Mem:0.00M, Peak:0.00M | Scene, ViewLayer | Synchronizing object | floor-stadium-expo-lift-upper
Fra:1 Mem:16.96M (Peak 17.15M) | Time:00:00.00 | Mem:0.00M, Peak:0.00M | Scene, ViewLayer | Synchronizing object | floor-stadium-expo-lift-top
Fra:1 Mem:16.98M (Peak 17.15M) | Time:00:00.00 | Mem:0.00M, Peak:0.00M | Scene, ViewLayer | Synchronizing object | floor-stadium-expo-lift-side
Fra:1 Mem:17.08M (Peak 17.15M) | Time:00:00.00 | Mem:0.00M, Peak:0.00M | Scene, ViewLayer | Synchronizing object | floor-stadium-expo-lift-mid-1
Fra:1 Mem:17.08M (Peak 17.15M) | Time:00:00.00 | Mem:0.00M, Peak:0.00M | Scene, ViewLayer | Synchronizing object | floor-stadium-expo-lift-lower
Fra:1 Mem:17.08M (Peak 17.15M) | Time:00:00.00 | Mem:0.00M, Peak:0.00M | Scene, ViewLayer | Synchronizing object | floor-stadium-expo-lift-corridor-1
Fra:1 Mem:17.04M (Peak 17.15M) | Time:00:00.00 | Mem:0.00M, Peak:0.00M | Scene, ViewLayer | Synchronizing object | floor-stadium-expo-landing-2
Fra:1 Mem:16.97M (Peak 17.15M) | Time:00:00.00 | Mem:0.00M, Peak:0.00M | Scene, ViewLayer | Synchronizing object | floor-stadium-expo-landing-1
Fra:1 Mem:16.94M (Peak 17.15M) | Time:00:00.00 | Mem:0.00M, Peak:0.00M | Scene, ViewLayer | Synchronizing object | batch-sign-expo
Fra:1 Mem:16.95M (Peak 17.15M) | Time:00:00.00 | Mem:0.00M, Peak:0.00M | Scene, ViewLayer | Synchronizing object | floor-stadium-expo-landing
Fra:1 Mem:16.96M (Peak 17.15M) | Time:00:00.00 | Mem:0.00M, Peak:0.00M | Scene, ViewLayer | Synchronizing object | floor-stadium-expo
Fra:1 Mem:16.96M (Peak 17.15M) | Time:00:00.00 | Mem:0.00M, Peak:0.00M | Scene, ViewLayer | Synchronizing object | batch-stair-tread-concrete
Fra:1 Mem:16.95M (Peak 17.15M) | Time:00:00.00 | Mem:0.00M, Peak:0.00M | Scene, ViewLayer | Synchronizing object | floor-pacific-upper-landing
Fra:1 Mem:17.21M (Peak 17.21M) | Time:00:00.00 | Mem:0.00M, Peak:0.00M | Scene, ViewLayer | Synchronizing object | floor-pacific-lift-upper
Fra:1 Mem:17.21M (Peak 17.21M) | Time:00:00.00 | Mem:0.00M, Peak:0.00M | Scene, ViewLayer | Synchronizing object | floor-pacific-entry
Fra:1 Mem:17.26M (Peak 17.26M) | Time:00:00.00 | Mem:0.00M, Peak:0.00M | Scene, ViewLayer | Synchronizing object | bridge-stadium-expo-eastbound-car1-door1
Fra:1 Mem:17.27M (Peak 17.27M) | Time:00:00.00 | Mem:0.00M, Peak:0.00M | Scene, ViewLayer | Synchronizing object | batch-trackbed-concrete
Fra:1 Mem:17.08M (Peak 17.27M) | Time:00:00.00 | Mem:0.00M, Peak:0.00M | Scene, ViewLayer | Synchronizing object | batch-static-yellow
Fra:1 Mem:17.10M (Peak 17.27M) | Time:00:00.00 | Mem:0.00M, Peak:0.00M | Scene, ViewLayer | Synchronizing object | batch-static-wood
Fra:1 Mem:17.22M (Peak 17.27M) | Time:00:00.00 | Mem:0.00M, Peak:0.00M | Scene, ViewLayer | Synchronizing object | batch-static-steel
Fra:1 Mem:17.09M (Peak 17.27M) | Time:00:00.00 | Mem:0.00M, Peak:0.00M | Scene, ViewLayer | Initializing
Fra:1 Mem:15.10M (Peak 17.27M) | Time:00:00.00 | Mem:0.00M, Peak:0.00M | Scene, ViewLayer | Waiting for render to start
Fra:1 Mem:15.10M (Peak 17.27M) | Time:00:00.00 | Mem:0.00M, Peak:0.00M | Scene, ViewLayer | Loading render kernels (may take a few minutes the first time)
Fra:1 Mem:15.10M (Peak 17.27M) | Time:00:00.00 | Mem:0.00M, Peak:0.00M | Scene, ViewLayer | Updating Scene
Fra:1 Mem:15.10M (Peak 17.27M) | Time:00:00.00 | Mem:0.00M, Peak:0.00M | Scene, ViewLayer | Updating Shaders
Fra:1 Mem:15.19M (Peak 17.27M) | Time:00:00.00 | Mem:0.00M, Peak:0.00M | Scene, ViewLayer | Updating Procedurals
Fra:1 Mem:15.19M (Peak 17.27M) | Time:00:00.00 | Mem:0.00M, Peak:0.00M | Scene, ViewLayer | Updating Background
Fra:1 Mem:15.19M (Peak 17.27M) | Time:00:00.00 | Mem:0.00M, Peak:0.00M | Scene, ViewLayer | Updating Camera
Fra:1 Mem:15.19M (Peak 17.27M) | Time:00:00.00 | Mem:0.00M, Peak:0.00M | Scene, ViewLayer | Updating Meshes Flags
Fra:1 Mem:15.19M (Peak 17.27M) | Time:00:00.00 | Mem:0.00M, Peak:0.00M | Scene, ViewLayer | Updating Objects
Fra:1 Mem:15.19M (Peak 17.27M) | Time:00:00.00 | Mem:0.00M, Peak:0.00M | Scene, ViewLayer | Updating Objects | Copying Transformations to device
Fra:1 Mem:15.20M (Peak 17.27M) | Time:00:00.00 | Mem:0.02M, Peak:0.02M | Scene, ViewLayer | Updating Objects | Applying Static Transformations
Fra:1 Mem:15.20M (Peak 17.27M) | Time:00:00.00 | Mem:0.02M, Peak:0.02M | Scene, ViewLayer | Updating Particle Systems
Fra:1 Mem:15.20M (Peak 17.27M) | Time:00:00.00 | Mem:0.02M, Peak:0.02M | Scene, ViewLayer | Updating Particle Systems | Copying Particles to device
Fra:1 Mem:15.20M (Peak 17.27M) | Time:00:00.00 | Mem:0.02M, Peak:0.02M | Scene, ViewLayer | Updating Meshes
Fra:1 Mem:15.23M (Peak 17.27M) | Time:00:00.00 | Mem:0.02M, Peak:0.02M | Scene, ViewLayer | Updating Mesh | Computing attributes
Fra:1 Mem:15.30M (Peak 17.27M) | Time:00:00.00 | Mem:0.02M, Peak:0.02M | Scene, ViewLayer | Updating Mesh | Copying Attributes to device
Fra:1 Mem:15.29M (Peak 17.27M) | Time:00:00.00 | Mem:0.08M, Peak:0.08M | Scene, ViewLayer | Updating Geometry BVH shared-threshold-bridge-expo 1/1 | Building BVH
Fra:1 Mem:15.29M (Peak 17.27M) | Time:00:00.00 | Mem:0.08M, Peak:0.08M | Scene, ViewLayer | Updating Geometry BVH shared-threshold-bridge-expo 1/1 | Building BVH 0%
Fra:1 Mem:15.29M (Peak 17.27M) | Time:00:00.00 | Mem:0.08M, Peak:0.08M | Scene, ViewLayer | Updating Scene BVH | Building
Fra:1 Mem:15.29M (Peak 17.27M) | Time:00:00.00 | Mem:0.08M, Peak:0.08M | Scene, ViewLayer | Updating Scene BVH | Building BVH
Fra:1 Mem:15.29M (Peak 17.27M) | Time:00:00.00 | Mem:0.22M, Peak:0.28M | Scene, ViewLayer | Updating Scene BVH | Copying BVH to device
Fra:1 Mem:15.29M (Peak 17.27M) | Time:00:00.00 | Mem:0.22M, Peak:0.28M | Scene, ViewLayer | Updating Mesh | Computing normals
Fra:1 Mem:15.49M (Peak 17.27M) | Time:00:00.00 | Mem:0.22M, Peak:0.28M | Scene, ViewLayer | Updating Mesh | Copying Mesh to device
Fra:1 Mem:15.49M (Peak 17.27M) | Time:00:00.00 | Mem:0.42M, Peak:0.42M | Scene, ViewLayer | Updating Objects Flags
Fra:1 Mem:15.49M (Peak 17.27M) | Time:00:00.00 | Mem:0.42M, Peak:0.42M | Scene, ViewLayer | Updating Primitive Offsets
Fra:1 Mem:15.49M (Peak 17.27M) | Time:00:00.00 | Mem:0.42M, Peak:0.42M | Scene, ViewLayer | Updating Images
Fra:1 Mem:15.49M (Peak 17.27M) | Time:00:00.00 | Mem:0.42M, Peak:0.42M | Scene, ViewLayer | Updating Camera Volume
Fra:1 Mem:15.49M (Peak 17.27M) | Time:00:00.00 | Mem:0.42M, Peak:0.42M | Scene, ViewLayer | Updating Lookup Tables
Fra:1 Mem:15.49M (Peak 17.27M) | Time:00:00.00 | Mem:0.50M, Peak:0.50M | Scene, ViewLayer | Updating Lights
Fra:1 Mem:15.49M (Peak 17.27M) | Time:00:00.00 | Mem:0.50M, Peak:0.50M | Scene, ViewLayer | Updating Lights | Computing tree
Fra:1 Mem:15.49M (Peak 17.27M) | Time:00:00.00 | Mem:0.50M, Peak:0.50M | Scene, ViewLayer | Updating Integrator
Fra:1 Mem:15.49M (Peak 17.27M) | Time:00:00.00 | Mem:0.50M, Peak:0.50M | Scene, ViewLayer | Updating Film
Fra:1 Mem:15.50M (Peak 17.27M) | Time:00:00.00 | Mem:0.42M, Peak:0.50M | Scene, ViewLayer | Updating Lookup Tables
Fra:1 Mem:15.50M (Peak 17.27M) | Time:00:00.00 | Mem:0.51M, Peak:0.51M | Scene, ViewLayer | Updating Baking
Fra:1 Mem:15.50M (Peak 17.27M) | Time:00:00.00 | Mem:0.51M, Peak:0.51M | Scene, ViewLayer | Updating Device | Writing constant memory
Fra:1 Mem:15.50M (Peak 17.27M) | Time:00:00.00 | Mem:0.51M, Peak:0.51M | Scene, ViewLayer | Sample 0/20
Fra:1 Mem:35.28M (Peak 35.28M) | Time:00:00.25 | Remaining:00:04.66 | Mem:20.28M, Peak:20.28M | Scene, ViewLayer | Sample 1/20
Fra:1 Mem:44.07M (Peak 61.65M) | Time:00:06.66 | Mem:20.28M, Peak:20.28M | Scene, ViewLayer | Sample 20/20
Fra:1 Mem:44.07M (Peak 61.65M) | Time:00:06.66 | Mem:20.28M, Peak:20.28M | Scene, ViewLayer | Finished
Saved: '/workspace/scratch/7c20b5ba4165/atlas-stage2-recovery/tools/assets/skytrain-stations-stage2/qa/previews/stadium-chinatown-platform.png'
Time: 00:06.82 (Saving: 00:00.15)

Extensions: writing cache failed ([Errno 30] Read-only file system: '/home/agent/.config/blender').
08:34:37 | INFO: Data are loaded, start creating Blender stuff
08:34:37 | INFO: Blender create Mesh node Cube.124
08:34:37 | INFO: Blender create Mesh node Cube.001
08:34:37 | INFO: Blender create Mesh node Cube.138
08:34:37 | INFO: Blender create Mesh node Cube.071
08:34:37 | INFO: Blender create Mesh node Cube.220
08:34:37 | INFO: Blender create Mesh node Cube.074
08:34:37 | INFO: Blender create Mesh node Cube.139
08:34:37 | INFO: Blender create Mesh node Cube.059
08:34:37 | INFO: Blender create Mesh node Cube.060
08:34:37 | INFO: Blender create Mesh node Cube.004
08:34:37 | INFO: Blender create Mesh node Cube.003
08:34:37 | INFO: Blender create Mesh node shared-threshold-bridge-expo
08:34:37 | INFO: Blender create Mesh node Cube.143
08:34:37 | INFO: Blender create Mesh node Cube.193
08:34:37 | INFO: Blender create Mesh node Cube.144
08:34:37 | INFO: Blender create Mesh node Cube
08:34:37 | INFO: Blender create Mesh node Cube.072
08:34:37 | INFO: Blender create Mesh node Cube.073
08:34:37 | INFO: Blender create Mesh node Cube.090
08:34:37 | INFO: Blender create Mesh node Cube.107
08:34:37 | INFO: Blender create Mesh node Cube.133
08:34:37 | INFO: Blender create Mesh node Cube.135
08:34:37 | INFO: Blender create Mesh node Cube.128
08:34:37 | INFO: Blender create Mesh node Cube.132
08:34:37 | INFO: Blender create Mesh node Cube.134
08:34:37 | INFO: Blender create Mesh node Cube.130
08:34:37 | INFO: Blender create Mesh node Cube.131
08:34:37 | INFO: Blender create Mesh node Cube.129
08:34:37 | INFO: glTF import finished in 0.04s
Fra:1 Mem:17.17M (Peak 17.17M) | Time:00:00.00 | Mem:0.00M, Peak:0.00M | Scene, ViewLayer | Synchronizing object | batch-lift-shaft-steel
Fra:1 Mem:17.19M (Peak 17.19M) | Time:00:00.00 | Mem:0.00M, Peak:0.00M | Scene, ViewLayer | Synchronizing object | batch-rail-steel
Fra:1 Mem:17.21M (Peak 17.21M) | Time:00:00.00 | Mem:0.00M, Peak:0.00M | Scene, ViewLayer | Synchronizing object | qa-human-head
Fra:1 Mem:17.46M (Peak 17.46M) | Time:00:00.00 | Mem:0.00M, Peak:0.00M | Scene, ViewLayer | Synchronizing object | qa-human-leg2
Fra:1 Mem:17.46M (Peak 17.46M) | Time:00:00.00 | Mem:0.00M, Peak:0.00M | Scene, ViewLayer | Synchronizing object | qa-human-leg1
Fra:1 Mem:17.46M (Peak 17.46M) | Time:00:00.00 | Mem:0.00M, Peak:0.00M | Scene, ViewLayer | Synchronizing object | qa-human-body
Fra:1 Mem:17.46M (Peak 17.46M) | Time:00:00.00 | Mem:0.00M, Peak:0.00M | Scene, ViewLayer | Synchronizing object | floor-main-expo-lift-upper
Fra:1 Mem:17.31M (Peak 17.46M) | Time:00:00.00 | Mem:0.00M, Peak:0.00M | Scene, ViewLayer | Synchronizing object | floor-main-expo-lift-top
Fra:1 Mem:17.34M (Peak 17.46M) | Time:00:00.00 | Mem:0.00M, Peak:0.00M | Scene, ViewLayer | Synchronizing object | floor-main-expo-lift-side
Fra:1 Mem:17.35M (Peak 17.46M) | Time:00:00.00 | Mem:0.00M, Peak:0.00M | Scene, ViewLayer | Synchronizing object | floor-main-expo-lift-mid-2
Fra:1 Mem:17.46M (Peak 17.46M) | Time:00:00.00 | Mem:0.00M, Peak:0.00M | Scene, ViewLayer | Synchronizing object | floor-main-expo-lift-mid-1
Fra:1 Mem:17.46M (Peak 17.46M) | Time:00:00.00 | Mem:0.00M, Peak:0.00M | Scene, ViewLayer | Synchronizing object | floor-main-expo-lift-lower
Fra:1 Mem:17.46M (Peak 17.46M) | Time:00:00.00 | Mem:0.00M, Peak:0.00M | Scene, ViewLayer | Synchronizing object | floor-main-expo-lift-corridor-2
Fra:1 Mem:17.47M (Peak 17.47M) | Time:00:00.00 | Mem:0.00M, Peak:0.00M | Scene, ViewLayer | Synchronizing object | floor-main-expo-lift-corridor-1
Fra:1 Mem:17.46M (Peak 17.47M) | Time:00:00.00 | Mem:0.00M, Peak:0.00M | Scene, ViewLayer | Synchronizing object | floor-main-expo-landing-3
Fra:1 Mem:17.36M (Peak 17.47M) | Time:00:00.00 | Mem:0.00M, Peak:0.00M | Scene, ViewLayer | Synchronizing object | floor-main-expo-landing-2
Fra:1 Mem:17.34M (Peak 17.47M) | Time:00:00.00 | Mem:0.00M, Peak:0.00M | Scene, ViewLayer | Synchronizing object | batch-sign-expo
Fra:1 Mem:17.33M (Peak 17.47M) | Time:00:00.00 | Mem:0.00M, Peak:0.00M | Scene, ViewLayer | Synchronizing object | floor-main-expo-landing-1
Fra:1 Mem:17.34M (Peak 17.47M) | Time:00:00.00 | Mem:0.00M, Peak:0.00M | Scene, ViewLayer | Synchronizing object | floor-main-expo-landing
Fra:1 Mem:17.34M (Peak 17.47M) | Time:00:00.00 | Mem:0.00M, Peak:0.00M | Scene, ViewLayer | Synchronizing object | batch-stair-tread-concrete
Fra:1 Mem:17.34M (Peak 17.47M) | Time:00:00.00 | Mem:0.00M, Peak:0.00M | Scene, ViewLayer | Synchronizing object | floor-main-expo
Fra:1 Mem:17.37M (Peak 17.47M) | Time:00:00.00 | Mem:0.00M, Peak:0.00M | Scene, ViewLayer | Synchronizing object | floor-main-east-top
Fra:1 Mem:17.82M (Peak 17.82M) | Time:00:00.00 | Mem:0.00M, Peak:0.00M | Scene, ViewLayer | Synchronizing object | floor-main-east-lift-upper
Fra:1 Mem:17.82M (Peak 17.82M) | Time:00:00.00 | Mem:0.00M, Peak:0.00M | Scene, ViewLayer | Synchronizing object | floor-main-east-entry
Fra:1 Mem:17.82M (Peak 17.82M) | Time:00:00.00 | Mem:0.00M, Peak:0.00M | Scene, ViewLayer | Synchronizing object | bridge-main-expo-eastbound-car1-door1
Fra:1 Mem:17.82M (Peak 17.82M) | Time:00:00.00 | Mem:0.00M, Peak:0.00M | Scene, ViewLayer | Synchronizing object | batch-trackbed-concrete
Fra:1 Mem:17.83M (Peak 17.83M) | Time:00:00.00 | Mem:0.00M, Peak:0.00M | Scene, ViewLayer | Synchronizing object | batch-static-yellow
Fra:1 Mem:17.90M (Peak 17.90M) | Time:00:00.00 | Mem:0.00M, Peak:0.00M | Scene, ViewLayer | Synchronizing object | batch-static-wood
Fra:1 Mem:17.55M (Peak 17.90M) | Time:00:00.00 | Mem:0.00M, Peak:0.00M | Scene, ViewLayer | Synchronizing object | batch-static-steel
Fra:1 Mem:17.65M (Peak 17.90M) | Time:00:00.00 | Mem:0.00M, Peak:0.00M | Scene, ViewLayer | Synchronizing object | batch-static-concrete
Fra:1 Mem:17.60M (Peak 17.90M) | Time:00:00.00 | Mem:0.00M, Peak:0.00M | Scene, ViewLayer | Initializing
Fra:1 Mem:15.48M (Peak 17.90M) | Time:00:00.00 | Mem:0.00M, Peak:0.00M | Scene, ViewLayer | Waiting for render to start
Fra:1 Mem:15.48M (Peak 17.90M) | Time:00:00.00 | Mem:0.00M, Peak:0.00M | Scene, ViewLayer | Loading render kernels (may take a few minutes the first time)
Fra:1 Mem:15.48M (Peak 17.90M) | Time:00:00.00 | Mem:0.00M, Peak:0.00M | Scene, ViewLayer | Updating Scene
Fra:1 Mem:15.48M (Peak 17.90M) | Time:00:00.00 | Mem:0.00M, Peak:0.00M | Scene, ViewLayer | Updating Shaders
Fra:1 Mem:15.57M (Peak 17.90M) | Time:00:00.00 | Mem:0.00M, Peak:0.00M | Scene, ViewLayer | Updating Procedurals
Fra:1 Mem:15.57M (Peak 17.90M) | Time:00:00.00 | Mem:0.00M, Peak:0.00M | Scene, ViewLayer | Updating Background
Fra:1 Mem:15.57M (Peak 17.90M) | Time:00:00.00 | Mem:0.00M, Peak:0.00M | Scene, ViewLayer | Updating Camera
Fra:1 Mem:15.57M (Peak 17.90M) | Time:00:00.00 | Mem:0.00M, Peak:0.00M | Scene, ViewLayer | Updating Meshes Flags
Fra:1 Mem:15.57M (Peak 17.90M) | Time:00:00.00 | Mem:0.00M, Peak:0.00M | Scene, ViewLayer | Updating Objects
Fra:1 Mem:15.57M (Peak 17.90M) | Time:00:00.00 | Mem:0.00M, Peak:0.00M | Scene, ViewLayer | Updating Objects | Copying Transformations to device
Fra:1 Mem:15.58M (Peak 17.90M) | Time:00:00.00 | Mem:0.02M, Peak:0.02M | Scene, ViewLayer | Updating Objects | Applying Static Transformations
Fra:1 Mem:15.58M (Peak 17.90M) | Time:00:00.00 | Mem:0.02M, Peak:0.02M | Scene, ViewLayer | Updating Particle Systems
Fra:1 Mem:15.58M (Peak 17.90M) | Time:00:00.00 | Mem:0.02M, Peak:0.02M | Scene, ViewLayer | Updating Particle Systems | Copying Particles to device
Fra:1 Mem:15.58M (Peak 17.90M) | Time:00:00.00 | Mem:0.02M, Peak:0.02M | Scene, ViewLayer | Updating Meshes
Fra:1 Mem:15.62M (Peak 17.90M) | Time:00:00.00 | Mem:0.02M, Peak:0.02M | Scene, ViewLayer | Updating Mesh | Computing attributes
Fra:1 Mem:15.71M (Peak 17.90M) | Time:00:00.00 | Mem:0.02M, Peak:0.02M | Scene, ViewLayer | Updating Mesh | Copying Attributes to device
Fra:1 Mem:15.70M (Peak 17.90M) | Time:00:00.00 | Mem:0.10M, Peak:0.10M | Scene, ViewLayer | Updating Geometry BVH shared-threshold-bridge-expo 1/1 | Building BVH
Fra:1 Mem:15.70M (Peak 17.90M) | Time:00:00.00 | Mem:0.10M, Peak:0.10M | Scene, ViewLayer | Updating Geometry BVH shared-threshold-bridge-expo 1/1 | Building BVH 0%
Fra:1 Mem:15.70M (Peak 17.90M) | Time:00:00.00 | Mem:0.10M, Peak:0.10M | Scene, ViewLayer | Updating Scene BVH | Building
Fra:1 Mem:15.70M (Peak 17.90M) | Time:00:00.00 | Mem:0.10M, Peak:0.10M | Scene, ViewLayer | Updating Scene BVH | Building BVH
Fra:1 Mem:15.70M (Peak 17.90M) | Time:00:00.00 | Mem:0.28M, Peak:0.36M | Scene, ViewLayer | Updating Scene BVH | Copying BVH to device
Fra:1 Mem:15.70M (Peak 17.90M) | Time:00:00.00 | Mem:0.28M, Peak:0.36M | Scene, ViewLayer | Updating Mesh | Computing normals
Fra:1 Mem:15.96M (Peak 17.90M) | Time:00:00.01 | Mem:0.28M, Peak:0.36M | Scene, ViewLayer | Updating Mesh | Copying Mesh to device
Fra:1 Mem:15.96M (Peak 17.90M) | Time:00:00.01 | Mem:0.55M, Peak:0.55M | Scene, ViewLayer | Updating Objects Flags
Fra:1 Mem:15.96M (Peak 17.90M) | Time:00:00.01 | Mem:0.55M, Peak:0.55M | Scene, ViewLayer | Updating Primitive Offsets
Fra:1 Mem:15.96M (Peak 17.90M) | Time:00:00.01 | Mem:0.55M, Peak:0.55M | Scene, ViewLayer | Updating Images
Fra:1 Mem:15.96M (Peak 17.90M) | Time:00:00.01 | Mem:0.55M, Peak:0.55M | Scene, ViewLayer | Updating Camera Volume
Fra:1 Mem:15.96M (Peak 17.90M) | Time:00:00.01 | Mem:0.55M, Peak:0.55M | Scene, ViewLayer | Updating Lookup Tables
Fra:1 Mem:15.96M (Peak 17.90M) | Time:00:00.01 | Mem:0.63M, Peak:0.63M | Scene, ViewLayer | Updating Lights
Fra:1 Mem:15.96M (Peak 17.90M) | Time:00:00.01 | Mem:0.63M, Peak:0.63M | Scene, ViewLayer | Updating Lights | Computing tree
Fra:1 Mem:15.96M (Peak 17.90M) | Time:00:00.01 | Mem:0.63M, Peak:0.63M | Scene, ViewLayer | Updating Integrator
Fra:1 Mem:15.96M (Peak 17.90M) | Time:00:00.01 | Mem:0.63M, Peak:0.63M | Scene, ViewLayer | Updating Film
Fra:1 Mem:15.97M (Peak 17.90M) | Time:00:00.01 | Mem:0.55M, Peak:0.63M | Scene, ViewLayer | Updating Lookup Tables
Fra:1 Mem:15.97M (Peak 17.90M) | Time:00:00.01 | Mem:0.63M, Peak:0.63M | Scene, ViewLayer | Updating Baking
Fra:1 Mem:15.97M (Peak 17.90M) | Time:00:00.01 | Mem:0.63M, Peak:0.63M | Scene, ViewLayer | Updating Device | Writing constant memory
Fra:1 Mem:15.97M (Peak 17.90M) | Time:00:00.01 | Mem:0.63M, Peak:0.63M | Scene, ViewLayer | Sample 0/20
Fra:1 Mem:42.41M (Peak 42.41M) | Time:00:00.17 | Remaining:00:03.09 | Mem:27.07M, Peak:27.07M | Scene, ViewLayer | Sample 1/20
Fra:1 Mem:54.16M (Peak 77.66M) | Time:00:03.06 | Mem:27.07M, Peak:27.07M | Scene, ViewLayer | Sample 20/20
Fra:1 Mem:54.16M (Peak 77.66M) | Time:00:03.06 | Mem:27.07M, Peak:27.07M | Scene, ViewLayer | Finished
Saved: '/workspace/scratch/7c20b5ba4165/atlas-stage2-recovery/tools/assets/skytrain-stations-stage2/qa/previews/main-street-science-world-cutaway.png'
Time: 00:03.20 (Saving: 00:00.13)

Fra:1 Mem:17.23M (Peak 17.23M) | Time:00:00.00 | Mem:0.00M, Peak:0.00M | Scene, ViewLayer | Synchronizing object | batch-lift-shaft-steel
Fra:1 Mem:17.25M (Peak 17.25M) | Time:00:00.00 | Mem:0.00M, Peak:0.00M | Scene, ViewLayer | Synchronizing object | batch-rail-steel
Fra:1 Mem:17.28M (Peak 17.28M) | Time:00:00.00 | Mem:0.00M, Peak:0.00M | Scene, ViewLayer | Synchronizing object | qa-human-head
Fra:1 Mem:17.50M (Peak 17.50M) | Time:00:00.00 | Mem:0.00M, Peak:0.00M | Scene, ViewLayer | Synchronizing object | qa-human-leg2
Fra:1 Mem:17.51M (Peak 17.51M) | Time:00:00.00 | Mem:0.00M, Peak:0.00M | Scene, ViewLayer | Synchronizing object | qa-human-leg1
Fra:1 Mem:17.51M (Peak 17.51M) | Time:00:00.00 | Mem:0.00M, Peak:0.00M | Scene, ViewLayer | Synchronizing object | qa-human-body
Fra:1 Mem:17.51M (Peak 17.51M) | Time:00:00.00 | Mem:0.00M, Peak:0.00M | Scene, ViewLayer | Synchronizing object | floor-main-expo-lift-upper
Fra:1 Mem:17.35M (Peak 17.51M) | Time:00:00.00 | Mem:0.00M, Peak:0.00M | Scene, ViewLayer | Synchronizing object | floor-main-expo-lift-top
Fra:1 Mem:17.38M (Peak 17.51M) | Time:00:00.00 | Mem:0.00M, Peak:0.00M | Scene, ViewLayer | Synchronizing object | floor-main-expo-lift-side
Fra:1 Mem:17.39M (Peak 17.51M) | Time:00:00.00 | Mem:0.00M, Peak:0.00M | Scene, ViewLayer | Synchronizing object | floor-main-expo-lift-mid-2
Fra:1 Mem:17.41M (Peak 17.51M) | Time:00:00.00 | Mem:0.00M, Peak:0.00M | Scene, ViewLayer | Synchronizing object | floor-main-expo-lift-mid-1
Fra:1 Mem:17.51M (Peak 17.51M) | Time:00:00.00 | Mem:0.00M, Peak:0.00M | Scene, ViewLayer | Synchronizing object | floor-main-expo-lift-lower
Fra:1 Mem:17.51M (Peak 17.51M) | Time:00:00.00 | Mem:0.00M, Peak:0.00M | Scene, ViewLayer | Synchronizing object | floor-main-expo-lift-corridor-2
Fra:1 Mem:17.37M (Peak 17.51M) | Time:00:00.00 | Mem:0.00M, Peak:0.00M | Scene, ViewLayer | Synchronizing object | batch-sign-expo
Fra:1 Mem:17.37M (Peak 17.51M) | Time:00:00.00 | Mem:0.00M, Peak:0.00M | Scene, ViewLayer | Synchronizing object | floor-main-expo-lift-corridor-1
Fra:1 Mem:17.38M (Peak 17.51M) | Time:00:00.00 | Mem:0.00M, Peak:0.00M | Scene, ViewLayer | Synchronizing object | floor-main-expo-landing-3
Fra:1 Mem:17.38M (Peak 17.51M) | Time:00:00.00 | Mem:0.00M, Peak:0.00M | Scene, ViewLayer | Synchronizing object | batch-stair-tread-concrete
Fra:1 Mem:17.38M (Peak 17.51M) | Time:00:00.00 | Mem:0.00M, Peak:0.00M | Scene, ViewLayer | Synchronizing object | floor-main-expo-landing-2
Fra:1 Mem:17.42M (Peak 17.51M) | Time:00:00.00 | Mem:0.00M, Peak:0.00M | Scene, ViewLayer | Synchronizing object | floor-main-expo-landing-1
Fra:1 Mem:17.82M (Peak 17.82M) | Time:00:00.00 | Mem:0.00M, Peak:0.00M | Scene, ViewLayer | Synchronizing object | floor-main-expo-landing
Fra:1 Mem:17.83M (Peak 17.83M) | Time:00:00.00 | Mem:0.00M, Peak:0.00M | Scene, ViewLayer | Synchronizing object | floor-main-expo
Fra:1 Mem:17.83M (Peak 17.83M) | Time:00:00.00 | Mem:0.00M, Peak:0.00M | Scene, ViewLayer | Synchronizing object | floor-main-east-top
Fra:1 Mem:17.83M (Peak 17.83M) | Time:00:00.00 | Mem:0.00M, Peak:0.00M | Scene, ViewLayer | Synchronizing object | floor-main-east-lift-upper
Fra:1 Mem:17.90M (Peak 17.90M) | Time:00:00.00 | Mem:0.00M, Peak:0.00M | Scene, ViewLayer | Synchronizing object | floor-main-east-entry
Fra:1 Mem:17.92M (Peak 17.92M) | Time:00:00.00 | Mem:0.00M, Peak:0.00M | Scene, ViewLayer | Synchronizing object | bridge-main-expo-eastbound-car1-door1
Fra:1 Mem:17.50M (Peak 17.92M) | Time:00:00.00 | Mem:0.00M, Peak:0.00M | Scene, ViewLayer | Synchronizing object | batch-trackbed-concrete
Fra:1 Mem:17.60M (Peak 17.92M) | Time:00:00.00 | Mem:0.00M, Peak:0.00M | Scene, ViewLayer | Synchronizing object | batch-static-yellow
Fra:1 Mem:17.63M (Peak 17.92M) | Time:00:00.00 | Mem:0.00M, Peak:0.00M | Scene, ViewLayer | Synchronizing object | batch-static-wood
Fra:1 Mem:17.67M (Peak 17.92M) | Time:00:00.00 | Mem:0.00M, Peak:0.00M | Scene, ViewLayer | Synchronizing object | batch-static-steel
Fra:1 Mem:17.86M (Peak 17.92M) | Time:00:00.00 | Mem:0.00M, Peak:0.00M | Scene, ViewLayer | Synchronizing object | batch-static-concrete
Fra:1 Mem:17.60M (Peak 17.92M) | Time:00:00.00 | Mem:0.00M, Peak:0.00M | Scene, ViewLayer | Initializing
Fra:1 Mem:15.48M (Peak 17.92M) | Time:00:00.00 | Mem:0.00M, Peak:0.00M | Scene, ViewLayer | Waiting for render to start
Fra:1 Mem:15.48M (Peak 17.92M) | Time:00:00.00 | Mem:0.00M, Peak:0.00M | Scene, ViewLayer | Loading render kernels (may take a few minutes the first time)
Fra:1 Mem:15.48M (Peak 17.92M) | Time:00:00.00 | Mem:0.00M, Peak:0.00M | Scene, ViewLayer | Updating Scene
Fra:1 Mem:15.48M (Peak 17.92M) | Time:00:00.00 | Mem:0.00M, Peak:0.00M | Scene, ViewLayer | Updating Shaders
Fra:1 Mem:15.57M (Peak 17.92M) | Time:00:00.01 | Mem:0.00M, Peak:0.00M | Scene, ViewLayer | Updating Procedurals
Fra:1 Mem:15.57M (Peak 17.92M) | Time:00:00.01 | Mem:0.00M, Peak:0.00M | Scene, ViewLayer | Updating Background
Fra:1 Mem:15.57M (Peak 17.92M) | Time:00:00.01 | Mem:0.00M, Peak:0.00M | Scene, ViewLayer | Updating Camera
Fra:1 Mem:15.57M (Peak 17.92M) | Time:00:00.01 | Mem:0.00M, Peak:0.00M | Scene, ViewLayer | Updating Meshes Flags
Fra:1 Mem:15.57M (Peak 17.92M) | Time:00:00.01 | Mem:0.00M, Peak:0.00M | Scene, ViewLayer | Updating Objects
Fra:1 Mem:15.57M (Peak 17.92M) | Time:00:00.01 | Mem:0.00M, Peak:0.00M | Scene, ViewLayer | Updating Objects | Copying Transformations to device
Fra:1 Mem:15.58M (Peak 17.92M) | Time:00:00.01 | Mem:0.02M, Peak:0.02M | Scene, ViewLayer | Updating Objects | Applying Static Transformations
Fra:1 Mem:15.58M (Peak 17.92M) | Time:00:00.01 | Mem:0.02M, Peak:0.02M | Scene, ViewLayer | Updating Particle Systems
Fra:1 Mem:15.58M (Peak 17.92M) | Time:00:00.01 | Mem:0.02M, Peak:0.02M | Scene, ViewLayer | Updating Particle Systems | Copying Particles to device
Fra:1 Mem:15.58M (Peak 17.92M) | Time:00:00.01 | Mem:0.02M, Peak:0.02M | Scene, ViewLayer | Updating Meshes
Fra:1 Mem:15.62M (Peak 17.92M) | Time:00:00.01 | Mem:0.02M, Peak:0.02M | Scene, ViewLayer | Updating Mesh | Computing attributes
Fra:1 Mem:15.71M (Peak 17.92M) | Time:00:00.01 | Mem:0.02M, Peak:0.02M | Scene, ViewLayer | Updating Mesh | Copying Attributes to device
Fra:1 Mem:15.70M (Peak 17.92M) | Time:00:00.01 | Mem:0.10M, Peak:0.10M | Scene, ViewLayer | Updating Geometry BVH shared-threshold-bridge-expo 1/1 | Building BVH
Fra:1 Mem:15.70M (Peak 17.92M) | Time:00:00.01 | Mem:0.10M, Peak:0.10M | Scene, ViewLayer | Updating Geometry BVH shared-threshold-bridge-expo 1/1 | Building BVH 0%
Fra:1 Mem:15.70M (Peak 17.92M) | Time:00:00.01 | Mem:0.10M, Peak:0.10M | Scene, ViewLayer | Updating Scene BVH | Building
Fra:1 Mem:15.70M (Peak 17.92M) | Time:00:00.01 | Mem:0.10M, Peak:0.10M | Scene, ViewLayer | Updating Scene BVH | Building BVH
Fra:1 Mem:15.70M (Peak 17.92M) | Time:00:00.01 | Mem:0.28M, Peak:0.36M | Scene, ViewLayer | Updating Scene BVH | Copying BVH to device
Fra:1 Mem:15.70M (Peak 17.92M) | Time:00:00.01 | Mem:0.28M, Peak:0.36M | Scene, ViewLayer | Updating Mesh | Computing normals
Fra:1 Mem:15.96M (Peak 17.92M) | Time:00:00.01 | Mem:0.28M, Peak:0.36M | Scene, ViewLayer | Updating Mesh | Copying Mesh to device
Fra:1 Mem:15.96M (Peak 17.92M) | Time:00:00.01 | Mem:0.55M, Peak:0.55M | Scene, ViewLayer | Updating Objects Flags
Fra:1 Mem:15.96M (Peak 17.92M) | Time:00:00.01 | Mem:0.55M, Peak:0.55M | Scene, ViewLayer | Updating Primitive Offsets
Fra:1 Mem:15.96M (Peak 17.92M) | Time:00:00.01 | Mem:0.55M, Peak:0.55M | Scene, ViewLayer | Updating Images
Fra:1 Mem:15.96M (Peak 17.92M) | Time:00:00.01 | Mem:0.55M, Peak:0.55M | Scene, ViewLayer | Updating Camera Volume
Fra:1 Mem:15.96M (Peak 17.92M) | Time:00:00.01 | Mem:0.55M, Peak:0.55M | Scene, ViewLayer | Updating Lookup Tables
Fra:1 Mem:15.96M (Peak 17.92M) | Time:00:00.01 | Mem:0.63M, Peak:0.63M | Scene, ViewLayer | Updating Lights
Fra:1 Mem:15.96M (Peak 17.92M) | Time:00:00.01 | Mem:0.63M, Peak:0.63M | Scene, ViewLayer | Updating Lights | Computing tree
Fra:1 Mem:15.96M (Peak 17.92M) | Time:00:00.01 | Mem:0.63M, Peak:0.63M | Scene, ViewLayer | Updating Integrator
Fra:1 Mem:15.96M (Peak 17.92M) | Time:00:00.01 | Mem:0.63M, Peak:0.63M | Scene, ViewLayer | Updating Film
Fra:1 Mem:15.97M (Peak 17.92M) | Time:00:00.01 | Mem:0.55M, Peak:0.63M | Scene, ViewLayer | Updating Lookup Tables
Fra:1 Mem:15.97M (Peak 17.92M) | Time:00:00.01 | Mem:0.63M, Peak:0.63M | Scene, ViewLayer | Updating Baking
Fra:1 Mem:15.97M (Peak 17.92M) | Time:00:00.01 | Mem:0.63M, Peak:0.63M | Scene, ViewLayer | Updating Device | Writing constant memory
Fra:1 Mem:15.97M (Peak 17.92M) | Time:00:00.01 | Mem:0.63M, Peak:0.63M | Scene, ViewLayer | Sample 0/20
Fra:1 Mem:35.75M (Peak 35.75M) | Time:00:00.29 | Remaining:00:05.33 | Mem:20.41M, Peak:20.41M | Scene, ViewLayer | Sample 1/20
Fra:1 Mem:44.54M (Peak 62.12M) | Time:00:05.50 | Mem:20.41M, Peak:20.41M | Scene, ViewLayer | Sample 20/20
Fra:1 Mem:44.54M (Peak 62.12M) | Time:00:05.50 | Mem:20.41M, Peak:20.41M | Scene, ViewLayer | Finished
Saved: '/workspace/scratch/7c20b5ba4165/atlas-stage2-recovery/tools/assets/skytrain-stations-stage2/qa/previews/main-street-science-world-platform.png'
Time: 00:05.64 (Saving: 00:00.13)

Extensions: writing cache failed ([Errno 30] Read-only file system: '/home/agent/.config/blender').
08:34:46 | INFO: Data are loaded, start creating Blender stuff
08:34:46 | INFO: Blender create Mesh node Cube.104
08:34:46 | INFO: Blender create Mesh node Cube.001
08:34:46 | INFO: Blender create Mesh node Cube.118
08:34:46 | INFO: Blender create Mesh node Cube.045
08:34:46 | INFO: Blender create Mesh node Cube.133
08:34:46 | INFO: Blender create Mesh node Cube.048
08:34:46 | INFO: Blender create Mesh node Cube.039
08:34:46 | INFO: Blender create Mesh node Cube.120
08:34:46 | INFO: Blender create Mesh node Cube.040
08:34:46 | INFO: Blender create Mesh node Cube.004
08:34:46 | INFO: Blender create Mesh node Cube.003
08:34:46 | INFO: Blender create Mesh node shared-threshold-bridge-canada
08:34:46 | INFO: Blender create Mesh node Cube
08:34:46 | INFO: Blender create Mesh node Cube.046
08:34:46 | INFO: Blender create Mesh node Cube.047
08:34:46 | INFO: Blender create Mesh node Cube.066
08:34:46 | INFO: Blender create Mesh node Cube.085
08:34:46 | INFO: Blender create Mesh node Cube.113
08:34:46 | INFO: Blender create Mesh node Cube.115
08:34:46 | INFO: Blender create Mesh node Cube.108
08:34:46 | INFO: Blender create Mesh node Cube.112
08:34:46 | INFO: Blender create Mesh node Cube.114
08:34:46 | INFO: Blender create Mesh node Cube.110
08:34:47 | INFO: Blender create Mesh node Cube.111
08:34:47 | INFO: Blender create Mesh node Cube.109
08:34:47 | INFO: Blender create Mesh node Cube.119
08:34:47 | INFO: glTF import finished in 0.05s
Fra:1 Mem:16.18M (Peak 16.18M) | Time:00:00.00 | Mem:0.00M, Peak:0.00M | Scene, ViewLayer | Synchronizing object | batch-lift-shaft-steel
Fra:1 Mem:16.20M (Peak 16.20M) | Time:00:00.00 | Mem:0.00M, Peak:0.00M | Scene, ViewLayer | Synchronizing object | batch-rail-steel
Fra:1 Mem:16.20M (Peak 16.20M) | Time:00:00.00 | Mem:0.00M, Peak:0.00M | Scene, ViewLayer | Synchronizing object | qa-human-head
Fra:1 Mem:16.21M (Peak 16.21M) | Time:00:00.00 | Mem:0.00M, Peak:0.00M | Scene, ViewLayer | Synchronizing object | qa-human-leg2
Fra:1 Mem:16.21M (Peak 16.21M) | Time:00:00.00 | Mem:0.00M, Peak:0.00M | Scene, ViewLayer | Synchronizing object | qa-human-leg1
Fra:1 Mem:16.22M (Peak 16.22M) | Time:00:00.00 | Mem:0.00M, Peak:0.00M | Scene, ViewLayer | Synchronizing object | qa-human-body
Fra:1 Mem:16.22M (Peak 16.22M) | Time:00:00.00 | Mem:0.00M, Peak:0.00M | Scene, ViewLayer | Synchronizing object | floor-vcc-mall-spur
Fra:1 Mem:16.22M (Peak 16.22M) | Time:00:00.00 | Mem:0.00M, Peak:0.00M | Scene, ViewLayer | Synchronizing object | floor-vcc-canada-lift-upper
Fra:1 Mem:16.22M (Peak 16.22M) | Time:00:00.00 | Mem:0.00M, Peak:0.00M | Scene, ViewLayer | Synchronizing object | floor-vcc-canada-lift-top
Fra:1 Mem:16.22M (Peak 16.22M) | Time:00:00.00 | Mem:0.00M, Peak:0.00M | Scene, ViewLayer | Synchronizing object | floor-vcc-canada-lift-side
Fra:1 Mem:16.22M (Peak 16.22M) | Time:00:00.00 | Mem:0.00M, Peak:0.00M | Scene, ViewLayer | Synchronizing object | floor-vcc-canada-lift-mid-2
Fra:1 Mem:16.23M (Peak 16.23M) | Time:00:00.00 | Mem:0.00M, Peak:0.00M | Scene, ViewLayer | Synchronizing object | floor-vcc-canada-lift-mid-1
Fra:1 Mem:16.23M (Peak 16.23M) | Time:00:00.00 | Mem:0.00M, Peak:0.00M | Scene, ViewLayer | Synchronizing object | floor-vcc-canada-lift-lower
Fra:1 Mem:16.23M (Peak 16.23M) | Time:00:00.00 | Mem:0.00M, Peak:0.00M | Scene, ViewLayer | Synchronizing object | floor-vcc-canada-lift-corridor-2
Fra:1 Mem:16.23M (Peak 16.23M) | Time:00:00.00 | Mem:0.00M, Peak:0.00M | Scene, ViewLayer | Synchronizing object | floor-vcc-canada-lift-corridor-1
Fra:1 Mem:16.24M (Peak 16.24M) | Time:00:00.00 | Mem:0.00M, Peak:0.00M | Scene, ViewLayer | Synchronizing object | floor-vcc-canada-landing-3
Fra:1 Mem:16.24M (Peak 16.24M) | Time:00:00.00 | Mem:0.00M, Peak:0.00M | Scene, ViewLayer | Synchronizing object | floor-vcc-canada-landing-2
Fra:1 Mem:16.24M (Peak 16.24M) | Time:00:00.00 | Mem:0.00M, Peak:0.00M | Scene, ViewLayer | Synchronizing object | floor-vcc-canada-landing-1
Fra:1 Mem:16.24M (Peak 16.24M) | Time:00:00.00 | Mem:0.00M, Peak:0.00M | Scene, ViewLayer | Synchronizing object | floor-vcc-canada-landing
Fra:1 Mem:16.24M (Peak 16.24M) | Time:00:00.00 | Mem:0.00M, Peak:0.00M | Scene, ViewLayer | Synchronizing object | floor-vcc-canada
Fra:1 Mem:16.25M (Peak 16.25M) | Time:00:00.00 | Mem:0.00M, Peak:0.00M | Scene, ViewLayer | Synchronizing object | bridge-vcc-canada-northbound-car1-door1
Fra:1 Mem:16.25M (Peak 16.25M) | Time:00:00.00 | Mem:0.00M, Peak:0.00M | Scene, ViewLayer | Synchronizing object | batch-trackbed-concrete
Fra:1 Mem:16.25M (Peak 16.25M) | Time:00:00.00 | Mem:0.00M, Peak:0.00M | Scene, ViewLayer | Synchronizing object | batch-static-yellow
Fra:1 Mem:16.26M (Peak 16.26M) | Time:00:00.00 | Mem:0.00M, Peak:0.00M | Scene, ViewLayer | Synchronizing object | batch-static-wood
Fra:1 Mem:16.26M (Peak 16.26M) | Time:00:00.00 | Mem:0.00M, Peak:0.00M | Scene, ViewLayer | Synchronizing object | batch-static-wall
Fra:1 Mem:16.27M (Peak 16.27M) | Time:00:00.00 | Mem:0.00M, Peak:0.00M | Scene, ViewLayer | Synchronizing object | batch-static-steel
Fra:1 Mem:16.28M (Peak 16.28M) | Time:00:00.00 | Mem:0.00M, Peak:0.00M | Scene, ViewLayer | Synchronizing object | batch-stair-tread-concrete
Fra:1 Mem:16.39M (Peak 16.39M) | Time:00:00.00 | Mem:0.00M, Peak:0.00M | Scene, ViewLayer | Synchronizing object | batch-sign-canada
Fra:1 Mem:16.46M (Peak 16.46M) | Time:00:00.01 | Mem:0.00M, Peak:0.00M | Scene, ViewLayer | Initializing
Fra:1 Mem:14.73M (Peak 16.46M) | Time:00:00.01 | Mem:0.00M, Peak:0.00M | Scene, ViewLayer | Waiting for render to start
Fra:1 Mem:14.73M (Peak 16.46M) | Time:00:00.01 | Mem:0.00M, Peak:0.00M | Scene, ViewLayer | Loading render kernels (may take a few minutes the first time)
Fra:1 Mem:14.73M (Peak 16.46M) | Time:00:00.01 | Mem:0.00M, Peak:0.00M | Scene, ViewLayer | Updating Scene
Fra:1 Mem:14.73M (Peak 16.46M) | Time:00:00.01 | Mem:0.00M, Peak:0.00M | Scene, ViewLayer | Updating Shaders
Fra:1 Mem:14.82M (Peak 16.46M) | Time:00:00.01 | Mem:0.01M, Peak:0.01M | Scene, ViewLayer | Updating Procedurals
Fra:1 Mem:14.82M (Peak 16.46M) | Time:00:00.01 | Mem:0.01M, Peak:0.01M | Scene, ViewLayer | Updating Background
Fra:1 Mem:14.82M (Peak 16.46M) | Time:00:00.01 | Mem:0.01M, Peak:0.01M | Scene, ViewLayer | Updating Camera
Fra:1 Mem:14.82M (Peak 16.46M) | Time:00:00.01 | Mem:0.01M, Peak:0.01M | Scene, ViewLayer | Updating Meshes Flags
Fra:1 Mem:14.82M (Peak 16.46M) | Time:00:00.01 | Mem:0.01M, Peak:0.01M | Scene, ViewLayer | Updating Objects
Fra:1 Mem:14.82M (Peak 16.46M) | Time:00:00.01 | Mem:0.01M, Peak:0.01M | Scene, ViewLayer | Updating Objects | Copying Transformations to device
Fra:1 Mem:14.83M (Peak 16.46M) | Time:00:00.01 | Mem:0.02M, Peak:0.02M | Scene, ViewLayer | Updating Objects | Applying Static Transformations
Fra:1 Mem:14.83M (Peak 16.46M) | Time:00:00.01 | Mem:0.02M, Peak:0.02M | Scene, ViewLayer | Updating Particle Systems
Fra:1 Mem:14.83M (Peak 16.46M) | Time:00:00.01 | Mem:0.02M, Peak:0.02M | Scene, ViewLayer | Updating Particle Systems | Copying Particles to device
Fra:1 Mem:14.83M (Peak 16.46M) | Time:00:00.01 | Mem:0.02M, Peak:0.02M | Scene, ViewLayer | Updating Meshes
Fra:1 Mem:14.85M (Peak 16.46M) | Time:00:00.01 | Mem:0.02M, Peak:0.02M | Scene, ViewLayer | Updating Mesh | Computing attributes
Fra:1 Mem:14.91M (Peak 16.46M) | Time:00:00.01 | Mem:0.02M, Peak:0.02M | Scene, ViewLayer | Updating Mesh | Copying Attributes to device
Fra:1 Mem:14.91M (Peak 16.46M) | Time:00:00.01 | Mem:0.07M, Peak:0.07M | Scene, ViewLayer | Updating Geometry BVH shared-threshold-bridge-canada 1/1 | Building BVH
Fra:1 Mem:14.91M (Peak 16.46M) | Time:00:00.01 | Mem:0.07M, Peak:0.07M | Scene, ViewLayer | Updating Geometry BVH shared-threshold-bridge-canada 1/1 | Building BVH 0%
Fra:1 Mem:14.91M (Peak 16.46M) | Time:00:00.01 | Mem:0.07M, Peak:0.07M | Scene, ViewLayer | Updating Scene BVH | Building
Fra:1 Mem:14.91M (Peak 16.46M) | Time:00:00.01 | Mem:0.07M, Peak:0.07M | Scene, ViewLayer | Updating Scene BVH | Building BVH
Fra:1 Mem:14.91M (Peak 16.46M) | Time:00:00.01 | Mem:0.18M, Peak:0.23M | Scene, ViewLayer | Updating Scene BVH | Copying BVH to device
Fra:1 Mem:14.91M (Peak 16.46M) | Time:00:00.01 | Mem:0.18M, Peak:0.23M | Scene, ViewLayer | Updating Mesh | Computing normals
Fra:1 Mem:15.07M (Peak 16.46M) | Time:00:00.01 | Mem:0.18M, Peak:0.23M | Scene, ViewLayer | Updating Mesh | Copying Mesh to device
Fra:1 Mem:15.07M (Peak 16.46M) | Time:00:00.01 | Mem:0.35M, Peak:0.35M | Scene, ViewLayer | Updating Objects Flags
Fra:1 Mem:15.07M (Peak 16.46M) | Time:00:00.01 | Mem:0.35M, Peak:0.35M | Scene, ViewLayer | Updating Primitive Offsets
Fra:1 Mem:15.07M (Peak 16.46M) | Time:00:00.01 | Mem:0.35M, Peak:0.35M | Scene, ViewLayer | Updating Images
Fra:1 Mem:15.07M (Peak 16.46M) | Time:00:00.01 | Mem:0.35M, Peak:0.35M | Scene, ViewLayer | Updating Camera Volume
Fra:1 Mem:15.07M (Peak 16.46M) | Time:00:00.01 | Mem:0.35M, Peak:0.35M | Scene, ViewLayer | Updating Lookup Tables
Fra:1 Mem:15.07M (Peak 16.46M) | Time:00:00.01 | Mem:0.43M, Peak:0.43M | Scene, ViewLayer | Updating Lights
Fra:1 Mem:15.07M (Peak 16.46M) | Time:00:00.01 | Mem:0.43M, Peak:0.43M | Scene, ViewLayer | Updating Lights | Computing tree
Fra:1 Mem:15.07M (Peak 16.46M) | Time:00:00.01 | Mem:0.43M, Peak:0.43M | Scene, ViewLayer | Updating Integrator
Fra:1 Mem:15.07M (Peak 16.46M) | Time:00:00.01 | Mem:0.43M, Peak:0.43M | Scene, ViewLayer | Updating Film
Fra:1 Mem:15.08M (Peak 16.46M) | Time:00:00.01 | Mem:0.35M, Peak:0.43M | Scene, ViewLayer | Updating Lookup Tables
Fra:1 Mem:15.08M (Peak 16.46M) | Time:00:00.01 | Mem:0.43M, Peak:0.43M | Scene, ViewLayer | Updating Baking
Fra:1 Mem:15.08M (Peak 16.46M) | Time:00:00.01 | Mem:0.43M, Peak:0.43M | Scene, ViewLayer | Updating Device | Writing constant memory
Fra:1 Mem:15.08M (Peak 16.46M) | Time:00:00.01 | Mem:0.43M, Peak:0.43M | Scene, ViewLayer | Sample 0/20
Fra:1 Mem:41.52M (Peak 41.52M) | Time:00:00.18 | Remaining:00:03.22 | Mem:26.87M, Peak:26.87M | Scene, ViewLayer | Sample 1/20
Fra:1 Mem:53.27M (Peak 76.77M) | Time:00:03.44 | Mem:26.87M, Peak:26.87M | Scene, ViewLayer | Sample 20/20
Fra:1 Mem:53.27M (Peak 76.77M) | Time:00:03.44 | Mem:26.87M, Peak:26.87M | Scene, ViewLayer | Finished
Saved: '/workspace/scratch/7c20b5ba4165/atlas-stage2-recovery/tools/assets/skytrain-stations-stage2/qa/previews/vancouver-city-centre-cutaway.png'
Time: 00:03.60 (Saving: 00:00.15)

Fra:1 Mem:16.23M (Peak 16.23M) | Time:00:00.00 | Mem:0.00M, Peak:0.00M | Scene, ViewLayer | Synchronizing object | batch-lift-shaft-steel
Fra:1 Mem:16.24M (Peak 16.24M) | Time:00:00.00 | Mem:0.00M, Peak:0.00M | Scene, ViewLayer | Synchronizing object | batch-rail-steel
Fra:1 Mem:16.25M (Peak 16.25M) | Time:00:00.00 | Mem:0.00M, Peak:0.00M | Scene, ViewLayer | Synchronizing object | qa-human-head
Fra:1 Mem:16.40M (Peak 16.40M) | Time:00:00.00 | Mem:0.00M, Peak:0.00M | Scene, ViewLayer | Synchronizing object | qa-human-leg2
Fra:1 Mem:16.40M (Peak 16.40M) | Time:00:00.00 | Mem:0.00M, Peak:0.00M | Scene, ViewLayer | Synchronizing object | qa-human-leg1
Fra:1 Mem:16.40M (Peak 16.40M) | Time:00:00.00 | Mem:0.00M, Peak:0.00M | Scene, ViewLayer | Synchronizing object | qa-human-body
Fra:1 Mem:16.41M (Peak 16.41M) | Time:00:00.00 | Mem:0.00M, Peak:0.00M | Scene, ViewLayer | Synchronizing object | floor-vcc-mall-spur
Fra:1 Mem:16.33M (Peak 16.41M) | Time:00:00.00 | Mem:0.00M, Peak:0.00M | Scene, ViewLayer | Synchronizing object | floor-vcc-canada-lift-upper
Fra:1 Mem:16.40M (Peak 16.41M) | Time:00:00.00 | Mem:0.00M, Peak:0.00M | Scene, ViewLayer | Synchronizing object | floor-vcc-canada-lift-top
Fra:1 Mem:16.41M (Peak 16.41M) | Time:00:00.00 | Mem:0.00M, Peak:0.00M | Scene, ViewLayer | Synchronizing object | floor-vcc-canada-lift-side
Fra:1 Mem:16.40M (Peak 16.41M) | Time:00:00.00 | Mem:0.00M, Peak:0.00M | Scene, ViewLayer | Synchronizing object | floor-vcc-canada-lift-mid-2
Fra:1 Mem:16.31M (Peak 16.41M) | Time:00:00.00 | Mem:0.00M, Peak:0.00M | Scene, ViewLayer | Synchronizing object | floor-vcc-canada-lift-mid-1
Fra:1 Mem:16.31M (Peak 16.41M) | Time:00:00.00 | Mem:0.00M, Peak:0.00M | Scene, ViewLayer | Synchronizing object | batch-sign-canada
Fra:1 Mem:16.33M (Peak 16.41M) | Time:00:00.00 | Mem:0.00M, Peak:0.00M | Scene, ViewLayer | Synchronizing object | floor-vcc-canada-lift-lower
Fra:1 Mem:16.33M (Peak 16.41M) | Time:00:00.00 | Mem:0.00M, Peak:0.00M | Scene, ViewLayer | Synchronizing object | batch-stair-tread-concrete
Fra:1 Mem:16.33M (Peak 16.41M) | Time:00:00.00 | Mem:0.00M, Peak:0.00M | Scene, ViewLayer | Synchronizing object | floor-vcc-canada-lift-corridor-2
Fra:1 Mem:16.35M (Peak 16.41M) | Time:00:00.00 | Mem:0.00M, Peak:0.00M | Scene, ViewLayer | Synchronizing object | floor-vcc-canada-lift-corridor-1
Fra:1 Mem:16.58M (Peak 16.58M) | Time:00:00.00 | Mem:0.00M, Peak:0.00M | Scene, ViewLayer | Synchronizing object | floor-vcc-canada-landing-3
Fra:1 Mem:16.44M (Peak 16.58M) | Time:00:00.00 | Mem:0.00M, Peak:0.00M | Scene, ViewLayer | Synchronizing object | floor-vcc-canada-landing-2
Fra:1 Mem:16.46M (Peak 16.58M) | Time:00:00.00 | Mem:0.00M, Peak:0.00M | Scene, ViewLayer | Synchronizing object | floor-vcc-canada-landing-1
Fra:1 Mem:16.58M (Peak 16.58M) | Time:00:00.00 | Mem:0.00M, Peak:0.00M | Scene, ViewLayer | Synchronizing object | floor-vcc-canada-landing
Fra:1 Mem:16.58M (Peak 16.58M) | Time:00:00.00 | Mem:0.00M, Peak:0.00M | Scene, ViewLayer | Synchronizing object | floor-vcc-canada
Fra:1 Mem:16.58M (Peak 16.58M) | Time:00:00.00 | Mem:0.00M, Peak:0.00M | Scene, ViewLayer | Synchronizing object | bridge-vcc-canada-northbound-car1-door1
Fra:1 Mem:16.48M (Peak 16.58M) | Time:00:00.00 | Mem:0.00M, Peak:0.00M | Scene, ViewLayer | Synchronizing object | batch-trackbed-concrete
Fra:1 Mem:16.47M (Peak 16.58M) | Time:00:00.00 | Mem:0.00M, Peak:0.00M | Scene, ViewLayer | Synchronizing object | batch-static-yellow
Fra:1 Mem:16.45M (Peak 16.58M) | Time:00:00.00 | Mem:0.00M, Peak:0.00M | Scene, ViewLayer | Synchronizing object | batch-static-steel
Fra:1 Mem:16.45M (Peak 16.58M) | Time:00:00.00 | Mem:0.00M, Peak:0.00M | Scene, ViewLayer | Synchronizing object | batch-static-wood
Fra:1 Mem:16.47M (Peak 16.58M) | Time:00:00.00 | Mem:0.00M, Peak:0.00M | Scene, ViewLayer | Synchronizing object | batch-static-wall
Fra:1 Mem:16.46M (Peak 16.58M) | Time:00:00.00 | Mem:0.00M, Peak:0.00M | Scene, ViewLayer | Initializing
Fra:1 Mem:14.73M (Peak 16.58M) | Time:00:00.00 | Mem:0.00M, Peak:0.00M | Scene, ViewLayer | Waiting for render to start
Fra:1 Mem:14.73M (Peak 16.58M) | Time:00:00.00 | Mem:0.00M, Peak:0.00M | Scene, ViewLayer | Loading render kernels (may take a few minutes the first time)
Fra:1 Mem:14.73M (Peak 16.58M) | Time:00:00.00 | Mem:0.00M, Peak:0.00M | Scene, ViewLayer | Updating Scene
Fra:1 Mem:14.73M (Peak 16.58M) | Time:00:00.00 | Mem:0.00M, Peak:0.00M | Scene, ViewLayer | Updating Shaders
Fra:1 Mem:14.82M (Peak 16.58M) | Time:00:00.00 | Mem:0.01M, Peak:0.01M | Scene, ViewLayer | Updating Procedurals
Fra:1 Mem:14.82M (Peak 16.58M) | Time:00:00.00 | Mem:0.01M, Peak:0.01M | Scene, ViewLayer | Updating Background
Fra:1 Mem:14.82M (Peak 16.58M) | Time:00:00.00 | Mem:0.01M, Peak:0.01M | Scene, ViewLayer | Updating Camera
Fra:1 Mem:14.82M (Peak 16.58M) | Time:00:00.00 | Mem:0.01M, Peak:0.01M | Scene, ViewLayer | Updating Meshes Flags
Fra:1 Mem:14.82M (Peak 16.58M) | Time:00:00.00 | Mem:0.01M, Peak:0.01M | Scene, ViewLayer | Updating Objects
Fra:1 Mem:14.82M (Peak 16.58M) | Time:00:00.00 | Mem:0.01M, Peak:0.01M | Scene, ViewLayer | Updating Objects | Copying Transformations to device
Fra:1 Mem:14.83M (Peak 16.58M) | Time:00:00.00 | Mem:0.02M, Peak:0.02M | Scene, ViewLayer | Updating Objects | Applying Static Transformations
Fra:1 Mem:14.83M (Peak 16.58M) | Time:00:00.00 | Mem:0.02M, Peak:0.02M | Scene, ViewLayer | Updating Particle Systems
Fra:1 Mem:14.83M (Peak 16.58M) | Time:00:00.00 | Mem:0.02M, Peak:0.02M | Scene, ViewLayer | Updating Particle Systems | Copying Particles to device
Fra:1 Mem:14.83M (Peak 16.58M) | Time:00:00.00 | Mem:0.02M, Peak:0.02M | Scene, ViewLayer | Updating Meshes
Fra:1 Mem:14.85M (Peak 16.58M) | Time:00:00.00 | Mem:0.02M, Peak:0.02M | Scene, ViewLayer | Updating Mesh | Computing attributes
Fra:1 Mem:14.91M (Peak 16.58M) | Time:00:00.00 | Mem:0.02M, Peak:0.02M | Scene, ViewLayer | Updating Mesh | Copying Attributes to device
Fra:1 Mem:14.91M (Peak 16.58M) | Time:00:00.00 | Mem:0.07M, Peak:0.07M | Scene, ViewLayer | Updating Geometry BVH shared-threshold-bridge-canada 1/1 | Building BVH
Fra:1 Mem:14.91M (Peak 16.58M) | Time:00:00.00 | Mem:0.07M, Peak:0.07M | Scene, ViewLayer | Updating Geometry BVH shared-threshold-bridge-canada 1/1 | Building BVH 0%
Fra:1 Mem:14.91M (Peak 16.58M) | Time:00:00.00 | Mem:0.07M, Peak:0.07M | Scene, ViewLayer | Updating Scene BVH | Building
Fra:1 Mem:14.91M (Peak 16.58M) | Time:00:00.00 | Mem:0.07M, Peak:0.07M | Scene, ViewLayer | Updating Scene BVH | Building BVH
Fra:1 Mem:14.91M (Peak 16.58M) | Time:00:00.00 | Mem:0.18M, Peak:0.23M | Scene, ViewLayer | Updating Scene BVH | Copying BVH to device
Fra:1 Mem:14.91M (Peak 16.58M) | Time:00:00.00 | Mem:0.18M, Peak:0.23M | Scene, ViewLayer | Updating Mesh | Computing normals
Fra:1 Mem:15.07M (Peak 16.58M) | Time:00:00.00 | Mem:0.18M, Peak:0.23M | Scene, ViewLayer | Updating Mesh | Copying Mesh to device
Fra:1 Mem:15.07M (Peak 16.58M) | Time:00:00.00 | Mem:0.35M, Peak:0.35M | Scene, ViewLayer | Updating Objects Flags
Fra:1 Mem:15.07M (Peak 16.58M) | Time:00:00.00 | Mem:0.35M, Peak:0.35M | Scene, ViewLayer | Updating Primitive Offsets
Fra:1 Mem:15.07M (Peak 16.58M) | Time:00:00.00 | Mem:0.35M, Peak:0.35M | Scene, ViewLayer | Updating Images
Fra:1 Mem:15.07M (Peak 16.58M) | Time:00:00.00 | Mem:0.35M, Peak:0.35M | Scene, ViewLayer | Updating Camera Volume
Fra:1 Mem:15.07M (Peak 16.58M) | Time:00:00.00 | Mem:0.35M, Peak:0.35M | Scene, ViewLayer | Updating Lookup Tables
Fra:1 Mem:15.07M (Peak 16.58M) | Time:00:00.00 | Mem:0.43M, Peak:0.43M | Scene, ViewLayer | Updating Lights
Fra:1 Mem:15.07M (Peak 16.58M) | Time:00:00.00 | Mem:0.43M, Peak:0.43M | Scene, ViewLayer | Updating Lights | Computing tree
Fra:1 Mem:15.07M (Peak 16.58M) | Time:00:00.00 | Mem:0.43M, Peak:0.43M | Scene, ViewLayer | Updating Integrator
Fra:1 Mem:15.07M (Peak 16.58M) | Time:00:00.00 | Mem:0.43M, Peak:0.43M | Scene, ViewLayer | Updating Film
Fra:1 Mem:15.08M (Peak 16.58M) | Time:00:00.00 | Mem:0.35M, Peak:0.43M | Scene, ViewLayer | Updating Lookup Tables
Fra:1 Mem:15.08M (Peak 16.58M) | Time:00:00.00 | Mem:0.43M, Peak:0.43M | Scene, ViewLayer | Updating Baking
Fra:1 Mem:15.08M (Peak 16.58M) | Time:00:00.00 | Mem:0.43M, Peak:0.43M | Scene, ViewLayer | Updating Device | Writing constant memory
Fra:1 Mem:15.08M (Peak 16.58M) | Time:00:00.00 | Mem:0.43M, Peak:0.43M | Scene, ViewLayer | Sample 0/20
Fra:1 Mem:34.86M (Peak 34.86M) | Time:00:00.26 | Remaining:00:04.86 | Mem:20.21M, Peak:20.21M | Scene, ViewLayer | Sample 1/20
Fra:1 Mem:43.65M (Peak 61.23M) | Time:00:05.01 | Mem:20.21M, Peak:20.21M | Scene, ViewLayer | Sample 20/20
Fra:1 Mem:43.65M (Peak 61.23M) | Time:00:05.01 | Mem:20.21M, Peak:20.21M | Scene, ViewLayer | Finished
Saved: '/workspace/scratch/7c20b5ba4165/atlas-stage2-recovery/tools/assets/skytrain-stations-stage2/qa/previews/vancouver-city-centre-platform.png'
Time: 00:05.12 (Saving: 00:00.10)

Extensions: writing cache failed ([Errno 30] Read-only file system: '/home/agent/.config/blender').
08:34:55 | INFO: Data are loaded, start creating Blender stuff
08:34:55 | INFO: Blender create Mesh node Cube.143
08:34:55 | INFO: Blender create Mesh node Cube.001
08:34:55 | INFO: Blender create Mesh node Cube.045
08:34:55 | INFO: Blender create Mesh node Cube.159
08:34:55 | INFO: Blender create Mesh node Cube.174
08:34:55 | INFO: Blender create Mesh node Cube.048
08:34:55 | INFO: Blender create Mesh node Cube.157
08:34:55 | INFO: Blender create Mesh node Cube.039
08:34:55 | INFO: Blender create Mesh node Cube.040
08:34:55 | INFO: Blender create Mesh node Cube.004
08:34:55 | INFO: Blender create Mesh node Cube.003
08:34:55 | INFO: Blender create Mesh node shared-threshold-bridge-canada
08:34:55 | INFO: Blender create Mesh node Cube
08:34:55 | INFO: Blender create Mesh node Cube.046
08:34:55 | INFO: Blender create Mesh node Cube.047
08:34:55 | INFO: Blender create Mesh node Cube.071
08:34:55 | INFO: Blender create Mesh node Cube.095
08:34:55 | INFO: Blender create Mesh node Cube.119
08:34:55 | INFO: Blender create Mesh node Cube.152
08:34:55 | INFO: Blender create Mesh node Cube.154
08:34:55 | INFO: Blender create Mesh node Cube.156
08:34:55 | INFO: Blender create Mesh node Cube.147
08:34:55 | INFO: Blender create Mesh node Cube.151
08:34:55 | INFO: Blender create Mesh node Cube.153
08:34:55 | INFO: Blender create Mesh node Cube.155
08:34:55 | INFO: Blender create Mesh node Cube.149
08:34:55 | INFO: Blender create Mesh node Cube.150
08:34:55 | INFO: Blender create Mesh node Cube.148
08:34:55 | INFO: glTF import finished in 0.05s
Fra:1 Mem:16.36M (Peak 16.36M) | Time:00:00.00 | Mem:0.00M, Peak:0.00M | Scene, ViewLayer | Synchronizing object | batch-lift-shaft-steel
Fra:1 Mem:16.37M (Peak 16.37M) | Time:00:00.00 | Mem:0.00M, Peak:0.00M | Scene, ViewLayer | Synchronizing object | batch-rail-steel
Fra:1 Mem:16.48M (Peak 16.48M) | Time:00:00.00 | Mem:0.00M, Peak:0.00M | Scene, ViewLayer | Synchronizing object | qa-human-head
Fra:1 Mem:16.54M (Peak 16.54M) | Time:00:00.00 | Mem:0.00M, Peak:0.00M | Scene, ViewLayer | Synchronizing object | qa-human-leg2
Fra:1 Mem:16.54M (Peak 16.54M) | Time:00:00.00 | Mem:0.00M, Peak:0.00M | Scene, ViewLayer | Synchronizing object | qa-human-leg1
Fra:1 Mem:16.51M (Peak 16.54M) | Time:00:00.00 | Mem:0.00M, Peak:0.00M | Scene, ViewLayer | Synchronizing object | qa-human-body
Fra:1 Mem:16.53M (Peak 16.54M) | Time:00:00.00 | Mem:0.00M, Peak:0.00M | Scene, ViewLayer | Synchronizing object | floor-yaletown-canada-lift-upper
Fra:1 Mem:16.46M (Peak 16.54M) | Time:00:00.00 | Mem:0.00M, Peak:0.00M | Scene, ViewLayer | Synchronizing object | batch-sign-canada
Fra:1 Mem:16.47M (Peak 16.54M) | Time:00:00.00 | Mem:0.00M, Peak:0.00M | Scene, ViewLayer | Synchronizing object | floor-yaletown-canada-lift-top
Fra:1 Mem:16.46M (Peak 16.54M) | Time:00:00.00 | Mem:0.00M, Peak:0.00M | Scene, ViewLayer | Synchronizing object | batch-stair-tread-concrete
Fra:1 Mem:16.49M (Peak 16.54M) | Time:00:00.00 | Mem:0.00M, Peak:0.00M | Scene, ViewLayer | Synchronizing object | floor-yaletown-canada-lift-side
Fra:1 Mem:17.00M (Peak 17.00M) | Time:00:00.00 | Mem:0.00M, Peak:0.00M | Scene, ViewLayer | Synchronizing object | floor-yaletown-canada-lift-mid-3
Fra:1 Mem:17.00M (Peak 17.00M) | Time:00:00.00 | Mem:0.00M, Peak:0.00M | Scene, ViewLayer | Synchronizing object | floor-yaletown-canada-lift-mid-2
Fra:1 Mem:17.00M (Peak 17.00M) | Time:00:00.00 | Mem:0.00M, Peak:0.00M | Scene, ViewLayer | Synchronizing object | floor-yaletown-canada-lift-mid-1
Fra:1 Mem:17.01M (Peak 17.01M) | Time:00:00.00 | Mem:0.00M, Peak:0.00M | Scene, ViewLayer | Synchronizing object | floor-yaletown-canada-lift-lower
Fra:1 Mem:17.01M (Peak 17.01M) | Time:00:00.00 | Mem:0.00M, Peak:0.00M | Scene, ViewLayer | Synchronizing object | floor-yaletown-canada-lift-corridor-3
Fra:1 Mem:17.01M (Peak 17.01M) | Time:00:00.00 | Mem:0.00M, Peak:0.00M | Scene, ViewLayer | Synchronizing object | floor-yaletown-canada-lift-corridor-2
Fra:1 Mem:17.01M (Peak 17.01M) | Time:00:00.00 | Mem:0.00M, Peak:0.00M | Scene, ViewLayer | Synchronizing object | floor-yaletown-canada-lift-corridor-1
Fra:1 Mem:17.01M (Peak 17.01M) | Time:00:00.00 | Mem:0.00M, Peak:0.00M | Scene, ViewLayer | Synchronizing object | floor-yaletown-canada-landing-4
Fra:1 Mem:17.02M (Peak 17.02M) | Time:00:00.00 | Mem:0.00M, Peak:0.00M | Scene, ViewLayer | Synchronizing object | floor-yaletown-canada-landing-3
Fra:1 Mem:17.02M (Peak 17.02M) | Time:00:00.00 | Mem:0.00M, Peak:0.00M | Scene, ViewLayer | Synchronizing object | floor-yaletown-canada-landing-2
Fra:1 Mem:17.02M (Peak 17.02M) | Time:00:00.00 | Mem:0.00M, Peak:0.00M | Scene, ViewLayer | Synchronizing object | floor-yaletown-canada-landing-1
Fra:1 Mem:17.02M (Peak 17.02M) | Time:00:00.00 | Mem:0.00M, Peak:0.00M | Scene, ViewLayer | Synchronizing object | floor-yaletown-canada-landing
Fra:1 Mem:17.03M (Peak 17.03M) | Time:00:00.00 | Mem:0.00M, Peak:0.00M | Scene, ViewLayer | Synchronizing object | floor-yaletown-canada
Fra:1 Mem:17.03M (Peak 17.03M) | Time:00:00.00 | Mem:0.00M, Peak:0.00M | Scene, ViewLayer | Synchronizing object | bridge-yaletown-canada-northbound-car1-door1
Fra:1 Mem:17.03M (Peak 17.03M) | Time:00:00.00 | Mem:0.00M, Peak:0.00M | Scene, ViewLayer | Synchronizing object | batch-trackbed-concrete
Fra:1 Mem:16.68M (Peak 17.03M) | Time:00:00.00 | Mem:0.00M, Peak:0.00M | Scene, ViewLayer | Synchronizing object | batch-static-yellow
Fra:1 Mem:16.73M (Peak 17.03M) | Time:00:00.00 | Mem:0.00M, Peak:0.00M | Scene, ViewLayer | Synchronizing object | batch-static-wood
Fra:1 Mem:16.76M (Peak 17.03M) | Time:00:00.00 | Mem:0.00M, Peak:0.00M | Scene, ViewLayer | Synchronizing object | batch-static-steel
Fra:1 Mem:16.76M (Peak 17.03M) | Time:00:00.00 | Mem:0.00M, Peak:0.00M | Scene, ViewLayer | Synchronizing object | batch-static-brick
Fra:1 Mem:16.72M (Peak 17.03M) | Time:00:00.00 | Mem:0.00M, Peak:0.00M | Scene, ViewLayer | Initializing
Fra:1 Mem:14.91M (Peak 17.03M) | Time:00:00.00 | Mem:0.00M, Peak:0.00M | Scene, ViewLayer | Waiting for render to start
Fra:1 Mem:14.91M (Peak 17.03M) | Time:00:00.00 | Mem:0.00M, Peak:0.00M | Scene, ViewLayer | Loading render kernels (may take a few minutes the first time)
Fra:1 Mem:14.91M (Peak 17.03M) | Time:00:00.00 | Mem:0.00M, Peak:0.00M | Scene, ViewLayer | Updating Scene
Fra:1 Mem:14.91M (Peak 17.03M) | Time:00:00.00 | Mem:0.00M, Peak:0.00M | Scene, ViewLayer | Updating Shaders
Fra:1 Mem:15.00M (Peak 17.03M) | Time:00:00.00 | Mem:0.01M, Peak:0.01M | Scene, ViewLayer | Updating Procedurals
Fra:1 Mem:15.00M (Peak 17.03M) | Time:00:00.00 | Mem:0.01M, Peak:0.01M | Scene, ViewLayer | Updating Background
Fra:1 Mem:15.00M (Peak 17.03M) | Time:00:00.00 | Mem:0.01M, Peak:0.01M | Scene, ViewLayer | Updating Camera
Fra:1 Mem:15.00M (Peak 17.03M) | Time:00:00.00 | Mem:0.01M, Peak:0.01M | Scene, ViewLayer | Updating Meshes Flags
Fra:1 Mem:15.00M (Peak 17.03M) | Time:00:00.00 | Mem:0.01M, Peak:0.01M | Scene, ViewLayer | Updating Objects
Fra:1 Mem:15.00M (Peak 17.03M) | Time:00:00.00 | Mem:0.01M, Peak:0.01M | Scene, ViewLayer | Updating Objects | Copying Transformations to device
Fra:1 Mem:15.01M (Peak 17.03M) | Time:00:00.00 | Mem:0.02M, Peak:0.02M | Scene, ViewLayer | Updating Objects | Applying Static Transformations
Fra:1 Mem:15.01M (Peak 17.03M) | Time:00:00.00 | Mem:0.02M, Peak:0.02M | Scene, ViewLayer | Updating Particle Systems
Fra:1 Mem:15.01M (Peak 17.03M) | Time:00:00.00 | Mem:0.02M, Peak:0.02M | Scene, ViewLayer | Updating Particle Systems | Copying Particles to device
Fra:1 Mem:15.01M (Peak 17.03M) | Time:00:00.00 | Mem:0.02M, Peak:0.02M | Scene, ViewLayer | Updating Meshes
Fra:1 Mem:15.04M (Peak 17.03M) | Time:00:00.00 | Mem:0.02M, Peak:0.02M | Scene, ViewLayer | Updating Mesh | Computing attributes
Fra:1 Mem:15.11M (Peak 17.03M) | Time:00:00.00 | Mem:0.02M, Peak:0.02M | Scene, ViewLayer | Updating Mesh | Copying Attributes to device
Fra:1 Mem:15.11M (Peak 17.03M) | Time:00:00.00 | Mem:0.08M, Peak:0.08M | Scene, ViewLayer | Updating Geometry BVH shared-threshold-bridge-canada 1/1 | Building BVH
Fra:1 Mem:15.11M (Peak 17.03M) | Time:00:00.00 | Mem:0.09M, Peak:0.09M | Scene, ViewLayer | Updating Geometry BVH shared-threshold-bridge-canada 1/1 | Building BVH 0%
Fra:1 Mem:15.11M (Peak 17.03M) | Time:00:00.00 | Mem:0.09M, Peak:0.09M | Scene, ViewLayer | Updating Scene BVH | Building
Fra:1 Mem:15.11M (Peak 17.03M) | Time:00:00.00 | Mem:0.09M, Peak:0.09M | Scene, ViewLayer | Updating Scene BVH | Building BVH
Fra:1 Mem:15.11M (Peak 17.03M) | Time:00:00.00 | Mem:0.23M, Peak:0.30M | Scene, ViewLayer | Updating Scene BVH | Copying BVH to device
Fra:1 Mem:15.11M (Peak 17.03M) | Time:00:00.00 | Mem:0.23M, Peak:0.30M | Scene, ViewLayer | Updating Mesh | Computing normals
Fra:1 Mem:15.33M (Peak 17.03M) | Time:00:00.00 | Mem:0.23M, Peak:0.30M | Scene, ViewLayer | Updating Mesh | Copying Mesh to device
Fra:1 Mem:15.33M (Peak 17.03M) | Time:00:00.00 | Mem:0.45M, Peak:0.45M | Scene, ViewLayer | Updating Objects Flags
Fra:1 Mem:15.33M (Peak 17.03M) | Time:00:00.00 | Mem:0.45M, Peak:0.45M | Scene, ViewLayer | Updating Primitive Offsets
Fra:1 Mem:15.33M (Peak 17.03M) | Time:00:00.00 | Mem:0.45M, Peak:0.45M | Scene, ViewLayer | Updating Images
Fra:1 Mem:15.33M (Peak 17.03M) | Time:00:00.00 | Mem:0.45M, Peak:0.45M | Scene, ViewLayer | Updating Camera Volume
Fra:1 Mem:15.33M (Peak 17.03M) | Time:00:00.00 | Mem:0.45M, Peak:0.45M | Scene, ViewLayer | Updating Lookup Tables
Fra:1 Mem:15.33M (Peak 17.03M) | Time:00:00.00 | Mem:0.53M, Peak:0.53M | Scene, ViewLayer | Updating Lights
Fra:1 Mem:15.33M (Peak 17.03M) | Time:00:00.00 | Mem:0.53M, Peak:0.53M | Scene, ViewLayer | Updating Lights | Computing tree
Fra:1 Mem:15.33M (Peak 17.03M) | Time:00:00.00 | Mem:0.53M, Peak:0.53M | Scene, ViewLayer | Updating Integrator
Fra:1 Mem:15.33M (Peak 17.03M) | Time:00:00.00 | Mem:0.53M, Peak:0.53M | Scene, ViewLayer | Updating Film
Fra:1 Mem:15.33M (Peak 17.03M) | Time:00:00.00 | Mem:0.45M, Peak:0.53M | Scene, ViewLayer | Updating Lookup Tables
Fra:1 Mem:15.33M (Peak 17.03M) | Time:00:00.00 | Mem:0.54M, Peak:0.54M | Scene, ViewLayer | Updating Baking
Fra:1 Mem:15.33M (Peak 17.03M) | Time:00:00.00 | Mem:0.54M, Peak:0.54M | Scene, ViewLayer | Updating Device | Writing constant memory
Fra:1 Mem:15.33M (Peak 17.03M) | Time:00:00.00 | Mem:0.54M, Peak:0.54M | Scene, ViewLayer | Sample 0/20
Fra:1 Mem:41.78M (Peak 41.78M) | Time:00:00.15 | Remaining:00:02.74 | Mem:26.97M, Peak:26.97M | Scene, ViewLayer | Sample 1/20
Fra:1 Mem:53.53M (Peak 77.03M) | Time:00:02.62 | Mem:26.97M, Peak:26.97M | Scene, ViewLayer | Sample 20/20
Fra:1 Mem:53.53M (Peak 77.03M) | Time:00:02.62 | Mem:26.97M, Peak:26.97M | Scene, ViewLayer | Finished
Saved: '/workspace/scratch/7c20b5ba4165/atlas-stage2-recovery/tools/assets/skytrain-stations-stage2/qa/previews/yaletown-roundhouse-cutaway.png'
Time: 00:02.76 (Saving: 00:00.13)

Fra:1 Mem:16.41M (Peak 16.41M) | Time:00:00.00 | Mem:0.00M, Peak:0.00M | Scene, ViewLayer | Synchronizing object | batch-lift-shaft-steel
Fra:1 Mem:16.42M (Peak 16.42M) | Time:00:00.00 | Mem:0.00M, Peak:0.00M | Scene, ViewLayer | Synchronizing object | batch-rail-steel
Fra:1 Mem:16.50M (Peak 16.50M) | Time:00:00.00 | Mem:0.00M, Peak:0.00M | Scene, ViewLayer | Synchronizing object | qa-human-head
Fra:1 Mem:16.53M (Peak 16.53M) | Time:00:00.00 | Mem:0.00M, Peak:0.00M | Scene, ViewLayer | Synchronizing object | qa-human-leg2
Fra:1 Mem:16.59M (Peak 16.59M) | Time:00:00.00 | Mem:0.00M, Peak:0.00M | Scene, ViewLayer | Synchronizing object | qa-human-leg1
Fra:1 Mem:16.59M (Peak 16.59M) | Time:00:00.00 | Mem:0.00M, Peak:0.00M | Scene, ViewLayer | Synchronizing object | qa-human-body
Fra:1 Mem:16.59M (Peak 16.59M) | Time:00:00.00 | Mem:0.00M, Peak:0.00M | Scene, ViewLayer | Synchronizing object | floor-yaletown-canada-lift-upper
Fra:1 Mem:16.50M (Peak 16.59M) | Time:00:00.00 | Mem:0.00M, Peak:0.00M | Scene, ViewLayer | Synchronizing object | batch-sign-canada
Fra:1 Mem:16.50M (Peak 16.59M) | Time:00:00.00 | Mem:0.00M, Peak:0.00M | Scene, ViewLayer | Synchronizing object | floor-yaletown-canada-lift-top
Fra:1 Mem:16.50M (Peak 16.59M) | Time:00:00.00 | Mem:0.00M, Peak:0.00M | Scene, ViewLayer | Synchronizing object | batch-stair-tread-concrete
Fra:1 Mem:16.50M (Peak 16.59M) | Time:00:00.00 | Mem:0.00M, Peak:0.00M | Scene, ViewLayer | Synchronizing object | floor-yaletown-canada-lift-side
Fra:1 Mem:16.54M (Peak 16.59M) | Time:00:00.00 | Mem:0.00M, Peak:0.00M | Scene, ViewLayer | Synchronizing object | floor-yaletown-canada-lift-mid-3
Fra:1 Mem:16.93M (Peak 16.93M) | Time:00:00.00 | Mem:0.00M, Peak:0.00M | Scene, ViewLayer | Synchronizing object | floor-yaletown-canada-lift-mid-2
Fra:1 Mem:16.93M (Peak 16.93M) | Time:00:00.00 | Mem:0.00M, Peak:0.00M | Scene, ViewLayer | Synchronizing object | floor-yaletown-canada-lift-mid-1
Fra:1 Mem:16.93M (Peak 16.93M) | Time:00:00.00 | Mem:0.00M, Peak:0.00M | Scene, ViewLayer | Synchronizing object | floor-yaletown-canada-lift-lower
Fra:1 Mem:16.71M (Peak 16.93M) | Time:00:00.00 | Mem:0.00M, Peak:0.00M | Scene, ViewLayer | Synchronizing object | floor-yaletown-canada-lift-corridor-3
Fra:1 Mem:16.93M (Peak 16.93M) | Time:00:00.00 | Mem:0.00M, Peak:0.00M | Scene, ViewLayer | Synchronizing object | floor-yaletown-canada-lift-corridor-2
Fra:1 Mem:16.93M (Peak 16.93M) | Time:00:00.00 | Mem:0.00M, Peak:0.00M | Scene, ViewLayer | Synchronizing object | floor-yaletown-canada-lift-corridor-1
Fra:1 Mem:16.93M (Peak 16.93M) | Time:00:00.00 | Mem:0.00M, Peak:0.00M | Scene, ViewLayer | Synchronizing object | floor-yaletown-canada-landing-4
Fra:1 Mem:16.93M (Peak 16.93M) | Time:00:00.00 | Mem:0.00M, Peak:0.00M | Scene, ViewLayer | Synchronizing object | floor-yaletown-canada-landing-3
Fra:1 Mem:16.93M (Peak 16.93M) | Time:00:00.00 | Mem:0.00M, Peak:0.00M | Scene, ViewLayer | Synchronizing object | floor-yaletown-canada-landing-2
Fra:1 Mem:16.74M (Peak 16.93M) | Time:00:00.00 | Mem:0.00M, Peak:0.00M | Scene, ViewLayer | Synchronizing object | floor-yaletown-canada-landing-1
Fra:1 Mem:16.70M (Peak 16.93M) | Time:00:00.00 | Mem:0.00M, Peak:0.00M | Scene, ViewLayer | Synchronizing object | batch-static-brick
Fra:1 Mem:16.69M (Peak 16.93M) | Time:00:00.00 | Mem:0.00M, Peak:0.00M | Scene, ViewLayer | Synchronizing object | floor-yaletown-canada-landing
Fra:1 Mem:16.70M (Peak 16.93M) | Time:00:00.00 | Mem:0.00M, Peak:0.00M | Scene, ViewLayer | Synchronizing object | floor-yaletown-canada
Fra:1 Mem:16.71M (Peak 16.93M) | Time:00:00.00 | Mem:0.00M, Peak:0.00M | Scene, ViewLayer | Synchronizing object | batch-static-steel
Fra:1 Mem:16.70M (Peak 16.93M) | Time:00:00.00 | Mem:0.00M, Peak:0.00M | Scene, ViewLayer | Synchronizing object | bridge-yaletown-canada-northbound-car1-door1
Fra:1 Mem:16.72M (Peak 16.93M) | Time:00:00.00 | Mem:0.00M, Peak:0.00M | Scene, ViewLayer | Synchronizing object | batch-trackbed-concrete
Fra:1 Mem:16.71M (Peak 16.93M) | Time:00:00.00 | Mem:0.00M, Peak:0.00M | Scene, ViewLayer | Synchronizing object | batch-static-wood
Fra:1 Mem:16.72M (Peak 16.93M) | Time:00:00.00 | Mem:0.00M, Peak:0.00M | Scene, ViewLayer | Synchronizing object | batch-static-yellow
Fra:1 Mem:16.72M (Peak 16.93M) | Time:00:00.00 | Mem:0.00M, Peak:0.00M | Scene, ViewLayer | Initializing
Fra:1 Mem:14.91M (Peak 16.93M) | Time:00:00.00 | Mem:0.00M, Peak:0.00M | Scene, ViewLayer | Waiting for render to start
Fra:1 Mem:14.91M (Peak 16.93M) | Time:00:00.00 | Mem:0.00M, Peak:0.00M | Scene, ViewLayer | Loading render kernels (may take a few minutes the first time)
Fra:1 Mem:14.91M (Peak 16.93M) | Time:00:00.00 | Mem:0.00M, Peak:0.00M | Scene, ViewLayer | Updating Scene
Fra:1 Mem:14.91M (Peak 16.93M) | Time:00:00.00 | Mem:0.00M, Peak:0.00M | Scene, ViewLayer | Updating Shaders
Fra:1 Mem:15.00M (Peak 16.93M) | Time:00:00.00 | Mem:0.01M, Peak:0.01M | Scene, ViewLayer | Updating Procedurals
Fra:1 Mem:15.00M (Peak 16.93M) | Time:00:00.00 | Mem:0.01M, Peak:0.01M | Scene, ViewLayer | Updating Background
Fra:1 Mem:15.00M (Peak 16.93M) | Time:00:00.00 | Mem:0.01M, Peak:0.01M | Scene, ViewLayer | Updating Camera
Fra:1 Mem:15.00M (Peak 16.93M) | Time:00:00.00 | Mem:0.01M, Peak:0.01M | Scene, ViewLayer | Updating Meshes Flags
Fra:1 Mem:15.00M (Peak 16.93M) | Time:00:00.00 | Mem:0.01M, Peak:0.01M | Scene, ViewLayer | Updating Objects
Fra:1 Mem:15.00M (Peak 16.93M) | Time:00:00.00 | Mem:0.01M, Peak:0.01M | Scene, ViewLayer | Updating Objects | Copying Transformations to device
Fra:1 Mem:15.01M (Peak 16.93M) | Time:00:00.00 | Mem:0.02M, Peak:0.02M | Scene, ViewLayer | Updating Objects | Applying Static Transformations
Fra:1 Mem:15.01M (Peak 16.93M) | Time:00:00.00 | Mem:0.02M, Peak:0.02M | Scene, ViewLayer | Updating Particle Systems
Fra:1 Mem:15.01M (Peak 16.93M) | Time:00:00.00 | Mem:0.02M, Peak:0.02M | Scene, ViewLayer | Updating Particle Systems | Copying Particles to device
Fra:1 Mem:15.01M (Peak 16.93M) | Time:00:00.00 | Mem:0.02M, Peak:0.02M | Scene, ViewLayer | Updating Meshes
Fra:1 Mem:15.04M (Peak 16.93M) | Time:00:00.00 | Mem:0.02M, Peak:0.02M | Scene, ViewLayer | Updating Mesh | Computing attributes
Fra:1 Mem:15.11M (Peak 16.93M) | Time:00:00.00 | Mem:0.02M, Peak:0.02M | Scene, ViewLayer | Updating Mesh | Copying Attributes to device
Fra:1 Mem:15.11M (Peak 16.93M) | Time:00:00.00 | Mem:0.08M, Peak:0.08M | Scene, ViewLayer | Updating Geometry BVH shared-threshold-bridge-canada 1/1 | Building BVH
Fra:1 Mem:15.11M (Peak 16.93M) | Time:00:00.00 | Mem:0.09M, Peak:0.09M | Scene, ViewLayer | Updating Geometry BVH shared-threshold-bridge-canada 1/1 | Building BVH 0%
Fra:1 Mem:15.11M (Peak 16.93M) | Time:00:00.00 | Mem:0.09M, Peak:0.09M | Scene, ViewLayer | Updating Scene BVH | Building
Fra:1 Mem:15.11M (Peak 16.93M) | Time:00:00.00 | Mem:0.09M, Peak:0.09M | Scene, ViewLayer | Updating Scene BVH | Building BVH
Fra:1 Mem:15.11M (Peak 16.93M) | Time:00:00.00 | Mem:0.23M, Peak:0.30M | Scene, ViewLayer | Updating Scene BVH | Copying BVH to device
Fra:1 Mem:15.11M (Peak 16.93M) | Time:00:00.00 | Mem:0.23M, Peak:0.30M | Scene, ViewLayer | Updating Mesh | Computing normals
Fra:1 Mem:15.33M (Peak 16.93M) | Time:00:00.00 | Mem:0.23M, Peak:0.30M | Scene, ViewLayer | Updating Mesh | Copying Mesh to device
Fra:1 Mem:15.33M (Peak 16.93M) | Time:00:00.00 | Mem:0.45M, Peak:0.45M | Scene, ViewLayer | Updating Objects Flags
Fra:1 Mem:15.33M (Peak 16.93M) | Time:00:00.00 | Mem:0.45M, Peak:0.45M | Scene, ViewLayer | Updating Primitive Offsets
Fra:1 Mem:15.33M (Peak 16.93M) | Time:00:00.00 | Mem:0.45M, Peak:0.45M | Scene, ViewLayer | Updating Images
Fra:1 Mem:15.33M (Peak 16.93M) | Time:00:00.00 | Mem:0.45M, Peak:0.45M | Scene, ViewLayer | Updating Camera Volume
Fra:1 Mem:15.33M (Peak 16.93M) | Time:00:00.00 | Mem:0.45M, Peak:0.45M | Scene, ViewLayer | Updating Lookup Tables
Fra:1 Mem:15.33M (Peak 16.93M) | Time:00:00.00 | Mem:0.53M, Peak:0.53M | Scene, ViewLayer | Updating Lights
Fra:1 Mem:15.33M (Peak 16.93M) | Time:00:00.00 | Mem:0.53M, Peak:0.53M | Scene, ViewLayer | Updating Lights | Computing tree
Fra:1 Mem:15.33M (Peak 16.93M) | Time:00:00.00 | Mem:0.53M, Peak:0.53M | Scene, ViewLayer | Updating Integrator
Fra:1 Mem:15.33M (Peak 16.93M) | Time:00:00.00 | Mem:0.53M, Peak:0.53M | Scene, ViewLayer | Updating Film
Fra:1 Mem:15.33M (Peak 16.93M) | Time:00:00.00 | Mem:0.45M, Peak:0.53M | Scene, ViewLayer | Updating Lookup Tables
Fra:1 Mem:15.33M (Peak 16.93M) | Time:00:00.00 | Mem:0.54M, Peak:0.54M | Scene, ViewLayer | Updating Baking
Fra:1 Mem:15.33M (Peak 16.93M) | Time:00:00.00 | Mem:0.54M, Peak:0.54M | Scene, ViewLayer | Updating Device | Writing constant memory
Fra:1 Mem:15.33M (Peak 16.93M) | Time:00:00.00 | Mem:0.54M, Peak:0.54M | Scene, ViewLayer | Sample 0/20
Fra:1 Mem:35.12M (Peak 35.12M) | Time:00:00.24 | Remaining:00:04.57 | Mem:20.31M, Peak:20.31M | Scene, ViewLayer | Sample 1/20
Fra:1 Mem:43.91M (Peak 61.49M) | Time:00:04.72 | Mem:20.31M, Peak:20.31M | Scene, ViewLayer | Sample 20/20
Fra:1 Mem:43.91M (Peak 61.49M) | Time:00:04.72 | Mem:20.31M, Peak:20.31M | Scene, ViewLayer | Finished
Saved: '/workspace/scratch/7c20b5ba4165/atlas-stage2-recovery/tools/assets/skytrain-stations-stage2/qa/previews/yaletown-roundhouse-platform.png'
Time: 00:04.85 (Saving: 00:00.12)


Blender quit
